-6.9901910867e-02 -4.4855192300e-02 -4.2286337626e-03
-8.9701720571e-02 -6.6616584689e-02 -7.0095301155e-03
-1.2424913818e-01 -6.5657586389e-02 -5.5851417023e-02
-1.8404174511e-01 -7.1872293377e-02 -1.4928822722e-01
-2.0435715894e-01 -1.0138256867e-01 -1.9344379681e-01
-2.0952788045e-01 -1.2484268572e-01 -2.0898491896e-01
-1.9805941503e-01 -1.4017374339e-01 -1.9122077201e-01
-1.9579919430e-01 -1.3284862704e-01 -2.1768861897e-01
-1.6812949484e-01 -1.3940061118e-01 -1.4445113588e-01
-1.8622297406e-01 -1.6381835950e-01 -9.9373509264e-02
-2.6176193071e-01 -2.0102440396e-01 -5.9776529240e-02
-2.6183472629e-01 -2.2286065520e-01 -6.4412240053e-03
-2.4166952986e-01 -2.0323002012e-01 2.1799947895e-02
-1.6676938372e-01 -2.0487509318e-01 -5.6550343131e-03
-1.5536711195e-01 -1.8453195004e-01 -2.6740836903e-04
-6.0923302401e-02 -3.6964597738e-02 5.4309661020e-03
-8.4624507619e-02 -4.8822128120e-02 -2.1759655774e-02
-1.2501673586e-01 -5.2406178394e-02 -7.2489292001e-02
-1.9248755109e-01 -6.6713229785e-02 -1.9464548278e-01
-2.0285631399e-01 -7.7160515313e-02 -2.1036433392e-01
-1.7241950543e-01 -4.3715585463e-02 -2.1143012550e-01
-6.6977493301e-02 7.8886786088e-02 -1.4058304224e-01
5.6938900987e-02 2.1530554932e-01 -1.5679929692e-01
9.2244533843e-02 2.4825281900e-01 -1.5070281032e-01
-4.0516945078e-02 7.5698016012e-02 -1.5719540347e-01
-2.1828035424e-01 -1.3120127616e-01 -9.4261338516e-02
-2.2833155532e-01 -2.1070054665e-01 -7.9920456977e-03
-2.2158500538e-01 -2.0415028918e-01 2.9335234013e-02
-1.5497721671e-01 -2.0838390256e-01 -1.0222142432e-02
-1.3378717495e-01 -2.0780041855e-01 -2.1406029800e-02
-5.8264887940e-02 -4.8593660728e-02 8.1981348471e-03
-8.7235707404e-02 -6.8257852002e-02 -2.2378929941e-02
-1.3820170859e-01 -8.3377234834e-02 -8.5471193694e-02
-1.9055561624e-01 -8.3449007118e-02 -2.0506586201e-01
-1.5132465007e-01 -2.2954983216e-02 -1.7931477080e-01
-2.8709080816e-02 1.9970757295e-01 -1.1241345797e-01
1.6664689127e-01 5.7506057777e-01 -5.9661853385e-03
2.8726080926e-01 8.0562031788e-01 -9.0836568761e-02
2.5602368949e-01 7.3333646917e-01 -2.0269037481e-01
2.9392365326e-02 3.1407315826e-01 -2.0623351776e-01
-1.9188177980e-01 -9.8914031114e-02 -1.7636636347e-01
-2.2184824719e-01 -2.0315384550e-01 -8.1515569410e-02
-2.0937968816e-01 -2.1188592507e-01 -1.4761333353e-02
-1.4591022802e-01 -2.0852185563e-01 -3.8493837951e-02
-1.3108304548e-01 -1.9938567628e-01 -3.5983142369e-02
-4.6415953657e-02 -4.0632951065e-02 -2.5520472180e-02
-7.8124928815e-02 -7.4838379741e-02 -7.5928916363e-02
-1.1702967619e-01 -8.4646558018e-02 -1.4391273077e-01
-1.3876625284e-01 -1.0041784246e-02 -2.0327542120e-01
-1.2579761137e-02 2.6329319668e-01 -9.1130348603e-02
1.3545226681e-01 6.4428083530e-01 1.3823353262e-02
2.4619673594e-01 1.0021800600e+00 4.8744454057e-02
1.9126255774e-01 9.6399902889e-01 -1.2781336981e-01
8.7792654558e-02 6.1241960991e-01 -2.4141224907e-01
-6.3149420887e-02 1.1742766607e-01 -1.8137168631e-01
-1.8152522491e-01 -2.2174584988e-01 -1.5412535105e-01
-1.8005155003e-01 -1.9077100246e-01 -1.1838284155e-01
-1.7091090929e-01 -1.8448000035e-01 -3.2804120804e-02
-1.1906211987e-01 -1.8255511243e-01 -4.8233564478e-02
-9.8963435395e-02 -1.7526250936e-01 -3.5045613084e-02
-6.3953356663e-02 -6.9000118228e-02 -6.2197755377e-02
-8.7050307962e-02 -9.8158205476e-02 -9.5653998234e-02
-1.0955188216e-01 -8.4541954438e-02 -1.2972636819e-01
-8.1681629039e-02 1.2213041591e-01 -7.8459675954e-02
7.5243174473e-02 6.3038532250e-01 1.3074801534e-01
1.4823984122e-01 9.7936845479e-01 1.6041509926e-01
1.4365122352e-01 1.0849786611e+00 7.7854915965e-02
6.9426654162e-02 8.2949086712e-01 -1.2164211853e-01
-5.0232974716e-03 2.0626189397e-01 -1.7769416751e-01
-9.0968828212e-02 -2.4676072278e-01 -1.0511701684e-01
-1.4769813917e-01 -3.5140494474e-01 -7.0853416084e-02
-1.3844377113e-01 -1.8831047336e-01 -4.4653485106e-02
-1.0649748267e-01 -1.6797791015e-01 1.4535776676e-02
-7.8435018050e-02 -1.6116551733e-01 -7.4544896434e-03
-6.8641605086e-02 -1.5104067285e-01 -1.2470209277e-02
-7.4920808334e-02 -7.3880506128e-02 -1.0614254732e-01
-9.7634380393e-02 -1.0617599408e-01 -1.4389877887e-01
-1.2900484687e-01 -7.2547476982e-02 -1.5272851935e-01
-1.4358113828e-01 2.4621535428e-01 -2.0665630329e-02
-9.6293761347e-02 9.1330191186e-01 2.0475532466e-01
-7.8644254866e-02 1.1175351075e+00 1.4549460935e-01
-9.6761919775e-02 9.7178466804e-01 9.2407084371e-03
-9.1894315911e-02 7.0345058889e-01 -1.1143128214e-01
-9.5845323572e-02 3.0232212449e-02 -1.0018917366e-01
-4.6368585528e-02 -4.7876730488e-01 -4.2234962420e-02
-3.5447834380e-02 -4.2726582936e-01 -1.0685572471e-01
-1.1648955001e-01 -1.3452824912e-01 -7.7747837940e-02
-1.1313677989e-01 -1.3294402030e-01 2.2234541031e-02
-8.5146088197e-02 -1.3839961277e-01 -1.4429625945e-02
-6.8483330857e-02 -1.2230142435e-01 -1.2965053688e-02
-9.5150768457e-02 -8.3494646454e-02 -1.2521218984e-01
-1.1084987189e-01 -1.0989069419e-01 -1.5152936910e-01
-1.4190608024e-01 -8.1198952253e-02 -1.5344097723e-01
-2.2241018219e-01 2.5664023445e-01 7.5795670001e-03
-3.4438062781e-01 9.4691107288e-01 2.1196742722e-01
-3.7147745071e-01 1.1132376226e+00 1.3397515918e-01
-2.6097762438e-01 8.4130248424e-01 8.9469587208e-03
-1.7508640351e-01 6.2594719833e-01 -9.0287853584e-02
-1.5245210089e-01 1.3436941002e-01 -4.1357618750e-02
-5.5610060955e-02 -4.9030439211e-01 1.1449419835e-01
6.5843862801e-02 -5.0416761171e-01 8.4065285538e-02
-4.4092199021e-02 -1.6578606328e-01 2.2093157087e-02
-7.7307504115e-02 -1.3066872409e-01 6.0691449235e-02
-5.7345842137e-02 -1.3959496150e-01 1.9147752175e-02
-4.6619339258e-02 -1.3010844139e-01 1.0750589900e-02
-8.2579166493e-02 -6.8520804805e-02 -1.0337644460e-01
-9.5428570440e-02 -9.9834754402e-02 -1.2259835575e-01
-1.2563467124e-01 -1.0663245920e-01 -1.6001281065e-01
-2.2548729875e-01 5.5330085893e-02 -9.9602738273e-02
-3.1082075571e-01 4.4374025505e-01 4.9485090851e-02
-5.3406761406e-02 7.7742773039e-01 1.8904373499e-01
4.7291905355e-01 8.8487109505e-01 1.3945127435e-01
7.4429962459e-01 7.7383473714e-01 -1.2568596293e-01
5.9357527078e-01 5.3903041414e-01 -3.0677185737e-01
2.4608955437e-01 4.1159464282e-02 -1.6635726654e-01
1.0341918747e-01 -1.8520320131e-01 3.5083050463e-02
-4.1706224638e-03 -7.3475319343e-02 -1.0685862751e-02
-9.5781725563e-02 -1.2386402303e-01 3.6001452771e-02
-8.1636739261e-02 -1.3453284269e-01 7.8182485348e-03
-6.3621507980e-02 -1.2139330109e-01 8.6016968618e-03
-5.8650376222e-02 -7.1040944446e-02 -7.6332902172e-02
-6.9384550253e-02 -8.8640275154e-02 -9.6606204635e-02
-8.1007449109e-02 -1.0412249511e-01 -1.4108086558e-01
-1.1624774601e-01 -7.9124059101e-02 -1.5283567923e-01
-8.2148752805e-02 2.3731305662e-01 9.6471044173e-02
1.5389659424e-01 1.3248813537e+00 7.2279868707e-01
7.2739139468e-01 2.3658682662e+00 8.1499904507e-01
1.1413234850e+00 2.4337677635e+00 5.8471017760e-02
1.2204259564e+00 2.2853975059e+00 -8.2389379160e-01
8.6848296903e-01 1.4535781261e+00 -1.0606534689e+00
5.3325248601e-01 7.7768012978e-01 -3.3770838171e-01
2.7844288800e-01 4.3619942340e-01 -2.5928943426e-01
-3.4378665956e-02 -8.9733124152e-02 -2.5512003243e-03
-4.5031267102e-02 -1.4653548949e-01 2.4946308173e-02
-3.4958681086e-02 -1.3164640374e-01 1.0683139933e-02
-2.3439335609e-02 -6.8683649871e-02 -2.2512730760e-02
-3.0604332723e-02 -7.9037958151e-02 -2.4748228494e-02
-4.2210276394e-02 -8.5458105213e-02 -6.2834401018e-02
-7.7188945053e-02 -7.7511713324e-02 -1.0657982146e-01
-1.6271924649e-01 1.4852626226e-01 8.8556369839e-02
-5.4533171239e-01 1.0565802509e+00 6.7544068116e-01
-9.2201493458e-01 2.3871169363e+00 1.1152306436e+00
-7.1852540466e-01 2.8614706634e+00 4.2150017205e-01
-4.1150136681e-01 3.0115767537e+00 -7.3478180039e-01
-3.5356713995e-01 2.0029172995e+00 -1.2787781395e+00
-3.6037344960e-02 1.1746800301e+00 -5.6367673788e-01
1.2673563796e-01 8.2518030385e-01 -3.8348808577e-01
-5.3916033832e-02 -8.2534199294e-02 -3.5026850669e-02
-3.2151441488e-02 -1.5173355851e-01 2.0454174822e-02
-3.6746658201e-02 -1.2542557750e-01 -3.7046376129e-03
-7.1991068220e-03 -6.8627030536e-02 -1.7039936767e-02
-1.3844790340e-02 -7.3662857286e-02 -3.3720638560e-02
-2.8201735066e-02 -7.3512778992e-02 -6.6804638426e-02
-4.9346326211e-02 -7.6585913113e-02 -1.2863936601e-01
-1.0529556961e-01 -2.0121057794e-02 -8.1553330318e-02
-3.9613458610e-01 3.0478252599e-01 1.6630704553e-01
-1.1484804570e+00 1.1194222206e+00 6.0609313797e-01
-1.7161758623e+00 1.8571976029e+00 4.4319852842e-01
-1.5781197641e+00 2.1768693504e+00 -2.5949928881e-01
-1.0145510694e+00 1.1334786523e+00 -6.3801741628e-01
-3.5140913196e-01 8.6442389416e-01 -3.3963549413e-01
-7.8051035362e-02 7.1675617406e-01 -3.2359247669e-01
-5.0184640122e-02 -8.9603136827e-02 -3.8544807283e-02
-2.0366786857e-02 -1.3883762793e-01 -2.0356230278e-03
-2.7135738918e-02 -1.3005109978e-01 -2.2844292863e-02
-7.1764536538e-03 -7.2283382043e-02 -5.5259646284e-04
-1.2986098652e-02 -7.9894870407e-02 -9.2262795883e-03
-3.2636074696e-02 -7.8615878639e-02 -4.6030919105e-02
-4.9620032187e-02 -8.1897207180e-02 -1.1883610101e-01
-5.4192366176e-02 -8.4581208933e-02 -1.1248052732e-01
-1.0995089448e-01 -3.4054916921e-02 -8.3220776922e-02
-3.4238405211e-01 1.9283285430e-01 7.2148742362e-02
-8.1409035607e-01 5.6805137510e-01 1.8211096512e-01
-1.0305733389e+00 9.1697268175e-01 8.2679281309e-02
-6.3050672162e-01 6.8182775074e-01 -1.0823997300e-01
-2.5190552858e-01 5.8222160663e-01 -1.3706854701e-01
-1.3116426316e-01 4.2055033048e-01 -1.7215147312e-01
-2.8869610645e-02 -1.0987808779e-01 -1.2498355345e-02
-1.3242999170e-02 -1.3826098427e-01 -3.5385022512e-03
-2.0765712378e-02 -1.2461925506e-01 -1.4751610949e-02
1.9748030747e-03 -6.6857082585e-02 -1.2630824946e-02
-6.4621351658e-03 -7.8461341698e-02 -3.0524195617e-02
-2.1501313529e-02 -8.0390047813e-02 -7.5707227141e-02
-4.1930439678e-02 -8.1052221652e-02 -1.3440461113e-01
-4.0802788170e-02 -8.3491889447e-02 -1.2928670914e-01
-2.8790926469e-02 -9.1946741692e-02 -1.3661068659e-01
-3.6648195563e-02 -6.9627735728e-02 -1.1952463258e-01
-1.2198112926e-01 9.3877134640e-03 -5.4237750628e-02
-2.6438939102e-01 1.5561826809e-01 2.7252814167e-02
-2.4084131056e-01 1.6971266570e-01 2.3543220259e-02
-1.7375243011e-01 2.2891838239e-01 -8.8298990475e-02
-1.2993926385e-01 1.8577616136e-01 -1.0499773323e-01
-3.0340359397e-02 -1.1436316206e-01 -1.0312910653e-02
-1.5851821677e-02 -1.2559238106e-01 -1.7735426657e-02
-1.9399257029e-02 -1.0970998932e-01 -1.8506131650e-02
-5.0756685040e-03 -7.1475354930e-02 -3.2884234244e-02
-8.9188124817e-03 -7.9604492430e-02 -4.2058404215e-02
-1.8604607474e-02 -8.0687361034e-02 -7.1332041030e-02
-2.4989040265e-02 -8.2933661113e-02 -1.0571863561e-01
-2.2642365944e-02 -8.7975016195e-02 -8.9820454370e-02
-2.2551308474e-02 -9.3457039073e-02 -1.1216324297e-01
-1.3202820821e-03 -8.9919162282e-02 -1.1506947447e-01
-1.7843774255e-03 -8.5700199810e-02 -1.1240263060e-01
-2.4844595931e-02 -6.8322253872e-02 -4.9241701674e-02
-5.2067737519e-02 -4.5436165647e-02 -2.6143949777e-02
-7.0270420166e-02 1.5676874029e-02 -3.9913717567e-02
-4.9301378913e-02 -1.5180176591e-02 -2.3596184646e-02
5.2244599423e-03 -1.1205343482e-01 3.2789425498e-02
7.7089300709e-03 -1.1571852105e-01 7.7733488814e-03
3.0169288566e-04 -9.8190440642e-02 1.2873021494e-03
-5.0778778568e-03 -7.4116685446e-02 -5.5908197918e-02
-9.7800841406e-03 -8.2383179311e-02 -6.5510450756e-02
-1.6700602586e-02 -8.6180560479e-02 -7.9868009708e-02
-2.6819682306e-02 -9.1058872344e-02 -1.0797398553e-01
-3.4408387500e-02 -9.5796418743e-02 -9.8169841100e-02
-2.4840496514e-02 -9.8145461546e-02 -1.2177236568e-01
-8.1847009446e-03 -9.1765893249e-02 -1.2430393479e-01
2.6404848191e-03 -9.1102557210e-02 -1.1758727245e-01
-6.5881037224e-03 -9.8293149981e-02 -7.0395658588e-02
-2.0200918164e-02 -1.0321150579e-01 -6.0773676010e-02
-2.2919080948e-02 -9.6484657741e-02 -3.1830512025e-02
-3.7735736897e-03 -1.1065112162e-01 1.7556743963e-02
-5.2330301536e-03 -1.0480377526e-01 4.8972972301e-02
-1.4370496466e-03 -1.0091051397e-01 1.5132144604e-02
-9.5200292460e-03 -7.8647734325e-02 1.5685766918e-03
-1.5142872923e-02 -7.6115998141e-02 -8.8887946253e-02
-1.3397823653e-02 -8.5253720352e-02 -9.1601616643e-02
-2.0027649933e-02 -8.3799317053e-02 -9.0764092176e-02
-2.6859814662e-02 -9.4692111567e-02 -1.1625551449e-01
-3.7941649461e-02 -9.9920036692e-02 -1.1779665622e-01
-2.9255206761e-02 -1.1235968086e-01 -1.3587957912e-01
-6.0288436885e-03 -1.0441695547e-01 -1.3000030394e-01
7.3751359016e-03 -1.0219671221e-01 -1.1740737438e-01
7.9559252429e-03 -1.0446859742e-01 -6.9572459926e-02
4.9195347912e-03 -1.1547855395e-01 -5.6715638650e-02
1.2286652801e-02 -1.1453319600e-01 -2.2811194828e-02
1.9955805893e-02 -1.1103590167e-01 3.7179869909e-02
1.3553875973e-02 -9.8585902934e-02 7.0012088261e-02
1.2088229747e-02 -9.5472844896e-02 2.8946990065e-02
1.5912555769e-03 -8.6502691899e-02 1.8663008742e-02
-6.1296344802e-02 -3.7384676971e-02 1.8608184308e-02
-8.5081646316e-02 -5.8003911670e-02 -9.8800639470e-03
-1.2854031512e-01 -6.5055269344e-02 -5.9930289780e-02
-2.1759461231e-01 -7.3592629580e-02 -2.0476250509e-01
-2.2191996610e-01 -1.0646755324e-01 -2.3345012348e-01
-1.7651236761e-01 -9.2546164734e-02 -2.4302743062e-01
-6.2692480986e-02 -2.3733546049e-02 -1.8222866233e-01
6.1937276826e-02 9.3336358918e-02 -1.7894332372e-01
1.3632106364e-01 1.4928559875e-01 -1.6537698910e-01
6.5418378864e-02 1.0384241554e-01 -2.0648529041e-01
-1.7976028900e-01 -1.0506127418e-01 -1.8215080928e-01
-2.6298290638e-01 -2.1308800030e-01 -2.1182616024e-02
-2.4571936493e-01 -1.9719385624e-01 1.1200641662e-03
-1.6400972884e-01 -1.9627699127e-01 -2.4659898948e-02
-1.5984571912e-01 -1.8152731911e-01 -2.9964754096e-02
-5.9278287253e-02 -3.5106919319e-02 2.5944523933e-02
-8.6443727167e-02 -5.1032488952e-02 -4.0875670666e-03
-1.4845871024e-01 -6.2057794293e-02 -7.0987977823e-02
-2.2939348458e-01 -6.1100161816e-02 -2.3536089479e-01
-1.3379189084e-01 3.1630986361e-02 -1.7108574922e-01
1.7334525174e-01 3.0835750891e-01 -1.6318001095e-02
5.5870732902e-01 6.8155778862e-01 1.1645006740e-01
8.0256810679e-01 8.6519502220e-01 5.6924336179e-02
7.7196401211e-01 9.1609307762e-01 -9.9490498868e-02
5.0170224731e-01 6.9980529777e-01 -3.2607601795e-01
5.8864481029e-02 2.3697914329e-01 -4.2063549970e-01
-2.3156302133e-01 -1.4479547817e-01 -1.3079519412e-01
-2.7191856593e-01 -2.0735593442e-01 -1.0481267602e-02
-1.6895892355e-01 -2.1636915468e-01 -3.5147803624e-02
-1.4151412546e-01 -2.0685363139e-01 -3.8850268347e-02
-5.5853462410e-02 -4.0295959628e-02 3.1119179843e-02
-9.4239697079e-02 -7.6257497857e-02 -1.5553096118e-02
-1.3609888836e-01 -7.8805783067e-02 -5.5000016309e-02
-9.2745000724e-02 5.9189485332e-02 -8.7091585862e-02
2.3473594232e-01 4.6175338031e-01 1.5661386476e-01
5.2602030955e-01 8.6678254890e-01 2.7748894253e-01
5.7924880487e-01 9.7805968573e-01 2.5042411788e-01
4.4062272166e-01 8.0075294586e-01 1.7939542849e-02
3.1097736756e-01 6.8690422711e-01 -1.8554324634e-01
1.6643614968e-01 5.1119501098e-01 -2.8179588969e-01
5.8360352078e-02 3.0256855565e-01 -6.0851370891e-01
-1.2932374925e-01 -7.7510514371e-03 -3.6763951493e-01
-2.1480180340e-01 -1.8328956590e-01 -6.8343383928e-02
-1.4552096294e-01 -1.9671799660e-01 -5.7504543474e-02
-1.3593569163e-01 -1.9246713108e-01 -4.2698264564e-02
-4.2367520693e-02 -3.5150126513e-02 -8.2516350957e-03
-8.6328883348e-02 -7.9917582584e-02 -7.4479948388e-02
-5.8723944173e-02 8.5277175949e-03 -4.2387365908e-02
1.4963996849e-01 4.8427861928e-01 1.4764517859e-01
4.4200564108e-01 1.0230397572e+00 3.6276382139e-01
3.2007947389e-01 8.6338333113e-01 1.3701290715e-01
1.3027869783e-01 5.8612857877e-01 -9.9233976541e-02
-5.9796473948e-02 2.4310130851e-01 -2.6448497530e-01
-1.4484539630e-01 -7.9704284214e-03 -2.4038527039e-01
-1.8229660278e-01 -1.5486842437e-01 -1.3007341319e-01
-9.5355142989e-02 -1.8478730091e-02 -4.3114458256e-01
-1.1502132869e-01 1.1159933244e-02 -3.5760109234e-01
-1.6412122059e-01 -1.3180966916e-01 -8.5410324431e-02
-1.1090103093e-01 -1.7015785902e-01 -7.0202028257e-02
-1.0036938578e-01 -1.5861252060e-01 -5.1222503977e-02
-5.8386681214e-02 -5.5726653418e-02 -6.1211315831e-02
-7.9434389775e-02 -6.6932399616e-02 -7.1905247214e-02
5.8469991125e-03 2.2284729324e-01 1.2249341879e-01
2.4263800770e-01 8.9587744017e-01 4.6727636949e-01
3.2711736967e-01 1.1020613780e+00 4.3099808271e-01
1.1330576513e-01 7.2183088418e-01 3.4749590400e-02
-4.7166982792e-02 2.8662595132e-01 -2.1809875753e-01
-1.2885025239e-01 -1.4579992072e-01 -2.6044511172e-01
-1.1867155924e-01 -5.0173281525e-01 -1.1822174959e-01
-1.8104453072e-01 -6.5132784005e-01 1.2532317474e-02
-1.3870004334e-01 -3.8712432536e-01 -3.2272640731e-02
-1.1857325112e-01 -1.3149088338e-01 -7.6538096173e-02
-1.0545328519e-01 -1.2254224177e-01 -1.3626928918e-04
-7.8034891268e-02 -1.5763965498e-01 -3.2909817769e-02
-7.1798778574e-02 -1.3031579696e-01 -2.3671689961e-02
-7.1215337618e-02 -6.2713206937e-02 -1.1179603511e-01
-8.4760399919e-02 -3.3479584063e-02 -7.4756738720e-02
-8.4904753115e-02 3.5445842735e-01 1.6859390979e-01
-5.8369605455e-02 9.4254962062e-01 4.2929791336e-01
-8.1560733068e-02 9.5779819839e-01 2.6971807686e-01
-1.5743291471e-01 6.0721455272e-01 -9.2335419077e-02
-1.5264558432e-01 1.1260115570e-01 -2.6451001849e-01
-1.1687059538e-01 -4.1364897740e-01 -2.0622126022e-01
-9.0722958335e-02 -8.9953626636e-01 -5.5917643736e-02
-7.6189628258e-02 -9.9757547279e-01 2.3831063437e-02
-5.5116819202e-02 -4.8052431947e-01 -7.9515902955e-02
-1.3534914541e-01 -3.6133516857e-02 -2.0051037289e-01
-1.2701173249e-01 -7.7940898473e-02 -4.1168081833e-02
-9.1663726105e-02 -1.2941169766e-01 -3.2665261195e-02
-7.6283849547e-02 -1.1189068574e-01 -2.9462512761e-02
-9.8714023268e-02 -7.2890757358e-02 -1.3560118225e-01
-1.2221498455e-01 -5.3201134919e-02 -1.0029379622e-01
-2.0917966338e-01 3.1574418211e-01 1.2599257462e-01
-3.6503027214e-01 9.6385543355e-01 4.2738361533e-01
-4.1867246340e-01 1.0185943434e+00 2.9775320503e-01
-3.2337815651e-01 5.2910597852e-01 -6.7750626754e-02
-1.8061594624e-01 9.4802199973e-02 -1.8275671243e-01
-6.6238414581e-02 -2.9539644508e-01 -1.5081180457e-01
3.2960786099e-03 -7.9094540757e-01 -3.2085107255e-02
7.7754410872e-02 -1.0177305462e+00 1.7734063726e-01
2.2842301505e-01 -6.9217810525e-01 2.7066325208e-01
6.2507310862e-02 -9.8016154600e-02 7.3330387830e-03
-8.2489433848e-02 -8.1929559072e-02 8.7385727918e-03
-5.9924555812e-02 -1.3201973618e-01 3.8102439967e-03
-5.0582377087e-02 -1.2538657942e-01 3.3395617519e-03
-7.4302218936e-02 -6.2983797124e-02 -1.0487192894e-01
-1.1342893728e-01 -6.9515477724e-02 -1.1407984461e-01
-2.5264458236e-01 1.6974898794e-01 5.9589063584e-03
-4.6313421788e-01 6.7150092639e-01 2.6324910985e-01
-2.2223260250e-01 8.5772115272e-01 3.4680410120e-01
4.8072679838e-01 5.5816045766e-01 2.2693638924e-01
7.1185784499e-01 8.7342181913e-02 -8.7050716784e-02
6.4000502897e-01 -2.8759214031e-01 -2.5317737937e-01
7.5206018385e-01 -4.4695749936e-01 -2.4262325422e-01
6.9990848995e-01 -4.9296326805e-01 -6.1473653389e-02
7.6868059741e-01 -1.3119089462e-01 2.4559676078e-01
5.3587607280e-01 1.6117178863e-01 -1.2405399757e-01
-4.1817356518e-02 -8.6291423215e-02 -4.0833074165e-02
-8.3909968913e-02 -1.3188768063e-01 -9.6470094909e-03
-6.4825651467e-02 -1.1958132486e-01 -4.9494371359e-03
-5.8732175160e-02 -6.8002383715e-02 -8.4794878731e-02
-9.2685507782e-02 -8.9273707130e-02 -1.3341658507e-01
-1.5611287811e-01 -2.5996738452e-02 -1.2980228004e-01
-1.6430981462e-01 2.9708284539e-01 1.3283833509e-01
3.9832209800e-01 1.2737605965e+00 1.0389064337e+00
1.1273702428e+00 1.5160323306e+00 1.1291572734e+00
1.1782652616e+00 1.8658800730e-01 2.8686678376e-02
8.0773220252e-01 -7.0754679602e-01 -3.6721538291e-01
1.0480496470e+00 -2.8628282562e-01 -3.8622550726e-01
1.5635433576e+00 5.9854922195e-01 -9.2876117865e-01
1.9374115897e+00 1.7128970658e+00 -7.8013838295e-01
1.8018366039e+00 1.7453977031e+00 -1.0563383893e+00
1.2792308691e-01 2.9693889783e-02 -2.9403680909e-01
-4.5764227621e-02 -1.6045916194e-01 -1.9432776881e-02
-3.8913672942e-02 -1.3193984157e-01 -3.3561215569e-03
-1.1859575227e-02 -6.3232949274e-02 -2.0233371931e-02
-1.1497513953e-02 -8.3016415889e-02 -2.1967470759e-02
-2.9705297414e-02 -6.9786814615e-02 -4.9994922040e-02
-1.6438443019e-01 1.6438343329e-01 1.1792680371e-01
-5.8302412535e-01 1.1482044972e+00 9.8288303207e-01
-9.7238043140e-01 1.6124652441e+00 1.4101121132e+00
-6.0317193195e-01 8.2356022119e-01 6.5550533762e-01
-2.3902567292e-01 -2.4298860956e-01 -8.5525191814e-02
-1.9292425788e-01 1.7407403215e-01 -2.9666756990e-01
-5.3656284917e-02 9.5575171551e-01 -1.1144452556e+00
-1.7904398310e-01 1.1476591377e+00 -9.6432650083e-01
5.8688499185e-01 1.9405948173e+00 -6.7195334386e-01
-1.0579006591e-02 -2.7464617766e-02 -1.7091825763e-01
-3.7113154127e-02 -1.7422877138e-01 -2.0207781462e-02
-3.3720081250e-02 -1.2974386072e-01 -1.9658695024e-02
-5.2252414594e-04 -6.6604017330e-02 -1.7911075593e-03
-4.3983798691e-03 -7.8604799873e-02 -2.2358174075e-02
-1.4476319085e-02 -7.6998400601e-02 -3.9183782921e-02
-1.1159477190e-01 -4.0584315897e-02 -8.9976125455e-02
-5.2093187792e-01 1.7896446763e-01 1.7754733903e-01
-1.5349414809e+00 4.7246621757e-01 8.0696203613e-01
-2.0102623475e+00 1.1843354706e+00 1.0730390916e+00
-1.4838386789e+00 9.2087502020e-01 4.1792143431e-01
-1.1500637857e+00 1.0221680064e+00 -1.2149730114e-01
-9.8614744145e-01 2.2474812294e-01 -5.6257910494e-01
-8.5602970800e-01 2.7442909512e-01 -4.8884158613e-01
-2.8693829819e-01 1.3503322964e+00 -3.8087983105e-01
-6.9530935311e-02 -8.2274450003e-02 -1.3204413555e-01
-1.2269444702e-02 -1.6514376608e-01 -4.1861512590e-02
-2.5622882164e-02 -1.3352604672e-01 -4.3685382544e-02
-4.3243048284e-05 -6.8532484218e-02 1.3484882687e-02
-1.2770285828e-02 -8.5373401147e-02 -1.7811405076e-03
-2.5123615559e-02 -7.9901578941e-02 -2.1761371775e-02
-5.1391586673e-02 -8.1795609903e-02 -9.7865768168e-02
-1.1141680395e-01 -5.4255725143e-02 -7.5093412018e-02
-3.9374306141e-01 -2.1829555819e-03 6.6216829079e-02
-1.1284405517e+00 5.1618863193e-02 3.5689557402e-01
-1.7269499000e+00 2.2918271806e-01 3.6087148576e-01
-1.6601433533e+00 8.5406781715e-01 2.5966018622e-01
-1.0934062912e+00 6.5057767787e-01 -2.1299259823e-02
-4.7180662402e-01 5.5730654861e-01 -3.2514120315e-01
-3.0729225186e-01 9.6349329435e-01 -3.4577462499e-01
-2.6440321161e-02 -9.5986681495e-02 -1.2536949060e-01
-3.0657551976e-03 -1.5535773555e-01 -3.5498177620e-02
-2.4337110416e-02 -1.2159249794e-01 -2.8393880658e-02
8.3419128633e-03 -5.9543789984e-02 -2.6457883170e-03
-7.3025875685e-03 -7.7426301201e-02 -3.7621329095e-02
-2.4635329665e-02 -8.1809822948e-02 -7.6778086408e-02
-4.9707274767e-02 -7.8945366201e-02 -1.5520977810e-01
-4.0447835762e-02 -7.7240174117e-02 -1.4137716261e-01
-5.9130587844e-02 -7.3400098222e-02 -1.1861964170e-01
-2.0926501880e-01 -5.5860933264e-03 -1.9887810653e-02
-5.7098127197e-01 3.8339602042e-02 1.5461197937e-01
-9.6693772127e-01 4.4680231884e-01 3.9504239373e-01
-7.8536517309e-01 5.5044735531e-01 3.9543586924e-01
-4.8399613141e-01 6.2653685049e-01 -2.0533753890e-01
-4.7048009294e-01 1.0062369960e+00 -2.1841659692e-01
-4.4573094681e-02 -5.8593834428e-02 -9.0905543332e-02
-1.2320328753e-03 -1.5098206379e-01 -5.0535252566e-02
-2.7453175452e-02 -1.0568433613e-01 -3.2109826821e-02
1.0365163021e-03 -6.4100753038e-02 -3.1568088676e-02
-5.1796312870e-03 -8.1328287008e-02 -3.8025502204e-02
-1.3184986625e-02 -8.0301599752e-02 -7.4746117725e-02
-2.4812521744e-02 -7.9506983141e-02 -1.2751274623e-01
-1.6905060487e-02 -8.2820719520e-02 -1.1702768418e-01
-1.9362720393e-02 -9.3141540257e-02 -1.3051233843e-01
-1.1892368381e-02 -8.5445099485e-02 -1.1941537097e-01
-5.6978887023e-02 -5.5240529162e-02 -7.3266655299e-02
-1.9096735888e-01 1.1710043212e-01 1.5758221385e-01
-2.9124187768e-01 3.6907833764e-01 3.6160118696e-01
-4.1004562439e-01 7.1607483505e-01 1.0934451961e-03
-4.6141508521e-01 8.3759233681e-01 -2.2690451790e-01
-3.3600162233e-02 -1.1424919946e-02 -4.9780464401e-02
2.0333466123e-02 -1.2747037859e-01 -1.3508121793e-02
-6.4729331306e-03 -9.2702425462e-02 -8.1943796093e-03
7.2044916105e-03 -6.5289418926e-02 -5.5520577190e-02
-5.8128553629e-03 -8.3627179470e-02 -7.7118890987e-02
-3.5072603980e-03 -8.2999201696e-02 -1.0019899006e-01
-1.7337913916e-02 -8.6791708760e-02 -1.2958776649e-01
-2.1322802961e-02 -9.5146221028e-02 -1.2579187286e-01
-2.3617403212e-02 -1.0538629168e-01 -1.5078837019e-01
-8.6329383569e-03 -1.0360570441e-01 -1.5186249495e-01
1.3061831418e-02 -8.2037340049e-02 -1.2493495478e-01
-3.4956156279e-02 -1.6702522457e-02 -3.7598588938e-02
-1.3983480612e-01 1.3128568678e-01 3.5340838565e-02
-1.8689809078e-01 1.8727111869e-01 -2.7149227820e-02
-1.7144052450e-01 1.7314503530e-01 -8.5475808777e-02
-2.0452582003e-02 -5.9631693180e-02 1.5318268002e-02
4.1345214096e-03 -1.0687404876e-01 6.1333801428e-05
-1.5158072985e-02 -8.1521117328e-02 -7.0868519797e-03
-1.0530984849e-02 -7.4489207085e-02 -8.5511254402e-02
-1.1846390511e-02 -8.6114309548e-02 -1.0440346743e-01
-1.5795431379e-02 -8.4555398460e-02 -1.1642270030e-01
-2.2706170903e-02 -9.4988728763e-02 -1.4833857174e-01
-3.6188910067e-02 -1.0219763161e-01 -1.4737712385e-01
-3.4550023140e-02 -1.2544735659e-01 -1.6536682529e-01
-1.1237548451e-02 -1.1748141443e-01 -1.5874219721e-01
1.1567023611e-02 -1.1557767609e-01 -1.2926086936e-01
1.2369117001e-02 -9.5964820656e-02 -8.4182657547e-02
-1.7654757593e-02 -8.0536653834e-02 -7.1641105628e-02
-1.2657765698e-02 -7.4032252422e-02 -4.0406471080e-02
1.5817083740e-02 -8.2536646952e-02 2.8722418077e-02
1.4714324083e-02 -9.5549553264e-02 6.4559900140e-02
1.1025475010e-02 -1.0296758176e-01 1.6945120721e-02
-1.9331765862e-03 -9.3167731785e-02 9.6108984738e-03
-9.3380655980e-02 -3.5972286991e-02 -4.2334446601e-02
-1.1451371498e-01 -6.0578194029e-02 -1.0690293478e-01
-1.9051107702e-01 -6.6040081519e-02 -1.8874902881e-01
-3.0942705760e-01 -6.8657782799e-02 -3.7445896275e-01
-2.5247394346e-01 -5.8438762353e-02 -3.5893439849e-01
9.7362462919e-03 3.9715164898e-02 -2.8327953256e-01
3.7474759977e-01 2.4849025074e-01 -1.7260556838e-01
5.7858272460e-01 4.3381593769e-01 -1.6750425759e-01
7.4606921447e-01 5.5452340091e-01 -2.3182906129e-01
8.4398672287e-01 5.8572299288e-01 -5.2125232743e-01
2.9194994867e-01 2.0652109049e-01 -6.3920389810e-01
-2.4923460965e-01 -1.6114707300e-01 -2.0689718927e-01
-2.9574451264e-01 -1.7167240925e-01 -4.7876910245e-02
-1.7668990243e-01 -1.6836759188e-01 -5.1266368796e-02
-1.6005277556e-01 -1.5808988831e-01 -4.4028304439e-02
-8.0157604925e-02 -2.4896365789e-02 -3.1091512568e-02
-1.1324609673e-01 -5.1276541272e-02 -1.1227942445e-01
-1.8737733303e-01 -5.1857156028e-02 -1.7380723002e-01
-1.8874088020e-01 2.1466124697e-02 -2.7871496133e-01
1.5003689186e-01 2.7250519398e-01 -4.0389330733e-02
6.6637428156e-01 5.9993212257e-01 1.3780230843e-01
7.5796889652e-01 6.5589628802e-01 9.3164759315e-02
5.1460236006e-01 4.6277926707e-01 -1.7798039391e-01
2.6363213214e-01 3.3069484897e-01 -1.9899414181e-01
3.5936445569e-01 4.4046322770e-01 -4.7018537048e-01
4.0130438375e-01 4.6585332159e-01 -9.1215258941e-01
-1.4201923681e-01 -3.0863148095e-02 -4.1901156373e-01
-2.7231626827e-01 -1.6840673896e-01 -3.4408808568e-02
-1.7963179033e-01 -1.8950518531e-01 -4.1199819155e-02
-1.3154454751e-01 -1.8498014754e-01 -4.2059527430e-02
-1.0416833769e-01 -3.3348257043e-02 -4.4903197078e-02
-1.3783209785e-01 -7.3204984736e-02 -1.2708972023e-01
-1.3599170087e-01 -2.1129982764e-02 -8.9773583272e-02
2.0334372181e-01 3.2994964072e-01 8.9065239922e-02
6.4962733468e-01 7.2703427161e-01 3.8155523557e-01
4.4406170374e-01 5.3320125673e-01 6.9124784354e-02
1.1780805348e-01 2.9389824623e-01 -2.4184323847e-01
-1.5240596014e-01 3.3990103554e-02 -4.3679278313e-01
-4.7540973805e-01 -2.9046787277e-01 -2.8436235515e-01
-4.4220222674e-01 -2.6589773525e-01 -1.8367668842e-01
-9.5295390150e-02 1.2393950160e-01 -4.8555057066e-01
-1.1348964989e-01 -1.8521174840e-02 -3.4233791081e-01
-2.0236408072e-01 -1.3745998816e-01 -5.0943722924e-02
-1.4264875425e-01 -1.5010030474e-01 -4.8040613608e-02
-1.2303842938e-01 -1.5807191448e-01 -4.5689671050e-02
-1.0608728787e-01 -3.1095655305e-02 -1.0450148581e-01
-9.7441114891e-02 -4.6961591115e-02 -1.8011197540e-01
7.7221974707e-02 2.2354969871e-01 3.6091233921e-02
4.3774006928e-01 7.0058278388e-01 3.3344266550e-01
2.9123006467e-01 6.0412107412e-01 1.2607058546e-01
1.6613424455e-02 2.5010344084e-01 -2.7878676535e-01
-2.2856918658e-02 2.5845667640e-01 -3.9681594335e-01
-1.8007279331e-01 3.6425547708e-02 -4.6002606032e-01
-5.3379537495e-01 -5.9815134683e-01 -2.1808596857e-01
-6.2036065052e-01 -9.1894826526e-01 5.9052799693e-02
-3.3785780835e-01 -4.5962335500e-01 3.6718074297e-02
-2.7504145054e-01 -2.9621287989e-01 1.9287224942e-03
-1.7561557664e-01 -1.3100463154e-01 -2.2984000215e-02
-9.8278138978e-02 -1.1883762371e-01 -6.5392856247e-02
-8.8265327961e-02 -1.2972454671e-01 -5.8620589186e-02
-1.0800372485e-01 -3.8563267616e-02 -1.2442515139e-01
-6.2663956498e-03 8.9318624237e-02 -3.1652372891e-03
2.4842493013e-01 6.0418528480e-01 4.4248837691e-01
2.2428926245e-01 7.0649048341e-01 2.9086076847e-01
6.2374121706e-02 4.7348160652e-01 3.7460750373e-02
-5.8087070047e-02 2.4141639885e-01 -2.4478041129e-01
-9.8349117958e-02 8.1464167230e-02 -3.1133104590e-01
-1.7293029053e-01 -2.6287369380e-01 -2.8337267284e-01
-2.9772210862e-01 -8.7758513486e-01 -3.4462418636e-02
-4.0924277552e-01 -1.4446107320e+00 3.0348124229e-01
-3.1999487890e-01 -1.3324509250e+00 5.1305582560e-01
-2.4786118048e-01 -8.5981187512e-01 1.0354717675e-01
-1.2691309201e-01 -2.0031861237e-01 -5.1767171736e-02
-7.3144382308e-02 -1.0120972291e-01 -3.3901009521e-02
-6.4490416125e-02 -1.0649342511e-01 -3.6071522806e-02
-1.1705648774e-01 -2.7748499819e-02 -1.6408491887e-01
-2.4170733052e-02 2.5205242803e-01 7.9855694605e-02
-1.0564780494e-02 6.4518548169e-01 3.3703569438e-01
-1.6998533884e-01 4.8278964788e-01 1.0278331311e-02
-2.5627210419e-01 2.6686564543e-01 -1.8313151200e-01
-2.1993329658e-01 1.6621789001e-01 -3.0369568871e-01
-1.4733296877e-01 -4.4757870869e-02 -3.3097990295e-01
-1.0268688083e-01 -4.9564351549e-01 -2.3908286797e-01
-8.4286142688e-02 -1.2724285582e+00 -1.1335893277e-02
-1.6351064301e-01 -1.7975775032e+00 3.4691648079e-01
-1.2139039369e-01 -1.7636805543e+00 6.3761597687e-01
-8.9281248668e-02 -9.7561421266e-01 -1.3761060501e-01
-1.1376708992e-01 -1.7087615471e-01 -1.3863450289e-01
-8.3679186941e-02 -8.4732654575e-02 -3.1602304392e-02
-6.7074263170e-02 -9.4807182765e-02 -4.1949694161e-02
-1.5109957908e-01 -3.1762865990e-02 -1.8963902263e-01
-1.7067826710e-01 2.1057989773e-01 5.5551994710e-03
-2.9873991137e-01 5.3742795417e-01 1.9287834325e-01
-3.5895192964e-01 2.9250585545e-01 -1.2013817813e-01
-3.3162189087e-01 -7.3705062413e-02 -3.1759913506e-01
-2.9773404501e-01 -1.5374458457e-01 -3.5998464255e-01
-3.1620535767e-01 1.9134583503e-02 -2.1194047368e-01
-2.0799011261e-01 -2.7663393808e-01 -1.5042816462e-01
2.9224280885e-02 -1.1846897400e+00 -2.5274271033e-03
1.0599713943e-01 -1.5302259543e+00 2.8083961845e-01
2.7478987912e-01 -1.3268288646e+00 7.6775967165e-01
2.3511583330e-01 -6.3738277957e-01 2.0530884553e-01
-6.0106457202e-02 -1.1172378984e-01 6.9805379770e-04
-5.7901226191e-02 -1.0343809942e-01 8.2787955337e-03
-4.5098303647e-02 -1.1231413147e-01 -4.1600495524e-03
-1.2767413327e-01 -5.8797648832e-02 -2.0533208871e-01
-2.3788040259e-01 9.6869667509e-02 -1.5972443925e-01
-5.3516784452e-01 5.9682150478e-01 1.6724753651e-01
-4.6908799173e-01 4.7570667100e-01 5.6903189325e-02
-1.0639046902e-02 5.4958962032e-02 -1.5325756539e-01
1.4691724804e-01 -2.2167151970e-01 -2.8829595113e-01
-4.2342846037e-01 1.0642489150e-01 -1.9469034605e-01
-7.3655427037e-01 2.4395324866e-01 -1.2762538228e-01
-6.0103761673e-02 -4.5798729582e-01 -9.1068051074e-02
1.4880804358e-01 -6.7885446143e-01 3.5703475325e-03
6.3887947335e-01 -3.4693476416e-01 3.2224225040e-01
7.3217110130e-01 -1.9754877090e-01 -1.7014486650e-02
-3.2501694603e-02 -9.4764855584e-02 -2.5028355057e-02
-8.8617359086e-02 -1.0385483307e-01 -5.3512303504e-03
-6.1179910945e-02 -9.9730416502e-02 -6.0372730898e-03
-7.9835940796e-02 -6.8104687576e-02 -1.5031577905e-01
-1.7235379245e-01 5.3407479919e-03 -2.0843696390e-01
-4.1683991239e-01 3.0640126965e-01 -4.8023432618e-02
2.6373768148e-02 6.0169445850e-01 3.8115607212e-01
1.1195335373e+00 7.6767678083e-01 6.7567804561e-01
1.2804481045e+00 -3.3273272979e-01 -2.2295681672e-01
6.0809122725e-01 -1.0154677771e+00 -7.2244074125e-01
-1.6078366284e-01 -5.4743988617e-01 -3.6591865122e-01
2.2742058061e-02 -4.6745639182e-01 -1.0540486175e-01
4.3565033183e-01 -2.3669423635e-01 -5.2808144813e-01
1.0900960305e+00 3.8908727780e-01 -7.2136738975e-01
1.7390079513e+00 4.3404002134e-01 -6.2730666804e-01
2.2267910086e-01 -1.2305898409e-01 -2.1826064721e-01
-6.1072539843e-02 -1.3812316907e-01 -1.4153907850e-02
-3.5372454747e-02 -1.2149948983e-01 -5.4745832666e-03
-1.9469554638e-02 -7.2816728797e-02 -6.9343571915e-02
-5.4901993919e-03 -7.2272456159e-02 -8.8142720921e-02
-1.0486572818e-01 3.0869529863e-03 -6.7078977437e-02
-1.6841317871e-01 4.5979067809e-01 3.9468219243e-01
-2.7756505106e-01 1.0742172281e+00 7.8815706922e-01
-3.7936872012e-01 4.5344958105e-01 2.7130088685e-01
-2.3137260399e-02 -4.1709079092e-01 -2.7998067254e-01
1.2087276008e-01 -4.9594641925e-01 -3.8337157184e-01
-1.0874326231e-01 -3.1073892086e-01 -1.3215915022e-01
-6.5907295351e-03 1.0101789968e-01 -8.1637990680e-01
-1.9205262864e-01 -4.7610767495e-02 -5.2920311158e-01
6.0867710343e-01 4.8972895996e-01 2.8644367414e-01
7.2507827075e-02 -1.8786043439e-01 1.1224448658e-01
-5.2940023000e-02 -1.4596950804e-01 -2.3015987971e-02
-3.5957217439e-02 -1.1025064400e-01 -2.3615017585e-02
-2.7655963432e-03 -7.7197420219e-02 -5.1664496569e-02
2.3903316632e-02 -8.2790849887e-02 -9.8263688674e-02
-3.2766182690e-02 -8.4766053732e-02 -1.2759238385e-01
-3.3005266289e-01 -5.7605997335e-02 -1.7100935440e-01
-9.4976906163e-01 -6.3165452363e-02 -3.0666604041e-03
-1.2844973092e+00 -1.6796137973e-02 3.9547290907e-01
-1.2806880795e+00 3.1047143033e-01 4.5276948483e-01
-6.3009913499e-01 1.9716674355e-02 -6.0855615571e-02
-2.8007646059e-01 -9.8429218870e-02 -1.6516586554e-01
-2.2771977180e-01 -2.0163047345e-01 -4.1244239915e-01
-3.3825648149e-01 -2.4943006946e-01 -1.0518360722e-01
-1.4687719486e-01 4.4124159684e-01 3.1909671722e-01
-7.2587054590e-02 -1.7378270197e-01 2.4721461837e-02
-2.6611883424e-02 -1.5273167905e-01 -6.2074618981e-02
-3.0312234201e-02 -1.1965496757e-01 -6.1258216824e-02
-1.2656592539e-02 -7.7304383231e-02 -3.8315795731e-02
-3.1080845490e-03 -9.1417596689e-02 -8.2229559918e-02
-1.8248842006e-02 -8.9456041445e-02 -9.6389612875e-02
-8.3821027049e-02 -1.0322013836e-01 -2.6555560497e-01
-1.8789105324e-01 -2.2454636459e-01 -2.5290466425e-01
-3.8557189559e-01 -5.1429906641e-01 -2.1206102390e-01
-9.0990668911e-01 -6.8142088296e-01 -8.4688295952e-02
-1.0451001430e+00 -5.3894745123e-01 -1.3250803776e-03
-7.9081384460e-01 -1.9381795864e-02 5.3771465208e-02
-4.8665178265e-01 6.5991110355e-02 -2.1405849218e-02
-8.0873533711e-02 -2.7867152557e-01 -1.3291293560e-01
-9.2435007129e-02 1.5018433294e-01 -7.2993906979e-02
1.1160918026e-02 -1.9886121508e-01 -8.3858659203e-02
-7.2452885634e-03 -1.3576995580e-01 -4.1979831482e-02
-2.8217330531e-02 -1.0628765198e-01 -3.7872305375e-02
-1.3662613045e-02 -6.9323588815e-02 -5.0339923665e-02
-1.8933161938e-02 -8.4345083061e-02 -1.2221066669e-01
-3.9470328607e-02 -8.6102229383e-02 -1.7276976072e-01
-6.9914257152e-02 -7.1847314588e-02 -2.6750029607e-01
-9.3527249893e-02 -6.0507699086e-02 -2.4709417696e-01
-1.6544582719e-01 -3.0529273903e-02 -2.3845048773e-01
-3.8083434221e-01 -1.0267408409e-02 -3.2635917328e-02
-6.1962832794e-01 -4.4717450550e-01 1.3944176205e-01
-6.3851572304e-01 -9.7923970686e-02 2.2738937047e-01
-5.0760923174e-01 3.5489138154e-01 3.7777122792e-01
4.7318382647e-03 -1.0269107820e-01 -7.7111053805e-02
-1.4528152625e-01 4.1033471324e-01 8.5067130167e-02
4.8650426886e-02 -1.2221073719e-01 -2.0116741274e-02
-3.1086216839e-03 -1.3131217279e-01 -6.9046241615e-02
-3.3334809117e-02 -8.0164101140e-02 -4.2911697351e-02
-1.4920719338e-02 -6.4434608485e-02 -7.5043345086e-02
-1.1524846917e-02 -7.3839909951e-02 -1.2792604772e-01
-2.8608088705e-02 -7.2566573255e-02 -1.5450041482e-01
-3.0571256611e-02 -6.2441832567e-02 -2.1267419630e-01
-2.1125143052e-02 -5.2227597810e-02 -1.7749555490e-01
-2.7584226450e-02 -6.1696840497e-02 -1.9174003495e-01
-2.6564657728e-02 -5.1639031174e-02 -1.5104356975e-01
-6.3194884859e-02 -1.1036517496e-01 -1.0553153599e-02
2.2314786549e-02 -3.2186225954e-02 5.0652480312e-01
-4.7655363126e-01 9.1996838365e-01 7.1278574309e-01
-1.9156777842e-01 6.7752065442e-01 1.0603689269e-01
-6.4913608153e-01 1.2605408584e+00 -9.5629507140e-02
-8.4636029758e-02 2.0980017837e-01 -7.4757131052e-02
4.5881366673e-02 -1.1436644714e-01 -3.3262820875e-02
-1.2084426276e-02 -7.3023643851e-02 -1.7860060112e-02
-1.5552366740e-02 -6.9051449961e-02 -1.1475683357e-01
-7.3362438318e-03 -8.1570520193e-02 -1.6384614647e-01
-1.4720195679e-02 -8.4413167886e-02 -2.1761166692e-01
-2.7917841852e-02 -7.7674641023e-02 -2.5584292270e-01
-3.6915526680e-02 -7.6415439746e-02 -2.3571883439e-01
-3.3385001428e-02 -7.3796484807e-02 -2.3064708835e-01
-1.3248959167e-02 -6.4379487540e-02 -2.0929881032e-01
-2.9186644385e-02 -2.6512500131e-03 -1.0839047996e-01
-1.5051129251e-01 3.2799728517e-01 3.0184653150e-01
-6.4379488421e-01 1.0618341528e+00 4.8381915336e-01
-5.3518625180e-01 8.9256988151e-01 1.4749702947e-01
-8.4987139783e-01 9.9211001459e-01 -3.3506962053e-01
-2.5951359024e-01 2.3560569456e-01 -2.0301734800e-01
8.4342005491e-03 -7.7451287541e-02 -1.5643755768e-02
-2.0062784617e-02 -6.1026646487e-02 -1.5938372270e-02
-2.9687411484e-02 -8.6122774197e-02 -1.6238062634e-01
-1.3504754809e-02 -9.7906438901e-02 -2.0510090618e-01
-2.0243483411e-02 -9.1484437688e-02 -2.0347811921e-01
-2.7446845060e-02 -1.0473160172e-01 -2.5170112950e-01
-4.6238955078e-02 -1.0665012670e-01 -2.3702363926e-01
-3.9295047852e-02 -1.2824960445e-01 -2.5329708737e-01
-8.7523893061e-03 -1.1773114916e-01 -2.2748802645e-01
-3.3447545650e-03 -8.9997366880e-02 -1.7824162923e-01
-8.6483033363e-02 4.6827496991e-02 -3.0286187768e-02
-2.9300000920e-01 2.8401480283e-01 -1.0109847270e-02
-2.7423443548e-01 2.3945444182e-01 -5.6921399245e-02
-2.0997527195e-01 1.2647750838e-01 -7.4765841875e-02
-4.5574682025e-02 -3.3365919441e-02 1.7357518149e-02
1.6128239802e-02 -9.1655431349e-02 1.8042989535e-02
1.6503603285e-03 -8.7583333727e-02 2.8690203033e-03
-1.0849613510e-01 -1.4153281196e-02 -1.0026367980e-01
-1.3341182201e-01 -5.8810258914e-02 -1.5849577362e-01
-2.2996779160e-01 -6.1407078723e-02 -2.4952591194e-01
-3.6625444844e-01 -6.0436724267e-02 -4.0750277857e-01
-2.1747463458e-01 1.2561506376e-02 -2.9631655827e-01
4.1433784980e-01 1.8289220736e-01 -7.8282095638e-02
9.9150518782e-01 4.2810278914e-01 6.6243595802e-02
1.0759281067e+00 5.3135891654e-01 -2.6292693315e-03
1.3417569901e+00 6.6984154921e-01 -1.9954176152e-01
1.6961758099e+00 7.3977109032e-01 -8.0240921168e-01
8.6279548254e-01 4.0682119027e-01 -1.0350930485e+00
-1.9598339228e-01 -4.6764434238e-02 -2.7211605986e-01
-3.2685067467e-01 -1.0725009941e-01 -6.6529474143e-02
-2.0011985884e-01 -1.0048758290e-01 -3.9484563595e-02
-1.7023026514e-01 -1.0443577815e-01 -4.8548318148e-02
-1.1023927755e-01 -1.4765739426e-02 -1.0456261553e-01
-1.2459173015e-01 -5.7348385180e-02 -1.5416239955e-01
-2.3807108250e-01 -7.7193257087e-02 -2.6067555514e-01
-1.1262149268e-01 2.4409910041e-02 -1.9602409601e-01
3.6270026160e-01 2.6771656910e-01 1.8275928093e-01
6.2545765342e-01 3.6420321168e-01 1.5144952973e-01
4.2089008691e-01 2.7577719570e-01 -1.2604640835e-01
7.1352179059e-02 9.0665643864e-02 -4.0520244676e-01
-3.5991937610e-01 -4.0148899868e-02 -3.2532191889e-01
-1.3603209120e-01 4.8044550169e-02 -3.9456349976e-01
1.8940605513e-01 2.6591242420e-01 -6.5805974585e-01
-4.1828114091e-02 1.0008131937e-01 -3.3607326229e-01
-2.3044990099e-01 -8.9716967162e-02 -9.1129122056e-02
-1.5792171549e-01 -1.0746455378e-01 -4.3588745838e-02
-1.2069886663e-01 -1.2064976795e-01 -3.8439675719e-02
-1.1088742127e-01 -4.9050885994e-03 -1.0505701481e-01
-1.4403442260e-01 -7.2786183347e-02 -1.9298606543e-01
-6.8488956972e-02 1.1076210178e-03 -9.2070904721e-02
3.5368874054e-01 2.6508099140e-01 1.8973257457e-01
3.4824750053e-01 3.1058453849e-01 2.0271120987e-01
6.3101846782e-02 9.2710644363e-02 -2.3757999525e-01
-7.1602384495e-02 2.9496830105e-02 -3.9521384073e-01
5.7952722259e-03 5.0878574792e-02 -4.2270563928e-01
-2.7959205582e-01 -1.1885162095e-01 -2.9347866359e-01
-2.4808285681e-01 -1.0348194790e-01 -8.0077146051e-02
3.2291558311e-02 1.5004813475e-01 9.0110614120e-02
-3.3107702897e-02 6.8399071157e-02 7.6471342423e-02
-1.9535450691e-01 -7.5003442343e-02 -3.6529993706e-02
-1.3709812536e-01 -8.3018280211e-02 -5.4561323534e-02
-1.2384554465e-01 -9.5729455202e-02 -4.5402080380e-02
-1.2890237049e-01 6.0040508615e-03 -1.4645093895e-01
-6.9311153778e-02 -1.7900123890e-02 -1.7907002733e-01
2.0723736991e-01 2.0078962577e-01 1.7957566577e-01
1.6310667619e-01 2.5670321416e-01 6.2868896527e-02
-9.8950610814e-02 1.1580839274e-01 -1.6176183861e-01
-9.5574182563e-02 2.5192355042e-02 -2.9978411850e-01
-7.9872928766e-02 4.5509081681e-02 -3.1707452525e-01
-8.9434846824e-02 3.7498948683e-02 -3.0987369893e-01
-2.7402140375e-01 -1.7546933078e-01 -2.2043495017e-01
-3.7078558897e-01 -3.9079754252e-01 5.7336177950e-02
-3.7435600860e-01 -4.7354748491e-01 5.1162416387e-01
-3.6698999862e-01 -4.2792097339e-01 3.7570108790e-01
-1.9153437986e-01 -1.3717910168e-01 -1.2769723307e-02
-8.8157389456e-02 -7.6504250000e-02 -6.4665894202e-02
-8.9659658360e-02 -8.6981002500e-02 -6.4965785791e-02
-1.0420962248e-01 2.4551405293e-02 -1.2750755130e-01
1.4611106553e-01 1.6678684161e-01 1.5229297892e-01
1.5977884369e-01 3.0784728781e-01 2.5462756679e-01
-7.6772833531e-02 1.6579079342e-01 -9.4676053662e-02
-8.9530221247e-02 1.1722672892e-01 -8.4173179825e-02
-7.6576755284e-02 -1.5464261261e-02 -2.0974359155e-01
-8.0300066699e-02 -7.3280220208e-02 -2.0455686421e-01
-1.1086341924e-01 -1.0176574944e-01 -1.9511320635e-01
-1.6394918558e-01 -2.0340609616e-01 -1.0096873056e-01
-2.5407749994e-01 -5.9629957811e-01 1.3627246860e-01
-3.4952486288e-01 -1.1316560984e+00 5.1524943707e-01
-3.0270522797e-01 -8.7267483504e-01 8.3841178237e-02
-1.4076333062e-01 -1.7579408405e-01 -5.9598920937e-02
-8.7464908921e-02 -6.9678393244e-02 -3.1689218366e-02
-7.8818017940e-02 -7.7737408751e-02 -3.9942470488e-02
-8.4132925568e-02 7.9485177927e-02 -2.0719536776e-02
1.0803342549e-01 3.3506011605e-01 2.7442315769e-01
-1.4226840850e-01 2.6073425451e-01 -3.7303897261e-02
-2.6658043292e-01 1.6931485668e-01 -2.3579613743e-01
-2.0682604204e-01 5.9836790050e-02 -2.0553337570e-01
-1.2584189901e-01 -8.2007127327e-02 -2.7159269451e-01
-8.2597477360e-02 -1.2789266492e-01 -2.6247378157e-01
-4.7927142326e-02 -1.2962177184e-01 -1.9267682762e-01
-5.2245815338e-02 -2.3457980586e-01 -1.2460135039e-01
-7.7853379676e-02 -6.1256245365e-01 1.2860669567e-01
-3.4481994742e-02 -1.3835039988e+00 5.5113825517e-01
8.8313052685e-03 -9.7711892910e-01 -6.2619881339e-02
-8.9278635115e-02 -1.5237165196e-01 -1.0914150731e-01
-8.3348548652e-02 -6.2030821595e-02 -2.5934540100e-02
-7.9281573703e-02 -7.8191782065e-02 -4.1372238470e-02
-9.3544705999e-02 1.1600558768e-01 -6.0514777906e-03
-7.8843244455e-02 3.2141441019e-01 9.5348712998e-02
-2.5441623028e-01 2.7327319730e-01 -1.4134261846e-01
-2.5579693545e-01 1.5697146315e-02 -2.9649992443e-01
-2.2017843687e-01 -1.4275238343e-01 -3.0361270808e-01
-1.7029818393e-01 -1.6173125903e-01 -2.7774818795e-01
-1.5119558074e-01 -4.0900325872e-02 -1.7854335991e-01
-9.9068655768e-02 -6.2904801524e-02 -1.4365641617e-01
-8.2429688616e-03 -2.3493940248e-01 -9.8274103619e-02
2.4264429110e-02 -4.9299942520e-01 1.1675838601e-01
1.9724223768e-01 -9.9494104872e-01 8.5021132503e-01
2.1370017713e-01 -6.9817316672e-01 4.6392592024e-01
-1.0598927433e-01 -6.8162262205e-02 3.6716473536e-03
-5.8646589161e-02 -3.0967830025e-02 -1.0898292928e-02
-5.5786359934e-02 -9.0450350518e-02 -3.0863631579e-03
-1.3458460031e-01 3.3953144680e-02 -1.6896073255e-01
-1.8368894550e-01 2.0786826227e-01 -1.6020328408e-01
-2.6497114911e-01 2.8055081494e-01 -1.5656595692e-01
-2.7288419514e-01 4.2907095492e-02 -2.9653523948e-01
-4.2924200852e-01 8.7433634217e-02 -3.2257384749e-01
-3.5627091518e-01 3.9810476102e-02 -2.7912168294e-01
-2.9989385032e-01 1.6719312202e-01 -1.1463100322e-01
-6.9675338516e-01 2.6635818028e-01 -6.5056280488e-02
-4.2671586968e-01 -1.9721804171e-02 -1.0811499261e-01
-1.8268078957e-01 -1.5165695370e-01 -2.7855566977e-02
1.5045971206e-02 -3.4567294432e-01 4.7072825315e-01
4.8807307115e-01 -1.3056431550e-01 8.3516819351e-02
-1.2960090291e-01 1.7788326037e-01 -2.6574451759e-01
-1.2367056043e-01 -1.5278603538e-03 -5.5348532550e-02
-7.0691679307e-02 -7.9059144946e-02 -2.5979113929e-03
-1.9867862086e-01 5.0692805469e-02 -9.0673304453e-02
-5.2011832599e-01 2.8019714186e-01 -6.1994086426e-02
-4.8351589014e-01 3.1888019149e-01 -1.1524236307e-01
2.2396929894e-01 2.3837737647e-01 -9.2663404604e-03
7.0582931229e-01 -4.0485128622e-02 -2.5310000692e-01
6.4851339159e-01 -3.5847242522e-01 -4.8507818397e-01
5.7789759265e-01 -2.2116432058e-01 -2.7587603842e-01
-2.1016593965e-01 3.8684516423e-02 -1.7209394081e-01
-4.0708814320e-01 -1.5626754521e-02 -1.8121514441e-01
-1.6986920647e-01 -9.0443714593e-02 -3.1389462245e-01
-3.9085235494e-01 -3.7605866099e-01 -3.3818710265e-01
7.1400640775e-01 -1.6700182303e-01 -3.8454173389e-01
2.4685671748e-01 1.1433960931e-01 -4.0818092712e-01
-6.5087216183e-02 -6.5918074292e-02 -5.1863344635e-02
-4.0395422776e-02 -1.0158572990e-01 2.3782874849e-03
-9.0455366546e-02 -2.7368939697e-02 -7.7133439889e-02
-4.2558769861e-01 5.5363253065e-02 -7.9211352281e-02
-6.6253934315e-01 7.2455268890e-02 -2.3078546826e-01
-1.6516341570e-01 1.9316227526e-01 -1.1895248412e-01
2.2372307488e-01 1.9167985230e-01 -3.2470885769e-01
1.7302835762e-01 1.0716463295e-01 -2.4966703926e-01
3.7460880318e-01 -5.1338317344e-02 -1.4442060613e-01
4.9701399776e-01 -6.6567215759e-02 -2.3616584388e-01
3.0972935196e-01 -2.2640279542e-02 -2.1345475791e-01
6.0882390898e-02 6.2623994887e-02 -4.9671379776e-01
-3.7424777274e-01 -2.2661431168e-01 -3.4244923738e-01
3.7218398892e-01 -1.0959719450e-01 3.0603275437e-01
1.0696022433e-01 -9.5383118558e-02 9.3675943295e-02
-6.1516902522e-02 -9.2139386664e-02 -1.4532207577e-02
-4.3495513380e-02 -8.5903604387e-02 -1.2675995860e-02
-2.4579907575e-02 -7.9897687654e-02 -1.0036946330e-01
-8.2443666443e-02 -9.7748261583e-02 -1.8843569245e-01
-3.0502255770e-01 -2.1516813813e-01 -4.0213843688e-01
-4.1343818639e-01 -3.2756705238e-01 -6.6291741894e-01
-4.9417551092e-01 -2.2346255414e-01 -6.9125449114e-01
-4.5262588688e-01 -1.2372099479e-01 -2.6977169304e-01
-3.6283307483e-01 -1.1088082199e-01 -1.0820550517e-01
-1.6348273987e-01 -1.1668394574e-01 -2.4806904315e-01
-6.1671808321e-02 -8.2663001976e-02 -2.0006571941e-01
-2.8438127715e-02 -1.2899340408e-02 -2.3335555446e-01
-5.3818146942e-02 2.9078731962e-03 -1.6024085567e-01
1.8916888777e-02 -2.0212834709e-03 9.2767663610e-02
-6.8432562890e-02 -1.3257215265e-01 -2.4039023615e-02
-3.3143003721e-02 -1.0168978073e-01 -4.1510784029e-02
-3.2971445932e-02 -9.9333378244e-02 -4.9980527755e-02
-1.7687676451e-02 -7.3861840037e-02 -7.8716652156e-02
-2.2317133815e-02 -9.6569078592e-02 -1.5741517964e-01
-1.1670955285e-01 -1.2197993610e-01 -2.5651308348e-01
-9.9823145766e-02 -2.1122532677e-01 -5.2128722079e-01
1.7800152850e-02 -4.2078088575e-01 -5.9484693853e-01
-2.3621417518e-01 -6.1359896342e-01 -4.2657496004e-01
-5.0083952498e-01 -5.1909229702e-01 -4.3726002418e-01
-4.7004318756e-01 -4.5754960253e-01 -2.4972340327e-01
-2.3991601054e-01 -2.4394665720e-01 -1.2009668416e-01
-1.1306848745e-01 -5.6973864963e-02 -8.1649235640e-02
-1.2664476669e-02 -7.9269922157e-02 -9.6358853124e-02
1.1344749003e-02 -6.3981264357e-02 -5.8372596134e-02
5.1961743388e-03 -1.2271009065e-01 -4.8043795972e-02
-3.1285002830e-02 -8.1036589266e-02 -2.9510803272e-02
-4.0175325692e-02 -7.3709200466e-02 -3.2946739936e-02
-5.0956578174e-02 -5.8423332920e-02 -9.1976714713e-02
-3.6047460390e-02 -8.3622876924e-02 -1.5672196839e-01
-9.3740893413e-02 -8.3065300545e-02 -2.3877001266e-01
-1.2733724873e-01 -5.1771062268e-02 -3.6256254761e-01
-1.6829308398e-01 -6.0665098087e-02 -3.0627875121e-01
-2.3347024019e-01 -2.3766669693e-01 -3.5966950815e-01
-1.6850156019e-01 -3.9967689549e-01 -6.1151365048e-01
-2.0862720745e-01 -4.8948968051e-01 -1.8695569824e-01
2.5837889230e-02 -4.6000462859e-01 -4.9048180402e-02
-7.9947839400e-02 2.3882109736e-02 1.1166875431e-01
1.2441763235e-01 -9.3429569154e-02 3.8179833291e-02
4.0485942338e-02 1.2419623228e-01 2.6327812430e-01
5.2222197284e-02 -1.1511783097e-02 3.7528448635e-02
1.3427218488e-02 -6.8968680296e-02 -7.6637791886e-02
-4.6673359347e-02 -5.3774846293e-02 -4.4660255337e-02
-5.8279672385e-02 -4.0051465127e-02 -1.1590129380e-01
-2.9714674619e-02 -6.3520465183e-02 -1.5446947464e-01
-5.6137348322e-02 -5.6734216944e-02 -1.9677818081e-01
-4.5873862945e-02 -4.0655910173e-02 -2.1231803759e-01
-4.4261372121e-02 -1.2733080842e-03 -1.3234314608e-01
-3.8698692196e-03 -9.2181662713e-02 -2.1188303386e-01
5.6332657748e-02 -1.5459936162e-01 -2.5310094233e-01
1.9295106393e-01 -1.8672588205e-01 9.7181693890e-02
4.2328576285e-01 -2.4655489946e-01 3.6858235527e-01
-2.4469478608e-01 4.3663565385e-01 3.3258866269e-01
2.3357839831e-01 6.1067644653e-03 3.3559454805e-01
-5.4170115577e-01 5.4248199705e-01 5.5211991903e-01
-3.4776910537e-01 2.6680375458e-01 1.2128525873e-01
6.4116922869e-02 -6.9525545302e-02 -3.3498338092e-02
-2.4353386599e-02 -5.8548343085e-02 -1.8755008194e-02
-5.8518215995e-02 -5.1268007220e-02 -1.4121284679e-01
-3.1370076766e-02 -7.5984013699e-02 -1.9629301313e-01
-5.4375031962e-02 -8.3235217078e-02 -2.1739917599e-01
-4.8542792575e-02 -6.8585598815e-02 -2.5579972363e-01
-4.9556962878e-02 -2.9479392377e-02 -1.6842562107e-01
-2.0245450711e-02 -5.3704016151e-02 -1.8143599979e-01
-4.1513382752e-02 -1.2603322772e-02 -1.4161209649e-01
8.0507726482e-03 1.5300574781e-01 2.5151304549e-01
-1.2182037363e-01 5.7977610872e-01 8.3588148314e-01
-1.0310048459e+00 1.2279409121e+00 3.9236308179e-01
-5.4592001368e-01 7.1817078821e-01 2.2254972039e-01
-1.4334465058e+00 8.7788078870e-01 -1.5207940703e-01
-9.2935295492e-01 4.4535414976e-01 -4.2081554956e-01
-1.1072331175e-02 -3.4525535127e-02 -3.8615181179e-02
-2.9350566728e-02 -5.0864208981e-02 -8.4617636929e-03
-4.8582534410e-02 -7.8400721009e-02 -1.7379937239e-01
-2.0773623791e-02 -1.0841409541e-01 -2.3947138483e-01
-4.4085777152e-02 -1.1031832236e-01 -2.3812311763e-01
-3.7897314888e-02 -1.1193909494e-01 -2.6852914232e-01
-5.4273022022e-02 -8.9924316421e-02 -2.1987110126e-01
-2.6837474143e-02 -1.2672943095e-01 -2.2540297901e-01
-2.1932879621e-02 -9.3867893848e-02 -1.9564825941e-01
-8.9320691345e-02 4.6977565953e-02 -2.6261807193e-03
-4.0474620845e-01 5.2547934817e-01 4.7891082393e-01
-1.1290859603e+00 1.0943788935e+00 2.5149964034e-01
-9.2304490096e-01 8.2258829266e-01 -1.0461393841e-01
-7.6546791821e-01 4.1827222908e-01 -2.6157152281e-01
-3.6561028614e-01 9.3838100324e-02 -2.0027474145e-01
-6.8707093900e-03 -6.1670824160e-02 1.4064215802e-02
-1.0851951194e-02 -7.4715866644e-02 1.1396164431e-02
-1.3179792709e-01 -4.7744240613e-03 -1.5796894281e-01
-1.6798737247e-01 -5.3760903552e-02 -2.1008644257e-01
-2.3894690507e-01 -6.4590557175e-02 -3.0189572557e-01
-3.2844499410e-01 -5.1012176157e-02 -4.1176338280e-01
-5.8652181914e-02 -9.8582543279e-03 -2.2863692075e-01
7.8525486174e-01 8.9208266236e-02 1.3927933652e-01
1.3378237270e+00 1.8420471239e-01 2.4114427573e-01
1.4684504142e+00 1.9898765544e-01 1.2445701519e-01
1.7353815120e+00 1.8159366985e-01 -1.8670447199e-01
1.9642236087e+00 1.6870542182e-01 -9.0767174713e-01
1.1527733257e+00 1.0406367124e-01 -1.1581733961e+00
-5.3778096399e-02 -3.6880702257e-02 -3.5100332376e-01
-3.0151472617e-01 -6.6447805884e-02 -7.8920588554e-02
-2.2583608092e-01 -8.9491419153e-02 -4.4457172378e-02
-1.7524042603e-01 -9.8803856055e-02 -5.1925727211e-02
-1.3380412453e-01 -3.1638012053e-03 -1.5236032338e-01
-1.7453086704e-01 -4.4722951915e-02 -2.2572203705e-01
-2.1967453143e-01 -6.4699482058e-02 -2.8060321802e-01
-4.8688194144e-02 -9.4732550060e-03 -1.6276579409e-01
4.6155350537e-01 8.2379823302e-02 2.3428655358e-01
5.9907609512e-01 1.1997480055e-01 1.5469688613e-01
2.7198255025e-01 6.2193687029e-02 -2.0055841904e-01
-1.7291026556e-01 2.9243193952e-02 -4.4391370687e-01
-6.5744283049e-01 -6.9764590927e-02 -3.3464391964e-01
-4.5273650110e-01 -5.7501712694e-02 -2.3291116087e-01
1.1505803716e-01 7.9026084631e-02 -2.6868057562e-01
4.3715178994e-01 1.2817993086e-01 -3.7183818834e-01
-9.4230288236e-02 -2.5026902791e-02 -1.8287075964e-01
-1.5263985238e-01 -8.3381338276e-02 -4.4803882219e-02
-1.1824325978e-01 -1.0171379877e-01 -5.1329378138e-02
-1.5501540675e-01 2.0476198426e-02 -1.8240187591e-01
-1.8547702911e-01 -3.8816267066e-02 -2.6343407751e-01
-5.7203916137e-02 -2.4706313228e-02 -1.3447000000e-01
2.1805428809e-01 4.8726657934e-02 4.7292212703e-02
4.0802413051e-02 2.0858962286e-02 -7.1836229403e-02
-2.0094415870e-03 -1.8406965976e-03 -2.8609744041e-01
-6.6652947529e-02 -2.8056344657e-02 -3.8629548643e-01
-3.7831487596e-02 -1.0022766803e-03 -3.6378087388e-01
-2.3945687273e-01 -3.8496704619e-02 -2.6179115414e-01
-1.6427650818e-01 2.4435121209e-03 -7.3836261808e-02
3.7923901642e-01 1.4671351479e-01 1.2154484510e-01
5.1704571073e-01 1.6593798913e-01 3.0153415994e-02
-8.1186996297e-02 1.2593977028e-02 -8.9409963615e-02
-1.5586608244e-01 -5.4210557406e-02 -3.8758006161e-02
-1.0531928819e-01 -7.7654535101e-02 -4.2698301126e-02
-1.8465256947e-01 3.6614087647e-02 -2.1425029342e-01
-1.1143514509e-01 -7.1189628634e-03 -2.4272311896e-01
7.4040566765e-02 4.9621556058e-02 -1.4009836748e-02
-1.3436371145e-01 1.3718358391e-02 -2.8028333338e-01
-3.1364132834e-01 -4.9682266597e-02 -3.9908244215e-01
-1.4573004033e-01 -2.3952341417e-02 -3.2975778944e-01
-1.1860004993e-01 -2.6610348163e-02 -2.9259960275e-01
-8.8487533636e-02 -1.9118704265e-02 -2.4478744529e-01
-8.5546381899e-02 -1.2594102791e-02 -2.0284375292e-01
-8.2726130812e-02 2.3055450603e-02 -1.0483822708e-01
2.5468252684e-02 2.8836694514e-02 1.0110506325e-01
-4.5473265141e-02 -3.2884676489e-02 1.4866573581e-01
-1.5888149233e-01 -5.4373094318e-02 -3.4966957785e-02
-9.6133539483e-02 -6.1553291443e-02 -4.7091597637e-02
-6.9395875162e-02 -8.0533326910e-02 -5.9995599417e-02
-1.3145965314e-01 1.7482494763e-02 -1.6697032501e-01
4.7956107378e-02 5.1209286408e-02 -7.3741832457e-02
-1.7665605242e-01 6.8316973495e-03 -3.1572541585e-01
-3.3884677634e-01 -3.7648356961e-02 -5.3672997176e-01
-2.0048757242e-01 -2.6710149954e-02 -2.9052033911e-01
-1.2909781044e-01 -3.0686552767e-02 -2.7820229817e-01
-8.2908342161e-02 -4.4780180964e-02 -2.3244189676e-01
-8.4540080568e-02 -3.3732841930e-02 -2.0501823986e-01
-5.6654723709e-02 -1.9279298499e-02 -1.5951576192e-01
-7.1757448230e-02 -4.3376878986e-02 -1.0576585815e-01
-9.7065433447e-02 -1.1699536640e-01 -1.1899965415e-02
-9.1773295235e-02 -8.3225017892e-02 1.0793808984e-02
-2.6972925285e-02 2.7517908576e-02 -2.7126529405e-02
-4.7381507445e-02 -1.5522270350e-02 -3.6322707823e-02
-6.5234647375e-02 -7.6494166219e-02 -4.4197056726e-02
-4.4636387732e-03 7.5180298001e-02 7.6750331169e-02
1.2645460647e-02 1.0356354590e-01 -8.2557675378e-02
-4.1450792683e-01 -5.4511081536e-02 -6.6834307044e-01
-3.3236607799e-01 -3.3045911973e-02 -5.0256895389e-01
-1.7991684401e-01 -2.7992789526e-02 -2.8766573162e-01
-1.0676549808e-01 -5.8847559102e-02 -2.7345804019e-01
-8.0729770447e-02 -5.9402935147e-02 -2.4942036672e-01
-6.6995657821e-02 -4.7255898603e-02 -2.1396155955e-01
-3.3077740816e-02 -3.3582594007e-02 -1.6467771855e-01
-4.3370345107e-02 -5.9427182709e-02 -1.1117124269e-01
-3.2567475333e-02 -1.6625672483e-01 5.2485780367e-03
6.6007257211e-02 3.5549479719e-02 4.0886403649e-02
2.1414780187e-01 4.4918065321e-01 -9.1890082980e-02
1.1686329605e-01 2.7139614019e-01 -1.5052161238e-01
-4.9376968512e-02 -4.9076742444e-02 -6.8892176465e-02
-6.9026372216e-03 1.7212837917e-01 1.7953425666e-01
-1.4081778670e-01 1.7770384618e-01 -2.9946877630e-01
-3.1437415009e-01 2.6509715661e-03 -6.3729005372e-01
-2.0560014011e-01 -8.8418625693e-02 -4.4235847170e-01
-1.5153740787e-01 -8.7348036981e-02 -3.0135415488e-01
-1.1755397601e-01 -8.5866700932e-02 -2.9215946346e-01
-1.0608175278e-02 -6.8293826985e-02 -2.2958767565e-01
6.9496010123e-02 -1.5839122203e-02 -1.9173779517e-01
3.6819122529e-02 -1.3608031681e-02 -1.6084121307e-01
1.2489632182e-02 -6.9037196797e-02 -9.7376161879e-02
4.3434898457e-02 -2.6298226166e-01 1.7863091416e-01
-1.2137084574e-01 -3.7916044221e-01 2.0321328080e-01
-1.0287053132e-01 3.0741073681e-01 -1.2752128605e-01
1.2448545645e-01 4.6083308442e-01 -2.2636019698e-01
-1.7266031715e-02 -1.9553994024e-02 -3.1122947431e-02
-2.3438403085e-01 2.4314478274e-01 1.6565820089e-01
-2.2266581496e-01 2.6873872486e-01 -1.9726794254e-01
1.5894724270e-01 -1.5989263574e-01 -5.8898624935e-01
4.7405257601e-02 -2.0630046493e-01 -4.8435632736e-01
-4.3065484688e-01 7.1916588716e-02 -3.3576854234e-01
-2.6876829969e-01 1.3298179381e-02 -2.7346872528e-01
4.9713670089e-01 -5.5402656322e-02 -1.5678371101e-01
3.2391731981e-01 1.1108549437e-01 -1.1660025740e-01
-3.9138035224e-01 -2.0859333789e-02 -1.7113029199e-01
-1.7841729322e-01 -1.3131866915e-01 -3.1904766664e-02
2.4110678325e-01 -3.2348624871e-01 3.2109979796e-01
4.4307498810e-01 -2.3357264394e-01 -1.5567547211e-01
-4.0221633205e-01 4.7039552042e-01 -5.5537084944e-01
-2.1396096421e-01 3.9286936949e-01 -2.4103543264e-01
-5.2093686523e-02 -3.5679068404e-02 6.7506283931e-03
-5.9889156319e-01 3.0420851098e-01 3.3451181965e-01
-9.7781312496e-01 4.9290603963e-01 2.5771325580e-01
-2.8655063271e-01 -4.6191763416e-02 -3.8386322475e-01
9.6614858812e-02 -1.3066456946e-01 -4.2255089007e-01
-3.5122474745e-01 5.9097360724e-02 -4.3172756317e-01
-2.4549388342e-01 -5.3146502897e-02 -4.1361509613e-01
5.0813203865e-01 -1.8708438554e-01 -2.9104205720e-01
1.1609782296e-01 -1.0659937063e-01 -2.5811317231e-01
-6.2369000919e-01 -2.0922797916e-01 -2.2497355363e-01
-1.8159879262e-01 -2.3067464839e-01 6.7382814788e-03
-3.7576860135e-01 -4.2609870501e-01 -1.6168633097e-01
5.1084710949e-01 -1.3974355612e-01 -5.3330711013e-01
1.3242823033e-01 3.2941595924e-01 -3.6159117793e-01
-2.0256084821e-01 8.9362417545e-02 -1.1972338751e-01
-3.7399715853e-02 -8.9583623723e-02 3.2567320537e-03
-3.0572601352e-01 3.0659721226e-02 -1.2804939992e-02
-1.0355643150e+00 2.7191508939e-01 3.0249235746e-02
-1.3929376933e+00 4.0454296663e-02 -5.6727529078e-01
-6.6985864196e-01 -1.0616217866e-01 -8.7004146335e-01
-2.7216418630e-02 -2.4657229858e-02 -5.7623687875e-01
1.2628196883e-01 -8.7641041653e-02 -4.2607330146e-01
1.0096845230e-01 -1.7134678946e-01 -3.3812050736e-01
6.3812187476e-02 -1.8663475662e-01 -3.2661466046e-01
6.9348108265e-02 -1.4675712564e-01 -2.3506321345e-01
1.1955872060e-01 -1.1652005397e-01 -5.8103167398e-02
-3.6782804538e-01 -2.8477270315e-01 -1.3059355113e-01
2.2354051360e-01 -2.1987711449e-01 5.5427379297e-02
1.7067380633e-01 -7.6778324928e-02 1.2913569114e-01
-8.5800508361e-02 -7.7803502602e-02 -1.0073767881e-02
-3.5740786687e-02 -8.2442198616e-02 -1.1543866562e-02
-8.3215355549e-02 -8.7678307667e-02 -1.6052118402e-01
-3.5785028807e-01 -8.3422752414e-02 -2.5363305036e-01
-5.2439870358e-01 -6.4139131893e-01 -1.0555023446e+00
-1.5803639374e-01 -9.0761300537e-01 -1.5218981641e+00
1.3565763240e-02 -2.4055027427e-01 -1.0417141488e+00
-7.6539974336e-02 -1.3925000841e-01 -6.2882274035e-01
-1.6547976294e-01 -1.4156955271e-01 -4.1553934938e-01
-1.2141683559e-01 -1.2266293741e-01 -3.3282198968e-01
-8.6163195503e-02 -1.0409475465e-01 -2.7170956822e-01
-5.5475965219e-02 -9.3693552068e-02 -2.0009755455e-01
-1.0312437587e-01 -9.2940247668e-02 -2.1759993490e-01
-4.2291379782e-02 -9.8226735128e-02 -6.0674589814e-02
-6.0072881339e-02 -7.2053496613e-02 -8.0222611371e-03
-4.4132719549e-02 -8.6149408734e-02 -4.7353336461e-02
-2.1802232163e-02 -8.7375421287e-02 -6.3127807955e-02
-5.5128411549e-02 -7.7949000550e-02 -1.4852383279e-01
-1.4065177138e-01 -1.1149973002e-01 -2.7704929320e-01
-2.7366800346e-01 -3.3922355833e-01 -4.5967303318e-01
3.1397260156e-02 -6.8409718202e-01 -8.4276303442e-01
3.9245349057e-01 -6.4681433412e-01 -1.1406356425e+00
1.5796155105e-02 -5.2808599011e-01 -8.4425543209e-01
-5.2446094169e-02 -4.3832404987e-01 -7.3093312969e-01
-1.0371329725e-01 -2.0461919110e-01 -3.8088250547e-01
-8.5793389768e-02 -9.8045747479e-02 -2.4124004997e-01
-5.5530868600e-02 -8.7572907837e-02 -2.1049828377e-01
-2.2731752883e-02 -7.6281890445e-02 -2.0111034304e-01
1.6656883321e-02 -7.2863725226e-02 -1.2395963804e-01
4.4835180789e-03 -4.9404904174e-02 -4.8409972222e-02
-3.1056473632e-02 -5.5841494803e-02 -3.3569825533e-02
-3.2572576217e-02 -7.0260289037e-02 -4.4279581921e-02
-8.6829178852e-02 -5.0869914385e-02 -1.3707612734e-01
-6.7050165191e-02 -7.9400150343e-02 -2.5528477638e-01
-1.6112468762e-01 -1.0014589756e-01 -3.6352346059e-01
-1.3253074116e-01 -2.2419612839e-01 -4.9938754836e-01
6.0557482608e-02 -3.4835764029e-01 -6.4864383787e-01
2.6088085779e-01 -6.1385203109e-01 -8.1686584874e-01
4.7885073921e-01 -8.7242602562e-01 -1.1569794980e+00
1.1638959548e-01 -3.1988870706e-01 -4.2023930226e-01
-1.0605348641e-03 -9.1718421547e-02 -1.1778998193e-01
-4.7474020942e-02 -2.5686763116e-02 -1.0229916428e-01
-2.4347561198e-02 2.1008155293e-02 -1.2248794018e-01
-9.8269225232e-02 -8.7807247181e-03 8.8271368766e-02
-1.7744104515e-02 -3.7724388636e-02 1.0270881815e-02
3.3577698669e-02 -2.5935581412e-02 -9.0542726138e-02
-3.0820458513e-02 -4.7019484940e-02 -5.0589840924e-02
-8.8425979114e-02 -3.7604071464e-02 -1.4812498134e-01
-4.7342238389e-02 -5.2459905336e-02 -2.0577212348e-01
-7.3239341784e-02 -5.3343496100e-02 -2.3962823372e-01
-5.9036366413e-02 -4.1797455965e-02 -2.5686055783e-01
-4.0482683679e-02 -5.0712952858e-02 -2.1451493076e-01
5.1110856824e-02 -2.3447673878e-01 -4.3448284222e-01
2.4939613837e-01 -3.7981498694e-01 -5.0063507166e-01
3.0105461809e-01 -1.2416298909e-01 2.3474957019e-02
1.6216803467e-01 -2.0566434835e-02 2.0809496945e-01
-5.5962665192e-02 2.1191401845e-02 -5.0393062913e-02
2.2776838899e-01 -1.5476641716e-01 2.2781687633e-01
-5.3689195967e-01 -1.5251350423e-01 8.1995416195e-01
-5.6031457314e-01 -8.1795858448e-02 2.8907254418e-01
7.5073921479e-02 -5.5425636524e-02 -4.0453677929e-02
-4.8660143394e-03 -5.2560071793e-02 -3.6190150809e-02
-8.2919758572e-02 -5.1347225076e-02 -1.8075042602e-01
-4.5363017850e-02 -7.1354130922e-02 -2.4935381124e-01
-7.0653208623e-02 -8.0501475846e-02 -2.5565115228e-01
-4.8112772641e-02 -3.2659310334e-02 -2.5337817514e-01
-3.7067065209e-02 -1.9223022162e-02 -1.9280159603e-01
-4.0071092300e-02 -2.8712487643e-02 -2.1846249980e-01
2.3102929430e-02 7.4735940098e-02 -4.9840703316e-02
8.4555544356e-02 3.2495931182e-01 5.4911914734e-01
-9.3231605661e-02 3.6238360424e-01 5.5595843893e-01
-1.7268577919e-01 2.8695083916e-01 -8.4617383599e-02
1.8492943122e-01 8.7477952886e-02 1.8519747042e-01
-9.0524583793e-01 4.8642168665e-02 1.6382981611e-01
-1.1902319322e+00 8.1708391632e-02 -3.3977770319e-01
-2.6173792448e-02 -4.8184634610e-02 -6.3693201842e-02
-1.2159758956e-02 -4.7635959776e-02 -1.5841793878e-02
-7.6366220420e-02 -9.2138798432e-02 -2.3153262101e-01
-4.6714461586e-02 -1.1229182929e-01 -3.1041386473e-01
-8.0504372410e-02 -1.2016054524e-01 -3.0919811800e-01
-8.2321124317e-02 -1.1854875480e-01 -3.2559276783e-01
-7.2433567471e-02 -9.1033476782e-02 -2.6395780850e-01
-5.8464312342e-02 -1.0888228488e-01 -2.6995504454e-01
-7.4653365362e-02 -3.0003619061e-02 -1.4710137396e-01
-2.6183788273e-01 2.7996946696e-01 3.6630266239e-01
-1.0008602091e+00 7.6532427475e-01 8.8021222184e-01
-1.9406532795e+00 1.0593644721e+00 2.8004825218e-02
-1.4457819476e+00 7.4286352488e-01 -5.4506692177e-01
-7.6978478209e-01 2.3339464911e-01 -4.6052931033e-01
-5.1870477544e-01 3.4832927126e-02 -3.7725789755e-01
-1.6174120497e-02 -6.3140744285e-02 -2.0477826379e-02
2.4378444859e-03 -7.5785150855e-02 4.8633993379e-04
-1.5458687208e-01 3.5033060562e-02 -1.7768844343e-01
-2.1341662574e-01 -1.0612973775e-02 -2.4701776200e-01
-2.8051760632e-01 -1.5728165784e-02 -3.3531851207e-01
-3.2800119055e-01 -3.1241227398e-03 -3.8120190882e-01
-2.8872422149e-02 -2.0679309834e-02 -1.9333841890e-01
6.9101359649e-01 -1.5577343152e-01 1.1715853502e-01
1.2025209401e+00 -2.8954765785e-01 2.2792631497e-01
1.4978036928e+00 -3.9670638595e-01 1.9637740729e-01
1.5354172192e+00 -4.3995588657e-01 -1.3070365063e-01
1.6494140998e+00 -3.4926624407e-01 -6.9959315379e-01
1.0866442694e+00 -1.2122528090e-01 -9.9847235568e-01
6.6871282011e-02 3.5213435391e-03 -3.5710979313e-01
-2.7882418491e-01 -8.7879164926e-03 -8.0628292819e-02
-2.1281636835e-01 -5.9595839758e-02 -2.7785655859e-02
-1.7139858893e-01 -6.1633949656e-02 -5.1603018731e-02
-1.7515223657e-01 4.7603376774e-02 -1.8149122925e-01
-2.3504359904e-01 -8.9662993403e-03 -2.4384138976e-01
-2.8427934690e-01 -1.7807158915e-02 -3.0656924052e-01
-5.5899576117e-02 -3.7915707707e-02 -1.5067847895e-01
5.3541083439e-01 -7.1154680464e-02 2.8232942501e-01
5.3044347829e-01 -1.1324073371e-01 1.4215062960e-01
3.8953820316e-02 -9.4574017191e-02 -2.1419351562e-01
-3.5605824537e-01 -5.9131893457e-02 -3.5015319161e-01
-7.3959292539e-01 -7.8780762201e-03 -2.5477399008e-01
-5.5062806009e-01 -8.1497360098e-03 -7.6642166375e-02
-3.2455184611e-02 1.5943910934e-03 -1.3075702721e-01
6.5279967421e-01 -1.9808995884e-03 -4.7710354199e-01
-1.5706485384e-02 7.3688327138e-03 -2.5500398062e-01
-1.5353582811e-01 -4.8440904730e-02 -3.6890261019e-02
-1.0457508380e-01 -6.0443466799e-02 -3.3661862395e-02
-1.7607068057e-01 6.6401573307e-02 -2.0578479789e-01
-2.5873968639e-01 1.0981483262e-02 -3.4855503843e-01
-1.5189166027e-01 -1.6299524221e-02 -2.3263862270e-01
1.4845561197e-01 -1.6386011111e-02 -4.0268652757e-02
-4.1325898409e-02 -2.9491801659e-02 -1.4813188221e-01
-2.1965699836e-01 -1.6416321449e-02 -3.6299287186e-01
-3.1442183549e-01 -1.1944073969e-02 -4.0182114537e-01
-2.9056060036e-01 -6.4690606232e-03 -3.2179024358e-01
-3.5485035790e-01 1.7793805360e-02 -2.0256451688e-01
-2.9180064921e-01 4.1033784909e-02 -3.7497588798e-02
2.3232665833e-01 -1.0055574577e-01 2.0072379932e-01
7.2527203711e-01 -2.2242796062e-01 1.2146700870e-01
-4.7164163928e-02 -1.8987515970e-02 -1.0886517074e-01
-1.5069755955e-01 -1.5872625796e-02 -4.9926268830e-02
-1.0677547177e-01 -4.6853293819e-02 -3.5819241916e-02
-2.2278574196e-01 8.8975220202e-02 -2.4905786653e-01
-2.3668129855e-01 2.8506652869e-02 -4.0391040506e-01
-1.1224257968e-01 1.0592177623e-02 -2.2660522421e-01
-2.8508229557e-01 5.0887115342e-02 -4.7500220096e-01
-4.6519208660e-01 9.6842443563e-02 -5.4576509795e-01
-3.2610262537e-01 6.0995850234e-02 -4.3157027835e-01
-2.1039815986e-01 1.5364491056e-02 -3.3823762238e-01
-1.1761450561e-01 1.9377083415e-03 -2.2117161291e-01
-1.0362055874e-01 2.4278424397e-02 -1.6416271779e-01
-1.0784847457e-01 5.9030046707e-02 -1.0035562472e-01
3.5887177485e-02 -6.7714287235e-02 5.6320925558e-02
4.5535914651e-02 -2.3355016420e-01 2.2324966567e-01
-1.9073529835e-01 -5.5304649212e-02 2.8104694081e-02
-1.1036343503e-01 -1.4522957832e-02 -4.6812302331e-02
-7.1395080561e-02 -5.9114120243e-02 -5.1366351698e-02
-1.8390015097e-01 4.2927179017e-02 -2.4665992962e-01
-1.6036988626e-01 -1.3464155575e-02 -3.5403026187e-01
-4.4335053833e-01 4.6273598668e-02 -6.2175860669e-01
-5.5778038369e-01 1.1388424238e-01 -7.3109121511e-01
-3.6422172301e-01 1.0516835051e-01 -4.1889242753e-01
-1.7866914165e-01 2.8676259191e-02 -2.9976952551e-01
-9.6657988338e-02 -8.3094752684e-03 -2.3417365332e-01
-8.6950637463e-02 -6.2512666014e-04 -1.9000679795e-01
-6.3025184732e-02 1.2626726575e-02 -1.3351261305e-01
-8.9073565828e-02 4.3091091509e-02 -9.3899070471e-02
-8.7635313000e-02 1.5950004632e-02 -3.8472678658e-02
-6.4360735322e-02 -1.2558976983e-02 3.4454224763e-02
9.3217549148e-02 2.2171521279e-01 -1.3462875398e-02
8.0550056703e-02 2.2110621632e-01 -4.2461083720e-02
-5.4355119511e-02 -2.9322166855e-02 -4.5884343557e-02
-7.4981014956e-02 1.2355650130e-02 -5.9375831777e-02
-3.2701861590e-01 5.5318399975e-02 -5.9149659156e-01
-7.6714899282e-01 1.2546046835e-01 -1.0674697843e+00
-4.9571080023e-01 8.2837534065e-02 -6.4695600870e-01
-2.3300129630e-01 4.9461187943e-02 -2.9687026528e-01
-1.2765905231e-01 -7.6500748944e-03 -2.6187901275e-01
-9.8824230457e-02 -1.6864458754e-02 -2.4849621630e-01
-2.3197523433e-02 1.7914750904e-02 -1.6982904427e-01
4.9208318450e-02 8.4482442826e-02 -1.3643601059e-01
-8.2666508328e-03 5.9583685868e-02 -1.0756352360e-01
-6.9673256681e-02 2.1969640876e-02 4.7669705828e-02
5.8379059285e-02 2.2854694849e-01 3.4244603406e-01
5.2115866992e-01 9.4970499819e-01 1.4489662919e-01
4.8017040892e-01 8.8269551930e-01 -1.9405235174e-01
1.7157344892e-02 9.9705269577e-02 -9.5346877826e-02
-9.6194273952e-02 4.0399191288e-02 -1.3529183841e-01
-5.2602359384e-01 1.5617290719e-01 -1.0776697251e+00
-5.9916965930e-01 1.0313316423e-01 -1.0738828466e+00
-2.4460452461e-01 -4.0520821862e-03 -4.5755918583e-01
-1.4163355684e-01 -1.2356597661e-02 -2.6603483568e-01
-1.0597869602e-01 -2.7891847473e-02 -2.6762341209e-01
7.7144964966e-02 5.7648516901e-02 -1.3525416488e-01
6.2824700569e-01 3.7732027033e-01 5.9844551343e-02
7.6494759402e-01 5.8574588134e-01 -5.9427672625e-02
3.3389612363e-01 2.8525688413e-01 -1.7908923823e-01
1.8505190894e-01 -2.2719206810e-03 2.7111610527e-02
-9.9116134038e-03 -4.5772408850e-01 4.1556636409e-01
-1.0633586804e-01 -2.8141489951e-01 6.4137844741e-01
1.4224424176e-01 3.5074408007e-01 1.3721652387e-01
2.7220435586e-02 6.9756263581e-02 2.7314400405e-02
-4.2295880552e-01 7.3292956849e-02 1.2876835925e-01
-7.0515703905e-01 -1.1380400604e-02 -4.1908747811e-01
-3.2077203013e-01 -1.8222593698e-01 -6.5555938228e-01
-1.7058272496e-01 -1.3148749524e-01 -4.2117552411e-01
-2.3808008837e-01 2.1253925409e-03 -2.9906202106e-01
-1.2858124984e-01 6.6467885000e-02 -2.3164820658e-01
4.7287001615e-01 2.6062482631e-01 4.8621017596e-02
1.1360033394e+00 7.0163596552e-01 2.3389963783e-01
5.8962741559e-01 6.6707769871e-01 -8.0867098126e-02
1.6216519380e-01 2.8762205934e-01 -1.4815088703e-01
2.4922043573e-01 6.1522924748e-02 -2.4182846389e-01
5.1366733455e-01 -2.6156155995e-01 -2.4511472207e-02
6.4547147142e-02 -1.7467876299e-01 2.3769767463e-01
-1.2538194432e-01 1.3423024292e-01 1.6250561989e-01
-1.9776920942e-02 1.3220782927e-02 1.3462470675e-01
-6.6686315751e-01 3.8270752748e-02 4.2934869455e-01
-9.1649483367e-01 -8.9672496019e-02 1.8567200664e-01
-6.3035650497e-01 -2.5062326785e-01 -4.6827714279e-01
-7.2187786340e-01 -1.8972412121e-01 -4.9712752383e-01
-6.0946871049e-01 1.1767328322e-02 -3.8967008662e-01
-4.0067364933e-01 6.0114654586e-02 -3.8531553950e-01
-3.0354866358e-02 4.0944574423e-02 -2.4993007224e-01
9.0839436821e-02 7.3012841570e-02 -1.7889350784e-01
-2.2599357243e-01 -3.4894165863e-02 -1.7476659428e-01
2.9107987132e-02 7.0529237114e-03 9.3730584567e-04
-4.7078346624e-01 -9.3063389840e-02 -5.9638292856e-01
1.3462253230e-01 -3.3009710798e-01 -6.9884975171e-02
-1.0024750553e-01 2.3339218574e-03 3.8175943916e-01
-4.3443157204e-01 1.3758471191e-01 -9.8630022053e-02
-4.6733530475e-02 -4.3912894144e-02 2.6864212843e-02
-1.5595008629e-01 -9.5397231571e-02 -7.6888645693e-02
4.0395002534e-02 -1.3011170283e-01 -2.2315577389e-01
-1.5745958930e-01 -1.7588358676e-01 -7.5607277980e-01
-5.8321593601e-01 -2.2741607307e-01 -8.4101826312e-01
-3.2368482742e-01 -9.8867819582e-02 -5.0351047110e-01
-1.4351552738e-02 -6.1057691827e-02 -3.8206696083e-01
-1.7935485573e-01 -9.7714969159e-02 -3.8879258460e-01
-3.0504843337e-01 -1.5184224365e-01 -3.3878631583e-01
-1.2519514594e-01 -1.1553752364e-01 -2.2764876595e-01
2.1689574025e-01 6.7079938387e-04 -3.9242194175e-02
1.6630515971e-02 -6.7314783146e-02 -2.7547636599e-01
6.3880680372e-01 -2.5981062801e-01 1.4529029455e-01
3.2112268269e-01 -1.7417603277e-01 3.0209391008e-01
-1.6805930609e-01 -2.1836485122e-02 -3.4649585342e-02
-4.5080405467e-02 -5.9101123244e-02 -1.7250740484e-02
-1.1295666005e-01 -1.0792934322e-01 -1.5345052750e-01
-3.4528286014e-01 -1.6040736031e-01 -2.4702193154e-02
-4.1514369668e-01 -7.2121991913e-01 -6.4040069424e-01
-1.5263670774e-01 -9.3587430475e-01 -1.1766524698e+00
1.1007093999e-03 -4.0604226964e-01 -7.6401891047e-01
-6.9983031038e-02 -1.4648365274e-01 -4.8365407142e-01
-1.8359531851e-01 -9.9388582977e-02 -3.9251068738e-01
-1.9065207765e-01 -1.1387926536e-01 -3.1118685098e-01
-1.5803429727e-01 -9.1680870241e-02 -2.4947136099e-01
-9.0361364758e-02 -7.6880372536e-02 -1.9263887746e-01
-1.0805482757e-01 -5.2267488524e-02 -1.9028994373e-01
-2.0335614903e-02 -1.4186870591e-03 -2.9596168838e-02
-2.4272984844e-02 4.4114810464e-02 -4.4023929494e-02
-4.1274534683e-02 -1.6819735794e-02 -6.8606554427e-02
-1.8555412424e-02 -6.6231897581e-02 -4.6591018769e-02
-7.4738518482e-02 -6.6794342442e-02 -1.8150409302e-01
-3.5210480532e-01 -1.4474234660e-01 -1.9829910708e-01
-5.8123881299e-01 -3.9603896109e-01 -3.0445667843e-01
9.1894916218e-02 -9.4784138724e-01 -8.8458249419e-01
4.6837936113e-01 -1.0126498414e+00 -1.0897224518e+00
1.1530238601e-01 -4.3774690810e-01 -7.3367948420e-01
-8.7477341162e-03 -1.9265154682e-01 -4.6819997310e-01
-8.1371533741e-02 -1.1155438891e-01 -2.8901282050e-01
-9.3540291652e-02 -7.5325863682e-02 -2.3542215059e-01
-7.4575222390e-02 -6.9122436978e-02 -2.0401965369e-01
-4.7037541690e-02 -3.8390401827e-02 -1.7073418617e-01
-3.1981175608e-02 -4.9668545165e-02 -4.7595238490e-02
-2.8499680405e-02 -4.8769768337e-02 -9.5676133771e-03
-2.2765592777e-02 -3.0944919233e-03 -5.2897449546e-02
-3.5895981858e-02 -4.7978270821e-02 -4.8143280566e-02
-9.5376803349e-02 -3.6304475862e-02 -1.7297264116e-01
-1.1685399500e-01 -7.4613248642e-02 -2.7274012576e-01
-2.3736396527e-01 -8.3519182492e-02 -3.8950108538e-01
-2.0345882935e-02 -3.3985753234e-01 -6.8688196474e-01
2.6859152862e-01 -6.3452911381e-01 -7.5917651293e-01
1.1856267929e-01 -5.7120471756e-01 -7.1965619960e-01
1.2157238709e-01 -4.5774487787e-01 -7.9733015470e-01
1.7750095080e-02 -1.3901971867e-01 -3.4826963300e-01
-1.0065719245e-01 -2.7204648854e-02 -1.9780142940e-01
-7.5510650515e-02 -4.3431452548e-03 -1.4691621272e-01
-4.7437928792e-02 -1.6294071733e-02 -1.4843827398e-01
-2.3146351286e-01 -3.8153346320e-01 2.1465029368e-01
-1.6826640945e-01 -4.4393124189e-01 2.0815585448e-01
2.6943765429e-02 -2.3856725005e-02 -4.6978235605e-02
-2.2174294313e-02 -2.7231364433e-02 -5.3917823048e-02
-9.5107971440e-02 -3.1321007302e-02 -1.7277780876e-01
-6.5284509849e-02 -6.5293283731e-02 -2.5995703815e-01
-9.4485989375e-02 -5.4138974586e-02 -3.0968856343e-01
-7.4529489235e-02 -3.2336048531e-02 -3.1709757592e-01
-4.9651069866e-02 -2.4940203381e-02 -2.8236820554e-01
-8.8022905798e-02 -1.6260401928e-01 -4.3692409530e-01
1.6347640330e-01 -2.2420478565e-01 -4.7651266141e-01
9.7197068133e-02 2.9519189631e-03 -1.2315354335e-01
-8.3488554456e-02 1.7811618702e-02 1.8709613893e-03
-6.6744850788e-02 -2.1065672182e-02 -1.3154048718e-01
7.4220658823e-02 -6.2723501084e-02 1.7806512728e-01
-3.4569069964e-01 -3.5268827849e-01 9.5500156769e-01
-5.5737785530e-01 -3.7467539782e-01 2.7215989962e-01
3.5081159382e-02 -2.6441154612e-02 -1.1486414875e-01
-2.3932581204e-03 -3.8138473235e-02 -3.8205870058e-02
-9.6324290109e-02 -4.5950377677e-02 -1.9411128190e-01
-6.9241432177e-02 -6.8358994796e-02 -2.4500040044e-01
-9.5393664950e-02 -8.6060466261e-02 -2.8939758156e-01
-7.7374902410e-02 -4.2126715918e-02 -2.8559672028e-01
-6.9234488122e-02 4.2653184398e-04 -2.2481850407e-01
-8.6533695667e-02 2.9308931006e-02 -2.0287373809e-01
6.7625746099e-02 2.2323603654e-01 1.1724763489e-01
-3.2814063923e-01 3.6521068300e-01 5.5513183192e-01
9.1918975510e-02 6.0679334150e-02 1.6048112651e-01
7.8159886125e-01 -1.3315154203e-01 -2.0510705705e-01
5.1449946211e-01 -6.0350313991e-02 1.1213598092e-01
-2.9290418301e-01 -1.1694226598e-01 1.5887222761e-01
-8.1379626452e-01 -5.3085859709e-02 -3.8874619404e-01
-6.2317583229e-02 -1.1532764370e-02 -1.3056819273e-01
-1.6297412870e-02 -4.1652882211e-02 -1.0198845068e-02
-8.5787273074e-02 -8.6897066016e-02 -2.3568704609e-01
-7.0681465062e-02 -1.1809001183e-01 -3.2527957944e-01
-9.5001531818e-02 -1.1666957950e-01 -3.1666012524e-01
-1.1023813350e-01 -1.0155198797e-01 -3.2254390556e-01
-9.6211238853e-02 -6.9452288041e-02 -2.5752549340e-01
-8.1605974981e-02 -8.0988660822e-02 -2.3605323856e-01
-2.2247803262e-01 5.6802887920e-02 4.0942994869e-02
-7.5045131902e-01 2.5386247598e-01 7.5462580998e-01
-1.5346606368e+00 2.3098226847e-01 8.4385224646e-01
-1.9679704031e+00 1.9879501752e-01 -8.4095983777e-02
-1.6395527039e+00 1.5371219962e-01 -8.1697941401e-01
-6.8420550608e-01 -3.9358471309e-03 -5.8480449958e-01
-4.1734978719e-01 -1.9783592918e-02 -3.4310288748e-01
-2.4874615943e-02 -4.6242728914e-02 -3.2183695371e-03
-2.4744058966e-03 -6.5604419520e-02 1.2965944669e-02
-2.2801995930e-01 5.0933154647e-02 -2.0736911538e-01
-2.5373607578e-01 4.3232971757e-02 -2.8705553442e-01
-3.1916878424e-01 4.2697910940e-02 -3.4272026521e-01
-3.3149092436e-01 6.0272828905e-02 -3.9816452446e-01
-1.6632537337e-01 1.3397259337e-02 -3.3813761345e-01
2.6668455390e-01 -1.7388726964e-01 -1.6908925331e-01
7.2715449266e-01 -4.4935257930e-01 -1.4981966354e-02
9.8344062298e-01 -6.1245327061e-01 3.6513725586e-03
9.3849850615e-01 -6.2051166326e-01 -1.7438520271e-01
1.2234103595e+00 -5.5358904972e-01 -4.5518054517e-01
1.2116277858e+00 -3.1958721587e-01 -9.0355810713e-01
2.7058062083e-01 -5.6283121347e-02 -5.8542043173e-01
-3.0051054394e-01 4.1304542844e-02 -1.5229368586e-01
-2.4355000268e-01 -5.2644155430e-02 -8.0426689978e-02
-1.9812803439e-01 -6.5465715187e-02 -6.1603919442e-02
-2.2509389555e-01 6.5536283396e-02 -2.0125220638e-01
-2.5965310898e-01 4.8977721264e-02 -2.8866541191e-01
-3.2281638064e-01 3.6888745489e-02 -3.3610702731e-01
-1.2215219935e-01 1.4973862545e-02 -2.5024546803e-01
3.6566698564e-01 -1.8589061405e-01 7.7076234392e-02
4.7945493082e-01 -3.0904221301e-01 3.9963092976e-02
1.6992582830e-01 -2.6693010772e-01 -1.4388354364e-01
-1.0722658395e-02 -1.5386831352e-01 -2.4685340444e-01
-3.1901223861e-01 -1.2706998791e-02 -2.3831214381e-01
-2.4659231801e-01 4.6407431696e-02 -1.0635798346e-01
2.7859456693e-01 -2.2217974224e-02 -4.4228750105e-01
7.9259244693e-01 -2.0312229363e-01 -1.0482087030e+00
2.8332311975e-02 -2.0194716950e-02 -4.0415091659e-01
-1.6922354403e-01 -3.3889758832e-02 -4.9841135165e-02
-1.4249660550e-01 -7.2049237935e-02 -2.2717156358e-02
-2.6403553575e-01 8.8267799550e-02 -2.5614072283e-01
-3.0160344389e-01 6.3410179767e-02 -3.9093344000e-01
-2.6032050003e-01 -3.7031912905e-03 -2.9441188102e-01
1.0253884770e-01 -5.9404207338e-02 -1.3215054504e-01
-5.7100057982e-03 -6.0678250079e-02 -1.9012074750e-01
-4.0093394696e-01 3.0173219790e-02 -4.9263901618e-01
-4.7864127935e-01 4.4931048058e-02 -4.4410548836e-01
-3.3444468503e-01 7.8279139972e-02 -3.0182519369e-01
-3.1743827007e-01 1.0356288922e-01 -2.1255194149e-01
-3.3575444032e-01 1.1007846187e-01 -9.1417928039e-03
-4.3535278453e-02 -1.1627680613e-01 1.1157239632e-01
7.6836516974e-01 -5.9720750705e-01 -4.5108896979e-01
2.5354835148e-01 -1.7798179070e-01 -5.2362726454e-01
-1.0343042393e-01 1.2048635707e-03 -1.2356131577e-01
-1.4173187116e-01 -5.2855395684e-02 -3.5536563439e-02
-2.9688327728e-01 1.0605268363e-01 -2.9676248673e-01
-2.7734030759e-01 6.7383472442e-02 -4.2928385054e-01
-1.1863597595e-01 -1.2839198939e-02 -2.1614411127e-01
-2.8467049434e-01 1.1630390537e-01 -4.9786081038e-01
-7.2399438860e-01 3.2609647996e-01 -8.0774617107e-01
-6.3155798589e-01 2.8546502308e-01 -6.8521750040e-01
-3.0483205440e-01 9.2539741300e-02 -3.9840171938e-01
-1.9629865685e-01 1.2216905481e-01 -2.7272305903e-01
-1.6576917502e-01 1.1143071403e-01 -2.1591171263e-01
-1.4245950254e-01 5.2809646823e-02 -1.1699240199e-01
-5.6710114776e-02 -2.4056657460e-01 4.3619658533e-02
2.0167613423e-01 -7.5525919193e-01 -4.4204806565e-03
3.5557538084e-01 -3.5664990467e-01 -3.8651103708e-01
1.5506816302e-01 3.5357863494e-02 -2.3814241119e-01
-8.8060381081e-02 -5.3571527611e-02 -7.1574422931e-02
-2.5595085652e-01 6.0730741871e-02 -2.9581636664e-01
-1.6457426038e-01 1.4216195116e-02 -3.5056826245e-01
-4.0191892732e-01 1.3345477703e-01 -5.7706191891e-01
-8.4957659704e-01 4.4509317635e-01 -1.0360527101e+00
-7.7471213408e-01 4.5374910895e-01 -8.5699957563e-01
-3.4012063076e-01 1.7865560096e-01 -4.7406321461e-01
-1.2624815091e-01 6.1463827463e-02 -2.8562534023e-01
-8.4820596510e-02 1.2970649213e-01 -2.0792285158e-01
-4.8085370836e-02 2.0711187944e-01 -1.5089880783e-01
-7.0611611293e-02 2.8002090201e-01 -9.3271703657e-02
-1.2580231958e-01 -2.5034657469e-02 -5.5399977967e-02
-1.5621223479e-01 -5.2168240704e-01 -1.0963171413e-01
1.2524397611e-02 -2.3537111090e-01 -3.5980829916e-02
1.2760713868e-01 1.9059563671e-01 1.6718593733e-01
-7.7591249672e-02 -2.4561609782e-02 4.7930267548e-03
-1.8600442988e-01 1.2118519720e-02 -2.1855282115e-01
-3.6826706943e-01 1.2308597652e-01 -6.5795731634e-01
-8.9459904885e-01 3.8338317036e-01 -1.2222277915e+00
-8.4928198263e-01 4.9041018890e-01 -1.0704571630e+00
-4.0654830330e-01 2.5280904343e-01 -5.4798229439e-01
-1.6957511948e-01 8.8028748748e-02 -3.4558172504e-01
-3.3628923024e-02 1.2629046832e-01 -2.3190676653e-01
1.8376744874e-01 3.3048412647e-01 -7.2432383359e-02
4.0880981746e-01 5.8032917225e-01 -6.1703347291e-02
2.7194747384e-01 5.8063383065e-01 -1.3087020919e-01
-6.9321552120e-02 6.8092855999e-02 6.7789253983e-03
-2.1041841287e-01 -2.6684968224e-01 1.7929373748e-01
-2.6356660536e-01 -2.4663768379e-01 6.0165455247e-01
-6.7865326503e-02 2.0084144777e-01 4.8714781003e-01
-7.1240716239e-02 3.6309643379e-02 1.9043819212e-02
-2.1536457461e-01 -8.6716263475e-03 -3.8131004245e-01
-6.5412094413e-01 1.9125797160e-01 -1.1932715669e+00
-8.4820100325e-01 3.0539522832e-01 -1.2538308653e+00
-3.8172898570e-01 2.3000123824e-01 -6.5240717394e-01
-1.6703792983e-01 9.8188282288e-02 -3.4033700691e-01
1.8635120983e-02 1.2104861380e-01 -2.3715484357e-01
4.4782503444e-01 3.5618028376e-01 1.0053155421e-01
1.1505540979e+00 7.1567961401e-01 3.7210530599e-01
1.3669224187e+00 1.0354194694e+00 1.2182917467e-01
7.4523401792e-01 7.5937705563e-01 -1.6810391126e-01
2.5377226466e-01 1.3455821194e-01 2.1024874224e-02
4.2758158566e-01 -7.5306352195e-02 1.4477806769e-01
-1.2454297054e-01 -9.5158025901e-01 5.8782647473e-01
-3.0365215177e-01 -6.3190298929e-01 4.2045461626e-01
-6.9298537039e-02 -8.1289818190e-02 4.1882569362e-02
-3.7963848800e-01 -6.6147486558e-02 -2.5763951248e-01
-7.4789065164e-01 -2.7529763354e-01 -5.4455526780e-01
-5.9608804202e-01 -1.3284111125e-01 -6.0538695036e-01
-1.3996192559e-01 1.6938488078e-01 -5.1640239995e-01
1.4011822994e-01 2.1593432803e-01 -3.0945525123e-01
6.4726788904e-01 4.0598909660e-01 -1.3853486092e-02
9.1241764996e-01 5.2877540916e-01 3.1484880746e-01
9.7608144298e-01 5.5246381186e-01 3.0276721969e-01
6.9227255400e-01 5.5563817695e-01 -4.7961458545e-02
2.6052887649e-01 3.0493195747e-01 -2.3847257859e-01
-8.4385158167e-02 1.5523530804e-01 -5.3851147769e-01
7.5145112627e-01 2.8761891106e-01 -6.6262374752e-01
1.2663824642e+00 -3.8767636720e-01 -5.4301096589e-01
1.9732655975e-01 -4.1775410556e-01 -8.7162345949e-02
-5.2667319595e-02 -4.4647332508e-02 7.2884194275e-02
-4.3403782750e-01 -1.4414609314e-01 -7.9191611574e-02
-6.6235082779e-01 -5.1093236849e-01 -8.1750742043e-02
-7.0210895066e-01 -3.0706727305e-01 -4.4453092497e-01
-5.0147283774e-01 6.6235042633e-02 -5.8188729404e-01
5.1193922847e-02 2.0230757322e-01 -3.5705297556e-01
3.9295678523e-01 2.6536562459e-01 -2.1673327908e-01
2.8978166955e-01 2.0240196720e-01 -2.2119672348e-01
8.5594493352e-02 1.2516961049e-01 -2.5252943837e-01
-9.2281235180e-02 1.3926271719e-02 -2.1404123568e-01
-8.8680313512e-03 -7.0525363668e-03 -1.1857715953e-01
-2.6568012445e-01 5.0614025462e-02 -5.8820337200e-01
2.5218110462e-01 -2.1560147843e-01 -1.7030544749e-01
2.0556404766e-01 -7.1784825354e-01 1.2966771506e-01
-2.9291125800e-01 -2.6482872196e-01 -2.3660994286e-01
-6.8085499507e-02 -5.5448856841e-02 1.0180945776e-02
-1.3571265169e-01 -1.6056762610e-01 -1.7501130753e-02
1.7509059591e-01 -4.2993638255e-01 1.8886356859e-01
9.6074645479e-02 -3.5172886742e-01 -8.5719679049e-01
-3.0398254036e-01 -8.6444303678e-02 -8.4723630693e-01
-1.2430090984e-01 -1.9077647681e-02 -4.8977861905e-01
-1.2441802894e-02 -1.3964800850e-02 -4.6918548139e-01
-1.0178706349e-02 -7.4794410403e-03 -4.4391926067e-01
-1.1090643913e-01 -8.7313000796e-03 -3.7455039608e-01
-1.6202014562e-01 -5.4082082706e-02 -2.8014406890e-01
4.9307056010e-02 1.4023008081e-04 -1.3505614239e-01
2.2594025541e-01 8.8017284590e-02 -3.3036278153e-01
9.0747027602e-01 -4.1426325625e-01 -2.3883815844e-02
5.6527417189e-01 -7.6495496112e-01 2.5097968596e-01
-1.6257882958e-01 -1.2471183443e-01 -4.5239096211e-02
-6.2450006709e-02 -4.7131195606e-02 -3.2741969165e-02
-1.5157790582e-01 -1.0238151575e-01 -4.7230869024e-02
-3.9117539240e-01 -1.8033443235e-01 2.8830558103e-01
-6.1275199571e-01 -4.5719170525e-01 -3.1154009365e-01
-2.6429613398e-01 -3.0314386448e-01 -7.6452016362e-01
-1.3092652597e-01 -9.9558544688e-02 -5.8422059382e-01
-1.6084453527e-01 -5.2825654344e-02 -5.1404113341e-01
-1.5313655501e-01 -5.2746322530e-02 -4.5904269363e-01
-1.4727853025e-01 -4.8461364389e-02 -3.8391547811e-01
-1.7202079384e-01 -6.5122244878e-02 -3.4883767669e-01
-1.1225374004e-01 -5.1653169384e-02 -2.5106952190e-01
-8.8891370896e-02 3.3133936474e-02 -2.3391320782e-01
8.4193012196e-02 -1.4877112964e-01 -1.3109704349e-01
1.1529006957e-01 -3.0121363572e-01 -2.8548046864e-01
-1.7253221193e-02 -8.5417688611e-03 -2.5887559231e-01
-3.2543716402e-02 -5.7819687000e-02 -7.6454232811e-02
-1.1346797576e-01 -6.9685460540e-02 -2.0824392812e-01
-4.9312700966e-01 -1.2563234487e-01 -1.6720957034e-01
-1.1067220944e+00 -4.2797688277e-01 1.6587526572e-01
-4.6343885046e-01 -5.1385317286e-01 -3.9839658851e-01
-1.9968604711e-01 -3.7091564294e-01 -6.8592958632e-01
-1.5213673704e-01 -1.3198348575e-01 -5.3579644108e-01
-1.3465182730e-01 -6.8674802142e-02 -4.2145579442e-01
-1.2040489538e-01 -4.1734704239e-02 -3.5617868073e-01
-1.0514294932e-01 -3.6629496462e-02 -3.0872013890e-01
-7.6429070735e-02 -3.8464029248e-02 -2.5967192023e-01
-6.4589153599e-02 9.9911035358e-03 -1.9917954958e-01
-9.5383028018e-02 -3.4440589953e-01 1.2223734333e-01
-6.1828283811e-02 -5.8022365014e-01 3.5564065941e-01
-7.3224796161e-04 -8.0033474635e-02 2.6811706083e-02
-4.2729975119e-02 -5.2240110022e-02 -6.6918898291e-02
-1.2342499289e-01 -5.1517797735e-02 -2.0417701647e-01
-1.7178679484e-01 -7.3851641003e-02 -3.3239745661e-01
-4.6355348046e-01 -1.0448587797e-01 -2.5299027053e-01
-5.0209435339e-01 -2.1130147727e-01 -3.6345179045e-01
-4.8183872338e-01 -3.0271481659e-01 -4.4187679600e-01
-3.0642545066e-01 -1.6643345216e-01 -5.4482785703e-01
-1.3945813632e-01 -6.4180624596e-02 -4.6506212569e-01
-1.0320474748e-01 8.1603972612e-03 -3.2137957732e-01
-1.2298956549e-01 1.9863524529e-02 -2.7874809065e-01
-8.3457667169e-02 2.3127706296e-02 -1.8741529237e-01
-8.0177665280e-02 -8.5850741247e-03 -1.4830439868e-01
-2.7247245348e-01 -7.6130999635e-01 5.7377685116e-01
-2.5929220006e-01 -1.2139298127e+00 8.1491199839e-01
6.0802277635e-02 -2.3601746375e-01 1.2620236356e-01
-2.5263099181e-02 -2.5437472324e-02 -6.4534244030e-02
-1.1515933127e-01 -3.6928684018e-02 -2.0956686397e-01
-8.1664360632e-02 -5.5252755936e-02 -3.3266937609e-01
-1.2880062512e-01 -3.7059627843e-02 -3.6257287616e-01
-2.2038515914e-01 8.4214380981e-03 -3.4017847077e-01
-3.5437578116e-01 2.6884741267e-02 -2.6121354886e-01
-4.7491443853e-01 -8.8584129539e-02 -1.5723143008e-01
-1.8769524581e-01 -1.0082863752e-01 -1.1041430300e-01
-5.3394369363e-02 -1.1228077948e-02 -1.9899769300e-01
-7.3810899465e-02 -5.8133232720e-03 -1.4428005824e-01
-5.5185636272e-02 -2.5363180572e-02 -1.4807557195e-01
4.4757463955e-02 -6.8831684232e-02 2.1808831235e-02
-2.6392902114e-01 -4.5225419007e-01 4.6266808895e-01
-6.4514448002e-01 -6.8698665196e-01 -3.4284265008e-01
-7.2605890518e-03 -1.5328577645e-01 -3.3258692818e-01
-1.8469788995e-03 -4.1463891868e-02 -5.8965549770e-02
-1.0317846725e-01 -4.0344728347e-02 -2.0998713108e-01
-7.3385430559e-02 -3.7909118596e-02 -2.9224209575e-01
-9.5899580903e-02 -3.5828433259e-02 -3.2880609703e-01
-7.9557998894e-02 2.4850056067e-02 -3.1987521101e-01
-1.3659553433e-01 4.8174359867e-02 -2.8257997384e-01
-2.8187003423e-01 2.2265071139e-02 3.9880940585e-02
-4.5495042554e-01 6.9312408360e-02 3.1632522843e-01
-6.8424472872e-01 1.0465506548e-02 2.7827580824e-01
9.7909937254e-02 -8.4391836165e-02 2.2746656173e-02
7.3285786495e-01 -7.2611242938e-03 -1.0435711849e-01
2.8461187333e-01 -1.0845626471e-02 1.9363222662e-02
-2.7406926441e-01 -1.5959126814e-01 -1.2214716993e-01
-7.2499636129e-01 -1.7945657487e-01 -8.6508337698e-01
-1.1472849975e-01 -3.1582123288e-02 -2.7591453978e-01
-1.7283547135e-02 -4.3287215861e-02 -2.4151990660e-02
-1.1502911296e-01 -8.2859929911e-02 -2.9865823682e-01
-8.3590692840e-02 -9.7580011037e-02 -3.8632169627e-01
-1.3300621548e-01 -9.0654058646e-02 -3.9354084413e-01
-1.4334502443e-01 -6.2548752945e-02 -3.9989261557e-01
-1.3112287283e-01 -3.5700661130e-02 -3.4382540456e-01
-1.4156678762e-01 -5.1998164529e-02 -2.7875727323e-01
-4.7046779303e-01 2.2878417123e-02 8.4977234681e-02
-1.2039747917e+00 -1.3790095310e-01 6.8022067732e-01
-1.6040396444e+00 -4.7382111639e-01 6.2027445032e-01
-1.6650772880e+00 -5.5722389387e-01 -1.0997825977e-01
-1.4521442954e+00 -4.0297859790e-01 -6.5909449926e-01
-7.6794646922e-01 -2.5684897497e-01 -5.3925029329e-01
-3.2831042323e-01 -8.6709931957e-02 -2.3957709108e-01
-2.5042990601e-02 -5.2549055763e-02 1.0181421326e-02
3.1924505243e-03 -7.4766839936e-02 1.0596828438e-02
-2.0466873695e-01 6.2844460063e-02 -1.8288359908e-01
-2.4603444898e-01 5.4346787598e-02 -2.6134210614e-01
-3.2474109069e-01 6.1161064074e-02 -3.0379752722e-01
-3.6311656021e-01 1.0781889411e-01 -3.7045511563e-01
-3.2920223018e-01 1.0905364702e-01 -3.8691569582e-01
-1.7429059618e-01 1.3277251109e-02 -3.7798308923e-01
2.7205690187e-02 -1.4657782577e-01 -2.6130369616e-01
2.1595780517e-01 -2.7233861395e-01 -1.6550636410e-01
2.7598623268e-01 -3.7153686677e-01 -1.3607871668e-01
7.1287850242e-01 -5.2425190080e-01 -2.2176023546e-01
9.9850782709e-01 -5.6704726626e-01 -6.8629947136e-01
2.6188938501e-01 -1.7657202574e-01 -5.4719465904e-01
-2.9325943749e-01 5.1191264379e-02 -1.2053717942e-01
-2.7477138757e-01 -1.3982879467e-02 -5.4610808486e-02
-2.2829208997e-01 -3.6921243395e-02 -4.1122354667e-02
-2.1429735570e-01 6.8610774682e-02 -1.6523339766e-01
-2.5074277764e-01 4.7358751983e-02 -2.3255702304e-01
-3.2475110359e-01 4.2975145795e-02 -2.5459516764e-01
-2.8605179497e-01 5.7376824687e-02 -2.9577458615e-01
-4.9163580970e-02 -6.1386536194e-02 -1.5979201324e-01
1.6168589747e-01 -2.3233379683e-01 -1.4233623872e-01
1.3963997762e-01 -3.1470546797e-01 -9.8505342181e-02
1.1543256162e-01 -2.9505899112e-01 -1.0897052100e-01
-5.7641448023e-03 -2.2772272556e-01 -6.9391808559e-02
2.4381974221e-01 -3.4829037845e-01 -8.3372365630e-02
9.7069611868e-01 -7.8883861988e-01 -8.7927887941e-01
9.4678752684e-01 -6.8648648531e-01 -1.4581463926e+00
-2.7317022876e-02 -4.1053146853e-02 -4.0276856876e-01
-2.0778021836e-01 -7.3068743709e-03 -4.9747752282e-02
-1.7292260549e-01 -4.2256789389e-02 -8.2552025262e-03
-2.3864671109e-01 8.6388139418e-02 -2.2442910517e-01
-2.8125308126e-01 4.6925415888e-02 -3.4045516926e-01
-3.3351038285e-01 3.7985176270e-02 -3.1570799096e-01
-8.0526631948e-02 -5.9396544320e-02 -2.1605192788e-01
7.6749451838e-02 -1.5326086047e-01 -1.2655166520e-01
-1.1366517826e-01 -6.9775731945e-02 -3.4782872215e-01
-2.9387803908e-01 7.0479018648e-03 -3.0183842489e-01
-4.3875429956e-01 2.0262329705e-01 -2.5433087508e-01
-4.3839840478e-01 1.0855700557e-01 -2.0220226525e-01
-3.0031803997e-01 -6.3776396614e-02 -9.1095910499e-02
-1.4256634660e-01 -3.2019300706e-01 -2.0085848371e-01
5.8626756383e-01 -7.0269034894e-01 -1.0214416274e+00
5.9449163910e-01 -3.5413086645e-01 -8.5702336188e-01
-6.6724703216e-03 -1.1226654251e-02 -2.4053228370e-01
-1.6653610123e-01 -3.1531041681e-02 -4.1257179789e-02
-2.7192755010e-01 1.0449049316e-01 -2.8493293578e-01
-2.9588984175e-01 6.6494331885e-02 -4.3219834376e-01
-2.0019663510e-01 -1.0927195077e-02 -2.5150912837e-01
-9.6519234902e-02 8.3501458657e-03 -2.7149789674e-01
-4.1673602359e-01 2.4218412438e-01 -5.1551733755e-01
-5.2105042447e-01 3.6971709218e-01 -6.2365686776e-01
-2.9801710824e-01 2.8490390949e-01 -4.0368386289e-01
-3.2396585004e-01 4.2426849582e-01 -2.6503519964e-01
-2.7868942019e-01 3.0745014602e-01 -2.4772682508e-01
-2.3468913411e-01 5.0441275294e-02 -1.3288239261e-01
-3.2826836399e-01 -1.5600765200e-01 1.4595239344e-01
2.5634258350e-01 -5.4594637784e-01 -2.4030593265e-01
1.6655493724e+00 -6.8647159393e-01 -1.2331606913e+00
9.2803724620e-01 -1.3295271058e-01 -8.1018357353e-01
-5.3780485987e-02 -4.6023959298e-02 -1.4564143810e-01
-2.4300938079e-01 7.6267102150e-02 -2.9058694095e-01
-2.2915310176e-01 6.9334131001e-02 -4.5867175434e-01
-3.2323370527e-01 1.4652812384e-01 -4.1325826049e-01
-5.9209411630e-01 4.1752638184e-01 -7.1732961890e-01
-8.1814690380e-01 6.9768873575e-01 -8.0963201369e-01
-5.5902981083e-01 6.2646279489e-01 -5.8501131706e-01
-2.1962585624e-01 5.4727833568e-01 -2.6255472379e-01
2.0820362550e-03 8.3895586551e-01 9.5309920664e-03
7.8205352300e-02 9.3446983624e-01 8.0520888083e-02
-4.4053061214e-02 7.5226407159e-01 8.4293221823e-02
-2.3519782221e-01 4.8658038749e-02 2.8730795143e-01
-1.3378475216e-01 -3.3520476914e-01 1.6825937647e-01
5.0346847032e-01 -1.9350228882e-01 -3.3506175492e-01
5.6698494916e-01 -6.2093321187e-02 -4.2605004925e-01
-6.4680079444e-02 -5.9166614173e-02 -1.0115001970e-01
-2.1807810727e-01 6.3871048316e-02 -2.9177027459e-01
-3.1897384970e-01 1.8358666611e-01 -5.7849149325e-01
-6.5404853808e-01 4.4023629531e-01 -8.4821376175e-01
-8.0209082726e-01 7.6401098838e-01 -9.8495514797e-01
-6.1397248474e-01 8.4260533858e-01 -7.5317746955e-01
-2.2921749033e-01 6.2949427882e-01 -3.9371783233e-01
2.8800474980e-01 9.9110022974e-01 1.1247049468e-01
6.0338162778e-01 1.4839694347e+00 4.4083023555e-01
5.2919113203e-01 1.2603053614e+00 2.1608027887e-01
3.4478370574e-01 9.3633164000e-01 6.2933060685e-02
-2.4304955537e-02 -2.0730081915e-01 3.4976652737e-01
-3.3025564723e-02 -3.5104261383e-01 2.8454039244e-01
-1.8130113321e-01 8.1103816928e-02 2.3806016523e-01
-1.6898100548e-01 7.2520635977e-02 2.2745873251e-01
-1.2253147255e-01 -3.4080894254e-02 8.7890696205e-03
-2.2276457216e-01 5.7510962651e-02 -4.3329455096e-01
-3.8492478504e-01 1.2640374511e-01 -7.7675181413e-01
-5.2724516792e-01 2.9368415259e-01 -7.4940066286e-01
-3.4985339989e-01 6.8991851084e-01 -6.5426232204e-01
-1.6552836575e-01 6.3210810699e-01 -4.2543258676e-01
2.5032556814e-01 6.2500178491e-01 -4.9025992772e-02
8.7635660592e-01 1.2310175462e+00 5.0603883716e-01
7.4022262867e-01 1.0417200286e+00 4.3329498773e-01
4.4369345273e-01 5.9532882180e-01 5.8121998153e-02
2.9456792351e-01 4.9034616305e-01 -5.2560365800e-02
-3.6961338556e-03 -7.0335436164e-02 5.4280805507e-02
6.1215214597e-01 3.8350557632e-01 -6.3505102436e-01
5.2516447375e-01 3.5154701986e-01 -7.5638612431e-01
-6.7010657452e-02 -1.2058653485e-01 -5.7767692383e-03
-8.0381167192e-02 -7.3184055530e-02 2.0981646965e-02
-1.9075365376e-01 5.1685024578e-02 -5.4815252121e-01
-2.5695735806e-01 -6.7097663218e-02 -6.6572539352e-01
-1.4270647534e-01 5.2467941543e-02 -4.9175456578e-01
9.4621069603e-02 5.1109315267e-01 -5.4327441639e-01
1.3822064124e-01 3.3340574175e-01 -2.8111459484e-01
6.2923549199e-01 5.9798102678e-01 4.0107604895e-02
6.1865839591e-01 6.6019795267e-01 1.9329085919e-01
3.0639496305e-01 3.6623346065e-01 -8.4007890251e-03
2.0812330890e-01 3.2735650566e-01 -9.0311068892e-02
-4.3417106464e-03 1.6006049058e-01 -2.8238843063e-01
-1.7039684726e-01 1.0528896029e-01 -9.5496511026e-01
3.8270018221e-01 2.9144643432e-01 -1.6060592138e+00
1.0647491273e+00 -1.5031161896e-01 -2.1736414777e+00
2.1647306569e-01 -1.8375995969e-01 -5.6948895718e-01
-8.9863124282e-02 -3.5955343426e-02 6.3249551168e-03
-1.8209593841e-01 4.1005689840e-03 -4.3486760995e-01
-1.9281078274e-01 -1.3403707383e-01 -5.4534340549e-01
-6.4025595619e-02 -8.4359813657e-02 -5.2195314315e-01
-1.7527545426e-02 1.1499746410e-01 -5.2247275231e-01
-4.8383239981e-02 8.5122101354e-02 -3.2958225142e-01
1.2877719586e-01 1.3895968124e-01 -2.9997853265e-01
9.0166261896e-03 1.0339186177e-01 -3.1244429742e-01
1.8079676408e-01 2.2919455992e-01 -2.6252470435e-01
1.3618839413e-01 2.5626755813e-01 -1.7412900768e-01
-1.2066514009e-01 -1.8088765687e-02 -3.0792457876e-01
1.2183985655e-01 6.6376099076e-02 -9.9479890101e-01
5.7985126157e-01 -2.3061178847e-01 -7.9204508743e-01
3.1331743026e-01 -1.1032432989e+00 -3.4887985829e-01
-8.3922899260e-02 -3.3918931496e-01 -1.7198489245e-01
-9.0259603469e-02 -3.6001320037e-02 1.0672791955e-02
-1.4774910712e-01 -9.0632094075e-02 -1.4441132755e-01
-2.0175631244e-01 -2.8282277044e-01 -4.0330283903e-02
-5.6342610576e-01 -3.2327948714e-01 -8.5804153935e-01
-6.4505470894e-01 -2.4464332030e-01 -7.6097998471e-01
-4.2872711171e-01 -8.8324144099e-02 -5.0255893338e-01
-3.0137088512e-01 -9.2869399233e-02 -4.9961314292e-01
-1.4029371160e-01 -6.2090583246e-02 -4.2584278873e-01
-9.7729656356e-03 4.7433986860e-02 -3.3996004921e-01
-9.2502873712e-02 1.3579864516e-03 -2.8522785666e-01
-1.0363180374e-01 -5.1903670773e-02 -2.0206191180e-01
2.1038397732e-01 5.7913674681e-02 -3.3510716587e-01
7.8495480506e-01 -5.2998346122e-01 3.4741470557e-01
3.8020571434e-01 -1.0479848630e+00 1.3238426356e+00
-2.0077410629e-01 -1.3730567553e-01 4.7159974866e-01
-9.3843570780e-02 -3.8563000090e-03 1.3512657208e-03
-1.1311362637e-01 -8.7549902647e-02 -1.4141754828e-01
-3.6195127677e-01 -2.6741571500e-01 -1.3215773534e-01
-8.4599186574e-01 -6.6420786083e-01 -3.4908007515e-01
-4.9691712436e-01 -2.8970133945e-01 -6.2571000898e-01
-2.4423831147e-01 1.5349171432e-03 -6.0153670071e-01
-2.2827416695e-01 -4.3998813496e-02 -4.8905064254e-01
-1.7866732108e-01 -5.1399340561e-02 -4.2884831891e-01
-1.3414671241e-01 -4.2339029724e-02 -3.6382180988e-01
-1.6635229980e-01 -5.0793887173e-02 -3.0379240019e-01
-1.6085998004e-01 -5.6782288171e-02 -2.5346986197e-01
-1.3837292207e-01 1.5540262207e-02 -1.5555184972e-01
7.9793471502e-02 -4.2617091967e-01 4.0900635044e-01
1.4217925228e-01 -5.7669808928e-01 7.8603291138e-01
-4.2673446907e-02 4.5916213045e-02 1.8258861071e-01
-4.8462996791e-02 -1.4034369458e-02 -4.3258787401e-02
-7.6404938710e-02 -6.5750087968e-02 -1.9791386115e-01
-3.0404821830e-01 -2.0465275791e-01 -1.8334754891e-01
-9.4690140566e-01 -6.6643625561e-01 1.3637493322e-01
-5.7342613309e-01 -4.4920898016e-01 -3.5987119966e-01
-4.1103827818e-01 -2.1570978445e-01 -4.8611467233e-01
-2.0543083583e-01 -8.0464395154e-02 -5.0698479669e-01
-1.1487592203e-01 -4.6666817324e-02 -4.4365940347e-01
-1.0742439993e-01 -3.6196191735e-02 -3.6459499791e-01
-1.2502050987e-01 -3.1623308438e-02 -3.0318587266e-01
-1.0998286681e-01 -4.5169467913e-02 -2.6506456524e-01
-9.8874993159e-02 -3.5863872716e-03 -1.7272950194e-01
8.4991413115e-02 -3.6395680433e-01 4.6750066914e-01
2.9416075502e-01 -5.9074967544e-01 1.1375769121e+00
9.1906374692e-02 -2.4720031436e-02 3.2405462682e-01
-4.9335702342e-02 -2.0858527035e-02 -3.4997708797e-02
-9.5102044678e-02 -5.8466469247e-02 -2.0174487899e-01
-1.2826688396e-01 -9.9087178767e-02 -3.2439576513e-01
-3.8394458096e-01 -2.1258107606e-01 -2.4560358048e-01
-6.0439632807e-01 -3.6805756542e-01 -2.5292234623e-01
-7.1693026322e-01 -5.0978912629e-01 -1.5526835486e-01
-3.5644762897e-01 -2.2468517171e-01 -4.2428445040e-01
-1.1224854167e-01 -6.2531258705e-02 -4.1155334374e-01
-7.5411592416e-02 1.6241663051e-02 -3.0575419640e-01
-1.1325412953e-01 2.8521100180e-02 -2.7559099966e-01
-1.2596893497e-01 -5.5758456243e-03 -2.3342629441e-01
-1.2111693354e-01 -1.5554032265e-02 -2.1562475817e-01
-6.4755406253e-02 -4.8289346227e-01 2.2869593038e-01
5.2953235684e-02 -7.8015216368e-01 4.0968190495e-01
1.1092290815e-01 -1.5833432440e-01 -1.0988631487e-01
-3.7355377588e-02 -9.9213043583e-03 -6.9532307779e-02
-8.9353067000e-02 -4.3036803198e-02 -2.0033727673e-01
-5.9234580229e-02 -6.8369011698e-02 -2.9827359978e-01
-1.0998410476e-01 -4.6030019537e-02 -3.2804123488e-01
-2.1733832345e-01 -7.0734573349e-02 -2.9759825659e-01
-4.2400243574e-01 -2.1254955310e-01 -1.0725718056e-01
-5.5967963386e-01 -3.5046703950e-01 1.1195326203e-01
-3.5338977165e-01 -4.0351177444e-01 1.3206633913e-01
-9.9866282366e-02 -1.6258984085e-01 -7.8732515793e-02
-1.8582738865e-02 -4.9573198437e-02 -5.3144253305e-02
3.4003434943e-02 -4.3391582519e-02 -6.4265078053e-02
2.2297164695e-01 -5.6162047524e-02 2.4768237484e-03
7.7634380727e-02 -2.7047901199e-01 -8.3772475500e-02
-5.0596768410e-01 -5.0796743550e-01 -1.2664248068e+00
-8.0094690424e-02 -1.1566250885e-01 -6.4605799559e-01
-2.2029276290e-02 -3.4902124128e-02 -5.0651483590e-02
-8.6334544319e-02 -4.4706754346e-02 -1.9335154248e-01
-5.0403115247e-02 -5.1902312952e-02 -2.4744830946e-01
-7.7819372992e-02 -3.3674093513e-02 -2.5127499229e-01
-6.9554946956e-02 2.4367500234e-02 -2.8697349861e-01
-1.4907664295e-01 1.8313176322e-02 -2.0847808829e-01
-3.1430775903e-01 -1.8275575090e-01 1.6046047941e-01
-6.1039659709e-01 -4.9228921711e-01 5.5224738895e-01
-7.4923185947e-01 -5.0217951783e-01 4.0259938851e-01
-3.4425446383e-01 -3.6623490305e-01 2.5916403162e-01
3.6095949774e-03 -2.0497226697e-01 7.6075127406e-02
-8.1668596110e-02 -2.2670478570e-01 -8.8027061380e-02
-3.9271971613e-01 -3.7146821263e-01 -2.8586227655e-01
-4.9211600660e-01 -3.0038503721e-01 -7.7759984477e-01
-1.2108606682e-01 -4.9204206341e-02 -2.3182848680e-01
-2.5408970958e-02 -3.2158294934e-02 -7.6129690789e-03
-8.3756461807e-02 -8.1080793059e-02 -2.5240448860e-01
-5.5109190794e-02 -1.0309602470e-01 -3.4408000930e-01
-1.0244675755e-01 -8.4495023131e-02 -3.2314823769e-01
-1.1467604188e-01 -4.3664068719e-02 -3.5212943307e-01
-1.0143880368e-01 -4.3287583225e-03 -2.6943413796e-01
-9.3797378571e-02 -7.4457906390e-02 -2.4765877611e-01
-3.7789932518e-01 -1.6524884174e-01 3.9157818474e-02
-9.2707326188e-01 -4.7205378074e-01 4.5562148475e-01
-1.2550055507e+00 -7.9923665455e-01 5.3838989280e-01
-1.2359760333e+00 -8.9639155755e-01 7.2077523436e-02
-1.0319432954e+00 -6.9631793207e-01 -3.2110214493e-01
-7.3438382850e-01 -4.1950421021e-01 -3.2284017635e-01
-2.4393638135e-01 -1.0418905368e-01 -5.7030631927e-02
-2.2097616190e-02 -3.0847936689e-02 5.7448238864e-02
1.5053851796e-03 -5.7177954407e-02 4.1950310064e-02
-1.4466014428e-01 4.4185293151e-02 -1.3330835607e-01
-1.8096903028e-01 3.1966139073e-02 -1.8000150501e-01
-2.6819375985e-01 4.5454608734e-02 -2.6163904214e-01
-3.3149504943e-01 1.0814895593e-01 -3.5038498515e-01
-3.3791572491e-01 1.0975346690e-01 -3.8755417297e-01
-2.9373513746e-01 1.1470378896e-01 -4.2177432891e-01
-2.7385581598e-01 8.8500604848e-02 -3.4632006953e-01
-2.0105065094e-01 1.1208706940e-01 -2.6662966437e-01
-1.5437248279e-01 8.1126917289e-03 -1.8893788853e-01
-1.1140338255e-02 -1.5328848984e-01 -1.6869117277e-01
9.2098293009e-02 -2.3340224037e-01 -2.3686512145e-01
-1.4113609643e-01 -6.5848017081e-03 -1.3349184000e-01
-2.9283616847e-01 1.1368709283e-01 3.7948838793e-04
-2.7525140227e-01 1.7129820210e-02 -3.1162449096e-02
-2.2561695276e-01 -2.1671690365e-02 -9.4254061833e-03
-1.4689502426e-01 4.8755757537e-02 -1.0136228641e-01
-1.8328004132e-01 4.5674638705e-02 -1.5996233155e-01
-2.5381632193e-01 3.5136116600e-02 -1.9858378992e-01
-3.0714182062e-01 9.4702697794e-02 -3.1369531451e-01
-2.6745202040e-01 5.9577959900e-02 -2.9103996301e-01
-2.1131448732e-01 3.3369047054e-02 -3.3477707701e-01
-1.7990795801e-01 -2.4495271861e-02 -2.3990155441e-01
-2.1450521785e-02 -8.8959152408e-02 -1.8446042333e-01
8.5675397507e-02 -3.0037099507e-01 -6.2091389532e-02
4.0864361637e-01 -7.1847202706e-01 -1.1989781637e-01
8.4557937929e-01 -1.2168464907e+00 -6.6966302894e-01
3.9212713179e-01 -6.3553835783e-01 -7.0819459038e-01
-1.5006095509e-01 2.6746108398e-02 -1.0882519013e-01
-2.1840541822e-01 1.8224229075e-02 -2.4818280946e-02
-1.5323573174e-01 -2.4868719856e-02 -3.3470548336e-03
-1.6974033190e-01 6.9737722112e-02 -1.3563174951e-01
-2.1276538552e-01 4.7769930660e-02 -2.2176225100e-01
-3.2368590878e-01 6.0928181153e-02 -3.0002869165e-01
-2.8266362385e-01 6.3327001330e-02 -3.3761196735e-01
-2.0065249282e-01 1.1866263272e-02 -2.9943941685e-01
-2.0466445949e-01 3.1017173748e-02 -3.9934506099e-01
-2.4418568468e-01 4.2180199982e-02 -2.8061795877e-01
-1.7073504008e-01 5.0136528588e-02 -2.2040232280e-01
-1.0290348152e-01 -1.6555479252e-01 -1.4990246361e-01
1.3533952385e-02 -5.3313696428e-01 -2.1334272057e-01
3.5139280462e-01 -1.0682750806e+00 -6.3975978738e-01
4.8347449088e-01 -8.5342786513e-01 -8.3883225967e-01
2.3899751660e-01 -1.7170495933e-01 -3.6402609839e-01
-1.0458186728e-01 -8.2125999797e-03 -1.1782967592e-01
-1.6837805616e-01 -9.3473073594e-03 -1.6019677325e-02
-2.1044646052e-01 8.6928779584e-02 -1.9279327066e-01
-2.5773581172e-01 7.8171298121e-02 -3.4621897624e-01
-3.2297220058e-01 4.5450428705e-02 -3.2587273202e-01
-2.3200199780e-01 5.4117428504e-02 -3.4105462179e-01
-2.2932162852e-01 9.6405010548e-02 -3.6615218530e-01
-3.3401669464e-01 2.3047324290e-01 -5.3107635830e-01
-3.1322698527e-01 3.8041532886e-01 -4.0520482659e-01
-2.1087491652e-01 5.1329393523e-01 -2.5479022095e-01
-9.2998774956e-02 2.9072098647e-01 -2.2249457095e-01
-1.4096436430e-01 -1.0582173153e-01 -2.0543121041e-01
-8.4995428566e-02 -2.2062614079e-01 -8.8962928278e-02
6.2879244032e-01 -4.6280346966e-01 -4.6207728626e-01
1.4775419696e+00 -5.8349661772e-01 -9.6083110622e-01
5.0491552459e-01 -2.3446435606e-01 -5.7407968278e-01
-9.9867136170e-02 -4.2759664771e-02 -1.0666905096e-01
-2.3019769838e-01 5.7383279274e-02 -2.5096064839e-01
-2.5800205025e-01 8.5168972137e-02 -4.3245650107e-01
-3.2689358210e-01 1.0752816630e-01 -4.2050725035e-01
-2.9876849222e-01 1.4577104612e-01 -4.3983282313e-01
-3.9776380511e-01 3.8382507587e-01 -4.8613881291e-01
-3.8354800330e-01 6.9340963924e-01 -5.6034484399e-01
-1.2337573742e-01 9.2218104553e-01 -2.4096643195e-01
1.2575609712e-01 1.1958249251e+00 8.6778974791e-02
9.4044958580e-02 8.6969944202e-01 4.6906937151e-02
6.9794165392e-03 3.3351174655e-01 -6.5478524577e-02
3.9280220743e-02 4.1820931747e-03 2.7158972026e-02
4.6724111742e-01 -4.4244877519e-01 -2.5766200887e-01
9.6750749559e-01 -6.7483915837e-02 -7.3203150377e-01
3.6787700572e-01 -2.9533413898e-02 -6.8721570365e-01
-8.6293256740e-02 -7.6520753668e-02 -1.3225536793e-01
-2.0664433426e-01 4.4516388107e-02 -2.5970329319e-01
-2.7205373125e-01 1.1997660858e-01 -5.1481265362e-01
-3.7385556353e-01 1.2271419165e-01 -4.7731528669e-01
-3.0983742141e-01 3.3363279865e-01 -4.8871583166e-01
-3.0875258520e-01 9.2825704039e-01 -5.9859937119e-01
-4.8644897526e-02 1.1764634317e+00 -3.5547856567e-01
4.3896573184e-01 1.3958056883e+00 1.9172710894e-01
4.7752895935e-01 1.3786371285e+00 2.9819135693e-01
1.4190435969e-01 6.3764649797e-01 -1.8779737227e-02
-4.5688178624e-02 2.4982702569e-01 -1.3802334568e-01
-1.0797692280e-01 -3.1952258155e-01 -2.1522190529e-01
-3.6451970024e-02 -7.1698067258e-01 -3.0874239087e-01
-9.0021685897e-02 4.0363787934e-01 -4.8861446573e-01
-1.7819617004e-01 4.2457102912e-01 -4.2154884978e-01
-1.1020491086e-01 -2.9448996427e-02 -6.5887998854e-02
-2.5291268189e-01 2.5252612546e-02 -3.4333361469e-01
-2.5579471480e-01 1.2028629519e-02 -4.3777537696e-01
-2.3346824242e-01 6.0904711940e-02 -3.1691292631e-01
-6.1146484618e-02 6.6587263832e-01 -4.3504711358e-01
1.3201562938e-01 1.0286253077e+00 -2.5538124031e-01
3.5941560052e-01 9.7311587454e-01 -1.5513382597e-02
5.2610980372e-01 1.0848918788e+00 2.2418198238e-01
3.3455181167e-01 7.8366978142e-01 6.7211394257e-02
1.4116184202e-01 2.7420351905e-01 -1.1615103616e-01
8.8141526067e-02 2.4613414965e-01 -2.1103318771e-01
-8.0389282268e-02 5.7564852070e-02 -7.2344441216e-01
-4.4647601296e-02 -4.6717217011e-01 -1.1901483623e+00
-5.2870101007e-02 -9.2056775605e-02 -1.3849681636e+00
-1.2202210288e-01 2.4492752204e-01 -3.3709515200e-01
-6.7513386397e-02 -3.4787262441e-02 4.2785124614e-03
-2.2135394612e-01 2.1655593866e-02 -4.0818705692e-01
-1.6579463570e-01 -4.5809029900e-02 -4.2135737558e-01
9.4473709841e-03 2.9555773263e-02 -2.1615180717e-01
7.2560820634e-02 2.6345557244e-01 -1.7107051977e-01
1.2006201556e-01 3.1641332077e-01 -3.8195394371e-02
2.7747857984e-01 5.8830872902e-01 -1.4412758328e-01
2.3086558453e-01 5.7890964774e-01 -1.0287800693e-01
1.8127212557e-01 4.1552442005e-01 -1.7374580195e-01
3.0949318139e-01 4.3175828552e-01 -1.0066962650e-01
2.4746122101e-01 3.5951357857e-01 -2.7533741004e-01
1.9205445628e-01 3.0879675463e-01 -9.1111035192e-01
-3.8649980083e-01 -6.7283816338e-01 -8.6077016151e-01
-3.0604855904e-01 -1.0967977880e+00 -1.8192428577e+00
-4.1677049175e-02 -6.6918739785e-02 -4.7265974918e-01
-8.6132146988e-02 -2.6550855149e-02 1.9331167448e-02
-1.9216935639e-01 -2.2822041592e-02 -3.3134309058e-01
-4.9699803066e-02 -1.7004087733e-01 -2.9060855921e-01
2.1933886315e-01 -5.6721696937e-01 1.4671480212e-01
-1.1782688371e-01 -2.6847845255e-01 -2.2395140562e-01
-2.2623622583e-01 3.6741872487e-02 -4.6378898419e-01
-4.1051623990e-02 1.4918516955e-01 -4.6252405786e-01
-1.2418975438e-01 1.3597710476e-01 -3.8527715455e-01
1.0818717047e-02 1.6372967302e-01 -2.9989892236e-01
1.0145438578e-01 2.0404910517e-01 -1.8178115817e-01
2.4512350398e-02 9.4504591937e-02 -2.4407666784e-01
1.8744838706e-01 8.0762912666e-02 -4.7860926543e-01
1.5087654032e-01 -4.5474259375e-01 -4.9970068869e-01
5.1202297699e-01 -9.6283872435e-01 -1.4326419356e+00
1.6960109287e-01 -1.9534293013e-01 -6.2221685195e-01
-5.7266702336e-02 -3.2218778806e-02 5.2103153990e-03
-1.0573691042e-01 -6.1170646962e-02 -1.8110835172e-01
-1.2401697747e-01 -3.5018085647e-01 -5.1160861309e-02
-2.7916211540e-01 -9.2839196531e-01 1.5539502299e-01
-3.1033288032e-01 -2.0811107855e-01 -4.9065616625e-01
-1.8537116188e-01 6.4569424699e-02 -7.9466191191e-01
-1.7702923311e-01 3.0972227005e-02 -5.9487059333e-01
-1.4622022934e-01 7.1153629213e-03 -4.2006932994e-01
-9.5329173544e-02 1.3454291793e-02 -3.3130712309e-01
-8.8245730363e-02 -1.6096478748e-02 -2.4881488993e-01
-9.9766759182e-02 -3.5762308119e-02 -1.9353152852e-01
5.9224221912e-02 4.8589340645e-02 -1.6206153544e-01
5.4649941930e-01 -1.6294318261e-01 -1.5120952842e-01
7.4572803868e-01 -4.2593987417e-01 -2.1463134577e-01
1.2688618981e-01 -4.7264597646e-02 -2.6872260338e-01
-5.9393031091e-02 -1.5414812552e-02 -1.9561064707e-02
-5.4176294209e-02 -5.8582310800e-02 -1.2945863675e-01
-1.5715640634e-01 -2.3602437975e-01 -1.3391437162e-01
-5.3921998780e-01 -7.0070836727e-01 -1.1275011762e-02
-4.1884750017e-01 -1.9390639001e-01 -5.3704831003e-01
-3.3203495423e-01 -7.1721467077e-02 -5.6216980512e-01
-1.8021320543e-01 1.2567987653e-02 -5.2614025762e-01
-1.2454991495e-01 3.9490081515e-02 -4.6577484428e-01
-1.0337469003e-01 5.1632894447e-03 -3.2513303650e-01
-1.0821594020e-01 -1.9218397178e-02 -2.7542466870e-01
-1.2237076462e-01 -2.0476081977e-02 -2.3165774867e-01
-9.7817290960e-02 2.8681743169e-02 -1.4917684956e-01
9.7854219035e-02 -1.8643138921e-01 2.8452797139e-01
3.2711262178e-01 -2.1897535533e-01 5.8027241985e-01
1.6114608478e-01 1.4366142375e-01 -9.0491492344e-03
-1.4373209626e-02 -1.5885222472e-02 -7.5913787717e-02
-4.5111394541e-02 -5.7874333038e-02 -1.2946789087e-01
-8.7737052113e-02 -1.2940849302e-01 -1.5726237821e-01
-3.9071225678e-01 -4.2955941114e-01 -1.1645439611e-01
-4.6938841924e-01 -4.5218610960e-01 -3.4776581288e-01
-4.6641709818e-01 -3.2125070140e-01 -2.0249482122e-01
-2.0549780297e-01 -9.8214806475e-02 -4.4290348187e-01
-1.7140453026e-01 -7.9999583544e-02 -5.3549788078e-01
-9.7142360041e-02 -2.7142180426e-03 -3.3222156855e-01
-8.1078604294e-02 -3.9911870943e-03 -2.6172166923e-01
-1.0485536973e-01 -2.9555667550e-02 -2.4580816794e-01
-8.0610547965e-02 -9.8578543301e-03 -2.0310884682e-01
1.3463786680e-01 -2.4542990889e-01 -2.6642434643e-03
2.7190654862e-01 -2.9473397328e-01 -1.9546096920e-01
1.9016937454e-01 1.1157292152e-01 -3.3919932596e-01
-2.6552832688e-02 -9.7600685320e-03 -9.3098526834e-02
-6.1869165249e-02 -5.6201383857e-02 -1.6254185371e-01
-5.4844557844e-02 -7.2655062718e-02 -2.3677221240e-01
-1.5345462295e-01 -1.1740372563e-01 -3.0980221230e-01
-3.4183917446e-01 -2.1833450481e-01 -4.3917402375e-01
-5.0521244504e-01 -3.8171956354e-01 -2.5800438158e-01
-3.1086652478e-01 -3.7824761849e-01 -2.1343620547e-01
-2.3570521746e-01 -3.6520591913e-01 -2.0458876534e-01
-7.5666901210e-02 -1.2654511274e-01 -1.4791396604e-01
-2.9140922829e-02 -3.6400205469e-02 -1.5859903960e-01
-5.3502407754e-02 -1.4111644524e-02 -1.7185891242e-01
4.7259752121e-02 5.6048457736e-03 -1.6811250361e-01
1.3535192707e-01 -2.0379447793e-01 -1.1897601758e-01
-1.1154379396e-01 -5.1205624379e-01 -1.2392028489e+00
-2.1112167739e-02 -8.1446632828e-02 -9.0435526719e-01
-3.5261513897e-02 -2.9570375261e-03 -1.1853018862e-01
-6.3757480493e-02 -5.6247512589e-02 -1.7845908203e-01
-3.5037851437e-02 -6.5126774193e-02 -2.4307130498e-01
-6.6837534873e-02 -5.9935749265e-02 -3.0340159503e-01
-1.0160230565e-01 -3.1073057942e-02 -3.6341320137e-01
-1.9718885095e-01 -1.3671290730e-01 -1.9995276961e-01
-3.4685847832e-01 -3.6341779021e-01 -1.1632194789e-02
-5.4768190833e-01 -6.5403918879e-01 2.2736536075e-01
-3.9124796671e-01 -5.7788205122e-01 2.3202602319e-01
-1.8170255210e-01 -4.2196535428e-01 1.9728974109e-01
6.0826281225e-02 -1.4339244580e-01 3.8893897926e-02
1.0669211799e-01 -1.9997229761e-01 -1.3790784715e-01
-8.9597685607e-02 -4.7113034602e-01 -1.7601218607e-01
-3.5353645267e-01 -5.4364531523e-01 -1.1940923160e+00
-1.5915537589e-01 -1.4521412258e-01 -6.4353861328e-01
-1.1379368439e-02 -3.9279788691e-02 -5.8669156467e-02
-5.4229538629e-02 -5.4926754269e-02 -1.8904040774e-01
-3.3847114229e-02 -5.3446801579e-02 -2.3827080272e-01
-5.2245122019e-02 -4.9392315248e-02 -2.6767741620e-01
-5.3595962723e-02 8.6718759696e-03 -3.3706417584e-01
-7.2626352968e-02 1.4962401200e-02 -2.7228032322e-01
-1.7921865547e-01 -1.2083083928e-01 -1.9170899859e-01
-4.7846988157e-01 -4.9221134758e-01 2.3030829693e-01
-7.3668407685e-01 -7.9088863712e-01 4.8906252849e-01
-7.7808863483e-01 -9.2655449263e-01 4.4066386687e-01
-6.1057887436e-01 -7.2406686405e-01 2.2629733896e-01
-4.6083083251e-01 -6.6600365447e-01 -1.7250131512e-01
-6.3206768393e-01 -7.6870029633e-01 -3.1297615675e-01
-3.1701605114e-01 -3.4726167350e-01 -4.1508218053e-01
-7.2486570595e-02 -6.1903699183e-02 -1.0776821233e-01
-7.7037530572e-03 -3.3436290989e-02 -1.2266650972e-02
-7.1128201222e-02 -8.3499553279e-02 -2.4308249520e-01
-4.9169466295e-02 -8.9166468551e-02 -3.1116940414e-01
-8.6610768538e-02 -8.4395246695e-02 -3.1258990684e-01
-8.8475967090e-02 -4.5224426820e-02 -3.6921656716e-01
-9.0328511765e-02 -2.7206648905e-02 -3.2892541325e-01
-6.7306021368e-02 -5.4840014662e-02 -3.8147890564e-01
-1.5891705398e-01 -1.2206206350e-01 -2.1808484676e-01
-4.2024819340e-01 -3.5009280049e-01 3.3957076547e-02
-6.8614839920e-01 -6.8658785006e-01 1.8757666915e-01
-7.3161060745e-01 -8.1982909825e-01 3.8572046220e-02
-5.4890458271e-01 -6.2550851172e-01 -1.5358152798e-01
-3.1633647605e-01 -3.1997417128e-01 -7.9995007334e-02
-4.1565333672e-02 -7.9926122307e-02 7.6192464381e-02
2.0148256608e-02 -3.7678026148e-02 6.0598792642e-02
2.6316870971e-02 -6.0541911630e-02 2.1660311181e-02
-8.4359807307e-02 3.2607287071e-02 -2.9424759402e-02
-1.2140315389e-01 2.9413632893e-03 -6.9030827051e-02
-2.0395744639e-01 1.8552204125e-02 -1.2686413542e-01
-3.0315875609e-01 6.0189284657e-02 -2.2026770659e-01
-3.0888978335e-01 8.5577569935e-02 -2.4123974252e-01
-2.9723600479e-01 9.5036866221e-02 -2.9531435463e-01
-2.7437369374e-01 8.7450381632e-02 -1.9493844833e-01
-2.8230723666e-01 1.5906446969e-01 -1.2890757296e-01
-2.9786344896e-01 1.3727322679e-01 -8.6474333074e-02
-2.8856063415e-01 1.1869158191e-01 -2.1365288099e-02
-2.6988074866e-01 8.7702128702e-02 2.0726725634e-02
-2.7551500882e-01 1.3026602436e-01 1.0708809280e-01
-2.8183136999e-01 1.2317901383e-01 9.9225234709e-02
-2.4184178140e-01 2.9713706971e-02 5.4623260838e-02
-1.9830417738e-01 1.3487605317e-02 5.3455278366e-02
-1.0171092002e-01 3.6611814554e-02 -1.0325190756e-03
-1.1589447396e-01 3.1452592951e-03 -3.5966970419e-02
-1.8667859590e-01 1.5936210422e-03 -6.0795545207e-02
-2.9941316786e-01 7.0203168604e-02 -1.9791094331e-01
-2.9749663851e-01 7.4849801425e-02 -2.1364965112e-01
-2.5943727482e-01 6.2809948486e-02 -2.2704147452e-01
-2.6558465308e-01 4.5706220072e-02 -1.2921282841e-01
-2.6659540108e-01 7.3441291806e-02 -9.8876309291e-02
-1.9070958093e-01 -2.3281121559e-02 3.4677325569e-03
-1.1933833933e-01 -1.7466109422e-01 3.3990975039e-02
-3.8750283725e-02 -2.7432847263e-01 -3.7886447637e-02
-1.5900459769e-01 -3.6365334831e-02 3.6122370194e-02
-2.3676679979e-01 1.1416864780e-01 1.0136135734e-01
-2.0313132825e-01 4.1852617766e-02 7.8460880613e-02
-1.4982083056e-01 7.3981339293e-03 6.2199442417e-02
-1.1672407033e-01 5.8861941405e-02 -3.1186342959e-02
-1.6843295577e-01 1.7145000398e-02 -9.8217893533e-02
-2.8997621391e-01 4.7309039327e-02 -1.5539755608e-01
-3.1326413087e-01 8.6356359373e-02 -2.1926252565e-01
-3.1778273204e-01 1.0605588926e-01 -2.1588842229e-01
-2.9168211256e-01 6.5757585183e-02 -2.9491052234e-01
-2.3127390557e-01 1.3635608396e-02 -1.5578660658e-01
-1.9208325290e-01 -5.9023417558e-03 -1.0345842087e-01
-5.2791449661e-02 -1.7870494026e-01 -2.8171373402e-02
1.2094605785e-01 -5.0349803360e-01 -4.6873452539e-02
2.5039047076e-01 -7.0930502126e-01 -1.9403967594e-01
3.2815359908e-01 -1.5653436465e-01 -1.7045184404e-01
5.7072876768e-02 1.2225964950e-01 -8.3924330922e-02
-1.7687998432e-01 6.3071637832e-02 -7.9548231749e-03
-1.7785768165e-01 2.9007821447e-02 2.2537324926e-02
-1.7327720859e-01 8.2908576437e-02 -7.7169492961e-02
-2.2170465883e-01 3.5877478972e-02 -1.7513736047e-01
-3.1595093237e-01 5.6462597408e-02 -1.8356635393e-01
-3.2777613571e-01 1.4406360090e-01 -2.8892393282e-01
-2.7865169461e-01 9.7729918637e-02 -2.8020687145e-01
-1.9225733359e-01 1.3145613350e-02 -3.5972480294e-01
-1.0012027989e-01 1.9006891988e-01 -2.1279653931e-01
6.9271019294e-02 4.7218412721e-01 -4.0218717970e-02
3.2495585148e-01 2.7177566750e-01 8.9358956102e-02
3.8486079755e-01 -2.5204662022e-01 9.0989397876e-02
6.9383721542e-01 -3.9418970417e-01 5.1526525811e-03
1.3458115338e+00 -4.5218615565e-02 -5.6805179436e-01
1.2210160902e+00 1.1139738111e-01 -1.1514721724e+00
1.2899397681e-01 1.0892589749e-02 -3.7729653291e-01
-1.1580287720e-01 7.4810100241e-03 -4.6406299981e-02
-1.8729505637e-01 7.0712100783e-02 -1.0820522076e-01
-2.1425262388e-01 2.0669916307e-02 -2.2605929919e-01
-2.9100896475e-01 5.2066912665e-02 -1.6957166966e-01
-2.2939396623e-01 5.0947430852e-02 -1.7997251288e-01
-1.2717124441e-01 5.6550814820e-02 -1.3449136966e-01
8.0367183663e-02 3.1444192253e-01 -1.3426657510e-01
5.1203176470e-01 5.7448123088e-01 2.2672616990e-01
8.2956814126e-01 6.8447191132e-01 3.7604468978e-01
7.4500357852e-01 3.7673025255e-01 2.0341686769e-01
6.1926710093e-01 -7.0384508191e-02 1.1770743497e-01
5.5438203341e-01 -2.0901887816e-01 -1.8348790821e-01
5.2751478835e-01 -7.2386709710e-01 -7.6226251981e-01
1.1050373852e+00 -5.8058599031e-01 -1.4821489442e+00
5.0479614566e-01 4.0075120356e-03 -1.0820247540e+00
-6.4051648127e-02 2.1725185842e-03 -1.4738999289e-01
-1.7254887752e-01 4.6501382253e-02 -1.2225459264e-01
-2.1123480251e-01 1.5984173631e-03 -2.4310126312e-01
-1.9882218121e-01 -5.6337147187e-02 -1.0441779755e-01
-7.1257370818e-02 7.4177607495e-02 -1.2217772187e-01
1.6524004392e-01 6.0402366549e-01 -1.7289614879e-02
7.0983148124e-01 7.6292574148e-01 3.2023341274e-01
8.8168684994e-01 6.1222861620e-01 4.2775741422e-01
4.4270304202e-01 3.8909934350e-01 1.0307423740e-01
8.3304385870e-02 1.9369499896e-01 -9.9753932080e-02
-7.5962073328e-02 -2.5356455233e-02 -8.1138836113e-02
-1.6800654956e-01 -3.6035403954e-01 -6.5410050881e-01
-1.1903185082e-01 -1.2835046358e+00 -4.8759680814e-01
2.5842203947e-01 -4.3429487965e-01 -7.7642733120e-01
3.5132975256e-01 6.9044958397e-01 -1.6380743212e+00
-3.1145682476e-02 8.7524468189e-02 -2.9678239948e-01
-2.2119877523e-01 3.3869295627e-02 -1.7185316645e-01
-2.0826891033e-01 -2.4663853567e-02 -2.6089337633e-01
-1.4043684109e-01 -2.8260508605e-02 -6.1018763395e-02
1.4119194778e-01 3.2691792994e-01 -1.7594591877e-02
6.9863993790e-01 5.3535155777e-01 5.2846167696e-01
6.7412420730e-01 5.1893280266e-01 3.9870253918e-01
1.9837720881e-01 4.2629320726e-01 -2.9825103529e-02
8.3168587349e-03 2.5836516751e-01 -1.8415044641e-01
1.3287130444e-02 1.9584720517e-01 -9.0936231798e-02
-3.9145770136e-02 1.3193464326e-01 -8.1306341497e-02
-3.5672929152e-01 -1.2185581811e-01 -6.9361390602e-01
-5.0908058896e-01 -1.6330524806e+00 2.7394579126e-01
-4.4879157207e-01 -1.5154404978e-01 -4.3719974958e-01
-3.0390245269e-01 1.2591755272e+00 -1.2605696310e+00
-7.2858051882e-02 1.9202967555e-01 -2.8122397575e-01
-2.1518339312e-01 3.0331262508e-02 -2.8719186615e-01
-2.2085888431e-01 -3.9073238937e-02 -3.4929744351e-01
-2.0840386766e-01 -7.2155447579e-02 -1.7366501186e-01
1.4814462435e-01 -1.1337237938e-01 2.9998200436e-01
3.7631534123e-01 -6.4502024339e-02 3.8750137682e-01
9.3460742794e-02 1.1014865477e-01 -2.4184384815e-01
-4.4648476518e-02 1.6852627190e-01 -2.6168405665e-01
-3.4906281218e-02 2.1332446344e-01 -2.0159203799e-01
3.3459947778e-02 2.0113701881e-01 -1.1789677630e-01
7.1275779434e-03 1.6215499345e-01 -1.1267028883e-01
-1.5065485846e-01 1.3571916033e-01 -4.1267213268e-01
-6.9121558516e-01 -9.6655473745e-01 6.2269823401e-02
-4.7838795152e-01 -5.6708997631e-01 -3.3348128771e-01
-2.9514611407e-01 4.4672198234e-01 -3.2895819428e-01
-1.0842008602e-01 1.7589163592e-01 -1.2698699321e-01
-1.8944519971e-01 -2.0056832423e-02 -2.4934226735e-01
-1.9089810677e-01 -1.2577726637e-01 -2.7954377255e-01
-8.2821585569e-02 -4.8035627673e-01 9.3444471742e-02
-6.0076922839e-02 -3.1006642674e-01 3.9818290920e-04
-1.0644539229e-01 -1.4531432333e-02 -4.6738804108e-01
1.7567071243e-02 4.2355624201e-02 -7.3128598287e-01
-7.1306685156e-03 1.6741440043e-01 -4.5274377475e-01
-1.0889800209e-01 8.1092285377e-02 -2.8172926167e-01
-1.0097549757e-01 4.8323663935e-02 -1.7920037337e-01
-9.6907315682e-02 7.8967153349e-03 -1.2296332349e-01
8.5965230593e-03 1.3587751295e-01 -2.6352255555e-01
2.0755868646e-01 -2.8078156593e-01 -9.1854880291e-01
2.9964109621e-01 -8.4273184478e-01 -9.9296561992e-01
4.1269469676e-02 -1.3131300837e-01 -2.9040217660e-01
-5.0645656585e-02 1.1869905145e-01 -5.9462337355e-02
-4.7796461712e-02 -3.4307454445e-02 -1.1599354008e-01
-7.8774034461e-02 -1.6963717935e-01 -9.3401884772e-02
-8.6760096162e-02 -5.1183581168e-01 1.5664431788e-01
-6.1758324940e-02 -1.6346457422e-01 -3.9470943978e-01
-4.5133726296e-02 1.1003261886e-01 -8.9923830240e-01
-1.9719835061e-02 2.0162702429e-01 -7.1968498219e-01
-6.0161294805e-03 2.0477905965e-01 -5.2646224026e-01
-7.0749464553e-02 2.6391644777e-02 -3.0757695057e-01
-7.0483431632e-02 -1.8868446075e-02 -1.7462087255e-01
-9.0416217751e-02 -3.0289888800e-02 -1.4503563740e-01
1.1321958656e-02 3.5193465717e-02 -9.5488093508e-02
3.1752191200e-01 -1.9656788781e-01 -4.2050169389e-01
6.2885247365e-01 -4.8473296848e-01 -1.3103310239e+00
3.2461795384e-01 -9.7893866774e-02 -8.2889175229e-01
-2.1397255928e-02 4.6795553125e-02 -7.4161093825e-02
-2.4800881874e-02 -4.8763818278e-02 -5.6021132233e-02
-3.9044436743e-02 -9.3486306409e-02 -9.2489201373e-02
-1.2387227336e-01 -2.0439572445e-01 -1.1721540179e-01
-2.1540332655e-01 -1.8905098603e-01 -4.8608306460e-01
-2.6406739957e-01 -2.0046137572e-01 -4.7443854733e-01
-1.6763556735e-01 5.1953220946e-02 -4.9252881030e-01
-2.0963081056e-01 9.7420140243e-02 -5.7777515400e-01
-1.3322419605e-01 -5.7006804394e-03 -3.3506687274e-01
-1.0071027582e-01 -1.8319189779e-02 -1.3654790809e-01
-1.2152926078e-01 -2.8523103537e-02 -1.1017713230e-01
-9.6425236849e-02 -6.1123601152e-03 -1.1039795522e-01
-1.3312952584e-02 -1.6115808238e-01 -8.3951286774e-02
6.4772610555e-02 -4.5447659908e-01 -1.1444687994e+00
1.7752276340e-01 -1.2475992345e-01 -9.8204909905e-01
1.2798165367e-02 -2.2035619532e-02 -1.2423372102e-01
-2.6936140713e-02 -4.8206586651e-02 -6.5163761489e-02
-2.8886158397e-02 -7.7978078615e-02 -1.1005399178e-01
-6.2676316712e-02 -1.0088109838e-01 -1.1863315157e-01
-1.7942137688e-01 -2.0557902885e-01 -2.8322224736e-01
-1.9448817691e-01 -2.1875680342e-01 -1.8692769966e-01
-5.2258718665e-02 -1.1244190191e-01 -4.2451875548e-01
-2.3147621543e-01 -2.4058632669e-01 -4.7036733016e-01
-1.3803092172e-01 -1.9734494720e-01 -1.4529465411e-01
-3.6549021628e-02 -1.4207932299e-01 4.3554942292e-03
-8.5206531037e-02 -1.4156227853e-01 -2.0425833759e-02
6.1476191023e-03 3.7294843852e-02 -4.5432140625e-02
1.1940059166e-01 -5.5185607346e-02 1.0928510630e-01
-1.6870350100e-01 -5.3414530057e-01 -1.1307427539e+00
-2.6074256640e-02 -2.2444698437e-01 -1.0400323614e+00
-3.4216172085e-02 -2.3113562593e-02 -1.1561536075e-01
-4.1957742452e-02 -4.5764219787e-02 -9.0037694035e-02
-4.7309156483e-02 -8.4274259046e-02 -1.4201059932e-01
-9.4255562917e-02 -7.0291468765e-02 -2.0860333034e-01
-1.5376272282e-01 -4.0226781873e-02 -3.0622398402e-01
-2.0868280137e-01 -1.1250807806e-01 -2.3768626372e-01
-2.3638124083e-01 -3.6992455690e-01 -2.2771587270e-01
-3.6934524716e-01 -5.9043629381e-01 -2.5798358947e-02
-2.7762966297e-01 -4.8000376579e-01 2.3659752449e-01
-2.1035807649e-01 -4.6599676054e-01 2.1521343839e-01
-1.9539215966e-01 -3.9297795930e-01 9.2855578402e-02
2.6454899018e-02 -1.7365465620e-01 -2.5599962276e-03
-7.2568444996e-02 -3.2911821795e-01 1.1528904985e-02
-2.4682816261e-01 -5.9911300722e-01 -1.0836282545e+00
-1.5303180788e-01 -2.4111368904e-01 -8.0125189552e-01
-5.1197745250e-02 -1.5287702768e-02 -9.4501567647e-02
-4.2339109046e-02 -4.5400614338e-02 -1.1098491617e-01
-2.5965134497e-02 -7.4650387390e-02 -1.6754124360e-01
-4.7170256717e-02 -5.9012581694e-02 -1.6698636380e-01
-7.0089457308e-02 -1.2028501249e-02 -2.5275655540e-01
-6.4875167523e-02 8.6878871409e-03 -1.2283141762e-01
-1.1981816093e-01 -1.9405983321e-01 -1.8771042590e-01
-3.1051764402e-01 -5.4223089523e-01 1.0947855141e-01
-4.3420208502e-01 -8.6127323342e-01 3.8910776609e-01
-4.1989300643e-01 -8.9306205592e-01 4.9459987967e-01
-2.3609426604e-01 -7.6862901480e-01 2.2370740952e-01
-2.7846933403e-01 -8.3539076510e-01 -2.1670111366e-01
-6.7971816761e-01 -9.4610936516e-01 -2.3698383468e-01
-3.6991727465e-01 -5.4496126207e-01 -5.6869212259e-01
-1.2431824972e-01 -1.1525896844e-01 -2.1464288019e-01
-2.2517488096e-02 -1.9860726972e-02 -2.7959481304e-02
-3.3289516080e-02 -5.0385866268e-02 -1.2174568178e-01
-1.6618592868e-02 -7.0752304220e-02 -1.6367790657e-01
-4.3727318904e-02 -6.0293470331e-02 -1.8700902531e-01
-5.1080682083e-02 -2.0611265848e-02 -2.3979703412e-01
-5.2680968776e-02 2.5291937521e-02 -1.7862141675e-01
-4.2311423844e-02 -2.2495239835e-02 -2.7065597068e-01
-1.4710633359e-01 -1.7989223538e-01 -1.1476988346e-01
-3.5202508323e-01 -5.1744986666e-01 1.6747668290e-01
-5.0220667641e-01 -7.6008020147e-01 3.7343383988e-01
-5.2574703223e-01 -7.0731642248e-01 2.4127133303e-01
-4.7497059457e-01 -7.1405633385e-01 -1.5683186804e-01
-5.4214875050e-01 -6.1990483160e-01 -1.4576484842e-01
-1.7218022034e-01 -1.5883946723e-01 -1.4247795958e-02
-1.3787073652e-02 -8.6684764513e-03 4.7125275440e-02
-1.3554204551e-02 -2.1512303726e-02 -6.0766487706e-03
-4.1987311142e-02 -7.6423656312e-02 -1.4370687404e-01
-3.4646759369e-02 -1.0422950662e-01 -2.2806411167e-01
-4.4224126999e-02 -8.2495383151e-02 -1.6995245911e-01
-5.8204979920e-02 -3.2936244527e-02 -2.3457312295e-01
-6.6773890150e-02 -2.1181117998e-04 -2.0305631954e-01
-3.7281472861e-02 -4.0790860051e-02 -3.2016164637e-01
-1.5549661135e-02 -2.3732014536e-02 -2.2415639545e-01
-5.5080684143e-02 -7.0339613198e-02 -1.3826910494e-01
-1.5909330287e-01 -1.7293870186e-01 -5.6460050490e-02
-2.0286455325e-01 -2.4428450719e-01 -7.7131888175e-02
-1.0892700145e-01 -1.6627004221e-01 -6.3714958972e-02
6.5177436359e-03 -5.9748607799e-02 8.1537823863e-02
4.9678989245e-02 1.9930076277e-02 1.6591566876e-01
3.4022960646e-02 -3.3669377727e-04 9.7704272209e-02
2.1822274381e-02 -3.5693880113e-02 2.4767051919e-02
-7.0355368253e-02 3.7003341068e-03 2.7084798529e-02
-8.2617180966e-02 -1.8682525742e-02 -1.0474081410e-02
-1.4404144247e-01 -2.3215675197e-02 -3.3887164054e-02
-1.8854367490e-01 -8.5654117900e-03 -9.5097050438e-02
-2.0093069652e-01 1.6247130702e-02 -1.2646535691e-01
-1.7341050756e-01 2.5597853259e-02 -1.3802413508e-01
-1.6439215480e-01 3.9368099006e-02 -1.0454747824e-01
-1.7101943953e-01 9.1659291361e-02 -4.9254718385e-02
-1.7387933879e-01 1.0313020699e-01 -3.6281099534e-03
-1.7137956751e-01 9.4518992454e-02 2.5970190022e-02
-1.5569623771e-01 6.8823094326e-02 3.7438232858e-02
-1.7213156278e-01 9.0901652992e-02 8.3313273363e-02
-1.8565272801e-01 8.1545378844e-02 8.5703854626e-02
-1.7276176878e-01 1.8679857688e-02 6.8646613649e-02
-1.3473457109e-01 -1.2570482200e-02 5.0660925345e-02
-5.8741072308e-02 1.1592822200e-02 5.1087067941e-02
-6.5392307641e-02 -1.5864138433e-02 5.5661906443e-03
-1.1353494222e-01 -1.5865746763e-02 -6.9201940157e-03
-1.5647341152e-01 -4.7103117335e-03 -7.0712987120e-02
-1.4691631359e-01 -5.2320423761e-03 -6.3480260364e-02
-1.4556187933e-01 7.0779094657e-04 -1.0140286643e-01
-1.3917385491e-01 3.3916504984e-04 -6.0212723732e-02
-1.3090213996e-01 4.0514774726e-02 -1.8763654494e-02
-1.6649571665e-01 8.3522088634e-02 8.2283419673e-03
-1.3468487174e-01 5.5366701993e-02 3.8252342349e-02
-1.2968157334e-01 5.1037314257e-02 5.8132198151e-02
-1.0222879161e-01 6.2030170433e-02 1.0488371399e-01
-1.4118563812e-01 7.0262709001e-02 1.0818904408e-01
-1.3078850281e-01 5.9002128030e-03 9.2494260365e-02
-1.0350970852e-01 -2.3841048733e-02 5.3895817986e-02
-1.0381735216e-01 3.5345757404e-02 2.5708128848e-02
-1.0233416329e-01 -3.9469401684e-03 -2.8629089578e-02
-1.6911907281e-01 -3.2473152117e-03 -2.8175886290e-02
-1.9262835888e-01 2.8360524588e-02 -9.2523100689e-02
-2.2475904477e-01 6.9944587812e-02 -1.3025450897e-01
-1.6659690863e-01 2.7968333180e-02 -1.1317512709e-01
-1.6279613269e-01 4.0417998008e-02 -9.0211381137e-02
-1.5240149650e-01 1.1220691570e-01 -5.6033901654e-02
-1.3793499720e-01 1.0725311683e-01 8.9942334616e-03
-6.7203736527e-02 4.7375155511e-02 4.5106904809e-02
1.9585364851e-01 9.5048127696e-03 1.1207542596e-01
5.1210759964e-01 1.0593366157e-01 3.6201480949e-03
1.0810820888e-01 1.0902709407e-01 -8.2841713032e-02
-1.4335188735e-01 5.7224432380e-02 -3.3261654112e-03
-1.5730482883e-01 1.2343810378e-02 1.4621313052e-02
-1.3229368701e-01 5.8952551562e-02 3.1889256195e-04
-1.2853937083e-01 1.8450845249e-02 -6.7938828526e-02
-2.0218981960e-01 3.7288456346e-02 -7.9761888092e-02
-2.2583190835e-01 1.2351599124e-01 -2.0031807231e-01
-1.9547595882e-01 9.6326974077e-02 -1.5902797618e-01
-1.4215210186e-01 7.2846846016e-02 -1.7908800818e-01
-7.0583851897e-02 1.0763144207e-01 -1.0551248004e-01
1.0804433430e-01 1.9257279923e-01 7.4475707648e-03
3.5466227206e-01 1.1029190177e-01 1.1668409956e-01
3.5773548973e-01 -4.7344155382e-03 2.5311917328e-01
9.8265716312e-01 -6.9125253148e-02 3.4339154140e-01
1.5337626794e+00 -9.9214252621e-02 -8.2645924021e-01
7.0196951210e-01 -1.6278726105e-01 -1.5112732057e+00
1.0055094203e-02 -4.9589323009e-02 -3.0779437843e-01
-1.1685469537e-01 -6.3525304004e-03 -4.4442984776e-02
-1.1633150963e-01 5.4162761731e-02 -6.3689283800e-03
-1.0551974360e-01 3.3152403278e-02 -4.9787839466e-02
-1.4284824948e-01 2.4757869432e-02 -3.2025499945e-02
-1.5762536961e-01 9.7405195997e-02 -1.3112718509e-01
-1.2522534186e-01 9.5487686216e-02 -8.6580066497e-02
5.0019939533e-02 1.1010579675e-01 -4.2485335255e-02
4.3309717380e-01 6.0397114240e-02 2.3043611569e-01
6.8605024493e-01 3.7314673005e-02 3.2250715418e-01
6.6870390489e-01 -4.1984183126e-02 2.2643737981e-01
2.7527218565e-01 1.9029206389e-02 2.2114005403e-01
-5.1487752705e-01 1.6891005652e-01 1.8187442128e-01
-1.3721896893e+00 -8.2986714487e-01 -6.7029667250e-01
-2.0992313445e-01 -1.5074016516e+00 -1.5978064626e+00
3.6602198505e-01 -5.2248895524e-01 -7.1915442304e-01
-3.7330553606e-02 -4.5723250074e-02 -1.2099011693e-01
-8.8775943903e-02 4.1929553948e-02 -1.6989431631e-02
-7.8251287630e-02 2.9375973492e-03 -8.7659226392e-02
-1.1054514915e-01 1.3640576378e-02 -6.8294623120e-02
-8.9208472345e-02 1.0626882039e-01 -1.4144276216e-01
3.0442362712e-02 1.6661500795e-01 -4.0677874652e-02
4.5541615662e-01 6.3611380359e-02 2.4811128259e-01
5.3159287183e-01 6.7866770054e-03 2.4272150065e-01
2.3322673533e-01 2.6794541951e-02 1.0682788143e-02
3.2591331717e-02 1.6022429811e-01 -1.4670661685e-02
-1.1869481847e-01 1.1679269200e-01 9.3039475260e-02
-6.6709292992e-01 1.7051054266e-01 1.0832131204e-02
-7.1253472530e-01 -1.1452279204e+00 6.5061709652e-01
9.4122547534e-01 -2.0321436755e+00 4.5799859691e-02
1.2083949495e+00 -8.2455648084e-01 -1.3041774293e+00
1.4439115089e-01 -4.9901212946e-02 -4.4112046691e-01
-1.1160195900e-01 2.1588733763e-02 -2.3624491745e-02
-7.9477277983e-02 -1.4305943348e-02 -7.2741263265e-02
-8.2741996012e-02 -1.8866330152e-02 -9.2123678169e-03
-3.1214818879e-02 8.3338018255e-02 -5.2945184002e-02
2.3861292057e-01 -2.1780623180e-03 2.4083768633e-01
2.3680071048e-01 8.6068173890e-03 8.6214944154e-02
-1.4672530822e-01 1.9299121300e-01 -2.7257923674e-01
-1.4748496275e-01 2.3499558088e-01 -2.1450110966e-01
-1.2546696681e-01 3.8887002466e-01 -1.2817915828e-01
-1.0992020839e-01 1.6916194021e-01 6.7686501748e-03
-1.6077493530e-01 6.1846522307e-02 5.4125711162e-02
-5.2592627798e-02 -7.6929249989e-01 9.2394521414e-01
4.9754109616e-01 -8.6770432032e-01 4.6395489551e-01
7.5130180334e-01 1.0545786241e-02 -1.4874999115e+00
1.9811210408e-01 2.7903555678e-01 -1.0032075798e+00
-1.7827481634e-01 3.7880055095e-02 -1.3483926885e-01
-1.4351672437e-01 6.5288206044e-03 -1.9698315374e-01
-1.7314162945e-01 1.8606728064e-02 -1.4656718947e-01
-7.0008424296e-02 -1.9740462165e-02 -4.9158113855e-02
1.1963681917e-02 -8.8127473435e-02 -8.9302931877e-03
-2.5918263803e-01 1.5658172014e-01 -4.4626768082e-01
-3.3598598568e-01 2.7887591984e-01 -3.4418241404e-01
-2.6418882945e-01 3.4140238062e-01 -2.1860389232e-01
-1.5300379899e-01 3.6682452433e-01 -2.1140065942e-01
-8.8019705581e-02 1.8999908105e-01 -9.4773429782e-02
-6.5423408206e-02 2.5867385038e-01 -9.0265954913e-02
-2.0112637257e-01 1.9717092350e-02 2.7635502463e-01
-2.4430660124e-01 -8.8735373689e-01 1.3731261379e+00
-3.8368007075e-02 4.9287700525e-01 -5.4578787314e-01
4.6578508210e-02 7.7044601092e-01 -1.1911818617e+00
-1.6188564605e-01 -1.1437788394e-03 -1.2261329520e-01
-1.2504695244e-01 -3.7100136672e-02 -1.7011407602e-01
-1.7347062433e-01 -8.0075216550e-02 -1.1692340738e-01
-2.1053764044e-01 -9.8387928992e-02 -1.7378553021e-01
-2.2513754884e-01 5.5720887364e-02 -4.8594733348e-01
-2.4538815095e-02 3.3495803987e-01 -6.4320892162e-01
-6.8627647442e-02 3.5583732118e-01 -3.0724749981e-01
-2.3429681408e-01 3.5401274618e-01 -2.2678476602e-01
-1.1496824722e-01 3.9678276726e-01 -1.8024819197e-01
-7.4026508681e-02 1.4688186097e-01 -5.8891839961e-02
-1.0476815186e-02 1.9098723837e-01 -7.1053128327e-02
-1.0825044383e-01 -2.6201067365e-02 6.4001477946e-02
-5.3026043637e-01 -4.7110772690e-01 7.6233905074e-01
-3.8629577663e-01 7.8924084955e-01 -4.2448212261e-01
-1.4964158504e-01 8.9518446533e-01 -1.0354173761e+00
-5.3536790046e-02 -3.0789505414e-02 -5.7840519048e-02
-3.8710254767e-02 -5.1255799845e-02 -9.0257069024e-02
-5.6176063705e-02 -8.1579715778e-02 -5.0105612755e-02
-9.3562334842e-02 -7.0347735539e-02 -1.6626636946e-01
-3.8856705454e-02 8.7925130009e-03 -3.3720321845e-01
1.7065774041e-01 1.0246146536e-01 -4.2625514123e-01
2.0559271585e-01 2.1232215998e-01 -4.6615821132e-01
-7.9673875683e-03 2.3847811248e-01 -2.2283201721e-01
3.0276572856e-02 2.4475439534e-01 -1.9952806793e-01
-4.2702640871e-02 9.7068895615e-02 -2.9989755391e-02
4.4852055604e-02 1.0264241116e-01 4.2621912053e-02
3.7627615567e-02 -3.8722110281e-02 2.6109381597e-01
-3.6528653346e-01 2.3629140966e-01 -6.3118900853e-02
-5.8953500897e-01 8.1164394320e-01 -6.8356827559e-01
-2.3675744892e-01 4.7536853741e-01 -4.7560501448e-01
-1.1638605029e-02 -3.8100107260e-02 -1.0601134149e-02
-4.8449475739e-03 -5.1896660044e-02 -6.5488202857e-02
-3.0696710281e-02 -5.2075798137e-02 -4.2554980099e-02
-7.4646227305e-02 -7.3085749263e-02 -1.1247099970e-01
-6.9440354640e-02 -1.2293438027e-01 -1.2731762818e-01
-4.7626629840e-02 -7.4754779870e-02 -2.9345355036e-01
-7.1132068936e-02 1.0450999009e-01 -4.6048987252e-01
-1.6901611410e-02 1.1202366309e-01 -1.1472223766e-01
9.9221021625e-03 9.3218013642e-02 -6.5751337879e-05
-6.1358539704e-02 -8.0926143755e-02 1.3571302005e-01
-2.7149273290e-02 -4.3494367338e-02 6.1905436827e-02
-1.6506312084e-01 -1.4753548678e-01 1.8461249628e-01
-7.7881209178e-01 -2.8419136047e-01 -1.6199700289e-01
-6.0805100810e-01 1.5809952662e-01 -4.6965667130e-01
-4.6051959010e-02 8.6738355769e-02 -1.2437507062e-01
-2.2192573699e-02 -4.5051502543e-02 -2.3935445286e-02
-1.9569091183e-04 -7.1530523293e-02 -6.5420894026e-02
-2.7915604947e-02 -5.5142154628e-02 -2.4338764003e-02
-6.6223648680e-02 -3.1159919167e-02 -1.0640164685e-01
-6.5071326991e-02 -1.9081008929e-02 -8.3784812231e-02
-5.7111777937e-03 -6.9734289852e-02 -2.5878948558e-01
-8.3601690425e-02 -1.4569245180e-01 -2.2765298615e-01
4.1773381241e-02 -1.9797942048e-01 7.4635214081e-02
4.4435946129e-02 -2.2330143853e-01 2.9520314068e-01
-1.6032463328e-01 -4.4290025957e-01 2.8390165206e-01
-1.6623858418e-01 -3.3476437654e-01 9.7498381916e-02
-3.2393750441e-01 -3.2127859745e-01 -6.6767950517e-03
-5.9521426571e-01 -5.1920096495e-01 -6.1443482321e-01
-2.5988843969e-01 -1.2533834883e-01 -4.3170172527e-01
-2.7203643658e-02 -5.1525300911e-05 -4.5351047219e-02
-4.6420436323e-02 -3.1544918587e-02 -3.7150945859e-02
-2.1639964274e-02 -6.6235494598e-02 -1.0372163162e-01
-6.8842121470e-02 -4.1968643850e-02 -8.2559486233e-02
-9.0733272170e-02 9.9880692256e-03 -1.4175081318e-01
-1.0270738333e-01 4.5510540724e-02 -1.5295734981e-01
-7.0212952052e-02 -2.1216318345e-02 -1.8035253669e-01
-1.3634963159e-01 -1.7571128465e-01 -3.9977319988e-02
-9.6070429508e-02 -3.2154301064e-01 2.7729730309e-01
-1.4124329797e-01 -5.2707575513e-01 4.6757637171e-01
-4.2171426016e-01 -7.6038960406e-01 3.9955539623e-01
-5.3357014725e-01 -7.4445221573e-01 8.3897441290e-02
-7.0816207775e-01 -8.8595638412e-01 -2.1189522503e-01
-4.1659748662e-01 -6.1614117721e-01 -5.9701372480e-01
-1.2632117591e-01 -1.2147361057e-01 -2.3737197142e-01
-3.7794501989e-02 -1.2686807160e-03 -4.7564082449e-02
-4.1250578825e-02 -1.8883147286e-02 -4.2947666446e-02
6.8504306585e-04 -3.7172429301e-02 -9.2222625373e-02
-1.7047834566e-02 -1.6503345710e-02 -4.0147110693e-02
-3.3175450218e-02 3.7860878481e-02 -9.1148939341e-02
-5.2480131150e-02 5.6115689454e-02 -5.6066917416e-02
-2.3401765057e-02 3.0906465408e-02 -1.4761804071e-01
-5.5521670849e-02 -4.6797798464e-02 -5.0913386362e-02
-1.5717141221e-01 -2.1269050505e-01 1.0859706445e-01
-2.6416382536e-01 -4.8301090558e-01 2.9355276623e-01
-3.5578343948e-01 -7.7618127309e-01 2.8700716859e-01
-4.4939791485e-01 -8.4239128167e-01 5.8933949085e-03
-5.6135220609e-01 -7.2672121098e-01 -1.6297867697e-01
-2.3264235912e-01 -2.4664162257e-01 -1.6493582941e-01
-4.6128473429e-02 -5.3723097410e-03 -5.3798398989e-03
-1.9957219856e-02 -1.2898756460e-02 -3.5291477592e-02
-1.7575732939e-02 -1.9909317102e-02 -5.0300013287e-02
1.6971362038e-02 -2.8966728518e-02 -8.5757875065e-02
4.8471808510e-03 -8.1218679574e-03 -4.6927326953e-02
9.8078669368e-04 5.0234505462e-02 -9.1803458948e-02
5.0000956046e-04 6.5117678372e-02 -6.5073805851e-02
1.5638721967e-02 5.0544758608e-02 -1.5150790524e-01
2.2844187141e-02 4.2634234033e-02 -1.3134700277e-01
-3.6149983166e-02 1.0150111886e-02 -7.0826326806e-02
-9.7329268943e-02 -7.1012084746e-02 -3.1548714391e-03
-1.3034172003e-01 -1.7717328063e-01 -8.0381932859e-04
-1.0246060648e-01 -2.0763498038e-01 -6.5941851502e-02
-7.7860916097e-02 -9.2059576303e-02 1.3623616718e-02
2.0177781552e-02 2.1391349169e-02 9.6576100426e-02
3.3588725338e-02 2.3033176618e-02 7.2307479007e-02
9.0902503588e-04 -1.9867337813e-02 -1.8779247463e-02
-2.5457307219e-02 -4.4538647896e-02 -6.3262615544e-02
1.4340733225e-02 -7.1232151905e-02 -1.4120012499e-01
-9.2711947746e-03 -4.6049440969e-02 -7.5452536196e-02
-2.9194120053e-02 3.2164860866e-03 -1.1921848248e-01
-2.6475933098e-02 2.3767539020e-02 -9.9356317468e-02
-1.1445389096e-02 3.8920026553e-03 -1.8350563518e-01
1.6853610445e-02 1.5598200902e-02 -1.5063018198e-01
2.2924379449e-02 5.7114238657e-02 -1.1891011139e-01
2.5557719343e-02 6.9687935569e-02 -8.1297253205e-02
3.8845965456e-02 3.2105818370e-02 -8.7328806347e-02
8.1128754014e-02 3.3943968077e-02 -3.0109786928e-02
1.0613445007e-01 4.3516366390e-02 1.0071019939e-01
8.0223030184e-02 3.1136535243e-02 1.4381224982e-01
4.4387053937e-02 -1.9199058241e-03 9.0893842492e-02
2.2383800543e-02 -4.7392587140e-02 1.4215409521e-02
-2.9367747527e-02 3.8716351566e-03 3.3902194828e-02
-3.6191678997e-02 -2.9266556879e-02 1.4522806410e-02
-6.0871825292e-02 -4.5172628991e-02 8.1453065663e-03
-9.5723775372e-02 -3.3719777919e-02 -4.3400828817e-02
-9.5000955339e-02 -1.4631247490e-02 -3.2245882573e-02
-7.4691977920e-02 -1.6751040571e-02 -5.2405229014e-02
-5.0741532474e-02 -1.2127501391e-02 -2.4991972806e-02
-6.3086239569e-02 2.4942341984e-02 -2.0185619884e-03
-8.1233961955e-02 4.4113916397e-02 1.7925204315e-02
-8.4067173173e-02 5.5181053599e-02 2.6924196139e-02
-7.3954853750e-02 2.0408158773e-02 3.8467930165e-02
-9.0397351762e-02 5.0181363110e-02 5.9296940006e-02
-1.1505203455e-01 5.5400195916e-02 5.5200823289e-02
-1.0854932133e-01 4.2882366689e-02 3.7481816700e-02
-7.8666715868e-02 -5.9303069639e-03 3.5833738790e-02
-2.5189856554e-02 1.4126127532e-03 5.2807708422e-02
-2.5880527080e-02 -4.0724357227e-02 3.4817277982e-02
-3.9998658075e-02 -5.5089046004e-02 3.5402337632e-02
-8.1400067956e-02 -4.8221216390e-02 -2.5102978040e-02
-7.7127353513e-02 -3.5549886431e-02 -5.8079326517e-03
-6.1312653102e-02 -4.7788225369e-02 -2.2895880661e-02
-5.2739476297e-02 -4.3657006403e-02 -6.4683036075e-03
-5.5958898048e-02 2.9003130602e-04 6.0790205565e-03
-8.5909573866e-02 2.5670930517e-02 3.7357778581e-02
-8.0656852821e-02 2.6167015415e-02 3.8948405530e-02
-7.7270990152e-02 8.0482761820e-03 5.6594411757e-02
-6.7215341761e-02 2.8040931574e-02 7.5297562428e-02
-9.0755741385e-02 3.4259461493e-02 7.0417007689e-02
-8.0594323661e-02 2.0717643127e-02 5.0918663706e-02
-5.0497217414e-02 -1.7775193954e-02 3.3175725889e-02
-5.7834401978e-02 2.0077358269e-02 3.6756819224e-02
-5.9660637177e-02 -2.7791006651e-02 1.1889933003e-02
-7.9951522503e-02 -3.4166100268e-02 2.1387640855e-02
-1.0012409133e-01 -2.4256507817e-02 -1.8000813216e-02
-1.0534214066e-01 1.2856616585e-02 -1.5638546762e-02
-7.9706258934e-02 -7.8075141781e-03 -3.1472165421e-02
-7.3521575876e-02 -4.0024923639e-04 -1.2743155041e-02
-8.7723003151e-02 5.6204428956e-02 -1.4656997224e-02
-1.0964966772e-01 8.4863604033e-02 3.9359344819e-04
-8.0996848367e-02 8.0717924823e-02 2.2547047847e-02
1.1400567759e-01 -7.9099894892e-03 1.2060212452e-01
3.1112398206e-01 -4.2839407149e-03 -4.7655715019e-03
3.5885288473e-02 4.7897478542e-02 -6.2089859457e-02
-1.1498508103e-01 7.5358959529e-02 -9.7050938478e-03
-1.0513853523e-01 2.3813897975e-02 -7.8831509035e-03
-5.0409494524e-02 4.0032929399e-02 2.3518838982e-02
-5.3822865102e-02 -1.0601713801e-02 -1.2545245727e-02
-7.2393232058e-02 1.7881674323e-03 -7.5996498550e-03
-9.8245589618e-02 3.3924564144e-02 -6.8576309666e-02
-9.7318943138e-02 5.1808545822e-02 -4.5764258533e-02
-5.2987503384e-02 2.9372095215e-02 -7.1818741860e-02
-4.0822982603e-02 2.2162970500e-02 -5.7992499360e-02
-2.4235186922e-02 4.6670133345e-02 -4.0959385426e-02
8.7829213633e-03 2.1342023730e-02 1.9408163739e-02
1.5931062405e-01 -3.3666245324e-02 1.7074960629e-01
1.0624625076e+00 -3.5226344030e-01 4.5614077127e-01
1.5741379963e+00 -4.9119210561e-01 -5.9501031960e-01
4.9103805311e-01 -1.2356461424e-01 -1.1242160113e+00
-5.9853955094e-02 3.3770683550e-02 -1.8988576186e-01
-8.0853532283e-02 1.1380663192e-02 -4.4026985306e-02
-3.3702075809e-02 4.0999542015e-02 1.8795720428e-02
-1.3696919803e-02 1.3189045680e-03 1.0517278191e-02
-3.8317206889e-02 8.3036537955e-03 1.6227878568e-02
-5.9244423022e-02 2.6029100473e-02 -2.3743663822e-02
-8.1839880730e-02 4.9726860275e-02 -2.0690096644e-02
-2.7122138126e-02 1.4497420866e-02 -4.7518673896e-02
-3.1385981474e-03 -9.4435587701e-03 -3.6309993339e-02
1.2175363774e-02 -3.8386356387e-02 -1.4601484683e-02
1.0024001604e-01 -2.0907337247e-01 1.4355204262e-01
1.7053045027e-01 -1.1715996328e-01 3.1530167757e-01
-4.6945059493e-02 1.7318808495e-01 1.7553457660e-01
-7.0559559441e-01 2.6193974588e-01 -1.2146419337e+00
-5.4420531826e-01 1.8660707799e-01 -1.8720888168e+00
-4.4823793701e-02 -3.3227281778e-02 -3.7594312187e-01
-6.8820440169e-02 -5.0221753500e-03 -5.8113537752e-02
1.3794769687e-02 1.8231944437e-02 2.1709405771e-02
3.0496197181e-02 -1.6269586666e-02 -4.0749697115e-03
5.4058342578e-03 -1.6142096812e-02 1.3036514045e-02
-1.8961467680e-02 3.2010023516e-03 -3.6075329699e-02
-3.7318761574e-02 7.4829479222e-03 -1.8926992591e-02
7.1240697310e-03 -5.4000962526e-02 -5.0365315887e-02
-4.8627578733e-02 -6.6158263489e-02 -6.6379898575e-02
-1.0636729723e-01 -4.1015162004e-02 -7.2324345486e-02
4.2474856375e-02 -3.6578129278e-02 -1.1277961225e-02
6.8316930806e-02 -4.0053342363e-03 2.1086672280e-01
-7.0738251017e-01 8.3479202401e-01 -2.0193817363e-01
-1.1976426908e+00 9.4827876974e-01 -4.8392444049e-01
-6.3206050080e-02 -1.7311961921e-01 -3.1227687023e-01
6.1372474163e-01 -6.6600296880e-01 -3.0605147723e-01
1.1521870953e-01 -1.1554389696e-01 -1.8729579798e-01
-8.6975420437e-03 2.2931337623e-03 1.9329115466e-02
1.5991148861e-02 -3.8208381289e-02 -9.1476402362e-03
-1.2566381857e-03 -2.7589738585e-02 2.0242044303e-02
-2.4158298458e-02 -5.5023440691e-03 -2.6580905194e-02
-5.4509047576e-02 -1.0489083178e-02 -1.2462620342e-02
-6.2199440549e-02 -1.4532786135e-02 -1.4839675385e-01
-1.8922275180e-01 5.5644554150e-02 -1.7840867595e-01
-1.5152493992e-01 2.1866429006e-01 -1.0798459346e-01
-1.8358701793e-01 5.4652651739e-01 -3.4017738908e-01
-5.0094139598e-02 2.5833802434e-01 -1.3383827840e-01
-1.8705667176e-01 5.6646148115e-01 -1.3571113764e-01
-1.3547565559e-01 2.7662117406e-01 2.0629607302e-01
6.5054954708e-01 -1.3170192216e+00 9.8849401736e-01
1.1922161804e+00 -1.3623944416e+00 -4.7032692672e-01
4.4788654386e-01 -1.1327530407e-01 -8.5366663228e-01
-3.9625961800e-02 2.2682823309e-02 -3.2205965534e-02
-2.7734805982e-02 -2.2583417294e-02 -6.4018517404e-02
-6.1077833895e-02 1.0248685722e-02 -6.0118899590e-02
-9.2631045853e-02 3.8742054147e-02 -1.1878674799e-01
-1.4364010353e-01 6.8163766998e-02 -1.3259411812e-01
-1.5458232686e-01 1.5785480882e-01 -2.3987896977e-01
-1.3258794905e-01 1.7524792075e-01 -1.0962185123e-01
-9.3506210641e-02 3.1147722856e-01 -2.8137024512e-01
-1.9717287904e-01 6.6174337054e-01 -3.6991776893e-01
-1.3375105223e-01 4.7396835936e-01 -1.5128241489e-01
-9.0752512909e-02 3.5701643947e-01 1.4451498604e-02
-3.3407118752e-02 -1.1796014324e-01 4.3469292471e-01
1.2072425411e-01 -1.3653989061e+00 1.5304084518e+00
6.5186248865e-01 -7.7807217263e-01 -1.7152238552e-01
5.4128260002e-01 3.2750362441e-01 -1.8559225554e+00
-5.0919737913e-02 3.7030482384e-03 -3.2042594225e-02
-5.1088501441e-02 -3.0288099827e-02 -7.7093639339e-02
-5.8855984708e-02 -2.1193675732e-02 -4.0752274176e-02
-1.0263958484e-01 2.7265529992e-02 -1.1660968889e-01
-1.1608942594e-01 7.8389702190e-02 -1.1628639176e-01
-2.5801219521e-02 1.2431351697e-01 -1.3716678202e-01
-1.5794396728e-01 1.0299544133e-01 -2.4630814517e-02
-1.7958052716e-01 4.2942220406e-01 -2.3132336364e-01
-3.0099038142e-02 6.8714180325e-01 -2.7295841441e-01
1.8558954076e-02 4.3437474733e-01 -2.1937182184e-02
-7.1680393271e-04 2.6609493795e-01 -2.4890430262e-02
-8.6455030349e-02 9.8290099937e-04 1.7938566945e-01
-1.0724378754e-01 -1.5778900255e-01 8.6943673030e-01
-1.8604743710e-01 2.9453506735e-01 -2.1459753579e-01
-3.9213683781e-01 7.3796663940e-01 -2.3427952580e+00
-1.1440077919e-02 -1.1691294500e-02 -1.2947419424e-02
-5.1643127084e-03 -3.6576353419e-02 -2.9303794405e-02
2.9384608023e-03 -3.1910626447e-02 -7.8124809085e-03
-1.8718803834e-03 -2.6055890405e-02 -1.4912438497e-02
-2.7141045066e-04 -1.3747627275e-02 8.2804751142e-03
9.0332860453e-02 -4.5711280259e-02 -5.0528162848e-02
7.4677710392e-02 1.8745104049e-02 -7.9233642405e-02
-2.9791088892e-03 3.2570991440e-01 -4.8175314322e-02
7.8871529333e-02 3.5653364881e-01 -3.0346676900e-01
5.1843524405e-02 1.0811817559e-01 5.9015281615e-02
6.0540769033e-02 -9.1901135851e-02 1.1579396107e-01
-2.5832430374e-03 -2.0319585765e-01 8.2629254665e-02
-4.9978873723e-01 2.0526410018e-01 -1.8867893362e-01
-1.3355951185e+00 4.2859352162e-01 -1.0228211125e+00
-9.4721870237e-01 4.1686501362e-01 -1.3872973243e+00
1.4277208810e-02 -2.6872514597e-02 9.4028233986e-03
2.2864741058e-02 -5.9239636567e-02 -1.1680045832e-02
1.5389861290e-02 -5.6218193315e-02 3.8372386824e-03
7.7598666406e-03 -4.5827681517e-02 -2.8158617051e-02
9.0987139165e-03 -3.1345718343e-02 1.5352778811e-02
2.0284557392e-02 -5.7155957181e-02 -5.4991990927e-02
4.2066561597e-02 4.0117831235e-03 -5.5193248797e-02
3.1337916530e-02 8.4973335416e-02 6.7564662901e-02
2.6404829961e-02 6.9685881298e-02 2.0023161556e-02
3.7569883609e-02 -9.9404824979e-02 3.8396708031e-01
-2.2829461651e-01 -4.3055813791e-01 3.6066338317e-01
-5.3231232190e-01 -7.0096507539e-01 7.8569510493e-02
-1.2069970399e+00 -4.5053340013e-01 -5.6761992748e-01
-1.3593205309e+00 -5.9844653690e-02 -7.9111726528e-01
-3.0643608878e-01 6.5709896300e-02 -2.8466073972e-01
8.3322471436e-03 -3.2972394978e-02 -1.8597975893e-03
2.1344084076e-02 -6.5572870511e-02 -1.3839068424e-02
6.8865657283e-03 -5.9313449395e-02 9.5937551911e-03
-3.7806222811e-03 -3.6984763151e-02 -1.9895432201e-02
-7.1220739644e-03 -2.2745432468e-02 1.7763759105e-02
1.0963138715e-02 -2.9072520395e-02 -3.2328773545e-02
2.9685342707e-02 -3.0589715167e-02 -1.8452789200e-02
3.4370895388e-02 -5.5109865298e-02 3.7020673571e-02
-1.3597716927e-02 -1.4578321062e-01 2.9698898607e-01
-1.1862460574e-01 -4.6390629640e-01 5.2659158483e-01
-5.1875592137e-01 -8.1038284392e-01 2.9184962313e-01
-8.2194850809e-01 -8.4384208394e-01 -8.0709273088e-02
-6.0477756256e-01 -4.1149874000e-01 -3.4859744632e-01
-3.1801271902e-01 -2.2173215724e-02 -1.9022729619e-01
-5.3366623839e-02 2.4640399842e-02 -2.7426144104e-02
-9.9732454073e-03 -5.9135891498e-03 -6.7395439685e-03
8.3250830681e-03 -4.7797957915e-02 -3.1794354052e-02
-1.3004807925e-02 -3.0819291691e-02 -1.9371966100e-02
-1.9280260192e-02 5.6328031248e-03 -5.5336948912e-02
-2.4115974793e-02 2.5995547809e-02 -2.7690854507e-02
6.3483384076e-04 1.5725487136e-02 -5.7448815646e-02
2.0061920718e-02 6.8873679320e-03 -4.1618714766e-02
1.1134344554e-02 -1.1983401819e-02 6.9114053488e-03
-3.1870468105e-02 -1.3575220913e-01 1.3397557157e-01
-1.7295945930e-01 -4.1264990305e-01 2.5925017271e-01
-3.4724451369e-01 -6.7662447551e-01 1.4035476157e-01
-4.7133901453e-01 -6.1040869376e-01 -9.2129123489e-02
-1.8781678757e-01 -1.8574060781e-01 -1.3612143749e-01
-5.4427985383e-02 2.1751409343e-02 -3.0912855197e-02
-2.2902941889e-02 1.4515862628e-02 -4.4129005406e-02
-6.0095253637e-03 2.4890011787e-03 -9.8304649719e-03
3.0381225132e-02 -2.3674445637e-02 -2.0217715909e-02
1.3230565236e-02 -1.1371935502e-02 7.2794547743e-03
6.3118536087e-03 9.5364856501e-03 -1.3904001034e-02
-2.1119349474e-02 3.1593779243e-02 1.3309822319e-03
7.5566701792e-03 2.0982774153e-02 -4.3956456992e-02
2.2687129255e-02 2.5763197337e-02 -4.8139386950e-02
-2.2865848386e-03 3.2836480676e-02 -3.4259159392e-02
-5.5417887530e-02 -7.0241889263e-03 -1.4814207652e-02
-1.2593432788e-01 -9.6741566679e-02 1.2749581859e-02
-1.4775075590e-01 -1.5631628468e-01 1.5479717463e-02
-1.3535372159e-01 -9.7878404685e-02 9.7462492632e-03
-4.8528368541e-02 2.1703083029e-02 2.0885002853e-02
-4.6921041221e-02 3.8360048992e-02 -3.3951204024e-03
-3.5837524544e-02 1.2506053012e-03 -4.9731852351e-02
1.0409731274e-02 5.5177446803e-03 -4.5841377146e-03
3.7116913210e-02 -1.3103170730e-02 -1.4309295637e-02
3.4025372713e-02 -8.3701062277e-03 2.3515912168e-03
4.4009896433e-02 2.4795980928e-02 -1.8046078391e-02
1.2671393784e-02 3.4014526946e-02 -3.0392534658e-03
3.0222108662e-02 1.9639235143e-02 -5.8720045565e-02
4.3029018374e-02 2.1482370982e-02 -4.6951140062e-02
3.0813468931e-02 5.7932846054e-02 -5.3729484106e-02
1.7622142196e-02 6.9266265724e-02 -3.9617118246e-02
-4.2455293936e-03 5.0677859355e-02 -3.5439701167e-02
3.4151970000e-02 4.8330966467e-02 -7.7785069425e-03
3.3694837433e-02 6.2773130795e-02 4.5014677597e-02
4.5304826186e-02 5.8331791368e-02 8.5567523866e-02
8.7161605708e-03 2.9449307056e-02 5.6420501262e-02
-5.3007377806e-03 -8.2248865297e-03 -3.4362851277e-02
2.8791795993e-02 -2.8321229355e-02 -1.2194682343e-02
5.8419091847e-02 -5.0767626340e-02 -3.1280304394e-02
5.3437261027e-02 -3.9220591668e-02 5.0271205177e-03
3.8791853759e-02 -1.0192299627e-02 -1.7694837095e-02
2.7768991333e-02 9.4112499336e-03 -3.8962146794e-03
3.3676798757e-02 -1.0680054370e-02 -5.7277823021e-02
5.0685227130e-02 -5.7382351443e-03 -4.6253562585e-02
4.9016128849e-02 3.1016565794e-02 -5.1491312379e-02
4.5937742217e-02 5.4856931926e-02 -3.2434229532e-02
4.0384626981e-02 3.8517548729e-02 -2.3051379731e-02
5.5524116390e-02 3.4671183276e-02 1.0770879895e-02
6.7088139863e-02 4.6955240998e-02 8.2213086159e-02
5.1184391065e-02 4.0638028777e-02 1.1703757831e-01
2.0069166360e-02 2.1578356477e-02 7.4818542020e-02
7.6343844316e-03 -1.7092628732e-02 -3.9512288312e-03
-3.3317333400e-02 1.2886893114e-02 3.3061537588e-02
-4.2054006263e-02 -1.3026490235e-02 1.7526415106e-02
-5.9742620737e-02 -2.9416598137e-02 -2.5546492136e-04
-8.2879201909e-02 -2.6494878128e-02 -3.1692031870e-02
-8.6178230954e-02 -4.2721617726e-03 -3.9268179493e-02
-6.4873603322e-02 -1.3606668281e-02 -4.9777968740e-02
-4.5489733485e-02 -1.0762826142e-02 -3.4462725120e-02
-5.3578316993e-02 2.4476611876e-02 -7.3008572868e-03
-6.3095837847e-02 4.9539369202e-02 1.2294993118e-02
-7.8004218103e-02 6.2610448149e-02 1.3737467597e-02
-6.9096118872e-02 3.4219818709e-02 2.3923301030e-02
-7.0391013688e-02 6.3367504490e-02 3.2658970961e-02
-8.1793132762e-02 6.8914083651e-02 2.7478078627e-02
-9.1185929324e-02 6.8329934630e-02 1.2264493674e-02
-4.3988224730e-02 7.8638602147e-03 1.4286047422e-02
-2.2257196407e-02 1.5488733285e-02 4.6709613882e-02
-3.4607508841e-02 -2.5138702441e-02 1.6722047517e-02
-4.2373966880e-02 -3.7740487278e-02 1.3233671928e-02
-6.3967541234e-02 -4.4948388390e-02 -3.3803923709e-02
-6.4216204579e-02 -2.6091536155e-02 -3.2389124628e-02
-4.9205066738e-02 -3.9485507031e-02 -4.8779552378e-02
-3.8400120862e-02 -3.9807335656e-02 -2.6440208663e-02
-3.5223507992e-02 5.9564406595e-03 -8.0504906027e-03
-5.5796574508e-02 1.9809796646e-02 1.9518201503e-02
-6.1068738331e-02 3.5169641605e-02 1.5297479558e-02
-5.8704743093e-02 9.7736412384e-03 2.9401307280e-02
-5.2719578749e-02 3.9426770223e-02 3.5381342036e-02
-5.9064732182e-02 3.5282511084e-02 3.7952768895e-02
-5.1639093579e-02 3.1106082087e-02 1.6384699613e-02
-2.1260629179e-02 -1.8349010951e-02 1.3543549309e-02
-5.7237639379e-02 3.5189132430e-02 3.0483743894e-02
-6.6803771185e-02 -7.2902804039e-03 3.1329660641e-03
-7.4698058858e-02 -1.9889963050e-02 7.3407504551e-03
-9.2381103998e-02 -9.5158871648e-03 -5.1104984250e-02
-9.1079359337e-02 1.4038365438e-02 -3.8666793469e-02
-6.6533827850e-02 1.5496203873e-03 -4.8889773271e-02
-5.2213667505e-02 2.8650745869e-03 -3.2768464856e-02
-6.1669948399e-02 4.7515516671e-02 -2.6846008972e-02
-8.2781045344e-02 7.6925494044e-02 -3.7715091506e-03
-9.0030977349e-02 9.6644046825e-02 -1.7650731588e-02
-4.4269262188e-02 3.7717324944e-02 3.7388936424e-02
1.6731422819e-02 3.4044400117e-02 1.6616108720e-02
-5.0172376262e-02 6.5687880863e-02 8.6846077000e-03
-1.0428165071e-01 8.3423533618e-02 -1.6094537430e-02
-6.5602131442e-02 2.2823717589e-02 -5.1316389115e-03
-4.5698988553e-02 4.9949829397e-02 1.8733595858e-02
-4.7596924078e-02 1.5633226851e-02 -1.5289233001e-02
-7.2300205356e-02 1.2151748175e-02 -3.5949426634e-02
-8.5680542875e-02 2.2808702164e-02 -7.8500435308e-02
-8.5152065619e-02 4.0460968830e-02 -6.5469412538e-02
-4.7707118479e-02 2.9375059761e-02 -9.1267769748e-02
-3.9927392768e-02 2.3610544939e-02 -7.4544039370e-02
-3.7381634612e-02 6.5407124089e-02 -6.0026740262e-02
-4.9823667730e-02 8.3126366982e-02 -3.2941413738e-02
-1.1634202629e-03 4.6063112448e-02 1.5665952013e-02
4.1459555333e-01 -2.6969099615e-01 2.4999752404e-01
9.2133490293e-01 -5.2128060090e-01 -1.0395342769e-01
3.6246316206e-01 -1.4948307767e-01 -4.4138300515e-01
-6.6125602055e-02 6.0605643339e-02 -1.0563427667e-01
-5.2156718200e-02 1.4900213503e-02 -4.6849939710e-02
-3.3311293570e-02 4.4836319978e-02 1.8774017601e-02
-7.7466511356e-03 1.0207498919e-02 -3.8693243282e-04
-3.5700794668e-02 1.2818586973e-02 -1.0498213555e-03
-4.8830419586e-02 3.2689976551e-02 -4.5838822350e-02
-6.1756209956e-02 5.2691800001e-02 -3.9863021902e-02
-1.9775613785e-02 3.4836664270e-02 -6.0747035439e-02
-1.5532843084e-02 3.4402376332e-02 -5.1340835894e-02
-2.9402240232e-02 5.5442684126e-02 -5.2051879720e-02
-1.0929310684e-02 2.1597231317e-02 2.6846916604e-02
1.0105354810e-01 -7.4013925248e-02 2.0288260460e-01
5.4468712323e-01 -5.2222692206e-01 5.2113708898e-01
8.7801544250e-01 -6.4366124572e-01 -4.7096860828e-01
5.4334555619e-01 -2.1778465931e-02 -1.5286968659e+00
1.6886551922e-02 8.8457125220e-02 -3.5759402702e-01
-5.2158911598e-02 8.7425701616e-03 -3.8585869844e-02
-2.2162399813e-04 2.6165468718e-02 1.9667294272e-02
1.4096951232e-02 -1.2282729058e-02 -6.4253708886e-03
-3.9622151780e-03 -9.3086819711e-03 -3.9619070180e-03
-3.0270583122e-02 1.7105883386e-02 -5.7016749153e-02
-3.1888025223e-02 3.5460080911e-02 -4.6887808670e-02
-1.1441705121e-02 6.0451599579e-03 -8.5560220111e-02
5.4542923525e-04 -5.5503846014e-03 -5.5408160979e-02
1.3440327763e-03 -1.3522115668e-02 -3.7202781582e-02
1.4182137803e-02 -7.6639863453e-02 -5.5343500834e-03
-1.8173959343e-02 1.2340842290e-02 1.3721966494e-01
3.3525742570e-03 1.1631166861e-02 2.2158347986e-01
-5.2105449506e-02 4.4956636037e-01 -4.2081782651e-01
2.0374078768e-01 1.1466610638e+00 -1.6993139808e+00
2.6097088332e-01 3.4309079176e-01 -7.4115804083e-01
2.6767151303e-02 1.1849219677e-03 -8.0679077255e-02
-1.9172307646e-02 1.2769369589e-03 1.4104669250e-02
-6.2520626294e-03 -2.5884502329e-02 -1.8655290707e-02
-1.2399224726e-02 -2.4502223087e-02 -5.5951779974e-03
-2.8033216201e-02 8.0482562809e-03 -5.7407526640e-02
-4.5240173715e-02 2.1833259010e-02 -4.4723680277e-02
-2.0397953381e-02 -1.0856367727e-03 -7.8726705512e-02
-4.4886597182e-03 -2.1597662848e-02 -2.7787037686e-02
-1.7067325868e-03 3.6813195987e-02 -3.1583262467e-02
-5.4910465238e-02 5.5863689275e-02 -1.0539690837e-01
-9.1429066616e-03 2.1064809384e-01 2.5566782599e-02
2.6557097077e-02 2.7275278675e-01 5.0416801087e-02
-6.3743328943e-02 9.7992466337e-01 -1.6346975294e-01
3.0969455109e-01 1.8595679812e+00 -8.4165236409e-01
7.5595182963e-01 7.1105103146e-01 -9.2593907950e-01
2.9940209265e-01 7.5734604765e-04 -3.4336318449e-01
-5.7762772811e-02 3.4443012194e-02 -3.1211659706e-02
-4.9127395695e-02 3.8885103731e-03 -7.8022033233e-02
-7.5336086306e-02 1.2873299121e-02 -7.4440752572e-02
-9.6124972655e-02 6.3274112886e-02 -1.4846138145e-01
-1.0502555772e-01 8.3827717668e-02 -1.3205280342e-01
-6.0674508091e-02 4.3247421201e-02 -1.3358580209e-01
-1.1155314361e-02 1.2090211841e-02 -9.1613409470e-02
-8.4300122810e-03 1.2079012392e-01 -1.6917591463e-01
-1.0533422088e-01 2.4437786952e-01 -9.0616722563e-02
-1.0459115866e-01 4.3438838368e-01 1.2912038076e-01
-7.1371578950e-02 9.8655026519e-02 2.0483056750e-01
2.8480883022e-02 4.6370697447e-01 1.5671083561e-01
3.4826820350e-01 1.3095184200e+00 1.4522034063e-01
9.7298872126e-01 4.2653749091e-01 -3.5912772535e-01
6.3996682434e-01 -2.2447315077e-01 -1.2528213069e+00
-5.8808795007e-02 1.2976507602e-02 -3.0719434811e-02
-5.8348996829e-02 -7.4100335566e-03 -7.1509126700e-02
-7.0451588713e-02 -5.7921100900e-03 -7.9960557048e-02
-9.0005985346e-02 3.0123925612e-02 -1.3688895417e-01
-7.9813697605e-02 4.5284061268e-02 -8.8571939968e-02
-6.7395604133e-02 3.2230036592e-02 -1.3483910468e-01
-6.3217789360e-02 1.6197823515e-02 -8.4665757984e-02
-3.4504422454e-02 1.2953994152e-01 -1.7262075832e-01
1.4046539287e-02 2.3873196566e-01 -4.6414070403e-02
3.5773532015e-02 3.2969561744e-01 2.4260013921e-01
-1.4284534741e-01 -1.1951755544e-01 1.9341492722e-01
-6.9004107412e-02 -2.6603291944e-01 4.8512628306e-01
7.5878026637e-02 2.4574464371e-01 7.1294240967e-01
-1.5612844162e-01 -3.9536048035e-01 -1.3773506476e-01
-4.0527925209e-01 -5.6064991940e-01 -2.0636324101e+00
-2.3764884893e-02 2.6921803059e-03 -1.2147336119e-02
-1.6346695541e-02 -2.2731435439e-02 -3.0533564282e-02
-6.9011803597e-03 -2.1130001263e-02 -2.1429175377e-02
-3.7019145499e-03 -9.1430565276e-03 -2.6426034321e-02
-1.4736755011e-02 7.2461320251e-03 -1.9346408937e-02
1.0858540886e-02 2.9394492780e-04 -3.8051138395e-02
2.1708511846e-02 9.0924428139e-03 -8.6884759130e-03
4.1088494156e-03 6.8008532194e-02 -3.6439319315e-02
4.4164957695e-02 5.0976754448e-02 -3.8989077972e-02
8.4239973314e-02 -6.0478465501e-03 1.7377166819e-01
-5.1059403415e-02 -5.9364266634e-01 2.4045734062e-01
-2.3483903021e-01 -8.3705965301e-01 5.3029924649e-01
-9.4695761576e-01 -7.3625574450e-01 3.4320031571e-01
-1.9126727608e+00 -1.0493250385e+00 -8.3127122808e-01
-1.0957617840e+00 -4.0888283062e-01 -1.3241922672e+00
1.0845328051e-02 -1.4199163965e-02 8.0232146809e-03
1.4689199341e-02 -4.0390234187e-02 -1.5536539920e-02
1.2941078194e-02 -4.5198521305e-02 -9.8624312767e-03
1.0730820370e-02 -4.4048048109e-02 -3.1382810376e-02
9.8041700146e-03 -2.8560266694e-02 -2.3213052719e-02
1.5587215285e-02 -2.7776383140e-02 -4.4326568910e-02
2.5103502165e-02 -2.8672799958e-02 -2.2297330042e-02
2.5175506459e-02 -1.2490666020e-03 -2.7634388791e-03
2.8221417904e-02 -3.8431602144e-02 1.0558395850e-02
1.2600220590e-01 -1.0541369285e-01 1.7416722681e-01
-9.9779129539e-02 -6.2121188264e-01 3.1484961948e-01
-5.4032821699e-01 -1.0100926151e+00 3.1159325356e-01
-1.1543028420e+00 -7.5197060777e-01 -2.0756044805e-02
-1.2501763788e+00 -5.3717129573e-01 -4.6105539969e-01
-2.8754346081e-01 -9.0623428602e-02 -2.4681740964e-01
-4.6277418517e-03 -1.8753269969e-02 -7.5520038280e-04
9.6839534196e-03 -4.2694410578e-02 -1.2758912867e-02
3.7144923363e-03 -5.2270806887e-02 -2.7535203410e-03
-3.7559684382e-03 -3.6628468156e-02 -3.2462088821e-02
-1.1800741537e-02 -1.8501911742e-02 -6.2702102592e-03
3.1475458136e-03 -2.4396600069e-02 -3.8145626231e-02
2.4576169201e-02 -2.3940829762e-02 -1.4049877143e-02
7.9888506064e-03 8.9377607510e-03 -1.1755789200e-02
-2.3079061058e-02 -4.4991619102e-03 4.0280741709e-02
-5.4589487375e-02 -6.3952508756e-02 1.0564872480e-01
-1.6516619385e-01 -2.5579783540e-01 1.6281913894e-01
-3.3306384035e-01 -3.5052095689e-01 7.1284334286e-02
-2.2867502164e-01 -1.2517366681e-01 1.1818043243e-02
-1.6332547465e-01 2.4340125519e-03 -2.5019062947e-02
-2.2795732754e-02 1.5806086547e-02 -1.3125007822e-02
-1.6596106401e-02 9.9268527489e-03 -6.2119627417e-03
5.1235662205e-04 -1.7926397927e-02 -2.8571071935e-02
-1.5282171547e-02 -1.9783452553e-02 -2.4334038865e-02
-2.2765431365e-02 1.7237531223e-02 -5.7095516163e-02
-2.6867435149e-02 2.2320988953e-02 -3.7906321197e-02
8.0358029705e-04 1.1561250195e-02 -5.3583378691e-02
-7.3861278884e-05 1.7489639210e-02 -4.5678916259e-02
-3.3749299950e-03 3.7265212018e-02 -3.7934518420e-02
-1.3302686935e-02 4.7484659673e-02 -2.4829991473e-02
-5.2261932727e-02 1.5893489109e-02 -2.6966561016e-02
-4.7182535652e-02 -3.1952612240e-02 -1.3141019252e-02
-7.8972901572e-02 -6.8349572222e-03 -7.8731371449e-03
-1.9247445419e-02 5.2449169805e-02 -4.1576097821e-03
-3.3294338097e-02 5.3779187391e-02 -1.6664471867e-02
-4.4628182798e-03 1.4092696418e-02 -4.4466282569e-02
-1.0429060634e-02 1.4115113861e-02 -3.3025849165e-03
2.2132913292e-02 -6.8369521046e-04 -1.7283983271e-02
6.3872027633e-03 -2.4197060063e-03 -6.9099116739e-03
3.0935463256e-03 1.6488755921e-02 -3.5093504615e-02
-1.3711265284e-02 2.6691617521e-02 -1.5077552549e-02
4.9599818211e-03 1.3745148236e-02 -4.7120048180e-02
1.6092904915e-02 1.2419220316e-02 -3.8156794785e-02
-2.7688588810e-03 3.8827227466e-02 -4.2254822141e-02
-8.6585522244e-03 5.7353813714e-02 -4.0265526434e-02
-2.6333275610e-02 5.9184417066e-02 -4.2831217638e-02
6.4091291449e-03 5.1151124204e-02 -3.1017275211e-02
-7.4520844504e-03 6.1054424422e-02 1.1417694036e-03
9.5955014270e-03 5.2548129623e-02 2.5834579547e-02
-2.1873955529e-02 3.3480719224e-02 1.9018197759e-03
-9.4891333344e-03 -2.5776651092e-03 -4.8581750274e-02
6.8378288006e-03 1.4161938063e-02 -6.9231451758e-03
3.2568921825e-02 3.2643141074e-03 -2.1830541880e-02
1.9851022651e-02 9.0998987685e-04 -1.4612224609e-02
2.3097360096e-02 2.0930540161e-02 -2.7809709254e-02
7.3808127038e-03 3.5626659226e-02 -2.0121947612e-02
1.5592893779e-02 2.0554652373e-02 -5.7319355307e-02
2.7421975198e-02 1.9773210073e-02 -4.9794832554e-02
6.1107421178e-03 4.3516434179e-02 -4.7354289536e-02
1.4425525381e-02 6.4339197829e-02 -3.6590656378e-02
-7.1780263611e-03 6.3437265509e-02 -3.7812278906e-02
3.5883620876e-02 5.9601868689e-02 -2.2712602812e-02
2.5657324992e-02 6.1348861510e-02 2.2445902622e-02
3.9637160297e-02 4.7879764453e-02 4.6447628700e-02
4.3399893090e-03 3.1198978932e-02 1.5595874034e-02
1.0343214005e-02 -1.1871080243e-03 -3.5441804922e-02
2.0043966920e-02 -1.7786691488e-02 -4.0875179727e-03
4.5007376795e-02 -3.7893511589e-02 -2.6759740355e-02
3.5558200095e-02 -3.7408482288e-02 -1.1176074284e-02
1.8481964295e-02 -1.6395616842e-02 -3.6722459469e-02
1.3188282536e-02 3.8712925697e-03 -2.6029940427e-02
1.6710229528e-02 -1.2195717745e-02 -6.2759213220e-02
2.8422014784e-02 -1.1396745141e-02 -4.8004560736e-02
2.2180257983e-02 1.2307426454e-02 -4.4238439892e-02
2.7836331711e-02 2.9056457703e-02 -2.5601007486e-02
1.8723339198e-02 2.5874236750e-02 -2.4242431045e-02
4.1173302041e-02 2.0013787619e-02 -1.9561430172e-03
4.1753670387e-02 2.8219362633e-02 5.4075823306e-02
4.6503228426e-02 2.3490049291e-02 7.3386451811e-02
2.0267738741e-02 1.1715712789e-02 4.3371721188e-02
1.9882907224e-02 -2.2267978226e-02 -1.6246919783e-02
-6.2114396374e-02 2.7259555121e-02 3.6381259395e-02
-7.2794381800e-02 7.8705397919e-06 1.7019217664e-02
-8.0489923448e-02 -1.7576712005e-02 4.6674293858e-03
-1.0304395419e-01 -1.8752380189e-02 -2.5340072161e-02
-1.0172072211e-01 4.7176522102e-03 -2.5138316121e-02
-8.0007864340e-02 -4.9244512332e-03 -3.6721015167e-02
-5.9951892006e-02 -1.7971924068e-03 -1.7693550431e-02
-7.1299757832e-02 3.3056761358e-02 1.5267418364e-02
-8.5300899745e-02 5.8655322643e-02 3.2097829803e-02
-1.0324363785e-01 7.8111235724e-02 3.2768419875e-02
-9.2562744664e-02 5.2653809623e-02 5.0390543231e-02
-9.3504228504e-02 7.6302628676e-02 5.1744372077e-02
-9.7657784251e-02 8.1108416213e-02 4.5418179054e-02
-1.0318612890e-01 7.5723999879e-02 1.8841665779e-02
-4.5193862369e-02 3.1730549371e-02 3.0242050220e-02
-5.4920413592e-02 2.4882968215e-02 5.0765350892e-02
-6.9843138992e-02 -3.3524284264e-03 3.4260710275e-02
-8.3220575908e-02 -2.0821583896e-02 2.1975132053e-02
-9.5778985152e-02 -1.9550513817e-02 -1.5715911845e-02
-8.8805618302e-02 -3.6149118955e-03 -1.0095977483e-02
-7.1253663128e-02 -1.3953950495e-02 -2.4461765729e-02
-6.0228844367e-02 -2.1911789725e-02 4.1291089880e-03
-6.5068881649e-02 1.7285561253e-02 2.0637720257e-02
-8.5917264615e-02 4.7796933573e-02 4.6869717920e-02
-9.5257180307e-02 6.5541712826e-02 4.0394893320e-02
-8.4335897466e-02 4.2490296412e-02 6.6526034612e-02
-7.8389113628e-02 6.3937324107e-02 6.3261120267e-02
-7.0419083651e-02 6.7294351277e-02 5.6818697804e-02
-6.2570870629e-02 5.3146691154e-02 2.5877134208e-02
-2.1469487586e-02 1.0376730943e-02 3.4838788122e-02
-9.3158198488e-02 5.1567274392e-02 2.5627771416e-02
-1.0376696345e-01 1.3720162325e-02 1.5388573742e-02
-1.1504733944e-01 4.9577376735e-03 5.7819380285e-03
-1.1917539795e-01 1.3625298290e-02 -3.0825367006e-02
-1.1360078248e-01 3.3166595462e-02 -1.8026481091e-02
-9.0288399761e-02 2.0208937349e-02 -3.5617418418e-02
-7.5807784869e-02 2.0308993129e-02 -1.1917165569e-02
-8.4133965709e-02 6.3013832241e-02 1.4847623723e-03
-1.0484092313e-01 8.7825045059e-02 1.8358682743e-02
-1.2281445417e-01 1.1869325765e-01 -2.8550784241e-03
-1.1087684835e-01 8.6021184382e-02 3.9885667176e-02
-1.0978020208e-01 1.0613294689e-01 3.3317169412e-02
-1.1212353567e-01 1.0039241820e-01 2.4989219023e-02
-1.0998292375e-01 9.1334993587e-02 -1.5657938873e-02
-6.6715681922e-02 4.3774228703e-02 6.7079056726e-04
-7.7922965066e-02 7.5203149242e-02 2.3941863536e-02
-9.2830401012e-02 4.6381871248e-02 5.4744383095e-03
-1.0225633625e-01 4.2418924879e-02 -7.2059302792e-03
-1.0879585187e-01 5.9200688587e-02 -5.6010226958e-02
-1.0334078538e-01 7.0382061020e-02 -4.2946718874e-02
-5.8851865581e-02 5.1773210369e-02 -5.3955187395e-02
-4.1203362540e-02 4.6410468987e-02 -4.1952249546e-02
-4.7328724531e-02 8.6787577503e-02 -2.9021965999e-02
-7.7083511978e-02 1.1274689472e-01 -2.0106320650e-02
-8.9348213101e-02 1.2141671957e-01 -1.9907275521e-02
-4.8191780032e-02 4.9538085978e-02 5.3021649597e-02
5.0306096571e-02 -4.1344188780e-02 2.3652061947e-02
-6.4954019437e-03 1.6403885224e-02 -5.3556754339e-02
-9.9935141696e-02 9.3000914419e-02 -4.2390890490e-02
-4.1951203401e-02 3.8625311110e-02 -2.6184678281e-02
-6.3806990711e-02 6.2398489364e-02 2.2869198430e-02
-5.1718930428e-02 3.9783623977e-02 1.8440961571e-02
-6.4454906566e-02 4.2068393555e-02 7.3697408623e-03
-7.5165608011e-02 5.1956069323e-02 -2.1487372814e-02
-8.1660294244e-02 6.6471619415e-02 -2.1995504171e-02
-4.3463447865e-02 4.7710255074e-02 -3.8923517659e-02
-2.7677962685e-02 4.9084793351e-02 -3.2963365312e-02
-4.4665254331e-02 8.2681038984e-02 -3.7959536726e-02
-6.1430117588e-02 9.4781551112e-02 -2.7998518393e-02
-6.3334502306e-02 6.5949987860e-02 8.6738608330e-03
1.2292638852e-01 -2.8019256733e-01 2.6514708571e-01
5.6294716369e-01 -8.5840987620e-01 1.9663609462e-01
4.9511445664e-01 -5.5545849775e-01 -3.6257839262e-01
1.7861582814e-02 -2.2113883106e-02 -1.5052996677e-01
-4.9125474977e-02 3.2891777233e-02 -2.8030486889e-02
-2.8325210024e-02 4.5131525207e-02 2.5534531385e-02
-1.9068467635e-02 2.1689436942e-02 1.3821959656e-02
-2.7169965540e-02 2.3030123457e-02 6.0612286345e-03
-3.9399534925e-02 4.1407627159e-02 -3.2508088801e-02
-4.5393681279e-02 5.7047692526e-02 -2.8444826932e-02
-1.8467023681e-02 3.4793703273e-02 -5.9753582159e-02
3.6711106210e-03 2.7990457414e-02 -4.7417180084e-02
-4.0494699736e-03 5.3237557161e-02 -3.7949795339e-02
-7.9473959160e-03 6.1777184107e-02 -9.6279491956e-03
-3.0209573345e-02 2.1451941954e-02 6.7090964848e-02
2.0912092065e-01 -6.4422272755e-01 5.2861583077e-01
5.7098027555e-01 -1.3510490039e+00 5.9970093836e-01
8.5688859742e-01 -9.2373340620e-01 -7.7849947847e-01
3.7864789777e-01 -2.9619626723e-01 -6.3048116979e-01
3.5304900423e-02 -1.1188029475e-02 -6.5393006962e-02
-4.0738896291e-02 2.2809545565e-02 1.9619482654e-02
-3.2521525070e-02 1.0852095681e-03 9.2549935831e-04
-4.6153267173e-02 6.2346977334e-03 6.8297683830e-04
-5.6872433355e-02 3.8130804427e-02 -5.2495016191e-02
-6.7758921178e-02 5.3477678450e-02 -4.2639186027e-02
-3.4302915856e-02 3.2166852282e-02 -6.9284889223e-02
-1.6898880006e-02 2.4436772154e-02 -3.8874233449e-02
-1.4107763172e-02 4.5111669454e-02 -3.0677824944e-02
-2.4124567222e-02 2.9178553007e-02 1.2577279196e-02
-1.4445577007e-02 1.9662838739e-02 1.0316216732e-01
8.3894956503e-02 -5.8003372301e-01 4.7841874696e-01
7.5117814848e-02 -9.9367101920e-01 7.6551711566e-01
4.1732032555e-01 -9.2193127208e-01 -4.9531313644e-01
6.2736628848e-01 -7.3014330277e-01 -1.2866847381e+00
1.7464037891e-01 -1.1317572145e-01 -3.2056431619e-01
-7.6226975540e-02 5.3839954589e-02 -3.2569156060e-02
-6.8128971903e-02 2.4595596157e-02 -5.9216463437e-02
-9.2544173535e-02 3.9847755302e-02 -7.1795783909e-02
-1.0277261889e-01 6.9551690377e-02 -1.2320029374e-01
-1.1933624358e-01 9.3223929742e-02 -1.1062867652e-01
-7.7792436169e-02 6.4370128992e-02 -1.2298472426e-01
-4.2747148659e-02 5.5870565623e-02 -8.5831380671e-02
-4.1619318663e-02 7.5631653635e-02 -6.4628410514e-02
-5.0125607180e-02 5.5350221338e-02 2.4473249814e-03
-6.6933838426e-02 6.1732401311e-02 1.1537541336e-01
-3.4346349604e-02 -4.2203226233e-01 4.0638547035e-01
-2.1632818313e-01 -1.0298025340e+00 8.7646354114e-01
-3.2842098984e-01 -1.3733605830e+00 4.0624044937e-01
1.1686973762e-01 -1.4348373895e+00 -1.0616527024e+00
1.8140241290e-01 -5.9196272833e-01 -8.7771657808e-01
-7.8997087461e-02 3.0529237371e-02 -3.6784579400e-02
-8.8781411712e-02 9.1729599624e-03 -6.3959752814e-02
-9.5593155631e-02 1.2735741495e-02 -6.4723647757e-02
-1.0727583723e-01 4.4723428808e-02 -1.1215121188e-01
-1.0186679437e-01 6.3216707392e-02 -8.8284295998e-02
-6.9850030185e-02 4.4289533897e-02 -1.0981108117e-01
-3.8873301901e-02 3.3931221227e-02 -7.9459199394e-02
-3.7545828209e-02 5.1953046817e-02 -5.4726391252e-02
-4.4848353199e-02 5.3255056225e-02 1.9018228004e-02
-7.4731209867e-02 2.0861552046e-02 1.1631471095e-01
-1.6115575396e-01 -3.6527039124e-01 3.2701642452e-01
-3.5461494323e-01 -9.0648977068e-01 8.7440818519e-01
-8.8371643254e-01 -1.6076112095e+00 7.8155916841e-01
-9.9491559081e-01 -2.0193002392e+00 -5.3047295915e-01
-3.3391060927e-01 -9.2398815743e-01 -1.0127261291e+00
-4.3512041317e-02 1.4006797485e-02 -2.3989321064e-02
-4.6474815008e-02 -6.7521709583e-03 -3.1298189590e-02
-4.1729187146e-02 -1.4410295947e-02 -3.6411568210e-02
-4.0903140543e-02 1.8340517837e-03 -4.5656295570e-02
-5.3703327899e-02 2.4576837769e-02 -3.5894956329e-02
-3.3573939373e-02 1.9526831188e-02 -5.1733024496e-02
-3.9157104304e-03 1.8428198490e-02 -3.7878879530e-02
-1.8737786123e-02 3.3252158404e-02 -2.1568832632e-02
-3.0952810117e-02 4.4956853187e-02 1.1264315839e-02
-7.7004672252e-02 1.3307510655e-02 3.5755767345e-02
-1.3445999909e-01 -3.0088469190e-01 1.6981566137e-01
-2.7815249769e-01 -5.5567595138e-01 5.4573093426e-01
-9.1651958499e-01 -1.1419516083e+00 4.9607245640e-01
-1.2608553836e+00 -1.3380011593e+00 -3.2965534158e-01
-4.1548616920e-01 -4.1421417577e-01 -4.1828938962e-01
-1.8385649964e-02 2.4948728948e-03 3.4669621338e-03
-2.1085516744e-02 -2.4967176677e-02 -5.9613409615e-03
-1.6542412208e-02 -3.4143354411e-02 -9.1270529588e-03
-2.0878402311e-02 -2.4067909260e-02 -2.5309459933e-02
-1.8738764344e-02 -9.0450511370e-03 -1.9715071012e-02
-1.1877868412e-02 -1.4146261652e-02 -3.4551781153e-02
7.4741942781e-03 -9.4235786519e-03 -2.1311615549e-02
1.6722539474e-03 8.4572176212e-03 1.3605763610e-03
-1.7757004991e-02 2.9191344778e-02 1.7263569724e-02
-3.7005945588e-02 2.4647599525e-02 1.5216159053e-02
-5.6916549543e-02 -1.0474011989e-01 7.0325656584e-02
-1.3695898206e-01 -2.1700320198e-01 1.5429026991e-01
-2.9123454129e-01 -2.6321746946e-01 1.3811761854e-01
-3.3309947557e-01 -2.4114061312e-01 -4.2143995998e-02
-3.8271557363e-02 -3.7936565001e-02 -3.1939084792e-02
-2.8040267950e-02 -2.2193145066e-03 -7.4736910959e-03
-3.1131234144e-02 -2.6468069953e-02 -1.2639764170e-02
-3.3273190196e-02 -3.0715532015e-02 -1.2202794328e-02
-3.9518203339e-02 -1.3781980631e-02 -2.5353352143e-02
-4.2858734060e-02 1.7833419286e-04 -1.1792050927e-02
-3.1566715470e-02 -2.6399336828e-03 -2.7065971556e-02
-1.4159579492e-02 9.9193508862e-04 -1.3997811059e-02
-2.3868183395e-02 3.1341152710e-02 -5.6682755084e-03
-4.1647744917e-02 4.7942070670e-02 5.5188937236e-03
-6.2544793544e-02 6.5526248650e-02 -9.1272730254e-03
-4.1910115450e-02 4.1246785398e-02 2.3521886927e-02
-5.1775322680e-02 3.9398169170e-02 3.4350225923e-02
-4.0365380956e-02 5.1075339071e-02 5.3204123907e-02
-5.5514842768e-02 5.3516518276e-02 1.0164312368e-02
-8.2644432021e-03 3.2867563894e-02 4.8687837133e-03
-3.7985835210e-02 2.9193139598e-02 -2.9859893538e-03
-3.5638349867e-02 3.3509638423e-03 -1.0869606427e-02
-4.4236491332e-02 4.8918061735e-03 -2.0625363762e-02
-3.9623997868e-02 2.7364384800e-02 -3.8080882810e-02
-5.0028804836e-02 3.8481853926e-02 -2.4985496990e-02
-1.8874960985e-02 2.6003895462e-02 -3.2733706246e-02
-6.0317689642e-04 2.7914485303e-02 -2.3032801334e-02
-1.2644990042e-02 4.3005318464e-02 -1.0748037610e-02
-2.8835543275e-02 7.0061229316e-02 -1.5795678830e-02
-4.8225916745e-02 7.7885101212e-02 -2.1497494070e-02
-1.2496662029e-02 7.0119876057e-02 3.8713455058e-04
-3.1642403850e-02 7.8504246702e-02 1.5662801087e-02
-2.1515987415e-02 7.0261583221e-02 1.7247686802e-02
-4.5777396121e-02 6.0202963828e-02 -1.3640315669e-02
5.4171042082e-03 2.1852119835e-02 -2.4561465636e-02
-3.0422415185e-02 3.0774647873e-02 -8.4045047255e-03
-5.2555040748e-03 1.1456764180e-02 -6.7840708467e-03
-2.0538306309e-02 1.4318391026e-02 -6.4965597537e-03
-2.3484870041e-02 2.3513397935e-02 -1.8236443018e-02
-3.6900954581e-02 3.6439773892e-02 -9.8237890614e-03
-7.0166592751e-03 2.1952655271e-02 -2.7337638895e-02
6.1676539686e-03 2.2090255839e-02 -2.0698954026e-02
-6.9211930814e-03 3.4660503911e-02 -2.1909713012e-02
-2.7362144004e-02 5.6952972071e-02 -2.1931872649e-02
-4.1940258381e-02 6.0692610774e-02 -2.1291473128e-02
-1.2269518892e-02 5.3321490540e-02 -2.0537192213e-03
-2.8646959640e-02 6.0360625279e-02 2.3797077491e-02
-2.2132638281e-02 5.3149956254e-02 3.2779598077e-02
-4.6690318298e-02 4.1675581959e-02 -4.7883214053e-03
-1.2573950418e-02 1.1880683325e-02 -2.7748007577e-02
-1.3812830821e-02 2.7478563500e-02 -1.9425517504e-03
2.8535291338e-03 1.7500476021e-02 -4.7874735144e-03
5.9807617085e-04 1.1861499440e-02 -3.6896668351e-03
7.4787282322e-03 2.7191872380e-02 -1.7440997293e-02
-1.4822533474e-02 4.1655831658e-02 -1.1301237583e-02
3.8217753123e-03 2.6672920821e-02 -3.7290515820e-02
1.7407573608e-02 2.5043960229e-02 -2.9091706253e-02
2.7423220481e-03 3.8325551664e-02 -2.9781805874e-02
9.3010984788e-04 5.9957496479e-02 -2.0956273373e-02
-2.3617327400e-02 5.8264590318e-02 -2.3092343882e-02
2.1896311279e-02 5.0816005187e-02 4.5566607056e-03
5.6648094298e-03 5.5655123308e-02 3.7248951230e-02
2.0760199452e-02 5.1645267253e-02 5.9603018022e-02
-1.7842210473e-02 3.4289542357e-02 2.3971172845e-02
1.2204670339e-02 9.2195030503e-03 -1.8114285458e-02
-1.9147912694e-03 -2.6722780374e-04 8.6973171492e-03
1.4386820497e-02 -1.6959265463e-02 -1.0992836943e-02
2.0957016275e-02 -2.1183460690e-02 8.3918509687e-04
3.3411008559e-03 2.1026317657e-03 -2.0659955264e-02
-2.3115586219e-03 1.7884940014e-02 -1.4775368095e-02
9.7198975503e-03 -1.3627218080e-03 -4.1683339265e-02
3.2203815175e-02 1.5885386976e-04 -2.5473426105e-02
2.2828886357e-02 1.4047807959e-02 -2.1196325968e-02
1.8983819229e-02 3.5137204073e-02 -5.7603602265e-03
8.2954965380e-03 3.1605737475e-02 -4.8001984124e-03
2.7911110335e-02 2.8266725409e-02 1.9325022898e-02
2.8466999598e-02 3.3083563900e-02 6.0738894568e-02
2.7314446260e-02 3.4898489962e-02 7.9072854498e-02
5.8755608196e-03 2.1941170439e-02 4.1521549377e-02
1.9363019697e-02 -4.1216815005e-03 -1.7947293846e-03
