-4.3937020585e-02 -3.6384588059e-02 4.6534160478e-03
-6.8036309377e-02 -6.6282108719e-02 6.7467561473e-03
-1.0865676586e-01 -6.8986854543e-02 -1.7372829724e-02
-1.9192068950e-01 -8.6041474516e-02 -1.1308986285e-01
-2.0920642403e-01 -1.3992409442e-01 -1.4101484592e-01
-2.0581023511e-01 -1.8734041372e-01 -1.6981187545e-01
-2.0026449719e-01 -2.1751488632e-01 -1.5326089154e-01
-1.8669870964e-01 -2.1062252207e-01 -1.8365050703e-01
-1.5859779116e-01 -2.1067151477e-01 -1.2265877279e-01
-1.8474762900e-01 -2.3876030628e-01 -9.0841672062e-02
-2.7299660486e-01 -2.6901590792e-01 -3.0325124430e-02
-2.5157828944e-01 -2.6992632292e-01 7.4171259620e-02
-1.7933508963e-01 -1.9790200434e-01 9.4822363635e-02
-9.5734258294e-02 -1.7800465820e-01 5.0951095236e-02
-7.9353016403e-02 -1.4923698654e-01 4.0387257106e-02
-3.0931762981e-02 -3.1244056210e-02 1.3656162653e-02
-5.7627864232e-02 -5.0467778441e-02 -1.4882722813e-02
-1.0676647886e-01 -6.0030995475e-02 -4.6952423937e-02
-1.9823773944e-01 -9.0603543762e-02 -1.6560870435e-01
-2.0482262464e-01 -1.2993291309e-01 -1.8077875812e-01
-1.6501159679e-01 -1.2149052562e-01 -1.8927129728e-01
-5.7235839062e-02 -9.2135979971e-03 -1.0949561651e-01
7.4092157752e-02 1.2997503489e-01 -1.3866672106e-01
1.1298415243e-01 1.7317095937e-01 -1.4750061926e-01
-3.0778254544e-02 3.2759163229e-03 -1.6198059013e-01
-2.2833044853e-01 -2.0623258735e-01 -6.6480809848e-02
-2.1721987492e-01 -2.5934580223e-01 6.2018508868e-02
-1.6187105992e-01 -2.0950896216e-01 9.7381583654e-02
-8.4984939493e-02 -1.8612728731e-01 4.7236010945e-02
-6.9335930147e-02 -1.7477467273e-01 2.7823828524e-02
-3.3834445003e-02 -4.1548161468e-02 8.8992148425e-03
-6.5782555450e-02 -7.1304192795e-02 -1.9739368436e-02
-1.2966655059e-01 -9.7572842081e-02 -7.0709519432e-02
-2.0794128758e-01 -1.1875053360e-01 -1.9643860263e-01
-1.5674028342e-01 -8.3775633887e-02 -1.6244205768e-01
-2.1047238531e-02 1.2367816064e-01 -8.3916263251e-02
1.7479108723e-01 4.9196464557e-01 2.7669822848e-02
2.9482308824e-01 7.2288193322e-01 -7.0169230934e-02
2.7114790385e-01 6.5524125784e-01 -2.0146210511e-01
2.8158648099e-02 2.3292634115e-01 -2.1614783654e-01
-2.0941355319e-01 -1.7056929606e-01 -1.4783756988e-01
-2.2287115482e-01 -2.4982649863e-01 -1.7210889318e-02
-1.6167402966e-01 -2.1564502907e-01 4.3950234365e-02
-9.4795557510e-02 -1.8322332173e-01 1.7025804685e-02
-7.6529790338e-02 -1.6370725045e-01 7.3419351714e-03
-2.5254122595e-02 -3.0002946671e-02 -2.6718464253e-02
-6.1879489146e-02 -7.6078586254e-02 -9.1127122832e-02
-1.0827781340e-01 -9.7646213914e-02 -1.5877485497e-01
-1.5824036953e-01 -5.7858351257e-02 -1.9914772504e-01
-8.6059056735e-03 2.0582862236e-01 -5.3415822743e-02
1.4935835561e-01 5.8472228834e-01 7.6221413802e-02
2.5320243979e-01 9.5564963469e-01 1.3068258220e-01
1.9027918765e-01 9.0419708979e-01 -6.2612368995e-02
9.1259587670e-02 5.4656545718e-01 -2.1055593654e-01
-6.5014901157e-02 4.7103764496e-02 -1.7393609923e-01
-1.8939487014e-01 -2.6217101826e-01 -1.0852396171e-01
-1.6320958963e-01 -2.0397944877e-01 -5.9535553584e-02
-1.2485350010e-01 -1.7272350094e-01 1.8637705706e-02
-7.2772145770e-02 -1.4904202041e-01 1.8679434708e-03
-5.7365145353e-02 -1.4038683486e-01 8.1122032823e-04
-4.5429432133e-02 -6.6354624910e-02 -6.5318596139e-02
-7.5674116918e-02 -1.0694017478e-01 -1.0931979069e-01
-1.0078368678e-01 -1.1046442093e-01 -1.4082810322e-01
-8.1941565265e-02 6.4582613118e-02 -5.7271883278e-02
9.7659261988e-02 5.7832666563e-01 1.7194595935e-01
1.7215282509e-01 9.4629335176e-01 2.1819554949e-01
1.6139619036e-01 1.0644348937e+00 1.4388547354e-01
8.0897286447e-02 7.9340654796e-01 -6.9752377201e-02
7.9000547815e-03 1.5952354362e-01 -1.5189386244e-01
-8.1666983448e-02 -2.9342141869e-01 -8.5863625001e-02
-1.4341047463e-01 -3.7584615569e-01 -2.7239645822e-02
-1.2162910688e-01 -1.9442923830e-01 7.8974181536e-03
-7.1080288610e-02 -1.6192392093e-01 4.6685824999e-02
-4.3476427752e-02 -1.3489955077e-01 2.2197592884e-02
-3.5583689050e-02 -1.2581891683e-01 1.1658190713e-02
-6.0535104073e-02 -7.8065495816e-02 -1.0009714130e-01
-8.4440375330e-02 -1.2571814291e-01 -1.4545188854e-01
-1.2220590438e-01 -1.1350631451e-01 -1.4369225766e-01
-1.3574935545e-01 1.8267155024e-01 1.2422983577e-02
-7.3345710323e-02 8.6055131014e-01 2.5398984827e-01
-4.3402091186e-02 1.0850744972e+00 2.0725837724e-01
-6.8047229687e-02 9.5095152265e-01 7.9915418205e-02
-6.5446720286e-02 6.6900063151e-01 -5.4857049622e-02
-7.4162613364e-02 -1.2670907833e-02 -6.1097416137e-02
-2.9634821827e-02 -5.1962747295e-01 -2.1771003270e-02
-1.7979104140e-02 -4.4922457074e-01 -6.9259158244e-02
-8.9490576462e-02 -1.4363269786e-01 -3.7220368908e-02
-7.2097910580e-02 -1.3490718286e-01 4.9925154669e-02
-4.4210215674e-02 -1.2149858006e-01 1.4116834956e-02
-3.6188826482e-02 -1.0776374988e-01 7.6568121565e-03
-7.5011675897e-02 -9.3749954150e-02 -1.1286829447e-01
-9.4204342829e-02 -1.3169913883e-01 -1.5157749527e-01
-1.3177097273e-01 -1.2544948375e-01 -1.3509440595e-01
-2.1445057350e-01 1.9792563724e-01 5.3279108711e-02
-3.2520024002e-01 8.9151889428e-01 2.6892388630e-01
-3.3876517405e-01 1.0765307194e+00 1.9763768928e-01
-2.3313330777e-01 8.1899837730e-01 8.1499010117e-02
-1.5528928595e-01 5.9406664753e-01 -3.7100857030e-02
-1.3939839932e-01 9.4246633184e-02 -4.5549353517e-03
-4.1660772942e-02 -5.2588003538e-01 1.4196710420e-01
7.9248140562e-02 -5.2502069327e-01 1.2950247180e-01
-2.2395787048e-02 -1.7508553590e-01 6.7854399918e-02
-4.8586765814e-02 -1.3943331387e-01 9.0799642996e-02
-2.5984936942e-02 -1.3209599292e-01 4.6477942762e-02
-2.0323630812e-02 -1.2280222663e-01 3.2404955640e-02
-6.7889542910e-02 -7.4569394180e-02 -8.7961506662e-02
-8.4685506171e-02 -1.1869885977e-01 -1.1902219300e-01
-1.2023666978e-01 -1.4728425266e-01 -1.4672559087e-01
-2.2870883497e-01 2.3323385395e-03 -6.8245988389e-02
-3.0679031066e-01 3.9718062228e-01 9.5599948797e-02
-3.7998192469e-02 7.4109291669e-01 2.4214383317e-01
4.8763619878e-01 8.5644660490e-01 2.0068018228e-01
7.5492106958e-01 7.3234283731e-01 -7.9619301312e-02
5.9866073025e-01 4.9160641221e-01 -2.7626115647e-01
2.5060823754e-01 -4.7095834335e-03 -1.4741374832e-01
1.0827273705e-01 -2.1697460886e-01 6.8346162665e-02
5.8258674225e-03 -9.8209481930e-02 4.2123174982e-02
-7.0403458200e-02 -1.3650621005e-01 7.4475421548e-02
-5.4983692328e-02 -1.3387919687e-01 4.3219122716e-02
-3.7359667377e-02 -1.1762250960e-01 2.9700509906e-02
-4.1927798896e-02 -7.3612896429e-02 -6.0081701846e-02
-5.1539579855e-02 -9.7236581811e-02 -8.6735639046e-02
-6.5932941229e-02 -1.2345981492e-01 -1.2124509562e-01
-1.0776253074e-01 -1.1427369306e-01 -1.2182495606e-01
-6.7528336021e-02 1.9955169385e-01 1.3707634408e-01
1.7468436229e-01 1.2860839841e+00 7.6291161742e-01
7.4631583007e-01 2.3315132247e+00 8.5697900429e-01
1.1600342196e+00 2.3920546890e+00 8.5233238257e-02
1.2360662500e+00 2.2477440502e+00 -8.0530564821e-01
8.8002813419e-01 1.4162764865e+00 -1.0486242761e+00
5.4081973672e-01 7.4612725597e-01 -3.1134139565e-01
2.8548497240e-01 4.0897935242e-01 -2.1371427695e-01
-1.5298418627e-02 -1.0214423585e-01 3.6529981367e-02
-2.3966865146e-02 -1.4614532934e-01 5.6643454844e-02
-1.3453905907e-02 -1.2955586992e-01 3.3419534835e-02
-7.2220457655e-03 -6.9762479004e-02 -9.3430903716e-03
-1.0626847972e-02 -8.1268696995e-02 -9.1238142619e-03
-2.1371360282e-02 -9.3178754160e-02 -3.2504114796e-02
-6.1375808955e-02 -9.4942155987e-02 -6.6085056241e-02
-1.4940367585e-01 1.2722518989e-01 1.2820849443e-01
-5.2666941453e-01 1.0299928331e+00 7.0559179795e-01
-9.0148570950e-01 2.3653194599e+00 1.1446248664e+00
-6.9464585106e-01 2.8329355241e+00 4.4426630673e-01
-3.8963534985e-01 2.9887454170e+00 -7.1804763125e-01
-3.3521532505e-01 1.9788651249e+00 -1.2691414466e+00
-2.2696647254e-02 1.1492684197e+00 -5.4817877762e-01
1.3531585554e-01 7.9482279139e-01 -3.4430539598e-01
-3.5844992366e-02 -9.9358263083e-02 -1.3694218932e-03
-1.1542859455e-02 -1.5738776786e-01 4.3680583249e-02
-1.2245894391e-02 -1.2595091931e-01 1.3081592216e-02
1.0240920582e-02 -7.1159110169e-02 1.0326684519e-03
9.0654895565e-03 -7.7713553125e-02 -1.6111282822e-02
-1.6654967538e-03 -8.0221897444e-02 -3.1484804695e-02
-2.5887634782e-02 -8.8077432220e-02 -8.1742831927e-02
-8.3921361194e-02 -3.6144320052e-02 -2.8550028182e-02
-3.6982811275e-01 2.8256138342e-01 2.0950033149e-01
-1.1231249356e+00 1.0996582228e+00 6.4977198847e-01
-1.6872659435e+00 1.8383089144e+00 4.7571476710e-01
-1.5514934978e+00 2.1645807664e+00 -2.3161754435e-01
-9.9031529940e-01 1.1180367251e+00 -6.2559591804e-01
-3.3271447227e-01 8.4567062898e-01 -3.1772612457e-01
-6.7530887857e-02 6.8997753089e-01 -2.8765103078e-01
-3.2312072909e-02 -1.0949860772e-01 -7.0387037410e-03
2.7563804550e-03 -1.5019158293e-01 1.4192589919e-02
-5.4687384921e-03 -1.3620820870e-01 -2.0551955870e-03
1.1669803287e-02 -7.6149111984e-02 1.0829465325e-02
1.2086440026e-02 -8.5859439032e-02 4.5458733449e-03
-4.4615036732e-03 -8.8854363080e-02 -1.5562720299e-02
-2.6426409777e-02 -9.9314389028e-02 -7.3980737488e-02
-3.4919118320e-02 -1.0483259786e-01 -6.3256357382e-02
-9.0636229923e-02 -5.5188987296e-02 -4.1069154825e-02
-3.2131132548e-01 1.7207309291e-01 1.0780577499e-01
-7.8897951473e-01 5.4636071009e-01 2.0777984107e-01
-1.0048151912e+00 8.9928697963e-01 1.0174099278e-01
-6.0717065884e-01 6.6064901502e-01 -1.0034610573e-01
-2.3403129696e-01 5.5549045517e-01 -1.2410141421e-01
-1.2291933078e-01 3.8148758726e-01 -1.3981324632e-01
-1.2265321108e-02 -1.4052259575e-01 1.8180681928e-02
4.7912402791e-03 -1.5595032750e-01 1.7274757496e-02
-2.0352278352e-03 -1.3379827903e-01 5.7741662457e-03
1.5177473753e-02 -6.9628761551e-02 -3.0429480008e-03
1.3881018123e-02 -8.2244601730e-02 -1.9783161342e-02
1.4254278139e-03 -9.0949803600e-02 -5.3147610565e-02
-2.3822247207e-02 -1.0046417850e-01 -9.9059585996e-02
-2.4560024963e-02 -1.0247440378e-01 -8.3688307220e-02
-1.2151131534e-02 -1.0878742083e-01 -9.2946574430e-02
-1.8535801826e-02 -8.1986590821e-02 -8.3305625168e-02
-1.0124045834e-01 -8.8999172899e-03 -2.9136134446e-02
-2.4564307589e-01 1.3979732317e-01 4.3630830932e-02
-2.2373766364e-01 1.4841516702e-01 2.6740541412e-02
-1.6027614828e-01 2.0119043342e-01 -8.6123508615e-02
-1.2176476509e-01 1.4465448552e-01 -8.6718247446e-02
-1.9828571472e-02 -1.4179390019e-01 1.4235669636e-02
-2.4203927302e-03 -1.3613913451e-01 4.1646883164e-03
-6.1040564842e-03 -1.1361023109e-01 -6.9032796367e-04
6.1896252221e-03 -7.6207420678e-02 -2.2915703367e-02
7.4416264440e-03 -8.5403907714e-02 -3.4085174365e-02
-9.2364484056e-04 -9.3461223456e-02 -5.2296503139e-02
-8.7557453431e-03 -1.0337351657e-01 -7.3718320953e-02
-7.5321432761e-03 -1.0807769857e-01 -5.5423506631e-02
-7.9464404011e-03 -1.0660732884e-01 -8.1919977891e-02
1.7347196892e-02 -9.9495740995e-02 -9.1856015439e-02
1.7331557847e-02 -1.0085238384e-01 -9.7094023912e-02
-6.6152002884e-03 -8.2347656307e-02 -4.3973867734e-02
-3.5153230787e-02 -6.1687834210e-02 -2.2541531600e-02
-5.6590703103e-02 -4.0939227255e-03 -3.5635065876e-02
-4.0842622219e-02 -4.3862623313e-02 -5.7651063107e-04
1.7685463532e-02 -1.3074927393e-01 4.8380902065e-02
2.1723569919e-02 -1.2182889122e-01 2.3031882606e-02
1.1163756339e-02 -1.0159607648e-01 1.6450706007e-02
5.1384630767e-03 -8.0442122435e-02 -4.3455416502e-02
5.0899012729e-03 -8.8827969257e-02 -5.4438169046e-02
2.3246256058e-03 -9.9148502799e-02 -5.7610356798e-02
-9.6673812285e-03 -1.1601009088e-01 -7.8529122651e-02
-2.0453875421e-02 -1.2139147795e-01 -6.7871633146e-02
-8.3808754938e-03 -1.1774690196e-01 -9.7416377774e-02
1.1121714095e-02 -1.0732195900e-01 -9.8939694228e-02
2.5062999063e-02 -1.1350119804e-01 -1.0029622060e-01
1.2041563857e-02 -1.1431623805e-01 -5.9772314785e-02
-1.4448018708e-03 -1.1910839135e-01 -5.5172396451e-02
-4.8160266388e-03 -1.1330188884e-01 -2.3323889617e-02
1.2610832587e-02 -1.3414679149e-01 3.8175522998e-02
1.0217277623e-02 -1.2360252054e-01 5.9657543679e-02
1.5562856879e-02 -1.0839943579e-01 2.6563314730e-02
3.4822907028e-03 -8.4020314308e-02 1.3794261273e-02
3.1712862826e-03 -8.6234314872e-02 -5.8649580317e-02
7.9700197815e-03 -9.4071420815e-02 -6.8078412618e-02
1.1289919613e-03 -9.9151891102e-02 -5.2025598995e-02
-6.5086078282e-03 -1.1874860154e-01 -7.3181801485e-02
-1.8322590425e-02 -1.2748587781e-01 -6.9235098075e-02
-8.2699657856e-03 -1.3631418617e-01 -1.0143363412e-01
1.5051423752e-02 -1.2602201517e-01 -9.3758426078e-02
3.1791283796e-02 -1.2383844143e-01 -8.7279788675e-02
2.9470804937e-02 -1.1947491810e-01 -4.2208019196e-02
2.8553667335e-02 -1.2847033202e-01 -3.8584173580e-02
3.1678854205e-02 -1.2902751435e-01 2.7903793179e-03
3.8994000293e-02 -1.2939345513e-01 6.9491391127e-02
2.9573333162e-02 -1.1713395138e-01 9.2516089643e-02
3.0192202160e-02 -1.0394455046e-01 4.6991670763e-02
1.1664372262e-02 -9.5454826686e-02 3.5530252714e-02
-3.0812374042e-02 -2.7139854309e-02 3.5090614755e-02
-4.9879331578e-02 -5.1969892335e-02 2.1781397332e-02
-1.0283442954e-01 -6.1722427513e-02 -1.1107983896e-02
-2.2408759525e-01 -7.4028005746e-02 -1.4722645068e-01
-2.1977055004e-01 -1.4681670792e-01 -1.7020017357e-01
-1.7071611298e-01 -1.6012471792e-01 -1.8338507281e-01
-5.8334911675e-02 -1.0952836883e-01 -1.2301939329e-01
6.8453733167e-02 1.1189608904e-02 -1.3246637362e-01
1.5376094071e-01 6.4589625568e-02 -1.3062371944e-01
6.3387231800e-02 1.9857356907e-02 -1.7784961018e-01
-2.0121794020e-01 -1.8311297206e-01 -1.2338090203e-01
-2.4598286026e-01 -2.4606865935e-01 1.0040589454e-01
-1.8231021667e-01 -1.7756854636e-01 1.0716489694e-01
-9.3120104127e-02 -1.5848951143e-01 5.5925358780e-02
-9.0991536696e-02 -1.3384156217e-01 2.3200073550e-02
-2.1812472617e-02 -2.5526957975e-02 4.2839043495e-02
-5.3704444280e-02 -4.8795119701e-02 1.7084446633e-02
-1.2185243830e-01 -6.4886815047e-02 -2.7273687468e-02
-2.4543165821e-01 -7.9844217470e-02 -2.0544851469e-01
-1.4430041439e-01 -1.8265073152e-02 -1.3179304505e-01
1.7333116340e-01 2.2860851659e-01 7.4353982676e-03
5.6314017214e-01 5.8609954003e-01 1.4921697492e-01
8.1116639384e-01 7.7593748588e-01 5.9485710194e-02
7.9202947379e-01 8.3255859453e-01 -9.8326163545e-02
4.8947443144e-01 6.1083938702e-01 -3.2326047321e-01
3.4083056537e-02 1.5087657970e-01 -3.8208772226e-01
-2.3713317536e-01 -2.0443878196e-01 -3.1241051379e-02
-2.1719730309e-01 -2.2007528141e-01 9.3887982815e-02
-1.0056467373e-01 -1.8855547116e-01 3.8774972580e-02
-8.3910735016e-02 -1.6765854972e-01 1.7607700175e-02
-1.9204223572e-02 -2.7193391939e-02 4.2844339376e-02
-6.6535254445e-02 -7.4583763826e-02 1.1944258170e-03
-1.2119555590e-01 -8.4174851181e-02 -2.8274235368e-02
-1.1665406520e-01 3.2395777655e-02 -6.6961610184e-02
2.2604008925e-01 4.0024832548e-01 1.7588827964e-01
5.3447169994e-01 7.9727726668e-01 3.3021434408e-01
5.9741335068e-01 9.0672587193e-01 3.2018892029e-01
4.4108660586e-01 7.1935853359e-01 3.5778287144e-02
3.3420937585e-01 6.0810142767e-01 -1.7198368574e-01
1.4444801682e-01 4.2448946238e-01 -2.8239683544e-01
1.9510758506e-02 2.2349644928e-01 -5.7321118003e-01
-1.3510503502e-01 -4.0389401644e-02 -2.6690349817e-01
-1.6657101080e-01 -1.7678700151e-01 1.4679372032e-02
-9.6443624616e-02 -1.6281024923e-01 1.6781786438e-02
-9.0876084478e-02 -1.4923451326e-01 2.0917790246e-03
-1.5242358830e-02 -1.9781487773e-02 -9.2967535443e-04
-6.7340223620e-02 -7.8792806974e-02 -7.8011831791e-02
-4.7088922923e-02 1.4133070476e-03 -5.8947352452e-02
1.1764222384e-01 4.5052523679e-01 1.3827706146e-01
4.5435917817e-01 9.7544258928e-01 4.0389493129e-01
3.4543746779e-01 8.3187999434e-01 2.4574812272e-01
1.5210013304e-01 5.6493321084e-01 -2.4200907826e-03
-4.6156152144e-02 1.9822929430e-01 -1.8900059485e-01
-1.1541042934e-01 -5.6121392737e-02 -1.8894234479e-01
-1.7641233901e-01 -2.1885385851e-01 -1.0811405836e-01
-8.7778303190e-02 -3.8501684620e-02 -3.5883961626e-01
-1.0226092651e-01 2.1088873837e-03 -2.8509968099e-01
-1.2262382536e-01 -1.1599515798e-01 -2.4298428816e-02
-6.6748757671e-02 -1.3671992660e-01 -8.2775825653e-03
-6.6154306836e-02 -1.1892583355e-01 -1.4950196481e-02
-3.1649208966e-02 -4.5501929882e-02 -5.5616525588e-02
-5.9742913261e-02 -7.0529822807e-02 -7.4664972147e-02
2.5023875562e-02 1.9762524503e-01 1.0434503473e-01
2.4547375763e-01 8.4206550123e-01 4.7889102942e-01
3.5594294097e-01 1.0529657042e+00 4.8806851991e-01
1.3738167758e-01 6.9848625275e-01 1.1702743133e-01
-2.6035220983e-02 2.8261080121e-01 -1.2904459727e-01
-1.0582695978e-01 -1.6401380786e-01 -1.7722745411e-01
-9.6203209585e-02 -5.3659763387e-01 -7.7553170087e-02
-1.6415260613e-01 -6.9872273561e-01 3.7944175585e-02
-1.3396752243e-01 -4.0276712021e-01 2.3988830129e-02
-1.0054515384e-01 -1.2585876789e-01 -5.7715713511e-03
-7.7748660011e-02 -1.1632379596e-01 3.6245444569e-02
-4.7574085189e-02 -1.2998658466e-01 9.4984947836e-03
-4.6967894575e-02 -1.0230351588e-01 -2.5419211255e-03
-5.0725142700e-02 -6.0238278047e-02 -8.8628363767e-02
-6.4194512414e-02 -4.0453671585e-02 -6.5778986112e-02
-7.9847126699e-02 3.2133082048e-01 1.7334357475e-01
-5.9892047649e-02 8.8392980453e-01 4.6445665420e-01
-6.4954473096e-02 9.0897902384e-01 3.2956456167e-01
-1.3183244466e-01 5.8381438320e-01 -4.9441840902e-03
-1.2721000793e-01 1.0204921031e-01 -1.7643643483e-01
-7.8505728592e-02 -4.3419888077e-01 -1.2153923874e-01
-6.5644733855e-02 -9.4342113650e-01 -3.7615013641e-03
-5.0752323040e-02 -1.0316477442e+00 6.9970031239e-02
-4.1383226607e-02 -4.9490657269e-01 -2.6479248072e-02
-1.0518561180e-01 -3.5816178805e-02 -1.3696812898e-01
-9.2012667757e-02 -7.4054647982e-02 -4.9891737207e-03
-5.5852413014e-02 -1.0752982406e-01 4.8517029878e-03
-4.8875981401e-02 -9.1562260461e-02 -6.6714205239e-03
-7.1714781270e-02 -7.7507392203e-02 -1.0601820217e-01
-1.0393052682e-01 -6.9835186958e-02 -9.7672206031e-02
-1.9571661622e-01 2.7583415146e-01 1.3796998148e-01
-3.5351037364e-01 9.0387287765e-01 4.7954873751e-01
-3.9528846861e-01 9.6148270907e-01 3.6625360803e-01
-2.9271790170e-01 5.0118317423e-01 2.2301625406e-02
-1.5653844456e-01 8.1894931502e-02 -9.2250067829e-02
-4.8137953514e-02 -3.1893041398e-01 -8.8878566148e-02
2.7773111306e-02 -8.2399990014e-01 2.3139727501e-02
9.9635034271e-02 -1.0537434143e+00 2.1734912469e-01
2.4055356557e-01 -7.1376943213e-01 3.2254106125e-01
7.7764411404e-02 -1.1087197560e-01 7.2499178520e-02
-6.2145222860e-02 -9.1168279182e-02 5.0810615996e-02
-3.9365419862e-02 -1.2570047446e-01 3.6830939317e-02
-3.2148458979e-02 -1.1545930833e-01 2.4768426678e-02
-5.6158612342e-02 -6.3438047475e-02 -8.1815382747e-02
-9.8678428900e-02 -8.1518128213e-02 -9.4060666692e-02
-2.4025625397e-01 1.3698439028e-01 2.0499464481e-02
-4.6741634158e-01 6.2423675100e-01 3.0365269141e-01
-2.1579385750e-01 8.1250316608e-01 4.0664352376e-01
4.9373464843e-01 5.2794521802e-01 3.0164668197e-01
7.3266908643e-01 6.9059698153e-02 8.1773432910e-04
6.6138605337e-01 -3.2088831686e-01 -1.8271477086e-01
7.6995052255e-01 -4.9076509715e-01 -1.9065425554e-01
7.1221022662e-01 -5.3621036039e-01 -1.9939843421e-02
7.7396134998e-01 -1.6210286649e-01 2.9202405300e-01
5.4396604155e-01 1.3598217323e-01 -4.7731291017e-02
-2.6642501464e-02 -9.8477146002e-02 2.1271406204e-02
-6.1350109508e-02 -1.2721137773e-01 4.1728169988e-02
-4.5359169531e-02 -1.1069419616e-01 2.2980544575e-02
-4.0760686251e-02 -6.8113881324e-02 -6.0201264926e-02
-7.4712249778e-02 -9.5785110197e-02 -1.1498178247e-01
-1.4017060610e-01 -4.6177901249e-02 -1.1277300486e-01
-1.5266635325e-01 2.6389567724e-01 1.6387230288e-01
4.2232296215e-01 1.2349509101e+00 1.0902828292e+00
1.1505649256e+00 1.4831407887e+00 1.1869491589e+00
1.2065182876e+00 1.5566250491e-01 7.7889562191e-02
8.3205077097e-01 -7.4897414489e-01 -3.3832232822e-01
1.0735619280e+00 -3.2542140273e-01 -3.5693504918e-01
1.5860808148e+00 5.5990387975e-01 -9.0421238205e-01
1.9498732591e+00 1.6779648193e+00 -7.4671449940e-01
1.8087638850e+00 1.7108057876e+00 -9.9752610272e-01
1.4039049307e-01 1.8261448732e-02 -2.3783300545e-01
-3.0035653749e-02 -1.6090432077e-01 2.5527842183e-02
-2.3219976290e-02 -1.2424377008e-01 2.6509395164e-02
5.7906819223e-03 -6.2662784787e-02 -1.0871765831e-03
1.2459061066e-02 -8.2882667082e-02 1.8391409962e-03
-3.0525565158e-03 -7.1519104136e-02 -1.1551569974e-02
-1.3977044159e-01 1.5530485438e-01 1.7083481813e-01
-5.5826683734e-01 1.1344387595e+00 1.0378583672e+00
-9.5360824023e-01 1.5939680925e+00 1.4520954165e+00
-5.7630492379e-01 8.0857064510e-01 6.9476375365e-01
-2.0552684945e-01 -2.5899697588e-01 -4.6826739468e-02
-1.6127442102e-01 1.6269540978e-01 -2.6315929017e-01
-2.7697394526e-02 9.3647010798e-01 -1.0975483566e+00
-1.5345187264e-01 1.1314850449e+00 -9.4131984052e-01
6.0721635475e-01 1.9188892001e+00 -6.1358777362e-01
9.1042767832e-03 -3.7255369883e-02 -1.1429540786e-01
-2.0054386923e-02 -1.7574304411e-01 2.0898517033e-02
-1.4484827336e-02 -1.2273787981e-01 5.3214890986e-03
1.8202355130e-02 -6.7575782237e-02 2.1750786866e-02
2.2361177884e-02 -8.1942648224e-02 6.7998727200e-03
1.7197216683e-02 -8.1102926360e-02 1.7698891141e-04
-7.8959323369e-02 -4.9365936827e-02 -2.5599238566e-02
-4.9431777525e-01 1.6889652514e-01 2.3934996681e-01
-1.5118694697e+00 4.6117245318e-01 8.6814195264e-01
-1.9793361674e+00 1.1716717179e+00 1.1260540453e+00
-1.4507312470e+00 9.1154828424e-01 4.6309843407e-01
-1.1159859392e+00 1.0159879720e+00 -8.5928517366e-02
-9.5468017845e-01 2.1898566937e-01 -5.3775999032e-01
-8.2899317004e-01 2.6391207736e-01 -4.6469339080e-01
-2.6571966547e-01 1.3329758446e+00 -3.3113184467e-01
-5.1351221989e-02 -9.2983906909e-02 -7.9942012351e-02
1.1306820434e-02 -1.7199722513e-01 -9.1975396570e-03
-8.3196039576e-03 -1.3018564734e-01 -1.3092887025e-02
2.0647742860e-02 -7.1085393445e-02 2.5942054623e-02
1.6642872133e-02 -8.9535802498e-02 1.7275560739e-02
6.4881602551e-03 -8.6677046421e-02 8.4638869114e-03
-2.1002943044e-02 -9.3731147181e-02 -5.0211650273e-02
-8.8243664388e-02 -6.7487501497e-02 -2.4768057739e-02
-3.7386594531e-01 -1.2644839809e-02 1.2732439848e-01
-1.1037458504e+00 3.6099348965e-02 3.9358031555e-01
-1.6922726281e+00 2.1460165375e-01 3.9655128361e-01
-1.6253249672e+00 8.4060995513e-01 2.8151412182e-01
-1.0627429439e+00 6.3568243338e-01 -1.2921564342e-02
-4.4666102626e-01 5.3490766055e-01 -3.1918294690e-01
-2.8477260381e-01 9.3302266040e-01 -3.1103055730e-01
-1.1660197206e-02 -1.2233239275e-01 -8.2886077369e-02
1.4793555880e-02 -1.7041835814e-01 -7.2819410652e-03
-1.0572737170e-02 -1.2337095308e-01 -2.5791178603e-03
2.0806148609e-02 -6.1702229290e-02 1.1085721620e-02
1.2223904018e-02 -8.0904972667e-02 -1.9222568506e-02
4.2522915156e-03 -9.0868336445e-02 -4.7400139488e-02
-2.5161021849e-02 -9.2433132480e-02 -1.0139779609e-01
-2.3581363059e-02 -8.8127786705e-02 -8.9762644290e-02
-4.8559383546e-02 -8.0571266183e-02 -6.2809488161e-02
-1.9172104697e-01 -9.9832111076e-03 3.4216453664e-02
-5.4870704497e-01 2.8080439719e-02 2.0087153152e-01
-9.4547423124e-01 4.3571898561e-01 4.2326444144e-01
-7.6456791260e-01 5.3680617376e-01 4.1302590318e-01
-4.6511391539e-01 6.0431464593e-01 -2.0433611464e-01
-4.5654827306e-01 9.6427988879e-01 -1.9227447443e-01
-3.5926706489e-02 -7.8463952442e-02 -4.3721059002e-02
1.0050938383e-02 -1.6043628339e-01 -1.4677097905e-02
-1.8571897560e-02 -1.0084620634e-01 -6.4022663571e-03
8.6562170691e-03 -6.9324969221e-02 -2.2924676160e-02
8.6892769758e-03 -8.5985131343e-02 -3.2276131773e-02
6.6503208385e-03 -9.1970605881e-02 -5.7904196702e-02
-4.5238694802e-03 -9.5838789733e-02 -9.0262206472e-02
2.3413717480e-03 -9.7048231389e-02 -8.0070636907e-02
-8.0251541514e-03 -9.8502073126e-02 -9.1011525988e-02
4.5261553971e-03 -8.9806143354e-02 -9.1260905691e-02
-3.5665407704e-02 -6.6352103435e-02 -5.1399156447e-02
-1.7370881811e-01 1.0530992658e-01 1.6302800121e-01
-2.7277667692e-01 3.5426353460e-01 3.6612683021e-01
-3.9295654902e-01 6.9908132501e-01 2.0708180583e-03
-4.4745184845e-01 8.0848041948e-01 -2.0163236717e-01
-2.7344984376e-02 -2.9094192140e-02 -2.3240003130e-02
3.0441465397e-02 -1.3347748297e-01 6.5807431913e-03
-1.6516460528e-03 -9.1089488898e-02 8.8679998538e-03
1.4793631858e-02 -7.1421096300e-02 -3.4218438086e-02
1.0136498399e-02 -8.8517307392e-02 -5.4973550017e-02
2.0566746049e-02 -9.1971800843e-02 -6.2996950636e-02
4.3700522099e-03 -1.0350572464e-01 -8.7802340596e-02
-1.9359061590e-03 -1.1426443958e-01 -8.4842633354e-02
-8.4362395480e-03 -1.1510352494e-01 -1.0897706304e-01
1.0496212783e-02 -1.1134422175e-01 -1.1889695589e-01
3.9133307687e-02 -9.3817641503e-02 -9.0864928262e-02
-1.3050706485e-02 -2.5500668836e-02 -1.4559862057e-02
-1.1590157833e-01 1.2346223280e-01 5.3903053920e-02
-1.6232925035e-01 1.7873173801e-01 -1.4107280804e-02
-1.4839372359e-01 1.5553116634e-01 -5.1331482516e-02
-7.2748021483e-03 -6.9386809665e-02 4.3371231024e-02
2.0017127389e-02 -1.0846627935e-01 2.4455865909e-02
-6.7842597164e-03 -7.9864509977e-02 9.0512354736e-03
5.4288975814e-03 -8.3394693021e-02 -5.2303196155e-02
9.4738135183e-03 -9.4306796283e-02 -7.2713581773e-02
1.2316391788e-02 -9.7567489181e-02 -6.9462038920e-02
7.3583202145e-03 -1.1259004490e-01 -8.9968382972e-02
-1.1205497291e-02 -1.2673861334e-01 -9.0824691933e-02
-1.5200867936e-02 -1.4236494284e-01 -1.2086716398e-01
9.7366886970e-03 -1.3276011001e-01 -1.1269410322e-01
3.8294971199e-02 -1.3393068940e-01 -9.6679491975e-02
3.8275466063e-02 -1.0865844391e-01 -5.3853979038e-02
1.2871816421e-02 -8.9088441236e-02 -4.7747028414e-02
1.3188968338e-02 -8.4367709385e-02 -1.5705181397e-02
3.9533542308e-02 -9.9147582468e-02 6.7413936794e-02
2.8144056417e-02 -1.1245173225e-01 9.4540382989e-02
2.5911615836e-02 -1.1072643984e-01 4.1881981351e-02
4.8784690337e-03 -9.7865943120e-02 2.9242819137e-02
-5.7728105111e-02 -2.8039588617e-02 8.7885381749e-03
-6.9219191287e-02 -6.1748438503e-02 -4.3715522011e-02
-1.6697226087e-01 -7.1779744469e-02 -9.6054309569e-02
-3.4155872734e-01 -8.2473709305e-02 -2.8583725988e-01
-2.6819961805e-01 -1.0525428952e-01 -2.6625485021e-01
3.6383623529e-02 -3.5730872673e-02 -1.4613126124e-01
4.2664324942e-01 1.6649698905e-01 8.7697895877e-03
6.3665140594e-01 3.5341204090e-01 -2.2225469416e-02
8.3553583388e-01 4.8109253527e-01 -1.0558162511e-01
8.8939802297e-01 5.0810842992e-01 -4.1254208696e-01
3.1290226676e-01 1.5459949201e-01 -4.8839634118e-01
-2.2439204264e-01 -1.8778481439e-01 -2.0225403450e-02
-2.2735799423e-01 -1.6684410145e-01 9.4484269682e-02
-1.0033056750e-01 -1.2426596360e-01 4.5916449201e-02
-8.9834301096e-02 -1.1200520626e-01 1.7255201434e-02
-3.5376175284e-02 -1.8976704128e-02 1.4349052812e-02
-5.8563426486e-02 -6.4428606641e-02 -5.7013695310e-02
-1.4734726153e-01 -6.9497546616e-02 -9.9021754770e-02
-2.1788981744e-01 -1.3204715165e-02 -2.4203610694e-01
1.3994927880e-01 2.1987749642e-01 3.1552140320e-02
7.0531201313e-01 5.1114175466e-01 2.2955969564e-01
8.3522281926e-01 5.6668905290e-01 2.6761076702e-01
6.1078930863e-01 3.6583396414e-01 -2.2600862359e-02
3.6175004167e-01 2.4088199916e-01 -8.3974906318e-02
4.1956371853e-01 3.5747621399e-01 -3.9318312144e-01
4.4765461985e-01 3.9916564796e-01 -7.4329252660e-01
-1.2772524633e-01 -8.8274746580e-02 -2.4967204569e-01
-1.9818624057e-01 -1.8641324043e-01 8.4930633625e-02
-1.0670811928e-01 -1.5534811214e-01 3.7251213564e-02
-7.4417454471e-02 -1.4488526337e-01 1.5985236744e-02
-6.4336812929e-02 -1.9122650011e-02 2.6338441998e-03
-1.0039131631e-01 -7.7332784349e-02 -8.1772837704e-02
-1.3492358600e-01 -2.4537034590e-02 -1.9516224227e-02
1.4474112264e-01 3.1187910525e-01 1.5605055714e-01
6.9044708313e-01 6.9538231816e-01 5.2706256459e-01
5.1680016472e-01 5.0789348522e-01 2.7040681537e-01
2.1639611825e-01 2.9370032295e-01 1.1723271375e-02
-6.7628351009e-02 2.9789751548e-02 -2.4617570354e-01
-3.8099173458e-01 -3.0635098057e-01 -1.4355923081e-01
-3.5488298316e-01 -2.7419307197e-01 -5.6270692992e-02
-4.4697843147e-02 1.1768619557e-01 -3.2188682485e-01
-8.4883994066e-02 -3.0927746391e-02 -2.1296605013e-01
-1.5458475913e-01 -1.4571630662e-01 3.1130797788e-02
-1.0232295657e-01 -1.2643100810e-01 1.5687476128e-02
-8.0619837430e-02 -1.2255156207e-01 -1.8207128140e-03
-7.9371638041e-02 -1.1813856733e-02 -3.9945224872e-02
-7.3964923108e-02 -4.7956905207e-02 -1.3987966502e-01
5.1692601360e-02 2.2555875718e-01 9.3311358012e-02
4.4264231597e-01 7.0439523456e-01 4.5367400281e-01
3.7326109274e-01 6.0625527872e-01 3.0488842793e-01
1.0673081328e-01 2.7824758274e-01 -9.3111649123e-03
6.8863383385e-02 2.8884246360e-01 -1.4398189606e-01
-9.7704096197e-02 5.8025752598e-02 -2.4003733020e-01
-4.6542399720e-01 -5.7932161844e-01 -3.8316669589e-02
-5.4703858669e-01 -9.2271154979e-01 1.9363099781e-01
-2.9896788262e-01 -4.5460811466e-01 1.7683692656e-01
-2.3327274748e-01 -3.0211668476e-01 9.2577868971e-02
-1.3765921788e-01 -1.3785694432e-01 3.3120896891e-02
-6.4199121993e-02 -9.9793160019e-02 -1.4444340537e-02
-5.7149070680e-02 -1.0077141078e-01 -1.9860739724e-02
-8.3635425757e-02 -2.2573376537e-02 -5.8506742058e-02
2.1619402085e-02 9.5124495740e-02 6.3372141724e-02
2.7147426254e-01 5.9023893031e-01 5.4073526738e-01
2.9395324495e-01 6.9928489352e-01 4.6504159114e-01
1.6619181514e-01 4.7112038912e-01 2.4173969960e-01
3.5297026610e-03 2.6409810189e-01 -3.9116022294e-02
-3.8141071385e-02 1.0810676342e-01 -1.3915936228e-01
-1.1213686934e-01 -2.3368223405e-01 -1.2804023852e-01
-2.4985272691e-01 -8.6688664622e-01 8.9394961475e-02
-3.6014165507e-01 -1.4313534904e+00 4.1575094283e-01
-3.0215267892e-01 -1.3277387055e+00 6.1994087281e-01
-2.2104709485e-01 -8.6460860420e-01 1.7547735289e-01
-1.0089580268e-01 -2.0735169928e-01 -1.6661549747e-02
-4.6074483874e-02 -8.6304049572e-02 -3.1136123602e-03
-3.8443691084e-02 -8.7074506336e-02 -1.2494454533e-02
-8.6174556416e-02 -2.7835526729e-02 -7.3424986100e-02
1.7135395844e-02 2.3725735889e-01 1.6959622574e-01
1.1963090229e-02 6.0118668093e-01 4.3499106839e-01
-1.0216132298e-01 4.4768698868e-01 1.5107635774e-01
-1.6102205138e-01 2.4299082862e-01 2.1000353152e-04
-1.4824710108e-01 1.7498367101e-01 -1.2007902617e-01
-7.7187341311e-02 -3.5145914999e-02 -1.5237133216e-01
-3.2690386237e-02 -4.8581468910e-01 -8.3502249460e-02
-2.9583244619e-02 -1.2760375228e+00 1.1874453642e-01
-1.1794156591e-01 -1.7966629789e+00 4.4883183430e-01
-9.7039683537e-02 -1.7657932044e+00 7.3003836114e-01
-5.1299945392e-02 -9.8280692383e-01 -7.3553980491e-02
-8.3026557369e-02 -1.7973720006e-01 -1.0627396102e-01
-4.9940598684e-02 -7.3162705612e-02 -2.5561573769e-03
-3.9810030004e-02 -8.0090959281e-02 -1.4633870687e-02
-1.0388429558e-01 -3.7779573218e-02 -9.5809777994e-02
-1.2109727079e-01 1.8657811424e-01 5.7168110079e-02
-2.6408213441e-01 4.8643300573e-01 2.8924461820e-01
-2.8908078848e-01 2.3419906203e-01 1.4240887000e-03
-2.4335037461e-01 -1.0892277605e-01 -1.3293202177e-01
-2.3377015781e-01 -1.5401773489e-01 -1.8737573103e-01
-2.7061026493e-01 2.3936527004e-02 -7.3762821422e-02
-1.6892739807e-01 -2.7096671514e-01 -4.6733475697e-02
5.3659121058e-02 -1.1954599270e+00 7.6430614134e-02
1.4266761010e-01 -1.5304213153e+00 3.6896907454e-01
2.9192659659e-01 -1.3317732608e+00 8.6505274371e-01
2.5578360890e-01 -6.4620218820e-01 2.7426690901e-01
-4.2112058641e-02 -1.2507040710e-01 3.8830871624e-02
-3.6859672142e-02 -9.5709066937e-02 3.8043084769e-02
-2.7520402232e-02 -1.0405421686e-01 2.0472003220e-02
-9.5358477601e-02 -6.2248045544e-02 -1.2463186486e-01
-1.9360446982e-01 8.1900701875e-02 -8.2348779761e-02
-4.9115363050e-01 5.5582618878e-01 2.3582221003e-01
-4.3307812116e-01 4.3149259551e-01 1.5484036987e-01
3.7849834980e-02 2.9785709127e-02 -2.0431342327e-02
1.9558795749e-01 -2.2488589637e-01 -1.3527977006e-01
-3.7229061712e-01 1.1196038285e-01 -4.4509961071e-02
-6.8667107283e-01 2.4255468217e-01 2.7594674460e-04
-2.8399799611e-02 -4.7626083414e-01 9.1862479598e-03
1.8129391093e-01 -6.9358068671e-01 9.2507893023e-02
6.5364474657e-01 -3.5978784310e-01 4.1160427902e-01
7.5067504498e-01 -2.1799962272e-01 8.4501352986e-02
-1.0884250326e-02 -1.0627799656e-01 4.0683986329e-02
-6.6230350239e-02 -9.6998311669e-02 5.0344448140e-02
-4.1823963917e-02 -9.0053049974e-02 2.5228608829e-02
-5.4756084130e-02 -6.7273363694e-02 -7.8636388681e-02
-1.4037796418e-01 -1.8814516315e-03 -1.3926534345e-01
-3.8281842994e-01 2.8282173074e-01 1.4892440274e-02
6.9787466884e-02 5.7122557767e-01 4.5710412883e-01
1.1834156113e+00 7.4888180027e-01 7.8972402399e-01
1.3368707593e+00 -3.4435147406e-01 -1.0035265803e-01
6.5469156620e-01 -1.0181607790e+00 -5.8592292745e-01
-1.1413816767e-01 -5.6348093253e-01 -2.7020467532e-01
5.4577349286e-02 -4.7916843379e-01 -2.0398234148e-02
4.6911773843e-01 -2.5468988193e-01 -4.6530660387e-01
1.1041417517e+00 3.7482509115e-01 -6.3814255298e-01
1.7489391860e+00 4.1222676684e-01 -5.3032031263e-01
2.3702973730e-01 -1.2569754920e-01 -1.5019520962e-01
-4.5664013859e-02 -1.2827986816e-01 3.3315784848e-02
-2.2282318941e-02 -1.1046561495e-01 2.9102796693e-02
-1.5198559380e-03 -7.0414644486e-02 -1.6902139327e-02
1.7220449225e-02 -7.1119967692e-02 -3.1784138322e-02
-7.5433405468e-02 2.9291606128e-04 1.3803602050e-02
-1.3438937683e-01 4.4433051725e-01 5.0485359304e-01
-2.3382103885e-01 1.0579992061e+00 9.0439337303e-01
-3.3571846192e-01 4.4889360319e-01 3.9638831392e-01
2.2942975223e-02 -4.1497167330e-01 -1.6421508384e-01
1.6134592153e-01 -4.9993833484e-01 -2.7908077784e-01
-7.3064671646e-02 -3.0893695587e-01 -5.8693327108e-02
2.8696759497e-02 9.6920330229e-02 -7.6972630699e-01
-1.5962786354e-01 -4.9645650839e-02 -4.7522793789e-01
6.3564210444e-01 4.7585922601e-01 3.8943434242e-01
9.2831034417e-02 -1.8432721378e-01 1.8507583580e-01
-3.1612194948e-02 -1.3151321901e-01 2.3274730443e-02
-1.8185904766e-02 -9.4873919531e-02 9.3194019844e-03
1.6303056565e-02 -7.3979318154e-02 1.1901242258e-03
4.8033574408e-02 -8.5707931445e-02 -4.3019029349e-02
-2.2550634291e-03 -9.0152608142e-02 -5.3007837709e-02
-2.9514343008e-01 -6.9713970164e-02 -5.2758345914e-02
-9.1024782386e-01 -7.6947737979e-02 1.2128601238e-01
-1.2483146767e+00 -1.7872365514e-02 5.2859205168e-01
-1.2393931718e+00 3.1144400999e-01 5.7404905133e-01
-5.9617289376e-01 2.0869466247e-02 5.1533353923e-02
-2.5042919681e-01 -9.2258776088e-02 -8.4177609587e-02
-1.9387266470e-01 -1.9549180044e-01 -3.6050507535e-01
-3.0238710771e-01 -2.3858647604e-01 -3.7930339707e-02
-1.1862341991e-01 4.3287653970e-01 3.9643311927e-01
-5.1240064469e-02 -1.6583974332e-01 9.4516956957e-02
-2.5578282930e-03 -1.4132250062e-01 -1.9404909757e-02
-1.2834408825e-02 -1.0539123007e-01 -1.5921024497e-02
6.9220806512e-03 -7.4615921500e-02 3.2434336481e-03
2.6536204791e-02 -9.2677104431e-02 -3.0533287906e-02
1.6731517025e-02 -9.3820546611e-02 -2.4886264202e-02
-4.7358222415e-02 -1.1741181793e-01 -1.4842742356e-01
-1.4826108187e-01 -2.3221665616e-01 -1.1809928160e-01
-3.5544390495e-01 -5.0706703355e-01 -8.5772734261e-02
-8.7866230261e-01 -6.7370673518e-01 2.0125034155e-02
-1.0144868618e+00 -5.3863578836e-01 9.1622903429e-02
-7.6004126430e-01 -1.6502451440e-02 1.2022120922e-01
-4.5391882985e-01 6.6061145441e-02 1.8294623700e-02
-4.6876668257e-02 -2.8005584230e-01 -8.0999154567e-02
-6.1817358256e-02 1.2482374292e-01 1.0038220489e-02
2.5718624537e-02 -2.1516496044e-01 -2.1343545430e-02
1.0418933434e-02 -1.3647048646e-01 8.4065787963e-04
-1.3773710541e-02 -9.9346637830e-02 6.9364089695e-05
-5.2251875071e-03 -6.5531905918e-02 -4.1829494721e-03
-1.9079189593e-03 -8.2949309204e-02 -6.4145078246e-02
-1.5938323070e-02 -9.3897695175e-02 -9.2662087427e-02
-4.2474593610e-02 -7.1793653238e-02 -1.4415116388e-01
-6.1625267260e-02 -4.7974261989e-02 -1.0291752022e-01
-1.4119120388e-01 -5.5264449511e-03 -9.5954341715e-02
-3.5845689023e-01 1.6031946187e-02 8.4156737196e-02
-5.9950761357e-01 -4.3630307560e-01 2.3615064366e-01
-6.2257607112e-01 -8.7704000815e-02 3.0467432569e-01
-4.8606093520e-01 3.5789614181e-01 4.2007231475e-01
2.2356114677e-02 -1.0086901970e-01 -3.4885827662e-02
-1.2503350144e-01 3.8412089652e-01 1.5031840272e-01
5.7463915404e-02 -1.3172514178e-01 3.7185042969e-02
8.7538961128e-03 -1.2643751956e-01 -2.4649959209e-02
-2.4221938108e-02 -7.1800819599e-02 -9.9565061239e-03
-1.0024064499e-02 -6.5715783050e-02 -3.4184178458e-02
-4.5614559981e-04 -7.7678567601e-02 -7.9112400105e-02
-1.4532845928e-02 -8.0095131426e-02 -8.5126111398e-02
-9.9491446217e-03 -6.5082072130e-02 -1.1382418528e-01
2.8184040161e-03 -4.6399952722e-02 -6.6183607270e-02
-1.1630300959e-02 -4.3887329562e-02 -1.0244388751e-01
-1.0174222031e-02 -3.4082858001e-02 -7.2352695414e-02
-4.8327175915e-02 -1.0245304209e-01 5.8538209794e-02
3.3755046230e-02 -2.3031138884e-02 5.6076410368e-01
-4.5533964007e-01 9.2892192318e-01 7.5465212759e-01
-1.7562549030e-01 6.7988525445e-01 1.4199397727e-01
-6.2838702151e-01 1.2472835269e+00 -3.2930734027e-02
-7.8521300361e-02 2.0033871590e-01 -3.6707201086e-02
5.4992755829e-02 -1.1150465082e-01 -3.1734782859e-03
-7.3489148242e-03 -6.9339317367e-02 7.4207021199e-03
-1.1797583814e-02 -7.2453287365e-02 -6.1630374732e-02
2.7879108537e-03 -8.7972678866e-02 -1.0697242325e-01
5.6932038280e-04 -9.1761924011e-02 -1.2547752521e-01
-7.4168494123e-04 -9.2964529624e-02 -1.6051152414e-01
-5.2590998061e-04 -8.5035267493e-02 -1.3090183285e-01
-1.2805465847e-02 -6.9958759909e-02 -1.4805778363e-01
8.8129924876e-03 -5.8907799820e-02 -1.3323981554e-01
-5.3715191504e-03 -3.8213371549e-03 -3.6003362429e-02
-1.3235546064e-01 3.3026782893e-01 3.5409286367e-01
-6.1190438593e-01 1.0712614631e+00 5.2662653547e-01
-5.0749342507e-01 8.9751668818e-01 1.8418250763e-01
-8.1922748098e-01 9.8563222432e-01 -2.8732830610e-01
-2.5038534233e-01 2.2754096117e-01 -1.7584279284e-01
2.1608458320e-02 -7.2969654538e-02 7.8182499142e-03
-1.1075012011e-02 -5.8032298204e-02 6.0619441765e-03
-1.6604094346e-02 -9.4055753520e-02 -9.0495191411e-02
7.6498898064e-03 -1.0677581159e-01 -1.3890094822e-01
3.1782556686e-03 -1.0691848709e-01 -1.1197595504e-01
4.9060072493e-03 -1.1693201254e-01 -1.4661211453e-01
-6.7926984984e-03 -1.2151435437e-01 -1.3228072115e-01
-8.9790713616e-03 -1.2840693616e-01 -1.6901707609e-01
1.8215851912e-02 -1.1988410995e-01 -1.4914734134e-01
2.2843914211e-02 -9.2773260088e-02 -1.1803192980e-01
-6.2410551721e-02 4.9389610123e-02 2.4082776341e-02
-2.5846080458e-01 2.9181490991e-01 3.1776636569e-02
-2.4648209841e-01 2.4098693131e-01 -1.1134280997e-02
-1.7733748521e-01 1.2134339831e-01 -2.1006113477e-02
-3.0988047179e-02 -4.1068222387e-02 5.1456097654e-02
3.3134358296e-02 -8.9629976669e-02 4.6032433259e-02
8.5494996640e-03 -8.8272986026e-02 2.9430820317e-02
-5.5703578230e-02 -1.2046991732e-02 -3.0478886208e-02
-8.2604066734e-02 -6.2114528184e-02 -8.1756868048e-02
-1.8063808738e-01 -6.8783856748e-02 -1.3505727446e-01
-3.4831694817e-01 -7.4319572938e-02 -2.6158974452e-01
-1.6215302827e-01 -1.4378705215e-02 -1.3351841708e-01
4.9082292741e-01 1.6322490677e-01 1.2775596104e-01
1.0997548438e+00 4.1872240306e-01 3.0126361665e-01
1.1878202632e+00 5.4008952267e-01 2.3727773276e-01
1.4889687746e+00 6.6382572416e-01 -3.3398712019e-03
1.7984675176e+00 7.4353934203e-01 -6.2228190706e-01
9.6199916031e-01 4.1865100626e-01 -8.5509922498e-01
-1.1430848125e-01 -5.9463665241e-02 -9.3948253950e-02
-2.5287768036e-01 -1.2743699357e-01 5.9316893065e-02
-1.2898718887e-01 -8.8494007078e-02 3.5371007962e-02
-1.0673186212e-01 -7.8774105814e-02 -5.3394695217e-03
-5.0989495482e-02 -1.0932206295e-02 -3.3443071903e-02
-6.8276842516e-02 -7.1512093424e-02 -8.1153886144e-02
-1.7341387096e-01 -1.0511289788e-01 -1.4149036574e-01
-8.3776549923e-02 -1.2248534988e-02 -7.0552641736e-02
4.5408663145e-01 2.2054065680e-01 3.4071749134e-01
7.4217955315e-01 3.6202561724e-01 3.8789266346e-01
5.7225782287e-01 2.7102839660e-01 1.3636077168e-01
2.3571895986e-01 9.5325247122e-02 -1.1589792815e-01
-1.7979760579e-01 -5.6117708499e-02 -1.2202871433e-01
5.8118442885e-03 3.1558210127e-02 -2.2138282687e-01
3.3286033457e-01 2.6647432315e-01 -4.6836358207e-01
6.3065253799e-02 7.8749185234e-02 -1.7220802029e-01
-1.5466475163e-01 -1.1216860630e-01 3.8513038818e-03
-9.6544594813e-02 -1.0115759765e-01 1.2520860408e-02
-7.4811473152e-02 -9.2844720827e-02 -3.6002560031e-03
-6.4609291247e-02 1.0242111382e-02 -3.8163471722e-02
-9.9470527272e-02 -7.4886954963e-02 -1.1954171552e-01
-4.3554751356e-02 -2.4929825214e-03 3.4565586424e-02
3.5247216126e-01 2.5689551716e-01 3.6495685590e-01
4.6581040514e-01 3.1248956698e-01 4.2097310372e-01
1.6751833741e-01 1.3339240951e-01 4.7923958893e-02
6.1730113378e-02 7.8420680812e-02 -1.0860485543e-01
1.2075796626e-01 1.1318582467e-01 -1.4943399350e-01
-1.4674534779e-01 -7.2100880733e-02 -9.2444711532e-02
-1.4422042861e-01 -6.3947586030e-02 9.8755165834e-02
1.3147076404e-01 1.7434302159e-01 2.3428707648e-01
2.6690568556e-02 5.9206179525e-02 1.7405066933e-01
-1.4689920294e-01 -9.2679822559e-02 2.3206532270e-02
-8.7754171739e-02 -7.6190724698e-02 -1.4868392254e-02
-8.6361359873e-02 -7.2407844774e-02 -2.2886789926e-02
-1.0573194497e-01 3.7250060415e-02 -3.9324243632e-02
-6.5352782597e-02 8.9871343428e-03 -5.9166920796e-02
2.2204966509e-01 2.3974926053e-01 3.6899064338e-01
2.3011273105e-01 2.8900960571e-01 2.7990792260e-01
3.1794733969e-02 1.2384504242e-01 6.6436893704e-02
1.2623909298e-02 4.6912671452e-02 -3.7368408812e-02
2.2806304773e-02 6.6685670950e-02 -8.1401930579e-02
1.6894776903e-02 5.6394745150e-02 -8.4645606017e-02
-1.7689392727e-01 -1.6272796860e-01 -3.3304159227e-02
-2.7651054398e-01 -3.8242836104e-01 2.2130276143e-01
-3.1174251840e-01 -4.7559613478e-01 6.2554254827e-01
-3.1485048763e-01 -4.4783244717e-01 4.4636202980e-01
-1.5446682109e-01 -1.5275217050e-01 2.9321004451e-02
-5.2008160344e-02 -7.5936664629e-02 -3.2462627639e-02
-6.0582311761e-02 -6.9094370934e-02 -4.2284783925e-02
-6.9665217959e-02 4.8054424797e-02 1.1867140096e-02
1.9803955216e-01 1.9832095923e-01 3.3841970896e-01
2.5572681673e-01 3.3183559696e-01 5.2392724246e-01
3.7205212589e-02 1.8134429130e-01 1.5254978043e-01
2.0795126003e-02 9.0111643140e-02 8.9774249622e-02
-5.6313651439e-03 -3.0850092359e-03 -2.1446115107e-02
-1.6843233396e-02 -7.4262318436e-02 -5.7582943885e-02
-3.6588661276e-02 -9.2102964195e-02 -4.1144680135e-02
-9.9448210136e-02 -2.1405855403e-01 7.8301036874e-03
-1.9268714729e-01 -5.8798214752e-01 2.5526081248e-01
-3.1358586351e-01 -1.1415963044e+00 5.8624536214e-01
-2.6159958939e-01 -8.9308222959e-01 1.3368948008e-01
-1.1224817517e-01 -1.9504328687e-01 -3.8276828647e-02
-5.2913470972e-02 -7.1024276092e-02 -1.2578737642e-02
-5.4660571395e-02 -6.4792335719e-02 -2.9000963114e-02
-2.8630447366e-02 8.7384016270e-02 1.6598549656e-01
1.7981989300e-01 3.4244971661e-01 5.0063127181e-01
-4.9376004223e-02 2.6390084730e-01 2.3853132656e-01
-1.5330748006e-01 1.4834377071e-01 -4.4580453756e-04
-7.9788860896e-02 6.7672039163e-03 -8.3966087776e-03
-4.0049953904e-02 -8.5849662080e-02 -8.9943879094e-02
-1.0218652808e-02 -1.4138835960e-01 -1.0554930753e-01
2.5150214526e-02 -1.3611572794e-01 -4.9910708514e-02
2.4103879496e-02 -2.5991190198e-01 9.8333695297e-03
-2.3497873965e-02 -6.1042110169e-01 2.3397015610e-01
2.4390715729e-04 -1.3900468963e+00 6.1717817840e-01
4.7738301827e-02 -1.0018696958e+00 -2.4826741214e-02
-5.7986810547e-02 -1.6868489903e-01 -9.0400774374e-02
-5.1522559273e-02 -6.3054359871e-02 -1.0069193928e-02
-5.6246748414e-02 -6.7029827932e-02 -2.7613692639e-02
-3.1595354086e-02 1.1953475138e-01 1.7811444982e-01
-1.2952814147e-03 3.0846048163e-01 2.5761089513e-01
-1.5476882365e-01 2.5690836229e-01 1.0492859045e-01
-1.5143995515e-01 9.5668062612e-03 -1.0412869499e-01
-1.1097736722e-01 -1.7598665557e-01 -1.2364546741e-01
-1.0126390276e-01 -1.5109774839e-01 -1.0858785688e-01
-1.0084018505e-01 -3.7933718541e-02 -5.2531661297e-02
-5.8197531065e-02 -4.6308638331e-02 -4.7521079035e-02
3.1864000570e-02 -2.2952801776e-01 -1.6874951180e-02
6.1618328996e-02 -4.7509905521e-01 2.0665007729e-01
2.1636496209e-01 -9.8868886650e-01 9.2295131229e-01
2.3669841785e-01 -7.0978170128e-01 5.1476994043e-01
-8.6902780137e-02 -7.9072446274e-02 1.9647893600e-02
-3.7214030121e-02 -2.8571488322e-02 1.8118921833e-03
-4.1033422062e-02 -8.2290408969e-02 1.0449707284e-02
-1.0583580614e-01 4.3785263798e-02 -3.4519967622e-02
-1.4026536775e-01 2.1310484585e-01 -5.3053753386e-02
-2.2163549460e-01 2.8048260041e-01 -3.1834612080e-02
-2.1165678450e-01 4.4834768516e-02 -1.6044300790e-01
-3.4959302585e-01 7.4352958111e-02 -1.7704757667e-01
-2.8925843896e-01 6.0217033427e-02 -1.2029830053e-01
-2.3508807772e-01 1.8010220543e-01 2.9790113662e-02
-6.3514555457e-01 2.8333910378e-01 5.5375331155e-02
-3.6811649192e-01 -1.6659617827e-02 -7.4340648805e-03
-1.3829162128e-01 -1.4087765837e-01 6.3319284264e-02
4.4000613990e-02 -3.4243729415e-01 5.5527893906e-01
5.1795783130e-01 -1.4336386794e-01 1.6981127806e-01
-1.0396159330e-01 1.6472355318e-01 -2.0902055725e-01
-9.9402103814e-02 -2.8190704340e-03 -1.3060307423e-02
-5.1829696477e-02 -7.0887189998e-02 1.7864156502e-02
-1.8491118190e-01 5.9733265153e-02 1.6031047463e-02
-4.9737663900e-01 2.8724620918e-01 3.8514500262e-02
-4.5957065988e-01 3.2161277353e-01 -2.0229139781e-02
2.7472493167e-01 2.4692633190e-01 9.4411511319e-02
7.8843654467e-01 -3.1495110608e-02 -1.1582403053e-01
7.2230567239e-01 -3.2696023290e-01 -3.2333409482e-01
6.4200682755e-01 -1.8933780760e-01 -1.1757308747e-01
-1.5121471324e-01 5.6367746187e-02 -4.6169614113e-02
-3.5252249365e-01 2.8980425432e-03 -8.7555838007e-02
-1.1732292164e-01 -7.6014823758e-02 -2.3129053261e-01
-3.5547158706e-01 -3.6199591475e-01 -2.5214206753e-01
7.4920715204e-01 -1.6821923330e-01 -2.7780535048e-01
2.6768942431e-01 1.1205222543e-01 -3.4990678024e-01
-4.2469835674e-02 -5.4118848081e-02 -1.0717551927e-02
-2.5158147377e-02 -8.8468979882e-02 2.4012474959e-02
-7.8083604292e-02 -2.3656692455e-02 -6.9577234574e-03
-4.0702826868e-01 6.3432273743e-02 6.1421205053e-03
-6.4543088558e-01 8.8200941827e-02 -9.8968047397e-02
-1.5270653552e-01 2.0652906470e-01 2.7641916435e-02
2.6321834802e-01 2.1236622407e-01 -1.8634903688e-01
2.2586220233e-01 1.3787858601e-01 -8.9500613939e-02
4.1153111089e-01 -2.1061353106e-02 1.9047934027e-02
5.1637622387e-01 -4.5050087629e-02 -8.3433017927e-02
3.2495756175e-01 3.3822414705e-04 -9.5383421638e-02
9.6474035489e-02 8.3575953812e-02 -4.2178247659e-01
-3.1947892419e-01 -1.9872960976e-01 -2.6405502710e-01
4.0819320715e-01 -9.1159907582e-02 4.1956174471e-01
1.3226114813e-01 -7.8594302690e-02 1.5972976887e-01
-3.4896450971e-02 -6.8506040317e-02 3.0644324482e-02
-2.3542334228e-02 -6.6587243411e-02 8.5249216050e-03
-5.8225080838e-03 -7.3930781529e-02 -3.0023054466e-02
-5.9915682971e-02 -9.5416549498e-02 -1.0845954766e-01
-2.7571268915e-01 -2.1175666978e-01 -2.9113662010e-01
-3.7571578849e-01 -3.2528297809e-01 -4.8804496378e-01
-4.5501528674e-01 -2.0193850342e-01 -5.0744478606e-01
-4.1911301265e-01 -9.2855711109e-02 -8.0711160703e-02
-3.2941937733e-01 -8.1124400944e-02 7.0517511427e-02
-1.4805294179e-01 -9.4065248429e-02 -7.5175466957e-02
-4.9005879589e-02 -6.0141232233e-02 -6.0867075563e-02
-1.6382689926e-02 7.5755550672e-03 -1.3905850028e-01
-2.3229399558e-02 3.2793615288e-02 -6.9417883218e-02
5.2551597039e-02 2.5808363591e-02 1.9987662731e-01
-3.6787968879e-02 -1.0774776033e-01 3.8910172793e-02
-5.5165945716e-03 -7.1788524612e-02 -3.9108597231e-04
-1.4676910532e-02 -7.5527214255e-02 -1.6148366834e-02
-2.2453953736e-03 -7.1894142950e-02 -2.4972591657e-02
5.6003411982e-03 -9.3334293747e-02 -8.2702297039e-02
-8.6690521308e-02 -1.2014926932e-01 -1.4609694211e-01
-6.5782087825e-02 -2.1056152182e-01 -3.6158547728e-01
4.5294763047e-02 -3.8558777205e-01 -4.1892344800e-01
-2.1072447896e-01 -5.7126529964e-01 -2.6365617604e-01
-4.8442897690e-01 -4.8233694127e-01 -2.9348252469e-01
-4.5888079398e-01 -4.3829456721e-01 -1.3240238980e-01
-2.2914860309e-01 -2.2408294483e-01 -2.7684507403e-02
-9.8241518702e-02 -3.8188796303e-02 -1.4541761432e-02
2.3530383831e-02 -5.6626630527e-02 -3.0170108237e-02
4.1837055182e-02 -5.2777459991e-02 3.2801214478e-02
3.3194410304e-02 -1.1742371159e-01 8.2779144493e-03
-7.1529195835e-03 -6.3670416605e-02 6.8948859794e-03
-2.2904229453e-02 -6.0021072258e-02 -5.9433361113e-03
-4.8651803856e-02 -5.0113881298e-02 -2.3001235307e-02
-2.6807316522e-02 -7.5422939409e-02 -7.4018007394e-02
-9.2296194776e-02 -7.1007550244e-02 -1.0823993182e-01
-1.0590456352e-01 -2.1649839562e-02 -1.8962577947e-01
-1.3265887372e-01 -1.6607241743e-02 -1.2567521847e-01
-2.0365070034e-01 -1.8534783589e-01 -1.8322082733e-01
-1.5076057717e-01 -3.5241909204e-01 -4.6329418485e-01
-1.9698195015e-01 -4.5715625039e-01 -5.4849070187e-02
2.5030451521e-02 -4.3084402834e-01 6.0512575566e-02
-6.4508862961e-02 5.5533012437e-02 1.8580739674e-01
1.5350903239e-01 -6.8175020709e-02 1.0502837794e-01
7.1348166642e-02 1.2696722573e-01 3.3395476917e-01
7.5912057676e-02 -1.9210192083e-02 8.3627369756e-02
3.5895586934e-02 -6.3610816447e-02 -4.6945189133e-02
-3.5032891215e-02 -4.3482071175e-02 -2.3253609012e-02
-5.7825710147e-02 -3.8065197280e-02 -5.1129909102e-02
-2.4671770083e-02 -5.7256949458e-02 -8.3899687175e-02
-5.4162447218e-02 -4.3930090645e-02 -7.9667158094e-02
-2.8563709696e-02 -2.5550414332e-02 -8.2589130054e-02
-1.8154664276e-02 1.3981529261e-02 -5.6443779629e-03
1.3305371040e-02 -6.1494832521e-02 -1.0096206461e-01
6.5720318405e-02 -1.3632700328e-01 -1.5937630430e-01
1.9862424697e-01 -1.6950089212e-01 1.9439162086e-01
4.2476490918e-01 -2.3297098104e-01 4.2754894142e-01
-2.2666034529e-01 4.5916098041e-01 3.8327961101e-01
2.5367921237e-01 1.7668824367e-02 3.8379664193e-01
-5.1271468538e-01 5.3787587534e-01 6.1158873733e-01
-3.3377323834e-01 2.5449057064e-01 1.4593288586e-01
8.0711859556e-02 -6.9307045275e-02 -1.6811003103e-02
-1.8589093801e-02 -5.3735588648e-02 -4.3463819617e-03
-5.8368720719e-02 -5.2580389652e-02 -5.8961658831e-02
-2.9667831121e-02 -7.6200535842e-02 -1.0182807274e-01
-5.5911508801e-02 -7.5310070627e-02 -7.5581233672e-02
-3.4003284391e-02 -6.4616176041e-02 -9.3936745519e-02
-1.5425737444e-02 -3.3021974231e-02 -2.8436216044e-02
-1.1376226745e-03 -4.4836902295e-02 -7.4380798023e-02
-2.1948142875e-02 -7.7659009709e-03 -4.5209668450e-02
1.5204573138e-02 1.5057816452e-01 3.4861430272e-01
-1.2042242582e-01 5.8125758902e-01 9.2196317997e-01
-1.0056777978e+00 1.2430132784e+00 4.5044844219e-01
-5.1902296312e-01 7.2525978406e-01 2.6796312418e-01
-1.3995178109e+00 8.7680367336e-01 -1.1059288723e-01
-9.1719882899e-01 4.3522324649e-01 -4.0881636550e-01
5.6098952043e-03 -3.4075167497e-02 -2.8751704145e-02
-2.2188785175e-02 -4.5850171101e-02 9.2717478811e-04
-4.1217940427e-02 -8.6305065962e-02 -7.7768115705e-02
-6.8266874128e-03 -1.1649546101e-01 -1.3665786319e-01
-2.8952301214e-02 -1.1830614302e-01 -9.3837399452e-02
-7.2644958209e-03 -1.1428477583e-01 -1.3230576809e-01
-1.5195870160e-02 -1.0180438303e-01 -9.0973656360e-02
2.8295825701e-03 -1.1762846599e-01 -1.3697209711e-01
1.5494811776e-03 -8.9777853845e-02 -1.1160642358e-01
-7.0845396806e-02 4.7122873023e-02 6.9673477202e-02
-3.9121820408e-01 5.2910785561e-01 5.4094630123e-01
-1.1032123140e+00 1.1061577228e+00 3.0014002906e-01
-8.9386834811e-01 8.3377583005e-01 -6.3096258194e-02
-7.3065577089e-01 4.2226131832e-01 -2.1684973981e-01
-3.4868840236e-01 8.8881668324e-02 -1.8051880762e-01
1.1456850915e-02 -5.7600787759e-02 2.7116510646e-02
-5.6696451591e-03 -7.2275258542e-02 2.6399089253e-02
-5.1455781155e-02 4.5025276536e-03 -5.1880888854e-02
-9.9389035075e-02 -5.7084715667e-02 -1.0315025253e-01
-1.7861973046e-01 -7.6267143321e-02 -1.6650279673e-01
-2.8309271038e-01 -6.6928986659e-02 -2.5249154771e-01
1.2951502330e-02 -2.5367991514e-02 -5.6244249614e-02
9.0663463138e-01 8.1601694015e-02 3.7650743196e-01
1.4788448264e+00 1.8007758705e-01 5.0755420629e-01
1.6244567131e+00 2.1034275672e-01 4.1914857824e-01
1.9275597939e+00 1.7725866438e-01 5.7077014315e-02
2.1056018560e+00 1.7226590577e-01 -6.8796220377e-01
1.2885074122e+00 1.0799928455e-01 -9.4210579729e-01
3.8832390846e-02 -7.1106259675e-02 -1.3723279086e-01
-2.2487703924e-01 -1.3213377664e-01 7.3965075413e-02
-1.5622338339e-01 -1.1423379108e-01 6.0422073981e-02
-1.0250520794e-01 -8.8720759150e-02 1.5214614506e-02
-4.3313284754e-02 3.8285030805e-03 -4.8440957963e-02
-9.6372649297e-02 -5.9824581891e-02 -1.1961376683e-01
-1.3680745947e-01 -9.2803611139e-02 -1.3853878107e-01
2.4441776519e-02 -4.8706882937e-02 -4.9143358450e-03
5.7883700565e-01 4.3283736997e-02 4.1442300171e-01
7.3142077735e-01 9.5506247602e-02 3.8377975562e-01
4.4024194235e-01 5.7674996790e-02 7.1869060250e-02
1.3481114549e-02 1.9087791890e-02 -1.3881858906e-01
-4.6578902768e-01 -8.5896513204e-02 -9.1386816850e-02
-2.9635683991e-01 -7.1792623622e-02 -1.6959627271e-02
2.6366013199e-01 7.5903870623e-02 -5.7685520319e-02
5.3590184909e-01 9.3968561394e-02 -1.9041097430e-01
-2.1909441157e-02 -8.0297222365e-02 -4.9644262690e-02
-9.3178594949e-02 -1.0002400423e-01 3.9874254448e-02
-6.8195608846e-02 -9.0684716881e-02 1.5055677332e-02
-7.6623797256e-02 3.9380198618e-02 -5.9900797959e-02
-1.2284001181e-01 -4.0509740607e-02 -1.3244373461e-01
6.5953243812e-03 -2.9034002774e-02 5.2838744355e-02
2.9347079984e-01 4.0533171019e-02 2.7862754137e-01
1.8575935519e-01 2.7498618788e-02 1.8659602817e-01
1.4232174008e-01 1.1207226419e-02 1.9621516991e-02
9.2648711691e-02 -8.3730130939e-03 -7.9854472756e-02
1.0200402257e-01 3.0456928574e-02 -6.7414500174e-02
-8.3714998626e-02 -9.8726167221e-03 -3.8511528098e-02
-5.3693417948e-02 3.2582075028e-02 1.0053675570e-01
4.8299472977e-01 1.5330472437e-01 2.8839949290e-01
5.8661090308e-01 1.5701802306e-01 1.5740178535e-01
-3.1648060971e-02 -2.8630166706e-02 -3.8896160172e-03
-1.1629926161e-01 -6.9772719764e-02 2.0776172998e-02
-6.5163753197e-02 -6.5940324202e-02 -4.0088432058e-03
-1.0230104252e-01 7.1470151881e-02 -4.1941638464e-02
-2.9648386425e-02 2.4010778559e-02 -2.8635737888e-02
1.8109185526e-01 7.5140657768e-02 2.3915803031e-01
-6.9253348958e-03 2.9228657476e-02 -1.9430058106e-02
-1.6903296512e-01 -4.9838047463e-02 -1.5457283704e-01
-1.1550832973e-02 -4.1911182618e-02 -6.4415702168e-02
-4.2733363013e-03 -4.3917633814e-02 -4.9795284687e-02
2.2351780134e-02 -4.5209088641e-02 -2.3464868389e-02
1.1840601289e-02 -2.5794457756e-02 -1.8729549837e-02
1.1783331397e-02 1.7004349540e-02 4.8771308418e-02
8.4642624040e-02 6.1029034378e-03 2.1226266162e-01
-7.2531292282e-05 -6.3726410984e-02 2.3055877198e-01
-1.1928588275e-01 -8.8732743302e-02 2.5654921380e-02
-6.0809884664e-02 -7.9542677470e-02 -5.0035269905e-03
-3.8891920872e-02 -7.2621194038e-02 -2.6756123526e-02
-3.4727769486e-02 4.8567239317e-02 5.3224414586e-02
1.5861637205e-01 7.8513361285e-02 2.0113624646e-01
-5.0770796695e-02 3.0932521150e-02 -2.2003344947e-02
-2.2158443004e-01 -3.5026705015e-02 -2.7012611588e-01
-9.4854134732e-02 -5.0963270847e-02 -8.6058709790e-02
-4.3092677258e-02 -5.2234669624e-02 -6.4420657433e-02
-6.7244000259e-03 -6.6154974470e-02 -5.0045792739e-02
-3.3571740395e-03 -4.9781001930e-02 -2.8791411799e-02
1.4997080468e-02 -3.8928241847e-02 -1.8677972346e-02
-3.4888578770e-03 -4.5635982489e-02 2.3158675265e-02
-5.3380574526e-02 -1.3476330805e-01 8.4285821769e-02
-5.3072775469e-02 -1.0772098027e-01 7.6636546164e-02
5.0292649269e-03 -1.6772378463e-04 9.1593442693e-03
-1.6121918534e-02 -2.7405815119e-02 -5.9388496652e-03
-3.8496053000e-02 -6.8628137157e-02 -2.4524124755e-02
1.1051010473e-01 9.2044413948e-02 3.2784905931e-01
1.3287414243e-01 1.0872082306e-01 2.0189075349e-01
-2.8959316627e-01 -5.0066910337e-02 -3.8322653432e-01
-2.0830013961e-01 -6.1337951302e-02 -2.4642398149e-01
-5.4081702812e-02 -7.5065615845e-02 -6.9297032974e-02
-2.0766528540e-02 -9.8248958822e-02 -7.5633183589e-02
-1.0713437287e-02 -9.3792151254e-02 -7.7211705696e-02
2.2327701625e-03 -8.2317606615e-02 -4.7014704999e-02
3.0581142516e-02 -6.6497286119e-02 -2.9693336010e-02
1.4343701049e-02 -7.4848398333e-02 1.4137684584e-03
3.1687599253e-03 -1.8700401206e-01 8.2947171623e-02
1.1093568553e-01 -1.2939817779e-03 9.6307043289e-02
2.5367699654e-01 4.1724532287e-01 -6.3001243420e-02
1.5390088489e-01 2.6089866529e-01 -1.2881439672e-01
-2.3768689213e-02 -4.1058371337e-02 -4.8904720200e-02
1.0427383822e-01 1.7848891799e-01 4.1080008534e-01
-1.6192642352e-02 1.6598333077e-01 -6.4093047384e-02
-2.0079833023e-01 2.7038311043e-05 -3.8914917343e-01
-9.4018979392e-02 -9.9181283192e-02 -2.2189617350e-01
-4.7214134339e-02 -1.1699327508e-01 -9.8433057064e-02
-3.7895028431e-02 -9.7098454153e-02 -9.8741694404e-02
5.0533897312e-02 -7.6815856218e-02 -7.6217990548e-02
1.2343799850e-01 -1.2438981734e-02 -6.0882453430e-02
8.3689859253e-02 -1.3759721922e-02 -6.0011288302e-02
4.9679331019e-02 -5.3516716103e-02 -4.5612551997e-05
6.8180844399e-02 -2.6244752491e-01 2.6815788833e-01
-9.5323602592e-02 -3.9146003944e-01 2.6519292076e-01
-7.9011986736e-02 2.9305849461e-01 -9.5016272131e-02
1.4902411756e-01 4.5953813209e-01 -1.9835182316e-01
2.6121877221e-03 -1.0262500364e-02 -1.1216555002e-02
-1.5864423905e-01 2.5431958188e-01 3.4630593698e-01
-1.2845761172e-01 2.7482395566e-01 -3.0476100796e-02
2.4444772732e-01 -1.5703517728e-01 -4.1131775248e-01
1.4198025151e-01 -2.0344324247e-01 -3.0870576227e-01
-3.3399912829e-01 6.4384569248e-02 -1.5780127969e-01
-1.8695516834e-01 1.1975120869e-02 -8.4385071100e-02
5.7229743473e-01 -6.1989707844e-02 2.0824248143e-02
3.9618643360e-01 1.1452851897e-01 3.3473118178e-02
-3.2631900038e-01 -2.4604345359e-02 -4.7310245911e-02
-1.3458759397e-01 -1.2311068524e-01 7.1150128302e-02
2.6958241191e-01 -3.2815692138e-01 4.1279437327e-01
4.7264310701e-01 -2.5409513787e-01 -5.7670978065e-02
-3.6985208665e-01 4.4448252193e-01 -4.8984700222e-01
-1.8395019024e-01 3.8472159305e-01 -1.8613556646e-01
-2.8090521744e-02 -2.9906399509e-02 3.3583032891e-02
-5.5768005808e-01 3.2220393181e-01 4.8498893593e-01
-9.3085319254e-01 4.9974070878e-01 3.9686669074e-01
-2.3532823797e-01 -4.0745816287e-02 -2.4237132087e-01
1.6763172954e-01 -1.2157489867e-01 -2.7513153957e-01
-2.5841817249e-01 7.2918265655e-02 -2.6152280882e-01
-1.5358378616e-01 -4.1220107714e-02 -2.1065201653e-01
5.8684860332e-01 -1.7750182822e-01 -8.7723643695e-02
1.7823120644e-01 -8.9074500852e-02 -7.8686971074e-02
-5.6801800654e-01 -1.9371059453e-01 -9.1460164601e-02
-1.2789117315e-01 -2.1112670638e-01 1.0868849606e-01
-3.3939079383e-01 -4.1503328512e-01 -4.9657144365e-02
5.4871740539e-01 -1.4237441197e-01 -4.1496524537e-01
1.6180990429e-01 3.1800587053e-01 -2.9411977001e-01
-1.8006801309e-01 9.1635613474e-02 -6.1024453495e-02
-1.8722427661e-02 -7.7859051406e-02 3.5324500525e-02
-2.7445115509e-01 4.0609839125e-02 8.8447024171e-02
-1.0071052014e+00 2.8485166651e-01 1.5711059631e-01
-1.3622374499e+00 5.3277729810e-02 -4.0897998670e-01
-6.3611238673e-01 -1.0289917525e-01 -6.7888468312e-01
3.0368147994e-02 -1.3600289021e-02 -3.8230737157e-01
1.8483457159e-01 -6.7469296282e-02 -2.1465432720e-01
1.4648794909e-01 -1.5345011114e-01 -1.1610697029e-01
8.9426778070e-02 -1.7194361631e-01 -1.2497205732e-01
9.3697336568e-02 -1.3470278045e-01 -6.2101148663e-02
1.5740296059e-01 -9.4352201903e-02 3.9759958938e-02
-3.2278204603e-01 -2.6106517491e-01 -2.1639394219e-02
2.6824141852e-01 -2.1243702169e-01 2.0022661285e-01
1.9512299255e-01 -7.9831987264e-02 2.1664111471e-01
-6.0685696624e-02 -7.0076110868e-02 5.6244441787e-02
-1.5706358002e-02 -6.8816250147e-02 2.1932381676e-02
-4.5718905227e-02 -7.8290268529e-02 -6.8218425316e-02
-3.1596598711e-01 -7.8163625449e-02 -1.4086686452e-01
-4.7292422214e-01 -6.3800652954e-01 -9.0398635315e-01
-9.7672366102e-02 -9.1175379609e-01 -1.3177801032e+00
7.2922474913e-02 -2.2454498155e-01 -8.3724283524e-01
-1.0183743940e-02 -1.1858167361e-01 -3.9799334449e-01
-1.0986105597e-01 -1.1837533601e-01 -1.8809022078e-01
-8.8857726619e-02 -1.0502291206e-01 -1.2235263037e-01
-6.1461189705e-02 -8.5626765567e-02 -1.0058410268e-01
-3.2968367953e-02 -7.2049710106e-02 -8.7337793715e-02
-7.2141514824e-02 -6.9578040041e-02 -1.0189690087e-01
-1.2996944501e-02 -8.4402121665e-02 6.2073374466e-02
-3.3508812659e-02 -6.6033356182e-02 6.9897518745e-02
-1.2932769825e-02 -7.3558275852e-02 9.2024658105e-03
-8.3083791661e-04 -6.9465083204e-02 -1.1825633282e-02
-2.1445143094e-02 -7.0155765497e-02 -5.6662914678e-02
-1.0128569590e-01 -1.0454868597e-01 -1.5584412000e-01
-2.2469413708e-01 -3.3552243107e-01 -3.0773169333e-01
8.4599903549e-02 -6.8260493574e-01 -6.3195080537e-01
4.5891776733e-01 -6.2493580944e-01 -9.1706226086e-01
6.0811800633e-02 -4.8902752856e-01 -6.2355402306e-01
-1.6882271892e-02 -4.0302064664e-01 -5.1938724545e-01
-8.4749582039e-02 -1.7598015669e-01 -1.8559846754e-01
-6.2086179355e-02 -7.6058079547e-02 -7.5183710834e-02
-2.9701546329e-02 -6.0061705768e-02 -1.1054635764e-01
1.2845701362e-02 -5.1830711409e-02 -9.3027169282e-02
5.3227887336e-02 -5.9022209842e-02 2.6413704397e-04
3.5853671428e-02 -4.8116379970e-02 3.0535125461e-02
-8.8416656893e-03 -4.4049539564e-02 2.6824152941e-02
-1.2952556125e-02 -5.7460287076e-02 -9.5370052357e-04
-6.2660983509e-02 -3.4413074038e-02 -3.1850754887e-02
-3.8824636703e-02 -6.2208492259e-02 -1.1465181827e-01
-1.2658692996e-01 -7.5693740824e-02 -1.6189757767e-01
-7.1261323226e-02 -1.9223979989e-01 -2.7394917237e-01
1.3820785453e-01 -3.0152464368e-01 -4.1560197105e-01
3.2267529439e-01 -5.7340894938e-01 -5.8792869655e-01
5.2807741174e-01 -8.3911588026e-01 -9.4346366779e-01
1.4489036193e-01 -2.8847468972e-01 -2.2447367522e-01
1.8704379245e-02 -6.4096671478e-02 4.6204385767e-02
-1.7210628733e-02 6.8332848854e-03 -3.0536499044e-03
1.2305486966e-02 3.8423505350e-02 -2.0751323485e-02
-5.8846052798e-02 -8.7714421474e-03 1.8354339300e-01
1.0628691101e-02 -5.4239913709e-02 6.9686569569e-02
5.9967083268e-02 -2.7594363312e-02 -4.6171655602e-02
-1.5590882304e-02 -4.0963394214e-02 -1.6401311313e-02
-6.8955073096e-02 -2.6675665012e-02 -3.8495725088e-02
-2.5855715228e-02 -3.9853736038e-02 -7.8334464870e-02
-5.0653292250e-02 -4.1456939554e-02 -7.4281182680e-02
-2.6624731277e-02 -3.3128995865e-02 -8.0469392228e-02
-4.1614013110e-03 -3.9740403624e-02 -4.7319523712e-02
7.9305137556e-02 -2.1674169070e-01 -2.8259754434e-01
2.7177881441e-01 -3.7089787532e-01 -3.5800219985e-01
3.0774789270e-01 -1.2128675197e-01 1.6516252254e-01
1.6615249934e-01 -1.8567288264e-02 3.1735605347e-01
-3.1332268834e-02 4.5696601846e-02 4.2916194570e-02
2.5199481415e-01 -1.4758757366e-01 3.0873960773e-01
-5.0552241034e-01 -1.5845552947e-01 8.9810699889e-01
-5.4457379546e-01 -9.5417412868e-02 3.2313364350e-01
9.1472775816e-02 -5.9183605484e-02 -1.0819198402e-02
3.2888122953e-03 -4.8301456485e-02 -1.2174004297e-02
-6.0243906639e-02 -4.5086063708e-02 -5.7724251308e-02
-2.6785193627e-02 -6.7538061610e-02 -1.0768979433e-01
-4.7526143395e-02 -7.3003855832e-02 -7.3909697496e-02
-1.8235845908e-02 -4.2710165477e-02 -7.1344362043e-02
4.8347361087e-03 -2.8101767327e-02 -1.8043750375e-02
-1.5040163606e-02 -3.2295638601e-02 -7.6375513943e-02
4.3939641555e-02 6.9210416839e-02 8.2096068350e-02
8.8868247367e-02 3.1417057097e-01 6.8122105164e-01
-9.5430674512e-02 3.4944954443e-01 6.6859233042e-01
-1.5011808905e-01 2.9681582937e-01 1.7386885344e-03
2.0535794404e-01 8.3878911426e-02 2.4218209080e-01
-8.6862693412e-01 3.3443111029e-02 2.2287359004e-01
-1.1747291690e+00 6.5115863925e-02 -3.2170298748e-01
-7.4013489343e-03 -5.7206371820e-02 -4.1176309521e-02
-3.7212649820e-03 -4.4434023544e-02 -5.0854672578e-06
-4.7344013760e-02 -9.5146727812e-02 -9.2386745243e-02
-7.0318441920e-03 -1.1719964579e-01 -1.5742207413e-01
-4.1826880415e-02 -1.2715528817e-01 -1.2750851343e-01
-3.6472245574e-02 -1.3547243203e-01 -1.6412607063e-01
-1.7308725375e-02 -1.0689878924e-01 -1.0108619189e-01
-1.8181778309e-02 -1.0926671367e-01 -1.4049131619e-01
-4.3814268156e-02 -3.4429449879e-02 -2.3459322222e-02
-2.4650409901e-01 2.7190019904e-01 4.7567453248e-01
-9.9479211507e-01 7.6012143882e-01 9.7275992007e-01
-1.9168219585e+00 1.0688147584e+00 1.0214287133e-01
-1.4204634268e+00 7.5220041997e-01 -4.8479011345e-01
-7.3113495939e-01 2.3713182219e-01 -4.0282228291e-01
-4.9885600245e-01 3.2357228434e-02 -3.5082882451e-01
4.1401742547e-03 -5.5554849946e-02 1.8318345991e-03
9.7619210829e-03 -6.8258823424e-02 2.1117688364e-02
-5.6677506412e-02 4.6491034301e-02 -4.7360747404e-02
-1.3841657892e-01 2.5947308284e-03 -1.0828841264e-01
-2.1499215818e-01 -1.0026239968e-02 -1.7079779067e-01
-2.7949595461e-01 -2.5132936259e-03 -2.0612041584e-01
4.6329478732e-02 -3.2231581455e-02 -1.5115722732e-02
8.0181493779e-01 -1.6190857019e-01 3.5141499136e-01
1.3445702732e+00 -2.9530448681e-01 4.7932953234e-01
1.6551805117e+00 -4.0579757387e-01 4.6719777527e-01
1.7273520156e+00 -4.6875128622e-01 1.0824708934e-01
1.7889959340e+00 -3.7807201638e-01 -4.6607057480e-01
1.2315561117e+00 -1.3958927372e-01 -7.8960662040e-01
1.5087890779e-01 -6.2948627968e-02 -1.7268034081e-01
-2.1422916822e-01 -9.4675716689e-02 7.1050802655e-02
-1.5218023826e-01 -1.0577467922e-01 6.7563877706e-02
-1.0748049956e-01 -7.5723172574e-02 1.4994345533e-02
-6.2202306037e-02 6.5306126908e-02 -4.1912042547e-02
-1.5522154032e-01 -2.0985680524e-03 -1.1249615726e-01
-2.1501915842e-01 -2.4918866728e-02 -1.5189156066e-01
1.1458644165e-02 -6.1021543318e-02 8.6394712028e-03
6.4801928387e-01 -8.9891706763e-02 4.6829669325e-01
6.6617582526e-01 -1.1940035994e-01 3.8156624429e-01
2.1372067026e-01 -1.0782367317e-01 4.2287223346e-02
-1.6335576358e-01 -7.6257416035e-02 -7.8538367631e-02
-5.3269818550e-01 -4.2490040310e-02 -3.0661942621e-02
-3.8268514010e-01 -3.8697226499e-02 1.3029874127e-01
1.4078318835e-01 -1.0952351771e-02 6.2711709290e-02
7.6911537459e-01 -6.8001160888e-02 -3.1150393963e-01
5.9143786974e-02 -7.3228919218e-02 -1.3409381406e-01
-9.7652964862e-02 -9.9374117331e-02 4.9660554908e-02
-5.7797290353e-02 -6.6988656850e-02 1.6559423130e-02
-8.0958751430e-02 9.0927428714e-02 -5.0008850967e-02
-2.0673021331e-01 3.1828518795e-02 -1.8345701344e-01
-9.6941161322e-02 -5.7423531697e-03 -3.0112139615e-02
2.2446711965e-01 -1.0463798429e-02 1.7868856840e-01
8.8369382192e-02 -2.6626678897e-02 8.6261375929e-02
-7.0747139975e-02 1.6014966658e-03 -6.1120529699e-02
-1.4312896282e-01 3.6645574329e-03 -1.1311247459e-01
-1.2960747042e-01 8.1272199106e-03 -5.7508721036e-02
-1.8739148819e-01 1.9774678977e-02 -6.2229133454e-03
-1.6735348821e-01 4.0970043091e-02 1.3773287200e-01
3.7276375759e-01 -1.1014503464e-01 3.4558375767e-01
8.1543602912e-01 -2.5692284744e-01 2.3029218022e-01
1.5590768009e-02 -7.4015190719e-02 -2.8120281681e-02
-9.9401641319e-02 -4.1676969891e-02 1.3851691956e-03
-6.6866353780e-02 -4.8828840634e-02 -7.2988230503e-03
-1.2312732882e-01 1.2441139453e-01 -4.8576476821e-02
-1.4703236834e-01 7.1071925786e-02 -1.5412839425e-01
-1.4449281716e-02 4.6215245165e-02 1.6563436804e-02
-1.7208502093e-01 7.3667510317e-02 -2.4767759707e-01
-3.3545119071e-01 8.2430196174e-02 -3.2376780755e-01
-1.9620850542e-01 3.6982682670e-02 -1.8568863302e-01
-8.3158896470e-02 -1.2009045769e-02 -9.8198466246e-02
9.4269949253e-03 -4.2360326091e-02 -2.3341667168e-02
1.3650820956e-02 -1.5265517850e-02 -3.6372315900e-03
4.5776298415e-04 2.0696485376e-02 3.2317356947e-02
1.2550637669e-01 -1.0275013666e-01 1.5332774862e-01
1.1463366849e-01 -2.8253650369e-01 2.9380173029e-01
-1.4371979647e-01 -1.0817658739e-01 8.2437546022e-02
-6.5936307693e-02 -4.7692280074e-02 -6.4637513464e-03
-4.2430829897e-02 -6.4315888562e-02 -2.6353896381e-02
-7.3139786106e-02 6.8013607295e-02 -7.5186726839e-03
-3.9400933340e-02 1.7041776867e-02 -5.4234845804e-02
-3.1844127565e-01 6.9001186380e-02 -3.3915473380e-01
-4.4788237098e-01 1.2152331483e-01 -4.9113903920e-01
-2.6729854081e-01 6.9881837960e-02 -2.3531696922e-01
-9.1827964558e-02 1.3073186993e-03 -1.0081882518e-01
-1.6509242924e-02 -4.0665302682e-02 -6.3755049696e-02
1.0259284346e-03 -4.2364902587e-02 -3.8621194951e-02
1.2391522993e-02 -2.9080504165e-02 -2.3674465127e-02
-1.4100651399e-02 1.2648305271e-02 6.1424140697e-03
-3.0292081597e-02 -1.3049611573e-02 3.0476396247e-02
-1.4588665969e-02 -5.0985369640e-02 9.0895953918e-02
1.2854176235e-01 1.8119373493e-01 2.1488696948e-02
1.1747774150e-01 1.9500390845e-01 -1.2764523069e-02
-2.8449449631e-02 -2.9866601988e-02 -3.4062060592e-02
4.0915396381e-02 2.9339641599e-02 2.0246508819e-01
-1.9866617269e-01 6.4854611867e-02 -2.6890786754e-01
-6.5677257804e-01 1.3121348202e-01 -7.8666318309e-01
-3.9902960021e-01 6.7203718352e-02 -4.1505551321e-01
-1.3950655126e-01 -1.4109406226e-03 -9.7586990417e-02
-4.5582476080e-02 -4.9027628281e-02 -7.0492504887e-02
-2.6498849231e-02 -6.1197167971e-02 -7.0978072783e-02
4.6433248932e-02 -2.8587680549e-02 -1.9392494990e-02
1.1865979742e-01 2.6644363036e-02 3.4690976334e-03
5.6875343862e-02 1.7122173211e-02 -4.8823197023e-03
-2.3655897771e-02 -9.9123821028e-03 1.1791662350e-01
1.0885640713e-01 1.7622549148e-01 4.0162694888e-01
5.5716327884e-01 9.0391654926e-01 1.8008299932e-01
5.1724476488e-01 8.5633491772e-01 -1.6303082180e-01
4.0783882942e-02 1.0156079478e-01 -8.0726524500e-02
1.8648186026e-02 4.9152857746e-02 1.2031287796e-01
-4.0896866391e-01 1.4727268625e-01 -8.2382442025e-01
-5.0535655225e-01 1.0283984174e-01 -8.4580433619e-01
-1.6159203783e-01 -1.2119838592e-02 -2.5526503196e-01
-5.9971059008e-02 -4.1759544935e-02 -7.6203460282e-02
-3.4380681470e-02 -3.3684306448e-02 -8.2485612917e-02
1.3668899405e-01 4.5945296745e-02 1.3073356645e-02
6.8293145041e-01 3.7090165363e-01 1.8185581454e-01
8.1292389996e-01 5.7590442346e-01 3.8764242806e-02
3.7380393157e-01 2.8806939067e-01 -8.7012529885e-02
2.1158336882e-01 -6.1626214118e-03 1.0238724838e-01
1.9207472037e-02 -4.7973391772e-01 4.7858405494e-01
-8.2808748316e-02 -3.1118514889e-01 6.7417014879e-01
1.6682670341e-01 3.3850252700e-01 1.6473724020e-01
4.2693591270e-02 7.3713734764e-02 4.1570109702e-02
-3.5217955734e-01 8.8632719601e-02 3.2918126621e-01
-6.2026065623e-01 -6.4491641543e-03 -2.3391157905e-01
-2.6150959862e-01 -1.6071262414e-01 -4.8540385319e-01
-9.6864007920e-02 -1.1799862764e-01 -2.5825028587e-01
-1.5762560085e-01 3.2048004297e-03 -1.2678643823e-01
-4.6078584693e-02 7.0726629545e-02 -3.4687592436e-02
5.4768785957e-01 2.6104654271e-01 2.2471324788e-01
1.2092409993e+00 7.0862305538e-01 3.8992846932e-01
6.6457647005e-01 6.6000518897e-01 5.3934449394e-02
2.1008425783e-01 2.8808311991e-01 -4.5422322819e-02
2.9246238187e-01 5.0063602451e-02 -1.4473263780e-01
5.4224037889e-01 -2.8708067289e-01 7.4348454016e-02
9.6835689209e-02 -2.1304323438e-01 3.1750189931e-01
-1.0068317068e-01 1.1734697745e-01 2.2197357295e-01
2.0909671172e-03 1.3863100858e-02 1.5918261178e-01
-6.1604595274e-01 6.1793551096e-02 6.0125470205e-01
-8.7081198950e-01 -7.9865763495e-02 3.3692026413e-01
-5.9284294086e-01 -2.3822420327e-01 -3.3522750017e-01
-6.7234920440e-01 -1.7137474900e-01 -3.5008953467e-01
-5.3040224613e-01 3.9283699861e-02 -2.2623290564e-01
-3.1613574591e-01 8.0734570562e-02 -1.7958059820e-01
5.3733058638e-02 6.3461112888e-02 -4.9382164121e-02
1.6674145655e-01 9.2660818451e-02 5.6101097599e-03
-1.6026220856e-01 -1.5939684669e-02 -3.1258635258e-02
8.4629893170e-02 2.8734289286e-02 1.2451228962e-01
-4.1592825415e-01 -8.0838176795e-02 -4.7890973185e-01
1.7194918436e-01 -3.3396745674e-01 5.1545447462e-02
-7.1163834211e-02 -1.9532915324e-02 4.6001002801e-01
-4.1063465319e-01 1.3186449066e-01 -4.0056220763e-02
-2.9969802218e-02 -3.9343149767e-02 5.5754318112e-02
-1.0821920408e-01 -8.1173388902e-02 4.8654910147e-02
8.0211891319e-02 -1.1299209705e-01 -6.8446805008e-02
-1.3264934385e-01 -1.5856052861e-01 -5.9218906371e-01
-5.6256905132e-01 -2.0959426216e-01 -6.4893625841e-01
-2.8082647969e-01 -7.3103932212e-02 -3.1779517540e-01
2.9639144932e-02 -2.6270066887e-02 -1.7031977917e-01
-1.2915342503e-01 -6.9677363294e-02 -1.5715241007e-01
-2.7169771459e-01 -1.2179354524e-01 -1.1740401968e-01
-9.4253253286e-02 -9.3040780878e-02 -3.1352108239e-02
2.4499113150e-01 2.8222053610e-02 8.9817056854e-02
7.3537272066e-02 -4.4042625446e-02 -1.3814769167e-01
6.7472394039e-01 -2.5034121466e-01 2.9436021722e-01
3.5369861552e-01 -1.8213980416e-01 4.0121043322e-01
-1.5266680935e-01 -1.9809603219e-02 4.1068884032e-02
-2.6715584092e-02 -4.9523162260e-02 1.2915126344e-02
-5.6263618201e-02 -9.5615091667e-02 -3.4115095823e-02
-2.9021006543e-01 -1.4970610713e-01 1.1635639394e-01
-3.4400945896e-01 -7.1935715667e-01 -4.7083612555e-01
-8.8037803872e-02 -9.2985719857e-01 -9.6779458891e-01
6.9296799054e-02 -3.8499691187e-01 -5.5437286416e-01
-2.6387917104e-03 -1.0523135225e-01 -2.4059106349e-01
-1.1858821801e-01 -6.4559753986e-02 -1.5214770268e-01
-1.3163859734e-01 -8.6871676463e-02 -6.4571491995e-02
-1.0878817811e-01 -6.8910027548e-02 -5.1923276655e-02
-5.0111753618e-02 -5.7545519465e-02 -4.8811948094e-02
-5.4920620521e-02 -3.1805095300e-02 -4.3050616223e-02
2.3180132990e-02 5.3458571050e-03 1.2110167772e-01
1.3631240634e-02 3.8795886213e-02 3.8299769266e-02
-1.0680233038e-02 -1.2375227455e-02 -9.3933742614e-03
-7.0674544945e-04 -5.2226509987e-02 -8.2448105961e-03
-2.5497008636e-02 -5.4483259999e-02 -7.1475656133e-02
-3.0036444951e-01 -1.3361061139e-01 -6.5147313273e-02
-5.1822904541e-01 -3.9196611519e-01 -1.4238237077e-01
1.4593901549e-01 -9.3434045567e-01 -6.6642924669e-01
5.2828981310e-01 -9.7394440975e-01 -8.6971316631e-01
1.6395983397e-01 -3.8460773078e-01 -4.9415438129e-01
3.7536774312e-02 -1.4392571492e-01 -2.4170181578e-01
-5.5929084992e-02 -7.2193636963e-02 -8.9299204584e-02
-6.5885845427e-02 -4.5857545084e-02 -6.8247719815e-02
-5.1949710484e-02 -3.8853704559e-02 -8.9437277793e-02
-6.8368021465e-03 -8.2998026149e-03 -5.1682963153e-02
-9.6040565145e-03 -3.0913358292e-02 8.1308409261e-02
1.2551169982e-03 -4.9226861898e-02 6.2901845394e-02
-8.7054799272e-03 8.4775585413e-03 1.5192088826e-04
-1.8044063935e-02 -3.4739358350e-02 -1.6937614824e-02
-5.6267456097e-02 -1.5269406463e-02 -3.6917802073e-02
-7.7055468295e-02 -5.1517943018e-02 -1.0427741372e-01
-1.9451800926e-01 -5.6116297685e-02 -1.8192603124e-01
4.5647465451e-02 -2.9973332829e-01 -4.5028617423e-01
3.4853801998e-01 -5.8525046325e-01 -5.2963631034e-01
1.7818245196e-01 -5.2268824921e-01 -4.8419778744e-01
1.7494846089e-01 -4.1304835594e-01 -5.6162282173e-01
6.3013209947e-02 -1.0302047101e-01 -1.2672372424e-01
-6.3409717481e-02 8.9072932534e-03 -9.2253157496e-03
-4.2896382811e-02 2.6541271084e-02 -2.6125214271e-02
3.4390842854e-03 2.8590744539e-03 -3.4382836405e-02
-1.9006329171e-01 -3.7356720822e-01 3.1303149545e-01
-1.3481028318e-01 -4.6011701094e-01 2.7147007200e-01
5.1511966942e-02 -2.6878392815e-02 -1.3692502217e-04
-8.9946889882e-03 -2.4293262236e-02 -2.8918854986e-02
-6.5703103262e-02 -1.5234267319e-02 -4.3877119207e-02
-3.1076343529e-02 -4.7722400043e-02 -9.5646669988e-02
-6.3715111065e-02 -3.2075686293e-02 -1.2027251595e-01
-3.7484096506e-02 -2.0972316485e-02 -1.4009677706e-01
-1.3557106866e-02 -1.1715731713e-02 -1.2733065218e-01
-6.2134175208e-02 -1.3404179646e-01 -2.7534030394e-01
1.8785931153e-01 -2.1488130870e-01 -3.2372331409e-01
1.0448940302e-01 2.5362823075e-03 1.6949869016e-02
-7.4931925711e-02 1.7942822108e-02 1.1548820643e-01
-4.8777987298e-02 -2.0267871862e-04 -3.2388100342e-02
1.0002139638e-01 -5.4857904683e-02 2.5723643902e-01
-3.1962503803e-01 -3.5795266483e-01 1.0355801286e+00
-5.3854612964e-01 -3.9143933842e-01 3.0815450531e-01
5.2131926730e-02 -3.4708194101e-02 -8.8557256091e-02
3.4299490458e-03 -3.6307761494e-02 -2.1611308905e-02
-6.6705594936e-02 -3.0998628628e-02 -4.3708126294e-02
-3.9061595500e-02 -5.8417485189e-02 -7.6607293625e-02
-7.2759251193e-02 -6.5872965243e-02 -7.6584216952e-02
-3.8648012653e-02 -4.0625760196e-02 -7.9662632969e-02
-3.0383205990e-02 1.8052071152e-03 -4.6212230854e-02
-6.4942889833e-02 3.2660905496e-02 -4.2778923250e-02
8.6635307461e-02 2.2063702913e-01 2.7180624457e-01
-3.2875308450e-01 3.5681580026e-01 7.0475813453e-01
9.0319627328e-02 5.0469854932e-02 2.8867531077e-01
7.9176998421e-01 -1.2404173278e-01 -1.0036997933e-01
5.3501926454e-01 -6.5519795597e-02 1.8500823038e-01
-2.5748461852e-01 -1.4215415506e-01 2.3907536985e-01
-7.9023839368e-01 -8.1240233795e-02 -3.5394051877e-01
-3.6387078900e-02 -2.7070720122e-02 -9.9329098240e-02
-1.0167392475e-02 -3.9637058479e-02 9.1528103928e-04
-4.8745818529e-02 -8.2646053200e-02 -7.5276324325e-02
-2.7096035212e-02 -1.2075624484e-01 -1.4810338196e-01
-5.3258310176e-02 -1.2169981131e-01 -1.2762550340e-01
-5.8018623957e-02 -1.1760238433e-01 -1.5541585878e-01
-3.6877332135e-02 -8.0008852242e-02 -9.3722835307e-02
-4.4942245131e-02 -7.3176501011e-02 -9.5892077121e-02
-1.9274974212e-01 5.6294616603e-02 1.7184870774e-01
-7.3117845774e-01 2.4811271009e-01 8.6916474839e-01
-1.5176402796e+00 2.2513491196e-01 9.4149293541e-01
-1.9432874466e+00 2.0687137098e-01 -2.8550186497e-03
-1.6170088630e+00 1.6058540381e-01 -7.4675497509e-01
-6.4708726367e-01 -1.0218293231e-02 -5.1791761535e-01
-3.9435800005e-01 -3.2587516933e-02 -3.1171587751e-01
-3.2653379604e-03 -4.7047132217e-02 1.9464061732e-02
1.4363849385e-03 -5.9956244958e-02 2.6715800078e-02
-1.3014894999e-01 6.2193800712e-02 -4.9636446704e-02
-1.9530096888e-01 5.5235346916e-02 -1.2696894523e-01
-2.7869462952e-01 5.0770673865e-02 -1.8104738314e-01
-2.7027315650e-01 6.6926622785e-02 -2.6551525511e-01
-1.0079878699e-01 1.7621492049e-02 -1.9762883513e-01
3.6705532997e-01 -1.7518458194e-01 5.3729333129e-02
8.6384136729e-01 -4.5193997789e-01 2.3032812222e-01
1.1353307226e+00 -6.3563819912e-01 2.5690770478e-01
1.1294291865e+00 -6.3521067016e-01 5.8262651543e-02
1.3866481621e+00 -5.7228906935e-01 -2.2249275532e-01
1.3273990880e+00 -3.6015083053e-01 -6.9716777120e-01
3.4431389868e-01 -1.5368702935e-01 -3.9231434862e-01
-2.5238090387e-01 -9.3680470743e-02 8.8799982560e-03
-1.7827322653e-01 -1.3202832362e-01 4.8470322300e-02
-1.2344692944e-01 -1.0132793254e-01 1.9579717546e-02
-1.0735808669e-01 7.8333723098e-02 -4.2553284377e-02
-1.9378445095e-01 5.0001872010e-02 -1.4000502355e-01
-2.6659065112e-01 3.1256646856e-02 -1.7941784652e-01
-4.3998448637e-02 9.3223503026e-03 -1.0719049251e-01
4.6317437201e-01 -2.0439998137e-01 2.4332507822e-01
6.0534238785e-01 -3.2013818897e-01 2.7984544735e-01
3.3612295443e-01 -2.8980910472e-01 1.1524939638e-01
1.6924063961e-01 -1.8613798497e-01 1.2882930911e-02
-1.1272207299e-01 -4.1965200894e-02 -2.3501139433e-03
-5.4473546447e-02 6.4535054970e-03 1.2817211741e-01
4.2106882656e-01 -7.0165165884e-02 -2.2343863978e-01
8.9135537027e-01 -3.0544390193e-01 -8.7650339660e-01
8.5058091487e-02 -1.4595183260e-01 -2.7285355303e-01
-1.1340550645e-01 -1.2492223841e-01 5.8676892927e-02
-9.0591635223e-02 -1.0250456014e-01 4.3058920637e-02
-1.5962993351e-01 1.0504142167e-01 -5.8949936733e-02
-2.5747130449e-01 8.8126811107e-02 -2.1520607882e-01
-2.1303710501e-01 8.3678816343e-03 -1.0603243458e-01
1.8864651594e-01 -4.9507576601e-02 4.6604275056e-02
1.2236363441e-01 -6.0824141523e-02 2.5059036869e-02
-2.5883463892e-01 3.6668457024e-02 -1.9765465051e-01
-3.0336475811e-01 4.3403919084e-02 -1.5289947149e-01
-1.7619758924e-01 6.0925441468e-02 -4.5340923600e-02
-1.4644690066e-01 8.6967377831e-02 -2.9524019428e-03
-1.8982466213e-01 8.9167645191e-02 1.8024262949e-01
8.1355128196e-02 -1.5791335560e-01 2.6692346258e-01
8.4487243219e-01 -6.8706375793e-01 -3.2804057356e-01
3.0766226962e-01 -2.8278304223e-01 -4.2791441112e-01
-4.7353545406e-02 -5.4934730540e-02 -5.8996963646e-02
-9.0483694340e-02 -6.7179110273e-02 -3.9732720681e-03
-1.5569909895e-01 1.2763301977e-01 -6.3622116765e-02
-1.7500957780e-01 1.2577056684e-01 -1.8032229976e-01
3.5155595539e-03 2.1354201002e-02 1.4447740535e-02
-1.7423832755e-01 1.2399443653e-01 -2.7254375537e-01
-6.0048089121e-01 2.9449162487e-01 -5.7391344954e-01
-5.0322830737e-01 2.3492757277e-01 -4.0547086756e-01
-1.8512686380e-01 4.2236895040e-02 -1.5594159231e-01
-8.9328867554e-02 4.0158160725e-02 -6.9107288691e-02
-6.2173584946e-02 4.3779018457e-02 -4.1983768670e-02
-3.1606830626e-02 -1.3836620481e-02 3.9819999811e-02
2.5774596337e-02 -3.0136226010e-01 1.6073992998e-01
2.7041835089e-01 -8.4159027983e-01 7.7909549572e-02
4.0356918445e-01 -4.4062931060e-01 -3.2628025321e-01
2.0171548903e-01 -1.4230337202e-02 -1.8939473244e-01
-4.7614843292e-02 -6.2878608348e-02 -4.6351438997e-02
-8.2461889438e-02 6.0821128936e-02 -1.1150542764e-02
-1.7633815950e-02 3.7457796752e-02 -1.8747030473e-02
-2.5856659501e-01 1.4086205493e-01 -2.9535361841e-01
-7.5711360779e-01 4.2395661115e-01 -7.8898063777e-01
-6.7539181951e-01 3.9719950841e-01 -6.2838319444e-01
-2.5166603057e-01 1.2710399608e-01 -2.4227043592e-01
-5.0275882790e-02 1.1390505687e-02 -9.8766995341e-02
-6.1460042331e-03 6.7044161451e-02 -5.4856293544e-02
2.5897193765e-02 1.6374653546e-01 -3.1591572521e-02
3.3627172150e-03 2.2919012921e-01 2.2439751870e-02
-7.5518012533e-02 -7.0944605809e-02 2.6032544757e-02
-1.0816663078e-01 -5.8668050672e-01 -4.9978286478e-02
5.0639443428e-02 -2.9040629262e-01 -4.9981394157e-03
1.6523472219e-01 1.5837695759e-01 1.9307177568e-01
-4.5618650870e-02 -2.6208715421e-02 1.5305818333e-02
-2.5500290454e-02 -1.5704625741e-03 8.3653732487e-02
-2.3078353810e-01 1.1239179765e-01 -3.2952783361e-01
-7.7127268364e-01 3.7719594365e-01 -9.4686742191e-01
-7.6076263194e-01 4.5538734744e-01 -8.2506861805e-01
-3.2168692655e-01 1.9814341141e-01 -3.2436263403e-01
-9.1207015608e-02 1.9984808369e-02 -1.1655937573e-01
2.4405622019e-02 6.9924906547e-02 -4.0939193714e-02
2.3638509603e-01 2.5697761800e-01 8.3239880665e-02
4.6820323451e-01 5.1706281143e-01 7.3572475701e-02
3.2509938795e-01 5.2732502165e-01 -1.5563923769e-02
-3.2089851360e-02 1.4909833704e-02 9.4653561824e-02
-1.6738406564e-01 -3.3835705538e-01 2.3579736799e-01
-2.2550977057e-01 -3.1091522111e-01 6.3248805593e-01
-2.9167459039e-02 1.6502906523e-01 5.1469832460e-01
-4.0109326345e-02 3.3556945360e-02 3.5390628797e-02
-4.2417471533e-02 -2.7767481318e-02 -8.2678236775e-02
-4.9834861689e-01 1.7046283306e-01 -9.0206856670e-01
-7.2420673069e-01 2.7705664128e-01 -9.7729103037e-01
-2.9185333209e-01 2.0541010141e-01 -4.1520084985e-01
-7.7355153259e-02 4.6681960850e-02 -1.2259479620e-01
1.0266974225e-01 9.7780664720e-02 -8.0658004583e-03
5.0701887121e-01 3.2737484297e-01 2.8150327087e-01
1.1868356333e+00 6.9557396482e-01 5.0064188060e-01
1.4041819122e+00 1.0220384920e+00 2.1828845145e-01
7.8270004463e-01 7.5422232949e-01 -6.9379974216e-02
2.7498836857e-01 1.1885022557e-01 1.1442073777e-01
4.5584457924e-01 -1.1728612640e-01 2.1051678727e-01
-1.0170145986e-01 -9.9785094086e-01 6.2301151192e-01
-2.8007388667e-01 -6.5518867751e-01 4.4393974086e-01
-4.6813315207e-02 -8.2705983359e-02 5.5664579040e-02
-2.6469006485e-01 -6.6707014298e-02 5.3398966225e-03
-6.4418680312e-01 -2.8256325672e-01 -3.1574062338e-01
-5.2050227696e-01 -1.2818362073e-01 -4.2295251261e-01
-6.8935132901e-02 1.6709170373e-01 -3.2995300474e-01
2.2299958352e-01 1.9965574450e-01 -1.1264453444e-01
7.3621645074e-01 3.8595194851e-01 2.3217648396e-01
9.8941072373e-01 4.9985271693e-01 5.2768862042e-01
1.0417825255e+00 5.3134146832e-01 4.8526645122e-01
7.6563334195e-01 5.3497857405e-01 1.1433856916e-01
3.1812235839e-01 2.9405506591e-01 -1.1400705894e-01
-4.0514648922e-02 1.2482139217e-01 -4.1002718007e-01
7.9765794751e-01 2.3414056029e-01 -5.3971619868e-01
1.3054240006e+00 -4.4597255197e-01 -4.6498929205e-01
2.3114216138e-01 -4.5424287958e-01 -2.0432818869e-02
-2.4655661055e-02 -5.5013755722e-02 9.9092159940e-02
-3.5246926622e-01 -1.3766056552e-01 1.3794694073e-01
-5.9919387361e-01 -5.1380009846e-01 9.8998437838e-02
-6.5555701084e-01 -3.1024157509e-01 -2.9343719505e-01
-4.6205764906e-01 6.7783231580e-02 -4.2134731796e-01
1.3240065445e-01 1.9905335791e-01 -1.6761087144e-01
4.9156125775e-01 2.5555419459e-01 4.7344145704e-02
3.8700908248e-01 1.9041114469e-01 5.4716489063e-02
1.5250850424e-01 1.2337127536e-01 -2.4105292939e-02
-2.3657918373e-02 2.0385940749e-02 -3.4500524316e-02
5.6756005610e-02 2.7339902707e-03 4.9148050491e-02
-2.2114992784e-01 4.0494978262e-02 -4.3462001300e-01
2.9453288972e-01 -2.5446357877e-01 -3.4658201764e-02
2.3923521164e-01 -7.6378227925e-01 2.0522547740e-01
-2.6838111217e-01 -2.8447522105e-01 -1.7394781977e-01
-4.9076493840e-02 -5.9641628830e-02 3.8068887242e-02
-5.7658807888e-02 -1.4901629847e-01 1.5448214054e-01
2.3741166726e-01 -4.2860167025e-01 3.8220157753e-01
1.4202325664e-01 -3.5070089576e-01 -6.2515060693e-01
-2.4835616642e-01 -9.9855168467e-02 -6.3223200302e-01
-4.9624057160e-02 -2.5733655443e-02 -2.7648805585e-01
6.2740372170e-02 -5.5945629995e-03 -1.9607637837e-01
6.5269192756e-02 2.0835172417e-03 -1.6409204339e-01
-5.0555952183e-02 -3.6350563831e-03 -1.1639449568e-01
-9.3573244407e-02 -5.3326249949e-02 -5.2950309507e-02
1.0676410011e-01 1.3483711947e-02 3.6475992813e-02
2.8638124005e-01 9.2256913332e-02 -1.4478059866e-01
9.6971765206e-01 -4.4370735700e-01 1.6516485449e-01
6.0771043868e-01 -8.1588881991e-01 3.5296701826e-01
-1.3260935687e-01 -1.5054973513e-01 3.1099360091e-02
-4.1032362835e-02 -5.0013006767e-02 1.5705297706e-03
-7.4818301642e-02 -9.0878511425e-02 9.1837006333e-02
-3.1643101611e-01 -1.8022670508e-01 4.5203876837e-01
-5.3676973851e-01 -4.5910728621e-01 -1.1436539054e-01
-1.8166350609e-01 -3.2526311791e-01 -5.3673041022e-01
-3.8825752976e-02 -1.0666295905e-01 -3.5252099821e-01
-7.2501911585e-02 -4.8269159544e-02 -2.3059657253e-01
-6.9176004882e-02 -3.8815600068e-02 -1.8449053039e-01
-7.8561097027e-02 -4.7998382128e-02 -1.0580401264e-01
-9.1765100029e-02 -5.5232418737e-02 -8.7472721755e-02
-4.3830720268e-02 -4.0986765176e-02 -5.8402619338e-02
-1.8167372715e-02 4.5775584072e-02 -2.8132595757e-02
1.4645876106e-01 -1.8503687473e-01 5.8312508825e-02
1.5004638434e-01 -3.4157185945e-01 -1.8651076190e-01
1.1354649355e-02 -3.0070792392e-02 -1.9099229989e-01
-1.3561633736e-02 -5.9385204911e-02 -2.5409201676e-02
-3.9987592657e-02 -6.0167589030e-02 -6.0222445090e-02
-4.2338292123e-01 -1.2293958461e-01 2.4544076553e-03
-1.0267393514e+00 -4.3125500127e-01 3.7824327032e-01
-3.8358013200e-01 -5.2573479594e-01 -1.6176567385e-01
-9.3762319375e-02 -3.7730986198e-01 -4.2707263516e-01
-8.3430815015e-02 -9.7303071128e-02 -2.5758551953e-01
-6.5287447424e-02 -3.9066649370e-02 -1.5818741782e-01
-6.6214490030e-02 -1.7358662331e-02 -1.0530894360e-01
-3.3868566487e-02 -5.0294006638e-03 -8.8760201468e-02
-2.1263770312e-02 -1.1806014550e-02 -8.6334585886e-02
-5.7047394022e-03 3.5186630115e-02 -2.8493819984e-02
-3.7677137419e-02 -3.5745383378e-01 2.8573288138e-01
-2.0186209328e-02 -6.1222843680e-01 4.4811983982e-01
3.2162127415e-02 -9.4100356451e-02 8.9712244313e-02
-2.0522192552e-02 -4.9036218382e-02 -2.6666324877e-02
-4.9495777661e-02 -3.3313620213e-02 -4.0826891710e-02
-1.0416303306e-01 -6.0798941845e-02 -1.2316352279e-01
-3.7839971707e-01 -9.2717028016e-02 -3.2393148948e-03
-4.1216569671e-01 -2.0077120994e-01 -1.0712179069e-01
-3.7233742830e-01 -2.8286405038e-01 -1.7485703342e-01
-2.3927859836e-01 -1.5415072313e-01 -2.8075885082e-01
-7.0830462545e-02 -5.2874902998e-02 -2.0081976704e-01
-4.9148965190e-02 8.2015619785e-03 -8.2232170147e-02
-6.5115081971e-02 3.5270220685e-02 -5.9998223605e-02
-3.7237654216e-02 3.7516713544e-02 -4.0357016787e-02
-3.3892219957e-02 -8.4562082188e-03 -1.0444316600e-02
-2.1491036699e-01 -7.9940684651e-01 6.9780277811e-01
-2.2047445289e-01 -1.2592566504e+00 8.9056080408e-01
9.4060622251e-02 -2.6309274461e-01 1.7956338194e-01
-1.0155206672e-02 -2.9964388764e-02 -3.1827587766e-02
-4.9316981484e-02 -2.6282508172e-02 -4.7312176708e-02
-2.6613264850e-02 -4.8980143068e-02 -1.3435655215e-01
-4.9671568605e-02 -3.2448111897e-02 -1.3129467685e-01
-1.6151624533e-01 3.2345151486e-03 -1.2555456941e-01
-2.8995115332e-01 1.8239880923e-02 -5.9563173148e-02
-4.3269562819e-01 -7.5815088211e-02 5.6231573546e-02
-1.5596175677e-01 -1.0026746903e-01 7.6575243004e-02
-3.8513992191e-02 -2.0946996903e-02 -3.4328225959e-02
-5.6498032171e-02 -1.0824315659e-02 -7.1318512194e-03
-2.7980588610e-02 -1.8111728489e-02 -3.2611140135e-02
6.8676222210e-02 -6.6358339896e-02 1.2182621469e-01
-2.3388049484e-01 -4.8088004233e-01 5.4274282458e-01
-6.2667227267e-01 -7.1529985802e-01 -3.0641977291e-01
1.4727959906e-02 -1.7182500308e-01 -3.0078352919e-01
6.2017395920e-03 -4.3782938751e-02 -3.6999807932e-02
-4.5392959299e-02 -3.5510138517e-02 -4.5003902680e-02
-2.8309144519e-02 -3.9900331154e-02 -1.0354243955e-01
-3.9215150977e-02 -4.1235013747e-02 -9.9045906624e-02
-3.3537719232e-02 -2.0464959747e-03 -1.0065706673e-01
-7.8628550478e-02 2.3769964538e-02 -6.9786240873e-02
-2.6321276984e-01 -1.8447430447e-03 2.2309889019e-01
-4.3588000622e-01 5.0619524843e-02 4.8127670011e-01
-6.8313819844e-01 -1.4938462067e-02 4.2842026813e-01
1.0333851533e-01 -9.8138424340e-02 1.5229920631e-01
7.4334465467e-01 -1.8907637608e-02 7.0406050358e-03
3.0483225837e-01 -2.5463371545e-02 1.0329600291e-01
-2.3847897281e-01 -2.0449912026e-01 -5.3399898145e-02
-7.0757460469e-01 -2.1734982656e-01 -8.3944978303e-01
-8.8767171817e-02 -5.9066466586e-02 -2.5115192899e-01
-8.2409567313e-03 -4.7741355148e-02 -7.5505631094e-03
-4.6398776143e-02 -8.5503125062e-02 -1.0312234912e-01
-2.0865524122e-02 -1.1029958278e-01 -1.8482241932e-01
-5.7518778834e-02 -1.1539196910e-01 -1.6008499401e-01
-7.7629888452e-02 -9.9996705336e-02 -1.8428593942e-01
-4.7900134831e-02 -7.3438603951e-02 -1.2042013718e-01
-9.5558872839e-02 -6.2766834346e-02 -9.6389295427e-02
-4.3968908399e-01 1.1744883840e-02 2.4263665593e-01
-1.1957723471e+00 -1.5224648061e-01 8.0422465751e-01
-1.5873688272e+00 -4.7980232846e-01 7.2597087697e-01
-1.6456675862e+00 -5.5734801734e-01 -1.0659831204e-02
-1.4305454092e+00 -4.0086357653e-01 -5.7352523625e-01
-7.3491586275e-01 -2.7640427224e-01 -4.7221212614e-01
-3.1035666823e-01 -1.0222448462e-01 -2.1804539972e-01
-1.6265024328e-03 -5.8184789882e-02 2.9458554705e-02
9.3248010785e-03 -7.5553391710e-02 2.9843394799e-02
-1.0207067241e-01 5.9189150042e-02 -3.1361989374e-02
-1.8100853541e-01 6.8649610784e-02 -8.4544037027e-02
-2.6623977290e-01 6.8670146827e-02 -1.0803087709e-01
-2.9987514045e-01 1.1740183352e-01 -1.8206339209e-01
-2.4189335956e-01 9.6046383012e-02 -1.8686780412e-01
-8.6899472015e-02 2.1379834012e-02 -1.2092238079e-01
1.3550602986e-01 -1.3165369967e-01 -2.5613486796e-02
3.1383105874e-01 -2.7499745237e-01 4.2654996829e-02
4.1538195484e-01 -3.7227720235e-01 5.5097169034e-02
8.4406130504e-01 -5.2780240543e-01 -2.2442982304e-02
1.0891828219e+00 -5.8294203909e-01 -5.2967349417e-01
3.1801153520e-01 -2.5500826478e-01 -4.0448304435e-01
-2.6287783535e-01 -7.0266723049e-02 -1.1187546448e-03
-2.0845089344e-01 -8.9465698944e-02 4.2160376402e-02
-1.6141330260e-01 -7.7735931362e-02 1.5816422491e-02
-1.1077330527e-01 7.2520422645e-02 -2.5973596389e-02
-1.8550059952e-01 5.6531123064e-02 -7.5973770101e-02
-2.7023270419e-01 4.1186014577e-02 -7.5782867407e-02
-2.2085536099e-01 5.1988938577e-02 -1.1447714674e-01
4.3712157841e-02 -1.0331046327e-01 4.4213729931e-02
2.8008106618e-01 -2.2838438890e-01 1.1762296079e-01
2.8761620461e-01 -3.2098071053e-01 1.2780688746e-01
2.4592905186e-01 -2.9500367778e-01 8.6699923555e-02
1.4548036118e-01 -2.3147508676e-01 1.0830121326e-01
3.9659298289e-01 -3.6472407980e-01 1.0132043600e-01
1.0852824544e+00 -8.1314823409e-01 -7.2458554335e-01
1.0308598172e+00 -7.6620438777e-01 -1.3405365227e+00
1.3632183634e-02 -1.5550482747e-01 -3.0564017332e-01
-1.3972020141e-01 -8.4553101331e-02 3.4500350265e-02
-1.2521246922e-01 -7.1146869012e-02 3.3305310100e-02
-1.5343266423e-01 9.4527043469e-02 -6.3054486101e-02
-2.4802894273e-01 6.9447674484e-02 -1.7477635632e-01
-2.7938366493e-01 4.6591838724e-02 -9.6549659461e-02
6.7138587048e-03 -2.4918919031e-02 -2.1972501806e-03
1.9981638551e-01 -1.6202380950e-01 9.4883515953e-02
2.4653602354e-02 -2.4554486295e-02 -4.4210689634e-02
-1.4067555518e-01 4.5075784546e-02 -6.2694823617e-02
-3.0144702275e-01 2.0318085814e-01 -4.0747094176e-02
-2.6853483237e-01 1.2751624043e-01 -3.0080432439e-02
-1.4308039702e-01 -5.8090001685e-02 8.6845786589e-02
-6.7445730584e-03 -3.2658078674e-01 -7.4406064067e-02
6.7543972416e-01 -7.7009669134e-01 -9.3344407978e-01
6.4841688952e-01 -4.4312501825e-01 -7.9676839509e-01
6.4617834370e-02 -6.7302832446e-02 -1.8282827001e-01
-1.1277521829e-01 -4.4835190621e-02 -2.6366490905e-02
-1.5965116440e-01 1.3172537580e-01 -8.5436139026e-02
-2.1980439178e-01 1.5601974229e-01 -2.0190453280e-01
-8.8371913691e-02 5.0427248362e-02 -2.8569291111e-02
1.2751138189e-02 5.4611421526e-02 -5.1172400345e-02
-2.9363451336e-01 2.1876804188e-01 -2.9802258610e-01
-3.9283730760e-01 3.6609691208e-01 -3.3418355676e-01
-1.9420177718e-01 2.5521937217e-01 -1.7775894019e-01
-2.3198010314e-01 3.5916459057e-01 -6.8205891838e-02
-1.6298052760e-01 2.6915614800e-01 -8.6852491367e-02
-1.0920558922e-01 9.2615440533e-03 2.8122212663e-02
-2.3053912929e-01 -1.8885507357e-01 2.3835559038e-01
3.2952598675e-01 -6.2560635413e-01 -1.8583457765e-01
1.7117614418e+00 -7.6338122657e-01 -1.1941424969e+00
9.8375344401e-01 -1.8865134887e-01 -7.6697022331e-01
-1.0331995935e-02 -5.7826287192e-02 -1.3205664517e-01
-8.0651562221e-02 7.6943493633e-02 -4.2459121138e-02
-9.0671789858e-02 1.3001972926e-01 -1.2595836416e-01
-1.6071170176e-01 1.4207552415e-01 -1.4804533400e-01
-4.8068519406e-01 4.1794857024e-01 -4.8786473330e-01
-6.9356622576e-01 6.3368288782e-01 -6.0231600019e-01
-4.7697312954e-01 5.9077635639e-01 -3.6876061429e-01
-1.5193430509e-01 5.0416340759e-01 -1.0565989014e-01
6.8353264166e-02 7.8024846623e-01 1.4640603395e-01
1.6501504539e-01 8.9757968656e-01 1.8211262349e-01
4.3002581784e-02 7.1272447283e-01 1.8592086478e-01
-1.7224852064e-01 1.3167635549e-02 3.3069350823e-01
-6.7329119534e-02 -3.9310791683e-01 2.0456506594e-01
5.4948900501e-01 -2.4929398882e-01 -3.2489583775e-01
6.1910665645e-01 -9.5693271549e-02 -4.1166709967e-01
-3.0371557896e-02 -6.2921987160e-02 -1.0346531417e-01
-5.0238831044e-02 4.0223204975e-02 -7.5000446901e-03
-1.5837290666e-01 1.7930464771e-01 -2.2684479821e-01
-5.0041090502e-01 3.9921154142e-01 -5.6837028610e-01
-7.0231161093e-01 7.1323346675e-01 -7.2665480475e-01
-5.1025233584e-01 7.4900467173e-01 -5.2234792754e-01
-1.4985260453e-01 5.7275741984e-01 -1.6089784751e-01
3.3911666331e-01 9.2154867514e-01 2.8152858686e-01
6.4036549680e-01 1.4022668602e+00 5.7856325272e-01
5.7943578610e-01 1.1910128984e+00 3.3340940691e-01
4.0439151890e-01 8.7432199429e-01 1.7563017331e-01
2.2954523133e-02 -2.5961824173e-01 4.1082294225e-01
1.7782407995e-02 -4.2308297623e-01 3.2158652458e-01
-1.3755204190e-01 1.4713140601e-02 2.4852433955e-01
-1.2812734624e-01 3.0897015801e-02 2.3973371251e-01
-9.2929045535e-02 -4.1820737669e-02 6.7695359666e-03
-3.7656014425e-02 3.6566786027e-02 -1.3834289495e-01
-2.2811416253e-01 1.2818216654e-01 -4.5219541253e-01
-3.9304113685e-01 2.4386037014e-01 -4.5854558937e-01
-2.5348057550e-01 6.7047276139e-01 -4.1764660173e-01
-7.4036537413e-02 5.6408099549e-01 -2.0346283211e-01
3.2553686482e-01 6.2080270279e-01 1.7596866015e-01
9.1339814637e-01 1.2201093962e+00 6.5986231839e-01
7.5962438426e-01 1.0352784864e+00 5.4799822860e-01
4.7323421912e-01 5.8824090479e-01 1.4735291335e-01
3.3390032980e-01 5.0052899702e-01 5.2427483066e-02
1.9849449958e-02 -7.7663323361e-02 1.3077275752e-01
6.4676212782e-01 3.4299226848e-01 -5.7159673699e-01
5.4525257395e-01 3.0930690101e-01 -7.3478306217e-01
-4.5617410451e-02 -1.4427327845e-01 2.8422060332e-03
-6.2333193763e-02 -7.7154062679e-02 2.1436644492e-02
-7.8877271543e-02 4.5141924791e-02 -2.9470782343e-01
-1.6511485689e-01 -6.2582895034e-02 -4.3916320828e-01
-6.1888955478e-02 5.6469785887e-02 -2.7861609812e-01
1.6437396324e-01 5.1802964915e-01 -3.4446028985e-01
2.2213561904e-01 3.1460274851e-01 -8.0298789035e-02
7.1192936978e-01 5.9479956615e-01 2.7889393131e-01
6.8170795874e-01 6.4874653067e-01 3.8995999781e-01
3.6008226611e-01 3.6502629942e-01 1.5775664898e-01
2.8108907583e-01 3.3181676402e-01 5.1178350332e-02
6.0321366558e-02 1.6553269525e-01 -1.4614294011e-01
-1.2110149678e-01 8.7440914322e-02 -8.3804248818e-01
4.3523958125e-01 2.4451555491e-01 -1.4832043804e+00
1.1018473110e+00 -2.0527328182e-01 -2.1011757576e+00
2.4937087456e-01 -2.1549014633e-01 -5.1505217095e-01
-6.4734334275e-02 -4.9625277346e-02 1.8955122868e-02
-1.0872036683e-01 1.2676767463e-03 -2.5237994811e-01
-1.3630839784e-01 -1.3770275651e-01 -3.9696971628e-01
-4.2119630399e-02 -7.5256241483e-02 -3.7553055162e-01
1.6466254311e-02 1.2785231863e-01 -3.8484153555e-01
2.7634023298e-02 8.0315966087e-02 -1.6071457682e-01
2.1232662860e-01 1.5317529771e-01 -6.0202860288e-02
8.7718576360e-02 1.2629203112e-01 -8.0208649207e-02
2.3233421350e-01 2.6590912742e-01 -6.3250549601e-02
2.0650245075e-01 2.8940358786e-01 -1.9076403191e-02
-5.3009999015e-02 1.7503599696e-02 -1.4648799842e-01
1.8315551525e-01 7.4027994067e-02 -8.4499760317e-01
6.3992049455e-01 -2.6374472214e-01 -6.5010943710e-01
3.4464589309e-01 -1.1464078651e+00 -2.7567267827e-01
-5.6500226014e-02 -3.6265006842e-01 -1.2167425314e-01
-7.6305805471e-02 -4.4551697073e-02 2.8720527309e-02
-7.7500705689e-02 -9.1563216830e-02 6.3713302828e-03
-1.4553633852e-01 -2.8025520689e-01 1.4221109310e-01
-5.1883225124e-01 -3.2376685582e-01 -6.3410318925e-01
-5.7652430052e-01 -2.5270474973e-01 -5.2615712215e-01
-3.4028707233e-01 -1.0850665545e-01 -2.8807368123e-01
-2.2755881139e-01 -7.5984122172e-02 -2.3483821603e-01
-5.9966746597e-02 -4.5516328493e-02 -1.6637761911e-01
5.7118371837e-02 6.8991071624e-02 -1.0668323407e-01
-1.2670756355e-03 1.3727899716e-02 -7.6041973018e-02
-4.7310475957e-02 -3.3199279566e-02 -3.1387646657e-02
2.9657931913e-01 6.6601048301e-02 -1.4022855236e-01
8.6525597187e-01 -5.6303929111e-01 5.1149815813e-01
4.3900090063e-01 -1.0890603395e+00 1.4163514272e+00
-1.5937000065e-01 -1.5773994009e-01 5.4017614682e-01
-7.0815056785e-02 -1.0589602591e-02 1.7893886036e-02
-4.6446059339e-02 -8.2618475151e-02 -1.6310296646e-02
-2.9981589602e-01 -2.6617002436e-01 9.1433241737e-03
-7.6595373577e-01 -6.6392097770e-01 -1.5630496470e-01
-4.0443112345e-01 -3.0517925068e-01 -3.8734547642e-01
-1.2832930439e-01 -6.6076954412e-03 -3.7526523683e-01
-1.3149868677e-01 -3.1145521039e-02 -2.0277126774e-01
-8.5851479170e-02 -2.9339727087e-02 -1.5954027145e-01
-6.4055730941e-02 -2.9422489920e-02 -1.0245729341e-01
-6.5122768836e-02 -4.2630585469e-02 -8.9985854506e-02
-7.9506137017e-02 -3.7086864542e-02 -5.1675461444e-02
-5.3939803337e-02 3.0732852385e-02 4.6556974248e-02
1.6148018366e-01 -4.6963302826e-01 5.7618879055e-01
1.9524255323e-01 -6.1563366914e-01 8.7813583421e-01
6.7735947822e-03 2.5783530889e-02 2.3388012478e-01
-3.1148827507e-02 -1.4543348768e-02 -1.4151839586e-02
-1.5382692135e-02 -6.5898631575e-02 -8.3737728140e-02
-2.4553409806e-01 -2.0392673951e-01 -5.5904652078e-02
-8.7476236468e-01 -6.7737247246e-01 3.2214111451e-01
-4.9397780182e-01 -4.7511342094e-01 -1.4137304793e-01
-3.1187301046e-01 -2.2731506562e-01 -2.5929840990e-01
-1.4096624362e-01 -5.1681301091e-02 -2.4902138344e-01
-5.4601975984e-02 -6.1282127891e-03 -2.0599396319e-01
-6.2464903722e-02 -1.3747067634e-03 -1.4550602610e-01
-5.8365643281e-02 -3.7716742702e-03 -1.2429191227e-01
-5.2906962103e-02 -1.1263529857e-02 -1.0275204121e-01
-3.3974669250e-02 2.7781722924e-02 -1.5965162008e-02
1.5507438668e-01 -3.8060624116e-01 6.1003916525e-01
3.3840071797e-01 -6.1730449178e-01 1.2089404774e+00
1.3732246665e-01 -3.6129131204e-02 3.6537076992e-01
-3.1183669055e-02 -2.0107953652e-02 -1.6227244856e-02
-4.2758177661e-02 -4.7092611781e-02 -6.8341720645e-02
-8.0798203711e-02 -8.3880372545e-02 -1.4862766741e-01
-3.2227446157e-01 -1.9691217538e-01 -3.0517195492e-02
-5.2149860968e-01 -3.5333287974e-01 -2.1350666146e-02
-6.0778699655e-01 -5.0275215104e-01 7.4942837170e-02
-2.8907392441e-01 -1.9561027228e-01 -1.4657541608e-01
-5.8141023414e-02 -3.7449280666e-02 -1.7656033247e-01
-3.1182864163e-02 2.9981766912e-02 -8.0151792719e-02
-4.9864256089e-02 4.7180809183e-02 -8.4171635975e-02
-6.0505474966e-02 1.6234295952e-02 -5.3479492161e-02
-5.1072445182e-02 4.0560613890e-03 -7.6322279419e-02
5.6401146625e-03 -5.1232178490e-01 3.4849738850e-01
9.9611823235e-02 -8.1761909140e-01 4.7893139134e-01
1.5450491256e-01 -1.7972471622e-01 -6.9864585726e-02
-2.3282234102e-02 -1.6666654054e-02 -5.1681643019e-02
-3.7790278438e-02 -4.1285656349e-02 -7.4072062167e-02
-1.7174078434e-02 -6.1989514410e-02 -1.4805762295e-01
-4.3366595879e-02 -4.5097851650e-02 -1.2054608702e-01
-1.4841791941e-01 -7.4642996372e-02 -9.4346279649e-02
-3.4262947091e-01 -2.3893986790e-01 6.5706918715e-02
-5.2422816122e-01 -3.3146486432e-01 3.0569568983e-01
-3.2163701316e-01 -3.9610812641e-01 3.0304560213e-01
-8.4880084294e-02 -1.6035103314e-01 9.1031643217e-02
6.5897711545e-03 -5.9675501048e-02 5.0275738774e-02
4.9377556182e-02 -4.3459920669e-02 5.1222493142e-02
2.5135508667e-01 -5.4428746586e-02 8.3284632867e-02
1.1857177805e-01 -3.0378606690e-01 -1.0402518878e-02
-4.7952224146e-01 -5.3991289687e-01 -1.2386516269e+00
-5.0541545740e-02 -1.3829387698e-01 -6.3218721967e-01
-1.7758556410e-02 -4.2731264524e-02 -4.6339929312e-02
-3.1990582024e-02 -4.5051614209e-02 -4.6123983430e-02
-8.5388407658e-03 -5.2952209907e-02 -7.6838966713e-02
-1.1984397573e-02 -4.0388561242e-02 -4.4544116336e-02
-6.7919695273e-03 -8.4285862475e-03 -6.3806552823e-02
-7.2987013199e-02 -2.0957671795e-02 -9.2505689253e-03
-2.9187884491e-01 -2.0174748600e-01 3.3979383666e-01
-5.8945304395e-01 -5.1732693999e-01 7.1324865018e-01
-7.4850791018e-01 -5.3330925926e-01 5.4040717314e-01
-3.2363427396e-01 -3.9663193948e-01 3.6864238497e-01
1.8486442011e-02 -2.2349944649e-01 1.8187415541e-01
-5.3212467777e-02 -2.5206545438e-01 -1.4334822517e-02
-3.4847506334e-01 -4.2616170359e-01 -2.1948396178e-01
-4.5786154582e-01 -3.4359713449e-01 -7.6124424245e-01
-8.3976017543e-02 -7.8345353655e-02 -2.2030160803e-01
-1.6711120612e-02 -4.2145509401e-02 -8.1691648599e-03
-2.3866785301e-02 -8.6979169987e-02 -9.2466329360e-02
1.0976424218e-03 -1.1605905603e-01 -1.6244617777e-01
-1.4808317069e-02 -1.1056842130e-01 -9.7555749211e-02
-3.3385840650e-02 -8.8039375495e-02 -1.3651829041e-01
-5.4627694025e-03 -5.1449907951e-02 -6.7737503951e-02
-5.1612240110e-02 -7.7570646782e-02 -7.7569636818e-02
-3.4788694318e-01 -1.7438548728e-01 1.8575207872e-01
-9.2084060174e-01 -4.8184889319e-01 5.6304582922e-01
-1.2307752411e+00 -8.1334902770e-01 6.2646471001e-01
-1.2168101070e+00 -8.9944846767e-01 1.5878341063e-01
-1.0047652003e+00 -6.9662205426e-01 -2.4126120299e-01
-6.9428959709e-01 -4.4705259875e-01 -2.6169947636e-01
-2.2347258864e-01 -1.2706686507e-01 -4.9054923275e-02
3.7970337554e-03 -4.5879469771e-02 6.0839801035e-02
4.8849051107e-03 -6.4169168608e-02 4.3916765788e-02
-4.9902141613e-02 4.0158028498e-02 1.0723622534e-02
-9.3035451521e-02 3.3503674416e-02 -9.2447846319e-03
-1.8107939846e-01 4.2378436726e-02 -2.8628762506e-02
-2.2636855825e-01 9.3533093217e-02 -1.0750926707e-01
-2.1286527821e-01 8.8026761698e-02 -1.3226173887e-01
-1.5996798438e-01 1.2024442730e-01 -1.1779256729e-01
-1.4312216494e-01 8.7361972809e-02 -7.0387219494e-02
-1.0051957711e-01 8.9791031322e-02 -5.0168812991e-02
-1.9247910027e-02 7.7686297620e-03 9.2647514973e-03
1.0763568798e-01 -1.3799177978e-01 3.9413573259e-02
1.7975129699e-01 -2.6072734151e-01 -9.2948133822e-02
-9.6739349749e-02 -7.4842224356e-02 -4.3515835950e-03
-2.7429819588e-01 -1.0016922947e-03 1.3339002557e-01
-2.4548264270e-01 -7.8688386470e-02 1.0288232139e-01
-1.8342039168e-01 -8.5168182516e-02 7.1553507495e-02
-4.5688161344e-02 4.5375384674e-02 2.4894714201e-02
-9.5286694516e-02 4.6031377112e-02 -1.3299094550e-02
-1.6582687305e-01 2.6633540308e-02 -4.1741084248e-03
-1.9339771388e-01 6.3167585610e-02 -8.0038137751e-02
-1.2664261112e-01 1.0382610857e-02 -3.4707051838e-02
-6.7702497983e-02 6.0269934274e-03 -4.1416496090e-02
-4.3194087888e-02 -5.9518776363e-02 1.6562248027e-02
1.0760283757e-01 -1.1385561389e-01 2.3927186730e-02
2.2512496031e-01 -3.1053203860e-01 1.2610082553e-01
5.3381074283e-01 -7.3040756995e-01 7.7530391003e-02
9.4661606543e-01 -1.2508832781e+00 -5.2673726681e-01
4.5689241117e-01 -7.0198808974e-01 -5.9091303311e-01
-1.1547400637e-01 -7.5303200865e-02 2.2005930679e-02
-1.7087384516e-01 -7.7429661494e-02 1.0874923833e-01
-1.0993302160e-01 -6.6816965914e-02 7.6239099593e-02
-8.5086629247e-02 6.6697949917e-02 3.0489475174e-03
-1.4984786861e-01 5.6704382487e-02 -5.0219434734e-02
-2.5929351929e-01 6.0270399763e-02 -6.0644477054e-02
-1.6524707901e-01 6.3966801954e-02 -6.8364112679e-02
-7.4006413308e-02 2.5722972571e-03 -3.5323594021e-02
-5.3815973177e-02 5.6704137151e-02 -7.0886838189e-02
-9.8294531301e-02 7.8690191307e-02 -3.2988956905e-02
-4.3528734487e-02 5.2430964297e-02 -4.4708709960e-03
3.8842028914e-02 -1.2611247532e-01 2.8933040322e-02
1.3513836224e-01 -4.8563751056e-01 -2.8937775655e-02
4.5943476509e-01 -1.0481170006e+00 -5.1227337705e-01
5.5912408297e-01 -8.6867467856e-01 -7.5472591068e-01
2.8020394260e-01 -2.2543793461e-01 -2.7088736962e-01
-6.6493172659e-02 -6.2473524274e-02 -2.3998952189e-02
-1.3162858022e-01 -3.3114823939e-02 2.8188061216e-02
-1.0419139920e-01 9.3013914867e-02 -2.3885002763e-02
-1.7464444315e-01 1.1828818064e-01 -1.1885744756e-01
-2.1782107629e-01 7.1699577630e-02 -7.1946146977e-02
-9.7860387079e-02 9.1663179408e-02 -8.9472696830e-02
-9.5444324419e-02 1.1320035006e-01 -1.0609696729e-01
-1.8564627346e-01 2.4923842034e-01 -2.0992000759e-01
-1.9608958704e-01 3.9035192747e-01 -1.5536676212e-01
-1.1849177549e-01 4.9035223031e-01 -4.2946155553e-02
8.7069138189e-03 2.9228369489e-01 -3.7901757407e-02
-8.2574121316e-03 -7.3327676978e-02 -3.2572840216e-02
-7.1851347115e-03 -2.0134313975e-01 2.9364545982e-02
6.8008530894e-01 -4.7883121025e-01 -3.7707271653e-01
1.5027495126e+00 -6.3755257813e-01 -8.8689860773e-01
5.3928319137e-01 -2.8324505177e-01 -5.0613844252e-01
-6.7969480976e-02 -6.5587821157e-02 -6.8229186168e-02
-8.0453847064e-02 6.9484054177e-02 -1.4716458968e-02
-1.2051319284e-01 1.3273152149e-01 -1.3168434354e-01
-1.8385218107e-01 1.3303232712e-01 -1.2450378142e-01
-1.7265235746e-01 1.8668160529e-01 -1.6935924771e-01
-2.8069179093e-01 3.8403605768e-01 -2.3615718255e-01
-2.9221906060e-01 7.0894571825e-01 -2.7701578708e-01
-5.6781691203e-02 9.2143942881e-01 -3.9081952696e-02
1.8426844290e-01 1.1917230852e+00 2.5640557784e-01
1.6172537436e-01 8.8176858201e-01 1.7556250010e-01
9.0051112982e-02 3.7157332069e-01 8.3193486093e-02
8.0969301085e-02 1.7870603474e-02 1.1529261986e-01
4.9837579048e-01 -4.5114137447e-01 -1.9114485489e-01
9.9280457248e-01 -1.0212251956e-01 -6.9002335987e-01
3.9112253323e-01 -5.9160940945e-02 -6.4517511317e-01
-5.9206123718e-02 -8.1323326496e-02 -1.2007923308e-01
-3.9083592582e-02 2.9685548474e-02 1.6672741251e-03
-1.0874880502e-01 1.1424732953e-01 -1.7308447495e-01
-2.1648639007e-01 1.0459994605e-01 -1.6418179449e-01
-1.8778547067e-01 3.1117113523e-01 -2.1569974802e-01
-1.8458348628e-01 8.9917699397e-01 -3.3718396329e-01
3.8827062756e-02 1.1423069148e+00 -7.9891268802e-02
4.9587779790e-01 1.3419301256e+00 3.9281495740e-01
5.1149231400e-01 1.3304565409e+00 4.6636068172e-01
1.9082202574e-01 6.0911135867e-01 1.2143154395e-01
1.9279494400e-02 2.4322311720e-01 -2.0566443646e-03
-7.0733965864e-02 -3.4714400010e-01 -1.2911637922e-01
-2.0196950152e-03 -7.6773428542e-01 -2.6047699693e-01
-5.2791434775e-02 3.4007680253e-01 -4.6789367581e-01
-1.3969949356e-01 3.7902228629e-01 -3.9394766301e-01
-8.3634385919e-02 -4.0047776096e-02 -5.9704504865e-02
-6.3531471419e-02 9.7099256059e-03 -5.4208610437e-02
-7.9031734600e-02 3.4047729573e-03 -1.1586510217e-01
-7.7808117174e-02 1.7744410508e-02 3.0123660422e-03
6.3843850420e-02 6.6518299726e-01 -1.5851534059e-01
2.4911936379e-01 9.9700852910e-01 3.6935706350e-03
4.6442672198e-01 9.9066724910e-01 2.5847119933e-01
5.6996240188e-01 1.0953459358e+00 4.0507359398e-01
3.6053584792e-01 8.0473764324e-01 1.9954257604e-01
1.7330147940e-01 3.0812144241e-01 -1.2660725618e-02
1.4001437075e-01 3.0812566289e-01 -8.6111208977e-02
-6.4282379685e-02 8.2002028584e-02 -6.3034664062e-01
-2.4288850975e-02 -4.8102006586e-01 -1.1074138839e+00
-3.8339712120e-02 -1.2148942486e-01 -1.3371944728e+00
-1.0294255889e-01 2.2385913203e-01 -2.9795066732e-01
-5.1890708591e-02 -4.0799558763e-02 2.1306995478e-02
-9.0658361511e-02 1.4771398939e-02 -1.5729936018e-01
-2.9945920365e-02 -5.1219656061e-02 -1.6121301425e-01
1.3318095566e-01 3.0617492573e-02 7.7107850269e-02
1.9293387563e-01 2.9778574983e-01 6.1993656263e-02
2.2827238102e-01 3.3067143928e-01 1.8814358178e-01
3.7470454313e-01 6.1128346799e-01 1.1938893074e-01
2.9904606104e-01 5.9203985524e-01 1.1319557844e-01
2.3944793248e-01 4.5019751312e-01 -8.7231699575e-03
3.8405008189e-01 4.7095488993e-01 4.2487020821e-02
3.2719578870e-01 4.0966538639e-01 -1.3518316762e-01
2.3373384284e-01 3.1308754990e-01 -7.8999951349e-01
-3.4473805335e-01 -7.0539801069e-01 -7.2318856171e-01
-2.7010138801e-01 -1.1516470149e+00 -1.7093635465e+00
-1.2493911205e-02 -1.0613727511e-01 -3.8389336963e-01
-6.1813973156e-02 -4.4147743520e-02 5.4114650427e-02
-9.2842749314e-02 -3.0877717170e-02 -1.4440186368e-01
4.3534952055e-02 -1.8292351215e-01 -1.0666537299e-01
2.8068477903e-01 -5.7013330360e-01 3.7683633635e-01
-2.3555422558e-02 -2.6008815490e-01 2.2923471244e-03
-1.2396933380e-01 4.2156308323e-02 -2.5313710556e-01
7.1265158293e-02 1.7143207519e-01 -1.8618439786e-01
-2.8856535298e-02 1.5986682313e-01 -1.1201074115e-01
8.7222902168e-02 2.1845009580e-01 -7.6687165216e-02
1.9232008587e-01 2.6260158329e-01 -1.6554194559e-02
1.1647051390e-01 1.5090710981e-01 -7.2726011332e-02
2.5037454005e-01 1.0864176522e-01 -3.1541044112e-01
2.0308635339e-01 -4.7316624339e-01 -3.3908284666e-01
5.4525746969e-01 -1.0026823498e+00 -1.3154619566e+00
1.9252124909e-01 -2.1774253743e-01 -5.2953072082e-01
-4.3293599989e-02 -4.4284232741e-02 5.3446866959e-02
-3.8458272583e-02 -6.7664704208e-02 -4.7746789304e-02
-6.0908599597e-02 -3.5509992219e-01 9.7910534617e-02
-2.0729670167e-01 -9.3236333226e-01 3.7559421157e-01
-2.1382707579e-01 -2.2197531713e-01 -2.1795059346e-01
-7.1109018899e-02 4.8355324700e-02 -5.3016797826e-01
-7.7370441446e-02 4.2136406257e-02 -3.2275930159e-01
-5.4105998871e-02 2.6354985357e-02 -1.4529320929e-01
-2.0333977640e-02 3.7986603419e-02 -9.6176000472e-02
-7.6492997365e-04 2.2313333997e-03 -5.3821058898e-02
-3.4663695325e-02 -1.9156373503e-02 -1.3535430860e-02
1.4578572622e-01 7.1800802021e-02 1.5761848551e-02
6.2846983907e-01 -1.7206351061e-01 1.7338398273e-02
8.1061352796e-01 -4.6881384876e-01 -8.3956325172e-02
1.6597740047e-01 -7.6263730618e-02 -1.5194658139e-01
-3.7763791054e-02 -3.0755047300e-02 3.6170571026e-02
2.9359561474e-03 -6.0774211188e-02 -2.9311829441e-02
-9.3981978652e-02 -2.4113213114e-01 -1.9577882341e-02
-4.6035249164e-01 -7.0103616788e-01 1.5860593155e-01
-3.0669744775e-01 -2.0835211534e-01 -2.9410863419e-01
-2.0393865672e-01 -8.2227494086e-02 -3.1163622626e-01
-6.2098254450e-02 1.3738940119e-02 -2.5899019425e-01
-1.9231027264e-02 4.9258301484e-02 -2.0708771444e-01
-1.8682746455e-02 7.2274364867e-03 -8.1552116829e-02
-1.0928638427e-02 -1.0367859340e-02 -5.6885400426e-02
-4.3546548207e-02 -1.4990195071e-02 -4.3185388073e-02
-1.9822042069e-02 3.6512400692e-02 3.5014611469e-02
1.4983960665e-01 -2.1308583023e-01 4.5201971803e-01
3.7170429379e-01 -2.5755003874e-01 7.0980295892e-01
2.1765610982e-01 1.1648358509e-01 1.0619044239e-01
1.1117796631e-02 -2.5602983916e-02 1.0837764390e-02
6.1426210963e-03 -6.1532991977e-02 -3.8972804265e-02
-2.9269266604e-02 -1.3376681730e-01 -5.2958506194e-02
-3.1539615394e-01 -4.4008378415e-01 5.9316414258e-02
-3.7252313665e-01 -4.7180977873e-01 -1.2801030060e-01
-3.5539353272e-01 -3.4192241322e-01 4.3713944105e-02
-1.1106784536e-01 -9.0656074331e-02 -1.8921679691e-01
-8.5904735563e-02 -5.8388826192e-02 -2.8749169764e-01
-2.2816725151e-02 2.5172568524e-02 -1.0050722290e-01
-5.9064892286e-04 2.1495796472e-02 -6.2663024086e-02
-3.1723275611e-02 -7.8273721743e-03 -8.3180134533e-02
2.4495540572e-03 2.2550336447e-02 -5.8056866092e-02
2.0248736140e-01 -2.3240079825e-01 1.2905282685e-01
3.2662553230e-01 -3.0723344359e-01 -7.9941267119e-02
2.4064402175e-01 1.0161971317e-01 -2.3730543981e-01
-3.4050322663e-03 -1.3499135211e-02 -2.3789251035e-02
-1.8793175826e-02 -5.7351186447e-02 -5.4967448187e-02
-3.3582618551e-03 -7.6260217639e-02 -1.1424260483e-01
-9.3287295102e-02 -1.1726231814e-01 -1.2840562082e-01
-2.5125156597e-01 -2.1899079155e-01 -2.0753644495e-01
-3.9287803086e-01 -3.7310530421e-01 -9.8603677143e-03
-2.3302044097e-01 -3.6164681963e-01 4.8519154463e-02
-1.7219197444e-01 -3.4001733762e-01 4.1696731763e-02
-1.6233828505e-02 -1.0832687651e-01 7.2959626179e-02
3.2862766354e-02 -5.8395496873e-03 3.4405132014e-02
1.5403754932e-02 1.8411078116e-02 3.3093362538e-05
1.2243518637e-01 4.4767028253e-02 -2.5836146648e-02
2.2593647789e-01 -2.0042320783e-01 1.5439246089e-02
-5.6242211444e-02 -5.4509847573e-01 -1.1418507533e+00
2.9976723376e-02 -1.0741320839e-01 -8.2456657302e-01
-2.1178859175e-02 -1.9183667872e-02 -6.8752617398e-02
-1.9243793648e-02 -5.8100419338e-02 -6.0304816977e-02
6.4007153263e-03 -6.8608047251e-02 -1.1419231663e-01
-1.3382334986e-02 -5.5928510691e-02 -1.0507340720e-01
-3.1418711094e-02 -2.4859219704e-02 -1.4506005954e-01
-1.1869505003e-01 -1.3753653879e-01 4.6041386513e-03
-3.0287473623e-01 -3.4359144412e-01 1.9932579248e-01
-5.1921074671e-01 -6.4455971746e-01 4.1050555548e-01
-3.7872368373e-01 -5.6755595550e-01 3.9565477346e-01
-1.6264606273e-01 -4.2003937819e-01 3.2304937362e-01
8.5378107196e-02 -1.2877685842e-01 1.5969507320e-01
1.4509865919e-01 -1.7983088916e-01 -3.9521693619e-02
-3.8472056904e-02 -4.8246116765e-01 -7.5181092059e-02
-3.2828172937e-01 -5.6860740089e-01 -1.1429976504e+00
-1.3009623567e-01 -1.6330284111e-01 -5.9620685948e-01
-7.5180907996e-03 -5.0062416079e-02 -2.9087731484e-02
-8.0464270200e-03 -5.8271513977e-02 -5.3294939491e-02
7.9500607977e-03 -6.0467802044e-02 -8.5673217625e-02
1.7615215365e-06 -4.9052917043e-02 -5.0562318979e-02
1.3851676073e-02 -1.1032965086e-02 -9.2009713704e-02
7.0897774712e-03 1.6941913176e-03 -4.7696484943e-02
-1.4959370538e-01 -1.3018175938e-01 1.5844401106e-02
-4.5698533152e-01 -5.0103226772e-01 4.1495747398e-01
-7.2296867452e-01 -8.0322208876e-01 6.4459965104e-01
-7.5524132561e-01 -9.3542509588e-01 5.6584910723e-01
-5.8512613318e-01 -7.2457558488e-01 3.4349750501e-01
-4.2726877796e-01 -6.7214364794e-01 -8.7531863694e-02
-5.7510416376e-01 -8.0725600442e-01 -2.3585144672e-01
-2.8492432698e-01 -3.9098252533e-01 -3.7783189216e-01
-3.1156579044e-02 -9.7089064297e-02 -7.0441586805e-02
1.4243606279e-03 -4.9094515592e-02 3.0943964097e-03
-2.4069640424e-03 -9.2936264105e-02 -8.1987320122e-02
2.4124842328e-02 -1.0309971394e-01 -1.3816877177e-01
2.7669424243e-03 -9.9808230500e-02 -7.3786281430e-02
8.5663565761e-03 -7.2667537973e-02 -1.1156008103e-01
1.7948249810e-02 -5.6858281417e-02 -8.4524103709e-02
2.5141435364e-03 -6.0435685386e-02 -1.6554051437e-01
-1.0731549297e-01 -1.2827415985e-01 -2.2663638715e-02
-3.9833846180e-01 -3.5369397155e-01 1.8408732425e-01
-6.4602325023e-01 -6.8697338579e-01 3.0189285447e-01
-6.8855953301e-01 -8.1868347619e-01 1.5019209021e-01
-5.0141697126e-01 -6.2190407603e-01 -5.5157970273e-02
-2.7093431404e-01 -3.2951542341e-01 -2.8625042747e-03
-1.4658868515e-02 -8.6070644691e-02 1.0431601479e-01
5.4590405263e-02 -4.3062900480e-02 8.9260202132e-02
3.5171035261e-02 -6.6811456531e-02 4.1371682120e-02
-7.3675254663e-03 1.7686768365e-02 7.6889610920e-02
-3.5677156587e-02 7.2220106555e-03 6.9906273970e-02
-8.3785987740e-02 1.1520252249e-02 7.9059346833e-02
-1.6923280858e-01 1.7560449730e-02 4.4374702089e-03
-1.5610432275e-01 2.3230824183e-02 7.1322402620e-04
-1.7696070909e-01 6.2775656972e-02 -2.3492533157e-02
-1.5153879882e-01 5.4836968500e-02 1.6423425799e-02
-1.6885537697e-01 1.0561475329e-01 1.9948295819e-02
-1.6617924335e-01 9.2946007324e-02 4.3015954704e-02
-1.7413173983e-01 8.0699863046e-02 9.7670904257e-02
-1.6733321743e-01 3.8171831693e-02 1.1064621282e-01
-1.9354437160e-01 6.1438442848e-02 1.7140717800e-01
-2.4594803673e-01 2.4296412544e-02 2.0575077966e-01
-2.1066844059e-01 -4.1017492675e-02 1.5045630107e-01
-1.7908287757e-01 -3.3375278696e-02 1.0073441902e-01
-2.1042785366e-02 2.7857507532e-02 9.2090804884e-02
-3.3001928630e-02 3.6700054894e-03 8.0345714404e-02
-8.0663884580e-02 -6.3066894757e-03 9.7939524046e-02
-1.7335394482e-01 2.6359744138e-02 2.2942596338e-02
-1.6864771035e-01 1.0561099177e-02 2.0915375133e-02
-1.3939536013e-01 2.0008790388e-02 2.3850823210e-02
-1.5206638923e-01 1.4937291358e-03 5.6533165844e-02
-1.4446564236e-01 3.0929230719e-02 3.4947041049e-02
-7.8603135774e-02 -6.0951923075e-02 9.8713144751e-02
-2.1104351365e-02 -2.0507840958e-01 1.2720717514e-01
3.9157049981e-02 -3.1388289429e-01 3.2420826526e-02
-9.5317548424e-02 -1.0166901201e-01 8.4863261468e-02
-1.8672179042e-01 2.9993695423e-02 1.8710617681e-01
-1.5325104072e-01 -3.1832473438e-02 1.6552161648e-01
-1.1673591099e-01 -1.7438653882e-02 1.0109007206e-01
-4.2817778175e-02 4.5600552976e-02 7.3493289696e-02
-8.9008527420e-02 2.1417208042e-02 5.2001263651e-02
-1.7664032527e-01 3.0594107552e-02 7.0673382081e-02
-1.8739346817e-01 4.6373989850e-02 2.7734410969e-02
-1.7976551911e-01 6.0296664699e-02 1.4485762649e-02
-1.7513659621e-01 7.7776828549e-02 -1.4566925033e-02
-1.1990282426e-01 3.4048768033e-02 2.7345467735e-02
-7.9896852149e-02 -1.0991123434e-02 4.3291787583e-02
8.1000379481e-02 -1.7266819009e-01 7.7445351586e-02
2.2659697442e-01 -5.0988093600e-01 3.5922428743e-02
3.5012351342e-01 -7.0724602121e-01 -1.4457358020e-01
4.0452343583e-01 -1.7619808594e-01 -1.5208447771e-01
9.7280684640e-02 7.1467900576e-02 -1.5005612571e-02
-1.2898737619e-01 2.9033187147e-02 4.5743209950e-02
-1.4926141089e-01 1.5478216172e-02 4.0121357715e-02
-7.6609688864e-02 7.2371813556e-02 5.1235705153e-02
-1.3204924283e-01 4.9932167580e-02 1.6364104760e-02
-1.8617200228e-01 4.9007715428e-02 3.6468918030e-02
-1.9033050973e-01 1.3229936976e-01 -4.8428817451e-02
-1.4355461128e-01 7.2252363736e-02 -5.1800165318e-02
-5.9008377826e-02 3.0877840703e-02 -6.8831132637e-02
1.1503392809e-02 1.9224023229e-01 6.9668829150e-03
1.7546524950e-01 4.3777118773e-01 1.2396673378e-01
4.3756332379e-01 2.6445938352e-01 2.1642683769e-01
5.1059147889e-01 -2.5649654527e-01 2.0799352226e-01
7.9490751169e-01 -3.8801083852e-01 7.5087574460e-02
1.4120822463e+00 -5.7818839972e-02 -5.2456622317e-01
1.2483408887e+00 6.8387831546e-02 -1.0936020059e+00
1.7475911747e-01 -2.9595769782e-02 -3.2409160012e-01
-8.9518038354e-02 -6.5369472502e-03 -2.9423829723e-02
-5.8387595042e-02 5.0574249157e-02 4.1837818725e-02
-7.2983024287e-02 3.6398119806e-02 2.0450564556e-02
-1.3702507220e-01 2.2819532735e-02 5.8517287981e-02
-1.0014846002e-01 3.0681556168e-02 3.7251739321e-02
-2.2372715070e-02 2.3269989350e-02 4.4336545857e-02
1.6221503115e-01 3.1534100581e-01 7.5301383108e-02
5.7630927843e-01 5.7816463585e-01 3.7545877675e-01
8.9254919527e-01 6.7146853565e-01 4.9225626989e-01
8.2144073217e-01 3.7329655548e-01 2.7809085532e-01
7.0680739822e-01 -6.5163882542e-02 1.9948025510e-01
6.1217048359e-01 -1.8960344878e-01 -1.4098464118e-01
5.6666476843e-01 -7.1109805577e-01 -7.3751816679e-01
1.1268722322e+00 -5.9997661748e-01 -1.4542406227e+00
5.3153043676e-01 -2.4676777715e-02 -1.0499508587e+00
-4.5600149130e-02 -4.6005889199e-03 -1.4591447732e-01
-3.3933820396e-02 1.9305855017e-02 6.0888028276e-02
-5.6504475165e-02 -6.5938670888e-03 3.0302943017e-02
-4.7199684770e-02 -1.0221972543e-01 1.2485415658e-01
5.3934453185e-02 -3.8689040491e-03 1.0917889877e-01
2.6908648314e-01 5.1942367026e-01 1.9505822022e-01
7.9054674255e-01 7.1100785715e-01 5.6809967803e-01
9.2653407168e-01 5.7458448241e-01 6.0138460468e-01
4.8021046396e-01 3.3223746200e-01 2.2650953134e-01
1.3063570753e-01 1.4289007351e-01 1.5944400526e-04
-1.6730878842e-02 -5.4388672815e-02 2.0283685987e-02
-1.3009842348e-01 -3.8967502823e-01 -6.0241845191e-01
-8.7433486840e-02 -1.3168933571e+00 -4.4998874799e-01
2.8744128243e-01 -4.8943473752e-01 -7.5184848497e-01
3.7852337492e-01 6.4907121021e-01 -1.6089915958e+00
-1.9156219330e-02 7.7086599523e-02 -2.9898598709e-01
-5.2713862389e-02 -1.4886342750e-03 5.1366120643e-02
-3.7492871243e-02 -4.0434626530e-02 2.9001781137e-02
-1.5798027192e-02 -9.2161455623e-02 1.7981418811e-01
2.7509724601e-01 2.9095052510e-01 2.5221532527e-01
7.8763297665e-01 4.8204468170e-01 7.6091488680e-01
7.5641517159e-01 5.1730910573e-01 6.5387574525e-01
2.2910366377e-01 4.3125388722e-01 1.3802267857e-01
1.7916963862e-02 2.8199886223e-01 -7.7320570072e-02
3.4581436957e-02 2.2068747676e-01 -2.1449780129e-02
-1.0010725253e-02 1.7604924577e-01 2.6391016819e-03
-3.4288175200e-01 -9.0980521389e-02 -6.2679920959e-01
-4.9687966119e-01 -1.6256958522e+00 3.3874686312e-01
-4.4138604729e-01 -1.7760079326e-01 -3.7700244416e-01
-3.0128778869e-01 1.2349805740e+00 -1.2030759735e+00
-7.2412970020e-02 1.8769388904e-01 -2.6733421419e-01
-8.1502208947e-02 4.0416062876e-03 -3.5425773225e-02
-7.5961506200e-02 -6.3530014486e-02 -4.9670942593e-02
-8.8757521635e-02 -9.3076923485e-02 1.4063378614e-01
2.4657632148e-01 -9.6513365477e-02 5.5173718822e-01
4.5408805187e-01 -6.3689664546e-02 6.0903831162e-01
1.7257245735e-01 1.3223985820e-01 1.4599498324e-02
8.8158534041e-03 1.8675562250e-01 -5.6521923184e-02
7.3385903890e-03 2.5518294614e-01 -5.0490211035e-02
9.5812838682e-02 2.4899087343e-01 -2.5714643219e-03
5.9334263555e-02 2.0949049067e-01 4.1280248479e-03
-1.0624563147e-01 1.5880750964e-01 -3.0102185783e-01
-6.7055754362e-01 -9.7597049506e-01 1.8898798639e-01
-4.5705397056e-01 -6.0378196108e-01 -2.0984279633e-01
-2.8694737950e-01 4.1573973939e-01 -2.4156077982e-01
-1.0073611260e-01 1.6258443025e-01 -9.1508159539e-02
-7.5376610268e-02 -3.2403202121e-02 -4.5400125324e-02
-8.0682032708e-02 -1.4150843669e-01 -4.4958921734e-02
7.0005065975e-03 -4.8876428543e-01 3.7003625044e-01
1.9805838136e-02 -3.0088498661e-01 2.3685452912e-01
-9.3822179912e-03 -1.4769497682e-02 -2.4146557380e-01
1.0563956829e-01 6.8031349626e-02 -4.6583109257e-01
6.9579178178e-02 1.9757017992e-01 -2.0604119000e-01
-4.9760655563e-02 1.3612093783e-01 -8.9029047285e-02
-3.1348505000e-02 1.0508531952e-01 -4.1620164979e-02
-2.8850173843e-02 6.7255810639e-02 2.1487360700e-02
6.6428926801e-02 1.8169038201e-01 -1.3574997807e-01
2.4165240654e-01 -2.8205861054e-01 -7.8275979194e-01
3.2170576997e-01 -8.6732689804e-01 -8.7380727642e-01
5.0896742096e-02 -1.5032457850e-01 -2.0316432333e-01
-4.4272333219e-02 1.1315314250e-01 -1.9096516604e-02
6.5137615981e-03 -3.9394089669e-02 -9.2086126680e-04
-1.5782765870e-02 -1.6779313936e-01 4.6704240248e-02
-1.7776377836e-02 -5.0324624219e-01 3.4802040776e-01
3.1828845267e-02 -1.6282324523e-01 -1.3844976434e-01
4.5622928791e-02 1.0047344778e-01 -6.5923320641e-01
4.9812109567e-02 2.1831240017e-01 -4.7377306508e-01
5.2925172275e-02 2.2884983309e-01 -2.8600179305e-01
-1.9224049810e-02 4.9791589537e-02 -1.0643600664e-01
-1.6306800530e-02 8.2701126801e-04 -1.1828720827e-02
-5.7792183781e-02 1.5876951770e-03 6.8688478090e-03
4.7109626539e-02 5.8776701916e-02 3.5481156194e-02
3.4037214198e-01 -1.9395667033e-01 -3.2666345776e-01
6.7469087473e-01 -4.9862190251e-01 -1.2182754555e+00
3.4643328446e-01 -1.0200277534e-01 -7.3783691832e-01
-7.0470570634e-03 4.8441995723e-02 -3.7589593777e-02
1.7289232807e-02 -4.4519244825e-02 2.4824230149e-02
1.2782129586e-02 -8.5751587513e-02 1.0027781899e-02
-5.3483769771e-02 -1.9093253563e-01 3.3398843674e-02
-1.0906609490e-01 -1.8530676112e-01 -2.5630432411e-01
-1.4903387997e-01 -2.0694604925e-01 -2.4736541321e-01
-7.1615410390e-02 6.4443369348e-02 -2.4446652089e-01
-1.2012317981e-01 1.1777020987e-01 -3.3608887496e-01
-4.9143087034e-02 1.5705556932e-02 -1.0722305925e-01
-1.3194055935e-02 -9.1918210854e-05 4.0202379785e-02
-5.7096764631e-02 -1.2178935168e-02 2.9551188823e-02
-4.3105986176e-02 1.4701051385e-02 3.7139027286e-02
4.1369055147e-03 -1.6280076025e-01 1.5533578134e-02
9.7710080452e-02 -4.7204165025e-01 -1.0482860026e+00
2.0734671123e-01 -1.2529248004e-01 -8.9175186352e-01
2.4514234812e-02 -3.7179833740e-03 -7.1183663648e-02
1.1993317183e-02 -4.8069865398e-02 7.8800953031e-03
2.0054441468e-02 -7.5249778249e-02 -2.0183221243e-02
5.8972810450e-04 -9.4080401635e-02 1.9439531612e-02
-8.8893920320e-02 -2.1295717791e-01 -6.0120411045e-02
-1.0208585770e-01 -2.3197347593e-01 2.7974365366e-02
2.0514230284e-02 -8.9991026955e-02 -1.8539490862e-01
-1.7078893728e-01 -2.0918256962e-01 -2.5572729905e-01
-8.2289081418e-02 -1.5668621991e-01 7.3352579428e-02
2.7885050332e-02 -1.2066775882e-01 1.5240111050e-01
-3.6769484458e-02 -1.1819899206e-01 1.0402013317e-01
5.5350799442e-02 5.6873549830e-02 7.5233396250e-02
1.3707568058e-01 -4.0902922618e-02 1.9834866730e-01
-1.3676392442e-01 -5.3262980291e-01 -1.0465252739e+00
-1.0148459498e-02 -2.1276096956e-01 -9.6938694711e-01
-2.2717926878e-02 -7.5639305819e-03 -7.5985942919e-02
-6.3260180511e-03 -4.1055899889e-02 -1.5223048688e-03
-2.2845795729e-03 -7.5688712755e-02 -3.6123556314e-02
-3.0155041955e-02 -5.8116613104e-02 -3.5357606438e-02
-6.2684073568e-02 -4.0228242810e-02 -7.1047249105e-02
-1.0500152425e-01 -1.1624097509e-01 -1.6553607471e-02
-1.7132310233e-01 -3.4492740313e-01 3.3946702146e-02
-3.2272932192e-01 -5.5586976486e-01 2.1440033498e-01
-2.1886662375e-01 -4.4679608832e-01 4.6365889599e-01
-1.5268219071e-01 -4.3710728777e-01 3.8786374708e-01
-1.4593275041e-01 -3.6239810343e-01 2.3979310886e-01
7.4867642683e-02 -1.3937935949e-01 1.1673105379e-01
-1.2106848658e-02 -3.2196436772e-01 1.1878344276e-01
-2.0075747312e-01 -6.1275184565e-01 -9.9420947064e-01
-1.1456474428e-01 -2.5472683745e-01 -7.4303913406e-01
-4.1326031625e-02 -1.5788635685e-02 -6.5096728065e-02
-4.5889962094e-03 -4.6828242246e-02 -1.6218178732e-02
1.1335509980e-02 -7.2329441288e-02 -4.9319507188e-02
-4.1280492318e-03 -5.5877421533e-02 -8.5149712521e-03
-6.2708229148e-05 -1.8326444523e-02 -5.1714424460e-02
-7.9139533541e-03 -7.3837377600e-03 2.0601820721e-02
-9.8813658560e-02 -1.7615381051e-01 5.6032568710e-03
-2.9478757755e-01 -5.3935993996e-01 2.7278882826e-01
-4.2200482967e-01 -8.5100501329e-01 5.5174950307e-01
-4.0309366539e-01 -8.9896418633e-01 5.9923779362e-01
-2.2493920924e-01 -7.5197350945e-01 3.3152847921e-01
-2.6116178744e-01 -8.1676687154e-01 -1.3518326519e-01
-6.5618140780e-01 -9.4279951624e-01 -1.6456905278e-01
-3.3998239192e-01 -5.5386267986e-01 -5.2036161333e-01
-1.0321278005e-01 -1.2880600382e-01 -1.7720982403e-01
-2.0368678735e-02 -2.3566495519e-02 -1.3693403717e-02
3.4393582843e-04 -4.7621896556e-02 -6.4906648722e-03
1.6185086167e-02 -6.5446224979e-02 -2.7703751315e-02
-4.0997635984e-03 -5.0473668038e-02 7.8186354338e-04
6.8821783533e-03 -3.2606785839e-02 -2.4304765792e-02
7.0555937286e-03 1.7963013686e-03 4.4897660568e-03
-2.9833786999e-02 -3.2416453652e-02 -6.9617961334e-02
-1.4086849233e-01 -1.9374871975e-01 6.6146001687e-02
-3.5078935262e-01 -5.3541824891e-01 3.1901127124e-01
-4.9054472411e-01 -7.7656597962e-01 4.8510744119e-01
-5.3117134193e-01 -7.0194870293e-01 3.5694655654e-01
-4.7242765008e-01 -7.2012114525e-01 -7.9309551461e-02
-5.0978288367e-01 -6.4386153394e-01 -9.0419329920e-02
-1.3282056353e-01 -1.8690642670e-01 2.0415161127e-02
2.9508573534e-02 -3.4250207419e-02 8.3328153099e-02
-9.5055960803e-03 -2.9259215830e-02 1.0877959747e-03
1.2950790716e-02 -7.6712303804e-02 -1.2210601249e-02
2.8051217896e-02 -1.0692956594e-01 -6.6111557611e-02
2.8001376842e-02 -8.7862754330e-02 1.7630618164e-02
3.3071896606e-02 -6.3013560448e-02 -1.5456276303e-02
2.9158794575e-02 -3.8643879016e-02 -6.0128131492e-03
9.3953183869e-03 -4.6234851771e-02 -1.1708851733e-01
2.3458887945e-02 -3.7015878923e-02 -5.1464835758e-02
-3.6188742125e-02 -7.8044130025e-02 -4.6562598280e-03
-1.3172321928e-01 -1.8358147260e-01 4.3440709430e-02
-1.8955051814e-01 -2.3530172644e-01 3.1889778083e-02
-8.9145293014e-02 -1.6101438216e-01 2.2268152870e-02
4.5703137831e-02 -7.0124999101e-02 1.5533725044e-01
8.3652440358e-02 1.4081236361e-02 2.0272122266e-01
6.5716928258e-02 -2.4942789962e-03 1.2887199591e-01
2.3266704567e-02 -3.5513740928e-02 3.5381968380e-02
-7.1089311346e-03 -5.5321376870e-03 8.8328555879e-02
-1.2542110616e-02 -1.6407070979e-02 6.8623319354e-02
-4.3725492256e-02 -3.0409015690e-02 7.8537420679e-02
-7.9519138966e-02 -4.0785270895e-02 2.2908638511e-02
-8.5362773186e-02 -3.1398394268e-02 2.0847095249e-02
-8.0915561840e-02 -1.4827517399e-02 4.8787507424e-03
-7.6993879090e-02 1.5275983879e-03 2.3844735391e-02
-9.6918866328e-02 3.7309480271e-02 3.3738104873e-02
-9.5372552868e-02 5.4687015889e-02 4.8641712376e-02
-1.0441636825e-01 5.2775699039e-02 6.7313722716e-02
-1.0896371592e-01 1.9959821945e-02 6.6377946319e-02
-1.2623126215e-01 1.8511435449e-02 1.2141799420e-01
-1.5104475418e-01 -6.4967700333e-03 1.2751232052e-01
-1.4324657777e-01 -5.3657844778e-02 1.2920895772e-01
-1.2186381386e-01 -5.1005820288e-02 7.4215009162e-02
8.2367870861e-03 2.7716622791e-04 9.7040213297e-02
8.4407079930e-03 -1.8109924931e-02 7.7119167970e-02
-1.5719617809e-02 -2.8321978945e-02 9.4024965802e-02
-5.0420719688e-02 -4.0791675300e-02 3.6693877119e-02
-5.1175477738e-02 -5.4381085326e-02 4.9172783375e-02
-6.1038311223e-02 -4.0912817451e-02 2.7374555351e-02
-6.0536096860e-02 -3.5017247725e-02 4.2911747227e-02
-6.8326565846e-02 5.3271986591e-04 3.5631050569e-02
-9.1047860499e-02 4.1282851966e-02 5.1525778529e-02
-7.6012818798e-02 1.6352057322e-02 6.0356274466e-02
-9.3908326676e-02 8.9799193271e-03 7.5568289147e-02
-7.6266405979e-02 1.0402085492e-02 1.1386982671e-01
-1.1068916021e-01 -1.3665737412e-03 1.4167946942e-01
-9.8399667261e-02 -5.8778941789e-02 1.3333409351e-01
-8.4987714155e-02 -4.6061522639e-02 7.3692049888e-02
-3.4603957460e-02 1.7896266367e-02 8.4654855353e-02
-2.5884153498e-02 -5.3443941026e-03 6.6253318454e-02
-6.6943196583e-02 -1.6356754926e-02 7.8198302666e-02
-8.8439192988e-02 -1.5819735824e-02 2.9935217933e-02
-1.1014326524e-01 1.0463189581e-02 2.9183452614e-02
-7.7604396048e-02 6.8246383005e-04 1.3775984811e-02
-8.6120615573e-02 2.8419331382e-02 2.1318402897e-02
-8.7641994198e-02 7.4293503072e-02 1.5987300295e-02
-6.4414300735e-02 8.0108857256e-02 4.0311085744e-02
-3.1570481461e-03 2.4135329477e-02 6.9159163490e-02
2.4572329462e-01 -9.5497257704e-03 1.1991227201e-01
5.4911778495e-01 6.8969571605e-02 8.3550337904e-03
1.3817256577e-01 5.0742192237e-02 -4.8521444456e-02
-1.0031792938e-01 1.3275022533e-02 2.4658601328e-02
-1.3372924556e-01 -6.8239002301e-03 2.0823437518e-02
-3.6856241624e-02 3.0317495397e-02 6.4160574561e-02
-2.7598733958e-02 3.3328302993e-03 3.8406038659e-02
-8.4465650802e-02 3.8050213514e-03 3.8704092145e-02
-1.1031509818e-01 5.5440522706e-02 -3.4252940435e-02
-1.0143275661e-01 3.2619123634e-02 -1.7485888261e-02
-5.6222846490e-02 2.4447820170e-02 -2.8784063114e-02
-9.0082703889e-03 8.0524026209e-02 1.1878699902e-02
1.7920548161e-01 1.2547947950e-01 1.0221963704e-01
4.2588119012e-01 6.1085039420e-02 1.9106351901e-01
4.3400958594e-01 -4.9390053702e-02 3.0074416526e-01
1.0275607570e+00 -9.5180125510e-02 3.7734445037e-01
1.5739800119e+00 -1.3981556508e-01 -8.0483982031e-01
7.2470752666e-01 -2.1014125037e-01 -1.4716193185e+00
4.2889408923e-02 -9.1238015116e-02 -2.7653434566e-01
-9.6667260063e-02 -2.0505753610e-02 -2.7318439418e-02
-1.6280993528e-02 2.4643883465e-02 6.2040220804e-02
-6.8894433624e-03 1.5704755269e-02 5.1010901502e-02
-4.9698539797e-02 -2.6271413696e-03 6.2222106811e-02
-6.3016411219e-02 4.1377717584e-02 1.4979692441e-02
-5.6683690687e-02 5.2987992526e-02 1.9883373941e-02
1.1571454703e-01 7.7019169180e-02 7.1427319830e-02
4.7749517952e-01 4.4323972212e-02 3.0121550807e-01
7.3985411232e-01 -8.3871985337e-03 3.8801440979e-01
7.2846871655e-01 -6.8943420615e-02 2.7109439826e-01
3.3882004818e-01 -7.6654441204e-03 2.5367468203e-01
-4.7511075279e-01 1.6214825442e-01 1.9988543938e-01
-1.3463032432e+00 -8.3875541984e-01 -6.6127359699e-01
-1.9379668322e-01 -1.5338748353e+00 -1.5830955424e+00
3.8803616845e-01 -5.5208554413e-01 -7.0334292650e-01
-1.6349715235e-02 -5.2465677895e-02 -1.1492841746e-01
-2.2811336894e-03 5.9611657849e-03 6.4606469860e-02
1.2929042996e-02 -2.1991375604e-02 3.5299298659e-02
-2.4898173230e-02 -3.6847100924e-02 5.8878616319e-02
-2.5869357712e-02 1.6169267261e-02 7.5314694080e-03
9.2191900798e-02 8.0252515516e-02 1.2332694026e-01
5.0362137384e-01 -7.2178032261e-03 3.9012925370e-01
5.6323743363e-01 -4.6978759173e-02 3.5331574160e-01
2.5440450167e-01 -3.6396159172e-02 1.0048910691e-01
6.4924576329e-02 1.0155795679e-01 4.4091864704e-02
-8.6407272359e-02 6.4968397560e-02 1.4261733047e-01
-6.4532101864e-01 1.2855186775e-01 4.4030806251e-02
-7.0055033052e-01 -1.1904368548e+00 6.7110524737e-01
9.4584848145e-01 -2.0767536931e+00 6.1135119349e-02
1.2197054129e+00 -8.6058584627e-01 -1.2901065340e+00
1.5107884708e-01 -5.3672066249e-02 -4.3701911094e-01
-9.0075816681e-04 -1.5106998881e-02 6.1039488274e-02
2.1392197766e-02 -3.4323076604e-02 4.1594799238e-02
-1.9559037653e-03 -5.4448761162e-02 8.6217984042e-02
5.0758806198e-02 6.4367410617e-03 1.1805389188e-01
3.0429780743e-01 -7.5333069287e-02 4.3812326906e-01
2.9986451467e-01 -2.9954341113e-02 2.6570412684e-01
-1.2864991784e-01 1.7646513546e-01 -1.6057333568e-01
-1.4222536147e-01 2.1952364826e-01 -1.3387163104e-01
-9.7074351414e-02 3.7654526560e-01 -8.4623499554e-02
-7.9045662164e-02 1.5749914868e-01 4.9786484903e-02
-1.4900735806e-01 6.3643789822e-02 8.4881044670e-02
-4.8952951510e-02 -7.8002701748e-01 9.4438917918e-01
4.9858502354e-01 -8.9095023734e-01 4.9092295010e-01
7.4972902112e-01 -1.3179722772e-02 -1.4502606199e+00
1.9959105176e-01 2.7462760559e-01 -9.8683543268e-01
-2.1904376454e-02 1.0578277593e-03 3.2673027300e-02
5.4890920029e-03 -2.2303271047e-02 1.2452504273e-02
-2.9986370079e-02 -3.2451389055e-02 6.1917643414e-02
3.8653465867e-02 -8.7861062418e-02 1.9466725426e-01
8.9740838118e-02 -1.3956220333e-01 2.0224391693e-01
-1.9144770512e-01 1.1104787886e-01 -2.4574340900e-01
-2.9651093230e-01 2.4972368064e-01 -1.8381980090e-01
-2.3814656070e-01 3.2199587420e-01 -1.0305436861e-01
-1.1514411231e-01 3.6466782129e-01 -1.2970871312e-01
-4.4911093931e-02 1.9518302594e-01 -1.8479667914e-02
-4.0012690426e-02 2.4803658625e-01 -2.8785916300e-02
-1.8716293180e-01 1.4211792054e-03 3.4469069838e-01
-2.3679892261e-01 -9.2477273463e-01 1.4570173281e+00
-3.0278381943e-02 4.5655422180e-01 -4.7739645557e-01
4.7472054424e-02 7.5502173857e-01 -1.1569417376e+00
-1.6029560487e-02 -1.9831751359e-02 4.1663229137e-02
9.0887120826e-03 -4.6990367381e-02 1.7559210055e-02
-1.5000721836e-02 -1.0312245734e-01 8.9484873556e-02
-4.9485073369e-02 -1.5596019686e-01 7.0340304935e-02
-1.1200972086e-01 1.2878253254e-03 -2.5458596569e-01
6.6498677853e-02 2.9540697275e-01 -4.2103851264e-01
-1.4575867768e-02 3.2875439849e-01 -1.3958670356e-01
-1.9025043688e-01 3.3081722026e-01 -1.0505996813e-01
-6.0370276107e-02 3.9434626102e-01 -9.8357938604e-02
-1.3231205642e-02 1.4774785963e-01 1.6312079257e-02
2.2973853459e-02 1.8715944785e-01 -1.2120882935e-02
-7.7238163191e-02 -4.4366046816e-02 1.3285850102e-01
-5.0990435714e-01 -5.0113474163e-01 8.4224409367e-01
-3.7451092454e-01 7.5820474297e-01 -3.5433177298e-01
-1.4517380564e-01 8.8119185532e-01 -9.9884546394e-01
4.0952414896e-03 -2.7786099320e-02 4.3866314024e-02
2.1513254613e-02 -3.9170679447e-02 3.2644604356e-02
6.7092014389e-03 -7.2643241115e-02 8.4494181341e-02
-5.1911181899e-04 -7.7533580300e-02 -4.3671067242e-03
5.4502946731e-02 -1.0084414899e-02 -1.9254532922e-01
2.3872081234e-01 9.3109511375e-02 -2.5103671782e-01
2.4089391470e-01 2.0363351647e-01 -3.4021044124e-01
2.0777089899e-02 2.0636994203e-01 -1.1780452798e-01
6.3885638629e-02 2.1648781004e-01 -1.2577552812e-01
-1.7181428450e-02 7.9787384269e-02 3.6986187393e-02
4.6413788361e-02 8.5422759273e-02 9.5456002347e-02
4.3098861330e-02 -7.0015892484e-02 2.8332637685e-01
-3.6476657510e-01 2.0090159200e-01 -3.2850461906e-02
-5.7248272219e-01 7.8413441559e-01 -6.4356677440e-01
-2.3855396937e-01 4.5555769973e-01 -4.4830649000e-01
2.4813174301e-02 -3.1091991138e-02 5.2033494120e-02
4.3250588420e-02 -4.0154770001e-02 2.3158440036e-02
2.3270343412e-02 -3.8187004575e-02 5.7646971785e-02
6.4988382988e-03 -6.9671752366e-02 2.6222842581e-02
1.7169943413e-02 -1.2480337981e-01 1.3759450542e-02
8.4551828244e-03 -7.0320396950e-02 -1.4337517626e-01
-3.2611062694e-02 1.1019474427e-01 -3.3373421765e-01
8.2571592613e-03 9.4935282034e-02 -3.0129041842e-03
4.7948397911e-02 8.5099259287e-02 9.2882966170e-02
-2.7721479807e-02 -8.5880575394e-02 2.1045278655e-01
-5.5532970790e-03 -4.8708295151e-02 1.3805577312e-01
-1.7159749900e-01 -1.6630255220e-01 2.0826900606e-01
-7.9582987449e-01 -3.1473997476e-01 -1.1306891531e-01
-6.0520166379e-01 1.3450432197e-01 -4.1870748327e-01
-5.5158414027e-02 7.8274752789e-02 -8.4089862084e-02
1.2686203281e-02 -3.7076369561e-02 4.2006229118e-02
4.2126333659e-02 -5.7694031285e-02 2.1176916827e-02
2.3619847198e-02 -4.1588320269e-02 6.8467340551e-02
1.6117991201e-02 -3.3842806860e-02 3.9711705382e-02
2.5975658402e-02 -2.9808536505e-02 4.7160929778e-02
4.6135146567e-02 -5.8666835886e-02 -9.8950493030e-02
-3.9688441015e-02 -1.3667498502e-01 -9.0804948006e-02
6.9676295444e-02 -2.0258521629e-01 1.8023649333e-01
9.2314146466e-02 -2.2994043199e-01 3.7977479994e-01
-1.2458161425e-01 -4.4621301351e-01 3.5376570885e-01
-1.4609754803e-01 -3.4165980944e-01 1.5968697201e-01
-3.0758590828e-01 -3.3380995552e-01 1.5979225870e-02
-5.8185218853e-01 -5.3400454125e-01 -5.7393159850e-01
-2.4127734090e-01 -1.3772442231e-01 -3.9826731266e-01
-2.0296273599e-02 -4.3017739337e-03 -1.4004952091e-02
-1.7807061261e-03 -2.6605298604e-02 3.5394978688e-02
3.0816459092e-02 -5.5181042973e-02 4.2068611009e-03
3.1103054445e-03 -3.5280090901e-02 3.6877427243e-02
7.2885737369e-04 -8.5225230330e-03 1.1817658389e-02
3.7426516392e-03 2.1670190802e-02 1.3243174916e-02
-2.0149266510e-02 -3.7752633680e-02 -1.4530558328e-02
-1.0334222470e-01 -1.8699150728e-01 1.0307687214e-01
-5.9125150400e-02 -3.4339542949e-01 4.1960326244e-01
-1.0116845681e-01 -5.5050576711e-01 5.6230197214e-01
-3.7470402798e-01 -7.7377837498e-01 4.7665593210e-01
-5.0230415845e-01 -7.5888671994e-01 1.5493824203e-01
-6.6670788174e-01 -9.1027188142e-01 -1.6163476391e-01
-3.9221374083e-01 -6.4499498064e-01 -5.4724006178e-01
-9.7320405105e-02 -1.4886437522e-01 -1.8836403309e-01
-3.3147123167e-02 -1.2537170890e-02 -2.0299220568e-02
1.9819258809e-03 -2.5451476335e-02 2.8938969886e-02
3.3162456875e-02 -3.9893290126e-02 8.1362656527e-03
3.2655597105e-02 -2.7553538141e-02 4.7002765580e-02
2.2767460267e-02 6.7256978774e-03 2.4485433633e-02
4.3909047880e-03 2.6303263937e-02 3.4648648089e-02
4.0541988605e-03 1.3145997013e-02 -8.3850414854e-03
-3.4169070092e-02 -6.9310903726e-02 5.3843428233e-02
-1.3693956428e-01 -2.4358245646e-01 2.1691897489e-01
-2.3149266473e-01 -5.0247268601e-01 3.7826422057e-01
-3.2876199654e-01 -7.9272811841e-01 3.5672536777e-01
-4.3482355361e-01 -8.5235516609e-01 4.9700181404e-02
-5.3248656303e-01 -7.3801566089e-01 -1.2970129704e-01
-2.0899401476e-01 -2.5729700793e-01 -1.3856916489e-01
-2.0667893465e-02 -2.1339634958e-02 2.3210052650e-02
-1.3219387663e-02 -2.1681540522e-02 -1.3990273884e-02
1.3871127744e-02 -2.5311840680e-02 2.6387802075e-02
3.7816922325e-02 -3.3983598368e-02 7.4271317446e-03
2.8670824052e-02 -2.1842766112e-02 3.6891311481e-02
2.0450017573e-02 3.7690076264e-03 1.7292881215e-02
2.8649126011e-02 2.1760021171e-02 3.2447769066e-02
2.2796476747e-02 1.0855885764e-02 -3.0983794536e-02
2.9254121924e-02 6.2915818344e-03 -1.5581796997e-02
-3.3651354645e-02 -3.5085990373e-02 2.3520841260e-02
-9.2362840873e-02 -1.1181459636e-01 7.4515191080e-02
-1.3062390551e-01 -2.0857454286e-01 6.2662993584e-02
-1.1344598582e-01 -2.3353062182e-01 -2.5501293998e-02
-8.0558123568e-02 -1.2544584773e-01 2.8015125187e-02
2.2787495307e-02 -9.3209799973e-03 1.1016381647e-01
5.9271542882e-02 -7.1697686709e-03 9.2624668534e-02
-1.2669355100e-03 -3.0044080798e-02 -7.0481218514e-03
2.3424474921e-02 -4.7797976487e-02 2.5629431656e-02
5.8019423130e-02 -6.8971025566e-02 -1.7918396919e-02
5.3090377851e-02 -5.7318717802e-02 4.4136648207e-02
3.6990967138e-02 -3.4449915760e-02 2.4605664085e-02
5.0534555124e-02 -2.0077121624e-02 3.4505705688e-02
2.5996101148e-02 -2.9373112120e-02 -3.8534633525e-02
4.4531766308e-02 -1.3475687107e-02 -2.6030622870e-02
3.7066029075e-02 2.1790696970e-02 -2.0453271086e-02
4.4185190989e-02 4.5536226199e-02 -7.1374006499e-03
5.4043821435e-02 1.8972548522e-02 -1.1442439071e-02
8.4039831433e-02 2.5988074515e-02 2.1720197152e-02
1.1792781476e-01 3.1106232399e-02 1.2588161372e-01
9.5727221548e-02 2.7020838934e-02 1.6547136562e-01
7.2828624146e-02 -2.9971504020e-03 1.1328742611e-01
2.3877174807e-02 -4.7698293885e-02 3.2002742063e-02
2.2507005849e-02 -1.3374223700e-02 6.7108797364e-02
2.3760576241e-02 -3.1460030584e-02 5.8480796895e-02
8.3631206941e-03 -5.2318230549e-02 6.2266735417e-02
-1.3502079625e-02 -5.7173125556e-02 3.0120059945e-02
-1.9653744341e-02 -4.7508101327e-02 3.0914087993e-02
-1.0978499605e-02 -3.7793032565e-02 1.5264249205e-02
-4.9582310659e-03 -2.7666423609e-02 2.4159323869e-02
-2.5041503886e-02 -5.6960113305e-04 2.7514742668e-02
-4.0457721437e-02 1.3339295113e-02 3.0984234017e-02
-4.1717452461e-02 2.2624572069e-02 3.4949258671e-02
-4.4565864478e-02 -5.0560229330e-03 4.1523673148e-02
-6.3345181864e-02 1.9638092482e-02 5.4895464852e-02
-8.7670753846e-02 1.1968722048e-02 6.0622167556e-02
-7.1108926363e-02 1.4330308619e-02 3.8081186896e-02
-6.7939973451e-02 -1.3924353465e-02 2.3163012813e-02
2.7447309843e-02 -1.3960403179e-02 7.2953960007e-02
2.7214982684e-02 -4.1217918030e-02 6.5333339879e-02
2.2223311713e-02 -5.8144809843e-02 7.3255769936e-02
-2.1054278606e-03 -6.9663145583e-02 3.5075610676e-02
-1.1034739813e-02 -6.8340522492e-02 4.2427177812e-02
-6.7231435813e-03 -6.1936391487e-02 2.4375975588e-02
-1.4963471312e-02 -5.4985327577e-02 2.8160605030e-02
-2.1105320611e-02 -1.8411584121e-02 2.7409373571e-02
-4.8924719637e-02 1.1268021566e-03 3.3994325088e-02
-4.4297369803e-02 7.6844103078e-04 3.5629389236e-02
-5.7949482768e-02 -1.2026226957e-02 4.4856565903e-02
-4.9500989129e-02 5.7231030557e-03 6.5315497526e-02
-6.6850295640e-02 1.5157102806e-03 6.8280023259e-02
-5.4880212724e-02 -3.6078239500e-04 4.8396208049e-02
-3.8377595554e-02 -1.2827066821e-02 1.9047122419e-02
-3.2720704878e-03 -1.9256270286e-03 5.9211203646e-02
1.9921644079e-03 -3.3272173607e-02 5.1938434962e-02
-1.0241395871e-02 -4.5104115192e-02 6.2937416878e-02
-2.4824890199e-02 -4.9718509355e-02 3.5338959964e-02
-3.0683046046e-02 -2.5381292687e-02 3.4102213670e-02
-2.5776592482e-02 -2.1067452908e-02 1.2919124305e-02
-3.9163516971e-02 -4.9883564717e-03 1.0208176536e-02
-4.8615199496e-02 3.4444251435e-02 4.0351973795e-03
-6.2832583710e-02 5.8350649169e-02 1.5520942325e-03
-3.2519466948e-02 5.4898274601e-02 2.1110082321e-02
1.4034553825e-01 -2.1746020739e-02 1.0463085342e-01
3.4821845041e-01 -2.1998440156e-02 -2.0374712456e-02
7.2274062235e-02 1.5691902908e-02 -6.4163201819e-02
-6.6421612583e-02 4.7538347802e-02 -1.1855011602e-02
-8.1104812614e-02 2.1026682503e-02 -2.3241912409e-02
1.4288824995e-02 6.3623146249e-03 4.7880950817e-02
1.8791488066e-02 -3.1113408039e-02 3.0890723119e-02
-1.0545663535e-02 -3.0301398544e-02 3.2014521004e-02
-2.9878568835e-02 -1.6515509079e-02 -6.4602596069e-03
-4.0760030400e-02 6.3503361451e-03 -2.7159064806e-03
-1.1912723312e-02 1.1258225557e-03 -1.6226559192e-02
-1.9791825681e-02 3.6490237050e-03 -1.9798985966e-02
5.5156615595e-03 8.0733616875e-03 -5.8995394245e-03
4.8315587114e-02 -1.6997235256e-02 3.7649239791e-02
2.0616877309e-01 -7.2110444559e-02 1.8332426115e-01
1.0891292349e+00 -3.7553282222e-01 4.5515305642e-01
1.6123823391e+00 -5.1552071201e-01 -6.0199133447e-01
5.2073896962e-01 -1.5540373062e-01 -1.1189080810e+00
-1.9115246782e-02 5.9605793335e-03 -1.8823996604e-01
-6.4644891947e-02 3.4187573106e-03 -4.7292531973e-02
1.8960572005e-02 5.4876068482e-03 4.2143441068e-02
3.7826011764e-02 -2.2089198965e-02 3.3242521408e-02
5.6124556459e-03 -2.0364633073e-02 4.2715846533e-02
-8.1484447878e-03 -1.2543509530e-02 1.4144454169e-02
-3.9457301553e-02 1.4992346024e-02 2.6047623768e-03
7.1085861749e-03 -6.2446912761e-03 -1.6088887051e-02
1.9540238966e-02 -2.4334476639e-02 -1.2741504410e-02
4.4715316047e-02 -7.0349152340e-02 9.5392625468e-03
1.3995128795e-01 -2.4184902830e-01 1.5385955550e-01
2.1510869433e-01 -1.4996467491e-01 3.2418060550e-01
-1.4863276094e-02 1.5868574269e-01 1.6534685884e-01
-6.7212293421e-01 2.4983320028e-01 -1.2307686210e+00
-5.1678975093e-01 1.6493390490e-01 -1.8834941115e+00
-6.8378301077e-03 -5.7118758886e-02 -3.8184137826e-01
-4.6735020484e-02 -1.2797204877e-02 -6.6621335252e-02
4.5211936949e-02 -1.4323919004e-02 5.2753768160e-02
6.3926815183e-02 -4.1091135778e-02 3.5707087357e-02
3.0477830663e-02 -4.3858998849e-02 4.3378498574e-02
6.7926962223e-03 -4.6207177158e-02 1.3192850668e-02
-1.7660122048e-02 -4.2837053113e-02 2.4335185352e-02
1.9524897230e-02 -8.8076476067e-02 -3.5282935144e-03
-4.7935682554e-02 -9.4918724261e-02 -2.9733292000e-02
-1.0453863777e-01 -8.0772906802e-02 -3.5592179323e-02
4.7894226568e-02 -7.9677043250e-02 1.5227621433e-02
7.5668808241e-02 -4.0556051998e-02 2.2809602093e-01
-7.0797979330e-01 8.0610158147e-01 -1.9795890157e-01
-1.1936184954e+00 9.2120393278e-01 -4.8954029470e-01
-5.8255562661e-02 -2.0701038038e-01 -3.1670674637e-01
6.2994218181e-01 -6.9351397420e-01 -3.1305486124e-01
1.1723181665e-01 -1.1747228921e-01 -1.9862041471e-01
4.4279806105e-02 -3.0624244227e-02 5.2332935641e-02
6.7595869548e-02 -5.5685079474e-02 3.8526100532e-02
2.9194267402e-02 -5.7536109574e-02 6.0073262326e-02
2.1129148854e-02 -5.2059032485e-02 4.0915173820e-02
-2.3731586835e-02 -6.2410243375e-02 4.7204566414e-02
-4.5822158976e-02 -4.4097414213e-02 -7.8022248037e-02
-1.8663469671e-01 4.1439821663e-02 -1.4142261383e-01
-1.5025314553e-01 1.9694830028e-01 -7.0074005487e-02
-1.6895110613e-01 5.2178443765e-01 -3.2353307942e-01
-3.5365579808e-02 2.4084181702e-01 -1.2119331969e-01
-1.8398495296e-01 5.6223719225e-01 -1.3742696837e-01
-1.2901541299e-01 2.7171892036e-01 1.9626948322e-01
6.5753142317e-01 -1.3310530469e+00 9.8556271140e-01
1.2066822725e+00 -1.3809556385e+00 -4.7134266255e-01
4.5275550524e-01 -1.1162202878e-01 -8.5696220226e-01
4.0384914972e-02 -1.6317773888e-02 4.3600200225e-02
5.6259695205e-02 -4.7137277744e-02 3.3165154143e-02
1.8390376208e-02 -3.3165796321e-02 3.6758768546e-02
-1.0033893826e-02 -2.8454902225e-02 1.0751899807e-02
-8.1385100786e-02 -7.6650717053e-04 -1.8660533531e-02
-1.1128835481e-01 1.1235251817e-01 -1.1926255877e-01
-1.2340299881e-01 1.4397723260e-01 -4.0348915598e-02
-7.5847754982e-02 2.8013905073e-01 -2.2721403120e-01
-1.6897048570e-01 6.3400935868e-01 -3.3730663131e-01
-1.0316062703e-01 4.5892395318e-01 -1.2737425410e-01
-7.3650906214e-02 3.3829491596e-01 2.6827251545e-02
-1.1282789705e-02 -1.2818169205e-01 4.4546364614e-01
1.3757876999e-01 -1.3910024500e+00 1.5652073454e+00
6.7034115494e-01 -8.0072268467e-01 -1.4678605353e-01
5.4552665730e-01 3.1959498655e-01 -1.8483839782e+00
3.3438531175e-02 -2.3240579697e-02 4.7018299751e-02
4.4140185311e-02 -4.7594104347e-02 3.2755669042e-02
2.7758694473e-02 -4.4679916934e-02 4.4531511539e-02
-6.1591838727e-03 -2.5937501524e-02 7.7888826528e-03
-4.2766908428e-02 1.8805453975e-02 -1.2031411774e-02
2.4719434917e-02 8.9612401992e-02 -2.3768946019e-02
-1.3573023851e-01 7.2371307826e-02 5.9549389905e-02
-1.5563241373e-01 3.9886249789e-01 -1.6656356033e-01
3.7845058766e-03 6.6387877641e-01 -2.3761342435e-01
5.4081123417e-02 4.1593094238e-01 7.1750681623e-03
2.0646857027e-02 2.5124885961e-01 -1.0252323394e-02
-5.8269087720e-02 -9.5941612751e-03 1.9524910099e-01
-8.1773975531e-02 -1.7566081122e-01 9.0076320840e-01
-1.6073880606e-01 2.7462177302e-01 -1.9001493044e-01
-3.8595656866e-01 7.3090383365e-01 -2.3345430914e+00
2.4423014099e-02 -2.1026099331e-02 4.2609080774e-02
3.5107934263e-02 -3.4291717228e-02 4.4631659351e-02
4.1688920602e-02 -3.4011162065e-02 5.6224376044e-02
4.6387698273e-02 -3.6512593923e-02 5.6399460734e-02
4.5265836359e-02 -3.5748218883e-02 6.2526124677e-02
1.1980675288e-01 -6.0857345204e-02 1.2406470599e-02
8.6130010124e-02 1.0154839074e-03 -2.1953173520e-02
5.5335958203e-03 2.9231203414e-01 -5.2658957442e-04
9.3038606686e-02 3.2016913312e-01 -2.7391384732e-01
7.6255538146e-02 7.8511899561e-02 8.1791872277e-02
6.9727061529e-02 -1.1711001315e-01 1.2280213022e-01
5.0045710595e-03 -2.3171995001e-01 7.7100345597e-02
-5.0179235728e-01 1.7224000634e-01 -1.8659325571e-01
-1.3142737977e+00 4.0720115753e-01 -1.0223289885e+00
-9.4035918111e-01 4.0453859134e-01 -1.3918878140e+00
4.1049888473e-02 -2.7964756257e-02 4.7966623896e-02
5.3225165064e-02 -5.0729654447e-02 3.9314342328e-02
4.6437499682e-02 -5.0112217200e-02 5.3108277856e-02
5.6623182001e-02 -4.7599528724e-02 4.8419394404e-02
4.5519527366e-02 -4.1728048916e-02 6.6163867175e-02
3.9804149775e-02 -6.2736849962e-02 5.2345398048e-03
4.5659849465e-02 -9.3106215881e-04 -3.7778910962e-03
3.2028534880e-02 6.4712169446e-02 1.0803345916e-01
4.0752070490e-02 4.7860444831e-02 4.8135227048e-02
5.6483666842e-02 -1.1821655012e-01 4.0078635889e-01
-2.1952500370e-01 -4.4823191653e-01 3.7081697941e-01
-5.3240931880e-01 -7.2211063098e-01 7.4291379116e-02
-1.2134590435e+00 -4.7744043721e-01 -5.5005855176e-01
-1.3459043446e+00 -7.2672964120e-02 -7.8537825437e-01
-3.1779428284e-01 6.2521928876e-02 -2.7945008192e-01
3.4202156598e-02 -3.1656517533e-02 3.9622735088e-02
4.5752218693e-02 -5.5374235944e-02 3.4835555824e-02
4.1505857480e-02 -5.3365692787e-02 5.5116913197e-02
4.4561910576e-02 -4.4475078478e-02 4.7701845068e-02
3.4343182248e-02 -3.5894339965e-02 5.8412224653e-02
3.1863344991e-02 -3.2770085218e-02 2.0787372538e-02
3.9246135795e-02 -3.5296888790e-02 2.1271641571e-02
4.1492484382e-02 -7.4580158493e-02 7.4410564081e-02
6.8803976729e-03 -1.7039635141e-01 3.1626176401e-01
-9.4691305470e-02 -4.8515143735e-01 5.4242915264e-01
-5.0273313539e-01 -8.2909369697e-01 2.9875246951e-01
-8.0981388785e-01 -8.6345990933e-01 -8.8692406453e-02
-5.9511123044e-01 -4.3430961238e-01 -3.4555563491e-01
-2.9762654638e-01 -3.2202038809e-02 -1.9430116319e-01
-4.2473811950e-02 2.5433520214e-02 -2.6811222935e-02
2.6477819843e-02 -1.4902668793e-02 3.8474826358e-02
4.5787058847e-02 -4.5728180645e-02 3.2755388343e-02
3.7425193123e-02 -3.8055493837e-02 4.2647966079e-02
3.5004178350e-02 -2.4372769538e-02 2.6879611823e-02
2.3592604458e-02 -7.0113069700e-03 3.7602952295e-02
2.1093072291e-02 -5.9967284927e-03 1.7415092637e-02
2.4165159070e-02 -1.3589196383e-02 2.8033173541e-02
2.0340738699e-02 -4.6016570655e-02 7.0063980434e-02
-8.3389216209e-03 -1.6979877925e-01 1.8309736817e-01
-1.3973659861e-01 -4.4243135669e-01 2.9025429549e-01
-3.2585164521e-01 -7.0762186726e-01 1.6442961593e-01
-4.4653457301e-01 -6.3516016284e-01 -8.0613627331e-02
-1.6913927924e-01 -2.1057892399e-01 -1.0992654107e-01
-2.1768840640e-02 4.8438024181e-03 -2.0648990279e-02
-1.5143742981e-02 6.3226566614e-03 -3.9370880943e-02
2.4716961804e-02 -1.5364203019e-02 2.8753886489e-02
4.9396619945e-02 -3.7541201522e-02 2.6537386155e-02
3.9945001659e-02 -3.3684358553e-02 4.3412519668e-02
3.9656290624e-02 -2.3504307825e-02 3.3887111587e-02
7.1591498656e-03 -4.1648969924e-03 3.5375817337e-02
1.9475283603e-02 -5.0944505487e-03 8.5384949157e-03
2.6565985099e-02 -2.0400685689e-03 4.0095762510e-03
7.2309446045e-03 -4.2682132632e-03 1.6496307932e-02
-3.7847500073e-02 -4.2917541103e-02 2.0433463128e-02
-9.7428965538e-02 -1.2888994100e-01 4.1598760589e-02
-1.2836867512e-01 -1.8337836653e-01 2.7598494946e-02
-1.2125276921e-01 -1.1109014372e-01 4.3792135564e-03
-2.7774801217e-02 1.0884218778e-02 2.5899306226e-02
-1.5855486376e-02 2.5920381592e-02 -2.8830958180e-03
-2.2739184860e-02 -4.2899993254e-03 -4.5673907564e-02
2.7574864334e-02 -1.2560241574e-02 3.3049379848e-02
4.2525158773e-02 -2.9420907372e-02 2.7640602268e-02
4.3868533836e-02 -2.8015633230e-02 4.0782161961e-02
5.1604827180e-02 -1.4316833109e-02 3.4965481546e-02
2.4222228641e-02 -3.6106764700e-03 3.6101358084e-02
2.9077989809e-02 -1.6884522707e-02 3.1811818217e-03
3.6624388193e-02 -1.1418548987e-02 9.0163121589e-03
2.8136653037e-02 1.6953566646e-02 -6.7270065066e-04
2.1886150787e-02 3.1759892699e-02 -1.0977154867e-03
4.3675439658e-03 1.7451594273e-02 -7.6542295119e-03
3.4635751832e-02 1.5221891031e-02 7.9138857994e-03
3.3155099568e-02 3.8416272117e-02 4.5489593232e-02
4.4095436034e-02 3.4106248476e-02 9.0245782970e-02
2.9880963391e-02 9.3065781468e-03 5.9920341473e-02
-9.0763622757e-04 -1.7311579259e-02 -3.7459605568e-02
5.5252510842e-02 -3.8770807995e-02 3.6870797510e-02
7.2179647712e-02 -5.8227306937e-02 2.1723861523e-02
7.2988509212e-02 -5.4440838513e-02 4.9394437774e-02
6.2701710162e-02 -4.1469314765e-02 4.1372757309e-02
5.1878135398e-02 -2.7143771974e-02 4.7240495585e-02
4.6045151677e-02 -4.1272710297e-02 7.9875564832e-03
5.2729957841e-02 -3.1710564550e-02 9.2036481522e-03
5.2165408659e-02 -2.7310909454e-03 6.1273130789e-04
5.5350218531e-02 2.6061161423e-02 5.4554990946e-03
5.0971106170e-02 1.2466643374e-02 5.8996637248e-03
5.6697206529e-02 1.6894419812e-02 2.7619851473e-02
6.9857453408e-02 3.3224711895e-02 8.3886558028e-02
6.2328231960e-02 3.1952138571e-02 1.2585876886e-01
4.3867521430e-02 1.5267264768e-02 7.7627614987e-02
1.0751933274e-02 -1.2727775189e-02 4.1617741285e-04
1.4896460852e-02 -7.2699282214e-03 6.2528224445e-02
1.3540518593e-02 -2.5356497435e-02 5.2377819595e-02
4.0833709745e-03 -4.1966274114e-02 5.4536210904e-02
-1.3323810727e-02 -5.0120672554e-02 2.7282493463e-02
-1.6667091319e-02 -3.4283904086e-02 2.1303559474e-02
-8.2993351579e-03 -3.7878286887e-02 3.6522602456e-03
-1.5041014946e-03 -3.0997256960e-02 1.3298636033e-02
-2.4149435828e-02 -4.0344444274e-03 1.9986647046e-02
-3.1508928696e-02 1.7399827933e-02 2.7618408312e-02
-4.8219931302e-02 2.8352435448e-02 2.2173140149e-02
-4.7376040214e-02 3.4373870294e-03 3.0643718702e-02
-5.6481134356e-02 2.7944501070e-02 4.0305057429e-02
-7.0937705430e-02 2.2906140133e-02 4.8583874993e-02
-6.7206906390e-02 3.8686466510e-02 3.1445395171e-02
-3.6139014031e-02 -1.0411408762e-02 3.0604894485e-02
2.9836602661e-02 -7.7905268186e-03 6.6820834852e-02
2.6719508046e-02 -3.9602610819e-02 5.5559102303e-02
2.5189704711e-02 -5.1427649019e-02 6.3397114846e-02
1.1504918500e-02 -6.8586567068e-02 2.5737294312e-02
6.4274460656e-03 -6.1062587390e-02 2.7721954739e-02
1.0384244745e-02 -6.4522465725e-02 9.0714735537e-03
6.2132554502e-03 -6.1102530556e-02 1.8246157869e-02
-3.8511587092e-03 -2.6412827377e-02 1.8294811792e-02
-2.1433200264e-02 -8.4885696657e-03 2.9754630060e-02
-3.0753269214e-02 3.5525315067e-03 1.9857305718e-02
-3.7359194557e-02 -1.6084397920e-02 2.9846716988e-02
-3.8179010182e-02 1.0278318224e-02 4.3319582195e-02
-4.6845020861e-02 -2.6295529852e-03 6.0494490158e-02
-3.1567014570e-02 5.5453492838e-03 3.9250763914e-02
-1.3437630084e-02 -2.6383143323e-02 2.5917950309e-02
-2.7797033117e-03 7.3087065599e-03 5.3122495050e-02
-2.5994418943e-04 -2.7646643295e-02 4.4772703887e-02
-5.1302759539e-03 -3.6790872140e-02 5.7369882067e-02
-1.2318134210e-02 -4.2640796914e-02 2.0611974003e-02
-1.7825554677e-02 -1.9262823250e-02 1.8800316334e-02
-8.7390395341e-03 -2.2426911365e-02 4.1143882612e-03
-9.6941673202e-03 -1.4484331009e-02 1.1366227955e-02
-2.8584499976e-02 2.0633293053e-02 2.9649624157e-03
-4.4173570872e-02 4.8803822477e-02 7.5575214773e-03
-5.0512005310e-02 6.5149526221e-02 -1.0965970079e-02
-1.8072464701e-02 1.7841722797e-02 3.6245904766e-02
4.2414092716e-02 1.4026131826e-02 1.7721860425e-02
-2.3098633602e-02 3.0119193902e-02 2.2559028748e-02
-7.1098284601e-02 6.1460858951e-02 -4.6672492018e-03
-5.2238765691e-02 1.4630590289e-02 -2.9186958662e-03
1.0666145148e-02 1.0778943104e-02 3.9138812082e-02
2.2114727358e-02 -2.4632665646e-02 2.7484404667e-02
-3.1006734936e-03 -2.5583789719e-02 2.0185870873e-02
-1.3004166672e-02 -2.4420444443e-02 -1.1141579023e-02
-2.1016409724e-02 -2.3057673377e-03 -8.3759002675e-03
4.4190647756e-04 -6.4142343485e-03 -2.8208494661e-02
-6.5815168531e-03 -5.0500270566e-03 -2.1032881012e-02
-4.6382605237e-03 2.2880386202e-02 -1.8358741759e-02
-1.4764499390e-02 4.6018902881e-02 -1.0101327163e-02
3.8683763275e-02 8.7375191733e-03 3.4668283313e-02
4.4218974024e-01 -2.9731716274e-01 2.6319562388e-01
9.5132037803e-01 -5.4801929867e-01 -9.3578054693e-02
3.9003457087e-01 -1.8299103394e-01 -4.1469985492e-01
-3.4353002312e-02 3.4401272142e-02 -8.7663641409e-02
-4.1613615406e-02 4.7920049095e-04 -3.4441478569e-02
1.5315379102e-02 8.3160121872e-03 3.9094101013e-02
5.0005243999e-02 -1.9976948657e-02 3.4547365762e-02
1.1990839924e-02 -1.5594092062e-02 3.6610930874e-02
3.3190912234e-03 -2.8310613796e-03 6.5045104852e-03
-2.0124017173e-02 2.3527558641e-02 6.6759824833e-04
1.5106212804e-02 9.0833181244e-03 -1.9427185826e-02
8.2081385295e-03 1.2737564300e-02 -1.7617362249e-02
-3.1245744128e-03 2.0454275832e-02 -1.9413258967e-02
1.7908386570e-02 -1.1421900954e-02 4.5907248360e-02
1.3666478160e-01 -1.0355666736e-01 2.1499339320e-01
5.7060219965e-01 -5.3928948948e-01 5.2661130363e-01
8.9936727280e-01 -6.5766284612e-01 -4.7271113582e-01
5.6024506185e-01 -4.1968113403e-02 -1.5186349005e+00
3.8805456506e-02 6.8739562773e-02 -3.4911288249e-01
-3.7906635790e-02 -3.6118743898e-04 -3.2449104777e-02
2.8939823090e-02 -1.1468174419e-02 4.1449686620e-02
4.6991611167e-02 -4.4090963466e-02 2.3985473470e-02
2.5267676307e-02 -4.0940468870e-02 3.2950422439e-02
-3.1153438837e-04 -3.1790012847e-02 -1.9015253781e-03
-1.8483980842e-03 -7.6381644009e-03 2.6084214672e-03
9.5228650884e-03 -3.4901506835e-02 -2.4884801164e-02
1.0552388730e-02 -4.1643907661e-02 -3.0750882786e-03
7.1561797404e-03 -5.8453247270e-02 5.8169882487e-03
2.0825024067e-02 -1.1985003904e-01 2.7289838804e-02
-6.1825096554e-03 -2.7000636526e-02 1.5951962994e-01
8.4493516418e-03 -2.3077904606e-02 2.3781721165e-01
-5.1175458315e-02 4.1867189166e-01 -4.1066275702e-01
2.0267477748e-01 1.1115608095e+00 -1.6813771777e+00
2.7709425808e-01 3.1492153859e-01 -7.2389496465e-01
2.7194171749e-02 -7.9127727432e-03 -7.2812485577e-02
3.5705634229e-02 -3.3593601791e-02 4.7705056352e-02
5.6213862467e-02 -5.7261153389e-02 3.5707973326e-02
3.5957106539e-02 -5.8633651192e-02 5.6072822781e-02
2.5464487613e-02 -4.3124094895e-02 3.1715414521e-02
-3.9961215453e-03 -2.4562434118e-02 3.0783208159e-02
1.0966685974e-02 -3.9571804240e-02 1.9768039269e-03
7.6947005831e-03 -4.6330830874e-02 2.7215938458e-02
7.7211877429e-03 7.3250311183e-03 1.3813920958e-02
-3.9837245926e-02 3.0110511699e-02 -7.9940911212e-02
6.7557151343e-03 1.8691126818e-01 4.9310208292e-02
3.4357127461e-02 2.5875753020e-01 6.5192713844e-02
-5.8538730695e-02 9.6731497096e-01 -1.5412865124e-01
3.1807425418e-01 1.8438182907e+00 -8.2082222043e-01
7.6576328126e-01 6.9511677399e-01 -9.0624439663e-01
3.0675175804e-01 1.0390765637e-03 -3.3120968332e-01
1.8092058513e-02 -8.6919813099e-03 3.4357016406e-02
4.7628659337e-02 -4.0958847714e-02 2.6252929174e-02
5.8775418135e-03 -2.9828807429e-02 2.8504069562e-02
-8.7520468192e-03 -2.7072987195e-03 -9.8436834021e-03
-3.8044637977e-02 3.1028461120e-02 -1.1129120382e-02
-1.0644507844e-02 -6.4946779990e-03 -1.3940835880e-02
1.3363543081e-02 -3.0966025905e-02 -1.7115165191e-03
9.6991972582e-03 8.5029733898e-02 -1.0476385097e-01
-8.2361381039e-02 2.1578470293e-01 -4.5547252528e-02
-7.7536462636e-02 4.2125917636e-01 1.5519706346e-01
-5.4936929289e-02 7.9342233601e-02 2.3283185715e-01
4.4252331285e-02 4.4969422600e-01 1.8315174434e-01
3.6534102951e-01 1.2815841867e+00 1.9636151888e-01
9.8678688181e-01 4.0414604801e-01 -3.1702775471e-01
6.4589335581e-01 -2.3555047169e-01 -1.2281588435e+00
2.6108121670e-02 -1.9249285156e-02 4.4990110292e-02
4.3545791873e-02 -4.2377645970e-02 3.4718792485e-02
2.1131966816e-02 -3.9790210812e-02 3.1453682081e-02
9.5593744516e-03 -1.9834476590e-02 -1.5536633167e-03
-5.8721738710e-03 -1.3346832684e-03 1.7281633368e-02
-9.6624415452e-03 -1.1444475430e-02 -1.0014348760e-02
-3.2177203189e-02 -2.4538080600e-02 1.3204641062e-02
-1.0835171084e-02 9.0198884127e-02 -1.0202219571e-01
4.2829952962e-02 2.1034622406e-01 1.7821743184e-03
6.6771058564e-02 3.1157179147e-01 2.7392359773e-01
-1.2161198207e-01 -1.3785563349e-01 2.2198097738e-01
-4.7025048215e-02 -2.7852325889e-01 5.1529323144e-01
9.7117501929e-02 2.2436436046e-01 7.6342328538e-01
-1.3745416008e-01 -4.1314334041e-01 -9.6667713852e-02
-4.0122052300e-01 -5.7085196469e-01 -2.0392191935e+00
1.6882850572e-02 -1.2712582918e-02 3.9894705367e-02
3.3080939789e-02 -3.0922337620e-02 4.2364402744e-02
3.5616878240e-02 -3.1789314307e-02 4.8306214645e-02
3.9095945688e-02 -2.8035998548e-02 4.0862483038e-02
3.2717858375e-02 -1.8111951921e-02 4.7972593594e-02
4.0240859137e-02 -2.2973807485e-02 2.3153197821e-02
3.4755639036e-02 -1.5300253779e-02 4.8367608788e-02
1.1981469087e-02 3.1727020221e-02 6.0293088010e-03
5.6348811947e-02 1.5169721189e-02 -6.9530691486e-03
1.0178351562e-01 -3.8787035143e-02 1.9512015037e-01
-4.5653595392e-02 -6.2267461983e-01 2.5573376674e-01
-2.3201034593e-01 -8.7123938757e-01 5.4049421358e-01
-9.5635694064e-01 -7.7386107355e-01 3.6335695020e-01
-1.9012886772e+00 -1.0738302947e+00 -8.1492421388e-01
-1.0947192687e+00 -4.2788557332e-01 -1.3083431998e+00
4.2194579766e-02 -2.3733656446e-02 4.4226355420e-02
5.5055616417e-02 -4.4218496706e-02 3.7506341198e-02
5.1282984327e-02 -4.9503701179e-02 4.7096489069e-02
5.4556385464e-02 -5.4002335298e-02 3.3271088466e-02
5.2733568807e-02 -4.3319520400e-02 3.9455071529e-02
4.5584359972e-02 -4.6625103713e-02 1.8391356455e-02
4.1031556984e-02 -4.3865142901e-02 3.6594851130e-02
3.1114405487e-02 -3.0600094412e-02 3.8281725581e-02
3.9556847271e-02 -6.4009051441e-02 4.0904963824e-02
1.4261389933e-01 -1.3094362797e-01 1.9276499602e-01
-8.8630209541e-02 -6.4342681622e-01 3.3560856190e-01
-5.3882209665e-01 -1.0370662147e+00 3.2500083554e-01
-1.1637529364e+00 -7.8579228345e-01 1.2497292499e-02
-1.2455516787e+00 -5.5819489677e-01 -4.3438569579e-01
-2.9767694687e-01 -1.0685588022e-01 -2.2278510853e-01
3.1169203715e-02 -2.5266083402e-02 3.8724723479e-02
5.0484381418e-02 -4.4134153027e-02 3.8279558797e-02
4.8143901515e-02 -5.3086953879e-02 5.0873714929e-02
4.8099604077e-02 -4.9223534330e-02 3.6283101708e-02
3.3721976677e-02 -3.6011211304e-02 4.5892222657e-02
3.6571444475e-02 -3.8737677337e-02 2.2212549925e-02
4.3146012361e-02 -3.5737774663e-02 3.5704744703e-02
2.0940325840e-02 -1.8659097194e-02 2.8726576161e-02
3.3332517045e-04 -2.8777523304e-02 6.6566120239e-02
-2.9779424476e-02 -8.8405665677e-02 1.2437941391e-01
-1.4616225386e-01 -2.7602492782e-01 1.7802450997e-01
-3.1993713071e-01 -3.7243637024e-01 7.8335648619e-02
-2.1698457052e-01 -1.4623603326e-01 3.0221644510e-02
-1.4466190969e-01 -6.7356726529e-03 -1.3137852899e-02
-1.4760281136e-02 1.1916981609e-02 4.1386076737e-03
2.1434817451e-02 -9.0421928655e-03 3.5470253794e-02
4.8088404048e-02 -3.5218242594e-02 3.3821919923e-02
3.4489199832e-02 -3.5945925277e-02 3.6768268931e-02
2.8583640267e-02 -1.9810264828e-02 1.7191298986e-02
2.0534830193e-02 -1.0139317952e-02 2.4882472177e-02
2.7084993700e-02 -1.8798790804e-02 1.0969298511e-02
1.3156277358e-02 -1.3135663046e-02 1.7926765096e-02
9.8944240381e-03 -1.3202899259e-04 1.5281995753e-02
6.6962095085e-03 1.0851747332e-02 2.1648370487e-02
-2.7037450496e-02 -1.4676320006e-02 1.3649369021e-03
-3.1143502979e-02 -6.1528748009e-02 1.0429036467e-02
-5.9072585891e-02 -3.2368078311e-02 1.1170027154e-02
-3.0805976140e-03 2.7649152662e-02 2.8562926895e-02
-1.0974275686e-02 4.0249997921e-02 3.4367403560e-03
-8.2824257055e-04 2.1897099459e-03 -2.6988379330e-02
2.0901839736e-02 -8.1498961559e-03 3.2116468119e-02
5.4046490345e-02 -2.5061074438e-02 3.2254670040e-02
3.5623547823e-02 -2.6953922469e-02 3.7184325219e-02
3.8574782180e-02 -1.5737576260e-02 2.2262626188e-02
1.4975473633e-02 -8.8134848034e-04 2.8222658049e-02
2.2106892393e-02 -1.3129781934e-02 6.4710807688e-03
2.4853476272e-02 -1.3689380824e-02 1.3679792612e-02
7.4493075227e-03 2.3729034693e-03 4.7920302240e-03
7.0280895225e-03 2.7953782696e-02 -4.7374236557e-03
-3.8304460436e-03 3.2951793589e-02 -1.6886259281e-02
2.1903924706e-02 3.2028359893e-02 -1.2414773479e-02
8.0509901551e-03 4.9314989878e-02 1.3396575522e-02
1.9453089134e-02 4.1693197078e-02 4.2900341054e-02
-4.6578274207e-03 2.4625000679e-02 1.6906185694e-02
-1.4018437302e-03 -8.0774646338e-03 -3.2304183446e-02
2.6209772854e-02 -8.9764427350e-03 3.0012171660e-02
4.6923311218e-02 -2.1474714524e-02 2.2987290305e-02
3.4643688661e-02 -2.3816553360e-02 3.1489949939e-02
3.4567970905e-02 -1.4548422775e-02 2.1546690736e-02
2.0228526060e-02 3.9207353793e-03 2.4959323040e-02
2.2457993463e-02 -1.1922005791e-02 1.5904727127e-03
2.7952564235e-02 -1.1648595187e-02 8.1954505956e-03
7.6936932818e-03 5.7112601476e-03 2.1192923029e-03
1.8062731915e-02 3.1616450399e-02 2.2076437437e-03
-2.4610372742e-04 3.2678765106e-02 -1.0583190111e-02
3.5255712798e-02 3.2252701421e-02 -1.7074230008e-03
2.6059068043e-02 4.0450726886e-02 3.5724572292e-02
3.9904087001e-02 2.7893232214e-02 6.8742834873e-02
2.1030242389e-02 1.4674699473e-02 3.7116095085e-02
9.5701273516e-03 -1.1341790856e-02 -2.3691445211e-02
4.9976017486e-02 -3.4353978693e-02 3.7111875902e-02
7.2900785130e-02 -5.5138651216e-02 2.4974520465e-02
6.5569014333e-02 -5.7643755955e-02 4.3964346746e-02
5.2755337487e-02 -4.9990476399e-02 2.9732347380e-02
4.6112021139e-02 -3.0058458763e-02 3.8720728150e-02
4.1529000995e-02 -4.4739893687e-02 6.6261454264e-03
4.0326711682e-02 -4.0288836363e-02 1.3375881489e-02
3.2060712389e-02 -2.3032241732e-02 9.1014034424e-03
4.0382434429e-02 7.3984653201e-04 1.6436867422e-02
3.3461917598e-02 -2.2892625750e-03 9.5819806983e-03
4.6943600099e-02 -1.3536379588e-04 2.3656500967e-02
4.4540819851e-02 9.5640757754e-03 7.2230164678e-02
5.3461963997e-02 1.0855048958e-02 9.8425694557e-02
3.8150528587e-02 4.3874154052e-03 6.8612267198e-02
2.4489416988e-02 -2.0900630837e-02 1.7650804845e-03
-7.9185334068e-03 -1.0856499824e-04 6.6512458074e-02
-7.9089945327e-03 -1.8047931944e-02 6.0690853919e-02
-6.9158668761e-03 -3.4489937920e-02 6.3643761204e-02
-2.5327164684e-02 -4.6456706928e-02 4.1378265233e-02
-2.8756930980e-02 -2.9715223446e-02 3.5125308945e-02
-2.0960202097e-02 -2.9066271181e-02 2.6269818097e-02
-1.1381462610e-02 -2.3392025543e-02 3.3371626815e-02
-3.2829655365e-02 -9.3320306679e-04 3.8269547840e-02
-4.3917754796e-02 1.8226569353e-02 4.0860008497e-02
-6.2570399492e-02 3.6198563489e-02 3.4680558270e-02
-5.8648105907e-02 1.9071525365e-02 4.9743605179e-02
-6.2822723071e-02 4.1908040815e-02 4.5664438219e-02
-7.0592417278e-02 3.9567923368e-02 5.4231699347e-02
-6.8040178240e-02 5.0577077559e-02 2.3608442663e-02
-2.4912928086e-02 1.8793106926e-02 3.0183967917e-02
6.1386591603e-03 -3.1026226631e-03 7.5504524150e-02
-1.7513346955e-03 -2.2408624568e-02 7.0946194285e-02
-5.6994875480e-03 -4.2197029205e-02 7.2519351674e-02
-1.1572069025e-02 -5.2506539216e-02 4.5623764613e-02
-1.4225942381e-02 -4.6252231496e-02 4.2230161588e-02
-8.5446015002e-03 -4.5447330444e-02 3.3396147063e-02
-1.1253353859e-02 -4.8139670774e-02 4.2805141040e-02
-2.2709357088e-02 -1.9763324883e-02 4.0782264743e-02
-4.1734642908e-02 6.5192970587e-03 4.5240162937e-02
-5.3478157972e-02 2.3597124730e-02 3.5592448581e-02
-5.4606535842e-02 9.6497749611e-03 5.5135910872e-02
-4.6610293863e-02 3.0981433563e-02 5.3019061790e-02
-4.0919589000e-02 2.8090324183e-02 6.2013068007e-02
-2.6849464633e-02 2.9679144331e-02 2.7868079794e-02
-3.5656404033e-03 7.3214952899e-03 2.9296581802e-02
-2.8649491639e-02 1.4491799198e-02 5.7392751903e-02
-2.9065560881e-02 -1.0904778343e-02 5.9697808696e-02
-3.3464450904e-02 -2.3593977638e-02 5.9105023142e-02
-3.3923561170e-02 -2.7332494103e-02 3.6927583697e-02
-3.8974353043e-02 -9.7012038520e-03 2.8919740104e-02
-2.9453569922e-02 -5.9963553621e-03 2.0690763825e-02
-2.7325214283e-02 -1.2070392978e-03 2.7252247437e-02
-3.9257514972e-02 2.6822139815e-02 2.1116761959e-02
-5.2745545570e-02 4.7043846269e-02 1.9114588691e-02
-7.2287402531e-02 7.8499282603e-02 -3.6086517257e-03
-6.9791171828e-02 5.8088220960e-02 2.6874319332e-02
-6.7193548751e-02 8.0645755418e-02 1.7313223724e-02
-7.0141864660e-02 6.8310218722e-02 2.6460373306e-02
-6.6600225797e-02 6.8604540191e-02 -1.4983976619e-02
-4.2030134885e-02 3.8871795193e-02 -9.1872977031e-03
-6.8580925289e-03 2.5802060898e-02 5.0693794667e-02
-1.0862048323e-02 -1.6106600385e-03 4.7905200388e-02
-2.1001452503e-02 -6.0596714781e-03 4.1160363757e-02
-2.6551928343e-02 -1.5231244187e-03 8.9876348722e-03
-2.9037077608e-02 1.6204955192e-02 4.7291411534e-03
-3.9087517337e-03 1.2838714965e-02 3.4487012676e-03
-2.2418891173e-03 1.2237303027e-02 4.3274078000e-03
-5.6821642237e-03 3.6040387170e-02 1.5149201723e-03
-2.6943296279e-02 6.2123940243e-02 -6.0931276221e-03
-3.6369756248e-02 7.2884557382e-02 -1.1883341311e-02
-6.4283278838e-03 1.3463886623e-02 4.6919272059e-02
1.0174480953e-01 -7.4327247138e-02 1.5707209701e-02
3.5001907379e-02 -2.1112562650e-02 -4.4886265005e-02
-5.2761586301e-02 6.2275689673e-02 -3.5977861788e-02
-2.4222558411e-02 2.4575168263e-02 -2.9598023508e-02
-9.0922002400e-03 1.5177288008e-02 4.4684963986e-02
5.1358695626e-03 -6.3917710474e-03 4.4377565665e-02
-1.2817322045e-02 -3.9090332302e-03 4.0598822155e-02
-2.5733739201e-02 4.7757067833e-03 1.6839458026e-02
-3.5947337869e-02 2.7651178261e-02 5.2529824174e-03
-1.0971720221e-02 1.8097719491e-02 -5.9925999818e-03
-4.6494406366e-03 2.1128499884e-02 -6.6234414490e-03
-1.9242807904e-02 3.9566436793e-02 -1.7101828086e-02
-3.0553123083e-02 5.2516944706e-02 -1.9286339587e-02
-2.7961001410e-02 2.6624910874e-02 1.1506920885e-02
1.5063035063e-01 -3.0300815966e-01 2.5199375192e-01
5.8934941248e-01 -8.7559611196e-01 1.8126914547e-01
5.1954493985e-01 -5.7719978985e-01 -3.6754162624e-01
4.6188274568e-02 -4.2459822772e-02 -1.5414610605e-01
-3.5111337133e-02 2.1863217912e-02 -3.5342899736e-02
4.5209917294e-03 -2.7806897291e-04 5.2230835630e-02
1.6550752295e-02 -2.2965661800e-02 4.3825272037e-02
3.4132007368e-03 -2.1185705159e-02 4.3185407956e-02
-7.7578213993e-03 -1.6347550060e-02 1.9812157270e-02
-1.6054538084e-02 7.5579028129e-03 1.5982592499e-02
-4.1086155690e-03 -5.9794940754e-03 -8.1447872975e-03
6.9545195432e-03 -7.5231971643e-03 -2.7615238026e-03
-1.7879593011e-03 7.5636344760e-03 -3.9608151226e-03
-6.0298143268e-04 1.5943356218e-02 1.2870264418e-02
-1.5209684247e-02 -2.0525708276e-02 8.0072768765e-02
2.1526175964e-01 -6.7741441337e-01 5.3093152570e-01
5.8290914919e-01 -1.3804023748e+00 5.9541253516e-01
8.6295220828e-01 -9.5900074675e-01 -7.6867262223e-01
3.9791520211e-01 -3.2211005238e-01 -6.2397655403e-01
3.2307843356e-02 -2.1667332570e-02 -6.6334074731e-02
1.4063975805e-02 -2.2897405540e-02 5.7114546856e-02
2.6926095022e-02 -4.2867526720e-02 5.1090386295e-02
2.1419457371e-03 -4.1890104567e-02 5.9177859859e-02
-5.3963277854e-03 -2.1543325145e-02 2.9109830032e-02
-2.6099421507e-02 1.7694394326e-04 2.2700592610e-02
-8.1623858047e-03 -5.1136261259e-03 1.4726733275e-03
-9.2359853915e-03 -4.9668156846e-03 8.9525937955e-03
-9.1838256067e-03 1.2911426241e-02 2.6340155919e-03
-1.0948043721e-02 -1.4607967224e-03 2.7372200973e-02
1.2062331023e-04 -3.3653087223e-03 1.1079225265e-01
9.1437735175e-02 -5.9204450417e-01 4.7753782229e-01
8.4051564272e-02 -1.0042246166e+00 7.6159257601e-01
4.2929624800e-01 -9.3837367162e-01 -4.8543861880e-01
6.4118960562e-01 -7.4434517519e-01 -1.2799424731e+00
1.7647256582e-01 -1.1509249363e-01 -3.1884111775e-01
-3.9729594638e-03 3.2848156985e-03 3.9461177702e-02
2.2178816155e-02 -2.5460014564e-02 3.9835113923e-02
-6.7697260985e-03 -1.1341711317e-02 3.4101764775e-02
-2.2622037268e-02 8.4487978614e-03 2.0027776166e-03
-5.3399420345e-02 4.1889549384e-02 -1.0583105465e-02
-3.6824972273e-02 2.2712929735e-02 -1.8990269854e-02
-1.9817137577e-02 1.6534020280e-02 -5.9645837822e-03
-2.8317304819e-02 4.3481256479e-02 -1.2930811407e-02
-2.4693091137e-02 2.6610151878e-02 3.5068582429e-02
-4.1783193782e-02 4.6759788954e-02 1.3326342676e-01
-1.4107972939e-02 -4.3659283981e-01 4.1771397190e-01
-1.9574010274e-01 -1.0382962548e+00 8.8737278024e-01
-3.0913064699e-01 -1.3959495839e+00 4.4049480754e-01
1.3469281311e-01 -1.4502220480e+00 -1.0384695473e+00
1.8470734090e-01 -6.0146061309e-01 -8.6469579295e-01
6.3406860144e-03 -6.8759938423e-03 4.4624207628e-02
1.3567833179e-02 -2.5994126579e-02 4.0906462297e-02
1.5822233412e-03 -2.6379303280e-02 3.7553762824e-02
-1.5907687190e-02 -6.3128416798e-03 5.6524137929e-03
-2.4019677021e-02 1.4231817602e-02 6.5882611358e-03
-1.5384781498e-02 6.1175690856e-03 -5.2052688690e-03
-6.0663262817e-03 -4.6952467905e-03 5.8765534659e-03
-1.4548253251e-02 1.1013403761e-02 1.4225747426e-03
-1.3203587380e-02 2.0166754193e-02 4.9433717193e-02
-4.4171353235e-02 -1.0273790024e-03 1.3602373462e-01
-1.3622337381e-01 -3.8485487354e-01 3.3869916381e-01
-3.3279482074e-01 -9.1759796232e-01 8.8534670514e-01
-8.6119994148e-01 -1.6243770718e+00 8.0906286636e-01
-9.7412027391e-01 -2.0321529136e+00 -5.1121917269e-01
-3.3007457681e-01 -9.3177418332e-01 -1.0022409376e+00
-9.7891582505e-05 -6.3982820462e-03 3.8593702526e-02
7.7494823430e-03 -1.9408304311e-02 4.6145344640e-02
1.0645798770e-02 -2.8313013365e-02 4.3363729322e-02
1.8233709345e-02 -2.5125208181e-02 3.6812454023e-02
2.2923843131e-03 -5.7446007715e-03 3.2080314838e-02
2.8093365018e-03 -6.3593253937e-03 1.6623666460e-02
1.6856519642e-02 -8.8901710959e-03 2.8625386432e-02
-7.4273979127e-03 -6.0662544603e-03 2.1547961245e-02
-1.2579054676e-02 5.5166150108e-03 3.9632887630e-02
-5.5367402830e-02 -2.1291383665e-02 5.2208428784e-02
-1.1633838404e-01 -3.2862784024e-01 1.7926768361e-01
-2.6561271969e-01 -5.8239527487e-01 5.4542669057e-01
-9.0907227841e-01 -1.1707273415e+00 5.0975412137e-01
-1.2440813764e+00 -1.3534317137e+00 -3.2365344322e-01
-4.1017604803e-01 -4.2264339053e-01 -4.1381727592e-01
2.3435315235e-02 -1.2106464730e-02 5.0267895724e-02
2.6226140845e-02 -3.1033235490e-02 4.8783717019e-02
3.0134368302e-02 -4.0613002767e-02 5.1558409813e-02
3.2412379080e-02 -4.0933722141e-02 4.2333961636e-02
2.9520365998e-02 -3.0628702484e-02 4.0299957706e-02
1.8406715359e-02 -3.5301285239e-02 2.7916808315e-02
2.5116408621e-02 -3.2149705426e-02 3.7007833778e-02
1.1449816260e-02 -2.7508001431e-02 3.8730893691e-02
1.8588111506e-03 -7.1420529450e-03 4.1400931985e-02
-1.5948598538e-02 -9.4550031637e-03 2.8055727098e-02
-4.2630311935e-02 -1.3371664205e-01 7.9406001774e-02
-1.2906914927e-01 -2.4741937107e-01 1.5485680475e-01
-2.8658477862e-01 -2.9661071405e-01 1.5771058869e-01
-3.1916732550e-01 -2.5852349103e-01 -3.1509009427e-02
-4.5646424985e-02 -4.3685611663e-02 -2.7207025749e-02
1.1521538211e-02 -1.3352387033e-02 3.9245433264e-02
1.6799290076e-02 -3.0824056731e-02 4.6272475420e-02
2.0443924405e-02 -3.8152534370e-02 5.0386458420e-02
1.8986035201e-02 -3.5578782726e-02 4.1040455135e-02
9.6434441802e-03 -2.3700337238e-02 4.0921246008e-02
1.3417240809e-03 -2.1132691269e-02 2.8575336988e-02
8.3699448926e-03 -1.8304854947e-02 3.6776416819e-02
-9.0067186326e-03 -8.0378278853e-04 2.9679339511e-02
-1.5666857609e-02 1.4692048500e-02 2.6418081371e-02
-3.7249249514e-02 3.5273462924e-02 4.7004074077e-03
-1.7360745810e-02 1.8853561277e-02 2.9851674073e-02
-3.2519376524e-02 2.0288300440e-02 3.2446608409e-02
-2.4878284584e-02 3.1031661709e-02 6.0946503642e-02
-3.5381497755e-02 4.7666936653e-02 1.2256757289e-02
2.0459518503e-04 3.6853798685e-02 4.7455115526e-03
5.2544331132e-03 5.4188577552e-03 4.1003062155e-02
1.9826373315e-02 -1.6359192777e-02 4.7505519479e-02
1.6505591196e-02 -1.8516050124e-02 4.3892741754e-02
1.3612019416e-02 -1.1677118641e-02 2.9828279179e-02
-1.3013635220e-03 3.0295811900e-03 2.8782603211e-02
5.4906858116e-03 -2.5269621605e-03 2.7100109779e-02
1.0048442051e-02 -2.6607967078e-03 3.3821641022e-02
-2.6146108376e-03 4.7067802947e-03 3.0250234233e-02
-6.5831145372e-03 3.5216414300e-02 1.6797887946e-02
-2.4039055969e-02 4.8467870467e-02 -2.1154793114e-03
1.0513744911e-02 4.1854549403e-02 1.4440613955e-02
-6.7947792149e-03 5.7375947029e-02 2.0990745972e-02
3.3994999132e-05 5.2051056241e-02 3.6068396173e-02
-1.6622228113e-02 4.9573105528e-02 -4.8951524290e-03
1.0033509095e-02 1.6820966513e-02 -2.1484708377e-02
7.9236492618e-03 2.7432285163e-03 3.3998744991e-02
2.9491753142e-02 -1.5754720987e-02 3.9021522953e-02
1.6917916554e-02 -1.6182776513e-02 3.9259246083e-02
9.4241923180e-03 -1.1083743260e-02 2.8255075885e-02
-7.5508290344e-03 5.2506060367e-03 2.7046903540e-02
4.3860655162e-03 -2.3613979448e-03 1.6666782354e-02
1.1040306558e-02 -5.4116861341e-03 2.2698511544e-02
-2.3708648489e-03 1.8545655356e-05 1.4114664605e-02
-1.3309437732e-02 2.4967750730e-02 2.4841443572e-03
-2.6138869721e-02 3.2754646451e-02 -6.4811377630e-03
1.1687340919e-03 3.2752527561e-02 3.3316239573e-03
-1.7710663975e-02 4.8197648162e-02 2.1714916090e-02
-1.0521197811e-02 4.3658353520e-02 3.8369500870e-02
-2.7667363891e-02 3.6066099758e-02 -2.6106355163e-03
-6.9928650362e-03 9.2986677323e-03 -2.6174193481e-02
6.3425406378e-03 2.5158358261e-05 3.7336197464e-02
1.7135074210e-02 -1.0629747648e-02 3.5721085884e-02
1.6747420938e-02 -1.5494730897e-02 3.9127522329e-02
1.9544077251e-02 -9.0320561881e-03 3.0376654293e-02
1.1677484045e-03 9.1733746965e-03 3.0161140214e-02
2.5029804326e-03 -3.1643406298e-03 1.0084029473e-02
1.1096590051e-02 -5.4685351934e-03 2.1000886194e-02
-5.0200284814e-03 5.0840029309e-03 1.1019518146e-02
8.3076131368e-04 2.9750904466e-02 1.0194896729e-02
-2.0943067164e-02 3.3274134381e-02 -4.5954864644e-03
2.1267007253e-02 2.8535902564e-02 1.4372727731e-02
5.7380322632e-03 3.9199519139e-02 3.9349469796e-02
2.2220779680e-02 3.3754415825e-02 7.4130240891e-02
-3.9098327175e-04 2.4086030507e-02 3.5405713323e-02
1.2591863319e-02 1.8823950910e-03 -1.2552713498e-02
2.5309133903e-02 -2.1220125100e-02 4.6318934709e-02
4.0863720288e-02 -4.0168209531e-02 3.7647151311e-02
4.7330248147e-02 -4.5287341221e-02 5.0488849561e-02
3.2746602580e-02 -3.3820287534e-02 3.7693051428e-02
2.7064327531e-02 -1.5815208169e-02 4.0187836141e-02
2.3735224635e-02 -3.1215244434e-02 1.7129631326e-02
3.6261695961e-02 -2.8646727389e-02 2.7541486645e-02
2.3767607591e-02 -1.8209338761e-02 2.0180954093e-02
2.7343162960e-02 6.3115630214e-03 2.5643470816e-02
1.3714598280e-02 6.4838308974e-03 1.6779782810e-02
3.1106026902e-02 8.4457623160e-03 3.4771135861e-02
3.0772450413e-02 1.6133960647e-02 7.0797895867e-02
3.7067729817e-02 1.9350307650e-02 1.0006941112e-01
2.3041134140e-02 1.3936268050e-02 5.7428701945e-02
2.4162895083e-02 -1.1027950904e-03 7.9244860582e-03
