-7.6488785553e-03 -2.7585829210e-02 1.6077991625e-02
-2.2055604837e-02 -4.3218603766e-02 1.5635856512e-02
-3.4992574013e-02 -4.3453286744e-02 2.3218924462e-02
-6.3350113333e-02 -6.1304631671e-02 -2.4134825442e-02
-2.7937455737e-02 -9.4145180917e-02 1.5921437504e-02
-2.4129950780e-02 -1.1504588757e-01 -1.5670499571e-02
-7.3881366764e-03 -1.0491606749e-01 -1.1852805078e-02
3.9253061896e-02 -8.8791860778e-02 -3.1310150243e-02
5.8884732598e-02 -8.4555901972e-02 -1.9014110062e-02
1.6289888237e-02 -1.3860530167e-01 -7.2714018734e-02
-8.2056109912e-02 -1.8239086821e-01 -1.0237506060e-01
-8.6510549536e-02 -2.2390138196e-01 -7.6485558093e-02
-7.7572779062e-02 -1.6157883318e-01 7.9572075712e-03
2.9681372855e-03 -1.3793840840e-01 2.2793472991e-02
-1.2914293542e-02 -8.8831326337e-02 2.7466408914e-02
-1.3408601514e-02 -2.2484512289e-02 1.3260717756e-02
-2.7765541261e-02 -3.1497446078e-02 -1.5031006610e-02
-4.5199646182e-02 -3.1926017926e-02 -2.1603611579e-02
-8.5584769967e-02 -4.2841464093e-02 -6.9300055706e-02
-5.5033856026e-02 -6.2546495629e-02 -3.3094345368e-02
-2.3738786516e-02 -3.8102810535e-02 -3.3857009879e-02
9.4514676537e-02 1.0889333084e-01 1.2024791307e-02
2.2785131613e-01 2.6917104285e-01 -2.9424678213e-02
2.6952431809e-01 3.1649070442e-01 -7.9747037160e-02
1.1835246158e-01 1.2769209946e-01 -1.4919266184e-01
-9.2543369655e-02 -9.9961807111e-02 -2.0201092049e-01
-1.1751507336e-01 -1.7950277050e-01 -1.1610795250e-01
-9.0774426884e-02 -1.3706926380e-01 -1.6688229807e-02
4.4325918844e-04 -1.2221797924e-01 9.0910914212e-03
-1.5998338866e-02 -1.0913307513e-01 1.3767490312e-02
-1.2668224759e-02 -3.4412960660e-02 9.4389388684e-03
-1.7808469603e-02 -5.0695037183e-02 -1.4860630386e-02
-5.1440715281e-02 -6.6114670721e-02 -3.7461315118e-02
-8.5310394326e-02 -6.1946656931e-02 -8.3456959797e-02
2.1582072680e-03 -3.0017491093e-03 2.1235002273e-02
1.2857475459e-01 2.2363843355e-01 9.5269576056e-02
3.2767825873e-01 6.1462783883e-01 1.7237655149e-01
4.3428699709e-01 8.6236844856e-01 4.5976719387e-02
4.0778028551e-01 7.9234221994e-01 -1.3758144629e-01
1.7598172082e-01 3.4783618294e-01 -2.1979946244e-01
-9.1636252468e-02 -6.9904581677e-02 -2.7976626206e-01
-1.1155615840e-01 -1.6965619447e-01 -1.9021221739e-01
-8.6764085901e-02 -1.3233851961e-01 -7.1668298246e-02
-7.4363871296e-03 -1.0509867814e-01 -8.8198320578e-03
-2.6332598492e-02 -8.8491175647e-02 1.4735647132e-03
-2.1222775556e-02 -2.1762215292e-02 1.0690331212e-03
-2.6793824643e-02 -4.5735295463e-02 -5.2162398058e-02
-4.8707704253e-02 -5.4464009661e-02 -8.8748743588e-02
-2.4175106424e-02 2.2906256569e-02 -5.2574347522e-02
1.6768976756e-01 3.2291144540e-01 1.6930189867e-01
3.0580611490e-01 7.2305962479e-01 2.6565104207e-01
3.9174000570e-01 1.1295171343e+00 2.8952742613e-01
3.2007424899e-01 1.0980226446e+00 9.8494118543e-02
1.9284300484e-01 7.3103376493e-01 -1.1100903143e-01
5.5287902768e-02 2.0118028395e-01 -1.2197884562e-01
-1.2117364269e-01 -1.1942960209e-01 -1.8631097953e-01
-8.0324209276e-02 -7.1870065455e-02 -1.7482324215e-01
-5.9918634534e-02 -6.9638316905e-02 -7.5738675975e-02
-2.6630142930e-03 -5.7444090672e-02 -1.1647478084e-02
-1.8671659018e-02 -5.7818716817e-02 -3.7764748148e-03
-3.9916592494e-02 -4.2501036649e-02 -8.9152197201e-03
-4.6783336063e-02 -6.4863242628e-02 -3.4725557342e-02
-5.0531991227e-02 -5.0696089000e-02 -4.5105135814e-02
-1.1439967163e-03 1.5580958279e-01 7.8693034936e-02
1.9520619932e-01 6.8662300169e-01 3.2788028067e-01
2.5783306752e-01 1.0778563502e+00 3.7001831024e-01
2.4519947354e-01 1.2208391807e+00 2.7167788143e-01
1.4473763226e-01 9.6792944653e-01 6.7193310535e-02
6.9519004631e-02 3.2136116875e-01 -4.9972072234e-02
-1.7495204719e-02 -1.3580119358e-01 -2.9893992136e-02
-1.0442839487e-01 -2.4580003724e-01 -9.5812583007e-02
-7.8420429929e-02 -8.7852144463e-02 -1.1870823412e-01
-3.2142575831e-02 -8.7801762244e-02 -6.6681078596e-02
-4.1456885413e-03 -6.5303707295e-02 -8.1816145969e-03
-1.7496489487e-02 -5.6831486297e-02 1.5428551341e-03
-5.0639616382e-02 -5.6540355008e-02 -2.0222475385e-02
-5.3886910528e-02 -7.5409334900e-02 -5.8555718224e-02
-7.0365265819e-02 -4.4711126465e-02 -3.6618383035e-02
-5.0541515192e-02 2.6392834221e-01 1.1171852415e-01
1.4303610501e-02 9.4469795967e-01 3.6011226053e-01
3.5909810341e-02 1.1871731327e+00 3.1753961100e-01
-4.6929555975e-03 1.0686713874e+00 1.6385564655e-01
-1.3849135040e-02 7.9902767350e-01 3.9664838897e-02
-4.2279959240e-02 1.1280939954e-01 -1.9242709602e-03
7.6188060516e-03 -3.9464150180e-01 2.1148950677e-03
-1.4308040502e-02 -3.4463643063e-01 -1.6637363380e-01
-7.9459799949e-02 -7.5371381248e-02 -1.9387712650e-01
-7.5661078188e-02 -8.6521457160e-02 -9.5949335186e-02
-2.7502051510e-02 -7.5627543225e-02 -3.0189713655e-02
-3.4717132362e-02 -5.5481339227e-02 -1.0415231825e-02
-5.9864052565e-02 -6.8566210592e-02 -2.1246837971e-02
-6.8151413874e-02 -8.5855837324e-02 -6.6644594481e-02
-1.0520424907e-01 -5.9677930163e-02 -5.1175814505e-02
-1.8828925456e-01 2.7545585917e-01 9.8736125385e-02
-2.8981145886e-01 9.6390020010e-01 3.2542858959e-01
-3.0886797654e-01 1.1531209406e+00 2.5625827211e-01
-2.0454987974e-01 8.9636462587e-01 1.1278910712e-01
-1.5203106852e-01 6.8550499235e-01 -9.4100036968e-03
-1.5154701126e-01 1.9031998132e-01 3.6627604851e-03
-5.8183684089e-02 -4.2728122116e-01 1.2272494297e-01
5.0403197802e-02 -4.4380043597e-01 1.7945770133e-03
-5.2802913563e-02 -1.1638521093e-01 -1.1599398967e-01
-7.7425397279e-02 -1.0516872695e-01 -7.7327512934e-02
-3.3429741551e-02 -1.0264722841e-01 -3.2845128357e-02
-3.0474684339e-02 -8.9194752443e-02 -1.2121136825e-03
-4.3380191336e-02 -6.0473990373e-02 -1.9872577071e-03
-4.6817994121e-02 -7.7352885103e-02 -4.4199249253e-02
-7.5173111030e-02 -9.1930934992e-02 -6.8344771379e-02
-1.6584938949e-01 6.2370050447e-02 -1.7029428843e-02
-2.4191683459e-01 4.5616373976e-01 1.5820687762e-01
1.9431960848e-02 8.1348223519e-01 3.0802338844e-01
5.2973244490e-01 9.3933284765e-01 2.4281402599e-01
7.8621337736e-01 8.1710709246e-01 -4.7027020707e-02
6.0878261921e-01 5.8336983805e-01 -2.6330575705e-01
2.6836821619e-01 8.2670176482e-02 -1.5562087417e-01
9.1601769525e-02 -1.4460060772e-01 -4.3131461298e-02
-4.7966513812e-03 -7.7817674452e-02 -1.0844127813e-01
-9.7991392880e-02 -1.2471168132e-01 -6.4417487814e-02
-5.0438582793e-02 -1.1462179595e-01 -1.1446753915e-02
-4.2471746498e-02 -8.0464547638e-02 -3.4608428037e-03
-3.5952079059e-02 -5.5722629376e-02 8.1612097661e-03
-3.1918418844e-02 -6.6075862899e-02 -2.0782351104e-02
-4.2207078805e-02 -8.1919249027e-02 -3.9034737737e-02
-7.7446624046e-02 -5.3411956339e-02 -3.3098553036e-02
-3.8207289142e-02 2.7017526737e-01 2.3590555420e-01
2.0519091250e-01 1.3675350639e+00 8.6106720729e-01
7.7306823896e-01 2.4247060597e+00 9.3878833413e-01
1.1691209005e+00 2.4816387504e+00 1.7097573093e-01
1.2347427035e+00 2.3397424734e+00 -7.4419067164e-01
8.9333078964e-01 1.5057152802e+00 -1.0103940133e+00
5.4365076190e-01 8.2480342586e-01 -3.8825938881e-01
2.9311370656e-01 4.4708016958e-01 -3.3744535509e-01
-2.4254060272e-02 -8.3597861864e-02 -1.0117161816e-01
-1.0569406053e-02 -1.2110410021e-01 4.0025488616e-03
-1.0347567599e-02 -9.0747200547e-02 8.2491435942e-03
-1.0321500976e-02 -5.8802937731e-02 3.0402486217e-02
-5.2331310049e-03 -6.0713034163e-02 3.1943057253e-02
-4.8370077312e-03 -7.1514543361e-02 2.0704419272e-02
-4.1218276462e-02 -5.6742978410e-02 2.2377418689e-02
-1.2851905855e-01 1.7659091794e-01 2.2456011872e-01
-5.0743326667e-01 1.0983142954e+00 8.1247849965e-01
-8.8210622733e-01 2.4381852631e+00 1.2537618467e+00
-6.8950176715e-01 2.9032066072e+00 5.5770410757e-01
-3.8440316553e-01 3.0561145448e+00 -6.2935358712e-01
-3.1590264972e-01 2.0475300423e+00 -1.2078035298e+00
-1.1137285251e-03 1.2219909724e+00 -5.5839839826e-01
1.6117888727e-01 8.4194019877e-01 -4.1698926819e-01
-3.1981846304e-02 -7.5217454553e-02 -1.0309341658e-01
1.3972554414e-02 -1.2917367516e-01 8.4288171839e-03
-6.2926743798e-04 -7.4263694506e-02 6.4271083357e-03
-4.4047145365e-03 -6.2599495514e-02 3.0604569924e-02
2.9814463712e-05 -6.3573894156e-02 1.4522989862e-02
8.9002201064e-04 -6.3428423434e-02 1.6097515639e-02
-2.1343486303e-02 -6.0157325046e-02 -1.9681073267e-03
-7.6807117034e-02 3.5593700670e-03 6.9414921955e-02
-3.7044906256e-01 3.4076846787e-01 3.1826947857e-01
-1.1219632331e+00 1.1584021680e+00 7.6176559492e-01
-1.7055620520e+00 1.8912563662e+00 5.9133349264e-01
-1.5654488314e+00 2.2145930266e+00 -1.3617482187e-01
-9.8821165969e-01 1.1769516055e+00 -5.5901488522e-01
-3.2064113951e-01 9.1470657949e-01 -3.1429937978e-01
-5.7426802606e-02 7.4994736541e-01 -3.4751421242e-01
-3.4316052680e-02 -5.9019853375e-02 -9.3586678400e-02
1.8878300216e-02 -9.8640686050e-02 -9.7755064228e-03
6.3896773656e-03 -7.8063731026e-02 5.1018010602e-03
-4.2358895219e-03 -6.7735326965e-02 3.5504511278e-02
5.8892530633e-03 -7.2403139094e-02 3.1155150599e-02
4.1083143014e-05 -7.6271012499e-02 2.6687989564e-02
-2.1207497694e-02 -7.5864058788e-02 9.6501024742e-03
-3.1963859153e-02 -6.8536156233e-02 3.3905390800e-02
-9.0887532749e-02 2.0838324953e-04 7.8978417918e-02
-3.2501401270e-01 2.2644886935e-01 2.2054237891e-01
-8.0751226326e-01 5.9519902292e-01 3.2735923012e-01
-1.0286783236e+00 9.4031243589e-01 1.9233309758e-01
-6.1249512337e-01 7.1697987954e-01 -3.4712109680e-02
-2.3097966907e-01 6.2137839488e-01 -1.2004594238e-01
-1.1239398874e-01 4.3445337380e-01 -2.0292843476e-01
-9.1148440033e-03 -9.5020130909e-02 -6.5401874014e-02
2.6691138496e-02 -1.0114644025e-01 1.3492623792e-03
6.8634135007e-03 -7.0532075545e-02 2.8843395836e-02
-8.1677995985e-03 -6.1322995986e-02 2.9954213317e-02
3.4003168823e-03 -6.4044318168e-02 1.6931998135e-02
-4.4220581067e-03 -6.9088989976e-02 5.0511316351e-03
-2.4894780780e-02 -6.2428929320e-02 -6.6850297362e-03
-2.8886180079e-02 -5.0842351831e-02 3.0646223570e-02
-1.6694404861e-02 -3.6467957606e-02 3.7550761677e-02
-3.1134926401e-02 -3.9466759701e-03 4.7480713512e-02
-1.3294535998e-01 5.8778816864e-02 1.1021912408e-01
-2.7792590531e-01 2.0175896024e-01 1.5728028871e-01
-2.2941694858e-01 2.2831876022e-01 1.1516685741e-01
-1.5471527193e-01 2.9849671710e-01 -6.7717820243e-02
-9.7365457159e-02 2.2508485337e-01 -1.3909198653e-01
-4.3734100913e-03 -7.4241430355e-02 -6.4073480909e-02
2.8449597876e-02 -5.7901875124e-02 5.6886779105e-03
4.1764550978e-03 -3.6876517787e-02 2.6549973902e-02
-2.3040770952e-02 -6.0880671505e-02 2.2510258129e-02
-9.1891324125e-03 -6.5460652933e-02 1.8473510228e-02
-1.8412159956e-02 -7.0978500070e-02 8.6117097948e-03
-3.3363465603e-02 -6.9805830446e-02 1.1288984816e-02
-3.6181900314e-02 -5.8184566546e-02 4.1854733546e-02
-3.4883943921e-02 -3.6698041270e-02 4.6529061107e-02
-2.0438303223e-02 -2.5546360619e-02 3.9294607728e-02
-3.3162785659e-02 -3.5174212238e-02 3.7135867470e-02
-5.8449602718e-02 -1.9144014652e-02 5.7634570351e-02
-6.3438087058e-02 2.0271837166e-02 6.2186920653e-02
-8.0289462663e-02 7.8973981956e-02 -1.4781689293e-02
-5.1102484511e-02 1.4068136091e-02 -5.7249480137e-02
5.0268903703e-03 -8.7004131210e-02 -1.3939274988e-02
2.3057773916e-02 -6.4453372264e-02 2.5983977763e-02
-1.2384778459e-03 -4.1206340500e-02 4.1164015540e-02
-2.2361800709e-02 -6.8718539061e-02 1.5932583503e-02
-1.3824365173e-02 -6.9497465284e-02 7.6311813222e-03
-1.6580395370e-02 -7.5016898173e-02 7.0626826032e-03
-3.3284252340e-02 -8.0026615728e-02 3.6929287859e-04
-4.3083086588e-02 -7.6614407807e-02 1.6828915047e-02
-3.5877332637e-02 -4.9347757155e-02 1.2949293094e-02
-2.6192213361e-02 -3.8589119270e-02 2.2253277896e-02
-2.7172043081e-02 -5.3343464511e-02 2.7327418308e-02
-3.2281809660e-02 -5.8984986154e-02 3.5020148986e-02
-2.7638925581e-02 -4.5190078371e-02 3.1006505659e-02
-3.2353352840e-02 -3.9443395618e-02 -2.4458711711e-03
-1.4696323291e-02 -9.1573056373e-02 -1.3875720456e-02
-2.1608389614e-02 -9.7226860063e-02 -5.9004542919e-03
3.6989431345e-03 -7.1218604544e-02 1.4807813259e-02
-1.2698119272e-02 -3.3362780571e-02 3.4376437057e-02
-2.6612694485e-02 -7.6362435784e-02 1.7270712636e-02
-1.9260869023e-02 -8.0061751550e-02 -4.2825888242e-05
-3.4084683644e-02 -8.3973112399e-02 1.6106807162e-02
-4.6006251395e-02 -8.6387160756e-02 5.5158427870e-03
-6.2330498521e-02 -8.6743759098e-02 1.9549375555e-02
-4.6314733682e-02 -7.1529518195e-02 5.3880750292e-03
-3.9323703079e-02 -5.8832082531e-02 1.9833691865e-02
-4.0102634112e-02 -6.6116483679e-02 3.6754539302e-02
-4.2950510119e-02 -6.8761559702e-02 5.2213343385e-02
-2.5582897379e-02 -6.2719456320e-02 2.9497364524e-02
-1.9678077687e-02 -6.3822309962e-02 9.8429155135e-03
-1.6514072438e-02 -8.8428745761e-02 2.4442230898e-02
-2.1775910279e-02 -9.6361963067e-02 2.5807000986e-02
1.2552020090e-03 -7.3707610284e-02 2.9817768601e-02
-1.3723226475e-02 -5.7218204163e-02 4.7494976169e-02
1.8042157670e-03 -1.3999386535e-02 4.2248090793e-02
-4.5054885172e-03 -2.2507552342e-02 4.2889435728e-02
-1.1354974138e-02 -2.4594735049e-02 3.4183292135e-02
-1.5125577402e-02 -3.2105955417e-02 4.8331876431e-03
3.9108994921e-02 -7.9102456138e-02 5.6259977398e-02
9.2756309783e-02 -6.8852481677e-02 5.5690934342e-02
2.3138578415e-01 3.2585484874e-02 9.7306974193e-02
4.1274623951e-01 1.7367862663e-01 6.6799350860e-02
4.6324356546e-01 2.3624564263e-01 2.3361462691e-02
3.4321249362e-01 1.4551637062e-01 -1.2385993199e-01
6.5677709083e-02 -8.9201181763e-02 -2.2404679325e-01
-1.5406077282e-02 -2.0592929526e-01 -4.1765522587e-02
-3.9700354124e-02 -1.5257026879e-01 3.5551270818e-02
2.7355298010e-02 -1.2393614217e-01 4.6512675833e-02
-1.7232828439e-02 -7.9915720702e-02 2.0123015210e-02
1.4814352230e-03 -8.7917472673e-03 3.9545370612e-02
-2.0689346260e-02 -2.3206904420e-02 2.2883802337e-02
-3.0303851259e-02 -2.5652574647e-02 2.6023405303e-02
-5.1257589683e-02 -5.3445301162e-03 -2.1643425206e-02
1.2093709314e-01 7.1721881048e-02 1.2048452291e-01
3.8961820816e-01 3.3491523589e-01 2.4465509853e-01
8.1758542972e-01 7.2295702007e-01 3.3721130091e-01
1.0605355448e+00 9.4820788888e-01 2.0633224115e-01
1.0285790612e+00 1.0131072076e+00 7.5479943689e-03
7.0469700959e-01 7.5402344470e-01 -3.2056161923e-01
2.6908622637e-01 2.7814010711e-01 -5.3389695483e-01
-4.2052599781e-02 -1.2260793154e-01 -2.6193665624e-01
-7.8186969916e-02 -1.5967179576e-01 -3.9568621774e-02
1.0462169522e-02 -1.2795160111e-01 7.6813264663e-03
-2.6762861144e-02 -1.0078692161e-01 8.7560332261e-03
4.9759178631e-03 -1.3028481231e-02 3.8362671474e-02
-1.2321603881e-02 -4.3263358851e-02 2.4690976877e-02
-2.1564634874e-02 -4.1194340557e-02 1.2768058592e-02
7.4141068627e-02 1.0386135676e-01 1.1460961990e-01
4.9025178452e-01 5.0639365054e-01 4.4920118228e-01
7.5680728469e-01 9.0993879343e-01 6.0977833482e-01
8.5064656581e-01 1.0579265869e+00 5.2570398486e-01
6.5676658512e-01 8.9518527934e-01 1.9367648600e-01
5.1919280028e-01 7.8483143722e-01 -4.8229614375e-02
3.5988143948e-01 5.5228144452e-01 -3.0254654799e-01
2.5060324489e-01 3.4032776073e-01 -7.4256623734e-01
8.0223119742e-02 4.5937202301e-02 -4.4436576926e-01
-3.9644388720e-02 -1.1136935436e-01 -7.7487385801e-02
1.5845391727e-02 -9.3151495541e-02 7.9067813356e-03
-3.6948995161e-02 -7.4766747382e-02 7.8828587072e-04
-1.4465073595e-02 -3.8230349402e-03 2.5355188707e-02
-2.7173555943e-02 -3.7620661369e-02 -1.3871413244e-02
2.1557757219e-02 6.1878888151e-02 5.2444887310e-02
2.9406159684e-01 5.5497351463e-01 4.0779189596e-01
7.0020160381e-01 1.1074384915e+00 7.5450196188e-01
5.3329151132e-01 9.8974729765e-01 5.3466624641e-01
3.0963359882e-01 7.6522648109e-01 2.1385276336e-01
7.9491150848e-02 4.3534728671e-01 5.2379616469e-02
-4.8041836093e-02 1.6832965539e-01 5.2590296604e-03
-4.5438297699e-02 -3.4680176864e-02 -2.6352386992e-02
2.5341460506e-02 1.2138967987e-01 -4.2192636279e-01
5.3736695977e-02 1.3463249699e-01 -4.1644182083e-01
-4.0255600730e-02 -2.3732035408e-02 -1.0184975585e-01
2.0665090912e-02 -6.0660244800e-02 -1.5556484817e-02
-3.5547728904e-02 -4.0128827284e-02 -1.0802880364e-02
-3.8711690306e-02 -1.6598831060e-02 5.9361465954e-03
-3.4257877365e-02 -1.8862107133e-02 2.5795856681e-02
9.4364352520e-02 2.8223270789e-01 2.6323999840e-01
3.5187261231e-01 9.5718203755e-01 6.9560172532e-01
5.0839983302e-01 1.1801397211e+00 7.2592185220e-01
2.3943119636e-01 8.4945859516e-01 3.3130131885e-01
7.8547749850e-02 4.6253414433e-01 4.1344401039e-02
-1.2077507952e-02 5.4407648697e-02 3.3257158006e-02
-4.0263431930e-02 -3.3312150948e-01 7.4323773529e-02
-7.2199937828e-02 -5.1244061804e-01 1.2702490696e-01
-7.6227747885e-02 -2.5268249949e-01 -4.1918453823e-02
-2.1612706089e-03 -1.2046219230e-02 -1.3099611007e-01
-2.9461361052e-02 -5.0782317517e-02 -7.0651756962e-02
1.4987209990e-02 -6.7710065039e-02 -8.6623475968e-03
-3.4222200846e-02 -3.4140042734e-02 2.4260936497e-04
-4.9240498478e-02 -3.2080802279e-02 7.3884059626e-03
-3.6645484411e-02 1.3193816385e-02 5.1093761774e-02
2.7415932661e-03 4.0943054153e-01 3.5695895697e-01
7.7277126968e-02 9.9729244631e-01 6.6397379583e-01
7.0114124842e-02 1.0207388601e+00 5.1586481952e-01
-2.1151463594e-02 7.0767001032e-01 1.7130024112e-01
-5.6221483002e-02 2.4496252822e-01 -4.8721641495e-02
-3.3465951957e-02 -2.5727671863e-01 2.7552092838e-02
-3.6392442776e-02 -7.6987495317e-01 1.2033665576e-01
6.7011426058e-03 -8.6421468432e-01 1.4888785041e-01
-2.5084397302e-02 -3.5226447217e-01 -1.0616882232e-01
-7.9845571930e-02 5.2584753792e-02 -3.1954747141e-01
-9.1476505667e-02 -1.0849916243e-02 -1.4179903013e-01
-4.1365242136e-02 -5.6589537150e-02 -4.2470337306e-02
-5.4645466052e-02 -3.2706317574e-02 -1.9255829826e-02
-5.8946572513e-02 -4.7091487211e-02 7.1795758162e-03
-7.3745119775e-02 -2.0280688962e-02 5.1005615307e-03
-1.5898501914e-01 3.5500995628e-01 2.6846410216e-01
-3.1350158498e-01 9.9683126027e-01 5.7351204791e-01
-3.4124969541e-01 1.0489958638e+00 4.5489548624e-01
-2.5752153585e-01 5.9480255231e-01 1.4201523806e-01
-1.2913980040e-01 1.7146061320e-01 -1.1324787471e-02
-5.3649037480e-02 -2.0572760435e-01 -3.7754055506e-02
9.2016144847e-03 -6.9758830144e-01 9.3650374495e-02
9.1660735906e-02 -9.2387454127e-01 2.3591595272e-01
2.2127892982e-01 -6.0735345720e-01 1.9435519033e-01
5.5686731176e-02 -4.6919581117e-02 -1.3938737143e-01
-8.7564423709e-02 -5.0311932027e-02 -1.0959348199e-01
-4.4940341597e-02 -9.6442182452e-02 -3.1964408950e-02
-4.6623748193e-02 -7.5744751084e-02 5.5534403476e-04
-3.9698628913e-02 -4.2993365306e-02 1.6233723882e-02
-6.1742980486e-02 -4.1128398805e-02 1.3734586042e-02
-1.8598881377e-01 2.0408906599e-01 1.5421468878e-01
-3.8684444411e-01 7.0883958943e-01 4.1627588429e-01
-1.2982416260e-01 8.9259654628e-01 5.3002919489e-01
5.5800542939e-01 6.2068457805e-01 4.2223475628e-01
7.7841940857e-01 1.7438541493e-01 9.0654663963e-02
6.9645578797e-01 -1.9716594969e-01 -8.7331182997e-02
7.7000368669e-01 -3.6524154041e-01 -1.1414480283e-01
7.3283940426e-01 -4.2481021251e-01 -5.2484422841e-04
7.6684499042e-01 -6.9534261928e-02 1.9300593361e-01
5.5657749610e-01 1.6157316429e-01 -1.9520934936e-01
-4.7949304395e-02 -7.9587182046e-02 -1.1164026537e-01
-5.0074343488e-02 -1.0323436275e-01 4.9461062461e-03
-5.2962435697e-02 -6.9427511054e-02 1.4751934119e-03
-3.6892010088e-02 -4.6669024638e-02 2.0208424646e-02
-4.5781252202e-02 -6.0499052790e-02 -8.4404585429e-03
-1.0643215744e-01 1.4152857820e-02 2.1003639946e-02
-1.0646184337e-01 3.4983181198e-01 3.2357219898e-01
4.6918944392e-01 1.3308307346e+00 1.2443473037e+00
1.1827965559e+00 1.5835000829e+00 1.3478910224e+00
1.2226387094e+00 2.6366293937e-01 2.1193716225e-01
8.3253718363e-01 -6.3554642959e-01 -2.0939917744e-01
1.0525490124e+00 -2.1517494577e-01 -2.2916887917e-01
1.5859107078e+00 6.6661537420e-01 -8.2979528365e-01
1.9486249488e+00 1.7679982032e+00 -8.2072928358e-01
1.8343925961e+00 1.7516838465e+00 -1.1297059080e+00
1.4296421822e-01 3.8471605516e-02 -3.5658982398e-01
-3.3399552403e-03 -1.3273514627e-01 1.3662531408e-03
-2.4565530416e-02 -7.8012151449e-02 1.6193890490e-02
-7.5825037852e-03 -4.9125571400e-02 4.0079069163e-02
5.0906362802e-03 -6.1099367418e-02 4.5860943090e-02
-1.2029309925e-03 -4.7422623814e-02 5.4694403666e-02
-1.2610378469e-01 2.0024178478e-01 2.9895899962e-01
-5.4284053986e-01 1.1965169682e+00 1.1819136855e+00
-9.3502704426e-01 1.6715918256e+00 1.6021944161e+00
-5.7040493413e-01 8.8390256661e-01 8.2223250836e-01
-2.3254617699e-01 -1.9436646488e-01 8.8238379521e-02
-1.9525439013e-01 2.2080469572e-01 -1.4586019421e-01
-2.4631667563e-02 1.0089721547e+00 -1.0130594244e+00
-1.5045462228e-01 1.1992279816e+00 -9.3792833097e-01
6.3222552545e-01 1.9654944479e+00 -6.8355565655e-01
2.3761364043e-02 -8.2227926855e-03 -2.2508799389e-01
2.2958927126e-02 -1.4715596288e-01 -5.0307091174e-03
-2.0245485655e-03 -6.1502592664e-02 8.1122633636e-03
-6.4090052305e-04 -5.5876866227e-02 5.2541627457e-02
8.3695980200e-03 -6.7885852494e-02 4.8086176661e-02
1.3099352729e-02 -6.3855280664e-02 5.0778004664e-02
-7.6479647524e-02 -1.9040418901e-02 8.9943293045e-02
-4.8895869926e-01 2.1802136710e-01 3.7403324508e-01
-1.5111120069e+00 5.2245802466e-01 1.0185124687e+00
-1.9834800707e+00 1.2365032314e+00 1.2723969469e+00
-1.4785630860e+00 9.6712043907e-01 6.0608192773e-01
-1.1527266797e+00 1.0621497972e+00 3.6219822408e-02
-9.7190481110e-01 2.7132596685e-01 -4.4383245886e-01
-8.3250551441e-01 3.2371701701e-01 -4.3722260128e-01
-2.6495797190e-01 1.3904087110e+00 -3.9340320570e-01
-5.7313798441e-02 -4.3908500816e-02 -1.7304423726e-01
3.4906354948e-02 -1.1712745523e-01 -1.9649542128e-02
-3.1090729308e-03 -5.8050543164e-02 9.6490617960e-03
-2.5261510487e-03 -5.9566729000e-02 4.9737780696e-02
5.6343307981e-03 -7.4320303699e-02 4.8240379312e-02
8.8601216791e-04 -7.1678772138e-02 4.5440606754e-02
-2.2533014630e-02 -6.7063046397e-02 4.0329726785e-02
-9.3422134252e-02 -2.0679189110e-02 9.1755582476e-02
-3.8235656183e-01 4.6931502488e-02 2.7247045967e-01
-1.1154060524e+00 9.6983106508e-02 5.2233535796e-01
-1.7352366921e+00 2.6772367068e-01 5.3321529995e-01
-1.6776070609e+00 8.8295174960e-01 3.9258887033e-01
-1.0900048979e+00 6.8904776941e-01 6.8340599217e-02
-4.5650441020e-01 5.9244024149e-01 -3.1127013200e-01
-2.9308383835e-01 9.7870513519e-01 -3.7323683808e-01
-1.1757449134e-02 -7.6749048181e-02 -1.7082024304e-01
4.3110186071e-02 -1.1065664538e-01 -5.3005365284e-03
-8.9485196406e-03 -4.9554607896e-02 3.2031109147e-02
-1.1084231549e-02 -4.9006543870e-02 4.5799207678e-02
-9.2358733199e-03 -6.0103355427e-02 3.7452347794e-02
-1.3189550621e-02 -6.6063256592e-02 2.8040236381e-02
-3.4011685532e-02 -5.6676647650e-02 2.9793347300e-02
-3.7077040505e-02 -3.0488776475e-02 5.0424071022e-02
-5.7042217656e-02 -8.6970797817e-03 8.8072041125e-02
-2.1753132261e-01 6.7306737211e-02 1.9509078153e-01
-6.0221400230e-01 9.5128419823e-02 3.6071695785e-01
-1.0102321685e+00 4.9215931366e-01 5.6226423744e-01
-7.9853204308e-01 6.1274474386e-01 5.2730218798e-01
-4.8414103617e-01 6.9333231320e-01 -1.5733437764e-01
-4.3225729605e-01 1.0462996609e+00 -2.4879615518e-01
-2.2365789957e-02 2.2972839907e-03 -1.1032095761e-01
4.5818016034e-02 -7.7999329421e-02 -7.0486027454e-03
-1.9349816341e-02 -1.5424209137e-02 3.4643216722e-02
-3.1068877407e-02 -5.1041013286e-02 1.9054949828e-02
-1.8306448307e-02 -6.3314683136e-02 1.8782468463e-02
-2.6851804592e-02 -6.5682708404e-02 9.0167885906e-03
-4.6278154009e-02 -6.0148861835e-02 1.9605301225e-02
-4.6568170962e-02 -3.6512547772e-02 4.4920070118e-02
-4.9467949026e-02 -1.8437243018e-02 5.7802051160e-02
-4.9171512576e-02 -4.9395495527e-03 4.8286623671e-02
-1.2099110623e-01 7.2000480955e-03 1.0106091361e-01
-2.5695526843e-01 1.7160591731e-01 2.8285203747e-01
-3.2190008958e-01 4.3564561319e-01 4.6692524379e-01
-4.4176605596e-01 7.7715692044e-01 4.3980908978e-02
-4.6028357015e-01 8.6807157344e-01 -2.6773369921e-01
-3.4752495701e-02 2.3749763469e-02 -8.2003005986e-02
3.9637545635e-02 -6.8133090584e-02 1.6362986848e-02
-2.2294461022e-02 -2.3192232242e-02 4.6032298934e-02
-2.5792987937e-02 -5.7678239134e-02 2.6256118987e-02
-1.8418806660e-02 -6.9343932843e-02 1.5826830328e-02
-2.1921374839e-02 -7.0012194145e-02 1.6031268756e-02
-3.8015858450e-02 -6.6853550402e-02 1.0997065445e-02
-3.9732155072e-02 -5.8711063406e-02 1.9015785110e-02
-4.4782874477e-02 -3.7109326191e-02 2.9051884496e-02
-3.4273724449e-02 -2.8189239583e-02 2.0243781041e-02
-3.7174769110e-02 -2.6721855037e-02 5.5373506997e-02
-8.1975494336e-02 3.2281777339e-02 9.7719683536e-02
-1.5904715575e-01 2.0011249287e-01 1.4624653162e-01
-2.0844159009e-01 2.5692328692e-01 1.0436569885e-02
-1.8043147289e-01 2.0685700584e-01 -1.3176658565e-01
-3.4922902180e-02 -3.0284475044e-02 -3.3699997691e-02
1.1741658646e-02 -5.9404426263e-02 1.1885730179e-02
-2.9234585537e-02 -1.7844255612e-02 3.5170475817e-02
-3.1189520339e-02 -7.0535410720e-02 2.3668514398e-02
-2.4359709931e-02 -8.1990729796e-02 6.3709543606e-03
-3.7809314106e-02 -8.2475832911e-02 1.4098786582e-02
-5.0123518071e-02 -7.8213538945e-02 9.5034623806e-03
-6.5629093041e-02 -7.4482061277e-02 1.9216016197e-02
-5.9615676037e-02 -6.3877104619e-02 1.4062211375e-02
-5.5067712119e-02 -5.4205731714e-02 2.0224741680e-02
-4.7142432684e-02 -5.7978600018e-02 4.1172759076e-02
-5.8428426156e-02 -5.0969317910e-02 5.5908384198e-02
-5.8579277301e-02 -1.6044639689e-02 3.9142506433e-02
-5.9493643994e-02 -1.4194649589e-02 -1.1163034238e-02
-2.2754984663e-02 -5.3704869965e-02 -5.3051297233e-03
-2.5665593419e-02 -7.8681329837e-02 2.2850451861e-02
-2.4533785798e-03 -7.1859591448e-02 3.0224725788e-02
-2.7739871080e-02 -5.2126317591e-02 4.6659281413e-02
-1.4200290323e-02 -7.8713719711e-03 4.8079590782e-02
-8.6111492824e-03 -1.3988690714e-02 3.1704435896e-02
-1.1678424286e-02 -1.1647549252e-02 4.6016248380e-02
3.7159106480e-02 -2.0953044918e-02 3.8894683575e-02
2.0710121890e-01 -4.7091662515e-02 1.3200621057e-01
4.5336012741e-01 6.1786735581e-02 2.3086704066e-01
8.8483948376e-01 3.2272146278e-01 3.8022732041e-01
1.0591631115e+00 5.3063938160e-01 3.2087043494e-01
1.2282367081e+00 6.7130407403e-01 1.8623396070e-01
1.2464239038e+00 6.5724110953e-01 -2.8675479592e-01
6.9955339298e-01 2.6004805675e-01 -5.1903593978e-01
1.0219220223e-01 -1.5539547532e-01 -1.6917171927e-01
-3.6664514938e-02 -1.5960068453e-01 -5.7716370649e-03
2.1358793830e-02 -9.9514089963e-02 2.6476983533e-02
-1.8541588395e-02 -6.6866441753e-02 1.1252882136e-02
-7.8978171413e-03 8.0644878407e-04 4.1186932305e-02
-1.0352158362e-02 -1.8264741783e-02 2.6868477037e-02
-1.3118224208e-02 -6.2507623591e-03 4.8873727374e-02
1.0556480901e-01 4.9255174560e-02 1.2053942084e-01
6.0609552201e-01 2.7186795562e-01 4.7389424306e-01
1.0677880287e+00 6.0181944563e-01 6.5011680738e-01
1.2184494277e+00 6.9189154619e-01 5.8768907861e-01
9.5706423272e-01 5.4504642641e-01 3.0909054238e-01
6.6312692346e-01 4.4246671548e-01 1.5262578918e-01
6.8823454905e-01 5.2707687211e-01 -2.7521965982e-01
7.3595530921e-01 5.1193260942e-01 -8.2533800324e-01
1.5143953888e-01 -2.1037805478e-02 -4.7337191634e-01
-4.6218408107e-02 -1.5216046463e-01 -5.4339556394e-02
8.4268696197e-03 -1.0582233842e-01 -7.5916682580e-03
-1.4548373564e-02 -9.0134621661e-02 8.1124042147e-03
-2.3132113066e-02 -2.1898250605e-03 4.8690140452e-02
-2.6147032967e-02 -2.6641677150e-02 2.4619272872e-02
3.7777293350e-02 3.4797202305e-02 1.6854529835e-01
5.3128280386e-01 3.4745117484e-01 6.1282669383e-01
1.1088108478e+00 7.0282693987e-01 9.5421512498e-01
7.9832907351e-01 5.9250179655e-01 6.2540874410e-01
4.8376198719e-01 4.0698781074e-01 2.8538093793e-01
1.7109552720e-01 1.7242312016e-01 4.0375006530e-02
-1.4400809864e-01 -1.5422807139e-01 9.3153367394e-02
-1.4811580068e-01 -1.5226532016e-01 9.3537684633e-02
1.9588514766e-01 2.0282263011e-01 -3.6245949694e-01
1.2767634243e-01 3.7576119518e-02 -3.7140942754e-01
-3.4354667982e-02 -1.1234719558e-01 -7.2448831468e-02
8.6286021423e-03 -7.8902948108e-02 -1.8138119477e-02
-2.3855774049e-02 -6.8223839228e-02 -1.1628481565e-03
-5.0332046461e-02 1.2260057726e-02 6.0619848098e-02
-1.1666487592e-02 2.3888967106e-02 9.5745569334e-02
2.6931332127e-01 3.1076614831e-01 5.7113013716e-01
7.5053049715e-01 7.3260942841e-01 9.5932313221e-01
6.7736865253e-01 6.1928333299e-01 7.0602954077e-01
3.0533054116e-01 3.7291548674e-01 2.8657857144e-01
2.3032632422e-01 3.8050492182e-01 9.7273597617e-02
3.5014267845e-02 1.8317870326e-01 2.6128414985e-02
-3.5150064270e-01 -4.8556406379e-01 1.7406078836e-01
-4.2490555823e-01 -7.7952157531e-01 3.6366878965e-01
-1.7706673184e-01 -3.6877661674e-01 2.0340428049e-01
-1.0006928619e-01 -2.2990497690e-01 -7.5081346175e-03
-6.0885514623e-02 -9.0560088894e-02 -4.6896697675e-02
1.3485480181e-02 -4.6614632916e-02 -3.4076989055e-02
-1.9173498844e-02 -4.3877180759e-02 -1.3060491771e-02
-5.6128284244e-02 8.6572931754e-03 7.4483508702e-02
7.5051023876e-02 1.6235485701e-01 3.0965502556e-01
4.0515079713e-01 6.7957411544e-01 9.4977496539e-01
4.8011327087e-01 7.2057932985e-01 8.8953390605e-01
3.4877915148e-01 4.7467669816e-01 4.9565967256e-01
1.3480649821e-01 3.7255404535e-01 1.8936360972e-01
8.5644796902e-02 1.9169511577e-01 5.0014277082e-02
-1.6692642869e-02 -1.2281160851e-01 9.8905763465e-02
-1.5791507848e-01 -7.9069496312e-01 2.8160642512e-01
-2.7438536838e-01 -1.2945780420e+00 5.5679285648e-01
-2.1966284844e-01 -1.2420896787e+00 6.3517518561e-01
-1.1530790874e-01 -8.0960037678e-01 6.3740770132e-02
-4.2419383771e-02 -1.7144002358e-01 -1.0526380806e-01
7.5896357150e-03 -4.1477172701e-02 -2.5622512884e-02
-2.0728216325e-02 -3.8060757416e-02 -4.5410697134e-03
-5.2206850165e-02 7.6794089786e-03 1.0342603233e-01
6.6485405736e-02 3.0592828298e-01 4.4532441677e-01
1.5572149302e-01 7.1590685373e-01 8.6118348476e-01
9.2229941614e-02 4.9427068196e-01 5.6185554912e-01
1.7713757477e-02 2.5424076489e-01 2.5898265497e-01
-3.6991781432e-02 2.6857812887e-01 7.9830324472e-02
1.1644607735e-02 5.3127955388e-02 2.2365198131e-02
1.7449939526e-02 -3.6758361431e-01 1.4586968106e-01
-4.9273507356e-03 -1.1777745163e+00 3.0404367987e-01
-9.3495939351e-02 -1.6541722652e+00 5.6032675141e-01
-8.0852089800e-02 -1.6601764577e+00 6.8538333041e-01
-1.5689786493e-03 -9.0222670876e-01 -2.4192141651e-01
-7.3847781515e-02 -1.2419963572e-01 -2.5071969054e-01
-3.4617845641e-02 -2.4297303635e-02 -6.6548072892e-02
-3.8600204960e-02 -3.1769340634e-02 -2.0258011931e-02
-6.7183301978e-02 -3.5651857012e-04 9.4530769032e-02
-8.0366014695e-02 2.4258145347e-01 2.7560898629e-01
-1.8299826770e-01 5.8743430321e-01 5.9268332636e-01
-2.0352294114e-01 3.1748689396e-01 2.2278287716e-01
-1.3987566825e-01 -9.6723297977e-02 -5.6820680912e-03
-1.7570217713e-01 -8.1460728882e-02 -6.0842551549e-02
-2.1874937707e-01 8.4276321408e-02 2.6935431608e-02
-1.5578666989e-01 -1.7665982560e-01 7.6751628130e-02
3.8263515645e-02 -1.0994021153e+00 1.6612405388e-01
1.3416693738e-01 -1.4110637230e+00 4.1848787113e-01
2.9416137486e-01 -1.2362408022e+00 7.9873224817e-01
2.6776980767e-01 -5.6368565249e-01 7.7883101537e-02
-4.8220551910e-02 -8.4045405974e-02 -1.2044104531e-01
-2.9900313764e-02 -5.8120948852e-02 -3.7617805079e-02
-2.9755277146e-02 -6.8685195076e-02 1.3541679375e-03
-6.7880103351e-02 -3.6931351074e-02 4.6820580373e-02
-1.5111397582e-01 1.4176067953e-01 1.5713953282e-01
-4.3960494906e-01 6.3779741842e-01 5.2060425113e-01
-3.1187145980e-01 5.2594970312e-01 3.5859135768e-01
1.6674081070e-01 8.6362713478e-02 1.4802799059e-01
2.7777112508e-01 -1.3435082098e-01 7.3375800085e-03
-3.1659035727e-01 2.0177502512e-01 7.4089912466e-02
-6.5944887649e-01 3.5174993856e-01 1.2588955212e-01
-2.5423217340e-02 -3.6618980205e-01 1.0539348497e-01
2.0108921643e-01 -5.7723553586e-01 1.3667186668e-01
6.5307637029e-01 -2.6765773886e-01 3.1874015939e-01
7.6769759002e-01 -1.7170203715e-01 -8.8631339893e-02
-3.0690366372e-02 -8.0423828888e-02 -1.0541469478e-01
-5.1870146186e-02 -6.7280116606e-02 -6.6224698491e-03
-4.5420100055e-02 -5.0512063316e-02 5.0260288104e-03
-5.0598801120e-02 -3.5182050212e-02 4.2097689405e-02
-1.1771035908e-01 4.9567898872e-02 5.7862543054e-02
-3.5129847528e-01 3.7336638089e-01 2.9485362393e-01
1.2192176992e-01 6.9164387785e-01 7.3072878171e-01
1.2516914981e+00 8.5416353159e-01 1.0065752867e+00
1.3642880797e+00 -2.2927403467e-01 9.1807510792e-02
6.8800832049e-01 -8.9829007183e-01 -4.3770053285e-01
-1.5879094729e-01 -4.2531836913e-01 -7.3733963620e-02
5.0908344864e-03 -3.5096829387e-01 1.4601796388e-01
4.5243534830e-01 -1.2502945653e-01 -3.8118949781e-01
1.1049017862e+00 4.7971163894e-01 -7.1747207541e-01
1.7702019548e+00 4.6174613491e-01 -7.0683908976e-01
2.4031100935e-01 -1.0259622002e-01 -3.0900802498e-01
-2.1025598854e-02 -9.1852414173e-02 -2.4169506732e-02
-1.7057178783e-02 -6.5201164885e-02 1.7972412218e-02
-1.5617919777e-02 -4.8360728668e-02 5.3760702593e-02
-3.8442888166e-04 -4.1558570533e-02 4.5338478762e-02
-8.2346821055e-02 4.5560731897e-02 1.3578470455e-01
-1.2900926499e-01 5.2224394865e-01 7.4990631300e-01
-2.2089666648e-01 1.1462119194e+00 1.1370288450e+00
-3.3822047293e-01 5.4239587591e-01 6.1790134933e-01
-5.9752923821e-03 -3.3066534895e-01 3.6204774286e-02
8.4243612154e-02 -4.2505739343e-01 -7.3462685146e-02
-1.5017138900e-01 -2.4546681116e-01 1.0575746752e-01
-1.7686136409e-02 1.7817316082e-01 -6.3779863791e-01
-1.9350851097e-01 2.5890745702e-02 -4.3609733801e-01
6.2701013209e-01 5.4362505451e-01 2.4924015562e-01
9.2037338741e-02 -1.4110945256e-01 2.3911154883e-02
4.5311443379e-03 -7.8144146358e-02 -2.8490492016e-02
-6.3549890812e-03 -2.8088964327e-02 4.1995302995e-03
-5.2139707417e-03 -5.4240740685e-02 5.7951231507e-02
2.1993520387e-02 -6.5532685443e-02 2.4989378253e-02
-2.3591745012e-02 -5.9471037324e-02 3.4287215090e-02
-3.0561757574e-01 -9.3880321876e-03 1.2869453892e-01
-9.1178052090e-01 -1.9052730930e-03 3.2565912100e-01
-1.2692072025e+00 5.6052392450e-02 7.4352705437e-01
-1.2761730043e+00 3.8425720821e-01 7.8018687394e-01
-6.6361105085e-01 8.6372786128e-02 2.6014433677e-01
-3.2616131895e-01 -4.3435668245e-02 8.9232633098e-02
-2.5005993317e-01 -1.3915858718e-01 -2.2883897248e-01
-3.5838778895e-01 -1.7538590797e-01 2.3824056670e-02
-1.6507763801e-01 5.1272250455e-01 3.1089776732e-01
-6.7988152742e-02 -9.7117551569e-02 -3.1698956346e-02
1.9267574630e-02 -7.1436582423e-02 -6.3530768913e-02
-2.7249276985e-03 -3.0668058649e-02 1.1949661818e-02
-1.8513651441e-02 -5.3659973093e-02 5.7677051223e-02
2.1525878506e-03 -6.6969210291e-02 4.0232359982e-02
-8.2889420602e-03 -5.8991313053e-02 5.3780371662e-02
-6.9331260245e-02 -5.8225568366e-02 2.9056677348e-02
-1.6447535969e-01 -1.6340638113e-01 6.9628883046e-02
-3.8385236703e-01 -4.3951267011e-01 1.0735864549e-01
-9.2635405801e-01 -6.1019734183e-01 2.0790362839e-01
-1.0966927726e+00 -4.7869441402e-01 2.8662516473e-01
-8.5486061620e-01 2.5584274615e-02 2.7751538136e-01
-5.3111314293e-01 1.2053092758e-01 1.5084733670e-01
-1.1089076394e-01 -2.3076432987e-01 -2.2934232589e-02
-9.8916932553e-02 1.8893731812e-01 -7.2902875320e-02
1.9929848962e-02 -1.5535404780e-01 -1.1681499921e-01
3.7891299739e-02 -6.3145100495e-02 -2.4143805684e-02
-8.5102516151e-03 -3.0567109913e-02 4.2178753016e-02
-3.8237243972e-02 -4.2797069710e-02 6.4446754614e-02
-3.3120244298e-02 -4.9900592954e-02 4.1250887221e-02
-5.2852145030e-02 -4.4828436257e-02 5.2066283960e-02
-7.5742478992e-02 -1.5958529693e-02 7.7428138555e-02
-8.6690552378e-02 9.3813488848e-03 1.2368874560e-01
-1.7084429038e-01 6.6021643392e-02 1.2346173841e-01
-4.0485881130e-01 9.0008764090e-02 2.9637388566e-01
-6.8171737396e-01 -3.7291538956e-01 4.4718339837e-01
-7.1353510106e-01 -3.7553451647e-02 4.9654324114e-01
-5.5300452944e-01 4.3030600896e-01 5.6532595244e-01
-3.1455701562e-02 -2.8475234099e-02 6.0115752862e-02
-1.3503521539e-01 4.7502820749e-01 8.9168769683e-02
5.7591354704e-02 -5.1054843077e-02 -3.3914711162e-02
3.9236038718e-02 -3.8540020332e-02 -2.6476105394e-02
-2.3137587300e-02 1.7227144179e-03 3.8964337980e-02
-4.6193967062e-02 -4.1899476784e-02 4.1041471200e-02
-3.8179901867e-02 -5.0751004356e-02 2.4741680456e-02
-6.2471531074e-02 -3.9777190228e-02 4.7560258132e-02
-9.1872086054e-02 -1.7080910075e-02 6.0541729057e-02
-8.1732256214e-02 1.0186064211e-04 9.6153003226e-02
-7.3677234995e-02 3.2232469805e-02 9.4798801427e-02
-8.4601138306e-02 3.7048143987e-02 1.2819637611e-01
-1.7281200066e-01 -4.2479577705e-02 2.7189481202e-01
-9.7205376532e-02 1.5726538157e-02 7.4041519188e-01
-5.5307158613e-01 1.0034681695e+00 9.0820091197e-01
-2.5698998011e-01 7.4022367221e-01 2.3279521636e-01
-6.7957359139e-01 1.3111541314e+00 -1.0837802306e-01
-1.0760607233e-01 2.5451089949e-01 -1.0410388833e-01
6.2108680496e-02 -4.3378004531e-02 -1.1076071053e-02
-2.4346673738e-02 -8.5284268811e-03 5.2022806927e-02
-4.2991922902e-02 -5.0732291057e-02 3.6749014705e-02
-3.0872214397e-02 -6.8429378140e-02 8.2348094902e-03
-6.1491994600e-02 -5.2767142468e-02 2.4192893062e-02
-8.5331343122e-02 -5.1307083132e-02 1.4322486205e-02
-7.9754097589e-02 -3.1506553724e-02 3.1461880772e-02
-7.7676066806e-02 3.5454424675e-04 4.2837094229e-02
-6.8047672948e-02 1.2017232488e-02 5.6331399671e-02
-1.2560770415e-01 5.2230095010e-02 1.7272285547e-01
-2.5543634574e-01 3.6683489234e-01 5.2653762473e-01
-7.1775619550e-01 1.1389530872e+00 6.6856977421e-01
-5.9362826597e-01 9.6257926576e-01 2.4913314069e-01
-8.9864667989e-01 1.0493946295e+00 -3.7078281498e-01
-2.9711398230e-01 2.8322833900e-01 -2.6461017063e-01
9.1731401709e-03 -5.4841293388e-03 -1.2467431352e-02
-3.5178134709e-02 2.0450950078e-03 3.7880581370e-02
-4.3640597414e-02 -7.0247527361e-02 2.1835298237e-02
-3.1682390316e-02 -9.1281757005e-02 -2.1486015047e-02
-5.6598332955e-02 -8.2516974298e-02 1.1036060098e-02
-8.3079997403e-02 -7.0920281826e-02 -5.4622794697e-03
-8.6822251443e-02 -6.5795470863e-02 4.7095557863e-03
-7.4045615076e-02 -4.5166286882e-02 -4.7923844407e-03
-6.5774888269e-02 -4.5828766667e-02 1.6259879105e-02
-9.8561578445e-02 -1.8575599040e-02 6.6164725603e-02
-1.9035978344e-01 1.0187281537e-01 1.7635338760e-01
-3.7567200551e-01 3.6138603545e-01 1.6127033562e-01
-3.3634248519e-01 3.1090370337e-01 1.0024917765e-02
-2.6188094020e-01 1.8063005922e-01 -9.2088539380e-02
-8.4635568411e-02 4.5848313712e-03 -3.2922346608e-02
9.5831074710e-03 -3.9644462843e-02 2.3996738348e-02
-1.7877564789e-02 -4.3600996602e-02 4.7176574465e-02
3.0947999429e-03 1.6792191084e-02 4.2950693198e-02
1.5638106317e-02 7.1714055457e-03 6.0893074756e-02
2.8579512412e-02 9.8401127316e-03 7.6401460022e-02
9.8698721109e-02 -8.3203041834e-03 1.0459244581e-01
3.4532452459e-01 -1.2263537748e-02 2.6432698839e-01
9.3229983001e-01 1.9023884513e-01 5.3788097673e-01
1.5259185422e+00 4.7219193764e-01 7.1188656751e-01
1.5505476245e+00 6.1888214612e-01 5.6551354155e-01
1.8521748601e+00 7.6323348745e-01 3.1501922177e-01
2.1429948760e+00 8.2478647496e-01 -4.3654058395e-01
1.3267984304e+00 4.9623967130e-01 -8.1571373529e-01
2.1265906674e-01 -8.4666040619e-03 -2.1207542465e-01
-3.2426158089e-02 -1.1356465241e-01 -4.0495682309e-02
8.2405323317e-03 -8.0103984766e-02 5.3698469945e-03
-2.7257837359e-02 -4.9500586345e-02 -2.0595290595e-02
3.8964513228e-05 2.8470362175e-02 4.6255268769e-02
-2.1372712779e-03 -5.8954470868e-04 5.8849532294e-02
4.7285002534e-02 9.3513999241e-04 1.4150974129e-01
3.0490767769e-01 6.7065963353e-02 3.4465489991e-01
8.6351033805e-01 2.4024856582e-01 7.5178786593e-01
1.0694954223e+00 3.7979577277e-01 7.8360791290e-01
8.6108169738e-01 3.0602555366e-01 4.9478983690e-01
4.8376456704e-01 1.7007435580e-01 2.2701610582e-01
6.8509140273e-02 3.5135350137e-02 1.6897315216e-01
2.1479374097e-01 1.3465154731e-01 -1.0538607245e-02
5.8797935175e-01 3.4136313115e-01 -4.0103385463e-01
3.3058708233e-01 1.5036320680e-01 -2.8778130600e-01
2.0106471398e-02 -7.9452129660e-02 -9.3389362570e-02
2.1524826788e-02 -7.2421489580e-02 -2.8494502891e-02
-1.4235387615e-02 -5.3622982678e-02 -1.7403797349e-02
-2.0141791484e-02 3.0903877592e-02 4.5417844819e-02
5.1505207230e-03 1.0124906575e-02 1.0361589384e-01
2.1267595573e-01 6.7876882383e-02 3.5652090642e-01
7.8057387550e-01 2.7013284508e-01 8.4074533263e-01
8.2607791310e-01 2.6209697422e-01 7.6611436453e-01
4.2698112281e-01 1.5371181069e-01 3.7902823252e-01
2.7172192463e-01 9.3138320281e-02 1.5201174104e-01
2.8290785304e-01 1.4150580161e-01 1.0607499083e-01
2.2044955488e-02 -4.7308921220e-02 1.2794442693e-01
-1.6231457078e-03 -2.3630178637e-02 2.4678380465e-01
3.2148760325e-01 2.0100924002e-01 2.5528024959e-01
2.2408052240e-01 8.9546323682e-02 7.2547182781e-02
-1.0151950880e-02 -6.6502012325e-02 -6.3445245140e-02
2.3756045302e-02 -4.8701706400e-02 -3.2570948603e-02
-2.3050515868e-02 -3.4493780345e-02 -2.8132028184e-02
-4.9136504038e-02 6.2358133041e-02 1.0252658373e-01
9.1565990969e-02 1.0471159942e-01 3.2824918312e-01
5.0247411337e-01 3.0017360387e-01 8.3956685460e-01
5.7446468329e-01 2.5423036430e-01 7.2964531435e-01
2.7137607583e-01 8.0850298899e-02 3.2483341911e-01
1.7121363512e-01 6.1542677161e-02 1.9120264071e-01
1.5596031461e-01 7.4314044850e-02 1.2782408159e-01
1.1744051087e-01 5.8091522656e-02 1.4413869062e-01
-7.3364424582e-02 -1.8817292212e-01 1.6096379210e-01
-1.8248662465e-01 -3.7253096050e-01 3.4739308308e-01
-2.0434518249e-01 -4.7413161259e-01 6.6796272867e-01
-1.8318297970e-01 -4.3083883599e-01 3.8125036524e-01
-6.7519235197e-02 -1.2508709240e-01 -2.8551979924e-02
2.5250656262e-02 -4.4279007903e-02 -5.0622084463e-02
-2.1413215257e-02 -2.6728375481e-02 -3.7204152141e-02
-3.4182231801e-02 7.5341732609e-02 1.7398787267e-01
2.6976693081e-01 2.7234017803e-01 6.6982207020e-01
4.0362609746e-01 3.7526549751e-01 8.5940840199e-01
2.1450077910e-01 1.5303440606e-01 4.5273857182e-01
1.7111772387e-01 6.3072222671e-02 2.4769528970e-01
1.0693411867e-01 3.4624344167e-02 1.5127984380e-01
8.4031675812e-02 -7.7845064826e-02 1.0844266162e-01
3.9864961875e-02 -9.1084814530e-02 1.7492747875e-01
-1.1938218330e-02 -2.4126355489e-01 1.7858972380e-01
-1.2698020713e-01 -5.8052660250e-01 3.7843312250e-01
-2.2405750830e-01 -1.1530663927e+00 6.1389366661e-01
-1.5548898720e-01 -8.8185213959e-01 6.3799121100e-02
-3.5111783189e-02 -1.8081261712e-01 -1.1395397102e-01
1.0385797403e-02 -4.4001015836e-02 -4.0861673844e-02
-3.2359238847e-02 -2.7257834032e-02 -2.6199849790e-02
2.6412699568e-02 1.2566460739e-01 3.7816551561e-01
2.6963357995e-01 4.3389659667e-01 8.5975285814e-01
1.1615916613e-01 3.2685433716e-01 5.9948434992e-01
5.5184642951e-02 1.2951849257e-01 3.2811973168e-01
9.0578917138e-02 -3.2907604596e-02 2.0674618649e-01
6.5476672302e-02 -4.9981370597e-02 1.0379514035e-01
6.6195690519e-02 -1.1749462366e-01 7.5140918957e-02
5.4825628134e-02 -1.1551135409e-01 1.7624016516e-01
6.3248208664e-02 -2.5768525376e-01 2.0757388255e-01
-4.9155209646e-03 -5.5235703738e-01 3.3611854036e-01
3.6378902970e-02 -1.3553128091e+00 6.0612810068e-01
8.6143388022e-02 -9.5332176673e-01 -1.5027809615e-01
-3.2561199077e-02 -1.2015531596e-01 -2.1721272260e-01
-2.7294007977e-02 -2.2881545935e-02 -7.9640202556e-02
-5.1848675139e-02 -2.2609108482e-02 -3.9134003169e-02
2.3624731491e-03 1.7646782548e-01 4.1646088245e-01
4.1350734597e-02 3.9553684420e-01 5.8571560220e-01
-7.5947076994e-02 3.2339697198e-01 4.1982489078e-01
-6.1287299853e-02 2.2126416612e-02 1.0579746763e-01
-1.5719569589e-02 -1.9228287148e-01 2.0988797201e-02
-3.8147675364e-02 -9.5290017417e-02 3.6699110163e-02
-5.4014746830e-02 -5.8260369427e-03 7.9986582328e-02
-7.0496475848e-02 -4.0632769642e-03 8.7644963436e-02
1.9046804781e-02 -2.0229497815e-01 1.0156296130e-01
4.3961049155e-02 -3.8034770360e-01 2.8432109420e-01
2.1901411674e-01 -9.1677103178e-01 8.6691044310e-01
2.5306766199e-01 -6.3876137091e-01 3.4514029734e-01
-8.1518080456e-02 -2.3080682159e-02 -1.3543525744e-01
-2.2391200900e-02 1.7546789675e-02 -8.4892989464e-02
-4.4150885000e-02 -4.2845889124e-02 -1.1161685736e-02
-6.1325644065e-02 9.0642736724e-02 2.0737427939e-01
-7.6809194832e-02 3.1026608093e-01 2.7275642503e-01
-1.1927008088e-01 3.8015723198e-01 3.3582135456e-01
-4.8749153078e-02 1.1350332139e-01 9.7128234337e-02
-1.9993607498e-01 9.2843136580e-02 1.6769131767e-03
-2.0019194383e-01 1.3194494067e-01 2.5428861390e-02
-1.7816026429e-01 2.4286904931e-01 1.5723246387e-01
-6.3362840624e-01 3.5667706505e-01 1.9516559602e-01
-3.8126528707e-01 5.7449347471e-02 1.0794704645e-01
-1.2564126273e-01 -4.2612140133e-02 1.3581776373e-01
6.0720034326e-02 -2.6556522446e-01 5.0423895323e-01
5.4213170171e-01 -8.7091058827e-02 1.6009992041e-02
-9.2983032626e-02 2.0532677609e-01 -3.4805219767e-01
-7.9941978810e-02 3.6833374500e-02 -8.4146872457e-02
-5.1871306461e-02 -2.8727934026e-02 -1.0101218290e-02
-1.6153027966e-01 1.0826705123e-01 1.7971951113e-01
-4.4874585366e-01 3.7779572537e-01 3.2602668145e-01
-3.8688526639e-01 4.4201113753e-01 3.6100846867e-01
3.8600370861e-01 3.6966020642e-01 4.1507704172e-01
8.7900939101e-01 4.0007778584e-02 1.4144944563e-01
7.6855962567e-01 -2.3046525264e-01 -1.1236508155e-01
6.5318072159e-01 -1.0132041599e-01 8.3427698922e-02
-2.2457813470e-01 1.7220356936e-01 1.7678342978e-01
-4.3318471163e-01 1.0872272559e-01 1.1146653712e-01
-1.5500812559e-01 4.8419772803e-02 -1.0639464853e-01
-3.7661050042e-01 -2.6732555525e-01 -2.9063278576e-01
7.6193903931e-01 -1.0722345559e-01 -4.3036471292e-01
2.8231162630e-01 1.4755840114e-01 -5.0669527095e-01
-1.2792108014e-02 -1.8691916987e-02 -8.1126114962e-02
-2.4116925988e-02 -4.1080860823e-02 4.4434451238e-03
-8.7112232533e-02 8.1424953800e-03 8.0722242253e-02
-4.0847122238e-01 1.2006814263e-01 1.4014122023e-01
-6.0609969000e-01 1.6895595804e-01 1.1580799043e-01
-9.0318404991e-02 3.1871321895e-01 3.6510314756e-01
3.1806462336e-01 3.1034629764e-01 9.7333132365e-02
2.3302190070e-01 2.4055299943e-01 1.6940512402e-01
3.7772156284e-01 7.0396804266e-02 2.7348822153e-01
4.3193871058e-01 4.9768708716e-02 1.6251851909e-01
2.2097655584e-01 7.8308289339e-02 1.3197832335e-01
4.0974097758e-03 1.8192775725e-01 -2.5056120302e-01
-3.9556389362e-01 -1.1819611659e-01 -2.1879045372e-01
3.6053793431e-01 -3.6366876217e-02 2.8762865471e-01
1.0073424595e-01 -5.3457050651e-02 -8.2468056955e-03
9.0182695526e-03 -2.6475655870e-02 -3.1879140631e-02
-1.1239749243e-02 -2.7340634228e-03 -3.5346394059e-03
-2.1633652271e-02 -3.8306848663e-02 4.2565623566e-02
-7.4378067721e-02 -5.2351394415e-02 -9.9584484689e-03
-2.7473961686e-01 -1.5103422219e-01 -1.6046823497e-01
-3.2174981934e-01 -2.2775686831e-01 -2.2662252286e-01
-3.7991358270e-01 -1.0942616742e-01 -2.2221347674e-01
-4.1732941009e-01 1.0000915719e-03 1.8922232822e-01
-3.5486035496e-01 6.5332517181e-03 3.4272676261e-01
-2.1235493829e-01 -1.4993456722e-02 1.6570996031e-01
-1.2676262274e-01 9.3360449474e-03 1.6860638645e-01
-9.6350023864e-02 8.0944589348e-02 5.2803738767e-02
-1.2173764564e-01 9.5610108565e-02 7.4058696158e-02
-7.3041680087e-02 7.4927592183e-02 1.8187560334e-01
-8.3818517471e-02 -6.2868542568e-02 -7.0284334355e-02
1.0832751938e-02 -1.5504207806e-02 -5.5485970711e-02
-5.7440094143e-03 1.4485875969e-03 -2.0778573587e-03
-3.1257964625e-02 -3.9009860809e-02 4.5100254499e-02
-1.0398906961e-02 -4.0975093983e-02 2.9094259275e-02
-8.9877760162e-02 -5.5834062294e-02 5.8229362290e-03
-5.2525200680e-02 -1.3106886218e-01 -1.3987239555e-01
5.7142580439e-02 -3.3028874506e-01 -1.7908274217e-01
-2.3556388898e-01 -4.9430582095e-01 -2.3391080620e-02
-5.2734368871e-01 -4.1571135747e-01 -5.1584787481e-02
-5.6050963851e-01 -3.7174009734e-01 9.3597294501e-02
-3.3513726387e-01 -1.8044108476e-01 1.8539920446e-01
-2.0570169374e-01 2.0483489911e-02 1.6381530451e-01
-7.7859431477e-02 -1.1990411590e-02 7.9242627013e-02
-6.0391751625e-02 -1.0379868959e-02 -1.2648196249e-02
1.7964689131e-02 -7.2001766869e-02 -7.2064496699e-02
1.7514257316e-02 2.8537781508e-03 -2.5643512840e-02
-1.4037243919e-02 1.1302750975e-02 2.7035494350e-02
-6.8818686516e-02 -1.4705695154e-02 6.4353852435e-02
-3.7364005646e-02 -2.2346706010e-02 6.2030663923e-02
-7.8604362497e-02 4.3514833152e-04 9.9664797122e-02
-7.5541817406e-02 3.8704873259e-02 9.0538905640e-02
-1.2272704843e-01 1.5471311013e-02 1.1688852719e-01
-2.1827627139e-01 -1.2595441980e-01 5.9543169282e-02
-1.7997322333e-01 -2.8817700493e-01 -1.9927751409e-01
-2.7594049969e-01 -3.9511641385e-01 2.1482966923e-01
-4.7233483839e-02 -3.9278730900e-01 3.0997404339e-01
-1.3773118900e-01 1.1930508231e-01 3.9492401424e-01
9.1836518410e-02 -2.0319570291e-02 2.4141993654e-01
3.0286417207e-02 1.7230150297e-01 2.8298445725e-01
8.2046335712e-02 3.0491220014e-02 3.2123655047e-02
6.8917143897e-02 2.6947097126e-03 -5.0744268667e-02
-3.0836296166e-02 2.5080198512e-02 1.6527670508e-02
-8.4531191028e-02 -7.5460602123e-03 4.0571357221e-02
-5.6029647145e-02 -1.1713342379e-02 5.0345837028e-02
-8.2653399081e-02 1.9857969676e-03 1.0009336570e-01
-8.1610589469e-02 2.1709861477e-02 1.2214290790e-01
-7.2880753871e-02 4.0720906927e-02 1.6361730628e-01
-4.7969134049e-02 1.5609941997e-02 1.1125642848e-01
-4.7405328697e-03 -7.8319230006e-02 6.2871204771e-02
8.7701452833e-02 -1.1012044465e-01 4.4940585037e-01
3.0564352813e-01 -2.0415229629e-01 6.4373934617e-01
-3.2792305686e-01 5.2757267242e-01 5.7095455157e-01
1.8270815827e-01 5.6798826892e-02 4.7308502265e-01
-5.6056060979e-01 5.6626231369e-01 5.7179691121e-01
-3.3925044909e-01 2.9536594369e-01 9.1311703662e-02
9.3749454033e-02 -1.0732866618e-02 -4.2394889478e-02
-3.5752277903e-02 6.1257993685e-03 3.1711281171e-02
-7.7521071439e-02 -2.5910473935e-02 4.7984320726e-02
-4.8744712067e-02 -4.0817236202e-02 4.2796475434e-02
-7.6716532910e-02 -3.5759093405e-02 7.2106610815e-02
-8.4555046989e-02 -1.9322299332e-02 1.0654100783e-01
-8.3177829780e-02 3.6323914120e-03 1.2820983710e-01
-7.1266117559e-02 2.1952171628e-02 1.2617262310e-01
-1.0099031238e-01 4.9367613722e-02 1.6921515706e-01
-1.1101004574e-01 2.0105365985e-01 5.7766245145e-01
-2.3717777998e-01 6.0736490903e-01 1.1322160709e+00
-1.1274182535e+00 1.3082807187e+00 6.1445450235e-01
-6.2488339536e-01 7.6716871405e-01 3.3693086318e-01
-1.5013637683e+00 9.2353940526e-01 -2.0328351118e-01
-9.5861117878e-01 4.8754951336e-01 -5.1498091739e-01
-2.6939327555e-03 3.1710961746e-02 -8.4245892292e-02
-4.6733588455e-02 1.6222620816e-02 1.8272432897e-02
-6.4232613061e-02 -5.0165557092e-02 4.8905896549e-02
-4.1772416199e-02 -7.8561364881e-02 1.6046275310e-02
-6.9671823297e-02 -7.1096556118e-02 6.6965107470e-02
-8.8922846078e-02 -5.0384946991e-02 4.7542379007e-02
-8.8565296884e-02 -4.4952081910e-02 7.1814405922e-02
-6.4488359248e-02 -2.9575680363e-02 4.8691120366e-02
-8.5592119993e-02 -1.8749741173e-02 8.3196001860e-02
-2.1340930850e-01 1.2381843339e-01 2.7730774197e-01
-5.5761091593e-01 5.8224091947e-01 7.2620198965e-01
-1.2586342851e+00 1.1866851924e+00 4.5363307548e-01
-1.0302582509e+00 8.9864970510e-01 -3.6503218846e-02
-8.5977326063e-01 4.7927051849e-01 -3.1510922890e-01
-4.1498222584e-01 1.4645185717e-01 -2.8581042956e-01
-1.3120953109e-02 -4.0406469818e-03 -1.4617380723e-02
-3.8811959664e-02 -2.0300167283e-02 3.4297960894e-02
3.9591547856e-02 2.7331043655e-02 3.9555996297e-02
5.8981247744e-02 1.0444946695e-02 6.8291219325e-02
6.9420496949e-02 5.6388105159e-03 1.0107642676e-01
1.7508822223e-01 -3.4444731620e-02 1.6061249672e-01
5.0211479935e-01 -5.8364647826e-02 3.8032752396e-01
1.3138412936e+00 2.4279207085e-02 7.7105551650e-01
1.8632368902e+00 1.4063226369e-01 8.9794641583e-01
1.9486073564e+00 1.8943642961e-01 7.2223921059e-01
2.2700381908e+00 1.7393272828e-01 3.1748665422e-01
2.4612650447e+00 1.6089363286e-01 -5.5029186403e-01
1.6723321843e+00 1.0523588236e-01 -9.1259204827e-01
3.7868451595e-01 -7.3547081299e-02 -2.6357765447e-01
2.0339499767e-02 -1.3934392915e-01 -6.5092650887e-02
1.5458145317e-02 -1.1529162205e-01 -8.4534891046e-04
-2.9816728854e-03 -6.7501589178e-02 -1.8859349444e-02
3.0240216485e-02 3.8241200945e-02 4.1109094203e-02
4.1269013396e-02 1.7603790234e-02 7.3532596817e-02
8.9859979632e-02 2.6748882905e-03 1.5665981388e-01
4.0758881594e-01 -3.9522943668e-03 4.3587465138e-01
9.4728237338e-01 4.9451780471e-02 8.3443170192e-01
1.0452260298e+00 7.4457467869e-02 7.6591105399e-01
7.0252548734e-01 2.8797672273e-02 3.9309182414e-01
2.5886133113e-01 2.4229253125e-03 1.3850672207e-01
-2.5804581994e-01 -6.0295301200e-02 1.5550371837e-01
-8.1764950987e-02 -4.2545569594e-02 1.4097872350e-01
4.7483184131e-01 1.0049610877e-01 -1.5335617458e-02
7.4262655179e-01 1.2515816191e-01 -2.9901455614e-01
1.6351907051e-01 -5.0235493521e-02 -1.8924513306e-01
2.7652011486e-02 -6.6881568849e-02 -3.5499915780e-02
1.1108985431e-02 -5.6291252818e-02 -1.8604402710e-02
1.7448448719e-02 4.8049922991e-02 4.6967517346e-02
6.6835528887e-02 2.5829808534e-02 1.3082529677e-01
2.9045163258e-01 3.1051279499e-02 4.0292781059e-01
6.8628493914e-01 1.9180808519e-02 7.2388085073e-01
4.9534944645e-01 -4.4028297203e-02 5.1537308101e-01
3.7591677437e-01 -4.4727892663e-02 3.0309813861e-01
2.8984969983e-01 -5.0248172955e-02 1.8273106409e-01
2.6140687727e-01 -2.0544211991e-02 1.6024438534e-01
8.3225276454e-02 -4.9869539429e-02 1.4756545636e-01
1.0512516815e-01 8.3327525719e-03 1.9960957826e-01
6.5071064716e-01 1.4116435806e-01 3.0845232756e-01
7.9029988097e-01 1.5036767924e-01 7.1814673793e-02
1.1946176020e-01 -1.3712333878e-02 -1.1081702210e-01
1.3551583958e-02 -4.9556516947e-02 -2.6905132793e-02
6.7820805479e-03 -3.6644677152e-02 -2.3163220353e-02
5.9370942488e-03 7.0750246942e-02 1.1047836738e-01
1.6841557667e-01 6.3805518784e-02 3.4233267388e-01
4.5141904501e-01 9.2639809435e-02 6.4429422342e-01
2.8371912405e-01 -5.3615060761e-02 3.6172751545e-01
4.8510183042e-02 -1.2776647594e-01 9.4405428120e-02
1.3989320496e-01 -8.4786781089e-02 1.5079447676e-01
1.2820014628e-01 -9.0231615596e-02 1.5949901146e-01
1.2988023313e-01 -1.1665270311e-01 1.8997770266e-01
1.1896968435e-01 -9.9953639963e-02 1.5816841090e-01
1.2420893050e-01 -3.7294002844e-02 1.5860829587e-01
1.9864787772e-01 -2.6331780875e-02 2.4760700860e-01
1.3196564374e-01 -6.7822822922e-02 1.7448496513e-01
-1.4799677947e-02 -7.5585881117e-02 -5.0422240561e-02
2.4258524567e-02 -5.6724477934e-02 -3.6432603519e-02
1.1347028606e-02 -4.0742845879e-02 -2.9142400006e-02
2.9847363004e-02 6.9573792344e-02 2.2954574112e-01
2.6979810108e-01 1.2452698560e-01 5.4978547959e-01
1.0542157125e-01 5.0058662474e-02 3.2364971829e-01
-2.7739032063e-02 -1.0317361900e-01 3.7951801484e-02
5.6393343008e-02 -1.1219235463e-01 8.9963117264e-02
7.4415073991e-02 -6.5909683111e-02 1.1363252728e-01
1.0142962015e-01 -1.0997810876e-01 1.3942519761e-01
8.2304335847e-02 -1.1090215054e-01 1.9009861278e-01
1.0354673128e-01 -1.2030979225e-01 1.6584531489e-01
7.5219172720e-02 -8.1591874019e-02 1.2719570485e-01
3.6828686458e-02 -1.6437214633e-01 1.2115535389e-01
5.2191031341e-02 -1.0804928660e-01 1.3711404072e-02
8.5511298257e-02 1.0656253747e-02 -8.3384328832e-02
4.8786705896e-02 9.2344439748e-04 -5.1210418052e-02
-7.2004217893e-03 -3.3666964105e-02 -2.7777932190e-02
1.8214742326e-01 1.2789125213e-01 5.3988866358e-01
2.3430489390e-01 1.7031577049e-01 5.2748462721e-01
-1.3272434079e-01 -2.3323902803e-02 -4.2288596518e-02
-2.3811071315e-02 -1.2961706325e-01 5.8068723153e-02
1.0490702785e-01 -1.5072556273e-01 1.5406632278e-01
8.3557547658e-02 -1.1274803646e-01 1.0511567475e-01
6.6194878291e-02 -1.2727420960e-01 1.1132717331e-01
4.4971117386e-02 -1.2484791256e-01 1.7744097221e-01
5.9894680806e-02 -1.0987346351e-01 1.4742738074e-01
5.3669943697e-02 -7.5106298715e-02 9.1506049761e-02
3.7453904716e-02 -1.8067882792e-01 7.4005110254e-02
1.5980412026e-01 1.5112551756e-02 -3.6469231767e-03
2.9425776141e-01 4.6056080956e-01 -1.9730731119e-01
1.8419741207e-01 3.1066783678e-01 -2.0597951590e-01
-9.0380140252e-03 4.5943284248e-03 -6.2358861564e-02
1.6889292159e-01 2.4255527682e-01 6.8495341872e-01
6.7172098441e-02 2.5399759260e-01 2.7226462584e-01
-8.3486392882e-02 2.9580984690e-02 -7.2095637326e-02
1.0970389442e-02 -1.1901248970e-01 3.9744705988e-02
4.7401849428e-02 -1.6231999479e-01 7.5272776896e-02
1.9825946458e-02 -8.7649111839e-02 3.9800780192e-02
8.2893616611e-02 -8.6080491108e-02 6.8502985357e-02
1.2779705503e-01 -3.3980344566e-02 9.5657134008e-02
6.1340261808e-02 -1.3710589478e-02 4.3311095107e-02
3.9994969701e-02 -2.2531360236e-02 4.4370573347e-02
6.0056111178e-02 -2.1936151775e-01 2.3120099890e-01
-9.4769615321e-02 -3.3265690382e-01 1.1494564905e-01
-8.2485190875e-02 3.6200807562e-01 -2.6583277022e-01
1.6773249243e-01 5.2026837322e-01 -2.9303540673e-01
4.5161048784e-03 3.9997428054e-02 -4.5980610957e-02
-8.7540043738e-02 3.0597609891e-01 6.1788681189e-01
-3.0650190517e-02 3.5798926553e-01 3.2585686268e-01
3.6381226638e-01 -9.2700056565e-02 -5.1238296310e-02
3.1424578037e-01 -2.0583122312e-01 -4.0588013235e-02
-1.9482830138e-01 3.7832534311e-02 1.9624575229e-02
-9.9807489431e-02 3.1885616941e-02 4.5194740009e-02
6.2913284984e-01 -5.3005550436e-02 1.5591858075e-01
4.1123939019e-01 1.2597781699e-01 1.8210796436e-01
-3.1962130705e-01 -1.1605689643e-02 5.7658272392e-02
-8.3099067149e-02 -8.2001629653e-02 1.3258358415e-01
2.8622722420e-01 -2.8475939745e-01 3.3734758409e-01
5.0385706722e-01 -2.1160363105e-01 -2.0358111239e-01
-3.6701728168e-01 4.9255417983e-01 -6.5704439115e-01
-1.6131654694e-01 4.2725741684e-01 -2.7346953177e-01
-2.5006201830e-02 1.7809143689e-02 -3.2406501686e-03
-4.9588817982e-01 3.8018069950e-01 6.9270448084e-01
-8.3252739148e-01 5.9487593290e-01 7.4677644139e-01
-1.1511901088e-01 6.0069694922e-02 1.6147932117e-01
3.0516753643e-01 -5.4315785032e-02 6.0361882425e-02
-1.5423646686e-01 1.0528409487e-01 8.2469622560e-03
-1.0051473230e-01 1.1845674364e-02 -1.5705674429e-02
6.1595098302e-01 -1.3513470335e-01 1.1991872979e-01
1.5374988657e-01 -3.5592329174e-02 1.5921650434e-01
-6.1188599234e-01 -1.3913221419e-01 1.0683922470e-01
-1.3055742817e-01 -1.3222357426e-01 2.0817275588e-01
-3.5538641789e-01 -3.4844456188e-01 -1.1470354745e-01
5.7605435938e-01 -9.2731931835e-02 -5.6314319108e-01
1.5971171952e-01 3.6430670388e-01 -4.7853437290e-01
-1.5194447470e-01 1.3271139341e-01 -1.6203058658e-01
-1.6596667547e-02 -2.8079540974e-02 -9.3520735698e-03
-2.6292251311e-01 8.2795751583e-02 1.9068207296e-01
-9.7306834476e-01 3.5917197324e-01 3.2089406708e-01
-1.2880241271e+00 1.4912876263e-01 -1.4799395521e-01
-5.4482462450e-01 -2.3361196221e-03 -3.2105871507e-01
1.0142824746e-01 7.0896018989e-02 -8.3824562939e-02
2.0597471982e-01 1.1711324014e-02 4.3518644191e-02
1.5313095348e-01 -7.3594245636e-02 1.3533279773e-01
3.4574424993e-02 -1.0276312291e-01 1.1991139672e-01
3.5412820218e-02 -6.9216008495e-02 1.5827105327e-01
1.2442820546e-01 -2.1046729631e-02 2.1021772646e-01
-3.8006586912e-01 -2.0394120126e-01 1.2925066301e-02
2.2834971499e-01 -1.8118961863e-01 6.6507663036e-02
1.2569373331e-01 -5.1537115964e-02 4.5573363123e-03
-2.6106414885e-02 -2.2863090760e-02 -5.9428934315e-02
-1.1383633696e-02 -3.9484660760e-03 -1.8340074769e-02
-4.8433218428e-02 -3.6964769462e-02 8.7875945407e-03
-3.0022814092e-01 -1.8662903513e-02 -1.6626918761e-02
-4.3575072435e-01 -5.5603213079e-01 -7.2441209027e-01
-1.5992812376e-03 -8.0614466872e-01 -1.0199105174e+00
1.6425854768e-01 -1.2325254736e-01 -5.2957301401e-01
4.1666279683e-02 -3.2462871130e-02 -1.1447930700e-01
-8.9195916576e-02 -3.7220169078e-02 9.3471666717e-02
-1.1978791479e-01 -3.8804592615e-02 1.2326178959e-01
-1.0524450322e-01 -1.4996348118e-02 1.3000194967e-01
-8.6231402197e-02 -4.9132365362e-03 1.0572979781e-01
-1.4421372480e-01 -7.2196742188e-03 2.9485499043e-02
-1.2035048792e-01 -3.8875843549e-02 -1.9299528918e-03
-1.0243334011e-01 -2.3090251171e-02 -9.0674938996e-02
7.3628084873e-03 -1.1943673198e-02 -6.8150635999e-02
1.7719283133e-03 4.7462600837e-03 -1.3677970582e-02
-3.1211333800e-02 -2.8231888997e-02 2.8213526138e-02
-8.7730430274e-02 -3.8396086230e-02 -7.9224730477e-03
-1.9867526120e-01 -2.5635491987e-01 -1.3070839817e-01
1.3734169087e-01 -5.9846585499e-01 -3.6438254942e-01
5.0765056425e-01 -5.6255050618e-01 -6.5644021571e-01
7.4119564708e-02 -4.2170020040e-01 -3.6418372606e-01
-2.3121965467e-02 -3.4650851352e-01 -2.5055547871e-01
-1.3763145809e-01 -1.2706716749e-01 7.5000233618e-02
-1.1843643816e-01 -3.9165199036e-02 1.6536368737e-01
-9.5822465556e-02 -2.3083266260e-03 7.7766646393e-02
-5.9349953357e-02 -3.3191877732e-03 5.6336138585e-03
-2.0297219788e-02 -2.3836648063e-02 -3.6840682484e-02
5.7079522535e-03 -4.7538398667e-03 -8.4432289043e-02
1.9315112367e-02 2.0148112577e-02 -3.5158866137e-02
7.1735977301e-04 8.2763276315e-03 1.7537398357e-02
-6.5237377063e-02 2.1933193607e-04 5.7813757709e-02
-1.8346009361e-02 2.6151939821e-03 5.9241638774e-02
-8.3128002509e-02 -9.2180154715e-03 8.0490821996e-02
-1.8105570259e-02 -1.5344623998e-01 -5.8632443740e-03
1.6387193684e-01 -2.9116499135e-01 -1.9238686986e-01
3.2886873377e-01 -5.4706696912e-01 -3.5908974935e-01
5.3212501888e-01 -8.0846583197e-01 -6.7466945724e-01
1.1190139767e-01 -2.5710187081e-01 4.9670017724e-02
-1.7851285451e-02 -5.1469723157e-02 3.0815570596e-01
-5.8431792727e-02 3.8330024990e-02 1.8591854004e-01
-4.9793915733e-03 6.3616211196e-02 1.0415699846e-01
-6.3855578074e-02 1.7004099007e-02 1.6720741064e-01
2.8437570878e-02 -8.4695804019e-03 4.9646469083e-03
1.0209534491e-01 2.8938672446e-02 -5.1733020020e-02
-3.5574092178e-03 1.9161816599e-02 1.7070447020e-02
-8.0096712689e-02 7.1945362698e-03 6.6865104532e-02
-3.2529784819e-02 1.0329751647e-02 8.2584580816e-02
-6.2106013450e-02 1.1524613872e-02 1.1516753938e-01
-5.2972326030e-02 1.1774125075e-02 1.3527544204e-01
-4.1096385303e-02 -1.3557968962e-02 1.2858454564e-01
4.5151555481e-02 -1.5660665789e-01 -6.6634610585e-02
2.3490036899e-01 -3.2163632896e-01 -1.1696663553e-01
2.3111923916e-01 -8.1022028222e-02 4.4058371630e-01
8.8671012943e-02 -8.1724610578e-03 5.5599670351e-01
-9.4312922852e-02 9.2150530182e-02 2.4447954621e-01
2.0432878446e-01 -1.2617427884e-01 4.1460363998e-01
-5.5385547491e-01 -1.3635811143e-01 8.6370931453e-01
-5.6517939231e-01 -5.8421232854e-02 2.4744230356e-01
1.0426721229e-01 -7.4311161144e-03 -4.1331270247e-02
-2.3713911151e-03 8.6153618768e-03 2.3504869851e-02
-6.7019515329e-02 -1.2588266905e-02 5.8285779993e-02
-3.0210667087e-02 -2.2780764687e-02 5.5743387828e-02
-6.2089863221e-02 -2.5225857565e-02 9.0911333078e-02
-6.2321685477e-02 -3.0104086507e-03 1.2965564095e-01
-5.1720638439e-02 2.6545585266e-03 1.4119997603e-01
-6.9542834433e-02 2.4302127916e-02 1.2163835129e-01
-1.7249243609e-02 1.2285879823e-01 2.9908423806e-01
-1.0233934252e-02 3.4465861255e-01 9.3304210498e-01
-2.0213118547e-01 3.5683609950e-01 8.8431846844e-01
-2.4892569614e-01 3.3869116904e-01 1.7720227363e-01
9.6692821718e-02 1.1341262382e-01 2.9304775957e-01
-9.8253568485e-01 6.5397220025e-02 1.2729128588e-01
-1.2487953804e+00 1.1245614291e-01 -4.5079982978e-01
-1.9020386582e-02 3.7802638015e-03 -1.0716426561e-01
-2.7064251127e-02 1.8489747481e-02 1.6112294637e-02
-5.4424024984e-02 -4.7830110395e-02 5.9251110919e-02
-1.3656137504e-02 -5.7893059944e-02 3.3424429092e-02
-5.0773077936e-02 -6.2935907396e-02 7.6042398825e-02
-6.9038487303e-02 -6.1748204567e-02 5.8230552496e-02
-7.0899968432e-02 -4.7037901318e-02 9.4432899592e-02
-5.6642546717e-02 -3.9793847398e-02 5.4241816797e-02
-1.0991225626e-01 2.4037141986e-02 1.8998758673e-01
-3.6251341300e-01 3.2826599682e-01 7.0839859820e-01
-1.1378498729e+00 8.0089322018e-01 1.1815287336e+00
-2.0602920605e+00 1.1327598819e+00 2.5750840701e-01
-1.5593529890e+00 8.0116610405e-01 -4.6102657673e-01
-8.7823677539e-01 2.8025138033e-01 -4.9820241564e-01
-5.8893854358e-01 9.1904374461e-02 -4.7905576813e-01
-3.6529005117e-02 1.1337422339e-02 -6.5135943924e-02
-2.0561781442e-02 -9.6132217908e-03 1.5504096644e-02
5.5471203750e-02 4.7027344376e-02 4.2675071002e-02
8.0046692159e-02 3.9431016876e-02 9.1494644807e-02
1.0137175925e-01 2.8754963783e-02 1.0783170931e-01
1.8881173130e-01 -1.4244563778e-02 1.7459665592e-01
5.3602772444e-01 -1.1098139382e-01 3.8805824148e-01
1.2083443720e+00 -2.4578105798e-01 7.1571844281e-01
1.7557020616e+00 -3.8384266884e-01 8.1752792640e-01
2.0172591009e+00 -4.8822759400e-01 6.8288403616e-01
2.1050302790e+00 -5.3390522857e-01 2.9022868390e-01
2.1688038769e+00 -4.5744836294e-01 -3.8612405870e-01
1.6774604669e+00 -2.1875171097e-01 -7.5961638896e-01
5.3532027005e-01 -1.2490426395e-01 -2.5878324192e-01
5.4141077149e-02 -1.2422311695e-01 -1.3299307849e-02
2.7784995284e-02 -1.1246102953e-01 2.8648337271e-02
7.8251171165e-03 -5.8257577513e-02 -1.7050219249e-02
5.9187546633e-02 6.2200904724e-02 5.1651262895e-02
5.9519650591e-02 4.8006680822e-02 1.0018013078e-01
1.1666965698e-01 1.7435772748e-02 1.5862953747e-01
4.2445046862e-01 -6.0553324158e-02 4.2901412208e-01
1.0424149677e+00 -1.5553923801e-01 8.4669994379e-01
1.0021523267e+00 -1.9169408820e-01 7.2707071973e-01
5.2022170076e-01 -1.8805615707e-01 3.2829240993e-01
1.2246722037e-01 -1.5119895263e-01 1.3543721597e-01
-2.3723577365e-01 -1.0877973778e-01 1.2588419844e-01
-1.2512284105e-01 -8.1370496395e-02 2.0418411913e-01
4.4133043687e-01 -5.2354830995e-02 1.0806013223e-01
1.0768876733e+00 -1.3216588013e-01 -3.9384918760e-01
2.8861586783e-01 -7.7171500079e-02 -2.1690584556e-01
7.9379100389e-02 -9.1688058884e-02 4.2526480346e-03
2.8387415416e-02 -3.8512696755e-02 -1.1228942410e-02
4.2823597458e-02 6.2416968023e-02 4.6634146543e-02
7.5848276442e-02 2.7945459890e-02 1.3208307382e-01
2.6525723243e-01 -1.0267482770e-02 3.0583400573e-01
6.5916522436e-01 -1.2422210698e-01 5.8684625727e-01
4.3867330168e-01 -1.2602024300e-01 3.9113333141e-01
1.5449466054e-01 -8.6601422740e-02 1.7889872587e-01
9.2443431588e-02 -1.0104127803e-01 1.1036547314e-01
9.9254484596e-02 -1.0020607225e-01 1.2729852056e-01
2.5410357661e-03 -6.8741712617e-02 1.3527543307e-01
3.2022676599e-02 -6.4234826074e-02 2.0076061251e-01
5.9216433247e-01 -1.9314142082e-01 3.5239555193e-01
1.0540447067e+00 -3.3494521981e-01 1.7350211656e-01
2.0533300280e-01 -9.6114170833e-02 -9.8983634701e-02
3.4503592479e-02 -3.5050686583e-02 -1.7626200378e-02
1.2708936260e-02 -2.3155059380e-02 -2.4825556932e-02
9.9496918074e-03 8.1125615446e-02 8.4164981742e-02
1.3189433259e-01 7.1345340022e-03 2.5396117434e-01
3.0919161518e-01 -2.0254656514e-03 4.0143778665e-01
1.7848153004e-01 -8.6455154257e-02 1.6210401102e-01
-7.8251161605e-02 -3.9183662024e-02 -7.2596551071e-02
-3.9845716399e-02 -3.3084734504e-02 2.5292616402e-02
6.6664070186e-02 -9.9402847540e-02 1.1494740859e-01
1.3483760422e-01 -1.6597980955e-01 1.8275024791e-01
1.3887470612e-01 -1.3767091748e-01 1.6973984251e-01
1.2622685169e-01 -9.1652417649e-02 1.2411735149e-01
2.5759832524e-01 -1.7627690721e-01 1.9321286890e-01
2.6637844997e-01 -3.4921110194e-01 2.5807302579e-01
-1.9333968590e-02 -1.3441519509e-01 3.0979428989e-02
2.9547445575e-02 -4.0858824622e-02 -2.5317184995e-02
1.0358768636e-02 -3.8553091276e-02 -3.2145517522e-02
3.9355063103e-03 5.4788933344e-02 1.3184172468e-01
1.0984669341e-01 1.7981775017e-03 3.0163438880e-01
-1.0553195488e-01 -4.9881955831e-03 -1.8010449706e-02
-2.2022393777e-01 3.2898014054e-03 -1.7103257216e-01
-9.8700137405e-02 -1.4376674413e-02 -6.4310486173e-02
3.3680393302e-02 -5.4954376054e-02 8.0570838519e-02
9.8230247108e-02 -1.2075671061e-01 1.1987808168e-01
1.0054498035e-01 -1.8624184349e-01 1.7496761371e-01
1.1682999175e-01 -1.8095027787e-01 1.5684085968e-01
6.5911113949e-02 -6.3733080535e-02 9.4436488323e-02
6.7100662561e-02 -8.3953033247e-02 6.6242510773e-02
1.0125692213e-01 -1.1123047283e-01 6.1409220336e-02
2.2004779982e-01 1.6735861396e-01 -5.4833185291e-02
1.9755601302e-01 2.0675439555e-01 -4.5049958405e-02
5.6594621135e-03 -1.1425185537e-03 -4.0140287350e-02
1.2803660061e-01 3.3122738680e-02 3.7230596729e-01
-4.5479989166e-02 6.1321649724e-02 6.0397076556e-02
-4.5681862773e-01 6.9052230346e-02 -4.5235398237e-01
-1.8182767540e-01 -4.6697453007e-02 -8.7178008206e-02
4.3827166174e-02 -1.1557365347e-01 1.2717357357e-01
6.7509403559e-02 -1.0312777643e-01 1.3406351475e-01
6.4466789986e-02 -1.3958866300e-01 1.4641812291e-01
9.9164585434e-02 -1.3573697295e-01 2.0186182132e-01
1.7825081089e-01 -9.6312270709e-02 2.1206397996e-01
1.2839993961e-01 -6.1390557132e-02 9.9440698722e-02
3.6643218291e-02 -6.1534185014e-02 1.3522089369e-01
1.7992058974e-01 1.3792582389e-01 3.3642101385e-01
6.0140728467e-01 9.2185642075e-01 6.7194744174e-02
5.6682458268e-01 8.9062203679e-01 -2.1756405330e-01
5.6788500132e-02 1.4706348999e-01 -9.3642257240e-02
1.0089906782e-01 8.5570517835e-02 3.7568157029e-01
-2.7705741006e-01 1.9095278917e-01 -4.3505049415e-01
-3.6160753184e-01 7.3714405124e-02 -4.9365943121e-01
-1.7862388878e-02 -1.2852005554e-01 4.9358669180e-02
6.1546708122e-02 -1.2703666211e-01 1.2679635119e-01
3.3748727514e-02 -5.5672064284e-02 8.9116226893e-02
1.8412882113e-01 1.1134364235e-02 1.7415949345e-01
6.9865717869e-01 3.0253747018e-01 3.5392637591e-01
8.1140559192e-01 4.7445895610e-01 1.7588393483e-01
3.6571242728e-01 2.7008020693e-01 -3.1289754115e-02
2.2102142051e-01 -1.6256562966e-02 6.7492499938e-02
3.1574743097e-02 -4.8937412587e-01 3.6758683330e-01
-6.5064141199e-02 -2.7312743499e-01 5.1802182035e-01
2.0324635984e-01 3.9042283311e-01 7.7646489779e-02
5.1224674170e-02 1.2326114160e-01 6.4881064861e-03
-2.5500171935e-01 1.2279703003e-01 6.2070368109e-01
-4.7550015348e-01 4.8365382322e-02 1.9061141688e-01
-8.4596046660e-02 -1.3028900990e-01 -8.5240370447e-02
1.0455394806e-01 -1.4717065692e-01 5.4288252972e-02
1.8191294485e-02 -5.2025652413e-02 9.7549864797e-02
5.7277471473e-02 6.3739820631e-02 1.4138978258e-01
6.1646044615e-01 2.5371986360e-01 3.8858307333e-01
1.2357211581e+00 6.8053444595e-01 5.5608368576e-01
6.8643133284e-01 6.3563948600e-01 1.7815965096e-01
2.5196661789e-01 2.8383448955e-01 -7.1025776097e-03
3.1786675883e-01 5.8197516840e-02 -1.9938213330e-01
5.9035525681e-01 -2.7419809426e-01 -3.6268920473e-02
1.2716116351e-01 -1.8894522008e-01 1.9018144301e-01
-5.4582044160e-02 1.5351258091e-01 1.5923312206e-01
1.4001089420e-02 6.0935623751e-02 1.2640243332e-01
-5.3894447825e-01 1.1163465127e-01 8.3046684924e-01
-7.3215199360e-01 1.1502435414e-03 7.5438873031e-01
-4.3383844941e-01 -1.6247046983e-01 9.7783743466e-02
-5.2207866465e-01 -1.0525393027e-01 8.5075687614e-03
-4.0430397681e-01 6.0057890814e-02 4.4601610223e-02
-2.3408955302e-01 1.0392237599e-01 4.5091068009e-02
1.0722991683e-01 7.5109109615e-02 1.7743495186e-01
1.5880934803e-01 1.0228111290e-01 2.1495597551e-01
-1.8326755787e-01 -3.4020558057e-03 1.4818461944e-01
8.4716973470e-02 5.2300634803e-02 2.0917500101e-01
-4.1887992681e-01 -5.0288135284e-02 -5.1338718803e-01
1.9529311814e-01 -3.1698299327e-01 -6.8131234554e-02
-4.7782564196e-02 4.7648877740e-03 3.1004550633e-01
-3.7088100084e-01 1.6604179220e-01 -1.0990512705e-01
-2.2204976565e-02 6.8619809506e-03 1.3779243415e-02
-8.8784450430e-02 -4.5559086983e-02 1.5618493985e-01
1.3901373789e-01 -3.6434140116e-02 1.3921166900e-01
-4.1188441129e-02 -6.9816579174e-02 -2.9726993613e-01
-4.3225414168e-01 -1.1808611826e-01 -2.8480545785e-01
-1.7212510299e-01 -9.4111238040e-03 -1.2928762143e-02
7.0436034740e-02 4.1495418847e-02 7.2201628093e-02
-1.0591658461e-01 -6.6625196873e-03 1.1561335551e-01
-3.0418285980e-01 -7.8461572443e-02 9.6027168755e-02
-1.3771965442e-01 -5.9588328991e-02 1.6940835714e-01
2.0955808001e-01 6.5343031381e-02 2.2086530083e-01
8.3363952173e-03 -2.8074794519e-02 -1.0995554451e-01
6.2433360842e-01 -2.6075377540e-01 1.6067200836e-01
2.8854095937e-01 -1.9062965906e-01 2.0932166105e-01
-1.0711551716e-01 7.7278732448e-03 -5.8483168683e-02
-1.8765553744e-02 7.2078866895e-03 -3.3183894163e-02
-5.3773875425e-02 -5.4428752494e-02 5.2134545679e-02
-2.6009859798e-01 -8.5314088518e-02 2.6462876212e-01
-2.9140986235e-01 -6.3650737554e-01 -2.6286567913e-01
1.8176259534e-02 -8.3085653108e-01 -6.7202643077e-01
1.8200665877e-01 -3.0246896961e-01 -2.5114339552e-01
6.7554555690e-02 -3.5781079934e-02 3.4894696045e-02
-8.0412169274e-02 7.6269662320e-03 1.3991920675e-01
-1.5138518158e-01 -3.5210237200e-02 1.6064071086e-01
-1.3629931418e-01 -1.9397705687e-02 1.5306484959e-01
-8.9791603277e-02 -1.6851156540e-02 1.2275704175e-01
-1.2548316123e-01 -3.3887751601e-03 7.9498716520e-02
-8.5287682840e-02 -2.2171750611e-02 4.8521330569e-02
-5.7871368933e-02 3.9374462327e-02 -1.1788376518e-01
6.5644475727e-03 3.0469972283e-02 -9.1318769319e-02
-3.5208313377e-03 1.3874350098e-02 -1.6903967012e-02
-3.3202903814e-02 -1.7919292660e-02 1.2375382112e-02
-2.7691697398e-01 -6.6124035438e-02 8.7004543499e-02
-4.8018742377e-01 -3.2059371579e-01 5.7924754488e-02
2.1437590615e-01 -8.6927886141e-01 -3.8595538951e-01
5.7920188863e-01 -9.3997587615e-01 -6.2867660228e-01
1.9278585626e-01 -3.2988529078e-01 -2.4320001413e-01
4.2483981254e-02 -1.0468482726e-01 2.7183408894e-02
-9.7100064661e-02 -2.4442902034e-02 1.3673028380e-01
-1.1570072743e-01 -2.9094806947e-02 1.4018489453e-01
-1.1560218319e-01 -1.1451994121e-02 6.9344520383e-02
-6.1213026944e-02 6.4781735643e-03 5.0283761185e-02
-1.0229918384e-01 -6.3563845516e-02 2.4496778853e-02
-2.5147032470e-02 -4.3358377994e-02 -4.2490480794e-02
1.4595289533e-02 5.4654819071e-02 -4.1655691452e-02
-1.0497059837e-02 2.7416521565e-02 -5.9149149963e-03
-6.0226192372e-02 9.2078446840e-03 5.2246489478e-02
-4.3687206208e-02 3.6896854896e-03 7.1293303553e-02
-1.4245252646e-01 3.8867900096e-03 4.9904800565e-02
1.1759565083e-01 -2.8607421654e-01 -1.7678820331e-01
3.9179018607e-01 -5.9569760325e-01 -3.2224407369e-01
1.9343171104e-01 -5.0910602772e-01 -2.7220201821e-01
1.8764013949e-01 -3.9297303242e-01 -2.9131622051e-01
2.1196872852e-02 -1.0226264913e-01 1.0547467179e-01
-8.7222579670e-02 -9.2147795930e-03 2.1077629946e-01
-8.5594881092e-02 1.3883373369e-02 1.3685113026e-01
-1.5946231337e-02 -6.6905892989e-03 8.9150726829e-02
-2.0584191836e-01 -3.7486619498e-01 3.1556192536e-01
-1.1532445663e-01 -4.4096546055e-01 2.1667489575e-01
8.4866342032e-02 1.5867923945e-02 -1.6838197425e-02
4.4869951737e-04 3.0263833378e-02 -3.2993942966e-03
-8.1274772597e-02 1.0735983060e-02 4.7952945426e-02
-3.2104088652e-02 -7.9235224868e-04 8.1808626546e-02
-6.7010879495e-02 1.2064949005e-02 8.4924367503e-02
-5.3534240387e-02 2.3383312943e-03 6.7073752983e-02
-4.4363681172e-02 -2.6849366912e-03 2.1364015557e-02
-8.1969171268e-02 -9.6053179278e-02 -7.9009451624e-02
1.5512830769e-01 -1.8703429335e-01 -9.0939920831e-02
9.8253127454e-03 1.3033060460e-02 2.6348367893e-01
-1.4247294268e-01 -7.8184805273e-03 3.3859100738e-01
-1.2499567916e-01 2.9582679455e-04 1.2998636742e-01
6.0544973903e-02 -7.0451510907e-02 3.5303941209e-01
-3.6813043504e-01 -3.8847185809e-01 1.0167485598e+00
-5.6581935324e-01 -3.8139844012e-01 2.2836749778e-01
5.3503735414e-02 1.5690849260e-02 -1.1964103377e-01
-5.9475346144e-03 1.5093316270e-02 2.9944620884e-04
-7.7144943906e-02 -4.7791535866e-03 6.4116427749e-02
-3.8013109813e-02 -1.5177394105e-02 8.0111176782e-02
-7.5122526463e-02 -1.9171273183e-02 1.1272015582e-01
-5.7001730873e-02 -1.5701574622e-02 1.4162529332e-01
-6.5371814535e-02 1.2299074631e-02 1.1695291916e-01
-1.0365195709e-01 7.5567397172e-02 1.5680041059e-01
3.9286144511e-02 2.5203000897e-01 5.0223607978e-01
-4.4061550455e-01 3.6481447681e-01 9.4093290289e-01
-2.4626430771e-02 3.5767218164e-02 4.9458182726e-01
6.9332665507e-01 -1.0779026650e-01 6.3974063118e-02
4.3704430275e-01 -5.7826825793e-02 2.6008893444e-01
-3.8112285996e-01 -1.7377287219e-01 1.8072244501e-01
-8.6765629733e-01 -6.5129062446e-02 -4.6360300500e-01
-5.7759528962e-02 2.2705795389e-02 -1.7430556400e-01
-3.4923459038e-02 2.6531493573e-02 5.4157621115e-03
-5.8144907167e-02 -3.5779275228e-02 7.3078680327e-02
-2.1733055942e-02 -6.1166102300e-02 6.1180724207e-02
-5.4384603848e-02 -6.1921443866e-02 9.3041447952e-02
-5.7687515867e-02 -6.7890121965e-02 1.0018993914e-01
-5.7237728064e-02 -5.0718554470e-02 1.2376871826e-01
-6.9775059296e-02 -1.9786941518e-02 1.1871668835e-01
-2.4058210167e-01 9.5326331764e-02 3.9870717995e-01
-8.4067410191e-01 2.8545827887e-01 1.1032368321e+00
-1.6549083760e+00 2.4732536923e-01 1.1407315860e+00
-2.0864242392e+00 2.4876763577e-01 1.3870300609e-01
-1.7511370082e+00 1.7545031699e-01 -7.1324729752e-01
-8.0559793589e-01 -1.3094125787e-02 -6.2677791102e-01
-4.9367694284e-01 -3.0802250242e-03 -4.4901207016e-01
-4.2540770791e-02 1.3695302119e-02 -6.3142214593e-02
-3.5308006536e-02 1.8928381294e-03 1.0111168793e-02
4.1871917536e-02 3.7467426045e-02 6.3295970865e-02
7.1086802368e-02 4.1173696379e-02 9.7000588663e-02
7.3967647203e-02 1.9886083338e-02 1.1919629851e-01
1.6727601060e-01 -4.4050240995e-02 1.3745058328e-01
4.0802864744e-01 -1.6541632211e-01 2.4073864330e-01
8.0003368062e-01 -3.6633323891e-01 4.2869174946e-01
1.3028580514e+00 -6.7544321486e-01 5.4940800868e-01
1.5037371434e+00 -8.4623013318e-01 4.7368175629e-01
1.5417833312e+00 -8.5012887779e-01 2.3890695589e-01
1.8063314196e+00 -7.5764898712e-01 -1.4256822105e-01
1.8342776075e+00 -5.4325516228e-01 -6.9108483238e-01
7.7916969180e-01 -2.8332016893e-01 -4.8745383588e-01
7.9263802265e-02 -1.7165802043e-01 -9.8025066455e-02
3.7066087761e-02 -1.3662832064e-01 -2.3008612513e-02
1.3742736084e-02 -9.2451530496e-02 -3.3765086315e-02
6.2420783900e-02 4.2068371338e-02 6.3777329698e-02
6.1352560529e-02 2.5465059574e-02 9.7135963064e-02
9.7652194151e-02 -1.9907871448e-02 1.4388680692e-01
3.3842631663e-01 -1.3512077684e-01 2.9777085153e-01
8.8535422853e-01 -3.4953467127e-01 6.5377477018e-01
9.5264714561e-01 -4.7755065756e-01 6.1135956514e-01
6.6676275799e-01 -4.9451431565e-01 3.6935460132e-01
4.4003012433e-01 -4.2363698421e-01 2.0426734583e-01
1.8562026516e-01 -2.6245818784e-01 1.5803442840e-01
2.3723678310e-01 -1.5851606573e-01 1.8349060294e-01
7.5106864172e-01 -2.2798303333e-01 -2.3353421510e-01
1.2259736144e+00 -4.6597889920e-01 -9.6210278524e-01
3.5152840620e-01 -2.0489249299e-01 -3.8876153545e-01
8.7941060219e-02 -1.2651751449e-01 -3.4858599072e-02
2.9237904799e-02 -8.3481780127e-02 -1.6056788246e-02
4.3142940180e-02 2.5442338366e-02 5.8341769589e-02
6.3499992492e-02 -5.7671332754e-03 1.1534977158e-01
2.0968492690e-01 -1.0704288183e-01 2.4051178131e-01
6.2604276232e-01 -2.8633499421e-01 4.9741552586e-01
5.4069447615e-01 -2.9685190387e-01 4.0310533994e-01
4.1402462195e-02 -1.5613180078e-01 1.0430950671e-01
-3.0946706943e-02 -1.5965557971e-01 8.1733084568e-02
6.4777080371e-02 -1.7790095976e-01 1.4459535072e-01
1.0437498906e-01 -1.5672250607e-01 1.4690465725e-01
4.0733509103e-02 -1.0016807852e-01 2.5064484936e-01
3.3505491473e-01 -3.3611833305e-01 2.5800546722e-01
1.1052442910e+00 -8.3668450860e-01 -4.2809915540e-01
5.3041268981e-01 -3.6191782843e-01 -5.5161729874e-01
1.1497625757e-01 -6.9073271330e-02 -1.2362862343e-01
8.1937245115e-03 -5.6901124336e-02 -4.2589707643e-02
2.9375271484e-02 2.4306146144e-02 8.0713832228e-02
1.1870824287e-01 -6.6406904638e-02 2.1884994286e-01
3.6210134767e-01 -1.7660686831e-01 4.0862760608e-01
1.7431480489e-01 -1.6685136169e-01 1.5706162622e-01
-2.9215668841e-01 5.4449892400e-02 -2.4384084857e-01
-2.9514920238e-01 5.5016939805e-02 -1.4958483058e-01
-5.0926516399e-03 -1.2156239800e-01 6.0212659350e-02
6.7247823625e-02 -1.9582032871e-01 1.3854150396e-01
1.0476407810e-01 -1.9928027997e-01 1.3929233784e-01
1.1911034800e-01 -2.2591911514e-01 1.3947295555e-01
1.8997703113e-01 -4.7016048718e-01 1.9227290865e-01
4.5188599746e-01 -9.8543157386e-01 1.1933382406e-02
5.4439740413e-01 -5.0422790541e-01 -4.2469130876e-01
3.1494539301e-01 -2.0668951878e-02 -2.4446161958e-01
1.8801565879e-02 -4.8472193470e-02 -6.9016083109e-02
2.6501216740e-02 -9.0349805179e-03 1.3542911652e-01
1.5563016729e-01 -9.5784616469e-02 3.2050539223e-01
-1.1962830151e-02 -5.4209375965e-02 6.3762121686e-02
-5.0846806518e-01 1.6057406816e-01 -4.1252888245e-01
-4.4812106249e-01 2.0495589019e-01 -3.6852938493e-01
-1.1012941837e-01 1.0680381657e-02 -3.4320913165e-02
9.5519661589e-02 -1.4777174996e-01 1.0507234656e-01
1.2032454826e-01 -1.6265931580e-01 1.6028789313e-01
1.6540289246e-01 -8.6756086679e-02 1.5503543117e-01
1.1214509647e-01 3.3203791964e-02 1.2681476959e-01
4.2470774288e-02 -2.2187198506e-01 5.0334133488e-02
1.6985365757e-02 -7.1343837564e-01 -1.3013849107e-01
1.4722923839e-01 -3.3574231737e-01 -1.3002814480e-01
2.5298657807e-01 1.5934907650e-01 1.2175510593e-01
-1.3073791471e-03 -1.2016069381e-02 -5.5098149839e-03
8.2080881049e-02 -5.7169532368e-02 2.5410158480e-01
-7.0600281445e-02 1.5452861029e-02 -1.6091945232e-03
-5.6111252913e-01 2.0436821557e-01 -5.9149750219e-01
-5.2475023477e-01 1.9195317717e-01 -4.4720048471e-01
-1.1006381065e-01 -2.3342642031e-02 -2.0584835717e-02
4.2535987574e-02 -1.1131603607e-01 1.1888884645e-01
1.1925465122e-01 -7.4491440493e-02 1.7412640208e-01
3.0664173087e-01 4.4651596333e-02 3.1489965176e-01
5.5177403331e-01 3.0865634963e-01 2.7142758070e-01
3.8249440902e-01 3.8516784554e-01 8.7588860486e-02
2.1390620552e-02 -1.2050997729e-01 9.2747696435e-02
-1.1315909448e-01 -4.4607991176e-01 1.2685767758e-01
-1.7626524870e-01 -3.5753925311e-01 4.8962383707e-01
3.0567318263e-02 1.8608620040e-01 4.3462963397e-01
-1.3908555776e-02 6.5407850374e-02 9.5736795084e-03
7.9401176047e-02 -5.6502263308e-02 1.9236620249e-01
-3.3637283703e-01 1.3073204817e-01 -5.1493462527e-01
-5.3744776261e-01 1.4520415816e-01 -6.3491325946e-01
-1.2781849427e-01 -2.9257949762e-02 -6.9829715250e-02
8.6204640833e-02 -1.2477913908e-01 1.3985019726e-01
1.9248686538e-01 1.2906299856e-02 1.6855002410e-01
5.9357228976e-01 2.2551594160e-01 4.3636745718e-01
1.2138429181e+00 5.2189389783e-01 6.5956069104e-01
1.4312288419e+00 8.4555495940e-01 3.2451404384e-01
7.9304271347e-01 6.8797683661e-01 -4.7268526769e-02
2.8011163138e-01 3.9899112899e-02 5.8685176293e-02
4.5468392915e-01 -1.8192420056e-01 6.1957266851e-02
-7.6928475485e-02 -9.8599460324e-01 4.3449328180e-01
-2.4316510623e-01 -6.0967843038e-01 3.0425801128e-01
-2.7898060860e-02 -4.6013998582e-02 7.3749700127e-03
-1.0174315360e-01 -1.0193830341e-01 3.7707299538e-01
-4.4159494092e-01 -3.2857121709e-01 1.6836689945e-01
-2.8499401829e-01 -2.4511976567e-01 5.6177505944e-02
1.6103967441e-01 -3.8222358424e-02 6.7872804162e-02
4.4283633842e-01 3.8690984445e-02 1.8100588506e-01
8.6275022357e-01 3.1454558232e-01 4.2464774241e-01
1.0854582305e+00 4.2238449493e-01 6.8740375180e-01
1.0857609496e+00 4.2900079478e-01 6.4405922862e-01
8.1131054864e-01 3.9677633496e-01 2.2036565570e-01
3.6381286417e-01 2.4391902498e-01 -9.4405848523e-02
-1.0317430010e-02 7.3352673005e-02 -4.8212242454e-01
8.4999555424e-01 1.9133142885e-01 -6.8715225185e-01
1.3358068349e+00 -4.4807624546e-01 -6.4747001148e-01
2.7616330748e-01 -4.3135857826e-01 -1.4585964886e-01
-3.9818211441e-03 -2.3539721955e-02 4.0592257930e-02
-2.1433552118e-01 -1.1818417010e-01 4.5526612956e-01
-4.3225113683e-01 -4.8918794661e-01 5.5197547745e-01
-4.3953546730e-01 -3.3537833828e-01 2.1928731177e-01
-2.5725436923e-01 -1.0438137299e-02 2.0628132573e-02
3.1552647498e-01 9.5252792231e-02 1.9041899560e-01
5.9960145986e-01 2.0489035073e-01 2.6772172617e-01
4.4592845175e-01 1.0763366872e-01 2.7324184915e-01
1.5285638518e-01 -1.3913759208e-02 1.7016413164e-01
-4.4582714807e-02 -8.5187652128e-02 1.0015012030e-01
5.6507419514e-02 -5.5104449135e-02 8.3541502184e-02
-2.1109292362e-01 1.3271873024e-02 -5.3015114511e-01
3.0057555331e-01 -2.9890966796e-01 -2.4525457043e-01
2.4276244969e-01 -7.6969652420e-01 -2.6986207110e-02
-2.2736225324e-01 -2.6844502496e-01 -3.1304950972e-01
-3.3286262025e-02 -2.9598796647e-02 -3.6666000573e-02
-9.2664047944e-03 -1.1519765703e-01 2.9953566174e-01
3.0034774759e-01 -3.7316669743e-01 6.0823854324e-01
2.5561197291e-01 -2.8713477309e-01 -2.7512257535e-01
-1.1464790086e-01 -7.0654178915e-02 -2.0188531938e-01
8.1594527365e-02 -1.7481731037e-02 1.1295966003e-01
1.0329676969e-01 4.6091511347e-03 1.0599492857e-01
7.2993970812e-02 1.9269410242e-02 1.2395422605e-01
-9.3297995983e-02 -1.7999306363e-02 1.3691369846e-01
-1.4674596351e-01 -7.9928490557e-02 1.5713268994e-01
5.7846498490e-02 -1.9016657627e-03 1.7637159506e-01
1.8705246656e-01 3.1986103263e-02 -1.4171218397e-01
8.4266888186e-01 -5.3995144938e-01 -3.9128131535e-02
5.0318538358e-01 -8.8290632261e-01 4.9012096689e-02
-1.1312403501e-01 -1.4121782970e-01 -1.5928423273e-01
-3.2727863747e-02 -8.1135054429e-03 -8.2880071595e-02
-5.7593695835e-02 -5.3453714890e-02 2.0105792091e-01
-2.8265693856e-01 -1.2920858393e-01 6.3401030156e-01
-4.6329875658e-01 -3.8238436136e-01 1.4351038187e-01
-8.0010852592e-02 -2.7665635240e-01 -1.6802811443e-01
7.2313901657e-02 -5.7635533512e-02 1.5039762565e-02
-3.2022398573e-02 -2.8850313817e-02 9.8802414037e-02
-6.2311259554e-02 -1.6011245722e-02 1.3223657557e-01
-1.0702366820e-01 -5.6941880528e-02 1.6222948636e-01
-1.3286229849e-01 -6.6710957978e-02 1.6329952947e-01
-1.1849151150e-01 -6.3238536854e-02 1.3265017398e-01
-1.5007876079e-01 -2.9413710629e-02 5.6999021340e-02
-3.9148235965e-02 -3.1161017109e-01 -9.8525718697e-02
3.1880051748e-02 -4.1318834775e-01 -4.4234793024e-01
1.3274391728e-02 -1.4054716821e-02 -3.7407268184e-01
-6.2397745488e-03 -1.0966192318e-02 -8.0434323343e-02
-2.9795632490e-02 -2.2870714410e-02 6.1266165079e-02
-3.9009180137e-01 -7.1210391573e-02 2.0225006373e-01
-9.6219229353e-01 -3.7241310585e-01 6.3539831939e-01
-2.9263433404e-01 -4.9536746149e-01 1.7948181018e-01
-1.2118967504e-02 -3.7915257588e-01 -1.2019965519e-01
-5.1982397313e-02 -8.0482176449e-02 3.5584924425e-02
-5.7379585439e-02 -4.6085857378e-02 1.2868343185e-01
-1.1059427058e-01 -5.6830490466e-02 1.6917753140e-01
-8.9078048660e-02 -1.0493599536e-01 1.6153576903e-01
-1.0208745114e-01 -6.0959833641e-02 1.0642405573e-01
-9.1209481662e-02 -3.8311359976e-02 5.8877947055e-02
-1.8028172221e-01 -4.8418275367e-01 1.8331276431e-01
-1.0822960891e-01 -6.9810849403e-01 2.4151330150e-01
4.5435540435e-02 -8.4663724292e-02 -3.6850216012e-02
-6.6228579954e-03 -6.3765913924e-03 -4.2610185928e-02
-4.0425724668e-02 -1.1395796321e-02 7.3979570214e-02
-6.4122328198e-02 -2.1579496244e-02 1.0840698805e-01
-2.9937495665e-01 -7.5246049962e-02 3.0866790117e-01
-3.1956858641e-01 -2.4654497083e-01 2.3579521315e-01
-3.1475896090e-01 -3.2752182376e-01 1.2385119418e-01
-2.2193116525e-01 -1.7483822432e-01 -1.2807619978e-02
-6.5977492820e-02 -1.0494960770e-01 1.0296956004e-01
-7.9384916285e-02 -7.7891797712e-02 1.9031556026e-01
-9.3837245749e-02 -8.5465580494e-02 2.0810295136e-01
-9.2443555245e-02 -3.3066167254e-02 1.5743169256e-01
-7.4370374604e-02 -1.0842031328e-01 9.7170828379e-02
-2.6405737385e-01 -9.1452630470e-01 6.4923998641e-01
-2.2418244472e-01 -1.3108399800e+00 7.8225864806e-01
1.2065045959e-01 -2.5740144992e-01 1.1130777524e-01
1.7543330910e-03 8.8455898325e-03 -2.4901330155e-02
-5.6639866156e-02 -2.7279288195e-03 6.7651893752e-02
-1.8781804164e-02 -1.8393308414e-02 7.1097752539e-02
-4.1944897965e-02 -1.7246115530e-02 9.4335689353e-02
-1.5470661847e-01 -1.1473583277e-02 1.2089335937e-01
-2.9458196332e-01 -1.9541609068e-02 1.2264372053e-01
-4.5046375703e-01 -7.4195616762e-02 3.0049633267e-01
-1.8274890865e-01 -1.3588019763e-01 3.4471247168e-01
-1.0637598052e-01 -9.0010795120e-02 2.5128171450e-01
-1.1753230000e-01 -1.2201203202e-01 2.4965386807e-01
-1.2167563337e-01 -8.4851748633e-02 1.5304513786e-01
1.3487553083e-02 -1.6359760589e-01 2.3665181425e-01
-3.3464779257e-01 -5.7713174281e-01 4.6281757123e-01
-6.9012911403e-01 -7.8395262716e-01 -4.4371152535e-01
1.6674893732e-02 -1.6352783457e-01 -3.7483425892e-01
-2.4065714376e-03 -9.5131935995e-03 -2.4797873663e-02
-4.8902007083e-02 -1.4497814787e-02 8.1825765469e-02
-2.3958501257e-02 -1.3657784542e-02 7.3527526069e-02
-4.7297197723e-02 -2.9472232302e-02 1.0787880111e-01
-4.8576504270e-02 -2.3214701711e-02 1.2098797657e-01
-1.1342403501e-01 -1.2250298136e-02 1.4160525026e-01
-3.0552678650e-01 -1.5326957762e-02 4.5794749955e-01
-4.9030014432e-01 3.3700016898e-02 7.4298340815e-01
-7.8334671436e-01 -5.3592524941e-02 6.9475039179e-01
-1.9167819106e-02 -1.7096802439e-01 3.8137454001e-01
6.1561971418e-01 -7.0533576095e-02 2.0387880495e-01
1.8337354520e-01 -8.7390626014e-02 2.0043253629e-01
-4.2014641174e-01 -2.9067632090e-01 -1.9376727368e-01
-8.2652983037e-01 -2.6483374377e-01 -1.0127649982e+00
-1.3781445431e-01 -3.3517426900e-02 -3.7703488775e-01
-3.8971841135e-02 -6.8395857464e-04 -1.0671666952e-02
-4.1911606497e-02 -4.7247426069e-02 7.4844738153e-02
-1.4621460157e-02 -6.7213592486e-02 3.0667922673e-02
-4.7460888719e-02 -8.4659900423e-02 8.7389971358e-02
-6.9852719399e-02 -9.5131154873e-02 8.4835981592e-02
-5.7861661593e-02 -1.0048163743e-01 1.2150554502e-01
-1.2334334355e-01 -5.9450888817e-02 1.2674252621e-01
-4.9573716572e-01 -1.8870545852e-02 4.7227314009e-01
-1.3169906673e+00 -2.0026059444e-01 1.0409303338e+00
-1.7356986237e+00 -5.4411382695e-01 9.2972248449e-01
-1.8156411271e+00 -5.9573577383e-01 1.3992286799e-01
-1.5930038112e+00 -4.5114807117e-01 -5.6655544176e-01
-9.2846787545e-01 -3.5758661822e-01 -6.1953758909e-01
-4.4715840790e-01 -1.4508167528e-01 -4.1037669356e-01
-4.9129737756e-02 -2.4547085530e-02 -9.3973044418e-02
-2.1027180128e-02 -3.8614384914e-02 6.9867136981e-03
3.3842742422e-02 2.5874621872e-02 4.6471628759e-02
4.0223998208e-02 3.3422648290e-02 8.5052890552e-02
4.1964442816e-02 7.7887439360e-04 1.0691346787e-01
9.3879889172e-02 -4.9401584847e-02 1.1587469983e-01
1.8810510418e-01 -1.3333578356e-01 1.3584649694e-01
2.9391595867e-01 -2.1766506162e-01 1.6099973975e-01
5.3129735008e-01 -4.2506809534e-01 2.2443537522e-01
6.6560418112e-01 -6.0514729570e-01 2.3791742709e-01
8.2687566955e-01 -6.8886698548e-01 2.3217800864e-01
1.2365761961e+00 -7.9652019584e-01 5.1821979634e-02
1.5577512172e+00 -8.5544098240e-01 -5.0949808743e-01
7.2810657460e-01 -4.6015510019e-01 -5.0646934771e-01
3.6845473745e-02 -1.7132581745e-01 -1.2692812691e-01
5.1796196242e-03 -1.0980752551e-01 -4.8813686042e-02
-1.5397552819e-02 -7.6396763206e-02 -6.1927213381e-02
4.3481940757e-02 2.2976173686e-02 5.1698291615e-02
2.4620425496e-02 2.1673361896e-02 9.8948138324e-02
3.8493437637e-02 -3.3642226333e-02 1.3173197055e-01
1.5488583150e-01 -1.3231222109e-01 2.0501251372e-01
4.0739077173e-01 -3.0087256746e-01 3.5614917160e-01
5.8890399820e-01 -4.5396238718e-01 3.7484832248e-01
6.1082430399e-01 -5.9945475245e-01 3.3048749473e-01
5.4130878064e-01 -6.5828353290e-01 2.8471249093e-01
4.6718380059e-01 -5.8981463638e-01 2.9002793554e-01
7.1001729188e-01 -6.3410733837e-01 1.8395096833e-01
1.4295472244e+00 -1.0590774708e+00 -7.0540610049e-01
1.3591895848e+00 -1.0255132083e+00 -1.4082468924e+00
3.0258100621e-01 -2.9515400694e-01 -4.1964764843e-01
6.6683250750e-02 -9.5767003022e-02 -6.0094475829e-02
-2.2750052696e-04 -6.5911072091e-02 -4.6357465027e-02
3.5833941605e-02 1.0170783154e-02 3.8883352011e-02
2.7197876296e-02 -3.6790015406e-03 9.9225203065e-02
1.1006651926e-01 -1.3629739811e-01 1.6975976270e-01
4.3185834334e-01 -3.4256183565e-01 3.6765579430e-01
5.9471098105e-01 -4.5395034169e-01 4.1466721844e-01
3.0557648723e-01 -2.8604391866e-01 2.1370723994e-01
1.6260708535e-01 -2.6203624666e-01 1.5125577904e-01
-3.3120763164e-02 -1.8467549072e-01 1.6011531193e-01
2.8601331689e-02 -2.5904524601e-01 1.4554885822e-01
1.1222643689e-01 -3.6916182471e-01 1.8297545288e-01
3.0342865931e-01 -6.0732085477e-01 -5.7955773275e-02
9.5366255598e-01 -1.0434905374e+00 -1.0135351030e+00
8.8174324949e-01 -5.9175369136e-01 -9.2145035097e-01
2.5571553452e-01 -1.0553196486e-01 -2.5712412636e-01
-7.7753530054e-03 -4.9083483845e-02 -8.1190204075e-02
3.8394074204e-02 -3.1210622669e-03 6.4340516950e-02
8.1542648940e-02 -5.9088746803e-02 1.7040425599e-01
2.8312685371e-01 -2.3446019584e-01 3.1539872472e-01
3.7619527580e-01 -3.4779017620e-01 3.3724810940e-01
3.5287855556e-02 -1.0361042426e-01 6.4860846014e-03
-1.7188487898e-01 1.0948514472e-01 -9.1724581401e-02
1.5251810274e-02 -1.2644219444e-02 4.1270002523e-02
-2.4959233993e-02 -7.7138140196e-04 1.5893813367e-01
5.5730567165e-02 -1.2112549160e-01 1.1618972281e-01
8.5854723644e-02 -3.2454309235e-01 1.5303732208e-01
-2.9563723678e-02 -4.6482720422e-01 2.6440551489e-01
5.3322519801e-01 -8.6793122253e-01 -2.8289857685e-01
1.8711578510e+00 -8.8333721876e-01 -1.3144908758e+00
1.1225495663e+00 -2.2990686343e-01 -8.4131876881e-01
6.3093875403e-02 -5.9356236899e-02 -1.6910067267e-01
1.7820630821e-02 -3.1024064114e-02 9.3924632742e-02
8.1124260265e-02 -7.3373908366e-02 1.8332999776e-01
8.9701540340e-02 -1.1472845760e-01 1.3350109606e-01
-2.1487329426e-01 4.4588023141e-02 -1.5814379481e-01
-4.6483242950e-01 3.7496409490e-01 -3.9296546330e-01
-3.2604072528e-01 3.9787717065e-01 -1.9271791327e-01
1.3962337906e-02 2.6877245094e-01 7.8448481333e-02
2.2776302344e-01 4.4822681949e-01 3.5350560245e-01
3.3348930340e-01 5.3537701421e-01 3.6715010134e-01
1.6869951609e-01 4.2184465162e-01 2.9354823130e-01
-3.0140815438e-02 -2.3119489759e-01 3.2868548873e-01
6.9348015681e-02 -6.2043310057e-01 1.1230173422e-01
6.5781350263e-01 -3.6025230431e-01 -4.7608207259e-01
7.1549164438e-01 -1.1947517274e-01 -4.9670582308e-01
1.5811027548e-02 -6.2870078934e-02 -1.4203543006e-01
3.1235280942e-02 -4.6860760093e-02 1.4971294084e-01
-2.5005896661e-02 3.6187309907e-02 1.8842155936e-02
-3.0401158825e-01 1.6558894259e-01 -2.9834138084e-01
-4.8460710194e-01 3.8555098353e-01 -4.1106109586e-01
-3.1103484735e-01 4.8744305782e-01 -2.7915413358e-01
-2.3292622787e-02 3.9721655142e-01 3.8644187375e-02
4.5869197439e-01 6.8597786025e-01 4.8390475750e-01
7.1698645114e-01 1.1035154078e+00 7.9557407073e-01
6.5483719746e-01 8.4590910897e-01 5.3412914745e-01
4.7772421072e-01 5.9608822035e-01 3.0665068277e-01
9.0216525026e-02 -4.7721676355e-01 4.2109826870e-01
7.2989782823e-02 -6.2427139084e-01 2.1757707167e-01
-8.4055795774e-02 -6.7122738817e-02 9.0195068872e-02
-7.0707745747e-02 1.9838962404e-02 1.0789295349e-01
-7.0327820438e-02 -2.3403712824e-02 -4.4391151152e-02
5.5766401723e-02 -2.7466769144e-02 8.8878061115e-02
-9.0215108533e-02 3.3896780870e-02 -1.1162478171e-01
-2.2375328286e-01 6.3234687051e-02 -1.8180330531e-01
-9.2739006814e-02 3.7187567388e-01 -1.3211576077e-01
8.5455206951e-02 3.3161882475e-01 2.1534977772e-02
4.2286587322e-01 4.6797945400e-01 3.2721472531e-01
1.0010884141e+00 1.0394460041e+00 8.0787342436e-01
7.9926296755e-01 7.4764251911e-01 7.2547037982e-01
5.1011160147e-01 2.5879221583e-01 2.8166488581e-01
3.3054915835e-01 2.7885490971e-01 1.0742590207e-01
2.5369897513e-02 -2.5587003708e-01 1.0153140778e-01
6.3262422041e-01 2.0149017664e-01 -7.3495470739e-01
5.6140613877e-01 2.7508557469e-01 -9.4828164011e-01
-7.5720009554e-03 -1.2148514051e-01 -1.5426934739e-01
-4.8415752152e-02 -5.1376886399e-02 -4.9632463697e-02
8.4203457410e-02 -1.8315672715e-02 4.9366313182e-02
3.7823640643e-02 -1.3906405162e-01 5.1136969583e-02
1.9630901795e-01 -1.2081150835e-01 1.5328743678e-01
3.9619851957e-01 2.4298960211e-01 -8.5969037505e-03
4.4332512256e-01 1.0373788888e-01 1.5852445633e-01
8.3274197922e-01 4.9328605282e-01 4.3388349589e-01
7.8076746999e-01 4.9318459761e-01 5.3633991185e-01
4.0907887033e-01 1.2779414600e-01 3.1745160502e-01
3.1612615330e-01 6.0578536532e-02 1.5731903206e-01
8.7969509542e-02 4.4242744864e-03 -1.2072475638e-01
-9.8731878220e-02 -4.9910413088e-02 -9.2937939694e-01
4.6599022905e-01 1.3154429261e-01 -1.6545701348e+00
1.1227656028e+00 -2.6416058991e-01 -2.3267552675e+00
3.0042608575e-01 -2.1236068383e-01 -6.5461937288e-01
-4.9571548802e-02 -2.7704475390e-02 -6.0277042285e-02
1.6051268815e-02 4.4684105146e-03 3.1922102826e-02
3.0448634925e-02 -1.4810954092e-01 4.6478657017e-02
1.9090668400e-01 -1.9048070735e-01 8.2153335173e-02
2.2645010061e-01 -3.2883557507e-02 -1.0395917250e-02
2.1142087882e-01 -8.6730462338e-02 1.3810421469e-01
2.8940449815e-01 6.6527096521e-02 1.3808708151e-01
1.4657178844e-01 -4.6716954330e-02 1.0911810879e-01
2.2148489613e-01 4.0194042644e-02 1.1212607281e-01
1.7384059733e-01 3.0758128372e-02 9.4527012593e-02
-9.0852665879e-02 -1.3203656342e-01 -1.2961089770e-01
1.4459447216e-01 -6.9913520262e-02 -9.6282365498e-01
6.2864923047e-01 -3.7229232255e-01 -8.5015000639e-01
3.4282402008e-01 -1.2024926179e+00 -5.3944942556e-01
-2.1936836604e-02 -3.6839231611e-01 -2.7932727861e-01
-6.3751641154e-02 -2.8929147435e-02 -6.6571976274e-02
-3.8383586767e-02 -7.4112455901e-02 1.5220066385e-01
-8.8570007664e-02 -2.4082837562e-01 3.7182491727e-01
-4.1492185613e-01 -3.0322915690e-01 -3.1631413301e-01
-4.6289358770e-01 -2.6268227706e-01 -2.0524669313e-01
-2.2048245535e-01 -1.6174553612e-01 1.3029022192e-02
-1.9508343781e-01 -1.1552777223e-01 2.8774953722e-02
-7.1235718109e-02 -1.1808038071e-01 5.9153589178e-02
4.4788457516e-03 -6.8242571669e-02 1.0380537103e-01
-5.4887673865e-02 -1.3790867468e-01 1.0404625540e-01
-1.2488917938e-01 -1.2932845236e-01 7.1692398794e-02
1.6767940935e-01 -9.0497543536e-02 -1.8651599250e-01
7.2119273702e-01 -7.4016768141e-01 2.9464678438e-01
3.2585316429e-01 -1.2145398771e+00 1.0976607535e+00
-1.5452516501e-01 -1.9125024509e-01 3.2512601431e-01
-6.8073753470e-02 5.1133604065e-03 -1.0504557738e-01
-3.7353112802e-02 -5.1870678924e-02 9.1505499743e-02
-2.7922377543e-01 -2.2568530593e-01 1.7048834962e-01
-7.0832021164e-01 -6.2201526739e-01 6.7981130895e-02
-3.0765416142e-01 -2.9088360856e-01 -6.8045999684e-02
-3.1812632936e-02 -9.5155449992e-03 -8.1781125059e-02
-1.0062858878e-01 -3.6541998584e-02 6.3164662122e-02
-8.5141607478e-02 -6.3122676700e-02 9.8389607822e-02
-1.0019337369e-01 -9.5585231937e-02 1.2967824394e-01
-1.0818338941e-01 -1.3440307474e-01 1.1935820476e-01
-1.5058019865e-01 -1.2825704308e-01 1.1001560825e-01
-1.7932313796e-01 -1.3017172830e-01 1.1015708853e-01
-1.6976024897e-02 -6.7446128382e-01 4.2356068228e-01
3.7973442396e-02 -7.8227649117e-01 6.0480213654e-01
-2.0640254463e-02 -4.3802837569e-03 4.3355667030e-02
-4.2422378801e-02 1.4805667444e-02 -1.0314349194e-01
-1.4403971626e-02 -3.6492009482e-02 3.0912537113e-02
-2.3053727468e-01 -1.6377826704e-01 1.1187606206e-01
-8.2023268226e-01 -6.4814806857e-01 5.5841129920e-01
-4.1020141748e-01 -4.7589864101e-01 1.5737281186e-01
-2.3278726054e-01 -2.4710355095e-01 -2.5194196281e-03
-1.3109602259e-01 -5.8121910509e-02 1.1161130390e-02
-6.1545613842e-02 -6.0279055460e-02 6.0544105054e-02
-1.1042725555e-01 -1.0031970131e-01 9.9519970740e-02
-1.0086549013e-01 -1.5613961634e-01 9.6921252419e-02
-1.3434960889e-01 -1.3238754140e-01 6.3822408435e-02
-1.3099344435e-01 -1.5666536752e-01 5.1929431173e-02
2.8238090479e-02 -6.0713279793e-01 5.2660726083e-01
2.2523708661e-01 -7.6588879735e-01 9.6400766364e-01
1.2850692180e-01 -6.7728867387e-02 2.3734758791e-01
-3.8595376278e-02 2.0432268755e-03 -6.8531519023e-02
-3.3250787631e-02 -2.5576511926e-02 5.1576603628e-02
-4.4872291355e-02 -4.8330003489e-02 8.1327220012e-02
-2.4681136543e-01 -1.9071429507e-01 2.3947387296e-01
-4.2179182963e-01 -4.2132986784e-01 3.1918056107e-01
-5.3441570677e-01 -5.7885646447e-01 3.3977552482e-01
-2.6446580147e-01 -2.4128783607e-01 1.3133844680e-01
-5.2985755815e-02 -1.1752311801e-01 1.1290420917e-01
-5.0954435869e-02 -1.0831247189e-01 1.9647689909e-01
-6.7571628982e-02 -1.3588765094e-01 1.8611636254e-01
-9.8562913773e-02 -1.5192852455e-01 1.6134055609e-01
-9.0198009589e-02 -1.8621133574e-01 3.4533668055e-02
-6.6503616165e-02 -7.2205374385e-01 2.8714989563e-01
6.8506564412e-02 -9.2460371369e-01 3.2553240493e-01
1.6733420477e-01 -2.0519557329e-01 -1.4814873779e-01
-2.2965106966e-02 7.1451289251e-03 -6.2567663817e-02
-5.1811401391e-02 -2.2925945197e-02 3.7135083005e-02
-2.0089590671e-02 -3.9174225510e-02 4.2140334512e-02
-3.2823836703e-02 -6.8811122505e-02 8.9356848521e-02
-1.2789216809e-01 -1.5036935409e-01 1.4930800437e-01
-3.4076793688e-01 -3.0732711730e-01 2.3193591459e-01
-5.5712064670e-01 -3.6097080767e-01 5.3453732045e-01
-3.4867585980e-01 -4.9240510471e-01 5.6438261793e-01
-1.4794181335e-01 -3.0675231632e-01 3.6087052844e-01
-4.8286568065e-02 -2.5330110975e-01 2.8018677947e-01
-4.0448586917e-02 -1.9870957276e-01 2.4726185239e-01
1.8427898476e-01 -2.4862034486e-01 1.7566265302e-01
-1.2312409849e-02 -4.9400330893e-01 -1.1026330227e-01
-5.5361910734e-01 -6.7809788004e-01 -1.4104096663e+00
-6.9145095672e-02 -1.7090230045e-01 -7.4665544207e-01
-4.3230945556e-02 -2.9122925968e-02 -6.7073276931e-02
-4.5335180330e-02 -3.5251950374e-02 7.2598272179e-02
-1.8764126504e-02 -4.3948633271e-02 8.0094574832e-02
-2.8994891826e-02 -6.0588828605e-02 1.0721017336e-01
-3.1706889586e-02 -7.4194981600e-02 1.2382549394e-01
-1.0630497284e-01 -9.2615352910e-02 1.6318134796e-01
-3.4435797659e-01 -2.4833312345e-01 5.5941421331e-01
-6.4945082051e-01 -5.9551251028e-01 9.4149796993e-01
-8.5618785037e-01 -6.6586363283e-01 7.8305641993e-01
-4.4549961062e-01 -5.7044821078e-01 5.7222725798e-01
-1.3212920826e-01 -3.4650115576e-01 3.4910654572e-01
-2.0198737021e-01 -4.2027784561e-01 4.3524326752e-02
-5.7172503957e-01 -6.1484180361e-01 -3.4114269727e-01
-6.0691707673e-01 -4.9416163939e-01 -9.6382246468e-01
-1.4037597209e-01 -1.0882636026e-01 -3.7535676732e-01
-5.3704202880e-02 -1.9557137775e-02 -4.0692296247e-02
-3.5119714150e-02 -5.4734227713e-02 6.1343635387e-02
-1.1939694342e-02 -8.7035811971e-02 4.1375941131e-02
-2.4763728506e-02 -1.1394878293e-01 9.9766740774e-02
-3.9534185545e-02 -1.3747166609e-01 9.5229197528e-02
-2.8587998422e-02 -1.2315969396e-01 1.2056925046e-01
-1.0330321427e-01 -1.1703882819e-01 1.3449452163e-01
-4.1205114084e-01 -2.6259548100e-01 4.0013840096e-01
-1.0547250279e+00 -6.1632161226e-01 7.7018059787e-01
-1.3767862876e+00 -9.9079655412e-01 7.9005614379e-01
-1.4159970242e+00 -1.0166577742e+00 2.6370542217e-01
-1.2073248456e+00 -8.5179635571e-01 -2.7143585086e-01
-9.3185906671e-01 -6.3022206583e-01 -4.1631953577e-01
-3.7815536785e-01 -2.3013380987e-01 -2.8115318506e-01
-5.9165244757e-02 -5.2145401661e-02 -9.7346178531e-02
-4.8071291743e-02 -4.9410746513e-02 -2.2606769351e-02
3.1239541502e-02 1.8169382862e-02 6.0622121581e-02
3.5259030318e-02 2.1849845178e-02 8.4560016911e-02
1.9497649278e-02 2.5660528737e-03 1.3020911272e-01
6.5455143739e-02 -4.8903728763e-02 1.2005309133e-01
1.1897193719e-01 -8.8909903054e-02 1.1738810036e-01
1.2152908605e-01 -9.6300505888e-02 9.6456497140e-02
1.5534209315e-01 -1.6426979652e-01 1.1757822612e-01
1.4878934139e-01 -2.2886856279e-01 1.1525034546e-01
2.7182265663e-01 -3.0770216532e-01 1.4185139602e-01
4.1622066458e-01 -4.1461092584e-01 1.1165085774e-01
5.4692926220e-01 -5.1318486630e-01 -8.9960066807e-02
2.2403511053e-01 -3.3600264803e-01 -1.0145868706e-01
-3.3135656999e-03 -1.8001200580e-01 -4.0134189385e-02
-7.6423157284e-04 -1.2290625478e-01 -4.7754847143e-02
-2.0330073642e-02 -1.0127651628e-01 -6.2585451613e-02
3.7361728783e-02 1.5619036673e-02 6.4630469121e-02
3.1213672203e-02 2.3620970122e-02 8.7390032514e-02
2.1572384095e-02 -1.0447576351e-02 1.3712555969e-01
7.2466995707e-02 -7.3433915742e-02 1.4833728520e-01
1.4299435759e-01 -1.2142220637e-01 1.8245466323e-01
1.6430827510e-01 -1.6025776411e-01 1.7067419255e-01
2.0477996085e-01 -2.5804974045e-01 1.8217000003e-01
3.2241776674e-01 -4.4342045298e-01 2.0376800266e-01
4.8358603501e-01 -6.3995435764e-01 2.8122631497e-01
7.6950876450e-01 -9.9391412966e-01 1.6731324885e-01
1.1868303005e+00 -1.4753322585e+00 -4.8888961058e-01
6.9837114950e-01 -9.5614637028e-01 -6.4142854189e-01
1.1905888206e-01 -2.4009239972e-01 -1.3515474278e-01
4.4208096620e-02 -1.0607950122e-01 -4.3653737435e-02
1.0638314370e-02 -7.3626995798e-02 -3.7873438122e-02
1.9515825797e-02 1.6945393778e-02 5.3781918545e-02
1.8024655341e-02 1.0281751923e-02 9.4061091990e-02
1.3198777512e-02 -5.2491279853e-02 1.4660042289e-01
1.5331281472e-01 -1.5597523745e-01 1.9539698425e-01
2.5696734392e-01 -2.3978692564e-01 2.4182455293e-01
1.8651301687e-01 -1.7792705907e-01 1.7443393730e-01
1.6649668366e-01 -2.0384802080e-01 1.4592057200e-01
1.8437115475e-01 -3.1305785046e-01 1.8508349830e-01
2.9504966796e-01 -4.9435459495e-01 1.9154014422e-01
3.7002742139e-01 -7.8978123750e-01 8.5262969990e-02
7.1555395474e-01 -1.3035908608e+00 -4.9274138893e-01
8.0689453809e-01 -1.1557580014e+00 -8.0162396478e-01
5.2850155058e-01 -4.3051577444e-01 -4.1540419514e-01
1.4743527594e-01 -1.2600570825e-01 -1.4158831351e-01
-1.3768336030e-02 -6.4280481942e-02 -5.8679637958e-02
2.9895278291e-02 5.8076637296e-03 6.2159088188e-02
5.5533181964e-02 -2.1432629708e-02 1.2906819790e-01
8.9493458913e-02 -1.0718184749e-01 1.5798775248e-01
2.1228636523e-01 -2.2412722379e-01 2.1648906623e-01
1.8844440198e-01 -1.7777846088e-01 1.5398523691e-01
2.3512135458e-02 -3.0286327678e-02 5.8135566777e-02
1.0334181527e-02 7.6952449262e-02 7.4180555326e-02
7.5801238539e-02 9.4980842566e-02 2.0345091102e-01
2.1525876597e-01 -1.1013152328e-01 1.8215107663e-01
2.0396153727e-01 -4.3377306654e-01 1.1148316202e-01
2.1296099444e-01 -4.8725673506e-01 4.5532317672e-02
9.2128906433e-01 -7.4970383819e-01 -4.6412770555e-01
1.6850736080e+00 -7.9233313450e-01 -1.0367506859e+00
6.9939768955e-01 -3.4087741474e-01 -5.9622569607e-01
1.9439492528e-02 -8.8792236320e-02 -1.2320137898e-01
2.2260867711e-02 -1.7723022952e-02 1.0049911926e-01
4.8269003206e-02 -1.1015418471e-02 9.8548666623e-02
4.3140610515e-02 -5.2064127471e-02 9.3093968928e-02
5.4845047793e-02 -1.2883310781e-01 1.0911211173e-01
-6.6470998634e-02 1.2498555896e-01 -1.8995227787e-02
-1.4160973237e-01 4.8321868188e-01 -5.8352438408e-02
1.0463930677e-01 6.5574078891e-01 1.7197609282e-01
3.2863312731e-01 8.1027123811e-01 4.9824069607e-01
3.1411991587e-01 4.9326762268e-01 3.7786821197e-01
2.1730483785e-01 4.2588248943e-02 2.1363750458e-01
2.2587714881e-01 -2.5691079587e-01 1.2401715760e-01
6.4731378258e-01 -6.9538714500e-01 -2.9494576690e-01
1.1064894937e+00 -2.3780509698e-01 -8.4940046803e-01
5.0358007269e-01 -1.0196388026e-01 -7.5947138622e-01
-8.7374790754e-03 -9.2650844155e-02 -1.7392264735e-01
3.1938628379e-02 -4.3367681738e-02 1.3097870232e-01
1.8599813859e-03 1.7831978830e-03 3.2909951309e-02
-5.0613303698e-02 -6.4824871402e-02 4.1058257538e-02
-2.0828261673e-02 2.6315988987e-02 4.7623016067e-02
-2.5378888384e-02 6.5349404886e-01 -1.0472050500e-01
1.4299259686e-01 9.4525523965e-01 1.3982068906e-01
5.9054916322e-01 1.0897764813e+00 6.1081785738e-01
5.8623310646e-01 9.9427023958e-01 7.1353967582e-01
2.4881771780e-01 2.4296343644e-01 3.3932376309e-01
7.2954054068e-02 -5.6725489013e-02 1.1524919230e-01
-2.3339979566e-02 -6.0645992865e-01 -1.1317554360e-01
3.7024413151e-02 -9.9812865115e-01 -3.7331434894e-01
-1.4725523637e-02 2.3794115468e-01 -6.5541826886e-01
-7.8605790561e-02 3.7218762837e-01 -5.4182508322e-01
-6.2661727266e-02 -2.4693465780e-02 -1.3777172084e-01
4.8948317304e-02 -5.8334778955e-02 1.4828862980e-01
4.7396866978e-02 -7.5195315817e-02 1.0252511060e-01
7.8785685104e-02 -1.0400192661e-01 1.9487518972e-01
1.8706166458e-01 4.2081179964e-01 8.7759487143e-02
3.8457957610e-01 7.8999827944e-01 1.8973250782e-01
5.5222274886e-01 8.1832176517e-01 4.3889483770e-01
6.4916919121e-01 8.8503601877e-01 5.6979033364e-01
3.9610879755e-01 4.7989832939e-01 3.9455754704e-01
1.9463169130e-01 -2.7349089527e-02 1.3500773861e-01
1.3297397223e-01 4.0517825199e-02 -8.0362525914e-03
-8.7170190190e-02 -1.1491956700e-01 -6.5775651825e-01
-7.4472263205e-02 -6.1920191645e-01 -1.2877744590e+00
-4.8390133914e-02 -1.6772408898e-01 -1.5680824420e+00
-7.7903007537e-02 2.4778956560e-01 -4.7435268938e-01
-4.1344376325e-02 -1.8198645552e-02 -7.5162477132e-02
5.5202083704e-02 -5.5352961076e-02 1.2002770482e-01
1.3978884901e-01 -1.2818129244e-01 1.9108772786e-01
3.2694065586e-01 -1.0957362719e-01 3.6939974605e-01
3.7285790456e-01 3.5314679986e-02 3.4991776287e-01
4.0896806844e-01 1.0317511235e-01 4.0746944286e-01
4.8474308752e-01 4.5093304891e-01 2.8357473326e-01
3.7629053697e-01 3.7892355642e-01 2.6934847279e-01
2.7115569581e-01 1.7914040252e-01 1.5731085997e-01
4.1366446036e-01 1.8203539370e-01 1.6329636328e-01
3.6964265396e-01 2.1781283860e-01 -7.9734179603e-02
2.3760870950e-01 1.6301902757e-01 -8.9770096929e-01
-3.0595103045e-01 -8.3315300864e-01 -9.0687848337e-01
-2.5224750233e-01 -1.2212342725e+00 -1.9612468271e+00
4.0161748816e-02 -1.1720926922e-01 -5.4416077690e-01
-4.3680328798e-02 -3.7016931142e-02 -4.5666162375e-02
1.3426929191e-02 -4.2379923595e-02 8.5173539061e-02
1.9065857974e-01 -2.0234155998e-01 2.2251153866e-01
4.6985433427e-01 -6.5459992649e-01 7.5590589350e-01
1.2432650547e-01 -4.0702166878e-01 3.4027615528e-01
1.5904374324e-02 -1.1919322890e-01 4.6180211590e-02
1.4088434429e-01 4.6049555093e-02 4.0810867387e-02
6.8272123209e-03 -8.9409112798e-03 9.4863460999e-02
6.9063975047e-02 -3.1872578202e-02 1.2950516180e-01
1.5453119253e-01 7.2347311525e-03 1.1900764066e-01
7.0628424296e-02 -1.8203342044e-02 -3.4853352048e-03
1.8585540655e-01 -4.3743286678e-02 -4.1499059959e-01
1.7456853490e-01 -6.1091051797e-01 -5.4754460447e-01
5.3250086877e-01 -1.0634377303e+00 -1.6197218877e+00
2.2253826188e-01 -2.3590214512e-01 -7.2132040230e-01
-3.5465527161e-02 -3.5904223468e-02 -6.8994731443e-02
-1.6530407088e-02 -5.4547251815e-02 7.7814673540e-02
-3.2196658452e-02 -3.3202672167e-01 2.5335856646e-01
-1.7748840188e-01 -9.1673838331e-01 5.6358348058e-01
-1.6027826686e-01 -2.4841107832e-01 4.1151677237e-02
-3.0732975152e-02 2.2397851902e-02 -2.9900034287e-01
-7.3738958298e-02 -1.4035927736e-03 -8.7226829376e-02
-8.2754563984e-02 -4.9281176343e-02 6.8717703084e-02
-9.1979757765e-02 -1.1023572123e-01 1.1520544099e-01
-8.0734113543e-02 -1.4328959460e-01 1.0456589654e-01
-1.2799341517e-01 -1.3052558323e-01 1.1662658299e-01
-2.4086017856e-02 -1.1457543362e-01 1.6399143245e-02
4.2554056821e-01 -3.9801874538e-01 -1.3984559580e-01
6.2630175578e-01 -6.2920945013e-01 -4.4385347832e-01
1.3786831551e-01 -1.2126902164e-01 -4.3027910453e-01
-4.9616773453e-02 -2.1590216902e-02 -1.2439946638e-01
-2.0936063487e-03 -4.0577157888e-02 5.0716542652e-02
-9.0695380526e-02 -2.1719225767e-01 8.4837626377e-02
-4.4978076923e-01 -6.7605170179e-01 2.8887388495e-01
-2.7555596408e-01 -1.9705506946e-01 -8.6143630611e-02
-1.7168768444e-01 -6.8788107307e-02 -9.4601935643e-02
-6.4821899025e-02 1.5580979743e-02 -4.0950866398e-02
-4.1896194826e-02 2.3967510557e-02 -6.5531766429e-03
-7.4492904984e-02 -6.8988762265e-02 1.0235261873e-01
-8.3518208151e-02 -1.0650744975e-01 1.2141034440e-01
-1.2776858352e-01 -8.7625158940e-02 9.5687965647e-02
-1.7143120453e-01 -8.3117386683e-02 9.9963771274e-02
-7.4625735467e-02 -3.9915081880e-01 3.3323235880e-01
1.2230780641e-01 -4.3847966984e-01 4.1799112639e-01
9.4529716823e-02 7.0313752870e-02 -1.5991267798e-01
-3.9004048930e-02 -4.1619200472e-03 -1.2104619243e-01
-2.1196076179e-03 -4.2226863181e-02 3.9896663653e-02
-2.5034551441e-02 -1.0396555109e-01 6.8308140130e-02
-2.8951488362e-01 -4.1945747938e-01 2.3769868330e-01
-3.3825829485e-01 -4.5972609680e-01 7.3764842446e-02
-3.1770611673e-01 -3.4854436991e-01 2.5362946074e-01
-1.1510009439e-01 -9.3036300772e-02 4.9655264485e-02
-9.6838137321e-02 -9.3722976530e-02 -6.7990075473e-02
-7.2971243945e-02 -6.6818016202e-02 1.0542780566e-01
-5.7966067662e-02 -1.2277886775e-01 1.2407257334e-01
-1.2228882544e-01 -1.0572883046e-01 7.6140995971e-02
-1.0456297272e-01 -1.4073475724e-01 4.4161523866e-02
1.6796510867e-02 -4.5491772837e-01 6.6447464811e-02
1.4550037348e-01 -4.9646286164e-01 -3.1358110396e-01
1.7592584219e-01 4.8559212945e-02 -4.1523023545e-01
-2.8288833426e-02 -6.7564264405e-03 -9.1598670480e-02
-2.8044632241e-02 -3.8419911680e-02 4.6050266278e-02
1.0341999801e-02 -4.4313587519e-02 3.8814570005e-02
-5.8362739086e-02 -9.6900572255e-02 7.5553592193e-02
-2.0572677262e-01 -2.6561650364e-01 8.0655676259e-02
-3.5246985884e-01 -4.2909472521e-01 2.4086421919e-01
-2.3030608482e-01 -4.0616046593e-01 3.2642363998e-01
-1.8139979674e-01 -4.2311595570e-01 3.2777523008e-01
-5.8934673052e-02 -2.5018439753e-01 3.3780208872e-01
-1.4441312849e-02 -1.9620258764e-01 2.9746030242e-01
-5.1964105444e-02 -1.2245391583e-01 2.2464520402e-01
4.3327785831e-02 -1.3761542068e-01 1.0374571649e-01
1.4609108268e-01 -4.1777140367e-01 -1.9378142106e-02
-9.9365687254e-02 -6.6342199413e-01 -1.3093490360e+00
4.4181867153e-02 -1.4727456735e-01 -9.1958163495e-01
-2.7585948372e-02 -7.0653392454e-03 -8.7490842300e-02
-3.8204937096e-02 -3.5698452070e-02 4.7678970854e-02
-6.5357695746e-03 -4.6033751193e-02 3.2150470928e-02
-2.5145037143e-02 -5.9907249750e-02 7.7753458796e-02
-4.6216869622e-02 -8.9087124485e-02 9.3962162284e-02
-1.3261631707e-01 -1.9985076183e-01 2.0181272068e-01
-3.4234625947e-01 -3.8438136358e-01 4.5775638973e-01
-5.6105123102e-01 -7.4904442883e-01 6.7303003429e-01
-4.6830623393e-01 -7.3408203178e-01 6.6939538633e-01
-2.5076984743e-01 -6.1189724155e-01 5.4015695844e-01
-6.0846417324e-02 -2.6911920767e-01 3.5330340600e-01
1.7999742346e-03 -3.7458470106e-01 6.1792883675e-02
-2.1757752349e-01 -6.9985618653e-01 -1.7356862822e-01
-4.5167952416e-01 -7.1642873197e-01 -1.3419143198e+00
-1.5671523221e-01 -1.9898368310e-01 -6.9713457122e-01
-4.1938046568e-02 -4.4185054172e-02 -5.4007956664e-02
-2.7991901614e-02 -4.3789422548e-02 6.5248444841e-02
-6.1093245483e-03 -4.7212886691e-02 6.1546449010e-02
-3.3298993064e-02 -6.4603852660e-02 1.0022248442e-01
-2.8433431046e-02 -7.7310474964e-02 1.0615894803e-01
-4.2083236972e-02 -7.3644624695e-02 1.3770064134e-01
-2.1068902982e-01 -1.7479350200e-01 2.5066740983e-01
-5.3094003891e-01 -5.8081167563e-01 6.4454955017e-01
-8.2018010117e-01 -9.4968524826e-01 9.0871977669e-01
-8.8555895197e-01 -1.1199419348e+00 7.9053907798e-01
-7.5711806700e-01 -8.5824197896e-01 5.3281002743e-01
-6.2042013215e-01 -8.5512533401e-01 -1.3676248989e-02
-8.2348815943e-01 -1.0279858880e+00 -3.5855091067e-01
-4.7579810636e-01 -5.7203959511e-01 -5.9772125974e-01
-9.7192758868e-02 -1.2873697208e-01 -2.1572683506e-01
-4.9896332995e-02 -3.4610142854e-02 -4.2187093031e-02
-1.4650768885e-02 -6.9474797028e-02 6.4540258020e-02
8.9628729472e-03 -8.1894574584e-02 3.3554602406e-02
-1.7188733327e-02 -1.0162626580e-01 9.9315590121e-02
-2.7422692890e-02 -1.2032485720e-01 9.6044058109e-02
-1.9601952557e-02 -1.1893268036e-01 1.1688366219e-01
-5.3092781094e-02 -1.1659742394e-01 6.6292761164e-02
-1.7275713055e-01 -2.2536852895e-01 2.0733030738e-01
-5.3347633097e-01 -5.2017176385e-01 4.0833363040e-01
-8.1391325306e-01 -8.7690115995e-01 4.8653228586e-01
-9.1153451825e-01 -9.5524717860e-01 2.8633659879e-01
-7.3855661779e-01 -7.8108340217e-01 -3.8096076047e-02
-5.5348244730e-01 -5.2371773710e-01 -1.7036178233e-01
-2.2435130265e-01 -2.1862182106e-01 -1.3178250117e-01
-4.3386800781e-02 -5.5696490446e-02 -8.5657193003e-02
-2.6615833691e-02 -6.1420951971e-02 -2.9601568346e-02
1.8663873678e-02 5.9503062669e-03 7.7860430158e-02
1.1843399228e-02 9.0363711369e-03 9.9145945839e-02
9.4067627730e-03 -6.4361053585e-03 1.3875552505e-01
2.1030299993e-02 -3.5938073208e-02 1.2429126963e-01
6.4833620229e-02 -6.4065493737e-02 1.2427710581e-01
3.9164158743e-02 -5.0121069437e-02 9.8842289687e-02
5.6173214849e-02 -8.3889881928e-02 1.0269252940e-01
9.8332407983e-03 -9.6635251391e-02 9.6913298521e-02
3.5152120907e-02 -1.2510351146e-01 1.1414347843e-01
-1.9476758770e-02 -1.1130697096e-01 1.3144298347e-01
1.5385963491e-02 -1.4188549061e-01 1.4305675749e-01
-1.6369508941e-02 -1.6484541852e-01 1.5033654379e-01
-1.3111439695e-02 -1.4818689396e-01 9.3354958380e-02
-5.4231498921e-04 -1.1184873843e-01 2.9735216235e-02
-2.7457758360e-02 -6.6134841746e-02 -2.6864236019e-02
1.3336156381e-02 1.5251630421e-02 8.4381503122e-02
7.9821228852e-03 2.4355584414e-03 1.0294277609e-01
-3.2463648118e-03 -1.7823055754e-02 1.3500166901e-01
2.3903249011e-02 -4.7151495530e-02 1.4154546607e-01
5.3113079459e-02 -7.7461091049e-02 1.5434139224e-01
4.2520227318e-02 -6.3311204639e-02 1.2323261322e-01
4.1390197006e-02 -1.2165290512e-01 1.2020762810e-01
5.5288150498e-02 -1.8397668818e-01 1.1100539859e-01
1.0782401550e-01 -2.8012922362e-01 1.5007996997e-01
1.1832406819e-01 -3.8839415019e-01 1.4305523109e-01
1.6502148461e-01 -4.7851111191e-01 5.0110983020e-02
5.8935807700e-02 -3.1821746831e-01 4.0343722978e-02
4.3340583096e-02 -1.6258960196e-01 1.2405368920e-01
5.5323067379e-02 -9.8907143742e-02 7.5018766084e-02
1.6072797725e-02 -4.2145654273e-02 -1.7439873827e-03
7.0185126693e-05 1.7213260536e-02 6.3863126964e-02
-1.3678422152e-02 4.6686185208e-03 9.4092394799e-02
-2.9079443777e-02 -3.3742839339e-02 1.3170075874e-01
3.1676323454e-02 -7.0756600219e-02 1.2563146298e-01
6.2817443487e-02 -1.0117149501e-01 1.2432862848e-01
3.8241830150e-02 -8.2612951550e-02 1.0933084669e-01
7.3391660215e-02 -1.4783419768e-01 1.0559716737e-01
1.2579652698e-01 -2.7901132753e-01 1.3004487140e-01
2.9805359559e-01 -4.6380550149e-01 1.5367363567e-01
3.7545790215e-01 -7.4135762025e-01 7.5224521956e-02
5.3902057965e-01 -9.2791093800e-01 -1.2937674175e-01
5.8779466044e-01 -4.2624040046e-01 -1.7721125022e-01
3.3658538453e-01 -1.2149798256e-01 -9.3759871742e-02
7.9750251097e-02 -6.6619540291e-02 -5.1838910173e-03
-1.9478075508e-02 -3.0784767661e-02 -3.0029988704e-02
8.2551482199e-03 1.6347554824e-02 6.0042589974e-02
1.5912705219e-02 -8.1816023123e-03 1.0389640637e-01
1.7779309110e-02 -6.2002311629e-02 1.1650603316e-01
7.7954429795e-02 -1.2219233038e-01 1.2446181809e-01
1.1569287601e-01 -1.6743154587e-01 1.1878446541e-01
1.4493435116e-01 -1.9006193458e-01 1.2584886103e-01
1.9454931949e-01 -5.6700445621e-02 1.6706134698e-01
3.7921615378e-01 8.2065685545e-02 2.9795005908e-01
6.4203630894e-01 -8.4675542021e-02 3.5398580966e-01
7.1726706571e-01 -5.6447736216e-01 3.0319086674e-01
1.0188364233e+00 -6.7536510903e-01 1.1666706103e-01
1.6578855210e+00 -3.4824271951e-01 -5.6546080626e-01
1.4497656204e+00 -9.5778831031e-02 -1.1942694639e+00
3.4714640251e-01 -1.0451384710e-01 -3.8656803523e-01
-4.4288402375e-03 -4.0722857078e-02 -8.2348049896e-02
6.8398746133e-03 -7.4825329444e-03 6.8569726515e-02
4.5128834128e-02 -4.1685224215e-02 1.1039287250e-01
2.2759082971e-02 -9.6278040809e-02 1.2544468659e-01
9.1588756049e-02 -2.1230627433e-01 1.7760129554e-01
1.4964451494e-01 -1.7839442110e-01 1.6522678261e-01
2.8559137130e-01 1.2685424399e-01 2.1848460739e-01
7.0946740094e-01 3.4068678649e-01 5.2714968161e-01
1.0338733013e+00 3.1662739139e-01 6.7577280403e-01
9.8042007777e-01 -7.4814174136e-03 4.3954500651e-01
8.3191441571e-01 -3.6657792122e-01 3.0381241118e-01
7.7294599528e-01 -4.9726807389e-01 -7.6046445979e-02
7.2994626421e-01 -9.9333466299e-01 -7.6341246755e-01
1.2796416313e+00 -7.7538159625e-01 -1.5568938437e+00
6.5790197897e-01 -9.3310532187e-02 -1.1231647443e+00
3.9945784723e-03 -2.2848425990e-02 -1.9587032058e-01
1.0855627891e-02 -3.2010184960e-02 1.1321614922e-01
3.1098620994e-02 -6.7923204882e-02 1.2935732949e-01
5.0262615173e-02 -1.9337653639e-01 2.0094566225e-01
1.8454063539e-01 -2.1608963709e-01 2.7234138875e-01
4.0511405161e-01 3.1656733166e-01 3.5100798144e-01
8.8267694052e-01 5.4586523228e-01 7.4829793836e-01
1.0030711322e+00 3.5953110437e-01 7.8403069352e-01
5.4031513791e-01 2.6101539181e-02 4.2901685048e-01
1.8654212740e-01 -2.1410622295e-01 1.9760741749e-01
3.6701733534e-02 -3.3119942641e-01 1.5257815928e-01
-7.8599319674e-02 -6.5934179854e-01 -5.5605413822e-01
-5.3256836727e-02 -1.5717092898e+00 -5.2646443871e-01
3.3575121722e-01 -6.2214157676e-01 -9.1304156688e-01
4.4388149456e-01 6.0859956155e-01 -1.7302584409e+00
-7.4371828293e-04 8.2010952711e-02 -3.6928350974e-01
1.7003147339e-02 -5.0059359585e-02 1.2471129509e-01
5.5409854998e-02 -9.2245744436e-02 1.4560164451e-01
8.0463478417e-02 -1.8980887939e-01 2.4564443043e-01
3.9146767828e-01 8.4527128317e-02 4.1189601651e-01
8.9351207968e-01 2.7924338672e-01 8.9987571182e-01
8.2230056220e-01 3.5894280805e-01 8.0753920930e-01
2.9385375147e-01 2.3569748134e-01 2.8092088741e-01
4.2366252095e-02 -2.0136115282e-02 9.2573544803e-02
6.5440818359e-02 -1.2961806411e-01 1.3557875682e-01
-2.9994397812e-02 -6.7546963954e-02 8.0550708533e-02
-3.4420768232e-01 -3.0378947834e-01 -6.1403074340e-01
-5.4307973625e-01 -1.8170961500e+00 2.3821498505e-01
-4.2401594613e-01 -2.6387592727e-01 -5.7258005057e-01
-2.7172295294e-01 1.2340039206e+00 -1.3571431548e+00
-6.1619662366e-02 2.0153666308e-01 -3.4750530154e-01
1.2952714653e-02 -5.0399558334e-02 1.1117532711e-01
4.8810720042e-02 -1.0538477742e-01 1.5987644858e-01
5.6677406463e-02 -2.0836220930e-01 3.0302783000e-01
4.0808436485e-01 -3.6116138919e-01 7.8453145547e-01
6.0617670094e-01 -2.7676858585e-01 7.8493920646e-01
2.5527137397e-01 -7.9171711535e-03 1.8589149375e-01
6.2837448390e-02 4.1860162621e-03 8.4265942500e-02
3.1529026940e-02 -9.1941411395e-03 1.1299548781e-01
1.1906419696e-01 -4.7446538602e-02 1.2638760862e-01
8.0690692431e-02 2.6044704161e-02 7.0346696590e-02
-9.2203770636e-02 8.3821604467e-04 -3.4957666943e-01
-6.3734518206e-01 -1.1021564295e+00 5.4374950582e-02
-4.3274781530e-01 -6.8948424472e-01 -4.1558572943e-01
-2.3734803990e-01 3.9476582707e-01 -3.4893619426e-01
-8.6128377463e-02 1.6597141105e-01 -1.7604700684e-01
-5.2927561844e-03 -4.1649575295e-02 8.3286948807e-02
3.6117570306e-02 -1.5029372682e-01 1.7271791642e-01
1.4192421589e-01 -5.4050734614e-01 5.8129727709e-01
1.7543813302e-01 -4.5533238185e-01 5.1047165791e-01
1.0562494504e-01 -1.5735481832e-01 -4.8274732033e-02
1.6342581985e-01 -3.5111249240e-02 -2.6495802878e-01
1.0244711645e-01 4.6229051997e-02 -3.2920768363e-02
-5.7287018425e-02 -1.0158279491e-01 8.4308766447e-02
-3.8568701601e-02 -1.6075141267e-01 9.2853964386e-02
-5.1308593477e-02 -9.6138426304e-02 1.0514669227e-01
5.0564715119e-02 3.0691883204e-02 -1.7079254846e-01
2.3329957007e-01 -4.1350222226e-01 -9.1659259563e-01
3.3214314582e-01 -9.4109757207e-01 -1.0928558800e+00
8.9632278676e-02 -1.6895777711e-01 -3.2612537979e-01
-4.4915408807e-02 1.1689010768e-01 -1.1905963242e-01
-5.1834437598e-03 -3.1810858731e-02 5.7694305029e-02
-1.1568592617e-02 -1.4978161451e-01 1.4210928962e-01
-3.5406683669e-02 -4.9687625223e-01 4.3942560634e-01
4.4609574603e-02 -1.7635312022e-01 7.8294600690e-03
6.4829393965e-02 7.3749443665e-02 -5.1964632607e-01
3.0681809454e-02 1.9992367256e-01 -3.3441602930e-01
1.9761800434e-02 1.8432391492e-01 -1.4507120918e-01
-7.5941059010e-02 -5.0980739737e-02 2.2713200339e-02
-6.9372235672e-02 -1.3298751061e-01 1.0443344964e-01
-1.2541338185e-01 -1.0093263993e-01 1.0643893322e-01
-6.4306769385e-02 -9.8665974363e-02 7.1065239556e-02
1.7905495957e-01 -4.0530180747e-01 -3.8602702052e-01
5.0874161793e-01 -6.9495772967e-01 -1.4417514184e+00
3.1967462065e-01 -1.7446338759e-01 -9.1119999946e-01
-4.5381849232e-02 3.9350672946e-02 -1.6707218792e-01
4.3134249878e-04 -2.9838544592e-02 6.1676103733e-02
2.3657332197e-03 -6.6805489852e-02 7.0110015963e-02
-6.5597010539e-02 -1.7404877569e-01 1.0582269308e-01
-9.1742553978e-02 -1.7291927165e-01 -1.2254741034e-01
-1.3814853103e-01 -2.0041553600e-01 -1.1431384133e-01
-7.5049764226e-02 7.6106357539e-02 -9.7827162820e-02
-1.3792557380e-01 1.0635077116e-01 -1.8269730741e-01
-7.4820616084e-02 -3.8763938635e-02 3.5643392864e-02
-4.7095344598e-02 -8.1442109031e-02 1.6578397705e-01
-9.4902210693e-02 -8.1196410435e-02 1.2700664872e-01
-1.3076961278e-01 -1.0040438181e-01 9.5369730830e-02
-1.5948888738e-01 -3.4295702172e-01 -5.3847255530e-02
-1.0435758186e-01 -6.7922407138e-01 -1.2277564598e+00
9.2759572800e-02 -1.9331260714e-01 -1.0767064652e+00
-5.8462147922e-02 -9.0298726508e-03 -1.6442217005e-01
-7.4954838116e-03 -3.4544597983e-02 4.6675638927e-02
1.3111684131e-02 -5.3984880940e-02 4.9249114791e-02
-1.7139668550e-02 -8.2385609963e-02 7.7881950557e-02
-7.6175235496e-02 -2.1246531405e-01 6.1859270817e-02
-7.7539132310e-02 -2.4497666055e-01 1.5830915872e-01
8.0755994436e-03 -9.1477463207e-02 -2.9321487936e-02
-1.8917519182e-01 -2.3786113924e-01 -1.1768916709e-01
-1.1126396545e-01 -2.3189860866e-01 2.1383376062e-01
6.1020708009e-03 -2.3453817183e-01 2.7316095293e-01
-8.7332076390e-02 -2.0772016012e-01 1.9989879739e-01
5.5186050041e-03 -7.7990891479e-02 1.5563137582e-01
1.8053556789e-02 -2.4475277724e-01 1.6904226070e-01
-2.5231150181e-01 -7.3739508083e-01 -1.1804306001e+00
-5.8982191502e-02 -2.7402420556e-01 -1.0694938802e+00
-6.1672960149e-02 -1.0303367786e-02 -1.2366713179e-01
-2.6509104444e-02 -2.6589047160e-02 5.0122152000e-02
1.6359667901e-03 -4.9100407241e-02 5.1767765255e-02
-2.1303583656e-02 -4.3646366505e-02 7.3062251747e-02
-3.9414372000e-02 -6.1831167291e-02 8.1770130887e-02
-8.4038443951e-02 -1.5716663810e-01 1.3037783414e-01
-1.7212280864e-01 -3.6927038290e-01 2.3456968172e-01
-3.4065563044e-01 -6.1564175476e-01 4.3618948202e-01
-2.5483188036e-01 -5.5007817299e-01 6.4754220512e-01
-1.7725640554e-01 -5.9191379263e-01 5.8057358436e-01
-1.7752836544e-01 -4.7187845049e-01 3.9251246218e-01
1.3136147223e-02 -3.1149656635e-01 2.2924410661e-01
-8.1627502215e-02 -5.2689746238e-01 1.0745530076e-01
-2.4848573255e-01 -7.6402983861e-01 -1.1172771945e+00
-1.0370012249e-01 -2.9252925256e-01 -8.0080979185e-01
-5.8395845608e-02 -8.1486417137e-03 -7.7283979526e-02
-3.2583436270e-02 -3.0710182016e-02 4.1906640803e-02
-8.1077133181e-03 -5.0312397279e-02 4.3215761956e-02
-2.8281726718e-02 -5.6437960691e-02 7.7836622669e-02
-1.1841265132e-02 -5.9128366145e-02 9.4475054463e-02
-3.4839618163e-02 -6.5410638075e-02 1.2351569876e-01
-1.3295196843e-01 -2.0645641420e-01 2.0654920562e-01
-3.3113463663e-01 -6.2229718065e-01 4.7248612734e-01
-4.8231842332e-01 -9.7800733073e-01 7.6251613736e-01
-4.4419986503e-01 -1.0760136748e+00 7.8429176954e-01
-3.0527539824e-01 -8.8407038490e-01 4.8867275983e-01
-3.4269525674e-01 -1.0002141639e+00 -1.8689727222e-02
-7.8763319078e-01 -1.1443781921e+00 -1.8725203067e-01
-4.2309288229e-01 -7.0817319090e-01 -6.3615723119e-01
-1.4216208188e-01 -1.7254475775e-01 -2.7376986060e-01
-5.9682717578e-02 -1.8873088420e-02 -2.7215507513e-02
-3.3927646792e-02 -3.4296721358e-02 6.7449512638e-02
-1.0085610652e-02 -4.5615810745e-02 6.4439937292e-02
-4.2679724476e-02 -5.5418255207e-02 9.8050258667e-02
-3.1492878857e-02 -6.5391038729e-02 1.0823130591e-01
-3.6591056488e-02 -5.3593629635e-02 1.2477490331e-01
-7.9297048529e-02 -6.5470373087e-02 1.0997573442e-01
-2.0049724471e-01 -2.6193966413e-01 2.5517992783e-01
-4.3976950837e-01 -6.3878137064e-01 4.9925266505e-01
-5.7988653773e-01 -9.2426101829e-01 6.5391595193e-01
-6.6317769204e-01 -8.1188235073e-01 5.1109501805e-01
-6.2802953208e-01 -8.9601512221e-01 -8.7962137397e-03
-7.3839217212e-01 -8.4973705115e-01 -1.5537420442e-01
-3.1535993295e-01 -3.7316250587e-01 -1.4196467348e-01
-6.0048420084e-02 -9.3367753601e-02 -5.8517570506e-02
-6.7576148524e-02 -1.6368455950e-02 -3.4832363810e-02
-8.8090617178e-03 -5.3095331192e-02 7.2189348373e-02
9.5871231538e-03 -7.8090647220e-02 5.4443801199e-02
-2.7513863589e-03 -8.0403040019e-02 1.0256652538e-01
-2.6579468213e-03 -9.2498578683e-02 1.0977298032e-01
-4.7090799286e-03 -9.3059494092e-02 1.2844905229e-01
-3.0335719606e-02 -9.0078506616e-02 8.5623186043e-02
-1.9854689117e-02 -1.1851588886e-01 1.3005770107e-01
-1.2649918248e-01 -2.1502224977e-01 1.7870316856e-01
-2.3135208933e-01 -3.4395850883e-01 1.9950591616e-01
-3.4866898605e-01 -3.4899255092e-01 1.5893196549e-01
-2.4932297125e-01 -3.1964819993e-01 7.5276827692e-02
-2.0172653420e-01 -2.5296768823e-01 4.9480859226e-02
-1.0722905968e-01 -1.3218387623e-01 1.4605213217e-02
-4.8003909104e-02 -2.9467794337e-02 -3.2875057285e-02
-4.2702660362e-02 -2.5899829649e-02 -2.5936813649e-02
4.7715836512e-03 -1.1102376864e-02 7.6193762647e-02
2.3849218804e-02 -1.6629774010e-02 7.2953032025e-02
1.1766827741e-02 -3.6160141378e-02 1.1238536058e-01
1.8853909564e-02 -5.5321787856e-02 9.8054960664e-02
4.5018111091e-02 -7.3938269352e-02 1.1099438958e-01
3.5519344431e-02 -6.8578310491e-02 7.4615198932e-02
5.2849651172e-02 -8.6007953631e-02 8.1367051151e-02
6.9992199165e-03 -8.3347104394e-02 8.0529430183e-02
1.6796283104e-02 -9.3591043514e-02 9.1953939902e-02
-2.4286210422e-02 -7.7488559827e-02 1.0312166410e-01
-3.7852820631e-03 -1.0807605243e-01 1.2435138648e-01
-4.0655382925e-02 -1.4880880634e-01 1.5699778059e-01
-2.2139276705e-02 -1.3245897880e-01 1.4523341526e-01
2.7591748804e-03 -1.2515016465e-01 8.3962750286e-02
-2.5065931398e-02 -9.0461010595e-02 1.7646009025e-02
1.9986866653e-02 -6.7675070403e-03 7.6329221665e-02
3.6724050198e-02 -2.2635616431e-02 7.4139244755e-02
2.7033980144e-02 -3.9556811371e-02 1.1502263905e-01
3.6819838078e-02 -6.1338555650e-02 9.4256420793e-02
4.3904562045e-02 -8.8166406152e-02 1.1319206802e-01
4.0424195385e-02 -8.5110676538e-02 8.0494904873e-02
4.4520610350e-02 -1.0542382149e-01 8.2404141099e-02
1.9151635933e-02 -1.1060842631e-01 6.3169779131e-02
2.2431920831e-02 -1.2940985676e-01 8.6002942400e-02
-6.0068908184e-03 -1.0385064784e-01 7.8461145033e-02
-1.4722151729e-02 -1.1854631270e-01 1.0582226452e-01
-1.9494149458e-02 -1.3017816054e-01 1.3327281189e-01
6.0442319249e-03 -1.5086466187e-01 1.6981450183e-01
3.8235313015e-02 -1.3930746215e-01 1.0821147182e-01
1.7926986255e-02 -8.5640134051e-02 3.4466220755e-02
-8.1880897274e-04 -2.5897828031e-03 6.4504879719e-02
2.5503457032e-02 -2.0809954793e-02 6.9492036768e-02
1.0059404534e-02 -5.2612442023e-02 9.8861366898e-02
2.9618953649e-02 -7.8796831060e-02 8.9002224790e-02
4.9442182121e-02 -1.0017102822e-01 1.1320209060e-01
3.6133055777e-02 -8.2260305955e-02 6.7930789793e-02
4.1936855799e-02 -9.8982524313e-02 7.4365428993e-02
2.2664733255e-02 -1.0758750723e-01 6.6330298499e-02
6.3128656476e-02 -1.4021199757e-01 8.7536049376e-02
8.9632445249e-02 -1.5074415016e-01 1.0209614371e-01
3.6716583090e-01 -1.7966844348e-01 1.5940913533e-01
6.5400547509e-01 -1.1794369334e-01 1.9126316463e-02
2.9294721177e-01 -1.1677721463e-01 -5.8198569960e-02
5.3537850059e-02 -7.8139834906e-02 1.6260802217e-03
-2.9282975606e-02 -5.6976168809e-02 -1.1235143602e-02
1.5991884706e-02 -6.5118231032e-03 5.8533817129e-02
5.1856391817e-02 -4.0121186954e-02 6.2792333428e-02
3.7041571552e-02 -7.1668729076e-02 8.6581629596e-02
5.5551403077e-02 -1.0987901043e-01 9.5594049267e-02
5.4589509723e-02 -1.1244784620e-01 8.7738402639e-02
5.7301261553e-02 -1.1595896203e-01 7.0400410764e-02
1.0599029951e-01 -1.0190980276e-01 1.0956555653e-01
2.8718841495e-01 -1.1261253665e-01 2.0575316292e-01
5.5775028366e-01 -2.1860400785e-01 2.9406706068e-01
5.4791363877e-01 -2.6542666501e-01 3.6175252997e-01
1.1681679820e+00 -3.0421525672e-01 4.4407733319e-01
1.7161433430e+00 -3.5019815245e-01 -7.8470201069e-01
8.6762498095e-01 -3.4649775816e-01 -1.5074130067e+00
1.7801331861e-01 -1.5628598894e-01 -3.0873575897e-01
-2.1793479407e-02 -5.8687630318e-02 -5.2312321259e-02
1.9931815639e-02 -2.0277971185e-02 7.2934677713e-02
5.8046074540e-02 -4.7551794792e-02 7.9699776584e-02
3.8163912733e-02 -8.2068808682e-02 1.0194425171e-01
5.7331656314e-02 -1.2069388227e-01 1.1336045574e-01
6.9328177507e-02 -1.0687681100e-01 1.0779893983e-01
2.0236148871e-01 -7.1080358069e-02 1.7400951196e-01
5.7679320994e-01 -1.5432567055e-01 4.0874605516e-01
8.3269718864e-01 -2.5936939019e-01 5.1286357957e-01
8.4413120998e-01 -3.6179899653e-01 3.8793113336e-01
4.2870683984e-01 -2.4150176122e-01 3.3846043611e-01
-3.4925592873e-01 -8.3692516864e-02 2.8225799217e-01
-1.2362953667e+00 -1.0738701694e+00 -6.2748347339e-01
-8.3174986985e-02 -1.6813528292e+00 -1.6192282887e+00
4.9253659044e-01 -6.2259819880e-01 -7.3635537571e-01
3.4696395447e-02 -8.7007618138e-02 -1.3640058250e-01
1.9888010652e-02 -3.5603162813e-02 8.6867852665e-02
5.3024764309e-02 -5.9139560523e-02 8.1662256024e-02
3.1738018644e-02 -1.0445903091e-01 1.1079004132e-01
5.8716042827e-02 -1.2883446647e-01 1.1684317594e-01
1.9343818582e-01 -7.4419571881e-02 2.4892800547e-01
5.7473589649e-01 -1.4430876914e-01 5.1611125931e-01
6.2646527780e-01 -2.1565021061e-01 4.8326998041e-01
2.9988772530e-01 -2.6168141372e-01 2.4799156158e-01
1.2009183376e-01 -1.5544943239e-01 1.7528558336e-01
-4.5196057178e-02 -1.4232498737e-01 2.4031910668e-01
-5.8321077032e-01 -8.4907498477e-02 1.2307932960e-01
-6.7212237885e-01 -1.4087734703e+00 7.0090654325e-01
9.9120429799e-01 -2.2192563640e+00 4.6493870761e-03
1.2751116593e+00 -9.0366298666e-01 -1.3686013374e+00
1.7214186651e-01 -7.2230734582e-02 -4.7213042131e-01
3.0400548109e-02 -5.1370271614e-02 8.7994371307e-02
6.5696755517e-02 -7.2020427845e-02 7.6923682933e-02
4.1973103748e-02 -1.0382948629e-01 1.1374051270e-01
1.2682789136e-01 -1.3407981934e-01 2.2128342545e-01
3.9276355641e-01 -2.4477998061e-01 5.5209222919e-01
3.7089851260e-01 -1.6245643561e-01 3.8715172570e-01
-5.8431883638e-02 -8.4449597210e-03 -3.6855750636e-02
-1.0475927033e-01 -2.6219363848e-02 1.1744443721e-02
-5.4594992784e-02 1.0684715256e-01 4.3313637631e-02
-6.0497917932e-02 -4.6875530801e-02 1.3787110625e-01
-1.2650039434e-01 -1.2191624264e-01 1.4814969082e-01
-5.6023287742e-02 -9.4808596535e-01 9.3712911933e-01
5.2943606147e-01 -9.9525055595e-01 4.1796128254e-01
7.8028444025e-01 -4.3826304142e-02 -1.5577753003e+00
2.2543619925e-01 2.6528946870e-01 -1.0357546135e+00
2.6692573267e-02 -5.2823471984e-02 9.2844965929e-02
6.7816399478e-02 -7.6940246216e-02 8.7576832905e-02
4.5829543830e-02 -1.2964917004e-01 1.4728686595e-01
1.4442447959e-01 -2.8471488175e-01 3.6268997312e-01
2.1311599976e-01 -3.3950382597e-01 3.6186560801e-01
-1.1737758237e-01 -3.9561724057e-02 -1.1341455402e-01
-2.3696683879e-01 7.5924676503e-02 -5.3554963547e-02
-2.1322201934e-01 7.7738354351e-02 4.5361430993e-02
-8.6114109813e-02 8.4057844110e-02 8.9517764104e-03
-2.0483918048e-02 -1.8657268452e-02 7.9219132567e-02
-1.7545103173e-02 7.8447317823e-02 -3.5983182988e-05
-1.7934784665e-01 -1.4926304951e-01 3.0663917240e-01
-2.1868211821e-01 -1.0223311873e+00 1.3414795027e+00
1.4415623780e-02 4.2330230041e-01 -5.6758502430e-01
6.8296484893e-02 7.4093202680e-01 -1.2185595163e+00
1.1057561796e-02 -4.2869046536e-02 9.3012100577e-02
4.5912989357e-02 -7.1023583499e-02 8.3628165673e-02
3.1926330646e-02 -1.5561932796e-01 1.7108970224e-01
2.8571701922e-02 -2.7014326731e-01 2.1836321445e-01
-2.4334217965e-02 -1.4898189054e-01 -1.0056405754e-01
1.1556009164e-01 1.7615507928e-01 -2.8901179671e-01
2.0636809198e-02 1.8153296759e-01 -1.7415931795e-02
-1.9103157708e-01 1.3058021296e-01 2.8318741284e-02
-5.1524659313e-02 1.5914987874e-01 2.5441055200e-02
-2.0771149466e-02 -3.0218226477e-02 1.0478994147e-01
2.0825704490e-02 2.3571535574e-02 3.8236362533e-02
-8.5728983733e-02 -1.8177671076e-01 1.0548207552e-01
-4.9773378587e-01 -5.8668406513e-01 7.3896146463e-01
-3.4197735067e-01 7.2742487355e-01 -4.5766194941e-01
-1.3406524465e-01 8.6946333847e-01 -1.0673302809e+00
-7.9042832188e-03 -2.7489472862e-02 7.8242411181e-02
1.4256698939e-02 -3.5752816685e-02 7.7058495610e-02
-1.3423029500e-02 -7.8758072757e-02 1.2367248062e-01
-1.6118292064e-02 -9.5509649323e-02 6.1176994756e-02
3.2966617761e-02 -4.6084044644e-02 -1.3042414617e-01
2.0938165035e-01 5.8587113979e-02 -1.6600681637e-01
2.0374849694e-01 1.5275062192e-01 -2.6387962596e-01
-2.4172119250e-02 1.1945680548e-01 -3.1701983488e-02
3.0773337003e-02 9.6507302193e-02 -4.5644060667e-02
-6.1320665709e-02 -3.7805024931e-02 1.0958862453e-01
-8.7335150730e-03 -6.2746819919e-02 1.5496434701e-01
-7.5044671679e-02 -2.5668872087e-01 2.9970237082e-01
-4.9940091514e-01 5.0435756127e-03 -8.5160640767e-02
-6.5700192795e-01 6.6275831931e-01 -7.3518111604e-01
-2.7364752903e-01 4.1354472854e-01 -5.3691360653e-01
3.8414847579e-03 -2.5464516933e-02 6.9156718230e-02
2.5810754300e-02 -3.3405723010e-02 5.8470930901e-02
4.1348514478e-03 -3.3114686536e-02 8.6828339194e-02
-2.7224280597e-03 -7.0974346519e-02 8.5804063436e-02
-4.8339636561e-03 -1.3395408407e-01 7.6129659639e-02
-1.4458012456e-02 -8.1250837476e-02 -6.8632086181e-02
-6.6466285079e-02 9.0415395417e-02 -2.6316155969e-01
-3.4962287963e-02 3.8600843842e-02 7.9000681264e-02
-2.5032081143e-03 -5.2778606894e-03 1.7884933148e-01
-7.7149533922e-02 -1.7140632724e-01 2.8582030376e-01
-7.1191116341e-02 -1.5997405366e-01 1.9708352838e-01
-2.9023356536e-01 -3.1463934690e-01 2.2278726666e-01
-9.4256906887e-01 -4.8895440203e-01 -1.3469162079e-01
-7.1816711350e-01 5.1588388483e-02 -5.1248564939e-01
-1.1486784951e-01 3.8195702931e-02 -1.2203995597e-01
-5.9605888199e-03 -2.9099865545e-02 6.1027727287e-02
2.6360863811e-02 -4.6474538700e-02 5.2396704140e-02
6.3121341729e-03 -4.1192080366e-02 8.9803680106e-02
6.8066862069e-03 -4.7224666424e-02 9.6193131905e-02
1.9508683042e-02 -5.4914856006e-02 1.0304852249e-01
2.6147009660e-02 -8.0418596161e-02 -1.3707055077e-02
-5.9324745375e-02 -1.8045930895e-01 -5.4351057735e-03
3.4806774672e-02 -2.7204500718e-01 2.5864742090e-01
7.0867029301e-02 -3.4737938096e-01 4.6157093776e-01
-1.6201660797e-01 -5.4576756166e-01 4.2300665098e-01
-1.8589294996e-01 -4.7852497064e-01 2.2350932637e-01
-3.8952080117e-01 -5.0765583327e-01 3.9293327759e-02
-6.7467122233e-01 -7.2530177554e-01 -5.8946907928e-01
-2.9485956131e-01 -2.3591294915e-01 -4.3696570070e-01
-3.6618576304e-02 -4.0256429286e-02 -2.4678105780e-02
-1.9101358514e-02 -2.0237331483e-02 6.0707222872e-02
2.1599391315e-02 -4.4178645667e-02 5.3455843907e-02
-1.0997336560e-03 -3.9553029013e-02 7.8303143326e-02
2.4064860156e-03 -3.4339453664e-02 8.5539040712e-02
-1.6853949068e-03 -3.1183069854e-02 1.0838904334e-01
-4.1634643384e-02 -8.7592396537e-02 9.4094791945e-02
-1.2904654253e-01 -2.5260314442e-01 2.2107297327e-01
-1.0412559084e-01 -4.4146962114e-01 5.4952495820e-01
-1.2760802037e-01 -6.9023467441e-01 6.7842178981e-01
-4.0271574021e-01 -8.9545712127e-01 5.6993483011e-01
-5.1957852980e-01 -9.1748525046e-01 2.5118481540e-01
-7.2308281661e-01 -1.0954039042e+00 -1.2173011723e-01
-4.2975822518e-01 -7.8349335171e-01 -5.6061312177e-01
-9.3254460036e-02 -2.0800637524e-01 -2.3363100049e-01
-4.3024903796e-02 -3.0186709193e-02 -1.6705448966e-02
-2.1657248182e-02 -2.0043704621e-02 5.8966067656e-02
7.9752196064e-03 -3.8357339338e-02 5.1305795454e-02
4.5038283539e-03 -4.6854205279e-02 8.2702326615e-02
-2.8372620499e-03 -4.5413647683e-02 9.0655455965e-02
-1.7017039933e-02 -4.1955524125e-02 1.0948436000e-01
-2.6023602083e-02 -4.2668898169e-02 1.1063778931e-01
-5.4901494175e-02 -1.4969308874e-01 1.7485445981e-01
-1.8308066860e-01 -3.6236790075e-01 3.5583472547e-01
-2.5553082216e-01 -6.6564531000e-01 5.1655076180e-01
-3.7712277336e-01 -9.4135598801e-01 4.7832596542e-01
-4.6598255911e-01 -1.0298572754e+00 1.5978051821e-01
-6.2051398975e-01 -9.3119481839e-01 -7.7779851607e-02
-2.5659816637e-01 -3.9583130121e-01 -1.4359715136e-01
-4.2642297714e-02 -9.5575488278e-02 -1.2222630873e-02
-3.4351729327e-02 -4.0942515119e-02 -3.4901452415e-03
-1.3982917547e-02 -2.2066660705e-02 6.4597661530e-02
1.1423038479e-02 -2.9523761426e-02 5.4483964356e-02
-3.9038873217e-03 -3.3431887067e-02 7.6631497844e-02
-1.7171711014e-02 -3.5120749383e-02 8.0001566612e-02
-7.7870562872e-03 -3.5530538661e-02 9.7395595930e-02
-1.3775917846e-02 -3.2875923093e-02 7.7392678770e-02
-1.1855521945e-02 -5.3328644770e-02 1.0821444031e-01
-8.7780112789e-02 -1.2294992738e-01 1.4731319375e-01
-1.4283859680e-01 -2.4861211055e-01 2.0647296971e-01
-1.9474690123e-01 -3.2718584905e-01 1.7814632918e-01
-1.8555704073e-01 -3.8491421807e-01 6.6630434681e-02
-2.0752707508e-01 -2.9150630082e-01 4.7005080017e-02
-9.6994805303e-02 -1.4310323202e-01 5.0258085960e-02
-1.6124300791e-02 -7.7017213643e-02 1.9100535114e-02
-4.9436319829e-02 -4.3782813625e-02 -1.9360052953e-02
1.5857084813e-03 -3.7786858838e-02 6.7547675144e-02
3.2103170891e-02 -5.8183048900e-02 4.2470720414e-02
1.8619134422e-02 -6.3825148063e-02 8.8670641502e-02
4.0371592817e-03 -6.6524771221e-02 8.8689602196e-02
1.8461367543e-02 -7.7215861977e-02 1.1071655046e-01
1.0499329784e-02 -8.4603935817e-02 7.6986278725e-02
2.0661970923e-02 -8.9624688363e-02 1.0232761832e-01
-1.3798541275e-02 -8.8159639232e-02 1.0945446680e-01
-1.1637010275e-02 -1.0377495186e-01 1.1743710151e-01
-3.2680036975e-02 -1.0705849849e-01 9.4646404130e-02
-1.9762062543e-03 -1.1235449884e-01 8.6616200103e-02
-2.8484582863e-02 -1.2102038531e-01 1.1200455602e-01
-3.4055351431e-02 -9.1230958687e-02 9.4835761294e-02
-1.1275936791e-02 -3.8800222274e-02 1.6397586126e-02
-2.2246762035e-02 -5.5333612857e-02 -1.5884079951e-03
1.8198187331e-02 -1.1505392734e-02 5.2888337916e-02
4.1777881769e-02 -2.5577128353e-02 5.8738878753e-02
3.0165710608e-02 -4.6371035840e-02 7.8434954344e-02
3.4782499920e-02 -5.5055553162e-02 8.5307437900e-02
3.3384842965e-02 -5.9830691461e-02 8.2026748326e-02
3.8344976540e-02 -6.0604826454e-02 5.6897222939e-02
4.6296729521e-02 -7.2845987595e-02 5.4178169685e-02
1.0775027902e-02 -7.1908606876e-02 5.5511114176e-02
6.6161095914e-03 -7.7022631116e-02 6.3200157669e-02
-9.4008840569e-03 -6.9868749268e-02 6.8206536335e-02
3.4705907071e-03 -8.9344417092e-02 9.4181603354e-02
-3.9656169779e-02 -8.4401864631e-02 1.0869425776e-01
-4.0096301022e-02 -7.7810087923e-02 1.2458286128e-01
-1.1079601382e-02 -6.0614694893e-02 7.1831097197e-02
-1.6135787923e-02 -5.7286989092e-02 2.7463207865e-02
2.5315815605e-02 -1.2579086983e-02 5.4084267991e-02
4.0299523961e-02 -3.5753585567e-02 6.0941487621e-02
3.7720877694e-02 -4.8178228305e-02 7.9275516847e-02
4.7598677624e-02 -6.7584254313e-02 8.1644393365e-02
3.7279133161e-02 -7.5067205905e-02 8.7110551074e-02
3.3483268342e-02 -7.4539459103e-02 5.8206218946e-02
2.9553960431e-02 -8.6042089563e-02 5.6240776410e-02
1.8570502275e-02 -8.6679508660e-02 4.7807147543e-02
4.2284669338e-03 -8.9053271095e-02 5.8544817094e-02
-6.6133819423e-03 -7.6687520333e-02 5.5728198659e-02
-1.2246845669e-02 -8.7961498708e-02 8.1066955968e-02
-1.7364602693e-02 -8.9009677797e-02 1.0294641059e-01
-8.7933697952e-03 -8.7976126658e-02 1.2527028525e-01
3.5964316852e-03 -7.0725489067e-02 8.0434040896e-02
1.6040821767e-02 -5.1210732682e-02 3.2502082255e-02
1.1039423039e-02 -1.1268939010e-02 3.9286389744e-02
3.8528242881e-02 -4.3955828113e-02 4.8450293059e-02
2.9677955486e-02 -5.7710576678e-02 7.1911883905e-02
4.1021905139e-02 -7.6112600115e-02 7.3203429950e-02
4.0501628346e-02 -7.6848180056e-02 7.8876887518e-02
2.7441116409e-02 -6.2298901328e-02 4.6360949936e-02
2.4696533182e-02 -6.8663779726e-02 3.9464749859e-02
1.0944246757e-02 -7.4266732342e-02 3.2348954910e-02
1.5686693263e-02 -8.1745728816e-02 3.5181361715e-02
2.7862828814e-02 -6.8858430206e-02 4.9029102349e-02
2.1362364315e-01 -1.3369427295e-01 1.4281304266e-01
4.1307290132e-01 -1.5368792200e-01 1.7165835422e-02
1.5792391596e-01 -1.0605045034e-01 -2.7037163396e-02
1.8151127784e-02 -4.8495538172e-02 1.6206270606e-02
-1.2787466098e-02 -2.5581245478e-02 -1.4326922011e-02
2.8998840154e-02 -1.4594426060e-02 3.8122355164e-02
6.0650549218e-02 -5.7265073115e-02 4.7707549196e-02
4.2189756114e-02 -6.8359140535e-02 6.3063040062e-02
4.5848828558e-02 -8.4486200310e-02 6.1141080793e-02
3.1680299077e-02 -6.2889156636e-02 5.4047860835e-02
3.7593106573e-02 -6.9374015196e-02 3.7373333256e-02
3.5922772165e-02 -9.3371332071e-02 3.8644900383e-02
5.6098540372e-02 -1.3086508865e-01 5.5878727113e-02
1.2259048198e-01 -1.8449879621e-01 9.9521262331e-02
2.7028785747e-01 -2.1999391042e-01 2.3093802544e-01
1.1743990364e+00 -5.1764323148e-01 5.1424486591e-01
1.6966760402e+00 -6.6160829263e-01 -5.6500940856e-01
6.0804581343e-01 -2.7207399059e-01 -1.0987132414e+00
6.6015883460e-02 -7.0091842730e-02 -1.7491767472e-01
-7.7429089192e-03 -4.1402124098e-02 -4.3010711625e-02
1.7447278639e-02 -1.8385344451e-02 4.3497498272e-02
5.6960502404e-02 -5.3768443850e-02 4.7695637456e-02
3.8463006314e-02 -7.0045030149e-02 7.2923794530e-02
3.9486127752e-02 -8.1444132290e-02 6.3753230094e-02
1.6428353594e-02 -6.6097865389e-02 5.4811164795e-02
3.9531772780e-02 -8.5132180127e-02 3.7108691181e-02
7.0862774166e-02 -1.5342635582e-01 5.7817242448e-02
8.6906518829e-02 -2.3902478430e-01 8.4324930722e-02
2.0999771721e-01 -4.3791209285e-01 2.2902826433e-01
2.6373233887e-01 -3.2054746497e-01 3.8891881283e-01
6.6551835621e-02 -1.8528842908e-02 2.4147504376e-01
-6.0849530669e-01 7.6458570321e-02 -1.1730320204e+00
-4.3321795886e-01 1.7290324938e-02 -1.8594321744e+00
6.7621300349e-02 -1.4660824147e-01 -3.6721962769e-01
1.0577907969e-03 -6.0546939627e-02 -6.3405475701e-02
3.0485667051e-02 -3.7812138090e-02 6.4311824878e-02
6.2530051247e-02 -6.2919662688e-02 5.8784709211e-02
3.8334042578e-02 -6.8246896825e-02 6.9015424878e-02
2.9551553361e-02 -9.7873257706e-02 6.5533435775e-02
1.4393986685e-02 -1.1236812650e-01 8.3637397766e-02
4.2389449097e-02 -1.5529354280e-01 5.8879924852e-02
-2.3329760919e-02 -1.9167476277e-01 4.1649109851e-02
-9.6942544625e-02 -2.1472947674e-01 4.7636305498e-02
6.1286660249e-02 -2.4782118061e-01 1.0423521061e-01
7.1178376909e-02 -1.9021863042e-01 3.0655958796e-01
-6.8749918747e-01 6.5771526661e-01 -1.2452096205e-01
-1.1916145585e+00 7.5896478590e-01 -4.3458454441e-01
-3.2493076762e-02 -3.2851371867e-01 -3.0889071582e-01
6.6690876523e-01 -7.7105516440e-01 -3.1670218724e-01
1.3326461051e-01 -1.4395169871e-01 -2.1191618752e-01
3.6659552328e-02 -5.0320173565e-02 6.6475885762e-02
6.7740790410e-02 -7.8406913340e-02 6.5155254971e-02
3.5550672954e-02 -8.9678224340e-02 8.7387209160e-02
3.8943290281e-02 -1.1678592039e-01 9.8079431329e-02
4.6029759170e-03 -1.5227895156e-01 1.1168624114e-01
-3.0636479958e-02 -1.3022892684e-01 -1.3422666249e-03
-1.6007346019e-01 -6.9146011017e-02 -5.9939357515e-02
-1.5013075312e-01 1.8617277652e-02 3.4692177693e-02
-1.4996455106e-01 3.2434434419e-01 -2.2815576457e-01
-4.0254500559e-02 9.5230243484e-02 -4.6980617207e-02
-1.7774869556e-01 4.1821153917e-01 -7.0092306715e-02
-1.4908858460e-01 1.3241387591e-01 2.2917981048e-01
6.7386842628e-01 -1.4451138537e+00 9.8915733071e-01
1.2388371901e+00 -1.4380153084e+00 -4.9774771343e-01
4.8290773168e-01 -1.3073822449e-01 -8.7292046258e-01
3.6860651357e-02 -5.2799288174e-02 7.1391643805e-02
6.5539849086e-02 -7.8923732949e-02 7.6523069962e-02
3.4292520087e-02 -8.8129706776e-02 9.2504642775e-02
2.5474412678e-02 -1.2446350275e-01 1.1168394653e-01
-3.1070254697e-02 -1.1497285709e-01 8.1202471431e-02
-8.2287957148e-02 2.4548620071e-02 -2.7481634628e-02
-1.0020019805e-01 2.6711286688e-02 5.1103730992e-02
-7.1958150340e-02 1.3182107964e-01 -1.2550260007e-01
-1.5376824860e-01 4.5729053091e-01 -2.3361165299e-01
-1.0119780624e-01 3.1112554758e-01 -4.7134578769e-02
-6.1413383137e-02 1.9907398779e-01 9.2018532998e-02
-2.6386537323e-02 -2.6829914125e-01 4.7828383036e-01
1.4661309745e-01 -1.4886573863e+00 1.5454264014e+00
7.0001164246e-01 -8.5127844726e-01 -1.7625794353e-01
5.6459466324e-01 3.0360245455e-01 -1.8847377003e+00
2.0386730244e-02 -3.9282997091e-02 6.6498051796e-02
4.7609467373e-02 -6.7779481388e-02 7.2334037583e-02
2.8783921521e-02 -7.1763300377e-02 8.0897697808e-02
1.2433058882e-02 -8.8381084941e-02 9.1485486865e-02
-1.3967709805e-02 -6.0912937333e-02 6.5164885356e-02
3.2076369978e-02 1.5545241976e-02 6.0061536878e-02
-1.2603694850e-01 -1.8626834112e-02 1.4260552784e-01
-1.7104852078e-01 2.6899636690e-01 -7.0676594459e-02
1.6279704819e-03 5.0416888842e-01 -1.4745423294e-01
3.7431417253e-02 2.8001753125e-01 8.1383383048e-02
1.6816472788e-02 1.2098521884e-01 5.1892031192e-02
-8.1989387829e-02 -1.3313220872e-01 2.1901996304e-01
-8.5237590582e-02 -2.7105882986e-01 8.8906981144e-01
-1.3902051797e-01 2.2738028711e-01 -2.2865062934e-01
-3.8209457694e-01 7.0747352387e-01 -2.3673932492e+00
-4.3392133823e-03 -2.2830896292e-02 5.4599480874e-02
1.6239272360e-02 -3.6368765470e-02 6.6955552978e-02
9.2513557339e-03 -4.1099112791e-02 7.5421708372e-02
1.1943482542e-02 -4.9384024479e-02 8.6716522782e-02
1.3766853131e-02 -6.0022680698e-02 9.0818660389e-02
8.1473939203e-02 -8.7852757747e-02 5.0544333722e-02
4.8250356012e-02 -3.9906110954e-02 2.2166991407e-02
-4.0510669984e-02 2.2994440822e-01 5.0959890447e-02
6.3494175937e-02 2.3957035853e-01 -2.2439945294e-01
3.4140768879e-02 -1.6218217891e-02 1.3586623312e-01
3.4390886132e-02 -2.2398557647e-01 1.7307579213e-01
-7.6866161924e-02 -3.6342422104e-01 1.2038752202e-01
-5.9757543935e-01 3.2227396255e-02 -1.5127715772e-01
-1.3724299325e+00 2.9832199740e-01 -1.0251974709e+00
-9.7980830206e-01 3.5020507532e-01 -1.4107511395e+00
8.5423651421e-03 -2.3222317856e-02 5.2347871092e-02
2.8727915284e-02 -4.3524761312e-02 5.1944340538e-02
1.7427751857e-02 -4.5254803034e-02 6.5496475961e-02
2.8604578621e-02 -4.7431734458e-02 7.8333352994e-02
9.1837271401e-03 -5.3982806609e-02 9.2415746802e-02
6.9002953751e-03 -7.5012330488e-02 3.9781700598e-02
6.1738647468e-03 -2.4012207929e-02 3.4585829461e-02
-1.2768966953e-02 2.4583964668e-02 1.5369118278e-01
1.0140673853e-02 -3.7889922700e-03 8.8313220096e-02
2.2248743960e-02 -1.8196500900e-01 4.4299726176e-01
-2.5705590978e-01 -5.3383971124e-01 4.1212073727e-01
-6.0490740562e-01 -8.3006532686e-01 1.0918331552e-01
-1.2975579777e+00 -5.9120953422e-01 -5.1290360373e-01
-1.4065618005e+00 -1.5344397198e-01 -7.7201699208e-01
-3.7823382320e-01 1.8467736113e-02 -2.6725672699e-01
1.5461473692e-03 -2.6090863451e-02 4.5749678487e-02
2.4568294072e-02 -4.6017292294e-02 4.5090227544e-02
1.4186009215e-02 -5.3101600279e-02 6.5523139681e-02
2.0087401324e-02 -5.4398494939e-02 7.4890881336e-02
1.2995456570e-02 -5.3521436024e-02 8.0613841440e-02
5.2268883616e-03 -4.9104701304e-02 5.3607889993e-02
1.6196363126e-02 -6.5357550026e-02 5.5618487112e-02
8.0690581949e-03 -1.2339003923e-01 1.1416012195e-01
-7.2517487699e-03 -2.4426875725e-01 3.5470035724e-01
-1.1896177010e-01 -5.6225054792e-01 5.8020723872e-01
-5.1451279831e-01 -9.2293224935e-01 3.3816750021e-01
-8.5968867748e-01 -9.7702390198e-01 -5.7891171264e-02
-6.3663517284e-01 -5.5680203330e-01 -3.0957814114e-01
-3.3272288452e-01 -1.2019651056e-01 -1.8212707452e-01
-6.1088336179e-02 -1.6440740608e-02 -8.3002293308e-03
-7.1508214152e-03 -1.4489133640e-02 4.4844899880e-02
2.3936171822e-02 -4.3274783722e-02 5.2027529040e-02
1.3876605337e-02 -4.5994249481e-02 6.1775471027e-02
1.5448269848e-02 -4.5334117794e-02 6.4816545840e-02
4.5734271634e-03 -4.1318204880e-02 7.6018277531e-02
-3.7248508685e-03 -3.3954651467e-02 6.7704217823e-02
-6.4834000880e-04 -6.0128331076e-02 9.3671630263e-02
-2.4801540775e-02 -1.0906583619e-01 1.4553503147e-01
-3.0052514491e-02 -2.5885384090e-01 2.5436676238e-01
-1.5974501971e-01 -5.2848542841e-01 3.4789314417e-01
-3.3638490925e-01 -8.2815067048e-01 2.3266954597e-01
-4.8419938269e-01 -7.5356152110e-01 -3.8033508671e-02
-2.0418454448e-01 -3.2683603090e-01 -8.9089598245e-02
-2.6519331686e-02 -6.1080228066e-02 -1.6721948445e-02
-2.6617972516e-02 -1.9794552770e-02 -2.0792465683e-02
-1.6326653732e-02 -1.2886509585e-02 3.9381559425e-02
1.2003969083e-02 -4.0060801379e-02 4.5909351243e-02
-1.9576850164e-04 -5.0967785974e-02 6.5874170955e-02
4.6557225636e-03 -5.0896982928e-02 6.4058441717e-02
-2.0177213536e-02 -4.2061621220e-02 6.9769549649e-02
-2.0130151298e-02 -3.9717562714e-02 6.6863916168e-02
-3.7830592480e-03 -5.7218804232e-02 8.1492490691e-02
-4.0828490030e-02 -7.6353016249e-02 9.6496901659e-02
-5.3874677927e-02 -1.4634904593e-01 9.9428572392e-02
-1.3266454679e-01 -2.3196565141e-01 1.2164227150e-01
-1.3806566977e-01 -3.2350930692e-01 1.1646633583e-01
-1.7699201359e-01 -2.4916058379e-01 5.4967469911e-02
-5.7108400889e-02 -1.0670499322e-01 4.6317299387e-02
-2.5318380568e-02 -3.5347967689e-02 -2.0545826071e-03
-3.1190494710e-02 -3.5379823446e-02 -2.4244846789e-02
-1.1190263655e-02 -1.3961291662e-02 4.9084100095e-02
1.0048002677e-02 -3.1220501149e-02 5.0192741515e-02
3.0312716060e-03 -3.8307183408e-02 6.3217323976e-02
3.0421452941e-03 -4.1966835457e-02 6.9634226401e-02
-1.1317100120e-02 -3.9067017355e-02 7.3395826416e-02
-6.8207525693e-03 -4.6357943347e-02 6.7166491096e-02
7.8555245903e-03 -5.0999037141e-02 7.7352734232e-02
-2.1927212368e-02 -4.8900535514e-02 8.2655099939e-02
-1.3486426635e-02 -5.6682463089e-02 7.8345255979e-02
-3.9400918808e-02 -7.0580665183e-02 7.0314670401e-02
-5.9512276881e-03 -1.0722944946e-01 8.5944339215e-02
-4.3863251599e-02 -8.2208171928e-02 9.4145755083e-02
-3.9673667898e-02 -8.4751242503e-02 1.1377103318e-01
-1.8054092290e-02 -6.0688073113e-02 4.8102829032e-02
-3.1035965113e-02 -3.9670864683e-02 -3.0568612422e-02
1.2953876452e-02 -3.2694050625e-02 5.7522560978e-02
3.7014790013e-02 -5.3107632054e-02 4.5446666099e-02
2.9230099947e-02 -5.9254750462e-02 7.0037759285e-02
2.3072493142e-02 -6.1199272703e-02 7.2418704026e-02
1.6812787305e-02 -6.3560577977e-02 8.4599652460e-02
1.4924204548e-02 -7.6861254768e-02 7.4592488693e-02
2.5503093124e-02 -8.0270108070e-02 8.1952325829e-02
1.3580440031e-04 -8.0944098769e-02 8.8769462984e-02
1.6036732699e-02 -7.8707145970e-02 8.9318057337e-02
-4.1925191156e-03 -8.4100490325e-02 8.1533541063e-02
1.3194610076e-02 -9.4133003636e-02 8.6532263527e-02
-2.3180438168e-02 -8.9520305085e-02 1.1047264913e-01
-2.7660447789e-02 -8.2625744555e-02 1.3319265491e-01
-1.8464234287e-02 -4.5068107491e-02 4.7735258220e-02
-2.0892819123e-02 -2.9730871222e-02 -4.1901379753e-03
8.9933839933e-03 -5.6136748674e-03 4.0248110317e-02
3.0156442819e-02 -1.7025199182e-02 4.1681617142e-02
2.2438678428e-02 -3.2479262095e-02 6.4401339497e-02
2.1118292291e-02 -4.3061772004e-02 6.4357196133e-02
2.4158079856e-02 -4.1085825768e-02 6.3893467647e-02
2.9451099821e-02 -5.1291882505e-02 3.3895250549e-02
4.1287723953e-02 -6.2578000958e-02 4.1316767212e-02
1.7494449134e-03 -6.2247647959e-02 3.8617082068e-02
5.8179864450e-03 -5.3599554844e-02 5.0614773405e-02
-2.2319233143e-02 -4.4976254488e-02 4.4381877645e-02
-2.7352899012e-03 -6.3007546260e-02 7.7706782664e-02
-4.6892046479e-02 -5.9967472677e-02 9.2622494385e-02
-4.4471251087e-02 -5.1913745339e-02 1.1997729991e-01
-1.6711647465e-02 -2.6993536878e-02 7.6409299817e-02
1.4959581606e-02 -5.6816822742e-02 5.7133400214e-02
2.3977508897e-02 -5.1267212138e-03 3.7464539448e-02
4.2381194541e-02 -3.1303205951e-02 4.3067092678e-02
4.0252518843e-02 -3.8767155331e-02 6.4892691758e-02
4.8272270633e-02 -6.0443527441e-02 6.0860390684e-02
4.3096311393e-02 -6.1451342799e-02 6.7657200592e-02
4.4164464463e-02 -7.4891647863e-02 4.2417561310e-02
4.4065938239e-02 -8.2971143338e-02 4.4911377705e-02
2.4899428715e-02 -9.0971027600e-02 3.4211034788e-02
1.9114939692e-02 -8.3586926640e-02 4.6092348756e-02
-6.4278794052e-03 -6.7327874787e-02 3.0554984346e-02
-5.1461732688e-03 -7.6003762671e-02 5.9814636287e-02
-2.8096476218e-02 -6.7272154544e-02 7.6144192012e-02
-1.0429638186e-02 -7.9962200005e-02 1.1794987827e-01
7.1816197592e-03 -5.5958739084e-02 7.3717153182e-02
2.9956804572e-02 -5.6731856439e-02 5.2352284953e-02
8.7781649753e-03 -8.8082458709e-04 2.5367523180e-02
3.9135754917e-02 -3.5215062578e-02 3.3124851987e-02
3.0058090043e-02 -4.2263846608e-02 5.8107898548e-02
4.6555845276e-02 -6.3047753187e-02 5.7436072145e-02
3.8839050105e-02 -5.4988976774e-02 5.8732598148e-02
3.9179715772e-02 -5.8608742464e-02 3.5503824422e-02
4.5929154328e-02 -6.7349222974e-02 4.3525104087e-02
1.8998025185e-02 -6.1178053857e-02 2.7590397254e-02
2.2283135555e-02 -6.3616110195e-02 3.2323470473e-02
1.2492084483e-04 -3.9477744534e-02 6.4455199788e-03
5.0000666109e-02 -7.2182592065e-02 7.0314747418e-02
8.7598865379e-02 -8.9303613105e-02 5.1704848255e-02
4.5750010664e-02 -7.6921567713e-02 6.4605892237e-02
-2.1483911645e-03 -1.1557157053e-02 2.1134286499e-02
8.9328526723e-03 -2.6855555689e-02 1.3797078113e-02
2.2038459753e-02 -4.9767934437e-03 2.2980809444e-02
6.2637619449e-02 -4.8845588288e-02 3.9862994492e-02
4.8117358903e-02 -5.7276655034e-02 5.1085831361e-02
5.7443648598e-02 -7.4099459248e-02 4.6401835784e-02
4.3054825863e-02 -5.3309908443e-02 4.3721391023e-02
5.2385670682e-02 -6.2213081696e-02 2.7963566868e-02
5.6250500934e-02 -7.6907277823e-02 3.3171573085e-02
4.5221074361e-02 -8.8487772772e-02 3.2638063818e-02
5.2161535440e-02 -9.1400644681e-02 3.6846700517e-02
9.5815559585e-02 -1.1538644279e-01 7.2972591550e-02
5.2664097409e-01 -4.1183722647e-01 3.1642054786e-01
1.0239752674e+00 -6.6569675127e-01 -5.7022319005e-02
4.7723340053e-01 -2.7367393932e-01 -3.8503917551e-01
4.5860622463e-02 -2.9340713663e-02 -7.0928671332e-02
1.2210675775e-02 -4.1098523778e-02 -1.9973267553e-02
1.9564257766e-02 -1.0940051412e-02 3.5457497001e-02
6.9588760054e-02 -4.2420035690e-02 4.7982331489e-02
4.6692822794e-02 -5.0718485521e-02 6.4971551790e-02
5.2408678991e-02 -6.3334632472e-02 6.0120216988e-02
3.1502987675e-02 -3.9070344705e-02 5.4705238919e-02
5.5804521848e-02 -6.0034456105e-02 3.9159380709e-02
6.6126752788e-02 -9.0930657322e-02 5.4107184412e-02
3.9238093716e-02 -1.0151869761e-01 4.9232908105e-02
8.4990262870e-02 -1.6953334375e-01 1.1449308818e-01
1.8376553294e-01 -2.4110081040e-01 2.7059764980e-01
6.4497156529e-01 -6.7517878391e-01 5.9887237351e-01
9.5607297214e-01 -7.9821984639e-01 -4.1702070725e-01
6.3259689092e-01 -1.5459342014e-01 -1.4844581978e+00
1.0666695088e-01 -1.9277377241e-03 -3.2935989516e-01
1.2375996118e-02 -4.0515335092e-02 -2.2344514570e-02
2.6671923272e-02 -2.9355867975e-02 4.3349124078e-02
5.8628984053e-02 -5.1857542033e-02 3.8645335624e-02
3.9035061578e-02 -6.0859842946e-02 5.7177424957e-02
3.3073374376e-02 -7.1812726716e-02 4.8232122224e-02
3.2196654415e-02 -6.0881989781e-02 5.9979296465e-02
4.4395819355e-02 -8.4757879425e-02 4.3396903112e-02
4.4256344059e-02 -1.1652403994e-01 6.9729526134e-02
3.0313891392e-02 -1.5943551885e-01 7.2231011792e-02
4.4330197875e-02 -2.4876676869e-01 1.0174403739e-01
1.0380776599e-02 -1.4601653244e-01 2.2305370958e-01
4.5529353139e-02 -1.4624658778e-01 3.0812963634e-01
-4.1896356763e-02 2.8743058604e-01 -3.5858794741e-01
2.3015542820e-01 1.0118271167e+00 -1.6492150803e+00
3.2312824756e-01 2.5331039161e-01 -7.1598626257e-01
5.7831189398e-02 -3.5416917361e-02 -6.9377722683e-02
4.1021296235e-02 -4.7586605133e-02 5.6238413574e-02
7.5972301526e-02 -6.8763382290e-02 5.7902750024e-02
5.1837599805e-02 -8.6132086916e-02 8.6497397013e-02
5.9376675408e-02 -1.0166285706e-01 9.6547342783e-02
4.1193824179e-02 -8.8913967906e-02 9.8840443481e-02
5.4860448489e-02 -1.0021464761e-01 8.0028550776e-02
5.3954712811e-02 -1.3550171675e-01 1.0766495562e-01
2.8718691583e-02 -1.2615366623e-01 1.0293804013e-01
-1.3072705713e-02 -1.2047587356e-01 3.5344833198e-03
1.3816881062e-02 6.4793678813e-02 1.1343007149e-01
5.3345712022e-02 1.4832430365e-01 1.2223834256e-01
-6.9432095594e-02 8.4620270310e-01 -1.1685702998e-01
3.3381132186e-01 1.7572773054e+00 -8.1190886990e-01
7.9950195542e-01 6.5175508797e-01 -9.1459299542e-01
3.4380515331e-01 -5.6486560135e-03 -3.4265579933e-01
3.0938848396e-02 -4.2422561940e-02 5.0927777553e-02
7.5481308679e-02 -7.0689775406e-02 6.4959501935e-02
3.9225468698e-02 -7.6150464751e-02 7.8518421902e-02
4.3394218412e-02 -8.4238308623e-02 8.6274606125e-02
2.7369520911e-02 -6.1544239683e-02 8.9770374527e-02
3.9826705879e-02 -7.9980845735e-02 7.8759577591e-02
5.7575165604e-02 -1.2531652442e-01 9.2644508586e-02
3.0953813215e-02 -4.3886894614e-02 -1.1013477835e-02
-5.7075976423e-02 5.7921181188e-02 4.9822807153e-02
-5.5555051803e-02 3.0056413533e-01 2.1834190691e-01
-2.8873380392e-02 -3.3300548196e-02 2.8792269338e-01
4.9108044584e-02 3.3879605055e-01 2.1202665818e-01
3.8194657540e-01 1.1945974414e+00 1.9732106074e-01
1.0320908362e+00 3.6465572778e-01 -3.3419965161e-01
6.8190690953e-01 -2.4891234451e-01 -1.2500947988e+00
2.3021745417e-02 -3.4468295823e-02 5.6096890610e-02
6.1937079882e-02 -6.1733817487e-02 6.8010352446e-02
3.8553610662e-02 -6.8899588358e-02 7.8984947282e-02
4.2173172365e-02 -7.1922610680e-02 8.0714747639e-02
2.2601403811e-02 -5.6576149331e-02 8.8837036879e-02
2.2116633249e-02 -7.2362986423e-02 8.1078070627e-02
-1.5232945715e-03 -1.0766066367e-01 1.0405313816e-01
-3.9793920361e-03 -1.9135195018e-02 -1.8297184663e-02
5.7268101910e-02 8.0867960688e-02 8.2760368910e-02
6.9379795155e-02 2.0605715865e-01 3.2983831403e-01
-1.1092792344e-01 -2.4039594410e-01 2.7788815496e-01
-5.7104403712e-02 -3.8087921046e-01 5.4583340904e-01
1.0151974157e-01 1.5621528316e-01 7.6415324576e-01
-1.0640582908e-01 -4.4379488897e-01 -1.1593202645e-01
-3.8618528420e-01 -5.8329838050e-01 -2.0573614156e+00
-6.8071789450e-03 -1.1684487641e-02 4.3530660447e-02
2.0641755938e-02 -2.8762993657e-02 5.7745257155e-02
8.6765774554e-03 -3.3733170021e-02 6.6540240142e-02
1.2154710692e-02 -3.1953232147e-02 6.5082791622e-02
3.2592569429e-03 -3.6708896811e-02 7.7090582016e-02
7.8947610676e-03 -4.4712160852e-02 5.3755564700e-02
4.3885359557e-03 -4.5514246001e-02 8.2211339401e-02
-2.4803689434e-02 -1.6580837521e-02 4.2150760157e-02
2.8430982578e-02 -5.3174059709e-02 3.2058618397e-02
6.7941519842e-02 -1.1658351851e-01 2.3193684718e-01
-7.3090144897e-02 -7.0755945287e-01 2.9837717669e-01
-2.9693405733e-01 -9.6958979188e-01 5.7804954072e-01
-1.0339640086e+00 -8.7981002617e-01 4.1294987699e-01
-1.9492421406e+00 -1.1650341253e+00 -7.8928209027e-01
-1.1219617277e+00 -4.7877612093e-01 -1.3011116462e+00
1.0146194419e-02 -1.6334076561e-02 3.8869772774e-02
3.5566125502e-02 -3.4099719218e-02 4.1385926254e-02
2.4653993334e-02 -3.8511159581e-02 5.3241865634e-02
3.1197434508e-02 -4.9700155964e-02 5.4367738404e-02
2.1691975943e-02 -4.3905502342e-02 6.0382040465e-02
2.0440281652e-02 -4.9969458854e-02 4.3038702966e-02
1.6940310581e-02 -5.1389711589e-02 6.4490012690e-02
-4.2849419195e-03 -6.1153777028e-02 6.4181837502e-02
3.1980219598e-03 -1.1340450956e-01 6.9544935186e-02
1.0382064836e-01 -1.8739332288e-01 2.1810528458e-01
-1.2224112226e-01 -7.0614383091e-01 3.6302907383e-01
-6.0801401254e-01 -1.1144836073e+00 3.4598131503e-01
-1.2343378794e+00 -8.6618405447e-01 5.1406501466e-02
-1.3014715561e+00 -6.1605973419e-01 -4.1553193476e-01
-3.3665476362e-01 -1.4918302036e-01 -1.9579680259e-01
1.1412166337e-03 -1.6916624575e-02 3.5449068679e-02
3.3968957383e-02 -3.2419481370e-02 3.8098664724e-02
2.4922311827e-02 -4.4651221087e-02 5.3651183173e-02
3.0344299167e-02 -4.7765024456e-02 5.4720137570e-02
1.0962947729e-02 -4.7717420763e-02 6.4579652583e-02
1.6530852143e-02 -4.8687390668e-02 4.8285143193e-02
2.2998297139e-02 -6.0479073367e-02 6.5405736797e-02
-7.2379229687e-03 -6.1672203576e-02 5.6467473230e-02
-1.8183858542e-02 -9.6300358594e-02 9.5658285860e-02
-5.7270662922e-02 -1.6230005300e-01 1.4814029061e-01
-1.6070705322e-01 -3.5898127308e-01 2.0902191835e-01
-3.6751926930e-01 -4.6666893179e-01 1.0041129667e-01
-2.5270104506e-01 -2.4432492418e-01 6.6326720574e-02
-1.7450402095e-01 -7.9288144137e-02 2.8395830556e-03
-2.0401156038e-02 -2.3519816430e-02 2.8215502371e-02
-1.0837445715e-02 -5.7910792370e-03 3.3705700573e-02
3.2223953445e-02 -3.3615459544e-02 4.3064571094e-02
1.5733953322e-02 -3.9716593153e-02 4.7731506745e-02
1.8367922141e-02 -3.9081803125e-02 4.5730244557e-02
6.8102253540e-03 -3.7030644333e-02 5.2335921771e-02
1.2988497617e-02 -4.2835648027e-02 4.8749372310e-02
7.2525240011e-03 -4.9989154439e-02 6.7552945251e-02
-1.2859353998e-02 -4.7835148605e-02 6.2522235586e-02
-3.6963107809e-03 -6.2764297728e-02 6.8675135203e-02
-3.8424476243e-02 -9.1211430128e-02 3.8826709743e-02
-2.7557484779e-02 -1.5350523469e-01 5.9008688696e-02
-7.4823570096e-02 -1.2363072294e-01 4.1224803905e-02
-1.2286218619e-02 -5.2175561167e-02 5.7006596443e-02
-1.8646636790e-03 -7.3230870351e-03 1.2896292536e-02
1.6308054598e-03 -2.6763572072e-02 -2.6751039838e-03
-1.3943595566e-02 -3.8720919984e-03 3.5804328959e-02
2.9979976380e-02 -2.3940883923e-02 4.2181672217e-02
1.0579062328e-02 -3.6128912000e-02 5.4172746940e-02
1.8939089889e-02 -4.1755408243e-02 5.4933222901e-02
-1.5202594839e-03 -3.4322348866e-02 6.1492054949e-02
6.4053032658e-03 -3.7298719126e-02 5.6019447592e-02
1.8065969811e-02 -5.4177886448e-02 7.6419097643e-02
-1.3791928811e-02 -5.1888397297e-02 6.4809604975e-02
2.2749730207e-03 -5.4358120658e-02 5.7016776873e-02
-1.9787150008e-02 -4.8172378996e-02 3.4351071923e-02
2.9017835986e-02 -6.7071229912e-02 5.4323645718e-02
-1.2941252036e-02 -4.8286678459e-02 5.8089445986e-02
-2.9288303685e-04 -4.1279274685e-02 7.5130573356e-02
-1.2481954011e-02 -3.1473181480e-02 2.7682501971e-02
6.5706121993e-04 -3.5225488933e-02 -6.4529343222e-03
-5.3928541327e-03 -7.0255408080e-03 3.8277637049e-02
2.6992571928e-02 -1.7877830756e-02 3.5466679379e-02
7.9605966352e-03 -2.8271108452e-02 4.8235273692e-02
1.0335873365e-02 -2.7406884703e-02 4.4212585941e-02
-2.1438145972e-03 -2.4532243048e-02 5.5799836130e-02
7.6130008847e-03 -3.0768770955e-02 5.6717274948e-02
1.6477830011e-02 -3.6752262525e-02 6.5061866032e-02
-1.5517010698e-02 -3.8272256965e-02 6.1556266183e-02
-4.0313104329e-03 -3.6069223207e-02 6.3338247296e-02
-2.4584583232e-02 -3.7259274834e-02 4.2283029606e-02
1.5824612771e-02 -4.9435988566e-02 5.1235256645e-02
-3.3262455007e-02 -4.8222951463e-02 6.9009602013e-02
-2.2168280131e-02 -5.0921125488e-02 8.9538263617e-02
-6.0843800673e-03 -3.6773577803e-02 4.6281526317e-02
-8.5383872609e-03 -3.1203457909e-02 -9.8836682703e-03
1.9038079119e-02 -2.6244709193e-02 4.7489467547e-02
5.2006688810e-02 -4.5340583174e-02 4.1376889704e-02
3.7957426391e-02 -5.5261753914e-02 6.1526935561e-02
3.4522403654e-02 -5.9780351954e-02 6.0772050323e-02
2.8878865151e-02 -5.4600170959e-02 7.5397498353e-02
3.6225913257e-02 -6.5517456034e-02 6.6293215257e-02
3.6792751598e-02 -7.2656710890e-02 7.6429187575e-02
8.8985873948e-03 -7.7913564280e-02 7.5816405562e-02
1.9886376530e-02 -7.2772865311e-02 7.9178028631e-02
1.2542674807e-04 -7.6159330914e-02 6.2499924942e-02
2.0257278602e-02 -7.8160562513e-02 6.7220940734e-02
-2.4325947576e-02 -8.0097347886e-02 8.9413382808e-02
-1.4470181450e-02 -6.7997680823e-02 1.1421280939e-01
-8.6915106713e-03 -3.9259175857e-02 5.8783741855e-02
8.5942421097e-03 -3.9401547196e-02 9.8663077117e-03
-9.4887921834e-03 2.8639478913e-03 3.9427747794e-02
7.3916783737e-03 -1.0820742658e-02 4.8526592761e-02
7.0362452472e-03 -2.7601573702e-02 6.6681825184e-02
6.7091618210e-03 -4.1364711187e-02 7.4678284691e-02
8.2808081961e-03 -3.7084460787e-02 6.7541694004e-02
1.1850177488e-02 -4.1709390954e-02 4.9281377544e-02
2.4986178649e-02 -5.1245188076e-02 5.2104797650e-02
-5.4672951193e-03 -6.0355141150e-02 4.6959519738e-02
-8.3812286684e-03 -5.2287197874e-02 5.5089400986e-02
-3.4362537798e-02 -4.1743271900e-02 4.5930688167e-02
-2.0127974818e-02 -4.9551676644e-02 8.4827479188e-02
-4.9829551950e-02 -4.7711122426e-02 8.3063904856e-02
-4.6577722507e-02 -3.7073970030e-02 1.1691689167e-01
-2.7310798617e-02 -2.0311465031e-02 6.7024323860e-02
1.9434842304e-02 -2.9138379659e-02 5.6468060276e-02
7.9710017755e-03 -1.4541122767e-03 4.2609420483e-02
1.7808686484e-02 -1.5717936403e-02 5.2265668758e-02
1.5730642005e-02 -3.3911514479e-02 6.9065164678e-02
3.1231246148e-02 -4.7120153376e-02 7.2895098271e-02
2.6682448761e-02 -5.1325369908e-02 6.9952245486e-02
2.6125996704e-02 -5.5076109569e-02 5.3067573630e-02
2.7429542065e-02 -6.6876562217e-02 5.5652274107e-02
1.7182622953e-02 -7.4710996459e-02 4.2027304358e-02
9.0126248706e-03 -6.6847489626e-02 4.8087742103e-02
-1.5262128751e-02 -4.9029135325e-02 3.0868477799e-02
-1.4951144800e-02 -5.2800034297e-02 7.0547691844e-02
-2.2067930807e-02 -5.2181285948e-02 6.6627947036e-02
8.8806100397e-04 -5.0485670364e-02 1.0503148736e-01
1.4185152408e-02 -2.8550062083e-02 5.3209356361e-02
3.5518472407e-02 -2.3904521899e-02 5.1437234095e-02
-5.4605322321e-03 4.6447672811e-03 2.5764251673e-02
1.7344690233e-02 -2.1677122980e-02 3.9803447810e-02
1.0018293560e-02 -3.7382921756e-02 5.5621850535e-02
3.1765921585e-02 -5.3604293174e-02 6.2494863853e-02
2.1079838601e-02 -4.2302030447e-02 5.1870206439e-02
2.1028038244e-02 -3.9394539048e-02 3.8317804412e-02
3.1686268751e-02 -4.9808388100e-02 4.1736354355e-02
1.8325097326e-02 -5.8894708243e-02 2.5978429015e-02
1.9608978751e-02 -5.9594337221e-02 2.5985453265e-02
-1.2973715580e-02 -2.1545185243e-02 -1.3919480925e-03
3.5003341617e-03 -3.6541990859e-02 4.1799746520e-02
-1.4506565808e-02 -2.7221683174e-02 3.2640272350e-02
-1.1220557129e-03 -2.7003722981e-02 5.6862635398e-02
-5.0580154956e-03 -3.0819663407e-03 9.3640633383e-03
1.6082701356e-02 -3.7289447860e-03 6.9857735952e-03
1.4781794295e-02 5.8257552202e-03 2.2687870418e-02
4.6826664064e-02 -3.3788646434e-02 4.1788020194e-02
3.5036393173e-02 -4.2476387577e-02 4.9250003755e-02
4.8702618563e-02 -5.5006824462e-02 4.6436268310e-02
3.3220950587e-02 -3.3959652688e-02 3.3637916361e-02
4.5264850618e-02 -3.7050955757e-02 2.8531372739e-02
5.2992961723e-02 -5.9511641716e-02 3.6420040291e-02
4.6468264690e-02 -7.1383370390e-02 2.2552344870e-02
3.9703516768e-02 -6.1362749641e-02 1.4428329208e-02
2.5258420280e-02 -4.6259350350e-02 -1.3124908149e-03
7.7246957614e-02 -1.0205155862e-01 7.3739580705e-02
1.7695027813e-01 -1.9607648927e-01 3.0013589741e-02
1.1071600568e-01 -1.1914285875e-01 -2.2220033642e-02
1.8068509286e-02 -1.0667964625e-02 -2.2052476223e-02
2.4954654614e-02 -1.9811657442e-02 -1.8189481219e-02
-7.5703862005e-04 -2.2611785724e-03 3.2772406448e-02
3.6911959176e-02 -3.1881193255e-02 4.1366724657e-02
1.8912400623e-02 -4.3542103889e-02 5.8056292818e-02
2.0683502391e-02 -4.8601120079e-02 5.2699723176e-02
5.1364594879e-03 -2.7871282230e-02 3.8552636485e-02
2.2708259703e-02 -3.4385721750e-02 2.5154238063e-02
3.7493387183e-02 -5.8272227470e-02 3.4821005958e-02
1.5012914601e-02 -7.3971860222e-02 2.1606589161e-02
1.9282397469e-02 -7.9018441972e-02 2.3614107211e-02
9.8915229924e-03 -9.4710739914e-02 4.3733186520e-02
2.1531203421e-01 -4.3325232502e-01 3.0271518833e-01
6.3145907312e-01 -1.0055804665e+00 2.1880949750e-01
5.7956378448e-01 -6.8703753836e-01 -3.3409783335e-01
9.5518958636e-02 -1.1862447853e-01 -1.3732755826e-01
4.9644355487e-03 -2.3732370440e-02 -2.4388057109e-02
3.1681035080e-03 -1.9170887375e-02 4.7712354013e-02
3.6503979768e-02 -4.2295412828e-02 4.7904558489e-02
1.5294316854e-02 -5.1865320567e-02 6.1815386972e-02
1.6789867734e-02 -6.2954045199e-02 6.0899969983e-02
8.5596948099e-03 -4.8013566505e-02 6.1886009817e-02
2.0890684168e-02 -5.5611365558e-02 4.3450251383e-02
2.9637351215e-02 -7.2492038762e-02 5.3546763673e-02
7.1356158109e-03 -9.2880837997e-02 4.9327227684e-02
1.6274511205e-02 -1.0468471769e-01 6.7553095118e-02
-2.8849036907e-03 -1.3705253792e-01 1.2608183624e-01
2.4181917341e-01 -8.0013832543e-01 5.8897871606e-01
5.8603634081e-01 -1.5143257253e+00 6.3809506224e-01
8.8040363950e-01 -1.0731206485e+00 -7.2690545996e-01
4.2813710782e-01 -3.9186567183e-01 -6.0602729844e-01
5.1332228610e-02 -5.4008044902e-02 -5.7914134387e-02
1.9359224758e-02 -3.8756621399e-02 5.5576754311e-02
4.7533342851e-02 -6.0013390039e-02 6.1487527736e-02
1.8020369242e-02 -6.9519676269e-02 8.0158163959e-02
2.6070677499e-02 -7.7694831514e-02 8.9291175246e-02
8.8149736184e-03 -6.1424959794e-02 7.9452538847e-02
1.7980120049e-02 -5.5980057036e-02 6.4111165955e-02
1.8624771187e-02 -7.7069902862e-02 7.1212981447e-02
-2.6859461097e-03 -9.2192329207e-02 6.5992863237e-02
7.9800640847e-03 -1.2970804063e-01 8.7231097329e-02
1.1353619041e-04 -1.0811045464e-01 1.5066661878e-01
1.0630937962e-01 -6.9502519747e-01 5.2085168968e-01
7.1038865988e-02 -1.1171312324e+00 7.8485835295e-01
4.4520885075e-01 -1.0280153445e+00 -4.6674648266e-01
6.6455409473e-01 -7.8664069727e-01 -1.2852608214e+00
2.0394413751e-01 -1.2682641595e-01 -3.2364246339e-01
7.9012628187e-03 -2.9689786080e-02 4.6968135570e-02
5.0802605878e-02 -6.1767418841e-02 6.5749677726e-02
2.1246549808e-02 -6.4146839708e-02 7.6394836426e-02
2.4497634541e-02 -6.6979596082e-02 8.0300586473e-02
1.8375727377e-03 -3.7772438508e-02 6.3304634278e-02
2.4242811669e-03 -3.8561139677e-02 5.1662499010e-02
1.3006213584e-02 -6.0104355631e-02 6.5656841214e-02
-2.1088281532e-02 -6.5164895397e-02 5.7048758136e-02
-7.8665720713e-03 -1.0608353330e-01 1.0531593565e-01
-3.0621012281e-02 -6.1966545902e-02 1.7560899756e-01
9.8238025301e-03 -5.4055281061e-01 4.5804356648e-01
-1.9458163247e-01 -1.1493255887e+00 9.0839157593e-01
-2.9465172026e-01 -1.4923820417e+00 4.5889431644e-01
1.6674070719e-01 -1.5001920253e+00 -1.0391456961e+00
2.1185500436e-01 -6.1853057510e-01 -8.7460741078e-01
4.0957871212e-03 -2.2800300076e-02 4.6766468282e-02
3.4152759266e-02 -4.4896081459e-02 6.1247808449e-02
1.3193556431e-02 -5.1617736463e-02 6.6017534637e-02
1.4065557259e-02 -5.0407052886e-02 6.8409923986e-02
1.1596677738e-03 -3.5823411027e-02 5.6915503747e-02
9.9988786063e-04 -3.8617869968e-02 5.2835478944e-02
8.1987251338e-03 -6.0276212200e-02 6.5985183262e-02
-2.1282348599e-02 -7.4725712353e-02 5.4633464841e-02
-8.4879574464e-03 -8.1933336689e-02 9.7310132168e-02
-4.7663918096e-02 -9.4305437180e-02 1.6569793637e-01
-1.2726995763e-01 -4.7705633333e-01 3.7632151215e-01
-3.4697690454e-01 -1.0148716502e+00 8.9827577898e-01
-8.6332099832e-01 -1.6973546760e+00 8.1993427158e-01
-9.6086516659e-01 -2.0760989183e+00 -5.2381233965e-01
-3.2929627683e-01 -9.5364735310e-01 -1.0125545773e+00
-2.2614884650e-02 -7.7368714461e-03 3.9854997586e-02
-1.5719701185e-03 -1.7279100608e-02 5.1456376379e-02
-1.3918641738e-02 -2.8796302654e-02 5.5605461807e-02
-5.1893397774e-03 -3.1730128091e-02 6.2654501180e-02
-2.0849531652e-02 -2.5716332592e-02 5.8612024301e-02
-2.2759305932e-02 -2.6668219062e-02 4.0837626037e-02
-1.1630126259e-02 -3.6634639896e-02 5.7682416206e-02
-4.0920095327e-02 -5.3332138021e-02 4.8520815591e-02
-3.5267008402e-02 -6.1747027530e-02 6.8308228688e-02
-8.1096002095e-02 -9.8198302324e-02 7.7389109391e-02
-1.3777571883e-01 -4.1058512355e-01 2.1093326356e-01
-3.2796423613e-01 -6.7886314912e-01 5.6937244846e-01
-9.7284748984e-01 -1.2659685847e+00 5.4617210524e-01
-1.2783565750e+00 -1.4205606466e+00 -3.1126562512e-01
-4.4127533381e-01 -4.6430075836e-01 -4.0608538433e-01
-4.3881910123e-03 -7.4403996335e-03 4.1057042202e-02
1.0645344159e-02 -2.2127991171e-02 4.4770966519e-02
4.2684748822e-03 -3.0881609654e-02 5.2867018419e-02
1.1512827826e-02 -3.4748192372e-02 5.6292334558e-02
-4.0452496542e-04 -3.3587516277e-02 5.6531508851e-02
-5.5987017281e-03 -3.9798140084e-02 4.3734750325e-02
-3.0779472781e-03 -4.3764819826e-02 5.4224357886e-02
-1.9544768061e-02 -5.6283970615e-02 5.3503401019e-02
-2.1005976953e-02 -5.3283958792e-02 5.7896516451e-02
-3.9334241627e-02 -6.7962787840e-02 4.2537817066e-02
-6.8024074318e-02 -2.0011144271e-01 9.6877696316e-02
-1.8823079603e-01 -3.2353064081e-01 1.6427142865e-01
-3.3880283316e-01 -3.7195879578e-01 1.8538343563e-01
-3.6514335093e-01 -3.1735380009e-01 -2.1354574257e-02
-8.9166108377e-02 -7.7910708324e-02 -7.6472154201e-03
-1.4479375579e-02 -7.4921967580e-03 3.0102036476e-02
6.6648698047e-03 -2.3704246335e-02 4.0393467745e-02
-1.1657133032e-03 -3.4941293092e-02 4.9300924442e-02
4.0188327584e-03 -3.9546508565e-02 5.3595539743e-02
-9.1278772063e-03 -3.7244225984e-02 5.4088062667e-02
-1.7392647640e-02 -3.4792039012e-02 4.3500477710e-02
-7.9217865541e-03 -4.0288735680e-02 5.3655847260e-02
-3.3338261350e-02 -4.3984301345e-02 4.5714004218e-02
-2.2831871319e-02 -4.5264648816e-02 4.1186323874e-02
-5.0875045407e-02 -3.3698891857e-02 1.6328998901e-02
-2.0997415441e-02 -5.5426165113e-02 4.7378609649e-02
-6.9025477017e-02 -6.5765007093e-02 4.0844403232e-02
-4.5568293329e-02 -4.9190292204e-02 7.8260800113e-02
-5.7206334246e-02 -8.6347315916e-03 1.5161448284e-02
-1.6087351023e-02 7.9649440011e-03 1.9378191656e-02
-2.2826679201e-02 4.0390586861e-03 3.0019391765e-02
1.0004903074e-02 -2.0204087505e-02 4.2174341628e-02
-3.5435056801e-03 -2.7184532701e-02 4.5774020820e-02
1.1445407761e-03 -3.1620957797e-02 4.5898421738e-02
-1.5622446136e-02 -2.3284259161e-02 4.2894846005e-02
-1.2358021431e-02 -2.5699742412e-02 4.7726336911e-02
-6.9533114213e-03 -3.6658751336e-02 6.3895441407e-02
-2.8380253726e-02 -4.0884723052e-02 5.5586775352e-02
-1.6344086546e-02 -3.1504298996e-02 4.2672457684e-02
-3.4680559663e-02 -2.7957950308e-02 1.7646882453e-02
1.5434826153e-02 -4.2330578966e-02 4.3778297884e-02
-2.3081324178e-02 -3.0546539847e-02 2.8896106929e-02
-1.0375888734e-02 -2.0080687783e-02 5.0610187850e-02
-1.7745096344e-02 -2.2475534223e-03 -3.5572249758e-03
-2.0383901403e-03 -9.7734524618e-03 -4.3702419208e-03
-2.5334228249e-02 4.9012576354e-03 2.8775161172e-02
7.1674330907e-03 -1.7560136037e-02 3.8710950712e-02
-1.1503420464e-02 -2.4630736227e-02 4.6440791053e-02
-1.1082270762e-02 -2.7751666568e-02 4.4269825407e-02
-2.9512460360e-02 -1.7926433409e-02 4.4670839777e-02
-2.2303276060e-02 -2.1944610353e-02 4.4660309671e-02
-9.8081530050e-03 -3.6269659509e-02 5.9755073361e-02
-3.6470294886e-02 -4.5181055647e-02 5.1678942334e-02
-2.3747702158e-02 -4.0285091455e-02 3.7758719492e-02
-4.7585613738e-02 -4.0780856014e-02 2.2730057116e-02
2.2055260312e-03 -5.3259064594e-02 4.9073682382e-02
-4.8284898870e-02 -3.9230446302e-02 4.4507978507e-02
-2.7982765764e-02 -3.3049776527e-02 5.7366579332e-02
-4.4665031531e-02 -1.0683758280e-02 -2.9322366716e-03
-2.1935659868e-02 -1.3700654313e-02 -1.2179787316e-02
-2.7326089157e-02 -1.0635882912e-03 3.9292615210e-02
-1.6448483628e-03 -1.1477596978e-02 3.8708112270e-02
-1.5320067419e-02 -2.1901738758e-02 4.8858246077e-02
-1.0635337957e-02 -2.2132696565e-02 4.6758412645e-02
-2.7708109231e-02 -1.4831712761e-02 5.1737721853e-02
-2.0963418240e-02 -2.1568969984e-02 4.5268864965e-02
-1.2972654066e-02 -3.1925828347e-02 6.3987010966e-02
-4.0188872685e-02 -3.1745753851e-02 5.5005933005e-02
-3.0075234009e-02 -3.1752897333e-02 5.5362896214e-02
-5.5331257066e-02 -3.4339492542e-02 3.7302838915e-02
-7.3505678177e-03 -5.5195492401e-02 5.8940255006e-02
-5.8667256327e-02 -4.6693714621e-02 6.2100851511e-02
-3.6485366608e-02 -4.6605945037e-02 9.7444342781e-02
-3.9014229270e-02 -2.7412300728e-02 4.0561290862e-02
-1.4039020257e-02 -1.7236778686e-02 2.8405875383e-03
-3.8374624481e-03 -1.7593528115e-02 4.5848169899e-02
2.4424834462e-02 -3.5212597904e-02 4.1760831139e-02
1.7094063499e-02 -4.3872254898e-02 5.7528103120e-02
1.2631251872e-02 -4.2880065303e-02 5.8745366475e-02
6.1153060333e-03 -3.9340006877e-02 6.8646591888e-02
7.5755391160e-03 -5.0553806038e-02 6.1799441333e-02
1.8588813718e-02 -5.9304664736e-02 7.4843959605e-02
-1.2048945673e-02 -5.8743695340e-02 6.7889120391e-02
2.8019381391e-03 -5.4998198212e-02 7.2485243251e-02
-2.4610108165e-02 -5.9787172191e-02 5.5391629094e-02
6.3141220623e-03 -6.6396346260e-02 7.3170044881e-02
-3.4919759809e-02 -6.7048223044e-02 8.5381833022e-02
-1.6766655140e-02 -5.2926945727e-02 1.1770273056e-01
-1.5965471350e-02 -2.6532166544e-02 5.3380567133e-02
1.4643751051e-03 -1.9760059833e-02 2.1029908525e-02
