7.8992959037e-03 -2.2606370592e-02 1.7850218025e-02
-6.9731024714e-03 -3.5906859925e-02 1.6430762665e-02
-1.5908495881e-02 -3.5430611491e-02 3.1969913470e-02
-3.6598627917e-02 -5.5191266585e-02 -4.7757688315e-03
7.9563739790e-03 -8.6515857408e-02 4.7773713909e-02
1.9453817355e-02 -9.7759476461e-02 1.9388200569e-02
4.3027953214e-02 -8.2336085020e-02 2.4892696337e-02
1.0907389256e-01 -6.7329675128e-02 1.2546080749e-02
1.2481900823e-01 -6.5961092298e-02 1.1259941266e-02
7.5289610410e-02 -1.2721151927e-01 -5.8147129188e-02
-3.1054143396e-02 -1.7096159627e-01 -9.0591041219e-02
-3.6748410204e-02 -1.9686777153e-01 -5.7394177005e-02
-3.9350102982e-02 -1.2183256236e-01 2.9705723934e-02
2.5838111873e-02 -1.0491183097e-01 3.8101875064e-02
6.7846351864e-03 -6.2775066085e-02 3.8930820708e-02
1.3482003329e-04 -1.9079331586e-02 1.4892926929e-02
-1.3568665791e-02 -2.6769010198e-02 -1.5342581480e-02
-2.6070103103e-02 -2.6923577640e-02 -1.6091966430e-02
-5.5543467691e-02 -3.9002019784e-02 -4.5426849535e-02
-1.1616621784e-02 -5.9821611608e-02 2.3118196528e-03
2.4537258956e-02 -2.8616450318e-02 4.2997014918e-03
1.5006648807e-01 1.2427955139e-01 5.0433527841e-02
2.8413116010e-01 2.8648134028e-01 1.5564183992e-02
3.2483058777e-01 3.3551030408e-01 -5.2595954623e-02
1.7233957397e-01 1.4330899077e-01 -1.3514782317e-01
-5.2991485461e-02 -8.6793750098e-02 -2.0308887191e-01
-6.7662575931e-02 -1.3789114125e-01 -9.4440692896e-02
-4.7156007028e-02 -9.2289069492e-02 6.0428684101e-03
2.6573255202e-02 -8.5440585820e-02 2.5584103545e-02
4.0936780367e-03 -8.1673859956e-02 2.4720257527e-02
-2.9451473647e-03 -3.2231904922e-02 9.6439427970e-03
-5.3754708752e-03 -4.5315989744e-02 -1.7132171664e-02
-3.4497019817e-02 -6.0669240539e-02 -3.3399237045e-02
-5.3011737007e-02 -5.2524431860e-02 -6.0308434856e-02
5.6977390477e-02 5.3731075504e-03 6.5091309266e-02
1.8429096314e-01 2.4863309249e-01 1.3855295828e-01
3.8714264898e-01 6.4501691876e-01 2.2258194696e-01
4.9200295194e-01 8.9530989268e-01 9.6372444746e-02
4.5769776700e-01 8.1616262245e-01 -1.0613869835e-01
2.2407724876e-01 3.6525280289e-01 -2.0713107788e-01
-6.1270993650e-02 -3.2147646671e-02 -2.6465043483e-01
-5.9822599778e-02 -1.1050052906e-01 -1.7214967938e-01
-4.5413713512e-02 -8.4585570801e-02 -5.7617449645e-02
1.6375111326e-02 -6.8331584329e-02 1.3494291538e-03
-7.1884623884e-03 -6.3560033763e-02 7.0775861542e-03
-1.6512364320e-02 -2.0882455720e-02 9.8568650763e-03
-1.9240699850e-02 -3.7705753805e-02 -4.2813854109e-02
-3.6120434497e-02 -4.5116101346e-02 -7.2730860486e-02
2.3523247509e-02 3.5303208411e-02 -7.9975940169e-04
2.3190222743e-01 3.4744260513e-01 2.2989611640e-01
3.5834534213e-01 7.6303529648e-01 3.1832640574e-01
4.4148668223e-01 1.1733101789e+00 3.4511406657e-01
3.7510999203e-01 1.1408789025e+00 1.6691743899e-01
2.2102275966e-01 7.7157103214e-01 -5.6740289258e-02
8.2491774612e-02 2.4234249519e-01 -7.4123149692e-02
-8.9527494343e-02 -5.9771593401e-02 -1.5955986688e-01
-3.7202961613e-02 -1.1301831032e-02 -1.5987293340e-01
-2.8618496023e-02 -2.9311469609e-02 -6.9491843921e-02
1.3847311848e-02 -2.7706133623e-02 -6.1570547531e-03
-4.6740389946e-03 -3.5877680879e-02 -4.4673068788e-04
-3.4466452389e-02 -3.7749551674e-02 4.4633298794e-03
-3.7628387965e-02 -5.4053166477e-02 -1.9907274026e-02
-3.6677603506e-02 -3.8562235105e-02 -2.5805272290e-02
3.0165720145e-02 1.7373199046e-01 1.1424073720e-01
2.3626885881e-01 7.0979397825e-01 3.6179550484e-01
2.9250169529e-01 1.1148426576e+00 4.0589177618e-01
2.8164765025e-01 1.2628263888e+00 3.1261644572e-01
1.8456894226e-01 1.0149401605e+00 1.1755618592e-01
1.0041883631e-01 3.6190692064e-01 -8.8798163847e-03
9.9390146272e-03 -8.7721129677e-02 3.6810398636e-03
-7.8776521727e-02 -1.9281497194e-01 -7.9995997323e-02
-4.5431924715e-02 -3.0417710404e-02 -1.1854023684e-01
-1.2022972851e-02 -5.2189471924e-02 -7.0971644905e-02
7.4962050678e-03 -3.9411555251e-02 -7.2339581258e-03
-8.0143312149e-03 -3.7824225935e-02 3.8909469580e-03
-4.6267024524e-02 -5.3816488024e-02 -1.8867547028e-03
-4.6021960517e-02 -6.8301133336e-02 -4.0458675760e-02
-5.6519975920e-02 -3.5932905023e-02 -1.5457518097e-02
-2.3258455521e-02 2.7475997843e-01 1.3986288714e-01
4.2245243465e-02 9.6167809651e-01 3.8782547570e-01
6.3567193425e-02 1.2135206814e+00 3.4987652239e-01
2.2051235991e-02 1.1004363724e+00 1.9603820576e-01
1.8411187404e-02 8.3374662315e-01 7.3875274335e-02
-1.9046069104e-02 1.4115545421e-01 2.4572822971e-02
3.0756257668e-02 -3.6384203896e-01 2.0501513035e-02
2.9166565787e-03 -3.0668198814e-01 -1.5750941500e-01
-5.3183014651e-02 -3.3643343390e-02 -1.9599760118e-01
-6.0094520170e-02 -5.6969820186e-02 -9.6880066819e-02
-1.7857802216e-02 -5.4944722661e-02 -2.4461646889e-02
-2.7620691906e-02 -4.1705903160e-02 -4.8526367749e-03
-5.3705044776e-02 -6.4113931190e-02 -1.9377432490e-03
-5.9337001884e-02 -7.9013678057e-02 -4.9462516365e-02
-9.2514524791e-02 -5.2676742255e-02 -3.2932405808e-02
-1.6897434035e-01 2.8980110573e-01 1.2130083987e-01
-2.6409879756e-01 9.7942252383e-01 3.4913859823e-01
-2.8388022022e-01 1.1751315115e+00 2.8582277810e-01
-1.7646058233e-01 9.2421142209e-01 1.4322104761e-01
-1.2779384893e-01 7.1414585293e-01 1.8237476450e-02
-1.3600034013e-01 2.1538321441e-01 2.5302063411e-02
-4.3894719014e-02 -3.9941649474e-01 1.3276554618e-01
6.2877205183e-02 -4.0994239980e-01 3.5943040822e-03
-3.6215617006e-02 -7.7522852114e-02 -1.3198450657e-01
-6.5575303418e-02 -7.7181219994e-02 -8.6818699068e-02
-2.6497786704e-02 -8.1332344571e-02 -3.3026729823e-02
-2.5416767995e-02 -7.6752955446e-02 2.5185678746e-03
-3.9577511292e-02 -5.6248892337e-02 1.2002152854e-02
-3.9708547190e-02 -6.7551726617e-02 -3.4970178876e-02
-6.2158152384e-02 -8.1314197033e-02 -5.7680439653e-02
-1.4694926507e-01 7.6305414195e-02 -2.7490104518e-03
-2.2092080186e-01 4.7157579643e-01 1.7757162262e-01
4.2010646757e-02 8.3550567923e-01 3.3110491558e-01
5.5574274643e-01 9.6710431570e-01 2.6666354323e-01
8.0864211163e-01 8.4299508645e-01 -2.7421563008e-02
6.2297449074e-01 6.0532431461e-01 -2.4959722865e-01
2.8279298552e-01 1.0399723105e-01 -1.4870147419e-01
1.0295042818e-01 -1.1872021623e-01 -4.2700851323e-02
9.9260883800e-03 -5.1370326910e-02 -1.1698436933e-01
-8.9296055240e-02 -1.0540806983e-01 -6.9031602074e-02
-4.3177074189e-02 -9.7466447779e-02 -7.9446044420e-03
-3.6613264803e-02 -6.8265086422e-02 1.0859638013e-03
-3.3189965383e-02 -5.0733124005e-02 2.0440954444e-02
-2.6024270682e-02 -5.8166281049e-02 -9.9783587704e-03
-3.2621043221e-02 -7.3355897745e-02 -2.4455091716e-02
-6.5384120614e-02 -4.0499552111e-02 -1.5672067397e-02
-2.3900635796e-02 2.8479697383e-01 2.5705984213e-01
2.2354673270e-01 1.3867192156e+00 8.8511443237e-01
7.9394583625e-01 2.4491765063e+00 9.6289647108e-01
1.1823752776e+00 2.5032866605e+00 1.9772224261e-01
1.2436142957e+00 2.3595459052e+00 -7.2254368092e-01
9.0935282933e-01 1.5241079748e+00 -9.9646231677e-01
5.5878760690e-01 8.4755226459e-01 -3.9045404046e-01
3.0624865229e-01 4.6721506562e-01 -3.4750323976e-01
-1.6133807507e-02 -6.5764784887e-02 -1.0788591483e-01
-4.8394159881e-03 -1.0498614112e-01 7.8744139690e-03
-5.6404636860e-03 -7.8447445987e-02 1.4489685104e-02
-9.2959571550e-03 -5.6039962580e-02 3.8053448441e-02
-3.1323476194e-03 -5.5240267597e-02 3.8951051016e-02
2.2961181114e-04 -6.5787843420e-02 3.0216955841e-02
-3.5574099606e-02 -4.7797968501e-02 3.5048188513e-02
-1.2218698544e-01 1.8704387921e-01 2.3735134428e-01
-4.9851080831e-01 1.1132484177e+00 8.2781526764e-01
-8.7207751789e-01 2.4541544763e+00 1.2702287144e+00
-6.8168728334e-01 2.9170397053e+00 5.7865738454e-01
-3.7874306413e-01 3.0686475099e+00 -6.1014855530e-01
-3.0396212528e-01 2.0606874738e+00 -1.1929583772e+00
1.2406122980e-02 1.2370724189e+00 -5.5533797245e-01
1.7539152084e-01 8.5233690272e-01 -4.2136993076e-01
-2.3775509194e-02 -6.6481206962e-02 -1.0881898115e-01
2.1764681585e-02 -1.1984900698e-01 1.1172540983e-02
5.2573157604e-03 -6.4818521482e-02 1.3530307967e-02
-4.4093533785e-03 -6.0749707304e-02 3.8418390600e-02
8.0462994509e-04 -6.0384465795e-02 2.2384515781e-02
3.5698230854e-03 -5.8958697070e-02 2.6567962968e-02
-1.7659252434e-02 -5.3001395785e-02 1.2622319144e-02
-7.1942147527e-02 1.1972728043e-02 8.3382204533e-02
-3.6400970013e-01 3.5195647726e-01 3.3583551959e-01
-1.1155616633e+00 1.1697073502e+00 7.8019529376e-01
-1.7041852448e+00 1.9018844096e+00 6.1294353518e-01
-1.5652745258e+00 2.2257953307e+00 -1.1466940347e-01
-9.8127334791e-01 1.1894702928e+00 -5.4213838959e-01
-3.0962200508e-01 9.2891201435e-01 -3.0653746779e-01
-4.7630824520e-02 7.6080482650e-01 -3.5091943724e-01
-2.5644113274e-02 -5.0245065135e-02 -9.6747998465e-02
2.7699359066e-02 -9.0728300323e-02 -7.2259008701e-03
1.3868543102e-02 -6.9111534430e-02 1.4616559197e-02
-5.2406820414e-03 -6.5539150526e-02 4.1294477935e-02
6.3091863888e-03 -6.8544972312e-02 3.7294564008e-02
2.0222123222e-03 -7.2220799893e-02 3.6253720987e-02
-1.7916572129e-02 -6.8754991900e-02 2.2626501551e-02
-2.7901382477e-02 -6.0684483689e-02 4.5903984393e-02
-8.4723354584e-02 1.2381598166e-02 9.6439823094e-02
-3.1963387401e-01 2.3820512715e-01 2.3846259043e-01
-8.0729640677e-01 6.0673403863e-01 3.4868620986e-01
-1.0314649791e+00 9.5072731727e-01 2.1258288591e-01
-6.0688550696e-01 7.3024622391e-01 -1.8819411918e-02
-2.1974909150e-01 6.3625309635e-01 -1.1412411984e-01
-1.0154815049e-01 4.4579973194e-01 -2.1236581219e-01
1.5415694878e-03 -8.5239346879e-02 -7.5941979183e-02
3.6747460854e-02 -8.9960509885e-02 -6.4200768625e-06
1.4614166925e-02 -6.1790489915e-02 3.4922543375e-02
-1.0229383695e-02 -5.9923805784e-02 3.6885855306e-02
3.5781767446e-03 -5.8976293037e-02 2.4835739686e-02
-3.6501741158e-03 -6.2497752306e-02 1.5938228139e-02
-2.2303176764e-02 -5.2672818273e-02 5.1625206385e-03
-2.5889021000e-02 -3.9637058432e-02 4.3530065121e-02
-1.0239713843e-02 -1.9996704551e-02 5.6326165684e-02
-2.6668500003e-02 1.5681263595e-02 6.7781019125e-02
-1.3627303656e-01 7.6878880129e-02 1.3336650900e-01
-2.8465125988e-01 2.1855323214e-01 1.7873914187e-01
-2.2534685862e-01 2.4936677577e-01 1.3057305523e-01
-1.4201425122e-01 3.2415915923e-01 -6.4732068335e-02
-8.3766646012e-02 2.4689044357e-01 -1.5117193042e-01
5.0401856659e-03 -5.8317950113e-02 -7.5954916037e-02
3.5548400705e-02 -4.2794676729e-02 4.9365837053e-03
9.8412436600e-03 -2.6936508451e-02 3.0875798830e-02
-2.4870230398e-02 -5.7382833665e-02 3.1583777844e-02
-8.2888802794e-03 -5.9185781230e-02 2.8478346199e-02
-1.7160853786e-02 -6.4430169004e-02 1.9770410489e-02
-3.2556956737e-02 -6.1036194820e-02 2.2799412292e-02
-3.5334350580e-02 -4.8524972882e-02 5.2752101878e-02
-3.0987601146e-02 -2.1539519025e-02 6.4899783173e-02
-1.8745700356e-02 -7.9329187044e-03 6.0341716706e-02
-3.4972889751e-02 -1.7679078148e-02 5.9958587815e-02
-6.2483285284e-02 -2.8143488950e-03 7.8110134270e-02
-5.8174246931e-02 4.1719177446e-02 7.8798915266e-02
-7.2390008579e-02 1.0170616038e-01 -8.7672975282e-03
-4.2267450075e-02 3.2821749647e-02 -7.0453496363e-02
1.0122400664e-02 -7.5471896906e-02 -2.6732570116e-02
2.7382903547e-02 -5.2396655857e-02 2.3736318338e-02
9.9073274110e-04 -3.3570043824e-02 4.5256765862e-02
-2.3849779099e-02 -6.6386641549e-02 2.8868351275e-02
-1.3680002690e-02 -6.5161723725e-02 2.0604879440e-02
-1.5344573482e-02 -6.8792996325e-02 2.0066810352e-02
-3.1967825203e-02 -7.1550021644e-02 1.3020226441e-02
-4.1678945605e-02 -6.6895713611e-02 2.8445586076e-02
-3.3543007178e-02 -3.5901987203e-02 3.0572884405e-02
-2.4280682920e-02 -2.4937756111e-02 4.3552295113e-02
-2.7580502789e-02 -4.0851321368e-02 4.8991509252e-02
-3.3246790821e-02 -4.6498119242e-02 5.3571496198e-02
-2.2572171813e-02 -2.8681543320e-02 4.6674638004e-02
-2.5477133894e-02 -2.2485678544e-02 6.2479884704e-03
-9.4819641458e-03 -8.0341662768e-02 -2.0067299783e-02
-2.0609245314e-02 -9.1863972837e-02 -1.2805107157e-02
5.4512764622e-03 -6.4542610036e-02 1.3685313564e-02
-1.1869055110e-02 -2.9103299939e-02 4.0755312080e-02
-2.8020583051e-02 -7.2917382732e-02 3.3120469833e-02
-1.9700141595e-02 -7.6185868094e-02 1.6043896581e-02
-3.4125219822e-02 -7.9140056554e-02 3.2229033792e-02
-4.5487313153e-02 -7.8105500657e-02 2.1402980784e-02
-6.0920934818e-02 -7.7759242074e-02 3.6034214649e-02
-4.3163856585e-02 -5.9627110479e-02 2.7629393570e-02
-3.7675308806e-02 -4.7296415024e-02 4.6156790276e-02
-4.2657653556e-02 -5.5460761170e-02 6.2541386348e-02
-4.6211025497e-02 -5.7553130907e-02 7.5716564993e-02
-2.3835353226e-02 -4.7631812009e-02 4.7322036942e-02
-1.7266389871e-02 -4.9377073486e-02 2.1738264671e-02
-1.6782695755e-02 -7.7367922201e-02 2.2473635453e-02
-2.1466063548e-02 -9.0618833201e-02 1.9911770020e-02
1.6785607757e-03 -6.7971476060e-02 2.8629180190e-02
-1.4522610638e-02 -5.5480132702e-02 5.3780785044e-02
1.6190328075e-02 -9.4088462771e-03 4.4073061886e-02
1.1709175870e-02 -1.4162436994e-02 4.7689004121e-02
1.2371387606e-02 -1.4444058557e-02 4.4950669525e-02
2.6869414172e-02 -2.2799655720e-02 3.3898799684e-02
8.9982448331e-02 -7.1869310723e-02 9.7354916667e-02
1.4861440838e-01 -5.0487325725e-02 1.0335715394e-01
3.0541477744e-01 5.8875590614e-02 1.5309167909e-01
5.0894548316e-01 1.9905434297e-01 1.2055433796e-01
5.6047090323e-01 2.5582207291e-01 6.6871269431e-02
4.3546525313e-01 1.5704091815e-01 -1.0358132174e-01
1.4053635444e-01 -7.3290923003e-02 -2.1308466622e-01
4.9298489103e-02 -1.5993440465e-01 -1.7917835214e-02
-4.6819071931e-03 -1.1080511751e-01 4.9671730488e-02
4.9444827688e-02 -9.2487405090e-02 5.5252972086e-02
9.7672058346e-04 -5.5411397263e-02 2.6952728166e-02
1.5240407224e-02 -5.0576871077e-03 4.1775377344e-02
-6.1320424257e-03 -1.7217511099e-02 2.6584343651e-02
-4.6472963255e-03 -1.8969090026e-02 4.0272549283e-02
-6.9661323656e-03 3.5232018292e-03 1.7471515544e-02
1.8104008122e-01 7.1768799611e-02 1.6932816753e-01
4.4754326794e-01 3.4357403133e-01 2.9609877829e-01
8.9770748568e-01 7.3209154164e-01 3.9570138418e-01
1.1315310226e+00 9.6502944660e-01 2.5929649046e-01
1.0991375376e+00 1.0306081798e+00 5.0090723460e-02
7.7681268187e-01 7.6571071817e-01 -3.1432462638e-01
3.3561956228e-01 2.9015357415e-01 -5.5393252557e-01
3.2900825069e-02 -8.0142081022e-02 -2.5095437141e-01
-2.6389270177e-02 -1.1552768793e-01 -2.7387082081e-02
3.7000351423e-02 -9.2105291112e-02 1.6404844037e-02
-9.7167594832e-03 -7.6100160815e-02 1.5798285902e-02
1.6105546935e-02 -1.0716823319e-02 3.9496781784e-02
1.5691026441e-03 -3.6390014193e-02 3.1514030975e-02
-3.0126276320e-03 -3.5031623886e-02 2.5915436534e-02
1.1727931732e-01 1.1125345215e-01 1.5815458587e-01
5.6827742749e-01 5.0716708197e-01 5.1597676012e-01
8.2457857936e-01 9.3224860365e-01 6.7625132345e-01
9.3176451781e-01 1.0950140362e+00 6.0290241586e-01
7.2387572536e-01 9.3363558080e-01 2.7490416849e-01
5.7405165526e-01 8.1700578813e-01 1.9959640530e-02
4.2934290753e-01 5.6935744132e-01 -2.9084887159e-01
3.0869635799e-01 3.8040416966e-01 -7.4775867245e-01
1.5181139755e-01 1.1654623388e-01 -4.3447593450e-01
-3.6135010865e-03 -6.9623639160e-02 -7.7663713968e-02
3.9391080237e-02 -6.1555012754e-02 9.1680647033e-03
-1.9328128083e-02 -5.1033973015e-02 2.8284508730e-03
-9.8935001103e-03 -2.7203644347e-03 3.6056877848e-02
-2.3600289189e-02 -2.8218321903e-02 5.3265680154e-03
2.5342655035e-02 7.2582152931e-02 8.8094922001e-02
3.4569780689e-01 5.6847711523e-01 5.0650362023e-01
7.7925971397e-01 1.1201062337e+00 8.4432491317e-01
5.8450543372e-01 1.0329661265e+00 5.9700180489e-01
3.5733736742e-01 8.0629881096e-01 2.7660177898e-01
1.3577624842e-01 4.7603541256e-01 1.3024763967e-01
-1.4297800954e-02 1.9341197057e-01 6.8462911266e-02
-2.1614885366e-02 1.0584885667e-02 3.4046063848e-02
5.7909675354e-02 1.7109337328e-01 -3.9578061563e-01
1.0743400154e-01 1.9588557947e-01 -4.1613468325e-01
-1.3122871219e-02 9.5469414149e-03 -1.0622938364e-01
3.5841578151e-02 -3.5971185843e-02 -1.9091338105e-02
-2.4108537660e-02 -2.2473838561e-02 -1.0620477964e-02
-3.4761496159e-02 -1.4604584248e-02 2.3578399074e-02
-2.7558280720e-02 -8.8065095626e-03 5.0745324708e-02
1.0768781295e-01 2.9051102469e-01 3.0925310270e-01
3.8711300153e-01 9.7083981198e-01 7.6109653430e-01
5.7041364014e-01 1.1945425623e+00 7.8601748583e-01
2.7667619084e-01 8.8846208614e-01 3.7896484918e-01
1.1659175803e-01 5.0142817177e-01 8.8047582727e-02
3.8111058547e-02 9.7899032230e-02 9.8425998702e-02
-1.1266709371e-02 -3.0005697016e-01 1.3081991209e-01
-4.0270991926e-02 -4.5942954244e-01 1.7540600950e-01
-5.0818415315e-02 -1.9657855224e-01 -2.9851295635e-02
3.6171832999e-02 4.3052945923e-02 -1.5005079437e-01
-1.3044670797e-02 -2.0820662876e-02 -8.6952264399e-02
2.8204806572e-02 -4.3393859751e-02 -1.4996954960e-02
-2.6741262663e-02 -1.9364291674e-02 -4.4416490371e-04
-4.6969398718e-02 -2.9250140780e-02 2.8838174087e-02
-3.0760721314e-02 2.1680620173e-02 7.7467003306e-02
1.2134024306e-02 4.2169975688e-01 3.9574053687e-01
1.0939824388e-01 1.0167792425e+00 7.1873894731e-01
1.0638832350e-01 1.0430837103e+00 5.6204014504e-01
9.4603035058e-03 7.3952683774e-01 2.1649085675e-01
-2.9499626579e-02 2.8395715805e-01 -7.4328119819e-03
-1.0279844120e-03 -2.1584480713e-01 7.6636228013e-02
-1.8172174485e-02 -7.3074559121e-01 1.6737885453e-01
3.5846093349e-02 -8.2244198111e-01 1.8354307878e-01
-8.4484573316e-03 -3.0408753688e-01 -9.5724951957e-02
-4.7023195248e-02 1.0344466106e-01 -3.3360697828e-01
-7.7090769191e-02 1.9056849298e-02 -1.5054563447e-01
-3.0593743483e-02 -3.3520281162e-02 -4.3140245199e-02
-4.8113031477e-02 -2.0283209336e-02 -1.6129195449e-02
-5.6473425409e-02 -4.2678136169e-02 3.0392532067e-02
-6.6934322461e-02 -1.4249147601e-02 2.4879406742e-02
-1.5380375470e-01 3.6234104631e-01 2.9478977291e-01
-2.9711567000e-01 1.0098147447e+00 5.9810068073e-01
-3.1187527769e-01 1.0624501072e+00 4.8411460861e-01
-2.3281135839e-01 6.1954172703e-01 1.8257244102e-01
-1.0346248611e-01 2.0092792600e-01 2.6076216724e-02
-3.7686330940e-02 -1.7070101502e-01 -5.7984586644e-03
1.3045346133e-02 -6.6818773100e-01 1.2497052697e-01
1.0866951207e-01 -8.9036160096e-01 2.5307369882e-01
2.2935344650e-01 -5.6670012976e-01 1.8716430308e-01
6.8883861015e-02 -7.7475204545e-03 -1.7416788453e-01
-7.8897885547e-02 -2.3152248325e-02 -1.3049987219e-01
-3.9838732085e-02 -7.6876624909e-02 -3.7420070592e-02
-4.3311612275e-02 -6.3469208749e-02 1.4528281533e-03
-3.8873994200e-02 -3.8809027421e-02 3.2436149105e-02
-5.7704420156e-02 -3.2296302492e-02 3.0531368317e-02
-1.7772868972e-01 2.1659179531e-01 1.7764316048e-01
-3.6894735116e-01 7.2966859925e-01 4.4202494130e-01
-1.0857111709e-01 9.0882001875e-01 5.5817881365e-01
5.7998684291e-01 6.4617922592e-01 4.5404476444e-01
8.0368550884e-01 2.0597962202e-01 1.2272883406e-01
7.1467227378e-01 -1.6478902859e-01 -5.1311350824e-02
7.7148544237e-01 -3.3908933591e-01 -8.9275837406e-02
7.4981407366e-01 -3.9850018184e-01 1.6536655377e-02
7.7561158583e-01 -3.7116620010e-02 1.8901779867e-01
5.7021962458e-01 1.9121290702e-01 -2.0976523630e-01
-4.1179139902e-02 -5.5932652108e-02 -1.2569700112e-01
-4.3449266298e-02 -8.4851147362e-02 4.6161566732e-03
-4.8748842298e-02 -5.7164195641e-02 3.7719465601e-03
-3.6844424374e-02 -4.1937284792e-02 3.4928538054e-02
-4.1965265017e-02 -5.2818748188e-02 1.0923795367e-02
-9.8748430988e-02 2.3995787874e-02 4.6351733218e-02
-9.6300084001e-02 3.6568537513e-01 3.5212312056e-01
4.8414361573e-01 1.3458741518e+00 1.2748391447e+00
1.1977635463e+00 1.6022917258e+00 1.3790173255e+00
1.2367151575e+00 2.8720449390e-01 2.4031599418e-01
8.3776878273e-01 -6.1131295269e-01 -1.7401234591e-01
1.0522410126e+00 -1.9697367889e-01 -1.9007744319e-01
1.5975710494e+00 6.8681343892e-01 -8.0547115770e-01
1.9614574061e+00 1.7948986717e+00 -8.2664508451e-01
1.8470057742e+00 1.7714795466e+00 -1.1456403537e+00
1.4481925035e-01 5.3983747630e-02 -3.6713777479e-01
1.5657920511e-03 -1.1686090523e-01 5.8834135095e-03
-2.3244051021e-02 -6.6045934487e-02 2.0885961314e-02
-8.8361508530e-03 -4.6433873131e-02 4.8057186462e-02
4.5781999340e-03 -5.5686195855e-02 5.4714854992e-02
-4.9331164443e-04 -4.0771487715e-02 6.8004955755e-02
-1.2454149892e-01 2.1070261825e-01 3.1821510995e-01
-5.3896856712e-01 1.2084860452e+00 1.2002961058e+00
-9.2859974603e-01 1.6879592735e+00 1.6242676730e+00
-5.6623535067e-01 9.0061181759e-01 8.4078120138e-01
-2.3551439699e-01 -1.7985063703e-01 1.1298535165e-01
-2.0015278185e-01 2.3351225968e-01 -1.1974732626e-01
-1.7234448668e-02 1.0228522894e+00 -9.8924711844e-01
-1.4355181590e-01 1.2169999127e+00 -9.3352335392e-01
6.4354356184e-01 1.9786574084e+00 -6.8867941013e-01
2.7578492147e-02 1.5400667681e-03 -2.3532170979e-01
3.0939692487e-02 -1.3544783172e-01 -3.0959129544e-04
1.2768143935e-03 -4.9350117438e-02 1.5235930649e-02
-2.1559764077e-03 -5.3814550975e-02 5.9944177489e-02
7.2367487620e-03 -6.4964466790e-02 5.8863720647e-02
1.2699521053e-02 -5.9056343323e-02 6.2711330937e-02
-7.5647211611e-02 -1.0114485462e-02 1.0812215351e-01
-4.8713182232e-01 2.2816220474e-01 3.9112574725e-01
-1.5092077086e+00 5.3489164603e-01 1.0427266037e+00
-1.9823685097e+00 1.2496062374e+00 1.2965414298e+00
-1.4829912688e+00 9.7941007945e-01 6.3358853710e-01
-1.1587076022e+00 1.0745112033e+00 6.1940004884e-02
-9.7164717819e-01 2.8344765563e-01 -4.1734413427e-01
-8.2739355341e-01 3.3949675226e-01 -4.2310818662e-01
-2.6035054940e-01 1.4035129250e+00 -3.9618853128e-01
-5.3439479427e-02 -3.4760954430e-02 -1.7848820644e-01
4.4002082643e-02 -1.0591796444e-01 -1.5844756673e-02
6.2682174671e-04 -4.8168808368e-02 2.0263048706e-02
-5.7348499161e-03 -5.7807445854e-02 5.5215523552e-02
4.1763491803e-03 -7.0819937314e-02 5.6085331166e-02
-1.1072026982e-03 -6.7227953674e-02 5.4884432573e-02
-2.2838716470e-02 -5.8827877817e-02 5.5020351805e-02
-9.3399702444e-02 -1.1256570711e-02 1.0610467069e-01
-3.8247411137e-01 6.0172977218e-02 2.9328409943e-01
-1.1168654193e+00 1.0927868616e-01 5.4339545727e-01
-1.7438042280e+00 2.8073495226e-01 5.5826298465e-01
-1.6881234339e+00 8.9486992420e-01 4.1629192195e-01
-1.0926788306e+00 7.0269968323e-01 8.9839738760e-02
-4.5287058079e-01 6.0769660159e-01 -3.0648505056e-01
-2.9214454799e-01 9.9025202944e-01 -3.8469614027e-01
-5.7262484233e-03 -6.5484749773e-02 -1.8583147828e-01
5.4138944489e-02 -9.6793766596e-02 -5.5258794939e-03
-4.1604507524e-03 -3.9467364177e-02 3.8546718738e-02
-1.4897563749e-02 -4.7301972825e-02 5.3201857097e-02
-1.1501051040e-02 -5.5114350145e-02 5.0471821899e-02
-1.6695446784e-02 -5.8494432742e-02 4.3813355339e-02
-3.4954014754e-02 -4.5537349284e-02 4.8275422523e-02
-3.8575719372e-02 -1.7719088963e-02 6.8891951597e-02
-5.6151925074e-02 8.3928521159e-03 1.1011552906e-01
-2.2060893929e-01 8.7468098689e-02 2.2223315318e-01
-6.1468711843e-01 1.1530559314e-01 3.9002348721e-01
-1.0263563003e+00 5.0951886715e-01 5.8968348658e-01
-8.0463189489e-01 6.3488320862e-01 5.5319605028e-01
-4.8187895638e-01 7.2085595571e-01 -1.4738161989e-01
-4.2345034701e-01 1.0729349805e+00 -2.6096590887e-01
-1.7994161840e-02 2.1363616790e-02 -1.2032744221e-01
5.3515621429e-02 -5.9100633556e-02 -6.7190448700e-03
-1.6988973241e-02 -5.5374341074e-03 3.9463676621e-02
-3.4430819134e-02 -4.8540900084e-02 2.8251965322e-02
-1.9757659578e-02 -5.7776932956e-02 2.9532552703e-02
-3.0383128482e-02 -5.8530886625e-02 2.2843276393e-02
-4.9894700515e-02 -5.0477395246e-02 3.6470537016e-02
-5.1352180864e-02 -2.5552253555e-02 5.8812024012e-02
-5.0839414092e-02 -1.4460536236e-03 7.8245273730e-02
-5.2541985692e-02 1.3847362135e-02 6.9581302985e-02
-1.3211237572e-01 2.6677016649e-02 1.2963179422e-01
-2.7044192859e-01 1.9044114107e-01 3.0934893263e-01
-3.2326296956e-01 4.5785014040e-01 4.9067429940e-01
-4.4207312153e-01 8.0144575563e-01 5.3945160414e-02
-4.5409459512e-01 8.9043772527e-01 -2.8523295873e-01
-3.2954659843e-02 3.8403059890e-02 -9.6603151816e-02
4.2870297757e-02 -5.3824502314e-02 1.4369115224e-02
-2.3186026065e-02 -1.5330793893e-02 5.0190155805e-02
-2.9758113357e-02 -5.5057424418e-02 3.9498030480e-02
-2.0337837636e-02 -6.4478680187e-02 3.0800512304e-02
-2.6310020097e-02 -6.1396457023e-02 3.2161978266e-02
-4.1509797783e-02 -5.5171974594e-02 2.7004676720e-02
-4.2526729904e-02 -4.5728315048e-02 3.1806922979e-02
-4.6033428983e-02 -2.1396619865e-02 5.0087160703e-02
-3.5936958721e-02 -1.1080472833e-02 4.0703910911e-02
-4.4421800124e-02 -9.7769155456e-03 8.1733962823e-02
-8.9509760411e-02 4.8330313812e-02 1.2080502242e-01
-1.5917810640e-01 2.2059805881e-01 1.6624417786e-01
-2.0734256035e-01 2.7950534842e-01 1.8119054986e-02
-1.7952725841e-01 2.2467946854e-01 -1.4434149483e-01
-3.7049022019e-02 -2.0765502212e-02 -4.5388612436e-02
1.1316463671e-02 -4.9995304676e-02 1.0321670519e-02
-3.0319988675e-02 -1.1644352468e-02 4.1057568829e-02
-3.5082566529e-02 -6.6914314726e-02 4.0048477958e-02
-2.6982991225e-02 -7.7864806926e-02 2.4039152412e-02
-4.2274967363e-02 -7.4967441294e-02 3.1661512784e-02
-5.4309289155e-02 -6.5905957132e-02 2.6838758512e-02
-6.8160622979e-02 -6.2975488897e-02 3.4863476271e-02
-6.0003158944e-02 -4.9256336529e-02 3.7114805515e-02
-5.7788027896e-02 -4.0411089940e-02 4.5437190705e-02
-5.4496779873e-02 -4.3136938211e-02 6.5898415849e-02
-6.8007291400e-02 -3.7225955035e-02 7.9236528734e-02
-6.1503551795e-02 1.9846186886e-03 5.9647798435e-02
-6.3040011907e-02 3.4785896121e-03 -2.9407228022e-03
-2.9486336436e-02 -4.1029103862e-02 -1.6317680494e-02
-3.0229977773e-02 -7.3364220519e-02 1.3709104176e-02
-4.7430551846e-03 -6.6177775996e-02 2.8748152048e-02
-3.0087479520e-02 -4.9484864326e-02 5.2230523038e-02
2.3232436319e-03 -5.9349108472e-03 5.9731283656e-02
1.2940830410e-02 -9.4087197758e-03 5.0583087262e-02
2.2781466329e-02 -5.1863462376e-03 7.7268420888e-02
9.7261493223e-02 -2.2738242843e-02 9.4021082420e-02
2.6984326517e-01 -5.1642206806e-02 1.9046319833e-01
5.1717905079e-01 8.0252572588e-02 2.9708098864e-01
9.6131073075e-01 3.4464330425e-01 4.5100794050e-01
1.1481924556e+00 5.4783768133e-01 3.8600562473e-01
1.3169016669e+00 6.8351857728e-01 2.4217872370e-01
1.3404891190e+00 6.7682274863e-01 -2.4980388134e-01
7.7891092321e-01 2.8833101579e-01 -4.8936477515e-01
1.6445903295e-01 -1.1979659191e-01 -1.7027714797e-01
2.6414998889e-03 -1.2825600552e-01 2.2418122435e-04
4.0637982518e-02 -7.5900651695e-02 2.7823756333e-02
-1.3682621949e-03 -5.0630618740e-02 1.4429121781e-02
7.9529236436e-03 1.6182073446e-03 5.2807587540e-02
1.0782720168e-02 -1.7090800014e-02 5.0894845684e-02
2.1740837693e-02 -4.4353286507e-03 8.1700889070e-02
1.7536200520e-01 3.7245876806e-02 1.8374390461e-01
6.7991037690e-01 2.4950987266e-01 5.3625214584e-01
1.1477932787e+00 5.9703072923e-01 7.2677149800e-01
1.3086217632e+00 6.8946342348e-01 6.7049216245e-01
1.0417631211e+00 5.4415819902e-01 3.8253724832e-01
7.5015801120e-01 4.4593737427e-01 2.1199560156e-01
7.7510507326e-01 5.3627578729e-01 -2.3750549058e-01
8.2009121722e-01 5.3217258056e-01 -8.0127726168e-01
2.2889499622e-01 5.2103376475e-03 -4.7839707908e-01
-4.6770485762e-03 -1.2470693587e-01 -5.4440240181e-02
3.0486217294e-02 -8.2243046751e-02 -7.0201991991e-03
3.6811644151e-05 -7.4985977600e-02 9.8158117084e-03
-9.6026080447e-03 -3.7297540933e-03 6.3092049365e-02
-3.8209196599e-03 -2.6493077353e-02 5.4030940851e-02
7.5515221173e-02 2.7211150633e-02 2.1849416705e-01
6.0930650861e-01 3.1925831068e-01 7.0038777351e-01
1.1822976227e+00 6.7621527059e-01 1.0245406978e+00
8.6462769421e-01 6.0738658972e-01 6.9530350237e-01
5.4321314011e-01 4.1156393829e-01 3.3609172836e-01
2.4144613081e-01 1.7743568587e-01 1.0551805950e-01
-7.6490581920e-02 -1.5216685746e-01 1.4094824499e-01
-1.0309472169e-01 -1.3795922672e-01 1.2882088588e-01
2.3220525958e-01 2.1931714578e-01 -3.4574798779e-01
1.6530414876e-01 7.1558779257e-02 -3.9144235579e-01
-9.6657840929e-03 -9.0840434491e-02 -8.1948804487e-02
2.6269033967e-02 -5.9434756416e-02 -2.4074224365e-02
-9.5259077013e-03 -5.4750182231e-02 -2.7038853596e-03
-3.9914031332e-02 9.0155969816e-03 8.6399071659e-02
8.9663382966e-03 2.5296883599e-02 1.5821343387e-01
3.2579140863e-01 2.9462482547e-01 6.7022737358e-01
8.2343447728e-01 6.9988339949e-01 1.0552738571e+00
7.4063036723e-01 6.0125414204e-01 7.6380316261e-01
3.3939320408e-01 3.8170419322e-01 3.1828724104e-01
2.5935324489e-01 3.7635134228e-01 1.1271639284e-01
7.2888193202e-02 1.7382821021e-01 4.2243479982e-02
-3.2920573151e-01 -4.9972890707e-01 1.8154356622e-01
-4.0341855454e-01 -7.7255288202e-01 3.9358764154e-01
-1.6057517852e-01 -3.6404996770e-01 2.0864150065e-01
-8.1498959816e-02 -2.0963470817e-01 -2.4326208866e-02
-4.6373305273e-02 -7.6499135111e-02 -5.5674111646e-02
2.4385078524e-02 -3.2206195202e-02 -3.7919301466e-02
-1.0211991534e-02 -3.3690228070e-02 -1.3544086135e-02
-4.5403399511e-02 6.3092410684e-03 1.0907387314e-01
9.5220765544e-02 1.6344028283e-01 3.7580668781e-01
4.5133550871e-01 6.6684683444e-01 1.0405107589e+00
5.3801895113e-01 6.9209173283e-01 9.7148007861e-01
3.9784993959e-01 4.5655733929e-01 5.3036944626e-01
1.6715219629e-01 3.8618884935e-01 2.2545618069e-01
1.1036976067e-01 1.8994438473e-01 6.7633232331e-02
1.6548593333e-02 -1.2753554920e-01 1.1779205878e-01
-1.2890439107e-01 -8.0114055228e-01 2.9797435129e-01
-2.5199623071e-01 -1.2847390790e+00 5.8208612380e-01
-2.0234541747e-01 -1.2366838961e+00 6.4235211205e-01
-1.0039443150e-01 -7.9220650250e-01 3.5086329349e-02
-3.0335200194e-02 -1.5650656996e-01 -1.2047129834e-01
1.5866666845e-02 -3.0215768073e-02 -3.2816609712e-02
-1.4239974238e-02 -2.9928315202e-02 -4.9557516322e-03
-4.3116437810e-02 5.8415386449e-03 1.4000641865e-01
8.4030282246e-02 3.0651963667e-01 5.0569656542e-01
1.8751185620e-01 7.1239682830e-01 9.3794262998e-01
1.4164800128e-01 4.8261804394e-01 6.3855343753e-01
5.6659478166e-02 2.4954854902e-01 3.0178210667e-01
-1.0057217456e-02 2.8883887904e-01 1.2588815536e-01
3.1865349820e-02 6.5664752641e-02 5.4085086640e-02
4.8814766797e-02 -3.5329809761e-01 1.8067322831e-01
1.5450886481e-02 -1.1709396561e+00 3.2971574202e-01
-7.2925880109e-02 -1.6317599366e+00 5.8766318870e-01
-6.9744653614e-02 -1.6429553674e+00 6.9469546988e-01
1.8856970454e-02 -8.7612288377e-01 -2.7058532234e-01
-6.0502509395e-02 -1.0677581785e-01 -2.6459056877e-01
-2.6634226640e-02 -1.3339717770e-02 -7.1202882764e-02
-3.2921924025e-02 -2.5374289983e-02 -1.7218939475e-02
-5.6804912976e-02 -1.2540510058e-03 1.3484375740e-01
-6.8296477833e-02 2.4179875070e-01 3.2460020147e-01
-1.5729570018e-01 5.8588245068e-01 6.5226729494e-01
-1.6291860623e-01 3.1241060892e-01 2.8014272032e-01
-1.0440411275e-01 -1.0500442989e-01 2.8342340284e-02
-1.4793064847e-01 -6.4366144462e-02 -1.5971631203e-02
-1.9559706130e-01 9.6722754071e-02 5.9561822046e-02
-1.3477028317e-01 -1.5992451937e-01 1.1276045477e-01
4.5642721444e-02 -1.0864570985e+00 1.9480732535e-01
1.4609162318e-01 -1.3891032285e+00 4.4058237328e-01
3.0328701342e-01 -1.2169010381e+00 8.0799711502e-01
2.7923132334e-01 -5.3686424600e-01 4.0066529719e-02
-3.8389865729e-02 -6.7092757229e-02 -1.4119382580e-01
-2.4942368762e-02 -4.6971362115e-02 -4.6872733335e-02
-2.6281987103e-02 -6.3063328622e-02 2.1307929271e-03
-6.3058177359e-02 -3.6241429064e-02 7.7351520928e-02
-1.4113542924e-01 1.4659229691e-01 2.0270303566e-01
-4.2660765453e-01 6.4520865208e-01 5.7413771286e-01
-2.8587451641e-01 5.3546693407e-01 4.1224028247e-01
1.9045163984e-01 9.2112175946e-02 1.9026088114e-01
2.9967374808e-01 -1.1315777931e-01 4.7810883712e-02
-2.9557692889e-01 2.1897349341e-01 1.0912468106e-01
-6.4602760843e-01 3.6737830385e-01 1.5724900881e-01
-1.9689404526e-02 -3.5365865750e-01 1.3609914305e-01
2.1094243912e-01 -5.5599837388e-01 1.5540384781e-01
6.5824480276e-01 -2.4868015238e-01 3.2509006634e-01
7.7412921569e-01 -1.5138440033e-01 -1.1442244300e-01
-2.3986810068e-02 -6.7151994757e-02 -1.2209066470e-01
-4.7171095818e-02 -5.6354334223e-02 -1.3500192052e-02
-4.1232914231e-02 -4.4297202422e-02 6.7355543845e-03
-4.8388672066e-02 -3.2022166498e-02 6.5875911863e-02
-1.1434913143e-01 5.5444575262e-02 9.6953616567e-02
-3.4632861103e-01 3.8514265915e-01 3.4416089512e-01
1.3099372355e-01 7.0889193935e-01 7.8174617187e-01
1.2626787942e+00 8.6625469803e-01 1.0508443434e+00
1.3792622726e+00 -2.0999178658e-01 1.3361248940e-01
7.0290627855e-01 -8.7499746101e-01 -3.9409716595e-01
-1.6621368519e-01 -4.0334535552e-01 -2.5169149125e-02
-4.3432280138e-03 -3.3391459322e-01 1.9345247981e-01
4.5694337931e-01 -1.0104578867e-01 -3.5189391844e-01
1.1113632100e+00 5.0259983984e-01 -7.1050940748e-01
1.7763444180e+00 4.8357083529e-01 -7.3133059330e-01
2.4290924948e-01 -9.5083597299e-02 -3.2977821262e-01
-1.9901807149e-02 -8.2607001846e-02 -2.7026086171e-02
-1.5654218987e-02 -5.9048062305e-02 2.2483390197e-02
-1.6096316472e-02 -4.6232075626e-02 6.8125552249e-02
-1.3892804605e-03 -3.7106487796e-02 6.1397215325e-02
-8.4177440211e-02 5.4139507306e-02 1.5747216872e-01
-1.3082354618e-01 5.3685699625e-01 7.8199135124e-01
-2.2100693562e-01 1.1620209914e+00 1.1638258272e+00
-3.3648599700e-01 5.6120512308e-01 6.4930761094e-01
-8.1355807289e-03 -3.1285592230e-01 6.6686869583e-02
7.4465566629e-02 -4.0794476081e-01 -3.8197665676e-02
-1.5932010902e-01 -2.3075180138e-01 1.4036058258e-01
-2.1397207375e-02 1.9664493710e-01 -6.0574750196e-01
-1.9546406209e-01 4.4738904376e-02 -4.2020462271e-01
6.2460727096e-01 5.6361006962e-01 2.3493828741e-01
9.3810694506e-02 -1.3218341236e-01 1.0556083746e-02
7.3397591844e-03 -6.8925559087e-02 -3.0447430076e-02
-4.2426300667e-03 -2.1321037531e-02 1.1099503257e-02
-6.2697905239e-03 -5.2441012053e-02 7.1258445398e-02
1.9942899851e-02 -6.2633264369e-02 4.2101897915e-02
-2.6423151392e-02 -5.3043699960e-02 5.2125994463e-02
-3.0787216842e-01 2.4772958165e-03 1.5574384443e-01
-9.1113810570e-01 1.1391784682e-02 3.5031057741e-01
-1.2692594003e+00 6.9855114331e-02 7.7692274154e-01
-1.2794663620e+00 3.9913069597e-01 8.1392236159e-01
-6.7223027712e-01 1.0112808407e-01 2.9552282574e-01
-3.3610426886e-01 -2.9125405516e-02 1.2284116400e-01
-2.5515505690e-01 -1.2344581343e-01 -1.9731392130e-01
-3.6327479296e-01 -1.5694709268e-01 4.6939737486e-02
-1.7147518644e-01 5.2625550931e-01 3.0725173919e-01
-6.4114048490e-02 -9.1396015480e-02 -3.7702433197e-02
2.4338924288e-02 -6.4700054541e-02 -6.1867048557e-02
4.9696824499e-04 -2.6206609057e-02 2.4256153002e-02
-2.0337124418e-02 -5.2073485113e-02 7.0542436223e-02
2.9318966816e-05 -6.4548510269e-02 5.8295143533e-02
-1.2291795656e-02 -5.3007746625e-02 7.1473322654e-02
-7.2424777308e-02 -4.6338629728e-02 5.4825225691e-02
-1.6529698238e-01 -1.5229409886e-01 9.1420211357e-02
-3.8415742459e-01 -4.2674662933e-01 1.3739780111e-01
-9.3039907460e-01 -5.9774417762e-01 2.4057421341e-01
-1.1078945454e+00 -4.6327861511e-01 3.2141971462e-01
-8.6808996022e-01 3.8629118426e-02 3.1108082554e-01
-5.4063702930e-01 1.3471720168e-01 1.8191562771e-01
-1.1692572566e-01 -2.1668837901e-01 -3.0047703756e-04
-1.0882373279e-01 2.0348555630e-01 -8.5086975662e-02
2.5453732696e-02 -1.4787399275e-01 -1.2938749098e-01
4.3786022387e-02 -5.4233192054e-02 -2.8674190227e-02
-4.0183437999e-03 -2.6952588136e-02 4.8898293753e-02
-4.0064432318e-02 -4.2403279686e-02 7.9174064733e-02
-3.3886286784e-02 -4.7921371319e-02 6.6057011514e-02
-5.6500519147e-02 -3.7559599021e-02 7.9369292497e-02
-7.6941920332e-02 -6.4654379270e-03 1.1080246945e-01
-8.6560686276e-02 1.7949139169e-02 1.5353744856e-01
-1.6860007872e-01 8.1920135988e-02 1.5929546167e-01
-4.0684078878e-01 1.0758920006e-01 3.3780839155e-01
-6.9316000138e-01 -3.5460778892e-01 4.8638728660e-01
-7.2856024608e-01 -2.2917950566e-02 5.3691618845e-01
-5.6189912253e-01 4.5213317607e-01 5.9667993705e-01
-3.8838096565e-02 -9.0323166220e-03 8.7332397955e-02
-1.4012149364e-01 4.9598247582e-01 8.0730600791e-02
5.8481829833e-02 -4.1593071558e-02 -4.1521829579e-02
4.2196441416e-02 -2.9057503504e-02 -2.8036683624e-02
-2.0483267642e-02 5.2253564937e-03 4.5216297178e-02
-4.6581256684e-02 -4.0917569602e-02 5.7425573891e-02
-3.8520250059e-02 -4.8575028185e-02 4.8534126794e-02
-6.4250634386e-02 -3.5452377604e-02 7.5084505581e-02
-9.8653149678e-02 -9.0844024565e-03 8.8542280620e-02
-8.8773717801e-02 5.8393658998e-03 1.1679811368e-01
-7.4804838710e-02 4.6888311628e-02 1.2754877242e-01
-8.9663027733e-02 5.1400757040e-02 1.6531931603e-01
-1.8661959996e-01 -2.6320465137e-02 3.1336902551e-01
-1.1440363651e-01 2.8567154174e-02 7.8375255235e-01
-5.6214723366e-01 1.0245758025e+00 9.4761335279e-01
-2.6610374775e-01 7.5643966019e-01 2.6289101319e-01
-6.8783249399e-01 1.3281534402e+00 -1.2102235915e-01
-1.0994925669e-01 2.5900820386e-01 -1.1790810199e-01
6.2988895408e-02 -3.6260548492e-02 -1.6218696268e-02
-2.4628649833e-02 -6.4934592517e-03 5.7496843273e-02
-4.3588014107e-02 -4.9722305784e-02 5.6909232936e-02
-3.1483559017e-02 -6.5746215117e-02 3.2089950807e-02
-6.6192183203e-02 -4.4577723700e-02 5.1132856514e-02
-9.0623005564e-02 -3.8851985986e-02 4.0436745560e-02
-8.6689187951e-02 -1.9101027304e-02 5.0488894859e-02
-8.0492187556e-02 1.3052853735e-02 7.5388576913e-02
-7.3215965815e-02 2.5203371409e-02 9.1080030346e-02
-1.3569271860e-01 6.8327983068e-02 2.1157465445e-01
-2.6837958488e-01 3.8106646673e-01 5.6132524099e-01
-7.2684112071e-01 1.1601208659e+00 7.0047987568e-01
-6.0040710413e-01 9.8051373178e-01 2.7303607787e-01
-9.0826646520e-01 1.0639039393e+00 -3.7937371372e-01
-2.9923545256e-01 2.8919968413e-01 -2.7480205822e-01
7.6370015810e-03 -1.9259204219e-04 -1.6635940056e-02
-3.5576001320e-02 3.7078551517e-03 4.5712034277e-02
-4.3920205767e-02 -6.7849089775e-02 4.5910947687e-02
-3.3366214819e-02 -8.8880358212e-02 6.0984135011e-03
-5.9815928306e-02 -7.5371406454e-02 3.7842109788e-02
-8.8592369937e-02 -5.8610502988e-02 2.2873594352e-02
-8.9722236445e-02 -5.4628088787e-02 2.8934833667e-02
-7.4781805754e-02 -3.1538236911e-02 3.0176982370e-02
-7.0015412723e-02 -3.4375108311e-02 5.3017265908e-02
-1.0854214379e-01 -4.9217354305e-03 1.0262175645e-01
-2.0223323259e-01 1.1349548169e-01 2.1340009852e-01
-3.8468825008e-01 3.7871426870e-01 1.9348318708e-01
-3.4139862975e-01 3.2625274870e-01 3.1021801775e-02
-2.6981189707e-01 1.9270995396e-01 -9.8259960903e-02
-8.3503304377e-02 9.4281755869e-03 -4.1788523902e-02
8.5679312471e-03 -3.6767714392e-02 2.0991407413e-02
-1.8474418396e-02 -4.3268481658e-02 5.4820626445e-02
1.6652605122e-02 1.7278761863e-02 5.8681713448e-02
3.6704790111e-02 1.0382764823e-02 8.6196204667e-02
5.7629893058e-02 1.1687125161e-02 1.0751834490e-01
1.5042085443e-01 -1.4369708312e-02 1.4251428486e-01
3.9980016504e-01 -2.4572024218e-02 3.0465237076e-01
9.8211186642e-01 1.9309248267e-01 5.8719472847e-01
1.5892038806e+00 4.7065935824e-01 7.6492247407e-01
1.6184022009e+00 6.2096921864e-01 6.0428749797e-01
1.9279497439e+00 7.6556017616e-01 3.5299993821e-01
2.2100730262e+00 8.3287502163e-01 -4.0757487814e-01
1.3864712706e+00 5.0808490580e-01 -7.9703667950e-01
2.6622771692e-01 3.4336796762e-03 -2.3716631008e-01
5.3992715026e-03 -9.9949773352e-02 -4.7708709232e-02
2.7857057185e-02 -6.7700587943e-02 -1.3690623045e-03
-1.1652004885e-02 -4.1834222457e-02 -2.2265587961e-02
1.3428002282e-02 2.7212000708e-02 6.3204973826e-02
1.6199878115e-02 -2.4539283792e-04 8.7325265495e-02
7.4965561037e-02 -2.2525914341e-03 1.7419985273e-01
3.5489103985e-01 5.7914629768e-02 3.8818471830e-01
9.1487118933e-01 2.2241378067e-01 7.8828471546e-01
1.1096607934e+00 3.7260134220e-01 8.3117565274e-01
9.1267062506e-01 2.9737247835e-01 5.4366238529e-01
5.3916267129e-01 1.6475791514e-01 2.7044574319e-01
1.3251469114e-01 3.3887428752e-02 2.0510405102e-01
2.7766925059e-01 1.4224394844e-01 2.5750145698e-02
6.4815228218e-01 3.4652231877e-01 -3.8083454558e-01
3.7804522854e-01 1.6099986970e-01 -3.2192199883e-01
4.6749832600e-02 -7.3803876432e-02 -1.0841511692e-01
3.9085549990e-02 -6.3251641424e-02 -3.9597038846e-02
-2.4764384099e-03 -4.7516309808e-02 -2.1766313221e-02
-6.9962070187e-03 2.5347371225e-02 6.4693312022e-02
2.9331360132e-02 7.5199317904e-03 1.4450406946e-01
2.5564647324e-01 5.0787838286e-02 4.0206077587e-01
8.4244785697e-01 2.3706111345e-01 8.9689723344e-01
8.8253818333e-01 2.2691067636e-01 8.0444346956e-01
4.6903831460e-01 1.4352569523e-01 4.1721756586e-01
3.1948778070e-01 7.4234275138e-02 1.7798490746e-01
3.3411132731e-01 1.2379251025e-01 1.2969219640e-01
7.8914539103e-02 -6.4939658384e-02 1.5204672935e-01
4.1958037240e-02 -3.4719355617e-02 2.6567067290e-01
3.5449570274e-01 1.8708441749e-01 2.5297855930e-01
2.5262153778e-01 9.6248002591e-02 3.8169229446e-02
1.2382593548e-02 -5.9282987431e-02 -8.0468615628e-02
4.0382170686e-02 -4.1353045798e-02 -4.2693498431e-02
-1.0193868446e-02 -2.8417528684e-02 -3.2668808503e-02
-2.9604302488e-02 5.2737647544e-02 1.3662898083e-01
1.2244445927e-01 9.2935394209e-02 3.9978819965e-01
5.5206563029e-01 2.6974405597e-01 9.0503418630e-01
6.2508212792e-01 2.1264189090e-01 7.8170059755e-01
3.1460490812e-01 5.0611538170e-02 3.5058290874e-01
1.9682560563e-01 5.0676652731e-02 2.0500540451e-01
1.8200907720e-01 5.8719269877e-02 1.3830316965e-01
1.4190950076e-01 3.7758883139e-02 1.4787885184e-01
-5.1188386406e-02 -2.1424145987e-01 1.6755719456e-01
-1.6097563750e-01 -3.9598203807e-01 3.5446056809e-01
-1.9204116934e-01 -4.9010429832e-01 6.6418550234e-01
-1.6850690755e-01 -4.3270283463e-01 3.5772685721e-01
-5.5042065458e-02 -1.2064963028e-01 -4.0839628706e-02
3.4412143839e-02 -3.8998506301e-02 -5.7533311415e-02
-1.4058680151e-02 -2.1838809457e-02 -3.8592304563e-02
-1.6026759651e-02 6.4541101979e-02 2.1845763051e-01
2.9459877049e-01 2.5996738222e-01 7.4630370069e-01
4.4321343604e-01 3.4731070993e-01 9.1964211774e-01
2.5451413144e-01 1.1731533808e-01 5.0327175376e-01
2.1374075775e-01 3.4040212991e-02 2.7176398798e-01
1.3134959007e-01 2.6580951700e-02 1.6797925126e-01
1.0514309973e-01 -9.1836888180e-02 1.1940263724e-01
6.6793042747e-02 -1.0512092676e-01 1.8602175398e-01
1.2332407371e-02 -2.6577414350e-01 1.8940043345e-01
-1.0518896735e-01 -6.0099173779e-01 3.8673954073e-01
-2.1106920420e-01 -1.1693999637e+00 6.0802046716e-01
-1.4004573433e-01 -8.8287886384e-01 3.6885953847e-02
-2.3409289336e-02 -1.7572415011e-01 -1.3372787616e-01
1.9931718278e-02 -3.9320116608e-02 -5.0767340202e-02
-2.6889013200e-02 -2.2602568634e-02 -2.8234949033e-02
4.0051303281e-02 1.1727561335e-01 4.2142357780e-01
2.8997212124e-01 4.2562143212e-01 9.2645947384e-01
1.4580742319e-01 3.0765455336e-01 6.5099815522e-01
9.1108200987e-02 1.0524488484e-01 3.7531665679e-01
1.2363639023e-01 -5.6047232810e-02 2.3415752568e-01
8.3461248222e-02 -4.9056608538e-02 1.2722402713e-01
8.4225419983e-02 -1.2025092907e-01 9.6354265508e-02
7.7119148744e-02 -1.2011530687e-01 1.9505667986e-01
8.3863512723e-02 -2.6968330230e-01 2.2605980460e-01
1.0353120308e-02 -5.5765241806e-01 3.4959631219e-01
4.6678641049e-02 -1.3564000049e+00 5.9840223070e-01
9.7565537965e-02 -9.4565198088e-01 -1.8354462255e-01
-2.2399077294e-02 -1.0930815448e-01 -2.3684174061e-01
-1.9496624526e-02 -1.5390365283e-02 -8.9557502913e-02
-4.6893825382e-02 -1.8287442492e-02 -3.8701645172e-02
1.4006922417e-02 1.6927593469e-01 4.6178060624e-01
5.5420353314e-02 3.9091884394e-01 6.4919295295e-01
-5.2472173778e-02 3.0926492113e-01 4.6528941401e-01
-3.6463878807e-02 6.2319584508e-03 1.4496382306e-01
1.3045640389e-02 -2.0885554168e-01 4.5217875131e-02
-2.1756241027e-02 -9.0299275868e-02 6.4560246660e-02
-3.7811056740e-02 -7.8101583358e-03 1.0103455070e-01
-6.3579522070e-02 -5.6314245624e-03 1.0985868777e-01
2.5506467521e-02 -2.1064178481e-01 1.2029248994e-01
5.1327106199e-02 -3.7730686379e-01 3.0023288576e-01
2.2350765137e-01 -9.1128889836e-01 8.5868708519e-01
2.6033569665e-01 -6.2210474177e-01 2.9966032836e-01
-7.4718364822e-02 -1.0918199512e-02 -1.6247488743e-01
-1.6692082759e-02 2.6277291848e-02 -1.0166188522e-01
-4.1227029290e-02 -3.8752455251e-02 -1.3464773276e-02
-5.1088031034e-02 8.5609762850e-02 2.5009456435e-01
-6.1765816589e-02 3.1309428693e-01 3.3130928512e-01
-9.8816247714e-02 3.7660948066e-01 3.9343020038e-01
-3.0013857884e-02 1.0438654459e-01 1.4390134279e-01
-1.7488113330e-01 8.0838643062e-02 3.4050492134e-02
-1.8578819426e-01 1.4036073729e-01 5.3895097389e-02
-1.6155776264e-01 2.4451526715e-01 1.8212755903e-01
-6.2432328100e-01 3.5759787134e-01 2.1763509879e-01
-3.7629432754e-01 5.4097035841e-02 1.3049375455e-01
-1.2153861229e-01 -3.6278561228e-02 1.5157055826e-01
6.7500883189e-02 -2.6071087827e-01 5.0432212171e-01
5.4514467258e-01 -7.3424473825e-02 -1.7223061766e-02
-8.5849814314e-02 2.1611713521e-01 -3.7135799791e-01
-7.4359076011e-02 4.4278069252e-02 -9.7413080886e-02
-4.7771128456e-02 -2.4406807459e-02 -1.1371925782e-02
-1.5790590511e-01 1.0730379909e-01 2.0891088729e-01
-4.4196487594e-01 3.8231062841e-01 3.7732956644e-01
-3.7564953992e-01 4.4789402852e-01 4.2372661035e-01
3.9748764267e-01 3.7422569160e-01 4.7228421641e-01
8.9706011338e-01 3.4920266797e-02 1.8454172042e-01
7.7458510836e-01 -2.1983297818e-01 -7.1976326037e-02
6.6074436163e-01 -9.5470564660e-02 1.2418943811e-01
-2.3030959588e-01 1.8089328047e-01 2.1898555162e-01
-4.3502378701e-01 1.1090688301e-01 1.5377158770e-01
-1.5422513308e-01 6.0735170631e-02 -7.3353725250e-02
-3.8086435618e-01 -2.5753370181e-01 -2.8015460387e-01
7.5752594886e-01 -9.9104409043e-02 -4.5355485133e-01
2.8504332979e-01 1.5003030701e-01 -5.3030775277e-01
-1.1123037606e-02 -1.3409561119e-02 -9.5946467843e-02
-2.3994184590e-02 -3.7733729901e-02 4.0838668533e-03
-8.8043211625e-02 7.5008629655e-03 9.7667866641e-02
-4.0921555788e-01 1.2227963081e-01 1.6422247622e-01
-6.0819846537e-01 1.7403054615e-01 1.4570012504e-01
-9.1491903177e-02 3.2663076853e-01 4.0089922110e-01
3.1955253195e-01 3.1775489038e-01 1.2553135668e-01
2.3053787594e-01 2.5461982505e-01 2.0628580783e-01
3.7214437538e-01 8.1749421952e-02 3.1191105332e-01
4.2345409664e-01 6.2271747080e-02 2.0079428311e-01
2.1408433182e-01 8.8970591685e-02 1.7105228495e-01
-3.4387220367e-03 2.0029319977e-01 -2.1125567807e-01
-4.0463760829e-01 -1.0468055879e-01 -1.9937320373e-01
3.4844466634e-01 -2.6892978919e-02 2.6874484551e-01
9.7859817527e-02 -5.4847256089e-02 -3.0663441005e-02
1.1853015469e-02 -2.3989758712e-02 -4.5670542279e-02
-1.0551079851e-02 -1.0920935402e-03 -2.2214210471e-03
-2.2223391914e-02 -3.8773280984e-02 5.7371062713e-02
-7.5069292772e-02 -5.2124847995e-02 1.0121591630e-02
-2.7638563265e-01 -1.4764553322e-01 -1.3876903156e-01
-3.2056019259e-01 -2.2235536738e-01 -1.9799086484e-01
-3.7801715534e-01 -1.0573154695e-01 -1.9851870338e-01
-4.1953648953e-01 1.1026099543e-02 2.2572307134e-01
-3.5914251087e-01 1.6700105281e-02 3.8163366232e-01
-2.1948507478e-01 -3.9160796198e-03 2.0173111373e-01
-1.3321821575e-01 1.9914511969e-02 2.0525841833e-01
-1.0571559902e-01 9.4129604471e-02 9.1456000044e-02
-1.3346864367e-01 1.0894814001e-01 1.0712801458e-01
-9.0664179351e-02 7.9618156073e-02 1.7920347833e-01
-8.2123675719e-02 -6.7977192993e-02 -8.4392598788e-02
1.5111230066e-02 -1.3656672811e-02 -6.6387530790e-02
-4.1179234620e-03 1.7702410336e-03 3.8826613891e-03
-3.4026972135e-02 -4.0228226309e-02 5.9565758710e-02
-1.0843849229e-02 -4.1718430108e-02 5.2053649881e-02
-9.1295903576e-02 -5.5576083247e-02 3.0602530327e-02
-5.2787574446e-02 -1.2846050477e-01 -1.1379013261e-01
5.9397186539e-02 -3.3382952883e-01 -1.5089946666e-01
-2.3875823643e-01 -4.8699031238e-01 1.1634600008e-02
-5.3212876168e-01 -4.1052395129e-01 -1.3883801492e-02
-5.7166676238e-01 -3.6136466688e-01 1.3119580776e-01
-3.4389189708e-01 -1.7466777530e-01 2.2811031669e-01
-2.1814318628e-01 3.0150691686e-02 2.0184120646e-01
-9.1482980431e-02 -5.3185695153e-03 1.1008103838e-01
-7.8593601458e-02 -6.9146044017e-03 -2.6659638331e-02
1.7602344023e-02 -7.4742968436e-02 -9.2250055417e-02
2.3372067882e-02 5.8417994514e-03 -4.1983578797e-02
-1.1130896616e-02 1.1732064252e-02 2.8219566548e-02
-6.7920415554e-02 -1.8144527985e-02 8.2643007889e-02
-3.4338970563e-02 -2.4211120450e-02 9.0728097887e-02
-7.3327260865e-02 -1.1840646435e-03 1.3409952320e-01
-6.8543265108e-02 3.5061868825e-02 1.2661372746e-01
-1.1572822768e-01 1.0302323878e-02 1.4866192625e-01
-2.1572296466e-01 -1.2152002564e-01 9.5917879356e-02
-1.7597523944e-01 -2.8392289043e-01 -1.5865794939e-01
-2.7908570978e-01 -3.8506512042e-01 2.6209997623e-01
-4.8717462301e-02 -3.9214385603e-01 3.5317801626e-01
-1.3694743945e-01 1.2696741738e-01 4.3853048841e-01
8.8674546212e-02 -2.1127996791e-02 2.7117885893e-01
2.2651452288e-02 1.7069496644e-01 2.7119192137e-01
8.3086362492e-02 2.6220327214e-02 2.1585449903e-02
7.2420462926e-02 3.1068850706e-03 -5.8378329438e-02
-2.8931181716e-02 2.5074270478e-02 1.8606145861e-02
-8.2695927660e-02 -1.2069155739e-02 6.1529588876e-02
-5.3636251615e-02 -1.5552988970e-02 8.0636070722e-02
-7.8905730121e-02 -4.5236675477e-03 1.3602014342e-01
-8.1284549743e-02 1.6952611419e-02 1.5643748229e-01
-7.2133277491e-02 3.2634664045e-02 1.9173278890e-01
-5.0325204080e-02 2.1207186038e-02 1.4832370644e-01
-7.7596996032e-03 -7.6099908949e-02 1.0166959843e-01
8.1020371288e-02 -1.0692902717e-01 5.0089503135e-01
2.9698274557e-01 -2.0410633296e-01 6.9511588197e-01
-3.3013569862e-01 5.3126439349e-01 6.2438730028e-01
1.7334976688e-01 4.7937489357e-02 5.0013429308e-01
-5.6539983211e-01 5.5764738009e-01 5.6125049503e-01
-3.4032258536e-01 2.9052731943e-01 7.4479890772e-02
9.6309525735e-02 -1.0388203419e-02 -5.4215035646e-02
-3.6576509938e-02 6.7479563653e-03 3.3629055332e-02
-7.5467138210e-02 -2.8920622816e-02 7.0525606445e-02
-4.6007634179e-02 -4.2726681224e-02 7.1420808129e-02
-7.5320241448e-02 -3.5693351228e-02 9.9796177978e-02
-8.7402222210e-02 -1.8494195131e-02 1.3207977592e-01
-8.4441377339e-02 4.0793483152e-03 1.4820289406e-01
-7.8078944366e-02 2.8082500444e-02 1.5894432452e-01
-1.0716005823e-01 5.5011618994e-02 2.0413184056e-01
-1.2166185797e-01 2.1202827688e-01 6.1845136977e-01
-2.4725497712e-01 6.1136512387e-01 1.1748727196e+00
-1.1380336207e+00 1.3228337779e+00 6.5401413372e-01
-6.4047104293e-01 7.7021475704e-01 3.5641094846e-01
-1.5183323868e+00 9.2791987959e-01 -2.2443092394e-01
-9.6543377185e-01 4.8985360249e-01 -5.3526729144e-01
-5.1327878635e-03 3.5395642226e-02 -9.6981455892e-02
-4.7968497608e-02 1.7304826962e-02 2.1647906241e-02
-6.3705857512e-02 -5.1175918837e-02 7.2813081013e-02
-4.3691892804e-02 -7.7632781909e-02 4.5459720544e-02
-7.0991831578e-02 -6.9044737139e-02 9.2568645950e-02
-9.7714665189e-02 -4.1808705747e-02 7.1790533189e-02
-9.5372164067e-02 -3.9159735315e-02 8.8859430849e-02
-7.4778105562e-02 -1.7029802823e-02 7.8817437442e-02
-9.6251298535e-02 -9.9888936469e-03 1.1607699857e-01
-2.3130901080e-01 1.3705247982e-01 3.1399417307e-01
-5.7841018444e-01 5.9266168393e-01 7.6576443891e-01
-1.2788636204e+00 1.2039441997e+00 4.8858597639e-01
-1.0512435993e+00 9.0971372025e-01 -1.7852120322e-02
-8.8233741257e-01 4.8533117183e-01 -3.3231571503e-01
-4.2126313208e-01 1.4725266432e-01 -3.0124851272e-01
-1.5374345807e-02 -2.7952204283e-03 -2.4189958083e-02
-4.0981176708e-02 -2.0606346023e-02 3.7589716214e-02
5.4600003242e-02 2.6667351087e-02 5.8527880427e-02
8.4385039476e-02 1.2003075635e-02 9.6852623192e-02
1.0051109027e-01 7.0608643863e-03 1.3628682489e-01
2.2422551115e-01 -4.7339750694e-02 1.9909907581e-01
5.5105516297e-01 -7.6294326471e-02 4.1962649528e-01
1.3600643696e+00 1.1994545130e-02 8.1518335753e-01
1.9173358395e+00 1.2334601554e-01 9.4695623372e-01
2.0086153315e+00 1.7479760209e-01 7.5861380374e-01
2.3361078009e+00 1.6294934002e-01 3.4427165163e-01
2.5269998958e+00 1.5711281147e-01 -5.3086806626e-01
1.7371037133e+00 1.0337356942e-01 -9.0056787742e-01
4.2297880006e-01 -7.5387727414e-02 -2.9169794269e-01
5.3035186128e-02 -1.3011498608e-01 -7.9636330896e-02
3.4181671597e-02 -1.0382908569e-01 -1.3159071882e-02
1.1503702052e-02 -6.0567121151e-02 -2.0908643335e-02
4.2619417531e-02 3.5943011751e-02 5.7482214749e-02
6.5127692204e-02 1.6558371613e-02 1.0510127841e-01
1.1875045177e-01 4.2183082051e-04 1.9075975556e-01
4.5500236698e-01 -1.9532774631e-02 4.7507320784e-01
9.9240573239e-01 3.0149438873e-02 8.6653712012e-01
1.0849833545e+00 6.0930481043e-02 8.0816976150e-01
7.4584475557e-01 8.5387595172e-03 4.3150382872e-01
3.0681008857e-01 -1.5883175060e-02 1.6991723389e-01
-2.0185171401e-01 -7.3956357116e-02 1.8070777805e-01
-2.9104923259e-02 -4.9502687768e-02 1.6413139342e-01
5.2763948516e-01 9.4913024584e-02 -1.2905628710e-02
7.8996070562e-01 1.1900477838e-01 -3.3150123043e-01
1.8983779599e-01 -4.9095423021e-02 -2.1338616091e-01
4.3903493998e-02 -6.2415624065e-02 -4.8724598431e-02
2.3905048717e-02 -5.2769478083e-02 -2.4122773947e-02
3.1914715278e-02 4.0993472321e-02 6.7456995294e-02
9.5755068952e-02 1.8887985251e-02 1.6894197315e-01
3.2850007021e-01 1.5262065012e-02 4.4190914450e-01
7.4101197906e-01 -1.9125950232e-02 7.6521045185e-01
5.4611167234e-01 -8.2417228056e-02 5.4137346748e-01
4.0975127499e-01 -6.6369206080e-02 3.2752584223e-01
3.2719186302e-01 -7.3758081341e-02 2.0649056691e-01
3.0385760823e-01 -4.9142694153e-02 1.8033458327e-01
1.3075809513e-01 -7.6195145944e-02 1.6652214029e-01
1.4428214944e-01 -1.2892407243e-02 2.1689081430e-01
6.8111436972e-01 1.2099524238e-01 3.0405715172e-01
8.2523373346e-01 1.3295438573e-01 3.8721973371e-02
1.3797927680e-01 -1.9043597430e-02 -1.3707538812e-01
2.9898122464e-02 -4.7547121339e-02 -4.2567021364e-02
1.8014467488e-02 -3.2752695292e-02 -2.8870629463e-02
2.4711454506e-02 5.6372809193e-02 1.4184535401e-01
1.9850096943e-01 3.9448750010e-02 3.9628134077e-01
4.9101570691e-01 5.9129122341e-02 6.9013475284e-01
3.2506482269e-01 -9.7478573114e-02 3.9700516862e-01
8.7902939920e-02 -1.6237652396e-01 1.1138262508e-01
1.6381791479e-01 -1.0260724905e-01 1.5973897600e-01
1.5073625309e-01 -1.0766890781e-01 1.6487686562e-01
1.5042683508e-01 -1.3682581952e-01 1.9091553162e-01
1.3832901118e-01 -1.2819886187e-01 1.6284177086e-01
1.4172545584e-01 -6.7993689284e-02 1.6667990609e-01
2.0913096281e-01 -4.6339541656e-02 2.4194683995e-01
1.4414467660e-01 -8.3169362176e-02 1.5050906115e-01
-4.7060730432e-03 -7.5556077997e-02 -6.8655061734e-02
3.1687512014e-02 -5.5119503478e-02 -4.5796183974e-02
1.7462128466e-02 -3.6486000552e-02 -3.1656749864e-02
4.7524325710e-02 5.5574462020e-02 2.6968528351e-01
2.9528895432e-01 1.0235702641e-01 6.1347010845e-01
1.4148701128e-01 2.0995428069e-02 3.7661235989e-01
1.3828439746e-02 -1.4490924249e-01 7.8759147122e-02
9.3811349115e-02 -1.4548176030e-01 1.0686796127e-01
9.9228487165e-02 -8.2756593711e-02 1.2707609865e-01
1.2421883379e-01 -1.2746885442e-01 1.4879219227e-01
1.0816963867e-01 -1.3345149267e-01 1.9872842112e-01
1.2686767218e-01 -1.4652222108e-01 1.7338812185e-01
9.6607778194e-02 -1.0978979527e-01 1.3232904625e-01
5.2227945497e-02 -1.8598658974e-01 1.1811277662e-01
6.8819508360e-02 -1.2038373280e-01 -1.2814824550e-02
9.5208292903e-02 1.2008317484e-02 -1.0695758244e-01
5.7248157843e-02 2.4042953743e-03 -6.3904093408e-02
-1.4064328852e-03 -2.9574642792e-02 -2.9988807131e-02
1.9455785059e-01 1.1410521865e-01 5.8089323766e-01
2.5451017587e-01 1.5183441945e-01 5.8695557354e-01
-1.0570676087e-01 -5.1301829380e-02 5.4863337363e-03
1.0154841680e-02 -1.6688611263e-01 9.7549769491e-02
1.3770489760e-01 -1.8350539909e-01 1.7529391660e-01
1.0246752962e-01 -1.2219155750e-01 1.2388475313e-01
8.6115182871e-02 -1.3866113683e-01 1.2888410590e-01
7.2643528386e-02 -1.4075945245e-01 1.9958670488e-01
8.2433826492e-02 -1.3020490056e-01 1.6177929268e-01
7.5292187888e-02 -9.1791685842e-02 1.0117127234e-01
5.2947470769e-02 -1.8907802043e-01 6.9462346317e-02
1.7560940415e-01 1.1156462844e-02 -3.4268959700e-02
3.0759518401e-01 4.6981575731e-01 -2.2021150461e-01
1.9194864870e-01 3.1680674579e-01 -2.1739227040e-01
-3.3013234111e-03 9.1474686883e-03 -6.1900645687e-02
1.8226278387e-01 2.3102332346e-01 7.3112617774e-01
8.5935556883e-02 2.4301577204e-01 3.3363723411e-01
-5.8260971070e-02 8.1552831393e-03 -2.8006030648e-02
3.9129363432e-02 -1.4337161845e-01 8.0046095429e-02
7.3029076035e-02 -1.8241988452e-01 9.5443699575e-02
3.9106080095e-02 -8.9972732579e-02 6.4849347676e-02
1.0245858804e-01 -9.1621118211e-02 9.0760749345e-02
1.4924996001e-01 -4.3224133005e-02 1.1921692959e-01
7.2330140394e-02 -2.3893153736e-02 6.0171922841e-02
5.4984276441e-02 -2.7558243126e-02 5.4702269158e-02
7.2285918959e-02 -2.2177978475e-01 2.2904972920e-01
-8.0905855959e-02 -3.2440028755e-01 7.7842030923e-02
-7.2414941252e-02 3.7571143410e-01 -2.9239128465e-01
1.7769905535e-01 5.2990807286e-01 -3.0958477652e-01
1.0439036411e-02 4.4533070784e-02 -4.7694959672e-02
-7.4494631953e-02 2.9618954980e-01 6.6854709089e-01
-1.0243537708e-02 3.4906552349e-01 3.9357695172e-01
3.8598583480e-01 -1.0914597360e-01 6.6235100713e-03
3.3621399144e-01 -2.3173731026e-01 3.3272413027e-03
-1.7483057806e-01 1.9381907909e-02 4.3002132107e-02
-8.3941973075e-02 3.1427231013e-02 6.9075405970e-02
6.4604064528e-01 -5.7165277147e-02 1.7863738434e-01
4.2676599189e-01 1.1761609753e-01 2.0528988882e-01
-3.1191074082e-01 -2.2237233640e-02 7.5640588423e-02
-6.7936448115e-02 -8.7874327799e-02 1.4694071678e-01
2.9793958633e-01 -2.8674337275e-01 3.3526280650e-01
5.1233080887e-01 -2.0757085417e-01 -2.3190031861e-01
-3.5811657863e-01 5.0382748548e-01 -6.8238235875e-01
-1.5398108800e-01 4.3375005811e-01 -2.8759267486e-01
-1.9840845823e-02 2.1253280845e-02 -4.3042257036e-03
-4.8845025831e-01 3.7678988655e-01 7.2832288157e-01
-8.1668559550e-01 5.9391575435e-01 8.0918249957e-01
-9.8988522144e-02 5.6523887769e-02 2.2751529235e-01
3.2157141618e-01 -6.2612155646e-02 1.1002984267e-01
-1.3936989615e-01 9.4881153843e-02 4.3053654772e-02
-8.6934817451e-02 1.4356193934e-02 2.2443547921e-02
6.2758098960e-01 -1.3662883762e-01 1.6062854276e-01
1.6281495710e-01 -3.9526655739e-02 2.0269148508e-01
-6.0519744785e-01 -1.4540269184e-01 1.4020737029e-01
-1.1937055986e-01 -1.2927357104e-01 2.3389083079e-01
-3.5118663364e-01 -3.4763867517e-01 -1.0865255243e-01
5.8247242287e-01 -8.9898724934e-02 -5.8783867545e-01
1.6379972056e-01 3.7005034507e-01 -5.0260589491e-01
-1.4759567839e-01 1.3813882597e-01 -1.7621249890e-01
-1.3404242210e-02 -2.4586310706e-02 -9.8579011496e-03
-2.6093213847e-01 8.1234672674e-02 2.1163587025e-01
-9.6977915340e-01 3.6080408741e-01 3.5124977271e-01
-1.2870425825e+00 1.5455838097e-01 -1.0920405028e-01
-5.4582588419e-01 6.1016382434e-04 -2.8482878105e-01
1.0217693188e-01 7.3789034415e-02 -5.5431442825e-02
2.0760205139e-01 1.8546903444e-02 8.3556970785e-02
1.5196315720e-01 -6.7586590600e-02 1.7276523126e-01
3.0790611721e-02 -9.6120668155e-02 1.5981549970e-01
3.0829612045e-02 -6.5607201231e-02 1.9404404589e-01
1.2691982203e-01 -1.1632539716e-02 2.5028358880e-01
-3.8558892602e-01 -1.9926103250e-01 2.8914533068e-02
2.2283102848e-01 -1.7778910731e-01 4.7207226581e-02
1.2171302696e-01 -5.0160036486e-02 -2.3123017191e-02
-2.1171572819e-02 -1.9961371520e-02 -7.7531261772e-02
-8.1467152061e-03 -1.9586470275e-03 -1.7619500517e-02
-4.7592718231e-02 -3.8785097311e-02 2.5010896654e-02
-2.9795111375e-01 -2.0190650577e-02 6.6971158748e-03
-4.3486208543e-01 -5.5499764110e-01 -6.9908137200e-01
6.8460755262e-04 -8.0512515926e-01 -9.8983784532e-01
1.6594730095e-01 -1.2004232874e-01 -5.0378180568e-01
4.1208086648e-02 -2.7620347287e-02 -7.7618213908e-02
-9.0705612692e-02 -3.2941353503e-02 1.3350637450e-01
-1.2359900274e-01 -3.5154126162e-02 1.6097348588e-01
-1.0906470777e-01 -1.0543445009e-02 1.6771582075e-01
-9.1488477346e-02 1.6750174504e-03 1.4487145292e-01
-1.5253837386e-01 -3.6389281885e-03 5.6981272425e-02
-1.3607351021e-01 -4.0812495718e-02 -1.7740747884e-02
-9.9534203417e-02 -2.7235694411e-02 -1.1414113058e-01
1.5495981823e-02 -1.1055513237e-02 -7.8154261800e-02
8.2293843821e-03 4.0113524430e-03 -7.4017290640e-03
-3.1008760292e-02 -3.0982665322e-02 4.5382920855e-02
-8.5240714343e-02 -4.0735338999e-02 1.9633104352e-02
-1.9778339550e-01 -2.5665107433e-01 -1.0523755159e-01
1.3942800203e-01 -6.0096390040e-01 -3.3585977160e-01
5.1062021779e-01 -5.6702535706e-01 -6.3263487843e-01
7.3226641301e-02 -4.2035289032e-01 -3.2765193946e-01
-2.2592342855e-02 -3.4738682901e-01 -2.0872518300e-01
-1.3976324226e-01 -1.2743988630e-01 1.2040545269e-01
-1.2110588774e-01 -4.5192486822e-02 2.0734977345e-01
-1.0230662181e-01 4.9725732260e-04 1.1950311010e-01
-6.9624601958e-02 -5.0542755504e-03 2.8119091459e-02
-3.1127917367e-02 -2.9250128670e-02 -4.9623188394e-02
5.9277818246e-03 -8.3437223739e-03 -1.1155606384e-01
2.8359818169e-02 2.0523449839e-02 -5.4551427496e-02
6.7180402314e-03 7.5396556281e-03 1.7963556427e-02
-6.1955943944e-02 -5.4234034442e-03 7.6678030270e-02
-1.1689534082e-02 -3.4194659180e-03 9.2084237443e-02
-7.7931167878e-02 -1.6339477851e-02 1.1567259699e-01
-1.1119420421e-02 -1.6369794029e-01 2.8036218357e-02
1.6931769314e-01 -3.0085198321e-01 -1.6267597425e-01
3.3197330567e-01 -5.5216011114e-01 -3.2359943368e-01
5.3716378390e-01 -8.1543600868e-01 -6.3342991145e-01
1.1472824574e-01 -2.6140933200e-01 9.5387589211e-02
-1.4806003754e-02 -6.1824745441e-02 3.5161476157e-01
-5.2875587431e-02 3.3024058128e-02 2.2317119028e-01
-7.6083182190e-04 4.8008838448e-02 1.2856097223e-01
-5.7844921957e-02 3.1279481713e-03 1.5563419464e-01
3.1560843106e-02 -1.3661369396e-02 -1.2352587293e-02
1.0840682242e-01 2.6997783559e-02 -6.0702234208e-02
8.1609537512e-04 1.8332363841e-02 1.8070327871e-02
-7.5835066470e-02 1.1758680140e-03 8.8634147011e-02
-2.6260840768e-02 4.4650942747e-03 1.1540706260e-01
-5.6470228389e-02 4.2667111887e-03 1.4838353096e-01
-5.4820131452e-02 2.2374749016e-03 1.6688458540e-01
-4.2030328101e-02 -2.2965427328e-02 1.5410764583e-01
4.4469205437e-02 -1.5801491152e-01 -2.8720611331e-02
2.3583550372e-01 -3.2554059393e-01 -7.6725158259e-02
2.3140809299e-01 -8.6861012431e-02 4.9389577543e-01
8.4176501148e-02 -2.3483252300e-02 6.0437049826e-01
-8.8353127558e-02 8.1799205193e-02 2.9749417250e-01
2.0023618216e-01 -1.4325771518e-01 4.4074611909e-01
-5.5245519963e-01 -1.4969875009e-01 8.4978289711e-01
-5.6606278032e-01 -6.1849288463e-02 2.2543227653e-01
1.0892168360e-01 -7.3402458157e-03 -5.4367493803e-02
-6.0122723825e-04 9.0918353320e-03 2.5811161125e-02
-6.2901329596e-02 -1.8640559194e-02 8.1469908480e-02
-2.5968650043e-02 -2.8072009797e-02 8.5972885031e-02
-6.0357180543e-02 -2.9341744920e-02 1.1897035864e-01
-6.6950251218e-02 -1.0588807258e-02 1.5616467289e-01
-5.5812676994e-02 -4.0513683388e-03 1.6199639864e-01
-7.4845997337e-02 2.4066332640e-02 1.5625355637e-01
-2.2381725044e-02 1.2192906898e-01 3.3566814965e-01
-1.6843006364e-02 3.4172226348e-01 9.7976927375e-01
-2.1311600643e-01 3.4951296034e-01 9.2276379654e-01
-2.5391761637e-01 3.3274721087e-01 2.2296083888e-01
8.4491571808e-02 1.0493269206e-01 3.1009046939e-01
-9.9392149988e-01 6.0740538641e-02 1.0723285199e-01
-1.2532953713e+00 1.1736274009e-01 -4.7460110977e-01
-1.8962937959e-02 7.0853590623e-03 -1.2311033069e-01
-2.5567220553e-02 2.0099233985e-02 2.0619650876e-02
-5.1834359187e-02 -5.1302207644e-02 8.4774322188e-02
-1.1639400917e-02 -6.1765409055e-02 6.6197258842e-02
-4.9640953497e-02 -6.6701158567e-02 1.0444015500e-01
-7.4742716761e-02 -6.2081163411e-02 8.3373179988e-02
-7.5892296704e-02 -4.7546464823e-02 1.1421258666e-01
-6.4045236653e-02 -3.4299329723e-02 8.9553585652e-02
-1.1730732217e-01 2.6335803175e-02 2.2925010681e-01
-3.7375364946e-01 3.3160804817e-01 7.5113351628e-01
-1.1575930639e+00 7.9869153151e-01 1.2223200606e+00
-2.0751538045e+00 1.1363423361e+00 2.9502063575e-01
-1.5765989475e+00 8.0238448079e-01 -4.4166837074e-01
-8.9121774807e-01 2.8327348642e-01 -5.1175465676e-01
-5.9213275144e-01 9.7972843821e-02 -4.9387756210e-01
-3.5016313082e-02 1.6649839800e-02 -7.4664928864e-02
-1.8925064810e-02 -7.1672194583e-03 1.9598071751e-02
6.9572607127e-02 4.3873208888e-02 6.1025454030e-02
1.0633479537e-01 3.7046564955e-02 1.1659555360e-01
1.3247731069e-01 2.2007669917e-02 1.3708160623e-01
2.3893237957e-01 -3.3190256872e-02 2.0368389901e-01
5.8466800223e-01 -1.3588060861e-01 4.1740367751e-01
1.2575781639e+00 -2.6452174224e-01 7.5007204074e-01
1.8149210255e+00 -4.0773552260e-01 8.5229929599e-01
2.0839160185e+00 -5.0388470605e-01 7.0549166783e-01
2.1718448957e+00 -5.4692294390e-01 3.1092197899e-01
2.2406984338e+00 -4.6692368746e-01 -3.7296657263e-01
1.7510844528e+00 -2.3395781482e-01 -7.4881736593e-01
5.9024775734e-01 -1.3774749842e-01 -2.9318524665e-01
8.3359229250e-02 -1.2419084147e-01 -3.2193425418e-02
4.6182919414e-02 -1.0147289322e-01 1.4677158181e-02
2.1465514086e-02 -5.2848417908e-02 -2.1522927802e-02
7.1568702006e-02 5.4732981069e-02 6.6359069987e-02
8.3038944949e-02 4.2694724117e-02 1.2279468438e-01
1.4715394720e-01 4.0793896816e-03 1.8324525587e-01
4.7256844716e-01 -8.2633031139e-02 4.5796627047e-01
1.0880642661e+00 -1.8626585065e-01 8.6924296292e-01
1.0408884726e+00 -2.1281724087e-01 7.5793390743e-01
5.6649982004e-01 -2.1152894079e-01 3.5261703281e-01
1.7305196760e-01 -1.6876983632e-01 1.5672834662e-01
-1.8477328328e-01 -1.2483352800e-01 1.4564665667e-01
-7.2054251600e-02 -9.2040979989e-02 2.2105938121e-01
5.0474989367e-01 -6.7165588359e-02 1.1252237895e-01
1.1329247029e+00 -1.5103186224e-01 -4.2529088321e-01
3.0917724535e-01 -8.2047906429e-02 -2.4512143026e-01
9.5162620916e-02 -8.3979350290e-02 -1.5216149635e-02
3.8404543854e-02 -3.6663116447e-02 -1.9845082259e-02
5.6077507475e-02 5.0771460509e-02 6.5914381346e-02
1.0617973185e-01 8.0874676559e-03 1.6249589129e-01
3.0588276159e-01 -4.0241544140e-02 3.3918689265e-01
7.1658808653e-01 -1.7025265007e-01 6.2979456278e-01
4.9029815892e-01 -1.6602866777e-01 4.1951399906e-01
1.9117410286e-01 -1.1126794393e-01 1.9791031760e-01
1.3155568885e-01 -1.3079857564e-01 1.2877932285e-01
1.4829731080e-01 -1.2428095879e-01 1.4810399312e-01
4.7117440937e-02 -9.4363108031e-02 1.5699733739e-01
7.2725466100e-02 -9.0046457998e-02 2.1913086688e-01
6.2252246122e-01 -2.2528772173e-01 3.4984947457e-01
1.0935780570e+00 -3.6356064322e-01 1.5341639100e-01
2.2735546524e-01 -1.0456494566e-01 -1.2496640940e-01
5.3347395773e-02 -3.3499070052e-02 -3.0628930878e-02
2.4018347307e-02 -2.0810918090e-02 -3.0993225175e-02
2.9171689586e-02 6.2040009513e-02 1.1459288833e-01
1.6295488082e-01 -2.9315985938e-02 2.9983766976e-01
3.4909880032e-01 -4.0482594181e-02 4.4834780214e-01
2.2265185398e-01 -1.3819926009e-01 2.1136063339e-01
-3.7096954786e-02 -7.9873782612e-02 -4.4603769149e-02
-1.3997089780e-02 -5.4853924885e-02 3.8354265216e-02
9.0215578725e-02 -1.2257097527e-01 1.2577189196e-01
1.5769387704e-01 -1.8757626096e-01 1.9112993111e-01
1.6171154306e-01 -1.6771318215e-01 1.8489748198e-01
1.4361016066e-01 -1.2337177650e-01 1.3855314516e-01
2.6723402704e-01 -2.0458520228e-01 1.8989381460e-01
2.8152636323e-01 -3.7548075455e-01 2.3706784305e-01
-5.1393293207e-03 -1.4312343764e-01 1.2473960074e-02
3.9798126826e-02 -4.2265639793e-02 -3.5089381904e-02
1.6494002359e-02 -3.6385847015e-02 -3.5992419224e-02
2.2489065202e-02 3.4989266221e-02 1.6871486100e-01
1.3793530895e-01 -2.7986512683e-02 3.5831242699e-01
-6.6754929119e-02 -4.5349571570e-02 3.1892602092e-02
-1.7637272750e-01 -4.3107948273e-02 -1.1896482479e-01
-5.5148497546e-02 -5.2706707019e-02 -3.9179223754e-02
6.2981606984e-02 -7.9697478453e-02 9.8798567625e-02
1.2327668693e-01 -1.4460927622e-01 1.3408762621e-01
1.3262323898e-01 -2.0905064807e-01 1.8923129435e-01
1.4525666558e-01 -2.0752407515e-01 1.7330206831e-01
9.2954081328e-02 -9.5609523857e-02 1.1091724675e-01
8.2604166689e-02 -1.1164949902e-01 6.3520108178e-02
1.2663487809e-01 -1.3582368869e-01 4.4575212186e-02
2.3493995396e-01 1.6501759683e-01 -7.8085615292e-02
2.1159513296e-01 2.0661664040e-01 -5.7554473118e-02
1.2670169896e-02 2.1377014405e-03 -4.2954107457e-02
1.4145758679e-01 1.6534346550e-02 4.0468494232e-01
-2.3965447721e-02 3.6806200686e-02 1.1040608544e-01
-4.2587844511e-01 3.3697553839e-02 -4.0868595908e-01
-1.4688001376e-01 -8.9387388826e-02 -3.9438739959e-02
7.8955409771e-02 -1.5540368095e-01 1.5338068277e-01
8.9858141959e-02 -1.2054144641e-01 1.5563975439e-01
9.0266386621e-02 -1.5875609266e-01 1.6787329880e-01
1.3118545987e-01 -1.5811140717e-01 2.2446138519e-01
2.1104428877e-01 -1.2133172063e-01 2.3224984561e-01
1.5787528168e-01 -8.4701216149e-02 1.1017346643e-01
5.7237741519e-02 -8.0350399732e-02 1.3558602588e-01
2.0603844906e-01 1.2070085644e-01 3.1305608776e-01
6.1557065739e-01 9.2865140860e-01 4.2614255157e-02
5.7622517465e-01 8.9503968074e-01 -2.3072810470e-01
6.3455128247e-02 1.5138567293e-01 -9.4450007562e-02
1.1204644154e-01 6.7968077903e-02 4.1595450028e-01
-2.5711071402e-01 1.6982410740e-01 -3.7570886645e-01
-3.3533280825e-01 3.9143768702e-02 -4.4396027256e-01
1.4508758402e-02 -1.7490589297e-01 1.0463321444e-01
9.0310844293e-02 -1.5955193397e-01 1.5318322028e-01
5.2685898243e-02 -6.4376025160e-02 1.1340804657e-01
2.0491381875e-01 1.5686976003e-03 1.9572779391e-01
7.2231938590e-01 2.8567500622e-01 3.7952056626e-01
8.2797212107e-01 4.5695582619e-01 1.9602822208e-01
3.8459836672e-01 2.5647750983e-01 -1.8714008926e-02
2.3460067496e-01 -2.5473975868e-02 6.3330474704e-02
4.8767795114e-02 -4.9134032269e-01 3.3723063658e-01
-5.2297231747e-02 -2.5880956977e-01 4.8483238819e-01
2.1542156995e-01 4.0121302928e-01 5.8268672614e-02
5.7559549911e-02 1.2827988819e-01 2.8199006743e-03
-2.4301847354e-01 1.0743275725e-01 6.7158918028e-01
-4.5246630804e-01 3.2419645262e-02 2.6035779197e-01
-6.2765505575e-02 -1.5907589116e-01 -1.8026699457e-02
1.3031885807e-01 -1.8374219304e-01 1.0551168769e-01
4.2806007907e-02 -8.4917964090e-02 1.2655800839e-01
7.4319138315e-02 5.6832059661e-02 1.6688118451e-01
6.3629952804e-01 2.4638292421e-01 4.1318720450e-01
1.2577686295e+00 6.6899588467e-01 5.8047591445e-01
7.0173189837e-01 6.1888347942e-01 2.0162410621e-01
2.7132436622e-01 2.7090721747e-01 4.7914210685e-03
3.3026055827e-01 5.1455999295e-02 -1.9917498965e-01
6.0443526997e-01 -2.7675776875e-01 -6.0146420699e-02
1.4014252008e-01 -1.8249013052e-01 1.6835201773e-01
-4.4913730874e-02 1.6041213254e-01 1.4518949355e-01
2.0255966612e-02 6.4797352972e-02 1.2451335830e-01
-5.3192984839e-01 1.0538295228e-01 8.6764040583e-01
-7.1439602024e-01 -4.6738728210e-03 8.2500666148e-01
-4.1622382114e-01 -1.7412478231e-01 1.7469908244e-01
-5.0511898290e-01 -1.1455869598e-01 5.9115775378e-02
-3.8626887832e-01 4.3575427874e-02 8.0805522665e-02
-2.1961609196e-01 1.0010465470e-01 8.4023796362e-02
1.2555056182e-01 6.8602364691e-02 2.1922976095e-01
1.7216916485e-01 8.9895185518e-02 2.5788115333e-01
-1.7314074552e-01 -1.8180324172e-02 1.8547265107e-01
9.9910652343e-02 4.2191072457e-02 2.3430766068e-01
-4.1331204924e-01 -5.6001602505e-02 -5.0540971235e-01
2.0360523051e-01 -3.1994064955e-01 -9.3618228423e-02
-4.2062834349e-02 6.3243371764e-03 2.8527653776e-01
-3.6367400132e-01 1.7002511635e-01 -1.2409564795e-01
-1.9137220109e-02 1.0280894463e-02 1.1836122920e-02
-8.6069353351e-02 -4.7561840946e-02 1.7743276455e-01
1.4327783238e-01 -3.3967650948e-02 1.7405540908e-01
-4.0188534426e-02 -6.5981270442e-02 -2.5329849931e-01
-4.2766255782e-01 -1.1834481654e-01 -2.4480587423e-01
-1.6590863584e-01 -1.2804926053e-02 2.1390530112e-02
6.9881306543e-02 4.8247814756e-02 1.0829186642e-01
-1.0577528248e-01 -1.9703262899e-03 1.5692684443e-01
-3.0058071304e-01 -7.7526763631e-02 1.3149318749e-01
-1.3393505727e-01 -5.9875807734e-02 2.0349515649e-01
2.1869742571e-01 6.6377689637e-02 2.5901987248e-01
5.7925487244e-03 -2.8678981988e-02 -9.1625070823e-02
6.2463220167e-01 -2.6224810071e-01 1.3898297593e-01
2.8643301369e-01 -1.8914527936e-01 1.7927045927e-01
-9.9098325609e-02 1.1740236337e-02 -8.1379770771e-02
-1.5307173498e-02 1.0706179667e-02 -3.4660175591e-02
-5.2804856754e-02 -5.6063709878e-02 6.9263317862e-02
-2.5653643438e-01 -8.5778801428e-02 2.9034740704e-01
-2.9032668199e-01 -6.3489136539e-01 -2.3624760914e-01
2.3781518974e-02 -8.3055312812e-01 -6.4217920106e-01
1.8539757716e-01 -3.0358422665e-01 -2.2586649180e-01
6.6640499780e-02 -3.2128051223e-02 6.9566399092e-02
-8.0489397404e-02 1.0788018696e-02 1.7979064100e-01
-1.4889600255e-01 -3.5195009739e-02 1.9313120859e-01
-1.3466228614e-01 -2.0116217116e-02 1.8334023386e-01
-8.7569587190e-02 -1.7808115409e-02 1.6029480097e-01
-1.2957498502e-01 -7.0330832000e-03 1.0784115566e-01
-9.5055312446e-02 -3.3394968587e-02 3.3839062735e-02
-5.5507127237e-02 3.7552268974e-02 -1.4847809641e-01
1.6165363423e-02 3.3043750437e-02 -1.0890058346e-01
6.9909751642e-04 1.5238685708e-02 -1.5081188255e-02
-3.3739559855e-02 -2.0825591377e-02 2.9617541941e-02
-2.7413952636e-01 -6.7203364661e-02 1.1277923623e-01
-4.7824435027e-01 -3.2309199720e-01 8.5837565819e-02
2.2027486228e-01 -8.7696015496e-01 -3.5547788935e-01
5.8414298561e-01 -9.5077064055e-01 -6.0014762745e-01
1.9127870507e-01 -3.2879746565e-01 -2.0719123133e-01
4.5478139045e-02 -1.0879645542e-01 7.0541277943e-02
-9.7963028880e-02 -2.5813632054e-02 1.7306689983e-01
-1.1548464544e-01 -3.5535011798e-02 1.7507360967e-01
-1.1756653952e-01 -1.5430452230e-02 1.0728268795e-01
-6.5260266312e-02 -3.9762598827e-03 7.8681341973e-02
-1.0452386296e-01 -7.9905597720e-02 1.6109942790e-02
-1.9606738295e-02 -4.9427358682e-02 -7.2019123082e-02
2.9064616440e-02 5.5819275985e-02 -5.9337604760e-02
-4.3933691656e-03 2.8324673891e-02 -7.0147839320e-03
-5.7631919948e-02 3.4754864207e-03 7.2210128199e-02
-3.6576145883e-02 -2.7181427431e-03 1.0112979374e-01
-1.3531061031e-01 -3.4176041926e-03 8.5088025421e-02
1.2569135371e-01 -2.9857650196e-01 -1.4030746600e-01
3.9818052390e-01 -6.0653246476e-01 -2.9063025334e-01
1.9618307860e-01 -5.1374735802e-01 -2.3979708591e-01
1.9363025907e-01 -4.0101336816e-01 -2.5110692090e-01
2.5229583624e-02 -1.0962644729e-01 1.4595645252e-01
-8.0726235716e-02 -2.0827578970e-02 2.5147696308e-01
-7.3239454112e-02 -9.1311176172e-04 1.7983388176e-01
-9.2187882176e-03 -2.7680066217e-02 1.1666486030e-01
-1.9522708264e-01 -3.9196856732e-01 3.1347998904e-01
-1.0608141886e-01 -4.5094062790e-01 2.0311653948e-01
9.6251214798e-02 1.2452454872e-02 -2.6535945509e-02
4.7168583694e-03 2.9895070333e-02 -3.3913175063e-03
-7.7548236139e-02 4.1222413373e-03 6.9173129144e-02
-2.5398110915e-02 -8.9880642842e-03 1.1633364182e-01
-6.1730116185e-02 2.6174047682e-03 1.2249463177e-01
-5.2472718694e-02 -9.5926826975e-03 1.0298686806e-01
-4.3048021806e-02 -1.3357892641e-02 5.0175784257e-02
-8.2757516705e-02 -1.0080611395e-01 -4.2090223615e-02
1.5622608644e-01 -1.9613467393e-01 -4.6904473634e-02
8.2736308132e-03 1.6631614127e-04 3.1602218818e-01
-1.4130664973e-01 -2.9948915745e-02 3.9342046739e-01
-1.1593411997e-01 -2.1875480953e-02 1.8047691864e-01
6.2641220458e-02 -9.6308134080e-02 3.8009481521e-01
-3.5601164270e-01 -4.1387465795e-01 1.0140092967e+00
-5.6165466634e-01 -3.9123806621e-01 2.0578452551e-01
6.0877421850e-02 1.4311454759e-02 -1.3078770292e-01
-3.0653318405e-03 1.5948650095e-02 9.2819079078e-04
-7.3853363320e-02 -1.0175226564e-02 8.6987706888e-02
-3.2993968605e-02 -2.1025728312e-02 1.0963923152e-01
-7.3707722586e-02 -2.5075853475e-02 1.4619915764e-01
-6.0064461918e-02 -2.4640858780e-02 1.7526347631e-01
-6.8117450658e-02 4.1380654745e-03 1.4426325887e-01
-1.1177536416e-01 7.5502486605e-02 1.9238587951e-01
3.5305051595e-02 2.4778196298e-01 5.4540548973e-01
-4.4642066104e-01 3.5965394064e-01 9.8943833137e-01
-3.2862104262e-02 2.5871109993e-02 5.3706673713e-01
6.9456706211e-01 -1.1962749956e-01 1.1252736054e-01
4.2882961143e-01 -7.2792161559e-02 2.8472389863e-01
-3.8694719462e-01 -1.9680826253e-01 1.7249831247e-01
-8.7481783459e-01 -6.9414013958e-02 -4.8786528367e-01
-5.5416086889e-02 2.6082358578e-02 -1.9238482516e-01
-3.3391137828e-02 3.0471680744e-02 7.1107042630e-03
-5.6975220993e-02 -3.9562170025e-02 9.7068355106e-02
-1.9897459695e-02 -6.4997410312e-02 9.4164509349e-02
-5.3392911762e-02 -6.6563886730e-02 1.2378828396e-01
-6.1145246460e-02 -7.2161262001e-02 1.3071212204e-01
-6.1024891611e-02 -5.5291333102e-02 1.4760730889e-01
-7.8028268039e-02 -1.4071664983e-02 1.5440561802e-01
-2.4819157444e-01 9.7357495338e-02 4.3908971508e-01
-8.5254329878e-01 2.8721947248e-01 1.1470514087e+00
-1.6719439865e+00 2.4273381193e-01 1.1810189445e+00
-2.0990358548e+00 2.4886524885e-01 1.7553802499e-01
-1.7707239819e+00 1.7098774922e-01 -6.9396317789e-01
-8.2394575891e-01 -1.6787746079e-02 -6.4893581554e-01
-5.0267173276e-01 1.3424366834e-03 -4.7465283452e-01
-4.1159791804e-02 2.1392632260e-02 -8.0381424999e-02
-3.4881673327e-02 6.4084660188e-03 1.0667750425e-02
6.3603735578e-02 2.6491544750e-02 7.7820387545e-02
1.0525012386e-01 2.3922774812e-02 1.1864669076e-01
1.2088195361e-01 -7.0800317944e-03 1.4573053939e-01
2.2602233871e-01 -8.3106702186e-02 1.7542007496e-01
4.6641438075e-01 -2.0771598539e-01 2.7330039489e-01
8.5158571233e-01 -4.0269805803e-01 4.6397003403e-01
1.3642954770e+00 -7.1671013034e-01 5.7967013370e-01
1.5731655543e+00 -8.7477891538e-01 4.9094261236e-01
1.6128473421e+00 -8.7489949638e-01 2.5077819519e-01
1.8814654989e+00 -7.7813537343e-01 -1.3613872937e-01
1.9041598732e+00 -5.7724843067e-01 -6.8597868618e-01
8.2595819109e-01 -3.0502909003e-01 -5.1651182736e-01
1.0411939186e-01 -1.7593681353e-01 -1.1686473223e-01
5.0527113486e-02 -1.2298222247e-01 -3.5286246702e-02
2.7924342032e-02 -8.5041982524e-02 -3.9576058479e-02
8.1722017826e-02 2.6866678397e-02 7.3199015841e-02
9.2092330677e-02 -9.3416694230e-04 1.1592943192e-01
1.4264709375e-01 -5.2119122262e-02 1.6365520492e-01
3.8902884609e-01 -1.8022550151e-01 3.3005135265e-01
9.3804793081e-01 -3.9435097320e-01 6.7450164602e-01
9.9877327839e-01 -5.1361850184e-01 6.4227978866e-01
7.1930460262e-01 -5.3583153232e-01 3.9236314411e-01
4.8918707464e-01 -4.5712739799e-01 2.1808792894e-01
2.3829038667e-01 -2.9013912835e-01 1.6898692084e-01
2.9279385360e-01 -1.8502938021e-01 1.9218911033e-01
8.1330341127e-01 -2.6545915372e-01 -2.3641325575e-01
1.2777710860e+00 -4.9903896581e-01 -9.9358540739e-01
3.6839652451e-01 -2.1092074724e-01 -4.1948574947e-01
9.6428229821e-02 -1.1397987439e-01 -5.7632921396e-02
3.9957860762e-02 -7.8957830514e-02 -2.6747179547e-02
6.6107396276e-02 4.7517579776e-03 6.8259929342e-02
1.0240881721e-01 -4.4968317161e-02 1.4318079999e-01
2.6833963788e-01 -1.5624532204e-01 2.6669003351e-01
6.8576800423e-01 -3.5229141255e-01 5.4419818706e-01
5.9939296620e-01 -3.5780524136e-01 4.3296615629e-01
8.4552552288e-02 -1.9688815240e-01 1.3008156279e-01
1.1722683141e-02 -1.9750610460e-01 9.9310221728e-02
1.1185233956e-01 -2.1370913929e-01 1.5674159672e-01
1.4520337092e-01 -1.8574764373e-01 1.5362443183e-01
8.2571569294e-02 -1.3357719676e-01 2.6027408254e-01
3.6469328203e-01 -3.8241579500e-01 2.5073326475e-01
1.1323553592e+00 -8.6483791622e-01 -4.6287013037e-01
5.4824975699e-01 -3.6937836312e-01 -5.8230710477e-01
1.2707851330e-01 -6.4156161020e-02 -1.4153495015e-01
2.1439272265e-02 -5.3038698360e-02 -5.0087071846e-02
5.2696875466e-02 -2.5494509041e-05 1.0068413565e-01
1.5004446931e-01 -1.1484499932e-01 2.6052945259e-01
4.0682489648e-01 -2.3090858085e-01 4.5101913995e-01
2.2364572252e-01 -2.3154721592e-01 2.0402645596e-01
-2.4390608408e-01 3.7415461416e-03 -2.1672058151e-01
-2.6303560479e-01 2.5248859354e-02 -1.3633203340e-01
2.3208837887e-02 -1.4618797923e-01 6.8977164844e-02
9.3932751858e-02 -2.1846260892e-01 1.4049935988e-01
1.2518389577e-01 -2.2260319962e-01 1.4206104258e-01
1.3590968904e-01 -2.6351402096e-01 1.4324545812e-01
2.0286042706e-01 -5.0488357241e-01 1.8488221477e-01
4.6643434039e-01 -1.0134178503e+00 -1.4329830140e-02
5.5721581332e-01 -5.1015850162e-01 -4.4570729240e-01
3.2149120721e-01 -1.7567269657e-02 -2.5648600674e-01
2.7537783315e-02 -4.4915979948e-02 -7.2881739519e-02
4.9041210733e-02 -3.2359394821e-02 1.6173752920e-01
1.8560512983e-01 -1.3807309796e-01 3.7379011437e-01
3.2099791047e-02 -1.0591850921e-01 1.1574860644e-01
-4.6050445700e-01 9.8713735852e-02 -3.5884116793e-01
-4.0100111149e-01 1.5622491130e-01 -3.3974944311e-01
-7.8360662851e-02 -1.6938862342e-02 -1.7411205095e-02
1.2326473704e-01 -1.7388640837e-01 1.1667098781e-01
1.5244731615e-01 -1.8862902676e-01 1.6654710165e-01
1.8894802259e-01 -1.1045161276e-01 1.5922837128e-01
1.3737315984e-01 -1.3742640615e-04 1.3009203795e-01
5.7979336042e-02 -2.5114305465e-01 4.2713881514e-02
3.6269579857e-02 -7.3456101137e-01 -1.5918941446e-01
1.5967005979e-01 -3.3428558310e-01 -1.5528281531e-01
2.6199181613e-01 1.6311968818e-01 1.0733293982e-01
7.0859075934e-03 -7.2810480456e-03 -8.6540172845e-03
9.8200846483e-02 -7.9895659142e-02 2.7914045339e-01
-4.7660447722e-02 -2.2136549423e-02 4.7042950967e-02
-5.2387428084e-01 1.5511667101e-01 -5.4556820361e-01
-4.8307317032e-01 1.3172949919e-01 -3.9588795344e-01
-7.0871608522e-02 -7.2541525418e-02 8.9448267381e-03
7.0471083744e-02 -1.3702713865e-01 1.4180508895e-01
1.4639087866e-01 -9.7839016271e-02 1.9515115507e-01
3.4451261467e-01 1.3800579267e-02 3.3361476943e-01
5.8519309985e-01 2.8439319322e-01 2.7738870160e-01
4.1658165136e-01 3.5925099804e-01 9.4935988251e-02
4.3834100859e-02 -1.4277142487e-01 8.9065754904e-02
-8.7003362018e-02 -4.6291685427e-01 9.6303922109e-02
-1.6100762468e-01 -3.5081326646e-01 4.6221861888e-01
3.8196430940e-02 1.9203922200e-01 4.2141159849e-01
-4.7761200214e-03 7.0357977867e-02 8.0458723256e-03
9.5603695688e-02 -8.3396410422e-02 2.2719547315e-01
-3.1539686300e-01 9.5974535396e-02 -4.5170983754e-01
-5.0326781054e-01 1.0282324429e-01 -5.8932372043e-01
-8.9482386685e-02 -8.7134216205e-02 -1.5494682665e-02
1.1918134223e-01 -1.6796462482e-01 1.6973540408e-01
2.1779664539e-01 -2.3809927721e-03 1.9127831028e-01
6.1724236527e-01 2.0778958047e-01 4.5138033813e-01
1.2407595308e+00 4.9856697745e-01 6.7347969545e-01
1.4467356319e+00 8.2633803768e-01 3.3153574116e-01
8.1501315001e-01 6.6859665515e-01 -4.1485724668e-02
2.9408455386e-01 2.6119968299e-02 4.9140625765e-02
4.7208438680e-01 -1.8675737441e-01 2.4501585782e-02
-6.1311019061e-02 -9.7503963582e-01 4.0450825643e-01
-2.3319390448e-01 -5.9746857403e-01 2.8468720419e-01
-2.0165852066e-02 -4.1461004412e-02 3.7181701971e-03
-8.0443845838e-02 -1.3046480070e-01 4.2384513336e-01
-4.1039116039e-01 -3.6377422583e-01 2.4307780018e-01
-2.4156740436e-01 -2.9847535275e-01 1.3034994543e-01
2.0279651997e-01 -9.9657692836e-02 1.4199304850e-01
4.7626739937e-01 -6.3262694093e-03 2.2454412202e-01
8.8497248909e-01 3.0018586686e-01 4.5221466734e-01
1.1092851891e+00 4.0997347875e-01 7.0827257997e-01
1.1129222933e+00 4.1007999381e-01 6.6591936122e-01
8.2901773630e-01 3.7692862548e-01 2.3629671059e-01
3.8578125242e-01 2.2821294906e-01 -8.5457251067e-02
3.8632578347e-03 6.1046917364e-02 -4.8335701401e-01
8.6678133310e-01 1.8052501066e-01 -7.1562048434e-01
1.3497471727e+00 -4.4031451608e-01 -6.7435500575e-01
2.8496752905e-01 -4.2192954859e-01 -1.6402427376e-01
4.8842731309e-03 -1.8989587851e-02 3.6838378529e-02
-1.9554562295e-01 -1.3463674002e-01 4.9721610931e-01
-4.0440656251e-01 -5.0957946190e-01 6.2740829999e-01
-4.0045424035e-01 -3.6700541647e-01 3.0230658337e-01
-2.2372165106e-01 -4.3414992293e-02 8.8666373492e-02
3.4418339430e-01 6.2874758570e-02 2.3727189926e-01
6.2191762972e-01 1.9113815480e-01 3.0754082496e-01
4.6608408629e-01 9.1707856595e-02 3.1383867202e-01
1.7188659046e-01 -3.9338967603e-02 2.0577943972e-01
-3.7452127319e-02 -1.0393680421e-01 1.3023193002e-01
6.9974133727e-02 -7.3429395598e-02 1.0147238600e-01
-2.0523625665e-01 2.4152547829e-03 -5.3020105730e-01
3.0738804724e-01 -3.0399489844e-01 -2.8951010483e-01
2.5384251456e-01 -7.6322391464e-01 -5.8790158572e-02
-2.2119108996e-01 -2.6058070969e-01 -3.3154217247e-01
-2.8247534594e-02 -2.5624412306e-02 -4.0195720871e-02
-1.7927828551e-04 -1.2010083225e-01 3.2383510491e-01
3.1104188388e-01 -3.7790408998e-01 6.4471153430e-01
2.6675068101e-01 -2.9249510929e-01 -2.2785236189e-01
-1.0099162230e-01 -8.0951617795e-02 -1.5559839517e-01
9.3238547110e-02 -2.6668273210e-02 1.4847569911e-01
1.0723283792e-01 3.4373123013e-04 1.5191997110e-01
7.4061495080e-02 1.6640577229e-02 1.6456106936e-01
-8.5898441560e-02 -2.4761838929e-02 1.7455886463e-01
-1.3902562027e-01 -8.9092039825e-02 1.9052383460e-01
7.6130000534e-02 -1.0408029253e-02 2.1269803281e-01
1.8355494072e-01 1.9513429918e-02 -1.3230338585e-01
8.3541358254e-01 -5.5324838353e-01 -6.9112706746e-02
5.0376621600e-01 -8.8004645922e-01 1.5486892115e-02
-1.0873217907e-01 -1.3388471122e-01 -1.8565545147e-01
-2.8023079255e-02 -4.2337617417e-03 -8.5322498199e-02
-5.1988385389e-02 -5.7148796120e-02 2.1950968927e-01
-2.7640003188e-01 -1.3420527037e-01 6.6333980662e-01
-4.5586347126e-01 -3.8521573647e-01 1.7579625567e-01
-7.2209673236e-02 -2.8536331382e-01 -1.2975807972e-01
7.6518603941e-02 -6.3637232420e-02 4.4225994039e-02
-3.3056259022e-02 -3.4935915477e-02 1.3996332802e-01
-6.3046365688e-02 -2.0161510055e-02 1.7609689308e-01
-1.0168399589e-01 -6.5362397097e-02 1.9954667899e-01
-1.2663863684e-01 -7.5594782710e-02 1.9653504747e-01
-1.0955482521e-01 -7.5548956257e-02 1.7353780006e-01
-1.5469438716e-01 -4.8411913180e-02 8.3670710031e-02
-4.8714483988e-02 -3.3483255578e-01 -1.2577617839e-01
3.6789106362e-02 -4.2027638838e-01 -4.7769870222e-01
2.1023196195e-02 -9.4492019564e-03 -3.9954159331e-01
3.4658656533e-04 -1.0242219231e-02 -7.9196442437e-02
-2.4470929036e-02 -2.7389854168e-02 8.0828752367e-02
-3.8188972190e-01 -7.7889493382e-02 2.3583382415e-01
-9.5095124635e-01 -3.8006037080e-01 6.6862641852e-01
-2.7822624897e-01 -5.0964737044e-01 2.1880800156e-01
-1.7183050800e-03 -3.9381372203e-01 -9.1694135441e-02
-4.7040419806e-02 -8.6575712122e-02 7.9428591867e-02
-4.9988761059e-02 -5.7786897366e-02 1.7220438735e-01
-1.0168546030e-01 -7.1775800154e-02 2.0867050405e-01
-7.9831794835e-02 -1.2496364737e-01 1.9763734320e-01
-9.3038391054e-02 -7.8709974332e-02 1.4733186300e-01
-9.2586390924e-02 -6.3682373217e-02 9.0980939067e-02
-1.8532091137e-01 -5.1540271359e-01 1.6427976076e-01
-1.0560685915e-01 -7.0918855701e-01 2.0549639244e-01
5.6604180880e-02 -8.0822392003e-02 -6.4536176050e-02
1.8423791183e-03 -5.7834958094e-03 -4.4385396828e-02
-3.2985389776e-02 -1.8507616514e-02 9.1349382492e-02
-5.3818042550e-02 -3.3548022610e-02 1.4346893869e-01
-2.8594640013e-01 -9.1072113783e-02 3.4563467073e-01
-3.0765062801e-01 -2.6904683250e-01 2.7811020817e-01
-3.0530730677e-01 -3.4398378862e-01 1.6072122031e-01
-2.1568568386e-01 -1.8661180546e-01 2.5896625984e-02
-5.7180307363e-02 -1.2084300949e-01 1.4783070549e-01
-6.7111581776e-02 -9.9693038809e-02 2.2953460192e-01
-8.2495803068e-02 -1.1085055131e-01 2.4730515588e-01
-7.4992166972e-02 -6.1418026346e-02 2.0015070890e-01
-6.6224906189e-02 -1.4150926711e-01 1.2529127444e-01
-2.5078582388e-01 -9.5102040552e-01 6.3576402691e-01
-2.1436831931e-01 -1.3238683490e+00 7.6224823365e-01
1.2765936875e-01 -2.5749081433e-01 9.6604890672e-02
8.9432604607e-03 9.6902363387e-03 -2.5130291937e-02
-4.9939477579e-02 -9.8774973843e-03 8.7301870499e-02
-8.9134300753e-03 -2.9800048207e-02 1.0839828926e-01
-3.0857249340e-02 -3.0905789175e-02 1.2870661552e-01
-1.4935620810e-01 -2.9067684629e-02 1.5952106648e-01
-2.9072253262e-01 -3.6433977293e-02 1.5120136527e-01
-4.4827739131e-01 -8.3886856575e-02 3.4426675854e-01
-1.8113662111e-01 -1.5051559757e-01 3.9294392240e-01
-1.0236540089e-01 -1.1323895051e-01 3.0180077194e-01
-1.1665523671e-01 -1.5044605198e-01 3.0017007255e-01
-1.1374165642e-01 -1.1989370590e-01 2.0376507179e-01
1.2349173724e-02 -1.9854450108e-01 2.6844512557e-01
-3.3234005992e-01 -6.0640613884e-01 4.3655366883e-01
-6.9023621544e-01 -7.9240985820e-01 -4.7443020884e-01
2.1774318049e-02 -1.6151643860e-01 -3.9022580609e-01
1.4044896622e-03 -7.8977790614e-03 -2.3294737574e-02
-4.3087070908e-02 -2.1028372989e-02 1.0251062445e-01
-1.7317547844e-02 -2.1864363703e-02 1.0355633386e-01
-4.3012679437e-02 -3.9525953130e-02 1.3834368510e-01
-4.9633451548e-02 -3.7701928896e-02 1.5394198686e-01
-1.1589693514e-01 -2.5352140976e-02 1.6899362546e-01
-3.1376562772e-01 -2.3602088596e-02 4.9674434981e-01
-4.9704626630e-01 2.5286389210e-02 7.8786835945e-01
-7.8954461541e-01 -6.6095484639e-02 7.4502671373e-01
-2.7749827257e-02 -1.9149535066e-01 4.2664199849e-01
6.1624575383e-01 -9.7954188814e-02 2.5703589219e-01
1.7276080877e-01 -1.1547865107e-01 2.3342450616e-01
-4.3151505392e-01 -3.1872269800e-01 -2.2278047280e-01
-8.3312302089e-01 -2.6792161452e-01 -1.0471704434e+00
-1.3646806262e-01 -2.6115835417e-02 -3.9991486608e-01
-3.4937535761e-02 3.1198781969e-03 -6.9219646833e-03
-3.6568455056e-02 -5.3457758058e-02 1.0098947975e-01
-1.0945220773e-02 -7.3802161136e-02 6.6190942154e-02
-4.2147661568e-02 -9.3793399335e-02 1.1755302030e-01
-6.9936476270e-02 -1.0612003289e-01 1.1817369755e-01
-5.8540822433e-02 -1.1120262450e-01 1.4380823729e-01
-1.3007348729e-01 -6.1838566038e-02 1.6435213561e-01
-5.0350191084e-01 -2.5828832775e-02 5.1465553046e-01
-1.3271321532e+00 -2.0953001671e-01 1.0836830946e+00
-1.7533515116e+00 -5.5706240623e-01 9.7045712640e-01
-1.8279144831e+00 -6.0974848297e-01 1.7919518635e-01
-1.6150646836e+00 -4.6503531951e-01 -5.4379832489e-01
-9.4452274676e-01 -3.7007560911e-01 -6.5088431269e-01
-4.5085306306e-01 -1.4138119982e-01 -4.4208852012e-01
-4.5996087193e-02 -1.4535613885e-02 -1.1291263982e-01
-1.7911279578e-02 -3.5007386965e-02 9.4282838290e-03
5.5330124629e-02 1.0459418566e-02 5.6928810990e-02
7.5433225572e-02 1.1063626959e-02 1.0218887114e-01
8.9782797258e-02 -3.1398965908e-02 1.2379803715e-01
1.4905771286e-01 -9.2835238882e-02 1.4805618919e-01
2.3897798579e-01 -1.8039720333e-01 1.6294300491e-01
3.3974247809e-01 -2.6102920876e-01 1.9224998300e-01
5.8960498547e-01 -4.8076790238e-01 2.5660182222e-01
7.3373436056e-01 -6.5315214381e-01 2.6223593481e-01
9.0184254650e-01 -7.3317076252e-01 2.5626535640e-01
1.3122378148e+00 -8.3822568469e-01 6.7228472691e-02
1.6335889079e+00 -9.1242677386e-01 -5.0059590320e-01
7.8354162852e-01 -4.8974905939e-01 -5.4434448123e-01
6.5704472626e-02 -1.7617819701e-01 -1.4865951381e-01
2.6938215705e-02 -9.7479765905e-02 -6.3150169787e-02
3.8615879106e-03 -6.8791601351e-02 -7.0894220617e-02
6.6355993123e-02 1.7534412745e-03 5.8887413300e-02
5.6746165145e-02 -6.2603769466e-03 1.1487932767e-01
8.5403897132e-02 -7.0886743208e-02 1.4100944772e-01
2.0926303615e-01 -1.8300575007e-01 2.2744641880e-01
4.5416044720e-01 -3.5047565848e-01 3.6650163030e-01
6.2743292107e-01 -4.9955938590e-01 3.9347324450e-01
6.6157970048e-01 -6.5031231660e-01 3.4892751217e-01
5.9473492602e-01 -7.1089750327e-01 3.0514501490e-01
5.2554051966e-01 -6.4494584663e-01 3.0958035039e-01
7.6943146291e-01 -6.8622443274e-01 2.0200096618e-01
1.5002272851e+00 -1.1180341790e+00 -7.0899233630e-01
1.4168997223e+00 -1.0740766514e+00 -1.4417619216e+00
3.3002942127e-01 -3.1081383857e-01 -4.5498394514e-01
8.2813653579e-02 -8.3852351528e-02 -8.7392175988e-02
1.5436204723e-02 -6.0368051299e-02 -6.1324295220e-02
6.4881831021e-02 -1.7806738855e-02 4.9450317687e-02
7.2846484845e-02 -4.4835852256e-02 1.2772317533e-01
1.7360571617e-01 -1.9399587973e-01 1.9441551609e-01
4.9601900550e-01 -4.1981918821e-01 4.1446083486e-01
6.5660821042e-01 -5.1895697099e-01 4.4174380246e-01
3.5543087455e-01 -3.3986612911e-01 2.4056215827e-01
2.1345497949e-01 -3.1796980366e-01 1.7241422364e-01
2.2004100408e-02 -2.4095576185e-01 1.7598807405e-01
8.2643165234e-02 -3.2036723416e-01 1.6423470966e-01
1.6159527060e-01 -4.2792748730e-01 1.9482950426e-01
3.5239964788e-01 -6.7077947493e-01 -6.2801629200e-02
9.9275086737e-01 -1.0849375303e+00 -1.0454865666e+00
9.1326487660e-01 -6.0646553203e-01 -9.4996330712e-01
2.7899664796e-01 -1.0011165156e-01 -2.7739281555e-01
9.5164676904e-03 -4.5617117966e-02 -8.9806759007e-02
6.7938427102e-02 -3.7609667061e-02 8.6961033712e-02
1.2143203037e-01 -1.1541811105e-01 2.1246856463e-01
3.3335442085e-01 -2.9958868978e-01 3.5691297320e-01
4.3070378544e-01 -4.2118696829e-01 3.8008907811e-01
9.1713882113e-02 -1.6160026172e-01 3.0400512545e-02
-1.3120586354e-01 6.5229421277e-02 -7.5162794218e-02
5.2360882385e-02 -5.4053362790e-02 5.3187731052e-02
1.4506122911e-02 -4.4740828565e-02 1.6755921943e-01
9.1837252081e-02 -1.6926807238e-01 1.2389893688e-01
1.1439534977e-01 -3.7642385201e-01 1.5675245558e-01
-4.4850696756e-03 -5.1761050845e-01 2.5801756067e-01
5.5657639877e-01 -9.0163012329e-01 -3.1079683107e-01
1.8935168389e+00 -8.9610019158e-01 -1.3361208072e+00
1.1383270279e+00 -2.2887993690e-01 -8.5568363600e-01
7.5531733104e-02 -5.6842087462e-02 -1.7336887714e-01
4.3899266692e-02 -6.3201409945e-02 1.2240195612e-01
1.1724592209e-01 -1.2163550497e-01 2.3185050951e-01
1.3396674578e-01 -1.6956188389e-01 1.7379502571e-01
-1.6525812944e-01 -1.9690205310e-02 -1.1656149620e-01
-4.1264734618e-01 3.2124698203e-01 -3.6997331334e-01
-2.8882736513e-01 3.5821420697e-01 -1.7503477225e-01
4.8548255766e-02 2.3066057560e-01 9.2579639606e-02
2.6938543116e-01 4.0906003506e-01 3.6235008438e-01
3.6753779208e-01 4.9327095883e-01 3.7838866155e-01
2.0525696330e-01 3.7424432581e-01 2.9758152838e-01
-4.9142339156e-03 -2.7058974557e-01 3.1886431502e-01
9.3836162270e-02 -6.4892560297e-01 8.1355109118e-02
6.7641507676e-01 -3.6449963107e-01 -5.0534428168e-01
7.3100585973e-01 -1.1648074017e-01 -5.1230920257e-01
2.7076348119e-02 -5.8718870611e-02 -1.4580443074e-01
4.8651201401e-02 -7.3434512424e-02 1.7579734934e-01
-8.6570617890e-04 -8.2948617944e-04 5.7280702401e-02
-2.6833360965e-01 1.1679925649e-01 -2.6227270926e-01
-4.4747587721e-01 3.2810701967e-01 -3.7048556496e-01
-2.6972298433e-01 4.3750091698e-01 -2.5103483922e-01
4.4359375309e-03 3.6187265775e-01 6.1286779504e-02
4.8850393317e-01 6.4421865386e-01 5.0455189075e-01
7.5320079585e-01 1.0567747873e+00 8.1499286413e-01
6.8836516940e-01 8.0339120414e-01 5.4715859523e-01
5.1208169782e-01 5.5190448741e-01 3.1304180564e-01
1.1400697420e-01 -5.1310601386e-01 4.1418586081e-01
9.8558111169e-02 -6.5231864451e-01 1.8429529537e-01
-7.0071995635e-02 -6.6773462428e-02 6.0411943081e-02
-5.8299347916e-02 2.7997813868e-02 8.7871787859e-02
-6.1487019664e-02 -1.8977792102e-02 -4.8427909198e-02
7.2702642289e-02 -5.6977454923e-02 1.2288708221e-01
-6.8397391377e-02 -2.5670729329e-03 -6.1482572304e-02
-1.9068708241e-01 1.9681179969e-02 -1.4690570390e-01
-5.5995984442e-02 3.1092440417e-01 -8.8452835400e-02
1.2039873443e-01 2.8544360953e-01 4.8241004298e-02
4.4665076008e-01 4.3632925929e-01 3.4745296149e-01
1.0265279931e+00 1.0065020932e+00 8.2552875486e-01
8.2682105042e-01 7.0059755174e-01 7.4814947582e-01
5.2677506309e-01 2.1614527652e-01 2.9950800309e-01
3.5325577483e-01 2.2799138943e-01 1.2484372360e-01
3.8418321324e-02 -2.9101023114e-01 9.7058865848e-02
6.4503430949e-01 1.8298329292e-01 -7.7795095491e-01
5.7427103302e-01 2.8459324211e-01 -9.8837131999e-01
2.7002960104e-03 -1.0799942797e-01 -1.8086550570e-01
-4.1794927234e-02 -4.4943840141e-02 -5.7192715805e-02
1.1179259207e-01 -5.1594559633e-02 9.4164810420e-02
7.7157689861e-02 -1.7954548294e-01 1.2694137270e-01
2.4409323342e-01 -1.7865958994e-01 2.1605909485e-01
4.4035861820e-01 1.7437063681e-01 6.0265100316e-02
4.7974862321e-01 5.1974318867e-02 2.0172925352e-01
8.5560445864e-01 4.6992213702e-01 4.6076297424e-01
8.0568033640e-01 4.6391883235e-01 5.5980119845e-01
4.4053734959e-01 8.6242954595e-02 3.4396211021e-01
3.3844485734e-01 1.5560316211e-02 1.8621132090e-01
1.0705287896e-01 -3.7369567358e-02 -1.0298182596e-01
-8.6385986638e-02 -8.1755586734e-02 -9.3116093054e-01
4.8244239249e-01 1.1037782876e-01 -1.6900325902e+00
1.1384352516e+00 -2.6137760554e-01 -2.3618868292e+00
3.1245029726e-01 -2.0187836334e-01 -6.7656894696e-01
-4.0641716085e-02 -2.2333496819e-02 -6.7347152251e-02
3.8025882456e-02 -1.7809410799e-02 7.3782272780e-02
6.3898326407e-02 -1.7950330742e-01 1.2287576855e-01
2.3984118734e-01 -2.4221422701e-01 1.5530025809e-01
2.7113421926e-01 -8.5580306829e-02 5.4195827390e-02
2.4249400132e-01 -1.3185587050e-01 1.8067723895e-01
3.0377926033e-01 4.1522767298e-02 1.7394734666e-01
1.7078850371e-01 -8.2312848439e-02 1.4973203772e-01
2.4038167027e-01 -4.8069161406e-03 1.5674547661e-01
1.8367192511e-01 -1.3954126731e-02 1.3808113669e-01
-7.5715418197e-02 -1.7258083190e-01 -1.0321875238e-01
1.4819250624e-01 -1.0086785931e-01 -9.5949477610e-01
6.3638195469e-01 -3.9499618689e-01 -8.8847190594e-01
3.5200556635e-01 -1.2032123768e+00 -5.7985155141e-01
-1.4379072969e-02 -3.5998023926e-01 -3.0241640000e-01
-5.9371280310e-02 -2.3537715742e-02 -7.4279366318e-02
-2.8977824424e-02 -8.3941922857e-02 1.7745043521e-01
-7.5425607070e-02 -2.5120678414e-01 4.1046709964e-01
-3.9880699128e-01 -3.1872391386e-01 -2.7185646518e-01
-4.4472138833e-01 -2.8046785110e-01 -1.6898607225e-01
-2.0610322614e-01 -1.8176118035e-01 3.7927148620e-02
-1.9154694354e-01 -1.3088590908e-01 6.6982913153e-02
-6.4682430221e-02 -1.3806971121e-01 9.3121365115e-02
1.5971974273e-02 -9.3184074969e-02 1.3878189655e-01
-4.1236238170e-02 -1.6302092784e-01 1.3996560840e-01
-1.1063744316e-01 -1.5493917732e-01 1.0667632564e-01
1.6789455712e-01 -1.1554389718e-01 -1.7597663418e-01
7.1861714883e-01 -7.5821338095e-01 2.5907072789e-01
3.2087343176e-01 -1.2216728696e+00 1.0533442020e+00
-1.4838658638e-01 -1.8828358719e-01 2.8481164039e-01
-6.4765051047e-02 8.2642087857e-03 -1.1572933028e-01
-3.0798573929e-02 -5.7976205520e-02 1.1078517039e-01
-2.7159726137e-01 -2.3201363670e-01 1.9897279370e-01
-6.9641681405e-01 -6.3170240534e-01 9.8169324478e-02
-2.9527629189e-01 -3.0539832384e-01 -3.4050009837e-02
-2.2222320920e-02 -2.6161138443e-02 -6.0128375802e-02
-1.0294473471e-01 -4.8599990501e-02 9.3380169295e-02
-8.2460711121e-02 -7.9547219095e-02 1.3270111290e-01
-9.2824616020e-02 -1.1180529930e-01 1.6265907674e-01
-9.4659360801e-02 -1.5639456358e-01 1.5146972642e-01
-1.3342215271e-01 -1.5610677803e-01 1.4947701125e-01
-1.6980919503e-01 -1.6679695386e-01 1.3617401399e-01
-1.6795324817e-02 -7.0528141892e-01 3.9632785775e-01
3.7956744712e-02 -7.9996612658e-01 5.6280452755e-01
-1.0210392569e-02 -3.1740946073e-03 8.0267541034e-03
-3.9322000117e-02 1.4402212758e-02 -1.1082367363e-01
-7.9471383648e-03 -4.3113100843e-02 5.1438761545e-02
-2.2136563426e-01 -1.7105010482e-01 1.4329286443e-01
-8.0235622250e-01 -6.6217773582e-01 5.9220871597e-01
-3.9077496703e-01 -4.9467937743e-01 1.9374405512e-01
-2.1789892646e-01 -2.6776809856e-01 1.9781472004e-02
-1.2926019010e-01 -7.2561218951e-02 4.5849448425e-02
-5.3681079930e-02 -8.1037934666e-02 1.0053867261e-01
-9.8720106751e-02 -1.2377379065e-01 1.3618330923e-01
-8.4689815640e-02 -1.8475321921e-01 1.3369860410e-01
-1.1489470258e-01 -1.6765218484e-01 1.0538944838e-01
-1.1673672567e-01 -2.0067835061e-01 8.4126711196e-02
3.5154475140e-02 -6.4958291527e-01 5.1293802494e-01
2.2668937706e-01 -7.8380921590e-01 9.1722850433e-01
1.4357522308e-01 -6.7462752043e-02 2.0691677575e-01
-3.1707970958e-02 2.1542581087e-03 -7.6359926045e-02
-2.2323409926e-02 -3.5240848017e-02 7.1645404348e-02
-3.0247783370e-02 -6.1417832570e-02 1.1895001266e-01
-2.2446042572e-01 -2.1003083024e-01 2.7808409399e-01
-4.0376509609e-01 -4.4885470719e-01 3.6386877501e-01
-5.1901554574e-01 -6.0452317142e-01 3.7416352198e-01
-2.5550826187e-01 -2.5985068493e-01 1.7205929160e-01
-3.9951039138e-02 -1.4345123159e-01 1.5819996342e-01
-3.4157822302e-02 -1.4382131662e-01 2.3851529723e-01
-4.8468415626e-02 -1.7229656788e-01 2.2926521715e-01
-7.4409856411e-02 -2.0245330966e-01 2.0553682140e-01
-7.3721108346e-02 -2.3808146428e-01 7.1259023359e-02
-5.0231779660e-02 -7.6815667639e-01 2.7824718817e-01
8.1167392566e-02 -9.4222549418e-01 3.0188693868e-01
1.7777203968e-01 -2.0837416824e-01 -1.6287593683e-01
-1.6810448092e-02 6.7139726204e-03 -6.4532944450e-02
-4.3112555090e-02 -3.2984262358e-02 5.8063785349e-02
-8.8141655850e-03 -5.2301027902e-02 7.6689290097e-02
-1.6563385226e-02 -8.9165052374e-02 1.2280661333e-01
-1.1719761838e-01 -1.7633532842e-01 1.8642150263e-01
-3.3199110810e-01 -3.3130548646e-01 2.5809061817e-01
-5.5539759607e-01 -3.8051765398e-01 5.7607733911e-01
-3.4313991454e-01 -5.2079311638e-01 6.1153232888e-01
-1.3929400237e-01 -3.4246591702e-01 4.0883188330e-01
-4.1143835831e-02 -2.9328952530e-01 3.2683892941e-01
-2.5497545255e-02 -2.4705209967e-01 2.9597503253e-01
1.9037422995e-01 -2.9907522974e-01 2.0693553872e-01
-1.0749291883e-02 -5.3448549881e-01 -1.3653917483e-01
-5.5335516582e-01 -6.9747471820e-01 -1.4453724590e+00
-6.2981497362e-02 -1.7325349919e-01 -7.6866046181e-01
-4.1710350308e-02 -2.8844190373e-02 -6.9181673293e-02
-3.7866072806e-02 -4.3547826517e-02 9.3151783893e-02
-1.0034770689e-02 -5.4562971922e-02 1.0757568879e-01
-2.0738601260e-02 -7.4238264451e-02 1.3292435176e-01
-2.9322696574e-02 -9.1266758542e-02 1.4961354531e-01
-1.0409937525e-01 -1.1007091808e-01 1.8606567004e-01
-3.4836924345e-01 -2.6499130343e-01 5.9544892999e-01
-6.5015321851e-01 -6.1773929993e-01 9.8063717546e-01
-8.5815503080e-01 -6.9468898169e-01 8.2436057826e-01
-4.4647405738e-01 -6.0343466862e-01 6.1084649975e-01
-1.2874573135e-01 -3.8659871457e-01 3.9393310486e-01
-2.1115984283e-01 -4.6330865181e-01 6.6994493772e-02
-5.9108407647e-01 -6.5469913938e-01 -3.6738962514e-01
-6.2102134716e-01 -5.0748131922e-01 -1.0060817802e+00
-1.4075678129e-01 -1.0549369262e-01 -4.0616321734e-01
-5.4058161562e-02 -1.7523940127e-02 -4.2369229085e-02
-2.9977095986e-02 -6.0853745593e-02 8.4686208420e-02
-8.1251809555e-03 -9.4102107111e-02 7.3688122973e-02
-1.6760727306e-02 -1.2494038054e-01 1.2307615399e-01
-3.6896134049e-02 -1.4993667513e-01 1.1935717659e-01
-2.5258104436e-02 -1.3813039024e-01 1.3710580532e-01
-1.1241614433e-01 -1.2478190815e-01 1.6609927447e-01
-4.1840102839e-01 -2.7873198275e-01 4.3461089954e-01
-1.0649686220e+00 -6.3717871702e-01 8.0528651217e-01
-1.3852287761e+00 -1.0173193085e+00 8.2370653371e-01
-1.4266776466e+00 -1.0438505144e+00 2.9551396293e-01
-1.2277556698e+00 -8.8407488830e-01 -2.5887735205e-01
-9.6106360563e-01 -6.5700965443e-01 -4.5294931689e-01
-3.9255025315e-01 -2.3418330324e-01 -3.2666347259e-01
-6.0736915589e-02 -4.4314946421e-02 -1.2622818969e-01
-5.0315793328e-02 -4.5851116645e-02 -2.8815899062e-02
4.5063967350e-02 3.6890670344e-03 6.8980086033e-02
5.7348345235e-02 3.4505651023e-03 9.7646032815e-02
4.8472240694e-02 -2.5818272740e-02 1.4275182670e-01
1.0366890454e-01 -8.9738779948e-02 1.3592691746e-01
1.5615649786e-01 -1.3101381760e-01 1.2993535102e-01
1.5214555106e-01 -1.3827653785e-01 1.1859018657e-01
1.9696100027e-01 -2.1766500871e-01 1.4038196376e-01
1.9461854532e-01 -2.9069250652e-01 1.4009796629e-01
3.2565375574e-01 -3.7339168165e-01 1.6859221347e-01
4.7837501681e-01 -4.7557116345e-01 1.3266439767e-01
6.1890542828e-01 -5.8924363220e-01 -7.7306856137e-02
2.7070043085e-01 -3.9953474210e-01 -1.2910900263e-01
1.0575954270e-02 -2.0155105361e-01 -6.2722569417e-02
1.3673509329e-02 -1.1615198213e-01 -6.8240022265e-02
-2.0821790064e-03 -9.3382122554e-02 -7.5976026909e-02
5.2612907284e-02 -2.3228576554e-03 6.9219935672e-02
5.3007690461e-02 1.7609993460e-03 1.0035651638e-01
4.9235708012e-02 -3.8085048352e-02 1.4345969351e-01
1.1018179106e-01 -1.1372445875e-01 1.6120759857e-01
1.7597639581e-01 -1.5883560197e-01 1.8522542585e-01
1.9008120913e-01 -1.9434138023e-01 1.8458398914e-01
2.4090837961e-01 -2.9742139324e-01 1.9548299000e-01
3.5971557100e-01 -5.0145964764e-01 2.2280562181e-01
5.2790998838e-01 -7.0226652413e-01 3.0104162313e-01
8.1821986785e-01 -1.0569768358e+00 1.8769310412e-01
1.2454283011e+00 -1.5383256488e+00 -4.7793157592e-01
7.5515636149e-01 -1.0309091387e+00 -6.5599180093e-01
1.4953503014e-01 -2.6508022597e-01 -1.6825414298e-01
6.1508615145e-02 -9.4824339289e-02 -7.4303058317e-02
2.9578244779e-02 -6.8586065435e-02 -5.8061998879e-02
3.7578027155e-02 -3.4083506644e-03 5.8780866793e-02
4.6432448981e-02 -2.0335605081e-02 1.1204340218e-01
6.2235598451e-02 -9.5510746932e-02 1.6159715071e-01
2.0108321298e-01 -2.1565735723e-01 2.1637230151e-01
3.0549678346e-01 -2.9458405325e-01 2.6146678926e-01
2.2800210084e-01 -2.2547457200e-01 1.9711282283e-01
2.1120524214e-01 -2.5884538671e-01 1.6335212632e-01
2.3057473041e-01 -3.8265195767e-01 2.0577108747e-01
3.4431068081e-01 -5.6768297022e-01 2.1636277243e-01
4.2425221806e-01 -8.6776876089e-01 1.1260718861e-01
7.7128105168e-01 -1.3766952126e+00 -4.8528223569e-01
8.6341455489e-01 -1.2403583169e+00 -8.1579097799e-01
5.6500472764e-01 -4.7280188472e-01 -4.4858588689e-01
1.6799393673e-01 -1.2797556864e-01 -1.6867192469e-01
5.8886068824e-03 -6.2572651883e-02 -7.4494101461e-02
5.0524313645e-02 -2.0526281366e-02 7.3307283206e-02
8.5833454041e-02 -6.4854967098e-02 1.5732745102e-01
1.3292272784e-01 -1.5903236014e-01 1.7858325182e-01
2.5778185172e-01 -2.8939841760e-01 2.4998350209e-01
2.3746043672e-01 -2.3324089932e-01 1.7213850842e-01
6.8531474879e-02 -8.1923627762e-02 7.5323836051e-02
5.3607619719e-02 2.2419841205e-02 8.9846162100e-02
1.2230288128e-01 2.9458142790e-02 2.2095670078e-01
2.5487809592e-01 -1.7308355782e-01 1.9939191521e-01
2.4810417849e-01 -5.1626259739e-01 1.3054906523e-01
2.5290926339e-01 -5.5893947687e-01 4.8269347538e-02
9.5715070671e-01 -8.1729432611e-01 -4.8719561682e-01
1.7060523176e+00 -8.1715369467e-01 -1.0641647378e+00
7.1258845172e-01 -3.4329786190e-01 -6.1354659878e-01
3.3730347503e-02 -8.6283177687e-02 -1.3274479534e-01
4.2134365086e-02 -4.4526389671e-02 1.1954415728e-01
7.6352585274e-02 -5.1757441666e-02 1.3490901835e-01
8.5261178335e-02 -1.0135159423e-01 1.2091145747e-01
9.8581747384e-02 -1.9308539901e-01 1.4746301150e-01
-2.1756738244e-02 7.1383567948e-02 5.2576735343e-03
-1.0301704689e-01 4.3407365089e-01 -3.5898889997e-02
1.4333212466e-01 6.0471649811e-01 1.9122831541e-01
3.7456183011e-01 7.4850845147e-01 5.1550379710e-01
3.5053944344e-01 4.3294253317e-01 3.9971613764e-01
2.6179461909e-01 -3.4565916493e-02 2.3359644877e-01
2.5579975256e-01 -3.1513737259e-01 1.2401989363e-01
6.7896916565e-01 -7.5095602959e-01 -3.2589015582e-01
1.1223636757e+00 -2.5362686789e-01 -8.8206720039e-01
5.1600398702e-01 -1.0227803235e-01 -7.8229446904e-01
1.3201050051e-03 -8.7975636963e-02 -1.8183159204e-01
4.3851303656e-02 -6.7046890278e-02 1.5088263933e-01
1.9979201845e-02 -3.1202394639e-02 6.5421612392e-02
-2.0260321167e-02 -1.0705369046e-01 6.7304466321e-02
9.7308083964e-03 -2.5922970020e-02 8.0573962930e-02
8.2252056673e-03 6.0982566716e-01 -8.1721433104e-02
1.6762583344e-01 9.0891742540e-01 1.6656136035e-01
6.2037224663e-01 1.0440833754e+00 6.3515948110e-01
6.2162255069e-01 9.3615822281e-01 7.4103966725e-01
2.8146335406e-01 1.8540145132e-01 3.6516718996e-01
1.1061100081e-01 -1.2332244968e-01 1.3559330372e-01
2.1347558453e-03 -6.5977600300e-01 -1.1006774578e-01
5.8151611284e-02 -1.0425532589e+00 -4.0398828830e-01
-7.5853685378e-03 2.3463786311e-01 -6.8795378256e-01
-7.0271992675e-02 3.7778046151e-01 -5.6377667426e-01
-5.3786038534e-02 -1.8017842125e-02 -1.4597210014e-01
6.5010176408e-02 -8.3900934084e-02 1.7387896164e-01
6.3842098997e-02 -1.0085170630e-01 1.3484840613e-01
1.0636416761e-01 -1.3705779021e-01 2.1543371750e-01
2.1597839127e-01 3.7205344503e-01 1.1470925472e-01
4.1020306855e-01 7.5184050819e-01 2.0515486462e-01
5.7706654807e-01 7.9129157108e-01 4.6254930130e-01
6.7389638582e-01 8.5247058057e-01 5.8761560822e-01
4.2198555788e-01 4.2072308743e-01 4.1971825108e-01
2.1307414885e-01 -7.9302446534e-02 1.5591093678e-01
1.5651025420e-01 -2.4692481235e-02 1.3957975005e-02
-7.4533522672e-02 -1.6158968033e-01 -6.5332341499e-01
-7.3242111013e-02 -6.4629585235e-01 -1.3335575960e+00
-4.1643571678e-02 -1.6114318464e-01 -1.6130752271e+00
-6.7990242307e-02 2.6059231524e-01 -5.0520114457e-01
-3.2814694742e-02 -8.3382067259e-03 -8.9026930357e-02
7.5832407625e-02 -8.3243321320e-02 1.5594909816e-01
1.6519309174e-01 -1.5996287598e-01 2.4463176542e-01
3.5935591509e-01 -1.5598009754e-01 4.0627414516e-01
4.0417085089e-01 -2.6780571033e-02 3.9753493843e-01
4.3758746898e-01 5.5542758290e-02 4.3728695034e-01
5.0758747331e-01 4.2198597026e-01 3.0992061443e-01
4.0018619765e-01 3.4293586140e-01 2.9303201554e-01
2.9696918750e-01 1.1892850194e-01 1.9229437758e-01
4.2967608951e-01 1.2631956130e-01 1.9554249441e-01
3.8953010008e-01 1.5724348038e-01 -5.0980224279e-02
2.4225653395e-01 1.1884601566e-01 -8.9755449783e-01
-2.9844717725e-01 -8.7183866147e-01 -9.4178432212e-01
-2.4595284063e-01 -1.2236048456e+00 -2.0043246734e+00
5.0805249790e-02 -1.0836782291e-01 -5.7349496478e-01
-3.4640111506e-02 -2.9334103614e-02 -5.7986018043e-02
3.0275837112e-02 -6.3170533236e-02 1.1984900708e-01
2.1327071202e-01 -2.2754986414e-01 2.8021280754e-01
5.0089806669e-01 -6.9581921542e-01 8.0376444824e-01
1.5422225334e-01 -4.4872333672e-01 3.8191079519e-01
4.1641303640e-02 -1.6060522669e-01 7.9033964867e-02
1.5980870451e-01 1.6507785064e-02 8.0788618261e-02
2.8357044764e-02 -4.5898129220e-02 1.3151367470e-01
9.0239819278e-02 -8.9597289259e-02 1.7130800362e-01
1.6898196943e-01 -4.8456220358e-02 1.6013307679e-01
8.4180946349e-02 -7.3105477328e-02 3.0124844334e-02
1.8101895196e-01 -9.1380855158e-02 -4.0740764657e-01
1.6673226357e-01 -6.5357175199e-01 -5.8742718163e-01
5.2946219904e-01 -1.0639732762e+00 -1.6688784402e+00
2.2598216722e-01 -2.2597410985e-01 -7.5254924835e-01
-2.9932585873e-02 -2.7144269361e-02 -8.3112922777e-02
-1.0019647288e-02 -6.3864997394e-02 1.0178843488e-01
-2.3448972768e-02 -3.4151249751e-01 2.8354706989e-01
-1.7314251558e-01 -9.2829865637e-01 5.9079476760e-01
-1.5227936760e-01 -2.6765116151e-01 6.7549081241e-02
-2.2714081623e-02 3.6989673048e-03 -2.8149312663e-01
-7.1654915549e-02 -1.9020507223e-02 -5.4692087375e-02
-7.6636285658e-02 -7.3157414751e-02 9.9143288714e-02
-8.4647412862e-02 -1.4079246057e-01 1.4650363503e-01
-7.1748805322e-02 -1.7637820568e-01 1.3435399748e-01
-1.1911303927e-01 -1.6365773024e-01 1.4928052379e-01
-3.3053823038e-02 -1.5507025499e-01 2.8992275124e-02
3.9950675301e-01 -4.3949082141e-01 -1.6745199448e-01
6.0221439655e-01 -6.4537463120e-01 -4.9368531718e-01
1.3033425615e-01 -1.1734929883e-01 -4.7771951346e-01
-4.9589735017e-02 -1.6702617525e-02 -1.4165129002e-01
1.4351994663e-03 -4.6669311289e-02 6.7229402729e-02
-8.6971893677e-02 -2.2352129644e-01 1.0702892164e-01
-4.4704133970e-01 -6.8363702299e-01 3.0896458565e-01
-2.7197879404e-01 -2.0989085315e-01 -6.3622949932e-02
-1.6874125733e-01 -8.2214536696e-02 -7.8537931626e-02
-6.8623956261e-02 3.0881005119e-03 -1.1506973995e-02
-4.3544164946e-02 6.7832583009e-03 2.1324288377e-02
-7.1899330534e-02 -9.1920729483e-02 1.2996036790e-01
-7.4494822768e-02 -1.3369259309e-01 1.4805842309e-01
-1.2187706082e-01 -1.1786741468e-01 1.2970560993e-01
-1.7371026119e-01 -1.2176299860e-01 1.2658917828e-01
-9.2967566654e-02 -4.3920931440e-01 3.0609186378e-01
1.0122173505e-01 -4.6748208430e-01 3.6789108584e-01
9.1082971265e-02 6.6305817542e-02 -2.0520754359e-01
-3.4049212596e-02 -4.4437798001e-03 -1.3376529304e-01
1.2182271631e-03 -4.7794540099e-02 5.6020401533e-02
-1.9788021067e-02 -1.0998880444e-01 9.4132964291e-02
-2.8006922401e-01 -4.3068803014e-01 2.6374123863e-01
-3.2782726788e-01 -4.7427550372e-01 9.7454243121e-02
-3.0654171245e-01 -3.6626570766e-01 2.6850758022e-01
-1.1515854165e-01 -1.0716654231e-01 8.1996057781e-02
-9.3101184944e-02 -1.1451246237e-01 -3.8653081400e-02
-6.4627352282e-02 -9.4175100625e-02 1.3443292090e-01
-4.1684140064e-02 -1.5562732321e-01 1.5072245267e-01
-1.0854738332e-01 -1.4284776292e-01 1.1214354084e-01
-9.4059560485e-02 -1.9148778571e-01 7.8898359770e-02
5.3346623156e-03 -5.1090832936e-01 4.8912484821e-02
1.2820337704e-01 -5.2932068958e-01 -3.6293620609e-01
1.7854011962e-01 4.4976691314e-02 -4.6067298147e-01
-2.0862423114e-02 -8.7120370807e-03 -1.0482123095e-01
-2.2129308624e-02 -4.6571435982e-02 6.4280681727e-02
1.8012862057e-02 -5.4273954454e-02 6.8735643457e-02
-4.5669922251e-02 -1.1240322951e-01 1.0547605705e-01
-1.9142026156e-01 -2.9201233066e-01 1.1448171033e-01
-3.3929625609e-01 -4.5477395688e-01 2.6720331289e-01
-2.2389712720e-01 -4.2922293418e-01 3.6612181533e-01
-1.7147379149e-01 -4.5305785959e-01 3.7105438548e-01
-4.4735918421e-02 -2.8882953744e-01 3.7665057289e-01
7.9737115975e-03 -2.4047730327e-01 3.3620713233e-01
-2.6952102582e-02 -1.8172344444e-01 2.7733073428e-01
5.6272345753e-02 -1.9989126602e-01 1.4604876181e-01
1.5024397383e-01 -4.8744759308e-01 -1.6128280876e-02
-9.9069000016e-02 -6.9086803840e-01 -1.3413485205e+00
4.8196962137e-02 -1.5864686274e-01 -9.4463552835e-01
-2.1906921141e-02 -1.0089580553e-02 -9.2837173581e-02
-3.1425532503e-02 -4.4264949987e-02 6.6285939105e-02
1.5021303211e-03 -5.5948199746e-02 6.0215912729e-02
-1.3989298477e-02 -7.7536997971e-02 1.0371176994e-01
-3.7598566827e-02 -1.1537312274e-01 1.2388844473e-01
-1.2225094260e-01 -2.2493879152e-01 2.2312559931e-01
-3.3881582147e-01 -4.0799715621e-01 5.0167552031e-01
-5.5401005936e-01 -7.8246914538e-01 7.1657336917e-01
-4.5715905350e-01 -7.7720382066e-01 7.1427495910e-01
-2.3915928749e-01 -6.5695731210e-01 5.7837033148e-01
-4.8710540725e-02 -3.2571845760e-01 4.0544225522e-01
-1.2265373322e-03 -4.3162483938e-01 9.7266309581e-02
-2.3216450195e-01 -7.5877996748e-01 -2.0071355321e-01
-4.6582437373e-01 -7.3793291957e-01 -1.3877611632e+00
-1.5749980322e-01 -2.0502242239e-01 -7.2388926762e-01
-4.1805710713e-02 -4.5530869592e-02 -5.9116919282e-02
-2.2605593908e-02 -5.1318306620e-02 8.5359256576e-02
8.1164526380e-04 -5.6350341372e-02 8.7410027834e-02
-2.9474321473e-02 -7.7478789465e-02 1.2229950049e-01
-2.7682464797e-02 -9.3823904154e-02 1.2777676606e-01
-4.0307870505e-02 -9.1042859310e-02 1.5477231338e-01
-2.1487811897e-01 -1.9088767028e-01 2.8646656433e-01
-5.3265899029e-01 -6.0326370248e-01 6.7927952845e-01
-8.1685321384e-01 -9.8384967107e-01 9.4823772444e-01
-8.8216148337e-01 -1.1584012660e+00 8.2526802732e-01
-7.5344924762e-01 -9.0692463454e-01 5.7984417008e-01
-6.3100004233e-01 -9.0593237220e-01 1.0224826164e-02
-8.5355069085e-01 -1.0804409758e+00 -3.8777456386e-01
-5.0055447895e-01 -5.9613757570e-01 -6.4443250338e-01
-1.0220431364e-01 -1.2961712498e-01 -2.4633851791e-01
-5.0060346128e-02 -3.3824293454e-02 -4.5126648023e-02
-1.0046256401e-02 -7.5326289107e-02 8.6563535537e-02
1.1312102835e-02 -8.7479333231e-02 6.1729514879e-02
-1.1768063828e-02 -1.1104227627e-01 1.1793214034e-01
-2.5027364510e-02 -1.3260936182e-01 1.1405398589e-01
-1.6000879596e-02 -1.3159385957e-01 1.2744941477e-01
-5.8585105669e-02 -1.2849138631e-01 9.8269720133e-02
-1.7487591093e-01 -2.4478375605e-01 2.3945913388e-01
-5.3551673424e-01 -5.4896665779e-01 4.3760535715e-01
-8.1670027366e-01 -9.0637109682e-01 5.1445358007e-01
-9.1598501474e-01 -9.9039919501e-01 3.1557462787e-01
-7.5499320567e-01 -8.1784955199e-01 -1.6730519954e-02
-5.8323514273e-01 -5.5171922972e-01 -2.1195636240e-01
-2.4369348080e-01 -2.2029214436e-01 -1.7524028815e-01
-4.5864565251e-02 -4.3365668492e-02 -1.1646368980e-01
-2.6961422056e-02 -5.5663021687e-02 -3.5797836350e-02
2.7245183855e-02 -6.9985539644e-03 8.1173816531e-02
2.6240797237e-02 -3.5504463609e-03 1.0370333997e-01
2.7671816829e-02 -2.5788242441e-02 1.4063789443e-01
5.0905675077e-02 -5.9742349217e-02 1.2646952845e-01
9.1113444399e-02 -9.4467795156e-02 1.2272553955e-01
6.3977311520e-02 -7.6587914874e-02 1.0398603738e-01
8.7337943735e-02 -1.1742296070e-01 1.0736348072e-01
4.6459497502e-02 -1.3734291446e-01 1.0559229704e-01
7.5898321701e-02 -1.7574986902e-01 1.2577801554e-01
2.0900023219e-02 -1.5949546451e-01 1.4160873694e-01
5.8687428021e-02 -2.0332071264e-01 1.4688840053e-01
1.9323771391e-02 -2.2399328477e-01 1.1999058382e-01
1.0909268390e-02 -1.7556252105e-01 5.7609384585e-02
1.9143652900e-02 -1.0932150798e-01 -5.4012767745e-03
-1.0393799304e-02 -6.1975351032e-02 -5.2269292041e-02
2.5076389147e-02 6.8269189058e-04 8.5164214038e-02
2.0859161884e-02 -1.0876344703e-02 1.0501272764e-01
1.2722870469e-02 -3.6018827267e-02 1.3052415778e-01
5.4182697304e-02 -7.6106384578e-02 1.3960959198e-01
7.9488837460e-02 -1.0826709439e-01 1.4588884162e-01
6.2451116941e-02 -8.5737468418e-02 1.2111026775e-01
7.0225182899e-02 -1.5006514587e-01 1.1677848636e-01
9.3644920791e-02 -2.2674155884e-01 1.1343213975e-01
1.4448965941e-01 -3.2638548715e-01 1.4855122739e-01
1.5143599667e-01 -4.3918635425e-01 1.4451604047e-01
2.0131595941e-01 -5.3278041411e-01 4.7658348897e-02
9.7763495629e-02 -3.8511189829e-01 1.4152515533e-02
8.5360610458e-02 -2.0294619618e-01 9.2579237152e-02
8.2734661631e-02 -9.7403457191e-02 3.6114169794e-02
3.4140937230e-02 -3.9138427266e-02 -3.0575685883e-02
1.1855732507e-02 2.5453204423e-04 6.4822481743e-02
6.6533112100e-03 -1.6454916249e-02 9.8850829112e-02
1.6700121014e-03 -6.5166588769e-02 1.2986417703e-01
6.7631856749e-02 -1.0813579865e-01 1.2241970748e-01
9.9952866798e-02 -1.4192389648e-01 1.2312944963e-01
7.2847911403e-02 -1.2008639730e-01 1.1844039672e-01
1.1235961674e-01 -1.8727345253e-01 1.0806223643e-01
1.7286325746e-01 -3.3465373097e-01 1.3400464044e-01
3.4469328415e-01 -5.2479372167e-01 1.6187642946e-01
4.1959621593e-01 -7.9887527716e-01 7.8363176184e-02
5.8679034436e-01 -9.9653308926e-01 -1.2689032811e-01
6.3327504922e-01 -4.9650247067e-01 -1.9188596765e-01
3.8326340797e-01 -1.5872133832e-01 -1.2851422880e-01
1.1571483926e-01 -7.5308992937e-02 -3.0506699341e-02
1.8019896525e-03 -3.3386101340e-02 -5.2017814678e-02
2.4743611670e-02 -5.8689633137e-03 6.5887183812e-02
4.3877943124e-02 -3.8898887427e-02 1.1561082638e-01
5.0274966884e-02 -9.8570628066e-02 1.2046616466e-01
1.1233774193e-01 -1.7302687914e-01 1.3755327099e-01
1.5629520021e-01 -2.1473008699e-01 1.3079528932e-01
1.8442383649e-01 -2.3685524426e-01 1.4327495498e-01
2.3313903052e-01 -1.0769691119e-01 1.7981328587e-01
4.2529427669e-01 1.9355020317e-02 3.0651643582e-01
6.8530261706e-01 -1.5159076226e-01 3.6841788512e-01
7.6667529737e-01 -6.4071419384e-01 3.1747368794e-01
1.0646100792e+00 -7.5606708198e-01 1.2682897937e-01
1.7032690954e+00 -4.2394179141e-01 -5.8065597562e-01
1.4796052593e+00 -1.2621975176e-01 -1.2237129062e+00
3.6838746703e-01 -1.1241869776e-01 -4.0652035565e-01
7.5959242818e-03 -4.2271158405e-02 -9.5512376061e-02
2.1812553467e-02 -3.0909493807e-02 8.0385607858e-02
6.7680068186e-02 -7.2179502873e-02 1.2836806782e-01
5.0233771382e-02 -1.3314820374e-01 1.3413515542e-01
1.2087278883e-01 -2.6113198938e-01 1.9246926598e-01
1.8597055695e-01 -2.2493069011e-01 1.7902166569e-01
3.1841467951e-01 7.9545144777e-02 2.3587838337e-01
7.4636117494e-01 2.8840703362e-01 5.4418950339e-01
1.0812569361e+00 2.5632934045e-01 6.8743074945e-01
1.0187816158e+00 -7.1354359388e-02 4.5780292555e-01
8.7784132257e-01 -4.4357947490e-01 3.2385355923e-01
8.0931652508e-01 -5.7377502164e-01 -6.2900763444e-02
7.7025293740e-01 -1.0608263017e+00 -7.7911503128e-01
1.3071938593e+00 -8.0435874774e-01 -1.5913346703e+00
6.8044959430e-01 -1.0020640337e-01 -1.1475160962e+00
1.4915835483e-02 -2.1365462273e-02 -2.0720550729e-01
2.0363428652e-02 -5.1322078839e-02 1.2528393880e-01
4.6030312671e-02 -9.2839299112e-02 1.4697354286e-01
6.6855860616e-02 -2.2091310820e-01 2.0923454179e-01
2.0180591965e-01 -2.5519065686e-01 2.8598871296e-01
4.2780133958e-01 2.7575757716e-01 3.6464295841e-01
9.0034930734e-01 5.1276383239e-01 7.7008775249e-01
1.0276052243e+00 3.1478949567e-01 8.0764238025e-01
5.7000134327e-01 -2.7559810835e-02 4.4723779796e-01
2.1187257818e-01 -2.7493365012e-01 2.1910255821e-01
6.8569751682e-02 -3.9876651686e-01 1.7265493426e-01
-5.3725440482e-02 -7.2506316331e-01 -5.4707146893e-01
-3.3682362118e-02 -1.6253432641e+00 -5.5417144518e-01
3.4644323275e-01 -6.3487254381e-01 -9.5150199578e-01
4.5376875690e-01 6.0935581573e-01 -1.7611093749e+00
6.7322374394e-03 8.6808013310e-02 -3.8259593847e-01
2.8566900083e-02 -7.0979441982e-02 1.3918261046e-01
6.9229156107e-02 -1.1414972314e-01 1.6504564685e-01
9.3415340220e-02 -2.1675256352e-01 2.4993556383e-01
4.0576234527e-01 4.3462384078e-02 4.2538855591e-01
9.0891933858e-01 2.4282676052e-01 9.0974550571e-01
8.3492907953e-01 3.3141190018e-01 8.2648272752e-01
3.0936282866e-01 2.0547035192e-01 2.9700777358e-01
5.7208409825e-02 -7.3375771372e-02 1.1304704500e-01
7.6861851544e-02 -1.8829020423e-01 1.5890874876e-01
-2.2623532801e-02 -1.2790421656e-01 1.0074911434e-01
-3.3641156059e-01 -3.5965740555e-01 -6.0121943019e-01
-5.5003362090e-01 -1.8648496945e+00 2.0793554349e-01
-4.2061366688e-01 -2.6737612508e-01 -6.2437360971e-01
-2.6325256693e-01 1.2445064358e+00 -1.3976081569e+00
-5.7218748874e-02 2.0992793281e-01 -3.6618966220e-01
2.7291998280e-02 -7.3851703507e-02 1.3273634316e-01
6.8545844087e-02 -1.2864065128e-01 1.8733299083e-01
7.9359615328e-02 -2.4466416315e-01 3.1967293767e-01
4.2713636571e-01 -4.1396346085e-01 8.1478965182e-01
6.2379701769e-01 -3.2326794934e-01 8.0204602605e-01
2.6902786011e-01 -3.8894857100e-02 2.0846757916e-01
7.7703283543e-02 -3.1062826577e-02 1.0547478161e-01
4.7705635642e-02 -6.4354379089e-02 1.4335713906e-01
1.2765249761e-01 -1.0918111792e-01 1.5826419950e-01
8.9530338864e-02 -3.0018421122e-02 9.5644962437e-02
-9.2764963145e-02 -4.9983043809e-02 -3.4102976649e-01
-6.3554867236e-01 -1.1446888370e+00 2.1413913124e-02
-4.3156224217e-01 -7.0085416328e-01 -4.6252529177e-01
-2.3231013930e-01 3.9905555473e-01 -3.7856266738e-01
-8.1511137692e-02 1.7250757700e-01 -1.9234286652e-01
6.1308219200e-03 -5.9822623614e-02 1.0626999034e-01
5.1114431272e-02 -1.7214622434e-01 2.0783148928e-01
1.5984071251e-01 -5.7114107126e-01 6.0392644627e-01
1.9846210213e-01 -4.9848880618e-01 5.4449343548e-01
1.2189233330e-01 -1.9771836323e-01 -2.8959130456e-02
1.7307678043e-01 -6.4299478067e-02 -2.3421257248e-01
1.1782155983e-01 8.3654685691e-03 -5.2732391261e-04
-4.3706547885e-02 -1.5749612355e-01 1.1964474162e-01
-3.0186421373e-02 -2.2164327841e-01 1.3103865582e-01
-4.1587371083e-02 -1.5545895848e-01 1.3874207500e-01
5.2489195661e-02 -2.6911957770e-02 -1.5342009954e-01
2.2722587080e-01 -4.6422611626e-01 -9.4682299900e-01
3.2947240767e-01 -9.5432045919e-01 -1.1438380759e+00
9.3297436381e-02 -1.6380075281e-01 -3.6022808966e-01
-4.5297522684e-02 1.2269191665e-01 -1.3719865667e-01
-4.5032091138e-03 -3.9504064533e-02 7.2434704858e-02
-7.0914979557e-03 -1.5647787672e-01 1.6256672438e-01
-3.5766967069e-02 -5.0541936392e-01 4.5513186196e-01
5.0513940029e-02 -1.9192816130e-01 2.2759774705e-02
6.9710089362e-02 5.4799019382e-02 -5.1278745796e-01
2.8629443983e-02 1.8504209345e-01 -3.1900088674e-01
2.1176453978e-02 1.6510541988e-01 -1.2823177865e-01
-7.0311480548e-02 -7.5040505581e-02 4.0199136299e-02
-6.2074499537e-02 -1.6216842913e-01 1.2304345208e-01
-1.2035240515e-01 -1.3458921847e-01 1.3254482662e-01
-6.9566808239e-02 -1.3703135603e-01 8.0916658738e-02
1.5351127239e-01 -4.4244782346e-01 -4.0921669123e-01
4.7731543875e-01 -7.2524716245e-01 -1.4927636084e+00
3.0871776160e-01 -1.8271246879e-01 -9.6779821322e-01
-5.3515489673e-02 3.9076589875e-02 -1.9352324278e-01
7.7891740466e-04 -3.4227357507e-02 7.2179576420e-02
4.0385726867e-03 -7.0354230118e-02 8.5154004710e-02
-6.5041380345e-02 -1.7959935965e-01 1.1770404051e-01
-8.7087314896e-02 -1.8259929596e-01 -1.0843526401e-01
-1.3593458997e-01 -2.1280393574e-01 -1.0967364119e-01
-7.9561489132e-02 6.7261685927e-02 -8.0966434472e-02
-1.3902355120e-01 9.1522617402e-02 -1.6582714325e-01
-6.8756919319e-02 -5.8412162752e-02 5.5421214985e-02
-3.6550343852e-02 -1.0464536106e-01 1.8159810147e-01
-8.6771362147e-02 -1.0607423373e-01 1.4931270842e-01
-1.2731787402e-01 -1.3287780344e-01 1.1068307881e-01
-1.7754879079e-01 -3.7901241432e-01 -7.7436258883e-02
-1.2819586104e-01 -7.1634713941e-01 -1.2691411879e+00
7.9729806369e-02 -2.0612726343e-01 -1.1317420458e+00
-6.3801562518e-02 -1.2247452150e-02 -1.8652521354e-01
-7.9662242695e-03 -3.9712472558e-02 5.8292859502e-02
1.5903730151e-02 -5.7821290994e-02 6.7332751847e-02
-1.6497790255e-02 -8.8773232309e-02 8.7400695824e-02
-6.9916557031e-02 -2.2428397072e-01 7.4397909979e-02
-7.0068996616e-02 -2.6229007090e-01 1.6448404121e-01
6.5877123277e-03 -1.0418323471e-01 -1.0017064352e-02
-1.8720387723e-01 -2.5604031226e-01 -1.0184056160e-01
-1.0305631829e-01 -2.5704462632e-01 2.3308352779e-01
1.8766388825e-02 -2.6373071042e-01 2.8974451147e-01
-7.8072013419e-02 -2.3866008646e-01 2.2145293828e-01
1.8399501651e-02 -1.1892392660e-01 1.7477546653e-01
1.0515717625e-02 -2.9420770674e-01 1.5532073028e-01
-2.6873036116e-01 -7.8128671622e-01 -1.2247422759e+00
-5.5934740718e-02 -2.9135917035e-01 -1.1134767639e+00
-6.1723600842e-02 -1.5687989263e-02 -1.4332115412e-01
-2.4401996341e-02 -3.3045828030e-02 6.3452587121e-02
6.1537479617e-03 -5.5548961910e-02 7.2076612210e-02
-1.4406548981e-02 -5.4419846177e-02 9.0303166328e-02
-2.9571178663e-02 -8.0006575586e-02 9.9505765210e-02
-7.3694201981e-02 -1.7931998755e-01 1.4425863342e-01
-1.6773585999e-01 -3.8824357533e-01 2.6171134598e-01
-3.3190297304e-01 -6.4185707175e-01 4.6695148315e-01
-2.4343203337e-01 -5.8102294289e-01 6.7268653971e-01
-1.5935478114e-01 -6.3122999723e-01 6.0942036029e-01
-1.5754588749e-01 -5.1680385073e-01 4.2824972263e-01
2.7154655458e-02 -3.7300874606e-01 2.6755452708e-01
-8.3740956511e-02 -5.9565200265e-01 1.1735741845e-01
-2.5070680369e-01 -8.0606873583e-01 -1.1418065144e+00
-9.9755853065e-02 -3.0836689149e-01 -8.2194810203e-01
-5.7140469712e-02 -1.3954428932e-02 -8.5159846249e-02
-2.8988698765e-02 -3.8747135121e-02 5.6552846162e-02
-2.1017658411e-03 -5.8783091424e-02 6.3623842833e-02
-2.1097491880e-02 -6.9941190429e-02 9.2709252546e-02
-4.2772465769e-03 -7.8940395045e-02 1.1316803246e-01
-2.8203625734e-02 -8.7063650228e-02 1.3478629631e-01
-1.3009372227e-01 -2.2843577727e-01 2.4093589322e-01
-3.2482096588e-01 -6.5223766856e-01 5.0550089166e-01
-4.7272342951e-01 -1.0149518273e+00 7.9537534517e-01
-4.3263550827e-01 -1.1172732406e+00 8.1726998322e-01
-2.9148166176e-01 -9.3317891493e-01 5.2912215245e-01
-3.3476686359e-01 -1.0610660674e+00 1.8754398771e-02
-7.9699769213e-01 -1.2096145932e+00 -1.8866768376e-01
-4.3395173506e-01 -7.4781691516e-01 -6.7355998926e-01
-1.4134302559e-01 -1.8927644535e-01 -3.0443548662e-01
-6.2252109916e-02 -2.3189461322e-02 -3.4682927323e-02
-3.1313369361e-02 -4.0584741496e-02 8.3662344152e-02
-6.9615008545e-03 -5.2031674133e-02 8.2810583356e-02
-4.0100431646e-02 -6.4591289329e-02 1.1378046045e-01
-3.0001308586e-02 -7.8365150699e-02 1.2343447583e-01
-3.5091926623e-02 -6.8610278014e-02 1.3304264288e-01
-8.3348207289e-02 -8.0247663749e-02 1.3461021922e-01
-2.0059282418e-01 -2.8259269282e-01 2.8210287290e-01
-4.3994709441e-01 -6.6076570651e-01 5.2270040009e-01
-5.7617140510e-01 -9.5353595374e-01 6.7660774594e-01
-6.5970994284e-01 -8.5126569102e-01 5.4416157997e-01
-6.3445172973e-01 -9.4625183296e-01 8.8721363134e-03
-7.7175512155e-01 -8.9943125970e-01 -1.7832162486e-01
-3.4658480571e-01 -4.0715226801e-01 -1.8859336249e-01
-7.3485918719e-02 -1.0513971648e-01 -1.0052547471e-01
-7.2457821084e-02 -1.7104397485e-02 -4.3637319375e-02
-6.2574945596e-03 -5.7419525727e-02 8.7819094367e-02
1.1514465389e-02 -8.1839108850e-02 7.5914568984e-02
6.1381436880e-04 -8.5974200711e-02 1.1303141879e-01
-1.6162475884e-03 -1.0016992100e-01 1.1958810026e-01
-1.5548606103e-03 -1.0489760371e-01 1.3455169875e-01
-3.4775145151e-02 -1.0071563589e-01 1.1224183480e-01
-1.9949420285e-02 -1.3451011780e-01 1.5302043280e-01
-1.2589083915e-01 -2.3603578720e-01 2.0085105264e-01
-2.2833268636e-01 -3.7084870017e-01 2.2058999671e-01
-3.4819679059e-01 -3.7900065213e-01 1.8267063235e-01
-2.5604855400e-01 -3.5719961478e-01 9.1222083069e-02
-2.3425702625e-01 -2.8587986303e-01 1.3954074772e-02
-1.3722688355e-01 -1.4676324361e-01 -3.8233777680e-02
-6.1592634527e-02 -2.2594174348e-02 -7.8232436647e-02
-4.9495329144e-02 -2.0548405161e-02 -3.9661197031e-02
1.0742009625e-02 -2.1480695479e-02 7.6049384131e-02
3.2412220588e-02 -2.6785580640e-02 7.2603310500e-02
2.1982567343e-02 -4.9606551894e-02 1.0901201526e-01
2.9699737071e-02 -7.0554048101e-02 9.6302786836e-02
5.7215999988e-02 -9.3858199708e-02 1.0482414900e-01
4.7699083322e-02 -8.4462766851e-02 7.2139027884e-02
6.8400724907e-02 -1.0804982796e-01 7.9658858517e-02
2.4639984621e-02 -1.0947143309e-01 8.1495964133e-02
3.6414601213e-02 -1.2757538895e-01 9.2801818752e-02
-2.4332375289e-03 -1.1016100044e-01 1.0372957856e-01
1.6571932716e-02 -1.4561393675e-01 1.2279020901e-01
-3.3409307599e-02 -1.8991409720e-01 1.3610407670e-01
-1.1702333060e-02 -1.5464987435e-01 1.2163288314e-01
1.1305253481e-02 -1.2574146216e-01 4.9457962974e-02
-1.7106848865e-02 -8.8854861771e-02 -1.2021928481e-02
2.4990040366e-02 -1.6886363195e-02 7.3001108636e-02
4.1963396809e-02 -3.2714499093e-02 7.0539451535e-02
3.3983663529e-02 -5.1924510754e-02 1.0788139800e-01
4.5357946354e-02 -7.6436499569e-02 8.7608730232e-02
5.1435794617e-02 -1.0389440175e-01 1.0040152062e-01
4.6991990393e-02 -9.9188307481e-02 7.2598336647e-02
5.5362601684e-02 -1.2195221405e-01 7.5671534037e-02
3.3144756709e-02 -1.3265835265e-01 6.0618133244e-02
4.0850561364e-02 -1.6119000746e-01 8.2502821570e-02
1.2692313755e-02 -1.3302726784e-01 7.6907801514e-02
1.7890334569e-03 -1.5284392804e-01 1.0032349277e-01
-8.7974199195e-03 -1.6855875843e-01 1.1953950132e-01
2.4196300110e-02 -1.8288773272e-01 1.5373252650e-01
5.6155028366e-02 -1.4418348641e-01 7.8114029275e-02
2.9052980494e-02 -8.5401731563e-02 5.9622327212e-03
7.9458857985e-03 -1.5482509329e-02 6.2076524993e-02
3.4701937227e-02 -3.4753881880e-02 6.7638319757e-02
2.3137911021e-02 -7.0985413990e-02 9.1186207125e-02
4.3008552482e-02 -1.0118819529e-01 8.2739292217e-02
6.7318504970e-02 -1.2749361766e-01 1.0595692695e-01
5.2513397698e-02 -9.9693220973e-02 6.4999027827e-02
6.1862451558e-02 -1.2026975149e-01 7.1913496418e-02
4.5654791571e-02 -1.3882512764e-01 6.5640682962e-02
8.6170085673e-02 -1.7716442251e-01 8.7671132384e-02
1.1517598210e-01 -1.8522785520e-01 1.0125122305e-01
3.9170237393e-01 -2.1854374283e-01 1.5785084005e-01
6.7439933887e-01 -1.6364940827e-01 4.9842900469e-03
3.1487497526e-01 -1.4633244776e-01 -8.1284148535e-02
7.7260821260e-02 -8.8042595961e-02 -1.9156723587e-02
-1.3628054090e-02 -5.8262422940e-02 -3.2894534177e-02
2.4653945096e-02 -2.2688287111e-02 5.9354949473e-02
6.0327819423e-02 -5.8589501935e-02 6.4505132891e-02
5.1666581542e-02 -9.6018670777e-02 8.5221369541e-02
7.2957798876e-02 -1.4440606035e-01 1.0202484467e-01
7.4143120280e-02 -1.4001186115e-01 8.6901988247e-02
7.5034263511e-02 -1.3961276712e-01 7.3794136041e-02
1.2706406505e-01 -1.2999016352e-01 1.1502868381e-01
3.1390404330e-01 -1.5095574579e-01 2.1051590006e-01
5.8250893273e-01 -2.6038793780e-01 3.0321085209e-01
5.7422060607e-01 -3.0988341904e-01 3.6734424509e-01
1.1894644737e+00 -3.4957052651e-01 4.5158236764e-01
1.7389297083e+00 -4.0214584552e-01 -7.8986859960e-01
8.8326727450e-01 -3.6956520483e-01 -1.5298550176e+00
1.9293286286e-01 -1.6376956148e-01 -3.2710563333e-01
-1.2193760850e-02 -5.8983683639e-02 -6.6895697175e-02
2.8248400415e-02 -3.6962290705e-02 7.7939641732e-02
6.8014989087e-02 -6.8186668518e-02 8.5581681067e-02
5.0635823507e-02 -1.0486850489e-01 1.0354349983e-01
7.1547924721e-02 -1.5288538795e-01 1.2136616725e-01
8.8035543006e-02 -1.3616102341e-01 1.1079219830e-01
2.2188039386e-01 -9.9349342684e-02 1.8233846741e-01
5.9727056214e-01 -1.8611735141e-01 4.1772189021e-01
8.5930100962e-01 -3.0010861513e-01 5.2094899859e-01
8.6780716190e-01 -4.0907481447e-01 4.0172095361e-01
4.5578163215e-01 -2.9042780895e-01 3.4841348617e-01
-3.2698288292e-01 -1.3658662757e-01 2.9350774790e-01
-1.2149878041e+00 -1.1285881592e+00 -6.3098306221e-01
-7.2092299344e-02 -1.7033272364e+00 -1.6436518999e+00
5.0808448571e-01 -6.3042894623e-01 -7.5770963981e-01
4.1453883659e-02 -8.6494008781e-02 -1.4935089569e-01
2.4478896538e-02 -5.1543292121e-02 9.2959174980e-02
5.8223478101e-02 -7.7131654903e-02 9.0912460525e-02
3.8067536093e-02 -1.2584223604e-01 1.1417882068e-01
6.4174284799e-02 -1.5803206215e-01 1.2396453982e-01
2.0408292973e-01 -1.0292809964e-01 2.5581341547e-01
5.8229829360e-01 -1.6838485815e-01 5.2910672294e-01
6.3820074286e-01 -2.4508686058e-01 4.9870561400e-01
3.1497242360e-01 -2.9703083647e-01 2.6186097240e-01
1.3361254163e-01 -1.9954139600e-01 1.9016772505e-01
-2.8468854433e-02 -1.9066254709e-01 2.5442132611e-01
-5.6972424975e-01 -1.3360485334e-01 1.3541801013e-01
-6.6627332518e-01 -1.4558248208e+00 6.9029367589e-01
9.9470171646e-01 -2.2349728575e+00 -2.5834099624e-02
1.2783443416e+00 -9.0425925135e-01 -1.4002372097e+00
1.7586520840e-01 -6.8122449719e-02 -4.8599050740e-01
3.5311299336e-02 -6.4713281485e-02 9.2987718865e-02
6.8877057584e-02 -8.5067519251e-02 8.2870129804e-02
4.7154883618e-02 -1.1871896008e-01 1.1216298917e-01
1.2923029612e-01 -1.5989235592e-01 2.2631794216e-01
3.9918459434e-01 -2.7134341648e-01 5.5483217048e-01
3.7690080914e-01 -1.8187252803e-01 3.9989743835e-01
-5.0438278241e-02 -2.8298602857e-02 -2.5627433026e-02
-9.7429427393e-02 -5.7706102151e-02 2.4962748135e-02
-4.9439950684e-02 6.9916489968e-02 5.6780827782e-02
-5.4736980778e-02 -8.5978550939e-02 1.5235464023e-01
-1.2080648416e-01 -1.5942232348e-01 1.6178964878e-01
-6.0666521672e-02 -9.8108952740e-01 9.2147695889e-01
5.3085702900e-01 -1.0035486572e+00 3.8167369300e-01
7.8282472170e-01 -3.7105582477e-02 -1.5999204915e+00
2.2857219608e-01 2.7058320864e-01 -1.0550127262e+00
3.4650764540e-02 -7.0202152515e-02 1.0211802919e-01
7.3400330446e-02 -9.5729298738e-02 9.8446343947e-02
5.1369993707e-02 -1.5378587671e-01 1.5184613087e-01
1.4865024995e-01 -3.2162251772e-01 3.7656466894e-01
2.2004212384e-01 -3.7449752173e-01 3.6976295378e-01
-1.1206653773e-01 -6.1919526068e-02 -1.0210527196e-01
-2.3141740921e-01 5.0827898046e-02 -3.9578707005e-02
-2.0633363954e-01 4.2228678018e-02 6.2574903368e-02
-8.2806368447e-02 4.1387035331e-02 2.7197511908e-02
-1.6477461834e-02 -6.1090691780e-02 9.5402124919e-02
-1.8828151050e-02 3.8400352396e-02 1.0169922203e-02
-1.8747653685e-01 -1.8049221896e-01 2.8835966907e-01
-2.1985698013e-01 -1.0309971526e+00 1.3025834302e+00
1.4113438655e-02 4.2591181534e-01 -6.0178266234e-01
7.0405461418e-02 7.4603300730e-01 -1.2371179989e+00
1.8215853480e-02 -5.7612971638e-02 1.0346697355e-01
4.9461432400e-02 -8.5570607971e-02 9.5053314181e-02
3.8811263528e-02 -1.7333668185e-01 1.7689692697e-01
3.4372820898e-02 -2.9723952386e-01 2.3152046083e-01
-1.8408258300e-02 -1.7800098216e-01 -9.1443306130e-02
1.1816665914e-01 1.5440130178e-01 -2.7366521290e-01
2.4432069242e-02 1.5843616732e-01 -1.3415331802e-03
-1.8780873082e-01 9.8253896477e-02 4.5535703859e-02
-4.9050352498e-02 1.2062487282e-01 4.3921224552e-02
-1.7710941866e-02 -7.0017366371e-02 1.2285848356e-01
1.9477992014e-02 -1.8105796523e-02 5.5586806249e-02
-9.5272467068e-02 -2.1795945213e-01 9.4170601124e-02
-5.0072663362e-01 -6.0038705557e-01 7.0215144421e-01
-3.4107303419e-01 7.3047990692e-01 -4.9577478482e-01
-1.3436453586e-01 8.7238484217e-01 -1.0863545239e+00
-5.9294894953e-03 -3.5641368017e-02 8.8075613509e-02
1.6246010520e-02 -4.3448168941e-02 8.7734946573e-02
-1.2919274876e-02 -8.6549599638e-02 1.2824373031e-01
-1.6790355047e-02 -1.0725277554e-01 6.7044271969e-02
3.2717365904e-02 -6.0259204388e-02 -1.3015095180e-01
2.0690879318e-01 4.2932564195e-02 -1.5495417800e-01
2.0153867929e-01 1.3758548612e-01 -2.5533091069e-01
-2.3153367252e-02 1.0003637520e-01 -2.1566221179e-02
3.4790069541e-02 7.2444884186e-02 -3.5690338292e-02
-5.4676190212e-02 -6.5085033675e-02 1.1996713403e-01
-1.0589825039e-02 -9.4715543906e-02 1.5966261192e-01
-1.0110244350e-01 -2.9209071489e-01 2.8474815680e-01
-5.3148286767e-01 -3.0328457953e-02 -1.2056934305e-01
-6.7713604879e-01 6.4611997437e-01 -7.8321874668e-01
-2.8145317810e-01 4.0777749882e-01 -5.6394577088e-01
2.7826046285e-03 -3.0150383348e-02 7.5205591064e-02
2.4320805477e-02 -3.7861345711e-02 6.7782760521e-02
2.7201442131e-03 -3.8105956270e-02 9.0849365034e-02
-4.1680823843e-03 -7.9107204538e-02 9.2047674217e-02
-7.4851370619e-03 -1.4337202747e-01 7.6976006777e-02
-2.0727428981e-02 -9.0693257195e-02 -5.8944618695e-02
-7.2830357606e-02 8.0179675518e-02 -2.5463843922e-01
-3.6151517407e-02 2.3854963330e-02 9.0381947964e-02
1.0713525757e-03 -2.4038604743e-02 1.8969521206e-01
-7.2802058387e-02 -1.9195808487e-01 2.9787647688e-01
-7.1285149535e-02 -1.8680430724e-01 2.0724963847e-01
-3.0527539732e-01 -3.4527587028e-01 2.1104588383e-01
-9.6533504534e-01 -5.2420421134e-01 -1.6000715640e-01
-7.3275831202e-01 3.5368793112e-02 -5.5766879938e-01
-1.1776054873e-01 2.9227514691e-02 -1.3995723268e-01
-6.4514470338e-03 -3.3668958120e-02 6.7233887113e-02
2.4430031706e-02 -4.9826805378e-02 6.0845185783e-02
7.4522692049e-03 -4.6803315691e-02 9.1201303421e-02
5.8807969547e-03 -5.6327878983e-02 1.0063725531e-01
2.0567767195e-02 -6.7006831572e-02 1.0224708609e-01
2.2071035242e-02 -9.1024371472e-02 -2.0966512077e-03
-6.0761154230e-02 -1.9432019861e-01 5.1543766604e-03
3.5491927350e-02 -2.8770311940e-01 2.6836109120e-01
7.7155591788e-02 -3.6909217355e-01 4.7090742678e-01
-1.5498750589e-01 -5.6898533878e-01 4.3408745065e-01
-1.8232346837e-01 -5.0759798771e-01 2.3308634686e-01
-3.9629108378e-01 -5.4324257967e-01 3.1985422356e-02
-6.9000558053e-01 -7.6270516373e-01 -6.1232695301e-01
-2.9683622345e-01 -2.5136433875e-01 -4.6817262923e-01
-3.5079533068e-02 -4.8194072370e-02 -3.9817943481e-02
-1.7839937090e-02 -2.6912825901e-02 6.7974409277e-02
2.0975756985e-02 -5.1249211239e-02 6.4258175912e-02
2.0077750998e-03 -4.8880686490e-02 8.3995290850e-02
4.7680109821e-03 -4.9094897695e-02 9.4787175648e-02
1.8358727898e-03 -4.8350656187e-02 1.1773999594e-01
-4.3589646862e-02 -1.0303110970e-01 1.1070575762e-01
-1.2869447375e-01 -2.6956096264e-01 2.3943841619e-01
-1.0041020048e-01 -4.6338159004e-01 5.6683368322e-01
-1.2029938510e-01 -7.1681498972e-01 6.9491728074e-01
-3.9245771412e-01 -9.2648574336e-01 5.8862029570e-01
-5.1441424223e-01 -9.6148914765e-01 2.7669075106e-01
-7.2855102350e-01 -1.1459106411e+00 -1.0928742056e-01
-4.3372410763e-01 -8.1386011864e-01 -5.7153884432e-01
-8.9330756683e-02 -2.2359852053e-01 -2.5469527401e-01
-4.1788711445e-02 -3.5815093674e-02 -2.3592232827e-02
-1.8534802784e-02 -2.7976054617e-02 6.7252573629e-02
9.8965485276e-03 -4.6527923252e-02 6.2340088357e-02
8.6345239266e-03 -5.7189606052e-02 8.8161425841e-02
-1.2650596843e-03 -6.0913585351e-02 9.9328351023e-02
-1.2290704153e-02 -5.9663994390e-02 1.1870947833e-01
-2.6345754631e-02 -5.9579539348e-02 1.3271157826e-01
-5.3088394164e-02 -1.6873045003e-01 1.9636580628e-01
-1.7941841017e-01 -3.8692080036e-01 3.7665626348e-01
-2.4884804400e-01 -6.9630415201e-01 5.4035226395e-01
-3.6864339959e-01 -9.7958182207e-01 5.0593808756e-01
-4.6427681822e-01 -1.0739838969e+00 1.8828416716e-01
-6.2566573527e-01 -9.8641334774e-01 -6.5107795613e-02
-2.6487186333e-01 -4.2758410429e-01 -1.5472140607e-01
-4.0070967155e-02 -1.1192848970e-01 -3.2437686748e-02
-3.5670100053e-02 -4.6295895014e-02 -8.8524747326e-03
-1.2360138917e-02 -2.8393519298e-02 7.3505434756e-02
1.2756093503e-02 -3.6550925923e-02 6.4925022683e-02
-2.7786567175e-03 -4.1383869813e-02 8.3319539089e-02
-1.9853885200e-02 -4.7194789134e-02 8.7515896578e-02
-7.6599176529e-03 -4.9553626073e-02 1.0357922438e-01
-1.7046548476e-02 -4.6627984164e-02 9.5018491648e-02
-1.3088262009e-02 -6.9317681763e-02 1.2809560041e-01
-8.8610970207e-02 -1.4084794864e-01 1.6434649113e-01
-1.3982996410e-01 -2.7466040307e-01 2.2440595525e-01
-1.9054942566e-01 -3.5966451320e-01 1.9930348761e-01
-1.8826443862e-01 -4.2745358745e-01 8.5905358184e-02
-2.2919205675e-01 -3.3877670205e-01 4.3386286548e-02
-1.1787729378e-01 -1.7406089751e-01 2.0125636188e-02
-2.6148102934e-02 -8.9921807475e-02 -1.4076742728e-02
-5.3806366766e-02 -4.6134877691e-02 -2.6830337415e-02
3.2265700047e-03 -4.2647149926e-02 7.6595278518e-02
3.0509943404e-02 -6.2315860652e-02 5.5369084002e-02
1.9229582414e-02 -6.8299347142e-02 9.4078533593e-02
2.3063557651e-03 -7.4503534071e-02 9.5961588356e-02
1.9325459258e-02 -8.6036135937e-02 1.1497763423e-01
5.3260007673e-03 -9.4792450584e-02 9.5250160922e-02
1.7906649070e-02 -1.0196556269e-01 1.2167667787e-01
-1.5245366048e-02 -1.0430551346e-01 1.2613483893e-01
-1.1535642986e-02 -1.2431348239e-01 1.3399079751e-01
-3.2122065884e-02 -1.3381864394e-01 1.1337487460e-01
-7.0610107017e-03 -1.4269167055e-01 1.0452141604e-01
-4.5763874926e-02 -1.5136470438e-01 9.8604106444e-02
-5.1448343446e-02 -1.0532790210e-01 6.0744477885e-02
-1.8836256084e-02 -3.3544376798e-02 -2.2411234289e-02
-2.5918421636e-02 -5.2867191116e-02 -1.1185159519e-02
2.2496697311e-02 -2.0970659265e-02 4.9807479526e-02
4.8507571828e-02 -3.4009939271e-02 5.5720867344e-02
3.4564911379e-02 -5.5550003615e-02 7.2302264099e-02
3.9274638604e-02 -6.4512649681e-02 7.9819610296e-02
3.8484100842e-02 -7.2402090452e-02 7.2745447723e-02
4.4691245363e-02 -7.0192598193e-02 5.1988119566e-02
5.4076507922e-02 -8.6710799310e-02 5.0015109668e-02
1.9066281594e-02 -8.7749673399e-02 5.3580384768e-02
1.6088979442e-02 -9.7785735802e-02 5.9587970441e-02
2.6916107779e-03 -9.2038180274e-02 6.6158701078e-02
1.3186978290e-02 -1.1351983298e-01 8.9837245875e-02
-3.5756868668e-02 -1.0741175600e-01 9.5476368433e-02
-3.7046895911e-02 -9.3856174517e-02 1.1046150129e-01
-1.9984344963e-03 -6.9640078828e-02 5.3217405780e-02
-1.2024560454e-02 -5.7927851705e-02 3.1081436608e-03
2.8384162655e-02 -2.1512875769e-02 4.8756127257e-02
4.3574975980e-02 -4.3663437129e-02 5.5284154402e-02
4.0816112847e-02 -5.6424365152e-02 7.1135511571e-02
5.1720610940e-02 -7.7195906758e-02 7.3735518823e-02
4.0523584400e-02 -8.5711887099e-02 7.4556963100e-02
3.6495594931e-02 -8.1867509251e-02 5.0647399165e-02
3.3888131509e-02 -9.5231075997e-02 4.8958074109e-02
2.6862883463e-02 -1.0113287019e-01 4.4264524614e-02
1.3940516340e-02 -1.0810989990e-01 5.2633196221e-02
4.4007324456e-03 -9.5649941159e-02 5.1557029920e-02
-3.8843556853e-03 -1.0763990242e-01 7.3834963872e-02
-9.3195727257e-03 -1.1089705239e-01 9.1923757536e-02
-4.5970076570e-04 -1.0715778922e-01 1.1472023564e-01
1.4810048496e-02 -7.9414683239e-02 6.4244494919e-02
2.4561300832e-02 -5.1238569156e-02 1.1411828093e-02
1.7751677172e-02 -2.2654045693e-02 3.4649872728e-02
4.6712617974e-02 -5.5997817148e-02 4.3703995521e-02
3.7542865230e-02 -7.0966278689e-02 6.3703618038e-02
4.9725626519e-02 -9.1513733471e-02 6.5536992753e-02
5.1551723290e-02 -9.3756500593e-02 6.9231653203e-02
3.7615557431e-02 -7.3517315068e-02 4.0895846631e-02
3.5859756276e-02 -8.1917043096e-02 3.4797563516e-02
2.6326861801e-02 -9.4241520892e-02 2.9859887077e-02
3.1054543474e-02 -1.0638608237e-01 3.2361914611e-02
4.6086670195e-02 -9.4873913451e-02 4.7065373891e-02
2.2771747619e-01 -1.5871308793e-01 1.3660091968e-01
4.2900453191e-01 -1.8274128946e-01 8.7046879198e-03
1.7138335513e-01 -1.2886391869e-01 -3.7704190235e-02
3.7102021753e-02 -6.2371542914e-02 6.2629925221e-03
-1.6344334238e-03 -2.8383514223e-02 -3.0416208053e-02
3.4108889782e-02 -2.8627672605e-02 3.7097817835e-02
6.6491066138e-02 -7.2433894968e-02 4.7726850527e-02
4.9378412348e-02 -8.5221233645e-02 6.0359666948e-02
5.4871558919e-02 -1.0384063556e-01 6.0286034463e-02
4.3105273129e-02 -7.9827128581e-02 4.9188011957e-02
4.7250614686e-02 -8.4206832713e-02 3.6387845826e-02
4.7063023863e-02 -1.1150939094e-01 3.9920612249e-02
7.1031281695e-02 -1.5513489232e-01 5.8472068318e-02
1.3724083380e-01 -2.1291502083e-01 1.0371551199e-01
2.8674154840e-01 -2.5149669094e-01 2.3345764568e-01
1.1862158718e+00 -5.4925890312e-01 5.1552397736e-01
1.7114076604e+00 -6.9443076026e-01 -5.6990904980e-01
6.1815817772e-01 -2.9324745570e-01 -1.1102697079e+00
8.0084718299e-02 -8.2269069605e-02 -1.8465450778e-01
-1.1195014969e-03 -4.4549050422e-02 -5.5307632528e-02
2.3412808057e-02 -3.3052300635e-02 4.5784336213e-02
6.3311657045e-02 -6.9388212088e-02 4.9784866951e-02
4.6816022644e-02 -8.8176183282e-02 7.1738740165e-02
4.7580678969e-02 -1.0049870454e-01 6.3420193712e-02
2.8374681952e-02 -8.4734053301e-02 5.2217344199e-02
5.0477461563e-02 -1.0269991718e-01 3.8625697452e-02
8.4759585279e-02 -1.7683073396e-01 6.2537480412e-02
1.0400019815e-01 -2.6749478827e-01 8.9070705023e-02
2.2661288708e-01 -4.7151475157e-01 2.3619985171e-01
2.8312372955e-01 -3.5527224151e-01 3.9401875764e-01
8.1505540321e-02 -5.6428477773e-02 2.4652640931e-01
-5.9268756110e-01 3.8909959352e-02 -1.1732036511e+00
-4.2192562133e-01 -9.2271419746e-03 -1.8682753555e+00
8.4921518208e-02 -1.6069953217e-01 -3.7581004997e-01
7.6921241956e-03 -6.3724590586e-02 -7.3968603327e-02
3.2407404018e-02 -5.0325380539e-02 6.7823942175e-02
6.4836919487e-02 -7.5609161601e-02 6.2623835426e-02
4.0790416832e-02 -8.1760802643e-02 6.9628682795e-02
3.0563755142e-02 -1.1405153665e-01 6.5506204032e-02
1.7736379772e-02 -1.2903783103e-01 8.1666200749e-02
4.5285396588e-02 -1.7002740430e-01 6.3201359260e-02
-1.7829084817e-02 -2.1059797991e-01 4.8179127478e-02
-9.1006802586e-02 -2.3754781113e-01 5.5066502356e-02
6.7547346731e-02 -2.7810360089e-01 1.1350386582e-01
7.7643408680e-02 -2.2248154222e-01 3.1451249632e-01
-6.8267872185e-01 6.2238031838e-01 -1.1666746886e-01
-1.1873792420e+00 7.2399437523e-01 -4.3742856614e-01
-2.7012703648e-02 -3.4690372741e-01 -3.2733212466e-01
6.7396459434e-01 -7.8054578943e-01 -3.3550812611e-01
1.3447843011e-01 -1.4257709159e-01 -2.2585861778e-01
3.9217948892e-02 -6.2230048918e-02 6.8938943714e-02
6.9577782606e-02 -8.9841388465e-02 6.7901060028e-02
3.7458643728e-02 -1.0181658466e-01 8.4786291240e-02
3.9757160088e-02 -1.3380087249e-01 9.7092447264e-02
7.6296592927e-03 -1.6902365274e-01 1.0875532688e-01
-3.0035653268e-02 -1.4283328683e-01 1.5231640071e-03
-1.5735355246e-01 -8.3124270130e-02 -5.4540281540e-02
-1.4586879550e-01 -3.5762475807e-03 4.3067020213e-02
-1.4455364246e-01 2.9662011499e-01 -2.1971842000e-01
-3.5655979912e-02 6.6874726430e-02 -3.8493731674e-02
-1.7758554147e-01 3.8875971793e-01 -6.2828329890e-02
-1.5265455484e-01 1.0226365360e-01 2.2557529935e-01
6.7701474239e-01 -1.4608177326e+00 9.7312943301e-01
1.2476603751e+00 -1.4431149910e+00 -5.1966529109e-01
4.8576650401e-01 -1.2856525448e-01 -8.9004978431e-01
4.1020812167e-02 -6.8382060986e-02 7.6109277274e-02
6.9028634150e-02 -9.4769435137e-02 8.1770056243e-02
3.4802169907e-02 -1.0748415326e-01 9.3597256538e-02
2.5193236569e-02 -1.4815835455e-01 1.1593055503e-01
-2.8417266559e-02 -1.3904843477e-01 8.2923274384e-02
-8.0355213669e-02 7.5466534543e-03 -2.1254603757e-02
-9.8455724979e-02 7.1946705441e-03 5.8530993042e-02
-6.9382637308e-02 1.0717294940e-01 -1.1489432785e-01
-1.5251576124e-01 4.2485679621e-01 -2.2093915853e-01
-9.8292484425e-02 2.7931839763e-01 -3.5161047967e-02
-6.3850858404e-02 1.6549917678e-01 1.0082883786e-01
-3.3104665175e-02 -3.0056559863e-01 4.7727063180e-01
1.4624720879e-01 -1.5037343208e+00 1.5255554021e+00
7.0707434930e-01 -8.5551198502e-01 -1.9664216009e-01
5.6648392294e-01 3.0630258130e-01 -1.9032263029e+00
2.3631632482e-02 -5.3417385447e-02 7.1272177392e-02
5.0359871194e-02 -8.2473082820e-02 7.7686893257e-02
3.1161875720e-02 -8.6929773493e-02 8.0924087694e-02
1.2170846186e-02 -1.0697061838e-01 9.4089222669e-02
-1.2547204018e-02 -8.0594527010e-02 6.5480406432e-02
3.1657897029e-02 1.8337411902e-04 6.6284294154e-02
-1.2603180497e-01 -3.6112011352e-02 1.5068015472e-01
-1.7044697464e-01 2.4599676953e-01 -5.9789965653e-02
2.2417902247e-03 4.7420471086e-01 -1.3502944328e-01
3.8748655114e-02 2.4937904122e-01 9.2700493211e-02
1.3272730331e-02 8.8048775615e-02 6.1582035942e-02
-8.7758657718e-02 -1.6428242574e-01 2.1746759000e-01
-8.7356746788e-02 -2.9049770729e-01 8.7391143534e-01
-1.3117002408e-01 2.2142558544e-01 -2.4891710866e-01
-3.8307298068e-01 7.0705393144e-01 -2.3856699931e+00
-3.2957853217e-03 -3.2304861018e-02 5.9630922472e-02
1.7731422485e-02 -4.6084976073e-02 7.2372571035e-02
9.0290671470e-03 -5.0208056719e-02 7.6455836443e-02
9.7203819108e-03 -5.9268074299e-02 8.6767151140e-02
1.2905778811e-02 -7.1727170746e-02 8.7888219671e-02
8.0230160412e-02 -9.9356447585e-02 5.4452492230e-02
4.6817275956e-02 -5.3100352458e-02 2.7261233216e-02
-4.0787046181e-02 2.1546522743e-01 5.6931932115e-02
6.4300174746e-02 2.2167587724e-01 -2.1967963298e-01
3.8726897804e-02 -3.8071013218e-02 1.4246897202e-01
3.2881007468e-02 -2.4722455404e-01 1.7349672074e-01
-8.9549164172e-02 -3.8824660738e-01 1.1470381646e-01
-6.2266460591e-01 4.4706949146e-03 -1.6203569561e-01
-1.3767574997e+00 2.7833983111e-01 -1.0435560854e+00
-9.8418972597e-01 3.4207821838e-01 -1.4319051409e+00
7.0300059868e-03 -2.9181548440e-02 5.5618521518e-02
2.6761969723e-02 -4.8697108603e-02 5.5476107016e-02
1.5029706747e-02 -5.0716899139e-02 6.5233372191e-02
2.5124298100e-02 -5.3984588811e-02 7.9130398867e-02
5.8889466121e-03 -6.3171259239e-02 8.8556848635e-02
2.5396120262e-03 -8.3163427747e-02 4.3346667820e-02
1.5356347524e-03 -3.3394021227e-02 3.8953501708e-02
-1.4567248441e-02 1.3692194028e-02 1.5948406671e-01
1.0830078802e-02 -1.7420233828e-02 9.2127429675e-02
2.5807111655e-02 -1.9889894651e-01 4.4886396605e-01
-2.5643380025e-01 -5.5360491148e-01 4.1377936556e-01
-6.1169606105e-01 -8.5243677739e-01 1.0387131331e-01
-1.3111457367e+00 -6.1513848999e-01 -5.2176744838e-01
-1.4090799508e+00 -1.6934279047e-01 -7.8463615722e-01
-3.8164831162e-01 1.1823865368e-02 -2.8067989502e-01
1.1613275011e-03 -3.2186523102e-02 4.8673127114e-02
2.4167238257e-02 -5.2033151055e-02 4.7875588200e-02
1.4336009180e-02 -5.9909264569e-02 6.4276582968e-02
1.8912099144e-02 -6.2695225168e-02 7.3740179424e-02
1.3087041486e-02 -6.3530497122e-02 7.6203579401e-02
3.6474055912e-03 -5.7744066277e-02 5.6476974519e-02
1.4778037165e-02 -7.5392031434e-02 5.8488314110e-02
8.6113517179e-03 -1.3589841564e-01 1.1895884264e-01
-4.7519605386e-03 -2.6019288367e-01 3.5745726429e-01
-1.1289105064e-01 -5.8137399213e-01 5.8509855786e-01
-5.1081545864e-01 -9.4327572790e-01 3.3905150292e-01
-8.6268641105e-01 -9.9924653920e-01 -6.2645086441e-02
-6.4462313002e-01 -5.7991131335e-01 -3.1502741285e-01
-3.3132236226e-01 -1.3526706752e-01 -1.9075360897e-01
-5.8465178373e-02 -2.2950924354e-02 -1.8003826568e-02
-6.0178916217e-03 -2.2979213299e-02 4.9352583509e-02
2.3967484006e-02 -5.2058331967e-02 5.6907506491e-02
1.4724933579e-02 -5.6001849642e-02 6.4174074285e-02
1.5472645245e-02 -5.7748364886e-02 6.8733497080e-02
5.6816808942e-03 -5.4492948491e-02 7.8486591244e-02
-4.7445156016e-03 -4.4668378805e-02 7.5980481200e-02
-1.5961456421e-03 -7.3521990519e-02 1.0386200221e-01
-2.4339095469e-02 -1.2464256297e-01 1.5675177939e-01
-2.6700124269e-02 -2.7941029601e-01 2.6640129275e-01
-1.5309862210e-01 -5.5255598833e-01 3.6034356371e-01
-3.3469776669e-01 -8.5851584724e-01 2.4627207051e-01
-4.8671723234e-01 -7.8207265045e-01 -3.1018838512e-02
-2.0713210446e-01 -3.5141044000e-01 -9.1075539457e-02
-1.8314191870e-02 -7.4904223441e-02 -2.1132479410e-02
-2.5416039946e-02 -2.5617084578e-02 -2.7214000652e-02
-1.3954745061e-02 -2.2055644129e-02 4.4862447553e-02
1.4096022426e-02 -4.9409226641e-02 5.2140582630e-02
2.4874150621e-03 -6.1518978421e-02 6.8837116716e-02
5.8151324139e-03 -6.3196164352e-02 6.7516358608e-02
-1.7579558623e-02 -5.5632627210e-02 7.2947490548e-02
-2.0554347633e-02 -5.2327654066e-02 7.8652823001e-02
-3.7355111169e-03 -7.1875713663e-02 9.5912464458e-02
-3.9384392724e-02 -9.3150895546e-02 1.1007653237e-01
-5.0337367569e-02 -1.6755739935e-01 1.1281401470e-01
-1.2600603665e-01 -2.5937560491e-01 1.3866393489e-01
-1.3565442758e-01 -3.5686322420e-01 1.3475538020e-01
-1.8154797931e-01 -2.8071428359e-01 6.3738622569e-02
-6.1320136603e-02 -1.3144810685e-01 4.6840835200e-02
-1.6191340689e-02 -4.9583441667e-02 -5.4756390127e-03
-3.1257768658e-02 -4.2288786879e-02 -2.8162224803e-02
-9.2104337816e-03 -2.1699516808e-02 5.5234492726e-02
1.1251578169e-02 -3.9153289427e-02 5.6423630898e-02
3.1502493145e-03 -4.5512762060e-02 6.7151983448e-02
1.4472856212e-03 -5.1900523430e-02 7.3651159879e-02
-1.0884109313e-02 -4.9753694877e-02 7.6965856474e-02
-8.7888779574e-03 -5.6092528046e-02 7.8058229507e-02
7.1274411475e-03 -6.2272280981e-02 8.9007329760e-02
-2.2166241591e-02 -6.2742421751e-02 9.4756400115e-02
-1.1562627960e-02 -7.5714621193e-02 9.0370274535e-02
-3.7174768568e-02 -9.2180634075e-02 8.3719861274e-02
-7.4712108663e-03 -1.3663933057e-01 9.8870945944e-02
-5.3395763321e-02 -1.1081250908e-01 9.9778241821e-02
-5.5498852099e-02 -1.1189585607e-01 1.1021072540e-01
-1.9689112309e-02 -7.6247055123e-02 3.6735657595e-02
-3.5081228678e-02 -4.4180418444e-02 -3.8845863811e-02
1.3801163102e-02 -3.8099439888e-02 6.3157485595e-02
3.6315892618e-02 -5.8607836146e-02 5.0978606437e-02
2.8743945004e-02 -6.4050479360e-02 7.1256172243e-02
2.0812872368e-02 -6.7633206761e-02 7.3979367025e-02
1.6566048155e-02 -7.1210326514e-02 8.5450951356e-02
1.0874914210e-02 -8.4033344242e-02 8.4077442745e-02
2.3031535254e-02 -8.8388266812e-02 9.1947848754e-02
-1.9434384361e-03 -9.2163360976e-02 9.9655384396e-02
1.6250731503e-02 -9.3816176155e-02 9.9764576043e-02
-2.8103159896e-03 -1.0294887938e-01 9.2946500180e-02
1.1510399003e-02 -1.1691764657e-01 9.6825330367e-02
-3.2448812397e-02 -1.1391130474e-01 1.1062932812e-01
-4.1546767817e-02 -1.0313866935e-01 1.2285909123e-01
-2.1189489572e-02 -5.2893831542e-02 2.9405231767e-02
-2.5573893978e-02 -2.9635370876e-02 -1.4814516561e-02
1.1556301281e-02 -1.5030314662e-02 3.5118870047e-02
3.4984478767e-02 -2.5484250781e-02 3.6118560240e-02
2.5341680824e-02 -4.1430244989e-02 5.7317794894e-02
2.2821166113e-02 -5.1790771098e-02 5.7109074287e-02
2.7168806474e-02 -5.1295923075e-02 5.3525498898e-02
3.2360308816e-02 -5.8365122716e-02 2.7409237502e-02
4.5449557217e-02 -7.3854930855e-02 3.6254130126e-02
5.7171367303e-03 -7.6489550061e-02 3.5794492615e-02
1.2050592899e-02 -7.1826174610e-02 4.6528190856e-02
-1.4652032567e-02 -6.3492061169e-02 4.1598381938e-02
3.4230950803e-03 -8.2744763934e-02 7.4970226344e-02
-4.8103471493e-02 -8.3636207421e-02 8.6350459230e-02
-4.8352794130e-02 -7.0737551312e-02 1.1296811352e-01
-9.8987347536e-03 -3.8988393829e-02 6.3896039143e-02
1.6808331977e-02 -5.9837894939e-02 3.8690395351e-02
2.5047706942e-02 -1.3483878057e-02 2.9779438159e-02
4.5047420023e-02 -3.9493152903e-02 3.4990709009e-02
4.2094547189e-02 -4.6726420287e-02 5.5543031179e-02
4.9777982929e-02 -6.8426425867e-02 5.1963099750e-02
4.4141854852e-02 -7.0584931615e-02 5.4969231158e-02
4.4379483383e-02 -8.1628928690e-02 3.4677654530e-02
4.4956520749e-02 -9.1266805959e-02 3.7915900722e-02
2.7885071224e-02 -1.0485743309e-01 3.0102102099e-02
2.4379875102e-02 -9.9756664717e-02 3.9771406957e-02
-2.4958605991e-04 -8.4534232147e-02 2.5768897361e-02
-1.4841081251e-03 -9.2677883724e-02 5.4679248706e-02
-2.6276761562e-02 -8.7972129883e-02 6.9176905553e-02
-7.3959213808e-03 -9.8867509421e-02 1.1089651775e-01
1.6033357248e-02 -6.5521124229e-02 6.0553733183e-02
3.5079997585e-02 -5.6144964220e-02 3.5429013628e-02
1.2670174943e-02 -1.0601451715e-02 1.8666354224e-02
4.5247372961e-02 -4.5596842490e-02 2.5624798517e-02
3.5711936522e-02 -5.3123499104e-02 4.8746484122e-02
5.2292127844e-02 -7.5467585554e-02 4.9634440860e-02
4.6976843491e-02 -6.6913955971e-02 4.8835575442e-02
4.6146856559e-02 -6.7165721812e-02 2.9705263805e-02
5.2740939543e-02 -7.7561657780e-02 3.9266078192e-02
2.7762762908e-02 -7.6295214720e-02 2.5536218837e-02
3.2491949109e-02 -8.2776920684e-02 2.9162059792e-02
1.2581876185e-02 -5.9722806481e-02 4.3976350287e-03
5.9943412004e-02 -9.0468312362e-02 6.6823249778e-02
9.6871685166e-02 -1.1045835574e-01 4.5862046287e-02
5.4700355760e-02 -9.7684161072e-02 5.7475168551e-02
1.1996544308e-02 -2.2265759873e-02 1.2250646514e-02
1.6300386199e-02 -2.9294579236e-02 -2.5663221822e-04
2.4123415237e-02 -1.5977010582e-02 1.9242877099e-02
6.6064617714e-02 -6.1433203682e-02 3.7303915122e-02
5.2740050924e-02 -7.0474110600e-02 4.7014089470e-02
6.3267102739e-02 -8.9007503796e-02 4.3587422285e-02
5.0782081727e-02 -6.5754082273e-02 3.7226073698e-02
5.8737340750e-02 -7.2736302813e-02 2.6163603027e-02
6.3306244142e-02 -8.9784979171e-02 3.3270839161e-02
5.5034523271e-02 -1.0837651774e-01 3.5108306788e-02
6.2588361148e-02 -1.1446874878e-01 4.0029116705e-02
1.0788414076e-01 -1.4083441933e-01 7.5555938624e-02
5.3500945591e-01 -4.3632325448e-01 3.1914088089e-01
1.0351157150e+00 -6.9185677741e-01 -5.9373173173e-02
4.8561904177e-01 -2.9162977998e-01 -3.9252677067e-01
5.9171242862e-02 -4.0790169014e-02 -7.9496743472e-02
1.5684094675e-02 -4.4779658675e-02 -3.1027987186e-02
2.4259109553e-02 -2.2567662445e-02 3.4561670289e-02
7.4099582963e-02 -5.4329675046e-02 4.8585680044e-02
5.3708072776e-02 -6.4831296958e-02 6.3387445405e-02
5.9222966174e-02 -8.0087705947e-02 6.0212768668e-02
4.0539376849e-02 -5.2198147277e-02 5.2599373976e-02
6.3784683194e-02 -7.4007894126e-02 4.1173328290e-02
7.5896347460e-02 -1.0998637585e-01 5.9871579656e-02
4.9872134458e-02 -1.2433749837e-01 5.6103930528e-02
9.6703658538e-02 -1.9676247816e-01 1.2241734415e-01
1.9762457830e-01 -2.6971549211e-01 2.7652132122e-01
6.5531709583e-01 -7.0529983243e-01 6.0634084564e-01
9.6763473834e-01 -8.2917024090e-01 -4.1488146909e-01
6.3979539664e-01 -1.7528538280e-01 -1.4917036977e+00
1.1994673157e-01 -1.4358909212e-02 -3.3717546093e-01
1.6553917680e-02 -4.4297780370e-02 -3.3350336330e-02
2.8654652422e-02 -4.0772744424e-02 4.3632075802e-02
6.0600341597e-02 -6.2257257760e-02 4.0036259160e-02
4.1011959962e-02 -7.2856722733e-02 5.6930433399e-02
3.3891045456e-02 -8.6294447291e-02 4.8410511187e-02
3.6156260473e-02 -7.4687386301e-02 5.9604553072e-02
4.5644709462e-02 -9.6418069360e-02 4.8095977721e-02
4.8190092867e-02 -1.3241196883e-01 7.6860559670e-02
3.4608267219e-02 -1.7987517764e-01 7.9743412501e-02
5.0032451530e-02 -2.7415437481e-01 1.1064022923e-01
1.6567306037e-02 -1.7449321738e-01 2.3214521815e-01
5.0995305038e-02 -1.7734412115e-01 3.1831172418e-01
-3.9998222053e-02 2.5505277713e-01 -3.5466695058e-01
2.3143575934e-01 9.9408070140e-01 -1.6603794635e+00
3.3039335073e-01 2.4319257497e-01 -7.3300002186e-01
5.8217340785e-02 -3.4740424735e-02 -8.3486273582e-02
4.3124237971e-02 -5.7634763161e-02 5.5044309244e-02
7.8705341903e-02 -7.8670245207e-02 5.7911478446e-02
5.3342871840e-02 -9.7971955279e-02 8.3715631790e-02
6.0100034104e-02 -1.1765870427e-01 9.6465834634e-02
4.4132756125e-02 -1.0200317364e-01 9.6926673988e-02
5.5785446482e-02 -1.1076808203e-01 8.3019429828e-02
5.6553742196e-02 -1.4811024602e-01 1.1362183217e-01
3.0239512330e-02 -1.4675085901e-01 1.1172210712e-01
-1.0396630745e-02 -1.4689583414e-01 1.3255706943e-02
1.7144885149e-02 3.9146076431e-02 1.2278039269e-01
5.6044089941e-02 1.2216758710e-01 1.3167413566e-01
-7.1591294028e-02 8.1767820618e-01 -1.1513068480e-01
3.3388879696e-01 1.7439781742e+00 -8.2685448997e-01
8.0684733633e-01 6.4690643943e-01 -9.3328582141e-01
3.4710492704e-01 -3.3127353049e-03 -3.5990101966e-01
3.4251089011e-02 -5.6786261259e-02 5.1908354150e-02
7.8855561592e-02 -8.5652155584e-02 6.7814432737e-02
4.0338318319e-02 -9.3664770833e-02 7.8519064987e-02
4.2005175141e-02 -1.0605063599e-01 9.0996320263e-02
2.9702847731e-02 -7.9164997521e-02 9.1214931384e-02
4.0541431175e-02 -9.3027847238e-02 8.3937426346e-02
5.8457726783e-02 -1.4222910416e-01 1.0132659392e-01
3.2217779559e-02 -6.6591832179e-02 5.4734415053e-04
-5.5215983302e-02 2.8084622111e-02 6.3825664045e-02
-5.1629120303e-02 2.7318450752e-01 2.2972552964e-01
-2.8566540318e-02 -6.3130162201e-02 2.9956867741e-01
4.4874478394e-02 3.0985451222e-01 2.1585453625e-01
3.7917707931e-01 1.1776636162e+00 1.8457957491e-01
1.0390817430e+00 3.5888870035e-01 -3.5242782795e-01
6.8390804371e-01 -2.4827544890e-01 -1.2676482441e+00
2.5246252733e-02 -4.7503328878e-02 5.6987259866e-02
6.4972697324e-02 -7.5768030498e-02 6.9691997346e-02
3.9733777183e-02 -8.3108765465e-02 7.8494395903e-02
4.2410408332e-02 -8.8987133507e-02 8.3327118325e-02
2.2616447833e-02 -7.0952142999e-02 8.7993595318e-02
2.2003056785e-02 -8.5127431418e-02 8.6902512507e-02
-8.9554756448e-04 -1.2406733206e-01 1.1317277879e-01
-4.4222403823e-03 -4.1001296111e-02 -7.5161270922e-03
5.8527440149e-02 5.4582327664e-02 9.5111794224e-02
7.1203031895e-02 1.7986446371e-01 3.4009315821e-01
-1.1227230712e-01 -2.6921811262e-01 2.8954776071e-01
-6.1527314121e-02 -4.1017721748e-01 5.5144869032e-01
9.8294543674e-02 1.4035905099e-01 7.5259477396e-01
-9.9632733101e-02 -4.4954418287e-01 -1.3072801224e-01
-3.8649032028e-01 -5.8397703081e-01 -2.0738987421e+00
-5.4246107249e-03 -2.1649462148e-02 4.6718069316e-02
2.2215085800e-02 -3.9043553092e-02 6.1583617514e-02
8.0823224585e-03 -4.3055556885e-02 6.7434023596e-02
9.5528464592e-03 -4.1355509804e-02 6.5250291980e-02
1.6707864160e-03 -4.7190604833e-02 7.4945032857e-02
5.4355304902e-03 -5.5156716115e-02 5.7352882041e-02
2.7212265897e-03 -5.7789007297e-02 8.6977929206e-02
-2.6093008338e-02 -3.0981116462e-02 4.7857002944e-02
2.9298392354e-02 -7.1317642048e-02 3.7097379476e-02
7.1043852853e-02 -1.3718568972e-01 2.3814734491e-01
-7.4410582700e-02 -7.2991607489e-01 3.0262875449e-01
-3.0731607580e-01 -9.9429049900e-01 5.7966975928e-01
-1.0581412132e+00 -9.0566362633e-01 4.1366421624e-01
-1.9566028877e+00 -1.1846112917e+00 -7.9287347077e-01
-1.1259622673e+00 -4.8802275258e-01 -1.3146459335e+00
8.3461841033e-03 -2.2949031986e-02 4.0426989421e-02
3.3948017929e-02 -4.0878692947e-02 4.3210745345e-02
2.2640768093e-02 -4.4702555575e-02 5.2834067652e-02
2.7832684779e-02 -5.6548546690e-02 5.4082986042e-02
1.8511448377e-02 -5.1177036694e-02 5.7643145652e-02
1.5888911828e-02 -5.7714988686e-02 4.4702502246e-02
1.2531778435e-02 -5.9627779567e-02 6.7201886224e-02
-6.6825252926e-03 -7.1826204793e-02 6.8274456284e-02
2.5433224213e-03 -1.2639786095e-01 7.2875258090e-02
1.0493559190e-01 -2.0399122234e-01 2.2304913210e-01
-1.2322651111e-01 -7.2413783575e-01 3.6638581000e-01
-6.1510577120e-01 -1.1339166017e+00 3.4540716255e-01
-1.2474865189e+00 -8.8636903818e-01 5.3499849629e-02
-1.3052072977e+00 -6.2802356308e-01 -4.1732773900e-01
-3.4055068224e-01 -1.5589321766e-01 -2.0084229269e-01
1.2123884976e-03 -2.3492730306e-02 3.6506602134e-02
3.4261601742e-02 -3.8820297104e-02 3.8742779046e-02
2.5443494323e-02 -5.1051531111e-02 5.1533982387e-02
2.9671076475e-02 -5.5140285354e-02 5.3194107641e-02
1.0893536907e-02 -5.6075937401e-02 6.0712289073e-02
1.4651090253e-02 -5.6138035930e-02 5.0069237441e-02
2.1198608966e-02 -6.9460365090e-02 6.8048753425e-02
-6.9772672922e-03 -7.3670701633e-02 6.0411872523e-02
-1.5472906354e-02 -1.1144851380e-01 9.8521319537e-02
-5.2569872988e-02 -1.7979363063e-01 1.5219535612e-01
-1.5817652193e-01 -3.7782255411e-01 2.1134452646e-01
-3.7028005683e-01 -4.8725552716e-01 1.0007062511e-01
-2.5883007218e-01 -2.6350055756e-01 6.7879993938e-02
-1.7217520412e-01 -9.0101069116e-02 5.6897717455e-04
-1.8103576220e-02 -2.7479439686e-02 2.2755333284e-02
-1.0183089795e-02 -1.4672937322e-02 3.6552759424e-02
3.2783363436e-02 -4.3889804377e-02 4.5787198770e-02
1.5746409472e-02 -4.9407720587e-02 4.8471657100e-02
1.9252502075e-02 -5.0925239546e-02 4.8590434043e-02
8.1572828086e-03 -4.8074835683e-02 5.3839075399e-02
1.2162826682e-02 -5.2644043772e-02 5.4962190994e-02
7.7011386857e-03 -6.1790268631e-02 7.6018720045e-02
-1.2111877618e-02 -6.1607336896e-02 7.1273750755e-02
-2.9800080211e-05 -7.9766359867e-02 7.7479319066e-02
-3.2901183102e-02 -1.1167296927e-01 4.8036820794e-02
-2.5412331728e-02 -1.7770944790e-01 6.9374827576e-02
-7.3536355851e-02 -1.4634642087e-01 4.8018048073e-02
-1.2345277950e-02 -6.8960572978e-02 6.1892613051e-02
6.6359392364e-03 -1.4501570920e-02 1.2275074976e-02
2.1902047129e-03 -3.1229533712e-02 -6.2046693557e-03
-1.1395894110e-02 -1.2791057890e-02 3.9093780864e-02
3.2877223176e-02 -3.3975443996e-02 4.6033321059e-02
1.3755402050e-02 -4.6152447616e-02 5.6023856531e-02
2.0899419446e-02 -5.3639638528e-02 5.8559254004e-02
1.9820984884e-03 -4.5750373391e-02 6.4460502014e-02
7.3284543126e-03 -4.7716763997e-02 6.5650656800e-02
1.9679964708e-02 -6.6590357939e-02 8.8263567054e-02
-1.1435010473e-02 -6.7637008966e-02 7.6371011584e-02
7.3560406231e-03 -7.3819277376e-02 6.9284513392e-02
-1.2868488879e-02 -7.1197110112e-02 4.6458224176e-02
3.3747296541e-02 -9.3412047032e-02 6.9326629002e-02
-1.0328757123e-02 -7.2699041516e-02 6.8305798586e-02
-2.7821479690e-03 -6.0045103924e-02 8.0079787718e-02
-5.7068607488e-03 -4.3588543280e-02 2.7257922384e-02
1.3990397128e-03 -4.0999933428e-02 -9.6567038682e-03
-3.3475757811e-03 -1.5429020600e-02 4.2804458314e-02
2.9204547928e-02 -2.6669436631e-02 4.0089270674e-02
9.1239580917e-03 -3.6671801226e-02 5.1322136161e-02
9.8902653370e-03 -3.7448951747e-02 4.7396454917e-02
-1.7186303603e-03 -3.4146457753e-02 5.8354340824e-02
7.5686849097e-03 -4.0014436137e-02 6.7264249438e-02
1.7111848045e-02 -4.6688894849e-02 7.5349302952e-02
-1.4098384071e-02 -5.2211396673e-02 7.2227233381e-02
-8.5356402446e-04 -5.3338468299e-02 7.3819165225e-02
-2.0726795462e-02 -5.8684313344e-02 5.3908528443e-02
1.6581066169e-02 -7.4073133679e-02 6.3498474029e-02
-4.0344495724e-02 -7.3162578020e-02 7.7580503729e-02
-3.5256418658e-02 -6.9974871750e-02 8.9600502590e-02
-4.6906872167e-03 -4.8595268735e-02 4.2404604220e-02
-1.2332788260e-02 -3.5615555916e-02 -1.6212546327e-02
2.0283683379e-02 -3.2669562964e-02 5.0423667392e-02
5.2094450978e-02 -5.1470541136e-02 4.4835540297e-02
3.8291530400e-02 -6.0570710078e-02 6.2264630500e-02
3.3456565261e-02 -6.6424009177e-02 6.2156940548e-02
2.9465990076e-02 -6.1534734508e-02 7.6517718018e-02
3.4192822603e-02 -7.2472405277e-02 7.4772044685e-02
3.6059943408e-02 -8.0833059888e-02 8.5997456262e-02
8.3817967652e-03 -8.9826867216e-02 8.5579067269e-02
2.1579145837e-02 -8.7785512969e-02 8.8678890278e-02
2.4576690240e-03 -9.5379865643e-02 7.2894733737e-02
2.0272236720e-02 -9.9411339301e-02 7.8103915646e-02
-3.1449576800e-02 -1.0349336497e-01 9.4511892366e-02
-2.5574731782e-02 -8.5404456302e-02 1.1220070045e-01
-1.0544749552e-02 -4.5836573956e-02 4.8092271925e-02
6.4290303623e-03 -3.9596481181e-02 1.9775675885e-03
-5.0113646426e-03 -7.0870016178e-03 3.4668430700e-02
1.4081092653e-02 -1.9795437688e-02 4.3215797794e-02
1.2084422171e-02 -3.7406980145e-02 5.9737999650e-02
1.0849983385e-02 -5.0926849097e-02 6.7106421969e-02
1.3212638236e-02 -4.7740503578e-02 5.7252257673e-02
1.6879380259e-02 -4.9025382751e-02 4.2774943612e-02
3.1177089215e-02 -6.1757676923e-02 4.5975819762e-02
1.7809815099e-03 -7.4881128125e-02 4.2456144782e-02
4.2661544055e-05 -7.0750983949e-02 4.9871113852e-02
-2.4707867217e-02 -6.1288454987e-02 4.1946031729e-02
-1.0753132720e-02 -6.9670457421e-02 7.9801381045e-02
-4.4871840500e-02 -6.9277928042e-02 7.4783315268e-02
-4.3868727331e-02 -5.4687232137e-02 1.1058999548e-01
-1.6458399418e-02 -3.2348217168e-02 5.8981915561e-02
2.6252576404e-02 -3.4379582047e-02 4.0811141001e-02
1.1200172755e-02 -1.0632675485e-02 3.5468910207e-02
2.3509469025e-02 -2.4899679959e-02 4.4811970052e-02
2.0093140086e-02 -4.3460953472e-02 5.9091173421e-02
3.5907445923e-02 -5.6768486585e-02 6.3476089702e-02
3.1258000697e-02 -6.1512946304e-02 5.6816109846e-02
2.9491476621e-02 -6.1699190053e-02 4.4449720835e-02
3.1779895400e-02 -7.4917605947e-02 4.6643127240e-02
2.4791440696e-02 -8.7462720061e-02 3.5679502052e-02
1.7798419930e-02 -8.3771335431e-02 4.0143892486e-02
-5.7341189608e-03 -6.6816024208e-02 2.4911975412e-02
-6.2636244686e-03 -7.0423140873e-02 6.1901326982e-02
-1.2833789514e-02 -7.2979121609e-02 5.7017065173e-02
9.7606518055e-03 -6.8282302575e-02 9.7419162873e-02
2.7020925041e-02 -3.8348725738e-02 4.3691184025e-02
4.4077737346e-02 -2.5611065209e-02 3.7139201011e-02
1.0415995368e-03 -6.5494848034e-03 1.9842639591e-02
2.6826880720e-02 -3.3825973958e-02 3.2528465456e-02
1.8277730378e-02 -5.0248665894e-02 4.5912313527e-02
4.0291834109e-02 -6.7413746604e-02 5.3474895612e-02
3.0584718609e-02 -5.4792133897e-02 4.0831713019e-02
2.9653632182e-02 -4.8205069680e-02 3.1572066715e-02
4.1542884663e-02 -6.0541264955e-02 3.4847436620e-02
3.0683681295e-02 -7.4825015558e-02 2.1137659311e-02
3.2461126926e-02 -7.9305685067e-02 2.0546964925e-02
4.4599277352e-04 -4.1850628851e-02 -4.3544904640e-03
1.7445466546e-02 -5.7294829651e-02 3.5347320067e-02
-1.1007310279e-03 -4.9083384599e-02 2.4986410395e-02
1.1483632501e-02 -4.4098858062e-02 5.0324628897e-02
1.0093956751e-02 -1.3765193803e-02 3.5240675611e-03
2.5927612782e-02 -8.4897460455e-03 -4.4431165007e-03
1.8707027821e-02 -6.4495117842e-03 1.9126250163e-02
5.2805036202e-02 -4.8106056517e-02 3.7719639885e-02
4.2030478438e-02 -5.7510398634e-02 4.3071899990e-02
5.6202906731e-02 -7.0288138486e-02 4.0619724687e-02
4.2405138423e-02 -4.7244494779e-02 2.5633803796e-02
5.2023525387e-02 -4.7596866354e-02 2.3657282442e-02
6.1761275220e-02 -7.3635421420e-02 3.3357743684e-02
5.7020900197e-02 -8.9990159749e-02 2.0192085578e-02
5.0937812399e-02 -8.2983643650e-02 1.3162617321e-02
3.7138322997e-02 -7.0196009752e-02 -2.0855700655e-03
8.8585938595e-02 -1.2768325364e-01 7.0876669798e-02
1.9193614332e-01 -2.2148917856e-01 2.4229983783e-02
1.2141159699e-01 -1.3780290489e-01 -2.8388532050e-02
3.2171394514e-02 -2.3402426692e-02 -2.7820481514e-02
2.9883263236e-02 -2.6287070881e-02 -2.8852512159e-02
4.6507774203e-03 -1.4751360688e-02 3.2315175661e-02
4.3572305525e-02 -4.5736093072e-02 4.0103155414e-02
2.6595096221e-02 -5.9431010488e-02 5.4737931302e-02
2.8238619094e-02 -6.5084257298e-02 4.9558578455e-02
1.5243014493e-02 -4.2238263039e-02 3.4196592391e-02
3.0185729492e-02 -4.7035550597e-02 2.3731592879e-02
4.7325925679e-02 -7.5592785174e-02 3.6054624961e-02
2.6295845591e-02 -9.4759092850e-02 2.2994691890e-02
3.1489778811e-02 -1.0334414897e-01 2.6434437096e-02
2.2722237999e-02 -1.2036077532e-01 4.6060877921e-02
2.2798069041e-01 -4.6322161587e-01 3.0490270174e-01
6.4436626459e-01 -1.0327317723e+00 2.1663350994e-01
5.9013786390e-01 -7.0898247949e-01 -3.3726863016e-01
1.1030800592e-01 -1.3313179922e-01 -1.4260758159e-01
1.0940907050e-02 -3.0572759725e-02 -3.3924025371e-02
6.0885015626e-03 -3.1303342142e-02 4.8298736807e-02
4.0591540553e-02 -5.4977224963e-02 4.8156282571e-02
1.8422582280e-02 -6.5937034715e-02 5.9885645577e-02
1.8828509965e-02 -7.9022062709e-02 5.9455448204e-02
1.2922085510e-02 -6.2734768414e-02 5.8973090252e-02
2.3495458415e-02 -6.7401241771e-02 4.5433146708e-02
3.3981111381e-02 -8.7061741475e-02 5.6940290178e-02
1.2599527478e-02 -1.1249527513e-01 5.2875632535e-02
2.3295989262e-02 -1.2906027075e-01 7.2022883479e-02
4.8959163026e-03 -1.6381554344e-01 1.3033524391e-01
2.4822790553e-01 -8.3160425661e-01 5.9567215338e-01
5.9194513032e-01 -1.5463461271e+00 6.3877783184e-01
8.8427451697e-01 -1.0965379054e+00 -7.3087623160e-01
4.3949124289e-01 -4.0477625550e-01 -6.1470844253e-01
5.2859900240e-02 -5.6387675730e-02 -7.1045204268e-02
2.2340840495e-02 -5.0654708112e-02 5.4586361893e-02
5.1503558112e-02 -7.2601589809e-02 6.0442332751e-02
2.0206949729e-02 -8.3910357976e-02 7.6431507531e-02
2.6681662394e-02 -9.4111720845e-02 8.7479130169e-02
1.1679157927e-02 -7.5957633367e-02 7.5272366914e-02
1.8801624617e-02 -6.5986926729e-02 6.4785201286e-02
2.0868768083e-02 -8.9720776841e-02 7.3338518957e-02
-6.2327210041e-04 -1.1096925595e-01 6.9865564356e-02
1.1496692939e-02 -1.5352133512e-01 9.1658406977e-02
2.8586461481e-03 -1.3320446855e-01 1.5500161937e-01
1.0850949006e-01 -7.2086507606e-01 5.2598927544e-01
7.0255438582e-02 -1.1454525242e+00 7.8344971534e-01
4.4776964190e-01 -1.0469117591e+00 -4.7325307444e-01
6.7372959548e-01 -7.9416560872e-01 -1.2978435645e+00
2.0753475160e-01 -1.2664483268e-01 -3.3884990691e-01
1.1976034573e-02 -4.5215099105e-02 4.8711826517e-02
5.5428197175e-02 -7.8309420593e-02 6.6991101448e-02
2.3309395626e-02 -8.3426379446e-02 7.5711201583e-02
2.5660770498e-02 -8.8245021576e-02 8.2849917253e-02
6.1235943531e-03 -5.5287840292e-02 6.2801712275e-02
3.9055428995e-03 -5.0548984129e-02 5.4436032740e-02
1.5739833818e-02 -7.5785471997e-02 7.0561138985e-02
-1.9416494395e-02 -8.5781833309e-02 6.4056097121e-02
-4.6953329273e-03 -1.3277628459e-01 1.1494507529e-01
-2.8286590178e-02 -8.7735917406e-02 1.8284183444e-01
1.1179826265e-02 -5.6923442572e-01 4.6621672573e-01
-1.9571320926e-01 -1.1776477345e+00 9.0936701953e-01
-2.9294731090e-01 -1.5138423225e+00 4.5612225596e-01
1.7601027335e-01 -1.5084735843e+00 -1.0468366348e+00
2.1485650699e-01 -6.1889911338e-01 -8.8912671785e-01
6.8487251248e-03 -3.7191723489e-02 4.8385277893e-02
3.8517383483e-02 -5.9649716175e-02 6.2322988752e-02
1.5715540233e-02 -6.7140341135e-02 6.4075288154e-02
1.5404056480e-02 -6.7157968669e-02 6.8846812813e-02
3.3303129798e-03 -5.1464531426e-02 5.5127773144e-02
3.4320178098e-04 -5.0208777762e-02 5.5065494445e-02
8.2933274454e-03 -7.4594240373e-02 7.0362484251e-02
-2.1767064643e-02 -9.4447848659e-02 6.0476363272e-02
-7.4831219746e-03 -1.0545207813e-01 1.0440368552e-01
-4.7294507345e-02 -1.1904192603e-01 1.7151955744e-01
-1.2807007198e-01 -5.0369728877e-01 3.8294421592e-01
-3.5159820329e-01 -1.0415190338e+00 8.9791884320e-01
-8.6612853399e-01 -1.7164999331e+00 8.1775047054e-01
-9.5615650566e-01 -2.0858956603e+00 -5.3135483675e-01
-3.3100545389e-01 -9.5694680128e-01 -1.0253623711e+00
-2.0594013910e-02 -1.8970445219e-02 4.3567547058e-02
1.9605403273e-03 -2.7918129099e-02 5.4692323579e-02
-1.2240207741e-02 -3.9303116322e-02 5.6009874821e-02
-5.4446693760e-03 -4.2988549036e-02 6.2614501269e-02
-1.9852008799e-02 -3.7960268110e-02 5.6654729620e-02
-2.3267989326e-02 -3.7352491656e-02 4.3424822854e-02
-1.1934131485e-02 -4.8791604694e-02 6.1301554603e-02
-4.0555065704e-02 -6.8819219441e-02 5.3116449915e-02
-3.3276590801e-02 -8.1009339446e-02 7.2959022200e-02
-7.7259733399e-02 -1.2064361448e-01 8.3001531866e-02
-1.3612189647e-01 -4.3356166621e-01 2.1456383718e-01
-3.3640437302e-01 -7.0336959654e-01 5.6816165314e-01
-9.8777601379e-01 -1.2897378656e+00 5.4912854415e-01
-1.2782358470e+00 -1.4358723144e+00 -3.1357589767e-01
-4.4215468430e-01 -4.7181188642e-01 -4.1626895711e-01
-4.8074478399e-03 -1.5762763693e-02 4.3427995711e-02
1.1236452904e-02 -2.9573186013e-02 4.6767927876e-02
3.9834545468e-03 -3.8090469797e-02 5.2773607343e-02
1.0801989708e-02 -4.2799608756e-02 5.6270791198e-02
-1.8586838337e-03 -4.2289105940e-02 5.3642851144e-02
-8.6451001826e-03 -4.7627864856e-02 4.5401744570e-02
-5.7774204793e-03 -5.2873831182e-02 5.6267095229e-02
-1.9521144328e-02 -6.7693396285e-02 5.7374348269e-02
-1.9295833465e-02 -6.8196206345e-02 6.0916246652e-02
-3.5970318729e-02 -8.6152063801e-02 4.7005910020e-02
-6.6748607512e-02 -2.1912004601e-01 9.8505672817e-02
-1.9293409867e-01 -3.4385553736e-01 1.6142316840e-01
-3.4538041591e-01 -3.9156376491e-01 1.8734138509e-01
-3.6532397584e-01 -3.3056759568e-01 -2.3435241946e-02
-9.1746700512e-02 -8.3196896342e-02 -1.3043105199e-02
-1.3277357106e-02 -1.5562773897e-02 3.1823418206e-02
9.1237030739e-03 -3.1910589498e-02 4.1374839429e-02
1.1798441676e-03 -4.3494361623e-02 4.7434152799e-02
5.6103314184e-03 -4.8626020226e-02 5.1932257855e-02
-7.0398935887e-03 -4.7224562809e-02 5.0502446558e-02
-1.7269052566e-02 -4.2900600520e-02 4.4903622791e-02
-7.2103363667e-03 -5.0055494712e-02 5.5350014786e-02
-3.1146591022e-02 -5.6794990624e-02 4.9292169307e-02
-1.8953895996e-02 -6.1131652595e-02 4.3544813220e-02
-4.5666645885e-02 -5.1972890942e-02 2.0175286749e-02
-1.6126888988e-02 -7.4536640693e-02 4.8650082997e-02
-6.9283007918e-02 -8.5584138395e-02 3.9052343494e-02
-4.6813199616e-02 -6.6172867687e-02 7.9594383817e-02
-5.3668572889e-02 -1.7649332685e-02 1.3151899992e-02
-1.3516788236e-02 4.6650912575e-03 1.4550479509e-02
-2.1144454670e-02 -6.0047614820e-03 3.3345446920e-02
1.2304995598e-02 -3.1225016239e-02 4.4304369044e-02
-1.2927223298e-03 -3.8316414002e-02 4.6659637090e-02
2.5534601963e-03 -4.3507975100e-02 4.7846204601e-02
-1.2978864539e-02 -3.4871773085e-02 4.3778772714e-02
-1.2342032459e-02 -3.4714680645e-02 5.2547448665e-02
-5.6933288979e-03 -4.8159957580e-02 6.9846746495e-02
-2.5885136551e-02 -5.4477013774e-02 6.1566832204e-02
-1.1190730321e-02 -4.8691371984e-02 4.9619025101e-02
-2.9317950857e-02 -4.7487894695e-02 2.4171027541e-02
2.0577036271e-02 -6.4402767739e-02 5.0862128953e-02
-1.9957343238e-02 -5.0618042445e-02 3.0386471927e-02
-7.9164219191e-03 -3.4449848760e-02 5.4675428733e-02
-9.1498374270e-03 -1.0557802940e-02 -3.7587240890e-03
-5.7036843604e-04 -1.4167243801e-02 -7.7169342708e-03
-2.2272463630e-02 -5.2931177381e-03 3.2580238939e-02
1.0553164990e-02 -2.8695860726e-02 4.1880768272e-02
-7.6765583079e-03 -3.5907385174e-02 4.7756754217e-02
-8.7257819454e-03 -3.9570997524e-02 4.5794776706e-02
-2.6023578653e-02 -2.9207791069e-02 4.6232175094e-02
-2.1843493793e-02 -3.1459942080e-02 5.1291306319e-02
-7.9365627793e-03 -4.8331011582e-02 6.8267553692e-02
-3.4732973367e-02 -5.9709616119e-02 6.0035649846e-02
-1.8344277985e-02 -5.8483245419e-02 4.6309197400e-02
-4.2074172731e-02 -6.1609674783e-02 3.0882225475e-02
7.6571318816e-03 -7.7343368565e-02 5.9130619962e-02
-4.6930786510e-02 -6.0872276666e-02 4.8663242575e-02
-2.7746270723e-02 -5.0135044663e-02 6.1893555523e-02
-3.7373147639e-02 -2.0407161189e-02 -3.7882125516e-03
-2.1272971212e-02 -1.8906254783e-02 -1.5636035107e-02
-2.4554262905e-02 -1.0313074385e-02 4.4312896354e-02
9.7953358259e-04 -2.1099453508e-02 4.2890970547e-02
-1.3749067716e-02 -3.1001355163e-02 5.1690470119e-02
-1.1290767684e-02 -3.2308506797e-02 4.9431017048e-02
-2.7018339188e-02 -2.4845606190e-02 5.4063036761e-02
-2.2174564065e-02 -3.0231024436e-02 5.3017760325e-02
-1.2767761137e-02 -4.2091681730e-02 7.2948774133e-02
-4.0109088897e-02 -4.3639963461e-02 6.3991332483e-02
-2.7529175475e-02 -4.8008139574e-02 6.4458380218e-02
-5.2549949107e-02 -5.3634428311e-02 4.6927202187e-02
-6.4713891280e-03 -7.9085098385e-02 6.9739073426e-02
-6.4478587198e-02 -6.8983099815e-02 6.7217069301e-02
-4.5175015760e-02 -6.6523689606e-02 1.0445327194e-01
-3.4661728323e-02 -3.8664619450e-02 4.0984215966e-02
-1.5320768829e-02 -2.1351755764e-02 -1.6693527353e-03
-2.0446144188e-03 -2.5001896099e-02 4.8413504735e-02
2.5957993240e-02 -4.2579295463e-02 4.4520082528e-02
1.7852385319e-02 -5.0137821554e-02 5.7877240022e-02
1.2620685620e-02 -5.0837756942e-02 5.9815980872e-02
7.1254353688e-03 -4.7563027202e-02 6.9491272850e-02
5.5084302878e-03 -5.7399971644e-02 6.8436503445e-02
1.7859516874e-02 -6.7849585733e-02 8.2577587533e-02
-1.3075536455e-02 -6.9757027200e-02 7.6383600178e-02
4.8402367515e-03 -6.9438405693e-02 8.0608271073e-02
-2.3151546692e-02 -7.7894467095e-02 6.4130738561e-02
7.0422806716e-03 -8.6913468442e-02 8.3133360920e-02
-4.1255848951e-02 -8.9040891876e-02 9.0049504602e-02
-2.3950600050e-02 -7.1044152528e-02 1.2257044262e-01
-1.3926356645e-02 -3.4743521846e-02 4.9257933803e-02
7.4651429575e-04 -2.0099649084e-02 1.5386267178e-02
