3.3341115647e-03 -3.9113085090e-02 2.2035382640e-02
-8.7938748266e-03 -5.4572629008e-02 2.3559077704e-02
-2.4944638080e-02 -5.7015479349e-02 4.3176144021e-02
-9.7772877105e-02 -8.4188326150e-02 -2.4242676707e-02
-8.6835842835e-02 -1.1624394189e-01 -5.4301548669e-03
-6.9008141083e-02 -1.4378322058e-01 -4.8178500913e-02
-4.9942691259e-02 -1.4114562629e-01 -3.7669350977e-02
-3.3069054959e-02 -1.4865736190e-01 -6.8914948198e-02
-4.1142861879e-03 -1.3911042409e-01 -2.7048129020e-02
-4.1864496243e-02 -1.8736857851e-01 -5.6864325845e-02
-1.2754371467e-01 -2.1787060656e-01 -4.1378207119e-02
-1.3186495939e-01 -2.3272476884e-01 9.0380633936e-03
-7.2118821577e-02 -1.3619219353e-01 5.3415381798e-02
-1.3454167167e-03 -1.0446977383e-01 4.0075422267e-02
-7.0667109787e-03 -7.9828654358e-02 3.5408536817e-02
1.0885121755e-02 -3.4804394070e-02 1.9491121902e-02
3.5696221184e-03 -4.3725401191e-02 -6.2466473161e-03
-1.3920728763e-02 -4.9183328283e-02 -1.4370501877e-03
-8.1339306005e-02 -7.5891731184e-02 -6.2809710601e-02
-8.3280495540e-02 -1.0244605248e-01 -5.5210016716e-02
-3.8355122838e-02 -8.1851588741e-02 -6.4152575337e-02
7.7755238134e-02 5.4269520959e-02 -1.5606196623e-02
2.0707490626e-01 2.0699852510e-01 -4.9968783342e-02
2.4980483135e-01 2.5718550646e-01 -8.0780282450e-02
9.7521250023e-02 7.7772277235e-02 -1.2853011208e-01
-9.5384048350e-02 -1.4698632136e-01 -1.1728285994e-01
-1.1409881315e-01 -2.0034281601e-01 -2.5789433757e-02
-6.4683957671e-02 -1.3644227447e-01 3.7146605118e-02
6.1796920891e-03 -1.0138015885e-01 2.7757860767e-02
9.8523506960e-04 -1.0783928032e-01 2.0716454684e-02
1.0828970671e-02 -4.0578447493e-02 1.7621732707e-02
1.0015358786e-02 -5.5534959434e-02 -1.0613275566e-03
-2.0585937822e-02 -7.7288930441e-02 -1.0872318439e-02
-8.9401756383e-02 -8.8453762427e-02 -7.9812776148e-02
-3.9967012817e-02 -3.8459090174e-02 -7.1852794284e-03
1.0299865189e-01 1.8556229499e-01 5.6782897573e-02
3.0313243801e-01 5.6235799785e-01 1.3863928659e-01
4.1634870221e-01 8.0173181979e-01 1.3890821753e-02
3.9212167547e-01 7.3613504062e-01 -1.4122914352e-01
1.5169691819e-01 3.0389415645e-01 -1.9261121541e-01
-9.5546173520e-02 -1.3091440125e-01 -2.0212658678e-01
-1.1202334993e-01 -2.0049091646e-01 -1.0756645562e-01
-6.5743892539e-02 -1.4635646003e-01 -1.6009369161e-02
-2.7436829551e-03 -9.9162137035e-02 4.2342283484e-03
-7.3812642617e-03 -1.0012964257e-01 5.7878141039e-03
7.9073593484e-03 -3.2120726968e-02 -7.0481853030e-04
-5.2140391000e-05 -5.7547158782e-02 -4.6595260487e-02
-2.3045364189e-02 -7.1106726181e-02 -7.3583755402e-02
-4.1729204244e-02 -1.6209209631e-02 -5.1439827976e-02
1.1092973095e-01 2.6993624705e-01 1.2045593894e-01
2.6525628907e-01 6.6580961159e-01 2.1404209521e-01
3.5022295446e-01 1.0436198605e+00 2.3675234331e-01
2.8927756444e-01 9.9884062985e-01 3.8924142913e-02
1.7030759331e-01 6.3901341080e-01 -1.4008850489e-01
1.3156073406e-02 1.3190681314e-01 -1.2278896952e-01
-1.2344539747e-01 -2.0558141051e-01 -1.4218026216e-01
-8.2787380721e-02 -1.2451192287e-01 -1.1759173545e-01
-4.6575424122e-02 -1.0302589194e-01 -2.8389994407e-02
-2.5000749655e-03 -6.9260252518e-02 -2.3388931217e-03
-4.1183873246e-03 -7.8968739503e-02 2.2429096307e-03
-1.3185802004e-02 -5.8391168188e-02 -1.7254587312e-02
-2.4601853690e-02 -8.5174046753e-02 -4.1852188666e-02
-3.2376494916e-02 -7.6852636977e-02 -4.6634831329e-02
-1.9721002163e-02 1.1371602404e-01 6.2500542459e-02
1.6913601431e-01 6.3797075608e-01 2.8900975621e-01
2.4414935858e-01 1.0257029346e+00 3.2618621834e-01
2.2715802885e-01 1.1483801923e+00 2.2420848105e-01
1.3322496047e-01 8.8256393141e-01 9.0697040932e-03
5.9985051325e-02 2.4364242410e-01 -9.2578116004e-02
-3.4749928100e-02 -2.0452349771e-01 -4.4014849350e-02
-9.3998957126e-02 -3.1825603067e-01 -6.5505214010e-02
-7.3023373425e-02 -1.2728671870e-01 -6.8342757163e-02
-1.9966968409e-02 -1.0906088323e-01 -2.1281670680e-02
2.8698276406e-04 -7.2873300946e-02 4.6171467572e-03
-2.3142896007e-03 -7.5410388611e-02 8.8221490831e-03
-3.1482747624e-02 -7.6184589642e-02 -3.3317202172e-02
-3.9288133620e-02 -1.0090688779e-01 -6.7802338986e-02
-6.5675138779e-02 -8.2198923111e-02 -4.4165972207e-02
-6.9743733463e-02 2.1763043074e-01 1.0277624647e-01
-2.3300744769e-03 8.9913336005e-01 3.3657742251e-01
3.2226263707e-02 1.1378673537e+00 2.8222043204e-01
-6.1343522811e-03 1.0040132141e+00 1.2961782736e-01
-1.3435606967e-02 7.2074078158e-01 -1.0332717222e-02
-3.7586610782e-02 3.5687621956e-02 -3.0342553251e-02
9.3325682666e-03 -4.6321504318e-01 -1.0044610182e-02
1.1989329658e-02 -4.1386492143e-01 -1.2643108601e-01
-5.7723088036e-02 -1.0974144784e-01 -1.3386940265e-01
-4.7000644834e-02 -1.0719675390e-01 -3.1506783433e-02
-1.2196353191e-02 -8.3663428722e-02 -8.6240849289e-03
-1.2360984699e-02 -7.6331965294e-02 1.3434675347e-03
-3.7278547988e-02 -8.8831236808e-02 -3.0916912921e-02
-4.9901897792e-02 -1.1057820003e-01 -6.6991807973e-02
-8.6536249295e-02 -1.0008006068e-01 -5.0363983514e-02
-1.7862302446e-01 2.2437395125e-01 1.1060526004e-01
-2.7474723804e-01 9.1321455456e-01 3.2124765180e-01
-2.8460582317e-01 1.1073269626e+00 2.4231668957e-01
-1.8192217458e-01 8.3735219975e-01 9.6993298945e-02
-1.2499736809e-01 6.1685034647e-01 -3.0715837619e-02
-1.2374712874e-01 1.2597448233e-01 -3.5452912956e-03
-3.1696067714e-02 -4.8524446956e-01 1.3059828997e-01
9.1981633171e-02 -5.0185676855e-01 6.1029294693e-02
-1.4114817734e-02 -1.4678960823e-01 -4.1209841516e-02
-3.6891171165e-02 -1.2191790084e-01 -5.9303727357e-03
-8.9216651225e-03 -1.0594502460e-01 2.1067436082e-03
-6.2449062197e-03 -1.0289160694e-01 1.6572026817e-02
-3.4222607044e-02 -7.5799812413e-02 -1.1729545300e-02
-4.6631259252e-02 -9.8692054215e-02 -4.8924038508e-02
-8.4310062138e-02 -1.2593555374e-01 -6.8525419911e-02
-1.8302463780e-01 1.8203489132e-02 -1.0295482994e-02
-2.4747758209e-01 4.1814887066e-01 1.5170561176e-01
2.8310811938e-02 7.7499945035e-01 2.9204519540e-01
5.4700829004e-01 8.8605710641e-01 2.2790394516e-01
7.9688037053e-01 7.5486203918e-01 -7.0047875661e-02
6.2409222618e-01 5.2261725582e-01 -2.7329405403e-01
2.7351332559e-01 2.9711649676e-02 -1.5724844144e-01
1.2358524330e-01 -1.9844493452e-01 4.7481164874e-03
2.1072710432e-02 -9.1646951677e-02 -4.6840129001e-02
-5.8637507780e-02 -1.3031637614e-01 -4.0359150418e-03
-2.8893778809e-02 -1.1105138886e-01 1.3629004389e-02
-1.6563856524e-02 -9.4449055068e-02 1.3379856358e-02
-2.2061351058e-02 -7.1214638650e-02 1.5660651281e-03
-2.2636111981e-02 -8.4406782348e-02 -2.5861679179e-02
-3.4468091610e-02 -1.0620629738e-01 -3.7979095537e-02
-7.9675426587e-02 -8.8881445659e-02 -3.6083276007e-02
-3.6149006999e-02 2.3644463055e-01 2.2593189033e-01
2.1283012164e-01 1.3310953043e+00 8.4238823102e-01
7.8402667650e-01 2.3803156098e+00 9.1974712539e-01
1.1811712270e+00 2.4357504239e+00 1.3803701438e-01
1.2480523575e+00 2.3000722163e+00 -7.6681563738e-01
8.9621146761e-01 1.4688566081e+00 -1.0214266985e+00
5.5356607205e-01 7.8607447310e-01 -3.5193499139e-01
2.9600227163e-01 4.3658048079e-01 -2.8684989911e-01
-3.2126458179e-03 -8.4252440430e-02 -4.6335271290e-02
-3.3000828252e-03 -1.1171403823e-01 2.6209555874e-02
4.3028191113e-03 -9.7576874419e-02 1.9561489080e-02
1.5898213048e-03 -6.6786167678e-02 2.8201614176e-02
7.4279387556e-03 -6.8735304849e-02 2.6826593921e-02
7.1566056751e-03 -8.4114003585e-02 2.1490702235e-02
-3.5010260165e-02 -7.4983488318e-02 1.4762872636e-02
-1.2951549686e-01 1.5990313712e-01 2.1287012426e-01
-5.0748806836e-01 1.0750149193e+00 7.8935097437e-01
-8.7807476217e-01 2.4125919963e+00 1.2288854098e+00
-6.7669145446e-01 2.8744821472e+00 5.2178306500e-01
-3.7159112401e-01 3.0348451130e+00 -6.5783615456e-01
-3.1441416664e-01 2.0279219827e+00 -1.2248167746e+00
-5.1317227855e-03 1.1998118936e+00 -5.5055171592e-01
1.4796131753e-01 8.2838506081e-01 -3.9110829683e-01
-2.7401086409e-02 -7.4913186270e-02 -7.5563498284e-02
1.0917973558e-02 -1.1829409772e-01 1.5843129833e-02
7.6288056468e-03 -8.1778458057e-02 4.7934434522e-03
1.0552571307e-02 -6.7222979908e-02 2.6872312808e-02
1.6502906380e-02 -6.7478973881e-02 9.4427088522e-03
2.0969835108e-02 -7.1696030440e-02 1.5336283775e-02
-1.3838106246e-03 -7.1042347279e-02 -8.0071701851e-03
-6.1511249410e-02 -1.0367649481e-02 6.0570884337e-02
-3.5677169982e-01 3.2013370091e-01 2.9784212852e-01
-1.1057928740e+00 1.1336097084e+00 7.3980666102e-01
-1.6814987407e+00 1.8739956283e+00 5.5398060877e-01
-1.5417258468e+00 2.2030859935e+00 -1.6497271162e-01
-9.7632434771e-01 1.1639819326e+00 -5.7791344008e-01
-3.1595495871e-01 8.9549327078e-01 -3.0731078381e-01
-6.3881676171e-02 7.3874149325e-01 -3.3308863797e-01
-3.0839251292e-02 -6.8302154368e-02 -7.1461039228e-02
1.7552396740e-02 -1.0186119304e-01 -1.0103918437e-02
1.4401269013e-02 -9.2378702468e-02 7.3434579464e-05
1.1829123888e-02 -7.1620167089e-02 3.0470392106e-02
2.3088812345e-02 -7.7048604974e-02 2.5076573066e-02
2.3172261048e-02 -8.5173233802e-02 2.7016617889e-02
1.1147338049e-03 -9.1197382179e-02 2.6075399483e-03
-1.4082808872e-02 -8.7653818502e-02 2.4327697989e-02
-7.7397774658e-02 -2.6643138210e-02 5.6032505798e-02
-3.0818089510e-01 1.9563258888e-01 1.9677614707e-01
-7.8217945011e-01 5.7235205978e-01 2.9046235810e-01
-9.9908260254e-01 9.2808956596e-01 1.6475305955e-01
-5.9353317994e-01 7.0180761886e-01 -5.2266107459e-02
-2.2011509828e-01 5.9312114272e-01 -1.1231320308e-01
-1.1167319107e-01 4.1494617509e-01 -1.8279448949e-01
-1.9349151282e-03 -1.1259263287e-01 -4.3497865451e-02
2.9524880403e-02 -1.1149618630e-01 -1.8982778967e-03
1.7700532440e-02 -9.3911926799e-02 1.6263590440e-02
1.0959332786e-02 -6.6705943005e-02 1.8955728578e-02
2.1883514634e-02 -7.2047265149e-02 5.8726015171e-03
1.8659509959e-02 -8.2258890017e-02 -1.9014515529e-03
-8.1155897157e-03 -8.4476636155e-02 -2.1364120143e-02
-1.7150693536e-02 -7.6914839725e-02 1.1716128297e-02
-8.7251802304e-03 -7.1843160282e-02 6.2544325884e-03
-1.7426981662e-02 -4.6728948644e-02 1.3377316713e-02
-1.0592614519e-01 2.6068419973e-02 5.7247151892e-02
-2.4845179275e-01 1.7875319883e-01 1.1498503641e-01
-2.1567234947e-01 2.0312490810e-01 8.3867213504e-02
-1.5201919196e-01 2.5203756872e-01 -6.8084337989e-02
-1.1031604382e-01 1.8743170672e-01 -1.2840674868e-01
-6.7242077355e-03 -1.1260580060e-01 -4.6358723476e-02
2.1824085794e-02 -8.5991170073e-02 -4.8582088860e-03
1.1814877673e-02 -7.2836061660e-02 1.1513257866e-02
-2.0814462847e-03 -7.1063297571e-02 1.1479671736e-02
9.5446648221e-03 -7.9412688222e-02 4.5424684345e-03
3.1339406484e-03 -9.0557908422e-02 -8.5089411722e-04
-1.5473341662e-02 -9.4982027701e-02 -4.5806787976e-03
-2.1945847030e-02 -8.6481730394e-02 2.3203953641e-02
-2.3511280330e-02 -7.2624534247e-02 1.5969690332e-02
-4.4359517638e-03 -6.7031225467e-02 3.0941504083e-03
-9.0669594729e-03 -7.0902540311e-02 -8.8874151175e-03
-3.2941576634e-02 -4.6782711593e-02 2.1343285990e-02
-4.8317276662e-02 -1.1083281926e-02 3.5973859998e-02
-7.0572559654e-02 3.8071868131e-02 -1.4951498912e-02
-4.7933301705e-02 -1.3308569844e-02 -4.3026448347e-02
1.3962803514e-02 -1.1245083224e-01 -2.7792471995e-03
2.8546844859e-02 -8.4126432314e-02 1.8460591987e-02
1.1357342091e-02 -7.0770558392e-02 3.0168649765e-02
-5.0284022438e-03 -7.9549276237e-02 2.3231194797e-03
1.4576503537e-03 -8.3418590511e-02 -7.7856917169e-03
2.0058233326e-03 -9.3621445556e-02 -3.8356971266e-03
-1.8199258745e-02 -1.0360276638e-01 -1.3829950598e-02
-3.3804140738e-02 -1.0068352365e-01 2.7183705837e-03
-2.4941471864e-02 -8.2725572003e-02 -1.3950980296e-02
-1.0386728132e-02 -7.7430626016e-02 -1.0007462962e-02
-3.6079230589e-04 -8.8777144011e-02 -1.7303280415e-02
-9.9127924330e-03 -8.5779705248e-02 3.1342041381e-03
-1.4903188718e-02 -7.6777655060e-02 2.5082995467e-03
-2.4706350555e-02 -8.0751054393e-02 -4.1573084628e-03
-8.8201237972e-03 -1.1891047433e-01 -2.7862391339e-03
-8.2319771194e-03 -1.2119861567e-01 8.2165239484e-03
1.1401074622e-02 -8.8268922566e-02 1.1342834121e-02
1.6613411697e-03 -6.3910012587e-02 2.5202765563e-02
-5.8450173494e-03 -8.6436677161e-02 8.1133972372e-04
-5.8981964381e-04 -9.3694364141e-02 -1.2156227762e-02
-1.0785111477e-02 -1.0438782288e-01 7.4870426498e-03
-2.5636524091e-02 -1.1152601983e-01 -4.5171661700e-03
-4.1730466669e-02 -1.1400834933e-01 7.7864084473e-03
-2.8308442720e-02 -1.0606851409e-01 -1.4744005293e-02
-1.5592922623e-02 -1.0099208021e-01 -7.2808634224e-03
-8.4118583882e-03 -9.9940485629e-02 -4.8348215501e-03
-1.1021690390e-02 -9.5028060066e-02 2.3529408367e-02
-4.0847314752e-03 -9.2298379108e-02 1.1181795799e-02
-9.4787233309e-04 -1.0148129474e-01 1.8671589237e-02
1.9227691070e-03 -1.1412281719e-01 3.9524828153e-02
2.3655687703e-03 -1.1578949575e-01 4.4642393166e-02
1.8176441505e-02 -9.0953890565e-02 3.2371948830e-02
1.4589519355e-03 -8.4667035447e-02 4.2850154582e-02
1.6864506455e-02 -2.8916455181e-02 4.9993189025e-02
2.0207287556e-02 -3.7340886806e-02 5.2611419361e-02
1.7811742564e-03 -4.1958396022e-02 5.4339850625e-02
-5.9670903942e-02 -5.5683707483e-02 -2.0169345042e-03
-5.0377197295e-02 -1.1047993881e-01 1.7855374150e-02
6.5671799323e-03 -1.0912755560e-01 3.0908151996e-04
1.3675741403e-01 -2.1612467405e-02 4.5406405645e-02
3.0198967323e-01 1.0239969913e-01 6.3710433184e-03
3.7291495094e-01 1.5799024514e-01 -4.6148854766e-03
2.6061458457e-01 7.8236882529e-02 -1.1852742120e-01
-2.9388035658e-02 -1.4736855682e-01 -1.6411631564e-01
-1.1379735904e-01 -2.0280378852e-01 3.9730215432e-02
-7.9750895048e-02 -1.0807868265e-01 7.9081726445e-02
2.6516170742e-03 -8.2147941788e-02 5.6862912965e-02
-2.0822035843e-02 -6.3539406094e-02 2.4239749694e-02
2.3163281018e-02 -2.2382672575e-02 4.5963619999e-02
1.1402614135e-02 -3.8856633111e-02 3.1235458706e-02
1.4158327795e-02 -4.0804118107e-02 4.7532530208e-02
-4.8383311598e-02 -4.6540342905e-02 -3.5215973205e-02
4.5562494724e-02 1.9630004711e-02 6.7597934922e-02
3.4559838619e-01 2.7769126670e-01 1.9088596354e-01
7.6345497228e-01 6.5351415358e-01 2.8466060812e-01
1.0282310889e+00 8.8276438876e-01 1.8288575721e-01
1.0115451365e+00 9.4116118800e-01 -7.1646534026e-03
7.0024740437e-01 7.0650603269e-01 -2.8633886578e-01
2.4891365254e-01 2.1451017519e-01 -4.6849598954e-01
-8.4476711091e-02 -1.5856813845e-01 -1.5814345249e-01
-9.3246176059e-02 -1.4952635055e-01 2.2322325015e-02
5.2171854284e-03 -9.9177317621e-02 2.1374718978e-02
-2.0733633553e-02 -1.0006248776e-01 1.4601264303e-02
2.6456419657e-02 -2.1747248145e-02 4.3714860678e-02
1.8304128067e-02 -4.9339222801e-02 3.3631611766e-02
1.9649119858e-02 -5.2122005302e-02 3.8356747646e-02
9.4538623614e-02 7.4346490450e-02 1.0992672473e-01
4.0893871122e-01 4.5572723880e-01 3.8931472679e-01
6.9050263188e-01 8.5028906151e-01 5.4382578935e-01
7.7159982994e-01 9.6987497568e-01 4.5825102180e-01
6.3202932359e-01 8.1977120259e-01 1.4314768874e-01
5.1973805214e-01 7.0819579214e-01 -9.2107049646e-02
3.4236795032e-01 5.0210831825e-01 -2.6838458950e-01
2.0739518000e-01 2.5044979807e-01 -6.7685392519e-01
2.2175807145e-02 4.9137239215e-03 -3.7234152143e-01
-5.5276384478e-02 -1.0961148720e-01 -3.7728345343e-02
3.7325912203e-03 -8.1420034344e-02 9.2005580540e-03
-2.6853178217e-02 -8.5833555165e-02 2.2601972410e-03
1.8177335880e-02 -1.6919236315e-02 2.1150556143e-02
1.2305980570e-02 -5.1260977595e-02 -9.5973157667e-03
7.4353280476e-02 4.2675850956e-02 6.2586776469e-02
3.0207940583e-01 5.0497698759e-01 3.6969846419e-01
6.0534347678e-01 1.0404945076e+00 6.4665487646e-01
4.5475870708e-01 9.0966065463e-01 4.4412181177e-01
2.3555421181e-01 6.5868924274e-01 1.2510365358e-01
4.6036731935e-02 3.0640882281e-01 -5.1038078041e-02
-4.7453905814e-02 5.1608032234e-02 -7.5549723625e-02
-8.7967961457e-02 -1.2080006380e-01 -4.4640788282e-02
-2.5144228122e-02 8.5823459637e-03 -4.1153286355e-01
1.5215622623e-02 8.1728463142e-02 -3.7367491217e-01
-5.0216408041e-02 -4.4790878751e-02 -6.7782494603e-02
3.2221534936e-03 -5.8491651981e-02 -1.2041888719e-02
-2.9189240168e-02 -6.2282187979e-02 -6.4745415573e-03
-2.2781442018e-03 -3.6161343110e-02 -1.0003215781e-02
4.3262257192e-03 -4.2749605996e-02 9.6745946803e-03
1.3092113666e-01 2.4876492740e-01 2.4021627294e-01
3.3482547980e-01 9.0356617325e-01 6.3954484915e-01
4.4479482522e-01 1.1052246219e+00 6.3905135268e-01
1.9867731786e-01 7.7993511303e-01 2.6416614520e-01
3.2932764852e-02 3.7185939209e-01 -3.2478498159e-02
-4.3016458382e-02 -6.5615288138e-02 -7.2973391982e-02
-4.9127464497e-02 -4.3783550934e-01 -3.9479962156e-03
-1.0472597894e-01 -5.9911722322e-01 9.7337688585e-02
-8.3791787917e-02 -3.4464719191e-01 -2.8483698561e-02
-2.5794463572e-02 -4.5377643701e-02 -9.8098755603e-02
-3.3127946919e-02 -6.3036378455e-02 -3.4211259253e-02
6.0134666602e-03 -6.5572326091e-02 -4.8535223959e-03
-2.4655866918e-02 -5.4596839444e-02 1.3322970898e-03
-1.9072591786e-02 -5.4135448566e-02 -8.7310027833e-03
-5.7596229523e-03 -1.4571937147e-02 3.1923368877e-02
3.0061675084e-02 3.6986419075e-01 3.2969197291e-01
4.6090395796e-02 9.3484776157e-01 6.1056563052e-01
1.8065777299e-02 9.5506815614e-01 4.4813683223e-01
-4.8718740930e-02 6.3651272831e-01 1.0442717739e-01
-7.5693132630e-02 1.5703679918e-01 -1.0697636135e-01
-3.2651738532e-02 -3.7367708167e-01 -6.2265737160e-02
-3.2333316375e-02 -8.8395467354e-01 5.8508251949e-02
-6.2579136979e-03 -9.5802823782e-01 1.0705498820e-01
-1.9569995275e-02 -4.4927114008e-01 -8.9197869138e-02
-7.7595669101e-02 1.7015785881e-02 -2.6405918211e-01
-7.6768412620e-02 -3.0418687848e-02 -8.6132202790e-02
-2.9462327756e-02 -6.1330267379e-02 -2.1940988064e-02
-3.5779765169e-02 -5.6449318503e-02 -8.4222760266e-03
-2.7319422481e-02 -6.8215471500e-02 -9.8458876226e-03
-4.5242879526e-02 -4.5417935381e-02 -4.3365645076e-03
-1.2032887173e-01 3.1038807139e-01 2.4975018880e-01
-3.1030183628e-01 9.2442033113e-01 5.5078709408e-01
-3.4530155214e-01 9.7377197859e-01 4.1996197144e-01
-2.5103911916e-01 5.2666317901e-01 1.0185032303e-01
-1.2224700726e-01 9.1389877535e-02 -5.1519477354e-02
-3.3257375004e-02 -2.9830276627e-01 -8.1160606119e-02
3.1582234186e-02 -7.9066836891e-01 4.5301204068e-02
1.1188547524e-01 -1.0002277310e+00 2.2426912099e-01
2.5179712010e-01 -6.8277933384e-01 2.4183137234e-01
8.2000662110e-02 -7.5615243702e-02 -7.5152676571e-02
-5.4399782091e-02 -6.7393412964e-02 -5.1081101201e-02
-2.5399670402e-02 -9.7530827959e-02 -6.7868502298e-03
-2.4991718945e-02 -9.2222758164e-02 1.3107178139e-02
-2.1952717121e-02 -6.0650129630e-02 1.9481491157e-03
-4.8384471023e-02 -6.2725074970e-02 2.9562177373e-03
-1.8136287886e-01 1.7147699580e-01 1.4377568833e-01
-4.1091572846e-01 6.5286984052e-01 3.9976816890e-01
-1.5454553986e-01 8.4202823647e-01 4.9361937820e-01
5.5550888405e-01 5.6684456102e-01 3.8512663071e-01
7.8295883499e-01 1.0346151203e-01 5.4152552828e-02
7.0584454659e-01 -2.8863358630e-01 -1.4320660970e-01
7.8541814008e-01 -4.4819875662e-01 -1.6191457671e-01
7.3621870406e-01 -4.9144600602e-01 -1.3355455848e-02
7.8480518021e-01 -1.3790489036e-01 2.2596564398e-01
5.6061084042e-01 1.4367153564e-01 -1.3660587260e-01
-1.7971141914e-02 -8.5384967824e-02 -5.4818786985e-02
-3.5803348556e-02 -9.9681138527e-02 2.1693306638e-02
-3.0632894263e-02 -8.3615420286e-02 1.2751996737e-02
-1.9145078182e-02 -6.3269969591e-02 9.9741007319e-03
-2.8899316692e-02 -8.1338609448e-02 -1.7374288419e-02
-9.2344823607e-02 -1.5589319090e-02 1.5466318152e-02
-1.0629108674e-01 3.0588764465e-01 3.0144601027e-01
4.6198590742e-01 1.2863923547e+00 1.2160524529e+00
1.1813449742e+00 1.5402174617e+00 1.3110799087e+00
1.2322697670e+00 2.1606790102e-01 1.7582305376e-01
8.4799135711e-01 -6.8816797998e-01 -2.5769846198e-01
1.0796751648e+00 -2.5928369331e-01 -2.7377716344e-01
1.5981003928e+00 6.2699382809e-01 -8.5341476341e-01
1.9632742268e+00 1.7227632472e+00 -7.9138461341e-01
1.8271265319e+00 1.7385873754e+00 -1.0788685643e+00
1.5182970579e-01 4.2492947754e-02 -3.1153471229e-01
-2.7927544238e-03 -1.1934861170e-01 1.1564277808e-02
-1.3019656542e-02 -8.7377742723e-02 2.0593316540e-02
5.3119791927e-03 -5.6024937599e-02 3.4875222219e-02
2.0291047917e-02 -6.6122496823e-02 3.7427550569e-02
1.6691590185e-02 -5.4691859999e-02 4.9505634151e-02
-1.0941740268e-01 1.8398529512e-01 2.8479686217e-01
-5.3821088421e-01 1.1818674028e+00 1.1590521111e+00
-9.3357617661e-01 1.6471556886e+00 1.5712068440e+00
-5.6101577283e-01 8.6069524081e-01 7.9055002988e-01
-2.0729311541e-01 -2.1164837517e-01 4.6628048239e-02
-1.6424032160e-01 2.1119421202e-01 -1.8335303100e-01
-9.6774313280e-03 9.9409422789e-01 -1.0329265068e+00
-1.4082078891e-01 1.1927012555e+00 -9.4154133082e-01
6.2776542645e-01 1.9712568565e+00 -6.6224553734e-01
1.7704614803e-02 1.1354545700e-03 -1.9982984487e-01
1.6216375555e-02 -1.2862828889e-01 1.1497039088e-03
2.8077718694e-03 -6.8731147365e-02 2.1664011163e-03
1.3571480707e-02 -5.7986774319e-02 4.5309167663e-02
2.5160874771e-02 -6.9195942379e-02 3.9561962944e-02
3.5142518147e-02 -6.5795225562e-02 4.6933675304e-02
-4.8215198937e-02 -2.4970666737e-02 7.3089738022e-02
-4.6830421739e-01 2.0600726511e-01 3.5342503603e-01
-1.4957921746e+00 5.0092883256e-01 9.9030385567e-01
-1.9632601421e+00 1.2138254111e+00 1.2407600222e+00
-1.4467546211e+00 9.5572891550e-01 5.6465152589e-01
-1.1165691609e+00 1.0568220343e+00 -3.7766802521e-03
-9.4631339861e-01 2.6859478394e-01 -4.6728954786e-01
-8.1157953142e-01 3.1722931484e-01 -4.3889537745e-01
-2.5804805692e-01 1.4000348885e+00 -3.8483361939e-01
-4.9822251055e-02 -3.8431334582e-02 -1.5422415052e-01
3.6152318933e-02 -1.0930088271e-01 -2.5589616607e-02
3.2457809716e-03 -7.4932224072e-02 -2.7987035545e-03
1.2609370490e-02 -6.2135079211e-02 3.9246222628e-02
2.1259228698e-02 -7.7188882139e-02 3.8625621397e-02
2.2933027180e-02 -7.6738514878e-02 4.0976302158e-02
5.6682136271e-03 -7.7884950521e-02 2.5140377355e-02
-7.2275449223e-02 -4.0817546446e-02 7.1359199906e-02
-3.6696979384e-01 1.9902612005e-02 2.3984034811e-01
-1.0954939142e+00 6.6586525221e-02 4.8965936518e-01
-1.6999748240e+00 2.4982006976e-01 4.8681412870e-01
-1.6365072181e+00 8.7325264882e-01 3.5110329176e-01
-1.0588085186e+00 6.7896784723e-01 4.2676552249e-02
-4.3353718100e-01 5.7445209726e-01 -3.1413227120e-01
-2.7355337905e-01 9.8100779710e-01 -3.6762780058e-01
-2.8477393280e-04 -8.3279673811e-02 -1.5510513623e-01
4.7509698246e-02 -1.1405380216e-01 -1.5778706728e-02
7.5491247207e-04 -7.6314483636e-02 1.3020958513e-02
8.8578659243e-03 -5.3626561346e-02 2.9392889310e-02
1.1499723860e-02 -6.7826398063e-02 1.8564392153e-02
1.5767712250e-02 -7.5371399317e-02 1.3670154348e-02
-5.2427467627e-03 -7.7444219434e-02 3.5825959059e-03
-2.0386994133e-02 -6.0824414202e-02 1.9952902331e-02
-4.9226635877e-02 -4.7302426017e-02 4.9444018320e-02
-2.0057164086e-01 2.1506095074e-02 1.4874592702e-01
-5.6599067789e-01 6.0535391727e-02 2.9908705696e-01
-9.6517262844e-01 4.7043867696e-01 5.0693897029e-01
-7.6943438544e-01 5.8863600852e-01 4.8654565778e-01
-4.6532958665e-01 6.5602145853e-01 -1.7029758177e-01
-4.3518566712e-01 1.0206307120e+00 -2.4087127950e-01
-2.1250628969e-02 -3.5480317659e-02 -1.0186800944e-01
4.0528673014e-02 -9.6578889157e-02 -2.3851465101e-02
-1.1711511884e-02 -5.5065983610e-02 1.5961451794e-02
-8.0151370245e-03 -6.0625857532e-02 3.3429473668e-03
1.1967846406e-03 -7.7426106682e-02 3.7616039062e-04
1.4962827471e-03 -8.4251316729e-02 -7.1496589282e-03
-1.6451502875e-02 -8.6593214456e-02 -9.3264087459e-03
-2.3351665746e-02 -6.8901959886e-02 8.0038587639e-03
-3.6912131049e-02 -5.9846566171e-02 1.3728995161e-02
-3.4365598484e-02 -5.2596306882e-02 3.9475524784e-03
-8.5474056260e-02 -3.3372629992e-02 3.9539916306e-02
-2.1936798486e-01 1.4258653912e-01 2.3157482328e-01
-2.9550273197e-01 4.0581520129e-01 4.3264278279e-01
-4.2067207601e-01 7.4197854535e-01 3.1287520087e-02
-4.5003695057e-01 8.4855550233e-01 -2.5637038629e-01
-3.0772541020e-02 -3.9168036594e-03 -7.4484484274e-02
4.0030306299e-02 -8.7556718070e-02 3.7492031592e-03
-1.0827388405e-02 -5.6172217012e-02 2.8039974156e-02
-6.0544411351e-03 -6.6033592281e-02 9.0307261476e-03
-8.9325060466e-04 -8.2448967269e-02 -2.6650081010e-03
3.5383944017e-03 -8.2791686794e-02 7.6080287417e-04
-1.3678506443e-02 -9.0730620421e-02 -1.1492542517e-02
-2.6538778185e-02 -8.4776566896e-02 -4.9175144667e-03
-3.5510384886e-02 -7.6323607941e-02 -8.5484820156e-03
-2.1326931010e-02 -7.2467483935e-02 -2.1754319036e-02
-5.6023697635e-03 -6.5312985229e-02 3.4183755246e-04
-5.2626039919e-02 3.7457671031e-03 5.5456147043e-02
-1.4083332224e-01 1.7036938321e-01 1.1473003348e-01
-1.9573323528e-01 2.1693937779e-01 2.1018266613e-03
-1.6873842316e-01 1.8345980876e-01 -1.2098113172e-01
-2.6056346168e-02 -5.7495797260e-02 -2.1329478588e-02
1.6958874115e-02 -7.7708801605e-02 5.9226653978e-03
-1.4383912525e-02 -5.1235960603e-02 2.3065083280e-02
-1.0607455945e-02 -8.0865130695e-02 6.1564165551e-03
-4.8652070258e-03 -9.2756045077e-02 -1.1810291365e-02
-8.1459002799e-03 -9.8042518555e-02 -2.6756572455e-03
-2.2474652953e-02 -1.0074815932e-01 -1.2168965289e-02
-4.1776991296e-02 -1.0488472231e-01 -3.7649382308e-03
-4.1634104089e-02 -1.0225428055e-01 -1.8387292582e-02
-3.2334419618e-02 -9.8666711224e-02 -1.8285923888e-02
-1.3955144498e-02 -9.6968178376e-02 -1.1950536947e-02
-1.9055515898e-02 -7.8086600717e-02 1.2760722223e-02
-2.9873424636e-02 -4.3198856114e-02 1.1320007674e-02
-3.1476514412e-02 -4.8177146376e-02 -8.2133243432e-03
1.3080206417e-03 -7.2588265322e-02 9.8578648978e-03
-1.4430795976e-03 -1.0014946038e-01 3.9296378442e-02
1.2131463011e-02 -8.8156549067e-02 3.0075883675e-02
-1.1502173553e-02 -7.9799284748e-02 3.8882958462e-02
3.6733560647e-03 -2.8022518127e-02 5.4404543095e-02
1.9496435035e-02 -3.2389015922e-02 2.6835411359e-02
2.3021410125e-03 -3.5079376159e-02 4.9917964342e-02
-2.1410961739e-02 -5.5423151998e-02 -2.7398920260e-03
7.3194811974e-02 -7.6019091562e-02 6.5864574615e-02
3.2975885443e-01 1.8484352380e-02 1.3043534360e-01
7.3650226198e-01 2.6466610790e-01 2.7563245226e-01
9.2105147072e-01 4.4987305436e-01 2.0257503602e-01
1.1095305544e+00 5.8499279868e-01 1.0299943673e-01
1.1265939933e+00 5.9173603091e-01 -3.2792232783e-01
5.2141469544e-01 1.8518003340e-01 -5.2421223928e-01
-9.1712869830e-02 -1.6736190018e-01 -1.2332745996e-01
-1.1010982217e-01 -1.0689324789e-01 4.6683531242e-02
-6.1352150359e-03 -4.6487851523e-02 3.8301531913e-02
-2.1592346502e-02 -4.8518800191e-02 1.5790907702e-02
1.6704504559e-02 -1.6585194756e-02 4.4991106830e-02
3.0302734020e-02 -3.6997935930e-02 2.0088939357e-02
2.6258296723e-02 -3.2445334039e-02 4.7456864112e-02
1.2605300665e-01 3.9705804214e-03 6.3310018779e-02
5.1998029686e-01 2.2140707527e-01 3.5963500295e-01
9.8994594212e-01 5.5247958179e-01 5.3291298160e-01
1.1185643046e+00 6.2766720385e-01 4.5734453375e-01
8.6434891248e-01 4.7764443873e-01 1.8796670778e-01
6.1661842983e-01 3.5801433111e-01 7.0706047429e-02
6.7168823967e-01 4.7248234278e-01 -2.9627981174e-01
6.5669853957e-01 4.2219673977e-01 -8.1486312447e-01
2.5084525234e-02 -9.4339591692e-02 -4.1396958722e-01
-8.7929769924e-02 -1.2733185807e-01 5.1079640860e-03
-3.3002412362e-03 -7.0872335919e-02 8.3927100956e-03
-1.4038057985e-02 -8.6733177587e-02 1.2255461353e-02
3.5726752109e-03 -1.6865726676e-02 4.2371157141e-02
1.8633921515e-02 -3.9826652941e-02 1.4497658442e-02
8.1527847723e-02 1.4515538260e-02 1.6270915231e-01
5.3403524255e-01 2.9861576703e-01 5.2001596198e-01
1.0043368468e+00 6.3314131055e-01 8.3012558519e-01
7.2801855508e-01 5.2785618170e-01 5.0688637697e-01
4.0081095702e-01 3.4280735833e-01 1.6955585798e-01
1.1839368547e-01 9.1704576812e-02 -9.6270997571e-02
-1.7044078984e-01 -2.2844153304e-01 -1.1189797141e-02
-1.8060345189e-01 -2.0372629073e-01 3.6497659527e-02
1.2745079924e-01 1.2475211986e-01 -3.7762664239e-01
4.1098161915e-02 1.5762775118e-02 -3.3734144136e-01
-6.2269815520e-02 -1.0221199941e-01 -4.0968094722e-02
-9.3851705638e-03 -6.0453507313e-02 -1.3476118741e-02
-1.9594986875e-02 -7.5698578716e-02 -8.5316161955e-04
-7.3794534586e-03 -7.2275026228e-03 3.3926548815e-02
4.4662168918e-02 -1.3800165230e-03 4.5277444253e-02
2.7806971552e-01 2.6229093459e-01 4.5773595505e-01
6.7069248435e-01 6.6144565085e-01 7.9918094536e-01
5.9072983419e-01 5.7684051471e-01 5.8363360728e-01
2.4480817814e-01 3.2760535992e-01 1.9003494524e-01
1.6635724786e-01 3.5594783607e-01 1.4664734335e-02
-2.2595635232e-02 1.2996542270e-01 -8.2589334966e-02
-4.1559806842e-01 -5.1352278466e-01 1.0684574351e-01
-4.7322691295e-01 -8.4249919873e-01 3.0100440407e-01
-2.4357607087e-01 -4.2375208546e-01 1.8436599487e-01
-1.6600959124e-01 -2.4958415041e-01 -3.5506339216e-03
-8.7597467871e-02 -9.5009980224e-02 -2.1886715314e-02
-6.2472626997e-03 -3.9521591386e-02 -3.0022984628e-02
-1.8227840822e-02 -5.8250539121e-02 -8.6746552846e-03
-9.7966759985e-03 -1.4696553395e-02 4.3137802348e-02
1.2553451389e-01 1.2859027587e-01 2.5583904473e-01
4.2814619494e-01 6.3358106224e-01 8.6310627192e-01
4.5149004221e-01 6.5806232310e-01 7.8590092994e-01
3.0099346221e-01 4.2680287927e-01 4.1431315373e-01
8.5192595117e-02 3.2140330481e-01 1.0399311563e-01
3.8693726063e-02 1.6399422785e-01 -2.0819990939e-02
-6.8546478503e-02 -1.6790589871e-01 1.2059866640e-03
-2.0884814691e-01 -8.1763626480e-01 2.1278973811e-01
-3.2015574116e-01 -1.3433028625e+00 4.9888491164e-01
-2.5531531340e-01 -1.2971726836e+00 6.2114781547e-01
-1.6899067229e-01 -8.1827009553e-01 6.8991807851e-02
-5.8910467307e-02 -1.7471014625e-01 -8.0518873337e-02
-6.0499183172e-03 -3.9943817886e-02 -2.2638599616e-02
-1.6365240401e-02 -5.2301198580e-02 -3.2695379032e-03
-1.6847783907e-02 -1.3028292471e-02 6.9738635772e-02
1.0465421971e-01 2.7805103183e-01 3.9560614679e-01
1.7280205043e-01 6.6729038422e-01 7.7923265860e-01
7.2070022586e-02 4.2186229260e-01 4.3961527152e-01
-2.9097536030e-02 1.9793482622e-01 1.4564126140e-01
-5.9440429430e-02 2.0670050693e-01 -1.0706530527e-02
-1.3453337194e-02 2.1605456169e-03 -5.5503927085e-02
-1.9052316771e-03 -4.4258108233e-01 2.9033793663e-02
-3.0691643313e-02 -1.2291937602e+00 2.1863522328e-01
-1.0688303890e-01 -1.7238156847e+00 4.9020881328e-01
-8.7092459872e-02 -1.7201944975e+00 6.8348088507e-01
-2.5220147126e-02 -9.1696980788e-01 -2.2377600817e-01
-7.3196593322e-02 -1.3504655559e-01 -2.0763016348e-01
-3.3992686506e-02 -2.8873813276e-02 -4.8179186543e-02
-2.5901852654e-02 -4.9947254998e-02 -1.1866992890e-02
-2.7285434795e-02 -2.4818210735e-02 5.9501516357e-02
-3.7889584871e-02 2.1353251939e-01 2.5056901276e-01
-1.3583863151e-01 5.2375408695e-01 5.3708334190e-01
-1.8534578616e-01 2.2718420312e-01 1.5322348206e-01
-1.5300067590e-01 -1.6627885892e-01 -8.0784748131e-02
-1.7908490775e-01 -1.5048496379e-01 -1.2365727003e-01
-2.2467352737e-01 1.9893664037e-02 -3.0525092416e-02
-1.4874220702e-01 -2.6374577417e-01 -1.2912790927e-02
4.5314662963e-02 -1.1719532664e+00 1.0274901218e-01
1.3972563928e-01 -1.4745846522e+00 3.7320976666e-01
2.9835952693e-01 -1.2993521182e+00 8.1981840412e-01
2.6978280741e-01 -5.8819166724e-01 1.1676250642e-01
-3.1846059548e-02 -9.7510623249e-02 -7.0443991966e-02
-1.7109565818e-02 -6.4079707442e-02 -1.5618111256e-02
-1.6022812047e-02 -8.3288443156e-02 1.1513028704e-02
-3.9243755467e-02 -5.9747814343e-02 1.8121831007e-02
-1.2533263121e-01 1.0795188818e-01 1.2080554174e-01
-4.2015653928e-01 5.8617205868e-01 4.7520037962e-01
-3.1797314783e-01 4.4234947223e-01 3.0300055472e-01
1.3676758236e-01 2.8894380056e-02 7.9696707353e-02
2.7003042248e-01 -1.9124215161e-01 -4.7090355030e-02
-3.1684297551e-01 1.3247308850e-01 2.0221488022e-02
-6.5436737399e-01 2.7278017084e-01 5.0829660644e-02
-2.2244794434e-02 -4.4271245487e-01 4.6871384817e-02
1.9580121299e-01 -6.4239308560e-01 9.3732052825e-02
6.5384129602e-01 -3.2546197548e-01 3.4471852896e-01
7.5420077166e-01 -1.9304697134e-01 -3.7993010572e-02
-1.0099137044e-02 -8.9090968526e-02 -5.3130093183e-02
-4.1733717898e-02 -6.4485388546e-02 1.1354257185e-02
-2.6503286004e-02 -6.5382258352e-02 1.5662742943e-02
-2.1820479971e-02 -5.1392728247e-02 2.7639633291e-02
-8.5387329046e-02 2.3953757573e-02 3.6904898945e-02
-3.2878006478e-01 3.3039541131e-01 2.6584080336e-01
1.3145948691e-01 6.3584366508e-01 6.8298925623e-01
1.2357938535e+00 8.0846566078e-01 9.4404723518e-01
1.3670325937e+00 -2.7392032284e-01 4.1441349822e-02
6.8866382002e-01 -9.5770510979e-01 -4.8929087116e-01
-1.3093808051e-01 -4.8743554544e-01 -1.4862110482e-01
2.7582797136e-02 -4.0359069273e-01 7.9049548118e-02
4.6254388984e-01 -1.6524413756e-01 -4.1515173152e-01
1.1053229437e+00 4.3352260100e-01 -6.8933050107e-01
1.7612633223e+00 4.5007472948e-01 -6.4589688684e-01
2.4093086925e-01 -9.4697067009e-02 -2.5792226023e-01
-2.2003760983e-02 -8.2630034084e-02 -1.1777976276e-02
-9.0738389721e-03 -7.3060102783e-02 2.0790979464e-02
3.3460961019e-03 -5.0653411252e-02 4.7212944578e-02
1.9913678244e-02 -3.9418982937e-02 3.3996902123e-02
-6.0982145348e-02 4.4498523735e-02 1.2729389327e-01
-1.0394989386e-01 5.1088990374e-01 7.2383228156e-01
-2.1113831188e-01 1.1393140141e+00 1.0977075937e+00
-3.2874032536e-01 5.2592089746e-01 5.6585009418e-01
1.4596211129e-02 -3.5047168581e-01 -1.4216446485e-02
1.2252213689e-01 -4.4196897860e-01 -1.3381150733e-01
-1.0725794159e-01 -2.4964170353e-01 5.4054630187e-02
9.0873593468e-03 1.7491107892e-01 -6.7218831294e-01
-1.7347945668e-01 2.2505338224e-02 -4.5001138189e-01
6.3081307522e-01 5.6085968100e-01 2.6580415853e-01
9.6647604142e-02 -1.1938022443e-01 4.8758980340e-02
-1.3158207869e-03 -6.2901018987e-02 -3.3008716398e-02
-1.5503406278e-03 -3.5562709255e-02 -3.7818579660e-03
1.3298966068e-02 -5.0111614991e-02 4.7974738063e-02
4.0712649432e-02 -5.8175129981e-02 1.6436406927e-02
6.5393617444e-04 -5.4511250789e-02 2.5623334920e-02
-2.7269736727e-01 -6.0203076695e-03 1.0939144243e-01
-8.7788604553e-01 -5.0575093626e-03 2.9997861104e-01
-1.2427671531e+00 3.9385390657e-02 7.0409564837e-01
-1.2485347349e+00 3.6486980635e-01 7.3627433205e-01
-6.2307555228e-01 7.4842344281e-02 2.0057671717e-01
-2.7741043108e-01 -4.3002618341e-02 3.5345474408e-02
-2.1386759344e-01 -1.3712094491e-01 -2.6381805280e-01
-3.2281397491e-01 -1.7447456406e-01 1.1880195489e-02
-1.4023072745e-01 5.2572578469e-01 3.0805743164e-01
-4.8309229020e-02 -8.8847758776e-02 -1.0108104057e-02
2.3493795988e-02 -6.4269156710e-02 -6.5861064810e-02
3.3967062714e-03 -4.7829441618e-02 -4.0145178078e-03
1.5674663308e-03 -5.1766941139e-02 4.2659680364e-02
2.3725866486e-02 -6.3744449724e-02 2.3062956495e-02
1.8865744099e-02 -5.7463706464e-02 3.9814807876e-02
-3.2495667739e-02 -6.6002008260e-02 -2.2244866185e-03
-1.3026652761e-01 -1.7626171890e-01 3.1871223695e-02
-3.6089852820e-01 -4.6797007631e-01 6.1113130134e-02
-8.9834090956e-01 -6.4323477515e-01 1.5489626897e-01
-1.0545716438e+00 -5.0310599042e-01 2.1846843825e-01
-8.0027685691e-01 1.7883837174e-02 2.1758782687e-01
-4.8738135868e-01 1.1177726112e-01 1.0613770802e-01
-7.1087858794e-02 -2.4399497119e-01 -4.1434472051e-02
-6.5127639174e-02 1.8898926568e-01 -8.1944398613e-02
3.5680269418e-02 -1.6378540902e-01 -1.0716506161e-01
4.1762638940e-02 -7.0850263506e-02 -3.8018764585e-02
1.0945836276e-03 -5.3382168434e-02 1.9401016493e-02
-1.2035029133e-02 -4.4721730956e-02 3.8810231701e-02
-4.0380763088e-03 -5.6193383614e-02 9.3028846330e-03
-1.8168765850e-02 -5.5077630493e-02 2.1874442329e-02
-3.9766240032e-02 -4.6839563401e-02 2.4862152020e-02
-6.2343847520e-02 -2.2305897441e-02 6.5718544250e-02
-1.5522379508e-01 2.3603734095e-02 6.0747332471e-02
-3.8254224681e-01 3.6250733739e-02 2.2779437731e-01
-6.3648437667e-01 -4.1734404302e-01 3.6454234282e-01
-6.6151354766e-01 -7.0785650381e-02 4.1935496504e-01
-5.1365709523e-01 4.0452251131e-01 5.1299843365e-01
1.4710222215e-03 -6.2276490380e-02 3.3900239713e-02
-1.2121576395e-01 4.4781857097e-01 7.9207365361e-02
6.2661136605e-02 -8.4096631113e-02 -2.5784767249e-02
3.9173092208e-02 -6.2611760243e-02 -4.5281655490e-02
-1.4140644391e-02 -3.1511271156e-02 2.0134739414e-02
-1.6417156635e-02 -4.7071009321e-02 1.9660665214e-02
-7.2803601193e-03 -5.9814777227e-02 -3.5046232644e-03
-2.6988676457e-02 -5.8415372882e-02 1.2900779554e-02
-5.7670075327e-02 -5.3165409038e-02 8.3060370224e-03
-5.8970456847e-02 -3.1346679770e-02 4.1176224042e-02
-6.0595732589e-02 -1.1322565642e-02 3.2478940071e-02
-7.1197096782e-02 -1.2536763981e-02 5.4948974024e-02
-1.3046251887e-01 -9.1015431566e-02 1.8582732153e-01
-5.1146936489e-02 -1.6595800079e-02 6.6899716310e-01
-5.1997821571e-01 9.7144065963e-01 8.5810750690e-01
-2.3091319387e-01 7.1036603630e-01 2.0892340744e-01
-6.5932596925e-01 1.2979804554e+00 -1.1132609601e-01
-9.5092629422e-02 2.3808864402e-01 -1.0028575885e-01
6.5550094606e-02 -5.9661459719e-02 -2.3575873703e-02
-1.2745971328e-02 -3.5517782154e-02 3.3789898060e-02
-1.8001938432e-02 -5.3000935604e-02 1.2442608680e-02
-8.5248826823e-03 -7.0838064763e-02 -1.5967440087e-02
-3.2157769437e-02 -6.0277157973e-02 -4.5284578326e-03
-4.6954546346e-02 -6.9633687197e-02 -2.2191194621e-02
-5.4835934636e-02 -4.9728464776e-02 -1.5218915698e-02
-5.5244119176e-02 -3.7294708444e-02 -1.6475372474e-02
-4.5659099028e-02 -2.9656048317e-02 -8.0842857282e-03
-7.8732634616e-02 1.0882895406e-02 9.3619833559e-02
-2.0041395279e-01 3.4339508646e-01 4.5837986931e-01
-6.7749594563e-01 1.1122931845e+00 6.1713895615e-01
-5.6102148001e-01 9.3318401650e-01 2.2723855917e-01
-8.6537726165e-01 1.0335382232e+00 -3.7998584624e-01
-2.7242355750e-01 2.6162394235e-01 -2.5727240122e-01
2.0903601302e-02 -2.5853887901e-02 -2.4599509010e-02
-1.7772114741e-02 -2.6928471562e-02 2.4623709371e-02
-1.9920479852e-02 -7.5076958959e-02 -2.9234832793e-03
-8.2839635655e-03 -9.6346281506e-02 -4.4776334470e-02
-2.2913024269e-02 -9.2499289006e-02 -1.5252241547e-02
-4.3855750221e-02 -9.2040636248e-02 -3.8420960897e-02
-5.1557086838e-02 -9.1971803303e-02 -3.0214587506e-02
-4.7763160081e-02 -8.1599697000e-02 -5.0636731442e-02
-3.6077308620e-02 -8.5704678815e-02 -3.8075749795e-02
-5.3853489756e-02 -5.5953027494e-02 -6.4709152014e-03
-1.3843345785e-01 7.9641682237e-02 1.1729098172e-01
-3.3188183843e-01 3.3859544763e-01 1.1497698348e-01
-2.9883525117e-01 2.8374424443e-01 8.4308844798e-03
-2.2376581117e-01 1.6433303980e-01 -9.0278525868e-02
-5.2690515418e-02 -1.1815217849e-02 -2.0577735077e-02
2.8269555229e-02 -5.6879482669e-02 2.0501978511e-02
-4.0180111972e-04 -6.6543353331e-02 3.8994920641e-02
1.4563037640e-02 -1.4971765687e-02 4.0427489224e-02
3.0759507306e-02 -2.3983840470e-02 4.0678615197e-02
2.1669377303e-02 -2.9636188119e-02 5.7478269147e-02
2.3736732656e-02 -5.2796303252e-02 5.1471231042e-02
2.0775262171e-01 -4.4940630888e-02 1.9013998009e-01
7.8749676697e-01 1.5809344325e-01 4.5357202954e-01
1.3650770371e+00 4.3626494457e-01 6.3798802978e-01
1.3919572947e+00 5.9234270334e-01 4.9560342523e-01
1.7154781521e+00 7.1925447115e-01 2.4681451820e-01
1.9668670091e+00 7.8978281673e-01 -4.7487293363e-01
1.1538396550e+00 4.8958248355e-01 -8.4501204485e-01
2.8380228187e-02 -6.0132520910e-03 -2.1812063482e-01
-1.4473321437e-01 -6.4924661819e-02 -1.3909114739e-02
-5.5535795850e-02 -2.3014292572e-02 9.3529687968e-03
-5.5254932405e-02 -2.2850264044e-02 -1.5635982716e-02
1.7290998011e-02 -5.1570875213e-03 3.5280987425e-02
2.7701570239e-02 -3.4989942605e-02 3.0351448953e-02
5.0805250115e-02 -4.2352251745e-02 9.9865513566e-02
2.7346973228e-01 9.2710935916e-03 2.6415600563e-01
7.7642349024e-01 1.9600771585e-01 6.6810505297e-01
9.7882702337e-01 3.4354952558e-01 7.0652948163e-01
7.4293375371e-01 2.8248749414e-01 4.2076690307e-01
3.7250968496e-01 1.4191484596e-01 1.4824409164e-01
-3.9365518526e-02 -6.3437496282e-03 9.3462370132e-02
1.2970494016e-01 8.8536320426e-02 -6.8191882959e-02
4.9832722966e-01 3.2353812304e-01 -4.3203541384e-01
1.8205597682e-01 1.5566060470e-01 -3.0578221597e-01
-6.1454382640e-02 -4.5767866360e-02 -7.4835559941e-02
-2.6523826834e-02 -2.8544098322e-02 -3.3050599157e-02
-3.1674502284e-02 -4.1069497026e-02 -1.2310812480e-02
2.9028081249e-03 1.5370379454e-03 2.6313961567e-02
4.0063031319e-02 -2.4683137774e-02 5.1892279005e-02
2.2126637178e-01 3.4897437036e-02 3.0890351454e-01
7.3657054182e-01 2.2906540373e-01 7.5575368307e-01
7.3548157725e-01 2.2574669144e-01 6.8640551526e-01
3.4889907281e-01 1.2385614143e-01 2.9923049715e-01
1.7903724008e-01 8.5032646934e-02 9.4767068625e-02
2.0437368774e-01 1.2988375338e-01 3.4231759836e-02
-3.4286004336e-02 -6.3842449536e-02 6.8498712937e-02
-7.9288722723e-02 -4.6440612730e-02 2.1001737958e-01
2.6437766157e-01 1.8201615636e-01 2.4805517651e-01
1.4043214917e-01 9.4742338156e-02 5.8539952908e-02
-5.9906020559e-02 -4.9400022076e-02 -6.1104595568e-02
-9.3758747605e-03 -2.6079733216e-02 -4.2263268461e-02
-3.5602417138e-02 -2.9131477494e-02 -2.8634111253e-02
-1.8210436597e-02 2.4734486085e-02 5.6419717584e-02
1.1908874025e-01 5.1261781883e-02 2.2436771881e-01
4.7665228895e-01 2.5287591683e-01 7.4499881009e-01
4.8992807113e-01 2.1979885968e-01 6.6003992696e-01
1.9534429737e-01 5.1752181807e-02 2.6277505381e-01
1.1272129703e-01 4.8809541175e-02 1.4527867389e-01
9.2096057819e-02 6.9207855542e-02 7.9508526994e-02
4.7201422019e-02 4.0212583487e-02 1.0515118308e-01
-1.3724792398e-01 -1.8821731214e-01 1.1782996231e-01
-2.6302297109e-01 -3.9945882155e-01 3.3935365052e-01
-2.5675789658e-01 -4.8682306691e-01 6.5426839491e-01
-2.5095994943e-01 -4.3690156836e-01 3.6337605247e-01
-1.0879822633e-01 -1.1992208351e-01 -2.5589478476e-02
-7.9187020484e-03 -2.9611163918e-02 -5.6360598443e-02
-3.2288148276e-02 -2.9648283390e-02 -3.4723783500e-02
6.8749754346e-03 3.3613453134e-02 1.3072720890e-01
3.1424130293e-01 2.1968612741e-01 5.8130640626e-01
4.0568600105e-01 3.3944119148e-01 7.9518056475e-01
1.9594282298e-01 1.2466623504e-01 4.2012422754e-01
1.3473028163e-01 2.9345322479e-02 2.0591648759e-01
7.7626569532e-02 8.3544330758e-03 1.0776375821e-01
5.0087861746e-02 -9.0689355662e-02 6.8799125142e-02
-2.9271937681e-03 -1.2169051775e-01 1.2503820067e-01
-5.0792673559e-02 -2.5399736515e-01 1.3337539001e-01
-1.7521752042e-01 -6.0885960426e-01 3.5684568733e-01
-2.4827354170e-01 -1.1727944964e+00 5.9867482879e-01
-1.9388936207e-01 -8.8825437131e-01 5.6337772602e-02
-6.5628539931e-02 -1.7629810741e-01 -1.0952138807e-01
-1.3423693035e-02 -3.2337229749e-02 -4.2121624271e-02
-3.5574965775e-02 -3.2009459482e-02 -2.5413631136e-02
5.2766500919e-02 9.2435836235e-02 3.3033906837e-01
2.9469348530e-01 3.9129799190e-01 7.8496337822e-01
1.2000197431e-01 2.9065963858e-01 5.3747805699e-01
3.4631072001e-02 1.0147238517e-01 2.8897720549e-01
5.7842501313e-02 -6.4247496227e-02 1.6334824153e-01
5.2222190483e-02 -8.5840143512e-02 4.6125230646e-02
4.8653546845e-02 -1.4691450095e-01 1.8408399744e-02
2.9786253956e-02 -1.5848500955e-01 1.1303125579e-01
4.0123272257e-02 -2.9027692141e-01 1.5990507308e-01
-5.0573323977e-02 -5.8891583525e-01 2.9796814292e-01
1.9584984656e-02 -1.3800799945e+00 5.8621905991e-01
5.0210987194e-02 -9.5999015313e-01 -1.6318713495e-01
-5.0413396189e-02 -1.1992734232e-01 -2.0004741147e-01
-4.1954569000e-02 -1.5659739641e-02 -7.1683903390e-02
-4.8791785599e-02 -3.3202842298e-02 -3.1888804438e-02
3.7007721477e-02 1.3339400030e-01 3.6603357575e-01
8.0766846756e-02 3.4468403934e-01 5.2335628463e-01
-4.3983361253e-02 2.7368288907e-01 3.6903258051e-01
-3.8233307126e-02 -4.6859783359e-02 4.3030129924e-02
-1.6040884568e-02 -2.3882361321e-01 -3.8776229150e-02
-3.5827760381e-02 -1.4434345326e-01 -2.9614413751e-02
-5.5038116193e-02 -4.1510885275e-02 2.0796953704e-02
-7.6520565278e-02 -3.9555972711e-02 1.1575323427e-03
1.0410102320e-02 -2.2934515336e-01 2.3469821678e-02
3.4908649533e-02 -4.2732768173e-01 2.2491172038e-01
2.2231562466e-01 -9.4869840001e-01 8.5764374054e-01
2.3556098344e-01 -6.4054597322e-01 3.5324999576e-01
-8.3089974103e-02 -2.9004732250e-02 -1.0162938117e-01
-2.4581206829e-02 1.9036321990e-02 -6.8734434357e-02
-3.2727618299e-02 -5.6047463409e-02 -1.6379068655e-03
-4.1294168346e-02 4.5474275861e-02 1.6163409468e-01
-6.2412086750e-02 2.4947508728e-01 2.1537504728e-01
-1.2945575391e-01 3.1199042678e-01 2.8122455699e-01
-6.4757646707e-02 3.4700651187e-02 3.0105349243e-02
-2.3682952684e-01 4.0947885544e-02 -7.3735166935e-02
-2.1678571544e-01 8.4401523982e-02 -3.9376317443e-02
-1.8559001951e-01 1.9911178643e-01 1.0451996495e-01
-6.4286945211e-01 3.0644237713e-01 1.2417861276e-01
-3.8765756848e-01 1.2156504656e-02 3.5672179472e-02
-1.5417493060e-01 -8.5372661698e-02 7.6178025023e-02
5.0550795894e-02 -3.0441342343e-01 5.0261060549e-01
5.0627377201e-01 -9.1849500111e-02 4.1208883657e-02
-1.0168188161e-01 2.0639975024e-01 -3.0875394543e-01
-8.7078568874e-02 4.2187743338e-02 -6.6918775737e-02
-4.0083748379e-02 -4.0044056375e-02 2.5562922824e-03
-1.3399531583e-01 7.5626678182e-02 1.5563254630e-01
-4.2320124300e-01 3.2381913880e-01 2.8100206369e-01
-3.9661455039e-01 3.7618715877e-01 3.0884403634e-01
3.6030173168e-01 3.0001779838e-01 3.4195471974e-01
8.4469929097e-01 -1.0052293614e-02 6.8590130963e-02
7.4915512918e-01 -2.7539549082e-01 -1.8567924175e-01
6.4393175909e-01 -1.4574463046e-01 1.4607546560e-02
-2.2786039465e-01 1.1929499537e-01 9.5901791539e-02
-4.3205425159e-01 6.3490545383e-02 3.2379794032e-02
-1.7231502521e-01 7.3766729118e-03 -1.6418834340e-01
-3.7951128541e-01 -2.9169636026e-01 -3.0319722434e-01
7.2090968392e-01 -1.0238687663e-01 -4.0825480011e-01
2.5481582149e-01 1.6178338446e-01 -4.6826029653e-01
-3.2305563595e-02 -6.1494776978e-04 -6.5514194125e-02
-1.9930795179e-02 -4.8128276158e-02 1.0030828192e-02
-6.7816595821e-02 -3.5130869830e-03 7.2382646658e-02
-3.8492165206e-01 1.0601229651e-01 1.1995833617e-01
-5.9658887184e-01 1.4764120905e-01 9.4334463223e-02
-9.0444459081e-02 2.8207426057e-01 3.2856014789e-01
2.8483010113e-01 2.8822242540e-01 4.4944830322e-02
2.0985991530e-01 2.1022545866e-01 1.0881584051e-01
3.8057370979e-01 3.6478909001e-02 2.1280489555e-01
4.5139818056e-01 1.1109667416e-02 1.0226533539e-01
2.5078407981e-01 5.5114842444e-02 6.6313967830e-02
-1.2501030825e-04 1.6501839720e-01 -2.9135186936e-01
-4.0069469992e-01 -1.1925381270e-01 -2.4027823989e-01
3.1841888861e-01 -6.8886007693e-03 2.9510827122e-01
8.3748814325e-02 -9.5381575374e-03 1.6245374416e-03
-1.7479059398e-02 6.5332779348e-03 -3.9386949126e-02
-1.2700479804e-02 -3.2284783116e-03 -1.3277245618e-02
2.2046959428e-04 -4.3733679989e-02 2.9560732884e-02
-5.1616107283e-02 -5.6333426202e-02 -2.8731347365e-02
-2.4916491547e-01 -1.5897050548e-01 -1.7965096634e-01
-2.9471694305e-01 -2.4699008509e-01 -2.6570063820e-01
-3.6832353245e-01 -1.3463365121e-01 -2.7557995843e-01
-4.0548092693e-01 -3.7172884657e-02 1.2736072220e-01
-3.3780244143e-01 -3.2614945096e-02 2.7444862454e-01
-1.7614065801e-01 -4.5572997927e-02 9.2118110002e-02
-8.0246097039e-02 -1.3028814514e-02 9.4328773268e-02
-6.7854980800e-02 6.1659835188e-02 -4.7345196645e-03
-9.2528929608e-02 7.9469516186e-02 3.6940332374e-02
-7.9570603317e-02 9.7551588203e-02 1.5111301174e-01
-8.3681553512e-02 -2.2387302297e-02 -7.7372766408e-02
-2.9412963001e-03 1.8345815684e-02 -7.8738850871e-02
-5.3706953778e-03 -5.8840813606e-03 -1.9802322458e-02
-6.7966148651e-03 -4.6352857469e-02 2.6136885403e-02
1.7948831391e-02 -5.5121630595e-02 1.2823977334e-03
-6.2384833156e-02 -7.3182782374e-02 -2.4585052246e-02
-2.0595328621e-02 -1.5882967100e-01 -1.8992070279e-01
7.3018383857e-02 -3.6906933634e-01 -2.3895562271e-01
-2.2496606772e-01 -5.4496507971e-01 -9.2755574069e-02
-5.0857914304e-01 -4.6595671023e-01 -1.2670693255e-01
-5.1899811199e-01 -4.1842278598e-01 8.2711353055e-03
-2.8252720034e-01 -2.1336368841e-01 1.0201499944e-01
-1.6766270561e-01 -9.3734380031e-03 9.9469370488e-02
-4.7718372621e-02 -3.3278571515e-02 3.4797934893e-02
-7.4156753047e-02 2.8999654647e-04 -4.8144321607e-02
1.9942242536e-02 -4.6591684794e-02 -8.5374280009e-02
1.1385294620e-02 1.9526567504e-02 -5.2684829471e-02
-8.5759899214e-03 -6.8104663435e-03 5.9116652846e-03
-4.0233763202e-02 -2.7994200826e-02 3.3539816924e-02
-9.5874998894e-03 -4.3966453745e-02 1.9443082549e-02
-5.7882687213e-02 -3.2451864638e-02 4.1934013541e-02
-6.4682771347e-02 -1.2718747891e-02 1.9635725173e-02
-1.4204907124e-01 -2.4150218241e-02 4.6980866287e-02
-2.3096498629e-01 -1.7544919917e-01 -2.1473698127e-02
-1.8861071504e-01 -3.4463760067e-01 -2.8869477790e-01
-2.5971014700e-01 -4.6201817098e-01 1.0117255290e-01
-3.1390528148e-02 -4.3884427820e-01 2.0608264049e-01
-1.4431504814e-01 8.4582626411e-02 3.1525473226e-01
9.1172304950e-02 -3.4869303115e-02 1.9241052934e-01
-8.0446059016e-03 1.8850070141e-01 2.4647993308e-01
6.2477015372e-02 4.0546008450e-02 1.7874829687e-02
4.6327008531e-02 1.0082545909e-02 -7.2332516459e-02
-2.6578349209e-02 2.6920314825e-03 4.3648736430e-04
-5.0333722500e-02 -2.5982189622e-02 1.5968936070e-02
-2.2580565047e-02 -4.3491043197e-02 6.6365627388e-03
-5.7367994465e-02 -3.4863648753e-02 4.6713045987e-02
-6.2630788641e-02 -2.3733188166e-02 5.6224244261e-02
-7.5020280178e-02 6.6422186573e-03 1.0542975961e-01
-5.2022182707e-02 -3.4321601435e-02 3.1327877856e-02
-6.8844295674e-03 -1.2498600566e-01 -2.1432577278e-02
9.3119749220e-02 -1.6807452286e-01 3.4186388559e-01
3.1765503652e-01 -2.4109494981e-01 5.5042817112e-01
-3.2560328147e-01 4.8867961144e-01 4.9947072931e-01
1.8616613852e-01 3.7159964012e-02 4.2573314319e-01
-5.7871545913e-01 5.7053756683e-01 5.5464029635e-01
-3.4557950480e-01 3.0001471354e-01 7.9665155471e-02
8.7615524984e-02 -1.0514001357e-02 -5.4976559822e-02
-2.4395028797e-02 -1.5372375909e-02 1.5445564653e-02
-5.0483462351e-02 -3.4280127410e-02 2.3538561021e-02
-2.7254913797e-02 -5.5825692094e-02 1.0156764358e-02
-5.8219150180e-02 -4.8759412343e-02 4.2848190084e-02
-7.2680212637e-02 -4.4527052292e-02 5.6977493427e-02
-9.0704887931e-02 -1.4861197784e-02 7.4010121375e-02
-6.9732604425e-02 -1.7266296269e-02 5.3182832247e-02
-9.7239937428e-02 1.0487476423e-02 9.1605548955e-02
-8.5838400137e-02 1.5331535413e-01 4.8730763346e-01
-2.2343150573e-01 5.7728187298e-01 1.0442046385e+00
-1.1194226293e+00 1.2745343712e+00 5.5101861600e-01
-6.1307041223e-01 7.4733056809e-01 2.9971653352e-01
-1.5037383400e+00 9.2452399832e-01 -2.1391237383e-01
-9.5115234489e-01 4.8803762936e-01 -5.1693236292e-01
-2.8793038911e-03 2.6335572269e-02 -9.3349900101e-02
-3.0505165928e-02 -7.3015485648e-03 8.0102458471e-03
-3.5748885228e-02 -6.3454894375e-02 1.5773962073e-02
-1.5732700427e-02 -9.5870150802e-02 -2.1267924050e-02
-4.1886241194e-02 -9.1018683499e-02 2.5113549013e-02
-5.8832395700e-02 -8.7574600052e-02 -6.8406979021e-03
-6.7780696566e-02 -7.9519599793e-02 1.0690782769e-02
-4.4674788303e-02 -7.3768864451e-02 -2.3611036819e-02
-6.4695876062e-02 -6.3955927932e-02 6.5573313762e-03
-1.7765651784e-01 7.4688259007e-02 1.8751033285e-01
-5.0781444970e-01 5.4743379663e-01 6.4105905133e-01
-1.2171943600e+00 1.1524482734e+00 3.8512972891e-01
-9.7990774644e-01 8.7073057563e-01 -6.6259995675e-02
-8.1888177119e-01 4.7303005748e-01 -3.2782321699e-01
-3.8036528303e-01 1.3504732564e-01 -2.7956639785e-01
2.8108224487e-03 -1.7237827217e-02 -1.5876208674e-02
-1.8400002254e-02 -4.4177063113e-02 2.7425839381e-02
4.0100961438e-02 2.7677882538e-03 4.7818652571e-02
5.5630027971e-02 -3.4312097596e-03 5.9623176639e-02
5.1419395154e-02 -1.4037148933e-02 9.1304972318e-02
8.9905992243e-02 -4.5514438802e-02 1.2606953352e-01
3.7765971366e-01 -6.2096803148e-02 3.3214454433e-01
1.1774489318e+00 3.2885925729e-02 7.2949013104e-01
1.7223547198e+00 1.4916135600e-01 8.6918845584e-01
1.8123935497e+00 1.9458328916e-01 6.8792189436e-01
2.1365074898e+00 1.7362235778e-01 2.9771385985e-01
2.2928309578e+00 1.5508271551e-01 -5.4515509089e-01
1.5109559023e+00 1.0609745326e-01 -9.0995307724e-01
2.0117674389e-01 -7.3131972829e-02 -2.4677787893e-01
-1.1743086932e-01 -1.0573974207e-01 -3.6436184385e-02
-7.5888603768e-02 -6.7238664152e-02 1.3173655271e-02
-4.1047269935e-02 -4.1415205523e-02 -7.9691719756e-03
3.9849008703e-02 7.2595255157e-03 3.6803406617e-02
5.6788740049e-02 -1.1038739186e-02 5.0476278628e-02
8.8933950785e-02 -2.6950717062e-02 1.2912014408e-01
3.6783287638e-01 -2.5070019102e-02 3.8278596504e-01
8.7573714714e-01 3.0499412017e-02 7.7570940053e-01
9.5368554728e-01 6.6571957769e-02 7.1968435180e-01
6.0621367929e-01 2.9460600658e-02 3.6145033943e-01
1.4124672544e-01 1.0232792575e-02 8.9698084669e-02
-3.5254538703e-01 -7.5179903325e-02 1.1999411014e-01
-2.0317984213e-01 -6.0443557138e-02 1.1805232610e-01
3.9044996460e-01 1.0533630635e-01 -1.5317362602e-02
6.3087527067e-01 1.1532395815e-01 -2.9447603949e-01
6.1368050212e-02 -2.8704357250e-02 -1.6872144297e-01
-3.5969761109e-02 -3.2619673426e-02 -3.1722367913e-02
-1.9331278738e-02 -4.1903796411e-02 -1.2198100095e-02
2.3385817574e-02 2.1893195206e-02 3.4353227958e-02
7.2057877149e-02 8.1320817774e-03 8.6968650697e-02
2.7661074797e-01 1.7282361460e-02 3.6552393005e-01
6.4375936390e-01 1.6188516786e-02 6.7715945803e-01
4.3587428323e-01 -5.4759443408e-02 4.7526365840e-01
3.0554261951e-01 -4.1296106045e-02 2.6643719707e-01
2.1193849237e-01 -3.8033366278e-02 1.5440174974e-01
1.8400000429e-01 -9.7897806932e-03 1.1617746204e-01
2.7442137569e-02 -3.6676961145e-02 1.1175394877e-01
2.4551533798e-02 6.2551761449e-03 1.8170285400e-01
5.9435016841e-01 1.3517267219e-01 3.1795471507e-01
7.2098465187e-01 1.4667659873e-01 7.6183854368e-02
5.2350987784e-02 -1.6214250775e-02 -1.0842877252e-01
-4.2231318690e-02 -3.0800015231e-02 -3.4076315319e-02
-1.1034321240e-02 -3.2589778309e-02 -2.3898454029e-02
6.7037595424e-03 3.9340578699e-02 6.8672707677e-02
1.6194474904e-01 4.4782609536e-02 2.6258587673e-01
4.0787026416e-01 7.9315937842e-02 5.9359306758e-01
2.1568998975e-01 -5.9491433726e-02 3.2903724032e-01
-1.3599874682e-02 -1.3699357598e-01 6.0947379199e-02
8.9280925340e-02 -9.2288120874e-02 1.1605632545e-01
7.0002833714e-02 -9.0745562093e-02 1.2903823152e-01
5.8323745346e-02 -1.1600546295e-01 1.5487789182e-01
5.6557887127e-02 -9.1232895165e-02 1.2713544866e-01
4.4034333204e-02 -5.9669639527e-02 1.5352539575e-01
1.5280298817e-01 -4.1273011176e-02 2.4354441021e-01
6.1055318737e-02 -8.6818221597e-02 1.6926268502e-01
-6.4590968428e-02 -8.1084466940e-02 -4.5745402091e-02
-1.5405797856e-02 -5.3760888000e-02 -3.8755708552e-02
-3.9302245906e-03 -4.2444725428e-02 -2.9571244419e-02
5.0083001464e-02 3.6050007386e-02 1.8851827905e-01
2.8999392013e-01 9.9022493263e-02 4.8290560499e-01
1.0180455227e-01 3.4866038581e-02 2.8351211685e-01
-5.9077363170e-02 -1.0438229174e-01 1.7488614035e-02
1.6167785123e-02 -1.1851567326e-01 7.2741126931e-02
4.2913696175e-02 -7.3821681127e-02 8.5674167961e-02
6.7006147668e-02 -1.1097905308e-01 1.0730959528e-01
3.6509174251e-02 -1.1165669093e-01 1.4892779528e-01
6.7560624039e-02 -1.0713960002e-01 1.3178961749e-01
3.4153243495e-02 -1.0193409953e-01 1.2422469713e-01
1.6571668520e-02 -1.8525994202e-01 1.1634178962e-01
1.2183684264e-02 -1.2116518815e-01 1.8188684377e-02
5.1942027735e-02 9.8858059973e-03 -7.6907529443e-02
2.0643908794e-02 4.0428151974e-03 -4.8370722528e-02
-1.4990310075e-02 -3.7663863738e-02 -2.8357393046e-02
1.9427720064e-01 9.8962884711e-02 4.9802507943e-01
2.4357590970e-01 1.4858764368e-01 4.7649097275e-01
-1.3830566241e-01 -4.1676073271e-02 -7.7017732936e-02
-5.5700447464e-02 -1.2893213090e-01 3.1801584864e-02
6.9531304179e-02 -1.4871000871e-01 1.3125241271e-01
6.2989351470e-02 -1.2584635057e-01 6.6260216028e-02
4.6591990774e-02 -1.3329967683e-01 7.2932660658e-02
1.3545660341e-02 -1.3234535277e-01 1.3259498019e-01
3.7950276014e-02 -1.0878160394e-01 1.0756127825e-01
1.5117163535e-02 -1.0017115007e-01 6.8683469724e-02
2.6041644527e-02 -2.0529277223e-01 6.0871698957e-02
1.3075382283e-01 1.8819160567e-03 -1.6037769624e-02
2.7175927807e-01 4.5423870463e-01 -1.8870299242e-01
1.6454761533e-01 3.0881983541e-01 -1.9935352070e-01
-1.0762074040e-02 -4.7663968050e-03 -5.8627931542e-02
1.9427991900e-01 2.0607471776e-01 6.4340016419e-01
1.0372752422e-01 2.1635601545e-01 2.3578779380e-01
-6.2930330702e-02 -8.2446537009e-03 -8.9781818383e-02
3.0200902502e-02 -1.6563839283e-01 9.2470831019e-03
4.2418702198e-02 -1.8825369926e-01 2.9220523312e-02
2.7297735813e-02 -1.1539962667e-01 -5.6789987807e-03
8.6845136909e-02 -1.0465180779e-01 2.4803252117e-02
1.2537971363e-01 -4.8021744265e-02 2.9282847295e-02
6.3646893810e-02 -2.8454149346e-02 -2.0814776555e-02
3.0153129360e-02 -4.5340962718e-02 6.2739115357e-03
6.6608330629e-02 -2.4939782067e-01 2.3353977183e-01
-9.7513973615e-02 -3.4204262793e-01 1.2236120402e-01
-7.7357810018e-02 3.4911604023e-01 -2.3264548948e-01
1.6733638686e-01 5.1325013449e-01 -2.7850962788e-01
1.3639858911e-02 2.2996017718e-02 -3.3755627923e-02
-8.2007193723e-02 2.7062385542e-01 5.8617112682e-01
-2.6644443014e-02 3.1949283779e-01 2.9738517507e-01
3.5504368443e-01 -1.3898326876e-01 -6.9734186177e-02
2.8943612551e-01 -2.5728980000e-01 -7.6216516258e-02
-2.3031024594e-01 4.7642190251e-03 -3.7963849709e-02
-1.1357108954e-01 -1.8368695884e-04 -4.7793756474e-03
6.2472787199e-01 -8.1346508688e-02 1.1274261132e-01
4.0045140325e-01 9.4852076289e-02 1.2639358962e-01
-3.3733483286e-01 -3.8739610278e-02 -1.7268585749e-03
-1.2346795129e-01 -1.2183229770e-01 8.6268948803e-02
2.7650064620e-01 -3.2534594882e-01 3.5128100530e-01
4.7023782444e-01 -2.3943517171e-01 -1.7133665328e-01
-3.7142117498e-01 4.7794179527e-01 -6.1658441393e-01
-1.6757771932e-01 4.2022272290e-01 -2.5054004756e-01
-1.6659529009e-02 2.8190675116e-03 9.5603444457e-03
-4.7926814023e-01 3.4972001116e-01 6.7752613986e-01
-8.1843748856e-01 5.5137238988e-01 7.2064853693e-01
-1.3524786201e-01 1.2225246485e-02 1.3981584407e-01
2.6663773035e-01 -1.0294866760e-01 1.2756004704e-02
-2.0138606564e-01 7.6183853800e-02 -5.1704997324e-02
-1.1848461855e-01 -2.0892648905e-02 -6.7801588931e-02
6.0180114025e-01 -1.6343478907e-01 7.4320210948e-02
1.3653134240e-01 -7.0414038905e-02 9.6548803943e-02
-6.3700389396e-01 -1.6727088882e-01 3.5155855967e-02
-1.6608969665e-01 -1.6540793292e-01 1.6208614693e-01
-3.7079522575e-01 -3.7771932877e-01 -1.0546035258e-01
5.3578266005e-01 -1.0190837106e-01 -5.2645578950e-01
1.4295505154e-01 3.6484459289e-01 -4.3352766215e-01
-1.7603152252e-01 1.4290674649e-01 -1.3891197972e-01
-1.5816058882e-02 -3.4271706769e-02 5.0999843108e-03
-2.4381553070e-01 7.2803940782e-02 1.9102416808e-01
-9.5430699367e-01 3.4659791085e-01 3.1276995770e-01
-1.2828203852e+00 1.3387555479e-01 -1.5436980189e-01
-5.5451301796e-01 -2.2893170344e-02 -3.4272616175e-01
7.0115271601e-02 6.5579499665e-02 -1.2222766371e-01
1.8948652483e-01 1.0694410768e-03 6.2000133871e-03
1.5569293655e-01 -8.3713540071e-02 9.4914267358e-02
6.0202631447e-02 -1.2072159326e-01 7.0248934857e-02
5.0472273337e-02 -7.1310329511e-02 1.0762903205e-01
9.2085500622e-02 -2.4295483284e-02 1.7913369447e-01
-4.0175530135e-01 -2.0548450168e-01 1.2185054062e-02
1.7454523284e-01 -1.6009748277e-01 9.8532325786e-02
1.0495381406e-01 -1.1159714619e-02 2.3781637303e-02
-6.4650376415e-02 7.5189429629e-03 -5.7815877395e-02
-1.6831620820e-02 2.7948102127e-03 -2.1910055134e-02
-2.5237236329e-02 -4.3527232287e-02 3.1997203891e-03
-2.7806287839e-01 -2.5799357356e-02 -2.7883248586e-02
-4.1267959905e-01 -5.6577992011e-01 -7.4012886326e-01
1.8053055047e-02 -8.1920765063e-01 -1.0510083260e+00
1.6647482964e-01 -1.3606556290e-01 -5.7218233167e-01
4.2616909426e-02 -4.9039407192e-02 -1.6024477373e-01
-7.7954251951e-02 -5.5981941407e-02 4.1786397311e-02
-9.5292358941e-02 -5.5549035322e-02 6.0357778704e-02
-7.8299864254e-02 -2.3388455075e-02 6.9524867021e-02
-7.9832871234e-02 -1.2175701839e-02 5.4786695713e-02
-1.3810113765e-01 -1.0626478809e-02 7.4862729192e-03
-1.4931558957e-01 -1.9243515553e-02 -2.2381860038e-02
-1.1618317939e-01 1.3851525786e-02 -9.3023387440e-02
-1.9003355057e-02 1.2800092241e-02 -8.7237696722e-02
-1.6115878395e-04 2.2337401531e-03 -2.7180106577e-02
-3.7120310709e-03 -3.8136425652e-02 1.6984714521e-02
-6.1483851139e-02 -5.5170691673e-02 -3.0730063348e-02
-1.7322566628e-01 -2.7127624771e-01 -1.5479410898e-01
1.6049514219e-01 -6.2038999462e-01 -4.0683923953e-01
5.1405734473e-01 -5.7819768385e-01 -7.0047851002e-01
7.3934376120e-02 -4.5329868916e-01 -4.2093587107e-01
-1.3050191039e-02 -3.7917186823e-01 -3.1413024520e-01
-1.1226852468e-01 -1.5912291839e-01 -7.8285970205e-03
-9.6799493563e-02 -4.8413696188e-02 8.8385378650e-02
-8.7858046207e-02 -1.7255265820e-02 2.1402346180e-02
-5.4322028415e-02 -1.4091734694e-02 -2.4222551816e-02
-4.8398594822e-02 -1.5372011188e-02 -6.1819647668e-02
-4.0838836254e-03 2.0087656658e-02 -9.9828963355e-02
-1.6429505776e-03 3.7528647375e-02 -6.1818964675e-02
-6.8408529907e-05 -5.2418996115e-04 -1.5555232128e-03
-3.6803715436e-02 -1.5466133528e-02 3.4762642665e-02
2.6546997909e-03 -2.4221201158e-02 1.7079563616e-02
-6.7026428688e-02 -3.8930074597e-02 2.8230990875e-02
-1.4760932917e-02 -1.8352627550e-01 -6.4313865581e-02
1.4104516147e-01 -3.0438207967e-01 -2.4595045722e-01
3.0638697496e-01 -5.6816710642e-01 -4.2198560475e-01
5.1818053884e-01 -8.3315548093e-01 -7.4461301400e-01
1.1702202429e-01 -2.9318289724e-01 -5.0010766070e-02
-2.0801062838e-02 -6.6148546647e-02 2.1125078269e-01
-1.0271250393e-01 3.2716261120e-02 1.1810954152e-01
-2.9767060248e-02 6.2791163725e-02 6.7585451638e-02
-1.1173036371e-01 2.4921569919e-02 1.4186116185e-01
8.3049560582e-04 -2.6322706522e-03 -1.0544003185e-02
7.9268113171e-02 2.9192819343e-02 -7.2358300063e-02
-4.9369278288e-03 5.7355108275e-03 1.7495340131e-03
-4.6298818124e-02 -1.4332992609e-02 4.2300333107e-02
-6.0739799470e-03 -2.2491080865e-02 3.9400154819e-02
-3.8034930440e-02 -1.8498298993e-02 7.4963138906e-02
-4.4580896974e-02 -1.8226019644e-02 8.3283391673e-02
-4.7519721185e-02 -3.1294005989e-02 8.2528430619e-02
3.6956791316e-02 -1.8736387154e-01 -1.2228883345e-01
2.2552480476e-01 -3.5226445195e-01 -1.8448180833e-01
2.3778989405e-01 -1.1762783456e-01 3.4877399363e-01
8.6098603209e-02 -2.0964360436e-02 4.7219624685e-01
-1.1323795957e-01 7.0906288279e-02 1.9106471035e-01
1.9854258065e-01 -1.3948176546e-01 3.8210205487e-01
-5.6721175354e-01 -1.3526644291e-01 8.5676230865e-01
-5.7094237507e-01 -5.1016247501e-02 2.3842151977e-01
9.3211622140e-02 -5.9696562704e-03 -5.1472577706e-02
1.3910587856e-03 -5.8674881154e-03 7.9954919022e-03
-3.9626226784e-02 -2.5589305073e-02 3.7996514987e-02
-1.3381484983e-02 -3.9751214392e-02 3.0364499536e-02
-4.2727355238e-02 -3.9510722461e-02 6.6276012264e-02
-5.1134409129e-02 -1.9541700609e-02 8.7171812637e-02
-5.5955278435e-02 -6.5781332572e-04 9.4837857603e-02
-7.3243814307e-02 3.0976796969e-03 6.7522406208e-02
-1.7682438439e-02 1.0204184676e-01 2.3880714912e-01
1.4001749800e-02 3.1785581897e-01 8.5121651093e-01
-1.8407745645e-01 3.5590448227e-01 8.0302484632e-01
-2.5593674754e-01 3.2394217561e-01 1.2029228623e-01
1.0729920122e-01 1.0350924468e-01 2.7009152301e-01
-9.7759528584e-01 6.5783817742e-02 1.2458144391e-01
-1.2301875889e+00 1.2208980493e-01 -4.5212714924e-01
-2.1493458519e-02 2.4996398976e-03 -1.1591548847e-01
-1.2172005714e-02 -6.9650579256e-04 6.3799690213e-03
-2.6977013923e-02 -6.1901891970e-02 2.8961496925e-02
8.3960156699e-03 -7.9398157817e-02 2.2097923090e-03
-2.3972712869e-02 -8.4515726592e-02 4.6484651077e-02
-4.4454232390e-02 -9.1424583110e-02 1.7614529145e-02
-5.1141561588e-02 -7.2233956082e-02 4.4293622070e-02
-4.0199491839e-02 -7.2762493047e-02 -4.4044134463e-03
-9.0575737063e-02 -8.6491044885e-03 1.2756486094e-01
-3.3366318712e-01 2.9151642301e-01 6.2551119417e-01
-1.1003293505e+00 7.8219685289e-01 1.1011331042e+00
-2.0296968032e+00 1.1067364422e+00 1.9515653900e-01
-1.5159984436e+00 7.7950833824e-01 -4.8324894763e-01
-8.3548911827e-01 2.7971829555e-01 -5.0577680978e-01
-5.4761323383e-01 8.9150035697e-02 -4.7312715226e-01
-1.5063772845e-02 -1.0427512002e-03 -6.2286379963e-02
-1.7240451521e-03 -3.1384530531e-02 1.3394577806e-02
4.4467003277e-02 2.3645043243e-02 5.2260065755e-02
5.5291973222e-02 2.9080349309e-02 8.6349757101e-02
4.8408724940e-02 1.8256089748e-02 1.0283864237e-01
8.2122422818e-02 -1.5554664901e-02 1.3644172180e-01
3.8414585015e-01 -1.0601535335e-01 3.4142919584e-01
1.0536993586e+00 -2.2635387368e-01 6.7881633841e-01
1.5938660698e+00 -3.3986936705e-01 7.8326575182e-01
1.8620881400e+00 -4.4348323761e-01 6.4349953447e-01
1.9607073764e+00 -5.0235461921e-01 2.5948460731e-01
1.9791007099e+00 -4.4042950564e-01 -3.8212057156e-01
1.5053320470e+00 -1.7973865085e-01 -7.4542690869e-01
3.5797959563e-01 -9.4669560136e-02 -2.7205613259e-01
-9.6523855449e-02 -9.2235872769e-02 -4.4344284188e-03
-7.9217169269e-02 -7.3064012621e-02 2.7636109181e-02
-5.3942689094e-02 -2.9085435853e-02 -1.1868775061e-02
4.8518983027e-02 3.5457133008e-02 5.1168118690e-02
4.6776278968e-02 2.1177961222e-02 7.6930448504e-02
7.4368904509e-02 1.2863585557e-03 1.3291168764e-01
3.5776428984e-01 -7.4162584229e-02 3.7323174983e-01
9.3596691118e-01 -1.6675625824e-01 7.9241677896e-01
8.7935721896e-01 -1.8400963678e-01 6.8872688221e-01
4.0109782579e-01 -1.5277692673e-01 2.9105273832e-01
-7.9128048672e-03 -1.1959294566e-01 8.9510875581e-02
-3.6261354864e-01 -8.4890541978e-02 8.7257724888e-02
-2.5480884128e-01 -8.1338299585e-02 2.0539015562e-01
3.2206792549e-01 -3.8965194749e-02 1.0899289250e-01
9.4750038444e-01 -1.1298109903e-01 -4.0796954203e-01
1.6860797400e-01 -5.0039731517e-02 -2.3092807686e-01
-2.3925729860e-02 -5.2428094749e-02 -1.2040012299e-02
-1.7115781004e-02 -2.0255071405e-02 -1.4121192625e-02
3.1424759844e-02 4.3050839657e-02 3.6320176504e-02
5.4198575031e-02 2.8624458585e-02 8.5614191526e-02
2.1752575158e-01 -6.4620108728e-03 2.6618779168e-01
5.7892800001e-01 -1.0372580877e-01 5.3495181558e-01
3.4767573553e-01 -1.2262372116e-01 3.4470119852e-01
7.4803069255e-02 -6.5236159040e-02 1.4829564867e-01
1.3410941787e-03 -5.6531272840e-02 7.3312693831e-02
-6.3924481539e-03 -5.0593732372e-02 7.1444216286e-02
-6.5106800742e-02 -3.6835123416e-02 9.0243700458e-02
-6.3399526107e-02 -3.5928593177e-02 1.8759055704e-01
5.3119589163e-01 -1.7566223904e-01 3.4872798920e-01
9.7546885629e-01 -3.2227671906e-01 1.6530046278e-01
1.4110225601e-01 -8.4332520821e-02 -1.1298739484e-01
-1.3938538572e-02 -2.1294534888e-02 -3.2194928563e-02
-1.7747778618e-02 -1.2224719996e-02 -3.1467184951e-02
-3.8522378040e-03 6.0453184393e-02 4.7007420443e-02
9.8112354518e-02 2.5881090107e-02 1.7365255441e-01
2.4212061922e-01 -1.4335388183e-03 3.4088091465e-01
9.2943236706e-02 -7.0461352361e-02 1.0926018821e-01
-1.6446901308e-01 -4.0640340107e-02 -1.1885838326e-01
-1.0844390346e-01 -2.7334530330e-02 -3.4935925769e-03
-1.9758879299e-03 -8.1392058781e-02 7.6131639929e-02
5.5594037027e-02 -1.4286996199e-01 1.3603325158e-01
7.9109711919e-02 -1.1804057299e-01 1.2194896373e-01
4.6646388587e-02 -9.4359124239e-02 1.1762743316e-01
2.1135170069e-01 -1.8125128626e-01 1.8228450969e-01
2.1028493013e-01 -3.5732402378e-01 2.4367629956e-01
-6.4704915059e-02 -1.3031987886e-01 2.0781065241e-02
-9.1961713949e-03 -3.8618185119e-02 -3.2840313538e-02
-1.3306230462e-02 -3.3772365080e-02 -3.5856061737e-02
1.1456943087e-02 3.2207855165e-02 9.9590255941e-02
1.1843693766e-01 1.2053291543e-03 2.3303368787e-01
-1.4319260625e-01 6.7525369472e-03 -6.8569051055e-02
-2.6820118329e-01 1.5352833556e-02 -2.1038904701e-01
-1.5235292834e-01 -1.6286186863e-02 -8.4319421489e-02
-1.4071009333e-02 -5.1921043222e-02 5.4273288137e-02
5.7853422167e-02 -1.1139095638e-01 8.4170625306e-02
5.0953664764e-02 -1.5894580377e-01 1.2044826116e-01
8.1924047476e-02 -1.4863351367e-01 1.0547992162e-01
1.9790513958e-02 -8.2832750799e-02 8.9877048013e-02
4.8516312281e-02 -9.4522684075e-02 5.3224211761e-02
6.6786097484e-02 -1.1431832110e-01 5.8002376117e-02
1.8816950535e-01 1.7759950333e-01 -5.7923795194e-02
1.6769693026e-01 2.1252825567e-01 -4.5791918169e-02
-6.9019208639e-03 -7.1249728491e-04 -4.3392066144e-02
1.2790246076e-01 1.2205207305e-02 3.3947753404e-01
-4.9545469814e-02 6.0641774467e-02 -1.8954244408e-03
-4.9822273069e-01 7.7642575255e-02 -4.9828056830e-01
-2.3486121313e-01 -3.9508405421e-02 -1.2367539559e-01
-2.4850973800e-02 -1.0533079745e-01 1.0134614199e-01
2.2501728355e-02 -1.0484306850e-01 1.0596539544e-01
2.1381743009e-02 -1.2560263844e-01 1.1348083284e-01
4.6450666066e-02 -1.1909366081e-01 1.5684369288e-01
1.3517526709e-01 -6.4646702445e-02 1.7143248895e-01
5.8280440533e-02 -6.3641243389e-02 8.7238235369e-02
7.3844736378e-03 -6.1099331414e-02 1.1638275963e-01
1.3736580161e-01 1.4025243393e-01 3.2138302918e-01
5.6989585871e-01 9.2712254335e-01 6.0871858503e-02
5.3268745132e-01 8.9484522998e-01 -2.1873652073e-01
4.8026414709e-02 1.4137262235e-01 -9.2736933326e-02
1.1510904372e-01 5.4906174840e-02 3.4057345780e-01
-2.5059454760e-01 1.6982045506e-01 -4.8180128170e-01
-3.5916206745e-01 5.2628354633e-02 -5.2270839319e-01
-3.4530038341e-02 -1.4273603163e-01 3.8066395635e-03
2.8782029722e-02 -1.4016682466e-01 7.9306810533e-02
1.4196104858e-02 -6.5885600412e-02 4.1698454570e-02
1.6832854922e-01 8.5836126999e-03 1.2576244240e-01
6.7531894951e-01 3.1154765475e-01 2.8682859475e-01
7.9639102390e-01 5.0166402438e-01 1.0157039949e-01
3.3226420691e-01 2.6982790306e-01 -6.5630601423e-02
2.1455419280e-01 -1.5854333220e-02 5.9362415716e-02
1.9375587109e-02 -4.7230007324e-01 3.5604419894e-01
-7.8639218548e-02 -2.6421519503e-01 5.2239423974e-01
1.8792952615e-01 3.9178406142e-01 8.3417654958e-02
5.1700268231e-02 1.1016270948e-01 1.3302040465e-02
-2.5632269405e-01 8.9285702375e-02 5.9415889361e-01
-4.7153620925e-01 1.8390466866e-02 1.5226811721e-01
-1.2307150473e-01 -1.6438502713e-01 -1.0870412415e-01
5.9524042384e-02 -1.8693647621e-01 1.1422847019e-02
-4.2079108004e-02 -7.2673354293e-02 4.2840515594e-02
2.2993615250e-02 4.4727048040e-02 9.3834723219e-02
5.9075583840e-01 2.3861124360e-01 3.4399753089e-01
1.2053149766e+00 6.7328239826e-01 5.0484508008e-01
6.6166628389e-01 6.1965882131e-01 1.2646108723e-01
2.0422452515e-01 2.6575047974e-01 -3.0580414885e-02
2.9640017893e-01 3.7146118658e-02 -1.9530571442e-01
5.5003743483e-01 -2.8355448725e-01 -1.1419896538e-02
1.0961855542e-01 -1.9950089648e-01 2.2201546456e-01
-7.8435410313e-02 1.5396080770e-01 1.7379245243e-01
1.3151214897e-02 5.0320700725e-02 1.3549507605e-01
-5.2340288891e-01 7.8266776417e-02 8.2000787222e-01
-7.1635821822e-01 -3.9696202954e-02 7.2304739693e-01
-4.6810663612e-01 -2.0115085206e-01 6.9227075046e-02
-5.5155698922e-01 -1.3730897317e-01 -3.3936411645e-02
-4.5766940383e-01 3.8423331422e-02 -5.5669890699e-03
-2.7694785780e-01 8.5607661708e-02 -2.1557196023e-03
7.3696253716e-02 6.2758323391e-02 1.3040145228e-01
1.3287928664e-01 8.5095455899e-02 1.6084302369e-01
-2.0722409799e-01 -2.0815574072e-02 8.9999504801e-02
3.5511371698e-02 3.6196183765e-02 1.8478156800e-01
-4.4528288163e-01 -6.4458485174e-02 -5.1270282241e-01
1.4013397063e-01 -3.0904421515e-01 -4.6209593758e-02
-8.6339666428e-02 1.7487016159e-02 3.4566843205e-01
-4.0379680670e-01 1.7691372780e-01 -9.4693369016e-02
-3.0400640043e-02 4.2349909653e-03 2.3921641196e-02
-7.4338194246e-02 -5.7299561040e-02 1.6148185879e-01
1.5408344585e-01 -4.8536196150e-02 1.2866835425e-01
-3.9476858740e-02 -8.4423547026e-02 -3.0578020659e-01
-4.4582548219e-01 -1.3709853124e-01 -3.0485075088e-01
-2.1317656000e-01 -1.7517134291e-02 -3.8825395557e-02
4.0752242760e-02 3.7583129958e-02 4.1911143010e-02
-1.1344066832e-01 -6.0060531404e-03 7.5391398810e-02
-2.9124522593e-01 -7.7933780757e-02 5.2660010046e-02
-1.3267066141e-01 -4.7280359468e-02 1.2340915518e-01
1.7730902179e-01 7.3434443733e-02 2.0124842544e-01
-2.3553507097e-02 -7.9867833299e-03 -1.1088636092e-01
5.6638517189e-01 -2.2286573813e-01 1.7484761552e-01
2.5034723578e-01 -1.3713300162e-01 2.2540507747e-01
-1.7344969426e-01 4.9199758227e-02 -6.5819957389e-02
-3.6306143084e-02 1.9469342218e-02 -4.2023514954e-02
-3.3941413548e-02 -6.3052800102e-02 4.6332223013e-02
-2.3850667270e-01 -9.4692260710e-02 2.4826844189e-01
-2.7231693606e-01 -6.4366059645e-01 -2.8548319677e-01
3.6479468603e-02 -8.4709139886e-01 -7.0507783926e-01
1.8085498033e-01 -3.1750934136e-01 -2.9192923872e-01
5.5375898659e-02 -5.0961353288e-02 -7.1560727257e-03
-8.4108563996e-02 -7.1047431875e-03 8.8605933009e-02
-1.4311877576e-01 -3.4675938724e-02 9.8882111046e-02
-1.2576031601e-01 -1.8179823420e-02 9.4945189357e-02
-8.7278671660e-02 -1.1811417402e-02 8.1058069912e-02
-1.2913295277e-01 1.4962440079e-02 5.2828933701e-02
-1.2382844980e-01 2.5556204935e-02 2.6795363118e-02
-9.1543553025e-02 9.1720710320e-02 -1.3021842350e-01
-4.2458234026e-02 6.4102130692e-02 -1.2437780714e-01
-1.5323876387e-02 1.7499969379e-02 -4.0576515926e-02
-9.5198003459e-03 -2.8434501098e-02 5.2843631022e-03
-2.5276242134e-01 -7.9777000009e-02 6.2950548488e-02
-4.5677040943e-01 -3.2943938759e-01 3.2751890292e-02
2.3142951640e-01 -8.8657652736e-01 -4.2632807374e-01
5.8674918802e-01 -9.5631966242e-01 -6.6505907615e-01
1.8993936828e-01 -3.5143737465e-01 -2.8915909925e-01
4.3891655059e-02 -1.1906986750e-01 -3.3494152697e-02
-8.0597802804e-02 -4.0242590317e-02 7.2851291154e-02
-9.5412880517e-02 -2.5191913009e-02 7.5147208178e-02
-1.0281547276e-01 -1.1993956899e-02 2.9042096159e-02
-6.5034949592e-02 1.7274488810e-02 1.9592721600e-02
-1.3019870481e-01 -2.5474198902e-02 -2.3247984252e-03
-4.7230540781e-02 -3.8573086376e-03 -6.2578758232e-02
-2.0037728144e-02 7.8038614855e-02 -7.4089799360e-02
-1.6477295028e-02 2.3226463548e-02 -3.2333610973e-02
-3.3051584426e-02 -2.6916355385e-03 3.0751874918e-02
-2.2932688566e-02 -1.4529505972e-02 2.5058404951e-02
-1.2456615815e-01 -1.3557014611e-02 2.0820949134e-03
1.1685870849e-01 -3.0459667610e-01 -2.3287628081e-01
3.7553258018e-01 -6.0465556493e-01 -3.6335996000e-01
1.7068279734e-01 -5.2196320852e-01 -3.2339825625e-01
1.7111603642e-01 -4.0556762660e-01 -3.5900703747e-01
1.7854544193e-02 -1.0597803739e-01 1.2269219976e-02
-9.3604144497e-02 1.0376736563e-03 1.3085046733e-01
-1.2272542932e-01 2.5552385117e-02 8.4644476453e-02
-4.8062357738e-02 9.0425027207e-03 5.7474468741e-02
-2.6651540884e-01 -3.5852259975e-01 2.8872764422e-01
-1.4798230207e-01 -4.2387264049e-01 2.0085602857e-01
4.5558786294e-02 2.7803770267e-02 -4.0342798745e-02
-1.0112392212e-02 2.5633212868e-02 -2.3737130179e-02
-4.7782365111e-02 -6.1734556555e-03 3.1494583912e-02
-5.1208409952e-03 -2.2961311259e-02 4.0372536326e-02
-4.2909292340e-02 -6.6066610173e-03 4.1932992815e-02
-4.6393215504e-02 -1.0274940406e-02 1.8623717537e-02
-4.7059932955e-02 -1.3153687324e-02 -1.1580640762e-02
-9.3640640180e-02 -1.1184029226e-01 -1.2553915811e-01
1.4798992705e-01 -2.0077356560e-01 -1.4974060849e-01
1.7596447008e-02 6.9621131251e-03 1.8238282457e-01
-1.3950284888e-01 -3.0387432730e-03 2.6638201280e-01
-1.4205852145e-01 -2.9645132147e-03 8.7418721694e-02
5.1545786739e-02 -6.9054798679e-02 3.1545917415e-01
-3.8997930868e-01 -3.7514508710e-01 1.0076179692e+00
-5.7191679436e-01 -3.6910338304e-01 2.1288381986e-01
3.9353522185e-02 1.5690028888e-02 -1.3274755825e-01
-5.1055042444e-03 4.9113026739e-03 -1.9761812873e-02
-4.9164479432e-02 -1.3926419023e-02 4.3540893284e-02
-1.8218676777e-02 -2.8760469685e-02 4.7328083974e-02
-5.8729696178e-02 -3.2204114832e-02 7.9672494763e-02
-4.9170227235e-02 -2.5144758523e-02 9.3890824832e-02
-7.6194920306e-02 1.4052514028e-02 7.4179158721e-02
-1.1317373881e-01 6.3025160737e-02 1.0933445948e-01
3.3299847685e-02 2.4676088020e-01 4.4142758600e-01
-4.2050823960e-01 3.6557583866e-01 8.5503851344e-01
-1.2674067623e-02 6.1275093133e-02 4.1298154110e-01
6.6750912588e-01 -1.0695257631e-01 1.4090584501e-02
4.3120669585e-01 -5.8466806224e-02 2.3341385785e-01
-3.9999636472e-01 -1.5903656644e-01 1.7773077087e-01
-8.7012170498e-01 -5.1117381583e-02 -4.7266728767e-01
-6.9801345521e-02 2.7468001396e-02 -1.8559726937e-01
-2.7173763313e-02 1.2331874367e-02 -9.2378796527e-03
-2.9851618834e-02 -4.9061937151e-02 4.3253163517e-02
4.4603184287e-04 -7.9821967914e-02 2.3728419337e-02
-2.9738239993e-02 -7.9731786411e-02 5.6304318339e-02
-3.7238971200e-02 -9.0769467345e-02 5.2386578661e-02
-4.5544817931e-02 -6.7735596836e-02 7.4722729736e-02
-6.0563639739e-02 -4.3096768925e-02 6.0347326828e-02
-2.2889947860e-01 7.4797904175e-02 3.3510120628e-01
-8.1804159953e-01 2.6518479608e-01 1.0182418970e+00
-1.6281005828e+00 2.4058706574e-01 1.0552232758e+00
-2.0671297058e+00 2.3855971863e-01 7.6683167453e-02
-1.7232633875e+00 1.7108694686e-01 -7.4830957263e-01
-7.8057661239e-01 2.5848666015e-03 -6.4636749620e-01
-4.6811371507e-01 1.1465198035e-02 -4.6309679767e-01
-3.5002910151e-02 9.6634130388e-03 -7.2248753820e-02
-2.0632358539e-02 -1.7383195359e-02 -4.3068732204e-04
2.5495242663e-02 2.3688843343e-02 6.8517420810e-02
3.3788313557e-02 4.3806558208e-02 8.5086496490e-02
9.0810304282e-03 3.6033581454e-02 1.0335869563e-01
5.0365553221e-02 -1.5722245752e-02 1.0259889233e-01
2.2914261312e-01 -1.1477680847e-01 2.0587480388e-01
6.2462565304e-01 -3.1383457583e-01 4.0213467905e-01
1.1330024144e+00 -5.8049422091e-01 5.1714615119e-01
1.3393138804e+00 -7.7392030653e-01 4.4832028684e-01
1.3840803008e+00 -7.6756736206e-01 2.3399629157e-01
1.6303736544e+00 -7.0506004935e-01 -1.2068543431e-01
1.6637726749e+00 -4.7470786720e-01 -6.7862207437e-01
6.1548214968e-01 -2.3605621830e-01 -4.8438945509e-01
-6.5077400698e-02 -1.3048581863e-01 -8.1266582838e-02
-7.5499605445e-02 -1.0602687661e-01 -8.5200156901e-03
-4.5728027213e-02 -7.3539000678e-02 -2.1013141577e-02
4.2336737323e-02 3.0482942060e-02 5.7810719178e-02
4.1704715438e-02 2.9271728316e-02 6.7770644002e-02
3.8170429712e-02 7.6970659845e-04 1.0450376095e-01
2.3261975456e-01 -1.0144525107e-01 2.3537738028e-01
7.5536899882e-01 -3.3347031734e-01 5.9136036358e-01
8.3223925903e-01 -4.3476640700e-01 5.7196800706e-01
5.3611024373e-01 -4.0886214216e-01 3.2677966534e-01
3.1029264316e-01 -3.4231522548e-01 1.6657279654e-01
6.4703220028e-02 -1.7741129752e-01 1.2811440142e-01
1.0700472834e-01 -1.0940805826e-01 1.8389027466e-01
6.2899259746e-01 -1.7021470206e-01 -2.3254116264e-01
1.1218433039e+00 -4.3709457342e-01 -9.6762227603e-01
2.3550347370e-01 -1.7669883093e-01 -3.9070947324e-01
-1.7469632518e-02 -9.6734060488e-02 -4.0610515536e-02
-2.2303893539e-02 -7.3247285168e-02 -1.0018406474e-02
1.8687544675e-02 3.9087368924e-02 4.1171740556e-02
2.5598400523e-02 3.4870505950e-02 6.4947416598e-02
1.4459488831e-01 -5.3453747070e-02 1.9437711049e-01
5.1455822267e-01 -2.0950117299e-01 4.3879256362e-01
4.3395015658e-01 -2.3057886109e-01 3.5913672685e-01
-6.2805718118e-02 -9.1377087636e-02 6.1603977630e-02
-1.2159084058e-01 -7.1420115116e-02 3.4737550417e-02
-2.9651253108e-02 -9.3535984393e-02 9.2340687668e-02
2.0493965015e-02 -5.9819856889e-02 1.1152415133e-01
-4.7526657021e-02 -3.8947468178e-02 2.3398613167e-01
2.9329867856e-01 -2.7747015792e-01 2.5558211687e-01
1.0439525487e+00 -7.8976969951e-01 -4.3384071819e-01
4.5818072971e-01 -3.2269210080e-01 -5.6546172278e-01
6.0537462091e-02 -5.1495414477e-02 -1.3560189699e-01
-1.8582971186e-02 -4.8766367098e-02 -4.5622667864e-02
3.3645108919e-03 4.6636673579e-02 4.0319288945e-02
8.3790693436e-02 1.0971391053e-02 1.3024155186e-01
2.8879983918e-01 -1.0374114378e-01 3.3221441156e-01
7.6695154784e-02 -8.4588618874e-02 8.4926270764e-02
-3.9151412446e-01 1.2103163685e-01 -2.9107883760e-01
-3.7287678901e-01 1.1111027278e-01 -1.9555514631e-01
-6.9495532220e-02 -6.1590147322e-02 9.6103223488e-03
1.6343878131e-03 -1.1585104952e-01 7.9553912298e-02
4.5629837561e-02 -1.1334889327e-01 9.1515115861e-02
6.1446319734e-02 -1.8581088025e-01 1.2093429466e-01
1.5237659880e-01 -4.2605681922e-01 1.7249694563e-01
4.0731156810e-01 -9.5672458339e-01 -8.0090198815e-03
4.9463737751e-01 -4.8156612730e-01 -4.3155978807e-01
2.7171644529e-01 -1.2195139194e-02 -2.4592608285e-01
4.2606550388e-04 -4.6346068973e-02 -6.9714713534e-02
2.9207175730e-02 1.6141958444e-02 8.9669142326e-02
1.5382185645e-01 -3.0610754801e-02 2.3471908790e-01
-4.9015256310e-02 2.8790117519e-02 -1.1937774213e-02
-5.7105788602e-01 2.5660928021e-01 -4.8452406868e-01
-5.2125020632e-01 2.7974729862e-01 -4.0560655471e-01
-1.5541471538e-01 5.7440775301e-02 -7.3917884413e-02
5.5824177314e-02 -8.0861384528e-02 5.5783622538e-02
8.2949000445e-02 -8.0357099588e-02 9.6812752259e-02
1.2348598269e-01 8.5928051381e-03 1.0605523614e-01
8.1807337823e-02 7.6341111729e-02 1.0348627428e-01
2.6415623786e-02 -1.8510857731e-01 3.0885477545e-02
-8.3044199879e-03 -6.7499960997e-01 -1.4702256635e-01
1.1455244564e-01 -3.0697783340e-01 -1.3012326298e-01
2.2300459015e-01 1.6954664346e-01 1.2435016008e-01
-1.1043073762e-02 -1.2068674361e-02 -5.3325631128e-03
7.7853510719e-02 -4.1766404271e-02 2.0827040936e-01
-8.2753016798e-02 5.6376265205e-02 -6.7141746774e-02
-6.0190023521e-01 2.6356771471e-01 -6.5323257677e-01
-5.8802252377e-01 2.6110853120e-01 -5.1027425260e-01
-1.9276536347e-01 4.2609281118e-02 -6.6317186475e-02
-7.9768119729e-03 -7.0592847725e-02 7.3152719023e-02
7.7921164435e-02 -2.3969712114e-02 1.2325078302e-01
2.6323478906e-01 1.0674810600e-01 2.5825846821e-01
5.0539973591e-01 3.7885685819e-01 2.2658338932e-01
3.2877783400e-01 4.2005973645e-01 5.7258550879e-02
4.4761782483e-03 -8.1835393868e-02 6.8950234031e-02
-1.3557569742e-01 -4.0651253832e-01 9.9547416793e-02
-1.9872274218e-01 -3.2409918548e-01 4.8285739787e-01
-1.8632131752e-03 1.8950551286e-01 4.3664765930e-01
-2.1103464245e-02 5.8976798858e-02 1.2486482148e-02
8.2081256311e-02 -4.7844917569e-02 1.4252107514e-01
-3.3088406675e-01 1.5367948447e-01 -5.6814844433e-01
-5.4245757244e-01 1.7487401868e-01 -6.7905298003e-01
-1.5546926807e-01 1.8566528786e-02 -1.2058042374e-01
4.4277210450e-02 -9.2422053012e-02 8.8156491740e-02
1.8318105827e-01 3.4749638423e-02 1.2159164275e-01
5.7487986090e-01 2.6396739495e-01 3.8495162301e-01
1.1885966323e+00 5.8478086447e-01 5.8681827468e-01
1.4054623078e+00 9.1676337982e-01 2.5975699994e-01
7.7895000793e-01 7.0947009527e-01 -7.9509217978e-02
2.8568388471e-01 6.5776880330e-02 5.2164220324e-02
4.5898483371e-01 -1.4529235021e-01 4.6616093731e-02
-8.4259510345e-02 -9.7539455368e-01 4.5316366411e-01
-2.5819856250e-01 -6.1112708735e-01 3.2274240161e-01
-2.6796604321e-02 -6.1042014176e-02 1.7580039388e-02
-1.0054836184e-01 -9.5073235527e-02 3.3559160272e-01
-4.4626368848e-01 -3.1050859316e-01 1.3184933088e-01
-3.1172895367e-01 -2.2215966979e-01 3.1263688234e-02
1.1648705405e-01 -7.4990272763e-03 3.5581388131e-02
3.8003891866e-01 6.2275153397e-02 1.3483618362e-01
8.3063035495e-01 3.1968841868e-01 3.8000854327e-01
1.0638108378e+00 4.3478881888e-01 6.4618707062e-01
1.0544696029e+00 4.4926561309e-01 5.8911071011e-01
7.8904693084e-01 4.3361263225e-01 1.8025160873e-01
3.2956755221e-01 2.4748884207e-01 -1.1474176060e-01
-2.6319985492e-02 7.3022270802e-02 -4.7592631438e-01
8.3108143276e-01 1.8757789889e-01 -6.6075809836e-01
1.3208602093e+00 -4.4182894052e-01 -6.0809552147e-01
2.5527569695e-01 -4.3019165460e-01 -1.1960216270e-01
-2.4210064915e-03 -3.4865767439e-02 5.3982146294e-02
-1.9168420571e-01 -1.3145687518e-01 4.3568466479e-01
-4.0593832534e-01 -4.9683016570e-01 5.2713055173e-01
-4.4182466069e-01 -3.2997565737e-01 2.0045069188e-01
-2.8081197967e-01 2.5929175108e-03 -5.6508267950e-03
2.5973149201e-01 1.1760136224e-01 1.5345117665e-01
5.6442548558e-01 2.0871197160e-01 2.3300382036e-01
4.2305158869e-01 1.3762540181e-01 2.2889844298e-01
1.3167619203e-01 2.9614642228e-02 1.2032357605e-01
-6.8074608319e-02 -4.4899738811e-02 5.6652999875e-02
2.3631978022e-02 -4.1795254343e-02 7.5729242452e-02
-2.2772157513e-01 1.7573715219e-02 -5.0657379622e-01
2.7016422285e-01 -2.6577911113e-01 -2.0674520857e-01
2.2785489718e-01 -7.4918482996e-01 2.4890333429e-02
-2.5800538621e-01 -2.4991080485e-01 -2.7677679884e-01
-3.8964704031e-02 -3.3511270963e-02 -1.8682696529e-02
9.7426787240e-03 -1.1840976364e-01 2.9388074886e-01
3.2098828072e-01 -3.7495040070e-01 5.9057559510e-01
2.7589282129e-01 -2.8459714751e-01 -2.9232075983e-01
-1.0824785583e-01 -6.4180574791e-02 -2.2903124554e-01
6.3903677663e-02 6.0559126814e-03 8.6036504493e-02
8.7659512287e-02 2.3759094498e-02 6.7107368197e-02
7.7441031119e-02 4.6381945004e-02 6.8145855615e-02
-7.1669201576e-02 7.5641516502e-03 7.1922583176e-02
-1.2777513970e-01 -3.1980371763e-02 1.0736713565e-01
4.8837459156e-02 3.5953185755e-02 1.5773044975e-01
1.9211839350e-01 9.1586579119e-02 -1.3583211813e-01
8.1827176181e-01 -4.6909368761e-01 -5.5952888601e-03
4.9588729309e-01 -8.0003279001e-01 9.6882232812e-02
-1.5843811540e-01 -9.6969613227e-02 -1.5013748898e-01
-4.1987303910e-02 1.0132169679e-03 -7.8754737306e-02
-3.8369335683e-02 -5.4410999661e-02 1.8686177593e-01
-2.6612290278e-01 -1.2584852933e-01 6.1126478070e-01
-4.4246645780e-01 -3.8238872170e-01 1.1451194886e-01
-6.3112106648e-02 -2.7161769211e-01 -2.1578455890e-01
7.4750270904e-02 -4.7750202563e-02 -3.6903290541e-02
-1.9369860202e-02 -2.2167098908e-02 4.2144937043e-02
-5.1941869047e-02 -1.5665430497e-03 6.3653927796e-02
-8.9064627384e-02 -3.2957268669e-02 7.9580415627e-02
-1.1036761911e-01 -2.3817940640e-02 8.8223730402e-02
-9.9770905970e-02 -2.0144561974e-02 7.1341055774e-02
-1.2493488380e-01 4.2173249884e-02 3.2153261064e-02
-4.1660952821e-02 -2.2547023559e-01 -1.1382779223e-01
2.1988687472e-02 -3.3324384269e-01 -4.2102297330e-01
-2.7611653510e-02 3.0340874508e-02 -3.8558258900e-01
-1.3299480100e-02 -1.0169453317e-02 -9.2179476985e-02
-5.2060595517e-03 -2.1718742891e-02 4.1845044882e-02
-3.6835697399e-01 -6.7534504812e-02 1.7122561360e-01
-9.3568721170e-01 -3.6767099335e-01 6.0010094688e-01
-2.6904833216e-01 -4.9000594530e-01 1.3080716255e-01
-3.6899095997e-03 -3.5905822647e-01 -1.7018432621e-01
-3.9601553344e-02 -8.7547853500e-02 -1.8627419161e-02
-4.2570833815e-02 -2.9320129938e-02 5.7433622510e-02
-8.2324909328e-02 -2.7557746418e-02 7.5740580540e-02
-6.2946184223e-02 -3.3526027402e-02 7.5154020250e-02
-7.5441523541e-02 -1.5141154547e-02 3.9453389170e-02
-6.8787756665e-02 1.7896662190e-02 2.3934631049e-02
-1.7595163159e-01 -4.0539153497e-01 1.5685006960e-01
-1.0956643300e-01 -6.2184541043e-01 2.4406222305e-01
2.4498448922e-02 -4.9496941175e-02 -6.2085202257e-02
-8.4762901611e-03 -1.0125693587e-02 -6.1269627024e-02
-1.3192739257e-02 -9.5025677026e-03 4.1227240272e-02
-4.4099142262e-02 -2.0859377783e-02 5.7414561296e-02
-2.8444483273e-01 -6.6912852491e-02 2.4746122647e-01
-3.1643129027e-01 -2.3474254180e-01 1.6692821056e-01
-3.2075653269e-01 -3.1052042466e-01 6.6900347479e-02
-2.2470963836e-01 -1.6680300186e-01 -8.2989778956e-02
-6.6893835937e-02 -7.0618907752e-02 6.3457001660e-03
-6.5477023494e-02 -3.1711368073e-02 7.6884769054e-02
-9.3261395788e-02 -9.3282386416e-03 1.0482086602e-01
-1.0836646653e-01 1.2040327392e-02 8.1648300796e-02
-8.9062830350e-02 -4.6455580147e-02 5.8073417551e-02
-2.9700191208e-01 -8.5413441102e-01 6.3489464562e-01
-2.4195254399e-01 -1.2688609307e+00 7.7554139905e-01
9.5423040501e-02 -2.4210494215e-01 9.3490545072e-02
-3.4242683134e-03 -5.6261023988e-04 -4.3750916984e-02
-2.2345118855e-02 -6.3157210627e-03 3.9135251551e-02
9.9453420745e-03 -1.9808664449e-02 2.5863480181e-02
-1.6549170517e-02 -8.4027475234e-03 4.4065494262e-02
-1.4123227218e-01 2.8410510257e-03 6.1437537244e-02
-2.9364607693e-01 6.7001284098e-03 7.1606991045e-02
-4.4217109666e-01 -6.8376197875e-02 2.3568821611e-01
-1.8301026230e-01 -1.0136813918e-01 2.5711633215e-01
-9.3523971941e-02 -4.5411268185e-02 1.3674402719e-01
-1.1556154379e-01 -5.0977536179e-02 1.5062345991e-01
-1.1676497879e-01 -4.8695180511e-02 8.9791838066e-02
1.7201649498e-02 -1.0950358244e-01 1.9407555703e-01
-3.3229300037e-01 -5.3326092015e-01 4.4967577936e-01
-6.8195591994e-01 -7.3426212152e-01 -4.5078950142e-01
1.0961053711e-02 -1.5353745099e-01 -3.8387837209e-01
1.5602291203e-03 -2.1517164551e-02 -4.3103193945e-02
-2.2051720773e-02 -1.4013693887e-02 4.9333578181e-02
-5.0255613243e-03 -1.5144310698e-02 3.6637602292e-02
-2.6953585382e-02 -2.0817437584e-02 6.3480226981e-02
-3.5546533816e-02 -4.4113151465e-03 6.2330281872e-02
-1.0796214210e-01 2.1330536423e-02 7.7888426210e-02
-2.9562916193e-01 6.7582445899e-03 3.8758260494e-01
-4.8216170397e-01 6.2061653032e-02 6.5741180081e-01
-7.5362135804e-01 -2.2856753351e-02 5.9028041082e-01
8.8321671624e-03 -1.0584399192e-01 2.8172091195e-01
6.3009166654e-01 -2.9997432677e-02 1.2599656372e-01
2.0003318407e-01 -4.0543514505e-02 1.5840899342e-01
-3.9624399412e-01 -2.4629755844e-01 -2.0512538931e-01
-7.9907651875e-01 -2.1222614534e-01 -1.0227385597e+00
-1.2633885567e-01 -2.5046564185e-02 -3.8885861474e-01
-2.1996637517e-02 -1.8104478102e-02 -2.4220014479e-02
-1.5479280394e-02 -4.6758697598e-02 3.7361597338e-02
5.1506699289e-03 -6.6517815488e-02 -3.0673106656e-03
-2.2977936667e-02 -7.8710469356e-02 4.1109095074e-02
-4.6345505359e-02 -8.5734333255e-02 3.2544867290e-02
-4.0448637726e-02 -7.7115636986e-02 6.0142407633e-02
-1.0262496485e-01 -5.5627571008e-02 6.5764978439e-02
-4.7595790556e-01 3.1802851413e-03 3.9478827301e-01
-1.2830776607e+00 -1.7601728992e-01 9.4249048262e-01
-1.6969091954e+00 -4.9960205177e-01 8.3188169075e-01
-1.7718736308e+00 -5.7277086248e-01 6.5759897937e-02
-1.5443828082e+00 -4.2529070629e-01 -6.0279098231e-01
-8.7818629318e-01 -3.1080615917e-01 -6.3963033890e-01
-3.9393354478e-01 -9.7990244485e-02 -4.1501468383e-01
-2.5621884802e-02 -2.4391366473e-02 -9.7338473938e-02
-3.9934594504e-03 -5.5781173351e-02 -3.6273755212e-03
1.9176807000e-02 1.7839062276e-02 4.5641186292e-02
1.3532154664e-02 4.1480627654e-02 6.7695326127e-02
1.4253684675e-03 2.6670869106e-02 7.7755491233e-02
1.3188200583e-02 -3.9056324174e-03 6.0267334504e-02
8.0334497185e-02 -6.3444437427e-02 8.6065666440e-02
1.7691239157e-01 -1.3655491966e-01 1.3179131014e-01
4.0778940696e-01 -3.0413268517e-01 1.8726504575e-01
5.2395204080e-01 -4.9000944093e-01 2.0481686349e-01
6.8020758797e-01 -5.7643978746e-01 2.1374355681e-01
1.0864365533e+00 -7.1176498727e-01 6.1351400118e-02
1.4220513770e+00 -7.6873360201e-01 -5.0418171223e-01
6.0572843649e-01 -3.7146768903e-01 -5.1373110882e-01
-6.0546062381e-02 -1.0129623294e-01 -1.2628694739e-01
-7.9468834806e-02 -6.0740171429e-02 -4.4541167047e-02
-7.0538687237e-02 -4.5892971598e-02 -5.4229323461e-02
2.3632260400e-02 2.0904238724e-02 3.8103907944e-02
1.2971842076e-02 2.7243174031e-02 5.6494494098e-02
8.7829857381e-03 -3.9936617893e-03 7.3452678986e-02
9.3852202581e-02 -8.0284434948e-02 1.1560460973e-01
3.2914164557e-01 -2.5809594749e-01 2.6662618456e-01
5.0547885045e-01 -3.8223244024e-01 3.1675580045e-01
5.1966249115e-01 -4.8808235114e-01 2.7180593571e-01
4.1511476542e-01 -5.4052594789e-01 2.3207042155e-01
3.5789254466e-01 -4.7233610725e-01 2.3604468820e-01
5.9775391265e-01 -5.5326579534e-01 1.6480012523e-01
1.3322033706e+00 -9.8589063221e-01 -7.2463070548e-01
1.2881641773e+00 -9.6352274020e-01 -1.4303166913e+00
2.3733464293e-01 -2.3272903361e-01 -4.3792801699e-01
2.1954079527e-03 -5.3556574913e-02 -7.6575000404e-02
-4.2329475396e-02 -4.0612380864e-02 -4.5983873341e-02
9.6394850149e-03 3.0931848148e-02 2.0102915861e-02
5.4068083212e-03 3.3378099558e-02 4.8113688594e-02
6.3198969051e-02 -5.5480623586e-02 1.0938052257e-01
3.5028868678e-01 -2.3578021622e-01 2.8795445159e-01
5.0238717854e-01 -3.6234316310e-01 3.4700299599e-01
2.4235829658e-01 -1.9716691718e-01 1.6786433696e-01
8.2570898964e-02 -1.3970018535e-01 9.0683978686e-02
-1.1570611138e-01 -5.3556094690e-02 9.9029440815e-02
-3.7947077774e-02 -1.3031391491e-01 1.0057452974e-01
5.5976578951e-02 -2.8201049358e-01 1.6158388106e-01
2.6619603507e-01 -5.1304012724e-01 -6.9365198345e-02
9.3304273119e-01 -9.6476044769e-01 -1.0172729140e+00
8.6089673351e-01 -5.3301502240e-01 -9.4172458824e-01
2.2377954713e-01 -7.0397024554e-02 -2.7325130474e-01
-3.3101819965e-02 -2.9920324619e-02 -8.3015637021e-02
5.8232929603e-03 3.6404033889e-02 2.1520083127e-02
4.0347511319e-02 2.7624848190e-02 7.4206609729e-02
2.2266156885e-01 -1.3150790653e-01 2.2438821687e-01
2.9831779658e-01 -2.2326302365e-01 2.4661450221e-01
-5.0977103792e-02 -1.0253722707e-02 -5.4465893216e-02
-2.3049493036e-01 1.9503008541e-01 -1.3521539958e-01
-4.1265038797e-02 8.8418937490e-02 -1.2881265490e-02
-8.4890023848e-02 1.1555008541e-01 9.6903387146e-02
1.2084206875e-02 3.9604750866e-03 7.0251988120e-02
4.7850236896e-02 -2.5129877716e-01 1.3191643951e-01
-3.1319922708e-02 -3.8451481267e-01 2.5072549271e-01
5.2068027648e-01 -8.0698903311e-01 -2.9759964324e-01
1.8451620002e+00 -8.3437419808e-01 -1.3273971786e+00
1.0912449849e+00 -2.0472419871e-01 -8.4978930243e-01
4.2980457546e-02 -4.7884035878e-02 -1.6711653209e-01
2.0289074654e-02 5.6981171127e-03 4.6187223597e-02
7.5455863714e-02 7.5126146763e-03 8.9801863237e-02
6.4657376987e-02 -1.9428119476e-02 4.2945910207e-02
-2.6516394750e-01 1.7323238352e-01 -2.4123016945e-01
-5.1595881524e-01 4.6801053833e-01 -4.3298262070e-01
-3.5521941770e-01 4.7596966801e-01 -2.2338474361e-01
-1.3733471328e-02 3.6267151984e-01 3.7774482373e-02
1.9579985534e-01 5.5999272426e-01 2.9715722737e-01
3.0825410995e-01 6.5718443536e-01 3.2980286493e-01
1.7013270353e-01 4.8258965946e-01 2.7297074419e-01
-1.3448833530e-02 -1.6606586422e-01 3.1945527541e-01
7.5413763416e-02 -5.6065750329e-01 1.0817718917e-01
6.4692965702e-01 -3.0719785012e-01 -4.7803955435e-01
6.9787760134e-01 -9.8809771045e-02 -4.9478603781e-01
7.8332232067e-03 -5.6970016309e-02 -1.3795115970e-01
2.6824407899e-02 -1.5120830122e-02 1.0200654595e-01
-3.8699175893e-02 9.3021309982e-02 -5.6068142187e-02
-3.3605024223e-01 2.4926901932e-01 -3.7534117446e-01
-5.2136725957e-01 4.7853060594e-01 -4.8865975398e-01
-3.6195604755e-01 5.7599817549e-01 -3.2608991925e-01
-5.0366674166e-02 4.5550611140e-01 1.1532502586e-02
4.3008238844e-01 7.7446142571e-01 4.4468295642e-01
6.8260341014e-01 1.2022647884e+00 7.3670072611e-01
6.3576038899e-01 9.4461425695e-01 4.9495781104e-01
4.5297275884e-01 6.5332702367e-01 2.8391752083e-01
1.0040261684e-01 -4.3079705486e-01 4.0489501039e-01
6.8363794218e-02 -5.6848743382e-01 1.9989949334e-01
-9.2227808674e-02 -2.5055937699e-02 8.6714907073e-02
-8.9508779347e-02 4.7761710503e-02 1.1119937116e-01
-7.7380280483e-02 -2.5770183978e-02 -3.6242002371e-02
5.8232440230e-02 -5.9774606315e-03 3.9105187337e-02
-8.9382833691e-02 7.9628815144e-02 -1.8122922786e-01
-2.1238597219e-01 1.1553430867e-01 -2.4807056507e-01
-9.9843261894e-02 4.4194316972e-01 -1.9072272773e-01
6.8043366955e-02 3.8649205595e-01 -3.1268459273e-02
4.2916874955e-01 5.2221621664e-01 2.9065643189e-01
9.9593653973e-01 1.1134406286e+00 7.5565697520e-01
7.8560644202e-01 8.4032430136e-01 6.6361962587e-01
5.0616779110e-01 3.6675222165e-01 2.2473149011e-01
3.4188383606e-01 3.3056653779e-01 8.4202855228e-02
4.8470235709e-02 -2.0817264884e-01 8.7995717347e-02
6.5482957349e-01 2.5316928201e-01 -7.5401737179e-01
5.6943507775e-01 3.1099061998e-01 -9.3614155019e-01
-1.7434984538e-02 -1.0779603460e-01 -1.4243407410e-01
-4.4731824318e-02 -6.2068542346e-02 -3.5596201442e-02
8.0535346738e-02 4.0773266461e-03 1.2545179079e-02
4.4795100815e-02 -1.0287780399e-01 1.3158702714e-02
2.0099665376e-01 -7.2703675398e-02 1.1723473710e-01
3.8165610406e-01 3.0476362673e-01 -3.5065070532e-02
4.1217458134e-01 1.4378244938e-01 1.3086298030e-01
8.2221261309e-01 5.1045882548e-01 4.0978124609e-01
7.6504056052e-01 5.3445780636e-01 5.0448212245e-01
3.8503507541e-01 1.8787910237e-01 2.7803876666e-01
3.2615927071e-01 1.3347744120e-01 1.4096988983e-01
7.9074819812e-02 2.6854583938e-02 -1.2364586651e-01
-8.2963369501e-02 -3.2083382144e-02 -9.1496829775e-01
4.6869491021e-01 1.5990225392e-01 -1.6345390744e+00
1.1354213358e+00 -2.3420768403e-01 -2.2897459257e+00
2.8775666178e-01 -1.9636643241e-01 -6.2905482876e-01
-4.5314101165e-02 -3.5492574687e-02 -4.3351748165e-02
3.8304309622e-02 -1.3483562094e-03 1.8632398395e-02
6.6244517424e-02 -1.3667155955e-01 2.4551953386e-02
2.0733936592e-01 -1.5334937378e-01 5.8638374333e-02
2.2274841202e-01 8.5659976112e-03 -2.8902119867e-02
1.8636971426e-01 -5.1029627981e-02 1.0776072184e-01
2.8259222436e-01 9.2970499533e-02 1.2214255691e-01
1.3638620668e-01 1.7075057338e-02 8.4202069507e-02
2.1305595902e-01 1.2207694739e-01 7.6833374358e-02
1.9201186517e-01 1.1266211556e-01 8.4070312676e-02
-8.8282650733e-02 -9.3508635624e-02 -1.1609724171e-01
1.6160540667e-01 -3.3009570343e-02 -9.3007308476e-01
6.2943060153e-01 -3.3583153110e-01 -8.1747287067e-01
3.3816922126e-01 -1.1571406128e+00 -4.9032294029e-01
-4.5492302118e-02 -3.4297490125e-01 -2.5011995978e-01
-6.7842938784e-02 -2.7295937557e-02 -4.5334496482e-02
-1.8357184781e-02 -7.3468519701e-02 1.4745978285e-01
-6.0688134690e-02 -2.3283062059e-01 3.5756689579e-01
-3.8554139288e-01 -2.8577902530e-01 -3.2680042947e-01
-4.3774572421e-01 -2.4151321723e-01 -2.2221332011e-01
-2.2335871998e-01 -1.2952296867e-01 -3.7865732540e-03
-1.8929682595e-01 -8.4828816261e-02 1.5803269631e-02
-5.3984122187e-02 -5.9199118661e-02 2.6541413850e-02
4.1986514662e-02 3.2600814305e-04 6.2480458578e-02
-1.9130963811e-02 -5.9796420960e-02 8.7313962891e-02
-9.2040658205e-02 -7.5631213861e-02 6.8146513669e-02
2.1164452896e-01 -1.3812434489e-02 -1.6237615582e-01
7.3334052213e-01 -6.5104760805e-01 3.4260144531e-01
3.2828979125e-01 -1.1255305596e+00 1.1451764268e+00
-1.9350757496e-01 -1.3122474887e-01 3.2632100142e-01
-7.5964829182e-02 2.7185116517e-02 -1.0472924952e-01
-1.8639379633e-02 -4.9329996618e-02 7.4976398837e-02
-2.6022319646e-01 -2.1581283123e-01 1.4471434090e-01
-6.8417969902e-01 -6.0923162793e-01 3.3591824179e-02
-2.8692798420e-01 -2.7427162791e-01 -1.1493989711e-01
-2.3810394139e-02 5.7035443341e-03 -1.2708715113e-01
-8.1303580792e-02 -2.1792229732e-02 1.5702104748e-02
-6.5928232362e-02 -2.7979639433e-02 3.8463780893e-02
-7.8301099492e-02 -4.7893794204e-02 5.4398329568e-02
-7.9892895658e-02 -7.1351690839e-02 6.1356270072e-02
-1.1586892467e-01 -7.0730227217e-02 6.9180364397e-02
-1.3231914728e-01 -4.8882733890e-02 9.1626980675e-02
1.7658956807e-03 -5.8138786924e-01 4.1970455523e-01
4.1879873579e-02 -6.9309566530e-01 6.4219678588e-01
-4.9851432193e-02 5.5675420156e-02 2.8131894994e-02
-4.4437918095e-02 3.1714791497e-02 -1.2152608770e-01
7.7317666096e-03 -3.1539780487e-02 1.2681100035e-02
-2.0851319616e-01 -1.5355935916e-01 8.3576446563e-02
-7.9188654925e-01 -6.2783347725e-01 5.2256588640e-01
-3.8230686823e-01 -4.5334091535e-01 1.1566108940e-01
-2.1867576070e-01 -2.2806498720e-01 -4.8565210204e-02
-1.0241507148e-01 -5.0706721071e-02 -3.7012334493e-02
-3.8123370074e-02 -2.2102325746e-02 -8.6513387854e-03
-7.4894487747e-02 -4.4582499895e-02 2.2729679722e-02
-6.9424589070e-02 -7.3777675889e-02 2.8418078306e-02
-8.5134007297e-02 -7.2386279882e-02 1.9009231312e-02
-7.9744440702e-02 -7.6494051941e-02 2.7339298799e-02
5.8654183275e-02 -5.1934309901e-01 5.0469650572e-01
2.3165111260e-01 -6.8628819130e-01 9.7641475676e-01
1.1915069413e-01 -2.4960535426e-02 2.2081460511e-01
-3.0877220920e-02 1.0026417489e-02 -8.9445012398e-02
-9.8738853227e-03 -1.9252260544e-02 2.0895558175e-02
-2.3946013069e-02 -3.7236241414e-02 3.1133286078e-02
-2.2972045384e-01 -1.7234627905e-01 1.8283847133e-01
-4.1917483547e-01 -3.9436158378e-01 2.4943399890e-01
-5.4071303420e-01 -5.5280953736e-01 2.8639732728e-01
-2.5986266346e-01 -2.2515979652e-01 5.8589085110e-02
-5.3588569046e-02 -7.5528431008e-02 1.9283137125e-02
-3.8634251203e-02 -4.2872691546e-02 8.2244677334e-02
-6.2131781307e-02 -4.7341978794e-02 8.9753297176e-02
-9.7572435088e-02 -8.5295574252e-02 8.8059508946e-02
-7.9105367766e-02 -1.1394786575e-01 1.3019760933e-02
-6.5615449719e-02 -6.5573130454e-01 2.9185990562e-01
6.7289362321e-02 -8.6333401023e-01 3.2223620063e-01
1.4626159357e-01 -1.7576774513e-01 -1.6558283522e-01
-2.6205262981e-02 5.6504327580e-03 -8.1577098288e-02
-1.9917383715e-02 -2.1266185593e-02 1.0114006025e-02
8.0519769230e-03 -3.0444956705e-02 -2.2892626409e-03
-7.0510207899e-03 -4.2820115578e-02 3.0678738782e-02
-1.1139320282e-01 -1.1235758667e-01 8.3153120850e-02
-3.3149425805e-01 -2.7981474648e-01 1.8293176170e-01
-5.4006320565e-01 -3.5239566775e-01 4.7433237984e-01
-3.4563891890e-01 -4.4088989965e-01 4.7516755771e-01
-1.2409384844e-01 -2.3153946120e-01 2.4629895053e-01
-4.0669814896e-02 -1.6867496937e-01 1.9244189429e-01
-1.6915279391e-02 -1.4517916768e-01 1.7709740165e-01
2.0192395073e-01 -1.8411497438e-01 1.4901435802e-01
5.2572515716e-04 -4.4568604500e-01 -1.1040659923e-01
-5.3759595626e-01 -6.1795381190e-01 -1.4115964921e+00
-6.6846828619e-02 -1.4523532941e-01 -7.5611719243e-01
-3.1020173671e-02 -3.5713641072e-02 -8.4195448720e-02
-1.9727738600e-02 -2.6701399150e-02 3.9220103232e-02
1.4476305102e-03 -3.0583698103e-02 3.4941404311e-02
-9.9934752831e-03 -3.6774899172e-02 5.9774961728e-02
-1.7230244692e-02 -3.7044110804e-02 6.4197500320e-02
-1.0025494294e-01 -5.0438318456e-02 1.0524049469e-01
-3.3011282280e-01 -2.1781291877e-01 4.9403993607e-01
-6.3929465298e-01 -5.4166505371e-01 8.6224337279e-01
-8.2077365222e-01 -5.9618751646e-01 6.7853480504e-01
-4.1751121072e-01 -4.7817628324e-01 4.8398965832e-01
-9.7903122800e-02 -2.9560536563e-01 2.8609770022e-01
-1.7448299912e-01 -3.5261102933e-01 1.5665055203e-02
-5.4258518672e-01 -5.5991071929e-01 -3.5170324671e-01
-5.7174198297e-01 -4.3213291721e-01 -9.6035601229e-01
-1.2879790551e-01 -8.1406230774e-02 -3.8546398833e-01
-3.4362451568e-02 -3.1254401802e-02 -5.3299254462e-02
-9.2049625558e-03 -5.0018142372e-02 2.5416240892e-02
8.7454930140e-03 -7.3942273998e-02 -2.2916946692e-04
1.4597852755e-03 -9.0301338535e-02 4.4778345129e-02
-1.3868116690e-02 -1.0565663270e-01 3.6112205398e-02
-6.1754974190e-03 -9.2351740826e-02 6.4906953951e-02
-7.5823623932e-02 -9.9238852683e-02 7.6188751020e-02
-3.9152084732e-01 -2.1926307553e-01 3.2520572054e-01
-1.0199462007e+00 -5.6127304611e-01 6.7711454651e-01
-1.3390165885e+00 -9.1726976109e-01 7.0346200145e-01
-1.3644860870e+00 -9.7931167719e-01 1.9834798061e-01
-1.1498897206e+00 -8.0641986861e-01 -3.0646808219e-01
-8.8350576357e-01 -5.6688751296e-01 -4.4252391185e-01
-3.2644634570e-01 -1.6695291950e-01 -2.8697218995e-01
-3.5062159643e-02 -3.5404313491e-02 -1.0128622238e-01
-2.1414918696e-02 -5.8277388374e-02 -3.3061478626e-02
2.6994754038e-02 1.2673842532e-02 5.4804478867e-02
2.7883894244e-02 2.5632402836e-02 6.2938772992e-02
1.3387381545e-02 1.6293480294e-02 9.4191613188e-02
2.8582118355e-02 -1.0047011412e-02 7.1373369172e-02
6.8536975156e-02 -3.3001507886e-02 7.5909858812e-02
6.3206170401e-02 -2.6003294517e-02 6.2777045612e-02
8.9216776688e-02 -6.1827233841e-02 8.2981500985e-02
8.3738496719e-02 -1.2938912367e-01 8.4541416404e-02
1.9327012925e-01 -2.1809006514e-01 1.4094582072e-01
3.3271035328e-01 -3.4773489805e-01 1.2794667650e-01
4.4041468612e-01 -4.5737804560e-01 -7.5598721966e-02
1.3288727328e-01 -2.7476078667e-01 -9.4474218527e-02
-6.9460556938e-02 -1.3108858776e-01 -1.5813249631e-02
-7.7796630807e-02 -7.9969532940e-02 -4.1568465115e-02
-6.8459018426e-02 -8.2011810670e-02 -5.4162705078e-02
3.1862725134e-02 1.3739282391e-02 4.7412316839e-02
3.3510629213e-02 2.6697243272e-02 5.2097576683e-02
2.2263260159e-02 6.9075044243e-03 8.9109846572e-02
5.1737664185e-02 -2.9068554577e-02 7.9839214842e-02
1.0525753847e-01 -8.5978688018e-02 1.0926943581e-01
1.2959039722e-01 -1.0355940644e-01 1.0726273467e-01
1.6291426358e-01 -1.6649625692e-01 1.2574804429e-01
2.6300342658e-01 -3.3068807639e-01 1.5091762038e-01
4.0727441196e-01 -5.2291908249e-01 2.3706848863e-01
7.0312208096e-01 -9.1206803492e-01 1.4132868228e-01
1.1367658445e+00 -1.4110280197e+00 -5.1050792554e-01
6.2776618003e-01 -9.0678410915e-01 -6.6391097068e-01
5.9362461107e-02 -1.9936116499e-01 -1.4510101706e-01
-2.9549296224e-02 -6.2182583974e-02 -5.7050340196e-02
-8.8410854534e-03 -6.4597054863e-02 -3.8250788934e-02
1.0454084062e-02 2.5400478370e-02 3.3925116769e-02
1.3489038252e-02 3.2815405830e-02 4.9665514054e-02
-1.9119736208e-05 -1.0896064757e-03 9.5558151180e-02
1.0484156741e-01 -7.9592823370e-02 1.3339837912e-01
2.1349126779e-01 -1.6406883345e-01 1.8622008733e-01
1.5770965188e-01 -1.0707645589e-01 1.2761035833e-01
1.1393086362e-01 -9.9766752872e-02 9.9370310167e-02
1.2721209719e-01 -1.9850898942e-01 1.3096341408e-01
2.3381685876e-01 -3.7649948675e-01 1.6029081883e-01
3.1690956572e-01 -7.0723703950e-01 6.5405662515e-02
6.8938750569e-01 -1.2283849114e+00 -4.8478192111e-01
7.7401648994e-01 -1.0827848643e+00 -8.0181074601e-01
5.3097625470e-01 -3.7740777689e-01 -4.0879903591e-01
1.1537691762e-01 -8.5009386444e-02 -1.4978493368e-01
-2.4352380364e-02 -5.1420587172e-02 -5.7553922836e-02
1.1762334592e-02 3.0091632875e-02 2.6411668446e-02
3.3388061348e-02 3.5729592403e-02 5.1234451151e-02
4.7488886305e-02 -3.4164753004e-02 9.3784779264e-02
1.6190908806e-01 -1.2865371965e-01 1.4973111477e-01
1.3157433516e-01 -9.5215281930e-02 1.1291657645e-01
-1.9336311782e-02 6.0904731027e-02 1.5499713076e-02
-3.7876702711e-02 1.9032106403e-01 2.2877530027e-02
1.6651374122e-02 2.2440500069e-01 1.3622646543e-01
1.6181785576e-01 2.1389770976e-02 1.4211877165e-01
1.5415864968e-01 -3.4726783492e-01 9.6389228919e-02
2.0527184527e-01 -3.9618881651e-01 4.6972101081e-02
9.0914135439e-01 -6.7383181940e-01 -4.5308378683e-01
1.6698848472e+00 -7.4621736820e-01 -1.0353529925e+00
6.6451633812e-01 -3.2340872361e-01 -5.9901212074e-01
3.8198670160e-03 -8.4589574910e-02 -1.2041512970e-01
2.5590632839e-02 1.2106495531e-02 5.6321953587e-02
3.9785377164e-02 4.9797871324e-02 2.5412003841e-02
2.5340707756e-02 2.5110603467e-02 2.9371579268e-02
2.7613713359e-02 -2.5238702856e-02 4.9996569465e-02
-9.5218493496e-02 2.1060935093e-01 -5.1302902185e-02
-1.5815414111e-01 5.6946165841e-01 -8.7061634988e-02
8.0014486149e-02 7.6945576943e-01 1.2821316767e-01
3.0426564431e-01 9.4401886030e-01 4.3583652622e-01
2.8998154012e-01 6.2488602431e-01 3.4985600302e-01
2.1704524524e-01 1.2195174487e-01 2.1230837570e-01
2.4422205108e-01 -1.7746902179e-01 1.2942442999e-01
6.6098718834e-01 -6.2310864421e-01 -2.8940887481e-01
1.1112731170e+00 -1.9547873226e-01 -8.4401107342e-01
4.8283805952e-01 -7.9015719117e-02 -7.6004326452e-01
-1.2627738739e-02 -9.2087770833e-02 -1.6820346685e-01
3.0563458683e-02 -2.0716433619e-02 8.4745206811e-02
-3.3737170061e-03 4.3093525678e-02 -2.4322198478e-02
-6.5532882843e-02 -5.7250980835e-03 -1.0903041655e-02
-4.2301987751e-02 1.0210281827e-01 -5.7820682797e-03
-4.6748594872e-02 7.1915893155e-01 -1.3812937543e-01
1.3908784082e-01 1.0077551703e+00 1.1565225993e-01
5.7347761235e-01 1.1845500055e+00 5.7247317800e-01
5.6888500759e-01 1.0973303067e+00 6.5604700045e-01
2.4562418644e-01 3.4224057508e-01 3.0947099115e-01
7.4035612981e-02 3.9115747362e-04 1.1876623797e-01
3.3488116846e-03 -5.5257361677e-01 -1.1152341632e-01
3.9417014064e-02 -9.5156691688e-01 -3.8420324901e-01
-1.7153259484e-02 2.7607624768e-01 -6.5354165216e-01
-9.6662515508e-02 3.8531779654e-01 -5.4532236863e-01
-6.3178641383e-02 -3.1516823907e-02 -1.2913738167e-01
5.1075645174e-02 -3.7910808382e-02 9.6557613638e-02
5.1937079957e-02 -4.4211286031e-02 5.1803919728e-02
9.4868945163e-02 -6.9266563887e-02 1.5146486828e-01
2.0028950527e-01 4.8053709573e-01 3.9594987454e-02
3.8906898732e-01 8.3822271766e-01 1.5062024172e-01
5.8066925321e-01 8.6235288074e-01 4.1594311443e-01
6.5480512661e-01 9.5111276777e-01 5.3192374148e-01
4.0348935634e-01 5.6954006973e-01 3.4512583591e-01
2.1218784009e-01 7.0983901536e-02 8.8539411709e-02
1.7298204144e-01 9.4792645255e-02 -1.5679193788e-02
-4.1906269968e-02 -6.9276177900e-02 -6.5441419304e-01
-3.2369445398e-02 -5.6733742938e-01 -1.2988580327e+00
-2.5310906746e-02 -1.3300352668e-01 -1.5553218449e+00
-7.0156334575e-02 2.4934935635e-01 -4.6083508718e-01
-2.8053202553e-02 -3.1770314582e-02 -6.1228675918e-02
5.4588500199e-02 -3.7288044591e-02 8.0913152841e-02
1.4533351089e-01 -1.0087302580e-01 1.5620131614e-01
3.3665747028e-01 -7.9542201561e-02 3.4228315042e-01
3.8457125996e-01 8.7565686106e-02 3.3148999913e-01
4.1618853349e-01 1.4368350920e-01 3.9068756263e-01
5.0435006624e-01 4.8620710977e-01 2.7350788340e-01
3.8774140048e-01 4.3614385640e-01 2.5117261728e-01
2.7615956750e-01 2.5541976433e-01 1.2936808085e-01
4.3354022078e-01 2.6070328120e-01 1.4538812484e-01
3.8868092353e-01 2.5220635885e-01 -6.6550636878e-02
2.7304615017e-01 1.8604528144e-01 -8.7305147722e-01
-2.8896177608e-01 -8.1654299464e-01 -8.7596103096e-01
-2.3696643713e-01 -1.2101592667e+00 -1.9225036920e+00
3.7785136875e-02 -1.1946914252e-01 -5.1620314836e-01
-3.3795568430e-02 -4.8681683696e-02 -2.4293435881e-02
3.5414986883e-02 -4.1327228383e-02 6.5517909009e-02
2.1892456923e-01 -1.9079512087e-01 2.0361034130e-01
5.0257079878e-01 -6.2654930705e-01 7.3495915262e-01
1.5659630962e-01 -3.6775956943e-01 3.2559306605e-01
3.0079473009e-02 -8.5642630124e-02 3.3876415519e-02
1.5780573412e-01 8.5152681992e-02 3.8999009389e-02
2.4325128609e-02 5.1570340971e-02 7.8215395142e-02
9.9018065482e-02 4.9437981885e-02 9.8568621449e-02
1.9261050208e-01 9.0472992359e-02 1.1656567883e-01
1.0570496413e-01 2.7324076727e-02 1.0471564467e-02
2.3024955730e-01 -1.6860490804e-03 -3.8004401847e-01
1.9374538988e-01 -5.7452643696e-01 -5.0883237256e-01
5.4210841001e-01 -1.0324536892e+00 -1.5740012558e+00
2.0569033112e-01 -2.1434063821e-01 -6.9283579452e-01
-2.8468886238e-02 -3.6819854669e-02 -4.5486347613e-02
3.2162308419e-03 -4.8114081940e-02 6.9697085636e-02
-1.0703260247e-02 -3.2001934561e-01 2.3965591352e-01
-1.5227918380e-01 -8.9629026232e-01 5.4464513628e-01
-1.3290362227e-01 -2.2207775131e-01 1.5605490282e-02
-1.0163995085e-02 5.7755669425e-02 -3.2350186685e-01
-5.1385559579e-02 3.0199042807e-02 -1.0553705465e-01
-5.6482192028e-02 8.9233065167e-03 2.7226114595e-02
-4.7012806655e-02 -4.1528779417e-02 6.3906478820e-02
-3.4747207772e-02 -5.9911156464e-02 7.7972105954e-02
-7.8707447067e-02 -6.0876730203e-02 9.6272135433e-02
3.9452215315e-02 -1.5140946423e-02 2.1946678404e-02
4.6853160616e-01 -2.9516217556e-01 -1.1371374514e-01
6.5548947890e-01 -5.2953387456e-01 -3.8915741176e-01
1.1355067858e-01 -4.8342038889e-02 -4.2585261921e-01
-4.3743988662e-02 7.0722374553e-03 -1.1628628945e-01
1.4971061419e-02 -3.2745837323e-02 3.4188923765e-02
-7.4705839573e-02 -2.0458333507e-01 6.7458141510e-02
-4.2951666417e-01 -6.6301325239e-01 2.6308023874e-01
-2.5164404328e-01 -1.8114503546e-01 -1.2587552702e-01
-1.5137215482e-01 -5.1477854829e-02 -1.3938394651e-01
-4.2214427060e-02 2.8451072979e-02 -8.2122072671e-02
-1.6470164572e-02 5.1907655048e-02 -6.3002565822e-02
-4.0731796330e-02 -2.4531777857e-02 3.4915569110e-02
-4.3623884528e-02 -3.8625274456e-02 5.9670779909e-02
-8.0720803029e-02 -3.0712757104e-02 4.5112825312e-02
-1.0927921468e-01 -6.5202710120e-03 6.6664359824e-02
-2.4671978133e-02 -2.8793744613e-01 3.1197042715e-01
1.5531808572e-01 -3.3239134942e-01 4.5154729260e-01
7.5448978228e-02 1.3881741650e-01 -1.5427941369e-01
-2.2741004212e-02 2.3543586679e-02 -1.2587564675e-01
1.5207954712e-02 -3.3446652617e-02 2.1915563638e-02
-8.8586514509e-03 -8.9043908590e-02 4.5493027192e-02
-2.6244309529e-01 -3.9857604439e-01 2.0688565042e-01
-3.1368661689e-01 -4.4078208940e-01 3.6242137265e-02
-2.9628144211e-01 -3.2636627442e-01 2.0513015910e-01
-8.4437563112e-02 -8.5175525465e-02 4.4152657443e-03
-6.6048628477e-02 -6.4705514414e-02 -1.2670478262e-01
-3.1493969159e-02 -2.1483654673e-02 3.9998225994e-02
-1.5306081434e-02 -3.9746222224e-02 6.1345030931e-02
-6.3049437812e-02 -5.0205476550e-02 2.7484328421e-02
-4.3395735489e-02 -6.4748908967e-02 1.4627576124e-02
6.6553052985e-02 -3.5398408353e-01 4.3777848480e-02
1.7309547045e-01 -4.0832352672e-01 -2.8844141712e-01
1.6801913992e-01 1.0052585324e-01 -4.2549985306e-01
-1.1080791077e-02 7.8009032579e-03 -1.0201326877e-01
-2.7044474094e-03 -3.0698071508e-02 1.7491469830e-02
2.8300407068e-02 -3.4166658893e-02 6.6796955734e-03
-3.4792149015e-02 -8.0753225852e-02 3.7523875570e-02
-1.8545420597e-01 -2.4457424193e-01 2.7539895566e-02
-3.4127849129e-01 -4.0891104510e-01 1.8638569087e-01
-2.0646336814e-01 -4.0133040501e-01 2.6676184930e-01
-1.5541967989e-01 -3.9577161515e-01 2.4823136729e-01
-2.3106616640e-02 -2.0204212579e-01 2.4305692680e-01
1.5618233391e-02 -1.1649622659e-01 2.0656494778e-01
-1.9802616108e-02 -6.9611460487e-02 1.4966454066e-01
7.0280985711e-02 -6.5674132304e-02 9.0868720874e-02
1.5303032867e-01 -3.4549822406e-01 -1.1109838372e-02
-9.2515411462e-02 -6.0426679510e-01 -1.3073936004e+00
2.3853161924e-02 -1.1668876659e-01 -9.3753694724e-01
-2.1378200527e-02 -6.5544382413e-03 -9.8925040774e-02
-6.9770737847e-03 -3.2411848904e-02 1.8640771789e-02
1.9882779597e-02 -3.6929145125e-02 7.5166618281e-04
7.9165056727e-03 -3.9278995193e-02 3.5295520514e-02
-1.4921372637e-02 -5.8358095682e-02 4.0118441088e-02
-1.0861103958e-01 -1.7384959577e-01 1.5360110037e-01
-3.0832996081e-01 -3.8027526451e-01 3.9815075793e-01
-5.3373808062e-01 -7.0534732847e-01 5.9527638090e-01
-4.2053608264e-01 -6.6679546938e-01 5.6664997328e-01
-2.1098372051e-01 -5.3241915194e-01 4.6699341468e-01
-4.0043553573e-03 -2.2133006133e-01 2.9957606572e-01
4.7301380083e-02 -3.0040574562e-01 4.1459792401e-02
-1.8427502934e-01 -6.3416992920e-01 -1.6971754354e-01
-4.2537744267e-01 -6.4908495140e-01 -1.3418023119e+00
-1.4935162345e-01 -1.7527400840e-01 -7.0307024349e-01
-2.6925228845e-02 -4.5951299246e-02 -6.4787079132e-02
-3.3703453630e-03 -3.5184895310e-02 3.3937979566e-02
1.3764194303e-02 -3.5269274925e-02 2.5579194913e-02
-9.7694438589e-03 -4.1586044139e-02 5.9934471153e-02
-5.6389879756e-03 -4.1422528255e-02 5.8569074367e-02
-2.4072836017e-02 -3.4188024022e-02 8.5575992608e-02
-1.8200393114e-01 -1.5650446649e-01 1.9617379823e-01
-5.0386819689e-01 -5.3698348987e-01 5.7425236076e-01
-7.7332864463e-01 -8.9275636031e-01 8.1568550252e-01
-8.3980296819e-01 -1.0286335292e+00 7.0570396125e-01
-6.9871359578e-01 -8.0261104388e-01 4.7568660584e-01
-5.6421488817e-01 -7.7698458640e-01 -3.4879209711e-02
-7.7832295420e-01 -9.5595210540e-01 -3.6082586614e-01
-4.3328778990e-01 -4.9251118184e-01 -5.9409901115e-01
-7.5106920399e-02 -1.0669090599e-01 -2.1932215591e-01
-2.2102235611e-02 -4.3660508816e-02 -4.6312275318e-02
7.7395150706e-03 -6.0086488178e-02 2.8281776860e-02
2.6557721706e-02 -6.7911314571e-02 -2.6652375492e-04
1.0334633396e-02 -7.9166540939e-02 5.2352321317e-02
4.8096354306e-03 -8.6939029674e-02 4.4416485154e-02
1.2423668102e-02 -8.5896140465e-02 6.2148735728e-02
-1.5523795174e-02 -9.9202493286e-02 1.6119899969e-02
-1.3719511227e-01 -1.8471660626e-01 1.4067627560e-01
-4.8102183777e-01 -4.6009791060e-01 3.2512371905e-01
-7.5151462875e-01 -8.0194822243e-01 4.1116317554e-01
-8.3036590408e-01 -9.1072354174e-01 2.3053955250e-01
-6.5060374006e-01 -7.3320149755e-01 -6.6602347034e-02
-4.7503088453e-01 -4.5190403912e-01 -1.8757254790e-01
-1.4680987640e-01 -1.3387712000e-01 -1.2890203988e-01
4.2612480239e-03 -3.1951517253e-02 -7.9988687636e-02
6.4777568653e-03 -6.5197531025e-02 -3.0291207268e-02
1.9795128334e-02 1.7892534739e-03 6.5905730065e-02
1.5486973432e-02 9.2986543302e-03 7.4239067604e-02
1.4703697602e-02 1.1825252142e-03 1.0075058183e-01
1.6781217306e-02 -2.0062427424e-02 7.5621632220e-02
4.2392859336e-02 -3.6404961403e-02 7.6907103041e-02
1.4569297311e-02 -1.3452948508e-02 5.9337922734e-02
2.4271728852e-02 -2.2315971996e-02 6.9065015791e-02
-1.4918933218e-02 -2.7060035224e-02 6.5321302156e-02
-3.0537456804e-06 -5.1393129180e-02 8.5876455669e-02
-3.7448236941e-02 -5.3460698684e-02 1.0123177327e-01
-2.4630065307e-02 -8.9749746820e-02 9.6070232381e-02
-7.0637005509e-02 -9.6568009127e-02 9.9886425100e-02
-5.4866078580e-02 -9.0388585379e-02 7.2167393706e-02
-4.8686937341e-02 -5.2140524067e-02 1.7407681544e-02
-6.7981547079e-02 -2.1265375744e-02 -3.4676615599e-02
1.4047713949e-02 1.1749730052e-02 6.6062064193e-02
1.7962129849e-02 5.6330781477e-03 6.8501560689e-02
9.9282687911e-03 -6.9008863806e-03 9.0957534317e-02
1.7377053249e-02 -2.3138889865e-02 7.8859730051e-02
3.2856944727e-02 -5.4132956975e-02 8.5255588616e-02
2.3240662797e-02 -3.7396188927e-02 6.8570314486e-02
1.5652118718e-02 -6.1963711039e-02 7.4457078029e-02
2.5632430492e-02 -1.0272102562e-01 7.5748055219e-02
7.7218567752e-02 -1.9876527190e-01 1.0369358383e-01
1.0290345115e-01 -3.2002735953e-01 9.5762123790e-02
1.4883003591e-01 -4.2297020427e-01 -1.7417887503e-02
-6.6698004880e-04 -2.4488268739e-01 -3.6445612182e-02
-1.1814773883e-02 -1.2501201386e-01 7.6169042733e-02
-1.0495924437e-02 -4.6096379503e-02 4.0537954165e-02
-1.2129375482e-02 -6.5866937828e-03 -1.5598455245e-02
-2.4845819735e-03 2.0246155087e-02 4.8762061465e-02
-6.9776040526e-03 1.4314209663e-02 6.0108155876e-02
-2.4553458728e-02 -3.3579286932e-03 9.1478655877e-02
9.5750866060e-03 -3.3831994894e-02 7.4955989634e-02
3.8326056689e-02 -6.1361111521e-02 8.1976802212e-02
1.7611567973e-02 -4.6486096644e-02 7.5063568346e-02
4.6203406879e-02 -9.1870174516e-02 7.5200158116e-02
8.8486073283e-02 -1.9554104139e-01 9.7687083115e-02
2.6603509426e-01 -3.7768063613e-01 1.2400681479e-01
3.5841652255e-01 -6.8602750901e-01 5.4314612321e-02
5.1279439209e-01 -8.7812397117e-01 -1.5087389357e-01
5.5465659821e-01 -3.6077519980e-01 -2.1274673679e-01
3.2650125060e-01 -6.7717178448e-02 -1.0614393656e-01
6.4951875123e-02 -2.6322170215e-02 -9.2867348566e-03
-3.1642901917e-02 1.1133986741e-03 -3.3390302771e-02
-4.9525908230e-03 2.8152130313e-02 3.8667162520e-02
2.1962183533e-03 1.5884765845e-02 5.5095866007e-02
-1.1795209684e-02 -1.7480394178e-02 6.9531416823e-02
3.2245774013e-02 -5.6393372985e-02 6.7521032751e-02
7.2826176747e-02 -1.1306690626e-01 8.1713369867e-02
1.0895856589e-01 -1.2941364079e-01 9.1357169279e-02
1.4942379407e-01 2.3344116792e-02 1.3004175673e-01
3.1894686000e-01 1.8870252048e-01 2.4763550864e-01
5.9887380833e-01 1.1362884096e-02 3.2103390401e-01
6.6295138210e-01 -4.9103109486e-01 2.7720222535e-01
9.9494539068e-01 -6.1663702063e-01 1.1047017917e-01
1.6215714117e+00 -2.8311869266e-01 -5.7245448261e-01
1.4479213693e+00 -5.3924073721e-02 -1.1909196321e+00
3.3018626976e-01 -8.0266075482e-02 -3.9066241958e-01
-2.2906040782e-02 -1.7738796209e-02 -8.4127952396e-02
7.2175751475e-03 5.3514976168e-03 4.6844846463e-02
3.5759983868e-02 -8.8110225413e-03 6.4294986162e-02
6.9447979014e-03 -5.0260067395e-02 8.4501708396e-02
6.7370811272e-02 -1.4523938070e-01 1.2733746700e-01
1.3191034253e-01 -1.2736437084e-01 1.3881554058e-01
2.8010745731e-01 1.7906922115e-01 1.9443408504e-01
6.9855426727e-01 4.1811188274e-01 4.9644770373e-01
1.0145132577e+00 4.2440962362e-01 6.2432945166e-01
9.6667829204e-01 1.0166327931e-01 4.0282225278e-01
8.3473872960e-01 -3.0276338864e-01 2.8581750822e-01
7.8953903670e-01 -4.3156974698e-01 -8.7129128134e-02
7.3292131899e-01 -9.3077654771e-01 -7.7058445978e-01
1.3030806453e+00 -7.3300358740e-01 -1.5535954850e+00
6.5308388646e-01 -7.0902339078e-02 -1.1240251166e+00
-1.6123534207e-03 -1.3178184341e-02 -1.9757270790e-01
1.1344886134e-02 -1.6140484067e-02 8.2833188457e-02
2.6463515775e-02 -4.1529788401e-02 8.5335720322e-02
4.3147028756e-02 -1.5459511350e-01 1.5940400080e-01
1.6828568180e-01 -1.5995330761e-01 2.1299378620e-01
3.8533229217e-01 3.7042532945e-01 3.0573472349e-01
8.7754340675e-01 5.8747283834e-01 7.1927272962e-01
9.8956992201e-01 4.2837641942e-01 7.4961945760e-01
5.2677600085e-01 1.1461433462e-01 3.7015688789e-01
1.8270604394e-01 -1.1577156867e-01 1.4417102073e-01
2.1757478327e-02 -2.6297347573e-01 1.1548581269e-01
-6.2803053069e-02 -6.0971951305e-01 -5.6987576196e-01
-7.6528489937e-02 -1.5202980979e+00 -5.5415937272e-01
3.3887395254e-01 -5.8252389089e-01 -9.3031900871e-01
4.2921828661e-01 6.3652428192e-01 -1.7519960131e+00
-7.8944315804e-03 8.6425680406e-02 -3.7323621653e-01
1.9761422159e-02 -3.9822470936e-02 9.1320682443e-02
5.9399814867e-02 -7.3011426326e-02 1.0165421816e-01
9.2540875539e-02 -1.6226331720e-01 2.0015832291e-01
4.0313997134e-01 1.1876768844e-01 3.5400469835e-01
9.0816162882e-01 3.0466771855e-01 8.5743691702e-01
8.4149726111e-01 3.8049694284e-01 7.8204319469e-01
3.0593863302e-01 2.7721299777e-01 2.4948975593e-01
5.5099347395e-02 4.7158521605e-02 3.7416111241e-02
8.7801862577e-02 -4.7561948393e-02 7.4550567538e-02
-9.5650205827e-03 -1.7880400830e-02 4.3576970268e-02
-3.1319775331e-01 -2.6312810451e-01 -6.2976258212e-01
-5.2432105893e-01 -1.7698723640e+00 1.9781645756e-01
-4.1101046919e-01 -2.2439719901e-01 -5.9132722312e-01
-2.7502805275e-01 1.2497943713e+00 -1.3660047779e+00
-5.7999948133e-02 1.9731349798e-01 -3.4566615919e-01
1.7002638536e-02 -4.1964960578e-02 8.1852089222e-02
5.7029693164e-02 -8.8535990072e-02 1.2028229521e-01
6.5040895086e-02 -1.8576091961e-01 2.6432916135e-01
4.2524575838e-01 -3.2116272460e-01 7.4127096709e-01
6.1324004669e-01 -2.5682402747e-01 7.5285902644e-01
2.6846164219e-01 5.9132860592e-03 1.6991408702e-01
7.4712948502e-02 3.9667805550e-02 6.5789929818e-02
4.5352701123e-02 5.2079984463e-02 7.3595470234e-02
1.4281628173e-01 1.9867888366e-02 8.9569760098e-02
8.3707969266e-02 6.0118009438e-02 5.7561440029e-02
-6.8427009806e-02 2.6294924495e-02 -3.4055269067e-01
-6.4979487847e-01 -1.0687012019e+00 6.6471363308e-02
-4.2474389600e-01 -6.6455068105e-01 -3.8872221130e-01
-2.5835040003e-01 4.0673802826e-01 -3.3330547195e-01
-8.9150797828e-02 1.6602380250e-01 -1.6347674541e-01
1.0092135329e-02 -4.3561548862e-02 6.4610872262e-02
5.3269592195e-02 -1.4574979609e-01 1.4298488698e-01
1.6371615365e-01 -5.2787189067e-01 5.4691029717e-01
2.0155261253e-01 -4.3522805874e-01 4.8264569234e-01
1.1970212335e-01 -1.4545873196e-01 -7.0913208416e-02
1.8288057582e-01 -2.1795345375e-02 -2.7476012916e-01
1.2172846349e-01 8.2442793337e-02 -4.7755526356e-02
-2.9500222922e-02 -4.4344918724e-02 4.7812361233e-02
-5.5498210996e-03 -9.3593064373e-02 6.3218806696e-02
-2.9474677956e-02 -6.2656025203e-02 9.3461614493e-02
8.0896841652e-02 6.3206199836e-02 -1.6128619721e-01
2.2372917716e-01 -3.7526008751e-01 -9.1371807996e-01
3.3952833808e-01 -9.1056334802e-01 -1.0633093804e+00
6.3878372487e-02 -1.4657983664e-01 -3.0721867821e-01
-4.5745825965e-02 1.2669173816e-01 -1.1162611490e-01
5.8071650140e-03 -2.5036503811e-02 4.7731480072e-02
2.8054823254e-03 -1.3495852909e-01 1.2370605667e-01
-1.8538404287e-02 -4.7755026593e-01 4.1577701236e-01
6.8051157618e-02 -1.5422249395e-01 -2.6265471388e-02
7.5036983380e-02 9.6581488391e-02 -5.5581858117e-01
4.9100288916e-02 2.1761488129e-01 -3.6583548001e-01
3.9180906048e-02 2.2185858518e-01 -1.8475682682e-01
-4.2954765837e-02 -2.2776535100e-03 -2.5918869195e-02
-4.5284916715e-02 -6.7403153662e-02 5.9408972195e-02
-9.2652236268e-02 -4.9087442854e-02 7.3504244727e-02
-2.9605285835e-02 -1.9598424993e-02 2.9558222864e-02
2.1114435357e-01 -2.9764664868e-01 -4.4662991405e-01
5.2517031333e-01 -5.9872603279e-01 -1.4350325588e+00
2.7578336816e-01 -9.6868221377e-02 -9.3514902540e-01
-4.3557463519e-02 8.3596456395e-02 -1.8250177651e-01
1.1184538128e-02 -2.1621300589e-02 4.3801460658e-02
1.2642754932e-02 -5.1845896693e-02 4.7633892332e-02
-4.9800292935e-02 -1.5852345143e-01 7.3517000550e-02
-7.3007001070e-02 -1.5575321368e-01 -1.6746618793e-01
-1.2387451334e-01 -1.8181639971e-01 -1.6611303039e-01
-6.0520620955e-02 8.8181700896e-02 -1.4261278958e-01
-1.1783033548e-01 1.3217645617e-01 -2.4021627328e-01
-4.8659745462e-02 -3.8509386753e-04 -3.3451425651e-02
-2.1048930961e-02 -2.8195204444e-02 9.4898773741e-02
-6.2443277085e-02 -3.9189788694e-02 6.6559913856e-02
-8.8212263618e-02 -3.5126608169e-02 3.5985223948e-02
-1.2246101648e-01 -2.3490735368e-01 -1.2757737504e-01
-7.1787734832e-02 -5.7308090401e-01 -1.2519673618e+00
5.6257405121e-02 -1.2088550655e-01 -1.1038560336e+00
-5.3157116595e-02 2.9560965354e-02 -1.8651847868e-01
3.9069993734e-03 -2.8624756515e-02 3.0591325105e-02
2.3225809469e-02 -3.9290223138e-02 2.7858247442e-02
-1.4168824918e-03 -6.5589922071e-02 4.7383941821e-02
-5.8328375200e-02 -1.9462839368e-01 1.7171156262e-02
-6.0483151634e-02 -2.3090499136e-01 1.0905889120e-01
3.3142742246e-02 -9.0768695106e-02 -7.4113121699e-02
-1.6513378076e-01 -2.1975602451e-01 -1.7060792104e-01
-7.8006804701e-02 -1.9784216035e-01 1.4983495532e-01
3.1465812252e-02 -1.8003073122e-01 2.0908573739e-01
-5.0358024650e-02 -1.7179618445e-01 1.4701866072e-01
4.1088260732e-02 -2.4370149900e-02 9.7841185768e-02
4.9534478600e-02 -1.5715718632e-01 9.7554711469e-02
-2.4513061725e-01 -6.5185290468e-01 -1.2071237445e+00
-8.3081384070e-02 -2.2639726820e-01 -1.1045355561e+00
-4.7214612910e-02 1.2350521259e-02 -1.4649870917e-01
-8.5115139945e-03 -2.1082808274e-02 2.7079204141e-02
1.2855306987e-02 -3.8176574646e-02 2.1192884429e-02
-3.1634991467e-03 -2.9548209393e-02 3.7949485664e-02
-2.1465897439e-02 -5.0759982315e-02 3.4457944415e-02
-7.2047906999e-02 -1.4745464174e-01 8.3918457813e-02
-1.4930338616e-01 -3.7723482857e-01 1.7496514902e-01
-3.1654029588e-01 -6.0541839664e-01 3.5908905723e-01
-2.2108428019e-01 -5.1903014291e-01 5.6010921635e-01
-1.5749857587e-01 -5.3666264505e-01 4.9660954432e-01
-1.4799793712e-01 -4.4193736136e-01 3.1478553191e-01
3.6624013962e-02 -2.5863306227e-01 1.8529097434e-01
-8.6216562631e-02 -4.5734214306e-01 6.3499695533e-02
-2.5982177399e-01 -7.0213755111e-01 -1.1138623702e+00
-1.4630271647e-01 -2.4633106691e-01 -8.1712164098e-01
-5.8979319592e-02 9.7963093447e-03 -9.3889040509e-02
-8.3185232171e-03 -2.9396552167e-02 2.0386048516e-02
1.1935670910e-02 -4.2459971790e-02 1.2816458057e-02
-3.3323911753e-03 -4.3190215168e-02 4.1619088510e-02
1.0891852876e-02 -4.0608727314e-02 4.5948094312e-02
-1.2307162288e-02 -5.1292836975e-02 8.2017182483e-02
-1.0160017985e-01 -2.1329173516e-01 1.5192362706e-01
-3.0676708652e-01 -6.0339704633e-01 4.0349789146e-01
-4.4159795897e-01 -9.3710631823e-01 6.7346474822e-01
-4.1947586500e-01 -1.0186769437e+00 7.0506821003e-01
-2.6015597741e-01 -8.5131694093e-01 4.1943200186e-01
-3.0600748169e-01 -9.5254431998e-01 -6.7982485143e-02
-7.7210321733e-01 -1.0911418850e+00 -2.2998475641e-01
-4.1870776985e-01 -6.4419376345e-01 -6.4458043666e-01
-1.5339192659e-01 -1.3679580236e-01 -2.9111682581e-01
-4.5274407015e-02 -1.1816626512e-02 -4.3035384625e-02
-1.0899661647e-02 -2.7327724641e-02 4.0951381001e-02
6.4120445781e-03 -3.6334802120e-02 3.2677561301e-02
-2.0278648769e-02 -3.7369060655e-02 6.2314313615e-02
-1.1913400311e-02 -4.2147200735e-02 6.3772883921e-02
-2.5117439023e-02 -2.4699470626e-02 7.3218134057e-02
-5.7142043528e-02 -5.5936981928e-02 5.8440110981e-02
-1.7754697896e-01 -2.3253788561e-01 1.8901433401e-01
-4.0037376363e-01 -5.9994643249e-01 4.1955116449e-01
-5.5076673016e-01 -8.6259496255e-01 5.7407774311e-01
-6.1951688906e-01 -7.6878783081e-01 4.4164983492e-01
-5.8826478463e-01 -8.2781996920e-01 -5.1432231135e-02
-7.1380824203e-01 -7.6454296016e-01 -2.1544440986e-01
-2.9935326479e-01 -2.8978612428e-01 -1.6407154040e-01
-6.7378139531e-02 -4.5627492468e-02 -8.0811452508e-02
-4.7115247034e-02 -1.3192209738e-02 -5.0816385543e-02
8.4139065351e-03 -4.6728240634e-02 4.0393765791e-02
2.3695796197e-02 -6.8155251074e-02 2.0848748782e-02
1.7716011657e-02 -6.5081404127e-02 6.0840467958e-02
1.7799948011e-02 -7.0249695166e-02 5.5374194592e-02
1.7904577158e-02 -7.3757281732e-02 7.3970290117e-02
-6.4871963047e-04 -8.3503564015e-02 3.3955233172e-02
7.0094143918e-03 -9.5213135762e-02 6.7648988697e-02
-8.9765059279e-02 -1.7217426301e-01 9.7654234573e-02
-1.9494724070e-01 -2.8916320177e-01 1.1799618227e-01
-2.9499119155e-01 -3.1081897346e-01 8.7361449472e-02
-1.9334002928e-01 -2.7182259759e-01 1.7437117140e-02
-1.5803843507e-01 -1.7946772025e-01 -1.4301372453e-02
-6.3677945990e-02 -5.1730155859e-02 -2.1440038368e-02
-2.2682711848e-02 1.3770273910e-02 -5.8771228846e-02
-1.2913170969e-02 -2.1632982521e-02 -4.2209954880e-02
1.0629710990e-02 -6.2415575912e-03 6.0978631340e-02
2.2420852757e-02 -3.9134725178e-03 5.2074516650e-02
1.4206021098e-02 -1.6650942300e-02 7.7986454351e-02
1.4831840210e-02 -3.6442443791e-02 5.5660719988e-02
3.0032602940e-02 -4.8708421985e-02 6.4749505618e-02
2.1542502555e-02 -3.8676307044e-02 3.7460706904e-02
2.7614739600e-02 -3.3003351111e-02 4.7787125856e-02
-7.2255637728e-03 -3.6122183267e-02 5.1221298951e-02
-3.0378055899e-03 -4.2825737558e-02 6.3571740547e-02
-2.8899989853e-02 -3.5797129686e-02 6.4478452788e-02
-2.5453066368e-02 -5.6989789796e-02 6.3529621758e-02
-7.3323861727e-02 -8.6823502086e-02 8.5159746893e-02
-5.7086296743e-02 -1.0034449823e-01 9.6816995644e-02
-3.2999489501e-02 -8.5973957174e-02 6.8723421429e-02
-3.5799911268e-02 -6.6622385703e-02 1.5932128009e-02
2.1227316645e-02 2.0357638572e-03 5.6454609347e-02
3.7598922925e-02 -5.2612625209e-03 4.7315603757e-02
3.0476570072e-02 -1.5626523903e-02 7.7158736151e-02
3.1004813314e-02 -3.4432024283e-02 4.7918289447e-02
3.5095787536e-02 -5.9982352564e-02 5.8459252046e-02
3.0996715316e-02 -5.5377141634e-02 3.6587250435e-02
3.1628366258e-02 -5.6367778434e-02 4.3284859522e-02
6.0739348010e-03 -5.4600872836e-02 3.4268042785e-02
3.3741724231e-03 -5.7161692897e-02 5.2113055796e-02
-9.1690992536e-03 -5.2485565328e-02 3.8551628441e-02
-1.9990759555e-02 -6.5647150520e-02 4.6437076551e-02
-3.0566947346e-02 -6.9035131580e-02 5.8804512203e-02
-3.2052484023e-02 -1.0858949738e-01 1.0700421187e-01
-1.7800621287e-02 -9.7698215350e-02 7.1361901648e-02
7.7689852035e-03 -6.6408288296e-02 2.4799419695e-02
-2.6102181019e-03 9.3228570929e-03 4.7117025973e-02
1.9876992608e-02 8.6952280146e-04 4.3646934955e-02
7.1523538883e-03 -1.8825030933e-02 6.4065811452e-02
1.4372883780e-02 -4.0424560510e-02 4.5160743839e-02
2.9760423551e-02 -6.3631806909e-02 7.0256503595e-02
2.9547424851e-02 -5.5286470331e-02 3.8899892671e-02
2.2613651801e-02 -4.9192837890e-02 4.6481942356e-02
2.4615452138e-03 -4.5666163941e-02 3.8721239780e-02
4.3643576220e-02 -6.9544090220e-02 6.3713188022e-02
8.4559678167e-02 -9.9722444095e-02 7.3450577503e-02
3.5483462898e-01 -1.2859172751e-01 1.2422076579e-01
6.3306488297e-01 -5.3533727684e-02 -3.5020552261e-02
2.6708898533e-01 -6.9058873178e-02 -8.5505179775e-02
3.9647535473e-02 -5.1911257102e-02 7.0692513920e-03
-3.3826474432e-02 -3.4153148179e-02 -1.1892645794e-02
3.2878143828e-03 1.2134085661e-02 3.6913455991e-02
3.1416904705e-02 -3.8059835194e-03 2.8707738107e-02
1.2315265523e-02 -2.6210272163e-02 4.8428157036e-02
2.6948305596e-02 -5.4332079238e-02 4.8663191967e-02
2.9356165907e-02 -7.5579217251e-02 5.4400248218e-02
3.7449315465e-02 -7.1004191343e-02 4.0632856410e-02
8.2347702690e-02 -3.2760803808e-02 8.0543937379e-02
2.5810288863e-01 -3.2605009002e-02 1.6957172923e-01
5.3314107886e-01 -1.2722739887e-01 2.6598670807e-01
5.2235781758e-01 -2.0467964557e-01 3.3796056887e-01
1.1469120131e+00 -2.3822017411e-01 4.2206238947e-01
1.6850912886e+00 -2.8745820667e-01 -8.1107857288e-01
8.5166597904e-01 -3.0934884839e-01 -1.4934709448e+00
1.5865104955e-01 -1.3785364673e-01 -2.9960691053e-01
-3.3613882531e-02 -3.5544338523e-02 -5.0709892786e-02
1.5336570100e-02 1.4118228737e-03 4.7783827498e-02
4.0792151143e-02 -6.2653027498e-03 4.3589684454e-02
2.2219944108e-02 -3.5642975293e-02 6.4886029560e-02
3.7130328641e-02 -6.1230964897e-02 7.2279120652e-02
5.2073029972e-02 -5.9978117167e-02 8.2538902485e-02
1.9753582587e-01 -2.0444429347e-02 1.4983943419e-01
5.6535351400e-01 -7.7396410789e-02 3.7999185430e-01
8.1916712524e-01 -1.7450042518e-01 4.7516395575e-01
8.3359456613e-01 -2.6729262724e-01 3.6403282932e-01
4.3228413874e-01 -1.7425575669e-01 3.1501024566e-01
-3.4541594467e-01 -3.5506953617e-03 2.5667934401e-01
-1.2391366897e+00 -1.0064499538e+00 -6.5047068328e-01
-8.7500621305e-02 -1.6342965733e+00 -1.6089528161e+00
4.8876068038e-01 -6.0537798501e-01 -7.2714446958e-01
3.4294340992e-02 -7.0669383422e-02 -1.3725823040e-01
1.4935617227e-02 -1.2977672142e-02 5.8623624357e-02
4.4176830779e-02 -3.0295860039e-02 4.8832483985e-02
1.9332273113e-02 -6.4409604367e-02 7.6556408035e-02
4.2014589951e-02 -7.6084421030e-02 6.8399775970e-02
1.7641595487e-01 -2.7892838298e-02 2.0590962120e-01
5.6539712354e-01 -9.9166206197e-02 4.8134960907e-01
6.1258325568e-01 -1.5196648811e-01 4.4825252543e-01
2.9004412391e-01 -1.9011431072e-01 2.0133852886e-01
1.0954491090e-01 -7.2888512278e-02 1.3294588217e-01
-5.6061363526e-02 -7.9839626763e-02 1.9796544470e-01
-5.9097902410e-01 -2.3393307166e-02 8.6825250654e-02
-6.9692784586e-01 -1.3513729075e+00 6.5919236537e-01
9.7934071713e-01 -2.1738985095e+00 -5.8478184512e-03
1.2599415505e+00 -8.8065310092e-01 -1.3720113503e+00
1.6907048596e-01 -5.8600538156e-02 -4.7803163589e-01
2.6048487422e-02 -2.9333111622e-02 5.7079444468e-02
5.8868175976e-02 -4.1601241363e-02 4.2369775590e-02
4.4896884292e-02 -7.0771813368e-02 7.4951221618e-02
1.2153218066e-01 -8.9402767207e-02 1.6277610165e-01
3.9467452310e-01 -2.1137095228e-01 5.0734351846e-01
3.7618299128e-01 -1.3500114248e-01 3.5616280312e-01
-5.9115232322e-02 4.1862690775e-02 -7.2315753595e-02
-1.0670325656e-01 3.7906477607e-02 -3.8052358679e-02
-4.7187986147e-02 1.8363126259e-01 -5.7709886278e-03
-4.9870524049e-02 2.8325959885e-03 9.9135752490e-02
-1.1102761181e-01 -7.3422581772e-02 1.1839469709e-01
-5.9733137254e-02 -8.9315073421e-01 8.9145549981e-01
5.2285860221e-01 -9.5425477357e-01 4.0001713655e-01
7.7038286408e-01 -2.0566935261e-02 -1.5651968973e+00
2.2787017391e-01 2.6875235642e-01 -1.0365809636e+00
2.2949049197e-02 -3.2418943114e-02 6.1871968480e-02
5.7086940332e-02 -4.8338892751e-02 5.1185338303e-02
3.9848562343e-02 -9.3856718063e-02 1.0267721950e-01
1.4641716292e-01 -2.4684426334e-01 3.1088849234e-01
2.1225894147e-01 -3.0994875017e-01 3.1708272605e-01
-1.0884923231e-01 -1.4089153200e-02 -1.4546238685e-01
-2.3308971178e-01 1.1798801070e-01 -8.3397925509e-02
-2.0326868572e-01 1.3697496130e-01 1.7889234275e-03
-7.1541327065e-02 1.5776397281e-01 -3.7621180487e-02
-1.3803931786e-02 3.5972907739e-02 3.7725059430e-02
-8.9951910848e-03 1.1960807936e-01 -2.1025512635e-02
-1.9114556025e-01 -9.5615308689e-02 2.7663519355e-01
-2.1955429569e-01 -9.8058581488e-01 1.3484517877e+00
-2.2094975946e-03 4.4250226402e-01 -5.5024240284e-01
6.5157234431e-02 7.4917660719e-01 -1.2093608142e+00
1.9455927639e-02 -3.1149396454e-02 6.6818028480e-02
4.7327264385e-02 -4.8465206039e-02 5.1299433152e-02
3.6305397554e-02 -1.2742546362e-01 1.3224655568e-01
3.7392406416e-02 -2.4259119271e-01 1.7723059037e-01
-1.4177290720e-02 -1.2207489279e-01 -1.4012436123e-01
1.2871074715e-01 1.9877462506e-01 -3.1779712876e-01
3.1060373220e-02 2.2474194633e-01 -4.9116317279e-02
-1.7312633395e-01 1.8386488277e-01 -1.4280678707e-02
-3.0362433627e-02 2.2503024406e-01 -1.4596084610e-02
-5.2897227904e-03 1.7993119500e-02 6.7840044131e-02
3.6445802477e-02 7.4749685547e-02 4.4489369691e-03
-9.1420306042e-02 -1.3022560035e-01 7.0891564927e-02
-4.9610894553e-01 -5.5107346051e-01 7.5348519145e-01
-3.5697550021e-01 7.4876575083e-01 -4.3409974518e-01
-1.2965968694e-01 8.8122008512e-01 -1.0554610118e+00
3.0229173087e-03 -1.6341274016e-02 5.8176293882e-02
1.8983507193e-02 -1.7993528278e-02 5.1083698090e-02
-5.4553457807e-03 -5.5650809923e-02 9.0022459016e-02
-1.0501846250e-02 -7.3187539134e-02 2.1635510084e-02
3.5758824851e-02 -1.6312457943e-02 -1.7380788479e-01
2.1871161810e-01 8.1840773966e-02 -2.0477883184e-01
2.0983549530e-01 1.9011195758e-01 -3.1090472743e-01
-8.0951490102e-03 1.5913404139e-01 -8.5466201792e-02
4.1562843383e-02 1.5261280028e-01 -9.9366671346e-02
-4.1728795442e-02 1.4240337411e-02 5.4765960759e-02
4.8405851124e-03 1.1935377834e-02 9.1004234992e-02
-5.6544483631e-02 -1.6043444689e-01 2.1706366546e-01
-4.8111835805e-01 9.9484208343e-02 -1.4082176803e-01
-6.6640204745e-01 7.4050886744e-01 -7.5863196127e-01
-2.6279003999e-01 4.6169640084e-01 -5.4456480260e-01
1.2451562198e-02 -1.3925539841e-02 4.7289125838e-02
2.8735651602e-02 -1.6132769386e-02 3.5421385570e-02
1.0747585238e-02 -1.6007178439e-02 5.6051009243e-02
2.4301550246e-03 -5.2306051700e-02 4.8169040469e-02
2.8968035563e-04 -1.0995132287e-01 3.1308870723e-02
-5.1362915426e-03 -6.2224725404e-02 -1.0614800681e-01
-5.6465811372e-02 1.1712794803e-01 -3.0861995607e-01
-1.9618050746e-02 7.4963190598e-02 2.0743134752e-02
1.3589547074e-02 4.8535550422e-02 1.1316220489e-01
-5.7586549037e-02 -1.2415408658e-01 2.2260686065e-01
-4.7279979424e-02 -9.8911842628e-02 1.3470052188e-01
-2.6447976387e-01 -2.2873867360e-01 1.3622944987e-01
-9.1414368360e-01 -3.9127274738e-01 -2.1801384992e-01
-7.2757397650e-01 1.2156440717e-01 -5.5155501000e-01
-9.6760408700e-02 8.0385267732e-02 -1.3486070499e-01
3.7159068685e-03 -1.8054359351e-02 3.9276322885e-02
2.6552258998e-02 -2.8278115384e-02 2.9159310644e-02
1.4528790559e-02 -1.9303374077e-02 5.7732146661e-02
1.0171682911e-02 -2.3517273033e-02 5.5683219105e-02
2.3765142778e-02 -2.8937671794e-02 5.5976659946e-02
3.9083494560e-02 -6.4320899149e-02 -5.4595406089e-02
-4.7242891958e-02 -1.5205039464e-01 -5.4375435364e-02
5.2409676976e-02 -2.4044019143e-01 2.0422942153e-01
8.6563818515e-02 -2.9515441324e-01 4.0466577935e-01
-1.3767092323e-01 -5.0588777241e-01 3.6796096374e-01
-1.6564451173e-01 -4.1529146968e-01 1.6024099007e-01
-3.6834811393e-01 -4.2716136399e-01 -4.0870554117e-02
-6.6441066206e-01 -6.3068195324e-01 -6.5504419794e-01
-2.9282059693e-01 -1.7215082489e-01 -4.7416737766e-01
-1.3957134848e-02 -5.5701259645e-03 -4.1895039123e-02
-4.8303045226e-03 -1.1998341990e-02 3.4589391471e-02
2.5376997988e-02 -2.9752541850e-02 2.2236204212e-02
5.3503614724e-03 -2.1956814921e-02 4.5423166781e-02
7.7459650400e-03 -1.8422586973e-02 4.7481785419e-02
3.9857828012e-03 -1.3416049718e-02 6.5655727124e-02
-2.2505239899e-02 -7.7837021578e-02 4.8835044637e-02
-1.0968068696e-01 -2.3398361119e-01 1.6597363955e-01
-7.7692448640e-02 -4.1323049021e-01 4.7928388091e-01
-1.0766262094e-01 -6.4240159881e-01 6.1092493910e-01
-3.8414898961e-01 -8.5703073985e-01 5.0593854746e-01
-5.0395430840e-01 -8.6333098021e-01 1.9984987553e-01
-7.2348744820e-01 -1.0164055358e+00 -1.8911988838e-01
-4.3715678633e-01 -7.0976780379e-01 -5.6988738936e-01
-1.2315134077e-01 -1.5531216570e-01 -2.2921235496e-01
-2.9335041951e-02 -2.6830365708e-03 -2.6764999811e-02
-2.9092606007e-03 -1.4546602212e-02 3.2261309761e-02
1.9869006635e-02 -2.4406646987e-02 2.0662369034e-02
1.5769191877e-02 -2.4217038347e-02 4.6975033984e-02
6.2781377719e-03 -2.0097818538e-02 4.9645091194e-02
-4.2236718998e-03 -1.6162114584e-02 7.1208765526e-02
-2.6258840442e-03 -3.3029173252e-02 6.5606682242e-02
-3.8862665525e-02 -1.2124044746e-01 1.2495288126e-01
-1.5334854461e-01 -3.2463029507e-01 2.8453193175e-01
-2.3380973412e-01 -6.1145239234e-01 4.5321059870e-01
-3.4680130435e-01 -8.8964180891e-01 4.1771894445e-01
-4.4327527687e-01 -9.5657664466e-01 1.0596141549e-01
-6.0348482201e-01 -8.5107609094e-01 -1.4158242817e-01
-2.5503254644e-01 -3.1630210128e-01 -1.6306549157e-01
-4.4928801222e-02 -3.9237532598e-02 -9.8475820788e-03
-1.4976590701e-02 -1.4917355973e-02 -1.3806176077e-02
1.5607576650e-03 -1.3108035985e-02 3.6736291183e-02
2.1213443511e-02 -1.8376776281e-02 2.4166262146e-02
4.6588352728e-03 -1.6610115826e-02 4.4715649526e-02
-9.1260582386e-03 -1.5398849075e-02 4.3307205101e-02
-3.4790538623e-03 -7.6000138798e-03 5.5783920015e-02
4.1119296265e-03 -1.7877603858e-02 3.3276120968e-02
3.9375017657e-03 -2.8293720150e-02 5.4974114438e-02
-5.9688122819e-02 -9.2891401358e-02 8.2750563335e-02
-1.2224072061e-01 -1.9367264269e-01 1.3612300637e-01
-1.6619014385e-01 -2.8180905854e-01 1.1064766029e-01
-1.5854732912e-01 -3.1983653665e-01 1.4260624266e-02
-1.9566076406e-01 -2.0893894135e-01 -2.3643163864e-02
-9.6900299634e-02 -6.3941328576e-02 1.7632712765e-02
-2.0465757643e-02 -1.7926514993e-02 4.7986318244e-03
-2.4955789209e-02 -1.7411457297e-02 -3.7239019316e-02
1.1637993329e-02 -2.7633030093e-02 3.7346786471e-02
3.6614358894e-02 -4.3448204085e-02 1.4248571858e-02
2.6413205182e-02 -4.3271614829e-02 5.2754667619e-02
1.1909005812e-02 -4.1104574965e-02 4.7988625804e-02
2.7496307078e-02 -4.7735653597e-02 6.5153196699e-02
2.7104623331e-02 -6.5058370638e-02 3.2705845227e-02
3.6934438289e-02 -5.9916826622e-02 4.9842707312e-02
1.0940156476e-02 -4.8842293976e-02 4.4699960174e-02
1.6253898777e-02 -4.6689799807e-02 4.8063610716e-02
2.3695395925e-03 -5.8862160832e-02 2.9301621119e-02
3.9052942429e-02 -5.6022684714e-02 3.4742860376e-02
-4.6387226143e-03 -4.2075526580e-02 4.2087099760e-02
-3.3290951311e-03 -1.3265439258e-02 5.2694422716e-02
1.0921754684e-02 1.3630911794e-02 -8.8388382922e-03
6.3762626008e-03 -3.8015746649e-02 -1.8103589026e-02
2.4361844700e-02 -1.0017034788e-02 3.8682248503e-02
3.7595707935e-02 -1.5371784712e-02 3.7919205690e-02
3.0615119909e-02 -3.2159678565e-02 4.5569455989e-02
3.7554583886e-02 -4.4465005312e-02 4.1561718208e-02
3.6427644169e-02 -5.2162557591e-02 4.1043875455e-02
3.8011978551e-02 -4.6254612709e-02 2.4099985175e-02
3.9852639652e-02 -4.4538417378e-02 2.5194627032e-02
1.2851124487e-02 -4.0594944689e-02 2.5798388697e-02
8.2443109416e-03 -4.3917163071e-02 3.0333601147e-02
-1.9571854678e-03 -4.1564977489e-02 3.1166256272e-02
6.9866826587e-03 -5.9798533963e-02 3.5716109336e-02
-3.2158866793e-02 -5.2186837857e-02 3.7595187642e-02
-3.9083798575e-02 -6.3979698138e-02 6.2369980096e-02
-1.3794183034e-02 -4.5777348471e-02 4.4625861023e-02
-1.4462540410e-02 -4.4657512225e-02 1.2223522388e-02
2.7885089825e-02 -6.8810832217e-03 3.4638915168e-02
3.8899194989e-02 -2.1416070739e-02 3.2200671701e-02
3.9059001082e-02 -3.4216533972e-02 4.2919704714e-02
4.5561817912e-02 -5.2193695895e-02 3.3368137129e-02
3.8654592785e-02 -6.5134169734e-02 3.8324795825e-02
3.5349725775e-02 -5.9626649651e-02 2.1055275580e-02
2.8673686459e-02 -6.0052082817e-02 2.1118399124e-02
1.5218627480e-02 -4.8744395496e-02 1.6883714438e-02
2.1741041831e-03 -5.2070048471e-02 2.0580715642e-02
-4.8435241001e-03 -4.4547091264e-02 1.6718370214e-02
-7.3364917495e-03 -6.0908749995e-02 2.5227869436e-02
-1.5460830501e-02 -5.4897972345e-02 3.4572058175e-02
-1.4940640884e-02 -7.3266735865e-02 6.7401697238e-02
-1.0251016564e-02 -5.1981607602e-02 4.5400502933e-02
4.2654325917e-03 -3.5874375037e-02 1.4629932596e-02
1.2137872920e-02 -2.2860290171e-03 2.2031374053e-02
3.1543080945e-02 -2.2714182183e-02 2.2157732434e-02
2.8467657968e-02 -3.5595076734e-02 3.5431918292e-02
3.6600959796e-02 -5.3268777986e-02 2.7965199694e-02
3.8861593654e-02 -5.8564493833e-02 3.9944656095e-02
2.8794273082e-02 -4.8404949534e-02 1.9251393176e-02
1.9717874461e-02 -4.4007900901e-02 1.6159733012e-02
5.3613036902e-03 -3.5429220697e-02 8.1485907423e-03
8.3285125861e-03 -3.6697862706e-02 9.9074863428e-03
3.0781906087e-02 -3.6832763379e-02 2.5264095295e-02
2.1566558196e-01 -1.0054270672e-01 1.0052748926e-01
4.1497040249e-01 -1.1885599695e-01 -2.3932471276e-02
1.5449937671e-01 -8.0071097199e-02 -5.1335513315e-02
1.6862098807e-02 -2.8877072223e-02 1.3182442197e-02
-1.6994745517e-02 -7.5317587388e-03 -1.8077562600e-02
2.2130540528e-02 -1.1710646387e-03 1.7827577162e-02
4.5351358164e-02 -2.9463234432e-02 1.4601756141e-02
3.0797758645e-02 -4.0472185399e-02 2.3170261229e-02
3.6314432307e-02 -5.5202184569e-02 1.7522759239e-02
2.3066044531e-02 -4.8060542123e-02 2.5071316121e-02
2.8255772520e-02 -4.7524259743e-02 1.5272680874e-02
2.5108954816e-02 -5.7423902739e-02 1.7085576818e-02
4.1220732282e-02 -8.1280079539e-02 2.9024118631e-02
1.1001434491e-01 -1.2932751133e-01 7.5093851021e-02
2.5875463303e-01 -1.7981580902e-01 2.0971107471e-01
1.1676715772e+00 -4.7481246693e-01 4.8731021376e-01
1.6853164073e+00 -6.1814143036e-01 -5.8993581028e-01
6.0211007139e-01 -2.4122302971e-01 -1.0973950421e+00
5.9704771047e-02 -5.1910556972e-02 -1.6596340642e-01
-1.5783772520e-02 -1.7214689193e-02 -4.3888090556e-02
2.4157739516e-02 -5.8772827104e-03 2.2685697159e-02
5.1162948464e-02 -2.5556329027e-02 1.5353375295e-02
3.8160686963e-02 -3.8071406403e-02 3.3731066755e-02
3.7621485051e-02 -4.9854195625e-02 2.4257042019e-02
1.4421195357e-02 -4.6145923650e-02 3.0512110405e-02
4.3594013218e-02 -5.9013352426e-02 1.9742065098e-02
6.9848027465e-02 -1.0480495846e-01 3.7959636815e-02
8.4584939447e-02 -1.7924543915e-01 5.8494470795e-02
2.0621448379e-01 -3.7331671178e-01 2.0731249709e-01
2.7102988172e-01 -2.6971597294e-01 3.6725579759e-01
7.4135290065e-02 3.7775752830e-02 2.1157232747e-01
-6.0273860033e-01 1.2853136457e-01 -1.2011632060e+00
-4.3070129039e-01 5.8208672024e-02 -1.8628043651e+00
7.1887628361e-02 -1.2722422224e-01 -3.5719957983e-01
6.6187637918e-03 -4.0943352763e-02 -6.7854445634e-02
3.2661208812e-02 -1.9642517354e-02 3.8552934508e-02
5.7996377747e-02 -3.7219056378e-02 2.9121372689e-02
3.6717094715e-02 -4.4138015393e-02 3.4754852165e-02
3.1320444778e-02 -6.9864089547e-02 2.2431763174e-02
1.3848063698e-02 -8.8885414023e-02 4.1884915383e-02
4.2074705811e-02 -1.2782051615e-01 3.1167569081e-02
-2.5648623572e-02 -1.5114245712e-01 1.3724787291e-02
-9.3041256973e-02 -1.6543943648e-01 1.0338820511e-02
6.8473031960e-02 -1.8846204598e-01 6.1328316885e-02
8.0522454464e-02 -1.3504344034e-01 2.6066541061e-01
-6.7837069795e-01 7.0676311156e-01 -1.7151962978e-01
-1.1932999615e+00 8.1701892145e-01 -4.8726557307e-01
-3.5191411728e-02 -2.9413621816e-01 -3.2603903780e-01
6.6164998273e-01 -7.5030538234e-01 -3.1487743831e-01
1.3632243426e-01 -1.3018830976e-01 -2.1595786810e-01
4.0634030599e-02 -3.3435907922e-02 3.7363690954e-02
6.7966171559e-02 -5.3669458025e-02 2.9224317660e-02
4.6442542578e-02 -6.5042214262e-02 4.3125825606e-02
4.9176175881e-02 -9.0856300927e-02 4.2685362808e-02
1.9315289022e-02 -1.3202808520e-01 6.6680787335e-02
-1.9566860536e-02 -1.1212643617e-01 -3.5688153384e-02
-1.5038175941e-01 -3.6874507779e-02 -9.3000663677e-02
-1.3399636647e-01 6.9078809795e-02 -1.1604565262e-02
-1.2944465467e-01 3.8433985187e-01 -2.7520457835e-01
-1.9097837189e-02 1.3166264780e-01 -8.8272995382e-02
-1.6075960226e-01 4.5626365656e-01 -1.1301124076e-01
-1.3495077920e-01 1.7205383545e-01 1.8001063018e-01
6.7913112817e-01 -1.4138792282e+00 9.6640590514e-01
1.2374863099e+00 -1.4276339106e+00 -4.9917061584e-01
4.8220714841e-01 -1.2307914281e-01 -8.7808789920e-01
3.9042474884e-02 -3.4492182003e-02 4.3349966932e-02
6.2719186136e-02 -5.4467811486e-02 3.8408422222e-02
3.8326852307e-02 -6.5367168950e-02 4.5886962211e-02
3.8055991263e-02 -9.9362223479e-02 5.4258146193e-02
-2.0518091665e-02 -9.5746652800e-02 3.5307794228e-02
-7.1226820794e-02 3.9220386110e-02 -5.8032335443e-02
-8.8632193031e-02 5.7868645444e-02 1.7223426359e-02
-5.3564389893e-02 1.6770741932e-01 -1.6677995343e-01
-1.3683690459e-01 5.0409253317e-01 -2.7989216681e-01
-8.3399653789e-02 3.4537170421e-01 -8.5115213361e-02
-4.7325262741e-02 2.3341114957e-01 5.1034186876e-02
-1.5774531080e-02 -2.2532662082e-01 4.3427908757e-01
1.5328019804e-01 -1.4615663386e+00 1.5429840040e+00
6.9824723956e-01 -8.3731406706e-01 -1.6413884158e-01
5.6099944789e-01 3.1424674803e-01 -1.8798774393e+00
2.8977307367e-02 -3.1855614446e-02 4.3393455433e-02
4.9828809683e-02 -4.9802794276e-02 3.8449845208e-02
3.6379638831e-02 -5.4371718646e-02 4.2846306285e-02
2.6495064314e-02 -7.2984401825e-02 4.4125796845e-02
4.9394475713e-04 -4.8559026952e-02 2.7875123241e-02
4.5971935476e-02 2.9355549493e-02 3.1286932667e-02
-1.1385638009e-01 6.1750485363e-03 1.1350532950e-01
-1.5005805037e-01 3.0223233036e-01 -1.0854476511e-01
2.4295897726e-02 5.4534364124e-01 -1.8377585632e-01
5.5506214356e-02 3.1393925866e-01 4.7963059853e-02
3.2898328845e-02 1.5787005295e-01 1.0955904782e-02
-7.0604992907e-02 -9.2416830778e-02 1.7669933810e-01
-7.3457358541e-02 -2.4541036216e-01 8.8276140688e-01
-1.4047992775e-01 2.4081121170e-01 -2.1238810487e-01
-3.8184770357e-01 7.2289217723e-01 -2.3620239013e+00
8.2355706943e-03 -1.7052136413e-02 3.6854007345e-02
2.2367687415e-02 -2.2869648832e-02 4.0406848522e-02
1.6238139118e-02 -2.3611244055e-02 4.4655632415e-02
1.8301262565e-02 -3.1233025074e-02 5.0027381954e-02
2.2684522309e-02 -4.0991511536e-02 5.2997920209e-02
9.4681989649e-02 -6.9037841016e-02 1.9860487924e-02
5.6132360747e-02 -1.0032247406e-02 -1.3595337685e-02
-2.2862313471e-02 2.6288715033e-01 1.0144044389e-02
7.6035253243e-02 2.7832133774e-01 -2.6653828056e-01
5.6208588883e-02 2.5364327471e-02 8.9198450362e-02
5.0824252594e-02 -1.7101148506e-01 1.1053588449e-01
-4.6828840784e-02 -3.0266791904e-01 4.3352914098e-02
-5.6842378269e-01 8.9409751205e-02 -2.2652471321e-01
-1.3629008489e+00 3.4611698749e-01 -1.0543152488e+00
-9.7341058182e-01 3.7952292861e-01 -1.4164169731e+00
1.7804575725e-02 -1.6208829979e-02 3.3363049252e-02
3.2306041010e-02 -3.0246100109e-02 2.9392633913e-02
2.2389648465e-02 -3.0121459481e-02 3.6725312257e-02
3.0490794084e-02 -3.1790636535e-02 4.4915607987e-02
1.6284376916e-02 -3.5082874566e-02 5.1262427073e-02
1.8647765593e-02 -5.8377896358e-02 8.6189344971e-03
1.7644131938e-02 1.7980136283e-03 -1.0277832127e-03
2.6025341991e-03 5.4630140149e-02 1.0991056694e-01
2.2580351654e-02 2.6770320573e-02 4.4386337405e-02
3.8557871065e-02 -1.4913874855e-01 3.9844924628e-01
-2.4169070113e-01 -4.8774475205e-01 3.5596981279e-01
-5.8179025162e-01 -7.7653473073e-01 3.2922470857e-02
-1.2682217553e+00 -5.4022046324e-01 -5.9755395618e-01
-1.4016586196e+00 -1.1399288915e-01 -8.1597555549e-01
-3.7067826624e-01 4.2684637000e-02 -2.8340879278e-01
1.2123050893e-02 -1.8309225992e-02 2.5707589196e-02
2.9054140252e-02 -3.3909718413e-02 2.1281515531e-02
2.3096269132e-02 -3.6163426051e-02 3.4541972124e-02
2.5943273669e-02 -3.6548931847e-02 3.7046116070e-02
2.3264950902e-02 -3.6914366372e-02 4.2783262053e-02
2.0900504841e-02 -3.6699590690e-02 2.3636337261e-02
2.8055262196e-02 -4.3539013679e-02 2.2307970748e-02
2.5975224798e-02 -9.5922451763e-02 7.5238089279e-02
4.8870700572e-03 -2.0755361661e-01 3.1214878280e-01
-9.7342285591e-02 -5.2980418735e-01 5.3973435010e-01
-4.9984773267e-01 -8.8047831109e-01 2.8593020046e-01
-8.3211879348e-01 -9.3035204676e-01 -1.2373399175e-01
-6.1698987804e-01 -5.0854643216e-01 -3.7214404112e-01
-3.1919706265e-01 -8.6314644255e-02 -2.0804703439e-01
-5.2138216582e-02 6.7153737206e-03 -2.1063007135e-02
6.1896400535e-03 -9.5207556689e-03 2.3869215764e-02
2.8863996566e-02 -3.1447114186e-02 2.2782917106e-02
1.9491547823e-02 -3.2140383558e-02 3.1484196703e-02
2.4502570106e-02 -3.3003065462e-02 3.3181041827e-02
1.3756262004e-02 -2.8666431864e-02 4.3302460223e-02
9.1838009800e-03 -2.8550217432e-02 4.0446353881e-02
9.6920147835e-03 -4.2603073584e-02 5.7542441420e-02
-1.8422577404e-03 -8.7474498067e-02 9.6506622571e-02
-1.6509146634e-02 -2.2827862632e-01 2.0938677767e-01
-1.4718396961e-01 -5.0222873318e-01 3.1037081900e-01
-3.2588285001e-01 -7.8132197240e-01 1.8920578414e-01
-4.7265884563e-01 -7.0858950011e-01 -8.7483065424e-02
-1.9927317581e-01 -2.7622347717e-01 -1.0568337600e-01
-3.8824585079e-02 -2.6491358023e-02 -1.0299472233e-02
-2.9490156679e-02 4.9043450380e-03 -2.4469528535e-02
4.4304249381e-03 -1.1264251118e-02 1.7481543837e-02
2.5123205033e-02 -2.8540614188e-02 1.6991207451e-02
1.5938940289e-02 -3.2483479349e-02 3.0640554513e-02
1.9657147205e-02 -3.2739420544e-02 3.0051326493e-02
-1.9286853553e-03 -2.6706754624e-02 3.9600730475e-02
-2.2538469100e-04 -2.7261836242e-02 3.9293202877e-02
1.1553360661e-02 -3.3991958063e-02 4.6232422978e-02
-1.2958445030e-02 -4.6727062519e-02 4.7389773258e-02
-3.5316743276e-02 -1.0597857280e-01 5.5541707151e-02
-1.0508045633e-01 -1.9630960040e-01 7.8399162496e-02
-1.2211349727e-01 -2.6805634771e-01 6.7376713963e-02
-1.5744528345e-01 -1.8822698019e-01 2.7251336350e-03
-5.5080732956e-02 -5.0508737215e-02 3.3023315516e-02
-2.4131620878e-02 -1.8083652750e-03 5.7182442982e-03
-1.8759026155e-02 -6.0717247156e-03 -3.5155374987e-02
7.8031100806e-03 -8.0533174997e-03 2.6150242902e-02
2.2001289297e-02 -2.0314166088e-02 2.2455187028e-02
1.5425581103e-02 -2.2920030098e-02 3.3567457170e-02
1.8333443874e-02 -2.2631690198e-02 3.6345978329e-02
2.4818550491e-03 -1.9069056091e-02 3.8311174858e-02
8.1469653003e-03 -2.9569391572e-02 3.5674547125e-02
1.8860930411e-02 -2.6167722226e-02 4.0926185630e-02
5.4714854745e-03 -2.0859294163e-02 3.4452605597e-02
5.3582679179e-03 -1.8089411202e-02 2.9259267548e-02
-1.5872958835e-02 -3.0417521528e-02 2.1022044020e-02
1.3840875190e-02 -5.0250338981e-02 3.2489187748e-02
-1.8837750995e-02 -2.3861820821e-02 3.1803140196e-02
-2.8430185856e-02 -2.3783700207e-02 6.8942141385e-02
-2.8997668360e-02 -1.8034435967e-02 4.2321736954e-02
-2.1760138670e-02 -1.6422306738e-02 -3.8781590350e-02
2.5574136214e-02 -2.4690530508e-02 3.1292709948e-02
4.4512952044e-02 -4.0852053989e-02 1.8489023645e-02
4.0128243284e-02 -4.2945914299e-02 3.6623647711e-02
3.4545530752e-02 -4.1467617830e-02 3.4902441390e-02
3.1758363294e-02 -4.2288477124e-02 4.5921872386e-02
2.9309404120e-02 -5.6486427877e-02 3.9040138672e-02
3.8812521599e-02 -5.5133895545e-02 4.4155829967e-02
2.2298119335e-02 -4.6141527316e-02 3.7121065756e-02
3.4953136019e-02 -3.4777267731e-02 3.3715348531e-02
2.0408130131e-02 -4.0754009294e-02 2.6196721756e-02
3.7169971332e-02 -4.5320802251e-02 3.5156104804e-02
4.6330709454e-03 -3.1960314705e-02 4.4539320221e-02
-1.3715884523e-02 -2.2676632873e-02 8.4625765005e-02
-1.7803403316e-02 -4.0955596326e-03 3.0315279436e-02
-1.4181547850e-03 -5.3743721599e-03 -1.9112682971e-02
2.1446591751e-02 -6.3712157979e-03 3.0690417461e-02
3.2455794416e-02 -1.1386947756e-02 2.7935827786e-02
2.8790176686e-02 -2.4897907898e-02 3.9973939880e-02
2.8952781110e-02 -3.8061466935e-02 3.3722666215e-02
3.1628569905e-02 -3.8184179575e-02 3.3951376996e-02
3.1775632169e-02 -4.0816029470e-02 1.3102791691e-02
3.8497353071e-02 -3.9625530048e-02 2.0329079322e-02
8.4036490927e-03 -3.7918547090e-02 1.9059434844e-02
9.7767441956e-03 -3.2176393077e-02 2.7381881507e-02
-1.3948882900e-02 -2.8588201811e-02 1.8930037162e-02
-2.2838618448e-03 -4.1566381250e-02 2.7767998703e-02
-3.9240617428e-02 -3.8848320719e-02 3.3674288784e-02
-4.1321198136e-02 -5.0174757983e-02 6.6009159232e-02
-1.8601674940e-02 -2.3176478624e-02 5.2091657336e-02
1.0571634322e-02 -4.6376773909e-02 4.0537231348e-02
3.1978716840e-02 -4.4855720324e-03 2.5717383472e-02
4.6848053146e-02 -2.2617450600e-02 2.4143361028e-02
4.6083852037e-02 -3.0330950543e-02 3.8572639234e-02
5.0607057829e-02 -4.9602777226e-02 2.5589484059e-02
4.7746908948e-02 -5.4644948401e-02 3.1262028710e-02
4.7258075484e-02 -6.0281376045e-02 1.4717219544e-02
4.4201828393e-02 -5.8900538463e-02 1.8130133573e-02
2.1761724533e-02 -5.5180457980e-02 1.2096257912e-02
1.8428895755e-02 -4.8446979818e-02 1.7944361099e-02
-2.0833568371e-03 -4.1083979617e-02 4.1551600021e-03
-1.1524166999e-04 -5.3120382856e-02 1.3471027023e-02
-2.4807322434e-02 -4.3446458947e-02 2.1998781922e-02
-1.8500493189e-02 -6.6814551162e-02 6.5666995459e-02
-2.7812385221e-03 -4.3829621997e-02 4.4755259122e-02
1.4373946178e-02 -4.9122508437e-02 3.3826807312e-02
1.4800262495e-02 4.1804465186e-03 1.4597251905e-02
3.5294632617e-02 -1.8298431555e-02 1.3826739409e-02
3.2937006971e-02 -2.7266257842e-02 3.1296528789e-02
4.5087791358e-02 -4.6011179214e-02 2.3703911000e-02
4.1766642660e-02 -4.4036565999e-02 2.9313903000e-02
3.8181634540e-02 -4.4372358210e-02 1.3890139679e-02
4.0366304857e-02 -4.2158978245e-02 2.0268564186e-02
1.4556215790e-02 -3.2295009208e-02 8.2497913484e-03
1.3922438828e-02 -2.5735175328e-02 1.0227699694e-02
-5.5892178941e-04 -1.6030802545e-02 -7.7870791677e-03
4.5074162147e-02 -4.7999281498e-02 3.5681155949e-02
8.7410154707e-02 -6.3159556141e-02 1.5419778438e-02
3.9670851091e-02 -5.3860133358e-02 3.9603416436e-02
-4.9490168941e-03 1.4420268483e-03 2.0738104978e-02
3.4000241335e-03 -1.2658538075e-02 8.2305777807e-03
1.8755276330e-02 3.9749873470e-03 8.7127412149e-03
4.6854077446e-02 -2.2494494036e-02 1.1417065376e-02
3.6335057102e-02 -3.3886060272e-02 1.9708064278e-02
4.4626144090e-02 -4.9731002976e-02 1.3823086280e-02
3.5710261047e-02 -4.0480901259e-02 2.0099607853e-02
4.0434673953e-02 -4.3328579399e-02 9.8480737002e-03
4.1901373191e-02 -4.6854898978e-02 1.5098815864e-02
2.9756337316e-02 -4.8260707492e-02 1.1972076470e-02
3.4541613311e-02 -4.6160193325e-02 1.9736846736e-02
8.0329107497e-02 -8.5875667107e-02 6.0309220132e-02
5.1093577965e-01 -3.8004709644e-01 2.9311186543e-01
1.0080998291e+00 -6.3539660870e-01 -7.9210609310e-02
4.6763826713e-01 -2.5618703705e-01 -3.8377656505e-01
3.8543224939e-02 -1.5167217139e-02 -5.8432008107e-02
3.9670131671e-03 -2.3328357008e-02 -1.7907896527e-02
2.7157269084e-02 -5.2864818715e-04 1.8941687500e-02
6.4326659493e-02 -1.7680108020e-02 2.0086773846e-02
4.4244472556e-02 -2.6534860291e-02 3.2927212088e-02
4.7959095241e-02 -3.4790131943e-02 2.6896973157e-02
3.0398481527e-02 -2.1807269264e-02 3.3567565979e-02
5.3485476649e-02 -3.2329398898e-02 2.0722303924e-02
5.8381883821e-02 -4.6504813354e-02 3.2366051838e-02
3.7009881769e-02 -5.7649538168e-02 2.5708850530e-02
7.5726581173e-02 -1.1286587928e-01 9.4038572150e-02
1.8435112233e-01 -2.0141707893e-01 2.5369193032e-01
6.4318498829e-01 -6.3135528438e-01 5.7142314489e-01
9.5220617513e-01 -7.5551142409e-01 -4.4130179471e-01
6.2907523666e-01 -1.2272763604e-01 -1.4842982479e+00
1.0599653083e-01 1.4600722264e-02 -3.1544370863e-01
1.7071835806e-02 -2.4336286349e-02 -2.2178680388e-02
2.8738699220e-02 -1.7413840763e-02 2.6651970344e-02
5.2201331471e-02 -3.3744358428e-02 1.8014149427e-02
3.5232177511e-02 -4.0285879066e-02 3.1171382257e-02
2.8303205834e-02 -5.0019723057e-02 1.8618654051e-02
2.9323181684e-02 -4.0965829768e-02 3.0753877706e-02
3.8707356054e-02 -6.2378118404e-02 2.0176931385e-02
3.9043920449e-02 -8.2572144168e-02 4.6063878695e-02
2.8684487379e-02 -1.2059111271e-01 4.7083672239e-02
4.4674825183e-02 -2.0206135124e-01 6.9380844258e-02
5.1838453256e-03 -1.0725539410e-01 1.9166075984e-01
3.8704835269e-02 -1.0654893807e-01 2.7155605211e-01
-5.3837455686e-02 3.2832124274e-01 -4.0190180019e-01
2.1802876485e-01 1.0355162259e+00 -1.6690334928e+00
3.1221221462e-01 2.6940798749e-01 -7.1153753234e-01
5.7276858509e-02 -2.8133897795e-02 -7.2281563052e-02
4.4147811358e-02 -3.4369786529e-02 3.2068058109e-02
7.4302962666e-02 -5.1424967437e-02 2.8807538517e-02
5.8318201762e-02 -6.7045379661e-02 4.9699618602e-02
6.3160198752e-02 -7.6847179793e-02 5.0209532980e-02
4.8461448108e-02 -6.9433538055e-02 5.9848270654e-02
5.6309292018e-02 -8.4771900014e-02 4.9361486584e-02
5.6746758830e-02 -1.0799612243e-01 7.8549966319e-02
3.3872380688e-02 -8.9380408389e-02 6.7116593957e-02
-6.0111102627e-03 -7.7229933104e-02 -3.3633671350e-02
2.3763922181e-02 9.6014470341e-02 8.2511408911e-02
6.5445057739e-02 1.7223385143e-01 9.3716412446e-02
-6.3254102915e-02 8.7565858688e-01 -1.5135601783e-01
3.3415058014e-01 1.7757974809e+00 -8.2721930646e-01
7.9658032249e-01 6.5360975909e-01 -9.1029988015e-01
3.4517131377e-01 -6.1981594757e-03 -3.4286140542e-01
3.2327064836e-02 -3.0666545758e-02 3.1525461758e-02
6.8271001832e-02 -5.2405280049e-02 3.5818871061e-02
3.7945878477e-02 -6.0860767196e-02 4.2876764859e-02
4.5896258951e-02 -6.8120282106e-02 4.3548334619e-02
2.9620744522e-02 -5.2455928684e-02 5.6601766645e-02
3.9498582970e-02 -6.9114079599e-02 5.2056842492e-02
5.6783534320e-02 -1.0453441070e-01 6.7012437577e-02
3.7627023761e-02 -1.5864488116e-02 -4.2174402373e-02
-5.1326153161e-02 9.8256265922e-02 1.3092874250e-02
-5.3014201229e-02 3.2193825456e-01 1.9496612144e-01
-2.6020750237e-02 -1.3268974137e-02 2.6184643452e-01
4.4696677591e-02 3.6298032758e-01 1.8324590374e-01
3.8163277706e-01 1.2101355545e+00 1.9465459488e-01
1.0264217524e+00 3.6923019211e-01 -3.1897964162e-01
6.7740082210e-01 -2.4706826519e-01 -1.2438630149e+00
3.2042768426e-02 -2.9072166656e-02 3.8722337039e-02
6.0840863517e-02 -4.6553825083e-02 4.0342521570e-02
4.3409254164e-02 -5.4667598154e-02 4.5994491591e-02
5.0102250073e-02 -5.8483268852e-02 4.4173741531e-02
3.1238358616e-02 -4.5992512839e-02 5.8808135547e-02
2.7946981225e-02 -6.2866219837e-02 5.7446249479e-02
3.9104109323e-03 -8.4085799764e-02 7.8240135080e-02
4.6700081814e-03 8.1510676616e-03 -4.6634864970e-02
6.6950911578e-02 1.1391642970e-01 5.5404428600e-02
7.4715848738e-02 2.2545961940e-01 3.1099437466e-01
-1.0498198025e-01 -2.1760524390e-01 2.5059843491e-01
-5.4399260815e-02 -3.5679863750e-01 5.1817490874e-01
1.0532527794e-01 1.6685460946e-01 7.6532271407e-01
-1.1007214650e-01 -4.4343298671e-01 -9.4163685514e-02
-3.8824445760e-01 -5.7808979072e-01 -2.0487451004e+00
1.0460448901e-02 -1.2026987529e-02 3.2493280734e-02
2.9831527566e-02 -2.1405061723e-02 3.8614811553e-02
1.9725977110e-02 -2.3304347928e-02 4.3407622795e-02
2.2482437525e-02 -2.3116786735e-02 4.0550194928e-02
1.6724172531e-02 -2.3399825637e-02 4.9530695944e-02
1.9802067314e-02 -2.8890019086e-02 3.2475544810e-02
1.4869129816e-02 -2.2398105164e-02 5.6846449908e-02
-5.3611748487e-03 7.3969753613e-03 1.6190323904e-02
4.3431644817e-02 -2.2641796682e-02 1.1174595207e-03
8.8540190645e-02 -8.5403891700e-02 2.0059964709e-01
-6.0920518574e-02 -6.6901593800e-01 2.5092634685e-01
-2.7109647749e-01 -9.2959976929e-01 5.2225570986e-01
-1.0183062711e+00 -8.3690236574e-01 3.4781080530e-01
-1.9475883934e+00 -1.1293729610e+00 -8.2087904424e-01
-1.1226241050e+00 -4.5152525788e-01 -1.3051663229e+00
2.3017714055e-02 -1.4634309752e-02 2.7274650952e-02
4.1857308076e-02 -2.7626036428e-02 2.6778212478e-02
3.3887823224e-02 -3.0660228743e-02 3.5918703355e-02
3.8396197941e-02 -3.8341975479e-02 3.2620864832e-02
3.2577867153e-02 -3.2599083989e-02 3.7039520048e-02
2.9855455904e-02 -4.0250079141e-02 2.5176924522e-02
2.8027787397e-02 -3.4426308097e-02 4.3507361329e-02
1.2151978841e-02 -3.7297817553e-02 4.0075355031e-02
1.9036371023e-02 -8.0476612820e-02 3.8316159294e-02
1.2165053178e-01 -1.5966541886e-01 1.8873254665e-01
-1.0844578582e-01 -6.7044213123e-01 3.2539042620e-01
-5.8543879771e-01 -1.0750830842e+00 2.9422966167e-01
-1.2181018893e+00 -8.2614748417e-01 -1.1329003515e-02
-1.3002882863e+00 -5.8709884406e-01 -4.5261614340e-01
-3.4048698407e-01 -1.2266309795e-01 -2.1023324519e-01
1.7117603463e-02 -1.4298939636e-02 2.1837988173e-02
3.9489254606e-02 -2.5568258674e-02 2.2182389113e-02
3.5501234105e-02 -3.3950024095e-02 3.3510529354e-02
3.8340621294e-02 -3.6446042042e-02 3.1477380158e-02
2.5276588868e-02 -3.3776460502e-02 3.7810872615e-02
2.8607755314e-02 -3.8161663482e-02 2.7730462233e-02
3.4077548601e-02 -3.9231055503e-02 3.8645065551e-02
1.0846345104e-02 -3.7515234832e-02 3.1428388332e-02
-3.0933187385e-03 -6.2065754602e-02 6.5307017515e-02
-3.4713810174e-02 -1.3091411937e-01 1.2201597866e-01
-1.4642812823e-01 -3.1930875711e-01 1.6790997532e-01
-3.4472263567e-01 -4.2804008694e-01 5.5485123600e-02
-2.4350139442e-01 -2.0227103550e-01 2.0504770483e-02
-1.6763826625e-01 -4.8352819753e-02 -1.2298898320e-02
-2.0153418248e-02 4.1950637343e-04 2.2498110822e-02
6.5438015467e-03 -6.2663783235e-03 1.8272051774e-02
3.6758786656e-02 -2.6700539983e-02 2.1226550399e-02
2.3280576219e-02 -3.0322080939e-02 2.6477441196e-02
2.7122609040e-02 -2.8986490537e-02 2.7314544515e-02
1.6797673793e-02 -2.5135996442e-02 3.3647264137e-02
1.9185861758e-02 -3.1551874202e-02 3.3144200947e-02
1.4987599857e-02 -3.1233023576e-02 4.6417289261e-02
2.4340385032e-03 -2.7178484437e-02 3.6735333001e-02
5.0615545841e-03 -3.0434261476e-02 4.2089748572e-02
-3.2725755410e-02 -6.5337095899e-02 1.8568771765e-02
-2.7190908875e-02 -1.1769769572e-01 3.2006246576e-02
-7.1594936019e-02 -9.4056329061e-02 1.3101253492e-02
-1.8239571076e-02 -1.9085219442e-02 4.9078674882e-02
-1.6189869709e-02 1.7314855975e-02 2.4456336973e-02
-6.7143747704e-03 -1.7199492555e-03 -5.4714028755e-04
9.0221839950e-03 -5.2853352932e-03 1.8774337615e-02
4.1879014320e-02 -1.8537551211e-02 2.2055249585e-02
2.6127107930e-02 -2.4422196833e-02 3.1123283456e-02
3.1220026945e-02 -2.4730431865e-02 3.1692529208e-02
1.3877281465e-02 -1.7675193344e-02 4.1700774805e-02
1.9097851650e-02 -2.2861680755e-02 3.9044442971e-02
2.9063139540e-02 -3.0677721391e-02 5.2619583212e-02
6.0838235566e-03 -2.5496441754e-02 3.6875478287e-02
1.6713207873e-02 -1.6795231836e-02 3.0579852349e-02
-2.3692537458e-03 -1.6842556595e-02 1.3288736436e-02
3.8372458316e-02 -2.5411299826e-02 2.7041958385e-02
-4.4849543573e-03 -7.7357121472e-03 3.1429873609e-02
-2.2074577181e-03 2.9145387297e-03 6.3149132604e-02
-1.6564296098e-02 3.7890682688e-03 3.9408631979e-02
6.5915898576e-03 -6.0263199335e-03 -6.6304843510e-03
1.3996925839e-02 -6.5330363757e-03 2.2739185794e-02
3.6767363821e-02 -1.5089699389e-02 1.9603790086e-02
2.0514516661e-02 -2.0124000676e-02 3.0989208580e-02
2.0842335212e-02 -1.7531364510e-02 2.7101747071e-02
7.9552130271e-03 -8.7385895595e-03 3.5204921410e-02
1.8471864396e-02 -1.7626212917e-02 3.7748308086e-02
2.7185340562e-02 -2.0867322932e-02 4.4965114483e-02
5.5459523585e-03 -1.8594364583e-02 3.6207635058e-02
1.2879727905e-02 -5.1366521279e-03 3.4095517848e-02
-8.5528953919e-03 -9.3923907286e-03 1.6481847602e-02
2.8089603807e-02 -1.3060010141e-02 2.4306740114e-02
-2.1530093239e-02 -8.2802632429e-03 3.3258760765e-02
-2.2195694399e-02 -6.1070318186e-03 6.6704353585e-02
-1.8346428875e-02 -3.9260550918e-03 4.7789754473e-02
-4.8966600035e-03 -7.1974376997e-03 -9.7132506430e-03
3.2561839277e-02 -2.2222557821e-02 2.6676006105e-02
5.7420754402e-02 -3.6981010166e-02 2.0908937578e-02
4.7851311426e-02 -4.2722338211e-02 3.7824322405e-02
4.3275490582e-02 -4.3521828223e-02 3.4542497451e-02
4.1055267190e-02 -3.6565462161e-02 4.8413232164e-02
4.5498515597e-02 -4.9192246136e-02 4.1572711937e-02
4.8407346373e-02 -5.2070059332e-02 5.1145052068e-02
2.6592494760e-02 -4.9178018106e-02 4.2501244367e-02
3.7842378471e-02 -3.6602553141e-02 4.4765348685e-02
1.9936493040e-02 -4.1674086276e-02 3.0148912435e-02
4.3353955119e-02 -4.4909955969e-02 4.0146896903e-02
-4.6249464016e-03 -4.0223885617e-02 5.2514938150e-02
-3.3319672989e-03 -2.8324305153e-02 8.6248972158e-02
-8.1552412002e-03 -1.0287317460e-02 5.4497723913e-02
2.0750102239e-02 -1.7647123519e-02 6.6555928434e-03
5.5973772297e-03 -3.6234227573e-03 3.1621246600e-02
1.5110980019e-02 -1.0650284992e-02 3.3613428043e-02
1.7777741759e-02 -2.3501026189e-02 4.1994461223e-02
1.9361302884e-02 -4.0054778634e-02 3.9679251182e-02
1.9916022732e-02 -3.9010493066e-02 3.8256591075e-02
1.9816250498e-02 -3.7775907237e-02 2.6805625148e-02
2.6671098434e-02 -3.4918258767e-02 3.0468680920e-02
4.2853354902e-04 -3.8853583240e-02 2.6611754424e-02
-3.1758894937e-03 -3.3844999956e-02 3.1443016878e-02
-2.7114438347e-02 -2.7389034959e-02 2.2595001994e-02
-1.6448191875e-02 -3.2695629567e-02 3.5001340402e-02
-4.2515147661e-02 -3.0073788568e-02 2.8098397205e-02
-3.7004502799e-02 -3.6430865440e-02 6.4381808306e-02
-2.4508454798e-02 -1.3668729322e-02 3.9906693455e-02
1.6078532691e-02 -1.6075858507e-02 3.7262133988e-02
1.7531472722e-02 -4.5647848808e-03 3.0196735441e-02
2.3894900962e-02 -1.4541218853e-02 3.1853381518e-02
2.4090672973e-02 -2.9129675722e-02 4.0132045766e-02
3.6265291784e-02 -4.4561827443e-02 3.5409183420e-02
3.2490708547e-02 -5.2227352583e-02 3.6466374352e-02
2.8849018471e-02 -5.0374948265e-02 2.7901982145e-02
2.7356233327e-02 -5.1715797995e-02 2.9568900390e-02
1.1722963558e-02 -5.0742106532e-02 2.2749840668e-02
4.5958673707e-03 -4.4750285112e-02 2.3467022250e-02
-1.8186381769e-02 -3.1862054701e-02 1.0898449148e-02
-1.2863569229e-02 -3.9816673470e-02 2.4952996436e-02
-2.0877896009e-02 -3.4368785711e-02 1.9566464479e-02
-9.4719162557e-04 -4.5344598369e-02 5.9980491413e-02
8.1885363056e-03 -2.2802139219e-02 3.2601708550e-02
2.2444185977e-02 -1.5033126372e-02 3.1775652580e-02
3.1116291174e-03 3.2679125625e-03 1.7050359922e-02
1.5174871858e-02 -1.2706608478e-02 2.0913106906e-02
1.3402951653e-02 -2.6640953377e-02 2.8443732103e-02
2.9638282311e-02 -4.3723142753e-02 2.8099436134e-02
2.2622994514e-02 -4.0406498043e-02 2.8168055135e-02
1.9795416298e-02 -3.4306622694e-02 2.2046393665e-02
2.4770356565e-02 -3.4407760453e-02 2.4969317701e-02
8.1446859419e-03 -3.4781533904e-02 1.2970933837e-02
9.2720494001e-03 -3.1559613899e-02 9.4099479012e-03
-1.7804661544e-02 -6.1120910745e-03 -1.0312109481e-02
-2.0355869385e-03 -1.8442832251e-02 1.3141605072e-02
-1.4976517018e-02 -7.3127042290e-03 1.9551813051e-03
-1.9646498311e-03 -1.2334788912e-02 3.8596785944e-02
-6.8541064191e-03 5.8143550234e-03 7.6265927809e-03
9.0054175992e-03 1.1430178691e-02 1.6277615456e-03
1.2029446885e-02 8.9758618928e-03 1.2710187266e-02
2.7103448528e-02 -1.5373576997e-02 1.6672399366e-02
2.2113760370e-02 -2.4662044312e-02 2.1078748100e-02
3.3488207180e-02 -4.0354118036e-02 1.7494730825e-02
2.6077348570e-02 -3.0174195631e-02 1.8249537850e-02
3.0429589408e-02 -2.7218420834e-02 1.7207413716e-02
3.6631295973e-02 -3.5753194185e-02 2.2737580231e-02
2.3772764792e-02 -3.8282633534e-02 1.0464268868e-02
2.4169559501e-02 -3.0132068691e-02 2.7876009401e-03
8.0034096553e-03 -2.2972650704e-02 -8.7388554685e-03
6.4297082352e-02 -7.7798729914e-02 5.0317113082e-02
1.6779409516e-01 -1.6979038425e-01 1.0115880427e-02
1.0952356556e-01 -9.9379681342e-02 -2.6685504561e-02
1.5342362742e-02 2.0448643323e-03 -1.3593392440e-02
1.7681809303e-02 9.2495370925e-04 -1.8931110671e-02
9.4610311412e-03 7.8992150473e-04 1.9656185993e-02
3.1871470703e-02 -1.5571795193e-02 1.9079330510e-02
1.9608667193e-02 -2.5136564258e-02 2.9064208822e-02
1.7686563442e-02 -3.2617814456e-02 2.2960999509e-02
8.4771237478e-03 -2.0071607815e-02 2.4743047213e-02
2.1842020376e-02 -2.0604756597e-02 1.5957473957e-02
3.5181064009e-02 -3.1196317283e-02 2.2775686365e-02
1.0627952498e-02 -3.8379955596e-02 7.7923462895e-03
1.7623807408e-02 -4.2710745507e-02 8.8254335930e-03
9.8150465268e-03 -6.6270392974e-02 3.1219037219e-02
2.1692981964e-01 -3.9970352994e-01 2.7182452920e-01
6.3091160385e-01 -9.7012960973e-01 1.8982174556e-01
5.8132930415e-01 -6.6285463236e-01 -3.4249061211e-01
9.5683669743e-02 -1.0083242018e-01 -1.2971124665e-01
8.3466453640e-03 -4.6501359006e-03 -2.6130561271e-02
1.0842262348e-02 -1.2834982209e-02 3.3340114721e-02
2.9593737279e-02 -2.6346551610e-02 2.7719099157e-02
1.2840143903e-02 -3.4503384625e-02 3.4729291136e-02
1.6028635899e-02 -4.6940194748e-02 2.9317578976e-02
8.3116134020e-03 -3.5966250668e-02 3.4973219646e-02
1.4180566909e-02 -4.2378465406e-02 2.5102218539e-02
2.2475473019e-02 -4.9516192855e-02 3.3835664584e-02
2.5299328774e-03 -6.1072311402e-02 2.7519778391e-02
1.3540418497e-02 -6.9591498389e-02 4.0812625523e-02
-1.1739046505e-02 -1.0608240951e-01 1.0044305668e-01
2.3499855077e-01 -7.6667377024e-01 5.4810692742e-01
5.7857609487e-01 -1.4755606312e+00 5.9466854968e-01
8.7332224307e-01 -1.0442131500e+00 -7.5261012069e-01
4.2085105470e-01 -3.7087058716e-01 -6.0812248816e-01
4.5974419717e-02 -3.9832205259e-02 -6.1684351079e-02
2.7388340921e-02 -3.2766430182e-02 3.5429944411e-02
4.7607800561e-02 -4.8504440827e-02 3.3874844355e-02
2.7166157774e-02 -5.9673936720e-02 4.5299244140e-02
3.1822927563e-02 -6.8313366594e-02 4.5004913057e-02
1.8289421964e-02 -5.7434533237e-02 4.8828915073e-02
2.0819220249e-02 -5.2830928068e-02 4.0226132860e-02
2.2926126752e-02 -6.4034881045e-02 4.7208445548e-02
1.9246978076e-03 -7.1887335118e-02 3.8793233599e-02
1.7853109229e-02 -1.0342841993e-01 5.7369518044e-02
5.1205004385e-03 -9.1960748261e-02 1.2654464965e-01
1.1399107658e-01 -6.7927459668e-01 4.8742569564e-01
7.6977228113e-02 -1.0945514016e+00 7.4828673306e-01
4.4733332230e-01 -1.0135090240e+00 -4.8753925137e-01
6.6249478173e-01 -7.8200022668e-01 -1.2842001631e+00
1.9766491714e-01 -1.2161221842e-01 -3.2715580255e-01
1.4717396948e-02 -2.5348307533e-02 3.3420553900e-02
4.5695026004e-02 -4.7780214296e-02 3.9628280124e-02
2.1810351665e-02 -5.3535692643e-02 4.3859702727e-02
3.0550163723e-02 -5.9030377879e-02 4.3457324387e-02
6.8900126713e-03 -3.5715955767e-02 4.1132236952e-02
1.9255197406e-03 -3.6570376639e-02 3.3498675052e-02
1.2427260324e-02 -4.8548274334e-02 4.5583404433e-02
-1.7182365776e-02 -4.7522706732e-02 3.2975944108e-02
-2.1619882575e-03 -7.8708614205e-02 7.8902004352e-02
-3.2920739710e-02 -4.5295239963e-02 1.5738810270e-01
1.0029618933e-02 -5.2139651778e-01 4.2916490521e-01
-1.9503917048e-01 -1.1243134434e+00 8.7702423852e-01
-2.8752213141e-01 -1.4717138361e+00 4.4873626830e-01
1.6240459253e-01 -1.4898395878e+00 -1.0318722162e+00
2.0260217885e-01 -6.0977281802e-01 -8.7225028068e-01
1.6217113648e-02 -2.5294322293e-02 3.5592073381e-02
3.5494565809e-02 -3.8613669072e-02 3.8535836176e-02
2.0980776308e-02 -4.5638108947e-02 3.8810024280e-02
2.5155192425e-02 -4.7726513931e-02 3.7150163071e-02
1.3706812083e-02 -3.5073118593e-02 3.9288463161e-02
7.0218565236e-03 -3.5708593187e-02 3.5836382006e-02
1.4115170878e-02 -4.8695935535e-02 4.6327419336e-02
-1.3324640538e-02 -5.6387229744e-02 3.2595665287e-02
1.6537002775e-03 -6.1731226298e-02 7.7629503633e-02
-4.5580186751e-02 -7.9658720596e-02 1.5052090787e-01
-1.2436089897e-01 -4.5809355851e-01 3.4579375779e-01
-3.4615411140e-01 -9.9252752485e-01 8.6649477982e-01
-8.5658370303e-01 -1.6853083941e+00 8.1029671921e-01
-9.6562295415e-01 -2.0687684520e+00 -5.1384640450e-01
-3.3610350910e-01 -9.4189251129e-01 -1.0109590767e+00
-1.8137906714e-03 -1.2158274500e-02 3.1216636213e-02
1.1415402450e-02 -1.6194972768e-02 3.7400804024e-02
3.2156623511e-03 -2.4621281053e-02 3.6845117691e-02
1.2435897692e-02 -2.8694615090e-02 3.8848930053e-02
1.0520249426e-04 -2.1743504710e-02 3.7544283974e-02
-5.3391009870e-03 -2.0523382015e-02 2.5971041163e-02
3.1155499995e-03 -2.2775795548e-02 3.9054459986e-02
-1.9581411095e-02 -3.6814050688e-02 2.9134293388e-02
-1.8782700582e-02 -3.9843194921e-02 4.5331466007e-02
-6.1486336178e-02 -7.7332634221e-02 5.5654173822e-02
-1.2534401941e-01 -3.8015620497e-01 1.6830585181e-01
-3.0846863257e-01 -6.4516967630e-01 5.1836788786e-01
-9.5546222654e-01 -1.2355314624e+00 4.9597908040e-01
-1.2741931821e+00 -1.3981337085e+00 -3.2710522741e-01
-4.4224767054e-01 -4.3655688517e-01 -4.1331361145e-01
1.1479505170e-02 -9.9949271298e-03 3.1096649278e-02
2.0976378315e-02 -2.0483121890e-02 3.1532173990e-02
1.6793949786e-02 -2.6570507365e-02 3.5246388224e-02
2.3824497210e-02 -3.1317394696e-02 3.5311393219e-02
1.6040191627e-02 -2.8734675969e-02 3.3923368559e-02
8.1673734999e-03 -3.3930937310e-02 2.7102235442e-02
1.1114557802e-02 -3.1962649264e-02 3.6054997547e-02
-3.6945641786e-03 -3.7762387613e-02 3.2995466521e-02
-7.0490327029e-03 -3.2997091563e-02 3.2111358966e-02
-2.5761027332e-02 -4.6181921199e-02 1.6986643275e-02
-5.7678210901e-02 -1.7228911719e-01 5.6133115811e-02
-1.7492595002e-01 -2.9109193330e-01 1.1129666781e-01
-3.2698684874e-01 -3.4837078344e-01 1.3068493704e-01
-3.6707254011e-01 -2.9313777577e-01 -5.1322850176e-02
-9.8188999809e-02 -5.4632380972e-02 -2.4982470628e-02
4.3811576125e-03 -1.0463383566e-02 1.9886172035e-02
1.6996591197e-02 -2.1617937998e-02 2.5302068989e-02
1.5218301034e-02 -2.9042421693e-02 3.0130806319e-02
1.8780830868e-02 -3.3790921399e-02 3.0787288819e-02
1.1619644590e-02 -3.2127708974e-02 3.3186378679e-02
1.1917455922e-03 -3.0676230323e-02 2.8627754293e-02
8.2339580965e-03 -3.0180791603e-02 3.6743116689e-02
-1.3663203329e-02 -2.6582110962e-02 2.8059416192e-02
-7.5935221145e-03 -2.2679457538e-02 2.0111477454e-02
-3.2490248555e-02 -1.2759480136e-02 -1.0187672410e-03
-8.6614243505e-03 -3.0207488297e-02 1.3627945185e-02
-5.2282712138e-02 -3.8763638421e-02 5.8688189548e-03
-3.7958272923e-02 -2.4688688356e-02 4.7952916647e-02
-5.6687965121e-02 1.1796150339e-02 1.1939286496e-02
-1.9457136902e-02 3.0089692802e-02 1.4504954909e-02
-4.3373285410e-03 -2.2905833342e-04 1.9114098867e-02
1.5917429426e-02 -1.7142198968e-02 2.4040234061e-02
7.8881689219e-03 -2.1363933826e-02 2.7027640426e-02
1.1425073834e-02 -2.4917447097e-02 2.8197809260e-02
-2.0242067914e-03 -1.8213660533e-02 3.1239879241e-02
-4.1969130311e-03 -2.0932737788e-02 3.6528484010e-02
1.0924487346e-03 -2.3715465142e-02 4.7950244492e-02
-1.6316880511e-02 -2.3397034123e-02 3.8303960835e-02
-9.1035305824e-03 -1.0142552784e-02 2.8117015058e-02
-3.3876998394e-02 -4.6559894871e-03 4.5057219771e-03
1.2016171361e-02 -1.3051991169e-02 1.9495969560e-02
-2.7026487545e-02 -2.0173454455e-03 6.2466864025e-03
-1.2209326631e-02 9.3184498157e-03 4.6158467266e-02
-3.0351826150e-02 2.2169844248e-02 6.2411542781e-03
-1.2233458976e-02 1.9987064830e-02 -2.7620958346e-03
4.1075408771e-05 -1.5260909669e-03 1.7259273316e-02
2.0916273732e-02 -1.6103457953e-02 2.0279230536e-02
7.8726792190e-03 -1.8759263021e-02 2.5578498968e-02
5.2301636654e-03 -2.0078295799e-02 2.4318981163e-02
-8.0519420960e-03 -1.2017964776e-02 3.1742642874e-02
-5.8103133632e-03 -1.4015451943e-02 3.4257354153e-02
5.6701274192e-03 -2.1915085429e-02 4.4701312638e-02
-1.5885175514e-02 -2.4893727661e-02 3.2827592866e-02
-7.5448496371e-03 -1.8156791453e-02 2.2354966856e-02
-3.2546678368e-02 -1.5971769821e-02 7.9124636560e-03
1.0835780287e-02 -2.2128446609e-02 2.2092466464e-02
-4.0428856080e-02 -7.5873315199e-03 1.8604294539e-02
-2.8596972077e-02 1.0378908877e-03 4.8431235282e-02
-4.8016264726e-02 1.7519714536e-02 9.2211212659e-03
-1.9732252840e-02 1.5985579937e-02 -1.2407822470e-02
-2.1212092546e-03 -3.0584644302e-03 2.6728086015e-02
1.1683747549e-02 -9.5239529842e-03 2.4065066799e-02
1.5205721960e-03 -1.4502203825e-02 3.1604788407e-02
4.6603095367e-03 -1.4552735878e-02 3.0128744877e-02
-1.0658786152e-02 -4.9053631876e-03 3.4353141996e-02
-8.6426215041e-03 -1.1886911600e-02 3.1850391456e-02
1.0708729765e-04 -1.6442567840e-02 4.5812172709e-02
-1.8087335171e-02 -1.6318806857e-02 3.5539612676e-02
-1.2307137385e-02 -7.1280802828e-03 3.1390298275e-02
-4.0546727821e-02 -8.6456290193e-03 1.4289092979e-02
2.0581597655e-04 -1.7531147104e-02 2.5849477995e-02
-5.0391025182e-02 -7.6151370871e-03 2.3918662266e-02
-3.5619782303e-02 -4.3899822229e-03 6.8562647314e-02
-4.9062876600e-02 9.1976187074e-03 3.9172395969e-02
-1.9199517292e-02 8.6046507399e-03 4.3855884858e-03
1.2588151135e-02 -1.6544181820e-02 2.8413882464e-02
3.1844028798e-02 -3.0840709386e-02 2.4782970634e-02
2.9034442971e-02 -3.5085672399e-02 3.5093134031e-02
2.5197295167e-02 -3.3792417346e-02 3.4611529491e-02
2.2718860014e-02 -2.8688976224e-02 4.5285679228e-02
1.9127995421e-02 -3.8975361163e-02 4.0570362575e-02
3.1134637246e-02 -4.2303310590e-02 5.2186792822e-02
5.8428748815e-03 -3.8441724267e-02 4.0860034075e-02
2.0002549750e-02 -2.9726657943e-02 4.1908149627e-02
-9.1704847583e-03 -3.1743166297e-02 2.5643492994e-02
2.1184477939e-02 -3.8179758722e-02 4.0525411279e-02
-2.1200899832e-02 -3.2507238030e-02 4.5656805935e-02
-1.0106555766e-02 -2.1948085411e-02 9.0155951736e-02
-2.0098969557e-02 9.7725992362e-04 5.0184701691e-02
2.9531856941e-03 3.9893186489e-03 1.6390649626e-02
