-1.5601255169e-02 -4.6893188565e-02 2.6068831720e-02
-3.1776792332e-02 -5.8410117908e-02 3.7084823702e-02
-4.9813859638e-02 -6.0914316377e-02 4.5339448182e-02
-1.0747698035e-01 -8.5794092883e-02 -1.5178294651e-02
-7.6474623991e-02 -1.0304410387e-01 -4.8467828821e-03
-5.9539716790e-02 -1.2735623954e-01 -3.6221509098e-02
-3.4969000343e-02 -1.3049982130e-01 -2.3113896658e-02
-3.7764293316e-02 -1.5114288820e-01 -5.0834450567e-02
-1.9662882116e-02 -1.4090317394e-01 -2.3956116022e-02
-4.7896751968e-02 -1.7507710634e-01 -4.1569639029e-02
-1.0185292680e-01 -1.8057267557e-01 5.0546156271e-03
-9.7910997858e-02 -1.6567291726e-01 4.0650340333e-02
-6.0096596609e-02 -9.8143498112e-02 7.2810918889e-02
-1.0987249946e-02 -8.3835186670e-02 5.3114270780e-02
-1.3931026785e-02 -6.5027853843e-02 5.0509666624e-02
-8.9820562718e-03 -4.2501134216e-02 1.4377324451e-02
-1.9101212455e-02 -5.0265949956e-02 -5.8000186692e-03
-4.0670992725e-02 -5.4415950475e-02 -2.0458883538e-03
-1.0429564681e-01 -7.5623609861e-02 -5.5372550882e-02
-7.4353409083e-02 -9.1315559075e-02 -4.5643127740e-02
-2.3942326450e-02 -6.9118992179e-02 -4.6837536395e-02
9.0809616199e-02 6.1215153918e-02 9.5252128891e-04
1.9858511657e-01 2.0364106648e-01 -2.9754686248e-02
2.3376095581e-01 2.4871146340e-01 -7.9824768645e-02
8.7687463227e-02 7.6027288798e-02 -1.1245547962e-01
-7.2140496644e-02 -1.1659830903e-01 -6.9032712970e-02
-8.1448237381e-02 -1.3337237234e-01 1.7567733745e-02
-5.2140475040e-02 -9.2973248895e-02 5.9009695912e-02
-3.6756137798e-03 -7.7084592108e-02 4.5232115958e-02
-4.1277890004e-03 -9.1309269489e-02 3.3062022074e-02
-5.8695721919e-03 -5.1260450016e-02 1.6143969260e-02
-8.5130515690e-03 -6.2023925876e-02 7.3144620529e-03
-4.3764674596e-02 -7.7563165225e-02 -2.2959797282e-03
-9.9456618366e-02 -7.7572240824e-02 -6.2766120122e-02
-1.8365707844e-02 -1.0994154866e-02 9.0354152659e-03
1.2571164677e-01 2.0614579991e-01 7.2366820811e-02
3.3637158566e-01 5.7737234244e-01 1.5389362272e-01
4.2892902713e-01 8.0126256674e-01 2.6643883122e-02
3.9640595215e-01 7.3264607517e-01 -1.4066098343e-01
1.5643665507e-01 3.0889418056e-01 -1.7436235218e-01
-5.2807673280e-02 -7.8050003756e-02 -1.4317763286e-01
-6.5506695372e-02 -1.2130301396e-01 -5.4749560556e-02
-4.5842054738e-02 -9.8380943043e-02 1.3167923426e-02
-4.7101332058e-03 -7.8673340179e-02 2.0970724292e-02
-7.6008361194e-03 -9.0632516367e-02 1.3545417424e-02
-6.1973567193e-03 -3.8423862188e-02 -1.0021461354e-03
-1.6750229570e-02 -6.0341409229e-02 -3.8818592608e-02
-4.2222643316e-02 -6.7697342475e-02 -5.7275127551e-02
-4.1774916167e-02 4.9785555821e-04 -2.8507362186e-02
1.2721241290e-01 2.9348096508e-01 1.4401479913e-01
2.8635840846e-01 6.8001835042e-01 2.3013817165e-01
3.8117906430e-01 1.0485580308e+00 2.4656347611e-01
3.0859195517e-01 1.0014512798e+00 4.3738794581e-02
1.8243910220e-01 6.3826296103e-01 -1.4004081133e-01
3.2600016154e-02 1.4232657743e-01 -1.0370793041e-01
-8.0383091021e-02 -1.5973883947e-01 -9.7971620378e-02
-4.6213611656e-02 -7.3129747385e-02 -7.2142237026e-02
-3.1930038663e-02 -6.7617790079e-02 2.2743980580e-03
-3.4785270230e-03 -6.0221753861e-02 1.6124339700e-02
-4.5916673338e-03 -7.3558371816e-02 1.0230684903e-02
-3.2812195135e-02 -6.6281398239e-02 -1.3689731168e-02
-4.2539627774e-02 -8.5739131673e-02 -3.1487604884e-02
-4.7283674286e-02 -6.6836389191e-02 -2.4209789140e-02
-6.8209905109e-04 1.4437588308e-01 8.9737617206e-02
1.8591882410e-01 6.7394923595e-01 3.1599304608e-01
2.6475696345e-01 1.0405227948e+00 3.3836173057e-01
2.5394662232e-01 1.1563959956e+00 2.3330239826e-01
1.5448072271e-01 8.8573160304e-01 1.1076212345e-02
8.0923259596e-02 2.4919203035e-01 -1.0331459022e-01
-1.6225278751e-02 -1.9054392375e-01 -3.7023283495e-02
-6.6539492600e-02 -2.7226219644e-01 -4.5067720746e-02
-4.6817005642e-02 -7.1672663058e-02 -4.0929558868e-02
-1.4664417574e-02 -6.9075501930e-02 -6.3175882152e-03
-4.0217521004e-04 -5.9692668635e-02 1.5375748955e-02
-3.7052227697e-03 -6.7042802924e-02 1.2892446956e-02
-5.0121977445e-02 -7.7698778084e-02 -3.1588506807e-02
-5.4218995782e-02 -1.0008842015e-01 -6.1219132351e-02
-7.0936863508e-02 -7.0702054726e-02 -2.8597751945e-02
-4.7751906712e-02 2.4336933608e-01 1.2482306676e-01
2.4988281198e-02 9.3396785860e-01 3.6523426024e-01
5.0275858583e-02 1.1552432697e+00 2.9878125460e-01
1.8275642705e-02 1.0183663385e+00 1.4480817650e-01
3.0900262786e-03 7.2791411847e-01 -1.7086903118e-04
-1.8862705986e-02 4.8992804790e-02 -2.9858906271e-02
2.3636695484e-02 -4.4583000195e-01 3.8313425791e-03
2.8906596072e-02 -3.6558710280e-01 -9.6577290980e-02
-4.3076438170e-02 -5.4255634397e-02 -1.0299688437e-01
-4.3687534437e-02 -6.6513437906e-02 -1.2678769196e-02
-1.5453013605e-02 -6.4075569410e-02 7.6083256119e-03
-1.5591358342e-02 -6.4316879981e-02 8.4759450901e-03
-5.8560033256e-02 -9.1326152445e-02 -2.8709452179e-02
-6.6941363332e-02 -1.1260493584e-01 -5.8826798368e-02
-8.2064867282e-02 -9.1556682890e-02 -3.4435576974e-02
-1.4820909001e-01 2.4808512061e-01 1.3978758039e-01
-2.4055051044e-01 9.5114210457e-01 3.5566482750e-01
-2.6097610666e-01 1.1262694528e+00 2.7075469119e-01
-1.5940602982e-01 8.5494325561e-01 1.2539736320e-01
-1.0378757011e-01 6.3331212029e-01 -7.9015007680e-03
-1.0309068449e-01 1.4032072907e-01 2.0724863264e-03
-1.9534129843e-02 -4.6807708551e-01 1.4099239721e-01
1.0196926416e-01 -4.6493690565e-01 7.8800643640e-02
-1.1567556538e-02 -1.0352869317e-01 -2.8865501834e-02
-3.8827866251e-02 -8.8890795227e-02 1.8985838315e-03
-1.5012346634e-02 -8.7176953388e-02 1.3097973175e-02
-1.1159158055e-02 -9.3493026580e-02 1.9809961736e-02
-5.0668389389e-02 -7.6116936944e-02 -1.1588499136e-02
-5.6767161375e-02 -1.0075008218e-01 -4.1317817487e-02
-7.5011524698e-02 -1.1808653336e-01 -5.2145006191e-02
-1.5822257476e-01 2.9826953351e-02 1.7016008424e-02
-2.1839354567e-01 4.4083450699e-01 1.8414956764e-01
4.7532511736e-02 7.8408859296e-01 3.1416377818e-01
5.6866653895e-01 8.9518982990e-01 2.5123810546e-01
8.1076220205e-01 7.5589285405e-01 -5.0506036645e-02
6.3959049282e-01 5.2473930093e-01 -2.6291422913e-01
2.8194289623e-01 3.4814860919e-02 -1.4305273493e-01
1.3931603995e-01 -1.7126518540e-01 3.2746551715e-02
3.1483560591e-02 -5.4624126415e-02 -3.0249888213e-02
-5.3288611477e-02 -1.0436176903e-01 8.7504639955e-03
-3.2319370388e-02 -9.8796170414e-02 2.4380900960e-02
-2.0661854703e-02 -8.8311011379e-02 1.9050717755e-02
-3.5562727729e-02 -6.9419506351e-02 1.8647490588e-03
-3.7688945086e-02 -8.1342915927e-02 -1.7746801003e-02
-4.1745983810e-02 -9.9738233578e-02 -2.5601660343e-02
-7.2427890884e-02 -8.2077287619e-02 -1.4494046048e-02
-2.1728567797e-02 2.4973472077e-01 2.4681831566e-01
2.2672494621e-01 1.3372827333e+00 8.5820063665e-01
7.9813425426e-01 2.3817558017e+00 9.3456636164e-01
1.1867221438e+00 2.4283826475e+00 1.4229754861e-01
1.2517882682e+00 2.2942905458e+00 -7.6927408850e-01
8.9728440923e-01 1.4667644111e+00 -1.0229217668e+00
5.5913876295e-01 8.0075228517e-01 -3.3514035468e-01
2.9630382858e-01 4.6239515259e-01 -2.7588674314e-01
-8.6359031890e-03 -6.4214258440e-02 -3.4624797488e-02
-1.5326398994e-02 -1.0397819554e-01 3.4922836694e-02
-4.7120509896e-03 -9.5739678364e-02 2.4168710633e-02
-7.5014823096e-03 -5.9662176753e-02 2.7578967213e-02
-4.3786498539e-03 -5.8067698177e-02 3.1248185955e-02
-6.2599886413e-03 -7.0296211575e-02 2.2822748380e-02
-4.4410197110e-02 -5.7385369388e-02 1.8406448278e-02
-1.3082521808e-01 1.7915927377e-01 2.0989434602e-01
-5.0717166067e-01 1.0876105474e+00 7.9025373764e-01
-8.8068340212e-01 2.4242748533e+00 1.2259959570e+00
-6.8382438285e-01 2.8799163956e+00 5.1240564067e-01
-3.7920577252e-01 3.0400756225e+00 -6.7413882510e-01
-3.2513851984e-01 2.0308064572e+00 -1.2416456761e+00
-9.0169033468e-03 1.2102082266e+00 -5.6162922417e-01
1.4483290177e-01 8.4643173806e-01 -4.0628462085e-01
-3.3642648406e-02 -5.4693791867e-02 -7.9300175150e-02
-4.3640902901e-03 -1.0782081819e-01 1.5215256339e-02
-3.0934375232e-03 -7.9572161818e-02 2.7562366426e-03
4.1597100406e-03 -5.8046293442e-02 2.5001840500e-02
9.1172147931e-03 -5.5740050666e-02 1.1537764115e-02
1.0820231219e-02 -5.5674566259e-02 1.4962388086e-02
-1.3046375000e-02 -4.8872028474e-02 -4.9494511765e-03
-6.5905800601e-02 1.0598039445e-02 5.5327657182e-02
-3.5867678743e-01 3.3686173617e-01 2.9780214030e-01
-1.1105536306e+00 1.1485940588e+00 7.3697908473e-01
-1.6914415134e+00 1.8871258077e+00 5.4485121663e-01
-1.5529019663e+00 2.2136589539e+00 -1.8276817042e-01
-9.9083064576e-01 1.1689363080e+00 -5.9534940246e-01
-3.2706474384e-01 9.0134997166e-01 -3.2173751582e-01
-7.1709969129e-02 7.4610092546e-01 -3.5186591277e-01
-3.5210425725e-02 -5.6239796496e-02 -8.1552048641e-02
1.9871380269e-03 -9.5366276091e-02 -1.2467719083e-02
4.7812555225e-03 -8.9348544364e-02 -1.1601201156e-03
7.2217658170e-03 -6.6795129542e-02 3.0073205033e-02
1.8971206468e-02 -6.9051507362e-02 2.8081173222e-02
1.8465634978e-02 -7.0093163888e-02 2.7010730735e-02
-4.6058765639e-03 -6.6647606734e-02 3.6293967805e-03
-1.0501746287e-02 -6.1543632807e-02 1.7255600305e-02
-7.1137233140e-02 -7.1131488708e-03 5.1628890923e-02
-3.0262482403e-01 2.1301199426e-01 1.9250249390e-01
-7.8355493658e-01 5.8695262760e-01 2.8112702663e-01
-1.0001323231e+00 9.4211459754e-01 1.4624410920e-01
-5.9969531250e-01 7.1124868440e-01 -7.1339786160e-02
-2.1888741048e-01 6.0333478561e-01 -1.3119145983e-01
-1.1230224812e-01 4.3253587115e-01 -2.0825124665e-01
-5.2349787819e-03 -9.3892377234e-02 -6.2282301884e-02
1.7085309983e-02 -1.0280680108e-01 -1.2388222405e-02
1.4248374900e-02 -9.4238547422e-02 4.5877789406e-03
9.0628624746e-03 -5.7654183533e-02 2.2475369973e-02
1.9699774363e-02 -6.0643750656e-02 1.3063336762e-02
1.5889047441e-02 -6.1673727491e-02 7.1142197083e-03
-8.4736610756e-03 -5.6761150103e-02 -1.4147866101e-02
-1.1118754584e-02 -5.1821112379e-02 1.0471337147e-02
2.3760842551e-03 -5.6247851505e-02 1.1155606534e-03
-4.6111173932e-03 -3.1366074987e-02 8.3974388709e-03
-9.7765503899e-02 4.0894798128e-02 4.9064287899e-02
-2.4222902236e-01 1.9357728444e-01 1.0043594279e-01
-2.1644351401e-01 2.0979283374e-01 6.5449435127e-02
-1.4504597611e-01 2.6098633212e-01 -8.1288330830e-02
-1.1104607085e-01 2.0542895934e-01 -1.3575534385e-01
-9.5947704520e-03 -9.6077790136e-02 -4.9818803472e-02
9.1067002759e-03 -8.5859500291e-02 -9.7347896769e-03
8.3313542585e-03 -7.6685007680e-02 3.0873660583e-03
-6.2060909604e-03 -6.4054406028e-02 1.6572755992e-02
5.8837916032e-03 -6.7121036244e-02 9.6161198188e-03
9.8296361314e-05 -6.9567824654e-02 5.6527862401e-03
-1.2464070051e-02 -6.8235008209e-02 -1.0037969568e-03
-1.2094047138e-02 -5.9765963722e-02 2.1275784882e-02
-7.8436932708e-03 -5.6211752397e-02 1.1331518832e-02
1.3180582507e-02 -5.1638189074e-02 -1.1683773786e-03
2.4403486571e-03 -5.6110381802e-02 -1.6743995125e-02
-2.0050427824e-02 -3.2990603984e-02 7.2140452809e-03
-3.9363511494e-02 -3.2719302586e-04 1.8104498992e-02
-5.5838265740e-02 5.1757023893e-02 -3.2585250971e-02
-4.3880430225e-02 1.0105782006e-02 -6.1570505309e-02
9.1271650181e-03 -9.5643484945e-02 -1.7870765803e-02
1.8434072517e-02 -8.0103870756e-02 6.3080028283e-03
9.1841627027e-03 -7.3345673866e-02 1.9900005553e-02
-9.2830579850e-03 -6.5842622220e-02 9.2766146797e-03
-3.0271810797e-03 -6.6010668758e-02 8.9185694072e-04
-1.3526392622e-03 -6.8393222077e-02 4.4950706597e-03
-1.7085925911e-02 -7.4341176027e-02 -8.4541660069e-03
-3.0057840880e-02 -7.0922663600e-02 5.9183050024e-03
-1.6595781576e-02 -6.2809603035e-02 -1.3483311065e-02
3.1646127347e-03 -5.6751390368e-02 -9.0045479173e-03
1.0139049527e-02 -7.0354573224e-02 -2.1398798927e-02
-2.8350576780e-03 -6.7020596321e-02 -7.0144023401e-03
-1.2120420383e-02 -6.3083334725e-02 -1.1567576768e-02
-1.6674329747e-02 -6.0405738435e-02 -1.9753175550e-02
-1.0026244210e-02 -9.1962710821e-02 -2.3368812461e-02
-1.4481345686e-02 -9.9317669210e-02 -7.2745845292e-03
-1.1440616704e-03 -7.6574097180e-02 1.3046629425e-03
-5.6581073234e-03 -5.9628061615e-02 1.7519362603e-02
-9.1335214812e-03 -7.4310167286e-02 8.7205650395e-03
-5.4528401932e-03 -7.8395322206e-02 -3.1017141431e-03
-1.0973065116e-02 -8.3660039160e-02 1.5806299208e-02
-2.1255798153e-02 -8.7803516971e-02 2.6620231736e-04
-3.0073770643e-02 -8.5887402617e-02 1.1830129355e-02
-1.3432755396e-02 -8.7720799478e-02 -9.2125297294e-03
5.3611994536e-03 -8.5626576866e-02 -2.8292393008e-03
5.4897848515e-03 -8.6027693363e-02 -7.4586742337e-03
-2.0488490569e-03 -8.1795446483e-02 1.4791894920e-02
-1.1603388622e-03 -8.0596906457e-02 -6.7284020696e-04
3.8079984812e-03 -8.7500377848e-02 6.3402574187e-03
1.0462534562e-03 -9.2834117837e-02 1.5489184461e-02
-4.6298050619e-03 -9.8695742941e-02 2.3438239813e-02
6.2558737538e-03 -8.0905586443e-02 2.0856005434e-02
-4.6748106736e-03 -8.3388552378e-02 3.4584978582e-02
-4.2972252806e-03 -3.7482531673e-02 4.8254724609e-02
-9.2083670038e-03 -4.1593784793e-02 5.8761163060e-02
-3.7031673673e-02 -4.8316507435e-02 4.8709544530e-02
-8.7544621359e-02 -5.9717006930e-02 2.3384096207e-04
-4.4344176483e-02 -9.8929409074e-02 9.4628292426e-03
1.2085847654e-02 -8.8127413844e-02 9.4882250862e-03
1.4017997748e-01 -5.7125925379e-03 5.0743394649e-02
2.7192432038e-01 9.5300038427e-02 2.8184359304e-02
3.2933200695e-01 1.5199188392e-01 -1.4967379253e-02
2.3785487643e-01 8.2686852526e-02 -1.1316876606e-01
-5.6562673003e-03 -8.8746290847e-02 -1.1657517616e-01
-7.4192815397e-02 -1.3002557975e-01 4.8861326366e-02
-6.1287680827e-02 -8.0227262001e-02 8.3124535341e-02
-4.9707413627e-03 -7.1027354656e-02 6.0043817902e-02
-2.4283202616e-02 -5.6928642435e-02 3.4761515237e-02
4.2919882893e-03 -2.7939049706e-02 3.4945339922e-02
-1.0950551030e-02 -4.5380223766e-02 2.2021424834e-02
-1.6936268135e-02 -4.0067519150e-02 3.1058103252e-02
-8.9601785708e-02 -3.7607602060e-02 -3.7626689853e-02
5.3939169685e-02 3.2574071945e-02 6.6472482880e-02
3.5811011638e-01 2.8915213984e-01 1.9517934189e-01
7.6257363524e-01 6.5870326794e-01 2.8517204808e-01
9.9537714235e-01 8.7127317308e-01 1.8547465528e-01
9.6140356245e-01 9.1664809893e-01 -3.7773378058e-02
6.7460972694e-01 6.9369799558e-01 -3.0570371016e-01
2.4708446691e-01 2.3785471672e-01 -4.3541698684e-01
-3.0233732199e-02 -6.0986406290e-02 -1.1206162574e-01
-6.8903068451e-02 -9.5538059624e-02 3.8126949311e-02
1.0688882571e-04 -7.7316189334e-02 3.4066149382e-02
-2.0796955894e-02 -9.0393634003e-02 1.9855330369e-02
1.2383783545e-02 -3.1837385644e-02 3.6723949601e-02
3.6279861182e-03 -5.9915369181e-02 3.2042986244e-02
-8.3179918387e-03 -5.3081402813e-02 3.5273258452e-02
5.5315992511e-02 9.3948369141e-02 1.1707868778e-01
4.2832947104e-01 4.8725792322e-01 3.9853742477e-01
7.2581378760e-01 8.6504383126e-01 5.3958749419e-01
7.9867520479e-01 9.5972054008e-01 4.5121380857e-01
6.3448387237e-01 8.0445565768e-01 1.4326682323e-01
5.0455278654e-01 6.7114718695e-01 -1.2993289359e-01
3.3294331584e-01 4.9574292463e-01 -2.7319613097e-01
2.2930584850e-01 2.9519725052e-01 -6.2767681156e-01
7.7623220574e-02 9.7032146278e-02 -3.3395918062e-01
-3.2722986701e-02 -6.9192499713e-02 -1.7814586664e-02
5.0086808342e-03 -7.0353147895e-02 1.8452703504e-02
-2.2860552624e-02 -8.3160399562e-02 4.5836939719e-03
7.3568555655e-03 -2.2349568272e-02 1.2262788719e-02
-2.3650446925e-03 -5.4762338541e-02 -1.4382058118e-02
5.1798365948e-02 5.2490922060e-02 5.9120768395e-02
2.8673748803e-01 5.2626287182e-01 3.7903637969e-01
6.3315929995e-01 1.0642492466e+00 6.6205469020e-01
4.9626023377e-01 9.0383631351e-01 4.3494338144e-01
2.7283169161e-01 6.4614082542e-01 1.2282258294e-01
8.0285348528e-02 2.9790261665e-01 -7.1056238710e-02
-3.7227170438e-02 1.5424863816e-02 -1.2344982753e-01
-5.9023176212e-02 -1.2107899044e-01 -4.8784456351e-02
1.0462106135e-02 3.9433497885e-02 -3.8767512066e-01
6.0519477691e-02 1.4383898096e-01 -3.2065487813e-01
-3.3126181006e-02 -1.7816160946e-02 -4.0374657302e-02
2.8927957071e-03 -5.5423711792e-02 2.5196632182e-03
-2.8501198952e-02 -6.6777952740e-02 -4.8070913061e-03
-1.8673390550e-02 -4.2457252310e-02 -1.4600644898e-02
-1.7703705039e-02 -4.6515694396e-02 9.2003601317e-03
1.0953595126e-01 2.6963186540e-01 2.4713745018e-01
3.4256275696e-01 9.3617945153e-01 6.6081973313e-01
4.6269408188e-01 1.1441485536e+00 6.5949911777e-01
2.3286798651e-01 7.8328303061e-01 2.6037838982e-01
6.0378071245e-02 3.6884462440e-01 -3.5985932624e-02
-1.8443129445e-02 -7.3801504081e-02 -9.1882019896e-02
-3.5669593077e-02 -4.5388498419e-01 -4.3925603857e-02
-8.4146284977e-02 -6.0302853441e-01 8.6673064547e-02
-6.4177453628e-02 -2.9979374284e-01 -2.1652518201e-02
-1.4504110149e-03 9.0028470721e-03 -7.9070771042e-02
-2.7084749111e-02 -3.1347176721e-02 -2.7400698549e-02
6.7848996526e-03 -5.7590725652e-02 3.1153110889e-03
-2.4204954289e-02 -5.6414329703e-02 -1.9413378372e-03
-3.8420128228e-02 -5.3551590602e-02 -1.6083555850e-02
-2.5270275900e-02 -1.0573458578e-02 2.8394689209e-02
1.4410965572e-02 3.9504089371e-01 3.2636079061e-01
6.4946204241e-02 9.6501897081e-01 6.3309557748e-01
5.4091043558e-02 9.9306322392e-01 4.7780329064e-01
-1.9576356583e-02 6.4915635379e-01 1.1610718648e-01
-4.7546665796e-02 1.6862796545e-01 -9.5272563949e-02
-2.0226256446e-02 -3.7657717702e-01 -6.3560718202e-02
-1.4433369793e-02 -8.7726715448e-01 2.9342312742e-02
4.2146695693e-03 -9.5224193726e-01 1.0130739502e-01
-4.6175469273e-03 -3.9992788238e-01 -6.4311937948e-02
-5.7993898343e-02 7.3493373451e-02 -2.3252029291e-01
-6.9598394975e-02 3.2740826014e-03 -7.1419262707e-02
-2.8776036844e-02 -4.7115224047e-02 -8.5086472952e-03
-3.9043663035e-02 -5.0935297315e-02 -5.7376313122e-03
-4.7267374882e-02 -6.8598501159e-02 -1.9457149491e-02
-6.5623956959e-02 -4.4208144459e-02 -8.9659841997e-03
-1.2638760751e-01 3.2778356394e-01 2.4998205032e-01
-2.7696528100e-01 9.5189539186e-01 5.8268440985e-01
-3.0823453296e-01 1.0217691849e+00 4.6244194124e-01
-2.1888749005e-01 5.3766457614e-01 1.1646867110e-01
-9.2971508550e-02 1.0429375214e-01 -3.2281046024e-02
-9.8618985355e-03 -2.8317514285e-01 -6.6711202427e-02
4.8498789203e-02 -7.8389705948e-01 1.8207771212e-02
1.2193039109e-01 -9.9520417454e-01 2.0953519878e-01
2.5656820137e-01 -6.4736302264e-01 2.4825967725e-01
8.0364643452e-02 -3.6228526402e-02 -7.6266588153e-02
-5.3759718529e-02 -4.0863460657e-02 -5.1778217452e-02
-2.8229353323e-02 -8.6495767467e-02 -3.5393099539e-03
-2.7636911251e-02 -8.7985208448e-02 1.1178854455e-02
-3.6572860085e-02 -5.9791750313e-02 -4.4216467105e-03
-6.5167272760e-02 -6.0824182050e-02 3.7911998025e-03
-1.8109602732e-01 1.8150901609e-01 1.5081858409e-01
-3.7822832114e-01 6.6098091933e-01 4.2750275788e-01
-1.1813671546e-01 8.6505521519e-01 5.2480033777e-01
5.8042580407e-01 5.6722451710e-01 3.9671207118e-01
8.0364864508e-01 1.0343000074e-01 6.7528477470e-02
7.2055716036e-01 -3.0331191532e-01 -1.3731243398e-01
7.9447172357e-01 -4.6059053899e-01 -1.8044691198e-01
7.4250334715e-01 -4.9819960439e-01 -1.4488168908e-02
7.9463845158e-01 -1.1601483551e-01 2.4222518103e-01
5.7344850564e-01 1.8075055080e-01 -1.3345751363e-01
-7.2820149217e-03 -6.1056900848e-02 -5.0421874814e-02
-3.8164164811e-02 -9.5378762528e-02 2.4888376993e-02
-3.4481125159e-02 -8.5208622958e-02 1.2780736808e-02
-3.1614758124e-02 -6.0474702107e-02 3.7774117992e-03
-4.6839037049e-02 -7.6634397032e-02 -1.8187662816e-02
-9.5792149020e-02 -5.4888819834e-03 2.3939470889e-02
-9.1316775699e-02 3.1114373736e-01 3.1661406188e-01
4.8204455580e-01 1.2985293383e+00 1.2353329362e+00
1.2036376680e+00 1.5421910194e+00 1.3110466787e+00
1.2479617563e+00 2.1585633482e-01 1.7209377822e-01
8.6068566653e-01 -7.0137413374e-01 -2.7341662637e-01
1.0882310795e+00 -2.7760427382e-01 -3.0503770191e-01
1.6010927627e+00 6.1191553939e-01 -8.7702179654e-01
1.9655551090e+00 1.7346890805e+00 -7.8414808464e-01
1.8251842316e+00 1.7660448712e+00 -1.0737785084e+00
1.4893272745e-01 5.6174164604e-02 -3.1188155162e-01
-1.4673462495e-02 -1.1601877603e-01 1.2958650619e-02
-1.9506551003e-02 -9.3847930502e-02 1.7367252392e-02
-3.1208665621e-03 -4.8252133191e-02 3.0630899594e-02
1.0333043239e-02 -5.3778666908e-02 3.6580367420e-02
6.7857939559e-03 -3.9067220096e-02 4.3998876452e-02
-1.1582241943e-01 2.0543947933e-01 2.7847114692e-01
-5.3446742457e-01 1.2004175696e+00 1.1448110846e+00
-9.2467657421e-01 1.6596852823e+00 1.5589355120e+00
-5.6305842035e-01 8.7635018955e-01 7.7508382050e-01
-2.0924079016e-01 -1.9868482690e-01 2.0357565905e-02
-1.6929734669e-01 2.2200905869e-01 -2.1648619903e-01
-1.2917662510e-02 9.9354338711e-01 -1.0606516132e+00
-1.5002003688e-01 1.2014580293e+00 -9.6876275521e-01
6.1611495850e-01 1.9802088676e+00 -6.9203089054e-01
7.0712612965e-03 1.0334959752e-02 -2.2007481591e-01
1.7546243507e-03 -1.2303069647e-01 -4.9338955357e-03
-5.4318102755e-03 -7.3254905932e-02 -7.2430605579e-03
8.0821735264e-03 -4.8910847574e-02 4.1316934510e-02
2.0453121205e-02 -5.6927227116e-02 3.8313628978e-02
3.0011035351e-02 -4.9452815936e-02 4.1258423387e-02
-5.2712164378e-02 3.5743675956e-03 6.3711407527e-02
-4.6534719181e-01 2.3033457352e-01 3.3645967769e-01
-1.4887755556e+00 5.2344849518e-01 9.7720896519e-01
-1.9644136782e+00 1.2351062382e+00 1.2245230516e+00
-1.4501424523e+00 9.7429993437e-01 5.3936903317e-01
-1.1227542675e+00 1.0717941634e+00 -3.3986387964e-02
-9.5216486298e-01 2.8030917465e-01 -4.9556372056e-01
-8.1949358389e-01 3.3153936967e-01 -4.6554022317e-01
-2.6715311062e-01 1.4036753925e+00 -4.1603506415e-01
-5.4052687101e-02 -3.1836500758e-02 -1.7613366038e-01
2.1639991464e-02 -1.0445527966e-01 -3.5728296185e-02
-2.5756973670e-03 -7.9667104933e-02 -1.5720832071e-02
9.1105346011e-03 -5.7379351899e-02 3.6947823766e-02
1.7671728645e-02 -6.8051062224e-02 3.7296106670e-02
2.0919415369e-02 -6.2142374819e-02 3.5272742791e-02
3.9530447263e-03 -5.1694772891e-02 1.8247747264e-02
-6.3420581590e-02 -1.6147614529e-02 5.8049752755e-02
-3.5312462206e-01 4.2157805647e-02 2.2713189348e-01
-1.0879548401e+00 8.6012568872e-02 4.7581231034e-01
-1.6975840271e+00 2.6870960105e-01 4.6544960447e-01
-1.6336712535e+00 8.9010732486e-01 3.2548606726e-01
-1.0576993038e+00 6.9370481041e-01 1.5901949435e-02
-4.3070647260e-01 5.9152057024e-01 -3.4418417745e-01
-2.7723134726e-01 9.9332711136e-01 -4.0514112840e-01
-8.9859367561e-04 -7.2396073182e-02 -1.8793892755e-01
3.8470678248e-02 -1.1099563902e-01 -3.3835416046e-02
2.5671212241e-03 -8.5721065440e-02 -7.7738856077e-03
7.8923961817e-03 -4.5823420014e-02 3.0219891271e-02
1.1697449134e-02 -5.7111406452e-02 2.2110639744e-02
1.7578041842e-02 -5.3478203456e-02 1.7179868843e-02
-2.0833570684e-03 -4.3827929051e-02 3.8280849827e-03
-9.2886128167e-03 -3.5425025064e-02 1.3868326566e-02
-3.2102457779e-02 -2.9074407123e-02 3.7214352455e-02
-1.8415433853e-01 4.1212290305e-02 1.3863323978e-01
-5.5702828469e-01 8.1560352564e-02 2.8324108227e-01
-9.5807596248e-01 4.9018045164e-01 4.8387050363e-01
-7.6459027998e-01 6.0078521350e-01 4.6111274739e-01
-4.5379860110e-01 6.7072142628e-01 -1.9625615016e-01
-4.3786933926e-01 1.0349679683e+00 -2.5668823350e-01
-2.2525569610e-02 -3.2515643260e-02 -1.2317794157e-01
2.8829593864e-02 -1.0145383457e-01 -3.5570234704e-02
-1.1446152937e-02 -6.7955288172e-02 -6.6483901637e-05
-1.0878526717e-02 -5.2922880308e-02 5.4822235195e-03
-1.1018904588e-03 -6.5792629424e-02 1.0878337562e-03
3.4077004385e-03 -5.9581092625e-02 -6.5673626499e-03
-5.9194575984e-03 -5.4218181336e-02 -9.1526763058e-03
-2.2132194944e-03 -4.0456246812e-02 3.1307564803e-03
-1.1636192032e-02 -4.1394872161e-02 4.3531902375e-03
-1.1272546063e-02 -3.3026237291e-02 -3.8030412113e-03
-6.3566614555e-02 -1.2718544941e-02 2.6147516986e-02
-1.9741304871e-01 1.6099987229e-01 2.1099423767e-01
-2.7891907025e-01 4.1759762672e-01 4.1130368966e-01
-3.9989572789e-01 7.5823592843e-01 6.9380273413e-03
-4.4677615601e-01 8.7183533558e-01 -2.8047177085e-01
-3.1685566075e-02 6.5460526529e-03 -1.0012832667e-01
3.2090648917e-02 -8.8569141985e-02 -1.2229995434e-02
-8.3563459608e-03 -6.4722195100e-02 1.1815169561e-02
-9.4568009206e-03 -5.3624323614e-02 1.4957705069e-02
-5.8313838860e-03 -6.3313841181e-02 4.1396537557e-03
1.6326625131e-03 -5.4486751883e-02 5.8320631502e-03
-1.0899201132e-02 -5.3508382839e-02 -1.0694654786e-02
-2.1718677662e-02 -5.3637947470e-02 -8.2664985391e-03
-2.2663025886e-02 -5.2837923019e-02 -1.1336111008e-02
-5.5729884703e-03 -4.6896339144e-02 -2.6345784998e-02
7.6488691618e-03 -3.7208580817e-02 -7.7644057407e-03
-4.5818088192e-02 2.9105278272e-02 3.9781618921e-02
-1.3663391382e-01 1.8935634778e-01 9.6288776637e-02
-1.8919441156e-01 2.4157652852e-01 -1.6504907741e-02
-1.7573134334e-01 2.0920019752e-01 -1.4720198540e-01
-3.3565890543e-02 -4.1049318330e-02 -4.9488498082e-02
3.0965429146e-03 -7.4025323590e-02 -1.0695420988e-02
-2.0088646671e-02 -5.1315255783e-02 1.0769290699e-02
-1.5127701502e-02 -6.8942876708e-02 1.1165192317e-02
-8.2700311962e-03 -7.6291866329e-02 -5.8067735900e-03
-5.3996467188e-03 -7.0984263233e-02 1.1142670912e-03
-1.4722363986e-02 -6.9533166587e-02 -1.1343243653e-02
-2.5369235107e-02 -7.5295556105e-02 -3.3170234132e-03
-2.2828399433e-02 -8.4727427261e-02 -1.8346088347e-02
-8.6951811262e-03 -8.0911440395e-02 -1.7609099904e-02
2.3969885383e-03 -8.1761433963e-02 -2.2462013123e-02
-7.5319664516e-03 -6.1674127912e-02 -1.2642509602e-03
-2.4621713148e-02 -3.1686535508e-02 -4.4249850673e-03
-2.8396575626e-02 -3.2127008491e-02 -2.3134507167e-02
-8.7139452926e-03 -5.3774708385e-02 -1.8771407862e-02
-1.0520466686e-02 -8.8602493082e-02 1.2392924702e-02
-4.8685316271e-04 -8.4147231467e-02 1.4123250355e-02
-1.7199262200e-02 -8.2786637389e-02 2.7864239918e-02
-8.2775628137e-03 -2.3965388545e-02 4.5588830465e-02
3.4758798797e-03 -1.7632813327e-02 2.5389597563e-02
-2.5000223006e-02 -2.1689133062e-02 4.1685731852e-02
-5.6509495808e-02 -1.5550453912e-02 -4.7925299617e-03
5.3264810925e-02 -4.6572591500e-02 7.0185149627e-02
3.0546314999e-01 4.8910506409e-02 1.5759831737e-01
7.0355944989e-01 2.7195710643e-01 2.9103617712e-01
8.8880025952e-01 4.3330636277e-01 1.9272374546e-01
1.0626276009e+00 5.6967909681e-01 6.2729049848e-02
1.0936017378e+00 5.9102916203e-01 -3.3179480679e-01
5.4118414101e-01 2.3123500224e-01 -4.8788309473e-01
-1.6221084272e-02 -7.5683950415e-02 -1.0438806333e-01
-7.6928098979e-02 -7.2095800952e-02 4.8555485570e-02
-1.1979039278e-02 -4.2192653784e-02 4.1344702576e-02
-2.7379677809e-02 -4.4207740044e-02 1.9981035767e-02
-9.2482679585e-04 -1.1326410550e-02 2.1700609097e-02
1.7352115147e-02 -2.7743628743e-02 -5.1847313973e-03
1.4198330158e-02 -1.2978367286e-02 1.0657372756e-02
8.0389233271e-02 5.6791228462e-02 3.2934172881e-02
4.9122527462e-01 2.6220814843e-01 3.5624286493e-01
9.5880330143e-01 5.6849347720e-01 5.4373295169e-01
1.0635164409e+00 6.1221907326e-01 4.5604774622e-01
8.0873132764e-01 4.3450132016e-01 1.3773543104e-01
5.5183580044e-01 3.0430081440e-01 -3.7553420171e-03
6.2421096361e-01 4.3470277449e-01 -3.4103963031e-01
6.2646565955e-01 4.3574090946e-01 -8.1039094500e-01
7.5670024133e-02 1.0450494904e-02 -3.7245648460e-01
-7.2359689822e-02 -9.0900982115e-02 2.3527085962e-03
-1.1747551158e-02 -6.5566930956e-02 1.8734896967e-02
-2.0038679384e-02 -8.4939798412e-02 1.2382561333e-02
-1.2194574470e-02 -1.6870710720e-02 2.2562738771e-02
7.6290338052e-03 -3.8126813085e-02 -5.1969250459e-03
7.9433222615e-02 2.8270139114e-02 1.3003984762e-01
5.1068616792e-01 3.6432411260e-01 4.6685042109e-01
1.0309928091e+00 6.9532766787e-01 8.1673717300e-01
7.4191834600e-01 5.0257463963e-01 4.8533067514e-01
4.0746771686e-01 2.7626893629e-01 1.3616594688e-01
1.2666307110e-01 9.2581146402e-04 -1.9331988427e-01
-1.7685438630e-01 -3.1664899259e-01 -1.1234547388e-01
-1.6162269672e-01 -2.8446008964e-01 -6.8587040920e-02
1.1600399471e-01 1.1308008510e-01 -3.9925832183e-01
6.8857851870e-02 5.5792096918e-02 -3.2756782966e-01
-4.8741094378e-02 -7.7794843355e-02 -3.2543535855e-02
-6.5632405225e-03 -5.6946886993e-02 -5.7424732740e-03
-2.2728202548e-02 -7.7785634379e-02 -3.2344951116e-03
-2.3177921366e-02 -5.4404391925e-03 1.1151615560e-02
3.1820125258e-02 1.9378675580e-03 1.5662456060e-02
2.8044541473e-01 2.9178274056e-01 3.9701027314e-01
7.1240038046e-01 7.0862087202e-01 7.3575309465e-01
6.2599722426e-01 6.0549201766e-01 5.5811024985e-01
2.5492641616e-01 2.8245885807e-01 1.5939999439e-01
1.6463043353e-01 3.0490366528e-01 -1.7510309549e-02
-1.8308217669e-02 7.5419109930e-02 -1.5962524952e-01
-4.0844969333e-01 -5.7708511451e-01 2.6319047476e-02
-4.5953662695e-01 -9.0444965401e-01 2.3258767817e-01
-2.4955231687e-01 -4.3992488588e-01 1.6142168462e-01
-1.5919284504e-01 -2.2530586768e-01 1.2431891177e-02
-8.6999282744e-02 -7.9789272622e-02 -9.6569968328e-03
-9.0616707297e-03 -4.3415140944e-02 -1.6782026070e-02
-2.5767194053e-02 -6.6577359039e-02 -9.0505737702e-03
-2.9275608716e-02 -1.4341275925e-02 2.6368146584e-02
1.0625907278e-01 1.3342026937e-01 2.3052799903e-01
4.2358994467e-01 6.6688942638e-01 8.0522346003e-01
4.6856351518e-01 7.1290190779e-01 6.8034804579e-01
2.9158404356e-01 4.7224014697e-01 3.6972368263e-01
9.2285347050e-02 2.9631687091e-01 8.1793659025e-02
2.4919103339e-02 1.3937917661e-01 -4.8919817347e-02
-5.9454860800e-02 -1.9538472416e-01 -7.1970787108e-02
-1.9628383781e-01 -8.5686850484e-01 1.4310584461e-01
-3.0974490711e-01 -1.3844446768e+00 4.4197705228e-01
-2.6484434062e-01 -1.2911477783e+00 5.9439579664e-01
-1.7826809870e-01 -7.8449004532e-01 6.0750908324e-02
-6.4632339398e-02 -1.5120436220e-01 -8.1779803008e-02
-1.1061456979e-02 -4.1667987967e-02 -2.0547382403e-02
-2.3664039604e-02 -5.6674373847e-02 -8.1421607959e-03
-3.2829827009e-02 -2.8137112114e-03 4.9214840449e-02
9.0521015564e-02 2.9837060720e-01 3.6712853695e-01
1.7965710466e-01 7.2370683157e-01 7.2129651154e-01
8.9400043932e-02 5.0017630738e-01 3.8655827760e-01
-3.1748967149e-02 2.5353279469e-01 1.3622776583e-01
-5.5042388369e-02 2.0169819027e-01 -1.0538544931e-02
-2.3504440855e-02 -4.1123931532e-03 -6.2345487427e-02
4.6291679630e-03 -4.5205285565e-01 -1.4288050912e-02
-2.4849515685e-02 -1.2413287098e+00 1.6268954243e-01
-1.1698698456e-01 -1.7419662739e+00 4.5494406858e-01
-1.0424725218e-01 -1.7030246580e+00 6.7543192899e-01
-3.6108593993e-02 -8.8438648162e-01 -2.1879085703e-01
-8.1505532599e-02 -1.1128697864e-01 -2.0965775324e-01
-4.4766150224e-02 -2.5342076072e-02 -4.3781359437e-02
-3.6544580488e-02 -4.8245032691e-02 -1.5230080994e-02
-4.0500481088e-02 -1.5638046115e-02 3.4064665609e-02
-5.0024344711e-02 2.2823043059e-01 2.2430625915e-01
-1.1112938289e-01 5.5966525133e-01 4.8219523834e-01
-1.6030520932e-01 2.7464072776e-01 1.4439431726e-01
-1.5261733789e-01 -1.0790495229e-01 -7.2786893957e-02
-1.6578741999e-01 -1.4889242978e-01 -1.0925885717e-01
-2.2216271116e-01 2.2960328715e-02 -1.8228235821e-02
-1.3330549363e-01 -2.6262354958e-01 -2.4409216681e-02
6.5059113013e-02 -1.1755791778e+00 7.1485252438e-02
1.4083226082e-01 -1.4837274786e+00 3.4537614252e-01
2.8974432743e-01 -1.2837560958e+00 8.0303830114e-01
2.4598157454e-01 -5.7223859178e-01 9.9390291340e-02
-4.1881453426e-02 -8.2488282834e-02 -8.5976512220e-02
-2.7979940531e-02 -6.4642466100e-02 -1.9954260627e-02
-2.4091046963e-02 -8.3927945974e-02 4.3077421910e-03
-4.7159866967e-02 -4.6579279716e-02 3.8710237748e-03
-1.3046474218e-01 1.2871238566e-01 1.0387032657e-01
-3.8901636565e-01 6.1684471778e-01 4.6865648304e-01
-2.8761827003e-01 4.6599452855e-01 3.3017192368e-01
1.6415356634e-01 5.7832221090e-02 1.1458725236e-01
2.8562644037e-01 -1.9784214928e-01 -3.9333669567e-02
-3.1470728269e-01 1.2613248586e-01 2.4990258471e-02
-6.5283948492e-01 2.5635483055e-01 3.6655094108e-02
-1.3599163276e-02 -4.5885306972e-01 1.8853189330e-02
1.8960355892e-01 -6.6010517449e-01 7.4566617532e-02
6.4631317480e-01 -3.1789402819e-01 3.3653723760e-01
7.5375405224e-01 -1.7398590353e-01 -6.0994014649e-02
-9.3943015021e-03 -8.0200642624e-02 -6.6540548587e-02
-4.7838391101e-02 -6.9487047791e-02 6.5639375295e-03
-3.4578565088e-02 -7.0347023312e-02 8.8617729809e-03
-3.2985039953e-02 -3.7717242765e-02 1.4827332067e-02
-9.6515610491e-02 4.6304513370e-02 2.5459803097e-02
-3.1131772637e-01 3.6128465998e-01 2.6373110913e-01
1.5877665335e-01 6.5593775602e-01 6.9388117588e-01
1.2612753297e+00 8.2526067439e-01 9.6077311437e-01
1.3865047453e+00 -2.7668622548e-01 3.3781168091e-02
6.9801523167e-01 -9.7071416626e-01 -4.9511233731e-01
-1.0770660375e-01 -5.1200264985e-01 -1.9544786998e-01
5.0986708350e-02 -4.3297449610e-01 2.8404451785e-02
4.6885886259e-01 -1.8884777631e-01 -4.5132921900e-01
1.1009348783e+00 4.3044075944e-01 -6.9752520368e-01
1.7515391442e+00 4.6629922461e-01 -6.6066940586e-01
2.3254323610e-01 -9.6036549829e-02 -2.7561635416e-01
-3.6936408348e-02 -9.3424118591e-02 -1.9314492687e-02
-1.9102790015e-02 -8.3432251748e-02 1.2167166436e-02
-6.3127569533e-03 -3.4525315506e-02 3.9545589522e-02
1.0363070206e-02 -1.8705134313e-02 3.0969267818e-02
-6.6595954969e-02 7.3523638915e-02 1.1625467492e-01
-1.0032414483e-01 5.5353135892e-01 7.0953688805e-01
-2.0032652939e-01 1.1733163459e+00 1.0798475574e+00
-3.1620365603e-01 5.5194412368e-01 5.4957314121e-01
2.0622791789e-02 -3.1906519792e-01 -3.3029599604e-02
1.2953552918e-01 -4.0634954092e-01 -1.6682777998e-01
-1.0091443782e-01 -2.2768040551e-01 1.5474452936e-02
1.5753874712e-02 1.8475279527e-01 -7.1338535370e-01
-1.7767900470e-01 3.4040264025e-02 -4.8982872388e-01
6.1625319425e-01 5.6635538147e-01 2.2397313203e-01
8.6505785347e-02 -1.2189233417e-01 9.2854054855e-03
-1.9414263099e-02 -7.4461561761e-02 -5.3346513889e-02
-1.2669387341e-02 -4.6706643288e-02 -2.2325450153e-02
6.5977613987e-03 -3.4629275998e-02 4.0233869578e-02
3.4072791301e-02 -3.9991281963e-02 1.2122274461e-02
-2.1704045614e-03 -2.8369059330e-02 1.8176698461e-02
-2.7583659626e-01 3.6791015180e-02 9.6484695348e-02
-8.7235324921e-01 3.3450094550e-02 2.8194762514e-01
-1.2319794990e+00 8.0210670419e-02 6.9089020567e-01
-1.2437311227e+00 4.0317325552e-01 7.2339614381e-01
-6.2202794711e-01 1.1274112506e-01 1.7778415753e-01
-2.7535423212e-01 -1.4848980342e-02 1.0322209410e-02
-2.1452866601e-01 -1.1246343096e-01 -2.9128448687e-01
-3.3250511195e-01 -1.5629136222e-01 -2.4839705281e-02
-1.5719293802e-01 5.2159232114e-01 2.6860458167e-01
-5.5689696541e-02 -9.7636049447e-02 -5.0094934128e-02
2.8788140703e-03 -7.3766670620e-02 -8.3704807633e-02
-5.6931906570e-03 -6.0540978207e-02 -2.2763464697e-02
-3.4050180056e-03 -4.0966355461e-02 3.6069946413e-02
1.9682981402e-02 -4.8520067302e-02 1.9782648096e-02
1.9712032110e-02 -3.3270860472e-02 3.3902988230e-02
-2.4599134407e-02 -2.3098792455e-02 -1.3797483380e-02
-1.1050627382e-01 -1.3558388142e-01 1.4755137833e-02
-3.3904839820e-01 -4.3307681998e-01 4.8479103871e-02
-8.7714659318e-01 -6.1085757310e-01 1.4321114442e-01
-1.0393500674e+00 -4.7175551262e-01 2.0012311221e-01
-7.8518603255e-01 4.1752804609e-02 1.9521466413e-01
-4.7082148713e-01 1.3484334238e-01 7.7124823133e-02
-5.8334001455e-02 -2.2698091251e-01 -7.6654586623e-02
-6.8580333617e-02 1.9328931542e-01 -1.3689370051e-01
3.6215658368e-02 -1.7062843923e-01 -1.6107070608e-01
2.9636877595e-02 -8.4676236765e-02 -7.2154537810e-02
1.3739235291e-03 -6.8449769810e-02 -6.6243918459e-03
-1.4188600823e-02 -3.2456156708e-02 3.4599068897e-02
-4.8121186498e-03 -3.8215314231e-02 7.6599067038e-03
-1.0627694530e-02 -2.0631763733e-02 2.3193784615e-02
-1.9473042885e-02 7.3666038407e-03 1.9605525304e-02
-3.6125077276e-02 2.3129813802e-02 5.2682402541e-02
-1.2897894746e-01 5.2843438484e-02 4.3080245204e-02
-3.6094081835e-01 6.2999506356e-02 2.1762132189e-01
-6.1967483985e-01 -3.8261926648e-01 3.4920526499e-01
-6.4477118009e-01 -4.1465403396e-02 4.0251054183e-01
-4.9995451953e-01 4.2615291265e-01 4.8792742249e-01
1.6132082564e-02 -5.1667995478e-02 3.1729125740e-03
-1.2632053045e-01 4.4271591601e-01 4.2078918291e-02
6.1491514859e-02 -9.6536866031e-02 -6.0154950944e-02
2.7434190962e-02 -8.4914462442e-02 -6.9155577823e-02
-1.6843247737e-02 -4.8818950135e-02 1.8918071839e-03
-2.1603580716e-02 -3.4930429496e-02 1.7366423022e-02
-9.7411262394e-03 -4.1579633455e-02 -5.3913305549e-03
-1.9436614732e-02 -2.3899257515e-02 1.0420802609e-02
-2.6234411756e-02 -2.1529911603e-03 -2.5155867202e-04
-2.0917619298e-02 1.4335750065e-02 1.9267035718e-02
-2.4586739861e-02 1.5431567491e-02 1.8458117711e-02
-3.7851449051e-02 1.6493773524e-02 4.1459831276e-02
-9.9732539143e-02 -5.1487548391e-02 1.7106729006e-01
-1.8152428699e-02 1.3569205793e-02 6.5199682091e-01
-4.8926459005e-01 9.9257902853e-01 8.3594147612e-01
-2.0396156980e-01 7.2141573426e-01 1.8333389699e-01
-6.5729622887e-01 1.3072065103e+00 -1.5866636778e-01
-9.8355163555e-02 2.3176039192e-01 -1.4332882299e-01
5.4273692357e-02 -7.4205938788e-02 -5.2313430350e-02
-1.3459853686e-02 -4.9205612555e-02 1.5139846011e-02
-2.3786547640e-02 -3.6853044158e-02 1.0565120896e-02
-1.4707836346e-02 -4.6451672677e-02 -1.4605379393e-02
-3.1738582406e-02 -1.6037802648e-02 -5.3880408370e-03
-3.2381293807e-02 -9.5462697077e-03 -2.7685096459e-02
-3.3133141570e-02 1.9817304588e-03 -2.5513055323e-02
-3.2200459147e-02 1.0706507485e-03 -2.5735232025e-02
-2.2442177712e-02 1.2155768675e-02 -1.6065179987e-02
-5.6987189975e-02 6.3032152864e-02 8.3412361383e-02
-1.8464319445e-01 3.8814320758e-01 4.4322962532e-01
-6.6591597841e-01 1.1505315658e+00 5.9875091755e-01
-5.5359525761e-01 9.6048493912e-01 2.0393634267e-01
-8.7817057062e-01 1.0472523055e+00 -4.2594903250e-01
-2.8509429689e-01 2.6716655857e-01 -3.0123482607e-01
1.6436981700e-03 -3.3165036129e-02 -5.4922715446e-02
-2.8552262902e-02 -3.1328831500e-02 7.9644070589e-03
-2.5818311168e-02 -5.7480407727e-02 -4.2448717456e-03
-1.1814557267e-02 -7.0378452911e-02 -4.5759465869e-02
-1.9061663228e-02 -5.4257255396e-02 -1.6865117234e-02
-2.4455033536e-02 -3.9797755187e-02 -4.1847828456e-02
-2.4505612230e-02 -4.6229278375e-02 -3.1571670134e-02
-2.2167428206e-02 -5.0632125234e-02 -5.0432744758e-02
-5.5848735846e-03 -5.5902614715e-02 -3.8217544276e-02
-2.6963872616e-02 -2.5842818008e-02 -1.7624406904e-02
-1.1923158320e-01 1.0557921886e-01 1.0398907913e-01
-3.1577736802e-01 3.6273804862e-01 9.7989719315e-02
-2.9449599025e-01 2.9971148536e-01 -9.3568514521e-03
-2.3598337756e-01 1.7524263387e-01 -1.2941798571e-01
-6.8385565067e-02 -9.7573977890e-03 -5.9029876951e-02
8.1267258242e-03 -6.2483542544e-02 -4.8666934936e-03
-1.0897567859e-02 -7.1465402733e-02 2.3976515000e-02
6.1725642716e-03 -7.7292365592e-03 2.3785599910e-02
2.0648399364e-02 -4.1728342263e-03 2.6281254651e-02
1.2300521674e-02 -3.2919321774e-03 1.8522416029e-02
1.2201691104e-03 1.0801611660e-02 1.2613772911e-02
1.8774098993e-01 1.4996057208e-02 1.6824998494e-01
7.7570347207e-01 1.9652588756e-01 4.3727382551e-01
1.3715762964e+00 4.5299362601e-01 5.9502878597e-01
1.3974123421e+00 6.0387709533e-01 4.1978262343e-01
1.7327280622e+00 7.3001276269e-01 1.3866430864e-01
2.0090702949e+00 7.8986561816e-01 -5.6752756527e-01
1.1572270836e+00 4.8618041015e-01 -8.9875520503e-01
2.3428564950e-02 3.1862440259e-02 -2.5368150865e-01
-1.2331393026e-01 -3.4508869207e-02 -6.4218367454e-03
-5.2162391244e-02 -1.9329937994e-02 2.2137018111e-02
-6.1772129673e-02 -2.7583818823e-02 -5.8047008749e-03
1.5559866713e-03 3.6902137781e-03 7.2798950858e-03
1.3145512020e-02 -2.5583383277e-02 7.1158234877e-05
4.2969902251e-02 -1.7769633306e-02 5.4748338288e-02
2.5508277976e-01 7.2289578304e-02 2.1647238473e-01
7.8189453198e-01 2.5350346994e-01 6.3218434949e-01
9.7890069720e-01 3.6077037993e-01 6.5215706240e-01
7.5566420208e-01 2.8457939899e-01 3.5816262258e-01
3.8849665952e-01 1.1919860299e-01 6.7677331386e-02
2.3619289053e-03 -1.3245177996e-02 -2.3926640855e-02
1.5995095282e-01 6.2633896870e-02 -1.8135317023e-01
5.0655018929e-01 3.2920012032e-01 -4.9983115310e-01
1.6444755515e-01 1.8747907129e-01 -3.3483607124e-01
-5.2982461084e-02 -3.1254763729e-02 -5.7974248432e-02
-2.5698757231e-02 -3.1777231184e-02 -1.1839941872e-02
-3.7362195129e-02 -5.2688359293e-02 -5.0727169191e-03
-1.2046096663e-02 4.4567435714e-03 1.7315447838e-04
2.6482193001e-02 -1.5654208257e-02 2.5746733546e-02
2.1374657256e-01 4.9387136576e-02 2.6474382617e-01
7.2163221402e-01 2.7568716004e-01 7.0361686834e-01
7.5657827661e-01 2.6629609005e-01 6.6323370478e-01
3.8504642813e-01 1.0244640905e-01 2.5181879614e-01
2.0758271981e-01 5.6030176282e-02 4.1556377298e-02
2.1710915615e-01 8.1260119663e-02 -4.5104874538e-02
6.0046798848e-03 -1.0336730969e-01 -3.9540383160e-02
-2.3260930556e-02 -9.7547581344e-02 1.2430411806e-01
2.6195727056e-01 1.7540516795e-01 1.8392977401e-01
1.3857557612e-01 1.1823004030e-01 2.6827109107e-02
-5.2559243703e-02 -3.7114152039e-02 -4.9374402430e-02
-3.9492939597e-03 -3.1441625881e-02 -2.8884578552e-02
-3.7073397178e-02 -4.1269236587e-02 -2.3084266833e-02
-3.9934705783e-02 3.2917353111e-02 3.1936118151e-02
9.4829636492e-02 6.9659168360e-02 1.9407086718e-01
4.5085511643e-01 2.9068869335e-01 7.1626966032e-01
4.9400372340e-01 2.5982967613e-01 5.8828685069e-01
2.0437400479e-01 8.0892643604e-02 2.3567381624e-01
1.3328981268e-01 3.3490231545e-02 1.0681706989e-01
1.0335816771e-01 5.7236901773e-02 4.0609101695e-02
7.3742148840e-02 2.5724592119e-02 6.1698832643e-03
-1.2176747983e-01 -2.0140791254e-01 1.7990999968e-02
-2.2647310226e-01 -4.1659442460e-01 2.4339481693e-01
-2.6522894835e-01 -4.8699295144e-01 6.2050370242e-01
-2.5922121709e-01 -4.1157926614e-01 3.4508128464e-01
-1.1327881086e-01 -1.0928454967e-01 -1.3499221831e-02
-1.3137850369e-02 -3.6480170717e-02 -4.3961935585e-02
-3.9129822881e-02 -4.4575292029e-02 -2.9939038225e-02
-1.7666794343e-02 4.3562424759e-02 1.1594886704e-01
2.9480009839e-01 2.3668634652e-01 5.6477622964e-01
3.7602803679e-01 3.7533762286e-01 7.7234284882e-01
1.8281965690e-01 1.5871046204e-01 3.3971816264e-01
1.2146830464e-01 6.5196122047e-02 1.7213134205e-01
7.6951671702e-02 3.8065988874e-04 7.6328546064e-02
3.5173404655e-02 -8.4876510993e-02 3.1181827947e-02
4.7707283994e-03 -1.1408079890e-01 3.5893695686e-02
-4.4462989670e-02 -2.5397110199e-01 5.5068607190e-02
-1.5503608232e-01 -6.0398808643e-01 2.7631707227e-01
-2.6956361473e-01 -1.1530106636e+00 5.6846801204e-01
-2.1627382600e-01 -8.4755061344e-01 2.1544321798e-02
-7.7605154988e-02 -1.5304761654e-01 -1.0716868941e-01
-2.1481667734e-02 -3.3944625989e-02 -3.6187828644e-02
-4.2896003501e-02 -3.9888816788e-02 -2.4183622179e-02
3.3462901936e-02 1.0807481018e-01 3.1509813764e-01
2.7970830734e-01 4.1818879572e-01 7.6461045069e-01
9.6461676305e-02 3.3627635995e-01 5.0337977565e-01
1.0053931052e-02 1.5552063071e-01 2.1019156375e-01
2.1843919134e-02 -1.3566345878e-02 1.0111301021e-01
3.2219189416e-02 -8.5477128693e-02 9.0986161467e-03
3.0994205296e-02 -1.3755391619e-01 -1.6557304403e-02
4.9585009063e-02 -1.4347866639e-01 2.0281383211e-02
3.9653321046e-02 -2.7035644601e-01 5.1765605971e-02
-3.8970788044e-02 -5.8507005272e-01 2.1767083544e-01
-2.2462662921e-04 -1.3522330072e+00 5.5789864352e-01
2.9789303785e-02 -9.3119468043e-01 -1.8734491810e-01
-6.7363048592e-02 -9.8232182126e-02 -1.9514867347e-01
-5.9213813105e-02 -1.4037587935e-02 -6.5412242394e-02
-5.9713853334e-02 -3.6562014715e-02 -3.0661674751e-02
2.5598553850e-02 1.5132833147e-01 3.4047312399e-01
7.9808013134e-02 3.6768339510e-01 4.8811407131e-01
-3.5969085090e-02 3.0388664911e-01 3.1497316263e-01
-2.4964060474e-02 1.3818602096e-03 -1.8838782421e-02
-2.8365310768e-02 -1.9382726199e-01 -7.7675274444e-02
-4.4417816709e-02 -1.5657273445e-01 -4.4320662822e-02
-6.2803870688e-02 -4.2267763164e-02 7.5925603960e-03
-5.4363737491e-02 -4.1957759215e-02 -4.2860048773e-02
3.5707404707e-02 -2.2677762914e-01 -2.8923272812e-02
5.8716915832e-02 -4.3638563895e-01 1.7257001280e-01
2.0561913814e-01 -9.4339930517e-01 8.3322760661e-01
2.2105451895e-01 -6.2813128785e-01 3.2713878813e-01
-9.5815166190e-02 -2.6697058202e-02 -1.0775085250e-01
-3.5716521704e-02 1.0236051633e-02 -6.9220530907e-02
-3.9835516266e-02 -6.3363488920e-02 -6.8812041747e-03
-4.6305256009e-02 6.8065322127e-02 1.3286851705e-01
-6.4024046784e-02 2.8443287770e-01 1.7286223043e-01
-1.0275183810e-01 3.6647042986e-01 2.2288391508e-01
-4.5320189748e-02 7.9719349121e-02 1.3618814742e-02
-2.2469988368e-01 8.0978623330e-02 -6.6755527391e-02
-2.1334929453e-01 6.8503907949e-02 -4.4561675682e-02
-1.8698099026e-01 1.9011206442e-01 9.3962575399e-02
-6.1817900583e-01 2.9654804456e-01 7.9652950339e-02
-3.6543134598e-01 1.0945572986e-03 -9.2988721905e-03
-1.3497908537e-01 -1.1058441592e-01 4.0436944057e-02
4.9589868351e-02 -3.0739688211e-01 4.8666635859e-01
5.0612873303e-01 -8.9985990328e-02 1.4483783803e-02
-1.0282805143e-01 2.0805358743e-01 -3.1403276736e-01
-9.0575471911e-02 2.8211765534e-02 -6.7820980686e-02
-4.7906277683e-02 -5.1647522610e-02 -1.3693639945e-03
-1.4691972042e-01 9.5496998479e-02 1.3498057529e-01
-4.3331848238e-01 3.5772626809e-01 2.5445973747e-01
-3.7189947637e-01 4.2676245860e-01 2.7219499774e-01
4.0259984528e-01 3.3057987576e-01 3.2643987557e-01
8.7634014008e-01 1.8142874336e-02 4.7807601927e-02
7.6612770466e-01 -2.7717412577e-01 -2.1709243114e-01
6.6554334039e-01 -1.4313861054e-01 -2.7579092999e-02
-1.7869178550e-01 1.1113490772e-01 2.3065303476e-02
-3.7250695277e-01 4.7045583579e-02 -3.5558835883e-02
-1.2402914636e-01 -1.7488917840e-02 -2.1764870970e-01
-3.6598424477e-01 -2.9967729204e-01 -3.2288863332e-01
7.2580666359e-01 -1.0685694576e-01 -4.3739161340e-01
2.5171435826e-01 1.5173253494e-01 -4.7314296910e-01
-4.3298110589e-02 -2.3640167738e-02 -6.7179469579e-02
-3.1233913723e-02 -6.6913856145e-02 4.8006615171e-03
-7.8536149107e-02 1.4550199995e-02 6.0396268764e-02
-4.0095242717e-01 1.3470472256e-01 1.1077364453e-01
-6.0310909724e-01 1.8938274373e-01 6.9096062779e-02
-8.1664494788e-02 3.3915356326e-01 2.9352735240e-01
3.1018942655e-01 3.2832400741e-01 -9.8057289617e-03
2.3065849657e-01 2.4231576635e-01 5.6913336862e-02
3.8952066166e-01 8.0179150376e-02 1.6250506445e-01
4.5681952656e-01 5.3846218372e-02 5.3187251066e-02
2.6975381907e-01 8.3985491601e-02 9.0499743538e-03
4.3439139391e-02 1.7901442356e-01 -3.6244646712e-01
-3.6754684189e-01 -1.0710419754e-01 -3.1481657158e-01
3.5920834768e-01 -4.8368042663e-03 2.1533081058e-01
9.9838240715e-02 -1.8797808384e-02 -4.9942088557e-02
-2.7839773553e-02 -2.3192738761e-02 -6.0647217525e-02
-2.5853621180e-02 -2.5663372858e-02 -2.9715767948e-02
-9.6707282414e-03 -2.8617541782e-02 1.7508389045e-02
-6.2951413162e-02 -3.8156826681e-02 -3.5814123190e-02
-2.5966722169e-01 -1.2862878239e-01 -1.9445215820e-01
-3.0427549457e-01 -1.9769997179e-01 -2.8246185201e-01
-3.6551120223e-01 -8.4192173237e-02 -3.1252438807e-01
-3.9505828639e-01 1.0232709459e-02 9.3841102242e-02
-3.3136984934e-01 1.6730717536e-02 2.4281871536e-01
-1.8758145996e-01 9.6158538400e-04 6.5199584679e-02
-8.1426016584e-02 2.4592669131e-02 6.3316901307e-02
-6.4548839404e-02 9.7279756096e-02 -4.9319530093e-02
-7.3567576768e-02 1.1802570750e-01 -1.7808106189e-02
-3.5927120827e-02 1.0936703644e-01 6.9092878513e-02
-6.1364417223e-02 -3.9707483528e-02 -1.1702903597e-01
-1.4012155968e-02 -1.3581243495e-02 -8.9295354717e-02
-1.8925660340e-02 -2.9914943123e-02 -3.3557711324e-02
-1.5581336119e-02 -3.4511668644e-02 1.7022097145e-02
7.1864708280e-03 -3.5629715529e-02 -6.7186981760e-03
-7.0163913584e-02 -4.2571864731e-02 -3.9036186422e-02
-2.5760604092e-02 -1.0890402751e-01 -2.0653139370e-01
8.5984688351e-02 -3.2459761894e-01 -2.7436197188e-01
-2.0702340245e-01 -5.0969052438e-01 -1.2444390170e-01
-4.9419198914e-01 -4.2755322057e-01 -1.5236744255e-01
-5.1444299459e-01 -3.7998656009e-01 -1.4757144361e-02
-2.6968396475e-01 -1.8120328945e-01 7.8831820962e-02
-1.5478924238e-01 2.2538478000e-02 5.6069300422e-02
-9.4305111454e-03 -3.6636759568e-03 -2.4346917451e-02
-1.8246335933e-02 1.6708790716e-02 -1.3423163228e-01
3.7345024978e-02 -6.5234699779e-02 -1.3523174582e-01
1.4587749306e-02 -1.0537684267e-02 -7.5376301936e-02
-1.0752052479e-02 -3.2392534450e-02 -1.3328847304e-02
-4.7938528198e-02 -1.3726597466e-02 2.3967265873e-02
-1.7018962459e-02 -2.4050529729e-02 1.3961691645e-02
-6.1422864633e-02 8.7769990467e-03 3.1767690061e-02
-6.5087349247e-02 4.8177304001e-02 -5.8186467279e-03
-1.2440025299e-01 2.9261255311e-02 2.8187751162e-03
-2.0815716359e-01 -1.4500794130e-01 -6.6118728884e-02
-1.6357549649e-01 -3.1308140042e-01 -3.2446532094e-01
-2.4848178683e-01 -4.1833660713e-01 7.2500421419e-02
-1.6279510863e-02 -3.9861396515e-01 1.7156195435e-01
-1.0844291468e-01 1.1075210368e-01 2.6691741506e-01
1.3095106557e-01 -2.5717598677e-02 1.3886104164e-01
3.3334259931e-02 1.8599608178e-01 1.9115063787e-01
6.7412780911e-02 2.4099141809e-02 -3.0768278819e-03
4.3729444892e-02 -2.1732375096e-02 -8.1578839063e-02
-2.9577070676e-02 -2.2980165216e-02 -1.0075789746e-02
-6.1312487194e-02 -1.0099351531e-02 1.0323590546e-02
-2.8659917905e-02 -1.9500340354e-02 8.3973552974e-04
-6.2726136238e-02 1.0309779296e-02 3.4345064148e-02
-5.2521538383e-02 3.2938838917e-02 2.8615581625e-02
-6.2852500802e-02 5.8252109310e-02 5.1309228159e-02
-2.3594464597e-02 -8.2794504656e-03 -7.5692907982e-03
2.0657030787e-02 -9.1194717472e-02 -5.2766833789e-02
1.1435608900e-01 -1.2989426442e-01 3.0678345209e-01
3.5554848098e-01 -2.0996645581e-01 5.1722389246e-01
-2.7474384392e-01 5.0719272101e-01 4.6001069725e-01
2.1736523457e-01 5.1329864382e-02 3.8189045792e-01
-5.5012552383e-01 5.8790335740e-01 4.9255507639e-01
-3.4624296660e-01 2.9467590930e-01 5.9266048559e-02
8.0009456185e-02 -3.5921262699e-02 -6.9705126880e-02
-2.5677561247e-02 -3.4173801447e-02 4.4708506880e-03
-6.1988187978e-02 -1.6876026570e-02 1.8232182882e-02
-3.9924670649e-02 -2.7403179828e-02 9.0672432511e-03
-7.2282229419e-02 -7.6617239681e-03 3.5127798022e-02
-8.0968567052e-02 1.7203363355e-02 2.7463446255e-02
-8.2943772279e-02 3.6888358472e-02 1.7813897374e-02
-5.4646531654e-02 2.6477919317e-02 1.0937506762e-02
-7.7291303160e-02 5.3661724187e-02 6.0098705865e-02
-7.5240632562e-02 2.0959437785e-01 4.6673877831e-01
-2.0963712498e-01 6.2375879422e-01 1.0092575078e+00
-1.0933355319e+00 1.3170063351e+00 5.0698467128e-01
-5.9407522108e-01 7.7617448210e-01 2.4681852346e-01
-1.4912461907e+00 9.3575874646e-01 -2.8412379027e-01
-9.6764516531e-01 4.8556716756e-01 -5.5101618361e-01
-2.8234930053e-02 8.2686891376e-03 -1.1672749206e-01
-4.3374637279e-02 -1.7505723456e-02 -3.4553468857e-03
-4.7030380003e-02 -4.3992591383e-02 1.2952916025e-02
-2.3964169967e-02 -6.6279737181e-02 -2.1820053778e-02
-5.0514812259e-02 -4.8373216363e-02 1.6713792781e-02
-4.9080057091e-02 -2.5249588552e-02 -3.1895918397e-02
-4.9200555606e-02 -2.3092616844e-02 -3.0715947680e-02
-2.1442280692e-02 -3.6657877243e-02 -4.2088636753e-02
-3.4896639195e-02 -2.8158312099e-02 -1.0352664620e-02
-1.4713545245e-01 1.1305963052e-01 1.6381686612e-01
-4.7842976908e-01 5.8296240896e-01 6.1428000246e-01
-1.1879324664e+00 1.1839227623e+00 3.4876681068e-01
-9.6335901563e-01 8.9364336524e-01 -9.6196102709e-02
-8.1875741908e-01 4.7929416319e-01 -3.7899526041e-01
-3.9850526016e-01 1.2723940255e-01 -3.0819630785e-01
-2.0202451554e-02 -3.4046910780e-02 -3.6421138121e-02
-3.1482626787e-02 -5.5161513367e-02 1.4059695483e-02
3.4099276971e-02 1.8910122519e-02 3.1585590176e-02
4.6793259339e-02 2.7478295368e-02 4.5357546289e-02
4.9136816407e-02 2.2221392611e-02 5.7086322926e-02
6.7373120268e-02 3.0427772402e-02 8.5466057640e-02
3.3918871457e-01 1.3201314523e-02 2.8703343159e-01
1.1443373281e+00 8.6640084595e-02 6.7117042448e-01
1.6983751841e+00 1.8833535521e-01 7.8768311831e-01
1.8056544719e+00 2.1874876506e-01 6.0824420550e-01
2.1406866892e+00 1.9599044254e-01 1.6820390535e-01
2.3064911665e+00 1.5637980305e-01 -6.6331378155e-01
1.4585944330e+00 1.1706532188e-01 -9.9466437665e-01
1.5707512206e-01 -4.4275449811e-02 -2.9507888811e-01
-1.1346667811e-01 -6.7549391925e-02 -2.7405470772e-02
-7.6462553093e-02 -6.2145966038e-02 2.9936245866e-02
-6.1491465687e-02 -3.9726165365e-02 5.2932451725e-03
2.2293203532e-02 2.3575677603e-02 8.2469428158e-03
3.9241291773e-02 1.0753814953e-02 2.2805992335e-02
7.6664871232e-02 1.9768412212e-03 8.6896566570e-02
3.5036459714e-01 3.8507476403e-02 3.4455927429e-01
8.5254404284e-01 9.7366775321e-02 7.1766250248e-01
9.3165457225e-01 1.0713642089e-01 6.4814521250e-01
5.7841217532e-01 6.4457184581e-02 2.9295511035e-01
1.3421329592e-01 2.5392444237e-02 2.2886792205e-02
-3.3733082263e-01 -6.4820936510e-02 6.6545132221e-04
-1.8698100564e-01 -5.0834377048e-02 6.9116613360e-03
3.7513658857e-01 1.2639554865e-01 -1.1473164012e-01
5.8735002228e-01 1.3665523258e-01 -3.4029096241e-01
4.2697011571e-02 -1.5840298809e-02 -1.5590680325e-01
-4.8844730347e-02 -3.8193379520e-02 -8.7204518247e-03
-3.7297685860e-02 -4.9204588841e-02 -5.9584002558e-04
8.6259456001e-03 3.7132074620e-02 6.0202582515e-03
5.5228772896e-02 3.3412758524e-02 5.9139171539e-02
2.6704700191e-01 4.8860385867e-02 3.3235756127e-01
6.2989831053e-01 7.2183343251e-02 6.3548338588e-01
4.2656851907e-01 -8.4750961764e-03 4.2076773755e-01
3.0213492828e-01 -2.6156502938e-02 2.0691345928e-01
1.9882399191e-01 -2.4382975204e-02 9.3239149762e-02
1.8858719628e-01 -2.2246956865e-02 5.8601542191e-02
4.1006090287e-02 -4.6937269742e-02 1.3251339791e-02
5.8911179251e-02 -1.8249855287e-02 1.0374919521e-01
5.7154512688e-01 1.2677183333e-01 2.4991372058e-01
6.9520702531e-01 1.4342753041e-01 2.4912930722e-02
3.6409486229e-02 -8.6015426172e-03 -1.0610846490e-01
-4.4121947497e-02 -3.7044128585e-02 -2.0637330309e-02
-2.4930837056e-02 -4.3996596768e-02 -1.8308086460e-02
-1.5211784028e-02 6.4605364943e-02 4.2910350492e-02
1.3588075988e-01 8.1924400044e-02 2.4039777058e-01
3.8563695990e-01 1.3563253012e-01 5.7583921056e-01
2.0994037052e-01 1.9838067495e-03 2.8383313159e-01
-2.3164060997e-02 -8.8829350851e-02 2.1236634454e-02
9.1060254151e-02 -7.3083223793e-02 8.0319000687e-02
6.9387789832e-02 -7.9208012224e-02 8.8369248629e-02
7.9648037892e-02 -1.1556945183e-01 8.9972189976e-02
6.7577349069e-02 -9.0578080601e-02 4.8138743377e-02
7.0900796402e-02 -5.5360458932e-02 8.6839309083e-02
1.3030218809e-01 -3.9489701231e-02 2.1705680763e-01
3.7240958589e-02 -7.6943769011e-02 1.4572227554e-01
-8.3832104115e-02 -6.7256740557e-02 -3.4844850486e-02
-2.9656454902e-02 -5.7154684629e-02 -2.7155138043e-02
-1.9852598976e-02 -5.3943335699e-02 -2.1910752838e-02
2.3775956311e-02 5.9023380937e-02 1.7369828279e-01
2.5859225863e-01 1.3088130982e-01 4.6450765703e-01
6.2742465907e-02 8.2390339471e-02 2.6773131595e-01
-8.5954996635e-02 -6.0944474033e-02 -4.2523552953e-02
-1.1217844500e-02 -7.7773234260e-02 1.9951539607e-02
2.6323049343e-02 -6.1354121063e-02 5.0555543956e-02
4.6094129526e-02 -9.3580475710e-02 6.5251214717e-02
3.8349793227e-02 -1.0289803481e-01 8.1633434617e-02
6.4234509851e-02 -1.0276195765e-01 5.2426011533e-02
4.6345613029e-02 -9.9095846779e-02 5.8277810815e-02
-1.5771930266e-02 -1.7462471196e-01 8.4414044226e-02
-1.7483208693e-02 -1.0169280469e-01 -1.4989999483e-02
2.2339563140e-02 3.2221969279e-02 -7.6284379704e-02
5.3303585702e-04 4.3832978680e-03 -4.1860266389e-02
-3.1940069858e-02 -4.1588042408e-02 -2.4076069627e-02
1.7425575427e-01 1.2625140622e-01 4.7931959050e-01
2.1874696123e-01 1.8145456314e-01 4.5913239108e-01
-1.6163199382e-01 9.5979816160e-03 -1.0495156147e-01
-7.9598824881e-02 -8.2048866814e-02 -2.5877702193e-02
3.5640592506e-02 -1.0526124521e-01 6.7306574261e-02
3.4136218254e-02 -1.0929289170e-01 2.6628108934e-02
2.3917505260e-02 -1.1322896089e-01 2.7191897173e-02
1.7586070303e-02 -1.2201962789e-01 5.0992718004e-02
3.8900986292e-02 -9.7824102361e-02 1.9183503514e-02
1.2823954109e-02 -1.0110475080e-01 -2.0550633451e-03
-4.7489488611e-03 -1.8519446143e-01 3.8602794977e-02
1.0054358402e-01 1.6276137727e-02 -4.4398834854e-02
2.4232733925e-01 4.7658073414e-01 -1.8025130119e-01
1.3921995913e-01 3.0834029960e-01 -1.8741297433e-01
-2.9071027971e-02 -4.4146424414e-03 -5.2825901187e-02
1.7961437014e-01 2.3087403253e-01 6.1892050512e-01
9.0193981683e-02 2.4318424058e-01 1.9901103259e-01
-7.0935930512e-02 3.0366069907e-02 -1.4022199263e-01
3.1899373719e-02 -1.2415923688e-01 -5.7566816781e-02
2.7115291086e-02 -1.5063458683e-01 -3.2055838466e-02
9.7245671985e-03 -1.1687629712e-01 -3.1003037736e-02
8.1221448273e-02 -8.9892666460e-02 -1.1298684521e-02
1.4395475938e-01 -3.8794728510e-02 -3.0842923650e-02
7.6094131206e-02 -1.9057091730e-02 -7.5056563220e-02
4.3395450326e-02 -5.0814268707e-02 -4.5053875474e-02
5.2229987308e-02 -2.3952408170e-01 2.0725376191e-01
-1.1454545004e-01 -3.3496537295e-01 9.4009922460e-02
-9.5958549263e-02 3.5334195864e-01 -2.3343756606e-01
1.5067298967e-01 5.0529419036e-01 -2.7163623189e-01
3.6528618062e-04 1.6971224763e-02 -3.2229644764e-02
-8.8149074306e-02 2.9459238574e-01 5.4628481684e-01
-3.8463181739e-02 3.5162559131e-01 2.4504338710e-01
3.6282765068e-01 -9.0799613164e-02 -1.3261082209e-01
2.8379516471e-01 -2.1128814975e-01 -1.0510528859e-01
-2.4341831431e-01 4.0784116465e-02 -5.5135287684e-02
-1.3163221709e-01 -7.3707678977e-03 -1.5620216774e-02
6.0818536925e-01 -7.5581740093e-02 8.6284844986e-02
4.1021525842e-01 9.4413772630e-02 6.8181734327e-02
-3.3928399483e-01 -3.2793269655e-02 -5.2717442301e-02
-1.2244408798e-01 -1.4336293388e-01 5.3346683548e-02
2.6063754322e-01 -3.2164559698e-01 3.3620733524e-01
4.5954729077e-01 -2.3869425737e-01 -1.9304028229e-01
-3.8381097449e-01 4.8283949759e-01 -6.1826144323e-01
-1.8065874925e-01 4.0697984342e-01 -2.4783949233e-01
-3.1094067285e-02 -6.8812413505e-03 8.9146691795e-03
-4.9201841911e-01 3.7447602037e-01 6.4984518127e-01
-8.3387959246e-01 5.8702140591e-01 6.7988651127e-01
-1.2376708226e-01 6.0382065788e-02 9.2589940661e-02
2.8486759847e-01 -5.4512944137e-02 -2.2210342529e-02
-1.8927849994e-01 1.1923927117e-01 -9.2954034467e-02
-1.1426128036e-01 -1.3044403944e-02 -1.0854974733e-01
6.0120270815e-01 -1.3093386811e-01 1.2178133469e-02
1.5205376699e-01 -5.1261207381e-02 1.0215584726e-02
-6.0154372886e-01 -1.5290121089e-01 -4.6489074938e-02
-1.4440861863e-01 -1.7739294540e-01 1.0496521291e-01
-3.7413335583e-01 -3.7383266247e-01 -1.3054527193e-01
5.2319857413e-01 -1.0124918493e-01 -5.5330612731e-01
1.2395013439e-01 3.5958763485e-01 -4.3222469516e-01
-1.9561488019e-01 1.2460633815e-01 -1.3708927697e-01
-3.5230106870e-02 -4.8352636059e-02 5.4844324471e-03
-2.5450618250e-01 9.6097304549e-02 1.7616927859e-01
-9.7363160435e-01 3.8201482890e-01 2.9902394327e-01
-1.2920115555e+00 1.8091484136e-01 -1.8036217610e-01
-5.6489811825e-01 3.4605915808e-02 -3.8443929900e-01
7.5575639709e-02 1.1653106950e-01 -1.8788300727e-01
1.8478200879e-01 3.8134234572e-02 -5.7733509975e-02
1.3883514826e-01 -3.3468631212e-02 3.7555404903e-02
3.6837192018e-02 -7.3910499475e-02 2.1807902607e-02
4.6516672577e-02 -3.4746654359e-02 3.5058570877e-02
1.0808991379e-01 -1.1082822732e-02 9.1672599952e-02
-3.9320450874e-01 -1.7931531660e-01 -7.2679952988e-02
1.9664435429e-01 -1.3257007554e-01 6.2911834360e-03
1.1657583152e-01 3.3732233490e-04 -3.0846455138e-02
-8.1778396054e-02 -1.7803303068e-02 -7.5081527380e-02
-4.1647954747e-02 -1.3245455108e-02 -3.7358217201e-02
-3.7801722606e-02 -2.3814861785e-02 -1.1415403484e-02
-2.9445377045e-01 4.9931172309e-04 -3.7219695222e-02
-4.2704203393e-01 -5.2909329023e-01 -7.5490111335e-01
-2.9582713617e-03 -7.6388331571e-01 -1.0672525693e+00
1.5476314938e-01 -8.6119174100e-02 -6.1978042806e-01
2.4061992169e-02 8.7890268351e-05 -2.0878414397e-01
-1.0015883189e-01 -5.9788626190e-03 -5.5207616876e-04
-1.2642204954e-01 -8.5585609139e-03 2.6110950479e-02
-9.0849875626e-02 1.4913623057e-02 2.3655287687e-02
-9.0325931982e-02 2.0684958071e-02 -2.2830691679e-03
-1.3536969724e-01 2.1843065715e-02 -5.6505508132e-02
-1.2794264019e-01 -7.1180713205e-04 -9.5980603055e-02
-1.0247195418e-01 7.7497133422e-03 -1.2563479107e-01
-4.5245569170e-02 -1.7921339687e-02 -8.8851776732e-02
-2.2455342469e-02 -1.9121735267e-02 -3.6891379916e-02
-1.4893750473e-02 -2.0174808671e-02 4.1152546980e-03
-7.7752576291e-02 -2.9087971599e-02 -4.1230744460e-02
-1.8538710483e-01 -2.3484805764e-01 -1.6943846109e-01
1.4390257862e-01 -5.6934448652e-01 -4.2515050543e-01
4.9802785550e-01 -5.2904161154e-01 -7.4691634883e-01
7.1198447204e-02 -4.1527770660e-01 -4.6795387814e-01
-2.3077381040e-02 -3.3864302950e-01 -3.5546071449e-01
-1.3176949727e-01 -1.2316708305e-01 -3.9139173374e-02
-1.0402774371e-01 -1.9428857926e-02 3.8883699826e-02
-9.0272370216e-02 4.8141471712e-03 -4.3252771601e-02
-4.1375546380e-02 1.3562347041e-02 -1.0011081912e-01
-2.2816690884e-02 5.1883828318e-03 -1.5172394342e-01
4.3101896780e-03 1.6542653020e-02 -1.4498631978e-01
-1.0899620321e-02 9.3564891871e-03 -8.1131058513e-02
-1.1450312222e-02 -2.2360988024e-02 -1.7326739223e-02
-4.8974606165e-02 4.9252469059e-03 1.8841127370e-02
-1.4935574554e-02 7.0887244018e-03 4.3317989329e-03
-8.6361951925e-02 5.4664494840e-03 7.0706316366e-03
-3.6157197312e-02 -1.2597637120e-01 -9.4690950881e-02
1.3031568085e-01 -2.5116793379e-01 -2.9828957492e-01
3.0390966149e-01 -5.3069457095e-01 -4.7892818488e-01
5.0659506300e-01 -7.9337029298e-01 -7.9736664116e-01
9.2966879242e-02 -2.5040285531e-01 -8.7447531659e-02
-3.5101077378e-02 -2.9243023411e-02 1.6109730760e-01
-8.9454285266e-02 5.2459288828e-02 4.3985593591e-02
-1.6744112485e-02 7.2649961806e-02 1.8211021826e-03
-9.8541907536e-02 2.9351794786e-02 7.6853510508e-02
-1.4970184342e-02 -1.1780952074e-02 -2.5494399623e-02
6.0331699476e-02 -1.4920684631e-04 -8.1798442756e-02
-1.5792537708e-02 -1.7276768607e-02 -5.6303969525e-03
-6.0886354967e-02 8.0103348838e-03 3.0430090588e-02
-2.0302291089e-02 1.0118252881e-02 2.6819285409e-02
-5.6494088359e-02 2.8016696521e-02 5.7671075651e-02
-5.5840762610e-02 3.6892379310e-02 4.1992013204e-02
-5.5288117243e-02 2.3141550881e-02 2.2150616974e-02
4.4337234676e-02 -1.5377203500e-01 -1.7705662743e-01
2.2457938298e-01 -3.1004028541e-01 -2.3643342617e-01
2.2732860722e-01 -7.4770756276e-02 3.1087596043e-01
9.0018854276e-02 1.4627341907e-02 4.1188942983e-01
-8.5469969097e-02 8.9095957569e-02 1.2893786230e-01
2.0816446256e-01 -1.1778620632e-01 3.2346348027e-01
-5.5551429047e-01 -1.1334369116e-01 7.8509223132e-01
-5.8806425522e-01 -4.6907614261e-02 2.1499204252e-01
7.3049872273e-02 -1.9406587551e-02 -6.6024416131e-02
-7.6987683455e-03 -2.1018177489e-02 1.4443869207e-03
-5.6375198262e-02 -1.2152747631e-03 2.5436344158e-02
-3.4603553879e-02 -4.0206162469e-03 2.2816907440e-02
-6.4740370867e-02 6.0032781629e-03 5.2109121828e-02
-7.5462225739e-02 3.4471960051e-02 4.7412409713e-02
-7.1964738490e-02 4.9775730631e-02 3.5318522024e-02
-8.0793239838e-02 4.4800999620e-02 9.7372921438e-03
-2.1555839348e-02 1.4552455458e-01 1.9059268316e-01
-5.2588083531e-03 3.6690147251e-01 8.2244444398e-01
-1.9767154016e-01 4.0003566643e-01 7.5593259797e-01
-2.4782178059e-01 3.5406725294e-01 5.7050882055e-02
1.1449830021e-01 1.3354360905e-01 2.1181776782e-01
-9.7662796915e-01 8.0375743559e-02 6.0653190923e-02
-1.2541707165e+00 1.2915552132e-01 -4.8405124367e-01
-5.9144308726e-02 -1.0659977393e-02 -1.3429826254e-01
-3.0919714106e-02 -7.7362568259e-03 -1.2681987051e-03
-4.2975113110e-02 -3.5886577295e-02 2.4036044568e-02
-7.2460416505e-03 -4.2477744258e-02 -1.8306547092e-03
-4.0679524038e-02 -3.7228738106e-02 3.5211267797e-02
-5.3129471065e-02 -3.0889433296e-02 -1.3892853259e-02
-5.2864966581e-02 -1.9866546975e-02 -1.2191218652e-02
-3.2030625191e-02 -2.8831918054e-02 -4.7306846502e-02
-8.2169384788e-02 3.4997554202e-02 8.8874818398e-02
-3.2158140887e-01 3.3521288843e-01 5.8920867920e-01
-1.0884053895e+00 8.2224809999e-01 1.0540824270e+00
-2.0062119861e+00 1.1385355401e+00 1.4121766309e-01
-1.4988406822e+00 8.1154574875e-01 -5.2041721923e-01
-8.2820764492e-01 2.9744964072e-01 -5.4740377944e-01
-5.6663744727e-01 8.9125632425e-02 -4.8900562907e-01
-4.1645100272e-02 -1.6262992426e-02 -7.0209671310e-02
-2.0253663539e-02 -3.8954562463e-02 8.7439304494e-03
3.9569760529e-02 3.7596898724e-02 4.0480711663e-02
4.7587565266e-02 5.7772174124e-02 8.1435006269e-02
4.5867863628e-02 4.9850027133e-02 7.9384856486e-02
8.2439678810e-02 3.8249306308e-02 1.1605583906e-01
3.8657563696e-01 -5.2522123503e-02 3.1392612344e-01
1.0563816294e+00 -1.9686794516e-01 6.3584946527e-01
1.5996463248e+00 -3.2640906640e-01 7.3696436988e-01
1.8584387350e+00 -4.3406837342e-01 5.9152720344e-01
1.9754793501e+00 -4.9648125803e-01 1.7265722374e-01
2.0049727133e+00 -4.3483181208e-01 -4.6362747588e-01
1.4993427327e+00 -1.7261317090e-01 -8.5988625651e-01
3.0986783174e-01 -7.7327560368e-02 -3.3784973659e-01
-9.0221172412e-02 -6.2738762469e-02 -1.1751000858e-02
-7.8565895171e-02 -7.3251445255e-02 4.2905592896e-02
-7.1158924583e-02 -3.9073953926e-02 2.2650286310e-03
3.4585321576e-02 5.4141661087e-02 3.4205771159e-02
3.2147016706e-02 5.0313950303e-02 6.3406731148e-02
6.9027645651e-02 3.5396181646e-02 1.1695157699e-01
3.5917578640e-01 -1.8495788754e-02 3.6226674646e-01
9.4572106452e-01 -1.2023348605e-01 7.6762521179e-01
8.8390882502e-01 -1.6131221180e-01 6.5341596982e-01
4.0960806075e-01 -1.4979171493e-01 2.6174036272e-01
7.4880434040e-03 -1.3358821345e-01 5.3715468515e-02
-3.2300202526e-01 -8.6131124963e-02 2.1567534870e-02
-2.2117201762e-01 -7.9164211394e-02 1.4877891646e-01
3.6320921442e-01 -9.8720336060e-03 1.2825523867e-02
9.4686351008e-01 -8.8064077670e-02 -4.8278478045e-01
1.5455108794e-01 -4.6209440543e-02 -2.2628191064e-01
-2.6291174219e-02 -5.2819468608e-02 6.8615679833e-03
-2.8197255244e-02 -3.8379824510e-02 -2.6533841711e-03
2.2794301565e-02 5.8492373548e-02 1.7971711039e-02
4.7888700179e-02 5.3530236350e-02 8.1729435479e-02
2.2174140669e-01 2.1933698813e-02 2.6027763236e-01
5.9691633425e-01 -6.7434778231e-02 5.4432680787e-01
3.7125441136e-01 -9.8155246871e-02 3.3159451619e-01
9.4186835912e-02 -8.3468757411e-02 1.3043592810e-01
1.7393613855e-02 -8.4323379433e-02 5.7631226233e-02
2.6218343103e-02 -9.5920311600e-02 5.7836628903e-02
-2.3543183897e-02 -7.1233464762e-02 5.2097792921e-02
-7.0041486586e-03 -7.5100367271e-02 1.5583124740e-01
5.4516259678e-01 -1.8884732159e-01 2.8726572605e-01
9.9448808459e-01 -3.3472614664e-01 1.0027552705e-01
1.3186678320e-01 -8.5909580137e-02 -1.1839157749e-01
-1.1095019661e-02 -2.8925920567e-02 -2.4240114340e-02
-2.4078305445e-02 -3.0747775173e-02 -2.4291363440e-02
-2.2773526941e-02 8.6361918075e-02 3.1209235770e-02
8.6230164595e-02 5.9023351295e-02 1.7974944818e-01
2.2941752606e-01 4.9749415391e-02 3.5407555352e-01
1.0338625809e-01 -2.7647579632e-02 1.2911492334e-01
-1.5006856546e-01 -4.3641661742e-03 -1.1886334086e-01
-9.2478533882e-02 -2.4047747356e-02 -2.3522785083e-02
5.9475227665e-03 -8.5104424022e-02 5.2203455804e-02
7.9607099612e-02 -1.7350053485e-01 1.0586742568e-01
1.0413494407e-01 -1.3710138794e-01 8.5620070570e-02
8.8020833023e-02 -1.0935003765e-01 8.5809263667e-02
2.0227315121e-01 -1.7798430461e-01 1.5182619686e-01
1.9906366245e-01 -3.4938502090e-01 2.1770432285e-01
-7.9691585605e-02 -1.2751275530e-01 2.9311414577e-02
-1.9735115875e-02 -4.4738399754e-02 -2.4165956922e-02
-2.5829348362e-02 -4.8653607049e-02 -2.7620745361e-02
-1.1816997330e-02 5.3735013191e-02 9.6550566708e-02
9.3191339029e-02 2.6705742105e-02 2.3985724474e-01
-1.6937824689e-01 4.2531149357e-02 -5.3054674579e-02
-2.8566350022e-01 4.5769851108e-02 -2.0617994792e-01
-1.5883050216e-01 7.1650367956e-03 -9.6309421123e-02
-1.5531683520e-02 -4.9722287667e-02 3.4700598561e-02
4.3376433655e-02 -1.0731059228e-01 5.5577207480e-02
4.8396954075e-02 -1.7740481370e-01 8.9748200845e-02
8.3924805829e-02 -1.5871391346e-01 5.9897801449e-02
5.0902978020e-02 -8.6041306201e-02 5.7620814600e-02
2.5732507944e-02 -8.1904596900e-02 1.9999316369e-02
6.2757139664e-02 -1.0257217748e-01 2.4547630316e-02
1.6337239255e-01 1.8862936626e-01 -6.0096880099e-02
1.5640914567e-01 2.1101380313e-01 -4.2874207619e-02
-2.1905020642e-02 -7.9664273422e-03 -3.9135367049e-02
1.0907399141e-01 3.7112771908e-02 3.2981560873e-01
-7.0664485545e-02 8.7915428134e-02 -1.8654683543e-03
-5.2410414061e-01 1.1374559441e-01 -5.0241705720e-01
-2.5340478026e-01 -8.2871475168e-03 -1.4285643447e-01
-4.2944272581e-02 -7.9585728079e-02 6.3329108769e-02
1.4090734553e-02 -9.9673378996e-02 7.0398102457e-02
9.7588342904e-03 -1.1807424884e-01 6.8737757871e-02
5.8537362348e-02 -1.2512398285e-01 1.0165406413e-01
1.3694575848e-01 -6.3486605867e-02 9.0079328804e-02
8.2815147352e-02 -6.3470122682e-02 1.7273640946e-02
-1.5394880443e-03 -5.5675270249e-02 7.6027064548e-02
1.2607349629e-01 1.4518549094e-01 2.8110248448e-01
5.4656324553e-01 9.3841082361e-01 6.3519908736e-02
5.1135700049e-01 8.8943816064e-01 -2.1247387755e-01
3.3975327199e-02 1.3392826474e-01 -8.8158200454e-02
1.0296629477e-01 7.7990264961e-02 3.3371239151e-01
-2.6039231894e-01 1.8767930072e-01 -4.9316214505e-01
-3.6623298354e-01 7.4106734211e-02 -5.5397141630e-01
-3.4441567462e-02 -1.3182253798e-01 -4.3129888580e-02
2.6991769565e-02 -1.2523797861e-01 3.0986409408e-02
1.9903781233e-02 -7.6544396508e-02 1.4885184785e-02
1.7169460363e-01 1.2561992143e-02 9.0369659399e-02
6.9238515819e-01 3.0887447667e-01 2.2502784945e-01
8.0071053752e-01 5.0999821079e-01 2.0187332950e-02
3.6202995445e-01 2.6156658370e-01 -1.2792554030e-01
2.0825487078e-01 -1.6080890878e-02 1.6134280374e-02
1.5527506546e-02 -4.6959624357e-01 3.1435413091e-01
-9.9555931907e-02 -2.6443071137e-01 5.1759969326e-01
1.7478716042e-01 3.7867772620e-01 8.5728363059e-02
4.0842945631e-02 9.8428961356e-02 1.4395127773e-02
-2.5944542938e-01 1.1204427319e-01 5.7101194715e-01
-4.7674597250e-01 4.6691462865e-02 1.1346702259e-01
-1.0680060512e-01 -1.2501582422e-01 -1.5789589428e-01
7.8141299450e-02 -1.5764340827e-01 -1.7776605706e-02
-3.2127599852e-02 -5.4082438579e-02 1.8698359423e-02
2.7415263936e-02 3.2604628789e-02 7.1851835849e-02
5.9476195636e-01 2.3849493051e-01 3.1029097331e-01
1.2324313601e+00 6.6475461518e-01 4.4746126152e-01
6.7159580050e-01 6.1469621966e-01 5.8507678039e-02
2.2334562274e-01 2.4392107626e-01 -6.9685981204e-02
2.8614243204e-01 3.1956301928e-02 -2.2363843128e-01
5.5219863054e-01 -2.9039461244e-01 -4.1290101936e-02
1.0434201217e-01 -1.9685935331e-01 2.1443851561e-01
-8.2583267990e-02 1.3616956972e-01 1.7451278698e-01
2.3284071073e-03 3.5099914457e-02 1.3584901271e-01
-5.3676497415e-01 1.0383888206e-01 8.0541298507e-01
-7.3090431689e-01 -3.3576582374e-03 6.9759377043e-01
-4.5463773671e-01 -1.5587100034e-01 4.5930278000e-02
-5.4696146449e-01 -9.0550192178e-02 -5.8731372561e-02
-4.4497344611e-01 7.4055276967e-02 -4.0700915584e-02
-2.5947143374e-01 9.3270244017e-02 -4.4249779712e-02
7.8983733683e-02 8.1242618779e-02 7.5812962210e-02
1.4802698246e-01 8.6598411981e-02 8.6955851035e-02
-1.8999496878e-01 -1.2363624876e-02 -5.7072340663e-04
7.6576637848e-02 3.0448980131e-02 1.1993156903e-01
-4.3910372656e-01 -5.7625097150e-02 -5.5682558306e-01
1.4707784472e-01 -3.0308894595e-01 -9.3741069424e-02
-9.5651454635e-02 1.8207342522e-02 3.3679021444e-01
-4.1167634168e-01 1.5813037294e-01 -9.3821485542e-02
-4.6022413168e-02 -1.3218422127e-02 2.3927341271e-02
-8.5377951122e-02 -3.4990475669e-02 1.5058704234e-01
1.3308175954e-01 -9.2016511668e-03 1.2009316725e-01
-4.8161469057e-02 -3.7059960475e-02 -3.2622054989e-01
-4.4987594297e-01 -8.1914221535e-02 -3.3221218665e-01
-2.0427705962e-01 3.3158655543e-02 -9.5311309062e-02
3.3530446188e-02 7.2984696933e-02 -1.5067575596e-02
-1.3407876928e-01 3.8043408433e-02 2.1945507773e-02
-3.1935453639e-01 -4.5925847461e-02 9.1010774279e-03
-1.5299982837e-01 -1.9885032202e-02 5.7780642897e-02
1.8509828190e-01 9.0539108621e-02 1.2582365316e-01
-1.5683571941e-02 1.9481006425e-02 -2.0514713923e-01
6.0396065165e-01 -1.8783735073e-01 7.5513519058e-02
2.7940113046e-01 -1.1298579868e-01 1.4974618119e-01
-1.6636204828e-01 3.2728246698e-02 -8.9399314461e-02
-5.4956352572e-02 1.2759700130e-03 -5.7123849673e-02
-4.9007835668e-02 -4.1895259207e-02 3.6261383097e-02
-2.5766132137e-01 -6.5047887933e-02 2.4424756806e-01
-2.8930799979e-01 -6.0357468019e-01 -2.9173257194e-01
1.5675719638e-02 -7.9449721858e-01 -7.1377311369e-01
1.6860607490e-01 -2.6504009931e-01 -3.2274793660e-01
4.1425386506e-02 -8.5704263781e-03 -4.4508833825e-02
-1.0370263557e-01 3.4395045697e-02 5.3135360064e-02
-1.7558127440e-01 6.2171681067e-05 6.4172465961e-02
-1.4673020156e-01 1.0007241947e-02 5.0512689551e-02
-1.0615930650e-01 1.2991892469e-02 2.5627827838e-02
-1.3280397345e-01 4.5406844586e-02 -1.5237722822e-02
-1.0317144985e-01 6.8244067346e-02 -6.4020342474e-02
-6.1006667789e-02 1.0282158604e-01 -1.8212966727e-01
-4.6437909518e-02 4.2871627219e-02 -1.3442052084e-01
-3.0989246037e-02 -5.1320112254e-03 -5.1498999665e-02
-2.2769084944e-02 -1.0163423887e-02 -4.3659632802e-03
-2.6982703005e-01 -5.1857949205e-02 5.8946412409e-02
-4.6958969914e-01 -2.9297429199e-01 2.6997261176e-02
2.1614450496e-01 -8.3713854473e-01 -4.3967504784e-01
5.7715572975e-01 -9.1456143374e-01 -6.9244853874e-01
1.8051740757e-01 -3.2325510790e-01 -3.2253511387e-01
2.7316922033e-02 -9.2834333384e-02 -6.2270230158e-02
-1.0751270808e-01 -1.2886416170e-02 4.2550657015e-02
-1.1712964112e-01 -1.7155050391e-03 3.5010360902e-02
-1.1987876605e-01 7.2144239552e-03 -2.6708799982e-02
-6.7688828989e-02 4.4425165272e-02 -5.2259629511e-02
-1.0942976059e-01 1.2648948128e-02 -9.0580252478e-02
-1.8850424492e-02 5.2896084216e-03 -1.1383981929e-01
1.7961390551e-03 5.9552217966e-02 -9.5679698713e-02
-2.0820684731e-02 -2.3338590689e-03 -4.6214661647e-02
-4.8748752157e-02 1.7208341785e-02 1.8153709434e-02
-3.9952090040e-02 1.4917415514e-02 1.7932396250e-02
-1.4559026285e-01 2.5494839009e-02 -9.7853414153e-03
9.3721128016e-02 -2.5020429555e-01 -2.5017511985e-01
3.5558578481e-01 -5.5764658157e-01 -3.9188496523e-01
1.6287841804e-01 -4.8953954866e-01 -3.6237015435e-01
1.5695928908e-01 -3.7359736301e-01 -3.9001041778e-01
-1.3763642243e-02 -7.7219183648e-02 -1.0968541832e-02
-1.2258841359e-01 2.6746045410e-02 1.0006283632e-01
-1.2976536611e-01 4.3844724584e-02 3.2003915398e-02
-4.4577449114e-02 2.1164865782e-02 -8.4345530034e-03
-2.4986558456e-01 -3.4423852151e-01 2.2428853882e-01
-1.5144775870e-01 -4.3182977023e-01 1.7776363622e-01
4.6068946171e-02 4.1582635330e-04 -4.8930455758e-02
-1.6953062809e-02 7.7362966326e-05 -3.0746038878e-02
-6.5039834751e-02 1.4956428573e-02 2.3912656903e-02
-2.5777948323e-02 1.0146865139e-02 3.6143396363e-02
-6.7890541397e-02 3.9246428768e-02 3.2046887945e-02
-7.0157466494e-02 4.0020016793e-02 -7.2679699655e-03
-6.7908650232e-02 3.5415768094e-02 -5.0942879998e-02
-9.2911193003e-02 -8.1747456693e-02 -1.7103743163e-01
1.2837877123e-01 -1.6207017923e-01 -1.8984733599e-01
-1.1464062313e-02 3.4929959235e-02 1.5581701404e-01
-1.6474514019e-01 2.1875384310e-02 2.3074125608e-01
-1.3730932434e-01 1.5693049334e-02 3.6319443384e-02
4.9782033484e-02 -4.8431140456e-02 2.5939591390e-01
-3.7905612419e-01 -3.4868896269e-01 9.4786855229e-01
-5.8074600340e-01 -3.5982500410e-01 1.8086125445e-01
3.3491974774e-02 -6.0128726558e-04 -1.4514953592e-01
-1.2124324631e-02 -1.2668593873e-02 -2.6002874698e-02
-6.7953787069e-02 9.4509935894e-03 3.4974478550e-02
-4.0836972706e-02 3.5216927762e-03 4.6362055722e-02
-8.1865083403e-02 1.4156661895e-02 6.9060223722e-02
-7.4954736896e-02 2.6406953112e-02 7.1402842122e-02
-9.6228693970e-02 6.4015299042e-02 2.8041886326e-02
-1.2551890020e-01 1.0137498904e-01 6.2959263028e-02
1.7232831627e-02 2.8601241023e-01 4.0288762497e-01
-4.5346005018e-01 3.9861136152e-01 8.4053707830e-01
-4.1278649641e-02 8.7697054081e-02 3.7442175550e-01
6.6752440614e-01 -8.8151954283e-02 -4.3517530542e-02
4.3150392536e-01 -3.6653192112e-02 1.7208120272e-01
-3.8917484819e-01 -1.3306478769e-01 9.6196140800e-02
-8.7911682779e-01 -3.4339410365e-02 -5.2020024828e-01
-1.0058081159e-01 1.0726154662e-02 -2.0704350930e-01
-4.3874655126e-02 6.6152529956e-04 -1.7097283390e-02
-4.7471285934e-02 -2.3163733455e-02 4.3601394253e-02
-1.5564953016e-02 -4.2937336081e-02 3.0256247550e-02
-4.7091313270e-02 -3.5239705794e-02 5.4762164506e-02
-5.3165471685e-02 -3.8453966463e-02 3.2101081551e-02
-6.0887637724e-02 -1.8310987401e-02 2.9193246109e-02
-5.4890902327e-02 -8.5749783789e-03 2.2216932265e-02
-2.2793218339e-01 1.1343518875e-01 3.0506452362e-01
-8.1603949892e-01 2.9252197804e-01 9.8279806472e-01
-1.6299629598e+00 2.6834325576e-01 1.0054881540e+00
-2.0521768172e+00 2.5623926233e-01 1.7388616525e-02
-1.7144746797e+00 1.9932440333e-01 -7.9384556311e-01
-7.7253166564e-01 2.2831586150e-02 -7.0054874953e-01
-4.8230013972e-01 1.4181338909e-02 -4.8687093946e-01
-5.9453162125e-02 -8.8454654279e-03 -8.0232474731e-02
-3.7690986147e-02 -2.9556663130e-02 -5.2293612416e-03
1.4367186717e-02 4.4654686791e-02 6.5257591757e-02
2.0142021392e-02 7.8828944532e-02 8.7569911018e-02
6.8715456580e-03 7.2946414996e-02 1.0206815188e-01
5.2993360607e-02 3.9961069552e-02 1.0171325852e-01
2.3466886996e-01 -6.0768424041e-02 1.8639973467e-01
6.2296577441e-01 -2.7516764547e-01 3.7355601126e-01
1.1382483649e+00 -5.6557621951e-01 4.8590445513e-01
1.3309332887e+00 -7.6608625513e-01 4.0379109622e-01
1.3975369910e+00 -7.6023047886e-01 1.5040106685e-01
1.6488073389e+00 -6.9368097746e-01 -2.1753695225e-01
1.6620208677e+00 -4.8445028477e-01 -7.7338167063e-01
5.5840434166e-01 -2.1135246569e-01 -5.3444041068e-01
-6.7824733434e-02 -1.0071027616e-01 -6.8191347384e-02
-8.7474529257e-02 -9.8825894294e-02 1.8948221944e-02
-6.6667813979e-02 -8.1242382470e-02 -5.0310490996e-03
2.4281977440e-02 5.3993558438e-02 4.9553783440e-02
2.4512071468e-02 5.6078449572e-02 6.5609350944e-02
2.9530672272e-02 3.6660592039e-02 9.5422962679e-02
2.3249213271e-01 -5.3268888922e-02 2.2616242271e-01
7.5249536502e-01 -2.7801574548e-01 5.6377333930e-01
8.2033198499e-01 -4.1168494657e-01 5.4706724983e-01
5.3581357260e-01 -4.0454267881e-01 3.0042945211e-01
3.1762563234e-01 -3.5942252005e-01 1.3458477065e-01
9.1422660388e-02 -1.7871802163e-01 6.2708180374e-02
1.3398807801e-01 -1.0850533950e-01 1.1282512437e-01
6.5024066320e-01 -1.6468781900e-01 -3.4366265176e-01
1.1298982665e+00 -4.2644060965e-01 -1.0468058239e+00
2.1736217579e-01 -1.7389273004e-01 -3.7598280913e-01
-3.8347707652e-02 -9.7561984881e-02 -1.4274821421e-02
-4.0790301971e-02 -8.6691307614e-02 2.1209702030e-03
6.2766663515e-03 5.7023880261e-02 3.8858088877e-02
1.1067453257e-02 5.8622014029e-02 7.0777260396e-02
1.4568363099e-01 -2.8043305379e-02 1.9741303475e-01
5.1247993552e-01 -1.8018183628e-01 4.4113425967e-01
4.3550456598e-01 -2.1572385981e-01 3.4954357661e-01
-6.8047598912e-02 -9.6991177408e-02 4.7107014851e-02
-1.2225560168e-01 -9.3571419261e-02 2.6378802570e-02
-2.3678411071e-02 -1.3042638693e-01 7.2320539281e-02
3.2203733903e-02 -7.4022555301e-02 5.4676876456e-02
-1.1625154961e-02 -6.9074253683e-02 1.9323897590e-01
2.8486701399e-01 -3.0932246206e-01 1.8526072698e-01
1.0419056167e+00 -8.0734299936e-01 -5.0524873238e-01
4.3343783874e-01 -3.3915523442e-01 -5.6924025866e-01
4.5284541339e-02 -5.7425437554e-02 -1.2686042565e-01
-3.3259274205e-02 -6.7702316864e-02 -3.7836073085e-02
-1.1470742265e-02 6.7286044298e-02 3.6411498750e-02
7.1489880231e-02 2.3997225822e-02 1.4417005054e-01
2.7861372588e-01 -8.6028931264e-02 3.5269966268e-01
5.9365460949e-02 -7.7151751374e-02 1.0279555577e-01
-3.9942821452e-01 1.3728374931e-01 -2.8710847520e-01
-3.7665424535e-01 1.0649490220e-01 -2.0215465809e-01
-7.8480045824e-02 -7.3397610972e-02 -1.1235152157e-03
2.9010077811e-04 -1.4525220995e-01 5.0055989030e-02
3.7564405279e-02 -1.2651135377e-01 4.1327440317e-02
7.5271132152e-02 -2.0536271622e-01 8.1569050458e-02
1.2568428278e-01 -4.4726153153e-01 1.3237318222e-01
3.8544987858e-01 -9.6479792507e-01 -4.5372245733e-02
4.6875981719e-01 -4.8923988016e-01 -4.2100153620e-01
2.5068737692e-01 -1.7327670325e-02 -2.3150432598e-01
-1.8328939400e-02 -6.3074789748e-02 -5.9526639152e-02
5.4432146675e-03 2.9514546676e-02 9.6521836814e-02
1.2870339914e-01 -2.4961141777e-02 2.5007005053e-01
-7.5905990208e-02 3.4121628308e-02 8.0249291106e-03
-6.1129819800e-01 2.5492849435e-01 -4.7968607885e-01
-5.4439203370e-01 2.8877968944e-01 -4.1823504459e-01
-1.7626221926e-01 5.3765000920e-02 -9.2075867986e-02
2.2318306984e-02 -8.8596294470e-02 3.5355038929e-02
5.4240766616e-02 -1.0469411199e-01 5.9189410061e-02
9.4165225739e-02 8.1644952924e-04 4.1268411544e-02
7.8479784735e-02 6.3840028773e-02 5.4422586300e-02
-1.4700556876e-02 -1.9147452159e-01 -1.2812551519e-02
-2.7286355005e-02 -6.7767278805e-01 -1.8881756837e-01
8.3237102037e-02 -3.0356667971e-01 -1.3108704920e-01
1.9851216982e-01 1.6494777024e-01 1.3225591858e-01
-3.0082019826e-02 -1.7582937165e-02 4.2443664902e-04
6.0474926496e-02 -2.6344525605e-02 2.0603974493e-01
-1.0276794517e-01 6.3540943233e-02 -6.1750867215e-02
-6.2650790715e-01 2.7147429602e-01 -6.5136255462e-01
-6.1897757055e-01 2.5892586844e-01 -5.1647436743e-01
-2.1195043305e-01 5.2470270604e-02 -1.0634344645e-01
-2.0758867459e-02 -7.3630417275e-02 4.7526655016e-02
6.8161749445e-02 -2.4588115626e-02 9.1895810388e-02
2.5960635552e-01 9.3444518965e-02 2.1646455359e-01
5.0068559857e-01 3.8341592649e-01 1.4764854300e-01
3.4491661252e-01 4.2324238831e-01 -1.5031814458e-02
-1.1891073977e-02 -8.5038330280e-02 2.7288116837e-02
-1.4282744244e-01 -4.0354261017e-01 6.8494770295e-02
-2.2638776808e-01 -3.1699215267e-01 4.8707281089e-01
-3.2574028144e-02 1.8222692668e-01 4.5135109341e-01
-3.7941671689e-02 5.3589969118e-02 1.7448669297e-02
6.5719029499e-02 -3.1433456181e-02 1.4601127492e-01
-3.4452351608e-01 1.6305320642e-01 -5.5884168924e-01
-5.5432454653e-01 1.8504587314e-01 -6.9150028353e-01
-1.6379011586e-01 1.9466690909e-02 -1.6224192124e-01
3.7105582096e-02 -8.0562366474e-02 2.6519996299e-02
1.7649600364e-01 2.3688331631e-02 9.3723011385e-02
5.5806911604e-01 2.6055570746e-01 3.5566502345e-01
1.1977420933e+00 5.8818616317e-01 5.2329758583e-01
1.4053414080e+00 9.2974093623e-01 1.7769285045e-01
7.9444495382e-01 7.0824459928e-01 -1.4288990130e-01
2.7515212399e-01 7.1731329155e-02 -4.9881927218e-03
4.5533118721e-01 -1.3607150411e-01 -9.2813256384e-04
-9.9780657106e-02 -9.7286100749e-01 4.4701043606e-01
-2.8107146858e-01 -6.1994240817e-01 3.2827834369e-01
-4.1544084573e-02 -6.6614124477e-02 1.7549568833e-02
-1.1090849614e-01 -7.7678136308e-02 3.2910591121e-01
-4.5668866992e-01 -2.9129769499e-01 1.2063481038e-01
-3.1622797545e-01 -1.9729518036e-01 6.7415095230e-03
1.1724706174e-01 1.1894701567e-02 -2.4718624938e-03
3.8545623252e-01 8.0392596196e-02 9.2141581148e-02
8.3124008349e-01 3.1136721213e-01 3.5859849736e-01
1.0583473181e+00 4.3134895216e-01 6.2205205562e-01
1.0705303157e+00 4.5252829622e-01 5.3418825118e-01
7.8885999195e-01 4.4156940799e-01 1.0576571188e-01
3.4211551798e-01 2.3942056872e-01 -1.6980389183e-01
-3.1994191333e-02 7.3616523897e-02 -5.1839246077e-01
8.2757037159e-01 1.9659963048e-01 -6.9963196978e-01
1.3090711291e+00 -4.3498292101e-01 -6.1316742483e-01
2.3870568599e-01 -4.4264935334e-01 -1.1834391353e-01
-1.5603715116e-02 -4.4334360411e-02 5.3344079897e-02
-2.1566164210e-01 -1.0459177824e-01 4.3215204476e-01
-4.3405963021e-01 -4.6303475317e-01 5.2486936412e-01
-4.6909619843e-01 -2.8422890134e-01 1.9298078157e-01
-3.0231478442e-01 4.9868533162e-02 -3.5487205902e-02
2.4786631923e-01 1.6720726275e-01 9.8657931108e-02
5.7350756520e-01 2.1506786913e-01 1.9859492000e-01
4.0940604819e-01 1.6562424226e-01 1.8015912727e-01
1.3728823524e-01 4.2793324750e-02 5.3695334914e-02
-5.9607228962e-02 -2.3410497726e-02 -3.2759949410e-02
4.3723066082e-02 -3.8127369023e-02 1.9210582170e-03
-2.3167579068e-01 2.6448257380e-02 -5.5860026042e-01
2.6124456713e-01 -2.4115546282e-01 -2.6478795287e-01
2.1364428773e-01 -7.4277878857e-01 1.3401753316e-02
-2.7505800588e-01 -2.5746584532e-01 -2.7501099745e-01
-5.7547099984e-02 -4.3234038926e-02 -1.9484822778e-02
-6.8013756644e-03 -9.2768156716e-02 2.8637747997e-01
2.9451553119e-01 -3.3985270868e-01 5.8946206353e-01
2.5138993939e-01 -2.3514004908e-01 -3.0461977953e-01
-1.3528395085e-01 -1.1292605636e-02 -2.5228017949e-01
4.6444493559e-02 6.2306914498e-02 3.4180694689e-02
7.2346071827e-02 5.9995766935e-02 1.4746023124e-02
4.6754511012e-02 9.0623362498e-02 2.4917503963e-02
-1.1516358610e-01 3.9878083878e-02 2.9209436457e-02
-1.5756359287e-01 -6.4615397644e-03 4.1241956828e-02
3.2790523271e-02 5.4115524280e-02 6.7189867775e-02
1.8287402957e-01 1.2658843365e-01 -2.3177609644e-01
8.3341292083e-01 -4.0726897408e-01 -1.2119478322e-01
5.1531246570e-01 -7.4671113039e-01 2.3711182500e-02
-1.7532953530e-01 -9.6610762080e-02 -1.7388215407e-01
-6.5454977727e-02 -7.8371522998e-03 -9.4220625144e-02
-5.5882725516e-02 -3.1452156816e-02 1.7986446323e-01
-2.8706105737e-01 -9.5584415724e-02 6.1247938483e-01
-4.6502792791e-01 -3.4008064679e-01 1.1117027843e-01
-8.8297939916e-02 -2.2155459689e-01 -2.2246533912e-01
5.1886438487e-02 6.9935053119e-03 -6.6503084380e-02
-4.6354498438e-02 2.0306202389e-02 1.6119765476e-02
-8.3082877557e-02 4.1766587263e-02 3.8738207137e-02
-1.3050388675e-01 1.8405041668e-03 5.4309597834e-02
-1.4244193687e-01 8.1852277529e-03 4.6188983227e-02
-1.3366721486e-01 7.1427570753e-03 1.1314416442e-02
-1.4303096374e-01 7.2429598049e-02 -4.0782664077e-02
-3.7064032145e-02 -1.7588523772e-01 -2.1092140259e-01
5.8585715176e-02 -2.9446694870e-01 -4.8060451277e-01
-4.5581241782e-02 2.4156507870e-02 -3.9587275611e-01
-3.5026366689e-02 -2.4886188129e-02 -9.9990877321e-02
-2.0334193305e-02 -2.1779538538e-03 3.8306759857e-02
-3.8608176401e-01 -4.1963124023e-02 1.7449909945e-01
-9.5746545843e-01 -3.3058102117e-01 5.9949879680e-01
-2.9572589677e-01 -4.4326912331e-01 1.2637248081e-01
-3.3043635081e-02 -3.1080941307e-01 -1.9513747737e-01
-6.0325827239e-02 -5.5385948653e-02 -4.3941855682e-02
-6.9399770176e-02 6.1014743531e-03 3.8945677671e-02
-1.1919742197e-01 -4.0485909768e-03 5.5782899129e-02
-9.2246753621e-02 -1.4809195752e-02 4.5440847534e-02
-1.0837578813e-01 7.8801152706e-03 -1.8545549324e-02
-8.3590634571e-02 4.9011951571e-02 -4.5831343529e-02
-1.7706182891e-01 -3.6350976718e-01 5.2425858767e-02
-8.2547830275e-02 -5.8895391912e-01 1.7158472863e-01
1.6727035470e-02 -5.8481930194e-02 -9.1070832014e-02
-1.7197979001e-02 -2.7180034805e-02 -7.4017496939e-02
-2.8013716163e-02 8.7846921981e-03 3.4484314612e-02
-6.3070180832e-02 5.3347443769e-03 5.7485783002e-02
-3.1136468019e-01 -2.8749361116e-02 2.4630606973e-01
-3.4488047377e-01 -1.8786328967e-01 1.5903355990e-01
-3.5216101025e-01 -2.6387731618e-01 4.5821920242e-02
-2.3926845089e-01 -1.3625270188e-01 -1.1071735831e-01
-9.1585189580e-02 -4.1139901837e-02 -6.3773057296e-03
-1.0066578680e-01 -1.0855926531e-02 6.9308965972e-02
-1.2763145716e-01 1.5627885269e-02 8.3578978172e-02
-1.3162828368e-01 2.7589779596e-02 3.7792198421e-02
-9.7156847349e-02 -3.0811346828e-02 -9.2272982980e-05
-2.9936965438e-01 -8.4121618552e-01 5.4768082620e-01
-2.5011822680e-01 -1.2700163186e+00 7.4495890058e-01
7.3937405914e-02 -2.6189192159e-01 8.2024075405e-02
-1.4089358157e-02 -2.1892406878e-02 -4.8132544184e-02
-4.2986519085e-02 1.4101686531e-02 3.5852204193e-02
-1.1396316600e-02 8.8774009024e-03 2.7027189957e-02
-5.0413568574e-02 3.0874371386e-02 4.3589342149e-02
-1.7474827387e-01 4.6186756637e-02 4.5522021643e-02
-3.2883485366e-01 5.2540552993e-02 3.8065387793e-02
-4.5568265838e-01 -4.3773440978e-02 2.0649064295e-01
-2.0957681416e-01 -6.8105114665e-02 2.3270189362e-01
-1.2613889735e-01 -2.9356826154e-02 1.1791228306e-01
-1.4818305163e-01 -3.4685860410e-02 1.2084594065e-01
-1.2823988482e-01 -3.6218034451e-02 4.0254234154e-02
7.9480454710e-03 -9.6562476411e-02 1.3723537947e-01
-3.2874469424e-01 -4.9899439468e-01 3.7097042099e-01
-6.8763406128e-01 -7.1197637743e-01 -4.8914732313e-01
-7.2848597527e-03 -1.6141195911e-01 -3.9760423457e-01
-6.1212316008e-03 -3.2902574660e-02 -4.9015908064e-02
-4.1596397265e-02 6.2686219601e-03 4.4209035358e-02
-2.6957426747e-02 1.3039624892e-02 3.6253022615e-02
-5.7963860693e-02 1.7199128452e-02 6.0273458319e-02
-6.7121198893e-02 3.0936927618e-02 4.7417049922e-02
-1.3894073744e-01 5.9866594899e-02 4.8521902825e-02
-3.1840439461e-01 3.6269357412e-02 3.5469975643e-01
-5.0177544766e-01 9.6040705379e-02 6.3737287140e-01
-7.8654183495e-01 1.6245659447e-03 5.8502339240e-01
-2.0971555529e-02 -8.5542998550e-02 2.5436899970e-01
6.0776543511e-01 -2.2299933967e-02 8.7878151008e-02
1.9647859618e-01 -3.0305704343e-02 1.0976383125e-01
-3.8393046706e-01 -2.1949303983e-01 -2.7783268151e-01
-8.0874266295e-01 -1.8704427291e-01 -1.0670363448e+00
-1.6165513882e-01 -3.4660183277e-02 -4.0729857371e-01
-3.6827890747e-02 -2.2346140919e-02 -3.0699473902e-02
-3.6138932642e-02 -2.1972593072e-02 4.1547510271e-02
-1.1221103019e-02 -3.4926507790e-02 8.7844051485e-03
-4.3117652034e-02 -3.8428281789e-02 4.8864941602e-02
-6.8308113848e-02 -4.3690985799e-02 2.8755229418e-02
-6.2752880289e-02 -3.5297790819e-02 3.0220334476e-02
-1.0239038119e-01 -2.1416364490e-02 3.9377090637e-02
-4.7613946469e-01 3.8667991226e-02 3.8454602745e-01
-1.2848059730e+00 -1.5258015869e-01 9.2966880989e-01
-1.6939862417e+00 -4.7694443172e-01 8.0714889573e-01
-1.7666700097e+00 -5.5416768051e-01 1.9895330285e-02
-1.5308863683e+00 -3.9362040684e-01 -6.3408942189e-01
-8.6046403734e-01 -2.7631408184e-01 -6.9234022456e-01
-3.9867501585e-01 -7.7781720018e-02 -4.4061557396e-01
-5.1182581071e-02 -3.2718113344e-02 -1.0476771201e-01
-1.7931150359e-02 -5.8731817133e-02 -7.7113009578e-03
6.9715732701e-03 3.3489144964e-02 4.3988237616e-02
4.6453656987e-04 6.6563909298e-02 7.1585905020e-02
-7.0676319012e-03 5.2226606628e-02 7.2489142236e-02
9.8989394178e-03 3.8173036006e-02 5.9517532022e-02
6.7938501812e-02 -2.0458330289e-02 6.2074728874e-02
1.5388306417e-01 -1.0881386720e-01 1.0356034108e-01
3.9773036787e-01 -2.9995711853e-01 1.6603777348e-01
4.9770848980e-01 -4.8480248067e-01 1.7521547947e-01
6.7585874870e-01 -5.6164993273e-01 1.4467729713e-01
1.0724663153e+00 -6.9522503083e-01 -2.6930005353e-02
1.4352142954e+00 -7.6363958906e-01 -6.1819205783e-01
5.7697840476e-01 -3.3420323598e-01 -6.0641787134e-01
-7.7842393062e-02 -8.6644953733e-02 -1.1310043478e-01
-9.6830957583e-02 -6.2057723332e-02 -1.8232692983e-02
-8.6024806445e-02 -5.9589871049e-02 -3.3605124971e-02
8.0988292980e-03 3.7384532734e-02 3.4086056608e-02
-3.5162240661e-03 4.5598519227e-02 5.4388424536e-02
4.5048243828e-03 1.3788203717e-02 6.3456974828e-02
9.2051343958e-02 -4.9524636558e-02 1.0580713372e-01
3.2265537660e-01 -2.1718017390e-01 2.3978104113e-01
4.8500350627e-01 -3.6555245858e-01 2.9292801949e-01
5.0997819963e-01 -4.9019558568e-01 2.5064250428e-01
4.0726476010e-01 -5.5399776185e-01 2.0252825985e-01
3.5773691795e-01 -4.7100337283e-01 1.7221120262e-01
6.0708092743e-01 -5.5926742682e-01 1.0610783838e-01
1.3640966876e+00 -9.7988690484e-01 -8.3263413665e-01
1.3275427600e+00 -9.4382454079e-01 -1.5297373120e+00
2.1042765161e-01 -2.2511507804e-01 -4.4286802939e-01
-2.1260225814e-02 -5.9116222295e-02 -5.7320123626e-02
-5.0343072377e-02 -6.2520792949e-02 -3.1002117721e-02
-1.0512312099e-03 4.1414500160e-02 1.9608636049e-02
-5.8518546527e-03 4.9044089604e-02 5.3403843443e-02
6.2564585923e-02 -4.9257615157e-02 1.0587045145e-01
3.4821630557e-01 -2.1959543611e-01 2.8690364422e-01
4.9992427555e-01 -3.5199620968e-01 3.3174576597e-01
2.2048806762e-01 -2.1415351586e-01 1.5544946250e-01
7.3613168767e-02 -1.6521707880e-01 7.8097491049e-02
-1.2378182804e-01 -9.9151345903e-02 7.8988076456e-02
-3.8631811667e-02 -1.5628482833e-01 5.5766143605e-02
7.0824331211e-02 -3.2483844864e-01 1.1650858233e-01
2.7128398577e-01 -5.4297648519e-01 -1.6067825741e-01
9.3480345095e-01 -9.8430309099e-01 -1.1177140878e+00
8.3398771270e-01 -5.4187307845e-01 -9.6026965075e-01
2.1244653383e-01 -7.8490931737e-02 -2.7101537870e-01
-4.0724403901e-02 -5.3413336703e-02 -7.3683620366e-02
-3.8874249263e-03 4.6688706424e-02 2.1354115943e-02
3.2971752438e-02 3.4486230019e-02 8.5233559767e-02
2.2069395889e-01 -1.3140632643e-01 2.3584106482e-01
2.8029707635e-01 -2.2473764878e-01 2.5973766506e-01
-7.1801754391e-02 -9.4303609331e-03 -5.5217297566e-02
-2.5239074543e-01 1.7632434565e-01 -1.4585259895e-01
-6.4060359705e-02 6.7886076518e-02 -2.5414058421e-02
-9.6450372627e-02 6.9311443042e-02 8.0059992872e-02
-6.0028960448e-03 -1.7202167851e-02 1.4044095042e-02
4.8212818241e-02 -2.8281022778e-01 8.0898967510e-02
-6.2282912970e-02 -4.1249861109e-01 1.9349323477e-01
4.9187136797e-01 -8.1718037423e-01 -3.4824196262e-01
1.8165687657e+00 -8.4986454975e-01 -1.3210282246e+00
1.0742412879e+00 -2.0936993431e-01 -8.3637533637e-01
3.0198010121e-02 -6.7514644463e-02 -1.5594089487e-01
5.1653676430e-05 1.0811532441e-02 5.3090353519e-02
5.4995091082e-02 7.1901296292e-03 1.0477711785e-01
4.3290626150e-02 -2.0886472019e-02 5.4542528664e-02
-2.9794182029e-01 1.5822619770e-01 -2.2661389095e-01
-5.4249234756e-01 4.5787714023e-01 -4.4019160787e-01
-3.9558172209e-01 4.5992277790e-01 -2.3706306454e-01
-5.5696595023e-02 3.4197093765e-01 2.5273884635e-02
1.5593883581e-01 5.1917375462e-01 2.7456837964e-01
2.6975512479e-01 6.3592148222e-01 2.7455346139e-01
1.4908306640e-01 4.5922754174e-01 2.2326362297e-01
-6.4486391347e-02 -1.7680170790e-01 2.6141660886e-01
4.4479674644e-02 -5.5946297354e-01 4.4619762606e-02
6.1097095063e-01 -3.0417087798e-01 -4.8986900479e-01
6.7639902166e-01 -9.8752260687e-02 -4.8909997622e-01
-5.9325164569e-03 -6.2737251641e-02 -1.3000587483e-01
1.0828456325e-02 -8.0425890104e-03 1.0302867755e-01
-5.2438835493e-02 9.2365989709e-02 -4.6229397633e-02
-3.5864495738e-01 2.4626710788e-01 -3.6937055928e-01
-5.4614683712e-01 4.6614019460e-01 -4.8251796115e-01
-3.9094216359e-01 5.7065074049e-01 -3.5298162207e-01
-7.4322191487e-02 4.4000531403e-01 -1.6258373910e-02
4.0202229319e-01 7.5670549746e-01 4.2428474983e-01
6.4985288450e-01 1.1778571341e+00 7.1391342223e-01
6.1315883639e-01 9.4260005149e-01 4.3045794284e-01
4.3660452945e-01 6.4946354133e-01 2.1743748457e-01
6.9584201141e-02 -4.3072744682e-01 3.5634889799e-01
5.6853882108e-02 -5.5778024698e-01 1.5161668348e-01
-1.2677666680e-01 -1.6381937275e-02 9.1265642345e-02
-1.1772840459e-01 4.5585627571e-02 1.2430065157e-01
-8.9343950808e-02 -3.1160132258e-02 -2.7814263154e-02
4.0748010947e-02 5.3133594072e-03 4.0939214242e-02
-1.0099861234e-01 8.3435455792e-02 -1.6942597437e-01
-2.2526264610e-01 1.1313003295e-01 -2.5949763114e-01
-1.1508861231e-01 4.2964866329e-01 -2.2531894424e-01
5.0000550480e-02 3.9234699809e-01 -9.1848382963e-02
4.0870083610e-01 5.0115322648e-01 2.5368547059e-01
9.7889932919e-01 1.1053695008e+00 7.2167430014e-01
7.7893692536e-01 8.3297802321e-01 6.0471538685e-01
4.8212123650e-01 3.8263301443e-01 1.3583355283e-01
3.4210165761e-01 3.3270622652e-01 1.9566891804e-03
3.0309485802e-02 -1.9784423809e-01 1.4011038328e-02
6.6486316338e-01 2.8126164493e-01 -8.1343009551e-01
5.5972319479e-01 3.1934142175e-01 -9.4464265376e-01
-3.2308744379e-02 -1.1417811662e-01 -1.3775938120e-01
-5.3980150588e-02 -6.7362905994e-02 -3.3734913563e-02
7.0583645302e-02 1.6788930663e-02 9.4813098359e-03
3.4229300446e-02 -9.2680989979e-02 1.5471641152e-02
1.9677929130e-01 -6.4741893135e-02 1.0558291853e-01
3.7125400542e-01 3.1264016892e-01 -7.7162696842e-02
3.9978819653e-01 1.5605254692e-01 7.5077603095e-02
8.1083304493e-01 4.9505711337e-01 3.7777154238e-01
7.5354685214e-01 5.3077298541e-01 4.6898889536e-01
3.8513910574e-01 1.9147379473e-01 2.2105188964e-01
3.1708104605e-01 1.4570816085e-01 6.1549248044e-02
8.4996699015e-02 2.6826084423e-02 -1.9459303402e-01
-8.3333553393e-02 -2.4217358700e-02 -9.6710152290e-01
4.7809140561e-01 1.8042093256e-01 -1.6831766979e+00
1.1272958939e+00 -2.2776708585e-01 -2.2893882562e+00
2.7769243084e-01 -2.0765764859e-01 -6.2488954133e-01
-5.0971985154e-02 -4.5388031055e-02 -4.0844296859e-02
1.7792327180e-02 2.0740048967e-02 1.8634313036e-02
4.5087080913e-02 -1.1377350293e-01 3.1808903040e-02
1.8130961775e-01 -1.1956608703e-01 5.2749454373e-02
2.0496724450e-01 4.5470043054e-02 -5.7009362219e-02
1.6525648634e-01 -9.4808134132e-03 5.4933911561e-02
2.7682117195e-01 1.0322486324e-01 7.5672113666e-02
1.2074461646e-01 3.4354652608e-02 3.9317474828e-02
2.0271280160e-01 1.3839743171e-01 1.7565458856e-02
1.6521124507e-01 1.4547413188e-01 9.3856556759e-03
-8.7704092095e-02 -7.4734293616e-02 -1.9638649892e-01
1.5686524027e-01 4.0618310839e-03 -1.0160393507e+00
6.3299107926e-01 -3.0705376384e-01 -8.8314051763e-01
3.2685464520e-01 -1.1495772056e+00 -5.0098986774e-01
-5.5774768027e-02 -3.5212738673e-01 -2.4203438292e-01
-7.7786379967e-02 -3.7151279959e-02 -4.1479567905e-02
-3.2162292859e-02 -5.3153108005e-02 1.4370799055e-01
-8.3979374122e-02 -2.0011099170e-01 3.5988373366e-01
-4.1079739937e-01 -2.4299108306e-01 -3.3623039972e-01
-4.6163255284e-01 -1.9726198898e-01 -2.3430847589e-01
-2.4934264884e-01 -7.8185374246e-02 -4.6592043649e-02
-2.1095468829e-01 -5.4311218796e-02 -2.7897600701e-02
-9.2071842325e-02 -2.4896255185e-02 -1.0852624853e-03
5.6515707966e-03 1.8753147169e-02 3.8677331176e-02
-5.6364264542e-02 -3.8767431308e-02 4.1826917053e-02
-1.3063834762e-01 -4.9500788566e-02 4.0202108468e-03
1.7920618021e-01 3.0364668051e-02 -2.5108147733e-01
7.3129663973e-01 -5.8391477559e-01 2.2068423042e-01
3.5004824773e-01 -1.0795556558e+00 1.0675446030e+00
-1.9649013565e-01 -1.2273525358e-01 2.9321103708e-01
-9.0772367406e-02 2.0725722817e-02 -1.1296829580e-01
-3.2283964446e-02 -3.0494503146e-02 7.1377769017e-02
-2.7463717403e-01 -1.9235065054e-01 1.4897567021e-01
-7.0113551507e-01 -5.7651218446e-01 3.1611545042e-02
-3.0352985499e-01 -2.3277241216e-01 -1.1964660398e-01
-4.1680953334e-02 4.7962807081e-02 -1.4981421545e-01
-1.0237170885e-01 1.2891960850e-02 -3.7576093410e-03
-9.1263064270e-02 3.1321099846e-03 2.6260531222e-02
-1.0897324134e-01 -2.1112734873e-02 3.6943048319e-02
-1.0647925924e-01 -4.9848132570e-02 3.8389931221e-02
-1.4815799290e-01 -4.6916477592e-02 2.4421115829e-02
-1.6123304986e-01 -1.3542627423e-02 3.6308921923e-02
-1.4607853071e-02 -5.2360077616e-01 3.2109907451e-01
8.0742170277e-02 -6.3734661906e-01 5.6040037037e-01
-4.1532914567e-02 6.8742554498e-02 4.7382726733e-03
-5.1973440522e-02 2.1108993710e-02 -1.2558786177e-01
-3.9479410790e-03 -1.5686228570e-02 1.2849168939e-02
-2.2093221393e-01 -1.3386680121e-01 8.9971541953e-02
-8.0810856921e-01 -5.9785575230e-01 5.2384007240e-01
-4.0241784854e-01 -4.1572000484e-01 1.1560468496e-01
-2.4359328205e-01 -1.8924342225e-01 -6.7406372614e-02
-1.2554907350e-01 -2.2228165003e-02 -5.3219679320e-02
-6.5028825853e-02 2.3295239662e-03 -1.3497691640e-02
-1.0868676631e-01 -2.5892830440e-02 1.1848151753e-02
-1.0273681190e-01 -6.0173315577e-02 1.2157582472e-02
-1.2262766304e-01 -5.2673707097e-02 -2.0126101092e-02
-1.1289610806e-01 -4.4841671446e-02 -2.6285364129e-02
2.6461091827e-02 -4.7536540317e-01 4.0208834463e-01
2.6326370450e-01 -6.3690829779e-01 9.0219520250e-01
1.3582918903e-01 -1.7414839337e-02 1.8888157472e-01
-2.9165418402e-02 -2.6353685672e-03 -1.0023040787e-01
-2.0120883418e-02 -5.4148357839e-03 1.9000350465e-02
-3.6758312302e-02 -1.6650016898e-02 3.7158051979e-02
-2.4669451385e-01 -1.4600985036e-01 1.8613089605e-01
-4.4067605367e-01 -3.5561361635e-01 2.4640259086e-01
-5.6511664004e-01 -5.1558433857e-01 2.6811743226e-01
-2.7950752605e-01 -2.0171727105e-01 4.0450832565e-02
-7.3112467391e-02 -5.3387724277e-02 1.3623342642e-02
-6.5909278804e-02 -3.5497374457e-02 8.4757697174e-02
-9.1572439440e-02 -3.4338243510e-02 8.0820595622e-02
-1.3185994225e-01 -7.7353952923e-02 6.1079177271e-02
-1.0335956423e-01 -9.3280761496e-02 -3.4517178035e-02
-9.5637122821e-02 -6.1516826863e-01 2.0755393415e-01
6.8040328570e-02 -8.4903654756e-01 2.8743443064e-01
1.4412633564e-01 -1.8010803245e-01 -1.7883387853e-01
-2.6427057617e-02 -1.4062735640e-02 -8.1871175389e-02
-3.5689495053e-02 -6.7172506654e-03 1.2650919410e-02
-7.0098385692e-03 -1.0992172282e-02 5.4296707861e-03
-3.4309597683e-02 -1.3790246733e-02 3.6197034018e-02
-1.4165189981e-01 -7.8331784333e-02 7.7612437473e-02
-3.6861265348e-01 -2.4004966329e-01 1.5603242955e-01
-5.5769212627e-01 -3.3172886692e-01 4.5159991361e-01
-3.6980841623e-01 -4.1960561683e-01 4.6656090629e-01
-1.5833957382e-01 -2.2858723286e-01 2.5444379064e-01
-7.6454970072e-02 -1.6312374485e-01 1.8435271614e-01
-5.7884383526e-02 -1.3664088833e-01 1.5952296545e-01
1.7141049326e-01 -1.6596316584e-01 1.0157859100e-01
-2.2819838122e-02 -3.9036673346e-01 -1.9611490315e-01
-5.4690581162e-01 -5.8442202550e-01 -1.4563386550e+00
-7.7243268300e-02 -1.4054713673e-01 -7.6575656882e-01
-3.3461326724e-02 -4.2968149885e-02 -8.7565689687e-02
-3.3819531412e-02 -1.2418736898e-02 3.8356924796e-02
-1.2202398500e-02 -1.2858921530e-02 4.0492564133e-02
-3.3482971523e-02 -1.2739143270e-02 5.7803758864e-02
-4.0970026327e-02 -1.0064094292e-02 5.4913504604e-02
-1.3036293126e-01 -2.1995386782e-02 8.3660560242e-02
-3.4781554611e-01 -1.9928168235e-01 4.7223618452e-01
-6.5654557509e-01 -5.2563668379e-01 8.5936567677e-01
-8.4254227765e-01 -5.9291869178e-01 6.8855306396e-01
-4.4740056944e-01 -4.7380421492e-01 4.7912792111e-01
-1.3148377567e-01 -2.8950180568e-01 2.6787088312e-01
-1.9792990821e-01 -3.3889826748e-01 -2.6717903709e-02
-5.5467020786e-01 -5.2033698516e-01 -4.2445200623e-01
-5.7810820311e-01 -3.8468338822e-01 -1.0130105634e+00
-1.4867650346e-01 -7.2424860384e-02 -4.0083023885e-01
-4.4028963544e-02 -3.2514235445e-02 -5.5196613585e-02
-2.4288060884e-02 -3.1189526544e-02 3.1340486701e-02
-2.0351759423e-03 -5.0438366693e-02 1.4758818236e-02
-1.3956525803e-02 -6.2416788326e-02 5.1494951058e-02
-3.0621896135e-02 -7.3171664053e-02 3.4449855983e-02
-2.9432589819e-02 -6.0729714113e-02 4.2654843269e-02
-7.7410091810e-02 -7.0372361578e-02 5.8072436456e-02
-3.9072728319e-01 -1.9233312422e-01 3.2541126525e-01
-1.0183314220e+00 -5.4570421963e-01 6.7918945567e-01
-1.3512806668e+00 -9.0509053386e-01 6.9916023376e-01
-1.3781786388e+00 -9.5979685912e-01 1.6567903400e-01
-1.1507940371e+00 -7.6860128767e-01 -3.4190005832e-01
-8.7829707412e-01 -5.1627565599e-01 -5.0735215991e-01
-3.2647921490e-01 -1.3712591832e-01 -3.1451002988e-01
-5.0612873653e-02 -3.5515355962e-02 -1.0890957870e-01
-3.4221188509e-02 -5.5877905656e-02 -3.6820061320e-02
1.2564315017e-02 3.0517724825e-02 4.7573401706e-02
1.3557292267e-02 4.9145087003e-02 5.9061009038e-02
-2.8404477051e-03 4.1274923372e-02 7.6123825263e-02
1.3290304348e-02 2.7480910438e-02 5.3102752117e-02
4.6647256621e-02 6.5932244067e-03 3.9618784916e-02
2.9688864037e-02 3.9167964576e-03 2.4127409293e-02
6.1895843878e-02 -4.3776746921e-02 5.0654978338e-02
4.4296460198e-02 -1.1556955606e-01 5.2874833828e-02
1.7055959338e-01 -2.0486078362e-01 8.4881285992e-02
3.0481313830e-01 -3.3765130667e-01 5.9725466101e-02
4.2806459327e-01 -4.5203429666e-01 -1.7273830709e-01
9.1386001610e-02 -2.4836165005e-01 -1.9182815570e-01
-1.2556074779e-01 -1.0489770213e-01 -3.6588961961e-02
-1.2161226588e-01 -8.6784440107e-02 -2.2040136739e-02
-1.0629034321e-01 -8.5556269266e-02 -3.1196795925e-02
1.3485801966e-02 3.0333372177e-02 3.6436854556e-02
1.6685527572e-02 4.3258091115e-02 4.3215488872e-02
9.0387053135e-03 2.5469184536e-02 7.0330280049e-02
3.7572597534e-02 -5.1653169243e-03 5.6882598273e-02
8.2910445678e-02 -4.9874842874e-02 7.3236110535e-02
9.8473927860e-02 -8.0092904750e-02 7.6739978843e-02
1.3460343194e-01 -1.5324927558e-01 9.5192520336e-02
2.3725121701e-01 -3.3195441683e-01 1.1640792516e-01
3.8578679084e-01 -5.0919943175e-01 1.8348352745e-01
6.7814478082e-01 -9.0834326295e-01 7.3944833356e-02
1.1319775501e+00 -1.4030237467e+00 -5.8872942939e-01
6.3649785527e-01 -9.0012708997e-01 -7.6860203272e-01
8.2447919907e-03 -1.8260204548e-01 -1.6920257115e-01
-7.9232059814e-02 -6.4875743180e-02 -3.8735946564e-02
-4.5610813382e-02 -7.6610999522e-02 -2.6327316483e-02
-3.4289930711e-03 3.7069175455e-02 2.5625640933e-02
1.7759083503e-03 4.6147402481e-02 4.7447182246e-02
-9.1037120629e-03 1.0543331359e-02 8.5824369853e-02
9.4231794689e-02 -6.0349132786e-02 1.1791637907e-01
1.9772787039e-01 -1.4525709707e-01 1.6091426815e-01
1.2852674209e-01 -1.0514873792e-01 1.0880333791e-01
9.5671103424e-02 -1.0241188657e-01 7.9752592922e-02
1.0349385878e-01 -2.1616113493e-01 1.0594776965e-01
2.1828820610e-01 -3.7782728769e-01 1.2158509377e-01
3.0451813403e-01 -7.1926942568e-01 1.1413809524e-02
6.8377912416e-01 -1.2350066433e+00 -5.6420000225e-01
7.8996067064e-01 -1.1210850375e+00 -9.0105913673e-01
4.9176493078e-01 -4.0138906793e-01 -4.5726862700e-01
8.1093297636e-02 -1.1336312228e-01 -1.5026657540e-01
-4.9477798619e-02 -7.7803535476e-02 -5.3789657607e-02
3.8685995049e-06 3.9837219555e-02 1.9620585922e-02
2.0229760334e-02 3.9977632773e-02 5.3666901162e-02
4.3666662991e-02 -2.8689182562e-02 9.2150588220e-02
1.5070016647e-01 -1.2357314169e-01 1.4755683139e-01
1.1013038840e-01 -9.0331278706e-02 9.8258000469e-02
-4.3729348686e-02 4.5168503611e-02 1.5199780264e-03
-5.5231778635e-02 1.7251770027e-01 1.0308432003e-02
3.2058219409e-03 1.8894482203e-01 1.1958313502e-01
1.4712725501e-01 8.9317463376e-03 1.0822371114e-01
1.7413886190e-01 -3.8331593407e-01 5.8630154780e-02
1.8625577127e-01 -4.2776201420e-01 -2.4594142041e-03
8.8935269843e-01 -7.2674455706e-01 -5.0453473054e-01
1.6162031789e+00 -7.8610931694e-01 -1.0369914805e+00
6.3396575112e-01 -3.4771541033e-01 -5.7999680496e-01
-1.4203382028e-02 -1.0584266672e-01 -1.0924725627e-01
7.3874514870e-03 1.6307752194e-02 5.6352815839e-02
2.2484635824e-02 5.0138258471e-02 2.7792688401e-02
1.1094418417e-02 2.1733939136e-02 2.9396823292e-02
8.9367687852e-03 -3.4398307593e-02 4.5287442262e-02
-1.2138560025e-01 2.0552949783e-01 -7.3889464038e-02
-1.9382749966e-01 5.5204019489e-01 -1.1192889916e-01
4.2969616901e-02 7.4804856560e-01 1.1171001233e-01
2.7108239900e-01 9.0041131540e-01 4.1377213800e-01
2.5714810860e-01 6.0291229147e-01 3.0600857353e-01
2.0338704457e-01 7.9114467911e-02 1.7027344437e-01
1.9657969613e-01 -2.0866500548e-01 7.5191855521e-02
6.3158583420e-01 -6.6135739813e-01 -3.4826416626e-01
1.0630366011e+00 -2.0950631486e-01 -8.6131850641e-01
4.5077598314e-01 -9.4606622607e-02 -7.5054105824e-01
-3.2277234807e-02 -9.5909397326e-02 -1.6037380289e-01
1.6364167149e-02 -1.2746773532e-02 7.6260671463e-02
-1.9377118110e-02 4.6903683813e-02 -2.4413627682e-02
-7.8988252295e-02 -4.0620232762e-03 -2.0760266145e-02
-5.8504397327e-02 9.6192725751e-02 -2.2039027144e-02
-6.8420822049e-02 7.1729601738e-01 -1.7119872601e-01
1.0670769236e-01 9.9154234019e-01 8.6019849964e-02
5.4307068181e-01 1.1689796225e+00 5.5455252801e-01
5.4588995608e-01 1.0661872146e+00 6.3537651150e-01
2.2685954681e-01 3.2602205855e-01 2.5960661217e-01
5.9145338002e-02 -2.8942822322e-02 5.0018106783e-02
-2.5142244875e-02 -5.7076039790e-01 -1.6424020053e-01
2.4462847626e-02 -9.6081498699e-01 -4.3519417620e-01
-5.5719972279e-02 2.7871452060e-01 -6.5735173430e-01
-1.2792511376e-01 3.7888505933e-01 -5.2167829378e-01
-7.7018172998e-02 -2.8651414577e-02 -1.1639649216e-01
3.8625862858e-02 -2.7161389222e-02 8.9111614419e-02
4.5493331022e-02 -3.6307626595e-02 4.8360489798e-02
9.0439226824e-02 -6.3440582020e-02 1.2958453111e-01
1.8855274090e-01 4.7758887935e-01 8.2540107011e-03
3.6950306021e-01 8.4476564888e-01 9.9738595198e-02
5.6081995942e-01 8.5216164076e-01 3.8344760648e-01
6.3653600283e-01 9.5691671196e-01 4.9835421955e-01
3.9890000600e-01 5.6391482065e-01 2.9509901648e-01
2.0428390824e-01 8.6400801777e-02 2.3793209652e-02
1.8351402766e-01 8.9499186264e-02 -9.3739692444e-02
-4.7011874039e-02 -5.9302432150e-02 -7.2148905551e-01
-1.7619667201e-02 -5.4870768083e-01 -1.3536737219e+00
-2.7765723980e-02 -1.2316739842e-01 -1.5708843066e+00
-8.1719239013e-02 2.4365984991e-01 -4.5128795262e-01
-3.8516862492e-02 -2.9775500252e-02 -5.5657013364e-02
4.5599154467e-02 -2.3221904481e-02 7.0613093908e-02
1.3799454061e-01 -8.7524779028e-02 1.5524632850e-01
3.3452063923e-01 -6.8248403458e-02 3.2473904447e-01
3.6979340173e-01 9.3595985670e-02 3.0114502717e-01
3.9892854040e-01 1.4967876874e-01 3.3714357769e-01
4.7926559221e-01 4.6825197711e-01 2.3446070046e-01
3.6421224858e-01 4.3010398208e-01 2.1477376520e-01
2.6616029645e-01 2.4773013783e-01 7.8837594030e-02
4.2005780484e-01 2.6699288028e-01 8.0365720533e-02
3.8616229000e-01 2.3120059810e-01 -1.3927136957e-01
2.6309546885e-01 1.7496356085e-01 -9.2050336230e-01
-2.8483722268e-01 -8.2134712954e-01 -9.1806524305e-01
-2.4667909860e-01 -1.2074565046e+00 -1.9228479064e+00
2.7196561080e-02 -1.2924280730e-01 -5.0460951148e-01
-4.2562045719e-02 -4.9860952267e-02 -1.8937472935e-02
1.9236198355e-02 -2.2876388459e-02 5.8063982301e-02
2.0044370164e-01 -1.6933603128e-01 2.0250137563e-01
4.7918652479e-01 -5.9838448164e-01 7.1851150724e-01
1.2660974997e-01 -3.3884864335e-01 3.0178387611e-01
-3.1534707260e-03 -5.2870255779e-02 -2.1980613095e-02
1.3705594122e-01 9.0237934945e-02 -1.5637764705e-02
-2.8229858577e-03 7.0845385517e-02 3.1719327871e-02
7.4962791581e-02 6.0804579617e-02 5.6466557849e-02
1.7433932196e-01 1.1507374328e-01 5.0773685473e-02
8.9546234301e-02 3.2505774017e-02 -6.7771547054e-02
2.2278792079e-01 1.7985297178e-02 -4.5797631221e-01
1.8723889845e-01 -5.5266508392e-01 -5.8049611257e-01
5.2047750289e-01 -1.0264316271e+00 -1.5828575558e+00
1.8593533629e-01 -2.2093842201e-01 -6.8441871883e-01
-4.2881790006e-02 -3.7449614159e-02 -4.0019104587e-02
-1.0343952817e-02 -2.7829900588e-02 6.2028803953e-02
-2.9345069888e-02 -2.9435217228e-01 2.3724279991e-01
-1.7176549894e-01 -8.6152924891e-01 5.3144893061e-01
-1.5656880392e-01 -1.8383224516e-01 -3.1839856023e-03
-3.3266105060e-02 1.0109889144e-01 -3.5575631132e-01
-8.0142922719e-02 6.3300408990e-02 -1.4067578092e-01
-9.0117705645e-02 4.4337038604e-02 -3.7033635120e-03
-8.3394528196e-02 -1.2655017339e-02 3.7043758693e-02
-6.7801569510e-02 -3.2568872459e-02 4.0335747123e-02
-1.1684897294e-01 -3.3044672594e-02 4.9223093655e-02
2.0327676233e-03 2.0403859833e-02 -4.6935857625e-02
4.4411869042e-01 -2.4383997155e-01 -2.1339069965e-01
6.6859892174e-01 -4.7677147859e-01 -4.6863667370e-01
1.0020206693e-01 -3.9519860091e-02 -4.6296781287e-01
-6.8379866801e-02 1.3622546406e-02 -1.2968438885e-01
2.5289353395e-03 -1.5406163817e-02 2.7131593660e-02
-8.9708370234e-02 -1.8379139935e-01 6.5347555735e-02
-4.4690464420e-01 -6.3579367588e-01 2.5305607513e-01
-2.6973767494e-01 -1.4782819227e-01 -1.3697178120e-01
-1.7114461778e-01 -1.4394254577e-02 -1.6231022114e-01
-6.7169765178e-02 6.0154479518e-02 -1.0279448503e-01
-4.3953338735e-02 8.3244085381e-02 -8.2124215769e-02
-7.0535274730e-02 4.0347491114e-03 1.5515849042e-02
-7.1463425384e-02 -7.6324790471e-03 3.5033439222e-02
-1.1499546747e-01 1.7225452978e-03 1.0778642706e-02
-1.4438342650e-01 2.8368956497e-02 2.5762708638e-02
-4.8642120691e-02 -2.4973599287e-01 2.3776341889e-01
1.8360885867e-01 -2.8409224045e-01 3.7423103666e-01
9.2473163508e-02 1.5972794661e-01 -2.0368677527e-01
-3.3602042180e-02 2.7616988854e-02 -1.3972606318e-01
5.0059598268e-03 -1.8590358961e-02 1.7350990338e-02
-1.9344796888e-02 -7.0281529411e-02 4.7176325113e-02
-2.7651989777e-01 -3.7241462475e-01 2.0180912561e-01
-3.2924168519e-01 -4.1108284157e-01 2.8538819120e-02
-3.1633580064e-01 -2.9099987108e-01 1.8420047752e-01
-1.0668381746e-01 -5.7608111025e-02 -1.1081186188e-02
-9.1398278908e-02 -3.5687512876e-02 -1.4012081533e-01
-6.0248360541e-02 3.4417783174e-03 2.5594571981e-02
-4.3082750946e-02 -1.2683718946e-02 4.1289749619e-02
-9.9818897289e-02 -2.0918415317e-02 -6.0561991246e-03
-7.6294298709e-02 -4.1167212372e-02 -3.2284663854e-02
3.1343318248e-02 -3.2075537980e-01 -4.8958019457e-02
1.9448040351e-01 -3.6454151219e-01 -3.7785071252e-01
1.8803611926e-01 1.1602413893e-01 -4.8508195377e-01
-1.0463991523e-02 4.8207934945e-03 -1.2486444272e-01
-1.2744383488e-02 -1.8080776611e-02 1.3215203401e-02
1.7405785816e-02 -1.8018020121e-02 9.5978036678e-03
-4.7941268986e-02 -5.7675642520e-02 3.5692353775e-02
-2.0353925793e-01 -2.1417777864e-01 2.1101105447e-02
-3.6156371006e-01 -3.7689759396e-01 1.6664693911e-01
-2.2648437693e-01 -3.7584309554e-01 2.4519563010e-01
-1.7668684059e-01 -3.7061393808e-01 2.3959763028e-01
-4.9141529814e-02 -1.8247753471e-01 2.3617571440e-01
-9.3760838860e-03 -9.3855564644e-02 1.9539781098e-01
-5.8279652677e-02 -5.4499311763e-02 1.2204571873e-01
4.7835172560e-02 -5.3118196773e-02 4.3150881987e-02
1.1667772070e-01 -3.2815324623e-01 -9.6572401825e-02
-9.2828238005e-02 -5.9378141226e-01 -1.3483273007e+00
1.6351144929e-02 -1.2465558347e-01 -9.6452237098e-01
-2.2571370839e-02 -2.1624927778e-02 -1.0520833577e-01
-2.1474228374e-02 -1.7930589086e-02 1.7778195515e-02
5.0029312747e-03 -1.8786798965e-02 3.9755701477e-03
-1.8671758542e-02 -9.7218853225e-03 3.3148357796e-02
-4.1341199637e-02 -2.9183279383e-02 3.0431873921e-02
-1.3854674377e-01 -1.3975452253e-01 1.2924628170e-01
-3.2481021501e-01 -3.5715868539e-01 3.7616927220e-01
-5.5698565104e-01 -6.8079065852e-01 5.8580095621e-01
-4.5128448619e-01 -6.5421433830e-01 5.6748087468e-01
-2.4421780516e-01 -5.1973407518e-01 4.5529646321e-01
-4.2914876684e-02 -2.0640087252e-01 2.7599772005e-01
2.2299919312e-02 -2.8438607952e-01 -9.4576593627e-03
-2.0148644344e-01 -6.0171183618e-01 -2.5575054711e-01
-4.2476934632e-01 -6.1544423527e-01 -1.3913362502e+00
-1.5540589220e-01 -1.7198004436e-01 -7.2620100173e-01
-2.8118506538e-02 -4.8269205474e-02 -7.1831816456e-02
-1.6546396390e-02 -2.0951039601e-02 3.0447779789e-02
1.3536918113e-03 -1.8431849179e-02 2.8924858326e-02
-3.1655049717e-02 -1.5561885174e-02 5.4233601053e-02
-2.7274203743e-02 -1.2283943201e-02 4.8966043991e-02
-5.0845257966e-02 -4.4947660350e-03 6.2943169531e-02
-2.0309349506e-01 -1.3299935673e-01 1.7746722190e-01
-5.2495006967e-01 -5.1269120462e-01 5.6285190965e-01
-7.9449350114e-01 -8.7871805667e-01 8.1753078342e-01
-8.6975801431e-01 -1.0162481974e+00 6.9314592430e-01
-7.3658837750e-01 -7.9167018574e-01 4.5646571320e-01
-5.8881265156e-01 -7.6265995591e-01 -7.6038466288e-02
-7.8670507336e-01 -9.2282301513e-01 -4.2941737096e-01
-4.3773514013e-01 -4.4674965348e-01 -6.5304418841e-01
-9.9375366274e-02 -9.5840766440e-02 -2.3831520340e-01
-2.9808930773e-02 -3.4119953445e-02 -4.9364738565e-02
-4.2870588119e-03 -4.2001781612e-02 3.0202064900e-02
1.8287879707e-02 -4.6861152566e-02 8.7555023591e-03
-3.9636415782e-03 -5.0579482184e-02 5.0737253294e-02
-9.4418108626e-03 -5.6520674802e-02 3.8581189746e-02
-7.7506882475e-03 -5.2853312915e-02 3.9499642591e-02
-2.1107468429e-02 -6.7625654486e-02 -3.1936203502e-03
-1.4290871605e-01 -1.5403207985e-01 1.3649446672e-01
-4.8500403939e-01 -4.4019336504e-01 3.2327469072e-01
-7.5806637036e-01 -7.8015984882e-01 4.0136793571e-01
-8.3727971429e-01 -8.8925416940e-01 2.0009158458e-01
-6.4865066943e-01 -6.9248656912e-01 -9.7253506556e-02
-4.5488849539e-01 -3.9493698699e-01 -2.4204878888e-01
-1.3499962074e-01 -8.8983832289e-02 -1.6425763501e-01
-1.3711545483e-03 -2.0648863622e-02 -9.0136984264e-02
-2.3135468195e-03 -5.3461052070e-02 -3.2728039029e-02
6.6045809254e-03 1.1303495117e-02 5.6197590306e-02
1.4335369714e-03 2.4871919812e-02 6.7613189331e-02
-2.6812220765e-03 1.4307057534e-02 8.1504527011e-02
6.4294050029e-03 3.6809499770e-03 6.0832661905e-02
3.3421166976e-02 -1.6345067638e-02 5.6358081233e-02
-6.2847782578e-03 5.9922165648e-03 3.6150140353e-02
8.3711312527e-03 -1.5861978146e-02 5.0483092792e-02
-4.8354786025e-02 -2.0344499887e-02 4.1162010683e-02
-2.3621138258e-02 -5.2993237591e-02 5.4316262800e-02
-7.6072900363e-02 -5.4873076654e-02 6.0582498022e-02
-5.0199545310e-02 -9.1464999564e-02 4.3038956031e-02
-1.0733842864e-01 -7.3644695153e-02 1.1471672951e-02
-1.0259062533e-01 -5.8163702897e-02 2.7382559109e-02
-9.9674490695e-02 -5.1087671523e-02 -6.3607163237e-03
-1.0238664674e-01 -3.1267275441e-02 -3.7955462441e-02
-3.3539034136e-03 2.4019625303e-02 5.2129438072e-02
2.8357786140e-03 1.8269207898e-02 5.6307328829e-02
-4.2054454085e-03 3.5894186956e-03 6.8754631359e-02
8.8855454705e-03 -5.2930240675e-03 5.4659719580e-02
2.4011982954e-02 -3.2627533200e-02 5.6226562288e-02
4.7809599218e-03 -2.0133945097e-02 4.2872961541e-02
1.6264508813e-03 -6.0172186131e-02 5.2388305144e-02
6.6146384072e-03 -1.0890594854e-01 4.7192240349e-02
6.4636535484e-02 -1.9899742607e-01 6.8132891239e-02
7.3802491558e-02 -3.2233670804e-01 4.9578677864e-02
1.2351917135e-01 -4.2025805288e-01 -7.0763562452e-02
-4.3526904013e-03 -2.3010679586e-01 -1.1729657233e-01
6.2538703115e-03 -1.0589027782e-01 3.8527840300e-02
-1.7565068744e-02 -3.9798840797e-02 1.9028507717e-02
-2.9368128684e-02 -2.3571800621e-02 -2.1080828316e-02
-1.6611874813e-02 2.8715725435e-02 3.7508394598e-02
-2.1391388342e-02 2.6326148342e-02 5.2457187805e-02
-3.6618550033e-02 3.1684714567e-03 7.1262962762e-02
6.5122374431e-03 -2.3919366894e-02 5.4135024554e-02
4.1696916374e-02 -5.6413478860e-02 6.1679700334e-02
1.4944910776e-03 -4.6176029564e-02 5.5365693431e-02
3.3608682224e-02 -1.0395077725e-01 6.2370066811e-02
6.9711978792e-02 -2.1657972941e-01 7.1615723402e-02
2.5532866825e-01 -3.9585655013e-01 9.8188322100e-02
3.4666497187e-01 -7.1006541137e-01 2.3108829655e-02
5.0242121910e-01 -8.9702554396e-01 -2.0701566286e-01
5.5328298553e-01 -3.9356635281e-01 -2.9072011200e-01
3.3184330676e-01 -7.9999238811e-02 -1.5315322105e-01
7.2717307476e-02 -5.3862489887e-02 -3.9349558943e-02
-3.8128684989e-02 -3.2538561055e-02 -4.5756975055e-02
-1.6720323761e-02 3.5527318165e-02 2.8462163300e-02
-9.4936206951e-03 2.2410356860e-02 4.8857458371e-02
-1.6864035897e-02 -1.6071106651e-02 5.4858476651e-02
3.0773199371e-02 -5.3012764124e-02 5.4329927926e-02
6.9570010284e-02 -1.1350053492e-01 6.9851654075e-02
9.7203514598e-02 -1.4366602231e-01 7.2051576449e-02
1.4319614860e-01 2.4727791292e-03 1.2043503153e-01
3.1427505209e-01 1.4331426722e-01 2.2677141007e-01
5.9773097805e-01 -1.4310436401e-02 3.0217530229e-01
6.6760449505e-01 -5.3150083306e-01 2.4263709617e-01
1.0047586758e+00 -6.4836952230e-01 7.3979579263e-02
1.6312569461e+00 -3.3558163020e-01 -6.2945819093e-01
1.4207532928e+00 -8.3442721608e-02 -1.2109415812e+00
3.1602366212e-01 -1.0915359285e-01 -3.9807269833e-01
-3.5183847693e-02 -4.9264210017e-02 -8.1820217103e-02
-7.9297260431e-03 9.1356623061e-03 4.1023409545e-02
2.3906700803e-02 -7.4585092854e-03 6.0305395505e-02
-6.9844851056e-03 -5.0899070122e-02 6.8437809611e-02
5.6866596364e-02 -1.4812922702e-01 1.1204812948e-01
1.1840031635e-01 -1.3319856767e-01 1.2067853328e-01
2.5748170916e-01 1.6108467869e-01 1.7472220840e-01
6.7560640148e-01 3.9244350134e-01 4.8525339364e-01
9.8746930238e-01 3.7858086406e-01 6.0346545247e-01
9.4814793541e-01 6.7247569665e-02 3.8324820688e-01
8.2144261632e-01 -3.4739345479e-01 2.5529437238e-01
7.6989253118e-01 -4.6599675641e-01 -1.2342849199e-01
7.2120006306e-01 -9.7228693963e-01 -8.3259203888e-01
1.2674902060e+00 -7.4479588540e-01 -1.5939099817e+00
6.3584254539e-01 -8.7062901345e-02 -1.1371914831e+00
-1.7691887373e-02 -2.2281009189e-02 -1.9492690847e-01
-1.1441545305e-03 -9.7721910441e-03 6.9747388864e-02
1.6573547447e-02 -3.8220518231e-02 7.5430983515e-02
3.1167552006e-02 -1.5312282586e-01 1.3722516677e-01
1.5880266448e-01 -1.5957793663e-01 1.9016841751e-01
3.6926104532e-01 3.7150384954e-01 2.7712274973e-01
8.5515565698e-01 5.7643646862e-01 6.8513815487e-01
9.6891988032e-01 4.1093508153e-01 7.2348761863e-01
5.0821871048e-01 8.5707555362e-02 3.3945982668e-01
1.6381643208e-01 -1.3726523751e-01 9.5778015264e-02
-5.3944723116e-03 -2.9326344792e-01 5.1494432103e-02
-9.2794799197e-02 -6.2223516043e-01 -6.3216953159e-01
-8.9140870647e-02 -1.5174701054e+00 -6.2769502906e-01
3.0506849838e-01 -5.6917094103e-01 -9.4820069942e-01
4.0593597050e-01 6.2816796792e-01 -1.7530087674e+00
-1.8307300494e-02 8.0359424927e-02 -3.6731114348e-01
1.1008206374e-02 -3.2159214349e-02 7.5178625399e-02
6.0499478150e-02 -6.7550094404e-02 8.6891199267e-02
8.8060516507e-02 -1.5595358529e-01 1.6551064787e-01
4.0091193120e-01 1.1695903685e-01 3.2164160753e-01
9.0163182507e-01 3.0580183292e-01 8.1769511125e-01
8.3065902541e-01 3.6711168379e-01 7.5101102170e-01
2.9919876060e-01 2.7743672346e-01 2.1852308995e-01
5.3115254512e-02 4.2014583925e-02 -1.4588830064e-02
7.7680027313e-02 -3.9537210971e-02 7.6893804175e-03
-8.3742233821e-03 -3.1223112894e-02 -3.0979668893e-02
-3.0636004642e-01 -2.6098402734e-01 -6.9826206142e-01
-4.9660020317e-01 -1.7498550509e+00 1.2387017658e-01
-4.1125156012e-01 -2.0975706507e-01 -6.2115355841e-01
-2.6909192414e-01 1.2431051328e+00 -1.3713259587e+00
-6.1189055409e-02 1.9065191899e-01 -3.4646019425e-01
1.2761426846e-02 -3.3710968383e-02 6.9071497953e-02
5.9201583985e-02 -7.9737146939e-02 1.1084297684e-01
7.0139476465e-02 -1.8172896872e-01 2.3907725026e-01
4.1784258523e-01 -3.1790602570e-01 7.1039442075e-01
6.0788177606e-01 -2.5226952179e-01 7.0820888316e-01
2.5441922298e-01 -6.2712230263e-03 1.2767839321e-01
6.2457224412e-02 3.7605411633e-02 2.6055367529e-02
3.4810288250e-02 4.9828584595e-02 2.5951706013e-02
1.3932589669e-01 2.7978141190e-02 2.2744775762e-02
7.9458016795e-02 3.6288374929e-02 -1.1504211641e-02
-6.4369494114e-02 1.4422555897e-02 -4.0035756785e-01
-6.0977995838e-01 -1.0763490456e+00 1.4605848761e-02
-4.2288665182e-01 -6.6696341897e-01 -4.0544888265e-01
-2.4779041164e-01 3.8923081334e-01 -3.3579118697e-01
-8.7819911893e-02 1.5369831297e-01 -1.6301121590e-01
-6.2154960682e-04 -2.8996464959e-02 5.5376914436e-02
4.4309335869e-02 -1.2629669700e-01 1.3423990205e-01
1.5239212810e-01 -5.0474645602e-01 5.2764480364e-01
1.8681212276e-01 -4.1419879937e-01 4.6125654670e-01
9.6592582639e-02 -1.2157044082e-01 -1.0749379935e-01
1.6464837486e-01 -1.4830057191e-02 -3.1605089378e-01
9.8819842622e-02 9.3603724814e-02 -8.3080960776e-02
-4.7993890282e-02 -4.2037997620e-02 3.8434090655e-03
-2.4042769010e-02 -7.9678541458e-02 4.1626153658e-03
-4.4808477779e-02 -7.0405791754e-02 2.7229519805e-02
8.3260546445e-02 6.3397166814e-02 -2.2344042900e-01
2.3853878246e-01 -3.6607542208e-01 -9.8013718387e-01
3.3147681696e-01 -9.1145898124e-01 -1.0864712698e+00
7.0553295754e-02 -1.6337185533e-01 -3.1036025556e-01
-5.3944152482e-02 1.1544556099e-01 -1.1192212126e-01
-5.7698170204e-03 -9.5419828488e-03 3.8593602126e-02
-1.3051046274e-02 -1.1320425150e-01 1.1845224783e-01
-3.4984516827e-02 -4.5285209859e-01 4.0006571144e-01
5.0288838070e-02 -1.2518684879e-01 -4.3366497360e-02
6.0588805083e-02 1.2960747021e-01 -5.8473437770e-01
2.9740392967e-02 2.4616605718e-01 -3.9162470647e-01
1.3325353380e-02 2.5001999424e-01 -2.1189268577e-01
-7.0062851499e-02 1.6926456912e-02 -5.7542248126e-02
-7.1886402166e-02 -4.8152832669e-02 1.9818648112e-02
-1.2643186539e-01 -2.9910910432e-02 2.4905720866e-02
-6.2343003649e-02 3.5216378991e-03 -2.8023648449e-02
1.8362358546e-01 -2.6881950174e-01 -5.2323006226e-01
5.3507249084e-01 -5.5976758363e-01 -1.5235035166e+00
3.0086226914e-01 -8.0525508326e-02 -1.0034179703e+00
-4.9960848085e-02 8.2131198114e-02 -2.1513490473e-01
-1.5982530576e-04 -6.8199494134e-03 3.4387631849e-02
-8.6088096123e-05 -3.3729577692e-02 4.2575297915e-02
-6.3955816136e-02 -1.3673667361e-01 6.0030506145e-02
-8.4698461566e-02 -1.2953383978e-01 -1.8164161678e-01
-1.3395562988e-01 -1.5236097107e-01 -1.8922923737e-01
-7.5535672194e-02 1.1449034930e-01 -1.6134085081e-01
-1.3706333977e-01 1.5755007101e-01 -2.5940086083e-01
-7.0143997524e-02 2.1130230567e-02 -5.8353276127e-02
-3.8583004983e-02 -6.6502904111e-03 6.5085475553e-02
-8.6700952685e-02 -1.5297451881e-02 2.9683304870e-02
-1.1189284364e-01 -4.6278455572e-03 -4.4737711052e-03
-1.4218294614e-01 -2.0848898888e-01 -1.9405166738e-01
-6.9168356823e-02 -5.3778127674e-01 -1.3248029144e+00
8.4710430155e-02 -9.9978218593e-02 -1.1727818142e+00
-4.1102065377e-02 3.5261374043e-02 -2.2397720271e-01
-7.0185045406e-03 -1.5763249095e-02 2.3171978851e-02
1.2620299753e-02 -2.2567031449e-02 2.4693679796e-02
-1.2257179897e-02 -4.7172031902e-02 3.3427802158e-02
-6.9348642497e-02 -1.7196470512e-01 3.1040960633e-03
-7.2514063692e-02 -2.0462295449e-01 8.7779587476e-02
1.9316791593e-02 -7.0314651701e-02 -9.0202393125e-02
-1.8134853105e-01 -2.0116701363e-01 -1.8473167213e-01
-1.0292800921e-01 -1.8202714346e-01 1.2906090624e-01
1.0571197821e-02 -1.6059263484e-01 1.8195669807e-01
-7.7630582497e-02 -1.5191237858e-01 1.1048133482e-01
1.9998259240e-02 -3.2356581006e-03 5.8979524196e-02
1.8231787115e-02 -1.3276351202e-01 2.2142306892e-02
-2.4529009892e-01 -6.1680589594e-01 -1.3017759835e+00
-5.5939379560e-02 -2.1341642468e-01 -1.1819572313e+00
-3.4818851090e-02 6.2768543335e-03 -1.8656624938e-01
-1.7933104238e-02 -9.0351777733e-03 2.1005856062e-02
3.3833606100e-03 -2.3083125919e-02 2.0480605979e-02
-1.3935577655e-02 -1.0679788643e-02 2.9353494849e-02
-3.0822270073e-02 -2.8509390625e-02 2.3927184446e-02
-8.3532702786e-02 -1.2440166958e-01 6.7274042927e-02
-1.6461375821e-01 -3.5745095081e-01 1.6051463747e-01
-3.3098207698e-01 -5.8765091574e-01 3.5447523528e-01
-2.3943592864e-01 -5.0616534276e-01 5.4904027868e-01
-1.7451299220e-01 -5.2150362271e-01 4.7997737437e-01
-1.7695565099e-01 -4.2846814898e-01 2.8659787758e-01
1.6395986102e-02 -2.4792421222e-01 1.4570151112e-01
-1.2375655310e-01 -4.5004403088e-01 -7.6133295413e-03
-2.5384739641e-01 -6.8620658076e-01 -1.1863926911e+00
-1.3128386127e-01 -2.6569275627e-01 -8.6024651435e-01
-5.0541112861e-02 -1.1311548444e-02 -1.0997254755e-01
-2.1525950856e-02 -1.6270131867e-02 1.7667042580e-02
8.3574868162e-04 -2.6782485291e-02 1.2956378821e-02
-2.2585550805e-02 -2.1546620441e-02 3.2966415564e-02
-9.0404783316e-03 -1.6128779051e-02 3.4665549988e-02
-3.4762250438e-02 -2.4993493617e-02 5.8541163386e-02
-1.1755427715e-01 -1.9326313916e-01 1.3950931968e-01
-3.2427356104e-01 -5.8380568638e-01 3.9782912301e-01
-4.6372622352e-01 -9.3022968646e-01 6.6783766340e-01
-4.4359259550e-01 -1.0093759483e+00 6.9411869917e-01
-2.8593202816e-01 -8.4290501018e-01 3.9782832002e-01
-3.3288989359e-01 -9.4168317846e-01 -1.0324034152e-01
-8.1435549820e-01 -1.0692125028e+00 -3.0103300817e-01
-4.2144093908e-01 -6.2455998014e-01 -7.1505974785e-01
-1.4252044854e-01 -1.3357662707e-01 -3.3051984251e-01
-4.1620470583e-02 -2.2396149904e-02 -5.6432922782e-02
-2.2885312781e-02 -1.5002235108e-02 3.5943727716e-02
-4.7061538286e-03 -2.0991948923e-02 3.1486868246e-02
-3.9473017518e-02 -1.6069235707e-02 5.1661382038e-02
-2.7696963791e-02 -1.8160004141e-02 5.1352262620e-02
-4.4864068900e-02 1.7894462014e-03 4.7404786047e-02
-7.8815135119e-02 -3.1021764260e-02 4.1288126339e-02
-1.9645879712e-01 -2.1192918514e-01 1.8200353406e-01
-4.1758978704e-01 -5.8875465276e-01 4.0697246696e-01
-5.6993781074e-01 -8.5359519558e-01 5.5367728572e-01
-6.5597975544e-01 -7.5735984000e-01 4.1248014244e-01
-6.2101744983e-01 -8.1794106638e-01 -9.4810474298e-02
-7.2582153293e-01 -7.4833869339e-01 -2.7372941027e-01
-2.8913359506e-01 -2.5669516447e-01 -2.3170154779e-01
-7.0498397049e-02 -3.6922891027e-02 -1.3032065543e-01
-5.1633285919e-02 -1.1036220312e-02 -6.4423037529e-02
4.3918938636e-04 -3.2510713708e-02 3.5865330966e-02
1.8830520655e-02 -4.9378341188e-02 2.1514646160e-02
9.9237556296e-03 -4.4755226447e-02 4.9064811606e-02
9.5347233784e-03 -4.5865629341e-02 3.9015645776e-02
4.5307525363e-03 -4.8933181599e-02 4.9678213203e-02
-7.3279542284e-03 -5.7509174457e-02 1.7511153999e-02
3.8371658702e-03 -7.3972422585e-02 5.9583844407e-02
-9.4828806390e-02 -1.5885329644e-01 7.9378493296e-02
-2.0915164355e-01 -2.7527651533e-01 9.4225197443e-02
-3.1137004356e-01 -2.9577584840e-01 4.7422999884e-02
-2.0950695225e-01 -2.5188790053e-01 -2.0507627442e-02
-1.5617547825e-01 -1.4752902414e-01 -6.8444014352e-02
-4.5509542530e-02 -1.3036248730e-02 -7.1317232288e-02
-1.8350001146e-02 1.9166296317e-02 -9.0080296872e-02
-1.9011326171e-02 -1.6456471559e-02 -5.3057489941e-02
-2.7324306228e-03 4.5170542350e-03 5.0045372997e-02
1.2149490002e-02 8.6817172745e-03 4.3200420636e-02
9.3921198500e-04 -3.7944807326e-03 6.0927930477e-02
6.0686487673e-03 -1.8602522885e-02 4.3169452835e-02
1.8663660087e-02 -2.8857172539e-02 4.8002457228e-02
3.9531302076e-03 -2.2175829624e-02 2.5232876756e-02
7.0571740913e-03 -2.1183975203e-02 3.2919102809e-02
-3.6615119477e-02 -2.2518193808e-02 3.4052561934e-02
-2.8025572650e-02 -2.5432975839e-02 4.2802128759e-02
-5.7601056027e-02 -2.0217087703e-02 3.7506767689e-02
-4.8483585695e-02 -3.8563482380e-02 3.1342619409e-02
-1.1345763067e-01 -5.8155765878e-02 2.2785819594e-02
-8.7585351793e-02 -6.5834102991e-02 6.1005359441e-02
-8.9140519883e-02 -6.4867801938e-02 3.4662620268e-02
-8.1774113913e-02 -6.7329063540e-02 -4.6669549147e-04
6.6337235351e-03 1.3673792497e-02 4.0814001055e-02
2.6588373573e-02 4.5800605024e-03 3.3581261321e-02
1.7840783075e-02 -7.0937511616e-03 5.4565164667e-02
2.1940612564e-02 -2.3078867175e-02 2.7924758948e-02
2.4488216112e-02 -4.4336231264e-02 3.4769336903e-02
1.3503104990e-02 -4.2631070735e-02 1.7954184610e-02
1.1911558659e-02 -4.7885531647e-02 2.3725084270e-02
-1.6107418715e-02 -4.3714518901e-02 1.3178987101e-02
-1.7631137987e-02 -4.0480947055e-02 2.4752643119e-02
-3.7121097131e-02 -3.7471984917e-02 5.3573088364e-03
-4.1248113717e-02 -4.9777460864e-02 1.0092135484e-02
-4.9194972002e-02 -5.2164733604e-02 9.2928129392e-03
-3.3246320095e-02 -9.2632645957e-02 8.2318204233e-02
-2.9789869672e-02 -8.7192744621e-02 4.3781167918e-02
-2.2130757223e-02 -8.2058893549e-02 1.1377906145e-02
-1.6980083724e-02 1.9932138653e-02 3.3737678363e-02
8.2428411400e-03 1.1463082429e-02 3.2896391786e-02
-2.1470962876e-03 -9.9722117857e-03 4.4968853060e-02
6.2373212252e-03 -2.8362646538e-02 2.7078153257e-02
1.9762194099e-02 -4.8556563708e-02 4.9996028352e-02
1.1387303121e-02 -4.7016879821e-02 2.5076503371e-02
-2.6380721376e-04 -4.3053912021e-02 3.4539431654e-02
-2.5059480612e-02 -3.5108183755e-02 1.7861812348e-02
1.9241473708e-02 -4.9695863789e-02 4.4605873032e-02
6.1154701200e-02 -8.3722011792e-02 4.3302798914e-02
3.3572567077e-01 -1.1766156793e-01 9.3764186367e-02
6.0987108875e-01 -5.0105267508e-02 -9.2854638739e-02
2.4625736036e-01 -7.2328473282e-02 -1.1423987761e-01
2.8098096563e-02 -6.8322746584e-02 -2.6432813801e-02
-6.1476939522e-02 -5.7524436093e-02 -2.5349733657e-02
-8.1849440380e-03 2.1199527372e-02 2.4756645854e-02
2.1320379048e-02 1.8886151342e-03 1.8067045614e-02
4.9999404452e-03 -1.8928140398e-02 3.2633605796e-02
1.6803780810e-02 -4.6658326378e-02 3.5211465097e-02
1.9458111820e-02 -5.8593169232e-02 4.0341027815e-02
1.8106793697e-02 -6.4679524155e-02 2.9953754181e-02
6.2092864578e-02 -2.6992506488e-02 7.5300660532e-02
2.4057493799e-01 -3.0438742444e-02 1.5632407674e-01
5.1553652290e-01 -1.0740633464e-01 2.5382305784e-01
5.0946491847e-01 -1.9513593795e-01 3.1720839346e-01
1.1259992003e+00 -2.3543724593e-01 4.0670453121e-01
1.6690580866e+00 -3.0068244234e-01 -8.4903302805e-01
8.2872590639e-01 -3.2871642646e-01 -1.5144637131e+00
1.3889433932e-01 -1.5993088136e-01 -3.1609815124e-01
-5.5678172398e-02 -6.1317648939e-02 -5.2960580559e-02
8.7435715887e-04 7.2211051037e-03 3.7875325718e-02
3.1795020318e-02 -2.7496583323e-03 3.3598502356e-02
9.3074802482e-03 -2.7632892196e-02 4.8512911937e-02
1.9583167609e-02 -5.5151330604e-02 5.7249601326e-02
3.6039591828e-02 -4.7320949920e-02 6.6888396525e-02
1.7415702024e-01 -2.0942934860e-02 1.3772498584e-01
5.3900832995e-01 -7.0291664904e-02 3.7012247842e-01
7.9208589815e-01 -1.7729718731e-01 4.5758601766e-01
8.1113164993e-01 -2.6110205724e-01 3.4594203063e-01
4.1501566258e-01 -1.7593565475e-01 2.9255322751e-01
-3.6975160006e-01 -1.0149501811e-02 2.3374876071e-01
-1.2687374416e+00 -1.0228195143e+00 -6.9906232028e-01
-1.1870530651e-01 -1.6459887297e+00 -1.6407462765e+00
4.6251683945e-01 -6.2004528957e-01 -7.4908782912e-01
7.5619183172e-03 -8.0956983450e-02 -1.4150518967e-01
7.0321900604e-03 -7.7590468532e-03 4.2952586434e-02
3.9607335109e-02 -2.9475510044e-02 3.6356808729e-02
1.1401034371e-02 -6.0471029845e-02 5.3599341306e-02
3.0051563909e-02 -7.2895689424e-02 4.6725068271e-02
1.6052371148e-01 -1.7517677556e-02 1.8205525158e-01
5.4139450908e-01 -9.9813912739e-02 4.5951119230e-01
5.9118686511e-01 -1.5053315692e-01 4.3039174084e-01
2.7209773254e-01 -1.8995835566e-01 1.7235077107e-01
9.6591030346e-02 -6.5737055733e-02 1.0243941394e-01
-7.2544758611e-02 -8.2119750906e-02 1.6162165534e-01
-6.1218862611e-01 -2.2822676304e-02 5.2829044497e-02
-7.2058539275e-01 -1.3451415829e+00 5.9886015817e-01
9.6094455135e-01 -2.1624158515e+00 -4.6311686338e-02
1.2383739308e+00 -8.7670405822e-01 -1.3996066294e+00
1.4976055689e-01 -6.4189370570e-02 -4.8048519957e-01
1.9168751762e-02 -2.0625992874e-02 3.7349830366e-02
5.6372006471e-02 -3.5645157412e-02 2.5764673683e-02
4.0350711688e-02 -6.1168184840e-02 4.7161347751e-02
1.0854667652e-01 -7.9678690020e-02 1.3475738292e-01
3.8178348167e-01 -1.9684474054e-01 4.7571374375e-01
3.5511619474e-01 -1.3270109340e-01 3.3509852376e-01
-7.6776485245e-02 6.2376261756e-02 -9.5872292829e-02
-1.2092830870e-01 5.8803791859e-02 -7.9433295558e-02
-5.8876031939e-02 2.1494959415e-01 -5.1549895845e-02
-6.1212353300e-02 1.5238313454e-02 5.5096329857e-02
-1.1611918123e-01 -5.5584812938e-02 7.6896970062e-02
-5.9881021821e-02 -8.6981519431e-01 8.2683065381e-01
5.2363391164e-01 -9.3995767051e-01 3.5420392657e-01
7.6612896000e-01 -1.4750737460e-02 -1.5986194187e+00
2.1300571323e-01 2.6612738365e-01 -1.0471341001e+00
2.1104980620e-02 -2.2698911598e-02 4.3968772413e-02
5.8251568879e-02 -3.8163947843e-02 3.5213722271e-02
3.9605828489e-02 -8.0816448110e-02 7.6339797824e-02
1.3646546148e-01 -2.3092603686e-01 2.8355004980e-01
2.0502976785e-01 -2.8773448525e-01 2.8228911740e-01
-1.2896252131e-01 -2.1757154070e-03 -1.7397771657e-01
-2.5208208687e-01 1.4168394136e-01 -1.1280296386e-01
-2.1811569705e-01 1.6818343601e-01 -4.1063790358e-02
-7.8549511403e-02 1.9693023187e-01 -9.2903638617e-02
-2.3005440114e-02 5.7122362908e-02 -2.1736427696e-02
-1.4032672900e-02 1.3333610801e-01 -6.4101710285e-02
-1.6890669369e-01 -8.1294066455e-02 2.2195250900e-01
-2.0563538565e-01 -9.7687739136e-01 1.3086881930e+00
-1.2775628144e-03 4.3261644984e-01 -5.7541388148e-01
5.9070168962e-02 7.4109617434e-01 -1.2179678515e+00
8.8738913229e-03 -1.8245420711e-02 5.0837800950e-02
3.9445852927e-02 -3.4299643528e-02 3.6843160139e-02
2.6015780097e-02 -1.0948655859e-01 1.0781547294e-01
2.3097052194e-02 -2.2324568604e-01 1.5419458199e-01
-3.3889856784e-02 -9.6276931870e-02 -1.7295454251e-01
1.0550535851e-01 2.1588006537e-01 -3.4348657175e-01
8.3735362514e-03 2.5303617707e-01 -7.6840973518e-02
-1.8961062029e-01 2.1163878384e-01 -5.2373864934e-02
-4.2199985433e-02 2.6214150098e-01 -5.9729196713e-02
-2.0400256862e-02 3.7316386214e-02 1.8091344518e-02
2.3664439596e-02 9.7203993702e-02 -3.8139497954e-02
-8.7336406937e-02 -1.1735341123e-01 1.9307850396e-02
-4.8859922935e-01 -5.4661324429e-01 7.1027835978e-01
-3.6339133018e-01 7.4170600743e-01 -4.6335399170e-01
-1.4285103434e-01 8.7591042097e-01 -1.0644981855e+00
-1.0073253287e-02 -3.3867723191e-03 4.5499528748e-02
6.7377694990e-03 -2.8382144762e-03 4.0551573027e-02
-1.9588501601e-02 -3.7113325181e-02 7.2662205325e-02
-2.4610701840e-02 -5.3219392229e-02 3.9153682728e-03
2.0172433635e-02 7.1500486472e-03 -1.9816557979e-01
1.9870239164e-01 1.0372687304e-01 -2.2730477413e-01
1.9041455348e-01 2.1366866091e-01 -3.3442680313e-01
-2.9179459330e-02 1.7700278772e-01 -1.1283995557e-01
2.2092173603e-02 1.7329924509e-01 -1.2972407239e-01
-6.5656554876e-02 3.1517415374e-02 1.7882222294e-02
-2.1850120198e-02 3.7115800570e-02 4.8752943429e-02
-8.3308328555e-02 -1.4261568710e-01 1.5640681121e-01
-4.8714379511e-01 1.2556339969e-01 -2.1569643923e-01
-6.6751593866e-01 7.6317674777e-01 -8.4154406562e-01
-2.7134367819e-01 4.7071104689e-01 -5.8618972608e-01
2.0108709704e-03 -2.3354636577e-03 3.4632439585e-02
1.9175234346e-02 -3.5901733356e-03 2.6570420168e-02
-1.2908112488e-03 2.3818561793e-04 3.9738616419e-02
-6.3927722479e-03 -3.5295819550e-02 3.2468748008e-02
-8.6835475473e-03 -8.9685852756e-02 9.2789226559e-03
-1.4769319563e-02 -4.6699389904e-02 -1.2263963923e-01
-6.8067684230e-02 1.3407662977e-01 -3.2632103625e-01
-3.5525016015e-02 9.2766048649e-02 -2.8178680791e-03
6.8714477698e-04 7.0273319413e-02 8.6041867680e-02
-7.6169020156e-02 -1.0392052109e-01 1.9032831217e-01
-6.6850115857e-02 -7.3443255634e-02 1.0413606196e-01
-2.8497529829e-01 -2.1253556434e-01 8.6239046611e-02
-9.2049876838e-01 -3.6953394449e-01 -2.7402646427e-01
-7.2387882739e-01 1.4335013986e-01 -6.2286015976e-01
-1.0021045084e-01 9.3872708110e-02 -1.7654844622e-01
-6.6359376484e-03 -7.0586711188e-03 2.7654749792e-02
1.6554179879e-02 -1.4970179246e-02 2.0810887241e-02
5.3898636471e-03 -4.3131012357e-03 4.1732147179e-02
7.2651725691e-04 -6.2804157968e-03 3.8693642753e-02
1.2990637468e-02 -7.0429419484e-03 3.3664792016e-02
2.6621137976e-02 -4.8110091877e-02 -7.0472728264e-02
-6.0459983852e-02 -1.3384590246e-01 -7.0222064828e-02
3.8107772537e-02 -2.2452824697e-01 1.8373501814e-01
7.3641905162e-02 -2.7500539106e-01 3.8298693252e-01
-1.5693806381e-01 -4.8547342154e-01 3.3639838707e-01
-1.8568813220e-01 -3.8796884090e-01 1.2632547066e-01
-3.9396726015e-01 -4.0512936223e-01 -9.6055996970e-02
-6.7296392442e-01 -6.0409099556e-01 -7.2369261581e-01
-2.9497896854e-01 -1.5075748872e-01 -5.4587499948e-01
-1.7989942263e-02 -3.5647985049e-03 -8.0455602270e-02
-1.3820219371e-02 -2.3861950740e-03 2.3937328059e-02
1.7781055179e-02 -1.9539533908e-02 1.6131774648e-02
-2.3349756884e-03 -8.8567027294e-03 3.3699053723e-02
2.6863306059e-03 -3.9108947075e-03 3.5712723616e-02
-5.5676976679e-03 5.5001099668e-03 4.9289268358e-02
-3.2675181674e-02 -6.3781074315e-02 3.3786405213e-02
-1.1798136866e-01 -2.1917214584e-01 1.5604331963e-01
-8.7326539729e-02 -3.9927247070e-01 4.6578866978e-01
-1.1365654179e-01 -6.2150583540e-01 5.9691975833e-01
-3.9737140758e-01 -8.4070492310e-01 4.8111278568e-01
-5.2317074386e-01 -8.4557818735e-01 1.7303095828e-01
-7.4524821605e-01 -1.0082742174e+00 -2.3597748949e-01
-4.3008514005e-01 -7.0211149227e-01 -6.1513085491e-01
-1.0987144196e-01 -1.6394062984e-01 -2.8165266507e-01
-3.1705162735e-02 -1.8150754953e-02 -4.1908275096e-02
-1.5314662514e-02 -4.0537011623e-03 2.3358909222e-02
1.0735094397e-02 -1.3473486870e-02 1.3280193116e-02
3.7282612083e-03 -9.4810697338e-03 3.4197146597e-02
-5.7778583959e-03 -3.8514992529e-03 3.4097961210e-02
-2.0927669697e-02 4.4871212795e-03 5.2331280484e-02
-1.4040721368e-02 -1.8696603135e-02 5.0808103647e-02
-5.0822620481e-02 -1.0606655727e-01 1.1317920970e-01
-1.6713854424e-01 -3.1375871908e-01 2.7260371508e-01
-2.4585806332e-01 -5.9794729709e-01 4.4201491475e-01
-3.6463705076e-01 -8.8059097657e-01 3.9462550269e-01
-4.6367397278e-01 -9.4413223484e-01 7.5271112531e-02
-6.2923976979e-01 -8.4582398771e-01 -1.9335243284e-01
-2.5089568722e-01 -3.1577163495e-01 -2.1316660197e-01
-4.1614412995e-02 -4.0364499614e-02 -5.8263294304e-02
-2.0075402948e-02 -2.4654918736e-02 -2.9259453595e-02
-6.6824539443e-03 -4.3669673012e-03 2.6783650361e-02
1.6525227846e-02 -9.4041153253e-03 1.6608523917e-02
-2.8166050227e-03 -4.0110714068e-03 3.1898525161e-02
-1.6190574441e-02 -2.3264567158e-04 2.5879377752e-02
-1.3760735893e-02 1.1317539314e-02 3.4742896962e-02
-6.5433080470e-03 -2.9727958475e-03 1.4564442338e-02
-7.3821211767e-03 -1.1737030359e-02 4.0937776182e-02
-6.7753941672e-02 -7.9125259100e-02 6.4194354983e-02
-1.3373286123e-01 -1.7910957039e-01 1.1557645752e-01
-1.8458158488e-01 -2.7387150535e-01 8.2700119425e-02
-1.8015153337e-01 -3.1222797530e-01 -2.2697802720e-02
-2.0800339396e-01 -2.1213469669e-01 -7.4523801912e-02
-8.2627653725e-02 -5.8262485569e-02 -4.5480198567e-02
-1.1816260783e-02 -1.2509365185e-02 -5.5467320042e-02
-3.3901855188e-02 -1.7752760340e-02 -5.5057804579e-02
4.9802026376e-03 -1.7234157215e-02 2.6889501931e-02
3.3370315701e-02 -3.0975261029e-02 9.3454535644e-03
2.1883268526e-02 -2.6254785985e-02 3.7426493594e-02
8.5029682413e-03 -2.3743706630e-02 3.1479054231e-02
2.1986425775e-02 -2.6272911667e-02 4.2568762874e-02
2.1942386730e-02 -4.6760299802e-02 1.7825854946e-02
3.2524102149e-02 -3.9275502296e-02 3.8309730923e-02
8.9483214509e-03 -3.2185249032e-02 2.5709525953e-02
1.3414111341e-02 -2.4761108789e-02 2.6854128523e-02
-6.3233927216e-03 -4.3660175702e-02 -2.7741566888e-03
2.9226524627e-02 -3.7467095588e-02 2.5194447790e-03
-2.7794059915e-03 -2.5834680190e-02 -1.1713067016e-02
2.2693853159e-02 1.2332904252e-02 -5.1711574072e-03
2.4846474016e-02 2.9751832090e-02 -5.8068836926e-02
-2.4378380860e-04 -3.0449591819e-02 -3.2332566433e-02
1.3476672941e-02 -1.4175084505e-03 2.6554587673e-02
3.1059343230e-02 -5.5942147437e-03 2.8534438495e-02
2.0015440960e-02 -2.2799813040e-02 2.8699373672e-02
2.9952853263e-02 -3.0178151294e-02 2.6052574109e-02
2.8003528458e-02 -3.8150809300e-02 2.2591580931e-02
2.5558094296e-02 -3.2276185026e-02 1.1076757790e-02
2.5504164246e-02 -3.4163975866e-02 1.2291902156e-02
-8.4285218886e-03 -2.6032400568e-02 9.7427389436e-03
-9.7117017380e-03 -2.6896648170e-02 1.2881976715e-02
-2.4681691552e-02 -2.7135783228e-02 8.0130894233e-03
-1.4353311616e-02 -4.4696004949e-02 9.9879701396e-03
-6.8237903889e-02 -3.1581868393e-02 -6.7556812435e-03
-7.3298719136e-02 -3.0256422195e-02 2.8354726918e-02
-4.9729448240e-02 -2.3547670660e-02 4.5729188515e-03
-5.3861248858e-02 -3.2906468849e-02 -1.4150695465e-02
1.5875406911e-02 3.1738400697e-03 1.9363497529e-02
3.1761123073e-02 -1.2461457977e-02 1.9155491719e-02
2.9439116448e-02 -2.6876897468e-02 2.4291494184e-02
3.9231325984e-02 -4.1010884073e-02 1.5178174673e-02
3.0400116951e-02 -5.1684657536e-02 1.6711952940e-02
2.5506081440e-02 -4.8017468903e-02 5.8470252864e-03
1.6226781943e-02 -5.0171786482e-02 5.1803053799e-03
-5.1409128355e-04 -3.5212891002e-02 -1.9318648663e-03
-1.1614682042e-02 -3.4811928979e-02 -2.8606634810e-04
-2.2441293611e-02 -2.9337790210e-02 -7.6338468750e-03
-2.0878946871e-02 -4.6950966480e-02 9.9032031747e-04
-3.3860314334e-02 -4.0887943465e-02 -2.7543948853e-03
-2.3557880611e-02 -5.4024258982e-02 4.1536931629e-02
-2.3432748025e-02 -3.8062741208e-02 1.1057942679e-02
-1.1918864561e-02 -3.4714413314e-02 -7.1793904131e-03
1.6461866439e-03 7.4301478715e-03 7.9103297596e-03
2.5000928425e-02 -1.3673239266e-02 1.0566501279e-02
2.1982137978e-02 -2.7424459106e-02 1.7191602250e-02
3.4211107826e-02 -4.2281686808e-02 1.2199087444e-02
3.4852506614e-02 -4.8051094710e-02 2.0902400884e-02
2.0014201408e-02 -3.9328033846e-02 7.9710382652e-03
5.9996372921e-03 -3.5907767878e-02 5.6885549040e-03
-1.1021282485e-02 -2.4340976469e-02 -7.3764054120e-03
-8.0377302612e-03 -2.0174796948e-02 -7.4267370054e-03
1.6328165476e-02 -2.8307576274e-02 3.6970167043e-03
2.0107341701e-01 -8.8688751550e-02 7.7689790876e-02
3.9421306610e-01 -1.1581131376e-01 -5.9189762029e-02
1.3968177692e-01 -7.5097516044e-02 -7.5639569155e-02
9.2413296030e-03 -3.2431970902e-02 -1.5118211007e-02
-3.1464303292e-02 -1.5344143309e-02 -3.3574102226e-02
1.3081287158e-02 8.2125130215e-03 5.5746637609e-03
3.9341687265e-02 -2.1852919964e-02 4.7511130456e-03
2.3406934265e-02 -3.2984544710e-02 9.0361506098e-03
2.9370579688e-02 -4.3361276693e-02 6.0842170162e-03
1.4644752929e-02 -3.4394091977e-02 1.1756700901e-02
1.7436414333e-02 -3.7810330450e-02 6.9081511054e-03
1.2341583628e-02 -4.7839727153e-02 1.0070640655e-02
2.7565677860e-02 -7.0802967850e-02 1.7401370445e-02
9.7208370397e-02 -1.1128623955e-01 6.4047851041e-02
2.4731102844e-01 -1.7098088073e-01 1.9465078960e-01
1.1510632985e+00 -4.6922565173e-01 4.7669737564e-01
1.6667526848e+00 -6.1951053087e-01 -6.1005088684e-01
5.8770016354e-01 -2.4013396840e-01 -1.1093584121e+00
5.2764998891e-02 -5.6993506140e-02 -1.8237312730e-01
-2.7982853341e-02 -2.5974637681e-02 -5.0261961205e-02
1.2093668327e-02 1.4024104139e-03 1.1783467686e-02
4.2995571721e-02 -1.8963748419e-02 5.8746577099e-03
2.6758058815e-02 -3.1746806643e-02 1.7481441988e-02
2.5606433107e-02 -4.0165214646e-02 1.0953072786e-02
1.6645300145e-03 -3.5347181000e-02 1.4971726972e-02
2.6887481238e-02 -5.2153611341e-02 1.1130456078e-02
5.0591659839e-02 -9.7061698697e-02 2.8865789756e-02
6.4748091071e-02 -1.7347582699e-01 4.5645306162e-02
1.8817019352e-01 -3.6280422293e-01 1.9482116563e-01
2.5441919767e-01 -2.6623339065e-01 3.5139724474e-01
5.1935609364e-02 3.8370410492e-02 1.9960944265e-01
-6.2699552427e-01 1.2040769922e-01 -1.2216974778e+00
-4.5125005069e-01 5.5554761460e-02 -1.8779802945e+00
6.1397284342e-02 -1.3612862371e-01 -3.7196718801e-01
-1.3176882646e-02 -4.5462829660e-02 -7.2534329990e-02
2.7436970651e-02 -1.4463033947e-02 2.3969546899e-02
5.7522313859e-02 -3.3712447296e-02 1.6308387455e-02
3.1259121195e-02 -3.9279218956e-02 1.8539512618e-02
2.5766558903e-02 -6.0969217883e-02 6.2533747292e-03
6.3320872243e-03 -7.6805845186e-02 2.3132013519e-02
3.2631548173e-02 -1.2093913072e-01 1.6373898397e-02
-3.5473680325e-02 -1.4310106501e-01 -1.2470326602e-03
-1.0170885820e-01 -1.5662616378e-01 -1.0192113060e-02
5.9578363707e-02 -1.7576206203e-01 3.8730018723e-02
6.6917729330e-02 -1.3036025980e-01 2.3369478076e-01
-6.9439548122e-01 7.0963646614e-01 -1.9130154719e-01
-1.2130492410e+00 8.1687784548e-01 -5.1932228632e-01
-4.7947980428e-02 -2.8190082912e-01 -3.5666645285e-01
6.5168122925e-01 -7.4663710931e-01 -3.4360795024e-01
1.2124260030e-01 -1.3339464566e-01 -2.2592114906e-01
3.4401810714e-02 -2.5597698477e-02 1.8724702897e-02
6.5618294667e-02 -4.7295883153e-02 1.1748267676e-02
3.9368246687e-02 -5.6616494509e-02 1.6376054657e-02
4.3268470918e-02 -8.0302085464e-02 1.8366416618e-02
1.1107727773e-02 -1.1820128033e-01 3.9180667281e-02
-3.1585284231e-02 -1.0216968787e-01 -5.6604295101e-02
-1.6329244075e-01 -1.8036867854e-02 -1.1537390242e-01
-1.4431087475e-01 8.8794428073e-02 -4.2440822297e-02
-1.3999939483e-01 4.0731983897e-01 -3.0562717071e-01
-3.1617964538e-02 1.4254688900e-01 -1.2021543820e-01
-1.7147256775e-01 4.6962914801e-01 -1.4140387271e-01
-1.4311771837e-01 1.8130633332e-01 1.4220978765e-01
6.8500258145e-01 -1.3992473879e+00 9.3072830547e-01
1.2351877315e+00 -1.4238533870e+00 -5.3460562617e-01
4.7107712740e-01 -1.2724048779e-01 -8.9326261551e-01
3.8966814511e-02 -2.6319687632e-02 2.5898202191e-02
6.5260369590e-02 -4.5793327828e-02 2.1969677735e-02
3.7083900347e-02 -5.5187886183e-02 2.2941815947e-02
3.4085359902e-02 -8.4820660665e-02 3.1609807219e-02
-2.3958319220e-02 -7.9575571784e-02 8.6494320210e-03
-8.1994228246e-02 4.9666222503e-02 -8.0857809363e-02
-9.5586440092e-02 7.6628012845e-02 -5.6025327985e-03
-5.9267921377e-02 1.8896696173e-01 -1.9342537208e-01
-1.3993478130e-01 5.2846845146e-01 -3.1055346954e-01
-8.7941992904e-02 3.5672332171e-01 -1.1525143980e-01
-5.5236292454e-02 2.4464483011e-01 2.4020870767e-02
-1.4292925730e-02 -2.1816192032e-01 4.0470858042e-01
1.6443913665e-01 -1.4498249121e+00 1.5108054729e+00
7.0779944757e-01 -8.3913479385e-01 -1.8872556852e-01
5.5858153737e-01 3.0814227219e-01 -1.8929115290e+00
2.0565035736e-02 -2.1310726505e-02 2.7493286187e-02
4.4680782220e-02 -3.8917069669e-02 2.3335081990e-02
2.7158555019e-02 -4.2363713259e-02 2.1749381573e-02
1.5558435770e-02 -5.7347181005e-02 2.3193501992e-02
-1.1656438961e-02 -2.9605804412e-02 2.0501587699e-03
3.2557155892e-02 4.5952617342e-02 1.0024986399e-02
-1.2833275654e-01 2.7120292769e-02 9.1837964667e-02
-1.6182108004e-01 3.2409079525e-01 -1.3580565740e-01
1.3894754774e-02 5.7161969951e-01 -2.1293868825e-01
4.2937475807e-02 3.3036571152e-01 1.6702872163e-02
1.8112964716e-02 1.7582843340e-01 -1.7926769928e-02
-7.8077351379e-02 -8.2811707598e-02 1.4149570113e-01
-6.8654771796e-02 -2.3128592784e-01 8.4617356077e-01
-1.3977478081e-01 2.3988940523e-01 -2.4083696295e-01
-3.8755107935e-01 7.2260414221e-01 -2.3769275279e+00
-1.4353948930e-03 -7.8414101091e-03 2.4017923653e-02
1.2939069111e-02 -1.1405999913e-02 2.7999784630e-02
3.4918360035e-03 -1.1880378470e-02 2.7804258037e-02
9.3624823599e-03 -1.9074374579e-02 3.3337039079e-02
1.3084449397e-02 -2.7361079112e-02 3.3241319905e-02
8.4345822700e-02 -5.5569909770e-02 3.1515832668e-03
4.3256545887e-02 5.1227067807e-03 -3.1917705576e-02
-3.4633697350e-02 2.7471361741e-01 -1.0214530606e-02
6.3123734332e-02 2.9169909544e-01 -2.8780162700e-01
4.1957797611e-02 3.5398067172e-02 6.3162331728e-02
3.1013637300e-02 -1.5329028217e-01 8.1479839804e-02
-7.2754910294e-02 -2.9066788138e-01 3.3919915986e-03
-5.9243422787e-01 1.0787958893e-01 -2.7099390396e-01
-1.3791605380e+00 3.6140629171e-01 -1.1031251665e+00
-9.8412502379e-01 3.9328270456e-01 -1.4541301076e+00
8.9757532572e-03 -7.1235757113e-03 2.0395007363e-02
2.5063766957e-02 -2.0240163168e-02 1.9081692221e-02
1.2367365758e-02 -1.9062164287e-02 2.0842731397e-02
2.2886582969e-02 -1.9764515527e-02 2.8708026388e-02
9.2574868766e-03 -2.2254271948e-02 3.1412281230e-02
1.3540411219e-02 -4.7630275275e-02 -6.0708018960e-03
1.1158944828e-02 1.3686986340e-02 -1.6858709701e-02
-4.0191121813e-03 6.6073493277e-02 9.0708133775e-02
1.6072378381e-02 3.9773291674e-02 2.5582579179e-02
2.9046440840e-02 -1.3791118709e-01 3.7565816574e-01
-2.5036307006e-01 -4.7443874885e-01 3.3432837014e-01
-5.9835058491e-01 -7.6510617802e-01 -4.7012074161e-04
-1.2815874941e+00 -5.2153785124e-01 -6.3052212020e-01
-1.4128491952e+00 -9.8457394516e-02 -8.5580612458e-01
-3.7723267088e-01 5.7073633010e-02 -3.1732333879e-01
3.5604678929e-03 -8.8153812816e-03 1.3682371868e-02
2.0765270410e-02 -2.2960723983e-02 1.1044705507e-02
1.4220113295e-02 -2.5226197786e-02 1.9057148344e-02
1.7678757748e-02 -2.3728252004e-02 2.0162426651e-02
1.5286496908e-02 -2.3490959999e-02 2.3583141073e-02
1.2540345017e-02 -2.4973624864e-02 9.5649245434e-03
1.9222692146e-02 -3.1284087417e-02 8.6803454087e-03
1.5750647773e-02 -8.3742482821e-02 5.7627894607e-02
-4.6356566072e-03 -1.9293626487e-01 2.9388671294e-01
-1.0959678554e-01 -5.1770548023e-01 5.1714194201e-01
-5.1219331285e-01 -8.6429757665e-01 2.6303337329e-01
-8.5159541215e-01 -9.1557932995e-01 -1.5805346232e-01
-6.3160029769e-01 -4.9035916780e-01 -4.0510438872e-01
-3.3123001494e-01 -7.4216330469e-02 -2.4442792978e-01
-5.6728517244e-02 1.0362817157e-02 -4.8949346733e-02
-8.0187881505e-04 -7.7422532765e-04 1.2675836691e-02
2.3246133327e-02 -2.2152518844e-02 1.4258282460e-02
1.1842634163e-02 -2.2111655996e-02 1.8850120747e-02
1.9301171799e-02 -2.1231158778e-02 2.0685594618e-02
7.3830943398e-03 -1.5986125618e-02 2.8000255154e-02
4.8225055616e-03 -1.8652861845e-02 2.7456052467e-02
6.1756543805e-03 -3.2412316840e-02 4.5991040635e-02
-6.1278176192e-03 -7.7066949469e-02 8.1202128703e-02
-1.9506268130e-02 -2.1573329944e-01 1.9530961227e-01
-1.5551922788e-01 -4.9321728996e-01 2.9158966230e-01
-3.3538987763e-01 -7.7023009831e-01 1.6896608933e-01
-4.9104071905e-01 -6.9795160666e-01 -1.1363512358e-01
-2.0605872795e-01 -2.6164764976e-01 -1.3588969875e-01
-3.4505393596e-02 -2.3122638944e-02 -3.4996546784e-02
-2.6911271896e-02 1.4215155193e-03 -4.0110060825e-02
-5.7025671710e-03 -2.4932219823e-03 8.5943785750e-03
1.6641608484e-02 -1.9508268325e-02 9.0457808122e-03
3.4507157165e-03 -2.1356846184e-02 1.7911038839e-02
9.0651459684e-03 -2.1446397862e-02 1.6885170458e-02
-1.5122056874e-02 -1.2713121955e-02 2.2685547411e-02
-9.9536270921e-03 -1.7098500166e-02 2.6580804967e-02
2.1241410262e-03 -2.3003192426e-02 3.5219281738e-02
-2.2223791126e-02 -3.9390572648e-02 3.5814809239e-02
-4.3681660061e-02 -9.7044199642e-02 4.4402389635e-02
-1.1837398174e-01 -1.9010205543e-01 6.2521809628e-02
-1.3887102429e-01 -2.5927894664e-01 4.9724398660e-02
-1.8172948474e-01 -1.8000352159e-01 -2.1864177344e-02
-6.4684080977e-02 -4.2519309523e-02 8.4274801439e-03
-2.5752273372e-02 -3.2872799993e-04 -1.0593338823e-02
-2.2178781598e-02 -8.9803384562e-03 -4.5154429035e-02
1.8091677551e-03 -1.2244696194e-03 1.4944836670e-02
1.8600953636e-02 -1.2856834229e-02 1.2743956075e-02
9.2630619679e-03 -1.4375727190e-02 2.0449278228e-02
1.4120043760e-02 -1.3245224377e-02 2.0921803348e-02
-1.8931528724e-03 -8.1592597329e-03 2.2009170786e-02
5.2879674748e-03 -1.9986272356e-02 1.9268794380e-02
1.5635206349e-02 -1.6196297119e-02 2.5866359443e-02
4.6141909517e-03 -1.3052000398e-02 1.6930227157e-02
3.2111175880e-03 -1.0183706455e-02 1.0945739158e-02
-2.4242793652e-02 -2.5764009255e-02 -1.0535543396e-03
3.5548979350e-03 -4.4224264897e-02 7.1014307229e-03
-3.3212395054e-02 -2.1479998587e-02 3.3521073199e-03
-3.8821761196e-02 -1.7751995895e-02 3.3186041452e-02
-2.8392514232e-02 -1.3811293339e-02 8.1258527836e-03
-2.5523533520e-02 -1.6812421943e-02 -6.0078982315e-02
1.9280129530e-02 -1.5740311796e-02 1.8978609895e-02
4.1219803702e-02 -3.1346443114e-02 8.1191490244e-03
3.5030445783e-02 -3.1493626977e-02 1.9164075329e-02
3.0769416670e-02 -2.9046436905e-02 1.6544703803e-02
2.6342676255e-02 -2.8101495026e-02 2.4651855396e-02
2.4800578491e-02 -4.3921693008e-02 2.1716651927e-02
3.6215210304e-02 -4.0668042996e-02 2.7355411336e-02
2.3087699650e-02 -3.2032772790e-02 1.4937822210e-02
3.5208615950e-02 -1.8579631371e-02 1.1966846784e-02
1.5140413564e-02 -3.0493003942e-02 -1.0214170485e-03
2.8294653063e-02 -3.2266035305e-02 8.8524714183e-03
-7.0962089987e-03 -2.0190385906e-02 6.8155865475e-03
-9.5313161012e-03 -4.4112027471e-03 3.7103836234e-02
-9.6801680553e-03 1.1310484720e-02 -1.8263770631e-02
-4.3757602186e-03 -2.9680598460e-04 -4.4329721287e-02
9.3674335870e-03 5.5426939897e-03 1.8029597922e-02
2.4311083034e-02 2.8647538640e-03 1.9147276745e-02
1.6775242861e-02 -1.0780960886e-02 2.4377330322e-02
2.1681406913e-02 -1.9282466785e-02 2.0608372093e-02
2.1826073817e-02 -1.9256849339e-02 1.6791181322e-02
2.0713851532e-02 -2.2364818693e-02 3.6876565035e-04
2.4985361827e-02 -2.3781811362e-02 7.2000585450e-03
-9.2953266367e-03 -2.0578570158e-02 4.3426713261e-03
-5.2713910078e-03 -1.1800936859e-02 1.1440613259e-02
-3.1049920478e-02 -8.9627683155e-03 -1.7759968670e-03
-1.7677193474e-02 -1.8675943984e-02 5.5980217168e-03
-6.6283361993e-02 -1.9128870291e-02 -2.6612223127e-03
-6.3306520307e-02 -2.2075472471e-02 4.0549286028e-02
-4.1525114329e-02 -2.9466088839e-04 2.3155369767e-02
-1.3155355599e-02 -2.8375116008e-02 2.4054134431e-02
1.6925942795e-02 9.0794553528e-03 1.0300697512e-02
3.5632312884e-02 -9.7145312276e-03 1.0739090936e-02
3.1967665036e-02 -1.8141373129e-02 1.9633540765e-02
4.1842000648e-02 -3.4387216618e-02 8.7870543245e-03
3.5095618876e-02 -3.5637547564e-02 9.3424457883e-03
3.4749011021e-02 -4.5141885317e-02 -1.5826448079e-03
2.9317684847e-02 -4.4062270526e-02 1.3490308886e-03
5.3053786216e-03 -3.7540977669e-02 -6.9804023666e-03
3.6537542599e-03 -2.7577580706e-02 -3.1854486609e-03
-1.7540139665e-02 -2.1913470752e-02 -2.0498330898e-02
-1.5524615961e-02 -3.2007670259e-02 -1.2776093772e-02
-4.8236932511e-02 -2.3636801261e-02 -1.6153992012e-02
-3.0355204416e-02 -4.5078479105e-02 4.1136427407e-02
-1.9223904145e-02 -2.0959581663e-02 1.2422276391e-02
-3.7301864745e-04 -3.5461654804e-02 1.6633311508e-02
2.1129542842e-03 1.6984145774e-02 -6.1049304761e-05
2.5300344034e-02 -4.3337366826e-03 1.4784944452e-03
2.3103810768e-02 -1.4458378058e-02 1.3459491593e-02
3.8055492021e-02 -3.0013297931e-02 8.3049332736e-03
3.3588600339e-02 -2.8593234032e-02 1.0515511614e-02
2.7862702178e-02 -3.1258288448e-02 1.1126235274e-03
2.6148135813e-02 -2.8512711509e-02 6.8089916739e-03
-2.2110291825e-03 -1.5776371214e-02 -8.2961876267e-03
-1.4896092401e-03 -3.6660208094e-03 -9.1141105359e-03
-1.3610669030e-02 -1.0074675693e-03 -2.9709816131e-02
3.0618939683e-02 -2.8075086329e-02 1.0869623892e-02
6.7993293347e-02 -4.8328008516e-02 -1.8111140828e-02
3.0528659809e-02 -4.0470238638e-02 2.0322050387e-02
-1.4305206981e-02 1.1266217573e-02 -2.5977331978e-03
-7.6572465188e-03 -8.3159694444e-03 -3.1687011563e-03
6.3102509743e-03 1.6495601910e-02 -4.7392078120e-03
3.5429847004e-02 -1.0799477605e-02 -4.0104191926e-04
2.4972567823e-02 -2.2097442713e-02 5.6334332101e-03
3.6872910174e-02 -3.4744124004e-02 2.3667101302e-03
2.5961229761e-02 -2.2890013969e-02 6.0772654739e-03
2.6757134032e-02 -2.8385045312e-02 -1.1203467975e-03
2.7656283829e-02 -3.3028712197e-02 5.9888682853e-03
1.4584370800e-02 -3.3223044093e-02 -5.7487018579e-04
2.2143395161e-02 -2.4472804193e-02 5.9652579646e-03
6.7105025126e-02 -7.1504460818e-02 4.3472785796e-02
4.9586276437e-01 -3.6483104136e-01 2.7972440032e-01
9.8792166069e-01 -6.2602044811e-01 -9.8511469616e-02
4.5486227328e-01 -2.4507864313e-01 -3.9132142111e-01
2.8295582560e-02 -1.1823693609e-02 -6.9654017634e-02
-8.8043203659e-03 -2.1911247849e-02 -2.3389471587e-02
1.2144666123e-02 9.8887561188e-03 6.4096370405e-03
5.1323405333e-02 -7.7611867513e-03 8.5783647808e-03
3.1639471578e-02 -1.5909204995e-02 1.7784030343e-02
3.6632065722e-02 -2.2289745742e-02 1.3707519892e-02
1.8197059808e-02 -6.8149511099e-03 1.8935219111e-02
3.7187229884e-02 -2.1070820622e-02 1.0204151352e-02
4.1009981356e-02 -3.5143003001e-02 2.2338856958e-02
1.6968902866e-02 -4.7357100189e-02 1.3160553395e-02
5.7940100990e-02 -9.6951338855e-02 8.1388400059e-02
1.6844545636e-01 -1.9262519211e-01 2.3865494536e-01
6.2416125000e-01 -6.2036832806e-01 5.5761927031e-01
9.3071592318e-01 -7.5672214777e-01 -4.5632800214e-01
6.1145249042e-01 -1.1900215608e-01 -1.4921437113e+00
9.3857250262e-02 1.2852564717e-02 -3.2339899348e-01
-3.5685523619e-03 -2.2635575550e-02 -2.8029167226e-02
1.9987223001e-02 -7.4652287538e-03 1.0726396303e-02
4.5823761202e-02 -2.5161385634e-02 5.4331733231e-03
2.7235586934e-02 -3.1441870494e-02 1.4542120802e-02
1.9891127488e-02 -3.6414385041e-02 3.5118124765e-03
2.0404750103e-02 -2.6763901157e-02 1.4272894202e-02
2.6768565815e-02 -5.1358189850e-02 4.5351012314e-03
2.7755330501e-02 -7.0747890977e-02 3.0403010291e-02
1.7242063979e-02 -1.0961438294e-01 2.9099827419e-02
3.6210806839e-02 -1.8578643130e-01 4.9588783642e-02
-7.1479793980e-03 -9.6951999090e-02 1.7028394098e-01
2.4154892375e-02 -9.8048654329e-02 2.5551903430e-01
-6.9135637362e-02 3.3052085800e-01 -4.2420282336e-01
2.0557278668e-01 1.0445660805e+00 -1.6851164445e+00
3.0103757697e-01 2.7107641719e-01 -7.2999625187e-01
3.9733563178e-02 -2.6157030517e-02 -8.2760160026e-02
3.3757266871e-02 -2.2288767993e-02 1.3462697571e-02
6.5726914139e-02 -4.0304470209e-02 1.1971867114e-02
5.0974571157e-02 -5.4714349805e-02 2.4423486585e-02
5.6360697878e-02 -6.2987155458e-02 2.7594248595e-02
4.0131744107e-02 -4.9663134629e-02 3.4595681408e-02
4.3105067005e-02 -6.9384499468e-02 3.0849174655e-02
4.4483595949e-02 -8.7089654847e-02 5.7639711756e-02
2.4260410004e-02 -6.8979711670e-02 4.2763260238e-02
-1.4880168242e-02 -5.0451110131e-02 -6.0879924678e-02
1.2396493394e-02 1.1402983858e-01 5.3221167145e-02
5.4492289890e-02 1.9100617060e-01 6.8144493305e-02
-7.0061689548e-02 8.8759006163e-01 -1.8466821207e-01
3.3357973411e-01 1.7927096279e+00 -8.5973672024e-01
7.9486542204e-01 6.6020340168e-01 -9.4021454613e-01
3.2882523700e-01 -4.1767729440e-03 -3.5969338201e-01
2.6138011954e-02 -1.7089280214e-02 1.3458173686e-02
6.2520265835e-02 -3.8091364977e-02 1.8792308531e-02
3.3779951328e-02 -4.5049312748e-02 2.1329627762e-02
3.9498031338e-02 -4.9609161663e-02 2.2579606056e-02
2.6292214270e-02 -3.2077876493e-02 3.2355144176e-02
2.9589844513e-02 -5.2831495355e-02 3.1074842985e-02
4.7439821860e-02 -8.2193297085e-02 4.5620222672e-02
3.1313881854e-02 8.3499404147e-03 -6.5480863239e-02
-5.2490609899e-02 1.2771316673e-01 -1.4359710101e-02
-5.5739563894e-02 3.3944532900e-01 1.6923403603e-01
-3.3706259206e-02 3.0044904866e-03 2.3803301483e-01
4.3574539548e-02 3.7164633780e-01 1.6179750948e-01
3.8522566762e-01 1.2202988287e+00 1.7330198526e-01
1.0291915707e+00 3.6572112753e-01 -3.3798491942e-01
6.6975167221e-01 -2.4993598392e-01 -1.2579690403e+00
1.9241185777e-02 -1.5193948032e-02 2.2490230502e-02
4.9506314670e-02 -3.2457758235e-02 2.4328821446e-02
3.0356862639e-02 -3.7969006401e-02 2.4923167524e-02
3.8038589615e-02 -4.0267077931e-02 2.5111503903e-02
1.7845248438e-02 -2.3499787652e-02 3.6118142178e-02
1.2817172335e-02 -4.2495595950e-02 3.7033205153e-02
-1.1650026392e-02 -5.8709386674e-02 5.6622469054e-02
-8.3545610284e-03 3.2594953249e-02 -6.9224577942e-02
5.5789997167e-02 1.4321717880e-01 3.0042117295e-02
6.1983580269e-02 2.4631247621e-01 2.8482526012e-01
-1.2173777845e-01 -1.9469403885e-01 2.2346079578e-01
-6.5834629310e-02 -3.4485214881e-01 4.9166991363e-01
1.0380049485e-01 1.8114898169e-01 7.3750255965e-01
-1.1642981914e-01 -4.4158950862e-01 -1.1394991452e-01
-3.9885656049e-01 -5.7121056298e-01 -2.0649864089e+00
-2.0384493034e-03 -1.6004078180e-05 1.9384812381e-02
1.7195923115e-02 -7.7108650061e-03 2.5891162572e-02
3.9834008063e-03 -8.4560894276e-03 2.7259269360e-02
1.0101883484e-02 -7.8526218680e-03 2.5848725150e-02
2.9905155070e-03 -5.2845068155e-03 3.1550198091e-02
5.5038245539e-03 -1.3235817679e-02 1.6561268610e-02
-8.2168903649e-04 -4.7247648214e-03 3.9794310118e-02
-2.0870939266e-02 2.1839677673e-02 -2.5009148409e-03
2.8052906212e-02 -6.6997007276e-03 -1.7825462383e-02
7.0711370290e-02 -7.2090201716e-02 1.7754028302e-01
-8.2803010395e-02 -6.4911671362e-01 2.2458675330e-01
-2.9394264580e-01 -9.1566760837e-01 4.9112580250e-01
-1.0402183811e+00 -8.1967147588e-01 3.1458963688e-01
-1.9666170524e+00 -1.1174085815e+00 -8.5376523825e-01
-1.1368512081e+00 -4.3341694032e-01 -1.3362587413e+00
1.1464409443e-02 -3.6698406251e-03 1.4070973808e-02
3.0401859408e-02 -1.6015428457e-02 1.5445992731e-02
1.9784272235e-02 -1.7565229832e-02 2.0438071323e-02
2.9946171290e-02 -2.5665962141e-02 1.8464947772e-02
2.0452030641e-02 -1.6925070025e-02 1.9999996424e-02
1.9166994672e-02 -2.6983746001e-02 1.0638856894e-02
1.7081870430e-02 -1.9914076409e-02 2.7608937183e-02
2.0127371806e-03 -2.4310163818e-02 2.2192319691e-02
9.9242677859e-03 -6.5384523888e-02 1.9047529258e-02
1.0813697278e-01 -1.4694860042e-01 1.6703153968e-01
-1.2200413327e-01 -6.5452764699e-01 3.0337587710e-01
-6.0352979855e-01 -1.0606450007e+00 2.6452551554e-01
-1.2330498491e+00 -8.0699262981e-01 -3.8434222372e-02
-1.3157587950e+00 -5.6825287679e-01 -4.8163452374e-01
-3.5270756249e-01 -1.0369786201e-01 -2.3574776312e-01
6.1863224721e-03 -2.7408579794e-03 9.1553183468e-03
2.8492943922e-02 -1.3092517361e-02 1.1019935138e-02
2.2784041872e-02 -1.9804577567e-02 1.7699705130e-02
2.7416985802e-02 -2.1245293090e-02 1.7179960927e-02
1.4039895966e-02 -1.7235470168e-02 2.0197734365e-02
1.6557407366e-02 -2.3986604879e-02 1.3736064837e-02
2.2772679754e-02 -2.4719419427e-02 2.3819158750e-02
-1.0428782492e-03 -2.4014207738e-02 1.4732997237e-02
-1.4386118006e-02 -4.6014740155e-02 4.7164196141e-02
-4.8717507939e-02 -1.1722308053e-01 1.0076132264e-01
-1.6177898010e-01 -3.0045724952e-01 1.4390018074e-01
-3.6407641092e-01 -4.1269170466e-01 2.4501968325e-02
-2.5453090718e-01 -1.8384484046e-01 -8.9174616356e-03
-1.7832260406e-01 -3.4715801873e-02 -4.0323255734e-02
-2.7832666928e-02 1.3056029453e-02 -5.3415012724e-04
-3.5876550198e-03 4.5965331865e-03 5.7267888332e-03
2.6061681285e-02 -1.4735205203e-02 1.0095486300e-02
1.1664282146e-02 -1.7812917877e-02 1.3687387803e-02
1.7696600085e-02 -1.4537303911e-02 1.5090619649e-02
6.2535106161e-03 -9.3873173449e-03 1.9806838921e-02
1.0073468593e-02 -1.8495309179e-02 1.8623710012e-02
6.0552624882e-03 -1.8261934622e-02 3.2594545969e-02
-5.5551428127e-03 -1.4597611830e-02 1.9870105978e-02
-3.0315604179e-03 -1.5039769766e-02 2.5396488428e-02
-4.5497335919e-02 -5.3425141520e-02 -9.8409324176e-04
-4.3110298080e-02 -1.0234308760e-01 1.2426038748e-02
-8.8445583506e-02 -8.2820215504e-02 -8.0517570340e-03
-2.7026923155e-02 -4.6565084136e-03 3.2042892845e-02
-2.0663227525e-02 2.5074377091e-02 1.2234341363e-02
-1.0346180060e-02 4.8181945824e-03 -1.3680382043e-02
-3.7546474249e-03 5.5952535578e-03 7.8465805751e-03
2.8238628088e-02 -6.9225154761e-03 1.0625418246e-02
9.7702179331e-03 -1.0426417710e-02 1.6676200718e-02
1.8313608613e-02 -1.1423439717e-02 1.8735235614e-02
-6.5237723363e-04 -1.7213761772e-03 2.6295304839e-02
5.4518494127e-03 -1.0279088738e-02 2.5612838827e-02
1.5221747557e-02 -1.6848882447e-02 3.7897996553e-02
-6.5415153081e-03 -1.5301729241e-02 2.1866876774e-02
3.2392615766e-03 -3.5137274249e-03 1.4924055550e-02
-1.9364575120e-02 -6.8638717532e-03 -4.3381112246e-03
1.8535620679e-02 -1.1212146996e-02 7.7873534564e-03
-2.5457266708e-02 1.8959214249e-03 1.2455824911e-02
-1.4456910781e-02 1.2546161064e-02 4.6153727561e-02
-2.6355871579e-02 9.6914459173e-03 2.6190046946e-02
-1.7824864929e-03 -7.0283306242e-04 -1.9167080255e-02
4.8815797072e-03 2.5838640415e-03 9.7654730610e-03
2.8775970464e-02 -4.8600592371e-03 7.4145377530e-03
1.0126130524e-02 -8.2659211683e-03 1.5865167395e-02
1.3394985683e-02 -5.9317809963e-03 1.3343397088e-02
3.6058026195e-04 6.0579068092e-03 1.8017976307e-02
1.1478423415e-02 -6.5281129813e-03 2.0350197128e-02
1.9580291878e-02 -7.0826829601e-03 2.7141161151e-02
-1.0070133880e-03 -9.3680624402e-03 1.8112289462e-02
6.2116823663e-03 7.2841354673e-03 1.3850029418e-02
-2.1199860710e-02 -1.7239309567e-03 -5.0148365241e-03
1.4255535181e-02 -8.7809702848e-04 1.7962629425e-04
-3.4814673842e-02 -1.3565555814e-03 8.9684991061e-03
-2.8134550475e-02 2.4048944718e-03 4.0321448234e-02
-1.9968251817e-02 1.6585125089e-03 2.6113018131e-02
-1.3018681864e-02 -6.9767156028e-04 -3.1145029915e-02
2.3647101589e-02 -1.2089047342e-02 1.2887457417e-02
5.0045435781e-02 -2.6637046053e-02 9.2471877250e-03
3.9392525202e-02 -2.9543863592e-02 2.0586819099e-02
3.8152458640e-02 -3.0083284292e-02 1.7931835779e-02
3.2384981445e-02 -1.9810792893e-02 2.8652182879e-02
3.6916102085e-02 -3.5789056887e-02 2.4735008969e-02
4.0155439619e-02 -3.5561715326e-02 3.3083665766e-02
2.2154722876e-02 -3.5207861576e-02 2.2088802202e-02
3.2073097844e-02 -1.8698227376e-02 2.2889727957e-02
9.1776975131e-03 -2.9015210856e-02 5.2258269870e-03
2.9812691922e-02 -2.8111436106e-02 1.4831641909e-02
-1.7978229114e-02 -2.5982331892e-02 2.1175931576e-02
-4.9382093158e-03 -9.6149804726e-03 5.1363753070e-02
-7.0008997144e-03 7.8568942048e-03 1.7106938929e-02
1.4808099911e-02 -4.5127130157e-03 -1.9236100505e-02
-8.6889462834e-03 8.8777613402e-03 1.9337222481e-02
2.6838979625e-03 5.1464027515e-03 2.3922786053e-02
1.5667927405e-03 -1.0137226056e-02 2.5933263397e-02
1.0274036781e-02 -2.2477129683e-02 2.6378544146e-02
9.0695938939e-03 -2.3011926267e-02 2.1527537383e-02
9.2408825172e-03 -2.0613288091e-02 1.4275854719e-02
1.2190480457e-02 -2.1078811171e-02 1.7089096538e-02
-1.8009209993e-02 -2.4748222584e-02 1.1020628630e-02
-1.9619983278e-02 -1.9217680124e-02 1.4024499651e-02
-4.5771230266e-02 -1.2269514120e-02 1.4492086392e-03
-3.3854576936e-02 -1.4423057705e-02 1.1687571748e-02
-7.0424410742e-02 -1.6529045735e-02 -7.8953373943e-03
-5.9505670650e-02 -1.7726597851e-02 3.8849547072e-02
-4.6583085417e-02 -9.7357770602e-04 1.5104988912e-02
-2.5683345766e-03 -3.4687171240e-03 1.7436858012e-02
-3.2194852924e-04 9.0549714625e-03 1.4475680091e-02
9.0329959393e-03 8.2833578190e-04 1.7937244690e-02
6.3361385194e-03 -1.4871669596e-02 2.1069632752e-02
2.4919285427e-02 -2.6589208480e-02 1.9547382987e-02
1.8864829435e-02 -3.4837119409e-02 1.5990038731e-02
1.5773293142e-02 -3.4054986502e-02 1.1726531430e-02
1.1790308854e-02 -3.7112325154e-02 1.2983944594e-02
-4.7708152322e-03 -3.5578060820e-02 4.1642170048e-03
-1.0901548277e-02 -2.7720892208e-02 1.5379859726e-03
-3.5199506847e-02 -1.5640267924e-02 -1.3399599690e-02
-2.8738631721e-02 -2.0479494137e-02 -2.3521372061e-03
-4.1516598302e-02 -2.0094147375e-02 -1.8112396450e-02
-1.1984017011e-02 -3.0658009436e-02 3.3689380654e-02
-1.9792041668e-03 -9.8445133636e-03 3.9427661687e-03
1.5591123659e-02 -6.0125129597e-03 1.3674377446e-02
-1.2639333611e-02 1.6184531032e-02 1.2873432507e-03
2.2204973487e-03 2.9144184147e-03 7.3708833069e-03
-1.0689255429e-03 -1.2931383105e-02 8.9355586069e-03
2.1166940609e-02 -2.7474306161e-02 1.2239182029e-02
1.3164320379e-02 -2.5745194562e-02 9.2864952698e-03
9.6733233204e-03 -2.0713399219e-02 8.5611094304e-03
1.0218104988e-02 -2.3575539864e-02 1.1332072390e-02
-7.7278101532e-03 -2.3507177505e-02 -4.0267424665e-03
-6.3393507581e-03 -1.7728740881e-02 -1.0470566187e-02
-3.1750454318e-02 3.7857589835e-03 -3.2754175895e-02
-1.5490849010e-02 -6.5884388009e-03 -1.1000773256e-02
-3.3190533074e-02 -5.1069264266e-04 -3.1189155950e-02
-9.5100808038e-03 -6.3341238988e-03 1.9916003183e-02
-1.2374532498e-02 7.8380228648e-03 -1.2717068479e-02
7.1841244481e-03 1.1183066770e-02 -1.1010222616e-02
-4.0621378555e-03 2.2417743504e-02 -2.2296128790e-03
1.3388948204e-02 -4.7357884110e-04 3.5964711340e-03
7.4473095212e-03 -1.1563426771e-02 5.5871543848e-03
2.2851449709e-02 -2.3277267146e-02 6.0564984524e-03
1.3783536580e-02 -1.4451959499e-02 4.6491179465e-03
1.9316974792e-02 -1.2873871031e-02 6.5359495880e-03
2.3484141067e-02 -2.3886708669e-02 1.3149802671e-02
8.6849309792e-03 -2.6547519994e-02 -3.4712540609e-03
8.2843065903e-03 -1.4921846123e-02 -1.1516968230e-02
-6.2539855233e-03 -1.2265250349e-02 -2.6901174022e-02
4.9893424054e-02 -6.6789870770e-02 3.6024204219e-02
1.4935492345e-01 -1.6576886221e-01 -1.0585178460e-02
9.8255442356e-02 -9.4630915958e-02 -3.2753564724e-02
8.4405281538e-03 3.6665609008e-03 -2.5660591551e-02
1.3907993165e-02 2.3809966701e-04 -2.5779037558e-02
-7.9379661348e-03 1.1874356058e-02 6.1001214418e-03
1.4605099210e-02 -1.1621325394e-03 7.0150486681e-03
1.2198462541e-03 -1.3266235354e-02 1.2526011180e-02
2.9536976904e-03 -1.8355976179e-02 1.0037877133e-02
-6.4926450913e-03 -8.0787287485e-03 1.1059593294e-02
5.3098959727e-03 -8.5149162476e-03 6.8089266395e-03
1.5883491762e-02 -2.1517540389e-02 1.3265768907e-02
-1.1183743292e-02 -3.1149945577e-02 -5.3255023408e-03
-4.6587093743e-03 -3.1763088397e-02 -4.6646708592e-03
-1.0306328233e-02 -5.8808768207e-02 1.4469363871e-02
1.9341443393e-01 -3.9181042297e-01 2.5902710809e-01
6.0442822901e-01 -9.7280323733e-01 1.7165267753e-01
5.6512987707e-01 -6.6582835895e-01 -3.4576992372e-01
8.4783378795e-02 -1.0945642284e-01 -1.3616799346e-01
-2.2083095641e-03 -7.2221215974e-03 -3.0123291354e-02
-2.7477623808e-03 -1.8382376060e-03 1.6653104198e-02
2.0589025383e-02 -1.4751755476e-02 1.4075206681e-02
-1.7390200768e-04 -2.3668275875e-02 1.6629781562e-02
7.3398377383e-03 -3.3638113597e-02 1.4920753360e-02
-2.4752406769e-03 -2.2438151282e-02 1.8869443721e-02
5.3130874238e-03 -3.1060797835e-02 1.1754648117e-02
1.3342580897e-02 -3.9258289186e-02 1.9898069166e-02
-8.0359533960e-03 -5.2213232700e-02 1.0091343034e-02
3.5228390606e-03 -5.8573581434e-02 2.3552710691e-02
-2.4481913440e-02 -9.8889979297e-02 8.1048159755e-02
2.2243982010e-01 -7.6215946281e-01 5.3437713335e-01
5.6070839200e-01 -1.4815067133e+00 5.7631804680e-01
8.6344034976e-01 -1.0499382935e+00 -7.5489870958e-01
4.1709012423e-01 -3.8195826949e-01 -6.1488999138e-01
4.3377430564e-02 -4.5870663596e-02 -6.9712909658e-02
1.3600360050e-02 -1.9116769577e-02 1.6293991660e-02
3.7510021237e-02 -3.4353161788e-02 1.6596052044e-02
1.4969879586e-02 -4.5475390741e-02 2.1487382469e-02
2.2434458867e-02 -5.1876698419e-02 2.4461915789e-02
8.8223184517e-03 -3.9738671985e-02 2.6774392375e-02
1.0548952777e-02 -3.7692482472e-02 2.2552871973e-02
1.1863723307e-02 -4.6379881085e-02 2.8544885783e-02
-8.5531148950e-03 -5.5880755640e-02 1.7204757804e-02
7.4481972184e-03 -8.4501786444e-02 3.3962838167e-02
-5.5482027626e-03 -7.9917084767e-02 1.0005011052e-01
1.0221879070e-01 -6.6550694854e-01 4.6406590546e-01
6.6290442018e-02 -1.0929717913e+00 7.2132465039e-01
4.4730650936e-01 -1.0133313797e+00 -5.0458092056e-01
6.6587371644e-01 -7.8943820674e-01 -1.3039284268e+00
1.9386470685e-01 -1.2794514553e-01 -3.4093966548e-01
5.5203341772e-03 -1.1679598553e-02 1.5944334375e-02
3.9675465351e-02 -3.1849524891e-02 2.2972187392e-02
1.4239739941e-02 -3.8870613202e-02 2.3079088332e-02
2.5357033723e-02 -4.2336303794e-02 2.6459917010e-02
3.0034254242e-03 -1.9471546938e-02 2.2957778700e-02
-2.5152373243e-03 -2.1091285422e-02 1.6966119023e-02
7.6054739259e-03 -3.1650882732e-02 2.8816671784e-02
-2.1630209961e-02 -3.0803133672e-02 1.3478875527e-02
-3.2138564335e-03 -6.0987433785e-02 5.7869750645e-02
-3.6417696438e-02 -3.5251509699e-02 1.3446496750e-01
5.4907696866e-03 -5.1298598054e-01 4.0896732956e-01
-1.9998829148e-01 -1.1277277775e+00 8.6182977948e-01
-2.8113767805e-01 -1.4787645161e+00 4.4393882794e-01
1.7244141457e-01 -1.5046538177e+00 -1.0367096974e+00
2.0672870805e-01 -6.2002627706e-01 -8.8304136454e-01
8.3222213454e-04 -9.9298359862e-03 2.0111406272e-02
2.1414305673e-02 -2.1013004740e-02 2.3462683507e-02
4.4565121646e-03 -2.7615795641e-02 2.0665071955e-02
1.3467662060e-02 -2.7938275833e-02 2.1731998015e-02
-2.4126252944e-04 -1.5459788401e-02 2.2173710240e-02
-5.7503897445e-03 -1.6431773040e-02 1.9613763902e-02
-6.9225996502e-04 -2.7574513505e-02 2.9044464508e-02
-2.6503612317e-02 -3.6758930564e-02 1.3098760401e-02
-1.1536675322e-02 -4.0689144400e-02 5.7016149901e-02
-5.9576625587e-02 -6.3738909554e-02 1.2611209050e-01
-1.4149771576e-01 -4.3922128313e-01 3.2197973593e-01
-3.6391250350e-01 -9.8592613366e-01 8.4185194660e-01
-8.6205181328e-01 -1.6818158437e+00 7.9601217923e-01
-9.6947855404e-01 -2.0726763356e+00 -5.2657691111e-01
-3.4194237236e-01 -9.4014216795e-01 -1.0245871960e+00
-1.5353378731e-02 -5.2644789536e-05 1.7465073705e-02
-3.3084111168e-03 -5.6983277544e-04 2.4730443436e-02
-1.4969296513e-02 -8.7687517921e-03 2.0399290495e-02
-2.4732225826e-03 -1.2654051964e-02 2.3895528652e-02
-1.4838429906e-02 -5.2082120309e-03 2.0650664732e-02
-1.9195354446e-02 -3.5820499144e-03 1.1194961787e-02
-1.3961466537e-02 -5.1604207013e-03 2.1743127554e-02
-3.6394518323e-02 -2.3600446146e-02 1.0316317129e-02
-3.6493037179e-02 -2.6167237445e-02 2.4965986614e-02
-7.9789631151e-02 -6.6117940253e-02 3.2892523203e-02
-1.4756449168e-01 -3.6377735620e-01 1.4290069348e-01
-3.3421481809e-01 -6.3637491255e-01 4.8776719300e-01
-9.7589447888e-01 -1.2265888181e+00 4.7039006688e-01
-1.2888373300e+00 -1.3954878500e+00 -3.4704314856e-01
-4.5022245212e-01 -4.2976204341e-01 -4.3707418998e-01
-3.4405464499e-03 2.4989859952e-03 1.6818861690e-02
7.1688756499e-03 -6.6377294029e-03 1.9318436181e-02
-4.7862830583e-04 -1.2204684068e-02 1.9468712129e-02
1.1085936238e-02 -1.5967978520e-02 2.1164879821e-02
1.2329003786e-03 -1.2429952906e-02 1.6929825541e-02
-3.7830782728e-03 -1.8202407910e-02 1.2096364119e-02
-2.8532641037e-03 -1.7640788941e-02 1.9846667631e-02
-1.7263789285e-02 -2.4271373558e-02 1.3947195539e-02
-2.1880667134e-02 -1.9357230475e-02 1.1892538118e-02
-4.2868929215e-02 -3.2883953148e-02 -6.0308676340e-03
-7.5092660246e-02 -1.5644488156e-01 3.2547935893e-02
-1.9783545409e-01 -2.7826262269e-01 7.9973820221e-02
-3.4175770575e-01 -3.3554989007e-01 1.0533588498e-01
-3.8275988251e-01 -2.8242666688e-01 -7.6661542709e-02
-1.0644405550e-01 -4.3659753073e-02 -4.5476912026e-02
-8.7322260943e-03 1.8304822937e-03 6.6472304270e-03
3.4857274484e-03 -7.3185199189e-03 1.2965726951e-02
-6.8822397433e-04 -1.4689567023e-02 1.3648194639e-02
6.3016370046e-03 -1.8302895989e-02 1.5906751915e-02
-1.8794287682e-03 -1.6618005502e-02 1.5982710434e-02
-1.1267121123e-02 -1.6158503263e-02 1.4479981032e-02
-6.2946375338e-03 -1.7026849492e-02 2.2312204625e-02
-2.7899251244e-02 -1.4342333495e-02 9.5449966975e-03
-2.3029397938e-02 -9.2486340985e-03 5.5087788318e-04
-4.7874917254e-02 -1.0745554094e-03 -2.3459988874e-02
-2.6007300442e-02 -1.5135110780e-02 -1.0460048581e-02
-7.2613986448e-02 -2.8776491381e-02 -2.4311908991e-02
-4.9816044497e-02 -1.4939730282e-02 2.3407025625e-02
-6.7469224671e-02 1.7362613555e-02 -1.0908125406e-02
-2.3685387753e-02 3.5458783392e-02 -4.5714305964e-03
-1.7002183468e-02 1.1576921903e-02 5.7643214921e-03
3.9232307957e-03 -3.5702040360e-03 1.2017168146e-02
-7.0888910601e-03 -7.9510124874e-03 1.2441057852e-02
8.7593893498e-04 -9.8167611108e-03 1.5577027633e-02
-1.4522954663e-02 -3.7510220461e-03 1.7357416703e-02
-1.3269532420e-02 -8.2199650212e-03 2.3230711781e-02
-8.2483000213e-03 -1.1693726945e-02 3.4495468812e-02
-2.5115024340e-02 -1.2934026098e-02 2.1867949461e-02
-1.9830809903e-02 8.6748634818e-04 1.2312326454e-02
-4.6839794227e-02 4.3609041544e-03 -1.5149691764e-02
-2.0624565896e-03 -1.1752341403e-03 1.7733489469e-03
-4.5592768354e-02 4.4755542888e-03 -1.3864177948e-02
-2.0014307260e-02 1.6520791930e-02 3.6402294875e-02
-3.6377853800e-02 2.3546226972e-02 -3.4441851805e-03
-1.0835223926e-02 2.2455262171e-02 -1.2965890731e-02
-1.5345985193e-02 1.0722721835e-02 5.2021911072e-03
5.0704509786e-03 -2.2530196135e-03 8.4740331800e-03
-1.1054419209e-02 -4.4931655499e-03 1.0902390139e-02
-9.4326147668e-03 -5.0535897899e-03 1.1455747576e-02
-2.4806913465e-02 2.8622882506e-03 1.7856470902e-02
-2.0629674191e-02 -1.1898161518e-03 2.2136539259e-02
-1.0529160066e-02 -9.7193271260e-03 3.2975308325e-02
-3.0751289857e-02 -1.4789020123e-02 1.7970388269e-02
-2.4652018647e-02 -7.6377508641e-03 9.1939160420e-03
-5.2003058474e-02 -6.3251223085e-03 -9.7860471016e-03
-1.1257939919e-02 -9.0954925808e-03 6.1272564400e-03
-6.4524711795e-02 -8.3419390457e-04 7.8736545403e-04
-4.3490983901e-02 6.6839302338e-03 4.0003788377e-02
-5.7704787042e-02 1.7915201496e-02 3.4704588183e-03
-2.5072354672e-02 1.8672738062e-02 -1.9936601395e-02
-1.4448556207e-02 7.2421772733e-03 1.2289781393e-02
1.3645682119e-03 1.8362615751e-03 1.1328195105e-02
-1.2140184136e-02 -2.9543487290e-03 1.5534888467e-02
-4.8802100937e-03 -2.4595915621e-03 1.5807429178e-02
-2.1718193678e-02 8.1009231167e-03 1.8778862116e-02
-1.6530295936e-02 -2.8443992570e-04 1.6743938656e-02
-7.7663806802e-03 -4.3766194339e-03 2.9161987593e-02
-2.5339402336e-02 -8.0948200659e-03 1.7627618032e-02
-2.1358141059e-02 2.0577651359e-03 1.2549337559e-02
-5.3363002821e-02 -2.4931501468e-03 -5.9599236511e-03
-1.3510864174e-02 -8.3702499991e-03 6.0397383766e-03
-6.5525064868e-02 -6.6353988346e-03 6.1763617779e-03
-4.4356268189e-02 -3.1701108338e-03 5.7115002510e-02
-4.9668202537e-02 3.6997071633e-03 3.3162587650e-02
-1.8234799214e-02 8.3348605766e-03 -1.0151555438e-02
1.5813386279e-03 -4.7837153985e-03 1.3078122954e-02
2.1778321374e-02 -1.8456422747e-02 1.1272945151e-02
1.7300159091e-02 -2.2077824016e-02 1.7338093145e-02
1.6189759161e-02 -2.0310843193e-02 1.8204249418e-02
1.1633122764e-02 -1.3268996777e-02 2.6843805611e-02
1.0404362992e-02 -2.5092186591e-02 2.3904284481e-02
2.1942342174e-02 -2.7424394882e-02 3.4514517025e-02
-1.2416570657e-03 -2.5762834007e-02 2.0114970609e-02
1.0503865603e-02 -1.5857373513e-02 2.1273810850e-02
-2.2034058230e-02 -2.0408754138e-02 8.2207788414e-04
5.9628908469e-03 -2.3514791660e-02 1.8338458300e-02
-3.7197431262e-02 -2.4165016461e-02 1.9731289218e-02
-1.6246020285e-02 -1.3318632336e-02 6.6322014698e-02
-2.1459116707e-02 4.8958308424e-03 2.6698855080e-02
5.2446126027e-03 8.6360150880e-03 -2.6837656997e-03
