1.9967055617e-02 -2.2149586076e-02 2.7980210104e-02
4.3135492567e-03 -2.7743428985e-02 2.8718218521e-02
-5.7896833808e-03 -2.4955918778e-02 4.9388202694e-02
-2.1587147082e-02 -4.1407550937e-02 1.5107706372e-02
2.4485615213e-02 -5.5670206477e-02 6.4813103069e-02
5.2059655682e-02 -5.0030748304e-02 4.1534810171e-02
9.2885516319e-02 -1.7317703601e-02 5.1864726364e-02
1.8689054335e-01 -1.3303557168e-02 3.5556950340e-02
1.9574137328e-01 -1.1424949897e-02 1.6989972365e-02
1.4470473836e-01 -6.5992291193e-02 -2.9484626453e-02
2.9736324831e-02 -6.5407180999e-02 -1.9908918430e-02
2.0393050361e-02 -5.9587501860e-02 -3.6791956571e-03
-6.0600757189e-03 -2.6652712223e-02 5.9399466703e-02
3.4280160145e-02 -3.8702535628e-02 6.2970863877e-02
1.3849355412e-02 -1.4969773576e-02 5.6756212213e-02
6.6940836521e-03 -2.0331214359e-02 1.5204589492e-02
-3.8615773685e-03 -2.1373119837e-02 -1.7701383598e-02
-1.4833684021e-02 -1.6512739124e-02 -1.1523809390e-02
-3.8425498876e-02 -1.7627563418e-02 -2.8643794210e-02
1.3004504945e-02 -2.5854974418e-02 2.0099380198e-02
6.8583155625e-02 1.6076155178e-02 2.7910973138e-02
2.0238320659e-01 1.9036589763e-01 7.1671294098e-02
3.4642581850e-01 3.7064108205e-01 3.8655146945e-02
3.8283169450e-01 4.1720596723e-01 -6.6592848360e-02
2.3669785133e-01 2.1341853351e-01 -1.1252432483e-01
-4.6871967428e-04 3.3204760989e-02 -1.3368216283e-01
-3.2062278640e-03 1.5044537910e-02 -2.3512607486e-02
-1.3393448735e-02 9.5486539114e-03 3.9994608136e-02
3.4498577274e-02 -1.3466822496e-02 5.4597695824e-02
1.3648178622e-02 -3.2289544295e-02 3.7155301479e-02
1.4693229284e-03 -3.4035533133e-02 1.3229669985e-02
3.9166129913e-03 -3.4252949493e-02 -1.3785157771e-02
-2.0202938055e-02 -3.7241549208e-02 -2.0628221903e-02
-2.0775942977e-02 -5.0260682268e-03 -3.3800431858e-02
9.0143156906e-02 7.0204547997e-02 9.1632939784e-02
2.3402103863e-01 3.3069959210e-01 1.6975321626e-01
4.5009740817e-01 7.5676465733e-01 2.5858424044e-01
5.6491932379e-01 1.0357154275e+00 1.3249402472e-01
5.0982411313e-01 9.4401317131e-01 -1.0164286503e-01
2.7699045310e-01 4.8280403332e-01 -1.6284813050e-01
6.8604671362e-04 1.2755094714e-01 -1.9103481374e-01
1.6505146462e-02 6.7043537223e-02 -1.0217125570e-01
-5.9784876052e-03 2.4004767651e-02 -1.9352401771e-02
3.0830698884e-02 -2.6793253560e-04 2.6044141827e-02
6.3124257016e-03 -2.3800729696e-02 1.2731405789e-02
-9.4814582463e-03 -1.9661792053e-02 2.6811764510e-02
-7.6292540107e-03 -1.7718850713e-02 -1.9522008820e-02
-1.3570840678e-02 -5.3257776464e-03 -3.5514024253e-02
7.1410749691e-02 1.0583849637e-01 5.3029153292e-02
2.5455447711e-01 4.3040566509e-01 2.6613450991e-01
3.8919726058e-01 8.4824069849e-01 3.5167310150e-01
4.7636704844e-01 1.2690213551e+00 3.7088975901e-01
4.2340840488e-01 1.2623758464e+00 1.8992508146e-01
2.5594229563e-01 9.0903790845e-01 -3.9030419274e-02
1.1617017604e-01 3.7817869016e-01 -2.5545625491e-02
-3.9286837513e-02 7.5404842302e-02 -1.2537793766e-01
1.3947931062e-02 1.1684195042e-01 -1.2516094398e-01
-1.3620977439e-04 5.6735662654e-02 -4.7734552365e-02
2.2216674190e-02 2.2833423809e-02 1.2081799731e-02
2.5058361902e-03 -2.6852730184e-03 2.3778406372e-03
-3.1919320049e-02 -2.9980804177e-02 3.0928585238e-02
-3.0973636144e-02 -2.6088506335e-02 1.1033364536e-02
-2.3026940950e-02 1.3977322985e-02 1.6262099776e-02
5.5654568052e-02 2.6375538100e-01 1.5760709498e-01
2.4997247074e-01 7.9598215276e-01 3.9885899444e-01
3.1753827220e-01 1.1932157673e+00 4.3560959373e-01
3.0600818573e-01 1.3573518346e+00 3.4190201635e-01
2.1606734295e-01 1.1320176455e+00 1.4289483753e-01
1.2817687797e-01 4.8002410413e-01 -7.8162934657e-03
3.5070489149e-02 3.5271448744e-02 2.9800058050e-02
-4.4375360248e-02 -6.4445357683e-02 -7.8040047276e-02
-9.2861747349e-03 1.0443397580e-01 -1.1051625586e-01
1.0798231287e-03 3.4241465419e-02 -6.7442941853e-02
1.1250993362e-02 9.5161781774e-03 3.3406398046e-03
-5.6262188110e-03 -5.7173281856e-03 3.5465981187e-03
-4.6401132159e-02 -4.3182915572e-02 2.3882898578e-02
-4.0938192292e-02 -4.0661329454e-02 -1.5212336135e-02
-4.7007418198e-02 8.9610710104e-03 1.4381515198e-02
-1.8639897511e-03 3.4394836088e-01 1.7181316391e-01
6.0121896510e-02 1.0320626944e+00 4.2117923955e-01
8.6510154609e-02 1.2755737900e+00 3.7538479070e-01
4.7957048151e-02 1.1751520088e+00 2.1796280475e-01
4.9975275492e-02 9.2423179629e-01 8.7373367662e-02
9.3668170607e-03 2.3580536059e-01 1.0468300125e-02
5.8817708594e-02 -2.7385245508e-01 3.1637097732e-02
2.4579619494e-02 -2.0231841656e-01 -1.5097410069e-01
-2.4427989723e-02 7.8792788829e-02 -1.9113999141e-01
-5.1626260292e-02 1.6158153825e-02 -9.3176105460e-02
-1.7273855757e-02 -1.2293243206e-02 -9.0115380278e-03
-2.7151943358e-02 -1.6243856669e-02 -2.0371797236e-03
-5.6950752368e-02 -4.7975504932e-02 2.2364055946e-02
-5.9934789703e-02 -5.1963677031e-02 -2.5802995777e-02
-8.6715027262e-02 -3.6630776200e-03 -1.3907262515e-02
-1.5346852754e-01 3.5947209758e-01 1.5509969482e-01
-2.4388188628e-01 1.0508886311e+00 3.8261647756e-01
-2.6008583555e-01 1.2289689607e+00 3.1639416288e-01
-1.5376087043e-01 9.8646099866e-01 1.6404059790e-01
-1.0612439754e-01 7.9071496917e-01 1.7511900748e-02
-1.2251345447e-01 2.9474908155e-01 -6.4021922769e-03
-3.5598708362e-02 -3.1738626010e-01 1.1354853544e-01
6.8888382095e-02 -3.2148376860e-01 -1.2524712966e-02
-3.2324960034e-02 1.7193740430e-02 -1.5654318914e-01
-6.6983900697e-02 -1.2393562714e-02 -1.0080882872e-01
-3.3976684655e-02 -3.8844636185e-02 -2.7732967850e-02
-3.0139227334e-02 -5.4336361948e-02 -3.5562918043e-04
-4.2491847712e-02 -4.1146689224e-02 3.0597767726e-02
-3.8744135146e-02 -3.9791139746e-02 -1.9829423317e-02
-5.2179766867e-02 -3.7141780730e-02 -3.7612673716e-02
-1.2718679924e-01 1.2760667904e-01 2.8702144367e-02
-1.9919563068e-01 5.2632907906e-01 2.1172290005e-01
6.7747833786e-02 8.8020829776e-01 3.5488658147e-01
5.8579310090e-01 1.0218014309e+00 2.8509514794e-01
8.3313685676e-01 9.0127877459e-01 -2.7252665401e-02
6.4269433990e-01 6.6553586682e-01 -2.6967179960e-01
2.9806766426e-01 1.6317250111e-01 -1.5090314132e-01
1.2041755845e-01 -4.8660300402e-02 -3.5700364120e-02
3.0627951943e-02 3.3648614554e-02 -1.3141494231e-01
-8.0610360379e-02 -5.2097704374e-02 -7.1763949109e-02
-4.4769592965e-02 -6.2443139942e-02 -2.5222167221e-04
-3.8240918512e-02 -4.8692420857e-02 2.1367653221e-03
-3.5231120319e-02 -3.8875685062e-02 3.5494069157e-02
-2.7163466134e-02 -3.6234831107e-02 4.5850698067e-03
-2.9549238516e-02 -4.2643922575e-02 -3.8419016783e-03
-5.8790382452e-02 -2.8135062771e-03 7.7013620427e-03
-1.1757119067e-02 3.2491264826e-01 2.8454479706e-01
2.4201567031e-01 1.4253571970e+00 9.0656747438e-01
8.1551100228e-01 2.4984003323e+00 9.7951302576e-01
1.1995263411e+00 2.5547553010e+00 1.9819796210e-01
1.2574191836e+00 2.4104451567e+00 -7.3112255689e-01
9.2940697041e-01 1.5718047675e+00 -1.0020058414e+00
5.7048428610e-01 9.1182661032e-01 -3.8850073290e-01
3.1539129994e-01 5.4347695238e-01 -3.5685868226e-01
-1.8883846234e-02 -1.2852165225e-02 -1.0883171220e-01
-1.6014944899e-02 -6.9949651133e-02 1.7062847196e-02
-1.4734773957e-02 -6.0036506507e-02 1.5920719629e-02
-1.2050339428e-02 -4.6377132378e-02 4.8506368770e-02
-5.0852410689e-03 -3.7030414897e-02 4.8856623835e-02
9.0908285819e-05 -4.3193656139e-02 4.1451002757e-02
-3.5536860013e-02 -1.5283061875e-02 4.5161051136e-02
-1.1992981295e-01 2.2112545564e-01 2.4805441313e-01
-4.9134561206e-01 1.1482501879e+00 8.3902507023e-01
-8.6340663618e-01 2.4957520019e+00 1.2816595572e+00
-6.7412986869e-01 2.9585610093e+00 5.8138599584e-01
-3.7229762395e-01 3.1086160848e+00 -6.1009950543e-01
-2.9131906325e-01 2.0978387266e+00 -1.1945693412e+00
2.0331348408e-02 1.2844120573e+00 -5.6217958833e-01
1.8437826796e-01 9.0620201978e-01 -4.4208445936e-01
-2.5468053002e-02 -1.9757966077e-02 -1.2005617334e-01
1.0185927771e-02 -8.6238369304e-02 1.4203016557e-02
-3.0665601581e-03 -4.8347184142e-02 1.3226982129e-02
-8.6738612901e-03 -5.1378940940e-02 4.5035166292e-02
-2.3259280573e-03 -4.5117075628e-02 2.9226692901e-02
2.2630172499e-03 -3.7198592595e-02 3.3940966151e-02
-1.8365177889e-02 -2.0044780392e-02 2.1954891191e-02
-6.9128507268e-02 4.4580612089e-02 8.9787983909e-02
-3.5800058492e-01 3.8537597939e-01 3.4456671326e-01
-1.1110890947e+00 1.2049841025e+00 7.8855916290e-01
-1.7066218395e+00 1.9408300643e+00 6.1739463899e-01
-1.5687966740e+00 2.2640760904e+00 -1.1391909822e-01
-9.7706229407e-01 1.2273183509e+00 -5.4302248584e-01
-3.0778987185e-01 9.7134304960e-01 -3.1629265801e-01
-4.2796925590e-02 8.0647184906e-01 -3.7521670560e-01
-2.7274462237e-02 -1.1289964897e-02 -1.1237107976e-01
1.6189210719e-02 -6.4392096394e-02 -6.4796528957e-03
6.9311333198e-03 -5.2769557466e-02 1.5549097315e-02
-1.0239834351e-02 -5.8278932819e-02 4.6442189371e-02
3.5764466766e-03 -5.5271975051e-02 4.2627928349e-02
1.3426219598e-03 -5.1089331110e-02 4.3002487032e-02
-1.7396989604e-02 -3.4025411121e-02 2.8166378147e-02
-2.1932084000e-02 -2.5641059869e-02 4.9002346398e-02
-7.4167583563e-02 4.5850901402e-02 1.0302177864e-01
-3.1095610384e-01 2.7376121072e-01 2.4697795880e-01
-8.0884696658e-01 6.4585046006e-01 3.5391521313e-01
-1.0338810051e+00 9.8954060545e-01 2.1455498325e-01
-6.0171098065e-01 7.7424418183e-01 -2.0535140343e-02
-2.1003463677e-01 6.8465698824e-01 -1.2716272281e-01
-9.3250684832e-02 5.0720467323e-01 -2.4816446391e-01
-1.5103107465e-03 -3.9486904434e-02 -1.0220240015e-01
2.6734767235e-02 -6.0668144325e-02 -9.3339526729e-03
1.2535493206e-02 -5.0316850433e-02 2.4650762661e-02
-1.3214059778e-02 -5.0500322060e-02 4.2463206242e-02
3.3375421816e-03 -4.1387254394e-02 3.1208920480e-02
-1.6790635469e-03 -3.3469715252e-02 2.6011336393e-02
-1.7431082554e-02 -1.1720897725e-02 1.0103158580e-02
-1.7376643802e-02 -1.6919097526e-03 4.7085175598e-02
2.9863604380e-03 1.4643365725e-02 5.8892713613e-02
-1.4800602438e-02 5.6831854756e-02 7.0740071297e-02
-1.3496154893e-01 1.2666884188e-01 1.3345469940e-01
-2.8436412951e-01 2.7112292487e-01 1.7487377777e-01
-2.1559502470e-01 3.0523504573e-01 1.2387926714e-01
-1.2804753533e-01 3.8350182461e-01 -7.9455519941e-02
-7.4309550372e-02 3.1589687752e-01 -1.7496161149e-01
2.6172282562e-03 -1.7094098566e-02 -9.3591199514e-02
2.3470112324e-02 -2.2738553305e-02 -8.6163198352e-04
6.7814548443e-03 -1.9913777337e-02 2.2559634928e-02
-2.9200288799e-02 -4.6377761720e-02 4.4001423413e-02
-9.9331135537e-03 -3.9895700268e-02 4.0413215876e-02
-1.8162784612e-02 -3.4572606145e-02 3.3174186574e-02
-3.2594926518e-02 -2.2102649025e-02 3.0441874097e-02
-3.0354435506e-02 -9.6468865140e-03 5.9573577494e-02
-2.0656792489e-02 1.1571714103e-02 7.3441769431e-02
-1.1205160569e-02 3.2748537402e-02 7.2187618444e-02
-3.5200713808e-02 2.8377312297e-02 6.8861315744e-02
-6.0246354032e-02 4.5791899666e-02 8.2676543287e-02
-4.9115656817e-02 9.7242992114e-02 7.8779277777e-02
-6.1181648049e-02 1.6009645199e-01 -1.8065160503e-02
-3.6735893997e-02 1.0223249799e-01 -1.0575045964e-01
1.7568288571e-03 -3.7932391509e-02 -5.6579133357e-02
1.4586754357e-02 -3.0495225367e-02 1.0960281283e-02
-5.2395113401e-03 -2.7089663198e-02 3.6092834188e-02
-2.8131285360e-02 -5.0934999096e-02 4.6293299356e-02
-1.6707512896e-02 -4.1895662628e-02 3.8234188364e-02
-1.5369550211e-02 -3.6298396727e-02 3.6067780309e-02
-3.1159603616e-02 -2.9665871400e-02 2.3754075698e-02
-4.0915158111e-02 -2.5271441633e-02 4.1419260809e-02
-2.9915003161e-02 2.1640090842e-03 4.4091837083e-02
-1.9605970366e-02 1.7586925226e-02 6.1004024777e-02
-2.5891545494e-02 4.3791843771e-03 5.8527313820e-02
-3.3445992579e-02 -1.7764798563e-05 5.8849216114e-02
-1.8779107702e-02 1.9654044135e-02 4.9636519752e-02
-2.5002103581e-02 2.8797035206e-02 1.9528328694e-03
-1.3720426892e-02 -2.8180751526e-02 -5.1965697102e-02
-3.3407509903e-02 -6.0580664431e-02 -3.9661896283e-02
-1.1498741035e-02 -4.3954390780e-02 1.7771786993e-03
-2.2396703151e-02 -2.2771215685e-02 3.5323847986e-02
-3.3632255798e-02 -5.7110249287e-02 5.2961442940e-02
-2.5938798946e-02 -5.5275927973e-02 3.7939761345e-02
-3.7942745234e-02 -5.0483884227e-02 5.0213401850e-02
-4.7494482129e-02 -4.1154868173e-02 3.5135478734e-02
-5.8099863821e-02 -3.7485398706e-02 5.1384037267e-02
-3.6742743482e-02 -2.4613787585e-02 4.8653719788e-02
-3.1549540683e-02 -1.1944165920e-02 6.9440591151e-02
-4.6433985085e-02 -1.9140646739e-02 7.8031840048e-02
-5.2946280555e-02 -1.9674511063e-02 8.7496322476e-02
-3.0518464264e-02 -4.5809460164e-03 5.1425617406e-02
-2.4784089803e-02 -8.3288266003e-03 1.8727698437e-02
-3.1687875162e-02 -3.3489910046e-02 -1.1952952677e-02
-3.6527943469e-02 -6.2098747182e-02 -1.6016869722e-02
-1.7619988635e-02 -5.0865080523e-02 1.0585692124e-02
-2.6220159614e-02 -5.3255125228e-02 4.5751823076e-02
2.8294462967e-02 -9.6558682948e-03 5.0110096102e-02
2.8205886151e-02 -6.4858409252e-03 5.7649104733e-02
2.9258082761e-02 -4.4484549386e-03 5.9814728828e-02
5.9193206606e-02 -9.2301500003e-03 5.6120422273e-02
1.0973754785e-01 -4.6944057540e-02 1.1448883938e-01
1.8101639806e-01 -8.1321074931e-03 1.2739868478e-01
3.6342396992e-01 1.2036099022e-01 1.8524947951e-01
6.4386888910e-01 2.6439318379e-01 1.4526056187e-01
6.9836394123e-01 3.1730524178e-01 6.2625035090e-02
5.6152827744e-01 2.0920302623e-01 -8.9133262679e-02
2.0418625270e-01 5.6636679724e-02 -1.6095515927e-01
9.1948537256e-02 -1.3948690696e-02 -1.6803384522e-03
1.3269638453e-02 -2.1675376685e-02 5.4900815610e-02
5.2536250829e-02 -3.6439538174e-02 6.3729176555e-02
7.6368521721e-03 -1.8514676174e-02 3.4555973455e-02
2.4829280340e-02 -4.0332891264e-03 3.7718172105e-02
6.7157568349e-03 -1.2050338898e-02 1.9231077344e-02
1.9392573828e-02 -3.3654314298e-03 4.0975777768e-02
2.7807765979e-02 3.6214280634e-02 3.1576421318e-02
2.1237009033e-01 9.7118744451e-02 1.8637672358e-01
5.0392293561e-01 3.8289399222e-01 3.1375200999e-01
9.7745074852e-01 7.9128639950e-01 4.1786053979e-01
1.2487927998e+00 1.0708441503e+00 2.6775012264e-01
1.2185368760e+00 1.1187590449e+00 -5.8862756562e-03
9.2138576251e-01 8.5110144288e-01 -3.6111734310e-01
3.9881491576e-01 4.0237569592e-01 -5.5864454081e-01
1.0861086976e-01 1.0678198362e-01 -1.9147221201e-01
3.4137652785e-03 3.0283583119e-03 -1.4826718326e-02
4.3630899656e-02 -2.3523134417e-02 3.0789822265e-02
-2.8622904787e-03 -3.6697862057e-02 1.6193274792e-02
2.3694585171e-02 -1.3292618691e-02 3.6358560177e-02
1.4739172571e-02 -2.8836097522e-02 2.8629869020e-02
1.8784963715e-02 -1.4168872039e-02 3.5993145772e-02
1.7930841007e-01 1.6350290181e-01 1.8721705264e-01
6.1993522909e-01 5.6647833720e-01 5.4598695936e-01
8.9595310266e-01 1.0023958386e+00 7.0489090311e-01
1.0217268490e+00 1.1818828782e+00 6.4120725318e-01
8.5516950315e-01 1.1181649220e+00 3.0654960525e-01
7.0439482478e-01 9.5548389713e-01 -2.1696273813e-02
5.5412695638e-01 7.1538411771e-01 -3.0681728973e-01
3.6359384314e-01 5.3970539416e-01 -7.4148690622e-01
2.2042078173e-01 3.0561565120e-01 -4.2003713002e-01
2.4094098537e-02 3.0391216611e-02 -6.8185500619e-02
5.1273374856e-02 -2.8174563573e-03 1.4718283282e-02
-7.2780915382e-03 -1.8768709665e-02 -1.2844718682e-03
9.9209978735e-05 -2.9621158403e-03 4.5354793439e-02
-1.0623724478e-02 -5.6226680654e-03 2.4662204625e-02
5.7572280049e-02 1.2010801590e-01 1.2703437352e-01
4.4607933981e-01 6.5205984297e-01 5.6247236447e-01
8.4047416377e-01 1.2075622208e+00 8.7378909784e-01
6.2697839247e-01 1.1022282863e+00 6.1256543002e-01
3.9443745177e-01 8.9067016950e-01 2.8678993521e-01
2.0762311751e-01 5.9609737890e-01 1.1225599305e-01
3.9007968085e-02 3.0324371238e-01 1.2528583789e-02
3.4811318369e-02 1.5146355623e-01 4.6724503927e-02
8.9268626222e-02 2.8002530696e-01 -4.2554403378e-01
1.6013818149e-01 3.4395917509e-01 -4.1595143899e-01
7.1481276732e-03 8.7240670321e-02 -1.0737726182e-01
3.7586910263e-02 9.8836402103e-03 -1.8156502418e-02
-2.2932397912e-02 -2.0449569905e-03 -1.6636132514e-02
-2.8693321622e-02 -1.1633223251e-02 4.5990889406e-02
-1.8588875566e-02 1.5802355176e-02 8.1217972495e-02
1.3877585061e-01 3.4977927217e-01 3.5471863733e-01
4.3791834074e-01 1.0747901293e+00 7.9588613829e-01
5.9596214871e-01 1.2791199692e+00 8.1626462111e-01
3.0577980542e-01 9.5725131243e-01 3.9885232905e-01
1.3438083414e-01 5.8331435238e-01 1.0121216028e-01
8.3959225893e-02 2.1314744623e-01 8.3867954503e-02
1.5485141139e-02 -1.8829249823e-01 8.0881584137e-02
-4.8189861052e-04 -3.2914336390e-01 1.7382525885e-01
-3.1429556132e-02 -7.3581001018e-02 -7.2733328269e-02
6.5654248765e-02 1.8033246827e-01 -1.8667558281e-01
-6.1159373676e-03 5.6238682112e-02 -1.0891857624e-01
2.9340775237e-02 3.3301649829e-03 -1.8492656040e-02
-2.7587024509e-02 -1.1234117501e-04 -9.9467804192e-03
-4.4763852131e-02 -1.8396989455e-02 4.9307231151e-02
-2.2026275659e-02 5.0120483879e-02 9.9443090048e-02
3.7412430392e-02 4.8590550037e-01 4.1520266838e-01
1.5734286718e-01 1.1084636428e+00 7.4884753277e-01
1.3233198732e-01 1.1223124460e+00 5.9251748150e-01
3.9717596496e-02 8.0163188266e-01 2.3960595879e-01
-6.7429600043e-03 3.6002933648e-01 8.8830827344e-03
5.5896119020e-02 -1.1867706526e-01 5.7672733224e-02
3.9481926449e-02 -6.0146316648e-01 9.2240991870e-02
8.6401128371e-02 -7.1703577232e-01 1.5526842668e-01
9.9386884704e-03 -1.9666611120e-01 -1.1948800929e-01
-1.9830270856e-02 2.2503255952e-01 -3.5726445269e-01
-7.0624545496e-02 8.7713975957e-02 -1.6288979292e-01
-3.1093009598e-02 7.3998892863e-03 -4.1248007374e-02
-5.0635337421e-02 -2.2310086247e-03 -2.0091273744e-02
-5.8211788520e-02 -2.7201292548e-02 4.7795574321e-02
-6.4839756413e-02 1.4347075727e-02 3.6941268245e-02
-1.5081110024e-01 4.2195016979e-01 2.9583099830e-01
-2.7856960091e-01 1.0984389254e+00 6.1123005228e-01
-2.9360924647e-01 1.1470762588e+00 5.0376876541e-01
-2.1135746819e-01 6.6393829045e-01 1.9594486377e-01
-8.6085040126e-02 2.4870050194e-01 2.6169189332e-02
-2.2060949828e-02 -9.7794423581e-02 -4.7237670772e-02
2.7505282606e-02 -5.8949629432e-01 1.0774382312e-02
1.2065204111e-01 -8.0623077451e-01 1.7875151982e-01
2.2198891963e-01 -4.7384483312e-01 1.3049610994e-01
6.9458486838e-02 9.1178082958e-02 -2.4375627108e-01
-8.2583767708e-02 3.6965905037e-02 -1.6754688127e-01
-4.9299137732e-02 -4.1689708953e-02 -4.8120169559e-02
-5.0049264606e-02 -4.5198954720e-02 -9.8731302804e-03
-3.9439643004e-02 -2.4971692565e-02 4.6340701627e-02
-5.9080081118e-02 -2.6268690206e-03 4.1868805825e-02
-1.6833670162e-01 2.6705971624e-01 1.9325506378e-01
-3.4282426778e-01 7.8841986598e-01 4.6449067910e-01
-8.3946833368e-02 9.6492718567e-01 5.7912231573e-01
6.0527950108e-01 6.8476411903e-01 4.6486745887e-01
8.2637466523e-01 2.5057913772e-01 1.2602828302e-01
7.4684977356e-01 -1.1174363221e-01 -7.5707075563e-02
7.8486523735e-01 -2.8486895263e-01 -1.7217165416e-01
7.6644202988e-01 -3.4268181412e-01 -1.5546804378e-02
7.7988249900e-01 3.1746265616e-02 1.5517312681e-01
5.8702535476e-01 2.8247430283e-01 -2.6622873536e-01
-3.3926482144e-02 5.3808029405e-04 -1.6057987587e-01
-5.0587037548e-02 -5.7266898429e-02 -5.1480484386e-03
-5.4276248116e-02 -4.4746661440e-02 -4.4235511384e-03
-4.0236271599e-02 -3.1214055743e-02 4.6943594633e-02
-4.4351321082e-02 -3.0830866734e-02 2.6011993311e-02
-9.2070380261e-02 6.0774951274e-02 6.9602257348e-02
-8.3228106254e-02 4.0955634951e-01 3.6682515742e-01
5.0038297228e-01 1.3867734056e+00 1.2926999936e+00
1.2188983470e+00 1.6343204775e+00 1.3834994611e+00
1.2557404528e+00 3.3048208050e-01 2.3717604793e-01
8.5089641584e-01 -5.6041974167e-01 -1.9538284499e-01
1.0646631149e+00 -1.5921283307e-01 -2.2272015338e-01
1.6193194497e+00 7.3121880729e-01 -8.3939429182e-01
1.9683875569e+00 1.8663015710e+00 -8.5884736306e-01
1.8527389964e+00 1.8574342634e+00 -1.1850236277e+00
1.3589913827e-01 9.7743881813e-02 -3.9524016185e-01
-1.4083459770e-02 -8.7488570211e-02 5.3272094077e-04
-3.5540987786e-02 -5.6520196392e-02 1.0690102675e-02
-1.3665797511e-02 -3.6978467928e-02 5.6131386564e-02
-4.9957759760e-05 -3.8395109751e-02 6.2682250304e-02
-1.5104690404e-03 -1.7389225915e-02 7.8015947807e-02
-1.2273956113e-01 2.4613710127e-01 3.2512144361e-01
-5.3320422063e-01 1.2423914888e+00 1.2020418079e+00
-9.1593271665e-01 1.7215623143e+00 1.6271437029e+00
-5.6152251800e-01 9.4042599390e-01 8.4206741308e-01
-2.3764268055e-01 -1.4223748073e-01 1.1271075419e-01
-2.0124364529e-01 2.6701929443e-01 -1.2051577821e-01
1.5292701719e-03 1.0578898807e+00 -9.9176368109e-01
-1.4165042756e-01 1.2670514328e+00 -9.6033819342e-01
6.5023448751e-01 2.0382778430e+00 -7.3552332229e-01
1.5433386186e-02 4.2048306284e-02 -2.7262850198e-01
1.7693030660e-02 -1.0439053593e-01 -6.4723896283e-03
-9.8131966048e-03 -3.8858334568e-02 5.2280955619e-03
-7.6138747614e-03 -4.4798854178e-02 6.4141847192e-02
1.5586664811e-03 -5.1726458976e-02 6.6623843693e-02
9.9590714134e-03 -3.8528067446e-02 6.9458530191e-02
-7.5545602715e-02 2.6217209707e-02 1.1035073668e-01
-4.8039096200e-01 2.6264785395e-01 3.8814933762e-01
-1.4999798625e+00 5.6784526650e-01 1.0467195501e+00
-1.9798180432e+00 1.2864550650e+00 1.3002377911e+00
-1.4906388724e+00 1.0157208945e+00 6.3794047129e-01
-1.1680734350e+00 1.1096267187e+00 6.1942694150e-02
-9.6874090069e-01 3.2081401468e-01 -4.1198618653e-01
-8.2565471782e-01 3.8996994381e-01 -4.4048932889e-01
-2.5429888463e-01 1.4590746173e+00 -4.4044325305e-01
-5.7439385425e-02 3.0452394475e-03 -2.1645417869e-01
3.0791675192e-02 -7.7819358830e-02 -2.8615093653e-02
-9.0713218712e-03 -4.1310443936e-02 8.8805572209e-03
-1.2879166014e-02 -5.1696423887e-02 5.7420330106e-02
-2.1944829558e-03 -5.8705204840e-02 6.0352483322e-02
-5.2657366923e-03 -4.7248832882e-02 5.8438210109e-02
-2.3123011986e-02 -2.3900177086e-02 5.6475642341e-02
-8.4940814208e-02 2.1499233235e-02 1.0373115946e-01
-3.7255880122e-01 9.1358689395e-02 2.9438838811e-01
-1.1134757465e+00 1.4175985637e-01 5.4777531891e-01
-1.7567233602e+00 3.1550848478e-01 5.6334234781e-01
-1.6998567299e+00 9.2766602192e-01 4.1975148163e-01
-1.0950486561e+00 7.4687112183e-01 8.8770164992e-02
-4.5055296375e-01 6.6068956718e-01 -3.3635861170e-01
-2.8777677216e-01 1.0537385198e+00 -4.4302762114e-01
-5.6664374272e-03 -2.1582196681e-02 -2.3812246981e-01
4.7496189767e-02 -6.9905614944e-02 -2.7331712304e-02
-6.5854000722e-03 -3.6809295561e-02 1.9999083883e-02
-1.9116842950e-02 -3.9183201613e-02 5.5933292119e-02
-1.3734680339e-02 -4.0034825274e-02 5.8131588547e-02
-1.6643361823e-02 -2.8768927374e-02 5.3618028060e-02
-3.0356927638e-02 -2.0385486837e-03 4.9566018892e-02
-2.8243522821e-02 1.9926224816e-02 6.6909851359e-02
-4.4253748863e-02 4.0078480172e-02 1.0725684498e-01
-2.1591094931e-01 1.2338918058e-01 2.2575386444e-01
-6.2903838573e-01 1.6138772417e-01 3.9375981331e-01
-1.0395144295e+00 5.5453077172e-01 5.8626560468e-01
-8.0462347626e-01 6.9281488953e-01 5.4853389754e-01
-4.7310949928e-01 7.8878431909e-01 -1.7737310535e-01
-4.1273685536e-01 1.1585080498e+00 -3.0484559494e-01
-2.1766281364e-02 4.9141366864e-02 -1.6885590485e-01
4.1944298353e-02 -3.9268157153e-02 -2.3389688870e-02
-2.3260263558e-02 -8.1160052599e-03 2.5492892151e-02
-3.9196332726e-02 -3.8928298030e-02 3.7203187735e-02
-2.2388827977e-02 -4.1829639436e-02 3.8578688672e-02
-3.2129776007e-02 -2.6402015817e-02 3.3208035562e-02
-4.8067619549e-02 -7.7373886111e-03 4.2034166849e-02
-3.9864552914e-02 1.3960947200e-02 5.6818050079e-02
-3.8888932790e-02 3.1132504916e-02 8.0023533440e-02
-4.7933792737e-02 5.2099330119e-02 7.3056629950e-02
-1.3867009843e-01 7.2482097788e-02 1.3841711229e-01
-2.7154961321e-01 2.3861745827e-01 3.1093175869e-01
-3.1578059785e-01 5.1415734335e-01 4.9208283763e-01
-4.3388051840e-01 8.6401328834e-01 3.6118874437e-02
-4.4865913931e-01 9.7499840442e-01 -3.4086799427e-01
-4.3297768948e-02 7.1021170497e-02 -1.4618942268e-01
2.8182725144e-02 -3.4441876594e-02 -5.0476495300e-03
-3.0329703248e-02 -1.4585530455e-02 3.5887679585e-02
-3.6329752591e-02 -4.1222393348e-02 5.4910068687e-02
-2.6559577173e-02 -4.1815452381e-02 4.7476739454e-02
-3.1757663603e-02 -2.5863950735e-02 4.7384388130e-02
-4.3193976642e-02 -6.5155372178e-03 3.3617313281e-02
-4.3426246480e-02 -5.5847191412e-04 3.3947736690e-02
-4.4269130772e-02 1.7300147330e-02 5.8790690011e-02
-3.5485552141e-02 3.3016767009e-02 4.7578388456e-02
-5.0943257717e-02 3.9152009109e-02 8.9287848385e-02
-9.7457020339e-02 9.8030180687e-02 1.2157328729e-01
-1.6114848141e-01 2.7601948987e-01 1.6353296495e-01
-2.1652101406e-01 3.3891753194e-01 4.0796416123e-03
-1.8865120036e-01 2.8850163733e-01 -2.0012167474e-01
-5.6835804188e-02 5.6190475034e-03 -9.7658189224e-02
-1.2995106254e-02 -3.6137084036e-02 -1.1310450312e-02
-4.2978465194e-02 -8.6425253102e-03 3.0380559551e-02
-4.3557183339e-02 -5.1514248978e-02 5.8472494263e-02
-3.5180023806e-02 -5.7919400071e-02 4.4375312958e-02
-4.9296142070e-02 -3.9761690485e-02 4.5597366025e-02
-5.8894623465e-02 -1.9752959400e-02 3.3863957733e-02
-6.5648861810e-02 -1.9112881201e-02 4.0974570539e-02
-5.5561521358e-02 -1.3901356596e-02 5.0520826553e-02
-5.8001919319e-02 -4.4118310491e-03 6.0051715339e-02
-6.5936583187e-02 -3.1244115706e-03 7.1754754765e-02
-8.3168745354e-02 4.2135308536e-03 8.2561385412e-02
-7.4484221130e-02 4.8656001919e-02 5.9431920517e-02
-8.0539976479e-02 5.0983476893e-02 -1.7350462741e-02
-5.6963561714e-02 7.4240497102e-03 -7.2430224471e-02
-5.2634035975e-02 -5.0486968212e-02 -3.6715934184e-02
-3.0077339452e-02 -5.3640489891e-02 3.2036897308e-03
-4.5051353164e-02 -4.9933057407e-02 3.9123817324e-02
2.1026942083e-02 -3.3668640620e-03 6.8257964482e-02
4.3347736796e-02 4.2692268230e-03 6.2990613006e-02
6.6230018124e-02 1.1508739266e-02 9.4923231070e-02
1.6460058902e-01 2.6002083533e-03 1.1142918166e-01
2.8688074417e-01 -2.4404458482e-02 2.1672495808e-01
5.4774876228e-01 1.1586572261e-01 3.2778852629e-01
1.0258650717e+00 3.8114546270e-01 4.8160704226e-01
1.3026456873e+00 5.8255921572e-01 3.7789828235e-01
1.4719446329e+00 7.1279182704e-01 2.0207056388e-01
1.4702168286e+00 7.2220883857e-01 -2.6113558954e-01
8.2393907857e-01 3.6246392923e-01 -4.9152310417e-01
2.0311365557e-01 1.2865365648e-02 -1.9224779772e-01
2.9167665901e-02 -4.2269117250e-02 -4.9080435462e-03
4.3009558309e-02 -3.2759696443e-02 3.0765503662e-02
3.1433768062e-03 -2.5102226031e-02 1.3891771325e-02
1.8563711116e-02 5.1870411170e-03 4.8908245148e-02
3.1332830779e-02 -7.3211977730e-03 5.3118056172e-02
6.2655942807e-02 1.7060200083e-02 7.8626426456e-02
2.4616274024e-01 7.3377682041e-02 1.8316440867e-01
7.3698923457e-01 2.7742275943e-01 5.5343597198e-01
1.1948347989e+00 6.1680888686e-01 7.4473595964e-01
1.3909425041e+00 7.1420975118e-01 6.8749655608e-01
1.1821570104e+00 5.7369133828e-01 3.4580122364e-01
8.9679376316e-01 4.6607153422e-01 1.3202777596e-01
9.1791035508e-01 5.6778853028e-01 -3.1150777552e-01
8.5380789984e-01 5.9194796433e-01 -8.5987103369e-01
2.8662453471e-01 1.4808978991e-01 -4.9539087934e-01
1.7351620460e-02 -3.5074447197e-02 -6.4785087088e-02
3.5319182013e-02 -3.7849034358e-02 3.3859337451e-03
1.5090963583e-03 -5.2844102119e-02 3.8005868560e-03
-9.2687273428e-04 -6.3268454353e-03 6.0193651838e-02
2.1926039004e-02 -2.3947944807e-02 5.4142913710e-02
1.2528922875e-01 3.6345104684e-02 2.2336716411e-01
7.0450961462e-01 3.5468945601e-01 7.2759318507e-01
1.2751793533e+00 7.4353645159e-01 1.0552556719e+00
9.3385775169e-01 6.3853930157e-01 7.0833271630e-01
6.0870880087e-01 4.3296647837e-01 3.2577135377e-01
3.5031338638e-01 2.0425360577e-01 6.0774867606e-02
2.7825121276e-02 -1.3941229065e-01 5.2122906205e-02
-2.5863348886e-02 -1.1809471646e-01 5.6667781273e-02
2.4344037399e-01 2.6988737728e-01 -4.2777872608e-01
1.9984957071e-01 1.8783782832e-01 -4.3936640585e-01
1.2717412743e-02 -2.7551018960e-02 -9.7666857798e-02
3.9372173564e-02 -2.2228825142e-02 -2.4945447215e-02
-3.4558003139e-03 -3.8446335731e-02 -1.1167105351e-02
-2.9260817783e-02 4.5084200525e-03 9.7369459413e-02
3.9092299440e-02 3.2111481722e-02 2.0117800359e-01
3.9187214066e-01 3.0286766958e-01 7.0754358405e-01
9.1240408557e-01 7.5102829628e-01 1.0589845533e+00
8.1506591422e-01 6.6661479016e-01 7.8516903147e-01
3.7013994323e-01 4.0439488665e-01 3.1332708838e-01
2.7887939823e-01 3.9395070301e-01 9.1735299503e-02
1.0073711644e-01 1.9027018271e-01 -1.3854471803e-02
-3.2026674728e-01 -4.8903970100e-01 1.0605795222e-01
-3.8481888105e-01 -7.4755028906e-01 3.3914970945e-01
-1.6758941375e-01 -3.2563981392e-01 1.4431401733e-01
-7.2952655716e-02 -1.2678755111e-01 -7.9731797385e-02
-4.0051599763e-02 -3.2163341069e-02 -7.7042517777e-02
2.5330425142e-02 -6.0003518295e-03 -3.9105694617e-02
-1.3462622527e-02 -2.4258332719e-02 -2.0264299188e-02
-3.5940945579e-02 7.9403325873e-03 1.3906294995e-01
1.2355852824e-01 1.8226725792e-01 4.3371556804e-01
4.9759632360e-01 7.0717643504e-01 1.0751755634e+00
5.9092693141e-01 7.6286454109e-01 9.5208317350e-01
4.4267466240e-01 5.2328956589e-01 5.2950904478e-01
1.8118692705e-01 4.1951873984e-01 2.2625054315e-01
1.1193637925e-01 2.2162661891e-01 5.1448836884e-02
3.0676584146e-02 -9.5432542598e-02 6.1446314501e-02
-1.0872575023e-01 -7.7921694083e-01 2.3113103902e-01
-2.4156994996e-01 -1.2508824981e+00 5.2125835500e-01
-2.1087601715e-01 -1.1877679401e+00 5.7944839347e-01
-1.0200311106e-01 -7.0882588981e-01 -4.5882680815e-02
-3.1046800715e-02 -1.0733261522e-01 -1.5421778275e-01
1.0810457852e-02 -9.9346434513e-03 -4.2701580413e-02
-2.0937323943e-02 -2.1171743727e-02 -1.4187315427e-02
-3.4723526901e-02 1.6396686860e-02 1.6956714213e-01
1.0809182717e-01 3.3834672841e-01 5.5417520063e-01
2.2705498888e-01 7.7496436663e-01 9.6393721699e-01
2.0358160046e-01 5.6556214543e-01 6.3035657766e-01
8.8159588890e-02 3.2447547062e-01 3.0014168939e-01
6.5611631015e-03 3.2284622861e-01 1.3317240107e-01
3.4324000542e-02 1.0340641523e-01 4.9688610013e-02
8.1161694382e-02 -3.1124465283e-01 1.3623681737e-01
4.7757538286e-02 -1.1281209724e+00 2.5637186544e-01
-5.2731521438e-02 -1.5918909695e+00 5.2568784572e-01
-7.7364034924e-02 -1.5886764567e+00 6.4002677537e-01
2.3702004752e-02 -7.8935706588e-01 -3.4265089718e-01
-6.0619232111e-02 -5.4153694324e-02 -3.0534957777e-01
-3.7603606269e-02 7.9903907212e-03 -8.0730660457e-02
-4.0682792702e-02 -1.6249461172e-02 -2.4371089597e-02
-4.9590622308e-02 1.4492414209e-02 1.5983242440e-01
-5.4782024889e-02 2.7293789832e-01 3.5460484095e-01
-1.3004778886e-01 6.4356921108e-01 6.4411213039e-01
-1.2748783926e-01 3.9296683651e-01 2.5574456939e-01
-8.8512602238e-02 -3.0801357757e-02 4.4050506548e-03
-1.3142497191e-01 -4.2433632531e-02 -1.2056366602e-02
-1.8671000633e-01 1.2173509035e-01 4.8280698357e-02
-1.0580019906e-01 -1.2282685478e-01 5.4081678563e-02
7.3517880446e-02 -1.0524372411e+00 1.1247124135e-01
1.5750545650e-01 -1.3526652614e+00 3.6556783101e-01
2.9533304757e-01 -1.1685307365e+00 7.4199366641e-01
2.6119253096e-01 -4.6831915637e-01 -5.7894737292e-02
-4.6294015029e-02 -2.5818834867e-02 -1.9462345847e-01
-3.8750816376e-02 -3.1287469968e-02 -6.6112252064e-02
-3.4373534348e-02 -5.5878484041e-02 -1.0867336589e-02
-5.9143359751e-02 -1.9425310526e-02 9.7397807813e-02
-1.3223039070e-01 1.8623248683e-01 2.2245843456e-01
-4.0418140075e-01 6.9893181660e-01 5.8440589522e-01
-2.5632964003e-01 5.8783052788e-01 4.1886538904e-01
2.1227565219e-01 1.4329537177e-01 1.9763162183e-01
3.1656385525e-01 -9.1187462820e-02 4.9177922471e-02
-2.8377580595e-01 2.4363969994e-01 9.8876782199e-02
-6.2994147862e-01 3.9149147819e-01 1.0962182742e-01
-1.8293901061e-03 -3.3010947238e-01 6.9137242912e-02
2.1536864343e-01 -5.3029457599e-01 9.5219211165e-02
6.5139130018e-01 -2.1087731585e-01 2.7576467476e-01
7.7570030129e-01 -9.1219513832e-02 -2.0276215293e-01
-2.3099234215e-02 -3.7030611911e-02 -1.7246009371e-01
-5.5868559594e-02 -4.4679796198e-02 -3.3557791393e-02
-4.7606046997e-02 -4.1008666323e-02 -6.0034935684e-03
-5.0360663156e-02 -1.6362587718e-02 8.0545297527e-02
-1.1431088246e-01 8.6073720907e-02 1.2112094661e-01
-3.3733981294e-01 4.3556395371e-01 3.6159221852e-01
1.4685435408e-01 7.5748212322e-01 7.8857753931e-01
1.2757038627e+00 9.1090169418e-01 1.0475941489e+00
1.3964114140e+00 -1.8420863731e-01 1.3159456054e-01
7.1178652828e-01 -8.4684888572e-01 -4.0337325757e-01
-1.5630729837e-01 -3.7521306406e-01 -6.0413168934e-02
2.0583428745e-02 -3.1483873062e-01 1.4434847914e-01
4.7625162250e-01 -6.7290450767e-02 -3.9696271031e-01
1.1156393660e+00 5.4527820616e-01 -7.5324834192e-01
1.7753073092e+00 5.4997549447e-01 -7.9921269308e-01
2.3584450241e-01 -7.2154574432e-02 -3.8469856398e-01
-3.8056731659e-02 -7.4355077439e-02 -4.4892237596e-02
-2.7465290736e-02 -5.8872423930e-02 8.9864193471e-03
-2.1503391586e-02 -3.1802162134e-02 8.0482391172e-02
-8.6849495189e-03 -1.4260339406e-02 7.5033548624e-02
-8.7979594090e-02 8.8873661942e-02 1.7088521108e-01
-1.2836068614e-01 5.8653457259e-01 7.9170653571e-01
-2.1601851869e-01 1.2107027423e+00 1.1617584363e+00
-3.2806937377e-01 6.0562826432e-01 6.4816344511e-01
-5.8003049509e-03 -2.6552680263e-01 7.0051065548e-02
6.7671037477e-02 -3.6022746449e-01 -3.3665924808e-02
-1.5840635378e-01 -1.9215398459e-01 1.4073020468e-01
-9.9650844592e-03 2.4153593226e-01 -6.1148386453e-01
-1.9282886692e-01 9.5190766238e-02 -4.4975530236e-01
6.2891261035e-01 6.2433837781e-01 1.6317129711e-01
9.2697018055e-02 -1.0343645683e-01 -5.2017960033e-02
-1.3260860577e-02 -6.0587341049e-02 -5.7361132259e-02
-1.6394270138e-02 -2.2134245791e-02 -7.3130778213e-03
-1.2225006035e-02 -3.8944513864e-02 7.9016007795e-02
1.0847424500e-02 -4.3498874369e-02 5.5052731424e-02
-3.3122815149e-02 -2.3382728687e-02 6.2361715626e-02
-3.1318988139e-01 5.1291081756e-02 1.6457089874e-01
-9.0484955395e-01 5.9081559194e-02 3.5087318358e-01
-1.2610255308e+00 1.1624072699e-01 7.8457394931e-01
-1.2794378954e+00 4.4611833841e-01 8.2507635607e-01
-6.8700192874e-01 1.4783980040e-01 3.0803034541e-01
-3.4762315799e-01 1.2235841562e-02 1.3373332334e-01
-2.5775034944e-01 -7.4145866897e-02 -1.8945305601e-01
-3.6399546177e-01 -1.0640282092e-01 2.2815321702e-02
-1.6763800501e-01 5.7150456334e-01 2.4736527785e-01
-5.7599240441e-02 -7.1019736080e-02 -1.0248098537e-01
6.6059089074e-03 -5.4678086623e-02 -8.2180274339e-02
-8.8903622166e-03 -3.0824553127e-02 9.2235731740e-03
-2.6533500657e-02 -4.1892437982e-02 7.6474793677e-02
-7.7790334132e-03 -4.9033058571e-02 7.0106458970e-02
-1.9305955724e-02 -2.5124213453e-02 7.9558648133e-02
-7.3828671316e-02 2.8974850839e-03 5.4354826270e-02
-1.5527392653e-01 -1.0480080918e-01 8.3529477669e-02
-3.7113716134e-01 -3.8967149127e-01 1.3907528350e-01
-9.2402357677e-01 -5.6244842183e-01 2.4729934314e-01
-1.1202990882e+00 -4.2334215835e-01 3.2920324597e-01
-8.7867794542e-01 7.3651055230e-02 3.1946530265e-01
-5.4523680630e-01 1.7878361013e-01 1.8569584731e-01
-1.1133624311e-01 -1.7211087851e-01 -2.1845717033e-02
-1.0352722748e-01 2.6202938679e-01 -1.7301163828e-01
3.1760716325e-02 -1.2862266596e-01 -2.0608922037e-01
3.2388806221e-02 -5.0275563538e-02 -6.7151713512e-02
-5.4574801218e-03 -3.4736911472e-02 2.7713143573e-02
-4.3228648770e-02 -3.3177775439e-02 8.4850900978e-02
-3.5162279755e-02 -3.2429221571e-02 8.1128354776e-02
-5.6836448627e-02 -1.0393474205e-03 9.1072639743e-02
-6.8313738521e-02 4.5873572807e-02 1.0612374265e-01
-7.5861798388e-02 6.3517666467e-02 1.3847451802e-01
-1.5550576581e-01 1.1385217921e-01 1.5153187765e-01
-4.0272184065e-01 1.3899802545e-01 3.4475623929e-01
-7.0682476301e-01 -3.1194858897e-01 4.9211958604e-01
-7.4180513881e-01 1.6712501643e-02 5.4236938883e-01
-5.6218406770e-01 5.0357805948e-01 5.9237950815e-01
-3.2890327899e-02 3.3753243161e-02 7.0403455786e-02
-1.3728008476e-01 5.4430334714e-01 1.3082204080e-02
5.6861961218e-02 -3.0168339761e-02 -1.0026961762e-01
3.1001686008e-02 -3.3732367937e-02 -5.4152582846e-02
-2.5276936429e-02 -4.8530654119e-03 3.3203520629e-02
-4.9381152226e-02 -2.9324908683e-02 7.0031567477e-02
-4.0026311342e-02 -3.1513843037e-02 6.7809348455e-02
-6.3093973479e-02 -9.7384203978e-04 8.9202971686e-02
-9.1211877891e-02 4.0977310487e-02 8.4257624849e-02
-7.9093549696e-02 5.5455678400e-02 9.5827093398e-02
-6.0287646900e-02 7.8668698324e-02 1.2837426020e-01
-8.6910218586e-02 8.7247555888e-02 1.6961510302e-01
-1.9644753452e-01 1.8357323084e-02 3.2511333145e-01
-1.1895052856e-01 6.8966031297e-02 7.9781025858e-01
-5.5575562874e-01 1.0766837042e+00 9.5818946490e-01
-2.5987253724e-01 7.9809641554e-01 2.6062928773e-01
-6.8872599456e-01 1.3856478289e+00 -2.0079820039e-01
-1.1549833728e-01 2.7351676073e-01 -1.8632512605e-01
4.5717799169e-02 -3.6389532397e-02 -4.7162544411e-02
-3.1727812387e-02 -1.4461034693e-02 4.5029037044e-02
-4.7753143954e-02 -3.4770826446e-02 7.5061317663e-02
-3.8190610560e-02 -4.1812455113e-02 5.7163434927e-02
-7.5203327197e-02 1.8163511587e-03 7.2106466679e-02
-9.0583392859e-02 2.5024821852e-02 5.0153800821e-02
-8.0294415309e-02 3.9934223158e-02 4.7140179713e-02
-7.3158758109e-02 5.7455513753e-02 8.2973979505e-02
-7.3347786243e-02 7.3731381160e-02 1.0293820332e-01
-1.4662936862e-01 1.2502971213e-01 2.2953875363e-01
-2.7786755244e-01 4.3576044093e-01 5.7267759224e-01
-7.3409329525e-01 1.2247055765e+00 7.0667714339e-01
-6.0898595529e-01 1.0338904350e+00 2.6689526136e-01
-9.2383715200e-01 1.1093683636e+00 -4.5200173689e-01
-3.0986547996e-01 3.0984407081e-01 -3.4219713190e-01
-1.6647986276e-02 1.6604804676e-03 -5.2647803816e-02
-4.8379551719e-02 4.3924398982e-04 3.5135425244e-02
-5.0042400800e-02 -5.0311509839e-02 6.6933198493e-02
-4.2015819059e-02 -6.5338331682e-02 3.2384668965e-02
-6.8665550396e-02 -3.3798149281e-02 5.7315618058e-02
-8.8955778113e-02 -5.4825361063e-04 3.3564719354e-02
-8.0813512070e-02 -5.7230256214e-04 3.6234051570e-02
-6.5388161313e-02 1.0510268778e-02 4.8702346009e-02
-6.7298296889e-02 5.9450299109e-03 7.4016956109e-02
-1.1781482398e-01 3.7892189011e-02 1.1702003486e-01
-2.1343124700e-01 1.5445289199e-01 2.2991247336e-01
-3.9517108819e-01 4.3117203677e-01 2.0040171597e-01
-3.5088426179e-01 3.7007701241e-01 2.0963732950e-02
-2.9358646734e-01 2.3465339578e-01 -1.6537572507e-01
-9.7011891656e-02 2.7848771300e-02 -1.0533458540e-01
-1.7594558137e-02 -3.5320970681e-02 -1.3687544960e-02
-3.0907030554e-02 -4.7138122416e-02 4.1515254117e-02
3.5747007898e-02 1.8884781451e-02 6.4625979675e-02
6.9017398855e-02 2.1756656003e-02 9.9720898344e-02
9.9664180564e-02 2.7092332285e-02 1.1299689454e-01
2.0719682364e-01 1.6025636798e-02 1.4300080818e-01
4.4431567467e-01 6.3428639014e-03 3.2039070465e-01
1.0394270581e+00 2.1675882373e-01 6.0632083616e-01
1.6935571241e+00 4.8684572291e-01 7.7687925542e-01
1.7504881173e+00 6.2800339563e-01 5.7728869221e-01
2.0880525269e+00 7.7429503024e-01 2.9652289344e-01
2.3600592892e+00 8.4237930642e-01 -4.5893935902e-01
1.4735319202e+00 5.3987801950e-01 -8.5508358047e-01
3.0884420058e-01 6.9632220275e-02 -3.1567934792e-01
3.8060198763e-02 -4.1200976167e-02 -6.3935238465e-02
3.7589326359e-02 -3.9496946557e-02 -1.2711145540e-03
-7.7610042953e-03 -3.2189727017e-02 -2.1670201972e-02
2.5176449664e-02 2.7316418390e-02 6.0886995937e-02
3.6339314292e-02 3.8315436818e-03 9.5456805428e-02
1.0382864038e-01 7.1124547987e-03 1.7735822044e-01
4.2103122048e-01 8.6485831735e-02 4.0125059979e-01
9.8833502777e-01 2.4304937363e-01 8.0632344761e-01
1.1823868304e+00 3.7694448396e-01 8.5019110298e-01
1.0085849880e+00 3.0067234233e-01 5.6072409536e-01
6.5611627688e-01 1.5032374246e-01 2.6623519424e-01
2.6910359172e-01 3.3881393957e-02 1.6026893300e-01
4.1980019295e-01 1.4282969439e-01 -2.0313616191e-02
7.2450565749e-01 3.8211166113e-01 -4.6014306835e-01
4.0224981517e-01 2.2866643874e-01 -4.2473074410e-01
5.7406777625e-02 -3.2201524132e-02 -1.2638790944e-01
4.2694268450e-02 -4.1599691260e-02 -4.0536691827e-02
-2.9896962177e-03 -4.3464445220e-02 -2.5072654886e-02
8.8763964570e-03 1.6856842047e-02 6.6655663693e-02
6.4247309593e-02 3.5185088709e-03 1.6566178913e-01
3.1531578864e-01 4.1651911971e-02 4.2763642199e-01
9.3666054872e-01 2.4083593938e-01 9.3767352390e-01
9.7308094968e-01 2.3422637596e-01 8.3675514278e-01
5.5286129943e-01 1.4408599839e-01 4.3338758542e-01
3.9984206064e-01 6.0525648856e-02 1.7300896998e-01
4.1464827239e-01 1.0150435000e-01 9.3093996614e-02
1.7798830781e-01 -8.5939294434e-02 7.9095614238e-02
1.2748009462e-01 -4.9187725473e-02 2.1018241283e-01
3.8411303418e-01 2.0039285934e-01 1.6988548488e-01
2.8521483674e-01 1.6217535390e-01 -6.0943809338e-02
3.4524538382e-02 -2.0302354504e-02 -1.0941468979e-01
5.0838944844e-02 -2.6879972848e-02 -5.1943492468e-02
-4.0385438116e-03 -2.4020680615e-02 -3.7883979596e-02
-5.1039896767e-03 4.3647223806e-02 1.6412876180e-01
1.7105142492e-01 8.5489901561e-02 4.6821996790e-01
6.2379921285e-01 2.4863720960e-01 9.6548353443e-01
7.0508323306e-01 2.1344088874e-01 8.0124428982e-01
3.7784738021e-01 5.4412335069e-02 3.6458556686e-01
2.3145631194e-01 5.6414416462e-02 2.0132999614e-01
2.1246642562e-01 5.6153245928e-02 1.2456567317e-01
1.7381055992e-01 2.7865325989e-02 9.3422755508e-02
-2.2431796406e-02 -2.2122027296e-01 9.8934055790e-02
-1.3901253506e-01 -4.0373571543e-01 2.9497581297e-01
-1.8787352679e-01 -4.7729435075e-01 6.1219400737e-01
-1.5935961569e-01 -3.8307350293e-01 2.8301166534e-01
-5.3368560232e-02 -9.1768063421e-02 -6.7972359925e-02
3.1419462531e-02 -2.6718895818e-02 -6.6807450385e-02
-1.8018860695e-02 -1.9601788583e-02 -4.2426712870e-02
5.6153418982e-03 5.8755633026e-02 2.6611804479e-01
3.3858828698e-01 2.6075347886e-01 8.2788560630e-01
4.9875687994e-01 3.4423725752e-01 9.7304381127e-01
3.1975856455e-01 1.3311784709e-01 5.1684815150e-01
2.6589197322e-01 5.1730972201e-02 2.7994957632e-01
1.5733403167e-01 4.2373088061e-02 1.6804748846e-01
1.1787607692e-01 -8.3053193842e-02 1.0597564577e-01
8.7782428614e-02 -9.6032818045e-02 1.3887732802e-01
3.6328750797e-02 -2.6288135283e-01 1.2922408092e-01
-8.5967463520e-02 -5.9187055570e-01 3.2493772558e-01
-2.1033627790e-01 -1.1469484706e+00 5.5312170593e-01
-1.3627183229e-01 -8.2489318443e-01 -5.5224446321e-02
-2.4000945722e-02 -1.3764451092e-01 -1.7633777260e-01
1.4555665420e-02 -2.5711126249e-02 -6.6727684701e-02
-3.2959217230e-02 -1.8224004756e-02 -3.5011320979e-02
5.7929940183e-02 1.2142103411e-01 4.6542242760e-01
3.2600522628e-01 4.3773737268e-01 9.8794959136e-01
1.9163133057e-01 3.2130105609e-01 6.8621252879e-01
1.4305113031e-01 1.3797988166e-01 3.7856949959e-01
1.5909352988e-01 -2.7388880315e-02 2.2463747671e-01
9.9327118934e-02 -3.0016212994e-02 1.2193026516e-01
9.4995995162e-02 -9.9363245763e-02 8.4351193702e-02
1.1800231618e-01 -1.0328524200e-01 1.4503794285e-01
1.1775641765e-01 -2.4974524508e-01 1.5034169184e-01
3.2431600521e-02 -5.4121934604e-01 2.7836509972e-01
5.1612425416e-02 -1.3145278793e+00 5.2908306308e-01
9.9835005540e-02 -8.8596425335e-01 -2.8352611892e-01
-2.6696422194e-02 -6.6853626228e-02 -2.8211205205e-01
-3.1478195197e-02 3.2115636501e-03 -1.0855592309e-01
-5.3806620846e-02 -1.3665992173e-02 -4.4569986399e-02
3.0536805250e-02 1.7909544479e-01 5.0156062882e-01
7.9459026174e-02 4.1343888866e-01 6.9896951569e-01
-1.8583778841e-02 3.3647526002e-01 4.8215066852e-01
-6.0352767831e-04 5.0841515282e-02 1.2481218709e-01
3.8532351422e-02 -1.7000053250e-01 1.7100469108e-02
-7.8356692717e-03 -7.7188768546e-02 5.2593298714e-02
-2.5549343496e-02 7.5155232289e-03 8.2505050856e-02
-4.5535790176e-02 1.2625268035e-02 5.1335202063e-02
5.0932207848e-02 -1.8903489332e-01 4.0714587465e-02
6.8385245226e-02 -3.5480767677e-01 2.1430605265e-01
2.1735362067e-01 -8.7360990998e-01 7.7326574643e-01
2.5039296149e-01 -5.6123843119e-01 1.8489994643e-01
-8.7288287241e-02 1.9508086563e-02 -2.1600819716e-01
-3.1853461547e-02 3.8431250488e-02 -1.2990092792e-01
-4.8718482718e-02 -3.7307425332e-02 -2.6239190925e-02
-3.1251754460e-02 9.6550441175e-02 2.8161596748e-01
-3.9732390592e-02 3.4376459729e-01 3.6108109845e-01
-6.3893707769e-02 4.1533888295e-01 4.0802047485e-01
8.9757626616e-04 1.3510012117e-01 1.4741764599e-01
-1.4711203680e-01 1.1691593286e-01 2.8188815610e-02
-1.7050399354e-01 1.5075448565e-01 4.4925301501e-02
-1.4828638985e-01 2.5682509094e-01 1.6759043265e-01
-5.9994531765e-01 3.7036857589e-01 1.6954271236e-01
-3.5082994093e-01 6.8795154941e-02 5.8527758558e-02
-1.0690910305e-01 -2.6199380759e-02 8.7099769214e-02
7.4078068631e-02 -2.3407712075e-01 4.4264206600e-01
5.4444042763e-01 -2.8369797501e-02 -1.2112450264e-01
-8.6118888630e-02 2.4282422616e-01 -4.2657861169e-01
-8.2227875617e-02 4.9815103011e-02 -1.2339667698e-01
-5.3561026159e-02 -2.6360614404e-02 -2.2586329363e-02
-1.5471212678e-01 1.1868720884e-01 2.2698545684e-01
-4.3181468145e-01 4.0898873100e-01 4.1166231671e-01
-3.5320891593e-01 4.8945224366e-01 4.5369078806e-01
4.2233085933e-01 4.0781030212e-01 4.8205241450e-01
9.2237574564e-01 6.6821473006e-02 1.7367952886e-01
7.8932503439e-01 -2.0444629686e-01 -9.4380795340e-02
6.7513831272e-01 -7.6475649218e-02 1.0084349765e-01
-2.1443443675e-01 1.9360675000e-01 1.7463341410e-01
-3.9696685557e-01 1.1555259612e-01 9.9944656874e-02
-1.1975763723e-01 7.1432310712e-02 -1.2913163098e-01
-3.6728714195e-01 -2.3161267378e-01 -3.3858403834e-01
7.5637372814e-01 -5.9368510876e-02 -5.4633142950e-01
2.7773790520e-01 1.6319459930e-01 -5.8245627750e-01
-3.0321245212e-02 -1.6032449242e-02 -1.2311364505e-01
-3.8633097683e-02 -4.7534315250e-02 -8.3434016120e-03
-9.1016655698e-02 1.8813203734e-02 1.0994243156e-01
-4.1487271437e-01 1.4442056230e-01 1.8300362707e-01
-6.0893964924e-01 2.0729099154e-01 1.5889497437e-01
-8.5676105272e-02 3.7001825694e-01 4.0558689263e-01
3.3099736873e-01 3.5804584357e-01 1.0160076391e-01
2.4018464599e-01 2.8907902006e-01 1.8899770832e-01
3.7012008993e-01 1.2069434620e-01 3.0615567297e-01
4.2098635078e-01 9.8386993153e-02 1.9904862198e-01
2.2728037711e-01 1.1738165245e-01 1.6417945604e-01
3.7229834528e-02 2.3274938234e-01 -2.3640983433e-01
-3.8128876722e-01 -6.7163003976e-02 -2.6286403881e-01
3.7412353496e-01 1.5394429347e-02 1.5631156158e-01
1.1841732129e-01 -3.3300993499e-02 -1.2292127142e-01
-2.8489568835e-03 -3.2511844135e-02 -8.6861055729e-02
-2.4753426363e-02 -1.6555148161e-02 -2.2260914612e-02
-2.5679173549e-02 -2.9309093300e-02 6.3242122437e-02
-8.0356702942e-02 -3.9110829961e-02 2.3326747870e-02
-2.8066600604e-01 -1.2208964961e-01 -1.2938811119e-01
-3.2419786086e-01 -1.8313676463e-01 -1.9172410298e-01
-3.7522928643e-01 -6.4582141392e-02 -2.1070973151e-01
-4.1379997073e-01 4.9298217223e-02 2.2179084975e-01
-3.6257464193e-01 5.6593953244e-02 3.8647062320e-01
-2.4144342026e-01 3.3836742286e-02 2.1429040763e-01
-1.4693677506e-01 5.2662915706e-02 2.1597914280e-01
-1.1072737391e-01 1.3330064810e-01 9.7595267298e-02
-1.2761154719e-01 1.4856634282e-01 8.3285208809e-02
-6.6932400256e-02 1.1269366367e-01 8.4112254629e-02
-5.6045182127e-02 -5.8454657722e-02 -1.6713143840e-01
4.8744760796e-03 -2.1558348743e-02 -1.0274961301e-01
-1.8267793073e-02 -1.7202322068e-02 -1.1544968715e-02
-3.9913042591e-02 -3.3527513866e-02 6.6197418905e-02
-1.3867064211e-02 -3.0893727727e-02 6.5727849217e-02
-9.3612436070e-02 -3.4806881957e-02 3.9904976747e-02
-5.7097488246e-02 -9.0357956952e-02 -1.1353100428e-01
6.7423113497e-02 -3.0341275290e-01 -1.5900882015e-01
-2.3252887287e-01 -4.6187499126e-01 6.6595277674e-03
-5.3249719526e-01 -3.8576949291e-01 -5.5367636456e-03
-5.9389315132e-01 -3.3136872517e-01 1.4285978649e-01
-3.5592376482e-01 -1.5094028840e-01 2.4813363373e-01
-2.2794087171e-01 6.5223559012e-02 2.0637832587e-01
-7.9689111054e-02 3.0776358292e-02 7.6978270753e-02
-5.9803724703e-02 3.7108880583e-02 -1.3814444439e-01
3.5106278994e-02 -6.3964645194e-02 -1.8132306100e-01
2.6879537171e-02 2.6567157303e-04 -8.8942030307e-02
-1.5160853076e-02 -6.2945644388e-03 1.0119028038e-02
-6.7645413829e-02 -1.3512424061e-02 8.8779451413e-02
-2.9342202103e-02 -1.5681044823e-02 1.0920435026e-01
-6.5496090107e-02 2.2659330771e-02 1.4996759664e-01
-6.0367016043e-02 6.8476819575e-02 1.2757241577e-01
-1.0776959615e-01 4.1970555543e-02 1.3308595389e-01
-2.0760550648e-01 -1.0262363356e-01 8.3145314962e-02
-1.7035911577e-01 -2.6693329121e-01 -1.5837382257e-01
-2.9032669790e-01 -3.6065099300e-01 2.7480484127e-01
-5.3911848654e-02 -3.7634502184e-01 3.5883260760e-01
-1.2091817841e-01 1.4832763523e-01 4.3470062262e-01
9.9711683001e-02 -6.7947074428e-03 2.4507195413e-01
3.4279407894e-02 2.0506343724e-01 1.9043164503e-01
8.4714383980e-02 3.9652639685e-02 -3.3728358639e-02
6.5018964914e-02 -1.4318874366e-03 -8.2647062352e-02
-3.3413462860e-02 9.7992160092e-03 1.0522872408e-02
-8.3326788705e-02 -5.9612691671e-03 7.7048168792e-02
-4.8510728443e-02 -6.6544424864e-03 1.0498437668e-01
-7.5145647962e-02 1.9980880651e-02 1.5896224964e-01
-8.0456097650e-02 5.4961243442e-02 1.5704326873e-01
-7.4607541353e-02 7.3309242508e-02 1.7038429503e-01
-4.7173218279e-02 4.6563730381e-02 1.3816702632e-01
-1.2237094930e-02 -4.6471966096e-02 1.0380351944e-01
6.3307640104e-02 -8.2844352345e-02 5.1724785086e-01
2.9339072480e-01 -1.7966806636e-01 7.0967262246e-01
-3.1060145953e-01 5.5558956107e-01 6.3233214084e-01
1.7624466204e-01 6.4608593013e-02 4.7174726474e-01
-5.6396012399e-01 5.9544635075e-01 4.7733658934e-01
-3.4629035903e-01 3.0508400856e-01 1.8735068865e-02
8.4171893464e-02 -1.4523206577e-02 -8.5583933998e-02
-4.4388800501e-02 -4.6408138989e-03 2.4711518900e-02
-7.6357881791e-02 -1.7955625504e-02 8.9626359041e-02
-4.6612337308e-02 -2.4495869693e-02 9.9825217314e-02
-7.8576203888e-02 -4.0743981011e-03 1.2141686066e-01
-9.5838987357e-02 3.2699457635e-02 1.3131950869e-01
-9.2891049634e-02 5.8332906114e-02 1.1736257681e-01
-8.4252341156e-02 7.0890345139e-02 1.4521428784e-01
-1.1593797155e-01 9.5439726100e-02 2.0241952634e-01
-1.4131174598e-01 2.6021849545e-01 6.3397320603e-01
-2.6269250661e-01 6.4849609220e-01 1.1814349266e+00
-1.1396682971e+00 1.3727348159e+00 6.4503881315e-01
-6.4921021333e-01 8.0504545715e-01 3.1742178644e-01
-1.5252691308e+00 9.6060410885e-01 -3.2724896179e-01
-9.8036194950e-01 5.0734108913e-01 -6.0751873549e-01
-3.0585534412e-02 3.4412824767e-02 -1.3697221171e-01
-6.0431713237e-02 9.8560696806e-03 1.2106863451e-02
-6.7685930312e-02 -3.7419418765e-02 9.2750756622e-02
-4.9853050890e-02 -5.6286150779e-02 7.2888119038e-02
-7.8727251052e-02 -3.4950945026e-02 1.0827272092e-01
-1.0884805795e-01 1.4579225226e-02 6.5386174446e-02
-1.0390355300e-01 1.8056412238e-02 6.3136687724e-02
-7.5765341353e-02 2.6676495822e-02 7.4519119030e-02
-1.0255166215e-01 2.8094167512e-02 1.1963955130e-01
-2.5339885456e-01 1.7959217509e-01 3.1884434643e-01
-6.0046574158e-01 6.3188777117e-01 7.6985303548e-01
-1.2951262302e+00 1.2546176633e+00 4.7893085609e-01
-1.0628990336e+00 9.4742906349e-01 -4.8012722618e-02
-8.9947029924e-01 5.1406035731e-01 -4.2290821738e-01
-4.3548684197e-01 1.5444914021e-01 -3.6374941431e-01
-4.1792685586e-02 -1.0186540399e-02 -6.0413817864e-02
-5.5184218510e-02 -3.0607602345e-02 2.3857604115e-02
7.4568876069e-02 2.8342023489e-02 6.7183026329e-02
1.1731704907e-01 2.6603474888e-02 1.1061687202e-01
1.4005617727e-01 2.5981249551e-02 1.4570435437e-01
2.6749564202e-01 -1.3772626469e-02 2.0168949390e-01
5.7957710488e-01 -3.6851464227e-02 4.3112981959e-01
1.4149714224e+00 3.4569633466e-02 8.3004471003e-01
2.0093565924e+00 1.3327079180e-01 9.5792561008e-01
2.1269577548e+00 1.6473350299e-01 7.4677778213e-01
2.4746253430e+00 1.5854515355e-01 2.8471971162e-01
2.6740130261e+00 1.5038581339e-01 -5.8555774290e-01
1.8167823115e+00 1.1996720969e-01 -9.6707393233e-01
4.5163306709e-01 -3.3825118226e-02 -3.7292096573e-01
7.4460019133e-02 -7.1527507275e-02 -9.7878821736e-02
4.1632489520e-02 -7.3439758522e-02 -1.1878624569e-02
6.2240662379e-03 -4.7949623971e-02 -1.8508180976e-02
4.8484478972e-02 3.7424744909e-02 5.3501907907e-02
8.4745387506e-02 2.3558154774e-02 1.1436422185e-01
1.4250071106e-01 1.4117044574e-02 1.9412447184e-01
5.0452466905e-01 -1.1406306716e-03 4.9034655592e-01
1.0394467479e+00 5.2121811916e-02 8.7452363261e-01
1.1421493945e+00 6.7914615318e-02 8.2119422828e-01
8.1194166181e-01 2.0918067512e-04 4.4658733799e-01
4.0000595044e-01 -4.1252800411e-02 1.7109492200e-01
-8.8561268850e-02 -8.9800261229e-02 1.3735336997e-01
9.9506887055e-02 -6.4889003848e-02 1.3135760488e-01
6.0953454790e-01 1.1672493052e-01 -1.1007516992e-01
8.2178422525e-01 1.5293574904e-01 -4.3601344457e-01
1.8977628838e-01 -8.7726775873e-03 -2.4374417580e-01
4.0075689577e-02 -4.4514237032e-02 -4.5848323041e-02
1.5286724447e-02 -4.7038625709e-02 -2.6389345928e-02
4.4235584496e-02 3.5350444753e-02 6.7155212861e-02
1.2704477812e-01 2.0374376551e-02 1.7989210372e-01
3.7156905573e-01 1.1503556629e-02 4.6034946594e-01
8.1515310991e-01 -3.2701114274e-02 7.9720331842e-01
6.2312134716e-01 -9.3385765331e-02 5.5580238598e-01
4.7404268376e-01 -7.6857904125e-02 3.3629158712e-01
3.8761745196e-01 -9.1517128130e-02 2.0678329938e-01
3.7755502095e-01 -8.5881265972e-02 1.6729290518e-01
2.1689131996e-01 -1.1139228846e-01 1.1850122403e-01
2.3910789853e-01 -5.6311350763e-02 1.8358727541e-01
7.0797262098e-01 1.1146584070e-01 2.2910822463e-01
8.6959502306e-01 1.5110167660e-01 -6.5729013198e-02
1.5017636839e-01 5.2393827730e-03 -1.8031298266e-01
3.9755240381e-02 -3.6117467307e-02 -5.1472727947e-02
1.5573513089e-02 -2.9830140838e-02 -3.6779138615e-02
3.8095099085e-02 4.8090873764e-02 1.5905691467e-01
2.3020252616e-01 2.6022865663e-02 4.3590868319e-01
5.3667803065e-01 4.1329770539e-02 7.3626703255e-01
3.8893257204e-01 -1.1416942190e-01 4.1867094913e-01
1.4319424343e-01 -1.6871402492e-01 1.1914651310e-01
1.9610011066e-01 -9.8786235031e-02 1.5637970841e-01
1.7564490212e-01 -1.1076912909e-01 1.5139075707e-01
1.7596397204e-01 -1.4746189242e-01 1.5352907284e-01
1.6354224529e-01 -1.4224689760e-01 1.1022197562e-01
1.6495528431e-01 -9.2130233001e-02 1.3051487108e-01
2.0882674282e-01 -5.0676850912e-02 1.9796858936e-01
1.4779576745e-01 -6.7686820899e-02 8.2665403253e-02
-1.0516394537e-02 -4.9184176627e-02 -1.0451472472e-01
2.3659179730e-02 -4.6842855518e-02 -5.5447241135e-02
8.2921041317e-03 -3.3745046221e-02 -3.7436567465e-02
6.0775607587e-02 4.9303787703e-02 3.0641261484e-01
3.2422013445e-01 9.5163708393e-02 6.6390135550e-01
1.8136682510e-01 1.8323857021e-02 4.2476528404e-01
6.8373866845e-02 -1.5000024929e-01 9.4135716246e-02
1.3567406389e-01 -1.4232995669e-01 1.0376833648e-01
1.2233648160e-01 -7.4352023835e-02 1.2554894625e-01
1.3886846883e-01 -1.2158518801e-01 1.3523094795e-01
1.3203454824e-01 -1.3526296499e-01 1.6436867295e-01
1.4944848154e-01 -1.4529561814e-01 1.2030797101e-01
1.1709885363e-01 -1.1962427999e-01 8.5180697471e-02
5.0507815612e-02 -1.8348503808e-01 7.2296064754e-02
6.7674680795e-02 -9.1446374996e-02 -9.4990888445e-02
8.2006953744e-02 4.7140324674e-02 -1.5390601351e-01
4.5356808355e-02 1.4415200159e-02 -8.0095767413e-02
-1.2875314866e-02 -2.2851915148e-02 -3.6938230431e-02
2.0734328319e-01 1.1177912555e-01 6.1331482002e-01
2.7780664473e-01 1.5008291298e-01 6.3289548887e-01
-6.5662085607e-02 -5.0005764493e-02 4.0855351806e-02
5.7682731590e-02 -1.5800554692e-01 1.1069616527e-01
1.6973896911e-01 -1.7186336973e-01 1.6780185493e-01
1.1373690918e-01 -1.0632332316e-01 1.1956801325e-01
1.0022268547e-01 -1.2263384576e-01 1.1751227502e-01
1.1325348735e-01 -1.3512165054e-01 1.6958716916e-01
1.2289163788e-01 -1.1559184173e-01 1.0111337678e-01
1.0518633578e-01 -8.9884184990e-02 4.7438027366e-02
5.6343613217e-02 -1.6189714752e-01 1.1973590845e-02
1.7881033403e-01 4.7660795847e-02 -1.3008363108e-01
2.9976882390e-01 5.1474668663e-01 -2.6883296323e-01
1.7455475201e-01 3.3285136864e-01 -2.3331754920e-01
-1.4332769028e-02 1.6736622042e-02 -6.6642581937e-02
1.9577610663e-01 2.3502296516e-01 7.6802915323e-01
1.0651100126e-01 2.5494415634e-01 3.7359884062e-01
-2.3689681133e-02 2.3190631515e-02 -8.5439517586e-03
8.0036055275e-02 -1.2240071791e-01 7.8407186476e-02
9.5139493924e-02 -1.5478675038e-01 6.4788433076e-02
4.9413265019e-02 -7.7494957192e-02 5.4349423652e-02
1.1984666471e-01 -7.0437819868e-02 6.8534332846e-02
1.7968058946e-01 -2.9778424862e-02 7.6100053868e-02
9.8726483256e-02 -1.8123410201e-05 -7.9758106719e-03
8.5373164361e-02 -1.0139667768e-02 -1.0969534464e-02
8.1806224191e-02 -1.9123152446e-01 1.6634339399e-01
-7.9245869950e-02 -2.7615797532e-01 -2.7594010456e-02
-8.3612010712e-02 4.0908296411e-01 -3.4129573593e-01
1.6586999735e-01 5.4258429129e-01 -3.3039068171e-01
7.5012752489e-04 4.7730211209e-02 -5.6325200630e-02
-5.5117190013e-02 2.9677937513e-01 7.0311152729e-01
1.3314829766e-02 3.5656228942e-01 4.3025697535e-01
4.1889931856e-01 -9.1924658485e-02 2.6876186442e-02
3.5932439120e-01 -2.1663736598e-01 1.2403701672e-02
-1.6503593150e-01 4.4471690724e-02 2.9509823626e-02
-7.8614128739e-02 3.9142384588e-02 6.0763603356e-02
6.5827402884e-01 -4.0927285205e-02 1.6010001547e-01
4.5486493475e-01 1.3233305148e-01 1.6289547275e-01
-2.9132274902e-01 -2.4470064194e-03 1.3145338681e-02
-3.8756287272e-02 -8.7704836598e-02 9.9959307122e-02
3.0673312890e-01 -2.6568264704e-01 2.8411723774e-01
5.1258055468e-01 -1.8050961235e-01 -3.1697149445e-01
-3.6393867978e-01 5.3109883255e-01 -7.3502234687e-01
-1.6532620310e-01 4.3619364708e-01 -3.0956368708e-01
-3.0175877222e-02 1.9220931665e-02 -1.3747332436e-02
-4.8208538848e-01 3.8462727562e-01 7.5033440817e-01
-8.0277721949e-01 6.1235390098e-01 8.4691821217e-01
-8.2579896173e-02 8.6022492720e-02 2.5900119716e-01
3.3441509739e-01 -3.4255357462e-02 1.1269162570e-01
-1.3275736102e-01 1.2988032250e-01 1.8821530955e-02
-7.8390252917e-02 3.3450374445e-02 2.2446627199e-03
6.2695668414e-01 -1.0687779395e-01 1.4007383842e-01
1.7151535505e-01 -2.1236091873e-02 1.6027801616e-01
-5.7979426013e-01 -1.2570776268e-01 7.5200300642e-02
-8.5940749899e-02 -1.1782045211e-01 1.7332787871e-01
-3.4159909204e-01 -3.2251295892e-01 -1.6446415584e-01
5.8096572268e-01 -5.7343839197e-02 -6.7271646382e-01
1.4525216962e-01 3.8649334585e-01 -5.4382987218e-01
-1.7060298203e-01 1.3803083461e-01 -1.9329214521e-01
-3.2305891435e-02 -2.9702962572e-02 -1.7154008858e-02
-2.5942017662e-01 9.4301430543e-02 2.2703442705e-01
-9.7111766335e-01 3.8670386443e-01 3.7379884853e-01
-1.2870596560e+00 1.9280104391e-01 -8.7989271399e-02
-5.5238886855e-01 4.6930090498e-02 -2.8695231915e-01
1.0190190331e-01 1.2346511611e-01 -8.6189749142e-02
2.0559543006e-01 5.6525788537e-02 6.4117271268e-02
1.3704577936e-01 -1.9597486896e-02 1.6187786583e-01
1.5822936804e-02 -5.2521793351e-02 1.6240201251e-01
3.2086845625e-02 -3.0643746870e-02 1.7321502470e-01
1.6673445851e-01 1.7678604506e-02 2.1068769326e-01
-3.7020393787e-01 -1.5685957560e-01 -3.9771671916e-02
2.4761614686e-01 -1.2388822538e-01 -6.8216683545e-02
1.3986906823e-01 -9.4343139803e-03 -1.1913237975e-01
-4.4346529796e-02 -2.1898248449e-02 -1.1392565026e-01
-3.0521139047e-02 -9.4682692034e-03 -3.5353889593e-02
-5.0501395693e-02 -2.7884729616e-02 3.0913210328e-02
-3.0163015040e-01 -4.0887955122e-03 2.1330500449e-02
-4.3892571108e-01 -5.2882051077e-01 -6.8823391878e-01
-8.3414113394e-03 -7.6326751941e-01 -9.8153016430e-01
1.5801970241e-01 -7.4958276338e-02 -5.2341206894e-01
2.9449889108e-02 1.5188890918e-02 -9.0190369511e-02
-1.1066801047e-01 1.0132584061e-02 1.3603996722e-01
-1.4984553892e-01 1.6255204708e-03 1.7355048216e-01
-1.2327089314e-01 2.3023128555e-02 1.7059218968e-01
-9.6579692416e-02 3.4020910491e-02 1.3797269013e-01
-1.5212158679e-01 2.8724664669e-02 1.6930194470e-02
-1.1910644068e-01 -8.7408206052e-03 -1.2116651019e-01
-8.0642937897e-02 -5.5045951600e-03 -1.9470008027e-01
-8.6637841427e-03 -1.9630001357e-02 -9.4053320261e-02
-9.2347016465e-03 -1.0491439343e-02 -1.8021623591e-02
-3.4177435724e-02 -2.2289582809e-02 5.1730734854e-02
-8.8036593850e-02 -2.7053661391e-02 3.4009020922e-02
-2.0144816663e-01 -2.3205861143e-01 -9.7717474782e-02
1.3189279101e-01 -5.6507124498e-01 -3.3509375167e-01
4.9842985627e-01 -5.2866671818e-01 -6.5226006716e-01
6.9099435598e-02 -3.9266562846e-01 -3.4071945789e-01
-3.4770462983e-02 -3.2198301773e-01 -2.0360238820e-01
-1.6154448491e-01 -1.0726447735e-01 1.3981629521e-01
-1.3949537444e-01 -3.2945382193e-02 2.0808911118e-01
-1.0694343438e-01 2.1437815318e-02 1.1106003038e-01
-7.0452796338e-02 2.0897117500e-02 -2.4353447462e-02
-2.2732053492e-02 1.7138581796e-03 -1.6485422114e-01
1.4708261545e-02 1.3359551641e-02 -1.9941455882e-01
2.3043592414e-02 1.7659596969e-02 -9.6305166819e-02
-2.0893812819e-03 -5.2948132144e-03 1.1218254056e-03
-6.2294364653e-02 2.2667033640e-04 7.8058576745e-02
-1.0721830822e-02 6.9543181723e-03 1.0505364443e-01
-8.2828281769e-02 4.6782513466e-03 1.2274966981e-01
-1.5551527978e-02 -1.3624695131e-01 2.7484521250e-02
1.6182908529e-01 -2.6977921834e-01 -1.7750465801e-01
3.3074131727e-01 -5.2989068460e-01 -3.3536913565e-01
5.2805734230e-01 -7.9856647603e-01 -6.3077460020e-01
9.8479777940e-02 -2.4722665405e-01 1.1135691937e-01
-2.7318646676e-02 -5.6403656722e-02 3.5542341723e-01
-4.2612568149e-02 3.8264282812e-02 2.0150384298e-01
6.5784069163e-03 4.2819488095e-02 9.3860733727e-02
-4.6942596147e-02 1.1695333888e-02 7.0450660093e-02
2.0036853400e-02 -3.2450108109e-04 -6.5984154620e-02
9.5802299282e-02 1.9276645760e-02 -8.0130013261e-02
-6.8314384443e-03 7.2470190112e-03 9.4379471923e-03
-7.6679120965e-02 8.5149763336e-03 9.7257319877e-02
-2.4389782076e-02 1.6332568733e-02 1.3197117659e-01
-6.1354327751e-02 3.0242799698e-02 1.6238990728e-01
-7.1132157833e-02 3.9445681866e-02 1.5556548752e-01
-6.0000418377e-02 1.9168099291e-02 1.2669742911e-01
3.8772285914e-02 -1.2971461228e-01 -3.9173367966e-02
2.1854947889e-01 -2.9437086778e-01 -7.7584600954e-02
2.0836592286e-01 -6.7003166290e-02 5.1818382429e-01
6.3705752857e-02 -1.6070917309e-02 6.0358345529e-01
-6.7117611926e-02 8.3666732553e-02 2.9518280669e-01
1.9396869311e-01 -1.3814649126e-01 4.0859680739e-01
-5.4871458558e-01 -1.2247585838e-01 7.5638679386e-01
-5.8276897405e-01 -3.8073674919e-02 1.6200135070e-01
9.2087143200e-02 -1.8070189224e-03 -8.3672143605e-02
-1.2092025600e-02 2.7714891472e-03 1.9054444207e-02
-6.4151830412e-02 -7.0212417892e-03 9.4893415594e-02
-3.0697745504e-02 -8.2235529878e-03 1.1068822905e-01
-6.7443709770e-02 2.3494796498e-03 1.3635227846e-01
-8.4526533870e-02 3.3112456772e-02 1.4850772412e-01
-7.4959669421e-02 4.3846763924e-02 1.3064717870e-01
-9.1628007143e-02 6.4950403889e-02 1.4033265639e-01
-4.3200869702e-02 1.6125456739e-01 3.3172900612e-01
-4.4713867457e-02 3.7605212058e-01 1.0053732858e+00
-2.4494619439e-01 3.7974651789e-01 9.2334444418e-01
-2.5273091037e-01 3.5219794998e-01 2.1056561361e-01
7.8012312108e-02 1.3274130724e-01 2.6659907828e-01
-9.9699473275e-01 9.1819057355e-02 1.1752586470e-02
-1.2656559633e+00 1.5411708441e-01 -5.4867618613e-01
-4.7410035584e-02 1.5229337061e-02 -1.6073552907e-01
-3.9326630130e-02 1.7829763447e-02 1.3198737833e-02
-5.6644365933e-02 -3.5320441624e-02 1.0307429317e-01
-1.7546923333e-02 -4.0492105738e-02 9.2601999866e-02
-5.8081552131e-02 -3.5245729273e-02 1.2048232919e-01
-9.0113230012e-02 -1.3307334106e-02 7.8545888768e-02
-9.2815179123e-02 2.4056778252e-03 8.4446736483e-02
-7.3200592798e-02 9.5465558600e-03 7.8878444244e-02
-1.3512747691e-01 6.5046044707e-02 2.3026763158e-01
-4.0119335596e-01 3.6718683808e-01 7.5580414021e-01
-1.1925050537e+00 8.2746870316e-01 1.2166818621e+00
-2.0874625853e+00 1.1692481952e+00 2.7369914562e-01
-1.5829477719e+00 8.3651608871e-01 -4.7385168704e-01
-8.9636902111e-01 3.1973710984e-01 -5.8837487800e-01
-5.9934736425e-01 1.2267571425e-01 -5.4699588298e-01
-5.5761826860e-02 1.7690712659e-02 -1.0228439680e-01
-3.2663339200e-02 -1.1526341632e-02 1.1440200394e-02
8.6882854334e-02 4.0197209747e-02 6.7972641147e-02
1.3753243641e-01 3.8321468727e-02 1.2918363433e-01
1.6762256337e-01 2.4366718386e-02 1.4575383482e-01
2.9712650292e-01 -2.4954796104e-02 2.0805776827e-01
6.4086826107e-01 -1.2284424385e-01 4.3106961612e-01
1.3403015606e+00 -2.6591266691e-01 7.6593845385e-01
1.9244422396e+00 -4.2702004077e-01 8.6504225507e-01
2.2078053587e+00 -5.2130080905e-01 6.8884910912e-01
2.3171994467e+00 -5.6026087420e-01 2.6675093432e-01
2.3998445844e+00 -4.7921858721e-01 -4.2462986021e-01
1.8572061689e+00 -2.4351482821e-01 -8.3176948773e-01
6.2951173266e-01 -1.1628749856e-01 -4.0505469085e-01
1.1493065143e-01 -7.4092459000e-02 -7.4607125273e-02
5.8746879526e-02 -7.5704347706e-02 6.4911109141e-03
2.0581954268e-02 -4.5349432480e-02 -2.1178046956e-02
7.8811158606e-02 4.8579462684e-02 6.2265042264e-02
1.0255372668e-01 4.0123710506e-02 1.2394714016e-01
1.7222666305e-01 -2.2044274522e-03 1.8561136578e-01
5.3172688055e-01 -8.4105588487e-02 4.7507133619e-01
1.1661143087e+00 -1.9958980653e-01 8.9124008440e-01
1.1218068014e+00 -2.3360966545e-01 7.8576711063e-01
6.5809953367e-01 -2.5323465440e-01 3.7745949143e-01
2.7218501041e-01 -2.1398846352e-01 1.6788244049e-01
-5.8045229413e-02 -1.5519951389e-01 1.3502679137e-01
6.3826387990e-02 -1.1785144316e-01 2.0893699953e-01
6.1935725455e-01 -7.5749353430e-02 3.6764106975e-02
1.1904833693e+00 -1.3054103693e-01 -5.5133877584e-01
3.1090633078e-01 -4.9638428904e-02 -2.9666905016e-01
9.5029801848e-02 -5.7463254411e-02 -2.5315554235e-02
3.3390535439e-02 -3.6722436120e-02 -2.4383397214e-02
7.0792376238e-02 3.7595935859e-02 6.6096339433e-02
1.4658420729e-01 -1.6858272362e-02 1.7424908349e-01
3.5919439629e-01 -7.0335166368e-02 3.6489753992e-01
8.1247909416e-01 -2.1889055602e-01 6.8743519456e-01
5.9508777567e-01 -2.0654362760e-01 4.6173596885e-01
2.6808391371e-01 -1.4681801518e-01 2.2072853050e-01
2.0654308624e-01 -1.8383509403e-01 1.4569176695e-01
2.4530969406e-01 -1.8596014611e-01 1.6460352964e-01
1.4559131717e-01 -1.5034260589e-01 1.5138649925e-01
1.7950108711e-01 -1.4766467797e-01 2.1528237500e-01
6.6538663972e-01 -2.6097050790e-01 2.8067047618e-01
1.1576091537e+00 -3.8145098894e-01 4.9513780879e-02
2.5309943872e-01 -8.5140396660e-02 -1.8320120531e-01
6.9964490447e-02 -2.4844769805e-02 -4.6740868141e-02
2.7877573976e-02 -2.0158693880e-02 -3.7423751647e-02
4.5232013148e-02 4.7065323748e-02 1.3210408000e-01
2.0505224369e-01 -6.6620794571e-02 3.4463359466e-01
4.0229098484e-01 -7.7737966944e-02 5.1428652712e-01
3.0511865401e-01 -1.8832332135e-01 2.8096389275e-01
4.3632555937e-02 -1.1690501388e-01 -2.1030043030e-03
2.8923592392e-02 -7.1268628430e-02 4.7822914130e-02
1.2717729243e-01 -1.5039158138e-01 1.2666634189e-01
1.9200423480e-01 -2.2308840965e-01 1.7308289731e-01
2.0288981387e-01 -2.0852700479e-01 1.6523368474e-01
1.7175244770e-01 -1.6608495246e-01 1.1763337878e-01
2.7169231935e-01 -2.2362899169e-01 1.4743458722e-01
2.9699624649e-01 -3.8087260205e-01 1.6818338362e-01
4.5350831839e-03 -1.3011835380e-01 -2.7482852525e-02
3.7893527803e-02 -3.9201166521e-02 -4.9873891545e-02
1.0521203274e-02 -3.4704622871e-02 -4.1314827728e-02
3.9580857310e-02 1.6829939474e-02 2.0278229764e-01
1.7614758790e-01 -5.3214460831e-02 4.1791065745e-01
-1.4050188108e-02 -7.8044830903e-02 1.0144188905e-01
-1.0381017742e-01 -7.8215934283e-02 -4.9435017476e-02
1.7735313823e-02 -8.3585391989e-02 -6.6252125760e-03
1.0635115082e-01 -9.5833171073e-02 1.1229597110e-01
1.5017838439e-01 -1.6221934674e-01 1.3465838203e-01
1.7019004239e-01 -2.3749507440e-01 1.7749201616e-01
1.8575094343e-01 -2.3056094328e-01 1.4718681509e-01
1.3557379715e-01 -1.2589931625e-01 9.1442119071e-02
8.8509305256e-02 -1.1853597526e-01 1.7253742238e-02
1.5087814321e-01 -1.3341905335e-01 -2.9620457303e-02
2.3653380425e-01 1.9452427065e-01 -1.3136910388e-01
2.1364323543e-01 2.1725509575e-01 -8.0019830915e-02
5.7958301106e-03 8.2599220544e-03 -5.0213641146e-02
1.5650390726e-01 3.7066879233e-03 4.2705797644e-01
7.8303354950e-03 1.9103911309e-02 1.5231603020e-01
-3.8019715796e-01 1.2001016993e-02 -3.6554353533e-01
-8.9946721233e-02 -1.1163344037e-01 6.6929551314e-03
1.3270411575e-01 -1.7659770032e-01 1.6783300957e-01
1.1969974853e-01 -1.2922130182e-01 1.6098935956e-01
1.2026291119e-01 -1.6908231200e-01 1.6590377380e-01
1.8173961437e-01 -1.8442223574e-01 2.1193639698e-01
2.6684337367e-01 -1.3594095856e-01 1.8543552123e-01
2.0716820804e-01 -1.0086597018e-01 6.3441790209e-02
8.0593881787e-02 -7.6223431729e-02 7.6478215254e-02
2.3003398714e-01 1.3706416308e-01 2.1157992941e-01
6.1472733845e-01 9.7173100167e-01 -1.9994766620e-02
5.6573973792e-01 9.1084028491e-01 -2.5342093349e-01
5.6740173491e-02 1.5713443864e-01 -1.0109145435e-01
1.2654246863e-01 5.7209173889e-02 4.5256240480e-01
-2.3058798418e-01 1.5780713411e-01 -3.2725097952e-01
-3.0046483644e-01 1.9926307561e-02 -4.0566088977e-01
5.7885797400e-02 -2.0551223675e-01 1.3539114659e-01
1.2952515608e-01 -1.6910466569e-01 1.4395983244e-01
7.7816682844e-02 -6.9425192962e-02 1.0963369659e-01
2.2663184376e-01 4.4300668769e-03 1.8224124689e-01
7.5241129397e-01 2.7277921173e-01 3.5217514917e-01
8.5032358425e-01 4.6237869051e-01 1.3053962764e-01
4.2088348330e-01 2.6004772588e-01 -7.5745437149e-02
2.4545335335e-01 -4.8216102274e-03 -1.2706555785e-02
6.0675133575e-02 -4.4723891356e-01 2.1591781673e-01
-5.8505537971e-02 -2.1144975918e-01 4.0997930713e-01
2.0928819391e-01 4.2009392980e-01 2.5641706322e-02
4.9945878565e-02 1.3187165306e-01 -8.7299187054e-03
-2.1927349737e-01 9.4641756909e-02 7.1566599541e-01
-4.1857887953e-01 2.2698793374e-02 3.0708725247e-01
-2.1411884922e-02 -1.7049052001e-01 2.1530160801e-02
1.6988736478e-01 -1.9924093948e-01 1.2931440585e-01
8.0088703715e-02 -9.3577647329e-02 1.2412066801e-01
9.7850005617e-02 5.1260426975e-02 1.6447896243e-01
6.6050412273e-01 2.5162427269e-01 3.9992762570e-01
1.2992149518e+00 6.6247978974e-01 5.5265522218e-01
7.3776263030e-01 6.2009834991e-01 1.4621389333e-01
3.1059428775e-01 2.6554202646e-01 -4.0333249078e-02
3.4123684784e-01 6.8213034158e-02 -2.5997709934e-01
6.2119831636e-01 -2.4973345213e-01 -1.5506394996e-01
1.4652236145e-01 -1.5120736435e-01 1.0705630493e-01
-4.4927078283e-02 1.6735818411e-01 1.1732791274e-01
1.4084690589e-02 6.3399106760e-02 1.1501007339e-01
-5.2595193262e-01 1.0661230853e-01 8.9654255726e-01
-6.9422444505e-01 2.9651112908e-04 8.8230685555e-01
-3.9181478721e-01 -1.6277993006e-01 2.3358940451e-01
-4.9426406563e-01 -9.2605461217e-02 7.8661315058e-02
-3.6452260148e-01 6.1020266388e-02 7.5659834025e-02
-1.9936928055e-01 1.0817362480e-01 7.4832469251e-02
1.4334649150e-01 7.9887790499e-02 2.0774238516e-01
1.8835757468e-01 8.1754696912e-02 2.3178215263e-01
-1.4735666001e-01 -2.0859053813e-02 1.3143905014e-01
1.4883675851e-01 3.7450836699e-02 1.8592485981e-01
-4.0292153160e-01 -3.7128304472e-02 -5.6812889612e-01
2.1301577666e-01 -2.8672767900e-01 -1.9878407455e-01
-4.8876767175e-02 3.1558033551e-02 2.2860744430e-01
-3.7515785215e-01 1.7069476505e-01 -1.4741650223e-01
-3.4982661661e-02 5.5699729739e-03 2.9281509227e-03
-8.5160478555e-02 -3.8543609985e-02 1.9311044379e-01
1.4144031402e-01 -9.6332794666e-03 2.0153767474e-01
-4.0359548775e-02 -3.3764602923e-02 -2.2695645912e-01
-4.2556827096e-01 -8.3909221292e-02 -2.3578722139e-01
-1.5844833621e-01 2.4901011005e-02 8.8745918649e-03
6.3694108661e-02 8.2725372616e-02 9.2645248207e-02
-1.1944604668e-01 3.3805353008e-02 1.5402720750e-01
-3.0600439993e-01 -6.1426819023e-02 1.3496257468e-01
-1.2707264210e-01 -4.7697940294e-02 1.9398897478e-01
2.6749412751e-01 7.5509997323e-02 2.3059634612e-01
2.2469263795e-02 3.6252631022e-03 -1.7130895669e-01
6.6011152883e-01 -2.1208944896e-01 4.5081640161e-03
3.2001919666e-01 -1.4178118710e-01 6.6278398451e-02
-9.9956763735e-02 2.0889417849e-02 -1.3290118787e-01
-3.1969099575e-02 5.3618407261e-03 -5.4078980680e-02
-5.8373577259e-02 -4.6612468346e-02 7.5546829168e-02
-2.6108333180e-01 -7.0194477775e-02 3.0625573762e-01
-2.9893590039e-01 -6.0803076364e-01 -2.2542846338e-01
1.7327351436e-02 -7.9720626829e-01 -6.3289908139e-01
1.7851633817e-01 -2.6808610296e-01 -2.3369765824e-01
5.8274208523e-02 -2.6964246267e-03 6.7216705401e-02
-9.4778147718e-02 3.7206765582e-02 1.8811738073e-01
-1.6418241531e-01 -2.2809621778e-02 2.0070736245e-01
-1.4141581738e-01 -1.3645872006e-02 1.8805404974e-01
-8.1420297346e-02 -1.2692632293e-02 1.6423625961e-01
-1.3243669958e-01 9.0761889308e-03 5.8028159199e-02
-7.9292827779e-02 1.9415922980e-03 -9.2360723740e-02
-2.7664778379e-02 7.0659490144e-02 -2.4934056130e-01
9.0212298724e-03 3.4117471909e-02 -1.4482862397e-01
-1.3521922483e-02 3.8688233440e-03 -2.9822666713e-02
-3.9541349960e-02 -1.4485719203e-02 3.6279485612e-02
-2.7788349605e-01 -5.4509853790e-02 1.2705016034e-01
-4.8174766930e-01 -3.0405464715e-01 9.6658523915e-02
2.1646180927e-01 -8.5359417137e-01 -3.5010438479e-01
5.8320480128e-01 -9.3421114127e-01 -5.9587971529e-01
1.8555364377e-01 -3.1304429136e-01 -2.0098211331e-01
3.7621723107e-02 -1.0610137452e-01 9.3976361732e-02
-1.1804402853e-01 -2.0429381430e-02 1.9221819309e-01
-1.2695106840e-01 -4.0998625030e-02 1.9107680119e-01
-1.1564441598e-01 -1.6905257174e-02 1.1748927150e-01
-6.9660057676e-02 7.4224162365e-04 3.5568994155e-02
-8.9001502799e-02 -5.4918670508e-02 -1.0858628082e-01
4.0516783720e-03 -2.3817577719e-02 -1.6756340044e-01
5.0392213624e-02 6.1537294587e-02 -1.0773954911e-01
-7.3976153642e-03 1.7009529247e-02 -2.4153442091e-02
-6.1768059717e-02 7.2488514121e-03 7.2838586315e-02
-3.4847500717e-02 2.7434701286e-03 1.0968390508e-01
-1.3917026651e-01 1.0315565835e-02 9.3914781581e-02
1.2078170313e-01 -2.8087374059e-01 -1.2922899898e-01
3.9117879313e-01 -5.8783052344e-01 -2.8298431888e-01
1.9302011045e-01 -4.9860350696e-01 -2.3810352639e-01
1.9069638475e-01 -3.9993561226e-01 -2.3180343856e-01
9.6897526381e-03 -1.1710864880e-01 1.7228231036e-01
-8.2466435035e-02 -3.8923905606e-02 2.8201998779e-01
-4.8726414015e-02 -2.0947675123e-02 1.8931242249e-01
-6.2102843780e-03 -4.8061107710e-02 8.6778104221e-02
-1.7867823371e-01 -3.9936098861e-01 2.3519510620e-01
-1.0291101191e-01 -4.4582560554e-01 1.5100853351e-01
9.9143634837e-02 6.0552521488e-03 -5.2824706083e-02
-3.4157877088e-04 2.1643123450e-02 -1.1869591541e-02
-8.0676039829e-02 9.0062670372e-03 7.7346387781e-02
-2.6675285073e-02 -5.2546148396e-04 1.3606850583e-01
-6.9810356252e-02 2.2218530515e-02 1.3993824102e-01
-7.0355884373e-02 1.8878186593e-02 1.1048840063e-01
-6.0248944821e-02 1.8248035668e-02 4.7116077530e-02
-8.9848075389e-02 -7.9922689843e-02 -4.0853418416e-02
1.3431263411e-01 -1.8038927633e-01 -3.1150308156e-02
-1.7033410995e-02 -5.3043770176e-03 3.5411026480e-01
-1.4950407425e-01 -5.5485110421e-02 4.3347472497e-01
-9.5405289511e-02 -4.6711583248e-02 1.9086669968e-01
5.7717239940e-02 -1.1178470799e-01 3.5126221055e-01
-3.4610173916e-01 -4.1195935794e-01 9.3876401247e-01
-5.6875938584e-01 -3.7359602364e-01 1.3142935623e-01
5.5871214635e-02 1.6239532350e-02 -1.5951391788e-01
-1.1245688214e-02 1.0987565572e-02 -7.7959289413e-03
-7.7665117025e-02 -5.0759774547e-04 9.7112671209e-02
-3.7378898494e-02 -6.3967452595e-03 1.3042962082e-01
-8.2512706560e-02 2.4078480395e-04 1.6215899351e-01
-7.7839108758e-02 8.6851770801e-03 1.8108866066e-01
-8.7980736138e-02 4.5201090303e-02 1.2897379859e-01
-1.3215058667e-01 1.1193399188e-01 1.8607517738e-01
1.2450067340e-02 2.7534533175e-01 5.5542438589e-01
-4.6991660011e-01 3.7174166825e-01 1.0227659626e+00
-5.9042547683e-02 2.6970116918e-02 5.4878389317e-01
7.0239576312e-01 -1.2524382569e-01 1.0630874824e-01
4.1524095043e-01 -6.9281102237e-02 2.4654374387e-01
-3.9347648294e-01 -1.8806666566e-01 6.4712057086e-02
-8.8137423652e-01 -3.4030169276e-02 -5.8434910878e-01
-7.7894159858e-02 3.7721241304e-02 -2.4262568679e-01
-4.6067968377e-02 3.0664091803e-02 -4.4388608056e-03
-6.4293402395e-02 -2.6147203374e-02 1.1335877195e-01
-2.6643989717e-02 -4.5584914044e-02 1.2259464195e-01
-6.3770345076e-02 -3.9511059352e-02 1.4188049744e-01
-8.1095467276e-02 -3.4251524193e-02 1.3337716142e-01
-8.4059963876e-02 -1.2680299134e-02 1.2604828056e-01
-9.1394468639e-02 2.1892385319e-02 1.4931401870e-01
-2.7038518008e-01 1.2924429446e-01 4.4817585680e-01
-8.8686537176e-01 3.0508420684e-01 1.1576656383e+00
-1.7134108964e+00 2.5308282190e-01 1.1727115908e+00
-2.1190506328e+00 2.6281504216e-01 1.4979655639e-01
-1.7975703999e+00 1.8882124200e-01 -7.3489222452e-01
-8.4617032238e-01 1.4338848709e-02 -7.5772308010e-01
-5.1695993544e-01 3.3297281766e-02 -5.5883895240e-01
-6.3082325852e-02 2.8142420957e-02 -1.2205771638e-01
-5.0576500160e-02 3.9132581949e-03 -4.1433478728e-03
8.1418123980e-02 1.9714003863e-02 8.0703789490e-02
1.3530695338e-01 1.8119218333e-02 1.2467036633e-01
1.6759105568e-01 -1.4667993922e-02 1.5417771148e-01
2.8246562133e-01 -7.5786248912e-02 1.9356247248e-01
5.2498448655e-01 -1.8390223576e-01 2.8094986048e-01
9.3152488034e-01 -4.0029409697e-01 4.8078136173e-01
1.4653954318e+00 -7.3766817463e-01 5.8480099630e-01
1.6811356557e+00 -9.0695983489e-01 4.7161118504e-01
1.7274923721e+00 -9.0285558756e-01 1.8589868300e-01
2.0152477497e+00 -8.0362110958e-01 -2.0723069047e-01
1.9763447657e+00 -6.0272533377e-01 -7.8567913523e-01
8.4668533204e-01 -2.7671682234e-01 -6.1375432952e-01
1.3674442178e-01 -1.2151041561e-01 -1.5995713563e-01
5.7578174899e-02 -8.9906237266e-02 -3.7518056995e-02
2.9561123093e-02 -7.2994807161e-02 -4.2438747229e-02
9.0700625497e-02 1.9528216261e-02 6.6392822272e-02
1.1324091903e-01 -1.6173686922e-02 1.1545926635e-01
1.8007352923e-01 -5.9711354821e-02 1.6051970766e-01
4.4213510465e-01 -1.8404677400e-01 3.4436959031e-01
1.0143177747e+00 -4.0788260132e-01 6.8312432195e-01
1.0780211086e+00 -5.4417407243e-01 6.6597451525e-01
8.0915835059e-01 -5.8396928077e-01 4.0242336142e-01
5.6975751174e-01 -5.1510467139e-01 2.0937433242e-01
3.3764426842e-01 -3.3924069083e-01 1.2714548806e-01
4.1300130624e-01 -2.3597334194e-01 1.4847993104e-01
8.9881406483e-01 -3.0324861144e-01 -3.6117950259e-01
1.3311506711e+00 -4.8568907829e-01 -1.1392934346e+00
3.7403237400e-01 -1.6454969900e-01 -4.7884379924e-01
9.2363036416e-02 -7.6077261464e-02 -6.8078463782e-02
3.7115957929e-02 -7.0643136376e-02 -3.3471028955e-02
8.4389631228e-02 -8.8586596051e-03 6.1932600537e-02
1.4231054740e-01 -7.3398336397e-02 1.5129277259e-01
3.2883151287e-01 -1.9154363446e-01 2.8014398779e-01
7.6358060677e-01 -4.0177275130e-01 5.8588988034e-01
6.9443029803e-01 -4.1554494389e-01 4.6476602708e-01
1.6567913501e-01 -2.4819426924e-01 1.5589692775e-01
8.2962239759e-02 -2.5722850130e-01 1.1148244838e-01
1.8552864126e-01 -2.7899193069e-01 1.4859092207e-01
2.0766810677e-01 -2.3644351583e-01 1.0168420830e-01
1.6422708739e-01 -1.9748297611e-01 2.2563686349e-01
3.9524485693e-01 -4.3481954773e-01 1.6001088546e-01
1.1658277295e+00 -8.5557829347e-01 -5.8648225526e-01
5.6162120850e-01 -3.3963950141e-01 -6.5048104840e-01
1.3427902703e-01 -4.2372827642e-02 -1.6039857963e-01
2.6911312644e-02 -5.0281583815e-02 -5.8239716673e-02
7.1731300807e-02 -1.6213938202e-02 1.0590021291e-01
1.8908557619e-01 -1.5831801438e-01 2.9434124525e-01
4.6268874263e-01 -2.8340383320e-01 4.9913100017e-01
2.9250752896e-01 -2.9388644346e-01 2.5519835030e-01
-1.6484193914e-01 -4.6535396577e-02 -1.7962236530e-01
-2.1564700900e-01 -3.5401683615e-03 -1.2353870320e-01
5.9363328648e-02 -1.7813447450e-01 6.9412264724e-02
1.2522406100e-01 -2.5497329700e-01 1.1282664740e-01
1.4704128201e-01 -2.5242706540e-01 9.7305041594e-02
1.5517607796e-01 -3.0712929198e-01 9.6583927899e-02
2.0666397688e-01 -5.3286746635e-01 1.2026166868e-01
4.7978155610e-01 -1.0149780189e+00 -1.0457030170e-01
5.6242132699e-01 -4.8865426907e-01 -4.9683953176e-01
3.1792537656e-01 -3.5671358179e-03 -2.7150497947e-01
2.4632493711e-02 -4.3630523713e-02 -7.8425515552e-02
6.6960356967e-02 -4.8629976903e-02 1.8108144408e-01
2.2150251921e-01 -1.7064434058e-01 4.2308179074e-01
8.0701336657e-02 -1.4880955990e-01 1.7332616908e-01
-4.0853898849e-01 4.9106239546e-02 -3.0583900581e-01
-3.3223158794e-01 1.0973501019e-01 -3.0939801107e-01
-4.2665943619e-02 -3.6178439826e-02 -7.9673208143e-03
1.4245428440e-01 -2.0079927796e-01 1.1805628727e-01
1.7535220017e-01 -2.2308458066e-01 1.4182542616e-01
2.0468516543e-01 -1.2904372532e-01 1.0882253778e-01
1.6158903217e-01 -2.8212280552e-02 7.8301919321e-02
5.4850748474e-02 -2.6244664103e-01 -1.9659525471e-02
4.7944503740e-02 -7.2422114912e-01 -2.5972831970e-01
1.5821537476e-01 -3.0007384839e-01 -2.1424803929e-01
2.5840603417e-01 1.7915511555e-01 8.6886057512e-02
2.2909985607e-03 -1.4499876974e-04 -1.5537521410e-02
1.1467440551e-01 -9.5606140348e-02 2.9111938026e-01
-1.6654223344e-02 -5.3410243738e-02 8.5695118705e-02
-4.8164852298e-01 1.1876504529e-01 -5.0565788023e-01
-4.3562818897e-01 8.6496880702e-02 -3.5282223224e-01
-2.1232530046e-02 -1.0417443611e-01 1.8172049706e-02
1.0556229177e-01 -1.5314590687e-01 1.5079593711e-01
1.7408924355e-01 -1.1269899598e-01 1.9450161544e-01
3.8896890390e-01 -2.0899063535e-02 3.1606852376e-01
6.2369388901e-01 2.8011660277e-01 2.1471741162e-01
4.6750385287e-01 3.5201702101e-01 3.4648785336e-02
6.0805315287e-02 -1.4354511478e-01 1.6489245801e-02
-6.2355132426e-02 -4.4272431864e-01 -1.5370749063e-02
-1.6098138086e-01 -3.0619303916e-01 3.9098540700e-01
2.6321553636e-02 2.1013741976e-01 4.0124480909e-01
-9.5009363653e-03 7.8083672666e-02 -9.8529729332e-04
1.0778314465e-01 -9.9358105412e-02 2.5479562221e-01
-2.9207482681e-01 7.1336996954e-02 -4.0044433335e-01
-4.6750737438e-01 8.0576226280e-02 -5.5731322164e-01
-5.0033952964e-02 -1.2935494392e-01 9.0275194305e-03
1.5495116346e-01 -1.8851747254e-01 1.4732277929e-01
2.4600525875e-01 -1.2886592738e-02 1.8022698147e-01
6.3481670434e-01 1.9765218165e-01 4.3234159066e-01
1.2670266921e+00 4.8370758212e-01 6.2745142602e-01
1.4604488839e+00 8.3726679251e-01 2.5265105843e-01
8.4646467906e-01 6.7281565097e-01 -1.1605862804e-01
3.0142051749e-01 4.5870677166e-02 -4.7449629974e-02
4.8592749687e-01 -1.4098969326e-01 -1.1334236947e-01
-5.8206763937e-02 -9.2969434536e-01 3.3144997406e-01
-2.4426694934e-01 -5.7306977521e-01 2.5398025701e-01
-2.7294646297e-02 -3.5383606478e-02 -9.5927677434e-03
-5.6841602649e-02 -1.5102974048e-01 4.5860350093e-01
-3.7405676417e-01 -3.8542333841e-01 2.9294191608e-01
-1.9032972936e-01 -3.2391941847e-01 1.8251401530e-01
2.4739800925e-01 -1.2401327038e-01 1.7953417516e-01
5.1446258333e-01 -1.8080678560e-02 2.1679337633e-01
9.1046954893e-01 2.9431800105e-01 4.4678506820e-01
1.1349121714e+00 4.1109511897e-01 6.9398004234e-01
1.1500070411e+00 4.0740381519e-01 6.2846600403e-01
8.5101143147e-01 3.8832568937e-01 1.6910317109e-01
4.2414123339e-01 2.3337941889e-01 -1.4970965709e-01
2.3566551585e-02 7.9552857099e-02 -5.6254854202e-01
8.8781665371e-01 2.1795351011e-01 -8.3577365170e-01
1.3576349009e+00 -3.9908558216e-01 -7.4574531171e-01
2.8034668398e-01 -4.0490135534e-01 -1.9956673780e-01
2.3293771740e-03 -1.5081782916e-02 2.2305847282e-02
-1.8527050187e-01 -1.3713113309e-01 5.3230259074e-01
-3.8274348147e-01 -5.0900478537e-01 6.9021662562e-01
-3.7236192823e-01 -3.5727639457e-01 3.6636237773e-01
-2.1321847506e-01 -2.7025613534e-02 1.1736166189e-01
3.5693310944e-01 8.3134092751e-02 2.2546936486e-01
6.4756824382e-01 1.9552566411e-01 3.0084292112e-01
4.7196390988e-01 1.0462042939e-01 2.9885910874e-01
1.8401624972e-01 -4.8737828915e-02 1.6465628069e-01
-2.4165726615e-02 -9.1902052430e-02 5.7853108284e-02
9.4128299794e-02 -6.9632397137e-02 2.8401505006e-02
-1.9499415511e-01 2.7032261438e-02 -6.1549236712e-01
3.1703847629e-01 -2.5121142001e-01 -4.2922585948e-01
2.5849872007e-01 -7.2289420728e-01 -1.3666555972e-01
-2.3140703896e-01 -2.4487739831e-01 -3.5886830870e-01
-4.1537060074e-02 -2.3791020307e-02 -5.3910545665e-02
3.0448135914e-03 -1.0851083473e-01 3.4086680627e-01
3.0858908541e-01 -3.5664326644e-01 6.7386895555e-01
2.6663396903e-01 -2.5721039482e-01 -2.0237946913e-01
-1.0789669978e-01 -4.2608419897e-02 -1.4595880246e-01
8.5685889423e-02 2.4108557293e-02 1.3145643268e-01
9.9323247111e-02 3.6228036833e-02 1.4204760487e-01
4.8772149596e-02 6.0559745673e-02 1.5834884114e-01
-1.0129589660e-01 -8.7801628126e-03 1.7064855471e-01
-1.3674526430e-01 -7.9615333032e-02 1.6364050359e-01
1.1884909978e-01 7.1808696413e-04 1.5648054899e-01
1.9611342442e-01 5.7405872476e-02 -2.2662864808e-01
8.6640396828e-01 -4.9050865689e-01 -2.0953831659e-01
5.3935822568e-01 -7.9867252255e-01 -9.1814874433e-02
-1.2129233254e-01 -1.0580998069e-01 -2.3983978576e-01
-4.4202141603e-02 7.3231806231e-04 -1.0922602877e-01
-5.5757133162e-02 -4.5047223320e-02 2.2735242540e-01
-2.8387235814e-01 -1.1572200888e-01 6.8281038008e-01
-4.6357148184e-01 -3.5508451197e-01 1.9065211271e-01
-8.5114051337e-02 -2.5115435489e-01 -1.1932877816e-01
5.6925101489e-02 -1.8684698087e-02 3.3637838700e-02
-5.1510335154e-02 -4.9459074149e-03 1.4627286090e-01
-9.0525470126e-02 1.3317238702e-02 1.8715885035e-01
-1.2312799901e-01 -5.5193037465e-02 2.0815321933e-01
-1.3938604597e-01 -7.2514329031e-02 1.9351640466e-01
-1.1474289759e-01 -7.4275648278e-02 1.5363557015e-01
-1.6357696436e-01 -3.3711462200e-02 9.9703741379e-03
-3.0466417543e-02 -2.9294175265e-01 -2.7248177426e-01
7.4881258634e-02 -3.5993176727e-01 -5.8631762456e-01
6.7397128984e-03 8.4576298771e-03 -4.3865402311e-01
-1.4773150024e-02 -1.3574819446e-02 -9.6542530711e-02
-2.7188828749e-02 -1.7244217910e-02 8.8643227821e-02
-3.8402993545e-01 -6.4564722751e-02 2.5589728141e-01
-9.5438034927e-01 -3.5748744015e-01 6.8207896970e-01
-2.8454189285e-01 -4.8341197118e-01 2.3315233679e-01
-2.0843834809e-02 -3.6152468192e-01 -9.5721580442e-02
-5.2303465317e-02 -7.1346216420e-02 9.5100325490e-02
-6.1261254655e-02 -4.7380169140e-02 1.9346462652e-01
-1.1713243928e-01 -8.3934428173e-02 2.2483278320e-01
-9.1669572140e-02 -1.4428908301e-01 2.0353228478e-01
-9.8671985551e-02 -9.1529592185e-02 1.3928314662e-01
-1.0691428147e-01 -6.6688779851e-02 3.5564105323e-02
-1.9233485131e-01 -4.9282190512e-01 3.5580048993e-03
-8.6970987659e-02 -6.6176107131e-01 7.8332553744e-02
5.6850184473e-02 -6.1935844393e-02 -1.2553995147e-01
-1.2145802185e-03 -9.7723715252e-03 -6.3601372786e-02
-3.3394300482e-02 -1.1920452611e-02 9.0420521653e-02
-5.3906738929e-02 -2.7157433437e-02 1.5782894182e-01
-2.9407817215e-01 -7.4144334685e-02 3.5728777547e-01
-3.1595537944e-01 -2.5191619664e-01 2.9651100909e-01
-3.2354049295e-01 -3.2068759288e-01 1.7403563676e-01
-2.1949405507e-01 -1.7296289780e-01 3.5935983947e-02
-6.5908017570e-02 -1.1952809852e-01 1.7737554476e-01
-7.2012915725e-02 -1.2575991895e-01 2.5418946668e-01
-8.7187444175e-02 -1.3944651054e-01 2.6564445445e-01
-6.0484711898e-02 -9.2041468717e-02 2.0357080067e-01
-7.0093217257e-02 -1.5976172299e-01 8.5681780568e-02
-2.5600816678e-01 -9.5557931649e-01 5.2104577292e-01
-2.1589893854e-01 -1.3055981371e+00 6.8771312908e-01
1.1965944400e-01 -2.4970153504e-01 6.0909518461e-02
5.4460245431e-03 5.0444108430e-03 -3.4927648101e-02
-5.4045260852e-02 -5.6829266944e-04 9.3530965089e-02
-9.2664115946e-03 -1.8208230137e-02 1.3165127465e-01
-4.4101197123e-02 -6.6309677446e-03 1.4446209055e-01
-1.7411039013e-01 8.7228071194e-04 1.6883422904e-01
-3.2511465266e-01 -9.8743592650e-04 1.4413951603e-01
-4.6092187613e-01 -6.4522717331e-02 3.5951103915e-01
-2.1065764289e-01 -1.3352300905e-01 4.2215889394e-01
-1.2963499503e-01 -1.3072760591e-01 3.3441329220e-01
-1.4300667301e-01 -1.7327063469e-01 3.2938871553e-01
-1.1423440454e-01 -1.4868455417e-01 1.9997290251e-01
-2.6018545151e-03 -2.1808035665e-01 2.3690602590e-01
-3.4282242287e-01 -5.8742191072e-01 3.0817354227e-01
-6.9883827423e-01 -7.5609347478e-01 -5.6908785853e-01
9.0707631529e-03 -1.4676061248e-01 -4.2782951080e-01
-6.4941590671e-03 -9.2121225215e-03 -3.2580767778e-02
-4.6534135923e-02 -1.0451793948e-02 1.1038538039e-01
-2.1797842447e-02 -7.4741427533e-03 1.2333548892e-01
-5.9168144898e-02 -1.3412688229e-02 1.5298325499e-01
-7.5430256288e-02 -1.0175465653e-02 1.5901674903e-01
-1.5294863379e-01 1.2900624904e-02 1.5517647993e-01
-3.4603520637e-01 7.8768168358e-03 4.9858584235e-01
-5.3249856308e-01 5.5726253574e-02 8.1113694259e-01
-8.2595134321e-01 -5.9513366589e-02 7.8822126248e-01
-6.9097093663e-02 -1.9381507182e-01 4.4253228761e-01
6.0393027244e-01 -1.1506869817e-01 2.6117977073e-01
1.4683909892e-01 -1.2263141684e-01 2.0534494863e-01
-4.4177066394e-01 -2.9864953219e-01 -3.5883042590e-01
-8.4073810966e-01 -2.1425279687e-01 -1.1593584546e+00
-1.6169257169e-01 -3.1798309552e-03 -4.5735776664e-01
-4.5400065519e-02 8.2165714126e-03 -1.8771391698e-02
-4.3855839700e-02 -3.8450201204e-02 1.1934406038e-01
-1.7140780920e-02 -5.3605557355e-02 1.0034387991e-01
-5.3887306424e-02 -6.5517610123e-02 1.3716085742e-01
-9.2821333808e-02 -7.3217719412e-02 1.2913690028e-01
-9.2870165080e-02 -7.2561457210e-02 1.2172830979e-01
-1.4599166310e-01 -2.8299413143e-02 1.6543824836e-01
-5.3098915473e-01 -1.2407403189e-04 5.3624222315e-01
-1.3658504203e+00 -2.0704345651e-01 1.1028793103e+00
-1.8041496134e+00 -5.5919948776e-01 9.7159629955e-01
-1.8633033394e+00 -6.1540797417e-01 1.5593502179e-01
-1.6466633590e+00 -4.5590679902e-01 -5.8369497393e-01
-9.6439466564e-01 -3.3777700549e-01 -7.8000443760e-01
-4.5566597982e-01 -9.5890439335e-02 -5.4381459021e-01
-6.7736541320e-02 1.6892352419e-03 -1.6131542018e-01
-2.8805519629e-02 -3.2911048732e-02 -5.9576714186e-03
6.8225890805e-02 4.7355265625e-04 5.5872970019e-02
1.0501985690e-01 9.3171789222e-04 1.0678012664e-01
1.3251849486e-01 -4.2257505844e-02 1.2449689558e-01
1.9262118606e-01 -7.8756815662e-02 1.6530161121e-01
2.8212800071e-01 -1.5604702002e-01 1.6739692075e-01
3.9996119829e-01 -2.6247818883e-01 2.0823168378e-01
6.7789033235e-01 -5.2382138682e-01 2.7633252372e-01
8.2550062150e-01 -6.9915537299e-01 2.5719710358e-01
1.0205121371e+00 -7.6458522938e-01 2.0554408368e-01
1.4468203947e+00 -8.8450793042e-01 -4.9223897211e-04
1.7274422182e+00 -9.5501655681e-01 -6.0668106327e-01
8.2120069334e-01 -4.5667885613e-01 -6.5358558868e-01
9.7673307738e-02 -1.2357081209e-01 -1.8054295647e-01
4.4411657269e-02 -6.2995487733e-02 -6.6378271345e-02
1.7680526610e-02 -5.3823697707e-02 -7.3027586230e-02
7.7646344113e-02 -1.0837511800e-02 5.2832834545e-02
8.2112094476e-02 -2.4911545085e-02 1.1311430383e-01
1.2972080634e-01 -8.9086785153e-02 1.2960403609e-01
2.6152369393e-01 -1.9828436698e-01 2.3352437078e-01
5.1246674034e-01 -3.6672031454e-01 3.6250846760e-01
6.8465978143e-01 -5.4526397703e-01 4.0708682427e-01
7.3810575453e-01 -7.1858036475e-01 3.5985103069e-01
6.7314465062e-01 -7.8029672145e-01 3.0701351702e-01
6.2126081360e-01 -7.2031445453e-01 2.7386305481e-01
8.8588833657e-01 -7.7979121707e-01 1.7533657066e-01
1.6046483931e+00 -1.1923083201e+00 -8.3065477829e-01
1.4856847087e+00 -1.0639008412e+00 -1.5847189669e+00
3.3729302111e-01 -2.6578103135e-01 -5.2242992780e-01
8.5463108895e-02 -4.8772527894e-02 -1.0685341887e-01
2.7095719489e-02 -4.8174714781e-02 -6.9961183343e-02
8.6169649060e-02 -4.0030157112e-02 4.6537848282e-02
1.1960548668e-01 -7.9482609129e-02 1.3839207881e-01
2.3591398775e-01 -2.3791617197e-01 2.0429403255e-01
5.7223923959e-01 -4.7627688456e-01 4.5730648056e-01
7.5020406503e-01 -5.8579112045e-01 4.7118151540e-01
4.3099694601e-01 -4.2363193477e-01 2.7100509551e-01
2.9181359092e-01 -4.1650348255e-01 1.8712425230e-01
9.2134136205e-02 -3.4292041823e-01 1.6756391273e-01
1.5767637119e-01 -4.2616476063e-01 1.3166056991e-01
2.3624647006e-01 -5.2825913046e-01 1.5234746636e-01
4.1329858126e-01 -7.5521809839e-01 -1.5971849339e-01
1.0366190223e+00 -1.0896890602e+00 -1.1648916736e+00
9.3881335296e-01 -5.8082374530e-01 -1.0127856403e+00
2.9932698537e-01 -7.4600191673e-02 -3.0219142744e-01
2.3487677454e-02 -4.0595393308e-02 -9.8486844929e-02
8.9797316666e-02 -6.2324916129e-02 9.5377945709e-02
1.6583059179e-01 -1.6241722746e-01 2.4010982439e-01
3.9524483154e-01 -3.5725489592e-01 3.9316970634e-01
5.0418663025e-01 -4.9058823178e-01 4.2803598109e-01
1.7578080346e-01 -2.3032068349e-01 6.2742399085e-02
-7.7150800705e-02 7.9553531801e-03 -5.9315533361e-02
9.7519966924e-02 -1.1424494511e-01 5.6374254217e-02
5.5336437616e-02 -1.1575730431e-01 1.5254577140e-01
1.3000847943e-01 -2.3805088741e-01 7.9932083510e-02
1.4329265132e-01 -4.3825651641e-01 1.0064727786e-01
1.6040313866e-02 -5.6896027361e-01 1.9220877109e-01
5.7836412721e-01 -9.0275771964e-01 -3.9790155398e-01
1.9073317723e+00 -8.8199430274e-01 -1.3875543554e+00
1.1476036060e+00 -2.1029397151e-01 -8.7568812818e-01
7.8955579748e-02 -5.3109718618e-02 -1.7939996574e-01
6.2947616613e-02 -8.6517485667e-02 1.4169330168e-01
1.5716180505e-01 -1.5845854144e-01 2.7284596347e-01
1.8300269963e-01 -2.1288018007e-01 2.1009873916e-01
-1.0971856198e-01 -7.5924355776e-02 -7.1026724660e-02
-3.4522168014e-01 2.5492580137e-01 -3.3905098518e-01
-2.5349656950e-01 3.1385480194e-01 -1.5909259199e-01
7.6924063408e-02 1.7805056100e-01 1.0160958736e-01
3.0017256690e-01 3.5087485905e-01 3.4784495441e-01
3.9505978433e-01 4.4158218880e-01 3.3937938849e-01
2.3886292578e-01 3.2800721180e-01 2.4284542098e-01
5.6439961208e-03 -2.9364129050e-01 2.5181169015e-01
1.1015468518e-01 -6.4200970571e-01 -1.9850506127e-02
6.8271859200e-01 -3.3414825456e-01 -5.7237924508e-01
7.3596713084e-01 -9.6173869343e-02 -5.3811299200e-01
2.9425035734e-02 -4.9183804993e-02 -1.5326928405e-01
6.2761732129e-02 -9.2149703330e-02 1.9247405004e-01
2.6851568437e-02 -3.0294410908e-02 8.8696873375e-02
-2.3125865236e-01 8.3613549277e-02 -2.2905498719e-01
-4.0655029443e-01 2.8825525793e-01 -3.2935083040e-01
-2.2415546693e-01 3.9426303978e-01 -2.3262384248e-01
3.5179884785e-02 3.2286545262e-01 7.3263134035e-02
5.1706163282e-01 5.9139927571e-01 5.1521108949e-01
7.8586382777e-01 1.0010333548e+00 8.0749853412e-01
7.2282450701e-01 7.7026851951e-01 4.9863988411e-01
5.5249877975e-01 5.1812804458e-01 2.5122402443e-01
1.3307434391e-01 -5.3057250796e-01 3.4385414064e-01
1.1746247712e-01 -6.4286190761e-01 7.0255882312e-02
-7.2803124638e-02 -2.9982004679e-02 -6.1268156426e-03
-6.0823908852e-02 5.8940864363e-02 5.5298320425e-02
-6.2020422073e-02 -9.6568830322e-03 -5.8442490836e-02
8.3568729830e-02 -7.3472049261e-02 1.5114219620e-01
-4.3853363922e-02 -2.5507699013e-02 -1.9493142187e-02
-1.5627678553e-01 -5.3115235642e-03 -1.2291417587e-01
-1.8346519445e-02 2.7388550860e-01 -7.2459255079e-02
1.6066000711e-01 2.5407960120e-01 3.3198091257e-02
4.6919438354e-01 3.9372205747e-01 3.3821542577e-01
1.0510424587e+00 9.6419501288e-01 8.1511591629e-01
8.5446164187e-01 6.4320442849e-01 7.2237213474e-01
5.3603729515e-01 1.8887892754e-01 2.3507227973e-01
3.8150452974e-01 1.8650092807e-01 5.0881014714e-02
4.2406673169e-02 -2.9983184242e-01 -3.0319608804e-03
6.6579650484e-01 2.3041873511e-01 -9.3710631262e-01
5.8181299560e-01 3.3858649741e-01 -1.0741225469e+00
-1.8022088801e-04 -7.6073135785e-02 -2.2216865848e-01
-4.4362939731e-02 -3.4900708299e-02 -7.3198801214e-02
1.3876650298e-01 -7.2825945289e-02 1.2846955725e-01
1.2139918567e-01 -2.0582974493e-01 1.8330890588e-01
2.9582389276e-01 -2.0925496546e-01 2.6482839881e-01
4.8936045722e-01 1.4547289289e-01 9.4929133108e-02
5.1931167499e-01 2.9895825588e-02 1.9602188241e-01
8.7798045829e-01 4.4664358491e-01 4.5231067501e-01
8.2896212634e-01 4.3769368213e-01 5.4299380527e-01
4.7436554428e-01 4.9571428559e-02 3.0880332260e-01
3.6244536445e-01 -8.4855651102e-03 1.2996286959e-01
1.3393213119e-01 -6.3999060065e-02 -1.7610216022e-01
-6.8505773926e-02 -8.3839962138e-02 -1.0212824547e+00
5.0950881716e-01 1.4738658407e-01 -1.8380696769e+00
1.1559203735e+00 -2.1732213164e-01 -2.4449485093e+00
3.1853205008e-01 -1.7788339849e-01 -7.1719278526e-01
-3.7684824732e-02 -1.5693081753e-02 -8.4415848566e-02
5.1015295256e-02 -2.4949269750e-02 1.0938600532e-01
9.3452936837e-02 -1.9255350613e-01 1.8869742861e-01
2.8046176625e-01 -2.5206795677e-01 2.1531464665e-01
2.9986684191e-01 -8.9133755808e-02 9.3517856250e-02
2.6646998270e-01 -1.3048566867e-01 1.7746973366e-01
3.1093379369e-01 3.3664880151e-02 1.6441446520e-01
1.8729847549e-01 -1.0416658214e-01 1.4156091296e-01
2.4631387143e-01 -3.5581559900e-02 1.2742579323e-01
1.8152722306e-01 -2.9198827419e-02 9.0405878821e-02
-5.7475303286e-02 -1.8404811068e-01 -1.8118166868e-01
1.5216169065e-01 -8.3231312108e-02 -1.0627787439e+00
6.5144322254e-01 -3.5937479381e-01 -1.0399201571e+00
3.6582215073e-01 -1.1613658513e+00 -6.6380270051e-01
-1.6133145863e-02 -3.4065754849e-01 -3.3454235016e-01
-6.4864055884e-02 -1.7699012483e-02 -8.9713789742e-02
-2.6288117489e-02 -7.8355073946e-02 1.9612474035e-01
-7.3874547945e-02 -2.3480495370e-01 4.4159926073e-01
-3.9487491761e-01 -2.9468857376e-01 -2.4387518864e-01
-4.4958800345e-01 -2.5153611229e-01 -1.5515870752e-01
-2.2294807507e-01 -1.4381625081e-01 2.3849886748e-02
-2.0489305323e-01 -1.0785116492e-01 6.7752049121e-02
-9.2944749988e-02 -1.1809824910e-01 1.0123705592e-01
1.9489694752e-03 -9.9103388252e-02 1.4727282183e-01
-4.4383960961e-02 -1.6666740481e-01 1.2809682451e-01
-1.0101740819e-01 -1.5327944019e-01 7.1687084570e-02
1.6208985164e-01 -8.2226188663e-02 -2.6527743522e-01
7.3860517835e-01 -6.9899813178e-01 1.0342161494e-01
3.4557683350e-01 -1.1609150168e+00 9.3472565268e-01
-1.4627953196e-01 -1.5588507793e-01 2.0651363276e-01
-7.0525402977e-02 1.8376827862e-02 -1.4670990445e-01
-3.2863706954e-02 -4.8709884933e-02 1.1952333276e-01
-2.7344623724e-01 -2.1775784445e-01 2.1874122093e-01
-6.9672926476e-01 -6.1149763155e-01 1.1043462312e-01
-2.9987207433e-01 -2.7881525523e-01 -2.2690362498e-02
-3.4440816155e-02 -7.5374224448e-04 -6.6591804860e-02
-1.1996203689e-01 -2.8414456129e-02 9.8127565924e-02
-9.9999904513e-02 -6.7087098573e-02 1.4943831039e-01
-1.0698915919e-01 -1.0866563271e-01 1.7189090653e-01
-1.0042560256e-01 -1.7029888803e-01 1.5997356018e-01
-1.2412084485e-01 -1.7320372243e-01 1.4240204307e-01
-1.7216302081e-01 -1.6587364150e-01 8.0344328196e-02
-7.0777345721e-03 -6.6032750231e-01 2.5391443006e-01
6.7823285057e-02 -7.4804985491e-01 4.3202214677e-01
-2.2560079374e-03 2.9956057659e-02 -5.6333792570e-02
-4.5231208409e-02 1.8332235177e-02 -1.3807276238e-01
-8.4337013546e-03 -3.5452372801e-02 6.2664460044e-02
-2.1908578298e-01 -1.6015454698e-01 1.6542464214e-01
-7.9641252356e-01 -6.4661832115e-01 6.0807787681e-01
-3.9107115495e-01 -4.7498846585e-01 2.1196243026e-01
-2.2694645369e-01 -2.5141213593e-01 1.9688376625e-02
-1.4092164846e-01 -6.5117518761e-02 5.7733128506e-02
-6.4220045886e-02 -8.7397327209e-02 1.2789126888e-01
-1.0788715664e-01 -1.3900291550e-01 1.5158171987e-01
-8.9669236763e-02 -2.1435378634e-01 1.4716315175e-01
-1.0840455449e-01 -2.0498396462e-01 1.0697230367e-01
-1.1879450312e-01 -2.2271022875e-01 4.5346654237e-02
2.6418590584e-02 -6.3567119623e-01 3.6417791158e-01
2.4168909435e-01 -7.4036910003e-01 7.7815602799e-01
1.6159002127e-01 -4.1172550780e-02 1.3980022235e-01
-2.5818993172e-02 4.4688547520e-03 -1.0240644512e-01
-1.8993515940e-02 -3.1591685170e-02 7.5736070489e-02
-2.3174998861e-02 -5.6755082678e-02 1.3857578602e-01
-2.1696456164e-01 -2.0258309561e-01 2.9606918114e-01
-4.0318407038e-01 -4.3652070489e-01 3.8822898975e-01
-5.2435004230e-01 -5.9556753038e-01 3.8886321450e-01
-2.6126765275e-01 -2.5939359137e-01 1.9118869658e-01
-4.3614833109e-02 -1.5845404602e-01 1.8939430501e-01
-3.6193887397e-02 -1.8438972427e-01 2.6462741687e-01
-4.5593428829e-02 -2.1779186289e-01 2.5013733674e-01
-6.1235867091e-02 -2.6244460871e-01 2.0245716734e-01
-6.5130284248e-02 -2.7895612934e-01 4.3351286556e-02
-4.8104763193e-02 -7.7291807326e-01 1.6684609429e-01
8.8860718843e-02 -9.2263866314e-01 2.1254844699e-01
1.8379780961e-01 -1.9392398705e-01 -2.0416753161e-01
-1.4613065115e-02 5.3503000512e-03 -7.6636045264e-02
-4.3850568554e-02 -2.7920417755e-02 6.8809005525e-02
-4.6144672366e-03 -4.6133512614e-02 1.0059186773e-01
-1.9263867805e-02 -7.5838736521e-02 1.4178672896e-01
-1.3256362433e-01 -1.5818691375e-01 2.0311059733e-01
-3.5537375259e-01 -3.1251025305e-01 2.5845563343e-01
-5.7557170544e-01 -3.7612288494e-01 5.9430602700e-01
-3.6512971449e-01 -5.3090271244e-01 6.4851600573e-01
-1.5751565318e-01 -3.7531823835e-01 4.4568320149e-01
-5.6331887960e-02 -3.3534282961e-01 3.5681861132e-01
-2.4851683140e-02 -2.9532803031e-01 3.0944119375e-01
1.8069757319e-01 -3.2973531354e-01 1.8201989114e-01
-3.0441831465e-02 -5.2001192577e-01 -2.7055478432e-01
-5.6546500262e-01 -6.7010005758e-01 -1.5511582921e+00
-6.9554344627e-02 -1.5314315252e-01 -8.1824325124e-01
-4.6822751571e-02 -2.7258028294e-02 -8.2962817729e-02
-3.8812987180e-02 -3.6062635708e-02 1.0221613672e-01
-8.8838653823e-03 -4.6219660270e-02 1.2541909838e-01
-2.9248353002e-02 -5.9241585961e-02 1.4278416028e-01
-4.9344295962e-02 -7.0516498865e-02 1.5294278666e-01
-1.3516640926e-01 -8.7968403617e-02 1.7950362676e-01
-3.7435824873e-01 -2.5321707048e-01 6.0643292192e-01
-6.7477182179e-01 -6.1614777734e-01 1.0104690413e+00
-8.8319362110e-01 -7.1884964773e-01 8.6217121615e-01
-4.7822031667e-01 -6.3193402619e-01 6.3413552131e-01
-1.4886382027e-01 -4.2418071920e-01 4.0396671013e-01
-2.5343855006e-01 -4.8582106594e-01 3.4599482532e-02
-6.3400018423e-01 -6.4759010620e-01 -5.1150522969e-01
-6.4508142098e-01 -4.6587045415e-01 -1.1374766004e+00
-1.5754632922e-01 -7.2287835705e-02 -4.7883836698e-01
-6.4183390054e-02 -1.0837168397e-02 -5.9011238247e-02
-3.5331511652e-02 -4.8604741745e-02 1.0237070576e-01
-1.2460200340e-02 -7.7807689275e-02 1.0472955055e-01
-2.4823807953e-02 -1.0459943615e-01 1.3652596914e-01
-5.7831069897e-02 -1.2265695296e-01 1.2418064437e-01
-5.1152273854e-02 -1.1623595258e-01 1.2179525183e-01
-1.3628614374e-01 -1.0488996036e-01 1.7074073740e-01
-4.4177586362e-01 -2.7188848054e-01 4.5834322909e-01
-1.1002805186e+00 -6.5419832165e-01 8.2539738237e-01
-1.4267263109e+00 -1.0441594009e+00 8.3490339860e-01
-1.4739017568e+00 -1.0720334329e+00 2.7585294265e-01
-1.2776471572e+00 -9.0080529477e-01 -3.1087215453e-01
-1.0165567095e+00 -6.3960847546e-01 -6.0032957948e-01
-4.1149341572e-01 -1.9382634940e-01 -4.4469992440e-01
-8.1904867345e-02 -1.9536008917e-02 -1.8826455563e-01
-6.6046385956e-02 -3.7650841990e-02 -5.7369392979e-02
4.6253881345e-02 -1.9016477408e-03 6.2479849105e-02
6.7474132106e-02 3.4067915675e-04 9.1698662240e-02
6.7162693748e-02 -2.9130453546e-02 1.2565585772e-01
1.2237177080e-01 -8.1952265206e-02 1.3386654204e-01
1.7591623623e-01 -1.2409732472e-01 1.2095820642e-01
1.7858910917e-01 -1.5503769143e-01 1.1862243438e-01
2.5036312461e-01 -2.7167754557e-01 1.4951611473e-01
2.4599857478e-01 -3.6837964435e-01 1.5220436438e-01
4.0912447850e-01 -4.5925390983e-01 1.5416650455e-01
5.9706571842e-01 -5.7770304095e-01 9.1662951320e-02
6.9989954628e-01 -6.8389043128e-01 -1.6034810665e-01
2.7478980636e-01 -4.1265317220e-01 -2.3302024179e-01
1.7191162028e-03 -1.5961150013e-01 -1.0754998211e-01
2.0476220883e-02 -7.9382005775e-02 -7.2186350814e-02
1.9977792313e-03 -6.8010019229e-02 -7.7070505620e-02
4.9557188194e-02 -8.7229541586e-03 5.5557107255e-02
5.8489491737e-02 -7.1179705784e-03 8.9546502432e-02
6.7373408672e-02 -4.4607470258e-02 1.1773648853e-01
1.3462387137e-01 -1.2213098403e-01 1.5134126565e-01
2.0031763499e-01 -1.6272924705e-01 1.6380570150e-01
2.1239583272e-01 -2.1933051009e-01 1.8102564570e-01
2.8155893918e-01 -3.4488558218e-01 1.9367138339e-01
4.0077152457e-01 -5.9626986941e-01 2.2610023009e-01
5.8990707097e-01 -8.0200502676e-01 2.9230864051e-01
9.0676224094e-01 -1.1838188941e+00 1.6123142666e-01
1.3409051632e+00 -1.6558394202e+00 -5.4809990856e-01
8.2451230125e-01 -1.0886164309e+00 -7.7968459795e-01
1.3527080555e-01 -2.1983207660e-01 -2.4353489921e-01
5.4899156463e-02 -4.3109823051e-02 -9.2420124122e-02
3.3104344603e-02 -4.7159273800e-02 -7.5138271910e-02
4.2669714699e-02 -1.5507630917e-02 4.6639923326e-02
6.6647212651e-02 -3.8588566670e-02 1.0731749629e-01
1.0566360028e-01 -1.2069856988e-01 1.5331110074e-01
2.4496385627e-01 -2.5602291936e-01 2.2610293172e-01
3.6276945238e-01 -3.5044213598e-01 2.7966360350e-01
2.8177164939e-01 -3.0149280251e-01 2.1886278906e-01
2.7341543227e-01 -3.6153358914e-01 1.7903342438e-01
2.8561541833e-01 -5.0836194686e-01 2.1569780026e-01
4.1031021432e-01 -7.0633962823e-01 2.1697426478e-01
5.1822822149e-01 -1.0392009624e+00 1.0444374579e-01
8.4190709996e-01 -1.5258018201e+00 -5.4886212932e-01
9.3621950594e-01 -1.3715217827e+00 -9.2685062568e-01
5.8429868116e-01 -4.9469663704e-01 -5.3034504437e-01
1.8212800529e-01 -1.0893654975e-01 -1.9797584664e-01
1.7182780622e-02 -5.7306270803e-02 -9.4679914489e-02
5.7697456066e-02 -3.7398735893e-02 6.8179156643e-02
1.1005518935e-01 -9.9821641140e-02 1.6585785005e-01
1.7372954767e-01 -1.9995631497e-01 1.8744220902e-01
3.0914487210e-01 -3.5300935733e-01 2.8538736369e-01
3.0446041384e-01 -3.0936195734e-01 1.9869706963e-01
1.2478074223e-01 -1.5646950321e-01 9.1996257305e-02
1.0814921333e-01 -6.7948928953e-02 1.0380485657e-01
1.7344028427e-01 -7.8967317653e-02 2.2996272576e-01
2.9652498642e-01 -2.7218776643e-01 1.8672477005e-01
3.0639937921e-01 -6.4429630846e-01 9.9428099679e-02
2.9119692353e-01 -6.6717553241e-01 -9.1700686698e-03
9.7924360009e-01 -8.9543408479e-01 -5.8366830485e-01
1.7044590257e+00 -8.2599364633e-01 -1.1294415525e+00
7.1357692238e-01 -3.3309969933e-01 -6.3445000740e-01
3.7821838417e-02 -8.2032929054e-02 -1.4640044459e-01
5.0195351811e-02 -6.3630897885e-02 1.2629709169e-01
9.9579385606e-02 -8.2952290320e-02 1.5322437077e-01
1.1910758746e-01 -1.4214757096e-01 1.3723731416e-01
1.4034088283e-01 -2.5896196027e-01 1.8443637561e-01
3.0279934343e-02 -1.4254328842e-03 3.2523254502e-02
-6.4535468118e-02 3.6841213960e-01 -2.3032435137e-02
1.7515541879e-01 5.2864286436e-01 2.0521472101e-01
4.0899784465e-01 6.5110778562e-01 5.1125559842e-01
3.7641524808e-01 3.4649878453e-01 3.7853229702e-01
3.0664193479e-01 -1.3476515379e-01 1.9045180345e-01
2.6434792509e-01 -3.8305398667e-01 6.5481348038e-02
6.8870874745e-01 -8.0199326654e-01 -4.3993343909e-01
1.1141593788e+00 -2.5127741104e-01 -9.5264189284e-01
5.1535498939e-01 -8.7715151088e-02 -8.1265551228e-01
-7.3433291200e-04 -7.6592575592e-02 -1.9540683223e-01
4.7461128136e-02 -8.1853354735e-02 1.5442571242e-01
3.5048233313e-02 -5.5338679883e-02 8.5130285295e-02
5.1055115213e-03 -1.3511640759e-01 8.2777404713e-02
3.5579692729e-02 -6.8282689062e-02 1.0683441313e-01
3.8833058745e-02 5.6456221166e-01 -7.0123446629e-02
1.8661036975e-01 8.5870802294e-01 1.7713387117e-01
6.4323493008e-01 9.7953228884e-01 6.5108225188e-01
6.5015174079e-01 8.4780044405e-01 7.5419541700e-01
3.0767988810e-01 1.1550987481e-01 3.4859843407e-01
1.4937944686e-01 -2.0066577278e-01 8.9344689857e-02
1.3416999600e-02 -7.1527683038e-01 -1.6583389473e-01
5.6495963452e-02 -1.0689541262e+00 -5.1295938174e-01
-3.0631168125e-02 2.6232216377e-01 -7.5648566167e-01
-8.1093133380e-02 4.0424764408e-01 -5.9124479205e-01
-5.6423730305e-02 2.4083959514e-04 -1.6074102958e-01
7.0912533817e-02 -9.6053858829e-02 1.8421296964e-01
7.7083630716e-02 -1.1506411994e-01 1.5191769291e-01
1.3006614858e-01 -1.5488068558e-01 2.1791310397e-01
2.3845270055e-01 3.3714333735e-01 1.1553179601e-01
4.2597725770e-01 7.2607852004e-01 1.8200858464e-01
5.9983189099e-01 7.4610550030e-01 4.5670042802e-01
6.9461021158e-01 8.0049306191e-01 5.8027140942e-01
4.4284590179e-01 3.2856765841e-01 4.1026045277e-01
2.2071993505e-01 -1.3978716030e-01 1.2232031873e-01
1.8313658484e-01 -1.2354423989e-01 -3.4782366723e-02
-7.1164842813e-02 -2.0863168088e-01 -7.2551276769e-01
-7.3292085946e-02 -6.2938842523e-01 -1.4794785809e+00
-4.1375120170e-02 -1.1428219422e-01 -1.7018141819e+00
-6.9036601858e-02 2.9142822846e-01 -5.4457013036e-01
-3.4680572320e-02 1.2180578677e-02 -1.1253626128e-01
9.1008465341e-02 -9.8180725089e-02 1.7239756200e-01
1.8946886097e-01 -1.7909690637e-01 2.7399796726e-01
3.9102808176e-01 -1.8668425670e-01 4.2256230536e-01
4.2922457112e-01 -6.9037327711e-02 4.1861813035e-01
4.5959159081e-01 2.2051939943e-02 4.2412381096e-01
5.2450425383e-01 3.7817549554e-01 2.9709859093e-01
4.1950893991e-01 2.9094009226e-01 2.8307870824e-01
3.2081165183e-01 3.8872173361e-02 1.8426811072e-01
4.3408046334e-01 7.1786189063e-02 1.6402392086e-01
4.1655164234e-01 6.9864776830e-02 -9.5363235742e-02
2.4401553024e-01 8.0737174576e-02 -9.7605902356e-01
-2.9447698346e-01 -8.7951363927e-01 -1.0787189020e+00
-2.4662251976e-01 -1.1881030358e+00 -2.0926389288e+00
5.3636844086e-02 -8.4581499570e-02 -6.1775317091e-01
-3.4079890791e-02 -1.5271795655e-02 -8.0543056430e-02
3.6277049104e-02 -6.9369368772e-02 1.3892841509e-01
2.2466686512e-01 -2.3601969858e-01 3.1751767632e-01
5.1779137649e-01 -7.0572520177e-01 8.2119161789e-01
1.5967517997e-01 -4.5402869673e-01 3.9133346935e-01
4.4606498197e-02 -1.7221709332e-01 6.2079164820e-02
1.6488122462e-01 -7.9332236011e-03 6.6603534356e-02
3.0062302436e-02 -7.8652927366e-02 1.2245697459e-01
9.0235738815e-02 -1.5707258790e-01 1.7046546822e-01
1.6407644764e-01 -9.3912452151e-02 1.2964297216e-01
8.6715670859e-02 -1.4026092061e-01 -2.4336425912e-02
1.6337884228e-01 -1.2211933510e-01 -4.9750482701e-01
1.4575075675e-01 -6.5531305437e-01 -7.4834905105e-01
5.1386439326e-01 -1.0286974847e+00 -1.7694654599e+00
2.1203698651e-01 -2.0271246809e-01 -7.9310908796e-01
-3.8329201412e-02 -9.6632670299e-03 -1.0697836515e-01
-1.2460360080e-02 -5.5698897434e-02 1.1557348460e-01
-2.7446527131e-02 -3.2733866385e-01 3.0363142743e-01
-1.8355364493e-01 -9.0469450629e-01 5.9583676749e-01
-1.6894198359e-01 -2.4285808944e-01 6.3570697809e-02
-4.3457791407e-02 3.6097049520e-02 -3.0289289195e-01
-9.6386045651e-02 2.8412692178e-04 -6.5720358660e-02
-1.0465659102e-01 -5.4077410951e-02 9.3014708370e-02
-1.0775484891e-01 -1.4278207734e-01 1.4765117997e-01
-9.2892217926e-02 -1.8411463275e-01 1.2525567220e-01
-1.3577044462e-01 -1.7478166628e-01 1.2683113205e-01
-6.7659466715e-02 -1.4524742968e-01 -4.1220523950e-02
3.7597083613e-01 -4.0433253420e-01 -3.1167257396e-01
6.0058727975e-01 -5.8746824698e-01 -6.1785016226e-01
1.1088930402e-01 -7.6227476898e-02 -5.6562636262e-01
-6.8416966799e-02 1.0006119792e-02 -1.8272307237e-01
-5.0759952255e-03 -3.6207752963e-02 7.0699848093e-02
-9.6403207234e-02 -2.0940118031e-01 1.1839870050e-01
-4.5901932386e-01 -6.6520007321e-01 3.0890864892e-01
-2.8720720248e-01 -1.8750356268e-01 -6.7545232934e-02
-1.8938742526e-01 -5.5953188945e-02 -9.6732155984e-02
-9.4357537986e-02 2.0922413667e-02 -1.6434159760e-02
-6.9581451231e-02 2.0734018079e-02 1.9347326976e-02
-9.1934521622e-02 -9.0466849655e-02 1.2911151857e-01
-8.9433300899e-02 -1.3661763676e-01 1.4585198543e-01
-1.3961772170e-01 -1.2946990883e-01 1.1855944356e-01
-1.9998330964e-01 -1.3020197917e-01 9.1118096711e-02
-1.1798325267e-01 -4.1241882640e-01 1.8450420093e-01
9.8910797083e-02 -4.2539207675e-01 2.3335130915e-01
8.7291877588e-02 1.0647610855e-01 -2.8608261652e-01
-4.6802691419e-02 1.6521439940e-02 -1.7495189536e-01
-3.6966098964e-03 -3.7935090216e-02 5.9537768745e-02
-2.4183817873e-02 -9.6263029007e-02 1.0782255675e-01
-2.8259536345e-01 -4.1312529399e-01 2.6929001319e-01
-3.3404853494e-01 -4.5699562750e-01 9.7776206742e-02
-3.1972524790e-01 -3.4633065660e-01 2.5172185902e-01
-1.2995299287e-01 -9.8471684201e-02 8.4111761931e-02
-1.0808914674e-01 -1.1138866381e-01 -3.4201574203e-02
-7.5696241516e-02 -1.0575444454e-01 1.3632642151e-01
-4.6725165440e-02 -1.7510543804e-01 1.4825662945e-01
-1.1261038616e-01 -1.7443902567e-01 1.0469226247e-01
-1.0443513612e-01 -2.3876380592e-01 5.3800181172e-02
-3.8653426006e-02 -5.2261219008e-01 -9.3545070221e-02
1.0319153525e-01 -5.0689303229e-01 -5.1323688311e-01
1.7681929177e-01 7.4684940764e-02 -5.6034946244e-01
-2.0715617722e-02 1.7495886729e-03 -1.4851684844e-01
-2.3606629488e-02 -4.0718381824e-02 6.5410629521e-02
1.5736232195e-02 -4.7498914018e-02 8.2445703573e-02
-4.6060680266e-02 -1.0229137462e-01 1.1348054085e-01
-1.9423002538e-01 -2.8320352506e-01 1.2115726403e-01
-3.4895923256e-01 -4.4686969059e-01 2.6353608925e-01
-2.3059875065e-01 -4.3100153541e-01 3.7143575849e-01
-1.7714487255e-01 -4.6787729268e-01 3.9222038341e-01
-4.6497486481e-02 -3.2422335021e-01 3.9280106605e-01
1.5083080678e-02 -2.8826997833e-01 3.4840992307e-01
-1.5960795834e-02 -2.5848108902e-01 2.8144584936e-01
5.4828130329e-02 -2.7240666341e-01 1.2720561168e-01
1.1066888468e-01 -5.4785406804e-01 -1.2531867520e-01
-1.1873109988e-01 -6.8729786731e-01 -1.4472794102e+00
3.9075344978e-02 -1.5145089256e-01 -1.0100520622e+00
-2.1103107528e-02 -8.1288004419e-03 -1.1428871311e-01
-3.3721936502e-02 -3.7173762723e-02 7.1813445078e-02
-1.9166983969e-04 -4.6280402358e-02 7.7024855165e-02
-2.3257994848e-02 -6.0846992035e-02 1.1182091297e-01
-5.3909640205e-02 -1.0279782979e-01 1.2501426508e-01
-1.4420534721e-01 -2.1217981380e-01 2.1105598570e-01
-3.5166955888e-01 -4.1142046939e-01 5.1142794527e-01
-5.7296697738e-01 -7.9455601891e-01 7.4152961882e-01
-4.7078184005e-01 -8.1465908335e-01 7.4001352797e-01
-2.5480153809e-01 -6.9989830437e-01 5.9398016521e-01
-5.8704711191e-02 -3.8676572212e-01 4.1437026810e-01
-2.7851386118e-02 -4.7775917083e-01 7.5621031807e-02
-2.8649929126e-01 -7.8033879413e-01 -3.4281728121e-01
-4.9921127977e-01 -7.1455338298e-01 -1.5097679306e+00
-1.7263137316e-01 -1.8710422334e-01 -7.8277218836e-01
-4.9756694064e-02 -3.8625816976e-02 -8.0859308796e-02
-2.6199021370e-02 -4.2633349166e-02 9.2246169053e-02
-6.9966156162e-04 -4.6811454841e-02 1.0337406130e-01
-4.1860437829e-02 -6.0769184492e-02 1.2717125814e-01
-4.7365621999e-02 -7.3815609569e-02 1.2825596990e-01
-6.9098835720e-02 -6.9502462945e-02 1.3902553754e-01
-2.4223610882e-01 -1.8077097182e-01 2.9405852639e-01
-5.6083429687e-01 -5.9927370297e-01 6.9458839822e-01
-8.3333877801e-01 -1.0105492213e+00 9.8064775465e-01
-9.0703593168e-01 -1.1888124286e+00 8.4121006727e-01
-7.7591877846e-01 -9.5291462539e-01 5.8872578727e-01
-6.7247410375e-01 -9.3948250460e-01 -1.7211552436e-02
-9.1532513050e-01 -1.0879150635e+00 -5.1668919668e-01
-5.4114680603e-01 -5.6283175696e-01 -7.7249526438e-01
-1.3120440795e-01 -9.9105685926e-02 -3.1007616038e-01
-6.1106739126e-02 -1.8442551231e-02 -6.4864107767e-02
-1.5841190254e-02 -6.2031040647e-02 9.7877506275e-02
5.2902415521e-03 -7.1511243831e-02 8.4347126064e-02
-2.0115037314e-02 -9.0354915561e-02 1.2110189652e-01
-4.0440980334e-02 -1.0947535260e-01 1.1019246861e-01
-4.0772696209e-02 -1.0782182532e-01 1.0396922147e-01
-7.8363173902e-02 -1.1354289627e-01 9.6658931550e-02
-1.9719910617e-01 -2.4168654655e-01 2.5376387844e-01
-5.5812798600e-01 -5.7262981850e-01 4.4855862130e-01
-8.4703175054e-01 -9.3318403830e-01 5.1810583736e-01
-9.4710117538e-01 -1.0276302151e+00 2.9548974417e-01
-7.9538383976e-01 -8.4121544567e-01 -4.4620273751e-02
-6.3338592199e-01 -5.3454141682e-01 -3.4437636596e-01
-2.6623079028e-01 -1.7216456628e-01 -2.8215363113e-01
-6.1874178323e-02 -5.8319197505e-03 -1.7629011034e-01
-3.9178252891e-02 -3.6920741633e-02 -6.2273129687e-02
2.4852926559e-02 -1.6069356191e-02 6.7591829793e-02
3.1437739249e-02 -8.1066714497e-03 8.9793595993e-02
3.6077119459e-02 -3.4111662871e-02 1.1402681069e-01
6.9824075675e-02 -5.6628698548e-02 1.1131750136e-01
1.1446075798e-01 -1.0111024992e-01 1.0916887868e-01
8.5288656650e-02 -9.0542911370e-02 9.6530789421e-02
1.2971680486e-01 -1.6075161829e-01 1.0723389317e-01
7.1547480195e-02 -1.9407639082e-01 1.0570664932e-01
1.2906269465e-01 -2.6106287468e-01 1.2119019763e-01
7.4640630011e-02 -2.4659899490e-01 1.1679761412e-01
1.2031442068e-01 -3.1315462900e-01 8.1842459298e-02
4.6882850218e-02 -2.5191559459e-01 -1.1619061999e-02
5.8410795299e-04 -1.4167160817e-01 -1.6488831159e-02
2.4391740293e-02 -7.4356424116e-02 -4.1325043683e-02
1.2243631914e-03 -4.3713042254e-02 -7.4407553226e-02
2.3226360946e-02 -7.7495234143e-03 6.5291858365e-02
2.4952370888e-02 -1.7293365603e-02 8.3454395006e-02
2.5035935801e-02 -4.6256963331e-02 9.4472551344e-02
8.0675940423e-02 -8.7798726370e-02 1.1180529254e-01
1.0975887116e-01 -1.2455360069e-01 1.1628245324e-01
8.2628490685e-02 -1.0247924772e-01 1.0096318016e-01
1.1140931669e-01 -1.9633979473e-01 1.0082121698e-01
1.3648667554e-01 -3.0339763457e-01 1.0285980432e-01
2.0035974169e-01 -4.1558213609e-01 1.3063129064e-01
2.0071312735e-01 -5.4362684980e-01 1.1338873176e-01
2.6745016967e-01 -6.4509473226e-01 -9.3590454488e-03
1.5805425480e-01 -4.3098708194e-01 -9.2022135720e-02
1.3173901249e-01 -2.0453776373e-01 2.7691358710e-03
1.0652091491e-01 -5.7997326282e-02 -1.8014359304e-02
4.9645136647e-02 -2.3856371536e-02 -6.4642906206e-02
1.4693114617e-02 -1.3501248798e-02 4.6432759427e-02
2.3609384973e-02 -3.2464125414e-02 8.1904693178e-02
3.4575917470e-02 -9.1326850899e-02 1.0047276624e-01
1.0928464245e-01 -1.4160964765e-01 9.9774385165e-02
1.5849862942e-01 -1.9859084400e-01 1.1832812736e-01
1.2331364872e-01 -1.9028129249e-01 1.2550409337e-01
1.7343854148e-01 -2.7597657439e-01 1.1199938639e-01
2.3271372663e-01 -4.4744002176e-01 1.2822181787e-01
4.1965454510e-01 -6.5710530432e-01 1.6395548944e-01
5.0218666204e-01 -9.3920954069e-01 6.4486691416e-02
6.7950275459e-01 -1.1625393023e+00 -1.6739839934e-01
7.2255964509e-01 -6.4380558482e-01 -2.7618885230e-01
4.4884851678e-01 -1.8418972303e-01 -2.2264447247e-01
1.6818502882e-01 -7.0751677764e-02 -8.3403956697e-02
2.8723520308e-02 -3.5721713005e-02 -8.8643883444e-02
3.0229568575e-02 -2.3716222620e-02 5.2311791622e-02
6.5980004118e-02 -6.5996531866e-02 1.0664965368e-01
8.3888604387e-02 -1.3388125170e-01 1.0338507434e-01
1.5785330860e-01 -2.2934248248e-01 1.4443477570e-01
2.2020467766e-01 -2.8999602471e-01 1.5246467110e-01
2.4184064240e-01 -3.2162726485e-01 1.6379644104e-01
2.9180642315e-01 -2.0675165022e-01 1.9832853261e-01
4.8374253772e-01 -1.0102014288e-01 3.0965813008e-01
7.5602933465e-01 -2.8690962811e-01 3.8054684966e-01
8.5466489659e-01 -7.9936020482e-01 3.1181633718e-01
1.1366152058e+00 -9.0889586548e-01 9.8164436304e-02
1.7626166261e+00 -5.4767470542e-01 -6.6701355316e-01
1.5090044470e+00 -1.5455912546e-01 -1.2971312696e+00
3.8874740928e-01 -1.1393489218e-01 -4.4641432712e-01
1.4660574710e-02 -4.5108186219e-02 -1.1732192123e-01
2.6892847929e-02 -5.0909129529e-02 7.7534132178e-02
8.6608047134e-02 -1.0019684666e-01 1.3077566258e-01
7.2943373038e-02 -1.6862872876e-01 1.2537995712e-01
1.5382463163e-01 -3.1846743932e-01 2.0271518297e-01
2.3598078574e-01 -2.9844770610e-01 2.0281994072e-01
3.6017824977e-01 -3.4413295086e-03 2.5747008044e-01
7.9163758353e-01 1.9414441609e-01 5.6955938556e-01
1.1297457213e+00 1.4684510505e-01 6.9443315422e-01
1.0702729345e+00 -1.9363487698e-01 4.7619259525e-01
9.5210509281e-01 -5.8351656577e-01 3.2242057791e-01
8.4738430195e-01 -6.9454452552e-01 -8.4787233315e-02
8.1083339892e-01 -1.1577671543e+00 -8.7121356067e-01
1.3269029355e+00 -8.2644877118e-01 -1.6756897413e+00
7.0044494718e-01 -9.4211289922e-02 -1.1964488958e+00
1.7014857827e-02 -1.2447850558e-02 -2.2707444292e-01
2.1619416617e-02 -6.5217570237e-02 1.1836915734e-01
5.8656507896e-02 -1.1386803591e-01 1.4740763719e-01
7.9377136938e-02 -2.4299681590e-01 1.9672557225e-01
2.1526215889e-01 -2.9201915499e-01 2.8671874349e-01
4.5126640673e-01 2.2765848736e-01 3.7122345240e-01
9.1690634135e-01 4.6150471277e-01 7.7776876434e-01
1.0514434820e+00 2.4169826423e-01 8.2540404784e-01
5.9492630073e-01 -1.2511490899e-01 4.5467485829e-01
2.3476543558e-01 -3.7317264673e-01 2.1577937355e-01
1.0378834263e-01 -5.1347492912e-01 1.4347361362e-01
-4.5431633817e-02 -8.0502174395e-01 -6.0114806888e-01
-3.3101798148e-02 -1.6564301889e+00 -6.7232794935e-01
3.3221153375e-01 -6.0944163776e-01 -1.0323005006e+00
4.5232019256e-01 6.3300527734e-01 -1.8134366247e+00
6.5883850142e-03 1.0237543504e-01 -4.0690109925e-01
3.4407331098e-02 -8.3920334486e-02 1.3573059826e-01
8.4330025924e-02 -1.3037062773e-01 1.6706949502e-01
1.0940185304e-01 -2.3539126874e-01 2.2689234119e-01
4.2113147331e-01 3.3414277962e-03 4.1568430390e-01
9.3083891697e-01 1.9913585791e-01 8.9573506041e-01
8.5028393669e-01 2.7653127439e-01 8.2618578576e-01
3.3032256674e-01 1.4444747381e-01 2.9880831912e-01
7.3484087872e-02 -1.7149297076e-01 1.0444508811e-01
8.8827551362e-02 -2.8389888441e-01 1.3990485067e-01
-1.3735661740e-02 -2.4227814160e-01 6.0247053030e-02
-3.2721456225e-01 -4.4199392008e-01 -6.5574721885e-01
-5.5160832523e-01 -1.8826669708e+00 6.6375723957e-02
-4.2012947700e-01 -2.2175095837e-01 -7.3971848025e-01
-2.5240007109e-01 1.2840181812e+00 -1.4650937419e+00
-5.6755621701e-02 2.2797596704e-01 -3.9806162871e-01
4.0476596803e-02 -9.1471719639e-02 1.3573043180e-01
9.2303265670e-02 -1.4689964205e-01 1.9203205082e-01
1.0689458721e-01 -2.7784652145e-01 3.1244699642e-01
4.4320942730e-01 -4.6773802227e-01 8.1800136055e-01
6.4855085610e-01 -3.7975275169e-01 7.8744700562e-01
2.8180770893e-01 -9.0832863028e-02 1.9707526308e-01
9.2132229974e-02 -8.8955972465e-02 9.7213905510e-02
5.9601505854e-02 -1.5599755855e-01 1.4063946022e-01
1.3271626620e-01 -1.9177518445e-01 1.3043867824e-01
1.0075835541e-01 -1.3115020839e-01 4.9601434353e-02
-1.0094735438e-01 -1.1251457565e-01 -4.1415570436e-01
-6.2200275958e-01 -1.1660921525e+00 -1.3064768954e-01
-4.2873292434e-01 -6.7550291764e-01 -5.7550498196e-01
-2.2162474916e-01 4.1899287866e-01 -4.3535023470e-01
-7.8704155030e-02 1.8512079532e-01 -2.2279556112e-01
1.0533909869e-02 -6.9655417012e-02 1.1249018112e-01
6.2449345212e-02 -1.8354370404e-01 2.1997013518e-01
1.7021382912e-01 -5.8422210136e-01 5.9612981936e-01
2.0799659770e-01 -5.2671224889e-01 5.5205141925e-01
1.2802881264e-01 -2.2627150577e-01 -4.0776859208e-02
1.7437715953e-01 -9.9596756596e-02 -2.4095992374e-01
1.2351375192e-01 -4.2174779999e-02 3.0606248431e-03
-4.5513226536e-02 -2.4320830223e-01 1.2164964801e-01
-3.4536828398e-02 -3.0697840042e-01 1.1931619140e-01
-3.7797641140e-02 -2.5749304309e-01 1.0960137981e-01
4.3743840136e-02 -1.0066216182e-01 -2.1857543105e-01
2.1293378632e-01 -4.8326244366e-01 -1.1118021467e+00
3.2069221519e-01 -9.3248274523e-01 -1.2567169653e+00
9.4486102076e-02 -1.4293234545e-01 -4.1937297416e-01
-5.4982904117e-02 1.3643320612e-01 -1.7056500746e-01
-1.2530370949e-02 -3.5129860991e-02 7.4451455706e-02
-1.4424873713e-02 -1.4565596136e-01 1.6893123521e-01
-4.7598838442e-02 -4.9163681421e-01 4.4630594765e-01
3.8525056738e-02 -1.7825984565e-01 9.3151276203e-03
5.5638859935e-02 6.9994228010e-02 -5.4008975910e-01
1.0389224376e-02 1.9632867677e-01 -3.3940161306e-01
1.8601438156e-03 1.7094381972e-01 -1.4414952166e-01
-8.8511633767e-02 -8.5736117297e-02 2.3701213341e-02
-7.8852171166e-02 -1.8530805734e-01 1.0587377382e-01
-1.3928431423e-01 -1.6953339970e-01 1.0777634036e-01
-1.1015430319e-01 -1.5461784927e-01 1.7669401023e-02
1.0701031688e-01 -4.2653084438e-01 -5.4060036854e-01
4.5586680752e-01 -6.8904446242e-01 -1.6457295411e+00
2.9985353575e-01 -1.5155251968e-01 -1.0919990769e+00
-6.8935956381e-02 5.6412678466e-02 -2.5764270843e-01
-8.1962433491e-03 -2.6417175581e-02 6.6485277483e-02
-5.5103548449e-03 -5.8191275476e-02 8.4748966149e-02
-7.5807338158e-02 -1.6675977752e-01 1.0446690539e-01
-9.5731142060e-02 -1.6847683110e-01 -1.2333877952e-01
-1.4756079527e-01 -1.9668263898e-01 -1.3864140487e-01
-9.6518787034e-02 7.9060350239e-02 -9.4330649114e-02
-1.5374655136e-01 9.5190221772e-02 -1.7749869869e-01
-7.8723761420e-02 -6.7027293023e-02 4.3244311353e-02
-4.0042511405e-02 -1.2225206019e-01 1.6463891090e-01
-9.5593312256e-02 -1.3026782704e-01 1.3018585240e-01
-1.4534831220e-01 -1.5477583725e-01 7.2364023461e-02
-2.1293821623e-01 -3.7256035340e-01 -1.8409234724e-01
-1.5785627358e-01 -7.0083693023e-01 -1.4142398216e+00
7.3187975991e-02 -1.7733460022e-01 -1.2513899059e+00
-7.2010176097e-02 2.0116215844e-03 -2.5266213159e-01
-1.6513806199e-02 -3.4176801404e-02 5.5545019956e-02
9.3683103950e-03 -4.7006444320e-02 7.0157475174e-02
-2.3181631481e-02 -7.8975602549e-02 7.2614560931e-02
-7.4906716215e-02 -2.1498843139e-01 5.9358475445e-02
-7.4703199838e-02 -2.5567766650e-01 1.4140866431e-01
-8.7473759926e-04 -1.0565861279e-01 -1.7283555055e-02
-1.9054105162e-01 -2.6690517918e-01 -1.0829826135e-01
-1.0625935283e-01 -2.8073918594e-01 2.2327619503e-01
2.2128725175e-02 -2.9277877355e-01 2.7774079658e-01
-7.9081831351e-02 -2.7988861301e-01 2.0351136463e-01
2.1408939702e-02 -1.6766787412e-01 1.4948834360e-01
-2.5019434030e-02 -3.2661619533e-01 4.7845003292e-02
-3.1038147172e-01 -7.8776314108e-01 -1.4012087994e+00
-4.7619691485e-02 -2.8010759333e-01 -1.2456175398e+00
-5.8345696989e-02 -1.2403577503e-02 -2.0607216915e-01
-2.9315093834e-02 -2.9085766492e-02 5.8396860280e-02
2.0384722436e-03 -4.9427106530e-02 7.3533013530e-02
-1.7093211676e-02 -4.8721898606e-02 8.1266816949e-02
-2.9944830949e-02 -7.8173694915e-02 9.0756202682e-02
-7.5182400501e-02 -1.8309813993e-01 1.3168039774e-01
-1.7091811639e-01 -3.9886830911e-01 2.6059303218e-01
-3.2710572311e-01 -6.6873119840e-01 4.7749864472e-01
-2.3868280405e-01 -6.2004606100e-01 6.7264437669e-01
-1.4660966726e-01 -6.8764827075e-01 6.1388629599e-01
-1.4731676826e-01 -5.8689793563e-01 4.2714165144e-01
2.6152085717e-02 -4.6266385960e-01 2.5335092232e-01
-1.3325253126e-01 -6.7519725042e-01 2.1114187665e-02
-2.7347184595e-01 -8.3399016908e-01 -1.2621004853e+00
-1.0593832889e-01 -3.1615054055e-01 -8.9296230827e-01
-5.7331757519e-02 -1.5872628340e-02 -1.1378192814e-01
-3.2918130872e-02 -3.5305155656e-02 5.7404875836e-02
-2.4079186792e-03 -5.3806026496e-02 6.8984684458e-02
-2.6049241022e-02 -6.3485409740e-02 8.5832956823e-02
-1.2954104015e-02 -7.4142025221e-02 1.0608504325e-01
-3.9561253356e-02 -8.4570425907e-02 1.1875779060e-01
-1.3708123584e-01 -2.4178728305e-01 2.5158407766e-01
-3.2964553612e-01 -6.7471178365e-01 5.2248732566e-01
-4.7497486788e-01 -1.0581300083e+00 8.0811040015e-01
-4.2897046868e-01 -1.1684621229e+00 8.3534788512e-01
-2.8566633633e-01 -1.0085453202e+00 5.4156891810e-01
-3.3910833655e-01 -1.1383300729e+00 1.5040545590e-02
-8.4895444133e-01 -1.2647195965e+00 -2.9375537748e-01
-4.7933101426e-01 -7.6446991443e-01 -8.0383404904e-01
-1.5373306402e-01 -1.8345316060e-01 -3.8919710454e-01
-7.0324156844e-02 -2.3580767753e-02 -6.2170700137e-02
-3.6356628253e-02 -3.4800688529e-02 8.4082454296e-02
-1.1174321113e-02 -4.4546899129e-02 8.5838334586e-02
-5.0132553101e-02 -5.2682964817e-02 1.0781748043e-01
-4.2055264522e-02 -6.6063092353e-02 1.1576644262e-01
-5.4145425444e-02 -5.3128736917e-02 1.0832496622e-01
-1.0509192042e-01 -7.3048288461e-02 1.2940779876e-01
-2.1667814863e-01 -2.8830873353e-01 2.8873231153e-01
-4.5452394688e-01 -6.7985615601e-01 5.2276379661e-01
-5.8887467007e-01 -9.8734777372e-01 6.7301371710e-01
-6.8576071344e-01 -8.9980029746e-01 5.3267209954e-01
-6.7253291844e-01 -9.9244080347e-01 -2.6874133183e-02
-8.3749360207e-01 -9.1778930763e-01 -2.9884480602e-01
-3.9991154887e-01 -3.9487511303e-01 -3.3179454347e-01
-1.1208804295e-01 -8.2206934504e-02 -2.0415415385e-01
-8.7058146957e-02 -5.3043003300e-03 -7.6500531853e-02
-1.0487366858e-02 -4.8651744368e-02 8.7310308595e-02
7.6106113406e-03 -6.9707171030e-02 8.4028178528e-02
-3.8765203206e-03 -7.2720881151e-02 1.0168856182e-01
-1.2475068148e-02 -8.3520197596e-02 1.0206194223e-01
-1.3016633995e-02 -9.2733030801e-02 1.0897476647e-01
-4.6755011156e-02 -9.5601815993e-02 1.1014278072e-01
-2.6179320748e-02 -1.4028210118e-01 1.5647772999e-01
-1.3759955571e-01 -2.5921461349e-01 1.9644273739e-01
-2.4332062400e-01 -4.0579681469e-01 2.1316177587e-01
-3.7140829992e-01 -4.2431773527e-01 1.5645311687e-01
-2.8768301934e-01 -4.0311350203e-01 5.9730986802e-02
-3.0056999300e-01 -2.9015454303e-01 -1.1248183804e-01
-1.7770103827e-01 -1.1775401893e-01 -1.7214197144e-01
-8.4758743342e-02 1.2854771946e-02 -1.6899947237e-01
-6.5291241393e-02 -3.6869526162e-03 -8.0087076110e-02
4.2761724997e-03 -2.2776861508e-02 5.9230345255e-02
3.0675715162e-02 -2.4114593966e-02 5.6518160666e-02
2.0758460679e-02 -4.6379060498e-02 8.2184346211e-02
2.9612264831e-02 -6.2566620769e-02 7.7759589270e-02
6.2059563172e-02 -8.7345391894e-02 8.2973177441e-02
5.0822162265e-02 -8.3055176260e-02 5.9896330771e-02
8.0485155459e-02 -1.2006478965e-01 6.7290145899e-02
2.5436501722e-02 -1.3238666133e-01 7.1587006347e-02
5.3379176836e-02 -1.6585781186e-01 8.3729941828e-02
1.7082961627e-02 -1.5668895335e-01 8.6828850303e-02
4.6832739737e-02 -2.0095113916e-01 9.0758400703e-02
-3.4581882311e-02 -2.1284975610e-01 3.9339977446e-02
-1.8555212832e-02 -1.3636770525e-01 5.2240783792e-02
-3.5571454925e-03 -9.2113692178e-02 -4.4915048449e-03
-2.1664167575e-02 -7.9959467540e-02 -5.3408378355e-02
1.5754374268e-02 -1.5298009710e-02 4.8980159445e-02
3.6553315038e-02 -3.0370346565e-02 4.6493711402e-02
3.0754610669e-02 -5.0935411265e-02 7.2541880009e-02
4.4429085343e-02 -7.4203333322e-02 5.6293003350e-02
5.4236957250e-02 -1.0244463502e-01 6.3911446874e-02
4.8140025952e-02 -1.0327000890e-01 4.8682949922e-02
6.4244706407e-02 -1.3414234212e-01 5.3726180929e-02
4.0163689846e-02 -1.5571261717e-01 4.3112723489e-02
6.0868644037e-02 -2.0685636699e-01 6.6423705046e-02
3.1742846186e-02 -1.7851296561e-01 5.3072677691e-02
3.1225417842e-02 -2.1672183720e-01 6.5456437922e-02
4.7451533207e-03 -2.2204173924e-01 5.9593712435e-02
6.2406890503e-02 -2.0734584559e-01 1.0244544972e-01
7.2259090732e-02 -1.1738396308e-01 2.4271717021e-02
3.3480551220e-02 -8.3860161785e-02 -3.7784656216e-02
3.0259964817e-03 -1.7992658046e-02 4.0841208306e-02
3.3670084795e-02 -3.6795508012e-02 4.7918018701e-02
3.0385446724e-02 -7.5949735050e-02 6.0122546328e-02
5.0402037216e-02 -1.0923854407e-01 5.6280076015e-02
8.7211266426e-02 -1.5046130480e-01 8.7764093994e-02
6.8715281109e-02 -1.1981141176e-01 5.6064426248e-02
8.3502112883e-02 -1.5391061371e-01 6.9190205195e-02
6.3204119007e-02 -1.8622107957e-01 5.6198254392e-02
1.1351396303e-01 -2.3779089214e-01 8.7170578104e-02
1.4956463911e-01 -2.4995772117e-01 8.6732383676e-02
4.3228836286e-01 -3.0871528646e-01 1.4812239049e-01
7.0931145753e-01 -2.5668121985e-01 -5.8966944471e-02
3.5186894341e-01 -1.8010581138e-01 -1.5281337262e-01
1.1346784261e-01 -9.2624258215e-02 -7.2519855381e-02
-1.0898867987e-03 -6.3842405446e-02 -7.2650201360e-02
2.0274287595e-02 -2.8898225770e-02 4.1515170395e-02
6.0127887478e-02 -6.6978068929e-02 4.9644031781e-02
6.1416031612e-02 -1.1101184302e-01 6.5448423176e-02
8.8571282218e-02 -1.7745100064e-01 1.0018854358e-01
9.7873847046e-02 -1.6944356642e-01 8.4816918346e-02
9.3454665086e-02 -1.6841134712e-01 7.8600146980e-02
1.5343025544e-01 -1.7382457512e-01 1.2887083367e-01
3.4082628267e-01 -2.1299721184e-01 2.1607588769e-01
6.1646938005e-01 -3.3076953515e-01 3.2231530535e-01
6.1606505541e-01 -3.9380217359e-01 3.6956279614e-01
1.2215621575e+00 -4.4403066275e-01 4.5923875517e-01
1.7722532491e+00 -5.0759416302e-01 -8.3072734530e-01
9.0043661688e-01 -4.0378425546e-01 -1.5975899532e+00
2.0700758215e-01 -1.7207740045e-01 -3.7106982667e-01
-9.4798718024e-03 -6.5142292829e-02 -9.2015880987e-02
2.5363395007e-02 -4.6065121172e-02 6.6728377577e-02
7.3104443114e-02 -8.1589363296e-02 7.6827745558e-02
5.6342307957e-02 -1.1819966993e-01 8.7459513395e-02
7.7957387030e-02 -1.8285040275e-01 1.2027227901e-01
1.0623361304e-01 -1.6993661214e-01 1.1501750313e-01
2.3984021855e-01 -1.3711771795e-01 1.9580647604e-01
6.1588534408e-01 -2.3151451639e-01 4.3634426912e-01
8.7804707509e-01 -3.6561782933e-01 5.2979431653e-01
8.9648538554e-01 -4.9258293327e-01 4.2639325768e-01
4.9354586553e-01 -3.8212295283e-01 3.5879076797e-01
-3.0203499701e-01 -2.3660028088e-01 3.0223044700e-01
-1.2003849118e+00 -1.2271329637e+00 -6.7906255770e-01
-6.9871013445e-02 -1.7314046528e+00 -1.7135030103e+00
5.1889838896e-01 -6.3536100305e-01 -8.0873504515e-01
3.5999088605e-02 -8.4988917483e-02 -1.7249036482e-01
2.2034194557e-02 -5.9303644848e-02 7.9977637067e-02
6.0985715265e-02 -8.8653853693e-02 8.4640945684e-02
3.9183156133e-02 -1.3753539821e-01 9.8115792986e-02
6.2084808591e-02 -1.8028283365e-01 1.1487232385e-01
2.0854940445e-01 -1.2553401375e-01 2.5079886947e-01
5.8298469189e-01 -1.9229237747e-01 5.3360872988e-01
6.4506266408e-01 -2.7959759296e-01 5.1134490772e-01
3.2424407293e-01 -3.5125190527e-01 2.6897494664e-01
1.4800045793e-01 -2.6588990743e-01 2.0201328771e-01
-1.1162615206e-02 -2.6913683792e-01 2.5283599202e-01
-5.6217996775e-01 -2.0655430643e-01 1.2355640542e-01
-6.8035294103e-01 -1.5091383104e+00 6.1705802473e-01
9.8230696670e-01 -2.2335041661e+00 -1.0553450109e-01
1.2690147712e+00 -8.8606774465e-01 -1.4622879983e+00
1.7011322142e-01 -5.8914420530e-02 -5.1147035133e-01
3.3305107524e-02 -6.5973946738e-02 7.7794972776e-02
6.9644227567e-02 -8.7434383735e-02 7.2499191169e-02
5.2621694562e-02 -1.2111716728e-01 8.7856705915e-02
1.2472129868e-01 -1.7891479317e-01 2.0923432042e-01
4.0493827257e-01 -2.9734239113e-01 5.3965495783e-01
3.8060572988e-01 -2.1172296039e-01 4.0497209529e-01
-4.1817809043e-02 -5.7398428121e-02 -1.7862071757e-02
-9.4891937832e-02 -1.0943526148e-01 2.3052690999e-02
-4.3792557780e-02 1.1016825723e-02 5.7913780537e-02
-4.7473037318e-02 -1.6060268767e-01 1.5058007534e-01
-1.1166144729e-01 -2.2521754425e-01 1.5416085547e-01
-7.4500246680e-02 -1.0079325642e+00 8.3391454627e-01
5.2759137009e-01 -9.8347229980e-01 2.8960600539e-01
7.8401520750e-01 -9.8928565305e-04 -1.6809475314e+00
2.2590183376e-01 2.8417462561e-01 -1.0895472065e+00
3.8601941221e-02 -7.7039440118e-02 9.2613279803e-02
7.9839816371e-02 -1.0306082142e-01 9.2065907981e-02
5.6585781014e-02 -1.6592255696e-01 1.3405502166e-01
1.4864906876e-01 -3.5259701770e-01 3.7040442541e-01
2.2953259337e-01 -4.0701573794e-01 3.5725650981e-01
-1.1070708856e-01 -8.7657802083e-02 -1.0479733262e-01
-2.2845321061e-01 2.3496571071e-02 -3.6660666142e-02
-2.0530465417e-01 -2.8751082753e-03 6.1351076801e-02
-8.2074923991e-02 -9.5008264049e-03 1.8573877191e-02
-2.0339534089e-02 -1.2380685238e-01 7.1093444710e-02
-2.4485154519e-02 -9.5640614673e-03 -2.7811992714e-02
-1.9055669576e-01 -1.9855802324e-01 1.7874271329e-01
-2.1154589324e-01 -1.0115729126e+00 1.1960014633e+00
1.6685332962e-02 4.4484187640e-01 -6.7433954857e-01
7.1452212909e-02 7.5764346918e-01 -1.2736467454e+00
1.6041407000e-02 -6.0230926288e-02 9.4814698146e-02
4.6436799994e-02 -8.5399206314e-02 8.7391536430e-02
3.6057981906e-02 -1.7382843334e-01 1.5717693576e-01
2.7359213840e-02 -3.1088213825e-01 2.2162316627e-01
-2.1498564683e-02 -1.9494196588e-01 -1.0735057270e-01
1.1130061450e-01 1.3669623663e-01 -2.7479870351e-01
2.0404910047e-02 1.4049209282e-01 1.8198044229e-03
-1.9494531014e-01 5.9568187453e-02 4.2207818833e-02
-4.9869151075e-02 7.2375733521e-02 4.3871438050e-02
-2.3427691902e-02 -1.3156739560e-01 1.1115550462e-01
9.6782878210e-03 -7.2238782045e-02 3.6532151183e-02
-1.1275382527e-01 -2.4337555776e-01 -5.5343188335e-03
-4.9910508987e-01 -5.8876578276e-01 5.9386278129e-01
-3.4601170437e-01 7.5119709603e-01 -5.7614597696e-01
-1.4208418650e-01 8.8411410073e-01 -1.1240007131e+00
-1.3923030464e-02 -3.1579007156e-02 8.1104831005e-02
8.0672272727e-03 -3.5264638874e-02 8.0744625965e-02
-2.4415453006e-02 -7.3660424313e-02 1.0944889344e-01
-3.3589094750e-02 -9.5178263796e-02 4.7550073888e-02
1.4319750494e-02 -4.5547981804e-02 -1.5846566811e-01
1.8817862004e-01 5.2000343405e-02 -1.7294092547e-01
1.8486257898e-01 1.4790346803e-01 -2.7527846643e-01
-3.8728161363e-02 9.5165790118e-02 -4.1968958601e-02
2.3910148693e-02 6.1120574970e-02 -5.3936798722e-02
-6.7207120050e-02 -8.5647253866e-02 9.5353210423e-02
-3.8795198187e-02 -1.0850647715e-01 1.1676888098e-01
-1.6425656283e-01 -2.9773723747e-01 1.8761248573e-01
-5.7380411910e-01 -1.4000191324e-02 -2.6363897507e-01
-7.1143466985e-01 6.7621826036e-01 -9.2718950502e-01
-2.9951175000e-01 4.2802651092e-01 -6.3322146593e-01
-6.8155032194e-03 -2.3123567229e-02 6.2731254594e-02
1.2847037678e-02 -2.8508447733e-02 6.0231219297e-02
-9.3691184656e-03 -2.5795446963e-02 7.1543240197e-02
-1.6779075200e-02 -6.8006519867e-02 7.3710217205e-02
-2.2266807298e-02 -1.2925780005e-01 4.9781089201e-02
-3.4136291894e-02 -8.3520122588e-02 -7.2514755123e-02
-8.6180322258e-02 8.7856013114e-02 -2.7077304816e-01
-4.7535096237e-02 2.2577913104e-02 7.1209888892e-02
-3.7958236030e-03 -3.0409504976e-02 1.6998515945e-01
-8.2100960922e-02 -2.0554005351e-01 2.7472286572e-01
-8.5137515816e-02 -2.0388673217e-01 1.8194334575e-01
-3.5260727468e-01 -3.6232734581e-01 1.3502838852e-01
-1.0095137987e+00 -5.3224347947e-01 -2.7845961431e-01
-7.6123117026e-01 5.9798339038e-02 -6.8710398643e-01
-1.2992123831e-01 4.0944759845e-02 -2.0156908626e-01
-1.4846559245e-02 -2.6498599294e-02 5.5401449245e-02
1.2300726800e-02 -3.8601244284e-02 5.2462936088e-02
1.3646091432e-04 -3.5512416986e-02 7.0405418672e-02
-7.1210290433e-03 -4.4882109689e-02 8.0055816154e-02
8.8516950649e-03 -5.4524740801e-02 7.4254900487e-02
1.1501669837e-02 -8.7264997765e-02 -1.3388996737e-02
-6.7911886319e-02 -1.9342308198e-01 -6.1487610114e-03
2.9966561763e-02 -2.9470507711e-01 2.5132727349e-01
8.0010251437e-02 -3.8422856259e-01 4.5722831077e-01
-1.5547775204e-01 -5.9060884562e-01 4.1433114266e-01
-1.8763320297e-01 -5.3209525370e-01 2.0889497127e-01
-4.3502861496e-01 -5.7247027066e-01 -4.2338773592e-02
-7.3585424183e-01 -7.7958256297e-01 -7.3903534110e-01
-3.1442991250e-01 -2.3953825377e-01 -5.8815075460e-01
-3.7617419938e-02 -4.4978380852e-02 -9.3887551342e-02
-2.3387337177e-02 -2.2975274036e-02 5.5435676576e-02
1.2940498652e-02 -4.6128783412e-02 5.6450406085e-02
-4.2926099915e-03 -4.3017450722e-02 6.8811115334e-02
-9.5533222309e-04 -4.7328748144e-02 8.3155678578e-02
-6.1009390060e-03 -4.7062626455e-02 1.0557864328e-01
-4.9457148527e-02 -1.0725917456e-01 1.0596811251e-01
-1.3040205084e-01 -2.7857104606e-01 2.4090238253e-01
-9.8491373531e-02 -4.8464754934e-01 5.6237976737e-01
-1.1159494159e-01 -7.4423147249e-01 6.9614987665e-01
-3.8655824525e-01 -9.6593217928e-01 5.8395895559e-01
-5.1552776835e-01 -1.0207298171e+00 2.8540013829e-01
-7.7550012390e-01 -1.2132610409e+00 -1.5683570999e-01
-4.5355426888e-01 -8.3957751449e-01 -6.4131428102e-01
-9.7781105477e-02 -2.2471219302e-01 -3.2813251490e-01
-4.4809531840e-02 -3.9077344140e-02 -4.7948168119e-02
-2.3182149392e-02 -2.4427291876e-02 5.7956926376e-02
5.7497566024e-03 -4.1675004278e-02 5.5747732371e-02
2.2829827158e-03 -4.9593743625e-02 7.3297740697e-02
-1.1185073105e-02 -5.6624745498e-02 8.4589424444e-02
-2.2397656466e-02 -5.6649856026e-02 1.0672089348e-01
-3.1756963898e-02 -6.5827170190e-02 1.3514978389e-01
-5.7906282645e-02 -1.7724493858e-01 2.0298862698e-01
-1.8122941626e-01 -4.1133519749e-01 3.7953637400e-01
-2.4328595425e-01 -7.3512676209e-01 5.5597524000e-01
-3.6505063789e-01 -1.0334375891e+00 5.1755445458e-01
-4.7298634084e-01 -1.1344643627e+00 1.9974591307e-01
-6.6728523566e-01 -1.0546741811e+00 -1.1793311510e-01
-2.9483634821e-01 -4.5888866371e-01 -2.2862766375e-01
-5.2413943355e-02 -1.1249314196e-01 -1.0673838085e-01
-4.4898536752e-02 -4.8261889547e-02 -3.1250428412e-02
-1.6428800715e-02 -2.3904845702e-02 6.4763548328e-02
1.0360378552e-02 -3.2162337768e-02 5.8516536502e-02
-8.6349800618e-03 -3.4219894159e-02 7.0745787466e-02
-3.1254204666e-02 -4.0246481537e-02 7.2516719189e-02
-2.0290110121e-02 -4.0178701656e-02 8.4355829558e-02
-2.7584773507e-02 -4.4256905438e-02 8.8592589545e-02
-2.3175273744e-02 -6.9065883604e-02 1.2678085326e-01
-9.5112954327e-02 -1.5096023057e-01 1.5850835153e-01
-1.4470939240e-01 -2.9782938489e-01 2.2197165491e-01
-1.9950206871e-01 -3.9701146425e-01 1.9351438620e-01
-2.0769834128e-01 -4.7842456528e-01 7.2440950840e-02
-2.8886336138e-01 -3.8610603524e-01 -2.9294779470e-02
-1.5551598850e-01 -1.8182380125e-01 -9.0098626050e-02
-5.7669230727e-02 -7.1680718811e-02 -1.0701549534e-01
-6.7234687045e-02 -3.6017111621e-02 -5.6350347743e-02
-1.7493827252e-03 -3.5118366996e-02 6.7273627230e-02
2.3709551271e-02 -5.2509543933e-02 5.3746526957e-02
1.3168162117e-02 -5.4808658989e-02 7.8862653968e-02
-6.5488501168e-03 -6.2106087758e-02 8.0478033209e-02
1.1539001783e-02 -7.2123461669e-02 9.3538319169e-02
-1.7979720754e-03 -8.8347655019e-02 9.1267650051e-02
1.2551052217e-02 -9.9634715928e-02 1.2230411875e-01
-1.8801629083e-02 -1.1447388415e-01 1.1943676555e-01
-1.2849165478e-02 -1.4485981208e-01 1.3008207777e-01
-3.8407997546e-02 -1.7011805801e-01 1.0177258529e-01
-1.9157918879e-02 -1.8403552124e-01 9.4285881959e-02
-9.0572812794e-02 -1.7402415622e-01 1.4650317770e-02
-7.2072076883e-02 -9.0763930753e-02 -4.7231680614e-02
-3.2292983901e-02 2.0453336122e-03 -1.1332252283e-01
-3.5359786017e-02 -3.7701673229e-02 -4.5062231185e-02
1.5335527827e-02 -2.2107706748e-02 2.8989753258e-02
4.5216989881e-02 -3.1172180988e-02 3.6576501867e-02
2.8565954380e-02 -5.2430767671e-02 4.1691902499e-02
3.4079275087e-02 -5.6773783970e-02 5.0973851610e-02
3.8131452202e-02 -6.9352496264e-02 4.2759656496e-02
4.2036485445e-02 -6.5630372024e-02 3.3361326746e-02
5.7289883215e-02 -9.0295647202e-02 3.3039643195e-02
1.3626799013e-02 -9.3268307776e-02 3.5930660806e-02
2.1355300061e-02 -1.1157893911e-01 4.1706045885e-02
7.9572334233e-03 -1.1467403798e-01 4.4715474886e-02
2.3194700187e-02 -1.4647929720e-01 6.3477824833e-02
-4.6514923270e-02 -1.3340508918e-01 3.5838792836e-02
-3.5616833250e-02 -8.9249889850e-02 6.1216781843e-02
-1.5850299116e-03 -6.0368718008e-02 6.0585337868e-03
-1.7251257631e-02 -5.0531463406e-02 -3.9896197966e-02
1.8963812658e-02 -1.9828830893e-02 2.2937286713e-02
3.8474944963e-02 -4.0701162038e-02 3.0113178537e-02
3.5108683447e-02 -5.4760121595e-02 3.7056867714e-02
4.8077272973e-02 -7.4078367749e-02 3.9603013641e-02
3.8682017791e-02 -8.4361812485e-02 3.7802891111e-02
3.5405424094e-02 -8.0887119196e-02 2.7444726434e-02
3.6827761430e-02 -9.8775512117e-02 2.6916392657e-02
2.9022833561e-02 -1.0967618416e-01 2.3569300266e-02
2.3731726727e-02 -1.2463415688e-01 3.0203295813e-02
1.3665831566e-02 -1.1568676335e-01 2.7621409390e-02
1.0459652688e-02 -1.3976636268e-01 4.7334341741e-02
-1.3309497888e-03 -1.5350097271e-01 5.0013415229e-02
2.0813481298e-02 -1.3829184602e-01 8.8371057194e-02
3.6855103812e-02 -8.8589863816e-02 2.8540031820e-02
3.7332881340e-02 -5.0181198944e-02 -2.2646260418e-02
1.3439916426e-02 -2.3154079571e-02 1.0605716923e-02
4.6788804512e-02 -5.6714159647e-02 2.1558417778e-02
4.0791472098e-02 -7.3528953720e-02 3.0947371122e-02
5.5943339284e-02 -9.5835270224e-02 3.6397095581e-02
6.4032957385e-02 -1.0515462086e-01 4.4273754912e-02
4.7087683670e-02 -8.2438472366e-02 2.7654475914e-02
4.6986349161e-02 -9.6036271419e-02 2.4915960243e-02
3.7502992043e-02 -1.1619790791e-01 1.6726385164e-02
4.8287710200e-02 -1.3739699340e-01 2.1763198056e-02
6.9094618119e-02 -1.3734723160e-01 3.2929585403e-02
2.5054288514e-01 -2.0733184436e-01 1.1954660217e-01
4.5069609028e-01 -2.5176127642e-01 -2.0151719675e-02
1.9933191683e-01 -1.7692443413e-01 -6.2209327183e-02
7.5559941890e-02 -8.8930618444e-02 -1.6139766759e-02
1.2793750604e-02 -3.6841992685e-02 -5.8567393598e-02
2.7902108362e-02 -3.0990659986e-02 1.6655331890e-02
6.5594588433e-02 -7.6424501332e-02 3.1611089829e-02
5.2178221985e-02 -9.3393402115e-02 3.8134238462e-02
6.0311342165e-02 -1.1402300877e-01 4.6249088199e-02
5.3589332698e-02 -9.1709942880e-02 3.6802599581e-02
5.5794910769e-02 -9.5690429044e-02 3.3788898085e-02
6.0315948664e-02 -1.3062256364e-01 4.3321355925e-02
8.3512462100e-02 -1.8404850427e-01 5.8258145964e-02
1.5659873247e-01 -2.5055964347e-01 1.1044305914e-01
3.0959917421e-01 -3.0248991997e-01 2.3341600590e-01
1.2065737523e+00 -6.1138892444e-01 5.2521061468e-01
1.7332953145e+00 -7.6778936570e-01 -5.8004387964e-01
6.3781985612e-01 -3.3335792133e-01 -1.1355030485e+00
1.0476935797e-01 -1.0398683499e-01 -2.0637437177e-01
4.5738717819e-03 -5.1997695324e-02 -7.7346209632e-02
1.9979538765e-02 -3.7885879047e-02 3.0977701512e-02
6.4028852094e-02 -7.4823426947e-02 3.6831019709e-02
5.0100483896e-02 -9.8729583992e-02 5.2209815473e-02
4.8746671250e-02 -1.1099731449e-01 5.0562894049e-02
3.6511629716e-02 -1.0041237141e-01 4.4095842243e-02
5.7131042934e-02 -1.1816343818e-01 4.1486000940e-02
9.6337866618e-02 -2.0399023223e-01 7.2143813908e-02
1.1495800215e-01 -3.0382710715e-01 9.3277310689e-02
2.4536380615e-01 -5.2092288613e-01 2.4970100261e-01
3.0647063240e-01 -4.1221305858e-01 3.9992460828e-01
1.0115714642e-01 -1.2948853506e-01 2.6404486201e-01
-5.7595684969e-01 -4.3608363202e-02 -1.1734812448e+00
-4.0392606581e-01 -5.8600303941e-02 -1.8895463985e+00
1.1212902220e-01 -1.8471548676e-01 -3.9617579829e-01
8.9813464572e-03 -6.6624191467e-02 -9.3528834585e-02
2.9513947757e-02 -5.4249008549e-02 5.2291880850e-02
6.6482097710e-02 -7.9681569215e-02 5.0313357113e-02
4.0658671569e-02 -8.6815308485e-02 5.0785655437e-02
2.9001818362e-02 -1.1968448375e-01 4.7996356988e-02
1.9302182254e-02 -1.3730217340e-01 6.5296362861e-02
4.5789924353e-02 -1.7889769850e-01 6.0270971158e-02
-1.2655208159e-02 -2.2512525925e-01 4.9843186915e-02
-8.7579342585e-02 -2.6232245291e-01 5.2978602879e-02
7.5096503811e-02 -3.1678007229e-01 1.1743663111e-01
8.0685726671e-02 -2.7170928474e-01 3.1093414707e-01
-6.7671802456e-01 5.6339866184e-01 -1.1313546853e-01
-1.1898607863e+00 6.6520023560e-01 -4.6556411887e-01
-1.7241047269e-02 -3.6033491047e-01 -3.8342498438e-01
6.8545804500e-01 -7.8517190351e-01 -3.8324297461e-01
1.3312379159e-01 -1.3823817530e-01 -2.5200980192e-01
3.6143148268e-02 -6.3449875355e-02 5.0873201970e-02
6.9514385098e-02 -9.2210275785e-02 5.3491475014e-02
3.9346147759e-02 -1.0499376363e-01 5.7133403329e-02
4.0050459468e-02 -1.4405827045e-01 7.3900940834e-02
1.2478183461e-02 -1.8354184056e-01 8.8356816283e-02
-2.9386322760e-02 -1.5831232185e-01 -4.2611259601e-03
-1.5451824280e-01 -9.6891333903e-02 -5.7302432659e-02
-1.4226675611e-01 -3.6055288197e-02 3.9508957389e-02
-1.3647151249e-01 2.5444487861e-01 -2.1763677014e-01
-3.0632887097e-02 1.6307281952e-02 -4.1530269789e-02
-1.7508552774e-01 3.3120508245e-01 -6.2286056908e-02
-1.5708265173e-01 4.7342211464e-02 1.9247577053e-01
6.9465093268e-01 -1.4710594143e+00 9.1592189001e-01
1.2661665416e+00 -1.4379692889e+00 -5.7869729072e-01
4.8763509831e-01 -1.2387034149e-01 -9.2419698107e-01
4.3211000643e-02 -7.3828435158e-02 6.0914151768e-02
7.4333278907e-02 -1.0043854605e-01 6.8442854088e-02
3.7584777171e-02 -1.1857050951e-01 7.1212220106e-02
2.6507446297e-02 -1.6494180429e-01 9.9639962800e-02
-2.1065163624e-02 -1.6026466039e-01 6.8524347049e-02
-7.8565791081e-02 -1.0579892108e-02 -2.4704610698e-02
-9.3109781642e-02 -1.1823159137e-02 5.8084528089e-02
-6.6105907459e-02 8.0363986170e-02 -1.1651406701e-01
-1.4655950951e-01 3.8438723782e-01 -2.1780744963e-01
-9.1403267058e-02 2.2647917321e-01 -3.4435589189e-02
-6.4979943972e-02 1.1151338631e-01 9.6987829163e-02
-3.5473492023e-02 -3.5229673584e-01 4.4057950617e-01
1.6400311771e-01 -1.5059914015e+00 1.4487720534e+00
7.2947890951e-01 -8.5027453050e-01 -2.5618300395e-01
5.7046495680e-01 3.1326256516e-01 -1.9415673517e+00
1.9374421082e-02 -5.7060457309e-02 5.6485411107e-02
4.8561782992e-02 -8.5871492640e-02 6.4549342829e-02
2.7324082219e-02 -9.0760148752e-02 5.7978795274e-02
4.1700785033e-03 -1.1407841538e-01 7.3637037827e-02
-1.5938659303e-02 -9.0234707065e-02 4.6623102578e-02
2.5829138286e-02 -1.0334660670e-02 6.1386058924e-02
-1.2945720326e-01 -4.8003568800e-02 1.4848268519e-01
-1.7600622955e-01 2.2359983687e-01 -6.4391305899e-02
2.1160045860e-03 4.3847097170e-01 -1.3116027328e-01
3.5874634742e-02 2.0542633865e-01 9.1031762635e-02
6.7557156104e-03 3.8069751721e-02 5.8896441215e-02
-9.5819260558e-02 -2.0795975850e-01 1.7549547057e-01
-7.5867730944e-02 -2.9836853497e-01 8.0183930687e-01
-1.1505168546e-01 2.2641647308e-01 -3.0977470493e-01
-3.8662114722e-01 7.1414524794e-01 -2.4258677172e+00
-8.9321072860e-03 -3.2336383549e-02 4.7622156438e-02
1.2035944547e-02 -4.3291720187e-02 5.9374529212e-02
-1.1309204459e-03 -4.5064388751e-02 5.5075732005e-02
-2.8983852609e-03 -5.3217647514e-02 6.4022057047e-02
3.0293619150e-03 -6.6986732705e-02 6.1994865993e-02
7.1530162454e-02 -9.6317698047e-02 3.9335916682e-02
3.7483474725e-02 -4.9925488518e-02 1.0946010816e-02
-4.9050541986e-02 2.1242001606e-01 3.9594391031e-02
5.7618856964e-02 2.1473983590e-01 -2.3530039917e-01
3.3274389957e-02 -5.5777730358e-02 1.2541098599e-01
1.5101560715e-02 -2.6187966539e-01 1.4620375018e-01
-1.3325781595e-01 -4.0785258793e-01 5.9604962128e-02
-6.7716836934e-01 -6.9843344740e-03 -2.4175884476e-01
-1.3963567362e+00 2.8061696034e-01 -1.1305621707e+00
-9.9558823339e-01 3.5154341748e-01 -1.4935254306e+00
-1.5155571873e-03 -2.5523282830e-02 4.0371832257e-02
1.8078680187e-02 -4.2205355142e-02 4.1791285079e-02
3.8016794591e-03 -4.3077579447e-02 4.2724635362e-02
1.1534198205e-02 -4.5464492510e-02 5.6000520479e-02
-5.5454876714e-03 -5.6766049455e-02 5.9038773409e-02
-4.7019318391e-03 -7.9620194091e-02 2.8114810446e-02
-5.2602581329e-03 -3.0246263292e-02 2.2858600362e-02
-1.9688626722e-02 1.2753642968e-02 1.4084718329e-01
8.9041862055e-03 -2.2013881387e-02 7.4333549355e-02
2.4145579366e-02 -2.1156077190e-01 4.3205450330e-01
-2.6151684366e-01 -5.6956122348e-01 3.9380265467e-01
-6.3803452845e-01 -8.7454916442e-01 5.9437638411e-02
-1.3426718765e+00 -6.3657214803e-01 -5.7657572750e-01
-1.4262179514e+00 -1.7676897065e-01 -8.4372240402e-01
-3.8771082720e-01 1.6391643099e-02 -3.2640792542e-01
-5.9761645596e-03 -2.7705727329e-02 3.4044767375e-02
1.7059351028e-02 -4.5647585259e-02 3.3564412788e-02
7.2708057412e-03 -5.3245738599e-02 4.1787004237e-02
9.0461840715e-03 -5.4960562462e-02 4.9245501383e-02
6.8382420370e-03 -5.8145066511e-02 4.9468500030e-02
-1.2077761741e-03 -5.5096061271e-02 4.2126377974e-02
1.1202703335e-02 -7.4054150026e-02 4.4264820468e-02
5.9447799335e-03 -1.3838539164e-01 1.0204338773e-01
-4.8400018953e-03 -2.6614311825e-01 3.4078608244e-01
-1.1110697561e-01 -5.9618893564e-01 5.6875156704e-01
-5.1224231062e-01 -9.5987249232e-01 3.1967469131e-01
-8.8143199599e-01 -1.0231085672e+00 -1.0356745959e-01
-6.6937274838e-01 -6.0460872775e-01 -3.5600169761e-01
-3.3718142381e-01 -1.4930339328e-01 -2.3227887759e-01
-5.7600968539e-02 -2.6500720990e-02 -4.9841692014e-02
-1.0905813733e-02 -2.1174910808e-02 3.4556533409e-02
1.9312352305e-02 -4.9305117001e-02 4.3413020289e-02
8.1205003098e-03 -5.3444433985e-02 4.6066830148e-02
1.0192118171e-02 -5.5803902321e-02 5.2624032772e-02
8.2134485994e-04 -5.4361037093e-02 6.1940612269e-02
-6.5273342826e-03 -4.7419458555e-02 6.8894574719e-02
-1.3932070399e-03 -7.9727242941e-02 9.9458363955e-02
-2.3616756889e-02 -1.3607210462e-01 1.4861379691e-01
-2.2491760306e-02 -2.9662050799e-01 2.6408878109e-01
-1.5012091502e-01 -5.7842690060e-01 3.5754779092e-01
-3.3730141344e-01 -8.9531020438e-01 2.5072319186e-01
-5.0948007598e-01 -8.2213287669e-01 -4.3976693344e-02
-2.1801674200e-01 -3.7405182117e-01 -1.2425227360e-01
-9.2544527838e-03 -8.5322346978e-02 -4.5652243628e-02
-2.6183467642e-02 -2.8481589250e-02 -4.6417290289e-02
-1.7672175643e-02 -2.1086773002e-02 3.3780022632e-02
1.0956621631e-02 -4.7131220858e-02 4.2138506080e-02
-3.0954850520e-03 -5.7789138123e-02 5.2609885936e-02
-1.0123947973e-03 -6.0758579266e-02 5.2340718589e-02
-2.3850575120e-02 -5.4322571039e-02 5.8785470022e-02
-2.5644574801e-02 -5.5343253368e-02 7.7291463855e-02
-6.9584110690e-03 -7.7278641808e-02 9.8290167440e-02
-4.0942753730e-02 -1.0517733122e-01 1.0769103636e-01
-4.7439229513e-02 -1.8533835458e-01 1.1568892792e-01
-1.2471988547e-01 -2.9231762779e-01 1.4594702888e-01
-1.4134188419e-01 -4.0045500784e-01 1.4809657239e-01
-2.0998061277e-01 -3.2340675920e-01 5.3533260883e-02
-7.8924136873e-02 -1.5784533301e-01 2.4251432079e-02
-7.4674720229e-03 -6.0654311980e-02 -2.3267499460e-02
-3.5883290158e-02 -4.5177621776e-02 -4.3204331064e-02
-9.9962128226e-03 -2.0260695873e-02 4.3304951888e-02
1.1028033229e-02 -3.6815980828e-02 4.5631062099e-02
-4.2180940745e-04 -4.1481890017e-02 5.2407462026e-02
-3.9321282495e-03 -4.8387902029e-02 5.7471634342e-02
-1.3816115211e-02 -4.6942323369e-02 6.1222629294e-02
-1.1302765262e-02 -5.4630186020e-02 7.0696059391e-02
6.1426106821e-03 -6.1758727814e-02 8.2148853349e-02
-2.0673543824e-02 -7.0499964983e-02 8.5923441104e-02
-8.8972373620e-03 -9.0544342647e-02 8.4102273279e-02
-4.0338415903e-02 -1.1449874916e-01 7.7430825280e-02
-1.6289134203e-02 -1.7178271621e-01 9.3813506157e-02
-8.4341661275e-02 -1.4707600657e-01 7.4327897973e-02
-9.0592325857e-02 -1.3698077846e-01 5.9048921652e-02
-2.9855392405e-02 -7.9362694914e-02 -1.6948595964e-02
-4.2704913266e-02 -4.1057429015e-02 -6.6143295044e-02
9.0415178597e-03 -3.2390883664e-02 5.0262115277e-02
3.2103308598e-02 -5.1986497549e-02 4.0087785884e-02
2.3721560901e-02 -5.5491544603e-02 5.1480846462e-02
1.4012125879e-02 -5.8764036355e-02 5.3525562777e-02
1.2524499959e-02 -6.3433802335e-02 6.3562218993e-02
5.5115322635e-03 -7.8302536820e-02 7.4582848259e-02
2.1637885355e-02 -8.4028549025e-02 8.3480834559e-02
-2.5778108264e-03 -9.4955998772e-02 8.7698614738e-02
1.8788392873e-02 -1.0380280625e-01 9.1459420594e-02
-4.1633974960e-03 -1.2330535465e-01 8.2266804559e-02
5.2045160253e-03 -1.4553008068e-01 8.9028995768e-02
-6.0713483799e-02 -1.4487452179e-01 7.0413322875e-02
-6.5512413813e-02 -1.1471853021e-01 5.2177915531e-02
-2.7529777295e-02 -4.2185363579e-02 -4.2862634351e-02
-3.1332447283e-02 -2.1045705866e-02 -5.1620579081e-02
3.2640596886e-03 -1.3536865911e-02 1.2808674138e-02
2.9269038775e-02 -1.8972898285e-02 1.5428275957e-02
1.7686066615e-02 -3.5269517440e-02 2.7322602928e-02
1.5985617571e-02 -4.1167812917e-02 2.8565618348e-02
2.3091328728e-02 -4.3106605449e-02 2.1283571211e-02
2.5554429535e-02 -4.8144169522e-02 5.4000026304e-03
4.2705072751e-02 -6.9912793894e-02 1.5084910925e-02
-1.0698328270e-03 -7.8142791637e-02 1.7053809373e-02
1.5081013120e-02 -7.9420396292e-02 2.7091727227e-02
-1.0551392825e-02 -7.8168828109e-02 2.0338552005e-02
1.2557619388e-02 -1.0376411702e-01 5.2599454715e-02
-5.8653605032e-02 -1.2020401253e-01 4.3467958899e-02
-5.4314822941e-02 -9.2898829163e-02 7.8959449042e-02
-5.7868415245e-03 -5.2599643022e-02 2.3395246462e-02
1.4659549462e-02 -6.1668044781e-02 3.5491793497e-04
1.1470600099e-02 -8.2193568616e-03 2.6713166481e-03
3.6280268920e-02 -3.3107216254e-02 8.0393658691e-03
3.1013008520e-02 -4.0410395105e-02 2.0201610241e-02
4.0084824455e-02 -5.9265348954e-02 1.7955534366e-02
3.4219382415e-02 -6.1691487174e-02 1.5663267739e-02
3.6465253728e-02 -7.5112642721e-02 9.2706195590e-03
3.8988779291e-02 -8.5829006365e-02 1.2431964432e-02
2.1170551360e-02 -1.0752710492e-01 7.3430588987e-03
2.5736135074e-02 -1.0694472336e-01 1.4528586763e-02
2.1558790494e-03 -1.0002781474e-01 1.4508982603e-03
2.6278280562e-03 -1.1201435506e-01 2.6794078354e-02
-3.0921531035e-02 -1.2363223219e-01 2.7945287255e-02
3.5232578156e-03 -1.3283648130e-01 8.4781790701e-02
3.4117399820e-02 -7.9405523741e-02 2.3315949905e-02
4.4945805277e-02 -5.6424756185e-02 4.1252949033e-03
3.9578282158e-03 -6.7645359524e-03 -6.2627309186e-03
3.9906200008e-02 -3.9289436838e-02 7.0107144509e-04
3.2844509319e-02 -4.9007476893e-02 1.5488180444e-02
5.0264556554e-02 -7.1433746684e-02 1.8892848918e-02
5.0127078989e-02 -6.7353316001e-02 2.0141915220e-02
4.8082295292e-02 -6.8393605880e-02 1.2759317874e-02
5.4981360665e-02 -7.9747174996e-02 2.3647024954e-02
2.9059695097e-02 -8.5721204513e-02 9.7276220273e-03
4.0206590436e-02 -9.7936791486e-02 1.3298078715e-02
2.5869313112e-02 -8.6342050151e-02 -1.1685559241e-02
7.3540931898e-02 -1.1920166713e-01 5.0681632663e-02
1.0694464078e-01 -1.5637043930e-01 1.9711864767e-02
7.5404098484e-02 -1.4345766911e-01 4.1329486843e-02
4.2292690285e-02 -4.6767734574e-02 -8.1954290170e-03
3.1129089140e-02 -3.8190552223e-02 -2.5306748953e-02
1.1467644710e-02 -1.1946543106e-02 -3.5945392098e-03
5.6214519804e-02 -5.6235537225e-02 1.5992769899e-02
4.5442851692e-02 -6.8357414768e-02 2.2312013469e-02
5.9821366559e-02 -8.8728329921e-02 2.4629294335e-02
5.1086355404e-02 -6.5656109572e-02 1.8039973441e-02
5.7767221427e-02 -7.2337646744e-02 1.7519829506e-02
6.7340511932e-02 -9.5488068118e-02 2.8779548363e-02
5.7285532121e-02 -1.2274393683e-01 3.0148963831e-02
7.2660994620e-02 -1.3706230111e-01 4.1001049649e-02
1.1963758939e-01 -1.7444532110e-01 7.2111950378e-02
5.4780089109e-01 -4.7627815276e-01 3.2518709661e-01
1.0478447514e+00 -7.4646176367e-01 -6.5865672614e-02
5.0303452197e-01 -3.2570028701e-01 -4.0751123309e-01
8.3453334127e-02 -6.3643004002e-02 -9.6819160357e-02
2.0582497133e-02 -5.4123869695e-02 -5.2680736443e-02
1.6005449811e-02 -2.0859815530e-02 1.5881096531e-02
6.6452312226e-02 -5.0311389539e-02 3.1216253617e-02
5.0710221092e-02 -6.5176988432e-02 4.1757657220e-02
5.6821366767e-02 -8.3214898380e-02 4.4759496996e-02
4.2567517256e-02 -5.4608761213e-02 4.0859294861e-02
6.3996802838e-02 -7.8754400676e-02 3.9995944180e-02
8.0291392602e-02 -1.2234527589e-01 6.4565617737e-02
5.0896510515e-02 -1.4357165915e-01 5.7421030784e-02
1.0479987684e-01 -2.2454408848e-01 1.3186145644e-01
2.1141940737e-01 -3.1006331509e-01 2.8249876188e-01
6.6617882640e-01 -7.5295601100e-01 6.2132760563e-01
9.7842675742e-01 -8.9563688035e-01 -4.0928520268e-01
6.4999046548e-01 -2.1315293886e-01 -1.5080259268e+00
1.4198902721e-01 -3.8865199297e-02 -3.5276182497e-01
1.6384696587e-02 -4.8663532952e-02 -5.5776892693e-02
2.2907674746e-02 -3.9043781346e-02 2.5047790926e-02
5.6022674263e-02 -5.8374389901e-02 2.5503605141e-02
3.6928501116e-02 -7.1480384961e-02 3.7431207559e-02
2.8686135804e-02 -8.3849501329e-02 3.1318956109e-02
3.5047040316e-02 -7.3685913797e-02 4.3868078288e-02
4.0676780748e-02 -9.5378421441e-02 4.2052176493e-02
4.8337515697e-02 -1.3602820440e-01 7.3870762171e-02
3.4587285049e-02 -1.9367283119e-01 7.5986577831e-02
5.6004649283e-02 -2.9513532210e-01 1.1183737945e-01
1.9021640059e-02 -2.0845376078e-01 2.3383307175e-01
5.5415004766e-02 -2.2149811841e-01 3.2778019186e-01
-4.4991785201e-02 1.9896155129e-01 -3.6497638102e-01
2.3292484912e-01 9.7134498863e-01 -1.7002418361e+00
3.3777383436e-01 2.3204159473e-01 -7.7737655570e-01
5.6713411007e-02 -3.2911870686e-02 -1.1306114494e-01
3.5491291806e-02 -5.2647707669e-02 3.3874818193e-02
7.3208110035e-02 -7.3160612450e-02 3.9577350863e-02
5.1949232680e-02 -9.6430868734e-02 5.7178859490e-02
5.8629617812e-02 -1.2117848426e-01 7.4978720787e-02
4.6077963808e-02 -1.0070577143e-01 7.4787389713e-02
5.3073678202e-02 -1.1227815175e-01 7.5301972575e-02
5.7798680697e-02 -1.5137128279e-01 1.0907495541e-01
2.9701095247e-02 -1.6571528582e-01 1.0944493007e-01
-6.9462449849e-03 -1.7593334481e-01 1.6577406656e-02
1.8497558609e-02 2.0921893952e-03 1.2356202790e-01
6.0728955331e-02 7.7904131934e-02 1.3826348084e-01
-7.5230197175e-02 7.6386127758e-01 -1.3426458553e-01
3.3894617641e-01 1.7325280446e+00 -8.8393097217e-01
8.2373806899e-01 6.4235161347e-01 -9.8930878944e-01
3.4716616619e-01 6.6227274479e-04 -3.9769320393e-01
3.1163982569e-02 -5.6763819015e-02 3.3757388976e-02
7.6659853753e-02 -8.4027615807e-02 5.1510505255e-02
3.9698566160e-02 -9.7458510281e-02 5.6553951620e-02
3.8083120081e-02 -1.1439708303e-01 7.5629029107e-02
3.3457947429e-02 -8.6731146732e-02 7.6889923790e-02
3.8866819928e-02 -9.8439394913e-02 7.9270912320e-02
5.8841139965e-02 -1.4981581887e-01 1.0088150868e-01
3.4017435519e-02 -8.5115291923e-02 2.7294088664e-03
-4.7880792812e-02 -2.3287655737e-03 7.2446749806e-02
-4.1975958420e-02 2.3140983205e-01 2.3706714441e-01
-2.6563591401e-02 -1.1128766702e-01 3.0590769867e-01
4.3245761616e-02 2.5561370391e-01 1.9921697022e-01
3.8670329989e-01 1.1582749052e+00 1.2408792930e-01
1.0592392943e+00 3.5048693435e-01 -4.1118601936e-01
6.8678154866e-01 -2.4848965321e-01 -1.3096403138e+00
1.5838949479e-02 -4.6414256327e-02 3.8841123679e-02
5.6550267487e-02 -7.3536965753e-02 5.1556679609e-02
3.0042989136e-02 -8.0735978566e-02 5.3493130272e-02
3.2276127656e-02 -8.9861167328e-02 6.3549956828e-02
1.2234483057e-02 -6.7050249241e-02 6.6091387394e-02
1.2774810687e-02 -8.4859900088e-02 8.0107999707e-02
-6.8663171558e-03 -1.2592058718e-01 1.0953170534e-01
-1.2112001624e-02 -5.3882110379e-02 -9.8078612514e-03
5.7026624409e-02 3.3294768971e-02 9.9725639557e-02
6.8258602061e-02 1.4718668506e-01 3.4306358715e-01
-1.1931321033e-01 -3.0913618404e-01 2.9383566699e-01
-7.2606286393e-02 -4.5989573940e-01 5.3500585639e-01
1.0082166027e-01 1.2665252059e-01 6.9144460307e-01
-8.7690141589e-02 -4.5635739310e-01 -1.8239781836e-01
-3.9132826746e-01 -5.8035770480e-01 -2.1160453833e+00
-1.1501364972e-02 -2.0805186495e-02 3.3656277270e-02
1.5174257759e-02 -3.5501016191e-02 4.7902864553e-02
-3.5252523098e-03 -3.6456536914e-02 4.7136541713e-02
-3.9512523108e-03 -3.3526054744e-02 4.5545348972e-02
-1.1260952262e-02 -3.8148908972e-02 5.1096337010e-02
-7.8093192893e-03 -4.7926762286e-02 4.2913060321e-02
-8.9801343975e-03 -5.0425669894e-02 7.1236321432e-02
-3.6418297632e-02 -3.0155046335e-02 3.2853797502e-02
2.2467386011e-02 -7.4974165771e-02 2.3859285571e-02
6.4522188552e-02 -1.4873928742e-01 2.2489550944e-01
-8.9990316318e-02 -7.4025470097e-01 2.8297687772e-01
-3.3909449557e-01 -1.0162614842e+00 5.4733039246e-01
-1.1129938562e+00 -9.2592465182e-01 3.6457647394e-01
-1.9845809683e+00 -1.1965335064e+00 -8.4792484785e-01
-1.1412298777e+00 -4.8198886810e-01 -1.3666388842e+00
-1.7985769200e-03 -1.8818108214e-02 2.4761710036e-02
2.3081745155e-02 -3.4979248411e-02 2.8223207802e-02
9.5770693912e-03 -3.6624999651e-02 3.2093517477e-02
1.5514540344e-02 -4.8134031202e-02 3.4303404205e-02
4.4235749572e-03 -4.1114864906e-02 3.3682938799e-02
3.5410766563e-03 -5.0544899571e-02 2.9154764254e-02
2.2375006597e-03 -5.1511576234e-02 5.0804109200e-02
-1.3796790929e-02 -6.9160241496e-02 5.1521731203e-02
-2.3622208469e-03 -1.2553473920e-01 5.5301961903e-02
9.8379361786e-02 -2.1244238488e-01 2.0760718457e-01
-1.3181083868e-01 -7.3212734772e-01 3.4876583459e-01
-6.3807608491e-01 -1.1498660529e+00 3.1233721858e-01
-1.2779645166e+00 -9.0146953874e-01 2.2902916821e-02
-1.3238381223e+00 -6.3169242610e-01 -4.5030615146e-01
-3.5123937971e-01 -1.4761612018e-01 -2.3072485117e-01
-6.4765566515e-03 -1.8056121938e-02 2.0821220485e-02
2.5159012426e-02 -3.1690248909e-02 2.3033582776e-02
1.5774687086e-02 -4.1762948088e-02 2.9491090766e-02
1.8806822457e-02 -4.4985838520e-02 3.2286419574e-02
1.3806785206e-03 -4.5957362196e-02 3.6497569486e-02
4.9864708598e-03 -4.8471205665e-02 3.5442771880e-02
1.3479178463e-02 -6.2666321231e-02 5.2666349763e-02
-1.1365923288e-02 -7.2499805356e-02 4.5161535213e-02
-1.7070171353e-02 -1.1305224084e-01 8.3134247659e-02
-5.3310541438e-02 -1.8878587939e-01 1.3816993278e-01
-1.6241271894e-01 -3.8752994852e-01 1.9383434033e-01
-3.8634664605e-01 -5.0654486079e-01 7.0844633422e-02
-2.7953576924e-01 -2.8120943801e-01 4.3697381850e-02
-1.7648270185e-01 -9.9229286178e-02 -2.1311792621e-02
-1.9050254357e-02 -2.3883488671e-02 -1.8781498861e-05
-1.6584960294e-02 -1.1613633520e-02 2.0233159659e-02
2.4575565950e-02 -3.9543190074e-02 2.9369594254e-02
5.7332863303e-03 -4.3913056818e-02 3.0074910539e-02
1.1859540821e-02 -4.5106607318e-02 3.3110065092e-02
-2.6932413310e-04 -4.1545378803e-02 3.8045506325e-02
4.7654842994e-03 -4.7336649687e-02 4.5564848556e-02
4.5494535497e-03 -5.9281985418e-02 6.8296615038e-02
-1.4415578130e-02 -6.3117878614e-02 6.0748074084e-02
2.2449866459e-04 -8.3252999061e-02 6.9087522476e-02
-3.5071323619e-02 -1.2594549486e-01 4.2811494798e-02
-3.2492729522e-02 -1.9799020728e-01 7.1531227338e-02
-8.6729866964e-02 -1.7272126659e-01 4.2528829065e-02
-2.2247187001e-02 -8.1579340051e-02 5.6965082359e-02
1.4978445690e-02 -1.7377616997e-02 5.5841515389e-03
8.7144858642e-05 -2.9051354897e-02 -2.0411837398e-02
-1.6609007640e-02 -9.7213140059e-03 2.4938658891e-02
2.6326168805e-02 -2.9941380367e-02 3.1273868363e-02
5.2385309734e-03 -3.8966333144e-02 3.7704633913e-02
1.2116835066e-02 -4.7124656165e-02 4.3841964325e-02
-6.3711889773e-03 -3.8549188789e-02 5.0793610466e-02
-8.8581822411e-04 -4.2177182026e-02 6.0833654947e-02
1.3219238899e-02 -6.1972795961e-02 8.3575573976e-02
-1.4651553493e-02 -7.0389111372e-02 7.0097491487e-02
7.3116387437e-03 -8.1378189328e-02 6.8248403450e-02
-1.3695555762e-02 -8.9466203819e-02 4.8758154750e-02
2.9613766120e-02 -1.1762816126e-01 7.9425068974e-02
-2.4412517866e-02 -1.0248377103e-01 7.1764516411e-02
-2.0494406679e-02 -7.6820956783e-02 7.1493639033e-02
-4.7278825264e-03 -5.1072239438e-02 1.4875862821e-02
-3.9188021200e-03 -3.9807044426e-02 -2.4638088253e-02
-5.7282789233e-03 -1.3109906289e-02 2.9241223361e-02
2.6725290868e-02 -2.3349816282e-02 2.7343607711e-02
4.4244674631e-03 -3.1134848942e-02 3.5814272386e-02
4.1943041857e-03 -3.2438195357e-02 3.3809025338e-02
-7.1857527078e-03 -2.5875181546e-02 4.2009372802e-02
3.8126187859e-03 -3.4700962305e-02 5.9951509203e-02
1.4712449940e-02 -4.0346381750e-02 6.6247838254e-02
-1.3053463420e-02 -5.5073282897e-02 6.3503248113e-02
1.6906046102e-03 -5.8979349413e-02 6.5712676390e-02
-2.2007362847e-02 -7.5422844875e-02 4.9677552763e-02
1.1484406903e-02 -9.5221375146e-02 6.1926387494e-02
-6.5618907251e-02 -1.0193583323e-01 6.6866005496e-02
-6.6058579621e-02 -8.5879258666e-02 5.5163742019e-02
-1.3308990011e-02 -5.2513097947e-02 1.0567235703e-02
-2.2314448885e-02 -2.9396840395e-02 -4.2711329819e-02
1.4375291180e-02 -2.6724941752e-02 3.4260160527e-02
4.5139452252e-02 -4.4204075113e-02 3.1600559510e-02
3.1638410765e-02 -5.0203977819e-02 4.2765527431e-02
2.6871138358e-02 -5.5596182638e-02 4.4328625928e-02
2.2829288935e-02 -4.8976326621e-02 5.6163714776e-02
2.6839441840e-02 -6.2825870145e-02 6.5306330578e-02
3.1815488825e-02 -7.1424376582e-02 7.6448380751e-02
6.9399544521e-03 -8.7731006597e-02 7.4550895370e-02
2.2686680117e-02 -8.9013812842e-02 7.9050013716e-02
2.9505588715e-04 -1.0804949581e-01 6.5187133229e-02
1.5515898800e-02 -1.1864212869e-01 7.5537443718e-02
-5.4797150781e-02 -1.3007660216e-01 7.3257218809e-02
-4.9381937698e-02 -9.8210588581e-02 6.9043374656e-02
-1.9593047235e-02 -3.9626747676e-02 -6.3472094185e-03
-4.9975675779e-04 -2.9505214265e-02 -3.0992245062e-02
-1.1803295184e-02 -7.0804835900e-03 1.2426802309e-02
8.3933783318e-03 -1.5514430707e-02 2.0559151326e-02
4.7553201616e-03 -3.5078324789e-02 2.8601535742e-02
6.2206552423e-03 -4.5663260654e-02 3.6326285827e-02
1.1710362119e-02 -4.6422996627e-02 2.5685955493e-02
1.4708960552e-02 -4.5068962319e-02 2.0617880949e-02
3.1269941223e-02 -6.3894713497e-02 2.3525375700e-02
-1.3869395734e-03 -8.2531056469e-02 2.0876666335e-02
3.9827350697e-03 -8.5554402913e-02 2.7508030017e-02
-1.9882182904e-02 -8.2102327244e-02 1.9556394313e-02
-7.9101536535e-04 -9.7374542543e-02 5.4375626443e-02
-4.8465174004e-02 -1.0986246782e-01 3.4039798778e-02
-4.3398443241e-02 -9.0260773905e-02 8.5481346283e-02
-2.5980010680e-03 -5.8386176371e-02 3.4931799524e-02
3.4550068909e-02 -4.3152566591e-02 6.6136023474e-03
-3.0839709710e-04 -8.2472683355e-03 7.7416874717e-03
1.6328573724e-02 -2.1127090388e-02 1.6586397067e-02
1.1097856208e-02 -3.9747790334e-02 2.2186826993e-02
2.9099204268e-02 -5.1281869210e-02 2.8248103181e-02
2.6076414112e-02 -5.9190247078e-02 1.9695169336e-02
2.4456786701e-02 -5.8664194000e-02 1.8035187375e-02
2.9410585340e-02 -7.4215513205e-02 1.9056138042e-02
2.3502379505e-02 -9.3347229323e-02 1.1130009751e-02
2.2570714608e-02 -9.6733169909e-02 1.3134379350e-02
-5.6324895975e-04 -8.4495635342e-02 -1.8905614756e-04
3.8528632418e-03 -9.3752145890e-02 2.9726332791e-02
-4.2767366158e-03 -1.1153802690e-01 1.7549899248e-02
2.8933662553e-02 -1.0791899748e-01 7.4738564397e-02
5.3781199560e-02 -6.0422982298e-02 2.0694731239e-02
6.2705799585e-02 -3.2994248883e-02 1.3539323668e-02
-4.7127551866e-03 -6.6491094878e-03 -6.0645857311e-03
2.4235818976e-02 -3.2193983400e-02 5.2720133782e-03
1.6795147864e-02 -5.0374834685e-02 9.8610870945e-03
4.0836629600e-02 -6.8973285910e-02 2.0775234363e-02
3.5569175883e-02 -6.0336615627e-02 1.0733642006e-02
3.4304565301e-02 -5.3047267621e-02 1.2348920355e-02
4.8209520832e-02 -7.0685844843e-02 1.5917893816e-02
3.7469480404e-02 -9.0669554616e-02 1.5027132239e-03
4.4192962529e-02 -1.0145407296e-01 -2.1341274178e-04
1.5715289068e-02 -7.1685721372e-02 -2.2249145188e-02
3.7639988973e-02 -9.4993984588e-02 1.5080323355e-02
1.8160149267e-02 -9.8488130905e-02 -3.0494933254e-03
3.8952256593e-02 -8.8621528459e-02 3.7500322438e-02
4.3603413593e-02 -4.3969600030e-02 -8.3225181855e-03
4.8415760736e-02 -2.4431111531e-02 -2.3017240628e-02
6.7318355575e-03 -4.9986212595e-03 -5.2126872130e-03
4.3818581694e-02 -4.6182013360e-02 1.2274198102e-02
3.6282341052e-02 -5.8717312633e-02 1.3788645931e-02
5.2572604769e-02 -7.2097441877e-02 1.6983957334e-02
4.3894357058e-02 -5.2191441924e-02 4.2551565312e-03
5.2305002162e-02 -5.1071941667e-02 9.4127014459e-03
6.7742449992e-02 -8.5090956518e-02 2.2887574051e-02
6.0642149973e-02 -1.0669228585e-01 6.2438755974e-03
6.0251683790e-02 -1.0637537907e-01 2.6524061225e-03
4.8884279148e-02 -1.0168272558e-01 -1.4257825944e-02
1.0601718227e-01 -1.7285927205e-01 6.6108939978e-02
2.1343596020e-01 -2.7599932751e-01 1.0455492357e-02
1.4260412548e-01 -1.8087215621e-01 -3.6059371459e-02
6.0112963050e-02 -5.3511602283e-02 -3.7167587291e-02
3.9721710350e-02 -4.1921010211e-02 -4.6971133061e-02
-2.3771219966e-03 -1.5429954816e-02 1.3122070158e-02
3.7277536440e-02 -4.4083042542e-02 2.0236146119e-02
2.3142562849e-02 -6.2440260331e-02 2.9715622164e-02
2.5752027939e-02 -7.0266707532e-02 3.0710190103e-02
1.8184824239e-02 -5.1120098649e-02 2.0322361345e-02
3.0016325852e-02 -5.3741275179e-02 1.7192162821e-02
5.0779425477e-02 -9.0410386468e-02 3.2797388712e-02
2.8570284888e-02 -1.1515105766e-01 1.6046171832e-02
3.9033738670e-02 -1.3062545008e-01 2.5400779647e-02
3.3843722252e-02 -1.5500711077e-01 4.3056261688e-02
2.4164426816e-01 -5.1517335460e-01 3.1155927857e-01
6.5678178176e-01 -1.0929041995e+00 2.1214917762e-01
6.0802828850e-01 -7.6128660192e-01 -3.3637812059e-01
1.3640348981e-01 -1.6999435967e-01 -1.4758161320e-01
1.7832218340e-02 -4.4089969509e-02 -4.9934588992e-02
4.7494428626e-04 -3.1807949878e-02 2.8829262436e-02
3.7157100812e-02 -5.3641231536e-02 2.9793914770e-02
1.3604457561e-02 -6.7497135920e-02 3.5844746123e-02
1.5235146931e-02 -8.2301664614e-02 3.9712580697e-02
1.2324394334e-02 -6.8341598451e-02 4.1241384596e-02
2.2492888674e-02 -7.2074521649e-02 3.8321978664e-02
3.6778182812e-02 -9.6048331906e-02 5.1528621422e-02
1.3662842427e-02 -1.3066286179e-01 4.5027900797e-02
2.9954714165e-02 -1.5692769428e-01 6.8929666157e-02
9.3419564931e-03 -1.9984466164e-01 1.2585961224e-01
2.5500400817e-01 -8.8586976038e-01 6.0240279611e-01
5.9232168188e-01 -1.6122823171e+00 6.3147031229e-01
8.9351037635e-01 -1.1444535464e+00 -7.4380951472e-01
4.6142817668e-01 -4.3498701119e-01 -6.3497216243e-01
5.8592864747e-02 -6.4431675048e-02 -9.7654548753e-02
1.6372669514e-02 -4.9168901187e-02 3.2587466081e-02
4.8275138797e-02 -7.1073853983e-02 3.9878800597e-02
1.8665404526e-02 -8.6104337390e-02 4.7247196544e-02
2.3344724241e-02 -9.9939259172e-02 6.3505386368e-02
1.3539795331e-02 -8.3511690512e-02 5.4319943488e-02
1.7169514613e-02 -7.2089407833e-02 5.5013811157e-02
2.2815911301e-02 -9.9472134223e-02 6.5378086506e-02
-9.6234783154e-04 -1.3158755366e-01 6.1958449529e-02
1.7405901231e-02 -1.8473452977e-01 8.8626048917e-02
5.2339695221e-03 -1.7518570932e-01 1.5041502916e-01
1.1208167764e-01 -7.7227995968e-01 5.2719753934e-01
6.8102350105e-02 -1.2117158461e+00 7.6790472800e-01
4.6005151317e-01 -1.0878036688e+00 -4.9988563723e-01
6.9854544619e-01 -8.1557592548e-01 -1.3315413323e+00
2.1376264405e-01 -1.3160464731e-01 -3.7180815571e-01
1.0147106661e-02 -4.8710784872e-02 3.0703445066e-02
5.5529457084e-02 -8.0670767230e-02 4.8058413372e-02
2.2312280820e-02 -9.2121406129e-02 5.1131121803e-02
2.5508665873e-02 -1.0109804994e-01 6.7116318815e-02
1.2480450904e-02 -6.9276764248e-02 5.0792332386e-02
6.2765710494e-03 -5.9657961771e-02 4.9392109439e-02
2.1987430604e-02 -8.9705001432e-02 6.8042804921e-02
-1.6886564428e-02 -1.0946974566e-01 6.1722012866e-02
5.3600015295e-03 -1.6919352326e-01 1.2024554289e-01
-2.2872406468e-02 -1.3314179743e-01 1.8401079413e-01
1.6420311111e-02 -6.2787317218e-01 4.7284330555e-01
-1.9540101090e-01 -1.2481160385e+00 9.0164214926e-01
-2.7673501962e-01 -1.5606954969e+00 4.3081348444e-01
2.0566034513e-01 -1.5357371912e+00 -1.0710971275e+00
2.2442586368e-01 -6.2608700908e-01 -9.2522869541e-01
-1.6960541708e-03 -3.8970830430e-02 3.1072896063e-02
3.1062946833e-02 -5.9264422063e-02 4.3395310896e-02
6.6122099906e-03 -6.7397376192e-02 3.8451740949e-02
7.1692849859e-03 -6.9738781799e-02 4.9217104948e-02
-2.9411867292e-03 -5.4653004560e-02 3.7787323560e-02
-8.3543801132e-03 -5.1351983657e-02 4.5281505688e-02
2.2738070601e-03 -7.8531949570e-02 6.1968910408e-02
-3.0170305565e-02 -1.0810133018e-01 5.2027279467e-02
-1.0203673988e-02 -1.2754109015e-01 1.0240315796e-01
-5.3588213363e-02 -1.5066290199e-01 1.6617635097e-01
-1.3551381352e-01 -5.4395019579e-01 3.8201475876e-01
-3.6834617345e-01 -1.0949540341e+00 8.7791774768e-01
-8.6855701613e-01 -1.7509060849e+00 7.9308524040e-01
-9.4530859497e-01 -2.1080335800e+00 -5.5667804554e-01
-3.3685669813e-01 -9.6097497621e-01 -1.0597588044e+00
-2.5164529696e-02 -2.0872068608e-02 3.0244074799e-02
-3.4253378558e-03 -2.5967260886e-02 4.0056319893e-02
-2.1267136684e-02 -3.5550912445e-02 3.5211958506e-02
-1.5986846012e-02 -3.9550300580e-02 4.1820437620e-02
-2.7461137946e-02 -3.5883129965e-02 3.5341976684e-02
-3.1377189943e-02 -3.4776173719e-02 3.0629762164e-02
-2.0441424212e-02 -4.6702565529e-02 4.5587032416e-02
-4.7938827125e-02 -7.4177735093e-02 3.8292419755e-02
-3.8888580321e-02 -9.2367969450e-02 6.0231123009e-02
-8.0945454489e-02 -1.4067745861e-01 7.1797879503e-02
-1.4652952521e-01 -4.5383555357e-01 1.9719163379e-01
-3.6692839406e-01 -7.3546170791e-01 5.3476321531e-01
-1.0257108535e+00 -1.3230147297e+00 5.2352901619e-01
-1.2838957820e+00 -1.4605303060e+00 -3.3588449464e-01
-4.4730063664e-01 -4.7652540950e-01 -4.5475713223e-01
-1.4482150272e-02 -1.3989534215e-02 2.6901116372e-02
2.3591480940e-03 -2.5148984702e-02 3.0448481575e-02
-8.4070107242e-03 -3.1886813168e-02 3.1014181913e-02
-5.3013233645e-04 -3.6332758658e-02 3.5181943054e-02
-1.3959500665e-02 -3.5935040199e-02 2.9033227436e-02
-1.8816760047e-02 -4.1745288526e-02 2.8825183962e-02
-1.5035325100e-02 -4.8912893082e-02 3.8025954869e-02
-2.6322932408e-02 -6.7233335898e-02 3.9345297469e-02
-2.5079293701e-02 -7.3360585909e-02 4.2662957824e-02
-4.1767931728e-02 -9.7289373046e-02 3.0291492366e-02
-7.5851583398e-02 -2.3219144517e-01 7.6497370419e-02
-2.1676655782e-01 -3.6324955277e-01 1.2332247561e-01
-3.6513068599e-01 -4.1534502554e-01 1.6205128058e-01
-3.7682842496e-01 -3.4708349161e-01 -4.7656328079e-02
-1.0016678945e-01 -8.3798959832e-02 -3.6417943580e-02
-1.9477255428e-02 -1.3207979002e-02 1.6015444020e-02
2.7990607043e-03 -2.7747907198e-02 2.4222398780e-02
-6.4556791313e-03 -3.8105986661e-02 2.4028300164e-02
-1.8174533653e-03 -4.2563748612e-02 2.9869170429e-02
-1.2939716815e-02 -4.2700006345e-02 2.7153971755e-02
-2.2837982463e-02 -3.9503269546e-02 3.0435166233e-02
-1.2025722880e-02 -4.9185686371e-02 3.9861867424e-02
-3.3721524199e-02 -6.0144245524e-02 3.3447694179e-02
-2.0397896659e-02 -6.7711905140e-02 2.7348169919e-02
-4.5102360814e-02 -6.5483223083e-02 5.9290249608e-03
-1.7960455742e-02 -9.0657386801e-02 3.0231959693e-02
-8.1554495481e-02 -1.1060267804e-01 1.1535625991e-02
-5.5681913977e-02 -9.0210387952e-02 6.3902650237e-02
-5.3643628374e-02 -3.3096463090e-02 -6.5157412227e-04
-1.2476527903e-02 1.2931356402e-03 -1.5029369844e-03
-2.7503566213e-02 -4.9288036527e-03 1.6653467100e-02
5.6064861813e-03 -2.8773799484e-02 2.6014073575e-02
-9.9380742986e-03 -3.5059703860e-02 2.5457860229e-02
-4.7448343179e-03 -3.9616959706e-02 3.0588774418e-02
-1.9492765222e-02 -3.3217553805e-02 2.8152581228e-02
-1.8095667733e-02 -3.3015644305e-02 4.2209418463e-02
-8.0546283651e-03 -4.9444638395e-02 5.9186115432e-02
-2.7056927385e-02 -5.9646574046e-02 4.8775524794e-02
-1.0630504238e-02 -5.9626184084e-02 4.0983627767e-02
-3.1591928417e-02 -6.4678035652e-02 1.5124806801e-02
1.8693838202e-02 -8.6165018668e-02 4.7218594235e-02
-3.1221751074e-02 -7.8200774250e-02 1.8196247658e-02
-1.1438290947e-02 -5.2745042674e-02 5.7747231312e-02
-1.5491483958e-03 -2.3171670254e-02 -5.5858582878e-03
8.5955629291e-06 -1.5821328225e-02 -1.7696719143e-02
-2.7256523595e-02 -4.0525459916e-03 1.8077555623e-02
4.5198998873e-03 -2.6244992349e-02 2.6038576098e-02
-1.5272629973e-02 -3.1603508905e-02 2.8073562110e-02
-1.6028865634e-02 -3.5252107315e-02 2.9632482934e-02
-3.2863615705e-02 -2.5682673036e-02 3.2698048524e-02
-2.9872717336e-02 -2.8588795761e-02 4.5220571505e-02
-1.3690369862e-02 -4.8119894907e-02 6.2480527689e-02
-3.9272864204e-02 -6.3905214460e-02 5.1814744429e-02
-1.8821037125e-02 -6.9628544867e-02 4.3689366923e-02
-4.5119628921e-02 -7.9001548702e-02 2.7888823775e-02
4.0248326412e-03 -1.0123395787e-01 6.3787230473e-02
-6.2436932201e-02 -9.0126567952e-02 4.3664218327e-02
-3.9549342618e-02 -7.2471449562e-02 6.6907271349e-02
-3.3788160292e-02 -3.4415324565e-02 -4.2882289780e-03
-2.5427918694e-02 -2.0155277490e-02 -2.5913764362e-02
-2.6245475193e-02 -9.0679737332e-03 2.9680149018e-02
-7.0477413286e-04 -1.8944863211e-02 2.8390008946e-02
-1.8593812087e-02 -2.6974202890e-02 3.3907618712e-02
-1.6795741694e-02 -2.8497112484e-02 3.3830543131e-02
-3.1782752129e-02 -2.0713749667e-02 3.8354235111e-02
-2.6028765322e-02 -2.6620407858e-02 4.4670757556e-02
-1.3711475569e-02 -3.9386351793e-02 6.2631796208e-02
-3.9528267213e-02 -4.7369702618e-02 5.3745602573e-02
-2.6109528733e-02 -5.7577267506e-02 5.5868525022e-02
-5.5101698812e-02 -7.0744835806e-02 4.1397293414e-02
-1.2712833006e-02 -1.0374332033e-01 6.8405688494e-02
-8.7351407371e-02 -9.9555510522e-02 5.6521360854e-02
-6.9363559728e-02 -9.2609455172e-02 9.8857517070e-02
-3.2650113791e-02 -5.4607558253e-02 3.3498780997e-02
-1.7770641187e-02 -2.1265493037e-02 -2.0518337402e-02
-6.9753062244e-03 -2.0498039993e-02 3.0760647194e-02
1.9812450979e-02 -3.6442740806e-02 2.8709740618e-02
1.0467069564e-02 -4.1893033263e-02 3.6151868887e-02
5.7929543859e-03 -4.3124311540e-02 3.9810462678e-02
1.5010433896e-03 -3.9606582978e-02 4.9125957151e-02
-1.0620062829e-03 -4.9496885345e-02 5.6756658047e-02
1.3777378811e-02 -6.1475145536e-02 7.0526968332e-02
-1.6158412101e-02 -6.8929192710e-02 6.3437180573e-02
4.6177978317e-03 -7.4285323586e-02 6.9910463829e-02
-2.7780703026e-02 -9.1317008143e-02 5.4217904724e-02
9.1689374950e-04 -1.0610939200e-01 7.8790839158e-02
-6.4161906105e-02 -1.1823124468e-01 7.1549516527e-02
-4.4337183424e-02 -9.4080874567e-02 1.0167582672e-01
-1.6473972197e-02 -4.3349611163e-02 1.9455597298e-02
-1.9409108018e-03 -1.6177425822e-02 -9.0970808678e-03
