9.0321934830e-03 -2.7510338086e-02 2.5325208703e-02
-1.7559809844e-02 -5.8851309728e-02 3.9573692763e-02
-5.7627527358e-02 -6.5628356406e-02 6.4405059084e-02
-1.7053197664e-01 -9.9070321063e-02 -2.2185586867e-02
-1.8584680463e-01 -1.6935575473e-01 -5.5462607138e-02
-1.5539431166e-01 -2.2042216963e-01 -1.1324173530e-01
-1.5091793422e-01 -2.4926037909e-01 -9.3438043044e-02
-1.4889070792e-01 -2.5921534124e-01 -1.0794177163e-01
-1.2894511002e-01 -2.4817294309e-01 -5.5227335549e-02
-1.5954076256e-01 -2.7010395139e-01 -2.7275862001e-02
-2.2000644620e-01 -2.7665798092e-01 4.6789851630e-02
-1.6770658603e-01 -2.1614589528e-01 1.6488906423e-01
-8.6530844824e-02 -1.3579609972e-01 1.5124374645e-01
-2.5561578975e-02 -1.0946993280e-01 9.2015125483e-02
-2.2711699790e-02 -1.0366018247e-01 7.0338082026e-02
3.1142859143e-02 -2.2315768414e-02 3.5513594296e-02
1.1146496816e-02 -4.2419550833e-02 1.7996058178e-02
-3.4440990250e-02 -5.9816726547e-02 2.9532170596e-02
-1.4854807396e-01 -1.1845506555e-01 -6.5598678380e-02
-1.6080692877e-01 -1.8556903450e-01 -1.0597567402e-01
-1.0007916877e-01 -1.8273142052e-01 -1.2542489152e-01
4.9992096833e-03 -6.4394659922e-02 -4.4239450666e-02
1.2855035959e-01 7.8274082890e-02 -6.6014020958e-02
1.5444427585e-01 1.3159695488e-01 -8.9115265369e-02
7.0829435264e-03 -3.5529162514e-02 -1.0852226416e-01
-1.7641083153e-01 -2.2920503939e-01 1.1032107449e-02
-1.3460225884e-01 -2.1459288812e-01 1.3584422595e-01
-7.4128156900e-02 -1.5483540737e-01 1.4400890465e-01
-1.6985525467e-02 -1.1983973068e-01 8.4051018198e-02
-1.5156249437e-02 -1.3073104367e-01 5.6097743992e-02
2.1257957413e-02 -2.3605851335e-02 2.7303991202e-02
-6.6137839927e-03 -5.3342575813e-02 1.4914082679e-02
-6.8370513011e-02 -9.0837544758e-02 7.5711950464e-03
-1.8549627173e-01 -1.4452528810e-01 -1.1257799995e-01
-1.3158343486e-01 -1.3858507832e-01 -9.4287891848e-02
3.1889466059e-02 8.7054980394e-02 -1.8145862947e-02
2.2618387350e-01 4.6528019915e-01 1.0330407727e-01
3.3896386105e-01 6.9065705074e-01 2.7739099169e-03
3.1001293875e-01 6.2698954038e-01 -1.3960880220e-01
5.9929454586e-02 2.0336252221e-01 -1.5739618121e-01
-1.5896618870e-01 -1.7819583817e-01 -6.5337326644e-02
-1.4632553602e-01 -2.1136289702e-01 6.2890335580e-02
-8.2943945772e-02 -1.7155185175e-01 9.1796360018e-02
-3.3553658542e-02 -1.2693518402e-01 5.2146276099e-02
-2.3276696854e-02 -1.2801495696e-01 3.1699747104e-02
2.3351014897e-02 -1.6104690731e-02 -5.9053682000e-03
-1.9582900356e-02 -6.3758957327e-02 -6.1082085902e-02
-6.9414367729e-02 -9.2051470324e-02 -9.4307526895e-02
-1.5208400331e-01 -9.1131579853e-02 -1.0985129698e-01
1.7928872263e-02 1.6718285312e-01 3.2908942825e-02
1.9475556737e-01 5.7516827549e-01 1.5987225372e-01
2.9282369185e-01 9.5883027496e-01 2.1636999169e-01
2.3160818861e-01 8.9984192338e-01 2.3841528119e-02
1.0666617007e-01 5.3509968428e-01 -1.3429459787e-01
-4.2549837349e-02 3.6221714707e-02 -1.0360455736e-01
-1.3815465023e-01 -2.4924307190e-01 -3.4307909336e-02
-9.1360519234e-02 -1.6330558392e-01 1.0315141647e-02
-5.9789563049e-02 -1.4072162491e-01 6.3770747655e-02
-2.5273686199e-02 -1.0635069108e-01 3.3508270625e-02
-1.5661791444e-02 -1.1152017518e-01 2.4025456903e-02
-1.3442717466e-03 -5.5603890907e-02 -5.0654805319e-02
-4.1958355092e-02 -9.8522405902e-02 -8.9212188537e-02
-7.1516373157e-02 -1.1285255891e-01 -9.5962187244e-02
-6.9661347660e-02 2.6431629614e-02 5.3790618206e-03
1.3957663349e-01 5.5349873334e-01 2.2397388219e-01
2.1972609404e-01 9.5051701134e-01 2.7215719501e-01
2.0060834380e-01 1.0746670736e+00 1.9956389980e-01
1.1682269143e-01 7.9518819469e-01 -1.3034701569e-02
3.3102207216e-02 1.5714259795e-01 -1.0347503418e-01
-5.2922248267e-02 -2.8914073761e-01 -3.7127188555e-02
-9.9723320446e-02 -3.5979787207e-01 2.6290413400e-02
-6.7471871399e-02 -1.5472523352e-01 5.5272273297e-02
-2.5850179856e-02 -1.3196043450e-01 7.2723071956e-02
-8.8309297638e-03 -9.7678734796e-02 4.3178008062e-02
-3.8819175525e-03 -1.0169699934e-01 3.0022788852e-02
-2.4068487427e-02 -7.9072930068e-02 -7.6793013081e-02
-5.9093634913e-02 -1.3049089014e-01 -1.1585165039e-01
-1.0657370460e-01 -1.3982653803e-01 -8.9869121043e-02
-1.1518301695e-01 1.3994419195e-01 7.1652433802e-02
-2.5388298000e-02 8.3747470451e-01 3.0896541729e-01
1.0865402697e-02 1.0828125392e+00 2.5375335711e-01
-2.4469442651e-02 9.5094134104e-01 1.2695928899e-01
-2.4823325319e-02 6.6240825319e-01 -1.1919618106e-02
-4.3259871674e-02 -2.2516748524e-02 -2.0577617360e-02
9.3151296566e-03 -5.2309976124e-01 1.5098116695e-02
2.8116468116e-02 -4.4167539088e-01 -2.4450131944e-02
-3.6641921282e-02 -1.1546951319e-01 1.5400359460e-03
-2.6992943181e-02 -1.1521945725e-01 7.7627770618e-02
-5.4626658891e-03 -9.6309020851e-02 4.0887658182e-02
-4.7148736730e-03 -9.4583960417e-02 2.8051663013e-02
-3.5708750947e-02 -9.3272502990e-02 -7.8821606114e-02
-6.7680206311e-02 -1.3474206890e-01 -1.1127250455e-01
-1.1820505495e-01 -1.5713701102e-01 -6.8917201519e-02
-1.8637201684e-01 1.5787664898e-01 1.2030868774e-01
-2.7135281905e-01 8.6502830299e-01 3.2846196489e-01
-2.8062209943e-01 1.0752933055e+00 2.4787014111e-01
-1.8621047267e-01 8.1834603509e-01 1.2663502780e-01
-1.1746608719e-01 5.8984462870e-01 2.7677534850e-03
-1.0907574644e-01 8.6038188518e-02 3.4016402399e-02
-8.2838130267e-03 -5.2680826997e-01 1.8063260134e-01
1.1619339551e-01 -5.1774583248e-01 1.7781845317e-01
1.5874995543e-02 -1.4724007138e-01 1.0094023686e-01
-1.4389447619e-02 -1.1959297650e-01 1.1047706780e-01
5.0634021080e-03 -1.0559279263e-01 6.7913934243e-02
5.0821796746e-03 -1.0941714177e-01 5.1803950775e-02
-4.1119453804e-02 -7.3034881853e-02 -5.7804263025e-02
-7.3869369402e-02 -1.2140552702e-01 -8.9989933702e-02
-1.2155032113e-01 -1.7498901768e-01 -9.6107591814e-02
-2.1878495584e-01 -3.2089681228e-02 -9.8005878656e-03
-2.6701481710e-01 3.7749790881e-01 1.5270432336e-01
1.4433748119e-02 7.3788530527e-01 2.8769856959e-01
5.3624470265e-01 8.5532838103e-01 2.4682656895e-01
7.8922435096e-01 7.2386405182e-01 -3.8139224052e-02
6.2459733380e-01 4.7723834132e-01 -2.3698518421e-01
2.7622608177e-01 -1.4158566132e-02 -1.1203592583e-01
1.4384950943e-01 -2.1651032300e-01 1.1616719630e-01
4.1960796123e-02 -7.3599588916e-02 9.2810270637e-02
-3.2355447409e-02 -1.1697905268e-01 1.0592967487e-01
-1.8719037121e-02 -1.0683005555e-01 7.3277752132e-02
-6.5766980119e-03 -1.0290280234e-01 5.0828326101e-02
-1.0954239698e-02 -7.2036584439e-02 -3.6179597757e-02
-2.3459801744e-02 -9.6632939384e-02 -6.0910873347e-02
-3.9274409832e-02 -1.3200628676e-01 -7.0773702497e-02
-9.0481963530e-02 -1.3632359692e-01 -5.9078711549e-02
-3.4654236786e-02 1.8018656566e-01 1.9414328523e-01
2.1440472933e-01 1.2758296429e+00 8.0872510801e-01
7.7971825529e-01 2.3250173807e+00 9.0378490425e-01
1.1857309510e+00 2.3780541899e+00 1.2086120343e-01
1.2556155277e+00 2.2360707343e+00 -7.7157516494e-01
9.0122307070e-01 1.4033766576e+00 -1.0187089437e+00
5.6388133468e-01 7.4670297764e-01 -2.5882375159e-01
3.0865502477e-01 4.3320119801e-01 -1.5905050497e-01
1.2329987802e-02 -7.5463520432e-02 7.2391135144e-02
1.0292561256e-03 -1.1103633191e-01 8.8034983955e-02
1.0067987061e-02 -1.0878001575e-01 5.7285023981e-02
1.9399237985e-02 -6.8947309717e-02 6.7241875345e-03
2.0009944178e-02 -7.7931669016e-02 6.8943319207e-03
1.4519897668e-02 -9.5544281325e-02 7.0200650325e-03
-3.6190147496e-02 -1.0383773564e-01 -1.4011182029e-02
-1.3132454325e-01 1.1597761360e-01 1.7339272597e-01
-4.9939077625e-01 1.0173167299e+00 7.3092094359e-01
-8.7327830149e-01 2.3564031124e+00 1.1688839648e+00
-6.6436569674e-01 2.8167657804e+00 4.6202278287e-01
-3.6786641839e-01 2.9811041307e+00 -6.9965721323e-01
-3.1691991449e-01 1.9704699949e+00 -1.2509181957e+00
-1.0610571095e-02 1.1458029191e+00 -5.1177988754e-01
1.4614836785e-01 8.0414575139e-01 -2.9674031618e-01
-1.4190072258e-02 -7.6421165728e-02 3.2026218515e-02
1.0657446738e-02 -1.2322979565e-01 7.2463763881e-02
1.1060303159e-02 -1.0512673059e-01 3.4584812428e-02
3.6485196403e-02 -6.8705432296e-02 1.7065897910e-02
4.1378514400e-02 -7.2360465417e-02 9.5625009395e-04
4.2565432802e-02 -7.8257251468e-02 8.4257116018e-03
1.5357088517e-02 -8.7871861488e-02 -2.9767215315e-02
-5.2159204214e-02 -4.2413949237e-02 2.3148284165e-02
-3.3779383185e-01 2.7264746305e-01 2.4274897427e-01
-1.0908088826e+00 1.0891636136e+00 6.8085183748e-01
-1.6548659189e+00 1.8322521607e+00 4.8970921712e-01
-1.5254477043e+00 2.1648047281e+00 -2.1428812368e-01
-9.6660450785e-01 1.1170073037e+00 -6.1217609405e-01
-3.1980729691e-01 8.4321724330e-01 -2.8371435574e-01
-6.2695818478e-02 6.9652608110e-01 -2.5531383292e-01
-1.6364238582e-02 -9.5879166042e-02 1.7711285044e-02
2.2120517938e-02 -1.2879797705e-01 3.2467521493e-02
1.5053584703e-02 -1.2220050608e-01 1.8972492213e-02
3.8177048836e-02 -7.1008714268e-02 1.9703611031e-02
4.6047620221e-02 -7.8859206352e-02 1.6947564551e-02
4.3415094008e-02 -8.7127776834e-02 2.3196480232e-02
1.5090759589e-02 -1.0421172050e-01 -2.3140534895e-02
-2.5987325357e-03 -1.1651798335e-01 -1.4102745600e-02
-5.9878811772e-02 -6.7062361694e-02 -9.8051495457e-03
-2.8919985402e-01 1.5946551887e-01 1.3410592695e-01
-7.5558016327e-01 5.3819754325e-01 2.1904272160e-01
-9.7554763330e-01 9.0018165761e-01 1.1547224548e-01
-5.7893369969e-01 6.5880421085e-01 -9.0880602086e-02
-2.1738370620e-01 5.4477834610e-01 -9.5003414054e-02
-1.1514026377e-01 3.7406550894e-01 -1.0700373147e-01
4.8905396373e-03 -1.3583572915e-01 3.7870284427e-02
2.5373385208e-02 -1.3959416821e-01 3.3540953405e-02
1.8776926346e-02 -1.2612651529e-01 2.0526428077e-02
4.1136417835e-02 -6.6025640704e-02 3.7242161316e-03
4.5769097652e-02 -7.5962453436e-02 -9.5562796801e-03
4.3608813287e-02 -8.9946842064e-02 -2.0535213080e-02
4.0970962284e-03 -1.0851938208e-01 -5.9945630335e-02
-2.9053625682e-03 -1.1506914405e-01 -4.4100105318e-02
9.3274427780e-03 -1.1921774881e-01 -6.6762797545e-02
2.6429040982e-03 -9.2405411112e-02 -6.1809449664e-02
-8.0069572410e-02 -1.6429295833e-02 -2.2590103993e-02
-2.2884164630e-01 1.3762835950e-01 5.0948429385e-02
-2.0483278494e-01 1.4474785483e-01 3.0513049828e-02
-1.4859414802e-01 1.8750760954e-01 -6.6751005674e-02
-1.1682938075e-01 1.3673420512e-01 -6.0200551398e-02
-7.6494956563e-03 -1.4150746658e-01 3.4519319337e-02
1.0875742025e-02 -1.2414858170e-01 2.0795841028e-02
1.0941454584e-02 -1.1041712791e-01 1.1163325876e-02
3.0531750298e-02 -7.4309775533e-02 -1.7368483904e-02
3.6644737206e-02 -8.3062907439e-02 -2.7761610532e-02
3.1827122402e-02 -9.8293380263e-02 -3.1459607080e-02
1.1353328969e-02 -1.1325579079e-01 -4.5451707428e-02
8.8240648538e-03 -1.2117569802e-01 -2.8876561890e-02
1.1047491714e-02 -1.1607462945e-01 -6.4154264711e-02
3.4778064731e-02 -1.0757975876e-01 -7.8829046466e-02
3.5673480308e-02 -1.0851619108e-01 -9.3967085531e-02
6.6929315651e-03 -8.5272632545e-02 -4.1812025131e-02
-1.7168107226e-02 -6.5085929367e-02 -1.7351937767e-02
-4.5267096340e-02 -1.2797894840e-02 -1.5644610495e-02
-3.2716036683e-02 -4.5523012243e-02 2.3268113317e-02
2.7915194826e-02 -1.2910158392e-01 6.1985882029e-02
3.4240690612e-02 -1.1041294752e-01 3.6687046615e-02
2.2986972835e-02 -9.9735516669e-02 2.8341077099e-02
2.8395915202e-02 -8.2979461443e-02 -3.2322708150e-02
2.9479810717e-02 -8.9807606367e-02 -4.4581540872e-02
3.1870763706e-02 -1.0382191753e-01 -3.4112928804e-02
4.9397096228e-03 -1.2710785367e-01 -5.0811388349e-02
-9.1973546897e-03 -1.3409367578e-01 -4.4039993677e-02
8.9223382840e-03 -1.2907808882e-01 -8.3192790592e-02
2.7079448913e-02 -1.1960725028e-01 -8.3963054060e-02
4.4108704736e-02 -1.2743206659e-01 -9.5130514463e-02
2.5775526915e-02 -1.2138755657e-01 -5.1571128704e-02
1.6385328528e-02 -1.2546479459e-01 -4.9190158956e-02
6.9918666449e-03 -1.2267413862e-01 -2.6853269377e-03
2.1659345031e-02 -1.3699114646e-01 5.5594993160e-02
2.0793837529e-02 -1.2781863943e-01 6.9872610109e-02
2.9236831764e-02 -1.0274430492e-01 3.7708440476e-02
1.7379316577e-02 -8.8565981315e-02 2.4888060037e-02
3.0510248295e-02 -8.5619574942e-02 -3.8490806106e-02
3.5790605276e-02 -9.3111826640e-02 -4.6061998575e-02
2.9435259925e-02 -1.0466431088e-01 -1.7031873864e-02
1.0738762667e-02 -1.2621940774e-01 -3.6242275363e-02
-3.2637444767e-04 -1.3977051729e-01 -3.0999135199e-02
1.1778449223e-02 -1.4546743021e-01 -7.3334784037e-02
3.1784349884e-02 -1.3959794339e-01 -6.8193537030e-02
4.9008536716e-02 -1.3264564562e-01 -7.3432400598e-02
4.3810829490e-02 -1.2260453794e-01 -2.4584340192e-02
4.6997418822e-02 -1.2891361411e-01 -2.1269134638e-02
4.3950964575e-02 -1.3286665524e-01 3.4390396711e-02
4.9995902822e-02 -1.2866487447e-01 9.0633366893e-02
4.0937497578e-02 -1.1814389732e-01 1.0384324948e-01
4.3707500727e-02 -9.9717957773e-02 5.9105970033e-02
2.1879778984e-02 -1.0158307648e-01 4.8149830018e-02
2.6542543055e-02 -2.1705201349e-02 5.8128499778e-02
2.2374335512e-02 -4.2066822236e-02 6.9995391210e-02
-3.2645863263e-02 -5.8123178150e-02 7.9773018247e-02
-1.8557680896e-01 -7.6457814151e-02 -1.0775815924e-02
-2.1283524492e-01 -1.8880928219e-01 -7.1505607990e-02
-1.4304237046e-01 -2.1475849027e-01 -1.0424336054e-01
-1.9190944917e-02 -1.6576335090e-01 -3.8926929100e-02
1.0610120088e-01 -5.0503187608e-02 -3.3421823431e-02
1.8782415127e-01 7.2819559129e-03 -3.4828533548e-02
8.4996525890e-02 -3.0474831716e-02 -8.0837075348e-02
-1.6384197360e-01 -1.9247418614e-01 -1.5238330569e-02
-1.6681474941e-01 -1.6378694121e-01 2.0707965897e-01
-9.7562727791e-02 -1.0501345643e-01 1.7451625836e-01
-2.8755330239e-02 -8.6601491081e-02 9.7140812251e-02
-3.5870450236e-02 -8.5587843398e-02 5.0094547480e-02
4.2744853484e-02 -1.5482722002e-02 6.7524823128e-02
2.0050328478e-02 -3.8379833754e-02 6.0388290663e-02
-2.9706341090e-03 -5.4675015187e-02 7.8602768014e-02
-1.6721508985e-01 -1.1103236829e-01 -6.5388943203e-02
-1.1464167699e-01 -1.1063744012e-01 -3.5968224619e-02
2.3417904804e-01 1.3605724099e-01 8.8753007480e-02
6.2610040505e-01 4.9996645408e-01 2.3301612202e-01
8.7267417524e-01 6.9674524552e-01 1.4477906034e-01
8.5899231869e-01 7.7472190825e-01 -2.3026974150e-02
5.5639075906e-01 5.5762910700e-01 -2.4404345564e-01
8.2171784600e-02 1.0259685062e-01 -2.8164460166e-01
-1.4660726777e-01 -1.5648520151e-01 6.3521234149e-02
-1.1427295185e-01 -1.6605323722e-01 1.5180640994e-01
-2.8677383894e-02 -1.1559765701e-01 7.3041198599e-02
-3.4787306250e-02 -1.2339824119e-01 4.1899882321e-02
4.0382212795e-02 -7.1551088064e-03 6.0407603431e-02
6.2412541711e-03 -4.7904042972e-02 5.0740799076e-02
-2.6862111976e-02 -6.3285892367e-02 6.7122506510e-02
-4.9156658175e-02 1.3121946811e-02 7.5074478389e-02
2.2627566082e-01 3.0540355816e-01 2.5607522782e-01
5.7163771598e-01 7.2916940468e-01 4.1879797630e-01
6.4303683485e-01 8.8085215580e-01 4.1210207448e-01
4.8957388777e-01 6.7703178678e-01 1.1962497579e-01
3.8629951324e-01 5.7639396422e-01 -9.4402665703e-02
1.9279894685e-01 3.8574697909e-01 -2.0183817806e-01
4.5927525159e-02 1.9557762324e-01 -4.6752538182e-01
-5.7992704353e-02 1.2460543808e-02 -1.6294173589e-01
-9.0116976915e-02 -1.3320807412e-01 6.5279598544e-02
-4.2251766945e-02 -1.0856519858e-01 4.6540568524e-02
-4.2426007262e-02 -1.1224292958e-01 2.1401744835e-02
3.8492564844e-02 -4.5425634065e-03 2.5738993758e-02
-7.5716294822e-03 -6.2106363476e-02 -2.1417482396e-02
2.6011646932e-02 1.1689067866e-02 3.2255473003e-02
1.2955797020e-01 4.1292830813e-01 2.5539967725e-01
4.4579778709e-01 9.0314410736e-01 4.9207650653e-01
3.6941038077e-01 8.0856058093e-01 3.4710763999e-01
1.7204170972e-01 5.7063754158e-01 9.0090898965e-02
-1.4327392345e-02 1.8912848667e-01 -8.9659921379e-02
-1.0750224521e-01 -7.0158033152e-02 -9.0871104330e-02
-1.4651566767e-01 -2.3808799682e-01 -2.3573919043e-02
-4.3136127400e-02 -3.2371187234e-02 -2.7399233352e-01
-2.2073988496e-02 4.4642413010e-02 -2.0422805149e-01
-6.3694982442e-02 -8.7243743783e-02 2.0018415006e-02
-2.4817724669e-02 -9.4489534220e-02 1.7637296935e-02
-3.2009317894e-02 -9.4133064898e-02 4.2349873795e-03
2.2464548107e-02 -3.4860945982e-02 -3.7097385262e-02
-2.0592746073e-03 -6.0337829885e-02 -4.1876147109e-02
9.8348591688e-02 1.9729516311e-01 1.7195501001e-01
2.5117201672e-01 7.8251344983e-01 5.3299546327e-01
3.8497784001e-01 9.8795296145e-01 5.3255265363e-01
1.7225328154e-01 6.8653232452e-01 1.7413661734e-01
2.3677539514e-03 2.8924880573e-01 -7.3973383922e-02
-6.9723056021e-02 -1.7043271674e-01 -1.1763878808e-01
-8.2822770318e-02 -5.4018147035e-01 -2.3067427519e-02
-1.3191626177e-01 -7.0826198176e-01 9.1023619031e-02
-9.3709406750e-02 -3.8605635773e-01 8.1171982656e-02
-4.2109241581e-02 -8.2457625324e-02 4.1220934453e-02
-3.9833301849e-02 -9.0186077213e-02 5.6538132543e-02
-1.3344646771e-02 -8.9624545633e-02 2.6936895041e-02
-2.1129573810e-02 -8.3443326946e-02 8.7913100193e-03
3.9200705092e-03 -6.1345488696e-02 -5.1038923861e-02
-8.9524724426e-03 -4.2486801804e-02 -2.3851005726e-02
-2.7774137991e-02 2.9532575484e-01 2.5058304045e-01
-5.0398549985e-02 8.1154584654e-01 5.2701097279e-01
-2.9079945044e-02 8.6098159280e-01 3.7939116815e-01
-8.1307325878e-02 5.6653214700e-01 5.0206584768e-02
-8.6997314242e-02 9.4535025511e-02 -1.2651544680e-01
-3.5050513830e-02 -4.5329728676e-01 -7.7851525345e-02
-3.6828332859e-02 -9.6979786458e-01 4.2222792710e-02
-5.0370606664e-03 -1.0512748971e+00 1.1447038825e-01
2.1932826000e-03 -4.9495062557e-01 2.4605414661e-02
-4.7347240379e-02 -3.2987717279e-03 -9.5501533131e-02
-5.0291402764e-02 -5.4213793666e-02 2.3145613147e-02
-1.6346774961e-02 -7.6904746562e-02 3.0553841073e-02
-2.0349505350e-02 -8.0423473422e-02 1.2755984371e-02
-1.4200567733e-02 -7.7804760367e-02 -6.2551610766e-02
-5.8343015150e-02 -7.3871352090e-02 -5.7119498821e-02
-1.5792599942e-01 2.3755871858e-01 2.1037229921e-01
-3.3890096337e-01 8.2714746359e-01 5.5686223988e-01
-3.5472654098e-01 9.1045974435e-01 4.2707173639e-01
-2.4434997333e-01 4.8739480325e-01 7.9643701871e-02
-1.2238560341e-01 7.5589031740e-02 -4.4301966372e-02
-2.2097781374e-02 -3.2294419305e-01 -4.8509342891e-02
4.7429289132e-02 -8.3618038603e-01 5.9567094576e-02
1.3597823302e-01 -1.0658922990e+00 2.5723771177e-01
2.7050298495e-01 -7.1081215794e-01 3.7341027868e-01
1.0790940039e-01 -8.3679909664e-02 1.0167472893e-01
-3.1017279885e-02 -7.1128377781e-02 6.7163195811e-02
-1.2934135351e-02 -9.7498102964e-02 5.3970746260e-02
-1.0511100968e-02 -1.0180561329e-01 3.9707817587e-02
-1.6019031421e-02 -6.2535205095e-02 -4.8707780283e-02
-6.4622283984e-02 -8.5057754478e-02 -4.9281397707e-02
-2.1779329482e-01 1.1475452142e-01 8.8350585090e-02
-4.5921521243e-01 5.8212979658e-01 3.7336974180e-01
-1.8811023597e-01 7.8030114165e-01 4.7150422717e-01
5.3944460620e-01 5.1857919408e-01 3.5730153623e-01
7.7598356549e-01 6.5238088518e-02 5.6432688065e-02
6.9205493353e-01 -3.3532098365e-01 -1.3244307913e-01
7.8573927251e-01 -5.1357127204e-01 -1.4451693638e-01
7.4108001726e-01 -5.5598219104e-01 2.4498566925e-02
8.0138137361e-01 -1.6711109433e-01 3.5064928942e-01
5.7213545562e-01 1.6448496962e-01 2.3467013026e-02
7.8150348311e-03 -7.2216686051e-02 6.6054247236e-02
-2.8667735656e-02 -9.6733736902e-02 7.5696080389e-02
-1.8623630134e-02 -9.3969448009e-02 4.2991409148e-02
-3.3811975668e-03 -6.8735302233e-02 -2.9543952247e-02
-3.1000620873e-02 -9.7886078477e-02 -7.1444264593e-02
-9.7964853249e-02 -5.8970519858e-02 -4.5471079165e-02
-1.2586267281e-01 2.2973957053e-01 2.3706781382e-01
4.5836071946e-01 1.2016714781e+00 1.1635976734e+00
1.1869231093e+00 1.4616441980e+00 1.2432297937e+00
1.2411261004e+00 1.4257981159e-01 1.2803775814e-01
8.5966545953e-01 -7.6955872867e-01 -3.0045881701e-01
1.1019745404e+00 -3.4359038290e-01 -3.1682383178e-01
1.6192534321e+00 5.4128884171e-01 -8.7121945925e-01
1.9737880979e+00 1.6751027308e+00 -6.8736741716e-01
1.8288714023e+00 1.7341078945e+00 -9.2625935101e-01
1.6308099172e-01 5.0499187462e-02 -1.9535119993e-01
-8.3370726871e-03 -1.2093166086e-01 6.0786272951e-02
-5.0704959770e-03 -1.0208219442e-01 4.6482747397e-02
2.9771696767e-02 -6.1138802446e-02 1.5594809105e-02
4.3333201933e-02 -7.6639660669e-02 2.0900589382e-02
4.0290163641e-02 -6.6067150307e-02 3.1308726373e-02
-9.6121203497e-02 1.5501268940e-01 2.4108800881e-01
-5.2864975287e-01 1.1285490471e+00 1.1007110833e+00
-9.2418649988e-01 1.5794072228e+00 1.4883708517e+00
-5.4279836891e-01 8.0294882360e-01 7.2119464486e-01
-1.6898813746e-01 -2.6129244548e-01 -2.6355232833e-02
-1.3010006546e-01 1.7011330757e-01 -2.4105586082e-01
6.0893002419e-03 9.3550161895e-01 -1.0751286579e+00
-1.3290901827e-01 1.1441634631e+00 -9.0814549749e-01
6.2053268243e-01 1.9446031122e+00 -5.4636977642e-01
2.4587818857e-02 -3.1683093191e-03 -7.3212640445e-02
2.1202982572e-03 -1.3242859132e-01 5.8782630355e-02
4.0376233954e-03 -9.6960844005e-02 2.4284720808e-02
4.0326109690e-02 -6.1736831742e-02 3.7105514472e-02
5.2308234889e-02 -7.3769777381e-02 3.0634891311e-02
6.2492569891e-02 -7.1829722511e-02 4.0438863679e-02
-2.4798512115e-02 -4.1339373234e-02 3.9187299560e-02
-4.5402840644e-01 1.6833706483e-01 2.9927318925e-01
-1.4795555563e+00 4.5368020492e-01 9.1683286449e-01
-1.9405846338e+00 1.1664802098e+00 1.1651629966e+00
-1.4117168887e+00 9.1584739560e-01 4.8763249232e-01
-1.0811682403e+00 1.0264950835e+00 -6.6092560326e-02
-9.1635474719e-01 2.3238077851e-01 -5.1566797283e-01
-7.9921524017e-01 2.7612461397e-01 -4.2876774140e-01
-2.5183608902e-01 1.3583159141e+00 -2.8813945859e-01
-3.2016995373e-02 -6.5956814502e-02 -4.6137276097e-02
3.5428584405e-02 -1.3846593882e-01 1.4212452110e-02
8.0400779348e-03 -1.1304559406e-01 6.3738103861e-03
4.1554681900e-02 -6.3790793142e-02 3.0796250196e-02
4.7789987915e-02 -8.0674554866e-02 3.1505613852e-02
5.0925832371e-02 -8.0891656134e-02 4.1175892477e-02
2.9540349909e-02 -9.1450775803e-02 -8.1237987384e-04
-5.2958478670e-02 -7.6009036259e-02 2.1099539723e-02
-3.4504387193e-01 -2.1252828344e-02 1.6602351145e-01
-1.0698989849e+00 2.6691744506e-02 4.1711595451e-01
-1.6532309306e+00 2.1632175006e-01 4.0826054725e-01
-1.5880378581e+00 8.5014627940e-01 2.8960814649e-01
-1.0222719354e+00 6.4289701365e-01 -7.8399094681e-03
-4.1695340653e-01 5.3491638122e-01 -3.0283266465e-01
-2.6503133222e-01 9.4249816473e-01 -2.7961504695e-01
6.8309198654e-03 -1.0862821671e-01 -6.0387360979e-02
3.7667653882e-02 -1.4626277167e-01 1.0774505172e-02
6.5544207392e-03 -1.1393010667e-01 8.3451139021e-03
4.2345972817e-02 -5.6135811025e-02 1.6749362922e-02
4.1465253013e-02 -7.4015945409e-02 -2.5399163480e-03
5.4049560412e-02 -8.5360749001e-02 -7.7046475587e-03
1.9485889425e-02 -9.6940803880e-02 -4.3947307124e-02
1.3118661181e-03 -9.9579652602e-02 -4.3575503546e-02
-2.9874251201e-02 -9.1838621321e-02 -2.9253380410e-02
-1.6717045051e-01 -1.7166471134e-02 6.4910217592e-02
-5.2258572531e-01 2.5190975495e-02 2.1580380465e-01
-9.2118787965e-01 4.4018739713e-01 4.3455467064e-01
-7.3705519267e-01 5.3835465490e-01 4.2491907754e-01
-4.4256510814e-01 5.9897291982e-01 -1.8814930470e-01
-4.4770147777e-01 9.6392097022e-01 -1.5847265545e-01
-2.1863750738e-02 -7.1621439179e-02 -1.6379593959e-02
2.5060352141e-02 -1.3822282198e-01 5.5680075963e-03
-5.0692806422e-03 -9.7427939010e-02 3.8825046822e-03
2.8560779653e-02 -6.7608884866e-02 -2.0823090657e-02
3.3830802322e-02 -8.4961789731e-02 -2.9596254660e-02
4.3608904403e-02 -9.6921295272e-02 -3.8219721347e-02
2.4379584971e-02 -1.0517118964e-01 -6.2373060683e-02
2.2781661531e-02 -1.0988202595e-01 -5.9010484988e-02
8.6957104539e-03 -1.0653956565e-01 -7.7346370771e-02
1.9326168925e-02 -9.6156208374e-02 -8.2289461166e-02
-1.7113819246e-02 -7.0617815527e-02 -5.3623740800e-02
-1.5900636523e-01 1.0934287765e-01 1.5891585017e-01
-2.4634948629e-01 3.5459527975e-01 3.6650972909e-01
-3.7433605711e-01 6.9746417982e-01 1.3414516879e-02
-4.3530550761e-01 8.1102325948e-01 -1.7684398034e-01
-2.1544885515e-02 -2.4748308306e-02 -8.6866125307e-03
4.0204005163e-02 -1.1845587864e-01 1.8654425773e-02
5.9480174937e-03 -8.9736722788e-02 1.5065147716e-02
3.5077290924e-02 -7.1469284754e-02 -2.1395865034e-02
3.6170973997e-02 -8.8609071110e-02 -3.8714258507e-02
5.6113411590e-02 -8.9428972083e-02 -3.0441396053e-02
2.7494438292e-02 -1.1057418871e-01 -5.5811859295e-02
1.1712522880e-02 -1.2477841184e-01 -5.9437644564e-02
8.3013844850e-03 -1.2556498213e-01 -9.1198505686e-02
2.7327574714e-02 -1.1991612513e-01 -1.0712372280e-01
5.9027397978e-02 -1.0145535416e-01 -8.4881825525e-02
1.3132505194e-03 -2.6188590486e-02 -5.9262887470e-03
-9.2919890330e-02 1.2454959718e-01 6.3294754745e-02
-1.4626129471e-01 1.7765326288e-01 2.8905475024e-03
-1.3365320428e-01 1.6125752352e-01 -3.0109734932e-02
1.6771107049e-03 -6.9303311481e-02 5.4688025491e-02
3.4531645422e-02 -9.8101519359e-02 3.7292276990e-02
5.3451149866e-03 -8.2078521089e-02 1.8060642499e-02
2.9409976854e-02 -8.3584598010e-02 -3.0703518981e-02
3.6512920565e-02 -9.2641097408e-02 -4.9580713037e-02
4.5734789878e-02 -9.8262243522e-02 -3.2863190204e-02
2.9728126689e-02 -1.1427809049e-01 -5.1351772010e-02
1.0647556138e-02 -1.4033692762e-01 -5.5596345868e-02
6.7376685065e-03 -1.5072874133e-01 -9.5761934828e-02
2.6948790033e-02 -1.4356079683e-01 -9.1610975611e-02
5.5742123307e-02 -1.4086593847e-01 -9.2235538109e-02
5.4274088730e-02 -1.0852364435e-01 -4.6290599197e-02
3.8343413635e-02 -8.4979656284e-02 -3.5715497157e-02
3.1893141949e-02 -8.1834511573e-02 8.9507532275e-03
5.3014371701e-02 -9.1408784186e-02 8.5890165787e-02
3.8608929756e-02 -1.1195728364e-01 1.0336357295e-01
3.8660796750e-02 -1.0330404685e-01 5.3465308402e-02
1.4091724799e-02 -1.0052242156e-01 3.9412474969e-02
1.2023271779e-02 -3.0737804914e-02 5.6814078804e-02
2.7518026502e-02 -5.1848385801e-02 2.8422820864e-02
-3.8547096839e-02 -7.4089992014e-02 5.2487031996e-02
-2.0523615214e-01 -1.0628222765e-01 -7.0346982193e-02
-2.5291313012e-01 -1.7674966051e-01 -8.5434089083e-02
4.9122914690e-02 -1.1311856331e-01 -2.0402666348e-02
4.5872208790e-01 1.0148975289e-01 1.5231484294e-01
7.0198878769e-01 2.8732854349e-01 1.0394633992e-01
8.9032311431e-01 4.0931893440e-01 3.3392640397e-02
9.0944074144e-01 4.5748906598e-01 -2.8595168165e-01
3.1281339857e-01 1.1542403186e-01 -3.1968290184e-01
-1.8095938049e-01 -1.3435768633e-01 1.3623955685e-01
-1.4403582179e-01 -1.1612964174e-01 1.9061668955e-01
-4.0616431439e-02 -6.5883111541e-02 9.4293915385e-02
-3.6547012259e-02 -7.7228021398e-02 4.7004983247e-02
3.6481861395e-02 -1.7538433854e-02 5.8038046527e-02
4.9448059363e-02 -5.2885505210e-02 1.8017865332e-02
1.8186706163e-02 -7.2806884214e-02 4.5260864905e-02
-6.9414060832e-03 -9.3245630854e-02 -4.8720734617e-02
2.5115213765e-01 5.0033019112e-02 1.7124656208e-01
8.2579844057e-01 4.0059179923e-01 3.9286769831e-01
9.4182315217e-01 5.0736344677e-01 4.2730236732e-01
7.3144925239e-01 3.1921914165e-01 1.1065730362e-01
4.6090636459e-01 1.9567091264e-01 1.2881288612e-02
5.3167784140e-01 3.1536343830e-01 -2.9905201837e-01
4.8363678622e-01 3.4738623239e-01 -5.9429980340e-01
-6.6722218195e-02 -8.6278589312e-02 -1.2301525643e-01
-1.1798836048e-01 -1.4440383168e-01 1.4386613537e-01
-4.5382055397e-02 -1.0011638941e-01 6.6976145974e-02
-3.1954554602e-02 -1.1337131792e-01 3.8569430874e-02
1.0824036348e-02 -9.7004586545e-03 4.7159275691e-02
1.7095946716e-02 -4.9240792285e-02 1.2354769318e-02
3.6322801602e-02 -1.0675706649e-02 1.6667816424e-01
3.1986213529e-01 2.2821007545e-01 3.7018426374e-01
7.4559183359e-01 5.8000454940e-01 6.8325766873e-01
6.0663439089e-01 4.8604658421e-01 4.2863708598e-01
2.8718407500e-01 3.1269217042e-01 1.2892962273e-01
4.0788217428e-02 5.6419446539e-02 -1.4901293811e-01
-2.8989124412e-01 -2.8917444881e-01 -6.2624988179e-02
-2.8107738447e-01 -2.6607783510e-01 1.7521338108e-02
-2.2265884779e-02 1.0559278155e-01 -2.0701443498e-01
-4.7337163449e-02 -6.8485107484e-03 -1.3432051331e-01
-1.0394297132e-01 -1.2756544207e-01 7.3166839904e-02
-6.0797459841e-02 -9.3998155580e-02 3.9326929529e-02
-3.8898738876e-02 -1.0293656866e-01 1.5879130884e-02
2.7884964060e-03 -1.3305753941e-03 1.7769303264e-02
3.9579093298e-02 -2.3243639642e-02 -3.2459506454e-02
1.2656011904e-01 2.0805574526e-01 3.0521552266e-01
4.3021417084e-01 6.3646115105e-01 5.6425522421e-01
4.1263972906e-01 5.6063961934e-01 4.3055203612e-01
1.6226002925e-01 2.7101446542e-01 9.5638054983e-02
1.0186566285e-01 2.9659497784e-01 -7.2288468888e-02
-5.1330719582e-02 5.7249837571e-02 -1.7866346499e-01
-4.5465005027e-01 -5.8702687135e-01 2.0686753663e-02
-5.2490007804e-01 -9.4575909400e-01 2.5671412552e-01
-2.8333092588e-01 -4.6805539050e-01 2.4345789498e-01
-2.0679607318e-01 -3.0351864513e-01 1.3795687354e-01
-1.0570186981e-01 -1.3374827175e-01 6.6254532621e-02
-3.7345174005e-02 -7.7399441428e-02 7.8411813550e-03
-2.8291905322e-02 -8.8396558427e-02 -1.7133015053e-04
-4.1636720949e-03 -1.8562704760e-02 -5.3603183461e-03
1.1537245385e-01 1.0267247876e-01 1.5972094813e-01
3.2309797080e-01 5.7477893242e-01 7.3027158936e-01
3.3862534771e-01 6.1575355705e-01 5.8262231757e-01
2.1832539067e-01 4.1448378414e-01 3.0413578996e-01
5.3667695581e-02 2.5478894213e-01 2.1640533567e-02
-7.9562737242e-03 1.0720681482e-01 -1.0542621897e-01
-7.4703762833e-02 -2.3299253680e-01 -1.0075449390e-01
-2.2739109660e-01 -8.7513314269e-01 1.2639306098e-01
-3.3424957152e-01 -1.4356797303e+00 4.5711493149e-01
-2.7915023962e-01 -1.3423853659e+00 6.7023874981e-01
-2.0220866059e-01 -8.6654221088e-01 1.9450789225e-01
-7.2222711838e-02 -1.9995455804e-01 3.6887177534e-03
-2.2468251495e-02 -7.0231632393e-02 1.0175963453e-02
-1.4692604957e-02 -7.8558697324e-02 2.6174352614e-03
-9.6759998507e-03 -3.3036272393e-02 -4.8972110474e-03
1.0738237427e-01 2.2786955575e-01 2.6818621979e-01
6.2505969767e-02 5.2336252966e-01 5.8103725620e-01
-2.9674250724e-02 3.1308618474e-01 2.2143792001e-01
-9.5138295637e-02 1.6453771014e-01 6.4754472626e-02
-8.6513119761e-02 1.5947236051e-01 -5.8883161144e-02
-3.9531232139e-02 -5.0248882294e-02 -1.0920029111e-01
9.8171544323e-03 -5.0010357719e-01 -5.9565629224e-02
-1.2898902841e-02 -1.2907720867e+00 1.4466050917e-01
-8.8183200781e-02 -1.8080435904e+00 4.7815279801e-01
-7.1845796724e-02 -1.7724279949e+00 7.7802333478e-01
-2.2027136564e-02 -9.7364244181e-01 -5.4143272432e-02
-5.1542583264e-02 -1.7305725540e-01 -8.4843736850e-02
-2.1778867697e-02 -6.0096054504e-02 1.7547904884e-02
-1.4859293145e-02 -7.6038257463e-02 6.3592658897e-03
-1.8512557622e-02 -5.0067466092e-02 -1.0907160680e-02
-2.9724052390e-02 1.7314884164e-01 1.5214527382e-01
-2.2267706503e-01 3.8575781755e-01 4.5067855312e-01
-2.4478051253e-01 1.1779326542e-01 1.2677672418e-01
-1.9629355267e-01 -1.7328582877e-01 -4.4271119921e-02
-1.8240569049e-01 -1.6280293512e-01 -1.2772966086e-01
-2.4192737829e-01 1.8650653649e-02 -3.3225267642e-02
-1.4042101561e-01 -2.6890474827e-01 -2.5961145412e-02
7.2176406782e-02 -1.2004216521e+00 1.0292494280e-01
1.6776706909e-01 -1.5262613751e+00 4.0140110996e-01
3.0944882921e-01 -1.3352638670e+00 9.2240181812e-01
2.7187942443e-01 -6.2665257735e-01 2.8560132402e-01
-1.8813597863e-02 -1.1327168660e-01 5.1811351369e-02
-1.3497089037e-02 -7.8773353826e-02 5.1124143069e-02
-8.4563989043e-03 -9.7494114014e-02 3.7572771957e-02
-2.7657635343e-02 -7.4985749767e-02 -5.5264793219e-02
-1.1925654272e-01 6.3475585686e-02 1.2413008838e-02
-4.3253453766e-01 4.8904544220e-01 3.6659935259e-01
-3.8367812560e-01 3.5587616770e-01 2.6731008750e-01
9.0981285032e-02 -1.1537463678e-02 8.7411241491e-02
2.5422060176e-01 -2.3179956852e-01 -6.2079973831e-02
-3.2943756594e-01 1.0210973230e-01 1.4350013215e-02
-6.5402725398e-01 2.3275727717e-01 4.0518324332e-02
-7.7205262420e-03 -4.9687659207e-01 5.6018058418e-02
2.0535956853e-01 -7.0478362576e-01 1.3740563003e-01
6.7172029802e-01 -3.6381994008e-01 4.8576778547e-01
7.6626099862e-01 -2.0268227973e-01 1.5288272673e-01
1.9046817708e-02 -9.4062223419e-02 7.7520946179e-02
-3.7591414482e-02 -7.5266835945e-02 8.2215227866e-02
-1.7114543488e-02 -8.1745486333e-02 4.6208410153e-02
-2.4082037629e-03 -6.9941153162e-02 -2.0670496006e-02
-7.2030277274e-02 -9.8308046901e-03 -4.8755775730e-02
-3.2097184126e-01 2.5095450818e-01 1.5021294601e-01
1.2816695064e-01 5.2556623064e-01 5.8613051235e-01
1.2294014110e+00 7.2389042282e-01 9.0788114200e-01
1.3851454250e+00 -3.4893576038e-01 -2.1925308388e-02
6.8824222766e-01 -1.0221798849e+00 -5.1089976199e-01
-8.3635732815e-02 -5.7538424491e-01 -2.2372688337e-01
7.6394204713e-02 -4.8998624729e-01 3.0653870926e-02
5.0255456572e-01 -2.6071694495e-01 -4.2099747122e-01
1.1210344762e+00 3.7726328308e-01 -5.5079566750e-01
1.7663847865e+00 4.4072392176e-01 -4.4800711370e-01
2.5715680860e-01 -9.8136405549e-02 -1.0832279766e-01
-2.6118467584e-02 -9.4048320900e-02 6.4636445950e-02
-4.7255473448e-03 -9.2678844062e-02 5.3416112963e-02
2.5775251836e-02 -6.3332352083e-02 1.6024580756e-02
4.6365225475e-02 -5.5852476383e-02 3.6137250507e-03
-3.0639710278e-02 1.6308997251e-02 8.4016219891e-02
-7.4451797837e-02 4.5326362614e-01 6.2327013755e-01
-1.8757507738e-01 1.0633884463e+00 1.0043787513e+00
-2.8728626894e-01 4.5712955843e-01 4.6159443603e-01
6.5925546206e-02 -4.0789867471e-01 -1.1183886596e-01
1.9314068463e-01 -4.9728775072e-01 -2.5091083759e-01
-4.3915009579e-02 -2.9186988764e-01 -3.7744078187e-02
6.5598801805e-02 1.1490565935e-01 -7.5462800676e-01
-1.3368745872e-01 -2.9551548665e-02 -4.3422192564e-01
6.5572153633e-01 5.1307567042e-01 4.6717083127e-01
1.1740625057e-01 -1.4630300591e-01 2.2803066570e-01
-8.2916943015e-03 -9.1353289422e-02 5.1556421398e-02
1.0573328957e-03 -7.3647074019e-02 3.1924899779e-02
3.8320203662e-02 -5.9641747136e-02 2.8220435328e-02
7.4209585695e-02 -6.7119639799e-02 -5.3344946534e-03
3.7119489752e-02 -6.9724895321e-02 2.1532848243e-03
-2.3597426937e-01 -4.1392380568e-02 4.4721606764e-02
-8.5076044341e-01 -5.7751977375e-02 2.1828437010e-01
-1.2056445725e+00 -9.4236247610e-03 6.0669986973e-01
-1.2002234928e+00 3.1677625687e-01 6.3797669631e-01
-5.6149256688e-01 2.9505768870e-02 8.4806515797e-02
-2.1784186284e-01 -7.0579365922e-02 -5.9527304883e-02
-1.5876771733e-01 -1.7386762494e-01 -3.4195877344e-01
-2.6875827585e-01 -2.1013322790e-01 8.4708549300e-03
-9.6108099291e-02 4.6869486151e-01 4.3012098937e-01
-2.0797228534e-02 -1.3292755727e-01 1.3140213067e-01
2.4830630809e-02 -1.0543254793e-01 3.9799198323e-03
5.4717720024e-03 -9.1189604889e-02 8.7840389282e-03
2.7368335426e-02 -6.0011004579e-02 2.3380506651e-02
5.5559981893e-02 -7.3785140115e-02 1.7620217143e-03
5.6579191829e-02 -7.3498706791e-02 2.4084202708e-02
6.3235478606e-03 -1.0388414559e-01 -6.1681127219e-02
-9.6345590983e-02 -2.2637468265e-01 -3.0798300725e-02
-3.1679667818e-01 -5.0644258401e-01 -2.2876405318e-02
-8.4017223004e-01 -6.7482359364e-01 6.9375395211e-02
-9.8148497433e-01 -5.3585781050e-01 1.1310143501e-01
-7.2780608503e-01 7.8618478467e-04 1.3375670089e-01
-4.1865639003e-01 8.1812280036e-02 2.3045107139e-02
-1.1837719685e-02 -2.6599153398e-01 -4.9530466902e-02
-2.4109513109e-02 1.3972667419e-01 4.5260053852e-02
5.0844665601e-02 -1.9998568726e-01 2.0730584237e-03
3.5022895372e-02 -1.1383931499e-01 1.5340254386e-02
6.3204647117e-03 -9.2917659720e-02 1.4688106779e-02
1.8373509437e-02 -5.4254818689e-02 1.2487337908e-02
3.0347259954e-02 -7.1412472947e-02 -2.9885885243e-02
2.7948234206e-02 -8.2626097700e-02 -2.8104680624e-02
2.7806529440e-03 -8.3848891850e-02 -5.6675065006e-02
-2.3161049251e-02 -5.9186079034e-02 -1.5558234887e-02
-1.0641540222e-01 -5.8619323400e-03 -3.0823139053e-02
-3.2549263424e-01 1.2689608264e-02 1.3406779833e-01
-5.6577631645e-01 -4.4306692301e-01 2.5524571371e-01
-5.9294123664e-01 -8.9809762093e-02 3.2213432777e-01
-4.5283688795e-01 3.6400222468e-01 4.2491816191e-01
4.9616135839e-02 -1.0014898552e-01 -1.6492164234e-03
-1.0772508239e-01 3.8198653458e-01 1.8813042617e-01
7.3290082138e-02 -1.3009304446e-01 6.8591830742e-02
2.6762036706e-02 -1.1274759328e-01 -5.7355902964e-03
-7.6056648953e-03 -7.3319306568e-02 5.0814668520e-03
1.4801879992e-02 -5.8963145525e-02 -1.6554004292e-02
2.8227914171e-02 -7.2259827619e-02 -5.0757350646e-02
1.5174902664e-02 -8.6103483217e-02 -4.1769639599e-02
2.5484972295e-03 -8.8645551962e-02 -6.3397094895e-02
4.7775335941e-03 -6.7459335489e-02 -1.8830199024e-02
4.9898540628e-03 -4.8793977314e-02 -7.3762226673e-02
1.2561210516e-03 -4.1368687062e-02 -5.2374236498e-02
-3.3371852451e-02 -1.1237223869e-01 6.6653035354e-02
4.6445551699e-02 -2.3219813315e-02 5.7081550488e-01
-4.3043724864e-01 9.3614539832e-01 7.6570018252e-01
-1.5684476506e-01 6.8120178370e-01 1.7037100855e-01
-6.1019069104e-01 1.2552210464e+00 -8.2043932452e-03
-6.8997725390e-02 2.0353192584e-01 -2.1545872640e-02
6.7053466005e-02 -1.0080997185e-01 9.2551201969e-03
3.4268844217e-03 -7.2264951027e-02 1.8768218530e-02
1.2145917617e-02 -6.5350642982e-02 -3.4549359270e-02
2.8764245224e-02 -8.1569357063e-02 -7.2794621468e-02
2.3019248895e-02 -8.3223970561e-02 -7.1281749841e-02
2.1168103029e-02 -1.0164186211e-01 -1.0932980813e-01
1.0715878131e-02 -9.5255625074e-02 -9.9638505733e-02
1.3009572119e-02 -7.7929150465e-02 -1.2071687983e-01
2.7787499452e-02 -6.6145462903e-02 -1.1162241844e-01
1.9748489807e-02 -1.4463574089e-02 -2.7027410460e-02
-1.1041013237e-01 3.3073656504e-01 3.6054272947e-01
-5.8105128092e-01 1.0804954857e+00 5.3365943418e-01
-4.8380551363e-01 9.0372049090e-01 2.0796491015e-01
-7.9748435844e-01 9.9241909835e-01 -2.8457601173e-01
-2.3436001142e-01 2.2544913499e-01 -1.6992855870e-01
3.8063354593e-02 -6.8770179094e-02 1.3549122871e-02
3.8576246153e-03 -6.3591788255e-02 1.8173481102e-02
1.0190474852e-02 -8.8610531241e-02 -5.1234898747e-02
3.5760735810e-02 -1.0364751784e-01 -9.4776071233e-02
3.3515472042e-02 -1.0356435490e-01 -5.7569224282e-02
2.3366381254e-02 -1.1725559891e-01 -9.0310345604e-02
1.7645505372e-02 -1.2939303178e-01 -8.4928689695e-02
1.8722144485e-02 -1.2806009841e-01 -1.3161413095e-01
3.8949073296e-02 -1.2491212787e-01 -1.2019542679e-01
4.4037081617e-02 -9.4141708798e-02 -1.1095307972e-01
-3.9840128749e-02 5.7254004060e-02 3.5874115206e-02
-2.3102397589e-01 3.0442855808e-01 4.5280161044e-02
-2.2291942229e-01 2.5195887931e-01 2.4695829295e-02
-1.5612350207e-01 1.3581803896e-01 -8.9370318793e-03
-1.3681131455e-02 -3.5726923319e-02 5.7865180151e-02
5.0117545662e-02 -8.3307304223e-02 5.4295612772e-02
2.1021724526e-02 -9.0579423896e-02 4.4591961683e-02
1.6869191799e-02 -3.2434348970e-02 2.4256430490e-02
1.9824913624e-02 -5.8808932833e-02 6.1399928241e-03
-3.3317061934e-02 -7.9992246210e-02 1.5038097560e-02
-1.6544537538e-01 -1.1812669311e-01 -6.2529298738e-02
-6.5252320828e-02 -1.1245694815e-01 1.1687035968e-02
5.2781668350e-01 1.1883673251e-01 2.6860400783e-01
1.1638735417e+00 4.1262865387e-01 4.6551517758e-01
1.2608173825e+00 5.5738342388e-01 3.9153582278e-01
1.5876428512e+00 6.7288256882e-01 1.4308343941e-01
1.8248336220e+00 7.4420186585e-01 -4.9756606058e-01
9.7476705766e-01 4.0648966989e-01 -7.0847172891e-01
-9.5193745955e-02 -5.3315591656e-02 3.2023513164e-03
-1.9085820892e-01 -9.9538777982e-02 1.4285281947e-01
-8.2757208316e-02 -4.8529545274e-02 7.1553909050e-02
-6.4836525116e-02 -5.4134241110e-02 1.7627828111e-02
2.9144372349e-02 -2.5874481728e-02 2.2019238209e-02
3.5740511727e-02 -6.6924570563e-02 8.9557784706e-05
-6.2071819172e-03 -1.1188717414e-01 2.1449786234e-02
1.1008261425e-01 -8.1047864225e-02 1.0655433637e-01
5.7512207444e-01 1.1455043832e-01 4.8186000108e-01
8.2933285075e-01 3.4031221219e-01 5.7448511593e-01
6.4570742264e-01 2.9033666061e-01 2.9980219702e-01
3.1431847967e-01 1.2608215735e-01 2.7909077269e-02
-9.7896680068e-02 -4.1386246315e-02 -9.8671866023e-03
7.5290069085e-02 3.0180501322e-02 -1.2823984203e-01
3.7764178301e-01 2.6756984630e-01 -3.4529335016e-01
6.9124096961e-02 7.6661483388e-02 -1.1225298267e-01
-1.0540489849e-01 -8.8773224157e-02 4.7448266231e-02
-6.1461494022e-02 -6.6077588591e-02 2.3893693920e-02
-4.4700773476e-02 -7.0501398953e-02 1.0222659752e-02
1.1985601826e-02 -2.7777728771e-03 1.3306147769e-02
2.4336658749e-02 -5.8800428502e-02 -1.2292105331e-03
1.4177313126e-01 -3.0672320135e-03 2.4392525805e-01
5.0093398481e-01 1.8790533333e-01 5.6912189716e-01
5.5872687342e-01 2.3695264226e-01 5.5760194914e-01
2.4101372427e-01 1.3587044009e-01 1.8565836747e-01
1.1555672398e-01 1.1581156113e-01 -2.3855654906e-02
1.7582022695e-01 1.5284243889e-01 -9.2640144407e-02
-8.2889345887e-02 -2.9428094070e-02 -4.0299077760e-02
-1.2405742239e-01 -5.2276034499e-02 1.5331277904e-01
1.4641402061e-01 1.7805710624e-01 2.8468360423e-01
4.3284683781e-02 4.8099516250e-02 1.9910648614e-01
-1.1473540493e-01 -8.8378980545e-02 4.4749650084e-02
-5.5572065327e-02 -5.9814089807e-02 -6.4728540765e-03
-5.5749501499e-02 -5.7597609976e-02 -1.4676360954e-02
-5.3041363833e-03 2.1978175056e-02 2.1200158404e-02
7.9037160422e-02 9.8859928600e-03 1.0303878090e-01
3.5904751396e-01 2.0808531054e-01 5.7162326478e-01
2.7139251948e-01 2.2073628694e-01 4.2117182347e-01
6.9292899696e-02 6.0135871518e-02 1.3981199501e-01
4.1374230955e-02 3.1570155394e-02 2.4978076280e-02
4.3898037778e-02 7.1303480164e-02 -4.0356643349e-02
2.6908200710e-02 5.1845543798e-02 -5.3404816120e-02
-1.7977696761e-01 -1.6022266345e-01 -5.9294934395e-03
-2.8521804248e-01 -4.1781368914e-01 2.7006007185e-01
-3.1617405147e-01 -4.9180838051e-01 6.5431220657e-01
-3.1219919610e-01 -4.7530983978e-01 4.5396208304e-01
-1.3790395362e-01 -1.5665107495e-01 4.5400202821e-02
-3.7246406525e-02 -6.3834563644e-02 -2.5310480441e-02
-4.0965891603e-02 -5.8951358744e-02 -3.0035644266e-02
2.9688752383e-02 2.3293650676e-02 8.0617753004e-02
3.1720435256e-01 1.8303771790e-01 4.8296083434e-01
3.5454456055e-01 2.9235323322e-01 6.7497935891e-01
1.0614187674e-01 9.9126444207e-02 2.6672489620e-01
6.7273091326e-02 1.8094981641e-02 1.2286381646e-01
3.4900141556e-02 -2.5151522829e-02 8.3462769589e-03
7.1670963537e-03 -8.4228641500e-02 -4.6551363633e-02
-1.2227556679e-02 -1.0882317782e-01 -3.4420287027e-02
-8.6485110953e-02 -2.3062514448e-01 9.8559571167e-03
-1.7876902113e-01 -6.2156819650e-01 2.7955899578e-01
-3.0401429209e-01 -1.1693603610e+00 5.9420147423e-01
-2.3861914970e-01 -9.2055904906e-01 1.3547066876e-01
-9.4046132051e-02 -1.9907874401e-01 -3.5481944482e-02
-3.1835633018e-02 -6.1616076020e-02 -7.9781807911e-03
-3.5000447333e-02 -5.7611705380e-02 -2.1275633910e-02
6.3723059304e-02 6.3492915635e-02 2.5311478241e-01
2.9317418936e-01 3.1861176037e-01 6.5745088201e-01
6.3000291075e-02 2.0691784286e-01 4.0504760914e-01
-5.8811182713e-02 3.1860971471e-02 1.1676639889e-01
-2.0169636605e-03 -9.5580779926e-02 3.9450370425e-02
1.1854270078e-02 -1.1335480126e-01 -5.5632122630e-02
2.0661592646e-02 -1.6224228401e-01 -8.4946973946e-02
4.8099586332e-02 -1.5501150755e-01 -4.7749988386e-02
4.4552195979e-02 -2.9283192090e-01 1.4283578863e-02
-1.2698633534e-02 -6.3513110824e-01 2.5141885157e-01
1.3332684599e-02 -1.4051442502e+00 6.2721493480e-01
5.9146218470e-02 -1.0127698500e+00 -3.7022896484e-02
-3.4764230273e-02 -1.6669803557e-01 -8.4786089408e-02
-2.8337280336e-02 -5.1929991160e-02 -1.4886780858e-03
-3.5591254479e-02 -6.2251439235e-02 -1.3601619164e-02
5.5422646641e-02 8.4470604729e-02 2.7910171420e-01
9.7425669533e-02 2.7700200684e-01 3.9532148032e-01
-7.3098226636e-02 1.7800080241e-01 2.7151441394e-01
-8.2477154569e-02 -7.1114376427e-02 -2.1762179121e-03
-5.3582174346e-02 -2.4816289075e-01 -6.9212440304e-02
-6.1330750314e-02 -1.6187515011e-01 -7.9974532641e-02
-8.0411519214e-02 -4.3584921738e-02 -4.0306765957e-02
-5.3689843670e-02 -3.4107969032e-02 -5.6874709205e-02
3.5725471494e-02 -2.2556385998e-01 -2.3893754624e-02
7.6146291081e-02 -4.7666362913e-01 2.1952151898e-01
2.2393288930e-01 -9.8712885520e-01 9.4172856370e-01
2.4421856606e-01 -6.9978918810e-01 5.0552494492e-01
-6.8636842876e-02 -6.6119658369e-02 1.6779580776e-02
-1.7929010667e-02 -1.1996519958e-02 3.0699192004e-03
-2.2182198769e-02 -7.5895998884e-02 2.1503286902e-02
-4.0811589177e-02 3.4348841744e-03 6.2035310117e-02
-6.6558492105e-02 1.6769758917e-01 7.3088824798e-02
-1.9112136331e-01 2.0783513429e-01 1.1973102559e-01
-1.5482508476e-01 -2.8780557313e-02 -5.9390464518e-02
-2.9550761726e-01 1.5544726064e-02 -9.2309583373e-02
-2.4405790819e-01 5.1946167407e-02 -6.9092246657e-02
-1.9545983250e-01 1.6771202447e-01 6.9475158377e-02
-6.1831169604e-01 2.8183490028e-01 7.2525453772e-02
-3.5398317772e-01 -2.6548134744e-02 2.0607921843e-02
-1.2930618957e-01 -1.4510368354e-01 1.0067789744e-01
5.6667286333e-02 -3.5131479752e-01 6.0777459544e-01
5.2104259147e-01 -1.3815132802e-01 2.1026041344e-01
-8.2942280455e-02 1.7357573176e-01 -1.7920891940e-01
-7.7983901562e-02 1.2985523227e-02 9.6932110887e-03
-2.9497492005e-02 -6.2773048833e-02 3.4719401086e-02
-1.2419708007e-01 3.7092569495e-02 9.1379298427e-02
-4.3092596737e-01 2.5451386451e-01 1.5673606713e-01
-4.4645266955e-01 2.7468117489e-01 1.2924602607e-01
3.0610821230e-01 2.0934877751e-01 1.8634449592e-01
8.3076486175e-01 -6.6001499503e-02 -1.7309873785e-02
7.5854059122e-01 -3.2701424262e-01 -2.5271054541e-01
6.7500930030e-01 -1.8822468578e-01 -5.5489975074e-02
-1.4653714705e-01 5.8977294829e-02 1.6582771455e-03
-3.4523101243e-01 1.5103319368e-03 -4.2393629213e-02
-1.0505977219e-01 -7.5683865274e-02 -1.8637728556e-01
-3.4816296522e-01 -3.4927721395e-01 -1.8114053008e-01
7.4891903378e-01 -1.5050080057e-01 -2.1209883778e-01
2.7559874936e-01 1.3689008085e-01 -3.1558173529e-01
-2.9851567822e-02 -2.3126468477e-02 1.2136939760e-02
-9.8499685670e-03 -7.2266955091e-02 4.1145064731e-02
-4.6899181803e-02 -2.7348323624e-02 3.7753846175e-02
-3.6607027844e-01 6.8520785710e-02 6.5422257552e-02
-5.9816371577e-01 9.2894225308e-02 2.0611838576e-02
-1.1802114027e-01 2.0656525099e-01 1.9867382474e-01
2.6689816318e-01 2.0764367689e-01 -6.0503675221e-02
2.4476840717e-01 1.3817975261e-01 1.7610772145e-03
4.2932284198e-01 -2.1607103083e-02 1.0847072252e-01
5.2060169625e-01 -4.5178582682e-02 -1.9606296432e-02
3.2627714588e-01 1.1118570225e-02 -5.2318951527e-02
8.3473175917e-02 1.0327296200e-01 -3.7508883011e-01
-3.0581400417e-01 -1.5912997209e-01 -2.0396426046e-01
3.9817797666e-01 -3.7550094937e-02 4.7570242075e-01
1.3603663135e-01 -3.8151979540e-02 1.8573560403e-01
-2.0656360177e-02 -2.8659875099e-02 5.1028523506e-02
-8.1422268835e-03 -4.7070183366e-02 2.1848738792e-02
2.4796528683e-02 -6.6139973879e-02 5.0281624984e-03
-2.6071802663e-02 -8.1598386634e-02 -6.2672230641e-02
-2.2187171907e-01 -1.9602494880e-01 -2.1759967466e-01
-2.8440299315e-01 -3.1067505501e-01 -3.5689897083e-01
-3.7347593299e-01 -2.0545605829e-01 -3.7814146659e-01
-3.7863581905e-01 -9.6919577859e-02 2.3202650798e-02
-2.9390771786e-01 -8.5275215938e-02 1.5959857019e-01
-1.1958269022e-01 -9.2340904160e-02 -2.8718721435e-02
-1.5234618098e-02 -4.8076823429e-02 -2.3960908034e-02
-8.9705692879e-03 2.2011211166e-02 -1.0908647108e-01
-9.5452825758e-03 5.6957517865e-02 -1.8618177465e-02
3.4346796924e-02 7.4831844601e-02 2.2769383523e-01
-1.9395752688e-02 -6.3246492661e-02 5.8908953207e-02
8.1647519913e-03 -2.6120119774e-02 7.1643839188e-03
2.5972065322e-04 -5.7103502812e-02 -4.4166105726e-04
2.2561993749e-02 -6.6327162787e-02 4.7773610182e-05
4.5960645633e-02 -8.6398887349e-02 -3.7204479521e-02
-3.2934108091e-02 -1.1465704419e-01 -6.7789539584e-02
8.3810157836e-03 -2.1480039762e-01 -2.6111684958e-01
9.3122416649e-02 -4.1338571115e-01 -3.1638890265e-01
-1.8390859203e-01 -5.8268778384e-01 -1.9095494637e-01
-4.5997397602e-01 -4.9347176693e-01 -2.3065653175e-01
-4.4258101435e-01 -4.5015215787e-01 -1.0502698738e-01
-2.0497135287e-01 -2.2721672272e-01 -2.6464748271e-03
-9.2942511427e-02 -3.6287588720e-02 2.0630890874e-03
4.1280290180e-02 -3.6798205416e-02 -3.1615480369e-03
3.7391122372e-02 -1.7974253592e-02 4.1722539267e-02
4.7655522594e-02 -8.9849880262e-02 1.5982422302e-02
1.0935659820e-02 -3.2722460733e-02 8.9350509817e-03
-3.9595742966e-03 -5.3276469888e-02 5.0574921992e-04
-1.3053311067e-02 -4.9679140078e-02 2.8747726044e-03
1.5092664694e-02 -7.5084552621e-02 -3.0112153595e-02
-3.9058488933e-02 -7.8031354585e-02 -2.4880368656e-02
-5.6536502947e-02 -6.2610958396e-02 -8.0696486578e-02
-1.2265698259e-01 -5.3388956164e-02 -3.7176634298e-02
-1.9087561653e-01 -2.0026202761e-01 -1.2581311230e-01
-1.3676148334e-01 -3.6214176448e-01 -4.1572270342e-01
-1.9141030889e-01 -4.7793183485e-01 -3.0077087881e-02
3.2414296162e-02 -4.4490297614e-01 7.9578888016e-02
-7.8761970969e-02 5.5510075722e-02 2.0068611254e-01
1.6481449451e-01 -5.7535879838e-02 1.2602139759e-01
5.6835890179e-02 1.4271224124e-01 3.4710545023e-01
7.5068599144e-02 -1.7548859162e-02 1.0199539086e-01
3.8409256793e-02 -5.2202806763e-02 -3.8620679736e-02
-2.0408501349e-02 -4.4285204586e-02 -1.5838159271e-02
-2.1151210022e-02 -5.0422804957e-02 -2.1829641050e-02
8.5548811484e-03 -7.6750735648e-02 -5.1040187054e-02
-2.1940306633e-02 -7.6652444745e-02 -1.5141680480e-02
-1.9067114101e-02 -7.0308587817e-02 -1.8717357505e-02
-2.6604994277e-02 -3.2305413944e-02 4.7631840842e-02
1.2659342485e-02 -7.7077706475e-02 -7.8773286147e-02
5.9575087547e-02 -1.5131317426e-01 -1.4489034998e-01
1.7636201170e-01 -1.9313843023e-01 2.0700701519e-01
4.0172131627e-01 -2.4710076182e-01 4.3413353361e-01
-2.3476776070e-01 4.4867820478e-01 3.9283468475e-01
2.5707215488e-01 1.3925779443e-02 3.8778801861e-01
-5.0550630601e-01 5.3446130530e-01 6.2476158730e-01
-3.3012825745e-01 2.5724102106e-01 1.5115686138e-01
8.9746997746e-02 -6.0284661881e-02 -1.2329756130e-02
-7.1189232523e-03 -5.4880710619e-02 -3.0160288646e-04
-2.3267024292e-02 -5.4305846481e-02 -2.0801533261e-02
-5.0282973418e-04 -8.3653827648e-02 -5.4245027474e-02
-2.8654550670e-02 -7.7037190677e-02 -1.2356016247e-02
-3.7467087357e-02 -9.0343382647e-02 -2.6556331258e-02
-3.5760872087e-02 -6.2479172848e-02 1.0173984526e-02
-2.2085643301e-03 -6.4881748407e-02 -5.1685315044e-02
-2.3097461633e-02 -1.9808912662e-02 -2.7996488387e-02
5.1424119593e-03 1.2970681562e-01 3.5821327582e-01
-1.4187067317e-01 5.7082140605e-01 9.2747251586e-01
-1.0144810771e+00 1.2387613328e+00 4.6011447155e-01
-5.1420766788e-01 7.2532176152e-01 2.7097267609e-01
-1.3960809874e+00 8.8464161871e-01 -1.2624011345e-01
-9.1124859594e-01 4.3729237758e-01 -4.1511469116e-01
1.5961116914e-02 -2.8049031604e-02 -3.1223548982e-02
-7.5576410688e-03 -4.7722839837e-02 6.5645080521e-03
-6.6587710745e-03 -9.1819677143e-02 -4.0578283212e-02
2.1609006392e-02 -1.2400456624e-01 -9.1490883873e-02
1.6869392137e-03 -1.2679700934e-01 -3.7713548865e-02
-5.3098896507e-03 -1.3068086366e-01 -7.6481501756e-02
-1.7091841151e-02 -1.3174937175e-01 -5.6246601200e-02
1.4968248380e-02 -1.2478042824e-01 -1.2168612117e-01
8.8110032042e-03 -1.0181235839e-01 -1.0166341150e-01
-7.4262588537e-02 3.6846055835e-02 6.5401823449e-02
-3.9223291856e-01 5.2875584839e-01 5.3777730507e-01
-1.1014899774e+00 1.1093362953e+00 3.0024941204e-01
-8.7317644946e-01 8.4680279423e-01 -5.5743254967e-02
-7.1766553126e-01 4.4256271625e-01 -2.3189034944e-01
-3.3031834081e-01 9.9122366648e-02 -1.9029264147e-01
2.7928015350e-02 -4.7820745435e-02 2.5241992747e-02
8.8537962022e-03 -7.2530849519e-02 3.4325157560e-02
3.5320790393e-02 -1.5036867874e-02 3.3646544375e-02
2.2926956508e-02 -4.8397915184e-02 1.9612454484e-02
-2.5060300008e-02 -7.5672036139e-02 2.0236910605e-02
-1.0979525661e-01 -1.2359108499e-01 -3.3562382614e-02
1.2373708016e-01 -1.0558287112e-01 1.3703218682e-01
9.5929353161e-01 4.6253810866e-02 5.5889940269e-01
1.5577837548e+00 1.7279015096e-01 7.0735149930e-01
1.6964503178e+00 2.1243490881e-01 5.8460733905e-01
1.9972084532e+00 1.8216634040e-01 2.1776687022e-01
2.1092906374e+00 1.7406418471e-01 -5.5549693868e-01
1.2797237218e+00 7.8830991903e-02 -7.9062633890e-01
2.6044713985e-02 -1.1885452225e-01 -3.8729040400e-02
-1.9194295720e-01 -1.4583588489e-01 1.4988720993e-01
-1.1843802824e-01 -9.4973546956e-02 9.9789989907e-02
-6.2270018013e-02 -7.2872202514e-02 4.1282986796e-02
4.9401498586e-02 -1.4297008588e-02 2.4784348293e-02
3.9816690736e-02 -5.6710908747e-02 1.8127943730e-03
2.8659373875e-02 -9.7868326685e-02 4.2118519447e-02
2.0358663031e-01 -1.1373367879e-01 1.9835467116e-01
7.0918838174e-01 -3.4788554471e-02 5.9659959145e-01
8.0736809291e-01 5.7871705426e-02 5.7948171720e-01
5.1495863324e-01 5.4417646083e-02 2.4549653133e-01
6.8214492603e-02 2.7262691188e-02 -9.3496224859e-03
-4.0632625350e-01 -7.1630522494e-02 3.1907764162e-02
-2.9285090616e-01 -7.4105759328e-02 8.3211816058e-02
2.7388576134e-01 7.2251819615e-02 6.1139959264e-02
5.2337535407e-01 4.7583195968e-02 -1.3845128867e-01
5.1483949828e-04 -8.8673023015e-02 -7.0836324404e-03
-7.2232300919e-02 -8.3189213786e-02 5.3135753738e-02
-4.2823835325e-02 -7.5173046763e-02 3.0375929715e-02
2.0188527896e-02 1.9019509104e-02 2.4008590054e-02
2.3448924962e-02 -2.6857911071e-02 2.8119474398e-02
1.6970625681e-01 -2.7313647988e-02 2.7518079283e-01
4.5685620783e-01 -8.6583346354e-03 5.0202186461e-01
2.9243905310e-01 -2.5545676274e-02 3.3560080045e-01
2.0329558217e-01 -4.8067588872e-03 1.4395378643e-01
1.4222316047e-01 9.3897028961e-03 3.2140378936e-02
1.4574607240e-01 4.1681051207e-02 -7.9151207035e-03
-3.5461406438e-02 1.7296343932e-02 2.0634891035e-02
-5.3915813915e-02 4.0500006697e-02 1.4657997978e-01
4.7561763937e-01 1.4004043654e-01 3.4581367092e-01
5.9677968514e-01 1.1401423858e-01 1.8594687238e-01
-2.0878871002e-02 -6.4386600965e-02 1.2911930936e-02
-9.5998249837e-02 -7.3510291792e-02 2.8193239222e-02
-3.8518724911e-02 -6.0123535002e-02 1.8342803048e-03
2.6732608106e-03 3.9639211136e-02 3.6625778095e-02
1.0758849435e-01 1.6729354786e-02 1.5688536429e-01
2.7854691507e-01 4.8854519035e-02 4.3579371095e-01
3.8736623746e-02 -3.5266205497e-02 1.2875524800e-01
-1.3660181087e-01 -1.0762829841e-01 -7.9524655560e-02
1.6001054038e-02 -7.7747738048e-02 -1.0648905677e-02
1.2694570804e-02 -6.2188047984e-02 -7.9197771454e-03
2.1795935179e-02 -6.7894219267e-02 1.2253076098e-03
-2.2622195109e-03 -3.8243374013e-02 1.2132766771e-02
-1.7344774014e-02 -2.7976976496e-02 8.8762488084e-02
7.3462775744e-02 -2.9054698250e-02 2.4087163334e-01
-1.0874880392e-02 -1.1493593178e-01 2.4273961013e-01
-1.0979648702e-01 -1.1433259551e-01 4.1808901812e-02
-5.0548070730e-02 -8.7921782086e-02 1.7371244853e-03
-2.2644328223e-02 -6.7096569818e-02 -1.7310540915e-02
6.5962659845e-02 2.3398874934e-02 1.4109315801e-01
2.7152916231e-01 6.1577906647e-02 3.9134221910e-01
3.2533478081e-02 -2.2343961642e-03 1.5516654445e-01
-1.7760416708e-01 -1.0198522519e-01 -1.4731578986e-01
-7.0861614055e-02 -1.1071393106e-01 -3.7707659800e-02
-3.8620006622e-03 -8.4822808541e-02 -2.9877647464e-02
2.0757496308e-02 -8.4327798030e-02 -2.7484355063e-02
2.0016888052e-02 -7.2170922085e-02 -1.2240349526e-02
2.4754122347e-02 -5.9122744126e-02 -4.2524914303e-03
4.4902672454e-03 -8.8661799026e-02 5.6657153795e-02
-4.2000195639e-02 -1.7415480711e-01 1.0675922690e-01
-4.2050102847e-02 -1.4963636648e-01 8.7030828798e-02
1.8471759445e-02 -1.8349223064e-02 1.1686766299e-02
-3.4460192107e-04 -3.2888959958e-02 -6.3095735208e-04
-2.0145389758e-02 -6.4724838651e-02 -1.8229759921e-02
1.9660419201e-01 6.4681362157e-02 4.3168408700e-01
2.2884450432e-01 8.1156650775e-02 3.7905489896e-01
-2.1038288437e-01 -1.0625827220e-01 -2.0576785867e-01
-1.4946061319e-01 -1.5490422431e-01 -1.2884708434e-01
1.5287492710e-03 -1.5814220186e-01 -1.1333069556e-02
2.1765629133e-02 -1.3367612029e-01 -4.9097878694e-02
2.4258342033e-02 -1.1705836968e-01 -5.5048779264e-02
3.0193154465e-02 -1.1227732270e-01 -3.5384958875e-02
4.7301008481e-02 -9.5051265884e-02 -1.8372835033e-02
2.6421806883e-02 -1.1410560916e-01 2.1287591535e-02
2.0325823333e-02 -2.1708165950e-01 9.6613671474e-02
1.2080465558e-01 -3.8531834531e-02 8.9645707627e-02
2.7607340388e-01 4.0491301189e-01 -6.2152668868e-02
1.7574798675e-01 2.6206374029e-01 -1.2465140686e-01
-3.6185042372e-03 -3.7031927057e-02 -3.6997883199e-02
1.9969849457e-01 1.5278472676e-01 5.4408325857e-01
9.4780550870e-02 1.3431061515e-01 1.1980550871e-01
-1.3490949270e-01 -7.1087859654e-02 -1.9919357731e-01
-2.5573538554e-02 -1.8048616810e-01 -8.9719741450e-02
-3.2256138112e-03 -1.7726178699e-01 -3.4041209671e-02
1.0448656083e-02 -1.1528411148e-01 -6.1570622465e-02
8.0152179070e-02 -8.3110613525e-02 -5.4765199923e-02
1.4643553587e-01 -1.1821881828e-02 -6.1839937415e-02
9.8402075715e-02 -1.6684754350e-02 -5.7981997289e-02
6.2764398460e-02 -6.0943761609e-02 1.6330127106e-02
8.4061979263e-02 -2.7959139348e-01 2.9560652063e-01
-8.5818357490e-02 -4.0077151423e-01 2.5888142355e-01
-6.0344395012e-02 2.9801606164e-01 -9.9050779379e-02
1.7026975650e-01 4.6725719087e-01 -1.9873035491e-01
2.3174988035e-02 -6.0966995250e-03 -1.5722210064e-03
-9.3184236701e-02 2.2708393506e-01 4.8237922385e-01
-4.6340085896e-02 2.3816456664e-01 1.6339582101e-01
3.0079127484e-01 -2.1809239865e-01 -2.1818129235e-01
2.1043028555e-01 -2.7880500082e-01 -1.8211463203e-01
-2.8835168750e-01 1.1461966183e-03 -7.7381248132e-02
-1.4092118155e-01 -1.3148038744e-02 -3.5134014344e-02
6.1347521159e-01 -8.4285616685e-02 6.1329296880e-02
4.1984953206e-01 9.4650697323e-02 5.7666469792e-02
-3.1285042311e-01 -5.2998993056e-02 -1.6100797658e-02
-1.2953338226e-01 -1.5031029749e-01 1.1306985381e-01
2.8539635604e-01 -3.5812890934e-01 4.6004214305e-01
4.7687248535e-01 -2.8312401216e-01 -1.2681262311e-02
-3.4657869119e-01 4.3661954398e-01 -4.6904043056e-01
-1.5954693070e-01 3.8687048569e-01 -1.6208979710e-01
-5.8780224842e-03 -2.6651627919e-02 4.8597796330e-02
-4.8406448011e-01 3.0285868360e-01 6.0001018837e-01
-8.5326559532e-01 4.7176290020e-01 5.8201078046e-01
-2.0638454801e-01 -8.4511069370e-02 -5.2820710705e-02
2.0003212998e-01 -1.6149993764e-01 -1.4178472135e-01
-2.2861305385e-01 4.0165012731e-02 -1.4627937623e-01
-1.0538216619e-01 -5.5409292457e-02 -1.2367161956e-01
6.2592019823e-01 -1.9089038562e-01 3.1407142292e-03
1.8866534745e-01 -9.7714438962e-02 -2.9608548293e-03
-5.7320518766e-01 -2.0381424008e-01 -2.8258253175e-02
-1.2170325851e-01 -2.2163436851e-01 1.7021239310e-01
-3.3041972965e-01 -4.2680420286e-01 2.5228856823e-02
5.5310161046e-01 -1.5306719733e-01 -3.4878207779e-01
1.7526407914e-01 3.2424854542e-01 -2.6495610499e-01
-1.6993323847e-01 1.0668522284e-01 -3.2599167420e-02
-3.5534946476e-03 -6.6535753608e-02 5.4211310306e-02
-2.2948278118e-01 3.7503493143e-02 1.5532488474e-01
-9.5086026958e-01 2.9172708457e-01 2.5772264375e-01
-1.3074154641e+00 5.9548763743e-02 -2.4273552462e-01
-5.9039066005e-01 -1.1816498648e-01 -4.6424873852e-01
5.4689725791e-02 -2.8798784757e-02 -2.1301419953e-01
2.1506834554e-01 -7.0716251858e-02 -8.1701042156e-02
1.7928497322e-01 -1.5282442542e-01 8.1457845665e-03
1.1700028348e-01 -1.7187061439e-01 -3.9719239087e-02
9.6090012647e-02 -1.2764715015e-01 9.0160067735e-03
1.3615743172e-01 -8.6034760078e-02 1.1461035073e-01
-3.3848419354e-01 -2.5397425735e-01 6.6505478378e-02
2.4641133649e-01 -2.0416859993e-01 2.7951125377e-01
1.8272410059e-01 -5.5798771146e-02 2.3865352993e-01
-5.1979921590e-02 -4.3836036611e-02 8.2327225035e-02
-3.6278870736e-03 -5.3413290619e-02 3.8557749542e-02
-1.8713136871e-03 -7.3767229193e-02 -1.9891303949e-02
-2.6152077833e-01 -6.6262515719e-02 -6.7982121669e-02
-3.9906118289e-01 -6.2197469832e-01 -7.9714857271e-01
1.0054252429e-02 -9.0370481835e-01 -1.1550418683e+00
1.5400079005e-01 -2.2722418318e-01 -6.8051514533e-01
4.8008403615e-02 -1.2149777184e-01 -2.5636257510e-01
-5.8081312955e-02 -1.2139773429e-01 -6.2776129496e-02
-5.4018068393e-02 -1.0802813870e-01 -5.4053963256e-02
-3.4550998441e-02 -7.7236490400e-02 -4.2001239734e-02
-3.7663498929e-02 -6.0124326341e-02 -4.4081877084e-02
-7.9909717596e-02 -5.5303300564e-02 -3.2471904775e-02
-4.8307743178e-02 -5.5033748034e-02 8.5619051402e-02
-3.7206815406e-02 -3.5919882063e-02 8.3216378328e-02
-9.2247941048e-03 -4.3943751147e-02 2.1854872623e-02
8.7583036509e-03 -5.6356851572e-02 6.4528089533e-03
2.2779762410e-02 -6.7936118539e-02 -8.2241303031e-03
-4.4546611933e-02 -9.8639037349e-02 -7.3786091502e-02
-1.5218921549e-01 -3.2611099446e-01 -2.0295672326e-01
1.7376682639e-01 -6.9258582322e-01 -4.8593174115e-01
5.2719611321e-01 -6.4545401046e-01 -7.7854341673e-01
1.0066428340e-01 -5.0055393036e-01 -5.1049016760e-01
2.3580739406e-02 -4.1310287822e-01 -4.1612660993e-01
-5.7575481466e-02 -1.8741499143e-01 -1.2246092896e-01
-4.7382271467e-02 -7.7722997382e-02 -1.8921883354e-02
-3.4375018637e-02 -5.4167711652e-02 -7.0701132051e-02
1.3152519959e-02 -4.1184535563e-02 -3.5302522782e-02
4.8478260704e-02 -4.8835925814e-02 3.7157331787e-02
4.0731494394e-02 -2.9755314642e-02 3.9772468255e-02
9.0572804238e-04 -2.5568559381e-02 3.6169990086e-02
2.6954447121e-03 -5.1375764263e-02 9.2545988941e-03
-1.0332791376e-02 -4.2497541319e-02 9.6250312402e-03
2.0480427584e-02 -6.9347440933e-02 -3.4922872580e-02
-5.4167204132e-02 -8.9258498498e-02 -3.7650825434e-02
-8.0434923004e-03 -2.3286973548e-01 -1.4616699392e-01
1.6324220330e-01 -3.3564526085e-01 -3.1439160282e-01
3.3525134556e-01 -5.9516433952e-01 -5.1354695323e-01
5.4961773795e-01 -8.5437226845e-01 -8.6620105979e-01
1.6123372198e-01 -3.1030010371e-01 -1.7100622767e-01
2.0367146411e-02 -7.6645156230e-02 8.7046089703e-02
-5.0616997511e-02 6.2209498824e-03 1.7643316620e-02
1.3413241378e-02 2.9282555658e-02 1.1754698908e-02
-6.7846893623e-02 -2.8692108591e-02 2.1807879118e-01
6.3155666212e-03 -6.6323112414e-02 9.2393411774e-02
6.4090154818e-02 -3.2460262151e-02 -3.2210426796e-02
-3.6482263631e-03 -4.3216918060e-02 -7.4028104313e-03
-1.6630064798e-02 -4.6613795275e-02 5.8749625202e-03
1.9437525268e-02 -6.7245680673e-02 -1.5790207637e-02
-4.9142209120e-03 -7.1406013277e-02 1.4764677390e-02
-1.7058601373e-02 -8.1251831519e-02 1.3538984084e-03
-7.6005389531e-03 -8.4709277979e-02 1.4693550839e-02
8.3405992059e-02 -2.3796887335e-01 -2.3429597392e-01
2.7500024862e-01 -3.9009270317e-01 -3.1708455922e-01
3.0041873163e-01 -1.4998957315e-01 1.9925120730e-01
1.4007325140e-01 -3.8472412582e-02 3.4083933359e-01
-4.4818982684e-02 2.7552603702e-02 8.0324661479e-02
2.5514260137e-01 -1.6746036631e-01 3.3596977223e-01
-4.9298774366e-01 -1.7333799638e-01 9.3031780125e-01
-5.4305877863e-01 -9.7923381056e-02 3.3000263728e-01
9.6228721797e-02 -5.9887327732e-02 -7.8710145730e-04
1.2608305061e-02 -4.9577916718e-02 -5.4974625875e-03
-1.4122012712e-02 -5.7297588895e-02 -3.9871419769e-03
7.7441990841e-03 -8.1503908376e-02 -3.5519396570e-02
-1.4580558208e-02 -8.3954389864e-02 8.9338159508e-03
-2.1625497200e-02 -8.1388974381e-02 5.8906049803e-03
-1.1548596362e-02 -6.1044447627e-02 3.2986203331e-02
-1.7814792491e-02 -5.4462833249e-02 -3.3356457352e-02
4.2683535472e-02 5.4260477104e-02 1.1985027258e-01
8.5943406440e-02 2.8814318671e-01 7.0742169490e-01
-1.1736145539e-01 3.3990961277e-01 6.7643554010e-01
-1.6926002922e-01 2.7685980824e-01 2.7469049299e-02
2.0776714599e-01 7.1662256101e-02 2.5072103702e-01
-8.6232846040e-01 2.2689207916e-02 2.2297271873e-01
-1.1690242308e+00 6.7324986516e-02 -3.3453974934e-01
-1.1898910896e-03 -5.8271794044e-02 -4.1955997936e-02
1.0566513538e-02 -4.6846632221e-02 6.5359347661e-03
-9.7577799095e-04 -1.0294305331e-01 -3.3761748510e-02
3.4159027734e-02 -1.3338132422e-01 -7.4213425570e-02
4.6005677027e-03 -1.4687753685e-01 -2.9798438496e-02
-1.7782318685e-02 -1.6661354629e-01 -7.7590063204e-02
-7.0503422505e-03 -1.4291123029e-01 -4.1389855828e-02
6.3494628092e-04 -1.2660268988e-01 -1.0736849014e-01
-3.0129324343e-02 -5.1908721561e-02 7.2235151014e-03
-2.4987911433e-01 2.5442105098e-01 4.8754137542e-01
-1.0087247161e+00 7.5522859692e-01 9.8076190753e-01
-1.9221865807e+00 1.0608829366e+00 1.1254853073e-01
-1.4024708296e+00 7.5559158129e-01 -4.6810914501e-01
-7.1566894183e-01 2.5326268248e-01 -4.0902772949e-01
-4.8241728575e-01 4.5121195814e-02 -3.6263764945e-01
1.9734522373e-02 -4.5027229160e-02 -1.3764947303e-04
2.5002750779e-02 -6.6067507411e-02 3.1174789638e-02
3.5470667068e-02 1.3917999228e-02 4.5427640148e-02
2.8722659692e-03 5.0880113389e-03 4.4628636822e-02
-4.7913971506e-02 -1.9801112821e-02 3.9417538211e-02
-1.2284898014e-01 -5.6429004061e-02 3.7471733953e-03
1.1847906449e-01 -1.1300718002e-01 1.7809382697e-01
8.3918740379e-01 -1.8657565328e-01 5.3164252961e-01
1.4156724901e+00 -2.8367363924e-01 6.4828246252e-01
1.7352460667e+00 -3.9612373607e-01 5.8456751124e-01
1.8106553320e+00 -4.6224791269e-01 2.1808593297e-01
1.8170695619e+00 -3.8770040217e-01 -3.7644603873e-01
1.2779680702e+00 -1.8064111676e-01 -6.6988431148e-01
1.6535295408e-01 -1.1375337923e-01 -1.0863361981e-01
-1.8068069732e-01 -1.2254218499e-01 1.3371809382e-01
-1.2102399244e-01 -9.0663216016e-02 9.1758293334e-02
-7.4752717139e-02 -6.1389141520e-02 3.1943395812e-02
4.3703771007e-02 3.0312431145e-02 5.1290778458e-02
-4.7025057484e-03 -6.5745876846e-03 3.4145100836e-02
-3.4845834690e-02 -4.0379078140e-02 5.7973234069e-02
1.7151216089e-01 -1.2643024503e-01 2.0623243705e-01
7.4112561179e-01 -1.6994758582e-01 6.4307864291e-01
7.1954506966e-01 -1.4327297410e-01 5.5769744556e-01
2.9035947395e-01 -9.4365518965e-02 1.8747811344e-01
-9.3838567681e-02 -7.2049478393e-02 2.2315930068e-02
-4.7297566033e-01 -4.3680737906e-02 5.5160526490e-02
-3.5659204006e-01 -5.5471674610e-02 2.0982263918e-01
1.8717039559e-01 -4.0450316158e-02 1.5935880793e-01
7.9839591750e-01 -1.2319347765e-01 -2.7269041592e-01
8.2449082527e-02 -9.9461773073e-02 -1.0972705740e-01
-8.3649846953e-02 -8.4436719181e-02 5.0942621626e-02
-4.2657739358e-02 -5.4442048841e-02 1.6463311096e-02
1.3419872883e-02 5.3508577070e-02 4.2417356742e-02
-3.9552871392e-02 3.7716208405e-02 3.6083883709e-02
7.7472739322e-02 -1.1232263273e-02 1.9902859002e-01
3.5463252327e-01 -5.6903297200e-02 3.8432638628e-01
1.7565209490e-01 -7.7247290254e-02 2.3105943439e-01
-1.9780622481e-02 -7.2534857923e-03 3.6101107271e-02
-8.5649207722e-02 1.6630297109e-02 -3.4734204061e-02
-7.9671256387e-02 2.6226563944e-02 -1.2172592723e-02
-1.4392392466e-01 3.2627280299e-02 2.4640186658e-02
-1.4644301635e-01 4.3770800328e-02 1.6948251782e-01
4.0607217915e-01 -1.3358777362e-01 3.7503014056e-01
8.5169427102e-01 -2.9623152260e-01 2.4279929651e-01
3.7231578306e-02 -1.1255415983e-01 -1.7384678555e-02
-7.2676799714e-02 -4.8904664886e-02 4.1163089834e-03
-4.5107099993e-02 -4.2989103481e-02 -1.0733200093e-02
-2.3515784624e-02 7.9689660195e-02 3.3783591341e-02
-1.2756757369e-02 5.7256814034e-02 7.1021821022e-02
8.1781907664e-02 7.1896322268e-03 2.0205874468e-01
-1.0950117851e-01 1.7222563458e-02 -1.0460070403e-01
-3.1476700200e-01 1.8796746772e-02 -2.5284085631e-01
-1.8049891643e-01 5.2869067186e-03 -1.3220050881e-01
-6.2250894362e-02 -2.6656144444e-02 -5.9229374338e-02
1.3703180477e-02 -6.1071881510e-02 -4.9541693432e-03
1.0701011355e-02 -3.6493346685e-02 1.1020324226e-02
-1.6488549882e-02 -2.3657722095e-02 6.2992044624e-02
1.2665542431e-01 -1.4717509283e-01 1.7149980408e-01
1.2416485675e-01 -3.4449130806e-01 2.9456482710e-01
-1.3163678334e-01 -1.4892619060e-01 8.6468574762e-02
-5.0723531179e-02 -6.4037785763e-02 -5.6498595587e-03
-3.1654767568e-02 -6.0754584236e-02 -2.6241879676e-02
1.1110393666e-02 3.4097240395e-02 7.1907990721e-02
7.8023302644e-02 -6.2875933846e-03 1.3739905701e-01
-2.5405542563e-01 1.3551042284e-02 -1.9394398991e-01
-4.0447535131e-01 5.4504581572e-02 -3.8042412620e-01
-2.4810028488e-01 8.5480386888e-03 -1.8881813669e-01
-5.8565834775e-02 -3.4771302800e-02 -6.5224721374e-02
1.4785792324e-02 -6.1588863234e-02 -4.6505827620e-02
3.5938315543e-02 -5.9149144598e-02 -3.3586789314e-02
3.0795012123e-02 -4.6376068603e-02 -2.2597495877e-02
-3.6408436039e-04 -4.2527148902e-02 3.1307961709e-02
-1.1485646753e-02 -5.6847555937e-02 3.8143271912e-02
1.4563430954e-02 -1.0401703321e-01 9.7244954701e-02
1.4650498026e-01 1.5684577112e-01 1.9097711328e-02
1.3956381352e-01 1.8359256109e-01 -1.1455768307e-02
-1.2077284743e-02 -2.7021505305e-02 -3.4872131868e-02
1.1794525070e-01 -2.4329347012e-03 2.9422034153e-01
-1.0016218425e-01 2.9849104988e-02 -9.1158195750e-02
-5.9711211885e-01 7.3623694135e-02 -6.2815633315e-01
-3.5557367943e-01 -1.3535216310e-02 -2.9345328739e-01
-1.1570412647e-01 -7.5969211561e-02 -3.5249210363e-02
-1.0326165006e-02 -8.7414339633e-02 -3.0921601982e-02
6.7804936623e-03 -8.4080969210e-02 -4.0664068313e-02
7.4532315284e-02 -5.0744547494e-02 -2.3195747725e-03
1.4172341951e-01 -1.0713084426e-03 2.3760844364e-02
6.6564156106e-02 -2.9329417625e-02 2.4789733550e-02
-1.2033867559e-03 -4.4432009338e-02 1.3230401623e-01
1.3190959987e-01 1.2458874767e-01 4.0103057488e-01
5.7426588417e-01 8.8207677875e-01 1.7560131388e-01
5.3585342344e-01 8.5021165759e-01 -1.6165538493e-01
5.8242744905e-02 1.0556349321e-01 -7.5575872410e-02
1.1274896840e-01 1.9724332832e-02 2.6289651573e-01
-2.9019650069e-01 1.1977335711e-01 -6.1300314123e-01
-4.4304100027e-01 4.2325982281e-02 -6.4814865782e-01
-1.1932625922e-01 -6.4103723569e-02 -1.3302111216e-01
-3.5158633735e-02 -9.9492392289e-02 -6.5928989799e-03
-1.9053052074e-03 -4.4568131837e-02 -4.2100610683e-02
1.5944717469e-01 4.3089619504e-02 3.3737935051e-02
7.0073597053e-01 3.6989983275e-01 1.7868991688e-01
8.1915607689e-01 5.7688927500e-01 2.9019958726e-02
3.8004247617e-01 2.7602908733e-01 -7.1514499470e-02
2.2483992845e-01 -1.8930213041e-02 1.1623485277e-01
3.8087280047e-02 -4.9723046218e-01 4.7206260789e-01
-6.8977358836e-02 -3.1494609030e-01 6.5626289836e-01
1.8718237191e-01 3.4324928641e-01 1.5928497521e-01
5.9688671038e-02 7.7401589973e-02 4.3600289342e-02
-2.8556324306e-01 6.4335197453e-02 4.8973240275e-01
-5.2136283869e-01 -3.4020674837e-02 -3.5211942014e-03
-2.4409927269e-01 -1.8788933900e-01 -2.9203867683e-01
-6.3403438783e-02 -1.6297884112e-01 -1.3234443910e-01
-1.3722674388e-01 -4.4278167173e-02 -3.9350637422e-02
-1.3376595090e-02 5.3463924957e-02 2.5667876916e-02
5.7920195930e-01 2.4808984961e-01 2.7127163597e-01
1.2233445503e+00 7.0310110580e-01 4.1476338338e-01
6.7764445324e-01 6.3002984647e-01 8.6854604160e-02
2.1278593770e-01 2.6085183342e-01 -8.8995160266e-03
3.0725956324e-01 2.3296444501e-02 -1.0202814351e-01
5.4411845490e-01 -3.2181722122e-01 1.1438793232e-01
1.1882470259e-01 -2.3695875515e-01 3.4427995140e-01
-8.3091908432e-02 1.1344364523e-01 2.4405433061e-01
2.0581979492e-02 1.6654041720e-02 1.6945498296e-01
-5.2832279433e-01 4.2343711024e-02 7.4323094276e-01
-7.7654064647e-01 -1.0057261648e-01 5.5682836304e-01
-5.8026551522e-01 -2.6099418626e-01 -1.5431888188e-01
-6.3434461027e-01 -1.9056592451e-01 -2.1272675344e-01
-5.0935216874e-01 1.9416031727e-02 -1.1364035285e-01
-2.8424150810e-01 7.3486546063e-02 -8.4976020590e-02
8.6408452751e-02 6.2371500914e-02 3.8597581688e-02
1.8497799569e-01 8.2254168891e-02 6.8492968987e-02
-1.6284476039e-01 -3.5696276618e-02 3.1570324645e-02
7.6794856710e-02 1.0716774597e-02 1.8903858863e-01
-4.0819692588e-01 -9.4384054664e-02 -4.1464865879e-01
1.6270396407e-01 -3.5247846480e-01 1.0343486140e-01
-6.9266268617e-02 -2.3653460821e-02 4.8687460431e-01
-4.0122435402e-01 1.3927339807e-01 -1.4888624020e-02
-1.9335240679e-02 -3.0400848211e-02 6.8487201215e-02
-5.8476489902e-02 -8.7117358311e-02 1.3115957898e-01
1.4995525762e-01 -1.0129048392e-01 6.5215041744e-02
-6.8628373122e-02 -1.4784401425e-01 -3.9671378388e-01
-4.9246550632e-01 -2.1314803704e-01 -4.3179425683e-01
-2.4715297481e-01 -7.7114677035e-02 -1.3984304864e-01
4.8772295999e-02 -1.8450400106e-02 -4.0195631357e-02
-8.9176901559e-02 -5.8184911435e-02 -2.1560767845e-02
-2.3650879827e-01 -1.1308528022e-01 -3.3201605427e-02
-8.1530002102e-02 -8.1154943562e-02 4.2354141116e-02
2.1690769172e-01 4.0342191551e-02 1.7060204521e-01
5.3942244810e-02 -3.0009963276e-02 -5.0881612795e-02
6.4724010584e-01 -2.3996077769e-01 3.3610894633e-01
3.2867952554e-01 -1.6830160960e-01 4.1441143279e-01
-1.5706813894e-01 -1.1241929577e-03 5.9471871445e-02
-1.8296391781e-02 -3.4993860081e-02 2.1046587353e-02
-6.8763257639e-03 -9.2487517142e-02 2.6626215991e-02
-2.2302107429e-01 -1.3637411609e-01 2.0844458135e-01
-2.5430935921e-01 -6.9766259771e-01 -3.4306136157e-01
3.2248436594e-02 -9.2407170714e-01 -8.0295960338e-01
1.7169681081e-01 -3.9185265224e-01 -3.9285424658e-01
4.8793306604e-02 -1.0632919043e-01 -9.8930665398e-02
-6.5516890359e-02 -6.0876034353e-02 -1.7726768170e-02
-9.4830381517e-02 -7.7645430510e-02 2.2800663834e-03
-8.0276405145e-02 -5.8872141033e-02 2.9328358920e-04
-4.5357531096e-02 -4.1980659992e-02 1.3175545309e-03
-6.2029919804e-02 -9.0858461692e-03 2.6484465855e-02
-1.6906273056e-02 2.9699878193e-02 1.3732936451e-01
-6.2678808999e-04 5.9523624979e-02 3.3110304050e-02
-1.3565995479e-02 9.5687078816e-03 -1.5484071030e-02
3.7438906309e-03 -4.0046923136e-02 -5.6698820948e-03
1.9655165960e-02 -5.4764681470e-02 -1.3382447167e-02
-2.3632529119e-01 -1.2268463796e-01 2.3044507480e-02
-4.3367197187e-01 -3.7752985224e-01 -1.5541676634e-02
2.4597530367e-01 -9.4667207552e-01 -5.0698697643e-01
6.0440609471e-01 -9.9503714122e-01 -7.3827221347e-01
2.0489970910e-01 -3.8333452395e-01 -3.8268396281e-01
8.0272818221e-02 -1.3760285705e-01 -1.4297565716e-01
-2.3540174276e-02 -7.0883333556e-02 -2.7574086131e-02
-4.1790429972e-02 -3.9265706182e-02 -2.0972209672e-02
-5.0467267565e-02 -2.7767505643e-02 -4.4647766211e-02
-1.6684575266e-02 6.8137733330e-03 1.8575900531e-03
-1.7252336629e-02 -1.7191965666e-02 9.6935699838e-02
2.0170736524e-03 -3.9636887514e-02 5.8964829891e-02
-1.0957387112e-03 2.3095640754e-02 1.3639673003e-03
-4.2973440610e-03 -2.7985917309e-02 -1.8862509694e-02
-7.3430731042e-04 -2.1852052698e-02 1.5370815889e-02
-6.4432586907e-03 -4.9684702732e-02 -1.6248568339e-02
-1.0717349633e-01 -5.1741049011e-02 -4.9297897475e-02
1.2458211207e-01 -3.3712155644e-01 -3.0994370071e-01
3.9756985040e-01 -6.1786804567e-01 -4.2843775734e-01
1.9376477345e-01 -5.3505638687e-01 -4.0375812717e-01
2.0336236986e-01 -4.1704923381e-01 -4.7428973336e-01
8.2099663875e-02 -1.0553333932e-01 -8.5084576887e-02
-4.6761060962e-02 1.2355498559e-02 2.7971564375e-02
-6.1030094282e-02 3.3126097487e-02 -2.1082770551e-03
-1.0857383693e-03 5.2447737908e-03 1.8262557976e-03
-2.0246171656e-01 -3.8539121417e-01 3.3626959633e-01
-1.3839558193e-01 -4.7660340717e-01 2.8777625028e-01
5.1404226614e-02 -3.1816956428e-02 9.3928754664e-03
-3.4126586570e-03 -2.4393718530e-02 -2.9382770937e-02
-1.2394569172e-02 -3.0642312032e-02 8.7976013743e-03
2.4852285336e-02 -6.3992802318e-02 -9.8352970219e-03
-8.3296750365e-03 -5.2816758921e-02 -1.3588356189e-02
-1.5308117389e-02 -5.7404001572e-02 -6.1795822934e-02
-4.3188206815e-03 -4.8641977783e-02 -7.2123014112e-02
-5.7358895350e-02 -1.4894327803e-01 -2.2801755041e-01
1.9642813871e-01 -2.2966449931e-01 -2.7813663971e-01
1.0517837845e-01 -1.4664501016e-02 4.3579517461e-02
-8.4008410802e-02 3.0036371186e-03 1.3636287645e-01
-6.0314723082e-02 -1.5797139029e-02 -3.0706940649e-03
1.0079489645e-01 -6.7099536416e-02 2.7242036315e-01
-3.0137938765e-01 -3.7790189822e-01 1.0588092613e+00
-5.3545052939e-01 -4.0305824564e-01 3.0362917776e-01
5.8822081936e-02 -4.0623753899e-02 -8.3878219438e-02
1.0799211401e-02 -3.7019148044e-02 -2.3526481493e-02
-1.8144217725e-02 -3.9210073834e-02 1.3610550633e-02
5.8574719136e-03 -6.6920331192e-02 -2.3520159677e-03
-3.2228139116e-02 -7.7392927675e-02 2.7583999128e-02
-1.9243615497e-02 -7.4373961978e-02 1.7377496074e-02
-3.4968851703e-02 -2.9272412560e-02 1.4528931881e-02
-7.2142770024e-02 1.4422317283e-02 1.2336630837e-02
8.5555858577e-02 2.1189505017e-01 3.2213668507e-01
-3.2668167508e-01 3.5060805301e-01 7.2771623750e-01
7.5637955279e-02 6.1741570406e-02 2.9501700084e-01
7.6460333585e-01 -1.3851390108e-01 -6.7879925920e-02
5.2857808737e-01 -7.9220049584e-02 2.0509379224e-01
-2.4980428530e-01 -1.6303314579e-01 2.4939111422e-01
-7.9090201117e-01 -9.2952893854e-02 -3.6710609018e-01
-2.7609068934e-02 -3.4418964918e-02 -1.0267338779e-01
9.7369947671e-04 -3.9673036869e-02 -4.7352616043e-04
5.1958886956e-04 -8.8956391965e-02 -1.0297205511e-02
2.2266833507e-02 -1.3393603430e-01 -5.4518293463e-02
-1.7880817479e-04 -1.3930412799e-01 -1.9601589963e-02
-1.7192080996e-02 -1.5276847069e-01 -5.4390494520e-02
-1.1147479201e-02 -1.1985355090e-01 -2.1033663490e-02
-3.0811446315e-02 -8.4053881419e-02 -5.7321236300e-02
-1.8084397678e-01 4.6182109907e-02 2.0340360392e-01
-7.3078713597e-01 2.4066692526e-01 8.7427906615e-01
-1.5314980579e+00 2.2523163725e-01 9.4003294450e-01
-1.9501289279e+00 2.0286412117e-01 4.6128074726e-03
-1.6092370093e+00 1.6832034184e-01 -7.3826927050e-01
-6.3744623579e-01 4.3744698151e-03 -5.3416288760e-01
-3.8784727783e-01 -2.2930468672e-02 -3.3803348046e-01
7.3292189341e-03 -3.7514302957e-02 7.5354825985e-03
1.3082299951e-02 -5.7332834269e-02 2.5314195479e-02
-4.8561962719e-03 2.9065126240e-02 5.4038528730e-02
-4.1500715945e-02 4.1529974029e-02 3.9729944369e-02
-1.0279801751e-01 3.3555522786e-02 2.5870922970e-02
-1.3153975790e-01 -5.4226210855e-03 -4.6384862751e-02
-3.9210448664e-02 -4.5818754018e-02 3.0841062908e-02
3.9688334215e-01 -2.1557490696e-01 2.5506264728e-01
9.3076587732e-01 -4.4949453745e-01 3.8198280968e-01
1.2000606953e+00 -6.5744304761e-01 3.7689569859e-01
1.2071805821e+00 -6.5541692737e-01 1.8841772592e-01
1.4434291675e+00 -6.1234822799e-01 -1.1783419832e-01
1.3793424361e+00 -4.2923930735e-01 -5.9395022532e-01
3.8596172339e-01 -2.4935578214e-01 -2.7255195501e-01
-1.9918828983e-01 -1.5744919170e-01 1.2635579069e-01
-1.2694323644e-01 -1.2195486890e-01 9.9733084608e-02
-7.3511405329e-02 -9.1520104315e-02 4.1823585043e-02
1.6385508537e-02 4.0041798479e-02 4.6754511679e-02
-3.2255006624e-02 3.6855240204e-02 1.5715173724e-02
-9.9567564121e-02 -1.7361492106e-03 1.4511397580e-02
6.0380039997e-02 -6.5219490711e-02 8.2329734801e-02
5.4474076420e-01 -2.8658843553e-01 4.2663670197e-01
6.7613418883e-01 -3.4407967508e-01 4.5130674962e-01
4.0518320023e-01 -2.7544505703e-01 2.3422540179e-01
2.2990364975e-01 -1.9500394132e-01 9.4736636563e-02
-4.9482733732e-02 -3.6227594495e-02 8.6919912538e-02
-8.7137748135e-03 -2.2269150714e-02 1.9926235972e-01
4.6885683524e-01 -1.1444410699e-01 -1.4398476801e-01
9.6336335323e-01 -3.9007619511e-01 -8.1016937288e-01
1.2816627093e-01 -1.9798295642e-01 -2.1789829382e-01
-8.2347610524e-02 -1.1871173786e-01 7.0521707266e-02
-5.4028593480e-02 -9.4807241236e-02 4.6737503508e-02
-2.8903485030e-02 7.3027268153e-02 2.7787373956e-02
-9.2285037873e-02 7.8221454079e-02 -6.9908477977e-03
-2.8393902599e-02 -1.4483166515e-02 9.5747280220e-02
3.0570913432e-01 -9.1469431851e-02 2.5506319160e-01
2.2932488427e-01 -1.0456555323e-01 2.0674699864e-01
-1.8616827327e-01 2.6910924372e-02 -6.3194072706e-02
-2.3324565097e-01 5.5541588273e-02 -7.5619412491e-02
-1.0207629964e-01 5.5592885548e-02 -2.5317934646e-03
-9.2708253562e-02 9.2407042929e-02 4.0938593660e-02
-1.5428864875e-01 7.4831939678e-02 2.0839981619e-01
1.3635146792e-01 -1.8533190053e-01 2.9921001455e-01
9.0324098460e-01 -7.4717756782e-01 -3.0290903052e-01
3.5488540264e-01 -3.3281912697e-01 -4.0246690270e-01
-1.3531500943e-02 -6.7703069495e-02 -5.4638534290e-02
-5.0251862743e-02 -6.4214621301e-02 -6.1669064747e-03
-4.3898803950e-02 9.2909827783e-02 1.9932122682e-03
-4.5537928042e-02 1.1077588871e-01 -2.4711666341e-03
1.0039900019e-01 2.4975183211e-03 1.6460721940e-01
-1.1250294222e-01 1.0375906172e-01 -1.4582932228e-01
-5.6137995186e-01 2.6737725832e-01 -4.7348892580e-01
-4.6211132673e-01 2.1458250404e-01 -3.4067242066e-01
-1.4638745078e-01 4.0737197972e-02 -1.2054150152e-01
-4.9082263071e-02 3.3891475890e-02 -5.1342206903e-02
-3.9217995804e-02 3.7250224617e-02 -2.0023782447e-02
-1.4029635239e-02 -5.8949340968e-02 6.2922783843e-02
5.1743972444e-02 -3.3601444492e-01 1.7996396205e-01
3.1165357906e-01 -9.0809087483e-01 8.1669722440e-02
4.3816121227e-01 -4.8108286049e-01 -3.1150722265e-01
2.2488659373e-01 -2.8180551938e-02 -1.8264648086e-01
-1.9819231841e-02 -6.1142497914e-02 -4.3690255207e-02
3.1022316104e-03 5.2942799905e-02 4.4800931708e-02
8.0058171104e-02 3.9980352198e-02 1.3095372097e-01
-1.9174787636e-01 1.3934853515e-01 -1.6148702058e-01
-7.0928277572e-01 4.1212803133e-01 -6.8517050917e-01
-6.4676230371e-01 3.8412909820e-01 -5.5941289479e-01
-1.9904917790e-01 1.1475128255e-01 -2.1130879185e-01
-3.0582530262e-03 1.7496026664e-02 -8.1620474001e-02
5.1601007768e-02 6.8628300693e-02 -4.9236522357e-02
5.9274714744e-02 1.6965279583e-01 -2.2270184313e-02
4.3311383476e-02 1.9992215569e-01 3.2354307422e-02
-4.0233795925e-02 -9.5188039564e-02 2.8658262389e-02
-6.1948845974e-02 -6.2775385925e-01 -5.8420214496e-02
8.0013568539e-02 -3.0995218932e-01 -6.2875139223e-03
1.9328791018e-01 1.5090198773e-01 1.9207346454e-01
-1.8457886969e-02 -2.5160335592e-02 1.6976036775e-02
4.9556144608e-02 -2.3137841327e-02 1.5231160956e-01
-1.5169184735e-01 9.3609442959e-02 -1.7196890322e-01
-7.1287421500e-01 3.5575695881e-01 -8.0560260903e-01
-7.1446282178e-01 4.1974230965e-01 -7.0377986128e-01
-2.9278196877e-01 1.6618919285e-01 -2.5105949983e-01
-4.7991324020e-02 2.8980512009e-03 -7.6625129585e-02
5.7851020961e-02 6.8080815992e-02 -1.6340750923e-02
2.8014908103e-01 2.5333808329e-01 9.6833869715e-02
4.9546037250e-01 5.0846435270e-01 8.4613409922e-02
3.5247061246e-01 5.0305312210e-01 -2.6909123604e-03
2.4096707514e-03 -8.5289214169e-03 1.0294447293e-01
-1.3206717580e-01 -3.7940990422e-01 2.2149632994e-01
-2.0123442281e-01 -3.3354194234e-01 6.3157356513e-01
-6.7553768203e-03 1.5468068459e-01 5.1780050419e-01
-1.4829773972e-02 3.3960636044e-02 4.1729106365e-02
5.7077521755e-02 -3.6879695497e-02 5.4864061736e-02
-3.9365137698e-01 1.7710134329e-01 -6.8025032297e-01
-6.6018489018e-01 2.4667436032e-01 -7.9079964169e-01
-2.5464330074e-01 1.8950897913e-01 -2.7175183253e-01
-4.6486451221e-02 9.9548854830e-03 -2.7809564214e-02
1.4683752932e-01 9.7420942629e-02 3.3122555732e-02
5.3295337278e-01 3.3286535431e-01 2.9756137019e-01
1.2046117620e+00 7.0884659684e-01 4.8642052083e-01
1.4124700519e+00 1.0290241069e+00 2.0627241855e-01
8.0010799208e-01 7.4597195592e-01 -6.8097913345e-02
2.9441976389e-01 1.1199698004e-01 1.1907564703e-01
4.8056734171e-01 -1.2975365837e-01 1.8631215243e-01
-8.1331090960e-02 -1.0070688539e+00 6.0709393260e-01
-2.5981548889e-01 -6.5164920858e-01 4.3380973709e-01
-2.3401068573e-02 -8.2852526606e-02 5.8182082939e-02
-1.3165439649e-01 -7.4528276871e-02 2.2412164170e-01
-5.2632265297e-01 -2.9157349748e-01 -1.8593316013e-02
-4.5581147676e-01 -1.3750329924e-01 -1.6366074804e-01
-2.4505678086e-02 1.3972177429e-01 -1.3996605529e-01
2.6207411798e-01 1.5817773482e-01 1.5562833068e-02
7.8231412766e-01 3.6627995607e-01 3.0547570119e-01
1.0289510242e+00 4.8495879852e-01 5.7386196406e-01
1.0643571283e+00 5.1848559674e-01 5.0406267950e-01
7.8794582866e-01 5.1981878191e-01 1.4511459540e-01
3.3168429236e-01 2.6971161415e-01 -8.1472495244e-02
-1.9548167338e-02 9.3418095857e-02 -3.6805146521e-01
8.2417224797e-01 1.8212604058e-01 -5.0084804779e-01
1.3310526983e+00 -4.6967060098e-01 -4.4976276059e-01
2.5716342648e-01 -4.6061289202e-01 -3.5936631126e-03
2.3845815422e-03 -5.7028438800e-02 1.0632076122e-01
-2.0293009039e-01 -1.4596841011e-01 3.3806303455e-01
-4.5323343826e-01 -5.1809308513e-01 3.8561319337e-01
-5.5946803633e-01 -3.2169718886e-01 -9.5541200827e-03
-3.8940165638e-01 3.8868046312e-02 -1.7574091902e-01
1.6946963064e-01 1.6952968103e-01 3.3154674319e-02
5.3628522535e-01 2.4526905006e-01 1.5891910941e-01
4.2785610829e-01 1.9708229001e-01 1.4011671416e-01
1.7248268704e-01 1.3200178481e-01 2.8639354409e-02
-2.0541239313e-02 3.0750234366e-02 2.8096021605e-02
6.8012112926e-02 -3.8146835536e-03 1.1201091561e-01
-2.0482533256e-01 2.0659675507e-02 -3.7859282399e-01
3.0299206252e-01 -2.7406617669e-01 -8.9025151277e-03
2.6308994421e-01 -7.7203837856e-01 2.1800788685e-01
-2.5162499183e-01 -2.7523556257e-01 -1.5268909477e-01
-2.8771750593e-02 -5.5216320578e-02 4.8702450256e-02
2.0150736987e-02 -1.4514873673e-01 2.5105899087e-01
3.2701254733e-01 -4.1032925572e-01 5.2409264450e-01
2.6234758232e-01 -3.2949876256e-01 -3.8382401724e-01
-1.2595816022e-01 -1.1391417246e-01 -3.5963138177e-01
4.5444007001e-02 -3.8844140289e-02 -3.3608876803e-02
1.1070680446e-01 8.5364329205e-04 -3.8499178503e-02
1.1327560553e-01 2.2132128077e-02 -3.2529410036e-02
-9.7940469757e-03 1.8600681422e-03 -3.3374741763e-02
-6.8227749605e-02 -2.8406357282e-02 1.8699934484e-02
1.0993560234e-01 3.6747036596e-02 1.0944700557e-01
2.7132820292e-01 1.1422764563e-01 -8.1507205371e-02
9.3956916247e-01 -4.4145267565e-01 1.8155604866e-01
6.0190241513e-01 -8.0279633830e-01 3.6396733287e-01
-1.1882026461e-01 -1.3303146204e-01 4.1699745746e-02
-2.1020365958e-02 -4.0800853239e-02 1.1434328347e-02
-1.7199324903e-02 -8.0604234021e-02 1.5531875929e-01
-2.4875254392e-01 -1.5638052265e-01 5.5671001460e-01
-4.3302167872e-01 -4.3268579164e-01 3.8340393681e-02
-5.9831113790e-02 -3.2637817267e-01 -3.3251150763e-01
7.5481049600e-02 -1.0942005112e-01 -1.5285034624e-01
1.5609951827e-03 -4.8468993287e-02 -7.0019578114e-02
-1.2475736318e-02 -2.5856962795e-02 -5.2477313408e-02
-3.4316097928e-02 -4.4241048114e-02 -3.4692525122e-02
-4.6586179608e-02 -3.0185756048e-02 -2.3985923502e-02
-2.4100210905e-02 -7.9520683046e-03 -1.7932250443e-02
-9.6980014482e-03 8.1493483300e-02 3.0799379247e-02
1.2290027546e-01 -1.6605955796e-01 3.6421531510e-02
1.5389106094e-01 -3.2405631157e-01 -1.8689717437e-01
2.0209229745e-02 -6.9856627575e-03 -2.0154669325e-01
3.6368678461e-03 -5.2476387571e-02 -1.9888605949e-02
1.7960301608e-02 -4.5031604552e-02 8.3126172894e-03
-3.5343785658e-01 -9.6274815888e-02 1.1675406568e-01
-9.2296713093e-01 -4.0759926325e-01 5.3490771278e-01
-2.5700945246e-01 -5.3316422389e-01 3.1425369615e-02
1.5638878189e-02 -3.8638424912e-01 -2.5904032263e-01
-1.6438290115e-02 -9.7642930091e-02 -1.2464458757e-01
-3.3525999468e-03 -2.1763813959e-02 -5.2355586618e-02
-1.3530889576e-02 -2.7605500067e-03 -4.4000982945e-02
1.3353149108e-02 3.0455299261e-02 -4.2053114497e-02
3.4628202755e-03 2.1952250842e-02 -5.2608294357e-02
1.4399011516e-02 7.2259295814e-02 1.8439706121e-02
-2.8085789180e-02 -3.3240459198e-01 2.7234802955e-01
-2.2632054458e-03 -5.9380105615e-01 4.3325673345e-01
5.7355152499e-02 -7.9696054313e-02 7.9640609309e-02
4.8049938571e-03 -4.5883375261e-02 -2.4942458498e-02
1.3620063168e-02 -2.6257652776e-02 8.3085324481e-03
-2.7409748227e-02 -4.7149764472e-02 -6.0874956187e-03
-2.6985725293e-01 -9.1057908977e-02 1.6164328234e-01
-3.1098527895e-01 -2.4641474513e-01 5.3148320453e-02
-2.9293776998e-01 -3.1319894078e-01 -3.5988216376e-02
-1.9563696013e-01 -1.6390219851e-01 -1.9651098797e-01
-2.4419650367e-02 -4.0049441395e-02 -1.2695457621e-01
-4.1160716514e-03 1.2077507243e-02 -5.0810366330e-02
-2.9932168224e-02 6.1856188700e-02 -3.2402593679e-02
-3.6028285540e-02 5.5545949445e-02 -2.9960413199e-02
-1.9182000774e-02 1.3604894287e-02 1.2352414327e-02
-1.8687938799e-01 -8.0816455864e-01 7.1060256255e-01
-2.0412813988e-01 -1.2759783699e+00 9.0463097448e-01
1.0806334822e-01 -2.7216269275e-01 1.8761556806e-01
7.4815366289e-03 -3.5328916734e-02 -2.8395943836e-02
8.7193702376e-03 -2.8208933781e-02 2.4547514533e-03
3.3222997860e-02 -4.6279061086e-02 -3.7134277943e-02
1.5432681808e-02 -3.1944740339e-02 -2.7231690006e-02
-1.1878346579e-01 -1.5902571967e-02 -3.4240592491e-02
-2.6593281835e-01 8.3665664480e-04 -1.3289472499e-03
-4.0307602834e-01 -7.2598239181e-02 1.2206737563e-01
-1.4006085314e-01 -7.9400918748e-02 1.2157151823e-01
-2.1521344594e-02 -1.9014712226e-03 -1.8427624093e-02
-5.4472071590e-02 2.1693529698e-02 5.8851733147e-03
-2.0978374634e-02 -6.2600995814e-03 -1.9838336046e-02
8.2334014838e-02 -4.1449898731e-02 1.3383847385e-01
-2.0894029738e-01 -4.7933140386e-01 5.3196153316e-01
-6.1277773266e-01 -7.0671349698e-01 -3.2109731406e-01
3.2573574588e-02 -1.7438392463e-01 -3.0202553461e-01
2.1615296358e-02 -4.8276399727e-02 -3.4625142066e-02
2.7705620389e-03 -3.5631564880e-02 2.2558635642e-03
1.4537155109e-02 -4.3443283861e-02 -2.8130467591e-02
3.8779629676e-03 -4.7162497041e-02 -1.3423191526e-02
-1.1821001587e-02 -2.5826323760e-02 -2.4624803837e-02
-6.4295860021e-02 9.3167659539e-03 -1.0417401890e-02
-2.5187915520e-01 -1.1130887990e-03 2.6995034398e-01
-4.2548963355e-01 6.6833158466e-02 5.1799034541e-01
-6.6882446066e-01 -9.3601989721e-03 4.4154433130e-01
1.0609750960e-01 -7.0102964930e-02 1.4936859605e-01
7.4462408919e-01 -1.1474793305e-02 1.5015039210e-02
3.1757179919e-01 -1.0764460168e-02 1.1190254032e-01
-2.1718258580e-01 -2.0727502471e-01 -7.9734268088e-02
-6.9947340662e-01 -2.1125670108e-01 -8.6805625549e-01
-7.0984420425e-02 -6.1292682143e-02 -2.6957846502e-01
1.0985738949e-02 -5.3366053572e-02 -6.4307234493e-03
8.9679004948e-03 -7.9513978977e-02 -3.1018452232e-02
2.4870462708e-02 -1.0757384467e-01 -8.4291996963e-02
6.1553874418e-03 -1.2055998977e-01 -5.1830835550e-02
-2.7023490602e-02 -1.1858728953e-01 -7.1375491989e-02
-9.2472920543e-03 -8.4126770506e-02 -4.2354242448e-02
-6.9795490312e-02 -5.9895789170e-02 -5.1083742900e-02
-4.2333739121e-01 2.9615360811e-02 2.6732687870e-01
-1.1856548339e+00 -1.3598946277e-01 8.0271382778e-01
-1.5823798868e+00 -4.4716064057e-01 7.1744602602e-01
-1.6406940710e+00 -5.3776236068e-01 -1.2568473553e-02
-1.4076816627e+00 -3.7303026588e-01 -5.6910611571e-01
-7.1827967581e-01 -2.5017321084e-01 -5.1000054836e-01
-2.9344006758e-01 -7.8604522702e-02 -2.5556274391e-01
1.7422282379e-02 -4.8641717204e-02 9.8648713142e-03
2.5740873895e-02 -7.7495550489e-02 3.1354885151e-02
-1.4891592273e-03 3.1992004536e-02 3.9585903066e-02
-4.2158626164e-02 6.2316155497e-02 4.5431721755e-02
-8.4050410559e-02 5.1099645230e-02 4.5098399313e-02
-1.3981885331e-01 3.8104231480e-02 -2.1103393561e-02
-1.0613279296e-01 7.6430230118e-03 -1.2256669631e-02
1.4003546751e-02 -2.4664194657e-02 4.2504247742e-02
2.3486812623e-01 -1.4240457977e-01 8.3129498410e-02
3.9747137843e-01 -3.0402852368e-01 1.3403177688e-01
5.2502747281e-01 -4.0137201548e-01 1.5946491697e-01
9.6119095039e-01 -5.7313416537e-01 5.6987042683e-02
1.2140845250e+00 -6.4195632510e-01 -4.7539146351e-01
4.3858549931e-01 -3.2390046187e-01 -3.2887342010e-01
-1.7238787878e-01 -1.2310540243e-01 9.6513685270e-02
-1.2202211424e-01 -7.8002286023e-02 8.7654171714e-02
-9.1646073649e-02 -6.6363714641e-02 3.1676015972e-02
-2.0623824338e-03 4.2810330166e-02 3.1449391910e-02
-4.1944928626e-02 5.4888540712e-02 2.7410732434e-02
-8.7893588855e-02 2.6285241000e-02 3.7606684486e-02
-6.7292604427e-02 -1.3916425624e-02 2.0853414506e-02
1.6352225929e-01 -1.9335221947e-01 1.7067192858e-01
3.7558245403e-01 -2.5020376248e-01 2.3093178208e-01
3.8196989783e-01 -3.0957775793e-01 1.9039136092e-01
3.1203590154e-01 -3.1401197766e-01 1.5668853722e-01
2.3886931485e-01 -2.3353253597e-01 1.7579322329e-01
5.0099862808e-01 -3.8954115620e-01 1.5241829367e-01
1.1945047425e+00 -8.3203773167e-01 -6.8707896207e-01
1.1678626593e+00 -8.3175667715e-01 -1.3176586315e+00
1.0974032558e-01 -2.1820453005e-01 -2.5043951273e-01
-6.0160484239e-02 -7.4937088550e-02 4.1537657029e-02
-7.1025832931e-02 -5.7400499977e-02 3.0121096196e-02
-3.4865506686e-02 7.2736916733e-02 7.4664297967e-03
-8.8354597653e-02 8.3801473143e-02 -2.4969354389e-03
-8.1857345778e-02 2.6877939857e-02 4.1521690782e-02
1.6477147068e-01 -7.6199255948e-02 1.5459782339e-01
3.2614034469e-01 -2.0894713136e-01 2.3080972627e-01
1.4460536029e-01 -3.9425614083e-02 6.8795121517e-02
-4.4379851535e-02 5.7198080180e-02 -7.8827035231e-03
-2.0768667984e-01 1.8579134420e-01 3.7262357065e-03
-1.6004698200e-01 1.2009676932e-01 2.1297781234e-02
-4.2392781056e-02 -8.2075175443e-02 1.2048095876e-01
1.1540759599e-01 -3.3304999682e-01 -5.0129459204e-02
8.0650205380e-01 -8.0525483807e-01 -9.1170176627e-01
7.4751821209e-01 -4.8796441985e-01 -7.7324464151e-01
1.5275117326e-01 -7.0511550798e-02 -1.7610468076e-01
-5.9073566499e-02 -3.6388961556e-02 -2.9390173158e-02
-4.2366029252e-02 1.0362871997e-01 -2.3369244075e-02
-7.8009314466e-02 1.5014583044e-01 -4.0502699532e-02
5.4753244208e-02 2.0247475786e-02 8.4037818793e-02
1.1397110154e-01 2.8412096182e-02 4.9611309963e-02
-2.1006283136e-01 1.8822148414e-01 -2.0625925327e-01
-3.1641525972e-01 3.4689259376e-01 -2.5820590644e-01
-1.3575137659e-01 2.5959602559e-01 -1.4108108552e-01
-1.6631633536e-01 3.4149477895e-01 -3.8991043064e-02
-9.3121195625e-02 2.6167259793e-01 -4.7168048814e-02
-4.3524253968e-02 -3.0375229519e-02 6.1970026868e-02
-1.5458568230e-01 -2.0082567896e-01 2.5402657861e-01
4.2274340796e-01 -6.7096030346e-01 -1.8263894606e-01
1.7810480996e+00 -7.9653793980e-01 -1.1822200914e+00
1.0390780543e+00 -1.9884744366e-01 -7.6061202056e-01
2.7861424300e-02 -5.2646129506e-02 -1.2946043931e-01
4.8978154711e-03 7.0324503774e-02 -5.8543148333e-05
5.1748293136e-03 1.3078278804e-01 -9.0642190661e-03
-5.9073909739e-02 1.2172087506e-01 -7.0431724145e-02
-3.9877763222e-01 4.0734818916e-01 -4.0627722115e-01
-6.1269692429e-01 6.1932424559e-01 -5.4425326471e-01
-4.0064382628e-01 5.8415101145e-01 -3.3655185811e-01
-8.3098331737e-02 5.1310442239e-01 -8.8782774806e-02
1.4891998858e-01 7.7785895722e-01 1.5646381923e-01
2.3536947444e-01 9.0435353577e-01 2.0167119441e-01
1.3020930392e-01 6.8585259377e-01 1.9658171215e-01
-9.2287669809e-02 2.6243883540e-03 3.2155087437e-01
2.6481692255e-02 -4.1767843196e-01 1.8743032476e-01
6.0792018179e-01 -2.6433848491e-01 -3.3533673823e-01
6.7227152603e-01 -9.9933495905e-02 -4.1559034730e-01
5.4609816560e-03 -5.9763536287e-02 -1.0367495416e-01
1.9181496815e-02 3.2945652686e-02 4.2981570569e-02
-8.3785778525e-02 1.6799138543e-01 -1.3767060753e-01
-4.2173242825e-01 3.6565603165e-01 -4.8772871748e-01
-6.3256426887e-01 6.6495517613e-01 -6.2938925966e-01
-4.3582202634e-01 7.0908620698e-01 -4.5321459405e-01
-8.2415650107e-02 5.6075044835e-01 -1.1600678690e-01
3.9099846086e-01 9.2494792780e-01 3.0052080418e-01
6.9144459211e-01 1.4008560106e+00 5.8121168881e-01
6.2821229767e-01 1.1819227949e+00 3.4138764698e-01
4.6733461119e-01 8.5190756129e-01 1.8772925777e-01
8.4560649054e-02 -2.7893839271e-01 4.0113511814e-01
8.3196105147e-02 -4.5361722838e-01 2.8921654690e-01
-9.6768784056e-02 -8.4520259199e-03 2.3548209438e-01
-8.6975091059e-02 2.8182105487e-02 2.3272123469e-01
-6.3649321397e-02 -4.1075659657e-02 8.7870000548e-03
5.7371569934e-02 3.6912612357e-02 -3.6768574004e-02
-1.3321891403e-01 1.6503355081e-01 -2.8246624321e-01
-2.9129005561e-01 2.2506839013e-01 -3.3552564675e-01
-1.8786725780e-01 6.4354125362e-01 -2.9879987986e-01
-1.1678921762e-02 5.2942807458e-01 -1.2384520742e-01
3.8154934989e-01 6.3210001839e-01 2.0212898780e-01
9.4209111605e-01 1.2439464141e+00 6.5821354685e-01
7.8242037361e-01 1.0468612467e+00 5.3246847654e-01
4.9594661804e-01 5.9708582363e-01 1.3256233825e-01
3.6755676653e-01 5.0588897361e-01 5.0765475655e-02
5.1556783771e-02 -7.2709245719e-02 1.1564894434e-01
6.8831974478e-01 3.3758785692e-01 -6.1330290554e-01
5.7455325072e-01 3.1116683711e-01 -7.7003875690e-01
-1.7429411484e-02 -1.3414919102e-01 -2.1104645106e-02
-3.5728288240e-02 -7.4455717146e-02 1.8759111717e-02
6.3025994416e-02 5.1489708502e-02 -9.3088137511e-02
-1.2042773308e-02 -3.7804409858e-02 -1.1917674097e-01
9.4799360522e-02 3.1971058962e-02 -1.2338906237e-02
2.5626439912e-01 4.9580008934e-01 -1.5974281128e-01
3.0696348230e-01 2.6778327119e-01 4.6266161784e-02
7.7826774278e-01 5.8958044639e-01 3.4829570033e-01
7.2333295702e-01 6.5214586200e-01 4.2479127957e-01
3.8988795386e-01 3.6803873523e-01 1.7133208210e-01
3.2912793634e-01 3.3233126118e-01 7.9741844227e-02
9.5916812422e-02 1.6003835176e-01 -1.1123407302e-01
-7.9436539490e-02 7.3842532615e-02 -8.1193622647e-01
4.8513110079e-01 2.1222684071e-01 -1.4602344695e+00
1.1464908666e+00 -2.2561159090e-01 -2.0983798094e+00
2.8820504023e-01 -2.1597843652e-01 -5.0283150828e-01
-3.4058506592e-02 -4.9544459420e-02 2.0977287325e-02
3.7989405265e-02 -1.3891147850e-05 -6.8650330549e-02
2.9746709397e-02 -1.0510955488e-01 -1.0842688553e-01
1.0261901771e-01 -7.3542674436e-02 -9.1980285032e-02
1.0863650256e-01 1.2314259399e-01 -1.6912452934e-01
9.6630345422e-02 4.3884146144e-02 1.5401248852e-02
2.6572360941e-01 1.7775751720e-01 5.8270515431e-02
1.2002180004e-01 1.5800783877e-01 -5.9685629801e-03
2.4525514701e-01 2.9916064424e-01 -1.2153995635e-02
2.3542675852e-01 3.2359559429e-01 4.9289083418e-02
-2.5161934824e-02 3.0271236277e-02 -8.3987690223e-02
2.1201462152e-01 7.1697900250e-02 -8.1585091560e-01
6.8925721073e-01 -2.8237585296e-01 -6.2711740407e-01
3.7502584426e-01 -1.1527334426e+00 -2.7165138351e-01
-2.5304963453e-02 -3.5262758918e-01 -1.0842503385e-01
-5.1468400785e-02 -3.7570922954e-02 3.4853240938e-02
-1.6531655082e-03 -8.6221423291e-02 1.0414395989e-01
-5.0202021466e-02 -2.4852875125e-01 2.9623534267e-01
-3.8469668336e-01 -2.9487429260e-01 -4.0165758828e-01
-4.3234483422e-01 -2.4986152979e-01 -3.0520865140e-01
-2.2170132184e-01 -1.2510076772e-01 -8.1478899681e-02
-1.5955138677e-01 -5.7590550990e-02 -7.9222718906e-02
-6.9352249344e-03 -1.4872534143e-02 -6.0545086358e-02
1.0649441616e-01 8.1245312370e-02 -3.1130031793e-02
5.6867435380e-02 4.7892878807e-02 8.3301500069e-03
-6.2456366453e-03 -4.6691018408e-03 2.9522931077e-02
3.1962082887e-01 1.0129153215e-01 -1.0803530623e-01
8.8036523885e-01 -5.4405561646e-01 4.9534780529e-01
4.6384614410e-01 -1.0759280277e+00 1.4079482889e+00
-1.2181881575e-01 -1.3491910525e-01 5.3344432900e-01
-4.2347857512e-02 2.1211698156e-03 1.2417569661e-02
6.1287565105e-03 -6.8331800941e-02 4.4215926492e-02
-2.4145044691e-01 -2.3619368168e-01 9.6959930913e-02
-6.6355421528e-01 -6.3188793314e-01 -2.1562081182e-02
-2.7746889128e-01 -3.0044274593e-01 -2.0816962832e-01
-7.8472553916e-03 -1.4789719618e-02 -2.1653910647e-01
-5.8967564308e-02 -2.5737400947e-02 -7.1197915314e-02
-2.7030862475e-02 -8.5400596355e-03 -5.6266587138e-02
-2.1659804355e-02 -1.9415710131e-02 -4.3193391349e-02
-5.2724580591e-03 -1.5214024042e-02 -3.0616693980e-02
-2.7729945613e-02 -4.3516204797e-03 -2.0010148081e-03
-1.6400269232e-02 6.6646275593e-02 8.1951649964e-02
1.6652175936e-01 -4.5032657919e-01 5.2232704543e-01
2.2242056515e-01 -6.0278223095e-01 8.6523020961e-01
4.6049344386e-02 5.4302498730e-02 2.0677314621e-01
-7.1312978879e-03 -2.5212397179e-03 -2.6113461615e-02
3.2083845867e-02 -4.8131206872e-02 -2.0596187816e-02
-1.9236889828e-01 -1.7249125201e-01 3.4314246890e-02
-7.7253263440e-01 -6.4546146111e-01 4.6572499853e-01
-3.6651535858e-01 -4.7054304723e-01 3.1868665464e-02
-1.9510408608e-01 -2.3591732278e-01 -1.2616461372e-01
-7.0646570993e-02 -3.9220259055e-02 -1.2904734459e-01
6.3938495931e-03 2.5554819294e-02 -1.1354394378e-01
-9.9237006856e-03 1.7600941164e-02 -7.9570083922e-02
1.6269897482e-03 3.2767445897e-02 -6.9530379614e-02
4.3033858038e-03 2.5335443787e-02 -5.5715881606e-02
1.0471547677e-02 7.9930519625e-02 5.8013665920e-03
1.9809320130e-01 -3.5377842060e-01 5.6393236341e-01
3.8291040757e-01 -5.8391187932e-01 1.1701648607e+00
1.9064890914e-01 -1.5345859964e-02 3.4536731837e-01
2.9317767986e-03 -1.0606023215e-02 -2.9053308107e-02
1.5616637722e-02 -3.0979529975e-02 -1.5896067078e-02
-1.0290926432e-02 -5.3342951285e-02 -3.7003267980e-02
-2.1593683262e-01 -1.7992031733e-01 1.0640100327e-01
-4.1381727355e-01 -3.8504497323e-01 1.3570954568e-01
-5.1724570937e-01 -5.3285674153e-01 1.9123378863e-01
-2.3100809671e-01 -2.0140720397e-01 -4.8350454824e-02
-1.2558738495e-02 -1.8040549121e-02 -1.0777714729e-01
1.4727425547e-02 4.1447949995e-02 -4.3549523958e-02
2.8731205715e-03 7.7123718874e-02 -4.2497732780e-02
-2.1769597452e-02 4.2159633749e-02 -2.5754257145e-02
-1.7222836119e-02 4.7064745627e-02 -4.7285281755e-02
5.4320566225e-02 -4.9903258809e-01 3.4394019314e-01
1.3947755409e-01 -8.1756399159e-01 4.7673534244e-01
1.8359426431e-01 -1.7840750146e-01 -7.2176419227e-02
-2.1198956663e-03 -1.8302493619e-02 -5.5473075684e-02
1.4730686039e-02 -3.5170487566e-02 -2.8704861137e-02
3.5464269150e-02 -4.2742531098e-02 -6.7534767884e-02
3.2723721108e-02 -3.9952194559e-02 -3.9983179433e-02
-7.9870864307e-02 -8.3394538852e-02 -6.3315499950e-03
-2.9174382712e-01 -2.5633359609e-01 1.2038073160e-01
-4.9025844696e-01 -3.2591523560e-01 3.7568983402e-01
-2.9779330052e-01 -3.6522785689e-01 3.5048886402e-01
-5.4568695640e-02 -1.3431700161e-01 1.2181633357e-01
2.1719682056e-02 -2.0700127495e-02 6.4286692696e-02
7.8343119574e-02 -2.6501585507e-02 6.6031744031e-02
2.7140889755e-01 -1.4568910367e-02 7.5001985407e-02
1.5643603647e-01 -2.8041853809e-01 -5.3008282030e-02
-4.5128474540e-01 -5.2116603172e-01 -1.2753863069e+00
-2.0461645506e-02 -1.3428624508e-01 -6.4896826389e-01
2.4466181724e-03 -4.4852725259e-02 -5.3163462802e-02
1.2754926121e-02 -3.5995522497e-02 -7.0944064183e-03
2.8879648554e-02 -3.9153235893e-02 -2.4757621018e-02
2.9323256128e-02 -3.6453773920e-02 4.4263184200e-03
2.3031929979e-02 -2.1779204230e-02 -1.2886066866e-02
-4.5396200719e-02 -2.7623681359e-02 2.2895752426e-02
-2.7856005821e-01 -1.9538099667e-01 3.8468792562e-01
-5.8165448468e-01 -4.9374751346e-01 7.4248042964e-01
-7.3618152966e-01 -5.1235035526e-01 5.3873730254e-01
-3.1502146905e-01 -3.5965809495e-01 3.5230481243e-01
3.2951076385e-02 -2.0268468643e-01 1.8068830011e-01
-4.6870204250e-02 -2.2084410657e-01 -3.0223952618e-02
-3.3472986290e-01 -4.1497182027e-01 -2.7518963148e-01
-4.3651446442e-01 -3.2522785981e-01 -8.1737502667e-01
-5.4320284115e-02 -7.1856274833e-02 -2.5545305277e-01
4.1490326988e-03 -4.7847862261e-02 -1.7749114316e-02
2.3178310679e-02 -7.3393942334e-02 -3.7607679115e-02
3.9872037357e-02 -9.4307121563e-02 -8.3097012004e-02
5.0719517610e-02 -9.6395509153e-02 -3.3096658471e-02
2.5860451549e-02 -8.7011167839e-02 -5.4905277003e-02
4.2801214543e-02 -5.8459226537e-02 -2.3766546526e-02
-3.1521050037e-02 -6.3752349062e-02 -4.1263023640e-02
-3.3730722629e-01 -1.4546826794e-01 1.9979229888e-01
-9.2071214232e-01 -4.5206251169e-01 5.4862510129e-01
-1.2251241462e+00 -7.7126175660e-01 5.9930512121e-01
-1.2161088042e+00 -8.6237494226e-01 1.3731501057e-01
-9.8897093098e-01 -6.4462811691e-01 -2.6825693949e-01
-6.8706171204e-01 -4.0521937622e-01 -3.3712857485e-01
-2.0763245706e-01 -9.9773744418e-02 -1.1386236752e-01
2.6661185629e-02 -3.3301982606e-02 2.2403335829e-02
2.3557511509e-02 -6.3916527601e-02 2.9267888702e-02
2.1092686557e-02 2.7630794765e-02 6.0214884837e-02
3.8803670563e-03 3.7800858469e-02 6.3768177753e-02
-3.2587097606e-02 3.5516492997e-02 7.9940829341e-02
-6.7528710792e-02 2.3300528321e-02 1.3247359929e-02
-5.0570148434e-02 1.5506829783e-02 1.2678734504e-03
-4.0359479280e-02 5.5179388606e-02 1.4675181665e-03
-3.3588462400e-02 5.2061637550e-02 1.1307980226e-02
-3.9034497422e-03 2.3362842621e-02 2.3237188567e-02
8.4686935645e-02 -6.3447589822e-02 8.6811606164e-02
2.2753797568e-01 -2.1327967651e-01 9.5634389430e-02
2.6999447145e-01 -3.3431183594e-01 -7.3183287410e-02
-1.6190431725e-02 -1.7555475072e-01 1.1335443769e-02
-2.0340891479e-01 -1.1359835904e-01 1.8471562901e-01
-1.5721746190e-01 -1.1209214981e-01 1.4126681360e-01
-1.0884855723e-01 -9.7846055739e-02 7.3805382053e-02
2.9501210906e-02 3.1392759606e-02 5.4927152503e-02
1.2934293575e-02 4.7641268184e-02 4.8522928102e-02
-2.2483203673e-02 2.6277700939e-02 7.9601139284e-02
-3.7475630966e-02 1.4285096285e-02 2.3822233354e-02
1.1071168390e-02 -5.3471664834e-02 4.7967520155e-02
3.8641423471e-02 -2.9104547386e-02 4.3456895916e-02
5.5421466313e-02 -5.4273865441e-02 6.3266113725e-02
1.8053073941e-01 -1.4238560619e-01 8.0770410169e-02
3.1016525461e-01 -3.2658126621e-01 1.7481782326e-01
6.2327789915e-01 -7.5137880763e-01 1.1134744819e-01
1.0254354256e+00 -1.2658993983e+00 -5.2006603933e-01
5.2581250381e-01 -7.6543755657e-01 -5.9441298440e-01
-5.7182402902e-02 -1.6194908984e-01 4.4898133478e-02
-1.0445623601e-01 -9.8618741777e-02 1.2418670180e-01
-5.6031566716e-02 -7.6308489982e-02 6.5945448129e-02
-6.2080889897e-03 5.4657657817e-02 3.8932159123e-02
-3.2661061875e-02 6.7687439231e-02 3.8504451483e-02
-9.0241873094e-02 5.7423179102e-02 5.2927205390e-02
-1.5127266726e-02 9.1421244400e-03 5.3826892887e-02
6.9445374910e-02 -4.6276045468e-02 8.9677536834e-02
6.4477412148e-02 2.0917062543e-02 2.8583940226e-02
-2.6985411416e-03 7.1205629825e-02 1.2805673750e-02
3.9604802445e-02 6.7711003235e-03 4.1433674644e-02
1.2885281028e-01 -1.5357007223e-01 7.4235605424e-02
2.1729021496e-01 -5.0863650670e-01 3.8010494938e-03
5.4280219845e-01 -1.0508685524e+00 -5.0363560907e-01
6.4684923598e-01 -9.0781945903e-01 -7.6795080964e-01
3.6460446327e-01 -2.9423819941e-01 -2.5680897942e-01
1.2240605122e-02 -8.8132415206e-02 -1.2046029351e-02
-7.0569327600e-02 -4.0708618578e-02 1.8257337913e-02
-1.8133509919e-02 7.6034952394e-02 7.3472545597e-03
-5.3498645116e-02 1.1804993548e-01 -1.4088218492e-02
-8.5297412076e-02 5.9822545271e-02 1.2941568295e-02
1.2837847370e-02 3.9519495987e-02 1.3403233320e-02
-4.0671248791e-03 7.7938561072e-02 -1.6022388378e-02
-1.0007872697e-01 2.2705152551e-01 -1.2830504154e-01
-1.3468664938e-01 3.9227436359e-01 -1.1087308736e-01
-5.8754643864e-02 4.6501398139e-01 -8.2945460012e-03
5.9010766818e-02 2.8395311586e-01 5.9960695174e-03
3.5569583809e-02 -1.0081505453e-01 2.0924261314e-03
3.3173263718e-02 -1.8454173173e-01 4.3304669895e-02
7.4407026421e-01 -5.0125628280e-01 -3.6930283028e-01
1.5625177282e+00 -6.8224934168e-01 -8.7163122866e-01
5.9107781734e-01 -3.0994864771e-01 -4.9364651474e-01
-2.5359987792e-02 -7.0401525203e-02 -6.7384782902e-02
2.5109224577e-03 7.1875990592e-02 1.9338072111e-02
-3.1428555758e-02 1.5323105623e-01 -4.1721506556e-02
-7.6270840444e-02 1.4828453477e-01 -5.0753375480e-02
-8.9831963846e-02 1.6500161075e-01 -7.5747222702e-02
-2.0347915335e-01 3.7134534507e-01 -1.6380375977e-01
-2.1958197496e-01 7.1177332863e-01 -2.2180709377e-01
5.9999274980e-03 9.4042302761e-01 -1.1955652330e-02
2.5547220151e-01 1.1898937445e+00 2.7842292728e-01
2.2252899940e-01 8.8394351305e-01 2.0797755806e-01
1.6495507833e-01 3.5759621909e-01 1.0827907776e-01
1.4266345494e-01 3.0948644274e-02 1.1514090432e-01
5.7471306138e-01 -4.5926126386e-01 -2.1281476283e-01
1.0483463493e+00 -1.2591966507e-01 -7.0384029493e-01
4.4071128241e-01 -7.1962139751e-02 -6.4977032072e-01
-2.0104252841e-02 -8.2252021847e-02 -1.2242241699e-01
2.4231643289e-02 2.2347075100e-02 4.2414774822e-02
-4.1366099275e-02 1.1124565408e-01 -8.7015087360e-02
-1.3390757865e-01 8.9482667193e-02 -8.8420010390e-02
-1.2533647413e-01 2.5099074032e-01 -1.1796805080e-01
-1.0728059530e-01 8.4934567646e-01 -2.5733648234e-01
1.0941142857e-01 1.1264916170e+00 -1.4475810707e-02
5.4513317327e-01 1.3412471711e+00 4.2394242980e-01
5.5813000260e-01 1.3241692287e+00 4.8851404957e-01
2.3316032921e-01 5.9355799565e-01 1.4963483110e-01
7.9296382023e-02 2.2403969028e-01 2.3668902028e-02
-1.8523229319e-02 -3.6114356642e-01 -1.3153832940e-01
4.1927497403e-02 -8.0208165410e-01 -3.0696254683e-01
-2.1351722955e-02 3.1619551265e-01 -4.9821904536e-01
-9.8587989321e-02 3.6454730850e-01 -4.1069290491e-01
-5.2112313177e-02 -4.1063588261e-02 -6.3721555267e-02
3.9995620572e-02 1.3957780549e-02 3.2976986305e-02
1.6720250047e-02 2.7652606381e-02 -2.9135381968e-03
3.9001504450e-02 1.0694399200e-02 9.6275742307e-02
1.2955675557e-01 6.4423792160e-01 -5.0471669818e-02
3.1977619003e-01 9.6581021353e-01 8.1160577482e-02
5.3494306218e-01 9.9863651586e-01 3.1022543672e-01
6.0179558576e-01 1.1189893963e+00 4.1448293873e-01
3.8614795802e-01 8.0921748379e-01 1.9993085930e-01
1.9702279963e-01 3.2074674999e-01 -1.7593933001e-02
1.7819349058e-01 3.2293232963e-01 -7.4061892024e-02
-4.5787080139e-02 9.8442101866e-02 -6.4316774042e-01
-1.2819378400e-02 -4.7354083399e-01 -1.1596404851e+00
-1.9213095162e-02 -1.1556498706e-01 -1.3880853037e+00
-7.1578536976e-02 2.2686038044e-01 -3.2557985461e-01
-2.1660942618e-02 -3.8812706541e-02 1.1844239564e-02
3.8439531264e-02 1.4666576689e-02 1.1115604250e-03
1.1456267822e-01 -4.4109100141e-02 8.3003940252e-02
2.7921848222e-01 -2.2399307985e-03 2.7594179553e-01
3.0895035191e-01 2.5899457799e-01 2.2910228187e-01
3.3679964007e-01 3.0194666471e-01 3.1264578945e-01
4.5127014814e-01 6.2412213421e-01 1.9000340679e-01
3.4257528251e-01 6.0366643800e-01 1.4708920663e-01
2.7399073702e-01 4.6158093411e-01 9.3153751212e-03
4.2215717080e-01 4.7857837531e-01 6.6672854182e-02
3.6780943083e-01 4.5040560589e-01 -8.9755589638e-02
2.5375796299e-01 3.1598127331e-01 -7.6888288113e-01
-3.1600559714e-01 -7.3971308423e-01 -6.9527599008e-01
-2.3058889907e-01 -1.1852878097e+00 -1.7088072426e+00
3.3533369672e-02 -1.2673560855e-01 -3.6185466976e-01
-2.6268692825e-02 -4.9571169739e-02 5.8260294522e-02
4.1354401338e-02 -3.3327192038e-02 4.3615089633e-03
2.0353660664e-01 -1.6297756025e-01 1.2794663650e-01
4.4702623812e-01 -5.6329790398e-01 6.5459672397e-01
1.3152340048e-01 -2.8305222341e-01 2.4444982067e-01
-1.4814725058e-02 2.1463148818e-02 -4.3446116349e-02
1.4171258162e-01 2.0612508758e-01 -4.7116545887e-02
1.9769860868e-02 1.9723058620e-01 -2.2757329654e-02
1.1945268020e-01 2.4043563413e-01 -1.2718573239e-02
2.3158192968e-01 3.1058759093e-01 5.4819978722e-02
1.4878949837e-01 2.0367612495e-01 -1.4677571151e-03
2.6211852040e-01 1.3986834993e-01 -2.7753575192e-01
2.3434747785e-01 -4.8386537259e-01 -3.1925409218e-01
5.7266537542e-01 -1.0132465502e+00 -1.3174250274e+00
2.2020552028e-01 -2.1890087526e-01 -5.0595878846e-01
-1.4357185062e-02 -4.1844135967e-02 6.0938694782e-02
2.4082504847e-02 -5.8025046719e-02 3.5306139053e-02
8.4233942937e-03 -3.3036251182e-01 2.0097977331e-01
-1.2973479794e-01 -9.0290900494e-01 5.0962280846e-01
-1.0873492224e-01 -2.1781834372e-01 -4.2462848818e-02
2.4712226237e-02 5.7568826785e-02 -3.7454700322e-01
-1.5382207017e-02 5.3334552302e-02 -1.7438005846e-01
-9.9938000488e-03 5.3778654807e-02 -5.1963852464e-02
1.6735460290e-02 3.6927474463e-02 -2.8032945406e-02
3.5518095370e-02 2.3218298629e-02 5.5745645911e-03
-7.4661696741e-03 9.3973590257e-03 3.8514710579e-02
1.3159420904e-01 1.1080705192e-01 2.1302453003e-02
5.9962166415e-01 -1.5993691645e-01 -2.6309233358e-02
8.1497848506e-01 -4.4677958254e-01 -1.2384207099e-01
1.9828953674e-01 -5.2524028037e-02 -1.7003921579e-01
-1.0484076289e-02 -1.7215912218e-02 2.5974738696e-02
4.2027150708e-02 -4.6476355188e-02 1.3861453641e-02
-4.9774694305e-02 -2.1732406793e-01 4.0874993985e-02
-4.0014186256e-01 -6.7681506399e-01 2.3892347284e-01
-2.2169564671e-01 -1.9736603558e-01 -1.7787159375e-01
-1.1571715567e-01 -7.1683426518e-02 -1.9335360721e-01
-7.1656558475e-03 1.9785231327e-02 -1.4530989176e-01
2.4235395348e-02 6.0257102637e-02 -1.2970281206e-01
1.2308917113e-02 2.6533317733e-03 -3.4809841396e-02
2.9199428609e-02 7.7634398868e-03 -1.4247678854e-02
-1.1293957167e-02 8.4040127017e-03 -1.1277104777e-02
-1.7781391822e-02 5.9479722592e-02 4.7743273593e-02
1.0498077170e-01 -1.9602145349e-01 3.6902099008e-01
3.4538724345e-01 -2.3359124614e-01 6.4304344653e-01
2.3213553319e-01 1.5839486382e-01 3.6078525874e-02
3.3292417384e-02 -3.8211957601e-03 -4.9206571437e-03
3.9521715201e-02 -4.5234292471e-02 3.4091651719e-03
1.1989432280e-02 -1.0192902700e-01 1.5390809741e-02
-2.3692437409e-01 -4.0720565480e-01 1.6922053836e-01
-2.8820280513e-01 -4.5481992104e-01 -1.0549442356e-02
-2.6482810638e-01 -3.3749124436e-01 1.5330416508e-01
-5.2877770248e-02 -8.3197326486e-02 -6.7882784464e-02
-3.4985384999e-02 -3.9076819933e-02 -2.0087355652e-01
1.8126693544e-02 2.7255561657e-02 -3.7226673821e-02
4.6315029450e-02 4.2390773224e-02 -1.5260820275e-02
7.2193793606e-03 2.2925256385e-02 -4.0049432474e-02
1.9851898923e-02 6.2071325121e-02 -2.9309458547e-02
1.9312974315e-01 -1.9761239227e-01 6.8632423412e-02
3.4460321171e-01 -2.6000583097e-01 -1.3735981228e-01
2.8983564794e-01 1.4073472985e-01 -2.7512396427e-01
3.4542370953e-02 -7.5190680029e-04 -3.2087993169e-02
2.4101745740e-02 -4.1991509996e-02 -1.1413794716e-02
4.5593333784e-02 -4.8466784964e-02 -3.2682774589e-02
-1.4895532596e-02 -8.9547641222e-02 -1.2593829361e-02
-1.6019965181e-01 -2.3787596813e-01 -6.2373406304e-02
-3.0782757567e-01 -3.9766068179e-01 1.0726097360e-01
-1.7451004684e-01 -3.8124097783e-01 1.6886973735e-01
-1.2038236619e-01 -3.4132836026e-01 1.3360906163e-01
2.7945182529e-02 -1.1956904734e-01 1.2728673127e-01
8.3476710375e-02 3.8761271112e-03 8.2320091188e-02
4.4597002786e-02 3.9849871913e-02 4.3193193193e-02
1.3978811737e-01 9.6611843239e-02 1.5006086372e-02
2.4957708817e-01 -1.7188865292e-01 1.4738750717e-02
-2.0610538048e-02 -5.3574567047e-01 -1.1376137560e+00
6.1492092884e-02 -1.1041408594e-01 -8.1788477262e-01
2.7845022987e-03 -2.4873906190e-02 -6.6170462956e-02
2.3474239849e-02 -4.7733889363e-02 -1.8882716787e-02
4.4642105161e-02 -4.7709822723e-02 -4.9011584699e-02
4.2555244052e-02 -3.7694080530e-02 -2.5623423177e-02
2.6366812961e-02 -2.8435375020e-02 -4.3273024955e-02
-6.1073485416e-02 -1.4485365438e-01 8.0151445004e-02
-2.6186232550e-01 -3.4604124489e-01 2.9584236233e-01
-4.8837016228e-01 -6.2412495842e-01 4.7346792345e-01
-3.4808472249e-01 -5.4791700271e-01 4.3083061452e-01
-1.3803854112e-01 -3.9573007864e-01 3.4851098315e-01
1.0308019159e-01 -9.5906960892e-02 1.9388986413e-01
1.5220529006e-01 -1.2149896762e-01 -2.4995119681e-02
-3.4428396989e-03 -4.3230448816e-01 -1.0741958801e-01
-3.0494696858e-01 -5.3600682434e-01 -1.1823931781e+00
-9.6360345351e-02 -1.5561373155e-01 -6.0274583645e-01
1.3412740424e-02 -5.1406517708e-02 -3.1141541589e-02
2.7820638081e-02 -4.5528600950e-02 -9.8178541042e-03
3.9825713706e-02 -4.4811617134e-02 -2.8350498030e-02
2.9436374127e-02 -4.0666603263e-02 7.2655734176e-03
4.1509687334e-02 -2.1976908044e-02 -2.1788431750e-02
3.2676653131e-02 -7.1669945050e-03 3.2592479396e-03
-1.3275656637e-01 -1.3410744956e-01 8.7517804940e-02
-4.4600334541e-01 -4.9153693398e-01 4.6067101742e-01
-6.9882383446e-01 -7.9733661865e-01 6.7074757884e-01
-7.4315026967e-01 -9.1625385655e-01 5.7038869959e-01
-5.7663746294e-01 -7.0498494417e-01 3.6295311212e-01
-4.3088965191e-01 -6.4193501624e-01 -9.5089116686e-02
-5.7200738233e-01 -7.8525876173e-01 -2.9648904347e-01
-2.7307628409e-01 -3.6746180320e-01 -4.4483058556e-01
2.7945476415e-03 -9.6286127550e-02 -1.0028613310e-01
2.4139707146e-02 -5.4619802853e-02 -5.8478111154e-03
3.8688774038e-02 -7.4946889315e-02 -2.6508197712e-02
5.7353649225e-02 -8.0826854194e-02 -6.4106235575e-02
5.4760853371e-02 -8.2058870848e-02 -8.5696945673e-03
5.6968010509e-02 -6.8177841720e-02 -3.1004489998e-02
6.8198310497e-02 -5.2535705151e-02 -2.5003315342e-02
3.0483145132e-02 -5.9876994876e-02 -9.3749618832e-02
-8.1933255208e-02 -1.0572559314e-01 1.7235255275e-02
-3.8974047810e-01 -3.3545206813e-01 1.9553733094e-01
-6.3572032832e-01 -6.5054188051e-01 2.9734900021e-01
-6.8500924034e-01 -7.7900779954e-01 1.5446597722e-01
-4.8664818670e-01 -5.6610736952e-01 -6.1656291098e-02
-2.6679992457e-01 -2.6871293331e-01 -7.7825517861e-02
-2.3391455854e-03 -3.1930129723e-02 2.6968931679e-02
8.3683633454e-02 -1.5255431569e-02 4.5204468515e-02
5.5523039396e-02 -6.1107597782e-02 3.0050155129e-02
2.9882988375e-02 1.0030265803e-02 8.5852543333e-02
1.7316717437e-02 1.5075537467e-02 9.1757274758e-02
8.7984623932e-03 1.1670234317e-02 1.1363672679e-01
-3.1239141528e-02 -1.2159610836e-02 5.6194063631e-02
-2.6488329305e-02 -1.8219034360e-02 4.7691336410e-02
-5.3354177152e-02 2.4583047994e-02 3.6474629547e-02
-4.7550219891e-02 3.8529728130e-02 4.5919945972e-02
-6.1012714903e-02 6.5214628755e-02 4.0685618875e-02
-5.8205544736e-02 4.8333798330e-02 6.0715669785e-02
-6.6452468088e-02 3.4767708459e-02 8.7300772402e-02
-7.4530937694e-02 -2.5129789500e-03 8.1327160825e-02
-1.0107815020e-01 1.7979952879e-02 1.1664721798e-01
-1.5334128633e-01 -4.0443000092e-02 1.6952210843e-01
-1.2133095708e-01 -5.4219937904e-02 1.3054078852e-01
-1.1967392524e-01 -4.2698317363e-02 6.8556355557e-02
2.4051860072e-02 1.8944688814e-02 9.1805608208e-02
2.1451118936e-02 1.4942192959e-02 8.9988189298e-02
4.6709251902e-03 1.0712235855e-03 1.1280469998e-01
-3.6896937161e-02 -3.5328643591e-03 6.5757543473e-02
-4.1184281898e-02 -3.3676149027e-02 5.7425472219e-02
-4.1161146661e-02 -6.8371233196e-03 5.4579114978e-02
-5.6898976536e-02 2.8321555850e-03 6.0582247745e-02
-3.4685275837e-02 5.1449857504e-03 5.2605902669e-02
1.9779874992e-02 -7.9736160124e-02 8.8153162397e-02
7.4538768141e-02 -2.2767695158e-01 9.2482242165e-02
1.1358147234e-01 -3.2989244059e-01 -1.6941279384e-02
-2.5600884998e-02 -1.2743279262e-01 5.3767735835e-03
-1.0737418216e-01 -2.7936766175e-02 1.4619785508e-01
-8.6576136910e-02 -3.7025077186e-02 1.2473800654e-01
-7.1274464147e-02 -1.8134666877e-02 6.4277865154e-02
-6.3778592911e-04 3.5349515712e-02 7.5305860934e-02
-1.6982727339e-02 3.1799471188e-02 8.1105712202e-02
-5.3239502356e-02 2.4450944965e-02 1.0519275574e-01
-5.6939489913e-02 3.2349619114e-03 6.5600687441e-02
-5.3824210713e-02 4.6324146258e-03 5.3493316910e-02
-5.9706592523e-02 3.6318288666e-02 4.1178855656e-02
-2.7079873757e-02 2.0338973002e-02 4.1738525455e-02
2.5482155257e-02 -5.0601313567e-02 6.2581776823e-02
1.8498844298e-01 -2.1052952593e-01 8.7806111933e-02
3.1748185537e-01 -5.5532736827e-01 3.0599421000e-02
4.4063469913e-01 -7.3184539548e-01 -1.7308008796e-01
4.9914010415e-01 -2.0083510744e-01 -2.0097186384e-01
2.0296920590e-01 3.2276448781e-02 -3.3131921266e-02
-2.9150088434e-02 1.5622372929e-02 4.6958945334e-02
-8.8465369608e-02 1.2388198974e-02 2.3468816569e-02
-1.6961833476e-02 5.2489389955e-02 5.4315324142e-02
-3.7431369166e-02 4.9616942268e-02 5.5961347858e-02
-7.5726455862e-02 2.7487187809e-02 6.0829506922e-02
-7.7615603126e-02 4.4725670419e-02 1.2490953481e-02
-4.2470344796e-02 5.6430131932e-03 1.6460033598e-02
3.4516498209e-02 -5.8395138123e-03 1.0319062514e-02
7.1775889220e-02 1.8189618951e-01 4.5061267620e-02
2.4773176200e-01 3.9769675668e-01 1.5500111081e-01
5.0303027098e-01 2.3164376543e-01 2.4203590963e-01
5.8300357801e-01 -3.0251224861e-01 2.2562589169e-01
8.6565877649e-01 -4.1468494601e-01 6.8651344990e-02
1.4982644689e+00 -7.1146318956e-02 -5.5540739396e-01
1.3135353577e+00 3.3903373567e-02 -1.0841965781e+00
2.3848071107e-01 -4.9453986776e-02 -3.1674802102e-01
-5.7168783294e-02 -3.3491146819e-03 -3.9813026137e-02
6.4291642155e-07 3.3927970196e-02 4.9535924954e-02
-2.7166446545e-03 4.1079210080e-02 5.1134457124e-02
-4.8077616522e-02 3.6449894357e-03 7.1238078155e-02
-1.8686696803e-02 -2.8342383268e-02 7.5023558243e-02
5.3085377139e-02 -1.3075247584e-02 8.2753771118e-02
2.4174817431e-01 2.9229414150e-01 1.1734247344e-01
6.4465447947e-01 5.7782046150e-01 3.9897352712e-01
9.7120342819e-01 6.5222473268e-01 5.0682919274e-01
8.9238677733e-01 3.5302829834e-01 2.9593504246e-01
7.8960885259e-01 -9.4874469492e-02 2.0991189223e-01
6.9267072867e-01 -1.9231079032e-01 -1.5815032938e-01
6.5676610654e-01 -6.9986722407e-01 -7.7877553773e-01
1.1962308780e+00 -6.1586892918e-01 -1.4655136406e+00
5.9482630654e-01 -3.7471756299e-02 -1.0491444471e+00
-9.2220892678e-03 -3.1387750796e-03 -1.5789898734e-01
1.7199899435e-02 7.1383040418e-03 7.4468524225e-02
7.5989450723e-03 -9.9713180778e-03 6.6434230657e-02
1.9979008566e-02 -1.1806432068e-01 1.4089510307e-01
1.1567543572e-01 -7.4973732785e-02 1.5779839891e-01
3.3168389042e-01 4.6123292022e-01 2.4202573924e-01
8.5195107616e-01 6.8769944573e-01 6.3273612003e-01
9.6861998778e-01 5.7223106979e-01 6.3305449915e-01
5.2244970077e-01 3.1502704211e-01 2.4377609918e-01
1.6753334724e-01 1.1654083352e-01 1.2167771573e-02
3.0928737538e-02 -7.4569593996e-02 2.7440115549e-02
-7.8490714932e-02 -4.0480759075e-01 -6.2127246726e-01
-5.0048508322e-02 -1.3265152024e+00 -5.2076580187e-01
3.2132299024e-01 -5.1354251201e-01 -8.0055993463e-01
4.2005242864e-01 6.4056235750e-01 -1.6421324604e+00
4.7087895645e-03 8.0051712204e-02 -3.1738646647e-01
1.6525561368e-02 -2.0127058545e-02 7.7499953179e-02
3.8605381170e-02 -3.3911305587e-02 7.9800820419e-02
4.8739060350e-02 -1.2045920385e-01 1.9168320000e-01
3.4741449852e-01 2.1909585906e-01 3.0803480939e-01
8.4661862659e-01 4.2760655134e-01 8.0871955098e-01
8.0667216370e-01 5.0938228482e-01 7.0500681828e-01
2.5369047434e-01 4.5182998070e-01 1.4989516020e-01
3.4234157934e-02 2.8294426846e-01 -8.4280624743e-02
5.7913438066e-02 2.1746954888e-01 -3.8127848843e-02
5.7243344080e-03 1.9297795762e-01 -8.8234831651e-03
-3.2813012149e-01 -6.4894295065e-02 -6.5329597028e-01
-4.8942165950e-01 -1.6024132657e+00 2.6224080707e-01
-4.2930829044e-01 -1.7670919729e-01 -4.3380049377e-01
-2.7896637060e-01 1.2365612660e+00 -1.2282368938e+00
-5.5457030482e-02 1.9354325153e-01 -2.8510919364e-01
1.5432777068e-02 -1.6324646025e-02 5.0559069100e-02
4.2303616551e-02 -5.6650550748e-02 8.5817461043e-02
2.7279518025e-02 -1.3272964937e-01 2.3454857282e-01
3.6494661279e-01 -1.7911649544e-01 6.7019743915e-01
5.4679203809e-01 -1.2841888995e-01 6.9984876729e-01
2.4175771833e-01 1.2037395706e-01 1.0097463502e-01
4.3869362786e-02 1.9763474479e-01 -1.8295524742e-02
3.6715102034e-02 2.6069692799e-01 -3.5823707563e-02
1.3122209732e-01 2.5350741722e-01 6.5649023738e-03
8.1506688374e-02 2.4256046918e-01 2.2781976333e-02
-8.6870423044e-02 1.8610581382e-01 -2.9131814367e-01
-6.5862333048e-01 -9.6241081134e-01 2.0517535757e-01
-4.3672493513e-01 -6.2126384279e-01 -1.8395360517e-01
-2.6727436171e-01 4.0276861110e-01 -2.0475405668e-01
-8.1754231271e-02 1.6363299551e-01 -9.0784098011e-02
2.0966107292e-02 -4.2836665499e-02 4.6050010309e-02
4.2636711163e-02 -1.3652529202e-01 1.1230718850e-01
1.4635912071e-01 -5.0378612576e-01 5.2234493820e-01
1.7196148196e-01 -3.5635939350e-01 4.1221365376e-01
9.8445295355e-02 -8.2299884893e-02 -1.1523875728e-01
1.7628525916e-01 6.0428924219e-02 -3.4246459707e-01
1.1342588114e-01 2.1098482067e-01 -1.2532188697e-01
-1.6446145522e-02 1.3312260006e-01 -4.4486372337e-02
6.5288431135e-03 1.1644907404e-01 -2.1731553973e-03
3.4419613794e-04 8.8578954393e-02 6.3346636182e-02
8.9603604588e-02 2.1976453707e-01 -1.1664409833e-01
2.6137003023e-01 -2.6711331771e-01 -7.7216635160e-01
3.4550509951e-01 -8.7804861558e-01 -8.5125181652e-01
7.0068456223e-02 -1.5319139820e-01 -1.6581986387e-01
-2.9047879065e-02 1.1886475546e-01 -2.1988342968e-02
3.2581552028e-02 -3.1507511962e-02 4.2263687501e-02
2.6336728144e-02 -1.4190139750e-01 1.0949977433e-01
1.6733428653e-02 -4.8035406304e-01 4.1250485360e-01
1.0127498474e-01 -1.5459566229e-01 -5.0629185090e-02
1.0807953057e-01 9.4907344175e-02 -5.8055042326e-01
8.7840547558e-02 2.1812976054e-01 -3.9811822023e-01
7.8498378385e-02 2.3874263730e-01 -2.2815660750e-01
7.3217990669e-03 3.7427053646e-02 -7.5282047889e-02
3.1038434921e-03 -3.7921914554e-03 7.2663375394e-03
-3.6194368678e-02 1.2620345123e-02 3.0965169531e-02
2.9735759009e-02 7.2490227957e-02 1.0720071263e-02
3.1219110396e-01 -1.8683172418e-01 -4.1493351569e-01
6.5708865430e-01 -4.8465124027e-01 -1.3007162426e+00
3.7518792550e-01 -6.2767843808e-02 -7.8552580375e-01
1.7356860180e-02 7.2388544547e-02 -8.0162354955e-02
3.7713130941e-02 -3.0805685070e-02 4.4441070460e-02
3.7799764561e-02 -6.0456795865e-02 4.2507695025e-02
-1.7622030749e-02 -1.6668087567e-01 7.3290260335e-02
-4.5988548683e-02 -1.6624310296e-01 -1.9027077327e-01
-8.9690746575e-02 -1.9521577928e-01 -1.8982557045e-01
-3.6984789984e-02 7.9714872615e-02 -1.7820263440e-01
-8.5677017803e-02 1.3510490495e-01 -2.8499233853e-01
-1.1750261679e-02 1.8107978382e-02 -8.6047552429e-02
2.4266403093e-02 6.3310812936e-03 4.2900999914e-02
-1.8438391753e-02 -2.5589216662e-03 2.3606785211e-02
-3.1610452329e-02 3.0223976339e-02 1.2307989280e-02
-2.7864822960e-02 -1.4021584992e-01 -1.0712735331e-01
7.0587866187e-02 -4.5189190885e-01 -1.1510267737e+00
2.0697927092e-01 -7.1033410012e-02 -9.8660734381e-01
4.4114013661e-02 3.0493498475e-02 -1.1947801982e-01
2.9231544220e-02 -3.6583920329e-02 3.1557610590e-02
4.6279243817e-02 -4.6731529639e-02 2.1181489422e-02
2.8715478536e-02 -7.0574943489e-02 5.3465214465e-02
-3.5213862765e-02 -2.0192129143e-01 1.2884701698e-03
-3.4742936472e-02 -2.3795737388e-01 8.6618298040e-02
5.8671342453e-02 -8.9571074916e-02 -1.1367527864e-01
-1.4090872739e-01 -2.0536673631e-01 -2.0963895961e-01
-4.5070124051e-02 -1.6816669208e-01 1.0523741642e-01
6.4143952623e-02 -1.2395649720e-01 1.6087308815e-01
-8.4810363054e-03 -1.2134672752e-01 1.0985492288e-01
7.1523563918e-02 5.4074337816e-02 6.9725811309e-02
1.2819496107e-01 -4.2728262605e-02 1.0928353951e-01
-1.2897250596e-01 -5.0453250651e-01 -1.1299950210e+00
2.4694500682e-02 -1.7709574835e-01 -1.0239295618e+00
1.1087022592e-02 1.5022923918e-02 -1.0904044114e-01
1.9806920191e-02 -2.9302288635e-02 2.2533768477e-02
3.1189535628e-02 -4.9853677739e-02 1.0367737509e-02
2.1541996522e-02 -3.6128046133e-02 2.9326502802e-02
5.8407590886e-04 -5.5930823717e-02 4.2810457498e-03
-3.8493250977e-02 -1.4600639214e-01 4.8882382586e-02
-1.1941700188e-01 -3.6925181776e-01 1.1334244484e-01
-2.8077373903e-01 -5.7376631395e-01 2.8087809998e-01
-1.7850179322e-01 -4.7424933613e-01 4.9391302921e-01
-1.0896209216e-01 -4.5229506809e-01 4.1257472689e-01
-1.0107797981e-01 -3.7145971861e-01 2.4742360636e-01
8.3491545376e-02 -1.2590933798e-01 1.3070488707e-01
-1.4998103617e-02 -3.0662854950e-01 6.7471870268e-02
-1.7978203063e-01 -5.8240624546e-01 -1.0049190405e+00
-8.5450383591e-02 -2.3611840172e-01 -7.4535081556e-01
-1.8919565412e-02 -7.5151455960e-03 -7.8769173532e-02
2.2242254204e-02 -4.0935540497e-02 9.7472092787e-03
3.5878742818e-02 -5.3111238440e-02 -7.9248784368e-03
2.8770178424e-02 -4.8972975768e-02 2.9133451276e-02
4.6447793417e-02 -3.3909318476e-02 7.9114630597e-03
3.5189479867e-02 -3.7751622868e-02 4.8790857688e-02
-5.6053365426e-02 -1.9626877038e-01 7.6797804711e-02
-2.6242641398e-01 -5.5145867517e-01 3.1719794022e-01
-3.8317180492e-01 -8.6361307057e-01 5.7957260399e-01
-3.7174509018e-01 -9.0346235602e-01 6.0855112572e-01
-1.8844784405e-01 -7.5780874018e-01 3.4301170125e-01
-2.5176545043e-01 -8.0466324219e-01 -1.3507971091e-01
-6.5740105817e-01 -9.0574400531e-01 -2.3111676208e-01
-3.1403752812e-01 -5.0791076890e-01 -5.6346817630e-01
-7.1126226268e-02 -1.1310795182e-01 -1.9569551222e-01
3.7648068727e-04 -1.9503909899e-02 -2.8474341310e-02
2.4949771559e-02 -3.6739599533e-02 2.2595116664e-02
3.4491675040e-02 -4.8737676377e-02 9.1113348625e-03
2.1494542800e-02 -3.9841764425e-02 3.7191282689e-02
2.9595645711e-02 -4.1830435820e-02 1.9490446628e-02
2.6663442229e-02 -1.7238812325e-02 2.5488120394e-02
-1.5004391454e-02 -5.2964334182e-02 -1.6198428027e-02
-1.3027645888e-01 -2.0566113489e-01 1.0047300804e-01
-3.4131798609e-01 -5.5508833089e-01 3.2710719594e-01
-4.8389448227e-01 -7.8923131126e-01 4.7825289345e-01
-5.2631143542e-01 -6.9748264576e-01 3.5089407951e-01
-4.9179673780e-01 -7.0942750580e-01 -1.1236497193e-01
-5.4707618868e-01 -6.0770162252e-01 -2.0167349925e-01
-1.2468111380e-01 -1.5234594941e-01 -6.6267861463e-02
6.7944826949e-02 -1.3101550146e-02 2.3480259350e-02
1.2918416123e-02 -2.6812280745e-02 -2.3823537088e-02
3.7847756738e-02 -6.0766083512e-02 1.8256784931e-02
5.1457051224e-02 -8.3115496036e-02 -1.3702668067e-02
5.6682840688e-02 -7.1980804040e-02 4.1226603379e-02
5.9049130289e-02 -6.8764922134e-02 1.7196466021e-02
6.5183169575e-02 -6.3374557829e-02 2.0829432016e-02
3.5144714590e-02 -6.0480361265e-02 -5.6265226740e-02
4.1244248685e-02 -4.4129317385e-02 -2.3434974117e-02
-3.1367785243e-02 -8.7229492211e-02 -2.9905985234e-03
-1.2767141623e-01 -1.8149278181e-01 2.4964117971e-02
-1.9708857207e-01 -2.1909539188e-01 1.9066196556e-02
-1.0250418099e-01 -1.3612871476e-01 -7.4313864364e-03
1.4446072364e-02 -1.8042461525e-02 5.1253225934e-02
9.0198705555e-02 6.7029278133e-02 1.0449060810e-01
8.3442727662e-02 3.8270068443e-02 5.7784553945e-02
3.8531351281e-02 -2.2540803326e-02 6.8956476548e-03
1.6960796195e-02 -3.9293883513e-03 7.8836942969e-02
1.6452026754e-02 -2.9463095639e-03 6.5983284304e-02
6.7843892227e-03 -1.7038124393e-02 8.3277339979e-02
-1.4630294044e-02 -4.1536743317e-02 4.0135755988e-02
-1.3649901660e-02 -4.3785546592e-02 4.0923823458e-02
-1.9030259773e-02 -1.8972117791e-02 2.5531964076e-02
-2.2305364653e-02 2.9871196805e-03 3.5574349752e-02
-3.9473032758e-02 1.5569486160e-02 3.8463589829e-02
-4.2021947058e-02 2.1038326412e-02 4.5786442493e-02
-5.2495849265e-02 2.7238324375e-02 4.8664334214e-02
-6.8352876435e-02 7.2223256241e-03 4.4971533842e-02
-9.0486922341e-02 -4.7780175012e-03 8.0886356810e-02
-1.1230363649e-01 -4.5314615215e-02 9.8756628861e-02
-9.9456499279e-02 -6.2136697696e-02 1.0325129551e-01
-9.1601543777e-02 -5.7043329016e-02 5.1721186068e-02
2.7988418215e-02 3.8108476018e-03 7.7554281786e-02
3.3347456388e-02 -5.1072153626e-04 6.4327047934e-02
2.6351801909e-02 -1.0905482613e-02 8.8387544845e-02
6.4911136917e-04 -3.3760824746e-02 4.0337745072e-02
-5.4090321811e-04 -5.3527381009e-02 4.4924877011e-02
-1.3975666568e-02 -3.5639283397e-02 2.8895060591e-02
-1.5787493469e-02 -1.8234033990e-02 3.7208573712e-02
-2.7309127017e-02 9.4691244117e-04 3.1162752997e-02
-3.9978190512e-02 3.2163996140e-02 4.1683198847e-02
-3.5712950851e-02 1.1746295222e-02 3.4097490440e-02
-6.2189009188e-02 9.8311737651e-03 4.2738224798e-02
-5.1706400290e-02 6.8053141036e-03 6.5506555171e-02
-8.4823631883e-02 -2.3658318911e-02 1.0505661024e-01
-7.2819846506e-02 -5.7127374672e-02 9.4565363620e-02
-5.8324809683e-02 -4.4626241667e-02 5.1454016929e-02
-4.1346038848e-03 1.7047821423e-02 6.7970151168e-02
7.4337390319e-03 1.0689156525e-02 6.1439292332e-02
-1.2197995926e-02 -6.0158812572e-03 7.2776379621e-02
-2.8658089010e-02 -2.4078987394e-02 3.7522935633e-02
-3.4005507504e-02 -2.2761490946e-02 4.6677427141e-02
-1.6055420769e-02 -7.7261292428e-03 2.5832152085e-02
-3.2592069365e-02 3.1413005386e-02 2.4647199935e-02
-3.5843953526e-02 5.5415884036e-02 1.8242156430e-02
-7.8450069766e-03 4.8793689179e-02 3.8303197781e-02
4.8646340080e-02 1.2142968127e-03 5.4641803211e-02
2.9226470040e-01 -2.1144465715e-02 9.7991414613e-02
6.0044073088e-01 5.4386608076e-02 -3.5034413674e-02
1.9027457946e-01 2.1118800766e-02 -7.3255204105e-02
-3.9976129529e-02 -3.8277094224e-03 2.9753807766e-02
-9.0485014894e-02 -8.0060457235e-03 1.2587299746e-02
-6.8178493629e-03 2.4490266115e-02 5.0317436694e-02
3.0654261809e-04 1.4957474506e-02 3.2544248134e-02
-3.5878083462e-02 1.0100572930e-03 4.0279125180e-02
-4.9189699117e-02 7.4355509766e-03 6.5439930655e-03
-4.2000019469e-02 -8.7322003085e-03 1.3624016221e-02
-6.9739434893e-03 9.2393619647e-03 4.2261847566e-04
3.1641293231e-02 8.6739999663e-02 2.9313519343e-02
2.1949752151e-01 1.0810727204e-01 1.1482753065e-01
4.7121051856e-01 3.9823996738e-02 2.0594205942e-01
4.6720324180e-01 -7.6351651167e-02 3.0137710451e-01
1.0559450370e+00 -9.4443071415e-02 3.7251626468e-01
1.6123148444e+00 -1.5007437341e-01 -8.3022791057e-01
7.5245347190e-01 -2.3453716664e-01 -1.4597874594e+00
7.5679300288e-02 -1.0761220013e-01 -2.6503956270e-01
-7.2936050085e-02 -1.3882886648e-02 -2.8805907608e-02
8.4933867971e-03 2.0747181653e-02 5.0702508523e-02
1.2394631143e-02 2.5685901228e-02 3.9973974872e-02
-1.6291185802e-02 3.3677446599e-04 5.5643121155e-02
-2.0167682105e-02 1.2989795817e-02 3.7861927416e-02
-9.2622552224e-03 2.6278401123e-02 4.0063796745e-02
1.6839262543e-01 7.1961606607e-02 9.1566368858e-02
5.2167224697e-01 5.5352947339e-02 3.1185653379e-01
7.8797607737e-01 -2.0619311698e-02 3.9921571197e-01
7.7778863034e-01 -8.7060638654e-02 2.8756100880e-01
3.9040058138e-01 -2.7229844151e-02 2.5632176471e-01
-4.2573651515e-01 1.7389812343e-01 1.8682318548e-01
-1.2946903777e+00 -8.3242787573e-01 -6.9338435572e-01
-1.7057090301e-01 -1.5411919509e+00 -1.5833363399e+00
4.2629902366e-01 -5.6336086138e-01 -6.9677933982e-01
1.3200930166e-02 -4.5684344190e-02 -1.1955845101e-01
1.3425824468e-02 7.7704109207e-04 5.7058705301e-02
2.8853973040e-02 -1.7396548058e-02 3.9642793819e-02
-3.9690493576e-03 -4.2304443364e-02 6.1948138868e-02
-3.5890610237e-03 -2.1521549096e-02 3.3160058987e-02
1.2551409124e-01 3.7753142108e-02 1.5748051526e-01
5.3380665203e-01 -1.9915224914e-02 4.2486625914e-01
5.8294812053e-01 -4.5852635006e-02 3.7689185109e-01
2.7611734288e-01 -4.1303402536e-02 1.1380675048e-01
8.1228817616e-02 7.7425425031e-02 5.4799932083e-02
-6.9413497266e-02 4.2671758251e-02 1.4175487404e-01
-6.3076045581e-01 1.2365337878e-01 3.0140030372e-02
-6.9731042148e-01 -1.1971747931e+00 6.2856635925e-01
9.4500901211e-01 -2.0863263357e+00 3.2869973227e-02
1.2313358302e+00 -8.6424647748e-01 -1.3102024846e+00
1.6647116128e-01 -4.2535560520e-02 -4.5019249876e-01
2.2773883709e-02 -1.6588658992e-02 5.3002283121e-02
4.0870201641e-02 -2.1024850079e-02 3.4980382500e-02
2.0953705003e-02 -4.9455828207e-02 6.9557448174e-02
7.1374733064e-02 -2.1218835324e-02 1.3106581850e-01
3.3501923966e-01 -1.1105534009e-01 4.6288011548e-01
3.3371598142e-01 -3.2706600851e-02 2.9052306607e-01
-1.0824332946e-01 1.9720253327e-01 -1.5518774111e-01
-1.3003821063e-01 2.2393540913e-01 -1.3703035538e-01
-7.9894915258e-02 3.7111952435e-01 -9.1737251632e-02
-6.7566460907e-02 1.5366616621e-01 4.1773272680e-02
-1.3959854074e-01 8.4379288413e-02 6.3825131268e-02
-5.6908565650e-02 -7.5994791801e-01 8.8248463406e-01
4.9335601768e-01 -8.8424475437e-01 4.5251153014e-01
7.5278228119e-01 -1.3300857966e-03 -1.4781900170e+00
2.1400195825e-01 2.8475821667e-01 -9.9967131760e-01
2.2559332774e-02 -1.4414048675e-02 4.7499366722e-02
3.9790998905e-02 -2.8850708693e-02 3.4634927885e-02
1.1515964656e-02 -5.8709646362e-02 8.1202219044e-02
9.5157743354e-02 -1.6576603724e-01 2.6184209458e-01
1.4618423886e-01 -2.1275368878e-01 2.6408467968e-01
-1.4186193843e-01 8.7254026078e-02 -2.0577290453e-01
-2.7005753544e-01 2.5004444628e-01 -1.6101265492e-01
-2.1630342387e-01 3.1000247818e-01 -8.9703050756e-02
-9.3668356734e-02 3.4786717745e-01 -1.2506240659e-01
-2.9801579975e-02 1.9657543402e-01 -2.2070539785e-02
-3.4645603848e-02 2.6182488980e-01 -4.5606165346e-02
-1.8987831880e-01 1.9741714762e-02 3.0773608899e-01
-2.3671203022e-01 -9.2673384626e-01 1.4537269525e+00
-2.2229883582e-02 4.5134236177e-01 -4.5968985948e-01
5.9194719723e-02 7.6059907453e-01 -1.1572118861e+00
3.3160151640e-02 -2.7675692174e-02 6.1249645662e-02
4.7797140429e-02 -3.9838236557e-02 4.2006001620e-02
3.6770140805e-02 -1.0828240914e-01 1.1884281467e-01
2.0989009880e-02 -2.0264714470e-01 1.4209426983e-01
-4.3986693845e-02 -5.8482473252e-02 -1.8111163047e-01
1.1423660422e-01 2.6964433279e-01 -3.7000128037e-01
1.3748955564e-02 3.2806444839e-01 -1.1018269414e-01
-1.6863038325e-01 3.1545402070e-01 -8.7687653662e-02
-3.4886861658e-02 3.7709434490e-01 -8.5353354849e-02
2.1044840786e-03 1.4296151445e-01 1.8119374271e-02
3.0693584627e-02 2.0024238841e-01 -2.2016148849e-02
-7.1773263622e-02 -3.3036455749e-02 1.0337722198e-01
-5.0098246791e-01 -5.0597093849e-01 8.4516257885e-01
-3.6069083150e-01 7.5371685041e-01 -3.3417747698e-01
-1.3012258862e-01 8.8532750466e-01 -9.9662209560e-01
2.3044664345e-02 -2.0386283437e-02 5.7034934246e-02
3.4621731026e-02 -2.1997665170e-02 4.6736984580e-02
1.7997565888e-02 -5.7674927284e-02 8.7850473202e-02
1.3841819737e-02 -7.6715859992e-02 1.0012858362e-02
6.4651766741e-02 -1.7044454947e-02 -1.8442931103e-01
2.4879050358e-01 8.3644076276e-02 -2.2651878348e-01
2.3636157272e-01 2.0045491028e-01 -3.3640686303e-01
2.2473198743e-02 1.8277601851e-01 -1.1922546314e-01
6.6826342356e-02 1.9321802355e-01 -1.3504648089e-01
-8.5479849902e-03 6.0945558197e-02 1.9383183585e-02
3.3232639440e-02 7.4273605198e-02 6.6628010356e-02
7.0716300062e-03 -8.0351742776e-02 2.1605148998e-01
-4.0245774673e-01 1.9038151751e-01 -1.1126663355e-01
-5.8029891872e-01 8.0245990148e-01 -7.1030874226e-01
-2.2134126670e-01 4.7187736931e-01 -4.8635412824e-01
3.2001360745e-02 -1.9966481771e-02 5.1662258465e-02
4.9243926729e-02 -2.0156763786e-02 3.4804178524e-02
3.2140722173e-02 -2.1905914983e-02 5.8344865584e-02
2.1119491320e-02 -5.8377010273e-02 3.8609266355e-02
2.6623506231e-02 -1.1615034945e-01 2.0771361280e-02
1.3633322492e-02 -6.4151746626e-02 -1.2614714385e-01
-3.3961124121e-02 1.1802621093e-01 -3.3009281388e-01
9.0640063766e-03 8.8292377755e-02 -1.1167273649e-02
5.0425131527e-02 7.9974729598e-02 7.7040847073e-02
-2.2105968204e-02 -8.8463388884e-02 1.8702848028e-01
-9.5587331779e-03 -4.9123223814e-02 1.1513154174e-01
-2.0278683684e-01 -1.6475546457e-01 1.3321600144e-01
-8.2856644065e-01 -3.1223531017e-01 -1.9679357558e-01
-6.2353795413e-01 1.6780770769e-01 -5.0707264769e-01
-3.6771536677e-02 9.8889353201e-02 -1.1601657855e-01
2.1699054627e-02 -2.4664471207e-02 4.3571051711e-02
4.4487654602e-02 -3.2992717312e-02 3.1901596271e-02
3.5415080309e-02 -2.1909113044e-02 6.2517678254e-02
2.9157711814e-02 -2.5615089060e-02 4.8764345283e-02
4.5408669804e-02 -3.0381010396e-02 4.8618827733e-02
5.8460893548e-02 -5.8975149841e-02 -7.7584343545e-02
-2.8871874723e-02 -1.3590089054e-01 -8.1136542154e-02
7.7450457840e-02 -2.1681218312e-01 1.7462685658e-01
1.1106175822e-01 -2.4816443330e-01 3.7027942791e-01
-1.0948574837e-01 -4.6041157635e-01 3.3585724241e-01
-1.4161071395e-01 -3.4685841427e-01 1.3669925934e-01
-3.1922475228e-01 -3.4340525671e-01 -5.1103062776e-02
-5.8872639409e-01 -5.2643071650e-01 -6.5170471399e-01
-2.2364763103e-01 -1.1186095520e-01 -4.6116197543e-01
1.4939576101e-02 1.5022200773e-02 -3.9592582977e-02
1.4485930474e-02 -1.9888796801e-02 3.6281018809e-02
4.0274574847e-02 -3.7537977746e-02 1.9480393331e-02
2.2121117791e-02 -2.5596639007e-02 4.3762118152e-02
2.0309968104e-02 -2.1905922201e-02 3.3930526470e-02
2.9450738525e-02 -7.8808393214e-03 4.1976303043e-02
2.9453053469e-03 -6.6295920507e-02 1.3735654731e-02
-8.3964020361e-02 -2.0984015050e-01 1.2098589397e-01
-4.0957973764e-02 -3.7501103370e-01 4.2585558118e-01
-7.7656045550e-02 -5.8522392448e-01 5.5626405222e-01
-3.5202947535e-01 -8.0200890885e-01 4.5998626442e-01
-4.8669300527e-01 -7.8148933009e-01 1.5161798341e-01
-6.7540602201e-01 -9.1337632818e-01 -2.1167170316e-01
-3.8728187857e-01 -6.3337274136e-01 -5.6841312780e-01
-7.8977376624e-02 -1.3457833595e-01 -1.9490251021e-01
-6.2328031192e-03 -2.8902536667e-03 -2.8855869173e-02
1.7087541921e-02 -2.3538862203e-02 2.9065298164e-02
3.6545815663e-02 -2.8332657448e-02 1.3898265403e-02
3.7197367104e-02 -2.1731556994e-02 3.9643740735e-02
2.7706098237e-02 -1.1491639318e-02 3.1450562832e-02
2.5466055543e-02 1.2813753726e-03 4.4517605964e-02
3.0101093025e-02 -1.1356337303e-02 1.9545049842e-02
-1.3748071234e-02 -8.1855112426e-02 7.1048180954e-02
-1.1416506179e-01 -2.6740968604e-01 2.1732409529e-01
-2.0428687614e-01 -5.2478038911e-01 3.8291710703e-01
-3.0042046478e-01 -8.0443342883e-01 3.4860644693e-01
-4.1714329700e-01 -8.4556514543e-01 3.8502384041e-02
-5.3299804906e-01 -7.1511223252e-01 -1.8698118131e-01
-1.9554969477e-01 -2.2458729094e-01 -1.7378640311e-01
7.9869211985e-03 4.0885346443e-03 7.5544663159e-03
1.5922548370e-02 -1.1702743301e-02 -2.1436547877e-02
2.2451922494e-02 -2.0696009350e-02 2.7874016248e-02
3.8076471982e-02 -2.6378385942e-02 1.2299527365e-02
2.6299613356e-02 -2.0282192912e-02 3.2787237010e-02
1.1640963875e-02 -1.7978886784e-02 1.9879493409e-02
2.3613673689e-02 -4.5806835695e-03 3.2568300806e-02
3.2002033324e-02 -1.3237914299e-02 -1.2571043917e-02
3.6202312719e-02 -9.9448199345e-03 -1.3124601367e-03
-2.5525735534e-02 -6.1169862340e-02 1.8439887933e-02
-8.4958561703e-02 -1.3945690631e-01 6.4865444936e-02
-1.2161159107e-01 -2.3547260641e-01 4.5864507132e-02
-1.1604277095e-01 -2.4292448223e-01 -4.6845606350e-02
-1.1945193379e-01 -1.1879065472e-01 -4.8958624938e-02
8.2151313432e-03 1.3544076293e-02 4.1031810081e-02
8.0371326748e-02 1.5492796094e-02 3.9024746854e-02
2.4202777174e-02 -1.4278668350e-02 -3.0062946418e-02
3.2112252966e-02 -3.7841430465e-02 2.7840712910e-02
5.7958871208e-02 -5.1867169812e-02 -9.1268058595e-04
5.6111799578e-02 -4.5772379833e-02 3.8792775266e-02
3.5898723855e-02 -3.9753994642e-02 2.7686768017e-02
5.6864684643e-02 -3.5791198983e-02 3.5991800014e-02
4.1743863935e-02 -4.6694501435e-02 -1.6612092410e-02
5.5857700545e-02 -1.8882278833e-02 -1.2369641861e-02
4.4223762379e-02 8.6620515501e-03 -2.6297309531e-02
5.5228716924e-02 3.7036830256e-02 -2.4768463443e-02
5.6435735112e-02 1.5297982223e-02 -3.2637209223e-02
8.6073437513e-02 4.2759151233e-02 -2.4222630228e-03
8.7063987802e-02 6.4800750354e-02 4.2739401729e-02
9.8776819944e-02 7.1450503815e-02 9.3371526025e-02
8.9557620147e-02 4.0003869534e-02 5.3501110714e-02
4.3244147139e-02 -2.8983249073e-02 1.2195186012e-02
3.7647799775e-02 -1.5024037692e-02 5.4677746387e-02
3.9025845762e-02 -2.0170525389e-02 4.8620254669e-02
3.0747810121e-02 -3.8403859347e-02 5.1139598523e-02
2.3923604195e-02 -5.1809698908e-02 3.0061299479e-02
2.0378539196e-02 -5.3241032727e-02 2.6679446727e-02
2.4121427728e-02 -3.5332005055e-02 1.5951964717e-02
2.0155418276e-02 -2.2252257485e-02 1.9652920565e-02
2.3990938674e-03 -8.3846828178e-03 1.7583662745e-02
-9.0550586105e-03 -3.3198176188e-03 1.6292159132e-02
-9.1148650819e-03 5.6945566140e-03 1.4988192292e-02
-1.6912019585e-02 -1.0146524022e-02 1.3334989879e-02
-3.4665785096e-02 7.3733105117e-03 1.8561655008e-02
-5.3306888336e-02 -1.3679430994e-02 3.3649003360e-02
-3.1055292877e-02 -2.6582679455e-03 2.3645358152e-02
-3.8006639687e-02 -1.7086709535e-02 1.8502920307e-03
3.9584829365e-02 -1.2598022978e-02 5.2799640623e-02
3.9428237746e-02 -2.5707180664e-02 4.3858014957e-02
4.0739185383e-02 -4.2483978028e-02 5.2182142454e-02
2.8924237703e-02 -5.9515138111e-02 2.5864681153e-02
2.2886148495e-02 -6.8354176637e-02 2.6883774800e-02
2.0407371204e-02 -5.1525741207e-02 1.4145802498e-02
8.1113102997e-03 -4.0144879472e-02 1.5038161263e-02
1.1955797304e-03 -1.4093570474e-02 1.3543932333e-02
-1.9981746440e-02 -6.1156595430e-03 1.1404197034e-02
-1.6510759532e-02 -2.5903998649e-03 7.3234539623e-03
-3.5967994084e-02 -1.1184030330e-02 9.7725749684e-03
-2.7495296858e-02 2.9057192291e-03 2.1136484441e-02
-4.2271839279e-02 -1.7672768113e-02 3.9596859943e-02
-2.4994974732e-02 -6.1597032083e-03 2.5900417698e-02
-1.8589777163e-02 -3.9838336701e-03 -1.2399648660e-03
1.6589142546e-02 -4.8024148125e-03 4.0422417617e-02
2.1787349109e-02 -2.2212249086e-02 3.4111558515e-02
1.7764163451e-02 -3.5711041440e-02 4.3375624677e-02
1.0505239670e-02 -5.0594633441e-02 2.3122366271e-02
1.3740030362e-02 -3.9403784486e-02 2.5984441610e-02
1.0175797246e-02 -2.5828242929e-02 9.7225807000e-03
-1.0131130630e-02 -6.0091021098e-03 4.1524753047e-03
-1.6000338514e-02 2.0298203675e-02 -2.7895638186e-03
-2.6378455428e-02 3.5978861494e-02 -7.7578090546e-03
8.1074501028e-03 3.1538280856e-02 7.6235060690e-03
1.7337605076e-01 -2.8971445663e-02 7.6919807204e-02
3.8890253689e-01 -3.8687153725e-02 -4.6569529948e-02
1.1315953836e-01 -7.4944359653e-03 -7.7474657151e-02
-1.5478941636e-02 3.1263051388e-02 -7.0484160399e-03
-4.8523894641e-02 2.3309745377e-02 -3.1519274877e-02
2.6413050798e-02 -1.4697139323e-03 3.0609697221e-02
2.8705262673e-02 -2.6219088350e-02 1.5269237848e-02
6.8688072857e-03 -3.3242310236e-02 1.6760974114e-02
9.6554304540e-04 -3.6643201572e-02 -5.0883947840e-03
-5.6126086268e-03 -2.0480586099e-02 2.4321272969e-05
1.2208181613e-02 -1.1386829899e-02 -9.9252811910e-03
2.1558604460e-04 -1.3682106212e-04 -1.5571944800e-02
2.5474752014e-02 -6.6180427200e-03 -4.1646704398e-03
7.3875220315e-02 -3.8492072854e-02 3.9500700156e-02
2.3118548996e-01 -9.7982076053e-02 1.7938260667e-01
1.1104682869e+00 -3.8244919148e-01 4.4393758883e-01
1.6410799691e+00 -5.2677586832e-01 -6.1938789325e-01
5.4719462952e-01 -1.7243308419e-01 -1.1180247097e+00
1.5725058412e-02 -7.5387339692e-03 -1.8014770693e-01
-4.6758104858e-02 1.0070472165e-02 -5.2165453024e-02
3.2691855918e-02 -2.4895377325e-03 2.8679258803e-02
4.2202265300e-02 -1.6567339288e-02 1.3775677841e-02
2.2198603231e-02 -1.9414147280e-02 2.4723702988e-02
1.4378341391e-02 -2.4557898088e-02 6.8582265899e-03
-6.8752775593e-03 -6.8530603314e-03 3.8338739365e-03
3.7677760759e-02 -1.4314644707e-02 -1.0720711329e-02
4.9980062875e-02 -2.3979407071e-02 -6.0878740790e-03
7.4541803426e-02 -8.3113518670e-02 1.4906716259e-02
1.7279000527e-01 -2.6199447119e-01 1.6120787589e-01
2.5565919666e-01 -1.7290385691e-01 3.2502806342e-01
2.2733883812e-02 1.5583463368e-01 1.5373112321e-01
-6.3275617150e-01 2.4296253588e-01 -1.2466723096e+00
-4.8469455569e-01 1.5488998921e-01 -1.8884781285e+00
3.6666908588e-02 -6.8806920150e-02 -3.7285388584e-01
-1.8864414420e-02 -7.6255655793e-03 -7.4631361279e-02
4.6933924518e-02 -1.7117815455e-02 3.8957341676e-02
6.0691770485e-02 -3.5292911719e-02 2.3157059738e-02
3.3879970319e-02 -4.3045931064e-02 2.7853423496e-02
1.6422674633e-02 -5.9237703783e-02 3.6773383671e-03
-1.6724495180e-03 -6.3613221950e-02 1.7358293537e-02
3.2681770081e-02 -9.5624032041e-02 1.8038285022e-03
-3.8167591211e-02 -9.7554137112e-02 -2.4897319128e-02
-9.5240368777e-02 -9.2116275631e-02 -3.4057169584e-02
6.1234881322e-02 -9.8899550244e-02 1.3417640075e-02
8.9305049582e-02 -5.3375383283e-02 2.1593732246e-01
-6.9540667362e-01 8.0041460778e-01 -2.1829122407e-01
-1.1865122296e+00 9.2039663008e-01 -5.2577090688e-01
-4.5920248067e-02 -2.1457289410e-01 -3.4194251309e-01
6.5041700520e-01 -7.0004012712e-01 -3.2488734296e-01
1.3195069071e-01 -1.0692848574e-01 -2.1453080901e-01
5.2006170709e-02 -3.3030239354e-02 3.7673088103e-02
6.9764077214e-02 -4.5587238340e-02 2.1025133913e-02
3.9615168385e-02 -5.4465545317e-02 3.6194437928e-02
3.4237936671e-02 -6.4505364007e-02 2.5694845213e-02
2.2073253948e-03 -8.1891594741e-02 4.0164365765e-02
-3.0602719496e-02 -4.6396755300e-02 -7.7029598974e-02
-1.7303261314e-01 4.8183547471e-02 -1.4220917449e-01
-1.3825338458e-01 1.9627222345e-01 -7.3781997822e-02
-1.4726595838e-01 5.1109972677e-01 -3.3115849947e-01
-1.8380706567e-02 2.2920368724e-01 -1.3359937803e-01
-1.7551074420e-01 5.6981060120e-01 -1.6367496026e-01
-1.2377488520e-01 2.7635887963e-01 1.5216994088e-01
6.6777293412e-01 -1.3283713279e+00 9.5714310786e-01
1.2282750836e+00 -1.3836549955e+00 -4.8581526993e-01
4.6487345465e-01 -1.0028927422e-01 -8.7207348405e-01
5.4152619701e-02 -2.9657861884e-02 3.8601076591e-02
6.6229511749e-02 -5.1193131815e-02 2.6679714026e-02
3.3794939848e-02 -5.3248817848e-02 2.9489226110e-02
2.5085952608e-02 -6.7384452919e-02 2.0763838948e-02
-3.8703673336e-02 -4.6536025724e-02 -4.1132288580e-03
-7.9541419029e-02 9.3809144730e-02 -1.0416180897e-01
-1.0459077616e-01 1.3668224458e-01 -3.6181277982e-02
-5.5787426096e-02 2.5752292129e-01 -2.2242211552e-01
-1.4998926745e-01 6.0663969896e-01 -3.3929260467e-01
-8.1408860355e-02 4.4354500359e-01 -1.3470772215e-01
-6.3199766854e-02 3.3443266418e-01 3.2840271022e-03
7.9661543429e-04 -1.2597520477e-01 4.1021256993e-01
1.5053852427e-01 -1.4001920151e+00 1.5575002594e+00
6.9490960343e-01 -8.0604749762e-01 -1.4156484328e-01
5.5674918938e-01 3.2849420169e-01 -1.8570942336e+00
5.0768061254e-02 -3.7044650135e-02 4.4830380035e-02
6.0571004169e-02 -5.0551962912e-02 3.0517094659e-02
4.6649216383e-02 -5.3404982735e-02 3.6290442471e-02
2.8047165031e-02 -5.8032416778e-02 1.9800899192e-02
-7.9611507319e-04 -2.0428735855e-02 2.4892516253e-03
5.1742601313e-02 7.1115576258e-02 -7.5730276510e-03
-1.1771146187e-01 6.1987870311e-02 7.1186090121e-02
-1.3740304225e-01 3.7783575021e-01 -1.5794364381e-01
2.5710400937e-02 6.3852065313e-01 -2.3340982073e-01
7.1852613268e-02 3.9755883574e-01 3.6149503883e-03
3.0066122480e-02 2.4964812749e-01 -2.9153769213e-02
-4.4344078461e-02 -9.3049855979e-03 1.6501981425e-01
-6.4516699175e-02 -1.8660950784e-01 8.9420516394e-01
-1.3300174925e-01 2.6750332242e-01 -1.8097421392e-01
-3.7629243248e-01 7.3689999223e-01 -2.3409007475e+00
3.1716970437e-02 -2.4015581569e-02 4.1012483916e-02
4.0227197146e-02 -2.8649543747e-02 3.9086421760e-02
4.1773268065e-02 -2.8217275867e-02 4.4665606085e-02
4.4419411814e-02 -3.5198031323e-02 4.4962689919e-02
5.1013211343e-02 -4.2786868595e-02 4.7727163154e-02
1.2402957833e-01 -6.8583837900e-02 8.2534485609e-03
8.2683060543e-02 -2.9372392297e-03 -2.9376758291e-02
6.7149757420e-03 2.7904556615e-01 -1.1695456864e-02
9.6887932863e-02 3.0371184326e-01 -2.8997627870e-01
8.8196830354e-02 6.3345190448e-02 6.2282643536e-02
7.2443865960e-02 -1.2371618609e-01 8.6019940782e-02
4.8979743345e-03 -2.4329167458e-01 2.7612124796e-02
-5.0941554255e-01 1.5417898382e-01 -2.3889521477e-01
-1.2944317736e+00 4.0620792808e-01 -1.0606123058e+00
-9.2200546825e-01 4.1179668507e-01 -1.4205122841e+00
4.1551742461e-02 -2.4595261758e-02 4.1173923428e-02
5.1681407820e-02 -3.8610865064e-02 3.3256872612e-02
4.5328419121e-02 -3.8999766365e-02 3.9981057718e-02
5.3857433492e-02 -4.0553079855e-02 4.1445238625e-02
4.5345678169e-02 -4.0919790986e-02 4.8136207778e-02
4.0731714164e-02 -6.2715587706e-02 -8.4361095255e-04
4.2679275320e-02 2.5253918230e-03 -1.3723598289e-02
3.0396006091e-02 6.1987577612e-02 9.0013569404e-02
4.5468484302e-02 3.9944603426e-02 2.6072160083e-02
6.5207299271e-02 -1.2624363628e-01 3.7688476342e-01
-2.1891092625e-01 -4.5075456188e-01 3.3696852797e-01
-5.3801556077e-01 -7.2926035687e-01 1.9105316562e-02
-1.2154328923e+00 -4.8680178614e-01 -6.0921277269e-01
-1.3377124824e+00 -6.8915444679e-02 -8.2965967004e-01
-3.0535689224e-01 7.3402433442e-02 -3.0509143966e-01
3.5665421342e-02 -2.6587267463e-02 3.2839900134e-02
4.4821714760e-02 -4.4211517628e-02 2.6187954484e-02
4.5374520220e-02 -4.3577469215e-02 3.8880679221e-02
4.7179825525e-02 -4.3191959743e-02 3.4181348985e-02
4.5094332277e-02 -4.1366258063e-02 3.9684981895e-02
4.1191197337e-02 -3.9120610995e-02 1.4432151365e-02
4.4235360768e-02 -3.8723382320e-02 1.0106790642e-02
4.8163096317e-02 -8.4680325888e-02 5.8850084229e-02
1.8369821563e-02 -1.8362165469e-01 2.9400405556e-01
-7.5873724519e-02 -4.9998142289e-01 5.2054061028e-01
-4.9020272097e-01 -8.3701686554e-01 2.6673052964e-01
-7.9720539700e-01 -8.7781603987e-01 -1.3641129766e-01
-5.8336570381e-01 -4.4820901459e-01 -3.8958156736e-01
-2.7112016525e-01 -3.5683289391e-02 -2.2211432844e-01
-1.5044156280e-02 3.6071829475e-02 -4.7446900499e-02
3.3227925639e-02 -1.8353211598e-02 3.1069940756e-02
4.6711895770e-02 -4.1680631441e-02 2.4219014466e-02
4.2484526891e-02 -3.9558404966e-02 3.2805801480e-02
4.4758589404e-02 -4.1989391800e-02 2.6704072898e-02
3.9723168358e-02 -3.0675838710e-02 3.4832774301e-02
3.2684539969e-02 -3.0248219879e-02 2.2816933878e-02
3.1242367660e-02 -3.2646066804e-02 3.0416769525e-02
3.1420527064e-02 -7.0983224552e-02 6.2840699222e-02
6.1873331123e-03 -1.9857261322e-01 1.7573189493e-01
-1.2088002776e-01 -4.6963758249e-01 2.7951240767e-01
-3.1277900170e-01 -7.2172714925e-01 1.4923856817e-01
-4.3223645910e-01 -6.4697055398e-01 -1.1230567901e-01
-1.5541783140e-01 -2.1233173406e-01 -1.2607720962e-01
4.0598776150e-03 1.1340775920e-02 -2.4665944218e-02
2.2814444245e-03 1.6865960047e-02 -5.1367644666e-02
3.2920141924e-02 -2.1929250578e-02 2.0541025485e-02
4.8829446336e-02 -3.5889252314e-02 1.4182961725e-02
4.4670542822e-02 -3.5081014591e-02 2.5378119567e-02
4.5581495941e-02 -3.5068974938e-02 2.2690799167e-02
2.6957416390e-02 -2.3416375497e-02 2.8214436017e-02
3.4445653774e-02 -2.0638339953e-02 1.2475656575e-02
3.8149946873e-02 -1.2190031449e-02 8.1958896503e-03
2.2540315340e-02 -2.0171324668e-02 7.3852729544e-03
-1.7649090468e-02 -6.1029960525e-02 1.4485569316e-02
-6.8478392479e-02 -1.4634105031e-01 3.1608320962e-02
-1.0824923321e-01 -1.8588101390e-01 1.0477018859e-02
-1.0668110322e-01 -1.0191832330e-01 -3.6419406582e-02
-1.5254867153e-02 2.7276710457e-02 5.3392467336e-03
1.6995536767e-02 3.5192163837e-02 -8.5341268007e-03
1.2631826175e-03 9.5643498308e-03 -5.8427728942e-02
3.4679787858e-02 -1.6999546729e-02 2.5295243343e-02
4.2534049887e-02 -2.9798593373e-02 1.6879603115e-02
4.3470398773e-02 -2.8774938523e-02 2.6923309425e-02
4.9573121736e-02 -2.5356192128e-02 2.3261672448e-02
3.0975201500e-02 -1.9513034930e-02 2.2246250059e-02
3.4357990717e-02 -2.9318481214e-02 5.5588672657e-03
3.9601246969e-02 -1.9518243729e-02 8.8134567201e-03
3.8967876781e-02 4.4240310075e-05 -1.0004302223e-02
3.1812327855e-02 1.2792841826e-02 -1.3078147764e-02
1.9426599777e-02 3.4595854921e-03 -2.3804649589e-02
4.2097745391e-02 1.1117646222e-02 -1.8301231267e-02
3.5268113604e-02 3.8825918930e-02 -2.3964855621e-03
3.4731836685e-02 4.3704263633e-02 4.6336915440e-02
4.3080423390e-02 2.3239615632e-02 3.3989110066e-02
1.9042117483e-02 -1.9145196704e-03 -6.1479651517e-02
5.5856140166e-02 -3.6399819172e-02 2.7999253376e-02
6.7742681182e-02 -5.2405932641e-02 1.2094704342e-02
7.0593556664e-02 -5.0519682859e-02 2.8888426685e-02
6.0003729551e-02 -4.5773854074e-02 2.4145125363e-02
5.9660201007e-02 -3.9264145913e-02 3.1927349295e-02
5.1670059083e-02 -4.9078161034e-02 8.2245977565e-03
5.6515789868e-02 -3.5074204063e-02 6.7915342551e-03
5.5547403713e-02 -9.3145463149e-03 -1.2836101678e-02
6.3009891728e-02 1.8760217280e-02 -1.4822380377e-02
5.9105659347e-02 6.8308867787e-03 -1.9418564077e-02
6.1783535781e-02 2.3541268622e-02 -2.7415600817e-03
6.3444630087e-02 4.6409552830e-02 2.4298535084e-02
5.5814374229e-02 5.4585467733e-02 7.6845519232e-02
5.4681464950e-02 3.7866717042e-02 3.9316422813e-02
2.9455626356e-02 1.1135814874e-02 -2.4155758568e-02
3.4195160596e-02 -1.4254669347e-02 4.9062741394e-02
3.3426654665e-02 -2.3435061489e-02 4.0747269615e-02
2.8683945055e-02 -3.6841227477e-02 4.5503655728e-02
1.9477226744e-02 -5.2262271748e-02 2.4679617055e-02
1.9951433982e-02 -4.4550191287e-02 1.9846608608e-02
2.0899126024e-02 -3.9055869761e-02 4.7750405598e-03
2.0211714154e-02 -3.0576754260e-02 1.2789821029e-02
-4.6325053681e-04 -1.6777424882e-02 1.2862985607e-02
-5.4735349935e-03 -6.8485842462e-03 1.7183950380e-02
-2.0176807560e-02 4.0164232213e-03 7.6036256453e-03
-2.6564581322e-02 -1.0383574091e-02 8.7267081209e-03
-4.1103520563e-02 4.4289455996e-03 1.4209421243e-02
-5.3618663751e-02 -1.5671375247e-02 3.1582384024e-02
-3.7710396920e-02 1.1321425597e-02 2.3287968127e-02
-1.9894025361e-02 -1.8538378080e-02 1.5931322920e-02
4.5083228225e-02 -1.4403852736e-02 4.6509053089e-02
4.7413755640e-02 -3.3892582420e-02 3.7857960742e-02
4.8019537744e-02 -4.3799904445e-02 4.8056394809e-02
3.8819999067e-02 -6.2292276138e-02 1.8308874708e-02
3.7084801601e-02 -6.4285842068e-02 1.9648274951e-02
3.5064441543e-02 -5.8345465582e-02 4.7610242130e-03
2.5085224676e-02 -5.0522816119e-02 1.0909506550e-02
1.0548623149e-02 -2.7978862235e-02 9.1543936588e-03
2.2478019189e-04 -1.3904118061e-02 1.4251425731e-02
-8.2618005153e-03 -4.6614871967e-03 3.1109372210e-04
-2.3798635065e-02 -1.7546099381e-02 3.3952295032e-03
-2.8463084336e-02 -7.0127722292e-04 1.2276529363e-02
-3.6976968915e-02 -2.3905564655e-02 3.9598184702e-02
-1.2840052110e-02 -5.9121749362e-03 2.5238173047e-02
-7.0370911042e-03 -2.2116105150e-02 1.0476067094e-02
1.9354499381e-02 -2.5273570892e-03 3.4575918362e-02
2.2717206978e-02 -2.5825405171e-02 2.6804027113e-02
2.3423944561e-02 -3.4681222520e-02 4.0793911928e-02
2.1613470682e-02 -5.0439358769e-02 1.7457523260e-02
2.1359356305e-02 -3.4646312979e-02 1.5181680713e-02
2.2081008353e-02 -2.8687847973e-02 2.8708365115e-03
1.2011704884e-02 -1.3879334406e-02 7.3707150661e-03
-4.4260547918e-03 6.7130443876e-03 -1.4336773164e-03
-1.7579024892e-02 2.8824769114e-02 -1.2237919305e-03
-1.8960349212e-02 3.8262127513e-02 -1.8115346164e-02
3.1612361994e-03 8.0870221164e-03 1.5671951706e-02
6.9309919139e-02 -7.8527734101e-04 -4.7535762736e-03
3.2067927884e-03 5.0386206104e-03 1.1228817182e-02
-3.4242907219e-02 4.5256822562e-02 -1.1938076453e-03
-3.2745339277e-02 1.5044322107e-02 -1.2367359441e-02
2.2393610360e-02 -1.6641743559e-03 2.1733931189e-02
2.8075510553e-02 -2.6062024203e-02 1.0264559901e-02
1.2520949298e-02 -3.0806235920e-02 1.1538553075e-02
1.0749475115e-02 -4.0506813572e-02 -8.2700390797e-03
9.9333109803e-03 -2.3655533864e-02 -3.3831197935e-03
2.0418059710e-02 -1.8243241204e-02 -1.8187794943e-02
1.0518307324e-02 -1.0933148428e-02 -1.2458144169e-02
1.2030978172e-02 7.0063586868e-03 -1.4616733130e-02
1.4181825052e-04 2.5851995459e-02 -7.2134557743e-03
5.4357766325e-02 -1.7831024354e-02 3.5687673036e-02
4.5200046168e-01 -3.0770532583e-01 2.5731609005e-01
9.7083298262e-01 -5.6327042748e-01 -1.0595450187e-01
4.1102816606e-01 -2.0608011372e-01 -4.0781331368e-01
-5.5303920325e-03 1.9243131988e-02 -7.5780072407e-02
-3.3502675224e-02 2.3770151520e-05 -3.4050283883e-02
3.2015403816e-02 -2.9840904221e-03 2.5288235790e-02
5.5564466690e-02 -1.6504233319e-02 1.8544723784e-02
2.5716078309e-02 -1.7726768300e-02 2.3755268155e-02
2.1661985479e-02 -1.5172677412e-02 4.7381127779e-03
5.8119957814e-03 5.2137153009e-03 4.4192940820e-03
3.9298869448e-02 2.8522970162e-03 -1.3981226003e-02
2.9804901303e-02 1.1525301023e-02 -1.1109425835e-02
2.1729052798e-02 5.0606213511e-03 -1.3304894889e-02
4.1214133121e-02 -3.0663388895e-02 5.2751828281e-02
1.6633447182e-01 -1.2449457881e-01 2.1511091998e-01
5.9370104526e-01 -5.4339057642e-01 5.1705282446e-01
9.2255333293e-01 -6.6439032743e-01 -4.8718767772e-01
5.7890697583e-01 -5.3244576923e-02 -1.5195002596e+00
6.8654539448e-02 5.7370661255e-02 -3.4007172751e-01
-1.7583761328e-02 1.2023469688e-03 -3.6637174969e-02
3.4846207272e-02 -2.1824904876e-02 3.0049165359e-02
4.6851318409e-02 -4.3661526572e-02 1.5337381047e-02
2.7637802460e-02 -4.2845373749e-02 2.3993494104e-02
7.9036723596e-03 -4.8374336829e-02 -2.3845395374e-04
1.1787950637e-02 -2.7178852296e-02 6.3937915902e-03
1.8700524184e-02 -4.3771076190e-02 -1.2690718383e-02
1.7503006327e-02 -4.7052409844e-02 8.3826529663e-03
1.5725935764e-02 -7.3836467288e-02 1.3592977965e-02
3.0044808573e-02 -1.4110633929e-01 3.0319200671e-02
2.2478356460e-04 -4.7595312001e-02 1.5546473981e-01
1.0362702184e-02 -3.5695244455e-02 2.2753479079e-01
-5.4691206649e-02 4.0957984965e-01 -4.3711882795e-01
2.0157038945e-01 1.0964329135e+00 -1.6979067814e+00
2.9369295846e-01 3.0545235001e-01 -7.3005487787e-01
3.5470585440e-02 -5.5435258076e-03 -8.2462282876e-02
4.6915157154e-02 -3.8782199200e-02 3.2600524039e-02
6.4216917357e-02 -5.4953670386e-02 2.2110599309e-02
4.5547780965e-02 -6.0493986246e-02 3.9798290148e-02
3.7360594063e-02 -5.6740198895e-02 2.7765888084e-02
1.7397208675e-02 -4.1785243880e-02 3.2195856288e-02
2.5995267170e-02 -4.8695306970e-02 9.8648425023e-03
1.9399916534e-02 -4.3946311525e-02 3.2289233222e-02
1.5304137498e-02 -3.3366284976e-04 1.4904769160e-02
-3.2056748075e-02 1.5235012337e-02 -8.4616837670e-02
1.5769221502e-02 1.7557836753e-01 4.2158976029e-02
4.0230105537e-02 2.5600668082e-01 5.0851459576e-02
-5.7697800976e-02 9.6916585488e-01 -1.8478662455e-01
3.1933979902e-01 1.8424275514e+00 -8.3995030416e-01
7.7967953900e-01 6.8961281641e-01 -9.1303144671e-01
3.1718212999e-01 7.8557480937e-03 -3.4078262607e-01
3.6611690504e-02 -3.0250673105e-02 3.0228320534e-02
5.9900737493e-02 -5.5894402836e-02 2.5583085590e-02
2.1982978651e-02 -5.4235843683e-02 2.7889788555e-02
2.2131087173e-02 -4.7501141550e-02 1.0186058650e-02
-4.9921404638e-04 -1.4762538831e-02 1.3218747112e-02
1.4657186410e-02 -2.9698435740e-02 6.9717513282e-03
2.7959917348e-02 -4.8908942889e-02 1.5717038686e-02
2.5798481188e-02 5.9489206981e-02 -9.3040989006e-02
-7.0203963891e-02 1.8809598574e-01 -4.0526778459e-02
-6.4186046985e-02 4.0174517866e-01 1.5505552329e-01
-5.0536611759e-02 7.0232424349e-02 2.2066535397e-01
5.0698909699e-02 4.4256378447e-01 1.6137741687e-01
3.7115717640e-01 1.2624164086e+00 1.9630381658e-01
1.0070897298e+00 3.9295331306e-01 -3.0381843595e-01
6.5333068673e-01 -2.3623973628e-01 -1.2295589690e+00
4.7787586299e-02 -3.7573439342e-02 4.1868024282e-02
6.3161723449e-02 -5.3468609789e-02 3.3784500498e-02
4.2486532639e-02 -5.5245151612e-02 3.4193196594e-02
4.1779182194e-02 -5.1009293546e-02 1.8031613194e-02
2.5959077158e-02 -3.4887591450e-02 3.4534421644e-02
1.7969916490e-02 -3.6962588198e-02 1.6098326266e-02
-1.3445365651e-02 -4.1057066971e-02 3.4397917503e-02
3.4730258581e-03 6.4466328242e-02 -8.9668928834e-02
5.6883185399e-02 1.8220471746e-01 1.1402468613e-02
7.7642743319e-02 2.8876966786e-01 2.7569219070e-01
-1.1870397574e-01 -1.4789007556e-01 2.1458430866e-01
-3.8375057404e-02 -2.8781810147e-01 4.9880893604e-01
1.0647772953e-01 2.0633571455e-01 7.6866410389e-01
-1.1700560468e-01 -4.2920145726e-01 -7.8382627375e-02
-3.9797857372e-01 -5.7346605909e-01 -2.0371300195e+00
3.2520827429e-02 -2.4982601786e-02 4.0263891918e-02
4.5562836959e-02 -3.3908976649e-02 4.0460308763e-02
4.1669998016e-02 -3.4515715455e-02 4.3724646351e-02
4.3095411425e-02 -3.6726732323e-02 3.7471254102e-02
4.2269298613e-02 -3.1891973084e-02 4.5040182695e-02
4.5590364826e-02 -3.4667452883e-02 2.4054271525e-02
3.6026671023e-02 -2.4610009155e-02 4.5970899709e-02
1.9034388184e-02 1.2831336134e-02 1.2845838991e-03
6.3399422362e-02 -8.3334219336e-03 -1.5971961683e-02
1.1653199451e-01 -6.0902613753e-02 1.8355193582e-01
-4.4694976532e-02 -6.4001723207e-01 2.3336862210e-01
-2.3080193831e-01 -8.9425917397e-01 5.1092359243e-01
-9.7485882261e-01 -8.0141542384e-01 3.3113400522e-01
-1.8965321246e+00 -1.0883536014e+00 -8.3730138128e-01
-1.0887249075e+00 -4.2825027945e-01 -1.3234987697e+00
4.7695749818e-02 -2.7722138832e-02 3.9281326959e-02
6.0158750734e-02 -4.1418835173e-02 3.5039214270e-02
5.6797633330e-02 -4.6067127182e-02 4.2641661213e-02
5.8701620370e-02 -5.2660486884e-02 3.1064416965e-02
5.8857248378e-02 -4.7397895381e-02 3.6346519544e-02
5.0024537182e-02 -5.3747532558e-02 2.0644183948e-02
4.5647524295e-02 -4.5568303579e-02 3.6553354584e-02
3.6988188918e-02 -3.7559808559e-02 2.9827578940e-02
4.5498108673e-02 -7.1467192435e-02 2.6114683954e-02
1.5182314980e-01 -1.4188349716e-01 1.7686624741e-01
-8.7055859564e-02 -6.4857851935e-01 3.1597048808e-01
-5.4136097142e-01 -1.0458991089e+00 2.8966124155e-01
-1.1754726166e+00 -8.0128948467e-01 -1.9263876245e-02
-1.2448406366e+00 -5.6418280106e-01 -4.5948083728e-01
-2.9930219525e-01 -1.0173523887e-01 -2.3333814556e-01
4.1016767442e-02 -2.8011735208e-02 3.2691430850e-02
5.5716308030e-02 -4.0484866563e-02 3.1928912299e-02
5.7150106001e-02 -4.7900030929e-02 4.2046093527e-02
5.6416983469e-02 -5.2170211106e-02 3.2410283665e-02
4.8003959329e-02 -4.4764844048e-02 3.7365951067e-02
4.7612508710e-02 -4.8057445752e-02 2.1744027144e-02
4.9522806805e-02 -3.9238955802e-02 2.8646186889e-02
3.2547739537e-02 -3.2229361477e-02 2.0539608113e-02
1.4338128956e-02 -4.4438006741e-02 5.2592395115e-02
-8.2760828272e-03 -1.0603042424e-01 1.1123638849e-01
-1.3565800405e-01 -2.8494542207e-01 1.5540671463e-01
-3.0918689342e-01 -3.8917908792e-01 4.8785992055e-02
-2.1297001781e-01 -1.5947239471e-01 4.0831817599e-03
-1.2278095342e-01 -1.0579275013e-02 -2.5647108905e-02
1.3917051936e-03 2.1664062940e-02 -4.4224314507e-03
3.2611291311e-02 -2.1410184435e-02 2.8462227877e-02
5.1339512885e-02 -4.3244474667e-02 2.6543526294e-02
4.1784466213e-02 -4.4199614046e-02 3.0739185588e-02
4.2273894051e-02 -4.3907526190e-02 2.3000797900e-02
3.8439933729e-02 -3.4326123530e-02 2.9705156567e-02
3.7488864119e-02 -3.9070801424e-02 2.0978408077e-02
2.5502705844e-02 -3.2130758295e-02 2.7711952330e-02
2.4341818456e-02 -2.2359683967e-02 1.6383998563e-02
2.1723051138e-02 -1.3674703687e-02 2.1491054263e-02
-1.1335367419e-02 -3.9711795287e-02 -1.9051125980e-04
-2.6683782500e-02 -7.8537946265e-02 5.4163729625e-03
-4.7650350044e-02 -5.3721839939e-02 -1.3403250196e-03
1.5303254930e-03 1.5106427375e-02 3.0597725058e-02
5.8435670264e-03 3.9438863069e-02 1.3244625581e-02
4.4207468194e-03 9.3858262199e-03 -2.7248749987e-02
3.4759145525e-02 -2.1456146597e-02 2.4071393939e-02
5.9176405384e-02 -3.4342364013e-02 2.4804201377e-02
4.5225969686e-02 -3.5462623460e-02 2.9850398244e-02
4.8952964475e-02 -3.2021486586e-02 2.2826053757e-02
3.4464526972e-02 -1.9578277670e-02 3.1506389416e-02
3.7951995696e-02 -2.7450057702e-02 1.7943653901e-02
3.9310846348e-02 -2.3181539838e-02 2.3860836902e-02
2.5932011324e-02 -1.3488627413e-02 6.7230577901e-03
2.6660227516e-02 1.1910921402e-02 -1.3564285465e-03
2.1387244364e-02 1.6329429048e-02 -1.6887714992e-02
3.6697997402e-02 2.6351764482e-02 -1.5909992246e-02
2.2119223663e-02 4.7997359309e-02 -1.1727899021e-03
1.9755633984e-02 4.7207549786e-02 3.3619815077e-02
1.3490503919e-02 3.2987130327e-02 2.0186733789e-02
1.4121987546e-02 5.0239961152e-03 -3.4704400264e-02
3.7758664122e-02 -2.1287322895e-02 2.5875217988e-02
5.1361791814e-02 -3.2521501847e-02 2.0120912584e-02
4.0671616947e-02 -3.3900863967e-02 2.8130819733e-02
3.6805696774e-02 -3.1938307572e-02 2.1027811446e-02
2.6582182669e-02 -1.5233433464e-02 2.5045508174e-02
3.2633733790e-02 -2.6294774159e-02 1.4578122860e-02
3.6910952138e-02 -2.4903488064e-02 1.9847017776e-02
2.3718530239e-02 -1.3757886773e-02 7.0586148426e-03
3.1095601645e-02 1.0928207510e-02 2.7684989707e-03
1.5673500238e-02 1.1112111203e-02 -1.3114228035e-02
3.9761735794e-02 2.0461375509e-02 -9.4192094106e-03
2.4537581537e-02 3.6770221316e-02 8.9274439504e-03
2.7526292641e-02 3.3204340451e-02 5.1021909666e-02
3.2879938941e-02 2.2184136222e-02 3.1850929949e-02
2.0669416034e-02 1.0642637488e-03 -3.4551301203e-02
5.5971409450e-02 -3.8559140554e-02 2.8054985790e-02
7.2919426403e-02 -5.4171241026e-02 1.8676905127e-02
6.8896309708e-02 -5.6829395803e-02 3.4018966942e-02
5.5805139906e-02 -5.5535542503e-02 2.4679520270e-02
5.6393456194e-02 -4.2431327616e-02 3.7899715653e-02
5.1310726990e-02 -5.3519463687e-02 1.5587481819e-02
5.0757070211e-02 -4.5777386670e-02 2.1352388152e-02
4.1937709140e-02 -3.0583691666e-02 5.8600309399e-03
5.0728488446e-02 -8.4392055283e-03 1.0442192071e-02
4.4108919180e-02 -1.2212285706e-02 -3.5261280965e-04
5.4004400933e-02 -3.2321912098e-03 1.2171367208e-02
3.8646848867e-02 1.2760679586e-02 3.8480836077e-02
4.3007724021e-02 1.9994520856e-02 7.3895138198e-02
4.5758688624e-02 1.8022730731e-02 5.4235871236e-02
3.8159075173e-02 -1.5169656045e-03 -8.5918973512e-03
2.2354270712e-02 -1.5636676280e-02 5.3706611088e-02
2.3803375430e-02 -2.5224763846e-02 5.0520347460e-02
2.7605601146e-02 -3.5790981232e-02 5.3607349740e-02
1.9397114315e-02 -5.4197258335e-02 3.5461242443e-02
1.8157815685e-02 -4.5999381006e-02 2.9616230292e-02
1.8653189707e-02 -3.8543596063e-02 2.3508362680e-02
2.0516997939e-02 -2.9312552527e-02 2.8700991196e-02
8.2456602550e-05 -1.8523910549e-02 2.5532236218e-02
-8.2937134767e-03 -9.5090888710e-03 2.5612079835e-02
-2.5760240082e-02 6.1254730478e-03 1.5309452578e-02
-2.6850967012e-02 -1.3309020028e-03 1.8615296762e-02
-3.4897213304e-02 1.7493216642e-02 1.2205974215e-02
-3.6809553313e-02 2.6498810232e-03 3.1751492124e-02
-2.6099234008e-02 2.7241447753e-02 1.2880153172e-02
1.7083019741e-03 9.7898168583e-03 1.1864967455e-02
3.2857304904e-02 -1.6170257095e-02 5.6395241904e-02
2.9697061530e-02 -2.8477032119e-02 5.2449222866e-02
3.0095922476e-02 -4.4215797288e-02 5.4776777875e-02
3.0671063016e-02 -6.0823059526e-02 3.5290978480e-02
2.9338916031e-02 -6.1054380569e-02 3.1324362991e-02
2.6098518007e-02 -5.2601506580e-02 2.6850619386e-02
1.8271737643e-02 -4.7250195969e-02 3.0928172432e-02
5.7960696808e-03 -3.1182123027e-02 2.7327848606e-02
-9.8907102296e-03 -1.4598663674e-02 2.5369964523e-02
-2.2029318801e-02 -3.1637319769e-04 1.3132568703e-02
-2.9163440125e-02 -7.0372191972e-03 1.8935120318e-02
-2.1470551035e-02 1.0961929094e-02 1.5798454738e-02
-1.4159333273e-02 -1.3314804199e-03 3.7660473836e-02
5.7123825451e-03 1.2346663131e-02 1.5557016858e-02
1.2942430745e-02 9.0320168449e-03 9.7912291127e-03
9.8279744519e-03 -6.9501974228e-03 4.3155958086e-02
8.8297305313e-03 -2.2905344187e-02 4.2977804969e-02
8.2914094351e-03 -3.4523474174e-02 4.3158089897e-02
1.2972844888e-02 -4.8769838200e-02 2.8940802283e-02
1.0474812098e-02 -3.6808434287e-02 2.3140296662e-02
1.1676980950e-02 -2.5120136710e-02 1.9694495945e-02
6.5799642427e-03 -1.3937714166e-02 2.2504377263e-02
-4.3734870806e-03 1.2069927173e-03 1.3858105205e-02
-1.5994660253e-02 1.6697313322e-02 8.4351035338e-03
-3.2471359368e-02 4.2976587071e-02 -1.3233769161e-02
-3.6802280044e-02 3.4881558201e-02 1.4898245045e-03
-2.8693798500e-02 5.5129418251e-02 -8.3161989427e-03
-3.1046130584e-02 4.1497333434e-02 1.5797570369e-02
-2.1918101738e-02 4.8365597324e-02 -1.1336416771e-02
-1.4769872117e-02 3.5869254424e-02 -1.8746662581e-02
1.8828829640e-02 1.3585236877e-03 3.5463042231e-02
1.0127659686e-02 -2.1041305643e-02 2.9099384289e-02
6.5779346805e-03 -2.5958367672e-02 2.6064741100e-02
9.4771096597e-03 -3.5884841191e-02 7.1592846573e-03
1.1799722886e-02 -1.9461367331e-02 7.9767223530e-03
2.0929294551e-02 -1.1641188346e-02 7.8344792919e-03
1.9577742098e-02 -4.4494663714e-03 8.1144791761e-03
1.3496215554e-02 9.2857314709e-03 5.0575550712e-04
-1.3411833114e-03 2.8595924185e-02 -6.3316421456e-03
-1.1124791166e-02 3.5960120627e-02 -1.6020736375e-02
1.6553958761e-02 -1.1766000077e-02 2.9038838292e-02
1.3752687483e-01 -9.7992475632e-02 -2.5353454475e-03
6.8746597539e-02 -4.6168839430e-02 -4.6534314540e-02
-1.2855644097e-02 4.1876599985e-02 -2.7183838674e-02
-9.1592288522e-03 2.2213574392e-02 -3.6102849727e-02
1.7530844552e-02 -6.7045293994e-03 3.3191794582e-02
2.3923029588e-02 -2.2971431268e-02 2.8640243178e-02
1.0500418920e-02 -2.2942742176e-02 2.7865579510e-02
1.3115046476e-03 -2.4641153108e-02 1.0301056904e-02
-7.0973786548e-04 -3.1137558854e-03 8.2437445449e-03
1.7211425143e-02 -3.7734667880e-03 -8.4119957422e-04
2.2067529969e-02 4.2824658460e-03 -1.7863263563e-04
6.1013661165e-03 1.2653673967e-02 -1.2628803836e-02
-1.7416293804e-03 2.1293405491e-02 -1.4691172961e-02
3.4708608873e-03 -6.9727469395e-03 9.2515385891e-03
1.8040094640e-01 -3.2206206887e-01 2.3288578507e-01
6.1900946261e-01 -8.8910113978e-01 1.5905079969e-01
5.4823826388e-01 -5.9595287522e-01 -3.7408182215e-01
8.1609057828e-02 -5.5601380630e-02 -1.5029707048e-01
-1.2673215118e-02 1.9497651415e-02 -4.3219567392e-02
2.1827759805e-02 -2.0220559571e-02 4.2739275337e-02
2.5770010637e-02 -3.6449809450e-02 3.3098502565e-02
1.2267923406e-02 -3.7072881109e-02 3.2523531646e-02
7.2642203175e-03 -4.5154817015e-02 1.6684301030e-02
3.9875038866e-03 -2.3076625824e-02 1.7046565578e-02
8.2198696178e-03 -2.5833081022e-02 1.6446793775e-03
1.5023710147e-02 -2.1376327000e-02 6.2729021669e-03
5.9692906498e-03 -1.5195981476e-02 7.9443884094e-04
1.0200344831e-02 -1.3847099049e-02 1.3934447961e-02
-5.2672497562e-03 -4.9661764785e-02 7.4025983036e-02
2.2115900574e-01 -6.9568801913e-01 5.1087672671e-01
5.9081138443e-01 -1.3938765375e+00 5.6487152155e-01
8.7177008866e-01 -9.7495789036e-01 -7.8833746594e-01
4.2333063390e-01 -3.2793538245e-01 -6.3067142952e-01
4.0455045968e-02 -1.7819701394e-02 -7.9793667705e-02
3.3422046284e-02 -4.1743046907e-02 4.5568702913e-02
4.0884746624e-02 -5.7608676042e-02 3.8599721303e-02
1.8938859970e-02 -6.2736016302e-02 4.5226788879e-02
1.5117802269e-02 -5.6128801318e-02 2.7275376352e-02
2.7706805280e-03 -3.4191920184e-02 2.6010553092e-02
8.6871234479e-03 -2.5291777145e-02 1.0248391892e-02
3.3139185994e-03 -1.6688915646e-02 1.4290190807e-02
8.0575540222e-05 -8.2010503572e-03 4.1842898396e-03
3.2613523282e-03 -2.6991394885e-02 2.3786163935e-02
1.1090904936e-02 -2.8438088475e-02 1.0016450079e-01
9.8090103146e-02 -6.0243551047e-01 4.5290305102e-01
9.1976387023e-02 -1.0117306033e+00 7.2509805036e-01
4.3951316879e-01 -9.4851797618e-01 -5.0691146784e-01
6.6291970826e-01 -7.5074032698e-01 -1.2887606061e+00
1.8191190344e-01 -1.0973422522e-01 -3.3254325622e-01
2.3488352008e-02 -3.0110502302e-02 4.0832504671e-02
4.0420074669e-02 -5.3921522618e-02 3.9895183944e-02
1.5949174718e-02 -4.8664635571e-02 3.6077352312e-02
1.7164452068e-02 -4.4200111384e-02 1.9266486652e-02
-8.4652632718e-03 -7.8960014622e-03 1.1102043603e-02
-9.9471992134e-03 -7.8138154446e-03 9.0593259445e-04
-2.2331127832e-03 -7.8152639993e-03 9.8437177927e-03
-1.3748634748e-02 1.2326263318e-02 -3.6963858827e-03
-8.4702872993e-03 -6.5990089993e-03 4.1484145473e-02
-2.8479327623e-02 2.2802586525e-02 1.2939894837e-01
-6.4660712321e-03 -4.4703902458e-01 3.9687167685e-01
-1.8068233012e-01 -1.0462768494e+00 8.5888752938e-01
-2.9106149274e-01 -1.4121516031e+00 4.3468904437e-01
1.5989380584e-01 -1.4586511167e+00 -1.0332328329e+00
1.9155963007e-01 -6.0000789077e-01 -8.7212219561e-01
3.4156396430e-02 -3.8563566069e-02 4.6770516796e-02
3.9999074738e-02 -5.2429663006e-02 4.2866107162e-02
2.9045231427e-02 -5.6249020014e-02 3.8473421696e-02
2.6028325587e-02 -5.1460029048e-02 2.0452661487e-02
1.8836018410e-02 -3.1101122322e-02 2.4168204487e-02
1.1823347987e-02 -2.5919886381e-02 1.3610807365e-02
1.3234585502e-02 -3.0148527657e-02 2.1663522145e-02
5.4128791312e-04 -2.3438778743e-02 8.7484280736e-03
3.8889671306e-03 -1.7179202300e-02 5.4745924025e-02
-3.1875393633e-02 -3.3447768606e-02 1.3262402865e-01
-1.2990386423e-01 -4.0493266941e-01 3.2235247992e-01
-3.2139532274e-01 -9.3324007166e-01 8.5835650210e-01
-8.4686577990e-01 -1.6471506453e+00 8.0486130307e-01
-9.5380335638e-01 -2.0475116460e+00 -5.0549839910e-01
-3.2960124848e-01 -9.3572648503e-01 -1.0084096757e+00
2.2743745263e-02 -2.6418708030e-02 4.2852295799e-02
2.9755590714e-02 -3.3025273636e-02 4.7375999604e-02
2.9674232273e-02 -4.0159259280e-02 4.3281490393e-02
3.7721774783e-02 -4.4999810148e-02 3.8191854637e-02
2.9342954239e-02 -3.2991732808e-02 3.4415825573e-02
2.2442258373e-02 -3.1632663740e-02 2.2920746867e-02
2.8553402858e-02 -2.9228609411e-02 3.3156098364e-02
7.2363791592e-03 -3.4368902442e-02 2.0711020692e-02
3.6787874522e-03 -2.6967404030e-02 3.4712512724e-02
-3.2876148893e-02 -5.4510344060e-02 4.4008242408e-02
-1.0475659135e-01 -3.5327055377e-01 1.5474841924e-01
-2.5876576733e-01 -6.0644135285e-01 5.1062547889e-01
-9.0677202482e-01 -1.1989880999e+00 4.8135109774e-01
-1.2229044127e+00 -1.3670632699e+00 -3.3745730610e-01
-3.9875736648e-01 -4.1935188199e-01 -4.2927095683e-01
3.7997553208e-02 -2.4749539551e-02 4.8105018338e-02
4.0998887753e-02 -3.6197693720e-02 4.6591731250e-02
4.3330896810e-02 -4.3596573828e-02 4.7368632522e-02
4.7452855362e-02 -5.0491027719e-02 4.0742582540e-02
4.6915935149e-02 -4.5657723877e-02 3.7731743600e-02
3.2110520575e-02 -5.0625337297e-02 3.0074418248e-02
3.5431614876e-02 -4.4727892156e-02 3.7601992059e-02
2.3033788771e-02 -4.2762164497e-02 3.1009613002e-02
1.6462551727e-02 -2.9184843164e-02 2.8619118854e-02
1.3397752406e-03 -3.3150394394e-02 1.2091144081e-02
-3.4948851214e-02 -1.5302004001e-01 5.2309616571e-02
-1.2950873325e-01 -2.6472629710e-01 1.1205491225e-01
-2.8521332430e-01 -3.2385601991e-01 1.2452066545e-01
-3.1125829306e-01 -2.6894395769e-01 -5.6171065055e-02
-4.7632762124e-02 -3.9395378300e-02 -4.2941863588e-02
2.9005559449e-02 -2.5714984373e-02 3.7056338455e-02
3.3217848753e-02 -3.8121809287e-02 4.1449475334e-02
4.0021105005e-02 -4.4972032252e-02 4.4468991316e-02
3.9894574212e-02 -5.1201540267e-02 3.7586601374e-02
3.7915124851e-02 -4.5535224844e-02 3.7542802779e-02
2.3935505018e-02 -4.3587005043e-02 3.1046842744e-02
2.6312373926e-02 -3.7842643444e-02 3.7078216791e-02
9.3969745204e-03 -2.5508681678e-02 2.5542090603e-02
6.7179821501e-03 -1.2529820559e-02 1.7256038030e-02
-1.0331294633e-02 5.2270739212e-03 -4.5575667345e-03
1.7489425952e-03 -3.5067805163e-03 7.6507296018e-03
-1.5531432197e-02 -2.5268648420e-03 4.1104451993e-03
-1.0133789513e-02 7.8180988308e-03 4.0696706541e-02
-1.2826389942e-02 3.9534365203e-02 7.2754032733e-03
1.4141201549e-02 4.3836584402e-02 -3.8589826052e-03
2.4056594209e-02 -1.5777701403e-02 3.6638783645e-02
3.2152184725e-02 -3.3798794393e-02 3.8484376145e-02
3.3847343872e-02 -3.6506604902e-02 3.8589102574e-02
3.3472169382e-02 -4.0845967572e-02 3.1737541228e-02
2.6642967380e-02 -2.9146955506e-02 3.4340433583e-02
2.0660719476e-02 -3.1671143728e-02 3.4435387234e-02
2.3226898403e-02 -2.8114268620e-02 4.0246151722e-02
1.2088231298e-02 -2.3001513450e-02 3.0115724155e-02
1.0797177038e-02 2.8783428935e-03 1.9850965047e-02
-8.4623182693e-03 1.8525803624e-02 -4.5095605097e-03
1.9307990824e-02 1.9595293231e-02 5.6455092890e-03
5.7823779730e-03 3.8681018200e-02 2.7521194911e-03
1.4516717636e-02 4.1940409431e-02 3.5959624127e-02
5.5995649380e-03 4.8218709910e-02 8.9952336714e-04
1.6582125927e-02 2.7511599804e-02 -2.6213408760e-02
2.8675401853e-02 -1.9762802438e-02 3.0939999969e-02
3.9997173398e-02 -3.4459022290e-02 3.0564856586e-02
3.3480354502e-02 -3.4594508270e-02 3.2661774645e-02
2.6111803835e-02 -3.5760693296e-02 2.6316062367e-02
1.9509244075e-02 -2.1653947446e-02 3.0992062842e-02
2.1920738184e-02 -2.4215142880e-02 2.6197939169e-02
2.7068236077e-02 -2.5321687735e-02 3.2265382982e-02
1.3408768500e-02 -2.1731708731e-02 1.7318539383e-02
7.5345870122e-03 -1.8689590727e-03 8.3908310119e-03
-3.9210819662e-03 7.5273501052e-03 -7.3375345716e-03
1.6776386667e-02 1.7843932351e-02 -5.2055800842e-03
-4.1495353669e-03 3.9605679366e-02 1.0740646116e-03
-2.9399554068e-03 4.2869644055e-02 2.9370441674e-02
-6.1595068877e-03 4.1304751125e-02 -2.8925219778e-04
4.4494939358e-03 2.0166939758e-02 -3.2544407313e-02
2.6148345281e-02 -1.8671006649e-02 3.5894552030e-02
2.8576874803e-02 -2.7668029794e-02 3.1794950216e-02
2.7947980267e-02 -2.9223922681e-02 3.5568649802e-02
2.7562487567e-02 -3.0449115733e-02 3.0018508349e-02
1.6808731919e-02 -1.4680696798e-02 3.1534285361e-02
1.1790017411e-02 -2.2898917378e-02 2.0233378423e-02
1.9998710519e-02 -2.1993623787e-02 3.0638578871e-02
7.6573470237e-03 -1.6368411296e-02 1.6494817278e-02
1.3928284905e-02 6.0132640539e-03 1.2059467267e-02
-6.9110316577e-03 1.1984693326e-02 -7.9865838603e-03
2.4298512018e-02 1.8571799001e-02 -6.1002632094e-06
5.1717499135e-03 3.5121683580e-02 7.6175614363e-03
1.5539773302e-02 3.5447585941e-02 5.1774885773e-02
1.4671079196e-02 3.6919184506e-02 2.7556373872e-02
2.1838933236e-02 1.4998616926e-02 -2.0844536618e-02
3.6504764463e-02 -3.3781095246e-02 3.7841952691e-02
4.6900998740e-02 -5.0350650171e-02 3.2756516181e-02
5.3104167617e-02 -5.1889294304e-02 4.0560318594e-02
4.2034509341e-02 -5.0241818151e-02 3.5043115786e-02
4.4529385355e-02 -3.7062540516e-02 4.1551440240e-02
3.3431188426e-02 -4.6375907514e-02 2.5446274619e-02
4.4739480498e-02 -4.0433479443e-02 3.4715940137e-02
2.9898836018e-02 -3.2527468075e-02 1.9501054992e-02
3.7893629379e-02 -1.1728281532e-02 2.1696391026e-02
2.1068988421e-02 -9.3026527608e-03 6.3009899863e-03
3.5076575043e-02 -1.3410452709e-03 2.0325660836e-02
2.7714572972e-02 1.4269860870e-02 3.5397644309e-02
3.4019344822e-02 1.9879869319e-02 7.8730826612e-02
3.5511189914e-02 2.2993798224e-02 4.6623671905e-02
3.2443593261e-02 1.7091094061e-02 -3.3930362644e-03
