-2.4753916061e-02 -4.1821550424e-02 3.9148734056e-03
-4.8706973948e-02 -6.7537879832e-02 8.2303892103e-03
-7.1901008151e-02 -7.4355799039e-02 9.6246138688e-03
-1.2746418304e-01 -1.0637069207e-01 -5.7284029684e-02
-8.7998635174e-02 -1.4581122213e-01 -3.4756543878e-02
-8.0203846810e-02 -1.7957969014e-01 -6.5963915892e-02
-7.4918302835e-02 -2.0772530295e-01 -5.8602435070e-02
-6.9601750943e-02 -2.2079006115e-01 -7.9411563256e-02
-5.7173869087e-02 -2.1836775483e-01 -5.5483154916e-02
-9.3854823362e-02 -2.4788480357e-01 -6.2134808128e-02
-1.6555773681e-01 -2.6326440014e-01 -9.9696362451e-03
-1.4836863867e-01 -2.3361821065e-01 7.8373495229e-02
-9.0503637220e-02 -1.4259606599e-01 1.0976894833e-01
-2.9284142351e-02 -1.2398535608e-01 6.5016869264e-02
-2.7979029787e-02 -9.9099956657e-02 5.5896465514e-02
-1.8884470011e-02 -3.5315930020e-02 3.5392953615e-03
-3.8455194418e-02 -5.3491750037e-02 -2.3981246856e-02
-6.6744772308e-02 -6.6160841057e-02 -3.0502837615e-02
-1.3223242886e-01 -1.0420720732e-01 -9.6790973792e-02
-9.0729810135e-02 -1.3975442356e-01 -8.0143080219e-02
-5.0065031321e-02 -1.3133958038e-01 -8.2246501760e-02
5.0597781555e-02 -1.7703126995e-02 -2.1133492131e-02
1.6182269053e-01 1.1622840176e-01 -5.5565917923e-02
1.9248362908e-01 1.5920278073e-01 -1.0466158565e-01
4.1876224070e-02 -5.8874418997e-03 -1.3895223447e-01
-1.3739250008e-01 -2.0183777336e-01 -7.0898315367e-02
-1.2746792376e-01 -2.0841979880e-01 5.4515701824e-02
-8.0141116330e-02 -1.4620021169e-01 9.8605620685e-02
-2.1991265576e-02 -1.2377358525e-01 5.6871686673e-02
-2.2967672902e-02 -1.2539503769e-01 4.0404642394e-02
-2.0842809424e-02 -4.6802939335e-02 -3.7964599242e-03
-3.6433216466e-02 -7.3022957407e-02 -2.3502528728e-02
-8.0394262783e-02 -1.0111631173e-01 -4.7447741308e-02
-1.3577649673e-01 -1.2393499544e-01 -1.2161622597e-01
-3.9104317050e-02 -8.0360501954e-02 -4.2606726496e-02
9.2997984895e-02 1.3018357949e-01 3.0615279670e-02
2.8219278010e-01 4.8961478415e-01 1.2538589894e-01
3.7773190979e-01 7.0656510685e-01 5.0343433564e-03
3.5096180164e-01 6.3615521363e-01 -1.5870333440e-01
9.8443505249e-02 2.1486495339e-01 -1.9730220761e-01
-1.2064061247e-01 -1.5435055478e-01 -1.4350921938e-01
-1.2872657458e-01 -2.0078215993e-01 -2.8367064440e-02
-8.3684818244e-02 -1.5470324422e-01 3.8018648614e-02
-3.1893017511e-02 -1.2501569224e-01 2.5921464521e-02
-3.0921411932e-02 -1.1941343026e-01 1.7922391025e-02
-1.9535085352e-02 -3.2252278751e-02 -2.5323717283e-02
-3.8801590813e-02 -7.3611911659e-02 -8.1652452300e-02
-6.5530218022e-02 -9.6931012070e-02 -1.1967762538e-01
-6.9122576008e-02 -5.7522650346e-02 -8.7996870296e-02
1.1523031606e-01 2.2722146406e-01 1.0494713977e-01
2.6248899965e-01 6.1923293081e-01 2.1042860427e-01
3.4975769578e-01 9.9426418483e-01 2.4463815447e-01
2.7549545729e-01 9.3213153662e-01 4.1819699172e-02
1.5217002151e-01 5.5571908331e-01 -1.3989277308e-01
-7.0933312469e-03 5.5721249123e-02 -1.1926227172e-01
-1.2140496198e-01 -2.1773011540e-01 -8.5296056645e-02
-8.5518756700e-02 -1.3796050231e-01 -5.2494259690e-02
-6.2234286507e-02 -1.1400213847e-01 2.2217738665e-02
-2.3408077073e-02 -9.7805601514e-02 1.7087541298e-02
-2.2470967310e-02 -9.8752325078e-02 1.3016881570e-02
-4.0691955616e-02 -6.8241077027e-02 -4.6566729058e-02
-5.6590865617e-02 -1.0613821012e-01 -7.8030874622e-02
-5.6540365505e-02 -1.0931277531e-01 -8.5076411988e-02
-9.4568621808e-04 7.2495004464e-02 4.4259653487e-02
1.9149265055e-01 6.0382867437e-01 2.8056652448e-01
2.5386053284e-01 9.8404237523e-01 3.1781367923e-01
2.3797231330e-01 1.1040509276e+00 2.3062528057e-01
1.4676142107e-01 8.2624349574e-01 1.0632658815e-02
6.7569729908e-02 1.7915413535e-01 -9.9277504783e-02
-3.2968569796e-02 -2.6328794659e-01 -4.1148939327e-02
-9.3760389639e-02 -3.2845242888e-01 -1.8423184874e-02
-6.9467700983e-02 -1.3265791079e-01 -4.1483428295e-03
-3.2285037677e-02 -1.1236410737e-01 2.7435648591e-02
-1.1295336086e-02 -9.3727264693e-02 2.1063307188e-02
-1.2882463081e-02 -9.0528622701e-02 1.7492419183e-02
-5.4986963060e-02 -8.1978998407e-02 -6.6821477240e-02
-5.9588165543e-02 -1.2629907900e-01 -1.0526227903e-01
-6.9562155548e-02 -1.1457835028e-01 -7.9253581958e-02
-4.6765873584e-02 1.8799927383e-01 9.5864084119e-02
2.2842945600e-02 8.8207842321e-01 3.4314260521e-01
3.8467020350e-02 1.1170353995e+00 2.9199158248e-01
2.8248302389e-03 9.8482472447e-01 1.5200737709e-01
-2.1167840104e-03 6.9584393801e-01 1.0859863517e-02
-2.2385895795e-02 4.5641063746e-03 -1.8386099289e-02
1.2587639447e-02 -4.9609955008e-01 6.6615964405e-03
1.7024921575e-02 -4.0761887514e-01 -6.6980490411e-02
-5.4405403225e-02 -9.6199031267e-02 -5.7618365037e-02
-4.8343592296e-02 -9.6292284341e-02 2.9004163503e-02
-1.9972351795e-02 -8.8692025404e-02 1.6295163930e-02
-2.1292774428e-02 -8.1273254116e-02 1.3666059238e-02
-5.9944158495e-02 -1.0060454262e-01 -6.7622350117e-02
-6.8177002672e-02 -1.3802636828e-01 -1.0574180654e-01
-7.4882372011e-02 -1.3636306731e-01 -7.2924722566e-02
-1.4295773825e-01 1.9793851597e-01 1.2332429050e-01
-2.4198770317e-01 8.9913273747e-01 3.4181829882e-01
-2.7007406787e-01 1.0942293902e+00 2.6832337243e-01
-1.7133100018e-01 8.3585341296e-01 1.4124869888e-01
-1.0533254076e-01 6.0825506809e-01 1.0484380574e-02
-1.0113899907e-01 1.0168015177e-01 2.2279223015e-02
-1.6926842890e-02 -5.1159793503e-01 1.5419679929e-01
9.9646825730e-02 -4.9798519486e-01 1.1981092949e-01
-5.5986768449e-03 -1.4046599741e-01 3.1125759033e-02
-3.6127523266e-02 -1.1474181065e-01 5.3536697540e-02
-1.2956598673e-02 -1.0930663004e-01 3.1194051011e-02
-1.1989360451e-02 -1.0627255294e-01 3.0166173716e-02
-5.5057635978e-02 -8.2762667574e-02 -4.9797218576e-02
-6.0846550496e-02 -1.2345454775e-01 -8.3477396305e-02
-7.3163622633e-02 -1.5737753117e-01 -9.5320408531e-02
-1.6478417390e-01 -8.2595691054e-03 -1.0844537604e-02
-2.2976274624e-01 3.9981093871e-01 1.6426883432e-01
3.0034979334e-02 7.5256835424e-01 3.0573017519e-01
5.4890806768e-01 8.6942892060e-01 2.5607703068e-01
7.9998889403e-01 7.3242010966e-01 -3.8611219494e-02
6.3203809016e-01 4.8644557261e-01 -2.5412290697e-01
2.7285245166e-01 -6.1695317693e-03 -1.3857102026e-01
1.2714528613e-01 -2.0536492241e-01 5.7856177233e-02
2.2730795804e-02 -8.4561001312e-02 1.8115464580e-02
-5.6915423569e-02 -1.2341686385e-01 4.9180148971e-02
-3.7287205144e-02 -1.1872224233e-01 3.7140819957e-02
-2.5670021614e-02 -1.0212306640e-01 2.7540421171e-02
-3.9131677783e-02 -7.3327311286e-02 -2.7033122928e-02
-4.0891845401e-02 -9.3900834962e-02 -5.0331668587e-02
-4.1175932401e-02 -1.2309152387e-01 -6.5272223944e-02
-6.9301128786e-02 -1.1566628095e-01 -5.2206139875e-02
-1.8954728159e-02 2.0728331106e-01 2.1294141353e-01
2.2373061661e-01 1.2964593808e+00 8.3213326406e-01
7.9313546168e-01 2.3400732608e+00 9.1651591364e-01
1.1922499576e+00 2.3876582118e+00 1.2811971403e-01
1.2593183331e+00 2.2469373206e+00 -7.8236874514e-01
8.9636036155e-01 1.4203639868e+00 -1.0361249763e+00
5.5553962016e-01 7.5683320663e-01 -3.2455347967e-01
2.9526232263e-01 4.2210459273e-01 -2.3860978427e-01
-6.9066996433e-03 -8.8869800125e-02 6.7755371843e-03
-1.4055420697e-02 -1.2839198582e-01 4.7347258045e-02
-5.2614960607e-03 -1.1357317115e-01 3.2234287545e-02
-1.1191541577e-02 -6.5768872099e-02 9.1094380012e-03
-9.9050409254e-03 -7.1062948786e-02 1.2120850548e-02
-1.0703967124e-02 -8.5830278985e-02 1.3633690522e-03
-4.4045350034e-02 -8.5040659205e-02 -1.1982732873e-02
-1.2828413664e-01 1.4263481916e-01 1.7910181587e-01
-5.0242470782e-01 1.0470710101e+00 7.5666939259e-01
-8.7736156705e-01 2.3817705014e+00 1.1920526007e+00
-6.7611853599e-01 2.8382203411e+00 4.8580697433e-01
-3.7457073173e-01 2.9984150462e+00 -6.9631960008e-01
-3.2294981858e-01 1.9897836756e+00 -1.2599229228e+00
-8.6418819587e-03 1.1642396554e+00 -5.6753100583e-01
1.4576847138e-01 8.0453242778e-01 -3.7891303603e-01
-2.8055614138e-02 -8.7132240903e-02 -4.5011172216e-02
-5.0447705047e-04 -1.3850785066e-01 2.6777878964e-02
-2.3808491014e-03 -1.0512484261e-01 8.4384631127e-03
3.2837903521e-03 -6.5480918964e-02 1.7038128314e-02
6.2923854756e-03 -6.8047626860e-02 1.4867429214e-03
6.7517841825e-03 -6.9657994843e-02 1.3078613159e-03
-1.4985883457e-02 -7.1209793167e-02 -3.0061432726e-02
-6.5779848522e-02 -1.8515510201e-02 2.5307759045e-02
-3.5294727521e-01 3.0163659422e-01 2.6500691949e-01
-1.1063951718e+00 1.1149297092e+00 7.0607834084e-01
-1.6817355096e+00 1.8505633687e+00 5.1898211311e-01
-1.5463312773e+00 2.1795067243e+00 -2.0273297839e-01
-9.8485468432e-01 1.1320397077e+00 -6.1545042760e-01
-3.2187329435e-01 8.6082522355e-01 -3.2833768237e-01
-6.4678875139e-02 7.0167017611e-01 -3.2690346611e-01
-2.6011795198e-02 -9.3624849918e-02 -5.1457540906e-02
9.8492666130e-03 -1.2952927730e-01 -5.2862091900e-03
4.7080863794e-03 -1.1606100707e-01 8.2193919898e-04
6.0047999634e-03 -7.2911062506e-02 2.0917300234e-02
1.4462198291e-02 -7.9368668894e-02 1.7609732034e-02
1.1150218627e-02 -8.2595134644e-02 1.2255317785e-02
-8.1568940566e-03 -8.7710147373e-02 -2.3211695216e-02
-1.2300076096e-02 -9.0179256489e-02 -1.2516476110e-02
-7.0313199759e-02 -3.8271917993e-02 1.6806331737e-02
-3.0001631830e-01 1.8322522505e-01 1.5970345550e-01
-7.7680265095e-01 5.5396301188e-01 2.5008378672e-01
-9.9534973599e-01 9.0756312188e-01 1.2318620669e-01
-5.9601843420e-01 6.7085188631e-01 -9.4191930586e-02
-2.1544399909e-01 5.6270139434e-01 -1.4155531283e-01
-1.1177787642e-01 3.8429827325e-01 -1.8474787889e-01
4.0410286380e-04 -1.3078713449e-01 -3.2956099952e-02
1.7469453353e-02 -1.3692119241e-01 -3.7405129096e-03
1.0415005480e-02 -1.1735839679e-01 7.2384541310e-03
6.3357548751e-03 -6.3618437494e-02 1.1876153565e-02
1.5237573392e-02 -7.0328219586e-02 -1.2588880253e-03
1.2963393106e-02 -7.6379859270e-02 -1.6027354064e-02
-5.7292705679e-03 -8.1909668216e-02 -4.7973140163e-02
-3.3908249068e-03 -8.1841946218e-02 -2.6673146134e-02
1.0545659616e-02 -8.5877687957e-02 -3.4370124798e-02
4.4929242453e-03 -5.8226440736e-02 -2.5875668161e-02
-8.6667605796e-02 7.6332795059e-03 1.6265670424e-02
-2.3301071433e-01 1.5610303518e-01 7.1553259313e-02
-2.1037648040e-01 1.6537044545e-01 3.5991769004e-02
-1.4016991419e-01 2.1743126857e-01 -9.8226241117e-02
-1.0966158589e-01 1.5807425079e-01 -1.2233087795e-01
-1.0180048430e-02 -1.2716441143e-01 -2.5553157368e-02
8.3620157918e-03 -1.1377719692e-01 -6.2145636586e-03
3.6183014598e-03 -9.5247024931e-02 3.2810750690e-03
-5.3261283922e-03 -6.9589942326e-02 8.8542444844e-05
5.5627450753e-03 -7.5020593817e-02 -1.0165590046e-02
4.7149428544e-03 -8.3437749649e-02 -1.8236029366e-02
-4.7376933604e-04 -9.1751530145e-02 -3.0338300536e-02
2.0663242968e-03 -9.0903195257e-02 -1.2069613019e-02
3.6142627339e-03 -8.3928699386e-02 -2.5053135680e-02
2.9475148802e-02 -7.8473909935e-02 -3.8235368871e-02
2.2175660618e-02 -8.4456346574e-02 -5.0193789169e-02
-2.1340761703e-03 -6.6616418554e-02 -2.0728575981e-02
-2.5815896734e-02 -3.9621612804e-02 -7.8770976935e-03
-4.5099217505e-02 1.4290916547e-02 -4.6829118728e-02
-3.5491331328e-02 -2.9252508827e-02 -3.9369923304e-02
1.8062562734e-02 -1.1978039952e-01 6.2373945360e-03
2.4095532281e-02 -1.0455621854e-01 9.5375717908e-03
1.1719612032e-02 -8.8303030667e-02 1.9649298715e-02
-7.4243910149e-03 -7.3662053003e-02 -1.1565075288e-02
-1.3855157670e-04 -7.7548696241e-02 -2.2704764051e-02
5.1518441418e-03 -8.6156960723e-02 -2.0855723571e-02
-4.2676563166e-03 -1.0397161933e-01 -3.9311963479e-02
-1.5304068125e-02 -1.0616797209e-01 -2.8912456446e-02
-5.4211292692e-04 -9.6266089356e-02 -4.9087727617e-02
2.1345646838e-02 -8.7143105610e-02 -4.4449198675e-02
3.0727191663e-02 -1.0075571151e-01 -5.3809817147e-02
1.4802555406e-02 -9.9231656088e-02 -3.3643293698e-02
4.1572764190e-03 -9.8560443395e-02 -3.7637895852e-02
1.6176983167e-03 -9.2860162258e-02 -3.0562657494e-02
9.5597630760e-03 -1.2120556185e-01 -1.3605246792e-03
1.9954562304e-03 -1.1767015996e-01 1.6065310930e-02
1.1465749959e-02 -9.6147987684e-02 7.3138574079e-03
-4.3144236085e-04 -7.2603763759e-02 1.6843731251e-02
-5.9990655629e-03 -8.2243691651e-02 -1.2924209958e-02
1.4885748859e-03 -8.7515554684e-02 -2.7024823739e-02
9.1582535663e-04 -9.6337249342e-02 -4.7163385615e-03
-3.7344567863e-03 -1.1235904626e-01 -2.6683828344e-02
-1.1966898954e-02 -1.1866635680e-01 -1.8853263360e-02
1.1864479872e-03 -1.1976593610e-01 -4.4256245980e-02
2.4502801375e-02 -1.1305354466e-01 -3.3414777805e-02
3.2469134593e-02 -1.1378186616e-01 -3.4435170781e-02
2.5411044991e-02 -1.0909970117e-01 -6.0919756028e-03
2.5962680757e-02 -1.1089887520e-01 -1.9150711990e-02
2.8608402496e-02 -1.1430158126e-01 3.6109855017e-03
3.0889696233e-02 -1.1897886032e-01 3.9650048570e-02
1.6664949765e-02 -1.1562799475e-01 5.2395541659e-02
2.2259127210e-02 -9.6906608741e-02 3.0049554113e-02
2.7030958199e-03 -9.2627553438e-02 3.7214031488e-02
-1.4336812372e-02 -2.9609006879e-02 3.2134590930e-02
-2.7032306910e-02 -4.4910278174e-02 3.4622152161e-02
-5.9293935790e-02 -5.7576973035e-02 2.0086568161e-02
-1.2087148017e-01 -7.9913588235e-02 -4.5844606659e-02
-5.1690258050e-02 -1.4547239839e-01 -1.1715188536e-02
-2.4247214576e-03 -1.4733057095e-01 -1.1304444237e-02
1.0612584863e-01 -8.8719744705e-02 2.9991952946e-02
2.3131432920e-01 1.5078151943e-02 1.6867272525e-02
2.9336865366e-01 6.5052090882e-02 -3.0275909944e-02
1.8631682568e-01 4.9929494311e-03 -1.2171544100e-01
-6.7450744169e-02 -1.7543516229e-01 -1.0304029835e-01
-1.2054856012e-01 -1.9538885756e-01 1.1061140238e-01
-8.5479456950e-02 -1.2233516041e-01 1.3297701140e-01
-2.0863220988e-02 -1.0765186099e-01 7.7357693444e-02
-3.7844009083e-02 -8.7938761189e-02 4.1198104250e-02
-6.3109013400e-03 -2.1850503696e-02 3.1757448739e-02
-3.3625611031e-02 -4.5133123082e-02 1.4740260091e-02
-6.3807155192e-02 -5.6073047877e-02 7.4456623596e-03
-1.4428459555e-01 -7.0966854577e-02 -8.5870768435e-02
2.9904351789e-02 -2.3431621646e-02 3.8771129716e-02
3.2546465192e-01 2.1341596012e-01 1.5964861123e-01
7.0922868033e-01 5.6891617557e-01 2.6469319858e-01
9.2722119157e-01 7.5625764933e-01 1.4607110073e-01
9.0645565138e-01 8.1368254319e-01 -5.9769499834e-02
5.9283178422e-01 5.8596728948e-01 -3.2481545367e-01
1.6731360727e-01 1.4765905639e-01 -4.0331834442e-01
-1.0359622482e-01 -1.5518184317e-01 -5.0962889995e-02
-1.0854244636e-01 -1.6572081780e-01 9.4199452453e-02
-2.3863468494e-02 -1.2754135868e-01 5.1003767357e-02
-3.7356773755e-02 -1.2264510554e-01 2.9555507562e-02
-5.7331843179e-04 -2.4684114165e-02 2.8992116466e-02
-3.0139031154e-02 -6.8172524867e-02 1.1134631707e-02
-6.0068481695e-02 -7.4235122794e-02 1.6074960400e-04
-1.7489473970e-02 4.3329522147e-02 4.5603184702e-02
4.0274052025e-01 4.0452502831e-01 3.5180487162e-01
6.8815209195e-01 7.8883235246e-01 5.0249494882e-01
7.4315921811e-01 9.0859638860e-01 4.4487865751e-01
5.5381744775e-01 6.9843532704e-01 1.2323158572e-01
4.5292405555e-01 5.9065410556e-01 -1.2284613940e-01
2.4839671459e-01 3.9551467087e-01 -2.7409514096e-01
1.4725796168e-01 2.2882556638e-01 -5.8611433752e-01
-4.0989808741e-03 1.3064854894e-02 -2.8169688239e-01
-7.4867653413e-02 -1.3036888861e-01 1.3382508504e-02
-2.4581848407e-02 -1.1471673346e-01 3.0202025509e-02
-4.4010440278e-02 -1.0827920446e-01 1.1370951600e-02
-8.7713513294e-03 -1.3435299855e-02 5.3043247590e-04
-3.7843392009e-02 -6.5381172384e-02 -5.4079064221e-02
7.9789859776e-03 2.1913476738e-02 -7.3878296236e-03
2.2885902070e-01 4.5924575121e-01 2.9962133859e-01
6.2544284389e-01 9.9121882390e-01 6.3011574342e-01
4.7737503525e-01 8.6510930491e-01 4.3012405864e-01
2.5700053436e-01 6.1663063411e-01 1.3463779197e-01
5.5453989370e-02 2.4168004130e-01 -6.3956599433e-02
-3.8002705369e-02 -3.1381026786e-02 -9.9303789458e-02
-9.0081426492e-02 -1.9832989240e-01 -4.9046893651e-02
-2.6193640563e-03 1.1042294628e-02 -3.3331970811e-01
7.8006161309e-03 6.3841983289e-02 -2.8316708079e-01
-5.7405131388e-02 -6.9485478033e-02 -1.8277460042e-02
-1.2687700313e-02 -9.6126323394e-02 7.9459650896e-03
-3.6603634591e-02 -8.4918523300e-02 -2.7303932076e-03
-2.9690500857e-02 -3.7732165348e-02 -3.5114472398e-02
-4.0617762048e-02 -6.1234963372e-02 -3.2420143592e-02
9.6550782674e-02 2.1438367902e-01 1.8343265768e-01
3.4779519900e-01 8.4992051146e-01 6.1221883570e-01
4.7160496998e-01 1.0715052680e+00 6.3803711933e-01
2.2775434500e-01 7.3532421326e-01 2.4905407125e-01
5.2117517669e-02 3.3160845734e-01 -2.3518126395e-02
-1.9672234675e-02 -1.1678307669e-01 -7.4311260973e-02
-3.0213810121e-02 -5.0429831102e-01 -1.2607900949e-02
-9.5240236844e-02 -6.6682009094e-01 9.7170720234e-02
-7.7661246726e-02 -3.4620659636e-01 3.4308210854e-02
-2.9217491439e-02 -6.5750166806e-02 -2.4959994024e-02
-4.0199271052e-02 -7.7742375378e-02 1.3107916388e-02
-6.5210819043e-03 -9.4057563138e-02 1.3358468658e-02
-2.7980853610e-02 -7.4319329745e-02 2.4693217453e-03
-4.9841947975e-02 -5.3409851591e-02 -4.5912492705e-02
-4.1193146920e-02 -2.7791677626e-02 -1.1866758784e-02
-3.7375268395e-03 3.3899107982e-01 2.6695767809e-01
6.0953546434e-02 8.9881623844e-01 6.0162695412e-01
4.9538248256e-02 9.3599757538e-01 4.6176193492e-01
-3.7479462840e-02 6.1900184420e-01 1.1759733809e-01
-5.4965537990e-02 1.4681345230e-01 -7.9410471204e-02
-9.1813882537e-03 -3.9368547178e-01 -3.5820417449e-02
-7.0081245607e-03 -9.1711869146e-01 5.8670356236e-02
6.0853363218e-03 -9.9655430011e-01 1.2371545391e-01
-4.7402400046e-03 -4.3938221298e-01 -1.4831556943e-02
-6.2029862747e-02 2.0028800447e-02 -1.6412298234e-01
-6.9904998811e-02 -3.3156860779e-02 -2.4792111249e-02
-3.0358268558e-02 -7.4201388890e-02 6.2274263231e-03
-3.8231054950e-02 -6.5404240308e-02 9.8780725460e-05
-5.4911585272e-02 -7.5549365397e-02 -5.0361576499e-02
-7.3946383239e-02 -6.8077184942e-02 -5.0282986699e-02
-1.2136795087e-01 2.7714656761e-01 2.1463331282e-01
-2.6499668191e-01 8.9443155925e-01 5.7468012482e-01
-3.0335792876e-01 9.6588658087e-01 4.6180187836e-01
-2.2396012559e-01 5.1878722119e-01 1.2204734913e-01
-9.7467996148e-02 1.0052534309e-01 -1.3534510705e-02
-1.0097691079e-03 -2.9907737769e-01 -3.5151430486e-02
7.1585065909e-02 -8.1116295894e-01 5.7784438501e-02
1.3573609513e-01 -1.0364251716e+00 2.3896078664e-01
2.6261236292e-01 -6.8347775176e-01 3.0732331083e-01
8.9609512067e-02 -8.2856570366e-02 1.2286661203e-02
-5.0510134497e-02 -7.0145436705e-02 8.6349249663e-03
-2.7022212794e-02 -1.0823100229e-01 1.9159856151e-02
-2.5797481516e-02 -9.9809321164e-02 2.1919093642e-02
-4.5366120781e-02 -6.3722727961e-02 -3.8073474798e-02
-7.4876691341e-02 -7.9450564825e-02 -3.7727807509e-02
-1.8075093828e-01 1.3901035067e-01 1.0034592818e-01
-3.8791833605e-01 6.2262059476e-01 3.9820788005e-01
-1.3038504371e-01 8.1880729024e-01 5.0810732025e-01
5.6305685994e-01 5.4276424654e-01 3.9282826806e-01
7.9267924398e-01 8.8938918930e-02 7.9992746730e-02
7.1518025920e-01 -3.1284585714e-01 -1.1649304738e-01
8.0502746238e-01 -4.9065377372e-01 -1.5277546814e-01
7.4164013596e-01 -5.3285980189e-01 4.8648953157e-03
7.9213717076e-01 -1.4713410314e-01 2.8437476864e-01
5.6389774995e-01 1.4781958609e-01 -6.8672893069e-02
-1.1554442153e-02 -8.2530386286e-02 1.9729165446e-03
-4.1662474535e-02 -1.1263059437e-01 4.2136038125e-02
-3.6391705282e-02 -9.5656060763e-02 2.2521261762e-02
-3.9075771835e-02 -6.2746302242e-02 -2.0465293695e-02
-5.9272347181e-02 -8.7375781036e-02 -5.6246461514e-02
-9.8921539259e-02 -3.5894318798e-02 -2.5930947249e-02
-9.1101005115e-02 2.7129429065e-01 2.7076261170e-01
4.8866539683e-01 1.2482241546e+00 1.2004957263e+00
1.2036297004e+00 1.4984370268e+00 1.2853627312e+00
1.2518416188e+00 1.7203702706e-01 1.5507900169e-01
8.6879400810e-01 -7.4746749152e-01 -2.8126147299e-01
1.1032304585e+00 -3.2726987047e-01 -3.1325993442e-01
1.6085330036e+00 5.6321164403e-01 -8.8018477108e-01
1.9666214950e+00 1.6883590959e+00 -7.5919451256e-01
1.8207748511e+00 1.7202033678e+00 -1.0209151533e+00
1.4901763866e-01 3.0744438542e-02 -2.6081241648e-01
-1.6220065324e-02 -1.4221111135e-01 2.7324079052e-02
-1.7852793070e-02 -1.0900921729e-01 2.7157008456e-02
-4.9005980507e-03 -5.4515817486e-02 1.8284151266e-02
7.3077611803e-03 -6.7660689588e-02 2.5354008297e-02
1.9251626250e-03 -5.4809830684e-02 2.8310551225e-02
-1.1785236920e-01 1.7848382676e-01 2.4901656177e-01
-5.3114945520e-01 1.1618494491e+00 1.1146826921e+00
-9.2330470110e-01 1.6186423791e+00 1.5260039746e+00
-5.5686154479e-01 8.3609457980e-01 7.4930167967e-01
-1.9868068633e-01 -2.3833012448e-01 4.9189507336e-03
-1.6226778824e-01 1.8351974459e-01 -2.2929705039e-01
-1.0645478205e-02 9.5092053079e-01 -1.0763322916e+00
-1.4108928874e-01 1.1544972569e+00 -9.6427835127e-01
6.1996476253e-01 1.9338537830e+00 -6.4550981894e-01
1.8098680141e-02 -2.1400390743e-02 -1.6122078140e-01
-2.1228999736e-03 -1.5440813419e-01 1.4756922979e-02
-4.5969046085e-03 -9.7876907869e-02 3.7694785204e-03
7.9941053246e-03 -5.7805533812e-02 3.8737162406e-02
1.8375494447e-02 -6.9650569203e-02 3.3000603674e-02
2.3603591798e-02 -6.4466340157e-02 3.3415494328e-02
-6.2828936648e-02 -1.9903473217e-02 4.4515185982e-02
-4.7083051789e-01 2.0042880535e-01 3.0878744461e-01
-1.4924303081e+00 4.9188283256e-01 9.4680363675e-01
-1.9631517682e+00 1.1998097576e+00 1.1964073819e+00
-1.4465213797e+00 9.3621047319e-01 5.1863830466e-01
-1.1168451075e+00 1.0381508569e+00 -4.7664305503e-02
-9.4784917211e-01 2.4157227663e-01 -5.1285466134e-01
-8.1436324470e-01 2.8886947117e-01 -4.6889823967e-01
-2.6004678041e-01 1.3510173187e+00 -3.7493254232e-01
-4.3745104869e-02 -7.1603033656e-02 -1.2387043845e-01
2.6054204044e-02 -1.4370021862e-01 -2.0105290895e-02
-1.0740225816e-03 -1.0576587846e-01 -6.8747541182e-03
9.9527153040e-03 -6.4338942428e-02 3.4574838691e-02
1.6125700302e-02 -7.9417098056e-02 3.2834351031e-02
1.5612746487e-02 -7.4646952786e-02 3.0074543307e-02
-4.2285841070e-03 -7.2659565588e-02 1.3824120864e-03
-6.7021831729e-02 -4.2854284057e-02 3.2504787661e-02
-3.5622386251e-01 1.5465700540e-02 2.0006956257e-01
-1.0864928478e+00 5.7351828307e-02 4.4850838979e-01
-1.6889179668e+00 2.3457083455e-01 4.4506240048e-01
-1.6257269841e+00 8.5710325148e-01 3.0950262430e-01
-1.0507835473e+00 6.5313313812e-01 -3.5473145162e-03
-4.2389761082e-01 5.4955274762e-01 -3.4524567757e-01
-2.7300120114e-01 9.3944309765e-01 -3.6477154268e-01
1.7418738841e-03 -1.1256312765e-01 -1.3820379704e-01
3.3818091467e-02 -1.4851295221e-01 -1.9712682192e-02
-8.5770795260e-04 -1.0620349036e-01 1.1908237522e-05
5.5066676272e-03 -5.1967386118e-02 2.7826795162e-02
7.0714444214e-03 -6.5567288941e-02 1.1929773765e-02
1.1972006577e-02 -6.9009865939e-02 5.1636893715e-04
-6.0757840072e-03 -6.3026701433e-02 -2.2319848661e-02
-1.7578876176e-03 -5.9121843517e-02 -1.7758197638e-02
-2.7553552339e-02 -5.1065159880e-02 8.0246073969e-03
-1.7494435251e-01 2.3883410878e-02 1.1054287258e-01
-5.4269639959e-01 5.6418571620e-02 2.6228124583e-01
-9.4681123787e-01 4.6019927663e-01 4.6593035646e-01
-7.5266001576e-01 5.6074270393e-01 4.3863121307e-01
-4.4195549235e-01 6.2834892966e-01 -2.0985385741e-01
-4.3838842784e-01 9.8037456279e-01 -2.2820491773e-01
-2.6515993901e-02 -6.0503571638e-02 -7.7339581112e-02
2.3952678265e-02 -1.3422823737e-01 -2.0402761870e-02
-1.2695751756e-02 -8.1031429754e-02 2.5059979521e-03
-1.1302100245e-02 -5.8909582132e-02 -2.7650308601e-03
-1.4293046564e-03 -7.2908085103e-02 -1.0719126238e-02
7.0891370430e-03 -7.4666163439e-02 -2.3379204816e-02
3.1598516025e-03 -7.6203242057e-02 -3.2641089412e-02
1.3405461069e-02 -7.1241072181e-02 -2.6222367344e-02
3.6800373234e-04 -6.6303302089e-02 -2.5598406386e-02
1.0363950218e-02 -5.7364025118e-02 -3.2409057665e-02
-3.8232260491e-02 -3.9562677429e-02 2.8816874244e-03
-1.7764918157e-01 1.2790677726e-01 1.9038725633e-01
-2.6249877200e-01 3.7872800817e-01 3.8910003838e-01
-3.8322824487e-01 7.2153568373e-01 -4.7596782923e-03
-4.3971906517e-01 8.2698160555e-01 -2.4371837702e-01
-2.6120630736e-02 -1.7075937717e-02 -6.3830260680e-02
3.5186882709e-02 -1.1486896296e-01 -3.8788476871e-03
-4.5445063516e-03 -7.7660508488e-02 1.3476393577e-02
-7.9528013452e-03 -6.1329419198e-02 2.2237725685e-03
-2.5187083805e-03 -7.2680803489e-02 -1.3801650966e-02
9.3176667941e-03 -7.1463820757e-02 -1.2277636403e-02
2.7710422767e-03 -7.9448442388e-02 -3.4031668054e-02
-1.5134708655e-03 -8.9693682825e-02 -3.6683547275e-02
-3.6459264051e-03 -8.2783327542e-02 -4.2016972305e-02
1.6792533519e-02 -7.6762397915e-02 -5.6514007857e-02
3.6683784316e-02 -6.4372900186e-02 -2.8850099843e-02
-1.9685128473e-02 9.0881233596e-04 2.3595662530e-02
-1.1248681877e-01 1.5485243124e-01 8.0579147745e-02
-1.5984096795e-01 2.1094862467e-01 -1.9511501461e-02
-1.5350980801e-01 1.7685422019e-01 -9.8485057824e-02
-1.5984883145e-02 -5.6778583818e-02 -3.6762001180e-03
1.5795319374e-02 -9.2755387960e-02 7.0834812895e-03
-1.3497088336e-02 -6.3661726623e-02 1.3533429536e-02
-1.1297993760e-02 -7.5794475877e-02 -5.6171205379e-03
-2.7447407758e-03 -8.4465602497e-02 -2.4470409356e-02
7.3631983775e-03 -8.6313591522e-02 -1.3543098722e-02
6.9453397831e-03 -9.5841196903e-02 -3.1346239199e-02
-3.4040226384e-03 -1.1084847056e-01 -3.1038972848e-02
-7.6595362176e-03 -1.1723552929e-01 -5.2070509082e-02
1.5319508276e-02 -1.0980624559e-01 -4.3808948077e-02
3.5886051119e-02 -1.1364782290e-01 -4.2966539270e-02
2.8580151924e-02 -9.1661809712e-02 -1.4987447557e-02
9.5959348794e-03 -6.4794256768e-02 -2.0379424873e-02
4.8236649831e-03 -6.3282951262e-02 -2.0692823034e-02
2.5583714707e-02 -8.6927752415e-02 2.3768310420e-02
1.1930519525e-02 -1.0983306960e-01 5.1238479907e-02
1.6070795610e-02 -1.0341692112e-01 2.6679343438e-02
-6.7332184117e-03 -9.2656246406e-02 3.2030170433e-02
-2.3730630272e-02 -2.0194681336e-02 3.3112903821e-02
-1.9167956526e-02 -3.3809327906e-02 4.5274691720e-03
-6.3836391318e-02 -4.4801717079e-02 1.0584646409e-02
-1.2642033558e-01 -6.6839444073e-02 -6.3915526171e-02
4.4302117060e-02 -1.2057664464e-01 5.4951707925e-02
3.0222478723e-01 -2.2273280368e-02 1.6877533430e-01
6.9647600786e-01 1.9011616430e-01 3.0498850504e-01
8.8445435174e-01 3.5704125634e-01 2.1666473867e-01
1.0696198607e+00 4.9741783507e-01 7.3964499859e-02
1.0686117829e+00 5.1895676577e-01 -3.0862882501e-01
5.0150783491e-01 1.7346311414e-01 -4.3408248948e-01
-7.2553732657e-02 -1.4431804203e-01 -8.9923445470e-03
-1.1480091563e-01 -1.2338429664e-01 1.2060335218e-01
-2.9935749931e-02 -7.8263487363e-02 6.5689980189e-02
-4.2615321021e-02 -7.3169846684e-02 3.0930722018e-02
-1.1874587988e-02 -9.0940478180e-03 2.3592852768e-02
-7.1071863273e-03 -4.1760546505e-02 -1.2614776253e-02
-3.1479120821e-02 -4.1898306220e-02 -7.0281418307e-03
-2.4929192683e-02 -1.4201849809e-02 -3.2319110772e-02
4.6688288646e-01 1.7006648031e-01 3.5286006625e-01
9.4897128373e-01 4.7966646786e-01 5.5905784598e-01
1.0470381357e+00 5.5456904982e-01 5.0920800796e-01
8.0284698332e-01 3.4930393083e-01 1.7169075451e-01
5.3217664548e-01 2.2635057300e-01 1.6831048899e-02
5.7633260220e-01 3.4759726621e-01 -3.4028874043e-01
5.8911323078e-01 3.9530486273e-01 -7.2084495888e-01
1.0476081387e-02 -6.0888083796e-02 -2.7816796592e-01
-1.0667072408e-01 -1.4841412698e-01 7.4798460902e-02
-3.9521608637e-02 -1.0838981207e-01 3.8450293036e-02
-3.6709421408e-02 -1.1069139705e-01 2.3345316833e-02
-3.3451995746e-02 -9.6244224882e-03 2.4517040182e-02
-3.8108512728e-02 -5.3367850191e-02 -2.3150360697e-02
1.0742809906e-03 4.2784370666e-04 1.1225157091e-01
4.0440855399e-01 2.7769921336e-01 4.2683805176e-01
9.9516563587e-01 6.2873519115e-01 8.2520135178e-01
7.0695456117e-01 4.9508917911e-01 5.1600862501e-01
3.8023366301e-01 2.9918083810e-01 1.7772920431e-01
9.3483219018e-02 2.3551886510e-02 -1.1963151853e-01
-2.0884165598e-01 -3.1222343148e-01 -6.4713969209e-02
-2.0483563936e-01 -2.8428612572e-01 -8.7942829738e-03
7.7201981485e-02 1.1649836366e-01 -3.1685232568e-01
6.5781005788e-03 -5.7853305014e-03 -2.5662026461e-01
-8.7808777955e-02 -1.2505804666e-01 9.6994335989e-03
-4.1637675700e-02 -9.6307650180e-02 1.0324155700e-02
-4.3793093086e-02 -9.5876061076e-02 3.6554106361e-03
-5.5082897233e-02 5.2009829881e-03 1.9526767930e-02
-1.8313325462e-02 -1.0756238926e-02 -7.6124176210e-03
2.4105885371e-01 2.5377578300e-01 3.9310461681e-01
6.6729971902e-01 6.6494268518e-01 7.5076866487e-01
5.9840366015e-01 5.6655009957e-01 5.7099215630e-01
2.4000257937e-01 2.8471006127e-01 1.7434888251e-01
1.6829607982e-01 2.9820669508e-01 -1.4763428784e-02
2.9533833962e-03 6.7442572200e-02 -1.3488972431e-01
-3.8232451871e-01 -5.8755689940e-01 3.4796666733e-02
-4.6059635539e-01 -9.1265906514e-01 2.6500687527e-01
-2.4015387252e-01 -4.4654625819e-01 2.0544917510e-01
-1.7425725915e-01 -2.8277221198e-01 6.4392482976e-02
-9.9499029255e-02 -1.1995886688e-01 1.9349123963e-02
-2.5408789092e-02 -7.4949472089e-02 -8.3113112110e-03
-3.4807003299e-02 -7.9337758361e-02 -7.5125064523e-03
-5.1913788848e-02 -1.0720719354e-02 2.4478516178e-02
8.7738976370e-02 1.1814960895e-01 2.1463238984e-01
4.4919633139e-01 5.9729179607e-01 8.1896662150e-01
4.9605335231e-01 6.5680683855e-01 7.1240261347e-01
3.0025753999e-01 4.3273603774e-01 3.8936907593e-01
9.4009009756e-02 2.8003650055e-01 9.6237292487e-02
3.4315926246e-02 1.1395642371e-01 -4.7141186402e-02
-3.1542671597e-02 -2.2486538206e-01 -5.4404933173e-02
-1.7402468168e-01 -8.7955632134e-01 1.4886439363e-01
-2.9212113807e-01 -1.4126342988e+00 4.7308072468e-01
-2.5914905328e-01 -1.3147017058e+00 6.3876054156e-01
-1.8052753693e-01 -8.4629163108e-01 1.2848002979e-01
-7.4193038528e-02 -1.8867469503e-01 -4.1524324017e-02
-1.9597656564e-02 -6.6705474846e-02 -7.2174675975e-03
-2.4495348020e-02 -6.8790674019e-02 -4.9516417319e-03
-5.0078620297e-02 -1.1512238525e-02 3.6341147955e-02
8.6023534696e-02 2.6194550757e-01 3.3816017111e-01
1.7940054556e-01 6.3345889778e-01 7.1156088865e-01
9.0171417865e-02 4.2376814147e-01 4.0069052912e-01
-2.2922925839e-02 2.1428480462e-01 1.6817501425e-01
-6.2000060872e-02 1.9802093247e-01 1.4105451690e-02
-1.6105992452e-02 -1.8056589952e-02 -4.8200485279e-02
3.0944916314e-02 -4.6285318285e-01 6.4520549497e-03
1.4423946712e-02 -1.2639519080e+00 1.8294242342e-01
-8.5963520223e-02 -1.7639339270e+00 4.9827995580e-01
-8.6123264022e-02 -1.7343866491e+00 7.3407259070e-01
-2.8478799450e-02 -9.4562186710e-01 -1.3131252782e-01
-7.5382089265e-02 -1.5228294645e-01 -1.4553201166e-01
-3.8990931450e-02 -4.9456098879e-02 -1.7801715392e-02
-3.4202115578e-02 -6.1184396830e-02 -8.1356653244e-03
-5.0793403184e-02 -3.1044067992e-02 2.2442569278e-02
-5.0550794226e-02 1.8907840725e-01 1.8163160401e-01
-1.0706929275e-01 4.9296690161e-01 4.9767951842e-01
-1.3791911321e-01 2.1814230497e-01 1.7903344511e-01
-1.3554720445e-01 -1.3764453322e-01 -1.7289373458e-02
-1.6582688237e-01 -1.4342535525e-01 -8.0541434939e-02
-2.2215590322e-01 3.0329835768e-02 1.9365220080e-03
-1.1742119640e-01 -2.5625046918e-01 9.1314102509e-03
8.7218023983e-02 -1.1871323148e+00 1.0928242062e-01
1.6315049240e-01 -1.5076810624e+00 3.9125992235e-01
2.9932683288e-01 -1.3090362669e+00 8.6123976184e-01
2.6178674300e-01 -6.1841652097e-01 1.9740289995e-01
-3.8249428006e-02 -1.1051851658e-01 -1.5412018518e-02
-2.8741548198e-02 -8.1113713536e-02 1.0029437649e-02
-2.4360647444e-02 -9.3161490995e-02 1.6131106709e-02
-5.7913336416e-02 -5.7769856981e-02 -2.1688597819e-02
-1.2630503237e-01 9.4978180777e-02 6.6057057867e-02
-3.6842498599e-01 5.6361168086e-01 4.3447831879e-01
-2.9393263070e-01 4.2736832463e-01 3.2321111485e-01
1.5997570652e-01 2.2846616673e-02 1.2574740876e-01
2.7229758674e-01 -2.0842574082e-01 -2.1161304266e-02
-3.1812571198e-01 1.2511079623e-01 4.4191718238e-02
-6.4206529101e-01 2.5284026498e-01 6.4984852772e-02
3.5789628373e-03 -4.7255969564e-01 5.4141102640e-02
2.0324544848e-01 -6.8057618725e-01 1.1760601316e-01
6.5459871585e-01 -3.4345717154e-01 3.9566965209e-01
7.5538004692e-01 -2.0752654546e-01 3.0057820204e-02
-8.3321140501e-03 -9.7902622956e-02 1.0288567773e-03
-5.3436088263e-02 -8.4591549071e-02 3.5568839386e-02
-3.7557249334e-02 -7.8792134198e-02 2.1912123954e-02
-4.6792803016e-02 -4.8001875968e-02 -3.7253247009e-03
-1.1170982358e-01 2.7123036237e-02 -1.1401804461e-02
-3.0077614033e-01 3.1343064802e-01 2.1275271334e-01
1.7813025679e-01 6.0096841762e-01 6.5191085124e-01
1.2856078469e+00 7.6781377179e-01 9.4783908293e-01
1.3988560757e+00 -3.1680480493e-01 2.4677668905e-02
7.0335235100e-01 -9.9591394079e-01 -4.8092252380e-01
-8.4058060728e-02 -5.4600279589e-01 -1.8871338628e-01
7.5079713111e-02 -4.6861878095e-01 3.8008300633e-02
4.8372900102e-01 -2.3585756880e-01 -4.3836893798e-01
1.1062536221e+00 3.9237461144e-01 -6.4853500574e-01
1.7516400552e+00 4.2425765275e-01 -5.7431637961e-01
2.3532359910e-01 -1.1754176570e-01 -1.9894159636e-01
-4.0578124867e-02 -1.1417712595e-01 1.2398678503e-02
-2.0998240211e-02 -9.7556346115e-02 2.7424136294e-02
-1.1825005999e-02 -4.9720226328e-02 2.7543795118e-02
7.0581422111e-03 -4.2541595894e-02 1.8388138250e-02
-7.2539546530e-02 4.2929286053e-02 9.7306181556e-02
-1.0374827603e-01 5.1068067504e-01 6.7288378924e-01
-1.9038594721e-01 1.1172202035e+00 1.0472911142e+00
-3.0487952847e-01 4.9899365450e-01 5.2050327311e-01
3.5106105019e-02 -3.6435171375e-01 -5.9168822364e-02
1.4322039246e-01 -4.5086451331e-01 -1.8336893581e-01
-9.2020907801e-02 -2.7118929220e-01 2.5552943049e-03
3.0427906632e-02 1.3277189960e-01 -7.3056140728e-01
-1.6213179666e-01 -1.5699874148e-02 -4.8743412529e-01
6.3062545446e-01 5.0779324712e-01 3.1458604942e-01
9.3739136072e-02 -1.6100458069e-01 1.0095378384e-01
-2.0500289045e-02 -1.0571185860e-01 -1.1693528507e-02
-1.4154095991e-02 -7.1014094191e-02 3.2747811269e-04
4.4354113443e-03 -5.1469662952e-02 3.8134479335e-02
3.5085068249e-02 -6.2228056558e-02 3.6356987785e-03
-5.9499494541e-03 -5.4599564447e-02 9.2181448745e-03
-2.8890487474e-01 -1.4314306326e-03 6.9920358070e-02
-8.8377554948e-01 -7.4277002884e-03 2.4850368902e-01
-1.2348840155e+00 4.2470350765e-02 6.5826810928e-01
-1.2360797769e+00 3.6643757186e-01 6.9564049670e-01
-6.1556884812e-01 7.3217866313e-02 1.5402368423e-01
-2.7383605293e-01 -5.0498783037e-02 -9.8565472179e-03
-2.0588481737e-01 -1.5595004959e-01 -3.1517951118e-01
-3.1654945763e-01 -2.0064975022e-01 -2.7379506705e-02
-1.4099063314e-01 4.6180223248e-01 3.2958661496e-01
-5.0070195748e-02 -1.4108339696e-01 3.0255892669e-02
3.4108742218e-03 -1.1337706304e-01 -5.0718444303e-02
-8.7559431774e-03 -8.4822660424e-02 -7.3252967621e-03
-6.3590047128e-03 -5.4893386247e-02 3.4473963410e-02
1.7334809213e-02 -6.8101020877e-02 1.4264975483e-02
1.4034798136e-02 -5.7432672785e-02 3.1539807285e-02
-3.7543028570e-02 -5.6883090625e-02 -3.0257730304e-02
-1.1926916997e-01 -1.7249825457e-01 -3.5245759576e-03
-3.3996266887e-01 -4.5921417349e-01 2.7649082979e-02
-8.7217438804e-01 -6.3145940717e-01 1.2604217940e-01
-1.0288231710e+00 -4.9809327862e-01 1.8465179907e-01
-7.8099814606e-01 1.2723003193e-02 1.8381421010e-01
-4.5912980651e-01 9.5532571340e-02 5.6830007131e-02
-4.5196932271e-02 -2.6213526080e-01 -7.5702644865e-02
-5.8279897564e-02 1.3806651002e-01 -5.8491898903e-02
3.3188287756e-02 -2.0734988999e-01 -8.8693509598e-02
2.1313839245e-02 -1.1829557264e-01 -3.5392626025e-02
-6.0234188536e-03 -8.6165904376e-02 5.5808221587e-03
-2.3040971857e-02 -4.3488801035e-02 3.6392645731e-02
-1.4709872071e-02 -5.1126723897e-02 2.2276299845e-03
-2.2124216278e-02 -4.2186061479e-02 1.1361849522e-02
-2.7645125582e-02 -9.2876653226e-03 1.9845764906e-03
-3.3873810713e-02 4.2834194914e-03 3.3650711470e-02
-1.2237977047e-01 4.0150320943e-02 2.3748917266e-02
-3.5067612124e-01 6.0821586014e-02 1.9914139516e-01
-6.1059090254e-01 -3.9270554935e-01 3.3204982815e-01
-6.3879986286e-01 -5.4497907905e-02 3.8985963165e-01
-4.8659369333e-01 3.9199863774e-01 4.6356906101e-01
2.5103098427e-02 -7.7815772213e-02 -8.7037461838e-03
-1.2339036076e-01 3.9809312084e-01 9.8733752788e-02
5.7710273353e-02 -1.1985072225e-01 -3.3292632745e-03
1.7098512595e-02 -1.0846767638e-01 -4.1346542935e-02
-2.1523758843e-02 -5.9418656938e-02 4.1997909415e-03
-2.9440464122e-02 -4.5876327862e-02 1.0422848876e-02
-1.7291904766e-02 -5.2328867187e-02 -1.8004468235e-02
-2.5302763401e-02 -4.2205829883e-02 1.0745153051e-03
-1.7158028676e-02 -2.6356951514e-02 -1.2978598467e-02
-7.7862932366e-05 -1.6547362669e-02 1.0187722389e-02
-7.8033126314e-03 -3.8024134796e-03 -4.4936961798e-03
-1.2860098163e-02 1.6103582434e-05 2.2910416244e-02
-7.5056887229e-02 -6.6995993209e-02 1.5383108169e-01
4.9360439396e-03 -2.6574470291e-03 6.3767604014e-01
-4.6212447007e-01 9.6139282750e-01 8.1343104388e-01
-1.8285598470e-01 6.9782239512e-01 1.7207751162e-01
-6.3900021162e-01 1.2673830009e+00 -9.0878287076e-02
-9.0308936294e-02 2.0818907922e-01 -8.9045181697e-02
5.4075006027e-02 -9.6696433236e-02 -2.6630821599e-02
-1.1630437192e-02 -6.0259704565e-02 1.7252553968e-02
-3.1544200268e-02 -5.1103886073e-02 -5.1755541313e-04
-1.7120243611e-02 -6.3169722990e-02 -3.6155445453e-02
-2.9126914324e-02 -4.2544284436e-02 -2.5391618083e-02
-2.2268263752e-02 -4.5759488482e-02 -6.0083434204e-02
-1.1412595807e-02 -4.4145807632e-02 -5.1507773873e-02
-1.5399437606e-02 -2.8021712498e-02 -5.1462681366e-02
2.4325363649e-03 -1.7153549376e-02 -3.7640022373e-02
-3.0429346685e-02 3.7282717535e-02 6.3452160246e-02
-1.6311353381e-01 3.6277001417e-01 4.2518036995e-01
-6.3152434696e-01 1.1149221074e+00 5.7864290616e-01
-5.2342478721e-01 9.2982699616e-01 2.0052381592e-01
-8.4539920778e-01 1.0088278963e+00 -3.6050605620e-01
-2.7178413823e-01 2.4100279019e-01 -2.4022797261e-01
1.0182056106e-02 -5.5247339083e-02 -2.4914556540e-02
-2.2000408545e-02 -4.4431168811e-02 1.2222982794e-02
-3.1093345724e-02 -7.3798947885e-02 -1.8149506114e-02
-1.0594074699e-02 -8.6748210158e-02 -6.5107362025e-02
-1.4233272924e-02 -8.0139602303e-02 -2.8080754369e-02
-8.9164213193e-03 -7.7331144314e-02 -6.1342786547e-02
-1.3857092887e-03 -9.0702439854e-02 -5.3518920344e-02
-6.6456693752e-03 -8.7282574441e-02 -7.7113188179e-02
1.7011457642e-02 -8.7731128056e-02 -5.7593590033e-02
4.5624013926e-03 -5.9310160216e-02 -3.7505017455e-02
-8.6093601498e-02 7.5825433118e-02 9.0128651039e-02
-2.7643653234e-01 3.2705369476e-01 7.8963360006e-02
-2.6307479622e-01 2.6785197206e-01 -2.2750841025e-03
-1.9638353987e-01 1.3948907653e-01 -7.4368730803e-02
-4.8856501715e-02 -3.5091763980e-02 -4.4352074110e-03
2.1847497176e-02 -8.1139902629e-02 1.9276631924e-02
-4.6111744605e-03 -8.2746277160e-02 3.2523780405e-02
-2.9107692001e-04 -1.4977097420e-03 1.7554896145e-02
1.2612394795e-03 -1.8930829279e-02 9.7794965659e-03
-2.1691210987e-02 -2.2249554386e-02 8.4185612250e-04
-6.6880998775e-02 -3.4623884260e-02 -2.5529860442e-02
1.6857466899e-01 -4.2805639626e-02 1.5027625118e-01
7.7384855269e-01 1.4085800200e-01 4.3393231292e-01
1.3708659147e+00 4.0804508678e-01 5.8582706134e-01
1.4245686497e+00 5.5017165310e-01 4.3574988987e-01
1.7398474713e+00 6.8423407394e-01 1.6363315108e-01
2.0156630183e+00 7.5631029381e-01 -5.1574875617e-01
1.1707460438e+00 4.3937512078e-01 -8.1199726884e-01
2.0218518456e-02 -3.9786098761e-02 -1.3204583070e-01
-1.4459542358e-01 -9.8835168113e-02 6.0640240019e-02
-6.0993608299e-02 -6.3650639430e-02 4.0571271167e-02
-6.4224004679e-02 -5.7841498689e-02 -2.4035742701e-03
-3.5105254904e-03 9.4667597751e-03 1.4706701130e-02
-7.3940726068e-03 -3.5723726448e-02 3.1319479763e-03
-8.2855192484e-04 -4.4809615675e-02 4.8584318093e-02
1.6896134264e-01 2.3495003689e-02 1.9164802604e-01
7.5054878088e-01 1.9793105101e-01 6.1094823772e-01
9.5914595740e-01 3.4490952333e-01 6.5928112138e-01
7.6380187466e-01 2.6731135636e-01 3.6559477208e-01
4.1949403574e-01 9.4107061429e-02 7.8041807013e-02
2.2437570266e-02 -4.2815908297e-02 1.6386943824e-02
1.7827294007e-01 3.9522970455e-02 -1.1639966376e-01
5.2172201889e-01 2.8642748983e-01 -4.1873124583e-01
1.8168804792e-01 1.0192358375e-01 -2.2021754225e-01
-6.6388413982e-02 -9.4120018596e-02 -1.2586177819e-02
-3.6583461884e-02 -8.0311225159e-02 -8.7433633414e-04
-4.1001463370e-02 -7.6139824568e-02 -5.7711164177e-03
-2.4975081029e-02 1.9130296449e-02 1.2009161470e-02
-1.3235851939e-02 -2.4379172916e-02 3.1387773320e-02
1.5417287422e-01 3.0168529161e-02 2.6463171008e-01
6.4155889274e-01 2.2400855477e-01 6.6666138201e-01
7.2322138613e-01 2.3691778205e-01 6.5165458994e-01
3.5217356914e-01 1.0240277198e-01 2.6419745027e-01
2.0379077783e-01 5.6457938717e-02 3.0917643293e-02
2.5008358109e-01 8.0816455488e-02 -4.5290445595e-02
4.8765392662e-03 -1.0009461915e-01 -1.8647445133e-02
-1.7964304446e-02 -9.4272204919e-02 1.5867146487e-01
2.5356533145e-01 1.5777002549e-01 2.3717639919e-01
1.1910328221e-01 4.5408683305e-02 1.1216418029e-01
-7.7351685445e-02 -9.0182024381e-02 -8.9865940054e-03
-2.5056519301e-02 -6.7995214946e-02 -2.1001427426e-02
-4.8049990099e-02 -6.0334850155e-02 -2.3910020623e-02
-5.9168365095e-02 5.7685718487e-02 6.3579099494e-02
5.7038673389e-02 8.4495677553e-02 2.3235899598e-01
4.4138029225e-01 2.7605817070e-01 7.0804263975e-01
4.6373137028e-01 2.3386767443e-01 5.5847608977e-01
1.8804514382e-01 6.2077760586e-02 2.2459586368e-01
1.1930548906e-01 1.7822465897e-02 8.8250133706e-02
1.0424604423e-01 4.7737966258e-02 1.8020063963e-02
1.0295006757e-01 2.2940180523e-02 -1.3575249658e-02
-9.6800241258e-02 -2.0155982754e-01 2.1782806791e-02
-1.9593388686e-01 -4.2330583560e-01 2.5910431136e-01
-2.5226692297e-01 -4.9494213592e-01 6.4296961853e-01
-2.5418035816e-01 -4.5793395750e-01 4.0667089915e-01
-1.1339826104e-01 -1.4720148540e-01 1.1940622187e-02
-1.4718031113e-02 -6.7069651915e-02 -3.6562068973e-02
-3.8199982023e-02 -5.7992382658e-02 -3.4639527622e-02
-2.1921289014e-02 6.1351769140e-02 1.4787675859e-01
2.8870593774e-01 2.3584087402e-01 6.0398155020e-01
3.9937342826e-01 3.3336288327e-01 7.6761380936e-01
1.8659952930e-01 1.2250110351e-01 3.2386417277e-01
1.1998479865e-01 3.6116002579e-02 1.7815328715e-01
6.8062713412e-02 -2.0916614038e-02 6.3869810261e-02
3.8546562286e-02 -9.6278238647e-02 1.0640549471e-02
3.2249808677e-02 -1.2301802650e-01 1.7386277052e-02
-2.9328399658e-02 -2.5909147925e-01 5.3208351170e-02
-1.2618467793e-01 -6.2147675306e-01 2.9102591853e-01
-2.6321071516e-01 -1.1642675000e+00 5.9211828389e-01
-2.0775156442e-01 -8.9868244046e-01 8.8489814490e-02
-7.8204604521e-02 -1.9092652295e-01 -6.9985509931e-02
-2.0200568815e-02 -6.2203889752e-02 -2.2622638127e-02
-3.8241822118e-02 -5.3109630493e-02 -2.5350114761e-02
3.1895982696e-02 1.0945989110e-01 3.3218820193e-01
2.7535424938e-01 3.9021697698e-01 7.6892639549e-01
8.8079997408e-02 2.8546136527e-01 4.8285178858e-01
-3.3074588959e-03 9.6912530213e-02 1.8847694383e-01
2.4275144850e-02 -5.2471802344e-02 1.0569252940e-01
2.8081036260e-02 -9.6245202898e-02 6.8877338977e-03
3.8476260237e-02 -1.4914301467e-01 -2.2317496206e-02
7.5013973492e-02 -1.4938206670e-01 1.1097033576e-02
7.0517338606e-02 -2.7974742950e-01 5.6579401167e-02
5.2359406083e-03 -6.0894810606e-01 2.5531699256e-01
2.1808337631e-02 -1.3813974340e+00 6.0004033579e-01
5.9060147548e-02 -9.8485003498e-01 -9.8887804162e-02
-4.8335001659e-02 -1.4411160250e-01 -1.3685909838e-01
-4.2444686288e-02 -4.5369972595e-02 -3.5833588525e-02
-5.0711557502e-02 -5.1310154059e-02 -2.6715673591e-02
3.3193777208e-02 1.4321351040e-01 3.5667354981e-01
8.5108770713e-02 3.3983150246e-01 4.8758647675e-01
-3.4853840882e-02 2.6446504912e-01 3.1264714033e-01
-3.5980311736e-02 -2.2040279560e-02 2.1828560605e-02
-2.6826310485e-02 -2.2023188274e-01 -3.9826840668e-02
-4.6129093062e-02 -1.5480787727e-01 -3.0979108171e-02
-6.0863009235e-02 -4.2310040442e-02 9.2338663032e-03
-2.8216544474e-02 -4.8426531008e-02 -1.8068475748e-02
6.4504708063e-02 -2.3539209075e-01 8.7051942648e-04
8.6773744023e-02 -4.6101581651e-01 2.1930030346e-01
2.2508230201e-01 -9.7287564207e-01 8.9050622224e-01
2.4545812479e-01 -6.8715485643e-01 4.2429396223e-01
-8.1672654835e-02 -6.1721995546e-02 -4.4390063905e-02
-2.6800167937e-02 -1.3499301850e-02 -3.8482113468e-02
-3.6631354229e-02 -7.2637754758e-02 1.4033900809e-03
-4.5790978086e-02 6.6647325167e-02 1.2746259221e-01
-5.8962747951e-02 2.6268954591e-01 1.5572658308e-01
-9.5691085587e-02 3.2594173722e-01 2.0564153309e-01
-6.1320721105e-02 4.4749337400e-02 1.1579403904e-02
-2.2770772713e-01 4.6825191261e-02 -5.0058323964e-02
-2.1732079835e-01 6.3530529078e-02 -3.1202883419e-02
-1.8227067567e-01 1.8216356545e-01 1.0288458420e-01
-5.9535419553e-01 2.8542714276e-01 1.0020909286e-01
-3.3268752626e-01 -1.6882332096e-02 2.3938773831e-02
-1.0788403839e-01 -1.3065928991e-01 8.2918945425e-02
6.5164721521e-02 -3.3296504884e-01 5.3688510100e-01
5.2484342457e-01 -1.3419108106e-01 1.0053433192e-01
-9.5012300530e-02 1.7680444248e-01 -2.5756516718e-01
-8.6441930753e-02 6.6191912324e-03 -3.9504878817e-02
-4.6432747354e-02 -6.1137832976e-02 8.3288020944e-03
-1.6052341470e-01 9.3453270845e-02 1.2808505132e-01
-4.4607632891e-01 3.4898969459e-01 2.3441743187e-01
-3.5769890700e-01 3.9353075434e-01 2.4210812518e-01
4.1066399973e-01 2.9258398761e-01 3.0270794941e-01
8.9365359797e-01 -2.0758716266e-02 4.6019017774e-02
7.8101625886e-01 -2.9856641681e-01 -2.0537396554e-01
6.8115379560e-01 -1.6256047928e-01 -1.4789378687e-02
-1.3481691392e-01 8.5144125557e-02 3.6347904736e-02
-3.3300014695e-01 2.4538057974e-02 -2.1319194952e-02
-9.0021636801e-02 -4.5706651652e-02 -1.8970507704e-01
-3.4477951247e-01 -3.3105320140e-01 -2.6858112187e-01
7.5264579573e-01 -1.4866671744e-01 -3.4599234874e-01
2.6773878717e-01 1.2721830522e-01 -4.0709760594e-01
-3.3864209159e-02 -4.1666616620e-02 -3.9896858541e-02
-2.4356110913e-02 -7.7016512752e-02 1.5198399274e-02
-8.5051308827e-02 3.3251333719e-03 5.2384570715e-02
-4.1153228903e-01 1.1382717591e-01 9.8096046307e-02
-6.1207443267e-01 1.6644711293e-01 5.5418554476e-02
-8.4150763802e-02 3.1175510059e-01 2.6710546146e-01
3.2829179631e-01 2.8373068383e-01 -1.9599957392e-02
2.6058616064e-01 1.9691505017e-01 5.4329872863e-02
4.1089646468e-01 4.3499072237e-02 1.5432617151e-01
4.8591296951e-01 2.1661050909e-02 4.6111810069e-02
2.8510978225e-01 5.5135677657e-02 5.3973129388e-03
8.3248941056e-02 1.3759734620e-01 -3.5297193397e-01
-3.2666569321e-01 -1.4645583549e-01 -2.7676797455e-01
3.9682706425e-01 -4.3244946445e-02 3.2600131269e-01
1.2238956605e-01 -4.6746100410e-02 5.5339892948e-02
-2.3023801815e-02 -4.4811205367e-02 -1.2757736225e-02
-2.0653189299e-02 -4.5672190009e-02 -7.8680176637e-03
-1.5556167836e-02 -4.3370479744e-02 1.8706044960e-02
-7.0334817543e-02 -5.8214562755e-02 -3.9948013438e-02
-2.7056816766e-01 -1.5247611110e-01 -1.9672962609e-01
-3.2491091102e-01 -2.2400681088e-01 -2.9633706522e-01
-3.8104242129e-01 -1.1004304256e-01 -3.2224864735e-01
-3.9214718749e-01 -1.6860293694e-02 8.5840968038e-02
-3.2474797746e-01 -6.7740775693e-03 2.3009894828e-01
-1.7858272917e-01 -2.1229062926e-02 6.1326725712e-02
-8.1626904217e-02 3.2189994229e-03 5.6622715674e-02
-4.4383921810e-02 6.4362142109e-02 -5.3190357495e-02
-4.5450714766e-02 8.7893325483e-02 -1.3534564104e-02
1.5799568118e-02 7.5341981423e-02 1.4632517673e-01
-3.7978304343e-02 -7.1964073968e-02 -3.2108010341e-02
-2.7298692611e-03 -4.0920549436e-02 -4.4068986464e-02
-1.3320156609e-02 -5.1290562620e-02 -1.6902641683e-02
-2.0277095271e-02 -4.6540306960e-02 1.8345482099e-02
-2.8837573185e-03 -5.1601288702e-02 -8.1486277630e-03
-8.1542523376e-02 -6.0182384770e-02 -3.7429145274e-02
-4.0198390631e-02 -1.2934309069e-01 -2.0624086818e-01
8.4030726464e-02 -3.3589418159e-01 -2.7205189518e-01
-1.9825024608e-01 -5.1784838690e-01 -1.2886709853e-01
-4.8708736628e-01 -4.3062714499e-01 -1.5956526342e-01
-4.9656094567e-01 -3.8825607193e-01 -1.5330627446e-02
-2.6277865103e-01 -1.8907940460e-01 7.7338243460e-02
-1.3006827317e-01 2.0688295662e-04 5.7142820395e-02
1.7090054968e-02 -2.5847030818e-02 -2.0931756694e-03
2.6813080615e-02 -1.7574704104e-02 -3.5749381336e-02
4.7003620320e-02 -9.7311493792e-02 -6.1333591019e-02
1.1807321867e-02 -3.9400612933e-02 -3.3583249634e-02
-1.2945494587e-02 -4.6265825220e-02 -4.4958941399e-03
-6.1207270162e-02 -1.9400383383e-02 3.4610101009e-02
-3.2027012483e-02 -3.0600855536e-02 1.8090223823e-02
-7.8068393692e-02 4.9421398340e-03 4.4467384111e-02
-6.9589925325e-02 5.2422119071e-02 -1.5610239286e-03
-9.9779867191e-02 2.0585074719e-02 1.5881981950e-02
-1.8320718645e-01 -1.5004544408e-01 -5.8778262899e-02
-1.4088586494e-01 -3.1391448305e-01 -3.3252344976e-01
-2.1499538192e-01 -4.1470368316e-01 7.2603712624e-02
5.4050355536e-03 -4.0008345453e-01 1.7370907907e-01
-6.7319534146e-02 9.1257221791e-02 2.7074342818e-01
1.5663457572e-01 -4.6933430969e-02 1.5217900674e-01
6.7947994737e-02 1.4649132637e-01 2.7090483636e-01
8.2131939529e-02 -7.9294300356e-03 4.5049975311e-02
4.8858506255e-02 -4.8473415984e-02 -6.1851183448e-02
-2.9434952448e-02 -3.2607640736e-02 -1.2731124382e-02
-7.1242873580e-02 -1.3072190322e-02 1.4844244038e-02
-3.6614694475e-02 -1.9840806167e-02 3.5018956406e-03
-6.0065824743e-02 6.0996614866e-03 4.8568674714e-02
-3.7348667187e-02 1.9608179585e-02 3.9086018723e-02
-2.8362395969e-02 3.4020992380e-02 7.4559965676e-02
9.4567992105e-03 -2.7981482026e-02 -3.7577441769e-03
5.5248449219e-02 -1.1072767364e-01 -5.8274442115e-02
1.6541749068e-01 -1.4505973736e-01 3.0717653218e-01
3.9233437238e-01 -2.2349053200e-01 5.1877467095e-01
-2.3147710091e-01 4.8323848541e-01 4.6177384884e-01
2.4346653311e-01 2.7688471642e-02 4.0594661603e-01
-5.1423905505e-01 5.5038531935e-01 5.5878196208e-01
-3.3289045166e-01 2.6632974787e-01 1.0345066526e-01
8.6531963423e-02 -5.7200954807e-02 -4.5742444147e-02
-2.0531791462e-02 -4.3895063521e-02 3.0328123789e-03
-7.2368209165e-02 -2.6903102149e-02 1.8825335611e-02
-4.5281999014e-02 -3.8744020111e-02 6.7766238313e-04
-7.4177185664e-02 -2.3297028713e-02 3.7532843826e-02
-6.6033514362e-02 -1.2147085699e-02 2.7028444299e-02
-4.2326106067e-02 -7.6163648710e-03 3.7308259150e-02
-2.0095405110e-02 -8.4296373359e-03 1.7031850117e-02
-3.9552529715e-02 2.3482108943e-02 5.6265998811e-02
-3.1728361117e-02 1.8439487302e-01 4.6307407732e-01
-1.7106590488e-01 5.9922794915e-01 1.0158778614e+00
-1.0414184840e+00 1.2808559704e+00 5.1239508748e-01
-5.5378579053e-01 7.4672027840e-01 2.7122401725e-01
-1.4372545307e+00 8.9906122698e-01 -2.0586191235e-01
-9.4225273176e-01 4.5478730376e-01 -4.8459675231e-01
-1.0754704720e-02 -1.5853784630e-02 -7.8914088895e-02
-3.4262982355e-02 -3.0516774664e-02 -5.0340957677e-04
-5.4057549232e-02 -5.8022241775e-02 1.1425114689e-02
-2.6094740732e-02 -8.2639346533e-02 -3.2289524786e-02
-4.5329037831e-02 -7.1014451443e-02 2.0807241727e-02
-3.2884970872e-02 -5.8750060323e-02 -3.4842272555e-02
-2.3954503296e-02 -6.7866849401e-02 -2.2609967467e-02
-3.3147811891e-03 -7.2541733327e-02 -5.2027819552e-02
-8.4903287285e-03 -5.6607559518e-02 -2.0092701414e-02
-1.0716847243e-01 8.2434159692e-02 1.5592246393e-01
-4.3926476378e-01 5.5592678693e-01 6.1377057944e-01
-1.1427984902e+00 1.1479738945e+00 3.4767599756e-01
-9.2698461476e-01 8.6636564342e-01 -7.1485324593e-02
-7.6764411499e-01 4.4610915835e-01 -3.0692799601e-01
-3.7185722790e-01 1.0217403424e-01 -2.5398954156e-01
-1.8414314525e-03 -4.9611562351e-02 -1.3656792390e-02
-2.1408044357e-02 -6.4484939744e-02 2.0795178891e-02
3.3581396428e-02 2.1861856385e-02 2.5296484027e-02
3.6145014827e-02 -2.1937286796e-04 3.2882008419e-02
1.8780129246e-02 -1.1387233471e-02 3.6665330648e-02
2.6313827165e-02 -3.3326260516e-02 3.1313094221e-02
3.3231560429e-01 -5.8949477876e-02 2.4534030015e-01
1.1536846163e+00 1.4364882150e-02 6.5429083620e-01
1.7104807875e+00 1.3250512581e-01 7.6316106237e-01
1.8335665860e+00 1.7579273637e-01 5.9602694533e-01
2.1591800344e+00 1.5504608515e-01 1.8199710764e-01
2.3175562330e+00 1.3727242915e-01 -6.1671729065e-01
1.4928922191e+00 8.5558495688e-02 -9.1034747858e-01
1.7493644652e-01 -1.0322215624e-01 -1.6772755494e-01
-1.1910821877e-01 -1.3048878374e-01 6.0959813496e-02
-8.1260801662e-02 -1.0788634451e-01 5.3446865880e-02
-5.7307434168e-02 -7.1449772172e-02 1.1672482661e-02
2.5792737395e-02 2.6846727406e-02 1.7376846503e-02
2.3930761327e-02 -9.2683978689e-03 2.4693202401e-02
4.8557407718e-02 -3.2772776874e-02 8.0511213924e-02
2.9372140674e-01 -2.5827211655e-02 3.0233780727e-01
8.4052552519e-01 3.2019404875e-02 6.9382851867e-01
9.2967510747e-01 6.3892834799e-02 6.4329926596e-01
5.9702511032e-01 3.9564521538e-02 2.7643420001e-01
1.6780507074e-01 -2.1459200267e-03 1.8219781249e-02
-3.0916683665e-01 -8.7528852139e-02 2.4412554294e-02
-1.6144090497e-01 -7.4531802353e-02 5.8259074142e-02
3.9675412949e-01 8.4038875095e-02 -3.1087543830e-02
6.2288701283e-01 7.8810572952e-02 -2.3335158617e-01
5.0766331031e-02 -7.5746942167e-02 -7.9433170403e-02
-4.5150340957e-02 -8.4571232356e-02 1.1578035610e-02
-3.3897500532e-02 -7.5553980539e-02 4.9964246453e-03
5.0356482827e-03 4.7857938976e-02 2.3179873687e-02
3.4442207513e-02 9.2656960582e-03 7.8608862221e-02
2.3138904980e-01 1.2497083882e-02 3.3445137713e-01
5.8557136392e-01 1.0140730927e-02 5.8874678714e-01
4.1330744409e-01 -4.1120222885e-02 3.9953127500e-01
2.9351125914e-01 -4.4878054539e-02 2.0099217459e-01
2.1540983883e-01 -3.6103220898e-02 7.1658741765e-02
2.1335567873e-01 -1.6441293264e-02 3.2790140976e-02
3.9308177449e-02 -4.2554795048e-02 2.8139796876e-02
5.2246881295e-02 -2.3001512206e-03 1.3653035438e-01
5.7214291469e-01 1.2718108681e-01 2.9344449483e-01
6.7717219527e-01 1.1577084709e-01 1.0853688967e-01
2.6511926092e-02 -4.4767179788e-02 -4.7244643798e-02
-5.8169437756e-02 -7.3432159742e-02 -3.4536766344e-03
-2.9718213339e-02 -5.9071671400e-02 -1.2215372742e-02
-9.3629451119e-03 7.9463243154e-02 8.3649710312e-02
1.4064225207e-01 6.0215248567e-02 2.7565016804e-01
3.9128651116e-01 9.1059547295e-02 5.5027497629e-01
1.9631835979e-01 -3.2623347485e-02 2.2918178284e-01
-2.5993647275e-02 -1.1679721944e-01 -8.1701423286e-04
8.3242763682e-02 -9.0238459587e-02 5.7784943832e-02
7.0179839901e-02 -7.8465867324e-02 4.9711231737e-02
9.8378007008e-02 -9.6000472327e-02 4.6686147718e-02
8.0455333017e-02 -7.5014996729e-02 3.7592020275e-02
8.1206628330e-02 -3.6020604961e-02 8.6288640913e-02
1.3521841573e-01 -2.5694553748e-02 2.2953441507e-01
4.7686347718e-02 -9.1023271078e-02 1.9692725370e-01
-7.8802420816e-02 -9.4102255316e-02 2.0643278523e-03
-2.6109743371e-02 -7.9860656088e-02 -1.5952806929e-02
-1.6846919246e-02 -6.4235503967e-02 -2.1821676743e-02
3.7372273544e-02 6.3631761487e-02 2.1003013414e-01
2.6960536364e-01 9.7819231607e-02 4.7845744184e-01
8.8906791500e-02 3.2463426086e-02 2.3537705878e-01
-7.7000528123e-02 -1.0001071227e-01 -8.5882170319e-02
1.0585074042e-03 -1.1191979992e-01 1.0702422505e-02
2.7257776019e-02 -8.6051052225e-02 2.8595212805e-02
5.1989936718e-02 -9.8910941366e-02 3.1312383469e-02
6.2139267920e-02 -9.7328284487e-02 3.9714533428e-02
7.8174552394e-02 -9.1732920719e-02 3.3044718784e-02
5.8303699563e-02 -9.1181837164e-02 5.8984257650e-02
-8.4907468506e-03 -1.6609370358e-01 9.8701147782e-02
-4.7495389067e-03 -1.2682277452e-01 3.9627517127e-02
3.3758620521e-02 -6.5966631802e-04 -2.9366132724e-02
1.0338737256e-02 -2.2613120475e-02 -2.3824533348e-02
-2.2746910373e-02 -5.6467070495e-02 -2.2108175730e-02
1.8606246637e-01 1.1639300147e-01 5.0305698873e-01
2.2677562640e-01 1.3885163176e-01 4.5934372063e-01
-1.6384527986e-01 -4.8819168759e-02 -1.4197167203e-01
-7.7041222933e-02 -1.3772749026e-01 -6.7532762986e-02
4.7450448170e-02 -1.5391878953e-01 4.9298324350e-02
3.8303423232e-02 -1.2964761946e-01 1.8101015948e-02
3.5292751355e-02 -1.2119423816e-01 5.7619419252e-03
5.1341589797e-02 -1.1914463819e-01 2.0821025408e-02
6.7867722817e-02 -1.0157727270e-01 1.4067414341e-02
4.5630937781e-02 -1.0111816333e-01 1.9950704711e-02
2.0490743833e-02 -1.9343524338e-01 7.2128022936e-02
1.2908727587e-01 -9.8414088441e-03 3.1528350805e-02
2.6637929509e-01 4.3492312470e-01 -1.1503836823e-01
1.6225472805e-01 2.7821813291e-01 -1.5879340047e-01
-1.7223905868e-02 -2.2023055360e-02 -4.7753761054e-02
1.9420719011e-01 2.0960330833e-01 6.2124957331e-01
8.7170691535e-02 2.0131976804e-01 1.8286965956e-01
-7.4236284093e-02 -4.2380894060e-03 -1.7275973375e-01
2.2472988932e-02 -1.4215265734e-01 -6.1214353244e-02
3.3237478066e-02 -1.7212904233e-01 -3.1361921931e-03
1.2764737578e-02 -1.1745563180e-01 -1.6730874223e-02
8.8845025480e-02 -8.7959042926e-02 -9.9519818758e-03
1.6143121565e-01 -3.1395744238e-02 -1.8799612237e-02
1.0537942034e-01 -2.4482956591e-02 -4.1504609217e-02
6.9673373859e-02 -5.6807876270e-02 6.5822978746e-04
7.5941954682e-02 -2.5521491330e-01 2.5011117022e-01
-8.6444665597e-02 -3.8063601134e-01 1.8511932515e-01
-7.7298498342e-02 3.1465895235e-01 -1.6431964031e-01
1.6000053062e-01 4.7826397660e-01 -2.4009126845e-01
7.7539629486e-03 4.9850041992e-03 -2.2324147947e-02
-7.0566440091e-02 2.8059938239e-01 5.4039846046e-01
-2.5174536781e-02 3.1676452618e-01 2.2185032996e-01
3.8037883311e-01 -1.3291490616e-01 -1.5839535111e-01
2.8782453057e-01 -2.3867341341e-01 -1.2001889470e-01
-2.2859660185e-01 1.3817130389e-02 -3.5256518696e-02
-1.2415621841e-01 -9.8105162949e-03 3.2392969548e-03
6.1887152717e-01 -7.7837371061e-02 9.5958746294e-02
4.3350451668e-01 9.3929943917e-02 8.2595598782e-02
-3.0119445191e-01 -4.0965780883e-02 -2.0646052089e-02
-1.0101138129e-01 -1.3629309316e-01 8.8590869975e-02
2.8037300551e-01 -3.2993692174e-01 3.8613774740e-01
4.8014994808e-01 -2.6171030715e-01 -1.1692692926e-01
-3.6684624585e-01 4.5292972870e-01 -5.4897727699e-01
-1.7248544241e-01 3.9048786192e-01 -2.1619112661e-01
-2.4527933992e-02 -1.7339664280e-02 2.1597207466e-02
-4.9471015017e-01 3.6620384513e-01 6.4276709705e-01
-8.3767086869e-01 5.6263567687e-01 6.5164754749e-01
-1.0346569734e-01 1.7061634392e-02 4.9991194449e-02
3.0359576896e-01 -9.6501821108e-02 -5.2021781615e-02
-1.5779808282e-01 7.5988661342e-02 -9.1301161792e-02
-9.2903364264e-02 -3.6945135528e-02 -9.0954036693e-02
6.2459373638e-01 -1.6139199419e-01 2.3822474708e-02
1.9626395329e-01 -7.3012697945e-02 1.4838474178e-02
-5.5580257166e-01 -1.7717751574e-01 -2.7852092138e-02
-1.0763877795e-01 -1.9161153993e-01 1.3920561028e-01
-3.4033947462e-01 -3.9422903257e-01 -7.3156826081e-02
5.5702987748e-01 -1.3211887389e-01 -4.7226097292e-01
1.5197218737e-01 3.3518556579e-01 -3.6035499243e-01
-1.7947971772e-01 1.0639242292e-01 -1.0014817236e-01
-2.1126400180e-02 -6.0735720235e-02 1.9784517559e-02
-2.6036974329e-01 7.8926436726e-02 1.6809243307e-01
-9.8453008325e-01 3.5422850987e-01 2.8463298727e-01
-1.2996903102e+00 1.4388428999e-01 -2.0131875035e-01
-5.5481704466e-01 -1.1560196645e-02 -4.0812992738e-01
1.0135769304e-01 5.5147407321e-02 -1.8897526149e-01
2.1487698794e-01 -1.7383702633e-02 -6.0338084712e-02
1.5125513245e-01 -8.4949627864e-02 2.7074146432e-02
6.1504342073e-02 -1.1435426671e-01 1.3418523434e-02
6.6352232385e-02 -7.9279393984e-02 3.2139406807e-02
1.5533881547e-01 -5.3250035193e-02 1.0132080123e-01
-3.4915717049e-01 -2.1727700758e-01 -3.7583310810e-02
2.5081820424e-01 -1.7678470169e-01 1.1368111699e-01
1.5636828048e-01 -3.6535239909e-02 7.9688379341e-02
-6.4089409405e-02 -4.3328596904e-02 -1.1641203739e-02
-2.3977982519e-02 -3.8547231160e-02 -7.7795633315e-03
-4.3086115380e-02 -4.1076701049e-02 -1.0375798956e-02
-3.0450723112e-01 -2.3872695750e-02 -4.4388125635e-02
-4.3904588608e-01 -5.5948866344e-01 -7.6178029126e-01
-1.8518493924e-02 -8.0275832849e-01 -1.0835595895e+00
1.5171738447e-01 -1.2935508466e-01 -6.2727270020e-01
2.9161776211e-02 -4.1581906763e-02 -2.1299799458e-01
-9.9747048754e-02 -4.1726812203e-02 -1.2943627087e-02
-1.1512222758e-01 -3.9685953598e-02 2.0577469659e-02
-8.1871676001e-02 -2.2404502581e-02 1.7442470465e-02
-5.8727965314e-02 -1.6171927193e-02 -7.1091151400e-03
-9.9736399713e-02 -1.3900686485e-02 -5.4249605522e-02
-6.1334062691e-02 -3.6747786120e-02 -1.4282661453e-02
-5.9602726106e-02 -2.5694439297e-02 -3.1058316290e-02
-2.1388933278e-02 -4.3022506575e-02 -4.5007360973e-02
-6.5161683882e-03 -4.1951678491e-02 -1.7670329429e-02
-2.1482833686e-02 -3.4631288745e-02 5.7976011453e-03
-8.9010084924e-02 -4.7858914118e-02 -4.3457243453e-02
-1.9479777446e-01 -2.6184078430e-01 -1.6830163228e-01
1.3728417782e-01 -5.9798866792e-01 -4.2458094809e-01
5.1073738345e-01 -5.6190388410e-01 -7.4079607598e-01
8.4270167236e-02 -4.3678869317e-01 -4.6534500642e-01
-9.9626121234e-03 -3.5264431523e-01 -3.6147586334e-01
-1.0608780453e-01 -1.3362754005e-01 -3.8385354531e-02
-7.9028594305e-02 -4.1171200775e-02 4.0430706031e-02
-5.0872912789e-02 -1.8696693967e-02 -3.6360992136e-02
-4.4401811868e-03 -9.4003841446e-03 -6.8754168619e-02
3.7574887932e-02 -2.3061901786e-02 -5.4601645602e-02
3.2070985653e-02 -1.6737323983e-02 -5.3886411368e-02
-7.9018751629e-04 -1.8355069191e-02 -2.5995922476e-02
-6.6304747825e-03 -3.9741208159e-02 -2.7226325719e-03
-5.9647260972e-02 1.5516307563e-04 3.3249155825e-02
-2.4161168351e-02 -1.4256112761e-04 1.5696552954e-02
-8.9487221433e-02 1.0107256420e-03 3.0824121616e-02
-2.3139081677e-02 -1.3397687954e-01 -7.9838262497e-02
1.6956945233e-01 -2.7210019816e-01 -2.7547112817e-01
3.3980131407e-01 -5.5100259930e-01 -4.6505337213e-01
5.3726399685e-01 -8.1178553099e-01 -8.0692088474e-01
1.3115650089e-01 -2.5526820348e-01 -8.7663152343e-02
4.7586455295e-03 -4.0219888028e-02 1.6196537933e-01
-2.4943151615e-02 3.1723970044e-02 5.8150047610e-02
1.6080967503e-02 5.2116780552e-02 2.1785192524e-02
-5.4720806791e-02 1.2007471421e-03 1.4409165382e-01
9.2685385818e-03 -4.0050189544e-02 2.7971959068e-02
6.9615638524e-02 -1.7200086767e-02 -6.0851117244e-02
-1.0497992097e-02 -2.8620036294e-02 -5.3011138500e-03
-6.7620128174e-02 4.2414426081e-03 4.3091044590e-02
-2.1658599383e-02 4.7500051389e-03 3.6761841484e-02
-4.7890314160e-02 1.0374608998e-02 6.9702378906e-02
-3.1576211967e-02 2.4785183145e-03 4.9517147004e-02
-1.4861078447e-02 -1.6653391628e-02 4.0914205748e-02
7.8164003885e-02 -1.8786337724e-01 -1.7785545055e-01
2.6430860892e-01 -3.4589133783e-01 -2.4720376760e-01
2.7775887672e-01 -1.0424566033e-01 2.9584505555e-01
1.3669307107e-01 -1.2039786792e-02 4.1028620335e-01
-3.1944789271e-02 6.3864581837e-02 1.2744258939e-01
2.4202871297e-01 -1.3938451199e-01 3.4088342397e-01
-5.1119648464e-01 -1.4569663604e-01 8.5137318296e-01
-5.5749909667e-01 -7.7725181482e-02 2.6953662740e-01
9.0186678330e-02 -4.3781460709e-02 -4.0592525910e-02
2.0133938102e-03 -3.4613637322e-02 -6.5825090372e-04
-6.2802464275e-02 -1.2992969007e-02 3.1366576507e-02
-3.4377163353e-02 -2.1593460962e-02 1.4759690639e-02
-6.0559088292e-02 -1.8538698125e-02 5.5429307368e-02
-5.3279422585e-02 -8.4608846852e-03 4.8747086662e-02
-2.9718844083e-02 -3.3205063705e-03 5.8020587859e-02
-3.8522808963e-02 -3.2064219891e-03 1.5912395331e-02
1.9657397273e-02 1.0019922277e-01 1.8568500773e-01
4.1681752609e-02 3.3250854787e-01 8.0729359490e-01
-1.5576752680e-01 3.6274346681e-01 7.5513187482e-01
-1.8580434132e-01 3.1741567432e-01 6.3329925380e-02
1.6223467493e-01 1.0222257474e-01 2.3424101522e-01
-9.1178190197e-01 4.6719513398e-02 1.3308793770e-01
-1.2130110896e+00 9.2754369820e-02 -4.1382957586e-01
-3.1556900212e-02 -3.6549718891e-02 -9.6234471161e-02
-1.7063331791e-02 -2.4431151283e-02 7.7546234317e-04
-4.6100664492e-02 -5.7384943618e-02 2.2306995506e-02
-6.2059209125e-03 -6.8814599990e-02 -1.5926057435e-02
-3.6576430649e-02 -7.3426661991e-02 2.6316791823e-02
-4.2457710201e-02 -8.2755302636e-02 -3.2988209784e-02
-2.3012753494e-02 -7.4833693968e-02 -7.2635125733e-03
-2.0008480758e-02 -7.1168363242e-02 -4.9972727738e-02
-5.7466020624e-02 -2.3221447531e-03 7.8697556619e-02
-2.8259201917e-01 3.0036750028e-01 5.7526718435e-01
-1.0485358278e+00 7.8831086416e-01 1.0507292380e+00
-1.9584476548e+00 1.1059635277e+00 1.4881384029e-01
-1.4587491031e+00 7.8704834791e-01 -4.9249395191e-01
-7.6808803970e-01 2.6489735658e-01 -4.8029793633e-01
-5.2983186496e-01 6.0255910401e-02 -4.2991190201e-01
-1.5474943913e-02 -3.4946531564e-02 -4.3792524584e-02
-5.9764351626e-03 -5.0697239164e-02 1.6070999796e-02
4.4510105851e-02 4.8007301769e-02 3.8643533639e-02
3.7873118588e-02 4.9385697394e-02 7.0843471808e-02
1.9500054476e-02 3.3736473332e-02 5.8171773015e-02
3.2770547188e-02 9.2960917185e-03 6.5663925447e-02
3.6230318848e-01 -9.3146552485e-02 2.6695393914e-01
1.0549365120e+00 -2.3772873132e-01 6.0256105643e-01
1.5984178047e+00 -3.5993178937e-01 7.0117568598e-01
1.8849737895e+00 -4.5889012481e-01 5.9336465039e-01
1.9705851677e+00 -5.1401403373e-01 1.9832036454e-01
2.0062391064e+00 -4.4259370441e-01 -4.1851179431e-01
1.4862002704e+00 -2.0693626835e-01 -7.5940980801e-01
3.0213108075e-01 -1.3248221304e-01 -1.8995174349e-01
-1.0456695257e-01 -1.2246952022e-01 7.9578746267e-02
-8.3690387490e-02 -1.1634567299e-01 6.6844083925e-02
-6.1356288900e-02 -7.4180793662e-02 1.0631639658e-02
4.4919757012e-02 6.8196580075e-02 4.8885089569e-02
1.5466782237e-02 5.0220944788e-02 7.5454000459e-02
3.2995225160e-02 1.6336394970e-02 1.1029638572e-01
3.0386033567e-01 -5.1379390997e-02 3.1419497968e-01
9.2274681263e-01 -1.4514606279e-01 7.2813812629e-01
8.8465944765e-01 -1.7411487717e-01 6.1948849195e-01
4.1928215111e-01 -1.5315505101e-01 2.2631685778e-01
3.6840692395e-02 -1.3324728688e-01 4.3041969899e-02
-3.2298559603e-01 -8.9464927641e-02 4.0919236922e-02
-2.1634671182e-01 -7.8020364933e-02 1.7334495944e-01
3.5396874841e-01 -4.0661702544e-02 8.3285618503e-02
9.1982844591e-01 -1.3171624859e-01 -3.4971785637e-01
1.5011708511e-01 -1.0306143262e-01 -1.5147388063e-01
-3.2170562917e-02 -1.0533462905e-01 3.0215509012e-02
-2.3424273331e-02 -6.6461382110e-02 2.6930348028e-03
2.4136419512e-02 7.4215902047e-02 4.1110332465e-02
1.6106565038e-02 4.9904706973e-02 1.0725057718e-01
1.7854586239e-01 5.8293210686e-04 2.6344118569e-01
5.4456690760e-01 -8.5367536083e-02 4.8680974788e-01
3.4352840670e-01 -1.1117051232e-01 2.9976647241e-01
8.8592585668e-02 -7.2061995142e-02 9.3611198563e-02
1.2580879642e-02 -6.3963049535e-02 1.5797142160e-02
3.8952071949e-02 -6.9990388708e-02 3.1885005842e-02
-4.2310424820e-02 -4.0660789962e-02 4.5147472225e-02
-2.6254666725e-02 -3.5542703452e-02 1.6484416509e-01
5.1255001495e-01 -1.7340122508e-01 3.3596643910e-01
9.4625941007e-01 -3.2517499386e-01 1.8562843568e-01
1.0401639959e-01 -1.1378620195e-01 -5.8503119672e-02
-3.0754239042e-02 -5.9475579986e-02 -9.5922866518e-03
-2.7305683168e-02 -5.2326976280e-02 -1.8149570615e-02
-1.3842730484e-02 1.0163126927e-01 7.2599757544e-02
7.9261786246e-02 3.6969840044e-02 2.0484130700e-01
2.2586435559e-01 1.9566085995e-02 3.2644161325e-01
6.9701792344e-02 -3.4108709599e-02 3.8435768164e-02
-1.6647048015e-01 -1.2998822434e-02 -1.5643774426e-01
-9.1068282942e-02 -2.5292229919e-02 -6.2885117859e-02
6.9959440252e-03 -6.5711672883e-02 7.2799603058e-03
1.0035367646e-01 -1.2322379442e-01 5.0204673160e-02
1.0142109261e-01 -9.0958127919e-02 5.1187919752e-02
9.3193775470e-02 -6.1523215979e-02 6.5818726438e-02
1.9974143335e-01 -1.5657955065e-01 1.6405615796e-01
1.9117859200e-01 -3.4086452565e-01 2.6693490026e-01
-8.6755242763e-02 -1.4199089658e-01 6.4022597220e-02
-2.0894058620e-02 -6.3862349672e-02 -1.3443268120e-02
-1.9737458819e-02 -6.4705790246e-02 -2.7724612420e-02
2.0230846102e-03 5.5270525698e-02 1.2861832349e-01
9.7428191066e-02 -6.9456107726e-03 2.4645831746e-01
-1.5646139117e-01 8.2185200777e-03 -9.5737654746e-02
-2.8320546157e-01 2.9855771436e-02 -2.7630312428e-01
-1.5615219368e-01 -7.7416591958e-03 -1.2624587016e-01
-9.1597856313e-03 -5.3259902333e-02 -2.2675974771e-03
4.9910264178e-02 -9.0956225447e-02 1.6848214423e-02
7.5174229627e-02 -1.2625899539e-01 3.2882913732e-02
8.5752531078e-02 -1.0968539783e-01 2.5701662968e-02
6.0245444866e-02 -5.1704577075e-02 4.0922325002e-02
2.8694054246e-02 -6.1835690275e-02 3.5812028925e-02
5.9273460547e-02 -9.8992802487e-02 6.9388050875e-02
1.6919781175e-01 1.6102906387e-01 -1.0523368637e-02
1.5942179440e-01 1.8410248439e-01 -2.4116435844e-02
-1.1078527014e-02 -2.5913272000e-02 -3.5555240550e-02
1.1827880706e-01 2.8956965936e-02 3.5223723672e-01
-7.2914839373e-02 5.0225089391e-02 6.0882584702e-03
-5.1756237466e-01 7.5902666385e-02 -5.4577941615e-01
-2.5501472690e-01 -3.0626198959e-02 -2.0464739902e-01
-2.9419223855e-02 -1.0070052532e-01 3.4719274727e-02
2.6745989654e-02 -1.0130350405e-01 3.7358532581e-02
3.0524857764e-02 -1.0860472311e-01 2.5524407647e-02
1.0218071330e-01 -9.0709604911e-02 5.4600301521e-02
1.7111292152e-01 -3.7810790539e-02 6.0657605308e-02
1.1559865762e-01 -3.8760020608e-02 2.1684078372e-02
1.9098430370e-02 -4.6322479032e-02 1.1268867547e-01
1.4944923352e-01 1.3686516095e-01 3.5910351820e-01
5.7225041468e-01 8.9891700275e-01 1.3679900909e-01
5.3298448754e-01 8.5668023834e-01 -1.8290090914e-01
4.9157851912e-02 1.1259015199e-01 -8.1834364772e-02
1.1687657141e-01 6.1336883598e-02 3.3469282780e-01
-2.7461010947e-01 1.5605623450e-01 -5.2434992718e-01
-3.6937498295e-01 6.7056599285e-02 -5.9894406691e-01
-4.0072391539e-02 -1.0298262469e-01 -6.8677934637e-02
2.8033576179e-02 -1.2097321051e-01 4.3760762749e-02
2.3703851928e-02 -6.6174259142e-02 1.0971028045e-02
1.8185117115e-01 2.2944232813e-02 8.3000263341e-02
7.2357882078e-01 3.3186863487e-01 2.2442297503e-01
8.4155342381e-01 5.2988722547e-01 5.5274404848e-02
3.9909578976e-01 2.6095483307e-01 -8.4009709907e-02
2.3373331888e-01 -2.3586119004e-02 7.3167804471e-02
4.3838821398e-02 -5.0077928111e-01 4.1419251155e-01
-7.4747460925e-02 -3.1208760918e-01 6.0486823632e-01
1.8537755095e-01 3.4348933526e-01 1.2466964152e-01
5.0092485303e-02 8.2044611593e-02 2.7049072144e-02
-2.4952685486e-01 1.0670890778e-01 5.5443685395e-01
-4.7892500414e-01 2.1362474046e-02 7.7261367970e-02
-1.0105561936e-01 -1.4631971732e-01 -2.0403625933e-01
6.4662998870e-02 -1.5976715032e-01 -4.9820752482e-02
-3.4444916224e-02 -6.1215408649e-02 2.2001006270e-02
3.0286637376e-02 3.8820579767e-02 7.2891946075e-02
6.0528870778e-01 2.4029727760e-01 3.1049998776e-01
1.2564709242e+00 6.7837183174e-01 4.4614488912e-01
7.0298967959e-01 6.2258056101e-01 8.9394104503e-02
2.4735034186e-01 2.5397344853e-01 -3.3400341379e-02
3.1352128594e-01 2.9053953361e-02 -1.6581565433e-01
5.6566736083e-01 -3.1341886033e-01 3.5085074542e-02
1.1567558385e-01 -2.2675977220e-01 2.7894261648e-01
-7.9394568760e-02 1.1116637554e-01 2.0240492312e-01
9.9659518461e-03 1.9999441993e-02 1.4759210263e-01
-5.3866635175e-01 1.0479092431e-01 7.9263161041e-01
-7.4825452310e-01 -1.9791067398e-02 6.5451522259e-01
-4.4501146293e-01 -1.8617208690e-01 -1.8803056503e-02
-5.3574203033e-01 -1.2253686322e-01 -1.0685617342e-01
-4.2566359489e-01 4.5261495587e-02 -5.2196803485e-02
-2.4543005075e-01 7.8742312872e-02 -4.4087117110e-02
1.0462674255e-01 6.9671815730e-02 6.9352926888e-02
1.9757909338e-01 8.3953373801e-02 8.6430783510e-02
-1.4620301650e-01 -1.9304549122e-02 2.6118692517e-02
1.1220460393e-01 2.4538286378e-02 1.5755545201e-01
-4.0195810209e-01 -7.4823644115e-02 -4.9337464266e-01
1.8467049732e-01 -3.3617892244e-01 2.4666265108e-03
-7.0817241837e-02 -1.7207541458e-02 4.0982876578e-01
-3.9803000120e-01 1.3628877064e-01 -6.3287481562e-02
-3.0258505708e-02 -2.9605575766e-02 3.9507335841e-02
-8.5301812906e-02 -4.6212418134e-02 1.4276887207e-01
1.2300379193e-01 -3.5524470663e-02 1.0519330563e-01
-5.5676973056e-02 -6.7935824713e-02 -3.4821447056e-01
-4.4736421402e-01 -1.1704190772e-01 -3.5884058107e-01
-1.8918388899e-01 -1.3189602076e-02 -1.0681656847e-01
5.7383629793e-02 2.6827765908e-02 -2.0536715724e-02
-1.1795574350e-01 -9.8351135560e-03 6.8912647366e-03
-2.9166931488e-01 -8.0450402550e-02 6.1615458207e-03
-1.2454259402e-01 -5.6240939596e-02 6.6298270835e-02
2.3368414994e-01 5.8609312993e-02 1.5440991812e-01
4.1726579054e-02 -1.4550358714e-02 -1.4224922303e-01
6.6047836245e-01 -2.2836472852e-01 2.1172837533e-01
3.2315681494e-01 -1.5511019445e-01 2.8671254120e-01
-1.4879883653e-01 -3.3057319290e-03 -1.1443165178e-02
-3.5109160760e-02 -2.8063139921e-02 -1.8257689427e-02
-4.7018620729e-02 -5.6070284096e-02 4.1134371379e-02
-2.6462186630e-01 -8.7140203926e-02 2.4398283319e-01
-2.9195694505e-01 -6.3412168744e-01 -2.9363866825e-01
6.0869968553e-03 -8.2508994193e-01 -7.2271692016e-01
1.6759834016e-01 -2.9610399179e-01 -3.2697100525e-01
4.7894906786e-02 -3.7153754125e-02 -4.8956307122e-02
-9.3896907321e-02 3.3418124362e-03 3.8887914415e-02
-1.4751650542e-01 -3.5312907377e-02 6.9614400654e-02
-1.2262661712e-01 -2.2112430575e-02 5.7253516414e-02
-6.4711929158e-02 -1.9081659386e-02 3.3565138446e-02
-7.8068815567e-02 1.2962102282e-02 1.2808315339e-02
-1.7824645666e-02 3.7009885766e-02 5.8362109611e-02
-1.1675940769e-02 6.2664106323e-02 -5.5088605258e-02
-1.8224353968e-02 8.7150541352e-03 -6.4045544404e-02
-1.0566346543e-02 -3.2942149156e-02 -2.0561383605e-02
-2.2925275401e-02 -1.9954603048e-02 -3.4006899197e-04
-2.7822148187e-01 -7.1184564837e-02 6.1647236567e-02
-4.7536067638e-01 -3.1795684762e-01 2.8160950490e-02
2.1329143722e-01 -8.5939596911e-01 -4.4112999345e-01
5.8239579582e-01 -9.2774261671e-01 -6.9554633366e-01
1.8821503981e-01 -3.3361350158e-01 -3.3346256105e-01
4.5905159490e-02 -1.0145874061e-01 -8.2351734737e-02
-7.7768989666e-02 -2.9615743795e-02 3.9524203648e-02
-8.9607681078e-02 -1.9245179057e-02 3.6325496824e-02
-8.0364110715e-02 -9.6437021482e-03 -1.6954638694e-02
-2.1467038887e-02 2.4356078840e-02 -1.2999000690e-02
-3.2501407786e-02 -1.0880862719e-02 3.4268280061e-02
5.4130120778e-03 -3.3984948229e-02 -6.2706432199e-03
8.7527377514e-03 2.5029033910e-02 -3.6182342038e-02
-1.2904114179e-02 -2.2883234251e-02 -2.3065680699e-02
-5.4680499637e-02 1.6728390176e-02 3.9759460842e-02
-4.8697767707e-02 9.1772356171e-03 4.3757392874e-02
-1.4962834265e-01 2.0707774592e-02 1.9770275381e-02
1.0815042880e-01 -2.5375387866e-01 -2.3410280249e-01
3.8290744780e-01 -5.6425634505e-01 -3.8294182231e-01
1.9586548167e-01 -5.0116195651e-01 -3.6095009320e-01
1.8466814506e-01 -3.8390760195e-01 -4.1065279805e-01
4.2829017534e-02 -8.6858133144e-02 -1.0564543900e-02
-7.7719117086e-02 2.0044254121e-02 9.8606072537e-02
-5.0750055175e-02 2.9977946223e-02 3.9815473582e-02
5.2388127268e-03 6.5207676473e-03 1.0117187367e-02
-1.8670293653e-01 -3.6957089296e-01 2.8978096547e-01
-1.2896668444e-01 -4.6108137564e-01 2.3971048759e-01
6.3760893840e-02 -2.4368592476e-02 -1.5650582412e-02
-6.1696985997e-03 -1.6962773446e-02 -2.3665619084e-02
-6.7121751365e-02 1.4095408331e-02 4.2654158617e-02
-2.2761369462e-02 1.8175784844e-03 5.4535112243e-02
-5.6351453978e-02 2.0567806246e-02 5.4957506371e-02
-4.3721102881e-02 4.6286651409e-03 -1.3121296925e-04
-2.9825421287e-02 2.3778740176e-03 -3.9393265236e-02
-6.3509565035e-02 -1.1167945431e-01 -1.7618684432e-01
1.7086969207e-01 -1.9747823052e-01 -2.0998394714e-01
5.6574854352e-02 1.1530781307e-03 1.3558189975e-01
-1.1303744955e-01 3.0138861555e-03 2.1711597216e-01
-6.6962436104e-02 -1.7166480198e-03 3.8777742505e-02
8.8539956235e-02 -6.0179649668e-02 2.8410365782e-01
-3.2507446405e-01 -3.6683167971e-01 1.0110201306e+00
-5.4909641888e-01 -3.8766658028e-01 2.5373613178e-01
5.1859727639e-02 -2.6781665378e-02 -1.1400078323e-01
5.0554569480e-04 -2.7803825406e-02 -1.8303821378e-02
-7.2801989095e-02 6.3391121563e-04 5.1309978601e-02
-4.0227899185e-02 -1.1768960008e-02 5.7500183530e-02
-7.9316168546e-02 -9.4254055537e-03 8.6483558243e-02
-5.4765884165e-02 -1.2472588574e-02 8.1204048028e-02
-5.7344674176e-02 1.5999010667e-02 5.1292422148e-02
-8.4545973319e-02 5.7351206251e-02 6.3889608810e-02
6.0892788985e-02 2.4174169533e-01 3.9245386859e-01
-3.9018905780e-01 3.6222550491e-01 8.3131350338e-01
1.7597651951e-02 4.9294530892e-02 3.8118535928e-01
7.5129100273e-01 -1.1932381565e-01 -3.4929587064e-02
4.9167404778e-01 -6.1809329575e-02 1.9639169526e-01
-3.0214598054e-01 -1.5552002298e-01 1.8275251357e-01
-8.2792434660e-01 -7.1031979517e-02 -4.3287803389e-01
-6.1511901193e-02 -1.8381110144e-02 -1.5232478274e-01
-2.4872505710e-02 -2.1150453687e-02 -4.9846006029e-03
-4.6583688605e-02 -4.1344108937e-02 5.1644030555e-02
-1.4878597676e-02 -6.9055804166e-02 2.2943311466e-02
-3.9060674987e-02 -7.0344848595e-02 5.2712177836e-02
-4.0773393020e-02 -8.4184685894e-02 1.2132555382e-02
-3.0509812690e-02 -6.3762173341e-02 2.7702463105e-02
-4.0211028903e-02 -4.1934739414e-02 1.0667077808e-02
-2.0171884124e-01 8.1374302094e-02 2.8313266361e-01
-7.6425958678e-01 2.6208544012e-01 9.6551706253e-01
-1.5718532671e+00 2.3862300414e-01 1.0145789669e+00
-1.9870434613e+00 2.2848289252e-01 3.8402024906e-02
-1.6597360803e+00 1.7962885608e-01 -7.4823582535e-01
-6.9349256722e-01 -2.7944786445e-03 -5.9681572103e-01
-4.3169485863e-01 -1.8271584644e-02 -3.9618288632e-01
-2.5428635428e-02 -3.2395836157e-02 -3.4365605125e-02
-1.7140389640e-02 -4.4973563371e-02 1.3596215117e-02
7.3064073589e-03 5.8047997856e-02 6.5290242956e-02
-2.7618102991e-03 8.0747278795e-02 7.8347809348e-02
-4.4367493069e-02 6.6568951783e-02 6.2315413655e-02
9.7115896805e-03 2.3316549336e-02 1.0977172746e-02
2.1040028718e-01 -9.4555385612e-02 1.0222717711e-01
6.2669941678e-01 -3.1837651745e-01 3.2901806884e-01
1.1382425342e+00 -5.9851754563e-01 4.5151641120e-01
1.3621317647e+00 -7.5916322175e-01 3.8910781407e-01
1.3938134182e+00 -7.4829351998e-01 1.5614493598e-01
1.6416930948e+00 -6.8595017500e-01 -1.7436901847e-01
1.6101808197e+00 -4.9556519110e-01 -6.6068169627e-01
5.2506496227e-01 -2.6908173936e-01 -3.7532712537e-01
-1.1450344680e-01 -1.5951005725e-01 3.5537354912e-02
-1.0086205564e-01 -1.4591884783e-01 5.0466421338e-02
-6.5963118032e-02 -1.0743857242e-01 1.0419615153e-02
2.8118761563e-02 6.6082808794e-02 6.1366297354e-02
-6.7795061252e-03 6.0051120122e-02 7.0891777076e-02
-1.8754927389e-02 1.3526262532e-02 7.3772405759e-02
1.9927495245e-01 -6.5613623494e-02 1.6088699938e-01
7.3400675797e-01 -3.0507237130e-01 5.1156239436e-01
8.1770504739e-01 -4.2589113437e-01 5.1719178282e-01
5.4716659091e-01 -4.0685469072e-01 2.8237481236e-01
3.4807843857e-01 -3.2282000082e-01 1.2301474086e-01
9.3943946216e-02 -1.5012934461e-01 7.3966945155e-02
1.3059568851e-01 -9.3653366847e-02 1.6132170750e-01
6.1960517036e-01 -1.7039311621e-01 -2.1624471834e-01
1.0650285622e+00 -4.3550026381e-01 -8.9230043249e-01
1.8641133565e-01 -2.1656072932e-01 -2.8117246466e-01
-5.1940033010e-02 -1.4528163556e-01 2.7919419699e-02
-4.4985098395e-02 -1.1029281677e-01 1.9527257115e-02
-2.0204181064e-03 6.7140421391e-02 5.4107824025e-02
-2.6465933308e-02 5.6876901974e-02 7.5085722018e-02
8.7234575341e-02 -4.9190293812e-02 1.6530680393e-01
4.7313025169e-01 -1.7979029385e-01 3.4652803342e-01
4.0169449446e-01 -2.1191502775e-01 2.8300762407e-01
-7.0084136482e-02 -8.7200256721e-02 8.1138949340e-03
-1.3612293682e-01 -7.0718876460e-02 -1.0728393451e-02
-1.8032145662e-02 -7.8920385773e-02 4.7959035454e-02
1.3221903582e-02 -2.9434783293e-02 5.0057290124e-02
-4.0000361272e-02 -2.5473125665e-02 2.0895503857e-01
2.2770421958e-01 -2.7693194862e-01 2.5366132605e-01
9.7351909019e-01 -8.0781288174e-01 -3.8101541917e-01
3.9911422754e-01 -3.6529054823e-01 -4.7376237694e-01
2.1093581308e-02 -8.6353956684e-02 -9.1948056666e-02
-4.3917722559e-02 -7.8815767880e-02 -2.4192750617e-02
-5.0399112172e-03 6.4997463576e-02 6.0934747320e-02
4.9752728057e-02 5.3512440103e-03 1.4770035546e-01
2.5456334854e-01 -1.0262508884e-01 3.0754780172e-01
3.6978344721e-02 -4.9640875207e-02 4.3442693857e-03
-4.1445405482e-01 1.5128451810e-01 -3.6045592968e-01
-3.7569474597e-01 1.2273247834e-01 -2.5012368905e-01
-8.4098658042e-02 -4.5859600704e-02 -4.3175882930e-02
9.8272701336e-03 -8.7498325100e-02 1.2513620051e-02
3.1582843937e-02 -7.4873654734e-02 1.6391015231e-02
6.7456938267e-02 -1.4592373012e-01 7.3780082109e-02
1.1411315299e-01 -4.1078756354e-01 1.6519554124e-01
3.6078054870e-01 -9.4635296261e-01 3.7326477039e-02
4.6041176184e-01 -5.0061487266e-01 -3.6050398006e-01
2.4457802192e-01 -3.6952356495e-02 -2.0960598827e-01
-1.9674729763e-02 -7.0323140149e-02 -5.4180822339e-02
1.5534768602e-02 1.1010775870e-02 1.1998234586e-01
1.2050101364e-01 -6.0439104534e-02 2.5130019103e-01
-8.1847154967e-02 1.4904470592e-02 -3.5814932435e-02
-6.0437178399e-01 2.6500861881e-01 -5.5893074910e-01
-5.3931642103e-01 2.8795268656e-01 -4.7251103609e-01
-1.6828502162e-01 5.3771181808e-02 -1.3461054389e-01
2.3257253718e-02 -6.6629321276e-02 -6.9119088402e-03
7.2411731103e-02 -5.0309598026e-02 1.5471994896e-02
9.9507153041e-02 5.3652207033e-02 1.4269257929e-02
8.0859972450e-02 1.1458542103e-01 4.9200469885e-02
-1.4310722334e-02 -1.5938817530e-01 2.0682954203e-02
-3.9406054716e-02 -6.7088243025e-01 -1.0042061214e-01
8.4099918607e-02 -3.2894417165e-01 -5.8554243596e-02
1.9795994896e-01 1.4156073230e-01 1.6202909408e-01
-2.6439218763e-02 -2.7423361150e-02 7.3713431469e-03
6.5101333886e-02 -4.6528065236e-02 2.2798041520e-01
-1.1200337503e-01 2.3872905602e-02 -6.3495359096e-02
-6.2833651292e-01 2.4721264550e-01 -6.9607815816e-01
-6.1899105755e-01 2.7033383317e-01 -5.8532648552e-01
-1.9660013957e-01 5.5038643291e-02 -1.4995199018e-01
-8.6572721181e-03 -6.7124841100e-02 1.2304611188e-02
8.4618696688e-02 -6.7283709248e-03 6.2739944237e-02
2.9631444698e-01 1.4440479824e-01 1.7041494542e-01
5.2893080723e-01 4.1938871994e-01 1.2751101107e-01
3.8076602425e-01 4.4840190279e-01 7.8800550607e-03
1.1960031814e-02 -6.2914452423e-02 8.5910131992e-02
-1.2928200214e-01 -4.0676338125e-01 1.7727479137e-01
-2.0867243560e-01 -3.4576270514e-01 5.7869923084e-01
-1.6691491962e-02 1.5455982013e-01 4.8747741468e-01
-2.8394639425e-02 3.8244126619e-02 2.8981709994e-02
8.2115661057e-02 -5.8221842674e-02 1.4402077365e-01
-3.5520710224e-01 1.3129229514e-01 -5.8408023584e-01
-5.7315432592e-01 1.8080425528e-01 -7.2493085517e-01
-1.7008971707e-01 6.4379813650e-02 -2.0001213244e-01
3.1183423704e-02 -6.1415019084e-02 3.1200669896e-02
1.6878848165e-01 4.3564697961e-02 9.1259766353e-02
5.5498079620e-01 2.8028376618e-01 3.5148248964e-01
1.2245059087e+00 6.2584840135e-01 5.3443221174e-01
1.4352736760e+00 9.5702505246e-01 2.1968264888e-01
8.1508437556e-01 7.1123590207e-01 -8.2330986036e-02
2.9507435605e-01 7.6092665210e-02 7.4621025085e-02
4.7719957459e-01 -1.5911328324e-01 1.2896826364e-01
-9.1194912110e-02 -1.0147865584e+00 5.4728502736e-01
-2.7155496462e-01 -6.5488970794e-01 3.8536531987e-01
-3.7607210990e-02 -7.8828588396e-02 3.6318711526e-02
-1.0547290074e-01 -9.1054073458e-02 3.0721334957e-01
-4.6839958778e-01 -3.1991216318e-01 6.7504411182e-02
-3.2371382093e-01 -1.9611390019e-01 -8.3999212313e-02
9.6248376717e-02 4.2965584074e-02 -6.2526163267e-02
3.6926795691e-01 9.2701717612e-02 8.1907187079e-02
8.2457105005e-01 3.2576395111e-01 3.5877807018e-01
1.0559943889e+00 4.4832666160e-01 6.1994593052e-01
1.0904409614e+00 4.7354367106e-01 5.4262724147e-01
8.1146182643e-01 4.6365911677e-01 1.4285516167e-01
3.5907067364e-01 2.4655173509e-01 -1.1246233861e-01
-1.1754096578e-02 7.8439274516e-02 -4.3775353757e-01
8.3477055244e-01 1.8403276601e-01 -5.9112273734e-01
1.3197129012e+00 -4.6952702456e-01 -5.2482422470e-01
2.4553177161e-01 -4.6904618617e-01 -6.5719493916e-02
-1.4216679863e-02 -5.6651123653e-02 7.5403186040e-02
-2.2606232331e-01 -1.1358485860e-01 4.0686406243e-01
-4.5999087815e-01 -4.8708900679e-01 4.7258053862e-01
-4.7414824105e-01 -3.1278440385e-01 8.8182283354e-02
-3.0380718152e-01 3.5859077418e-02 -1.1478486053e-01
2.6580899793e-01 1.4839607703e-01 6.9348186317e-02
5.7656222659e-01 2.1485916862e-01 1.9886398400e-01
4.3450901316e-01 1.5988829909e-01 1.7888726807e-01
1.8132396029e-01 6.6105916700e-02 5.4064343154e-02
-1.2374160552e-02 -1.5480440278e-02 7.9017169263e-03
8.3151226345e-02 -3.3214405527e-02 6.2839256513e-02
-2.0357423041e-01 1.6335480972e-02 -4.6784180989e-01
3.0259409389e-01 -2.7553401409e-01 -1.1870459766e-01
2.3746447327e-01 -7.7702473168e-01 1.2490846228e-01
-2.6480704544e-01 -2.8467334662e-01 -2.2356900139e-01
-4.8562425308e-02 -5.6939310671e-02 9.4074017502e-03
-1.2617882281e-02 -1.1061642744e-01 2.8137210087e-01
2.8559934923e-01 -3.6702127601e-01 5.7452176353e-01
2.3494093832e-01 -2.7248076306e-01 -3.2379707098e-01
-1.3878842422e-01 -5.2340790713e-02 -2.9197811515e-01
5.6608647519e-02 4.1159565460e-03 4.0762717469e-03
9.7242350613e-02 9.1726247199e-03 -4.6636162058e-05
6.2648934226e-02 3.7673578839e-02 1.3050169943e-02
-8.4022373563e-02 3.8499433806e-03 2.4819311761e-02
-1.2916520309e-01 -4.8133955245e-02 4.6787846273e-02
8.8820626805e-02 2.0095318454e-02 9.5029934457e-02
2.3410142019e-01 9.4317239462e-02 -1.6367239235e-01
9.1388818919e-01 -4.4627584769e-01 4.8983715704e-02
5.6361192552e-01 -8.0347866344e-01 2.0229550897e-01
-1.5613459743e-01 -1.3933065273e-01 -6.0954711643e-02
-5.0249495041e-02 -3.4756320774e-02 -4.0915941042e-02
-5.5584626223e-02 -5.0455186079e-02 1.8316575668e-01
-2.8792410749e-01 -1.2196124495e-01 6.0526562129e-01
-4.7440708940e-01 -3.7261838899e-01 1.0265959581e-01
-1.0307510017e-01 -2.5561850722e-01 -2.4336983515e-01
4.2380677958e-02 -3.6866107463e-02 -8.3894931102e-02
-5.3830475636e-02 -1.0482769794e-02 -2.0269261030e-03
-7.5167541882e-02 4.6856279351e-03 2.6391742351e-02
-1.1251386664e-01 -3.2165980087e-02 5.7320272223e-02
-1.2150238634e-01 -3.2040646301e-02 5.3128117161e-02
-8.5117952863e-02 -2.4154857278e-02 2.7005922018e-02
-7.7942651296e-02 4.9158766430e-02 1.6967280525e-02
6.4740170281e-02 -2.0267871502e-01 -4.3043711172e-02
1.1096833854e-01 -3.4009235703e-01 -3.0760453518e-01
-1.9681730180e-02 -1.3933650073e-02 -2.8541938886e-01
-2.2210427253e-02 -4.8640910270e-02 -5.0191841661e-02
-2.2906586931e-02 -2.1327312842e-02 4.2151030755e-02
-3.9257802206e-01 -6.7647862307e-02 1.7040185922e-01
-9.6570891702e-01 -3.6128134817e-01 5.9851978699e-01
-3.0688840042e-01 -4.7307260340e-01 1.1273260469e-01
-2.9094831512e-02 -3.4582122446e-01 -2.0852225320e-01
-6.0044146440e-02 -6.4544440831e-02 -6.2536365616e-02
-6.2927307668e-02 -1.1046467992e-02 2.1173901950e-02
-9.4822476013e-02 -1.5505013875e-02 5.2477598093e-02
-6.0998267865e-02 -2.4173196852e-02 4.4489876250e-02
-5.6018992485e-02 -5.8254992327e-03 -4.3896288854e-04
-3.2036221696e-02 3.8826375535e-02 1.3777293225e-02
-7.6573769064e-02 -3.8038517729e-01 2.1650013275e-01
-3.6406360864e-02 -6.2702050540e-01 3.3786100882e-01
3.0117504085e-02 -9.2637295195e-02 1.3552074664e-02
-1.4742565804e-02 -4.3291723101e-02 -3.9839470081e-02
-3.4822336334e-02 -3.4110211525e-03 5.2242138304e-02
-6.9825032851e-02 -1.0776123547e-02 6.9693294576e-02
-3.1401496234e-01 -4.4798229110e-02 2.5775626933e-01
-3.4598060952e-01 -2.0070697366e-01 1.5354540490e-01
-3.3054592834e-01 -2.7892426215e-01 3.7066154862e-02
-2.2473409966e-01 -1.5102304747e-01 -1.2314980069e-01
-7.2398928066e-02 -5.5011355197e-02 -2.9269303910e-02
-7.2119802377e-02 -2.0644048962e-02 6.4334782359e-02
-8.8594280411e-02 4.0536096850e-03 7.5818030807e-02
-5.5488856174e-02 1.6634076093e-02 4.0880575064e-02
-4.4047064019e-02 -4.0683709150e-02 3.1395347700e-02
-2.1925886264e-01 -8.4904782075e-01 6.5273471117e-01
-2.2136447165e-01 -1.2889665293e+00 8.3716148412e-01
9.3075732726e-02 -2.7735113282e-01 1.4018847977e-01
-7.8875108766e-03 -2.9746416922e-02 -3.1682481395e-02
-4.5931947559e-02 1.1333958339e-03 5.1572455686e-02
-1.2590206362e-02 -1.2288602190e-02 3.7488154700e-02
-3.6387726244e-02 -4.1655349463e-03 5.5580359027e-02
-1.6024800524e-01 3.6369359408e-03 4.6700686077e-02
-2.9859197651e-01 8.7909094622e-03 4.7908861948e-02
-4.3535908594e-01 -6.7859599216e-02 1.9263601139e-01
-1.7550193938e-01 -1.0238987376e-01 2.1365342095e-01
-7.7756730313e-02 -5.4588808737e-02 1.0032779134e-01
-1.0155234814e-01 -5.2447452602e-02 1.1135179633e-01
-5.9392346574e-02 -4.8899689254e-02 4.4596220987e-02
4.4810475074e-02 -1.0050783867e-01 1.6505928133e-01
-2.5980574557e-01 -5.1348796009e-01 4.8460093697e-01
-6.4980858874e-01 -7.3430180282e-01 -3.8169090040e-01
8.3933955691e-03 -1.7919336386e-01 -3.4193202870e-01
2.8579505566e-03 -4.1784112462e-02 -3.5130788413e-02
-4.6393284785e-02 -9.8834106810e-03 5.6974286117e-02
-2.7577517517e-02 -6.0409295697e-03 4.0451344173e-02
-4.9505275808e-02 -1.6324605935e-02 6.7474927243e-02
-5.4556852211e-02 -1.3715350391e-02 5.5724847868e-02
-1.0597055405e-01 7.7610812745e-03 6.4175998370e-02
-2.9308575570e-01 -7.0151349271e-03 3.4983054043e-01
-4.6514022468e-01 5.1597015500e-02 6.2561445266e-01
-7.3706026235e-01 -3.5231903513e-02 5.7526346673e-01
3.5868874253e-02 -1.2447778614e-01 2.6119761356e-01
6.8644309848e-01 -5.0663694079e-02 9.3629403925e-02
2.5654706139e-01 -5.2836155425e-02 1.3849501258e-01
-2.9386944499e-01 -2.3959245195e-01 -1.4225202436e-01
-7.5390814310e-01 -2.2421094430e-01 -9.3798492775e-01
-1.2375435488e-01 -5.7634770530e-02 -3.2517796717e-01
-2.1514101300e-02 -3.6713717341e-02 -1.2196434095e-02
-3.4636516931e-02 -4.9398296595e-02 4.4802086485e-02
-9.5345832636e-03 -7.0532920647e-02 -3.9266276665e-03
-3.2223256280e-02 -8.8508874537e-02 4.4959384666e-02
-6.2575578864e-02 -9.8611736796e-02 1.4343118833e-02
-3.6299757248e-02 -8.8893499799e-02 2.9306486757e-02
-9.5071713887e-02 -5.1588585144e-02 2.8039132814e-02
-4.5289176004e-01 1.2716171132e-02 3.7014574379e-01
-1.2364521437e+00 -1.6669000330e-01 9.1696567241e-01
-1.6380610034e+00 -4.9153570011e-01 8.2004832334e-01
-1.6982226306e+00 -5.6360054794e-01 4.8382469482e-02
-1.4785852871e+00 -4.0078105605e-01 -5.6634923935e-01
-7.7907206615e-01 -2.9065088305e-01 -5.5750856310e-01
-3.4642092439e-01 -1.0289618986e-01 -3.1263574760e-01
-2.1782920853e-02 -4.9241482528e-02 -3.4476707911e-02
-4.7820948155e-03 -6.8445128337e-02 1.9103968237e-02
2.2768396023e-03 4.6949282671e-02 4.9022023553e-02
-2.6702509097e-02 7.7716659526e-02 7.0869741749e-02
-6.0577429456e-02 5.7183696049e-02 6.1961466154e-02
-5.9467494117e-02 4.4468737303e-02 1.4463531113e-02
1.7157226597e-02 -3.7481851349e-02 1.7083037093e-02
1.2988973814e-01 -1.2845408988e-01 6.9529420007e-02
3.6775565230e-01 -2.9634714814e-01 1.2611220898e-01
5.0927823438e-01 -4.3603677642e-01 1.4230114755e-01
6.5547583774e-01 -5.0978758088e-01 1.2982771895e-01
1.0699548870e+00 -6.5246131206e-01 3.9914926490e-03
1.3740172385e+00 -7.2592590341e-01 -5.2140249240e-01
5.3373343316e-01 -3.7786039094e-01 -4.2844272796e-01
-1.2082474391e-01 -1.3907913329e-01 -1.0795377373e-02
-1.1441628168e-01 -1.0999724507e-01 2.5990581916e-02
-9.2285460713e-02 -9.1300205802e-02 -1.0119608672e-02
4.2138527599e-03 5.0661867855e-02 4.5972025488e-02
-4.0247971475e-02 5.8393672000e-02 7.1364025472e-02
-6.0012902437e-02 9.4944303913e-03 7.2376791289e-02
1.7686547362e-02 -4.5919077070e-02 8.1207732150e-02
2.6781786352e-01 -2.2800439305e-01 2.2489894620e-01
4.6791225106e-01 -3.5366090114e-01 2.7075283351e-01
4.9013155814e-01 -4.5858689282e-01 2.3007571578e-01
4.2528642528e-01 -4.7880182551e-01 1.7726236458e-01
3.4666770657e-01 -3.8420302626e-01 1.6741794815e-01
6.0242224143e-01 -4.9105393905e-01 1.2874843695e-01
1.3147008369e+00 -9.3274243079e-01 -7.3445612063e-01
1.2537676601e+00 -9.2016762840e-01 -1.3835482365e+00
1.5865466015e-01 -2.5772890698e-01 -3.4103502004e-01
-4.4745340925e-02 -1.0967656437e-01 -1.1440760625e-02
-6.3453234665e-02 -8.8353518560e-02 -8.3231620359e-03
-1.5890317855e-02 5.6342896689e-02 3.0662271207e-02
-6.5069682938e-02 5.8800700741e-02 5.8263131084e-02
-1.2377263297e-02 -4.9674049709e-02 9.1676680050e-02
2.7932902039e-01 -1.9054856420e-01 2.2395691492e-01
4.4991082802e-01 -3.3280557360e-01 2.8328820058e-01
2.0599275998e-01 -1.8021147018e-01 1.1938045183e-01
4.3923194349e-02 -1.1250545040e-01 4.8669839475e-02
-1.2634114808e-01 -2.5511332119e-03 5.4252118625e-02
-7.6454554059e-02 -4.4163651716e-02 3.4417126500e-02
3.6715988584e-02 -2.2646587741e-01 1.2231568722e-01
1.9599665557e-01 -4.7067731775e-01 -9.5436175130e-02
8.5936626574e-01 -9.3350776277e-01 -1.0016728611e+00
7.7665080601e-01 -5.4870445487e-01 -8.6320741127e-01
1.7341164966e-01 -1.0952441987e-01 -2.2764872862e-01
-5.4053866911e-02 -6.5666077178e-02 -5.6591948363e-02
-2.8695104971e-03 5.2541749345e-02 3.3524490797e-02
9.3628497751e-04 4.0086159938e-02 8.9695292021e-02
1.7220076031e-01 -1.2701778323e-01 2.0714424471e-01
2.3192349976e-01 -1.7901378452e-01 1.8538863432e-01
-9.7813406242e-02 2.4959602500e-02 -1.1800738296e-01
-2.5534500059e-01 2.0536873396e-01 -1.8803967552e-01
-7.7587276853e-02 1.0959829692e-01 -6.5761001692e-02
-9.9330502955e-02 1.5378467948e-01 3.8212352851e-02
-2.9910704163e-02 7.9523185356e-02 -1.4698974600e-02
2.9663602895e-02 -1.8279302889e-01 7.2993831633e-02
-1.0094260395e-01 -3.4604703054e-01 2.3023240471e-01
4.5496664651e-01 -7.7610061605e-01 -2.5025839223e-01
1.7955622848e+00 -8.4923069402e-01 -1.2480879367e+00
1.0560249846e+00 -2.2895192739e-01 -8.0199761104e-01
2.8695261530e-02 -7.5679676816e-02 -1.4758489475e-01
7.9093044914e-03 4.5048098128e-04 6.9571673182e-02
4.6313841777e-02 -1.2419885359e-02 1.1824331999e-01
1.9541891658e-02 -3.5214131139e-02 4.7904659771e-02
-3.1545770135e-01 1.8960520311e-01 -2.8019430960e-01
-5.5051063707e-01 4.7984065213e-01 -4.8431159157e-01
-3.8901972564e-01 4.7424162645e-01 -2.7819832818e-01
-6.6528237552e-02 3.8293913079e-01 -2.2362469488e-02
1.6489499020e-01 6.0188384205e-01 2.2563144086e-01
2.6053644630e-01 7.3181064550e-01 2.3706815162e-01
1.4220518843e-01 5.5008245563e-01 2.1508287532e-01
-8.5533510395e-02 -1.1493894819e-01 3.0148167611e-01
2.6742304980e-02 -5.1793904548e-01 1.3536849378e-01
6.0216547271e-01 -3.1207122221e-01 -4.0454164712e-01
6.7073771223e-01 -1.2093414899e-01 -4.5349574090e-01
-3.6585925867e-03 -7.1875599741e-02 -1.1979621032e-01
1.8765858714e-02 -2.5075521878e-02 1.1663309628e-01
-5.3259846110e-02 6.5067657440e-02 -2.9344512659e-02
-3.6631949205e-01 2.2186710098e-01 -3.7868973176e-01
-5.6876506862e-01 4.7257836537e-01 -5.1304606628e-01
-3.9245289056e-01 5.7760630782e-01 -3.8791755721e-01
-6.9981760120e-02 4.5828049872e-01 -5.4284495101e-02
4.0328589444e-01 7.9377723040e-01 3.7516761853e-01
6.9166298279e-01 1.2425799932e+00 6.6539245155e-01
6.3566755846e-01 1.0269279134e+00 3.9670695975e-01
4.6857773495e-01 7.2845770108e-01 2.1148334698e-01
7.6718219439e-02 -3.7399088002e-01 3.9609785955e-01
7.2632285950e-02 -5.2772041736e-01 2.5271875905e-01
-1.1547059798e-01 -3.2935884999e-02 1.7926970847e-01
-1.0641156549e-01 1.3083374909e-02 1.8275596145e-01
-7.9424388386e-02 -4.4529062527e-02 -1.2391567269e-02
6.1465938648e-02 -1.6605363523e-02 4.1608151660e-02
-1.0134128532e-01 5.7069257696e-02 -1.7323858208e-01
-2.5220414955e-01 1.0224575804e-01 -2.5672754669e-01
-1.3877310099e-01 4.7396174538e-01 -2.3694838344e-01
2.8509471696e-02 4.2099020179e-01 -8.5688560362e-02
3.9382985742e-01 5.3340530487e-01 2.4922639837e-01
9.6401619502e-01 1.1423857293e+00 7.1405406571e-01
7.9832964756e-01 9.1452585636e-01 5.8862408678e-01
5.0547063327e-01 4.6368335350e-01 1.5799070027e-01
3.7352288654e-01 3.9651641000e-01 4.7663906993e-02
4.8401614134e-02 -1.5579919932e-01 8.7555390937e-02
6.8223058539e-01 2.8021096693e-01 -6.7110257818e-01
5.6459914933e-01 2.8396644945e-01 -8.3689007266e-01
-2.8037933226e-02 -1.5161667968e-01 -7.4371922101e-02
-5.1907753265e-02 -7.8706746818e-02 -1.1285059971e-02
7.5482692043e-02 3.9691948116e-03 -1.6303637185e-02
1.5280350066e-02 -1.1225502096e-01 -3.5665368731e-02
1.5035429683e-01 -6.1659821187e-02 4.4807116879e-02
3.2629611992e-01 3.5470098020e-01 -1.1543833224e-01
3.6778274195e-01 1.8170521201e-01 7.5545962181e-02
8.0285467684e-01 5.2017902557e-01 3.8360656886e-01
7.4765023960e-01 5.6826626057e-01 4.6653117502e-01
4.0938025010e-01 2.5689509984e-01 2.1607648124e-01
3.3324252483e-01 2.1514425646e-01 8.4249066003e-02
1.1324363919e-01 7.4537396522e-02 -1.3895675323e-01
-7.1889895116e-02 1.0212971553e-02 -8.7921912268e-01
4.8490995043e-01 1.7713265494e-01 -1.5530216352e+00
1.1304402288e+00 -2.4997552950e-01 -2.1893876689e+00
2.7608510965e-01 -2.3619624637e-01 -5.7215884016e-01
-5.0903519281e-02 -5.7366401891e-02 -1.5589047578e-02
8.0530621596e-03 1.3088075310e-02 -1.1884175047e-02
1.0474787692e-02 -1.2580704101e-01 -2.1852877607e-02
1.4463218345e-01 -1.2538016788e-01 -2.6808269833e-02
1.6931636876e-01 5.0458941574e-02 -1.2195685292e-01
1.5393105142e-01 -7.4347258035e-03 3.5532054695e-02
2.8171053296e-01 1.0802602008e-01 7.8142321558e-02
1.3327427384e-01 6.2341951659e-02 2.5151361941e-02
2.4717911212e-01 1.8530827380e-01 1.6784788275e-02
2.0821867735e-01 2.0077259697e-01 3.5774755109e-02
-3.0361910338e-02 -4.2970190752e-02 -1.3463470412e-01
1.9942208743e-01 2.0684128197e-02 -9.0384109693e-01
6.7226170681e-01 -3.1652163196e-01 -7.3237168028e-01
3.4840206659e-01 -1.1756435969e+00 -3.8271214199e-01
-4.5907768410e-02 -3.7566914355e-01 -1.8652871862e-01
-7.2029512538e-02 -5.0033999064e-02 -1.1386013106e-02
-3.6975499546e-02 -6.7546149688e-02 1.3328707833e-01
-9.6465343701e-02 -2.2621818247e-01 3.4335283796e-01
-4.2913044683e-01 -2.7270719910e-01 -3.5823194680e-01
-4.7122124341e-01 -2.2816130688e-01 -2.6083385974e-01
-2.4538186160e-01 -1.2082012035e-01 -7.6590947971e-02
-1.9241047688e-01 -8.9569894867e-02 -5.8617009121e-02
-7.1781061241e-02 -6.4919227527e-02 -1.9706355230e-02
3.1237855864e-02 3.3207048032e-03 2.7206108523e-02
-2.1462379256e-02 -4.8207165149e-02 3.3134673895e-02
-7.7600200574e-02 -6.0235800636e-02 2.8421767201e-02
2.4923123268e-01 2.2841683918e-02 -1.6471041546e-01
8.3581885462e-01 -5.9666462807e-01 4.0455981668e-01
4.1076829844e-01 -1.1102815998e+00 1.2561753205e+00
-1.6618057246e-01 -1.6050574721e-01 4.2594867221e-01
-7.7615333484e-02 -6.6976825399e-03 -4.5574294894e-02
-2.9919588525e-02 -4.9554632581e-02 7.3494689184e-02
-2.7762176421e-01 -2.1873795356e-01 1.4345577018e-01
-7.0907342214e-01 -6.0442733569e-01 2.9883077680e-02
-3.2073092834e-01 -2.6107980257e-01 -1.3575214546e-01
-5.0777851478e-02 1.6315376916e-02 -1.7380673150e-01
-1.1252277312e-01 -1.0629039421e-02 -1.8367147140e-02
-8.8716855404e-02 -2.3423133395e-02 1.3777337713e-02
-9.5225302693e-02 -5.1306903301e-02 4.0796462722e-02
-8.3521747981e-02 -7.4228287578e-02 3.7863305675e-02
-1.0127542821e-01 -6.1682148184e-02 3.8919852939e-02
-9.4232857984e-02 -1.3904760060e-02 9.4108974569e-02
1.0073437503e-01 -5.2694827232e-01 4.8791143068e-01
1.6118382313e-01 -6.5502362298e-01 7.4123132733e-01
-4.4285967323e-03 2.8103032910e-02 1.2237604078e-01
-4.0117846090e-02 -8.5824381055e-03 -6.2518241777e-02
-3.6171229162e-03 -3.5238188158e-02 1.1589395360e-02
-2.2750630681e-01 -1.6006115937e-01 8.1661838136e-02
-8.1769172967e-01 -6.2863480135e-01 5.1754165905e-01
-4.1438966906e-01 -4.4572836452e-01 9.7153203067e-02
-2.4661817217e-01 -2.1468981423e-01 -8.6489235744e-02
-1.3641214633e-01 -3.1119631560e-02 -7.6582214308e-02
-6.0987513894e-02 -4.5340829833e-03 -3.7594703217e-02
-9.6430354980e-02 -3.8606637102e-02 7.7482719525e-03
-7.9942755404e-02 -5.8064722328e-02 5.5462350055e-03
-7.8357786538e-02 -4.6506012000e-02 -6.4297094637e-03
-5.7985511742e-02 -2.2508682893e-02 2.9482769623e-02
1.3183560804e-01 -4.5779619394e-01 5.5534699812e-01
3.2855907628e-01 -6.5222335384e-01 1.0783931677e+00
1.5510780860e-01 -4.5981810206e-02 2.8349776586e-01
-2.7388500285e-02 -2.0882947164e-02 -5.2234577787e-02
-2.4838575059e-02 -2.0151939433e-02 3.0122965299e-02
-4.9180991754e-02 -3.7132031634e-02 3.9537272059e-02
-2.5827793067e-01 -1.6392339127e-01 1.9118331977e-01
-4.5213371438e-01 -3.7031283677e-01 2.3356864981e-01
-5.5897109778e-01 -5.2925005825e-01 2.5177721722e-01
-2.7446395576e-01 -2.0656890890e-01 2.2499618482e-02
-5.8470789247e-02 -5.8794979044e-02 -1.1264506111e-02
-4.5309566409e-02 -4.2005040896e-02 8.2574603522e-02
-5.8923646188e-02 -2.7153781021e-02 6.8549667060e-02
-6.1962060636e-02 -5.8940119664e-02 6.0124242243e-02
-4.6966178697e-02 -6.3848067292e-02 -1.6222190966e-02
3.0998761580e-03 -5.9234250032e-01 3.0866766711e-01
1.0292798861e-01 -8.6109147151e-01 4.0306851130e-01
1.6442284280e-01 -1.9991174525e-01 -1.1778704561e-01
-1.9913607933e-02 -2.3119512869e-02 -6.1683631876e-02
-3.4991263418e-02 -2.1842266876e-02 2.2384604274e-02
-8.6461793692e-03 -3.3891285268e-02 8.5804793275e-03
-2.1484906728e-02 -4.7653266946e-02 5.2090985797e-02
-1.2639230267e-01 -1.1655283664e-01 8.5685982797e-02
-3.4262756491e-01 -2.7361673132e-01 1.6493467224e-01
-5.3656039668e-01 -3.4601831691e-01 4.3854433611e-01
-3.3836156360e-01 -4.3857371845e-01 4.4556351951e-01
-1.2272130957e-01 -2.4661961540e-01 2.5546259574e-01
-3.7287852056e-02 -1.5998554482e-01 1.7781807415e-01
7.5399335669e-03 -1.2684460712e-01 1.5915236703e-01
2.1885329746e-01 -1.3709026347e-01 1.2238092999e-01
7.8446693515e-02 -3.7159043042e-01 -7.8071541092e-02
-5.0192348361e-01 -5.8362458974e-01 -1.3356970351e+00
-5.5834158500e-02 -1.5577730109e-01 -6.9570040781e-01
-2.5358386397e-02 -4.9377174962e-02 -6.2505266047e-02
-3.3315905644e-02 -3.0687476609e-02 5.0321332555e-02
-9.7381639863e-03 -3.6241773325e-02 5.1420122401e-02
-2.1076925327e-02 -4.3380706881e-02 7.6260069749e-02
-2.4414436577e-02 -5.1489128140e-02 7.2090765425e-02
-9.5880632995e-02 -6.5834608243e-02 9.9233808262e-02
-3.1973997732e-01 -2.3151020593e-01 4.6663504527e-01
-6.2130431072e-01 -5.6045900038e-01 8.5326069766e-01
-8.0381796503e-01 -6.1695911144e-01 6.9057778907e-01
-3.9237076724e-01 -4.9205528853e-01 4.8704130894e-01
-4.8714527431e-02 -2.9484168877e-01 2.7863658849e-01
-1.2248588823e-01 -3.3063639184e-01 8.7634219158e-03
-4.3005052114e-01 -5.0034235034e-01 -2.9523715192e-01
-5.0812245731e-01 -3.8712894103e-01 -8.7412106237e-01
-1.0989397445e-01 -9.1554103390e-02 -3.0932825885e-01
-3.1080374165e-02 -4.3084599884e-02 -2.8137474719e-02
-1.7058071171e-02 -5.8363420671e-02 3.4094570022e-02
6.2598468081e-03 -8.7077718395e-02 7.2049414425e-03
9.2824300138e-03 -1.0836665397e-01 6.3577847299e-02
-1.2271764427e-02 -1.2580967808e-01 4.0562730428e-02
7.0632142516e-04 -1.0119958155e-01 4.5989565461e-02
-6.1033127010e-02 -8.9133987813e-02 4.1913114031e-02
-3.6448581537e-01 -2.0755855177e-01 3.0740769817e-01
-9.7020141949e-01 -5.4398406713e-01 6.7358950466e-01
-1.2943128273e+00 -8.9306448028e-01 7.1775730434e-01
-1.2922438077e+00 -9.4566875842e-01 2.0732522314e-01
-1.0748967153e+00 -7.4264551181e-01 -2.5452634156e-01
-7.6365307498e-01 -4.9679018590e-01 -3.6113398184e-01
-2.6552217520e-01 -1.4907368814e-01 -1.6908079481e-01
-1.7942663339e-02 -5.1099207620e-02 -2.6379946465e-02
-1.7242865484e-02 -6.5052209670e-02 7.8715785122e-03
1.0074223254e-02 4.0739161253e-02 6.7174501040e-02
-1.5858855083e-03 5.1179464638e-02 8.3416166782e-02
-3.9762699042e-02 4.2415634437e-02 9.9092268757e-02
-3.0081183073e-02 2.1410991379e-02 3.5702171126e-02
7.3079994440e-03 -5.6327247266e-03 1.4108616588e-02
6.3877455899e-03 -8.1026042395e-03 1.7590493113e-02
2.9817950342e-02 -4.3937601735e-02 3.6276454348e-02
2.9524325359e-02 -6.4199669310e-02 2.9079926226e-02
1.4099729450e-01 -1.2870749508e-01 5.9410948034e-02
2.8031836633e-01 -2.5778651821e-01 6.3854559517e-02
3.7795824810e-01 -3.7637546233e-01 -1.0666420094e-01
5.9126430830e-02 -2.2823753124e-01 -3.0652022015e-02
-1.4199662696e-01 -1.2367489297e-01 9.1162747399e-02
-1.3080859846e-01 -1.3533177356e-01 5.5160469063e-02
-1.0371400335e-01 -1.1661750397e-01 1.6664135308e-02
1.5463688250e-02 3.9459858590e-02 6.5238564816e-02
1.8363471500e-03 5.0692682924e-02 7.6324783819e-02
-2.7415763901e-02 1.9940098838e-02 1.0401744276e-01
5.5455196039e-04 -1.3088811393e-02 6.0112494624e-02
5.5127840703e-02 -6.5157960593e-02 7.9350689156e-02
7.6653953026e-02 -8.6972160586e-02 8.4679908563e-02
1.0615077200e-01 -1.4902497544e-01 9.9112523308e-02
2.3426992341e-01 -2.6661868331e-01 1.0404141364e-01
3.7469801471e-01 -4.3446145429e-01 1.7378150285e-01
6.7874560751e-01 -8.3795636127e-01 9.7581226255e-02
1.1055876152e+00 -1.3360169931e+00 -5.3608972189e-01
6.0325054132e-01 -8.4110638707e-01 -6.3544581331e-01
-4.7774515573e-04 -1.9506989773e-01 -3.0275554881e-02
-7.7301238448e-02 -1.2455599745e-01 4.3289430732e-02
-5.1336983381e-02 -9.7562576355e-02 1.7182037174e-02
-1.5587763214e-02 5.1301901747e-02 5.4111949965e-02
-3.6546371293e-02 5.3746124974e-02 7.9660083397e-02
-6.7898492986e-02 1.0053456614e-02 9.9491869409e-02
5.6306490398e-02 -5.3305661981e-02 1.0318118823e-01
1.4842213620e-01 -1.2447724218e-01 1.3064437349e-01
1.0416598111e-01 -7.7125499809e-02 8.2225104141e-02
5.9154729291e-02 -4.6957264144e-02 5.4551146503e-02
8.9217231739e-02 -1.2422573992e-01 8.0329714975e-02
1.8990701869e-01 -2.6303951283e-01 8.6373932703e-02
2.8225638197e-01 -6.1200667464e-01 1.1820476260e-02
6.2180897262e-01 -1.1450643432e+00 -5.2220367650e-01
7.1301417052e-01 -1.0025996080e+00 -7.9989362662e-01
4.1388172281e-01 -3.6131568201e-01 -3.3576741236e-01
4.1658015355e-02 -1.3424827704e-01 -8.4917846187e-02
-6.6219167551e-02 -7.3573414063e-02 -1.9553960605e-02
-2.7539122694e-03 5.1362272791e-02 4.4563395091e-02
-4.6507442411e-03 4.6702186588e-02 8.3007955443e-02
7.1080668051e-03 -3.1673652661e-02 9.9137623246e-02
1.1340590577e-01 -9.5706740820e-02 1.0916405214e-01
8.1472975129e-02 -5.2911966305e-02 5.1123770339e-02
-5.1843521025e-02 7.6166412301e-02 -4.5491066175e-02
-7.7598879119e-02 2.2993771038e-01 -3.3306457813e-02
2.1945221569e-03 2.8214111829e-01 7.4261286122e-02
1.2865761138e-01 1.1552126376e-01 5.3589559076e-02
1.4045756119e-01 -2.5617518720e-01 3.0482789747e-02
1.3355962340e-01 -3.4302465716e-01 3.3336060093e-02
8.2217162661e-01 -6.3662918086e-01 -4.1746375792e-01
1.5925679431e+00 -7.5343217323e-01 -9.4782479198e-01
6.1721334077e-01 -3.4635757027e-01 -5.4213727503e-01
-2.1311650458e-02 -9.7614285881e-02 -9.2114076031e-02
8.8073774190e-03 2.0333960476e-02 7.9646987928e-02
1.4377121083e-02 4.6618034577e-02 5.2507459493e-02
-4.1488380810e-03 1.6237039010e-02 3.7811893727e-02
-1.3354303547e-02 -3.0411656648e-03 1.3635913729e-02
-1.4210571583e-01 2.3755225402e-01 -1.0957562844e-01
-2.0006840663e-01 5.7374295758e-01 -1.5513086678e-01
2.8313391370e-02 7.9074808741e-01 6.1566718451e-02
2.7537973853e-01 9.9971920114e-01 3.5726687932e-01
2.5334025281e-01 7.1609214752e-01 2.5121141394e-01
1.9926473811e-01 1.9474173666e-01 1.3964712256e-01
1.7435854736e-01 -1.1997912831e-01 1.0744321902e-01
6.0003701563e-01 -5.8849552823e-01 -2.4726194723e-01
1.0503751930e+00 -1.8782446044e-01 -7.7005097195e-01
4.4384960672e-01 -1.0483693704e-01 -6.9950769618e-01
-3.1808749342e-02 -9.5591143378e-02 -1.4393486840e-01
2.2511341595e-02 -1.6011653685e-02 9.7492281639e-02
-1.9274859562e-02 3.2125561540e-02 -6.6329306115e-03
-8.2012197465e-02 -2.2421419764e-02 -1.7358169066e-02
-6.8893814317e-02 9.9312045980e-02 -3.9471715634e-02
-7.3753310596e-02 7.2999568105e-01 -1.9945917760e-01
1.1252676537e-01 1.0073944761e+00 5.1565875167e-02
5.5355564606e-01 1.2023283423e+00 5.0324063398e-01
5.6823258452e-01 1.1463771908e+00 5.7744077369e-01
2.4434657202e-01 4.2870691206e-01 2.1033046924e-01
9.2450481770e-02 7.2295394231e-02 4.1171926521e-02
-1.3539244520e-02 -4.8695034270e-01 -1.3150635345e-01
4.9972387776e-02 -9.0194238380e-01 -3.2931308466e-01
-3.3023575753e-02 2.7746220516e-01 -5.5745965019e-01
-1.1336628244e-01 3.5272888782e-01 -4.6008175733e-01
-6.8836052898e-02 -4.2058795592e-02 -9.2006941040e-02
4.9920498334e-02 -3.3774670188e-02 1.0074145701e-01
4.1243958407e-02 -4.6744202894e-02 6.6262455233e-02
7.5056195679e-02 -7.4189484232e-02 1.4375633238e-01
1.6963687717e-01 5.0403800811e-01 9.5243381878e-03
3.4625147911e-01 8.6654825179e-01 1.1105264194e-01
5.3488081364e-01 8.9346648443e-01 3.6737153876e-01
6.1803852346e-01 1.0104195390e+00 4.7576907248e-01
4.0371359925e-01 6.6969420059e-01 2.6076881808e-01
2.0927406742e-01 1.8730736309e-01 2.2756383546e-02
1.9417944233e-01 1.9501198167e-01 -7.1678031499e-02
-3.6330499926e-02 3.8875497417e-03 -6.6362970601e-01
-4.2782053175e-04 -5.4091119800e-01 -1.2114036497e+00
-2.2392216043e-02 -1.4888872475e-01 -1.4536939155e+00
-8.2276759105e-02 2.1303891923e-01 -3.8376474709e-01
-3.9421855479e-02 -4.1882388616e-02 -2.3337436040e-02
4.7650478347e-02 -2.0944190885e-02 6.3268941875e-02
1.3682658326e-01 -9.7441587557e-02 1.4905597103e-01
3.2615132252e-01 -6.5507347985e-02 3.0998029917e-01
3.4094979318e-01 1.2698184691e-01 2.7266104494e-01
3.6219696749e-01 1.8471931002e-01 3.3666124611e-01
4.5695454440e-01 5.0760244069e-01 2.3841086121e-01
3.4966085605e-01 4.8501938942e-01 1.9927465323e-01
2.7782178702e-01 3.2745790161e-01 5.9278827253e-02
4.2673074694e-01 3.5290340086e-01 9.0163386547e-02
3.9201977306e-01 3.1920615050e-01 -1.0217656756e-01
2.7150436873e-01 2.3144599761e-01 -8.2832904529e-01
-2.8951027620e-01 -7.9336240961e-01 -7.8251774864e-01
-2.4092774517e-01 -1.2124140492e+00 -1.8018827677e+00
2.2270089332e-02 -1.4426982833e-01 -4.3966136600e-01
-4.5100050707e-02 -5.5873731822e-02 1.2943131381e-02
1.4713005201e-02 -2.9252357021e-02 4.9870893249e-02
1.9029773796e-01 -1.8058868714e-01 1.8869765013e-01
4.6653296631e-01 -6.0947484985e-01 6.9949937181e-01
1.2563766559e-01 -3.4353168903e-01 2.7159610346e-01
-7.8026964941e-03 -4.6579246338e-02 -4.0777235996e-02
1.3885831391e-01 1.0592098424e-01 -1.6324708514e-02
7.2040323341e-03 9.3060015674e-02 2.1037872535e-02
9.8032590733e-02 1.1714820486e-01 3.4903121460e-02
2.0506014480e-01 1.8553964233e-01 5.9025008829e-02
1.3948910324e-01 9.2896223612e-02 -2.2673535721e-02
2.5947356433e-01 5.9070078734e-02 -3.5002986133e-01
2.3253335772e-01 -5.3795668769e-01 -4.1513223024e-01
5.4927967864e-01 -1.0393822967e+00 -1.4315691757e+00
1.9982865485e-01 -2.3923354849e-01 -6.0272952319e-01
-3.8298936189e-02 -5.0072202144e-02 3.7792253351e-03
-1.0176224315e-02 -4.5613339411e-02 5.8500980757e-02
-2.9817061330e-02 -3.1870252417e-01 2.3242580391e-01
-1.6823209723e-01 -8.9024111666e-01 5.3891375470e-01
-1.4577907204e-01 -2.1407028666e-01 -6.1481590722e-03
-1.7737688632e-02 5.6987531080e-02 -3.5879194327e-01
-6.2542382789e-02 2.8736599640e-02 -1.5034093334e-01
-6.7243392881e-02 6.3219166477e-03 -4.0819186476e-03
-5.3632329584e-02 -2.7025054879e-02 3.3940184773e-02
-3.2829808981e-02 -5.0498775863e-02 4.2513959173e-02
-7.5634096081e-02 -5.1837045940e-02 6.5805389415e-02
6.8176397848e-02 1.5006337156e-02 7.5990400517e-03
5.4709392127e-01 -2.4555040320e-01 -6.4731129757e-02
7.4907469478e-01 -5.0392541968e-01 -2.6790623456e-01
1.4109411743e-01 -8.4540698861e-02 -2.9988082112e-01
-5.0545078769e-02 -2.4179638323e-02 -4.6622808069e-02
8.5793169102e-03 -3.5191109187e-02 3.4260867481e-02
-8.3302977651e-02 -2.0761905035e-01 6.7533113574e-02
-4.3983682067e-01 -6.5968615878e-01 2.6546682215e-01
-2.6298440142e-01 -1.7394362610e-01 -1.3205086844e-01
-1.6164141291e-01 -4.7620092615e-02 -1.5735677995e-01
-6.1704221326e-02 3.6191961526e-02 -1.0097637448e-01
-3.5833002750e-02 5.8470578630e-02 -7.2350048680e-02
-5.5606750781e-02 -1.7481114746e-02 2.8598108742e-02
-4.6303492318e-02 -3.3595379788e-02 4.6614825324e-02
-8.3310586944e-02 -2.1130413308e-02 3.0619276731e-02
-9.5335443343e-02 1.4129706558e-02 7.0833453151e-02
4.0369690865e-02 -2.6786732581e-01 3.5588226456e-01
2.8169419161e-01 -3.0075888824e-01 5.4846802992e-01
1.6255231432e-01 1.2014648637e-01 -6.5391274694e-02
-1.1154229066e-02 -1.3499000569e-02 -5.7280172346e-02
9.0428262283e-03 -3.8148387058e-02 2.4313345501e-02
-1.6954762372e-02 -9.7732855526e-02 4.7118916589e-02
-2.7647078188e-01 -4.0074444617e-01 2.0739658468e-01
-3.2357548994e-01 -4.3865722356e-01 3.2542198112e-02
-3.0644084985e-01 -3.2153784300e-01 1.9092206443e-01
-1.0711417745e-01 -7.1028988853e-02 -1.5324301566e-02
-8.8890157942e-02 -5.0679257893e-02 -1.3915001070e-01
-4.5491033487e-02 -3.4462375227e-03 3.0918436196e-02
-2.2343293434e-02 -1.8491079482e-02 4.9867088035e-02
-6.5231400934e-02 -2.2152817413e-02 8.7958841742e-03
-3.1070020722e-02 -1.7934623595e-02 -2.4425729802e-03
1.3621104633e-01 -2.9817590866e-01 6.8471950223e-02
2.9004781163e-01 -3.5340600102e-01 -2.0950566756e-01
2.3750637663e-01 8.9713950920e-02 -3.5272506904e-01
-4.8138765200e-03 -1.7333533667e-02 -6.3439154056e-02
-1.4571904714e-02 -3.5416764060e-02 2.4514073324e-02
1.6084864800e-02 -4.1344479737e-02 1.2307414711e-02
-5.2656823753e-02 -8.0155668791e-02 4.1062905990e-02
-2.0184556515e-01 -2.3050343806e-01 1.5270349638e-02
-3.5273412250e-01 -3.8912458260e-01 1.6391023664e-01
-2.2481682059e-01 -3.7942728039e-01 2.3423269044e-01
-1.7636119817e-01 -3.6836473524e-01 2.2473291913e-01
-3.6426485194e-02 -1.7476592110e-01 2.3412536527e-01
1.6479017783e-02 -7.7012081628e-02 1.8919852632e-01
-7.5980434215e-04 -3.3060484252e-02 1.2667507412e-01
1.1052748281e-01 -1.5630175368e-02 5.2042502077e-02
2.2386179873e-01 -2.8252164578e-01 -5.9542738791e-04
-5.4252051556e-02 -5.9549481074e-01 -1.2182877916e+00
4.1118271694e-02 -1.4208913905e-01 -8.7905697503e-01
-1.9596369747e-02 -3.1255684787e-02 -7.9682558005e-02
-2.0338044949e-02 -3.7117831302e-02 2.7753958180e-02
8.9471282155e-03 -4.4349942315e-02 6.9165340814e-03
-8.6341633608e-03 -4.1728458823e-02 4.4240399766e-02
-2.4096787478e-02 -5.7253200057e-02 3.3085764538e-02
-1.1430162096e-01 -1.6752201795e-01 1.3347648568e-01
-3.1394910188e-01 -3.6549422036e-01 3.6505055095e-01
-5.4018905627e-01 -6.9491305596e-01 5.7061503267e-01
-4.2474881700e-01 -6.5810224077e-01 5.6253648638e-01
-2.1480045936e-01 -5.1450540313e-01 4.5199106572e-01
2.0819830776e-02 -1.9694140479e-01 2.8321468733e-01
8.1139037685e-02 -2.5487038160e-01 2.2077432714e-02
-8.4834942434e-02 -5.6821621360e-01 -1.1957505351e-01
-3.6434002590e-01 -6.1451115711e-01 -1.2478410740e+00
-1.3571173654e-01 -1.8813345927e-01 -6.5291765994e-01
-1.8981839988e-02 -5.8837805550e-02 -4.3979420074e-02
-1.2971878652e-02 -4.1032779999e-02 3.9462211650e-02
6.4044243934e-03 -4.2591672369e-02 3.4042707216e-02
-1.8612504995e-02 -4.5595608974e-02 6.9523546576e-02
-6.4699205603e-03 -5.0851271353e-02 5.5672477478e-02
-1.7875310806e-02 -4.3042011919e-02 7.3704209607e-02
-1.7998281343e-01 -1.5759793309e-01 1.6933057967e-01
-4.9715040192e-01 -5.4240283670e-01 5.5955889447e-01
-7.6891313274e-01 -8.8901903552e-01 8.0823626741e-01
-8.2657362417e-01 -1.0301460375e+00 6.9247894536e-01
-6.6465925755e-01 -7.9791905276e-01 4.6266589818e-01
-5.1431694727e-01 -7.5681751040e-01 -4.7837067466e-02
-6.6075326313e-01 -9.0515841793e-01 -3.0352848996e-01
-3.5297173477e-01 -4.5147629691e-01 -5.0481701451e-01
-6.0494385351e-02 -1.1757164655e-01 -1.5280908553e-01
-1.6198659432e-02 -4.9446601476e-02 -1.9640653859e-02
6.1512807809e-03 -6.9437869029e-02 3.6286661127e-02
3.0685528740e-02 -7.8559412111e-02 6.9824925648e-03
1.6684435041e-02 -9.0857309415e-02 6.8408795389e-02
1.3745795549e-02 -1.0425594065e-01 5.1612651548e-02
2.4132932302e-02 -9.6316359884e-02 4.7954660320e-02
-7.8186677685e-03 -8.6074876141e-02 -1.4498511891e-02
-1.2183441361e-01 -1.6674279607e-01 1.2279534198e-01
-4.4599245949e-01 -4.3206124873e-01 3.1433279889e-01
-7.0909339524e-01 -7.6192748644e-01 4.0663779245e-01
-7.6232792163e-01 -8.6984934867e-01 2.2633438501e-01
-5.8012460187e-01 -6.6583322942e-01 -3.6366749289e-02
-3.3985691938e-01 -3.7574751404e-01 -1.0117953781e-01
-6.3704304063e-02 -9.9165371081e-02 -2.5615780333e-02
3.4052750802e-02 -3.8012268931e-02 -7.4960748681e-03
1.3254331980e-02 -6.3902584317e-02 6.9879907089e-03
1.1725475994e-02 1.4503408513e-02 8.8492964235e-02
-1.0699988430e-03 2.2224532894e-02 1.0341308630e-01
-1.4834311786e-02 1.0647578223e-02 1.2427455171e-01
-3.2252395639e-02 -5.6291987281e-03 7.6779770538e-02
-1.0448813420e-02 -1.8370859457e-02 6.4506639544e-02
-4.7141103229e-02 7.2161448643e-03 4.7623923655e-02
-3.3992632158e-02 -4.4175236953e-03 5.8339433104e-02
-7.3091958971e-02 1.8294796284e-02 4.7554782196e-02
-5.8688789666e-02 1.9197086298e-03 6.0876733443e-02
-9.2355697744e-02 1.3020856609e-03 9.2573447021e-02
-7.0263761374e-02 -3.4994357066e-02 9.5044096108e-02
-1.1414874274e-01 -2.4383407268e-02 1.1851289053e-01
-1.3870777985e-01 -7.0809750163e-02 1.6742172140e-01
-1.1653494203e-01 -9.6203100363e-02 9.1162898928e-02
-1.0944669591e-01 -7.0720825003e-02 3.0842069393e-02
1.1636629968e-03 2.6129331112e-02 9.1580224319e-02
-3.3515669162e-03 1.6444677045e-02 1.0131498667e-01
-2.4964478405e-02 -3.4069986905e-03 1.1848244239e-01
-3.2423525654e-02 -1.0908541062e-02 8.2189626180e-02
-2.3433771532e-02 -3.9523483054e-02 7.8345641989e-02
-3.3347948731e-02 -1.7978747948e-02 6.9255744121e-02
-4.2816966097e-02 -4.4176855869e-02 7.3148270651e-02
-2.6151642648e-02 -6.6091164389e-02 5.4481057808e-02
2.6891595708e-02 -1.4248212384e-01 9.0171216955e-02
5.5048243688e-02 -2.7395779256e-01 9.4084179554e-02
1.0591868511e-01 -3.6675297820e-01 -7.3513036424e-03
-1.4821633466e-02 -1.8053330568e-01 -3.7501865268e-03
-5.5776986163e-02 -7.8412255888e-02 1.4702839401e-01
-5.1625637740e-02 -8.4173259773e-02 9.8484226888e-02
-4.7278314006e-02 -5.3122895363e-02 3.1572141364e-02
-2.1085468866e-02 3.5608978173e-02 7.6310506463e-02
-4.5182258983e-02 3.0320530667e-02 9.6277324168e-02
-7.8264154653e-02 4.5309078481e-03 1.1292329686e-01
-3.9628115209e-02 -1.6901383826e-02 7.8757857820e-02
-1.8038354878e-02 -2.4876956310e-02 6.2581539895e-02
-4.3282793672e-02 -5.1434877539e-03 5.2511949414e-02
-1.2359635964e-02 -4.3582550756e-02 5.5665252730e-02
4.0192471082e-02 -1.3917121480e-01 6.8022021955e-02
2.0607780019e-01 -2.9167975377e-01 9.1473376501e-02
3.1870408288e-01 -6.1197244106e-01 3.3057687966e-02
4.6551520371e-01 -7.8749932347e-01 -1.7627553540e-01
5.1242443778e-01 -2.7044169442e-01 -2.1764357185e-01
2.3163185934e-01 -3.9989544141e-02 -5.7117018447e-02
-2.2549224017e-03 -4.9425274996e-02 9.5046001287e-03
-7.0594724508e-02 -3.3944752518e-02 -4.9259229508e-03
-1.8206009575e-02 4.2752973467e-02 6.4650016146e-02
-3.2169945102e-02 2.8519131232e-02 9.2332292959e-02
-4.7945418644e-02 -1.4569589031e-02 9.1909180544e-02
-1.5000660597e-02 -1.8640034132e-02 5.4723855725e-02
2.3141676276e-02 -6.8718885300e-02 4.8319185170e-02
7.6460706811e-02 -1.0163657062e-01 4.3501672118e-02
1.1939715999e-01 6.6557725578e-02 8.3688775956e-02
3.0712969977e-01 2.4679866360e-01 1.9481804649e-01
5.6137897141e-01 1.0774112984e-01 2.6199141917e-01
6.4600679806e-01 -4.0929382309e-01 2.3517132500e-01
9.3778767269e-01 -5.1819431318e-01 7.5098571220e-02
1.5645579703e+00 -1.9928045260e-01 -5.6403158115e-01
1.3560503452e+00 -3.9289482916e-02 -1.1363384732e+00
2.7313020094e-01 -9.8659298287e-02 -3.5422167048e-01
-4.1212452478e-02 -4.4770541138e-02 -5.8590435400e-02
-3.9404614631e-03 1.1193066561e-02 6.8888539018e-02
2.1802073192e-02 -1.0261530975e-02 9.6009385060e-02
-2.3926642343e-02 -5.5473320929e-02 1.0064443191e-01
2.8923350006e-02 -1.1962071050e-01 1.1936937014e-01
8.7317218198e-02 -9.7112045868e-02 1.0671934189e-01
2.4547385172e-01 2.0225485765e-01 1.4483262275e-01
6.5503247117e-01 4.5625076856e-01 4.4052461855e-01
9.8660209663e-01 4.8679179710e-01 5.5873790509e-01
9.1727485224e-01 2.0011405563e-01 3.3209780328e-01
8.0542791609e-01 -2.2229628946e-01 2.3298913408e-01
7.2014543050e-01 -3.3575435541e-01 -1.3353582407e-01
6.7618460008e-01 -8.4535756229e-01 -7.7137128060e-01
1.2103203970e+00 -6.9939857433e-01 -1.5106886702e+00
6.0675091717e-01 -8.5476964026e-02 -1.0851532182e+00
-1.4672183736e-02 -2.6601843569e-02 -1.7302408085e-01
3.2665467035e-03 -1.3455360016e-02 9.7415400974e-02
1.4777037739e-02 -4.7651272927e-02 1.0431424577e-01
2.3858906002e-02 -1.6629422056e-01 1.6444207787e-01
1.4239668007e-01 -1.5381062825e-01 2.0401928409e-01
3.5251048729e-01 3.8538479899e-01 2.7820051406e-01
8.5419726362e-01 5.9947665196e-01 6.6694657885e-01
9.7396846529e-01 4.5507441322e-01 6.8538494397e-01
5.2959212160e-01 1.7018673107e-01 3.0144294546e-01
1.7556109966e-01 -3.1565734320e-02 6.4669926037e-02
3.5079770997e-02 -1.9910186545e-01 4.9673553371e-02
-7.5262993590e-02 -5.2534599120e-01 -6.0687976031e-01
-4.3217061719e-02 -1.4462885325e+00 -5.2189033021e-01
3.1263359074e-01 -5.6515383551e-01 -8.4249274692e-01
4.1070031365e-01 6.0721938601e-01 -1.6775390025e+00
-5.8282891776e-03 6.5266257149e-02 -3.3593332962e-01
1.4725787290e-02 -4.0761314183e-02 1.0034142239e-01
5.8162911120e-02 -7.4844498043e-02 1.1739254035e-01
6.3824016362e-02 -1.6397535589e-01 2.0816653661e-01
3.8405977233e-01 1.3506439320e-01 3.4956599440e-01
8.6743071634e-01 3.4709455642e-01 8.3365072030e-01
8.1596084360e-01 4.1757737398e-01 7.4059299752e-01
2.7303097735e-01 3.4284309891e-01 1.9708410228e-01
5.5071535819e-02 1.4657333110e-01 -3.1680922995e-02
7.1331224307e-02 7.9658722985e-02 8.3624715831e-03
1.6465723540e-02 6.9683291089e-02 -5.5442526783e-04
-3.0905569687e-01 -1.7472645268e-01 -6.5629762394e-01
-4.7814444116e-01 -1.7014034594e+00 2.4321013909e-01
-4.1820174820e-01 -2.2633851213e-01 -4.9291041781e-01
-2.7660168328e-01 1.2068785127e+00 -1.2861163324e+00
-6.1956295189e-02 1.7757283586e-01 -3.1276523852e-01
1.1572422902e-02 -3.3236231195e-02 7.9339519542e-02
5.5545081157e-02 -8.7075378696e-02 1.2816342354e-01
5.4702172479e-02 -1.7559599898e-01 2.5687855530e-01
3.8735623599e-01 -2.7375487727e-01 7.1118425238e-01
5.6589102065e-01 -2.0327446725e-01 7.1502529009e-01
2.4463617352e-01 3.2069367660e-02 1.2832957562e-01
5.0269085674e-02 9.1983828999e-02 1.5624633645e-02
4.3675126172e-02 1.3300191838e-01 1.1088532415e-02
1.4113212434e-01 1.2560228549e-01 3.6996544699e-02
1.0540519733e-01 1.1941822897e-01 2.6140597917e-02
-5.8325286928e-02 8.0636661097e-02 -3.2609986693e-01
-6.1919103069e-01 -1.0475205557e+00 1.4266687342e-01
-4.2744336383e-01 -6.6628181306e-01 -2.8286193818e-01
-2.5719357805e-01 3.7307755014e-01 -2.7820892396e-01
-8.7044473604e-02 1.4387426272e-01 -1.3097399398e-01
-1.0348038587e-03 -3.4884592850e-02 6.7627609193e-02
3.3059886151e-02 -1.3318199325e-01 1.4901381248e-01
1.4578200366e-01 -5.1363505689e-01 5.4700471965e-01
1.7436282365e-01 -4.0137362434e-01 4.4315785853e-01
8.7803791660e-02 -1.0866772373e-01 -1.1361957935e-01
1.6191295063e-01 4.3931240823e-03 -3.2309523941e-01
1.0104668010e-01 1.2877344104e-01 -9.7977414043e-02
-2.8921173018e-02 2.8414309099e-02 -9.3110018920e-03
-7.4465169104e-03 3.4483513753e-03 1.3713047203e-02
-4.3884858351e-03 -2.9990672638e-03 5.9952674133e-02
1.0783344854e-01 1.2449694641e-01 -1.5330092997e-01
2.7717204170e-01 -3.4286972579e-01 -8.3940586293e-01
3.4155630668e-01 -9.1621335999e-01 -9.5555067831e-01
7.3182558147e-02 -1.8395929917e-01 -2.4624401702e-01
-4.4843104078e-02 1.0020907527e-01 -6.6885872433e-02
3.8235338668e-03 -2.2943295355e-02 5.1053828717e-02
-6.1406856655e-03 -1.3424751339e-01 1.3047588083e-01
-2.1712113185e-02 -4.7336434349e-01 4.2444056514e-01
6.2181766054e-02 -1.4719692525e-01 -2.4820587142e-02
7.2407780045e-02 1.0101162336e-01 -5.6904804604e-01
4.0502195151e-02 2.2081487335e-01 -3.8089732899e-01
2.6604897832e-02 2.2159950481e-01 -2.0045530110e-01
-5.1367069682e-02 2.6066980913e-03 -4.2040154581e-02
-4.7130821500e-02 -5.3926659075e-02 3.9208146046e-02
-9.7295609793e-02 -3.1645683546e-02 5.2372856486e-02
-1.6362186359e-02 6.1625629784e-03 2.4825593814e-02
2.5013512310e-01 -2.5907783711e-01 -4.0563996724e-01
6.1090028909e-01 -5.5681705785e-01 -1.3493498672e+00
3.3836678374e-01 -1.2038028745e-01 -8.5134038987e-01
-2.7935999114e-02 4.4065117542e-02 -1.2329485473e-01
9.4418368401e-03 -2.1765157959e-02 5.4525824405e-02
1.0360906373e-02 -5.4148996884e-02 6.1499722344e-02
-5.4437202148e-02 -1.5582242564e-01 8.8839667426e-02
-7.9337280922e-02 -1.4962948156e-01 -1.5899451429e-01
-1.2651310174e-01 -1.7884621308e-01 -1.6657611618e-01
-7.4882078676e-02 9.5987578676e-02 -1.4616398016e-01
-1.3427336619e-01 1.3701674366e-01 -2.4175532861e-01
-6.5692910445e-02 4.4471247489e-03 -3.8462054668e-02
-2.8232814127e-02 -1.9170320599e-02 8.9658031234e-02
-7.6600464685e-02 -2.0745017279e-02 5.5183698300e-02
-8.7248898535e-02 -4.3446372469e-03 4.2331450695e-02
-8.9426254389e-02 -2.0952586102e-01 -9.1246231083e-02
1.5688295174e-02 -5.3232830587e-01 -1.1680516291e+00
1.5961451362e-01 -1.2921739480e-01 -1.0429650027e+00
-8.8968426049e-03 -1.1327930518e-03 -1.4245719699e-01
6.5987435707e-04 -2.8525098116e-02 4.0111812548e-02
2.0412201424e-02 -4.3355629491e-02 3.9275044609e-02
-5.6368328220e-03 -6.4939703841e-02 6.2379617317e-02
-6.5201528430e-02 -1.8961511998e-01 2.8131576193e-02
-7.0262335393e-02 -2.2231073563e-01 1.0877002309e-01
1.4250553252e-02 -7.2359233421e-02 -7.8991438820e-02
-1.8479421354e-01 -2.0587973882e-01 -1.7042068380e-01
-1.0388608043e-01 -1.8434404389e-01 1.4881596898e-01
1.5327267290e-02 -1.5845498018e-01 2.0486163688e-01
-6.9725480194e-02 -1.4060041991e-01 1.3623575867e-01
3.0609256105e-02 1.5146023300e-02 9.9596481483e-02
6.5231643646e-02 -1.1119509937e-01 1.2003524316e-01
-1.6481885734e-01 -5.9245447644e-01 -1.1445366899e+00
-1.0636149984e-02 -2.3431913317e-01 -1.0594504416e+00
-2.8481886797e-02 -1.5508181598e-02 -1.2110216526e-01
-1.4030329364e-02 -2.0489982402e-02 4.2379488723e-02
6.1345268337e-03 -4.2029358436e-02 3.9181558236e-02
-1.3331701356e-02 -2.5651125490e-02 5.4802081905e-02
-2.9670194318e-02 -3.7612333472e-02 4.3331935196e-02
-7.9117115734e-02 -1.2880424902e-01 8.1466566161e-02
-1.6994204818e-01 -3.4717679702e-01 1.6819166511e-01
-3.3656511669e-01 -5.7352749565e-01 3.5744953442e-01
-2.3605094841e-01 -4.9369545643e-01 5.6734112075e-01
-1.5675118539e-01 -5.0125096389e-01 4.9376720046e-01
-1.5132253724e-01 -4.0425692327e-01 3.1026446041e-01
5.9418145629e-02 -2.0843903337e-01 1.7357025210e-01
-3.4177514248e-02 -4.0560231889e-01 9.0347387924e-02
-1.9696643314e-01 -6.7175963049e-01 -1.0589652693e+00
-9.9370351330e-02 -2.8803019507e-01 -7.8200438499e-01
-4.2232699749e-02 -2.9719189577e-02 -8.0128778809e-02
-1.5457346797e-02 -2.9646484822e-02 3.5973084871e-02
8.2019614274e-03 -4.7081792962e-02 3.0724591265e-02
-1.3767605993e-02 -4.2555617729e-02 6.0744594046e-02
7.9208785574e-03 -3.7170242860e-02 5.6816523802e-02
-1.8346075610e-02 -4.2102159226e-02 7.8876797771e-02
-1.1270361611e-01 -1.9449450700e-01 1.3970432656e-01
-3.1396121111e-01 -5.8841505588e-01 3.9470462251e-01
-4.4776896117e-01 -9.3364938101e-01 6.7617762146e-01
-4.2703903525e-01 -9.9772482745e-01 7.0249951654e-01
-2.5517022620e-01 -8.2258977829e-01 4.1804378513e-01
-3.0320436473e-01 -9.0498277081e-01 -7.5701836576e-02
-7.1499629842e-01 -1.0272968638e+00 -2.0031274409e-01
-3.6165815997e-01 -6.1176220330e-01 -5.9494171049e-01
-1.1176655784e-01 -1.5871315426e-01 -2.3698506667e-01
-3.1960479293e-02 -3.5902301517e-02 -2.9498676944e-02
-1.6823763628e-02 -3.0024131623e-02 5.4770815326e-02
2.7754286374e-03 -4.0715186550e-02 4.9552165677e-02
-2.9125672249e-02 -3.7850776627e-02 7.5981047315e-02
-1.3691011033e-02 -4.5731913772e-02 7.0951985167e-02
-2.2996070776e-02 -3.0257246884e-02 7.3109587090e-02
-6.4716104854e-02 -5.3437250817e-02 4.8337338952e-02
-1.7949177054e-01 -2.3396066995e-01 1.8945540289e-01
-3.9892705697e-01 -6.0201015249e-01 4.1881779577e-01
-5.4214737504e-01 -8.5909706290e-01 5.6682502028e-01
-6.0746836658e-01 -7.6085251399e-01 4.3299925493e-01
-5.6331797254e-01 -8.0987173666e-01 -5.8729505167e-02
-6.1304898173e-01 -7.2954780346e-01 -1.5578995327e-01
-1.9461510214e-01 -2.5228634233e-01 -9.1793779537e-02
-1.0424133286e-02 -6.6647581641e-02 -1.5180537424e-02
-3.2557097577e-02 -3.3062586225e-02 -2.7463660530e-02
1.1617961191e-02 -5.2691325845e-02 5.6468816261e-02
3.1222746968e-02 -7.4731536613e-02 3.6002746054e-02
2.7508961610e-02 -7.2136551191e-02 8.1133600245e-02
3.3589750304e-02 -8.0570171902e-02 7.1346845406e-02
3.0219467961e-02 -7.9785985503e-02 7.3619709195e-02
5.0618023445e-04 -6.9158778215e-02 1.1290115516e-02
1.4385033678e-02 -7.9973346071e-02 5.6598647891e-02
-6.7121314147e-02 -1.5498651013e-01 8.5009071240e-02
-1.7549437462e-01 -2.6419330572e-01 1.1333423999e-01
-2.5837354677e-01 -2.8326136978e-01 7.9655556063e-02
-1.6268062546e-01 -2.2268811344e-01 3.1672019701e-02
-4.2269871084e-02 -1.2500389424e-01 5.7495994858e-02
3.3267292188e-02 -1.5037791800e-02 7.1742922992e-02
3.0831705757e-02 -7.3312456588e-03 1.3501746878e-02
-3.2046651233e-03 -3.3829814050e-02 -7.4031045160e-03
7.6245365952e-04 -2.6267267705e-03 8.0707356815e-02
9.9769334215e-03 -5.1577078455e-03 7.0328238099e-02
-6.9184925203e-03 -2.2371725445e-02 9.0708372848e-02
-1.8248429783e-02 -3.8164349418e-02 5.8392277782e-02
-1.4807314231e-02 -4.0395643922e-02 6.3238009419e-02
-2.5325608714e-02 -2.5366932444e-02 4.2066759212e-02
-2.2697754854e-02 -2.2062133363e-02 5.0690808376e-02
-5.9390193771e-02 -2.4442638064e-03 4.6826120187e-02
-5.5273929594e-02 7.6215841609e-03 5.2838470067e-02
-7.7449866602e-02 1.5738837541e-02 6.1686404045e-02
-7.6205888408e-02 -1.2048066399e-02 6.5103310160e-02
-1.2103340740e-01 -3.3097904543e-02 9.1863514499e-02
-1.2648531761e-01 -5.8971327652e-02 1.2277451170e-01
-1.1210492497e-01 -9.6065735418e-02 9.7337529066e-02
-9.6469417930e-02 -7.9027895265e-02 3.5724969097e-02
1.3820503293e-02 3.4240026486e-03 7.6173483923e-02
2.4993803828e-02 -1.0015028806e-02 6.7246369122e-02
1.3299356695e-02 -2.4683986649e-02 9.1757908583e-02
2.1340669945e-03 -4.2902943188e-02 5.0386831163e-02
-3.4804150200e-03 -5.8064894862e-02 5.9936360716e-02
-1.7187721079e-02 -4.7215244678e-02 4.0819798751e-02
-1.8156685410e-02 -4.6119988946e-02 4.6770528470e-02
-3.6509013897e-02 -2.8005408729e-02 3.2379616703e-02
-4.3999661220e-02 -4.9357474697e-03 4.1947863561e-02
-5.3801860450e-02 -1.1173697929e-02 3.7007942896e-02
-6.8983796054e-02 -1.7189265758e-02 5.2351626386e-02
-6.8361357366e-02 -2.5526093182e-02 7.1270102711e-02
-6.9724727131e-02 -6.1256697270e-02 1.2776377983e-01
-5.4883742190e-02 -1.0093279791e-01 8.9944239729e-02
-4.9441083513e-02 -7.8642525439e-02 3.4780595969e-02
-1.6942650846e-02 1.3519309520e-02 6.7134514325e-02
2.4155105585e-03 -8.5110169662e-04 6.5855950148e-02
-2.0645649465e-02 -2.3868074036e-02 7.6754570128e-02
-2.3649428148e-02 -3.7798683085e-02 4.7553231939e-02
-2.4000502336e-02 -3.4808548309e-02 5.9261088126e-02
-2.1184863333e-02 -2.3896165126e-02 3.2812019632e-02
-3.4103483571e-02 -7.5778709587e-03 3.5227462863e-02
-4.4846356739e-02 1.1200392560e-02 2.3401221247e-02
-1.2051448827e-02 1.0497291845e-02 4.1160163071e-02
3.8641581888e-02 -2.8394271764e-02 5.7613758014e-02
2.9780133022e-01 -5.7926584703e-02 1.0617287259e-01
5.8726268258e-01 5.2882146976e-03 -3.5501194278e-02
1.8923087221e-01 -3.3523405682e-02 -6.9456218110e-02
-2.9122978665e-02 -5.1196319350e-02 -6.6487931187e-04
-8.8881392964e-02 -4.6456937175e-02 -7.3044771058e-03
-1.7558418175e-03 1.3872342548e-02 5.6315523321e-02
2.1674058542e-02 -1.2602432964e-02 4.8284411889e-02
-1.4891994180e-02 -2.7226522610e-02 5.8229596792e-02
-2.1505001092e-02 -2.8603085793e-02 3.5734135668e-02
-2.1495207366e-02 -2.8880098688e-02 3.1157540499e-02
-1.8987173917e-03 -3.3388860492e-02 1.6645061193e-02
3.9482890646e-02 1.4528583986e-02 5.0072838843e-02
2.3109609778e-01 2.6703144544e-02 1.3758252826e-01
4.8529813426e-01 -3.8115911337e-02 2.2206789318e-01
4.9194000670e-01 -1.3072852331e-01 3.0971714149e-01
1.0874670882e+00 -1.7020617733e-01 3.8948016731e-01
1.6366906816e+00 -2.2970565914e-01 -8.2242652191e-01
7.7630064219e-01 -2.8809175024e-01 -1.4881745286e+00
9.8948303882e-02 -1.4308480237e-01 -2.9444945927e-01
-6.6682933935e-02 -5.0743098353e-02 -4.1624475992e-02
8.8687571722e-03 2.2729492874e-04 6.5294571939e-02
3.7224602407e-02 -1.3725848671e-02 6.2075857885e-02
-6.2241146456e-03 -3.5969472299e-02 7.4425984951e-02
-6.5795580129e-03 -3.7437027828e-02 6.4211941873e-02
5.9942905438e-04 -1.4896638262e-02 5.6419586141e-02
1.5854232350e-01 1.0289656546e-02 1.1211309310e-01
5.1643613251e-01 -2.8268433430e-02 3.3674508702e-01
7.8353364516e-01 -1.1514926951e-01 4.2691664421e-01
7.7862713326e-01 -1.8100246245e-01 3.0528237832e-01
3.9104874144e-01 -1.0440051256e-01 2.7207971855e-01
-4.1711057760e-01 6.5444090425e-02 2.1383063490e-01
-1.2969496549e+00 -9.4052513661e-01 -6.7486532354e-01
-1.6282579780e-01 -1.6065122378e+00 -1.6072730741e+00
4.2800623566e-01 -6.0408905624e-01 -7.2205056100e-01
2.0240402056e-03 -7.3381253863e-02 -1.2855243275e-01
1.2110336910e-02 -1.7652806287e-02 6.9562366464e-02
4.0839495318e-02 -4.5933800090e-02 5.7723314834e-02
2.2565880957e-03 -7.6538968689e-02 7.6268153780e-02
7.4128978798e-03 -6.8320460912e-02 6.1393167764e-02
1.3567682777e-01 -4.1989529574e-03 1.8635761558e-01
5.3092085201e-01 -8.0175887088e-02 4.4970455524e-01
5.8641709388e-01 -1.2255401665e-01 4.0936885280e-01
2.7426985959e-01 -1.3703397546e-01 1.4915571598e-01
8.8408274016e-02 -4.5685896096e-03 8.0547378456e-02
-6.5165015910e-02 -2.5401676204e-02 1.5894568935e-01
-6.1888205642e-01 4.0648929343e-02 5.6797875188e-02
-6.9861202472e-01 -1.2844156572e+00 6.4448288918e-01
9.5069476136e-01 -2.1413758768e+00 1.3166395313e-02
1.2294084880e+00 -8.8840899216e-01 -1.3438024215e+00
1.5342271062e-01 -6.5762361737e-02 -4.6000790516e-01
2.4913034184e-02 -3.4878616008e-02 6.2755865631e-02
5.3778754163e-02 -5.1400860246e-02 5.0691242023e-02
2.2142311639e-02 -7.6884442367e-02 7.8962753179e-02
8.6655658678e-02 -6.6562209712e-02 1.6134735300e-01
3.4737829610e-01 -1.6385998525e-01 4.8762607036e-01
3.3551172872e-01 -9.3926076161e-02 3.2000249771e-01
-1.0251348973e-01 1.1430399617e-01 -1.1941483619e-01
-1.2475658828e-01 1.2882095841e-01 -9.7963298181e-02
-7.6849365110e-02 2.8735419631e-01 -6.2433464149e-02
-6.4539981555e-02 8.3674088448e-02 5.7553208343e-02
-1.3272788948e-01 8.8322663628e-03 8.0910065489e-02
-5.4110925101e-02 -8.3218630203e-01 8.8723063929e-01
5.0300887890e-01 -9.3695122735e-01 4.2382309353e-01
7.5280333853e-01 -3.7467894922e-02 -1.5254113091e+00
2.0366495373e-01 2.6295353113e-01 -1.0213192496e+00
2.6422328502e-02 -2.8476570155e-02 6.2711843840e-02
5.9152986092e-02 -5.0222490421e-02 5.3442293235e-02
2.4691521732e-02 -8.3723308726e-02 9.9169825959e-02
1.0318349850e-01 -2.0219870003e-01 2.8999769988e-01
1.6006509590e-01 -2.4861011295e-01 2.8414876249e-01
-1.4967059147e-01 3.6421207963e-02 -1.8684434097e-01
-2.7297615098e-01 1.8314591444e-01 -1.3420050761e-01
-2.2283744768e-01 2.3072072169e-01 -5.9092028532e-02
-9.2648004765e-02 2.6656614717e-01 -9.7967044482e-02
-1.9261507998e-02 1.1775961538e-01 -7.2401080018e-03
-2.0556141195e-02 1.8565955976e-01 -3.8542801931e-02
-1.7591557600e-01 -5.4276543188e-02 2.9764865162e-01
-2.3012650131e-01 -9.7704480353e-01 1.3963654899e+00
-1.6913985338e-02 4.2137844268e-01 -5.2094930227e-01
5.2179330147e-02 7.3786078826e-01 -1.1904490644e+00
1.8195880687e-02 -2.9272710141e-02 7.3047707693e-02
4.5126727104e-02 -5.0176289492e-02 5.9219374609e-02
3.1886095134e-02 -1.2241775272e-01 1.3291466294e-01
1.5295292983e-02 -2.1899247058e-01 1.6223305578e-01
-5.5604018772e-02 -7.6953395444e-02 -1.6978902485e-01
9.5215891385e-02 2.3960109043e-01 -3.5179300752e-01
-1.5204695870e-03 2.8033853815e-01 -8.9565587127e-02
-1.8535265723e-01 2.6019310170e-01 -6.4110325231e-02
-4.7335419835e-02 3.2023770591e-01 -6.8429124742e-02
-3.3705844336e-03 8.7888382073e-02 2.8978628102e-02
2.9615118276e-02 1.3949505993e-01 -1.5805241883e-02
-7.0117078886e-02 -9.1502862187e-02 9.1213530825e-02
-5.0297053924e-01 -5.4377457292e-01 7.8918842685e-01
-3.6779658722e-01 7.2822259025e-01 -4.0322327485e-01
-1.4697733267e-01 8.6762105161e-01 -1.0329372238e+00
-2.5899956840e-03 -1.6475118347e-02 6.5984268326e-02
1.6577569609e-02 -2.1036053777e-02 6.1372999959e-02
-7.2464327681e-03 -5.6382436074e-02 9.9526407472e-02
-9.0346835906e-03 -7.2132315376e-02 2.7501600513e-02
3.7873868381e-02 -1.5532845621e-02 -1.7075242827e-01
2.1218912696e-01 8.3620892325e-02 -2.0792335568e-01
2.0436327237e-01 1.9242122743e-01 -3.1280914587e-01
-1.6379326320e-02 1.6823293857e-01 -9.2421132241e-02
3.5275612415e-02 1.7001107984e-01 -1.0919114525e-01
-4.8075032051e-02 3.4968182938e-02 4.1479544833e-02
-4.8005935415e-04 3.9099219589e-02 8.3227409265e-02
-3.9716482713e-02 -1.3580778681e-01 2.2900907004e-01
-4.3940317080e-01 1.3350627406e-01 -1.0403610886e-01
-6.2005621127e-01 7.4624832249e-01 -7.3353460699e-01
-2.6304545013e-01 4.3866371324e-01 -5.0957931481e-01
1.0584578601e-02 -1.5909998373e-02 5.8816419691e-02
3.2549853584e-02 -2.0305105110e-02 4.7622045360e-02
9.2043863735e-03 -1.6904474877e-02 6.6975907476e-02
3.7570893541e-03 -5.2442761716e-02 5.5302342343e-02
4.1964122040e-03 -1.1093174664e-01 3.5303418983e-02
-1.4349654689e-02 -6.2042422908e-02 -1.0501672900e-01
-6.3911915287e-02 1.1609494175e-01 -3.0394864814e-01
-2.8280594350e-02 8.0270944299e-02 2.0507294879e-02
1.3995574612e-02 6.2840857202e-02 1.1218125413e-01
-6.2369721370e-02 -1.0413476192e-01 2.1340930438e-01
-5.1882247654e-02 -7.1811939356e-02 1.3681690420e-01
-2.4994603545e-01 -2.0914420635e-01 1.5039624384e-01
-8.7011630204e-01 -3.6602401459e-01 -1.6811863792e-01
-6.6435481405e-01 1.2054396496e-01 -5.2455362020e-01
-8.6909129604e-02 6.6741136213e-02 -1.2084213928e-01
3.1538866031e-04 -2.1265993959e-02 5.0216421318e-02
3.0369242138e-02 -3.4202126142e-02 4.2178901674e-02
1.4943440759e-02 -2.2915305500e-02 6.9321714564e-02
1.2613023880e-02 -2.3704744999e-02 6.4104474851e-02
2.4255303018e-02 -2.6849329383e-02 6.2543327594e-02
2.7265400119e-02 -5.6517999433e-02 -5.2608471018e-02
-5.8985175694e-02 -1.4279387357e-01 -5.0064652788e-02
4.2734749044e-02 -2.2454988008e-01 2.0502630371e-01
7.7282848541e-02 -2.6750298367e-01 4.0314674736e-01
-1.4815003524e-01 -4.7282512106e-01 3.5798457114e-01
-1.7725482471e-01 -3.7635759236e-01 1.5794371368e-01
-3.6448099479e-01 -3.8726730250e-01 -3.7831668741e-02
-6.2522515780e-01 -5.9156830197e-01 -6.3102352644e-01
-2.6300218726e-01 -1.6442064613e-01 -4.6850988075e-01
-2.8096497268e-02 -2.0561073085e-02 -3.9407117151e-02
-8.7632265001e-03 -1.4966089977e-02 4.8337206545e-02
2.8401651870e-02 -3.7190049915e-02 3.9301195479e-02
7.3434635889e-03 -2.4170146135e-02 5.8357522689e-02
9.4127267649e-03 -1.4865519365e-02 5.4918214359e-02
4.0539372702e-03 1.4257694203e-03 6.5900152187e-02
-3.8729965850e-02 -6.0536253955e-02 4.6053022180e-02
-1.2474691579e-01 -2.1198582908e-01 1.6531621336e-01
-8.6183172540e-02 -3.8681192314e-01 4.7998114332e-01
-1.1345823129e-01 -6.0323944443e-01 6.0846966248e-01
-3.8265191071e-01 -8.1989711936e-01 4.9985900530e-01
-5.1580488547e-01 -8.2091216063e-01 1.8182091534e-01
-6.9645229813e-01 -9.8222882992e-01 -1.8118971018e-01
-4.0272211405e-01 -6.9884242597e-01 -5.7152412936e-01
-9.3295849890e-02 -1.8534223716e-01 -2.2455717093e-01
-3.7869974446e-02 -2.9707330720e-02 -2.5241279144e-02
-8.6289743415e-03 -1.8386529753e-02 4.6723382235e-02
2.1296159281e-02 -3.1900344946e-02 3.8088978906e-02
1.8825974036e-02 -2.9844141699e-02 6.0297535769e-02
8.4559023119e-03 -2.0533458797e-02 5.7623562190e-02
-7.3748952993e-03 -8.4057738160e-03 7.0130539337e-02
-1.4892013315e-02 -1.9405551044e-02 6.0315445840e-02
-5.0830759931e-02 -1.0870570675e-01 1.1760128698e-01
-1.6250030351e-01 -3.0620904475e-01 2.8235643819e-01
-2.4598666233e-01 -5.7480135314e-01 4.4328809520e-01
-3.4767164562e-01 -8.6533573466e-01 4.0459673160e-01
-4.5760301708e-01 -9.2461309015e-01 8.1447059037e-02
-5.7355728949e-01 -8.1810528759e-01 -1.4146255705e-01
-2.2440735139e-01 -3.0889089571e-01 -1.6664806179e-01
-2.7418353617e-02 -5.7099558609e-02 -7.6038396281e-03
-2.1532826187e-02 -3.6507278112e-02 -1.5391556940e-02
-9.2797036417e-04 -1.8339843423e-02 4.8597328812e-02
2.3934918998e-02 -2.6038066222e-02 3.7542008478e-02
8.1442915381e-03 -2.1690446544e-02 5.3550438406e-02
-7.5499686952e-03 -1.9859607532e-02 4.5357405159e-02
2.1533284298e-04 -9.4986592042e-03 5.8803930835e-02
-4.3868585568e-03 -1.9164734552e-02 2.6687518262e-02
-5.2338916225e-04 -2.7125105184e-02 5.2389057342e-02
-6.3473858204e-02 -8.3986494178e-02 7.6109978869e-02
-1.2347109830e-01 -1.7927419554e-01 1.2622800354e-01
-1.6625443262e-01 -2.7321166741e-01 9.6381237776e-02
-1.6077180422e-01 -3.0932015946e-01 -7.7473507421e-03
-1.4968328899e-01 -2.0312641134e-01 -9.4843353810e-03
-2.5661545686e-02 -6.2603036983e-02 4.2432298050e-02
2.8118080906e-02 -3.8639762385e-02 2.2038260236e-02
-2.4844457000e-02 -3.7307804754e-02 -2.5307081523e-02
1.6511118393e-02 -3.5532317955e-02 5.0533307851e-02
4.7580364087e-02 -5.2700499674e-02 2.8383084406e-02
4.0531274027e-02 -5.0589011373e-02 6.4211736548e-02
2.2925010099e-02 -5.0394911113e-02 5.8794170312e-02
3.9766269836e-02 -5.0396368758e-02 6.8648406696e-02
1.4954658397e-02 -6.0556874508e-02 2.7260163101e-02
3.0825641670e-02 -4.6754568407e-02 4.4152734586e-02
1.4786626330e-02 -3.0131969116e-02 3.4118492922e-02
1.8918720257e-02 -1.3503463264e-02 3.8824420513e-02
1.5364589874e-02 -3.3914869972e-02 1.6569403025e-02
4.0236996128e-02 -2.1465545105e-02 3.0220189935e-02
6.0234493062e-02 -1.1311227380e-02 6.3132867029e-02
6.0797470996e-02 4.8591452770e-03 8.5086884999e-02
5.0099468482e-02 8.3353847364e-05 2.4727430207e-02
2.6254796026e-03 -4.6196270555e-02 4.0093462865e-03
2.3661648000e-02 -1.1038151279e-02 5.3383279814e-02
3.9820011228e-02 -2.1057584028e-02 5.2862329418e-02
2.2666206319e-02 -4.1139509351e-02 5.5837688042e-02
1.9048653660e-02 -4.5252068414e-02 4.5754658310e-02
9.8436107503e-03 -4.3174096036e-02 3.8691434035e-02
1.1150366272e-02 -3.1633170341e-02 2.6273941169e-02
9.4408957710e-03 -3.0718276631e-02 2.7601216241e-02
-2.1710353548e-02 -1.4081304308e-02 2.4401046000e-02
-3.1058289182e-02 -7.9282655962e-03 2.4524359467e-02
-3.6472801247e-02 -7.5613327090e-04 2.5217307215e-02
-3.6846058144e-02 -2.0145931697e-02 3.2471375251e-02
-7.4856339589e-02 1.5270834256e-03 2.9723553591e-02
-9.1645854925e-02 -5.8209763294e-03 5.3383528296e-02
-6.4157557102e-02 -6.3067902275e-03 1.9588348762e-02
-6.6198925824e-02 -2.4835532095e-02 -3.0206997637e-03
2.7462783388e-02 -1.0040000470e-02 4.9797753119e-02
3.7163194251e-02 -3.0305750457e-02 4.8192416305e-02
3.3138313804e-02 -4.6540236667e-02 5.6356082306e-02
3.0559268459e-02 -5.8410781909e-02 3.9447983293e-02
1.4465909223e-02 -6.0583350114e-02 3.8898942458e-02
1.1273877751e-02 -5.0340774981e-02 2.3413323535e-02
-2.8331892431e-03 -4.8412098769e-02 2.2181787580e-02
-1.1768491247e-02 -2.6911350918e-02 1.6963147176e-02
-3.1735369567e-02 -1.6636172307e-02 1.7143213790e-02
-3.3837672209e-02 -1.2170945584e-02 1.5751479644e-02
-4.6051397831e-02 -2.1308235762e-02 2.5803939479e-02
-4.6397515200e-02 -9.8180442816e-03 3.4800040714e-02
-4.8147609251e-02 -1.8078369253e-02 5.5983856519e-02
-3.7399517600e-02 -1.6727527864e-02 2.2481208701e-02
-2.3686082073e-02 -2.0867610461e-02 -6.6151999115e-03
7.1981504062e-03 -4.8044938386e-03 3.6430707702e-02
2.6392215950e-02 -3.0870864717e-02 3.7049049788e-02
1.4633127605e-02 -4.3894020845e-02 4.6687502723e-02
1.6134839609e-02 -5.3829024957e-02 3.4559119547e-02
1.0690904440e-02 -4.0717616618e-02 3.3419414838e-02
1.3227819283e-03 -2.6884163442e-02 1.5465064271e-02
-1.7560848265e-02 -1.6486236275e-02 8.4267072457e-03
-2.7060605085e-02 1.8656648000e-03 -6.4296569639e-05
-3.2579953722e-02 1.5564313966e-02 -4.7564243258e-03
-2.3085435865e-03 1.2664460257e-02 1.1176409594e-02
1.6833202947e-01 -4.8860151294e-02 8.9109356234e-02
3.7239065105e-01 -6.3491362635e-02 -4.1475668143e-02
1.0514832254e-01 -2.8357648569e-02 -7.4696724132e-02
-2.2451443400e-02 3.1220842108e-03 -2.1790803587e-02
-5.1732072713e-02 6.6311606729e-04 -3.8800176539e-02
2.6115209218e-02 -4.6363067202e-03 3.3730698754e-02
4.6272404551e-02 -4.0067649947e-02 2.9246602251e-02
1.5613572217e-02 -4.3858019920e-02 3.2198352808e-02
9.5908255794e-03 -4.2275036113e-02 1.7573448983e-02
-6.8207907471e-03 -1.7409010424e-02 1.1120373758e-02
6.5668879270e-03 -2.0075338555e-02 4.8490319112e-04
-5.4410308536e-03 -2.3429898261e-02 -4.3291285372e-03
2.1330612389e-02 -4.0097314044e-02 8.7368676514e-03
7.5805708802e-02 -7.2021898227e-02 4.9871244170e-02
2.3676162509e-01 -1.2724346412e-01 1.8819898577e-01
1.1205864819e+00 -4.2218449404e-01 4.6028640659e-01
1.6451896288e+00 -5.6700913134e-01 -6.1060935973e-01
5.5260461465e-01 -2.0052818355e-01 -1.1233066389e+00
2.0566484722e-02 -3.0471976697e-02 -1.9422149030e-01
-4.1535681429e-02 -1.6093105168e-02 -5.4369768494e-02
2.1185745082e-02 -1.0149265595e-02 3.5421137987e-02
5.1057350379e-02 -3.5950864046e-02 2.8736843037e-02
1.8608300544e-02 -3.9843669415e-02 3.8937971278e-02
1.2589348326e-02 -3.8971595176e-02 2.4201508673e-02
-1.6492091108e-02 -1.6248044540e-02 1.2385196625e-02
1.8664059874e-02 -3.4331749867e-02 -2.8979328928e-04
3.4044899460e-02 -6.8466964402e-02 7.7063892990e-03
5.8808826949e-02 -1.3583271585e-01 3.0075299877e-02
1.6543424066e-01 -3.1502387031e-01 1.7357162506e-01
2.4099182234e-01 -2.1905771997e-01 3.3755839508e-01
1.6752923801e-02 9.3853313297e-02 1.7748985433e-01
-6.4770615009e-01 1.8266492323e-01 -1.2292254499e+00
-4.8894060219e-01 1.0675993877e-01 -1.8887330241e+00
2.9661118838e-02 -1.0302461660e-01 -3.8403777794e-01
-2.6835008153e-02 -3.3355997486e-02 -7.2537200490e-02
3.6579129720e-02 -2.7621639820e-02 4.7713171364e-02
6.4279399394e-02 -5.2707947113e-02 3.6328927540e-02
2.8760707435e-02 -5.4859350843e-02 3.9854039885e-02
1.2070366971e-02 -6.9693440835e-02 2.3825963522e-02
-1.0586757684e-02 -7.1802517100e-02 3.5836083473e-02
2.2081296516e-02 -1.1479509157e-01 1.6040943862e-02
-4.8570119372e-02 -1.3078498167e-01 -8.7933561233e-03
-1.0808435603e-01 -1.3359985935e-01 -1.4169549403e-02
4.6779304502e-02 -1.4359082404e-01 3.4653751849e-02
6.9948729406e-02 -9.8628263844e-02 2.3737814585e-01
-7.0772068390e-01 7.5109605677e-01 -1.9062724001e-01
-1.2032304768e+00 8.6193650567e-01 -5.0130970435e-01
-5.7910752805e-02 -2.5308376827e-01 -3.3926217120e-01
6.3946148840e-01 -7.2801634552e-01 -3.3578559407e-01
1.1796360472e-01 -1.2778576469e-01 -2.1708649464e-01
4.3498129003e-02 -4.1595141478e-02 4.3352178070e-02
7.1931393622e-02 -6.3956468060e-02 3.5046333354e-02
2.8423382050e-02 -6.8935151351e-02 4.6786007466e-02
2.8880492872e-02 -8.0994277546e-02 4.6521463598e-02
-1.1040552518e-02 -9.9429022964e-02 5.4284574048e-02
-4.2789473025e-02 -7.5430062967e-02 -5.9297244386e-02
-1.8259501694e-01 1.1389729747e-02 -1.2407055656e-01
-1.5226485670e-01 1.3644309406e-01 -4.7911421059e-02
-1.6198210497e-01 4.5716383854e-01 -3.0929299418e-01
-3.7310489510e-02 1.8989994556e-01 -1.1744120000e-01
-1.8407925460e-01 5.2267941605e-01 -1.4260442543e-01
-1.3973359718e-01 2.3048475797e-01 1.6487976645e-01
6.6511223605e-01 -1.3700041829e+00 9.4979600348e-01
1.2189983391e+00 -1.4106283591e+00 -5.1270731768e-01
4.6024210238e-01 -1.2129805237e-01 -8.8212675019e-01
4.7473030747e-02 -3.7582165487e-02 4.7335742923e-02
7.0175394565e-02 -6.1804233928e-02 4.2673995895e-02
2.8681035257e-02 -6.0506799196e-02 4.5384905450e-02
1.2632948873e-02 -7.6730608109e-02 4.6732386847e-02
-5.3141242429e-02 -5.6910107621e-02 1.3259091453e-02
-9.8434821423e-02 7.3322145951e-02 -8.8233303040e-02
-1.1910186875e-01 1.0460493924e-01 -1.6829973474e-02
-7.5136315533e-02 2.2688483021e-01 -2.0185660734e-01
-1.6136303169e-01 5.7186511569e-01 -3.1790224595e-01
-9.5565017101e-02 4.0469940060e-01 -1.1705272781e-01
-6.8320382732e-02 2.9189387918e-01 2.3342292914e-02
-1.1568346943e-02 -1.7360698569e-01 4.2326211120e-01
1.4524460683e-01 -1.4303373939e+00 1.5362501634e+00
6.8837228841e-01 -8.3207661815e-01 -1.7442075381e-01
5.5253354233e-01 3.0811564379e-01 -1.8778898611e+00
3.3669624971e-02 -3.3645835748e-02 5.0053060611e-02
5.5000141420e-02 -5.4777982462e-02 4.5123113027e-02
3.1898528135e-02 -5.5153230186e-02 4.5209785388e-02
8.8474379895e-03 -5.6450884747e-02 3.9053513478e-02
-2.5980947017e-02 -1.7768481451e-02 1.0032169659e-02
2.5948255589e-02 6.3371394983e-02 5.1060496665e-03
-1.4031605604e-01 4.5944795496e-02 8.4625884834e-02
-1.6570478949e-01 3.5473266229e-01 -1.4148164010e-01
3.1654674365e-03 6.1174022874e-01 -2.2038819521e-01
4.9425057505e-02 3.6930451669e-01 1.5550539152e-02
1.7254338674e-02 2.1418311651e-01 -1.5046527870e-02
-6.3327122183e-02 -4.6879500109e-02 1.6741209188e-01
-7.7173876389e-02 -2.0880379726e-01 8.6900138488e-01
-1.4719930659e-01 2.4699248789e-01 -2.2356636705e-01
-3.8837929520e-01 7.2146514494e-01 -2.3633540504e+00
8.1317873412e-03 -1.9243531092e-02 4.4228907629e-02
2.3438733767e-02 -2.7013642373e-02 4.9635819513e-02
1.8479838069e-02 -2.8629754650e-02 5.1903076099e-02
2.4302947032e-02 -3.5613364553e-02 5.6654859172e-02
2.4305539897e-02 -4.3030867596e-02 5.7382353600e-02
9.4130472132e-02 -6.9484000023e-02 2.0789211377e-02
5.3315101762e-02 -1.1502534683e-02 -1.2753766918e-02
-2.7899881191e-02 2.6617978829e-01 7.9172969313e-03
6.7303953839e-02 2.8716997636e-01 -2.7027467973e-01
5.2635166427e-02 3.8983151062e-02 8.2362978869e-02
3.9694038298e-02 -1.5025254405e-01 1.0870746996e-01
-5.1192595218e-02 -2.7691162854e-01 4.8964968260e-02
-5.6459795138e-01 1.2360985460e-01 -2.1331230179e-01
-1.3435998861e+00 3.6715403477e-01 -1.0605548549e+00
-9.5957298037e-01 3.8832161442e-01 -1.4268145822e+00
2.1341263276e-02 -1.9563883676e-02 4.3851994056e-02
3.7693916473e-02 -3.6898848857e-02 4.1494524558e-02
2.6005357403e-02 -3.6673673269e-02 4.5379245065e-02
3.8971187970e-02 -3.7099603937e-02 5.2214977893e-02
2.1479010244e-02 -3.9866601303e-02 5.7555999742e-02
1.6972595967e-02 -6.1839429906e-02 1.2356739686e-02
1.4653882801e-02 -2.5361040422e-03 2.6625330440e-03
1.7185126441e-03 5.3974010741e-02 1.1119552754e-01
1.9450765446e-02 3.2047462019e-02 4.6929325024e-02
3.7130331848e-02 -1.3968690017e-01 3.9564638201e-01
-2.4274324580e-01 -4.7349079160e-01 3.6031262979e-01
-5.8021793114e-01 -7.5611297404e-01 4.3164850877e-02
-1.2622019128e+00 -5.1050527996e-01 -5.7330607093e-01
-1.3769042120e+00 -9.3167599106e-02 -8.2131896366e-01
-3.4507414257e-01 5.6616067454e-02 -3.0258672732e-01
1.5365741090e-02 -2.2085602762e-02 3.6071500662e-02
3.1228307542e-02 -4.0735610705e-02 3.3240312369e-02
2.5242538941e-02 -4.2940410658e-02 4.3821583166e-02
2.9157314722e-02 -4.0690778933e-02 4.4910585566e-02
2.0825381713e-02 -3.8889452430e-02 4.7801508708e-02
1.3767716051e-02 -3.5283234475e-02 2.6889025143e-02
1.8624399638e-02 -4.1733239014e-02 2.6012297496e-02
1.6908275105e-02 -9.1401502691e-02 7.6903320886e-02
-6.7959610610e-03 -1.9607417833e-01 3.1339129977e-01
-1.0765181141e-01 -5.1441756222e-01 5.3616433758e-01
-5.1385472702e-01 -8.5779709128e-01 2.8667637244e-01
-8.4438781129e-01 -8.9892982569e-01 -1.1978286637e-01
-6.2204533537e-01 -4.7252958584e-01 -3.6662281984e-01
-3.1224049348e-01 -6.1325671732e-02 -2.2257580067e-01
-4.5989259618e-02 1.3367200955e-02 -4.1741207259e-02
1.0588218017e-02 -1.2333374592e-02 3.7594006920e-02
3.4797837968e-02 -3.8517679758e-02 3.9026701488e-02
2.4329172860e-02 -3.6595365693e-02 4.2869918231e-02
2.4854048297e-02 -3.3975094461e-02 3.9990114664e-02
1.1066442319e-02 -2.3170745439e-02 4.6719459344e-02
2.7782151116e-03 -2.0115653390e-02 3.8308989445e-02
1.0952417997e-03 -3.2898865143e-02 5.4152343730e-02
-6.8728671973e-03 -7.3525671221e-02 9.4340933148e-02
-2.0700855866e-02 -2.0706741283e-01 2.0534781268e-01
-1.4777011737e-01 -4.8175012355e-01 3.0241011177e-01
-3.3553382133e-01 -7.5604543123e-01 1.7474746495e-01
-4.6963743465e-01 -6.7620703869e-01 -9.0580793114e-02
-1.8362898162e-01 -2.5019573329e-01 -1.2280678719e-01
-1.4190744488e-02 -2.2856860739e-02 -3.2978711460e-02
-1.7471824258e-02 -5.5186557816e-03 -4.2977689639e-02
4.9724822237e-03 -1.5188474740e-02 3.1585847449e-02
2.9725591382e-02 -3.7188340217e-02 3.2941765359e-02
1.5499742883e-02 -3.9493562117e-02 4.1779310791e-02
1.8890664458e-02 -3.8203281012e-02 3.8233144011e-02
-1.0332205467e-02 -2.4217609690e-02 4.0768623229e-02
-4.6730892809e-03 -2.5382250530e-02 3.5377081802e-02
3.8153425763e-03 -2.9209253983e-02 3.9809224757e-02
-1.8147956303e-02 -4.2705214572e-02 4.8148839093e-02
-4.7975681531e-02 -9.2232097009e-02 5.0231140187e-02
-1.1101822786e-01 -1.8001520504e-01 6.8497587038e-02
-1.3943511608e-01 -2.4245783844e-01 5.0990044777e-02
-1.5387612400e-01 -1.6067164658e-01 -5.7455209644e-04
-4.1737715829e-02 -2.8783745806e-02 1.6144943244e-02
-1.1362102077e-02 -1.9898136849e-03 -9.7802947387e-03
-2.3128407333e-02 -1.7395797934e-02 -4.4105252767e-02
7.8964667772e-03 -1.3611363470e-02 3.7142562791e-02
2.4742780529e-02 -2.8884923199e-02 3.3795300648e-02
1.8151716908e-02 -3.0197329533e-02 4.1699838961e-02
2.1410531705e-02 -2.9703795373e-02 4.0761469821e-02
1.7167682503e-03 -2.2471579012e-02 4.2335784437e-02
6.2201062781e-03 -3.4983995978e-02 3.0711500581e-02
1.4969307014e-02 -3.1982477352e-02 3.8422046214e-02
3.2176954674e-03 -1.8358630300e-02 2.8973851343e-02
3.7025019669e-03 -1.2306909077e-02 2.3056954541e-02
-1.7006038962e-02 -2.6768347443e-02 1.0447036854e-02
8.4457407986e-03 -4.0971476810e-02 1.9927444282e-02
-1.0730912752e-02 -1.2114559025e-02 3.5705130930e-02
-5.6922525493e-04 -1.0585143319e-02 6.9076721617e-02
1.2104040082e-02 -1.9583085671e-02 3.2407359712e-02
-1.3396172204e-02 -2.7178401257e-02 -5.1357522618e-02
3.4920812379e-02 -3.2539809363e-02 4.3109509149e-02
5.4492258350e-02 -5.1398133155e-02 2.9545663765e-02
4.9039692441e-02 -5.1586369356e-02 4.4394969212e-02
4.0254366838e-02 -5.0055288099e-02 4.2293608812e-02
3.2631474980e-02 -4.5057110597e-02 4.9660554510e-02
2.7148455383e-02 -5.8529919513e-02 3.4617517701e-02
3.5300220183e-02 -5.0808341214e-02 3.7563070592e-02
2.8706411195e-02 -3.6498453481e-02 2.8102465533e-02
3.7310000667e-02 -1.5551344391e-02 2.7215453608e-02
2.6718458667e-02 -2.8145671066e-02 1.6955830300e-02
3.2688098234e-02 -2.2759929959e-02 2.9059599805e-02
2.4029529990e-02 -5.1857902595e-03 5.2658419375e-02
3.0329867183e-02 3.2766313007e-03 8.4833306197e-02
2.6586685770e-02 2.2543649130e-03 2.3613207237e-02
-1.8389686314e-03 -1.1954321280e-02 -2.2654914202e-02
1.3707467646e-02 -4.2613526571e-03 4.3451488165e-02
2.7921390727e-02 -1.3648838277e-02 4.1873393973e-02
1.6754561357e-02 -2.8222585338e-02 4.8742666353e-02
1.1738832828e-02 -3.4976315782e-02 3.7176666131e-02
6.9036490858e-03 -2.4487667834e-02 2.9280636144e-02
8.4576979191e-03 -2.5128833357e-02 1.1762584208e-02
1.0481313403e-02 -2.6732005625e-02 2.0582601120e-02
-2.5233013496e-02 -1.2048865385e-02 1.6573260895e-02
-2.5754058546e-02 3.4988074502e-03 2.2177549326e-02
-4.5309755880e-02 1.4198403104e-02 1.2493097375e-02
-4.0702322295e-02 -1.5548491709e-03 2.6379343506e-02
-7.5537110984e-02 1.1860947054e-02 2.7368532570e-02
-8.3175679506e-02 8.7495511493e-03 5.7201689788e-02
-6.3664946451e-02 2.4816007711e-02 3.0666571999e-02
-3.1866833775e-02 -1.3642766023e-02 2.5934475176e-02
2.6694001924e-02 -4.0999070670e-03 3.8609503285e-02
3.9990644597e-02 -2.9419462187e-02 3.7457242545e-02
3.6726859280e-02 -3.8550756806e-02 4.9333767004e-02
3.7698881140e-02 -5.3803893414e-02 2.9063448853e-02
2.6711255464e-02 -4.8638641922e-02 2.7663720434e-02
2.4334509922e-02 -5.2412846532e-02 1.1964311316e-02
1.5259448473e-02 -5.1475133702e-02 1.6852661992e-02
-2.8388817617e-03 -3.3865057194e-02 9.2109325567e-03
-1.2285715118e-02 -1.7550201702e-02 1.4659404946e-02
-2.5973543798e-02 -5.9181067773e-03 -4.1915896491e-04
-3.3311965927e-02 -1.6436775992e-02 1.3334499996e-02
-5.0955014771e-02 1.3542502892e-03 2.0768916199e-02
-4.4148801292e-02 -1.5924464306e-02 6.0083617059e-02
-2.6535492378e-02 -5.3795982756e-04 2.5270333163e-02
-7.8121428229e-03 -2.0980855743e-02 1.4225804441e-02
5.4067469107e-03 5.1407880193e-03 2.5753918111e-02
2.5886030058e-02 -2.4603690753e-02 2.6271689799e-02
1.8013830575e-02 -3.2402767218e-02 4.1548677860e-02
2.6216232863e-02 -4.3259672420e-02 2.7869104891e-02
1.6733099248e-02 -2.5025546533e-02 2.1207706476e-02
1.5591644138e-02 -2.4090795307e-02 8.7502738846e-03
8.5276660429e-03 -1.9033824548e-02 1.4469342945e-02
-1.5937223254e-02 2.4032962747e-03 6.1012404149e-04
-2.1303714404e-02 2.1317107965e-02 -5.9011897598e-04
-2.6777227611e-02 3.1991492529e-02 -2.1104111804e-02
5.9806105823e-03 2.0798727891e-03 2.4341520259e-02
5.4151071849e-02 -9.8343902684e-03 1.4111630080e-03
9.3200987329e-04 -3.2542437541e-03 2.2414615155e-02
-4.1513250562e-02 3.7686408539e-02 -1.0242124259e-02
-3.0802770472e-02 5.6041106513e-03 -1.1900736685e-02
1.7832136021e-02 2.8354562702e-03 1.9731088524e-02
4.5690758942e-02 -3.3900784310e-02 2.3148494991e-02
2.4217757348e-02 -3.5233021966e-02 2.5599199959e-02
2.5549034959e-02 -4.0085906305e-02 1.1986937193e-02
1.1514221913e-02 -1.4224071175e-02 7.4288818765e-03
1.9515976737e-02 -1.7805904011e-02 -6.2571579361e-03
1.1252672532e-02 -1.9305959776e-02 -1.5098960904e-03
8.1918209373e-03 -1.1730819325e-02 -3.9964001360e-03
8.2612629764e-03 5.7017708177e-03 -1.4802969416e-03
6.3355734719e-02 -3.5067033123e-02 4.0074573537e-02
4.7123312236e-01 -3.2934250929e-01 2.7086313971e-01
9.7443157509e-01 -5.8428231855e-01 -9.6252111883e-02
4.1935985123e-01 -2.1315498344e-01 -4.0694630596e-01
-1.8002798005e-03 9.2785058580e-03 -8.6157284047e-02
-2.6084629861e-02 -1.0056404879e-02 -3.4204460681e-02
2.0151726309e-02 -3.0857716566e-03 2.8077165569e-02
6.3544123346e-02 -2.9041907134e-02 3.1552096191e-02
2.8433226357e-02 -2.8246977639e-02 3.7665769217e-02
2.5920174042e-02 -2.4532969980e-02 2.4057008706e-02
2.5075295229e-03 4.5877767242e-03 1.7276617130e-02
2.9653181255e-02 -1.0911754978e-02 7.5316097760e-04
2.4954594617e-02 -1.9707666856e-02 7.4094192563e-03
8.0453062783e-03 -2.4797194363e-02 3.2613032752e-03
3.9568128067e-02 -6.6662844450e-02 6.7013977200e-02
1.5945271740e-01 -1.5717993187e-01 2.2844064186e-01
5.9789049950e-01 -5.8442106168e-01 5.4205329208e-01
9.1589587512e-01 -7.0913994881e-01 -4.6430230039e-01
5.7952147207e-01 -8.1768865947e-02 -1.5095124069e+00
6.3957110527e-02 3.8176788632e-02 -3.4301203666e-01
-2.2295042346e-02 -1.1195745528e-02 -3.3018124265e-02
2.5750125221e-02 -2.1999026124e-02 3.0592400046e-02
5.1923505636e-02 -4.8077861297e-02 2.2034010405e-02
2.7005738752e-02 -4.8931177691e-02 3.2267123754e-02
8.9707563671e-03 -4.9188078893e-02 1.5371420702e-02
8.9758996112e-03 -2.8029544835e-02 2.1949173529e-02
1.6856681106e-02 -5.3281614919e-02 3.2364546028e-03
1.5121572997e-02 -6.8699791770e-02 2.5516172289e-02
6.8391170329e-03 -9.9064954859e-02 2.7296402609e-02
2.3727822441e-02 -1.6790487368e-01 4.7328765285e-02
-5.2345429512e-03 -7.3363177616e-02 1.7186227714e-01
1.4044675692e-02 -6.9226429623e-02 2.5417404460e-01
-6.0007491463e-02 3.6876635853e-01 -4.0999481931e-01
1.9959751784e-01 1.0745554986e+00 -1.6799904927e+00
2.8906654033e-01 2.8824058718e-01 -7.2980458904e-01
3.0248408987e-02 -1.3712255455e-02 -8.0841380314e-02
4.1165411743e-02 -4.0480673641e-02 3.5800870617e-02
7.0753883393e-02 -6.2198919105e-02 3.3632605245e-02
4.3503707960e-02 -7.0053797894e-02 5.0733261436e-02
4.1511412760e-02 -6.9793134051e-02 5.0317162089e-02
1.7447688297e-02 -4.7286436914e-02 4.8733545308e-02
2.6742711335e-02 -5.8847365733e-02 2.8927085976e-02
2.1067623208e-02 -6.8886084176e-02 5.0770261970e-02
1.1303275813e-02 -3.6203325366e-02 3.6165163253e-02
-3.1407471257e-02 -1.6111723223e-02 -6.5246117829e-02
8.6352944769e-03 1.4757623997e-01 5.6344705943e-02
4.0527238404e-02 2.2952453488e-01 6.7228201862e-02
-6.5630414190e-02 9.3186277127e-01 -1.7035882852e-01
3.2195106979e-01 1.8196117624e+00 -8.4400793909e-01
7.7841999673e-01 6.7667781261e-01 -9.2952461961e-01
3.1587827176e-01 3.0984811786e-03 -3.5063262169e-01
3.1240394607e-02 -2.8106545366e-02 3.2069976770e-02
6.8204694309e-02 -5.7427701461e-02 3.8218684489e-02
2.6333546748e-02 -5.2455051045e-02 4.1264368563e-02
2.0792652380e-02 -4.3987666063e-02 3.1720667275e-02
-7.7280908561e-04 -1.1061596995e-02 2.9974073765e-02
1.1762055011e-02 -3.5429788204e-02 2.2948254809e-02
2.5509846336e-02 -6.1793049885e-02 3.2496217961e-02
1.4598061453e-02 4.1286883726e-02 -7.6713659062e-02
-7.1732344233e-02 1.6379929520e-01 -2.2783678499e-02
-6.3772459854e-02 3.8038421349e-01 1.6474411325e-01
-4.5436086791e-02 4.3877054046e-02 2.3516946961e-01
4.4922144643e-02 4.1317392383e-01 1.7312255298e-01
3.7100267719e-01 1.2483359233e+00 1.8679669947e-01
1.0055723023e+00 3.7851297634e-01 -3.2981372451e-01
6.5716999966e-01 -2.4205175495e-01 -1.2472336154e+00
3.0957687430e-02 -2.9195694521e-02 4.3743951123e-02
6.1391092466e-02 -5.2194043156e-02 4.6060725744e-02
3.4912506212e-02 -5.1579210462e-02 4.6278957488e-02
3.2771238142e-02 -4.4561795247e-02 3.7007092756e-02
1.0584064660e-02 -2.2712881882e-02 4.4343783043e-02
3.8985796828e-03 -3.1965766902e-02 2.9847164431e-02
-2.6155009027e-02 -4.7566919197e-02 4.8640762169e-02
-1.4841949440e-02 5.5565455497e-02 -7.6068690164e-02
4.5434201044e-02 1.7196745234e-01 2.1567830389e-02
6.7657313635e-02 2.7835607323e-01 2.8147915532e-01
-1.2190668814e-01 -1.6380098050e-01 2.2302654068e-01
-5.2302783392e-02 -3.0948448681e-01 5.0536249059e-01
9.8735931644e-02 2.0312097826e-01 7.4948795245e-01
-1.2544719121e-01 -4.2981137048e-01 -1.1014046961e-01
-4.0246948827e-01 -5.6981494646e-01 -2.0572452510e+00
3.8350227232e-03 -1.1271222199e-02 3.8390388340e-02
2.5081954624e-02 -2.3940979126e-02 4.5834786722e-02
1.5709910331e-02 -2.5359021354e-02 4.8898203974e-02
2.0468729071e-02 -2.4622833261e-02 4.5810224150e-02
1.3853255458e-02 -2.0863537380e-02 5.2520972835e-02
1.5308317921e-02 -2.8814286345e-02 3.2060433193e-02
6.3761401852e-03 -2.2685460289e-02 5.7297825694e-02
-1.8009256925e-02 1.1268953619e-02 1.1976989226e-02
3.1699326001e-02 -1.2762466813e-02 -3.0796021740e-03
7.8231330584e-02 -7.1106530171e-02 1.9332753816e-01
-7.4916066152e-02 -6.4941871183e-01 2.4691647270e-01
-2.8115924269e-01 -9.0857893841e-01 5.2496116424e-01
-1.0175855002e+00 -8.1175675827e-01 3.5805949341e-01
-1.9353921340e+00 -1.1089130795e+00 -8.2382176204e-01
-1.1138814554e+00 -4.3974355730e-01 -1.3230108725e+00
2.2353951593e-02 -1.6505669263e-02 3.6013924114e-02
4.1952876813e-02 -3.3050710062e-02 3.6769730735e-02
3.2641703536e-02 -3.6109165174e-02 4.2887337369e-02
4.0600710989e-02 -4.4466887589e-02 3.6999948922e-02
3.2870962510e-02 -3.5712959417e-02 4.0289615127e-02
2.4877269658e-02 -4.3702341357e-02 2.5758870026e-02
1.7940947471e-02 -3.9582528888e-02 4.4137155309e-02
4.3035412817e-03 -3.8545469226e-02 3.8429997686e-02
1.4668020699e-02 -7.6798219990e-02 3.7603720072e-02
1.1763644081e-01 -1.4975735348e-01 1.8419594756e-01
-1.1462517445e-01 -6.5995872627e-01 3.2559621352e-01
-5.8712207457e-01 -1.0592693709e+00 3.0093621501e-01
-1.2144064502e+00 -8.0726997190e-01 5.7811776540e-03
-1.2830001487e+00 -5.6736152524e-01 -4.4993033236e-01
-3.2544242464e-01 -1.0857238038e-01 -2.2935480452e-01
1.5333324405e-02 -1.6820910707e-02 3.0661432443e-02
4.0780345290e-02 -3.1252316103e-02 3.3269184091e-02
3.4601921552e-02 -3.9876113880e-02 4.1385609758e-02
3.8373630091e-02 -4.1198572149e-02 3.8079847200e-02
2.1778590548e-02 -3.4871320612e-02 4.1666835974e-02
2.1582304175e-02 -3.8403965549e-02 2.9227775476e-02
2.4797437672e-02 -3.9089749154e-02 4.0926586345e-02
-6.8485178492e-05 -3.3766649585e-02 3.0707741002e-02
-1.3534482441e-02 -5.1113017926e-02 6.3898666366e-02
-4.4546050689e-02 -1.1541203525e-01 1.1691299381e-01
-1.5980565749e-01 -2.9894034711e-01 1.6584472415e-01
-3.5281674931e-01 -4.0262749879e-01 5.6539117163e-02
-2.4040839278e-01 -1.7413055155e-01 2.0741303134e-02
-1.5752534357e-01 -2.6897506127e-02 -2.5652829442e-02
-1.8484423006e-02 1.0033619936e-02 -1.6825077011e-03
4.8890020211e-03 -8.2134031477e-03 2.9690675889e-02
3.8150374847e-02 -3.3369370279e-02 3.4398185814e-02
2.2174663386e-02 -3.4688181898e-02 3.5651463464e-02
2.3043670918e-02 -3.0834576194e-02 3.1476496671e-02
1.2101565654e-02 -2.1965616455e-02 3.5199830107e-02
1.2949690267e-02 -3.0326293919e-02 2.8120835917e-02
3.8516932422e-04 -2.8278446501e-02 3.9921969013e-02
-7.9595233780e-03 -2.1223456856e-02 3.0012679146e-02
-3.6672965418e-03 -1.8399003991e-02 3.5170059201e-02
-3.6157199232e-02 -4.7479081847e-02 7.1829216204e-03
-3.9803576828e-02 -9.5412131440e-02 1.6143031356e-02
-7.4956936805e-02 -6.7199660607e-02 7.5288776986e-03
-1.3726514651e-02 1.5600494155e-03 3.3715341624e-02
-6.6231384730e-03 2.5057475171e-02 5.0384643577e-03
-5.1052871675e-03 -3.4423044024e-03 -2.4183220414e-02
4.4517004233e-03 -8.6939154842e-03 2.9935955578e-02
4.1344634747e-02 -2.6692334526e-02 3.3921503514e-02
1.9451406154e-02 -3.1130517388e-02 3.7963966864e-02
2.6858076505e-02 -3.0509281647e-02 3.5101843459e-02
5.0278204451e-03 -1.6314094272e-02 3.9807233270e-02
9.8721075203e-03 -2.6390102755e-02 3.1981991568e-02
1.4222860970e-02 -3.2292248128e-02 4.3129086933e-02
-6.4232785257e-03 -2.7815971870e-02 2.9625207950e-02
1.7077994119e-03 -8.7678197753e-03 1.8635552701e-02
-1.1889907964e-02 -4.9002371959e-03 -1.1504480443e-03
1.7625527113e-02 -6.5517121278e-03 5.5461365775e-03
-8.7169957434e-03 1.3480771948e-02 2.0560903343e-02
3.9447314026e-03 1.4897157521e-02 4.8814844120e-02
-8.5897292825e-03 4.0155472608e-03 2.1198064483e-02
-2.8762438423e-03 -1.3144197397e-02 -2.6428072579e-02
9.3475067855e-03 -1.0910139316e-02 2.9851987860e-02
3.4612406921e-02 -2.2183538815e-02 2.5876466865e-02
1.5654642363e-02 -2.6234157319e-02 3.3306812311e-02
1.6467907146e-02 -2.4624731941e-02 2.7812675042e-02
3.9621901259e-03 -1.0612140477e-02 3.3570221743e-02
9.6774359359e-03 -2.4879699074e-02 2.7879075439e-02
1.5509321397e-02 -2.5607794688e-02 3.5018962976e-02
-7.6977162343e-03 -2.0983716264e-02 2.5233476484e-02
4.6637587551e-03 -1.2463447265e-03 2.1157934821e-02
-1.5858706548e-02 -4.7322592855e-03 1.7700592263e-03
1.6836567576e-02 -5.7520310232e-03 7.6181204152e-03
-1.1265420296e-02 2.2157170126e-03 3.2613430426e-02
4.2145542519e-03 6.3736264909e-04 6.2728717881e-02
9.3635653365e-03 -6.0403909483e-03 3.3867142944e-02
-2.9103443412e-03 -1.5452255886e-02 -3.0759400840e-02
3.5365836758e-02 -3.0230483226e-02 3.5688330399e-02
6.2412728318e-02 -4.9453998174e-02 2.9236253165e-02
5.0695200801e-02 -5.3750616583e-02 4.3070741602e-02
4.3584585649e-02 -5.5635953846e-02 3.7731277261e-02
3.7920279737e-02 -4.1555956475e-02 4.8971368894e-02
3.5838645111e-02 -5.5531444030e-02 3.3197363718e-02
3.4388929412e-02 -5.2837197496e-02 4.0538861106e-02
2.0178415086e-02 -4.7985646052e-02 3.1295358744e-02
3.0563433942e-02 -2.7743114824e-02 3.3415055316e-02
1.6685416418e-02 -3.4414351803e-02 1.7791523966e-02
3.0667871047e-02 -2.7870864688e-02 2.6245545193e-02
8.1257378413e-03 -2.0681781737e-02 5.4347181954e-02
2.5666873342e-02 -6.5330995708e-03 7.9903122493e-02
2.4675980959e-02 6.5170659551e-05 4.0241356915e-02
1.7089293448e-02 -1.4407798531e-02 -1.1281923521e-02
-5.5421899170e-03 7.9281082629e-04 4.6569187621e-02
7.5246048225e-03 -8.4179728309e-03 5.1684004620e-02
5.1504593057e-03 -2.4733854968e-02 5.5881662132e-02
2.2558841778e-03 -3.4960422918e-02 5.0180221682e-02
-4.2507659258e-03 -2.4119552722e-02 3.8019403646e-02
-2.7627548684e-03 -1.8269011945e-02 3.0607873340e-02
1.8901215987e-04 -1.9833182334e-02 3.4735885691e-02
-2.9556071768e-02 -1.4132142046e-02 2.7454745826e-02
-3.5503700647e-02 -2.8351340561e-03 2.8565905477e-02
-5.5012834511e-02 1.2886005253e-02 1.8063489128e-02
-4.9647581855e-02 7.6291948925e-03 3.6693982062e-02
-7.2481694245e-02 2.1371409502e-02 2.2928622094e-02
-7.4628542753e-02 2.2336696360e-02 5.4319088805e-02
-5.9949962514e-02 3.3032805406e-02 1.8514276855e-02
-1.6991901239e-02 1.4254778319e-02 1.9086331103e-02
7.6550880405e-03 -2.0218549788e-03 4.7092625943e-02
1.3755541183e-02 -1.4224937170e-02 5.1102274678e-02
9.3196334164e-03 -3.2417706112e-02 5.5728018085e-02
2.1158612675e-02 -4.1752973242e-02 4.7926255837e-02
1.0611266336e-02 -4.0036123186e-02 3.7153201237e-02
9.2415887552e-03 -3.4796333505e-02 3.0826366168e-02
1.4954404856e-03 -3.9049707793e-02 3.4113690045e-02
-1.0739791567e-02 -2.9922278146e-02 2.3865517811e-02
-2.3593248355e-02 -1.3873049842e-02 2.1917519705e-02
-3.9886917158e-02 2.9767030446e-03 8.5712809842e-03
-4.3118129383e-02 1.5847381461e-03 2.8850164030e-02
-4.4191395440e-02 1.2857270453e-02 1.8654820789e-02
-2.7005511087e-02 8.0621215177e-03 5.1829401683e-02
-1.0734073613e-02 1.7885413491e-02 1.0260513002e-02
8.2517882781e-03 1.0588538754e-02 1.1096727524e-02
-1.2412212897e-02 7.5067995985e-03 3.0773068358e-02
2.0857561676e-03 -1.1723363976e-02 3.9793634912e-02
-5.7939298028e-03 -2.5592562310e-02 4.1672434038e-02
1.0601644929e-02 -3.4605747865e-02 3.8667316745e-02
-1.2792083371e-03 -1.9175292196e-02 2.3381892149e-02
-4.5765003346e-04 -9.1927287945e-03 1.9874115540e-02
-3.6230292818e-03 -9.2585680620e-03 2.1851306515e-02
-1.6515656183e-02 -3.2568112316e-03 7.9997493400e-03
-2.2542858301e-02 7.7220114408e-03 2.0972982824e-03
-4.1994515555e-02 3.8027914897e-02 -2.1452610859e-02
-3.7334114697e-02 2.9488586905e-02 5.9354474702e-03
-4.5729849337e-02 4.6375616937e-02 -9.3753781122e-03
-3.7964383667e-02 3.5358205281e-02 2.0545107308e-02
-3.3439031097e-02 4.0581290845e-02 -2.1383272526e-02
-1.4072585431e-02 2.6867532054e-02 -2.0783243844e-02
6.5820503539e-03 1.2474121157e-02 2.7520338475e-02
2.2336769856e-02 -1.6534898515e-02 3.6296211307e-02
9.0783994096e-03 -2.2238484223e-02 3.4967773032e-02
1.7084327432e-02 -2.3989215595e-02 2.3687444321e-02
4.9151014078e-03 -2.4354132484e-03 1.0252402762e-02
1.8333486584e-02 1.0961955956e-03 1.0095620125e-02
1.5898463844e-02 -6.7843475670e-03 1.2473703620e-02
1.1656860985e-02 -4.1658485157e-03 2.8276857262e-04
-1.9273740250e-03 1.5217660774e-02 -9.1779585261e-03
-7.8610758469e-03 2.3015676921e-02 -2.0476651630e-02
2.7814425729e-02 -2.6564097857e-02 3.9129692779e-02
1.3464102112e-01 -1.1891355259e-01 1.3448491810e-04
6.6658001852e-02 -5.8290146121e-02 -4.3283248986e-02
-1.7083111069e-02 3.2044419057e-02 -3.8932289591e-02
-4.6834012823e-03 1.0769799839e-02 -3.6354547501e-02
-3.0453085389e-03 1.1252740379e-03 3.0806357036e-02
2.1545676721e-02 -1.9005031510e-02 3.4203036999e-02
-5.9856909681e-04 -2.3693484129e-02 3.6610418284e-02
-5.0869296726e-03 -1.9699352958e-02 2.5481321291e-02
-1.6823507438e-02 4.2340506300e-03 1.2327044435e-02
1.9605875743e-03 1.8285702512e-03 4.0613092502e-03
7.1804656708e-03 -6.7225386712e-03 6.8392821813e-03
-1.1930435793e-02 -9.5810834109e-03 -7.7718313036e-03
-1.6828722267e-02 -2.9856582763e-03 -9.6392578629e-03
-1.3069886178e-02 -2.7234497285e-02 1.3728979666e-02
1.7258571093e-01 -3.5175516953e-01 2.5584285765e-01
5.9981292478e-01 -9.2601503531e-01 1.7696276218e-01
5.3920940209e-01 -6.2168790346e-01 -3.5975563070e-01
6.8731589306e-02 -7.8353079426e-02 -1.5211789659e-01
-1.8773797121e-02 5.5052773995e-03 -3.8540068887e-02
1.9732247442e-04 -1.3036681457e-02 3.9679907691e-02
2.4893419819e-02 -3.3318076873e-02 3.7131308560e-02
1.4307078240e-03 -3.6380374363e-02 3.9483589240e-02
-8.6681077551e-04 -4.0918009005e-02 3.2376554924e-02
-1.0108874077e-02 -1.7827298377e-02 2.9414307722e-02
-2.4318230068e-04 -2.4793028535e-02 1.2358429293e-02
6.0177955881e-03 -3.1751959738e-02 1.8140750655e-02
-8.6093980320e-03 -3.6311098999e-02 1.0608903999e-02
-2.4882412092e-03 -3.5783960078e-02 2.6037238926e-02
-1.6758305832e-02 -7.1764318577e-02 8.6239033913e-02
2.1752613738e-01 -7.2698582453e-01 5.4014882762e-01
5.7466784896e-01 -1.4374330620e+00 5.9304126888e-01
8.6045408445e-01 -1.0093460164e+00 -7.5705346655e-01
4.1026472316e-01 -3.5639043990e-01 -6.2242702810e-01
3.5413505166e-02 -3.4091008326e-02 -7.2985091797e-02
1.7882333416e-02 -3.4399971581e-02 4.2588958008e-02
4.0960471425e-02 -5.2721166568e-02 4.3851647649e-02
7.5286185366e-03 -5.7831762240e-02 5.1643348705e-02
1.0748217068e-02 -5.1581442995e-02 4.7082105162e-02
-8.0513836508e-03 -2.7714045627e-02 3.6076382789e-02
1.4302456324e-03 -2.2184464697e-02 2.0806234525e-02
-4.1095924363e-03 -2.5740860544e-02 2.4752406643e-02
-1.3171253978e-02 -2.7037369820e-02 1.5330590678e-02
-8.2257521412e-03 -4.9784769726e-02 3.4295249003e-02
-3.2485934520e-03 -4.4047118825e-02 1.0603485020e-01
9.2891324926e-02 -6.2250048380e-01 4.6986759381e-01
7.4426401881e-02 -1.0438421732e+00 7.4019059498e-01
4.3541650213e-01 -9.7338908478e-01 -4.9764236833e-01
6.5415664567e-01 -7.6648273528e-01 -1.2994805442e+00
1.8404799357e-01 -1.1937058998e-01 -3.3725548777e-01
7.9466740758e-03 -1.9880783485e-02 3.7191109674e-02
4.4247559632e-02 -4.6333639155e-02 4.7540340862e-02
1.1628297359e-02 -4.1511875421e-02 4.6883963757e-02
9.4622454148e-03 -3.4096550119e-02 3.8836849428e-02
-1.7993391180e-02 1.8016664749e-03 2.0443940388e-02
-1.6272077820e-02 -1.3812917529e-03 9.5778104082e-03
-9.3567849602e-03 -1.0526932157e-02 2.0234217916e-02
-2.9289829467e-02 1.9643184383e-03 6.5031178807e-03
-1.7954378423e-02 -2.4613146676e-02 5.1963537535e-02
-3.4678624615e-02 4.3236628918e-03 1.3490569437e-01
-3.7512640807e-03 -4.7096216469e-01 4.1196409285e-01
-1.9439411372e-01 -1.0793224415e+00 8.7479528996e-01
-2.9867919623e-01 -1.4395257805e+00 4.4261726408e-01
1.5460460241e-01 -1.4800080249e+00 -1.0428860152e+00
1.9577490935e-01 -6.1202816241e-01 -8.7967898090e-01
1.0548266099e-02 -2.0658150221e-02 4.3078084204e-02
3.2025248848e-02 -3.6671532769e-02 4.9072600224e-02
1.2300740404e-02 -4.0415966171e-02 4.6059438143e-02
9.5539397344e-03 -3.0631030471e-02 3.7018412414e-02
-5.8522319332e-03 -1.0717237620e-02 2.7913212233e-02
-8.4199896619e-03 -8.6937726535e-03 1.9784380301e-02
-7.5549113715e-03 -2.0855426966e-02 2.9097337819e-02
-2.5555634875e-02 -2.1314115183e-02 1.5361696027e-02
-1.7300952013e-02 -1.7949846714e-02 5.7612482979e-02
-4.9364193307e-02 -3.6959052687e-02 1.3199724256e-01
-1.3995221895e-01 -4.1185335967e-01 3.3093210129e-01
-3.4532097214e-01 -9.5107376672e-01 8.6503634109e-01
-8.6393438317e-01 -1.6538444745e+00 8.0220135576e-01
-9.6841402569e-01 -2.0543207769e+00 -5.2533329797e-01
-3.3717124813e-01 -9.3621398856e-01 -1.0203035809e+00
-1.2231491712e-02 -8.9677672926e-03 3.7553406682e-02
2.5946120519e-03 -1.4262916932e-02 4.7579191201e-02
-5.8965053145e-03 -2.3870348054e-02 4.3335696645e-02
5.2622935341e-03 -2.6652752961e-02 4.5579385703e-02
-9.6434314834e-03 -1.5055052902e-02 3.8877312286e-02
-1.4568313510e-02 -1.2900615866e-02 2.6351981561e-02
-8.9144815384e-03 -1.7265803176e-02 3.8946597028e-02
-3.5924653017e-02 -2.9420809023e-02 2.5257306983e-02
-3.4842189260e-02 -2.6342415063e-02 4.0372868445e-02
-7.4296264984e-02 -5.8537799758e-02 4.7708807108e-02
-1.3995618936e-01 -3.5830975349e-01 1.6761868292e-01
-3.1237915495e-01 -6.2214020275e-01 5.2391470393e-01
-9.5514368466e-01 -1.2097670019e+00 5.0484903436e-01
-1.2648803415e+00 -1.3825806602e+00 -3.3228304986e-01
-4.2699349343e-01 -4.3220804575e-01 -4.2782456426e-01
5.4878285751e-03 -8.1813083550e-03 4.1487430020e-02
1.5986648653e-02 -2.0700116027e-02 4.4487251862e-02
1.1863988168e-02 -2.8864369937e-02 4.5327239811e-02
2.1264296652e-02 -3.2634530794e-02 4.4912807112e-02
1.0760169242e-02 -2.7823916432e-02 3.9781975812e-02
-3.8722038288e-04 -3.2392469215e-02 3.1526569358e-02
1.5953496001e-04 -3.2719324871e-02 4.0547480975e-02
-1.3952547310e-02 -3.7815734300e-02 3.3860474827e-02
-1.8493797000e-02 -2.6463072064e-02 3.3398313133e-02
-3.5375247639e-02 -3.4309131177e-02 1.5019597081e-02
-6.6034311738e-02 -1.5597711192e-01 6.2142789668e-02
-1.7570393323e-01 -2.7446551185e-01 1.2253844345e-01
-3.2435696891e-01 -3.2576406019e-01 1.4779393727e-01
-3.4987868274e-01 -2.7559225620e-01 -4.8960674782e-02
-7.3411902754e-02 -4.4119768508e-02 -3.7781278752e-02
-3.0976222198e-03 -8.7001334134e-03 2.9994378136e-02
1.0444946231e-02 -2.1471057611e-02 3.8585760571e-02
7.7046869340e-03 -3.0948551511e-02 4.0035081274e-02
1.2690654046e-02 -3.4099707350e-02 4.0189749632e-02
9.2509487733e-04 -2.8840982190e-02 3.7046019318e-02
-1.1174290592e-02 -2.4780977553e-02 3.1332863739e-02
-7.8236084684e-03 -2.5498408962e-02 3.9591026167e-02
-2.9229707657e-02 -2.0140063083e-02 2.6217067178e-02
-2.6993707266e-02 -1.1753444775e-02 1.8335223001e-02
-4.7965385413e-02 3.4933684155e-03 -7.1206887727e-03
-2.6073618703e-02 -7.6165656488e-03 1.3038686046e-02
-6.0267984800e-02 -1.2993963491e-02 5.6581675673e-03
-4.1037068106e-02 1.7159806998e-04 4.8999467958e-02
-4.6309713030e-02 2.8466265053e-02 -1.9592882548e-03
-6.4092016732e-03 3.4862057942e-02 -5.5901626182e-03
-1.0245881811e-02 2.1437735174e-03 3.1821103629e-02
1.3693018752e-02 -1.7430026088e-02 4.0297546622e-02
3.1489904224e-03 -2.2039662269e-02 3.9199256142e-02
6.6633883603e-03 -2.3290670962e-02 3.6720020643e-02
-1.0566344524e-02 -1.1994484255e-02 3.3726813200e-02
-9.9053410704e-03 -1.3683297304e-02 3.6605969953e-02
-8.0145002337e-03 -1.7918027742e-02 4.7058296754e-02
-2.2488763234e-02 -1.8208504143e-02 3.5714635990e-02
-1.6772492201e-02 3.2442739677e-03 2.3486677508e-02
-3.4067867417e-02 1.2334947053e-02 -3.4545701645e-03
5.1161837183e-03 8.1990047594e-03 1.3513124057e-02
-2.2847030440e-02 2.1386667464e-02 7.1828053371e-03
-7.7864913890e-03 2.5739058918e-02 3.9245603370e-02
-1.4398923459e-02 2.9636301347e-02 -7.8187238261e-03
3.4786212356e-03 1.2255088000e-02 -2.3119387582e-02
-8.8656087343e-03 -9.6683293896e-04 2.9232476729e-02
1.5983026268e-02 -1.8793841378e-02 3.4016564780e-02
-2.1573563678e-03 -2.2486260111e-02 3.5424761775e-02
-4.1223110523e-03 -2.2296751532e-02 3.1958408774e-02
-2.1073408006e-02 -9.1393676775e-03 3.3097582859e-02
-1.4985889275e-02 -1.2542714787e-02 3.1528257623e-02
-7.8071476761e-03 -2.1148138310e-02 4.1780901129e-02
-2.6152736996e-02 -2.5003590145e-02 2.7990538442e-02
-2.4814345905e-02 -8.7318692675e-03 1.5844684643e-02
-4.1787627591e-02 -3.5230783233e-03 -1.5764687563e-03
-8.1514083262e-03 -1.8829239055e-03 1.1545738978e-02
-4.3518907434e-02 1.2755264847e-02 1.6351209812e-02
-2.6858007635e-02 1.5534580451e-02 4.2370754757e-02
-3.3895240230e-02 1.7628307128e-02 -2.9527744804e-03
-1.4697058231e-02 5.6513029622e-03 -2.6124295901e-02
-1.3042149493e-02 -4.4431857342e-03 3.4366320996e-02
3.8755025499e-03 -1.3442905994e-02 3.2920466566e-02
-7.0217910361e-03 -1.9574847765e-02 3.6644405959e-02
-2.6022916649e-03 -1.9274822299e-02 3.4125941480e-02
-1.9309077629e-02 -5.1986856791e-03 3.6482561403e-02
-1.7076830992e-02 -1.4213825068e-02 2.7039229987e-02
-9.6450258115e-03 -1.9222989954e-02 4.1170756551e-02
-2.9172632161e-02 -1.7293150879e-02 2.7258961703e-02
-2.0340183677e-02 -1.7406043589e-03 2.3769265828e-02
-4.3682370295e-02 -1.4994543243e-03 3.5654921644e-03
-3.1882593954e-03 -7.8454476149e-03 2.0233275932e-02
-3.5420351661e-02 7.4566086084e-04 3.3111936172e-02
-1.4425471292e-02 3.5478244053e-04 7.8579508982e-02
-1.4693650113e-02 1.2385335590e-03 3.7143192650e-02
2.7978588828e-04 -3.8591108872e-03 -1.4974988145e-02
9.4765189638e-03 -2.0156135718e-02 3.8366172513e-02
3.1865676727e-02 -3.7922389320e-02 3.5097244677e-02
2.8377359583e-02 -4.3551950019e-02 4.3955686662e-02
2.1077928248e-02 -4.1322672451e-02 4.2486469586e-02
1.5619359211e-02 -2.9582384322e-02 4.8599033447e-02
1.1937564722e-02 -4.0932871022e-02 3.5999603962e-02
2.1772541226e-02 -4.1435547560e-02 4.6954594582e-02
2.0208663291e-03 -3.7929058900e-02 3.3799433004e-02
1.0890822345e-02 -2.1124265921e-02 3.6254800614e-02
-1.1020802887e-02 -2.2849766807e-02 1.7321459477e-02
1.0851693479e-02 -1.9222018515e-02 3.5627497592e-02
-9.6332491723e-03 -1.5737824533e-02 5.4212624375e-02
1.0067381799e-02 -6.4638809139e-03 9.2035023849e-02
9.3858327424e-03 1.3613515720e-03 4.1053596603e-02
1.7223219570e-02 5.6698317146e-04 -7.2799688495e-04
