-1.9422093273e-02 -3.9389252807e-02 6.6792870159e-03
-3.8328979569e-02 -5.8110215580e-02 8.2249054458e-03
-4.7434262516e-02 -6.3111661566e-02 7.8482015682e-03
-6.0582496401e-02 -8.4562371045e-02 -3.7462676528e-02
-1.4608285339e-02 -1.1237821195e-01 -1.4896900875e-03
-1.3507636000e-02 -1.3430369305e-01 -2.7889004982e-02
5.0157726461e-03 -1.4241291071e-01 -2.6934139548e-02
4.9771775871e-02 -1.4797782378e-01 -4.7812604030e-02
5.2691910657e-02 -1.4552883850e-01 -4.7035129279e-02
3.4233456923e-03 -1.8236743060e-01 -7.4439101128e-02
-8.1849702916e-02 -2.0276253722e-01 -5.5194195090e-02
-7.5986928268e-02 -1.9612894183e-01 7.4359485424e-04
-6.6333079503e-02 -1.2740653255e-01 6.5135203723e-02
-1.0794136669e-02 -1.2034876853e-01 4.8008254662e-02
-2.0524958231e-02 -8.6434563210e-02 4.6701724204e-02
-2.9895738813e-02 -3.0672796020e-02 -2.9566796636e-03
-4.9000487776e-02 -4.2022055085e-02 -3.4066310652e-02
-5.9730971965e-02 -4.9454731097e-02 -4.2801757930e-02
-8.5111887266e-02 -6.7373629625e-02 -8.5252653949e-02
-3.3557002488e-02 -9.0203044100e-02 -4.6191165106e-02
-5.2868655264e-04 -6.9711537101e-02 -4.2850477156e-02
1.1183815572e-01 6.1958343949e-02 4.5417269842e-03
2.3371919899e-01 2.0179588022e-01 -4.2866665263e-02
2.5953879177e-01 2.4067561161e-01 -1.1324830142e-01
1.0743760445e-01 6.4950417405e-02 -1.5505292358e-01
-8.7914739487e-02 -1.3231498236e-01 -1.3524172674e-01
-9.0282879877e-02 -1.6046772423e-01 -1.7027535681e-02
-6.7963726390e-02 -1.1235139628e-01 5.1040418114e-02
-9.4003207187e-03 -1.0821561466e-01 4.0339276800e-02
-2.0051634500e-02 -1.0805315030e-01 2.9039376828e-02
-3.1340170766e-02 -4.5403175997e-02 -9.7450523612e-03
-4.1450091944e-02 -6.4225799970e-02 -3.4765830183e-02
-6.5858333058e-02 -8.1668820400e-02 -5.8815801372e-02
-7.6774828286e-02 -7.8834805295e-02 -9.9607856342e-02
3.0937164647e-02 -2.1431944866e-02 6.6358181489e-03
1.5218048496e-01 1.9677186444e-01 7.9148109437e-02
3.5173297156e-01 5.7072170644e-01 1.5745718100e-01
4.5166762423e-01 7.9366778316e-01 2.0428591482e-02
4.1673214468e-01 7.1342263542e-01 -1.7111923195e-01
1.6763641173e-01 2.8509616411e-01 -2.1863573512e-01
-7.1125376046e-02 -8.0694367657e-02 -1.9849654517e-01
-7.9902020936e-02 -1.4195522788e-01 -8.9825588924e-02
-6.4252998767e-02 -1.1060213289e-01 -3.7464148586e-03
-1.3778414419e-02 -1.0184859841e-01 1.5420757101e-02
-2.8316669899e-02 -9.7731367932e-02 9.2387330563e-03
-3.3613745516e-02 -2.6659462474e-02 -2.0105441842e-02
-4.1119841396e-02 -5.6698865551e-02 -7.7758102589e-02
-4.4940747051e-02 -6.7813121754e-02 -1.0938297421e-01
1.0214487964e-03 5.9220178648e-03 -5.4458587703e-02
1.8932544507e-01 2.9633417558e-01 1.6470372124e-01
3.2411703658e-01 6.9034173779e-01 2.6097221588e-01
4.1019821062e-01 1.0803325063e+00 2.8282429577e-01
3.4437181648e-01 1.0381242275e+00 7.4228805675e-02
2.1689214730e-01 6.5420187664e-01 -1.3720641834e-01
6.3700893849e-02 1.4337595743e-01 -1.2142127890e-01
-8.8697571136e-02 -1.3436501112e-01 -1.2325489064e-01
-5.2666691965e-02 -7.0815381120e-02 -9.5800547445e-02
-4.7715591368e-02 -6.5392810700e-02 -1.5387947916e-02
-9.2558075052e-03 -7.0425883801e-02 9.7378236534e-03
-2.2130839249e-02 -7.2972951773e-02 3.2076546344e-03
-5.3042037727e-02 -5.2128264933e-02 -2.6307873222e-02
-5.7434200661e-02 -7.5878580467e-02 -5.4884764174e-02
-4.0544532049e-02 -6.1672667049e-02 -5.7694029175e-02
3.9591149245e-02 1.4567673535e-01 8.2615306246e-02
2.2369193786e-01 6.7261879408e-01 3.2953369996e-01
2.8198232093e-01 1.0489967704e+00 3.6099343117e-01
2.7101637992e-01 1.1807023676e+00 2.6659903275e-01
1.8167276122e-01 9.1601399522e-01 4.3976180076e-02
1.0506725135e-01 2.6363141746e-01 -8.7452339626e-02
3.4679588049e-03 -1.8357965823e-01 -3.7790922828e-02
-7.7481522389e-02 -2.5140232713e-01 -5.8159565342e-02
-5.2231707463e-02 -7.3660863837e-02 -5.7443985736e-02
-2.7128921771e-02 -7.1242937237e-02 -2.0797287075e-02
-6.9513611593e-03 -7.0691323694e-02 6.5620065053e-03
-1.8182909256e-02 -6.6615029251e-02 5.4514988794e-03
-5.8808746113e-02 -6.0206195015e-02 -3.8852507016e-02
-5.3662162925e-02 -8.6040401283e-02 -7.8442443932e-02
-4.6057830047e-02 -5.5831702359e-02 -4.7463491910e-02
-7.8887986311e-03 2.5727026666e-01 1.2390752363e-01
5.2394498367e-02 9.4045495953e-01 3.7586766541e-01
6.0198926981e-02 1.1710814930e+00 3.2428898505e-01
2.3623637011e-02 1.0481151795e+00 1.7585723341e-01
2.3604108012e-02 7.6856998008e-01 3.6695608437e-02
-3.1225135318e-03 7.8073615394e-02 -1.6971293901e-02
3.0233120845e-02 -4.2716965239e-01 2.7335373628e-03
1.2229174974e-02 -3.3895201358e-01 -1.1273737195e-01
-5.3892811177e-02 -4.8969850946e-02 -1.2266848632e-01
-6.2462176569e-02 -6.2437175665e-02 -3.3588176055e-02
-2.6996213701e-02 -6.9957353462e-02 -4.2827382586e-03
-3.4627705795e-02 -5.8767447922e-02 -6.3883147530e-04
-7.1821602195e-02 -7.4705035320e-02 -4.1076826010e-02
-7.5147614537e-02 -9.7422015944e-02 -8.4891557687e-02
-7.3371236994e-02 -7.3372891063e-02 -5.8282492644e-02
-1.3592131281e-01 2.6290259828e-01 1.2643262618e-01
-2.3803716004e-01 9.5671645684e-01 3.5396622853e-01
-2.7288326525e-01 1.1375250980e+00 2.8077440582e-01
-1.7040540085e-01 8.8125109488e-01 1.4637184446e-01
-1.0658801329e-01 6.6178282101e-01 7.4217098077e-03
-1.0597332753e-01 1.5908467032e-01 1.4356739460e-03
-2.8576553807e-02 -4.5644899124e-01 1.2746972633e-01
7.8250725090e-02 -4.4359584856e-01 5.6001115292e-02
-2.7807189600e-02 -1.0251283606e-01 -5.1626649677e-02
-6.1328840817e-02 -8.8876522994e-02 -1.9973656314e-02
-3.0107085019e-02 -9.6014483265e-02 -3.7270873186e-03
-2.8381621619e-02 -9.1327012876e-02 8.5900685445e-03
-5.3846500891e-02 -6.5261538023e-02 -2.4547967528e-02
-5.2251431173e-02 -8.9904162492e-02 -6.3650454153e-02
-5.4133825396e-02 -1.0655853577e-01 -7.5949273608e-02
-1.3638516131e-01 4.4650769247e-02 -2.5285373966e-03
-2.0896501328e-01 4.4413013426e-01 1.7887750688e-01
4.0551730928e-02 7.9069131023e-01 3.1910517028e-01
5.5458278894e-01 9.1331908382e-01 2.6128168441e-01
8.0993732036e-01 7.7740279549e-01 -3.9755753633e-02
6.3639598161e-01 5.3753093059e-01 -2.6929390508e-01
2.7897024678e-01 4.1789577768e-02 -1.5390797533e-01
1.1384555412e-01 -1.5859778036e-01 7.7456193190e-03
1.5878044890e-02 -6.3925419593e-02 -4.9357194433e-02
-7.8122684680e-02 -1.0942935588e-01 -9.8478050645e-03
-4.8706039710e-02 -1.1238991084e-01 1.1721367592e-02
-4.1705156371e-02 -8.7378017501e-02 8.1697831779e-03
-4.7439250641e-02 -5.7455497653e-02 -7.8317800855e-03
-4.5405591746e-02 -6.8875884048e-02 -3.2908988844e-02
-4.1416443476e-02 -8.8488353497e-02 -4.7558214829e-02
-6.0838076867e-02 -6.9468471777e-02 -3.5245546213e-02
-1.3926110612e-02 2.5197545018e-01 2.3496174455e-01
2.2734993891e-01 1.3409564961e+00 8.5402992391e-01
7.9724836697e-01 2.3895776599e+00 9.3079389415e-01
1.1950368333e+00 2.4388041537e+00 1.4227503477e-01
1.2581556266e+00 2.2974680843e+00 -7.7873165296e-01
9.0224348709e-01 1.4682092331e+00 -1.0357133958e+00
5.5425589578e-01 8.0231674671e-01 -3.6905165603e-01
2.9725640191e-01 4.4722646559e-01 -3.0202079783e-01
-2.0647347144e-02 -7.5253617459e-02 -5.5455198384e-02
-1.9938879120e-02 -1.2257256693e-01 2.1634330741e-02
-1.5461482928e-02 -1.0202590043e-01 1.5040400044e-02
-2.0733500107e-02 -5.5187258443e-02 1.9218705192e-02
-1.8320625248e-02 -5.5365205830e-02 2.3436551769e-02
-1.4957538321e-02 -6.5321433575e-02 1.0589124616e-02
-4.2391119625e-02 -5.2120359341e-02 6.3452298605e-03
-1.2360340540e-01 1.7676625851e-01 2.0199776026e-01
-4.9921331370e-01 1.0889158555e+00 7.8709280927e-01
-8.7614205627e-01 2.4287210080e+00 1.2233632648e+00
-6.8019165408e-01 2.8883677998e+00 5.1898228199e-01
-3.7880071678e-01 3.0421699154e+00 -6.7298569701e-01
-3.1629809490e-01 2.0287947691e+00 -1.2453096843e+00
-1.1501412876e-03 1.2080718194e+00 -5.8352541047e-01
1.5950157003e-01 8.3698182261e-01 -4.2550083066e-01
-3.1249381733e-02 -6.8082293077e-02 -9.8124973961e-02
1.7620053440e-03 -1.2875425130e-01 7.2641544724e-03
-7.4973308269e-03 -8.8009080217e-02 -1.0725300515e-03
-1.2395420657e-02 -5.6090210807e-02 2.3331812061e-02
-1.0033294349e-02 -5.5121214492e-02 8.4954206937e-03
-6.6116943185e-03 -5.1872297186e-02 6.9740574212e-03
-2.4834891454e-02 -4.4442550932e-02 -1.6607414133e-02
-7.0947132011e-02 1.1609730081e-02 4.3432138484e-02
-3.5971142102e-01 3.4104346122e-01 2.9280484654e-01
-1.1154298053e+00 1.1591787910e+00 7.3358330742e-01
-1.6980779676e+00 1.8920881452e+00 5.5480540670e-01
-1.5619950202e+00 2.2137603317e+00 -1.7869238294e-01
-9.8762390122e-01 1.1658104360e+00 -5.9911190797e-01
-3.1985943019e-01 9.0262849406e-01 -3.4363789387e-01
-5.5560774695e-02 7.3794990125e-01 -3.6801240710e-01
-2.8513902850e-02 -6.2375603826e-02 -1.0083815598e-01
1.0560244326e-02 -1.0759211284e-01 -1.9076286667e-02
1.4122427834e-03 -9.2620757298e-02 -3.9489768168e-03
-1.1813078308e-02 -6.4094199273e-02 2.7186312887e-02
-2.9320581310e-03 -6.6327999993e-02 2.4019141920e-02
-4.4613909236e-03 -6.3748807761e-02 1.5665862668e-02
-1.9015499855e-02 -5.6354966471e-02 -9.4314803307e-03
-1.9381123542e-02 -5.5137068847e-02 5.1626777780e-03
-7.5638568972e-02 4.1593083100e-03 4.7833342512e-02
-3.0893286536e-01 2.3153229052e-01 1.8989525621e-01
-7.9366051979e-01 5.9982086095e-01 2.8792060403e-01
-1.0162426511e+00 9.4231083514e-01 1.4648658163e-01
-6.0339572326e-01 7.0780261431e-01 -7.9018623213e-02
-2.1554730996e-01 6.1197919643e-01 -1.5686306012e-01
-1.0211412681e-01 4.2926174214e-01 -2.2939126978e-01
-1.1473965215e-03 -9.3699803225e-02 -8.0680466156e-02
1.9072001477e-02 -1.0989812320e-01 -1.5121978381e-02
7.0534127403e-03 -8.9720160609e-02 7.5956588318e-03
-1.2451077640e-02 -5.2356021448e-02 2.3706469251e-02
-9.8285733398e-04 -5.2766135237e-02 1.0729457125e-02
-2.3450987358e-04 -4.9942193247e-02 -3.0989233115e-03
-9.9339943286e-03 -4.1182181348e-02 -2.6693725357e-02
-4.7506928674e-03 -4.0203845906e-02 5.4936565097e-04
1.0270534403e-02 -3.7406576093e-02 1.7867021010e-03
-1.5635860733e-03 -1.1757330920e-03 1.1085009624e-02
-1.0167268675e-01 6.4795647710e-02 6.2436155256e-02
-2.4774575454e-01 2.0420463667e-01 1.0468292545e-01
-2.0886115485e-01 2.1413318287e-01 5.9811944015e-02
-1.3398004253e-01 2.8149472801e-01 -1.0521341645e-01
-9.1418888471e-02 2.1578304887e-01 -1.5519479198e-01
-4.5899001257e-03 -8.0419138490e-02 -6.5091508460e-02
1.5299436312e-02 -7.9285653394e-02 -1.0067831906e-02
1.3038521498e-03 -6.1425894284e-02 6.8990559122e-03
-2.6894521210e-02 -5.3653757549e-02 1.6162841674e-02
-1.1805675574e-02 -5.3126184255e-02 8.7495914923e-03
-1.1682542379e-02 -5.2413617135e-02 -9.2273260107e-04
-1.3623839626e-02 -5.0942955639e-02 -7.6346620648e-03
-9.2571965615e-03 -4.7262279174e-02 1.4864013118e-02
-5.5706499214e-03 -3.6669086617e-02 1.4468851812e-02
1.4328320086e-02 -2.3659363459e-02 5.2291003503e-03
2.1284542161e-04 -3.0092555438e-02 -1.8872494572e-03
-2.2624115387e-02 -1.9290979323e-02 1.3343631177e-02
-3.4176845806e-02 1.0447241875e-02 1.5939107727e-02
-4.9891656784e-02 7.1298947966e-02 -5.2306165882e-02
-3.4339792476e-02 1.6986746014e-02 -7.7352416998e-02
1.0359411132e-02 -8.4974563430e-02 -3.0006950438e-02
1.8680951262e-02 -7.7251227771e-02 3.5983917853e-03
2.0871960817e-03 -6.0689135946e-02 2.0819334113e-02
-2.5926718621e-02 -5.4886598435e-02 1.0109112097e-02
-1.5638517514e-02 -5.2061959911e-02 1.4294821697e-03
-9.2122444042e-03 -5.3112616046e-02 -1.0213216281e-03
-1.5017254695e-02 -5.9868086220e-02 -1.6624010445e-02
-2.3674064012e-02 -6.1694175670e-02 -3.2873746054e-03
-1.2156495625e-02 -4.5842333679e-02 -1.1926144111e-02
4.1557008047e-03 -3.0531342190e-02 -2.3989385262e-03
6.3093068872e-03 -4.3982216716e-02 -6.6634619337e-03
-5.5463481147e-03 -5.0407649207e-02 -2.3379789525e-03
-6.2953501631e-03 -4.8121342258e-02 -1.0944409490e-02
-8.6827269983e-03 -3.6752124392e-02 -3.4260743392e-02
1.2247840031e-03 -8.0459155839e-02 -3.7830434775e-02
-1.4496518565e-02 -8.6505552708e-02 -2.2412639130e-02
1.2379185118e-04 -7.2525087038e-02 -3.9510459146e-03
-1.4491611585e-02 -4.4248949079e-02 1.7755550327e-02
-3.0113720937e-02 -6.4363690492e-02 1.2928810574e-02
-2.1772286574e-02 -6.4201108468e-02 -4.3157424273e-03
-2.3591091362e-02 -6.5235844484e-02 1.1913551364e-02
-2.4114677860e-02 -7.0761683624e-02 -8.1334399138e-03
-3.2245500393e-02 -7.3772585859e-02 2.9945570791e-03
-1.6117855704e-02 -7.1070615320e-02 -1.1662819514e-02
8.8270347572e-04 -5.8778977461e-02 2.7883278569e-03
-4.8653094796e-04 -6.3849552924e-02 9.1040015765e-03
-8.9587908810e-03 -6.6064899865e-02 2.2057970541e-02
3.7672320096e-04 -6.6399315707e-02 -3.7276653314e-03
5.5217821723e-03 -6.5887181854e-02 -1.1942204101e-02
6.2502664805e-03 -8.2123031425e-02 -1.7111685894e-04
-1.0179438665e-02 -8.9855251857e-02 7.1709711211e-03
2.6726796633e-03 -7.6303988014e-02 1.2651218075e-02
-1.2892143557e-02 -6.9516121314e-02 3.2863836547e-02
-1.3198637036e-02 -2.4440761450e-02 3.0146814002e-02
-2.5043977862e-02 -3.4318359291e-02 3.0990099441e-02
-2.7910228324e-02 -4.6559971975e-02 1.5370238402e-02
-1.0407477715e-02 -5.9780304847e-02 -1.4075165498e-02
4.9733298928e-02 -1.0314111144e-01 3.5158697245e-02
1.0275081044e-01 -9.0434334947e-02 4.4799681168e-02
2.3990895847e-01 -7.0932906454e-03 8.4140175072e-02
4.2318114292e-01 1.0933009339e-01 6.3782298232e-02
4.6835788884e-01 1.6470448811e-01 -4.9441335018e-03
3.4005315494e-01 8.9579509651e-02 -1.2502787444e-01
6.2287596055e-02 -9.9599301697e-02 -1.5969773442e-01
-1.3296359830e-02 -1.6330609056e-01 2.6930530373e-02
-3.1472712702e-02 -1.1927883467e-01 8.3001589108e-02
1.5582120876e-02 -1.1173601229e-01 6.1667789735e-02
-2.0161086753e-02 -8.5368601664e-02 3.2205543139e-02
-1.5817977281e-02 -1.3414298908e-02 2.1234075483e-02
-4.6705569840e-02 -2.9982265139e-02 9.7363184618e-04
-5.0858501385e-02 -3.8617522045e-02 -1.1403105997e-02
-4.4371658162e-02 -2.5775737948e-02 -4.9189037705e-02
1.4413429401e-01 3.7083378471e-02 9.9252982885e-02
4.2142387576e-01 2.9324323621e-01 2.2285300146e-01
8.3716225059e-01 6.6893623453e-01 3.1876478247e-01
1.0679207371e+00 8.7030688668e-01 1.7582201379e-01
1.0285047753e+00 9.2085986873e-01 -5.5982217993e-02
7.0440208877e-01 6.8141544636e-01 -3.5229460914e-01
2.6188631397e-01 2.3990137746e-01 -4.8082377270e-01
-1.3159013607e-02 -9.1557058254e-02 -1.4608134544e-01
-5.4390912791e-02 -1.3006035026e-01 3.4387372713e-02
2.9486950167e-03 -1.1698165909e-01 3.4055117544e-02
-2.5103573109e-02 -1.0904246464e-01 1.6823492624e-02
-1.3107861627e-02 -2.0382339398e-02 1.7976461347e-02
-4.1937748765e-02 -5.6039918388e-02 -3.7729878616e-03
-4.1347382217e-02 -5.3767200485e-02 -2.0826482279e-02
9.1096852463e-02 9.2189310754e-02 7.9597198523e-02
5.2632988203e-01 4.7901961362e-01 4.2846138042e-01
8.0119326110e-01 8.7064265985e-01 5.7656931195e-01
8.8098612845e-01 1.0014461449e+00 4.9958732270e-01
6.9575393190e-01 8.1600322059e-01 1.5417145842e-01
5.8240214009e-01 6.9512442670e-01 -1.1888393834e-01
3.6754657298e-01 4.8868529397e-01 -3.0600092207e-01
2.5412727226e-01 3.1817170292e-01 -6.6266180242e-01
9.6907244074e-02 7.7741761890e-02 -3.5418412832e-01
-2.4829782168e-02 -9.8673640845e-02 -2.4970875917e-02
1.0636444564e-02 -9.8319128500e-02 2.3989914220e-02
-3.3434954179e-02 -9.1756627552e-02 2.9493158482e-03
-2.8268780356e-02 -3.5544360026e-03 4.1358970749e-04
-5.3064713334e-02 -4.1556010590e-02 -5.3720438886e-02
3.5770683405e-02 5.7228438227e-02 8.2174440487e-03
3.6231634047e-01 5.3651958427e-01 3.7818634943e-01
7.4960284499e-01 1.0748494198e+00 7.2845588711e-01
5.7470025312e-01 9.4095770146e-01 5.0124909771e-01
3.4664320696e-01 7.0434780873e-01 1.8786780509e-01
1.6352183930e-01 3.6687444887e-01 -1.6026071746e-02
6.4365070730e-02 7.9673311622e-02 -8.3735405502e-02
8.2785860335e-03 -9.2580880292e-02 -4.6739164204e-02
6.3428351129e-02 9.2625504944e-02 -3.7295316568e-01
7.7480289623e-02 1.3278019147e-01 -3.3120531943e-01
-2.7377775168e-02 -3.1844226783e-02 -5.2051141118e-02
1.5212561589e-02 -7.8331972493e-02 1.5298963467e-03
-3.3504496153e-02 -6.5504863901e-02 -1.1292905582e-02
-4.7792908197e-02 -1.8742329472e-02 -1.3749550621e-02
-5.2926295919e-02 -2.6333660654e-02 -3.7553199028e-03
1.3790260470e-01 2.7227177344e-01 2.3259263600e-01
4.2426522991e-01 9.4216912580e-01 6.8392448149e-01
5.4130492766e-01 1.1556310261e+00 7.1509079766e-01
2.8007034138e-01 8.0684040260e-01 3.0788279743e-01
1.0673570050e-01 4.0993509799e-01 2.1806812233e-02
5.2607995691e-02 -1.1485702105e-02 -2.4953744354e-02
3.1872191663e-02 -4.0696266812e-01 7.2490148289e-03
-3.0660645374e-02 -5.7237108030e-01 1.0761127579e-01
-4.4990620312e-02 -2.6630187374e-01 -9.0926922994e-03
1.5548700894e-02 -7.7829457791e-03 -7.9386952741e-02
-2.2306752523e-02 -4.5834701712e-02 -3.4792631827e-02
1.2484522482e-02 -7.7627480419e-02 3.2162404171e-03
-3.0127198586e-02 -5.5101424704e-02 -5.3386351608e-03
-5.9201896383e-02 -2.8423879607e-02 -1.7147780317e-02
-4.2544682146e-02 1.2018964340e-02 2.2390791429e-02
4.5120065135e-02 4.0644215499e-01 3.2001537941e-01
1.4326932370e-01 9.9098218621e-01 6.6932452348e-01
1.1273132795e-01 1.0083670251e+00 5.2699894851e-01
9.9716660460e-03 6.8302135189e-01 1.7087889742e-01
-2.1738865282e-02 2.1742584965e-01 -4.2725086580e-02
3.6455582922e-02 -3.0536827898e-01 -1.7746644856e-03
3.6306520938e-02 -8.1484836205e-01 6.7808511878e-02
5.4508643553e-02 -9.0914747914e-01 1.3071112967e-01
1.0752407944e-02 -3.6024444310e-01 -5.8210086571e-02
-4.6021173148e-02 6.8521180186e-02 -2.4075957887e-01
-7.3086825683e-02 -1.4268033727e-03 -8.5574378833e-02
-3.4082184929e-02 -5.9859092302e-02 -1.7872134211e-02
-5.0382155434e-02 -4.4921843482e-02 -1.4843772995e-02
-7.0997264079e-02 -4.7649610203e-02 -1.9317740272e-02
-8.5496831527e-02 -2.5733783445e-02 -2.3496369880e-02
-1.1930700569e-01 3.5073949053e-01 2.4256034219e-01
-2.4034148063e-01 9.8374330757e-01 5.9457526910e-01
-2.8136245107e-01 1.0387377691e+00 4.8948211494e-01
-2.1298721045e-01 5.7184596830e-01 1.4854539015e-01
-8.6219706141e-02 1.5173559997e-01 9.3664096536e-04
3.1631861012e-03 -2.3914372947e-01 -3.6744271140e-02
8.4851112619e-02 -7.3743478133e-01 4.3341149966e-02
1.3654952467e-01 -9.6683641371e-01 2.1539935995e-01
2.5028302137e-01 -6.1736523789e-01 2.3669414904e-01
7.9525786178e-02 -4.4107007145e-02 -8.3648395759e-02
-6.8404814061e-02 -4.6122301053e-02 -6.3579015519e-02
-3.8588478244e-02 -9.9032311866e-02 -1.2753893371e-02
-4.0702435423e-02 -8.5064103693e-02 2.5297301714e-03
-4.8222724019e-02 -4.5100222288e-02 -1.0338260265e-02
-7.3058662561e-02 -4.6450340454e-02 -1.1959153933e-02
-1.6017985087e-01 1.9306401854e-01 1.3346532249e-01
-3.4522208739e-01 6.8616556755e-01 4.2558593666e-01
-9.1213992876e-02 8.7301554775e-01 5.4151865194e-01
5.8304994978e-01 5.8822393963e-01 4.1891906065e-01
8.0516237334e-01 1.3850274445e-01 9.5043967265e-02
7.3607358774e-01 -2.5317218833e-01 -1.0376515988e-01
8.2056416322e-01 -4.2423630606e-01 -1.5942216484e-01
7.5441968142e-01 -4.7482209064e-01 -7.8602853778e-03
7.8926383762e-01 -9.2424249675e-02 2.3039366102e-01
5.7442400473e-01 1.6944491910e-01 -1.4475827189e-01
-2.2828975980e-02 -7.0122331321e-02 -6.3036602670e-02
-4.6340489042e-02 -1.0907869623e-01 1.9052815582e-02
-5.0114455121e-02 -8.4050650358e-02 5.3721943885e-03
-4.9092715042e-02 -4.5893705225e-02 5.4954993609e-04
-6.4806732739e-02 -5.9668863944e-02 -3.0984529991e-02
-9.4279967043e-02 8.1629026002e-03 4.4946383811e-03
-7.2824490864e-02 3.3243604972e-01 3.0590003134e-01
5.0704819371e-01 1.3055284866e+00 1.2364940561e+00
1.2162397080e+00 1.5520351070e+00 1.3208275924e+00
1.2564578385e+00 2.2950050006e-01 1.8114618135e-01
8.7404505920e-01 -6.8554815982e-01 -2.6111730267e-01
1.1000754876e+00 -2.6798247348e-01 -2.9843493378e-01
1.6143436392e+00 6.1809925985e-01 -8.7586265267e-01
1.9654280348e+00 1.7408891522e+00 -8.0925930618e-01
1.8345178717e+00 1.7490502711e+00 -1.0934176228e+00
1.4586468643e-01 4.0227944312e-02 -3.2333849193e-01
-1.4180048622e-02 -1.3875693868e-01 7.6231231732e-03
-2.6382281367e-02 -9.8973432277e-02 1.3070261075e-02
-1.7654412438e-02 -4.4008132875e-02 2.8630746196e-02
-6.9942399009e-03 -5.3695050725e-02 3.7019296581e-02
-8.3840195781e-03 -3.7956031202e-02 4.0848822074e-02
-1.1956664147e-01 2.1046687917e-01 2.7393273551e-01
-5.2768569518e-01 1.1956836383e+00 1.1462802833e+00
-9.1716328226e-01 1.6605335812e+00 1.5629699550e+00
-5.6047979865e-01 8.7997787662e-01 7.8285791604e-01
-2.1551212880e-01 -1.9822151312e-01 4.2198534562e-02
-1.8428211123e-01 2.1452183943e-01 -1.9949830347e-01
-9.7247915431e-03 9.8682673921e-01 -1.0586015914e+00
-1.4376418252e-01 1.1906277416e+00 -9.7904627515e-01
6.3468654660e-01 1.9610947116e+00 -7.0190921993e-01
2.3409638877e-02 -6.1041414450e-03 -2.2852668837e-01
8.2174226045e-03 -1.4938748838e-01 -5.8877080878e-03
-6.8188240526e-03 -8.2663988186e-02 -5.1618433230e-03
-9.5829558369e-03 -4.9360147596e-02 4.5327951602e-02
-2.0402320227e-03 -5.8597685276e-02 4.1875386620e-02
5.3917340934e-03 -5.0783516275e-02 3.9579520370e-02
-7.8868055225e-02 5.1138639662e-03 6.4100000640e-02
-4.7660443199e-01 2.3008539381e-01 3.3439107078e-01
-1.4961394704e+00 5.2844748541e-01 9.8074933147e-01
-1.9736633091e+00 1.2419137058e+00 1.2315342491e+00
-1.4707551470e+00 9.7114874324e-01 5.5820514444e-01
-1.1477045695e+00 1.0640685416e+00 -1.5377309223e-02
-9.6235639363e-01 2.6473935361e-01 -4.9118927838e-01
-8.2382721270e-01 3.2191379337e-01 -4.7893424775e-01
-2.5460007112e-01 1.3806691703e+00 -4.2551786094e-01
-4.4939885890e-02 -4.7605661072e-02 -1.8590731300e-01
2.8230615588e-02 -1.2648646667e-01 -3.4550684072e-02
-3.5614727816e-03 -8.2385470926e-02 -9.9009444042e-03
-1.0340033530e-02 -5.5786705506e-02 4.1983246647e-02
-4.1214762038e-03 -6.7297741154e-02 4.0642547632e-02
-3.8471530178e-03 -5.8560785941e-02 3.3489291629e-02
-2.2010484507e-02 -4.4573507177e-02 1.7367942148e-02
-7.5382286850e-02 -8.3379664069e-03 5.6177772120e-02
-3.6108395156e-01 5.5094703050e-02 2.3498004907e-01
-1.0979292150e+00 1.0398399099e-01 4.8275314260e-01
-1.7205294205e+00 2.7455751384e-01 4.8782641525e-01
-1.6644462552e+00 8.8621374721e-01 3.4309372174e-01
-1.0703437349e+00 6.8373248626e-01 1.7535456470e-02
-4.3468515482e-01 5.9167848632e-01 -3.5842774120e-01
-2.7112664184e-01 9.7570095368e-01 -4.1274432108e-01
3.8243649838e-03 -7.9619643838e-02 -1.9459027201e-01
3.9165860274e-02 -1.2478643178e-01 -2.8011506173e-02
-3.2247844962e-03 -7.9248691874e-02 3.3954639957e-03
-1.7165592424e-02 -4.0455200368e-02 4.0461867901e-02
-1.4851621160e-02 -4.7213719345e-02 3.0129680659e-02
-8.7165364230e-03 -4.3818564841e-02 1.8180726015e-02
-1.6899813251e-02 -2.3859169676e-02 5.8973700605e-03
-3.5192409159e-03 -1.8248043781e-02 1.5972525334e-02
-2.6016517121e-02 -5.8117960856e-03 4.6312157413e-02
-1.8378501906e-01 7.7206317917e-02 1.5373417082e-01
-5.6889207495e-01 1.1045003324e-01 3.1221257584e-01
-9.7849687544e-01 5.0050745764e-01 5.0785976917e-01
-7.6079991649e-01 6.0477136400e-01 4.6688411719e-01
-4.4605081675e-01 6.8611101261e-01 -2.0993367015e-01
-4.1868726828e-01 1.0379865344e+00 -2.6725534241e-01
-1.7321551217e-02 -1.6968871314e-02 -1.1888424168e-01
3.4974035475e-02 -1.0328219757e-01 -2.4309394512e-02
-1.6543424273e-02 -4.9465806457e-02 8.8970740583e-03
-3.6369130297e-02 -4.2412886292e-02 1.3832991261e-02
-2.2053864923e-02 -5.1267822437e-02 9.3560351807e-03
-1.4997700066e-02 -4.3080441016e-02 -3.4814998862e-03
-1.6207061669e-02 -3.4082684066e-02 -1.5361776115e-03
-6.7471316217e-04 -2.6164155896e-02 1.2288023451e-02
-7.1544638984e-03 -1.7493533726e-02 2.1380395853e-02
-4.7052342679e-03 -2.0236873156e-03 1.4404424860e-02
-6.9563176968e-02 1.6270771657e-02 5.9806471629e-02
-2.0585416814e-01 1.7173423256e-01 2.3246540885e-01
-2.7537553181e-01 4.2494520848e-01 4.1847467633e-01
-3.9569195177e-01 7.7380612032e-01 -8.7161327937e-04
-4.3800786398e-01 8.7330434172e-01 -2.8732597366e-01
-2.7845635700e-02 1.7561598394e-02 -1.0263053098e-01
3.5282623255e-02 -8.7821209526e-02 -7.8464565161e-03
-1.3579510316e-02 -4.9876229147e-02 1.9363363818e-02
-3.1294745898e-02 -4.3786478745e-02 2.3788424974e-02
-2.2604448887e-02 -4.7753903943e-02 1.1552154073e-02
-1.4972196142e-02 -4.2316464460e-02 9.5073312088e-03
-1.5261973034e-02 -3.5206423662e-02 -7.1707105647e-03
-1.3064053379e-02 -4.3340137737e-02 -7.5162692816e-03
-1.4670000344e-02 -3.0324952613e-02 1.1797278533e-03
1.4862053812e-04 -1.7937921370e-02 -1.0542090253e-02
5.6700218205e-03 -6.3308342184e-03 2.2859244342e-02
-4.8079298198e-02 4.9224626567e-02 6.0096183490e-02
-1.2737475822e-01 2.0281443456e-01 1.0440772964e-01
-1.7838366530e-01 2.6608487516e-01 -2.3179450039e-02
-1.6340479101e-01 2.1742883121e-01 -1.5238605454e-01
-2.8673394018e-02 -2.5908754375e-02 -5.3491856613e-02
5.8109742339e-03 -7.0677540865e-02 -7.5652379485e-03
-2.8396769855e-02 -3.4957073654e-02 1.4572769521e-02
-3.7273903977e-02 -5.6981806741e-02 1.9840893565e-02
-2.9342406162e-02 -6.3221546020e-02 2.4903082145e-03
-2.4658261283e-02 -5.6225768091e-02 8.6001259124e-03
-2.1796555181e-02 -5.2684581528e-02 -7.2274971826e-03
-2.6724834689e-02 -6.1198725075e-02 -3.1295464845e-03
-2.5782327081e-02 -6.5024446091e-02 -1.1643747222e-02
-1.0602276748e-02 -5.2834855600e-02 -1.0405135544e-03
-1.1462814440e-03 -5.7100160908e-02 5.3286879855e-03
-1.5835928637e-02 -4.5626827616e-02 2.1417744764e-02
-2.3798860954e-02 -1.9699309145e-02 9.8673630454e-04
-2.9212021243e-02 -1.4476840862e-02 -3.7910767775e-02
-3.0347247774e-03 -5.2298105365e-02 -3.1801639031e-02
-1.5162229502e-02 -8.2722962245e-02 1.8177384982e-04
-2.7372606808e-03 -8.4248199090e-02 8.7688161983e-03
-2.4127533893e-02 -7.0348526449e-02 2.8271956052e-02
-1.8223519388e-02 -8.4496502786e-03 3.2177419202e-02
-1.1791564099e-02 -1.3985364272e-02 1.6583273980e-02
-1.4672698358e-03 -2.9393863412e-02 2.0230605657e-02
7.2863245676e-02 -3.6365663488e-02 4.8844026171e-03
2.1428145918e-01 -7.0761313154e-02 1.2087363084e-01
4.5266714669e-01 4.2251419440e-02 2.3452756452e-01
8.7862723667e-01 2.7509328925e-01 3.6849739620e-01
1.1035330345e+00 4.5909685044e-01 2.8310290715e-01
1.2680096675e+00 5.9669582779e-01 1.2208798239e-01
1.2571811316e+00 5.9896348991e-01 -2.9401878443e-01
6.7574487970e-01 2.3722439556e-01 -4.7036692791e-01
9.2998650810e-02 -1.1681324561e-01 -1.0362397851e-01
-2.9231339648e-02 -1.2533222050e-01 5.2402258654e-02
9.8378429943e-03 -9.3038682143e-02 4.5427710154e-02
-2.6403373363e-02 -7.5148961558e-02 1.8932409044e-02
-2.2855715055e-02 6.5847872387e-03 1.4659326896e-02
-2.6982047436e-02 -9.6220559870e-03 -9.2415303231e-03
-3.6664063246e-03 -8.6559483517e-03 -2.5614432030e-03
1.1387393083e-01 4.8510782065e-02 5.4138025153e-02
6.2859388454e-01 2.4735928308e-01 4.4863908147e-01
1.0809586355e+00 5.6383821180e-01 6.4543249159e-01
1.2068096065e+00 6.3822209359e-01 5.7304383204e-01
1.0063622811e+00 4.5434410741e-01 2.4732776835e-01
7.0202099408e-01 3.3193615118e-01 6.2307159362e-02
7.1863834945e-01 4.3397459840e-01 -3.2916675407e-01
7.1207893944e-01 4.7241591927e-01 -7.7942434917e-01
1.4900413606e-01 -2.3679485804e-03 -3.7773613377e-01
-4.0056595000e-02 -1.3094307026e-01 6.8600852977e-03
-4.5374053814e-03 -1.0881982210e-01 1.8997591501e-02
-2.3792200587e-02 -1.0394060817e-01 1.0735567043e-02
-4.3197048580e-02 2.9473361178e-03 2.1918188904e-02
-5.0884026051e-02 -2.9597288119e-02 -1.4327015813e-02
6.1522019862e-02 2.7581520709e-02 1.0998596063e-01
5.8551150113e-01 3.4941430369e-01 5.2875809980e-01
1.1482619338e+00 7.0028349302e-01 9.1500324495e-01
8.2893482193e-01 5.4879563838e-01 5.8850663970e-01
5.0023911125e-01 3.4651467772e-01 2.2656298050e-01
2.4450279485e-01 8.9501798061e-02 -6.0078760052e-02
-6.5628668800e-02 -2.3825878431e-01 -3.0139716983e-02
-7.9829629439e-02 -2.3469002473e-01 7.4262071024e-03
1.8403557997e-01 1.6638627002e-01 -3.6615395233e-01
1.1089923992e-01 3.0432248609e-02 -3.2898716588e-01
-3.4676788316e-02 -1.1033530515e-01 -3.5599600380e-02
-4.8534804132e-04 -9.0955517701e-02 -2.1347467196e-03
-3.1426407249e-02 -8.5814389378e-02 -3.7323308939e-03
-6.8676529950e-02 2.6040798120e-02 4.0444990906e-02
-1.4809861470e-02 2.9529426796e-02 6.3403361251e-02
3.7160926780e-01 2.9578761916e-01 4.7805132056e-01
8.2368441637e-01 7.1988400168e-01 8.6483169671e-01
7.1565164161e-01 6.1025324596e-01 6.5869370337e-01
3.2129044507e-01 3.1977617457e-01 2.3116503205e-01
2.3898348806e-01 3.3022047213e-01 3.0136421634e-02
8.1973945239e-02 1.1514468601e-01 -8.9296490462e-02
-3.0167292604e-01 -5.4877156007e-01 5.5880414040e-02
-3.7454065668e-01 -8.5648609985e-01 2.8469646023e-01
-1.7752624834e-01 -4.0372184310e-01 1.8191679834e-01
-1.0930513483e-01 -2.4383460928e-01 1.8445786012e-02
-6.5431896619e-02 -9.9523281852e-02 -1.8186928163e-02
3.6238871773e-03 -6.6410715123e-02 -1.7388566667e-02
-2.8065718820e-02 -6.6765690711e-02 -1.4974916042e-02
-6.2929449517e-02 1.9663432728e-02 6.3436307322e-02
9.3299796348e-02 1.6850891481e-01 2.9054304236e-01
5.0317870292e-01 6.7758880282e-01 8.8174982880e-01
5.6585154178e-01 7.3338041066e-01 7.8646138762e-01
3.7162813316e-01 4.7984735414e-01 4.4766571911e-01
1.5047287455e-01 3.2518158080e-01 1.4861273282e-01
8.5882494605e-02 1.5096857851e-01 -7.5716485918e-03
2.5159347271e-02 -1.7692444433e-01 -1.2971877147e-02
-1.0707736133e-01 -8.3882279968e-01 1.7141173897e-01
-2.3192825633e-01 -1.3604166414e+00 4.8843084545e-01
-2.1543385129e-01 -1.2668749628e+00 6.1450675453e-01
-1.2820554334e-01 -8.1119136557e-01 7.5091572124e-02
-5.1070834958e-02 -1.6930889256e-01 -8.3156321431e-02
-1.8781013424e-03 -5.8803023493e-02 -1.8506773087e-02
-2.5474573218e-02 -5.6231889660e-02 -1.1076992034e-02
-5.1052519417e-02 2.4009692825e-02 8.8382838667e-02
9.1322869481e-02 3.1877221420e-01 4.1871295887e-01
2.3809440750e-01 7.3029093874e-01 8.0028066205e-01
1.6588721815e-01 5.1731022473e-01 4.9870892842e-01
4.7727430724e-02 2.6995622452e-01 2.3494481601e-01
-2.0371473393e-02 2.4298891341e-01 6.6155312510e-02
1.8204053900e-02 2.5588692086e-02 -7.7636357479e-03
7.2910171514e-02 -4.0764580720e-01 5.4097280728e-02
6.1186086748e-02 -1.2116298722e+00 2.0700650025e-01
-5.0103461707e-02 -1.7078049135e+00 5.0981463345e-01
-6.9071898027e-02 -1.6812228269e+00 6.9505655648e-01
5.7734485007e-04 -9.0516109119e-01 -2.0657766000e-01
-7.1257514387e-02 -1.2475024050e-01 -2.1177405955e-01
-3.9049367974e-02 -3.7654928498e-02 -4.6875857083e-02
-4.3369670159e-02 -4.4687639181e-02 -2.1274054686e-02
-6.5856410601e-02 1.0127605618e-02 7.3171997490e-02
-6.6729644498e-02 2.4675029418e-01 2.4023937190e-01
-1.0574514763e-01 5.9341874058e-01 5.4562188473e-01
-1.1825856768e-01 3.2195205771e-01 2.1157089391e-01
-1.0190654730e-01 -8.1073715380e-02 2.1426967285e-03
-1.4653567779e-01 -1.0188618849e-01 -5.3200604212e-02
-2.0244544719e-01 6.6455690493e-02 2.2653701876e-02
-9.1426687864e-02 -2.0785821983e-01 2.8582948386e-02
1.1275889242e-01 -1.1329919796e+00 1.0921960287e-01
1.7867647128e-01 -1.4566140841e+00 3.8245008518e-01
3.0703848902e-01 -1.2553864863e+00 8.0848900518e-01
2.6537560679e-01 -5.8058197086e-01 1.0521244150e-01
-4.6344344318e-02 -8.9398330732e-02 -8.9925088644e-02
-3.5566863368e-02 -7.1749571961e-02 -2.4426065938e-02
-3.3140337916e-02 -8.0460563057e-02 -1.7260765984e-03
-6.2627065713e-02 -2.9108222997e-02 2.2213900243e-02
-1.2802380926e-01 1.4727406577e-01 1.2254253291e-01
-3.6286766931e-01 6.3686358731e-01 4.8966961372e-01
-2.5311304064e-01 5.0599633416e-01 3.6184724637e-01
2.0593278733e-01 7.1688536893e-02 1.6025873801e-01
2.9674787093e-01 -1.6860930568e-01 5.0270209863e-03
-3.0229275343e-01 1.6730682849e-01 6.3314300660e-02
-6.2232017789e-01 3.0112187642e-01 8.0861368168e-02
2.5271756084e-02 -4.1787016045e-01 5.5969198544e-02
2.2408550014e-01 -6.3065803387e-01 1.0892872758e-01
6.6222658022e-01 -2.9735490766e-01 3.3842326088e-01
7.7044840189e-01 -1.8414954865e-01 -6.3645695391e-02
-1.7807636201e-02 -8.6761032041e-02 -7.2250763887e-02
-5.5101454040e-02 -8.2351050043e-02 4.3023114590e-03
-4.8844070187e-02 -6.7304863047e-02 3.6346609616e-03
-6.2954765003e-02 -2.4144067845e-02 2.2025152943e-02
-1.2414440081e-01 6.7208154604e-02 3.3002843901e-02
-3.0050978811e-01 3.7716776216e-01 2.6530000363e-01
1.9139363510e-01 6.7878852884e-01 7.0205279757e-01
1.3102055378e+00 8.2754685018e-01 9.8822747013e-01
1.4091457428e+00 -2.6525660516e-01 6.1016997590e-02
7.1852010283e-01 -9.4398234613e-01 -4.5915115452e-01
-8.0024737886e-02 -4.8112848817e-01 -1.5659200787e-01
8.5039940567e-02 -4.1028919129e-01 5.9128908425e-02
4.9380693641e-01 -1.8024047891e-01 -4.3391052054e-01
1.1185521615e+00 4.4163650617e-01 -7.0595643895e-01
1.7650725579e+00 4.4806334475e-01 -6.7166105635e-01
2.3668839584e-01 -1.1366050487e-01 -2.8222022430e-01
-3.8406808533e-02 -1.1353194234e-01 -1.8610249880e-02
-2.5651573287e-02 -8.9723176903e-02 1.1942109936e-02
-2.9531938632e-02 -3.5929085185e-02 4.1859840439e-02
-1.5611036017e-02 -2.5725179550e-02 3.6582385994e-02
-8.7521819840e-02 6.6062924424e-02 1.1904724690e-01
-1.1043235618e-01 5.5051395030e-01 7.1578078237e-01
-1.8887881749e-01 1.1570544339e+00 1.0932139410e+00
-3.0448195178e-01 5.4118557928e-01 5.7143004085e-01
1.9132338277e-02 -3.1935100782e-01 -9.6536036691e-03
1.0968176836e-01 -4.0653627118e-01 -1.2508421018e-01
-1.2580883745e-01 -2.4148953304e-01 4.6906891047e-02
1.9121808276e-02 1.6377952352e-01 -6.9758737950e-01
-1.7058292397e-01 2.1450586461e-02 -4.9182523508e-01
6.4279555326e-01 5.3669760460e-01 2.2614139964e-01
9.9920425336e-02 -1.4930102340e-01 1.0679024133e-02
-1.2607943557e-02 -1.0005365976e-01 -4.0318948601e-02
-1.5734314319e-02 -5.6892174372e-02 -1.2130348601e-02
-1.8583408866e-02 -4.1206943808e-02 4.9261563613e-02
7.4135753526e-03 -4.9914175858e-02 1.6308731093e-02
-3.2997475140e-02 -3.6431342840e-02 2.2660345312e-02
-3.1540438084e-01 3.1006670026e-02 9.9978759484e-02
-9.0088424598e-01 2.8055611746e-02 2.8266163700e-01
-1.2484517749e+00 8.3468498740e-02 7.0426344104e-01
-1.2588712938e+00 4.1221487271e-01 7.4527838685e-01
-6.5475311750e-01 1.1621821759e-01 2.1713357598e-01
-3.1982313588e-01 -2.3878831374e-02 4.0925204760e-02
-2.3214959215e-01 -1.3291690123e-01 -2.7940504531e-01
-3.3327847779e-01 -1.7158352651e-01 -3.1550745598e-02
-1.4482124288e-01 4.9341820192e-01 2.6806087636e-01
-5.0122473995e-02 -1.1872705589e-01 -5.2867023839e-02
4.3444841393e-03 -9.8297510071e-02 -7.6195932201e-02
-9.8222379375e-03 -6.4148481866e-02 -9.4740496550e-03
-3.1619846016e-02 -4.3270236691e-02 4.7690864728e-02
-1.2469708094e-02 -5.1532306448e-02 3.1615810896e-02
-1.6045155788e-02 -3.4894579877e-02 4.4884080433e-02
-6.2434107450e-02 -1.4690952327e-02 1.5745958388e-03
-1.3403042715e-01 -1.3033206476e-01 3.0946577989e-02
-3.4948357275e-01 -4.1749962683e-01 7.1635225989e-02
-8.9060548472e-01 -5.8391274270e-01 1.7499662180e-01
-1.0672951741e+00 -4.4847761231e-01 2.4803093313e-01
-8.2982059774e-01 4.3379063797e-02 2.3421167179e-01
-4.9127989739e-01 1.2377158988e-01 9.7342673507e-02
-6.5789662243e-02 -2.2694193358e-01 -7.4279315672e-02
-5.5623642372e-02 1.7883195316e-01 -1.1988654162e-01
3.7833647823e-02 -1.7836813094e-01 -1.5238403730e-01
2.6882060430e-02 -9.6848743689e-02 -5.4262581122e-02
-7.0387293032e-03 -6.4661182976e-02 1.0389522364e-02
-5.0334423285e-02 -2.7275881023e-02 5.8421196549e-02
-4.2690250642e-02 -2.3366010599e-02 3.5635196703e-02
-4.6440889466e-02 -3.3731553891e-03 4.6063175421e-02
-4.0292587536e-02 3.9463103650e-02 4.7195566234e-02
-3.6166042977e-02 4.3410005672e-02 8.0220371093e-02
-1.2233144920e-01 7.8038695352e-02 7.3736236636e-02
-3.6128537049e-01 1.0808398580e-01 2.5311547268e-01
-6.4476724662e-01 -3.3902119519e-01 3.9681618508e-01
-6.7166390322e-01 -1.1138570626e-02 4.4938151034e-01
-5.0130855135e-01 4.3039947523e-01 5.0322769830e-01
1.7991485091e-02 -3.3529020711e-02 5.6867684254e-03
-1.0981004056e-01 4.4877454652e-01 5.4714867964e-02
6.6464568313e-02 -8.5029917179e-02 -5.0184180960e-02
2.6875715182e-02 -8.2443489320e-02 -4.8732238284e-02
-2.4447415899e-02 -3.3857637566e-02 1.2656840236e-02
-5.8472187388e-02 -2.6026910206e-02 3.4443608065e-02
-4.5701883601e-02 -2.3856323438e-02 1.5658227995e-02
-4.8445680691e-02 -6.7129878648e-04 3.7926131655e-02
-3.7090649812e-02 2.4743319265e-02 3.1488926108e-02
-1.5080168094e-02 2.7951275309e-02 5.0381093947e-02
-1.3646884529e-02 3.9533380234e-02 5.3775221252e-02
-2.3241021347e-02 4.8108905738e-02 8.6145718417e-02
-1.0939050362e-01 -1.3792051416e-02 2.2886315095e-01
-2.5416482223e-02 3.3348936741e-02 6.9856750947e-01
-4.7640005821e-01 1.0004341848e+00 8.5921544071e-01
-1.9567399658e-01 7.3755933842e-01 1.9105674739e-01
-6.4213471586e-01 1.3040341243e+00 -1.4114738892e-01
-9.3031748669e-02 2.3266869034e-01 -1.3516874468e-01
5.4010201832e-02 -7.5858168945e-02 -3.8894003905e-02
-1.8958019766e-02 -3.8401149774e-02 2.4628357495e-02
-5.6110984358e-02 -3.0406939369e-02 3.1396246725e-02
-4.2966760201e-02 -3.7069820046e-02 1.3062660032e-03
-5.5426901887e-02 -2.5183059348e-03 1.6473310703e-02
-5.4269753305e-02 6.7293526081e-03 -1.3193120514e-02
-3.0489914329e-02 5.3982502821e-03 -4.1003844561e-03
-3.3889615097e-02 2.3208536747e-02 9.1526704824e-03
-2.2283756423e-02 3.8946992758e-02 2.5245727816e-02
-7.9286428602e-02 9.7729525595e-02 1.4004920118e-01
-2.1194458130e-01 4.0714147194e-01 4.8734456372e-01
-6.6724979315e-01 1.1602168944e+00 6.2243153134e-01
-5.5381857974e-01 9.7589852416e-01 2.0996572417e-01
-8.6844638721e-01 1.0457754665e+00 -4.1156904110e-01
-2.8827992503e-01 2.7174076443e-01 -2.9484157224e-01
-1.3848912114e-03 -3.0880843838e-02 -4.2403731312e-02
-3.7870864408e-02 -1.8543219772e-02 1.4471408075e-02
-5.6826782485e-02 -5.0251853027e-02 1.5877609065e-02
-4.0397448403e-02 -6.1086532208e-02 -3.0298319324e-02
-5.1848158682e-02 -4.2137937827e-02 4.1739911785e-03
-4.7184777108e-02 -2.3891148770e-02 -2.7724428131e-02
-3.4384622367e-02 -3.6093863058e-02 -1.8868336805e-02
-2.8498443614e-02 -3.3093809210e-02 -2.6674989953e-02
-1.3037452550e-02 -3.1315950603e-02 -3.1351581323e-03
-4.2889752978e-02 -2.0274501132e-03 3.1414133518e-02
-1.3923009844e-01 1.1838863263e-01 1.4409407907e-01
-3.2270380618e-01 3.7086574279e-01 1.1814795567e-01
-2.9953211639e-01 3.1233397221e-01 -1.6915647849e-02
-2.3199573979e-01 1.7429946962e-01 -1.2939693636e-01
-7.5775176046e-02 -9.6761809143e-03 -6.2181349040e-02
2.2325078649e-03 -6.2303807926e-02 -2.9584077653e-03
-2.0305472444e-02 -6.2848721621e-02 2.7349328309e-02
1.3153221592e-02 2.2249584094e-02 2.4364414758e-02
2.6615657610e-02 1.7996321448e-02 3.8446673363e-02
5.5033451546e-02 1.7297641256e-02 2.8567161294e-02
1.2335606731e-01 7.8056788222e-03 4.8943174696e-02
3.5663877851e-01 -3.7915512349e-03 2.3138692136e-01
9.4230890490e-01 1.8239361194e-01 5.1150509270e-01
1.5536602996e+00 4.5296073806e-01 6.5667219751e-01
1.6215169686e+00 5.8712819115e-01 4.8525016852e-01
1.9273697383e+00 7.2847716028e-01 2.1132866029e-01
2.2192146806e+00 7.8434284821e-01 -5.0088344577e-01
1.3451986981e+00 4.6363789510e-01 -8.3298752907e-01
2.0258461048e-01 -1.9608217453e-02 -2.0499388238e-01
-2.4600689241e-02 -1.0274451265e-01 1.3710176870e-05
8.6222381624e-03 -8.4298835781e-02 2.1949269333e-02
-3.0928927843e-02 -6.8212006909e-02 -1.4707329418e-02
-6.8520222207e-04 3.9915165003e-02 2.1889915199e-02
-1.0950343696e-02 1.2099156307e-02 3.0085208680e-02
6.2396540614e-02 1.6011293470e-02 9.1906256207e-02
3.2433776834e-01 9.3464515590e-02 2.8408573329e-01
9.0512217952e-01 2.5400841481e-01 7.0002557243e-01
1.0954493464e+00 3.7662735943e-01 7.3028997832e-01
8.9940934605e-01 2.9630107190e-01 4.2580628385e-01
5.6106021787e-01 1.3320028767e-01 1.2753968286e-01
1.5578245718e-01 9.1896290969e-04 6.0586576566e-02
3.1419581514e-01 8.2385476680e-02 -9.2735439874e-02
6.2742914652e-01 3.2025931903e-01 -4.4306567577e-01
3.2970784995e-01 1.3556094535e-01 -2.9009220995e-01
2.0440983453e-02 -8.7841910356e-02 -6.0526302093e-02
2.0289799516e-02 -8.9793528465e-02 -1.3907958317e-02
-1.6716566787e-02 -7.8558799561e-02 -1.7426229337e-02
-2.1655135856e-02 4.2348719753e-02 2.5307492014e-02
-1.5542919346e-03 2.2721478638e-02 8.4560379377e-02
2.4428206722e-01 7.6569998610e-02 3.1211538112e-01
8.2026869402e-01 2.8137682522e-01 7.6715098598e-01
8.6236360148e-01 2.7341314714e-01 7.2528487337e-01
4.7308582242e-01 1.2441344405e-01 3.2463380807e-01
3.1289991626e-01 6.6089516099e-02 7.3204333783e-02
3.5872414278e-01 9.2724027055e-02 -1.2062010311e-02
1.0904358207e-01 -9.1794405143e-02 2.0019782422e-04
9.5545393119e-02 -8.2034899807e-02 1.6232971747e-01
3.4111538159e-01 1.7376827763e-01 2.0835856795e-01
2.3174023049e-01 7.0540007310e-02 5.9271164377e-02
-6.8076034653e-03 -8.0144137866e-02 -4.4504939425e-02
2.3258540229e-02 -7.0123553324e-02 -2.5979469552e-02
-2.4101589428e-02 -5.9602088968e-02 -2.9646596577e-02
-4.6711560087e-02 8.9734816500e-02 1.0294645418e-01
1.1206332133e-01 1.3044526786e-01 3.1701749808e-01
5.5963610242e-01 3.0798192029e-01 7.6861302239e-01
6.0355490482e-01 2.5961749185e-01 6.4334409740e-01
2.8959097240e-01 8.0629124233e-02 2.8159999293e-01
1.9080663288e-01 3.0835832129e-02 1.3090380380e-01
1.6942774290e-01 5.5181295595e-02 5.8601967249e-02
1.6647088092e-01 3.2213929414e-02 1.6589462539e-02
-2.9976475715e-02 -2.0499603068e-01 4.2128075765e-02
-1.3132658583e-01 -4.1057323903e-01 2.5803391035e-01
-1.9766489019e-01 -4.8194200803e-01 6.2889024617e-01
-1.8476278461e-01 -4.3277167849e-01 3.7062969901e-01
-6.9339196829e-02 -1.3401497001e-01 -1.5225379931e-02
2.0606010276e-02 -6.4951939045e-02 -4.3813622556e-02
-2.4050370125e-02 -5.2809432334e-02 -3.9648905545e-02
-1.8532443077e-02 1.0131826502e-01 1.8580612759e-01
3.0211441409e-01 2.9322314138e-01 6.6491792443e-01
4.5586070203e-01 3.8790952756e-01 8.0265609328e-01
2.5228181755e-01 1.7016407545e-01 3.6898708320e-01
1.8471000359e-01 6.9780206086e-02 2.1671669741e-01
1.1988833211e-01 4.8845384710e-03 1.0204698636e-01
8.3058184739e-02 -8.4114351253e-02 4.4921054908e-02
7.5129278173e-02 -1.0672070927e-01 5.3548017708e-02
2.0625658342e-02 -2.5296966320e-01 7.6092325399e-02
-7.8155546104e-02 -6.0548916577e-01 2.9437076639e-01
-2.2117714173e-01 -1.1480536472e+00 5.7826769208e-01
-1.5547891490e-01 -8.7403234919e-01 4.5392605487e-02
-4.0222466362e-02 -1.7718436816e-01 -1.0220391239e-01
6.6074820182e-03 -6.0515349684e-02 -3.4078111034e-02
-3.2323813986e-02 -4.7007907953e-02 -3.0312158677e-02
4.0219482782e-02 1.5646076064e-01 3.8235541567e-01
2.9418220329e-01 4.5643954438e-01 8.3887641233e-01
1.5035207099e-01 3.5072199537e-01 5.3082338603e-01
6.9862669429e-02 1.5371356368e-01 2.4568350467e-01
8.9945070913e-02 -1.0822930429e-02 1.5340491375e-01
6.8048448490e-02 -6.8021810763e-02 5.1058198333e-02
6.9684776249e-02 -1.2305637816e-01 1.7402488507e-02
1.0926343571e-01 -1.2362690562e-01 5.1107508727e-02
1.0521662891e-01 -2.5434085367e-01 8.1097230282e-02
3.9480482108e-02 -5.8072234833e-01 2.5621773010e-01
5.1683608018e-02 -1.3530582120e+00 5.7399519350e-01
9.1636442786e-02 -9.5449341595e-01 -1.5841670417e-01
-3.1691104786e-02 -1.2231526678e-01 -1.9080659602e-01
-3.1641311703e-02 -3.8558257014e-02 -6.3788492717e-02
-5.2271110432e-02 -4.0337172164e-02 -3.8652501756e-02
2.3945472414e-02 1.9867385858e-01 4.1077625318e-01
6.7642639084e-02 4.1516316550e-01 5.5827878513e-01
-3.3470027047e-02 3.4226478588e-01 3.5415676444e-01
-2.2328170012e-02 4.1375068764e-02 5.3479279434e-02
1.9809604746e-03 -1.7788268245e-01 -1.4307511297e-02
-2.4039549962e-02 -1.2261630978e-01 -1.0120190368e-03
-3.9811648653e-02 -1.7763153157e-02 3.6958022690e-02
-1.0717361095e-02 -2.5681451383e-02 6.0363113164e-03
8.7430635998e-02 -2.1290794576e-01 1.4827410329e-02
1.0678360671e-01 -4.2279714666e-01 2.1665039120e-01
2.3891439484e-01 -9.3738473316e-01 8.4614592630e-01
2.6099382163e-01 -6.5694346580e-01 3.4332590208e-01
-7.9663665758e-02 -4.1979203835e-02 -1.1087454622e-01
-2.4268482298e-02 -5.5103180588e-03 -7.4399595679e-02
-4.3072026709e-02 -6.1959685527e-02 -1.5352205499e-02
-3.2851489213e-02 1.1008265366e-01 1.8383652409e-01
-4.7605804880e-02 3.2609056019e-01 2.2594995798e-01
-5.2106345657e-02 3.9280436371e-01 2.7364508832e-01
-1.0412736778e-02 1.0802069350e-01 6.4617190032e-02
-1.7315937123e-01 8.9465876637e-02 -9.6058401499e-03
-1.8619742174e-01 9.4692298740e-02 -3.6659101880e-03
-1.6284552989e-01 2.1291526126e-01 1.2378986654e-01
-5.7801205628e-01 3.1755249047e-01 1.2003935567e-01
-3.1495795780e-01 1.7216517108e-02 3.2318252412e-02
-7.9438513895e-02 -9.6077758268e-02 8.2355935862e-02
8.4437649920e-02 -2.9882600138e-01 4.9439798711e-01
5.5120155068e-01 -1.1294195063e-01 1.7047464156e-02
-8.5460044200e-02 1.8825236384e-01 -3.2615450012e-01
-7.8367950974e-02 9.1955990740e-03 -7.4184135194e-02
-5.1941007211e-02 -5.2863809083e-02 -1.1373863807e-02
-1.6460746413e-01 1.2943230137e-01 1.6284512307e-01
-4.3891434333e-01 4.0610977990e-01 2.9802903838e-01
-3.2113410153e-01 4.5745871745e-01 3.1542449817e-01
4.4862870197e-01 3.5931560174e-01 3.7382685287e-01
9.3295374713e-01 2.9162173562e-02 1.0071186745e-01
8.0761406653e-01 -2.5904524271e-01 -1.6546959217e-01
6.9915007869e-01 -1.2515353990e-01 2.0794000204e-02
-1.3201548552e-01 1.3097243560e-01 7.4469696571e-02
-3.2692099006e-01 6.4204674000e-02 1.1235061768e-02
-7.0682736444e-02 -3.7551297231e-03 -1.7400681030e-01
-3.2831910489e-01 -2.9630432501e-01 -3.0687755523e-01
7.8443360594e-01 -1.2749987149e-01 -4.3217391088e-01
2.8720373088e-01 1.2984644710e-01 -4.8365963965e-01
-2.0455104640e-02 -4.7785527649e-02 -7.5778322124e-02
-2.7507699407e-02 -7.2581230794e-02 -1.9019953049e-03
-9.7918350692e-02 2.5662403594e-02 6.9371203489e-02
-4.2575877738e-01 1.4712374579e-01 1.2932696192e-01
-5.9926038313e-01 2.0408529059e-01 9.1634042455e-02
-4.9671668166e-02 3.5577949586e-01 3.1781533110e-01
3.7277355085e-01 3.1886655127e-01 3.2419885956e-02
2.8782611773e-01 2.3708825182e-01 1.0416386314e-01
4.2256947719e-01 8.4732498542e-02 2.0611421181e-01
4.8765265341e-01 6.7325106648e-02 9.5628197279e-02
2.7766001666e-01 8.7961320023e-02 5.8304467964e-02
1.0379770941e-01 1.6754901028e-01 -3.2104099653e-01
-3.2105297618e-01 -1.2428239253e-01 -2.8587389992e-01
4.2602607844e-01 -3.7742410473e-02 2.4783612266e-01
1.4446345842e-01 -5.4134577171e-02 -2.9301596622e-02
3.9711234828e-03 -5.4290665464e-02 -4.3847889216e-02
-1.6747858767e-02 -4.0763940845e-02 -2.0419997924e-02
-3.6601775503e-02 -2.3321217107e-02 3.3108100029e-02
-9.4810314697e-02 -3.3012270912e-02 -1.6911189505e-02
-2.8758622419e-01 -1.1945408504e-01 -1.7217789907e-01
-3.2821741751e-01 -1.7341131641e-01 -2.5032862622e-01
-3.5726954764e-01 -6.8869672020e-02 -2.7150481403e-01
-3.7639165035e-01 2.5267878027e-02 1.4235595193e-01
-3.1933047569e-01 3.8187301053e-02 2.9332815868e-01
-1.9915930104e-01 2.4757489099e-02 1.2691333806e-01
-1.0708293661e-01 3.6532122845e-02 1.2049886413e-01
-4.3305412506e-02 9.0925420643e-02 8.5349764734e-05
-4.8397029129e-02 1.0958001786e-01 1.0064822155e-02
3.1783138710e-02 7.8422581195e-02 1.1201678185e-01
-2.0886367271e-02 -7.4817762086e-02 -9.4689629374e-02
1.7816716581e-02 -4.7007488414e-02 -6.5994020996e-02
-8.8679527715e-03 -4.0510194066e-02 -2.0831870007e-02
-4.5974860196e-02 -2.5040266178e-02 3.6735900116e-02
-2.8443610650e-02 -1.6175133029e-02 2.2513879292e-02
-9.6476480784e-02 -1.8053662388e-02 -3.9349140300e-03
-5.0323232552e-02 -7.3400464637e-02 -1.6213637408e-01
1.0090933586e-01 -2.9737355847e-01 -2.2311565210e-01
-1.8700590768e-01 -4.7786583757e-01 -7.2601242993e-02
-4.8558920284e-01 -3.8685264305e-01 -9.6670276189e-02
-5.2574395478e-01 -3.3639450674e-01 5.3803059734e-02
-2.9279950804e-01 -1.5421260810e-01 1.4493797322e-01
-1.3836678579e-01 3.0175089339e-02 1.1137424023e-01
1.3337135096e-02 -2.1808246197e-03 1.8396164892e-02
4.4048134554e-02 -6.0208142130e-03 -7.2719497861e-02
6.7032019585e-02 -9.1097947741e-02 -1.0930741881e-01
3.4867907764e-02 -3.3832660684e-02 -4.9137132015e-02
-9.2291270721e-03 -3.1413200765e-02 -3.1516096783e-04
-8.2530899633e-02 8.1316651368e-03 6.2333722466e-02
-4.9953519657e-02 1.1773321166e-02 6.2356345747e-02
-7.2512639394e-02 5.7805773145e-02 9.7759843745e-02
-4.9092482216e-02 9.7897983613e-02 5.3678245171e-02
-6.5717899562e-02 4.4269430254e-02 6.1623616523e-02
-1.6063764400e-01 -1.2459108437e-01 -5.8598772648e-03
-1.2287387475e-01 -2.8370606486e-01 -2.6795341510e-01
-2.1447319004e-01 -3.7624839766e-01 1.4651360958e-01
1.5398411402e-02 -3.7901578375e-01 2.4160887540e-01
-4.2148242897e-02 1.0912524888e-01 3.2160974881e-01
1.6583799273e-01 -3.2354322067e-02 1.7834554017e-01
9.2574345531e-02 1.5928648476e-01 2.4342924709e-01
1.0480383986e-01 5.9460240453e-03 1.3732976873e-02
7.2922762543e-02 -3.7328419961e-02 -6.6096640242e-02
-2.5791866826e-02 -1.5861186431e-02 -4.9591159493e-03
-9.6288228858e-02 1.8295785018e-02 4.2481832363e-02
-5.8189715361e-02 2.6836083673e-02 5.1068308381e-02
-6.6722831556e-02 5.4143544719e-02 9.6923586139e-02
-4.0925466762e-02 6.8852172220e-02 9.0135817459e-02
-2.2359691387e-02 7.1172627358e-02 1.1183649777e-01
1.4033325626e-02 1.1820793264e-02 5.5041166229e-02
5.2728951278e-02 -7.0067687690e-02 9.1167087493e-03
1.5913761260e-01 -1.0225187019e-01 3.8537002674e-01
3.8773413096e-01 -1.9700920080e-01 5.8721801620e-01
-2.2361109857e-01 5.1369933108e-01 5.1529817145e-01
2.4389740315e-01 4.8969428022e-02 4.2703973777e-01
-5.0668447525e-01 5.6613513348e-01 5.2817396236e-01
-3.2192089485e-01 2.8030810812e-01 7.4667008158e-02
9.7881830112e-02 -4.5476444300e-02 -5.8479925310e-02
-2.5689260363e-02 -2.6793820598e-02 1.0793935130e-02
-9.1882733183e-02 5.5921471039e-04 5.0171556433e-02
-6.0548363817e-02 2.0950681062e-04 4.5271965396e-02
-8.1494164403e-02 1.5505296819e-02 7.1554662321e-02
-6.6380869138e-02 3.7224817614e-02 7.0876217257e-02
-3.9419280921e-02 3.5679556493e-02 7.1063632754e-02
-2.6158755573e-02 4.0147752095e-02 7.3432687811e-02
-5.3971296465e-02 7.0935363329e-02 1.2046333334e-01
-5.9993896933e-02 2.3883337424e-01 5.3795765817e-01
-1.8042990154e-01 6.3016577961e-01 1.0775037927e+00
-1.0445797125e+00 1.3161958408e+00 5.5309143512e-01
-5.6668153791e-01 7.7343263996e-01 2.8090690421e-01
-1.4464940411e+00 9.1702051208e-01 -2.5588662421e-01
-9.4613590430e-01 4.7259567966e-01 -5.3459187639e-01
-1.1781247180e-02 6.0823227740e-05 -1.0341392916e-01
-4.6092300754e-02 -1.0360695035e-02 -5.3335981707e-04
-7.8044625711e-02 -2.4416031859e-02 5.1252462507e-02
-5.1220768373e-02 -4.1928407589e-02 1.5042191020e-02
-6.9407720703e-02 -2.3535046280e-02 6.2518633878e-02
-6.1521538887e-02 5.1230389828e-03 8.8464536938e-03
-4.6720911976e-02 -8.4230871624e-03 1.9361823111e-02
-1.9943872962e-02 -1.5500774630e-02 7.4522235100e-03
-3.4237526314e-02 -2.3471128373e-03 4.3568671136e-02
-1.5064483312e-01 1.4163409150e-01 2.3104507961e-01
-4.8990545899e-01 6.0177693236e-01 6.8034532464e-01
-1.1804942281e+00 1.1942140990e+00 3.9538699782e-01
-9.6832289878e-01 9.0380908377e-01 -7.4890575714e-02
-8.0129439075e-01 4.6930418418e-01 -3.6306453292e-01
-3.9649475702e-01 1.2283841328e-01 -3.0913258171e-01
-1.7511654705e-02 -3.6071674325e-02 -3.8999945597e-02
-3.8163107000e-02 -4.6073483318e-02 1.4023618393e-02
5.8472523630e-02 3.4121075555e-02 2.3893552334e-02
7.7305500727e-02 2.0707778218e-02 4.9183579870e-02
9.9346150315e-02 1.5632166539e-02 6.0092068943e-02
2.0180016742e-01 -7.7837500956e-03 1.0241142187e-01
5.1095323238e-01 -3.7692295440e-02 3.3069318246e-01
1.3180717458e+00 2.8466500559e-02 7.2449165050e-01
1.8789800034e+00 1.4288715295e-01 8.2321078554e-01
2.0053752721e+00 1.7523798477e-01 6.3353977623e-01
2.3306573333e+00 1.5610303956e-01 2.0370172758e-01
2.5204137279e+00 1.2859302326e-01 -6.2318278927e-01
1.6693853599e+00 8.7808608808e-02 -9.5082733299e-01
3.5777555816e-01 -8.3964013610e-02 -2.6455012235e-01
9.8022733761e-03 -1.2552836226e-01 -2.5125315073e-02
6.0336504285e-03 -1.2006738106e-01 1.8233310779e-02
-1.9770232908e-02 -8.0157464057e-02 -1.0900977789e-02
3.4003391205e-02 5.0589514813e-02 1.8869655226e-02
3.9931212150e-02 2.9735334724e-02 4.9960833999e-02
1.0260337273e-01 1.6402680946e-02 1.1513525850e-01
4.2051474533e-01 2.2337743945e-02 3.8349950920e-01
9.6700319701e-01 7.0426029927e-02 7.7593763738e-01
1.0554042506e+00 8.4194007975e-02 7.0844842825e-01
7.0856464764e-01 4.6273291612e-02 3.2250142287e-01
3.0048777636e-01 -3.6599736127e-03 5.7440237696e-02
-1.9897576079e-01 -7.3209065223e-02 4.7529375126e-02
-1.4406623324e-02 -6.7035676990e-02 6.7109770617e-02
4.9912851755e-01 9.2993251859e-02 -7.4423702900e-02
7.4688306522e-01 1.0659928568e-01 -3.1866701169e-01
1.4401063497e-01 -6.1594460664e-02 -1.5675268269e-01
1.6908206290e-02 -8.8221367288e-02 -1.7586205267e-02
-3.4871740745e-03 -7.6816792246e-02 -1.5877355283e-02
2.7973836398e-02 5.9578364478e-02 3.0301290173e-02
7.4959934597e-02 3.2202343894e-02 1.1431016836e-01
3.1623212621e-01 3.9875205802e-02 3.6890118064e-01
7.1413885558e-01 3.7331043741e-02 6.5717390764e-01
5.2205641992e-01 -2.9438534697e-02 4.5695733257e-01
3.9500849800e-01 -4.7188279609e-02 2.4588135856e-01
3.0710276687e-01 -4.3712434044e-02 1.0660259270e-01
3.1208975964e-01 -2.9190319752e-02 6.3249739976e-02
1.3666643364e-01 -5.9740047484e-02 4.3229245914e-02
1.7283618741e-01 -1.8949161010e-02 1.3373408758e-01
6.5264858787e-01 1.3128979310e-01 2.5456244452e-01
7.9311577622e-01 1.2905099170e-01 4.2684723983e-02
1.0113757165e-01 -2.9130571438e-02 -1.0270938448e-01
5.7811261927e-03 -7.3110989539e-02 -2.2443634387e-02
-5.8201714870e-03 -5.7664114522e-02 -2.4988390219e-02
2.2942160412e-02 9.3860268700e-02 1.0967476788e-01
1.8842448099e-01 7.4213258428e-02 3.1971928952e-01
4.7984200347e-01 1.1080940769e-01 5.9563073624e-01
3.0239423241e-01 -2.7819572194e-02 2.9084828114e-01
5.7741059964e-02 -1.1283998987e-01 4.7427011733e-02
1.4581673783e-01 -8.4130539301e-02 9.7862767562e-02
1.2941932417e-01 -7.9340923802e-02 8.8941501083e-02
1.6221470188e-01 -1.0530027647e-01 8.2288313472e-02
1.4706925539e-01 -9.0269508172e-02 5.7482788652e-02
1.5582683774e-01 -3.9636379772e-02 8.7095055372e-02
1.8817521929e-01 -1.9343859401e-02 2.1180683978e-01
1.1708998326e-01 -7.1176966342e-02 1.5375403201e-01
-3.1797716050e-02 -7.7933747798e-02 -3.9295173821e-02
1.1279205544e-02 -7.3661387890e-02 -3.1606914167e-02
-6.4078087859e-04 -5.9491509105e-02 -3.0310275222e-02
5.1359010542e-02 8.8628937735e-02 2.3353824905e-01
2.8688153630e-01 1.3041750156e-01 5.1412110994e-01
1.3327267431e-01 6.6561016636e-02 2.6487328080e-01
-1.0361800835e-02 -8.2930815883e-02 -4.3558359186e-02
5.9923147463e-02 -9.8587432419e-02 4.1207727338e-02
7.3119161917e-02 -7.1785673984e-02 6.3609814826e-02
9.4604798931e-02 -9.5678168119e-02 6.8220690718e-02
1.0761262327e-01 -1.0236728754e-01 8.0079582476e-02
1.2371008111e-01 -1.0341807582e-01 5.7785982070e-02
1.0478326486e-01 -8.7325547126e-02 5.7060494026e-02
2.6330117085e-02 -1.5422283526e-01 8.2651487492e-02
4.2989211610e-02 -1.0610586916e-01 -9.7658076561e-03
6.5798995275e-02 1.6777479800e-02 -7.5111678425e-02
3.5582070152e-02 -1.4559962203e-02 -4.5961908828e-02
-1.6338956762e-02 -4.8228457475e-02 -3.0102633244e-02
1.9857151204e-01 1.4881118843e-01 5.3578283232e-01
2.4178558511e-01 1.7962978506e-01 5.0115762352e-01
-1.1271223921e-01 -2.7117522702e-03 -1.0101655707e-01
-1.1439096984e-02 -1.0738474451e-01 -1.8118117000e-02
1.0310435450e-01 -1.3254111910e-01 8.9457100838e-02
7.4299224253e-02 -1.1097279538e-01 5.6593666356e-02
6.5094506296e-02 -1.1039851853e-01 4.5165461397e-02
8.4133628774e-02 -1.1126322995e-01 6.5172879384e-02
9.8927057641e-02 -9.4385213341e-02 3.8151385900e-02
7.9950626912e-02 -8.4847053064e-02 2.0725239673e-02
4.2156090597e-02 -1.6868898311e-01 4.5887090376e-02
1.5871003003e-01 1.7673653470e-02 -2.4696154337e-02
2.8311372723e-01 4.6323977520e-01 -1.7340188059e-01
1.7143054557e-01 2.9318935737e-01 -1.9062207564e-01
-1.7165608939e-02 -8.1179835852e-03 -6.0081134973e-02
1.8932504508e-01 2.5537672084e-01 6.6730687511e-01
7.5306133507e-02 2.6217534635e-01 2.2938846866e-01
-5.7187830797e-02 4.8350230275e-02 -1.3644270259e-01
4.0701402042e-02 -9.8377082172e-02 -2.4341211072e-02
6.1229332939e-02 -1.4662215631e-01 2.2981037047e-02
2.4726271029e-02 -9.6249795688e-02 6.9185206943e-03
9.9734320654e-02 -7.3238369202e-02 1.5353656068e-02
1.7398521084e-01 -2.5351082536e-02 1.2555927477e-02
1.1396405932e-01 -8.9238622008e-03 -3.1562991463e-02
8.5411010655e-02 -3.6661702920e-02 -7.9016751682e-03
8.1843785926e-02 -2.2250118434e-01 2.1025074443e-01
-7.8412972300e-02 -3.4816231438e-01 1.0821084965e-01
-8.2738673527e-02 3.4353487774e-01 -2.3758775852e-01
1.6185502585e-01 4.9521293367e-01 -2.7902117892e-01
9.8857689264e-04 2.1739611659e-02 -4.3356910275e-02
-5.5396250725e-02 3.1519179240e-01 5.8696101691e-01
-1.3026869792e-02 3.6380752690e-01 2.7632284543e-01
4.1160837961e-01 -8.0755242335e-02 -1.0807277379e-01
3.3163678584e-01 -1.9908612066e-01 -7.4853938173e-02
-1.8500466742e-01 4.0188672144e-02 -2.0878187357e-03
-1.0068255544e-01 1.1578330304e-02 2.4064610169e-02
6.3373364695e-01 -5.6679009793e-02 1.1481460905e-01
4.5088802431e-01 1.1388317802e-01 1.0403176419e-01
-2.8116412516e-01 -1.9175086629e-02 -1.4389113363e-02
-5.9120597225e-02 -1.1314104697e-01 8.7087361189e-02
2.9408719443e-01 -2.9967703923e-01 3.3567134696e-01
5.0419372688e-01 -2.3560242524e-01 -2.0041448102e-01
-3.6655174381e-01 4.7465150043e-01 -6.2769697324e-01
-1.6797738992e-01 3.9935656033e-01 -2.5852573573e-01
-3.0825712419e-02 -4.3496168555e-03 -1.3441972113e-03
-4.8863515697e-01 3.9875038105e-01 6.7376312572e-01
-8.2295620931e-01 6.1225044976e-01 7.0678561834e-01
-6.5076277975e-02 7.2978772707e-02 1.1224409308e-01
3.4622635437e-01 -4.7291441268e-02 1.0874868871e-02
-1.1910484883e-01 1.1039717306e-01 -4.3538660625e-02
-7.3574415404e-02 -5.5211950516e-03 -6.1654201263e-02
6.3739430965e-01 -1.3008887323e-01 5.1810182102e-02
2.0944363915e-01 -4.3251157998e-02 4.8668777460e-02
-5.3964631695e-01 -1.5023258419e-01 -4.1136562025e-03
-7.7161115802e-02 -1.6147325797e-01 1.4347432630e-01
-3.2624456777e-01 -3.6231354289e-01 -1.2537578913e-01
5.8623913042e-01 -1.0939085352e-01 -5.6276383501e-01
1.5529819418e-01 3.4739389939e-01 -4.4585221819e-01
-1.6644146822e-01 1.0695774946e-01 -1.4847767022e-01
-2.5341668716e-02 -5.3248107641e-02 -7.4066116600e-03
-2.6936963648e-01 1.0179705020e-01 1.7957976209e-01
-9.8861083610e-01 3.8767796121e-01 3.0753476327e-01
-1.2837231930e+00 1.8115549706e-01 -1.7148403449e-01
-5.2226583084e-01 3.1653951564e-02 -3.6915462093e-01
1.3940782191e-01 8.8812234535e-02 -1.5274513747e-01
2.3784175812e-01 1.5189838149e-02 -2.4549824664e-02
1.6024305002e-01 -4.7253288041e-02 6.2855189309e-02
5.4970114242e-02 -7.5427177129e-02 5.6291883183e-02
6.7049626451e-02 -5.2723959559e-02 6.7782052593e-02
1.9798871597e-01 -3.4840933124e-02 1.2575991669e-01
-3.3109383090e-01 -1.9717225180e-01 -6.2620723686e-02
2.8278560313e-01 -1.6841716095e-01 2.0293321242e-02
1.6841994116e-01 -3.5564531373e-02 -2.3852433867e-02
-3.8248970557e-02 -4.5967819430e-02 -6.2964050684e-02
-2.3052834193e-02 -3.1769634083e-02 -3.1474646542e-02
-6.2672168303e-02 -1.9389356869e-02 -2.1922290302e-03
-3.2242516664e-01 6.4278851008e-03 -2.4847438327e-02
-4.5040107348e-01 -5.2142393142e-01 -7.3601090106e-01
-1.6321379400e-02 -7.5399887256e-01 -1.0405379664e+00
1.7496178448e-01 -9.0211888743e-02 -5.8337048568e-01
4.8474263624e-02 -4.0240637941e-03 -1.6891704324e-01
-9.4936354773e-02 -6.4119903732e-04 3.7162742002e-02
-1.2766033044e-01 -4.8083642060e-04 8.0514191038e-02
-8.9949220815e-02 5.6119815022e-03 7.0313780787e-02
-4.1543815149e-02 3.8009846152e-03 4.0003121470e-02
-9.1716582711e-02 4.0357574238e-03 -4.4396555241e-02
-3.9284003439e-02 -3.2461789476e-02 -6.4685449059e-02
-4.6835768332e-02 -2.3891474126e-02 -1.1061419309e-01
-1.5700979991e-03 -4.1924409927e-02 -7.0731904737e-02
-3.9618737626e-03 -3.0317099911e-02 -2.7725279290e-02
-4.4262686417e-02 -9.5388593862e-03 1.8088225658e-02
-1.0737941628e-01 -8.6982431475e-03 -1.5616720765e-02
-2.0818017074e-01 -2.1943187663e-01 -1.4122741599e-01
1.3448623660e-01 -5.4721562461e-01 -3.8502968852e-01
5.2061549696e-01 -5.2620203833e-01 -7.0601091513e-01
1.0220844869e-01 -4.0341410924e-01 -4.1971958614e-01
-5.0889394182e-03 -3.1620593231e-01 -3.0880781916e-01
-1.1433155305e-01 -9.6933605485e-02 2.6393454878e-02
-8.6130715195e-02 -2.0294710499e-02 9.3306063406e-02
-3.9088377471e-02 1.9333699048e-03 9.6532112546e-03
-1.3091399718e-03 1.0608747670e-02 -6.5400057403e-02
5.6264524893e-02 -1.3890755644e-02 -1.0030718262e-01
4.6728803101e-02 -7.7991636225e-03 -1.1633688921e-01
2.5240170036e-02 -1.0322319090e-02 -5.3677930462e-02
-8.6999399569e-04 -2.5973177920e-02 -4.9046066711e-03
-7.7462154063e-02 2.7561908129e-02 5.0529769237e-02
-3.3405824889e-02 4.3491679596e-02 5.4212933212e-02
-8.5237097153e-02 4.4029057685e-02 7.0372259298e-02
-7.5427497020e-03 -1.0171748523e-01 -3.9552710495e-02
1.9631823444e-01 -2.5756524327e-01 -2.4540238477e-01
3.6530747710e-01 -5.3464388898e-01 -4.2201979351e-01
5.5522523359e-01 -7.9222766022e-01 -7.5182929728e-01
1.4146375024e-01 -2.3050263075e-01 -1.9663519933e-02
2.1279613088e-02 -3.2126014559e-02 2.2414576716e-01
8.5092190131e-03 3.6183975556e-02 1.0023636293e-01
3.3563195485e-02 5.9990636867e-02 3.6919444152e-02
-2.7995508820e-02 1.1610790572e-02 1.1373042058e-01
3.0592978776e-02 -2.2853418180e-02 -1.0069473401e-02
9.2707681568e-02 -3.7775457179e-03 -6.8142290734e-02
-4.5670070194e-03 -1.3689178648e-02 -1.7981517512e-03
-8.9340840378e-02 3.6617419718e-02 6.5030715161e-02
-3.7170629531e-02 4.8816087684e-02 7.6368476551e-02
-5.9134985441e-02 5.6605738780e-02 1.0461932549e-01
-3.0743921018e-02 4.9008640148e-02 8.9187476755e-02
-1.1234926746e-02 1.8050544082e-02 6.8955587386e-02
8.4373953032e-02 -1.5212923351e-01 -1.3052370552e-01
2.6614167367e-01 -3.0951987707e-01 -1.8952088511e-01
2.7282055016e-01 -6.6845643538e-02 3.6984376260e-01
1.3755592791e-01 3.4747827247e-03 4.6944706852e-01
-1.4900625830e-02 8.1885546586e-02 1.6808747413e-01
2.4147422101e-01 -1.2084571240e-01 3.5590981557e-01
-5.1066809690e-01 -1.3064368899e-01 8.1190348708e-01
-5.5690403632e-01 -6.1689158499e-02 2.2783868742e-01
9.9580623437e-02 -2.9074278179e-02 -5.9405977186e-02
2.1515832687e-05 -1.7762203435e-02 5.2374623759e-03
-8.2080214063e-02 1.7627860534e-02 5.4676013104e-02
-4.7785266548e-02 1.7440704079e-02 4.9895409023e-02
-7.2403383600e-02 2.1748186918e-02 8.3038307624e-02
-5.7979063546e-02 3.7413883162e-02 8.4773127532e-02
-3.2557643617e-02 3.3924448786e-02 8.0981197404e-02
-4.4440135229e-02 3.8898026359e-02 5.9806357896e-02
5.3929042369e-03 1.4247110576e-01 2.3941121092e-01
1.4180860647e-02 3.7300990975e-01 8.8015784964e-01
-1.7758904792e-01 3.8511413630e-01 8.1595912330e-01
-1.8157358850e-01 3.3996511758e-01 9.8691311195e-02
1.4358532181e-01 1.2699033889e-01 2.3373381962e-01
-9.3228178262e-01 6.5900647773e-02 7.9867015468e-02
-1.2326410317e+00 1.1359812948e-01 -4.7246822939e-01
-3.4118131624e-02 -1.7012385532e-02 -1.2557382711e-01
-2.9481211330e-02 -2.2710983717e-03 -5.2521877372e-04
-6.9192541096e-02 -1.9738927465e-02 5.8958249834e-02
-2.7647991189e-02 -2.2464128490e-02 2.5488515733e-02
-5.9029304074e-02 -2.2568726993e-02 6.1929065710e-02
-6.1897236921e-02 -1.9096208166e-02 1.0630103000e-02
-4.5174110057e-02 -1.8406317689e-02 2.9696969363e-02
-3.4496856984e-02 -2.0725165861e-02 -5.1313008336e-04
-8.4318151196e-02 4.6011223201e-02 1.3343677129e-01
-3.2125833284e-01 3.4885004116e-01 6.4494307728e-01
-1.0936790120e+00 8.2282941817e-01 1.1097302906e+00
-1.9911041902e+00 1.1420958667e+00 1.8631312839e-01
-1.5004472195e+00 8.1831397897e-01 -5.0147582319e-01
-8.1125336978e-01 2.8492994206e-01 -5.3203403871e-01
-5.6281029519e-01 8.3522471588e-02 -4.8906411476e-01
-3.4828697692e-02 -1.5350401099e-02 -7.5969559109e-02
-2.1204239591e-02 -2.9508147643e-02 4.9150059071e-03
8.2726591439e-02 5.3184279107e-02 3.4907172469e-02
1.1021231970e-01 4.8891271267e-02 8.2794570622e-02
1.4213547651e-01 3.8240104679e-02 7.7164346957e-02
2.3367622789e-01 8.3556807737e-03 1.3105226288e-01
5.6787376177e-01 -9.3271619954e-02 3.5118763072e-01
1.2445525961e+00 -2.4591852094e-01 6.7058182881e-01
1.7952738757e+00 -3.8612604638e-01 7.6012368697e-01
2.0836474381e+00 -4.9154293268e-01 6.2263048999e-01
2.1685397852e+00 -5.3680386299e-01 2.1133378195e-01
2.2385824131e+00 -4.6959001037e-01 -4.4460890813e-01
1.6910508567e+00 -2.3776312938e-01 -8.1188843871e-01
5.0967715917e-01 -1.3838383775e-01 -2.7979190024e-01
4.7980920388e-02 -1.2273552318e-01 2.0283780160e-03
2.0643691212e-02 -1.2709842983e-01 3.8333068722e-02
-3.8081645682e-03 -8.4896397743e-02 -1.0477643985e-02
7.9782856424e-02 7.5422926512e-02 4.4697340920e-02
7.4522106086e-02 6.4788074004e-02 9.7023037537e-02
1.4651151053e-01 2.9933731545e-02 1.4022037644e-01
4.6319894188e-01 -3.2688069560e-02 3.9414385765e-01
1.0918986557e+00 -1.3398980631e-01 8.0526931980e-01
1.0447140999e+00 -1.8066356223e-01 6.8068464345e-01
5.6245228001e-01 -1.8155490752e-01 2.7677904309e-01
1.9017852955e-01 -1.6033448562e-01 8.2289804245e-02
-1.6099193730e-01 -1.0979956190e-01 6.1623610621e-02
-4.7612192766e-02 -8.8013692861e-02 1.5391690854e-01
4.9167764747e-01 -5.2676742905e-02 4.1583466320e-02
1.0851631206e+00 -1.3382485308e-01 -4.3027631059e-01
2.7009020105e-01 -9.6004262721e-02 -2.0921696029e-01
6.6284100242e-02 -1.1129381468e-01 8.3858761969e-03
2.0502178524e-02 -7.1025204073e-02 -1.2079267908e-02
6.9242702323e-02 7.2551175257e-02 4.3904123385e-02
1.0746312334e-01 2.8564886058e-02 1.3988550019e-01
3.1368918112e-01 -2.3658461709e-03 2.9960601607e-01
7.2214509718e-01 -9.9791965441e-02 5.5982488506e-01
4.9636567843e-01 -1.1369424775e-01 3.6569030120e-01
1.9973659995e-01 -9.1588804133e-02 1.3513641457e-01
1.3003408423e-01 -1.0125638419e-01 5.8151552465e-02
1.7348293736e-01 -1.1992670266e-01 7.7161923530e-02
7.4711270812e-02 -7.6046455196e-02 6.9333352356e-02
1.1638826636e-01 -7.5106862823e-02 1.5954862586e-01
6.1508408871e-01 -1.9646626683e-01 3.0144865708e-01
1.0726028669e+00 -3.3977606739e-01 1.3426482735e-01
1.9768778303e-01 -1.1185576438e-01 -1.0306536780e-01
3.3578175701e-02 -6.0737003803e-02 -2.0187530546e-02
8.5686515992e-03 -5.4491680759e-02 -2.7059413406e-02
3.5146061797e-02 1.0232447277e-01 9.5771603100e-02
1.7087519895e-01 1.1954941503e-02 2.5377170969e-01
3.4905108038e-01 1.8403550775e-02 3.8217361437e-01
2.1797834946e-01 -5.8696564937e-02 1.2589816347e-01
-4.8671810684e-02 -1.9478562495e-02 -9.1493930837e-02
-1.4923129365e-02 -3.2013249391e-02 -2.1378527942e-02
8.1792128773e-02 -8.5916648958e-02 5.4455453133e-02
1.7549964278e-01 -1.5804004249e-01 9.4342745091e-02
1.8192095917e-01 -1.2721096619e-01 8.8948505141e-02
1.7686814555e-01 -8.5181656734e-02 6.6151376970e-02
2.5806697715e-01 -1.6425579834e-01 1.5143231437e-01
2.6139474436e-01 -3.4107675489e-01 2.3470083283e-01
-2.8451967022e-02 -1.4012413341e-01 3.3522419532e-02
2.1784826594e-02 -6.1059822453e-02 -2.5504638539e-02
3.4474201256e-03 -6.3230794256e-02 -3.5183523040e-02
2.9505453418e-02 6.7078607437e-02 1.4978637929e-01
1.3542196928e-01 1.3220468049e-03 2.9279219859e-01
-6.6456185542e-02 9.4912886343e-03 -4.1246621339e-02
-1.8435991154e-01 2.5109467169e-02 -2.1050073340e-01
-7.4374285860e-02 -5.2988709253e-03 -8.5178513410e-02
5.4789433376e-02 -5.6245979464e-02 3.8103303648e-02
1.0375371206e-01 -1.0543320921e-01 6.0374495842e-02
1.3328981481e-01 -1.6964053892e-01 8.8587794190e-02
1.4746722416e-01 -1.5658123722e-01 7.0416433412e-02
1.2130229216e-01 -5.9819319471e-02 4.5004373799e-02
6.8175510186e-02 -6.5476975299e-02 2.5159442276e-02
1.1318808835e-01 -1.0112064639e-01 3.6474685045e-02
2.1175535957e-01 1.6591414594e-01 -5.0794340140e-02
1.9545426321e-01 1.8785831813e-01 -4.2874286543e-02
1.2342967122e-03 -2.1460795934e-02 -4.2780550404e-02
1.4867281167e-01 4.7668796686e-02 3.7561224464e-01
-3.0669508714e-02 6.5708743228e-02 4.9895796206e-02
-4.2737250661e-01 8.4387879999e-02 -4.9312929066e-01
-1.5913407345e-01 -2.6923172479e-02 -1.3993261753e-01
6.0533665939e-02 -1.0149206114e-01 8.2397829866e-02
8.0863717125e-02 -1.0114044097e-01 7.9568500062e-02
7.7472395781e-02 -1.2146978174e-01 7.1904146617e-02
1.4847976106e-01 -1.1849813783e-01 1.0311470397e-01
2.2118416397e-01 -6.9281537197e-02 9.4452391277e-02
1.7745105559e-01 -5.2246494520e-02 2.3463165323e-02
5.4436868814e-02 -5.0157787764e-02 9.3975115820e-02
1.9254063206e-01 1.4297763262e-01 3.0993222742e-01
5.9875251938e-01 9.1493887712e-01 8.3715712973e-02
5.5738880746e-01 8.6658023485e-01 -2.1033278614e-01
5.4831381255e-02 1.2354479913e-01 -9.3811406235e-02
1.2891940271e-01 9.3363640509e-02 3.7444808575e-01
-2.6436360801e-01 1.9119249526e-01 -4.6475891096e-01
-3.3271005849e-01 8.7636508056e-02 -5.4812540768e-01
9.3527928284e-03 -1.1114789304e-01 -6.3042178025e-03
8.0265700256e-02 -1.1921772580e-01 8.4405799481e-02
5.4685142529e-02 -6.3661300930e-02 4.7020547378e-02
2.0593134661e-01 2.0949435340e-02 1.1820895438e-01
7.4697532273e-01 3.1147011270e-01 2.6737366580e-01
8.6048168195e-01 4.9851708682e-01 8.3245356944e-02
4.2648745149e-01 2.5944290908e-01 -8.7482172220e-02
2.4784523481e-01 -1.7265272729e-02 3.5463497822e-02
6.1438996235e-02 -4.9466352795e-01 3.5049403882e-01
-6.3194312016e-02 -2.9358950232e-01 5.3771303641e-01
2.0091628665e-01 3.5697653964e-01 8.6746910925e-02
5.0758567185e-02 9.6504777724e-02 7.0680905802e-03
-2.1568988449e-01 1.3320419654e-01 6.0390796868e-01
-4.4780371339e-01 5.5003083416e-02 1.4285589027e-01
-2.7582232102e-02 -1.1882125912e-01 -1.3950326054e-01
1.3596957978e-01 -1.4311640988e-01 1.1560946683e-02
3.9135878480e-02 -5.5263336657e-02 6.9902185878e-02
7.2549312687e-02 4.6279743417e-02 1.0474868900e-01
6.3536079070e-01 2.4839088135e-01 3.3857218780e-01
1.2881410157e+00 6.7216499476e-01 4.7474140545e-01
7.3286310035e-01 6.2555607444e-01 9.9388428951e-02
2.9101273675e-01 2.5844096101e-01 -4.4391214326e-02
3.3349760025e-01 4.4525762368e-02 -2.1368815818e-01
6.0414066055e-01 -3.0153529870e-01 -3.9814101127e-02
1.3129151278e-01 -2.1175863224e-01 2.0889206201e-01
-5.6167733530e-02 1.1699190227e-01 1.6620993787e-01
1.1995149952e-02 3.0471687637e-02 1.2640070283e-01
-5.2782252958e-01 1.3447937806e-01 8.2352183108e-01
-7.1735015191e-01 2.1046141479e-02 7.2328064985e-01
-3.7818456993e-01 -1.4689772130e-01 5.9173446433e-02
-4.8581741073e-01 -8.7078432069e-02 -3.6384243089e-02
-3.7095871565e-01 6.8449593204e-02 2.8917556314e-03
-2.0300403344e-01 9.4839009704e-02 -6.0711508214e-03
1.3525617376e-01 7.8996877233e-02 1.0387924002e-01
2.1598430597e-01 8.9156771628e-02 1.1660404582e-01
-1.2457546233e-01 -1.3239760200e-02 4.6506427049e-02
1.5592901112e-01 3.1589668720e-02 1.5266010189e-01
-3.8295751774e-01 -5.7484116703e-02 -5.4014265028e-01
2.2641978060e-01 -3.2690288101e-01 -7.9459820868e-02
-4.7226364885e-02 -1.1299275109e-02 3.3199969017e-01
-3.7340869192e-01 1.3537293153e-01 -1.0170552530e-01
-2.6926394313e-02 -2.4210042211e-02 1.3928085527e-02
-9.1765964155e-02 -2.6211096715e-02 1.5077941256e-01
1.2541132949e-01 -5.4111145434e-03 1.3406157230e-01
-2.9361162961e-02 -3.7258558041e-02 -3.1420794580e-01
-4.0079796842e-01 -8.4784367673e-02 -3.1864548196e-01
-1.3031258865e-01 1.2181922493e-02 -6.6064458022e-02
9.9203652727e-02 4.9279933228e-02 1.2748694003e-02
-9.3867119872e-02 1.1376886585e-02 4.5689506396e-02
-2.8794158650e-01 -6.6760172840e-02 4.1557222703e-02
-1.1736708922e-01 -5.2916014921e-02 9.7539899666e-02
2.8681999723e-01 5.8325374214e-02 1.6362259567e-01
6.3090916511e-02 -1.6124248920e-02 -1.7790059359e-01
6.9799412249e-01 -2.3780095611e-01 1.2506964383e-01
3.4576648015e-01 -1.6868758361e-01 1.9085130167e-01
-9.7570788205e-02 -1.1931594470e-02 -5.9599953688e-02
-2.4012008952e-02 -2.5379016050e-02 -4.1630449473e-02
-6.6479288006e-02 -3.4376421888e-02 4.9434542916e-02
-2.8146982122e-01 -5.6503405217e-02 2.6888470705e-01
-3.0276875438e-01 -5.9954196512e-01 -2.6132975153e-01
1.0031558890e-02 -7.8322609872e-01 -6.7997547476e-01
1.9433196281e-01 -2.6340866503e-01 -2.8477870800e-01
8.3109860221e-02 -1.2502213160e-02 -6.9477773692e-03
-7.1140230008e-02 2.9466517600e-02 9.0644355835e-02
-1.4795572430e-01 -2.2220695485e-02 1.1993822322e-01
-1.2038478932e-01 -1.3588861738e-02 1.0314231815e-01
-4.3382447444e-02 -1.6234056634e-02 6.8923036985e-02
-6.9154424181e-02 8.1869838376e-03 1.2443028225e-02
-1.1867945923e-04 1.1823799089e-02 -2.8039337922e-03
6.1625653166e-03 4.8908370433e-02 -1.2850638989e-01
1.9247369286e-02 3.7664774835e-03 -9.1816496946e-02
-6.7635136968e-04 -2.5354715213e-02 -2.8861932224e-02
-4.4805820948e-02 2.1515468976e-03 8.0501067300e-03
-2.9584673008e-01 -3.6415864653e-02 9.0752538669e-02
-4.8785716389e-01 -2.8502719776e-01 5.8382140200e-02
2.1953187441e-01 -8.2506447126e-01 -4.0089548489e-01
5.9922589334e-01 -9.0642176550e-01 -6.5920809238e-01
2.1522203469e-01 -3.1479786561e-01 -2.8846380118e-01
6.1974892278e-02 -8.9936137250e-02 -2.7990534423e-02
-8.1426652205e-02 -1.1689526448e-02 9.4967289892e-02
-9.7432494905e-02 -2.0112964562e-02 8.8021929608e-02
-6.8013118554e-02 -7.7880533317e-03 1.9880105434e-02
-1.0225631976e-02 1.9128182218e-02 -1.0494434499e-02
-1.4470534719e-02 -3.2715581756e-02 -1.5852635912e-02
2.6856494409e-02 -4.2649317705e-02 -5.9947992380e-02
4.9132639147e-02 2.6594709153e-02 -5.5443316435e-02
-2.3809492786e-03 -1.2796260243e-02 -2.3581011327e-02
-7.6386028223e-02 3.9048938285e-02 5.3276601188e-02
-5.7147866840e-02 4.2919155368e-02 8.1865621454e-02
-1.5000898542e-01 5.4698570628e-02 5.5752785217e-02
1.2675631695e-01 -2.3586094821e-01 -1.9428078059e-01
4.0964746497e-01 -5.5658766052e-01 -3.5035009710e-01
2.2720924892e-01 -4.9320280393e-01 -3.2132314833e-01
2.1185655141e-01 -3.7916596145e-01 -3.5482611722e-01
5.3700616385e-02 -8.9737786613e-02 4.6050869464e-02
-6.3022384907e-02 3.0758722047e-03 1.5275269280e-01
-1.3403779311e-02 1.5699655545e-02 7.0292313118e-02
2.1863751555e-02 -4.4678968483e-03 2.1280734587e-02
-1.5839039217e-01 -3.7616623811e-01 2.6722549679e-01
-1.0439239176e-01 -4.5832083351e-01 2.0416265524e-01
9.5838078665e-02 -1.9172881426e-02 -2.7642464532e-02
5.3196393862e-03 -6.8744845948e-03 -2.0294998112e-02
-9.2620370907e-02 3.9620297600e-02 5.4968565597e-02
-4.0872828988e-02 3.8074748995e-02 9.2364136533e-02
-6.7407887062e-02 5.3842181117e-02 8.8101419774e-02
-4.3919263046e-02 3.6230075782e-02 4.2542992006e-02
-2.6337516744e-02 2.7139277465e-02 -1.2710600248e-02
-4.7694963192e-02 -8.9995874851e-02 -1.3198310752e-01
1.7257867048e-01 -1.7598414587e-01 -1.5432961904e-01
4.4031930101e-02 1.2770867170e-02 2.0362632013e-01
-1.1635093578e-01 -2.6551910477e-03 2.7917597440e-01
-5.3625451083e-02 -3.3268706115e-03 7.1626941568e-02
8.9956505047e-02 -6.2113975576e-02 2.9871005035e-01
-3.2462411517e-01 -3.7329733858e-01 9.8025076905e-01
-5.5109211960e-01 -3.8347273506e-01 2.1345690540e-01
6.4471294941e-02 -1.3453073834e-02 -1.3061528003e-01
1.5189071865e-03 -1.4946992986e-02 -1.4699985491e-02
-9.5248025060e-02 2.4538621044e-02 6.9626494415e-02
-5.6169422217e-02 2.1612608326e-02 9.1627035407e-02
-8.4565190150e-02 2.2575121914e-02 1.1376431603e-01
-5.4631497340e-02 1.9101547492e-02 1.1816469658e-01
-4.8299630125e-02 4.1675938555e-02 7.2789088736e-02
-7.9514322270e-02 8.8854396955e-02 1.0352422394e-01
5.8135824209e-02 2.6619305417e-01 4.4398863263e-01
-4.1239845913e-01 3.7235153090e-01 8.9390731911e-01
-3.1076800056e-03 4.1079658102e-02 4.3490319943e-01
7.7044711177e-01 -1.1444394800e-01 -1.2026165348e-02
4.8241048957e-01 -5.1881058307e-02 1.9734366040e-01
-3.2124071083e-01 -1.6025987665e-01 1.3100035744e-01
-8.4128316479e-01 -6.0792202708e-02 -4.8968248805e-01
-6.0643186743e-02 -4.5977737779e-03 -1.8974800553e-01
-3.2293251695e-02 -1.6087824683e-03 -9.1514840542e-03
-7.1702599596e-02 -8.3458287364e-03 8.4457865768e-02
-3.4466929752e-02 -2.7059397749e-02 6.9095982833e-02
-5.8598830792e-02 -2.6963822016e-02 9.2806575630e-02
-5.4052618016e-02 -3.5214618999e-02 6.3833410839e-02
-4.2858896161e-02 -2.3607042365e-02 6.8399826527e-02
-4.5777553475e-02 -6.3509710847e-03 6.5034480972e-02
-2.1914112400e-01 1.1326173054e-01 3.4297523729e-01
-8.0037133737e-01 2.8776486284e-01 1.0362741223e+00
-1.6144149142e+00 2.5434059899e-01 1.0713810417e+00
-2.0149058285e+00 2.4598488739e-01 6.8843769518e-02
-1.6973281772e+00 1.8973103507e-01 -7.5512082026e-01
-7.3725842601e-01 -2.6407936619e-03 -6.5422602301e-01
-4.6061073702e-01 -7.7573033397e-03 -4.5738732192e-01
-3.6548342532e-02 -1.6655905827e-02 -7.1465084122e-02
-3.0489237534e-02 -2.4889249476e-02 9.7527856501e-04
6.0330935860e-02 4.9556592116e-02 6.1104341716e-02
9.6110241265e-02 5.8116393894e-02 9.2580879116e-02
1.2142383908e-01 3.5638319254e-02 9.1112403083e-02
2.1610801646e-01 -7.8913297547e-03 9.1330837889e-02
4.4584302757e-01 -1.3225068030e-01 1.9028203530e-01
8.4072719244e-01 -3.4948229388e-01 3.9241702163e-01
1.3473516554e+00 -6.6459728393e-01 5.0303081867e-01
1.5579079089e+00 -8.3735613045e-01 4.1889236049e-01
1.5875392587e+00 -8.3796430488e-01 1.5530838712e-01
1.8583882475e+00 -7.5888079324e-01 -2.1193105710e-01
1.8333983321e+00 -5.5692955768e-01 -7.3561275144e-01
7.3383788556e-01 -2.8380164890e-01 -4.9030465386e-01
5.6266044760e-02 -1.5985787270e-01 -6.4787899825e-02
1.0167923125e-02 -1.4688735934e-01 2.4909039823e-03
-5.8879737474e-03 -1.1390298388e-01 -2.1070259252e-02
7.7215447189e-02 5.7181919191e-02 6.1725279309e-02
7.1485176806e-02 3.7491484008e-02 9.3955408900e-02
1.2851795396e-01 -5.8985056091e-03 1.2032901075e-01
3.7964706721e-01 -9.7147184836e-02 2.5284283690e-01
9.3088901632e-01 -3.1423713427e-01 5.9803603420e-01
9.8996274283e-01 -4.5999843454e-01 5.7512346335e-01
7.1149463953e-01 -4.7770178202e-01 3.2851379770e-01
4.9767117316e-01 -4.1496270283e-01 1.5624939945e-01
2.4904884932e-01 -2.4547580340e-01 8.5576428243e-02
3.0848529526e-01 -1.5720391930e-01 1.2718803892e-01
7.8397666248e-01 -2.1879908713e-01 -2.9399463744e-01
1.2295842657e+00 -4.5275197765e-01 -9.9817917677e-01
3.1964095216e-01 -2.0991551002e-01 -3.6443321775e-01
5.2634919176e-02 -1.4263297875e-01 -1.5746057552e-02
8.9857619406e-03 -1.1124959583e-01 -7.8887415243e-03
6.2987624655e-02 3.1378845757e-02 6.3041706517e-02
8.5692084069e-02 -7.3684778637e-03 1.1588580079e-01
2.5165679406e-01 -1.0107101976e-01 2.1416754293e-01
6.7334469123e-01 -2.5905455280e-01 4.4504323665e-01
5.8570266946e-01 -2.6643584155e-01 3.5388807440e-01
8.0552925480e-02 -1.4480131068e-01 6.2908131408e-02
-5.3304089976e-03 -1.4614370796e-01 3.6744497136e-02
1.1069018077e-01 -1.7340875744e-01 9.3153576827e-02
1.4214633105e-01 -1.3586056898e-01 6.5365800352e-02
1.0465533532e-01 -1.0446743713e-01 1.9920575596e-01
3.4117994730e-01 -3.3593810958e-01 2.0494616696e-01
1.1000822155e+00 -8.3371428826e-01 -4.6267582505e-01
5.0618051978e-01 -3.7386319332e-01 -5.4323290348e-01
9.3297520440e-02 -8.7030595403e-02 -1.1876615544e-01
-6.1829490412e-03 -8.2482911493e-02 -3.9689597170e-02
5.5048499941e-02 3.0464884570e-02 9.2845269723e-02
1.4373855412e-01 -7.6592222200e-02 2.2140170568e-01
3.9740528741e-01 -1.6513522357e-01 3.9076122080e-01
2.0019936106e-01 -1.3172905849e-01 1.1239644642e-01
-2.6868007784e-01 9.4125914615e-02 -2.8328321624e-01
-2.7579565262e-01 7.8946238331e-02 -1.9498235601e-01
-3.9058387684e-04 -9.4453335776e-02 8.5544696846e-03
8.7771972289e-02 -1.6962592560e-01 6.1163096738e-02
1.1645243530e-01 -1.6344521919e-01 5.0099148367e-02
1.5368170506e-01 -2.0290485782e-01 7.1949516173e-02
1.8513120221e-01 -4.5252818794e-01 1.4546374649e-01
4.4139540647e-01 -9.6664288657e-01 -1.1312941207e-02
5.2532980355e-01 -5.0603787184e-01 -4.1144691846e-01
2.9376687500e-01 -3.4541899890e-02 -2.3507409881e-01
3.7871159713e-03 -7.0481483274e-02 -6.6619175258e-02
3.9670878621e-02 -1.3200067745e-02 1.5495115436e-01
1.6390647360e-01 -1.1444475251e-01 3.2402769950e-01
1.1222177650e-02 -5.1608547994e-02 4.3916553443e-02
-4.8987581169e-01 1.8251294078e-01 -4.6444254656e-01
-4.2872225181e-01 2.3348055568e-01 -4.1577651747e-01
-1.0104982998e-01 2.4361384987e-02 -8.6165784671e-02
8.3574815084e-02 -1.1835317066e-01 4.5093070466e-02
1.2797832626e-01 -1.3494704381e-01 7.2572092946e-02
1.6475392704e-01 -4.1198623171e-02 5.3208256364e-02
1.4265513655e-01 5.8347309175e-02 5.5304820526e-02
3.1191429810e-02 -1.9451629415e-01 5.6023972822e-03
1.7144482335e-02 -6.9519255017e-01 -1.5105061351e-01
1.2891500401e-01 -3.3219653269e-01 -1.1585437920e-01
2.3479449182e-01 1.4391508891e-01 1.3274085173e-01
-1.3811410144e-02 -2.4681777492e-02 -3.9759627985e-03
9.3649476659e-02 -5.9335832640e-02 2.6130912212e-01
-6.4761861131e-02 -3.4543307486e-03 -3.8500781670e-03
-5.4514474617e-01 2.0334960515e-01 -6.2279448021e-01
-5.1216144826e-01 2.0590488094e-01 -4.9419494316e-01
-9.2467093466e-02 3.9890445601e-03 -8.3104708321e-02
5.7363326781e-02 -9.5878446706e-02 6.6975726042e-02
1.3411056441e-01 -4.6712257576e-02 1.1387600118e-01
3.4503664275e-01 7.5122792182e-02 2.2689977738e-01
5.8261260436e-01 3.5344331482e-01 1.6167609145e-01
4.3510027397e-01 4.1170455749e-01 1.3098514658e-02
4.1760044505e-02 -9.4091803544e-02 6.0338788705e-02
-9.4153825656e-02 -4.2642039347e-01 1.1906566334e-01
-1.8225506761e-01 -3.4831069214e-01 5.1473638571e-01
1.0256926796e-02 1.6466503899e-01 4.5257630554e-01
-2.1035368836e-02 4.8395539198e-02 1.3103896735e-02
9.5063732325e-02 -6.0716123365e-02 1.9608746869e-01
-3.3565267827e-01 1.1858935561e-01 -5.2399621283e-01
-5.2670725400e-01 1.5551322835e-01 -6.7269195355e-01
-1.1099297384e-01 -7.3903811102e-04 -1.3032393904e-01
9.9314727955e-02 -9.6243078273e-02 7.8730643081e-02
2.0545580070e-01 2.2743667111e-02 1.2764374270e-01
5.9363943485e-01 2.5103267210e-01 3.8739605487e-01
1.2549939868e+00 5.6270896788e-01 5.7830502264e-01
1.4664196106e+00 8.9749578606e-01 2.3769754303e-01
8.4450385556e-01 6.9526484584e-01 -9.6299370628e-02
3.0782958249e-01 6.2205124683e-02 2.6234219548e-02
4.8882310880e-01 -1.6745678593e-01 5.3223758072e-02
-7.7121019645e-02 -9.9828201288e-01 4.6669948317e-01
-2.5721936952e-01 -6.3844464499e-01 3.3009040631e-01
-3.5851613292e-02 -6.4247625227e-02 1.1694960402e-02
-7.7227377983e-02 -9.8431492048e-02 3.6547351227e-01
-4.2655794377e-01 -3.2596078065e-01 1.3280883766e-01
-2.4420148277e-01 -2.1906119039e-01 -9.1455407805e-03
1.8301495113e-01 -2.3526960637e-04 8.9993718517e-03
4.5867543915e-01 6.5255678965e-02 1.3223440923e-01
8.7498376282e-01 3.1597189538e-01 3.9045389273e-01
1.0946225959e+00 4.3563490385e-01 6.4713073412e-01
1.1274758228e+00 4.4779926473e-01 5.7092203968e-01
8.4630888050e-01 4.2854446102e-01 1.4146420890e-01
4.0279682577e-01 2.3936722765e-01 -1.3569773561e-01
1.4157465813e-02 7.9922035949e-02 -4.9907183728e-01
8.6457125774e-01 1.9146552041e-01 -6.8741942460e-01
1.3359584241e+00 -4.5903633177e-01 -6.1407981684e-01
2.6429712264e-01 -4.6291220501e-01 -1.2471940943e-01
-1.0904186904e-02 -4.6517298510e-02 4.5820770122e-02
-2.2028089794e-01 -9.6529753204e-02 4.5229753049e-01
-4.4483672608e-01 -4.6755207238e-01 5.3773625745e-01
-4.1277283578e-01 -3.0598362844e-01 1.6903797603e-01
-2.3601391140e-01 2.9237120733e-02 -4.4396592687e-02
3.4091832062e-01 1.3333288094e-01 1.2097494665e-01
6.2512023474e-01 2.1130904609e-01 2.2522662047e-01
4.6639475448e-01 1.4228575801e-01 2.0828555402e-01
2.0345479123e-01 1.8416771514e-02 7.4179484022e-02
1.0180576798e-02 -5.1727653939e-02 -4.6284207392e-04
1.1826651179e-01 -4.9499653172e-02 2.5650531880e-02
-1.7893383961e-01 2.2671150141e-02 -5.4800258742e-01
3.2741313918e-01 -2.7948607419e-01 -2.4200235902e-01
2.4625770981e-01 -7.7181763094e-01 1.6098037876e-02
-2.4215537025e-01 -2.8747314301e-01 -2.8743265937e-01
-4.5230013248e-02 -5.1296125771e-02 -2.7565266654e-02
-2.2606195134e-02 -9.2941648637e-02 2.9816686619e-01
2.7030074609e-01 -3.3984588723e-01 6.1020542574e-01
2.4466530428e-01 -2.4791747394e-01 -2.8868576061e-01
-1.1184226046e-01 -3.1032570995e-02 -2.4568454377e-01
1.0151475678e-01 1.7343720942e-02 4.3197885970e-02
1.3259417942e-01 1.8330150431e-02 3.5706417885e-02
6.7797469061e-02 4.5560920729e-02 5.3834335276e-02
-9.9575326459e-02 -2.3783468987e-03 7.0958668337e-02
-1.4203250266e-01 -7.0824457626e-02 6.6777252256e-02
1.2293720821e-01 -4.9661495460e-04 8.4579767702e-02
2.3711366624e-01 6.8387389617e-02 -2.2700274255e-01
9.2082924991e-01 -4.7752457122e-01 -8.1757683000e-02
5.6182337540e-01 -8.2494600170e-01 6.1780194563e-02
-1.2330643831e-01 -1.4509429753e-01 -1.3986327038e-01
-4.3666097631e-02 -2.8926838277e-02 -8.0821695584e-02
-7.6829610140e-02 -3.1729397760e-02 2.0074301953e-01
-3.1008664792e-01 -9.7094878776e-02 6.4042326011e-01
-4.8874781192e-01 -3.4124272687e-01 1.4496021202e-01
-1.0472928762e-01 -2.2924182409e-01 -1.8489852998e-01
6.2320783522e-02 -1.5692406354e-02 -3.1801448632e-02
-4.3638778551e-02 2.1221520877e-03 5.4586867855e-02
-7.5877327670e-02 1.2857605359e-02 8.8393171210e-02
-1.2899067929e-01 -4.1884191050e-02 1.2503492427e-01
-1.3960377088e-01 -6.1147146925e-02 1.0263403450e-01
-9.0472916171e-02 -5.2121163784e-02 5.8787327491e-02
-9.6269159271e-02 4.7639280458e-03 -1.5135536101e-02
4.9647552662e-02 -2.4848044162e-01 -1.4868683481e-01
1.1074034267e-01 -3.6706424286e-01 -4.2736554907e-01
1.1988573432e-02 -2.1052544574e-02 -3.4908614286e-01
-1.1901443704e-02 -3.8967066848e-02 -7.6027446272e-02
-4.9864694104e-02 -2.8613803125e-03 6.4428853161e-02
-4.1840153773e-01 -4.1241848051e-02 2.1199211162e-01
-9.8792646048e-01 -3.3393589505e-01 6.4122298927e-01
-3.1626804243e-01 -4.4879417458e-01 1.6761152966e-01
-2.5080654632e-02 -3.3907101995e-01 -1.6539623397e-01
-4.3528107651e-02 -5.5621260697e-02 -7.7442688623e-03
-6.3600970621e-02 -1.6154691375e-02 8.1298562110e-02
-1.1802237750e-01 -4.3938865262e-02 1.2737291233e-01
-9.1048697492e-02 -9.0771011610e-02 1.0185183282e-01
-7.0043983824e-02 -4.4089896421e-02 3.8161743402e-02
-4.5592848372e-02 1.3224926509e-04 -2.6833600115e-03
-9.7487773748e-02 -4.2898189043e-01 1.2946330504e-01
-4.2043906967e-02 -6.5679837975e-01 2.3623542958e-01
5.6975454685e-02 -9.6550820261e-02 -3.6886439258e-02
-5.1477813856e-03 -3.3817320094e-02 -5.1753150095e-02
-6.1553706679e-02 1.1514048935e-02 7.8944873403e-02
-8.8793357377e-02 1.4427460663e-02 1.2327049196e-01
-3.2505523464e-01 -2.8299583480e-02 3.1663696851e-01
-3.3276077942e-01 -1.9848323607e-01 2.1740243326e-01
-3.1486946628e-01 -2.8366080061e-01 8.6321736602e-02
-2.0302537113e-01 -1.5292576094e-01 -6.1860314124e-02
-6.1954371136e-02 -7.9086590119e-02 4.6266780602e-02
-7.4778836043e-02 -6.5390568663e-02 1.4630780081e-01
-8.5545669916e-02 -6.7124220962e-02 1.4379913651e-01
-3.3573360924e-02 -1.8874712440e-02 7.9780979607e-02
-3.6855232004e-02 -8.0720717728e-02 3.2133662339e-02
-2.1894635824e-01 -8.8375640337e-01 5.9313622931e-01
-2.0970612196e-01 -1.3016410592e+00 7.7370444026e-01
1.1761457370e-01 -2.7619039568e-01 1.0711654808e-01
2.4949424812e-03 -1.9763877454e-02 -3.5375124451e-02
-7.9455388039e-02 2.1812007775e-02 7.6779561256e-02
-3.8339111299e-02 1.5038027310e-02 8.6055965388e-02
-6.5348492407e-02 1.7193615293e-02 1.0243281253e-01
-1.6954894800e-01 2.0422925457e-02 1.0073043434e-01
-3.0372555323e-01 1.6530696687e-02 8.2078128229e-02
-4.3158610737e-01 -6.1537505525e-02 2.5128165701e-01
-1.8034407709e-01 -1.1343713308e-01 2.8611556024e-01
-9.3283568246e-02 -8.4658381691e-02 1.8860205271e-01
-1.1314581310e-01 -1.0591113780e-01 1.8397494958e-01
-6.6631554911e-02 -7.5253536811e-02 8.0150123182e-02
3.6061640418e-02 -1.3594782830e-01 1.7595049650e-01
-2.8613135146e-01 -5.3796277821e-01 4.2419469311e-01
-6.6624295384e-01 -7.5270563990e-01 -4.4788692384e-01
1.5276862706e-02 -1.7505943955e-01 -3.7697101535e-01
2.1585001517e-03 -3.0084392937e-02 -3.6790007171e-02
-7.4712255874e-02 8.7794000039e-03 8.7470500061e-02
-4.8423434844e-02 1.8007851150e-02 8.1543199555e-02
-7.5221190739e-02 2.1173110333e-03 1.0868671513e-01
-6.8933633144e-02 -2.5774904853e-03 1.0355145296e-01
-1.2268862944e-01 1.0299347415e-02 1.0595858300e-01
-3.0461691843e-01 -1.5722445285e-03 4.0926002529e-01
-4.8553451798e-01 5.1042556089e-02 7.0003806669e-01
-7.7561342103e-01 -4.8395836188e-02 6.6328684296e-01
-5.3817388718e-03 -1.6542441922e-01 3.3096628033e-01
6.7136747115e-01 -7.1401541407e-02 1.3179496649e-01
2.2450239141e-01 -7.3322519259e-02 1.4618728720e-01
-3.4646572623e-01 -2.6160381516e-01 -2.1859357332e-01
-7.8782212684e-01 -2.3565194307e-01 -1.0168560648e+00
-1.3892793748e-01 -4.5997787022e-02 -3.7777959232e-01
-3.4282030868e-02 -1.7707372874e-02 -2.0429797830e-02
-6.5211342419e-02 -2.4934879400e-02 8.8476996629e-02
-3.3210105661e-02 -4.1638795352e-02 4.4566880352e-02
-6.3319457550e-02 -6.1276127114e-02 9.3389922933e-02
-8.5670354744e-02 -7.3715752930e-02 6.8127524171e-02
-6.3646329861e-02 -7.8347240826e-02 7.3408680371e-02
-1.1146989441e-01 -3.7604650851e-02 8.5568335434e-02
-4.8213550094e-01 7.3811091422e-03 4.3637003961e-01
-1.2862179528e+00 -1.8892778931e-01 9.9592955111e-01
-1.6978444590e+00 -5.2823584366e-01 8.8502717322e-01
-1.7513015581e+00 -5.8396111384e-01 8.0903437764e-02
-1.5351100448e+00 -4.1860381656e-01 -5.8314345513e-01
-8.4250088922e-01 -3.1893246544e-01 -6.2694375502e-01
-3.9310645642e-01 -1.1742348044e-01 -3.9334120383e-01
-4.1938265466e-02 -3.7815576362e-02 -8.5720201042e-02
-1.6711349657e-02 -5.1957192502e-02 3.5422051378e-03
4.2132176012e-02 3.8669622932e-02 4.4990486190e-02
4.9567042225e-02 5.2033781128e-02 8.0500518335e-02
6.6818381430e-02 1.9212149356e-02 8.1241049103e-02
1.2037865165e-01 -4.1944836201e-04 7.5223910409e-02
2.0921086914e-01 -8.4033977146e-02 7.8093149830e-02
3.2632614149e-01 -1.9165216311e-01 1.1700112381e-01
5.7047794436e-01 -4.0300289659e-01 1.7193365045e-01
7.1048409756e-01 -5.7118730296e-01 1.7846814689e-01
8.6647309385e-01 -6.4030259839e-01 1.4003859363e-01
1.2938702337e+00 -7.6767678754e-01 -3.0520117214e-02
1.5871870647e+00 -8.3760057827e-01 -5.7935382796e-01
7.0569679032e-01 -4.3641985908e-01 -5.2577388238e-01
2.4856214622e-02 -1.5508340899e-01 -9.4470812384e-02
-9.4950028886e-03 -1.1901441966e-01 -2.0037345501e-02
-2.5989242651e-02 -1.0038172344e-01 -4.3359829958e-02
4.9192395606e-02 3.7628655353e-02 4.7741089077e-02
2.0395847062e-02 3.5526845728e-02 9.5870565516e-02
5.3557999388e-02 -2.4606554029e-02 1.0818190310e-01
1.7192108772e-01 -1.0001794409e-01 1.6429514158e-01
4.2852652810e-01 -2.6396735327e-01 2.9708208290e-01
6.1815938184e-01 -4.2765357583e-01 3.2161931491e-01
6.4345683982e-01 -5.7139068677e-01 2.7784059636e-01
5.9267878075e-01 -6.2798164844e-01 2.2532114688e-01
5.1243530761e-01 -5.3696374694e-01 1.9581036672e-01
7.8147790221e-01 -6.0897269917e-01 1.1369062771e-01
1.4716633466e+00 -1.0268698273e+00 -7.8794335036e-01
1.3862346354e+00 -9.8096349933e-01 -1.4659009793e+00
2.7827902805e-01 -2.7498990339e-01 -4.1577155357e-01
4.2525567968e-02 -1.1197958589e-01 -4.8659903197e-02
-6.3746212831e-03 -9.3592793635e-02 -3.6766846200e-02
4.6625507008e-02 1.4761182937e-02 3.9390752227e-02
2.8772602106e-02 -4.1905318715e-03 9.5901422094e-02
1.2947760354e-01 -1.3826719108e-01 1.3872726816e-01
4.5225522452e-01 -3.1314878544e-01 3.1780456349e-01
6.2184290252e-01 -4.2006749768e-01 3.5889888300e-01
3.3173137407e-01 -2.7383277557e-01 1.6974802759e-01
1.8177547873e-01 -2.4752547591e-01 1.0142062536e-01
4.0259141233e-04 -1.7304483419e-01 1.0544902022e-01
5.2367354459e-02 -2.1668880846e-01 5.7324254725e-02
1.6078045585e-01 -3.5371908836e-01 1.1347180745e-01
3.1856777810e-01 -5.8752128879e-01 -1.3701250473e-01
9.5646833598e-01 -1.0106764702e+00 -1.0680319125e+00
8.6397215695e-01 -5.8093927173e-01 -9.1876438209e-01
2.4294452581e-01 -1.1925992608e-01 -2.5446965696e-01
-1.3070714709e-02 -7.5301464235e-02 -7.5386662470e-02
5.9579523630e-02 -1.8332572944e-03 7.1908790086e-02
9.6999421029e-02 -6.7701556431e-02 1.7556081862e-01
2.9898075149e-01 -2.3271576930e-01 3.0261488879e-01
3.7666980142e-01 -3.1617953918e-01 2.9975707325e-01
3.8567667228e-02 -6.3123447003e-02 -3.6779150921e-02
-1.6344494610e-01 1.3166379087e-01 -1.3991056014e-01
7.7959562006e-03 1.8546117161e-02 -1.3465444255e-02
-2.0834540996e-02 2.4515667278e-02 8.8478892587e-02
5.0818430727e-02 -7.3319420859e-02 1.7650740044e-02
1.0768221512e-01 -2.8583969475e-01 6.9692672651e-02
-3.6887424443e-02 -4.3613214848e-01 2.0990253471e-01
5.1880361789e-01 -8.3216608445e-01 -2.9922842652e-01
1.8560809432e+00 -8.7550567344e-01 -1.2979882525e+00
1.1081575803e+00 -2.3634519153e-01 -8.2970785632e-01
5.5565700494e-02 -8.1642812598e-02 -1.6392696889e-01
2.0224936220e-02 -3.8175599325e-02 1.1075314836e-01
8.1444984651e-02 -9.3848303751e-02 2.0017701085e-01
9.3702391287e-02 -1.1857391423e-01 1.3112757313e-01
-2.1293431197e-01 6.4211961986e-02 -1.9141345479e-01
-4.6581392043e-01 4.0403382486e-01 -4.3635286751e-01
-3.3176742950e-01 4.1534245105e-01 -2.3998697502e-01
-1.1457303203e-02 2.9932354882e-01 2.3890996744e-02
2.1955539776e-01 4.7801703876e-01 2.7830485773e-01
3.1700863578e-01 5.8778254254e-01 2.7085658566e-01
1.8883154301e-01 4.6330836660e-01 2.1777925634e-01
-5.0136895825e-02 -1.8757681708e-01 2.8115668771e-01
6.6060193416e-02 -5.7471900211e-01 8.4593733892e-02
6.4282274625e-01 -3.3818138543e-01 -4.6244202108e-01
7.0551305484e-01 -1.2639345246e-01 -4.8424808406e-01
1.1525086468e-02 -7.4466588860e-02 -1.3541961900e-01
3.4581754493e-02 -5.3472051937e-02 1.5641999403e-01
-2.2961992781e-02 1.4597022533e-02 3.3672102482e-02
-3.0302878728e-01 1.5442780883e-01 -3.0511007669e-01
-4.8752704899e-01 3.9121800418e-01 -4.3387229328e-01
-3.1447671783e-01 5.1202364219e-01 -3.3708382639e-01
-1.7530354113e-02 4.1350148440e-01 -1.6256316036e-02
4.5100484397e-01 7.1719777522e-01 4.2071709918e-01
7.3690836643e-01 1.1412156135e+00 7.1833987833e-01
6.7206503005e-01 9.1160033348e-01 4.2867570769e-01
5.1624023719e-01 6.4913676337e-01 2.1585670761e-01
1.0011272143e-01 -4.3034740084e-01 3.7582836065e-01
9.4182096554e-02 -5.7743987765e-01 1.9964277950e-01
-9.2761785570e-02 -4.7485651537e-02 1.1811495414e-01
-8.2089885677e-02 1.0055790303e-02 1.3464867883e-01
-7.0945130050e-02 -3.9234766307e-02 -3.4652815611e-02
6.5490993183e-02 -3.3502283130e-02 9.1515061971e-02
-8.6958139400e-02 1.5900095775e-02 -1.1091366958e-01
-2.2718871050e-01 5.8779615011e-02 -2.0206103282e-01
-9.4873075502e-02 3.9691697043e-01 -1.8083170033e-01
8.3007283551e-02 3.6526310894e-01 -4.4944126013e-02
4.2583273487e-01 4.8287084386e-01 2.7703408278e-01
9.9902345289e-01 1.0740664304e+00 7.5237583371e-01
8.2704236185e-01 8.0338590703e-01 6.4103645483e-01
5.2390176217e-01 3.4183894816e-01 1.8325361688e-01
3.9041476550e-01 3.2167350915e-01 3.8300338230e-02
5.1753268799e-02 -2.0700188742e-01 4.8422905648e-02
6.8119922154e-01 2.4735947159e-01 -7.5027584840e-01
5.7280614683e-01 2.8209633736e-01 -9.1903249150e-01
-1.1558028010e-02 -1.4525810189e-01 -1.3012242070e-01
-4.9382854080e-02 -6.8889489927e-02 -4.1654059933e-02
1.0026660777e-01 -1.8178412038e-02 3.7305422154e-02
4.2579656421e-02 -1.3945009868e-01 2.0987045427e-02
2.0067970917e-01 -1.0440030544e-01 1.0363822248e-01
4.0022159293e-01 2.9216110978e-01 -6.4746337443e-02
4.4253423220e-01 1.4458884181e-01 1.0679645097e-01
8.4525558320e-01 4.9826937731e-01 3.9983987680e-01
7.8844509723e-01 5.2442599959e-01 4.8529117129e-01
4.4469622720e-01 1.7824873869e-01 2.3975973460e-01
3.4944637330e-01 1.2553686500e-01 7.7101356093e-02
1.4162941981e-01 2.8969818832e-02 -1.7173314626e-01
-5.8046983697e-02 -1.9000531489e-02 -9.5084165554e-01
5.0217473806e-01 1.5864344294e-01 -1.6585820668e+00
1.1373976812e+00 -2.5798805124e-01 -2.2889482805e+00
2.9733588138e-01 -2.3816749466e-01 -6.3313783633e-01
-4.7909533299e-02 -5.1659683077e-02 -5.0352048288e-02
7.2017648435e-03 2.5457291820e-02 2.5488770163e-02
1.1065509867e-02 -1.2920777709e-01 3.3634254139e-02
1.9270145683e-01 -1.5315266420e-01 3.8700605183e-02
2.2673740815e-01 1.5564876115e-02 -5.8311174581e-02
2.1764648406e-01 -3.4575406083e-02 8.0818326353e-02
3.1337370113e-01 8.6389662612e-02 9.7896440137e-02
1.6427860295e-01 4.8857777303e-03 4.3154946560e-02
2.6000207425e-01 9.7014253719e-02 3.3574040606e-02
1.9873388288e-01 1.0275289267e-01 1.8759092876e-02
-1.9122489968e-02 -9.4297092235e-02 -1.8486551900e-01
2.0107312326e-01 -1.3826491798e-02 -9.9406132299e-01
6.7744072699e-01 -3.3690498286e-01 -8.5131878339e-01
3.5920095535e-01 -1.1875896248e+00 -4.9759956836e-01
-2.3813597206e-02 -3.8439440601e-01 -2.5006847787e-01
-6.5860096884e-02 -4.9692802782e-02 -5.2891293468e-02
-5.0906495274e-02 -5.4011150183e-02 1.5027421388e-01
-1.1712249667e-01 -2.0873550568e-01 3.7649792061e-01
-4.2983159921e-01 -2.6403282782e-01 -3.3042685227e-01
-4.7267503719e-01 -2.2310516030e-01 -2.3188887298e-01
-2.2234707121e-01 -1.2115274205e-01 -4.6773820502e-02
-1.7275988016e-01 -9.6487174405e-02 -3.4318545200e-02
-9.0063964638e-02 -9.2941285648e-02 4.4934301608e-03
-6.8915467401e-03 -5.4441456820e-02 5.3790928070e-02
-5.7653529756e-02 -1.1111587166e-01 2.4868021721e-02
-9.1104320820e-02 -1.0225128352e-01 3.7623774537e-03
2.1286490951e-01 -3.0667621860e-02 -2.5147683453e-01
8.0621003846e-01 -6.5336593571e-01 2.6447278691e-01
3.9070275891e-01 -1.1544116770e+00 1.1208774280e+00
-1.3882679730e-01 -1.8228413026e-01 3.4693112219e-01
-6.6735775046e-02 -1.0267449065e-02 -9.0454396745e-02
-5.2811560028e-02 -3.3284432590e-02 9.2800995254e-02
-3.0269917260e-01 -2.0031154500e-01 1.7954317309e-01
-7.2953696788e-01 -5.8829189030e-01 6.9381086857e-02
-3.2720929678e-01 -2.5048811969e-01 -8.4342163371e-02
-4.2665365015e-02 2.5444167115e-02 -1.3031561515e-01
-1.1424617811e-01 -8.0619478645e-03 2.4532599572e-02
-9.9856798383e-02 -4.1546318801e-02 6.3240267720e-02
-1.1614799447e-01 -8.7473136085e-02 9.6720755144e-02
-1.1919463674e-01 -1.2933562274e-01 6.9177544692e-02
-1.2368962582e-01 -1.1096260244e-01 4.7998745340e-02
-1.3522217115e-01 -7.9743859518e-02 4.7765271765e-02
6.0286252049e-02 -5.8913474763e-01 3.8050750782e-01
1.2985816562e-01 -7.0971519787e-01 6.1536172135e-01
1.5883153099e-02 7.7005437338e-03 6.4212428581e-02
-2.8754197100e-02 -7.7004309378e-03 -9.1656314925e-02
-3.0005879339e-02 -2.0222034251e-02 3.4508468897e-02
-2.5576845746e-01 -1.4093919858e-01 1.2105569086e-01
-8.4107427752e-01 -6.1705297384e-01 5.6103849008e-01
-4.3182944143e-01 -4.3859715882e-01 1.4659873469e-01
-2.4706169702e-01 -2.1186899158e-01 -4.5028638124e-02
-1.4220883049e-01 -3.0367024103e-02 -3.0818887296e-02
-7.4467376862e-02 -3.4508717490e-02 2.2233421503e-02
-1.3008430585e-01 -9.2900275153e-02 7.0015271691e-02
-1.1603733853e-01 -1.3894930682e-01 4.7376060099e-02
-1.1081120078e-01 -1.1083514288e-01 1.2625059604e-02
-9.6764416663e-02 -9.7420067991e-02 1.9034302185e-03
9.3438647871e-02 -5.3041417161e-01 4.7507210509e-01
3.0396573160e-01 -7.0383917253e-01 9.7503274873e-01
1.7077958887e-01 -6.3397182739e-02 2.3944763001e-01
-2.0002593936e-02 -2.0090433642e-02 -6.9401724629e-02
-4.9470174081e-02 -7.7027984169e-03 5.9044508675e-02
-6.8794995848e-02 -1.7702532303e-02 9.8866754216e-02
-2.6765401838e-01 -1.5496413722e-01 2.5262533742e-01
-4.4024400781e-01 -3.7741844236e-01 3.0347445161e-01
-5.4530833343e-01 -5.3945816643e-01 2.9953305953e-01
-2.5787391025e-01 -2.1590305069e-01 8.1184235076e-02
-5.1245567233e-02 -9.1919360608e-02 5.8080630467e-02
-5.3585808292e-02 -1.0281229028e-01 1.6202641741e-01
-7.2195545141e-02 -1.1766448124e-01 1.2453908942e-01
-5.6980277139e-02 -1.2109838765e-01 7.8894682799e-02
-5.3749706706e-02 -1.3387106074e-01 -2.7460973330e-02
-1.4380295485e-02 -6.5425108289e-01 2.3641043529e-01
1.0221055732e-01 -8.9546630862e-01 3.3128057104e-01
1.8436963280e-01 -2.1133458906e-01 -1.4848487852e-01
-9.1694698580e-03 -2.0011054147e-02 -6.8201197031e-02
-6.9510677786e-02 -5.3490491906e-03 4.9325704818e-02
-3.6954662058e-02 -1.6181207972e-02 6.1144144909e-02
-4.9087437116e-02 -4.5200926394e-02 1.0791794725e-01
-1.4387026495e-01 -1.2349532296e-01 1.4361563469e-01
-3.5821030787e-01 -2.7254193100e-01 1.9838975128e-01
-5.4670584494e-01 -3.4476303465e-01 4.8739815610e-01
-3.5106899762e-01 -4.7205741192e-01 5.1288072724e-01
-1.4870247607e-01 -3.0716495244e-01 3.3761160327e-01
-5.9761109004e-02 -2.3531944421e-01 2.3640803442e-01
-8.8186208292e-03 -1.7516942298e-01 1.9020590800e-01
1.9752966262e-01 -1.9530006751e-01 1.2154837411e-01
3.3757302473e-02 -4.1680005600e-01 -1.4547523797e-01
-5.2980752298e-01 -6.2344792501e-01 -1.4051401428e+00
-5.6419463324e-02 -1.6645952276e-01 -7.3592508886e-01
-2.9711655115e-02 -4.5072742414e-02 -7.0979991420e-02
-6.3829416808e-02 -2.0126641976e-02 8.1816760879e-02
-3.4974538619e-02 -2.6192592641e-02 9.7323533872e-02
-4.8650559594e-02 -4.2512235860e-02 1.1590662873e-01
-4.9639431550e-02 -6.0087047446e-02 1.1669208684e-01
-1.1940773661e-01 -7.7668975615e-02 1.3448482016e-01
-3.3798925448e-01 -2.3804327020e-01 5.1570692090e-01
-6.4763658226e-01 -5.8833584133e-01 9.1439556896e-01
-8.5134469523e-01 -6.7263851593e-01 7.7172034459e-01
-4.4695307152e-01 -5.6692640795e-01 5.4408595841e-01
-8.6951944184e-02 -3.3378776491e-01 3.0138005148e-01
-1.7321536036e-01 -3.7881774927e-01 -4.3059153847e-04
-5.0131296862e-01 -5.4685852584e-01 -3.7064704554e-01
-5.6112143729e-01 -4.2806987083e-01 -9.5836313745e-01
-1.2618766022e-01 -9.9088235598e-02 -3.6551457933e-01
-4.3530288023e-02 -3.3710911645e-02 -4.1766880235e-02
-4.9949708343e-02 -3.9814338334e-02 7.5970331874e-02
-2.2864618400e-02 -7.2319588487e-02 6.1991107195e-02
-3.0032057142e-02 -1.0307698218e-01 1.1311911095e-01
-4.8202863266e-02 -1.2553940468e-01 8.9014893902e-02
-3.6015788575e-02 -1.0714600084e-01 8.2456508595e-02
-9.0221475624e-02 -9.4580395699e-02 9.4806144562e-02
-3.9827778253e-01 -2.3876181767e-01 3.7008782180e-01
-1.0257616980e+00 -6.0455409963e-01 7.4567581170e-01
-1.3607307720e+00 -9.7362346118e-01 7.7011779002e-01
-1.3628408551e+00 -9.9370361755e-01 2.2709942352e-01
-1.1521785919e+00 -7.9776417486e-01 -2.8313752608e-01
-8.4855711135e-01 -5.5724631587e-01 -4.2611667562e-01
-3.1845847443e-01 -1.8251554823e-01 -2.5254258809e-01
-4.0361220608e-02 -5.3291383338e-02 -8.2697307291e-02
-3.7471432931e-02 -5.6925661777e-02 -1.8445872439e-02
2.4806294390e-02 3.9439528307e-02 5.7761508243e-02
2.5213617829e-02 4.5213946405e-02 8.4698467349e-02
1.2870891581e-02 2.3775698658e-02 1.0468124200e-01
6.4646395987e-02 -1.7683622751e-02 7.3958285959e-02
1.1367601174e-01 -5.6490727153e-02 4.8588481418e-02
1.1569606430e-01 -7.8197644366e-02 3.8906329936e-02
1.5916817143e-01 -1.4471361145e-01 5.8019159558e-02
1.5323938688e-01 -1.9048568921e-01 5.2873366424e-02
2.8847029034e-01 -2.5009267164e-01 4.8309745020e-02
4.5995433604e-01 -3.7174641363e-01 1.3113813002e-02
5.7497841804e-01 -4.7894398589e-01 -1.6936480392e-01
1.9711017591e-01 -3.1135937822e-01 -1.2588862686e-01
-2.7912314310e-02 -1.4755748645e-01 -2.2381571762e-02
-2.1188935061e-02 -1.3581257926e-01 -1.6413782696e-02
-3.6864270491e-02 -1.1612638181e-01 -3.6378406730e-02
2.8383078159e-02 3.5456261121e-02 6.0041020109e-02
1.8746687514e-02 3.9894620172e-02 8.5883078837e-02
1.4966350855e-02 1.5693070386e-03 1.1726062873e-01
6.9020872957e-02 -5.4984817705e-02 1.0999538862e-01
1.3665548729e-01 -9.3297579213e-02 1.2480054420e-01
1.5288337622e-01 -1.4385575386e-01 1.2600740505e-01
1.9881413077e-01 -2.3867861118e-01 1.3405530438e-01
3.3272820530e-01 -4.1087434410e-01 1.4571441652e-01
5.0185597488e-01 -5.8177333968e-01 1.9645896775e-01
8.1512495484e-01 -9.5563201580e-01 8.0611611859e-02
1.2256189314e+00 -1.4279095883e+00 -5.7032266239e-01
7.3123213488e-01 -9.2059284335e-01 -6.9960227903e-01
9.9544894942e-02 -2.1068726104e-01 -1.3234370402e-01
1.7764831119e-02 -1.1828767749e-01 -2.4594615849e-02
-5.1079773025e-03 -9.3979706347e-02 -2.5677551779e-02
8.5028066908e-03 3.2506376148e-02 5.3713634570e-02
-1.7613697942e-03 1.9396472173e-02 1.0034444545e-01
5.1583326958e-03 -4.6459238402e-02 1.2462245366e-01
1.5511159016e-01 -1.4085684603e-01 1.5261134427e-01
2.5191890928e-01 -2.1540426456e-01 1.8030016481e-01
1.8142545274e-01 -1.6972435701e-01 1.2607110423e-01
1.6471031068e-01 -1.7894337245e-01 9.5966505989e-02
1.9087145031e-01 -2.8946003860e-01 1.3197626187e-01
3.0275718996e-01 -4.3336772895e-01 1.0903584955e-01
4.1207947770e-01 -7.5947744258e-01 6.3336103607e-03
7.2542272613e-01 -1.2707718825e+00 -5.6963796735e-01
8.1946894634e-01 -1.1366777784e+00 -8.6527880709e-01
4.9550830451e-01 -4.2456265732e-01 -4.2706916773e-01
1.2425348151e-01 -1.5070286979e-01 -1.3708493855e-01
-2.6786419451e-02 -8.5112239443e-02 -5.1922552728e-02
3.2079335335e-02 1.5127398431e-02 6.3109726237e-02
4.8904236387e-02 -3.0517670454e-02 1.3600222515e-01
9.2047184421e-02 -1.0642631816e-01 1.4647095846e-01
2.0668358897e-01 -2.1237838868e-01 1.8836748015e-01
1.8005403600e-01 -1.4908902413e-01 1.0602206387e-01
2.4972092879e-02 -1.4959814503e-02 4.0370902284e-03
8.3997515073e-04 1.0465893369e-01 1.9112218322e-02
8.3311588268e-02 1.1856643874e-01 1.4141867252e-01
2.1033944577e-01 -5.4834260647e-02 9.0006210010e-02
2.3965305656e-01 -3.9667371064e-01 2.7489928823e-02
2.0657236397e-01 -4.6727611961e-01 -3.3814700306e-03
8.9909119568e-01 -7.3964834176e-01 -4.8841647934e-01
1.6522744497e+00 -7.9519763918e-01 -1.0219314906e+00
6.7449347802e-01 -3.5617679943e-01 -5.8100619178e-01
7.6670026295e-03 -1.0478395919e-01 -1.1627698047e-01
1.4749938126e-02 -1.5891681884e-02 1.0720562291e-01
3.7390220592e-02 -2.4514287874e-02 1.0388138788e-01
3.7792412185e-02 -6.0346343850e-02 8.2560417384e-02
4.4672389289e-02 -1.2675235104e-01 8.0899838919e-02
-8.0312100689e-02 1.4388296246e-01 -6.9762913733e-02
-1.5296391039e-01 4.9285324857e-01 -1.1593189523e-01
7.8876412825e-02 6.8089687018e-01 1.1038131608e-01
3.2247332491e-01 8.3324373510e-01 4.2051535598e-01
3.0191846194e-01 5.4873012855e-01 2.8246113688e-01
2.4663888852e-01 7.1209403728e-02 1.3409558273e-01
2.0305529415e-01 -2.2464662541e-01 7.7821159814e-02
6.3652611509e-01 -6.7968418201e-01 -3.1488234635e-01
1.0791554927e+00 -2.2537413901e-01 -8.3813327299e-01
4.8464210734e-01 -1.1532450005e-01 -7.4185227313e-01
-1.9191571403e-02 -9.6964997556e-02 -1.6537973738e-01
2.6359089278e-02 -4.0348351428e-02 1.2719067216e-01
-8.0233910882e-03 -1.2468312691e-02 3.6610825859e-02
-5.2070802103e-02 -7.4765223497e-02 2.4294144000e-02
-2.8036990026e-02 1.7280204302e-02 2.1563021426e-02
-3.3127526411e-02 6.5961476921e-01 -1.5820831351e-01
1.3885056190e-01 9.4744084677e-01 8.6164269403e-02
5.8319709250e-01 1.1114562286e+00 5.4760134207e-01
5.9953458609e-01 1.0171796690e+00 6.4068998697e-01
2.6435731255e-01 2.9479286102e-01 2.4786044128e-01
1.1847200190e-01 -1.9086912402e-02 3.3524121261e-02
-1.0680890978e-02 -5.6538907095e-01 -1.5499770428e-01
5.8595801888e-02 -9.6824120088e-01 -3.8363935082e-01
-2.4910896005e-02 2.5730007950e-01 -6.2663305374e-01
-9.2164342035e-02 3.5792241308e-01 -5.0809811353e-01
-6.3655282405e-02 -3.1667266733e-02 -1.2096386580e-01
5.1800987727e-02 -5.7000954459e-02 1.4207301077e-01
4.3553951422e-02 -8.1869562819e-02 1.0264884023e-01
7.9759527849e-02 -1.0616811450e-01 1.7303084194e-01
1.8359856495e-01 4.2384906576e-01 5.6339410887e-02
3.7218918600e-01 8.0717090038e-01 1.3662247105e-01
5.4465594915e-01 8.3121233400e-01 3.9667591964e-01
6.4267890353e-01 9.2722757269e-01 5.1414138408e-01
4.1914575971e-01 5.3698454343e-01 3.1623653157e-01
2.1583685849e-01 5.1285162703e-02 5.8806300422e-02
1.9381962067e-01 8.7966483251e-02 -7.6432911303e-02
-4.7497760531e-02 -6.4726094366e-02 -6.9923915616e-01
-1.5365114792e-02 -5.8265536797e-01 -1.2911091023e+00
-2.6980664389e-02 -1.5406596056e-01 -1.5406125704e+00
-7.5258416562e-02 2.2555892413e-01 -4.4538649249e-01
-4.1858525392e-02 -2.7362099297e-02 -6.0413968581e-02
6.0442675931e-02 -4.5697682796e-02 1.0543486970e-01
1.4131273011e-01 -1.2850149618e-01 1.8416462137e-01
3.3664404770e-01 -1.0153346003e-01 3.3657346421e-01
3.6470596646e-01 5.5979615306e-02 3.1040653244e-01
3.9834741806e-01 1.2464920464e-01 3.5887406427e-01
4.8113035303e-01 4.5642754411e-01 2.5537441599e-01
3.7225951207e-01 4.0993541144e-01 2.2112576218e-01
2.9504590425e-01 2.2261935685e-01 8.9631615617e-02
4.3412923561e-01 2.4408942381e-01 9.6983596454e-02
4.1834491989e-01 2.4302102476e-01 -1.2839132070e-01
2.7338608495e-01 1.8896471735e-01 -9.0279564372e-01
-2.7476447109e-01 -8.1957383264e-01 -8.9612455524e-01
-2.4137557060e-01 -1.2156425576e+00 -1.9148831273e+00
3.6674864389e-02 -1.4046636803e-01 -5.1221094151e-01
-4.4598325576e-02 -4.8923463197e-02 -3.0184676794e-02
3.1708789103e-03 -2.4543744936e-02 7.6725063264e-02
1.7523855329e-01 -1.8740881435e-01 2.2030390838e-01
4.6388003186e-01 -6.3184835131e-01 7.2559169026e-01
1.1507364237e-01 -3.7966581491e-01 3.0089509703e-01
6.6508669396e-03 -8.3894360198e-02 -1.6662437262e-02
1.5094142905e-01 6.5346193416e-02 -3.7919331221e-03
9.6097014666e-03 3.2000130905e-02 3.8800224133e-02
8.1464842814e-02 1.2373435626e-02 6.4634192412e-02
1.8047644558e-01 7.5808250056e-02 5.0357220454e-02
1.3042104753e-01 2.0197624686e-02 -5.9394778201e-02
2.4000888102e-01 8.2558482366e-03 -4.3738870235e-01
2.2496537682e-01 -5.7112378481e-01 -5.4528465042e-01
5.4151272148e-01 -1.0469857054e+00 -1.5674439187e+00
2.1468680156e-01 -2.4692484384e-01 -6.8530009658e-01
-3.9282091517e-02 -4.6108825402e-02 -4.9321638700e-02
-3.0221546762e-02 -3.5423964938e-02 7.2917683557e-02
-5.5253904811e-02 -3.0728186052e-01 2.5513247073e-01
-1.9308465064e-01 -8.8457518609e-01 5.5675469717e-01
-1.7299744832e-01 -2.1691592277e-01 1.6110493543e-02
-4.1255415233e-02 5.2850066805e-02 -3.4774406957e-01
-8.5771333418e-02 1.5429798538e-02 -1.3823200091e-01
-1.0617938757e-01 -2.6846416652e-02 1.8654862106e-02
-1.0957342534e-01 -9.1543315324e-02 7.0865802712e-02
-9.2048947310e-02 -1.2201942668e-01 4.6427656985e-02
-1.2232536223e-01 -1.1122615227e-01 5.4817343121e-02
-3.7744613092e-03 -6.0508122851e-02 -4.8258421184e-02
4.8858116477e-01 -3.2341699470e-01 -1.8203674426e-01
6.9088645320e-01 -5.5935657721e-01 -4.2883845765e-01
1.4801914086e-01 -1.0569508750e-01 -4.0526383718e-01
-5.3600808598e-02 -2.3855006822e-02 -1.0788591644e-01
-1.6516990464e-02 -2.4409953975e-02 4.8173499493e-02
-1.0991679845e-01 -1.9648810181e-01 8.7934070819e-02
-4.6847155516e-01 -6.4860249965e-01 2.8619080410e-01
-2.9307210554e-01 -1.6558335633e-01 -9.8142288513e-02
-1.8788845647e-01 -3.9936888615e-02 -1.2902961117e-01
-9.2111339788e-02 4.0440288464e-02 -7.0545650018e-02
-7.3293437617e-02 4.4695760651e-02 -3.4182007314e-02
-1.0153986692e-01 -5.5381850932e-02 7.6698469433e-02
-9.9522879031e-02 -9.4143942129e-02 8.3433065543e-02
-1.3350225674e-01 -7.0719344472e-02 5.0207756976e-02
-1.6209420335e-01 -4.8143115767e-02 5.6293465036e-02
-2.1165808149e-02 -3.4067046603e-01 2.8540782620e-01
2.1872822189e-01 -3.6881834827e-01 4.1316437302e-01
1.5602466355e-01 9.4414183341e-02 -1.4509809532e-01
-1.8473253406e-02 -1.1842679787e-02 -1.0250128192e-01
-1.5937434928e-02 -2.8390225080e-02 3.9342873596e-02
-4.4441125738e-02 -8.5498281244e-02 7.3627239668e-02
-3.0846534807e-01 -3.9273414955e-01 2.3691780810e-01
-3.5461538887e-01 -4.3136319077e-01 6.5576529766e-02
-3.3446523299e-01 -3.1892413631e-01 2.1839032838e-01
-1.4030393539e-01 -6.7637501628e-02 1.9423145247e-02
-1.2561681820e-01 -7.0573020614e-02 -9.7995621114e-02
-9.6231922858e-02 -5.1620340837e-02 8.1022113097e-02
-7.4385356527e-02 -1.0388265547e-01 8.1744465232e-02
-1.2149314591e-01 -8.3479806468e-02 3.1623541662e-02
-9.0469622893e-02 -9.7618064789e-02 -6.4949375398e-03
7.2611649172e-02 -3.9074095640e-01 1.3468181915e-02
2.2966282062e-01 -4.2571008508e-01 -3.2449498205e-01
2.3208914331e-01 6.5284528612e-02 -4.1914842609e-01
-8.2782378658e-03 -1.6905276761e-02 -9.2253910180e-02
-4.5253810140e-02 -2.4534365894e-02 4.9053606571e-02
-1.0627928700e-02 -2.5375120445e-02 4.9089992922e-02
-8.0146475651e-02 -6.9858656955e-02 7.9997744832e-02
-2.2247570115e-01 -2.3566692982e-01 6.3539046698e-02
-3.6513299836e-01 -3.9619527179e-01 2.0011416077e-01
-2.3756338142e-01 -3.8338122847e-01 2.7970380238e-01
-1.9497737606e-01 -3.9767989142e-01 2.8358760550e-01
-7.0764901501e-02 -2.3742534114e-01 3.0648827356e-01
-1.3149728215e-02 -1.7305943070e-01 2.4126172531e-01
-9.8474462779e-03 -9.7821046765e-02 1.5120126919e-01
8.8890806670e-02 -9.4878043731e-02 4.3340203401e-02
1.9852178034e-01 -3.6248591845e-01 -6.6194728979e-02
-6.7743645854e-02 -6.3211405770e-01 -1.3000709158e+00
5.7987367169e-02 -1.5381956636e-01 -9.2173523437e-01
-1.3420229383e-02 -2.7393786997e-02 -9.3472132706e-02
-5.6755760468e-02 -2.1067637227e-02 5.4054098442e-02
-2.5302892380e-02 -2.8741378341e-02 4.2687515595e-02
-4.9917895348e-02 -3.4436988297e-02 8.1631006440e-02
-6.2937030884e-02 -6.8420503468e-02 7.6573542681e-02
-1.4910142488e-01 -1.7286657603e-01 1.6261134048e-01
-3.3752693209e-01 -3.6782140354e-01 4.1019865279e-01
-5.6955513052e-01 -7.2986633995e-01 6.3106663159e-01
-4.7202809934e-01 -7.2716948343e-01 6.4146576709e-01
-2.6373386472e-01 -5.9636821999e-01 5.0192532762e-01
-2.6060739327e-02 -2.4758589123e-01 3.0525812850e-01
2.7404170386e-02 -3.2310185576e-01 1.7746848955e-02
-1.5969009256e-01 -6.3348452486e-01 -1.9699743900e-01
-4.1292996367e-01 -6.5963304217e-01 -1.3312438437e+00
-1.4304925718e-01 -1.9597307346e-01 -6.9520111162e-01
-2.7792225206e-02 -5.3511323758e-02 -5.7692344843e-02
-4.6304259510e-02 -2.9994196400e-02 6.9255995119e-02
-2.2906614614e-02 -3.1908152719e-02 7.2812872352e-02
-5.5551778842e-02 -4.5414688749e-02 1.0215483908e-01
-4.5082517087e-02 -6.6107490969e-02 9.6077760287e-02
-5.5543366070e-02 -6.1237704766e-02 1.0699029750e-01
-2.1429887578e-01 -1.6526017826e-01 2.1402248697e-01
-5.3919075911e-01 -5.7322768051e-01 6.1500768663e-01
-8.2347909101e-01 -9.5183795058e-01 8.9447150673e-01
-8.9080679239e-01 -1.1173750456e+00 7.5883040839e-01
-7.2504256805e-01 -8.4735604083e-01 4.8981796873e-01
-5.8949972635e-01 -8.1882488605e-01 -5.1928242229e-02
-7.5236087729e-01 -9.6952535899e-01 -3.7725634260e-01
-4.2455822738e-01 -5.0459358264e-01 -5.9468546995e-01
-8.7834754050e-02 -1.1792689593e-01 -2.0560793913e-01
-3.6516986325e-02 -3.7346916657e-02 -3.8303816081e-02
-2.7372825460e-02 -5.6828575573e-02 7.4258120060e-02
-5.9630943201e-04 -6.8675126293e-02 4.8662718459e-02
-2.6034092407e-02 -8.7885594422e-02 1.0506388484e-01
-3.3558270231e-02 -1.1408544132e-01 9.0681585385e-02
-2.6487626365e-02 -1.0914329928e-01 8.2199126667e-02
-5.1634477334e-02 -9.6383738426e-02 2.7390398134e-02
-1.7144898783e-01 -2.0366468742e-01 1.7896612611e-01
-5.1526887587e-01 -5.1049718996e-01 3.8567160540e-01
-7.9562050554e-01 -8.5713418411e-01 4.6244872061e-01
-8.6390852542e-01 -9.3278544776e-01 2.4990606306e-01
-6.8697724430e-01 -7.2930940331e-01 -4.8964330150e-02
-4.4739997614e-01 -4.5265127482e-01 -1.6626558419e-01
-1.4131222575e-01 -1.5078555853e-01 -1.0833517830e-01
-4.9040945165e-03 -4.2039109349e-02 -6.8686415207e-02
-1.1535210486e-02 -5.6383426716e-02 -2.1561288075e-02
1.1177319490e-02 1.6725808776e-02 8.0515104170e-02
-1.1883752201e-03 2.6646115756e-02 1.0704864676e-01
-1.1460015907e-03 5.0707086376e-03 1.2965729331e-01
1.5020443862e-02 -1.1081529029e-02 1.0465209672e-01
5.9782307792e-02 -4.1949150945e-02 8.6979737751e-02
2.8108434372e-02 -3.2761572136e-02 6.5041523024e-02
5.1915896069e-02 -7.1881505688e-02 7.2501044393e-02
-6.0289897111e-03 -7.0301148964e-02 6.2046091670e-02
2.7898722223e-02 -9.3716291076e-02 6.1853118292e-02
-1.1696368299e-02 -8.2705336546e-02 7.2100917296e-02
4.5985440881e-02 -1.1570652286e-01 7.4682849386e-02
-1.5598612852e-02 -1.2171726895e-01 8.7596794446e-02
-4.3105258268e-02 -1.1523439729e-01 8.2380098259e-02
-2.2089854494e-02 -1.1727508652e-01 3.0590698109e-02
-3.6108661906e-02 -8.8870116235e-02 -1.5411233145e-02
2.1126605549e-03 2.8165012353e-02 8.2525921165e-02
-9.7272472866e-03 1.6884329262e-02 1.0547818115e-01
-1.8325071273e-02 -8.7480392849e-03 1.2458132388e-01
1.7551772229e-02 -2.9497270989e-02 1.1612161149e-01
4.6255091056e-02 -6.0121900776e-02 1.1456030565e-01
2.8110233564e-02 -4.5977689546e-02 9.4754991690e-02
3.2003628946e-02 -1.0801192585e-01 9.1510287679e-02
4.6309317328e-02 -1.6926082431e-01 7.4621211774e-02
1.0645991675e-01 -2.5028800641e-01 1.0584178133e-01
1.2897908037e-01 -3.6713660814e-01 9.3165912086e-02
1.8776154209e-01 -4.4333508555e-01 -4.6894329200e-03
9.8476277336e-02 -2.7258677813e-01 -1.4505152369e-02
4.5957362495e-02 -1.2524943864e-01 9.7431509315e-02
4.2604200009e-02 -9.9209400426e-02 5.7877097116e-02
1.3275264556e-02 -6.7541171928e-02 -1.4696910037e-03
-1.2912065387e-02 2.6315427963e-02 6.6686301040e-02
-3.9206990145e-02 1.9529508510e-02 1.0268391032e-01
-4.2775635709e-02 -2.8776619060e-02 1.1827989412e-01
3.2610835369e-02 -6.0942046062e-02 1.0535376474e-01
6.4675718518e-02 -8.3841283885e-02 8.8060372426e-02
3.4701341326e-02 -7.2927622914e-02 7.7579207298e-02
6.8648089849e-02 -1.3362185146e-01 7.6572636793e-02
1.2709025922e-01 -2.6870301590e-01 9.4438291745e-02
2.9698026203e-01 -4.2623953908e-01 1.0954942515e-01
3.9648606315e-01 -7.1668445742e-01 3.1257376274e-02
5.5672834985e-01 -8.9041191462e-01 -1.9068741213e-01
6.1046976071e-01 -3.9005618129e-01 -2.3367643592e-01
3.1924672442e-01 -1.0628366937e-01 -1.1657797941e-01
6.9824355904e-02 -8.2232026320e-02 -2.1749028091e-02
-1.9952832000e-02 -5.9117342381e-02 -3.1616100346e-02
6.7560827833e-03 2.2597253453e-02 6.3718588811e-02
7.1929170158e-03 -4.9514699908e-03 1.1648093260e-01
1.9103215306e-02 -6.3879245178e-02 1.1394525546e-01
7.5204799114e-02 -1.0773363081e-01 1.1031605593e-01
1.1326352945e-01 -1.4493743279e-01 8.8971389382e-02
1.5593509667e-01 -1.8378680440e-01 8.1615045381e-02
1.9850994566e-01 -3.6309778798e-02 1.2060729657e-01
3.9566456427e-01 9.6169191935e-02 2.4780483302e-01
6.4966857861e-01 -3.7816108068e-02 2.9312291670e-01
7.5479602820e-01 -5.3160185126e-01 2.4146845217e-01
1.0221726742e+00 -6.3592946157e-01 5.4973532683e-02
1.6540034115e+00 -3.1553482868e-01 -6.0732877509e-01
1.4254926968e+00 -8.7858842811e-02 -1.1958749441e+00
3.2928007679e-01 -1.1775218081e-01 -3.8727375714e-01
-7.1822185016e-03 -6.3745475454e-02 -7.9689166597e-02
3.0105319658e-03 -7.1624415868e-03 7.3609463915e-02
4.4945428057e-02 -4.8806203361e-02 1.2025784909e-01
1.5695919764e-02 -1.0059921233e-01 1.1757086605e-01
8.3955756195e-02 -2.0488617389e-01 1.6620689821e-01
1.4126704536e-01 -1.6363771280e-01 1.3606785304e-01
2.8508256978e-01 1.3072325542e-01 1.7700168886e-01
6.9816592532e-01 3.5776109759e-01 4.8101512186e-01
1.0347895907e+00 3.3485503381e-01 6.1957136227e-01
9.7234697852e-01 3.6534082987e-02 3.8030940021e-01
8.6187218393e-01 -3.3953264577e-01 2.4944711266e-01
7.6226554464e-01 -4.5505478572e-01 -1.3386431794e-01
7.3177882159e-01 -9.5880917515e-01 -8.0335482827e-01
1.2544415191e+00 -7.5572032484e-01 -1.5646803537e+00
6.5096470878e-01 -1.0411933283e-01 -1.1202066275e+00
3.2497758696e-03 -3.4984915191e-02 -1.9044307162e-01
5.3948732137e-03 -2.8979830192e-02 1.0807558188e-01
2.8065634376e-02 -7.5259975702e-02 1.2895695622e-01
4.4912709492e-02 -1.9940601558e-01 1.8616480066e-01
1.7577222525e-01 -2.1672483014e-01 2.5974341619e-01
3.9524269503e-01 3.2569502053e-01 3.1756941216e-01
8.8354329797e-01 5.4891157870e-01 6.9801909669e-01
1.0035929805e+00 3.7914106317e-01 7.2338940195e-01
5.5704556207e-01 5.0536614193e-02 3.6156989150e-01
1.9734155575e-01 -1.6504284711e-01 1.1492756050e-01
7.7227957109e-02 -3.0106532498e-01 6.5452261326e-02
-5.8547302046e-02 -6.1120157773e-01 -6.1942521910e-01
-2.0324075469e-02 -1.5258833735e+00 -5.6573578660e-01
3.2849068846e-01 -5.9655937379e-01 -9.0032665217e-01
4.3700829301e-01 5.9718718591e-01 -1.7166284157e+00
5.5203453193e-03 6.5952745957e-02 -3.5894157426e-01
1.9959711181e-02 -5.1396735283e-02 1.1549564766e-01
6.3243245850e-02 -9.7372195820e-02 1.4206149454e-01
7.5198113485e-02 -1.8679202144e-01 2.2384587033e-01
3.9102326218e-01 8.4805268298e-02 3.9079580037e-01
8.8659740237e-01 2.9709835528e-01 8.6062570853e-01
8.2532258526e-01 3.6821690531e-01 7.6733254049e-01
2.9259905208e-01 2.7002951299e-01 2.3164849191e-01
6.6055068211e-02 3.0850606956e-02 2.1976928986e-02
8.0117459627e-02 -5.5572660817e-02 5.7974357704e-02
2.0582244873e-02 -3.0121442569e-02 1.1798707145e-02
-3.0730030320e-01 -2.5437905686e-01 -6.6977944720e-01
-4.7967641875e-01 -1.7702675700e+00 1.9773290907e-01
-4.0699724800e-01 -2.4567663265e-01 -5.6849933179e-01
-2.5779763228e-01 1.2094771718e+00 -1.3437256927e+00
-5.5165486775e-02 1.8270440615e-01 -3.4267363734e-01
1.9974192710e-02 -4.7431237211e-02 1.0057472515e-01
5.9311047772e-02 -1.0847896390e-01 1.5420202683e-01
6.8648733025e-02 -2.0479368457e-01 2.7761180938e-01
3.9961975591e-01 -3.4260429418e-01 7.5332084382e-01
5.9767866442e-01 -2.5493260816e-01 7.4032284855e-01
2.6367455046e-01 -5.7041995548e-03 1.4766128356e-01
6.8153905013e-02 3.0297780893e-02 3.5445051404e-02
5.4289516264e-02 3.1429242710e-02 4.7693072436e-02
1.4480946975e-01 1.4280398891e-02 5.7938178905e-02
1.3346820528e-01 4.3409404646e-02 1.4848381004e-02
-5.0616175702e-02 2.4494920532e-02 -3.7825892658e-01
-5.8961811187e-01 -1.0918375879e+00 4.5164459526e-02
-4.1656561207e-01 -6.8571831365e-01 -3.9449781961e-01
-2.3008458503e-01 3.6795265522e-01 -3.3916830018e-01
-7.8027952526e-02 1.4319719696e-01 -1.7051934886e-01
-9.3857933796e-03 -2.9235901340e-02 8.0888176009e-02
2.8091278254e-02 -1.3445907719e-01 1.7278075755e-01
1.4181488096e-01 -5.2229745972e-01 5.6549751101e-01
1.6823940180e-01 -4.3007418668e-01 4.8020197372e-01
9.3136860063e-02 -1.2949710440e-01 -9.3115088284e-02
1.6525869936e-01 -2.1251505854e-02 -3.0594857776e-01
1.0218442591e-01 7.7725292011e-02 -7.9783780154e-02
-4.1796408023e-02 -6.3002593652e-02 2.3884130339e-02
-2.4027010906e-02 -1.0276651430e-01 3.1686108650e-02
-2.7207898990e-03 -7.0570742810e-02 5.1264485335e-02
1.0114563424e-01 6.5454054122e-02 -2.0076381473e-01
2.8968800268e-01 -3.8610929992e-01 -9.3553375197e-01
3.4695820068e-01 -9.3428067017e-01 -1.0710843909e+00
9.8238087737e-02 -1.9282311468e-01 -3.1287391848e-01
-4.0023937767e-02 9.6412515089e-02 -1.1042698282e-01
-1.3748367657e-02 -1.7389463627e-02 5.6797680306e-02
-2.8328052495e-02 -1.2891522718e-01 1.4746523210e-01
-4.5429159661e-02 -4.7313857249e-01 4.3520000919e-01
3.5909340408e-02 -1.5020997353e-01 -4.7449112553e-03
5.8802969007e-02 9.7881082004e-02 -5.5538325913e-01
1.8213729483e-02 2.1653363037e-01 -3.6850275849e-01
-1.9904521378e-03 1.9862172597e-01 -1.8204999274e-01
-9.3860755570e-02 -4.3660117893e-02 -1.4160444609e-02
-8.2588629592e-02 -1.2118086733e-01 5.9484710115e-02
-1.2612405889e-01 -8.9466872654e-02 5.8963709990e-02
-6.3935028474e-02 -6.8861769428e-02 2.1522374036e-02
2.0836719050e-01 -3.4629230322e-01 -4.3088707272e-01
5.7565580868e-01 -6.2932144202e-01 -1.4590182406e+00
3.5828533265e-01 -1.6226131354e-01 -9.1838263183e-01
-3.0923467093e-02 2.6662859731e-02 -1.6782667323e-01
-1.0358179988e-02 -1.6139481831e-02 6.1529585497e-02
-1.1540033435e-02 -4.9260273708e-02 7.6277462049e-02
-7.9909427538e-02 -1.5176055925e-01 1.0398638029e-01
-1.0344776993e-01 -1.4658964194e-01 -1.3011958876e-01
-1.4611840532e-01 -1.7623902441e-01 -1.4044785510e-01
-9.6036148805e-02 9.8578663318e-02 -1.1785230389e-01
-1.6145388007e-01 1.2058566076e-01 -2.0613795097e-01
-9.7735787167e-02 -3.2706971346e-02 7.1301560927e-03
-5.9479946888e-02 -7.6142570293e-02 1.3129814906e-01
-1.0684731491e-01 -7.1819036139e-02 8.7008702038e-02
-1.3089763194e-01 -7.4689048129e-02 5.9644460995e-02
-1.3335097742e-01 -2.9878650464e-01 -9.5965635959e-02
-2.8988435694e-02 -6.1407683248e-01 -1.2494498023e+00
1.7141441778e-01 -1.7286941962e-01 -1.0923752406e+00
-1.5855916424e-02 -2.1898224000e-02 -1.6805967145e-01
-1.9184286637e-02 -2.1703667302e-02 4.7160753311e-02
-6.2895781170e-05 -3.7632812272e-02 5.5864282769e-02
-2.9233086858e-02 -6.3407776249e-02 7.4051207837e-02
-8.6650718040e-02 -1.8956358261e-01 5.5013574266e-02
-8.7464138929e-02 -2.2214063758e-01 1.3446313752e-01
-9.9242808970e-03 -6.9222544896e-02 -5.0083727627e-02
-2.0890935481e-01 -2.2499139438e-01 -1.3725312240e-01
-1.3681747795e-01 -2.2822618319e-01 1.8908371337e-01
-8.5893030860e-03 -2.2471730193e-01 2.4401798356e-01
-9.9429886565e-02 -1.9481088006e-01 1.6343012085e-01
3.6541663265e-03 -5.4330871788e-02 1.2392502718e-01
3.7614157824e-02 -1.9910853406e-01 1.2271977387e-01
-1.8601430927e-01 -6.7448230616e-01 -1.2139851381e+00
1.2413810601e-02 -2.7279744529e-01 -1.0946097261e+00
-2.8210047430e-02 -3.1600888948e-02 -1.3871236578e-01
-3.9387254832e-02 -1.2878881276e-02 5.5600467787e-02
-1.4170662043e-02 -3.2142476645e-02 6.4052736463e-02
-3.6712928418e-02 -2.0397460183e-02 7.7061640686e-02
-4.7635903466e-02 -3.5890877364e-02 7.5312448673e-02
-9.1202324795e-02 -1.3216629274e-01 1.0696957870e-01
-1.8166835368e-01 -3.4553288297e-01 2.0423909734e-01
-3.5104214815e-01 -5.9769481458e-01 4.0501410560e-01
-2.6464863659e-01 -5.4560709806e-01 6.2557202307e-01
-1.7525940551e-01 -5.8444231216e-01 5.4452294255e-01
-1.6104252207e-01 -4.6040590110e-01 3.4820205506e-01
4.0615920105e-02 -2.8340944595e-01 1.7903579972e-01
-3.9535656021e-02 -4.8013676531e-01 5.6478398672e-02
-2.0594775217e-01 -7.3168011904e-01 -1.1303307390e+00
-7.8210402113e-02 -3.1132196304e-01 -8.1429908368e-01
-3.3993321627e-02 -3.8711921563e-02 -8.9870978708e-02
-4.5620313981e-02 -1.8030493859e-02 5.0507247217e-02
-1.9009378738e-02 -3.6797547470e-02 5.6520871204e-02
-4.5578307059e-02 -3.8522599231e-02 8.1523407802e-02
-2.2628752757e-02 -4.1760406646e-02 9.0747164481e-02
-4.5926764783e-02 -4.5222035735e-02 9.8425564570e-02
-1.3280778849e-01 -1.9376815147e-01 1.7726284575e-01
-3.3698422722e-01 -6.1165219603e-01 4.4272200764e-01
-4.8685704707e-01 -9.8590607917e-01 7.4192711564e-01
-4.5536453776e-01 -1.0698616904e+00 7.6353103233e-01
-2.8937509056e-01 -8.7566192668e-01 4.6204953932e-01
-3.3782979865e-01 -9.7010256095e-01 -5.3867462467e-02
-7.5162802349e-01 -1.0888409987e+00 -2.2760670850e-01
-3.9658453877e-01 -6.6892244191e-01 -6.5267609535e-01
-1.1212321715e-01 -1.7734400413e-01 -2.7659689319e-01
-3.8959235614e-02 -4.0653786492e-02 -3.7355531725e-02
-4.8746226426e-02 -2.2144397845e-02 7.3982201993e-02
-2.4224114026e-02 -3.2098005348e-02 7.5258264583e-02
-6.1659259537e-02 -3.8541339202e-02 9.8928555457e-02
-4.4756265213e-02 -5.2925265503e-02 1.0355128125e-01
-4.8820453539e-02 -4.0710983577e-02 9.9366225549e-02
-9.0768496906e-02 -5.5854686207e-02 8.0673145413e-02
-2.1184379870e-01 -2.6023361529e-01 2.3619426998e-01
-4.4558971962e-01 -6.5064210793e-01 4.8220711397e-01
-5.8626026378e-01 -9.3277342781e-01 6.2926162502e-01
-6.5332193517e-01 -8.1456395729e-01 4.7292645052e-01
-6.1803747702e-01 -8.7642399826e-01 -4.6339462576e-02
-6.7877461148e-01 -8.0272175204e-01 -1.8471236189e-01
-2.5727142110e-01 -3.1658265269e-01 -1.5765197269e-01
-3.8930649967e-02 -8.8524297006e-02 -6.4883367511e-02
-4.8454959656e-02 -3.1646735719e-02 -4.1076909988e-02
-1.4610964572e-02 -4.2954943070e-02 7.9412413274e-02
5.9593768510e-03 -6.5608590163e-02 6.6798716712e-02
-4.1620453448e-03 -7.0336114566e-02 1.0396354069e-01
-1.7524598837e-03 -8.5928811172e-02 1.0602081094e-01
-6.6864615247e-03 -8.7472864323e-02 1.0502734467e-01
-3.2019297133e-02 -7.6742099057e-02 5.2165037735e-02
-1.9344931917e-02 -1.0922239484e-01 1.0421621515e-01
-1.1628439588e-01 -2.1838510262e-01 1.5080207892e-01
-2.2732077451e-01 -3.4393398756e-01 1.7673662452e-01
-3.2604811299e-01 -3.4620771228e-01 1.2049103961e-01
-2.2995881229e-01 -2.9314902283e-01 5.1651443244e-02
-1.2605507137e-01 -2.0172093039e-01 3.0402111842e-02
-2.9295560010e-02 -7.6806638526e-02 1.1676988220e-02
-1.4144531848e-03 -2.6783687323e-02 -3.9096154231e-02
-2.4392264846e-02 -3.4172139749e-02 -2.9032997934e-02
-8.5908264128e-03 -4.9584860879e-04 7.5848595335e-02
1.0786035530e-02 -5.5475308632e-03 7.3197509704e-02
-2.6420922069e-03 -2.5575886797e-02 1.0138874079e-01
1.6627581843e-03 -3.3650491511e-02 8.6023622332e-02
2.4666686811e-02 -4.4250787687e-02 8.6005249035e-02
1.1279075227e-02 -4.1642785138e-02 6.0453149176e-02
2.7926293682e-02 -6.3979637929e-02 6.4419892127e-02
-2.8656036944e-02 -4.7617646904e-02 5.9758117141e-02
-1.4882304921e-02 -4.4285180185e-02 6.0424077278e-02
-4.4033664445e-02 -3.3434176018e-02 7.0228530613e-02
-1.2316134094e-02 -6.5272461313e-02 8.6849856343e-02
-6.4109252966e-02 -9.5409481039e-02 1.0090108574e-01
-6.0681270485e-02 -8.6287191169e-02 1.1249166992e-01
-4.5023470142e-02 -1.0945091019e-01 6.3313810547e-02
-5.2317638617e-02 -9.4407159514e-02 7.9707952378e-03
7.9135822082e-03 2.4762139706e-03 7.0147984320e-02
2.1700666223e-02 -1.5315174394e-02 6.8901939832e-02
1.3268001558e-02 -3.4013138777e-02 9.9136933383e-02
1.9424899789e-02 -4.9470586721e-02 7.4773272088e-02
2.3764299037e-02 -6.7390979022e-02 8.4104444920e-02
1.4426996963e-02 -6.6272272430e-02 6.1587937289e-02
1.8925423431e-02 -8.5670258175e-02 6.2602822976e-02
-5.6158076050e-03 -8.2370402329e-02 4.3419913685e-02
-1.6442278592e-03 -8.3932918996e-02 5.4166538512e-02
-2.3169725933e-02 -6.8676245379e-02 4.6361473680e-02
-2.4290644006e-02 -7.6723853343e-02 7.3503166586e-02
-2.3789448758e-02 -8.8495394878e-02 9.1707625206e-02
7.5282719664e-04 -1.0617498386e-01 1.3810470976e-01
1.6629369199e-02 -1.2064983217e-01 7.9555920250e-02
-7.3363086950e-03 -9.4698759928e-02 1.9945972439e-02
-1.5148632368e-02 6.0133284493e-03 6.0926700015e-02
8.7278578491e-03 -1.3411071663e-02 6.7936945226e-02
-5.7170073974e-03 -4.4812374278e-02 8.4569244353e-02
8.4115851575e-03 -6.2574841999e-02 7.1413722557e-02
2.7792523662e-02 -7.2105793782e-02 8.1352216998e-02
1.3476951137e-02 -5.9956569862e-02 4.9626773221e-02
1.2927223407e-02 -7.0051010261e-02 5.3048838006e-02
-2.7396920218e-03 -7.0404698101e-02 4.1753346452e-02
3.3363214970e-02 -7.9780282113e-02 5.6292529289e-02
7.6194127837e-02 -1.0438637398e-01 6.7130796181e-02
3.4689668969e-01 -1.3198713679e-01 1.2115461944e-01
6.4435861645e-01 -7.9623921014e-02 -2.5336820516e-02
2.6046158335e-01 -9.2022891111e-02 -8.7162983746e-02
2.9614987180e-02 -7.8351513479e-02 -2.3467219697e-02
-4.9403169180e-02 -7.0551332851e-02 -2.2308805024e-02
1.2411965724e-02 -1.3154265373e-03 5.6387478729e-02
4.6236219896e-02 -4.1116916851e-02 6.1414867916e-02
2.3903318498e-02 -6.2139102640e-02 7.6792431847e-02
3.1099564554e-02 -8.6403259880e-02 7.7956280848e-02
3.4022357811e-02 -7.5879889381e-02 5.6896664763e-02
4.1746279164e-02 -8.6738317257e-02 4.2193124789e-02
8.5656775576e-02 -6.3957613489e-02 7.8403629367e-02
2.7674345266e-01 -7.3992676569e-02 1.7240863026e-01
5.3666078954e-01 -1.5296509051e-01 2.5206973815e-01
5.4558476825e-01 -2.1514164218e-01 3.2248590876e-01
1.1450209118e+00 -2.5547051692e-01 4.0156237369e-01
1.7040647325e+00 -3.1168736819e-01 -8.2779905600e-01
8.3893526222e-01 -3.3045017130e-01 -1.5290034498e+00
1.5367313712e-01 -1.6004899252e-01 -3.2107985311e-01
-3.4646701388e-02 -7.1468398478e-02 -5.7082705268e-02
1.2738646736e-02 -1.8722376410e-02 7.0832209429e-02
5.6028554074e-02 -5.0701789084e-02 7.7910666271e-02
1.7991908018e-02 -7.2579751350e-02 9.0908514784e-02
2.8997493554e-02 -1.0007793892e-01 9.8872326617e-02
4.2681017716e-02 -7.2710814871e-02 7.8938653260e-02
1.8298902118e-01 -4.8743267654e-02 1.4136006691e-01
5.4677282809e-01 -1.1551965334e-01 3.7093690806e-01
8.1200894093e-01 -2.2340439590e-01 4.6948386900e-01
8.1537903601e-01 -3.0409549716e-01 3.3998679688e-01
4.2108529750e-01 -2.0011110997e-01 2.9678378227e-01
-3.8108482544e-01 -3.7130563455e-02 2.3682163315e-01
-1.2522296066e+00 -1.0361294789e+00 -6.7489539656e-01
-1.1858773012e-01 -1.6579810300e+00 -1.6431795245e+00
4.6910676023e-01 -6.2398934823e-01 -7.4797604557e-01
1.8294362644e-02 -8.8429155061e-02 -1.4043867348e-01
1.6078243489e-02 -3.4367075020e-02 7.6856018755e-02
4.9855232517e-02 -6.8729591096e-02 7.2997311839e-02
1.9485816638e-02 -1.0626143418e-01 9.3632347831e-02
3.5998258769e-02 -1.1801314672e-01 1.0111457603e-01
1.7104904010e-01 -4.9750437861e-02 2.1985585734e-01
5.5561726328e-01 -1.2666352374e-01 4.8065795028e-01
6.1047895021e-01 -1.8589622258e-01 4.4237032279e-01
2.9636550191e-01 -2.2471062030e-01 1.9524803086e-01
1.1325139940e-01 -1.0115464245e-01 1.2093242746e-01
-3.7916242866e-02 -1.0276559290e-01 1.8559128924e-01
-5.9164903611e-01 -3.5579827850e-02 7.4085050994e-02
-6.7001726803e-01 -1.3594602292e+00 6.4311846368e-01
9.7625077584e-01 -2.1853850951e+00 -2.3793610155e-02
1.2572129556e+00 -8.9904460993e-01 -1.3805596505e+00
1.6544452754e-01 -7.5866866992e-02 -4.7441504061e-01
2.8552517187e-02 -5.0217580864e-02 7.3116777980e-02
6.1029575712e-02 -7.4958035571e-02 6.6867177975e-02
2.7110382632e-02 -9.8423422747e-02 9.3971360537e-02
1.0500010995e-01 -1.1396363454e-01 2.0127005869e-01
3.7052866292e-01 -2.1242783925e-01 5.1791494188e-01
3.5048147609e-01 -1.3965847005e-01 3.5043708653e-01
-8.0827665481e-02 4.2162008729e-02 -8.1161170924e-02
-1.0830638454e-01 3.7094381907e-02 -4.9332242968e-02
-6.4164891747e-02 1.8639763161e-01 -1.7591073410e-02
-5.3248277569e-02 4.9054075124e-03 8.6559022212e-02
-1.2359901339e-01 -6.3546044541e-02 9.8975020915e-02
-4.1195551227e-02 -8.9755492630e-01 8.8349055991e-01
5.2541444312e-01 -9.6892957386e-01 3.8413303567e-01
7.7331366731e-01 -4.5571270103e-02 -1.5742905573e+00
2.1314867976e-01 2.6033519439e-01 -1.0445146554e+00
3.2120941954e-02 -4.6758042497e-02 7.8163420106e-02
7.0386854885e-02 -7.5207046419e-02 7.5015066054e-02
3.8875822934e-02 -1.1468938022e-01 1.2397020925e-01
1.2126581225e-01 -2.5168392150e-01 3.3071351693e-01
1.9194025485e-01 -2.9725653729e-01 3.1510402247e-01
-1.3414357099e-01 -7.1264047988e-03 -1.5908105869e-01
-2.5525805076e-01 1.2580417124e-01 -1.0430933178e-01
-2.1279610492e-01 1.4579130759e-01 -1.8447325034e-02
-8.3326412708e-02 1.6920180247e-01 -5.9809970645e-02
-2.7685453009e-03 3.6952331328e-02 1.3707036277e-02
-5.4815796253e-03 1.2564354839e-01 -4.3863363026e-02
-1.5142652741e-01 -1.1244022656e-01 2.6226336934e-01
-2.1015397217e-01 -1.0069794674e+00 1.3201313245e+00
9.8495213372e-03 4.1244602493e-01 -5.8321909066e-01
6.4144055486e-02 7.3120537049e-01 -1.2257283370e+00
7.2747149498e-03 -3.4035747758e-02 8.3534805087e-02
3.9329055045e-02 -6.2922956004e-02 7.5912228439e-02
2.6603796281e-02 -1.4135148861e-01 1.5130065536e-01
1.1098236198e-02 -2.4578537474e-01 1.9337902566e-01
-4.8600279990e-02 -1.0884660021e-01 -1.4632920566e-01
9.6587055785e-02 2.0884369696e-01 -3.2813414756e-01
1.9823501219e-03 2.3104692458e-01 -6.2922296503e-02
-1.9090449213e-01 1.8984684779e-01 -2.9469577976e-02
-5.0846540065e-02 2.3562604005e-01 -3.5643526824e-02
-3.9592341630e-03 2.1079967589e-02 4.9338740655e-02
3.2330999233e-02 7.8161704560e-02 -7.5903230054e-03
-5.9529362136e-02 -1.4191937499e-01 5.9864316732e-02
-4.9032642488e-01 -5.6621324905e-01 7.1164327928e-01
-3.4766333617e-01 7.2038276816e-01 -4.7232466453e-01
-1.4189873483e-01 8.6153805155e-01 -1.0719133955e+00
-2.1297350445e-02 -1.5765754632e-02 7.3601386721e-02
8.6467330447e-04 -2.2490349410e-02 7.4697460231e-02
-2.5663505544e-02 -6.1518720690e-02 1.1332593246e-01
-2.7675634187e-02 -7.6566529726e-02 4.7641017854e-02
2.1228317846e-02 -2.5890216643e-02 -1.5449746297e-01
1.8993387412e-01 7.4464692695e-02 -1.8960642479e-01
1.8460007635e-01 1.7011515383e-01 -2.8917734227e-01
-4.3461960094e-02 1.3373438816e-01 -6.2081711284e-02
1.6451803390e-02 1.1627296319e-01 -7.9148587123e-02
-7.2344339655e-02 -2.0291241415e-02 7.1642547008e-02
-2.5419505143e-02 -3.0444165003e-02 1.1399928761e-01
-7.7887369129e-02 -2.1756406200e-01 2.5014818115e-01
-4.6471052670e-01 6.0142246294e-02 -1.3800754454e-01
-6.2589191217e-01 6.9661769280e-01 -7.8905256006e-01
-2.7018176100e-01 4.1642711283e-01 -5.4884521985e-01
-7.1671424811e-03 -1.5451781015e-02 6.4653951281e-02
1.6493822562e-02 -2.2078300874e-02 5.8087570163e-02
-8.8535412368e-03 -1.7448539158e-02 7.7406705668e-02
-1.2590748458e-02 -5.3662700533e-02 7.4522071581e-02
-1.3649449453e-02 -1.1563888655e-01 5.5613429339e-02
-3.3520947346e-02 -6.7112965346e-02 -8.3904978249e-02
-8.3841347218e-02 1.0226753003e-01 -2.8009527823e-01
-5.2329318034e-02 5.0160296532e-02 5.3477674614e-02
-8.9114999739e-03 1.1644074659e-02 1.5058502137e-01
-8.9082377960e-02 -1.5342542588e-01 2.4997347910e-01
-8.4172550762e-02 -1.3385922668e-01 1.7082033630e-01
-2.9093143190e-01 -2.8956329127e-01 1.8530196566e-01
-8.9748593463e-01 -4.4206821045e-01 -1.7158685587e-01
-6.6702298580e-01 7.8603242730e-02 -5.6478222407e-01
-9.9613634818e-02 4.1337695783e-02 -1.4017870544e-01
-1.7229678450e-02 -1.9979177929e-02 5.6878534530e-02
1.6439636989e-02 -3.5518543009e-02 5.2254804426e-02
-2.5417079752e-03 -2.7824953792e-02 7.9640744516e-02
-2.7728340585e-03 -3.0099008991e-02 8.3784220605e-02
9.0910571678e-03 -3.5511102886e-02 8.2372912243e-02
6.7116788363e-03 -6.3916006001e-02 -2.9186231397e-02
-7.6322729788e-02 -1.6530101709e-01 -2.1965867010e-02
2.1345456335e-02 -2.5697258471e-01 2.3694439991e-01
6.1465664195e-02 -3.2695961339e-01 4.3841312901e-01
-1.7123289187e-01 -5.2311899942e-01 3.9027510147e-01
-1.9843238434e-01 -4.4544468691e-01 1.9387366590e-01
-3.9519914117e-01 -4.7115918705e-01 -5.4745001527e-03
-6.3907754824e-01 -6.7561982201e-01 -6.3998799641e-01
-2.6131197898e-01 -2.1356367676e-01 -4.9007676641e-01
-3.2867524854e-02 -4.4725818510e-02 -4.8793626523e-02
-2.9557093764e-02 -1.1688387290e-02 5.8601884089e-02
1.3531113446e-02 -3.5790179815e-02 5.6914099879e-02
-8.2351317950e-03 -2.6434273014e-02 7.3926064493e-02
-4.0825775338e-03 -1.7647660889e-02 7.6995078428e-02
-1.0064818811e-02 -7.8054324819e-03 8.8897481908e-02
-5.4658235430e-02 -7.2314892189e-02 7.0320761234e-02
-1.3976214958e-01 -2.3673311763e-01 1.9569971782e-01
-1.1094156658e-01 -4.2885997930e-01 5.2558679456e-01
-1.2648596823e-01 -6.6791231699e-01 6.5330469866e-01
-3.9371373430e-01 -8.7644701208e-01 5.3708844308e-01
-5.1994320506e-01 -8.8849189381e-01 2.1243766980e-01
-7.0713990031e-01 -1.0596724745e+00 -1.6804779846e-01
-4.0585480356e-01 -7.5618167996e-01 -5.9945744342e-01
-7.8375121772e-02 -2.1315222338e-01 -2.6168928943e-01
-3.4304487417e-02 -4.6093944936e-02 -3.3163851404e-02
-3.3971451749e-02 -1.2613782193e-02 5.8947055714e-02
5.2215742866e-04 -3.2275007930e-02 5.4428489471e-02
-4.4490509248e-03 -3.7146254591e-02 7.7149237537e-02
-1.0951692102e-02 -3.5044240786e-02 8.0725469287e-02
-2.7683821021e-02 -2.5009573215e-02 8.9862895321e-02
-3.2209508713e-02 -3.3931178403e-02 8.7943797120e-02
-6.4348710799e-02 -1.3992653200e-01 1.5089599221e-01
-1.8853692403e-01 -3.5943132692e-01 3.3516023186e-01
-2.6209613668e-01 -6.5132388796e-01 4.9727199732e-01
-3.7323075265e-01 -9.3364247518e-01 4.5340992029e-01
-4.7433231375e-01 -1.0046931870e+00 1.2458940094e-01
-6.0584167592e-01 -8.9885009410e-01 -1.2082083741e-01
-2.4174578601e-01 -3.7360636583e-01 -1.8099023392e-01
-3.3248250595e-02 -9.1052123040e-02 -3.6767083723e-02
-2.8945631376e-02 -5.0671065022e-02 -1.9266964864e-02
-2.3605722933e-02 -1.5726372726e-02 6.2791567915e-02
6.1237412760e-03 -2.4442790143e-02 5.4747915830e-02
-1.0364108441e-02 -2.5384662449e-02 6.9646251765e-02
-2.4663161757e-02 -2.9370286735e-02 6.6731470440e-02
-1.5279956669e-02 -2.5487336582e-02 8.0263830477e-02
-2.4127032175e-02 -3.2454656210e-02 5.2904636201e-02
-2.1494778040e-02 -5.1380720908e-02 8.6533085445e-02
-9.2561440860e-02 -1.2297958441e-01 1.2399276623e-01
-1.4729494552e-01 -2.4644057338e-01 1.8175692999e-01
-1.9593365019e-01 -3.3204937668e-01 1.4666618875e-01
-1.8910257644e-01 -3.7984431620e-01 2.9663460505e-02
-1.8329084070e-01 -2.7756570018e-01 9.2294318143e-03
-5.5518496942e-02 -1.1883989018e-01 1.2735696475e-02
7.3918941629e-04 -6.9761260750e-02 -1.1229020329e-02
-4.0279983837e-02 -4.8686415885e-02 -3.3128370758e-02
-2.4500519000e-03 -3.2696942124e-02 6.5578471691e-02
3.1304710201e-02 -5.3064104486e-02 4.6414160925e-02
1.9807107513e-02 -5.5836630647e-02 8.1324764831e-02
3.8092224751e-03 -6.2939867139e-02 8.2123297014e-02
1.7257169243e-02 -6.9611672207e-02 9.4382836437e-02
-2.6945356848e-03 -7.9303228329e-02 5.5995305254e-02
1.1922059595e-02 -7.9649436724e-02 8.0547672618e-02
-1.0733931070e-02 -8.3037935894e-02 8.3380166434e-02
-8.7664582966e-03 -9.0878039184e-02 9.4884938882e-02
-2.3333661475e-02 -1.0272207703e-01 6.3266532403e-02
-2.4679868542e-04 -9.2574751033e-02 6.2696528091e-02
1.3100767817e-02 -8.7620291172e-02 7.6545991237e-02
2.2993434305e-02 -5.3148875233e-02 6.0237720755e-02
2.3301739608e-02 -2.5667666037e-02 -1.1693912326e-02
-1.4903636119e-02 -5.3462478105e-02 -1.1526971094e-02
1.3329454134e-02 -6.6029592248e-03 4.8571960497e-02
4.0335824695e-02 -1.9465139919e-02 5.6736679173e-02
2.1802136080e-02 -4.0561169235e-02 6.5200017403e-02
2.2078783953e-02 -3.7131223795e-02 6.9210344217e-02
1.8479760201e-02 -3.7434534228e-02 5.6037510616e-02
2.0062269113e-02 -3.4130361668e-02 4.1163998659e-02
2.6543898414e-02 -4.9299634443e-02 3.9305709349e-02
-1.7266579088e-02 -3.8456424701e-02 3.7701004719e-02
-2.0520644007e-02 -3.8592204024e-02 3.9163017342e-02
-3.0911302087e-02 -3.2559805059e-02 4.0001384234e-02
-1.7792304294e-02 -5.3730463551e-02 6.1525359138e-02
-6.4178734536e-02 -3.8395095482e-02 5.9293502422e-02
-7.0106315275e-02 -2.7364777802e-02 7.9369322576e-02
-4.2243965174e-02 -2.8837218834e-02 2.4699416023e-02
-4.6421791803e-02 -4.2315320724e-02 -4.7781118142e-03
1.9768147067e-02 -7.7918989487e-03 4.5734961807e-02
3.5213098066e-02 -3.2010776641e-02 5.4388470922e-02
2.9999321056e-02 -4.6865576160e-02 6.5414314127e-02
3.7339741490e-02 -5.7246156425e-02 6.3534214421e-02
2.3198271694e-02 -5.8455674776e-02 5.9400937186e-02
1.9367003491e-02 -5.5636998515e-02 4.0559763027e-02
1.0718414706e-02 -6.5825897985e-02 3.7188676147e-02
8.3900096093e-04 -5.9794408119e-02 2.9602259660e-02
-1.5413882955e-02 -5.4220761666e-02 3.2173253430e-02
-2.1560976687e-02 -4.6617138245e-02 3.0327156074e-02
-2.9572663064e-02 -5.4136912383e-02 5.2640652649e-02
-2.9552827336e-02 -5.4226098529e-02 6.4779889247e-02
-2.0190510795e-02 -4.5205603291e-02 8.4311247459e-02
-6.1495822057e-03 -4.3171043256e-02 3.2745535472e-02
4.2291701619e-03 -3.9351821563e-02 -1.7189933238e-03
5.5651813572e-03 -7.4100979498e-03 3.1734866059e-02
3.2997776716e-02 -3.9880206436e-02 4.2894400712e-02
2.1232481772e-02 -5.2794309216e-02 5.6539144062e-02
3.0682538248e-02 -6.3382992855e-02 5.6835720091e-02
2.9567619889e-02 -5.6630853442e-02 5.1262005954e-02
1.4714764610e-02 -4.1791848376e-02 2.9687037893e-02
2.8945875521e-03 -4.3121168164e-02 2.0879588048e-02
-8.3046928155e-03 -4.3423593100e-02 1.3861056841e-02
-6.6344590608e-03 -4.0158688262e-02 9.4030618585e-03
1.6808231939e-02 -3.6953549178e-02 2.1865365645e-02
1.9323972281e-01 -9.7137587826e-02 1.1115351064e-01
3.9671132953e-01 -1.1934178107e-01 -2.3927291515e-02
1.3830657501e-01 -7.1665043910e-02 -6.6259420482e-02
8.2740129140e-03 -3.1309240604e-02 -2.2776606714e-02
-2.4226898949e-02 -2.2115699972e-02 -3.8552331431e-02
2.8301929301e-02 -1.0996204972e-02 3.4204161601e-02
5.7663875855e-02 -5.5062474171e-02 4.5221916024e-02
3.0909080116e-02 -5.9274751592e-02 5.1960393029e-02
2.9230233239e-02 -6.3589481671e-02 4.8089452418e-02
1.5877611112e-02 -3.5373886419e-02 2.9345989452e-02
2.5823376355e-02 -4.3008637473e-02 1.7195950492e-02
1.7377894995e-02 -6.0569626600e-02 1.5202979427e-02
4.3508937772e-02 -9.5900027256e-02 3.2007494046e-02
1.0412627986e-01 -1.3773284539e-01 7.2837793486e-02
2.6397186998e-01 -1.8189372258e-01 2.0381858855e-01
1.1532126608e+00 -4.7615412429e-01 4.8226281780e-01
1.6796546898e+00 -6.2491775193e-01 -5.9913782430e-01
5.8774850629e-01 -2.4050395638e-01 -1.1293641378e+00
5.3316398289e-02 -5.6021679424e-02 -2.0011481832e-01
-1.5770978121e-02 -3.8979957519e-02 -5.8060780452e-02
1.2441957314e-02 -1.6642165329e-02 3.8761726872e-02
5.2356473132e-02 -5.2872462255e-02 4.4257325901e-02
2.3210568775e-02 -6.0344091960e-02 5.8099068668e-02
2.0780587723e-02 -6.2911963112e-02 5.0373686636e-02
-9.4202675073e-04 -4.0824841706e-02 2.9318035307e-02
2.4409824150e-02 -6.2647411429e-02 1.7306002117e-02
4.7316572914e-02 -1.2229597383e-01 3.1058240300e-02
6.8870002911e-02 -2.0699218926e-01 5.8445122761e-02
1.8592358727e-01 -3.9543979736e-01 2.0169703165e-01
2.5380115787e-01 -2.8797721692e-01 3.6135015157e-01
3.8192019635e-02 2.1882564561e-02 2.0954629865e-01
-6.2698604256e-01 1.1004879983e-01 -1.2065983883e+00
-4.5932963574e-01 5.2262803397e-02 -1.8882491345e+00
5.5626328578e-02 -1.3407596188e-01 -3.8807461199e-01
-1.1356384111e-02 -5.4064974446e-02 -7.3244033176e-02
2.9684156751e-02 -3.6593255643e-02 5.5041339802e-02
6.2951165759e-02 -6.6409336136e-02 5.0395233575e-02
2.9344224372e-02 -6.6239613957e-02 5.6171507237e-02
1.4590879659e-02 -8.6998737364e-02 5.3132738428e-02
-7.5800703811e-04 -9.1125188201e-02 6.2054604507e-02
2.8415463545e-02 -1.3678146713e-01 3.6888082517e-02
-3.9171632066e-02 -1.6652944186e-01 1.4403493761e-02
-1.0478304676e-01 -1.8591557375e-01 1.7586138500e-02
5.1376192964e-02 -2.0920315232e-01 7.0408246992e-02
7.0859767921e-02 -1.6044577945e-01 2.6953354347e-01
-6.9813153160e-01 6.9418534064e-01 -1.5852507231e-01
-1.1909558537e+00 7.9669697487e-01 -4.7805028226e-01
-3.9975894105e-02 -2.9121427617e-01 -3.4922722357e-01
6.5871961975e-01 -7.5163432955e-01 -3.4884173866e-01
1.2756634068e-01 -1.4205107550e-01 -2.2461095028e-01
3.5376407808e-02 -4.9233629560e-02 5.2366212387e-02
6.6396739613e-02 -7.8415229444e-02 5.3463892498e-02
2.2646756590e-02 -8.3134281705e-02 6.6186104616e-02
2.5544349336e-02 -1.0269763585e-01 7.9711696688e-02
-8.7501672009e-03 -1.2591210728e-01 8.0736944313e-02
-4.1589913567e-02 -1.0334519172e-01 -3.3164791562e-02
-1.7785603172e-01 -2.8650678320e-02 -9.7080175209e-02
-1.5484615755e-01 6.7344975053e-02 -7.9636175016e-03
-1.6313609210e-01 3.7893392318e-01 -2.6960983195e-01
-4.0465138351e-02 1.3309438881e-01 -8.7347636435e-02
-1.8265825487e-01 4.6641072004e-01 -1.1300763363e-01
-1.3998226918e-01 1.7298991415e-01 1.8319241205e-01
6.7808262101e-01 -1.4090017262e+00 9.4364971490e-01
1.2367136420e+00 -1.4268942268e+00 -5.3393229238e-01
4.7386582851e-01 -1.3149552943e-01 -8.9304984779e-01
4.2827222367e-02 -4.9488006406e-02 5.8076660273e-02
6.8556567542e-02 -7.6187285047e-02 6.3604460877e-02
2.8362039698e-02 -7.6024976104e-02 7.0396027826e-02
1.0660377928e-02 -1.0036003240e-01 8.5430049952e-02
-4.4092193082e-02 -8.3031789768e-02 4.2380774693e-02
-9.3461531732e-02 5.0594513287e-02 -6.4543101432e-02
-1.1280775468e-01 6.7392304513e-02 1.0116286368e-02
-7.7831858604e-02 1.7847318974e-01 -1.6838688934e-01
-1.5917660154e-01 5.1256296885e-01 -2.8201409135e-01
-9.3544994667e-02 3.5036319870e-01 -9.0158850197e-02
-6.2017850029e-02 2.4349953395e-01 4.6878107260e-02
-6.5681261972e-03 -2.2916889148e-01 4.3264115494e-01
1.5730712637e-01 -1.4591734525e+00 1.5026177624e+00
7.0690338328e-01 -8.4723715761e-01 -2.0605205439e-01
5.6457583942e-01 2.9829794300e-01 -1.9024369740e+00
2.0177477662e-02 -3.4555010730e-02 5.6249936623e-02
4.6719829812e-02 -6.2512274316e-02 6.2116755432e-02
2.1237277148e-02 -6.2007026379e-02 6.1709859759e-02
-4.2429877444e-03 -6.6710991060e-02 6.7704037287e-02
-3.0489246481e-02 -3.0214071266e-02 2.8312082222e-02
2.0201460460e-02 4.6392202131e-02 2.5206145260e-02
-1.4241997494e-01 1.9781993583e-02 1.0557018200e-01
-1.7757546821e-01 3.1237807900e-01 -1.1302949059e-01
-5.0654705698e-03 5.5722999550e-01 -1.9228515337e-01
4.3145450560e-02 3.2080592234e-01 3.8101246072e-02
1.5302964660e-02 1.6765027508e-01 6.7750751471e-03
-6.5574920353e-02 -9.4656189151e-02 1.7024245098e-01
-7.4304226408e-02 -2.3589847487e-01 8.3976061976e-01
-1.3482245718e-01 2.3385639731e-01 -2.5922901791e-01
-3.8313011253e-01 7.0944432264e-01 -2.3871101711e+00
-1.0150554992e-02 -1.7156705809e-02 4.7859893412e-02
9.3506885375e-03 -2.8269250535e-02 6.0724587594e-02
1.1182307192e-03 -3.2536626833e-02 6.2408121422e-02
5.4110909187e-03 -3.9078977488e-02 7.2688421865e-02
6.6769199392e-03 -4.8550445964e-02 7.1708407669e-02
7.3163496598e-02 -7.6591235120e-02 3.5549161002e-02
3.6096128068e-02 -2.8263013986e-02 5.1354128106e-03
-5.3146328125e-02 2.4084255080e-01 3.0936877406e-02
4.8711442633e-02 2.5403608747e-01 -2.4563380500e-01
2.5808764248e-02 -2.4027970946e-03 1.1051376102e-01
1.4502162187e-02 -1.9915739695e-01 1.4615253136e-01
-9.3671634391e-02 -3.3687527093e-01 8.6550035185e-02
-5.9832615862e-01 7.0158104131e-02 -1.9398197941e-01
-1.3526630399e+00 3.2445831139e-01 -1.0731509216e+00
-9.7016311319e-01 3.6428898267e-01 -1.4435956382e+00
3.4656142399e-03 -1.7472776722e-02 4.6597769882e-02
2.3728274393e-02 -3.7131059219e-02 4.8696724261e-02
9.7132071716e-03 -3.7570902279e-02 5.3906808672e-02
2.3402020604e-02 -3.7733021389e-02 6.6227422603e-02
3.3394196853e-03 -4.3845239220e-02 7.3464049706e-02
-3.1064501828e-04 -6.6214847150e-02 2.7551491033e-02
-2.7308221171e-03 -1.5780534361e-02 2.0247819850e-02
-1.9571957696e-02 3.3114197626e-02 1.3501414161e-01
2.8534073266e-03 7.1534504178e-03 7.1000689187e-02
1.7535046878e-02 -1.7052513965e-01 4.2119192004e-01
-2.6519513401e-01 -5.1554592769e-01 3.9412497491e-01
-6.1528462954e-01 -8.0866425896e-01 8.3226617934e-02
-1.2913049367e+00 -5.5975806069e-01 -5.4069066848e-01
-1.3849472340e+00 -1.2802679874e-01 -8.2014681193e-01
-3.5152343771e-01 3.5434522236e-02 -3.0574573812e-01
-3.0909336527e-03 -2.0071700725e-02 4.0277331702e-02
1.7449346642e-02 -3.9321400944e-02 4.0859550023e-02
7.4313397432e-03 -4.5464707991e-02 5.3390556324e-02
1.2631847916e-02 -4.3913449237e-02 6.1395646817e-02
4.5405333631e-03 -4.3028759734e-02 6.2103721848e-02
-4.3201600094e-03 -3.9007343404e-02 4.1238540136e-02
4.4236369897e-03 -5.5019204903e-02 4.2687910793e-02
-2.8500028829e-03 -1.1312009969e-01 9.7703397383e-02
-1.9691480262e-02 -2.2944068216e-01 3.3697286672e-01
-1.2805692868e-01 -5.4805351907e-01 5.5824867313e-01
-5.2888271762e-01 -9.0003624929e-01 3.1686395509e-01
-8.7480632284e-01 -9.5001228427e-01 -8.8058786115e-02
-6.3811968821e-01 -5.2515304106e-01 -3.4218338284e-01
-3.1832773076e-01 -1.0012229961e-01 -2.2230568142e-01
-4.7698173599e-02 -1.1561727047e-02 -3.8432451100e-02
-9.9266637015e-03 -8.5779004636e-03 4.2460523425e-02
2.1096448815e-02 -3.7431821269e-02 5.1360906729e-02
8.0894887916e-03 -3.7657096241e-02 5.4702426254e-02
7.8342978357e-03 -3.3904677284e-02 5.5263009655e-02
-3.8613192281e-03 -2.6324257220e-02 6.0263854819e-02
-8.8761346475e-03 -2.2662213159e-02 5.1322213929e-02
-9.8763820834e-03 -4.7532354626e-02 7.3873013099e-02
-2.8585107072e-02 -9.6892362802e-02 1.2363261309e-01
-3.3532816487e-02 -2.4112459161e-01 2.3338141298e-01
-1.5923135386e-01 -5.1284929767e-01 3.2529300737e-01
-3.4449814738e-01 -8.0213196756e-01 2.0379650000e-01
-4.8127997254e-01 -7.2299698260e-01 -7.1071903454e-02
-1.8876539319e-01 -2.9481313985e-01 -1.2999789075e-01
-8.9486918849e-03 -5.2477970900e-02 -4.1436450610e-02
-1.2770524266e-02 -2.4702560318e-02 -4.2098580224e-02
-2.1836524297e-02 -8.7387850354e-03 3.9002872749e-02
8.2119304572e-03 -3.7216997064e-02 4.6427800835e-02
-1.0226845680e-02 -4.4312047923e-02 5.8180490322e-02
-4.5735758641e-03 -4.3366019830e-02 5.5513245878e-02
-3.0860821165e-02 -2.9576642289e-02 5.3981522803e-02
-2.4011229920e-02 -3.3037337107e-02 5.2854739500e-02
-1.2010657718e-02 -4.8487624971e-02 6.4525618177e-02
-4.5306100118e-02 -7.3280912389e-02 8.3379836424e-02
-6.2774371593e-02 -1.3548027944e-01 8.4848926371e-02
-1.3548149437e-01 -2.2096165831e-01 1.0427710113e-01
-1.5283022354e-01 -2.9967106412e-01 9.2770475067e-02
-1.7710629877e-01 -2.2146032520e-01 2.8112206651e-02
-5.3812890173e-02 -7.9353370451e-02 1.7781826477e-02
-1.5800931660e-02 -3.0370352100e-02 -1.4864682726e-02
-2.6697228530e-02 -3.7529997218e-02 -3.7981881414e-02
-1.5489783013e-02 -1.0714729415e-02 4.5045775259e-02
6.9075173375e-03 -2.8626696916e-02 4.6335848604e-02
-2.5834024286e-03 -3.3605752392e-02 5.4732648318e-02
-2.6328444254e-03 -3.7482612100e-02 5.8409013139e-02
-1.5930911765e-02 -3.1840232636e-02 6.1010019419e-02
-1.0308528256e-02 -4.4625170594e-02 4.9412441146e-02
2.1837025986e-03 -4.8494945695e-02 6.0604744599e-02
-2.3453391407e-02 -4.6510812980e-02 6.2796319214e-02
-1.5537567967e-02 -5.1061237200e-02 5.9989430109e-02
-4.2109154266e-02 -6.7915567211e-02 4.7212044218e-02
-1.4989345690e-02 -9.7180611536e-02 6.0516234428e-02
-4.1663055251e-02 -6.8412024265e-02 6.9285138072e-02
-2.2769703256e-02 -6.0186762162e-02 7.3477805074e-02
6.0360431066e-04 -5.0446801653e-02 1.7163166791e-02
-2.3288701559e-02 -4.2789370158e-02 -5.2067143957e-02
1.2955927421e-02 -2.9657739729e-02 5.3195169261e-02
3.7855139877e-02 -5.1609272306e-02 4.1607764964e-02
2.7955567352e-02 -5.4817749093e-02 5.8316715498e-02
1.9155581612e-02 -5.6887237662e-02 6.1059249613e-02
1.1750307285e-02 -5.5897332628e-02 6.8071001713e-02
9.3762568199e-03 -7.1591080869e-02 5.6244315540e-02
2.0173740091e-02 -7.0315191555e-02 6.1843016576e-02
3.6451743260e-03 -7.2446939183e-02 6.5326732325e-02
1.6045484218e-02 -6.4959748660e-02 7.0131043606e-02
-1.0790292602e-03 -7.6757920708e-02 5.7190748098e-02
8.4936483336e-03 -7.6403973488e-02 6.4803659425e-02
-1.3230980986e-02 -6.6172543880e-02 8.1974875640e-02
3.7133940835e-03 -5.0118002140e-02 8.6473793632e-02
1.0427923724e-02 -2.8847489464e-02 6.0677917247e-03
-1.3120407031e-02 -2.8972487443e-02 -2.7964098532e-02
-2.6395150990e-04 3.1404523477e-03 3.3545815961e-02
2.4300570473e-02 -7.3959255860e-03 3.8443445450e-02
1.1650525043e-02 -2.1994969337e-02 5.1161064948e-02
9.5255575221e-03 -2.2618618201e-02 4.9496106716e-02
8.8953659925e-03 -1.3917550631e-02 3.7718360723e-02
1.1947621218e-02 -2.1159399345e-02 1.6209402728e-02
2.0759226374e-02 -3.6319170514e-02 2.5932931223e-02
-2.4696550740e-02 -2.8244861000e-02 2.2239644080e-02
-1.7549052955e-02 -1.3618511402e-02 2.8655325035e-02
-3.9655691956e-02 -3.4248158520e-03 1.9150311445e-02
-2.0993031338e-02 -2.2365305082e-02 5.1337019640e-02
-6.8879824981e-02 -1.7809520311e-02 5.5043934315e-02
-6.8046053163e-02 -3.2167163828e-03 8.5134553691e-02
-4.1489710945e-02 8.4520604985e-03 3.7379281414e-02
-1.0521083900e-02 -2.7217182740e-02 2.6494538239e-02
1.3917385265e-02 3.1792578722e-03 2.7720875068e-02
3.3563260467e-02 -2.5808823132e-02 3.4744275766e-02
2.9101204258e-02 -3.3487283056e-02 4.9417882572e-02
3.7618270521e-02 -4.7539765219e-02 4.2153457732e-02
2.7715693628e-02 -4.1662868704e-02 3.8248011415e-02
2.7086556667e-02 -5.4366546716e-02 2.1565079200e-02
2.2057521185e-02 -6.1586112033e-02 2.4988358596e-02
5.0462907019e-03 -6.1374697183e-02 1.4425209176e-02
-1.3998453842e-03 -4.8165468443e-02 2.1113491727e-02
-1.9017632338e-02 -3.3407428500e-02 4.0306352865e-03
-2.2914119560e-02 -3.8727386125e-02 3.1735908927e-02
-4.2708817981e-02 -3.0305890031e-02 4.0788383500e-02
-2.0829696594e-02 -3.8410997366e-02 8.4019792981e-02
-1.8139969995e-03 -1.8933823558e-02 2.9577526153e-02
1.6968959528e-02 -3.0453438197e-02 1.8262077250e-02
-2.9096454448e-04 6.8965536779e-03 1.5279255650e-02
3.0248699948e-02 -2.8238738698e-02 2.4705785654e-02
2.0003464298e-02 -3.4715992828e-02 4.2458892147e-02
3.5989596593e-02 -4.7438099129e-02 4.0435493187e-02
2.6934320993e-02 -3.1615991925e-02 3.0795636038e-02
2.6605704836e-02 -3.5131188220e-02 1.7001661549e-02
2.5035329145e-02 -3.9680970148e-02 2.4592570936e-02
-3.3614237227e-04 -2.8783455415e-02 8.6168235631e-03
1.3609484701e-03 -2.1077325194e-02 7.1149121141e-03
-8.9758215246e-03 -5.3338197963e-03 -1.9073414772e-02
3.2019461940e-02 -3.2128366903e-02 3.9658361366e-02
7.2610508958e-02 -5.1890492830e-02 1.5547419194e-02
2.9091606671e-02 -4.0882043143e-02 3.2858365672e-02
-1.3492421718e-02 1.2702841483e-02 -1.4630749398e-02
-3.5485532317e-03 -1.1875239697e-02 -1.1453707571e-02
1.5778739696e-02 2.3840940792e-03 1.4142433900e-02
5.4720758970e-02 -4.3697155417e-02 3.1635810223e-02
3.5952524441e-02 -4.4793564082e-02 3.7512590584e-02
4.3122117669e-02 -5.2988319968e-02 3.0968154831e-02
2.7743371944e-02 -2.4750326546e-02 1.9393389021e-02
3.6824183713e-02 -3.2933785906e-02 6.1901747932e-03
3.3901486029e-02 -4.4555529796e-02 1.2429497044e-02
2.8569276960e-02 -5.3604096824e-02 1.2424238574e-02
3.5211270968e-02 -4.4726980141e-02 1.2211879554e-02
8.9110542905e-02 -7.7547155873e-02 4.8477378579e-02
5.0476410095e-01 -3.6972451820e-01 2.8768576963e-01
1.0048465941e+00 -6.3010381275e-01 -8.5704926929e-02
4.5435369726e-01 -2.3989748526e-01 -4.1282447470e-01
3.1297579135e-02 -1.1617162030e-02 -9.4647683165e-02
-3.8837631812e-04 -2.8424016330e-02 -3.8926928982e-02
1.1157870592e-02 -5.7859995515e-03 2.6683748616e-02
6.2465248948e-02 -4.0049282865e-02 4.0304429833e-02
3.3155578316e-02 -4.0286123465e-02 5.0413899289e-02
3.6016184271e-02 -4.4508556427e-02 4.5101495650e-02
1.4874338847e-02 -1.2845509148e-02 3.1304729739e-02
3.8780188920e-02 -3.4951815026e-02 1.8251368176e-02
4.1545606543e-02 -6.1062188004e-02 3.0489303602e-02
1.9452519579e-02 -7.3152813515e-02 2.7406116558e-02
6.1539359219e-02 -1.2933821680e-01 9.0658095894e-02
1.7401141182e-01 -2.1024244369e-01 2.4696258692e-01
6.1979637881e-01 -6.3695992301e-01 5.6924972675e-01
9.3659010392e-01 -7.6961226708e-01 -4.4325922239e-01
6.0648622342e-01 -1.2201637311e-01 -1.5102867110e+00
8.9660988093e-02 1.3648955341e-02 -3.4975197490e-01
-5.8860083287e-03 -2.7583062117e-02 -3.6514351506e-02
2.1191066945e-02 -2.4445860067e-02 3.0179442766e-02
5.3215584221e-02 -5.2480058645e-02 2.7703693787e-02
2.9659371174e-02 -5.6040739051e-02 4.1739318408e-02
1.7849532291e-02 -5.9261421232e-02 3.4457171870e-02
1.8656207311e-02 -4.0372981420e-02 4.0561789239e-02
2.7243929008e-02 -6.7692884603e-02 2.0892843268e-02
2.5855542129e-02 -9.5102693105e-02 4.5404055551e-02
1.5885986554e-02 -1.3669878904e-01 4.9408455141e-02
3.3818399212e-02 -2.1423558881e-01 7.5134929674e-02
5.8941680166e-03 -1.1608333236e-01 1.9591778340e-01
3.1326058993e-02 -1.1390702734e-01 2.8266422968e-01
-4.5216060330e-02 3.1666096852e-01 -3.8654830029e-01
2.1796989881e-01 1.0434142551e+00 -1.6805959459e+00
3.0929211723e-01 2.6883809833e-01 -7.4315010451e-01
4.3789403733e-02 -2.4837219780e-02 -8.7193532216e-02
3.5528327376e-02 -4.2716345957e-02 4.0431819098e-02
6.8417668035e-02 -6.5925174488e-02 4.4605816729e-02
4.0866773222e-02 -7.7371284342e-02 6.4914299750e-02
4.4918446287e-02 -8.8092632111e-02 7.8444214393e-02
2.4869749694e-02 -6.4260415343e-02 7.1630343244e-02
3.5595844772e-02 -7.4939241473e-02 5.2251845544e-02
3.1483369922e-02 -9.8718805483e-02 7.5075703367e-02
1.5959663868e-02 -8.3743876373e-02 6.7813587437e-02
-2.5253639213e-02 -6.9035659529e-02 -3.3422107950e-02
9.7285578755e-03 1.0292097266e-01 7.9255254214e-02
4.4016828823e-02 1.8982564338e-01 8.9200286860e-02
-6.4047452288e-02 8.8437753922e-01 -1.5525165956e-01
3.3195936081e-01 1.7941842671e+00 -8.5440559500e-01
7.9639815129e-01 6.6734399110e-01 -9.4962490228e-01
3.2875689999e-01 9.4721732288e-04 -3.6436499102e-01
2.9401834655e-02 -3.3250516760e-02 3.5239732945e-02
7.0424938616e-02 -6.3783059569e-02 5.0288795023e-02
3.1171859020e-02 -5.9976327006e-02 5.7777778187e-02
2.5944924061e-02 -5.6735040567e-02 6.0131162386e-02
1.2559609576e-02 -2.6064400184e-02 5.2958974399e-02
2.2528979250e-02 -5.0185670517e-02 4.4419162903e-02
3.7472389165e-02 -8.5461537393e-02 5.5441849462e-02
2.0293270940e-02 2.4585647477e-03 -4.7919785674e-02
-6.3188638743e-02 1.1358049779e-01 8.8557044891e-03
-5.2039056494e-02 3.4084904249e-01 1.8379057191e-01
-3.4026038643e-02 7.1753708922e-03 2.5202747361e-01
5.6259539076e-02 3.7220163444e-01 1.7964097753e-01
3.8281094630e-01 1.2243578350e+00 1.6119547609e-01
1.0290522228e+00 3.6938404005e-01 -3.6226578034e-01
6.7282565674e-01 -2.4752752206e-01 -1.2712298409e+00
1.7517576761e-02 -2.6795464478e-02 4.4066554907e-02
5.5121343061e-02 -5.5159374977e-02 5.5445036934e-02
2.7670264372e-02 -5.4259524658e-02 5.8736234656e-02
2.5720251895e-02 -5.0002808904e-02 5.8241205119e-02
5.8773580549e-03 -2.7299831605e-02 5.7602063983e-02
4.1858979631e-03 -3.9887485770e-02 4.7538227090e-02
-2.3815497084e-02 -6.7780537278e-02 6.8579525177e-02
-1.7403084210e-02 2.4323620852e-02 -5.2472010709e-02
4.5236599258e-02 1.3341594164e-01 4.4061980872e-02
6.9525338825e-02 2.4703447141e-01 2.9553869434e-01
-1.1913128611e-01 -1.9545334414e-01 2.3869810769e-01
-5.1617641452e-02 -3.4592406096e-01 5.1006264383e-01
1.0263212946e-01 1.8934529496e-01 7.2106203499e-01
-1.1090420658e-01 -4.3367951097e-01 -1.4463636773e-01
-3.9508560068e-01 -5.7395230397e-01 -2.0806511007e+00
-1.6611275004e-02 -4.0453814705e-03 3.5845582543e-02
9.6559900296e-03 -2.0035927496e-02 4.9892775355e-02
-3.3371429689e-03 -2.2632474112e-02 5.3742250490e-02
1.7616212855e-03 -1.9558786375e-02 5.3561776622e-02
-6.5550187975e-03 -2.0380641420e-02 5.9970666872e-02
-4.8372282123e-03 -3.1717382238e-02 3.9452056620e-02
-1.1781093007e-02 -3.1531941216e-02 6.6876734521e-02
-4.1424832358e-02 -3.2588314325e-03 2.4561801918e-02
1.3951889406e-02 -3.6067450651e-02 1.3234018359e-02
5.7009884495e-02 -9.8943296493e-02 2.1036234388e-01
-9.2180848412e-02 -6.8266321615e-01 2.7358590182e-01
-3.1216011146e-01 -9.4809005452e-01 5.5412930163e-01
-1.0405047008e+00 -8.4996674116e-01 3.8310575748e-01
-1.9427857074e+00 -1.1427213089e+00 -8.2339482350e-01
-1.1211987456e+00 -4.5931332347e-01 -1.3349146870e+00
1.2775874377e-03 -9.9229331241e-03 3.1997303409e-02
2.5737847331e-02 -2.8225560135e-02 3.6156063583e-02
1.2669136816e-02 -3.0597352250e-02 4.2171925339e-02
2.3694504778e-02 -4.1472258357e-02 4.2840070393e-02
1.2220459089e-02 -3.2698158012e-02 4.4599526614e-02
8.3628952682e-03 -4.1042851136e-02 3.0050798508e-02
1.8593813412e-03 -4.2123480906e-02 4.9882228760e-02
-1.5824619932e-02 -5.2442882318e-02 4.6995471176e-02
-4.8819389182e-03 -1.0013343399e-01 5.0816654723e-02
9.6048365125e-02 -1.7297156816e-01 1.9698404539e-01
-1.3489740822e-01 -6.8817661741e-01 3.4339515083e-01
-6.1848937697e-01 -1.0945312385e+00 3.2423570424e-01
-1.2349059013e+00 -8.4040260214e-01 3.2535967592e-02
-1.2902347021e+00 -5.9027456209e-01 -4.4534209936e-01
-3.2702454897e-01 -1.2480558494e-01 -2.2981583244e-01
-7.0303291609e-03 -1.0032856691e-02 2.8309452876e-02
2.5354455862e-02 -2.6181369097e-02 3.2910953377e-02
1.4631212517e-02 -3.6025015787e-02 4.1624092128e-02
2.1446506138e-02 -3.7824380174e-02 4.3796642432e-02
1.7956508621e-03 -3.4994904668e-02 4.7632905718e-02
4.9089742784e-03 -3.8322748674e-02 3.5853957753e-02
9.6488586523e-03 -4.8662158576e-02 5.1523779957e-02
-1.8736044688e-02 -5.0634889870e-02 4.1294621864e-02
-2.8587288701e-02 -7.9481992460e-02 7.7755604261e-02
-6.5130096255e-02 -1.4561809346e-01 1.2741677635e-01
-1.7556772337e-01 -3.3449791971e-01 1.8592508579e-01
-3.7840567594e-01 -4.4267489127e-01 7.5310873121e-02
-2.5208429383e-01 -2.1516405421e-01 3.8319562770e-02
-1.6429267322e-01 -5.9623928376e-02 -2.7125109124e-02
-1.6674286700e-02 -9.2110258767e-03 -1.1885143116e-04
-1.8589906491e-02 5.6079509796e-04 2.7945830312e-02
2.3531171463e-02 -2.8388147298e-02 3.7502332665e-02
4.4993865555e-03 -3.0901387522e-02 3.8616204019e-02
8.1770196725e-03 -2.8487479315e-02 3.6175325738e-02
-2.9829393598e-03 -2.2588279161e-02 3.8906273191e-02
3.5078104590e-03 -3.2353344392e-02 3.3053160518e-02
-6.5553867100e-03 -3.7976631385e-02 4.8678067628e-02
-2.1465909355e-02 -3.5640120771e-02 4.1950068549e-02
-1.1367548868e-02 -4.4301309549e-02 4.8360591096e-02
-4.1717699753e-02 -7.2349089125e-02 1.7376242995e-02
-4.0882118346e-02 -1.2709693912e-01 3.3216094805e-02
-8.0613285252e-02 -9.9380287927e-02 1.9643974979e-02
-1.3147239248e-02 -2.7008208201e-02 3.2032267321e-02
2.8172380067e-03 3.1978078201e-03 -2.7360696471e-03
2.6216921912e-03 -2.0135243452e-02 -2.3619713921e-02
-2.2946739705e-02 8.5486046822e-04 3.0920615767e-02
2.0823084693e-02 -2.1222484216e-02 3.6632108416e-02
-3.4828035102e-03 -2.8512270550e-02 4.3216051058e-02
8.1002099080e-03 -3.3312067339e-02 4.4968556382e-02
-1.2706107671e-02 -2.0755231217e-02 4.6890035403e-02
-3.6242813224e-03 -3.0129506574e-02 4.1813419564e-02
3.5980120077e-03 -4.4466429511e-02 5.7644213951e-02
-2.2957754564e-02 -4.7289647696e-02 4.8756258637e-02
-8.3329098067e-03 -4.0461190799e-02 3.9262329379e-02
-2.5649841022e-02 -3.3908506645e-02 1.5456460348e-02
1.1890189495e-02 -4.4362836669e-02 3.0807416245e-02
-2.0652446446e-02 -2.7009610419e-02 3.8686554337e-02
-4.7183061515e-03 -2.1868531542e-02 5.3951286946e-02
-1.2591986916e-02 -2.4329951135e-02 1.3524386728e-02
-4.5022868424e-03 -3.0784003610e-02 -2.3320996767e-02
-1.3479891392e-02 -3.4696082355e-03 3.0121408483e-02
1.9424945385e-02 -1.5717407947e-02 2.7201412763e-02
-1.9282227201e-03 -2.2854705970e-02 3.5896327158e-02
1.3369278072e-03 -2.2967040126e-02 3.3023195458e-02
-9.1063514409e-03 -1.4563818482e-02 4.0972111152e-02
-8.2409714194e-04 -2.8443161093e-02 3.7211898873e-02
6.0105406074e-03 -3.1773893991e-02 4.4811744464e-02
-2.3686580689e-02 -3.5779010169e-02 4.0985902709e-02
-8.4952187558e-03 -2.7272807477e-02 4.1328845808e-02
-2.9464290727e-02 -3.1196306465e-02 2.0328866228e-02
5.5838427498e-03 -3.8711866098e-02 2.8590758645e-02
-3.1123293793e-02 -3.6035026031e-02 5.1330202584e-02
-1.3283480155e-02 -3.3101343040e-02 6.2225018330e-02
7.7477073150e-04 -2.9815717923e-02 2.4171473196e-02
-1.0751050497e-02 -2.8665877285e-02 -3.3354373144e-02
1.4444100671e-02 -2.3945092776e-02 3.8895002598e-02
4.7436108596e-02 -4.5470314404e-02 3.4258849416e-02
3.2405645176e-02 -5.1339339606e-02 4.8595263073e-02
2.8438766310e-02 -5.6651440110e-02 4.8689943323e-02
2.1421550702e-02 -4.5778301206e-02 5.9018820964e-02
2.4291998097e-02 -6.0135925001e-02 4.6960408223e-02
2.3541007984e-02 -6.2904954560e-02 5.4993719332e-02
3.5417664030e-03 -7.0676541762e-02 5.3338425753e-02
1.4956984029e-02 -5.8856415083e-02 5.7603841024e-02
-3.7325865205e-03 -6.6117466154e-02 3.8930202458e-02
1.1082003356e-02 -6.0563752808e-02 4.5072472031e-02
-1.8634872242e-02 -6.1059008893e-02 6.9029177938e-02
2.5756195454e-03 -4.0906644316e-02 8.1502797391e-02
9.5953309091e-03 -2.1115166476e-02 2.4262316171e-02
8.7729771240e-03 -2.8221477441e-02 -1.6859759694e-02
-1.9450147136e-02 1.1954618865e-02 3.5246587847e-02
-5.7561054616e-05 -8.1437679806e-05 4.7603756463e-02
-3.8392837341e-03 -1.8705229862e-02 5.6648120526e-02
-2.3721339211e-03 -2.3614671638e-02 6.3484471535e-02
-4.1935105881e-03 -1.5128821095e-02 4.5297861584e-02
-8.5226065010e-04 -1.4724665729e-02 3.5150955896e-02
8.6049454696e-03 -2.9098525216e-02 3.9044867628e-02
-2.7030716215e-02 -3.3301279878e-02 3.1954285655e-02
-2.8711582189e-02 -2.3029771191e-02 3.4282314858e-02
-4.9819511226e-02 -8.7285617737e-03 2.3060467196e-02
-3.5981453808e-02 -1.6018120263e-02 6.0669093881e-02
-6.9503503950e-02 -1.1322141659e-02 4.8701227721e-02
-6.9578637002e-02 2.1761215399e-03 8.6993877265e-02
-4.7168116420e-02 7.6878249438e-03 3.3471454922e-02
1.8099269771e-03 -5.0261549281e-03 2.4046951462e-02
-3.4379833050e-03 6.7119539701e-03 3.5165882527e-02
7.9463364478e-03 -6.9008989808e-03 4.7378880448e-02
2.8376355107e-03 -2.5927256257e-02 5.5766416129e-02
2.1685948080e-02 -3.2018388544e-02 5.9649825195e-02
1.3768556739e-02 -3.2113774992e-02 4.4514213800e-02
1.4125312285e-02 -3.3268485300e-02 3.5831248340e-02
1.0251899165e-02 -4.5977551031e-02 3.9005395035e-02
1.1136203540e-03 -5.0776011515e-02 2.5287607603e-02
-8.7735761229e-03 -3.8157479744e-02 2.4646668851e-02
-2.7464382669e-02 -2.0384751638e-02 7.7800579563e-03
-3.0116657741e-02 -1.8871260668e-02 4.4363096487e-02
-3.4893389533e-02 -1.9477036231e-02 3.3773685137e-02
-1.0708324705e-02 -1.6264270999e-02 7.3826055466e-02
8.8701346852e-03 -1.5174293529e-03 1.4879029474e-02
3.0929046896e-02 -3.3594059111e-03 1.7816595649e-02
-1.5649372993e-02 1.1898028679e-02 1.7205451655e-02
8.5461168818e-03 -1.3140079806e-02 3.4931874316e-02
-9.3878025163e-04 -2.8158159216e-02 4.0447639920e-02
2.3763886811e-02 -3.8277892379e-02 4.8365073598e-02
1.1730982610e-02 -2.3637949871e-02 2.6619002749e-02
1.3676987639e-02 -1.8254046167e-02 2.1958542355e-02
1.6128354871e-02 -2.7564842623e-02 2.5121471704e-02
3.8683500569e-03 -3.5038512771e-02 9.4456157521e-03
1.8543047028e-03 -3.0424398206e-02 4.1800004599e-03
-2.1490543705e-02 4.9712871086e-03 -2.4238760755e-02
-1.1969184005e-02 -5.2225523499e-03 1.5572748450e-02
-2.9276853700e-02 2.9809249757e-03 1.1023506973e-03
-1.5596832185e-02 -2.1379688435e-04 2.8550821740e-02
-1.1000007085e-02 1.3796983738e-02 -2.2258713431e-02
1.2750595330e-02 5.8135378982e-03 -1.8924960927e-02
6.2594038551e-03 1.3987854460e-02 1.5729107765e-02
3.8630928104e-02 -2.4526719897e-02 3.8224228064e-02
2.3387122517e-02 -3.0909888674e-02 3.9171522815e-02
3.6741689128e-02 -3.4459101263e-02 3.6014423620e-02
1.9961582950e-02 -1.0834847368e-02 1.3763771741e-02
3.7147201833e-02 -1.1776886943e-02 1.2839191923e-02
3.8275142678e-02 -3.2215568281e-02 2.0114122168e-02
3.4702553192e-02 -4.2998516592e-02 6.1297389031e-03
2.2015021386e-02 -2.6766260248e-02 -3.8944859189e-03
1.6704642490e-02 -1.5495056769e-02 -2.0606739034e-02
5.7440723449e-02 -6.7048321812e-02 5.1994270999e-02
1.5772599315e-01 -1.6645813241e-01 7.9679606216e-03
8.9397004318e-02 -9.4028964848e-02 -4.2381502966e-02
5.9243643805e-03 5.8900287719e-03 -4.4709014535e-02
1.7881408368e-02 -1.1076702219e-02 -3.8047352855e-02
-1.1184769009e-02 3.3803880581e-03 2.5135074710e-02
2.5543628392e-02 -2.4715835329e-02 3.6970017105e-02
3.5440242467e-03 -3.3669550522e-02 4.4881531131e-02
5.5874647005e-03 -3.2151078710e-02 4.1636280967e-02
-8.8879519956e-03 -9.1345818332e-03 1.9622792600e-02
1.1277401194e-02 -1.4591347716e-02 1.1448097845e-02
1.9124088037e-02 -3.6623114896e-02 1.8676458419e-02
-1.2774208979e-03 -5.3096830883e-02 6.2851587626e-03
-2.7150238116e-03 -5.1057428554e-02 6.4528051386e-03
-7.1430886545e-04 -7.0962339136e-02 2.5766213921e-02
1.9147769590e-01 -4.0287430325e-01 2.8341107460e-01
6.1344408164e-01 -9.8278292235e-01 1.9911622649e-01
5.5877436278e-01 -6.6553284505e-01 -3.4922222823e-01
8.6618078414e-02 -1.1062703816e-01 -1.5288868120e-01
-3.1576614781e-03 -1.6488784943e-02 -3.7883326706e-02
-6.5225019916e-03 -1.2245156877e-02 3.6298050263e-02
2.9779827864e-02 -3.7414073005e-02 4.0276004867e-02
4.0911374379e-03 -4.3485991192e-02 4.7957107367e-02
4.5448709666e-03 -4.9366732901e-02 5.0976040000e-02
-3.3089651573e-03 -2.9470676294e-02 4.5460697045e-02
1.1440117269e-02 -3.7253126581e-02 2.6392917217e-02
1.8272864656e-02 -5.2836678528e-02 3.4311308074e-02
-9.3662440176e-04 -7.2655116612e-02 3.0296483702e-02
6.8504136249e-03 -7.8148533927e-02 4.9306108527e-02
-6.4632978683e-03 -1.1351289384e-01 1.0644513921e-01
2.3207078641e-01 -7.7416844590e-01 5.7112097152e-01
5.8191131493e-01 -1.4943166834e+00 6.2150187495e-01
8.7275841974e-01 -1.0527338869e+00 -7.4268167742e-01
4.2505313690e-01 -3.8603202566e-01 -6.2245377753e-01
4.9138883145e-02 -5.1833833093e-02 -7.5741268068e-02
1.1679471389e-02 -3.2062494412e-02 4.2089634360e-02
4.0723439482e-02 -5.3421685993e-02 5.1465936468e-02
5.8235541506e-03 -5.9191051997e-02 6.2064360307e-02
1.3993205211e-02 -5.9721897888e-02 7.3134338931e-02
-3.0003933554e-03 -3.7616964014e-02 5.4038932713e-02
8.0084458207e-03 -3.2038542827e-02 3.8881464702e-02
3.5246637715e-03 -4.6206715065e-02 4.4058569481e-02
-1.0518502078e-02 -6.1070297039e-02 3.9539756347e-02
-3.8750874026e-03 -9.2347682667e-02 5.9888053804e-02
-1.2147699804e-04 -7.9660600371e-02 1.2341623509e-01
9.8695182107e-02 -6.6026788136e-01 4.9336104637e-01
7.3482827043e-02 -1.0912727550e+00 7.5898511616e-01
4.4416049392e-01 -1.0059987725e+00 -4.9313755520e-01
6.6827831177e-01 -7.8239897265e-01 -1.3101964689e+00
2.0006398236e-01 -1.2804048292e-01 -3.4535232740e-01
5.0026630266e-03 -2.1266336399e-02 3.4652991965e-02
4.8265599529e-02 -5.2041375007e-02 5.5279949484e-02
1.5367064467e-02 -4.9323462094e-02 5.9482941866e-02
1.3535417198e-02 -4.4995794015e-02 6.3342068223e-02
-8.1131300593e-03 -1.1714992649e-02 3.6690446191e-02
-4.4131035836e-03 -1.2819986739e-02 2.5546819021e-02
2.6637004421e-03 -3.0171638786e-02 3.8592797360e-02
-2.4571966018e-02 -3.1090398893e-02 2.9822194912e-02
-1.0719041156e-02 -6.8193990142e-02 7.7113098656e-02
-2.4769177445e-02 -3.2789290962e-02 1.4953619968e-01
8.2979456330e-03 -5.1049847635e-01 4.3094061596e-01
-1.8893357380e-01 -1.1273059150e+00 8.8943617817e-01
-2.9215268906e-01 -1.4766395884e+00 4.3871324471e-01
1.7179990137e-01 -1.5017239304e+00 -1.0551898375e+00
2.1296536275e-01 -6.2386867696e-01 -8.9477089120e-01
-2.6204186185e-03 -1.4062894973e-02 3.8120702658e-02
2.7140075680e-02 -3.4708819726e-02 5.3605709110e-02
3.7032694465e-03 -3.8575915669e-02 5.2569765665e-02
2.6157031212e-03 -2.9579076965e-02 5.3607027950e-02
-1.1697903122e-02 -1.2287453006e-02 3.4329213744e-02
-1.0098241111e-02 -1.2323920840e-02 3.0148052071e-02
-7.9828338138e-03 -3.1176488078e-02 4.1902307871e-02
-3.0537321729e-02 -4.4394080966e-02 3.1470990794e-02
-1.9546237476e-02 -4.7139508383e-02 7.2207045658e-02
-4.8291611413e-02 -6.4488325426e-02 1.4021060926e-01
-1.3644653218e-01 -4.4262712125e-01 3.4830752010e-01
-3.4739721369e-01 -9.9002574842e-01 8.7466594550e-01
-8.6595388481e-01 -1.6779866709e+00 7.9598467856e-01
-9.5955037701e-01 -2.0706534319e+00 -5.4279743918e-01
-3.3149187192e-01 -9.4788545581e-01 -1.0342940525e+00
-3.3203170518e-02 -9.1775432626e-05 3.2705489960e-02
-1.3377533243e-02 -7.0833204873e-03 4.6507033400e-02
-2.7201225061e-02 -1.7948730986e-02 4.3930489242e-02
-1.5809517684e-02 -1.9750161462e-02 5.2589653650e-02
-3.1050495683e-02 -1.1745917588e-02 4.3143166578e-02
-3.2445240375e-02 -1.2046585647e-02 2.9813885581e-02
-2.4902164807e-02 -2.2722662383e-02 4.4577359128e-02
-5.5767388534e-02 -4.2085202291e-02 3.3504841981e-02
-4.9373665375e-02 -4.7534557695e-02 5.1157591602e-02
-8.9728242892e-02 -8.3480584188e-02 5.8164387472e-02
-1.5237592659e-01 -3.9137498957e-01 1.9100925059e-01
-3.3708091378e-01 -6.6162378581e-01 5.4814825131e-01
-9.7579767527e-01 -1.2465137549e+00 5.2743491220e-01
-1.2697724193e+00 -1.4122240103e+00 -3.2992146493e-01
-4.3213228348e-01 -4.5614670551e-01 -4.3288029695e-01
-1.6299384436e-02 6.1760220660e-04 3.4882358482e-02
-1.1735771130e-03 -1.3163016993e-02 4.1012293209e-02
-9.5543509947e-03 -2.1739783400e-02 4.3397285028e-02
1.9629231310e-03 -2.4456383720e-02 4.8353562392e-02
-1.1631822065e-02 -2.1758205995e-02 4.2712048218e-02
-1.6871087943e-02 -2.8117047509e-02 3.3580332693e-02
-1.6536248221e-02 -3.4081873642e-02 4.3323095964e-02
-3.1424316421e-02 -4.7770414818e-02 3.9073085271e-02
-3.3569292782e-02 -4.2249859147e-02 4.2048045425e-02
-4.9112713990e-02 -5.4673349416e-02 2.4035192341e-02
-7.9801729224e-02 -1.8221509591e-01 8.0544479218e-02
-1.9778848582e-01 -3.0604440158e-01 1.4411312214e-01
-3.3954507473e-01 -3.5296684716e-01 1.7024032989e-01
-3.5480718398e-01 -3.0216735709e-01 -4.2950948310e-02
-7.5500434013e-02 -6.4204498207e-02 -3.2752637498e-02
-2.4853458619e-02 4.5234644548e-04 2.3992190378e-02
-4.8635547208e-03 -1.4438543837e-02 3.5873074410e-02
-1.3626051133e-02 -2.5981544574e-02 3.7990753755e-02
-5.1793467704e-03 -2.9249755203e-02 4.4308515681e-02
-1.9563338999e-02 -2.5893855895e-02 3.8786743303e-02
-2.7225392844e-02 -2.3526290905e-02 3.2987300280e-02
-2.1457519650e-02 -2.9860408058e-02 4.2819279728e-02
-4.4094619337e-02 -3.4012584051e-02 3.0670299013e-02
-3.7165259750e-02 -3.2621798755e-02 2.4475545500e-02
-5.9056620550e-02 -2.0507403658e-02 -3.3037957734e-03
-3.3735536154e-02 -3.5850212439e-02 2.6897155653e-02
-7.6414980616e-02 -4.6321190577e-02 1.6891774555e-02
-4.6339479346e-02 -3.1922833951e-02 5.8935435331e-02
-4.6972229876e-02 1.4984417479e-03 -6.8330131620e-03
-3.7288529574e-03 1.3247884244e-02 -3.5769604323e-03
-3.2903006566e-02 1.1625818350e-02 2.5152957107e-02
8.8105239898e-04 -1.1881633542e-02 3.8772887635e-02
-1.6193026657e-02 -1.7728481314e-02 3.7727771547e-02
-8.3099347767e-03 -1.9999201751e-02 3.9197930944e-02
-2.6015557019e-02 -1.0994562592e-02 3.1985811519e-02
-1.8160010190e-02 -1.4311927376e-02 3.6768296396e-02
-1.5123676029e-02 -2.5845545407e-02 5.1533510417e-02
-3.2325889567e-02 -3.1892788962e-02 4.1170648406e-02
-2.1755038100e-02 -1.7912379127e-02 2.8419691965e-02
-3.5551330452e-02 -1.3148620167e-02 3.2676313610e-04
6.7860057903e-03 -2.1394695971e-02 2.5926607110e-02
-2.6884659244e-02 -1.1949707337e-02 1.4114415172e-02
-1.0401584912e-02 -4.6205887507e-03 3.8741193501e-02
-9.9853336873e-03 3.3235623174e-03 -1.4191694156e-02
7.3011881671e-03 -9.2793747124e-03 -2.1573129695e-02
-3.5986674027e-02 1.0964405812e-02 2.4479803877e-02
-3.4607983611e-03 -1.1497032812e-02 3.4764364929e-02
-2.6064734964e-02 -1.7046909675e-02 3.7413070710e-02
-2.2256371510e-02 -1.8536782212e-02 3.7606233099e-02
-4.0726012742e-02 -7.4159561606e-03 3.4622426002e-02
-2.9746244461e-02 -1.3670401034e-02 3.5022690071e-02
-2.0849531328e-02 -2.8181247697e-02 4.8977763224e-02
-4.2832316443e-02 -3.9222274582e-02 3.8847208238e-02
-3.4462858209e-02 -2.9500238947e-02 2.6663596558e-02
-5.2602521430e-02 -2.8346380560e-02 8.1982113395e-03
-1.2231334350e-02 -3.3229423468e-02 3.3264603258e-02
-5.4868253327e-02 -2.2278381931e-02 3.1204094044e-02
-3.2484719035e-02 -1.8662556118e-02 4.8893736446e-02
-3.8104747796e-02 -8.9102590905e-03 -8.1938209907e-03
-1.8800554297e-02 -1.3884204225e-02 -2.3080122610e-02
-3.8514600382e-02 4.1044548536e-03 3.0986506825e-02
-1.1784422903e-02 -7.2443289317e-03 3.1739273637e-02
-2.7604397701e-02 -1.6110077679e-02 3.7490396477e-02
-2.0184866820e-02 -1.6194402335e-02 3.8135564246e-02
-3.6377589622e-02 -5.9865354391e-03 4.1378586758e-02
-2.7340505296e-02 -1.6223467912e-02 3.2139437875e-02
-1.9845860986e-02 -2.6173713717e-02 4.8846261253e-02
-4.5098799766e-02 -2.8259564176e-02 3.8014237395e-02
-3.4077845998e-02 -2.3592112936e-02 3.9233990266e-02
-5.6694571944e-02 -2.6651040405e-02 1.9284694259e-02
-1.3339312922e-02 -4.3765130376e-02 4.4038946444e-02
-5.3958960489e-02 -3.8115371874e-02 5.3396246497e-02
-2.8883872222e-02 -3.6931876856e-02 8.9242098532e-02
-2.3141743913e-02 -2.9369046404e-02 3.4005587820e-02
-5.3102872501e-03 -2.1161013546e-02 -1.5769040748e-02
-1.0907358419e-02 -1.2789617968e-02 3.7378983829e-02
1.8000338869e-02 -3.2035272847e-02 3.5521979190e-02
9.4165114317e-03 -3.9298622179e-02 4.6489659393e-02
4.6105865626e-03 -3.7722226243e-02 5.0216779778e-02
-1.7771038830e-03 -3.0079945845e-02 5.5761738939e-02
3.8623425139e-05 -4.3099115104e-02 4.6197155084e-02
9.4180699333e-03 -4.9112076201e-02 5.8108089208e-02
-1.5164937497e-02 -5.1441279022e-02 4.9800169111e-02
-3.9531501170e-03 -4.2566037782e-02 5.5866981479e-02
-2.7290209906e-02 -4.8783561183e-02 3.4984793464e-02
-2.7198295718e-03 -4.8101051204e-02 5.6551262794e-02
-3.2524936117e-02 -5.2298105815e-02 7.0932101941e-02
-7.9840063321e-03 -3.7757775496e-02 9.8664211088e-02
-1.2201601864e-03 -2.2397230814e-02 3.2673714632e-02
1.1714100668e-02 -1.7336173843e-02 -1.0196185688e-03
