-4.9236868113e-02 -5.6580635560e-02 -2.6082013967e-02
-7.4685928405e-02 -9.0884876854e-02 -2.6280285256e-02
-8.7515329062e-02 -1.0681017229e-01 -3.8207246981e-02
-1.1317130931e-01 -1.2818940822e-01 -7.1439204273e-02
-6.8211600661e-02 -1.6336245059e-01 -2.9777858666e-02
-7.7350271705e-02 -1.9426923466e-01 -4.7825669193e-02
-7.4715203162e-02 -2.2774558284e-01 -3.6219637745e-02
-6.2201648879e-02 -2.2726385632e-01 -4.0084787256e-02
-6.1682479955e-02 -2.3196429351e-01 -3.4356958127e-02
-1.0559231792e-01 -2.5620888704e-01 -3.7496032190e-02
-1.6419054550e-01 -2.6125138591e-01 1.8975730521e-02
-1.4643847233e-01 -2.2208961745e-01 1.1990524148e-01
-1.0459754543e-01 -1.4881397238e-01 1.4590985594e-01
-5.3791104706e-02 -1.4350644494e-01 8.5414017689e-02
-4.8384761807e-02 -1.1856730550e-01 7.1582697790e-02
-5.2259652778e-02 -4.6476765974e-02 -2.9457848418e-02
-7.7147499567e-02 -7.3398627480e-02 -6.1686874753e-02
-9.0951796478e-02 -1.0344535390e-01 -7.4380910125e-02
-1.2462739091e-01 -1.3386085143e-01 -9.9660280475e-02
-7.2897113340e-02 -1.6174678896e-01 -6.4344880931e-02
-4.1587676306e-02 -1.4628544073e-01 -5.5606485024e-02
5.9240266462e-02 -2.6254374974e-02 1.7112982267e-02
1.6237202822e-01 1.0595661919e-01 -8.7083606643e-03
1.7675223109e-01 1.4245720299e-01 -7.3304449915e-02
2.0973086304e-02 -2.6495580474e-02 -1.1265975861e-01
-1.3728593557e-01 -1.9465578322e-01 -2.9059004764e-02
-1.3012853593e-01 -2.0109229931e-01 9.9504078792e-02
-9.2974279615e-02 -1.5138154936e-01 1.3563649416e-01
-4.7213167988e-02 -1.4240768290e-01 7.9037571298e-02
-4.4167846893e-02 -1.3878834875e-01 5.5539902497e-02
-5.5733970072e-02 -6.8784122953e-02 -4.6731734181e-02
-7.5808789763e-02 -1.0864345145e-01 -7.5584564279e-02
-1.0024820615e-01 -1.4875759999e-01 -1.0484645021e-01
-1.1780560110e-01 -1.5948721876e-01 -1.2196143421e-01
-1.6893852652e-02 -1.0083989824e-01 -2.4781042680e-02
9.7686458274e-02 1.1775298114e-01 5.7527327370e-02
2.9230077401e-01 4.9812339524e-01 1.6185501395e-01
3.8665093196e-01 7.0872225941e-01 5.0489588622e-02
3.4480839912e-01 6.3511212689e-01 -1.2177253671e-01
8.1512343786e-02 2.0886472666e-01 -1.6285950727e-01
-1.1444554628e-01 -1.2853547841e-01 -9.9243851621e-02
-1.3220891681e-01 -1.8597216675e-01 1.7252758068e-02
-9.6640470583e-02 -1.5702822475e-01 7.1080521860e-02
-5.5745387709e-02 -1.4199744735e-01 4.4097466177e-02
-5.1803269548e-02 -1.3017611024e-01 2.9546668000e-02
-4.0624877452e-02 -5.1927148116e-02 -7.4922121995e-02
-5.2181882431e-02 -1.1456235441e-01 -1.3554083870e-01
-5.8952543999e-02 -1.4914571390e-01 -1.6172292208e-01
-4.5423000356e-02 -8.3667449017e-02 -6.7655728761e-02
1.2899730939e-01 2.1738551279e-01 1.3617254823e-01
2.6868049007e-01 6.1615388188e-01 2.4400628461e-01
3.6310412224e-01 9.9787694787e-01 2.7438631395e-01
2.9354475150e-01 9.3805873897e-01 7.6403714604e-02
1.6443741787e-01 5.5902990432e-01 -1.1116024419e-01
-2.7990310902e-04 5.7827830774e-02 -8.9016644767e-02
-1.0823594439e-01 -2.0287739542e-01 -4.6181487130e-02
-8.6035826519e-02 -1.3893467777e-01 -1.2699972307e-02
-7.4574111085e-02 -1.2137169047e-01 5.3129262998e-02
-4.0604125009e-02 -1.1628164822e-01 3.3790848190e-02
-4.0098771176e-02 -1.1138709503e-01 2.4167584620e-02
-4.8849694950e-02 -9.6950843276e-02 -8.4676676429e-02
-5.0412819247e-02 -1.4447423819e-01 -1.1780014598e-01
-3.2873543621e-02 -1.4900259777e-01 -1.0770843413e-01
2.9775015820e-02 6.2137948105e-02 7.6769975783e-02
2.0149043437e-01 6.0138506573e-01 3.1559530361e-01
2.5694353734e-01 9.7648744152e-01 3.4669080879e-01
2.4592248861e-01 1.1036718930e+00 2.6167972186e-01
1.6588645953e-01 8.2590988509e-01 4.2753651372e-02
7.3625018772e-02 1.8208967529e-01 -7.3441906019e-02
-2.5592929033e-02 -2.6834362118e-01 -1.9510729647e-02
-9.1509004958e-02 -3.1976484174e-01 1.0683356628e-02
-6.9722214489e-02 -1.3447043948e-01 3.0850129441e-02
-4.5162828340e-02 -1.1623034302e-01 5.7693564322e-02
-2.4298407699e-02 -1.0939351883e-01 3.4329030379e-02
-2.5315375904e-02 -1.0045981022e-01 2.6429277407e-02
-5.0513701886e-02 -1.0563870905e-01 -9.9147023566e-02
-4.1466998811e-02 -1.5862764307e-01 -1.3291820114e-01
-3.3093917456e-02 -1.3368738740e-01 -8.2907265733e-02
-2.2893887635e-02 1.9744146879e-01 1.4659246001e-01
3.2448776798e-02 8.9003212537e-01 3.8968617895e-01
3.4662439669e-02 1.1242611728e+00 3.3198026288e-01
3.9202412496e-03 9.9495234625e-01 1.9155576031e-01
5.0394889178e-03 7.1085590015e-01 5.7883459576e-02
-1.5507727891e-02 1.8921478712e-02 2.5433405681e-02
1.8049521622e-02 -4.8862483307e-01 4.2854453660e-02
2.0096919566e-02 -3.9206820923e-01 -2.7204174341e-02
-5.5511681153e-02 -8.7769063558e-02 -1.1270108019e-02
-5.5698605245e-02 -9.2815028860e-02 6.9042428713e-02
-3.0614682320e-02 -9.5917012046e-02 3.5401318443e-02
-3.3322301277e-02 -8.5132297460e-02 2.4742064998e-02
-4.9550725470e-02 -1.2880404843e-01 -9.9652743635e-02
-4.5868070261e-02 -1.6862839668e-01 -1.3065888644e-01
-3.5138714113e-02 -1.4640361722e-01 -6.4515463285e-02
-1.1467957179e-01 2.0771724345e-01 1.7482205375e-01
-2.2845911894e-01 9.1418542605e-01 3.9004969692e-01
-2.6751365255e-01 1.1062664794e+00 3.0803496488e-01
-1.6929431227e-01 8.5476472907e-01 1.8015378626e-01
-9.4525445433e-02 6.2774734277e-01 5.8864612024e-02
-9.3836366384e-02 1.1587068507e-01 6.5843820631e-02
-1.1003586531e-02 -5.0509829250e-01 1.8834538745e-01
9.9929021956e-02 -4.8619084593e-01 1.5261438179e-01
-8.3855041670e-03 -1.3683882729e-01 7.0312693192e-02
-4.4084651472e-02 -1.1075889106e-01 8.9378073519e-02
-2.3264406405e-02 -1.1285933732e-01 5.0728102847e-02
-2.1647483319e-02 -1.0726875483e-01 4.0073652405e-02
-5.1403602904e-02 -1.0670177686e-01 -8.6733961893e-02
-4.7579064885e-02 -1.5195386036e-01 -1.1260127773e-01
-4.7211091858e-02 -1.7379363385e-01 -9.8530363389e-02
-1.4725856416e-01 -1.0881052481e-02 1.9631296380e-02
-2.2287874757e-01 3.9779127159e-01 1.9409457329e-01
2.4373197428e-02 7.5107066878e-01 3.3312530863e-01
5.4544343251e-01 8.7641860643e-01 2.8798582260e-01
8.0207997021e-01 7.3966874101e-01 1.5979164251e-03
6.3497329600e-01 4.9030700965e-01 -2.1859796993e-01
2.7347665511e-01 -5.3527779271e-03 -1.0867126217e-01
1.2733606925e-01 -1.9614461011e-01 9.0811099533e-02
1.9911936848e-02 -7.5802232812e-02 5.3331890180e-02
-6.3274717659e-02 -1.1870399257e-01 8.1744806136e-02
-4.9277927328e-02 -1.2404778575e-01 5.3455878662e-02
-3.8539280888e-02 -1.0611317829e-01 3.8572866666e-02
-4.6643839560e-02 -8.5434137841e-02 -5.8432965379e-02
-4.3382702251e-02 -1.1115486383e-01 -7.8234336708e-02
-3.1976002568e-02 -1.4614835065e-01 -9.0429291625e-02
-5.3133897095e-02 -1.3401850761e-01 -5.4155904611e-02
-1.0678448693e-02 1.9028175463e-01 2.1629396381e-01
2.2581827809e-01 1.2803524125e+00 8.4121581620e-01
7.9281164473e-01 2.3266114880e+00 9.3303286608e-01
1.1954641759e+00 2.3711498453e+00 1.4707093758e-01
1.2616999060e+00 2.2246214363e+00 -7.7397618854e-01
8.9265226234e-01 1.4001509530e+00 -1.0309683026e+00
5.5321166237e-01 7.4913853989e-01 -3.0173436060e-01
2.9141152534e-01 4.1930348150e-01 -2.0722646911e-01
-1.5238838499e-02 -9.0289336688e-02 3.9069771098e-02
-2.6850764533e-02 -1.4001056152e-01 6.2563558598e-02
-1.7428727795e-02 -1.2351201735e-01 4.3056093344e-02
-2.7822343385e-02 -6.7958069753e-02 -1.6755006066e-02
-2.8347562905e-02 -7.6366814146e-02 -1.1459857004e-02
-2.3014594917e-02 -9.4970335258e-02 -2.6894977903e-02
-4.0893192423e-02 -1.0107510325e-01 -3.9145355870e-02
-1.1935538041e-01 1.2044630607e-01 1.5429712391e-01
-4.9644837591e-01 1.0212056101e+00 7.3851800941e-01
-8.7275394589e-01 2.3504017619e+00 1.1701622197e+00
-6.7426334815e-01 2.8065688203e+00 4.6930873567e-01
-3.7531479877e-01 2.9646497964e+00 -7.1940572235e-01
-3.2924741178e-01 1.9597714164e+00 -1.2786234249e+00
-8.9730705845e-03 1.1417025177e+00 -5.7100704019e-01
1.4414514511e-01 7.9469398168e-01 -3.5759818722e-01
-3.3274638971e-02 -9.2070658421e-02 -1.1797811438e-02
-1.3972055677e-02 -1.5325297823e-01 4.1834717727e-02
-1.5285925176e-02 -1.2065631405e-01 1.8812967948e-02
-1.3677958476e-02 -6.4116139454e-02 -2.9468140718e-03
-1.3222138543e-02 -6.9293210745e-02 -1.7170005985e-02
-1.0636464295e-02 -7.3307506067e-02 -2.6587949176e-02
-2.2217022142e-02 -7.9593567164e-02 -6.2505511381e-02
-6.1479056705e-02 -3.6880576250e-02 -1.3025105106e-02
-3.4521144500e-01 2.7673819981e-01 2.3472722070e-01
-1.1010912814e+00 1.0861244145e+00 6.7371087120e-01
-1.6805028554e+00 1.8156144226e+00 4.9206531243e-01
-1.5491113236e+00 2.1444586817e+00 -2.3454015112e-01
-9.9122563457e-01 1.0962631631e+00 -6.4184339432e-01
-3.2176884524e-01 8.3173715322e-01 -3.3923100511e-01
-6.3232007414e-02 6.8291650637e-01 -3.0194906387e-01
-2.7609049458e-02 -1.0292578348e-01 -1.2577855405e-02
-3.5347806425e-03 -1.4607841517e-01 1.5205613097e-02
-8.2225462786e-03 -1.2960367088e-01 1.1900832997e-02
-1.1107587744e-02 -7.2725141381e-02 3.0553667630e-04
-5.2964233145e-03 -8.0074391503e-02 -2.3815710507e-03
-5.4364927063e-03 -8.4234969311e-02 -1.8648799373e-02
-7.2372489865e-03 -9.4919423320e-02 -6.0214120935e-02
-2.6484819692e-03 -1.0539667698e-01 -5.4877288037e-02
-5.9901318747e-02 -6.0874662995e-02 -2.1461686022e-02
-2.8944457710e-01 1.5872221646e-01 1.2316208693e-01
-7.7074404671e-01 5.1867852218e-01 2.1525644531e-01
-9.9481432020e-01 8.7180385003e-01 8.1899587048e-02
-6.0300944301e-01 6.3301770143e-01 -1.2597466023e-01
-2.1546073972e-01 5.3946329895e-01 -1.5546343155e-01
-1.1649842438e-01 3.7527932306e-01 -1.5985012662e-01
-7.2838114315e-03 -1.3334337016e-01 5.9524896636e-04
1.9743364036e-04 -1.4939961960e-01 1.2364332875e-02
-2.6049678403e-03 -1.2813903506e-01 1.3510424978e-02
-8.7286323826e-03 -6.1389491108e-02 -7.6858607936e-03
1.3383623230e-03 -7.0523400807e-02 -2.1775884182e-02
8.9765553277e-03 -8.0212684409e-02 -4.8762697783e-02
8.3157204082e-03 -9.3250356787e-02 -8.2192233869e-02
1.7322587440e-02 -1.0121449147e-01 -6.6869432039e-02
2.7900735540e-02 -1.0914685635e-01 -6.7766373214e-02
1.9690221845e-02 -8.2413274410e-02 -5.9427654319e-02
-7.1738005356e-02 -3.0024193767e-02 -2.1007932710e-02
-2.1945702720e-01 1.1423177489e-01 2.7887621291e-02
-2.1030694877e-01 1.2460885693e-01 4.0251403249e-03
-1.4234964916e-01 1.9952676300e-01 -9.9974182274e-02
-1.1683970003e-01 1.5577338696e-01 -8.9191875384e-02
-1.8686331780e-02 -1.2575343821e-01 8.9805629402e-03
-5.8278047731e-03 -1.2531612906e-01 7.0286807757e-03
-8.9542920526e-03 -1.0555248773e-01 8.5333404963e-03
-1.4237370842e-02 -6.7674895172e-02 -1.9705117116e-02
1.3755082459e-03 -7.2807212033e-02 -3.2501898144e-02
1.1459534657e-02 -8.5224374798e-02 -4.3329583596e-02
2.1401001819e-02 -1.0187650538e-01 -5.4973393348e-02
2.5225813098e-02 -1.0785556867e-01 -4.1988312901e-02
2.4104409331e-02 -1.0467159819e-01 -5.2293250466e-02
4.8243549436e-02 -1.0126953237e-01 -6.5642475393e-02
4.3541576571e-02 -1.1330866097e-01 -7.5478333912e-02
1.6482633254e-02 -9.7607348459e-02 -5.1087649043e-02
-1.6751078546e-02 -7.0910012015e-02 -3.3525546918e-02
-4.2336588402e-02 -7.9843031773e-04 -5.5144470003e-02
-3.9586902705e-02 -3.1286762844e-02 -1.5800569133e-02
1.0613334044e-02 -1.1984310744e-01 2.8317491570e-02
1.3037606607e-02 -1.1502374423e-01 1.4531404586e-02
4.9206051095e-03 -9.6546695159e-02 2.0417864676e-02
-1.2717567523e-02 -6.8903162200e-02 -3.1005663433e-02
1.3473489980e-03 -7.6142847537e-02 -4.1648200423e-02
1.4251926121e-02 -8.7296963795e-02 -4.3030675700e-02
1.7216797084e-02 -1.1252066467e-01 -5.6666663250e-02
7.8922978597e-03 -1.2008217473e-01 -4.9046536178e-02
1.6059062573e-02 -1.1273376311e-01 -6.5138729617e-02
3.8736848282e-02 -1.0186150364e-01 -6.1330388830e-02
4.8920587958e-02 -1.1896413699e-01 -7.1431227813e-02
3.2220542941e-02 -1.2182193817e-01 -5.8430335894e-02
1.3781585134e-02 -1.2248976440e-01 -6.1009910504e-02
8.4173441541e-03 -1.0072380325e-01 -3.6322901914e-02
1.0270611932e-02 -1.1691744122e-01 2.3473831063e-02
-1.1336682409e-03 -1.1101125280e-01 4.2495366133e-02
3.5358105219e-03 -9.9893409441e-02 1.7733921920e-02
-8.8037791456e-03 -7.5407128207e-02 1.8857181901e-02
-6.3324232769e-03 -7.9019667171e-02 -3.4396556226e-02
8.8872434190e-03 -8.6107823618e-02 -4.8483899063e-02
1.9314729335e-02 -9.5092957825e-02 -2.4404257346e-02
2.2049795161e-02 -1.1989336952e-01 -4.2896145389e-02
1.5309379631e-02 -1.3094193847e-01 -3.6240479867e-02
2.0238687770e-02 -1.3399878039e-01 -5.5680219396e-02
4.3189726976e-02 -1.2268019981e-01 -4.0886313361e-02
5.3725165289e-02 -1.2851553099e-01 -4.1388338592e-02
4.6028405389e-02 -1.3116011254e-01 -2.3100017274e-02
3.8946380909e-02 -1.3239598287e-01 -3.5287741276e-02
3.5811761818e-02 -1.2446419810e-01 8.3286832639e-04
3.5109700253e-02 -1.2072587159e-01 5.6522592150e-02
1.2699534417e-02 -1.1246921236e-01 7.6442334113e-02
1.5027977787e-02 -1.0005863711e-01 3.8339737365e-02
-3.5226597521e-03 -9.4246024706e-02 3.9418729886e-02
-4.8525032745e-02 -4.0581426875e-02 -3.0381516335e-03
-7.3857989418e-02 -6.2207764306e-02 -1.1338388677e-02
-8.5379669519e-02 -9.1678952016e-02 -3.1594053492e-02
-1.0545349395e-01 -1.1079395890e-01 -5.4266230718e-02
-2.4279198016e-02 -1.5598775292e-01 2.6253232614e-03
1.9898838876e-02 -1.4599392572e-01 1.5880166435e-02
1.2983159867e-01 -8.3867859625e-02 6.4203639477e-02
2.5191393421e-01 2.7160215611e-02 7.4963501069e-02
3.0016481500e-01 7.2657101024e-02 1.5171787838e-02
1.8369608394e-01 1.6154038239e-02 -8.1504364129e-02
-4.7855201485e-02 -1.4491328315e-01 -5.7223364321e-02
-1.1379942075e-01 -1.8684639768e-01 1.3858000429e-01
-8.9502353135e-02 -1.3784370637e-01 1.5771225014e-01
-3.8251705703e-02 -1.3165656635e-01 9.1742087050e-02
-4.9851557807e-02 -1.1213832749e-01 5.2009246524e-02
-4.8071940109e-02 -2.8587582239e-02 -3.7542173621e-03
-8.9833260340e-02 -5.6026776084e-02 -2.7876605052e-02
-1.2618714628e-01 -9.5332826585e-02 -6.3238512456e-02
-1.2234279742e-01 -1.0638937476e-01 -7.5287687624e-02
7.3850851602e-02 -3.3572841379e-02 6.6326344649e-02
3.6133527132e-01 2.1531218928e-01 1.9450124343e-01
7.4604889862e-01 5.9504479155e-01 3.2220903087e-01
9.3800060417e-01 7.7216260377e-01 2.1267592771e-01
8.9214266526e-01 8.2012786132e-01 -4.0165516661e-03
5.7438910117e-01 5.9888518908e-01 -2.7008347956e-01
1.7725376529e-01 1.8226389560e-01 -3.3524212054e-01
-9.6514388127e-02 -1.3291650726e-01 -5.3148594227e-03
-1.1404271710e-01 -1.6701401700e-01 1.2588637407e-01
-4.6944072819e-02 -1.4758908172e-01 7.2696428831e-02
-4.8904228808e-02 -1.3856279261e-01 4.0616336506e-02
-4.6136645305e-02 -3.9906069183e-02 -1.5113549809e-02
-1.0057355270e-01 -9.7126469925e-02 -5.5691048331e-02
-1.1390874037e-01 -1.2313585698e-01 -7.4540329458e-02
7.0307257294e-03 -1.8588818546e-04 3.9432751192e-02
4.3918284740e-01 4.0188585636e-01 3.8429867247e-01
7.2352708544e-01 8.1450783065e-01 5.3739519857e-01
7.7608335670e-01 9.4979655048e-01 4.9198980087e-01
5.7834348895e-01 7.2976130605e-01 1.8563570880e-01
4.5327399820e-01 6.1893940210e-01 -5.8385031712e-02
2.3410003959e-01 4.2898528333e-01 -2.1012329263e-01
1.6190830544e-01 2.8322284670e-01 -5.1782130033e-01
-5.1040847974e-03 3.4292857917e-02 -2.4377578582e-01
-8.4247800113e-02 -1.3652694152e-01 3.9994510101e-02
-4.4640282026e-02 -1.3223494474e-01 4.6934271243e-02
-5.7339403969e-02 -1.2232069968e-01 2.0539712260e-02
-3.8532798277e-02 -2.2517615392e-02 -5.2093607131e-02
-8.1548857267e-02 -9.5414665805e-02 -1.3085087238e-01
5.3680158696e-03 -3.2686699668e-02 -5.7164064984e-02
2.8630369187e-01 4.3768209223e-01 3.4845462370e-01
6.6019147558e-01 1.0012107583e+00 6.7307620324e-01
5.1396279064e-01 8.7982658476e-01 4.5676841912e-01
2.9587566036e-01 6.2327846063e-01 1.6042045311e-01
1.0325232538e-01 2.5144206915e-01 -3.0777754801e-02
4.5764984308e-03 -1.9251111803e-02 -6.6908444983e-02
-6.7489524715e-02 -1.8069948114e-01 -6.1865856114e-03
3.7295874623e-02 3.3366899648e-02 -2.8662897889e-01
1.3918937409e-02 6.4370595348e-02 -2.3676069470e-01
-5.8153155409e-02 -8.6773018554e-02 9.9696095338e-03
-2.2351272746e-02 -1.1748688962e-01 2.4389132250e-02
-4.2486846038e-02 -1.0115608258e-01 3.6896685109e-03
-3.7884258329e-02 -5.8442912290e-02 -7.5695510442e-02
-4.6078849606e-02 -9.6416923379e-02 -8.3287554543e-02
1.2910188374e-01 1.7980124834e-01 1.8571855730e-01
3.9966912286e-01 8.5828711944e-01 6.7154440965e-01
4.9267024171e-01 1.0934608402e+00 6.8111334622e-01
2.5351804430e-01 7.4515045492e-01 2.7813314131e-01
7.5594665139e-02 3.3919982458e-01 5.6159787779e-04
1.8377126427e-02 -1.0752891560e-01 -4.3117521542e-02
-4.8440473026e-03 -4.9431597383e-01 1.4184579639e-02
-7.7988082543e-02 -6.5470323449e-01 1.3016225163e-01
-5.8719963320e-02 -3.3149560977e-01 6.8317763957e-02
-2.8645670935e-02 -7.2359447051e-02 9.7722233583e-03
-4.4150654440e-02 -8.8919804208e-02 3.8338061954e-02
-1.5980303680e-02 -1.1155171390e-01 2.7206891517e-02
-3.2032640547e-02 -8.8270685137e-02 6.6687920871e-03
-5.2640898568e-02 -7.2990018506e-02 -8.7749394661e-02
-3.6005732253e-02 -5.7975995965e-02 -5.2712800623e-02
3.6745978046e-02 3.2350040224e-01 2.6960068888e-01
1.0192319016e-01 9.2587012219e-01 6.7911028949e-01
7.2653268065e-02 9.5771942016e-01 5.1993017733e-01
-2.3595950815e-02 6.4169961755e-01 1.5988550475e-01
-3.5528242101e-02 1.6642069151e-01 -4.1424136537e-02
1.7599967762e-02 -3.7320850290e-01 9.5736879351e-03
1.9999428696e-02 -8.8648049924e-01 1.0447282084e-01
3.1970399864e-02 -9.7593096779e-01 1.6790998289e-01
2.1694459209e-02 -4.2398166400e-01 2.7367086389e-02
-5.1974474600e-02 1.7274090830e-02 -1.1858797695e-01
-6.6328591175e-02 -4.2997301621e-02 1.0487968112e-02
-3.3288706699e-02 -8.8207270956e-02 2.5829423054e-02
-4.1565850860e-02 -7.4320554037e-02 8.5277564196e-03
-4.5423083490e-02 -1.0217108704e-01 -8.9829819592e-02
-5.4478118785e-02 -9.8996169305e-02 -8.2224102427e-02
-7.9122708804e-02 2.7163683371e-01 2.2528311082e-01
-2.2498270945e-01 9.2900614582e-01 6.4652371243e-01
-2.7773473162e-01 9.9816455157e-01 5.1747416023e-01
-2.0388128160e-01 5.4739417117e-01 1.5833466390e-01
-8.0255368648e-02 1.2901842987e-01 1.3416911359e-02
2.1790370504e-02 -2.7669235730e-01 6.5470034936e-03
9.3504539609e-02 -7.8542382884e-01 9.6246802510e-02
1.4738777648e-01 -1.0192394472e+00 2.7786147180e-01
2.7068605277e-01 -6.6939105739e-01 3.4216232131e-01
8.8845364848e-02 -8.1685820184e-02 4.9579030738e-02
-5.3300473165e-02 -7.0952638265e-02 3.9683005557e-02
-3.3533192725e-02 -1.1434729487e-01 3.5704554801e-02
-3.0288567870e-02 -1.0372712790e-01 2.9005146279e-02
-4.3376334041e-02 -8.7088919451e-02 -8.1067731677e-02
-6.6628744247e-02 -1.0840463350e-01 -8.0718889884e-02
-1.5680863146e-01 1.2037926480e-01 9.0678834807e-02
-3.6753675661e-01 6.2385229974e-01 4.3153545864e-01
-1.1544526896e-01 8.2479852659e-01 5.3974556030e-01
5.6844284551e-01 5.5020261992e-01 4.1749312404e-01
8.0000461451e-01 1.0073459394e-01 1.0299646638e-01
7.2486756811e-01 -3.0254054044e-01 -8.4324378812e-02
8.1983875892e-01 -4.7986713438e-01 -1.2086639560e-01
7.4755438845e-01 -5.2356563359e-01 3.5819447907e-02
8.0114718725e-01 -1.3489918048e-01 3.1672446574e-01
5.6374838353e-01 1.5483536652e-01 -4.3304337989e-02
-1.1967503120e-02 -8.2196505928e-02 2.5690139431e-02
-4.9144873093e-02 -1.2020015993e-01 5.3309225779e-02
-4.3985521955e-02 -1.0250692384e-01 2.9619381019e-02
-4.8460640596e-02 -7.1890510949e-02 -5.6340852585e-02
-6.5680145090e-02 -1.0521085837e-01 -9.8364456092e-02
-8.2671801681e-02 -6.3924985211e-02 -4.9913887171e-02
-7.0821461411e-02 2.5312488344e-01 2.7715160655e-01
5.0289973739e-01 1.2360040211e+00 1.2142951052e+00
1.2175191962e+00 1.4837697334e+00 1.2910671558e+00
1.2589798974e+00 1.5968626331e-01 1.6524414716e-01
8.7584954192e-01 -7.6227312436e-01 -2.6137162540e-01
1.1114047318e+00 -3.4764668649e-01 -3.1097879948e-01
1.6071511951e+00 5.4436577790e-01 -8.6888971875e-01
1.9662161923e+00 1.6851350321e+00 -7.2818662480e-01
1.8166237156e+00 1.7213685214e+00 -9.8843441292e-01
1.4622013770e-01 2.6201822646e-02 -2.3494446467e-01
-2.7421430008e-02 -1.5461655911e-01 3.9507255690e-02
-2.3859132486e-02 -1.2090524745e-01 3.4159807843e-02
-2.2511924363e-02 -5.4332762045e-02 -7.2358621149e-03
-1.4215725069e-02 -7.0404638840e-02 1.2095136334e-03
-1.5534714084e-02 -6.3513370136e-02 -5.8681976424e-03
-1.1382602073e-01 1.6093247468e-01 2.1155650479e-01
-5.1912913624e-01 1.1365098741e+00 1.0803325025e+00
-9.1185776503e-01 1.5920055817e+00 1.4988764466e+00
-5.5124488153e-01 8.0509717682e-01 7.1815564548e-01
-1.9446436547e-01 -2.7613379262e-01 -2.3746668043e-02
-1.6398825637e-01 1.4448410738e-01 -2.6778001067e-01
-1.5981542526e-02 9.1378368499e-01 -1.0992829567e+00
-1.4210659110e-01 1.1234506765e+00 -9.6946819649e-01
6.1248612766e-01 1.9152104926e+00 -6.2117981169e-01
1.4749543552e-02 -3.1149528624e-02 -1.2490131236e-01
-1.6399129710e-02 -1.6897013889e-01 2.9553060772e-02
-1.3095993457e-02 -1.1656267774e-01 1.3091696893e-02
-1.1413150840e-02 -5.6816366895e-02 1.9194294454e-02
-5.6298474733e-03 -6.9649147598e-02 8.8778160656e-03
-1.7964577192e-03 -6.6541084613e-02 -1.5717473326e-03
-7.4750669478e-02 -2.4051770904e-02 -4.4312938433e-03
-4.6416526425e-01 1.8150986988e-01 2.5739441074e-01
-1.4811311680e+00 4.6820160680e-01 9.0077481193e-01
-1.9577493641e+00 1.1693008752e+00 1.1504149441e+00
-1.4440524419e+00 8.9400628216e-01 4.7323693826e-01
-1.1178898080e+00 9.9874942908e-01 -9.1759109481e-02
-9.5346264348e-01 1.9748651639e-01 -5.5241422256e-01
-8.1536253397e-01 2.5368495452e-01 -4.8722817843e-01
-2.6184854640e-01 1.3226422082e+00 -3.4392680013e-01
-4.5107281512e-02 -8.5210102321e-02 -7.7924057179e-02
1.0541814171e-02 -1.6224135570e-01 3.0764114060e-03
-9.0378835514e-03 -1.2304984530e-01 4.8746789653e-03
-7.8118699741e-03 -6.4141350661e-02 1.6545402040e-02
-5.3684710432e-03 -7.9693293868e-02 1.1739302959e-02
-3.9072056202e-03 -7.4848236229e-02 -1.4220425716e-03
-8.9938963608e-03 -7.5970021365e-02 -4.0964643660e-02
-5.3493405884e-02 -5.8545660698e-02 -1.6668116682e-02
-3.3701530878e-01 -5.9520613792e-03 1.5253706382e-01
-1.0745865698e+00 3.1078534584e-02 4.0139601287e-01
-1.6793942039e+00 1.9414714959e-01 4.0082572017e-01
-1.6220503259e+00 8.1911855636e-01 2.6265501733e-01
-1.0540892914e+00 6.0923706372e-01 -4.2347485432e-02
-4.2195654266e-01 5.2181132432e-01 -3.5835651657e-01
-2.8302335499e-01 9.1980886482e-01 -3.3125846903e-01
-6.4670564676e-03 -1.2033333609e-01 -9.7684460115e-02
1.5298910475e-02 -1.6342878468e-01 -2.6264939536e-03
-8.7250122838e-03 -1.2008955309e-01 6.1454637240e-03
-1.3370568617e-02 -4.7581596220e-02 1.0281251033e-02
-1.1082196890e-02 -5.9297434996e-02 -1.3535495511e-02
3.8625536158e-03 -6.9066404212e-02 -4.0246235497e-02
1.1909774445e-02 -6.9484780289e-02 -6.8152544125e-02
2.9147028530e-02 -8.0249867860e-02 -6.0436372204e-02
-2.8309646727e-04 -7.3672647309e-02 -3.5606187090e-02
-1.5152489527e-01 -1.7772612731e-03 6.2808509318e-02
-5.1646606982e-01 1.2731001067e-02 2.1271721695e-01
-9.2266779913e-01 4.1405484785e-01 4.1294412532e-01
-7.4023825173e-01 5.1309581355e-01 3.9887635852e-01
-4.3505189672e-01 6.0640816905e-01 -2.1691874669e-01
-4.4884033497e-01 9.7811669546e-01 -1.8660333826e-01
-3.1335310545e-02 -6.2912230166e-02 -4.3344801435e-02
1.0360973030e-02 -1.4584800429e-01 -4.4847127260e-04
-1.7877461829e-02 -9.3725957662e-02 4.6732833965e-03
-2.1680397973e-02 -5.4376394900e-02 -1.8119629849e-02
-7.0863457080e-03 -6.7700489891e-02 -2.9121037945e-02
1.8345851059e-02 -7.5781083341e-02 -5.2267991760e-02
3.5107277706e-02 -8.4277241160e-02 -6.0965732625e-02
4.5989656835e-02 -8.9680679745e-02 -5.3705995181e-02
3.2678349430e-02 -8.7718608509e-02 -5.0895532218e-02
4.1433368081e-02 -7.7591915433e-02 -5.3655692654e-02
-1.9088627249e-03 -6.9628626134e-02 -1.9171300638e-02
-1.4630929881e-01 9.3480627536e-02 1.5733792910e-01
-2.4507836303e-01 3.4286698766e-01 3.6333436638e-01
-3.7292266529e-01 7.0405534444e-01 -1.2308319786e-02
-4.4789644173e-01 8.2358792692e-01 -2.1226596526e-01
-2.9851215443e-02 -1.9486708985e-02 -4.3131528593e-02
2.6355848201e-02 -1.2656569880e-01 2.5699014858e-03
-5.5769064242e-03 -8.8773785314e-02 1.2122365604e-02
-1.6722666493e-02 -5.3598504357e-02 -1.5348909764e-02
-2.3192381717e-03 -6.4241013786e-02 -3.4117864173e-02
2.0894380377e-02 -6.9230064516e-02 -3.9974675049e-02
3.2325722504e-02 -8.4482776058e-02 -5.1392401135e-02
2.8547667292e-02 -1.0712737888e-01 -5.6346315575e-02
2.1531533860e-02 -9.9559242209e-02 -5.8016422242e-02
4.1044834719e-02 -9.2770927183e-02 -7.1336605690e-02
6.6633660062e-02 -8.6249666121e-02 -4.5392226152e-02
1.0127933646e-02 -2.4541821987e-02 3.3334655252e-04
-9.3820295480e-02 1.2569463486e-01 5.9733762959e-02
-1.4608992064e-01 1.9847113586e-01 -1.9967209305e-02
-1.5718594001e-01 1.7680225578e-01 -6.0609111686e-02
-1.7702758037e-02 -5.5150667028e-02 2.5463653207e-02
9.5967525707e-03 -9.9624074476e-02 1.9583196247e-02
-1.7867629224e-02 -6.9982454899e-02 1.5087229061e-02
-1.1637144658e-02 -7.0312291884e-02 -2.5542817221e-02
3.5154732318e-03 -7.8312926960e-02 -4.5182389002e-02
3.2186791233e-02 -8.4449458031e-02 -3.6116196706e-02
4.2180282117e-02 -1.0598398995e-01 -4.7016049413e-02
2.9463494165e-02 -1.2738032442e-01 -4.9366514653e-02
1.6519754227e-02 -1.3501361884e-01 -6.4695403533e-02
4.0697652150e-02 -1.2305103552e-01 -4.9339295318e-02
6.3160141824e-02 -1.3331255560e-01 -4.8230795316e-02
5.7540456351e-02 -1.2045707451e-01 -3.0401093477e-02
2.7522036692e-02 -9.5217230449e-02 -3.6989162841e-02
1.2977788275e-02 -8.0196935740e-02 -1.6919162912e-02
2.4241886688e-02 -9.3449398899e-02 5.0794897473e-02
9.4331366194e-03 -1.1250417989e-01 7.4964483833e-02
1.0727483098e-02 -1.1040465154e-01 3.3535528127e-02
-8.7145301379e-03 -9.7361043197e-02 3.3323876997e-02
-5.1583131967e-02 -1.8356676147e-02 -1.0518957603e-02
-6.2210631117e-02 -4.3971877323e-02 -4.4716969652e-02
-9.0295873975e-02 -8.6845929859e-02 -5.3278397717e-02
-1.0525311669e-01 -9.9417395762e-02 -6.4408433581e-02
8.1082792440e-02 -1.1845116071e-01 7.3256051886e-02
3.2673882329e-01 6.2319883765e-03 1.9723431805e-01
7.2089903885e-01 2.2083751757e-01 3.2719138462e-01
8.8958200642e-01 3.9083329747e-01 2.7014795205e-01
1.0573454201e+00 5.2682315356e-01 1.2082187588e-01
1.0637177938e+00 5.5097338602e-01 -2.4950563587e-01
5.2637729002e-01 2.0927453021e-01 -3.9187632790e-01
-5.5028638338e-02 -1.2558201591e-01 2.0151326367e-02
-1.1423888555e-01 -1.3580594956e-01 1.4329329878e-01
-4.8818116284e-02 -1.0735390644e-01 8.0256361113e-02
-5.7711909038e-02 -9.6181783361e-02 4.1230605564e-02
-5.0676142163e-02 -6.7033966333e-04 -1.9464610635e-02
-7.1462167104e-02 -3.6338659889e-02 -8.1076956597e-02
-9.0677706502e-02 -7.5882629179e-02 -7.2130975658e-02
-4.4397145734e-02 -4.1399349311e-02 -5.6514121341e-03
4.9364292743e-01 1.8939432089e-01 3.9231073558e-01
9.8357295701e-01 5.1748981932e-01 6.0715490355e-01
1.0731595117e+00 5.9341332672e-01 5.4412860259e-01
8.0802157943e-01 3.8924049435e-01 2.5167296769e-01
5.0897894261e-01 2.6166140453e-01 8.1749173987e-02
5.4327766329e-01 3.7355014268e-01 -2.6456918366e-01
6.0318514744e-01 4.4580024928e-01 -6.7235723279e-01
2.1998106028e-02 -1.6289422186e-02 -2.3745192672e-01
-1.1099628323e-01 -1.5071892410e-01 9.8222156233e-02
-6.3119905589e-02 -1.3150525615e-01 5.7717826904e-02
-5.2449294405e-02 -1.2639269683e-01 3.2480102123e-02
-7.7180188108e-02 -3.8095212687e-03 -2.3674477863e-02
-1.0462984349e-01 -7.6733732637e-02 -9.4036248013e-02
-3.1314661940e-02 -4.8825616926e-02 3.9426977001e-02
4.4291502358e-01 2.8764356617e-01 4.5553804053e-01
1.0075937649e+00 6.7055611653e-01 8.4427949700e-01
7.2786678333e-01 5.2733617794e-01 5.4191894445e-01
3.9448848374e-01 3.1260959375e-01 1.8097847507e-01
1.0225533379e-01 3.6241857418e-02 -7.2270361108e-02
-2.2820360021e-01 -2.9085317812e-01 -2.5465532701e-02
-2.3534407948e-01 -2.6441241156e-01 4.3583074925e-02
7.9988969878e-02 1.4563439770e-01 -2.9889907711e-01
8.6738533264e-04 5.6326360323e-03 -2.2823791326e-01
-9.7012004373e-02 -1.2921117668e-01 3.2463171322e-02
-6.1392079932e-02 -1.1404599099e-01 2.6472965141e-02
-6.1065947683e-02 -1.0646720454e-01 9.6087034427e-03
-6.8967370314e-02 1.5328368768e-02 -1.5473721290e-02
9.5816989510e-03 -2.7460393478e-02 -5.2735655440e-02
3.4692297715e-01 2.2991818278e-01 3.7277846502e-01
7.2547541319e-01 6.8237270080e-01 7.8821390750e-01
6.0736930699e-01 5.7659438050e-01 5.8310813052e-01
2.5306076408e-01 2.8387643922e-01 1.7254030132e-01
1.7930100779e-01 2.8958003465e-01 -2.3391319558e-02
2.3690516119e-02 5.7025505033e-02 -1.2853031139e-01
-3.6193026836e-01 -5.9411477713e-01 2.7144868497e-02
-4.5271568217e-01 -9.0652247677e-01 2.8666254764e-01
-2.1905303633e-01 -4.3789251985e-01 2.1180600983e-01
-1.7057949496e-01 -2.8477315663e-01 9.4685142856e-02
-9.9079858331e-02 -1.3234642377e-01 3.8887823553e-02
-3.4497483357e-02 -9.4531897838e-02 5.9849504655e-03
-4.5309081334e-02 -9.1905415105e-02 -3.9554024103e-03
-2.6391865030e-02 -1.8674719317e-02 1.5938959403e-03
1.5756977196e-01 9.7136256943e-02 1.8566720435e-01
5.3504556941e-01 6.0570292892e-01 7.9362447969e-01
5.1050503390e-01 6.9924342537e-01 7.4078761317e-01
2.9137847414e-01 4.5668482292e-01 4.0511533146e-01
1.0488885007e-01 2.8427651138e-01 1.0606551967e-01
3.7618438178e-02 1.1260856298e-01 -5.0583885554e-02
-1.4947858398e-02 -2.3380214329e-01 -5.1204723981e-02
-1.6130590022e-01 -8.7985666757e-01 1.4473082785e-01
-2.8166957993e-01 -1.4172370154e+00 4.8197733745e-01
-2.4787037457e-01 -1.3055894130e+00 6.4154878733e-01
-1.8228901908e-01 -8.5050096224e-01 1.4986444875e-01
-8.0219624557e-02 -1.9520608484e-01 -2.3577021062e-02
-2.7208127969e-02 -8.2209390759e-02 3.0409954033e-03
-3.2302062846e-02 -7.8510374014e-02 -3.2432181722e-03
-9.5904228789e-03 -2.0169696644e-02 1.2180254614e-02
1.4530667992e-01 2.4330797672e-01 3.0600985971e-01
2.5673789228e-01 6.5902273788e-01 7.0687432790e-01
1.0831507278e-01 4.8117182842e-01 4.5828689323e-01
-1.3586268284e-02 2.5129589743e-01 2.1363816362e-01
-5.5758251900e-02 2.1485050287e-01 3.9587467494e-02
-1.0353538365e-02 -8.2908535757e-03 -3.9922599574e-02
4.3874249666e-02 -4.5846913484e-01 1.8785631720e-02
3.5043809078e-02 -1.2569849453e+00 1.9353407480e-01
-6.7200821499e-02 -1.7619066518e+00 5.2593823979e-01
-7.0620116935e-02 -1.7322221132e+00 7.5526094169e-01
-2.4384833412e-02 -9.5743239872e-01 -8.8091557036e-02
-7.2127801963e-02 -1.6532458181e-01 -1.1142184785e-01
-4.1172201966e-02 -6.7338510584e-02 2.7583850237e-03
-4.1625572924e-02 -6.9723170652e-02 -2.0931502667e-03
-1.5695685207e-02 -4.5505571443e-02 -1.3816513243e-03
-1.4395216236e-02 1.7025306167e-01 1.6604361180e-01
-5.1459495690e-02 5.2791656697e-01 5.0646759592e-01
-1.2657216190e-01 2.7829534102e-01 2.5794925317e-01
-1.2884433538e-01 -8.7305444481e-02 2.3773376464e-02
-1.5776989020e-01 -1.1345529460e-01 -5.5270462220e-02
-2.1913561973e-01 5.2145989663e-02 1.1925350999e-02
-1.0787969961e-01 -2.3715849131e-01 3.8189083110e-02
1.0397797781e-01 -1.1664266755e+00 1.3590474666e-01
1.6693412312e-01 -1.5010846721e+00 4.2029244180e-01
3.0186472512e-01 -1.2995391182e+00 8.7364988331e-01
2.5276780318e-01 -6.2607867624e-01 2.2931078570e-01
-4.4988460178e-02 -1.1357392081e-01 1.0093496210e-02
-3.9799532931e-02 -8.9080052800e-02 2.5197004023e-02
-3.3055630727e-02 -9.6649602364e-02 1.9869838526e-02
-2.6043087437e-02 -7.3158606085e-02 -6.0350306605e-02
-8.8526635480e-02 8.0095365491e-02 3.3757597424e-02
-3.4025242299e-01 5.7031560737e-01 4.2477166398e-01
-2.9642729151e-01 4.5208383217e-01 3.6628651156e-01
1.6242086218e-01 4.2308369003e-02 1.5784834875e-01
2.7060091415e-01 -1.9732706775e-01 -1.6260890298e-03
-3.1924751715e-01 1.3724612792e-01 5.2744072787e-02
-6.4151396141e-01 2.5827247930e-01 7.9819838769e-02
1.1876482187e-02 -4.6161934322e-01 7.2845504174e-02
2.0571599697e-01 -6.7418791310e-01 1.4115917327e-01
6.5994287666e-01 -3.4108415988e-01 4.1180780970e-01
7.5314181636e-01 -2.0827101662e-01 4.5989886485e-02
-8.7942264765e-03 -1.0282749871e-01 1.9541367478e-02
-6.3042069793e-02 -9.6034890962e-02 4.5872847448e-02
-4.8153827669e-02 -8.5770065109e-02 2.6317457620e-02
-5.4459756617e-02 -4.9735570236e-02 -4.1154811733e-02
-9.8208014704e-02 1.9541311188e-02 -5.6358424704e-02
-2.5881231061e-01 2.9286794460e-01 1.8830904366e-01
1.9507007313e-01 5.9177300868e-01 6.7529927626e-01
1.2927825759e+00 7.6534316952e-01 9.7799270775e-01
1.4075657379e+00 -3.2929109870e-01 3.9782119371e-02
7.0106527569e-01 -9.9826984825e-01 -4.6023196475e-01
-7.3339720843e-02 -5.6025048555e-01 -1.6834683118e-01
8.8575208010e-02 -4.8513795837e-01 4.8523927634e-02
4.8120916214e-01 -2.5606462391e-01 -4.1954397548e-01
1.1065874577e+00 3.8521015255e-01 -6.2304085024e-01
1.7459976125e+00 4.2023569242e-01 -5.5145147286e-01
2.3236184878e-01 -1.2677978906e-01 -1.7689314497e-01
-5.3714359167e-02 -1.2979528716e-01 2.7263614741e-02
-3.1194522447e-02 -1.0968848622e-01 3.4021958506e-02
-3.5717273460e-02 -4.6909068342e-02 -2.7924542594e-03
-1.8890810106e-02 -4.3656150562e-02 -9.2766642785e-03
-8.3688885311e-02 3.3984169384e-02 5.5180955190e-02
-8.0216506736e-02 4.9054020497e-01 6.1850206865e-01
-1.5575412415e-01 1.0787871523e+00 1.0115991620e+00
-2.7925322802e-01 4.5722074339e-01 5.0054094395e-01
5.5878753876e-02 -4.0641612118e-01 -9.3784085899e-02
1.7259585983e-01 -4.9457087938e-01 -2.2734037263e-01
-7.5013688656e-02 -3.1654905718e-01 -4.5659108810e-02
4.0882933170e-02 8.0760408527e-02 -7.5979035131e-01
-1.5963489697e-01 -5.8859051783e-02 -4.9500326952e-01
6.2741598782e-01 4.7995643585e-01 3.5506131161e-01
8.9568747260e-02 -1.8443096280e-01 1.4683078788e-01
-3.7718634563e-02 -1.3056444139e-01 1.1924004453e-02
-2.5399212902e-02 -9.2126003272e-02 1.2562592665e-02
-2.2566746037e-02 -4.9768114923e-02 1.5171361757e-02
6.3320808681e-03 -6.3813398264e-02 -2.6130151400e-02
-3.2808689302e-02 -5.6261144603e-02 -3.2571759232e-02
-3.1124227644e-01 -1.2779872665e-03 -6.0107724265e-06
-8.7517800873e-01 -3.2274888849e-02 1.7882550436e-01
-1.2169198902e+00 1.1119839244e-02 6.0558665385e-01
-1.2236343811e+00 3.2866098163e-01 6.4794292961e-01
-5.9896667398e-01 2.6081118369e-02 1.0147237173e-01
-2.7333084330e-01 -9.5572850494e-02 -6.7991717505e-02
-2.0507752463e-01 -2.1187150891e-01 -3.6051582072e-01
-3.1688386230e-01 -2.5446889832e-01 -3.3476891562e-02
-1.4219758575e-01 4.2439433787e-01 3.8601539325e-01
-5.4440248054e-02 -1.6594830219e-01 8.3123986103e-02
-1.9392948545e-02 -1.3784025547e-01 -1.5901269495e-02
-2.2024760308e-02 -1.0459492935e-01 5.4156307540e-03
-3.2423536142e-02 -5.0945135825e-02 1.3813687829e-02
-1.0449653446e-02 -6.2038350314e-02 -8.9877994451e-03
-7.3639172218e-03 -5.2152367848e-02 -3.4419076848e-04
-2.4845164846e-02 -5.2819886916e-02 -8.4695849476e-02
-8.3780033584e-02 -1.8909323215e-01 -6.2076313572e-02
-3.0874265508e-01 -4.8193170321e-01 -1.6802919853e-02
-8.4893959322e-01 -6.5437033127e-01 8.2339563972e-02
-1.0023132007e+00 -5.3550736536e-01 1.3968660825e-01
-7.6527216543e-01 -2.5836419041e-02 1.3135171939e-01
-4.4620523012e-01 4.3996384972e-02 1.2466241460e-02
-4.3404768793e-02 -3.0145803400e-01 -8.8554682920e-02
-7.2628931350e-02 1.2041317328e-01 -9.4471965539e-03
2.1653989512e-02 -2.2255204369e-01 -5.2316262260e-02
-1.7488888944e-03 -1.3802197938e-01 -1.1854479034e-02
-1.7847150776e-02 -1.0060295398e-01 1.0930363020e-02
-5.0937419063e-02 -3.0442383908e-02 2.4040103788e-02
-3.4585355988e-02 -2.7469227132e-02 -1.3249430000e-02
-1.3138749671e-02 -2.6844714171e-02 -2.6998696531e-02
1.3284634300e-02 -8.5091767991e-03 -5.0753949853e-02
1.8739168203e-02 -1.5483410256e-02 -1.6563833351e-02
-8.8709222592e-02 1.4095055252e-02 -1.2197234860e-02
-3.2595257624e-01 3.3637206853e-02 1.5915139935e-01
-5.7902479838e-01 -4.2860410471e-01 2.7733657366e-01
-6.0515249845e-01 -9.3219600938e-02 3.3845957646e-01
-4.6997141754e-01 3.4567800307e-01 4.2802924531e-01
3.1293957987e-02 -1.0652806701e-01 -2.0070005609e-02
-1.3338173933e-01 3.8816479338e-01 1.4229471405e-01
5.7575376470e-02 -1.3185486177e-01 1.9175936585e-02
4.9808262704e-03 -1.2439865235e-01 -2.3794082714e-02
-2.9833745081e-02 -7.2674179142e-02 4.3487470556e-03
-5.0902649470e-02 -3.2378537306e-02 -5.0004491711e-03
-2.5716890261e-02 -2.8069582263e-02 -3.8034344751e-02
4.9826364621e-03 -2.7695991884e-02 -2.7469642181e-02
4.7239066773e-02 -3.0653163481e-02 -3.9043503941e-02
6.3334514802e-02 -3.3930751913e-02 -1.4604625262e-02
3.4274166038e-02 -2.6511716999e-02 -1.9715319726e-02
2.4405926807e-02 -2.1569503173e-02 1.0681998549e-02
-1.5726145555e-02 -9.2868877738e-02 1.3032959056e-01
6.1921115394e-02 -3.1827756898e-02 6.0989574533e-01
-4.2404797657e-01 9.2344401524e-01 7.9434162128e-01
-1.6764498802e-01 6.7666460699e-01 1.6729870904e-01
-6.4331178982e-01 1.2527674360e+00 -6.3085969484e-02
-9.0038337173e-02 1.9442143107e-01 -7.4521276563e-02
4.4820634228e-02 -1.1153515631e-01 -1.8151077236e-02
-1.4265374651e-02 -7.1552620487e-02 1.4180675388e-02
-4.9995046929e-02 -3.5366945045e-02 -1.5158510857e-02
-2.1809559928e-02 -4.1760704219e-02 -5.9872709263e-02
8.9013411201e-03 -2.9782957981e-02 -5.2517061976e-02
2.7942074164e-02 -5.0364744874e-02 -8.4642631248e-02
4.0904498542e-02 -6.8107449062e-02 -5.8910639602e-02
9.1331001245e-03 -4.7021797410e-02 -5.4787245733e-02
2.9721110029e-02 -3.5665141815e-02 -3.8411374062e-02
1.1907531307e-02 1.5418082998e-02 4.7867430229e-02
-1.2314150958e-01 3.3420004838e-01 3.9968891541e-01
-6.0477430850e-01 1.0761577663e+00 5.6073913424e-01
-5.1598890593e-01 9.0517103866e-01 2.0516732502e-01
-8.4865432728e-01 9.9063879456e-01 -3.2023545885e-01
-2.7319384689e-01 2.2791675357e-01 -2.1081599186e-01
1.0235053884e-03 -7.1204201741e-02 -1.0515559050e-02
-2.7862337156e-02 -5.3072331861e-02 1.2231173363e-02
-3.8367957446e-02 -6.1451190297e-02 -3.5054163040e-02
-2.2088790871e-03 -7.1373913096e-02 -8.8799855355e-02
2.0496395350e-02 -7.2495101903e-02 -5.0100489071e-02
3.8732443578e-02 -8.7996604531e-02 -7.3257983658e-02
4.1208806985e-02 -1.1105505488e-01 -6.0792748067e-02
1.4859535327e-02 -1.0535127812e-01 -7.0765830186e-02
3.8018475404e-02 -9.9451474892e-02 -5.0443094395e-02
3.5952073851e-02 -8.0771165879e-02 -3.5623799775e-02
-5.4208147425e-02 4.2698281392e-02 7.7467895809e-02
-2.5511281697e-01 2.9033575587e-01 6.7513452710e-02
-2.6249758252e-01 2.4483678198e-01 6.8349511697e-03
-2.0204346409e-01 1.2203147168e-01 -4.5344194380e-02
-5.7284332795e-02 -4.6348858844e-02 2.0706455452e-02
9.7356094038e-03 -9.2719712918e-02 2.9142912225e-02
-1.2494403335e-02 -8.8572826545e-02 3.3765759518e-02
-6.6441805185e-03 1.9171226299e-02 -2.6731338275e-02
-2.5584936837e-02 -5.9701691695e-03 -5.7278068370e-02
-4.3326904598e-02 -1.9632521250e-02 -7.1817666535e-02
-5.2265951021e-02 -3.4178669243e-02 -5.4814916601e-02
2.0248290786e-01 -2.8641273960e-02 1.5367452482e-01
8.0520444858e-01 1.5483101298e-01 4.3569559459e-01
1.3950936391e+00 4.1316371653e-01 5.8320668132e-01
1.4693484525e+00 5.3796763489e-01 4.4142509794e-01
1.7510146890e+00 6.7487425337e-01 1.8757377014e-01
2.0484689899e+00 7.4627037322e-01 -4.8967250316e-01
1.2019211779e+00 4.2060086306e-01 -7.8094838731e-01
5.7960266344e-02 -4.7627780742e-02 -1.0340646150e-01
-1.1925957156e-01 -1.1817456133e-01 8.4559210484e-02
-5.5567516080e-02 -9.7233873298e-02 5.1820874903e-02
-6.2110571858e-02 -8.8058671260e-02 2.4094112224e-03
-1.6620811267e-02 3.6732580571e-02 -2.1793816907e-02
-5.1899614633e-02 -1.4326367080e-02 -6.0826208479e-02
-2.0861219568e-02 -3.0190735565e-02 -2.7773682159e-02
1.8102040990e-01 4.3035534253e-02 1.5890403575e-01
7.8832176578e-01 2.3152442154e-01 5.9174475223e-01
1.0027075568e+00 3.6094854685e-01 6.4030473858e-01
7.9511051503e-01 2.6477639980e-01 3.4592910259e-01
4.5771097232e-01 9.5216103869e-02 5.8462514120e-02
3.7997317670e-02 -4.6283330547e-02 2.6373940021e-02
2.0129848231e-01 3.9844691319e-02 -8.7800540008e-02
5.2696692782e-01 2.7626676097e-01 -4.0431704814e-01
1.9836964612e-01 9.2587610174e-02 -1.9145525020e-01
-5.3019969129e-02 -1.1065894114e-01 9.9927517799e-03
-3.6573942594e-02 -1.0873876080e-01 1.5068539627e-02
-4.1547708500e-02 -9.9521041237e-02 -3.8875280913e-03
-3.1331567116e-02 4.2976793546e-02 -1.8368531837e-02
-3.0484231811e-02 -1.6277118198e-02 -3.4902505980e-02
1.6547919270e-01 2.6972661437e-02 1.9670927130e-01
6.9765380853e-01 2.4932496267e-01 6.3706124324e-01
7.3917800419e-01 2.7112860085e-01 6.3228230039e-01
3.8382796968e-01 1.0199346230e-01 2.4701362267e-01
2.1968850836e-01 4.3849207160e-02 5.7600932975e-03
2.8959002986e-01 6.2157280289e-02 -7.8320372113e-02
1.7676597111e-02 -1.1405685852e-01 -3.5188136192e-02
1.0881811447e-02 -1.0149163438e-01 1.4543151917e-01
2.5219100469e-01 1.5101898376e-01 2.3184254961e-01
1.2195255135e-01 4.0536052916e-02 1.3536781765e-01
-7.2990164528e-02 -1.0357360480e-01 1.3864463021e-02
-3.2681191790e-02 -8.9345076995e-02 -8.9993904025e-03
-5.1811983632e-02 -8.0895570077e-02 -2.1071383266e-02
-2.6238070907e-02 8.5143483965e-02 5.2360735091e-02
1.1731906764e-01 7.8483707133e-02 1.6214852955e-01
5.2895712312e-01 2.5767016231e-01 6.1414748763e-01
5.0046885181e-01 2.5143846821e-01 5.3116119000e-01
1.9798683738e-01 7.7279329910e-02 2.0812921514e-01
1.3066132880e-01 9.4818064080e-03 6.4636263411e-02
1.1048119023e-01 4.3883878863e-02 -4.8717676003e-03
1.2421571151e-01 1.7228634997e-02 -4.4361158952e-02
-8.0934681950e-02 -2.0440284520e-01 -3.1261088548e-03
-1.7979519425e-01 -4.2646480903e-01 2.3728177002e-01
-2.4091633147e-01 -4.9159457796e-01 6.3138984599e-01
-2.4950141481e-01 -4.5692079750e-01 4.2281696671e-01
-1.0514473016e-01 -1.5761996856e-01 2.8024982780e-02
-1.5021993387e-02 -8.5151914220e-02 -2.6113691165e-02
-3.7396624777e-02 -7.6759054745e-02 -3.4520054049e-02
4.0192889440e-02 7.4759706435e-02 1.3860085406e-01
3.5425568343e-01 2.3592036025e-01 5.3360577283e-01
4.6391888612e-01 3.4929257249e-01 6.8695488328e-01
2.0266133740e-01 1.5929584837e-01 2.8774207248e-01
1.1724894490e-01 6.2569592819e-02 1.7262786243e-01
7.2828482034e-02 -2.2211409033e-02 4.9439704977e-02
3.5550128026e-02 -8.6441495100e-02 -9.4528054183e-03
4.7704046584e-02 -1.1802194691e-01 -8.2424206816e-03
-2.0374972738e-02 -2.4779019103e-01 3.3650999181e-02
-1.0569664136e-01 -6.1996905456e-01 2.6814579697e-01
-2.5868526164e-01 -1.1524083753e+00 5.7943466113e-01
-2.0767649464e-01 -8.9942906931e-01 9.6035696563e-02
-7.4733212431e-02 -1.9565638605e-01 -5.3977796348e-02
-1.9780318717e-02 -8.0055239683e-02 -1.2400439295e-02
-3.6981721476e-02 -6.8055867314e-02 -2.4989402322e-02
7.9672702994e-02 1.2616098892e-01 3.0496967143e-01
3.1645346122e-01 3.9737395138e-01 6.9417161587e-01
1.4855060029e-01 3.1159127362e-01 3.9738518246e-01
8.8751819554e-03 1.4481652870e-01 1.6674376798e-01
2.0261526349e-02 -9.0813246243e-03 1.0487328831e-01
2.5711522177e-02 -8.8322028711e-02 1.2933764991e-04
3.7233523039e-02 -1.3483329136e-01 -2.8439610619e-02
8.8432092613e-02 -1.4129955483e-01 -9.3286795331e-03
7.9502410590e-02 -2.6242754607e-01 4.0569243858e-02
2.9107107780e-02 -6.1435711395e-01 2.5280553658e-01
3.8017987345e-02 -1.3815519225e+00 6.0418142275e-01
7.0768729880e-02 -9.9461224263e-01 -6.9149922351e-02
-3.6241583351e-02 -1.5924799716e-01 -1.0444207608e-01
-3.6187264176e-02 -6.8369862158e-02 -1.4166594927e-02
-4.8062035073e-02 -6.6690665724e-02 -2.1715956564e-02
8.4353246909e-02 1.4908185945e-01 3.3109840062e-01
1.1452093809e-01 3.5817777861e-01 4.4680359905e-01
8.1594651141e-03 3.1213126883e-01 2.5183905286e-01
-3.6911655923e-02 1.9765362163e-02 4.1869739346e-02
-3.2099213536e-02 -1.8239059546e-01 -2.7897627219e-02
-4.4834061510e-02 -1.4424171584e-01 -3.0415429215e-02
-6.0478157153e-02 -2.9835130739e-02 3.8825101873e-03
-1.3119830285e-02 -4.9478624989e-02 -1.0364184206e-02
8.0933124279e-02 -2.3081834004e-01 8.6936239166e-03
1.0089162227e-01 -4.6912156853e-01 2.2883289260e-01
2.3375619575e-01 -9.8016302759e-01 8.9491114082e-01
2.4818928064e-01 -7.0771375580e-01 4.4703957956e-01
-7.8151419352e-02 -7.9113464898e-02 -1.9916531681e-02
-2.8612510915e-02 -3.3142794778e-02 -2.3124258129e-02
-3.9565942630e-02 -8.1874367747e-02 2.4764657409e-03
1.2633398815e-02 7.1382863450e-02 9.3906887853e-02
-1.9279008430e-02 2.6202539259e-01 1.1774331183e-01
-4.6580502226e-02 3.3217671410e-01 1.8708767785e-01
-5.7522309441e-02 5.8757028780e-02 3.0572860626e-02
-2.2477558164e-01 6.5247756430e-02 -3.0571641213e-02
-2.1529857999e-01 6.3327649842e-02 -2.9003338473e-02
-1.8072881906e-01 1.8462618875e-01 1.0035315165e-01
-5.8429331152e-01 2.7749998471e-01 9.9866980201e-02
-3.1992625966e-01 -2.2204891834e-02 3.0383401411e-02
-9.4095021300e-02 -1.4251172233e-01 9.1437020600e-02
7.6911488396e-02 -3.3968451185e-01 5.3882227296e-01
5.3397423888e-01 -1.4963215981e-01 1.0962771712e-01
-8.7957470058e-02 1.6189495385e-01 -2.4634476536e-01
-8.4340513822e-02 -1.4608086941e-02 -3.2561374826e-02
-4.9390535334e-02 -7.4876964752e-02 9.2880574874e-03
-1.4788773508e-01 1.0907100501e-01 9.7348352672e-02
-4.0657451360e-01 3.5723676419e-01 1.8932040271e-01
-2.8425901176e-01 3.8346627876e-01 2.1462745554e-01
4.3702812841e-01 2.8384480690e-01 3.2519834662e-01
9.1488636197e-01 -2.1369343096e-02 6.1591941328e-02
7.9580978392e-01 -3.0702223187e-01 -2.0191285076e-01
6.9382032029e-01 -1.7264429542e-01 -1.7954642034e-02
-9.4207591179e-02 6.6280851802e-02 3.1489944190e-02
-2.9689776531e-01 7.5573704708e-03 -2.1645636786e-02
-6.7201140511e-02 -6.6054782724e-02 -1.7830286914e-01
-3.3258817379e-01 -3.5270425814e-01 -2.5243268074e-01
7.6312132660e-01 -1.6825667825e-01 -3.3111778376e-01
2.8005481890e-01 1.1068350701e-01 -3.9245492294e-01
-3.2368708759e-02 -6.3640636026e-02 -3.2700063678e-02
-2.6456088944e-02 -9.3162892690e-02 1.7036451309e-02
-1.0341979188e-01 1.8680460725e-02 2.5194236584e-02
-4.3361550473e-01 1.2904608543e-01 6.4066674482e-02
-5.8971060730e-01 1.7651833129e-01 5.6283817019e-03
-1.5080238996e-02 3.0461340985e-01 2.0327690132e-01
3.9267370814e-01 2.6009900071e-01 -4.5107193835e-02
3.1360159132e-01 1.7666715625e-01 2.8362643290e-02
4.7493246063e-01 2.6832587391e-02 1.0524740902e-01
5.7503068519e-01 2.9734155279e-03 -9.7312175533e-03
3.6620615612e-01 3.1472516951e-02 -5.2983901817e-02
1.5891232082e-01 1.0339197219e-01 -3.7911711112e-01
-2.9101087929e-01 -1.8670602853e-01 -2.7222496800e-01
4.2514928897e-01 -8.3491959138e-02 3.5739213148e-01
1.4198276246e-01 -8.2772695685e-02 9.5805193162e-02
-2.0183874784e-02 -7.6685800041e-02 2.8816005107e-03
-2.1964021907e-02 -7.2703552848e-02 8.8293626763e-04
-4.6847388389e-02 -3.1674721606e-02 -1.1461675247e-03
-1.1045253577e-01 -4.6327579165e-02 -6.6766401597e-02
-2.9744127235e-01 -1.3738441549e-01 -2.3562619405e-01
-3.3512229097e-01 -1.9307649864e-01 -3.6279772415e-01
-3.3773352603e-01 -1.0566243338e-01 -3.8106943435e-01
-3.3099483321e-01 -3.2206001338e-02 4.1412975675e-02
-2.6285486883e-01 -1.8480287028e-02 1.7718521332e-01
-1.1120457099e-01 -3.3379408555e-02 2.2061615349e-03
-2.1787272441e-02 -1.1824058206e-02 -3.4741778138e-03
3.3434685988e-02 3.3486794819e-02 -9.6447089674e-02
2.0703892441e-02 5.7120648369e-02 -3.6555547674e-02
8.2831031910e-02 3.6959203363e-02 1.7652466523e-01
-1.6034890137e-02 -1.1225461697e-01 1.4795414982e-02
2.8575928145e-04 -7.7269140906e-02 -1.4002654638e-02
-1.4993318217e-02 -7.8517247153e-02 -6.2478451587e-03
-4.9815338212e-02 -3.1224054060e-02 2.8906553301e-03
-3.4723784027e-02 -2.6442555267e-02 -2.7060740030e-02
-8.8743348516e-02 -3.0556464754e-02 -6.7545903763e-02
-2.1578891995e-02 -9.6001962223e-02 -2.5671167084e-01
1.5218690543e-01 -3.3532205607e-01 -3.1518865101e-01
-1.3581918478e-01 -5.3020730942e-01 -1.6536169725e-01
-4.2465459763e-01 -4.3504206373e-01 -2.0248938599e-01
-4.1447369312e-01 -4.0002213487e-01 -6.1243892739e-02
-1.8347153868e-01 -2.0290819859e-01 2.9484266320e-02
-4.9055940728e-02 -2.3208997258e-02 2.5011836630e-02
6.7192735776e-02 -5.2385507133e-02 -7.3635293347e-03
7.0174903781e-02 -4.8990721804e-02 2.8542595679e-04
5.6594227633e-02 -1.2971880239e-01 -3.7269403105e-02
1.2382280570e-02 -7.2456684441e-02 -1.5151457842e-02
-1.4556778123e-02 -6.7504071661e-02 -2.9683675762e-03
-8.9031624716e-02 1.2928798783e-02 3.4254141555e-02
-5.7250643723e-02 1.1744512606e-02 8.7468976342e-03
-4.4091570828e-02 4.5183016590e-02 2.1120338711e-02
-5.7445192007e-03 6.4733403798e-02 -4.7415531679e-02
-1.4742727191e-02 2.1678700664e-03 -2.6086027577e-02
-1.2291273876e-01 -1.7927195508e-01 -9.4949740452e-02
-7.7622032162e-02 -3.4165133250e-01 -3.7499417082e-01
-1.2056887391e-01 -4.4682842401e-01 1.2133481762e-02
1.0853440053e-01 -4.2560797294e-01 1.1438155833e-01
1.7336420819e-02 5.8337967059e-02 2.3188097152e-01
1.9159150698e-01 -7.6768826915e-02 1.4156754833e-01
8.6815056669e-02 1.1575783609e-01 2.9729878524e-01
9.5327909658e-02 -3.1025752697e-02 5.5818448869e-02
5.5226439115e-02 -7.4463692442e-02 -5.4252232216e-02
-2.6919975230e-02 -5.2882741801e-02 -1.5947925177e-02
-8.6992225600e-02 2.3470458571e-02 1.4860607638e-02
-3.5502483769e-02 2.5885260741e-02 -1.3979706876e-03
-6.6299748410e-03 3.4808202796e-02 2.9269474738e-02
3.5264622913e-02 2.5852461509e-02 1.5109001033e-02
4.1629631591e-02 2.5371794176e-02 5.1098912930e-02
5.7975489947e-02 -5.4021014547e-02 -1.8582901198e-02
1.0467828585e-01 -1.3418625817e-01 -7.6915295120e-02
2.5347559604e-01 -1.6659780746e-01 2.7341806008e-01
4.7772064430e-01 -2.4641552605e-01 4.9283180700e-01
-1.6722279750e-01 4.5724851237e-01 4.5032009618e-01
2.7078564045e-01 9.7073230526e-03 4.0607452864e-01
-5.0106190874e-01 5.3218715977e-01 5.6510850749e-01
-3.2437506243e-01 2.5145223129e-01 1.1200695432e-01
8.9449542737e-02 -7.7919984140e-02 -4.0024847981e-02
-1.6586316692e-02 -5.9232426965e-02 -1.2078914286e-03
-9.0978030124e-02 4.5685435481e-03 1.5177474682e-02
-4.8874288241e-02 1.0984028594e-03 -1.6136690739e-02
-4.5673476985e-02 5.7836357971e-03 1.4752561270e-02
4.8458367068e-03 -3.0864313671e-03 -5.6987336963e-03
3.6475487934e-02 -2.4677167927e-02 1.3403557873e-02
2.3653090241e-02 -2.4593953088e-02 6.0790346707e-03
4.4713405075e-03 6.2475330168e-03 4.2180672064e-02
5.0972896405e-02 1.6950158394e-01 4.2942071752e-01
-7.8557952689e-02 5.8071216495e-01 9.7627986124e-01
-9.7173402666e-01 1.2514874113e+00 4.9075707804e-01
-5.2242194310e-01 7.2772187918e-01 2.7356603484e-01
-1.4193845004e+00 8.7286676768e-01 -1.8490680550e-01
-9.3091268503e-01 4.3256841441e-01 -4.6096603610e-01
-7.7268562645e-03 -4.0951906025e-02 -6.5253464507e-02
-3.2911704843e-02 -4.5642083062e-02 -6.3741103253e-04
-6.2902221076e-02 -3.0811970310e-02 7.8212203384e-03
-1.8824424234e-02 -5.4451741743e-02 -4.9804779594e-02
-1.0104889932e-02 -4.5591254646e-02 1.4096014552e-03
2.5927138596e-02 -5.1830769187e-02 -4.6970564778e-02
3.7978961656e-02 -7.0368726965e-02 -3.1098431482e-02
2.3808662584e-02 -8.4114233311e-02 -4.4001804084e-02
2.3189921012e-02 -6.3840536363e-02 -2.0919779375e-02
-5.1793683188e-02 6.8142731817e-02 1.4714123529e-01
-3.7215671077e-01 5.3496750646e-01 5.9949113737e-01
-1.0901009544e+00 1.1210018682e+00 3.4099290807e-01
-9.1077563886e-01 8.4496206945e-01 -5.5625237106e-02
-7.5907783810e-01 4.1805214450e-01 -2.7830974924e-01
-3.6766137378e-01 8.2529428755e-02 -2.3050356634e-01
-5.3315641431e-03 -6.8232354232e-02 -5.1447505256e-03
-2.3657882758e-02 -7.4661036545e-02 2.0715775384e-02
4.1692889620e-02 3.7848005217e-02 -2.2592754654e-02
2.8438711603e-02 -1.0938674466e-03 -3.5921919191e-02
1.1857763486e-02 -1.5536969619e-02 -5.4579298280e-02
4.0728406070e-02 -2.3399180475e-02 -3.3455987060e-02
3.6957172072e-01 -4.3919231542e-02 2.2699046959e-01
1.1829501474e+00 2.5543929248e-02 6.3293116141e-01
1.7331414665e+00 1.3875020563e-01 7.3396099287e-01
1.8803807277e+00 1.6477106031e-01 5.5739662204e-01
2.1746180257e+00 1.5218728937e-01 1.6499858656e-01
2.3309928189e+00 1.2830042000e-01 -6.1097245981e-01
1.5080865638e+00 7.6727084891e-02 -8.8360658806e-01
2.0390839906e-01 -8.7965251103e-02 -1.4433752805e-01
-9.0571436866e-02 -1.2271785608e-01 9.1288123691e-02
-7.0595835306e-02 -1.2559392698e-01 6.5037614721e-02
-5.6036670633e-02 -9.3433624810e-02 2.0384144076e-02
2.5930963076e-02 4.6095126704e-02 -1.5334872597e-02
-7.3149325335e-03 -5.7412345229e-03 -4.2648717354e-02
3.2947274651e-02 -2.9925410120e-02 -4.3649667344e-03
2.9546336710e-01 1.3784971907e-03 2.1346047796e-01
8.7011198202e-01 6.5123434459e-02 6.4546842749e-01
9.6790065598e-01 8.3678184736e-02 6.0094053237e-01
6.2011815469e-01 5.2262583791e-02 2.2579402036e-01
2.1705573209e-01 -2.8166138551e-03 -2.9611135434e-02
-2.7944587219e-01 -7.9850328757e-02 -6.0279012235e-03
-1.2805812503e-01 -7.7902544268e-02 5.9829047265e-02
3.9746651389e-01 6.5848464098e-02 -1.9761240468e-02
6.2636145184e-01 8.3107616530e-02 -2.1203880693e-01
6.5616456402e-02 -7.8501797878e-02 -4.7834684722e-02
-4.1224656433e-02 -1.0725018209e-01 2.8568599974e-02
-3.3764837165e-02 -9.4366762055e-02 1.2187244661e-02
2.3117602303e-02 5.4410546093e-02 3.2704909109e-03
4.3405432912e-02 -1.1221353292e-02 2.0267097831e-02
2.5501980522e-01 -2.2852189193e-03 2.4728774468e-01
6.0043156160e-01 3.9205089129e-02 5.1013932390e-01
4.2210095981e-01 -1.1384519052e-02 3.5829100720e-01
3.1239033428e-01 -3.7801746360e-02 1.6453915133e-01
2.2637230314e-01 -3.7710409236e-02 2.7754828915e-02
2.4567294510e-01 -1.6129057254e-02 -1.6824849494e-02
4.9089283321e-02 -4.1739670712e-02 -3.2343440829e-03
6.6317004701e-02 -7.6125574444e-03 1.2443180924e-01
5.6322375293e-01 1.2506948178e-01 2.7737102868e-01
6.6401439626e-01 1.2386342819e-01 1.2085727150e-01
2.6838513459e-02 -3.9641110495e-02 -2.7231475810e-02
-6.0381896969e-02 -8.7513825120e-02 8.2228334894e-03
-3.6450429527e-02 -7.2587605673e-02 -4.7923141316e-03
4.2128019249e-02 8.0638533480e-02 7.3305407104e-02
1.8433566385e-01 3.3507342861e-02 1.8458993215e-01
4.4555826537e-01 8.7575110746e-02 4.5554220838e-01
2.1501914017e-01 -7.7999778211e-03 1.6815224893e-01
-2.2672880641e-02 -9.8343446400e-02 -3.1509065216e-02
8.3700494979e-02 -7.9524631107e-02 2.7474426640e-02
6.8205969650e-02 -6.3626037308e-02 1.2688355903e-02
1.1476149518e-01 -7.5903689895e-02 3.2354376014e-03
9.0366627133e-02 -5.7906814353e-02 2.5931884617e-03
8.9794477986e-02 -2.0731278258e-02 5.5108827204e-02
1.3378702155e-01 -9.6009473603e-03 2.0977602290e-01
4.8788609611e-02 -8.0136046200e-02 1.9841274587e-01
-7.7770380468e-02 -8.9222415763e-02 1.6482457133e-02
-2.9082092162e-02 -8.6887472207e-02 -8.5191315634e-03
-2.0541536820e-02 -7.5427615216e-02 -1.8089928249e-02
9.6143578382e-02 5.8033084603e-02 1.7963514768e-01
3.0901566382e-01 8.7746709641e-02 3.7445264253e-01
1.4095121428e-01 4.1937548143e-02 1.3525783691e-01
-5.8583294276e-02 -7.2664573633e-02 -1.4131592598e-01
2.2258956332e-03 -9.2295209276e-02 -1.2131621990e-02
2.6292080777e-02 -7.8153405108e-02 5.7383300096e-03
4.4513315236e-02 -7.8402315096e-02 -1.0477286966e-03
7.6685882016e-02 -7.7720545189e-02 -2.9644216094e-03
8.1097065847e-02 -6.6918226775e-02 -3.2011929799e-03
6.4423738931e-02 -7.5498259680e-02 2.6975708573e-02
-1.3155897162e-02 -1.4491926077e-01 7.6902499990e-02
-9.0768591021e-03 -1.1935082767e-01 3.7277773743e-02
3.1531052857e-02 4.5584476424e-03 -1.3242529307e-02
8.6770546340e-03 -3.3448560745e-02 -1.5403528989e-02
-2.4260461453e-02 -6.7383205074e-02 -1.8264311145e-02
2.2758557925e-01 1.1526380934e-01 4.6167227518e-01
2.5044120267e-01 1.3375339894e-01 3.6919622753e-01
-1.1319797537e-01 -2.3321306830e-02 -2.3018909928e-01
-5.8936286779e-02 -9.6913645144e-02 -1.1474826742e-01
4.3977630602e-02 -1.2030492655e-01 2.8911254827e-02
3.1407580481e-02 -1.1371137850e-01 3.9179928388e-03
3.0937082680e-02 -9.8492941705e-02 -1.7425741070e-02
6.5956734193e-02 -9.6625323941e-02 -1.4014717029e-02
7.7903696551e-02 -7.9535269144e-02 -8.9547852458e-03
5.5858575154e-02 -9.0154334769e-02 5.6678835192e-03
2.7021981114e-02 -1.7825590278e-01 7.1852411155e-02
1.2970923506e-01 -2.2311842797e-03 4.9743112972e-02
2.7176263909e-01 4.3177003996e-01 -7.7882379563e-02
1.6607059980e-01 2.5995587751e-01 -1.3654903020e-01
-1.7479686466e-02 -3.4551086989e-02 -3.9450616708e-02
2.2947272787e-01 2.0604175677e-01 5.6881273293e-01
9.1703194587e-02 2.1597523901e-01 1.1659617355e-01
-3.1884517780e-02 3.5794081222e-02 -2.3103594436e-01
3.6428118450e-02 -9.7144523105e-02 -6.7391471919e-02
3.5706652088e-02 -1.3784617122e-01 4.5090114944e-03
1.0995953542e-02 -1.0459618655e-01 -1.7360142042e-02
8.7964203867e-02 -7.2938360113e-02 -2.1271582533e-02
1.7110185910e-01 -2.2253412274e-02 -2.1708755137e-02
1.1586164639e-01 -1.3268397478e-02 -3.3154905489e-02
8.1923879252e-02 -5.5740183974e-02 6.7114609861e-03
8.2681311680e-02 -2.5137077151e-01 2.4936574656e-01
-8.7530433829e-02 -3.9294403705e-01 2.0491002067e-01
-7.7768782432e-02 3.0139251807e-01 -1.3601487136e-01
1.5519680564e-01 4.6233036532e-01 -2.2279717947e-01
3.9940257540e-03 -3.7018524732e-03 -1.7195062602e-02
-2.1600560147e-02 2.7886110303e-01 5.0191077350e-01
-6.4198513341e-03 3.1660840818e-01 1.8150744982e-01
4.1568773652e-01 -1.1815996784e-01 -1.9222348982e-01
2.8220856797e-01 -2.1262106397e-01 -1.1698586140e-01
-2.3089436421e-01 3.8052753749e-02 -1.7373617819e-02
-1.2941393785e-01 5.2102423212e-04 5.8710508193e-03
6.1201226899e-01 -6.3977874910e-02 8.8924824497e-02
4.3813234687e-01 1.0021943623e-01 7.4045310876e-02
-2.9244669642e-01 -2.7063597269e-02 -1.6974370693e-02
-9.3535855092e-02 -1.2672783109e-01 9.3582165506e-02
2.8646208705e-01 -3.1972370590e-01 3.8676022774e-01
4.8460688203e-01 -2.5841411237e-01 -1.1254927749e-01
-3.6406689222e-01 4.4812306525e-01 -5.3051278138e-01
-1.7537201558e-01 3.7872426572e-01 -2.0814641489e-01
-2.8991769833e-02 -2.7804453525e-02 2.5833935836e-02
-4.6875707176e-01 3.7428760442e-01 6.0814693145e-01
-8.0286558567e-01 5.6056915861e-01 5.9356691962e-01
-4.2862414982e-02 1.6998229714e-02 7.3710758778e-03
3.3749030606e-01 -9.0007572816e-02 -5.7877085747e-02
-1.3014562314e-01 8.2315823361e-02 -8.8453737551e-02
-8.0569907355e-02 -3.7072192119e-02 -8.9797792554e-02
6.4603691267e-01 -1.5832554304e-01 8.5836837045e-03
2.4531609476e-01 -7.5263844959e-02 -1.4443132705e-02
-5.1285534768e-01 -1.7720302595e-01 -3.9927049197e-02
-8.8783323862e-02 -1.9664971699e-01 1.4611784278e-01
-3.2641931896e-01 -3.9953601085e-01 -6.3447596001e-02
5.6465121580e-01 -1.3832780676e-01 -4.6407875201e-01
1.6050128910e-01 3.2578251833e-01 -3.4052472378e-01
-1.7872098785e-01 9.1492037053e-02 -9.0807041433e-02
-2.3001716512e-02 -7.3578325374e-02 2.4244951950e-02
-2.7401310665e-01 9.1244576621e-02 1.3843018102e-01
-1.0024682171e+00 3.6145913798e-01 2.4084918523e-01
-1.2788345836e+00 1.4264354967e-01 -2.5988497200e-01
-4.9493321234e-01 -1.6928051058e-02 -4.8233742087e-01
1.6531930377e-01 3.6404941840e-02 -2.3342682000e-01
2.6854846042e-01 -4.0007058088e-02 -1.0060270721e-01
1.9404277811e-01 -9.7832296399e-02 -4.0916789710e-02
1.3097816158e-01 -1.2986391399e-01 -6.0404326071e-02
1.3180250605e-01 -9.5705273699e-02 -4.0311696992e-02
2.2114298876e-01 -8.1762305198e-02 6.8929183726e-02
-3.0391807666e-01 -2.4464983642e-01 -4.7539126136e-02
2.8681082411e-01 -2.0249439952e-01 1.3319658950e-01
1.8619003506e-01 -6.4593130326e-02 1.2632561262e-01
-5.7263718402e-02 -7.0340085377e-02 1.2020757651e-02
-2.3668930404e-02 -6.4644251562e-02 4.5871381829e-03
-7.2448678285e-02 -2.8828090531e-02 -3.3061923581e-02
-3.4726356996e-01 -1.1149954896e-02 -7.7767519368e-02
-4.6805007696e-01 -5.4731790964e-01 -8.0637742678e-01
-3.5077667502e-02 -7.8207286138e-01 -1.1568539426e+00
1.9294753085e-01 -1.3615476998e-01 -6.8810994866e-01
7.4966811454e-02 -5.5458799305e-02 -2.6352275794e-01
-5.9613988521e-02 -4.8154497945e-02 -8.3007256659e-02
-6.6678069717e-02 -4.8658906742e-02 -4.3819896577e-02
-2.6724863833e-02 -4.0462665040e-02 -4.5850152540e-02
1.0838878009e-02 -3.9577906748e-02 -4.7172989763e-02
-3.9791185958e-02 -4.0033393089e-02 -7.1975593564e-02
2.5194587219e-03 -6.7275969761e-02 3.2593475127e-02
-3.2640530416e-02 -5.7645986033e-02 2.6995527080e-02
-2.0248739187e-02 -7.0088898194e-02 -1.0197765803e-02
-7.6919376734e-03 -6.7577108340e-02 -3.5188759659e-03
-4.8620073182e-02 -1.6916053217e-02 -1.3778277549e-02
-1.1990874884e-01 -2.3151554112e-02 -7.0140533988e-02
-2.0719796036e-01 -2.4331965082e-01 -2.0304284994e-01
1.5383812464e-01 -5.7523804235e-01 -4.7696429545e-01
5.5770301778e-01 -5.5904353748e-01 -7.9139857667e-01
1.4222021717e-01 -4.4554502303e-01 -5.0654926728e-01
4.6099021041e-02 -3.5497059938e-01 -4.1988218766e-01
-2.6417896075e-02 -1.4149022582e-01 -9.8281707687e-02
-8.0842618644e-03 -4.7983146735e-02 -2.0174397376e-02
1.2709255155e-02 -3.2766374040e-02 -6.1161860668e-02
4.1703819722e-02 -2.6949173965e-02 -7.3591334122e-02
7.6029406788e-02 -4.5310538068e-02 -2.3720729211e-02
4.3913858168e-02 -4.4639405439e-02 -1.2688555053e-02
4.6597311269e-05 -4.6304293969e-02 2.8563846500e-04
-8.3117114127e-03 -5.9229026982e-02 3.9449760966e-03
-7.7328529640e-02 3.6045346142e-02 3.0114363033e-02
-3.7953060560e-02 3.7840420208e-02 -1.8648154604e-03
-5.4372102430e-02 2.9453353891e-02 1.3719889504e-03
2.9131495394e-02 -1.2329195514e-01 -1.2722987878e-01
2.3773841227e-01 -2.8035886535e-01 -3.2156727818e-01
3.9613635167e-01 -5.7124495289e-01 -5.0452310017e-01
5.9034599813e-01 -8.2903223269e-01 -8.6463612027e-01
2.1896474769e-01 -2.6994582451e-01 -1.6197877187e-01
9.5108505307e-02 -5.6284466716e-02 9.2182637762e-02
4.0241843642e-02 9.9175032868e-03 2.9142133483e-02
3.8789157105e-02 3.4793997728e-02 8.7239544084e-03
-4.3324175849e-02 -1.3291548371e-02 1.5364523385e-01
1.5157258654e-02 -5.2520727673e-02 4.1972749318e-02
6.8922775919e-02 -3.1916164157e-02 -5.3382145261e-02
-9.7590095231e-03 -4.5477386977e-02 -6.2381944896e-03
-7.5866206845e-02 4.0542525522e-02 3.9532496529e-02
-1.8461019777e-02 3.8006708287e-02 1.8136653454e-02
-1.1212359064e-02 3.0834496153e-02 3.6056718592e-02
2.7923783014e-02 8.3211548663e-03 1.1284849715e-02
4.6868352621e-02 -1.8292596968e-02 3.9891607389e-03
1.2236781984e-01 -2.0773699026e-01 -2.0867501368e-01
3.1079974448e-01 -3.6154080805e-01 -2.8762234181e-01
3.6212897378e-01 -1.1423393117e-01 2.3571662019e-01
2.1308987109e-01 -2.0706179105e-02 3.6170202468e-01
2.4157659260e-02 4.6659101039e-02 9.5636639984e-02
2.6534092384e-01 -1.4464230163e-01 3.3008073243e-01
-5.0496708081e-01 -1.5659294682e-01 8.5295456500e-01
-5.5208666326e-01 -9.0808155756e-02 2.8267600185e-01
8.9868165984e-02 -5.8823602443e-02 -3.5609391717e-02
5.3637760147e-03 -4.8793472065e-02 -3.6353708517e-03
-7.8751898572e-02 1.8721214755e-02 2.1990588889e-02
-4.0617925364e-02 6.4390709553e-03 -1.7575157040e-02
-3.7552834296e-02 5.5542619652e-04 2.4083878710e-02
3.7190526533e-03 -5.2101981000e-03 8.3652223923e-03
3.3019352587e-02 -1.1640589120e-02 2.3660313526e-02
5.1204319193e-03 -2.1934547808e-02 -5.6714473268e-03
6.3627118142e-02 8.5382835174e-02 1.5707535200e-01
1.2489169889e-01 3.2335411261e-01 7.4923079511e-01
-7.4860019308e-02 3.5224401402e-01 7.0361769828e-01
-1.2069781444e-01 2.9928801619e-01 2.8425112649e-02
1.9093265123e-01 9.1052304506e-02 2.3377458539e-01
-8.9709329314e-01 2.9775602182e-02 1.5142873291e-01
-1.2059212155e+00 7.4358438662e-02 -3.8307326896e-01
-3.1921951311e-02 -5.4631610343e-02 -8.3610608570e-02
-1.6441200789e-02 -3.9656297888e-02 8.5077933434e-04
-5.5194029814e-02 -3.4783749457e-02 9.9686686724e-03
-1.2335919831e-02 -4.6536958485e-02 -5.1858228300e-02
-1.8105587036e-02 -5.3782427357e-02 -1.5052741982e-02
1.3179846560e-03 -6.6585727510e-02 -5.9173518381e-02
2.8262810746e-02 -6.5884992384e-02 -2.6108688421e-02
5.1641527487e-03 -6.9488060612e-02 -4.7035043540e-02
-2.3037485145e-02 2.3867033292e-03 6.2510349135e-02
-2.1829870976e-01 3.0311890593e-01 5.5038231133e-01
-9.7828300233e-01 7.8598616457e-01 1.0260892899e+00
-1.9053318313e+00 1.0965238837e+00 1.4053635505e-01
-1.4353676183e+00 7.7754487225e-01 -4.8119846988e-01
-7.5616331632e-01 2.4255105664e-01 -4.5285801491e-01
-5.2584466209e-01 3.9861439522e-02 -3.9665654483e-01
-1.7603699945e-02 -5.5791645403e-02 -2.9383617733e-02
-7.1613049539e-03 -6.1382556891e-02 1.9309063332e-02
5.7340034295e-02 6.2880188300e-02 -7.8217006102e-03
3.8504677606e-02 4.7068448588e-02 -1.3116230328e-02
2.5949150965e-02 3.4040471904e-02 -3.4157048181e-02
6.3329617257e-02 2.3533655961e-02 -1.0120705721e-02
4.0945040072e-01 -7.5467345917e-02 2.3668048412e-01
1.1015740556e+00 -2.3379831557e-01 5.6695843175e-01
1.6193496454e+00 -3.6974933844e-01 6.6844784298e-01
1.9289258838e+00 -4.6943120308e-01 5.6479778615e-01
1.9836919583e+00 -5.1342706284e-01 1.7917623876e-01
2.0350181792e+00 -4.4833263689e-01 -4.2978694900e-01
1.4785440441e+00 -2.2347025181e-01 -7.4342269216e-01
3.1932941589e-01 -1.1807217954e-01 -1.5942983536e-01
-7.5949356019e-02 -1.1360740726e-01 1.0679250625e-01
-6.9857575217e-02 -1.3325787625e-01 8.1910259119e-02
-5.3649089049e-02 -1.0358625262e-01 2.1031712984e-02
6.2953319964e-02 8.4805739990e-02 1.8195160768e-02
7.1408929319e-03 5.3570795301e-02 1.2220729851e-02
3.1588786231e-02 1.4632312777e-02 2.0225726698e-02
3.3680615441e-01 -2.1241682177e-02 2.1940605288e-01
9.7472106487e-01 -1.0642544860e-01 6.7050570262e-01
9.4151863414e-01 -1.5975624618e-01 5.6122905126e-01
4.3965504346e-01 -1.5064307051e-01 1.7543839746e-01
7.6594516551e-02 -1.2599936352e-01 1.7524388384e-03
-2.9592956043e-01 -7.7090968705e-02 1.3534615003e-02
-1.8125857488e-01 -6.6901980445e-02 1.4905620173e-01
3.4837187808e-01 -4.8087680442e-02 7.3622658416e-02
9.0217622370e-01 -1.1594365507e-01 -3.2091153051e-01
1.5831719415e-01 -1.0209857381e-01 -1.1796556581e-01
-2.5572765768e-02 -1.2228704179e-01 4.9865225602e-02
-1.9908090106e-02 -9.2512944887e-02 1.1232437027e-02
5.9973372407e-02 7.9508158575e-02 2.7303774464e-02
4.3814476066e-02 2.3590394626e-02 1.4549786629e-02
2.1111801810e-01 -4.6802405306e-03 1.8115994810e-01
5.8491791556e-01 -4.3000433688e-02 3.9414811830e-01
3.7936996891e-01 -7.7277093374e-02 2.5885495864e-01
1.1503787261e-01 -6.6789191557e-02 4.8906135785e-02
2.1909913175e-02 -6.4647150273e-02 -2.3068339923e-02
7.5554790825e-02 -7.1154952384e-02 -3.0802949147e-03
-2.7460481996e-02 -2.9097426455e-02 1.3050402444e-02
-6.2681083131e-03 -2.3218573714e-02 1.4662576656e-01
4.9270452244e-01 -1.6745359209e-01 3.2968320842e-01
9.1858556017e-01 -3.0120449690e-01 2.0374068711e-01
9.3401426958e-02 -1.0184946783e-01 -3.2118746916e-02
-4.2067510422e-02 -6.8888174108e-02 2.1631738956e-03
-2.9763254715e-02 -7.4908121886e-02 -8.2517849758e-03
4.8524850087e-02 1.0092752455e-01 6.1311457606e-02
1.4425203604e-01 2.4898025413e-02 8.0350414708e-02
2.9642446949e-01 2.7298265108e-02 2.2619121657e-01
1.0915587160e-01 7.0550187591e-03 -4.0817186185e-02
-1.4133566609e-01 1.9129952851e-02 -1.8881091106e-01
-7.6049677404e-02 -1.5196344194e-02 -1.0045499920e-01
1.4349378479e-02 -4.9626607359e-02 -2.8747103655e-02
1.2418815436e-01 -9.6553783178e-02 7.8645130423e-03
1.1786080526e-01 -6.3814598812e-02 1.3184356243e-02
1.0639101269e-01 -3.3254012223e-02 3.0255847356e-02
1.9340526904e-01 -1.3652696157e-01 1.4606312579e-01
1.7651352099e-01 -3.1442551669e-01 2.7276240849e-01
-9.2582133084e-02 -1.2894110244e-01 8.0881972166e-02
-2.9398876224e-02 -6.6073056818e-02 -6.0443252113e-03
-2.0282447595e-02 -8.0626489088e-02 -2.3970680403e-02
6.6220857500e-02 4.8551090782e-02 1.0911346773e-01
1.4977325806e-01 -4.4572300210e-03 1.3659473258e-01
-8.2481656045e-02 3.8473980443e-02 -1.8444531475e-01
-2.3985967301e-01 7.0209410074e-02 -3.4552230966e-01
-1.3601536954e-01 1.7033802964e-02 -1.5331479562e-01
5.5058920773e-03 -3.9743760157e-02 -3.1776692892e-02
5.2312926654e-02 -6.6625495070e-02 -1.2699597655e-02
9.8877219983e-02 -9.4152330834e-02 -5.6269859796e-03
9.8191113598e-02 -7.3964048545e-02 -9.4691006466e-03
7.9022607757e-02 -2.2614528852e-02 7.2084742528e-03
2.3285835528e-02 -3.5268658256e-02 1.6013090218e-02
4.8257488475e-02 -7.5710609271e-02 6.8364218017e-02
1.6548907900e-01 1.6561265906e-01 7.5813557738e-03
1.5524372787e-01 1.7628784660e-01 -1.5808819132e-02
-9.1411554302e-03 -4.2466691539e-02 -3.0872357077e-02
1.6894965207e-01 2.6424981826e-02 3.1381552156e-01
-3.3020993594e-02 6.0048409172e-02 -9.5912216159e-02
-4.3866830180e-01 1.0866508388e-01 -6.3676973696e-01
-2.1052098601e-01 1.5753586810e-02 -2.6707256853e-01
-3.0094584176e-03 -6.8515756805e-02 5.1083613561e-03
3.6168068479e-02 -8.5631659015e-02 6.5414190291e-03
3.9848455153e-02 -8.8025078437e-02 -8.2183147135e-03
1.3248187663e-01 -6.7654531252e-02 1.2368662062e-02
1.9475048487e-01 -1.2843923120e-02 1.9660271785e-02
1.3838800012e-01 -1.8612094133e-02 -6.3186333733e-03
2.7342092978e-02 -3.4590332318e-02 1.1049630093e-01
1.4592236592e-01 1.5186069317e-01 3.7487911011e-01
5.8053277457e-01 8.9425187041e-01 1.7241366239e-01
5.3761524385e-01 8.3911335537e-01 -1.6441063165e-01
5.4685526182e-02 9.1950052606e-02 -7.3702202214e-02
1.6148945108e-01 5.8190103367e-02 2.8638324220e-01
-2.5640323691e-01 1.7671651729e-01 -6.1223938380e-01
-3.1211847749e-01 1.1118886229e-01 -6.6620444344e-01
-1.0688322984e-02 -6.0300392507e-02 -8.9569478338e-02
4.5692058683e-02 -9.2181828436e-02 3.8835523779e-02
3.5698619676e-02 -5.9963938391e-02 5.5469165613e-05
1.9058438193e-01 3.0551321981e-02 6.8703308886e-02
7.4701579448e-01 3.3737619983e-01 2.1295100114e-01
8.6389413014e-01 5.3706847952e-01 5.3946600144e-02
4.2143020090e-01 2.6048321442e-01 -8.6398988426e-02
2.4041582858e-01 -2.5338074988e-02 7.3408917644e-02
4.0817635909e-02 -5.0608555140e-01 4.3492407607e-01
-7.1611630535e-02 -3.3011904772e-01 6.4208706904e-01
1.8222957044e-01 3.1946147404e-01 1.4432027889e-01
5.0572422909e-02 6.5737590364e-02 3.3672524232e-02
-1.8941335959e-01 1.0372188666e-01 5.1051532056e-01
-4.5124832207e-01 2.5508771373e-02 7.3479894519e-03
-4.6995482789e-02 -1.3492095649e-01 -2.4057495618e-01
7.5109579924e-02 -1.3873696944e-01 -5.9837415378e-02
-2.2996071464e-02 -4.3479495239e-02 2.2536737320e-02
3.4989940016e-02 4.4692232781e-02 6.1162293713e-02
6.1052068808e-01 2.4573458272e-01 2.9653055669e-01
1.2757407278e+00 6.7653338827e-01 4.2630583358e-01
7.1529658933e-01 6.3407417038e-01 8.0107591985e-02
2.6048283394e-01 2.5961521745e-01 -3.7118903700e-02
3.2046976130e-01 3.4790582056e-02 -1.6715513688e-01
5.7000090373e-01 -3.1226964773e-01 3.6556769602e-02
1.1843705861e-01 -2.2809014102e-01 2.8844150210e-01
-7.9485273156e-02 9.4702663166e-02 2.0724748469e-01
1.0117626948e-02 2.4388747701e-03 1.5102136715e-01
-5.0774227085e-01 1.1634352183e-01 7.5206974216e-01
-7.0863141336e-01 -1.7341918431e-02 5.7832083203e-01
-3.7383411458e-01 -1.8305780691e-01 -5.8771622949e-02
-4.8647846720e-01 -1.1932169988e-01 -1.3537012928e-01
-3.8613052915e-01 4.5216633574e-02 -5.7815311886e-02
-2.1879265454e-01 7.6462700057e-02 -5.7314708261e-02
1.3213315925e-01 6.8004549156e-02 4.3554939850e-02
2.4181578122e-01 8.1637439838e-02 5.8223173068e-02
-9.4374611274e-02 -1.8056268122e-02 3.7427776665e-03
1.5141047829e-01 2.0469171492e-02 1.5023904326e-01
-3.8367656511e-01 -8.0223009821e-02 -4.9022039946e-01
2.0407576158e-01 -3.4535521558e-01 1.0124405441e-02
-5.7440354184e-02 -2.8454078240e-02 4.2309665792e-01
-3.9223601766e-01 1.1817444638e-01 -5.7818709747e-02
-2.7098783133e-02 -4.7668289607e-02 4.3281963515e-02
-9.5118263103e-02 -2.9022782886e-02 1.1241940144e-01
1.0678904164e-01 -2.6383183832e-02 5.4540533191e-02
-2.5684150438e-02 -6.6531481897e-02 -4.1072887694e-01
-3.8850502621e-01 -1.1748126775e-01 -4.2910323096e-01
-1.2419001510e-01 -2.2343688966e-02 -1.4921838586e-01
1.1800894397e-01 7.8253659718e-03 -6.4343323909e-02
-6.8669192864e-02 -2.3072553852e-02 -6.2946884484e-02
-2.3240282708e-01 -9.5371168491e-02 -5.3035033973e-02
-6.1250487928e-02 -7.0705364922e-02 3.2963238865e-03
3.1776046978e-01 3.9817546499e-02 1.3564831414e-01
9.9990274304e-02 -3.3938221332e-02 -1.4327297405e-01
7.0476288566e-01 -2.5024782144e-01 2.4532752888e-01
3.5711753340e-01 -1.8253114992e-01 3.3376403547e-01
-1.2592452913e-01 -3.1772825258e-02 1.1032031825e-02
-2.8038652720e-02 -5.8351774800e-02 -1.5494190859e-03
-7.2603348778e-02 -3.7017122208e-02 2.3299260516e-02
-3.0621618594e-01 -6.7730224965e-02 2.1670573222e-01
-3.1796585064e-01 -6.2001149446e-01 -3.3427184591e-01
-1.1306655639e-03 -8.0087075974e-01 -7.8258833037e-01
2.0329835594e-01 -2.8730736254e-01 -3.8502638033e-01
1.0392942098e-01 -4.5689032936e-02 -1.0266446007e-01
-4.2726009640e-02 -5.6252857201e-03 -2.9595151588e-02
-8.9282712979e-02 -5.4262904617e-02 8.2154200308e-03
-6.2098960239e-02 -3.9591511211e-02 3.4739780624e-03
1.2404162519e-02 -3.5644822253e-02 1.5819766261e-03
-2.5570867465e-03 -4.6145240123e-03 1.8180825546e-03
5.6695213891e-02 2.3911650317e-02 9.6025896034e-02
1.9971243799e-02 3.3006675013e-02 1.3899419964e-03
-1.0425769141e-03 -2.1840729982e-02 -2.7784993679e-02
-4.0337186824e-03 -6.3441226431e-02 -1.2049636444e-03
-4.4818459645e-02 4.0774892731e-03 -1.7471308284e-02
-3.1093171025e-01 -4.6237273978e-02 4.0239705999e-02
-4.9005664616e-01 -2.9731952402e-01 -6.3833281106e-03
2.3606428874e-01 -8.3794437525e-01 -4.9429512510e-01
6.2680575031e-01 -9.1542001534e-01 -7.3627094052e-01
2.4579981583e-01 -3.4261362815e-01 -3.7950290294e-01
1.0454773378e-01 -1.1087721219e-01 -1.4057046520e-01
-4.1925599828e-03 -4.1858577992e-02 -1.1013836507e-02
-2.2549962729e-02 -2.5565845524e-02 -9.5307881804e-03
-8.8767491938e-03 -1.7147188388e-02 -3.0449656904e-02
4.3019877753e-02 1.0214486939e-02 -1.6350780722e-02
3.0154164878e-02 -2.3854513932e-02 6.7773221600e-02
2.5215095983e-02 -5.9433902474e-02 3.1988456114e-02
2.5823010786e-02 -4.1200698924e-03 -1.1893886865e-02
-7.2484046469e-03 -4.8713942644e-02 -9.9128657629e-03
-7.3485592223e-02 6.1232012197e-02 4.2212229428e-02
-6.1309144408e-02 5.1058632556e-02 3.5807448561e-02
-1.2563005296e-01 5.5415463788e-02 -4.2701505280e-03
1.5845395161e-01 -2.3770390935e-01 -2.8502334691e-01
4.4344274213e-01 -5.5708982961e-01 -4.1980072306e-01
2.6355923144e-01 -5.1876609338e-01 -4.0881627435e-01
2.4945733004e-01 -4.0106078120e-01 -4.7953564101e-01
1.3865329080e-01 -1.0785012737e-01 -9.4628864336e-02
5.9018714103e-03 5.1545499536e-03 2.6724273961e-02
3.0348595163e-02 1.4947834746e-02 1.9473643169e-03
3.9785754113e-02 -7.6650232253e-03 -1.2136300103e-02
-1.5668074263e-01 -3.8593042365e-01 2.9365504338e-01
-1.1910238545e-01 -4.7439959453e-01 2.5174889109e-01
7.6327221694e-02 -4.5407044506e-02 -5.7910778921e-03
1.4873974624e-03 -3.9160602824e-02 -2.0966738798e-02
-7.4499840405e-02 5.2943292630e-02 4.5955802836e-02
-2.1336010072e-02 3.5101044880e-02 3.4867552958e-02
-1.5716217615e-02 3.8538424849e-02 2.6376517631e-02
8.9753402939e-03 1.3254690633e-02 -3.0365504082e-02
2.8069832321e-02 5.0540638752e-03 -6.3604836629e-02
-1.3568543040e-02 -1.2722075898e-01 -2.0836593087e-01
2.1929482209e-01 -2.0404693042e-01 -2.5698993727e-01
1.4409642179e-01 -6.9869834325e-03 7.2668631349e-02
-4.0635049590e-02 4.0357443536e-03 1.6449212986e-01
1.7998419418e-03 -8.2288433640e-03 8.8591127769e-03
1.1439823637e-01 -6.0583834823e-02 2.7229986064e-01
-3.0609749270e-01 -3.6654091947e-01 1.0062274374e+00
-5.3911503744e-01 -3.9801904592e-01 2.6876053858e-01
6.0400061378e-02 -4.5471941683e-02 -1.0725329167e-01
7.7999047099e-03 -4.4632530481e-02 -1.5503126060e-02
-8.9812311539e-02 3.4742368892e-02 5.3132108427e-02
-5.2707042043e-02 2.0791578432e-02 4.4891155750e-02
-4.3922082788e-02 5.9913598313e-03 5.7565703839e-02
2.7200238456e-03 -3.9229363881e-03 3.7462607778e-02
1.2221455067e-02 1.2264034612e-02 1.6044502903e-02
-2.6690509593e-02 4.2217401940e-02 3.1556345460e-02
1.1588161207e-01 2.3022518296e-01 3.4105009520e-01
-2.9295347052e-01 3.4365091236e-01 7.5977954384e-01
1.0868669833e-01 3.2354715919e-02 3.2697742375e-01
8.4382162297e-01 -1.3379408473e-01 -8.0878721906e-02
5.3972847848e-01 -6.8446828385e-02 1.8232072978e-01
-2.7113446499e-01 -1.5488599868e-01 1.8665941514e-01
-8.1566778494e-01 -8.0192567578e-02 -4.0994707643e-01
-5.4699160291e-02 -3.7499665832e-02 -1.3820491938e-01
-1.8169115845e-02 -4.2429314184e-02 7.1318268736e-04
-5.2260385676e-02 -1.6582772917e-02 4.8590424370e-02
-1.8422882405e-02 -4.5570203529e-02 -1.0435465489e-02
-1.4097428288e-02 -5.3320299260e-02 1.6869655996e-02
-2.3690853341e-03 -6.2084503316e-02 -1.6610075793e-02
1.9060112677e-02 -4.9658060100e-02 4.2251490681e-03
-7.3758551376e-03 -4.3816696339e-02 -2.2044925045e-03
-1.6084683601e-01 8.4724366128e-02 2.5691775555e-01
-6.9672462607e-01 2.6189503504e-01 9.3319714613e-01
-1.4965039891e+00 2.3231567716e-01 9.9147713581e-01
-1.9246201931e+00 2.1794589364e-01 2.9048084886e-02
-1.6210121515e+00 1.7015910560e-01 -7.3916472598e-01
-6.7135588135e-01 -1.6093621064e-02 -5.6675053799e-01
-4.1772561393e-01 -3.9127885891e-02 -3.5746037673e-01
-1.9341782035e-02 -5.6603712946e-02 -1.3447785540e-02
-1.1669670042e-02 -6.1853496773e-02 2.3865715802e-02
9.5632684513e-03 8.4624840632e-02 1.0197340090e-02
7.5211256418e-04 9.8955271611e-02 -2.8028428712e-02
-4.1405485031e-02 7.5256561400e-02 -7.0016259208e-02
2.9573779878e-02 5.5284368665e-02 -1.0010747343e-01
2.4032885861e-01 -7.7363783718e-02 5.0383562548e-02
6.6553018653e-01 -3.1054354490e-01 2.8028005391e-01
1.1354649416e+00 -6.0984229875e-01 4.2462992030e-01
1.3787162049e+00 -7.6250385712e-01 3.6457502737e-01
1.3622377653e+00 -7.5785391600e-01 1.4144471729e-01
1.6172247948e+00 -6.9649575408e-01 -1.8349296485e-01
1.5651071216e+00 -5.0578119397e-01 -6.2630003351e-01
5.0442409089e-01 -2.4049580440e-01 -3.1969967824e-01
-1.1048219353e-01 -1.2820601477e-01 9.7171172779e-02
-1.0265047959e-01 -1.5129163572e-01 8.2538045399e-02
-7.1184252893e-02 -1.2451046736e-01 3.2757946048e-02
3.5816189780e-02 9.1199107620e-02 2.9890108975e-02
-3.0712999684e-02 8.4610622038e-02 -1.5186464632e-02
-1.4843599651e-02 3.8317766907e-02 -2.9760342573e-02
2.3200365835e-01 -1.0993825576e-02 6.3366222473e-02
7.7391213642e-01 -2.4934282295e-01 4.4353225047e-01
8.6436845633e-01 -4.0499077463e-01 4.5948611172e-01
5.5272842295e-01 -4.0416329588e-01 2.5265229444e-01
3.6184472856e-01 -3.1380418603e-01 1.0401336834e-01
7.8209938885e-02 -1.4157915300e-01 5.2722207267e-02
1.2281231286e-01 -8.3486962803e-02 1.4880587741e-01
5.8497893108e-01 -1.6896932046e-01 -1.9709112751e-01
1.0041513278e+00 -3.9287072089e-01 -8.3107818342e-01
1.7119654575e-01 -1.8918029238e-01 -2.2431577151e-01
-6.5677362451e-02 -1.4788360980e-01 6.8915496282e-02
-5.3123374994e-02 -1.2617187890e-01 4.0210052376e-02
1.8539713799e-02 7.3992801600e-02 3.3686630052e-02
-8.1653684861e-03 6.7529326137e-02 -3.9863066394e-02
1.0110809560e-01 -1.8696228675e-02 4.1354673954e-02
5.0356300995e-01 -1.3369661017e-01 2.4609549450e-01
4.1568819509e-01 -1.5978697636e-01 2.1278285192e-01
-4.3597210028e-02 -7.6358764799e-02 -3.8956830514e-02
-1.4679168297e-01 -7.0585712027e-02 -4.2548252507e-02
-1.3294760419e-02 -7.0381465857e-02 2.8567754419e-02
-2.6902481698e-03 -2.2551155883e-02 2.8914136342e-02
-4.4548004990e-02 -1.2924787007e-02 1.9356809823e-01
1.9028661079e-01 -2.7196310990e-01 2.6673951093e-01
9.2257932926e-01 -7.7761200424e-01 -3.3092064900e-01
3.7710049514e-01 -3.4574024063e-01 -4.1488130945e-01
-6.2963220631e-03 -8.5077164931e-02 -6.2059324562e-02
-5.9191332868e-02 -9.2852256581e-02 -4.8084061354e-03
4.8476517090e-02 6.3214715530e-02 5.4604062778e-02
9.5717091954e-02 1.7130039576e-02 4.2128339524e-02
3.1409734290e-01 -5.9623439574e-02 2.0776991495e-01
7.6935440360e-02 3.5131924345e-03 -6.9051574346e-02
-3.9666315324e-01 1.9393060332e-01 -4.1034457929e-01
-3.6076361535e-01 1.4379927255e-01 -2.8734845862e-01
-8.4570123319e-02 -2.7598446629e-02 -7.2849292508e-02
1.8034466289e-02 -6.2664610876e-02 -1.4207632983e-02
2.9409482002e-02 -5.4871007234e-02 -1.1301071657e-02
6.6837803184e-02 -1.1322183476e-01 4.8725399468e-02
1.0280091783e-01 -3.9322944620e-01 1.6237433149e-01
3.2842093678e-01 -9.1310917752e-01 7.1026974997e-02
4.4591104222e-01 -4.8593279016e-01 -3.2043457490e-01
2.2593795721e-01 -3.6744791021e-02 -1.8836846755e-01
-3.0547445373e-02 -8.3673331088e-02 -4.2553967177e-02
5.6060959962e-02 -3.6887704531e-03 1.0035280754e-01
1.5430143970e-01 -6.0551911368e-02 1.6333265215e-01
-2.7235659267e-02 4.7287314107e-02 -1.2514800175e-01
-5.5965099486e-01 2.9862885934e-01 -6.2114287319e-01
-5.2927742185e-01 3.1293283727e-01 -5.1355706872e-01
-1.6306799943e-01 6.7154356216e-02 -1.5875365300e-01
1.2818946339e-02 -4.7477596693e-02 -2.9296579883e-02
7.4625564787e-02 -2.3486177133e-02 -1.2903422831e-02
9.1367080501e-02 7.6801308863e-02 -1.1593768427e-02
8.2318587614e-02 1.4578165757e-01 2.4474892037e-02
-2.4941063815e-02 -1.3688206568e-01 1.9132899189e-02
-6.6917571989e-02 -6.4989007641e-01 -6.5050530059e-02
6.9877891915e-02 -3.2432871117e-01 -1.5977895755e-02
1.8142907554e-01 1.3492450338e-01 1.8529763630e-01
-3.5196665343e-02 -3.7182365977e-02 1.7459826988e-02
1.0321613273e-01 -5.3587977204e-02 1.9680465878e-01
-7.6206987839e-02 3.0285161599e-02 -1.4527089772e-01
-5.6673676004e-01 2.8630732706e-01 -7.8289108399e-01
-5.7366069022e-01 3.2119874133e-01 -6.5122302118e-01
-1.7810157566e-01 8.4929195238e-02 -1.8809546861e-01
1.4800366914e-03 -5.0598611852e-02 -1.4887006191e-02
9.2684171923e-02 1.0088573604e-02 4.1288606400e-02
3.2102130370e-01 1.7406978709e-01 1.3393857817e-01
5.3981185558e-01 4.4035262483e-01 1.0091005592e-01
3.9789775926e-01 4.6259933621e-01 -2.0991890349e-03
1.9285155372e-02 -5.3484731621e-02 1.0235387793e-01
-1.4486383505e-01 -3.9288073487e-01 2.2730018724e-01
-2.1450553520e-01 -3.4569051237e-01 6.3926716976e-01
-2.4747657299e-02 1.4009937866e-01 5.1873560588e-01
-3.2221072059e-02 2.2970094806e-02 4.2288576035e-02
1.0581249582e-01 -5.7078018689e-02 8.7680355289e-02
-3.4811217585e-01 1.5153666033e-01 -6.6535662912e-01
-5.3058979300e-01 2.3822171437e-01 -8.0149650769e-01
-1.4035905614e-01 1.1138277907e-01 -2.3323516873e-01
3.2572681735e-02 -2.2770952391e-02 2.1308183866e-02
1.6643892962e-01 5.1732309429e-02 8.3539611064e-02
5.4718029334e-01 2.9134036987e-01 3.4339826325e-01
1.2390698003e+00 6.3042361862e-01 5.4130802515e-01
1.4454535182e+00 9.6528586049e-01 2.3175686639e-01
8.2000437226e-01 7.1242667833e-01 -7.0518910589e-02
2.9686389676e-01 7.9721594076e-02 8.6975718442e-02
4.6260019903e-01 -1.5957790624e-01 1.7468074890e-01
-1.0083719634e-01 -1.0241204867e+00 5.9622329908e-01
-2.8295698607e-01 -6.7483670497e-01 4.1903310233e-01
-4.6585185115e-02 -8.7837261455e-02 4.6960909423e-02
-6.2876250276e-02 -8.7854407297e-02 2.1785074802e-01
-4.4441114220e-01 -3.0243668994e-01 -3.3791224325e-02
-2.7795744252e-01 -1.6014672573e-01 -1.5516751350e-01
1.0764399291e-01 8.4717553208e-02 -8.5479909337e-02
3.6509666074e-01 1.2337656812e-01 7.5548586785e-02
8.2133103363e-01 3.3865413785e-01 3.4696787138e-01
1.0487368668e+00 4.6191510893e-01 6.0960788570e-01
1.0998151699e+00 4.8238699974e-01 5.3466487976e-01
8.1213051766e-01 4.7777145621e-01 1.4367221042e-01
3.5709068270e-01 2.5247270036e-01 -1.0926160033e-01
-1.0402819066e-02 8.9132728540e-02 -4.3388237985e-01
8.2033387461e-01 2.0070724668e-01 -5.7884824843e-01
1.3143100676e+00 -4.6942021881e-01 -4.9705357617e-01
2.3736443782e-01 -4.8230418635e-01 -4.7047287575e-02
-2.2683584060e-02 -6.8486103494e-02 8.5388934067e-02
-2.1526278758e-01 -1.0437853759e-01 3.3257961501e-01
-4.4844265264e-01 -4.7549668301e-01 3.6121970189e-01
-4.0947247683e-01 -2.8751227921e-01 4.6907889902e-04
-2.5132800152e-01 6.6721692078e-02 -1.5813048173e-01
3.0363712814e-01 1.6932826273e-01 5.0328380632e-02
5.8454673148e-01 2.2449729775e-01 1.8779151229e-01
4.4447450764e-01 1.6780425287e-01 1.6340469216e-01
2.1462878460e-01 7.3796863668e-02 3.9806710448e-02
2.7932281773e-02 -7.6569862986e-03 5.0533759035e-04
1.0432496860e-01 -3.0319771833e-02 6.4042542348e-02
-1.9249811447e-01 1.7891143176e-02 -4.6295988565e-01
3.0723491713e-01 -2.7631186205e-01 -9.5750074037e-02
2.3933689033e-01 -7.8174115978e-01 1.5571260304e-01
-2.6861972261e-01 -2.9863460829e-01 -2.0835403963e-01
-5.4407967640e-02 -6.8125999595e-02 2.0731185386e-02
-4.6859905706e-02 -9.4701909487e-02 2.4778419839e-01
2.2997640878e-01 -3.5223443306e-01 5.1881185531e-01
2.2781603126e-01 -2.6801317191e-01 -4.2369479671e-01
-1.0904226827e-01 -4.0320086410e-02 -4.1978292874e-01
1.0730431623e-01 1.2180975514e-03 -9.2344490068e-02
1.5328371569e-01 -6.2329139241e-03 -5.3388072594e-02
1.0183933504e-01 2.3153828943e-02 -6.1949353354e-02
-3.6435754517e-02 -1.0466578902e-02 -4.7396090283e-02
-8.3364173140e-02 -6.3020647634e-02 -2.8181332164e-02
1.6091571959e-01 3.0521485140e-04 6.3040096241e-02
2.9182099645e-01 7.7908879756e-02 -1.5424353800e-01
9.6593737698e-01 -4.5363275135e-01 1.0180073939e-01
5.8386001476e-01 -8.1934448161e-01 2.7168488397e-01
-1.4931236677e-01 -1.6184529760e-01 -2.1239348376e-02
-5.1797934079e-02 -5.4883485083e-02 -1.5138117653e-02
-9.6183141104e-02 -3.3879706387e-02 1.6502958247e-01
-3.4668581519e-01 -1.0340766742e-01 5.6935942815e-01
-5.2389132504e-01 -3.5890136794e-01 4.5964568476e-02
-1.3970721985e-01 -2.2111586619e-01 -3.5195429981e-01
5.4924300184e-02 -2.3607742050e-02 -1.8349379166e-01
-2.8717717554e-02 -7.3297412472e-03 -6.9325344054e-02
-4.1075499631e-02 -7.2241349049e-04 -3.8342676628e-02
-7.6921975069e-02 -4.3763349719e-02 -2.8389508537e-03
-7.7061098183e-02 -5.5084021224e-02 -1.3196491206e-02
-1.9173900228e-02 -4.1947702290e-02 -1.3641084067e-03
-1.3055395606e-02 2.9777511744e-02 4.5566185038e-02
1.3301272566e-01 -2.0228534080e-01 2.7587970337e-02
1.3549814880e-01 -3.5833866012e-01 -2.3144643509e-01
-1.2793414809e-02 -3.6948862620e-02 -2.2828358203e-01
-2.5282457458e-02 -6.7153761362e-02 -1.8330366212e-02
-6.8420320073e-02 -1.3214063278e-03 2.8056510810e-02
-4.4949472697e-01 -3.8486722629e-02 1.4138012314e-01
-1.0028980548e+00 -3.3739405721e-01 5.5008369481e-01
-3.2078075523e-01 -4.3694447860e-01 2.9115053212e-02
-1.3827092237e-02 -3.2242134712e-01 -2.8782499405e-01
-1.6083386483e-02 -6.3858575731e-02 -1.0939620583e-01
-2.6889826865e-02 -7.4618111454e-03 -3.3267315725e-02
-4.2570695917e-02 -2.2628027095e-02 1.5016115863e-04
-1.4080764203e-02 -3.1071956201e-02 -5.2218985697e-03
4.6479048280e-03 -1.6075367747e-02 -1.4495011712e-02
2.0940068754e-02 2.4871345324e-02 2.9872147802e-02
-2.4426725324e-02 -3.8068978271e-01 2.6716015451e-01
-2.5505806834e-02 -6.4214370106e-01 3.9858973077e-01
2.8714904014e-02 -1.1411188195e-01 5.8489586501e-02
-1.8245917047e-02 -5.7979098693e-02 -1.8573039754e-02
-7.2150303805e-02 3.0995422776e-02 6.0135309870e-02
-1.1067879143e-01 3.9836643700e-02 5.3859623282e-02
-3.2532741226e-01 -6.5795342707e-04 2.0216821703e-01
-3.2953552784e-01 -1.6478919011e-01 8.0982315824e-02
-2.9126374933e-01 -2.6425145098e-01 -3.1894866815e-02
-1.7094953662e-01 -1.5825991265e-01 -1.6559298601e-01
-2.8128415335e-02 -6.3388257169e-02 -8.6837372272e-02
-2.1960420355e-03 -2.9176585705e-02 -4.0725954174e-03
-1.8899997788e-02 -1.1964308914e-02 7.6007432249e-03
1.9546830272e-02 5.7378889270e-03 1.8333424355e-03
-1.6387071585e-02 -5.8009526228e-02 2.6214108131e-02
-2.1315172505e-01 -8.5108897489e-01 6.6695505369e-01
-2.2099007307e-01 -1.2914873260e+00 8.5904325362e-01
9.2117478960e-02 -2.8722274220e-01 1.6026849064e-01
-7.5253751609e-03 -4.3529494815e-02 -2.0257253962e-02
-7.6936110228e-02 3.2317618979e-02 6.0026748482e-02
-3.5628910775e-02 2.1983120845e-02 1.9267803536e-02
-3.7295317841e-02 1.3951795473e-02 2.1207404220e-02
-1.2880612433e-01 1.7058870139e-02 9.0529183268e-03
-2.6094991273e-01 2.1829797144e-02 1.1728726127e-02
-3.9968537841e-01 -8.2525296746e-02 1.6306067526e-01
-1.3860870229e-01 -1.0973455611e-01 1.7081640721e-01
-6.8043443266e-03 -5.8812558215e-02 4.8846303998e-02
-3.8160941837e-02 -5.6815823633e-02 6.2053692028e-02
-3.7883722260e-03 -5.2269206230e-02 2.3042281799e-02
6.4848184237e-02 -1.0407731301e-01 1.6140862005e-01
-2.4852964399e-01 -5.0830178446e-01 5.0029662845e-01
-6.4539951969e-01 -7.3858256257e-01 -3.4929829780e-01
5.2168571924e-03 -1.8868287071e-01 -3.2261373201e-01
4.1203491435e-03 -5.0118664110e-02 -2.7139753867e-02
-8.1405374784e-02 1.6617508308e-02 6.4288902993e-02
-5.1415241000e-02 2.4213789089e-02 2.6519197442e-02
-4.5432834212e-02 -7.2632998005e-03 3.9579461679e-02
-3.4116350352e-02 -1.4055658873e-02 2.1042682991e-02
-6.3093798595e-02 -4.9407967029e-04 3.1441250967e-02
-2.5627889824e-01 -2.2330938308e-02 3.3050766614e-01
-4.2199485665e-01 3.5210929469e-02 5.9782782053e-01
-6.5965088740e-01 -5.3389387232e-02 5.2990126715e-01
1.1653858203e-01 -1.5230887728e-01 2.2413536336e-01
7.6725159300e-01 -6.5034271041e-02 5.9506410560e-02
2.9049038150e-01 -6.2671398702e-02 1.4278077914e-01
-2.7412781905e-01 -2.3849289436e-01 -1.0095260147e-01
-7.4458555778e-01 -2.3412685941e-01 -8.8765134782e-01
-1.2518211423e-01 -7.2372346174e-02 -2.8892850674e-01
-2.0762125673e-02 -4.8185626174e-02 9.8393858131e-05
-5.4761663434e-02 -3.3618645629e-02 4.5940061153e-02
-2.6044426192e-02 -5.4058211913e-02 -2.6215563757e-02
-2.5226261001e-02 -7.5782368960e-02 1.8624813028e-02
-4.0340328338e-02 -7.4293879525e-02 -3.5060580616e-03
-3.0641792709e-04 -6.6744488202e-02 1.5197240157e-02
-7.5398266576e-02 -4.1209760820e-02 3.8170147984e-02
-4.2304779110e-01 2.3934079162e-02 3.6549133146e-01
-1.1704100311e+00 -1.5599050324e-01 9.0875986488e-01
-1.5684420993e+00 -4.9089789985e-01 8.2632289868e-01
-1.6333813016e+00 -5.6287230443e-01 6.1383259033e-02
-1.4507333250e+00 -4.0523535267e-01 -5.3618670488e-01
-7.5842349558e-01 -2.9590720053e-01 -5.0911669181e-01
-3.3840486571e-01 -1.1841010196e-01 -2.5443194256e-01
-2.5887662533e-02 -6.6109222722e-02 3.0595722183e-03
-6.8545082455e-03 -7.5122448926e-02 3.4302928870e-02
-1.9956325055e-02 8.4219781754e-02 1.4815049083e-02
-5.8242653995e-02 1.1787946042e-01 -9.4094891834e-03
-9.1837898888e-02 1.0201842827e-01 -3.3075504528e-02
-5.7944858638e-02 1.2136706453e-01 -6.6473061700e-02
2.8490272115e-02 1.3595988423e-02 -3.9949083908e-02
1.5941074918e-01 -1.2065751715e-01 2.0017299815e-02
3.7137150084e-01 -3.0013406613e-01 9.1213034943e-02
5.3811837723e-01 -4.2298634171e-01 1.1335213858e-01
6.4625287477e-01 -4.9342272901e-01 1.0265366657e-01
1.0731380454e+00 -6.4610465596e-01 -1.0553271836e-02
1.3277586625e+00 -7.3476038780e-01 -4.7062183366e-01
4.9406300078e-01 -3.7151616967e-01 -3.3525575024e-01
-1.1803679983e-01 -1.2208609525e-01 6.5502798399e-02
-1.1650543575e-01 -1.2411524845e-01 6.6928792507e-02
-9.7619044543e-02 -1.1399033171e-01 1.8657880654e-02
-1.5758220009e-02 8.9464878904e-02 2.5715765378e-02
-9.9772070717e-02 1.0009557032e-01 2.3489118826e-02
-1.0286203691e-01 5.7625110155e-02 6.2018259687e-03
8.5951256290e-03 5.3223402482e-02 -2.5919060332e-03
2.8071339346e-01 -1.4140279014e-01 1.5903426958e-01
5.0232081912e-01 -3.1842234105e-01 2.0766126969e-01
4.9199746793e-01 -4.3624685806e-01 1.9586717452e-01
4.5310268065e-01 -4.5083344559e-01 1.5090554511e-01
3.4724810947e-01 -3.3927158561e-01 1.3378528401e-01
6.2032012899e-01 -4.5341260352e-01 9.9888600537e-02
1.2798668457e+00 -9.1506354450e-01 -7.0465777125e-01
1.1826574836e+00 -8.7866278804e-01 -1.2939792454e+00
1.2709847527e-01 -2.3422624709e-01 -2.6380378584e-01
-6.8477648870e-02 -1.2316960126e-01 3.4821407721e-02
-7.3911214171e-02 -1.0950721045e-01 1.8429195870e-02
-2.9237469135e-02 8.1598962261e-02 1.2500458352e-02
-1.0810954684e-01 9.0038057051e-02 -4.1164581072e-02
-4.1760956021e-02 1.3969491399e-02 -6.1934909933e-03
2.6641540756e-01 -1.1036285277e-01 1.3225913003e-01
4.5195378695e-01 -2.6534760954e-01 2.1943747446e-01
2.1939569548e-01 -1.6388687837e-01 7.0108255106e-02
2.7309095593e-02 -1.1279667139e-01 2.1236191065e-02
-1.2747616105e-01 1.9859217589e-02 2.9803485497e-02
-1.0454754267e-01 -1.0889501606e-02 2.7400456247e-04
2.9936871233e-02 -1.9730693476e-01 9.7743447233e-02
1.5445687453e-01 -4.6510575250e-01 -7.5298350887e-02
7.9741831246e-01 -8.9940180555e-01 -9.3571170993e-01
7.3927760983e-01 -5.2992371284e-01 -7.9147419464e-01
1.4000649160e-01 -1.1538675660e-01 -1.9185036336e-01
-6.8623030933e-02 -8.4206500652e-02 -3.3824311204e-02
1.8415086124e-02 6.7072489984e-02 1.9938885242e-02
1.1125619689e-02 6.4687321042e-02 -8.0990621782e-03
1.8260421194e-01 -5.8055902246e-02 1.1499399079e-01
2.3620388390e-01 -1.2300226966e-01 1.1625780303e-01
-9.6813574706e-02 7.8334608810e-02 -1.6865737259e-01
-2.4809272940e-01 2.2396322897e-01 -2.3235256437e-01
-8.3524124912e-02 1.2224708064e-01 -9.4521943262e-02
-1.0382611003e-01 1.8581424027e-01 3.7661930033e-03
-4.8943054374e-02 1.0630435707e-01 -4.6714702848e-02
2.6535133445e-02 -1.4328266572e-01 4.6405083418e-02
-1.2225748190e-01 -3.3288854828e-01 2.3948189597e-01
4.1599277063e-01 -7.4536078193e-01 -1.8921374581e-01
1.7782488162e+00 -8.3809298020e-01 -1.1925754615e+00
1.0352595839e+00 -2.2910903434e-01 -7.7078878833e-01
1.9842748216e-02 -9.2006881456e-02 -1.3349543179e-01
1.2358684219e-02 -6.7362066283e-03 6.2448406363e-02
5.1013772666e-02 -4.5895986885e-03 5.2534913114e-02
3.3159513202e-02 2.2496611111e-02 -1.6368272365e-02
-3.1087616832e-01 2.3639491102e-01 -3.4524775447e-01
-5.7134262445e-01 5.1983743998e-01 -5.2847586338e-01
-3.9434796191e-01 4.8777433340e-01 -3.0800626246e-01
-8.6626160388e-02 4.0265562563e-01 -4.7822409924e-02
1.5760864714e-01 6.3712587467e-01 1.9100879354e-01
2.3367821920e-01 7.6960994207e-01 2.0414460020e-01
1.3764617310e-01 5.9610650317e-01 1.9157581566e-01
-1.0751402460e-01 -8.7808236001e-02 3.1609043344e-01
-4.8678708632e-03 -4.8468303347e-01 1.8316832021e-01
5.8354559019e-01 -3.0262055382e-01 -3.4643111577e-01
6.5361650321e-01 -1.2758229017e-01 -4.2501120912e-01
-8.9214985028e-03 -8.3776962325e-02 -1.0607469743e-01
2.3964604719e-02 -2.9163516569e-02 9.2150438090e-02
-5.1786068805e-02 6.7389974575e-02 -7.3926284276e-02
-3.4720714060e-01 2.6648183852e-01 -4.3918918208e-01
-5.5212473678e-01 5.3893760345e-01 -5.7358952119e-01
-3.9741850253e-01 6.1819303338e-01 -4.3282028690e-01
-7.3285023715e-02 4.7584832568e-01 -8.8176746506e-02
3.9511529359e-01 8.1685157720e-01 3.4114368077e-01
7.1484370073e-01 1.2789087890e+00 6.2649407857e-01
6.4143299486e-01 1.0684787115e+00 3.6511201981e-01
4.9090656499e-01 7.7100589788e-01 1.8490021407e-01
7.3570029542e-02 -3.4510524502e-01 4.0769318306e-01
6.1378916840e-02 -5.0264004635e-01 3.1163501793e-01
-1.2585291443e-01 -2.9806467446e-02 2.4455799351e-01
-1.1391889245e-01 -3.8346496227e-03 2.2971986750e-01
-7.9422831367e-02 -5.9844174773e-02 4.5769012655e-03
6.3358596948e-02 -1.4019369686e-02 6.1905338740e-03
-1.0182424032e-01 7.4643670109e-02 -2.3477638730e-01
-2.4209312751e-01 1.7448866254e-01 -3.1389949199e-01
-1.3659198618e-01 5.4039551935e-01 -2.6648485091e-01
1.6594842093e-02 4.7479104884e-01 -1.0218373559e-01
3.8196994897e-01 5.4116194906e-01 2.3957927280e-01
9.5721744581e-01 1.1517596760e+00 7.0980623534e-01
8.1753952207e-01 9.3062773390e-01 5.8663912481e-01
5.1569133385e-01 4.9347129707e-01 1.6074759855e-01
3.9366175092e-01 4.1453020492e-01 4.8985134688e-02
4.9798963294e-02 -1.3796402646e-01 9.9391511930e-02
6.6876030614e-01 2.8953996173e-01 -6.1640049584e-01
5.5561837257e-01 2.7322416079e-01 -7.7747869358e-01
-3.7740565353e-02 -1.7498020215e-01 -3.4653390176e-02
-5.7566104360e-02 -8.8400408416e-02 2.2248895121e-03
9.0887631516e-02 1.4518296994e-02 -1.0004760171e-01
2.1220312162e-02 -8.6118695724e-02 -1.5207523545e-01
1.5938404989e-01 7.7121954616e-03 -4.3115569718e-02
3.3097244318e-01 4.1381153074e-01 -1.3522188367e-01
3.5759543136e-01 2.2624076675e-01 7.1781666259e-02
7.9701929271e-01 5.3388160582e-01 3.7519506171e-01
7.4592053136e-01 5.8588261312e-01 4.5740599801e-01
4.3080313683e-01 2.7417760575e-01 2.0711190019e-01
3.3971495512e-01 2.3959433417e-01 8.2563968904e-02
1.2423007892e-01 9.1398719830e-02 -1.4126502638e-01
-7.0707935339e-02 2.9967046195e-02 -8.6930158848e-01
4.6722904149e-01 1.9081064649e-01 -1.5306381012e+00
1.1223100675e+00 -2.4652986398e-01 -2.1484045330e+00
2.6787863831e-01 -2.5238165581e-01 -5.5046782148e-01
-5.4915011646e-02 -7.0478403864e-02 -3.5387411505e-03
-1.0936042093e-03 3.2686897271e-02 -8.5546802752e-02
-3.3344545390e-03 -1.1014608557e-01 -1.3988588015e-01
1.8875816994e-01 -7.2189059858e-02 -1.0150069063e-01
2.0112695977e-01 1.0136582921e-01 -1.3605087594e-01
1.7847722380e-01 3.3153325840e-02 2.9923899969e-02
3.0163290999e-01 1.1770343718e-01 7.6501588582e-02
1.5031157029e-01 7.5898033613e-02 9.0013511001e-03
2.9531055082e-01 1.9432062730e-01 6.6882132510e-03
2.5436163130e-01 2.2880539860e-01 2.6999600705e-02
1.5947427170e-02 -3.0240325018e-02 -1.3748166943e-01
2.2694016565e-01 2.9578404249e-02 -8.8684137444e-01
6.7213533594e-01 -3.0871049481e-01 -7.0688793692e-01
3.5293366765e-01 -1.1789843222e+00 -3.4385013549e-01
-4.6306832315e-02 -3.9068113378e-01 -1.6540598280e-01
-7.3279820069e-02 -6.1489152071e-02 1.0856984052e-03
-7.3365800797e-02 -4.8567933882e-02 9.3318412502e-02
-1.5502720536e-01 -2.1212755480e-01 2.8257962619e-01
-4.4910467795e-01 -2.5701222630e-01 -4.5309197546e-01
-4.8951337886e-01 -1.9847169000e-01 -3.4896873528e-01
-2.2669339240e-01 -9.4054749238e-02 -1.4178196342e-01
-1.4848891352e-01 -9.2136323383e-02 -1.0934748673e-01
-5.6838491909e-02 -6.2613879741e-02 -8.4080684393e-02
5.4524867184e-02 7.9888264495e-03 -2.3112791517e-02
1.1443373095e-02 -3.1428615175e-02 -2.9015360304e-02
-1.6470208302e-02 -5.5635174292e-02 4.5030247390e-03
3.1618099325e-01 3.1503165234e-02 -1.4848938168e-01
8.8603329179e-01 -5.8694037107e-01 4.5493924274e-01
4.2665049369e-01 -1.1204943942e+00 1.3316053310e+00
-1.5722673750e-01 -1.8226015403e-01 4.7861088185e-01
-7.5249854227e-02 -2.8460787555e-02 -9.8166340174e-03
-6.8710554972e-02 -3.3346488710e-02 5.6535942930e-02
-3.3724074496e-01 -2.0327786577e-01 1.1436011436e-01
-7.6573777190e-01 -5.8488764797e-01 -1.4593485168e-02
-3.6796037534e-01 -2.1776258524e-01 -2.1336219204e-01
-6.2786868632e-02 5.1573682134e-02 -2.4678681468e-01
-1.0495732640e-01 4.0917803963e-03 -7.8554642589e-02
-7.4584236486e-02 -1.5577327075e-02 -4.4739538827e-02
-7.0173053580e-02 -5.6326728740e-02 -4.2961846949e-03
-5.9461212430e-02 -7.0687009330e-02 -1.6754471092e-02
-3.5799968417e-02 -5.9960501030e-02 5.0066106427e-03
-1.2650887551e-02 -2.3025580980e-03 1.0359381754e-01
1.8984655523e-01 -4.9584151256e-01 5.4696044283e-01
1.9019397095e-01 -6.6021319810e-01 8.1786278502e-01
2.2204451244e-03 3.0700917934e-03 1.8602463639e-01
-3.5125206414e-02 -3.3979961739e-02 -2.2143663373e-02
-4.6768021048e-02 -1.7978371731e-02 -5.6619459743e-03
-2.9107644813e-01 -1.3852731475e-01 5.2582320836e-02
-8.6984190624e-01 -6.0219099377e-01 4.7318550809e-01
-4.6234472169e-01 -4.0141248418e-01 3.1659884870e-02
-2.5535113597e-01 -1.7738039803e-01 -1.4092658906e-01
-1.2155488015e-01 -1.4703832313e-02 -1.2470182956e-01
-3.5628886444e-02 9.6706326460e-03 -8.1152317510e-02
-6.8447152300e-02 -2.9807153403e-02 -2.4956542749e-02
-4.4357218085e-02 -3.4967652341e-02 -3.4130084210e-02
-1.7568496813e-02 -3.3307713586e-02 -2.1024915228e-02
5.4550050795e-03 -9.2115239766e-03 4.6489490046e-02
1.9787326435e-01 -4.2766291851e-01 6.0211534774e-01
3.5070488145e-01 -6.6102008423e-01 1.1525224328e+00
1.5812275528e-01 -6.6232597903e-02 3.2662463864e-01
-2.4116092505e-02 -3.9604240292e-02 -2.2228087980e-02
-6.4867296245e-02 7.3708602294e-03 3.2540042647e-02
-1.0106613152e-01 6.3344822521e-03 2.0877114799e-02
-2.8914362605e-01 -1.1910354376e-01 1.5541658700e-01
-4.6142963173e-01 -3.2352028565e-01 1.7598803544e-01
-5.4692450815e-01 -4.9593334991e-01 1.9867737920e-01
-2.2664681203e-01 -1.9829087866e-01 -2.4897072333e-02
-1.3845303087e-02 -5.5653840279e-02 -6.0083114254e-02
1.1971953362e-02 -3.2313149280e-02 2.6689255766e-02
-4.9857597513e-03 -1.4874749293e-02 6.0173887537e-03
1.7558653213e-02 -3.9894363605e-02 5.1176326662e-03
-9.7337101656e-03 -7.0688546481e-02 -2.4515826418e-02
2.8019773308e-02 -5.7562656836e-01 3.1888287970e-01
1.0857400704e-01 -8.6819193010e-01 4.3835619953e-01
1.6498762719e-01 -2.1381933433e-01 -9.3307924393e-02
-1.2590481654e-02 -4.0010139208e-02 -4.7246022955e-02
-6.7404278395e-02 3.6402664502e-03 2.8673964734e-02
-3.8406855861e-02 -5.8223422986e-03 3.9504837816e-03
-3.1789621898e-02 -2.8291903483e-02 4.7850930921e-02
-1.2624161010e-01 -9.2465060130e-02 6.8163274045e-02
-3.3515239843e-01 -2.4324085601e-01 1.4061532851e-01
-5.0523828810e-01 -3.4664349693e-01 4.1066507922e-01
-3.1441540450e-01 -4.3405473603e-01 4.0778143460e-01
-6.6844102595e-02 -2.3478781028e-01 2.0727979734e-01
7.6854452477e-03 -1.3463593431e-01 1.4047267930e-01
8.0996445961e-02 -9.7332848118e-02 1.2518652912e-01
2.4818522200e-01 -1.1827467246e-01 1.1980567117e-01
1.0327344336e-01 -3.4822775642e-01 -5.7021485612e-02
-4.9395489789e-01 -5.7881885342e-01 -1.2937370641e+00
-5.3629505857e-02 -1.6407373352e-01 -6.6653811080e-01
-2.1023259631e-02 -5.6808047000e-02 -4.6915622273e-02
-6.3722218751e-02 -1.3773351656e-02 5.7976562528e-02
-3.3582257824e-02 -2.0548857080e-02 6.0756582191e-02
-3.3620773051e-02 -3.7509559577e-02 8.1373539811e-02
-2.4615114817e-02 -4.9654595486e-02 7.1093375069e-02
-7.4508236623e-02 -6.6951056511e-02 8.2806373309e-02
-2.8333473674e-01 -2.3677701967e-01 4.3891511863e-01
-5.8730788016e-01 -5.6917652549e-01 8.1989246730e-01
-7.4066831005e-01 -6.1789534748e-01 6.6242789261e-01
-3.2655918200e-01 -4.8680801763e-01 4.6416616544e-01
4.8093915912e-02 -2.7933399689e-01 2.5413536267e-01
-7.6875050811e-02 -3.1116440171e-01 1.5812093753e-02
-3.8385268765e-01 -4.6916933708e-01 -2.6134325480e-01
-5.0195193296e-01 -3.7864844175e-01 -8.2019948107e-01
-1.1140508262e-01 -1.0218795117e-01 -2.6773351654e-01
-2.8741608517e-02 -5.3186205740e-02 -8.0230383215e-03
-3.1522055893e-02 -4.9532594248e-02 4.0570796479e-02
1.8713304068e-03 -8.3728148832e-02 5.1271340218e-03
8.4599268065e-03 -1.0338368910e-01 7.8545384886e-02
-1.0355138776e-02 -9.9813670250e-02 5.7977026676e-02
1.1696092630e-02 -7.4797562395e-02 4.3055815776e-02
-4.3481906991e-02 -7.6564768990e-02 4.9044895885e-02
-3.4361997626e-01 -1.9330326524e-01 3.0237337438e-01
-9.1002199522e-01 -5.2300764312e-01 6.7771729583e-01
-1.2297309862e+00 -8.6583533463e-01 7.3323539911e-01
-1.2103906583e+00 -9.2482468971e-01 2.2799703041e-01
-1.0308139414e+00 -7.2894059406e-01 -2.2453496134e-01
-7.2111798581e-01 -4.8113704087e-01 -3.0690323432e-01
-2.5055845189e-01 -1.5928327412e-01 -9.8663816125e-02
-1.7059704852e-02 -6.7724769366e-02 2.0751424859e-02
-1.7025000978e-02 -7.1847675133e-02 3.4828080951e-02
-3.2043010398e-02 9.1916541424e-02 4.8371052665e-02
-6.1322039966e-02 1.0003508957e-01 6.3145671100e-02
-1.1820496265e-01 8.9278029597e-02 4.3575169232e-02
-7.9884191462e-02 1.0445505469e-01 -4.3233999362e-02
-4.9681348443e-02 5.8375466325e-02 -5.8902738084e-02
-2.9977479606e-02 2.3644461848e-02 -5.0307204417e-02
-1.0137021846e-02 -1.8181007813e-02 -1.7474820400e-02
1.0513062014e-02 -6.1753031598e-03 -2.9362036713e-02
1.0367689468e-01 -5.8126586544e-02 -6.8731488767e-03
2.4568000378e-01 -1.9751659033e-01 6.9688924426e-03
3.2133267617e-01 -3.4370631444e-01 -5.9120044800e-02
-2.6634179339e-03 -1.8815175545e-01 6.5551400325e-02
-1.7303195148e-01 -7.9796630769e-02 1.7624525908e-01
-1.4565869162e-01 -1.2974220506e-01 1.0558185353e-01
-1.1524469361e-01 -1.1915798399e-01 6.2001807026e-02
-2.2273345629e-02 8.6842358659e-02 6.3307309247e-02
-5.9885349830e-02 9.1176743928e-02 6.6716129370e-02
-9.2753653031e-02 5.2279990797e-02 7.1812118319e-02
-4.9501606201e-02 6.2890558188e-02 6.0468781230e-04
1.1586713405e-02 9.0171233545e-03 2.1966946604e-02
5.7558728788e-02 -3.3868720040e-02 2.1489403133e-02
7.2592376450e-02 -1.1148901281e-01 5.6919264354e-02
2.2296278884e-01 -1.9902862243e-01 5.3939350304e-02
3.5236861288e-01 -3.6338742323e-01 1.1898823685e-01
6.7693806982e-01 -7.7610096244e-01 6.0433711704e-02
1.0733733698e+00 -1.2899862533e+00 -5.1419885565e-01
5.4728190245e-01 -7.8830794528e-01 -5.3990593232e-01
-4.4551501722e-02 -1.5195928502e-01 5.3931168044e-02
-1.0529114168e-01 -1.2149553614e-01 9.9384161244e-02
-7.4066010188e-02 -1.0039645753e-01 5.2701747689e-02
-6.3237629436e-02 9.4553888232e-02 5.5801949129e-02
-1.1037022736e-01 8.9462675645e-02 5.9144893726e-02
-1.2477429394e-01 4.7215475485e-02 3.6513500309e-02
1.1022090011e-02 3.2437600947e-02 1.7958624247e-02
1.0004500263e-01 -5.8418771748e-02 5.6613547252e-02
7.5182474421e-02 -4.4310308763e-02 1.9579686654e-02
7.1207277969e-03 -2.0392457244e-02 1.8822117542e-02
5.6884124038e-02 -7.0357959467e-02 4.0996826741e-02
1.4248336044e-01 -2.1090794957e-01 3.6511193588e-02
2.6070998070e-01 -5.7950554016e-01 -2.1808989995e-02
5.6180670756e-01 -1.1429208898e+00 -5.0750961682e-01
6.2483023120e-01 -9.8015867300e-01 -7.4104416386e-01
3.3524354598e-01 -3.3511094558e-01 -2.7028224965e-01
-2.9871563542e-03 -1.3022255199e-01 -5.0159385075e-02
-9.3641671673e-02 -7.4709275940e-02 8.8634973674e-03
-1.4790161144e-02 7.8515668844e-02 4.4559823044e-02
-2.7275837362e-02 6.9040934605e-02 3.5162934728e-02
-1.0986727251e-02 2.4525154362e-02 4.2999776782e-02
8.4371586574e-02 -2.8587304027e-02 4.1778639354e-02
5.9292394753e-02 -1.1013689921e-02 -6.3737924803e-03
-6.0614100253e-02 9.5986375214e-02 -9.7357276424e-02
-1.0486695920e-01 2.4425411467e-01 -7.3592056585e-02
-1.7440536589e-02 3.1812935273e-01 3.7187211921e-02
9.8882784805e-02 1.4523750903e-01 5.6938193860e-03
1.1999120745e-01 -2.2264691266e-01 -8.0822457668e-03
9.6615788557e-02 -3.5322918605e-01 3.8095011798e-02
7.6034682278e-01 -6.2729474126e-01 -3.7916461483e-01
1.5580188460e+00 -7.3830127394e-01 -8.9420237985e-01
5.8982312868e-01 -3.3571703027e-01 -5.1568338475e-01
-3.5469678311e-02 -9.8632480498e-02 -7.4593457306e-02
-1.2016126892e-02 2.7524744329e-02 6.9674183455e-02
-6.7124938387e-03 4.7585394196e-02 8.9733470475e-03
-2.7400464809e-02 4.9946200053e-02 -1.8777930685e-02
-3.8845427923e-02 3.5257361266e-02 -4.1095388070e-02
-1.8013501823e-01 2.6462015153e-01 -1.5622705929e-01
-2.1944346472e-01 5.7978798451e-01 -1.9042380492e-01
-5.1236077247e-03 7.9928532163e-01 3.0161067770e-02
2.5495259750e-01 1.0333065762e+00 3.1273456682e-01
2.1972889983e-01 7.5097491319e-01 2.0605157579e-01
1.7873888209e-01 2.2920001015e-01 1.0148448603e-01
1.3800662663e-01 -1.0550708925e-01 1.1140593456e-01
5.5054443114e-01 -5.7848651208e-01 -2.0298815505e-01
1.0129077677e+00 -1.7013642082e-01 -7.2025835253e-01
4.2155945786e-01 -1.0341638344e-01 -6.6875065265e-01
-4.3102480136e-02 -9.4155592694e-02 -1.2703233366e-01
9.0135890187e-03 -3.5411942220e-03 7.5019423128e-02
-2.9637130735e-02 3.5596107948e-02 -4.3764230642e-02
-8.4155761283e-02 8.3480545250e-03 -7.0625562985e-02
-7.8255813694e-02 1.4329071390e-01 -8.1393057624e-02
-1.0156810828e-01 7.6242343715e-01 -2.3862273853e-01
9.7368436192e-02 1.0190081240e+00 1.9631383219e-02
5.3494838076e-01 1.2191315484e+00 4.6442682673e-01
5.7222438329e-01 1.1821994403e+00 5.2784779135e-01
2.3576559472e-01 4.7364611253e-01 1.6892884547e-01
9.4591264430e-02 1.1187500582e-01 1.5269332875e-02
-3.0195608281e-02 -4.5567613706e-01 -1.1905418296e-01
2.9560097486e-02 -8.7469678574e-01 -2.6344622739e-01
-4.7815162588e-02 2.8526911684e-01 -4.8136250291e-01
-1.2406178515e-01 3.4399501706e-01 -4.0707452068e-01
-7.2347468424e-02 -4.7589971554e-02 -6.6949753289e-02
3.1481691724e-02 -2.0918849186e-02 6.2163448705e-02
1.2947443287e-02 -2.8521168043e-02 2.7383424510e-02
5.0137152205e-02 -2.4916553801e-02 1.0035297381e-01
1.5469853863e-01 5.5350264723e-01 -1.3116564381e-02
3.0635603068e-01 9.1104981726e-01 9.5074443049e-02
5.0219770155e-01 9.0788099065e-01 3.5095111636e-01
5.9635818636e-01 1.0279956596e+00 4.5884444191e-01
3.9876425544e-01 6.9937117755e-01 2.4420745767e-01
1.9877946039e-01 2.2365681427e-01 1.5223982881e-02
1.8353688899e-01 2.2368446031e-01 -8.4609864758e-02
-4.8501200055e-02 2.6939016009e-02 -6.5052999238e-01
-2.1382444613e-02 -5.3155142800e-01 -1.1496947837e+00
-4.1175327819e-02 -1.5159138005e-01 -1.3859627244e+00
-9.9577503129e-02 2.0266452267e-01 -3.4071250145e-01
-5.0437655743e-02 -4.0639035470e-02 -2.4942085134e-03
4.1623677557e-02 5.3937502003e-04 -7.7827094693e-03
1.1702603221e-01 -6.9513355324e-02 6.3615640795e-02
3.0474188521e-01 -5.3516710106e-03 2.3703633984e-01
2.9910556934e-01 1.7772146847e-01 2.5922574598e-01
3.1643991258e-01 2.2703588646e-01 3.3446268918e-01
4.3027850728e-01 5.2637599042e-01 2.3438408853e-01
3.2817041081e-01 5.0428942744e-01 1.8777896410e-01
2.7409372576e-01 3.4487993827e-01 4.9870210359e-02
4.0917573638e-01 3.8125212736e-01 8.6174032663e-02
3.7045405401e-01 3.4098627543e-01 -1.1143310353e-01
2.5401699722e-01 2.5765948281e-01 -8.1690011427e-01
-3.2192488310e-01 -7.6586852526e-01 -7.6108829617e-01
-2.5994103532e-01 -1.1900890059e+00 -1.7614132641e+00
4.9757317700e-03 -1.3817943367e-01 -4.2005141839e-01
-5.6469780123e-02 -5.3042721946e-02 2.7901481617e-02
-1.2216783023e-02 -5.4074444794e-03 -7.3849191576e-03
1.5671488379e-01 -1.6117085283e-01 1.0898762869e-01
4.6877023581e-01 -5.6491295890e-01 6.1695163380e-01
1.1169367144e-01 -2.9283631140e-01 2.2408624131e-01
-1.4184277429e-02 -2.1058432425e-03 -6.4759982992e-02
1.3857626265e-01 1.2295896296e-01 -2.9062829840e-02
8.2977574693e-03 1.1406940629e-01 -3.1156808632e-03
1.1125431610e-01 1.4638579651e-01 6.0094821445e-03
2.1826771203e-01 2.2198206531e-01 4.0562158936e-02
1.5399415031e-01 1.1606920615e-01 -3.4892833295e-02
2.5939893481e-01 7.4183716491e-02 -3.3385597740e-01
2.1935543827e-01 -5.2011975046e-01 -3.8247457708e-01
5.4125247385e-01 -1.0289905543e+00 -1.3838843241e+00
1.9201769849e-01 -2.4063926796e-01 -5.7901416525e-01
-4.6364529542e-02 -4.9588075625e-02 2.1742921121e-02
-4.5869504647e-02 -3.1780162608e-02 2.5132577939e-02
-7.7185601109e-02 -3.0962332717e-01 1.9778653136e-01
-1.9496443400e-01 -8.8338570220e-01 5.0502172545e-01
-1.5916552462e-01 -1.9290630641e-01 -6.8806406113e-02
-2.7663774426e-02 7.3566000074e-02 -4.3032846053e-01
-5.8078001991e-02 2.8443704192e-02 -2.0856115167e-01
-6.6855109989e-02 3.6072367117e-03 -5.7005519120e-02
-4.2318303856e-02 -1.5846715773e-02 -1.5192617351e-02
-1.5468942558e-02 -3.4376568818e-02 -1.2415357386e-02
-4.4568841901e-02 -4.3069534291e-02 2.4970613262e-02
1.1761401421e-01 2.9573972081e-02 2.4813564748e-02
6.0634262685e-01 -2.2455786955e-01 1.6826666001e-02
7.6537692805e-01 -5.0753473265e-01 -1.6795948234e-01
1.4471751481e-01 -1.0708126974e-01 -2.2739027207e-01
-5.5063085440e-02 -4.0026380025e-02 -1.3547620361e-03
-2.3207666465e-02 -2.5677126018e-02 2.2000484058e-02
-1.2225617203e-01 -1.9935602282e-01 5.1670298820e-02
-4.7599924686e-01 -6.4679644404e-01 2.5290826195e-01
-2.9636547938e-01 -1.4721525041e-01 -1.6375530244e-01
-1.8436191638e-01 -2.8038700760e-02 -2.0789154037e-01
-8.4487778688e-02 4.9425063962e-02 -1.4501503126e-01
-5.7184317625e-02 6.5654231985e-02 -1.0606479975e-01
-5.8806660546e-02 -1.0889725363e-02 4.9386843012e-04
-3.2548348435e-02 -2.8747281907e-02 7.9222572090e-03
-4.9446596933e-02 -2.2041184083e-02 7.6277230865e-03
-3.7520652705e-02 2.7290009366e-02 9.1218096489e-02
1.3858773013e-01 -2.4371112124e-01 4.5619418405e-01
3.3882186450e-01 -3.0052708807e-01 6.6213337775e-01
1.7442102798e-01 8.8477844520e-02 4.7160424635e-02
-1.3437280288e-02 -3.9865058190e-02 6.9945609259e-05
-2.4228935594e-02 -2.7694155895e-02 1.4388018268e-02
-6.1743222758e-02 -8.7460724576e-02 2.9806894302e-02
-3.2109175268e-01 -3.8743092475e-01 1.8262351790e-01
-3.5351472158e-01 -4.1127398836e-01 4.7927421617e-03
-3.2783518945e-01 -2.9062944482e-01 1.4054469039e-01
-1.3149276629e-01 -4.3628874208e-02 -6.8091489056e-02
-1.0951536518e-01 -2.6575647073e-02 -1.8448757134e-01
-4.6799487615e-02 2.3119816793e-02 -4.9074706554e-03
-8.5797067511e-03 1.3315143328e-02 2.6805721401e-03
-3.2404836408e-02 -4.1704214080e-03 -1.2777163418e-02
3.5395208713e-03 4.8260262505e-03 -1.1410616985e-03
1.9766060328e-01 -2.7903158428e-01 1.5011118398e-01
3.0994203346e-01 -3.5999281093e-01 -1.1759237307e-01
2.2909807808e-01 6.3892598144e-02 -2.7946470878e-01
-1.0392502886e-02 -3.1339516875e-02 -2.7222108057e-02
-5.3915322889e-02 -1.6705675017e-02 2.6292400265e-02
-3.0996429181e-02 -1.8492015602e-02 2.4036293775e-03
-8.9769345466e-02 -5.4041156474e-02 1.9730588642e-02
-2.1777307501e-01 -1.9000577348e-01 -3.7649693403e-02
-3.5327878914e-01 -3.5047852117e-01 1.0445312249e-01
-2.0473617261e-01 -3.6011020580e-01 1.8090063137e-01
-1.5603096545e-01 -3.4804350227e-01 1.7059049938e-01
-9.1731887420e-03 -1.5188478888e-01 1.8270056590e-01
6.4594888979e-02 -5.2833176348e-02 1.2435135109e-01
7.7763499403e-02 -1.7249479324e-02 7.3895815623e-02
1.4278095437e-01 -2.5322999736e-02 4.4007427874e-02
2.4402274324e-01 -2.8272812117e-01 3.1254054519e-02
-6.5477195674e-02 -5.9925283027e-01 -1.1784770851e+00
2.9936944231e-02 -1.4998939338e-01 -8.4926612637e-01
-1.8745512692e-02 -4.0487471064e-02 -6.3859181924e-02
-5.5163413501e-02 -1.9305286112e-02 3.2307295025e-02
-2.1162344636e-02 -2.9369615084e-02 4.4185902086e-03
-2.5731023833e-02 -3.2342341379e-02 3.8077063580e-02
-2.6373986456e-02 -4.0714176369e-02 4.1424030296e-03
-1.1229912304e-01 -1.4331728779e-01 9.3398299486e-02
-2.9218480389e-01 -3.5669305096e-01 3.2606254649e-01
-5.1796132507e-01 -6.8323099692e-01 5.2508109129e-01
-3.7406773594e-01 -6.4038337538e-01 5.2280428889e-01
-1.7252028906e-01 -4.8627234072e-01 4.1249926231e-01
9.4623582512e-02 -1.7130640580e-01 2.5245795803e-01
1.1630921341e-01 -2.3742772326e-01 2.5111965572e-02
-6.7460664173e-02 -5.4707990125e-01 -8.7882589671e-02
-3.6271162053e-01 -6.1251953998e-01 -1.1945707891e+00
-1.4538712620e-01 -1.9253631966e-01 -6.2387054245e-01
-1.7674046251e-02 -6.2241547791e-02 -2.6648125687e-02
-4.3210535739e-02 -2.8777527835e-02 4.1922317255e-02
-1.8844578199e-02 -3.1353344931e-02 3.4790896139e-02
-2.6587812737e-02 -4.4911519475e-02 7.2427720179e-02
5.4524897964e-05 -5.6854419960e-02 4.8883530290e-02
4.7802676690e-03 -4.9143290559e-02 5.8105197248e-02
-1.4844529130e-01 -1.6451390903e-01 1.4231669501e-01
-4.7188716066e-01 -5.5310383141e-01 5.3046459497e-01
-7.2291882845e-01 -8.8757215695e-01 7.7974671372e-01
-7.7297111688e-01 -1.0292988400e+00 6.6657716142e-01
-5.8130636889e-01 -7.8496373069e-01 4.3577570369e-01
-4.7027437672e-01 -7.3889757509e-01 -3.4620519845e-02
-6.2857278891e-01 -8.8044608512e-01 -2.4768363320e-01
-3.4813861971e-01 -4.4497830637e-01 -4.3331891283e-01
-7.1966580024e-02 -1.2387989505e-01 -1.0710914042e-01
-1.7117670956e-02 -5.5360835193e-02 4.5253841645e-03
-6.6932755855e-03 -6.4810383915e-02 4.2378977302e-02
2.3346279264e-02 -7.5093877842e-02 8.1641590386e-03
1.3300786326e-02 -9.1001290402e-02 8.1403808864e-02
1.7216980932e-02 -9.6394637161e-02 6.1683298538e-02
3.8705800955e-02 -7.5486996073e-02 4.2763417849e-02
4.0244946745e-03 -5.8472399206e-02 -1.6258917212e-02
-1.0747418002e-01 -1.4110910069e-01 1.0852581804e-01
-3.9768379448e-01 -3.9694177750e-01 3.0600085601e-01
-6.5640534386e-01 -7.2187119911e-01 4.1446743010e-01
-6.9348808794e-01 -8.3203065535e-01 2.4108734400e-01
-5.4438460023e-01 -6.3738366172e-01 -7.1448821156e-03
-3.0417571936e-01 -3.6624385295e-01 -3.6301704948e-02
-5.4607126730e-02 -1.1419946923e-01 5.3543885711e-02
2.5591062617e-02 -5.6468404752e-02 4.4698494779e-02
9.0345534589e-03 -6.6911997110e-02 3.2406522292e-02
-2.6301619740e-02 4.5329915546e-02 1.0036882206e-01
-5.4985244079e-02 5.4506998781e-02 1.2020970488e-01
-8.6841760521e-02 3.9922783388e-02 1.2984493394e-01
-1.0690412395e-01 6.4233012949e-02 4.9900046648e-02
-7.6202576888e-02 5.0548429587e-02 1.9779735248e-02
-9.1075565678e-02 5.9546974350e-02 -3.5728054755e-03
-8.0872611668e-02 3.0670953183e-02 2.1006297802e-02
-1.1608715254e-01 7.6579192412e-02 5.4830254567e-03
-1.0705186443e-01 7.4101607754e-02 9.5289844785e-03
-1.2581207904e-01 7.3053025145e-02 5.0220515813e-02
-1.0869483905e-01 2.5091734342e-02 1.0232702641e-01
-1.8548964517e-01 2.9347876692e-02 1.8771902713e-01
-1.9447424253e-01 -2.5148043162e-02 2.3439817573e-01
-1.4715856932e-01 -8.8301014244e-02 1.2851621542e-01
-1.2126531652e-01 -8.3277586526e-02 7.2498919133e-02
-3.8492358906e-02 5.7406660913e-02 1.0791541744e-01
-6.4099826513e-02 4.6477411903e-02 1.2585173418e-01
-9.3519769600e-02 2.3001038401e-02 1.3767082414e-01
-9.7159600193e-02 5.8947714485e-02 6.3916062624e-02
-6.9209384489e-02 3.1779999438e-02 4.1748769299e-02
-5.9719446406e-02 4.1354426957e-02 3.0854712919e-02
-7.7941623182e-02 1.3919636164e-03 4.4291941980e-02
-5.8427170185e-02 -1.1567035387e-02 1.7894684948e-02
-6.7049280111e-03 -6.6016835286e-02 4.9870014593e-02
4.4578516745e-02 -2.1200556730e-01 7.1557436334e-02
9.0610313012e-02 -2.9902633092e-01 5.5701116336e-03
-5.3437244704e-02 -1.2200818642e-01 8.1855188651e-02
-1.3035846339e-01 -1.8651717496e-02 2.0256192729e-01
-1.0391665471e-01 -6.4876368596e-02 1.2346815844e-01
-7.0587110167e-02 -6.4237048752e-02 5.9881891303e-02
-6.9520641655e-02 6.5709556711e-02 9.3937511972e-02
-1.2276340531e-01 6.8341614371e-02 1.1511908874e-01
-1.4364328599e-01 3.9115597363e-02 1.1051761966e-01
-9.6352509511e-02 6.3097709723e-02 5.6141263879e-02
-6.8566558172e-02 5.0677100716e-02 1.4236052594e-02
-6.3191436719e-02 3.7869983863e-02 4.4878235731e-03
-5.3024863729e-02 -1.1579534076e-02 2.3582722526e-02
1.3267858604e-02 -8.8783521796e-02 3.5129291857e-02
1.6181725506e-01 -2.2126402105e-01 4.6040092602e-02
2.9561037006e-01 -5.4935456221e-01 -7.2950313816e-03
4.2175816623e-01 -7.5165278309e-01 -1.7668104166e-01
4.4198610153e-01 -2.2791728280e-01 -1.8074794507e-01
1.5522061663e-01 -3.3131970115e-03 -3.3720870555e-02
-6.8968405381e-02 -2.9596029513e-02 1.1598035986e-02
-9.8102359972e-02 -3.9693158615e-02 1.3839393384e-02
-4.2524247835e-02 6.9565274379e-02 7.6722406710e-02
-7.8964256367e-02 6.6032797705e-02 1.0313580590e-01
-7.4530762106e-02 3.6061552311e-02 8.8390293313e-02
-5.6199132386e-02 7.2512607542e-02 1.0984362270e-02
-2.6417381025e-03 -1.1428612036e-02 -1.5957637077e-03
8.1611818781e-02 -8.1026678916e-02 -1.0288453757e-02
1.0478242364e-01 8.4332263922e-02 3.7447998968e-02
2.9718852163e-01 2.9311916341e-01 1.5630867878e-01
5.3422969723e-01 1.6016397028e-01 2.0968535898e-01
6.4463816784e-01 -3.5013060014e-01 1.8485402390e-01
8.9568545353e-01 -4.8757137090e-01 4.6605115170e-02
1.4956439634e+00 -1.6729200035e-01 -5.5154968258e-01
1.3104207618e+00 -1.2292654388e-02 -1.1179039688e+00
2.2724755099e-01 -8.0634816051e-02 -3.4228652895e-01
-5.4273082779e-02 -5.2176650289e-02 -4.2630956144e-02
-2.9851519165e-02 2.4568936282e-02 7.0521058041e-02
-3.9425767885e-03 5.4077293239e-03 9.2468825851e-02
-5.1834316191e-02 -1.8166691744e-02 8.5923032331e-02
-9.5012311381e-03 -5.3558115734e-02 8.3083511080e-02
5.1504208493e-02 -5.3111121126e-02 6.5568620809e-02
2.3068307561e-01 2.2380472763e-01 1.0231333705e-01
6.2042088934e-01 4.8191652590e-01 3.9899825083e-01
9.6500885594e-01 5.3521692315e-01 5.1566463640e-01
8.6799177268e-01 2.6533617318e-01 2.7765019568e-01
7.8727348553e-01 -1.6435796689e-01 1.8861604951e-01
6.6633661287e-01 -2.9696938694e-01 -1.6103193946e-01
6.1587453925e-01 -8.1010505025e-01 -7.5978619676e-01
1.1543961358e+00 -6.7016428664e-01 -1.4873961585e+00
5.7084444070e-01 -7.2105668162e-02 -1.0697719897e+00
-2.0489044709e-02 -3.2820840039e-02 -1.5478978058e-01
-1.7968139414e-02 -2.0055113352e-03 8.7913679932e-02
-3.0668803286e-03 -3.7166451985e-02 8.9044814672e-02
7.8837647878e-03 -1.4024572013e-01 1.4879431963e-01
1.2178660545e-01 -8.9341865486e-02 1.7873140115e-01
3.3522602217e-01 4.3694799584e-01 2.4151866641e-01
8.5673215457e-01 6.2599883320e-01 6.2241421373e-01
9.7152442907e-01 4.8197351067e-01 6.3925151839e-01
5.4065306467e-01 2.2026890838e-01 2.5172728290e-01
1.6786163122e-01 3.4218821607e-02 1.3846148429e-02
6.3110596975e-02 -1.4883354226e-01 7.9925031583e-03
-8.3678529592e-02 -4.8925989083e-01 -6.0960385539e-01
-4.8825335870e-02 -1.4127202114e+00 -4.6919436443e-01
2.9154668987e-01 -5.5041795680e-01 -7.7724185145e-01
3.9447319311e-01 6.0511899087e-01 -1.6313634314e+00
-1.9142420256e-03 5.3821825175e-02 -3.0836501329e-01
-6.3835319730e-03 -2.9196512215e-02 8.5539759905e-02
3.5108402966e-02 -5.3264656371e-02 9.8804747741e-02
4.3050272223e-02 -1.0447139179e-01 1.8878520586e-01
3.5079997271e-01 2.1529693891e-01 3.2433632238e-01
8.3130789212e-01 4.1732199680e-01 7.9973847771e-01
7.9902532248e-01 4.4948156388e-01 7.0755713415e-01
2.5338401010e-01 3.7555014127e-01 1.6491065734e-01
5.8470003058e-02 1.8678679843e-01 -5.5697531360e-02
5.9310814071e-02 1.3780374570e-01 -1.9462713518e-02
2.5690254268e-02 1.0476292930e-01 -2.3393585215e-02
-3.2162099924e-01 -1.4775208887e-01 -6.6245259417e-01
-4.9211091007e-01 -1.6832342207e+00 2.8643259189e-01
-4.4258120951e-01 -2.2295205671e-01 -4.3953316737e-01
-2.9104017584e-01 1.2001339778e+00 -1.2519055404e+00
-6.6983645644e-02 1.7212655160e-01 -2.9505472545e-01
-5.8247489038e-03 -9.0768013338e-03 3.8018068061e-02
3.5806810860e-02 -6.1719688439e-02 7.7298193238e-02
3.3973871811e-02 -1.1275907506e-01 2.0842869524e-01
3.4100838912e-01 -2.0356820828e-01 6.8883716383e-01
5.2527537856e-01 -1.5022932372e-01 6.8824382965e-01
2.3627475734e-01 5.8051631439e-02 1.0677493781e-01
3.9375151657e-02 1.1332902729e-01 -8.6598168599e-03
4.7105807591e-02 1.5480342919e-01 -1.0434512366e-02
1.2596396984e-01 1.6067284903e-01 1.7842910023e-02
1.0747429270e-01 1.3858351218e-01 6.2221914840e-03
-7.6661899418e-02 9.7454437237e-02 -3.3124710483e-01
-6.4649851945e-01 -1.0370994709e+00 1.4613937081e-01
-4.4631959338e-01 -6.5277101454e-01 -2.6930314929e-01
-2.6681715658e-01 3.7496968868e-01 -2.7680762921e-01
-8.8636391048e-02 1.3838132960e-01 -1.2206992727e-01
-2.6735438530e-02 -8.4916820777e-03 4.1423084035e-02
1.0571912503e-03 -1.0017893691e-01 1.0902751149e-01
1.3298818463e-01 -4.7098457762e-01 5.0830191186e-01
1.4708788196e-01 -3.3395153753e-01 4.0746171461e-01
6.7028630097e-02 -5.5603616115e-02 -1.4455127903e-01
1.6958434442e-01 3.3594731723e-02 -3.4921612839e-01
1.0534431493e-01 1.5941225697e-01 -1.3319229624e-01
-1.6639656107e-02 6.6017396172e-02 -4.4578631705e-02
-4.0278084280e-03 5.0430976055e-02 -1.6375614301e-02
1.7523492699e-02 2.9629078858e-02 2.9973626533e-02
9.7530773605e-02 1.3569922241e-01 -1.6017458904e-01
2.6310859736e-01 -3.3308650311e-01 -8.2884453010e-01
3.2674710406e-01 -9.0776061290e-01 -9.3963092420e-01
6.6184757514e-02 -1.8543363212e-01 -2.4342162634e-01
-4.4394972606e-02 9.2330128149e-02 -5.2233847151e-02
-1.6002796578e-02 -9.2375797100e-03 4.3857121548e-02
-3.8605439302e-02 -1.2369793921e-01 1.2501762931e-01
-3.8050501504e-02 -4.6182390546e-01 4.2213178337e-01
4.3973398218e-02 -1.2349758949e-01 -4.2526429074e-02
5.6083200872e-02 1.2673685208e-01 -6.0421233495e-01
2.4898660622e-02 2.3324895548e-01 -4.1789322447e-01
1.0688628034e-02 2.2653423627e-01 -2.3882770916e-01
-6.1586269624e-02 1.1509694815e-02 -6.8742708447e-02
-4.4043698952e-02 -3.3618641970e-02 8.8880790353e-03
-7.6180062456e-02 -1.9713860419e-02 3.9311102440e-02
1.9608576190e-02 2.0609513246e-02 4.3704546260e-02
3.1001903059e-01 -2.3657464937e-01 -3.2523035951e-01
6.4603408964e-01 -5.5363463075e-01 -1.2664618669e+00
3.5003042192e-01 -1.4986437856e-01 -7.9142204319e-01
-2.3068908840e-02 1.3659944820e-02 -7.4034844472e-02
-1.0681320438e-02 -1.2464505346e-02 6.1296414429e-02
-1.4662124477e-02 -4.6675066529e-02 6.9841504429e-02
-8.0907186628e-02 -1.4098456227e-01 1.0056923502e-01
-1.0711220818e-01 -1.2271549942e-01 -1.6002421091e-01
-1.4914800408e-01 -1.5278211434e-01 -1.8480959213e-01
-1.0433129773e-01 1.1717145016e-01 -1.7102913969e-01
-1.5853364309e-01 1.4517102127e-01 -2.7016594065e-01
-7.6817401355e-02 3.8948904579e-03 -6.0478047782e-02
-3.0506673569e-02 -1.1959639905e-02 6.9770814443e-02
-7.2292183070e-02 -1.6629680585e-02 4.5554763276e-02
-4.6506751359e-02 8.1668183634e-03 6.6484422393e-02
-1.7911480726e-03 -1.8836876965e-01 1.4652785004e-02
8.8871373600e-02 -5.1811297035e-01 -1.0757717058e+00
2.0144619540e-01 -1.6510634731e-01 -9.5071474900e-01
5.1349298190e-03 -4.1351660226e-02 -8.3445594861e-02
-2.2847457801e-02 -1.4042220029e-02 4.3766659722e-02
-7.9910849145e-03 -3.2719983631e-02 4.4029865952e-02
-3.1951190594e-02 -4.7827678076e-02 7.4772194249e-02
-8.9698909750e-02 -1.5607234846e-01 3.2350923719e-02
-9.9274010700e-02 -1.8419475843e-01 9.1822951764e-02
-1.4871219388e-02 -3.3790185858e-02 -1.1190408703e-01
-2.1510814712e-01 -1.7591598267e-01 -1.9896500498e-01
-1.2002954074e-01 -1.6182760657e-01 1.2376765873e-01
4.0103825525e-03 -1.2737763021e-01 1.8842735014e-01
-7.3573453376e-02 -1.1495965583e-01 1.2931835810e-01
4.5068870436e-02 4.8382312659e-02 1.0485141279e-01
1.2890243280e-01 -7.5944098843e-02 1.8751338009e-01
-1.3193180264e-01 -5.9614179223e-01 -1.0845747654e+00
1.2997069824e-02 -2.6403491206e-01 -1.0087079003e+00
-2.4674600125e-02 -4.4463261692e-02 -8.7440313811e-02
-3.9562967082e-02 -2.8961389825e-04 5.7840369264e-02
-2.6410193138e-02 -2.0860051377e-02 5.6589555171e-02
-3.5261719832e-02 3.7586769506e-03 6.5722636388e-02
-4.4052193948e-02 9.8789951867e-03 2.8356171962e-02
-9.3625765418e-02 -8.2621920162e-02 4.5536783481e-02
-1.6206475745e-01 -3.1628597503e-01 1.1253674069e-01
-3.2149549731e-01 -5.4819793370e-01 2.9336822127e-01
-2.2113652085e-01 -4.6816865671e-01 5.1601010370e-01
-1.2426086443e-01 -4.7269326998e-01 4.3835004809e-01
-9.1910328588e-02 -3.8480861157e-01 2.6956793593e-01
1.1060354775e-01 -1.9385321539e-01 1.5005120767e-01
2.0261853029e-02 -3.8708636611e-01 1.0339685904e-01
-1.9617334685e-01 -6.8373846208e-01 -1.0362827357e+00
-1.0030630751e-01 -3.0563071330e-01 -7.6684953417e-01
-3.1816749012e-02 -5.2386125915e-02 -6.6155962774e-02
-3.7737243493e-02 -1.0399962266e-02 5.0898418519e-02
-1.0957411983e-02 -3.0630099610e-02 4.9934852533e-02
-2.9518890863e-02 -2.7429871050e-02 7.5746378854e-02
-3.1637419346e-03 -1.1617528355e-02 5.2136785601e-02
-2.8021787420e-02 -1.1831741110e-02 5.7186965872e-02
-9.5197750969e-02 -1.7697572259e-01 9.5758917161e-02
-3.0067201851e-01 -5.6291130525e-01 3.4413712320e-01
-4.2052094248e-01 -9.0838087500e-01 6.2687354523e-01
-4.1112081649e-01 -9.5648617548e-01 6.6270645686e-01
-2.1452839667e-01 -7.8944035851e-01 3.8400977140e-01
-2.7302075094e-01 -8.7217018698e-01 -9.2752432961e-02
-6.6957546293e-01 -1.0027839882e+00 -1.8808878999e-01
-3.6371301667e-01 -6.1828620976e-01 -5.7300091744e-01
-1.0450703309e-01 -1.7102705744e-01 -2.1548904901e-01
-2.5029147253e-02 -4.9747722099e-02 -1.7022341064e-02
-4.0630569551e-02 -1.6614795200e-02 6.8627756144e-02
-1.6472662628e-02 -2.7670960829e-02 6.8466452742e-02
-3.8294526135e-02 -3.3334086749e-02 8.8282808898e-02
-1.5949311026e-02 -3.7757691066e-02 7.8159996024e-02
-1.2941606102e-02 -2.0875545967e-02 6.7803711727e-02
-4.4485940121e-02 -4.9179630070e-02 1.7848426951e-02
-1.5788313147e-01 -2.2825629425e-01 1.5249340971e-01
-3.6829728751e-01 -6.0008465963e-01 3.9106944768e-01
-5.0495360110e-01 -8.4625322158e-01 5.4394138221e-01
-5.2843091914e-01 -7.5474906642e-01 4.1438009729e-01
-4.9779138884e-01 -7.9045021629e-01 -4.7163488805e-02
-5.4552356180e-01 -7.0413114717e-01 -1.1145701477e-01
-1.8437300329e-01 -2.5220163607e-01 -4.0467813628e-02
-1.2200160143e-02 -8.3352590280e-02 2.8633916403e-02
-2.4644510846e-02 -4.9560675574e-02 -4.3946764821e-03
5.4864965271e-03 -4.6035351797e-02 7.4637428282e-02
2.9688213718e-02 -6.7924085845e-02 5.2698309613e-02
2.7880766949e-02 -7.1530071175e-02 1.0369045155e-01
3.2530204415e-02 -6.7012010922e-02 9.3293584070e-02
2.4691793691e-02 -4.9281356666e-02 7.0005160090e-02
6.6694886166e-03 -3.6296207849e-02 -9.8292645683e-03
1.4701140699e-02 -3.8945114026e-02 2.4906499747e-02
-3.8880505399e-02 -1.1158283902e-01 5.7992416933e-02
-1.4217299490e-01 -2.2338170820e-01 1.0561461964e-01
-1.9684933882e-01 -2.5816726596e-01 7.5606710934e-02
-1.1902504117e-01 -1.9086465157e-01 4.5137455982e-02
1.6333834109e-02 -1.0810495180e-01 1.0487642146e-01
4.7717070456e-02 -3.5336776380e-02 1.3719037751e-01
3.5613831129e-02 -3.9028729783e-02 6.2967769540e-02
-1.9845100657e-03 -4.9145257816e-02 1.7688502919e-02
-3.1579306234e-02 1.6150250544e-02 9.4874428484e-02
-2.8229546979e-02 6.4257266919e-03 8.0947039380e-02
-6.1729120180e-02 -8.8252407252e-03 9.6053260110e-02
-8.2371618789e-02 4.9797693242e-03 4.7699176753e-02
-8.4742231418e-02 2.5938539084e-02 3.2745297367e-02
-8.0686937797e-02 3.1728401215e-02 1.5131601362e-02
-7.6162785435e-02 1.8373014337e-02 2.6949832254e-02
-1.1542832937e-01 6.0741543176e-02 1.8593116642e-02
-1.1622485666e-01 8.6397434927e-02 1.3969325320e-02
-1.3111685594e-01 9.1352354714e-02 3.1777496599e-02
-1.3255210970e-01 4.2817421836e-02 6.5939414702e-02
-1.9187310013e-01 1.8903618442e-02 1.3382107681e-01
-2.0669148748e-01 -5.9157665159e-03 1.5897706197e-01
-1.7454450155e-01 -6.7226400889e-02 1.1410416818e-01
-1.3315339171e-01 -6.7583255388e-02 5.0980129546e-02
-1.2473462902e-02 1.6123278603e-02 9.0811264863e-02
-1.6316276675e-02 -1.9266394701e-03 7.9023647802e-02
-3.4473479110e-02 -1.4212325380e-02 9.9278318628e-02
-5.4534996767e-02 -9.5885611123e-03 4.5039962030e-02
-6.1685203956e-02 1.4705917613e-03 3.7799251238e-02
-5.8896272209e-02 4.8352871341e-03 1.8962226799e-02
-6.4150066231e-02 -8.7476144833e-04 2.6441593865e-02
-7.7452607085e-02 2.4983601095e-02 1.3808415692e-02
-9.6232464479e-02 6.8511323338e-02 8.2754976648e-03
-9.3504517749e-02 5.0047103462e-02 1.8719068061e-02
-1.1326398109e-01 3.8000786551e-02 6.3415799375e-02
-1.2633324583e-01 2.4066501564e-02 1.0702732220e-01
-1.4559136764e-01 -2.0048122860e-03 1.5585650892e-01
-1.2384596024e-01 -6.3205997546e-02 1.0184969117e-01
-9.0333185017e-02 -6.5820879131e-02 4.1123616059e-02
-5.2905867223e-02 3.2693965199e-02 7.8212273954e-02
-4.4173432618e-02 1.4086689783e-02 7.4521689419e-02
-7.4202973675e-02 -4.6244304003e-05 7.7931129919e-02
-8.3534004076e-02 1.6323738737e-02 3.3019198210e-02
-8.6482958676e-02 4.1301305447e-02 1.5851789785e-02
-6.9047643815e-02 2.7116410083e-02 8.9562176745e-04
-9.0381306104e-02 3.1689808049e-02 3.7621133955e-03
-9.3928215788e-02 6.3444447990e-02 -5.0040005647e-03
-7.0345006623e-02 7.8949727143e-02 4.9081186470e-04
-1.0797629071e-02 2.9705546178e-02 2.5839660330e-02
2.3510020670e-01 -1.8498550973e-02 9.2738877336e-02
5.1559390421e-01 3.9501314816e-02 -1.3770722307e-02
1.1421724174e-01 7.0875826761e-03 -6.1293190378e-02
-9.9873266303e-02 -2.2400402753e-02 -1.2922431698e-02
-1.2201814515e-01 -3.9906645081e-02 -4.0792665083e-03
-2.0297830449e-02 3.4614516499e-02 6.5076994621e-02
-5.4539327997e-03 6.6614522694e-03 5.0189175263e-02
-5.4395312811e-02 1.9905831284e-02 4.6188553717e-02
-6.9287997786e-02 4.4197705695e-02 -5.8878705372e-03
-6.5976905529e-02 3.2812798966e-02 -1.8856826456e-02
-2.6725123619e-02 5.1334651729e-03 -2.8569857218e-02
3.7495868784e-03 4.1917528080e-02 5.4238063407e-03
1.9850651419e-01 7.0749830337e-02 9.6972165519e-02
4.3581553886e-01 1.0548274626e-02 1.7151006353e-01
4.5922201470e-01 -7.8541641098e-02 2.6441333699e-01
1.0435755002e+00 -1.4233289319e-01 3.5687978675e-01
1.5771290448e+00 -1.9959144893e-01 -8.3129591171e-01
7.3140210595e-01 -2.5955631876e-01 -1.4975329878e+00
5.4625163918e-02 -1.2088493891e-01 -2.9923085758e-01
-8.1449227269e-02 -4.9873941814e-02 -3.8201882028e-02
-1.7777900615e-02 1.6657298982e-02 6.5622118711e-02
1.1710713342e-02 1.5206725691e-03 5.7392804872e-02
-4.9998808178e-02 -7.9205805473e-04 5.8951017917e-02
-5.6158914082e-02 2.1238258926e-02 2.7069206615e-02
-5.1821700991e-02 3.5976310676e-02 9.9211511467e-03
1.1823201011e-01 3.8358183710e-02 6.9145600264e-02
4.6383010649e-01 -4.2868108737e-03 2.9187494422e-01
7.3973397490e-01 -7.2558435805e-02 3.8025115317e-01
7.1918511575e-01 -1.3178543534e-01 2.5327488806e-01
3.4347296784e-01 -5.6394214749e-02 2.2708109314e-01
-4.8196013196e-01 9.2240354742e-02 1.8597745220e-01
-1.3565306336e+00 -9.1236882398e-01 -6.8213561138e-01
-2.1112761194e-01 -1.5811411852e+00 -1.6138131707e+00
3.8686300314e-01 -5.8397102841e-01 -7.2627711109e-01
-1.4851090059e-02 -7.0110080442e-02 -1.2310827649e-01
-4.8166796616e-03 -4.0599424275e-03 6.5868355389e-02
2.2456494407e-02 -4.2627654078e-02 4.5802937963e-02
-2.3491766516e-02 -5.2362917856e-02 6.1658487364e-02
-2.0797503366e-02 -7.4766937184e-03 3.2384585705e-02
1.0748943819e-01 5.0344893079e-02 1.4419250623e-01
5.1333442189e-01 -4.2244887025e-02 4.0368382161e-01
5.6423734033e-01 -8.6434944041e-02 3.6012254610e-01
2.6417936873e-01 -8.7092975264e-02 9.7747680682e-02
5.9920747594e-02 5.6726843201e-02 2.9035742104e-02
-7.6023149233e-02 2.8790949273e-02 1.1716003545e-01
-6.4994820991e-01 8.1090932211e-02 3.9118069446e-02
-7.1902095937e-01 -1.2479539386e+00 6.5334144006e-01
9.1941230844e-01 -2.1201120414e+00 3.5525126630e-02
1.2052533045e+00 -8.8201757138e-01 -1.3208466936e+00
1.4717306018e-01 -6.8832111240e-02 -4.4547439759e-01
1.5681151888e-03 -2.3716111214e-02 5.4455281934e-02
2.3289054648e-02 -3.9659520865e-02 3.9339317556e-02
-1.9542344622e-02 -4.5549484209e-02 6.6907310837e-02
5.5119403642e-02 1.8485944935e-03 1.3218076486e-01
3.0397345358e-01 -9.0339631580e-02 4.4213653695e-01
2.9994277365e-01 -5.4592660595e-02 2.7412791985e-01
-1.4012551379e-01 1.5520428382e-01 -1.6584019914e-01
-1.4364153982e-01 1.7356000485e-01 -1.3725143644e-01
-1.1172833806e-01 3.4167721044e-01 -1.0167616550e-01
-8.5653542351e-02 1.3512610797e-01 1.9864473131e-02
-1.6555721100e-01 4.4513647778e-02 5.8931079016e-02
-8.1792323858e-02 -8.1009695567e-01 9.0122589023e-01
4.6829510027e-01 -9.2062544151e-01 4.3524324351e-01
7.2620889725e-01 -2.9873678859e-02 -1.5132265891e+00
1.8672864605e-01 2.6920583135e-01 -1.0170186336e+00
6.9828742637e-03 -2.7110821660e-04 3.8543631019e-02
3.5831167349e-02 -2.4975932179e-02 2.3646650664e-02
-8.9682169488e-03 -2.8810193936e-02 6.4821419474e-02
6.0420298040e-02 -1.2142130338e-01 2.4158102303e-01
1.1639044887e-01 -1.8148130369e-01 2.3156160090e-01
-1.8191138407e-01 7.9782523127e-02 -2.3267364562e-01
-3.0140239798e-01 2.2121023065e-01 -1.7848551286e-01
-2.3545826582e-01 2.7318601031e-01 -9.8891899066e-02
-1.1858602574e-01 3.1283203602e-01 -1.3549823254e-01
-4.1585387789e-02 1.4680072220e-01 -3.8674992760e-02
-5.0376110572e-02 2.0937059988e-01 -5.5755414909e-02
-2.1080058105e-01 -4.6520129373e-02 3.0075325740e-01
-2.6258620537e-01 -9.6838961829e-01 1.3963341541e+00
-4.0031182288e-02 4.2915938900e-01 -5.3305214585e-01
4.2027782669e-02 7.4090387004e-01 -1.1922241964e+00
2.9846880379e-03 -1.0276457379e-02 5.9819909001e-02
2.5212457313e-02 -3.2760961911e-02 4.4740687147e-02
9.2942470474e-03 -9.3214167197e-02 1.0934450198e-01
-2.6223610579e-02 -1.5774320338e-01 1.1727224379e-01
-1.0130493778e-01 -1.0828115231e-02 -2.2796562737e-01
7.0421876517e-02 2.8631997097e-01 -4.0132207009e-01
-2.8236581148e-02 3.2005104447e-01 -1.4128884534e-01
-2.0057147390e-01 3.0622955035e-01 -1.1039784576e-01
-7.3365315650e-02 3.6867278320e-01 -1.1562455906e-01
-1.8697780349e-02 1.2681835981e-01 -7.1218148244e-03
6.6064186874e-03 1.5964813340e-01 -3.5601590709e-02
-1.0491752172e-01 -8.0505314069e-02 9.2240736958e-02
-5.3951792221e-01 -5.3063236888e-01 7.7961456916e-01
-3.9166406587e-01 7.3791975248e-01 -4.1726289284e-01
-1.6064321375e-01 8.7074274867e-01 -1.0339020828e+00
-2.5237917922e-02 -6.6659808952e-03 6.9135550412e-02
-1.5702140902e-03 -1.6119482890e-02 6.8293510725e-02
-1.9251616434e-02 -5.2090505777e-02 1.0755911687e-01
-2.3701370677e-02 -5.7252770342e-02 2.6618579969e-02
1.8631640096e-02 3.1147488399e-03 -1.8078016393e-01
1.8777566359e-01 9.9341128097e-02 -2.2749116950e-01
1.8185121881e-01 2.0484526280e-01 -3.2794448782e-01
-3.9660214262e-02 1.8906186972e-01 -1.0894305105e-01
1.8476947878e-02 1.9820484305e-01 -1.2947542050e-01
-5.9155679460e-02 5.6540158025e-02 2.9811771901e-02
5.0163559759e-04 5.5979006897e-02 9.0619035615e-02
-1.4673382428e-02 -1.1963304221e-01 2.8291901149e-01
-4.2019664657e-01 1.4071888206e-01 -4.6842012188e-02
-6.2021496275e-01 7.2679368942e-01 -6.9544365402e-01
-2.7314523478e-01 4.2136112506e-01 -4.7839145084e-01
-4.2688648309e-03 -1.2123979417e-02 7.0514973028e-02
2.1498349270e-02 -1.8236698874e-02 5.8411691044e-02
-6.2185393497e-03 -1.2115589908e-02 7.7923038924e-02
-1.1726313125e-02 -3.9788965863e-02 5.8498108399e-02
-1.3084638217e-02 -9.6106031527e-02 3.3541329948e-02
-4.5133955573e-02 -4.3391502005e-02 -1.1406533793e-01
-8.9688843877e-02 1.2729989239e-01 -3.1137453632e-01
-4.4074401939e-02 9.2756327797e-02 1.1399130400e-02
7.1416425102e-03 8.4998252332e-02 9.9687712797e-02
-6.9204271272e-02 -8.6585241633e-02 2.0643293287e-01
-5.3166712955e-02 -5.2815394406e-02 1.4869106369e-01
-2.1959395223e-01 -1.9822648160e-01 2.1894975400e-01
-8.3337280719e-01 -3.6031047994e-01 -1.0688734473e-01
-6.4686402783e-01 8.9653806014e-02 -4.7240099726e-01
-9.9165734215e-02 4.2276550268e-02 -8.9711819761e-02
-1.6560267769e-02 -1.5776005190e-02 6.0966102168e-02
1.9955664513e-02 -3.1661825927e-02 5.4894266546e-02
1.6091858890e-03 -1.9076479280e-02 8.0985757601e-02
-1.1835581770e-03 -6.4885993589e-03 6.8508013724e-02
2.6364842682e-03 -2.8157199347e-03 6.0311517300e-02
-8.8775687034e-03 -2.7329517752e-02 -6.7733096826e-02
-9.3149732066e-02 -1.1637668876e-01 -6.8128061887e-02
2.0672942354e-02 -1.9407783015e-01 1.8919635647e-01
5.1920688269e-02 -2.2789497371e-01 3.8232028683e-01
-1.6198440453e-01 -4.4137240012e-01 3.4734138523e-01
-1.8743438778e-01 -3.4964732106e-01 1.5918255337e-01
-3.4853646778e-01 -3.6911865745e-01 7.4160236398e-03
-6.1089571024e-01 -6.0013760376e-01 -5.8816548674e-01
-2.6530492135e-01 -1.9175574907e-01 -4.4342347646e-01
-4.8152047718e-02 -3.9472445391e-02 -2.4372838993e-02
-2.3128410328e-02 -3.7978425758e-03 6.3246930756e-02
2.0045593985e-02 -2.7465410828e-02 5.7269205783e-02
2.3108461146e-03 -9.8311478938e-03 6.8462849521e-02
-5.8220466652e-03 1.6002276004e-02 4.4567684916e-02
-1.9888468879e-02 4.3099668314e-02 3.4352253941e-02
-5.7165314804e-02 -3.2344322543e-02 5.3521480965e-03
-1.3890034507e-01 -1.8941019008e-01 1.1477678180e-01
-9.5281176704e-02 -3.5773886674e-01 4.3027707383e-01
-1.1842468084e-01 -5.7265293568e-01 5.6084997888e-01
-3.6868409955e-01 -7.9271095336e-01 4.6734212353e-01
-5.1214960678e-01 -8.0944046532e-01 1.5939467468e-01
-6.8150023635e-01 -9.7812122495e-01 -1.7282684658e-01
-4.1664042813e-01 -7.0952950244e-01 -5.7624805922e-01
-1.0533775235e-01 -2.0011511130e-01 -2.2649057207e-01
-4.2317313941e-02 -4.5085606027e-02 -2.1957109309e-02
-2.3888337930e-02 -8.9953439809e-03 6.1057235176e-02
1.4440820494e-02 -2.7596951911e-02 5.4554107432e-02
1.2165327021e-02 -2.6146464496e-02 6.8817054962e-02
-3.1165482611e-03 -6.1551501047e-03 4.9013911657e-02
-2.4711429278e-02 1.6054609125e-02 4.4570716048e-02
-2.4258297178e-02 -3.2738029548e-03 2.0005129205e-02
-6.5217011833e-02 -9.2199217014e-02 7.1013667730e-02
-1.6511396887e-01 -2.8674768574e-01 2.3475172095e-01
-2.5526990877e-01 -5.4656678483e-01 3.9542344577e-01
-3.3955257672e-01 -8.4528474137e-01 3.7203125012e-01
-4.5733618702e-01 -9.1392909850e-01 6.0924976660e-02
-5.5722010383e-01 -8.1319538083e-01 -1.3433974332e-01
-2.4266858270e-01 -3.2484210004e-01 -1.6460419612e-01
-4.4643104388e-02 -7.0429318903e-02 -1.1547911532e-02
-3.0203750846e-02 -4.5633629670e-02 -1.4382368890e-02
-1.3174287913e-02 -1.2852484341e-02 6.3100862755e-02
1.7936842519e-02 -2.3655929325e-02 5.1775949334e-02
6.3520233641e-03 -2.0375198427e-02 6.1952039125e-02
-1.3085750201e-02 -1.5166537572e-02 4.4248609028e-02
-2.3150695983e-03 -4.5042283915e-04 5.3974038043e-02
-1.3255787680e-02 -1.8238949837e-02 -1.6848652709e-03
-6.5685520356e-03 -2.5278525416e-02 1.5995756254e-02
-6.2786482748e-02 -7.5569629953e-02 4.0826438539e-02
-1.1611813632e-01 -1.6798654462e-01 9.3248234759e-02
-1.4700067166e-01 -2.6764129338e-01 7.3972611802e-02
-1.4166215877e-01 -3.0460343355e-01 -1.2780566671e-02
-1.0271075277e-01 -1.9727504288e-01 2.2860269657e-02
-1.6310832010e-02 -7.5252247740e-02 7.5207419523e-02
1.5643397028e-02 -5.9180113470e-02 4.6465151231e-02
-2.7598082239e-02 -5.1119691206e-02 -1.2112907427e-02
1.6503913155e-02 -3.5772069000e-02 6.4736403994e-02
4.9300944970e-02 -5.5464278340e-02 4.0615840004e-02
4.4517284975e-02 -5.2250569053e-02 7.3454364334e-02
1.6770114987e-02 -4.5088213783e-02 6.6465226032e-02
2.6985819690e-02 -2.5139201864e-02 6.1722546629e-02
-8.0669805544e-03 -3.2890599566e-02 7.9424711817e-04
1.0648826305e-02 -1.4978440905e-02 6.9741443942e-03
1.4137456893e-02 4.9344363715e-03 -3.1345285565e-03
1.7814632894e-02 2.0629953963e-02 1.1089208904e-02
3.0136864308e-02 -8.3220808333e-03 -1.4367729350e-03
4.5162694736e-02 -1.2956764762e-03 2.7507316695e-02
9.7904435540e-02 -3.5248755887e-03 9.5147019718e-02
6.0079159188e-02 -1.4911196339e-02 1.2005784491e-01
3.6937766188e-02 -3.0339080411e-02 5.4699500331e-02
-8.8558800045e-03 -5.7350813241e-02 1.7511754131e-02
7.4464144952e-03 -1.3251210247e-03 6.4586183859e-02
2.4852164502e-02 -1.6670647856e-02 6.3264177075e-02
-6.5918833120e-03 -3.5127213030e-02 6.2893065506e-02
-2.8284318979e-02 -1.2909872669e-02 4.0793266250e-02
-4.0771611100e-02 6.2870368304e-03 1.8249316403e-02
-3.4824939708e-02 1.6979259109e-02 8.0099771235e-03
-3.2951323500e-02 1.0278792498e-02 1.0486708861e-02
-6.6632355137e-02 4.1412398195e-02 6.6509013321e-03
-8.1974780738e-02 5.7092501083e-02 -7.2461096212e-04
-8.0390611648e-02 6.6627373554e-02 5.0744695717e-04
-8.3643096876e-02 3.8562074434e-02 1.5846875550e-02
-1.2585028209e-01 6.2239478644e-02 2.8919235006e-02
-1.5756867573e-01 5.1275582270e-02 5.3259231583e-02
-1.2772290119e-01 3.4481825628e-02 1.3164840465e-04
-1.0874928451e-01 -3.5480689246e-03 -1.1670122205e-02
1.4650430465e-02 -4.8796216269e-03 6.2424471593e-02
1.8143565958e-02 -2.9863715789e-02 6.1512225901e-02
7.4751120112e-03 -4.5945039582e-02 6.9022783153e-02
-7.4610461896e-03 -3.5237338616e-02 4.1469077891e-02
-2.8328879930e-02 -1.7016593454e-02 2.4879961661e-02
-2.2147572633e-02 -9.4928113577e-03 1.0199222561e-02
-3.9592855609e-02 -6.7733410353e-03 5.8590235426e-03
-4.3577686301e-02 2.0404013465e-02 3.9667832211e-03
-7.0997618744e-02 4.4066659392e-02 -5.5849028498e-03
-6.5585534145e-02 4.3591176048e-02 -9.9463919569e-04
-8.3122610226e-02 3.5012008862e-02 1.2849726848e-02
-8.2549356345e-02 4.3408345374e-02 3.2646824224e-02
-1.0030838429e-01 4.4618091169e-02 4.0528562051e-02
-8.6420612651e-02 2.6769834274e-02 -3.1212628414e-03
-5.6640450992e-02 -7.9545044083e-04 -2.3908373950e-02
-1.0166678362e-02 2.6054587010e-03 4.5345949487e-02
4.4355348703e-03 -2.4336957597e-02 4.6428070138e-02
-1.8427083691e-02 -3.1128362148e-02 5.2403543792e-02
-2.5514327363e-02 -2.0144115473e-02 3.1127978393e-02
-3.4179476609e-02 1.1825172391e-02 6.1784406563e-03
-3.3186068873e-02 1.6769485271e-02 -7.1480394703e-03
-5.7022599865e-02 2.6503933393e-02 -1.8834459818e-02
-6.3124662587e-02 5.1379672358e-02 -2.3398997653e-02
-7.4681507122e-02 7.3575211398e-02 -3.7559113700e-02
-3.7170378592e-02 6.6910527943e-02 -1.8160964484e-02
1.2381169576e-01 6.5643583410e-05 6.5431393710e-02
3.2557370663e-01 -2.0481335458e-02 -6.0281425780e-02
4.7980714798e-02 1.4942706177e-02 -1.0134833687e-01
-7.6887495301e-02 3.6328385023e-02 -5.7014531130e-02
-8.3032691752e-02 1.4089230793e-02 -5.5782138175e-02
1.9562630042e-02 7.1120788739e-03 4.2405055370e-02
3.0419712124e-02 -2.6744385206e-02 3.4734748475e-02
-1.0090906680e-02 -1.3973300485e-02 2.8301614912e-02
-2.6690954149e-02 4.9646180046e-03 -1.1542643957e-03
-4.2694502707e-02 3.3823565082e-02 -2.3299970597e-02
-1.5111859937e-02 1.8818851838e-02 -3.4760180632e-02
-3.4274956364e-02 1.5999927927e-02 -4.3863474961e-02
5.7265654430e-06 7.6482963675e-03 -3.0371475628e-02
4.2104411143e-02 -1.8578621194e-02 7.2393571367e-03
2.1361859237e-01 -7.2083181221e-02 1.4884888915e-01
1.0850083324e+00 -3.7692486507e-01 4.2392737319e-01
1.6036428144e+00 -5.2586845208e-01 -6.3823725208e-01
5.0822048519e-01 -1.6706942154e-01 -1.1522899799e+00
-2.2550502615e-02 -4.8897119259e-03 -2.2001523005e-01
-6.0862184695e-02 -9.4295567220e-03 -6.4781735976e-02
3.8084709019e-03 5.5848313833e-04 3.5916056500e-02
3.1421295678e-02 -2.7126656793e-02 3.0732053447e-02
-1.4041115516e-02 -1.2240046207e-02 2.9114081996e-02
-2.5354629452e-02 1.8858132341e-04 8.7175501354e-03
-5.3650421386e-02 2.8935227979e-02 -2.1948927518e-02
-1.3023966906e-02 -1.3440446051e-03 -3.4230220559e-02
-7.8297023508e-03 -3.3384409939e-02 -3.3391262621e-02
2.6135368372e-02 -9.0657366111e-02 -1.0783293820e-02
1.2098584122e-01 -2.6292738078e-01 1.3104029027e-01
2.0833672584e-01 -1.6918737295e-01 2.9725307113e-01
-3.4156308826e-02 1.3764623990e-01 1.4160941968e-01
-6.9153043198e-01 2.2184313668e-01 -1.2596089894e+00
-5.4169062560e-01 1.4160066316e-01 -1.9141769488e+00
-1.3592059319e-02 -7.7865175174e-02 -4.0863675858e-01
-4.7616819261e-02 -2.4843818341e-02 -7.6808538546e-02
2.6231311975e-02 -1.9699954665e-02 4.7807845225e-02
5.1785429960e-02 -5.1327709763e-02 3.4046132268e-02
7.1869348491e-03 -4.2780130383e-02 3.9031393367e-02
-1.8321468546e-02 -3.8470592757e-02 1.9295508825e-02
-3.7755274465e-02 -3.0130449996e-02 1.4612985409e-02
2.7050272362e-04 -8.2716212909e-02 -1.4631896406e-02
-7.2342982286e-02 -9.4621401049e-02 -4.7016907451e-02
-1.2200376002e-01 -8.9484925310e-02 -5.1461106312e-02
2.4007228811e-02 -9.2204462409e-02 -5.4220373926e-03
6.0938369291e-02 -5.4277315387e-02 2.0421372387e-01
-7.3008593744e-01 7.9854764232e-01 -2.1801261901e-01
-1.2141991047e+00 9.0094465479e-01 -5.1580921317e-01
-8.7179271778e-02 -2.2377747885e-01 -3.4623267308e-01
6.1000257288e-01 -7.0566221833e-01 -3.4923847850e-01
1.0716323143e-01 -1.2541958572e-01 -2.1470642978e-01
2.8013835265e-02 -3.4992401736e-02 3.9948011425e-02
5.4217599369e-02 -5.5384879339e-02 3.1317914288e-02
-2.5459893040e-03 -4.4522057826e-02 4.1606130068e-02
-3.5037897402e-03 -3.6657438372e-02 3.5675068553e-02
-4.5760792775e-02 -4.4782770844e-02 2.2834974326e-02
-6.5945445111e-02 -3.0062779778e-02 -9.8967948297e-02
-2.1485260117e-01 5.6884558378e-02 -1.6628380377e-01
-1.6934596444e-01 1.8802287255e-01 -8.9411697047e-02
-1.9511270425e-01 5.1426460015e-01 -3.5056987984e-01
-5.3738250705e-02 2.4004917427e-01 -1.5459902731e-01
-2.0882904477e-01 5.6778224712e-01 -1.7471229612e-01
-1.5808226851e-01 2.6354769588e-01 1.5099060120e-01
6.3159218612e-01 -1.3436239795e+00 9.3106529683e-01
1.1889505859e+00 -1.3911970561e+00 -5.2982810391e-01
4.4453519523e-01 -1.1461073560e-01 -8.8961940234e-01
3.8354530310e-02 -2.2284848582e-02 3.5731103438e-02
5.6643806361e-02 -4.9315557701e-02 3.0172953843e-02
7.2029817401e-03 -2.6172143478e-02 2.7528803696e-02
-2.5065664226e-02 -2.2648407014e-02 1.6409794264e-02
-8.9648363038e-02 1.3097319370e-03 -3.3097519828e-02
-1.2061265286e-01 1.1462198871e-01 -1.3176120971e-01
-1.4270948365e-01 1.4947212112e-01 -6.2608369146e-02
-9.1616113368e-02 2.7709499686e-01 -2.4572014612e-01
-1.8581668763e-01 6.2587623095e-01 -3.6369053344e-01
-1.0707045144e-01 4.4920575345e-01 -1.5656723213e-01
-8.8827994784e-02 3.3307663343e-01 -1.0685325041e-02
-3.0707565015e-02 -1.4929398884e-01 4.0350993065e-01
1.1450475883e-01 -1.4119606066e+00 1.5118833074e+00
6.6302552920e-01 -8.1987770198e-01 -2.0079070392e-01
5.4328442144e-01 3.1062007800e-01 -1.8883669849e+00
2.7973760463e-02 -2.2496479390e-02 4.4402456403e-02
4.4322947098e-02 -4.1546565723e-02 3.5821485080e-02
1.4472750137e-02 -3.6401279851e-02 3.5600821088e-02
-2.6653759919e-02 -1.1813350967e-02 1.2497091997e-02
-6.2263521362e-02 3.6190573869e-02 -3.3690632808e-02
6.6946234846e-03 1.0696279653e-01 -4.0045565757e-02
-1.6382151977e-01 9.1611548351e-02 3.6896163482e-02
-1.7875680518e-01 4.0443820996e-01 -1.8883255492e-01
-1.8074265569e-02 6.6611555005e-01 -2.6961036574e-01
4.4093202503e-02 4.1621874702e-01 -2.7611802708e-02
1.2808940736e-03 2.5131917003e-01 -5.0158989948e-02
-8.0869349077e-02 -2.3079983384e-02 1.4688661285e-01
-1.1001984459e-01 -1.8782280501e-01 8.4203953314e-01
-1.7347249195e-01 2.6076866004e-01 -2.5053241638e-01
-3.9900001807e-01 7.2621607925e-01 -2.3762545741e+00
-7.3880618111e-04 -1.3819082217e-02 4.8618529550e-02
1.6213125183e-02 -2.3633291985e-02 5.5620687812e-02
1.2362204027e-02 -2.6973063015e-02 5.7456282102e-02
1.2676892062e-02 -2.7539146309e-02 6.1375187752e-02
5.4110959110e-03 -2.8882353100e-02 5.5954335731e-02
7.3367433839e-02 -5.4805940715e-02 1.2771836638e-02
3.1476517870e-02 -8.2362260388e-04 -2.1956657873e-02
-5.1478975806e-02 2.8165947512e-01 4.9079489123e-04
4.1755520435e-02 3.0741921883e-01 -2.7968731591e-01
3.6456045019e-02 6.0114091660e-02 7.4070316815e-02
2.1294296751e-02 -1.3001833799e-01 1.1189177741e-01
-5.4736294722e-02 -2.5472159832e-01 7.1793768686e-02
-5.5900065153e-01 1.4661550925e-01 -1.9603936156e-01
-1.3390372789e+00 3.7102723797e-01 -1.0612516964e+00
-9.6446103671e-01 3.8586154775e-01 -1.4243109661e+00
1.7618302592e-02 -1.7943254716e-02 5.5512880128e-02
3.4348613371e-02 -3.8878137920e-02 5.4064066895e-02
2.0493672105e-02 -3.7382823462e-02 5.5502999217e-02
3.1745278721e-02 -3.1272914078e-02 5.8819681118e-02
7.1301053157e-03 -2.9087165501e-02 6.0995892703e-02
1.8390708841e-04 -4.8848337350e-02 8.8257799884e-03
-4.4017716855e-03 6.5262472245e-03 -2.7397934349e-03
-1.1659811225e-02 6.4251041451e-02 1.0905753171e-01
1.5202878743e-03 4.7646855801e-02 4.6458200670e-02
2.9202711832e-02 -1.2261817434e-01 3.9325522101e-01
-2.5449771724e-01 -4.5395014866e-01 3.6554420833e-01
-5.7927466770e-01 -7.3385338072e-01 6.9225093982e-02
-1.2498538950e+00 -4.8751615076e-01 -5.5280768333e-01
-1.3613716722e+00 -8.6398627178e-02 -8.3005924822e-01
-3.2834244594e-01 5.3954644301e-02 -3.0550935747e-01
1.0433084219e-02 -1.9806259659e-02 4.6811453383e-02
2.4469783107e-02 -4.0885626487e-02 4.5309861666e-02
1.5943980024e-02 -4.1574816394e-02 5.3117437961e-02
1.5526979314e-02 -3.1099343612e-02 5.1890342035e-02
-9.9748165879e-04 -2.4362543941e-02 4.8830141322e-02
-8.0427019088e-03 -1.8491423686e-02 2.0804770921e-02
-6.7152107070e-03 -2.5820080856e-02 1.8281247756e-02
-4.3852448448e-03 -7.5349195876e-02 7.1471541096e-02
-3.2551413531e-02 -1.7438068698e-01 3.0804633066e-01
-1.2638022351e-01 -4.9236710770e-01 5.2966515297e-01
-5.3514631412e-01 -8.3297923947e-01 2.8347467830e-01
-8.5469609150e-01 -8.7193712150e-01 -1.0899807891e-01
-6.2284390881e-01 -4.5315632697e-01 -3.6625309836e-01
-3.0930015485e-01 -5.5497475983e-02 -2.3749872859e-01
-4.8449800239e-02 4.7761592918e-03 -4.6351123925e-02
8.6195342501e-03 -4.5467362326e-03 5.2114693704e-02
3.3558386616e-02 -3.2514576103e-02 5.4667324395e-02
1.8530051163e-02 -2.6419027276e-02 5.0989292158e-02
6.8566618708e-03 -1.3893466443e-02 3.4402108973e-02
-1.0348417712e-02 5.3629104400e-03 3.0656595342e-02
-1.0049514714e-02 3.5508337580e-03 9.6581791713e-03
-1.7146005977e-02 -7.5254301177e-03 1.5734650770e-02
-1.5045379417e-02 -4.5939669164e-02 5.6415317433e-02
-3.2056569429e-02 -1.7530192770e-01 1.6829146132e-01
-1.4474916812e-01 -4.5218120257e-01 2.7615688167e-01
-3.4202475330e-01 -7.2850822448e-01 1.4574490451e-01
-4.6139471699e-01 -6.5612109529e-01 -1.0243317247e-01
-1.8895299784e-01 -2.4611928001e-01 -1.4318604031e-01
-2.3588941867e-02 -2.7566214531e-02 -4.9213919422e-02
-1.6241210330e-02 -1.6992598689e-02 -4.9092531341e-02
-3.4801645143e-03 -9.4601509113e-03 4.4657832399e-02
2.4389269347e-02 -3.7389814706e-02 4.6925265381e-02
1.6761760801e-03 -3.6269194879e-02 4.9234015048e-02
2.3533857857e-03 -2.8960211804e-02 3.7878473651e-02
-2.9009676206e-02 -4.2140856268e-03 2.6530587088e-02
-1.2859120719e-02 -1.1893439119e-02 9.4074172738e-03
-1.2731181566e-02 -9.4976701397e-03 3.2766986063e-03
-2.7407213919e-02 -2.6196072671e-02 1.8476019985e-02
-6.7605779293e-02 -6.6204948741e-02 1.8467478025e-02
-1.1576671626e-01 -1.5467355102e-01 4.2781400460e-02
-1.5300204324e-01 -2.1702007722e-01 2.5330733256e-02
-1.4499647829e-01 -1.4747452816e-01 -1.2355601596e-02
-5.4234724135e-02 -2.7833990481e-02 -4.4206165578e-04
-2.4310871319e-02 -6.5018847539e-03 -2.2746033213e-02
-3.0396195018e-02 -2.5032105848e-02 -4.7724478857e-02
-1.6684175120e-03 -1.0881703308e-02 4.9280702990e-02
1.7745119490e-02 -2.9615020985e-02 4.4574838199e-02
9.4005950447e-03 -2.9661345359e-02 4.9409473958e-02
7.3910489908e-03 -2.5507949797e-02 4.3819291139e-02
-9.3435412731e-03 -1.3489275870e-02 4.2933269223e-02
-2.3942663866e-03 -3.2017742642e-02 9.6992643685e-03
4.4887990580e-03 -2.7907473764e-02 1.3502668738e-02
-4.1759100703e-03 -7.2590469512e-03 3.0831635455e-03
-3.1547589333e-03 2.1636634235e-03 2.8787708437e-03
-1.5215682162e-02 -1.6528952726e-02 -7.2375160279e-03
7.3083976624e-03 -2.5946433661e-02 4.7695592664e-03
1.2647240541e-02 -3.2372758357e-04 4.0411183015e-02
1.5175606041e-02 -4.7218625996e-03 6.4599882702e-02
1.0390600009e-02 -2.7816692172e-02 2.8025513277e-02
-1.7805166086e-02 -3.7068362254e-02 -4.7948556218e-02
3.7624312353e-02 -3.5489149539e-02 5.5388710127e-02
5.6158332839e-02 -5.8298522010e-02 3.8978060203e-02
4.4687580749e-02 -5.3336100219e-02 5.2803708178e-02
2.7137697285e-02 -4.7587000854e-02 5.0419717597e-02
1.4417952875e-02 -3.0459953501e-02 4.7207797616e-02
1.3288346960e-02 -4.3738401569e-02 1.4507185358e-02
1.7813417787e-02 -2.8076707831e-02 1.0551484967e-02
2.4688518946e-02 -9.7923739466e-03 2.7531317518e-04
2.6271747119e-02 1.4284478598e-02 6.1513642521e-03
2.8482099172e-02 -6.7305219773e-03 5.1891860682e-04
3.2957462478e-02 1.0700585458e-03 1.6975104619e-02
4.9486289889e-02 1.2360555301e-02 6.0355169280e-02
4.0990538315e-02 2.2124003026e-03 8.5413947992e-02
2.3910320874e-02 -1.1177902607e-02 2.6092345247e-02
-1.1559898413e-02 -2.6170190604e-02 -1.8796758505e-02
-8.5659862137e-03 1.0973784510e-02 5.2847865975e-02
1.0077515611e-02 -4.6857296037e-03 5.2745646897e-02
-1.3212369113e-02 -1.5028759639e-02 5.4558707200e-02
-3.0325059510e-02 -7.2982200857e-04 3.2582996140e-02
-4.2068574367e-02 3.1049694217e-02 5.9431727167e-03
-3.3496054134e-02 2.8583553942e-02 -9.2613152349e-03
-3.0184139862e-02 1.6871830746e-02 3.7905075217e-03
-6.9736939444e-02 4.7479597502e-02 -5.9878508783e-04
-7.2289829532e-02 7.0283431133e-02 -1.1702911609e-03
-8.4227407279e-02 8.6238973404e-02 -1.0165466657e-02
-8.1334554685e-02 5.9182955119e-02 1.4762584784e-02
-1.2125530485e-01 7.7941252875e-02 2.4319460136e-02
-1.4265143332e-01 7.5423851592e-02 5.3680586835e-02
-1.3140639737e-01 7.3631451252e-02 9.2040912458e-03
-8.1371023421e-02 2.3215670081e-02 9.6568674251e-03
1.0596747488e-02 6.6533891951e-03 4.8447996451e-02
1.9611320152e-02 -2.5521748957e-02 4.7086960964e-02
1.0865840939e-02 -3.2436464586e-02 5.6992019478e-02
3.6562339657e-03 -3.0489402246e-02 2.6111002922e-02
-1.3764348894e-02 -4.6825005267e-03 8.0501832438e-03
-1.0660613941e-02 -1.0311859482e-02 -7.2096243971e-03
-2.2426633310e-02 -1.2483571841e-02 -4.4573857665e-04
-3.2140084705e-02 1.7638718842e-02 -6.8999114612e-03
-5.0403372968e-02 4.2050504533e-02 -5.8100438158e-03
-5.2932864372e-02 5.4118857805e-02 -1.8471986385e-02
-6.5661320313e-02 4.0529304052e-02 3.0892874770e-03
-8.2339243033e-02 5.7773096942e-02 2.0463813107e-02
-8.7710655731e-02 4.6397715224e-02 5.0946864512e-02
-7.4791758343e-02 4.9267032722e-02 5.9055760900e-04
-3.9548651946e-02 1.1696827391e-02 -8.8527001942e-03
-1.3163321749e-02 1.8469682988e-02 3.1356492610e-02
7.3341301966e-03 -1.5755119562e-02 3.4038883861e-02
-1.1713469340e-02 -1.7690083697e-02 4.6279517964e-02
-9.9715888380e-03 -7.0019962008e-03 2.0832259979e-02
-2.4170728218e-02 2.9564397693e-02 -7.1348905109e-03
-1.6453315767e-02 2.3652443891e-02 -1.5674185078e-02
-2.8015424384e-02 2.6578794961e-02 -1.0501989984e-02
-4.7419200079e-02 5.7663203861e-02 -2.3052547666e-02
-5.8985052648e-02 8.2268546237e-02 -2.9463819722e-02
-5.4509355650e-02 8.8355570891e-02 -4.6501143874e-02
-3.0990920398e-02 4.9846576887e-02 4.8893858082e-03
1.2117428627e-02 3.5625887197e-02 -1.3074358698e-02
-5.4417410701e-02 4.2926208361e-02 4.9674810202e-04
-9.4566100697e-02 7.1170832476e-02 -4.3708603446e-02
-6.6047363638e-02 2.7338159872e-02 -3.3918203049e-02
1.2538819918e-02 1.8834551254e-02 2.3828071517e-02
3.6253810588e-02 -1.9552346166e-02 2.3349038246e-02
4.1164412845e-03 -2.2613195858e-03 1.7548320471e-02
-5.9667640713e-03 7.1553773201e-03 -9.8141221690e-03
-2.4541113600e-02 4.0988844802e-02 -2.7614980530e-02
-4.4837277016e-03 2.8584951167e-02 -4.4106401415e-02
-2.0439005189e-02 2.8359158610e-02 -4.0124057482e-02
-1.4695334546e-02 4.3639630643e-02 -4.0079494372e-02
-2.0519262160e-02 6.2962471339e-02 -4.0508470858e-02
4.4936707616e-02 1.9518179914e-02 6.3403311344e-03
4.3512301200e-01 -2.8268995529e-01 2.3932397866e-01
9.3388858672e-01 -5.4332553195e-01 -1.1841494770e-01
3.6849577215e-01 -1.7644882195e-01 -4.3560595866e-01
-4.6381498307e-02 3.4452595992e-02 -1.1516708797e-01
-5.0463508633e-02 6.6409113633e-03 -5.3572719258e-02
6.4433359411e-03 9.5318940938e-03 2.8138059909e-02
5.0347412291e-02 -2.3479826730e-02 3.0581595573e-02
3.2794381465e-03 -3.3254329892e-03 2.9027884312e-02
-7.5352730409e-03 1.4679373218e-02 4.4949709628e-03
-3.2700637458e-02 4.8701778012e-02 -1.6088733956e-02
-1.0602806455e-03 2.5378949662e-02 -3.5020316876e-02
-1.3642912251e-02 2.0270145667e-02 -3.4207947965e-02
-2.1622043047e-02 2.2476100645e-02 -3.5922187454e-02
1.0713119912e-03 -1.4839617622e-02 2.6292752388e-02
1.3203344544e-01 -1.1039125785e-01 1.9371207253e-01
5.5400875019e-01 -5.4283644853e-01 5.0871086699e-01
8.7540644819e-01 -6.7234063571e-01 -4.9086924217e-01
5.3040195196e-01 -4.8257425908e-02 -1.5379614316e+00
2.0514362654e-02 6.3011913223e-02 -3.7274496087e-01
-4.8019279275e-02 3.0607828041e-03 -4.5395524382e-02
1.7888372467e-02 -1.0561572935e-02 2.7729345907e-02
4.3033403742e-02 -4.9253702285e-02 1.8007503724e-02
1.0779326927e-02 -3.6017919378e-02 2.7518309414e-02
-1.7403938566e-02 -1.9244989394e-02 5.0854979554e-03
-1.8197664058e-02 1.0549246056e-02 8.7483865334e-04
-5.2279869147e-03 -2.1199780673e-02 -2.9179550452e-02
-8.8397858285e-03 -3.2457050824e-02 -1.1292740269e-02
-1.0989177157e-02 -5.4226188207e-02 -7.0570404036e-03
1.3865147779e-03 -1.1771796403e-01 1.2420172966e-02
-1.4988352674e-02 -2.6017875257e-02 1.4222949886e-01
-9.6088336819e-03 -2.3322605981e-02 2.3009702128e-01
-7.3107194881e-02 4.0848842836e-01 -4.2122805652e-01
1.7060840320e-01 1.1075161709e+00 -1.6904841028e+00
2.5559793644e-01 3.0857490115e-01 -7.4460134069e-01
1.2509111841e-02 -1.0288025756e-03 -8.6702852220e-02
2.7593663193e-02 -3.0984671238e-02 3.1652633719e-02
5.1773534925e-02 -5.3339964021e-02 2.7330394770e-02
1.4965938154e-02 -4.2236349658e-02 4.0174834180e-02
6.8244390142e-03 -2.5046569398e-02 3.3811627338e-02
-2.1322776509e-02 4.5695879566e-03 1.9588225757e-02
-4.9940662387e-03 -1.2402304163e-02 -1.0550809244e-02
-1.4683857411e-02 -1.9603505940e-02 6.9587546433e-03
-1.2459654395e-02 2.0598657707e-02 -6.5227686717e-03
-6.0679724390e-02 4.4001238193e-02 -1.0532980533e-01
-9.4742724654e-03 1.9950533980e-01 2.1670331168e-02
1.2996752347e-02 2.7791401406e-01 3.6858737125e-02
-8.5941551952e-02 9.6984401634e-01 -1.8808563504e-01
2.8724699032e-01 1.8503661048e+00 -8.6350899480e-01
7.4546673383e-01 7.0134403038e-01 -9.5425404135e-01
2.9388907583e-01 1.5838472331e-02 -3.6247278535e-01
2.2414804295e-02 -5.2265144689e-03 1.8887439596e-02
5.4016323382e-02 -3.7700182164e-02 2.1837417220e-02
4.7475220344e-03 -1.0935663126e-02 2.2143043082e-02
-1.7858458884e-02 1.7607961264e-02 -3.5975821268e-03
-4.2446190384e-02 5.0489409935e-02 -1.8955902151e-02
-1.8657753153e-02 1.2787300380e-02 -2.3008608750e-02
-4.0685274208e-03 -1.0622547357e-02 -1.6482310902e-02
-4.0454448014e-03 9.8647192074e-02 -1.2277114795e-01
-9.6022169585e-02 2.2252375935e-01 -6.8054919497e-02
-7.9078372933e-02 4.2719350358e-01 1.2977009577e-01
-6.9816047423e-02 8.7000680333e-02 2.0342384891e-01
2.1234990242e-02 4.4298409613e-01 1.5418832734e-01
3.3553298206e-01 1.2764060069e+00 1.6112888168e-01
9.7454828493e-01 3.9464546051e-01 -3.6165395768e-01
6.3830126528e-01 -2.3125274259e-01 -1.2635751897e+00
2.3663172713e-02 -1.4776153684e-02 3.7212530401e-02
4.9861261255e-02 -3.7761859592e-02 3.4749409196e-02
1.6448250399e-02 -2.2029562610e-02 3.0280109713e-02
-1.4254572457e-03 1.5954504411e-03 7.6958513295e-03
-2.5128243515e-02 2.6809700254e-02 5.0874073539e-03
-2.1815917825e-02 1.7833089711e-02 -1.9192299695e-02
-5.4496293805e-02 3.2064500090e-03 -2.5688286699e-03
-3.1667577247e-02 1.1255996763e-01 -1.2293280105e-01
2.1752847880e-02 2.3067270517e-01 -2.6972125933e-02
5.8194730847e-02 3.2774073727e-01 2.4342536976e-01
-1.4147373201e-01 -1.2192219639e-01 1.8851780424e-01
-7.2741854405e-02 -2.7916193571e-01 4.8445009631e-01
6.3394899959e-02 2.3103606768e-01 7.1886838889e-01
-1.5609051479e-01 -4.0945676633e-01 -1.4440659040e-01
-4.1968892370e-01 -5.5742100078e-01 -2.0765750443e+00
-1.1613599178e-02 -1.8707988083e-03 4.1227838911e-02
1.3366601944e-02 -1.8241300906e-02 4.8989310543e-02
5.3137713151e-03 -1.9647700587e-02 5.2954564432e-02
5.4975213320e-03 -1.3035454193e-02 4.8331802872e-02
-3.3979538933e-03 -1.9417474678e-03 4.7764011772e-02
-2.9612031677e-03 -1.4515958350e-02 2.1951171848e-02
-1.4852081620e-02 -1.2206651665e-02 4.7995589739e-02
-4.3002006445e-02 2.8309786786e-02 1.6955563844e-03
8.3740254420e-03 8.7317526960e-03 -1.3928353251e-02
6.3081312664e-02 -4.6710552088e-02 1.8351910047e-01
-8.9975014582e-02 -6.2704598578e-01 2.4462309283e-01
-2.9040878236e-01 -8.8237376932e-01 5.3986983028e-01
-1.0183523051e+00 -7.8636829245e-01 3.7193484985e-01
-1.9399073864e+00 -1.0977172991e+00 -8.2938682420e-01
-1.1230725908e+00 -4.3422602986e-01 -1.3317907653e+00
1.2612791306e-02 -1.2153649492e-02 4.4416369613e-02
3.2777376067e-02 -3.2806935821e-02 4.5079209472e-02
2.1670455485e-02 -3.4575754169e-02 4.8699566473e-02
2.9754496913e-02 -4.0011939168e-02 3.9352203262e-02
1.9268685654e-02 -2.6084326385e-02 3.9321531926e-02
8.7135895806e-03 -3.2710395371e-02 1.8183131253e-02
-4.4808419540e-03 -3.1966247053e-02 3.5529597726e-02
-1.3082602536e-02 -2.9324628741e-02 3.2000687230e-02
-3.2473832716e-04 -6.3492587637e-02 3.2460387463e-02
1.1098209703e-01 -1.2991070037e-01 1.7840249070e-01
-1.2561741541e-01 -6.4185542085e-01 3.2537950544e-01
-5.8709894479e-01 -1.0358875417e+00 3.2117750584e-01
-1.2064815899e+00 -7.8283732429e-01 2.2993504167e-02
-1.2704829743e+00 -5.5386608343e-01 -4.5327935736e-01
-3.1317751951e-01 -1.0130545360e-01 -2.4366793842e-01
3.9517858072e-03 -1.2701404723e-02 3.8829610705e-02
3.4054969247e-02 -3.1339196919e-02 4.3534501798e-02
2.2547761593e-02 -3.8616122905e-02 4.8540811613e-02
2.5535666894e-02 -3.4822356351e-02 4.2876358014e-02
3.8333588812e-03 -2.0565980118e-02 3.9896018517e-02
3.4704285498e-03 -2.4717084756e-02 2.1762694159e-02
1.4098241485e-03 -2.5168893638e-02 3.2544172956e-02
-2.0163702023e-02 -1.8031534729e-02 2.2933680542e-02
-3.4779767024e-02 -3.0021758632e-02 5.5372950168e-02
-5.8781121441e-02 -9.2778239711e-02 1.0744099208e-01
-1.7799359079e-01 -2.7469062009e-01 1.6046659814e-01
-3.6132312930e-01 -3.7736222932e-01 6.3590337956e-02
-2.4591039235e-01 -1.5744116932e-01 1.8110984519e-02
-1.6261559222e-01 -2.0589066581e-02 -4.2897532381e-02
-2.4327302299e-02 8.1381774358e-03 -1.5236093450e-02
-3.3402823240e-03 1.4566193608e-03 3.9675576213e-02
3.3958236093e-02 -2.7844510061e-02 4.2915574057e-02
1.3347451627e-02 -2.3992873608e-02 4.0246899017e-02
7.6566317927e-03 -1.4435532773e-02 2.3944853093e-02
-3.5005138678e-03 6.0531382851e-04 2.1523479358e-02
4.2163822907e-04 -1.2453670494e-02 3.2194882163e-03
-1.7697896085e-02 -7.8867963555e-03 5.4777428060e-03
-1.9744716402e-02 3.1019467178e-03 -1.6380835299e-03
-1.5876728854e-02 8.4204442766e-03 4.6415243704e-03
-3.2594042362e-02 -1.8566987023e-02 -1.6010946687e-02
-4.7107294063e-02 -6.9850269220e-02 -7.7071289729e-03
-7.5552598488e-02 -4.1819527746e-02 -2.9270154388e-03
-2.5751961037e-02 1.2646484329e-02 1.4093371246e-02
-1.8602089058e-02 2.4212963520e-02 -1.4390673944e-02
-1.1161542457e-02 -7.5800496268e-03 -3.7982906171e-02
-7.5249522167e-03 -3.4826061201e-03 3.8676894916e-02
3.2527957026e-02 -2.7264493754e-02 3.9557807841e-02
5.0046023291e-03 -2.7627088653e-02 3.9197942488e-02
1.1176739360e-02 -2.1604981318e-02 2.7944466807e-02
-1.0541132161e-02 -2.1854371330e-04 2.4532119635e-02
-2.4215541368e-03 -1.7322660684e-02 7.4186261615e-03
-5.7608733321e-03 -1.8294659691e-02 9.4997317568e-03
-1.9895399352e-02 -1.5714994683e-02 1.9912062884e-03
-1.4311346373e-02 1.0620941881e-02 -9.8958643866e-03
-1.7117131306e-02 1.7268721814e-02 -2.5361382197e-02
2.0432485748e-03 1.3955869010e-02 -1.9702257998e-02
-1.2899137363e-02 2.8797755317e-02 6.5130100119e-03
-7.7501115820e-03 1.6397972768e-02 3.1946857676e-02
-2.2114885389e-02 -1.6836814403e-03 1.9242897639e-03
-1.5297736739e-02 -1.8833491725e-02 -3.6952088920e-02
-3.2288235719e-03 -7.3312250765e-03 3.5230067097e-02
2.5460830574e-02 -2.3141700148e-02 2.7547895476e-02
5.2123726400e-03 -2.4942183057e-02 3.2586919145e-02
2.8162566890e-03 -2.2151938266e-02 2.4796996279e-02
-5.1606833858e-03 -1.4803609753e-03 2.7087058733e-02
-1.6982074672e-03 -2.2986155792e-02 1.8724568851e-03
1.1844697236e-03 -2.1265776718e-02 6.6808500482e-03
-2.1846474456e-02 -1.1848396799e-02 -2.6135384424e-03
-3.1851083265e-03 1.0983509605e-02 -2.3592622027e-03
-1.4193942103e-02 8.5450758358e-03 -1.6641375990e-02
1.3703244523e-02 6.2157423981e-03 -8.2138627790e-03
4.7513738538e-03 1.2924791827e-02 3.2902216688e-02
7.2042342717e-03 2.5442285552e-03 5.5990703055e-02
-1.0729917383e-03 -1.2943859010e-02 2.1594244203e-02
-1.3096436159e-02 -2.3992788452e-02 -3.5517197914e-02
3.1935090910e-02 -3.3939263552e-02 4.3555801934e-02
5.8907438855e-02 -5.8545309712e-02 3.2927031274e-02
4.2380272371e-02 -5.6506978183e-02 4.5561051759e-02
2.7450080881e-02 -5.4225564998e-02 3.6962641146e-02
1.9664632222e-02 -2.9961902047e-02 4.1067864115e-02
1.5312982379e-02 -4.3605048848e-02 8.4705026211e-03
9.9527013444e-03 -3.4164722149e-02 1.0914811255e-02
6.0060223927e-03 -2.6960252553e-02 4.3130948900e-03
1.5793650738e-02 -4.2679205554e-03 1.1229648665e-02
1.1953206920e-02 -1.2485683261e-02 -1.2497461543e-03
2.3953437087e-02 -4.6101865833e-03 9.4303268282e-03
2.4217956127e-02 -3.2245027795e-03 5.6882528550e-02
3.0926149794e-02 6.0084258401e-04 7.5389890791e-02
1.9759420441e-02 -4.2836968585e-03 3.0938948496e-02
4.4693343515e-03 -1.9727644297e-02 -1.7564832665e-02
-2.9692463438e-02 1.9671806514e-02 5.8816269408e-02
-1.1315203913e-02 6.7172699406e-03 6.9132337624e-02
-2.2545747236e-02 -9.8318901653e-03 6.9462836244e-02
-3.4984729172e-02 1.5330598164e-03 5.5625558881e-02
-4.6803264170e-02 2.9282750640e-02 2.1627192233e-02
-3.8188764879e-02 3.6882696379e-02 1.5344060469e-02
-3.4032574051e-02 2.3258162859e-02 2.1688109983e-02
-6.5520931069e-02 4.1091736579e-02 1.4437013898e-02
-7.4309807759e-02 5.6016229354e-02 9.8594986860e-03
-8.6051283808e-02 7.8232695802e-02 -1.6552030291e-04
-8.3340629999e-02 6.7595759155e-02 2.7905319942e-02
-1.1265916710e-01 8.8694040194e-02 2.0602669946e-02
-1.3338877665e-01 8.9446120114e-02 4.8190242457e-02
-1.1866515025e-01 8.3724744216e-02 -4.2696742113e-03
-6.3177214150e-02 4.8202617179e-02 5.4897684496e-04
-1.1836617600e-02 1.2243781735e-02 6.2387523224e-02
-6.6864398439e-03 -1.5624318836e-03 7.0916483740e-02
-1.7388639361e-02 -1.7933131090e-02 7.1694226354e-02
-9.5146351891e-03 -9.2565474726e-03 5.6685581570e-02
-2.3805870692e-02 9.0377152077e-03 2.2856074318e-02
-1.5278106255e-02 1.2176418610e-02 1.7006472914e-02
-2.7702623388e-02 1.9971680596e-03 2.2491535252e-02
-3.4453852863e-02 1.7738609141e-02 1.2140352432e-02
-5.3871467140e-02 4.0473985467e-02 5.5792690018e-03
-6.0516301498e-02 5.7537675761e-02 -5.9742581267e-03
-7.0458651099e-02 5.9577171579e-02 2.2167644550e-02
-7.5208489419e-02 7.3051774644e-02 1.5677244835e-02
-7.4371795873e-02 6.9963697205e-02 3.9571238366e-02
-5.4590376404e-02 6.6438113082e-02 -1.9167986275e-02
-2.1822211392e-02 4.0691162604e-02 -1.4087335128e-02
-3.3545274011e-02 2.5033225841e-02 3.9164999411e-02
-1.5537419594e-02 3.3581050660e-03 5.6855014669e-02
-3.1560034428e-02 -2.7661478111e-03 5.0456962873e-02
-1.8188104201e-02 7.0803891882e-03 3.8313157931e-02
-3.3241259679e-02 3.2570634194e-02 3.7662324710e-04
-2.1449580821e-02 3.7683534032e-02 -1.5153720987e-03
-3.0392143909e-02 3.4718082645e-02 -6.9918409491e-04
-3.9663177415e-02 4.7617160363e-02 -1.0955145644e-02
-5.4116667018e-02 6.2819260518e-02 -2.0526892835e-02
-6.4407255479e-02 9.2443861493e-02 -4.4391981048e-02
-6.9344328924e-02 8.0653386160e-02 -1.2801593570e-02
-8.5654679789e-02 9.9331205012e-02 -2.2693322760e-02
-9.0336419301e-02 8.0468678172e-02 -3.9263728895e-03
-7.7802331407e-02 7.8248052307e-02 -5.5831646634e-02
-4.5985083309e-02 4.7801532688e-02 -4.5627468023e-02
-1.3902507313e-03 3.1681996302e-02 3.6099468761e-02
1.6947176304e-02 5.9291585871e-03 4.9898127846e-02
-5.8771414995e-03 1.1162070676e-02 3.8835849782e-02
-5.9547716058e-03 2.5873292932e-02 1.2339448520e-02
-2.3984444389e-02 5.0444458942e-02 -1.7360000000e-02
4.6961606999e-03 4.5598446584e-02 -1.9154633422e-02
-6.0245856307e-03 3.7794096919e-02 -2.0369631673e-02
-3.3902970546e-03 4.8424140005e-02 -2.8136735580e-02
-3.1009552752e-02 7.2802919750e-02 -3.9422226231e-02
-2.5493754792e-02 7.8576425207e-02 -4.7082029447e-02
-7.4492489700e-03 2.4274013346e-02 1.4811655678e-02
8.9557121791e-02 -7.1289104451e-02 -1.6610192826e-02
1.2537809996e-02 -2.0182417599e-02 -6.9004416553e-02
-6.5697244371e-02 6.4405410322e-02 -6.9113853548e-02
-3.4246961885e-02 2.7338019797e-02 -5.7225772627e-02
-1.9016176005e-02 1.6830507107e-02 3.2639103617e-02
7.4552369042e-03 -4.7404961181e-03 4.0970882217e-02
-2.1146448875e-02 3.5546031353e-03 3.2636945685e-02
-2.8842128478e-02 1.9343240567e-02 1.4815530930e-02
-4.3753016472e-02 4.5610660026e-02 -1.4537648796e-02
-1.6367574062e-02 3.6166456889e-02 -2.3583098703e-02
-2.1061352455e-02 3.1119546502e-02 -2.6847801601e-02
-3.2466535919e-02 3.5061024227e-02 -3.6706256848e-02
-4.9815251677e-02 4.7041688927e-02 -4.0467561100e-02
-3.2938682968e-02 1.9095442428e-02 -1.2467454309e-02
1.3464394250e-01 -3.0605928221e-01 2.3270792519e-01
5.6587201804e-01 -8.8693305267e-01 1.6075597859e-01
4.9142238936e-01 -5.8502149070e-01 -3.8372108162e-01
3.1173577685e-02 -5.2467956738e-02 -1.7860925537e-01
-4.4134572183e-02 2.0045255658e-02 -5.3149460531e-02
-1.1155792478e-02 4.0658369774e-03 3.9566707125e-02
1.7914024221e-02 -2.2024795717e-02 4.0556591790e-02
-8.3182268194e-03 -1.4527933034e-02 3.9856230914e-02
-2.0140866671e-02 -4.4878410449e-03 2.8486756504e-02
-2.9281508993e-02 2.2531610873e-02 1.1937503574e-02
-9.8407102933e-03 1.0335388120e-02 -1.5906605750e-02
-5.6210376738e-03 3.8965393511e-03 -1.4276698419e-02
-1.4122930276e-02 7.0340896646e-03 -1.8130958986e-02
-1.6904194587e-02 1.1010231788e-02 3.6241523112e-05
-1.9201687032e-02 -2.6731309076e-02 6.4700730470e-02
2.0198491044e-01 -6.8288994448e-01 5.2396154413e-01
5.6244965439e-01 -1.3966546446e+00 5.8876054762e-01
8.3197487734e-01 -9.7434648249e-01 -7.6778464993e-01
3.8013383056e-01 -3.3472017183e-01 -6.3952168753e-01
2.0422528657e-02 -2.4123331085e-02 -8.2455155499e-02
3.6890659341e-03 -1.9219282422e-02 4.1676545539e-02
2.6921391751e-02 -3.4972351958e-02 4.4239685371e-02
-1.3910262536e-02 -2.5791182615e-02 4.7407351113e-02
-1.4380454820e-02 -1.3871218985e-03 3.3700243672e-02
-3.6916417322e-02 2.3513596406e-02 8.2570468414e-03
-1.6159191144e-02 2.0792741962e-02 -1.3499868633e-02
-2.8817160550e-02 2.0979486561e-02 -1.2071311493e-02
-2.7082035308e-02 2.3610128401e-02 -1.8209296705e-02
-3.3916046061e-02 5.3409451524e-03 2.3003274904e-03
-1.2604235898e-02 2.7111901738e-03 7.9937980458e-02
7.1983967102e-02 -5.7790840764e-01 4.4804466662e-01
5.7958810536e-02 -1.0054838434e+00 7.2974974711e-01
4.0179351715e-01 -9.4219586564e-01 -5.1492310743e-01
6.2506994354e-01 -7.4546867529e-01 -1.3216176128e+00
1.6536521823e-01 -1.0986859211e-01 -3.5180138350e-01
8.5248861243e-04 3.4232226487e-03 2.7905874558e-02
3.6855521851e-02 -2.0727353204e-02 3.7924150621e-02
-1.2947542289e-03 -3.0097002597e-04 3.3018575135e-02
-1.9981451589e-02 2.1721806361e-02 1.2675691610e-02
-4.9569658913e-02 5.3797705326e-02 -1.9066126640e-02
-3.1558404678e-02 4.0885556630e-02 -2.9375236520e-02
-2.7074219415e-02 3.2996569521e-02 -2.0029305489e-02
-3.7455984756e-02 5.2745958796e-02 -3.1501474566e-02
-3.7098740025e-02 2.6555422920e-02 1.5005125164e-02
-4.0114225386e-02 4.7496528385e-02 1.0730717933e-01
-2.2916317925e-02 -4.3406051856e-01 3.8948679997e-01
-2.1390321770e-01 -1.0483687880e+00 8.6349409616e-01
-3.3473397068e-01 -1.4138485379e+00 4.1921540443e-01
1.2631023222e-01 -1.4635569440e+00 -1.0695989139e+00
1.8012067507e-01 -6.0474114213e-01 -8.9626929769e-01
3.7608455433e-03 -2.8865000376e-03 4.0044650438e-02
2.5766258979e-02 -1.8901646948e-02 4.6937422279e-02
1.5620250497e-03 -1.5470068821e-02 4.2713125798e-02
-1.6104236647e-02 1.3035755439e-02 1.7347330774e-02
-3.4361008977e-02 3.4174218297e-02 -4.2639216784e-03
-2.4606799521e-02 3.2700283705e-02 -1.6563250032e-02
-2.8002712427e-02 2.1076186882e-02 -9.4701823425e-03
-3.5468174606e-02 2.5515948311e-02 -1.9470836829e-02
-3.6214294985e-02 3.1013769581e-02 2.2505592359e-02
-5.2264661522e-02 6.9777369083e-03 1.0421856130e-01
-1.5348643798e-01 -3.7236910795e-01 3.0736809057e-01
-3.5876512838e-01 -9.2047468267e-01 8.5705245356e-01
-8.9533467020e-01 -1.6286955012e+00 7.8106862288e-01
-9.9125394445e-01 -2.0364942348e+00 -5.5036656295e-01
-3.4977384916e-01 -9.2624713731e-01 -1.0383390976e+00
-3.0400010606e-02 4.4839812637e-03 3.9655798964e-02
-1.1140226159e-02 -3.3665050066e-03 5.3776055521e-02
-1.9209745800e-02 -1.3989647152e-02 4.7990962523e-02
-1.1660223791e-02 -9.6147292886e-03 4.9078348980e-02
-2.9875139813e-02 8.1092763896e-03 3.0965660784e-02
-2.9237266327e-02 9.1761580022e-03 1.5051135611e-02
-2.3975867508e-02 -1.9331653024e-03 2.7021981639e-02
-5.3951367771e-02 -9.7124729565e-03 1.5016312519e-02
-5.2937606123e-02 -4.1239078027e-03 2.9456821405e-02
-8.2217270355e-02 -3.2301332893e-02 3.7524702316e-02
-1.4934592515e-01 -3.3594604030e-01 1.6812123954e-01
-3.1187361781e-01 -5.9570501470e-01 5.4049312364e-01
-9.6090116148e-01 -1.1843602238e+00 5.1495728431e-01
-1.2671969170e+00 -1.3705372102e+00 -3.4006799015e-01
-4.2971498503e-01 -4.3096310243e-01 -4.3775959039e-01
-9.0219432355e-03 2.2986240665e-03 5.0861118608e-02
2.9342034390e-03 -1.2951990222e-02 5.6977390694e-02
-7.4979654341e-04 -2.3067719196e-02 5.5981977873e-02
8.2496279335e-03 -2.1850307614e-02 5.4575419348e-02
-5.7718907325e-03 -1.2325113799e-02 4.1665648909e-02
-1.3981508122e-02 -1.6050200064e-02 2.8745341988e-02
-1.6334898852e-02 -2.1775522387e-02 3.6099411362e-02
-2.6862154846e-02 -2.7397239910e-02 3.1436107230e-02
-3.3878430800e-02 -1.1235149679e-02 3.1822631166e-02
-3.9543370721e-02 -1.3985785468e-02 1.3384692797e-02
-7.0181994923e-02 -1.3399769266e-01 7.1201524265e-02
-1.6849992962e-01 -2.4862202587e-01 1.4925541412e-01
-3.2285281364e-01 -2.9901146666e-01 1.6454154689e-01
-3.3773770556e-01 -2.6186250252e-01 -4.9452936183e-02
-5.8911795198e-02 -4.0951164122e-02 -4.6871980539e-02
-1.9379023652e-02 1.5800214544e-03 3.8424935235e-02
-2.0318637827e-03 -1.3092087851e-02 5.0576780372e-02
-8.1012117109e-03 -2.3824021164e-02 4.8827444058e-02
-2.4344300978e-03 -2.1928650126e-02 4.8019778982e-02
-1.9508768176e-02 -1.0912022775e-02 3.4130737876e-02
-2.5383203428e-02 -6.2423577747e-03 2.3362106844e-02
-2.6922075601e-02 -8.7099808045e-03 2.9301256601e-02
-4.0935567892e-02 -2.2833413978e-03 1.5249047147e-02
-4.6562998077e-02 7.6433857498e-03 8.8352909056e-03
-5.6155443623e-02 2.5969405204e-02 -1.7559738919e-02
-3.6591119276e-02 1.6558956999e-02 8.6291138619e-03
-6.1729993190e-02 1.4560347465e-02 9.1470870197e-03
-4.6212775603e-02 1.9389812156e-02 4.5984449819e-02
-4.3677921823e-02 3.6850235713e-02 -1.7937092522e-02
-2.0248838535e-03 3.0198689961e-02 -1.8810820140e-02
-2.1238906648e-02 1.5550952249e-02 4.2553669638e-02
1.0136616122e-02 -5.7491582721e-03 5.4850045671e-02
-5.9913109613e-03 -8.4279972707e-03 4.8404245895e-02
-4.3905964456e-03 -4.9902963396e-03 3.6832978591e-02
-2.3461949629e-02 1.0063937993e-02 2.3408525719e-02
-1.1915699250e-02 6.7795791533e-03 1.7113823898e-02
-1.4218124663e-02 3.3494508441e-04 2.1347649480e-02
-2.0165981190e-02 2.4726138675e-03 1.3566956528e-02
-1.7985796376e-02 2.7149467029e-02 8.3500033626e-04
-2.1764133459e-02 3.8508941993e-02 -2.1005007589e-02
4.1708800530e-03 3.3408893476e-02 -3.6106525216e-03
-1.9242242110e-02 4.6069124108e-02 4.3615225169e-03
-1.9124068368e-02 3.5690592802e-02 2.4018288518e-02
-1.9363445524e-02 3.1833281301e-02 -2.3398101619e-02
2.7390265921e-03 3.1096318781e-03 -3.6458934053e-02
-2.3734998185e-02 8.8897175460e-03 3.6656003038e-02
7.1314391124e-03 -1.3106918264e-02 4.3322244165e-02
-1.6428979476e-02 -1.5435405954e-02 4.0778327766e-02
-1.6402066921e-02 -1.1728454881e-02 3.3310510414e-02
-3.3647826989e-02 5.2630464795e-03 2.4045168037e-02
-1.8645183999e-02 -1.5997663899e-03 1.1815726207e-02
-1.8498304161e-02 -7.6822074236e-03 1.5388688578e-02
-2.7878998313e-02 -1.0195395040e-02 4.2873085084e-03
-3.5512117036e-02 1.1729186637e-02 -6.3331175237e-03
-3.8545726641e-02 1.8187843136e-02 -1.9326058032e-02
-1.6831336849e-02 2.0690343877e-02 -6.0842218009e-03
-4.0351316546e-02 3.1155196726e-02 1.0474537706e-02
-3.6020424054e-02 2.1515365479e-02 2.9941562882e-02
-3.7269686427e-02 1.4359763394e-02 -1.7982551041e-02
-1.8992148138e-02 -3.0975086888e-03 -3.5294222885e-02
-3.0238358499e-02 3.2002245824e-03 3.9484257578e-02
-7.5394206780e-03 -9.7435206191e-03 3.8618545091e-02
-1.7915263316e-02 -1.6156782720e-02 4.0529565395e-02
-1.4037542041e-02 -1.2714865544e-02 3.7124455709e-02
-2.7458524495e-02 5.1487509693e-03 3.5637421512e-02
-1.9652140002e-02 -7.4467074068e-03 9.7836618279e-03
-1.3581727586e-02 -1.2605213796e-02 1.9262199620e-02
-3.0662505818e-02 -5.4106737191e-03 5.6171068970e-03
-2.0693680623e-02 1.2484137349e-02 7.9998416882e-03
-3.1471960820e-02 1.4218634993e-02 -9.6205059780e-03
3.2780824184e-03 5.5083507159e-03 1.3406550400e-02
-1.3653175870e-02 1.2370653445e-02 4.3657989880e-02
-6.2829289986e-03 4.5993109420e-03 7.9113860322e-02
-1.1129118771e-02 -6.1185218131e-03 2.9586799054e-02
-8.6429001182e-04 -1.4746431288e-02 -2.3157127206e-02
3.0233312739e-03 -1.8711819411e-02 4.7764918046e-02
2.8493560689e-02 -4.0943450279e-02 4.2685690233e-02
2.0589527636e-02 -4.4209394270e-02 5.2463302929e-02
7.0588321043e-03 -3.6693894969e-02 4.8749600932e-02
5.5653434080e-04 -1.6879916781e-02 4.4885621656e-02
2.3021743291e-03 -2.8640084008e-02 1.7567794631e-02
7.4994147892e-03 -2.3942790303e-02 2.4542183174e-02
-7.1981954768e-04 -2.0513720081e-02 1.3835116120e-02
8.5823110017e-04 8.3980734830e-05 2.0510947887e-02
-6.0438407790e-03 -2.8176420879e-03 4.4388105571e-03
9.3571809801e-03 4.5067495133e-03 2.5885201230e-02
5.3979843242e-03 2.7769707299e-03 6.0870931690e-02
1.2809571005e-02 1.5482081627e-03 8.9106214229e-02
8.3474086180e-03 -3.3005105199e-03 3.2098422138e-02
1.3729033261e-02 -7.9129991634e-03 -9.4124294793e-03
