-2.3631069306e-02 -3.8078808925e-02 -1.0469976206e-02
-4.7237277106e-02 -6.5540497623e-02 -1.3592210589e-02
-5.8581732876e-02 -7.4377460244e-02 -1.8163433051e-02
-7.5098818428e-02 -9.8207581411e-02 -6.1878336914e-02
-2.3811275519e-02 -1.3796149376e-01 -1.7143990251e-02
-2.8678292472e-02 -1.6667631001e-01 -3.9569844239e-02
-2.0692743762e-02 -1.9086743532e-01 -3.7137893521e-02
1.7677877255e-02 -1.8906497655e-01 -5.4579136770e-02
2.1109632295e-02 -1.9296070701e-01 -5.4728780681e-02
-3.5582999400e-02 -2.2867714195e-01 -7.7936328075e-02
-1.2343753409e-01 -2.5206179824e-01 -4.6016536467e-02
-1.1699605315e-01 -2.3381139151e-01 4.5593831235e-02
-8.8602517328e-02 -1.5443329905e-01 9.8398690084e-02
-2.7728949073e-02 -1.4250806288e-01 5.8579923631e-02
-3.0276061963e-02 -1.0764304586e-01 5.1390348675e-02
-3.1744634149e-02 -2.9252433466e-02 -1.3316481229e-02
-5.5279708151e-02 -4.8479156237e-02 -4.9321541256e-02
-6.9272790900e-02 -6.4362584600e-02 -6.3360741716e-02
-9.6432401467e-02 -9.1596037121e-02 -1.0382805255e-01
-4.0500575917e-02 -1.2509256942e-01 -5.9500746721e-02
-9.2440802044e-03 -1.1102106700e-01 -5.2580411663e-02
9.6861608479e-02 1.0792724323e-02 7.9811113233e-03
2.1557653735e-01 1.4559796100e-01 -3.9066270327e-02
2.3939960256e-01 1.8371195897e-01 -1.0853294798e-01
7.8403250358e-02 1.1612046907e-02 -1.5592712216e-01
-1.1529911276e-01 -1.8288413501e-01 -1.0705387363e-01
-1.1583211864e-01 -2.0431081156e-01 2.8471059386e-02
-8.2231483797e-02 -1.4826698842e-01 8.7012837355e-02
-2.2470311924e-02 -1.3612909143e-01 5.0410414874e-02
-2.8009428466e-02 -1.2740225313e-01 3.6127370413e-02
-3.5661520600e-02 -4.6449280134e-02 -2.7446188077e-02
-5.1924143641e-02 -7.7172041752e-02 -6.0044283154e-02
-7.8871874280e-02 -1.0664346450e-01 -9.1692296487e-02
-8.8300203202e-02 -1.1698700250e-01 -1.2580151920e-01
2.3943541119e-02 -6.7697614576e-02 -1.3648100479e-02
1.3634120706e-01 1.4988323983e-01 6.7899423558e-02
3.2919842445e-01 5.2637356186e-01 1.6182889299e-01
4.2913906359e-01 7.4138128750e-01 3.0606832504e-02
3.9733057432e-01 6.6427351380e-01 -1.5508327815e-01
1.3438600522e-01 2.3354661017e-01 -2.0980876850e-01
-9.5051310010e-02 -1.1783728196e-01 -1.6379606113e-01
-1.1404084892e-01 -1.8601345508e-01 -4.9228672516e-02
-8.3984603413e-02 -1.4877213106e-01 2.4690715680e-02
-3.1664543802e-02 -1.2872498951e-01 2.2797870183e-02
-3.7285699221e-02 -1.1373676742e-01 1.5867721524e-02
-3.5679544301e-02 -2.8221148234e-02 -4.1456660053e-02
-4.5014954663e-02 -7.4654807353e-02 -1.0893104113e-01
-4.6896491456e-02 -1.0057617982e-01 -1.4985600899e-01
-8.9094825470e-03 -4.0689820934e-02 -7.4456391796e-02
1.8023766353e-01 2.5276582875e-01 1.5237879104e-01
3.0911609515e-01 6.5213908206e-01 2.5951036587e-01
3.9648251837e-01 1.0407952844e+00 2.8760068970e-01
3.3181714479e-01 9.8503695274e-01 7.9297850229e-02
2.0571334329e-01 6.0203917856e-01 -1.2562652011e-01
4.2898017352e-02 9.3799680235e-02 -1.1300568231e-01
-9.8392600717e-02 -1.7353986442e-01 -8.9173218438e-02
-7.0477526069e-02 -1.1719907771e-01 -6.4182547046e-02
-6.0969815474e-02 -1.0203718578e-01 9.3558146337e-03
-1.9706334797e-02 -9.5484301416e-02 1.4232832654e-02
-2.7429996857e-02 -9.0433090796e-02 9.3802161727e-03
-4.9769130628e-02 -6.0980229994e-02 -5.1157265469e-02
-5.3211877219e-02 -9.9087659392e-02 -8.6689808881e-02
-3.2247122765e-02 -1.0144120031e-01 -9.3917690185e-02
4.5828544874e-02 9.2859638508e-02 6.5713829669e-02
2.2770972810e-01 6.2582910865e-01 3.1606233561e-01
2.7707894675e-01 1.0092693906e+00 3.5509584710e-01
2.6718700506e-01 1.1392162722e+00 2.6784613901e-01
1.8452126796e-01 8.6664355847e-01 4.3645043718e-02
1.0387728635e-01 2.1682736989e-01 -8.2155075760e-02
-1.8496897428e-03 -2.3073116164e-01 -3.2471139282e-02
-8.2208212524e-02 -2.9244068460e-01 -2.4422259514e-02
-5.9190647056e-02 -1.1603273675e-01 -1.7260836312e-02
-3.3671310528e-02 -1.0468862386e-01 1.3913737720e-02
-1.1211138955e-02 -9.3635034599e-02 1.4614961405e-02
-1.8485389678e-02 -8.3967761289e-02 1.2954364386e-02
-5.4666625244e-02 -7.1057593216e-02 -6.3535094607e-02
-4.6487087653e-02 -1.1333892460e-01 -1.0501699457e-01
-3.6090276549e-02 -9.3768489982e-02 -7.2126979865e-02
-8.0240283939e-03 2.1527762497e-01 1.2019565232e-01
4.9222260583e-02 9.0218242605e-01 3.7254695956e-01
5.1887899152e-02 1.1414848816e+00 3.2738981416e-01
1.7644341400e-02 1.0156149441e+00 1.8461490466e-01
2.2735479466e-02 7.3347932303e-01 4.4976876188e-02
2.4513547370e-04 3.8524986910e-02 -1.1240973530e-03
2.8866616763e-02 -4.6552154848e-01 1.6096875070e-02
1.6749941326e-02 -3.7514307106e-01 -7.5492076269e-02
-5.3617884618e-02 -8.1256767072e-02 -7.2767445629e-02
-5.8119629804e-02 -8.9294057640e-02 1.2127904643e-02
-2.5497502621e-02 -8.8297347579e-02 8.3865641611e-03
-3.1991823387e-02 -7.3939461361e-02 7.9124795211e-03
-6.2780380895e-02 -8.9905806747e-02 -6.7556118168e-02
-6.1809139610e-02 -1.2414335104e-01 -1.1260638057e-01
-5.3677516225e-02 -1.1206345489e-01 -7.3944843068e-02
-1.2301663405e-01 2.2175210826e-01 1.3012028825e-01
-2.3056642570e-01 9.1799451658e-01 3.5654547447e-01
-2.6950664191e-01 1.1135932372e+00 2.8852839617e-01
-1.6599931698e-01 8.6221283455e-01 1.6284464616e-01
-9.3729835697e-02 6.3637512139e-01 2.6978737331e-02
-9.0819578130e-02 1.2710830451e-01 2.7444747916e-02
-1.3796612398e-02 -4.8926038385e-01 1.4979872080e-01
9.1704354977e-02 -4.7306466163e-01 1.0189718974e-01
-1.2070237356e-02 -1.3114694823e-01 8.7422309281e-03
-4.8993362468e-02 -1.1041444700e-01 3.4973564327e-02
-2.2021422231e-02 -1.1052433250e-01 1.8263965775e-02
-2.2181347464e-02 -1.0142803998e-01 2.1857843763e-02
-5.1940860276e-02 -7.6349883393e-02 -5.2767887208e-02
-4.9299248460e-02 -1.1345434218e-01 -9.1632350393e-02
-4.8392074471e-02 -1.4105396202e-01 -1.0089060368e-01
-1.3976899257e-01 1.0420379498e-02 -1.1747195637e-02
-2.1413228603e-01 4.1076733897e-01 1.7267764344e-01
3.2659651207e-02 7.6592855822e-01 3.2063536857e-01
5.5065517694e-01 8.9024037669e-01 2.7221771971e-01
8.1003513335e-01 7.5336660131e-01 -2.5571418045e-02
6.4199241437e-01 5.0626228775e-01 -2.5318585556e-01
2.7967950640e-01 1.1537320227e-02 -1.4073478043e-01
1.1889081030e-01 -1.8541759948e-01 4.1096617909e-02
1.6950863021e-02 -8.1569496238e-02 -1.3944306306e-03
-7.1956235415e-02 -1.2301530838e-01 3.3467754812e-02
-4.7321557431e-02 -1.2294590190e-01 2.7505822391e-02
-3.8429629185e-02 -9.8071258003e-02 1.9912113091e-02
-4.8042718894e-02 -6.3938260730e-02 -2.9980126018e-02
-4.5163684723e-02 -8.2321783236e-02 -5.7585508047e-02
-3.8170998966e-02 -1.1074907623e-01 -7.6232047560e-02
-5.5719039483e-02 -9.9600555989e-02 -6.0322543918e-02
-8.5150516775e-03 2.1833186275e-01 2.1335967042e-01
2.3010040179e-01 1.3086929999e+00 8.3952700383e-01
8.0070452712e-01 2.3553330878e+00 9.2340243442e-01
1.2042278183e+00 2.4031532946e+00 1.3332827303e-01
1.2701412455e+00 2.2594255698e+00 -7.8679986068e-01
9.0473496407e-01 1.4339697181e+00 -1.0426358650e+00
5.5776640663e-01 7.6898696860e-01 -3.5083353228e-01
2.9847505364e-01 4.2054655931e-01 -2.6481326880e-01
-1.4384029837e-02 -9.2605281889e-02 -1.2977017528e-02
-1.8174562117e-02 -1.3733234882e-01 3.4889805490e-02
-1.2468624443e-02 -1.1459050044e-01 2.4301899463e-02
-2.2500211697e-02 -5.9638739948e-02 3.5950743555e-03
-2.1096467535e-02 -6.4551073724e-02 6.4842656012e-03
-1.7469702167e-02 -7.7540370209e-02 -8.1038066123e-03
-4.1824907073e-02 -7.2918610807e-02 -1.8323163082e-02
-1.2165282063e-01 1.5023519364e-01 1.7700571998e-01
-4.9649445293e-01 1.0579729848e+00 7.6285217919e-01
-8.7228599733e-01 2.3942773495e+00 1.1985772340e+00
-6.7381717637e-01 2.8549300921e+00 4.9679193674e-01
-3.7255352267e-01 3.0096302571e+00 -6.9348756312e-01
-3.1598813542e-01 1.9996199865e+00 -1.2622040636e+00
7.4512099207e-04 1.1740231028e+00 -5.8672875324e-01
1.5768624187e-01 8.0768913114e-01 -4.0217051133e-01
-2.7244171133e-02 -9.1741070971e-02 -6.5283082686e-02
3.5623217550e-04 -1.4971683574e-01 1.6013073915e-02
-7.0250172431e-03 -1.0778190543e-01 3.3421341992e-03
-1.2120064576e-02 -6.0718954574e-02 1.3914323512e-02
-1.0541612649e-02 -6.3379398453e-02 -2.4921315943e-03
-8.0848971368e-03 -6.2619991315e-02 -6.8687179798e-03
-2.5162085521e-02 -6.0817157367e-02 -3.7116482801e-02
-6.9046189298e-02 -9.7280005696e-03 1.9123341351e-02
-3.5343491737e-01 3.1393599479e-01 2.6907712967e-01
-1.1077950766e+00 1.1309188305e+00 7.1064987116e-01
-1.6875145564e+00 1.8636838778e+00 5.3178606592e-01
-1.5528882162e+00 2.1882813047e+00 -1.9833578267e-01
-9.8324641818e-01 1.1391179489e+00 -6.1718348426e-01
-3.1410457615e-01 8.7093490952e-01 -3.4777900714e-01
-5.2500771118e-02 7.0522535574e-01 -3.4712389467e-01
-2.1517852520e-02 -9.2243432580e-02 -7.0918199161e-02
1.2306360316e-02 -1.3437922945e-01 -1.3439584796e-02
1.3100271871e-03 -1.1444950335e-01 -2.6480793894e-03
-1.0680196836e-02 -6.8202028997e-02 1.6540274017e-02
-3.2084772801e-03 -7.3714223540e-02 1.1956041016e-02
-5.5121047581e-03 -7.4241877380e-02 9.7156621451e-04
-1.6879098323e-02 -7.3796714541e-02 -3.1853593558e-02
-1.5664825825e-02 -7.8055539251e-02 -2.0093237973e-02
-7.0273318603e-02 -2.2028604867e-02 2.0813998939e-02
-3.0008572376e-01 2.0406811939e-01 1.6418870130e-01
-7.8094061619e-01 5.7100477780e-01 2.6131091169e-01
-1.0040660021e+00 9.1568089853e-01 1.2365864060e-01
-5.9712718725e-01 6.7786006986e-01 -9.9441652902e-02
-2.0899650794e-01 5.7861990177e-01 -1.6230156308e-01
-1.0153971038e-01 3.9404562430e-01 -2.0669274676e-01
3.7792792496e-03 -1.2381349648e-01 -5.0099452635e-02
1.7017885702e-02 -1.3586956481e-01 -8.6128902607e-03
5.2362859566e-03 -1.0961192297e-01 8.6936628200e-03
-1.2475281227e-02 -5.7209339370e-02 1.1396154632e-02
-1.0321665070e-03 -6.1007355468e-02 -3.4309381478e-03
1.7257552544e-03 -6.3660714569e-02 -2.3368770062e-02
-3.7687262504e-03 -6.3383713640e-02 -5.2172692351e-02
4.7404692686e-03 -6.5899501886e-02 -2.8125174474e-02
1.8878802480e-02 -6.4848040883e-02 -2.4477068760e-02
1.0320359523e-02 -3.0053568937e-02 -1.5769715783e-02
-8.5067758294e-02 3.1449147491e-02 3.2621886594e-02
-2.3178484663e-01 1.7108215994e-01 7.7375830399e-02
-2.0240019818e-01 1.7803782802e-01 3.5752816013e-02
-1.3013535251e-01 2.4319959494e-01 -1.1193855203e-01
-9.4811213539e-02 1.7738258223e-01 -1.3719663266e-01
-6.4435738977e-03 -1.0925046596e-01 -3.8585469796e-02
1.1363926462e-02 -1.0329838830e-01 -7.4358997313e-03
-1.2152538520e-03 -8.0856135321e-02 5.6745570287e-03
-2.2945486773e-02 -5.9624658775e-02 9.3498312242e-04
-7.4270489261e-03 -6.1547757193e-02 -9.5550681653e-03
-3.4815796686e-03 -6.7437036396e-02 -2.1175256969e-02
2.3564598888e-04 -7.4146196433e-02 -3.0700532995e-02
5.4148327097e-03 -7.6093005411e-02 -1.1750455588e-02
6.4519455097e-03 -6.4517579770e-02 -1.3784134150e-02
3.1835946265e-02 -5.4452313887e-02 -2.5144874754e-02
2.2159923991e-02 -6.2226151816e-02 -3.2053648292e-02
-2.4160307895e-03 -5.2095595431e-02 -1.3623125551e-02
-2.1568121405e-02 -2.4313720960e-02 -7.1312589552e-03
-4.0463720347e-02 3.6225254650e-02 -6.1450804994e-02
-2.9492084401e-02 -1.5792781305e-02 -5.7018863871e-02
1.6868468949e-02 -1.0848429763e-01 -7.8108758770e-03
2.1960333412e-02 -9.8663932599e-02 4.4814415601e-03
5.6602319671e-03 -7.7356750209e-02 1.9381140879e-02
-2.2119115177e-02 -6.2728269178e-02 -7.7012487482e-03
-9.8328080168e-03 -6.3944268502e-02 -1.8260792646e-02
-6.0829839608e-04 -7.0190236738e-02 -2.0630801534e-02
-2.0085187555e-03 -8.6676184128e-02 -3.7534335162e-02
-1.0508364476e-02 -9.3122251722e-02 -2.7183550616e-02
5.4587539955e-04 -7.8805073771e-02 -3.7276669415e-02
2.1321217750e-02 -6.4804677876e-02 -2.9407618574e-02
2.7336517572e-02 -7.8145543824e-02 -3.4528264018e-02
1.3165897833e-02 -8.3014707261e-02 -2.5645743528e-02
7.2869324243e-03 -8.1427717274e-02 -3.3405242304e-02
6.0181930243e-03 -7.0082784681e-02 -4.1648660309e-02
1.4351203715e-02 -1.0719603867e-01 -1.7100115504e-02
-1.7036015311e-03 -1.0685583023e-01 1.6457405541e-03
8.3408992358e-03 -9.1390580294e-02 1.0877210107e-03
-8.8499420670e-03 -6.1122370072e-02 1.6194039624e-02
-2.3273549660e-02 -7.2642956902e-02 -6.5779218263e-03
-1.1276836607e-02 -7.5029952044e-02 -2.4510698961e-02
-9.0261473973e-03 -8.0776991822e-02 -5.3311574217e-03
-5.6482368511e-03 -9.6198405329e-02 -2.7626147206e-02
-1.3381020964e-02 -1.0598463457e-01 -1.8999325590e-02
-8.1156142279e-04 -1.0369494053e-01 -3.6791328357e-02
2.1714363343e-02 -9.1183926081e-02 -2.0695951964e-02
2.7877754756e-02 -9.5788625503e-02 -1.6238298081e-02
2.0002960499e-02 -9.6278341427e-02 1.6962444282e-03
2.4967611551e-02 -9.7005608921e-02 -2.1055256131e-02
2.7689632577e-02 -9.6148772537e-02 -1.3697187042e-02
3.1106282909e-02 -1.0909154025e-01 2.0114114248e-02
9.3707357135e-03 -1.0992837272e-01 3.5141607521e-02
1.6413294950e-02 -9.3636727687e-02 2.0330294824e-02
-5.4095087616e-03 -8.3580553251e-02 3.3961027909e-02
-1.7404617150e-02 -2.1968748815e-02 1.5997883187e-02
-3.4177927683e-02 -3.7545530405e-02 1.0000137368e-02
-4.0457533704e-02 -5.5406767566e-02 -7.7210285549e-03
-3.5325012492e-02 -7.2607401575e-02 -4.2235658242e-02
3.9238775119e-02 -1.2690039058e-01 2.2286945700e-02
8.8880841797e-02 -1.1876870774e-01 3.4091514403e-02
2.1384633573e-01 -4.8394909007e-02 7.7001097122e-02
3.7539582949e-01 6.8029711202e-02 6.3239446473e-02
4.2475717604e-01 1.1699113070e-01 -4.7136867768e-03
2.8921136538e-01 4.7112782572e-02 -1.2174166719e-01
1.4856939281e-02 -1.4230252081e-01 -1.2876915078e-01
-6.4511390939e-02 -1.9643486617e-01 8.1103528826e-02
-6.0273760956e-02 -1.4252102068e-01 1.1917950921e-01
-5.0914049467e-03 -1.2893513239e-01 7.3241783279e-02
-3.0692460901e-02 -9.9946749719e-02 3.7261942296e-02
-1.8963004820e-02 -1.2019339806e-02 1.4643099207e-02
-5.5691006918e-02 -3.3211223091e-02 -9.5733952599e-03
-6.9463890209e-02 -5.4676251365e-02 -3.4910940282e-02
-6.6879212475e-02 -5.2838353606e-02 -7.3899932745e-02
1.3282810438e-01 6.1421541473e-03 8.5731487097e-02
4.1245552294e-01 2.5283195798e-01 2.1036613067e-01
8.1792763022e-01 6.2562625445e-01 3.2244698416e-01
1.0356854021e+00 8.0985750513e-01 1.8069088340e-01
9.9555821565e-01 8.6397355586e-01 -4.2200062159e-02
6.5757835790e-01 6.2762065658e-01 -3.3404613761e-01
2.2692012917e-01 1.9419916878e-01 -4.2520103178e-01
-6.1343782882e-02 -1.3938756036e-01 -8.2331577882e-02
-8.4141911606e-02 -1.6985652895e-01 7.6975369169e-02
-1.5485569394e-02 -1.4277556310e-01 4.7287435373e-02
-3.2592210481e-02 -1.2568087702e-01 2.5148460950e-02
-1.6243369875e-02 -1.8528027901e-02 6.2906001767e-03
-5.6135979916e-02 -6.4171017662e-02 -2.5140353363e-02
-6.2003490905e-02 -7.6142376411e-02 -5.1134348206e-02
6.7372214178e-02 5.2254713880e-02 4.3733618560e-02
5.1091159247e-01 4.3693661858e-01 4.1053771962e-01
7.8357544363e-01 8.4222542944e-01 5.6472060402e-01
8.4981516612e-01 9.8025111412e-01 5.0529060730e-01
6.5871991346e-01 7.6587313578e-01 1.7186041059e-01
5.4941810459e-01 6.5755889695e-01 -8.9416450546e-02
3.1822527935e-01 4.4666006214e-01 -2.7224204950e-01
2.1640070799e-01 2.9240063448e-01 -5.9508547220e-01
4.0545546551e-02 3.5335540091e-02 -2.9977376705e-01
-5.5554059980e-02 -1.3273093200e-01 2.0279415397e-03
-1.2631879847e-02 -1.2061766141e-01 3.1863816609e-02
-4.2850225074e-02 -1.0497705917e-01 9.5679331027e-03
-3.2666112704e-02 -1.9876594379e-03 -1.3613488119e-02
-6.4942468438e-02 -5.4713885994e-02 -8.4052782982e-02
3.1206062815e-02 2.4322854497e-02 -3.2107914939e-02
3.4529629471e-01 4.8916929786e-01 3.5599677587e-01
7.3396791774e-01 1.0370789824e+00 7.0948997783e-01
5.6137536184e-01 9.1789033907e-01 4.9084246199e-01
3.3909559079e-01 6.6977242988e-01 1.8511621226e-01
1.5559401257e-01 3.0673894968e-01 -1.7109068460e-02
6.5251701634e-02 3.3651472343e-02 -7.1497952458e-02
-9.1227091873e-03 -1.3760704586e-01 -2.9943831794e-02
6.4309784812e-02 6.2794334478e-02 -3.2410988353e-01
4.9102320947e-02 8.3155798863e-02 -2.8927868368e-01
-3.9959563144e-02 -6.8245434471e-02 -2.8836811003e-02
3.8298740182e-03 -1.0083341835e-01 7.1161160150e-03
-3.3171927686e-02 -7.9157643046e-02 -6.7568385031e-03
-4.3956894530e-02 -2.2155809422e-02 -3.1746312688e-02
-4.8731311579e-02 -4.3639957363e-02 -3.2921253263e-02
1.5192320417e-01 2.3108828309e-01 2.0126646775e-01
4.3278097080e-01 8.9256679896e-01 6.6806057057e-01
5.4044078226e-01 1.1193176320e+00 7.0115459950e-01
2.7841901562e-01 7.7841547979e-01 2.9936906601e-01
1.0561712749e-01 3.7713031894e-01 1.8588947424e-02
5.4404132251e-02 -5.8734959076e-02 -2.9483363040e-02
3.8101963269e-02 -4.4761059572e-01 1.4118043686e-02
-3.7085189288e-02 -6.1112758859e-01 1.1902770756e-01
-4.1090529954e-02 -3.0128068480e-01 3.6792011233e-02
-8.3063164860e-04 -5.2350967040e-02 -3.4553337195e-02
-3.0242179109e-02 -7.7103114177e-02 -3.4317324279e-04
3.2991534596e-03 -9.7558261043e-02 1.1194778645e-02
-2.7595453887e-02 -6.9212629109e-02 -5.0847928855e-04
-5.8276748057e-02 -3.6346441324e-02 -3.9401808563e-02
-3.9669942324e-02 -8.1556073833e-03 -3.0573659294e-03
4.8182763965e-02 3.6752790481e-01 2.9348207392e-01
1.3271978075e-01 9.5007765061e-01 6.6216031843e-01
1.0196003869e-01 9.7381337492e-01 5.1910309352e-01
-1.9327785073e-03 6.6082148844e-01 1.6869706656e-01
-2.2492483833e-02 1.9054559830e-01 -3.8000034245e-02
3.8920569100e-02 -3.4120416575e-01 4.8543005974e-03
4.5445034434e-02 -8.5499082782e-01 8.6399104837e-02
5.5711510334e-02 -9.4439582751e-01 1.4871352750e-01
2.1974819227e-02 -3.9792330786e-01 -1.5687638055e-02
-4.5597153991e-02 3.0417862570e-02 -1.8035921047e-01
-6.8636211079e-02 -3.2529152221e-02 -4.1137155272e-02
-3.0619756434e-02 -7.7952811728e-02 -8.7705363307e-04
-4.3131766092e-02 -5.9166695553e-02 -5.9587474528e-03
-6.3841603220e-02 -5.9744872877e-02 -4.2053772708e-02
-7.5284732127e-02 -4.9884942154e-02 -4.9989692993e-02
-9.8274342758e-02 3.1209391795e-01 2.2777213188e-01
-2.2556843306e-01 9.4562783608e-01 6.0217606482e-01
-2.7408840310e-01 1.0030312258e+00 4.9409406609e-01
-2.0551930827e-01 5.5778163750e-01 1.5388287609e-01
-7.7668661187e-02 1.4050607187e-01 1.0202747215e-02
2.2166052283e-02 -2.6200310496e-01 -1.5280781913e-02
1.0802548974e-01 -7.6474716107e-01 7.0431268009e-02
1.5433871085e-01 -9.9643136185e-01 2.4537032514e-01
2.6792399816e-01 -6.4964862529e-01 2.9201322504e-01
9.1266920941e-02 -7.4457192436e-02 -1.1850285976e-02
-5.7692643191e-02 -6.7905257959e-02 -8.1442133848e-03
-3.3010592804e-02 -1.1099457868e-01 9.4069868803e-03
-3.3088076841e-02 -9.4866947877e-02 1.4969679111e-02
-4.8693877893e-02 -5.3927340177e-02 -3.6943953779e-02
-7.2111415306e-02 -6.5125147682e-02 -4.2094480051e-02
-1.5572257330e-01 1.6071949653e-01 1.0246397082e-01
-3.5459172153e-01 6.5321511619e-01 4.1185055067e-01
-9.9715336718e-02 8.4218176974e-01 5.3244714333e-01
5.7764176865e-01 5.6985523809e-01 4.1836773770e-01
8.0734803572e-01 1.2114328086e-01 1.0228126189e-01
7.3768313708e-01 -2.7524092704e-01 -9.3477559267e-02
8.3573899680e-01 -4.5191196471e-01 -1.4019905063e-01
7.5796620504e-01 -4.9947354170e-01 1.1609919772e-02
7.9893965681e-01 -1.1733120743e-01 2.7132171963e-01
5.6917445696e-01 1.5238928552e-01 -9.2160528627e-02
-1.8634668138e-02 -8.3651149938e-02 -1.6579693453e-02
-4.5815301250e-02 -1.1623409731e-01 3.4685256689e-02
-4.5173111160e-02 -9.1838940701e-02 1.6091238066e-02
-5.1060990763e-02 -5.0443299906e-02 -1.9458812450e-02
-6.7852508386e-02 -7.0933229779e-02 -6.0399851864e-02
-9.1092368464e-02 -1.7792479933e-02 -3.0383764002e-02
-6.9308098247e-02 3.0052825244e-01 2.7580250695e-01
5.1368436064e-01 1.2712074176e+00 1.2140857400e+00
1.2224997931e+00 1.5218986456e+00 1.3040396613e+00
1.2672731538e+00 1.9831187163e-01 1.7143838652e-01
8.8739157425e-01 -7.2127947158e-01 -2.6670845071e-01
1.1196415355e+00 -3.0127525616e-01 -3.0611881613e-01
1.6217832735e+00 5.8649561285e-01 -8.7646809417e-01
1.9724418727e+00 1.7088517080e+00 -7.7907166798e-01
1.8304776336e+00 1.7232103138e+00 -1.0471665594e+00
1.4886195289e-01 2.5351647054e-02 -2.7899819888e-01
-1.5353589760e-02 -1.5119796588e-01 1.9498402220e-02
-2.1749629795e-02 -1.0889841082e-01 2.2229045143e-02
-1.8387628674e-02 -4.7761303218e-02 1.6054486539e-02
-8.4043941980e-03 -6.1884536920e-02 2.3245033158e-02
-1.0776078219e-02 -4.8442790696e-02 2.3079951929e-02
-1.1991407679e-01 1.9210093094e-01 2.4693381282e-01
-5.2405447512e-01 1.1718821549e+00 1.1183366565e+00
-9.1505476747e-01 1.6341767106e+00 1.5375469949e+00
-5.5357882848e-01 8.5181990076e-01 7.6053061698e-01
-2.0431972503e-01 -2.2424127241e-01 2.2567715913e-02
-1.7384706285e-01 1.9088990345e-01 -2.1894478461e-01
-8.5806243695e-03 9.6076960802e-01 -1.0752958718e+00
-1.3506344095e-01 1.1604881111e+00 -9.7841449053e-01
6.3396672073e-01 1.9338310822e+00 -6.6965842351e-01
2.8362451087e-02 -2.5660877174e-02 -1.8064758413e-01
1.1201016275e-03 -1.6609416024e-01 7.4426978012e-03
-5.8443611845e-03 -9.9954832673e-02 2.3062663415e-03
-9.2912027376e-03 -5.4051863379e-02 3.7996912664e-02
-2.2245293521e-03 -6.6231200552e-02 3.1127103019e-02
2.8237699170e-03 -6.0464698097e-02 2.6674597311e-02
-8.2852922569e-02 -9.7515549281e-03 4.2234746741e-02
-4.7699172162e-01 2.1122788514e-01 3.0836566244e-01
-1.4942520844e+00 5.0775634312e-01 9.5562405559e-01
-1.9657687516e+00 1.2172698123e+00 1.2064438051e+00
-1.4588903420e+00 9.4637356765e-01 5.3472230279e-01
-1.1344983767e+00 1.0430388608e+00 -3.5847921385e-02
-9.5612471602e-01 2.4232940176e-01 -5.1054107982e-01
-8.1564724827e-01 2.9346629907e-01 -4.8362549717e-01
-2.4925357477e-01 1.3481827408e+00 -3.9549117533e-01
-3.6701130575e-02 -7.4030965318e-02 -1.4139469645e-01
2.8816226447e-02 -1.5186117158e-01 -2.4017734690e-02
-1.8613371652e-03 -1.0296577864e-01 -5.1886426983e-03
-8.2972732533e-03 -5.9838929710e-02 3.4333412745e-02
-3.0633208935e-03 -7.4487288830e-02 3.0565662713e-02
-4.2757841721e-03 -6.7554978864e-02 2.2413654182e-02
-2.2728463435e-02 -5.9434869161e-02 -2.5419872508e-03
-7.2944258573e-02 -2.7183225682e-02 3.0945492680e-02
-3.5681790811e-01 3.5149818762e-02 2.0969141197e-01
-1.0882243493e+00 8.0948971505e-02 4.5740312592e-01
-1.7017797685e+00 2.5038035606e-01 4.6293975328e-01
-1.6466717479e+00 8.6497781579e-01 3.2015832699e-01
-1.0593621998e+00 6.5721161424e-01 -3.5153356339e-03
-4.2368175165e-01 5.6121497163e-01 -3.5986041267e-01
-2.6632576513e-01 9.4250580656e-01 -3.8208920658e-01
6.0756369158e-03 -1.0761416891e-01 -1.5052039051e-01
3.3988354151e-02 -1.4902533663e-01 -1.9471636250e-02
-4.4296163417e-03 -9.6978098494e-02 5.9715558970e-03
-1.7425721936e-02 -4.4522477844e-02 3.1913766485e-02
-1.5192823028e-02 -5.3425281892e-02 1.5931249808e-02
-7.5702216373e-03 -5.5893026016e-02 -1.6804458190e-03
-1.1589992749e-02 -3.9848864090e-02 -1.8819938295e-02
7.2585180259e-03 -3.9084066094e-02 -1.1158206475e-02
-1.7737859175e-02 -2.6078187717e-02 2.1330114189e-02
-1.6767886814e-01 5.7206086582e-02 1.2633620195e-01
-5.4311169944e-01 8.4938112597e-02 2.8481540791e-01
-9.5474565508e-01 4.7659435304e-01 4.8245884351e-01
-7.4649280947e-01 5.7387451284e-01 4.4500794837e-01
-4.3362699101e-01 6.5233258067e-01 -2.1608025689e-01
-4.2306113796e-01 1.0004100139e+00 -2.3836728624e-01
-2.0100743778e-02 -4.2308249644e-02 -8.3336024948e-02
2.8379057067e-02 -1.2556008070e-01 -1.5458832500e-02
-1.5573766687e-02 -6.5481640411e-02 7.5395412702e-03
-3.3388582998e-02 -4.7784690854e-02 2.7332965746e-03
-1.8613358179e-02 -5.8481627290e-02 -5.0997818263e-03
-5.8099740389e-03 -5.7847353405e-02 -2.2044761716e-02
-2.1329528981e-04 -5.5021595697e-02 -2.4442013820e-02
1.7363998689e-02 -5.3136957625e-02 -1.3905762181e-02
7.3786954076e-03 -4.3379252027e-02 -4.5826098187e-03
1.7246386501e-02 -3.0190479368e-02 -1.0460606055e-02
-3.8063554825e-02 -1.4580571310e-02 3.1919927412e-02
-1.8075873055e-01 1.4190928793e-01 2.0732515493e-01
-2.5915582590e-01 3.9335770483e-01 3.9730018968e-01
-3.8026159262e-01 7.4247700029e-01 -8.9923435324e-03
-4.3395416030e-01 8.4044111955e-01 -2.5707569311e-01
-2.4098380155e-02 -5.0434110602e-03 -7.3922103180e-02
3.5776659935e-02 -1.0894228880e-01 -4.5571799986e-03
-8.9586437648e-03 -6.5920674996e-02 1.7259711673e-02
-2.8328555385e-02 -5.0381020381e-02 9.4661826474e-03
-1.6826819418e-02 -5.6997804761e-02 -6.4751487038e-03
-4.9692687885e-03 -5.7113511490e-02 -8.6814269236e-03
-8.0911381245e-05 -5.8205852468e-02 -2.5181778359e-02
4.0299937220e-03 -7.3693761849e-02 -2.8200520254e-02
5.9608795452e-04 -5.9976315413e-02 -2.1635860091e-02
2.0910284360e-02 -5.0654263152e-02 -3.4920790768e-02
3.4185131635e-02 -3.7127841557e-02 7.7647557997e-04
-2.1768038357e-02 2.0384589664e-02 4.2241478984e-02
-1.0850032461e-01 1.7183982220e-01 8.9621986441e-02
-1.5518566176e-01 2.3432010925e-01 -2.5592680566e-02
-1.4905082845e-01 1.9054371381e-01 -1.1294978449e-01
-1.6382143056e-02 -4.4595496336e-02 -1.5087171517e-02
1.3598945775e-02 -8.7955023395e-02 4.5451414235e-03
-2.1101970580e-02 -5.1733718790e-02 1.4882359596e-02
-3.1075793542e-02 -6.4583720820e-02 2.5867665018e-03
-2.0450970065e-02 -7.2198320077e-02 -1.6366428555e-02
-8.2702631256e-03 -7.2333011766e-02 -8.4671439227e-03
1.1288707497e-03 -7.9168548025e-02 -2.5755032696e-02
-4.2610057574e-03 -9.5092913823e-02 -2.5398570313e-02
-9.0366172888e-03 -9.7684918260e-02 -3.7870587442e-02
1.4590767127e-02 -8.6110444172e-02 -2.4376439423e-02
3.3739915536e-02 -9.2812177055e-02 -1.8796151650e-02
2.2470402302e-02 -7.8597496102e-02 2.3665857445e-03
7.0589714833e-03 -5.1624514058e-02 -1.5908373727e-02
2.3572669429e-04 -4.7403658754e-02 -3.5994496096e-02
2.4274884747e-02 -8.1884574455e-02 2.3339412680e-03
5.0973440944e-03 -1.0600417776e-01 3.4828852573e-02
1.0809908449e-02 -1.0250671224e-01 1.8328540619e-02
-1.4115699319e-02 -8.4668661743e-02 3.0265731213e-02
-2.4420631184e-02 -7.0361878432e-03 2.0348912924e-02
-2.1999137406e-02 -2.2619891295e-02 -4.5270152153e-03
-1.8088525509e-02 -4.3323271030e-02 -9.3958206864e-03
2.0810334457e-02 -6.0329125471e-02 -3.3529572140e-02
1.9301257234e-01 -9.5215357875e-02 1.0349135440e-01
4.2945113810e-01 2.4367883937e-02 2.2676572853e-01
8.4300993885e-01 2.5243943392e-01 3.5783884640e-01
1.0490620436e+00 4.3364462594e-01 2.7653837338e-01
1.2238976620e+00 5.7082040348e-01 1.1777436440e-01
1.2077361757e+00 5.7549463386e-01 -2.8426965090e-01
6.2834895250e-01 2.1873281796e-01 -4.3804256837e-01
2.6436966420e-02 -1.4314200999e-01 -4.7066992377e-02
-7.0917190518e-02 -1.4761322217e-01 9.4514348540e-02
-1.1865393016e-02 -1.0616926611e-01 5.7729430814e-02
-3.5986571414e-02 -8.5877697217e-02 2.6030621841e-02
-2.4231867284e-02 6.2580429975e-03 1.2469767312e-02
-3.3655800254e-02 -2.0928187772e-02 -2.1598360477e-02
-1.6942756204e-02 -3.2637334911e-02 -2.3214066067e-02
6.9898725496e-02 6.0395822703e-03 2.7925104808e-02
6.0253633822e-01 2.1255073864e-01 4.3245262230e-01
1.0734640385e+00 5.3899746822e-01 6.3948300175e-01
1.1823480689e+00 6.1995311788e-01 5.7318671392e-01
9.6764738579e-01 4.2656285671e-01 2.5399022064e-01
6.6346849042e-01 3.0429317257e-01 7.1933475275e-02
6.8367239284e-01 4.0877455415e-01 -3.0810372580e-01
6.8532832381e-01 4.5642782627e-01 -7.2142230925e-01
9.4614851098e-02 -2.9125711581e-02 -3.1063497934e-01
-7.2986223428e-02 -1.5820157513e-01 5.2517797228e-02
-2.6130721237e-02 -1.2725825529e-01 3.0997336802e-02
-3.1738757173e-02 -1.1490294209e-01 1.8418186608e-02
-4.7067410618e-02 5.9149942003e-03 1.8846061859e-02
-6.0960782938e-02 -4.0294844005e-02 -2.9245728604e-02
4.4823544112e-02 2.7424291121e-03 9.4337012691e-02
5.4003950415e-01 3.1339625490e-01 5.0809186691e-01
1.1029861910e+00 6.7606526605e-01 8.8923107779e-01
7.9737576999e-01 5.4930957364e-01 5.8015434317e-01
4.6769051752e-01 3.4199245875e-01 2.1514304683e-01
2.0084482672e-01 7.7219619699e-02 -5.5270504160e-02
-1.1487790200e-01 -2.4820106934e-01 -2.0460159446e-02
-1.2731061550e-01 -2.3393285465e-01 3.0323595508e-02
1.5101828870e-01 1.6122626203e-01 -3.2126519513e-01
5.9870847035e-02 5.5643091197e-03 -2.7783131944e-01
-6.4693717879e-02 -1.2947414539e-01 -4.4396930867e-03
-2.7340614126e-02 -1.0581414886e-01 6.9349203291e-03
-4.1819324847e-02 -9.3288965917e-02 6.1919991050e-04
-7.0663060373e-02 3.0111194136e-02 4.4491617390e-02
-7.3742701162e-03 2.1363388644e-02 5.7299656619e-02
3.7729079700e-01 2.7327186735e-01 4.6355694181e-01
7.9212726238e-01 7.0192460981e-01 8.4369087265e-01
6.8130736233e-01 5.8651365014e-01 6.3136356248e-01
2.9951506540e-01 3.0783926064e-01 2.1166173723e-01
2.2469230020e-01 3.1508247605e-01 1.1545983600e-02
7.3252095329e-02 9.1451767138e-02 -9.9528747734e-02
-3.1205571764e-01 -5.6403486523e-01 5.0749586519e-02
-3.9075867134e-01 -8.7051648633e-01 2.9299907257e-01
-1.8402309162e-01 -4.1704485499e-01 2.0496634659e-01
-1.2768104862e-01 -2.7179106570e-01 5.6840655286e-02
-7.6803902504e-02 -1.2137288559e-01 5.9720943837e-03
-9.0864971252e-03 -8.1010900855e-02 -1.1642698129e-02
-3.1005348740e-02 -7.5280679351e-02 -1.2491928289e-02
-5.4626416173e-02 1.5833810414e-02 6.1130314206e-02
1.1535836551e-01 1.5266170674e-01 2.7954781397e-01
5.3290360557e-01 6.4361318930e-01 8.6970513183e-01
5.6174559743e-01 7.0882112788e-01 7.7935146190e-01
3.4981954067e-01 4.5840702074e-01 4.3014398668e-01
1.3983534394e-01 3.0706888042e-01 1.3451034093e-01
7.7666471765e-02 1.3124845380e-01 -2.2760810942e-02
2.2262980996e-02 -2.0544843555e-01 -2.3167528244e-02
-1.1738708044e-01 -8.5570286794e-01 1.6387055142e-01
-2.3971466011e-01 -1.3813281267e+00 4.9345632389e-01
-2.1927709973e-01 -1.2855312162e+00 6.3680947896e-01
-1.4233090333e-01 -8.3929719158e-01 1.1594362973e-01
-6.0354580720e-02 -1.8917654946e-01 -5.4237987636e-02
-8.5733410193e-03 -7.0421318242e-02 -1.0787480117e-02
-2.3448097210e-02 -6.5073566350e-02 -8.2691701597e-03
-4.2988075036e-02 1.3477239708e-02 7.8526760039e-02
1.1018659188e-01 2.9140836451e-01 3.9924097062e-01
2.5318430839e-01 6.8709061886e-01 7.8049945788e-01
1.5313563191e-01 4.8480980948e-01 4.8475724651e-01
3.5105334754e-02 2.4551816021e-01 2.2734067041e-01
-2.8527959058e-02 2.2875622645e-01 5.9459557163e-02
1.7634695096e-02 5.2691223379e-03 -1.8464471340e-02
7.4472301579e-02 -4.3401841094e-01 4.2444035679e-02
6.5866345511e-02 -1.2359244781e+00 2.0447727758e-01
-4.2074173735e-02 -1.7321486743e+00 5.2403101807e-01
-5.9789005940e-02 -1.7108114593e+00 7.3032362505e-01
-3.6776016109e-04 -9.4329699895e-01 -1.4548549249e-01
-6.6982778473e-02 -1.5524137815e-01 -1.6157770528e-01
-3.3658459010e-02 -5.5091625096e-02 -2.5407521330e-02
-3.7351309484e-02 -5.6964395218e-02 -1.3472195399e-02
-5.2327732410e-02 -6.4297472143e-03 6.3435924441e-02
-4.4481486824e-02 2.1778993786e-01 2.1825166870e-01
-7.8844953504e-02 5.5440821463e-01 5.4173138768e-01
-1.0733224767e-01 2.8981373014e-01 2.3152037306e-01
-9.8936668264e-02 -9.9099209034e-02 1.5723461604e-02
-1.4364053028e-01 -1.0751727008e-01 -4.9312471967e-02
-2.0179687371e-01 5.9001538982e-02 2.2363436517e-02
-8.7999796980e-02 -2.2196308040e-01 3.5704212871e-02
1.1994142528e-01 -1.1495569630e+00 1.2432657306e-01
1.8473122861e-01 -1.4777517619e+00 4.0481781677e-01
3.1247121736e-01 -1.2809997792e+00 8.4683487135e-01
2.7277390486e-01 -6.1262087041e-01 1.7328324007e-01
-4.0788560491e-02 -1.0959064160e-01 -3.4124926317e-02
-3.2710630593e-02 -8.1874524719e-02 -4.9079033515e-04
-2.9539007242e-02 -8.8665518331e-02 8.8696554563e-03
-5.6412220010e-02 -4.0092864296e-02 1.7040364881e-03
-1.1256883579e-01 1.2404122975e-01 9.7609142014e-02
-3.4603186182e-01 6.0685110891e-01 4.6368198957e-01
-2.6605267179e-01 4.7635752980e-01 3.5487972022e-01
1.9471108476e-01 4.9464938828e-02 1.5686199607e-01
2.9020866601e-01 -1.8065577305e-01 7.6707303928e-03
-3.0165846694e-01 1.5303211711e-01 6.4617367039e-02
-6.2129299651e-01 2.8181804017e-01 8.5425660849e-02
3.0963110608e-02 -4.3738336025e-01 6.9208546466e-02
2.2593200626e-01 -6.4901489619e-01 1.2875820700e-01
6.6797691354e-01 -3.2080208003e-01 3.7832985728e-01
7.6753559564e-01 -2.0361244726e-01 -2.9823606030e-03
-1.2195925871e-02 -9.9588634478e-02 -2.0679361517e-02
-5.6474991551e-02 -8.9076570325e-02 2.4609673472e-02
-4.5524946476e-02 -7.4738887338e-02 1.4715580478e-02
-6.5234669973e-02 -3.1403032517e-02 6.1608970936e-03
-1.2136175059e-01 5.3049559640e-02 6.4301348214e-03
-2.8272223949e-01 3.4578806561e-01 2.3049929765e-01
2.0286457073e-01 6.4407399571e-01 6.7675255570e-01
1.3187323953e+00 7.9649738726e-01 9.7645423119e-01
1.4209226769e+00 -2.9059346057e-01 5.3040336002e-02
7.2395227547e-01 -9.6474610824e-01 -4.5542595673e-01
-6.2095838809e-02 -5.0827710246e-01 -1.6094161527e-01
9.9582707753e-02 -4.3390470858e-01 5.6940933170e-02
5.0021826714e-01 -2.0786814578e-01 -4.2794212107e-01
1.1203340701e+00 4.1470303737e-01 -6.6815859845e-01
1.7631081210e+00 4.2567078367e-01 -6.0910968426e-01
2.3964941060e-01 -1.2455770346e-01 -2.2522669427e-01
-4.0961425300e-02 -1.2280135337e-01 2.3619513436e-03
-2.4633551477e-02 -9.8228399739e-02 2.1974335498e-02
-3.1756966744e-02 -4.3640114421e-02 2.8148739694e-02
-1.6682619272e-02 -3.8886887105e-02 2.1294264495e-02
-8.8894654009e-02 4.8606488315e-02 9.8508786305e-02
-1.0537116473e-01 5.2564106610e-01 6.8314715138e-01
-1.7351654034e-01 1.1232236667e+00 1.0639243306e+00
-2.8972605826e-01 5.0823581343e-01 5.4971863636e-01
3.8891652487e-02 -3.5054908177e-01 -3.2501150034e-02
1.3113883434e-01 -4.3366540444e-01 -1.4719409668e-01
-1.0910020618e-01 -2.6488594908e-01 2.7181705464e-02
3.1466883766e-02 1.3703061605e-01 -7.1636261981e-01
-1.5657632156e-01 -9.7070026731e-03 -4.9385553749e-01
6.4924753291e-01 5.0504677494e-01 2.8570959217e-01
1.0427082699e-01 -1.7027864425e-01 7.9366810522e-02
-1.7786641604e-02 -1.1766665778e-01 -1.5822142532e-02
-1.5979351487e-02 -7.3552832327e-02 4.1794853404e-04
-1.9121052809e-02 -4.9792242864e-02 4.1301160393e-02
8.2821018865e-03 -6.2354118588e-02 4.1618420102e-03
-3.4643485564e-02 -5.2352822721e-02 7.2677721307e-03
-3.2129268212e-01 8.3129760593e-03 7.2528519471e-02
-9.0021520308e-01 2.1667411919e-03 2.5251332055e-01
-1.2401038564e+00 5.7296178259e-02 6.7809212832e-01
-1.2431738442e+00 3.8515843794e-01 7.1825644171e-01
-6.3551776426e-01 9.0949374435e-02 1.8947972344e-01
-3.0532886715e-01 -4.4143076551e-02 1.4961468309e-02
-2.1979427792e-01 -1.5772932511e-01 -3.0322025102e-01
-3.1786326736e-01 -2.0151942371e-01 -3.6092074285e-02
-1.3104859596e-01 4.5794449836e-01 3.1401454203e-01
-4.4585790492e-02 -1.4653755905e-01 1.2080931642e-02
1.9713191155e-03 -1.2309595952e-01 -5.3545681509e-02
-1.1207141686e-02 -8.2979637477e-02 -3.0829355483e-03
-3.1106062044e-02 -5.0065943771e-02 4.0106812614e-02
-1.1321621529e-02 -6.1784967600e-02 2.1010216250e-02
-1.6341885978e-02 -4.8940615242e-02 3.4502788124e-02
-6.1007062184e-02 -3.3727526957e-02 -1.7998996979e-02
-1.2703874184e-01 -1.5401662258e-01 9.1738289989e-03
-3.3999852863e-01 -4.3701806352e-01 4.9589560330e-02
-8.7613501958e-01 -6.0162679824e-01 1.5157560404e-01
-1.0446220685e+00 -4.6888996281e-01 2.2337664130e-01
-8.1142852316e-01 2.6491078384e-02 2.1264818279e-01
-4.7513007478e-01 1.0074058798e-01 7.3313606824e-02
-5.1283530635e-02 -2.5239025850e-01 -7.8922930013e-02
-4.8921635032e-02 1.4699474724e-01 -6.7743477268e-02
3.5354235061e-02 -2.0360397938e-01 -9.7622221100e-02
1.8182191329e-02 -1.1862760997e-01 -3.3218266642e-02
-1.0726436935e-02 -7.9140824525e-02 1.2932632754e-02
-5.2567048575e-02 -3.2283502017e-02 5.2320590419e-02
-4.3028843160e-02 -2.9220452647e-02 2.5882111122e-02
-4.4725720565e-02 -1.6271248050e-02 3.0160574144e-02
-3.1619050843e-02 2.5035909749e-02 2.6497699390e-02
-1.9902426456e-02 2.5959952735e-02 6.0788324292e-02
-1.0796813648e-01 6.2884055828e-02 5.3662642007e-02
-3.4265253250e-01 9.3230614020e-02 2.2750082052e-01
-6.1923250156e-01 -3.5709908031e-01 3.6685977701e-01
-6.4889266241e-01 -2.7044390383e-02 4.2355917083e-01
-4.8506840555e-01 4.0675768916e-01 4.7983452030e-01
2.8183395595e-02 -5.5830138355e-02 -4.4092512069e-03
-1.0977592842e-01 4.1813528669e-01 9.5047300890e-02
6.5834609265e-02 -1.0832234819e-01 -1.3507138907e-02
1.9678396018e-02 -1.0033481274e-01 -3.6849201288e-02
-2.5358669175e-02 -4.7267277414e-02 8.9203066017e-03
-5.8717262139e-02 -3.2582439198e-02 2.3682018443e-02
-4.3535928243e-02 -2.9845418952e-02 3.9836132949e-04
-4.0604649708e-02 -1.4745985379e-02 2.2700214052e-02
-1.6324237083e-02 7.4872808010e-04 1.5093087109e-02
1.0567299756e-02 -8.5553650804e-04 3.9626937807e-02
5.7859228501e-03 1.6029315597e-02 3.2219501887e-02
8.2185241567e-04 2.2626984881e-02 6.4371899567e-02
-7.3471144170e-02 -4.1053781588e-02 2.0152072713e-01
4.3342105567e-03 1.2548786056e-02 6.7667110978e-01
-4.5353630364e-01 9.7499652477e-01 8.3760735666e-01
-1.8034510137e-01 7.1614223392e-01 1.8179171685e-01
-6.3039413679e-01 1.2749815435e+00 -1.0090197129e-01
-8.6450327063e-02 2.1164410598e-01 -1.0115000423e-01
5.4244114370e-02 -9.2836895421e-02 -2.7756560106e-02
-1.5414846426e-02 -5.1340182393e-02 2.0935615052e-02
-5.7056824926e-02 -3.9207294011e-02 1.7609191749e-02
-3.8973850050e-02 -4.7714360766e-02 -1.9004896060e-02
-4.3096969746e-02 -2.2276662246e-02 -3.0042051581e-03
-3.4166201041e-02 -2.3395707867e-02 -3.7928142949e-02
-3.2920235843e-03 -3.3767769967e-02 -1.9362963772e-02
-1.4816607905e-02 -7.9710900647e-03 -1.1525792722e-02
4.2582401743e-03 4.7181763257e-03 4.2572126853e-03
-4.2589381235e-02 6.4240404182e-02 1.1266737961e-01
-1.7940800883e-01 3.7811805931e-01 4.6304502117e-01
-6.3683463725e-01 1.1272145798e+00 6.0166407096e-01
-5.2862962975e-01 9.4515494779e-01 2.0653751198e-01
-8.4389208343e-01 1.0141784667e+00 -3.6751501459e-01
-2.7490574605e-01 2.4545505274e-01 -2.5010011083e-01
6.0439297951e-03 -5.1931618313e-02 -2.5830362746e-02
-3.0059709394e-02 -3.5113940179e-02 1.4067024292e-02
-5.4717805959e-02 -6.1601661217e-02 9.3673613643e-04
-3.2397464599e-02 -7.2835311131e-02 -4.8166774165e-02
-3.7608065203e-02 -6.3286533290e-02 -1.0656519529e-02
-2.4942546844e-02 -5.8596601608e-02 -4.4905500694e-02
-7.8644079254e-03 -7.6839358788e-02 -3.5889254800e-02
-1.0335954141e-02 -6.8826166099e-02 -4.7719848133e-02
1.1585335893e-02 -6.5302139067e-02 -2.4609264115e-02
-6.4264141251e-03 -3.8518280684e-02 3.8051420310e-03
-1.0244903112e-01 8.6862707492e-02 1.2184984910e-01
-2.8754575373e-01 3.3708604095e-01 9.5437377726e-02
-2.7377173515e-01 2.8000539689e-01 -1.2606160213e-02
-2.0046424977e-01 1.4233633653e-01 -9.2365510409e-02
-5.7707927799e-02 -3.4541810999e-02 -2.0186660238e-02
1.3823062808e-02 -8.0148976969e-02 1.2114513978e-02
-1.3746670562e-02 -7.6684297733e-02 3.0659411562e-02
9.8126432367e-03 2.3086144875e-02 1.7343594364e-02
1.3146760886e-02 7.7029338604e-03 1.7847143043e-02
3.0742716142e-02 2.2503075752e-03 5.6210153237e-03
6.5549802696e-02 -1.9176338050e-02 1.5226652219e-02
3.2249792103e-01 -2.6349170132e-02 2.0514854653e-01
9.0978151616e-01 1.6589972560e-01 4.8690113691e-01
1.5120089636e+00 4.3593777328e-01 6.3088768311e-01
1.5830804574e+00 5.6726432707e-01 4.7641395608e-01
1.8810249464e+00 7.1113622250e-01 2.0719861686e-01
2.1658899991e+00 7.7529247663e-01 -4.9494734673e-01
1.3013226104e+00 4.4854800881e-01 -8.1298114856e-01
1.4541244980e-01 -4.2017691691e-02 -1.5908918182e-01
-7.0000620419e-02 -1.2204223544e-01 3.0544767656e-02
-1.8214730268e-02 -9.4606034845e-02 2.7242791611e-02
-4.0101722597e-02 -7.6106945673e-02 -1.3101831674e-02
5.7934666142e-04 3.9402690682e-02 2.4704378391e-02
-1.8763310757e-02 5.4770505836e-04 2.0194640213e-02
4.3130726181e-02 -9.0293288055e-03 6.8536732050e-02
2.7545864655e-01 5.9220539124e-02 2.4791945888e-01
8.7602446282e-01 2.2904684048e-01 6.6503577012e-01
1.0693359944e+00 3.6692091463e-01 7.0422528331e-01
8.7615856763e-01 2.8195992721e-01 3.9980905434e-01
5.3483599538e-01 1.1713164645e-01 1.0844165461e-01
1.2656997209e-01 -1.6826789351e-02 5.3482887312e-02
2.7996356603e-01 7.0059751150e-02 -8.5989857103e-02
6.0550825540e-01 3.0152492804e-01 -4.2452828935e-01
2.8926288396e-01 1.0652612056e-01 -2.4773439422e-01
-8.3569802927e-03 -1.0778204098e-01 -3.6281401339e-02
4.5995235653e-04 -1.0126967402e-01 -1.0107484457e-02
-2.2927627324e-02 -8.5252937786e-02 -1.7101786913e-02
-2.0225438289e-02 4.6358610490e-02 2.9778423313e-02
-7.9393144175e-03 1.2301231124e-02 7.1999395921e-02
2.2489108995e-01 5.2081947765e-02 2.8939911479e-01
7.7546365675e-01 2.5813106553e-01 7.2229200949e-01
8.2172088069e-01 2.6490204122e-01 6.9096492634e-01
4.3880532721e-01 1.1818051249e-01 2.9888442367e-01
2.8317344317e-01 6.1531200747e-02 4.9881456702e-02
3.3788144955e-01 8.5491128876e-02 -2.9573769072e-02
7.7681927896e-02 -9.1209502047e-02 -3.8034077092e-03
6.1338904621e-02 -8.0137097332e-02 1.6372172841e-01
3.1305104481e-01 1.6776905108e-01 2.2710798108e-01
1.8997911656e-01 5.1289360416e-02 9.7025307220e-02
-3.6896743800e-02 -9.5903684088e-02 -2.0994176178e-02
8.5793699720e-04 -7.8679302114e-02 -2.3888728807e-02
-3.3708829996e-02 -6.6115172113e-02 -2.9952670144e-02
-3.3941700353e-02 9.2507608026e-02 1.1286178436e-01
1.2108349603e-01 1.1626982717e-01 2.9624534903e-01
5.6014871595e-01 2.8349183537e-01 7.3008367227e-01
5.7084791128e-01 2.5244987509e-01 6.0625382621e-01
2.5790541538e-01 7.3406621184e-02 2.5658977672e-01
1.7066221424e-01 2.0154391505e-02 1.0701502327e-01
1.5156307890e-01 5.0448847757e-02 3.6857060934e-02
1.5766668083e-01 2.7030950995e-02 4.7517463511e-05
-4.4110404675e-02 -2.0057705503e-01 3.5657353534e-02
-1.4328568174e-01 -4.1147826720e-01 2.5856040143e-01
-2.0953030726e-01 -4.8399232112e-01 6.3615311221e-01
-2.0529043657e-01 -4.4656054394e-01 3.9896330449e-01
-8.0813829041e-02 -1.4788895192e-01 2.3778957269e-03
9.9154927058e-03 -7.3751147413e-02 -3.9805639658e-02
-2.5147075072e-02 -6.0775889596e-02 -4.0764249454e-02
5.0071542680e-03 9.5740496395e-02 1.9355358770e-01
3.2381727426e-01 2.7227645869e-01 6.4800143473e-01
4.7018507049e-01 3.6037645639e-01 7.7525041324e-01
2.4291636052e-01 1.5468475947e-01 3.4665812966e-01
1.6453987804e-01 5.5596213290e-02 2.0134768746e-01
1.0449982187e-01 -1.1789509535e-02 8.2112456026e-02
7.0810546408e-02 -8.9319693250e-02 2.6283785643e-02
7.2625581288e-02 -1.1516373551e-01 3.5193524779e-02
9.4191071745e-03 -2.5062823027e-01 6.7737874532e-02
-8.4033796567e-02 -6.1105116751e-01 2.9408296522e-01
-2.3104024343e-01 -1.1501065675e+00 5.8537837489e-01
-1.6998614984e-01 -8.9006927122e-01 7.5618033713e-02
-5.1358720817e-02 -1.9085466731e-01 -7.9814690052e-02
-1.8818536789e-04 -6.9812934329e-02 -2.6333831274e-02
-3.0031651520e-02 -5.5014237566e-02 -2.9977555504e-02
5.4179184030e-02 1.4632702540e-01 3.7889734678e-01
3.0321351336e-01 4.2970516762e-01 8.1220050559e-01
1.5454018028e-01 3.2061766335e-01 4.9737167443e-01
5.2960361134e-02 1.3405720888e-01 2.2079306603e-01
7.3278752969e-02 -2.4887328652e-02 1.4020300802e-01
5.7959815308e-02 -8.1663616021e-02 3.3118369784e-02
6.5235686449e-02 -1.3372405788e-01 1.6962796598e-03
1.0863275721e-01 -1.3516290465e-01 3.2174732957e-02
1.0510510341e-01 -2.6210362256e-01 7.4331118471e-02
4.4676661717e-02 -5.9703971412e-01 2.6618066614e-01
5.3431528003e-02 -1.3704499173e+00 5.9391365255e-01
9.2931173672e-02 -9.8119990005e-01 -1.0934969846e-01
-2.8187052885e-02 -1.4770156367e-01 -1.4982024756e-01
-2.6829796260e-02 -5.5291259459e-02 -4.2279701047e-02
-4.5776030885e-02 -5.2427164226e-02 -3.3120336337e-02
4.4689638566e-02 1.8043296659e-01 4.0536840786e-01
8.3934923541e-02 3.8849902610e-01 5.3690424923e-01
-1.4779329702e-02 3.1548331075e-01 3.2831146093e-01
-2.1000151139e-02 2.2902578874e-02 5.1973348847e-02
-1.5577565700e-03 -1.9208501562e-01 -1.3940411850e-02
-2.5749231714e-02 -1.3349459484e-01 -9.9890876361e-03
-4.0559398853e-02 -2.5861353248e-02 2.6330928530e-02
-2.7580664853e-03 -3.7981599273e-02 4.5532336453e-03
9.2531010633e-02 -2.2198447374e-01 1.9023393394e-02
1.1085837847e-01 -4.4304433259e-01 2.3050845742e-01
2.4489713200e-01 -9.6045134822e-01 8.7620168814e-01
2.6662692217e-01 -6.8808236056e-01 4.0163943502e-01
-7.3397137771e-02 -6.5523657769e-02 -6.3681134698e-02
-2.0417566887e-02 -1.9286855448e-02 -5.0756625770e-02
-3.8691988007e-02 -7.0160308560e-02 -7.4796360501e-03
-2.2579927804e-02 1.0057262626e-01 1.6902976954e-01
-3.8995101947e-02 3.0589702438e-01 2.0080479615e-01
-5.0093861341e-02 3.6447825083e-01 2.4508311737e-01
-2.6230871443e-02 8.2462090291e-02 4.5471579307e-02
-1.8870128271e-01 6.9672025168e-02 -1.9019620727e-02
-1.9282241839e-01 8.1810282008e-02 -1.0680602270e-02
-1.6272762062e-01 1.9903080555e-01 1.1818765451e-01
-5.7215517993e-01 2.9984124442e-01 1.1740191634e-01
-3.0662993162e-01 3.8774460555e-04 3.7848158262e-02
-7.7946734233e-02 -1.1251975324e-01 9.1891600120e-02
8.7202802467e-02 -3.1792785743e-01 5.1964165500e-01
5.4986670240e-01 -1.3481627231e-01 6.8192708455e-02
-8.4072847876e-02 1.7155154697e-01 -2.8592616810e-01
-7.8595576377e-02 -1.2622563377e-03 -5.5324276538e-02
-4.8105372060e-02 -6.0848011115e-02 -2.9427016226e-03
-1.6458908057e-01 1.2373516294e-01 1.5349986762e-01
-4.3520804811e-01 3.9185685334e-01 2.7397924389e-01
-3.1056833338e-01 4.2894766115e-01 2.8146297478e-01
4.4659150937e-01 3.2799421906e-01 3.4829782168e-01
9.3161271910e-01 3.5385811227e-03 8.3576458336e-02
8.1065351746e-01 -2.7704935049e-01 -1.7275956865e-01
7.0551229085e-01 -1.4524976605e-01 1.2739104356e-02
-1.0775231203e-01 1.0589241297e-01 6.5345794039e-02
-3.1018392172e-01 4.6939980290e-02 4.8558213562e-03
-6.4002379718e-02 -2.1577418240e-02 -1.7081113486e-01
-3.2261051310e-01 -3.1808322500e-01 -2.8168827482e-01
7.8589957131e-01 -1.4833171328e-01 -3.8187325108e-01
2.9055620164e-01 1.1832962006e-01 -4.4193433639e-01
-1.9073336405e-02 -5.3114582939e-02 -5.9273371996e-02
-2.2822646100e-02 -7.8812049619e-02 4.6772826627e-03
-1.0094451864e-01 1.8888588098e-02 5.9428811109e-02
-4.3018467297e-01 1.3329451352e-01 1.1284607780e-01
-6.0248376630e-01 1.8777005440e-01 7.2850670036e-02
-4.6541781292e-02 3.3467172235e-01 2.8687540870e-01
3.7921181532e-01 2.9384631469e-01 1.2808225406e-02
3.0131708922e-01 2.1250747641e-01 8.9599975632e-02
4.4214972619e-01 6.1567888301e-02 1.8739320698e-01
5.1425290130e-01 4.4719012728e-02 7.6505182236e-02
2.9583876892e-01 7.0406877499e-02 4.0208512899e-02
1.1755524788e-01 1.4745558238e-01 -3.2933216926e-01
-3.0123842002e-01 -1.4749933804e-01 -2.7342486010e-01
4.3543058980e-01 -5.7698111316e-02 3.0333006526e-01
1.5197961207e-01 -6.7221984827e-02 2.9786528283e-02
4.4652698748e-04 -6.2766315558e-02 -2.4111464255e-02
-1.3929799797e-02 -5.2691926202e-02 -1.1291997185e-02
-3.9660093204e-02 -3.1437240633e-02 2.8190852857e-02
-9.9179891844e-02 -4.5015994629e-02 -2.7803258229e-02
-2.9377946492e-01 -1.3532711238e-01 -1.8461796493e-01
-3.3712310301e-01 -1.9035369364e-01 -2.7518345254e-01
-3.5942790851e-01 -8.6073399694e-02 -2.9221363086e-01
-3.6582708486e-01 4.6099214919e-03 1.2447960467e-01
-3.0224152917e-01 1.8423752795e-02 2.6847803273e-01
-1.7350989766e-01 6.9548108552e-03 1.0516619556e-01
-8.9940246098e-02 2.2605502245e-02 9.7642685802e-02
-2.5397978811e-02 7.2869269782e-02 -1.8598829657e-02
-2.6067415214e-02 8.9290003997e-02 -7.3986880302e-04
5.9198869800e-02 5.9482203665e-02 1.4397499634e-01
-9.6198225613e-03 -9.2968851394e-02 -4.8969003231e-02
2.1044309065e-02 -5.9846710922e-02 -4.8318480079e-02
-6.0570936704e-03 -5.4650516076e-02 -1.7036502829e-02
-4.6745262335e-02 -3.1650692697e-02 3.1399144962e-02
-3.1437271806e-02 -2.5981326130e-02 1.3490537777e-02
-9.8645601185e-02 -2.9895491778e-02 -1.3788224468e-02
-5.0433469480e-02 -8.8205277110e-02 -1.7862033624e-01
1.1018004025e-01 -3.1076855524e-01 -2.3963967263e-01
-1.7270634683e-01 -4.9172906473e-01 -9.0775999402e-02
-4.6716882274e-01 -3.9902277876e-01 -1.2126241382e-01
-4.9176325548e-01 -3.5144080090e-01 3.1612644325e-02
-2.6798933776e-01 -1.6457642972e-01 1.2256613173e-01
-1.1547517401e-01 1.5056411349e-02 9.3707991899e-02
3.2740461130e-02 -1.9816742492e-02 1.4971206128e-02
6.1843242769e-02 -2.5627278000e-02 -3.3797072029e-02
6.8954803513e-02 -1.0936424881e-01 -7.4507309154e-02
2.9177718320e-02 -4.9024127065e-02 -3.5719319129e-02
-9.9144300825e-03 -4.2981756218e-02 -1.9903399362e-03
-8.5909565888e-02 6.1419921820e-03 6.2896439717e-02
-5.4702169126e-02 7.9029892721e-03 5.5462979031e-02
-7.0038944650e-02 4.9261414047e-02 8.8546026184e-02
-3.7617079548e-02 8.4589002342e-02 3.4844916710e-02
-4.6180465892e-02 2.6996206918e-02 4.6353080487e-02
-1.4302921428e-01 -1.4229889159e-01 -2.4934719366e-02
-1.0083399518e-01 -3.0250781068e-01 -2.9773541841e-01
-1.7401680413e-01 -3.9615801717e-01 1.1232393996e-01
4.4959864661e-02 -3.9006740340e-01 2.1241243641e-01
-2.2020336712e-02 9.6143629943e-02 3.0071108148e-01
1.7848847208e-01 -4.6529290766e-02 1.6852593033e-01
9.9169758830e-02 1.3934393797e-01 2.6981878791e-01
1.0529623898e-01 -1.2629703540e-02 3.2386416813e-02
6.9209675506e-02 -5.2886918738e-02 -6.3421358266e-02
-2.4834842567e-02 -2.8055596176e-02 -1.2455047826e-02
-9.4674019201e-02 1.5322294425e-02 4.0828079830e-02
-5.4824740133e-02 2.2929009207e-02 4.3405226920e-02
-5.1376704440e-02 4.1077163321e-02 8.8395923146e-02
-1.8558377017e-02 4.6769700697e-02 7.7613857593e-02
2.1153601377e-03 4.3961962564e-02 1.0557886188e-01
3.4525823858e-02 -1.6702630435e-02 3.9220932497e-02
7.8434380493e-02 -1.0039812785e-01 -1.5245254007e-02
2.0124414309e-01 -1.3044180124e-01 3.5602021188e-01
4.1759370498e-01 -2.1706731897e-01 5.6435079434e-01
-2.0418731384e-01 4.9275577254e-01 4.9841756591e-01
2.5609783160e-01 3.1238762749e-02 4.2407155379e-01
-4.9635494711e-01 5.4616089559e-01 5.5023572562e-01
-3.1935574942e-01 2.6279870742e-01 9.2997803390e-02
9.8050508933e-02 -5.9992704804e-02 -5.1081289329e-02
-2.0369646751e-02 -3.8822498247e-02 4.4334581959e-03
-9.3136595012e-02 -6.2137129861e-03 4.4667072918e-02
-5.8448729404e-02 -8.9065001872e-03 3.0950538619e-02
-7.5246288427e-02 8.3780121234e-04 6.2723246716e-02
-4.7874498652e-02 9.1103383536e-03 5.6476494834e-02
-1.0330568084e-02 -1.3533492365e-03 6.9480602075e-02
-2.3171798104e-03 6.6065538882e-03 6.1687230164e-02
-2.4329965460e-02 3.7402661034e-02 1.0004688650e-01
-1.6964188550e-02 2.0635907606e-01 5.1186727482e-01
-1.4696074464e-01 6.0634348912e-01 1.0584261094e+00
-1.0149613046e+00 1.2876391471e+00 5.4161062173e-01
-5.4213892788e-01 7.5036150723e-01 2.8456726438e-01
-1.4208073149e+00 8.9151847524e-01 -2.1602049834e-01
-9.3158137626e-01 4.4797554323e-01 -4.9608647536e-01
-2.2475462185e-03 -2.0916780765e-02 -8.4431790739e-02
-3.7238085458e-02 -2.6368375835e-02 -1.6113813884e-03
-7.6295696349e-02 -3.5096573445e-02 4.2519623122e-02
-4.5983172065e-02 -5.5354050320e-02 -1.4207831707e-03
-5.6777710782e-02 -4.3768117303e-02 5.1374221372e-02
-4.1185888817e-02 -2.9636030253e-02 -5.4404467057e-03
-1.9389979348e-02 -4.8952094464e-02 1.0994184608e-02
-1.4815607375e-03 -5.1239143837e-02 -1.0248356813e-02
-7.1522724530e-03 -3.4619655588e-02 2.1028411430e-02
-1.0790414500e-01 1.0603935490e-01 2.0479414123e-01
-4.4628986593e-01 5.7135859997e-01 6.6125565650e-01
-1.1425198939e+00 1.1614469166e+00 3.7980045693e-01
-9.3696962566e-01 8.7635665633e-01 -6.6789006482e-02
-7.6481627902e-01 4.4106292928e-01 -3.2198338198e-01
-3.7417931198e-01 9.8996641757e-02 -2.7154840341e-01
-3.5716390068e-03 -5.2164555863e-02 -2.4542187641e-02
-2.8789344077e-02 -5.9284514363e-02 1.6354551529e-02
5.6578931118e-02 3.5284959333e-02 1.9813163867e-02
6.7731811228e-02 5.7292041125e-03 3.5173117031e-02
7.8888921242e-02 -2.0552718482e-03 3.6173797103e-02
1.5889708493e-01 -3.1689842195e-02 6.0891496702e-02
4.8660450876e-01 -5.8344868983e-02 2.9647944390e-01
1.2878175400e+00 1.5808265704e-02 6.9683019201e-01
1.8411020862e+00 1.3412732808e-01 7.9790915227e-01
1.9689028059e+00 1.6769238983e-01 6.1682411625e-01
2.2851371278e+00 1.5619815781e-01 2.0181917111e-01
2.4628072664e+00 1.3665154204e-01 -6.1551488467e-01
1.6327997790e+00 8.8527052809e-02 -9.2043975955e-01
3.0883956760e-01 -9.3804505023e-02 -2.1158523579e-01
-2.8332541210e-02 -1.3826263328e-01 1.8890751869e-02
-2.2965947246e-02 -1.2790661316e-01 2.8781524670e-02
-2.6128292121e-02 -8.5146053533e-02 -3.7783014394e-03
4.0446001906e-02 4.7552366687e-02 2.5618052957e-02
3.4570686527e-02 1.1358317085e-02 4.0072723872e-02
8.9656160508e-02 -1.1536761172e-02 9.3656457992e-02
3.8209152791e-01 -6.7509220063e-03 3.3546189610e-01
9.4854187269e-01 4.7094816646e-02 7.4155966650e-01
1.0364016851e+00 7.1590018845e-02 6.8065179906e-01
6.9054195160e-01 4.1197096470e-02 2.9531467832e-01
2.7673048364e-01 -7.4428684103e-03 3.5783723467e-02
-2.2320740733e-01 -7.7256063766e-02 4.0416216440e-02
-5.4069216920e-02 -6.9465092065e-02 7.3534921479e-02
4.7990053867e-01 8.3654176596e-02 -4.3841420747e-02
7.1764530274e-01 9.3552891024e-02 -2.7022860439e-01
1.2255435824e-01 -7.7116537151e-02 -1.1331814033e-01
7.4170210342e-04 -9.8846500018e-02 -6.0671838309e-03
-7.5402656851e-03 -8.2108672301e-02 -9.2343417078e-03
3.4520466689e-02 5.8014869403e-02 4.2860242064e-02
7.5555231186e-02 1.0917847550e-02 1.1001715832e-01
3.0384539778e-01 1.3244128540e-02 3.4512691024e-01
6.8043524118e-01 2.4477099481e-02 6.1085945353e-01
4.9375980547e-01 -3.0682578979e-02 4.2420342707e-01
3.6822719568e-01 -4.6253392131e-02 2.2019345312e-01
2.8525734283e-01 -4.1790031632e-02 8.1899642689e-02
2.8842863698e-01 -2.0895634834e-02 3.8630461219e-02
1.0279882759e-01 -4.4942112654e-02 3.6807029860e-02
1.2874196410e-01 -3.0257987665e-03 1.3701337142e-01
6.2813152368e-01 1.3501849836e-01 2.7422389450e-01
7.4660481552e-01 1.3181224744e-01 8.2185489657e-02
7.4011867516e-02 -3.3668826998e-02 -6.7970384009e-02
-1.9752118225e-02 -7.7338020507e-02 -1.3649751583e-02
-1.2704545990e-02 -5.9933174874e-02 -1.8220492384e-02
4.2401625026e-02 8.5625667638e-02 1.2427518556e-01
2.0247695103e-01 4.9432514418e-02 2.9791918602e-01
4.8065801015e-01 8.7893089363e-02 5.5547575981e-01
2.7914440968e-01 -2.8542275389e-02 2.4788524313e-01
3.5025079900e-02 -1.1607909010e-01 1.9388307668e-02
1.2718643939e-01 -8.8444776987e-02 7.1965333215e-02
1.1099112676e-01 -7.5790407935e-02 6.0518448267e-02
1.4825909989e-01 -9.3389226750e-02 5.4694256181e-02
1.2824313768e-01 -7.3648020194e-02 4.4019281627e-02
1.3372414052e-01 -2.6876373779e-02 8.0277479191e-02
1.7299434018e-01 -1.1322785560e-02 2.1509286871e-01
9.6448008546e-02 -7.3061496765e-02 1.7706076764e-01
-4.4278821289e-02 -8.3840485782e-02 -1.5443493473e-02
4.5740981662e-04 -7.7735104728e-02 -2.4463755548e-02
-2.4308477502e-03 -6.3334105666e-02 -2.7340328599e-02
7.8482550958e-02 7.3549660099e-02 2.3820106241e-01
3.0820989051e-01 1.0259116970e-01 4.8585767092e-01
1.5084734626e-01 4.0603431459e-02 2.2742438428e-01
-1.6189818652e-02 -9.0364671604e-02 -7.5673599052e-02
4.8278129078e-02 -1.0718784656e-01 2.3797336372e-02
6.1602216378e-02 -8.2438457762e-02 4.2298701758e-02
8.3301347508e-02 -9.4546807053e-02 4.3404434907e-02
1.0161875611e-01 -9.6663591739e-02 5.1740920002e-02
1.1289145311e-01 -8.9122394373e-02 4.1543100930e-02
9.2843014241e-02 -8.0314969886e-02 5.3451513455e-02
1.8995195047e-02 -1.4850503018e-01 8.6315019243e-02
3.0534444149e-02 -1.1197066701e-01 1.6645767611e-02
6.0383721652e-02 8.0769746016e-03 -4.5745096578e-02
3.1139143999e-02 -2.2384146651e-02 -3.3935937336e-02
-1.2922374416e-02 -5.5782396621e-02 -2.6261112998e-02
2.1490825744e-01 1.3045899549e-01 5.3495018875e-01
2.5296428175e-01 1.4906599950e-01 4.7528678952e-01
-1.0669787310e-01 -2.9986934302e-02 -1.3870893740e-01
-1.9657482198e-02 -1.2053677617e-01 -5.1482579459e-02
9.4599531526e-02 -1.4271319832e-01 7.0319984687e-02
6.7002261259e-02 -1.2071877539e-01 3.8475475152e-02
6.1512353798e-02 -1.1300922469e-01 2.3300318575e-02
8.5596957946e-02 -1.1039018507e-01 3.7666410323e-02
9.8541572013e-02 -9.2217317276e-02 2.7471497353e-02
7.9473599319e-02 -8.6705983370e-02 2.4607473071e-02
4.6178181428e-02 -1.7560149775e-01 6.3052693813e-02
1.5925223765e-01 4.5765137240e-03 1.6177148476e-02
2.8808267875e-01 4.4104033317e-01 -1.2916490798e-01
1.7867728665e-01 2.7583103444e-01 -1.6809176622e-01
-1.0672948139e-02 -2.1003135713e-02 -5.3238034149e-02
2.1013914285e-01 2.3034865139e-01 6.5187888254e-01
8.7282710980e-02 2.3219874520e-01 2.0333420918e-01
-4.3363740513e-02 2.9687015023e-02 -1.6611572632e-01
4.5180762434e-02 -1.0683234095e-01 -3.8962707337e-02
6.3619807716e-02 -1.5225836242e-01 2.2351205066e-02
2.8991084975e-02 -1.0269901340e-01 1.6793186698e-03
1.0508352836e-01 -7.6724688113e-02 5.1540236877e-03
1.8125719443e-01 -2.5162840768e-02 4.5237091580e-03
1.2451289087e-01 -1.1811393493e-02 -2.3837603797e-02
9.1208830362e-02 -4.2783479633e-02 7.1585602546e-03
9.2523549329e-02 -2.3680631132e-01 2.3317498457e-01
-6.9133999605e-02 -3.7286014458e-01 1.6068868087e-01
-7.1976108940e-02 3.1878385257e-01 -1.8658386731e-01
1.6620637782e-01 4.8060435879e-01 -2.5468654144e-01
7.4385646405e-03 1.1069195492e-02 -3.2788848431e-02
-3.9527190809e-02 3.0109742249e-01 5.7430720116e-01
-3.0020502179e-03 3.4254216884e-01 2.5469990026e-01
4.1946119830e-01 -1.0283183639e-01 -1.3341798487e-01
3.2321869418e-01 -2.0978739631e-01 -9.4411553243e-02
-1.9081407081e-01 3.2531984155e-02 -6.0618715725e-03
-1.0274219595e-01 6.1821337082e-03 2.1864349060e-02
6.3545754590e-01 -6.2582353908e-02 1.0972140787e-01
4.5451254382e-01 1.0775944590e-01 9.7630578487e-02
-2.7281747650e-01 -2.2413018108e-02 -7.5309964955e-03
-6.4927654348e-02 -1.1174462693e-01 9.5243462600e-02
2.9974712939e-01 -3.0688577576e-01 3.6373389195e-01
5.0336401844e-01 -2.4689640315e-01 -1.5318637212e-01
-3.5939532055e-01 4.5864017290e-01 -5.7794713069e-01
-1.6623017597e-01 3.9212027952e-01 -2.3625581158e-01
-2.4447226730e-02 -1.3029809406e-02 9.8675404884e-03
-4.8203958528e-01 3.8960286276e-01 6.6650633976e-01
-8.1585656355e-01 5.9071541953e-01 6.8089801735e-01
-5.4811798317e-02 4.4258577614e-02 7.6066146671e-02
3.4809670167e-01 -7.2464918932e-02 -1.8043231074e-02
-1.1302634965e-01 9.0269952561e-02 -5.8129277098e-02
-6.6503209390e-02 -2.1968213405e-02 -6.5502573292e-02
6.5182922644e-01 -1.5021732991e-01 4.4475164804e-02
2.2973287664e-01 -6.0680825240e-02 3.5815291001e-02
-5.2349066357e-01 -1.6254655480e-01 -7.2654001408e-03
-7.3841154522e-02 -1.6941278904e-01 1.5177883574e-01
-3.1518729711e-01 -3.7574212997e-01 -9.5119229721e-02
5.9009220418e-01 -1.2284518119e-01 -5.1436902013e-01
1.6792021230e-01 3.3614568815e-01 -3.9686272764e-01
-1.6285731844e-01 1.0275155932e-01 -1.2639918090e-01
-1.6735059668e-02 -5.9771462299e-02 3.8579876585e-03
-2.7157096033e-01 9.2033696272e-02 1.7171747616e-01
-9.9378724694e-01 3.6870446536e-01 2.9288735651e-01
-1.2852176625e+00 1.5693911312e-01 -1.9226220224e-01
-5.1412864147e-01 6.8203070043e-04 -3.9941130311e-01
1.5426931352e-01 5.5876268929e-02 -1.6716915390e-01
2.5631823922e-01 -1.4705658509e-02 -3.4239557565e-02
1.7715399977e-01 -7.8392177178e-02 4.6524909942e-02
8.0921096052e-02 -1.0149172539e-01 3.4772223370e-02
8.6418510157e-02 -7.5149785057e-02 5.2378906504e-02
2.0757404553e-01 -5.0938056999e-02 1.1883433724e-01
-3.1065069284e-01 -2.1766675193e-01 -4.5773804135e-02
2.9898834827e-01 -1.8737957616e-01 7.6755879056e-02
1.8961046432e-01 -5.4299062840e-02 4.3974414654e-02
-3.5367927494e-02 -5.7553091377e-02 -3.2470353542e-02
-1.2898655890e-02 -4.6168305993e-02 -1.7014851175e-02
-6.4959826152e-02 -2.9382932033e-02 -4.7289553364e-03
-3.2892589441e-01 -9.5033100137e-03 -3.5316960490e-02
-4.5766686657e-01 -5.4238877469e-01 -7.5032398527e-01
-2.3566348706e-02 -7.7980145229e-01 -1.0678724686e+00
1.8093272589e-01 -1.1862720870e-01 -6.0152994835e-01
6.1190331045e-02 -3.2719085815e-02 -1.8125725841e-01
-7.9146799456e-02 -2.6906648651e-02 1.3744808131e-02
-1.0374881769e-01 -2.2393558270e-02 5.6853974748e-02
-7.2231152815e-02 -1.5289142424e-02 4.8795085602e-02
-2.3048182724e-02 -1.4179399791e-02 2.3123202870e-02
-6.8850599998e-02 -1.7305164813e-02 -5.0084405785e-02
-9.8708186331e-03 -5.1443275533e-02 -2.3026471290e-02
-2.6293402548e-02 -4.4260985453e-02 -5.4111834135e-02
6.0922006532e-03 -5.4352142594e-02 -5.2003229653e-02
4.6233665444e-03 -4.5441958790e-02 -2.0881520765e-02
-4.4802778638e-02 -1.7737628152e-02 1.5743299569e-02
-1.1041632498e-01 -2.1307536604e-02 -2.3035687014e-02
-2.0966838000e-01 -2.3811850059e-01 -1.4993544689e-01
1.3887205507e-01 -5.6838032410e-01 -4.0164527272e-01
5.3719879895e-01 -5.4931390873e-01 -7.1889126064e-01
1.1880533971e-01 -4.2181636739e-01 -4.3319834599e-01
1.8537990571e-02 -3.3301252104e-01 -3.3400238456e-01
-7.7554931283e-02 -1.1285477632e-01 -1.6622441793e-03
-5.6820137925e-02 -3.1304007924e-02 7.0695689855e-02
-1.8645456863e-02 -9.2902020671e-03 -3.6064303955e-03
2.0075959525e-02 -4.8012412138e-03 -6.0709377981e-02
7.6284569947e-02 -2.7890827675e-02 -6.0346134430e-02
5.8344667652e-02 -2.6449331581e-02 -6.8974697006e-02
2.3386947262e-02 -2.4009896637e-02 -3.1565120843e-02
1.7452015390e-03 -3.7546857891e-02 -1.9511639578e-03
-7.6120938113e-02 2.6491839000e-02 5.7713114846e-02
-3.2134438546e-02 3.6428143380e-02 5.3658505916e-02
-7.2577750852e-02 3.1511600994e-02 6.7724875536e-02
1.2038269755e-02 -1.1871987327e-01 -5.2459235421e-02
2.2078106068e-01 -2.7590315275e-01 -2.5597594792e-01
3.8495705907e-01 -5.5500045416e-01 -4.3849472909e-01
5.7945512983e-01 -8.1289942824e-01 -7.8388980473e-01
1.8021338589e-01 -2.4686374599e-01 -5.6919397295e-02
5.3663581612e-02 -4.0819366783e-02 1.9125207828e-01
2.7038531365e-02 2.7124478736e-02 8.5448240314e-02
4.2775533146e-02 5.1585527568e-02 3.2092807711e-02
-2.3205415807e-02 1.0179501747e-03 1.3515894642e-01
3.3061637371e-02 -3.8552964832e-02 1.3187823586e-02
8.9457979417e-02 -1.4095606289e-02 -6.3502634292e-02
-2.2279460751e-03 -2.4506227965e-02 -6.1090103280e-03
-8.3076921739e-02 3.3184947584e-02 6.9570465365e-02
-2.9757018986e-02 3.9722112744e-02 7.2046428289e-02
-4.1281091715e-02 3.5927829213e-02 9.5786845868e-02
-6.7598082429e-03 1.9030117301e-02 7.4718073108e-02
1.6590796910e-02 -1.1529390123e-02 6.1620099467e-02
1.0454304236e-01 -1.8381719907e-01 -1.4860436100e-01
2.9341872808e-01 -3.4250077212e-01 -2.1735989947e-01
3.1476863520e-01 -9.5551083165e-02 3.2996783845e-01
1.6911689659e-01 -1.2916630108e-02 4.4306898631e-01
1.7762261507e-03 6.6611458583e-02 1.4906463425e-01
2.5703398721e-01 -1.3297696470e-01 3.5214895284e-01
-4.9681344610e-01 -1.4650375893e-01 8.3560999090e-01
-5.4432643887e-01 -8.0178353645e-02 2.5446147824e-01
1.0357490806e-01 -4.3593494272e-02 -4.9952774014e-02
6.8130061133e-03 -3.0421140663e-02 -3.5263334335e-04
-7.9300935597e-02 8.6881942845e-03 5.4919005840e-02
-4.2537734850e-02 1.9095473049e-03 3.6690109550e-02
-6.2176218702e-02 -7.9577221589e-04 7.5252776859e-02
-3.5423158432e-02 2.8932051755e-03 7.1873892855e-02
-2.0022728097e-03 -3.7122960345e-03 8.1335046368e-02
-1.7707766244e-02 9.8760303450e-04 4.9724918764e-02
3.6431090451e-02 1.0501150521e-01 2.2006386138e-01
5.9300182148e-02 3.4209681409e-01 8.4312449736e-01
-1.3843765848e-01 3.6127886595e-01 7.9185681504e-01
-1.5335344515e-01 3.1900692720e-01 8.5136658509e-02
1.7182396147e-01 1.0678514929e-01 2.3949115846e-01
-9.0103622835e-01 4.3745275479e-02 1.1817066893e-01
-1.2078322896e+00 8.7258402447e-02 -4.2870203035e-01
-2.0884578284e-02 -3.7777704101e-02 -1.0634479360e-01
-1.8130813106e-02 -2.0334964106e-02 -1.1812710996e-03
-6.4118850541e-02 -3.5725806766e-02 5.1439137652e-02
-2.1759179843e-02 -4.2921363482e-02 7.5232370799e-03
-4.8311667532e-02 -5.0545349965e-02 4.3536163045e-02
-4.5783894186e-02 -5.8345625457e-02 -1.2140366658e-02
-1.7041108751e-02 -5.8058099583e-02 2.0043458247e-02
-1.8718071941e-02 -5.4406512905e-02 -1.3058682413e-02
-5.6119773893e-02 1.4618827732e-02 1.1197153112e-01
-2.7949578538e-01 3.1785600958e-01 6.1527026694e-01
-1.0502692192e+00 7.9764861334e-01 1.0881090613e+00
-1.9551898562e+00 1.1180225085e+00 1.7556226514e-01
-1.4667543700e+00 7.9731425302e-01 -4.9277110710e-01
-7.6994472550e-01 2.6035019492e-01 -4.9600594582e-01
-5.3301371331e-01 5.8283021368e-02 -4.4901261661e-01
-1.5925770638e-02 -3.4270999785e-02 -5.8426727631e-02
-9.6679440677e-03 -4.4321922405e-02 8.7348687917e-03
7.9833725772e-02 5.6899824696e-02 3.2236158242e-02
9.4960290204e-02 4.4663852589e-02 6.3644364760e-02
1.1149263883e-01 3.1919286499e-02 5.2042765896e-02
1.8011171186e-01 3.2601506889e-03 9.1976576644e-02
5.2949129530e-01 -9.8605985189e-02 3.1484745434e-01
1.2038499354e+00 -2.4803013721e-01 6.3833363396e-01
1.7435550174e+00 -3.8169682169e-01 7.3206728636e-01
2.0408671561e+00 -4.8446100551e-01 6.1218969475e-01
2.1099588984e+00 -5.2609622101e-01 2.1168883524e-01
2.1710903321e+00 -4.5370914454e-01 -4.3413206941e-01
1.6255746748e+00 -2.2512514537e-01 -7.7854218580e-01
4.3904777404e-01 -1.3218795780e-01 -2.2324959984e-01
-6.2334415728e-03 -1.2854117554e-01 4.5536501042e-02
-1.6631949691e-02 -1.3233413685e-01 4.8404703726e-02
-1.7789704346e-02 -9.0334433334e-02 -4.5401476940e-03
8.4837937920e-02 7.6662048559e-02 5.2627273585e-02
6.4655815182e-02 5.7380402775e-02 8.7297125237e-02
1.1739793371e-01 1.4682074548e-02 1.1394302478e-01
4.1990651879e-01 -4.2797845427e-02 3.4091955630e-01
1.0585207052e+00 -1.3584675873e-01 7.6393542169e-01
1.0127013972e+00 -1.7846409868e-01 6.4299244434e-01
5.2743606659e-01 -1.6985677816e-01 2.4265198075e-01
1.5639047105e-01 -1.4487298184e-01 5.6528838462e-02
-2.0958775952e-01 -9.8320275334e-02 4.9966372597e-02
-1.0099890799e-01 -7.8260127216e-02 1.5552111719e-01
4.4331723574e-01 -4.9948779678e-02 6.0423325021e-02
1.0209336919e+00 -1.2441028107e-01 -3.8243747373e-01
2.2968932554e-01 -1.0259787722e-01 -1.7329399578e-01
3.2580864363e-02 -1.1816768190e-01 1.6821279822e-02
1.0466730955e-02 -7.6250111392e-02 -8.4454671639e-03
7.3648410359e-02 7.3055693089e-02 5.7833966701e-02
9.7140550777e-02 2.2342933999e-02 1.2218287954e-01
2.8565985847e-01 -1.3811941366e-02 2.7356856450e-01
6.7293836523e-01 -8.4713171038e-02 5.0483311029e-01
4.5372009463e-01 -1.0669996558e-01 3.2844692308e-01
1.6637682899e-01 -7.9142000617e-02 1.0268773493e-01
9.0301177813e-02 -8.0460065658e-02 2.8473588674e-02
1.3485970209e-01 -9.0298220387e-02 4.6953496143e-02
2.7274364487e-02 -4.8047311315e-02 5.0710447279e-02
5.9862751674e-02 -4.3902276460e-02 1.5571803806e-01
5.6971232615e-01 -1.7600035612e-01 3.2032739029e-01
1.0098078390e+00 -3.1248647265e-01 1.6636547064e-01
1.5441555019e-01 -1.0340657973e-01 -7.3076708998e-02
2.9089143417e-03 -6.0204239311e-02 -1.5791290692e-02
-3.3234817679e-03 -5.8428962913e-02 -2.2186425124e-02
5.3325332173e-02 9.4627423580e-02 1.0955674636e-01
1.7486496822e-01 6.2125252481e-03 2.1267177190e-01
3.4204056588e-01 8.8679569716e-03 3.3318318258e-01
1.8105492767e-01 -3.9338112110e-02 6.0972637056e-02
-8.1704554022e-02 -1.3204690972e-02 -1.2950852034e-01
-3.5693652086e-02 -2.8260427425e-02 -5.1767118623e-02
5.8339925816e-02 -7.0409204320e-02 2.3604539598e-02
1.5853352893e-01 -1.2660716782e-01 6.2423558575e-02
1.5451887884e-01 -9.4478941807e-02 6.1922075936e-02
1.4923994314e-01 -5.6302298143e-02 5.4413697733e-02
2.3758582367e-01 -1.4843778091e-01 1.5278130143e-01
2.3295052453e-01 -3.2392525010e-01 2.5160959965e-01
-5.0928638674e-02 -1.3255060646e-01 5.0695938765e-02
5.9051923736e-03 -5.9963771118e-02 -2.0475552972e-02
-2.9449860369e-04 -6.7482672396e-02 -3.3192396222e-02
5.4174343039e-02 5.3228865852e-02 1.5543442285e-01
1.5358909223e-01 -1.3471853591e-02 2.5433164691e-01
-6.1773993929e-02 7.1957291274e-03 -9.0445623257e-02
-1.9897761159e-01 3.3991516300e-02 -2.6181389606e-01
-9.4172402051e-02 -4.8950004338e-03 -1.1301620652e-01
3.8701177434e-02 -5.3959623862e-02 1.1286520279e-02
8.8507932117e-02 -9.0934581099e-02 3.3739892717e-02
1.2319337506e-01 -1.3403502510e-01 5.3049627125e-02
1.2624185868e-01 -1.1558280829e-01 4.2158086457e-02
1.0259323004e-01 -4.0203955205e-02 3.2367140878e-02
5.6567334087e-02 -4.9192210887e-02 2.5919358738e-02
9.1832899715e-02 -8.5111313611e-02 5.1149129160e-02
1.9823711341e-01 1.6614220387e-01 -2.5205934628e-02
1.8351333610e-01 1.8458649852e-01 -3.3139949824e-02
2.9930621380e-03 -2.8777484485e-02 -3.9255840326e-02
1.6339958894e-01 3.3910801962e-02 3.7483298885e-01
-2.4354315838e-02 5.0332816659e-02 1.8413118511e-02
-4.2650870482e-01 7.9758023671e-02 -5.3975342546e-01
-1.7524950742e-01 -2.0495273215e-02 -1.8713110943e-01
4.1934421969e-02 -9.6686633863e-02 5.5708523559e-02
6.9162313186e-02 -9.8389844455e-02 5.2825747513e-02
6.9675125079e-02 -1.0963199802e-01 4.2003979286e-02
1.4751263765e-01 -9.4012514385e-02 7.0266428609e-02
2.1443596955e-01 -4.2721630057e-02 7.2378257398e-02
1.6599600423e-01 -3.4432999721e-02 2.0106364840e-02
5.1240481133e-02 -4.0636471814e-02 1.0707384728e-01
1.8320294365e-01 1.4756070524e-01 3.4515977255e-01
5.9813321786e-01 9.0069467685e-01 1.2659241969e-01
5.5710950514e-01 8.5352909215e-01 -1.9111729542e-01
6.0623431940e-02 1.1010176000e-01 -8.7201137398e-02
1.4680982732e-01 7.2097754258e-02 3.5814432781e-01
-2.5775573856e-01 1.7469653551e-01 -5.0867172762e-01
-3.2182634710e-01 8.9892228927e-02 -5.8979959734e-01
5.4114548961e-03 -8.7797552720e-02 -4.2719085636e-02
7.1616163128e-02 -1.0950148148e-01 7.0167041331e-02
5.2161526542e-02 -6.0512385483e-02 3.0317649722e-02
2.0694411751e-01 2.6062384292e-02 1.0118094783e-01
7.5499495719e-01 3.2752054839e-01 2.4968672766e-01
8.7020853914e-01 5.2211423002e-01 8.0427108318e-02
4.2860317152e-01 2.6410813133e-01 -7.8496655817e-02
2.5421753270e-01 -1.7593354290e-02 5.9322445036e-02
6.3294092800e-02 -4.9852675183e-01 3.9716827874e-01
-5.7046922808e-02 -3.1416215135e-01 5.9132966077e-01
1.9884311082e-01 3.4088567532e-01 1.1229173863e-01
5.5051697397e-02 8.4795888008e-02 1.7641574804e-02
-2.0470713061e-01 1.2168817864e-01 5.8407613323e-01
-4.4533370180e-01 4.0638136681e-02 1.0399660811e-01
-3.5522072031e-02 -1.2800895880e-01 -1.7601882678e-01
1.1412456379e-01 -1.4041393439e-01 -2.1296214947e-02
1.7429418367e-02 -5.0841012089e-02 5.2589467889e-02
6.2493741993e-02 4.7908710958e-02 9.0746992585e-02
6.3168386945e-01 2.4787269814e-01 3.2659080551e-01
1.2874590737e+00 6.7967432475e-01 4.6048082332e-01
7.3159710451e-01 6.3554228872e-01 1.0021189102e-01
2.8288784783e-01 2.6709598049e-01 -3.5626396059e-02
3.3658390133e-01 4.4228427918e-02 -1.8564575345e-01
5.9219166915e-01 -3.0346186478e-01 1.8405650461e-03
1.2808433604e-01 -2.1960912479e-01 2.5069100439e-01
-6.4342436314e-02 1.1011001112e-01 1.8331748824e-01
1.5477068027e-02 2.1017063473e-02 1.3554929400e-01
-5.2006646618e-01 1.2871871695e-01 8.1273492143e-01
-7.1541222195e-01 4.7103678801e-03 6.8257358461e-01
-3.7757521722e-01 -1.6712880320e-01 1.2565663539e-02
-4.8472061987e-01 -1.0751306748e-01 -7.3810634542e-02
-3.7189738051e-01 5.3243764686e-02 -1.7349836285e-02
-2.0349407556e-01 8.4987021839e-02 -2.0367248804e-02
1.4273776160e-01 7.2521351415e-02 8.6712145796e-02
2.3488409751e-01 8.7558348914e-02 1.0283398584e-01
-1.1141580833e-01 -1.2201640646e-02 4.3883448377e-02
1.5419519021e-01 3.3547942761e-02 1.5905274041e-01
-3.7359920152e-01 -6.4116198808e-02 -5.1201892741e-01
2.2639641458e-01 -3.3427118560e-01 -3.4278401360e-02
-4.4439881181e-02 -2.1211060261e-02 3.7433878335e-01
-3.7618713819e-01 1.3110016199e-01 -8.6671393293e-02
-2.0976102203e-02 -3.1339545364e-02 2.3663825342e-02
-9.2306759719e-02 -3.0790708038e-02 1.4403447872e-01
1.1891171043e-01 -2.0362436550e-02 1.1585586010e-01
-3.2402450099e-02 -5.5222321477e-02 -3.3806775534e-01
-4.0061134630e-01 -1.0518705351e-01 -3.5029776757e-01
-1.2911506942e-01 -9.6730361440e-03 -8.6971646236e-02
1.1017002570e-01 2.6547659280e-02 2.9767522512e-04
-7.9857075913e-02 -9.8619161360e-03 2.3263335885e-02
-2.6498290480e-01 -8.0770066864e-02 2.4033116702e-02
-9.9182678000e-02 -6.1162915951e-02 8.3568986578e-02
2.9166352552e-01 5.2588273524e-02 1.6600102066e-01
8.3691096012e-02 -2.6270064986e-02 -1.4936648870e-01
7.0781610816e-01 -2.4687511850e-01 1.8955517707e-01
3.5677683622e-01 -1.8093368806e-01 2.6127119762e-01
-1.0546545848e-01 -2.2776839877e-02 -2.9718406602e-02
-1.8032353616e-02 -3.9022169865e-02 -2.5754258543e-02
-6.5930213398e-02 -4.0738241835e-02 4.8782126946e-02
-2.8750507286e-01 -6.8850348052e-02 2.5993621483e-01
-3.0779659879e-01 -6.1803846495e-01 -2.7615176474e-01
5.0611899517e-03 -8.0113745945e-01 -7.0452881973e-01
1.9697655915e-01 -2.8101077906e-01 -3.0376283999e-01
9.3222001701e-02 -2.9284033386e-02 -2.4329644575e-02
-5.5856963498e-02 1.2067350233e-02 6.2056901164e-02
-1.2010811111e-01 -3.6989063192e-02 9.9087793137e-02
-9.9790295618e-02 -2.3043249904e-02 8.4351322250e-02
-2.2290284917e-02 -2.3779033492e-02 5.5129057149e-02
-4.2139805281e-02 -1.6641611795e-03 1.5868644690e-02
3.1043821279e-02 1.0342577259e-02 4.8102424748e-02
2.0344369919e-02 3.6045727977e-02 -6.9119456827e-02
2.0314490877e-02 -8.5981988823e-03 -6.8805530892e-02
5.6435555153e-03 -4.0338020508e-02 -2.0802242467e-02
-4.2959733616e-02 -8.8315696807e-04 7.9578152078e-03
-2.9984893671e-01 -4.6144133607e-02 8.4496890498e-02
-4.9107988667e-01 -2.9837375883e-01 4.7865495955e-02
2.2292370016e-01 -8.3768117054e-01 -4.2279918945e-01
6.0701675342e-01 -9.1469221010e-01 -6.7553776081e-01
2.2713402541e-01 -3.2546565209e-01 -3.0992658886e-01
8.4206867695e-02 -9.6399604718e-02 -6.1773341465e-02
-4.7014991587e-02 -2.1242393025e-02 6.7585772322e-02
-7.1233453163e-02 -1.9587229426e-02 6.3145416696e-02
-4.6849660675e-02 -9.4890113665e-03 8.2721599044e-03
1.1621059152e-02 1.5402039215e-02 -5.0273434754e-03
9.1173114153e-03 -2.9774591398e-02 2.8638763208e-02
2.9958816682e-02 -5.2013217664e-02 -1.5331783541e-02
3.9501168145e-02 1.4608786395e-02 -3.8818217495e-02
-1.1062448745e-03 -2.4793454693e-02 -1.9339585510e-02
-7.2798109386e-02 4.4334047458e-02 6.5997660289e-02
-5.6748378781e-02 4.2875012586e-02 8.7810466457e-02
-1.3844820712e-01 4.9563926757e-02 5.7466970237e-02
1.4354291727e-01 -2.4365367755e-01 -2.1040669619e-01
4.2729450070e-01 -5.6362166894e-01 -3.6217425086e-01
2.4760775154e-01 -5.0719027819e-01 -3.4219211096e-01
2.3472474348e-01 -3.8954020067e-01 -3.9393102876e-01
9.8391137608e-02 -9.5911302982e-02 5.1225536185e-03
-3.3805177756e-02 8.5048499852e-03 1.1756037121e-01
8.1570324362e-03 1.7192227734e-02 5.1899316913e-02
3.5342395753e-02 -2.9545119221e-03 1.5070590554e-02
-1.4935668214e-01 -3.7820176202e-01 2.8247261283e-01
-1.0644486998e-01 -4.6513954473e-01 2.2518602999e-01
9.1581978655e-02 -2.7493166460e-02 -2.0730755267e-02
7.4249220190e-03 -1.8042597140e-02 -2.3375976350e-02
-8.4078329817e-02 4.0809612924e-02 6.6147593636e-02
-3.1382329927e-02 3.1943363809e-02 9.2035005432e-02
-4.6106646447e-02 3.6968018417e-02 8.4021358696e-02
-2.1280723189e-02 1.3191465762e-02 2.7448602903e-02
-1.1052413657e-03 4.7248472786e-03 -1.9315350243e-02
-2.9929395381e-02 -1.1376317791e-01 -1.5078122998e-01
2.0084746261e-01 -1.9812896570e-01 -1.8563077127e-01
9.2558354926e-02 -3.6729708353e-03 1.6221915121e-01
-8.5129571682e-02 -3.7032224990e-03 2.4441612189e-01
-2.9517343240e-02 -6.7655236345e-03 5.4767785856e-02
1.0555836981e-01 -6.1825901220e-02 2.9392521153e-01
-3.0916008952e-01 -3.7233954810e-01 9.9542746724e-01
-5.3906360213e-01 -3.9338513830e-01 2.4146043562e-01
6.6991506963e-02 -2.8646383243e-02 -1.2167262527e-01
7.6773780724e-03 -2.6561062254e-02 -1.7102932498e-02
-9.1957883374e-02 2.0401707430e-02 7.7611241340e-02
-5.1408649478e-02 1.1190175024e-02 8.9723578666e-02
-7.2963231387e-02 3.3867446623e-03 1.1135386830e-01
-3.4480098963e-02 -5.6300415974e-03 1.0318318066e-01
-2.2646884519e-02 1.3125425707e-02 6.9868604148e-02
-5.5491973947e-02 5.8340406882e-02 8.8193483417e-02
8.7667052512e-02 2.3893950525e-01 4.1598496503e-01
-3.6320649201e-01 3.5272501855e-01 8.5626117076e-01
3.7047242919e-02 3.1780500141e-02 4.1068514164e-01
8.0058963101e-01 -1.2513762679e-01 -2.4422764487e-02
5.1218888655e-01 -6.2251251863e-02 2.0031210162e-01
-2.8696514976e-01 -1.6395474435e-01 1.6775206170e-01
-8.1954445559e-01 -7.7492985867e-02 -4.4630939249e-01
-4.7227864887e-02 -2.2229421218e-02 -1.6438632270e-01
-2.1047222049e-02 -2.0738340138e-02 -5.9048382516e-03
-6.5099497846e-02 -2.0585246588e-02 8.2614443971e-02
-3.0171490858e-02 -4.4865143961e-02 5.0718286214e-02
-4.6662972043e-02 -5.2077783343e-02 7.4471451264e-02
-4.0511158849e-02 -6.4286495409e-02 3.3082488313e-02
-1.9268056793e-02 -5.1312919945e-02 5.2203072147e-02
-3.0851697934e-02 -3.1252624511e-02 4.3197370828e-02
-1.9295370084e-01 9.0887891934e-02 3.1205805381e-01
-7.5528381395e-01 2.6781884351e-01 1.0007667532e+00
-1.5671417069e+00 2.3891561864e-01 1.0510517621e+00
-1.9752536723e+00 2.3065562091e-01 6.1568959628e-02
-1.6579716344e+00 1.7852648900e-01 -7.4481776221e-01
-6.9053600338e-01 -1.4520461327e-02 -6.0662616398e-01
-4.2719095640e-01 -2.8480867197e-02 -4.0664062394e-01
-1.7750712898e-02 -3.5526102178e-02 -4.6181685240e-02
-1.6833286483e-02 -4.1548120592e-02 9.4079403076e-03
5.2511780991e-02 5.7858660385e-02 5.5993075683e-02
7.6204690779e-02 6.3003375182e-02 6.5378004819e-02
7.1612135551e-02 4.0806868108e-02 3.9123345987e-02
1.6068237982e-01 1.9541288449e-03 1.7878700801e-02
3.9751423943e-01 -1.2919590541e-01 1.3764384781e-01
7.9474557248e-01 -3.4939387346e-01 3.5565332674e-01
1.2890079509e+00 -6.4912227210e-01 4.7684794210e-01
1.5126654325e+00 -8.0715747807e-01 4.0277454777e-01
1.5267370537e+00 -8.0052501135e-01 1.5740252160e-01
1.7871014220e+00 -7.2523513240e-01 -1.9589686593e-01
1.7536008206e+00 -5.2797521929e-01 -6.8693226927e-01
6.5479426373e-01 -2.7415130410e-01 -4.1591226747e-01
-1.2071736285e-02 -1.6121587009e-01 -3.3745566056e-04
-3.3908877682e-02 -1.5650097844e-01 2.6864559200e-02
-2.6354201315e-02 -1.1613981370e-01 -5.6735966325e-03
7.7810786730e-02 6.1651257845e-02 6.6032559992e-02
5.0928932079e-02 4.3392878333e-02 7.5064115061e-02
8.9528658224e-02 -5.4825542902e-03 8.0525994944e-02
3.3739142533e-01 -8.1876636797e-02 1.8651722590e-01
8.8767712869e-01 -3.0818728062e-01 5.4878427005e-01
9.5396808810e-01 -4.5005721712e-01 5.3873160044e-01
6.6956186965e-01 -4.5222294599e-01 3.0433079976e-01
4.5959414007e-01 -3.6896827299e-01 1.3924659016e-01
1.9550443494e-01 -1.9758423412e-01 7.8191016435e-02
2.4268692858e-01 -1.2229951490e-01 1.4146687883e-01
7.1967740418e-01 -1.9109986806e-01 -2.4266581419e-01
1.1516862849e+00 -4.2764801813e-01 -9.2238003818e-01
2.6329910395e-01 -2.0913716759e-01 -3.0514102870e-01
9.7215415698e-03 -1.5168335033e-01 1.2832171767e-02
-1.1160514381e-02 -1.1446644486e-01 5.7817805329e-03
6.1756581204e-02 3.6129173220e-02 7.0599245974e-02
6.9216656624e-02 6.8953832494e-03 8.3192140698e-02
2.1108146534e-01 -8.4481088027e-02 1.6464039208e-01
6.1896326653e-01 -2.1967724169e-01 3.7119356463e-01
5.2768261006e-01 -2.3376065887e-01 3.0570978345e-01
3.4435630127e-02 -1.1831215223e-01 2.7307234287e-02
-5.7311125552e-02 -1.0871812477e-01 8.6905636398e-03
6.5067974426e-02 -1.2166784319e-01 7.1366229799e-02
8.6896626785e-02 -7.7363578381e-02 6.0865784055e-02
4.1394726644e-02 -5.5577356545e-02 2.0369185823e-01
2.8481577197e-01 -2.9584338836e-01 2.4177342792e-01
1.0302524803e+00 -8.0311199015e-01 -3.9743775329e-01
4.5519229530e-01 -3.6089526224e-01 -4.8408350569e-01
5.5663477982e-02 -8.5398885796e-02 -9.7451938020e-02
-2.3842585887e-02 -8.1214615652e-02 -2.7778428112e-02
6.7696710874e-02 2.7673112098e-02 1.0223075600e-01
1.3747225163e-01 -5.7631492690e-02 1.7496245208e-01
3.7798093088e-01 -1.3595973299e-01 3.2891160686e-01
1.5827008105e-01 -8.4122164077e-02 4.0079056884e-02
-3.1557988786e-01 1.2607940552e-01 -3.3299161194e-01
-3.0697623088e-01 1.0257456692e-01 -2.3048908789e-01
-3.0837011693e-02 -6.4159924756e-02 -2.2431062083e-02
6.3061601542e-02 -1.1892904208e-01 3.6700853585e-02
8.3363564118e-02 -1.1077602539e-01 3.4158663514e-02
1.2048154462e-01 -1.5828715345e-01 6.9779950698e-02
1.5811486522e-01 -4.1945482118e-01 1.5938273043e-01
4.0144748113e-01 -9.3807677541e-01 2.8482258188e-02
4.9764756723e-01 -4.9623547717e-01 -3.7241378694e-01
2.7212616135e-01 -3.4699613688e-02 -2.1884068272e-01
-4.2354284982e-03 -7.1771007657e-02 -5.9447001796e-02
5.9600654170e-02 -2.4709376573e-02 1.5481428240e-01
1.7030952529e-01 -1.1242015192e-01 2.8053040954e-01
1.0209932916e-02 -2.5703989222e-02 -1.3512772171e-02
-5.0695744559e-01 2.2069468264e-01 -5.2614431517e-01
-4.6298254873e-01 2.5891012442e-01 -4.5505943505e-01
-1.2221004765e-01 3.8147806178e-02 -1.1544974174e-01
6.1362203074e-02 -8.7577301957e-02 1.5463136383e-02
1.1272907793e-01 -8.3775085968e-02 4.1902091022e-02
1.3938500179e-01 1.5795214680e-02 3.4385915894e-02
1.1938268873e-01 1.0089854586e-01 5.1345115801e-02
1.6673741364e-02 -1.6361602664e-01 1.8528694161e-02
-1.0397880016e-02 -6.7042274071e-01 -1.0771206041e-01
1.1157491574e-01 -3.2937710356e-01 -7.0050920738e-02
2.1924909315e-01 1.4066798724e-01 1.5311810543e-01
-1.6665994627e-02 -2.7690746386e-02 2.9768659312e-03
1.0508868938e-01 -7.0858784374e-02 2.5981569077e-01
-6.4110780319e-02 -9.7496330970e-03 -3.8047955902e-02
-5.4574221185e-01 2.1927098950e-01 -6.7651985615e-01
-5.3020734925e-01 2.4073308623e-01 -5.5387538916e-01
-1.1952054119e-01 2.9461407515e-02 -1.2308791665e-01
3.9223725483e-02 -8.1196499058e-02 3.4656721648e-02
1.2240200892e-01 -2.3298568767e-02 8.5667703811e-02
3.3988037651e-01 1.1829427540e-01 1.9243345826e-01
5.7026129005e-01 3.9231915921e-01 1.4419960007e-01
4.2505006157e-01 4.3678608601e-01 1.6446873184e-02
4.0164733834e-02 -7.2242205422e-02 8.6424638301e-02
-1.0713933786e-01 -4.1121947595e-01 1.7499125071e-01
-1.8748082521e-01 -3.5211959162e-01 5.7208356009e-01
4.1296392372e-03 1.5188298409e-01 4.7901314529e-01
-2.0287441457e-02 3.7670877307e-02 2.3473128271e-02
1.0951808232e-01 -7.5211059803e-02 1.7093134810e-01
-3.3533832155e-01 1.1510127795e-01 -5.6804704730e-01
-5.2563112854e-01 1.7656185075e-01 -7.1529785701e-01
-1.1866863601e-01 4.6895822016e-02 -1.7296667960e-01
7.9538732168e-02 -6.5954847961e-02 5.9054001676e-02
1.9392092260e-01 3.7556273123e-02 1.1239119260e-01
5.8143473802e-01 2.7161636245e-01 3.7186243845e-01
1.2551236918e+00 5.9991431478e-01 5.6711302767e-01
1.4665490364e+00 9.3513868367e-01 2.4390670782e-01
8.4009261742e-01 7.0755595278e-01 -7.6003934926e-02
3.1230084639e-01 7.4419897646e-02 6.3477986443e-02
4.8914799955e-01 -1.6419388367e-01 1.2056044837e-01
-8.0365787657e-02 -1.0157318748e+00 5.3375811212e-01
-2.6138226317e-01 -6.5779401753e-01 3.7102760842e-01
-3.5877642350e-02 -7.4065663158e-02 2.6600948872e-02
-6.7425880535e-02 -1.0232927271e-01 3.2670579963e-01
-4.2935350113e-01 -3.2625251859e-01 7.5909391022e-02
-2.5317855221e-01 -1.9929230409e-01 -7.1434779581e-02
1.5553739566e-01 3.5369367650e-02 -3.5578465252e-02
4.2556814414e-01 8.7910837901e-02 1.1169349176e-01
8.5708020557e-01 3.2601225425e-01 3.7725294285e-01
1.0808144812e+00 4.4834429399e-01 6.3604382221e-01
1.1211060913e+00 4.6681949934e-01 5.6236464275e-01
8.4015400686e-01 4.5554780196e-01 1.5230827423e-01
3.8883762653e-01 2.5147719522e-01 -1.1479429483e-01
1.1213884286e-02 8.7632671857e-02 -4.5919580790e-01
8.5133113271e-01 1.9677084671e-01 -6.2485510310e-01
1.3306080728e+00 -4.6862198515e-01 -5.5149025716e-01
2.5622806626e-01 -4.7320244034e-01 -8.7507995575e-02
-1.2721786162e-02 -5.4649358632e-02 6.2947183351e-02
-2.1496904526e-01 -1.0489121419e-01 4.2276097533e-01
-4.4750631526e-01 -4.7978963596e-01 4.8148578920e-01
-4.0794293141e-01 -3.1065460454e-01 9.3400716644e-02
-2.3912960793e-01 3.1488256508e-02 -9.7471341610e-02
3.3599679375e-01 1.3673235837e-01 9.3132249160e-02
6.1523998972e-01 2.1402605228e-01 2.1413459897e-01
4.6914110468e-01 1.4905751696e-01 1.9523760878e-01
2.1662154309e-01 4.5117754625e-02 6.7007985800e-02
2.3187374518e-02 -2.9578529962e-02 1.2298295862e-02
1.1855248781e-01 -3.4056073969e-02 5.1324119897e-02
-1.7571236782e-01 2.3847429410e-02 -5.0038011809e-01
3.3298165029e-01 -2.8098251786e-01 -1.6167587300e-01
2.5050975889e-01 -7.8121308153e-01 8.8890243664e-02
-2.4704161722e-01 -2.9396746435e-01 -2.5520183368e-01
-4.3877806893e-02 -5.7332707366e-02 -8.1424656667e-03
-2.8400417591e-02 -1.0163965338e-01 2.8738638740e-01
2.6011040200e-01 -3.5745723888e-01 5.8525941283e-01
2.3504619278e-01 -2.7122412100e-01 -3.2720445305e-01
-1.1247108127e-01 -5.3267755416e-02 -3.0455714884e-01
1.0725475472e-01 -1.1284682339e-02 1.1696251879e-03
1.4633256656e-01 -4.9904541971e-03 1.2798360108e-02
8.6357521795e-02 2.0204140389e-02 2.5461121578e-02
-7.3082738362e-02 -1.4357279633e-02 4.4497230567e-02
-1.2039972444e-01 -7.6493680922e-02 5.3298737956e-02
1.3781748068e-01 -2.6740071116e-03 9.0420479643e-02
2.6631976756e-01 6.3613541064e-02 -1.8505824656e-01
9.5346913057e-01 -4.7924284698e-01 1.6055270983e-02
5.8213540710e-01 -8.3739709813e-01 1.6594602538e-01
-1.2752062767e-01 -1.5963041554e-01 -8.3789390454e-02
-3.9448321758e-02 -4.2052629251e-02 -5.3186656216e-02
-7.8495249737e-02 -4.1971646924e-02 1.9560652117e-01
-3.1631185585e-01 -1.1384519895e-01 6.2189600229e-01
-4.9885734137e-01 -3.6319417480e-01 1.2002897839e-01
-1.1809355537e-01 -2.4656298865e-01 -2.3258335520e-01
6.1983415142e-02 -3.8448673388e-02 -7.2644058734e-02
-3.8191725638e-02 -1.5909769691e-02 1.8602042912e-02
-5.9162548861e-02 -5.9574462284e-03 5.0093320724e-02
-1.0638118857e-01 -5.3214422681e-02 9.5468945027e-02
-1.1770067272e-01 -6.7314235170e-02 7.8541863604e-02
-5.7689046173e-02 -5.4121748817e-02 4.8627116245e-02
-5.5140205686e-02 7.9874411977e-03 1.4194460034e-02
1.0192113907e-01 -2.3887489140e-01 -5.6566797135e-02
1.3192243914e-01 -3.7347742038e-01 -3.3094328185e-01
1.2577137257e-02 -3.2720977566e-02 -2.9767509091e-01
-1.0238918144e-02 -5.1843678112e-02 -5.5073692829e-02
-5.2107627932e-02 -1.1211704464e-02 5.9877732038e-02
-4.2545341255e-01 -5.2747268538e-02 1.9731111534e-01
-9.9110719207e-01 -3.4996740037e-01 6.2212337669e-01
-3.1783383417e-01 -4.6088213818e-01 1.2900134371e-01
-1.6113117901e-02 -3.5127434141e-01 -1.9998945137e-01
-3.2013374153e-02 -6.3071658723e-02 -3.9031127057e-02
-4.6860506371e-02 -1.8692328188e-02 4.3147533275e-02
-8.5753894134e-02 -3.9300513022e-02 8.9195978843e-02
-6.2718494392e-02 -7.0344388873e-02 7.2276072838e-02
-3.5994273691e-02 -3.3787355499e-02 2.7096439168e-02
-1.2824398229e-02 1.0586042147e-02 2.0007413829e-02
-4.9350917698e-02 -4.1222754144e-01 2.0632832842e-01
-2.2166597581e-02 -6.5576549710e-01 3.2140617843e-01
5.2394383386e-02 -1.0502255954e-01 7.0307094589e-03
-6.8778117619e-03 -4.2130918530e-02 -3.9124940831e-02
-6.1091250635e-02 1.0885216578e-02 8.6762324588e-02
-9.0295214709e-02 1.2900949777e-02 1.1984616751e-01
-3.1829456259e-01 -3.2963322315e-02 2.9819585198e-01
-3.2706799674e-01 -2.0232308495e-01 1.8202083410e-01
-2.9724913879e-01 -2.9022216212e-01 5.4498241191e-02
-1.8646144328e-01 -1.6488120630e-01 -9.3636870148e-02
-3.9910805726e-02 -8.0882643933e-02 -1.6763457114e-03
-3.9458348952e-02 -5.6735223283e-02 9.7616649269e-02
-5.7177467505e-02 -4.7843636093e-02 1.0078666278e-01
-5.1145588139e-03 -9.2745227334e-03 5.5114007299e-02
-1.9800556001e-02 -6.8829924463e-02 3.4320442040e-02
-2.0076950929e-01 -8.6864993544e-01 6.3322198930e-01
-2.0704986946e-01 -1.2982337602e+00 8.1441080980e-01
1.1418967472e-01 -2.7936030367e-01 1.2819192359e-01
2.0758467245e-03 -2.7088634874e-02 -3.2406598462e-02
-7.3647192681e-02 1.6762334264e-02 8.3672413504e-02
-3.2967173803e-02 4.7665931138e-03 8.0148419338e-02
-4.7020846197e-02 -3.8768874541e-03 9.0588348962e-02
-1.5173552603e-01 -1.5307138747e-03 7.8571290416e-02
-2.7978631213e-01 -2.6447681265e-03 6.8340877294e-02
-4.1485657178e-01 -8.1629292676e-02 2.2351378543e-01
-1.5376248926e-01 -1.2602334372e-01 2.4557807076e-01
-5.0364314236e-02 -8.4591504477e-02 1.3921742128e-01
-8.0836812340e-02 -9.1881127798e-02 1.4427421943e-01
-3.6397058823e-02 -6.8521459168e-02 6.4497980277e-02
5.3830295421e-02 -1.2208273563e-01 1.7570584051e-01
-2.5613689397e-01 -5.3027564092e-01 4.6950264843e-01
-6.4747180426e-01 -7.5181041125e-01 -3.9692388901e-01
1.8230860151e-02 -1.8192739560e-01 -3.5345890162e-01
6.6981386451e-03 -3.8180570192e-02 -3.4760882776e-02
-7.3761454322e-02 6.5689216399e-04 9.1263511208e-02
-4.5413857198e-02 6.7578137373e-03 7.5163535291e-02
-6.2710029670e-02 -2.0750403039e-02 9.9344637109e-02
-5.5577622964e-02 -2.9516139996e-02 9.0218047951e-02
-9.4610811026e-02 -1.9243377842e-02 9.6974773693e-02
-2.8263781628e-01 -2.8328512877e-02 3.8783596304e-01
-4.5337114143e-01 2.5955251248e-02 6.6623561631e-01
-7.2918677289e-01 -6.4153932711e-02 6.2103620325e-01
4.0283688164e-02 -1.7157748247e-01 3.0333380161e-01
7.1300975771e-01 -7.5763001081e-02 1.1384134376e-01
2.5960737100e-01 -7.4687293150e-02 1.5144314513e-01
-2.9900125530e-01 -2.6024906555e-01 -1.4979211282e-01
-7.5638784042e-01 -2.4608647968e-01 -9.4677376233e-01
-1.2079713602e-01 -6.2484318110e-02 -3.3446080533e-01
-2.3354309544e-02 -3.3717604695e-02 -1.2919601150e-02
-5.8574576850e-02 -4.2489040975e-02 8.2274484851e-02
-2.9327287473e-02 -6.4460074094e-02 2.4900762162e-02
-5.0742053386e-02 -9.1302523752e-02 7.2662491699e-02
-7.5024953134e-02 -1.0117242271e-01 4.0820584044e-02
-3.8618732651e-02 -1.0124835979e-01 5.6663321541e-02
-9.9783827105e-02 -5.4808839282e-02 6.7400904352e-02
-4.5733089566e-01 -1.1928845065e-03 4.0805753317e-01
-1.2410158194e+00 -1.8774737446e-01 9.6207982226e-01
-1.6473317132e+00 -5.2139853920e-01 8.6591935838e-01
-1.7014694979e+00 -5.8045624664e-01 7.9313169451e-02
-1.4925787300e+00 -4.1652672337e-01 -5.5845553578e-01
-7.8666514189e-01 -3.1612283582e-01 -5.6005319936e-01
-3.5419798069e-01 -1.2603957156e-01 -3.1912714503e-01
-2.3005588616e-02 -5.2822751124e-02 -4.4756825351e-02
-7.6931185433e-03 -6.4131576168e-02 1.5967488808e-02
3.3294865108e-02 4.8556482247e-02 4.3822970518e-02
2.2000758159e-02 6.5532577484e-02 5.9471427440e-02
1.4957504313e-02 3.7038399261e-02 5.0536937346e-02
6.3084893180e-02 2.5514767438e-02 3.0054504905e-02
1.6278678741e-01 -7.6667459395e-02 4.3479996784e-02
2.8189257399e-01 -1.8572026891e-01 8.9361553613e-02
5.1375153131e-01 -3.7416049971e-01 1.4585126475e-01
6.6748982746e-01 -5.1355892948e-01 1.5750210175e-01
8.0219943509e-01 -5.8207828612e-01 1.3554980502e-01
1.2237717893e+00 -7.1207098058e-01 -1.4653984725e-02
1.5006590658e+00 -7.8112610924e-01 -5.3499668314e-01
6.3442172562e-01 -4.0869983289e-01 -4.5256550680e-01
-3.6859962994e-02 -1.4901278755e-01 -3.9115881454e-02
-5.5216560450e-02 -1.2617795704e-01 3.9825542920e-03
-5.3570382823e-02 -1.0375696055e-01 -2.6640755782e-02
4.2299476292e-02 4.7506996279e-02 5.1331598481e-02
-1.1571068621e-02 4.9614326760e-02 8.6556502635e-02
1.8831484287e-03 -9.2973473413e-03 8.8546261310e-02
1.1648540025e-01 -6.2821379669e-02 1.1479839697e-01
3.8534352585e-01 -2.4348030392e-01 2.6025188714e-01
5.8930143529e-01 -3.9890564540e-01 2.8911653425e-01
6.0242386570e-01 -5.2422998507e-01 2.5338934412e-01
5.5646179448e-01 -5.5594746132e-01 2.0124509404e-01
4.6018737443e-01 -4.5408824208e-01 1.8123863649e-01
7.2469946325e-01 -5.3852321880e-01 1.1307862673e-01
1.4016780384e+00 -9.6945914474e-01 -7.4821561647e-01
1.3130692828e+00 -9.3034148322e-01 -1.3969786041e+00
2.1982483961e-01 -2.5820854392e-01 -3.6062141318e-01
1.3795677118e-03 -1.1893349001e-01 -2.4152901301e-02
-3.1711246447e-02 -9.6681282468e-02 -2.1778595416e-02
3.6774273548e-02 2.7176059355e-02 4.3370258135e-02
-9.5278577986e-03 1.8864137220e-02 6.3511754309e-02
7.5045476400e-02 -9.5848051224e-02 9.9991323932e-02
3.8896738412e-01 -2.4480381893e-01 2.5332998608e-01
5.6358866750e-01 -3.7069900509e-01 3.1460979708e-01
2.9352703054e-01 -2.2997470240e-01 1.3647122352e-01
1.2846967479e-01 -1.8638655443e-01 7.5431416887e-02
-4.0648014600e-02 -8.3318921386e-02 8.2393231114e-02
-4.5855672427e-03 -1.1862034256e-01 4.6507169758e-02
1.0852103294e-01 -2.7483654984e-01 1.1717422540e-01
2.5601957530e-01 -5.1895037147e-01 -9.9832938222e-02
8.9705560384e-01 -9.5004982071e-01 -1.0069936735e+00
8.1414821202e-01 -5.5187711617e-01 -8.6520060180e-01
2.0207410445e-01 -1.1473216679e-01 -2.3131816798e-01
-3.3122190065e-02 -7.3319803959e-02 -6.1419245429e-02
6.3324314791e-02 4.3412704930e-03 7.5023024608e-02
7.5816406458e-02 -3.6348550079e-02 1.3084330337e-01
2.6232411681e-01 -1.8041073659e-01 2.4412675817e-01
3.2914307122e-01 -2.4829776284e-01 2.3030516112e-01
-7.6227543154e-03 -1.6276897392e-02 -8.3921089306e-02
-1.9187231791e-01 1.6564399511e-01 -1.7163257960e-01
-2.4274989811e-02 6.3101939595e-02 -4.1390439131e-02
-4.7505617132e-02 9.6046123233e-02 6.2256100881e-02
1.5788590715e-02 8.4540259661e-03 5.7717194091e-03
7.9523788771e-02 -2.1931085870e-01 7.3107391742e-02
-6.5537715699e-02 -3.8177167817e-01 2.2963351099e-01
4.8363575353e-01 -7.8739420063e-01 -2.4982155018e-01
1.8269585773e+00 -8.5498784326e-01 -1.2544562300e+00
1.0821701642e+00 -2.3201477116e-01 -8.0842112203e-01
4.6075327605e-02 -8.1907972714e-02 -1.5418247142e-01
3.2299122662e-02 -4.4944290304e-02 1.1242551529e-01
8.0093513853e-02 -8.3660761069e-02 1.6667780446e-01
8.1658518389e-02 -8.3307787381e-02 9.0312837861e-02
-2.3896756879e-01 1.2082267465e-01 -2.4500068430e-01
-4.9683874313e-01 4.4239752083e-01 -4.6956438088e-01
-3.5000325456e-01 4.4079325956e-01 -2.6554907834e-01
-3.4727345704e-02 3.4332023684e-01 -4.0787130283e-03
2.0199668258e-01 5.4751933168e-01 2.4868592041e-01
2.8978081269e-01 6.7016735790e-01 2.5420700563e-01
1.7097499698e-01 5.2472479873e-01 2.1788229908e-01
-6.5953038580e-02 -1.3669502385e-01 3.0250196908e-01
4.3623963985e-02 -5.3008957091e-01 1.3242683414e-01
6.2348844984e-01 -3.2051556330e-01 -4.1206333164e-01
6.8950584978e-01 -1.2602683025e-01 -4.6130493136e-01
7.4233353367e-03 -7.6030336790e-02 -1.2597633103e-01
4.1180893899e-02 -6.1076219231e-02 1.5261384055e-01
-2.7386846778e-02 1.2371408208e-02 1.5581432410e-02
-3.1396528428e-01 1.7538000937e-01 -3.4058276012e-01
-5.0878710915e-01 4.3327483721e-01 -4.7966593592e-01
-3.3765283452e-01 5.4408384333e-01 -3.6909115653e-01
-3.5214178439e-02 4.3624056856e-01 -4.3337992122e-02
4.3351127660e-01 7.5720399173e-01 3.8909830370e-01
7.3488535882e-01 1.1975553110e+00 6.8501947891e-01
6.6397701563e-01 9.7921334232e-01 4.1200739634e-01
5.0897370586e-01 7.0355447433e-01 2.1501427745e-01
9.4596128837e-02 -3.8810379260e-01 3.9536857733e-01
8.6706382438e-02 -5.4166889583e-01 2.5254241919e-01
-1.0084052231e-01 -4.2302066268e-02 1.7290325085e-01
-9.0355604261e-02 1.1214452370e-03 1.7283876048e-01
-7.0773412358e-02 -4.7635133179e-02 -2.1233453474e-02
7.7103762488e-02 -4.4558521594e-02 7.4241928812e-02
-8.7783625104e-02 1.7653265460e-02 -1.4507371051e-01
-2.3633216888e-01 8.7577610634e-02 -2.3071850780e-01
-1.0897945060e-01 4.5403031295e-01 -2.1178335319e-01
6.1859245527e-02 4.0866519549e-01 -6.2715802349e-02
4.1339815764e-01 5.1194380474e-01 2.6421173188e-01
9.8506693816e-01 1.1134820686e+00 7.3573716859e-01
8.2677915051e-01 8.7075082624e-01 6.1984883169e-01
5.2683230769e-01 4.1952770426e-01 1.8237780766e-01
3.9658198790e-01 3.7374833747e-01 5.2929548596e-02
5.9064438247e-02 -1.6736341691e-01 8.0777358661e-02
6.8432398636e-01 2.7034057687e-01 -6.7868755984e-01
5.6866964734e-01 2.7548708521e-01 -8.4991088555e-01
-1.9983523563e-02 -1.6120824986e-01 -8.8074674428e-02
-5.0886504668e-02 -7.6812237070e-02 -2.3988358222e-02
1.0374315144e-01 -1.8910420280e-02 8.4290753961e-04
3.4530159421e-02 -1.2916811202e-01 -4.1079229824e-02
1.7811250494e-01 -6.8268382202e-02 4.7050198705e-02
3.7296405226e-01 3.4325595261e-01 -9.5905432111e-02
4.1295282226e-01 1.7627848182e-01 9.8281430456e-02
8.3007028538e-01 5.1525727397e-01 3.9534916770e-01
7.7505605677e-01 5.5361182349e-01 4.7904594987e-01
4.4275203158e-01 2.2821782259e-01 2.3303221961e-01
3.5139161588e-01 1.8519082802e-01 9.0593842884e-02
1.3988401253e-01 6.6437741112e-02 -1.4777827994e-01
-5.7456256153e-02 1.1151460803e-02 -9.0593445641e-01
4.9282964039e-01 1.7772199704e-01 -1.5883708755e+00
1.1327522889e+00 -2.5394105270e-01 -2.2194788560e+00
2.8483033632e-01 -2.4533674654e-01 -5.9653835623e-01
-5.0143737085e-02 -5.8737278005e-02 -3.0957481672e-02
9.0611458946e-03 1.9528010449e-02 -5.5721253657e-03
4.2911748900e-04 -1.3181076275e-01 -2.8237736247e-02
1.8572941412e-01 -1.3368941722e-01 -2.5792490158e-02
2.1417720368e-01 3.7243022008e-02 -9.7925769292e-02
2.0948933264e-01 -1.9312966246e-02 6.2927515526e-02
3.1608569491e-01 9.3792029516e-02 9.3851178748e-02
1.6817848929e-01 3.4989182620e-02 3.3374921547e-02
2.8351239696e-01 1.4396764842e-01 3.0166266836e-02
2.2605668412e-01 1.5824152122e-01 3.6729061668e-02
6.9868620808e-04 -6.0110435081e-02 -1.5273091057e-01
2.2132957745e-01 9.6356327006e-03 -9.3602112180e-01
6.8637711261e-01 -3.2121923083e-01 -7.7382097129e-01
3.6230913524e-01 -1.1866157697e+00 -4.2515817734e-01
-3.0600615084e-02 -3.8796488615e-01 -2.1855697826e-01
-6.7472497178e-02 -5.3522121671e-02 -3.2838897272e-02
-5.6479137856e-02 -6.0595358497e-02 1.3504057633e-01
-1.2982665289e-01 -2.2389397735e-01 3.4672796638e-01
-4.4327676751e-01 -2.7846081962e-01 -3.6971557516e-01
-4.8055040580e-01 -2.3544648414e-01 -2.7043024587e-01
-2.2161457442e-01 -1.3612351700e-01 -7.6315181265e-02
-1.6169326471e-01 -1.1046074728e-01 -5.8866333325e-02
-7.4680404644e-02 -1.0182259307e-01 -2.2937058362e-02
1.5648715705e-02 -4.6195342448e-02 3.4287273711e-02
-3.5524631664e-02 -9.2574442390e-02 1.6518904078e-02
-6.4984354155e-02 -9.0649637840e-02 1.5329294135e-02
2.5557269085e-01 -1.4813940706e-02 -1.9618794993e-01
8.4988644384e-01 -6.3540681356e-01 3.6607421975e-01
4.1456545376e-01 -1.1483579799e+00 1.2219302403e+00
-1.4131913600e-01 -1.8743011887e-01 4.0377419947e-01
-6.7461753829e-02 -1.9630163417e-02 -5.8569334677e-02
-5.4197612749e-02 -4.3157986137e-02 8.6054196466e-02
-3.1134276621e-01 -2.1552145291e-01 1.6081424662e-01
-7.4297398599e-01 -6.0348907682e-01 4.8225167830e-02
-3.4496612918e-01 -2.6097706497e-01 -1.2266289075e-01
-4.8451450707e-02 1.3226135138e-02 -1.6398775889e-01
-1.1174801133e-01 -2.1737703057e-02 -5.1533501704e-03
-9.1734336262e-02 -4.9260831811e-02 2.8141526745e-02
-1.0149386017e-01 -9.3318402324e-02 7.2388029389e-02
-1.0144535319e-01 -1.2072252093e-01 4.6482798338e-02
-9.1094512134e-02 -9.9766968086e-02 3.9247610176e-02
-8.9982390087e-02 -5.7466605723e-02 7.4065502644e-02
1.2153573746e-01 -5.6385619486e-01 4.6741962593e-01
1.6437861084e-01 -6.9716923043e-01 7.0969604232e-01
1.9491023252e-02 1.8443373222e-03 1.1108253770e-01
-2.8688941908e-02 -1.9875331551e-02 -6.7680080630e-02
-3.2349396578e-02 -2.8989714469e-02 2.5554416908e-02
-2.6653137908e-01 -1.5321954515e-01 1.0142943228e-01
-8.5285083714e-01 -6.2934050148e-01 5.3788843343e-01
-4.4401944859e-01 -4.4769068424e-01 1.1027500375e-01
-2.4761661850e-01 -2.1945876303e-01 -7.2139966292e-02
-1.3699781088e-01 -3.5756972382e-02 -6.1313323986e-02
-6.0219237891e-02 -2.6016109285e-02 -1.5760676959e-02
-1.0983738168e-01 -8.1868580436e-02 4.2729275685e-02
-9.2486592391e-02 -1.0664099358e-01 2.4275246248e-02
-7.4885774325e-02 -8.2826862519e-02 5.1364939778e-03
-5.3700120987e-02 -6.1031474934e-02 2.7532955194e-02
1.4843434600e-01 -4.9139473956e-01 5.4678787656e-01
3.3168102236e-01 -6.8994868203e-01 1.0640731016e+00
1.7015231434e-01 -6.4391288748e-02 2.7486138928e-01
-2.1384936657e-02 -2.6760713638e-02 -5.2430093283e-02
-5.0888414137e-02 -1.0379213034e-02 6.1361802555e-02
-7.7830332692e-02 -2.0449319146e-02 8.7533853383e-02
-2.7292685701e-01 -1.5739850825e-01 2.3625048346e-01
-4.4722157794e-01 -3.7839250543e-01 2.6964711383e-01
-5.4156589391e-01 -5.4235057501e-01 2.7569460336e-01
-2.4114169284e-01 -2.1999673180e-01 4.9941895929e-02
-3.1159603912e-02 -8.6861382230e-02 1.7048204944e-02
-2.2873656434e-02 -8.5397653832e-02 1.1976562865e-01
-4.5220635588e-02 -8.2376170614e-02 9.0468945978e-02
-2.0666497990e-02 -8.7970932499e-02 5.9113738791e-02
-2.8829868615e-02 -1.0233933680e-01 -2.2200280561e-02
1.6319169354e-02 -6.2000024001e-01 2.8152619870e-01
1.1015049389e-01 -8.8349262964e-01 3.8224023551e-01
1.8160124810e-01 -2.1173377332e-01 -1.2712237708e-01
-8.7548518724e-03 -2.6236681025e-02 -6.3407194250e-02
-6.4414716494e-02 -1.1916175777e-02 5.1268886698e-02
-3.4925944480e-02 -2.5371245157e-02 5.3055989854e-02
-3.5032261090e-02 -6.2026653404e-02 1.0277690051e-01
-1.3157973881e-01 -1.3908872690e-01 1.2895404205e-01
-3.4123721159e-01 -2.8593528702e-01 1.9008261395e-01
-5.2487826487e-01 -3.6031955555e-01 4.6491237742e-01
-3.2614190329e-01 -4.7206023265e-01 4.7509034069e-01
-1.0699782554e-01 -2.9466088018e-01 2.9571802796e-01
-3.0440910431e-02 -2.0528529337e-01 2.0850756448e-01
3.1835211170e-02 -1.4997414363e-01 1.7279295639e-01
2.2300558727e-01 -1.6394464499e-01 1.2751741666e-01
7.4715577275e-02 -3.9333706618e-01 -9.3823905930e-02
-5.0790887844e-01 -6.0798861263e-01 -1.3491144826e+00
-5.0237825072e-02 -1.6742073520e-01 -7.0698738065e-01
-2.4831824132e-02 -5.0223344215e-02 -6.3456108714e-02
-6.0752737023e-02 -2.9576624855e-02 8.3629174269e-02
-3.1839046478e-02 -3.8610716835e-02 9.4937897554e-02
-3.8629262104e-02 -5.9863832862e-02 1.1794142104e-01
-3.7689183801e-02 -8.1913012097e-02 1.1500998593e-01
-9.6098164621e-02 -1.0022027315e-01 1.3072148448e-01
-3.1319534967e-01 -2.5601799067e-01 4.9371078743e-01
-6.1945559793e-01 -6.0164635659e-01 8.8406199715e-01
-8.1073293227e-01 -6.6954960006e-01 7.4022522612e-01
-4.0484201762e-01 -5.5234110692e-01 5.2538226427e-01
-3.4184141229e-02 -3.2023145819e-01 2.9273662728e-01
-1.2737991493e-01 -3.5770525019e-01 1.4965132761e-02
-4.3775019361e-01 -5.2109028937e-01 -3.0322260040e-01
-5.2475330744e-01 -4.1493474110e-01 -8.8489158211e-01
-1.1071478104e-01 -1.0558365264e-01 -3.1965083454e-01
-3.4618301962e-02 -4.4898229896e-02 -2.9603510627e-02
-4.1259737049e-02 -5.7230452574e-02 6.9084272946e-02
-1.5086354066e-02 -9.5292372044e-02 4.3662875535e-02
-1.3170800452e-02 -1.2803678091e-01 1.0645001149e-01
-3.5075785848e-02 -1.4717415512e-01 7.7294756281e-02
-1.5202984741e-02 -1.2259408647e-01 7.3355587597e-02
-7.2538872752e-02 -1.0409972815e-01 7.5449841526e-02
-3.7494316670e-01 -2.3792631888e-01 3.4214501931e-01
-9.8152958456e-01 -5.8659996714e-01 7.2061036030e-01
-1.3118666674e+00 -9.4382998290e-01 7.6199271017e-01
-1.2986442124e+00 -9.7323211033e-01 2.3705246188e-01
-1.0937238585e+00 -7.7216947526e-01 -2.4633108356e-01
-7.7390031200e-01 -5.3071517795e-01 -3.5311944252e-01
-2.7556677159e-01 -1.7900147713e-01 -1.7048335234e-01
-2.0376680951e-02 -6.2958483972e-02 -3.5769057410e-02
-2.5425589600e-02 -6.6466874569e-02 4.6144094942e-03
1.7489186794e-02 4.9908812743e-02 6.5615849144e-02
6.7726528689e-03 5.1396026114e-02 9.0657495308e-02
-2.5226919650e-02 3.1364700299e-02 1.0274076108e-01
2.7089517230e-02 1.0592135825e-03 4.6105117874e-02
7.5106778181e-02 -3.9604270104e-02 2.2332486044e-02
8.5849926271e-02 -5.9739645850e-02 1.9429547777e-02
1.1645478751e-01 -1.0838272541e-01 3.8642575948e-02
1.1988632988e-01 -1.2006199438e-01 2.7519444460e-02
2.3004970129e-01 -1.7032949698e-01 3.6753705250e-02
3.8911624597e-01 -2.8959934895e-01 2.1536454305e-02
4.9205921548e-01 -3.9916035812e-01 -1.2279921766e-01
1.3366497730e-01 -2.4421953326e-01 -5.4712722653e-02
-7.6686154783e-02 -1.1870945935e-01 4.4328159981e-02
-7.1089026254e-02 -1.3615241575e-01 1.8950806854e-02
-6.1226215341e-02 -1.1505385156e-01 -7.9086483767e-03
2.6691350444e-02 4.4454499718e-02 7.4438199421e-02
3.9997871175e-03 4.7175695568e-02 9.5931615382e-02
-1.5530556583e-02 4.3647430920e-03 1.2272596588e-01
3.9197309014e-02 -3.5851382933e-02 8.9975783931e-02
1.0732403523e-01 -8.0797204250e-02 1.0487090715e-01
1.3538858470e-01 -1.1917839926e-01 1.0102353780e-01
1.6961223609e-01 -1.9973360265e-01 1.1398693044e-01
3.1007819988e-01 -3.2470849383e-01 1.1667462728e-01
4.5748926255e-01 -4.9128103604e-01 1.7381375651e-01
7.7433588771e-01 -8.7426688970e-01 8.2146104207e-02
1.1767656025e+00 -1.3573421934e+00 -5.4475909752e-01
6.6968932861e-01 -8.4815828636e-01 -6.3933031213e-01
5.3588176543e-02 -1.8024042913e-01 -6.4260612276e-02
-2.2484855188e-02 -1.2355145698e-01 1.3764050641e-02
-2.3843476520e-02 -9.2285182055e-02 -1.0004976453e-03
-1.9633766924e-03 4.6278497012e-02 6.7859110262e-02
-2.7885341756e-02 3.2133687544e-02 1.0319279339e-01
-3.1679012798e-02 -2.7460827948e-02 1.0972673702e-01
1.1839055933e-01 -8.9718838117e-02 1.1393822364e-01
2.0874102909e-01 -1.6320839759e-01 1.4271629051e-01
1.5590926573e-01 -1.2317116360e-01 8.8635209729e-02
1.1626696086e-01 -1.1064407709e-01 6.7185052919e-02
1.5424355336e-01 -1.9212563188e-01 9.7801482595e-02
2.4776688502e-01 -3.2713852923e-01 8.4231590202e-02
3.5898440014e-01 -6.6637599487e-01 2.7222951629e-04
6.6716371536e-01 -1.1925177437e+00 -5.3659356703e-01
7.4411664013e-01 -1.0356541286e+00 -8.1014861112e-01
4.3375900266e-01 -3.6299525418e-01 -3.5937520842e-01
7.3955257935e-02 -1.3334102375e-01 -1.0303946328e-01
-4.8059827014e-02 -7.1719113804e-02 -2.7677222276e-02
3.3636407773e-02 2.5240939021e-02 7.1948326860e-02
3.8285712142e-02 -1.0985433519e-02 1.1907161096e-01
6.5535775189e-02 -7.3082840958e-02 1.2076090165e-01
1.7205565308e-01 -1.5021429942e-01 1.3640153905e-01
1.4363003066e-01 -9.7918375510e-02 6.3676095526e-02
1.2523081969e-03 2.8410710184e-02 -3.5552006147e-02
-3.3765034981e-02 1.6592256864e-01 -1.7757956888e-02
5.3594306963e-02 2.0717773507e-01 1.0009437393e-01
1.7269908665e-01 3.9132241747e-02 6.0767537846e-02
1.9571244120e-01 -3.0949411037e-01 1.8773388729e-02
1.6949386580e-01 -3.9773394311e-01 1.8717408020e-02
8.4854697657e-01 -6.6564208597e-01 -4.4080310383e-01
1.6187618869e+00 -7.5485776706e-01 -9.6999953949e-01
6.4447815111e-01 -3.4043659377e-01 -5.5781023052e-01
-4.0378589654e-03 -9.5282354655e-02 -1.0108789413e-01
2.2608469462e-02 -1.4030616362e-02 1.0985965968e-01
3.6286992274e-02 -1.5809360531e-02 8.7588153153e-02
2.7690882593e-02 -3.4088800155e-02 5.8710391519e-02
2.4255062849e-02 -6.6504168639e-02 3.7864465499e-02
-1.0775608093e-01 1.9180888062e-01 -1.0230595154e-01
-1.6994136363e-01 5.2787719135e-01 -1.4501133945e-01
5.4326758626e-02 7.3385068266e-01 7.6818546549e-02
3.0600771205e-01 9.2448348235e-01 3.7826993110e-01
2.7816330608e-01 6.4624570835e-01 2.5613353687e-01
2.2619427667e-01 1.5036913824e-01 1.2767478439e-01
1.8793987426e-01 -1.5597748816e-01 9.8081062126e-02
6.0871432407e-01 -6.1387270550e-01 -2.6335248729e-01
1.0593396104e+00 -1.8806745926e-01 -7.8789076565e-01
4.6309096522e-01 -1.0368409457e-01 -7.1406069508e-01
-2.3407167450e-02 -9.2297892947e-02 -1.5148213603e-01
3.2490457300e-02 -4.1033486059e-02 1.2692167539e-01
-6.3671848767e-03 -1.4392805367e-02 2.4950705643e-02
-5.5930146891e-02 -6.5031358029e-02 3.6048944995e-03
-4.0421635268e-02 5.4074831162e-02 -1.1765042400e-02
-4.9354614734e-02 6.9671713689e-01 -1.8721562694e-01
1.3152947048e-01 9.7615490593e-01 5.9160561574e-02
5.7431793000e-01 1.1550493608e+00 5.1223804162e-01
5.9664612303e-01 1.0882366240e+00 5.9516627064e-01
2.5992233256e-01 3.7641628082e-01 2.1842676517e-01
1.1665826834e-01 4.5743325580e-02 3.3850466633e-02
-8.1625366405e-03 -5.0726935617e-01 -1.3635405678e-01
5.5898766226e-02 -9.1584830404e-01 -3.3082244114e-01
-2.4751854593e-02 2.7158986663e-01 -5.6819188004e-01
-9.8558867701e-02 3.5126048291e-01 -4.7092915208e-01
-6.3164413453e-02 -3.9298275939e-02 -1.0216369716e-01
5.8067784166e-02 -5.9457542967e-02 1.2804720158e-01
4.0388961829e-02 -7.9745652204e-02 8.9315692458e-02
7.0221609514e-02 -9.2263115770e-02 1.5979488191e-01
1.7669428209e-01 4.7438048128e-01 3.2471565711e-02
3.5460637460e-01 8.5071013523e-01 1.2555094935e-01
5.3547707666e-01 8.6911032812e-01 3.7899155968e-01
6.2889297362e-01 9.7791298224e-01 4.9030381945e-01
4.1580951953e-01 6.2203405782e-01 2.8457520475e-01
2.1400342060e-01 1.4321183142e-01 4.2893132083e-02
1.9641805946e-01 1.6496074910e-01 -7.2453303086e-02
-3.8115970908e-02 -9.3226496927e-03 -6.7482506257e-01
-1.0224421425e-02 -5.4949749723e-01 -1.2217860645e+00
-2.7325130627e-02 -1.5081286905e-01 -1.4685682057e+00
-8.2191348573e-02 2.1536659688e-01 -4.0147769804e-01
-4.2982317096e-02 -3.3350672245e-02 -3.6945070193e-02
6.2582599546e-02 -3.9130623638e-02 7.9395196557e-02
1.3973990493e-01 -1.1991296058e-01 1.5203148619e-01
3.2930163318e-01 -7.4901264586e-02 3.0574931764e-01
3.4606168975e-01 1.0780506164e-01 2.8669199882e-01
3.7174938489e-01 1.7218327133e-01 3.5269831069e-01
4.6636337246e-01 4.9241920051e-01 2.5044889348e-01
3.5955430351e-01 4.5675460219e-01 2.0852080337e-01
2.9198417184e-01 2.8754867448e-01 7.3784269990e-02
4.3269527771e-01 3.1869360751e-01 9.7448512111e-02
4.0580182383e-01 3.0490677737e-01 -1.1413290752e-01
2.7507037119e-01 2.3515427223e-01 -8.5833872421e-01
-2.9015464573e-01 -7.8109964485e-01 -8.2625943443e-01
-2.4614230296e-01 -1.1989714596e+00 -1.8381869255e+00
2.2716062454e-02 -1.3703072678e-01 -4.7040482289e-01
-4.7453650985e-02 -4.9465538355e-02 -5.8324480119e-03
4.7038766176e-03 -2.6551544751e-02 5.7642489523e-02
1.7336389198e-01 -1.9016033238e-01 1.8883330022e-01
4.6790402333e-01 -6.2160005612e-01 6.8931651811e-01
1.2023244816e-01 -3.6363693928e-01 2.7297543976e-01
8.6586533536e-03 -6.0712555849e-02 -3.2944964616e-02
1.5627064786e-01 8.7569488055e-02 -8.5022558789e-03
1.9774156093e-02 6.2888300729e-02 2.5850676794e-02
1.0123595815e-01 6.8575923087e-02 4.6371567154e-02
2.0221627690e-01 1.4415830737e-01 5.5108732829e-02
1.5099290540e-01 7.1868694897e-02 -3.8069464638e-02
2.6510737359e-01 4.9587000007e-02 -3.8410260634e-01
2.3937821616e-01 -5.3818772930e-01 -4.6192824422e-01
5.5155665212e-01 -1.0367451813e+00 -1.4776033147e+00
2.1025261081e-01 -2.4294123873e-01 -6.4188291168e-01
-3.9272438001e-02 -4.7249789322e-02 -2.0835738904e-02
-3.1836792643e-02 -4.4926283085e-02 6.1057037626e-02
-5.8566027307e-02 -3.2356924338e-01 2.3777409368e-01
-1.9368706119e-01 -9.0310297246e-01 5.4590205835e-01
-1.6450095539e-01 -2.3306286460e-01 -7.0770257576e-03
-2.9608184808e-02 3.2090485225e-02 -3.6723135156e-01
-6.9554604638e-02 -1.6029545222e-03 -1.5435984284e-01
-8.4968231229e-02 -4.2435111879e-02 1.2296801758e-03
-8.1041819177e-02 -8.4661255613e-02 4.9678922048e-02
-6.0267563833e-02 -1.0786285455e-01 3.7241343017e-02
-8.8744097298e-02 -9.9260643299e-02 5.8973989822e-02
5.4359515488e-02 -3.8584269783e-02 -3.9633428779e-03
5.5458647804e-01 -2.9459954613e-01 -7.8902346404e-02
7.4096714246e-01 -5.4762200309e-01 -3.0376687094e-01
1.5870835912e-01 -1.1407425955e-01 -3.2486112216e-01
-4.6657514358e-02 -3.6781997946e-02 -6.3906821064e-02
-1.4095810203e-02 -3.6118916738e-02 4.5279510024e-02
-1.0889290292e-01 -2.1212020935e-01 7.8252598642e-02
-4.6759107180e-01 -6.6400726288e-01 2.8269653535e-01
-2.9010466404e-01 -1.8064882249e-01 -1.1112176271e-01
-1.7850648161e-01 -6.0415520719e-02 -1.4326133046e-01
-8.3094021409e-02 2.2632092373e-02 -8.3363312236e-02
-6.3139001602e-02 2.8994528302e-02 -4.7513231675e-02
-8.3269121694e-02 -6.0728555468e-02 6.4281151252e-02
-7.4033064698e-02 -9.1477866453e-02 6.8520488371e-02
-9.7000819252e-02 -6.7369718720e-02 4.8914751960e-02
-1.1064759792e-01 -3.3456616737e-02 7.9610837892e-02
5.4473456614e-02 -3.1951730795e-01 3.7004869899e-01
2.8657082802e-01 -3.5012425667e-01 5.2844021712e-01
1.8431335868e-01 8.5533392864e-02 -6.6024801493e-02
-6.9686190529e-03 -2.8678706405e-02 -6.3674724037e-02
-1.4618210525e-02 -3.8514059659e-02 3.6475686172e-02
-4.6708928914e-02 -1.0067141848e-01 6.2253561375e-02
-3.1221049358e-01 -4.0808399277e-01 2.2555081789e-01
-3.4999227807e-01 -4.4413342333e-01 5.2293653733e-02
-3.2358262763e-01 -3.3117778144e-01 2.0244073510e-01
-1.3490701848e-01 -7.4699492622e-02 -3.2645651680e-03
-1.1691588603e-01 -7.1814289115e-02 -1.2298674938e-01
-7.4860047282e-02 -4.1006575323e-02 6.0268578443e-02
-4.7999816153e-02 -7.4147682110e-02 6.4669057444e-02
-8.0883552031e-02 -6.0394693691e-02 2.6020864854e-02
-4.2290155535e-02 -5.4969776920e-02 3.4382645652e-03
1.4700451506e-01 -3.4440426828e-01 8.5061238075e-02
2.8502745165e-01 -3.9576610778e-01 -2.1996627569e-01
2.4562934881e-01 6.5457526061e-02 -3.5554272427e-01
-5.1388209637e-03 -2.2413324962e-02 -6.5561005518e-02
-4.4791096382e-02 -3.0853739994e-02 5.1018781971e-02
-1.3038494388e-02 -3.5274498869e-02 4.0536314202e-02
-8.1524158054e-02 -7.9241762620e-02 6.8957260770e-02
-2.1744688495e-01 -2.3972844784e-01 3.6790594074e-02
-3.5262669895e-01 -3.9768486592e-01 1.7562893024e-01
-2.2249517678e-01 -3.8807018533e-01 2.5077146102e-01
-1.7706458407e-01 -3.9003134535e-01 2.4439751437e-01
-4.5148335104e-02 -2.1748530042e-01 2.6854725887e-01
1.6088732243e-02 -1.3253367679e-01 2.0702856558e-01
3.4730454168e-02 -6.4340679738e-02 1.2833563751e-01
1.2232453066e-01 -5.8751098922e-02 4.7093746644e-02
2.4015749789e-01 -3.1957883678e-01 -1.6832734147e-02
-5.6259349388e-02 -6.1382752826e-01 -1.2437516783e+00
5.4475221455e-02 -1.4951249850e-01 -8.9157023863e-01
-1.2666997403e-02 -3.1384056222e-02 -8.4853145742e-02
-5.2207955679e-02 -3.0830125827e-02 5.5073201700e-02
-2.0853308629e-02 -4.2767848384e-02 3.5866951990e-02
-3.6554132288e-02 -5.4486812833e-02 7.5832124281e-02
-4.4879127434e-02 -8.1697962207e-02 5.8554909865e-02
-1.2659988925e-01 -1.8360672385e-01 1.4639383783e-01
-3.1783329991e-01 -3.7660506416e-01 3.8486397370e-01
-5.4424197070e-01 -7.2840134576e-01 5.9392967241e-01
-4.3101866305e-01 -7.0854460092e-01 6.0286289477e-01
-2.2953185399e-01 -5.6441581355e-01 4.7765313373e-01
2.5236346670e-02 -2.2148575229e-01 2.9372774199e-01
7.0181904815e-02 -2.8811730209e-01 3.0374608059e-02
-1.0088048506e-01 -5.9885556895e-01 -1.3423876833e-01
-3.7835148192e-01 -6.4286285325e-01 -1.2619451379e+00
-1.3666692459e-01 -1.9562552772e-01 -6.6491980512e-01
-2.1186234917e-02 -5.8716907372e-02 -4.6774245777e-02
-4.1287370609e-02 -4.1799165219e-02 6.8857901880e-02
-1.8261565951e-02 -4.6434892639e-02 6.6869342751e-02
-4.2186649364e-02 -6.5127587436e-02 1.0294548333e-01
-2.6797605673e-02 -8.9681585072e-02 8.8742909607e-02
-2.6577628184e-02 -8.3701761868e-02 1.0199231972e-01
-1.8662248364e-01 -1.8342855158e-01 1.9382417762e-01
-5.0909578532e-01 -5.8778831418e-01 5.9036355555e-01
-7.8749442268e-01 -9.4549795479e-01 8.5785481531e-01
-8.4782945352e-01 -1.1013910657e+00 7.3509630159e-01
-6.6652155398e-01 -8.3255719573e-01 4.7832457717e-01
-5.3371922634e-01 -7.9505091887e-01 -3.7790764181e-02
-6.8074422684e-01 -9.4042204995e-01 -3.0541420924e-01
-3.7462466833e-01 -4.8809563377e-01 -5.1129545961e-01
-6.8144657376e-02 -1.2687585036e-01 -1.6188938687e-01
-2.4021266587e-02 -5.0887546389e-02 -2.2619226596e-02
-1.6757425990e-02 -7.4793912325e-02 6.9805478695e-02
9.1426280772e-03 -8.8745167954e-02 3.8162733049e-02
-8.9614784750e-03 -1.1185356845e-01 1.0542555607e-01
-1.3468970058e-02 -1.3801505451e-01 8.6844505351e-02
1.6448568303e-03 -1.2650305506e-01 7.5315640081e-02
-3.1604083475e-02 -1.0156844749e-01 1.3131341870e-02
-1.4563379953e-01 -1.9946229010e-01 1.5373316266e-01
-4.7329142760e-01 -4.8394431779e-01 3.5839662954e-01
-7.4436246313e-01 -8.1922360346e-01 4.4815633498e-01
-7.9557410539e-01 -9.0187498179e-01 2.5474341564e-01
-6.2211393717e-01 -6.9710086085e-01 -2.4240307398e-02
-3.6399539177e-01 -4.2136651672e-01 -9.4005493558e-02
-8.4731624813e-02 -1.4013275228e-01 -2.6644594180e-02
2.1520553873e-02 -5.1220184246e-02 -2.0027435472e-02
1.8052724585e-03 -6.4790879134e-02 -2.3636620938e-04
8.5958038812e-03 2.2518503749e-02 9.8405961766e-02
-1.0914835103e-02 2.9819923326e-02 1.2268324513e-01
-2.3887398643e-02 9.7399091299e-03 1.4673319803e-01
-2.5301971327e-02 6.7175526298e-05 9.8267872397e-02
1.5313844288e-02 -2.2335090285e-02 7.3234337170e-02
-6.6440737565e-03 -9.6576919339e-03 4.9816166659e-02
9.6986346994e-03 -3.3792398497e-02 5.7055033740e-02
-3.2694514270e-02 -1.2148237190e-02 4.5084784768e-02
-1.7199348657e-02 -2.2551215535e-02 4.7983637309e-02
-4.7300267702e-02 -1.3518021702e-02 7.2039216177e-02
-9.3512309310e-03 -4.2911884168e-02 9.0178535462e-02
-7.1537134155e-02 -4.0068501879e-02 1.2853433564e-01
-1.0175835048e-01 -6.9230791629e-02 1.4474561868e-01
-7.3411707827e-02 -1.0285453427e-01 6.6899538701e-02
-6.7573457834e-02 -8.1403175903e-02 1.4195009087e-02
2.7150199213e-04 3.2971799423e-02 1.0446255170e-01
-1.9957161128e-02 2.0898737666e-02 1.2670462910e-01
-3.9590264220e-02 -4.6857009000e-03 1.4695276783e-01
-2.1356719605e-02 -1.2244512013e-02 1.1376363954e-01
6.9088836690e-03 -4.0919858142e-02 1.0027333948e-01
2.1748541552e-03 -2.2903117993e-02 8.1821591641e-02
-1.7084040880e-03 -6.5654960117e-02 7.8559898483e-02
1.9318816111e-02 -1.0273089256e-01 5.8066983767e-02
6.7308508513e-02 -1.7211818052e-01 8.8575944269e-02
1.0604636329e-01 -2.9768781924e-01 9.1709230146e-02
1.5657511963e-01 -3.7527270365e-01 1.4360489218e-03
4.4653057276e-02 -1.9326661023e-01 2.1938245070e-02
-2.8157822520e-02 -6.5739546516e-02 1.3357542189e-01
-1.7133452409e-02 -8.1689643925e-02 7.9595218925e-02
-1.7374950169e-02 -6.0532448954e-02 1.7727430860e-02
-2.2334466354e-02 3.5693319206e-02 8.8941381608e-02
-6.1863387396e-02 3.1019285729e-02 1.2035006219e-01
-7.5542840237e-02 -1.0842164274e-02 1.3129664388e-01
-1.4065848499e-02 -2.1744334712e-02 9.9941523057e-02
1.4195455295e-02 -3.0878295602e-02 6.5184346147e-02
3.0230217518e-03 -2.5293369637e-02 5.2361479126e-02
2.6847763201e-02 -7.4651241857e-02 5.5287480989e-02
9.3300922894e-02 -1.8281790720e-01 7.2350273068e-02
2.4638675253e-01 -3.2761959746e-01 8.4996828501e-02
3.5989616283e-01 -6.3231617246e-01 1.8065549439e-02
5.0339845776e-01 -8.0922666924e-01 -1.8458832895e-01
5.4135837758e-01 -2.9047229078e-01 -2.1411293369e-01
2.4334042557e-01 -3.9612363850e-02 -8.1442524108e-02
6.2617929733e-03 -4.5945940489e-02 -9.2123591086e-03
-5.2243414298e-02 -4.0517632949e-02 -1.2122951663e-02
2.8186186063e-03 3.1991979189e-02 8.2883293326e-02
-1.1315407797e-02 1.1344116595e-02 1.2909483029e-01
-9.9108948565e-03 -3.5508045524e-02 1.2118430396e-01
2.9380870254e-02 -4.2381354982e-02 7.9223900606e-02
7.2166290726e-02 -9.1315011132e-02 5.5211482027e-02
1.3310266234e-01 -1.4020586541e-01 4.6646929664e-02
1.6708943886e-01 1.8938800905e-02 8.6930326768e-02
3.6653412870e-01 1.8766742394e-01 2.1293087962e-01
6.0416155138e-01 5.6940783869e-02 2.6017676959e-01
7.1182053091e-01 -4.4200883879e-01 2.2139957838e-01
9.6980955650e-01 -5.5210983723e-01 5.2377902678e-02
1.5875314920e+00 -2.2282575501e-01 -5.8510484324e-01
1.3743226931e+00 -3.7142972726e-02 -1.1633088137e+00
2.8717841870e-01 -9.1588373100e-02 -3.6906493474e-01
-2.1853780667e-02 -5.1024903529e-02 -6.4875998733e-02
4.8113691120e-03 -3.5096376348e-03 8.4656291137e-02
4.0144752686e-02 -3.9442213498e-02 1.2488677770e-01
-1.8546881854e-03 -7.9000232377e-02 1.2025760663e-01
5.3630939596e-02 -1.4836809026e-01 1.4006159537e-01
1.1146100593e-01 -1.1759553278e-01 1.0838513181e-01
2.7032006967e-01 1.7192422644e-01 1.4642073380e-01
6.7372658590e-01 4.1570475258e-01 4.4529651381e-01
1.0162215327e+00 4.2862265207e-01 5.7735577071e-01
9.3257188495e-01 1.4652533667e-01 3.3743420182e-01
8.3293929914e-01 -2.5143262692e-01 2.2449213749e-01
7.2364604891e-01 -3.6653854584e-01 -1.4704761512e-01
6.8039723779e-01 -8.6690850550e-01 -7.8728911423e-01
1.2093582990e+00 -6.9945213454e-01 -1.5317781878e+00
6.1664039155e-01 -8.1197384268e-02 -1.0996512976e+00
-2.6145204845e-03 -2.9776696271e-02 -1.7726659699e-01
6.8880434552e-03 -2.7833960895e-02 1.1646618584e-01
2.3701063850e-02 -7.2752018391e-02 1.3104581448e-01
3.5530919870e-02 -1.9049048851e-01 1.8958994358e-01
1.5742794579e-01 -1.7777413519e-01 2.4009972999e-01
3.7606367097e-01 3.6564500782e-01 2.9459327502e-01
8.7795762743e-01 5.8102425558e-01 6.7104537125e-01
9.9682843201e-01 4.2366579011e-01 6.8984167769e-01
5.5831687325e-01 1.2671278326e-01 3.1928893324e-01
1.8956744705e-01 -7.4364869581e-02 7.9329323415e-02
7.6855410844e-02 -2.2803963906e-01 5.0495764345e-02
-6.1407706557e-02 -5.4635932635e-01 -6.1194744854e-01
-2.6639139489e-02 -1.4636451754e+00 -5.2100777737e-01
3.1667488660e-01 -5.7144320420e-01 -8.4861810599e-01
4.2260995542e-01 6.0325620593e-01 -1.6816519486e+00
5.4416514442e-03 6.2172452752e-02 -3.4035934726e-01
1.9393439569e-02 -5.3732448089e-02 1.1818395504e-01
5.8433907549e-02 -9.2790449281e-02 1.4037583912e-01
6.1478018631e-02 -1.6785270590e-01 2.2861426662e-01
3.7723374845e-01 1.3247661252e-01 3.7381972589e-01
8.6473775041e-01 3.5010962754e-01 8.4145664857e-01
8.1920572436e-01 4.0866746028e-01 7.4413148716e-01
2.7773813496e-01 3.2303514378e-01 2.0338841447e-01
6.4133095006e-02 1.1226562968e-01 -9.3353603133e-03
6.9400671392e-02 4.6438447746e-02 2.7756795581e-02
2.5270320943e-02 4.5802872153e-02 2.7083970554e-03
-3.1236617645e-01 -1.8955038657e-01 -6.6594811109e-01
-4.8603672222e-01 -1.7136331957e+00 2.3853642835e-01
-4.2577588200e-01 -2.2813904709e-01 -5.0639555004e-01
-2.7735105492e-01 1.2072700608e+00 -1.3010599589e+00
-6.0840948969e-02 1.8036517585e-01 -3.2323680833e-01
1.6717059822e-02 -4.0246190346e-02 9.0739657875e-02
5.3468214116e-02 -9.9972218322e-02 1.4017783119e-01
5.3846177262e-02 -1.7610449506e-01 2.6415902434e-01
3.7925080444e-01 -2.8177408560e-01 7.3129062098e-01
5.6795855900e-01 -2.0322174989e-01 7.2369919655e-01
2.5671648065e-01 2.6429194539e-02 1.3461792176e-01
5.8690302109e-02 7.1915478654e-02 1.9703034394e-02
5.5208758657e-02 9.5402657836e-02 2.5623247229e-02
1.3836895297e-01 9.4393203931e-02 4.6738645212e-02
1.2533005485e-01 1.0229652169e-01 1.6586371876e-02
-5.7273171777e-02 7.4475062604e-02 -3.5385779992e-01
-6.1849603122e-01 -1.0486357453e+00 9.6224462858e-02
-4.3229713354e-01 -6.6056515987e-01 -3.2818180228e-01
-2.5272299871e-01 3.7632379772e-01 -3.1047060021e-01
-8.3064339059e-02 1.4459192006e-01 -1.5064257928e-01
-9.6936965216e-03 -2.8270390369e-02 7.7266634811e-02
2.0946269551e-02 -1.3016986648e-01 1.6155553845e-01
1.4051987088e-01 -5.1333324973e-01 5.5505489174e-01
1.6302598760e-01 -4.0077432539e-01 4.5399539069e-01
8.9547040589e-02 -1.0657630212e-01 -1.0861263931e-01
1.7306008811e-01 -5.7604054705e-04 -3.1883739445e-01
1.1055757342e-01 1.1216707938e-01 -9.8835441950e-02
-2.4469312799e-02 -2.9695117915e-03 9.1865672977e-04
-1.3871667525e-02 -2.8199219265e-02 1.9449731313e-02
1.0599215565e-02 -1.7345898376e-02 4.9861495179e-02
1.0648874272e-01 1.1330771770e-01 -1.8135212158e-01
2.8359085685e-01 -3.4767474849e-01 -8.8350674115e-01
3.3915806292e-01 -9.1297014666e-01 -1.0050193142e+00
8.1656407186e-02 -1.8430214744e-01 -2.8378731263e-01
-4.0298638826e-02 9.7196493365e-02 -8.8444927072e-02
-9.7367464350e-03 -2.2487808826e-02 5.8661587297e-02
-2.6620121047e-02 -1.3919546071e-01 1.4456679950e-01
-4.0550150140e-02 -4.8150037062e-01 4.4195116050e-01
4.1581398637e-02 -1.5555093546e-01 -8.6081122487e-03
6.0582319295e-02 9.1097894033e-02 -5.6211062797e-01
2.3264907695e-02 2.0795917597e-01 -3.7567310209e-01
5.7862578629e-03 1.9275057866e-01 -1.9186110801e-01
-7.6952272890e-02 -3.5215405955e-02 -2.0124044320e-02
-6.4710081279e-02 -9.5918289351e-02 5.4338811011e-02
-1.0293688200e-01 -6.6659146914e-02 6.5600006247e-02
-2.2899581918e-02 -3.8365872501e-02 4.7244514999e-02
2.5846784182e-01 -3.0716952109e-01 -3.6563812697e-01
6.1196153160e-01 -6.0031622930e-01 -1.3559014574e+00
3.5682989595e-01 -1.6040756956e-01 -8.5886718400e-01
-2.3551439688e-02 1.9528406248e-02 -1.2834705337e-01
-5.0063575635e-03 -2.3480871460e-02 6.9782586722e-02
-6.7735373102e-03 -6.0272650340e-02 8.0681129540e-02
-7.6525853990e-02 -1.6024063711e-01 1.1481887885e-01
-1.0283488440e-01 -1.5269939402e-01 -1.2832107770e-01
-1.4343090505e-01 -1.8469662631e-01 -1.4141976758e-01
-9.7024544307e-02 9.0378411139e-02 -1.2326460988e-01
-1.5911787947e-01 1.1435208863e-01 -2.1624903049e-01
-8.8042153535e-02 -3.2182326294e-02 5.1141606736e-04
-4.7438328983e-02 -6.1685708128e-02 1.2476719604e-01
-8.8146692914e-02 -5.7661407642e-02 8.8306185267e-02
-9.6289572195e-02 -5.0015199776e-02 7.3811076658e-02
-7.5184193161e-02 -2.6455391786e-01 -3.3961149522e-02
2.8251710330e-02 -5.7856394770e-01 -1.1616852709e+00
1.9531942327e-01 -1.7225017326e-01 -1.0296264589e+00
-2.4264256972e-03 -3.1210114592e-02 -1.3604273304e-01
-1.5185765849e-02 -2.6254183498e-02 5.3282353256e-02
1.8568975974e-03 -4.6790787502e-02 5.7370482283e-02
-2.7795561245e-02 -6.8257076594e-02 8.6320639764e-02
-8.5880025974e-02 -1.9011576071e-01 5.8634951770e-02
-8.9474550798e-02 -2.2130002551e-01 1.3103251084e-01
-1.2921434607e-02 -6.3581394070e-02 -6.2879220938e-02
-2.1245156173e-01 -2.1446894869e-01 -1.5201488435e-01
-1.2892306002e-01 -2.1113479036e-01 1.7816222933e-01
-3.5185440215e-03 -1.9464721765e-01 2.3440028499e-01
-8.4261678371e-02 -1.6669479376e-01 1.6336770065e-01
2.2316971560e-02 -1.3779523385e-02 1.2536017161e-01
8.3367347027e-02 -1.4847248734e-01 1.6157898587e-01
-1.5600943855e-01 -6.3651640094e-01 -1.1432719631e+00
1.2721600994e-02 -2.6640279920e-01 -1.0540156744e+00
-2.7668607583e-02 -3.3828469919e-02 -1.1766787007e-01
-3.5465892376e-02 -1.5048339419e-02 6.7261576016e-02
-1.3593061778e-02 -3.7947465967e-02 7.0745957468e-02
-3.3805671065e-02 -2.1634963961e-02 8.6884577032e-02
-4.2971977293e-02 -3.0872524100e-02 7.1582109121e-02
-8.7927425786e-02 -1.2450902599e-01 9.7097680174e-02
-1.7511107123e-01 -3.3989663190e-01 1.8055913833e-01
-3.4267085296e-01 -5.8189861007e-01 3.7006512167e-01
-2.4817534602e-01 -5.2064282662e-01 5.9880242463e-01
-1.5932241662e-01 -5.4135976068e-01 5.1692813110e-01
-1.2856983301e-01 -4.2793034425e-01 3.2744942657e-01
7.3670644252e-02 -2.3822782541e-01 1.7232222214e-01
3.0121899579e-03 -4.3086855483e-01 8.1633347094e-02
-1.9667005193e-01 -7.0352448630e-01 -1.0838590227e+00
-8.3783229927e-02 -3.0425906177e-01 -7.9561482826e-01
-3.1764948609e-02 -4.1871434424e-02 -8.3601135890e-02
-3.8550597873e-02 -2.3146876014e-02 5.9668793629e-02
-1.3325787832e-02 -4.4705466100e-02 6.2904358903e-02
-3.4765925926e-02 -4.7126766854e-02 9.2339630451e-02
-9.1594882543e-03 -4.6726817970e-02 8.9240818811e-02
-3.3916767781e-02 -4.7417093995e-02 9.3772128562e-02
-1.1916397682e-01 -1.9587160896e-01 1.5394230131e-01
-3.2187079118e-01 -6.0311405154e-01 4.1083571202e-01
-4.6003892393e-01 -9.6569277575e-01 7.0871290131e-01
-4.4138337918e-01 -1.0323249299e+00 7.3608798902e-01
-2.5823254383e-01 -8.4120223159e-01 4.3935665791e-01
-3.1175372381e-01 -9.2619923243e-01 -6.3335298756e-02
-7.0467487483e-01 -1.0496499458e+00 -2.0574850516e-01
-3.7613911083e-01 -6.4504033165e-01 -6.1088306059e-01
-1.0693400654e-01 -1.7566227428e-01 -2.4936789209e-01
-3.2691317048e-02 -4.4204965399e-02 -3.0900933398e-02
-4.2533890745e-02 -2.9239113834e-02 8.2488654860e-02
-1.8359951898e-02 -4.1530895261e-02 8.2188591171e-02
-5.1264763444e-02 -4.9994682894e-02 1.0859901626e-01
-3.2496006977e-02 -6.5399455975e-02 1.0710099566e-01
-3.1613203122e-02 -5.3720214231e-02 1.0257709242e-01
-7.3282156248e-02 -6.9751582352e-02 6.7443499311e-02
-1.9281097065e-01 -2.6528080521e-01 2.1567512241e-01
-4.1911937004e-01 -6.4574345600e-01 4.6469837771e-01
-5.5882378676e-01 -9.1029351392e-01 6.1286488863e-01
-6.0520935788e-01 -7.9544447447e-01 4.6599348144e-01
-5.6772222020e-01 -8.4608307307e-01 -3.4924498202e-02
-6.0939491107e-01 -7.6502336691e-01 -1.3805977348e-01
-2.1335206710e-01 -2.9317062149e-01 -9.2472334005e-02
-1.7279842536e-02 -9.1442423695e-02 -1.8740336579e-02
-3.5329675493e-02 -4.3223090330e-02 -2.7273500182e-02
-4.9784734553e-03 -5.4171311497e-02 8.7600158871e-02
1.4822797349e-02 -7.9242011889e-02 6.9292625224e-02
1.0199809685e-02 -8.4684530234e-02 1.1695938433e-01
1.4823679829e-02 -1.0044237456e-01 1.1473314468e-01
9.2582265501e-03 -9.4962848130e-02 1.0378548833e-01
-2.0918150766e-02 -7.6764867203e-02 3.3336403797e-02
-8.0802234148e-03 -9.7999075723e-02 8.0313339360e-02
-8.7834570792e-02 -1.9223475239e-01 1.2773533690e-01
-1.9634303821e-01 -3.0886926777e-01 1.6245743968e-01
-2.7551198501e-01 -3.1563694794e-01 1.1769606190e-01
-1.8388393228e-01 -2.5233365496e-01 5.7526227018e-02
-4.9534770231e-02 -1.6436234241e-01 7.6596753300e-02
1.9422010343e-02 -6.0032196034e-02 7.9277545224e-02
2.6228659018e-02 -3.4212047673e-02 8.1618026043e-03
-1.2193280667e-02 -4.2847325780e-02 -1.0349867911e-02
-7.4213872142e-03 -1.7679878385e-03 9.3415010508e-02
5.0375115729e-03 -1.0636065306e-02 8.5734459305e-02
-1.6176976996e-02 -3.0483793202e-02 1.1315587041e-01
-2.5022599572e-02 -3.3610405639e-02 8.2520818081e-02
-1.1318239240e-02 -3.1987275609e-02 7.6915663878e-02
-1.4557374431e-02 -2.4326599009e-02 5.1681002658e-02
-2.6239819152e-03 -3.8653627175e-02 5.7363351263e-02
-4.9627643267e-02 -1.0827571426e-02 4.9736239407e-02
-4.7701997089e-02 3.8491519218e-03 4.6815133569e-02
-7.0148909048e-02 1.5249446029e-02 6.0132920217e-02
-5.4096984585e-02 -1.7216592777e-02 7.8719807199e-02
-1.0243162925e-01 -4.1032569563e-02 1.1576143853e-01
-1.1753990128e-01 -4.7096486699e-02 1.2760190816e-01
-9.2910964270e-02 -9.1043600574e-02 8.2518842361e-02
-7.6679151260e-02 -7.6917127467e-02 2.1586473804e-02
1.1871727889e-02 -1.2674265662e-03 9.0185180316e-02
1.6949128216e-02 -2.0003108597e-02 8.4379625364e-02
4.5256097385e-03 -3.6791740337e-02 1.1481079503e-01
-2.0374224694e-03 -4.7864162566e-02 7.7687547978e-02
-3.4515833281e-03 -5.3805948034e-02 7.9143333478e-02
-6.8750704827e-03 -4.8236664595e-02 5.5033307031e-02
-4.6834263497e-03 -5.8049452097e-02 5.6479013156e-02
-2.3270220384e-02 -4.5730747201e-02 3.9645253857e-02
-3.0634488790e-02 -2.5529928474e-02 4.0599927360e-02
-4.0166110375e-02 -2.3395157490e-02 4.2467182431e-02
-5.1733456485e-02 -2.5535825186e-02 6.9198949327e-02
-5.4527954499e-02 -3.5879778146e-02 9.7860028941e-02
-5.7538156149e-02 -5.2442548009e-02 1.3389797256e-01
-3.5792380969e-02 -9.3406678382e-02 8.0873239740e-02
-3.5171283191e-02 -7.4412448979e-02 2.1479786624e-02
-1.7353123940e-02 7.2095776064e-03 7.8275027395e-02
-9.3882325212e-04 -1.3492693104e-02 8.0397817826e-02
-2.5499027237e-02 -3.7746427516e-02 9.5255844373e-02
-2.1857739830e-02 -4.3032535835e-02 6.8669700600e-02
-1.1404424685e-02 -3.2638258555e-02 6.2736169551e-02
-1.1169828817e-02 -2.7506747991e-02 3.4431080631e-02
-1.8552216551e-02 -2.7030273290e-02 3.4426494168e-02
-2.6770730121e-02 -1.6977148620e-02 2.6678051139e-02
-7.5571806871e-04 -1.3629502925e-02 3.3878273396e-02
4.9912701011e-02 -4.6466998644e-02 5.3822085655e-02
3.0678820619e-01 -7.3238488506e-02 1.0592049373e-01
5.9656220792e-01 -1.1025161609e-02 -2.3925631022e-02
1.9719869552e-01 -3.1498524139e-02 -8.3406096459e-02
-2.6049294799e-02 -4.2676481522e-02 -2.2518429057e-02
-7.5659103850e-02 -4.7655164216e-02 -1.6665689837e-02
1.4275867498e-02 1.4785822928e-03 7.1345346651e-02
4.0302520773e-02 -3.5652854099e-02 6.8629683785e-02
1.3738163243e-04 -4.0994912464e-02 7.8178508857e-02
-1.9254581181e-03 -4.2110170158e-02 5.3310334508e-02
6.9964033785e-05 -3.6154206537e-02 3.0310363197e-02
2.3196999389e-02 -5.3098842923e-02 1.5842788789e-02
6.0619838938e-02 -2.0693400083e-02 4.8330182679e-02
2.5605136073e-01 -1.6832572817e-02 1.4385470665e-01
5.0177143557e-01 -8.4639593808e-02 2.1829915266e-01
5.1595229614e-01 -1.5613867843e-01 2.9982592994e-01
1.1059606482e+00 -1.9603705991e-01 3.7606753126e-01
1.6530449649e+00 -2.4569012227e-01 -8.3605726037e-01
7.9151830989e-01 -2.8432223988e-01 -1.5200228062e+00
1.1208860791e-01 -1.3402813752e-01 -3.1475664590e-01
-4.9318652808e-02 -5.4520239305e-02 -5.0807694381e-02
1.4547354880e-02 -1.5399395905e-02 7.9637509922e-02
5.1299093519e-02 -4.2371446060e-02 8.1023182000e-02
-1.3988598544e-03 -5.5148196127e-02 9.0709503242e-02
2.8588748778e-03 -5.8810821154e-02 7.8523976680e-02
1.1078487372e-02 -2.9921681411e-02 5.2105579369e-02
1.6597322232e-01 -1.5292580130e-02 1.1113396637e-01
5.2167384694e-01 -6.9809948931e-02 3.3643833821e-01
7.9444930228e-01 -1.6196299298e-01 4.3359927477e-01
7.8075397792e-01 -2.2732052923e-01 3.0154784118e-01
3.9431429297e-01 -1.3468451739e-01 2.6697607600e-01
-4.2116692284e-01 3.3082582213e-02 2.0799312961e-01
-1.2955761925e+00 -9.6180006944e-01 -6.8412755082e-01
-1.5961417281e-01 -1.6089262006e+00 -1.6334156468e+00
4.3339639028e-01 -5.9707282630e-01 -7.4031574106e-01
8.8945223425e-03 -7.5676847083e-02 -1.3397660660e-01
1.7874452531e-02 -3.3995390101e-02 8.6137570746e-02
4.6723176555e-02 -7.0971635347e-02 7.5100984447e-02
7.6844413566e-03 -1.0016554977e-01 9.6732399396e-02
1.7413607824e-02 -8.6004836950e-02 8.7624690815e-02
1.5062836338e-01 -1.7716567309e-02 1.9839994483e-01
5.4591905523e-01 -9.6617792161e-02 4.5466028815e-01
5.9991216194e-01 -1.4938512432e-01 4.1197720128e-01
2.9061567865e-01 -1.7139735545e-01 1.6051659687e-01
9.6232454297e-02 -3.8109557438e-02 8.6582205720e-02
-4.6868810741e-02 -4.7358630739e-02 1.6208571160e-01
-6.1012524338e-01 2.1821235030e-02 5.8092154682e-02
-6.8477066495e-01 -1.3013283268e+00 6.4787180008e-01
9.5318457394e-01 -2.1488993666e+00 8.5240633880e-04
1.2368214918e+00 -8.8876579238e-01 -1.3548387606e+00
1.6126906500e-01 -6.9307730609e-02 -4.6401485328e-01
2.8274154449e-02 -5.2788987805e-02 7.8872444801e-02
5.4390490722e-02 -7.4521574941e-02 6.8744209753e-02
1.1782435053e-02 -9.1792205967e-02 9.8819604648e-02
9.0192797228e-02 -7.5786685683e-02 1.8550999436e-01
3.4702461661e-01 -1.6329191665e-01 4.9270875417e-01
3.3746858989e-01 -1.0245861290e-01 3.2036770005e-01
-9.9859599592e-02 9.1604239314e-02 -1.1559558716e-01
-1.1747716053e-01 9.9419106839e-02 -8.3608866508e-02
-8.0931524650e-02 2.5855172797e-01 -5.2342413813e-02
-6.1103780772e-02 6.7023567151e-02 6.0479910397e-02
-1.3796079326e-01 -5.2239393733e-03 7.7272619621e-02
-5.5833309978e-02 -8.4802419101e-01 8.9064739287e-01
4.9697553863e-01 -9.3933472686e-01 4.0781587980e-01
7.4952062758e-01 -3.5085443361e-02 -1.5435466093e+00
2.0197438036e-01 2.6766764421e-01 -1.0330826317e+00
3.1441899233e-02 -4.0242082430e-02 7.6152667490e-02
6.4183992857e-02 -6.8596619900e-02 6.7993567498e-02
2.3208896265e-02 -9.2963826913e-02 1.1510012668e-01
9.9523484330e-02 -2.0381146240e-01 3.0223907574e-01
1.6197567602e-01 -2.4803046923e-01 2.8500203741e-01
-1.4806094549e-01 3.0354750201e-02 -1.8733273509e-01
-2.6951560701e-01 1.6666721623e-01 -1.3447996328e-01
-2.1822854333e-01 2.0043330052e-01 -4.9068262466e-02
-9.7616956279e-02 2.3598718472e-01 -9.0577970011e-02
-1.5682426585e-02 9.1964980899e-02 -6.1891106323e-03
-2.1703513680e-02 1.7389542414e-01 -5.3210807884e-02
-1.8031123321e-01 -6.9403694615e-02 2.7874556009e-01
-2.3962662436e-01 -9.8002123005e-01 1.3597007600e+00
-1.5706694476e-02 4.2569022487e-01 -5.5845859619e-01
5.4187583666e-02 7.3972614669e-01 -1.2110681124e+00
1.4732781064e-02 -3.4800222522e-02 8.6341580486e-02
4.1783206520e-02 -6.3309879624e-02 7.5499928860e-02
2.7963148814e-02 -1.3551260554e-01 1.4869473306e-01
1.9627454650e-03 -2.2302835476e-01 1.7304026938e-01
-6.4059124525e-02 -7.4408847273e-02 -1.7387387984e-01
9.4032675255e-02 2.3730599168e-01 -3.5563537255e-01
-3.4517097378e-03 2.6518330863e-01 -9.3544175178e-02
-1.8859694740e-01 2.3670964752e-01 -5.9202110486e-02
-5.8090628850e-02 2.9400762222e-01 -6.7874796832e-02
-3.8397947179e-03 7.0437750381e-02 2.6954750698e-02
2.6669066995e-02 1.2253350509e-01 -2.5805693180e-02
-7.4716866624e-02 -1.0202879166e-01 7.0952412497e-02
-5.1430176466e-01 -5.4051703679e-01 7.4478679514e-01
-3.6772627440e-01 7.3408481460e-01 -4.4625388359e-01
-1.4907733218e-01 8.6834608669e-01 -1.0569335019e+00
-1.6346095254e-02 -2.1103671068e-02 8.1265023574e-02
6.4496243881e-03 -3.1287304563e-02 8.1341105199e-02
-1.7182188185e-02 -7.0295222722e-02 1.2333676666e-01
-1.9374619598e-02 -8.3270984416e-02 5.1997915498e-02
2.8385063249e-02 -3.1867911227e-02 -1.5080717010e-01
1.9673000324e-01 6.8020543314e-02 -1.9173908885e-01
1.9030482124e-01 1.6540094523e-01 -2.8993804212e-01
-3.5173047300e-02 1.4131751796e-01 -6.4911655295e-02
2.2208101702e-02 1.3581679772e-01 -8.5605883486e-02
-5.8646341045e-02 1.5290817710e-03 6.8629972593e-02
-6.9800864632e-03 -4.4369866241e-03 1.1664969972e-01
-4.1568046456e-02 -1.8292874539e-01 2.7743971354e-01
-4.4001352215e-01 9.2528045398e-02 -8.3299902433e-02
-6.1624349114e-01 7.0615207291e-01 -7.3838268156e-01
-2.6783858201e-01 4.1615737886e-01 -5.1624388344e-01
-5.1683621774e-04 -2.2581649402e-02 7.7295466566e-02
2.4366356329e-02 -3.0890483489e-02 6.6892806347e-02
-2.0634791181e-03 -2.6458993437e-02 9.0346554109e-02
-7.3678310784e-03 -6.1131438941e-02 8.1204003515e-02
-6.6753584561e-03 -1.2413135990e-01 6.2063341912e-02
-3.5063190524e-02 -7.1573532757e-02 -8.3163711263e-02
-8.3107100129e-02 9.6636347296e-02 -2.7857127694e-01
-4.5345251379e-02 5.2441943420e-02 5.4586499975e-02
8.4301846077e-04 2.6052916940e-02 1.4709781487e-01
-7.3043632530e-02 -1.3716310372e-01 2.4972800756e-01
-6.7261405043e-02 -1.1152049552e-01 1.7200851255e-01
-2.5264396237e-01 -2.5957191218e-01 2.1020726541e-01
-8.6250688296e-01 -4.1035066653e-01 -1.3542775478e-01
-6.4551944013e-01 7.9648779350e-02 -5.2042174398e-01
-9.5628354059e-02 3.9712953722e-02 -1.2065543405e-01
-1.1267209380e-02 -2.6422282178e-02 6.7986367170e-02
2.4168205581e-02 -4.4480134556e-02 6.1276766232e-02
4.1899283571e-03 -3.5121391505e-02 9.1591106705e-02
3.4512034238e-03 -3.4606843342e-02 9.0738464122e-02
1.3328596441e-02 -3.8475400813e-02 8.7431386812e-02
3.2842295728e-03 -6.0851285494e-02 -3.3646069473e-02
-8.0369400039e-02 -1.5870026647e-01 -2.9420319879e-02
2.4218467329e-02 -2.4318258422e-01 2.3237817797e-01
5.9474162049e-02 -2.9891637168e-01 4.2786164707e-01
-1.6078938727e-01 -4.9796396328e-01 3.8609003624e-01
-1.8988608024e-01 -4.1268594423e-01 1.8793274957e-01
-3.6709506819e-01 -4.3099414417e-01 7.6358594559e-03
-6.2119885765e-01 -6.4053875096e-01 -6.1334174175e-01
-2.5700256987e-01 -2.0306006592e-01 -4.6700478617e-01
-3.8899114819e-02 -4.0717006620e-02 -3.9334869431e-02
-2.2279459278e-02 -1.6116589321e-02 7.1668671740e-02
2.1404216330e-02 -4.1943535250e-02 6.7227476526e-02
2.0287787458e-03 -3.0206491732e-02 8.3628030632e-02
2.6748587343e-04 -1.6539427584e-02 7.6893278011e-02
-7.9699735733e-03 -7.0020898255e-04 8.0181441666e-02
-5.4761116786e-02 -6.5472154166e-02 5.5170143083e-02
-1.3915273244e-01 -2.2531360025e-01 1.7273118078e-01
-1.0473583480e-01 -4.0969607837e-01 5.0154251599e-01
-1.2490144931e-01 -6.3807708961e-01 6.2715858319e-01
-3.7899778100e-01 -8.4688066459e-01 5.1880024641e-01
-5.1346509434e-01 -8.5406183889e-01 1.8981666780e-01
-6.8495825687e-01 -1.0193276689e+00 -1.7214406529e-01
-4.0862346745e-01 -7.3196575678e-01 -5.9277974416e-01
-8.7139338700e-02 -2.0443517026e-01 -2.4780357931e-01
-3.6678887317e-02 -4.3129422250e-02 -3.2155569520e-02
-2.4901634993e-02 -1.9376427139e-02 7.0479581943e-02
1.0036766119e-02 -4.0044002663e-02 6.5240608066e-02
9.5373370871e-03 -4.5102620149e-02 8.6525264617e-02
-1.8311594870e-03 -3.8539589413e-02 8.1860012218e-02
-2.0027498099e-02 -2.2340114907e-02 8.2013839413e-02
-2.7504649054e-02 -3.1832362196e-02 7.0833504873e-02
-6.1767710617e-02 -1.3167942868e-01 1.2813962074e-01
-1.7785484121e-01 -3.4166534068e-01 3.0877535048e-01
-2.6094319114e-01 -6.1534499229e-01 4.6554118805e-01
-3.5738631511e-01 -9.0204225576e-01 4.2829943538e-01
-4.6652669958e-01 -9.6606505019e-01 9.9458954073e-02
-5.7710511241e-01 -8.5750395649e-01 -1.2689136468e-01
-2.4050590513e-01 -3.4827152202e-01 -1.7617802013e-01
-3.5351954733e-02 -8.0339013791e-02 -2.6422178353e-02
-2.8656165484e-02 -4.7998201606e-02 -1.9359814701e-02
-1.6623342154e-02 -2.3145506695e-02 7.4531933495e-02
1.2630071626e-02 -3.3050655060e-02 6.4611056705e-02
-3.3718689186e-04 -3.4519127827e-02 7.9135678184e-02
-1.7773697414e-02 -3.9253257709e-02 7.1556855788e-02
-5.4988830109e-03 -3.3622464672e-02 8.5271267452e-02
-1.8078712312e-02 -4.1482810307e-02 4.4713540714e-02
-1.2771950966e-02 -5.7730932022e-02 7.3159592835e-02
-8.1784549016e-02 -1.1923603377e-01 1.0971702483e-01
-1.3582216563e-01 -2.2868470132e-01 1.6360092829e-01
-1.7348848132e-01 -3.1504921376e-01 1.3177316722e-01
-1.6813599821e-01 -3.5359941523e-01 1.9810205606e-02
-1.4329512026e-01 -2.4546672240e-01 2.2308747937e-02
-3.4671336684e-02 -1.0199147931e-01 4.5981731837e-02
1.4159987683e-02 -6.8942394167e-02 1.7469489341e-02
-3.2338232533e-02 -5.3020084036e-02 -2.5365546754e-02
8.4823136346e-03 -4.3395284669e-02 7.6816529122e-02
4.0760044799e-02 -6.4936310133e-02 5.3270561924e-02
3.3379231895e-02 -6.8426223926e-02 9.1376949425e-02
1.2161854919e-02 -7.4735811860e-02 8.9704145393e-02
2.5955159183e-02 -7.4013228990e-02 9.6112215811e-02
-5.8442557558e-03 -7.7570950047e-02 4.4597786032e-02
1.1617259752e-02 -7.0971694053e-02 6.2813289388e-02
-2.5798775754e-03 -6.3980278815e-02 6.4495852994e-02
-1.4376140008e-03 -5.8815545499e-02 7.5153436447e-02
-1.5351949766e-03 -7.1740693790e-02 4.9029101347e-02
1.7063255237e-02 -5.7183275764e-02 5.3475051968e-02
5.5359768027e-02 -5.1553778595e-02 9.0581446713e-02
4.3123678702e-02 -3.6472972960e-02 9.2184115629e-02
3.6742516037e-02 -2.9342552617e-02 2.0789274689e-02
-1.0774137840e-02 -5.7684401411e-02 8.5338646755e-05
2.0432068974e-02 -1.0752021094e-02 6.4788872680e-02
4.3301827291e-02 -2.5924988757e-02 6.8545165034e-02
1.8697043388e-02 -4.6166032626e-02 7.7901719634e-02
7.8469775726e-03 -3.7979151791e-02 7.1313981747e-02
-3.7230226113e-05 -2.9644771710e-02 5.2960387968e-02
5.8733505450e-03 -2.2563817813e-02 3.7084148046e-02
9.1550700811e-03 -3.2400085149e-02 3.6106365399e-02
-2.8198504362e-02 -1.5070291417e-02 3.3667970722e-02
-4.0415359789e-02 -8.4949406903e-03 3.0200540934e-02
-4.3252221948e-02 1.8096546804e-03 3.1474943103e-02
-4.0497030871e-02 -1.7513783479e-02 4.7152535223e-02
-8.1774034293e-02 6.8249364665e-03 5.1415174436e-02
-1.0429978924e-01 9.8156151641e-03 6.4833154973e-02
-7.2877066115e-02 2.2850886649e-03 1.1656469301e-02
-6.6366493256e-02 -2.2413736370e-02 -1.1816669672e-02
2.8224176294e-02 -1.4043968792e-02 6.3496933399e-02
3.6909056577e-02 -3.9069913188e-02 6.7808937996e-02
2.9045877941e-02 -5.3572727965e-02 8.0637361231e-02
2.5807934475e-02 -5.8021970309e-02 6.8945713636e-02
7.9970224887e-03 -5.1319681690e-02 5.8135614073e-02
8.9403898598e-03 -4.4568443226e-02 3.7496940259e-02
-3.9553702381e-03 -4.8182360763e-02 3.2901974196e-02
-8.9914999887e-03 -3.6335801108e-02 2.8319444624e-02
-3.3127000710e-02 -2.2967896945e-02 2.4301151680e-02
-3.2162835462e-02 -1.7232846017e-02 2.5954286528e-02
-4.7988651296e-02 -1.9458588026e-02 4.0256666753e-02
-4.6416671899e-02 -1.0901340511e-02 5.5165090409e-02
-5.3171163802e-02 -2.9673892784e-03 6.1530000275e-02
-3.7520723457e-02 -8.8409613945e-03 1.4225430517e-02
-1.7379232669e-02 -1.9131460695e-02 -1.6506244846e-02
9.0933643646e-03 -1.1269264911e-02 4.7382945833e-02
3.0554191492e-02 -4.2216177716e-02 5.3701056004e-02
1.0957854647e-02 -5.1557749428e-02 6.8060480605e-02
1.1877553043e-02 -5.4054222819e-02 5.8501667861e-02
7.8458768309e-03 -3.4408941074e-02 4.1398911848e-02
5.3299759087e-04 -2.1763791804e-02 1.9592351201e-02
-1.6021085579e-02 -1.6840906894e-02 7.9137998805e-03
-2.3001489423e-02 -9.3808776011e-03 3.8935198227e-03
-2.9636103744e-02 2.8337177635e-03 -6.6385014015e-03
5.9231119825e-04 5.6937047961e-03 9.0271510024e-03
1.6751028866e-01 -5.3562245351e-02 9.2326621803e-02
3.7128126982e-01 -6.8015166154e-02 -4.0254416841e-02
1.0007032602e-01 -2.4260112834e-02 -8.7362802355e-02
-2.7495282147e-02 6.1251644034e-03 -4.1090328030e-02
-4.6506360753e-02 -1.1609146951e-03 -4.9308139131e-02
3.4994210642e-02 -1.3254892670e-02 4.8908469724e-02
5.5348019860e-02 -5.4181675086e-02 5.1689700524e-02
2.0240956770e-02 -4.8969873170e-02 5.4389759153e-02
1.1627674554e-02 -4.4511157949e-02 3.7430160143e-02
-2.7171658245e-03 -1.2567936280e-02 1.2997616001e-02
1.5135344646e-02 -2.3414625367e-02 -7.7686249057e-04
1.1543502311e-03 -3.3170040140e-02 -7.5048478679e-03
3.2803510405e-02 -5.9562921001e-02 1.0038998634e-02
8.2132799449e-02 -9.2722592796e-02 4.6873972265e-02
2.4792441866e-01 -1.3724209638e-01 1.8212413228e-01
1.1264649579e+00 -4.2966229026e-01 4.5162308766e-01
1.6502424983e+00 -5.7304360020e-01 -6.2237518856e-01
5.5317027419e-01 -2.0022124063e-01 -1.1474507389e+00
2.0952206588e-02 -2.7606404417e-02 -2.1377722580e-01
-3.2475051084e-02 -2.1918446470e-02 -6.3925432707e-02
1.8065833866e-02 -1.8830570705e-02 4.7983755464e-02
5.2227992240e-02 -5.2809776808e-02 4.8753433992e-02
1.4806565450e-02 -4.8304485377e-02 5.7342005166e-02
8.4094509604e-03 -4.5478519908e-02 4.1803805087e-02
-1.6517110789e-02 -1.6098601895e-02 1.1442263909e-02
1.6201521974e-02 -4.2768145701e-02 -2.5279145890e-03
3.1113355299e-02 -8.8801997609e-02 4.5842272884e-03
5.9566278987e-02 -1.6356414298e-01 3.2312406856e-02
1.6314255604e-01 -3.4157828769e-01 1.7136124120e-01
2.4024006147e-01 -2.3804768508e-01 3.3461009413e-01
9.7324121697e-03 7.8424433371e-02 1.7321680333e-01
-6.5159245815e-01 1.7004059336e-01 -1.2370048713e+00
-4.9593526731e-01 1.0271565420e-01 -1.9086011998e+00
2.5542326405e-02 -1.0151705295e-01 -4.0293316999e-01
-2.4519860870e-02 -3.7531434892e-02 -7.7723689974e-02
3.4168166723e-02 -3.9069061096e-02 6.4826199648e-02
6.2486583579e-02 -7.0318354773e-02 5.5413983006e-02
2.4078011133e-02 -6.6282295801e-02 6.2262636627e-02
3.3826533546e-03 -7.8377263253e-02 5.1845491950e-02
-1.3484659502e-02 -7.3875912999e-02 5.2135661359e-02
2.1009251524e-02 -1.2162886168e-01 2.1921690791e-02
-4.9141652634e-02 -1.4420782614e-01 -5.7135617472e-03
-1.0811635545e-01 -1.5436634105e-01 -3.3539581470e-03
4.1584563793e-02 -1.6677571321e-01 4.4704854890e-02
7.1527256489e-02 -1.1904159205e-01 2.4780505922e-01
-7.0892240171e-01 7.4086711338e-01 -1.8457143939e-01
-1.1973954685e+00 8.4791358683e-01 -4.9551588503e-01
-6.2368964587e-02 -2.5605372452e-01 -3.5162788762e-01
6.3682694825e-01 -7.2668839849e-01 -3.5221934295e-01
1.1996058865e-01 -1.3203050671e-01 -2.2243592443e-01
3.9286157051e-02 -5.3666821254e-02 5.9943611490e-02
6.6895876871e-02 -7.9353960311e-02 5.6228610112e-02
1.5216362457e-02 -7.7544713203e-02 7.1442532560e-02
1.5978069098e-02 -8.5731894855e-02 7.5788554290e-02
-2.1755783734e-02 -9.6765071266e-02 6.5744209471e-02
-4.7220555097e-02 -7.4620074388e-02 -5.6144728746e-02
-1.8900641210e-01 3.8090104962e-03 -1.2135112384e-01
-1.5773798163e-01 1.1576805579e-01 -3.5602129531e-02
-1.7527079825e-01 4.3464794626e-01 -2.9933125370e-01
-4.1547137524e-02 1.7966061827e-01 -1.1199907239e-01
-1.9130335986e-01 5.1616196134e-01 -1.4198580652e-01
-1.4553618727e-01 2.2217183381e-01 1.6714807476e-01
6.5246602240e-01 -1.3705623368e+00 9.3369850349e-01
1.2126987325e+00 -1.4035240234e+00 -5.3442863153e-01
4.6055085383e-01 -1.1972092563e-01 -8.9357399161e-01
4.5700595771e-02 -4.8230701309e-02 6.2022825128e-02
6.6830059249e-02 -7.5031987086e-02 6.2670817821e-02
2.1242211747e-02 -6.4279040390e-02 6.6997263099e-02
-3.2097276282e-03 -7.6251791535e-02 6.8165235979e-02
-6.2056656615e-02 -5.1194168045e-02 1.8502353685e-02
-1.0146403898e-01 7.5276059656e-02 -8.8597803837e-02
-1.2435465941e-01 9.9230982606e-02 -1.6775948455e-02
-8.2853201115e-02 2.1558179449e-01 -1.9534866508e-01
-1.7209130965e-01 5.5861584742e-01 -3.1340840912e-01
-9.8149861508e-02 3.9449346135e-01 -1.1652295407e-01
-7.2770170506e-02 2.8759071652e-01 1.8801347156e-02
-1.7680676384e-02 -1.8328395889e-01 4.1434110795e-01
1.3235816666e-01 -1.4291424989e+00 1.5035582572e+00
6.8232602220e-01 -8.2714812377e-01 -2.0755903729e-01
5.5397020890e-01 3.0788963680e-01 -1.8977153534e+00
2.9857871267e-02 -3.7870517979e-02 6.3362455147e-02
5.1410536708e-02 -6.3704623894e-02 6.3438529750e-02
2.3917668816e-02 -6.0574588616e-02 6.4330339167e-02
-9.2257054522e-03 -5.4276605510e-02 5.7474822979e-02
-3.9280883046e-02 -1.0010657270e-02 1.1589973852e-02
1.9907398678e-02 6.6352167787e-02 3.0012838141e-03
-1.4748339990e-01 4.4776270433e-02 8.1486154900e-02
-1.7464417102e-01 3.4510248403e-01 -1.3806218556e-01
-9.9704232448e-03 5.9978736812e-01 -2.2153659955e-01
4.7386501179e-02 3.6016911294e-01 1.3354852719e-02
1.1589786349e-02 2.0751104967e-01 -2.1495835358e-02
-6.9739140150e-02 -5.3742646301e-02 1.5542481659e-01
-9.3572634083e-02 -2.0548914409e-01 8.3608030640e-01
-1.5387388087e-01 2.5346546269e-01 -2.5980963047e-01
-3.8967160466e-01 7.1932566972e-01 -2.3853995085e+00
-2.1686970331e-03 -2.2150841227e-02 5.7829400611e-02
1.6706528317e-02 -3.4666324022e-02 6.9157921653e-02
1.1261638747e-02 -3.8879836686e-02 7.2933073160e-02
1.3088879223e-02 -4.4018721088e-02 8.0827696362e-02
1.0634421337e-02 -5.1248999400e-02 7.7986522904e-02
7.7418453004e-02 -7.8747039119e-02 3.7087707711e-02
3.8129798576e-02 -2.9516093603e-02 6.7285106988e-03
-4.9305270253e-02 2.4581976182e-01 3.1919634647e-02
4.8387883399e-02 2.6499943279e-01 -2.4861831751e-01
3.5066711821e-02 1.5164703961e-02 1.0642916912e-01
2.1877094238e-02 -1.7827522026e-01 1.4119858155e-01
-7.2612695423e-02 -3.0574109050e-01 9.0391014655e-02
-5.8113538307e-01 1.0088945920e-01 -1.8823339237e-01
-1.3454661556e+00 3.4335568118e-01 -1.0668222014e+00
-9.6589406308e-01 3.7166651364e-01 -1.4354961180e+00
1.3419441812e-02 -2.3807603043e-02 6.0814300663e-02
3.2105196330e-02 -4.5638276796e-02 6.0883180635e-02
1.9115978964e-02 -4.5706266367e-02 6.7225247327e-02
3.1696753426e-02 -4.4634050809e-02 7.6850023935e-02
9.3904133254e-03 -4.8475578780e-02 8.2929711197e-02
1.7191920026e-03 -6.8827744709e-02 3.1369032964e-02
-2.2930850876e-03 -1.7423313378e-02 2.3616359565e-02
-1.4917749468e-02 3.4640989461e-02 1.3905757605e-01
3.4749047825e-03 1.3288712706e-02 7.2959036189e-02
2.6337217480e-02 -1.5951450491e-01 4.2150993745e-01
-2.5792746444e-01 -4.9802238961e-01 3.9130944770e-01
-5.9553197293e-01 -7.8345811249e-01 8.8564267562e-02
-1.2742731033e+00 -5.3351994184e-01 -5.4001229525e-01
-1.3704783205e+00 -1.1252447862e-01 -8.2319446372e-01
-3.4002947162e-01 4.0562333416e-02 -3.0826991841e-01
6.7726619989e-03 -2.6268951706e-02 5.2676473951e-02
2.4618118672e-02 -4.7550489777e-02 5.2072220196e-02
1.5304206390e-02 -5.1820425714e-02 6.5069717714e-02
1.7870421387e-02 -4.8370353067e-02 7.0600087023e-02
5.6609103640e-03 -4.5238225083e-02 6.8696586456e-02
-3.9595759434e-03 -3.9014524473e-02 4.2679934181e-02
8.8386761518e-04 -5.1935031453e-02 4.2773102068e-02
-1.9873285918e-03 -1.0792797356e-01 9.9414723596e-02
-2.3936031488e-02 -2.1716584219e-01 3.3514587575e-01
-1.2354509639e-01 -5.3300511216e-01 5.5661634119e-01
-5.2911991064e-01 -8.7869864225e-01 3.1077608205e-01
-8.6300068186e-01 -9.2061839481e-01 -8.8125251912e-02
-6.3176993757e-01 -4.9467100056e-01 -3.5104291881e-01
-3.1202636045e-01 -7.9442372824e-02 -2.2959953248e-01
-4.6948565714e-02 -3.5880437638e-03 -4.4470917643e-02
7.9901564773e-04 -1.2847523372e-02 5.7901602783e-02
2.9035612246e-02 -4.2646985260e-02 6.3896652006e-02
1.6611116829e-02 -4.0772353940e-02 6.5747692532e-02
9.9010308319e-03 -3.5284779778e-02 5.9504578705e-02
-3.5999226254e-03 -2.2612633685e-02 6.0314565024e-02
-8.5758340523e-03 -1.8711715142e-02 4.4315760648e-02
-1.3996371810e-02 -3.8181580626e-02 5.9794009051e-02
-2.3636353849e-02 -8.4546127959e-02 1.0941906973e-01
-3.4142974551e-02 -2.2174842773e-01 2.1666268373e-01
-1.5027464109e-01 -4.9297670730e-01 3.1270855715e-01
-3.4287665732e-01 -7.7319403662e-01 1.8111079776e-01
-4.6701078697e-01 -6.9366321632e-01 -8.6261808276e-02
-1.8890033839e-01 -2.7274162536e-01 -1.4093889827e-01
-1.4608669796e-02 -4.0710930261e-02 -4.9866241853e-02
-1.3680607094e-02 -2.0964134203e-02 -4.8682921028e-02
-1.0976436647e-02 -1.5225054362e-02 5.1769333678e-02
1.7997009412e-02 -4.4823265860e-02 5.7117566588e-02
-2.3053834099e-04 -5.0605552195e-02 6.6650971331e-02
2.5080138545e-03 -4.8120707629e-02 5.9927091656e-02
-2.5938633903e-02 -2.9708149120e-02 5.2402087556e-02
-1.6266876380e-02 -3.3908494006e-02 4.3959816289e-02
-1.0286050062e-02 -4.2399270007e-02 4.8452768813e-02
-3.6208342929e-02 -6.5565028345e-02 7.0047477894e-02
-6.4542081823e-02 -1.1648717331e-01 6.6299707187e-02
-1.2419890700e-01 -1.9965564124e-01 8.4926027543e-02
-1.5174142717e-01 -2.6733504926e-01 6.4755430698e-02
-1.5853225434e-01 -1.8958713528e-01 7.6262481334e-03
-5.4544683615e-02 -5.5465247880e-02 2.5582415204e-03
-1.8770864387e-02 -1.9410602924e-02 -2.4102563373e-02
-2.8219246570e-02 -3.2547324538e-02 -4.5619929315e-02
-8.8214153318e-03 -1.7004817341e-02 5.8505710237e-02
1.1959151917e-02 -3.6043133770e-02 5.6792621600e-02
4.0479189442e-03 -4.0242700542e-02 6.4806721200e-02
2.5774235190e-03 -4.3415658193e-02 6.5556655817e-02
-1.2072447498e-02 -3.5593234409e-02 6.5555674317e-02
-6.9942688862e-03 -5.0805710700e-02 4.5263768703e-02
2.8022148738e-03 -5.2369722209e-02 5.4909603805e-02
-1.7993603154e-02 -4.2717478100e-02 5.5106783558e-02
-1.2632417958e-02 -3.9717306473e-02 5.0394561072e-02
-2.9912747221e-02 -5.4925126457e-02 3.6361615273e-02
-6.1325613130e-03 -7.2990007520e-02 4.4507901144e-02
-1.7352505442e-02 -4.2794803760e-02 6.1299484981e-02
-5.8716687092e-03 -3.7947678162e-02 6.9368021759e-02
5.3976059772e-03 -4.2850152567e-02 1.9635087629e-02
-2.0364373374e-02 -4.2662021379e-02 -5.2376169870e-02
2.5597609614e-02 -3.9302488022e-02 6.6122389844e-02
4.7223751215e-02 -6.2573202010e-02 5.1028960023e-02
3.7652905616e-02 -6.4133516787e-02 6.9203572307e-02
2.4935976132e-02 -6.5885599876e-02 7.0274300728e-02
1.5130530559e-02 -5.9262893835e-02 7.3336742702e-02
1.2121688919e-02 -7.3765405058e-02 5.0925976012e-02
1.9147535879e-02 -6.6908724104e-02 5.3803367698e-02
1.1115986518e-02 -6.2815283135e-02 5.5817013640e-02
1.8118434551e-02 -4.6224228251e-02 5.8917996351e-02
1.2376855619e-02 -5.7728864286e-02 4.6407480652e-02
1.8012949557e-02 -4.9841391709e-02 5.1968762519e-02
1.5281253713e-02 -3.5146236817e-02 7.9208632159e-02
2.1175294917e-02 -2.7902045901e-02 8.8843031273e-02
1.9300664858e-02 -2.1824207689e-02 1.5790827679e-02
-1.2518517273e-02 -2.9152587296e-02 -2.5165388008e-02
4.9333448576e-03 -1.8382758018e-03 5.1048776145e-02
2.7500899022e-02 -1.6351549766e-02 5.3311030030e-02
1.0075670377e-02 -2.9382749344e-02 6.5884896559e-02
-4.6045201729e-04 -2.6372822438e-02 5.5801284153e-02
-4.9770911992e-03 -7.8261726506e-03 3.7794466955e-02
2.2534184678e-03 -1.2633470532e-02 1.6351711677e-02
7.6487097293e-03 -2.5835630702e-02 2.7499715226e-02
-3.5553094830e-02 -8.9017367766e-03 2.2566594537e-02
-3.5281016006e-02 9.6216517720e-03 2.4468774863e-02
-5.1762438881e-02 2.4797986288e-02 1.5066087851e-02
-4.1585302258e-02 4.9489289271e-03 4.1943594177e-02
-8.4375103755e-02 2.1670994782e-02 4.7419455516e-02
-9.7758910387e-02 3.1702544626e-02 6.8227885661e-02
-7.5723176135e-02 4.0622090404e-02 2.1240612261e-02
-3.5868726314e-02 -3.5588262702e-03 1.4915142778e-02
2.3443591061e-02 -4.6517255529e-03 4.6759587463e-02
3.7677580497e-02 -3.5992848327e-02 5.0438546609e-02
3.1651064065e-02 -4.3015695791e-02 6.6834985011e-02
3.2430284051e-02 -5.3137638587e-02 5.0170078308e-02
1.9767413583e-02 -4.0017999423e-02 4.0584369854e-02
2.0373593821e-02 -4.7640593772e-02 2.0933762276e-02
1.1712291313e-02 -5.2754847330e-02 2.5675980568e-02
-8.3947640382e-04 -4.2104350112e-02 1.6667115910e-02
-1.4722127317e-02 -2.3548574167e-02 1.9803135098e-02
-2.5146842010e-02 -6.6996295551e-03 3.7388323694e-03
-3.4400923363e-02 -1.2249696039e-02 2.6955557094e-02
-5.1043045390e-02 5.0430157742e-03 3.9144476020e-02
-4.6256865083e-02 -7.9355939406e-04 6.7201595962e-02
-2.7556542321e-02 1.2251843667e-02 1.5454596450e-02
-2.5921139817e-03 -1.1260902893e-02 2.5166869648e-03
4.7212613532e-03 1.7799580013e-03 3.1662724025e-02
3.1829943761e-02 -3.5299482276e-02 3.8636228208e-02
1.5016193653e-02 -3.8405904586e-02 5.7408478882e-02
2.4832558622e-02 -4.3043183992e-02 4.6358262823e-02
1.3363324107e-02 -1.5336295842e-02 2.6038674975e-02
1.6993852271e-02 -1.8427775374e-02 1.1128228255e-02
1.0628524595e-02 -1.9550378256e-02 1.7529558294e-02
-1.1264416706e-02 -1.9675133975e-03 3.7762614000e-03
-1.7537146457e-02 1.3468042632e-02 -1.7901864611e-03
-2.1198193199e-02 2.9370498006e-02 -2.4848686928e-02
1.1162787761e-02 9.6670601122e-04 2.7645348045e-02
5.3415310693e-02 -1.1468426138e-02 4.9380946530e-03
-5.5262998713e-03 1.0966746952e-03 1.3742371952e-02
-4.6194926748e-02 4.2921401944e-02 -3.0582745479e-02
-2.8053397505e-02 8.1487037741e-03 -2.4483140730e-02
2.5992374638e-02 -2.4781748932e-03 2.9264849833e-02
5.9716791872e-02 -4.8370469009e-02 4.0646275415e-02
3.3196032139e-02 -3.9330377894e-02 4.2585625191e-02
3.1696391953e-02 -4.0591525458e-02 2.5548383200e-02
1.4449685466e-02 -6.7264511610e-03 8.4421330570e-03
2.8561793928e-02 -1.6699109167e-02 -8.4226924344e-03
1.8273055307e-02 -2.2138638492e-02 -4.2767768101e-03
1.9602878463e-02 -2.4138879909e-02 -2.5755322067e-03
1.7586946234e-02 -7.6692384781e-03 -6.3730367144e-03
7.7543815718e-02 -4.1353367564e-02 3.4160327706e-02
4.7977866405e-01 -3.3318844353e-01 2.6459729864e-01
9.8035988639e-01 -5.8865729751e-01 -1.0345317449e-01
4.1853612388e-01 -2.0749454824e-01 -4.3051718600e-01
-9.8323152782e-04 1.2716546411e-02 -1.0890686220e-01
-1.9336843486e-02 -1.0768656754e-02 -4.8155233503e-02
2.0062289005e-02 -1.0526662353e-02 3.7862040029e-02
6.9704902915e-02 -4.6858115905e-02 4.8442424005e-02
3.0166939888e-02 -3.6245294572e-02 5.3956013595e-02
2.6209178198e-02 -3.1218398772e-02 3.8909156313e-02
2.4137110898e-03 5.5479496552e-03 1.7669492608e-02
3.0826904940e-02 -1.8208653448e-02 3.3946999499e-04
2.5982849798e-02 -3.4795918018e-02 6.8297479356e-03
1.1325751496e-02 -4.2981682945e-02 6.7344145196e-03
4.2201766221e-02 -8.8258447388e-02 6.5743684791e-02
1.6285996838e-01 -1.7143581402e-01 2.2597437433e-01
5.9621781036e-01 -5.9552033598e-01 5.3954685217e-01
9.1443332982e-01 -7.2052706709e-01 -4.6965842119e-01
5.7343013285e-01 -8.2193414320e-02 -1.5309339758e+00
5.9970777438e-02 4.1140726944e-02 -3.6587072302e-01
-2.1758955422e-02 -1.1687019401e-02 -4.2447796359e-02
2.7333806573e-02 -3.0443176163e-02 4.0952976237e-02
5.6627828391e-02 -6.3865322660e-02 3.4547648160e-02
2.8300233402e-02 -6.0406379252e-02 4.8812392412e-02
8.6745147586e-03 -5.7389364966e-02 3.5091476217e-02
9.5008082144e-03 -3.0941293972e-02 3.4941258043e-02
2.0278825768e-02 -5.8991710745e-02 8.6099357791e-03
1.7006553584e-02 -8.0721889582e-02 2.9975229893e-02
9.9751675531e-03 -1.1520968281e-01 3.5422023234e-02
2.3949305673e-02 -1.8538876417e-01 5.6501574460e-02
3.4487895370e-03 -8.5251712047e-02 1.7919783814e-01
1.9226401872e-02 -7.7649047694e-02 2.6066046103e-01
-5.2670819121e-02 3.5943079513e-01 -4.0248772113e-01
1.9728446448e-01 1.0766803139e+00 -1.6902395140e+00
2.8667882524e-01 2.9128464104e-01 -7.4795205524e-01
3.1256938352e-02 -1.1024872571e-02 -8.9391633142e-02
4.1414577695e-02 -5.0787462519e-02 4.9460194219e-02
7.0592361490e-02 -7.4052076377e-02 5.0090747526e-02
3.5294632645e-02 -7.6013073430e-02 6.9927296490e-02
3.3345987660e-02 -7.5785280676e-02 7.4739627487e-02
9.7415729892e-03 -4.6589176503e-02 6.2070224202e-02
2.4714882332e-02 -5.5665938813e-02 3.2498104047e-02
1.6978333596e-02 -7.2726832090e-02 5.3109783219e-02
8.4412498546e-03 -4.7057201541e-02 4.4031079691e-02
-3.6836462752e-02 -2.6735198351e-02 -5.9149115901e-02
7.5906100633e-03 1.4047099399e-01 5.9899301952e-02
3.5237616194e-02 2.2890354101e-01 6.6390562685e-02
-6.9652032546e-02 9.2796440062e-01 -1.7088518222e-01
3.1215948357e-01 1.8258921997e+00 -8.6187700194e-01
7.7287865291e-01 6.8911588422e-01 -9.5417684480e-01
3.1502143897e-01 1.0991239775e-02 -3.6479532330e-01
3.3779720376e-02 -3.4297828980e-02 4.1499733634e-02
7.1619859232e-02 -6.7032150361e-02 5.2474069320e-02
2.4819039980e-02 -5.2205522958e-02 5.7736649953e-02
1.1837539585e-02 -3.7442183824e-02 4.6226086627e-02
-6.9306464260e-03 -1.8845892459e-04 3.1226698865e-02
1.0492075354e-02 -2.9398915503e-02 2.1813606646e-02
2.3642207717e-02 -6.0498693171e-02 3.0194100896e-02
1.1889181711e-02 3.5472094886e-02 -7.3243541088e-02
-7.7255927302e-02 1.5437023744e-01 -2.0317004653e-02
-6.1070763874e-02 3.7635351564e-01 1.6292948414e-01
-4.6474940438e-02 4.4650153958e-02 2.2805608000e-01
4.2079715645e-02 4.1134297047e-01 1.6311580529e-01
3.5943649764e-01 1.2563712300e+00 1.5624087151e-01
1.0010094642e+00 3.8948514348e-01 -3.6627877054e-01
6.5758096134e-01 -2.3501267820e-01 -1.2693071910e+00
2.8867491772e-02 -3.2628942077e-02 5.3260825595e-02
6.2566405384e-02 -6.0901128190e-02 6.0328510431e-02
3.1134126399e-02 -5.3829278630e-02 6.1851714425e-02
2.0704622032e-02 -4.1805332505e-02 5.0577404572e-02
-3.0717410354e-04 -1.6463857531e-02 4.7120035270e-02
2.0806941726e-04 -2.4089382041e-02 2.6128955807e-02
-3.1669314412e-02 -4.7079078526e-02 4.5314122390e-02
-1.9226900806e-02 5.1943988649e-02 -7.4774206051e-02
3.7803864228e-02 1.6705001051e-01 1.8519029805e-02
6.9814955050e-02 2.7756246401e-01 2.7605803905e-01
-1.2380476916e-01 -1.6316038198e-01 2.1440676448e-01
-5.6591306976e-02 -3.0998554897e-01 4.9404916879e-01
8.4853031689e-02 2.1542548648e-01 7.1455785770e-01
-1.3107356973e-01 -4.1534670916e-01 -1.5050157830e-01
-4.0410393917e-01 -5.6429169889e-01 -2.0821244678e+00
-9.6776342809e-03 -1.0488013724e-02 4.7336740843e-02
1.7451832569e-02 -2.8803517810e-02 6.0070519448e-02
6.6532369611e-03 -3.1647108919e-02 6.5359739991e-02
8.4426384014e-03 -2.7940970197e-02 6.3098867360e-02
8.9228777989e-04 -2.5580128430e-02 6.7420875378e-02
2.3471784340e-03 -3.7319615942e-02 4.3610708579e-02
-7.1484038518e-03 -3.8165461782e-02 7.1903259439e-02
-3.8194748643e-02 -3.3752231816e-03 2.7379609154e-02
1.5370333485e-02 -3.0406060225e-02 1.2219621317e-02
6.4887100056e-02 -8.7475028765e-02 2.0883638995e-01
-8.5181641092e-02 -6.7015981817e-01 2.7074732293e-01
-2.9950149535e-01 -9.2759480145e-01 5.5649294443e-01
-1.0294345015e+00 -8.2715012618e-01 3.8195006288e-01
-1.9382895956e+00 -1.1244022905e+00 -8.2725249981e-01
-1.1189940500e+00 -4.5140483170e-01 -1.3342719115e+00
1.0953718032e-02 -1.7496836540e-02 4.6981455985e-02
3.4385636839e-02 -3.8195771540e-02 4.9741379749e-02
2.2693137613e-02 -4.1228008447e-02 5.6539011178e-02
3.0977046558e-02 -5.1088540849e-02 5.2921410140e-02
2.1499055951e-02 -4.1710241798e-02 5.5260303833e-02
1.3407775607e-02 -4.8549012014e-02 3.6258285429e-02
2.7377761525e-03 -5.0204880218e-02 5.6101396450e-02
-1.2132445267e-02 -5.5372050322e-02 5.3376822078e-02
-2.4941083392e-04 -9.8044934248e-02 5.5235273949e-02
1.0757057231e-01 -1.6508304628e-01 2.0006763397e-01
-1.2669160801e-01 -6.7960490508e-01 3.4559922953e-01
-6.0076753991e-01 -1.0789119648e+00 3.3323906334e-01
-1.2210219759e+00 -8.2344150243e-01 3.3453591975e-02
-1.2754450213e+00 -5.7869843224e-01 -4.4768138092e-01
-3.1798284446e-01 -1.1957712642e-01 -2.3784084235e-01
2.5015248547e-03 -1.8246819204e-02 4.2103020552e-02
3.5233675391e-02 -3.6589299787e-02 4.6705757531e-02
2.4275504762e-02 -4.6756633988e-02 5.5823806226e-02
2.8832090345e-02 -4.7819281419e-02 5.4900552251e-02
8.3171111396e-03 -4.0844632385e-02 5.6384248424e-02
9.5137766909e-03 -4.3050577703e-02 4.0310574556e-02
1.0262184444e-02 -5.0381164805e-02 5.4857704139e-02
-1.6254640016e-02 -4.8986345769e-02 4.5250959160e-02
-2.8044222038e-02 -7.0925833484e-02 7.8549911176e-02
-5.7609577582e-02 -1.3280086368e-01 1.2828432192e-01
-1.7195696468e-01 -3.1836907102e-01 1.8376125254e-01
-3.6628325413e-01 -4.2071728493e-01 7.8322251981e-02
-2.4728394060e-01 -1.9286527407e-01 3.0551026998e-02
-1.5934632532e-01 -4.2782625527e-02 -3.5245415526e-02
-1.8086964441e-02 -3.1029370215e-03 -8.5282276366e-03
-8.1843931491e-03 -5.9386676161e-03 4.4264250600e-02
3.3992114673e-02 -3.7173403715e-02 5.1612356814e-02
1.4584143298e-02 -3.7671157346e-02 5.1139011587e-02
1.2965550297e-02 -3.4159669438e-02 4.2810023050e-02
2.7447527598e-03 -2.4166473512e-02 4.3015296497e-02
6.9384167122e-03 -3.4526128978e-02 3.0806828187e-02
-8.5357427488e-03 -3.5734632087e-02 4.0950110544e-02
-1.8465738250e-02 -3.1118396278e-02 3.6126164523e-02
-1.0941720348e-02 -3.4111485557e-02 4.0944653195e-02
-3.2740627624e-02 -5.7218858492e-02 1.0928133984e-02
-3.9027322447e-02 -1.0815347115e-01 1.7954827968e-02
-7.2317757812e-02 -7.7621189251e-02 1.0834207966e-02
-1.6582462867e-02 -1.1575282602e-02 1.8374446200e-02
-4.4159623858e-03 1.1955430047e-02 -1.3315256869e-02
-2.2915610043e-03 -1.6086536735e-02 -3.3060362314e-02
-1.1724790160e-02 -8.2343158546e-03 4.4742964437e-02
3.2518475319e-02 -3.2675726766e-02 4.9447420449e-02
7.2699894414e-03 -3.9301843008e-02 5.3552426777e-02
1.5566941637e-02 -4.1016769593e-02 4.9165887003e-02
-5.3827934759e-03 -2.3612891960e-02 4.6961230801e-02
2.5146570318e-03 -3.6077690225e-02 3.6599064021e-02
4.5328031119e-03 -4.5805884235e-02 4.7962972700e-02
-1.8041838330e-02 -4.7528668273e-02 4.1473266947e-02
-7.5769181451e-03 -3.0589356663e-02 2.7458362655e-02
-1.6456579525e-02 -2.0315766403e-02 4.1183008306e-03
1.1485955214e-02 -2.4772971377e-02 1.0811710949e-02
-1.1825503139e-02 -5.1597987767e-03 2.2980523800e-02
-4.6200958517e-03 -6.3868893036e-03 3.8138738084e-02
-1.4384555755e-02 -1.4956465180e-02 2.8055652076e-03
-8.1699357774e-03 -2.7329358943e-02 -3.1976350209e-02
-6.6088642989e-03 -1.2132662868e-02 4.3555625892e-02
2.5350325195e-02 -2.6551617659e-02 3.8217532657e-02
4.5904993520e-03 -3.3455188193e-02 4.5825448594e-02
4.8448588329e-03 -3.3806160834e-02 4.0184988938e-02
-4.1157305206e-03 -2.1771004165e-02 4.6594033751e-02
1.9748749264e-03 -3.7956278937e-02 3.4109695895e-02
6.2341821899e-03 -4.0717527247e-02 4.1534990573e-02
-2.2229060808e-02 -3.8731182316e-02 3.6514652790e-02
-5.6553346777e-03 -2.4062611331e-02 3.5290955118e-02
-2.0026276620e-02 -2.3894631854e-02 1.3827781598e-02
1.0810003024e-02 -2.7659437309e-02 1.8747082795e-02
-1.3289362122e-02 -1.9670516920e-02 4.5400312239e-02
-3.1151705649e-03 -1.9681836246e-02 5.6797190592e-02
2.1968872278e-03 -2.4011357928e-02 1.9054273238e-02
-1.0697983003e-02 -2.9536730759e-02 -3.6256792878e-02
2.6284229612e-02 -3.6172283706e-02 5.2668292623e-02
5.7122451086e-02 -5.9932143756e-02 4.4123258923e-02
4.1391339967e-02 -6.4977706043e-02 5.9594814750e-02
3.2058791948e-02 -6.9879474217e-02 5.5952078585e-02
2.5777176424e-02 -5.4446502833e-02 6.4885747403e-02
2.4337087212e-02 -6.7051001895e-02 4.2064616718e-02
2.0458980645e-02 -6.5979519537e-02 4.9021204118e-02
5.5116313569e-03 -6.9043270075e-02 4.7338088328e-02
1.6563000547e-02 -5.1772049272e-02 5.1094630132e-02
6.3247452155e-03 -5.5363664183e-02 3.2328799430e-02
1.8339557669e-02 -4.4730114590e-02 3.5466921930e-02
2.8769309984e-03 -4.0932878478e-02 6.7823229145e-02
1.7667168727e-02 -2.4759477720e-02 7.8889292536e-02
1.8348718503e-02 -1.4417016292e-02 2.6514126420e-02
8.4323014218e-03 -2.6223353526e-02 -1.8622100117e-02
-1.5484624408e-02 7.7925434162e-03 5.4734033532e-02
4.7008385729e-03 -6.3198421402e-03 6.6563100428e-02
-2.3393485145e-03 -2.3815105227e-02 7.5670065931e-02
-1.0001611692e-02 -2.4088262551e-02 7.3819105076e-02
-1.5877121562e-02 -6.5122579819e-03 4.7578265748e-02
-9.8179289586e-03 -2.5522374711e-03 3.7198644997e-02
-2.0468882388e-03 -1.5934727397e-02 4.2044516026e-02
-3.5221934137e-02 -1.2296833972e-02 3.4390293097e-02
-4.2308420218e-02 3.7874814771e-04 3.2315642823e-02
-5.8372805803e-02 2.0025527065e-02 2.1425574604e-02
-5.0711831015e-02 1.3439960536e-02 5.3055103219e-02
-8.0353154206e-02 3.0913330287e-02 4.2430315043e-02
-9.3484050533e-02 4.2317890559e-02 6.6852840517e-02
-7.2624889741e-02 4.5301666763e-02 1.3125414246e-02
-2.2425252387e-02 1.9639371701e-02 1.0400892957e-02
4.0730429224e-03 8.7620629940e-04 5.7619565401e-02
1.2384741877e-02 -1.3842463791e-02 6.8822071562e-02
4.7187503959e-03 -3.2287289365e-02 7.7300685673e-02
1.7149053161e-02 -3.4312262354e-02 7.3292080726e-02
6.4504934559e-03 -2.6008372013e-02 4.8474859768e-02
1.0288603328e-02 -2.3781091189e-02 3.9058028650e-02
2.9413632617e-03 -3.5333094596e-02 4.2926356789e-02
-3.7934799330e-03 -3.3283782443e-02 3.0332635841e-02
-2.0459860873e-02 -1.6093921740e-02 2.5687812398e-02
-3.3237244440e-02 3.5093270622e-03 1.0993386090e-02
-4.1294226883e-02 7.9694610939e-03 4.2590010692e-02
-4.4999557968e-02 1.7665878075e-02 3.3525448332e-02
-3.5360237453e-02 2.1978717840e-02 5.7913544827e-02
-1.4930657924e-02 2.9053638416e-02 -4.3008583934e-04
1.1156820168e-02 1.6351368797e-02 6.4656953869e-04
-1.3085049019e-02 8.6918220145e-03 3.7070037688e-02
9.3068762422e-03 -1.6913658319e-02 5.5402091857e-02
-5.1341618998e-03 -2.7412204642e-02 5.9236814723e-02
1.3532813258e-02 -2.9844834226e-02 5.7788186221e-02
-6.6531342785e-04 -7.7360072156e-03 2.5519999056e-02
5.7489058867e-03 -1.0784246793e-03 1.9907573518e-02
3.8827567721e-03 -6.3573376737e-03 2.1145672305e-02
-5.6755520624e-03 -7.6251597864e-03 8.7847929019e-03
-1.5426820885e-02 1.8401992940e-03 2.5995948777e-04
-3.3259930304e-02 3.8053245301e-02 -2.6775943068e-02
-3.1733625640e-02 3.0246869542e-02 6.5443411755e-03
-4.8116912095e-02 4.7150082264e-02 -6.0179257744e-03
-4.7017577905e-02 4.0132604495e-02 1.0511993119e-02
-3.8538133272e-02 4.6294297308e-02 -3.8928205724e-02
-1.2169683021e-02 2.7048058949e-02 -3.3721239030e-02
1.4823823063e-02 1.0732976109e-02 3.6264911245e-02
4.2373614605e-02 -2.5095788680e-02 5.6898714435e-02
2.1577469423e-02 -2.4791179929e-02 5.3404551659e-02
2.8193720629e-02 -2.1258206876e-02 3.7824866830e-02
9.8807563378e-03 6.5443725862e-03 8.7288633280e-03
3.1669996447e-02 4.3220574851e-03 6.5329913952e-03
2.7306020762e-02 -1.0018615465e-02 9.1621588097e-03
2.8724685742e-02 -1.4113673867e-02 -6.9322457909e-04
7.1275812551e-03 7.4243133410e-03 -1.3641269263e-02
6.2026691516e-03 1.9390563349e-02 -2.6747672464e-02
3.4345518046e-02 -2.8429152862e-02 3.4785154067e-02
1.3410719992e-01 -1.2217988806e-01 -4.3427310788e-03
5.8096014815e-02 -5.7387208218e-02 -6.0858755048e-02
-2.2811329354e-02 3.5170178648e-02 -5.9490869987e-02
-2.9315941196e-03 7.7188739506e-03 -4.9822392429e-02
-4.5708969846e-03 -1.0968452758e-03 3.9332213544e-02
2.9641121882e-02 -2.9430358591e-02 5.0516540607e-02
2.5854053867e-03 -2.9001810967e-02 5.2590563966e-02
-1.3358030566e-03 -2.0898467800e-02 3.9876708734e-02
-1.6482498856e-02 7.7697773161e-03 1.0379036491e-02
7.0089792592e-03 -2.7503895434e-04 1.2749810438e-03
9.7433614827e-03 -1.4696289382e-02 3.7256761295e-03
-5.4486096961e-03 -2.4142661065e-02 -5.9136185419e-03
-1.5940394750e-02 -1.6103110670e-02 -1.0511579804e-02
-7.5327302014e-03 -3.6825595467e-02 1.2355659131e-02
1.7171358714e-01 -3.6022511635e-01 2.5830044353e-01
5.9774567367e-01 -9.3567629219e-01 1.7858736541e-01
5.2952355087e-01 -6.2294297220e-01 -3.7305815884e-01
6.3772001380e-02 -7.8324714767e-02 -1.7086872305e-01
-1.9699289065e-02 2.7557035386e-03 -4.8533674249e-02
-1.6103977684e-03 -1.6012891641e-02 5.0117370586e-02
3.2254714534e-02 -4.3596287570e-02 5.2669233654e-02
5.1859256410e-03 -4.3248071937e-02 5.8617890431e-02
-1.4957819214e-03 -4.3218198559e-02 5.4087281251e-02
-9.4671139014e-03 -1.6639455228e-02 4.0853162718e-02
6.9436189331e-03 -2.5179446445e-02 1.6037719558e-02
1.2366469737e-02 -3.7286192430e-02 2.1033097333e-02
-1.4814091547e-03 -4.9032659866e-02 1.8544104118e-02
8.0163227639e-05 -4.8281019837e-02 3.4315995720e-02
-6.2054985158e-03 -8.2049597963e-02 9.4056768640e-02
2.2306590270e-01 -7.3532266310e-01 5.5037685222e-01
5.7841395016e-01 -1.4481345006e+00 6.0569502909e-01
8.5428884858e-01 -1.0114156813e+00 -7.6194167549e-01
4.0528176921e-01 -3.5653735400e-01 -6.3653418760e-01
3.5832772731e-02 -3.5648300036e-02 -8.2108555861e-02
1.6101544229e-02 -3.8558046309e-02 5.4905981176e-02
4.2422973767e-02 -5.8625162486e-02 6.1204523396e-02
2.0541835700e-03 -5.7409618795e-02 7.1121048723e-02
5.4835393721e-03 -4.6784826296e-02 6.9804705882e-02
-1.3935948094e-02 -1.9074377229e-02 4.3410897310e-02
2.3481242916e-03 -1.4894500060e-02 2.2514479775e-02
-5.9624984371e-03 -2.3145617849e-02 2.5871123827e-02
-1.3262065755e-02 -3.1186229406e-02 2.1827390022e-02
-1.4575897404e-02 -5.5609728937e-02 3.9813222697e-02
-1.0040274387e-03 -4.6138984342e-02 1.0870999479e-01
9.0250696295e-02 -6.2244710340e-01 4.7276741197e-01
6.9321361559e-02 -1.0468596380e+00 7.4461588183e-01
4.2299288847e-01 -9.6832066632e-01 -5.0937318116e-01
6.4719495714e-01 -7.5763016899e-01 -1.3197067255e+00
1.8441058565e-01 -1.1512820231e-01 -3.5153621601e-01
8.8024974843e-03 -2.1963113577e-02 4.4395899258e-02
4.9160692025e-02 -5.1622434385e-02 6.1650686553e-02
1.2307887721e-02 -3.9431916542e-02 6.3061823118e-02
1.4990394668e-03 -2.6785570461e-02 5.3292970439e-02
-2.3291238745e-02 1.1276294241e-02 1.9620855402e-02
-1.3591331796e-02 5.6456198893e-03 7.0870763995e-03
-8.5179276870e-03 -8.1744410481e-03 1.8179542569e-02
-2.8829703582e-02 -6.5546800243e-04 9.3511910535e-03
-2.2865494744e-02 -3.1406561208e-02 5.3500131603e-02
-2.9145785338e-02 1.2215592467e-03 1.3374109012e-01
-4.0297449373e-03 -4.7344987117e-01 4.0971107535e-01
-1.9871879504e-01 -1.0834832751e+00 8.7218306543e-01
-3.1563226065e-01 -1.4370052872e+00 4.2091988470e-01
1.4795632564e-01 -1.4734910984e+00 -1.0697816963e+00
1.9648929103e-01 -6.0912141418e-01 -8.9899217383e-01
7.8468170947e-03 -1.9017596324e-02 5.0458710871e-02
3.5449315622e-02 -3.9750885125e-02 6.3716168933e-02
1.0548686266e-02 -4.0474538518e-02 6.2186370988e-02
-4.9119356520e-04 -2.3522975001e-02 4.9779079728e-02
-1.5556378127e-02 -2.0326285434e-03 2.6489754423e-02
-1.0981060003e-02 -1.2025245734e-03 1.7543075729e-02
-1.2061073962e-02 -1.7506812632e-02 2.7298826767e-02
-2.8385403700e-02 -2.3923618873e-02 1.7660393047e-02
-2.4041662006e-02 -2.1648849998e-02 5.5806821986e-02
-4.5188311977e-02 -3.8416337622e-02 1.2917916055e-01
-1.3990880497e-01 -4.1378743273e-01 3.2997647640e-01
-3.4852844956e-01 -9.5445718508e-01 8.6361812735e-01
-8.8053384327e-01 -1.6487423140e+00 7.8077285622e-01
-9.7305215905e-01 -2.0475673976e+00 -5.5415064105e-01
-3.3812621068e-01 -9.3524708970e-01 -1.0413176352e+00
-2.7907588684e-02 -4.6668353742e-03 4.5122369673e-02
-6.4203761677e-03 -1.4098370443e-02 6.0087061651e-02
-1.8000833492e-02 -2.5487167340e-02 5.7393239180e-02
-1.0094818617e-02 -2.5168418211e-02 6.2671618943e-02
-2.6982703668e-02 -1.2821448374e-02 4.8262745951e-02
-2.7814527023e-02 -1.2334952190e-02 3.3227780353e-02
-2.0612545941e-02 -2.4385321385e-02 4.8706031615e-02
-5.2636685568e-02 -3.8741656285e-02 3.6918163823e-02
-4.8383358498e-02 -3.8717228085e-02 5.0686572480e-02
-8.2877167115e-02 -6.9286083882e-02 5.7395649048e-02
-1.4670790587e-01 -3.7551275069e-01 1.8889181303e-01
-3.2278249921e-01 -6.3658926576e-01 5.5036077488e-01
-9.7034509226e-01 -1.2198775419e+00 5.2111285085e-01
-1.2675863542e+00 -1.3910593558e+00 -3.4016411973e-01
-4.3076998872e-01 -4.4517839299e-01 -4.3826345363e-01
-7.7351477755e-03 -4.9665608268e-03 5.2341448550e-02
6.5191156191e-03 -2.0608459070e-02 5.8472599294e-02
8.9976280880e-04 -3.0721142551e-02 6.1061855493e-02
9.3834167718e-03 -3.2591882664e-02 6.3155850420e-02
-4.2554081620e-03 -2.7713941569e-02 5.4693477278e-02
-1.2301560059e-02 -3.2649448082e-02 4.3277317843e-02
-1.2982240178e-02 -3.8777146246e-02 5.2942688711e-02
-2.6362974635e-02 -5.0363724580e-02 4.8961557864e-02
-3.0092469917e-02 -3.9431812280e-02 4.9067550416e-02
-4.0010433393e-02 -4.6840275726e-02 3.0818047757e-02
-7.0963553906e-02 -1.7103300332e-01 8.6691709038e-02
-1.8011440896e-01 -2.8977330255e-01 1.5713703353e-01
-3.3193560197e-01 -3.3493993752e-01 1.7152037381e-01
-3.4273678807e-01 -2.8690714799e-01 -4.6319143097e-02
-6.6011253049e-02 -5.6801108648e-02 -4.2272984632e-02
-1.7807723284e-02 -5.1174994026e-03 3.9910196474e-02
2.3340275255e-03 -2.1384345365e-02 5.2537173555e-02
-5.4532167709e-03 -3.3444484185e-02 5.4670780956e-02
-9.0566246435e-06 -3.5365834261e-02 5.7564873210e-02
-1.5775187551e-02 -2.8466285492e-02 4.7619205384e-02
-2.3572659075e-02 -2.3787012019e-02 3.8738635044e-02
-2.0783491603e-02 -2.8490858026e-02 4.7307173865e-02
-4.0404968117e-02 -2.9767336319e-02 3.5503091535e-02
-3.8757434908e-02 -2.4555053767e-02 2.7188971208e-02
-5.4121332854e-02 -8.0507893851e-03 -3.8182332037e-04
-3.1089076756e-02 -1.9732017353e-02 2.6719494546e-02
-6.5865706122e-02 -2.3627181947e-02 1.9860076925e-02
-4.6511245359e-02 -1.0665196377e-02 5.3468145535e-02
-4.2642203689e-02 1.8118367647e-02 -1.3945078603e-02
-1.7974409976e-03 2.0478905681e-02 -1.3142004923e-02
-2.3853506221e-02 7.2560088582e-03 4.4353089780e-02
1.0469474516e-02 -1.7269862410e-02 5.8217638296e-02
-5.9155754218e-03 -2.2511972053e-02 5.5710526045e-02
-2.5750696328e-03 -2.3622888099e-02 5.0089379968e-02
-2.0467319364e-02 -1.0558720050e-02 3.8229252759e-02
-1.2301732519e-02 -1.2761569499e-02 3.8572694604e-02
-1.2755751179e-02 -2.2583823127e-02 4.9384371673e-02
-2.5039106254e-02 -2.6525889778e-02 4.1164884023e-02
-1.7545288927e-02 -6.3723681403e-03 2.5046030952e-02
-2.4576163008e-02 2.9433904276e-03 -1.2131778987e-03
9.8670667036e-03 -2.7011269372e-03 1.6624900239e-02
-1.6932216881e-02 1.0889316174e-02 1.0762592755e-02
-1.2704114975e-02 1.1973725794e-02 2.5950368405e-02
-1.0437588574e-02 1.6418662370e-02 -2.3530077356e-02
5.9430060820e-03 -5.1211089382e-03 -3.2148934872e-02
-2.6170680197e-02 3.3555298055e-03 4.0812272657e-02
7.5100309056e-03 -2.0765994324e-02 5.0229501526e-02
-1.5242327167e-02 -2.6318545826e-02 5.1226591572e-02
-1.5239822223e-02 -2.6153232616e-02 4.6013060348e-02
-3.2869532376e-02 -1.1365015717e-02 3.8174104742e-02
-2.0644385334e-02 -1.7285782515e-02 3.3515444082e-02
-1.5618227523e-02 -2.8995236997e-02 4.4015967773e-02
-3.3055022583e-02 -3.7881280255e-02 3.4953045606e-02
-3.1392320594e-02 -2.0540569095e-02 1.9014394048e-02
-4.1069664770e-02 -1.5687550092e-02 2.1548865789e-03
-9.8201136400e-03 -1.5335402930e-02 1.7613579907e-02
-4.2758309144e-02 -1.7752847471e-03 2.1090415872e-02
-3.2873844865e-02 -1.8359300697e-03 3.3046621744e-02
-3.4432298948e-02 1.7442778117e-03 -1.9620530443e-02
-1.7842182412e-02 -1.0359884087e-02 -3.2931269942e-02
-3.2967780151e-02 -3.0185471286e-03 4.6567501101e-02
-7.3743444765e-03 -1.5963978027e-02 4.6113728651e-02
-2.0433392154e-02 -2.5098797707e-02 5.0900960036e-02
-1.6050799497e-02 -2.4741761973e-02 4.8455696212e-02
-3.0501561937e-02 -1.1064483706e-02 4.9058031819e-02
-2.2999375955e-02 -2.2029625983e-02 3.2961599156e-02
-1.6935986231e-02 -3.1274902124e-02 4.8800090645e-02
-4.0401303732e-02 -2.9001214604e-02 3.7197986654e-02
-2.8856453423e-02 -1.7659437696e-02 3.6465238753e-02
-4.3607955537e-02 -1.6667500757e-02 1.5146051026e-02
-4.2080959374e-03 -2.9060673056e-02 3.5150743476e-02
-3.3391534756e-02 -2.0092788856e-02 4.9955716297e-02
-1.9030638799e-02 -2.0779686883e-02 7.9875326035e-02
-1.6492103409e-02 -1.8453923243e-02 2.5173856518e-02
-3.7462887626e-03 -1.9531708866e-02 -2.2528794783e-02
-1.2156683753e-03 -2.2840956344e-02 5.3903027746e-02
2.7034011314e-02 -4.4531512233e-02 4.9623760153e-02
1.8739821578e-02 -5.1556043273e-02 6.1822223938e-02
8.8261020739e-03 -4.8869784525e-02 6.1810030806e-02
2.7295419201e-03 -3.6300189731e-02 6.3186720959e-02
3.0343489729e-03 -4.8565234405e-02 4.5080770547e-02
1.0227268684e-02 -5.1052594236e-02 5.6210279925e-02
-8.6766793021e-03 -5.1732398870e-02 4.8225691468e-02
-1.0009459278e-03 -3.6284895288e-02 5.2271415084e-02
-1.5425308260e-02 -3.8676223957e-02 3.1649179721e-02
4.7068814059e-03 -3.2768390855e-02 4.8697412976e-02
-1.2806732571e-02 -3.2570148236e-02 7.0048467543e-02
1.9410861910e-03 -2.2211200215e-02 9.3021551908e-02
5.9825548528e-03 -1.3455125924e-02 2.9230676399e-02
1.3443980712e-02 -1.3749909965e-02 -7.8145201432e-03
