-4.1718365511e-02 -4.0415465721e-02 -2.8202365871e-02
-8.0303512454e-02 -8.0981463996e-02 -2.5922484240e-02
-1.1935119746e-01 -9.8914053540e-02 -2.2270176327e-02
-1.8001018331e-01 -1.2749294571e-01 -6.1468843525e-02
-1.3243064565e-01 -1.7818689582e-01 -1.9193409837e-02
-1.2167908942e-01 -2.1240847914e-01 -4.5880382670e-02
-1.2208709053e-01 -2.5351483073e-01 -3.0669039161e-02
-1.1606974061e-01 -2.5383100072e-01 -3.1651611045e-02
-1.0867012731e-01 -2.6258034691e-01 -1.6887181149e-02
-1.4621291831e-01 -2.8368839801e-01 -1.0925521293e-02
-2.0011242839e-01 -2.7734329536e-01 5.9039529143e-02
-1.6640223384e-01 -2.1668547561e-01 1.7780596037e-01
-1.0137200391e-01 -1.3724638339e-01 1.7507941397e-01
-4.6271541721e-02 -1.2618357221e-01 1.0251780308e-01
-3.8615905377e-02 -1.0828837557e-01 8.0052167402e-02
-3.0697759171e-02 -3.2266178500e-02 -2.0923386258e-02
-6.3896926401e-02 -6.5223941703e-02 -5.2802498143e-02
-1.0679730783e-01 -1.0068429482e-01 -5.3125570098e-02
-1.7962533061e-01 -1.4791960819e-01 -8.6732182958e-02
-1.2255399552e-01 -1.9116649206e-01 -5.7667900754e-02
-7.7117265646e-02 -1.7848371167e-01 -5.3912796889e-02
2.6683691672e-02 -5.5109077439e-02 2.7696975091e-02
1.4039972326e-01 7.7816135244e-02 5.3217279709e-03
1.5690638422e-01 1.1323933399e-01 -5.3403810177e-02
5.2189202051e-04 -5.5569356103e-02 -9.1850404146e-02
-1.5958149910e-01 -2.1367125293e-01 1.5009532099e-02
-1.3551622884e-01 -2.0029332395e-01 1.4722110798e-01
-8.6633143584e-02 -1.4661433122e-01 1.6363804543e-01
-3.8481661877e-02 -1.3010557960e-01 9.5293191375e-02
-3.4498524229e-02 -1.3004843758e-01 6.5233531911e-02
-3.9463728169e-02 -5.0631409757e-02 -4.1747068275e-02
-7.2324568375e-02 -9.9175184382e-02 -6.9938829981e-02
-1.3179722874e-01 -1.5441531559e-01 -8.9624437889e-02
-1.8094365629e-01 -1.8202736822e-01 -1.2004775241e-01
-6.9779734003e-02 -1.3542731858e-01 -2.5215745016e-02
6.7043953476e-02 1.0114996840e-01 6.0732236931e-02
2.6789441923e-01 4.9245644201e-01 1.7734365532e-01
3.6757321076e-01 7.0324817238e-01 6.9027431041e-02
3.2596621728e-01 6.2275983478e-01 -9.9801337411e-02
6.0494630915e-02 1.9233837941e-01 -1.4153357985e-01
-1.3610462201e-01 -1.3488579067e-01 -5.9185782305e-02
-1.4633451304e-01 -1.8536675434e-01 6.1697844809e-02
-9.6239511410e-02 -1.5526566012e-01 9.6681797849e-02
-5.3460779469e-02 -1.3049299333e-01 5.6419192638e-02
-4.3626040634e-02 -1.2134580076e-01 3.6617619823e-02
-3.3379097422e-02 -3.4921130208e-02 -7.3069153303e-02
-5.9129879941e-02 -1.1006884848e-01 -1.4314680833e-01
-9.1416911065e-02 -1.5975434366e-01 -1.7414440862e-01
-1.0197374948e-01 -1.1016619908e-01 -7.2875407298e-02
9.0866105482e-02 2.0201335095e-01 1.3042465105e-01
2.4709645995e-01 6.1632609267e-01 2.4474123182e-01
3.4964229921e-01 1.0027515786e+00 2.7943718842e-01
2.8191503485e-01 9.3862796508e-01 8.5750639147e-02
1.4456819424e-01 5.5617977303e-01 -9.6513465902e-02
-1.7661000038e-02 5.2293935221e-02 -7.5239686232e-02
-1.1790543886e-01 -2.0322536820e-01 -1.9172812928e-02
-8.9546946749e-02 -1.3911039481e-01 1.3114188329e-02
-7.2288246492e-02 -1.2239765053e-01 6.9332956853e-02
-3.7617462384e-02 -1.0679225375e-01 3.8975478573e-02
-3.2544867874e-02 -1.0449049338e-01 2.8908386701e-02
-4.0851732585e-02 -8.9933652486e-02 -9.4542600110e-02
-5.4636968158e-02 -1.5358814930e-01 -1.3504594217e-01
-5.1346730816e-02 -1.7657778889e-01 -1.2861076705e-01
2.3812050525e-04 3.1469435820e-02 6.8940095511e-02
1.8771366404e-01 5.8396828845e-01 3.0670675279e-01
2.5072277497e-01 9.7588007371e-01 3.4432000436e-01
2.3998749824e-01 1.1053533194e+00 2.6185654696e-01
1.5952997881e-01 8.2688185790e-01 4.6531883247e-02
6.2769382048e-02 1.7572585498e-01 -6.3115205812e-02
-3.0829805891e-02 -2.7115621763e-01 -7.5573332635e-03
-9.3947500340e-02 -3.2474218762e-01 3.8253011751e-02
-6.6988519090e-02 -1.3485064279e-01 5.8913989837e-02
-3.9792026394e-02 -1.1944791128e-01 7.6736193691e-02
-1.8995964245e-02 -1.0133588785e-01 4.2957611008e-02
-1.6990630203e-02 -9.6208572649e-02 3.2588766774e-02
-5.4749072071e-02 -1.0607986716e-01 -1.1159909174e-01
-5.3786047927e-02 -1.7566019385e-01 -1.4957303693e-01
-6.0174556635e-02 -1.6659308913e-01 -1.0033235412e-01
-5.1712371815e-02 1.7042631111e-01 1.3941374461e-01
1.5851340827e-02 8.7578128908e-01 3.8423227118e-01
2.8784887180e-02 1.1204263473e+00 3.2721535679e-01
5.6905369063e-04 9.8995209737e-01 1.9044937867e-01
1.9779175841e-03 7.0553622295e-01 5.6995323581e-02
-1.9376511434e-02 6.3584295394e-03 3.2139529318e-02
1.8392205341e-02 -4.9767059708e-01 5.4310265648e-02
2.6276275979e-02 -4.0367708656e-01 8.2936750215e-04
-4.6196231267e-02 -9.1706446854e-02 2.1122365956e-02
-4.2913975309e-02 -9.9328651428e-02 9.2976003062e-02
-1.9945614025e-02 -9.2549517907e-02 4.7311908724e-02
-2.1361336943e-02 -8.5984602649e-02 3.2910526802e-02
-4.4826934611e-02 -1.3263958192e-01 -1.0974809095e-01
-4.7330755150e-02 -1.8472001394e-01 -1.4331298282e-01
-4.7360060303e-02 -1.7640879656e-01 -6.7488055327e-02
-1.2369084464e-01 1.8659083176e-01 1.8007054836e-01
-2.3272615567e-01 9.0008441449e-01 3.9242205060e-01
-2.6398448164e-01 1.1050068593e+00 3.0986278308e-01
-1.6672132268e-01 8.5428093407e-01 1.8298548414e-01
-9.1577976728e-02 6.2503907972e-01 6.2658266256e-02
-9.2030106517e-02 1.0632150455e-01 7.8166903417e-02
-2.6815253447e-03 -5.1174769233e-01 2.0566392829e-01
1.0968652826e-01 -4.9360633879e-01 1.8799735482e-01
5.2860976062e-03 -1.3663404884e-01 1.0747642811e-01
-3.0775706211e-02 -1.1280752969e-01 1.1880923283e-01
-1.1497124465e-02 -1.0705737101e-01 6.8721146712e-02
-1.0825515782e-02 -1.0588497752e-01 5.2284733103e-02
-5.4095870866e-02 -1.0402290112e-01 -9.6973705262e-02
-5.4689561462e-02 -1.6099863543e-01 -1.2519228158e-01
-6.3487953775e-02 -1.9582371391e-01 -1.0694608276e-01
-1.6751857801e-01 -2.5297896203e-02 2.2455476007e-02
-2.3588762847e-01 3.9082855690e-01 1.9768366791e-01
2.2795980389e-02 7.5203446034e-01 3.3613124757e-01
5.4810074809e-01 8.7823596746e-01 2.9367377253e-01
8.0362683075e-01 7.4257546677e-01 9.3188697248e-03
6.3425005542e-01 4.8475425677e-01 -2.0600947411e-01
2.7570105505e-01 -1.0009436835e-02 -9.3571833613e-02
1.3415945157e-01 -2.0068855208e-01 1.2344772380e-01
2.6650166350e-02 -6.9355386316e-02 9.5109873823e-02
-5.2280758610e-02 -1.1456592144e-01 1.1235802654e-01
-3.9509758134e-02 -1.1424112065e-01 7.2104179765e-02
-2.6973525495e-02 -1.0256321309e-01 5.1580291689e-02
-3.7417824295e-02 -8.4209282408e-02 -6.6644353133e-02
-3.5517677073e-02 -1.1665792237e-01 -9.0103243364e-02
-3.0352021276e-02 -1.5904568475e-01 -9.8525502787e-02
-5.9793918618e-02 -1.4980445184e-01 -5.6367656487e-02
-1.4187625333e-02 1.7596225428e-01 2.1447285707e-01
2.2636407759e-01 1.2728797857e+00 8.4120546253e-01
7.9406891052e-01 2.3239240826e+00 9.3745448734e-01
1.2005216734e+00 2.3668484189e+00 1.5073009927e-01
1.2676628475e+00 2.2146419535e+00 -7.6536929158e-01
8.9988301446e-01 1.3864155579e+00 -1.0223110812e+00
5.5883865564e-01 7.4093049979e-01 -2.6854544291e-01
2.9793517082e-01 4.2310203080e-01 -1.6505751879e-01
-4.7344061451e-03 -8.3041716756e-02 7.4174375842e-02
-1.7707553135e-02 -1.2853034782e-01 8.3512515209e-02
-7.6166318813e-03 -1.1748601070e-01 5.7460919526e-02
-1.6077702646e-02 -6.9588964607e-02 -1.8860455927e-02
-1.6382791928e-02 -8.0884150208e-02 -1.6760155063e-02
-1.6517961035e-02 -1.0165954001e-01 -2.5727643464e-02
-4.3999627373e-02 -1.1297407777e-01 -4.0410094360e-02
-1.2372078314e-01 1.0508805684e-01 1.5200728393e-01
-4.9373949617e-01 1.0041092725e+00 7.3068611804e-01
-8.6685397233e-01 2.3327183074e+00 1.1646106682e+00
-6.6512846143e-01 2.7899095952e+00 4.6471675524e-01
-3.6707892663e-01 2.9499878748e+00 -7.1662392205e-01
-3.2260576576e-01 1.9452317640e+00 -1.2731222152e+00
-6.8510151016e-03 1.1264910590e+00 -5.4363278364e-01
1.4383843927e-01 7.9178428909e-01 -3.1164138797e-01
-2.8182903106e-02 -8.7831040917e-02 3.0836650860e-02
-8.3630728148e-03 -1.4515441852e-01 6.6753797045e-02
-6.8175686556e-03 -1.1789538983e-01 3.4625239114e-02
1.2685087721e-03 -6.8115376587e-02 -6.0725774487e-04
3.6057227803e-03 -7.5142719321e-02 -1.7169357054e-02
1.0426313241e-03 -8.0338879187e-02 -2.0726465578e-02
-1.7907580817e-02 -8.9689857456e-02 -5.9837981507e-02
-6.1174412564e-02 -4.8761665520e-02 -1.0546513718e-02
-3.3894893305e-01 2.5937548845e-01 2.2905706670e-01
-1.0922411546e+00 1.0682048276e+00 6.7046656973e-01
-1.6679075294e+00 1.8006715290e+00 4.8662411436e-01
-1.5380888469e+00 2.1350933545e+00 -2.3091746991e-01
-9.8071144669e-01 1.0860786772e+00 -6.3688327089e-01
-3.1903485991e-01 8.1774243046e-01 -3.1278134750e-01
-6.3237338861e-02 6.7747500948e-01 -2.5907675936e-01
-2.3201430048e-02 -1.0466758033e-01 2.7404540300e-02
4.3553528050e-03 -1.4492739888e-01 3.5879200545e-02
-1.1469698738e-03 -1.3096474747e-01 2.4928813367e-02
6.1129537071e-03 -7.5709499100e-02 2.0540975334e-03
1.3234258140e-02 -8.5845031942e-02 -1.6917859732e-03
7.0060575264e-03 -9.3379689345e-02 -9.0558537458e-03
-3.0288313331e-03 -1.1034633098e-01 -5.5836574404e-02
-4.7047045387e-04 -1.2411476729e-01 -5.1680235810e-02
-5.3225767303e-02 -8.1069333843e-02 -2.8588749968e-02
-2.8092192090e-01 1.3737464134e-01 1.1835585968e-01
-7.5902380822e-01 4.9986733645e-01 2.0802933482e-01
-9.8373686467e-01 8.5908908814e-01 8.5503238780e-02
-5.9140716748e-01 6.1910290319e-01 -1.2350811208e-01
-2.1226404601e-01 5.1879155342e-01 -1.3253038114e-01
-1.1719614059e-01 3.6203329695e-01 -1.1860570508e-01
-3.8342739779e-03 -1.4017219556e-01 3.8459672183e-02
5.7197388800e-03 -1.5075233514e-01 3.1181666049e-02
3.0345755420e-03 -1.3096758944e-01 2.4154213049e-02
5.1787986717e-03 -6.6653197550e-02 -1.0811980702e-02
1.5797665250e-02 -7.8016705437e-02 -2.6561848396e-02
1.7842472425e-02 -9.3584165700e-02 -5.0884335857e-02
8.5988884282e-03 -1.1407083136e-01 -8.9175369459e-02
1.8551628243e-02 -1.2134395956e-01 -7.4686976763e-02
3.0607102576e-02 -1.2719269075e-01 -7.7896435448e-02
2.4162229350e-02 -1.0130305856e-01 -6.8485780908e-02
-6.5928956322e-02 -4.8536179535e-02 -3.0774260003e-02
-2.1549362792e-01 9.8446504936e-02 2.4723454112e-02
-2.0376876397e-01 1.0683963415e-01 1.0379619368e-03
-1.4141594260e-01 1.7738511228e-01 -8.5330192636e-02
-1.1863807816e-01 1.4227727086e-01 -5.6499524846e-02
-1.7512957082e-02 -1.3256967708e-01 4.0318657502e-02
-3.5136239147e-03 -1.2598382235e-01 2.1226193768e-02
-4.1189005324e-03 -1.0871609121e-01 1.6112505161e-02
1.3565101708e-03 -7.4193181500e-02 -2.5608857270e-02
1.5819042331e-02 -8.2501885048e-02 -4.1465409335e-02
2.1693416212e-02 -1.0097541387e-01 -4.9618064198e-02
2.6516211085e-02 -1.2314685311e-01 -6.1914892082e-02
3.2147161426e-02 -1.3113912168e-01 -5.0038490841e-02
3.1225101696e-02 -1.2383917394e-01 -6.6765208917e-02
5.6763118451e-02 -1.1989993273e-01 -7.8303990633e-02
5.3670772776e-02 -1.3103195413e-01 -8.9175701861e-02
2.6528531641e-02 -1.1406455966e-01 -5.6322171160e-02
-5.8354804922e-03 -8.7964634182e-02 -3.5611534677e-02
-3.5707940806e-02 -2.1279332493e-02 -3.9724656310e-02
-3.5354582130e-02 -4.3206909710e-02 1.6774178626e-02
1.6771396884e-02 -1.2738628622e-01 5.7773468133e-02
1.9739079727e-02 -1.1703474687e-01 2.9158276460e-02
1.1037992177e-02 -9.9976436464e-02 2.8952823765e-02
-2.4739949272e-05 -7.8829719675e-02 -3.8275907417e-02
1.2796274294e-02 -8.8107322611e-02 -5.2420377569e-02
2.2943945699e-02 -1.0395286247e-01 -4.8419830621e-02
1.9395385770e-02 -1.3462015049e-01 -6.2823855048e-02
1.1148262984e-02 -1.4191901774e-01 -5.6092904600e-02
2.3093238387e-02 -1.3307354999e-01 -7.8610970911e-02
4.7981209524e-02 -1.2363892022e-01 -7.3664176065e-02
5.9596952765e-02 -1.3984214439e-01 -8.3846821355e-02
4.2020129015e-02 -1.4003446551e-01 -6.0463046952e-02
2.5585322789e-02 -1.3974282680e-01 -6.1442806354e-02
1.9362960455e-02 -1.2132108594e-01 -1.8804191984e-02
2.0179071200e-02 -1.2745387820e-01 5.8082441587e-02
9.7087875145e-03 -1.2025226546e-01 7.3203108399e-02
1.3810652408e-02 -1.0354252734e-01 3.5590888917e-02
1.4994649101e-03 -8.3345934422e-02 2.7561412756e-02
9.8379036596e-03 -8.7241850266e-02 -4.0898646408e-02
2.5065591687e-02 -9.5864996654e-02 -5.5419230024e-02
3.0971854882e-02 -1.0854338030e-01 -2.3548211311e-02
2.9855761007e-02 -1.3836069555e-01 -4.2897273712e-02
2.3748244069e-02 -1.5152578053e-01 -3.6320356919e-02
2.8596447638e-02 -1.5298318833e-01 -6.5755636911e-02
5.2713095239e-02 -1.4248648610e-01 -4.9805767356e-02
6.7784550635e-02 -1.4657732331e-01 -5.1751577741e-02
6.1789990743e-02 -1.4528453281e-01 -2.2440609212e-02
5.8035868339e-02 -1.4575290536e-01 -2.9598627946e-02
5.1679176127e-02 -1.4088809993e-01 2.3393759380e-02
5.1724773488e-02 -1.3063981443e-01 8.9792971218e-02
2.7573541234e-02 -1.2015657441e-01 1.0802477774e-01
2.8513789640e-02 -1.0386959314e-01 5.6014506580e-02
6.4099601512e-03 -1.0096716780e-01 5.0036192381e-02
-3.2921291509e-02 -2.5747772129e-02 2.9321303197e-03
-6.4660958862e-02 -5.0971414752e-02 -6.9324427968e-04
-1.2060594087e-01 -8.2138711309e-02 -8.3074873496e-03
-2.2107561228e-01 -1.0944960442e-01 -4.3473515763e-02
-1.1445789311e-01 -1.8219182070e-01 1.3426737407e-02
-5.5261046660e-02 -1.7405106881e-01 1.4780794429e-02
5.3870720945e-02 -1.1973726367e-01 6.6845691477e-02
1.6778008253e-01 -8.2631755191e-03 8.3129106989e-02
2.2623350584e-01 2.5346018311e-02 3.4598590571e-02
1.1401826007e-01 -2.3636678789e-02 -4.9975127052e-02
-1.0642032483e-01 -1.6362094461e-01 -2.8886825098e-03
-1.4877860933e-01 -1.7411680166e-01 2.0304304708e-01
-1.0260246460e-01 -1.1948671481e-01 1.8923103416e-01
-4.3068778092e-02 -1.1070564694e-01 1.0478249651e-01
-4.7576033965e-02 -9.5505331824e-02 5.7014695780e-02
-1.9319100377e-02 -1.7254923205e-02 1.2599046461e-02
-6.5424672040e-02 -5.0080092703e-02 -6.9464265352e-03
-1.4327317205e-01 -9.3417779431e-02 -2.1661083761e-02
-2.3103825476e-01 -1.2854385926e-01 -6.8415817498e-02
-2.0665888327e-02 -8.1843669979e-02 6.7117795680e-02
2.9458697287e-01 1.6800384864e-01 1.8910188099e-01
6.8763967044e-01 5.5670647094e-01 3.2930675258e-01
8.8600863413e-01 7.2336489375e-01 2.2006950378e-01
8.5243106316e-01 7.7347471733e-01 1.5580048993e-02
5.2905341850e-01 5.5394675841e-01 -2.4081155403e-01
1.2993089716e-01 1.5303485605e-01 -2.7669340543e-01
-1.2887778521e-01 -1.3774548933e-01 5.5516949121e-02
-1.2891940843e-01 -1.6452172543e-01 1.5663705690e-01
-4.9319192170e-02 -1.3344123026e-01 8.3959098893e-02
-4.7570948285e-02 -1.2646899649e-01 4.7069522968e-02
-1.7866835741e-02 -2.0051622531e-02 -7.8172559141e-05
-8.3121273173e-02 -8.5463846968e-02 -3.1084169429e-02
-1.5568817075e-01 -1.2497991944e-01 -3.4614525268e-02
-1.1922151394e-01 -3.1835138904e-02 4.6612887220e-02
3.4487286614e-01 3.4864662731e-01 3.8476202134e-01
6.6380436698e-01 7.9585348216e-01 5.4033219291e-01
7.3005184772e-01 9.4852436630e-01 5.0818891128e-01
5.3471712293e-01 7.1714357287e-01 2.0507793389e-01
4.1145481552e-01 6.0478033514e-01 -3.1652276218e-02
1.8491450457e-01 4.0661417555e-01 -1.7481838433e-01
1.0881383726e-01 2.7783915797e-01 -4.5953375973e-01
-4.3767072357e-02 3.5640965886e-02 -1.9160870515e-01
-1.0355679766e-01 -1.3003269323e-01 6.3881788149e-02
-5.6291107017e-02 -1.1935195030e-01 5.2810686115e-02
-5.7406495370e-02 -1.0878365486e-01 2.4875703783e-02
-2.6786273008e-02 -7.3800014067e-03 -3.6794635028e-02
-8.3697070665e-02 -9.0138839203e-02 -1.2334611270e-01
-4.7398511940e-02 -4.5358150386e-02 -6.3428324652e-02
1.8741259904e-01 4.0901092844e-01 3.2303907077e-01
6.0050889330e-01 9.7557148890e-01 6.5779082947e-01
4.7819847804e-01 8.8236639051e-01 4.5323992653e-01
2.7364462720e-01 6.3052563104e-01 1.6315965193e-01
7.7932177773e-02 2.5140044367e-01 -2.6428971725e-02
-2.8640641563e-02 -1.8527498331e-02 -5.5175989354e-02
-9.1592421914e-02 -1.8620952970e-01 6.4577475566e-03
1.4729314669e-02 3.3160615305e-02 -2.5748448951e-01
-8.8063740291e-03 6.2330115490e-02 -2.0930466692e-01
-6.8841917307e-02 -8.5358179466e-02 2.2380894404e-02
-3.0541035660e-02 -1.0778961501e-01 2.3217611910e-02
-4.0269903685e-02 -9.0829554192e-02 5.2718865635e-03
-3.2263297160e-02 -4.9128521248e-02 -7.7136401712e-02
-4.7994798759e-02 -1.0348703943e-01 -9.7990146798e-02
9.5134196279e-02 1.4098239174e-01 1.6271527611e-01
3.5352550047e-01 8.1354227420e-01 6.4654303294e-01
4.6469805092e-01 1.0661515397e+00 6.6802342503e-01
2.3335079655e-01 7.4250611349e-01 2.7183277533e-01
6.2371817645e-02 3.4165532301e-01 -1.5561115296e-03
3.2321715021e-03 -1.0542491869e-01 -4.5809067732e-02
-2.6868829161e-02 -4.9519123259e-01 2.0355925161e-02
-8.8788063901e-02 -6.5706165925e-01 1.3831707710e-01
-7.2096708695e-02 -3.3296785246e-01 9.4802177413e-02
-4.1086634619e-02 -7.3111874701e-02 3.3988404504e-02
-5.1062067378e-02 -8.8489434562e-02 5.2623858878e-02
-2.1398202759e-02 -1.0123976679e-01 2.8463369283e-02
-2.8513896294e-02 -8.0801401687e-02 8.1258715698e-03
-5.9422069572e-02 -7.2925765361e-02 -9.3304342841e-02
-4.8196982344e-02 -7.1355484315e-02 -6.7699800313e-02
-1.6923650167e-02 2.8102935978e-01 2.4403088899e-01
5.0001025560e-02 8.8979402924e-01 6.5825600090e-01
4.0167744335e-02 9.3723341594e-01 5.0381500710e-01
-4.1816154677e-02 6.3700946946e-01 1.5007634213e-01
-4.4236862721e-02 1.6087020870e-01 -4.6029621760e-02
9.9238116427e-03 -3.8072734022e-01 5.9400859632e-03
7.9986261582e-03 -9.0717986773e-01 1.0766506162e-01
2.5213410971e-02 -9.8914844943e-01 1.7482981550e-01
1.7084513266e-02 -4.3657038072e-01 5.3766711961e-02
-5.1471192450e-02 1.2958448397e-02 -8.3902494334e-02
-6.2099577922e-02 -4.6696338619e-02 3.1361806503e-02
-2.7394461895e-02 -8.0211656757e-02 3.5630465266e-02
-3.2555743089e-02 -7.2674280009e-02 1.4456220284e-02
-4.1719853992e-02 -1.0803828982e-01 -9.7328604429e-02
-5.2471677313e-02 -1.2067931048e-01 -9.9943700539e-02
-9.3227513460e-02 2.3012733521e-01 2.1810948165e-01
-2.3800817529e-01 8.9513849556e-01 6.4744450547e-01
-2.8964746058e-01 9.7708913783e-01 5.1600647569e-01
-2.0935958227e-01 5.4342867045e-01 1.5759333845e-01
-8.5702437667e-02 1.2799163820e-01 1.4717253394e-02
2.0123651731e-02 -2.7681132254e-01 9.5875638149e-03
8.4621167795e-02 -7.9568061995e-01 1.0487515514e-01
1.5126307266e-01 -1.0302045232e+00 2.9103614579e-01
2.7155993223e-01 -6.7813197998e-01 3.7913821391e-01
9.3059232067e-02 -8.2429279926e-02 9.2305933637e-02
-4.7457035493e-02 -7.0599732008e-02 6.7551900003e-02
-2.8509992529e-02 -1.0542566558e-01 5.1180053842e-02
-2.3172111669e-02 -9.9774438477e-02 3.8597454667e-02
-4.6316031075e-02 -8.4593087920e-02 -8.9934347438e-02
-6.8528511143e-02 -1.1943628327e-01 -9.1672691882e-02
-1.7307686803e-01 9.2294184093e-02 7.8111823887e-02
-3.9463982491e-01 6.0506693889e-01 4.2983303039e-01
-1.3733175265e-01 8.1170108904e-01 5.3841121074e-01
5.6261739409e-01 5.5019529276e-01 4.1942383591e-01
8.0113084912e-01 1.0285003112e-01 1.0816340022e-01
7.2353771303e-01 -2.9833836788e-01 -7.8489583257e-02
8.1307322253e-01 -4.8612727309e-01 -1.1036826052e-01
7.4761582627e-01 -5.3122962065e-01 4.9714623074e-02
8.0011669855e-01 -1.3996177767e-01 3.5087882998e-01
5.5923553113e-01 1.6267554261e-01 4.8730292530e-03
-9.8631117458e-03 -7.4563850358e-02 6.0326578014e-02
-4.6106581874e-02 -1.0792080230e-01 6.9647862333e-02
-3.6434872284e-02 -9.5652902891e-02 4.0507828002e-02
-4.0361112288e-02 -7.1973374187e-02 -6.0294810465e-02
-5.8463781976e-02 -1.1361027002e-01 -1.0968984452e-01
-8.4380742507e-02 -8.5851720820e-02 -6.4572679464e-02
-8.0975602130e-02 2.2606308815e-01 2.6486526148e-01
4.9531509370e-01 1.2122929417e+00 1.2083148379e+00
1.2139349793e+00 1.4682468928e+00 1.2882402811e+00
1.2618830609e+00 1.5024107905e-01 1.6684008631e-01
8.8174124717e-01 -7.7051227119e-01 -2.5990404608e-01
1.1185053655e+00 -3.6258616366e-01 -3.0665896109e-01
1.6167369891e+00 5.2780106420e-01 -8.6338786604e-01
1.9687345627e+00 1.6750837611e+00 -6.9525860685e-01
1.8161507900e+00 1.7237796748e+00 -9.4292071120e-01
1.4784810819e-01 3.6039954083e-02 -2.0173731844e-01
-2.4735808905e-02 -1.4168889370e-01 5.5952545032e-02
-1.7779312523e-02 -1.1217715864e-01 4.4878871982e-02
-8.8814225153e-03 -5.7811843697e-02 -5.1453669118e-03
2.0131940933e-03 -7.6871747412e-02 1.4430763994e-03
-5.3864309769e-03 -6.9465043180e-02 5.8982365251e-04
-1.1904506704e-01 1.4902923535e-01 2.1215602991e-01
-5.2429832036e-01 1.1191362732e+00 1.0775191852e+00
-9.1264606215e-01 1.5724148174e+00 1.4904255680e+00
-5.4177831224e-01 7.8614880909e-01 7.1358074774e-01
-1.8257500789e-01 -2.9208495762e-01 -2.5228763547e-02
-1.4993408972e-01 1.3400914214e-01 -2.6002158303e-01
-6.8064874103e-03 9.0051828460e-01 -1.0936188827e+00
-1.3556129501e-01 1.1125063009e+00 -9.4127938461e-01
6.0866931096e-01 1.9168317959e+00 -5.6430706478e-01
1.2941587071e-02 -2.1214975326e-02 -7.5617849944e-02
-1.7617475404e-02 -1.5784566341e-01 5.2585964807e-02
-8.6955792853e-03 -1.1034425441e-01 2.5739719032e-02
6.2205696968e-03 -6.2043195908e-02 2.5112884034e-02
1.5356886093e-02 -7.7732434891e-02 1.5198766634e-02
1.4663823692e-02 -7.4693682142e-02 1.1187458424e-02
-7.2467543090e-02 -3.6050139723e-02 5.9355641225e-03
-4.6754077352e-01 1.6807087082e-01 2.6126954389e-01
-1.4801899233e+00 4.5251723142e-01 9.0008281698e-01
-1.9469209162e+00 1.1504704500e+00 1.1494307779e+00
-1.4306655115e+00 8.8052278631e-01 4.7449587729e-01
-1.1020688385e+00 9.9410391824e-01 -8.4759633676e-02
-9.3893234587e-01 1.9365784930e-01 -5.4411726352e-01
-8.0832262403e-01 2.4287979498e-01 -4.6253524301e-01
-2.6327464672e-01 1.3210864673e+00 -2.9216685682e-01
-4.5252331231e-02 -8.2726239237e-02 -3.3928218196e-02
1.5339069470e-02 -1.5913639199e-01 2.1130332072e-02
-5.1116943377e-03 -1.2255304796e-01 1.4766647605e-02
1.1599498868e-02 -6.8804415216e-02 2.0958943814e-02
1.6460282155e-02 -8.7263595512e-02 1.6526939195e-02
1.1543714226e-02 -8.4211433815e-02 1.2779814170e-02
-4.7810304659e-03 -9.0937593489e-02 -3.1101666479e-02
-5.3932984490e-02 -7.6887509082e-02 -1.2963120540e-02
-3.3622229228e-01 -2.3747198939e-02 1.5116152172e-01
-1.0654467811e+00 9.4247020582e-03 3.9927135229e-01
-1.6639235099e+00 1.7698453044e-01 3.9814777816e-01
-1.6041457432e+00 8.0968647558e-01 2.6678810372e-01
-1.0380059427e+00 5.9807026602e-01 -4.1169253619e-02
-4.1535860055e-01 5.0308813197e-01 -3.3948014816e-01
-2.8439092214e-01 9.0991031800e-01 -2.8449868999e-01
-9.9188650209e-03 -1.2342438718e-01 -5.6530579147e-02
1.6374853382e-02 -1.6268937061e-01 1.2268965455e-02
-6.5403002188e-03 -1.1986955842e-01 1.3396923768e-02
3.6862603661e-03 -5.4941343088e-02 1.1659225167e-02
6.0335410928e-03 -7.1043960705e-02 -1.4415826788e-02
1.3487109306e-02 -8.4016231567e-02 -3.6460362598e-02
7.3999179623e-03 -8.7714827638e-02 -6.9136037991e-02
2.7251240085e-02 -9.7770821206e-02 -6.7926633237e-02
-2.3028370269e-03 -8.8460226342e-02 -4.0996061097e-02
-1.4631552395e-01 -1.6635049580e-02 5.8589331333e-02
-5.1024443230e-01 -3.4280777872e-03 2.1010864047e-01
-9.1750713565e-01 4.0342646173e-01 4.1332586665e-01
-7.3432800453e-01 4.9738752375e-01 3.9874093643e-01
-4.3273953327e-01 5.8467942416e-01 -2.0881375449e-01
-4.5598006592e-01 9.6585513879e-01 -1.5122115448e-01
-3.8348509557e-02 -6.7051492518e-02 -1.2927154986e-02
6.6030009001e-03 -1.4424071482e-01 1.1632852332e-02
-1.6110481787e-02 -9.3654697637e-02 8.5543563174e-03
-6.2230352904e-03 -6.3941269258e-02 -2.2082924159e-02
7.4827001956e-03 -7.8958568078e-02 -3.6779968582e-02
2.6833380386e-02 -9.3730125024e-02 -5.7164432197e-02
3.7760587986e-02 -1.0825457643e-01 -7.2137236564e-02
5.1699233846e-02 -1.1406134046e-01 -6.9198962760e-02
3.4274068148e-02 -1.0561254476e-01 -6.7400610962e-02
4.7038855705e-02 -9.5709543658e-02 -6.9401351866e-02
4.8045350120e-03 -8.7741551266e-02 -3.5009160756e-02
-1.3860801294e-01 7.8734241316e-02 1.4980475089e-01
-2.3477183582e-01 3.2635767719e-01 3.5708475152e-01
-3.6610931231e-01 6.8462341771e-01 -4.6068870508e-03
-4.4557884080e-01 8.1202681101e-01 -1.7866517477e-01
-3.1078285811e-02 -2.5031415474e-02 -1.5182458939e-02
2.7929178063e-02 -1.2700027145e-01 1.3889355988e-02
-3.1584375238e-03 -9.0380866891e-02 1.6576877764e-02
-2.9935570372e-03 -6.5222727140e-02 -1.8678683122e-02
9.7492356222e-03 -7.7941059871e-02 -4.1975373731e-02
3.0150883681e-02 -8.3859671277e-02 -4.0259345564e-02
3.2210927270e-02 -1.0535897977e-01 -5.7450557783e-02
3.1809892706e-02 -1.2864030963e-01 -6.4126695810e-02
2.6143460975e-02 -1.1852128656e-01 -7.2651543147e-02
4.9047097677e-02 -1.1426986102e-01 -8.6191065482e-02
7.5173349517e-02 -1.0716078623e-01 -5.8252630163e-02
1.8850347305e-02 -4.0107636688e-02 -2.7472604497e-03
-8.2804428104e-02 1.1164612714e-01 6.1097255980e-02
-1.3359878337e-01 1.8137389927e-01 -4.7738902843e-03
-1.4805639816e-01 1.7077213602e-01 -1.7815614372e-02
-1.2422864509e-02 -6.0809236720e-02 5.8726192479e-02
1.6858849083e-02 -9.9950026440e-02 3.7189848103e-02
-9.9112312066e-03 -7.5499892432e-02 2.1959531808e-02
3.6691549921e-03 -8.0560210609e-02 -2.9902433362e-02
1.9832063288e-02 -8.9787718335e-02 -5.1759556480e-02
4.3821909126e-02 -9.9505883237e-02 -3.5425990700e-02
5.1206907709e-02 -1.2570928413e-01 -4.8096731020e-02
3.8688642332e-02 -1.5106886048e-01 -5.3370107032e-02
2.3460092815e-02 -1.5417428323e-01 -7.7825570171e-02
4.9085083963e-02 -1.4330443605e-01 -6.1956998905e-02
7.7018902620e-02 -1.5322104008e-01 -6.1651016849e-02
7.4980473017e-02 -1.3501277470e-01 -3.4799166124e-02
4.8881155452e-02 -1.0812636442e-01 -3.5839367094e-02
3.1952813350e-02 -9.5956886530e-02 3.3948170348e-03
4.0450196828e-02 -1.0039260445e-01 8.9096729831e-02
2.1757917175e-02 -1.1955884373e-01 1.0730168754e-01
2.2096683665e-02 -1.1242164403e-01 5.0141574200e-02
-2.5228357396e-04 -1.0167086436e-01 4.1958204470e-02
-3.8437563609e-02 -1.6381264187e-02 6.0588307136e-03
-5.6741490014e-02 -4.8287530994e-02 -3.3343817520e-02
-1.5548473762e-01 -8.8907975399e-02 -2.6023535814e-02
-2.5421229499e-01 -1.1470585714e-01 -7.0306421044e-02
-5.6530221108e-02 -1.5945441073e-01 7.8363593871e-02
2.3162739615e-01 -1.4610596917e-02 1.9871057317e-01
6.3932870310e-01 2.0280103317e-01 3.3105652071e-01
8.1028077315e-01 3.6683958285e-01 2.7691592881e-01
9.8237947469e-01 4.9181848953e-01 1.3633441664e-01
9.7919745783e-01 5.2856950830e-01 -2.1938168067e-01
4.4589567816e-01 1.9753342683e-01 -3.3398094662e-01
-1.2251828174e-01 -1.2129506404e-01 9.3461002503e-02
-1.4294982806e-01 -1.2549328322e-01 1.8443011460e-01
-5.7402175405e-02 -8.8131506206e-02 9.5524254653e-02
-5.4706927282e-02 -8.3201091554e-02 4.9090804389e-02
-1.8640027734e-02 -5.7860250636e-03 8.8378753626e-03
-3.3662779993e-02 -5.8005236283e-02 -4.4923672514e-02
-1.0537656482e-01 -9.6595870952e-02 -3.6439789348e-02
-1.4424564402e-01 -9.0433326594e-02 -1.7859160480e-02
4.0219932104e-01 1.3062582633e-01 3.8783420067e-01
9.2122218150e-01 4.8483546623e-01 6.1003503745e-01
1.0271496050e+00 5.8165053404e-01 5.5785998976e-01
7.5611248305e-01 3.6445522144e-01 2.5480771079e-01
4.5796339513e-01 2.3140008918e-01 9.5703928093e-02
4.8933271926e-01 3.4630467386e-01 -2.3987050724e-01
5.4828261541e-01 4.2577349632e-01 -6.1210676174e-01
-3.2818102738e-02 -2.8760095170e-02 -1.6809738940e-01
-1.3165553817e-01 -1.4914888853e-01 1.3260870353e-01
-7.0440835935e-02 -1.1838768014e-01 6.8420585906e-02
-4.9993875839e-02 -1.1681544384e-01 3.8566817609e-02
-5.5466197930e-02 6.3512192595e-04 7.3275899692e-03
-9.7408734151e-02 -6.8386903497e-02 -6.4801288206e-02
-9.7250969749e-02 -6.4378642807e-02 9.1960084334e-02
3.4013840657e-01 2.5124494322e-01 4.6544999159e-01
9.3812600702e-01 6.4282139105e-01 8.5087885092e-01
6.8419129874e-01 5.3821420453e-01 5.5009315603e-01
3.6129400105e-01 3.2501785100e-01 1.9055862915e-01
6.3093434470e-02 4.7077516829e-02 -6.0382924824e-02
-2.7821162770e-01 -2.8539961164e-01 -2.8708036635e-03
-2.8980487187e-01 -2.4859547298e-01 7.2011073651e-02
2.7254462964e-02 1.4925826385e-01 -2.4837269433e-01
-4.3244523562e-02 5.5709395273e-03 -1.7887643874e-01
-1.2057087922e-01 -1.2698293266e-01 6.0293714494e-02
-7.7768727960e-02 -1.0478940250e-01 3.5520229433e-02
-6.0736171112e-02 -9.8370510336e-02 1.3956024961e-02
-8.2751743197e-02 1.8110959812e-02 1.2602492192e-02
-3.4473934454e-02 -1.9550238491e-02 -4.1848032775e-02
2.7929660334e-01 2.1954770265e-01 3.8102483077e-01
6.6826534984e-01 6.7344875648e-01 7.7951638227e-01
5.6498875462e-01 5.6539108184e-01 5.7930820912e-01
2.2939545357e-01 2.9096223225e-01 1.6754168046e-01
1.6396648852e-01 2.9446800488e-01 -2.7972829389e-02
4.8066437529e-03 6.3168004581e-02 -1.3070069534e-01
-3.9305842341e-01 -5.9131640796e-01 3.4654802097e-02
-4.8229768540e-01 -9.0123464801e-01 2.9971172060e-01
-2.4332759216e-01 -4.4129769493e-01 2.3503926419e-01
-1.9691397586e-01 -2.9254648922e-01 1.2085335707e-01
-1.1307369856e-01 -1.3640947015e-01 5.5574427763e-02
-4.5144101053e-02 -8.9173539518e-02 8.7745730230e-03
-4.3566957217e-02 -8.6151772109e-02 -2.2338979092e-03
-4.5934622094e-02 -2.3124509506e-02 1.8742393306e-02
1.3359000004e-01 8.3865434231e-02 1.9753338082e-01
5.1616975596e-01 5.7045527731e-01 8.1095858904e-01
4.9349482152e-01 6.7468713752e-01 7.4541850904e-01
2.6950029096e-01 4.4051015699e-01 3.9969857064e-01
9.0343481588e-02 2.8372577174e-01 9.7634565029e-02
2.8596770885e-02 1.1248420350e-01 -5.8642698377e-02
-2.8793030178e-02 -2.3343625717e-01 -5.5001997030e-02
-1.8493119534e-01 -8.8036687182e-01 1.4881965827e-01
-2.9996051808e-01 -1.4143229850e+00 4.9096486495e-01
-2.6370984307e-01 -1.3124477269e+00 6.6315400088e-01
-2.0349041990e-01 -8.6049161552e-01 1.7464537579e-01
-8.8109081507e-02 -1.9922422426e-01 -7.9125893807e-03
-3.1216243214e-02 -7.7234904947e-02 5.8306939618e-03
-2.7059532399e-02 -7.5400145310e-02 -1.5017955629e-03
-3.8118278771e-02 -3.9037027310e-02 1.2196068669e-02
1.2937140912e-01 2.0763786700e-01 2.9564666733e-01
2.1562310488e-01 5.9947603576e-01 6.9749037918e-01
8.1323766209e-02 4.4116806178e-01 4.4196341011e-01
-3.3981919950e-02 2.2808861659e-01 2.0220006863e-01
-6.3811389103e-02 2.1255953970e-01 2.9466849845e-02
-1.4364638791e-02 -1.5110823453e-02 -4.8043566599e-02
3.8511034160e-02 -4.6447635160e-01 1.1658830855e-02
2.2493937301e-02 -1.2684360189e+00 1.9542005131e-01
-7.1619447421e-02 -1.7667061454e+00 5.3479464218e-01
-7.2914180037e-02 -1.7457168470e+00 7.8450444868e-01
-3.1687412413e-02 -9.6883775624e-01 -5.3414492995e-02
-6.9038902266e-02 -1.7396744180e-01 -8.6124195855e-02
-3.5843299931e-02 -6.5750185195e-02 1.5204028192e-02
-3.1841524823e-02 -7.1389571901e-02 4.2709454845e-03
-2.5449022455e-02 -7.0172412916e-02 1.4750742700e-03
-1.0907666049e-02 1.3549450938e-01 1.4851946487e-01
-6.7704060206e-02 4.7917963195e-01 5.1339542617e-01
-1.2914312200e-01 2.4076532329e-01 2.6254289978e-01
-1.3919813422e-01 -1.0945729929e-01 2.9773319269e-02
-1.6213012255e-01 -1.1594355174e-01 -5.7108648718e-02
-2.2280308612e-01 4.9864545058e-02 1.0862319163e-02
-1.1465007886e-01 -2.3750947587e-01 3.4344107741e-02
9.2949044901e-02 -1.1739607515e+00 1.4386257754e-01
1.6499174760e-01 -1.5052423311e+00 4.3472652837e-01
2.9928416519e-01 -1.3126228005e+00 9.0965374943e-01
2.5322443919e-01 -6.3227735444e-01 2.7048243337e-01
-4.0355784445e-02 -1.1802944237e-01 4.1339676332e-02
-3.4621790571e-02 -8.6302906558e-02 4.1023537068e-02
-2.6149146559e-02 -9.7383813250e-02 3.0157395294e-02
-3.5924905576e-02 -8.2622108252e-02 -6.4269631414e-02
-8.3510871392e-02 5.4421370716e-02 2.3926412046e-02
-3.4163194160e-01 5.3693642711e-01 4.2011240512e-01
-3.0844696082e-01 4.3124223582e-01 3.7347245875e-01
1.4812636701e-01 3.2390290582e-02 1.6425151486e-01
2.6728636485e-01 -1.9554937680e-01 2.6504346336e-03
-3.1754905130e-01 1.3575033043e-01 5.6881733854e-02
-6.4190170740e-01 2.5764200620e-01 8.5926367131e-02
5.8327635825e-03 -4.6788528073e-01 8.7177720170e-02
2.0265452228e-01 -6.7742669866e-01 1.6013036755e-01
6.5896089179e-01 -3.4818669750e-01 4.5641081482e-01
7.4794606359e-01 -2.0680432550e-01 1.0520669131e-01
-5.1204997993e-03 -1.0117242534e-01 5.8925302076e-02
-6.0656137216e-02 -8.8927071489e-02 6.7198979484e-02
-3.9701054758e-02 -8.4031504796e-02 3.8835067889e-02
-4.8667571707e-02 -6.0213153919e-02 -3.6377277784e-02
-9.5240691326e-02 -5.8128488203e-04 -6.1450351405e-02
-2.5347682883e-01 2.6268453092e-01 1.7574266413e-01
1.9191164450e-01 5.6491315988e-01 6.6986205363e-01
1.2837854880e+00 7.5321199589e-01 9.8087855926e-01
1.4034329833e+00 -3.3355033772e-01 4.4284675855e-02
6.9996022190e-01 -9.9822190703e-01 -4.5294843520e-01
-7.5826628771e-02 -5.6175286849e-01 -1.6374253274e-01
8.3119596863e-02 -4.9030628246e-01 5.9882218647e-02
4.8583845539e-01 -2.6610971397e-01 -4.0478995978e-01
1.1043662899e+00 3.7853663601e-01 -5.7662905054e-01
1.7445624063e+00 4.2597674888e-01 -4.9148527479e-01
2.3444423787e-01 -1.1827250405e-01 -1.3248311807e-01
-5.0089007451e-02 -1.1708326734e-01 4.9823295625e-02
-2.5193911786e-02 -1.0377919721e-01 4.7408692828e-02
-1.9499245375e-02 -5.9364631863e-02 2.1176780500e-03
1.2559011077e-03 -5.9484400170e-02 -7.0965288188e-03
-7.6139438304e-02 1.7732882912e-02 6.2987836389e-02
-9.2707133949e-02 4.6863886719e-01 6.1677678749e-01
-1.6028629432e-01 1.0544702109e+00 1.0069611601e+00
-2.7817243688e-01 4.4094776762e-01 4.9436465836e-01
6.8266974892e-02 -4.2378570457e-01 -9.6516789553e-02
1.8181946709e-01 -5.1409545763e-01 -2.3112009529e-01
-6.3968063430e-02 -3.2619322110e-01 -4.0466907557e-02
4.9390166838e-02 7.0814302587e-02 -7.6059647054e-01
-1.5386204594e-01 -7.1924652140e-02 -4.6116381250e-01
6.2123683006e-01 4.8526779694e-01 4.3646507088e-01
8.7254609353e-02 -1.7242673337e-01 2.1344013400e-01
-3.6687077428e-02 -1.1794535966e-01 4.1792631368e-02
-1.9812098099e-02 -8.7409260509e-02 2.9663387710e-02
-2.2322633367e-04 -6.2240692745e-02 2.3654809706e-02
3.2735768564e-02 -7.8168995001e-02 -1.6586249803e-02
-1.3816061861e-02 -7.3636886403e-02 -1.8130271337e-02
-3.0810451857e-01 -2.7629384944e-02 1.2119522030e-02
-8.7810188592e-01 -5.0100009337e-02 1.8634912984e-01
-1.2135676772e+00 -4.8183571317e-03 6.0698797198e-01
-1.2106031220e+00 3.1122077878e-01 6.4571046454e-01
-5.8514771380e-01 9.8539092673e-03 9.6265829677e-02
-2.5644014285e-01 -9.7600558389e-02 -6.4569708163e-02
-1.8915759315e-01 -2.1360519194e-01 -3.6082263676e-01
-3.0882419099e-01 -2.6141609336e-01 -1.6065561498e-03
-1.4112737697e-01 4.2693360419e-01 4.5193426443e-01
-5.4332287596e-02 -1.5958274000e-01 1.3824584535e-01
-1.3836254667e-02 -1.3031875475e-01 9.9936217415e-03
-1.6877739538e-02 -1.0304431300e-01 1.6847137038e-02
-8.9032162997e-03 -6.3842042879e-02 2.1568876656e-02
1.6595896437e-02 -8.1286294473e-02 -6.8758406085e-04
9.9845735874e-03 -7.4306874817e-02 1.6493871743e-02
-3.2987723247e-02 -8.1026888458e-02 -6.9537730611e-02
-9.4580382721e-02 -2.1276808036e-01 -4.8415864571e-02
-3.1019146640e-01 -4.9457271024e-01 -1.6677711128e-02
-8.4332274473e-01 -6.6996596033e-01 8.0484543252e-02
-9.9292843127e-01 -5.5224775678e-01 1.3280097025e-01
-7.5543161903e-01 -3.1384665494e-02 1.3555310730e-01
-4.3513425770e-01 3.7647578606e-02 7.1605940996e-03
-3.7400287062e-02 -3.1418133676e-01 -6.3589488533e-02
-7.6403595794e-02 1.1380387056e-01 5.1696777328e-02
1.7893907353e-02 -2.2230224589e-01 -3.8574750065e-03
-2.6758957855e-04 -1.3412138923e-01 1.1606135245e-02
-1.4733634076e-02 -1.0055250670e-01 1.9198774909e-02
-3.1293181961e-02 -4.8517167338e-02 2.5162469020e-02
-1.7973823628e-02 -5.5381490197e-02 -1.3307699383e-02
-1.7950361756e-02 -5.6917130333e-02 -2.3498692625e-02
-7.0626665652e-03 -2.7383385108e-02 -4.8712235600e-02
5.7442897297e-03 -2.6192069266e-02 -1.5303567228e-02
-9.5119550657e-02 1.2834333809e-02 -1.3906894897e-02
-3.2566492374e-01 2.7689090629e-02 1.5613464781e-01
-5.7756940598e-01 -4.3947220817e-01 2.7154024630e-01
-6.1094157335e-01 -1.0100805985e-01 3.3605766716e-01
-4.6780354812e-01 3.3519827855e-01 4.2268974243e-01
2.8251240003e-02 -1.1917981193e-01 -7.9867001321e-03
-1.4053568747e-01 3.8199577220e-01 1.8991954817e-01
5.2391159060e-02 -1.3336747690e-01 5.5439752430e-02
1.5616721586e-03 -1.2042412754e-01 -8.2132462868e-03
-2.6755175398e-02 -7.3357914645e-02 8.2379579297e-03
-3.3311201992e-02 -5.3144642533e-02 -6.5031467926e-03
-1.3420200471e-02 -5.6174419337e-02 -4.1004142295e-02
-2.4940333413e-03 -6.1456724012e-02 -2.6217391240e-02
3.2849735732e-02 -6.0771228314e-02 -4.3686387503e-02
5.5327100259e-02 -5.6230453572e-02 -1.2603346464e-02
2.9052094280e-02 -3.9158376735e-02 -3.3259949050e-02
2.1375047534e-02 -3.6453565874e-02 -2.7043148446e-03
-1.9605567831e-02 -1.0924398426e-01 1.1431272471e-01
5.6930035421e-02 -4.0472122772e-02 6.0347832610e-01
-4.2226612969e-01 9.1366691727e-01 7.8767366184e-01
-1.6714783730e-01 6.6349926395e-01 1.7747429588e-01
-6.4078527455e-01 1.2451116807e+00 -2.0154919129e-02
-9.0610101303e-02 1.9009666902e-01 -4.0854926439e-02
4.6068901527e-02 -1.1136018098e-01 -1.5299917346e-03
-1.1499234202e-02 -7.4187033157e-02 1.8580145285e-02
-3.6316441256e-02 -5.8952799693e-02 -2.0025907219e-02
-8.2791314335e-03 -6.9178788393e-02 -6.6792179400e-02
1.8420167696e-03 -6.1798240915e-02 -5.6495299252e-02
2.3330673214e-02 -8.2376420416e-02 -9.8221735794e-02
4.1563061097e-02 -9.6242454491e-02 -7.0309614535e-02
1.4683286738e-02 -6.6320891232e-02 -7.3271489908e-02
3.8442551894e-02 -5.8010065101e-02 -5.6050001878e-02
2.2779081837e-02 -7.5473340645e-03 2.7404517553e-02
-1.1361232666e-01 3.1910733012e-01 3.8773215744e-01
-5.8773190073e-01 1.0642829646e+00 5.5423104583e-01
-5.0065097463e-01 8.9061991233e-01 2.1952707677e-01
-8.3731577582e-01 9.8296301325e-01 -2.7496004364e-01
-2.6520408572e-01 2.2038513305e-01 -1.7278511476e-01
9.1864338896e-03 -7.4274636761e-02 9.7205374098e-03
-1.7832468010e-02 -6.0402663319e-02 2.0021024493e-02
-2.5585595925e-02 -8.4434402699e-02 -3.6501263007e-02
1.1442470704e-02 -9.5665552162e-02 -8.7907206070e-02
2.2529281980e-02 -1.0096869640e-01 -4.4568230113e-02
3.8876596669e-02 -1.1798181960e-01 -7.1572076856e-02
4.7645914430e-02 -1.3658318069e-01 -6.2718829722e-02
2.1100971152e-02 -1.2387845764e-01 -8.5469825536e-02
4.5739828019e-02 -1.1975614308e-01 -6.5615501447e-02
4.8554041327e-02 -9.9808347360e-02 -5.6337884064e-02
-3.6279602704e-02 3.0535455987e-02 6.7810080405e-02
-2.3150610406e-01 2.7918601180e-01 6.1411823490e-02
-2.4255152807e-01 2.3119938763e-01 2.9561673483e-02
-1.8212821714e-01 1.1650683060e-01 -6.1055093858e-03
-4.3018175359e-02 -5.1551031731e-02 5.7001177396e-02
2.2476253560e-02 -9.5131793411e-02 4.8546429420e-02
-2.9949030953e-03 -9.4203885665e-02 4.5394047007e-02
-4.9745302554e-03 8.7575774243e-05 -6.4902783655e-03
-4.0976373199e-02 -4.1700829123e-02 -3.9588853119e-02
-9.7585064422e-02 -5.8661370726e-02 -3.8241868679e-02
-1.6554571182e-01 -7.1339103559e-02 -6.4717876155e-02
9.0463277239e-02 -7.2687718137e-02 1.3660456572e-01
7.1767422626e-01 1.3341041347e-01 4.2627787658e-01
1.3314196608e+00 4.0040159780e-01 5.8686400291e-01
1.4131268706e+00 5.2487983952e-01 4.6184084761e-01
1.7024069797e+00 6.6064766864e-01 2.1294489025e-01
1.9766601846e+00 7.4682415836e-01 -4.5536160025e-01
1.1349178075e+00 4.1669487867e-01 -7.3018001151e-01
-1.9244390170e-02 -5.1611104896e-02 -4.0063334366e-02
-1.6983587868e-01 -1.1554851533e-01 1.2683564376e-01
-8.3877477937e-02 -8.2233233420e-02 6.5300447371e-02
-6.9731029658e-02 -7.4932526290e-02 1.0535204311e-02
-1.5590709410e-03 9.2832660530e-03 4.7237534471e-03
-3.3788692010e-02 -5.7435535708e-02 -2.7772403031e-02
-5.6130542487e-02 -9.3924163648e-02 2.3535176975e-03
9.4324940234e-02 -2.2656718533e-02 1.4187529257e-01
7.1991655240e-01 1.7592749258e-01 5.7464374087e-01
9.5441507406e-01 3.4815729928e-01 6.4637478354e-01
7.6585616224e-01 2.5747058962e-01 3.5909647026e-01
4.2695716753e-01 8.4082975153e-02 7.9597635180e-02
6.4986163157e-03 -6.1952017708e-02 5.0289829522e-02
1.6322805313e-01 3.4725050150e-02 -6.0225474199e-02
4.8424734535e-01 2.6519177755e-01 -3.6251954978e-01
1.3108608757e-01 7.6758332291e-02 -1.4195571695e-01
-9.2757879480e-02 -1.1421499733e-01 3.6874323078e-02
-6.2641413567e-02 -9.9356891315e-02 2.2238678601e-02
-4.9506299766e-02 -8.9109272777e-02 1.6473207471e-03
-2.7556032889e-02 2.7119184718e-02 8.3826027451e-03
-4.7384083775e-02 -4.6817034289e-02 -1.0364741309e-04
1.1774880445e-01 -2.2720968359e-02 2.3507292755e-01
6.2466271588e-01 2.0622132874e-01 6.2946428849e-01
6.8709868003e-01 2.4121862406e-01 6.3145314409e-01
3.3804162672e-01 1.0280854169e-01 2.5241751740e-01
1.9082446259e-01 5.1207532424e-02 1.4302266635e-02
2.5506449480e-01 6.8235712118e-02 -6.2239262025e-02
-2.2215082265e-02 -1.0364350551e-01 -1.2573585509e-02
-3.8185752559e-02 -9.0405294990e-02 1.7061871832e-01
2.0908898621e-01 1.5263419602e-01 2.5934886375e-01
6.4878794254e-02 3.5187044594e-02 1.7058372586e-01
-1.0926090553e-01 -1.0522048568e-01 3.6195123661e-02
-5.5553671029e-02 -8.2908091826e-02 -6.0740008276e-03
-6.0758216051e-02 -7.1937467923e-02 -1.8506063045e-02
-3.5349519122e-02 6.2662569894e-02 7.7307668776e-02
7.5030833064e-02 5.7760030896e-02 1.9366871959e-01
4.9618470258e-01 2.2541701631e-01 6.3522939922e-01
4.5455489237e-01 2.3014573443e-01 5.2419801344e-01
1.6320639956e-01 5.8576613162e-02 2.0277855472e-01
1.0882763340e-01 7.9593861466e-03 6.1430377529e-02
9.4657622111e-02 4.3329093550e-02 -7.8608401671e-03
1.0389451219e-01 1.6540876298e-02 -3.9988555409e-02
-1.0867100320e-01 -2.0398980451e-01 5.6727578609e-03
-2.0328265026e-01 -4.2789029049e-01 2.5592050377e-01
-2.6509618834e-01 -5.0065199575e-01 6.4444469856e-01
-2.8209501174e-01 -4.7075395183e-01 4.4176250188e-01
-1.2656777259e-01 -1.6503773149e-01 3.9595617664e-02
-3.0745998215e-02 -8.3448871540e-02 -2.3914444377e-02
-4.1385739024e-02 -7.1229890381e-02 -3.3812987514e-02
3.3363837425e-02 4.2304804998e-02 1.7441903219e-01
3.4048452105e-01 1.9171548866e-01 5.8251634803e-01
4.5859547123e-01 2.9755914274e-01 7.1576791476e-01
1.8889943928e-01 1.2437276645e-01 2.9598355663e-01
9.8269919900e-02 3.7116991850e-02 1.6962698048e-01
5.9246916212e-02 -2.9610528161e-02 4.3061744890e-02
2.6374850095e-02 -9.2584854353e-02 -1.5908648992e-02
3.5391389298e-02 -1.2307242956e-01 -9.8410578735e-03
-4.1211483525e-02 -2.5457304748e-01 3.4907675719e-02
-1.2494775002e-01 -6.2586757758e-01 2.8018654188e-01
-2.7925398400e-01 -1.1640953791e+00 5.8814035062e-01
-2.3244110333e-01 -9.1355801287e-01 1.1504716552e-01
-9.3981188262e-02 -2.0385078324e-01 -4.4064383734e-02
-3.0792430457e-02 -7.8208637440e-02 -1.0947142324e-02
-3.7908555677e-02 -6.4286154666e-02 -2.5428223328e-02
6.4179491296e-02 8.4020668945e-02 3.2996424897e-01
2.9589067164e-01 3.3848498007e-01 7.1719498178e-01
1.2126387894e-01 2.5059292240e-01 4.1755078507e-01
-1.3088736577e-02 1.0169709980e-01 1.6562150213e-01
4.8354328984e-03 -4.4289294934e-02 9.9226256149e-02
1.8822508832e-02 -9.4522847751e-02 -7.8772654089e-03
3.4383695516e-02 -1.4313633734e-01 -3.5554216247e-02
8.1983597456e-02 -1.4796212557e-01 -1.1257494301e-02
7.2657509197e-02 -2.7723463985e-01 4.5358698272e-02
2.4014808167e-02 -6.2389182557e-01 2.6864435548e-01
2.7436820811e-02 -1.3943685005e+00 6.2247530196e-01
6.0530402768e-02 -1.0098564826e+00 -4.1234556217e-02
-4.0637423110e-02 -1.7059546785e-01 -8.4699120879e-02
-3.6739447452e-02 -6.7821527446e-02 -3.8700408090e-03
-4.3972122653e-02 -6.6527074463e-02 -1.7740820713e-02
8.5042608906e-02 1.0093628937e-01 3.4991930584e-01
1.1802596984e-01 3.0595209727e-01 4.5901349881e-01
8.2422985115e-03 2.5834626171e-01 2.7451846748e-01
-3.5133873392e-02 -1.0902296036e-02 5.2218130530e-02
-3.5803060472e-02 -2.0788249003e-01 -2.3692828038e-02
-4.8753958221e-02 -1.4794132597e-01 -3.4109291211e-02
-6.3565446141e-02 -3.4601174516e-02 -1.2156807507e-03
-1.7633445090e-02 -4.8768609472e-02 -1.3701218582e-02
7.2704720455e-02 -2.3453479028e-01 1.0946559565e-02
9.5166367689e-02 -4.7392052273e-01 2.4153239080e-01
2.2699496532e-01 -9.8868389931e-01 9.2214676570e-01
2.4085347271e-01 -7.1700900856e-01 4.8333501474e-01
-7.9591892563e-02 -8.3799949402e-02 5.4476621105e-03
-2.9433575222e-02 -3.0933851995e-02 -9.8203824353e-03
-3.6178320832e-02 -8.1123816839e-02 1.0601884671e-02
-5.6160394170e-03 4.4306897072e-02 1.0124657044e-01
-2.5423297022e-02 2.2936436414e-01 1.1521088835e-01
-6.7933688208e-02 2.9894035169e-01 1.8389395213e-01
-7.9104318119e-02 3.2578853312e-02 3.0952029616e-02
-2.4237623432e-01 4.6993626091e-02 -2.7903389329e-02
-2.2074374837e-01 6.3263649551e-02 -2.5319736613e-02
-1.7983332926e-01 1.8035624556e-01 1.0368210362e-01
-5.8609346143e-01 2.7729449827e-01 1.0687775969e-01
-3.2305181910e-01 -2.5265364386e-02 4.4825172848e-02
-1.0106395803e-01 -1.4280054963e-01 1.1072852694e-01
6.9507037418e-02 -3.4558983385e-01 5.7189852209e-01
5.2265909371e-01 -1.5246532176e-01 1.5954419771e-01
-9.2642389138e-02 1.5927431332e-01 -2.0938266110e-01
-8.8213356351e-02 -1.0162814420e-02 -1.1877898478e-02
-4.5589133120e-02 -7.2003492172e-02 2.1102141114e-02
-1.5645740520e-01 8.2711010278e-02 1.0744492477e-01
-4.2443980309e-01 3.2357181336e-01 1.9097019734e-01
-3.0909858553e-01 3.4910431475e-01 2.0354254012e-01
4.2133997260e-01 2.5786631909e-01 3.0992917860e-01
9.0414320106e-01 -4.1052826372e-02 5.5534138377e-02
7.8721535183e-01 -3.1283412131e-01 -1.9524599918e-01
6.9221532926e-01 -1.7929565066e-01 -1.0641819951e-02
-9.4530806795e-02 6.1544790953e-02 4.3092835653e-02
-2.9990712820e-01 2.3500786842e-03 -8.9129670711e-03
-7.0884633454e-02 -6.9145024682e-02 -1.6226434885e-01
-3.3934291306e-01 -3.5846542496e-01 -2.1460529047e-01
7.5534977892e-01 -1.6856812760e-01 -2.7404489115e-01
2.7398059883e-01 1.1383047267e-01 -3.5195658567e-01
-3.6163716458e-02 -5.3788631304e-02 -1.4115729109e-02
-2.3513924841e-02 -8.7169144653e-02 2.8236598856e-02
-9.2828445666e-02 -6.0118291512e-03 3.2158319308e-02
-4.2441467290e-01 9.4364243591e-02 6.7165267413e-02
-6.1917692939e-01 1.4200036165e-01 1.6636629647e-02
-7.4601546342e-02 2.7619356099e-01 2.0483431382e-01
3.5072475332e-01 2.3822766834e-01 -5.0887841600e-02
2.9614823798e-01 1.5972000288e-01 3.2189106569e-02
4.5893336549e-01 5.5664763802e-03 1.1631709501e-01
5.4992060625e-01 -2.1875700346e-02 3.1681866638e-03
3.4154417107e-01 1.4880798379e-02 -3.9478138235e-02
1.3814802080e-01 9.6448654259e-02 -3.6514725620e-01
-2.9191446559e-01 -1.8761512485e-01 -2.3267428428e-01
4.0748729512e-01 -7.2296881062e-02 4.2698772059e-01
1.2877113624e-01 -7.2055080006e-02 1.5679998877e-01
-3.0883557290e-02 -6.2969885930e-02 2.7796689777e-02
-2.1142973706e-02 -6.6409318107e-02 1.4349462871e-02
-2.4201686245e-02 -5.5946711066e-02 6.5833241950e-03
-8.2646905711e-02 -7.6809934327e-02 -5.9802918112e-02
-2.8745622923e-01 -1.7546882521e-01 -2.2363085680e-01
-3.5544818282e-01 -2.4525975098e-01 -3.5608637983e-01
-3.8571943716e-01 -1.3817563745e-01 -3.8095521070e-01
-3.5915950911e-01 -5.2695905134e-02 4.5094405661e-02
-2.8083185831e-01 -4.1747342686e-02 1.7834141654e-01
-1.3184306658e-01 -5.9306021862e-02 5.9406577576e-03
-4.4066242979e-02 -2.8083896781e-02 -1.8872473128e-04
2.8463063834e-03 2.3659227082e-02 -9.6041460644e-02
8.4222681496e-03 5.0066546437e-02 -2.0714741056e-02
6.6732625817e-02 4.6466376317e-02 2.3226510247e-01
-2.6503725821e-02 -1.0666865024e-01 6.0727668833e-02
-7.2162899275e-03 -6.5687088640e-02 5.8718349089e-03
-1.5368565105e-02 -7.5076048728e-02 3.2940541046e-03
-2.5427842147e-02 -5.7359772443e-02 8.0077471323e-03
-1.1997949108e-02 -6.6606642912e-02 -2.2712398345e-02
-8.7188735094e-02 -7.7277834516e-02 -5.4951310326e-02
-4.3426562971e-02 -1.4682544158e-01 -2.4172566208e-01
1.1962209455e-01 -3.5853038205e-01 -3.0526285315e-01
-1.5672844861e-01 -5.4104573338e-01 -1.6319954188e-01
-4.3986508157e-01 -4.5212938841e-01 -2.0216151768e-01
-4.3047474259e-01 -4.2246348001e-01 -6.3196352588e-02
-2.0683360099e-01 -2.1732501984e-01 3.1853416267e-02
-7.6041150766e-02 -3.3892561860e-02 2.2471807204e-02
5.5068867014e-02 -5.8063484815e-02 9.1342474675e-03
5.2965384949e-02 -4.8180935509e-02 4.9984479378e-02
4.0575672441e-02 -1.2892628887e-01 -4.8447470948e-04
-2.7587380711e-04 -6.6437285716e-02 7.0798363697e-04
-1.6878803135e-02 -6.5579983552e-02 1.5050571400e-03
-7.2344389031e-02 -2.1200100777e-02 3.4736698213e-02
-4.3892110099e-02 -3.2094180670e-02 9.9948954424e-03
-7.1575389274e-02 8.2072339310e-04 2.9012671343e-02
-4.2220732988e-02 3.7148637919e-02 -4.5113727388e-02
-3.9285535876e-02 -1.1962202906e-02 -1.9645825594e-02
-1.3902884654e-01 -1.8364397846e-01 -9.2912920955e-02
-8.8920428643e-02 -3.5016246089e-01 -3.7822219053e-01
-1.3395810496e-01 -4.5715091235e-01 1.1176373397e-02
8.0435248273e-02 -4.3186870727e-01 1.1252784424e-01
-3.2644647094e-03 5.5829414135e-02 2.3403873346e-01
1.8098301746e-01 -8.2351652629e-02 1.4910022084e-01
7.2272243847e-02 1.1207525149e-01 3.3218200492e-01
8.3639458504e-02 -3.7095188523e-02 8.0482112211e-02
4.4766881115e-02 -7.4877722066e-02 -4.7325094747e-02
-2.9637638705e-02 -5.2205653563e-02 -1.5977179716e-02
-7.2397805659e-02 -1.5181480326e-02 1.6217593803e-02
-2.8654151566e-02 -2.0125351797e-02 -1.2220546802e-03
-2.3987743334e-02 -9.1730442449e-03 4.0366825086e-02
1.1863780099e-02 -1.2868860671e-02 1.6370614712e-02
2.8656876207e-02 -3.6625586225e-03 5.7866986151e-02
4.8339307622e-02 -7.0193994781e-02 -2.6576587010e-02
9.8963721010e-02 -1.5322043911e-01 -9.0383642824e-02
2.4210935649e-01 -1.8603201551e-01 2.6438197378e-01
4.6084901196e-01 -2.5796653901e-01 4.8408289340e-01
-1.7912963127e-01 4.4579778713e-01 4.4649468230e-01
2.6284924207e-01 -2.6360910568e-03 4.1062448344e-01
-5.0309560610e-01 5.2063091552e-01 5.9316038312e-01
-3.3126352814e-01 2.4233000969e-01 1.2987470469e-01
8.4609018424e-02 -7.9081339372e-02 -3.0669271016e-02
-1.7431573849e-02 -6.0712480046e-02 -1.8411609931e-03
-7.8496946362e-02 -3.2625267565e-02 1.5382729999e-02
-4.2217869337e-02 -4.3043670900e-02 -1.6696996420e-02
-5.9660734780e-02 -3.5361246471e-02 2.7196713650e-02
-2.8094865347e-02 -4.5839243679e-02 -1.9137465014e-03
2.4014785011e-02 -5.9353064880e-02 2.3394649355e-02
1.9834295053e-02 -4.7883428514e-02 -2.8980865447e-03
8.2700555224e-03 -1.6084050788e-02 2.8750932868e-02
4.6737512797e-02 1.4515751408e-01 4.1654120510e-01
-9.3153945755e-02 5.6273321900e-01 9.7459582231e-01
-9.7668247385e-01 1.2389091010e+00 4.9408559738e-01
-5.2044876814e-01 7.1443011450e-01 2.8560247693e-01
-1.4138257180e+00 8.6661965378e-01 -1.4916030216e-01
-9.2934922344e-01 4.2465791105e-01 -4.3206069847e-01
-4.3053558865e-03 -4.3109199057e-02 -4.7471136338e-02
-2.7056133163e-02 -5.0146102119e-02 3.9397258177e-03
-5.0298519403e-02 -6.9872409745e-02 4.4283924582e-03
-9.0227388695e-03 -9.5857429410e-02 -5.0908021805e-02
-1.3533504275e-02 -9.2048217236e-02 9.6696327722e-03
8.8657244603e-03 -9.5612873620e-02 -4.4192102675e-02
3.0877425991e-02 -1.0759254910e-01 -3.0058033329e-02
2.3888602074e-02 -1.0520836391e-01 -5.9854753323e-02
2.7909078398e-02 -8.4864092452e-02 -3.7389318883e-02
-4.6615973042e-02 4.7771742696e-02 1.2679484092e-01
-3.6678579070e-01 5.1769672176e-01 5.8506434106e-01
-1.0824017973e+00 1.1056569135e+00 3.3260058240e-01
-8.9538493269e-01 8.3332768192e-01 -4.0152211020e-02
-7.4138096703e-01 4.1575269103e-01 -2.4175083613e-01
-3.5500027718e-01 7.7208464810e-02 -1.9992024355e-01
5.0712700532e-03 -6.7482769791e-02 1.1274710169e-02
-1.5591688073e-02 -7.8521866727e-02 3.0088604576e-02
2.9886950664e-02 2.7225732553e-02 1.9066032943e-03
-6.0244773324e-04 -2.9297036838e-02 -1.5156817770e-02
-5.8861257604e-02 -5.0078651388e-02 -2.6378829010e-02
-7.6517352613e-02 -6.3538168093e-02 -5.5522649456e-02
2.5386250598e-01 -8.1523178321e-02 1.8921484769e-01
1.0981357846e+00 1.3407013004e-02 6.2046914880e-01
1.6776346635e+00 1.3608212959e-01 7.4070697610e-01
1.8290004325e+00 1.6412930428e-01 5.8554390522e-01
2.1238277090e+00 1.5205904155e-01 2.0045449131e-01
2.2541268649e+00 1.4635936911e-01 -5.6823829590e-01
1.4400875578e+00 7.5101623600e-02 -8.1938190779e-01
1.1961035170e-01 -1.0336328278e-01 -7.2059290717e-02
-1.4566654527e-01 -1.3385040042e-01 1.4106950373e-01
-1.0498281986e-01 -1.1715395747e-01 8.7156413804e-02
-6.2760081611e-02 -8.3444634741e-02 3.4352116509e-02
3.2803740474e-02 2.4449003432e-02 9.9512623215e-03
-4.2900477829e-03 -4.4565350497e-02 -1.6020609391e-02
3.4049163480e-03 -8.5375351932e-02 1.9188433073e-02
2.2378453522e-01 -6.3079707495e-02 1.9401168170e-01
8.1162067479e-01 1.4131458465e-02 6.2310436733e-01
9.2085045137e-01 6.5879012742e-02 6.0454039282e-01
5.9915470392e-01 4.2487205228e-02 2.4209680198e-01
1.7982985136e-01 -1.1049062844e-02 -4.7020122466e-03
-3.1075120524e-01 -9.0153976620e-02 2.5136864288e-02
-1.8034386424e-01 -7.6381371422e-02 8.9104246679e-02
3.5698417408e-01 5.6976405531e-02 2.6852476350e-02
5.7132282295e-01 6.2188950118e-02 -1.5911610093e-01
2.7674840997e-02 -9.2074849180e-02 -1.2345637688e-02
-6.4875151096e-02 -1.0381339458e-01 4.4681554482e-02
-4.2170016308e-02 -8.7634836125e-02 2.3357810280e-02
8.7047683320e-03 4.7621087329e-02 3.0985687949e-02
1.9078287431e-02 -3.2539305099e-02 4.9980016236e-02
2.0621762969e-01 -3.7042490079e-02 2.7146811474e-01
5.4808897241e-01 5.9853645511e-03 5.0656719212e-01
3.8166926607e-01 -3.0595405975e-02 3.5833290129e-01
2.7547364794e-01 -3.9520786303e-02 1.6882341540e-01
2.0234221000e-01 -3.7728165243e-02 3.9180322351e-02
2.1280792221e-01 -1.7267644340e-02 -1.3042029349e-03
1.0934799293e-02 -3.8299051043e-02 2.0623181035e-02
1.7522689432e-02 4.0098728804e-03 1.4879578310e-01
5.2980438036e-01 1.1960609331e-01 3.1189372300e-01
6.1165057792e-01 1.1361857181e-01 1.5988189675e-01
-5.9165973286e-03 -5.2270800883e-02 2.7509012178e-03
-8.7008227608e-02 -8.5622754193e-02 2.0869917309e-02
-4.2241857404e-02 -6.6887281269e-02 1.4307033015e-03
2.7371653252e-02 6.1465248834e-02 9.6021422046e-02
1.6693625048e-01 6.1009686608e-03 2.0931569416e-01
4.1588306920e-01 5.7240636150e-02 4.5889256339e-01
1.8139638606e-01 -2.9190066216e-02 1.5752556985e-01
-5.1766868550e-02 -1.1785769133e-01 -4.0573800969e-02
6.4336217901e-02 -8.9097456335e-02 2.1082815603e-02
5.5123020291e-02 -7.2589730357e-02 7.7369521271e-03
9.2606417698e-02 -8.4256823541e-02 3.1184749853e-03
6.3463716274e-02 -6.5763319229e-02 1.0894806941e-02
6.2143306869e-02 -2.8262050311e-02 7.0746649766e-02
1.1297434121e-01 -2.3626608269e-02 2.2436239501e-01
1.9223322865e-02 -9.8400459290e-02 2.2217047144e-01
-9.7462536165e-02 -1.0298736118e-01 3.4761212142e-02
-4.2557010253e-02 -9.0608816594e-02 -1.3391036900e-03
-2.3474938666e-02 -7.2837401517e-02 -1.5507206722e-02
9.3139380504e-02 2.9007435620e-02 2.1234758002e-01
3.0467280565e-01 4.4853018023e-02 4.1025363567e-01
1.3261566609e-01 3.9790824586e-03 1.5497076587e-01
-7.4032925555e-02 -9.7314664899e-02 -1.3957399767e-01
-1.6137988846e-02 -1.1393300521e-01 -1.5292620512e-02
1.7036970737e-02 -9.0928177805e-02 -8.7500517537e-04
3.8283468463e-02 -8.8589897111e-02 -6.5585758344e-03
6.5293830856e-02 -8.6965946278e-02 -3.6316519286e-03
6.5796500321e-02 -7.6533357375e-02 4.4393483595e-04
4.9167725618e-02 -8.6407954897e-02 3.9841225114e-02
-2.4176481231e-02 -1.6096327395e-01 9.1376577699e-02
-2.9720994853e-02 -1.3696723079e-01 6.1430879904e-02
1.8870034103e-02 -9.5862290838e-03 4.7557206255e-03
1.1883850482e-03 -3.7338109582e-02 -7.0591394851e-03
-2.2342584818e-02 -6.7113426149e-02 -1.6839502856e-02
2.1550239432e-01 7.5112117182e-02 4.8702812056e-01
2.4261331775e-01 7.9645322399e-02 3.9202983355e-01
-1.3699502845e-01 -7.3932045621e-02 -2.2379537191e-01
-7.8739801531e-02 -1.3337252614e-01 -1.2311330581e-01
3.0376945663e-02 -1.5045861577e-01 1.8269103700e-02
2.5282386844e-02 -1.2493371429e-01 -6.5595839687e-03
2.9610094660e-02 -1.0850489658e-01 -2.4607587121e-02
6.2980015012e-02 -1.0749201141e-01 -1.7810943602e-02
7.4317431376e-02 -9.4242333675e-02 -3.7590733321e-03
5.4146831695e-02 -1.0272180609e-01 2.1291452971e-02
2.5548370249e-02 -1.9571914911e-01 9.2269185377e-02
1.2386013306e-01 -2.2677226244e-02 8.0605610813e-02
2.7186924655e-01 4.1407379661e-01 -5.5815869169e-02
1.7011384461e-01 2.5548047035e-01 -1.2458470721e-01
-1.1568792299e-02 -3.7697805411e-02 -3.5431683819e-02
2.3024106830e-01 1.6117408041e-01 5.8213421455e-01
9.5875714905e-02 1.6488445870e-01 1.3319663355e-01
-4.4384747504e-02 -2.3889249035e-03 -2.2181543871e-01
3.3881651871e-02 -1.2479903750e-01 -6.4749393611e-02
2.7247626942e-02 -1.5704277467e-01 3.3968303966e-03
1.2185537342e-02 -1.1080096697e-01 -2.0388255738e-02
8.9507778563e-02 -7.8180292970e-02 -2.4761811542e-02
1.7003769584e-01 -2.4163003390e-02 -2.5975176513e-02
1.1656155316e-01 -1.9988349341e-02 -2.7898088771e-02
7.9966223473e-02 -6.1781198951e-02 2.1764029077e-02
8.5010096300e-02 -2.6679619576e-01 2.7624578615e-01
-8.8873840343e-02 -4.0656012419e-01 2.4048773164e-01
-7.2547481131e-02 2.9070460999e-01 -1.0703348012e-01
1.5707784535e-01 4.5950909878e-01 -2.0761073855e-01
1.0068465949e-02 -6.5027445655e-03 -8.1917327342e-03
-3.1856774183e-02 2.4833517822e-01 5.0853907796e-01
-5.3261423060e-03 2.8417255511e-01 1.8420702873e-01
4.0705314677e-01 -1.4938029299e-01 -1.9538041937e-01
2.7071511194e-01 -2.3484631964e-01 -1.2179025293e-01
-2.4633361178e-01 2.2612984221e-02 -1.9025663252e-02
-1.3177413129e-01 -3.4149655542e-03 6.9607385442e-03
6.1591761026e-01 -7.0788955545e-02 9.1215234485e-02
4.3800794644e-01 9.5318620990e-02 8.0996490968e-02
-2.9341585469e-01 -3.7730327378e-02 -2.0865844627e-03
-1.0194241408e-01 -1.3102600970e-01 1.1219410598e-01
2.8660264826e-01 -3.3253196777e-01 4.2269291892e-01
4.7822215216e-01 -2.6946321471e-01 -6.1154817143e-02
-3.6093826170e-01 4.3885905968e-01 -4.9083047855e-01
-1.7379168450e-01 3.7813628903e-01 -1.8381196450e-01
-2.1723270751e-02 -2.9478103270e-02 3.8807470260e-02
-4.7841038934e-01 3.4596766119e-01 6.1966945185e-01
-8.1581092679e-01 5.2294293254e-01 5.9805818118e-01
-6.4213904350e-02 -1.8115386523e-02 -4.7417939885e-03
3.1943202947e-01 -1.1392661107e-01 -7.4682415212e-02
-1.4370580143e-01 6.6656710958e-02 -9.6633932741e-02
-8.4047057731e-02 -4.5485415239e-02 -8.2235497189e-02
6.4793382325e-01 -1.7310925058e-01 2.2784195813e-02
2.4058143699e-01 -8.5889342923e-02 3.7505479539e-03
-5.1754631498e-01 -1.8900381424e-01 -2.1821482929e-02
-9.0157978131e-02 -2.0354407105e-01 1.6772116070e-01
-3.2341053593e-01 -4.1299843549e-01 -2.0415210004e-02
5.6165672513e-01 -1.4755184445e-01 -4.0876054710e-01
1.6581043578e-01 3.1994475906e-01 -2.9640686226e-01
-1.7906799901e-01 9.4078075843e-02 -6.2724163248e-02
-1.6487284295e-02 -7.3086899788e-02 4.0230359240e-02
-2.6638325305e-01 6.3439748636e-02 1.4886744515e-01
-1.0000343390e+00 3.2352502499e-01 2.5172292602e-01
-1.3078569916e+00 1.0277970711e-01 -2.4870187498e-01
-5.4561968122e-01 -6.1781016897e-02 -4.8531951304e-01
1.3271882642e-01 1.5410110217e-03 -2.3257759652e-01
2.5418984291e-01 -6.2831640797e-02 -8.6819054739e-02
1.8203558643e-01 -1.3148759381e-01 -1.7936595292e-02
1.1341932022e-01 -1.5877316560e-01 -3.9771714855e-02
1.1277269808e-01 -1.2366260106e-01 -1.4364745070e-02
2.0072918440e-01 -8.9140285688e-02 9.0294456277e-02
-3.0652653943e-01 -2.5483379418e-01 6.0538326835e-03
2.7627389838e-01 -2.0615317646e-01 2.1422941128e-01
1.8164226248e-01 -6.6027720162e-02 1.9998620876e-01
-6.4658795054e-02 -6.5968820567e-02 5.2295190122e-02
-1.7713467918e-02 -6.5549746106e-02 2.7203597660e-02
-5.0457546823e-02 -5.6544318289e-02 -2.2057691997e-02
-3.2231335122e-01 -5.0570200707e-02 -6.9120102184e-02
-4.6142690577e-01 -5.9538765708e-01 -8.0052239449e-01
-5.3980938174e-02 -8.4497695471e-01 -1.1590779541e+00
1.5320633466e-01 -1.7725700412e-01 -6.9372037172e-01
5.0090083991e-02 -8.6475216947e-02 -2.5631248459e-01
-7.4119572488e-02 -8.2148272045e-02 -7.0337469003e-02
-7.9884380598e-02 -8.2051786101e-02 -3.8029900688e-02
-4.7145368740e-02 -6.6895616732e-02 -3.6564022950e-02
-1.3548765704e-02 -5.5561673129e-02 -4.2895033773e-02
-4.8284524576e-02 -5.5640844503e-02 -4.6969007863e-02
-7.7328224995e-03 -6.7452473460e-02 9.1685603238e-02
-3.6601215648e-02 -5.9793097455e-02 8.0790227631e-02
-2.3073584612e-02 -6.7687859016e-02 1.7079069158e-02
-4.2911026924e-03 -6.9386192591e-02 1.0610633670e-02
-2.6564513358e-02 -4.7763204418e-02 -3.0701926314e-03
-1.0042609806e-01 -6.7955567314e-02 -5.7999049745e-02
-2.0156917920e-01 -2.9278526764e-01 -1.9014536036e-01
1.3808526128e-01 -6.3065593345e-01 -4.6555848773e-01
5.4167626945e-01 -5.9485954989e-01 -7.8129288445e-01
1.2155043356e-01 -4.6264915974e-01 -4.9787490774e-01
3.8871146726e-02 -3.7836617256e-01 -4.0905168267e-01
-4.1059397041e-02 -1.6600103357e-01 -9.0106993339e-02
-2.5036228320e-02 -7.1398352671e-02 -7.0152363555e-03
-4.2947157260e-03 -4.3978348417e-02 -5.4032633617e-02
3.7959935927e-02 -4.0089046127e-02 -4.2441613886e-02
7.1315532528e-02 -5.3080004796e-02 3.2077424936e-02
3.5806434701e-02 -5.1356480379e-02 3.2488865634e-02
-9.3003902577e-03 -4.6968475389e-02 2.6865281175e-02
-8.6250909655e-03 -6.1278750078e-02 1.2766453110e-02
-6.1769874834e-02 7.8783882081e-04 3.9301895940e-02
-2.6643668305e-02 -8.2137451172e-03 1.2471944518e-02
-6.8690197179e-02 -1.2730355923e-02 1.5982190297e-02
1.0665677193e-02 -1.5758541243e-01 -1.1840165522e-01
2.2259486941e-01 -2.9796490144e-01 -3.1097391969e-01
3.8304584003e-01 -5.8431576767e-01 -5.0135296691e-01
5.8634908805e-01 -8.4776541560e-01 -8.6154014353e-01
2.0750047234e-01 -2.8859822883e-01 -1.5691465861e-01
7.7594175894e-02 -7.1414719825e-02 9.5571674361e-02
3.1193119122e-02 2.8035141638e-03 3.5749973211e-02
3.6386988580e-02 2.0152540519e-02 2.2179671331e-02
-4.8849627340e-02 -2.7967708460e-02 1.8874227065e-01
9.8096401800e-03 -6.5779829173e-02 6.9841903921e-02
6.4077612764e-02 -3.7610043580e-02 -4.2544212634e-02
-1.0195313022e-02 -4.8349072719e-02 -4.0961179923e-03
-5.9261729391e-02 1.1301519152e-03 4.9322869369e-02
-7.6175116915e-03 -7.7918267288e-03 3.0995344520e-02
-1.4231066746e-02 -1.9831516639e-02 4.8331821363e-02
7.9874304029e-03 -3.5961449821e-02 1.5226527587e-02
3.7309846739e-02 -5.2187117237e-02 1.3045194377e-02
1.1649833163e-01 -2.3229091814e-01 -2.1171137056e-01
3.1163051062e-01 -3.8801328371e-01 -2.9281390875e-01
3.5544155678e-01 -1.4090295908e-01 2.3060352282e-01
2.0115149964e-01 -4.1812901858e-02 3.6137425136e-01
1.7865692808e-02 3.1610615465e-02 1.0066074310e-01
2.6814067441e-01 -1.6470063332e-01 3.4052658759e-01
-4.9725071066e-01 -1.7310287538e-01 8.8605069131e-01
-5.4956408887e-01 -1.0442885609e-01 3.0736507876e-01
8.9949565851e-02 -6.6710882525e-02 -2.1516233944e-02
6.4430262446e-03 -5.3835638607e-02 -3.2801451000e-03
-6.0884657437e-02 -2.3903855449e-02 3.1755733782e-02
-2.7695566382e-02 -4.2775568079e-02 -8.4552474841e-03
-4.1185595273e-02 -4.9337200114e-02 3.7465965279e-02
-1.6222239466e-02 -5.6752391167e-02 1.1228619998e-02
2.6813961746e-02 -5.5042552055e-02 3.5751362335e-02
6.9846182524e-03 -5.1552601239e-02 -7.1066180597e-03
7.2719361337e-02 5.4507903689e-02 1.5214795284e-01
1.2702599040e-01 2.9420285673e-01 7.4224226637e-01
-7.8282990801e-02 3.2422968763e-01 7.0061209842e-01
-1.1971907245e-01 2.7867858525e-01 3.8550778518e-02
2.0334640467e-01 6.9849867885e-02 2.5003851296e-01
-8.8023847123e-01 1.5048168813e-02 1.9102875589e-01
-1.1924326440e+00 6.0643440446e-02 -3.5029980782e-01
-2.3560153932e-02 -6.5040653592e-02 -6.2335911673e-02
-7.3702780133e-03 -4.8040543879e-02 6.0818989448e-03
-3.6677530653e-02 -7.9994689881e-02 1.1750064885e-02
5.8326903356e-03 -9.9889089889e-02 -4.3807541738e-02
-1.5698629336e-02 -1.1001959522e-01 -7.0942680184e-03
-1.2078427476e-02 -1.1948541788e-01 -6.0940021321e-02
2.5289833779e-02 -1.0754350087e-01 -2.3960280456e-02
5.9622912971e-03 -9.4700888060e-02 -5.4468373978e-02
-1.3597790532e-02 -2.4269760528e-02 5.4497259683e-02
-2.1362882933e-01 2.7858270596e-01 5.3796598116e-01
-9.7449852330e-01 7.6123952783e-01 1.0191214188e+00
-1.8963323274e+00 1.0766159612e+00 1.4149314918e-01
-1.4148358886e+00 7.6014014208e-01 -4.6195102951e-01
-7.3016366962e-01 2.3563673269e-01 -4.1883381116e-01
-5.0554916968e-01 3.0703593529e-02 -3.6588282201e-01
-3.0366620591e-03 -5.9408206872e-02 -1.0938326994e-02
2.6404985295e-03 -6.8114297394e-02 2.9183288661e-02
3.3979059214e-02 5.6235587087e-02 2.1392686311e-02
-1.2310878867e-02 3.7426678359e-02 1.4104200199e-02
-6.4314374808e-02 1.3461495885e-02 1.1457496328e-03
-7.8774675930e-02 2.7147996600e-03 -2.1042844532e-02
2.6709779258e-01 -9.6733153502e-02 2.0276000419e-01
1.0017246688e+00 -2.3369181886e-01 5.5710016955e-01
1.5457472027e+00 -3.6254232695e-01 6.7337390627e-01
1.8644710981e+00 -4.6380695418e-01 5.9311475911e-01
1.9198172534e+00 -5.1442464701e-01 2.2036665283e-01
1.9494656929e+00 -4.3307058476e-01 -3.7729804502e-01
1.4014384757e+00 -2.2181681357e-01 -6.7352002394e-01
2.2412615955e-01 -1.2792871878e-01 -1.0063838475e-01
-1.4581505298e-01 -1.2241991578e-01 1.4888417525e-01
-1.1332173210e-01 -1.2326396395e-01 9.8317501191e-02
-7.1021241174e-02 -8.9503761255e-02 3.3928197009e-02
4.5811037496e-02 7.2178521957e-02 4.6759031744e-02
-2.7387281009e-02 3.6403804581e-02 3.2919508707e-02
-3.9634773362e-02 -1.8828679973e-02 4.4097895163e-02
2.3302702941e-01 -6.4902646814e-02 2.0392922090e-01
8.8323285794e-01 -1.3847545689e-01 6.5699529129e-01
8.7076607272e-01 -1.6469923755e-01 5.6270687025e-01
3.9895019493e-01 -1.4897566908e-01 1.8644096871e-01
2.7538718775e-02 -1.2663475886e-01 2.2047541306e-02
-3.5382569187e-01 -8.4514429295e-02 4.6994204406e-02
-2.4169055028e-01 -6.6826618557e-02 1.9290875690e-01
3.0034191942e-01 -5.6484215163e-02 1.2593493023e-01
8.2704780068e-01 -1.3035418305e-01 -2.6824573712e-01
1.0463628829e-01 -1.1386959270e-01 -9.0373437780e-02
-7.1886613262e-02 -1.1784669151e-01 6.2797140708e-02
-3.6899051827e-02 -8.2757716022e-02 1.9299677192e-02
2.2744675619e-02 7.1426489551e-02 5.7709365984e-02
-1.5390045079e-02 2.7738917073e-02 5.2222526555e-02
1.3280530919e-01 -3.0455523211e-02 2.1174870203e-01
4.9217376363e-01 -6.4089838716e-02 3.9713703302e-01
3.0459411399e-01 -9.7164585303e-02 2.5607229894e-01
7.1435723599e-02 -6.4679845363e-02 5.1992372707e-02
-1.7332798102e-02 -5.9843498599e-02 -1.7135389077e-02
2.2785234882e-02 -5.8822141307e-02 7.3470072312e-03
-7.8036832068e-02 -2.7494396170e-02 3.2177395847e-02
-6.9773746101e-02 -9.0621476811e-03 1.7277385806e-01
4.4668340789e-01 -1.7039019964e-01 3.6284361988e-01
8.6219015587e-01 -3.0821823201e-01 2.3800208999e-01
4.7283347727e-02 -1.1160491022e-01 -9.4835911927e-03
-6.9845828226e-02 -6.5990843299e-02 9.8547703474e-03
-4.2388770758e-02 -6.6053886754e-02 -3.3588668929e-03
1.6898763123e-02 8.0574684760e-02 8.4437813640e-02
9.5225233712e-02 1.2458695152e-02 1.0203812150e-01
2.4059232478e-01 2.2230073807e-03 2.2843765121e-01
4.7028431642e-02 -1.0750165554e-02 -5.9947019394e-02
-1.9262438714e-01 -3.3503206553e-03 -2.0548348724e-01
-1.0369317081e-01 -2.3130761979e-02 -1.0664587406e-01
-8.6485937872e-03 -5.6669448837e-02 -3.3649913560e-02
9.2453986138e-02 -9.9245947823e-02 7.3054058384e-03
7.8910639018e-02 -7.1166507190e-02 1.8684121850e-02
6.6392457400e-02 -3.6320755567e-02 4.7870289315e-02
1.6600202900e-01 -1.5076487419e-01 1.6230568831e-01
1.4171300300e-01 -3.3236076937e-01 2.9197195944e-01
-1.2276802603e-01 -1.4186060345e-01 9.4351930507e-02
-4.8067622289e-02 -6.9359688079e-02 -6.6472595456e-04
-2.8351520080e-02 -7.6712694310e-02 -2.0838655801e-02
4.8284484732e-02 1.7160572056e-02 1.3392548502e-01
1.3221655089e-01 -3.9185990427e-02 1.6557643367e-01
-1.2282384806e-01 6.3051417628e-03 -1.7595049588e-01
-2.7822838403e-01 4.6814342596e-02 -3.5361075703e-01
-1.6775998321e-01 -4.0352950356e-03 -1.6215299870e-01
-1.4730251071e-02 -4.9363054428e-02 -3.8578469634e-02
3.8791893962e-02 -7.4488237024e-02 -1.8946675251e-02
7.9607427098e-02 -9.3037781784e-02 -1.0973013256e-02
6.8827436619e-02 -7.5966723841e-02 -8.9662049516e-03
5.2554942698e-02 -3.4454571404e-02 2.0535632561e-02
3.5386392184e-03 -4.9641977285e-02 3.0325458261e-02
2.1986550050e-02 -9.1640635636e-02 8.7027865476e-02
1.4261528972e-01 1.5619028227e-01 2.2155588185e-02
1.3916283824e-01 1.7448505562e-01 -1.0535209116e-02
-1.1333067365e-02 -3.8557751569e-02 -2.9693645873e-02
1.4171055402e-01 -6.8283892614e-03 3.3351845931e-01
-6.4558609679e-02 2.1903471701e-02 -7.7499249229e-02
-4.8834299574e-01 7.6193392903e-02 -6.3348875040e-01
-2.5460302967e-01 -8.6525560250e-03 -2.7961938657e-01
-3.9000064902e-02 -8.9686698990e-02 -6.7072393674e-03
1.9937994975e-02 -9.1587006878e-02 -2.1615548862e-03
3.0280105155e-02 -9.2694705972e-02 -1.4792240457e-02
1.2245097126e-01 -6.8682261294e-02 1.0753950659e-02
1.8176470154e-01 -2.0547546528e-02 2.8639401181e-02
1.2224793303e-01 -2.7279160725e-02 1.3059464411e-02
1.6787213216e-02 -4.5193550989e-02 1.3178498201e-01
1.3287425889e-01 1.3417930643e-01 4.0284088363e-01
5.7108596868e-01 8.8224229170e-01 1.9174821160e-01
5.3209603117e-01 8.3697138532e-01 -1.5436354497e-01
5.6739749338e-02 9.3923312493e-02 -7.0085840777e-02
1.4792111992e-01 1.6269395977e-02 2.9974293771e-01
-2.6807806147e-01 1.3829202386e-01 -6.0017903062e-01
-3.3776159642e-01 8.5477681040e-02 -6.5821652785e-01
-2.8382702824e-02 -6.8770114567e-02 -9.4189634678e-02
2.3666503684e-02 -1.0379743731e-01 3.5377571811e-02
2.6551123792e-02 -6.0007474322e-02 -4.4785400402e-03
1.8438261518e-01 2.9682755436e-02 6.4361912523e-02
7.3986355906e-01 3.4099636870e-01 2.0853978909e-01
8.5306750229e-01 5.4243869952e-01 5.8000285951e-02
4.1202413253e-01 2.5903879698e-01 -6.9167360582e-02
2.3276913770e-01 -3.1528054996e-02 1.0078772549e-01
3.1215914704e-02 -5.1236246841e-01 4.6721025972e-01
-7.7568000387e-02 -3.3540322414e-01 6.6574942505e-01
1.7643056149e-01 3.2212622925e-01 1.5789038025e-01
5.1679715584e-02 6.7678917532e-02 4.1602076892e-02
-2.2099367020e-01 7.4962695778e-02 5.1415673017e-01
-4.6730878523e-01 -1.8446382316e-03 9.7123162586e-03
-8.5784406320e-02 -1.5240019446e-01 -2.4964851097e-01
4.2165828261e-02 -1.4934730737e-01 -6.9879070910e-02
-5.7783542717e-02 -5.1721451558e-02 1.7113400949e-02
2.1876261013e-02 4.5244995257e-02 6.2811576802e-02
6.0485904577e-01 2.4370227287e-01 2.9969088582e-01
1.2658303250e+00 6.8033408402e-01 4.3341782302e-01
7.0567045783e-01 6.2888034731e-01 9.7401452956e-02
2.4781602469e-01 2.5861283467e-01 -1.5327364924e-02
3.1539728414e-01 2.7507214113e-02 -1.3107051678e-01
5.5062883350e-01 -3.1954156417e-01 8.0515455788e-02
1.1087675542e-01 -2.3583584504e-01 3.2515368000e-01
-8.9678709807e-02 9.6891377587e-02 2.2819911303e-01
1.1987015872e-02 5.0994831698e-03 1.6281886794e-01
-5.2428665812e-01 8.8971198708e-02 7.6272410606e-01
-7.3653267121e-01 -4.7860358745e-02 5.7870951868e-01
-4.1576698111e-01 -2.0944271624e-01 -7.7505927953e-02
-5.2430818664e-01 -1.4466360114e-01 -1.5453047835e-01
-4.1309740663e-01 3.1088920577e-02 -6.9223877561e-02
-2.3287072948e-01 7.1160835058e-02 -5.1461742621e-02
1.2759462678e-01 6.2109757144e-02 5.5045419987e-02
2.3608343147e-01 7.6103701617e-02 7.4374972856e-02
-1.0755544879e-01 -2.8824274898e-02 2.7948008822e-02
1.3560021194e-01 1.5570502705e-02 1.7627275910e-01
-3.8744290219e-01 -9.1711348579e-02 -4.4944120927e-01
1.8738808026e-01 -3.5341157106e-01 6.0642813953e-02
-6.6498654370e-02 -3.4711233269e-02 4.6097830414e-01
-4.0058645954e-01 1.2104573317e-01 -3.6916666216e-02
-2.5604501503e-02 -4.4466358994e-02 5.7674182301e-02
-8.8082396046e-02 -5.3419064394e-02 1.2563994788e-01
1.0151292791e-01 -5.9048302905e-02 6.6892589898e-02
-7.0135084058e-02 -9.8832153310e-02 -3.9915881791e-01
-4.5338810480e-01 -1.5215909764e-01 -4.3231500984e-01
-1.7789670304e-01 -4.6205986661e-02 -1.5190143748e-01
8.3022372969e-02 -6.6493982944e-03 -5.4010964551e-02
-9.2362975333e-02 -4.1972823034e-02 -4.3439465152e-02
-2.4885884816e-01 -1.1191715973e-01 -2.9977040838e-02
-7.9842285053e-02 -8.5793295801e-02 3.4951392312e-02
2.8004142215e-01 3.6086042979e-02 1.7132098544e-01
9.1868563847e-02 -3.8834664999e-02 -8.1495382747e-02
6.8214009049e-01 -2.5103251895e-01 3.1120047207e-01
3.3825415462e-01 -1.8376837837e-01 3.9311852488e-01
-1.5038161588e-01 -2.7741065414e-02 4.1002552698e-02
-2.8055586641e-02 -5.5243664455e-02 1.7800046783e-02
-4.8523232374e-02 -6.5819242169e-02 3.3592990904e-02
-2.8117380511e-01 -1.0740010000e-01 2.2267452631e-01
-3.1266986345e-01 -6.6555267413e-01 -3.3149167963e-01
-2.1997551638e-02 -8.5555894637e-01 -7.8797157768e-01
1.5981862618e-01 -3.2643258892e-01 -3.8960108808e-01
6.5800031798e-02 -6.4631983963e-02 -9.9086847453e-02
-6.5794018220e-02 -2.7403927241e-02 -2.2722027446e-02
-1.0421623281e-01 -7.3494064855e-02 2.0809066378e-02
-8.0763215110e-02 -5.6759558301e-02 1.7416311850e-02
-1.6006903545e-02 -4.5433158205e-02 1.9119020336e-02
-1.7537851359e-02 -1.3147285516e-02 3.9666872950e-02
3.9194615772e-02 2.5706181384e-02 1.5329186627e-01
7.6809485238e-03 3.1700967940e-02 4.4984489852e-02
-1.4725512710e-02 -1.9752825853e-02 -7.3912039130e-03
-5.6288468067e-03 -6.1689326637e-02 9.1578428835e-03
-2.3041074644e-02 -2.4785012349e-02 -4.8216068149e-03
-2.9032581542e-01 -8.7715238707e-02 4.8730172349e-02
-4.8582303702e-01 -3.4173865891e-01 6.9803252929e-03
2.1498345487e-01 -8.8185221581e-01 -4.8688310418e-01
6.0335509095e-01 -9.4025954521e-01 -7.2802406322e-01
2.1841117686e-01 -3.5164455803e-01 -3.7396987228e-01
9.4002088747e-02 -1.2168803567e-01 -1.3265739891e-01
-1.7599361188e-02 -5.7532951571e-02 -4.5922956917e-03
-3.7894704635e-02 -3.7974552292e-02 -3.4220590716e-05
-3.3696197158e-02 -2.4119578974e-02 -1.7639442783e-02
2.4873796037e-02 3.8453960198e-03 1.4646447892e-02
1.5124246794e-02 -2.6275298240e-02 1.1497057348e-01
8.3750791754e-03 -6.3930796652e-02 6.4840163210e-02
7.1948599584e-03 -3.4685592943e-03 4.2409179300e-03
-1.0962710454e-02 -4.6542765090e-02 -4.1749597908e-03
-5.2245311576e-02 2.7139152836e-02 5.6046925338e-02
-5.1064605329e-02 1.1268971898e-02 5.1830312652e-02
-1.3199583552e-01 1.5823580323e-02 1.3843267228e-02
1.3637948206e-01 -2.6392556456e-01 -2.7586782504e-01
4.2214382899e-01 -5.7215159847e-01 -4.1180637078e-01
2.4429089893e-01 -5.2713045376e-01 -4.0505041018e-01
2.3854166756e-01 -4.1244898956e-01 -4.7535942405e-01
1.3121399482e-01 -1.1762710172e-01 -8.3096665496e-02
-7.9325462027e-03 -5.4936498469e-04 3.7032137611e-02
1.7732611834e-02 1.2733020118e-02 1.7526958421e-02
3.7203403620e-02 -1.6221845242e-02 5.4429621625e-03
-1.6552672452e-01 -3.9431177586e-01 3.2483956622e-01
-1.2956486420e-01 -4.8466651106e-01 2.7659060431e-01
6.5100488343e-02 -4.8592168722e-02 6.4423763303e-03
-2.9003780127e-03 -3.8918390662e-02 -1.9295172800e-02
-5.3673254271e-02 1.7138495729e-02 6.0472020176e-02
-8.4877920268e-03 -1.0025408417e-02 5.1823536867e-02
-2.1275212122e-02 -5.1869446465e-03 4.0377679117e-02
-8.1359306554e-03 -2.2934624960e-02 -2.8649290420e-02
1.7364549918e-02 -2.2064764154e-02 -5.6468018247e-02
-2.5675765125e-02 -1.4483527974e-01 -2.1075141519e-01
2.2038088025e-01 -2.2413049137e-01 -2.6103873563e-01
1.4469861758e-01 -2.3611595569e-02 6.8924380690e-02
-4.5598594491e-02 -1.0770641437e-02 1.6305746044e-01
-2.8273681181e-03 -2.0308884196e-02 1.7641554507e-02
1.1635237007e-01 -7.4335761038e-02 2.8251878266e-01
-2.9952621856e-01 -3.8014689805e-01 1.0325585334e+00
-5.3813596795e-01 -4.0966275536e-01 2.8940940232e-01
5.7873696447e-02 -5.2649549006e-02 -9.7109923413e-02
6.6047317497e-03 -4.5915480646e-02 -1.5314614348e-02
-6.9358303884e-02 -2.5589672053e-03 6.5724293216e-02
-3.6278472809e-02 -2.5354755178e-02 5.6004729389e-02
-5.7981940609e-02 -3.6974254852e-02 7.4143831237e-02
-2.0862367354e-02 -4.3614051208e-02 4.3790445206e-02
-6.9749217001e-03 -1.9960971487e-02 2.9704186048e-02
-3.9041668194e-02 2.0905473689e-02 3.1749341230e-02
1.1648102671e-01 2.0749778629e-01 3.3976767186e-01
-2.9229173219e-01 3.2720329840e-01 7.6169615460e-01
1.0539023192e-01 1.7700840742e-02 3.3121539152e-01
8.3557337789e-01 -1.4916141424e-01 -5.9739371098e-02
5.4762948690e-01 -8.6194811385e-02 2.0204080283e-01
-2.5414203215e-01 -1.6816862127e-01 2.2503398630e-01
-8.0728752347e-01 -9.5599308686e-02 -3.8039536784e-01
-4.8546686612e-02 -4.4429071149e-02 -1.1680263435e-01
-1.2926950492e-02 -4.6553719928e-02 5.9008355720e-03
-3.3984698256e-02 -5.9223789813e-02 5.0415100229e-02
-6.0180173950e-03 -9.5012282402e-02 -6.7363535783e-03
-1.6334885705e-02 -1.0250114007e-01 2.1890398992e-02
-1.6648670714e-02 -1.0394626189e-01 -1.9589063611e-02
1.0171897998e-02 -8.1842463381e-02 5.9523945678e-03
-1.3167551466e-02 -6.0218021070e-02 -1.1731802499e-02
-1.5745068819e-01 6.6952086618e-02 2.4693180875e-01
-6.9229425271e-01 2.5023360893e-01 9.2143163591e-01
-1.4915205197e+00 2.1724915463e-01 9.8713207971e-01
-1.9178885997e+00 2.0611229045e-01 3.6364712865e-02
-1.6064287274e+00 1.5981251180e-01 -7.1984600251e-01
-6.4901981386e-01 -1.7404300943e-02 -5.3319655242e-01
-4.0239083158e-01 -4.4468561251e-02 -3.3002112763e-01
-9.2268567128e-03 -5.6936171700e-02 4.3952440423e-03
-4.7954913279e-03 -6.4492803583e-02 3.2356518310e-02
-2.0860459105e-02 7.8429387727e-02 4.0015502342e-02
-7.0535757272e-02 9.3281064270e-02 3.2561202217e-03
-1.5276267397e-01 6.7849317213e-02 -3.6251768407e-02
-9.7094272391e-02 4.9851423878e-02 -1.0702174042e-01
8.3272785523e-02 -7.8919976916e-02 2.4541585545e-02
5.3574781220e-01 -3.1059592512e-01 2.7036338495e-01
1.0397023424e+00 -5.9220017189e-01 4.2767677409e-01
1.3096276133e+00 -7.4076342473e-01 3.8440615835e-01
1.2970552505e+00 -7.3545748344e-01 1.8239846716e-01
1.5339268018e+00 -6.6839961520e-01 -1.2426194199e-01
1.4665955547e+00 -4.9750818711e-01 -5.4745528053e-01
4.1361510655e-01 -2.5643422554e-01 -2.4312773517e-01
-1.8415378122e-01 -1.4395986334e-01 1.5343536798e-01
-1.3935096851e-01 -1.4318168070e-01 1.1105769548e-01
-8.4156635130e-02 -1.0873398550e-01 4.7857111521e-02
1.0668865882e-02 7.7811865064e-02 5.0494260740e-02
-7.9136081416e-02 7.1189912780e-02 1.5524972452e-02
-1.0655886823e-01 1.5293372931e-02 -1.4191689690e-02
1.2414948240e-01 -2.7862335572e-02 5.5535552960e-02
6.6342670080e-01 -2.7381198837e-01 4.2784194337e-01
7.8186679251e-01 -4.0464228490e-01 4.6584647173e-01
4.8984982346e-01 -3.8977810954e-01 2.6455737173e-01
3.0201523082e-01 -2.9325270935e-01 1.2034159860e-01
1.7996386372e-02 -1.2018781719e-01 8.6870389117e-02
5.1878686266e-02 -7.2180937779e-02 2.0158172901e-01
5.1720515592e-01 -1.7392511189e-01 -1.2768753447e-01
9.3616480209e-01 -4.0867842185e-01 -7.6798166200e-01
1.2059306060e-01 -2.0213810928e-01 -1.8798357522e-01
-1.0153919812e-01 -1.4180678501e-01 8.9564430175e-02
-6.6612107600e-02 -1.1257764400e-01 5.0344493437e-02
-2.7700414226e-02 7.3722078684e-02 5.3429263710e-02
-7.9841966844e-02 7.8914758721e-02 6.7378583768e-04
7.7412381776e-03 -3.0776179603e-02 7.5706570639e-02
4.0450946906e-01 -1.2652392508e-01 2.4652412845e-01
3.2808932436e-01 -1.6583235729e-01 2.1466463084e-01
-1.1322185633e-01 -6.5233064387e-02 -3.4946780973e-02
-1.9769347949e-01 -5.4711190041e-02 -3.8598150216e-02
-6.6310279687e-02 -4.8923241595e-02 3.4772704076e-02
-6.2625996324e-02 6.1850582929e-04 5.3195456191e-02
-1.1562475919e-01 6.5391342533e-03 2.2250882601e-01
1.3536582137e-01 -2.6799263075e-01 3.0982548348e-01
8.6778835494e-01 -7.8542028695e-01 -2.8579608409e-01
3.3432534590e-01 -3.5104074583e-01 -3.7924366292e-01
-3.3741990866e-02 -8.1693544292e-02 -4.4500041791e-02
-6.6547859884e-02 -8.0596391948e-02 2.1303390243e-03
-2.3943986924e-04 5.4690236417e-02 6.2130535365e-02
2.8148480855e-02 2.5155383849e-02 5.9546298436e-02
2.3492718377e-01 -5.8045812741e-02 2.0485723216e-01
6.6999460727e-03 6.3535129764e-03 -9.0537337713e-02
-4.6200196048e-01 1.8727684315e-01 -4.2720788582e-01
-4.0337277297e-01 1.4488559180e-01 -2.9618110778e-01
-1.1280862338e-01 -2.5923099949e-02 -7.9716567496e-02
-1.7104440203e-02 -4.9320786251e-02 -1.6482722924e-02
-1.2742159081e-02 -4.3555913160e-02 -1.2969840033e-03
1.9980271589e-02 -1.1136036467e-01 6.8853691432e-02
6.9032842858e-02 -3.9716708797e-01 1.8706363056e-01
2.9237867218e-01 -9.2800172490e-01 9.8798833704e-02
4.2114422149e-01 -4.9333093158e-01 -2.9672933678e-01
2.0872966789e-01 -3.7814983767e-02 -1.7588419249e-01
-3.3335534417e-02 -7.5308678513e-02 -3.7363473024e-02
3.3458062412e-02 -1.6428357038e-02 1.1408251684e-01
1.1744552005e-01 -7.0744162763e-02 1.8890681916e-01
-8.7021879932e-02 4.8852607258e-02 -1.1798064265e-01
-6.1128516199e-01 3.0822831858e-01 -6.3707175912e-01
-5.7922701013e-01 3.1101163732e-01 -5.2331169478e-01
-1.8483261957e-01 6.5897377021e-02 -1.6944581571e-01
-3.9795571266e-03 -4.2965834669e-02 -3.8679911829e-02
5.5131166579e-02 -7.3498383294e-03 -1.9688835973e-02
6.1524392074e-02 9.3470423397e-02 -6.4667994183e-03
4.9055784018e-02 1.4972380577e-01 3.9812893576e-02
-4.6624412938e-02 -1.3982157262e-01 3.8801882032e-02
-9.3226061411e-02 -6.5769420106e-01 -3.9733094421e-02
5.2988823648e-02 -3.2775917171e-01 7.7555474991e-03
1.7043316753e-01 1.3747565948e-01 1.9701981717e-01
-3.2845363010e-02 -3.1384321726e-02 2.1110219334e-02
7.2658104251e-02 -7.3137947669e-02 2.0794194473e-01
-1.1378387429e-01 1.4785280121e-02 -1.3216567110e-01
-6.2159917468e-01 2.8590015822e-01 -7.8554196380e-01
-6.2340079236e-01 3.3273140268e-01 -6.7026981014e-01
-2.2771466803e-01 8.8316097367e-02 -2.0622484950e-01
-2.4700621491e-02 -4.6318886000e-02 -2.9198529453e-02
7.5932690423e-02 1.6898828248e-02 3.1959027623e-02
3.0306515411e-01 1.8839333311e-01 1.2648607501e-01
5.1872059773e-01 4.4832833657e-01 1.0587334509e-01
3.7902214714e-01 4.6358987416e-01 1.5814071318e-02
6.8152821448e-03 -5.3304193487e-02 1.2844297511e-01
-1.5897070947e-01 -4.0277343793e-01 2.5560473696e-01
-2.2232407800e-01 -3.5163931411e-01 6.6164699135e-01
-2.7389246986e-02 1.4086526941e-01 5.3104927331e-01
-2.7425282505e-02 2.6250910413e-02 4.7723679407e-02
8.8793381588e-02 -8.3686350282e-02 9.7927552603e-02
-3.6606448390e-01 1.3276057082e-01 -6.4435875125e-01
-5.7173615029e-01 2.2832098739e-01 -7.8759115424e-01
-1.6951673417e-01 1.2099891547e-01 -2.3524575765e-01
9.1303564859e-04 -2.6650656760e-02 1.9878581668e-02
1.5267136717e-01 5.7452744197e-02 7.9286700327e-02
5.3585200479e-01 2.9531218072e-01 3.3966354779e-01
1.2233319166e+00 6.4580100051e-01 5.3591468725e-01
1.4270230336e+00 9.7715187963e-01 2.3952894205e-01
8.0457753788e-01 7.1275456323e-01 -5.0753561401e-02
2.8692445282e-01 7.9181316995e-02 1.2110377464e-01
4.5436823017e-01 -1.6299573529e-01 2.0809586310e-01
-1.0446897478e-01 -1.0287669191e+00 6.2442461605e-01
-2.8403698797e-01 -6.7190963285e-01 4.3853453804e-01
-4.1697177099e-02 -8.7003128079e-02 5.7093239995e-02
-8.8505036586e-02 -1.0786503376e-01 2.3358731635e-01
-4.6871609211e-01 -3.1630823320e-01 -1.9059646458e-02
-3.2207349631e-01 -1.6039991740e-01 -1.5700761464e-01
7.0836850897e-02 8.5498952368e-02 -8.6629576467e-02
3.2566092746e-01 1.1883270481e-01 7.8291214416e-02
8.0373695801e-01 3.4125045939e-01 3.5107226154e-01
1.0396725372e+00 4.6302481441e-01 6.1217937370e-01
1.0873950354e+00 4.8386803052e-01 5.4224029699e-01
7.9707401751e-01 4.8044034700e-01 1.6864454013e-01
3.4147496047e-01 2.5197625140e-01 -7.8773044950e-02
-1.9142193491e-02 8.3499590393e-02 -3.8739954260e-01
8.0843900841e-01 1.8877155207e-01 -5.2444135397e-01
1.3102266088e+00 -4.7617786285e-01 -4.5654441168e-01
2.3388729281e-01 -4.7920793769e-01 -1.5371199027e-02
-1.8470320857e-02 -6.5674524084e-02 1.0154477652e-01
-2.1596086889e-01 -1.3154120497e-01 3.4609672905e-01
-4.6450264601e-01 -5.0137010696e-01 3.8065938971e-01
-4.5416445306e-01 -2.9816470337e-01 -7.8184209333e-03
-3.0439962178e-01 5.9762371261e-02 -1.5968709914e-01
2.6145256685e-01 1.6516236637e-01 5.5975424486e-02
5.6506339616e-01 2.2353345000e-01 1.9958896339e-01
4.3196867802e-01 1.6664950557e-01 1.7478002202e-01
1.9955975313e-01 8.3503049993e-02 5.7506785072e-02
5.9777966263e-03 -5.1039984054e-03 3.6402694152e-02
8.8748370496e-02 -2.8381771106e-02 1.0447580229e-01
-2.0110665636e-01 9.2034324169e-03 -4.1013945945e-01
2.9719908836e-01 -2.8231402171e-01 -3.5818023796e-02
2.4119738814e-01 -7.8670780710e-01 2.0277043463e-01
-2.7201913480e-01 -2.9456072288e-01 -1.7791316610e-01
-4.9375768950e-02 -6.4795455931e-02 3.9579792971e-02
-2.5071865863e-02 -1.2316043948e-01 2.6001898263e-01
2.6096591400e-01 -3.9268984284e-01 5.3357143370e-01
2.0321286931e-01 -3.0865716621e-01 -4.0096551082e-01
-1.5723532733e-01 -7.8520067503e-02 -4.1862982988e-01
5.7527653674e-02 -2.4121466205e-02 -9.3998856455e-02
1.2476665423e-01 -1.5407948407e-02 -3.8720066641e-02
8.7571132005e-02 4.7032025406e-03 -3.8925078356e-02
-4.1995828199e-02 -2.1806879763e-02 -2.3261329594e-02
-8.9588527396e-02 -7.1606722110e-02 1.7301415233e-02
1.3782054103e-01 4.8522480000e-04 1.1713238455e-01
2.8360342196e-01 7.2463269766e-02 -6.3354781563e-02
9.5398449841e-01 -4.5801092190e-01 1.9314519563e-01
5.7889927786e-01 -8.2259789340e-01 3.5088791151e-01
-1.5507482604e-01 -1.5838462375e-01 2.3584708584e-02
-4.5675505492e-02 -5.2720011163e-02 1.0459673982e-02
-6.0124978797e-02 -6.5493692327e-02 1.7095603230e-01
-3.0508001655e-01 -1.4906927328e-01 5.7390813185e-01
-5.0912397938e-01 -4.1089348473e-01 4.8985874236e-02
-1.4862785274e-01 -2.7868136880e-01 -3.4798782515e-01
1.4585273215e-02 -6.1571377205e-02 -1.8743364844e-01
-5.5766773413e-02 -2.6038717550e-02 -6.6756732405e-02
-5.3938149629e-02 -1.8258279635e-02 -3.2302882991e-02
-7.9174702008e-02 -5.4853335834e-02 4.8527245222e-03
-8.5349774740e-02 -5.8590641544e-02 1.0779325083e-02
-2.9812563705e-02 -4.2338604154e-02 2.8727251133e-02
-1.5170959932e-02 2.8828835265e-02 1.1816932957e-01
1.3465518179e-01 -2.0197752131e-01 1.0777194863e-01
1.3109120589e-01 -3.5961310313e-01 -1.6991286839e-01
-1.7480207682e-02 -3.5240768469e-02 -1.9203657702e-01
-2.2490078559e-02 -6.5370614367e-02 -1.6484360629e-03
-2.6331324834e-02 -3.4648318750e-02 3.5934745257e-02
-4.0491793255e-01 -8.5996627667e-02 1.5624728387e-01
-9.7626811616e-01 -3.8729003244e-01 5.6936586764e-01
-3.1930970540e-01 -4.8384706078e-01 4.6098479328e-02
-2.8012961196e-02 -3.5027454337e-01 -2.6682830881e-01
-3.6210259129e-02 -7.1026383535e-02 -1.0642756876e-01
-3.3599248835e-02 -1.5929673320e-02 -2.4946357914e-02
-4.1675077257e-02 -2.0386454840e-02 5.4341657728e-03
-1.1640727908e-02 -1.2973707870e-02 1.1609364775e-02
-2.9517050281e-03 -9.4367339001e-03 5.8356387618e-03
1.3308078277e-02 2.4650608940e-02 8.0567726338e-02
-2.5101241953e-02 -3.8293640082e-01 3.3172602080e-01
-3.1716266039e-02 -6.4271830455e-01 4.5196560735e-01
2.2675292717e-02 -1.1129005913e-01 8.9057489850e-02
-1.7637987130e-02 -5.6260317224e-02 -7.3854265256e-03
-3.2993330571e-02 -5.0907955967e-03 6.2693614615e-02
-7.5579945954e-02 -1.2580628321e-02 6.8044353491e-02
-3.0991988491e-01 -4.4282023779e-02 2.1801172168e-01
-3.4903030456e-01 -1.9259308535e-01 8.8264556273e-02
-3.0567908526e-01 -2.7986760059e-01 -2.0886209634e-02
-1.8927208225e-01 -1.6707226384e-01 -1.6850478310e-01
-3.1664882756e-02 -6.8080326948e-02 -8.6970344791e-02
-5.5201320992e-03 -2.9305732561e-02 -6.3569572648e-04
-2.7538096196e-02 4.2033734060e-04 1.7028453908e-02
9.3412703506e-03 6.5396288292e-03 1.6697273121e-02
-2.1126631286e-02 -6.0461540879e-02 5.4141663656e-02
-2.1035993138e-01 -8.5736112700e-01 7.1425930975e-01
-2.2387053091e-01 -1.2988728753e+00 8.9599913165e-01
8.7630499915e-02 -2.8767550914e-01 1.8290908335e-01
-8.1315762499e-03 -4.1312500020e-02 -1.3830626927e-02
-3.5416854995e-02 -6.9288876762e-03 6.4213760506e-02
-6.9347706500e-03 -2.7681127255e-02 3.3642661939e-02
-1.2978905051e-02 -3.1808176418e-02 3.3883915042e-02
-1.4105764984e-01 -1.4640029971e-02 1.3064625274e-02
-2.7310138636e-01 -2.0965233180e-03 2.4373649764e-02
-4.0647920959e-01 -9.3072982943e-02 1.5659985654e-01
-1.3739230555e-01 -1.1701553037e-01 1.6222114425e-01
-8.1536889880e-03 -5.5163620128e-02 3.9328678285e-02
-4.3395923427e-02 -4.8869156451e-02 6.0162526987e-02
-2.5634279935e-03 -5.4973738271e-02 3.2015819275e-02
6.6273012093e-02 -1.0633176399e-01 1.7796447916e-01
-2.3686919769e-01 -5.1616110445e-01 5.3373750115e-01
-6.4096830339e-01 -7.4109121663e-01 -3.1873876333e-01
6.7249587068e-03 -1.8988532885e-01 -3.0517052030e-01
5.7485612318e-03 -5.0543470957e-02 -2.2680035639e-02
-4.5960068479e-02 -2.2275226766e-02 6.4014948618e-02
-2.5364650257e-02 -2.2366982317e-02 3.1855856134e-02
-3.0304074967e-02 -5.0876761501e-02 4.4460713608e-02
-4.4569274915e-02 -4.9235253285e-02 2.3682159726e-02
-6.9227668585e-02 -2.7325440195e-02 3.7883434823e-02
-2.6109331833e-01 -3.5070255182e-02 3.2016348570e-01
-4.1533889142e-01 2.3588117053e-02 5.8499429164e-01
-6.5347008672e-01 -5.9427890521e-02 5.1820452907e-01
1.2060742101e-01 -1.5092361656e-01 2.2280140550e-01
7.7114852637e-01 -7.1435401438e-02 7.4317064544e-02
3.0475124507e-01 -7.1030207528e-02 1.6420965283e-01
-2.5189770400e-01 -2.4530330072e-01 -6.0242700811e-02
-7.3163070005e-01 -2.3951904405e-01 -8.5271029723e-01
-1.1238435433e-01 -7.5628831557e-02 -2.6233438876e-01
-1.1628277863e-02 -5.1947466618e-02 8.5203219210e-03
-2.0550511933e-02 -7.5697111769e-02 3.9059962458e-02
-1.7110257902e-03 -1.0195574294e-01 -2.5008510026e-02
-7.7378801109e-03 -1.2243058510e-01 1.8335573683e-02
-4.6525185323e-02 -1.0830525792e-01 -5.3727683197e-03
-6.5230891001e-03 -8.6440900773e-02 1.8421942133e-02
-7.9956460437e-02 -4.7369645521e-02 2.2730954036e-02
-4.1965256138e-01 2.3461881758e-02 3.4903061684e-01
-1.1671145956e+00 -1.4485723967e-01 8.8867908231e-01
-1.5633498426e+00 -4.7863372473e-01 8.1494442063e-01
-1.6257235291e+00 -5.5629788439e-01 6.6212970592e-02
-1.4334785748e+00 -4.0563962772e-01 -5.1137236663e-01
-7.3763666174e-01 -2.9003366515e-01 -4.7904585546e-01
-3.2218027935e-01 -1.1355402511e-01 -2.2530945839e-01
-1.3428001202e-02 -6.4163540836e-02 2.4052153403e-02
5.5115613392e-04 -7.8481475249e-02 4.5572626102e-02
-2.9062286122e-02 7.0418543287e-02 4.2833753193e-02
-1.0054439437e-01 1.0705254416e-01 3.3830549084e-02
-1.7438402097e-01 8.3000424396e-02 1.9472417154e-02
-1.7885964878e-01 1.0677203141e-01 -3.4838294312e-02
-9.8706715530e-02 3.1604010669e-03 -2.2727187115e-02
3.4093577112e-02 -1.0561706673e-01 3.1366406399e-02
2.6386012672e-01 -2.6886640661e-01 1.0270910992e-01
4.5320195451e-01 -3.8194514666e-01 1.3228758900e-01
5.6823573097e-01 -4.5875696310e-01 1.4004728697e-01
9.8994438340e-01 -6.0617794253e-01 4.8573182419e-02
1.2284221120e+00 -7.0360110735e-01 -3.9989419212e-01
4.1270282230e-01 -3.6862356443e-01 -2.5555004040e-01
-1.8602424898e-01 -1.2742130333e-01 1.2851356731e-01
-1.5003799284e-01 -1.1147227478e-01 1.0098240281e-01
-1.1084670269e-01 -9.4967995599e-02 3.7451153664e-02
-2.6699669943e-02 7.2341188117e-02 4.6570860753e-02
-1.2415617624e-01 8.5282121459e-02 5.4422484676e-02
-1.7670668992e-01 2.9430009633e-02 4.1849791094e-02
-9.5070216205e-02 3.9263185944e-02 2.0439647522e-02
1.7951862965e-01 -1.6070530592e-01 1.7127253525e-01
4.1493113117e-01 -2.9793083022e-01 2.2725304721e-01
4.2023862677e-01 -4.0301454694e-01 2.1217310726e-01
3.7987067962e-01 -4.0991870590e-01 1.6954738321e-01
2.8230758226e-01 -3.0183820326e-01 1.7113305535e-01
5.4968920295e-01 -4.2407420158e-01 1.5324511440e-01
1.2126700722e+00 -8.9832917103e-01 -6.3911396501e-01
1.1181967679e+00 -8.7843180262e-01 -1.2286331412e+00
7.1303857403e-02 -2.3990870872e-01 -2.1179686266e-01
-9.6788179844e-02 -1.1106452221e-01 5.7893446425e-02
-8.9668770068e-02 -9.1653000450e-02 3.4025866814e-02
-5.6280879460e-02 7.6639237534e-02 3.2504050214e-02
-1.5347851751e-01 9.6042964402e-02 1.1601481019e-02
-1.1791916708e-01 1.0711795971e-03 4.3622007653e-02
1.7767687964e-01 -9.0352394873e-02 1.5745329789e-01
3.7052411980e-01 -2.6111329074e-01 2.3167689184e-01
1.6206483701e-01 -1.3959518873e-01 8.3734632274e-02
-3.1046573828e-02 -7.0743546888e-02 3.0966160649e-02
-1.7678187645e-01 6.7553908716e-02 4.1171946029e-02
-1.5182998200e-01 3.3045945052e-02 3.1952022367e-02
-2.7171129536e-02 -1.6209002464e-01 1.3537667248e-01
9.6758377089e-02 -4.3691469765e-01 -2.6333399895e-02
7.5120390209e-01 -8.8572282505e-01 -8.8411140379e-01
6.9962168457e-01 -5.2616026536e-01 -7.4938703309e-01
1.1587862841e-01 -1.0469811243e-01 -1.6760094931e-01
-7.6540482006e-02 -6.7015927033e-02 -2.2943949557e-02
-1.8318357898e-02 6.3506308375e-02 2.7158243633e-02
-4.9277486434e-02 9.1606455802e-02 2.1444906004e-02
1.0565027571e-01 -4.2798659974e-02 1.2980232382e-01
1.6762550587e-01 -8.7755741840e-02 1.0260762001e-01
-1.5527791330e-01 8.4345320576e-02 -1.7707329072e-01
-2.8763661374e-01 2.3703583059e-01 -2.2962599633e-01
-1.1480127055e-01 1.3820462881e-01 -9.5730289010e-02
-1.3294813502e-01 2.1384144538e-01 6.1208969142e-03
-8.3807614162e-02 1.4322334340e-01 -2.7882169474e-02
-1.6242912387e-02 -1.2116495190e-01 7.3992891088e-02
-1.5824236768e-01 -3.1469428266e-01 2.6815847059e-01
3.8620247857e-01 -7.4137408639e-01 -1.5844169501e-01
1.7531076452e+00 -8.3538068834e-01 -1.1640557618e+00
1.0154551511e+00 -2.2567329195e-01 -7.5178308960e-01
1.6169998703e-02 -7.9174368021e-02 -1.2457260452e-01
1.2405555852e-02 -1.3735748173e-02 7.4719349540e-02
2.9964350304e-02 4.9429720981e-03 8.0593611288e-02
-1.8790922023e-02 2.4099203115e-02 -2.0436681614e-03
-3.5409909467e-01 2.6851878655e-01 -3.5107060325e-01
-6.0102796003e-01 5.2466102783e-01 -5.2500787928e-01
-4.1240340366e-01 4.9636283528e-01 -3.1071260838e-01
-1.0100998549e-01 4.1814368475e-01 -5.3157849676e-02
1.4388132558e-01 6.6808575404e-01 1.8568345022e-01
2.1220630785e-01 8.0766171669e-01 2.1357064178e-01
1.1263749099e-01 6.1444187286e-01 2.0873016218e-01
-1.2947246941e-01 -7.3367095768e-02 3.3603808564e-01
-2.3969849341e-02 -4.7726565824e-01 2.0818277201e-01
5.6628283742e-01 -2.9717847256e-01 -3.2136158663e-01
6.4406917028e-01 -1.2096440163e-01 -4.1159429655e-01
-8.0096116813e-03 -7.3487215842e-02 -1.0055220753e-01
1.5994333128e-02 -3.9797926251e-02 1.0392116899e-01
-7.2374828379e-02 6.5683790880e-02 -5.9289298424e-02
-3.9153261878e-01 2.6487785301e-01 -4.3251954477e-01
-5.9603826001e-01 5.5209843445e-01 -5.7952739456e-01
-4.2669950719e-01 6.1942228287e-01 -4.3624943449e-01
-9.4338956063e-02 4.8504630811e-01 -9.3073014479e-02
3.7895971001e-01 8.3190778326e-01 3.3388120643e-01
6.9854752910e-01 1.2996564358e+00 6.1871186554e-01
6.2371749594e-01 1.0942168751e+00 3.7115506980e-01
4.6867802844e-01 7.8611642272e-01 2.0508550679e-01
6.1773373638e-02 -3.3660922047e-01 4.2910318805e-01
5.2482541234e-02 -5.0018382870e-01 3.3468332093e-01
-1.3184196020e-01 -3.1288239937e-02 2.6468598147e-01
-1.1713074562e-01 1.8626461460e-03 2.4749910885e-01
-7.5708375227e-02 -5.3149856740e-02 1.1982655033e-02
6.5389572204e-02 -3.4882396863e-02 2.0447467956e-02
-1.1505558162e-01 7.5228404635e-02 -2.1158204545e-01
-2.7467423877e-01 1.6475897760e-01 -2.9077467352e-01
-1.5688811213e-01 5.4868604060e-01 -2.5623238029e-01
-7.6203966927e-03 4.7631775639e-01 -9.4583723268e-02
3.6689058749e-01 5.5768496425e-01 2.3922449428e-01
9.4085095598e-01 1.1709950337e+00 7.0497360652e-01
7.9973470128e-01 9.5965547315e-01 5.7905310252e-01
4.9808701413e-01 5.2463405287e-01 1.7112234308e-01
3.7283361045e-01 4.3847732688e-01 7.3836552654e-02
3.7963832920e-02 -1.2567112706e-01 1.3236158181e-01
6.6045893183e-01 2.9420089107e-01 -5.8031767638e-01
5.4973596111e-01 2.7699997566e-01 -7.4830216685e-01
-4.2085963073e-02 -1.6590877622e-01 -1.4520818771e-02
-5.4415315852e-02 -8.3234747723e-02 1.4932034584e-02
7.8999460493e-02 -2.8488646088e-03 -7.8389678542e-02
4.4785700828e-03 -9.4507105386e-02 -1.1692980647e-01
1.1318680699e-01 -2.5803324211e-03 -1.4944664837e-02
2.9580623249e-01 4.1442119672e-01 -1.2097193875e-01
3.2531447305e-01 2.1999277067e-01 8.7279595826e-02
7.8147894898e-01 5.4085810951e-01 3.8673578435e-01
7.3059368980e-01 5.9606359282e-01 4.6670018663e-01
4.1337713333e-01 2.9234274253e-01 2.1853490021e-01
3.2517609390e-01 2.6215269477e-01 1.1087826429e-01
1.0656856560e-01 1.0672165933e-01 -1.0158377002e-01
-8.4466472449e-02 3.8723982904e-02 -8.1767439553e-01
4.5823394284e-01 1.8902442029e-01 -1.4730547157e+00
1.1179909646e+00 -2.4623615940e-01 -2.1029558180e+00
2.6226653336e-01 -2.4523032288e-01 -5.1681380398e-01
-5.2148318187e-02 -6.3729946867e-02 1.4266048237e-02
1.0155010625e-02 4.0990518568e-03 -6.6439052218e-02
-6.1385379240e-03 -1.2017985899e-01 -1.0764282414e-01
1.3833539561e-01 -7.5245441785e-02 -9.3570670269e-02
1.5501438916e-01 9.8364895470e-02 -1.3557728448e-01
1.3956120728e-01 2.3118608435e-02 3.8397736715e-02
2.8062770696e-01 1.2489299047e-01 9.4199549794e-02
1.3411949342e-01 9.0406489341e-02 2.5707689262e-02
2.7957075030e-01 2.1775989375e-01 2.4755834558e-02
2.3996834597e-01 2.5833943690e-01 6.6423617062e-02
-1.1753522954e-03 -1.4580718144e-02 -8.4966641568e-02
2.1359075938e-01 3.3857748009e-02 -8.2038602389e-01
6.6964295697e-01 -3.1054920799e-01 -6.4138908234e-01
3.5104818237e-01 -1.1790407762e+00 -2.8986723307e-01
-4.9156767218e-02 -3.8210440931e-01 -1.3197853305e-01
-7.1439015862e-02 -5.3573855708e-02 2.2396139157e-02
-4.9351656352e-02 -7.6092025913e-02 1.0980286867e-01
-1.2420012404e-01 -2.4616820251e-01 3.0249275055e-01
-4.6231899942e-01 -2.9088968732e-01 -4.1741477334e-01
-5.0458934711e-01 -2.3347438739e-01 -3.2791874411e-01
-2.5931961693e-01 -1.1814529029e-01 -1.3097287902e-01
-1.7195278607e-01 -9.5441929972e-02 -9.2983945234e-02
-5.7351014159e-02 -6.6136974938e-02 -5.7676004755e-02
6.6163829303e-02 2.4299235929e-02 2.3039189655e-03
2.3433067110e-02 -1.3614462955e-02 2.4496370984e-02
-1.5976993084e-02 -4.5982368368e-02 6.4143880071e-02
3.2309814300e-01 4.2274903020e-02 -5.2436903176e-02
8.8972099942e-01 -5.7588531822e-01 5.3590334207e-01
4.2602965394e-01 -1.1114322283e+00 1.4063897071e+00
-1.6332463499e-01 -1.7183130946e-01 5.2412880456e-01
-7.2757722232e-02 -1.9840999142e-02 1.5926430606e-02
-3.0837971873e-02 -6.4911038780e-02 6.3721469184e-02
-2.9187329641e-01 -2.4278576781e-01 1.2002333327e-01
-7.3624816968e-01 -6.2963479700e-01 -4.2780911778e-05
-3.6628118968e-01 -2.6853769633e-01 -2.0270575272e-01
-8.1928792694e-02 1.2956772018e-02 -2.4266323426e-01
-1.2384655169e-01 -1.4516413710e-02 -7.2043350439e-02
-8.1048011904e-02 -2.4052786124e-02 -3.3177325438e-02
-6.6025499253e-02 -5.4364925973e-02 7.7695850131e-03
-3.9441137847e-02 -6.0136322592e-02 1.6366490009e-02
-2.8518634669e-02 -4.8604466999e-02 4.9135369529e-02
-8.5492974907e-03 1.0827604450e-02 1.7928159421e-01
2.0010862956e-01 -4.8800652842e-01 6.2040935280e-01
1.9519199576e-01 -6.5063273666e-01 8.8333563557e-01
6.5112392494e-05 1.1124025485e-02 2.1901442854e-01
-3.7164578833e-02 -2.7486809150e-02 -3.9472145239e-03
-4.9279179411e-03 -5.0057643718e-02 3.5873801310e-03
-2.4148221985e-01 -1.7968889665e-01 6.4971977575e-02
-8.3269275969e-01 -6.4967814190e-01 4.9887642726e-01
-4.3782305088e-01 -4.4964281110e-01 5.3280336625e-02
-2.5545942931e-01 -2.1008465898e-01 -1.2462082586e-01
-1.3316588036e-01 -2.3500798704e-02 -1.1646908552e-01
-3.5050845918e-02 1.3895775634e-02 -7.4396793223e-02
-5.3270600633e-02 -1.2964052478e-02 -1.7074078555e-02
-3.1260306562e-02 -7.8916522497e-03 -1.1751747558e-02
-7.2419404287e-03 -1.4208846837e-02 9.0499637865e-03
7.2561643674e-03 1.0938161242e-02 9.5622406171e-02
2.0674021767e-01 -4.1747036930e-01 6.5698776586e-01
3.4940797611e-01 -6.4969693253e-01 1.2049439707e+00
1.5410754217e-01 -5.7297516749e-02 3.5355066175e-01
-2.5881295398e-02 -3.1781735922e-02 -8.7171241766e-03
-2.2334690258e-02 -2.7982237342e-02 3.4943343351e-02
-6.1017663040e-02 -4.4089981418e-02 3.1255245760e-02
-2.6147679884e-01 -1.6421745547e-01 1.7508367713e-01
-4.7487556243e-01 -3.5119005560e-01 1.8566358246e-01
-5.5801341313e-01 -5.1682852895e-01 2.1432602314e-01
-2.4435868685e-01 -2.0483021373e-01 -1.7262435708e-02
-1.8771619133e-02 -5.4012645817e-02 -5.5273966812e-02
1.3818894370e-02 -2.2926413748e-02 3.3644174523e-02
5.2826107473e-04 1.1321586749e-02 2.5338488711e-02
1.7193355138e-02 -2.6191502407e-02 3.5783337610e-02
-1.0869791580e-02 -5.5468119828e-02 9.2513565721e-03
4.1250821995e-02 -5.7059562856e-01 3.6833757821e-01
1.0756497299e-01 -8.6591797561e-01 4.8060242533e-01
1.6037289207e-01 -2.0912950653e-01 -7.1168301037e-02
-1.6277775871e-02 -3.2967016781e-02 -3.9912057978e-02
-2.2918209841e-02 -3.5390707004e-02 3.1919949913e-02
7.8176243663e-04 -5.1840888850e-02 1.0012427326e-02
4.1510848202e-03 -7.3086926302e-02 5.9931669903e-02
-1.1979202503e-01 -1.2073461226e-01 7.7743241040e-02
-3.3097971167e-01 -2.6965781606e-01 1.5669356809e-01
-5.0761112561e-01 -3.5333445481e-01 4.1180169756e-01
-3.0841661931e-01 -4.2950906340e-01 4.0222549549e-01
-5.7657767146e-02 -2.1920276740e-01 2.0305446912e-01
1.3198794945e-02 -1.1254641657e-01 1.3885560310e-01
8.4406408293e-02 -9.2273228995e-02 1.3713390681e-01
2.5331959333e-01 -1.0693518073e-01 1.3395209396e-01
1.2544804532e-01 -3.4502948377e-01 -2.6437209894e-02
-4.8683435049e-01 -5.7343237206e-01 -1.2646711539e+00
-5.0455136568e-02 -1.5972614713e-01 -6.4924905251e-01
-2.0674192135e-02 -5.1750776615e-02 -4.0859134724e-02
-2.5029108248e-02 -4.6187594084e-02 5.6921236024e-02
-3.9448373992e-04 -5.6967832013e-02 5.7686095015e-02
-4.4559434739e-03 -7.1235307876e-02 8.5941451309e-02
-1.7470326245e-02 -7.8587739045e-02 7.7826245212e-02
-6.6353726761e-02 -8.9491397015e-02 9.5929495239e-02
-2.8688130331e-01 -2.4560039532e-01 4.3650765248e-01
-5.7870232344e-01 -5.7341509787e-01 8.1398237814e-01
-7.3332182312e-01 -6.0432555519e-01 6.5112764006e-01
-3.1391387034e-01 -4.6672594009e-01 4.6326340802e-01
5.4845613625e-02 -2.7604075208e-01 2.7240136705e-01
-5.8245074513e-02 -3.0426455228e-01 3.7575418619e-02
-3.5471885885e-01 -4.6614039830e-01 -2.2869890767e-01
-4.8594441112e-01 -3.7112698036e-01 -7.9153398506e-01
-1.0012895419e-01 -9.7480580884e-02 -2.4400757108e-01
-2.2883959023e-02 -5.0815930529e-02 -4.0799429508e-05
3.4276137615e-03 -8.6090841456e-02 2.9711153875e-02
2.9067325884e-02 -1.2003109725e-01 -5.2423357476e-03
4.3294237478e-02 -1.3846598509e-01 7.5286801081e-02
6.9349847567e-04 -1.2416068446e-01 5.9716689570e-02
2.2859831151e-02 -9.0572257413e-02 4.9992090903e-02
-4.5590679493e-02 -7.2735888382e-02 3.2963133942e-02
-3.3883649789e-01 -1.8235625993e-01 2.8472961942e-01
-9.0492559366e-01 -4.9169010383e-01 6.5232051223e-01
-1.2177981046e+00 -8.2928925815e-01 7.2214720104e-01
-1.1984777145e+00 -9.0138342290e-01 2.3276849304e-01
-1.0126317637e+00 -7.0918667675e-01 -2.0207398237e-01
-6.9614481178e-01 -4.6229123093e-01 -2.8477962379e-01
-2.3667554119e-01 -1.4704515987e-01 -7.3971769333e-02
-5.5354252179e-03 -5.9425982586e-02 4.0686580743e-02
-8.6888138735e-03 -6.9956491827e-02 4.8350278287e-02
-1.7691748465e-02 6.9176243559e-02 7.7964620269e-02
-5.5612913953e-02 7.3795706453e-02 9.0604282915e-02
-1.3607028167e-01 6.0192633898e-02 8.5729632598e-02
-1.3837056187e-01 7.6820645036e-02 -1.4838657681e-02
-1.1217065298e-01 5.3625734475e-02 -3.1625230806e-02
-8.7592663125e-02 4.5776964855e-02 -1.8720352736e-02
-6.8433543346e-02 8.6730140967e-03 5.8125525220e-03
-3.2593571148e-02 1.5354905978e-02 9.5882538478e-04
5.4046481817e-02 -4.3855679218e-02 4.1176238528e-02
1.8700743541e-01 -1.7401945952e-01 6.5375877383e-02
2.3192796167e-01 -3.2715689562e-01 -1.9194351687e-02
-7.7329618461e-02 -1.8204577372e-01 1.1505625365e-01
-2.4191699509e-01 -9.1342080937e-02 2.4511360046e-01
-1.8763548755e-01 -1.2489397232e-01 1.5435720249e-01
-1.3260969418e-01 -1.0605047721e-01 8.6713386075e-02
-6.5359450706e-03 6.4263539315e-02 8.4708781659e-02
-4.9220684139e-02 7.2428794314e-02 9.1920037052e-02
-1.1073394447e-01 2.6912657994e-02 9.9970015337e-02
-9.0072790035e-02 4.1687289957e-02 1.7563644530e-02
-3.4499626804e-02 -1.0044349019e-02 3.9151918604e-02
1.8361670375e-02 -1.9089968440e-02 3.9232696019e-02
3.3037550027e-02 -8.2766884788e-02 7.1802744836e-02
1.8266185782e-01 -1.6740328051e-01 7.2408563820e-02
3.0399836509e-01 -3.3486516267e-01 1.5173935370e-01
6.2339045550e-01 -7.5027858701e-01 1.0494360391e-01
1.0130359833e+00 -1.2684007702e+00 -4.7735576895e-01
4.8074765649e-01 -7.8210222086e-01 -4.9862268011e-01
-9.7060509369e-02 -1.6128307101e-01 1.0782558191e-01
-1.4235428710e-01 -1.1779972444e-01 1.4124132624e-01
-8.7708876912e-02 -8.8396161402e-02 7.0627214972e-02
-5.5993164818e-02 8.2250840943e-02 7.2264642700e-02
-1.0799130674e-01 8.1772751333e-02 8.2673487976e-02
-1.5499276347e-01 4.3814031411e-02 6.6300203993e-02
-3.0301767423e-02 3.8186827417e-02 4.1282951194e-02
5.2071816099e-02 -3.5735203200e-02 7.8386839941e-02
4.5421078480e-02 -1.4351901898e-02 3.3885474764e-02
-2.9721621633e-02 2.0694532575e-02 2.7416769570e-02
2.7441307555e-02 -3.4852643470e-02 5.0270468782e-02
1.0660292646e-01 -1.7608120523e-01 6.3907180580e-02
2.0923804418e-01 -5.3554238627e-01 8.6874110289e-03
5.0782125957e-01 -1.0997032578e+00 -4.7157770611e-01
5.7745547677e-01 -9.4972264079e-01 -7.0878365101e-01
2.9303575289e-01 -3.2350885600e-01 -2.2391394591e-01
-3.6082362989e-02 -1.1776630857e-01 -1.3519940132e-02
-1.0380406459e-01 -5.8006093473e-02 2.2319211367e-02
-2.8015983081e-02 8.1281874914e-02 4.9325787303e-02
-5.7684920889e-02 9.4887157029e-02 5.0603561002e-02
-7.0768719804e-02 4.2627897884e-02 4.8451042059e-02
3.4837716928e-02 1.5211792230e-02 3.5229574707e-02
1.4751261426e-02 1.9420611643e-02 -7.0543638982e-03
-8.9326234683e-02 1.1991693239e-01 -9.7513353247e-02
-1.3386781859e-01 2.7988253149e-01 -7.3250654246e-02
-4.4337058301e-02 3.5631193743e-01 3.6007699783e-02
6.3068368414e-02 1.8925592569e-01 2.3852744203e-02
6.5766236288e-02 -1.8017784247e-01 1.8389566139e-02
4.4162508758e-02 -3.0709380947e-01 6.9727107459e-02
7.1427135217e-01 -6.0007687292e-01 -3.4116519629e-01
1.5281134231e+00 -7.2501035772e-01 -8.5708017071e-01
5.6576605079e-01 -3.2873504245e-01 -4.9247985847e-01
-4.2444080711e-02 -8.4995979566e-02 -6.3152924442e-02
-6.2891756985e-03 3.6681106910e-02 8.1524499097e-02
-2.0591050249e-02 7.9065586376e-02 3.0713038525e-02
-6.2478851592e-02 7.8596247681e-02 -7.7061032485e-04
-7.0768714867e-02 9.0057107324e-02 -3.9718679645e-02
-2.0816855020e-01 2.9797143351e-01 -1.4866107203e-01
-2.3712501258e-01 6.0593401936e-01 -1.9225597273e-01
-2.0082251933e-02 8.2885101732e-01 2.6193111090e-02
2.4283830441e-01 1.0778105691e+00 3.0974071203e-01
1.9805133316e-01 7.9746025168e-01 2.1945886546e-01
1.5004941571e-01 2.6582833740e-01 1.2322432951e-01
1.1084657949e-01 -6.9832888904e-02 1.3667208706e-01
5.2019535727e-01 -5.5205068909e-01 -1.7166211542e-01
9.9373983606e-01 -1.5595792901e-01 -6.9038089196e-01
4.0401199616e-01 -9.3303753123e-02 -6.4778812109e-01
-4.1474665356e-02 -8.4750269545e-02 -1.2047057100e-01
1.1008956866e-02 -5.3676917208e-03 8.9716525772e-02
-3.8614535744e-02 4.7101078915e-02 -2.7195240903e-02
-1.1698970017e-01 1.8467292771e-02 -5.9641313817e-02
-1.0526832793e-01 1.7548046085e-01 -8.6867523668e-02
-1.1664489262e-01 7.8583075402e-01 -2.4167531578e-01
8.5749629413e-02 1.0401155322e+00 1.0982788019e-02
5.2660259920e-01 1.2422159251e+00 4.5619607041e-01
5.6027790460e-01 1.2165526331e+00 5.1987782370e-01
2.2141028186e-01 5.0925148025e-01 1.7343331659e-01
7.5093601851e-02 1.3971267680e-01 3.5915217959e-02
-4.3514969462e-02 -4.3301631998e-01 -9.8745414928e-02
1.1663761577e-02 -8.6172136455e-01 -2.4319083837e-01
-5.3529418709e-02 2.9005445060e-01 -4.6161954186e-01
-1.2768290607e-01 3.4768549072e-01 -3.9182741049e-01
-6.9062207187e-02 -4.2998639019e-02 -5.9076800912e-02
3.5220190381e-02 -2.3257843482e-02 7.3552642894e-02
8.4644963828e-03 -1.6504037418e-02 4.4758779015e-02
2.9521526004e-02 -2.4145920625e-02 1.1674810249e-01
1.3640891589e-01 5.8114942427e-01 -6.1521776528e-03
2.8774738017e-01 9.2705613264e-01 1.0700816687e-01
4.9557966316e-01 9.3400975272e-01 3.4682598962e-01
5.8120756711e-01 1.0562696508e+00 4.5258465461e-01
3.8024346374e-01 7.3520348503e-01 2.3651695739e-01
1.7952841616e-01 2.6297417076e-01 1.7476214059e-02
1.5756951016e-01 2.6329874107e-01 -6.4829432294e-02
-6.8099094373e-02 5.0945839734e-02 -6.2270761055e-01
-4.1327543374e-02 -5.1885824303e-01 -1.1159374312e+00
-4.9201217195e-02 -1.4398616762e-01 -1.3590611298e+00
-1.0443451036e-01 2.0912092706e-01 -3.1986440401e-01
-4.7163277529e-02 -3.7540679691e-02 1.0316660385e-02
4.0357993123e-02 -8.2432002509e-04 1.3914903763e-02
1.2069394960e-01 -6.7337221820e-02 1.0199742328e-01
2.8627099327e-01 -8.1403642767e-03 2.6708356326e-01
2.8800971683e-01 1.9429572322e-01 2.7290498477e-01
2.9676443310e-01 2.4484351503e-01 3.4863532061e-01
4.1735794424e-01 5.4812977915e-01 2.3929856166e-01
3.1624619212e-01 5.2862200647e-01 1.8956576808e-01
2.6032622237e-01 3.7314538292e-01 5.4363798725e-02
3.9426832346e-01 4.1277420349e-01 1.0287516476e-01
3.4428133126e-01 3.7614819250e-01 -8.1908363600e-02
2.3617197313e-01 2.7541811941e-01 -7.7025092252e-01
-3.4246729720e-01 -7.6296185569e-01 -6.9895354986e-01
-2.6544812473e-01 -1.1908769680e+00 -1.7108106289e+00
-4.0766592119e-04 -1.3629278489e-01 -3.8093570302e-01
-5.2948966110e-02 -4.9170957210e-02 4.8182708056e-02
1.0466048649e-02 -2.4131715672e-02 1.8837589006e-02
1.7406189811e-01 -1.6686911507e-01 1.4890515169e-01
4.4970019769e-01 -5.6964422675e-01 6.5212995951e-01
1.0905454613e-01 -3.0073781315e-01 2.5320117799e-01
-2.8363027053e-02 1.5665260310e-03 -4.2196008052e-02
1.2762349480e-01 1.3912698725e-01 -1.0837468456e-02
5.7061167060e-04 1.3215044366e-01 8.7177304023e-03
1.0276595994e-01 1.7515769192e-01 1.7689117079e-02
2.0879445561e-01 2.5891473950e-01 7.1393250825e-02
1.3876263051e-01 1.4795415662e-01 4.7380694763e-03
2.4471214608e-01 9.1204714625e-02 -2.7815814165e-01
2.0981980446e-01 -5.1688293154e-01 -3.1648828716e-01
5.4252842387e-01 -1.0284338248e+00 -1.3239331216e+00
1.8933607195e-01 -2.3482370370e-01 -5.3517247383e-01
-4.2485705913e-02 -4.4714310200e-02 4.7128740120e-02
-1.7120135993e-02 -5.5543993130e-02 4.3764725906e-02
-3.9376683970e-02 -3.3657093336e-01 2.1619044687e-01
-1.7766433426e-01 -9.0883440921e-01 5.3282829030e-01
-1.4539332870e-01 -2.2035040650e-01 -4.2035772890e-02
-1.2627574577e-02 4.8635577422e-02 -3.9837850238e-01
-4.9139597618e-02 2.8246848513e-02 -1.8444726787e-01
-4.8343751674e-02 3.8010581366e-03 -3.3760028595e-02
-2.3494425033e-02 1.5533169192e-03 1.8927670307e-03
8.0537020747e-03 -1.5811112746e-02 2.6598215569e-02
-3.2439977256e-02 -2.3922580231e-02 7.1664832679e-02
1.3187213152e-01 5.0886765656e-02 9.1472866904e-02
6.0661474004e-01 -2.0987584324e-01 7.9682603335e-02
7.7242843509e-01 -4.9858364862e-01 -8.5029155290e-02
1.4441747730e-01 -1.0068966353e-01 -1.6600662611e-01
-4.8817749015e-02 -3.7035830179e-02 3.2661055303e-02
1.2993454323e-02 -5.0697081650e-02 3.2489140934e-02
-8.2480420753e-02 -2.2828419920e-01 6.0589469273e-02
-4.4349293693e-01 -6.7856443524e-01 2.6654116059e-01
-2.7043022615e-01 -1.8726223832e-01 -1.5440346121e-01
-1.6422075943e-01 -6.4510752668e-02 -1.9124177911e-01
-6.5861450645e-02 2.7555563379e-02 -1.2848538373e-01
-3.5978503467e-02 5.2270102349e-02 -9.1412052458e-02
-3.7579971599e-02 -1.0885387503e-02 1.0243075037e-02
-9.1991127393e-03 -1.5808097576e-02 2.9324621171e-02
-3.6167063219e-02 -1.1545293731e-02 3.8100101948e-02
-3.2286567742e-02 4.0028382249e-02 1.3692884542e-01
1.3466867098e-01 -2.3485495880e-01 5.0136969302e-01
3.4328169773e-01 -2.8817695365e-01 7.2814307597e-01
1.8047859331e-01 9.3824122013e-02 9.5456856213e-02
-1.1487425709e-02 -3.6730746497e-02 2.6128861620e-02
1.1797117228e-02 -5.1585661097e-02 2.6499566887e-02
-1.8784828518e-02 -1.1788999153e-01 4.3566873921e-02
-2.8361984957e-01 -4.1968476751e-01 2.0525020828e-01
-3.2047924541e-01 -4.4789031344e-01 2.3108959818e-02
-3.0157844137e-01 -3.2260520378e-01 1.6576963281e-01
-1.1081296676e-01 -5.6787221607e-02 -5.1003529410e-02
-9.1170546125e-02 -2.9758366361e-02 -1.7162109894e-01
-2.4825322288e-02 3.5651332196e-02 2.5791481758e-03
7.5224871926e-03 4.1776134435e-02 2.6065255574e-02
-1.8072822448e-02 2.1725186315e-02 8.0445412096e-03
1.0749892147e-02 3.8364662198e-02 2.4886705595e-02
2.0133586550e-01 -2.5299283842e-01 1.7915956133e-01
3.1102260448e-01 -3.4133429315e-01 -6.2157056465e-02
2.2831843048e-01 7.3883217719e-02 -2.3820048605e-01
-9.6624167950e-03 -2.5908094834e-02 -8.7434499561e-03
-1.1906138284e-02 -4.5985510230e-02 3.0259024004e-02
1.2836784096e-02 -5.7314929112e-02 1.1341209611e-02
-5.3158226742e-02 -9.0304294352e-02 3.5668404691e-02
-2.0162591812e-01 -2.1748090164e-01 -2.3607096757e-02
-3.4513104962e-01 -3.7074489033e-01 1.2170102332e-01
-2.0769473373e-01 -3.6770087628e-01 1.8881014607e-01
-1.5506050251e-01 -3.4508808235e-01 1.7596278208e-01
-1.7394121206e-03 -1.3379916080e-01 1.8530102197e-01
6.6703903087e-02 -1.5393843487e-02 1.3794873095e-01
6.9314900914e-02 9.0406264157e-03 9.7012708071e-02
1.4110842631e-01 3.3680665163e-03 7.0924795644e-02
2.4818464094e-01 -2.6544308671e-01 8.4317882682e-02
-6.4804976990e-02 -5.9625898208e-01 -1.1308373899e+00
2.4400942595e-02 -1.4690563012e-01 -8.1824930850e-01
-2.1172432446e-02 -3.5302694569e-02 -5.2957659845e-02
-1.0291569392e-02 -5.3360015011e-02 3.4749967170e-02
2.1694580302e-02 -6.5320303430e-02 8.9882716530e-03
1.1643321320e-02 -6.7469274622e-02 4.7133047526e-02
-8.8445324855e-03 -5.5563401335e-02 1.0828079474e-02
-9.5469565107e-02 -1.5888484438e-01 1.0580383459e-01
-2.9122886417e-01 -3.5836662204e-01 3.2777020127e-01
-5.1270124326e-01 -6.7469536973e-01 5.1961972080e-01
-3.6748073054e-01 -6.1141701235e-01 5.1402715554e-01
-1.6499823485e-01 -4.5333972403e-01 4.1291424824e-01
1.0120632490e-01 -1.5311251103e-01 2.6755837899e-01
1.3012377903e-01 -2.1595660903e-01 4.2822466949e-02
-4.0649563730e-02 -5.3313676082e-01 -5.3751475892e-02
-3.5224110434e-01 -6.0144394410e-01 -1.1605571085e+00
-1.4208749744e-01 -1.8773225218e-01 -6.0170054793e-01
-1.5906781650e-02 -5.9247609695e-02 -1.7746645929e-02
-2.6638991118e-03 -5.8334424184e-02 4.2726565685e-02
1.9319411697e-02 -6.4651555555e-02 3.4373747110e-02
3.8121729687e-03 -7.3599922326e-02 7.7493514229e-02
1.5757327426e-02 -7.5750148999e-02 4.8219895403e-02
1.8709325177e-02 -6.0755314515e-02 6.1712263178e-02
-1.4486935614e-01 -1.6979316321e-01 1.3869522982e-01
-4.5815973171e-01 -5.5262828509e-01 5.2301036134e-01
-7.1077063529e-01 -8.6474501198e-01 7.6140420849e-01
-7.5615100039e-01 -9.9834582703e-01 6.5563305247e-01
-5.6706244192e-01 -7.7403418921e-01 4.4924969301e-01
-4.4417175202e-01 -7.2626133296e-01 -1.8670549483e-02
-5.9728830917e-01 -8.7056311414e-01 -2.1897480493e-01
-3.2858644000e-01 -4.3513857914e-01 -4.0241042854e-01
-5.7653083849e-02 -1.2490003946e-01 -8.2780004255e-02
-8.2939812815e-03 -5.7146763587e-02 1.3961557267e-02
2.8789141456e-02 -9.2860064988e-02 3.5897424928e-02
5.5337975706e-02 -1.0296888139e-01 4.3558453829e-03
4.6380570421e-02 -1.1904580762e-01 8.1390163761e-02
3.6551556536e-02 -1.1045507961e-01 6.0005003529e-02
5.3671046386e-02 -7.9207733609e-02 4.2566668799e-02
9.8409207556e-03 -5.2096419406e-02 -2.9821488618e-02
-9.4690691007e-02 -1.2621112537e-01 9.1771002931e-02
-3.8860402623e-01 -3.6012757408e-01 2.8120480185e-01
-6.3989072250e-01 -6.7837184504e-01 3.9797315811e-01
-6.7424257381e-01 -7.9795577676e-01 2.4110873098e-01
-5.1711728256e-01 -6.1319136077e-01 9.5458670723e-03
-2.8151568459e-01 -3.3812803637e-01 -2.0582991014e-02
-3.7867414144e-02 -9.2371290698e-02 7.3525109894e-02
4.0002557015e-02 -4.5541650283e-02 6.4585606339e-02
1.8755171837e-02 -6.6082864634e-02 4.5522818748e-02
-2.1876462326e-03 2.3852463101e-02 1.1497200501e-01
-2.7554071658e-02 2.7195034843e-02 1.2458719880e-01
-6.6614282987e-02 1.2142162010e-02 1.4346131990e-01
-1.1914122824e-01 1.6189989422e-02 6.1675080376e-02
-1.0542962279e-01 2.3115988894e-02 4.0529165848e-02
-1.2727649855e-01 6.1276679135e-02 2.2625019902e-02
-1.0966765466e-01 4.6706987404e-02 3.7482490320e-02
-1.2358782728e-01 8.6123046130e-02 2.9232958005e-02
-1.2018699271e-01 7.7117825145e-02 4.4938704007e-02
-1.3192100451e-01 7.5098449714e-02 9.0419923604e-02
-1.3814723388e-01 2.6945686224e-02 1.1581014170e-01
-2.1011603355e-01 4.0592677207e-02 1.8938758816e-01
-2.4643498629e-01 -3.2129109468e-02 2.6588150820e-01
-1.8438796140e-01 -8.0052590468e-02 1.5827191654e-01
-1.4987342062e-01 -6.8169893660e-02 8.7225387394e-02
-1.1675212936e-02 3.3517493210e-02 1.2269175405e-01
-3.2454964050e-02 2.2766624642e-02 1.3160716131e-01
-7.4720980255e-02 -5.2898658923e-03 1.4398185365e-01
-1.1495424130e-01 2.0750767647e-02 7.1800628538e-02
-1.0697404740e-01 9.7832849326e-03 5.4943419863e-02
-9.0976554826e-02 3.6609634199e-02 4.8395977608e-02
-1.0212388538e-01 1.6647964092e-02 5.6347910483e-02
-7.1156367569e-02 4.5541490012e-03 3.5742596133e-02
-2.4592893602e-02 -5.5526114405e-02 7.4537209058e-02
3.1219746883e-02 -2.0628335693e-01 9.8523772133e-02
6.6388105226e-02 -2.9766438900e-01 1.7263724906e-02
-9.5274274041e-02 -1.1403591350e-01 8.7119158232e-02
-1.7462566612e-01 -2.3709055309e-02 2.2467707248e-01
-1.3891961736e-01 -6.4118209576e-02 1.4497583348e-01
-9.6886907129e-02 -5.1029641955e-02 6.9873356944e-02
-4.8367854724e-02 4.7531473776e-02 1.0652083972e-01
-9.4780696585e-02 4.4615307461e-02 1.2056751859e-01
-1.4237165267e-01 2.0632099872e-02 1.2393184296e-01
-1.1702079516e-01 3.9074371788e-02 6.5007938102e-02
-9.8429587171e-02 5.2310394879e-02 3.2743593998e-02
-9.4835705903e-02 5.7274439357e-02 2.2818031259e-02
-7.1370990141e-02 1.6408961820e-02 3.2930576620e-02
-2.4489570929e-03 -6.0617566973e-02 4.6458164637e-02
1.4553986966e-01 -2.0074664039e-01 6.7592312997e-02
2.8215821129e-01 -5.3558518341e-01 1.5708755501e-02
3.9383583761e-01 -7.2833804469e-01 -1.6502653674e-01
4.1805358514e-01 -2.0153478401e-01 -1.7308840058e-01
1.2278138737e-01 1.0088879677e-02 -8.4261942938e-03
-9.0039958886e-02 -1.5773135460e-02 2.9920398030e-02
-1.1713645243e-01 -2.2026561060e-02 2.0580404403e-02
-3.9357808604e-02 5.6944383329e-02 8.6481192366e-02
-8.0686898958e-02 5.3588904825e-02 1.0558262303e-01
-1.0561258243e-01 2.5023328328e-02 9.4106030378e-02
-9.7590918789e-02 8.2022988939e-02 1.3480679429e-02
-4.2790220875e-02 6.4565417355e-03 5.3646300446e-03
4.4618706984e-02 -5.6090423752e-02 -2.7395104343e-04
7.4564821202e-02 1.1378990644e-01 4.3994649122e-02
2.6874110186e-01 3.2977376505e-01 1.6142562735e-01
4.9981306220e-01 1.9403496946e-01 2.2685605448e-01
6.0301276151e-01 -3.2250481564e-01 2.1009610162e-01
8.5220863648e-01 -4.5563600685e-01 6.8475130825e-02
1.4517945142e+00 -1.3652932503e-01 -5.2963363078e-01
1.2694403719e+00 -5.1092570959e-04 -1.0918125916e+00
2.0118646111e-01 -7.2933204240e-02 -3.2565257882e-01
-6.9773741321e-02 -3.6329706304e-02 -3.5631486185e-02
-1.9782955418e-02 1.6705542526e-02 8.4562225283e-02
-6.7334308832e-03 7.6356361968e-03 1.0445670330e-01
-7.3195797325e-02 -2.4919087653e-02 1.0061821741e-01
-3.8229303534e-02 -2.8727935854e-02 8.4397296524e-02
2.9025343593e-02 -3.1195376260e-02 7.3616965955e-02
2.1514707811e-01 2.4741490688e-01 1.0457985057e-01
6.0697906058e-01 5.1284440512e-01 3.9718717331e-01
9.5273378187e-01 5.7898309775e-01 5.1203648312e-01
8.4855413049e-01 3.1126367524e-01 2.8417431446e-01
7.6266820281e-01 -1.3071074397e-01 2.0197839044e-01
6.3421633352e-01 -2.5601576946e-01 -1.5019317375e-01
5.8252085677e-01 -7.7045869630e-01 -7.4670576985e-01
1.1208031664e+00 -6.4980072583e-01 -1.4672423068e+00
5.4784334366e-01 -6.0169585842e-02 -1.0561798013e+00
-2.7853936673e-02 -1.9915729260e-02 -1.5184897449e-01
-1.0790927268e-02 -1.1116253340e-02 1.0380684539e-01
-8.8588075251e-03 -4.0582482956e-02 1.0280633331e-01
-1.0504414552e-02 -1.5084138126e-01 1.6154459235e-01
9.4564116494e-02 -7.9187885029e-02 1.7389943295e-01
3.1129884259e-01 4.4840507054e-01 2.4410322073e-01
8.4037595181e-01 6.4376362260e-01 6.2304971071e-01
9.5820286659e-01 5.0335668771e-01 6.3636673966e-01
5.2796960068e-01 2.5159798907e-01 2.4762898158e-01
1.5169268949e-01 6.6884513817e-02 1.8374431252e-02
3.9651833064e-02 -1.2042344235e-01 2.5611408714e-02
-1.0608363207e-01 -4.6194662329e-01 -5.9346549609e-01
-7.3693105106e-02 -1.3907710167e+00 -4.5175508139e-01
2.7182878699e-01 -5.4297879113e-01 -7.5938334105e-01
3.7901220364e-01 6.1262465727e-01 -1.6198421241e+00
-7.8326233051e-03 6.3686304054e-02 -3.0481567889e-01
-4.9709186601e-03 -4.1986399994e-02 1.0175083755e-01
3.0853596892e-02 -5.5651322174e-02 1.1475967863e-01
1.6629304304e-02 -1.1805460223e-01 2.0460809963e-01
3.3115570071e-01 2.2175940620e-01 3.3208536097e-01
8.0982433803e-01 4.3217031711e-01 8.1074059296e-01
7.8539336563e-01 4.7224414665e-01 7.1004233763e-01
2.3354509733e-01 4.0413557614e-01 1.6133906634e-01
3.6023483880e-02 2.2332439023e-01 -6.3303530224e-02
3.5820839988e-02 1.7866042437e-01 -1.8124134210e-02
2.9250187218e-03 1.4546868191e-01 -1.1388338611e-02
-3.4724127027e-01 -1.1444498901e-01 -6.4236060145e-01
-5.1952697136e-01 -1.6561416896e+00 3.1107260723e-01
-4.6630386931e-01 -2.1097468044e-01 -4.0965481232e-01
-3.1058006584e-01 1.2093989274e+00 -1.2270331666e+00
-7.4669074079e-02 1.8081888116e-01 -2.8577735351e-01
-4.5698562211e-03 -1.9992610011e-02 6.0984623223e-02
3.8795277479e-02 -6.5989581059e-02 1.0810283678e-01
1.0538989346e-02 -1.2377265416e-01 2.3871431626e-01
3.2611882822e-01 -1.8433903154e-01 7.0008147088e-01
5.0199731473e-01 -1.3191351373e-01 7.0032907023e-01
2.2013912508e-01 7.7060684259e-02 1.1416012161e-01
2.1884091621e-02 1.3611710342e-01 -4.2566667608e-03
2.8002991544e-02 1.8825653849e-01 -8.3728712349e-03
1.0498682536e-01 1.9788897315e-01 3.0697394725e-02
7.8337263962e-02 1.7761804807e-01 2.7241741331e-02
-1.0287307517e-01 1.2498828383e-01 -2.9427820724e-01
-6.8029844619e-01 -1.0191378259e+00 2.0081963502e-01
-4.6827447047e-01 -6.4558668129e-01 -2.1280442669e-01
-2.8751061224e-01 3.8049959475e-01 -2.3960094203e-01
-9.6373238684e-02 1.4728428137e-01 -1.0420185828e-01
-5.0774902890e-03 -3.2946592123e-02 6.6416141557e-02
1.3607556978e-02 -1.1959926605e-01 1.4165838891e-01
1.2903406572e-01 -4.9410380890e-01 5.4188649660e-01
1.4062625415e-01 -3.4052851983e-01 4.2335614286e-01
5.9535053218e-02 -6.2715481260e-02 -1.2533664186e-01
1.6429682150e-01 4.3320719367e-02 -3.3593736225e-01
9.6919259633e-02 1.7590891909e-01 -1.2188898318e-01
-2.6901440512e-02 9.0926758852e-02 -3.3535069603e-02
-1.7302520753e-02 8.3505157566e-02 4.2931500067e-03
-1.4175222544e-03 5.6803164031e-02 5.6948018438e-02
7.7058768962e-02 1.6114191148e-01 -1.2404136922e-01
2.3718849821e-01 -3.1960074843e-01 -7.7024434477e-01
3.0981182187e-01 -9.0300909421e-01 -8.8138995467e-01
4.9038155661e-02 -1.7882780755e-01 -2.0631060688e-01
-4.9095939718e-02 1.0139687908e-01 -3.2715433982e-02
8.3393284972e-03 -2.9511489549e-02 5.9139914207e-02
-5.5677027661e-03 -1.4548422256e-01 1.3644696372e-01
-1.6322143801e-02 -4.8193218996e-01 4.4198268338e-01
6.6100503054e-02 -1.5025895988e-01 -2.6368031814e-02
7.0064552734e-02 9.9022984294e-02 -5.7891534358e-01
4.0161401330e-02 2.1947240685e-01 -3.9737137594e-01
2.9971172366e-02 2.1875728505e-01 -2.1770146560e-01
-3.7693384725e-02 1.5468239225e-02 -5.4152188436e-02
-2.6915843068e-02 -2.2533240950e-02 3.2692393222e-02
-6.9052750076e-02 -6.6533621041e-03 6.5681222085e-02
2.1558113996e-02 4.4802583998e-02 6.3571856636e-02
2.9654231387e-01 -2.0765560947e-01 -3.1441967324e-01
6.3490091164e-01 -5.3038600538e-01 -1.2163624285e+00
3.3377281603e-01 -1.3516763611e-01 -7.5325897112e-01
-2.3472337766e-02 2.5323270151e-02 -5.2707584114e-02
1.8086200907e-02 -3.1332352959e-02 7.0259732693e-02
1.8901368969e-02 -6.7411329303e-02 7.5901964492e-02
-5.0026447224e-02 -1.6579186162e-01 1.1060269413e-01
-8.2557689644e-02 -1.5524666178e-01 -1.5403431486e-01
-1.3056735306e-01 -1.8690451835e-01 -1.7152514346e-01
-8.8693876565e-02 9.5485252250e-02 -1.5857661551e-01
-1.4095877517e-01 1.3379418574e-01 -2.5737507755e-01
-5.8327588958e-02 5.3608848264e-03 -5.0998326106e-02
-1.2133012086e-02 -1.1116861448e-03 8.3579868784e-02
-5.7536670749e-02 -3.0926245297e-03 6.2656064020e-02
-4.8538703778e-02 2.9290336276e-02 8.2296149859e-02
-2.2901551879e-02 -1.6109435180e-01 2.2836783167e-02
7.9720430799e-02 -4.9402707059e-01 -1.0310003819e+00
1.9038703485e-01 -1.4989658549e-01 -9.2088753679e-01
1.0360628099e-04 -2.8277451576e-02 -7.1706322527e-02
5.9366860614e-03 -3.4827952387e-02 5.6074033687e-02
2.5371381304e-02 -5.4037733156e-02 5.3407380898e-02
-4.7116200676e-03 -7.1631571994e-02 8.8631268941e-02
-6.9246802732e-02 -1.8704561226e-01 4.2353345197e-02
-8.1119137197e-02 -2.1686731705e-01 1.0859289984e-01
1.5347435446e-03 -4.9197073060e-02 -9.7659161102e-02
-2.0017948357e-01 -1.8192671692e-01 -1.8747919598e-01
-1.0413119813e-01 -1.5641976743e-01 1.3487944927e-01
1.5052866896e-02 -1.1317737606e-01 1.9883068859e-01
-6.2227597352e-02 -1.0371490027e-01 1.4310848234e-01
4.0331936191e-02 6.6871721327e-02 1.1387348568e-01
1.1204351164e-01 -5.0008343440e-02 1.8943477891e-01
-1.4824557396e-01 -5.6771883606e-01 -1.0506691992e+00
-3.1190460145e-03 -2.4591046800e-01 -9.8682949235e-01
-3.1626903597e-02 -3.0100416459e-02 -7.9160016535e-02
-5.7097070782e-03 -2.4304680681e-02 6.3037773662e-02
7.8673276296e-03 -5.0866242129e-02 5.9633149686e-02
-7.6949713452e-03 -2.6924815561e-02 7.6619841026e-02
-2.4780790354e-02 -2.5403730160e-02 4.2406447632e-02
-7.6113025238e-02 -1.1171920564e-01 6.5673084782e-02
-1.6342603210e-01 -3.2750553504e-01 1.2846984176e-01
-3.2220051003e-01 -5.4784367888e-01 3.0758096369e-01
-2.1165746588e-01 -4.5791050580e-01 5.3028601465e-01
-1.2401393200e-01 -4.4635465550e-01 4.5351488428e-01
-1.0346447614e-01 -3.6674940397e-01 2.9014995094e-01
1.0117665827e-01 -1.6624586679e-01 1.7128161644e-01
9.9448964700e-03 -3.6153212324e-01 1.4150861874e-01
-2.0718382103e-01 -6.6813584300e-01 -9.9064441572e-01
-1.1141209272e-01 -2.9812092256e-01 -7.4374189777e-01
-3.9375897857e-02 -4.1742152713e-02 -6.0565449049e-02
-2.1193658206e-03 -3.8930527701e-02 5.5896653526e-02
2.3503514855e-02 -6.1108847381e-02 5.1236919206e-02
2.3696047659e-03 -5.8057668137e-02 8.4284255212e-02
2.3691126842e-02 -3.8499212550e-02 5.9624310598e-02
-1.0305888507e-02 -3.1312687909e-02 6.8752014683e-02
-9.3559777983e-02 -1.8613003424e-01 1.0061479060e-01
-2.9494889543e-01 -5.6167626258e-01 3.4325763962e-01
-4.1063036745e-01 -8.9309785280e-01 6.2327286339e-01
-4.0556647962e-01 -9.3082895901e-01 6.5855828720e-01
-2.0927396845e-01 -7.7461946449e-01 3.8766019005e-01
-2.7118371580e-01 -8.5100390294e-01 -8.8401475087e-02
-6.5861574755e-01 -9.8292300668e-01 -1.6736972471e-01
-3.6113949018e-01 -6.0014630786e-01 -5.4546212457e-01
-1.0747113505e-01 -1.6504641850e-01 -1.9666799764e-01
-2.7164850810e-02 -4.0719438765e-02 -1.4825929698e-02
-3.8404070937e-03 -4.1247714833e-02 7.2242170786e-02
1.6198766456e-02 -5.5637278573e-02 6.7094774999e-02
-1.0270969824e-02 -5.4806504579e-02 9.2053586828e-02
2.6332674744e-03 -6.0419469172e-02 7.6468079297e-02
-1.2565240139e-03 -3.9869775892e-02 7.1917564019e-02
-4.4849058369e-02 -6.1952694595e-02 2.0384147705e-02
-1.4959913671e-01 -2.3222817815e-01 1.5107694691e-01
-3.5774752981e-01 -5.8558341869e-01 3.7962336382e-01
-4.9486139215e-01 -8.2098244549e-01 5.2960651787e-01
-5.2798637955e-01 -7.4059606797e-01 4.1891377910e-01
-4.8954091830e-01 -7.7414442562e-01 -3.9620570771e-02
-5.2729894728e-01 -6.8234488630e-01 -9.6390716811e-02
-1.6716988971e-01 -2.3393526195e-01 -1.6587738137e-02
8.8346839818e-04 -7.7776529829e-02 5.0174686955e-02
-2.0909362463e-02 -4.4654685244e-02 -4.3791241128e-04
3.2143033329e-02 -6.8857934145e-02 7.4720123216e-02
5.1875706720e-02 -9.1577087418e-02 5.0620179188e-02
5.1698716294e-02 -9.0941657167e-02 1.0601367351e-01
5.0431622111e-02 -8.4008184360e-02 8.9858876716e-02
4.4280968705e-02 -6.2537193534e-02 6.9380461099e-02
8.4560817257e-03 -3.6667049920e-02 -1.8704573675e-02
2.2610710035e-02 -3.1295477869e-02 1.6043812653e-02
-3.3721943900e-02 -8.5744033663e-02 4.2327938482e-02
-1.3335115218e-01 -1.8970074886e-01 8.9041587227e-02
-1.9017169346e-01 -2.3005145500e-01 7.3566145465e-02
-1.0833885641e-01 -1.6411110281e-01 4.8289527310e-02
3.3762608026e-02 -7.9010267913e-02 1.1421766931e-01
5.9030927060e-02 -8.9049428677e-03 1.5308726117e-01
4.4216327499e-02 -2.1325384037e-02 8.0056366425e-02
1.9857105643e-03 -4.1374150343e-02 2.4653409961e-02
-8.0105201563e-03 -5.2217334674e-03 1.0089003042e-01
-1.0813991614e-02 -1.3787576726e-02 8.0783298148e-02
-4.4572123885e-02 -3.4741953372e-02 9.5793132071e-02
-7.4887963878e-02 -3.7389917805e-02 4.4025177327e-02
-8.7815603880e-02 -1.3744765341e-02 3.8667657767e-02
-8.4562217867e-02 1.4835870039e-02 2.3471658809e-02
-8.3271628350e-02 2.0326354906e-02 3.4765307413e-02
-1.0351895068e-01 4.9975188382e-02 3.0526156450e-02
-1.0777309044e-01 6.7914240862e-02 3.2282643246e-02
-1.2171629618e-01 7.4647818070e-02 4.7994940789e-02
-1.4227969708e-01 3.6662616702e-02 6.3649615645e-02
-1.9800036621e-01 1.5708638519e-02 1.2632157873e-01
-2.2215534669e-01 -2.0163737127e-02 1.5537141083e-01
-1.9169939050e-01 -6.9730099006e-02 1.2427911192e-01
-1.4760443707e-01 -6.0295122542e-02 5.3216494054e-02
7.2693952307e-03 -2.0170671974e-03 9.7854938173e-02
2.1913072121e-03 -1.8180847817e-02 8.0811021786e-02
-1.9021378077e-02 -3.4006339799e-02 1.0160804159e-01
-5.1118865419e-02 -3.9809846783e-02 4.2647345312e-02
-6.4877156818e-02 -2.6111038722e-02 4.1661744838e-02
-6.8177746872e-02 -5.4055572829e-03 2.5270526123e-02
-6.9613537638e-02 4.1801826751e-03 3.3788803477e-02
-7.5281629000e-02 2.6200376421e-02 2.3709621376e-02
-9.6387801260e-02 6.9598013437e-02 2.4443593821e-02
-9.0727537228e-02 4.3855359091e-02 3.3810551587e-02
-1.2533495685e-01 3.7854951296e-02 6.3099681984e-02
-1.3497468914e-01 2.3340651734e-02 1.0342425509e-01
-1.6421466486e-01 -8.0459227860e-03 1.5190370859e-01
-1.4141962280e-01 -6.5918620932e-02 1.0801586863e-01
-1.0591246764e-01 -5.7205237532e-02 4.2273221803e-02
-3.4308295707e-02 1.5440700514e-02 8.5390013028e-02
-2.8543552258e-02 -1.5391469646e-03 7.6808787517e-02
-6.6834054938e-02 -1.7259175882e-02 7.9883116223e-02
-8.4280127460e-02 -6.3976680860e-03 3.3382307604e-02
-9.6470879590e-02 2.9261940480e-02 2.5764319618e-02
-7.0072495032e-02 3.1974779476e-02 8.7989657751e-03
-9.2428592473e-02 5.0937971349e-02 9.4678534059e-03
-8.9266523132e-02 7.5830566420e-02 2.3792919837e-03
-6.8125428076e-02 8.2625692570e-02 1.3739610218e-02
-9.6529088877e-03 3.4329097999e-02 3.9426379593e-02
2.2521198868e-01 -6.9000069724e-03 9.5198676014e-02
5.0684472594e-01 5.1499267830e-02 -1.4054936816e-02
9.7333767998e-02 1.5180933579e-02 -5.3775919758e-02
-1.1242489912e-01 -1.6877812607e-02 1.2256981834e-03
-1.3286768803e-01 -2.5919631582e-02 -1.1755986039e-03
-1.6358304565e-02 1.9884717536e-02 7.0806400174e-02
-9.0755047178e-03 -1.6671263926e-03 5.1216358011e-02
-7.0130565757e-02 7.2216029835e-03 4.8569723515e-02
-8.8336393343e-02 4.2690451087e-02 -3.9032096499e-03
-8.4604852334e-02 3.3702846907e-02 -1.2350775452e-02
-3.9914954262e-02 1.5620196572e-02 -2.3512923130e-02
-7.1322131300e-03 6.2281808128e-02 8.8800190550e-03
1.9226085831e-01 8.9003994389e-02 1.0198211053e-01
4.2409075816e-01 3.0411087953e-02 1.8318979785e-01
4.3994828094e-01 -6.9948745169e-02 2.7817285037e-01
1.0134521698e+00 -1.2392215038e-01 3.6308950401e-01
1.5473166350e+00 -1.8699701770e-01 -8.2172683332e-01
7.0022099078e-01 -2.5265733465e-01 -1.4807485235e+00
3.3194024987e-02 -1.1795518654e-01 -2.8880137479e-01
-9.4586814563e-02 -3.6752342607e-02 -3.4739662311e-02
-7.8165134476e-03 9.0934760330e-03 7.3824573424e-02
8.4536985725e-03 3.4430974572e-03 6.2120189853e-02
-5.8800162688e-02 -4.9237347705e-03 6.4254613251e-02
-6.7640080404e-02 3.0816484003e-02 2.9295398681e-02
-6.3261568733e-02 4.9332143081e-02 1.4202854571e-02
1.1936911700e-01 5.4337258235e-02 6.6908949291e-02
4.6385959320e-01 2.1249653514e-02 2.8941342968e-01
7.4358739228e-01 -4.8921217974e-02 3.8088781355e-01
7.1474334931e-01 -1.0359282965e-01 2.6070134333e-01
3.3685313619e-01 -3.7731758060e-02 2.3352691919e-01
-5.0019389531e-01 1.2113546898e-01 1.8598041916e-01
-1.3815853203e+00 -8.8786515796e-01 -6.7663304542e-01
-2.3568204457e-01 -1.5675623857e+00 -1.6001355396e+00
3.7081979336e-01 -5.7608587793e-01 -7.1761483863e-01
-1.8769644512e-02 -5.9020779844e-02 -1.2279699394e-01
-1.1297988605e-03 -1.5489765029e-02 7.6519386941e-02
1.9945313094e-02 -4.7937430615e-02 5.4779077011e-02
-3.6291351886e-02 -6.2810451184e-02 7.1104388595e-02
-3.8047037580e-02 -7.3222951240e-03 3.3947253961e-02
9.0293723134e-02 5.1641227678e-02 1.4748398093e-01
5.0518618842e-01 -3.0059214808e-02 4.0466024154e-01
5.5954836226e-01 -7.1771437917e-02 3.6033073623e-01
2.5800290085e-01 -6.8251941469e-02 9.8113409188e-02
5.1047909817e-02 7.0521428785e-02 3.5089312384e-02
-8.8976041890e-02 3.6868718718e-02 1.2780975745e-01
-6.6908707363e-01 9.5994256808e-02 4.3411804412e-02
-7.4208622437e-01 -1.2354324250e+00 6.5868384268e-01
8.9535956872e-01 -2.1110246969e+00 4.7013256582e-02
1.1869951120e+00 -8.7812636494e-01 -1.3119711039e+00
1.4092304733e-01 -5.7905800671e-02 -4.4493351602e-01
4.7902527387e-03 -3.2009121672e-02 6.4770260448e-02
2.2983427975e-02 -4.2027172007e-02 4.8132294194e-02
-2.4455254200e-02 -5.5973597589e-02 7.5851377464e-02
4.1009643371e-02 3.0584921762e-03 1.3534430649e-01
2.9077257616e-01 -8.2261693565e-02 4.4890005888e-01
2.9875539116e-01 -3.9849539008e-02 2.7487273550e-01
-1.4592161809e-01 1.7956534551e-01 -1.6830420126e-01
-1.5288670105e-01 1.9801716811e-01 -1.4198977141e-01
-1.1910178826e-01 3.6359958571e-01 -1.0031448482e-01
-9.6844115284e-02 1.5283398262e-01 2.6080022004e-02
-1.7966370422e-01 6.4998685530e-02 6.5697421753e-02
-1.0375968125e-01 -7.9240497714e-01 9.0746709821e-01
4.4659244948e-01 -9.1021344829e-01 4.5177897404e-01
7.0913887119e-01 -2.1705511110e-02 -1.4948043208e+00
1.8084564937e-01 2.7626240564e-01 -1.0094029124e+00
1.0103300906e-02 -1.3812502132e-02 5.4126145315e-02
3.3179338921e-02 -3.5123422704e-02 3.7850840052e-02
-2.2279610488e-02 -4.5056468269e-02 8.1084353185e-02
4.6708450017e-02 -1.2629488338e-01 2.5375568755e-01
9.6559409786e-02 -1.7659786236e-01 2.4188094655e-01
-1.8788865019e-01 9.0302378469e-02 -2.2849750759e-01
-3.1054099201e-01 2.3575217556e-01 -1.7708880740e-01
-2.4685985506e-01 2.9189310425e-01 -9.6224901199e-02
-1.3331024735e-01 3.3385330518e-01 -1.2907467478e-01
-6.1459014021e-02 1.7121201203e-01 -2.8156185410e-02
-7.0929853331e-02 2.2749319529e-01 -3.9942681892e-02
-2.4034235145e-01 -2.8751659538e-02 3.2515294588e-01
-2.8611158821e-01 -9.5957228306e-01 1.4329333594e+00
-5.9404200147e-02 4.3291412143e-01 -5.0281765596e-01
3.3681120587e-02 7.4792190930e-01 -1.1771901111e+00
2.1483896237e-02 -2.8359972719e-02 7.4050418120e-02
3.6761638510e-02 -4.7356365883e-02 5.5424831749e-02
1.3740974474e-02 -1.0926301271e-01 1.2562954029e-01
-2.7566168786e-02 -1.7712467159e-01 1.3618404036e-01
-1.0670771767e-01 -1.7315806162e-02 -2.0868227360e-01
7.2298143168e-02 2.8743186224e-01 -3.9237694530e-01
-2.8063182950e-02 3.2766980989e-01 -1.3386041989e-01
-2.0244321446e-01 3.1571487667e-01 -1.0225433274e-01
-7.7164924609e-02 3.8150068906e-01 -1.0372494508e-01
-2.6458799359e-02 1.3893865508e-01 5.1201047402e-03
-6.0070975728e-03 1.7251705789e-01 -2.0835569774e-02
-1.2268483446e-01 -6.9908444856e-02 1.1905199564e-01
-5.5544707231e-01 -5.2954334690e-01 8.1907506015e-01
-4.0488561406e-01 7.3895619758e-01 -3.8395372403e-01
-1.6429599047e-01 8.7507152830e-01 -1.0177627326e+00
1.3702439190e-03 -2.4639633752e-02 7.8286322221e-02
2.1915255377e-02 -3.3675656063e-02 7.2210444425e-02
7.6405285956e-04 -6.8576463728e-02 1.1112261669e-01
-6.0721923395e-03 -8.1500103676e-02 3.1057511924e-02
3.5003842567e-02 -2.0898969385e-02 -1.6861345612e-01
2.1044767129e-01 8.1018704559e-02 -2.1522661918e-01
2.0146504841e-01 1.9186066579e-01 -3.1895644585e-01
-1.6596492852e-02 1.7978610923e-01 -9.9907496762e-02
3.3752590366e-02 1.9447177745e-01 -1.1891201810e-01
-4.1729815558e-02 6.0049778886e-02 3.7124079516e-02
3.0997737235e-03 6.6838198636e-02 9.1107374196e-02
-2.2779834101e-02 -9.9679487825e-02 2.7702486500e-01
-4.3462777282e-01 1.5861975777e-01 -3.2704750450e-02
-6.2720162265e-01 7.4264229663e-01 -6.7032382683e-01
-2.7300599435e-01 4.2975254651e-01 -4.6287102936e-01
1.8245894720e-02 -2.6505547123e-02 7.6983049839e-02
4.3357260311e-02 -3.2638652274e-02 6.3215573955e-02
1.5083495882e-02 -3.0244596588e-02 8.2120603395e-02
5.0475894449e-03 -6.4244628852e-02 6.0345821330e-02
3.0255877956e-03 -1.2114319251e-01 3.9045392535e-02
-2.7463800798e-02 -6.2571956481e-02 -1.0759623218e-01
-7.3221061931e-02 1.1362429453e-01 -3.0530427213e-01
-2.5656470118e-02 8.5497773312e-02 1.7355235244e-02
2.2524236079e-02 8.5157404591e-02 1.0559491684e-01
-5.1024928414e-02 -8.1965375869e-02 2.1187405494e-01
-4.4751380977e-02 -4.5087553153e-02 1.4909284006e-01
-2.2566282474e-01 -1.7799060108e-01 2.0781958291e-01
-8.4660394447e-01 -3.4388376300e-01 -9.8663428504e-02
-6.5215673187e-01 1.0210853231e-01 -4.5409787516e-01
-9.8859924995e-02 5.1983658107e-02 -8.3906366438e-02
6.3178570058e-03 -3.0798407414e-02 6.7693067617e-02
3.9469490557e-02 -4.5331108044e-02 5.9749865215e-02
2.1873580874e-02 -3.3933896733e-02 8.5309933891e-02
1.2684968885e-02 -2.7774556640e-02 7.3133276746e-02
1.6848167524e-02 -2.5827044141e-02 6.8427360105e-02
1.1628883638e-02 -4.0684125218e-02 -6.0601320818e-02
-7.6666358457e-02 -1.2235113557e-01 -6.1161985598e-02
3.7322906231e-02 -1.9668476034e-01 1.9435712838e-01
6.5806245895e-02 -2.2245466804e-01 3.8820318225e-01
-1.4634051100e-01 -4.3528606800e-01 3.5261675204e-01
-1.8108089225e-01 -3.3493374412e-01 1.5877645956e-01
-3.5073146691e-01 -3.4396736918e-01 -4.1631613571e-03
-6.2486259793e-01 -5.7362890809e-01 -5.8033551293e-01
-2.7125822817e-01 -1.7178145499e-01 -4.3134456734e-01
-4.7830861595e-02 -2.7497041382e-02 -2.0855056699e-02
1.4768025945e-03 -2.3592295276e-02 6.7367324981e-02
3.8503525080e-02 -4.8348553988e-02 5.8127309691e-02
1.9301131338e-02 -3.1793328089e-02 7.1152255990e-02
6.8074156147e-03 -1.3689442380e-02 5.2670174929e-02
-4.3711341289e-03 1.7622371886e-02 4.8828176136e-02
-4.7465442359e-02 -4.3265941256e-02 1.5793247347e-02
-1.2974926267e-01 -1.9272410154e-01 1.2431752059e-01
-8.0523162415e-02 -3.5483660245e-01 4.3868692358e-01
-1.1386326019e-01 -5.6383317866e-01 5.6779724200e-01
-3.6632554902e-01 -7.8451454456e-01 4.7594937419e-01
-5.1920594058e-01 -7.9568074557e-01 1.6287934392e-01
-6.8750133022e-01 -9.5692065383e-01 -1.6106201453e-01
-4.2527695341e-01 -6.9775606739e-01 -5.5568231719e-01
-1.1468968480e-01 -1.9389346266e-01 -2.0520777229e-01
-4.6605947590e-02 -3.5806373002e-02 -1.8872845489e-02
3.9699166806e-03 -3.0475347447e-02 6.4448931810e-02
3.5497963522e-02 -4.5030282734e-02 5.6271338339e-02
3.3984496500e-02 -4.1384939344e-02 7.1804303505e-02
9.7128674403e-03 -1.9890151923e-02 5.3259368450e-02
-1.2151248964e-02 6.2788709471e-03 5.1173539710e-02
-1.4991243730e-02 -7.5063292946e-03 2.2649776931e-02
-5.5850824613e-02 -8.9089488400e-02 7.1674701045e-02
-1.5450096398e-01 -2.7223793765e-01 2.3305108749e-01
-2.4927537585e-01 -5.2113521574e-01 3.9268701806e-01
-3.2956249746e-01 -8.2483801389e-01 3.6693065638e-01
-4.5246276129e-01 -8.9047052520e-01 5.3767410005e-02
-5.4787224648e-01 -7.8695514362e-01 -1.3328442266e-01
-2.4200866446e-01 -3.0508921101e-01 -1.5417501149e-01
-4.3100098809e-02 -5.9948768393e-02 1.4112470099e-03
-2.8003645772e-02 -3.8837630402e-02 -1.3683153843e-02
9.9602295282e-03 -3.1113672130e-02 6.5244120191e-02
3.5777549907e-02 -4.1836743088e-02 5.2526517673e-02
2.2062610986e-02 -3.6671290721e-02 6.3675765194e-02
-7.0518730286e-03 -3.1621433749e-02 4.4622440410e-02
3.5270472922e-03 -1.5103488881e-02 5.6333144166e-02
-3.5717753492e-03 -2.5472477343e-02 1.2805066763e-03
6.2514034346e-03 -2.8162572935e-02 1.8126958762e-02
-5.1647227005e-02 -6.8706893947e-02 3.8881789255e-02
-1.1032210718e-01 -1.5050890244e-01 8.6289442874e-02
-1.3997945132e-01 -2.5529803660e-01 6.9281511452e-02
-1.3982397465e-01 -2.8846430773e-01 -1.9281949460e-02
-1.0387504844e-01 -1.7836713187e-01 2.0393049188e-02
-1.3640609285e-02 -5.9785535157e-02 8.7414285087e-02
2.6474309369e-02 -5.0048300254e-02 5.9411640990e-02
-2.2529336561e-02 -4.4371211733e-02 -1.0077799414e-02
3.4104442347e-02 -5.1272422474e-02 6.7233025157e-02
6.2614228408e-02 -6.8926422027e-02 4.2528837795e-02
5.9116394763e-02 -6.4916423258e-02 7.6405781328e-02
2.4467457299e-02 -5.5406858729e-02 6.6816549424e-02
3.8502733015e-02 -3.1932414112e-02 6.2419528417e-02
-1.5704970053e-03 -3.2493112247e-02 9.4369431566e-04
1.9796472522e-02 -8.3211913460e-03 6.2931812789e-03
1.9077093502e-02 2.0094447649e-02 -8.4688312172e-03
2.3494078908e-02 4.5895178488e-02 1.0739037951e-03
3.8702580137e-02 1.2659585689e-02 -6.3987203878e-03
5.4046055812e-02 2.1004587081e-02 2.5213682511e-02
1.0385031431e-01 2.1693391041e-02 9.2637835005e-02
6.5457810656e-02 8.0107578388e-03 1.2962718930e-01
4.5358789338e-02 -1.3721053730e-02 6.6091196706e-02
-2.9273646806e-03 -5.1179729894e-02 2.4400894023e-02
2.4079176000e-02 -1.9792536968e-02 7.0225645151e-02
3.4268154847e-02 -3.3694545388e-02 6.1692435468e-02
3.6635548991e-03 -5.4554880570e-02 6.2678234063e-02
-1.9083283126e-02 -4.6205352464e-02 3.6602436637e-02
-3.4005011643e-02 -2.6270579735e-02 2.1156038963e-02
-2.7106196442e-02 -3.6949306868e-03 1.2653503771e-02
-2.8336502477e-02 1.1487204821e-04 1.5933373155e-02
-5.1338769350e-02 2.5106298480e-02 1.4046044190e-02
-6.8937787592e-02 3.7862801783e-02 7.6090565547e-03
-6.4416791216e-02 4.8571335073e-02 1.0573750198e-02
-8.0005181630e-02 2.6380869314e-02 1.5561018250e-02
-1.1613294956e-01 5.3088251820e-02 2.5911027726e-02
-1.5324987082e-01 3.8478181901e-02 4.7668638935e-02
-1.2112148532e-01 3.1251777591e-02 5.1486088891e-03
-1.0958868942e-01 -6.3231906731e-04 -1.3110931628e-02
2.8809679772e-02 -2.1615208807e-02 6.8027113324e-02
2.7525065652e-02 -4.4000194409e-02 5.9196685890e-02
1.7397809947e-02 -6.1965733961e-02 6.7763253654e-02
-5.5586055166e-03 -6.0369393090e-02 3.6291954068e-02
-2.6891343579e-02 -4.2275974230e-02 2.5440825657e-02
-2.0874747389e-02 -2.3189626523e-02 1.2711511623e-02
-3.8849803310e-02 -1.2869753630e-02 1.0041873050e-02
-3.8149349827e-02 1.3579289923e-02 1.1157220308e-02
-6.6537576123e-02 3.2749553720e-02 2.4638486099e-03
-5.8559932673e-02 3.2043214192e-02 7.0764974816e-03
-8.5019993272e-02 2.6184351550e-02 1.1709787847e-02
-8.3723767265e-02 3.9455172718e-02 3.0613025767e-02
-1.0496964742e-01 3.2557289757e-02 3.8327415238e-02
-8.9124316648e-02 2.4436065639e-02 3.3262089301e-03
-6.2740528306e-02 2.9131276012e-03 -2.4261217363e-02
9.1282007546e-04 -1.3126869136e-02 5.1827718172e-02
9.7533337508e-03 -3.7725717281e-02 4.5476198535e-02
-1.4634003473e-02 -4.6954223685e-02 5.3162372855e-02
-2.6111760826e-02 -4.1367421021e-02 2.8237835744e-02
-3.2390386900e-02 -3.5589803789e-03 1.1078458986e-02
-3.0438929422e-02 9.7834068260e-03 -3.6345366174e-03
-5.5282003237e-02 2.4503685500e-02 -1.5418881330e-02
-5.7197972734e-02 4.9716945928e-02 -1.7569501706e-02
-7.3372999304e-02 7.0888176891e-02 -2.9426018669e-02
-3.3796673320e-02 6.4910853187e-02 -9.0453109841e-03
1.2050402956e-01 8.3122528796e-04 6.5826771374e-02
3.2469491451e-01 -1.6908871819e-02 -5.6915557793e-02
4.2581102636e-02 1.5854381610e-02 -9.6359163516e-02
-7.7378525324e-02 4.0971209978e-02 -4.6282815747e-02
-8.9042257956e-02 2.1422399841e-02 -5.6342522780e-02
2.4811007363e-02 -9.5924465318e-03 4.6397528218e-02
2.8430765637e-02 -4.0277316923e-02 3.0816733222e-02
-1.5229487334e-02 -2.9993657725e-02 2.6107618039e-02
-3.2106533807e-02 -1.0170400007e-02 -4.8706519185e-03
-4.4922124061e-02 2.1983185392e-02 -2.1187113561e-02
-1.8054807918e-02 1.2302717582e-02 -3.2802242866e-02
-3.6920427860e-02 1.4413378139e-02 -4.3139442664e-02
-1.4163147644e-03 7.4681122302e-03 -2.6486362961e-02
3.6372123134e-02 -1.7384462301e-02 1.1888578013e-02
2.0560144914e-01 -7.4564133669e-02 1.5515849803e-01
1.0707119151e+00 -3.7536835440e-01 4.2266797815e-01
1.5917828200e+00 -5.2180430438e-01 -6.3634576842e-01
4.9257844934e-01 -1.6598810882e-01 -1.1471813680e+00
-3.2824055934e-02 -3.6830395432e-03 -2.1557443899e-01
-7.2404171391e-02 -2.4225868736e-03 -6.5495899836e-02
1.6053693169e-02 -1.3558239115e-02 4.2263964038e-02
3.5650652549e-02 -3.6095069793e-02 2.9029803507e-02
-1.1800264871e-02 -2.2081065805e-02 2.9889005732e-02
-2.4075780157e-02 -9.0100978673e-03 6.5252954393e-03
-5.2089300699e-02 2.5305231505e-02 -2.0214739619e-02
-5.6824302227e-03 -2.2848432602e-03 -3.5503611471e-02
-2.2620717585e-03 -2.5340006053e-02 -3.5387703663e-02
3.3539422042e-02 -8.0857393231e-02 -9.8610684528e-03
1.2137728647e-01 -2.5154130763e-01 1.3250731420e-01
2.0991864615e-01 -1.6200763041e-01 3.0039971131e-01
-4.0106182152e-02 1.4934822950e-01 1.3552601317e-01
-6.9685284823e-01 2.3569008001e-01 -1.2617387538e+00
-5.5456836258e-01 1.5123615698e-01 -1.9126256515e+00
-1.9313791815e-02 -7.0815973000e-02 -4.0630949103e-01
-5.2915300371e-02 -1.6622714092e-02 -8.1145103000e-02
3.5175471949e-02 -3.3302235951e-02 5.4217933274e-02
5.6321648381e-02 -6.0914009327e-02 3.5794336505e-02
9.5839061527e-03 -5.6931566754e-02 4.0114366696e-02
-1.9094372653e-02 -5.1641728976e-02 1.4165108078e-02
-4.0560968559e-02 -3.9940014491e-02 1.2981857789e-02
1.7455578574e-03 -8.6801825149e-02 -1.4016279536e-02
-7.0605252721e-02 -9.4236472172e-02 -4.6382217252e-02
-1.2030920819e-01 -8.6554116561e-02 -4.9578888926e-02
2.3303424123e-02 -8.8108887701e-02 -2.5744056102e-03
5.9897539841e-02 -5.0841938235e-02 2.0775691973e-01
-7.3696078728e-01 8.0222556877e-01 -2.2044255515e-01
-1.2239608821e+00 9.0977334600e-01 -5.1777141576e-01
-1.0041931091e-01 -2.1961993231e-01 -3.4398100899e-01
6.0057514650e-01 -7.0154226845e-01 -3.4736054640e-01
1.0149717577e-01 -1.1691619468e-01 -2.1722437800e-01
3.6143652957e-02 -4.7762027439e-02 4.8144982374e-02
5.9044819225e-02 -6.2815824423e-02 3.3745871471e-02
-1.4845642543e-03 -5.5394072099e-02 4.5832457994e-02
-5.4077444798e-03 -4.6527721667e-02 3.5389977109e-02
-4.6716018408e-02 -4.8171162006e-02 2.6048483693e-02
-6.5511122784e-02 -2.6881987804e-02 -9.8264822121e-02
-2.1364702840e-01 6.2626851015e-02 -1.6649542563e-01
-1.6932457423e-01 2.0159963238e-01 -8.9630445464e-02
-1.9400205594e-01 5.2746918059e-01 -3.4907011118e-01
-5.4872984493e-02 2.4703051590e-01 -1.5058369570e-01
-2.1500978639e-01 5.7712433416e-01 -1.7445102807e-01
-1.6658034798e-01 2.7528506825e-01 1.5275548474e-01
6.1913908574e-01 -1.3347634342e+00 9.3873095940e-01
1.1801375269e+00 -1.3860168197e+00 -5.1901800226e-01
4.3702390055e-01 -1.0806602316e-01 -8.8688620175e-01
4.4427837640e-02 -3.7522885148e-02 4.5812758881e-02
6.0199908325e-02 -6.3405994322e-02 3.4460789963e-02
3.6038953203e-03 -4.5013581840e-02 3.3681406202e-02
-2.5373739177e-02 -3.9446106504e-02 2.0878594612e-02
-9.2913796447e-02 -8.4151768613e-03 -2.5798617621e-02
-1.2135537227e-01 1.1218849987e-01 -1.2787163052e-01
-1.4597774117e-01 1.5049506379e-01 -6.0519084113e-02
-9.2834314099e-02 2.7747503160e-01 -2.4155281836e-01
-1.9149476991e-01 6.2633138034e-01 -3.5826015675e-01
-1.1428407635e-01 4.5593257172e-01 -1.5060381950e-01
-9.9288272234e-02 3.3769861194e-01 -7.1936753992e-03
-4.2335789073e-02 -1.3744060681e-01 4.1028246162e-01
9.9328314545e-02 -1.4091114867e+00 1.5318283434e+00
6.5092532443e-01 -8.1577632285e-01 -1.8415036093e-01
5.3426623328e-01 3.1636754573e-01 -1.8795851862e+00
4.2079319468e-02 -4.2039864400e-02 5.4631951331e-02
5.4578307458e-02 -5.9359931285e-02 4.0283100410e-02
2.2222193518e-02 -5.5990572006e-02 4.1941648841e-02
-1.8250787449e-02 -3.4726073145e-02 1.9991772781e-02
-5.7169600301e-02 1.8205727984e-02 -2.0190996076e-02
1.2035670266e-02 9.7899962031e-02 -3.2475661522e-02
-1.6066357435e-01 8.5248334895e-02 4.3656592757e-02
-1.7399150098e-01 4.0040328100e-01 -1.8017750841e-01
-1.6958387815e-02 6.6451559897e-01 -2.5951407133e-01
4.2761167595e-02 4.1590548836e-01 -1.8077108924e-02
-4.8585167553e-03 2.5279614952e-01 -4.4428298225e-02
-8.6080363317e-02 -1.5724748564e-02 1.5916716430e-01
-1.1873906368e-01 -1.8785968806e-01 8.6455287679e-01
-1.7942394377e-01 2.6155463306e-01 -2.3031281214e-01
-4.0376180018e-01 7.2851489777e-01 -2.3665506144e+00
1.8721039634e-02 -3.0620130625e-02 5.6348830973e-02
3.3301201922e-02 -4.0304249547e-02 5.7488558547e-02
3.0210309938e-02 -4.1825086238e-02 6.0476064919e-02
3.0263891299e-02 -4.6367739661e-02 6.2046399355e-02
2.2843735530e-02 -4.8823304095e-02 6.0400458549e-02
9.3837806298e-02 -7.1958232159e-02 1.8282651622e-02
4.9774569986e-02 -1.3656214704e-02 -1.6269409491e-02
-2.8164692497e-02 2.7152520046e-01 5.3782496714e-03
6.1231441126e-02 2.9912261222e-01 -2.7612763368e-01
5.9750870963e-02 5.7926135803e-02 7.6749217608e-02
3.6236522466e-02 -1.2788722383e-01 1.0522838680e-01
-4.1153088662e-02 -2.4372501667e-01 6.1925120661e-02
-5.5767227830e-01 1.5494112670e-01 -1.9790769999e-01
-1.3338313384e+00 3.8409574896e-01 -1.0535134441e+00
-9.5896059953e-01 3.9273563412e-01 -1.4205328979e+00
3.5308999277e-02 -3.1951845135e-02 6.1485576574e-02
4.9613031901e-02 -5.2351182446e-02 5.6033854972e-02
3.7037361399e-02 -5.2406900144e-02 5.6944212029e-02
4.6988951318e-02 -5.0344011780e-02 5.8688287081e-02
2.3427742696e-02 -4.9131775616e-02 6.2599946428e-02
1.4624966051e-02 -6.5920153625e-02 1.1920704410e-02
1.0772224323e-02 -6.1116581262e-03 1.0478333331e-03
6.3957540117e-03 5.3816139611e-02 1.1113361011e-01
1.8206782633e-02 3.7652999688e-02 4.7220812245e-02
4.6887513321e-02 -1.2888316785e-01 3.9486587513e-01
-2.3992240030e-01 -4.5576875709e-01 3.5952950671e-01
-5.6725129376e-01 -7.2896543297e-01 5.7473094404e-02
-1.2488385255e+00 -4.8457912179e-01 -5.5691442660e-01
-1.3571963278e+00 -8.0359511419e-02 -8.2418741387e-01
-3.2641561377e-01 5.9254396560e-02 -3.0594967803e-01
2.9078050850e-02 -3.4095271369e-02 5.2593124239e-02
3.9929486686e-02 -5.6090353683e-02 4.7227039511e-02
3.3881405121e-02 -5.6499897720e-02 5.5800647425e-02
3.1667046397e-02 -4.9381321663e-02 5.2028108463e-02
1.5119434166e-02 -4.2771488679e-02 5.1487451984e-02
8.4799300492e-03 -3.3223593863e-02 2.3872188826e-02
7.0207442618e-03 -3.5871239424e-02 2.1102814118e-02
1.3663727223e-02 -8.3584297028e-02 7.4634498105e-02
-1.8058038738e-02 -1.7949143891e-01 3.0965126132e-01
-1.0688164551e-01 -4.9592309647e-01 5.3298526836e-01
-5.2325892697e-01 -8.3208468510e-01 2.8029347521e-01
-8.4105378315e-01 -8.6477004978e-01 -1.1560928314e-01
-6.2219246827e-01 -4.4287689695e-01 -3.6920988220e-01
-3.0524815315e-01 -4.2799992486e-02 -2.3263158946e-01
-4.6781626459e-02 1.5346546207e-02 -4.9414554701e-02
2.8899918207e-02 -2.3107056548e-02 5.6724388214e-02
4.8568774853e-02 -5.1929387395e-02 5.3681380959e-02
3.6247882926e-02 -4.6989529858e-02 5.2699776514e-02
2.3957065903e-02 -3.9626494323e-02 3.8195096734e-02
6.3289282188e-03 -1.7998454338e-02 3.9068619890e-02
6.0590550623e-04 -1.3029534455e-02 1.7880025832e-02
-6.8308211977e-03 -1.9323476341e-02 2.3413306590e-02
6.2845971629e-05 -5.4785925331e-02 6.4548242924e-02
-2.2346001875e-02 -1.8162859524e-01 1.7625523197e-01
-1.3494223722e-01 -4.5766533635e-01 2.8139742832e-01
-3.3879954467e-01 -7.2831449296e-01 1.4475360592e-01
-4.5680647266e-01 -6.4930917742e-01 -1.0096309974e-01
-1.9023677590e-01 -2.3906030079e-01 -1.3346581054e-01
-2.3054100557e-02 -2.0347543633e-02 -4.5170134206e-02
-2.0157246707e-02 -1.0065991629e-02 -5.2662999867e-02
2.1833105369e-02 -2.9147370815e-02 4.8699185583e-02
4.5364596409e-02 -5.3429894600e-02 4.6264249605e-02
2.6269072448e-02 -5.2420845429e-02 4.9302579643e-02
2.2521073800e-02 -4.6512305590e-02 3.8826463358e-02
-1.2631965111e-02 -2.0453853170e-02 3.1222923916e-02
9.9376098889e-04 -2.2613819340e-02 1.0859527460e-02
-1.0600052663e-03 -1.4159509756e-02 3.1234279739e-03
-9.8332506883e-03 -2.5358573519e-02 1.8223255274e-02
-5.6724344379e-02 -6.0885327735e-02 1.6706774547e-02
-9.9089262951e-02 -1.5120321814e-01 3.7771698071e-02
-1.4506212814e-01 -2.0628788588e-01 1.4112099927e-02
-1.3422570983e-01 -1.2935630994e-01 -2.1010250568e-02
-5.0387577783e-02 -1.3747121919e-02 -7.0928310144e-05
-1.7390642433e-02 1.4385341113e-03 -2.3976857719e-02
-3.0210662811e-02 -1.8270697080e-02 -5.4218881246e-02
2.0404524547e-02 -2.7274869266e-02 5.3646434289e-02
3.5558970988e-02 -4.5343966190e-02 4.5123878193e-02
2.9524557677e-02 -4.3903078892e-02 5.0691476367e-02
2.6592408218e-02 -4.0213249966e-02 4.3293869917e-02
4.1004243591e-03 -2.7170234247e-02 4.1894344320e-02
8.2386575975e-03 -4.1819890071e-02 1.3337818098e-02
1.4006532524e-02 -3.5012494980e-02 1.6708934624e-02
1.1542473383e-02 -7.3011668968e-03 3.9399111280e-03
8.1969171192e-03 4.6170603462e-03 9.7198546045e-05
-3.7341705173e-04 -1.2665829996e-02 -1.1039398830e-02
1.5834567899e-02 -1.7161570573e-02 -3.1434748688e-03
1.9801333643e-02 1.1588288605e-02 3.1756060499e-02
1.9781117165e-02 6.0898149638e-03 6.5677723041e-02
2.0225460611e-02 -1.9177619387e-02 3.1495786177e-02
-1.4324525841e-02 -3.0407589588e-02 -5.2186284294e-02
5.6727233096e-02 -4.9401183242e-02 5.9036348899e-02
6.9679548077e-02 -7.0276937798e-02 3.9917374103e-02
6.1322465705e-02 -6.5425221339e-02 5.3999706687e-02
4.1718587269e-02 -5.9287175518e-02 4.9516884177e-02
2.8592826060e-02 -4.0930794398e-02 4.9155375861e-02
2.3321840202e-02 -5.0409760411e-02 1.6914669040e-02
2.7039237083e-02 -3.1467543253e-02 1.2887533555e-02
3.6422308876e-02 -5.3106173262e-03 -1.1539177873e-03
3.8171654842e-02 2.4153817903e-02 1.1658447968e-03
4.2652666395e-02 1.4409047855e-03 -3.7847491062e-03
4.0954418150e-02 1.1757106921e-02 1.2268152215e-02
5.9206156603e-02 2.8529152723e-02 5.5153766060e-02
4.9041761459e-02 1.8763066537e-02 8.9505298142e-02
3.4658281699e-02 1.7741829247e-03 3.2513251746e-02
-8.6542651918e-03 -1.7572726436e-02 -1.8472263466e-02
8.9067278464e-03 -1.1991407792e-02 6.0291848245e-02
1.8848857242e-02 -2.7292216853e-02 5.1823088295e-02
-3.6738682383e-03 -4.0114592304e-02 5.4619601539e-02
-2.3989936794e-02 -3.7451581812e-02 2.8439310532e-02
-3.6580502064e-02 -6.0650801900e-03 1.0160754681e-02
-2.8247429838e-02 1.4453572557e-03 -2.6318766072e-03
-2.7894012259e-02 -1.1975809309e-03 9.2567742267e-03
-5.7753392970e-02 2.5375211920e-02 7.5280252452e-03
-6.4686960674e-02 4.4224378243e-02 8.0803576541e-03
-7.5704920197e-02 6.0945631455e-02 -4.2033779585e-04
-8.4962000322e-02 3.9073580531e-02 1.2647266485e-02
-1.1710444320e-01 6.1687853663e-02 2.0341105935e-02
-1.4556455097e-01 5.2300563400e-02 4.6371740189e-02
-1.3188845037e-01 6.2287475573e-02 1.2939142860e-02
-8.9544910113e-02 1.6480288472e-02 9.0189734920e-03
2.6041546640e-02 -1.5040237015e-02 5.6362898457e-02
2.9411894128e-02 -4.5670467709e-02 4.7727620164e-02
2.0881358668e-02 -5.4155499867e-02 5.9200164229e-02
6.1461002292e-03 -5.8548759219e-02 2.3564267869e-02
-1.1448127804e-02 -3.4651954325e-02 1.2331208505e-02
-7.4289517319e-03 -2.8709925856e-02 -1.6609199918e-03
-2.0517824967e-02 -2.5598529402e-02 5.7138677142e-03
-2.9409535557e-02 5.9029534982e-03 2.5960218125e-03
-4.8308312968e-02 2.8590153304e-02 4.5035900649e-03
-5.0244859420e-02 3.9672711053e-02 -7.3113798200e-03
-6.9051959506e-02 2.5636678010e-02 5.1460294667e-03
-8.5057744077e-02 4.8264109054e-02 2.0372512521e-02
-9.8105055181e-02 3.1456159021e-02 4.8364613607e-02
-8.1313530024e-02 3.9580467909e-02 8.4964856506e-03
-4.8581210316e-02 5.2127550894e-03 -6.8378464481e-03
-3.0689651809e-03 -8.9396178462e-04 4.0457664996e-02
8.5848457739e-03 -3.3481076122e-02 3.5261909495e-02
-9.5543568110e-03 -3.7508608148e-02 4.9503310851e-02
-1.4118939142e-02 -3.1155121556e-02 2.0844811836e-02
-2.3710666761e-02 1.1082383616e-02 -8.7189362860e-04
-1.5460431757e-02 1.2518522897e-02 -1.0237354145e-02
-2.9473942905e-02 2.1087485729e-02 -6.0698747344e-03
-4.6437083659e-02 5.0334119819e-02 -1.6004659224e-02
-6.2096040536e-02 7.5214646588e-02 -2.0219949611e-02
-5.6822419750e-02 8.2261304750e-02 -3.6159301929e-02
-4.1087381626e-02 4.6016235342e-02 7.0394950266e-03
9.1099126890e-03 3.5522306744e-02 -1.0757409745e-02
-6.3267902575e-02 3.8392818846e-02 4.0137206929e-03
-1.0001451734e-01 6.9461221197e-02 -3.3174742051e-02
-7.6629088550e-02 2.7053996333e-02 -3.2722163617e-02
1.6687383623e-02 -7.9862520863e-04 3.0704805706e-02
3.1176554997e-02 -3.6387355747e-02 2.2560872797e-02
-3.4577999041e-03 -1.9552714734e-02 1.7007491507e-02
-1.4193428330e-02 -1.1207974937e-02 -1.1311727724e-02
-2.7681985509e-02 2.5391906517e-02 -2.4383792161e-02
-7.8645200929e-03 1.7394716660e-02 -4.1530400130e-02
-2.4128742314e-02 1.9819525083e-02 -3.6874406716e-02
-1.5650442061e-02 3.7901703961e-02 -3.5637867305e-02
-2.8394791845e-02 5.8464616313e-02 -3.3673630758e-02
3.4765692035e-02 1.5147179197e-02 1.2055425114e-02
4.1960733896e-01 -2.8666564886e-01 2.4096772244e-01
9.2343004884e-01 -5.4285833545e-01 -1.1615055928e-01
3.5289605500e-01 -1.8363154817e-01 -4.2722335527e-01
-5.7314873219e-02 3.0807220344e-02 -1.0813977241e-01
-6.3029627095e-02 5.5867608324e-03 -5.1411028657e-02
1.6174563523e-02 -6.6671470137e-03 3.4829158732e-02
5.2744909760e-02 -3.4720233194e-02 3.2284833526e-02
7.5122626947e-04 -1.6072088263e-02 2.9518476614e-02
-1.2002037688e-02 4.8495241717e-03 2.1110855910e-03
-3.5414918444e-02 4.2499874507e-02 -1.5598290733e-02
1.5257449484e-03 2.1217233828e-02 -3.6542505831e-02
-1.2696513303e-02 2.1725778619e-02 -3.6604879200e-02
-1.7729152558e-02 2.3389439298e-02 -3.5764953078e-02
-1.8182678302e-03 -1.0700130511e-02 2.7554585301e-02
1.3001269282e-01 -1.0707951532e-01 1.9425388950e-01
5.4632302645e-01 -5.3899357102e-01 5.0457232022e-01
8.6836491144e-01 -6.6176712464e-01 -4.9466087360e-01
5.1613508581e-01 -4.5721486029e-02 -1.5350316457e+00
1.2291478192e-02 6.4470602905e-02 -3.6875047107e-01
-5.4549096447e-02 4.7349045448e-03 -4.7140735349e-02
2.2986642442e-02 -2.8344730809e-02 3.5774414241e-02
4.3866097369e-02 -6.3613794212e-02 2.1642608177e-02
8.9854695198e-03 -5.1643902219e-02 3.0432105913e-02
-2.3559703460e-02 -3.5477238729e-02 2.3814876015e-03
-2.1861243268e-02 -1.9590629203e-03 -4.9720740271e-04
-7.7520646385e-03 -2.8625303432e-02 -2.7906530776e-02
-9.4423306079e-03 -3.5602066692e-02 -1.0011997722e-02
-1.1173785890e-02 -5.6817491990e-02 -4.2659825965e-03
-1.5983331148e-03 -1.2085103955e-01 1.4617467114e-02
-1.9188738258e-02 -2.9804725823e-02 1.4460609399e-01
-1.8204672454e-02 -2.4318330259e-02 2.2708721506e-01
-8.3094903718e-02 4.1405267770e-01 -4.2583975921e-01
1.5587129591e-01 1.1074130681e+00 -1.6912061006e+00
2.4585858015e-01 3.0951811036e-01 -7.4350346824e-01
4.1736817698e-03 2.1667504844e-03 -8.8153746390e-02
3.1939871636e-02 -4.7370813459e-02 3.9102321910e-02
5.4025886032e-02 -6.8648024434e-02 3.1386790306e-02
1.1999570463e-02 -5.7895641869e-02 4.5372139191e-02
6.0522292098e-04 -3.6611787171e-02 3.3180135028e-02
-2.7868869897e-02 -3.9351010752e-03 2.0830409488e-02
-7.7748587708e-03 -1.6865096694e-02 -1.0143046339e-02
-1.7043793144e-02 -1.8482523147e-02 7.6434301152e-03
-1.4168938839e-02 2.4129259874e-02 -5.8837347236e-03
-6.5236227007e-02 4.5249373100e-02 -1.0390892571e-01
-1.2702272996e-02 2.0071913706e-01 2.5578536446e-02
6.9660429033e-03 2.7894523912e-01 3.9029313997e-02
-9.4645759230e-02 9.7676025075e-01 -1.8612915591e-01
2.7465838367e-01 1.8507318280e+00 -8.5387905423e-01
7.3349660993e-01 7.0112002374e-01 -9.4349909305e-01
2.8709438561e-01 1.5213005749e-02 -3.5814992446e-01
2.4770552185e-02 -2.5026631111e-02 2.9890478549e-02
5.4381782528e-02 -5.8656102476e-02 2.9213928141e-02
-3.2490041149e-03 -3.3634032091e-02 2.8398165091e-02
-2.2088213064e-02 -5.8675420492e-03 2.2408439374e-03
-4.8395465063e-02 3.8687711368e-02 -1.4030651489e-02
-2.1543027012e-02 5.4542718074e-03 -1.9397397842e-02
-8.3568255050e-03 -1.6888411819e-02 -1.3419078898e-02
-7.3043736305e-03 9.4345001502e-02 -1.1827561863e-01
-1.0353028580e-01 2.1937719264e-01 -6.2580766227e-02
-8.8695100578e-02 4.2846899173e-01 1.3548047769e-01
-7.9858302922e-02 8.7240071763e-02 2.0903372243e-01
9.5596475753e-03 4.4790806161e-01 1.6232141945e-01
3.2132418735e-01 1.2736266130e+00 1.8029788902e-01
9.6149941548e-01 3.9410291898e-01 -3.4299121054e-01
6.2851193405e-01 -2.3149960728e-01 -1.2532699861e+00
3.6788593785e-02 -3.7430166347e-02 4.8043964942e-02
5.8191279344e-02 -5.9936875873e-02 4.1176445467e-02
1.8856507404e-02 -4.5560328685e-02 3.7696889472e-02
2.1328567590e-03 -2.4922494086e-02 1.5321961227e-02
-2.2752007406e-02 3.9520216973e-03 1.7064761591e-02
-1.9660198523e-02 2.8131148911e-03 -1.2373063185e-02
-5.4157142908e-02 -7.7900698340e-03 4.3846957612e-03
-3.0880316354e-02 1.0198342792e-01 -1.1538790699e-01
2.0052057242e-02 2.2122863346e-01 -1.7000426398e-02
5.4146503577e-02 3.2160248568e-01 2.5136549825e-01
-1.4807651162e-01 -1.2751472610e-01 1.9639013984e-01
-7.8382885009e-02 -2.7769534573e-01 4.9532685083e-01
5.4981135737e-02 2.2295964679e-01 7.4260993794e-01
-1.6371942344e-01 -4.1552947803e-01 -1.2274014927e-01
-4.2529812669e-01 -5.6277163299e-01 -2.0649051082e+00
9.9172855950e-03 -2.4000132704e-02 5.0787484408e-02
3.1664901035e-02 -3.9989993213e-02 5.3755613883e-02
2.2928410319e-02 -4.0442288472e-02 5.6932638014e-02
2.0405138278e-02 -3.8007131467e-02 5.0346261998e-02
1.2049497560e-02 -2.6274388301e-02 5.3631978840e-02
1.4851327550e-02 -3.4370298241e-02 2.8970442991e-02
2.3159077644e-03 -3.0420336517e-02 5.4457586471e-02
-2.2542930426e-02 1.1172790232e-02 8.1192544584e-03
2.4854156157e-02 -6.1502984073e-03 -8.6116740527e-03
8.1081823866e-02 -5.7226659564e-02 1.8868619216e-01
-7.9971587909e-02 -6.3466485235e-01 2.4327755943e-01
-2.7937969912e-01 -8.8565879917e-01 5.3340553013e-01
-1.0200317163e+00 -7.8963438630e-01 3.6767470148e-01
-1.9360970018e+00 -1.0925273138e+00 -8.2448499939e-01
-1.1198299113e+00 -4.3548969566e-01 -1.3275630343e+00
3.3356909136e-02 -3.0516597181e-02 5.3362581806e-02
5.0778743629e-02 -5.1293040523e-02 5.0604178181e-02
4.1486139143e-02 -5.4771234153e-02 5.4382009254e-02
4.3657654219e-02 -6.1239919715e-02 4.0941179558e-02
3.5751780074e-02 -4.8977280958e-02 4.4033968095e-02
2.3055976507e-02 -5.3809318967e-02 2.4835422797e-02
1.0111258565e-02 -5.0973625414e-02 4.2752089697e-02
3.9099162041e-03 -4.3156434511e-02 3.8674007666e-02
1.5539049201e-02 -7.4822616985e-02 3.7742462821e-02
1.2856664799e-01 -1.4040224162e-01 1.8485102357e-01
-1.1127716535e-01 -6.5112986650e-01 3.2782173912e-01
-5.7427874235e-01 -1.0403813623e+00 3.1669359299e-01
-1.2062507538e+00 -7.8944099678e-01 1.9956451585e-02
-1.2665703043e+00 -5.5537595086e-01 -4.4791968498e-01
-3.1229131812e-01 -1.0430290357e-01 -2.4177390581e-01
2.5851447787e-02 -3.1382477124e-02 4.7147388167e-02
5.1251766162e-02 -4.9254479713e-02 4.8578857720e-02
4.2210299035e-02 -5.7702605401e-02 5.4678278228e-02
4.0208947149e-02 -5.6593221191e-02 4.5583425946e-02
1.9883720208e-02 -4.1178703788e-02 4.5621828637e-02
1.8394979417e-02 -4.1792137570e-02 2.7190311432e-02
1.4988552438e-02 -3.7665088072e-02 3.7524840040e-02
-4.3100512241e-03 -2.9111091999e-02 2.8375428155e-02
-2.1162038099e-02 -3.7521446434e-02 6.0666489985e-02
-4.1170444781e-02 -9.7647094140e-02 1.1506101898e-01
-1.6619042226e-01 -2.7806793622e-01 1.6258300968e-01
-3.4803770039e-01 -3.7566191185e-01 6.2039005541e-02
-2.4452926303e-01 -1.5262008754e-01 1.8546856101e-02
-1.5680745055e-01 -1.1313497137e-02 -3.6459055036e-02
-2.4102726505e-02 1.1295296607e-02 -1.5371138458e-02
1.9493096954e-02 -2.1516248481e-02 4.8475083091e-02
5.0745429697e-02 -5.1113970647e-02 4.7978784073e-02
3.0894419375e-02 -4.7750129913e-02 4.5313125688e-02
2.2322051788e-02 -4.0110336683e-02 2.9538859941e-02
1.1737405814e-02 -2.2207705000e-02 3.0015983119e-02
1.0418052949e-02 -3.0357164648e-02 1.1387537861e-02
-8.8769338778e-03 -2.2960039197e-02 1.4048346364e-02
-7.0429762383e-03 -1.1272024114e-02 7.5251115188e-03
-6.8866421960e-03 -2.3638013799e-03 1.3801799227e-02
-2.5204753525e-02 -2.5644160526e-02 -9.0952415225e-03
-4.5524450280e-02 -7.4658382371e-02 -6.1378749370e-03
-6.8845326814e-02 -4.1556412942e-02 -7.4364409040e-04
-2.4900636876e-02 1.1756498196e-02 2.2100705084e-02
-1.8413399862e-02 2.7334885341e-02 -8.7927588913e-03
-1.5393959675e-02 -6.5222074198e-03 -3.9059922191e-02
1.8148686971e-02 -2.5505561306e-02 4.5681442326e-02
5.3268367541e-02 -4.7635252497e-02 4.5338344528e-02
2.5551150588e-02 -4.7742138420e-02 4.3398196224e-02
2.6680952200e-02 -4.0142758248e-02 3.0394318124e-02
2.9231606199e-03 -1.5562442042e-02 2.8977505829e-02
8.2384404974e-03 -3.1211386818e-02 9.9900264626e-03
3.5430331388e-03 -2.7880565926e-02 1.2456211587e-02
-7.4660515647e-03 -2.2057665113e-02 3.1119228831e-03
-6.0772191629e-03 9.2097326604e-03 -9.0647189103e-03
-4.6219592088e-03 1.5519878751e-02 -2.5510730009e-02
8.2746953188e-03 1.5961511133e-02 -2.5371421065e-02
-1.9444044490e-03 3.7825768938e-02 7.7350509568e-04
-3.9245057795e-03 2.3508781543e-02 3.0778453377e-02
-1.5827600731e-02 5.3630596160e-03 2.7871408113e-03
-1.4336272293e-02 -1.6474246591e-02 -4.1599602697e-02
1.8983369653e-02 -2.7355809112e-02 4.4319798410e-02
4.2051659953e-02 -4.2887177736e-02 3.4929936931e-02
2.1778869575e-02 -4.4260122969e-02 3.8807764703e-02
1.4703031764e-02 -4.2521842923e-02 2.8535944406e-02
3.0908609583e-03 -1.7805020213e-02 3.0075675294e-02
7.2014539844e-03 -3.6952187984e-02 8.5682356166e-03
9.2040182742e-03 -3.3907390602e-02 1.3375883385e-02
-9.6415199158e-03 -2.1163096885e-02 2.3484762420e-03
5.4991798490e-03 5.4939647358e-03 -4.9772585882e-04
-3.9022307237e-03 3.8422962622e-03 -1.5319765367e-02
1.9504524571e-02 4.8261438112e-03 -1.0512694262e-02
1.3763634606e-02 1.8779014735e-02 2.7476835598e-02
1.4311917477e-02 7.5369592266e-03 5.7812365182e-02
9.5005722483e-03 -8.1049144626e-03 2.3741015223e-02
-9.2018383185e-03 -2.1752879418e-02 -3.7887055255e-02
5.0461324123e-02 -5.0696360224e-02 5.0253612231e-02
7.2868238069e-02 -7.3833692425e-02 3.7545150202e-02
5.7070473125e-02 -7.3258298534e-02 5.0702183262e-02
3.7357197891e-02 -7.0544818767e-02 3.8989555666e-02
2.9714801672e-02 -4.4639365742e-02 4.5659338846e-02
2.3409855702e-02 -5.5679785354e-02 1.3517501039e-02
1.7339337881e-02 -4.3079271515e-02 1.6766987654e-02
1.5099172953e-02 -3.0539672502e-02 6.7108475213e-03
2.4071202664e-02 -6.0866863246e-03 1.1648477023e-02
2.3953128936e-02 -1.4800628281e-02 5.6062397773e-04
3.2153599813e-02 -5.6425691487e-03 1.0601397009e-02
3.2617943417e-02 2.5250046398e-03 5.5286145080e-02
3.8162066915e-02 6.0400637825e-03 7.8540401175e-02
2.9097184016e-02 9.0529949820e-04 3.8242121375e-02
7.7120352870e-03 -1.6683978143e-02 -1.6477547741e-02
-9.4513270909e-03 -6.9825670784e-03 6.6930253110e-02
2.4879927898e-03 -1.9732077962e-02 6.8309480641e-02
-7.1474331472e-03 -3.5559602481e-02 7.0128698545e-02
-2.6215975414e-02 -3.4985270090e-02 4.9789617465e-02
-3.8648950277e-02 -4.8955847902e-03 2.5732058869e-02
-3.2344350043e-02 1.0111380376e-02 2.1320890200e-02
-2.9445790104e-02 5.4656044160e-03 2.7105180656e-02
-5.2602582752e-02 2.2745808809e-02 2.1702814746e-02
-6.3729360676e-02 3.4824401386e-02 1.8265565925e-02
-7.4453502150e-02 5.7676128313e-02 8.6590435202e-03
-8.0243118377e-02 4.8609283435e-02 2.4851880374e-02
-1.0055688989e-01 7.5935360282e-02 1.6429034098e-02
-1.2462153696e-01 7.2522094501e-02 3.8429401851e-02
-1.0798895188e-01 7.7802936101e-02 -3.2791707148e-03
-6.5210637683e-02 4.1826120432e-02 -2.4203864168e-04
6.5710808499e-03 -1.2063596121e-02 7.1857160151e-02
6.8638862759e-03 -2.6922988185e-02 7.1870904300e-02
-5.1878082350e-03 -4.4738217220e-02 7.3245693232e-02
-5.3755639294e-03 -4.3573570802e-02 5.2472805207e-02
-1.9135340613e-02 -2.1285881024e-02 2.8047527253e-02
-1.2714705754e-02 -9.4736491931e-03 2.3802716199e-02
-2.4175728948e-02 -1.4133422517e-02 2.8650176915e-02
-2.8523587235e-02 3.9492604554e-03 2.1045681933e-02
-4.9412820467e-02 2.4254850853e-02 1.5890014845e-02
-5.4799454820e-02 4.1287041092e-02 6.0006056158e-03
-6.9544928069e-02 4.1814950060e-02 2.3309673579e-02
-6.9400970559e-02 6.2389146397e-02 1.7947260247e-02
-7.3700237580e-02 5.6944700746e-02 3.7472049818e-02
-5.1882924824e-02 5.8018911357e-02 -1.0462442942e-02
-2.7167059446e-02 3.4660683232e-02 -1.1342114693e-02
-2.1778249785e-02 1.7491109304e-03 5.1508976626e-02
-1.1175759081e-02 -1.9452733594e-02 5.9728624178e-02
-2.7913163640e-02 -2.6056005329e-02 5.5508047806e-02
-2.1337416225e-02 -1.9048788691e-02 3.8556963293e-02
-3.2107954053e-02 1.2629716912e-02 8.3463161279e-03
-2.2731898509e-02 2.3865539738e-02 5.9161752385e-03
-3.0561075074e-02 2.5401972192e-02 5.3820534723e-03
-3.6148374031e-02 4.0004204969e-02 -2.8725912780e-03
-5.2924946344e-02 5.4593666696e-02 -1.0775014501e-02
-6.3054710876e-02 8.4212086783e-02 -3.2456947676e-02
-7.3337051159e-02 7.3374288648e-02 -9.4120892718e-03
-8.0383451876e-02 9.7886068333e-02 -1.9520009153e-02
-9.1590173749e-02 7.7970621520e-02 -3.4712917144e-04
-7.5917103845e-02 7.7611915264e-02 -4.6496706864e-02
-5.4469299944e-02 4.7275870598e-02 -4.3819316536e-02
6.0161330982e-03 8.7187818838e-03 4.7198432668e-02
1.0696937955e-02 -1.6918428265e-02 5.0598687527e-02
-9.6476288384e-03 -1.1199720817e-02 3.9799378770e-02
-1.1933820242e-02 4.4444672223e-03 1.0026784855e-02
-2.2192283596e-02 3.2868428260e-02 -1.2352896261e-02
7.6214344021e-04 3.1595160491e-02 -1.3324894857e-02
-7.3914118544e-03 2.7356368728e-02 -1.6345197481e-02
-2.3251781122e-03 4.0808937016e-02 -2.1863534102e-02
-3.0732145701e-02 6.4584765470e-02 -3.1517707131e-02
-2.8230854156e-02 7.1524233730e-02 -3.8233028380e-02
-1.5500850631e-02 1.7402775808e-02 1.5143896973e-02
9.0299035855e-02 -7.1070076239e-02 -1.5353095359e-02
8.1490144054e-03 -2.3587952297e-02 -6.5086623456e-02
-6.6925957663e-02 6.1701069327e-02 -6.1491847704e-02
-4.4218625376e-02 2.5684688317e-02 -5.5875533011e-02
-7.2447921261e-03 -4.9225118217e-03 4.2736567268e-02
9.9676960467e-03 -2.6083429953e-02 4.3263946394e-02
-1.9683227084e-02 -1.4502008483e-02 3.4151522848e-02
-3.1897428784e-02 4.2193706298e-03 1.0521746270e-02
-4.0802809562e-02 3.6612280955e-02 -1.2947246020e-02
-1.5477367385e-02 2.7063705087e-02 -2.3115183929e-02
-1.7668372365e-02 2.6507243898e-02 -2.6720812699e-02
-2.6162628744e-02 3.4677719237e-02 -3.5823347383e-02
-4.6110341673e-02 4.7477295472e-02 -3.9306604899e-02
-3.0337828113e-02 1.8223240397e-02 -1.0915315113e-02
1.3094441227e-01 -3.0366147957e-01 2.2464291537e-01
5.6673780637e-01 -8.7622732677e-01 1.5363586874e-01
4.8470040654e-01 -5.7978523303e-01 -3.8701473112e-01
2.9480400331e-02 -4.6978243299e-02 -1.7793647698e-01
-5.1644881645e-02 2.2137958405e-02 -5.5938773238e-02
-2.2361260201e-03 -1.7958792668e-02 4.9656582368e-02
1.8028824824e-02 -4.2853108777e-02 4.4003003299e-02
-8.1821863330e-03 -3.3746596639e-02 4.1578039419e-02
-2.3322822399e-02 -2.3427622962e-02 2.3557217631e-02
-2.9592762409e-02 1.0359115188e-02 9.4566438490e-03
-1.3541153265e-02 1.2825441838e-03 -1.5719421133e-02
-6.9261093125e-03 -1.9671515545e-03 -1.4154389424e-02
-1.2165285235e-02 4.8393404490e-03 -1.7550767350e-02
-1.6906879102e-02 7.8137347374e-03 -1.4976507857e-04
-1.9079380525e-02 -2.9833294722e-02 6.4895912731e-02
1.9607502565e-01 -6.8228167201e-01 5.1614270739e-01
5.6184295398e-01 -1.3879076592e+00 5.7857399910e-01
8.2433897821e-01 -9.6877061871e-01 -7.7630699285e-01
3.7765555066e-01 -3.2853234389e-01 -6.4316633888e-01
1.0822734934e-02 -1.8911746390e-02 -8.6112159933e-02
9.7562525692e-03 -4.2080860557e-02 5.2844027272e-02
2.6703677578e-02 -5.7346696274e-02 4.9293979885e-02
-1.6938234479e-02 -4.9206455979e-02 5.2734173522e-02
-2.0848901293e-02 -1.8601098609e-02 3.0016849353e-02
-4.0307367918e-02 1.2041350433e-02 8.2067517180e-03
-2.0036715468e-02 1.2860757200e-02 -1.3608684527e-02
-3.1350934742e-02 1.6842696565e-02 -1.2450492176e-02
-2.7081272905e-02 2.2578448210e-02 -1.9236692841e-02
-3.5153747109e-02 4.8727035169e-03 2.2169631626e-03
-1.4240866625e-02 5.9408977442e-04 8.2449854437e-02
6.5766018100e-02 -5.7658212383e-01 4.4556587938e-01
5.4878565715e-02 -9.9695991491e-01 7.2662007270e-01
3.9198592048e-01 -9.3785729772e-01 -5.1276452118e-01
6.1884592753e-01 -7.4272785019e-01 -1.3154964338e+00
1.5495101242e-01 -1.0785696577e-01 -3.4958840392e-01
4.3566720550e-03 -1.9582943326e-02 4.1715683063e-02
3.3979310915e-02 -4.4814073341e-02 4.5196914330e-02
-6.6544744970e-03 -2.3399523426e-02 3.9279461528e-02
-2.3978683810e-02 5.6138854346e-04 1.4449590031e-02
-5.2347745454e-02 4.3481560831e-02 -1.5805128341e-02
-3.8820544143e-02 3.2548678721e-02 -2.7076302727e-02
-3.2795984126e-02 2.5808859255e-02 -1.8181376247e-02
-4.0707211711e-02 4.8761409703e-02 -2.9284782625e-02
-4.1967032962e-02 2.4129772568e-02 1.8454936256e-02
-4.6936238603e-02 4.8354480658e-02 1.1141463585e-01
-3.3449506805e-02 -4.3131588941e-01 3.8981482905e-01
-2.1897468548e-01 -1.0379881993e+00 8.6249246144e-01
-3.4416443593e-01 -1.4084070747e+00 4.2663207311e-01
1.1814477490e-01 -1.4574489900e+00 -1.0612997801e+00
1.6828707218e-01 -6.0146329897e-01 -8.9110562020e-01
1.7406633019e-02 -2.9972895259e-02 5.3597517101e-02
3.2636910241e-02 -4.6175019666e-02 5.3420786984e-02
7.3068228994e-03 -4.3805475511e-02 4.8821747110e-02
-1.2513858794e-02 -1.6926607194e-02 2.2094312321e-02
-2.7873405803e-02 1.0779184533e-02 6.4731488517e-03
-2.3020111512e-02 1.4396554546e-02 -9.0813900324e-03
-2.6210852300e-02 4.2148298600e-03 -2.6016913382e-03
-3.1849136870e-02 1.1099379920e-02 -1.2419732960e-02
-3.3646481142e-02 1.8615098329e-02 3.1489395816e-02
-5.2626351608e-02 -1.7921909054e-03 1.1267188362e-01
-1.5798865970e-01 -3.7928165068e-01 3.1029289844e-01
-3.5958850137e-01 -9.1601224976e-01 8.5963486524e-01
-8.9914049650e-01 -1.6305642198e+00 7.9225649627e-01
-9.9507289265e-01 -2.0368326721e+00 -5.3739855321e-01
-3.5577586113e-01 -9.2885830984e-01 -1.0308460128e+00
-7.4830462667e-03 -2.0188473580e-02 5.1889229802e-02
9.3302644188e-03 -2.8998795642e-02 6.0879313615e-02
2.6778358613e-03 -3.8807678777e-02 5.4836507072e-02
6.3477288867e-03 -3.7699956089e-02 5.1975068639e-02
-1.0998102223e-02 -1.7376808138e-02 3.8528643082e-02
-1.4617257589e-02 -1.3736092181e-02 2.3472145816e-02
-9.3906930381e-03 -2.1468267922e-02 3.4900596090e-02
-3.6261280471e-02 -2.7317935906e-02 2.3343683646e-02
-3.8419187489e-02 -1.8732224212e-02 3.7674967402e-02
-6.7721071453e-02 -4.4081319684e-02 4.5510051403e-02
-1.4044960323e-01 -3.4270804468e-01 1.6698535197e-01
-3.0034141080e-01 -5.9497987287e-01 5.3420749015e-01
-9.5625017467e-01 -1.1829654669e+00 5.0952820547e-01
-1.2599862021e+00 -1.3638192250e+00 -3.3905048876e-01
-4.2696092490e-01 -4.2779233473e-01 -4.3699487125e-01
1.5275871234e-02 -2.0450821514e-02 6.2642039490e-02
2.4549016892e-02 -3.5705470237e-02 6.4356006257e-02
2.3053079249e-02 -4.6142032275e-02 6.2679478319e-02
2.6491530731e-02 -4.8470596416e-02 5.6868878146e-02
1.4571042426e-02 -3.8527608254e-02 4.7303221868e-02
-4.3457522895e-04 -4.0155620198e-02 3.6272048423e-02
-1.0403251635e-03 -4.2265740847e-02 4.3486989198e-02
-9.9151976959e-03 -4.4540372400e-02 3.9636907460e-02
-1.7351900927e-02 -2.6574047107e-02 3.9322819099e-02
-2.4078298111e-02 -2.7536001197e-02 2.1842253636e-02
-5.9017010787e-02 -1.4480572912e-01 7.1339325770e-02
-1.5597799828e-01 -2.5435745210e-01 1.4432401322e-01
-3.1723578797e-01 -3.0421368450e-01 1.6052390018e-01
-3.2952784637e-01 -2.5988464068e-01 -4.7910390653e-02
-5.6681575233e-02 -4.0195393173e-02 -4.8994238314e-02
4.0882555408e-03 -2.0817158435e-02 5.0375344194e-02
1.7648327030e-02 -3.6000944165e-02 5.8486584465e-02
1.4716028262e-02 -4.6429508233e-02 5.7678310073e-02
1.4070892107e-02 -4.6019899168e-02 5.2197413652e-02
-6.5458117823e-04 -3.3466141042e-02 4.2444393745e-02
-1.2212789882e-02 -2.5278471648e-02 3.1636972971e-02
-1.3912604104e-02 -2.5061633668e-02 3.7165074242e-02
-2.7321532860e-02 -1.5289436656e-02 2.5066809579e-02
-3.4478189009e-02 -2.9920353500e-03 1.8343822807e-02
-4.3742629764e-02 1.7605280814e-02 -6.1489165996e-03
-2.8604676166e-02 1.1266475712e-02 1.2630478827e-02
-4.9402334834e-02 1.5354007260e-02 1.1561609564e-02
-4.3144734588e-02 2.3247866558e-02 4.7883030805e-02
-3.8046754127e-02 4.4629636815e-02 -1.1123801629e-02
-2.3127390369e-03 3.5775132502e-02 -1.9669064357e-02
3.1378755171e-03 -8.9141618811e-03 5.4986521254e-02
2.7227785423e-02 -3.0856208242e-02 6.1790345928e-02
1.6723391273e-02 -3.4068053349e-02 5.6228882097e-02
1.1459424889e-02 -3.1152772351e-02 4.2857867263e-02
-5.2453993920e-03 -1.2094749504e-02 3.3343195228e-02
-2.9973213590e-03 -1.1354529569e-02 2.6735924679e-02
-4.6636992449e-03 -1.5154676119e-02 2.9232209548e-02
-8.9836121345e-03 -1.1226280324e-02 2.2490134572e-02
-9.3085201541e-03 1.6924580542e-02 1.0370185203e-02
-1.4831813517e-02 3.2799430541e-02 -1.2420992778e-02
8.0296772000e-03 2.8825596095e-02 -1.2547501335e-03
-8.3539563133e-03 4.9826542408e-02 5.3305089610e-03
-1.3429406522e-02 3.9823876549e-02 2.7570177722e-02
-1.2300953446e-02 3.9244548684e-02 -1.9968293406e-02
9.7534313469e-04 7.4911288684e-03 -3.9749525972e-02
3.1053205195e-03 -1.6504631358e-02 4.8949357741e-02
2.8119364603e-02 -3.7592620372e-02 5.0162743417e-02
7.1882137772e-03 -3.9695325824e-02 4.7509999431e-02
-1.6684817193e-03 -3.5012805789e-02 3.6476098227e-02
-1.7071397349e-02 -1.3066198511e-02 2.9876578624e-02
-7.6204818838e-03 -1.6918042126e-02 1.6138967101e-02
-7.1120837688e-03 -2.0731602616e-02 1.9830455955e-02
-1.5091793927e-02 -2.0247048079e-02 8.1615238006e-03
-2.5764116604e-02 4.9422901324e-03 -2.5999162411e-03
-2.6991149570e-02 1.3569561927e-02 -1.6804774545e-02
-1.0326144733e-02 2.0325311842e-02 -1.2149864548e-02
-2.8219939195e-02 3.8759543827e-02 3.8978876191e-03
-3.1566657829e-02 2.9881816131e-02 2.5912036623e-02
-2.8947410480e-02 2.2330030332e-02 -1.9470469391e-02
-1.8044487469e-02 6.2070592031e-04 -4.1370619773e-02
-4.7572419954e-03 -1.9047108094e-02 5.1877802061e-02
1.0630741139e-02 -3.1561584971e-02 4.7277268886e-02
2.8515547742e-03 -3.6641696854e-02 4.7866357024e-02
-1.0756106006e-04 -3.4189238782e-02 4.0796084489e-02
-1.3673550281e-02 -1.2343129725e-02 3.9011938997e-02
-1.2970124247e-02 -2.1759993152e-02 1.5514610785e-02
-5.4964191542e-03 -2.5152563512e-02 2.5564307786e-02
-2.0352314237e-02 -1.6165790534e-02 1.1667841755e-02
-1.0956439728e-02 5.7628481665e-03 1.1360632224e-02
-2.0956500478e-02 1.0230399842e-02 -8.0594483577e-03
1.0359607709e-02 7.2260083875e-03 7.4475136721e-03
-1.9371144784e-03 2.0182813255e-02 3.4691348034e-02
1.3129386435e-03 1.2445342021e-02 7.3966400274e-02
2.0041196094e-03 4.4087562141e-03 2.6706492688e-02
2.8070742921e-03 -9.4701439286e-03 -2.7706897850e-02
2.1925861020e-02 -3.8310439089e-02 5.7486276133e-02
4.1669966071e-02 -5.9405651799e-02 4.9841041167e-02
3.6718405660e-02 -6.3072240982e-02 5.9047702195e-02
1.8442969313e-02 -5.6551516350e-02 5.1394333428e-02
1.2879961901e-02 -3.3357547390e-02 4.9537052407e-02
8.1290753881e-03 -4.2105969942e-02 2.2345509813e-02
1.5208697825e-02 -3.5127197918e-02 3.0359136033e-02
8.6002154898e-03 -2.9491955075e-02 1.6917991460e-02
1.0940485874e-02 -6.4246521701e-03 2.1841143700e-02
4.5876120909e-03 -7.7797942182e-03 6.3541468397e-03
1.6385810585e-02 2.5387209062e-03 2.3765922110e-02
1.7617821816e-02 8.8575827263e-03 5.5962828023e-02
2.2614697918e-02 7.5479179479e-03 8.8773785854e-02
1.9559876456e-02 3.7659981416e-03 3.4647779226e-02
1.5859657716e-02 -1.1950645174e-03 -1.2227813453e-02
