5.0951242810e-02 1.4352402971e-03 3.0978630794e-02
4.1111663247e-02 -7.6490655274e-03 3.8681645640e-02
5.6384236272e-02 -4.1347025013e-03 6.7747144605e-02
8.3963392784e-02 -2.5264671630e-02 8.0120581323e-02
1.5643352880e-01 -5.1372230147e-02 1.5215466263e-01
1.7796129769e-01 -2.4380934850e-02 1.4592635227e-01
2.3440576372e-01 1.0163951011e-02 1.6959624463e-01
3.3677788736e-01 3.7949252319e-02 1.6067090176e-01
3.5624856232e-01 4.1531124221e-02 1.2055923041e-01
3.0598694691e-01 -2.8565286395e-02 4.4819977769e-03
1.8824337564e-01 -7.4674591670e-02 -5.0039281098e-02
1.3327965587e-01 -1.0803140096e-01 -3.7769315666e-02
5.5916526706e-02 -6.3287411403e-02 4.5636632661e-02
8.1689338114e-02 -6.1780326861e-02 5.0333744958e-02
4.8615025718e-02 -2.5384888144e-02 5.2505493812e-02
3.3381438688e-02 1.6712915996e-04 3.7952255927e-02
2.2958956460e-02 -5.7471060918e-03 1.9884449183e-02
3.4568024262e-02 -6.4389107420e-03 3.4698437969e-02
7.5532405328e-02 -2.0144595397e-02 9.1474096997e-02
1.5813110575e-01 -3.0533179341e-02 1.4861432376e-01
2.1073215136e-01 3.7956247555e-02 1.6809602227e-01
3.7558146216e-01 2.0794670726e-01 2.3825874577e-01
4.8187573302e-01 3.7621662555e-01 2.4266773605e-01
4.9841237464e-01 4.4228097211e-01 1.2171646086e-01
3.5971021418e-01 2.4589774270e-01 -3.1110778970e-02
1.3831403911e-01 3.7820052896e-02 -1.8755510933e-01
9.5078333681e-02 -1.7867108710e-02 -7.9440036411e-02
4.9977082777e-02 -2.1529769279e-02 1.8167027348e-02
8.5247399386e-02 -3.3508283167e-02 3.6970421389e-02
4.1670038319e-02 -3.6699512705e-02 3.5966528912e-02
2.0824762583e-02 -1.6162696186e-02 3.5720505656e-02
2.2342260109e-02 -1.9620755188e-02 2.5311756127e-02
2.5447020805e-02 -3.8854159870e-02 3.5822871452e-02
1.0844190467e-01 -2.4706000302e-02 1.1529729549e-01
2.7214854138e-01 4.7085614521e-02 2.3907527181e-01
3.7378883458e-01 3.4809550607e-01 3.0639229842e-01
6.0022590754e-01 7.5252027493e-01 4.0532073364e-01
6.8804624027e-01 1.0055563777e+00 3.2595427249e-01
6.0164303351e-01 9.2235875441e-01 8.9357499294e-02
3.6177872513e-01 4.9653684654e-01 -7.5171131752e-02
9.0310421659e-02 1.3727182713e-01 -2.0957580728e-01
8.8998787724e-02 9.0291953505e-03 -1.7254619414e-01
3.8698060716e-02 -1.7504123996e-02 -6.2068284525e-02
6.7201011235e-02 -1.9117147579e-02 9.4298749733e-04
2.8215641979e-02 -2.1657649898e-02 1.0379759457e-02
-3.7593606562e-03 -8.5874379672e-03 7.7133529203e-02
2.5340784879e-03 -1.6492374105e-03 7.7770718317e-02
2.8178694944e-02 -1.5553822005e-02 9.4417537025e-02
2.0643249210e-01 7.6800148468e-02 2.4060734458e-01
4.1458111647e-01 4.1005950628e-01 3.9990498109e-01
4.8742494531e-01 8.5484344947e-01 4.5957826922e-01
5.5968504377e-01 1.2343757276e+00 4.7026377354e-01
4.9278255640e-01 1.1833680718e+00 3.1774296139e-01
3.0581419405e-01 8.2218746297e-01 1.0028635351e-01
1.6626762741e-01 3.4699099448e-01 6.7264796505e-02
1.8704102951e-02 6.4089703277e-02 -1.0370864357e-01
6.1569250150e-02 7.2349673140e-02 -1.6203477601e-01
3.6008734851e-02 2.7178732591e-02 -8.0038309788e-02
5.2317688135e-02 1.2890919641e-02 -1.1570167528e-02
2.3065839239e-02 2.2868219139e-03 -5.6571317676e-04
-1.8462055330e-02 -1.4200242934e-02 8.4203567565e-02
-6.0681279953e-03 -2.5979104160e-03 9.7771604776e-02
1.5351928271e-02 1.0094342746e-02 1.2752829480e-01
1.7173944040e-01 2.3535021736e-01 2.8787047662e-01
3.8548153317e-01 7.8478722640e-01 4.8145785774e-01
3.9357627873e-01 1.2164850874e+00 5.1306090929e-01
3.8159969297e-01 1.3420130720e+00 4.2187416816e-01
2.9496922775e-01 1.1005278674e+00 2.6343991282e-01
1.9042116950e-01 4.4526113531e-01 1.2406792059e-01
9.4637288288e-02 4.2943392289e-02 1.0812482972e-01
2.9796361525e-03 -7.7759047666e-02 -5.6154109412e-02
3.9251906254e-02 6.1141942776e-02 -1.4295779140e-01
3.5941021904e-02 3.8906564206e-03 -9.3945940477e-02
3.8339167976e-02 1.1234081791e-03 -1.7346902596e-02
1.3117226571e-02 -2.2705922462e-03 3.5881355884e-03
-3.1701825530e-02 -3.3736360277e-02 7.9090592186e-02
-1.7997969314e-02 -3.3146358000e-02 5.9957996488e-02
-2.8618105856e-03 4.5806500567e-03 1.0740241319e-01
8.6795226856e-02 3.1431034880e-01 2.7583530022e-01
1.4493891164e-01 1.0195351516e+00 4.9142903358e-01
1.4153795417e-01 1.2972343316e+00 4.5768337405e-01
9.1974888953e-02 1.1870237537e+00 3.0097068790e-01
1.0667671987e-01 9.3114771603e-01 2.0713359816e-01
4.0423048585e-02 2.4494121386e-01 1.4792333487e-01
1.0684698002e-01 -2.4033927877e-01 1.0532828135e-01
5.7390850070e-02 -1.9189576974e-01 -1.4437695664e-01
1.8975593760e-02 5.4023389559e-02 -2.2426471163e-01
-2.0536126027e-02 -9.9093760375e-04 -1.1455597605e-01
7.3764355426e-03 -1.8290292400e-02 -2.3908356685e-02
-1.3750747420e-02 -1.2518831845e-02 2.2572684834e-03
-4.1848553716e-02 -3.9078512099e-02 8.3059542080e-02
-3.5269849004e-02 -4.5559894470e-02 3.4432573228e-02
-6.7455006012e-02 -2.1655520378e-02 7.2461291322e-02
-1.0290378799e-01 3.4489823119e-01 2.3169176646e-01
-1.8342124563e-01 1.0296307913e+00 4.4051014590e-01
-2.1720022388e-01 1.2556662465e+00 3.8073774964e-01
-1.0744920545e-01 1.0123387998e+00 2.3532595816e-01
-6.9801405134e-02 8.1619739012e-01 1.3603633160e-01
-1.1444633631e-01 3.2554652155e-01 1.3983135553e-01
-6.9316711006e-03 -2.7887171111e-01 1.8650281336e-01
9.5494589608e-02 -2.9523251537e-01 -1.7259762356e-02
1.0967025473e-02 1.3717131133e-02 -1.9260138428e-01
-3.6164472932e-02 -1.3943634023e-02 -1.2186269009e-01
-6.1744182908e-03 -3.6245738338e-02 -4.3978187483e-02
-1.5782666169e-02 -4.7741365174e-02 6.7485613873e-03
-3.3307423638e-02 -3.7223662447e-02 7.1940768413e-02
-2.3675098308e-02 -3.0430198185e-02 2.0550212077e-02
-3.2378936631e-02 -4.1092593411e-02 7.7715281534e-03
-8.2502162471e-02 1.2510952985e-01 8.0762338399e-02
-1.5204954861e-01 5.1698954304e-01 2.5190790273e-01
1.0297374004e-01 9.0687823034e-01 4.1227054618e-01
6.1825724783e-01 1.0508209889e+00 3.4988413564e-01
8.5521435175e-01 9.3275252179e-01 7.0814687314e-02
6.3333068417e-01 6.9750305120e-01 -1.5629077151e-01
3.2122146726e-01 2.0008940842e-01 -9.9988223898e-02
1.3212280662e-01 -2.0219009473e-02 -5.2226442526e-02
5.8068369835e-02 2.8248675712e-02 -1.7244280777e-01
-6.9296224585e-02 -5.6765314692e-02 -9.8081920375e-02
-2.4938618308e-02 -6.0456782191e-02 -1.1164620663e-02
-2.7020976984e-02 -3.8729710803e-02 7.8355658565e-03
-3.1628640672e-02 -3.1520410910e-02 6.7065761562e-02
-1.8271294479e-02 -2.8898167048e-02 3.8535698749e-02
-2.0495593279e-02 -4.2607174383e-02 3.1120908584e-02
-4.1805936049e-02 3.1670539918e-03 6.0603617926e-02
1.2483472279e-02 3.2894371697e-01 3.3458336449e-01
2.6740288784e-01 1.4544049005e+00 9.7335223080e-01
8.3048590122e-01 2.5340313114e+00 1.0587257931e+00
1.1750614532e+00 2.5847637843e+00 3.3265498539e-01
1.2182645781e+00 2.4365466667e+00 -5.9248124592e-01
9.3232144105e-01 1.5973267180e+00 -9.1945863541e-01
5.9070377988e-01 9.3692936738e-01 -3.9562787285e-01
3.5870252537e-01 5.3322679167e-01 -3.9785380884e-01
1.5962276304e-02 -1.9654862328e-02 -1.4003330897e-01
1.8014419294e-02 -7.1323314266e-02 8.1999320990e-03
4.8367262091e-03 -4.9431860613e-02 2.7120607019e-02
-8.5128411530e-03 -4.7674776202e-02 6.2381321826e-02
-2.4641771842e-03 -4.2605003172e-02 6.4278185551e-02
6.1703202026e-03 -5.0908365814e-02 5.9866214639e-02
-2.5555741660e-02 -2.9141911842e-02 8.0915517048e-02
-1.0508065937e-01 2.0532036751e-01 2.8543686139e-01
-4.7747339110e-01 1.1506258742e+00 8.8890978825e-01
-8.5702653173e-01 2.4961229170e+00 1.3369362422e+00
-6.8323439891e-01 2.9646846627e+00 6.6763556134e-01
-3.8488126424e-01 3.1094337433e+00 -5.2090681873e-01
-2.8570387379e-01 2.1006558408e+00 -1.1276489639e+00
3.8480753554e-02 1.2762292690e+00 -5.2896238073e-01
2.2322709645e-01 8.7897004777e-01 -4.2993258929e-01
1.5158872102e-02 -5.2823387584e-02 -1.1967062612e-01
5.4283971145e-02 -1.0813568388e-01 1.9910861210e-02
1.9208676219e-02 -4.5516168647e-02 3.8292158755e-02
-6.9458818833e-03 -5.6708889649e-02 6.2551958658e-02
-1.7799674867e-03 -5.4612858890e-02 4.9897205231e-02
6.4857672406e-04 -4.9506264312e-02 5.8755386245e-02
-1.6505845159e-02 -4.1559880066e-02 6.1817971172e-02
-6.6861971183e-02 2.4765863598e-02 1.3436341821e-01
-3.5393740490e-01 3.7632867016e-01 4.0218720477e-01
-1.1109220374e+00 1.1995971155e+00 8.4865720518e-01
-1.7181750153e+00 1.9335862540e+00 6.9781495116e-01
-1.5836347943e+00 2.2584588540e+00 -2.7151135739e-02
-9.8217316515e-01 1.2227979188e+00 -4.7010391085e-01
-2.9796855195e-01 9.6364510138e-01 -2.6631011501e-01
-2.1397877353e-02 7.8173605135e-01 -3.4528688034e-01
7.4932831994e-03 -3.7850602506e-02 -9.4590768537e-02
6.0613777032e-02 -7.9492608191e-02 6.9372070542e-03
2.9683955669e-02 -4.7873355416e-02 4.3871612500e-02
-1.1741466184e-02 -5.9090393573e-02 6.2257845504e-02
-1.6133789948e-04 -5.7678301698e-02 6.1589634192e-02
-7.8194615792e-03 -5.9489478842e-02 6.7394253872e-02
-2.2540198362e-02 -5.1678854622e-02 7.1765719913e-02
-2.9208505085e-02 -4.6722002698e-02 9.3622311441e-02
-7.8071298016e-02 4.4874085024e-02 1.6284702993e-01
-3.2408082694e-01 2.7671448419e-01 3.0927843405e-01
-8.3133937754e-01 6.4978499452e-01 4.3908975618e-01
-1.0655142007e+00 9.8945258960e-01 3.0352582887e-01
-6.2294146282e-01 7.7079168924e-01 5.3443642753e-02
-2.2470688080e-01 6.8395737347e-01 -7.0460539686e-02
-9.2447408121e-02 4.7591892057e-01 -2.2227885064e-01
3.2465953738e-02 -5.9821010508e-02 -9.5435171712e-02
6.8089676455e-02 -6.3111657446e-02 2.9092004464e-03
2.7309646800e-02 -3.5283423751e-02 5.6666347677e-02
-2.0813970300e-02 -5.6022782970e-02 6.5666364210e-02
-4.7260485235e-03 -4.3420980227e-02 6.1450647998e-02
-1.8649784025e-02 -4.0833209986e-02 5.9470297327e-02
-3.0246640788e-02 -2.8367159828e-02 6.2274477767e-02
-3.1291951223e-02 -1.4860826471e-02 1.0290035689e-01
-4.4162972845e-03 2.9594957442e-02 1.3399223084e-01
-3.7450629335e-02 8.0358923535e-02 1.5254285920e-01
-1.7549512002e-01 1.4193835603e-01 2.4013437437e-01
-3.4024937930e-01 2.7753148358e-01 2.8469687750e-01
-2.5222845980e-01 3.1661130813e-01 2.1519885351e-01
-1.4834326935e-01 4.1338565625e-01 -2.4570690275e-02
-5.7280997386e-02 3.1897848309e-01 -1.7461586541e-01
3.2053107953e-02 -7.2170837213e-03 -1.0492939703e-01
5.7375556617e-02 -1.8261464476e-03 6.3609242957e-03
1.8542884541e-02 4.6846360818e-03 4.5873046962e-02
-3.3937078080e-02 -4.5495653411e-02 6.5388595944e-02
-1.2544287685e-02 -3.5616794789e-02 7.0396598456e-02
-2.6719225442e-02 -3.9273413453e-02 6.4663037889e-02
-4.3766004503e-02 -3.3937258013e-02 7.6956649306e-02
-4.7488726173e-02 -2.5943152997e-02 1.0381646650e-01
-3.0786010170e-02 2.6713452426e-02 1.3479786795e-01
-3.3150937149e-02 5.2205631590e-02 1.4566425709e-01
-6.3987797214e-02 4.4563587060e-02 1.6297548813e-01
-1.0842188052e-01 5.2991510952e-02 1.8290714170e-01
-7.6868823400e-02 1.0958922696e-01 1.5959231050e-01
-8.2242495707e-02 1.8089901322e-01 3.3055585167e-02
-2.2754472338e-02 9.6467959774e-02 -1.0701379503e-01
2.8408801984e-02 -3.7404175588e-02 -5.9097502499e-02
4.2370658637e-02 -1.8403263849e-02 2.0706018152e-02
2.7249187468e-03 -7.5812676358e-03 5.8456657572e-02
-2.9520398427e-02 -5.8387127771e-02 6.9589067465e-02
-1.5460453628e-02 -5.2113828803e-02 6.4166817021e-02
-1.9811338129e-02 -4.9301255448e-02 6.5713221518e-02
-3.5674775439e-02 -5.0673587557e-02 6.4455201169e-02
-4.4933066467e-02 -4.8692834076e-02 7.4716976851e-02
-3.4313253614e-02 -9.3485240389e-04 9.3473767562e-02
-3.2128030566e-02 1.5199955998e-02 1.1702391184e-01
-4.9742326458e-02 1.9622322205e-03 1.3399034968e-01
-5.9624452143e-02 -8.8612395661e-03 1.3536832679e-01
-2.8826308078e-02 1.9346033605e-02 1.1386712225e-01
-2.1507380370e-02 2.8923563612e-02 4.4650709233e-02
8.3275974979e-03 -4.9041576059e-02 -3.3758125799e-02
-1.1112343685e-02 -7.6823129090e-02 -2.7672560196e-02
1.7662502030e-02 -4.8963478330e-02 1.4883136096e-02
-1.2148953391e-02 -1.4335376132e-02 5.9931890288e-02
-3.5951048653e-02 -6.0596040013e-02 7.8923747064e-02
-2.3552957642e-02 -6.3313504787e-02 6.3899241740e-02
-4.2506265174e-02 -6.1463434721e-02 8.0752638206e-02
-5.3365441449e-02 -5.6033896259e-02 7.6168465495e-02
-6.9466240278e-02 -5.8946359417e-02 9.2479420849e-02
-4.6282283264e-02 -2.7316448503e-02 9.7927138377e-02
-4.9938552223e-02 -1.0967759728e-02 1.2952889360e-01
-6.9944893017e-02 -2.0794405262e-02 1.5521066864e-01
-7.8366662590e-02 -2.3552855636e-02 1.6488524706e-01
-3.9661493115e-02 -5.6965289598e-03 1.1386172522e-01
-2.9531606407e-02 -6.0642895347e-03 5.8219826305e-02
-2.1441977717e-02 -5.0778751363e-02 1.7337096164e-02
-1.4183156674e-02 -7.3362062266e-02 3.0932689972e-03
8.6750406281e-03 -5.2138248028e-02 2.6712002345e-02
-1.8066857784e-02 -4.5603353855e-02 7.0289675531e-02
5.3043015573e-02 1.3478680352e-02 5.5214218042e-02
4.9876282488e-02 1.4753343887e-02 7.2453398019e-02
8.6754809367e-02 1.9471358733e-02 8.2486955501e-02
1.7128622919e-01 4.0256250582e-03 1.3091143975e-01
2.7254975819e-01 -3.0276072423e-02 2.0415669017e-01
3.3168001793e-01 3.7897334279e-02 2.3486374825e-01
5.3110363562e-01 1.7323322621e-01 3.0701252929e-01
7.1545633739e-01 3.0075490122e-01 2.5984480271e-01
7.7837282072e-01 3.5409834028e-01 1.8169151677e-01
6.8181248573e-01 2.5281744316e-01 -2.9620737959e-02
4.1352982873e-01 5.5433300069e-02 -1.3245906950e-01
2.3062317719e-01 -5.5514985940e-02 -7.7078725434e-03
9.3752557674e-02 -6.3441766957e-02 5.0818790199e-02
1.1026967918e-01 -5.5705538956e-02 5.5574310161e-02
4.5672079302e-02 -2.2241063603e-02 3.3247587006e-02
4.6029612718e-02 1.3166656967e-02 6.3652542938e-02
2.4295008561e-02 6.6121402665e-03 6.3605126535e-02
5.9407459023e-02 2.3104110368e-03 1.0436668030e-01
1.6196931996e-01 2.2319907416e-02 1.9615753720e-01
3.8506527851e-01 9.3072619660e-02 3.2302200860e-01
6.5570916600e-01 4.2002195159e-01 4.8421656499e-01
1.1596760404e+00 8.2035597774e-01 6.2817345396e-01
1.3565655356e+00 1.0596570962e+00 4.7603711322e-01
1.3012719342e+00 1.1319915854e+00 2.2901281007e-01
1.0058783191e+00 8.5821831174e-01 -1.9891296265e-01
5.6998305244e-01 3.9080340383e-01 -4.6661301215e-01
2.6631135532e-01 3.3218678400e-02 -2.4051442971e-01
9.6650740493e-02 -6.4532379872e-02 -3.8478387427e-02
1.0124147118e-01 -4.7313600354e-02 1.3148563646e-02
2.9581427297e-02 -3.7322682455e-02 2.0602741744e-02
4.1069062086e-02 4.1747688284e-03 6.3048737572e-02
2.6403852345e-02 -6.4926576494e-03 9.2736829587e-02
5.4248554252e-02 -1.5040630169e-02 1.2124463691e-01
2.9180108984e-01 1.1467170262e-01 3.7576867643e-01
7.9591453491e-01 5.3045842290e-01 7.1032422603e-01
1.0270054593e+00 1.0487950660e+00 8.5366281418e-01
1.1391475066e+00 1.1921088829e+00 7.7622494755e-01
9.5259312191e-01 1.0566214389e+00 5.1834453308e-01
7.7526485253e-01 9.2097322095e-01 2.2665222367e-01
6.1001333098e-01 7.0453646738e-01 -1.3123797266e-01
4.7931789518e-01 5.3580334307e-01 -6.2708458838e-01
3.0854686169e-01 2.1402789745e-01 -4.6182462548e-01
7.8930943171e-02 -2.0695509593e-02 -9.9644442618e-02
9.2665365283e-02 -2.2092332334e-02 -4.2939924567e-03
1.8998253500e-02 -1.2581806053e-02 7.4642685832e-04
5.0666366887e-03 1.0223781464e-02 1.0249506386e-01
-1.6120333539e-02 1.4055140031e-02 1.5847791979e-01
1.0188215582e-01 1.0557621327e-01 3.2009374525e-01
5.5509512423e-01 5.8324695511e-01 8.2054959213e-01
9.5342298828e-01 1.1333615311e+00 1.0173085447e+00
6.9851489941e-01 1.1013781781e+00 7.0324063314e-01
4.6821035306e-01 8.2998353173e-01 3.7855124524e-01
2.7267124814e-01 4.8609258345e-01 2.3318760359e-01
1.2652697181e-01 2.0007488969e-01 1.7234877778e-01
7.6171816750e-02 8.8730679138e-02 1.5970794740e-01
1.6421453711e-01 2.2670581065e-01 -3.3892228553e-01
2.2357960836e-01 2.5522946979e-01 -4.3056558947e-01
5.4315154328e-02 4.7782777280e-02 -1.2584109681e-01
7.7680956439e-02 -6.2845301687e-03 -3.6869977301e-02
5.8426293378e-03 8.2612475127e-03 -1.4088941455e-02
-1.8180631699e-02 4.0151728761e-04 1.1177905056e-01
-8.2624461544e-04 3.7219914812e-02 2.1578037995e-01
2.1219139194e-01 3.2025335331e-01 5.6641795005e-01
5.5486757862e-01 1.0093280248e+00 1.0424834149e+00
7.4789468517e-01 1.2355231622e+00 9.4732362214e-01
3.9329926015e-01 9.8632070525e-01 4.9621164476e-01
2.2094568603e-01 5.4641086884e-01 1.8588703767e-01
1.6082527915e-01 1.2741415701e-01 2.1472237839e-01
9.4185145036e-02 -2.6994269252e-01 2.5880555545e-01
4.0666735155e-02 -3.5617153515e-01 2.9163116455e-01
3.2958264318e-02 -1.1728104011e-01 -2.6913268270e-03
1.2338667848e-01 1.0227159458e-01 -1.9544181879e-01
3.6577978446e-02 2.0120840065e-02 -1.2032402880e-01
6.6090141118e-02 -9.3325903490e-03 -3.6316591833e-02
-4.8137461556e-03 8.8507787366e-03 -2.6583371190e-03
-3.8175869570e-02 -1.0783522733e-02 1.1444465420e-01
-1.0626074312e-02 6.1796339556e-02 2.1232658636e-01
7.3868010996e-02 4.7225711527e-01 6.0110390929e-01
2.4482428500e-01 1.0726006838e+00 9.6341430476e-01
2.3834573490e-01 1.1104129490e+00 7.2380887606e-01
1.0407177729e-01 8.3627068866e-01 3.5130942850e-01
5.2934956583e-02 3.7810731711e-01 1.1574396163e-01
1.0547164965e-01 -1.3205163700e-01 2.2187588736e-01
7.0928843507e-02 -6.1768553201e-01 3.1443777905e-01
1.3317620777e-01 -6.9985832466e-01 2.9832276496e-01
6.4548911710e-02 -1.9575452005e-01 -6.4015814666e-02
4.6621321570e-02 1.8760985325e-01 -3.7247281406e-01
-3.0119483954e-02 6.6246851215e-02 -1.7263548301e-01
3.2543300374e-03 4.9976673107e-03 -5.1131452209e-02
-2.8306193296e-02 5.0266018708e-03 -1.0755685042e-02
-5.5030176410e-02 -2.0365168076e-02 1.2371392633e-01
-5.4134122338e-02 1.8433440911e-02 1.3202650541e-01
-1.3965105561e-01 4.0328052641e-01 4.4682903128e-01
-2.2539586706e-01 1.0602056012e+00 7.8667005367e-01
-2.0729240349e-01 1.0955432696e+00 6.3154256475e-01
-1.5180974790e-01 7.1314996266e-01 3.1252984849e-01
-2.7391312405e-02 2.8939152157e-01 1.3479638409e-01
9.3020117058e-03 -6.5440641479e-02 1.2763356837e-01
2.7306413728e-02 -5.6262308918e-01 2.6112326704e-01
1.4517262201e-01 -7.6110526520e-01 3.4669435579e-01
2.5476442200e-01 -4.4696721707e-01 1.6891578478e-01
1.2323299906e-01 6.8488816756e-02 -2.6082586187e-01
-4.5381905334e-02 3.2743346785e-02 -1.7652192123e-01
-1.9284012162e-02 -3.6297920455e-02 -5.4449035923e-02
-3.2426666015e-02 -3.5017578879e-02 3.2304769317e-03
-4.1234048052e-02 -1.9995560389e-02 9.6712586057e-02
-5.6899194487e-02 3.2259435213e-03 1.0897258522e-01
-1.7471430411e-01 2.6330461297e-01 2.8866077378e-01
-3.1921301267e-01 8.0302165312e-01 5.8020098584e-01
-3.3450613387e-02 9.5684756196e-01 6.7947020707e-01
6.4619961819e-01 7.3097391351e-01 5.6515575958e-01
8.7221901520e-01 2.9147086203e-01 2.2352089278e-01
7.5634540810e-01 -7.0941822966e-02 7.4455612878e-02
7.7402547685e-01 -2.4105137552e-01 2.6816824521e-02
7.9140140014e-01 -2.9366392962e-01 9.7950037542e-02
8.0701742712e-01 6.9872227760e-02 1.8741712407e-01
6.2584643879e-01 2.7375675102e-01 -2.8060213805e-01
-1.0050984849e-02 9.5610502018e-04 -1.7311612977e-01
-2.1617479598e-02 -4.5502431287e-02 -5.7795699802e-03
-3.7304386720e-02 -2.8111474365e-02 8.2522727517e-03
-4.0957482683e-02 -2.3608877031e-02 8.7203206909e-02
-4.3695488679e-02 -1.8087661520e-02 8.9093758849e-02
-9.9399264825e-02 6.2720908490e-02 1.4156879119e-01
-9.0182696933e-02 4.2255595483e-01 4.8046115717e-01
5.2385348900e-01 1.3880055489e+00 1.4017120340e+00
1.2322556941e+00 1.6663552527e+00 1.4988884123e+00
1.2496078875e+00 3.6531651725e-01 3.6463562991e-01
8.1027003569e-01 -5.1658445351e-01 -1.0210786902e-02
1.0171812563e+00 -1.0599779939e-01 -1.9838739780e-02
1.5989804144e+00 7.6916588890e-01 -6.9099254071e-01
1.9739915520e+00 1.8953785888e+00 -8.1679177699e-01
1.8903504164e+00 1.8381404346e+00 -1.2020943878e+00
1.7012692034e-01 8.7303585744e-02 -4.0395117433e-01
2.4363198827e-02 -8.4845009826e-02 7.8957387608e-03
-1.6890587697e-02 -3.7736869620e-02 3.1734209615e-02
-1.1278592473e-02 -3.9070260398e-02 7.2346083026e-02
4.9761351982e-04 -4.5075273549e-02 8.3400631572e-02
-5.5639311142e-03 -2.5900657734e-02 1.0799402786e-01
-1.2775142730e-01 2.3276173726e-01 3.8263725836e-01
-5.2983334483e-01 1.2309367628e+00 1.2676582652e+00
-9.1761007684e-01 1.7306081738e+00 1.7074502182e+00
-5.6719056556e-01 9.4344775723e-01 9.1625349767e-01
-2.5332451702e-01 -1.3820460833e-01 2.0310256713e-01
-2.1976446652e-01 2.7243373027e-01 -2.0883658445e-02
-1.8286813479e-02 1.0658804771e+00 -9.0295977459e-01
-1.4536314950e-01 1.2564038635e+00 -8.9080124493e-01
6.7039156632e-01 2.0010081137e+00 -6.8774172148e-01
5.9465876387e-02 1.0450452463e-02 -2.4257169951e-01
6.2551500515e-02 -1.1810266846e-01 1.2445323328e-02
1.0869735758e-02 -2.3809961374e-02 4.3138601693e-02
-6.9230040667e-03 -4.9884657792e-02 8.2007887539e-02
4.6460846603e-04 -6.0046148397e-02 9.0752132604e-02
2.0566697320e-03 -5.0189673366e-02 9.6543661400e-02
-8.2646118265e-02 4.8525697151e-03 1.6649334198e-01
-4.9078422321e-01 2.4614720234e-01 4.5518013851e-01
-1.5112906131e+00 5.6454584080e-01 1.1256193570e+00
-1.9918487566e+00 1.2857915859e+00 1.3831065223e+00
-1.5040329302e+00 1.0136645353e+00 7.2595245906e-01
-1.1834142710e+00 1.1125334389e+00 1.5722905334e-01
-9.8679585922e-01 3.1424605086e-01 -3.2905477208e-01
-8.4050516533e-01 3.7596980997e-01 -3.5593557955e-01
-2.5705596216e-01 1.4213985901e+00 -3.7289194470e-01
-2.9380984108e-02 -2.8622382557e-02 -1.6856897683e-01
7.6854139324e-02 -9.0006621220e-02 7.0896559124e-03
9.5405607954e-03 -2.5618522252e-02 5.6704057960e-02
-1.5869651388e-02 -5.2768336043e-02 7.6853657232e-02
-4.4769167389e-03 -6.2506608589e-02 8.4206373545e-02
-1.7842120740e-02 -5.5444994437e-02 8.7120701108e-02
-3.4145443002e-02 -4.0470639020e-02 1.0908432390e-01
-1.0412587574e-01 9.1243752598e-03 1.6471544355e-01
-3.9025916216e-01 9.6159048340e-02 3.6823863013e-01
-1.1368623480e+00 1.5152241240e-01 6.2713646945e-01
-1.7775798840e+00 3.2484551473e-01 6.5176996751e-01
-1.7293723504e+00 9.4066637457e-01 5.1440571127e-01
-1.1285372167e+00 7.4761391291e-01 1.7459694278e-01
-4.8752822084e-01 6.5485380827e-01 -2.5383322382e-01
-3.2577224967e-01 1.0102313694e+00 -3.8364142762e-01
7.3501158206e-03 -4.2132156237e-02 -2.0139363015e-01
8.4820364018e-02 -6.3674891642e-02 3.0135753464e-03
3.6807761993e-03 -9.9040958941e-03 6.3283378118e-02
-2.7919260528e-02 -4.2090983743e-02 8.4146213861e-02
-2.2567218175e-02 -3.8497700117e-02 1.0173008261e-01
-3.8321873449e-02 -3.4344201166e-02 1.0095297099e-01
-4.8828149768e-02 -1.4636581685e-02 1.2550281575e-01
-5.3437033801e-02 1.6123427558e-02 1.5328612807e-01
-6.1715818821e-02 6.3075195006e-02 1.9982871153e-01
-2.4375477465e-01 1.5987005992e-01 3.3199705398e-01
-6.6238374622e-01 1.9012556290e-01 5.1006751130e-01
-1.0851439914e+00 5.7732443313e-01 7.0993402292e-01
-8.4497322786e-01 7.0966337907e-01 6.6251870681e-01
-5.2272968682e-01 8.1543025858e-01 -7.0162423078e-02
-4.2926107924e-01 1.1597027313e+00 -2.6416218355e-01
-1.5927035241e-03 7.0348618959e-02 -1.3607274481e-01
7.7349409413e-02 -1.3527155927e-02 -6.4993238535e-04
-1.1725385458e-02 2.4925529922e-02 5.4348840817e-02
-4.4667696607e-02 -3.9600694412e-02 6.5308421906e-02
-2.6107955174e-02 -3.8151190416e-02 7.5823481581e-02
-4.8484966706e-02 -3.0862527038e-02 8.3058056201e-02
-7.0459213549e-02 -1.6079317992e-02 1.1835626540e-01
-8.0775185626e-02 5.1024809684e-03 1.3406785776e-01
-6.4889070755e-02 5.3415169798e-02 1.6341996293e-01
-7.3468596858e-02 7.6940062461e-02 1.6479401721e-01
-1.7797048651e-01 9.4480059709e-02 2.5900613955e-01
-3.3025681183e-01 2.6121574741e-01 4.4517070589e-01
-3.6316300047e-01 5.3321435425e-01 6.0262788840e-01
-4.8408925366e-01 8.8658235874e-01 1.3159779093e-01
-4.6263764291e-01 9.6336959654e-01 -3.1114543543e-01
-2.2561543591e-02 8.4779479884e-02 -1.2751265628e-01
5.5242591546e-02 -1.5097684763e-02 1.3835097120e-02
-2.5997588509e-02 1.0459379110e-02 6.5883760178e-02
-3.9810011635e-02 -4.6935568381e-02 8.0319886463e-02
-2.5364790783e-02 -4.9454418077e-02 7.9825729165e-02
-4.2054352073e-02 -3.6455144768e-02 8.4310380229e-02
-5.5543564802e-02 -2.3128276429e-02 9.3832823867e-02
-5.6011116280e-02 -1.5393154936e-02 9.1934535486e-02
-5.5072674481e-02 2.3047845435e-02 1.2875935049e-01
-5.0434008615e-02 4.0568127039e-02 1.2014433634e-01
-8.1061648528e-02 4.7252512986e-02 1.8574642362e-01
-1.2822769463e-01 1.0073118400e-01 2.2252861371e-01
-1.8225386517e-01 2.8093411659e-01 2.4981536289e-01
-2.2297756277e-01 3.4684452142e-01 6.5083142261e-02
-1.8206799086e-01 2.7215796905e-01 -1.6137160018e-01
-2.8849573374e-02 5.5515915341e-03 -6.4027489415e-02
2.0762789036e-02 -2.7780022716e-02 1.4528036490e-02
-3.1896185599e-02 6.9476982817e-03 6.0810091387e-02
-4.7108675991e-02 -5.5291412407e-02 8.7279480746e-02
-3.5370361294e-02 -6.4304831012e-02 7.6356042745e-02
-6.1590136607e-02 -5.0111324158e-02 8.6632112502e-02
-7.2793711046e-02 -3.2913621823e-02 9.3076962511e-02
-8.9302929563e-02 -3.4190894565e-02 9.6033956964e-02
-7.1680004939e-02 -8.2455458274e-03 1.1344300753e-01
-7.8220881572e-02 1.9676550004e-03 1.2907118179e-01
-9.4933469501e-02 2.7932890623e-03 1.6096176472e-01
-1.1569645624e-01 5.4239286264e-03 1.7720410383e-01
-9.4942158915e-02 5.1447920485e-02 1.3689344945e-01
-9.5636357788e-02 5.2176180467e-02 3.2073496291e-02
-5.5898453509e-02 -1.5659416703e-02 -3.9040021057e-02
-3.4505325756e-02 -6.0803160469e-02 -5.8141262867e-03
-2.4525624872e-03 -5.2649670991e-02 2.7896923308e-02
-3.3942094192e-02 -3.8934003400e-02 6.8696876350e-02
3.5939858262e-02 1.0094144589e-02 9.0902129247e-02
5.4992537735e-02 6.6730698771e-03 1.0782608181e-01
1.0366099581e-01 8.9477274553e-03 1.5674062058e-01
2.3012594052e-01 -3.1155241925e-02 2.1831521105e-01
4.1520112352e-01 -3.7742428119e-02 3.0094461287e-01
6.6082238453e-01 1.6352657619e-01 4.2606563008e-01
1.0949726723e+00 4.2485135678e-01 5.6311891002e-01
1.2980742802e+00 6.2912532156e-01 4.8083978967e-01
1.4609976528e+00 7.5367790988e-01 3.1361019297e-01
1.5042058177e+00 7.7033513552e-01 -1.6309427593e-01
9.5153440262e-01 3.6421557616e-01 -4.1858372245e-01
3.2282528900e-01 -5.1424277780e-02 -1.7805001580e-01
1.0816596238e-01 -1.0028180995e-01 -8.0400707579e-04
9.5667210240e-02 -5.7960010401e-02 2.1075557374e-02
4.1733710650e-02 -3.4126314788e-02 1.8237742364e-02
4.0376416283e-02 1.1654430639e-02 9.1896246560e-02
5.0536469159e-02 -9.3739326473e-03 1.2534600423e-01
9.5513236977e-02 -3.4588550311e-03 1.7193135188e-01
3.2648555767e-01 9.9213263318e-03 3.5619435405e-01
8.2852587283e-01 2.2626999605e-01 6.7652889895e-01
1.3203982457e+00 6.4189323049e-01 8.9502286295e-01
1.4645428448e+00 7.2785753504e-01 8.1422731185e-01
1.1782546919e+00 5.9421264099e-01 4.9822351536e-01
8.9965625086e-01 4.9520373048e-01 3.1802263256e-01
9.5047652969e-01 6.0276346424e-01 -1.2617787505e-01
9.9972952784e-01 5.8908029616e-01 -7.1662222639e-01
4.2483963936e-01 6.8919901882e-02 -4.8223788901e-01
1.0176291946e-01 -9.5781838705e-02 -6.5813614469e-02
8.6701087948e-02 -5.8924768384e-02 -1.6615442395e-02
3.5085121120e-02 -5.2621668799e-02 1.0272089559e-02
2.0584178842e-02 4.2971466398e-03 1.1355341036e-01
4.9714933798e-02 -2.0599499042e-02 1.6443129156e-01
1.8039354236e-01 9.2677728919e-03 3.4943163665e-01
7.5908466803e-01 2.8067186110e-01 8.6851625069e-01
1.3126050586e+00 6.6913188249e-01 1.1324738105e+00
9.9105042207e-01 6.6556900119e-01 8.0268643799e-01
6.5488595017e-01 4.2852085747e-01 3.9133287994e-01
3.9377972308e-01 1.9950972891e-01 1.8253688845e-01
5.5658109230e-02 -1.2634854456e-01 2.0054820594e-01
-1.5047147688e-02 -9.9714383617e-02 1.8298588084e-01
3.0812653534e-01 2.3774138541e-01 -3.2676238255e-01
2.6090618176e-01 1.1654555009e-01 -4.3488498934e-01
5.4898014375e-02 -6.9194097697e-02 -1.0252989287e-01
7.0825195209e-02 -3.8005514902e-02 -4.0491796727e-02
2.3409430691e-02 -3.2800903236e-02 -7.6769757283e-03
-5.2356909867e-03 1.2343640196e-02 1.7564318180e-01
7.2282951324e-02 3.4251990831e-02 3.7240500647e-01
4.7797136879e-01 2.3687215432e-01 8.4725542757e-01
9.7275194169e-01 6.5022778777e-01 1.2053054438e+00
8.5374610415e-01 5.7540358176e-01 8.5830079511e-01
4.0420205851e-01 3.9340215400e-01 3.6079008714e-01
3.1734688866e-01 3.7318964925e-01 1.4197586590e-01
1.4520993154e-01 1.6160146880e-01 6.9689428861e-02
-2.7226087410e-01 -5.1224582434e-01 2.0242857091e-01
-3.5067929067e-01 -7.7196739455e-01 4.3414285094e-01
-1.0721090852e-01 -3.5715729933e-01 2.1559809143e-01
-2.0965423843e-02 -1.9246454834e-01 -4.3318385263e-02
-2.3806125281e-04 -6.5970901856e-02 -7.2871138574e-02
5.8534029811e-02 -1.6712685658e-02 -5.0401208804e-02
1.4281615359e-02 -1.5000272047e-02 -1.7213087035e-02
-1.1222217936e-02 1.4558547026e-02 2.2346570869e-01
1.5093005879e-01 1.8415510354e-01 6.0309850603e-01
5.9011189982e-01 6.3651175861e-01 1.2461707047e+00
6.7826034924e-01 6.6217722151e-01 1.1318184299e+00
5.0011649873e-01 4.3168416290e-01 6.0772494794e-01
2.4925809011e-01 4.0804921345e-01 2.8780948249e-01
1.6871692287e-01 1.8659345537e-01 1.0616302677e-01
8.8027082531e-02 -1.4086932145e-01 1.5820104225e-01
-5.9565224156e-02 -8.0973597676e-01 3.3451663772e-01
-2.0067468073e-01 -1.2880647453e+00 6.2058194578e-01
-1.4906043194e-01 -1.2289217453e+00 6.5079150865e-01
-4.5198428278e-02 -7.8084806354e-01 -3.9813650877e-03
1.1233152135e-02 -1.4157431319e-01 -1.4629697020e-01
4.5726324093e-02 -1.5920103479e-02 -4.7372046491e-02
6.5576620860e-03 -1.4009712243e-02 -5.5748002404e-03
-1.9184767037e-02 1.4782654594e-02 2.4979230127e-01
1.3016125252e-01 3.3012474198e-01 6.9804902261e-01
2.9405444788e-01 7.0439287552e-01 1.1401304526e+00
2.6556737587e-01 4.6961599436e-01 8.2516227114e-01
1.5955730640e-01 2.4258992496e-01 4.2117626958e-01
6.1346564373e-02 3.3584599689e-01 2.3051162328e-01
9.0666409824e-02 8.9434730338e-02 1.2419616714e-01
1.2996123909e-01 -3.2870262292e-01 2.5007656996e-01
8.8357427639e-02 -1.1547659903e+00 3.8425925120e-01
-7.1934988035e-03 -1.5921552924e+00 6.5939873212e-01
-2.1521248798e-02 -1.6168797047e+00 7.1316924345e-01
8.9321859239e-02 -8.5268642119e-01 -3.0515027321e-01
-1.1545091043e-02 -9.2971258556e-02 -2.8148531049e-01
5.7848795017e-03 -2.5755571920e-03 -7.5771145036e-02
-1.4237870855e-02 -1.3960610739e-02 -1.0451342722e-02
-3.8371837805e-02 7.1510021036e-03 2.5602251733e-01
-4.0999450631e-02 2.5356811761e-01 4.9362581199e-01
-8.3701939263e-02 5.8359357215e-01 8.1980381202e-01
-6.0677595620e-02 2.9939242159e-01 4.8735491060e-01
-6.5998539095e-03 -1.3422549047e-01 1.5808394583e-01
-7.2905842363e-02 -1.3098225511e-02 9.9941490054e-02
-1.3710455140e-01 1.2840320142e-01 1.3631859370e-01
-7.7683632353e-02 -1.1732312759e-01 2.1612384072e-01
8.2061575197e-02 -1.0431514900e+00 2.9190984829e-01
1.7487779654e-01 -1.3435386963e+00 5.1150127426e-01
3.3571431807e-01 -1.1795814010e+00 8.1703427410e-01
3.2738033219e-01 -5.0493458804e-01 -2.6168786242e-02
-2.2208529716e-04 -4.2895393569e-02 -1.7336277499e-01
-4.0880247415e-03 -2.8552674050e-02 -6.1326773087e-02
-1.4420661231e-02 -5.1425378649e-02 5.4957489020e-03
-5.6172020338e-02 -2.5238885664e-02 1.7383683098e-01
-1.1735974490e-01 1.6908026281e-01 3.5692636108e-01
-3.8911744302e-01 6.6931861236e-01 7.4493981460e-01
-2.2132530828e-01 5.5043816977e-01 5.9978230897e-01
2.6520520791e-01 8.7348868617e-02 3.3305814896e-01
3.5859043552e-01 -6.0973594216e-02 1.6083228676e-01
-2.3950856296e-01 2.5306761143e-01 1.9418240472e-01
-6.0466851942e-01 4.0219134910e-01 2.3849491400e-01
1.1729859342e-02 -3.1438637092e-01 2.2710971521e-01
2.4023233220e-01 -5.0552869982e-01 2.1724730566e-01
6.8578300679e-01 -2.0909843929e-01 3.3678930953e-01
8.1598171857e-01 -1.1365130670e-01 -1.7542248852e-01
8.5829081086e-03 -4.4185644943e-02 -1.5298719345e-01
-2.6904628387e-02 -3.8013351163e-02 -2.8243830693e-02
-2.9172053722e-02 -3.0617210511e-02 1.1749299442e-02
-4.5601887696e-02 -2.2409626252e-02 1.3567844000e-01
-1.1005857836e-01 7.8513640205e-02 2.2178051805e-01
-3.3893795845e-01 4.2050229722e-01 4.9797607763e-01
1.5560406121e-01 7.4608390181e-01 9.6540400941e-01
1.3069538089e+00 8.7803109990e-01 1.2168565669e+00
1.4102567495e+00 -1.5629810490e-01 2.7372056999e-01
7.3474906763e-01 -8.1703452727e-01 -2.5966599762e-01
-1.6959628158e-01 -3.4044316142e-01 1.2192054411e-01
-8.2469746814e-03 -2.7437465074e-01 3.3928915040e-01
4.5153965984e-01 -3.5677122249e-02 -2.4375347501e-01
1.1243966998e+00 5.6137466138e-01 -6.8283121123e-01
1.8097261107e+00 5.3329517287e-01 -7.8926147289e-01
2.8285918820e-01 -8.6057460420e-02 -3.7177582746e-01
-2.5155237369e-03 -6.8407916444e-02 -3.2686623125e-02
-7.2617698149e-03 -4.6516333381e-02 3.4605234028e-02
-1.7529149553e-02 -4.3034668300e-02 1.0464241342e-01
-5.3018913969e-03 -3.3053864644e-02 1.0420180878e-01
-9.1955355559e-02 6.6731640368e-02 2.1421316497e-01
-1.3532549945e-01 5.6151345945e-01 8.7651169635e-01
-2.2068293613e-01 1.1818878841e+00 1.2615152678e+00
-3.3568382094e-01 5.9885126847e-01 7.5975585397e-01
-2.2482324623e-02 -2.7596278331e-01 1.7194458923e-01
5.7329147142e-02 -3.6810522600e-01 6.9004785103e-02
-1.7497353795e-01 -1.9460532496e-01 2.5172225241e-01
-4.0274620798e-02 2.3961626067e-01 -5.0526125372e-01
-2.1249357613e-01 7.9511223189e-02 -3.5079821178e-01
6.3083027759e-01 5.9070281992e-01 2.3479631754e-01
1.2877538671e-01 -1.3440855469e-01 1.1305985615e-02
2.8054425200e-02 -6.4711597889e-02 -1.7739782229e-02
5.6586454386e-03 -1.4038945099e-02 3.9666738738e-02
-1.0140678727e-02 -5.2421210734e-02 1.0519966191e-01
1.3727860863e-02 -6.1677946245e-02 8.5755329007e-02
-3.8762326318e-02 -4.5744576370e-02 9.7076920476e-02
-3.1726005726e-01 1.6052684618e-02 2.2844577564e-01
-9.1941258654e-01 2.6979198779e-02 4.2936904520e-01
-1.2738716871e+00 9.6152609041e-02 8.7912227448e-01
-1.2948125509e+00 4.3168093481e-01 9.1711239802e-01
-6.9302245851e-01 1.3476367568e-01 4.0025491662e-01
-3.6164237225e-01 5.9709716613e-03 2.2838475849e-01
-2.7849124585e-01 -9.1499042835e-02 -1.0002059785e-01
-3.8814627488e-01 -1.2608686047e-01 1.2274547939e-01
-1.8101221620e-01 5.3965748486e-01 3.3042256165e-01
-3.5627064340e-02 -9.9834254341e-02 -2.3194567198e-02
4.9761397560e-02 -6.6232926123e-02 -4.0547125218e-02
9.1741585626e-03 -1.9946925483e-02 6.1578189235e-02
-2.6159177243e-02 -5.0264091818e-02 1.0897052963e-01
-7.4824159726e-03 -6.1317574432e-02 1.1031710906e-01
-2.8028739846e-02 -4.3835931823e-02 1.2033944019e-01
-8.2993519905e-02 -2.5869471241e-02 1.3603342269e-01
-1.7345228149e-01 -1.3715966523e-01 1.7255962161e-01
-3.8861918530e-01 -3.9728788549e-01 2.3532704832e-01
-9.4715878145e-01 -5.6154067408e-01 3.5052462650e-01
-1.1383686237e+00 -4.1765427438e-01 4.3858383865e-01
-9.0284810583e-01 8.0727059984e-02 4.2672925578e-01
-5.7695217218e-01 1.7321393847e-01 2.8409106834e-01
-1.5945526324e-01 -1.8008882099e-01 8.5064392975e-02
-1.4031425711e-01 2.3290815318e-01 -8.8167389738e-02
4.8118755295e-02 -1.3747050668e-01 -1.3892487987e-01
6.3625069380e-02 -4.0970724779e-02 -2.4632287497e-02
4.5857095888e-03 -1.6931648494e-02 7.2059066547e-02
-4.5381495641e-02 -4.2325569060e-02 1.2810988688e-01
-3.6141762666e-02 -4.0411513146e-02 1.4567861748e-01
-6.5098484056e-02 -1.8843194414e-02 1.6461621773e-01
-7.6759137069e-02 1.4439181011e-02 2.2549293631e-01
-8.1518136096e-02 2.9613470299e-02 2.6893502872e-01
-1.5615692179e-01 1.2450173769e-01 2.7985362667e-01
-4.0562423098e-01 1.6074130105e-01 4.7341856632e-01
-7.1738324002e-01 -2.9558693431e-01 6.1647747366e-01
-7.6453810648e-01 2.8364841850e-02 6.7924634827e-01
-5.9704425710e-01 5.1149011368e-01 7.1323999344e-01
-7.4073999955e-02 4.2905846637e-02 1.8679900508e-01
-1.5235769057e-01 5.4102089079e-01 8.2082114884e-02
7.6010655627e-02 -2.5708929862e-02 -5.1231717361e-02
5.6015718364e-02 -1.2299721315e-02 -2.5561389511e-02
-1.3024406912e-02 1.8542091970e-02 6.0416941526e-02
-4.9168592321e-02 -3.8753966445e-02 1.0979213965e-01
-4.1297998351e-02 -3.7778364561e-02 1.2588640136e-01
-6.6820177057e-02 -1.9313987870e-02 1.6715281873e-01
-1.1024763475e-01 1.1752215470e-02 1.9743243884e-01
-9.7946233366e-02 9.5893446568e-03 2.1778733070e-01
-7.4673082710e-02 8.6774866142e-02 2.4299314581e-01
-9.4304897930e-02 9.0294228202e-02 2.9701048169e-01
-2.0901992401e-01 1.9847535297e-02 4.5809644396e-01
-1.5021462746e-01 6.7047404846e-02 9.3965712220e-01
-5.9112656324e-01 1.0763017141e+00 1.0866966797e+00
-3.0179575025e-01 8.0132147392e-01 3.7563152239e-01
-7.0137539742e-01 1.3556064745e+00 -1.3443397504e-01
-9.7553744529e-02 2.6288094630e-01 -1.4252286454e-01
7.3576043041e-02 -2.2716311368e-02 -2.2078311996e-02
-2.3156902022e-02 1.8458460613e-03 7.2616663480e-02
-4.4944102270e-02 -4.8454672984e-02 1.1380001546e-01
-3.1277543960e-02 -5.9176784745e-02 9.7496651248e-02
-7.1809284039e-02 -2.6049015820e-02 1.2758779896e-01
-1.0089298311e-01 -1.1827556981e-02 1.2776981055e-01
-1.0168467444e-01 -6.1032626856e-04 1.3457585775e-01
-8.8300335913e-02 4.4947541916e-02 1.8805416082e-01
-8.6384382081e-02 6.1867525331e-02 2.1027158629e-01
-1.6181803282e-01 1.2065119320e-01 3.3782228940e-01
-3.0578763680e-01 4.2353798119e-01 6.8310982829e-01
-7.5920012593e-01 1.2129569212e+00 8.0792036744e-01
-6.2701003653e-01 1.0255282211e+00 3.5474526177e-01
-9.1877763032e-01 1.0854659014e+00 -3.8020989427e-01
-2.8660095950e-01 2.9443537429e-01 -2.8409789840e-01
1.5656372954e-02 4.1967940094e-03 -1.4475190697e-02
-3.3303328434e-02 7.2145822328e-03 6.8163419583e-02
-4.5501414680e-02 -6.2403176360e-02 1.1131636196e-01
-3.7420326545e-02 -8.0807741380e-02 8.1785237228e-02
-6.8389206414e-02 -5.7049275104e-02 1.1221204080e-01
-1.0473228669e-01 -3.4189250691e-02 1.1687799791e-01
-1.0804319284e-01 -3.7723538592e-02 1.1809351284e-01
-8.3332351388e-02 -4.2771243254e-04 1.4092594674e-01
-8.8129897697e-02 -4.4460887621e-03 1.6795064950e-01
-1.4225357549e-01 3.2159089041e-02 2.2843577062e-01
-2.4413634395e-01 1.4441832068e-01 3.4002185716e-01
-4.2430135195e-01 4.1834772145e-01 3.0157390247e-01
-3.6987849725e-01 3.6238213215e-01 9.5190703158e-02
-2.9338982124e-01 2.1092710573e-01 -1.0140439121e-01
-6.9523284035e-02 1.4928452726e-02 -5.3158685686e-02
1.4720485462e-02 -3.3663329437e-02 2.2064810462e-02
-1.7564131546e-02 -4.2562371339e-02 7.5509607019e-02
4.2756937171e-02 3.1747525049e-02 9.7955136746e-02
7.8411311748e-02 2.5888242815e-02 1.4629781899e-01
1.2643823470e-01 1.7507038519e-02 1.7371755454e-01
2.6975253234e-01 -3.0662901208e-02 2.2853656644e-01
5.2848662635e-01 -3.4016674676e-02 3.8893467376e-01
1.0941285843e+00 2.2796225724e-01 6.7371274704e-01
1.7166182469e+00 4.9602874759e-01 8.3543737128e-01
1.7656342803e+00 6.4455563518e-01 6.4907346089e-01
2.0765392215e+00 7.9272056223e-01 3.8829288513e-01
2.3517160311e+00 8.6671919575e-01 -3.7830976348e-01
1.5248298035e+00 5.0992897950e-01 -7.7037569233e-01
4.0375871048e-01 1.2972099831e-02 -2.7536368198e-01
1.1352279559e-01 -9.6446558140e-02 -6.3831426945e-02
9.1756427431e-02 -6.2335925117e-02 -1.7906038084e-02
3.4922033863e-02 -3.8287679216e-02 -2.7314860563e-02
4.0873370419e-02 3.4770968850e-02 1.0885301024e-01
5.3607841451e-02 1.0227358515e-02 1.6032396308e-01
1.3585224228e-01 -8.3957203081e-03 2.3576870728e-01
4.6710095696e-01 3.5227296497e-02 4.8040395775e-01
1.0401028301e+00 1.9427027933e-01 8.6769376417e-01
1.2183312203e+00 3.7789498100e-01 9.1454259969e-01
1.0442405240e+00 2.9403126985e-01 6.1227152818e-01
6.6050597447e-01 1.7817130848e-01 3.0608146631e-01
2.6488705609e-01 5.6187051745e-02 2.3944347770e-01
4.1358685058e-01 1.7040313238e-01 6.2956721796e-02
7.7840423457e-01 3.3920252853e-01 -3.6888210798e-01
4.8694011314e-01 1.5599813740e-01 -3.8466390543e-01
1.2981082051e-01 -7.8776749594e-02 -1.4146202382e-01
9.6102478585e-02 -5.7997925546e-02 -6.2038321864e-02
3.1701937847e-02 -3.9831217827e-02 -3.1787951259e-02
2.6101421049e-02 2.6022537769e-02 1.2383456601e-01
7.9094814877e-02 8.6334469456e-03 2.4461632847e-01
3.5650783639e-01 1.8590679899e-02 4.8676185607e-01
9.7162642211e-01 1.8987429469e-01 1.0035752539e+00
9.9783080427e-01 1.8678196587e-01 8.7628258480e-01
5.6210552376e-01 1.4425601778e-01 4.7222673900e-01
4.1935464107e-01 6.1114923526e-02 2.0828229694e-01
4.4134244610e-01 1.1752543771e-01 1.4113757287e-01
1.9303181491e-01 -7.0223070621e-02 1.7103376691e-01
1.3916630421e-01 -4.2490654135e-02 2.8189097005e-01
4.1825457889e-01 1.6417507795e-01 2.4251465975e-01
3.3081100329e-01 9.4251609325e-02 -1.5037100593e-02
7.6214979774e-02 -6.0453951135e-02 -1.0845127772e-01
8.5147101297e-02 -3.4885386565e-02 -6.1812228186e-02
2.2749104707e-02 -2.0720535683e-02 -4.1256582441e-02
3.3698173883e-02 3.9024559785e-02 2.3583731902e-01
1.9889910254e-01 6.0973306249e-02 5.4946459276e-01
6.6733668921e-01 2.0059287123e-01 1.0133190316e+00
7.2459611415e-01 1.5955979128e-01 8.6557710197e-01
4.0165604381e-01 7.6566051863e-03 4.0871043801e-01
2.4850325117e-01 4.2494684743e-02 2.3173205654e-01
2.3475275441e-01 4.8354122174e-02 1.6262875131e-01
1.9232712082e-01 3.2597560305e-02 1.5449641093e-01
-2.6357633982e-03 -2.2712819093e-01 1.8533123277e-01
-1.1669613970e-01 -4.1491685280e-01 3.6658845692e-01
-1.5630857965e-01 -5.0607630977e-01 6.6002446805e-01
-1.1853706460e-01 -4.4124146235e-01 3.2903547994e-01
-1.1258451282e-02 -1.2296469891e-01 -5.9179915294e-02
6.6539585470e-02 -3.5326361788e-02 -7.0080421765e-02
9.4573659427e-03 -1.4013231500e-02 -4.1756103429e-02
4.4878834006e-02 5.4392757367e-02 3.3517744100e-01
3.6041730057e-01 2.4307580628e-01 9.1187957320e-01
5.5063184808e-01 2.9201564433e-01 1.0373825866e+00
3.5159730000e-01 7.0761515346e-02 6.0775481860e-01
3.1275321213e-01 -1.1530623712e-02 3.4146597849e-01
1.8847592070e-01 2.2507487715e-02 2.0574494333e-01
1.5250900600e-01 -9.8997380061e-02 1.4809799579e-01
1.2384829816e-01 -1.0127468347e-01 2.1197983712e-01
6.3873421831e-02 -2.7475081641e-01 2.2034553853e-01
-5.6281043400e-02 -6.1791878642e-01 4.0728197968e-01
-1.7512323584e-01 -1.1863204212e+00 6.0190685902e-01
-9.0633271878e-02 -8.9464226337e-01 1.0355922123e-03
1.9372418175e-02 -1.7871045200e-01 -1.6302141520e-01
5.3973256747e-02 -3.7369270871e-02 -6.6659500111e-02
-6.2259677244e-03 -1.5387308463e-02 -3.0204669878e-02
7.8785427806e-02 1.1332684598e-01 5.3018905346e-01
3.4230464618e-01 4.1631082266e-01 1.0806715833e+00
2.3194046278e-01 2.7052034287e-01 7.6309266176e-01
1.8502372766e-01 6.6938547510e-02 4.8501189360e-01
2.1151781423e-01 -9.1643171871e-02 3.1445985507e-01
1.3371166595e-01 -3.6568078405e-02 1.8491970702e-01
1.3605746809e-01 -1.1503191045e-01 1.5140285394e-01
1.3765271962e-01 -1.0591188361e-01 2.3013694090e-01
1.4464313551e-01 -2.6782247278e-01 2.6692795104e-01
6.4961684517e-02 -5.6484052166e-01 3.8998016856e-01
9.0411805134e-02 -1.3609167397e+00 5.9522903109e-01
1.5502346796e-01 -9.5290888338e-01 -2.1974790360e-01
2.7162456279e-02 -1.0990698986e-01 -2.5600119521e-01
1.8339811578e-02 -1.2967243476e-02 -9.8431005534e-02
-2.5997323737e-02 -1.2855042747e-02 -3.5162126592e-02
4.2548850537e-02 1.6350589548e-01 5.7463329876e-01
8.4715371135e-02 3.9248055218e-01 8.0755516129e-01
5.1990355706e-03 2.8375045508e-01 5.7591277504e-01
3.1334567051e-02 -2.7477168877e-02 2.8594632146e-01
9.8061849224e-02 -2.4978035061e-01 1.4513236785e-01
2.8443125276e-02 -7.6275300656e-02 1.4085503162e-01
1.0729032267e-02 -9.5874896763e-03 1.6113773181e-01
-2.6660921673e-02 -5.2480746207e-03 1.8529950795e-01
6.3988873120e-02 -2.1680646813e-01 1.9144528692e-01
8.8059073738e-02 -3.8227710727e-01 3.5362235482e-01
2.4969549331e-01 -9.1457617581e-01 8.5347089101e-01
3.0283853673e-01 -6.1885223463e-01 2.3530930520e-01
-3.6123274017e-02 -4.3685367457e-03 -1.9942073333e-01
1.2922338667e-02 3.4440357554e-02 -1.2382829016e-01
-2.8113505988e-02 -3.1248766728e-02 -1.4461304236e-02
-2.4972464288e-02 8.6160805915e-02 3.6528949077e-01
-2.0122995811e-02 3.2378855009e-01 4.9966256156e-01
-3.0158244287e-02 3.6171167391e-01 5.3045235682e-01
2.6555980831e-02 7.9413900851e-02 2.8293555555e-01
-9.3306794941e-02 4.7651519862e-02 1.4263362970e-01
-1.3939169055e-01 1.5788061179e-01 1.3250653899e-01
-1.0902905870e-01 2.4725796337e-01 2.4878325991e-01
-5.8196167057e-01 3.6057885766e-01 2.7776189867e-01
-3.3780648848e-01 5.3568435020e-02 1.9700991759e-01
-8.7470089074e-02 -2.9889792607e-02 1.9882988019e-01
1.0347312759e-01 -2.5746156272e-01 5.0824604165e-01
5.8314757009e-01 -6.5667672300e-02 -7.7976209274e-02
-4.5118738078e-02 2.2316849507e-01 -4.1213194404e-01
-4.5431020664e-02 5.3209986915e-02 -1.1985769626e-01
-3.2228395509e-02 -1.6496843517e-02 -1.1662489298e-02
-1.4548667257e-01 1.1120799663e-01 2.8793339492e-01
-4.1821745417e-01 3.9987788223e-01 5.2451779204e-01
-3.1865920413e-01 4.5243455416e-01 5.7942604765e-01
4.5088065577e-01 3.7103843217e-01 6.3671283629e-01
9.7480647014e-01 1.0408413913e-02 3.1652800381e-01
8.0834421973e-01 -2.0006588995e-01 5.3236759915e-02
7.0282545097e-01 -9.1052690332e-02 2.3835664393e-01
-1.9593602317e-01 1.9785050308e-01 3.2268363136e-01
-3.9272319561e-01 1.2580161055e-01 2.5292408269e-01
-1.3151269657e-01 7.6999858393e-02 4.3800769169e-04
-3.7064006371e-01 -2.5300585262e-01 -2.5053977352e-01
7.7754417918e-01 -1.0789236258e-01 -4.9357383275e-01
3.3237865943e-01 1.3895524493e-01 -5.7285103725e-01
1.7338148354e-02 -1.0874587707e-02 -1.2455137351e-01
-1.4453809923e-02 -3.0924919337e-02 6.3287142416e-03
-8.9033013813e-02 7.3487232050e-03 1.4029997291e-01
-4.0878614822e-01 1.2396821583e-01 2.2701187760e-01
-6.0357860819e-01 1.7853301998e-01 2.2148111985e-01
-7.6738817657e-02 3.3233903256e-01 4.9823105952e-01
3.5164464536e-01 3.1746828258e-01 2.2894278403e-01
2.4578551625e-01 2.8139940097e-01 3.2312577005e-01
3.8574797301e-01 1.0450289073e-01 4.3047333852e-01
4.4465418472e-01 9.0211992713e-02 3.0052281891e-01
2.4319405367e-01 1.1276377581e-01 2.8182467809e-01
1.8016566792e-02 2.2431059282e-01 -1.1858742471e-01
-3.9309251830e-01 -1.0283546244e-01 -1.3796973905e-01
3.6468106993e-01 -4.6076355270e-02 2.4743298997e-01
1.4228662809e-01 -9.0062789559e-02 -4.2500246007e-02
4.3919427335e-02 -4.0150776117e-02 -6.3002032515e-02
2.6089231449e-03 -5.0766819670e-03 1.2198201945e-02
-2.3840849835e-02 -4.0460045451e-02 9.6105849384e-02
-7.6686149361e-02 -5.3214763394e-02 6.2225193926e-02
-2.7958748600e-01 -1.4532162030e-01 -8.3353878612e-02
-3.1597870250e-01 -2.1666823075e-01 -1.2311769613e-01
-3.6701692527e-01 -1.0429159098e-01 -1.1516251349e-01
-4.1581563351e-01 3.4710376412e-02 3.3571228002e-01
-3.5360321802e-01 4.4784646565e-02 4.9929906556e-01
-2.1327224783e-01 2.7531528040e-02 2.9847970879e-01
-1.1916684100e-01 5.0853151558e-02 3.1081763394e-01
-1.0160829094e-01 1.2024048692e-01 1.8855363846e-01
-1.3596567222e-01 1.2170793248e-01 1.9725087167e-01
-8.2581233292e-02 4.9135239012e-02 1.9428758391e-01
-3.5812904680e-02 -1.1412730257e-01 -8.2114375269e-02
5.6505252671e-02 -3.4196012477e-02 -7.1654622258e-02
9.7117318213e-03 -3.7295247771e-03 2.5730481828e-02
-4.0995868595e-02 -4.1638356684e-02 1.0250656935e-01
-1.2892161083e-02 -4.1232050375e-02 1.1766251298e-01
-9.2632319613e-02 -5.4566395780e-02 9.7774675540e-02
-5.0365347225e-02 -1.2335615849e-01 -3.6014427241e-02
7.1877969635e-02 -3.4119931684e-01 -5.5577118072e-02
-2.3548582328e-01 -4.6324417044e-01 1.2148499579e-01
-5.3121388967e-01 -3.8743451189e-01 1.0321800172e-01
-5.7844469049e-01 -3.2255032795e-01 2.4212499681e-01
-3.4171065341e-01 -1.4361660983e-01 3.5095367976e-01
-2.2498571456e-01 5.4158959492e-02 3.0345138673e-01
-1.0645535862e-01 -1.6985355103e-03 1.9727444861e-01
-7.4884288848e-02 -3.0713283897e-02 -5.2563371992e-02
4.7211627287e-02 -1.0567903453e-01 -1.2082351713e-01
5.3670968172e-02 -5.6406168922e-03 -6.5798386968e-02
-1.1075186271e-03 1.3158073891e-02 3.6645592818e-02
-6.3447755712e-02 -2.2273732345e-02 1.4079189343e-01
-2.6673219624e-02 -2.1480954579e-02 1.7813121242e-01
-4.7885907399e-02 -5.2917141374e-04 2.3353394683e-01
-3.7580199680e-02 2.8272207778e-02 2.3335112227e-01
-7.4363466292e-02 -1.0453358123e-02 2.5398455660e-01
-1.8200858805e-01 -1.1155145498e-01 1.9801542480e-01
-1.3702771207e-01 -2.7396132103e-01 -5.1805991837e-02
-2.5071175982e-01 -3.5475975219e-01 3.7947238977e-01
-2.1900939138e-02 -3.8411999517e-01 4.6708815162e-01
-9.9140167918e-02 1.2921648537e-01 5.3921329277e-01
1.0758428120e-01 -3.6823037013e-02 3.3890568867e-01
5.3061982768e-02 1.4427575880e-01 2.5473800299e-01
1.1507243219e-01 3.7065982439e-03 2.5496781626e-03
9.6770067061e-02 -7.0420102017e-03 -7.0906381076e-02
-1.9189387883e-02 2.7458806684e-02 2.3338406599e-02
-7.7196924012e-02 -1.6975870918e-02 1.2441209148e-01
-4.6770636504e-02 -1.3374922535e-02 1.7666356244e-01
-5.5956830790e-02 -1.0459129807e-02 2.4136082693e-01
-6.0320033224e-02 1.0652353122e-02 2.6804254239e-01
-4.3145574903e-02 4.9194701812e-03 2.9565611221e-01
-2.7816648443e-02 3.2101945981e-02 2.6320422257e-01
1.3126042505e-02 -7.1351593084e-02 2.1718237273e-01
1.0987333538e-01 -9.2708207516e-02 6.3265455115e-01
3.1666272162e-01 -1.9747754358e-01 8.3919588883e-01
-2.9815122621e-01 5.2485121598e-01 7.4859021602e-01
1.8008598836e-01 2.4360950994e-02 5.7344866958e-01
-5.4415066841e-01 5.2520929067e-01 5.4646442299e-01
-3.2010424591e-01 2.6791009991e-01 4.8203527130e-02
1.1474864912e-01 -1.9193772484e-02 -7.1950506275e-02
-3.3295345270e-02 1.0142730699e-02 4.0582328375e-02
-6.9125400849e-02 -3.3638764707e-02 1.3095279151e-01
-3.5350450232e-02 -4.3338600422e-02 1.4824356034e-01
-6.2063622755e-02 -3.3192417654e-02 1.7396161368e-01
-7.5121456964e-02 -1.5291483478e-02 2.1716179652e-01
-6.3155610269e-02 -3.9210026923e-03 2.4016382364e-01
-7.5970698028e-02 4.3183062812e-02 2.7641687230e-01
-1.0627018443e-01 7.4667552365e-02 3.2249808995e-01
-1.3011409667e-01 2.5773107555e-01 7.4258686677e-01
-2.4474407500e-01 6.3369621882e-01 1.3019935125e+00
-1.1345322614e+00 1.3526868400e+00 7.6637480746e-01
-6.4944188698e-01 7.7644703680e-01 4.2126168989e-01
-1.5177729339e+00 9.1586840008e-01 -2.4515656623e-01
-9.4913402981e-01 4.7546068442e-01 -5.5507482995e-01
9.8875357637e-03 2.9618826517e-02 -1.0656451554e-01
-4.2683696786e-02 1.7602386171e-02 3.5146186647e-02
-6.2835011557e-02 -5.1188584040e-02 1.3755556194e-01
-4.7424971426e-02 -6.9673213528e-02 1.2430382459e-01
-6.9491402407e-02 -6.0810681119e-02 1.6339510048e-01
-1.0753163618e-01 -2.1312317636e-02 1.6168971933e-01
-1.0197929259e-01 -3.2909519739e-02 1.7610194357e-01
-9.6727570665e-02 1.0382313984e-02 1.9008232876e-01
-1.1766492369e-01 1.4008945314e-02 2.2882518387e-01
-2.6770226233e-01 1.7650772069e-01 4.4310913867e-01
-6.1986552942e-01 6.2677598535e-01 9.0808533830e-01
-1.3189474573e+00 1.2398249092e+00 6.0674225255e-01
-1.1058035980e+00 9.3094675789e-01 5.2619503081e-02
-9.2227070193e-01 4.7450800905e-01 -3.4972765233e-01
-4.2004356762e-01 1.3340058524e-01 -3.1854217200e-01
-7.2517494609e-03 -6.8394993809e-03 -3.3951164078e-02
-3.9737440870e-02 -2.1954116852e-02 5.0298153302e-02
7.9460932333e-02 3.3057468265e-02 9.7980701163e-02
1.2997756582e-01 1.1496962010e-02 1.5716173193e-01
1.6607896449e-01 -1.0481634977e-03 2.0092890266e-01
3.3044947504e-01 -8.8270774220e-02 2.7327904525e-01
6.6736399099e-01 -1.0714388260e-01 4.9806167887e-01
1.4670593907e+00 8.3473489296e-03 8.8804390284e-01
2.0374644318e+00 1.1128017951e-01 1.0121727855e+00
2.1417628985e+00 1.6983110086e-01 7.9794429794e-01
2.4538448339e+00 1.7080886791e-01 3.6366738749e-01
2.6428759800e+00 1.7651782324e-01 -5.1885046072e-01
1.8604017730e+00 8.4511632987e-02 -8.8809990750e-01
5.3322192330e-01 -8.2403620217e-02 -3.4311540211e-01
1.5556628544e-01 -1.2910651232e-01 -1.0733317662e-01
1.0102751191e-01 -9.6937642270e-02 -4.2705092090e-02
5.8532076187e-02 -6.0611893260e-02 -2.7546757770e-02
6.4758610738e-02 3.6582688757e-02 1.0001729697e-01
1.1042849766e-01 1.0264108778e-02 1.7442367315e-01
1.8181677672e-01 -1.4290268325e-02 2.5296914654e-01
5.5866008479e-01 -6.5585877967e-02 5.4775757114e-01
1.1051393662e+00 -1.7264038686e-02 9.3853768488e-01
1.1916090293e+00 3.5172746466e-02 8.8711359055e-01
8.6078263395e-01 -2.3300480475e-02 4.8704196883e-01
4.1438399846e-01 -2.2459707834e-02 2.0216448164e-01
-8.9607027069e-02 -7.2771896599e-02 1.9771944439e-01
7.7252750965e-02 -4.6906231371e-02 1.8719718250e-01
6.4627930984e-01 5.7496369965e-02 -1.9739903187e-02
8.8355452000e-01 9.0846471003e-02 -3.9765696165e-01
2.7515196452e-01 -6.3304498986e-02 -2.5597986913e-01
9.9430283168e-02 -6.4776993177e-02 -7.4603815923e-02
6.2316795195e-02 -5.2530845216e-02 -3.5386794488e-02
6.3282025726e-02 3.0554631570e-02 1.2430733944e-01
1.5668078305e-01 -8.8982382602e-03 2.5210652359e-01
4.1694989195e-01 -3.3425973561e-02 5.0765756298e-01
8.4580215419e-01 -9.0385840602e-02 8.3869011300e-01
6.4895907465e-01 -1.4691127066e-01 5.8738713887e-01
4.8574323939e-01 -9.1420925860e-02 3.6192712202e-01
4.1217200271e-01 -1.0417857705e-01 2.3176270011e-01
3.8826584957e-01 -6.6026229327e-02 1.8899780866e-01
2.1652968356e-01 -9.6301368279e-02 1.7737103752e-01
2.2364732517e-01 -3.5750141990e-02 2.3210578776e-01
7.3852624685e-01 8.5237807940e-02 2.8908519730e-01
8.9220073399e-01 1.0104268887e-01 -2.2331956864e-02
1.9643785442e-01 -3.3669967653e-02 -1.7726603241e-01
7.8043211922e-02 -4.8670739438e-02 -7.0170546625e-02
4.8480994269e-02 -2.8805209053e-02 -3.6181770754e-02
7.7961084966e-02 2.3496713920e-02 2.3145364340e-01
2.6999409460e-01 -2.6963963994e-02 5.0850303791e-01
5.9016996812e-01 -2.3949295470e-02 7.7196851407e-01
4.0855184583e-01 -1.6468492444e-01 4.5609821459e-01
1.6844489968e-01 -2.2234022254e-01 1.5111349255e-01
2.0959155999e-01 -1.1702016510e-01 1.7777798878e-01
1.9285675648e-01 -1.1662975765e-01 1.7482497561e-01
1.8491434935e-01 -1.3313248017e-01 1.8950705770e-01
1.7069145258e-01 -1.4334855668e-01 1.6861988136e-01
1.6678414779e-01 -9.1318895864e-02 1.7543442622e-01
2.3330804927e-01 -6.6568224248e-02 2.3087207944e-01
1.8253134166e-01 -1.0553246289e-01 1.1315530911e-01
3.3758408049e-02 -8.0858937558e-02 -9.6546440783e-02
5.8824134071e-02 -5.3266079782e-02 -6.1814996627e-02
3.7599245223e-02 -2.9364021226e-02 -3.4590505395e-02
1.0343224086e-01 2.7263233841e-02 3.6946150117e-01
3.6524343357e-01 4.9518262747e-02 7.4668905791e-01
2.4618239081e-01 -5.4224360888e-02 4.7679243518e-01
1.1374066842e-01 -2.2160955090e-01 1.5888428895e-01
1.8838239142e-01 -2.1525046075e-01 1.5315727074e-01
1.5731231990e-01 -1.0479369751e-01 1.5354128386e-01
1.7218810093e-01 -1.4219406829e-01 1.6533676815e-01
1.5571863961e-01 -1.4074222149e-01 2.0808433132e-01
1.7056720735e-01 -1.6132365092e-01 1.8604899985e-01
1.3234264703e-01 -1.3849208265e-01 1.4103111400e-01
8.7451875950e-02 -2.1213451819e-01 1.1291733656e-01
1.1361578605e-01 -1.4633915466e-01 -5.4601624309e-02
1.3545234978e-01 4.1310672987e-03 -1.4026883835e-01
8.9506791727e-02 3.2935698702e-05 -8.3949976903e-02
2.0225400393e-02 -2.4933649627e-02 -3.0852333418e-02
2.2872181637e-01 8.4514642075e-02 6.8246237739e-01
3.0999242356e-01 1.0249436457e-01 7.2256245104e-01
-1.7317168900e-02 -1.2316167612e-01 1.0148251889e-01
1.0586668477e-01 -2.4732563382e-01 1.8285976971e-01
2.2683456742e-01 -2.5599623026e-01 2.3153729922e-01
1.5827738480e-01 -1.3557174260e-01 1.6883104309e-01
1.4445762032e-01 -1.5208245294e-01 1.6646503369e-01
1.4776930716e-01 -1.4392687685e-01 2.3610729010e-01
1.4297772738e-01 -1.5073698050e-01 1.8705694472e-01
1.3290713248e-01 -1.1079100095e-01 1.2858581527e-01
1.0591393321e-01 -2.0228408429e-01 6.9079958978e-02
2.3308521570e-01 -7.9661722301e-03 -7.3099513477e-02
3.6555929543e-01 4.6768782350e-01 -2.4120795600e-01
2.2990298871e-01 3.1668949995e-01 -2.2732999164e-01
1.9616929495e-02 1.2191545028e-02 -5.6855471293e-02
2.1085995663e-01 2.0601484181e-01 8.3764611615e-01
1.2884277353e-01 2.0950499504e-01 4.7076256483e-01
1.8943961948e-02 -4.5404627259e-02 7.3970123661e-02
1.1887607050e-01 -2.0463240457e-01 2.0293992317e-01
1.5708811565e-01 -2.3983982158e-01 1.8126695208e-01
1.0007209145e-01 -9.5417398579e-02 1.3438151102e-01
1.6732368574e-01 -1.0212250955e-01 1.4744276297e-01
2.1561814992e-01 -4.9588498353e-02 1.8637793774e-01
1.2222506121e-01 -3.8723223567e-02 1.2479007198e-01
1.1386046797e-01 -4.2136823842e-02 1.0074381245e-01
1.2256598984e-01 -2.3561800741e-01 2.3113839161e-01
-2.7816963524e-02 -3.3386458762e-01 2.4484587511e-02
-2.7326717173e-02 3.8399182150e-01 -3.2732022770e-01
2.1579752160e-01 5.3927386360e-01 -3.3305446999e-01
3.0654261818e-02 4.9926530932e-02 -4.7178503644e-02
-4.5359976325e-02 2.7581734135e-01 7.9255060338e-01
4.2550745303e-02 3.1440687684e-01 5.6173821456e-01
4.5618927329e-01 -1.5829758442e-01 1.3758497259e-01
4.0006262703e-01 -2.9305693844e-01 1.2923276652e-01
-1.0247236254e-01 -3.3084530270e-02 1.3495148616e-01
-2.9347878402e-02 3.0462068419e-02 1.3898676169e-01
7.0651040791e-01 -6.4173887741e-02 2.3733469895e-01
4.8442900810e-01 1.1457022311e-01 2.6076636288e-01
-2.6019949321e-01 -3.1657469588e-02 1.3135371207e-01
-9.2371339182e-03 -9.2690217632e-02 1.9283773247e-01
3.4863302958e-01 -2.9066080863e-01 3.3727972397e-01
5.5719832286e-01 -2.0873689002e-01 -2.8520827368e-01
-3.1133217860e-01 5.1371578887e-01 -7.2185296372e-01
-1.2104230269e-01 4.4353405901e-01 -3.1427787712e-01
-6.4163420809e-04 2.5690450784e-02 -2.9606507915e-03
-4.6764189734e-01 3.7045146407e-01 8.1509401855e-01
-7.6855208972e-01 5.8365898572e-01 9.6807068161e-01
-2.9894387028e-02 3.2840745936e-02 3.7786898300e-01
3.8863784846e-01 -9.9004496569e-02 2.5363669653e-01
-6.2060895222e-02 4.9803102522e-02 1.6697800930e-01
-3.3661869293e-02 1.2810061537e-02 1.3985171116e-01
6.9088364583e-01 -1.4686048937e-01 2.7762686768e-01
2.2780812228e-01 -4.4757654043e-02 2.9932105088e-01
-5.3929227773e-01 -1.4952368124e-01 2.2197803900e-01
-7.0082006575e-02 -1.3265894481e-01 3.0173672487e-01
-3.1535383369e-01 -3.6023566304e-01 -8.8750205597e-02
6.2247823441e-01 -1.1223552316e-01 -6.3301931157e-01
2.1275149070e-01 3.6421889031e-01 -5.4158218353e-01
-1.0878189625e-01 1.3952969445e-01 -2.0567428077e-01
5.9101887921e-03 -2.2114123882e-02 -8.9337231413e-03
-2.5748753515e-01 7.5596713434e-02 2.5920467410e-01
-9.5881753738e-01 3.5472880222e-01 4.2435218827e-01
-1.2759242955e+00 1.5512429188e-01 -1.8869144551e-02
-5.2412235020e-01 -1.0791687447e-02 -1.9190544496e-01
1.3667319767e-01 5.1887617972e-02 4.8965775960e-02
2.3518144126e-01 1.8592192500e-02 2.1212659999e-01
1.7303033763e-01 -6.7596929540e-02 2.9409573011e-01
5.5570060411e-02 -7.6729580237e-02 2.5887494609e-01
6.4045578906e-02 -5.8467949131e-02 2.9657685491e-01
1.7410229807e-01 -1.4082376044e-03 3.4006464601e-01
-3.5250659164e-01 -2.1719254293e-01 8.0201238613e-02
2.5303421775e-01 -2.1304930050e-01 2.5931858829e-02
1.7648601772e-01 -9.5114037375e-02 -4.2721319103e-02
2.6903488378e-02 -4.1257049653e-02 -1.0238837689e-01
1.8610743256e-02 -1.4274865228e-02 -4.0507145678e-03
-4.7327724378e-02 -4.5686845961e-02 6.5213625104e-02
-2.9324244745e-01 -2.9472400909e-02 6.3614299979e-02
-4.3414790241e-01 -5.6036033728e-01 -6.3902140038e-01
1.0352942315e-02 -8.1647473145e-01 -9.1621626108e-01
1.8730512041e-01 -1.3218343675e-01 -4.1412529657e-01
5.8437036001e-02 -3.0369235631e-02 3.9011845245e-02
-6.7104977528e-02 -2.9238518068e-02 2.5648483227e-01
-1.0402897368e-01 -1.9526187913e-02 2.5984267253e-01
-8.3063085271e-02 -2.5455823108e-04 2.7177751266e-01
-7.0349778750e-02 9.5367704621e-03 2.4376037644e-01
-1.3159234828e-01 -2.2042905740e-02 1.2620288984e-01
-1.1832390453e-01 -8.7684454399e-02 -3.1744744791e-02
-3.9969916984e-02 -8.3061288149e-02 -1.2554789269e-01
6.6084355838e-02 -3.4323939929e-02 -8.0437209074e-02
3.5148794270e-02 -8.2837046425e-03 1.4017685430e-02
-3.1836648637e-02 -3.8037396581e-02 9.0535302135e-02
-7.9455036698e-02 -4.7867544886e-02 9.1601672685e-02
-1.9546275032e-01 -2.6208346846e-01 -4.2151413074e-02
1.4976822797e-01 -6.1321247720e-01 -2.5884720981e-01
5.3315969904e-01 -5.9394443001e-01 -5.5084337375e-01
9.0009037677e-02 -4.2375029996e-01 -2.1463099242e-01
1.5989822705e-03 -3.4907901019e-01 -8.4445517944e-02
-1.1425281085e-01 -1.1586631871e-01 2.3810191110e-01
-9.8051433279e-02 -5.0235822113e-02 3.2182699319e-01
-8.2330575961e-02 6.0499582786e-04 2.2563401694e-01
-6.1225828069e-02 -3.0137961762e-02 8.4329489646e-02
-1.5220823241e-02 -7.3631863571e-02 -7.7179563804e-02
4.6462778394e-02 -5.0717994599e-02 -1.4267072130e-01
7.2912698934e-02 -4.2299077832e-05 -8.0711135448e-02
2.8772749064e-02 1.2780672168e-03 2.5117346416e-02
-5.1370449972e-02 -1.6337975944e-02 1.3517049295e-01
8.8647133665e-03 -1.5605862984e-02 1.8764187344e-01
-4.9770795256e-02 -3.3768706812e-02 2.1710121671e-01
2.6877517471e-02 -1.9586735211e-01 1.2946652179e-01
2.1739366438e-01 -3.4442007719e-01 -6.3382725405e-02
3.7291136607e-01 -5.7400597825e-01 -2.2436279974e-01
5.8624324299e-01 -8.3656902830e-01 -5.3090968352e-01
1.6110774305e-01 -2.6603782853e-01 2.0615712939e-01
3.3548373183e-02 -8.6250571596e-02 4.6307534961e-01
6.9231538116e-03 2.0824966653e-03 3.1099029921e-01
4.0867524789e-02 2.6627276123e-03 1.7436191096e-01
-9.4057438727e-03 -4.9177528434e-02 1.3144960653e-01
6.7125451946e-02 -4.0609087957e-02 -3.7097507397e-02
1.3487377071e-01 1.3968774061e-02 -7.5432786061e-02
1.7981684803e-02 1.6170732949e-02 2.0824604117e-02
-6.2991047007e-02 -8.1542618178e-03 1.5306679525e-01
-7.4010055500e-03 -1.6963581241e-03 2.1380259933e-01
-2.8892755265e-02 -1.0782504853e-02 2.4175050243e-01
-2.9774676847e-02 -3.0603316260e-02 2.6819265584e-01
-8.2568062484e-03 -6.8166208618e-02 2.4930465123e-01
7.2768633256e-02 -1.7114659120e-01 8.4514939150e-02
2.7174293855e-01 -3.4262415389e-01 3.4936025658e-02
2.7348172474e-01 -9.3716561749e-02 6.2252763191e-01
1.1868867001e-01 -5.6037182809e-02 7.3257908763e-01
-2.9408561432e-02 3.7569699956e-02 4.0207762881e-01
2.2241487263e-01 -1.8711969355e-01 5.0383010619e-01
-5.1899563987e-01 -2.0065411837e-01 8.2022519613e-01
-5.3809791288e-01 -8.8645923632e-02 1.9287151880e-01
1.3519616827e-01 -2.0041555844e-02 -7.7175782728e-02
1.1272860818e-02 8.6341236828e-03 3.1661145187e-02
-5.1819017787e-02 -3.3155858850e-02 1.4471204782e-01
-8.8843423630e-03 -4.1609099566e-02 1.6527429879e-01
-4.4998583855e-02 -4.1213849426e-02 1.9401346559e-01
-5.1955011699e-02 -3.5982965117e-02 2.4588296496e-01
-3.5376899881e-02 -4.5475278389e-02 2.4994007905e-01
-6.1817841615e-02 1.0483908863e-02 2.7480819469e-01
-1.1991502700e-02 1.1198834603e-01 4.5793977474e-01
-8.0070967767e-03 3.5339048857e-01 1.1113944472e+00
-2.1039667856e-01 3.4284439976e-01 1.0482289135e+00
-2.2137471113e-01 3.0964932051e-01 3.4094511894e-01
9.2921206883e-02 7.9843802664e-02 3.6245625760e-01
-9.8408596546e-01 3.1052652408e-02 8.1787800438e-02
-1.2278189822e+00 1.0005271237e-01 -4.9835964797e-01
5.4068215146e-03 -4.2445298105e-03 -1.4230568407e-01
-1.2010596560e-02 1.7332460397e-02 3.5891642624e-02
-4.6061084002e-02 -5.9304716343e-02 1.5199826501e-01
-3.4508030826e-03 -6.9925137081e-02 1.5018301763e-01
-4.2433210361e-02 -7.6598300632e-02 1.7595861618e-01
-7.6622102818e-02 -6.9642806192e-02 1.6593869639e-01
-7.4350128693e-02 -6.7705533754e-02 2.0273260020e-01
-7.0305149995e-02 -3.4029696891e-02 2.1229405506e-01
-1.2080401045e-01 2.5542963752e-02 3.5536520771e-01
-3.8226449649e-01 3.4626294600e-01 8.8939458256e-01
-1.1819509578e+00 7.9613235149e-01 1.3606062890e+00
-2.0820364931e+00 1.1369719214e+00 4.1389772878e-01
-1.6008365429e+00 7.9605268873e-01 -3.8064151148e-01
-9.0628749899e-01 2.6234278413e-01 -5.2516034456e-01
-5.7919729471e-01 8.8462535471e-02 -5.0760990805e-01
-1.6390159533e-02 1.6649266663e-02 -8.4630264776e-02
-5.8884528652e-03 -6.8502972108e-03 3.2852049865e-02
9.3523109773e-02 4.4689833493e-02 9.5050938112e-02
1.5254370786e-01 2.8996631984e-02 1.5616745036e-01
1.9673003023e-01 2.0839523623e-03 1.7851971340e-01
3.3922088061e-01 -7.3194585406e-02 2.5533834125e-01
6.9561641201e-01 -1.7110594722e-01 4.7025584873e-01
1.3816197913e+00 -2.7779058145e-01 8.0769931973e-01
1.9477977356e+00 -4.2225891361e-01 8.9943301165e-01
2.2141140551e+00 -4.9810093403e-01 7.2569219582e-01
2.2712740513e+00 -5.3213614591e-01 3.2108427150e-01
2.3569927654e+00 -4.4839957029e-01 -3.7177882900e-01
1.8686898157e+00 -2.5201362854e-01 -7.3914334185e-01
7.0933937517e-01 -1.3735877672e-01 -3.5103401009e-01
1.8671880482e-01 -1.2147370042e-01 -6.6463816876e-02
1.2053826383e-01 -8.3217273848e-02 -1.3785078996e-02
7.1269021796e-02 -5.0567597011e-02 -3.2627860712e-02
9.1627183946e-02 4.5879639356e-02 9.9486035167e-02
1.2318568547e-01 3.1472635559e-02 1.6462287546e-01
2.0619403643e-01 -2.4167675256e-02 2.1918376698e-01
5.6717884445e-01 -1.2733874574e-01 5.0728140192e-01
1.1916724170e+00 -2.3652169406e-01 9.1439567159e-01
1.1454983987e+00 -2.3900767136e-01 8.0732546080e-01
6.7967480958e-01 -2.3413078675e-01 3.8972820427e-01
2.7109883413e-01 -1.5714085425e-01 1.7580494844e-01
-1.0405036572e-01 -1.1339322037e-01 1.5585059772e-01
2.4038695991e-02 -8.2097234025e-02 2.3137574528e-01
6.1858720677e-01 -8.9456310872e-02 1.1159441258e-01
1.2203543982e+00 -1.5972965347e-01 -4.8225231159e-01
3.7883133810e-01 -9.5116316282e-02 -2.9568304826e-01
1.5994453355e-01 -7.2230453368e-02 -5.1804592060e-02
7.3180952221e-02 -3.6663217589e-02 -3.5946709694e-02
8.3520113246e-02 3.3552454803e-02 1.1570331472e-01
1.6256220483e-01 -3.1039871469e-02 2.2311204407e-01
3.9023789248e-01 -9.4184405532e-02 3.9788714206e-01
8.0835494880e-01 -2.2325606137e-01 7.0059983057e-01
5.9077910748e-01 -2.2522184556e-01 4.7506221807e-01
2.6237480917e-01 -1.3040364316e-01 2.2262371482e-01
2.0391683587e-01 -1.5153080398e-01 1.5104841098e-01
2.3164677938e-01 -1.1799714166e-01 1.6509816754e-01
1.0878105306e-01 -9.3056400778e-02 1.7037239095e-01
1.4191615785e-01 -1.0085584301e-01 2.3913283934e-01
6.6560094993e-01 -2.6035349789e-01 3.4373159283e-01
1.1630646253e+00 -3.8334355452e-01 1.1723027449e-01
2.8678545344e-01 -1.1302195195e-01 -1.6444535694e-01
1.0124452463e-01 -2.8706690072e-02 -5.4498939160e-02
5.5620069612e-02 -1.8602981105e-02 -3.9220847912e-02
8.1765009798e-02 2.5043795785e-02 1.9921883277e-01
2.3001561388e-01 -9.6222232649e-02 3.9627571304e-01
4.3973246434e-01 -1.0718263521e-01 5.3191043413e-01
3.0198595376e-01 -1.9619655957e-01 2.8202229437e-01
4.2065701125e-02 -1.4008936925e-01 1.5153408637e-02
3.4466450279e-02 -7.2728554290e-02 6.1554120063e-02
1.3216883683e-01 -1.3220551948e-01 1.4468084726e-01
1.9501059103e-01 -1.6622949497e-01 1.9533068178e-01
1.9204261189e-01 -1.6110062041e-01 1.9567596721e-01
1.6946541266e-01 -1.3536440833e-01 1.5227357064e-01
2.8526202767e-01 -2.3152529025e-01 1.8422633525e-01
3.1861665447e-01 -3.9772966055e-01 2.0559503380e-01
3.6924809993e-02 -1.5165171519e-01 -1.6013237586e-02
7.0906824513e-02 -4.1141707031e-02 -5.1762493014e-02
3.8088163838e-02 -3.3011183044e-02 -4.1586496226e-02
8.1977497977e-02 6.7296212196e-04 2.6144882599e-01
2.1206188973e-01 -8.1766839184e-02 4.7789810658e-01
3.9036570137e-02 -1.0534390488e-01 1.2398743375e-01
-7.6047309001e-02 -1.0342074343e-01 -3.0488997070e-02
4.6453654852e-02 -1.1767132875e-01 2.1984533773e-02
1.2622240394e-01 -1.0425086691e-01 1.3285276839e-01
1.7167971802e-01 -1.5641717815e-01 1.6137413668e-01
1.8894606204e-01 -1.8693900276e-01 2.0591671762e-01
1.9089206900e-01 -1.8887260358e-01 1.9508503066e-01
1.3984415193e-01 -1.1275894962e-01 1.3431238909e-01
1.1112432608e-01 -1.3915036215e-01 6.0804919830e-02
1.8042373367e-01 -1.6028951081e-01 1.6274833754e-02
2.8274353014e-01 1.5689854467e-01 -1.0939496394e-01
2.5158436762e-01 2.0533794943e-01 -7.7212453354e-02
3.6563835989e-02 5.7699061769e-03 -4.4788590368e-02
1.8952642528e-01 -1.2178577571e-02 4.8266814211e-01
4.4132442372e-02 -1.4024352976e-02 2.2749233768e-01
-3.1578719026e-01 -2.6468113698e-02 -3.2166495420e-01
-4.2819833448e-02 -1.6035190015e-01 4.8943618225e-02
1.8599526223e-01 -2.2872290851e-01 2.1748210111e-01
1.5523596325e-01 -1.3869026564e-01 1.9752212833e-01
1.6172047895e-01 -1.7465135995e-01 2.0470689122e-01
2.1732214235e-01 -1.5042782107e-01 2.5098341914e-01
2.8917628417e-01 -1.1435336268e-01 2.4920651060e-01
2.2881979935e-01 -9.0852908363e-02 1.3122242281e-01
1.1826223503e-01 -1.0294498596e-01 1.4703009864e-01
2.7963803806e-01 9.5470582025e-02 2.8061345312e-01
6.7819155954e-01 9.2620953622e-01 2.0290294298e-02
6.1912989738e-01 8.9657805893e-01 -2.4687444118e-01
8.9484626754e-02 1.5433785631e-01 -9.1772784638e-02
1.4549673435e-01 3.7860453152e-02 5.0484688363e-01
-2.1012984237e-01 1.2442122792e-01 -2.5124434358e-01
-2.5068598063e-01 -2.2745557588e-02 -3.3425888551e-01
1.1452146311e-01 -2.5083475907e-01 2.4036092184e-01
1.9065593492e-01 -2.2801752332e-01 2.4631702069e-01
1.1843456650e-01 -7.7176633972e-02 1.7783175592e-01
2.7232646758e-01 -1.0626257187e-02 2.5378314560e-01
7.9630340550e-01 2.8387633396e-01 4.3914017055e-01
8.9046612619e-01 4.6299450928e-01 2.4925534717e-01
4.5180775480e-01 2.3892276389e-01 2.7350343432e-02
2.8868291314e-01 -4.5648957778e-02 7.5479594125e-02
1.1121653931e-01 -5.0548543208e-01 3.0140105830e-01
8.3672548715e-03 -2.5114263275e-01 4.4781099146e-01
2.5982723728e-01 4.1277415081e-01 3.2234910011e-02
8.1606158198e-02 1.3399177085e-01 1.2016406088e-03
-2.0795066374e-01 8.3173073376e-02 7.7826359950e-01
-3.9677797549e-01 -2.7311799238e-03 4.1024567833e-01
2.1442446775e-02 -2.1596703074e-01 1.1628643056e-01
2.0173091089e-01 -2.4796331008e-01 2.3845235656e-01
1.2996072293e-01 -1.5062098848e-01 2.2372879484e-01
1.3516253176e-01 5.2226286323e-02 2.3106643780e-01
7.0420961752e-01 2.3943847124e-01 4.7195626990e-01
1.3289149449e+00 6.7526857620e-01 6.2119170812e-01
7.6139049719e-01 6.1813391745e-01 2.5186322274e-01
3.3697868988e-01 2.6444351401e-01 4.1553297776e-02
3.8358625715e-01 4.6620173287e-02 -1.8707047989e-01
6.6173515720e-01 -2.8415222974e-01 -1.0872098378e-01
1.9723033867e-01 -1.7381699542e-01 1.3059760889e-01
-5.0632534362e-03 1.7191337249e-01 1.1549008579e-01
4.3169430343e-02 6.9753981636e-02 1.2345496545e-01
-5.0672323966e-01 9.6458120166e-02 9.4658287855e-01
-6.6428117053e-01 -2.1277964408e-02 9.7613516479e-01
-3.2960611383e-01 -2.0756154597e-01 3.2829609823e-01
-4.3889145621e-01 -1.4663857482e-01 1.8240190859e-01
-3.0196679613e-01 -6.1995705096e-03 1.9912322495e-01
-1.5269746371e-01 8.9579804073e-02 1.9200449738e-01
2.0622748558e-01 5.8499646274e-02 3.1239015001e-01
2.4124823178e-01 8.7069631681e-02 3.3816243629e-01
-1.0510187717e-01 -2.0863852430e-02 2.6125537637e-01
1.6518359768e-01 2.9089847706e-02 2.8461524826e-01
-3.7276753338e-01 -7.3817496612e-02 -4.7409751221e-01
2.5282905477e-01 -3.4492219377e-01 -1.4331800093e-01
1.4886098164e-02 -7.1930973675e-03 2.3759447488e-01
-3.2246474315e-01 1.7263930628e-01 -1.5614525218e-01
1.7359692074e-03 1.3164840840e-02 9.6116204153e-03
-7.8458328937e-02 -5.0668344260e-02 2.2082271771e-01
1.5806944606e-01 -3.6270751139e-02 2.4785074330e-01
-1.7118184949e-02 -6.6888186591e-02 -1.6051383581e-01
-3.8633141193e-01 -1.3386781454e-01 -1.5936421690e-01
-1.0638216617e-01 -3.7999115312e-02 1.1929260988e-01
1.0799404905e-01 5.0257525027e-02 2.1610859236e-01
-7.0059390476e-02 1.8841544343e-03 2.7250336602e-01
-2.5008464070e-01 -6.9681878826e-02 2.1181492636e-01
-7.5234169949e-02 -4.8945839203e-02 2.8256659707e-01
2.8847833226e-01 6.7373250964e-02 3.3360751128e-01
5.8512551203e-02 -4.0587800971e-02 -3.9053922066e-02
6.8110012008e-01 -2.8552125860e-01 1.0523648713e-01
3.5388708996e-01 -2.2616754834e-01 1.5258711027e-01
-3.5993061770e-02 -4.6669433808e-03 -1.1911015161e-01
1.5031046884e-02 4.6029793330e-03 -2.5346665180e-02
-5.0524645749e-02 -6.0543898800e-02 1.0834313738e-01
-2.4866811530e-01 -9.1100029466e-02 3.4714560865e-01
-2.8475648500e-01 -6.3846942554e-01 -1.7648203032e-01
4.5050309171e-02 -8.3967607457e-01 -5.7664475463e-01
2.1406784120e-01 -3.1802558041e-01 -1.5364557091e-01
8.9305632444e-02 -3.0058273953e-02 1.6459248409e-01
-4.9436631588e-02 1.7548483474e-02 2.8774919649e-01
-1.0473113354e-01 -2.8986487065e-02 2.6408548511e-01
-9.3319486771e-02 -1.1668145023e-02 2.5338413533e-01
-4.5225023431e-02 -1.6376138403e-02 2.3234311774e-01
-9.1927399185e-02 -3.2488016050e-02 1.6628331737e-01
-4.3532523159e-02 -7.1433100305e-02 3.8702401934e-03
1.0384459236e-02 -7.0854783277e-03 -1.7598761721e-01
7.9068268516e-02 1.6100249407e-02 -1.2466702018e-01
2.7717372726e-02 8.6563653747e-03 3.0911951166e-04
-3.4510418361e-02 -2.5628388964e-02 7.2779457027e-02
-2.6930084899e-01 -7.0874037000e-02 1.7457321159e-01
-4.7064292031e-01 -3.3136284637e-01 1.5072332033e-01
2.4412742308e-01 -8.9747359108e-01 -2.8281595220e-01
6.1124332913e-01 -9.7945841408e-01 -5.1861908623e-01
2.1070437164e-01 -3.2641694702e-01 -1.0890362772e-01
8.4026070973e-02 -1.1342163675e-01 1.7864612952e-01
-6.7857942525e-02 -1.6563865010e-02 2.5510534930e-01
-8.6418895944e-02 -3.1353899212e-02 2.5691106572e-01
-8.0383772103e-02 -2.1475743258e-02 1.8412007328e-01
-3.5132995125e-02 -4.0054926334e-02 1.3696234064e-01
-4.2702616108e-02 -1.2514766173e-01 -1.7171427191e-02
3.4146262903e-02 -9.0010049809e-02 -1.1715961897e-01
8.7269437590e-02 4.2271914703e-02 -8.9057187868e-02
2.0436473241e-02 2.6801837825e-02 -4.2806955887e-04
-4.6158184363e-02 -5.4638651652e-03 1.3277903174e-01
-1.8236623379e-02 -1.3249601299e-02 1.8538618624e-01
-1.0246949572e-01 -1.7829087399e-02 1.8367112092e-01
1.6415337847e-01 -3.2811397908e-01 -3.8862570373e-02
4.4405258611e-01 -6.3752532760e-01 -1.9273928141e-01
2.3634851945e-01 -5.2895093894e-01 -1.4955520541e-01
2.4407770141e-01 -4.1949461806e-01 -1.5671356176e-01
8.5251805378e-02 -1.1837636026e-01 2.3067282646e-01
-3.0521188978e-02 -3.6274956610e-02 3.3822796564e-01
5.0354514523e-03 -3.5260893440e-02 2.5386000178e-01
2.9918016254e-02 -7.4754443376e-02 1.6583495845e-01
-1.2709943470e-01 -4.4687856919e-01 2.9802335579e-01
-5.9264036869e-02 -4.8074581616e-01 1.8070306844e-01
1.4199888195e-01 -1.5465045984e-03 -4.3249953926e-02
2.5039099286e-02 2.8518755038e-02 -2.2602413906e-03
-6.5039931394e-02 -5.2217449227e-03 1.2906757643e-01
-5.6070066768e-03 -2.1551147170e-02 2.1253255087e-01
-3.0418536270e-02 -1.7069848850e-02 2.2319298711e-01
-2.1639041524e-02 -4.4967694328e-02 2.0576547601e-01
-6.9741711928e-03 -5.1222184061e-02 1.4670381271e-01
-4.9300571663e-02 -1.2321836397e-01 6.2699160331e-02
1.9531503138e-01 -2.2213153585e-01 6.9253163302e-02
5.3433552921e-02 -1.8326812298e-02 4.2417783181e-01
-1.0387832167e-01 -5.8658406664e-02 5.0685392448e-01
-4.6450797280e-02 -7.0720806281e-02 2.6846124205e-01
9.2801301788e-02 -1.4553221864e-01 4.3473275271e-01
-2.9392164904e-01 -4.6995390973e-01 9.9116505345e-01
-5.2105453270e-01 -4.2225610212e-01 1.7432766477e-01
9.1141742901e-02 2.4238306039e-03 -1.4828940909e-01
1.3569749085e-02 1.7043195541e-02 5.7537222945e-03
-6.2355048316e-02 -2.2640078276e-02 1.4845487795e-01
-1.4345501367e-02 -3.5630605900e-02 1.8883491620e-01
-5.1141817653e-02 -4.0551505871e-02 2.3452466707e-01
-3.9848431156e-02 -5.0384293028e-02 2.7149919323e-01
-3.9545941866e-02 -3.2940994635e-02 2.3929186944e-01
-1.0333363803e-01 6.5204744300e-02 3.0903763987e-01
5.4416144002e-02 2.3318698605e-01 6.7761942535e-01
-4.1702683158e-01 3.6015824495e-01 1.1031032057e+00
-1.7066106108e-02 1.6663339277e-02 6.4526075542e-01
7.5039497603e-01 -1.4877636736e-01 2.1278133218e-01
4.4964397765e-01 -1.0593634444e-01 3.5217434197e-01
-3.4582992404e-01 -2.4754910902e-01 1.6094678599e-01
-8.4518811949e-01 -9.4689116667e-02 -5.1294879992e-01
-2.1554832400e-02 2.2096910446e-02 -2.1193501551e-01
-1.5551584782e-02 3.1802161942e-02 1.9530556785e-02
-5.5170346336e-02 -4.8704670559e-02 1.5742342691e-01
-1.4752124801e-02 -7.3918904749e-02 1.7445346841e-01
-4.5739831734e-02 -7.7040267950e-02 1.9909262389e-01
-5.8122074430e-02 -8.2939326769e-02 2.1541895493e-01
-5.2058192449e-02 -7.4681589410e-02 2.3672727432e-01
-8.4593582555e-02 -7.2073050892e-03 2.7313648512e-01
-2.5119259385e-01 9.9854259622e-02 5.6569762984e-01
-8.6389823920e-01 2.9897207231e-01 1.2745954454e+00
-1.6924416766e+00 2.4102560540e-01 1.3086930480e+00
-2.0933795171e+00 2.4228776085e-01 2.8540654409e-01
-1.7881057661e+00 1.5567550828e-01 -6.3087101776e-01
-8.3269220972e-01 -4.0939107071e-02 -6.7473383766e-01
-4.8694617629e-01 -1.0908691142e-02 -4.9868684419e-01
-1.4904128270e-02 2.5625394597e-02 -9.8702685029e-02
-1.9700622413e-02 9.5780087762e-03 2.1655758719e-02
1.0586085931e-01 1.0279394540e-02 9.9559298551e-02
1.7532863845e-01 -1.8141767472e-02 1.5117914103e-01
2.2902126533e-01 -7.2257624472e-02 1.8235083793e-01
3.5309602926e-01 -1.6627905826e-01 2.3098503758e-01
5.9927073155e-01 -2.6944777769e-01 3.1723886481e-01
9.8489529518e-01 -4.4612734049e-01 5.1211884244e-01
1.4965318552e+00 -7.5480330568e-01 6.1392207738e-01
1.7138220537e+00 -8.8569034125e-01 5.0058915039e-01
1.7159377896e+00 -8.8017152454e-01 2.5310942649e-01
1.9956826602e+00 -7.8038101383e-01 -1.3563514674e-01
1.9925958966e+00 -6.1828982239e-01 -6.8825055339e-01
9.1954747401e-01 -3.1483168698e-01 -5.6266047652e-01
1.9629209912e-01 -1.7291372973e-01 -1.4597620211e-01
1.1610088290e-01 -9.9731169697e-02 -5.8508024914e-02
7.5993491927e-02 -7.6480097797e-02 -5.1613371659e-02
1.1769848229e-01 2.6975726351e-03 9.6271171469e-02
1.5206822039e-01 -5.6259782992e-02 1.5262307727e-01
2.3937128895e-01 -1.1681213890e-01 2.0188426924e-01
5.0529330445e-01 -2.7144426745e-01 3.8827195391e-01
1.0553785712e+00 -4.6689293718e-01 7.1034042042e-01
1.1271063931e+00 -5.7110735019e-01 6.9102863081e-01
8.4536874369e-01 -5.9232617914e-01 4.2657799930e-01
5.8603787158e-01 -4.6611445480e-01 2.3253183717e-01
3.1479736993e-01 -2.8965277109e-01 1.7218567432e-01
3.7782913323e-01 -1.9372395738e-01 1.9920433004e-01
8.9908590957e-01 -3.1612014313e-01 -2.5053632284e-01
1.3421016887e+00 -5.1592652418e-01 -1.0531210393e+00
4.2541767585e-01 -2.1151501158e-01 -4.6947662335e-01
1.4625666325e-01 -9.0433959522e-02 -9.1401650714e-02
7.6370105240e-02 -7.1477865365e-02 -4.5002064395e-02
1.1564349675e-01 -3.4370872434e-02 1.0167711896e-01
1.7910051658e-01 -1.2598148661e-01 1.9899602806e-01
3.7081979852e-01 -2.4389328756e-01 3.1641877409e-01
7.9280451715e-01 -4.4173646578e-01 6.0416589931e-01
7.0223257267e-01 -4.2951802229e-01 4.6583125710e-01
1.7258508227e-01 -2.3841587890e-01 1.5793597612e-01
8.2524341659e-02 -2.2808821931e-01 1.1735208747e-01
1.8922324273e-01 -2.2133069174e-01 1.6609397580e-01
1.9537231898e-01 -1.8269540861e-01 1.5617907099e-01
1.3925766093e-01 -1.4778499160e-01 2.7084102776e-01
3.9530579543e-01 -4.3187261248e-01 2.3713756568e-01
1.1705189088e+00 -8.7561347492e-01 -5.0848721684e-01
6.0238464657e-01 -3.7301526533e-01 -6.1651108012e-01
1.6486633820e-01 -5.1887788516e-02 -1.6398369880e-01
5.5775903370e-02 -4.6027997503e-02 -5.8842796302e-02
1.1329767733e-01 -5.2470636718e-02 1.6843949500e-01
2.1486884024e-01 -2.1135426304e-01 3.4652547291e-01
5.0028827564e-01 -3.1557081762e-01 5.2465573731e-01
3.1610933457e-01 -3.0089561595e-01 2.5859533778e-01
-1.5715825564e-01 -5.2974960863e-02 -1.7694147094e-01
-2.0939419351e-01 4.9844006553e-03 -1.2106867069e-01
6.7588017103e-02 -1.5464556990e-01 8.1084474945e-02
1.3054927988e-01 -2.0271451420e-01 1.4318144686e-01
1.4811077134e-01 -2.0882833669e-01 1.4785753363e-01
1.5227113197e-01 -2.7667463843e-01 1.4580433579e-01
2.2114092244e-01 -5.3328268720e-01 1.7560671363e-01
4.9219423841e-01 -1.0274411400e+00 -4.1646893016e-02
5.9734732996e-01 -5.1388330730e-01 -4.6690907511e-01
3.4729620509e-01 -1.0069228219e-02 -2.7080658874e-01
5.2184378037e-02 -3.8406931238e-02 -7.6804425911e-02
1.1291505661e-01 -8.2520620069e-02 2.3592280702e-01
2.5862502463e-01 -2.2843838997e-01 4.8558113138e-01
1.3604672777e-01 -1.9851221942e-01 2.0615277831e-01
-3.4860897177e-01 8.9775515351e-03 -2.9052501474e-01
-2.9798297403e-01 7.8958208739e-02 -3.0236588407e-01
-1.1688486505e-02 -4.5167699277e-02 2.7001094147e-03
1.7329805267e-01 -1.9134258600e-01 1.3104974565e-01
2.0437657592e-01 -1.8278972789e-01 1.7434559936e-01
2.2450972947e-01 -1.0049033555e-01 1.6901105632e-01
1.7407463666e-01 -1.0458431328e-02 1.3719611452e-01
8.6993682442e-02 -2.7668745305e-01 3.7118693727e-02
7.4809444817e-02 -7.4801658084e-01 -1.8782821658e-01
2.0425663122e-01 -3.3693046395e-01 -1.7910683714e-01
2.9370952291e-01 1.6733640831e-01 9.0515537891e-02
3.2829193840e-02 -9.1064228317e-04 -1.0593317267e-02
1.5160179769e-01 -1.3281993259e-01 3.4436053630e-01
2.3777580466e-02 -1.1655660541e-01 1.6176253206e-01
-4.1003735431e-01 4.5268999365e-02 -4.5318723403e-01
-3.6630367951e-01 2.5083572729e-02 -3.2220070434e-01
4.0964656299e-02 -1.6343713203e-01 5.0325921465e-02
1.4585555313e-01 -1.7153903977e-01 1.7345482853e-01
2.2310575076e-01 -1.2647219569e-01 2.2663642849e-01
4.3948649531e-01 5.0266394953e-03 3.4409652337e-01
6.5752476015e-01 2.8697334331e-01 2.7321982459e-01
5.0085220928e-01 3.4604488923e-01 1.0674464950e-01
1.1076095984e-01 -1.6793166420e-01 9.0640790862e-02
-1.6819947324e-02 -4.8192908744e-01 6.4928312284e-02
-1.0245118037e-01 -3.5010020545e-01 4.4083970123e-01
7.3727134354e-02 1.9457756681e-01 4.0835663192e-01
2.3976147909e-02 7.4053531091e-02 8.9213804627e-03
1.3395507279e-01 -1.3729388724e-01 3.0369829038e-01
-2.6466105273e-01 1.0922138469e-02 -3.2859876387e-01
-4.1609567838e-01 1.0222656445e-02 -4.8818065401e-01
1.2855634249e-02 -1.9042266156e-01 9.2180774954e-02
2.1640072309e-01 -2.4781772579e-01 2.4587191988e-01
2.8992547179e-01 -2.4944112660e-02 2.4083950958e-01
6.8487726242e-01 1.8213664567e-01 4.8753482069e-01
1.3124822330e+00 4.8674478081e-01 7.0931582735e-01
1.4965853347e+00 8.2545140608e-01 3.6297078377e-01
8.7757539551e-01 6.4279962698e-01 -9.7385810310e-03
3.4387867651e-01 3.4370852684e-03 4.2577661704e-02
5.2896733661e-01 -1.9998271140e-01 -1.7245202373e-02
-3.1347128301e-03 -9.7066366792e-01 3.7502391980e-01
-1.9291664551e-01 -5.8585490371e-01 2.6405125477e-01
4.7099492394e-03 -3.5995851577e-02 1.6435592030e-03
-3.3163062856e-02 -1.8115104747e-01 5.1276031702e-01
-3.3772449408e-01 -4.3897143207e-01 3.8120739642e-01
-1.2706762810e-01 -3.9689638214e-01 2.6136673669e-01
3.0866596681e-01 -1.9329451226e-01 2.7364303332e-01
5.7499156905e-01 -8.2728681474e-02 3.2356018937e-01
9.5556671781e-01 2.8454179088e-01 5.1094808242e-01
1.1794725339e+00 4.0050829089e-01 7.5077433868e-01
1.1901011973e+00 4.0887178744e-01 7.0340775487e-01
8.8077341532e-01 3.7756233512e-01 2.6388802015e-01
4.4542249048e-01 2.1593055718e-01 -5.9782002721e-02
5.5971792206e-02 4.8761384466e-02 -4.7760606802e-01
9.2041446265e-01 1.6688839735e-01 -7.6077613366e-01
1.4064627404e+00 -4.3811010782e-01 -7.1206155735e-01
3.2392088450e-01 -4.0964343413e-01 -1.9337256275e-01
3.1324201780e-02 -1.3513062181e-02 3.2722047435e-02
-1.5289605532e-01 -1.6264037909e-01 5.7665268207e-01
-3.3996514571e-01 -5.5496964809e-01 7.7034810477e-01
-2.8073427686e-01 -4.3383706547e-01 4.5513664384e-01
-1.1360132023e-01 -1.2397493966e-01 2.3491112268e-01
4.6024134634e-01 -2.0219150795e-02 3.6772389785e-01
6.9775577947e-01 1.7068560043e-01 3.9770805494e-01
5.4172448392e-01 6.6970906989e-02 4.0465823028e-01
2.3996606210e-01 -4.6932807194e-02 2.6372929033e-01
1.4621870766e-02 -9.9949771519e-02 1.9433613116e-01
1.1400385619e-01 -9.0338036418e-02 1.3755081202e-01
-1.6871338599e-01 -1.7964292059e-02 -5.2058608893e-01
3.5498096953e-01 -3.2636515213e-01 -3.5899382631e-01
3.1674475658e-01 -7.7217390859e-01 -1.0315344485e-01
-1.7938945059e-01 -2.5656131162e-01 -3.7083832007e-01
-4.1461675694e-03 -2.2955133805e-02 -4.4892614835e-02
1.9848793468e-02 -1.3347502751e-01 3.6907580520e-01
3.3647344424e-01 -3.9783419632e-01 7.1667374778e-01
3.1326746711e-01 -3.2035563270e-01 -1.3732574656e-01
-3.2379247577e-02 -1.2663794721e-01 -5.9817327922e-02
1.6839270389e-01 -8.2478027017e-02 2.4415761428e-01
1.6810033294e-01 -2.8661279205e-02 2.8026091913e-01
1.1373945216e-01 -9.8808623099e-03 2.8488926702e-01
-2.3928931624e-02 -3.8040533846e-02 2.6072066067e-01
-8.2147110644e-02 -9.7798798958e-02 2.6782220692e-01
1.6646980412e-01 -2.7500028939e-02 2.7374135798e-01
2.3761447327e-01 -1.7716202254e-02 -1.0567703175e-01
9.0444206784e-01 -5.9349990266e-01 -9.5186334797e-02
5.8203975246e-01 -9.1769007045e-01 -1.1778571928e-02
-4.7147687659e-02 -1.4220949707e-01 -2.1806505490e-01
4.3580141537e-03 -1.0017533759e-02 -7.8653486435e-02
-3.8614845325e-02 -7.0438021023e-02 2.6032658765e-01
-2.5826343724e-01 -1.5646080677e-01 7.2653597704e-01
-4.3050942360e-01 -4.0569016557e-01 2.4567590144e-01
-3.0320432765e-02 -3.2619280220e-01 -4.3641743969e-02
1.2452119397e-01 -1.0731914465e-01 1.2780172158e-01
-1.2964348861e-03 -6.4120385199e-02 2.5515895599e-01
-2.4337813854e-02 -4.3276358525e-02 2.9994924543e-01
-4.7814516264e-02 -8.4785041260e-02 2.8605242048e-01
-7.8781593162e-02 -9.2394662368e-02 2.6715725808e-01
-4.5082273414e-02 -1.0405468014e-01 2.4965186634e-01
-1.0089588880e-01 -1.0593901561e-01 1.2214991118e-01
2.6043806145e-02 -3.8774275927e-01 -1.6587186235e-01
1.1996204392e-01 -4.7206688460e-01 -5.0507349078e-01
9.0659412757e-02 -2.3047606139e-02 -4.1863320825e-01
3.0553426779e-02 -1.5877346500e-02 -6.5818141302e-02
-1.2819360435e-02 -4.2177326440e-02 1.2516331612e-01
-3.6202330091e-01 -1.0137636391e-01 3.0956273349e-01
-9.2115356918e-01 -4.0812114375e-01 7.4204944137e-01
-2.3072116670e-01 -5.5941018123e-01 3.0662834989e-01
5.0776088067e-02 -4.5838523364e-01 -1.2433417297e-02
-6.5909384639e-03 -1.0821519375e-01 1.9118831985e-01
-7.3304177545e-03 -9.5107214410e-02 2.8440962150e-01
-4.9128646808e-02 -1.0248351613e-01 2.9643928862e-01
-4.4038465310e-02 -1.5727949005e-01 2.7664489617e-01
-3.9395806646e-02 -1.1685822139e-01 2.2435174427e-01
-5.7529684285e-02 -1.2784217584e-01 1.5227072964e-01
-1.3186357193e-01 -5.7719982102e-01 1.1914029673e-01
-3.9948148994e-02 -7.5444473029e-01 1.6251275817e-01
1.1258729735e-01 -8.4318499194e-02 -9.7314255716e-02
3.1718921966e-02 -6.2410388889e-03 -4.0064088114e-02
-1.3020479293e-02 -3.7328455661e-02 1.4253470563e-01
-2.4962512063e-02 -6.6228369145e-02 2.3440668435e-01
-2.3489325871e-01 -1.3843072753e-01 4.4364598148e-01
-2.4993634561e-01 -3.4170793591e-01 3.8918550622e-01
-2.4492490631e-01 -4.0764151768e-01 2.6399523785e-01
-1.6468520993e-01 -2.2599461756e-01 1.2829600063e-01
1.3579164605e-04 -1.6792143794e-01 2.5103852031e-01
3.6210873886e-03 -1.4243388829e-01 3.0744507460e-01
-2.9726351821e-02 -1.6264563262e-01 3.2220678404e-01
6.7049745273e-03 -1.1953334146e-01 2.6105854183e-01
-1.6563814689e-02 -2.0061701378e-01 1.5392912947e-01
-1.8415182403e-01 -1.0061206889e+00 5.8908741926e-01
-1.6761559924e-01 -1.3483087957e+00 7.3126750748e-01
1.6430833914e-01 -2.5758186444e-01 7.4083759834e-02
3.4831220595e-02 1.2815765551e-02 -2.4123392687e-02
-3.1753200618e-02 -2.8237163584e-02 1.4379845338e-01
1.8187898662e-02 -5.8056744092e-02 2.0865298584e-01
1.2334848045e-02 -7.2146643784e-02 2.2587896876e-01
-1.0645781545e-01 -9.2983516350e-02 2.7237357192e-01
-2.4373866507e-01 -1.0921178711e-01 2.4610538097e-01
-4.0972211991e-01 -1.2457023999e-01 4.6470103021e-01
-1.4084291681e-01 -2.0016414060e-01 5.1788423492e-01
-5.0080969038e-02 -1.5526006925e-01 4.0743706426e-01
-8.0650496256e-02 -1.8995559477e-01 4.0749057042e-01
-5.2470732478e-02 -1.8289010798e-01 2.8110553698e-01
3.9419802347e-02 -2.5514087409e-01 3.1393287003e-01
-2.8380717347e-01 -6.5256389024e-01 3.8531923443e-01
-6.5255883149e-01 -8.1420506451e-01 -5.1212011038e-01
4.9803887674e-02 -1.6078508216e-01 -4.1200792074e-01
1.9378273832e-02 -3.9375489542e-03 -1.7583186410e-02
-2.6941436141e-02 -4.1122531353e-02 1.6138478754e-01
6.6720628179e-03 -4.7717840242e-02 1.8665423727e-01
-1.2811516972e-02 -7.5069399590e-02 2.2801946339e-01
-2.1482689490e-02 -9.7098575908e-02 2.6135137083e-01
-8.4588496105e-02 -9.6439275513e-02 2.7122107415e-01
-3.0340758734e-01 -6.9040789141e-02 6.2950673203e-01
-4.8686337442e-01 -1.7193935823e-02 9.3220796234e-01
-7.7034392194e-01 -9.5981176160e-02 8.7968788156e-01
-1.4306484432e-02 -2.3898124575e-01 5.4113345966e-01
6.7271494739e-01 -1.6395157521e-01 3.6334506229e-01
1.8751764188e-01 -1.7922967783e-01 3.0458288629e-01
-3.9679240834e-01 -3.7633129826e-01 -2.6097707447e-01
-7.9565758477e-01 -2.9097771083e-01 -1.0797687865e+00
-1.0203503863e-01 -2.2417152415e-02 -4.2184581408e-01
-1.4925308015e-02 5.1324878670e-03 6.8714334525e-03
-2.3376941222e-02 -7.4173174380e-02 1.6705009865e-01
1.1455237576e-03 -9.8346508637e-02 1.5059239718e-01
-2.3688216405e-02 -1.2533769295e-01 1.9231852483e-01
-5.4571450168e-02 -1.4791209913e-01 2.0686080805e-01
-4.1015403288e-02 -1.6358491270e-01 2.2339208830e-01
-1.3460619437e-01 -8.2890329455e-02 2.8282445316e-01
-5.0841472377e-01 -5.5270899454e-02 6.4052836355e-01
-1.3315719439e+00 -2.3080236480e-01 1.2073051990e+00
-1.7734072983e+00 -5.7922979192e-01 1.0927953050e+00
-1.8237401051e+00 -6.4105821186e-01 2.8947518656e-01
-1.6391634896e+00 -4.9768090697e-01 -4.7971211552e-01
-9.4254586985e-01 -4.0946011815e-01 -6.8892931136e-01
-4.2230160222e-01 -1.6133334384e-01 -4.7237523438e-01
-1.9173400383e-02 -7.7582949477e-03 -1.3199286045e-01
-1.5038938526e-03 -3.2460512532e-02 2.0947156186e-02
1.0576372293e-01 -2.3392858139e-02 7.7939673339e-02
1.6185395122e-01 -5.0313387960e-02 1.3704351444e-01
2.0554268490e-01 -1.1361977982e-01 1.6690362965e-01
2.8987010732e-01 -1.9976960493e-01 2.3060690878e-01
3.9098004045e-01 -2.8107090810e-01 2.3044576032e-01
4.9919180712e-01 -3.5879594053e-01 2.6287818016e-01
7.5466316850e-01 -5.8529569454e-01 3.0857324708e-01
9.1221801828e-01 -7.0984482630e-01 2.8786513824e-01
1.0522766511e+00 -7.7494666855e-01 2.7902515961e-01
1.4748577065e+00 -8.8774941310e-01 8.3861218500e-02
1.7591847407e+00 -9.9341729316e-01 -4.9933849880e-01
8.9231248852e-01 -5.1947468276e-01 -5.9144635247e-01
1.6135397859e-01 -1.8126210140e-01 -1.7350308906e-01
1.0372889583e-01 -8.0290962267e-02 -8.4002102351e-02
6.1561596737e-02 -6.2950111073e-02 -8.5509014177e-02
1.1713653815e-01 -4.1119403892e-02 8.2873627111e-02
1.3195565784e-01 -6.9994305120e-02 1.5463870136e-01
1.8801524465e-01 -1.5097707229e-01 1.7973969772e-01
3.2656829174e-01 -2.8788245901e-01 2.8949330795e-01
5.8726158283e-01 -4.5699367426e-01 4.0875589467e-01
7.6018627240e-01 -6.0895533574e-01 4.4252043150e-01
8.0198617478e-01 -7.5500512725e-01 3.9083984219e-01
7.2744493854e-01 -7.6521225186e-01 3.3374589836e-01
6.4392595969e-01 -6.9137279258e-01 3.3024658912e-01
8.9593589667e-01 -7.4646741757e-01 2.2240166326e-01
1.6128839055e+00 -1.1936823878e+00 -7.2912951745e-01
1.4973255822e+00 -1.1076538224e+00 -1.5036492379e+00
3.9489500487e-01 -3.2740855768e-01 -5.0960067836e-01
1.3709984242e-01 -6.9432265649e-02 -1.2464981307e-01
5.8963573881e-02 -5.6051925633e-02 -8.3298341629e-02
1.2908346961e-01 -7.9641381139e-02 8.5505960947e-02
1.6515871173e-01 -1.4234700429e-01 1.8870207504e-01
2.8294228940e-01 -3.0771036016e-01 2.5613992715e-01
6.1607077773e-01 -5.3703587244e-01 4.8677169416e-01
7.8678930235e-01 -6.0880863678e-01 4.8355653610e-01
4.6437655018e-01 -4.1965688177e-01 2.6779972410e-01
3.1923853258e-01 -4.0216800180e-01 1.9550461366e-01
1.2634018444e-01 -2.8843332398e-01 1.8483975854e-01
1.6573376066e-01 -3.7270913306e-01 1.7630783100e-01
2.3758821217e-01 -4.7870198030e-01 1.9956723123e-01
4.1727784870e-01 -7.4119058322e-01 -7.4079940853e-02
1.0473293355e+00 -1.1074416508e+00 -1.0827174981e+00
9.7861903121e-01 -6.1783793980e-01 -9.7368635286e-01
3.3461025435e-01 -9.1204755255e-02 -2.9959682345e-01
5.2106001504e-02 -4.1189500310e-02 -9.9261260043e-02
1.4030874443e-01 -1.1473804695e-01 1.5862473280e-01
1.9896503529e-01 -2.3271840584e-01 3.0299029251e-01
4.2857843386e-01 -4.1160789860e-01 4.3506290750e-01
5.3478241374e-01 -5.2257136286e-01 4.3123185822e-01
1.9966203488e-01 -2.3730277245e-01 6.6319123078e-02
-5.5789813523e-02 1.3858101682e-02 -6.2046190835e-02
1.1179041958e-01 -9.3789688000e-02 6.4660678343e-02
6.9759864683e-02 -6.6161225790e-02 1.7329051332e-01
1.3585724318e-01 -1.9749034634e-01 1.3609293489e-01
1.4836258355e-01 -4.0697234268e-01 1.6131109496e-01
2.7847852794e-02 -5.7450376639e-01 2.5342581701e-01
5.9681294169e-01 -9.2388237821e-01 -3.2952633047e-01
1.9468674930e+00 -9.1219353949e-01 -1.3499933048e+00
1.1799283246e+00 -2.2759273878e-01 -8.6933325194e-01
1.0917495665e-01 -5.3828398617e-02 -1.7763919796e-01
1.1609985555e-01 -1.3245148328e-01 2.0072779181e-01
2.0174124910e-01 -2.2031073744e-01 3.3449339137e-01
2.3227781155e-01 -2.6542663266e-01 2.5654388576e-01
-5.8072464862e-02 -1.0977121578e-01 -6.0938959905e-02
-3.0347781422e-01 2.3688835050e-01 -3.3818160389e-01
-2.0939846975e-01 3.0772661957e-01 -1.5656905478e-01
1.1157297073e-01 1.9191022572e-01 1.0816377331e-01
3.3487879399e-01 3.9267593815e-01 3.7212652565e-01
4.1871596748e-01 4.7220538956e-01 3.9707679302e-01
2.6054160921e-01 3.4667812507e-01 3.0399962576e-01
3.6565636797e-02 -3.0898187363e-01 3.1324413167e-01
1.3757740406e-01 -6.6616349410e-01 5.4359881247e-02
7.2832014637e-01 -3.7269791661e-01 -5.2882618208e-01
7.7387275227e-01 -1.1586467978e-01 -5.2764201851e-01
6.0008014095e-02 -5.4084035859e-02 -1.4886254729e-01
1.0634100907e-01 -1.3670180037e-01 2.4642720683e-01
6.9603297968e-02 -9.2803758978e-02 1.5762912575e-01
-1.6815989847e-01 1.5280613029e-02 -1.7876863312e-01
-3.4688767690e-01 2.3013517230e-01 -3.0340083844e-01
-1.5462916784e-01 3.3732424555e-01 -2.0479856676e-01
8.0274358414e-02 3.0128379040e-01 9.0933249650e-02
5.6502330815e-01 5.7946973389e-01 5.2685418548e-01
8.5661313825e-01 1.0132616021e+00 8.2689747371e-01
7.7102642496e-01 7.7530434783e-01 5.5432670556e-01
5.9591739652e-01 5.2374546080e-01 3.1411159572e-01
1.7100092603e-01 -5.5259362012e-01 4.0517287005e-01
1.6253706386e-01 -6.8327478163e-01 1.4515271072e-01
-1.9277547504e-02 -7.4356086516e-02 3.5179096556e-02
-1.0850976027e-02 2.9929543803e-02 6.9895914375e-02
-3.0624679926e-02 -1.5283885242e-02 -5.1328838144e-02
1.2071664151e-01 -1.1729897637e-01 2.0656689605e-01
-9.1414456618e-03 -8.3559952209e-02 4.4920043949e-02
-1.1694258329e-01 -6.2950016847e-02 -6.0880803203e-02
2.9877615559e-02 2.1875308465e-01 -3.7031145593e-03
2.1693116936e-01 2.0015249545e-01 1.2016404803e-01
5.1247811953e-01 3.6966745548e-01 3.9672749671e-01
1.0939691649e+00 9.3984150312e-01 8.7039457729e-01
9.0179652588e-01 6.5775525140e-01 7.8410538530e-01
5.7833969860e-01 1.8332532057e-01 3.4252534089e-01
4.1837213240e-01 1.6753937819e-01 1.6191234619e-01
7.9129803284e-02 -3.4479281647e-01 9.9073751749e-02
6.8388569095e-01 1.5455698221e-01 -8.3490010328e-01
6.2069572683e-01 2.8213667608e-01 -1.0371611559e+00
4.1882949315e-02 -9.6950513861e-02 -2.1246655788e-01
-1.8524664602e-02 -3.5903700740e-02 -6.5723553301e-02
1.7411208492e-01 -1.1428070359e-01 1.8210865453e-01
1.6205454516e-01 -2.6014557237e-01 2.6144494953e-01
3.3606424769e-01 -2.7447860014e-01 3.2794940425e-01
5.4307496247e-01 8.2039086185e-02 1.7968432602e-01
5.8241919113e-01 -3.8390270763e-02 3.0911232944e-01
9.2636037034e-01 4.2982235310e-01 5.2111854297e-01
8.8005988441e-01 4.1804385098e-01 6.0915282791e-01
5.3086004745e-01 5.9657402386e-02 3.7558965750e-01
4.0219418467e-01 -2.0780993049e-02 2.3329033922e-01
1.6784615788e-01 -8.9917143746e-02 -6.8094215761e-02
-4.4117008085e-02 -1.3021440425e-01 -9.2489989799e-01
5.2835384191e-01 8.0170051138e-02 -1.7494346037e+00
1.1908466127e+00 -2.6804766077e-01 -2.4124310020e+00
3.5414044604e-01 -1.8924596460e-01 -7.1377825910e-01
-1.3997877039e-02 -1.3920492839e-02 -7.7062015175e-02
9.1657264383e-02 -6.0388113101e-02 1.5535152715e-01
1.3801384430e-01 -2.4454552179e-01 2.5645514984e-01
3.6051869588e-01 -3.3583587516e-01 2.9169415518e-01
3.8787316834e-01 -1.8770460994e-01 1.9972974507e-01
3.5778900343e-01 -2.3471994730e-01 3.1165160995e-01
3.7116274996e-01 -2.8968085689e-02 2.7728916878e-01
2.5265298177e-01 -1.4409193015e-01 2.3018507125e-01
3.2018658299e-01 -4.9206732950e-02 2.3383333785e-01
2.4390025857e-01 -5.0674380645e-02 2.3828780063e-01
-1.4507717267e-02 -2.2376396030e-01 -5.0603017344e-02
1.8847256247e-01 -1.4992473959e-01 -9.3973049385e-01
6.7229786722e-01 -4.3996104929e-01 -9.5137033368e-01
4.0457557961e-01 -1.2310967696e+00 -6.4561715780e-01
2.5745010246e-02 -3.5350447745e-01 -3.4564520766e-01
-3.7614686877e-02 -1.7584244622e-02 -8.7455075095e-02
-5.3967003156e-03 -1.0921072106e-01 2.2357450097e-01
-3.8187066165e-02 -2.8791152964e-01 4.8244014034e-01
-3.3940043084e-01 -3.6556154613e-01 -1.8716728791e-01
-3.7914384449e-01 -3.3913983950e-01 -9.1932423155e-02
-1.2697549308e-01 -2.5578752402e-01 1.1746910554e-01
-1.4021167837e-01 -1.9022817551e-01 1.7063902280e-01
-1.2522967914e-02 -2.0844198104e-01 1.8878354341e-01
8.1392997466e-02 -1.4857468025e-01 2.1872164270e-01
2.6183642740e-02 -1.9567606758e-01 2.1754932355e-01
-3.3086610372e-02 -2.0095953318e-01 1.7839661625e-01
2.2535108312e-01 -1.6331940062e-01 -1.5308240859e-01
7.8915905635e-01 -8.0173589368e-01 2.0909095601e-01
3.7301713059e-01 -1.2776669544e+00 9.9938482482e-01
-8.8307042173e-02 -2.1007720332e-01 2.2717865548e-01
-3.5765802360e-02 -4.2434482153e-04 -1.2383830377e-01
-1.2611215109e-02 -7.8313081755e-02 1.5378803876e-01
-2.4997175281e-01 -2.5865137808e-01 2.6059275016e-01
-6.5863460515e-01 -6.6825108341e-01 1.6558642091e-01
-2.4324557624e-01 -3.5890822523e-01 4.5253596256e-02
3.6392114280e-02 -8.9736965107e-02 1.0500803521e-02
-7.8842567696e-02 -1.0015135938e-01 1.7787265598e-01
-4.2243622881e-02 -1.4071894985e-01 2.3044164962e-01
-3.5198834036e-02 -1.5611608884e-01 2.4829557725e-01
-3.5715600029e-02 -1.9695661054e-01 2.2290669114e-01
-5.1967573255e-02 -2.0881009033e-01 2.2279244008e-01
-1.0038129952e-01 -2.3980282161e-01 1.6396767329e-01
6.4575720582e-02 -7.6361448673e-01 3.5039163723e-01
1.0368449791e-01 -8.7071745345e-01 5.1052535709e-01
5.6362470142e-02 -2.9044821444e-02 -3.4388562234e-02
-1.3279003868e-02 2.3409594883e-05 -1.1029955319e-01
8.6386870782e-03 -6.5005515665e-02 9.7536145107e-02
-1.9655653779e-01 -1.9918964477e-01 2.1138244694e-01
-7.5611294822e-01 -7.0725277537e-01 6.6721179962e-01
-3.3667757476e-01 -5.5755874720e-01 2.7450040279e-01
-1.5841834052e-01 -3.4172852025e-01 9.1094613559e-02
-9.7956478499e-02 -1.2651302016e-01 1.3947367744e-01
-6.9771401811e-03 -1.4916714883e-01 2.0890045434e-01
-4.0538007337e-02 -1.7846323595e-01 2.2415498139e-01
-2.7313736510e-02 -2.2807666238e-01 2.1737621975e-01
-4.3376104042e-02 -2.2923323089e-01 1.7956076539e-01
-5.5653588923e-02 -2.7715360726e-01 1.2868707392e-01
1.0097550182e-01 -7.0473008345e-01 4.6693658388e-01
2.8500604316e-01 -8.4394894618e-01 8.5371173246e-01
2.0308298167e-01 -7.4782059043e-02 1.6371121271e-01
-1.4711232345e-03 -3.8328880130e-04 -7.9960046653e-02
6.4891575827e-03 -6.3236901454e-02 1.2536534330e-01
9.5535674417e-03 -9.9902657099e-02 2.1242747790e-01
-1.6051518248e-01 -2.6439823438e-01 3.7653901673e-01
-3.3246153257e-01 -5.3349871596e-01 4.7788065817e-01
-4.4653816190e-01 -6.9176407486e-01 4.7050835295e-01
-1.9362760939e-01 -3.1965993435e-01 2.7646918502e-01
2.6938585614e-02 -2.1933620215e-01 2.6296233778e-01
4.1601247001e-02 -2.2260114563e-01 3.3117913084e-01
1.9891507299e-02 -2.3701593196e-01 3.1162160803e-01
1.5622376912e-02 -2.7726568254e-01 2.5373375598e-01
-3.7716867244e-03 -3.1775426310e-01 1.0461270537e-01
2.9981998132e-02 -8.2146308607e-01 2.3866229815e-01
1.4301651811e-01 -9.8071078509e-01 2.6836194457e-01
2.2485449068e-01 -2.1615814320e-01 -1.8747743135e-01
1.1075913392e-02 7.9376087325e-03 -6.6927735965e-02
-1.9357952247e-02 -6.0100831554e-02 1.1437152328e-01
2.3516673701e-02 -8.6254176708e-02 1.6595257587e-01
3.5994029597e-02 -1.4439018965e-01 2.1557542186e-01
-6.3918154902e-02 -2.5627505173e-01 2.8919973641e-01
-2.7638711228e-01 -4.1351321375e-01 3.4589964819e-01
-5.1465610391e-01 -4.4533948033e-01 6.8474487871e-01
-2.9227241270e-01 -5.9554444456e-01 7.1838545567e-01
-7.2904148420e-02 -4.1013520566e-01 5.1203897319e-01
9.1438026976e-03 -3.4693269227e-01 4.2970661053e-01
5.5989892664e-02 -3.1060475924e-01 3.6790838902e-01
2.3466262155e-01 -3.6287089937e-01 2.5294516451e-01
4.4061867311e-02 -5.8393058384e-01 -1.8960815645e-01
-5.1539624335e-01 -7.3381742097e-01 -1.4908782274e+00
-2.6909797046e-02 -1.7975627711e-01 -7.9892807643e-01
-2.5159334972e-02 -2.5994665926e-02 -6.6796820370e-02
-1.7267101336e-02 -6.9233003082e-02 1.4866401935e-01
1.8208432646e-02 -8.8310476949e-02 1.8265907627e-01
1.5926258771e-02 -1.1814125582e-01 2.1045308895e-01
2.9674454629e-03 -1.5134728715e-01 2.3184796044e-01
-6.7065477614e-02 -1.8214349414e-01 2.6440972258e-01
-3.3193011065e-01 -3.2845686304e-01 7.0304852692e-01
-6.2745156033e-01 -6.9657597064e-01 1.0927940496e+00
-8.3287686364e-01 -7.6245359086e-01 9.3367557622e-01
-4.1841090984e-01 -6.6751315323e-01 7.0617319793e-01
-7.6157240583e-02 -4.5715802933e-01 4.9018357767e-01
-1.9736628890e-01 -5.4172922511e-01 1.2180512892e-01
-5.6145272112e-01 -7.1760934616e-01 -4.1136280998e-01
-5.9997751933e-01 -5.4268437853e-01 -1.0586500701e+00
-1.0955489335e-01 -1.1073280474e-01 -4.4452426617e-01
-4.2509839411e-02 -1.6431709704e-02 -3.7535027621e-02
-1.6979490046e-02 -8.2606337479e-02 1.4297483642e-01
5.8441979688e-03 -1.2131885727e-01 1.4787668637e-01
6.6354659276e-03 -1.5996473351e-01 1.8552142869e-01
-1.6795741459e-02 -1.9143677868e-01 1.8861532125e-01
-1.3237410949e-03 -1.9274027064e-01 1.9863064944e-01
-1.2512921315e-01 -1.6211006930e-01 2.6198657942e-01
-4.2397670179e-01 -3.3541344974e-01 5.3302164816e-01
-1.0744715691e+00 -6.8125209302e-01 9.0914531649e-01
-1.3878975599e+00 -1.0521976577e+00 9.2342672110e-01
-1.4224151843e+00 -1.0895641633e+00 3.9496323598e-01
-1.2494271480e+00 -9.4094522076e-01 -2.1471348655e-01
-9.8169085041e-01 -7.0942356629e-01 -5.0270765694e-01
-3.8760591327e-01 -2.6917005393e-01 -3.8060909943e-01
-4.1906937548e-02 -4.1732958923e-02 -1.6103091846e-01
-4.4049072056e-02 -4.4392168489e-02 -2.8272456834e-02
7.8815696308e-02 -3.4398905121e-02 8.3343363053e-02
1.1579347075e-01 -5.8069436244e-02 1.2519332611e-01
1.3154709413e-01 -1.1702836858e-01 1.7343953393e-01
2.0883327960e-01 -2.1713601121e-01 1.9927295602e-01
2.6700023303e-01 -2.6050384713e-01 1.8343437260e-01
2.7685014631e-01 -2.7412352129e-01 1.7575556656e-01
3.3098967881e-01 -3.6563003983e-01 1.8711558677e-01
3.5063221047e-01 -4.1575530049e-01 1.7323856489e-01
4.5986520680e-01 -4.9385027560e-01 2.0212635693e-01
6.3968742078e-01 -5.9108495671e-01 1.4684355934e-01
7.4566464399e-01 -7.2493063177e-01 -6.2160868201e-02
3.5649184173e-01 -4.7858700220e-01 -1.9056921082e-01
7.4543586366e-02 -2.2982938260e-01 -9.8074393722e-02
8.1141555808e-02 -1.0757580831e-01 -9.6947073280e-02
5.9937923301e-02 -8.9192266820e-02 -9.5938929005e-02
8.9070791203e-02 -4.7090437329e-02 8.4088859039e-02
1.0378589459e-01 -6.0689270669e-02 1.3541749655e-01
1.2039354799e-01 -1.1548861264e-01 1.6929844339e-01
2.0868637815e-01 -2.3199279305e-01 2.1655155028e-01
2.7825508896e-01 -2.7427007758e-01 2.2160621600e-01
2.8736983974e-01 -3.0564762918e-01 2.2405626613e-01
3.5736277277e-01 -4.2130242381e-01 2.3317146506e-01
4.7015349339e-01 -6.1419801969e-01 2.5192183882e-01
6.3454901052e-01 -8.1524624301e-01 3.2879564498e-01
9.4367004959e-01 -1.1742253460e+00 2.1155968651e-01
1.3736801502e+00 -1.6680321555e+00 -4.6750367745e-01
8.5751741556e-01 -1.1284695187e+00 -7.0001573836e-01
2.1821412849e-01 -2.9427042706e-01 -2.2124675821e-01
1.2279825284e-01 -8.1516745909e-02 -1.1452041988e-01
7.9362874979e-02 -6.3425894494e-02 -8.8013075188e-02
8.2808420468e-02 -5.8396287919e-02 7.5192288920e-02
1.1558959503e-01 -1.0951159300e-01 1.5231198257e-01
1.6865909699e-01 -2.1378162664e-01 1.9979862083e-01
3.0421466919e-01 -3.6294017558e-01 2.7059307536e-01
4.2035021773e-01 -4.2716586435e-01 2.9721457293e-01
3.4120730728e-01 -3.4117734312e-01 2.1630924899e-01
3.1852136341e-01 -3.8018602717e-01 1.7998009283e-01
3.4455455905e-01 -4.9685893130e-01 2.2224501750e-01
4.3769596206e-01 -6.8462843706e-01 2.2824694359e-01
5.3621969124e-01 -1.0048558778e+00 1.2938035211e-01
8.6011339535e-01 -1.5214865485e+00 -4.9039489313e-01
9.3872317062e-01 -1.3555728203e+00 -8.6478398504e-01
6.2362856669e-01 -5.2264749133e-01 -4.9468254552e-01
2.2249947194e-01 -1.2753690537e-01 -2.0311454319e-01
5.5644104724e-02 -5.8359438011e-02 -9.4236542193e-02
1.0204024400e-01 -9.3575527715e-02 1.1498858773e-01
1.5273442624e-01 -1.8326206235e-01 2.2753478972e-01
2.2245539706e-01 -2.9014183864e-01 2.3414194728e-01
3.5688066159e-01 -4.3207950829e-01 3.1090578690e-01
3.5127812065e-01 -3.4592404794e-01 1.9096917100e-01
1.5799719230e-01 -1.6222597818e-01 7.6253456900e-02
1.3287512205e-01 -6.5041551390e-02 9.4610255565e-02
2.0333890994e-01 -5.0476411046e-02 2.2530947683e-01
3.1037360512e-01 -2.5007616607e-01 2.0345429729e-01
2.9996347980e-01 -6.1472318447e-01 1.2555899156e-01
3.0380589759e-01 -6.7422136319e-01 3.8218984045e-02
9.9068228664e-01 -8.9423777944e-01 -5.2737382618e-01
1.7518361210e+00 -8.4920854653e-01 -1.0941970592e+00
7.5099026817e-01 -3.4256511196e-01 -6.3564825087e-01
7.1625346303e-02 -8.0011508809e-02 -1.4490100332e-01
9.2614155835e-02 -1.1777792526e-01 1.7643165422e-01
1.4408540279e-01 -1.6290709499e-01 2.2415383589e-01
1.6925999891e-01 -2.2719043808e-01 1.8863173943e-01
1.9409370148e-01 -3.3710284274e-01 2.1426089856e-01
8.4441099952e-02 -5.2576915133e-02 3.7786686230e-02
-1.7366508613e-02 3.4389534200e-01 -2.3008535745e-02
2.1500940757e-01 5.2603106812e-01 2.0040986762e-01
4.5471092720e-01 6.7970758825e-01 5.1592400078e-01
4.1756596503e-01 3.5771887273e-01 4.1374667059e-01
3.3398318401e-01 -1.2085669376e-01 2.3293905181e-01
3.0418484035e-01 -3.9453371713e-01 1.1782930817e-01
7.2437752352e-01 -8.1611731596e-01 -3.7251915469e-01
1.1659838217e+00 -2.7823242305e-01 -9.2162144153e-01
5.5868284539e-01 -1.0591163621e-01 -8.1202910034e-01
3.4089669222e-02 -8.1367525467e-02 -1.9162855359e-01
8.0808118125e-02 -1.3338319164e-01 2.0592113717e-01
7.8619985559e-02 -1.2687846336e-01 1.4997838423e-01
6.2921880654e-02 -2.2465199398e-01 1.3394929906e-01
9.5849676434e-02 -1.5910722670e-01 1.5459217885e-01
1.0202392372e-01 4.9508626056e-01 -3.5532351412e-02
2.4536918622e-01 8.1668263378e-01 2.0618484425e-01
7.0362228078e-01 9.4848546123e-01 6.6174119338e-01
7.1387074652e-01 8.4993536789e-01 7.6150891140e-01
3.5642687000e-01 1.0879082198e-01 3.8250051591e-01
1.9866132376e-01 -2.0673194398e-01 1.4430811625e-01
6.3043331998e-02 -7.3542976338e-01 -1.1317090754e-01
1.1618297518e-01 -1.0976316732e+00 -4.4970829182e-01
3.1435346764e-02 2.2486138323e-01 -7.1966378510e-01
-3.0252476691e-02 3.7859883362e-01 -5.8352498461e-01
-2.2816822882e-02 -1.1732873098e-02 -1.5498532183e-01
1.0135068259e-01 -1.4917370682e-01 2.3557269169e-01
1.0677240247e-01 -1.7568468964e-01 2.0832469984e-01
1.6317837504e-01 -2.2336479512e-01 2.7003952411e-01
2.8206743725e-01 2.5685226987e-01 1.8075557374e-01
4.7670311379e-01 6.5612668548e-01 2.5825816654e-01
6.4095582722e-01 7.1466709655e-01 5.1023571962e-01
7.3837917904e-01 7.7673685074e-01 6.2246992414e-01
4.8625731332e-01 3.2977556135e-01 4.5594526198e-01
2.5806452504e-01 -1.5604049208e-01 1.9647765156e-01
2.1257438396e-01 -1.3636364984e-01 5.6292519818e-02
-3.1512611445e-02 -2.5797290451e-01 -6.4695382963e-01
-5.9063844601e-02 -7.0516306131e-01 -1.4061983464e+00
-1.1655433539e-02 -1.6860143801e-01 -1.6726873482e+00
-3.3544112516e-02 2.7162103470e-01 -5.4353967372e-01
-7.2342726562e-03 5.9494283320e-03 -1.0885091432e-01
1.1918836781e-01 -1.5174585553e-01 2.2469024894e-01
2.2205570636e-01 -2.4412441583e-01 3.3927090010e-01
4.2478735152e-01 -2.6834303119e-01 4.7488707641e-01
4.7314767270e-01 -1.5452928695e-01 4.9351346796e-01
5.0930785446e-01 -4.8791313592e-02 5.1734177370e-01
5.7350055201e-01 3.5643306279e-01 3.6529895952e-01
4.6769535211e-01 2.7249418581e-01 3.3513352959e-01
3.7285279145e-01 2.4184381964e-02 2.4489307962e-01
4.7736257788e-01 4.2575444946e-02 2.5567139893e-01
4.4571926381e-01 4.5504569235e-02 9.0274411107e-03
2.7022208326e-01 3.0451466234e-02 -8.8675733682e-01
-2.7617904947e-01 -9.3821191893e-01 -1.0038914274e+00
-2.1181523679e-01 -1.2327880725e+00 -2.0651633747e+00
8.9355906501e-02 -9.1018411693e-02 -6.2080048362e-01
-7.8799148381e-03 -1.4984878812e-02 -7.8543107650e-02
6.4769557986e-02 -1.1371874391e-01 1.8327385283e-01
2.6528193272e-01 -3.0003989179e-01 3.8212507424e-01
5.8374750408e-01 -7.9983871379e-01 8.8153795543e-01
2.3627139382e-01 -5.5503751803e-01 4.6779403003e-01
1.2700032237e-01 -2.7610503991e-01 1.7096793164e-01
2.3014710969e-01 -7.1456057575e-02 1.7316453669e-01
1.0281596583e-01 -1.4605088623e-01 2.1305262221e-01
1.5894105950e-01 -2.0356581545e-01 2.5184939708e-01
2.1807451285e-01 -1.3647802849e-01 2.5035430841e-01
1.3984129014e-01 -1.8873612309e-01 1.0884637046e-01
1.9630533519e-01 -1.9637216901e-01 -3.8619322431e-01
1.6689583644e-01 -7.4569670361e-01 -6.5736225551e-01
5.5439458724e-01 -1.0922507960e+00 -1.7421031355e+00
2.6192247126e-01 -2.1567871629e-01 -8.0734599285e-01
-7.1747971708e-03 -1.5654059479e-02 -1.0746048042e-01
4.5309023066e-03 -9.4778306578e-02 1.4825206142e-01
-3.8591711823e-04 -3.8154853962e-01 3.4276392149e-01
-1.5110268970e-01 -9.8073966862e-01 6.4553400858e-01
-1.1376400689e-01 -3.4156809784e-01 1.2561821835e-01
2.3333115672e-02 -8.2075722632e-02 -2.2939586750e-01
-3.7465575733e-02 -1.0466107188e-01 3.4040465880e-02
-2.8098899958e-02 -1.7524249731e-01 1.8539471916e-01
-3.7506187082e-02 -2.2639565333e-01 2.1882574247e-01
-2.6593369039e-02 -2.5789030206e-01 2.0232367965e-01
-6.5736522522e-02 -2.5138191173e-01 2.1395583153e-01
-4.4209462315e-03 -2.5146240212e-01 5.4553130273e-02
4.2054491114e-01 -5.2463790955e-01 -2.2076648564e-01
6.1718112652e-01 -7.1991295473e-01 -5.5592711967e-01
1.6689651133e-01 -1.4916568639e-01 -5.4542468877e-01
-2.6783909602e-02 -3.1210797922e-02 -1.6094343068e-01
1.1250871155e-02 -7.2247277533e-02 1.0732998584e-01
-7.5322633758e-02 -2.5585882842e-01 1.5825140927e-01
-4.3399794667e-01 -7.2184837130e-01 3.5858855593e-01
-2.4559906296e-01 -2.6731941536e-01 -1.6575806249e-03
-1.3652693674e-01 -1.5017680506e-01 -2.0600615328e-02
-5.4852168385e-02 -6.1213463603e-02 7.7908068241e-02
-1.7687055259e-02 -7.2313936858e-02 1.0849402137e-01
-3.3687209967e-02 -1.6866371974e-01 2.0842770575e-01
-2.5820094592e-02 -2.1312208967e-01 2.1473735104e-01
-7.2461505805e-02 -2.0821631609e-01 2.0625699765e-01
-1.3318397319e-01 -2.3648107551e-01 1.7254957881e-01
-6.3246816955e-02 -5.4689243889e-01 2.5168236776e-01
1.2552387695e-01 -5.6613877411e-01 3.0080549408e-01
1.4444092728e-01 2.2259013750e-02 -2.6221633813e-01
-3.7618315602e-03 -2.7907398950e-02 -1.4111007647e-01
1.1107368660e-02 -7.2291985895e-02 9.4943091908e-02
-3.5664843203e-03 -1.4154214463e-01 1.5204441102e-01
-2.5206569419e-01 -4.7914569576e-01 3.2027426691e-01
-2.9156337776e-01 -5.3638414479e-01 1.5470878982e-01
-2.6092018260e-01 -4.4279754191e-01 3.1594085675e-01
-9.8266047947e-02 -1.7151437319e-01 1.6783064028e-01
-6.2977919054e-02 -2.0050355083e-01 4.0730103587e-02
-2.4572655729e-02 -1.8310689288e-01 2.0853387268e-01
8.5082089170e-03 -2.4053009769e-01 2.0991542242e-01
-5.4150868958e-02 -2.4274568752e-01 1.8219008480e-01
-4.9314092608e-02 -3.1695024717e-01 1.2600869051e-01
2.9503297919e-02 -6.2808078090e-01 -4.8620228485e-03
1.5236343294e-01 -6.1784746507e-01 -4.3218546448e-01
2.3166626776e-01 2.0077223674e-02 -5.2119732505e-01
1.1743740039e-02 -1.9659177244e-02 -1.2029303517e-01
-5.8271934729e-03 -7.6649493610e-02 1.1300335030e-01
4.2027438709e-02 -9.4853077523e-02 1.4044481453e-01
-2.6927471432e-03 -1.6931928369e-01 1.7577458525e-01
-1.3414763559e-01 -3.8133158596e-01 1.9825852483e-01
-2.7492520312e-01 -5.4946258933e-01 3.4080714798e-01
-1.8108721617e-01 -5.0915084075e-01 4.6991401938e-01
-1.1942126684e-01 -5.5000626421e-01 4.7730825023e-01
1.4873977923e-02 -3.9417408345e-01 4.7132151106e-01
7.7206660304e-02 -3.4521146968e-01 4.1058788471e-01
6.4788937340e-02 -3.1061205105e-01 3.5355723526e-01
1.2471843087e-01 -3.2642374042e-01 1.9326872107e-01
2.0823529012e-01 -6.1457111775e-01 -3.2904767962e-02
-5.9175956907e-02 -7.4600675562e-01 -1.3844877113e+00
8.8378700682e-02 -1.8160137334e-01 -9.8404002999e-01
5.9168159739e-03 -1.3807519831e-02 -1.0365099343e-01
-1.3310832768e-02 -7.3139689769e-02 1.1517305046e-01
2.5067598338e-02 -9.2040469771e-02 1.2904205602e-01
2.7463974060e-02 -1.3832937951e-01 1.6937794365e-01
7.4735716373e-03 -2.0496930432e-01 2.0039673403e-01
-6.9013915938e-02 -3.1663078876e-01 2.8613896394e-01
-3.0508380222e-01 -4.8754315130e-01 6.1482852202e-01
-5.1147168166e-01 -8.8125480224e-01 8.2349723536e-01
-3.9858587393e-01 -8.7352642717e-01 8.1347501903e-01
-1.8591943403e-01 -7.4632626174e-01 6.6301823436e-01
2.5720531179e-02 -4.3377607651e-01 4.9442894998e-01
3.5883686436e-02 -5.3597190237e-01 1.6097845664e-01
-2.0483832897e-01 -8.5455998188e-01 -2.5548895752e-01
-4.4781972837e-01 -7.8737962287e-01 -1.4508765562e+00
-1.3334269493e-01 -2.2060966229e-01 -7.7075799702e-01
-2.5970180390e-02 -4.8397588147e-02 -6.7638502195e-02
-7.8102648591e-03 -7.9503630101e-02 1.3788098130e-01
2.2502763373e-02 -9.0951078721e-02 1.5198186898e-01
-6.1472061810e-03 -1.2669832264e-01 1.8089353558e-01
-7.8372729489e-03 -1.5723626879e-01 1.8797746230e-01
-9.5980917592e-03 -1.6839522336e-01 2.1229239588e-01
-2.0571601932e-01 -2.5884404995e-01 3.8779911878e-01
-5.1564419813e-01 -6.9439647541e-01 7.7758434337e-01
-7.8814486994e-01 -1.0743478353e+00 1.0499056655e+00
-8.4946309907e-01 -1.2517244334e+00 9.0772408475e-01
-6.9870896768e-01 -1.0125150900e+00 6.7477938127e-01
-6.2138157512e-01 -1.0183875022e+00 5.6119824909e-02
-8.5824722852e-01 -1.1762790231e+00 -4.4099947322e-01
-4.9637326081e-01 -6.5064541525e-01 -7.0529574126e-01
-8.0685101136e-02 -1.4048132886e-01 -2.9084849196e-01
-3.8069011875e-02 -3.8116662032e-02 -4.6882475745e-02
1.8038911507e-03 -1.0115702560e-01 1.4059487397e-01
2.0699390344e-02 -1.1585132516e-01 1.2521985010e-01
6.7740643987e-03 -1.5005629161e-01 1.6451558538e-01
-7.0009423683e-03 -1.8455561643e-01 1.6278599089e-01
5.0625451969e-03 -1.9105706351e-01 1.6837008375e-01
-6.4280766155e-02 -1.8415525429e-01 1.8307605003e-01
-1.7241372738e-01 -3.1889728397e-01 3.2084853481e-01
-5.2673317270e-01 -6.2218454125e-01 5.1914671331e-01
-8.1058947977e-01 -9.7024444336e-01 5.9257023762e-01
-9.0223513250e-01 -1.0622620030e+00 3.9724471218e-01
-7.7407302080e-01 -9.0023032168e-01 2.7814157328e-02
-6.1714157760e-01 -6.1770050647e-01 -2.8221262820e-01
-2.5741939568e-01 -2.5687684577e-01 -2.3589614854e-01
-3.5097168537e-02 -3.8367911635e-02 -1.6187117721e-01
-1.8960138946e-02 -4.9873001353e-02 -4.3079591563e-02
5.2063158020e-02 -3.9726336009e-02 9.1812711307e-02
7.0007131190e-02 -4.4629002076e-02 1.1883457786e-01
8.1921794251e-02 -8.3836809579e-02 1.5458695431e-01
1.3023319243e-01 -1.3139198956e-01 1.5416172057e-01
1.6990677546e-01 -1.8352765542e-01 1.4049394199e-01
1.6360275882e-01 -1.6994676850e-01 1.3248905494e-01
1.9509099669e-01 -2.2175332404e-01 1.2245751320e-01
1.7424740598e-01 -2.3034159648e-01 1.1697341174e-01
1.9237902312e-01 -2.7606957745e-01 1.3767130682e-01
1.5153601965e-01 -2.5775017181e-01 1.4203567548e-01
1.8514449351e-01 -3.2425755003e-01 1.4585403861e-01
1.2496914444e-01 -3.0478509412e-01 5.6169077166e-02
8.9118006027e-02 -2.0215180427e-01 1.8019334696e-03
1.0255004126e-01 -1.0063222391e-01 -5.1437193066e-02
5.7401629158e-02 -6.0554921049e-02 -8.5552901129e-02
5.5899934957e-02 -3.6295350025e-02 9.6360856770e-02
5.5028322200e-02 -5.2648025253e-02 1.2376540150e-01
5.7127345871e-02 -8.7975128625e-02 1.3930421425e-01
1.3092663734e-01 -1.5597794392e-01 1.6171505581e-01
1.5891810867e-01 -1.9194823311e-01 1.5416572470e-01
1.3934774146e-01 -1.5935610383e-01 1.3604511907e-01
1.6444741005e-01 -2.3335533778e-01 1.2195057658e-01
2.0417061340e-01 -3.1538635558e-01 1.1902327026e-01
2.3891810833e-01 -4.1312344608e-01 1.4857201658e-01
2.5589854016e-01 -5.3831877019e-01 1.4406473483e-01
3.1732232580e-01 -6.4514608982e-01 4.5883526771e-02
2.1552783283e-01 -4.7863119092e-01 -2.8473393729e-02
1.6910055787e-01 -2.4471942757e-01 2.3010488092e-02
1.5690299199e-01 -8.9605575233e-02 -2.6600405681e-02
8.5821844456e-02 -3.8070886684e-02 -7.4268239952e-02
4.5182287967e-02 -4.4039411764e-02 7.5354308649e-02
6.2980029501e-02 -7.9822396401e-02 1.1736984082e-01
7.5392516988e-02 -1.4974252348e-01 1.3937510588e-01
1.4599635264e-01 -2.0346287755e-01 1.3805213105e-01
1.8892416097e-01 -2.3627940714e-01 1.3086485481e-01
1.7666210423e-01 -2.1926028700e-01 1.3076443829e-01
2.1461588882e-01 -2.8173713998e-01 1.0627638246e-01
2.9470681466e-01 -4.3164400829e-01 1.3228066298e-01
4.4411726396e-01 -6.2682474955e-01 1.6430469650e-01
5.2333533629e-01 -8.9811132975e-01 6.3243221514e-02
6.9327414516e-01 -1.1222385383e+00 -1.4441796523e-01
7.3201211263e-01 -5.9835175795e-01 -2.3582261647e-01
4.6366721185e-01 -1.9656469339e-01 -1.9239471808e-01
1.8695197982e-01 -7.5701715353e-02 -7.5054475126e-02
5.5681546945e-02 -3.5257899133e-02 -8.2610526507e-02
6.3913873253e-02 -6.2775324736e-02 9.4326120836e-02
1.0478415422e-01 -1.2263435616e-01 1.5648465535e-01
1.1904860043e-01 -1.9058461026e-01 1.4978153937e-01
1.9356893483e-01 -2.8670011619e-01 1.7326249292e-01
2.5721933001e-01 -3.1850565379e-01 1.5082204395e-01
2.8301898838e-01 -3.3856008980e-01 1.5452686797e-01
3.1960015276e-01 -2.0289601198e-01 1.8575111540e-01
5.2031787454e-01 -6.2948229793e-02 3.0636854956e-01
7.6090946093e-01 -2.4423369481e-01 3.7486017421e-01
8.5766590526e-01 -7.5206085456e-01 3.1756518145e-01
1.1321253651e+00 -8.8011445711e-01 1.1557137215e-01
1.7609486832e+00 -5.1322427604e-01 -6.2612026208e-01
1.5342700721e+00 -1.5951738925e-01 -1.2676915455e+00
4.1647093345e-01 -1.1537604499e-01 -4.3705483902e-01
4.7476696472e-02 -4.4172748080e-02 -1.1353545786e-01
5.7211758594e-02 -8.7642599306e-02 1.2005110862e-01
1.1560250665e-01 -1.5164222454e-01 1.8199371876e-01
1.0975637535e-01 -2.2411467706e-01 1.6993564870e-01
1.9373906495e-01 -3.7263834178e-01 2.3094621048e-01
2.8246849049e-01 -3.3289004413e-01 2.0541269730e-01
4.0706895392e-01 -2.4079878054e-02 2.5251373952e-01
8.3144292890e-01 1.9250677283e-01 5.5689995743e-01
1.1790469267e+00 1.7798037556e-01 6.9198234412e-01
1.0921478882e+00 -1.5746584594e-01 4.7249950788e-01
9.7093615002e-01 -5.4829649216e-01 3.3023726909e-01
8.6462900404e-01 -6.8291987007e-01 -6.5414800528e-02
8.2879327730e-01 -1.1384383248e+00 -8.2439161865e-01
1.3581963708e+00 -8.3732203287e-01 -1.6416746635e+00
7.3612875655e-01 -1.0513058799e-01 -1.1825065474e+00
5.4415317943e-02 -2.0206242257e-02 -2.2074989692e-01
4.8708651614e-02 -1.0203771293e-01 1.6609240691e-01
8.7880332377e-02 -1.6144611053e-01 2.0306127543e-01
1.1590652292e-01 -2.9771880638e-01 2.4734062481e-01
2.5711428594e-01 -3.5626829955e-01 3.3486935254e-01
5.0054713466e-01 1.6812257369e-01 4.0491612225e-01
9.6562197886e-01 4.2334921160e-01 8.1388645073e-01
1.1068243946e+00 2.1396160582e-01 8.4156684147e-01
6.6189307576e-01 -1.1476104422e-01 4.6261282368e-01
2.8072804917e-01 -3.6565830460e-01 2.4199361515e-01
1.6661665848e-01 -5.0243682875e-01 1.8723155194e-01
1.4753594378e-02 -8.2582032131e-01 -5.4285100477e-01
3.4338587088e-02 -1.6908686610e+00 -5.9623039283e-01
3.9238116759e-01 -6.5463261953e-01 -9.9144138077e-01
4.9920386059e-01 6.0793766144e-01 -1.7944019521e+00
4.0941646690e-02 9.0991581394e-02 -3.9732761572e-01
5.3582690797e-02 -1.2311058944e-01 1.8603103006e-01
9.9929979310e-02 -1.7510270663e-01 2.2158379643e-01
1.2452930761e-01 -2.8518223629e-01 2.8311056164e-01
4.4156197535e-01 -4.9833722294e-02 4.7619398513e-01
9.5518974525e-01 1.6040526440e-01 9.5354600458e-01
8.7794584318e-01 2.5984696611e-01 8.7503826989e-01
3.5548088373e-01 1.3334808151e-01 3.3712100793e-01
1.0858305952e-01 -1.6142538227e-01 1.5576129081e-01
1.1183995290e-01 -2.7814996136e-01 2.1149115152e-01
1.6704634644e-02 -2.4021914155e-01 1.5240014238e-01
-3.0872506126e-01 -4.7297496056e-01 -5.6816212869e-01
-5.4320858223e-01 -1.9437187980e+00 1.5913607883e-01
-3.9416878799e-01 -2.8416401943e-01 -6.9096075183e-01
-2.2455129819e-01 1.2554560005e+00 -1.4481771821e+00
-3.4751231419e-02 2.2255589536e-01 -3.9198643030e-01
5.5372624697e-02 -1.2872282759e-01 1.8229025806e-01
1.0589318302e-01 -1.9167914522e-01 2.4728491825e-01
1.1847381350e-01 -3.2897734830e-01 3.6247772990e-01
4.6716603990e-01 -5.2153478994e-01 8.8676196759e-01
6.7083572452e-01 -4.2388982455e-01 8.6196151977e-01
3.1841743707e-01 -1.1188299132e-01 2.6477089149e-01
1.2963217553e-01 -1.0843593032e-01 1.5170135518e-01
1.0893290400e-01 -1.5818316567e-01 1.9327118178e-01
1.6044812042e-01 -2.0789258164e-01 2.2474776980e-01
1.3333935929e-01 -1.4138254566e-01 1.5226108319e-01
-7.9788049447e-02 -1.5629396611e-01 -3.1139173245e-01
-6.1806233170e-01 -1.2235001773e+00 -4.7110620194e-02
-4.0519018880e-01 -7.2295747001e-01 -5.3594297702e-01
-2.0135890453e-01 4.1412112765e-01 -4.3343781569e-01
-5.7392836746e-02 1.8596626501e-01 -2.1963416506e-01
2.8254995265e-02 -1.0352016225e-01 1.5606376439e-01
8.3820520130e-02 -2.3156425723e-01 2.7804067539e-01
2.0344860638e-01 -6.4602476036e-01 6.5253628844e-01
2.5119529631e-01 -5.9920710325e-01 6.2287303311e-01
1.7388857441e-01 -3.0000512257e-01 3.6246851344e-02
2.1797503748e-01 -1.5107951199e-01 -1.5376782891e-01
1.7410781979e-01 -8.9691877344e-02 7.7572823881e-02
1.1263301048e-02 -2.6196039866e-01 1.8915860042e-01
3.6543395289e-03 -3.2214014234e-01 2.1585642678e-01
9.9334409924e-04 -2.7235455117e-01 2.0980827176e-01
6.6632692234e-02 -1.5168265419e-01 -1.0909745625e-01
2.3445673567e-01 -5.6546711422e-01 -1.0128569357e+00
3.4890864586e-01 -9.9433990842e-01 -1.2277061676e+00
1.2665023834e-01 -1.5303042820e-01 -4.2571975922e-01
-2.8198111922e-02 1.2978156431e-01 -1.6658053226e-01
8.0005043303e-04 -6.4982979230e-02 1.0696619775e-01
6.6343417602e-03 -1.8838830931e-01 2.0817216516e-01
-2.5276086147e-02 -5.4380991304e-01 4.9544391492e-01
7.5867015902e-02 -2.4634423713e-01 6.4788935807e-02
1.0031847934e-01 -1.4244881993e-02 -4.8024460139e-01
4.4000300851e-02 1.2299149654e-01 -2.6766973523e-01
4.6819500432e-02 9.0450968702e-02 -7.2346091809e-02
-3.5994870556e-02 -1.4153616711e-01 9.7822673699e-02
-2.6228435398e-02 -2.2713653464e-01 1.7552833971e-01
-7.5183581195e-02 -2.1693427386e-01 1.9478994976e-01
-5.3531780863e-02 -2.3254049019e-01 1.1541919525e-01
1.5785777076e-01 -5.2641899194e-01 -4.3985947018e-01
4.7604053032e-01 -8.0915209429e-01 -1.5649254472e+00
3.4168616517e-01 -2.2569506967e-01 -1.0529894005e+00
-3.8538110234e-02 2.0355442841e-02 -2.2329851124e-01
5.1650821707e-03 -5.5037465041e-02 1.0478562490e-01
1.1784075200e-02 -9.4815512097e-02 1.2648322583e-01
-5.6140118922e-02 -2.1028772944e-01 1.5738252575e-01
-6.5701093271e-02 -2.2574218415e-01 -5.8320298035e-02
-1.1312276198e-01 -2.6682031038e-01 -7.1032277289e-02
-7.6162893036e-02 2.1559044586e-02 -1.8247819252e-02
-1.2274605842e-01 2.9877014783e-02 -1.0238454835e-01
-3.3613983370e-02 -1.2051456674e-01 1.2344124489e-01
1.5864492217e-03 -1.6647593520e-01 2.3603946530e-01
-4.7456327350e-02 -1.7684817141e-01 2.1670988090e-01
-9.8127219412e-02 -2.2842292161e-01 1.5422559522e-01
-1.6346321532e-01 -4.8183380927e-01 -1.0046550902e-01
-1.1420526371e-01 -8.1730977262e-01 -1.3274475914e+00
1.3357590655e-01 -2.6093334208e-01 -1.2036133387e+00
-4.0494795851e-02 -3.9255574847e-02 -2.0793283034e-01
-4.8564927352e-03 -6.1260432083e-02 9.2856582666e-02
2.6295992727e-02 -8.3224574092e-02 1.1347989268e-01
-7.8563684167e-03 -1.2089772031e-01 1.2123669187e-01
-4.7496227983e-02 -2.7176159467e-01 1.1883948314e-01
-4.2500637421e-02 -3.2175601129e-01 1.9989749063e-01
1.3805278104e-02 -1.5191721944e-01 4.9483136514e-02
-1.7238197148e-01 -3.1943338691e-01 -4.9816146499e-02
-6.9480849225e-02 -3.2904829110e-01 2.9201615318e-01
5.2309718878e-02 -3.3341213673e-01 3.4070348609e-01
-4.2108668185e-02 -3.1775786038e-01 2.7779276032e-01
5.1588022030e-02 -2.1987907532e-01 2.1450988851e-01
2.8617671283e-02 -4.0289370849e-01 1.3807499256e-01
-2.4861382926e-01 -8.8015492728e-01 -1.2971318897e+00
9.5451324144e-03 -3.3459866020e-01 -1.1782992915e+00
-3.4085683176e-02 -3.2690152544e-02 -1.6794422708e-01
-1.5426996658e-02 -5.7944132539e-02 1.0506770647e-01
2.1442447931e-02 -8.6605735134e-02 1.2694847494e-01
1.2292478326e-02 -9.7396962932e-02 1.4062542795e-01
5.1935815918e-03 -1.4021471707e-01 1.5584755159e-01
-3.4899383255e-02 -2.4856935290e-01 1.9382580757e-01
-1.3814135499e-01 -4.4824838806e-01 3.4095878149e-01
-2.9260577147e-01 -7.2134588800e-01 5.4937374937e-01
-2.0021979944e-01 -6.6337274071e-01 7.4233867355e-01
-1.1236996594e-01 -7.2253214898e-01 6.7880139273e-01
-9.3861509317e-02 -6.2158258696e-01 5.0247080276e-01
7.3189020770e-02 -5.0581947479e-01 3.2948542701e-01
-3.7280384162e-02 -7.2405636475e-01 1.1469504495e-01
-2.0481765185e-01 -8.8779028567e-01 -1.1799898700e+00
-5.3327658652e-02 -3.3879637197e-01 -8.6202461621e-01
-2.9637824762e-02 -2.5719356831e-02 -1.0028563546e-01
-1.8692863970e-02 -6.4395226355e-02 9.8954306932e-02
1.4115561586e-02 -8.9548025570e-02 1.1722278819e-01
3.6037622542e-03 -1.1448227425e-01 1.3906594567e-01
2.3970617076e-02 -1.4064289555e-01 1.7215245546e-01
1.1489480907e-03 -1.5634639237e-01 1.8177998305e-01
-1.0729501350e-01 -2.9422514867e-01 3.3362231666e-01
-2.9497016753e-01 -7.3638716130e-01 5.9528120055e-01
-4.3458317878e-01 -1.1037688123e+00 8.7818000164e-01
-3.9629742889e-01 -1.2011919277e+00 8.9808238455e-01
-2.4874086089e-01 -1.0377494339e+00 6.0485478724e-01
-3.0472101911e-01 -1.1838282673e+00 8.6409436801e-02
-7.6401216404e-01 -1.3239694586e+00 -2.1243659317e-01
-4.1210302518e-01 -8.2915435087e-01 -7.3591356875e-01
-1.0237331608e-01 -2.2731777427e-01 -3.5372792885e-01
-4.7648151894e-02 -3.3082175623e-02 -4.4825143871e-02
-2.2298703283e-02 -6.4401368044e-02 1.2943016399e-01
5.4141781074e-03 -7.9277468850e-02 1.3321123124e-01
-2.3890159125e-02 -1.0043912207e-01 1.6187536660e-01
-1.4537588972e-02 -1.2484726951e-01 1.7301224335e-01
-1.1585399820e-02 -1.2806652003e-01 1.7466046319e-01
-7.5641662459e-02 -1.3572913371e-01 2.0985796763e-01
-1.8654517285e-01 -3.5391061611e-01 3.6175512481e-01
-4.3088561039e-01 -7.2316946253e-01 5.9826803086e-01
-5.5839928975e-01 -1.0250582734e+00 7.4314865608e-01
-6.2390804702e-01 -9.3933777787e-01 6.2557581569e-01
-6.2378456207e-01 -1.0582368558e+00 5.6110242272e-02
-7.8108254437e-01 -9.9316054521e-01 -2.1590672102e-01
-3.5350065347e-01 -4.8089997724e-01 -2.5210661201e-01
-5.1050199345e-02 -1.3563908032e-01 -1.5704828963e-01
-6.0372950272e-02 -2.3054963587e-02 -5.2196288934e-02
8.1150240686e-05 -7.7586124104e-02 1.3277709432e-01
1.8551835775e-02 -1.0419343271e-01 1.2920110931e-01
1.0377395726e-02 -1.1199356668e-01 1.5072702624e-01
7.9403791324e-03 -1.3525408249e-01 1.6318828388e-01
1.1117650553e-02 -1.5070621358e-01 1.7264683762e-01
-3.9660267313e-02 -1.4408430069e-01 1.8840332570e-01
-1.9231763499e-02 -1.9034439850e-01 2.2198154217e-01
-1.2141744644e-01 -2.9198822401e-01 2.7677144498e-01
-2.1953042986e-01 -4.3092846460e-01 2.9131178032e-01
-3.3621894603e-01 -4.4833331899e-01 2.5923305775e-01
-2.6357664301e-01 -4.4518110104e-01 1.3833723110e-01
-2.7754477827e-01 -3.5744657271e-01 -3.2774801101e-02
-1.6265856203e-01 -1.9641659087e-01 -1.0670212287e-01
-5.4476425302e-02 -2.5875765376e-02 -1.3705608830e-01
-4.7598440048e-02 -1.6150669291e-02 -5.4753598415e-02
2.7601591178e-02 -5.2318238208e-02 8.4542525132e-02
5.9431937383e-02 -6.4918043954e-02 8.3085549677e-02
5.1757101302e-02 -9.9903728594e-02 1.1697170524e-01
6.5581145535e-02 -1.2481807408e-01 1.1063527760e-01
1.0344003166e-01 -1.5916501791e-01 1.0660141485e-01
1.0587028092e-01 -1.4546515250e-01 7.8790740651e-02
1.3558702884e-01 -1.8647698671e-01 8.5027984252e-02
9.8646597108e-02 -1.8021208387e-01 8.3980922066e-02
1.0033065841e-01 -2.0771977833e-01 9.0774837000e-02
6.8748749663e-02 -1.8745011153e-01 9.5960960943e-02
8.2907382282e-02 -2.3546785014e-01 1.1849161582e-01
2.4229271469e-02 -2.5838400194e-01 9.3761914251e-02
3.4207266729e-02 -1.6798870369e-01 7.1731392288e-02
6.3810843741e-02 -1.1094904517e-01 -1.3297524424e-02
2.5327034080e-02 -8.1448522241e-02 -6.6810178414e-02
3.9883837428e-02 -4.8829666873e-02 7.9914966391e-02
5.7747730745e-02 -7.0681134789e-02 7.8937807596e-02
5.4639404439e-02 -9.7324052561e-02 1.1258006045e-01
7.5173008436e-02 -1.3085489043e-01 9.9166839567e-02
8.4239280367e-02 -1.5668638171e-01 9.4948361164e-02
8.4207452521e-02 -1.4971010329e-01 7.4183583047e-02
1.0456860345e-01 -1.8113154664e-01 7.7287116528e-02
8.9171475070e-02 -1.9584245146e-01 6.4979409715e-02
9.4970704899e-02 -2.3687397553e-01 8.1196101296e-02
7.2118755708e-02 -2.0393803915e-01 7.7961683999e-02
5.9275956214e-02 -2.3724553360e-01 9.9707820361e-02
3.7509251865e-02 -2.4591817432e-01 1.0240841403e-01
7.2821509721e-02 -2.2143858599e-01 1.0955735439e-01
1.0706930520e-01 -1.3039952072e-01 1.4305249863e-02
6.5054988114e-02 -7.6395890474e-02 -5.1833616485e-02
3.2340804548e-02 -5.4846733814e-02 6.8249887465e-02
6.1971335400e-02 -8.5221072346e-02 7.6563900602e-02
5.7022459048e-02 -1.3240512199e-01 9.2324935956e-02
8.4129082059e-02 -1.7481889468e-01 9.3284939612e-02
1.2121787667e-01 -2.0073552793e-01 1.0350319373e-01
1.0886739066e-01 -1.5666782502e-01 6.5267480898e-02
1.2680240696e-01 -1.8767042432e-01 6.9015847208e-02
1.1947086792e-01 -2.1510468611e-01 6.4757498724e-02
1.4398129785e-01 -2.5776264644e-01 8.5852592144e-02
1.8080594110e-01 -2.6434291874e-01 9.6608602569e-02
4.4656174701e-01 -3.0615217315e-01 1.4837832678e-01
7.3226680775e-01 -2.4108593917e-01 -2.7991322064e-02
3.6542508956e-01 -1.7605739685e-01 -1.3860115636e-01
1.2403789525e-01 -8.7912252261e-02 -6.3289376062e-02
2.9945577317e-02 -5.4379206704e-02 -7.0506166375e-02
4.9072796298e-02 -7.0795378356e-02 7.5792860872e-02
8.5560790091e-02 -1.2140428142e-01 8.8251926013e-02
9.2097365236e-02 -1.7151718971e-01 1.0428585797e-01
1.2606201721e-01 -2.3820324573e-01 1.3075643231e-01
1.3664840305e-01 -2.1570601083e-01 9.2760993044e-02
1.3503871646e-01 -2.0706448848e-01 8.0878282807e-02
1.8677263075e-01 -2.0166489265e-01 1.2298878887e-01
3.8258662078e-01 -2.2864425465e-01 2.1570652283e-01
6.3579247667e-01 -3.4422402578e-01 3.1368683580e-01
6.3068235816e-01 -3.9932253861e-01 3.7213313242e-01
1.2262208650e+00 -4.3928057128e-01 4.4824675390e-01
1.7808580541e+00 -4.8324108031e-01 -8.2296257450e-01
9.1635181556e-01 -3.9768967466e-01 -1.5819155653e+00
2.2706815802e-01 -1.6604520729e-01 -3.6293069248e-01
2.1187174832e-02 -5.8009395806e-02 -9.1354835980e-02
5.0495618508e-02 -8.5473398535e-02 1.0299710133e-01
9.4898184867e-02 -1.3421149806e-01 1.1631646800e-01
8.7197394136e-02 -1.7873859570e-01 1.2613780209e-01
1.1606037400e-01 -2.4895970256e-01 1.5306987924e-01
1.4567485226e-01 -2.2118370712e-01 1.2116846285e-01
2.7901559413e-01 -1.7931875673e-01 1.9355981632e-01
6.5216240980e-01 -2.7123915410e-01 4.3018185664e-01
9.2627822204e-01 -3.8615278619e-01 5.3070146447e-01
9.1620503872e-01 -5.0355263929e-01 4.1744583531e-01
5.1066146392e-01 -3.8700311266e-01 3.5794353220e-01
-2.9397613642e-01 -2.3670845767e-01 2.9590316497e-01
-1.1765085554e+00 -1.2100293215e+00 -6.6273548499e-01
-4.4434215601e-02 -1.7337935549e+00 -1.6963415284e+00
5.4705613613e-01 -6.3653923211e-01 -7.9722754079e-01
6.9561212948e-02 -8.6380325384e-02 -1.6870194297e-01
4.2710866631e-02 -1.0068010253e-01 1.2293156665e-01
7.6808365284e-02 -1.3648848576e-01 1.2937826212e-01
6.5258181332e-02 -1.9823630821e-01 1.4225141535e-01
9.3609206124e-02 -2.4677213448e-01 1.6373569951e-01
2.4886150036e-01 -1.9090918134e-01 2.8529869334e-01
6.2161092038e-01 -2.4177304194e-01 5.6361343951e-01
6.8529980833e-01 -3.2882720098e-01 5.2933878760e-01
3.6925910371e-01 -3.7553895363e-01 2.8614509260e-01
1.7083575932e-01 -2.9439427714e-01 2.1147237219e-01
2.4350673758e-02 -2.8963264166e-01 2.7349781101e-01
-5.3379577369e-01 -2.2389376641e-01 1.4639267148e-01
-6.3092816471e-01 -1.5236692421e+00 6.5676695130e-01
1.0188875437e+00 -2.2572013554e+00 -7.5886195230e-02
1.3050113802e+00 -9.0588339218e-01 -1.4431719228e+00
2.0006271328e-01 -6.4001797461e-02 -5.0638698936e-01
4.8227336286e-02 -1.0897633771e-01 1.2445659946e-01
7.8243459566e-02 -1.3416908736e-01 1.1684937605e-01
6.0425136964e-02 -1.7206665810e-01 1.3270945033e-01
1.4536805183e-01 -2.3737810917e-01 2.6317718784e-01
4.2523978634e-01 -3.3817668937e-01 5.7743182789e-01
4.0123338002e-01 -2.3585514939e-01 4.3023008061e-01
-2.2723529754e-02 -8.3514974512e-02 -1.0829918681e-03
-6.7910306253e-02 -1.2613862937e-01 5.5160775078e-02
-3.6218230686e-02 -9.5493727131e-03 8.6893663450e-02
-3.4979196740e-02 -1.6996133950e-01 1.8378002487e-01
-1.0561164558e-01 -2.4002675077e-01 1.8452126732e-01
-5.3937720188e-02 -1.0399294281e+00 8.8716953448e-01
5.4722913482e-01 -1.0193311795e+00 3.2090792640e-01
8.0658031782e-01 -2.8889456653e-02 -1.6605244257e+00
2.4781076268e-01 2.7968243452e-01 -1.0870493167e+00
5.1254949382e-02 -1.2000564479e-01 1.3590087131e-01
8.9120689703e-02 -1.5547302511e-01 1.3832056100e-01
6.4323981646e-02 -2.2569237792e-01 1.7964523886e-01
1.6552394937e-01 -4.1199967141e-01 4.2208414675e-01
2.4659449877e-01 -4.5857929441e-01 4.0153146539e-01
-8.8816983452e-02 -1.1644168280e-01 -7.2668231344e-02
-2.0440898886e-01 -8.9636346925e-03 -1.0887651278e-02
-1.7511624047e-01 -2.6267208926e-02 9.1317686545e-02
-7.0622439028e-02 -3.7184351644e-02 6.1059839381e-02
-1.5626289114e-03 -1.4807463884e-01 1.2717094053e-01
-1.5126172536e-02 -3.6853695540e-02 2.2185048937e-02
-1.8760929149e-01 -2.3638191413e-01 2.4155642914e-01
-2.0488781262e-01 -1.0484122835e+00 1.2364596135e+00
3.1387627456e-02 4.3324248956e-01 -6.6367370851e-01
8.9543364078e-02 7.5605668339e-01 -1.2711473356e+00
3.2711053742e-02 -9.8118991653e-02 1.3857662944e-01
5.9325360932e-02 -1.3303374616e-01 1.3514139220e-01
5.6540453474e-02 -2.3026331659e-01 2.0553662941e-01
5.2708517969e-02 -3.7464991522e-01 2.7330431408e-01
5.7229310033e-03 -2.6116859019e-01 -5.7123265557e-02
1.3663152702e-01 8.9682117510e-02 -2.3104090551e-01
4.6784318988e-02 8.9002999206e-02 3.9536972779e-02
-1.6742573395e-01 2.4396234866e-02 8.3066564532e-02
-4.2478391123e-02 3.7292223829e-02 8.2653672730e-02
-6.8363470963e-03 -1.5813977690e-01 1.5882608550e-01
1.9792928585e-02 -1.1333413854e-01 8.6200944514e-02
-1.0232811363e-01 -2.9112806829e-01 5.6598781758e-02
-4.9335550284e-01 -6.3605168678e-01 6.3011531684e-01
-3.1707072040e-01 7.3581642984e-01 -5.6856245101e-01
-1.2048995791e-01 8.7496169953e-01 -1.1227292573e+00
7.2725960431e-04 -6.3932744306e-02 1.2025703271e-01
2.6399877418e-02 -7.6623660833e-02 1.2387220029e-01
-3.5727383051e-03 -1.2386852317e-01 1.5584681418e-01
-7.4677536126e-03 -1.5522852291e-01 1.0031789569e-01
4.7420830847e-02 -1.2309160502e-01 -1.0626312421e-01
2.1852377721e-01 -2.0907512310e-02 -1.0837137020e-01
2.1140169509e-01 6.9472336648e-02 -2.1006779011e-01
-7.8617680069e-03 3.9084684069e-02 2.3276672336e-02
5.1921989780e-02 7.0207190100e-03 1.6327941094e-03
-3.0492338777e-02 -1.3853291362e-01 1.5649510889e-01
-3.3838456294e-03 -1.8861393853e-01 1.8652952672e-01
-1.2645011813e-01 -3.8541516344e-01 2.7974710390e-01
-5.4805587187e-01 -1.1219046005e-01 -1.7348767022e-01
-6.6774652777e-01 5.9405538384e-01 -8.6843478627e-01
-2.7235485985e-01 3.8376698342e-01 -6.0283505590e-01
3.1970722812e-03 -5.2661684914e-02 1.0429216769e-01
2.5754787530e-02 -6.3878919220e-02 1.0187230760e-01
6.7238407463e-03 -6.7147456423e-02 1.1987188451e-01
1.8413979146e-03 -1.1802510145e-01 1.2871010654e-01
-3.0163241271e-04 -1.9189468232e-01 1.0645457317e-01
-2.6248542296e-02 -1.3441067582e-01 -1.2529884187e-02
-7.7033127040e-02 2.9345188564e-02 -2.0783471990e-01
-2.3401144568e-02 -2.9623280674e-02 1.4217328554e-01
2.0259536202e-02 -8.4204227329e-02 2.3479069782e-01
-4.9540982166e-02 -2.5779072249e-01 3.4760562670e-01
-6.2783000339e-02 -2.7587201161e-01 2.4596828955e-01
-3.1924782586e-01 -4.4913999235e-01 2.1646141110e-01
-9.7150494153e-01 -6.2694525474e-01 -1.9787031683e-01
-6.9972751228e-01 -1.9908831149e-02 -6.3681004395e-01
-1.0362668420e-01 -4.8252159835e-04 -1.7056155512e-01
-4.9786683689e-03 -5.6425079060e-02 9.5317718233e-02
2.5998142871e-02 -7.4690789099e-02 9.2556082789e-02
1.4736754573e-02 -7.9322565796e-02 1.1286894887e-01
1.3947614447e-02 -1.0104702859e-01 1.3269123253e-01
3.4461797150e-02 -1.2141123115e-01 1.2564785251e-01
2.0857076046e-02 -1.3580043020e-01 4.4428150287e-02
-5.6303345125e-02 -2.5113780809e-01 4.8766486594e-02
4.6335059603e-02 -3.4390919178e-01 3.1357462405e-01
9.3297946078e-02 -4.3591483779e-01 5.0644478122e-01
-1.3284476644e-01 -6.3861926777e-01 4.7670163822e-01
-1.7023078025e-01 -5.9741762526e-01 2.6825991374e-01
-3.9996846140e-01 -6.4725893140e-01 3.7311151520e-02
-6.8496296592e-01 -8.6073998873e-01 -6.5458543251e-01
-2.6214580010e-01 -2.9786237053e-01 -5.2800966068e-01
-1.6662175734e-02 -6.8056694652e-02 -6.7398922753e-02
-1.2391133874e-02 -5.3105071319e-02 1.0024821646e-01
2.4619041261e-02 -8.2949898188e-02 1.0293535382e-01
1.6803372600e-02 -8.8882486479e-02 1.1448976262e-01
2.0747200445e-02 -1.0362769118e-01 1.3465179903e-01
2.4958857554e-02 -1.1165912009e-01 1.5762967042e-01
-3.4178982595e-02 -1.5630550800e-01 1.6487414924e-01
-1.1474166365e-01 -3.3110080464e-01 2.9633865791e-01
-8.0540783572e-02 -5.3207085451e-01 6.2252997556e-01
-1.0002376884e-01 -7.9865089162e-01 7.4275270779e-01
-3.6054371560e-01 -1.0131729347e+00 6.3958687042e-01
-4.9248164662e-01 -1.0757334314e+00 3.2724310863e-01
-7.1345239794e-01 -1.2671829322e+00 -9.5133742608e-02
-4.1436933373e-01 -8.8263821372e-01 -6.0980896672e-01
-5.5569081596e-02 -2.5460196392e-01 -3.0154312068e-01
-2.2116348678e-02 -4.6200525930e-02 -4.0876964908e-02
-1.0472452325e-02 -5.5145768216e-02 1.0083962548e-01
1.7628123776e-02 -7.8034417922e-02 1.0143545885e-01
2.3785594176e-02 -9.9150191411e-02 1.1948524391e-01
1.2659734814e-02 -1.1977524837e-01 1.3896579573e-01
1.0698044119e-02 -1.2624230563e-01 1.5689691749e-01
-1.6597131391e-02 -1.1735920974e-01 1.9781838460e-01
-3.9351623102e-02 -2.3706045879e-01 2.6118009062e-01
-1.6250831410e-01 -4.6261980484e-01 4.4093645956e-01
-2.3216625251e-01 -7.8215323175e-01 6.0039950832e-01
-3.4487907343e-01 -1.0785495791e+00 5.6996345813e-01
-4.5733421122e-01 -1.1910878417e+00 2.5285010362e-01
-6.1695916562e-01 -1.1112253774e+00 -5.2406859238e-02
-2.6014937178e-01 -5.0611094391e-01 -1.8998372458e-01
-1.2714759818e-02 -1.5165279589e-01 -8.0453090013e-02
-2.3761843489e-02 -6.0003318832e-02 -2.0212779772e-02
-7.4730865885e-03 -5.3233745931e-02 1.0979479571e-01
1.9039845338e-02 -6.4912719388e-02 1.0408836146e-01
6.1972020102e-03 -7.5635139727e-02 1.1632925811e-01
-1.5904405133e-02 -9.5763362371e-02 1.2475283800e-01
7.9641748926e-03 -1.1258900709e-01 1.4131603607e-01
-1.6062437461e-02 -1.0228922808e-01 1.5890683826e-01
-6.7061495407e-03 -1.3594535021e-01 1.9609514512e-01
-8.7331691389e-02 -2.0291823448e-01 2.2962531697e-01
-1.2785440674e-01 -3.5823981561e-01 2.8366316338e-01
-1.7138579730e-01 -4.5332765197e-01 2.6400681049e-01
-1.8790382234e-01 -5.4861140845e-01 1.3597208106e-01
-2.5058535476e-01 -4.5790532613e-01 4.5951659385e-02
-1.1872053218e-01 -2.4868995647e-01 -2.8479631301e-02
-1.1954400560e-02 -1.2363654817e-01 -6.7180260953e-02
-4.2829188621e-02 -5.7155705282e-02 -3.6138817145e-02
8.7543623931e-03 -6.5959955397e-02 1.1297459542e-01
3.0393242164e-02 -8.6695251478e-02 9.5356121614e-02
2.4620443057e-02 -9.6385590980e-02 1.2302095970e-01
5.9005563674e-03 -1.1630268586e-01 1.3203252243e-01
2.6614862658e-02 -1.3469550081e-01 1.4758189961e-01
-3.9300569067e-03 -1.4144489782e-01 1.5464732197e-01
1.2634197018e-02 -1.5617934928e-01 1.8252770882e-01
-1.8543915635e-02 -1.6186936409e-01 1.8756382826e-01
-1.5730230017e-02 -1.9190927464e-01 1.9053759951e-01
-3.1445804320e-02 -2.1127753842e-01 1.7239077370e-01
-2.1682866386e-02 -2.3361593401e-01 1.5300137834e-01
-7.6364243576e-02 -2.3575731956e-01 8.4579706192e-02
-6.5086882732e-02 -1.5754353106e-01 8.6283968097e-03
-1.2123980474e-02 -4.4272393227e-02 -7.7200603776e-02
-2.1552616232e-02 -5.6251036515e-02 -2.3414398609e-02
3.4689517843e-02 -4.7291545829e-02 5.4169913550e-02
6.9603940990e-02 -6.4074230374e-02 6.2873847631e-02
5.1240987535e-02 -8.8578693787e-02 7.8814748880e-02
5.8187882249e-02 -9.8005204296e-02 8.9600681783e-02
6.3039754932e-02 -1.1367866498e-01 7.0582055868e-02
8.0046735847e-02 -1.1149956021e-01 5.4688177868e-02
9.6287919733e-02 -1.4212070582e-01 5.3109665777e-02
6.3664278319e-02 -1.3799706585e-01 5.8769294592e-02
5.4300740284e-02 -1.5461266719e-01 5.9343691534e-02
4.7117787800e-02 -1.4743387074e-01 6.5269577070e-02
5.0657501565e-02 -1.7789497776e-01 8.9295832289e-02
-1.4522980895e-04 -1.5997281796e-01 7.9166612259e-02
-4.3594456411e-03 -1.1612183634e-01 8.3446893159e-02
3.8648495614e-02 -7.9909035050e-02 1.3943976636e-02
1.6512693925e-02 -5.7788152387e-02 -4.7608639154e-02
3.9578601290e-02 -4.8425239647e-02 5.3054232282e-02
5.6163491352e-02 -7.3556506383e-02 6.2112043333e-02
5.2320417004e-02 -8.6478025127e-02 7.6706373191e-02
6.9086223586e-02 -1.1198506568e-01 8.2962046090e-02
5.9753364588e-02 -1.1979782948e-01 6.9153490760e-02
5.8704907672e-02 -1.1261482786e-01 5.0725405422e-02
6.2340305552e-02 -1.3241172744e-01 4.8930918367e-02
6.6852995952e-02 -1.4749540005e-01 4.9717035138e-02
4.7843737854e-02 -1.5806530156e-01 5.2148947079e-02
4.2594603679e-02 -1.4492582718e-01 5.1851861185e-02
2.4922520651e-02 -1.5901243571e-01 6.9805905312e-02
2.2390832172e-02 -1.6417851376e-01 8.1176789337e-02
2.6033166521e-02 -1.4373550060e-01 9.1857486152e-02
5.3197086697e-02 -9.1130276411e-02 2.7431852467e-02
5.3274678192e-02 -5.0207136200e-02 -3.5322315234e-02
3.6430006956e-02 -5.5893380544e-02 3.9971608915e-02
6.9594962806e-02 -9.7788720261e-02 5.2771318231e-02
5.8837692538e-02 -1.1483252187e-01 6.9236964395e-02
7.5944233007e-02 -1.3966021945e-01 7.3907561678e-02
8.6642426628e-02 -1.4143992003e-01 6.4089086450e-02
7.3491629079e-02 -1.1233071563e-01 3.8675012636e-02
7.5352105979e-02 -1.2647386009e-01 3.2768950665e-02
7.7038959748e-02 -1.4834005639e-01 3.1955629273e-02
7.1370792333e-02 -1.6548497351e-01 3.3267998535e-02
9.1000806155e-02 -1.5353574273e-01 4.4696463640e-02
2.6083056975e-01 -2.2023214529e-01 1.2927333294e-01
4.6925021024e-01 -2.4130604507e-01 -7.9803641161e-03
2.0066708725e-01 -1.6399255449e-01 -6.9799269374e-02
7.8827232984e-02 -7.9128976725e-02 -2.0537541248e-02
2.8362305902e-02 -3.1909194156e-02 -6.5103052838e-02
5.1511342028e-02 -6.9525285619e-02 5.2815157905e-02
8.3785109612e-02 -1.2325289599e-01 7.1238981792e-02
7.4716540840e-02 -1.3704088680e-01 7.8738602967e-02
8.6161933849e-02 -1.6258528312e-01 8.0511607708e-02
8.2860404645e-02 -1.3017767444e-01 5.2207783082e-02
8.3623882689e-02 -1.3385248758e-01 4.1612964280e-02
8.5146209855e-02 -1.6689464695e-01 5.0270375836e-02
1.1741831712e-01 -2.1678098379e-01 7.1484918643e-02
1.7260569055e-01 -2.7952238787e-01 1.1971186927e-01
3.2444100980e-01 -3.2000003990e-01 2.4173925251e-01
1.2088893506e+00 -6.1654117823e-01 5.1317633862e-01
1.7416624541e+00 -7.5671062880e-01 -5.9094490187e-01
6.3828837917e-01 -3.2921200609e-01 -1.1519993930e+00
1.0986202268e-01 -1.0112055472e-01 -2.1242915514e-01
2.0599632212e-02 -5.1856400213e-02 -8.0660285860e-02
4.1047462805e-02 -7.4760239368e-02 6.7455197092e-02
8.1363582079e-02 -1.2102034832e-01 7.6496739708e-02
7.4040742432e-02 -1.4362663642e-01 9.1435568605e-02
7.5286721574e-02 -1.6036968979e-01 8.4119457805e-02
7.0712359930e-02 -1.4172960494e-01 5.8617166266e-02
8.8004373077e-02 -1.6228527234e-01 4.8419656955e-02
1.2768936259e-01 -2.4741794138e-01 7.8441496477e-02
1.5331583551e-01 -3.3943954356e-01 1.0639971353e-01
2.6472875973e-01 -5.4873488394e-01 2.5721696952e-01
3.2880336035e-01 -4.3162134061e-01 4.0804737595e-01
1.0743879359e-01 -1.3695113753e-01 2.5289134107e-01
-5.5827186566e-01 -3.2073813873e-02 -1.1824851183e+00
-3.9935798756e-01 -5.2760825261e-02 -1.9013165799e+00
1.2264192688e-01 -1.8165381174e-01 -4.0009209475e-01
2.8980989196e-02 -7.0189788702e-02 -9.2410228479e-02
4.2143367085e-02 -9.0117648409e-02 9.4772598971e-02
7.4073004369e-02 -1.2065313375e-01 9.2876442780e-02
5.3677138876e-02 -1.2920343152e-01 9.5283130252e-02
4.0748426851e-02 -1.6892883600e-01 9.3211591095e-02
3.8832287198e-02 -1.8611244747e-01 1.0032813526e-01
6.4907985761e-02 -2.2466830152e-01 8.5904962654e-02
8.6719541333e-03 -2.7677033601e-01 7.3819760292e-02
-6.1047026349e-02 -3.0440162705e-01 8.2773117127e-02
9.1483017432e-02 -3.6006564348e-01 1.4417363682e-01
1.0821498859e-01 -3.0399136854e-01 3.4018161781e-01
-6.6320030188e-01 5.4265519552e-01 -9.5518863464e-02
-1.1557392359e+00 6.5616845164e-01 -4.4720358093e-01
-3.1658018075e-03 -3.7671950185e-01 -3.7161010859e-01
6.9742514077e-01 -7.9459427468e-01 -3.7841441476e-01
1.4856080028e-01 -1.4256967452e-01 -2.4855453922e-01
4.6908781255e-02 -1.0087818376e-01 9.7266445733e-02
7.5267633801e-02 -1.3172806164e-01 9.8519682353e-02
4.4305077979e-02 -1.4379218958e-01 1.0745700374e-01
4.5511469174e-02 -1.8663757961e-01 1.2642885671e-01
2.1670693294e-02 -2.1867331394e-01 1.2632419747e-01
-1.9363739387e-02 -1.8309714525e-01 2.1975898395e-02
-1.4215288311e-01 -1.3151637900e-01 -2.8875614872e-02
-1.2565292581e-01 -6.1546036486e-02 7.4585611304e-02
-1.3115202774e-01 2.2497745905e-01 -1.8772915471e-01
-1.8304895861e-02 -1.1101920828e-03 -9.0879566958e-03
-1.7465437315e-01 3.1898751123e-01 -3.8891031492e-02
-1.4707759288e-01 3.8811304227e-02 2.2364457579e-01
6.9002141125e-01 -1.4895646179e+00 9.3587131654e-01
1.2760518388e+00 -1.4479512721e+00 -5.6391490326e-01
5.0086468931e-01 -1.2506881577e-01 -9.2210813450e-01
5.0504556988e-02 -1.1362844038e-01 1.0553959473e-01
7.7547760220e-02 -1.4578181368e-01 1.1637043527e-01
3.8095812200e-02 -1.6390618026e-01 1.2146891625e-01
2.7258627307e-02 -2.1275061709e-01 1.5051058918e-01
-1.4788756622e-02 -2.0415622836e-01 1.0723459124e-01
-6.5605413996e-02 -4.0637979847e-02 2.6942175618e-03
-8.4580926890e-02 -4.8060562043e-02 8.5073833729e-02
-5.3570854205e-02 4.6399262246e-02 -8.2881063783e-02
-1.4871635630e-01 3.5043047038e-01 -1.8507933770e-01
-8.6243951210e-02 2.0884622217e-01 -5.3604887161e-03
-6.8010450097e-02 9.3835370969e-02 1.2164891432e-01
-3.4754052719e-02 -3.6551179008e-01 4.6724883591e-01
1.5399673807e-01 -1.5325316309e+00 1.4734067078e+00
7.2999256463e-01 -8.6064870792e-01 -2.4718681818e-01
5.8121345989e-01 3.1010092270e-01 -1.9392059539e+00
3.1270312771e-02 -9.1759762973e-02 9.9470308171e-02
5.8045058022e-02 -1.2804558836e-01 1.1099827194e-01
4.0224401333e-02 -1.3325992111e-01 1.0586818303e-01
1.4938183929e-02 -1.6149601166e-01 1.2378058602e-01
-1.6783326340e-03 -1.3840210131e-01 8.6849695343e-02
4.1615976874e-02 -4.9754681722e-02 9.3412956396e-02
-1.1513624951e-01 -9.2320831414e-02 1.8218149943e-01
-1.5729495540e-01 1.8512009753e-01 -2.5289943019e-02
6.1675177018e-03 4.0276701318e-01 -1.0152550144e-01
4.9738050487e-02 1.7840061728e-01 1.2005985357e-01
7.6031633318e-03 1.0131394069e-02 8.5497258973e-02
-8.7359255564e-02 -2.3307475372e-01 2.0881571798e-01
-8.2482746572e-02 -3.3468311469e-01 8.2809814351e-01
-1.0316560836e-01 2.1050038743e-01 -2.9980616821e-01
-3.7304498532e-01 7.0016015052e-01 -2.4244461185e+00
-2.1568179240e-05 -6.0103800302e-02 8.4477748225e-02
2.5860746227e-02 -7.9977563409e-02 1.0122874770e-01
1.4789123780e-02 -8.4513898259e-02 9.9570739711e-02
1.1335600946e-02 -9.5985310815e-02 1.1018006018e-01
1.7631577687e-02 -1.1512825150e-01 1.0530543903e-01
8.2306278473e-02 -1.4401918253e-01 8.3635981822e-02
5.1717450194e-02 -1.0571322712e-01 6.1088477458e-02
-3.4981406481e-02 1.6863536060e-01 9.1405325168e-02
7.0294406999e-02 1.7010817958e-01 -1.9207449709e-01
5.1830853494e-02 -9.5881784719e-02 1.7366807829e-01
2.9553486594e-02 -3.1741249854e-01 1.9616393135e-01
-1.0909296014e-01 -4.5656394531e-01 1.2924940234e-01
-6.5897577571e-01 -7.0712733561e-02 -1.7355295733e-01
-1.3590753290e+00 2.2413975486e-01 -1.0868538026e+00
-9.7698651162e-01 3.1630647566e-01 -1.4755623721e+00
5.6126249751e-03 -5.1040878651e-02 7.9388606023e-02
2.6588281597e-02 -7.3053933566e-02 8.0383032021e-02
1.6403802637e-02 -7.6738091278e-02 8.7011113862e-02
2.5329781623e-02 -8.4072603288e-02 1.0556790801e-01
7.9581171479e-03 -1.0130578472e-01 1.0864179080e-01
-3.3628312873e-03 -1.1710534419e-01 7.3022024192e-02
-2.8609459322e-03 -7.4618474005e-02 7.3604526637e-02
-1.1659779011e-02 -2.6792125450e-02 1.9729634739e-01
1.6030005995e-02 -6.1340374358e-02 1.2218496585e-01
3.8176766565e-02 -2.4901392186e-01 4.8183797044e-01
-2.5293815357e-01 -6.1534398599e-01 4.3776687139e-01
-6.1988719307e-01 -9.2042387607e-01 1.2048213868e-01
-1.3315460219e+00 -6.9222275519e-01 -5.2618595945e-01
-1.3895529384e+00 -2.1967782792e-01 -8.1345448539e-01
-3.6605780773e-01 -1.2217003814e-02 -3.1431123792e-01
1.4668145795e-03 -5.5322858588e-02 7.1212819735e-02
2.7081247165e-02 -7.8745950901e-02 7.1780080474e-02
1.7389967229e-02 -8.9912746968e-02 8.3526309217e-02
2.1940769061e-02 -9.7453277367e-02 9.7090101169e-02
1.6823929435e-02 -1.0155609288e-01 9.1950489707e-02
1.7980001981e-03 -9.1781719066e-02 8.3055243365e-02
1.3549721182e-02 -1.1553613233e-01 8.6069340152e-02
1.3469013975e-02 -1.7950297124e-01 1.5223851722e-01
1.0116611308e-03 -3.0902043614e-01 3.8429370269e-01
-9.9123268063e-02 -6.3480816078e-01 6.1460747789e-01
-5.0518532180e-01 -1.0040637547e+00 3.6187529897e-01
-8.6692566841e-01 -1.0635501655e+00 -4.7242945903e-02
-6.5571277592e-01 -6.4841165054e-01 -3.1462869991e-01
-3.0849632513e-01 -1.7826198524e-01 -2.0774507073e-01
-3.8588142807e-02 -4.1759536580e-02 -3.9054402362e-02
-2.4099677783e-03 -4.9701902566e-02 7.6737006656e-02
2.7257110265e-02 -8.3911675623e-02 8.7391051653e-02
2.2066813881e-02 -9.1893965641e-02 9.2029557477e-02
2.0530851517e-02 -1.0007702777e-01 1.0005329879e-01
1.5830275405e-02 -9.9107562413e-02 1.0530524541e-01
-3.2956209579e-04 -8.1422672557e-02 1.1005854628e-01
3.7528580418e-03 -1.2123490403e-01 1.4397544118e-01
-1.5266529770e-02 -1.7453195836e-01 2.0095929286e-01
-1.6271975096e-02 -3.3987691100e-01 3.0769106351e-01
-1.3114264973e-01 -6.1647217967e-01 3.9815669795e-01
-3.2982107659e-01 -9.3927416741e-01 2.8565773560e-01
-4.7039623968e-01 -8.5831555064e-01 -1.3458538496e-02
-1.9011534992e-01 -4.1201933343e-01 -1.1243331129e-01
1.7870666126e-02 -1.0940806693e-01 -4.2192122708e-02
-8.5757922709e-03 -4.0415603783e-02 -4.4025211425e-02
-9.6869888859e-03 -4.9002047846e-02 7.3190274038e-02
2.0246525671e-02 -8.1256198363e-02 8.3840126256e-02
1.2314211381e-02 -9.9722426430e-02 9.7611153843e-02
1.2680672359e-02 -1.0668275489e-01 9.7502594148e-02
-5.4173952529e-03 -1.0291483394e-01 1.0053582438e-01
-1.5349556100e-02 -9.7883819588e-02 1.2174450147e-01
2.2883796590e-03 -1.2562282632e-01 1.4714269834e-01
-3.1681327026e-02 -1.4837522931e-01 1.6112467370e-01
-4.2588375186e-02 -2.3160297916e-01 1.5851036437e-01
-1.0722276380e-01 -3.3259933212e-01 1.8671571340e-01
-1.3111539579e-01 -4.4680562544e-01 1.8543780472e-01
-1.7376659020e-01 -3.6702605341e-01 8.7858931376e-02
-5.5415159107e-02 -1.9698467430e-01 3.4554028276e-02
1.6239308868e-02 -8.6404163114e-02 -2.0644400941e-02
-2.2403072834e-02 -6.1863177473e-02 -3.6562369810e-02
-5.9622134831e-03 -4.6717809219e-02 8.6559363114e-02
1.5546168757e-02 -6.7775017348e-02 8.8840179651e-02
6.0743734760e-03 -7.4475360362e-02 9.5939203825e-02
1.7052997349e-03 -8.9995384466e-02 1.0466633788e-01
-5.5285876264e-03 -9.3361953393e-02 1.0779014335e-01
-1.2036217735e-02 -9.6435181559e-02 1.2313082728e-01
8.5745773244e-03 -1.1072075394e-01 1.3783285692e-01
-2.3250495757e-02 -1.1011752161e-01 1.4638710665e-01
-7.9187101380e-03 -1.3707344182e-01 1.3894633133e-01
-3.0266448191e-02 -1.5798977308e-01 1.3486115644e-01
-1.2822823899e-02 -2.2416026198e-01 1.4590828064e-01
-6.4434339010e-02 -1.9441686993e-01 1.2925016690e-01
-6.4694282684e-02 -1.8614747628e-01 9.9613011473e-02
-2.2812825951e-04 -1.2110579166e-01 2.9253264988e-03
-3.0788973619e-02 -5.8013258109e-02 -5.3309327688e-02
1.6084396871e-02 -6.0546089360e-02 9.3914090658e-02
3.6871125504e-02 -8.3950276825e-02 8.0863444951e-02
2.9549074030e-02 -8.9437242629e-02 9.5827131903e-02
1.8762890746e-02 -1.0041919592e-01 1.0269562585e-01
1.7949410991e-02 -1.0838996092e-01 1.1367002333e-01
1.6844553467e-03 -1.1966782395e-01 1.2733005041e-01
1.5620168964e-02 -1.2788945417e-01 1.3735663987e-01
-9.4192653018e-03 -1.3651743921e-01 1.5165204159e-01
1.0990391984e-02 -1.4720833162e-01 1.4883718245e-01
-2.2354646677e-03 -1.6254770325e-01 1.4299785331e-01
2.3658668240e-03 -1.8960970499e-01 1.4085862030e-01
-5.0596308853e-02 -1.8724815345e-01 1.3359561435e-01
-5.8013779307e-02 -1.6762088960e-01 1.0703790456e-01
-7.7862641402e-03 -8.3925060840e-02 -4.5191475989e-03
-2.4095042940e-02 -3.9177471469e-02 -3.2570144993e-02
1.8910337067e-02 -4.1479999704e-02 3.4407971307e-02
5.1392855079e-02 -5.5614857199e-02 3.6426399368e-02
3.8077342521e-02 -7.5273306552e-02 5.8894055637e-02
3.3940008803e-02 -8.6659275774e-02 5.9405163888e-02
4.6390135808e-02 -9.0938939345e-02 4.5799950461e-02
5.8033891629e-02 -9.4305612595e-02 2.5273363855e-02
7.5930196493e-02 -1.2602573714e-01 3.8011816949e-02
3.6532427657e-02 -1.2723788667e-01 3.9210603109e-02
3.9897722879e-02 -1.2927351549e-01 4.4273290874e-02
1.7080127642e-02 -1.1590449524e-01 3.9321041199e-02
3.0169949708e-02 -1.4479006775e-01 8.1115813373e-02
-3.2092666497e-02 -1.4891864482e-01 8.2647766503e-02
-4.0981317051e-02 -1.1365145443e-01 9.0159839208e-02
1.7060046233e-02 -6.7219276077e-02 2.1592733664e-02
2.8338807472e-02 -6.9722090853e-02 -1.6151520058e-02
3.0702272870e-02 -3.7930033716e-02 2.6702952749e-02
5.5128805014e-02 -6.8389244845e-02 3.4160500391e-02
5.1296149474e-02 -7.6247467482e-02 5.4884605283e-02
6.0547806444e-02 -1.0177632558e-01 5.5739191905e-02
5.8874470944e-02 -1.0546499455e-01 4.6504757150e-02
5.8728310461e-02 -1.1196213901e-01 3.3155626346e-02
6.3814141242e-02 -1.2956826038e-01 3.8812922988e-02
5.3610636987e-02 -1.5346645743e-01 3.4784427256e-02
4.7858995691e-02 -1.5172090009e-01 3.8962250616e-02
2.4063143576e-02 -1.3247559130e-01 2.4032672051e-02
1.6547489761e-02 -1.4274213645e-01 5.8838923755e-02
-5.7901853701e-03 -1.4727965972e-01 6.8941571379e-02
1.0601787187e-02 -1.4192677018e-01 9.1411118250e-02
4.9087294832e-02 -8.6144698168e-02 2.3285795046e-02
5.4051130113e-02 -5.7157348802e-02 -1.2788964457e-02
2.4811839356e-02 -3.9756466695e-02 1.7394085789e-02
6.4556424195e-02 -8.3486205841e-02 2.8067274814e-02
5.3010852391e-02 -9.2107857421e-02 4.8573362613e-02
7.3286882741e-02 -1.2150527600e-01 5.4880801594e-02
7.6561445323e-02 -1.0739111686e-01 4.1283657136e-02
7.5973977484e-02 -1.0059389404e-01 2.6346531143e-02
8.3217455404e-02 -1.1894120591e-01 4.0512067820e-02
6.5094249778e-02 -1.2585053871e-01 3.1352356146e-02
6.3251700103e-02 -1.3881105198e-01 3.2051325507e-02
4.5835157806e-02 -1.1031005790e-01 4.1380477664e-03
8.5343313873e-02 -1.4186455218e-01 6.6710587064e-02
1.2551871474e-01 -1.6609929263e-01 3.6044660937e-02
7.1713867408e-02 -1.3858254389e-01 2.7134177880e-02
4.5272673837e-02 -4.4117998919e-02 -1.8223819452e-02
3.5528107364e-02 -3.5623382000e-02 -3.8087623764e-02
3.6558089103e-02 -5.0803732452e-02 2.7495523165e-02
8.1595160278e-02 -1.0827802826e-01 5.4498673712e-02
7.4580471025e-02 -1.1711607842e-01 5.9443164420e-02
8.8433046435e-02 -1.4066617290e-01 5.7172878761e-02
8.2904269762e-02 -1.0899513420e-01 3.5283283516e-02
8.7636242263e-02 -1.1398532181e-01 2.9697403993e-02
9.1718711522e-02 -1.3533949271e-01 4.2267554019e-02
9.1698674590e-02 -1.6750130118e-01 5.0455276445e-02
8.9829445741e-02 -1.7673176035e-01 5.4637070175e-02
1.3785455842e-01 -2.0450713985e-01 8.7138657667e-02
5.5010188561e-01 -4.9671990182e-01 3.2360242314e-01
1.0604018257e+00 -7.5464849656e-01 -7.1467782338e-02
4.9927486934e-01 -3.2911776206e-01 -4.3034176985e-01
8.7365069911e-02 -6.5334409754e-02 -1.0962949725e-01
2.8303839010e-02 -5.4742778916e-02 -6.0531172062e-02
3.9251417580e-02 -6.0012563725e-02 4.8379111049e-02
8.9560145588e-02 -1.0192997277e-01 7.2595693861e-02
7.7477123679e-02 -1.1590420888e-01 8.1394707303e-02
8.4359208395e-02 -1.4129228532e-01 8.1240269389e-02
7.4472997811e-02 -1.0241097171e-01 5.8878617533e-02
9.3451334545e-02 -1.2817513863e-01 5.3027017207e-02
1.0785855987e-01 -1.7479269941e-01 7.9771336612e-02
8.6166732747e-02 -1.9313712542e-01 8.0762124721e-02
1.2665143231e-01 -2.7243010620e-01 1.4628003295e-01
2.3086005353e-01 -3.4209748907e-01 2.9329116406e-01
6.7379318499e-01 -7.8067727337e-01 6.1964423025e-01
9.9333107510e-01 -8.9951807375e-01 -4.2091367725e-01
6.5353180261e-01 -2.1816060480e-01 -1.5306168031e+00
1.4956284693e-01 -4.0278588686e-02 -3.6780383769e-01
3.0313614500e-02 -5.5252090364e-02 -5.7899173853e-02
3.9607237724e-02 -7.9484334514e-02 6.0761941230e-02
7.2691236461e-02 -1.0418081398e-01 6.2119741162e-02
5.4906524135e-02 -1.2025208467e-01 7.7104086268e-02
4.7605478667e-02 -1.4319952196e-01 7.1815241346e-02
5.9548316869e-02 -1.3118639908e-01 7.7527453859e-02
6.2860472476e-02 -1.4626189475e-01 7.1781896965e-02
7.1689876169e-02 -1.9461176677e-01 1.0504776969e-01
5.9625153214e-02 -2.4682674150e-01 1.0980740876e-01
7.2571497889e-02 -3.5373219024e-01 1.4272571763e-01
4.4922150301e-02 -2.5519002086e-01 2.6175863955e-01
7.1929540227e-02 -2.5585131679e-01 3.4397467791e-01
-1.5387468291e-02 1.8094513792e-01 -3.4972415538e-01
2.4737831054e-01 9.5848736955e-01 -1.7008773360e+00
3.5225759590e-01 2.2243666259e-01 -7.8108505958e-01
6.8494426926e-02 -3.6180200898e-02 -1.1356205584e-01
5.0747828600e-02 -9.4637803961e-02 7.3726898491e-02
8.8201201941e-02 -1.1858997985e-01 8.0758191723e-02
5.9154793305e-02 -1.4180490595e-01 1.0191371466e-01
6.5424329511e-02 -1.7522675790e-01 1.2329398892e-01
5.6989894814e-02 -1.5312444820e-01 1.1630769489e-01
6.5155746380e-02 -1.5055760783e-01 1.0340123190e-01
6.9792492757e-02 -1.9400012895e-01 1.3939751876e-01
4.2079125844e-02 -2.0672046877e-01 1.4471761980e-01
-2.7379132360e-03 -2.2224613537e-01 4.8484614246e-02
3.0814811785e-02 -3.2827110946e-02 1.5542550569e-01
6.4057979534e-02 5.4456448238e-02 1.5930025368e-01
-6.5423781695e-02 7.5197421532e-01 -1.1084017111e-01
3.4295705670e-01 1.7163330492e+00 -8.6912107235e-01
8.3100877743e-01 6.3910400609e-01 -9.8280816959e-01
3.6258864092e-01 -7.4056980039e-04 -3.9578804593e-01
4.4565285888e-02 -1.0242064311e-01 7.2155119981e-02
9.1030277755e-02 -1.3759226863e-01 9.6339174890e-02
4.6560205504e-02 -1.5079701563e-01 1.0159634776e-01
4.3241770169e-02 -1.7349849148e-01 1.2550318883e-01
4.2617416251e-02 -1.3608011895e-01 1.1182728541e-01
5.2696236290e-02 -1.3591646491e-01 1.0642571891e-01
7.2464817775e-02 -1.9460844800e-01 1.2937382179e-01
4.6323048637e-02 -1.3029717093e-01 3.6140886714e-02
-4.9028465963e-02 -5.2205456430e-02 1.0284981575e-01
-3.8492800099e-02 2.0113073821e-01 2.6164732942e-01
-2.5430973011e-02 -1.3343817327e-01 3.2360386509e-01
4.6958918451e-02 2.4269871494e-01 2.1447159867e-01
3.8203845024e-01 1.1407129332e+00 1.3591262676e-01
1.0603534969e+00 3.4645511832e-01 -4.0776595682e-01
6.9738516848e-01 -2.4842311594e-01 -1.3070105506e+00
3.1600081151e-02 -8.6095695248e-02 7.5790825166e-02
7.5249439847e-02 -1.2300511674e-01 9.4460886996e-02
4.7867672653e-02 -1.3157033067e-01 1.0017035470e-01
4.6990424617e-02 -1.4620072442e-01 1.1127755600e-01
3.1461023035e-02 -1.2403933905e-01 1.0600269293e-01
3.1456265246e-02 -1.3108556821e-01 1.1269592487e-01
1.1369679709e-02 -1.8145766829e-01 1.4690367715e-01
5.0660922749e-03 -1.0626898367e-01 2.9293525013e-02
6.3939809127e-02 -2.2159802888e-02 1.3149306377e-01
8.0537316339e-02 1.0865837517e-01 3.6838441360e-01
-1.1212959830e-01 -3.4624756458e-01 3.1788831152e-01
-6.1214138591e-02 -4.8516624578e-01 5.5772232734e-01
1.0020892507e-01 9.6644829569e-02 7.0502903061e-01
-7.5194088970e-02 -4.6507135016e-01 -1.8300890733e-01
-3.7532005302e-01 -5.9367558655e-01 -2.1164395595e+00
-2.5926728114e-03 -5.0630265976e-02 6.6572453676e-02
3.0072317831e-02 -7.4533551724e-02 8.6473699528e-02
1.2688563771e-02 -7.8593238262e-02 8.7651558273e-02
9.3854078845e-03 -7.8193234313e-02 8.4289647461e-02
5.8016215835e-03 -9.1671042904e-02 9.0042982315e-02
7.8631696941e-03 -1.0097786756e-01 8.4778988813e-02
8.6881304793e-03 -1.1254152575e-01 1.1837374945e-01
-2.3197264870e-02 -8.1911598233e-02 7.8642628696e-02
3.5502746971e-02 -1.3105168690e-01 6.1781814476e-02
8.3554058234e-02 -1.9915495737e-01 2.6619044534e-01
-7.2637149083e-02 -8.0621586735e-01 3.3264705076e-01
-3.2794594067e-01 -1.0711115876e+00 6.0667638730e-01
-1.1015418008e+00 -9.9327806334e-01 4.2080031261e-01
-1.9539479345e+00 -1.2491629570e+00 -8.1709999389e-01
-1.1210360532e+00 -5.2243061249e-01 -1.3584850672e+00
4.9577784272e-03 -4.5050473217e-02 5.8415788922e-02
3.3687469633e-02 -6.6784268757e-02 6.2573482158e-02
2.3390413561e-02 -7.0635271104e-02 6.9340707340e-02
2.5544543717e-02 -8.7039577572e-02 7.2358554855e-02
1.8573235176e-02 -8.5300452120e-02 7.2193630675e-02
1.1312822989e-02 -9.1408944742e-02 6.6393459544e-02
8.7413290421e-03 -9.9131787655e-02 9.3079782468e-02
-6.6588263934e-03 -1.1360277948e-01 9.6220748979e-02
5.4728907794e-03 -1.7615211964e-01 9.8571950411e-02
1.1355796442e-01 -2.5635949115e-01 2.5139799624e-01
-1.2081576287e-01 -7.8749531972e-01 3.9339958212e-01
-6.2460118293e-01 -1.2020048815e+00 3.6920569481e-01
-1.2665970771e+00 -9.6320980447e-01 7.4922847863e-02
-1.2872274439e+00 -6.7676987619e-01 -4.2332396653e-01
-3.2597284187e-01 -1.8301747363e-01 -2.2759588999e-01
8.7104703573e-04 -4.7027025106e-02 5.3478213018e-02
3.8395958993e-02 -6.5229323138e-02 5.5828119581e-02
2.9669790847e-02 -7.9624362586e-02 6.5055887412e-02
3.3105752453e-02 -8.8710870876e-02 6.8805362007e-02
1.5990647172e-02 -9.3709277114e-02 7.2493239187e-02
1.4847510853e-02 -8.9875999912e-02 7.2003956255e-02
2.1436607335e-02 -1.1076629322e-01 9.3300687893e-02
-2.1858373910e-03 -1.1885666565e-01 8.7023879966e-02
-8.2549540076e-03 -1.6534296760e-01 1.2099119647e-01
-3.9225674674e-02 -2.3455969085e-01 1.7521667585e-01
-1.5208795581e-01 -4.4177189748e-01 2.3544948306e-01
-3.7263441951e-01 -5.5464275937e-01 1.1973530513e-01
-2.6610141417e-01 -3.3007907109e-01 7.8221789112e-02
-1.5019497447e-01 -1.2842798318e-01 -1.0472097356e-02
1.7448232245e-05 -4.6716106534e-02 1.5352986451e-03
-7.8089583456e-03 -4.1806206155e-02 5.8744244694e-02
3.9196755874e-02 -7.9185857966e-02 7.0158641189e-02
2.2658821050e-02 -8.4929949742e-02 6.8095781815e-02
2.8329051595e-02 -9.4318335715e-02 7.1087922724e-02
2.1406524455e-02 -9.1031044178e-02 7.3031064272e-02
2.0007151564e-02 -9.2300860280e-02 8.3021877181e-02
1.8498655659e-02 -1.0852532063e-01 1.0872076363e-01
-2.4156668513e-03 -1.1062229390e-01 1.0700114862e-01
1.4293108004e-02 -1.3966187201e-01 1.1100540058e-01
-1.0741144636e-02 -1.7215825055e-01 7.8263780733e-02
-1.3448790260e-02 -2.4891526673e-01 9.9783289596e-02
-5.6848894667e-02 -2.1356626339e-01 6.8928945720e-02
7.1518859504e-04 -1.2057449245e-01 5.4687396692e-02
4.0525987835e-02 -4.1232396484e-02 -3.8409692644e-03
1.5103881974e-02 -4.7343750554e-02 -2.3054547099e-02
-6.1149804666e-03 -4.0218098733e-02 6.1524230816e-02
4.2434161301e-02 -6.8126718373e-02 7.1620443322e-02
2.6102507034e-02 -8.4298362792e-02 7.8548588648e-02
3.1537508437e-02 -1.0093596016e-01 8.4235537133e-02
1.8860396481e-02 -9.3072210850e-02 8.7195236586e-02
1.5951224140e-02 -9.2790803360e-02 1.0229481965e-01
2.9633029878e-02 -1.2024388070e-01 1.3285142460e-01
-2.4627060429e-03 -1.2597031840e-01 1.2167217359e-01
2.0277642572e-02 -1.4230975323e-01 1.1200738239e-01
8.3662187145e-03 -1.4146532188e-01 8.3744168703e-02
4.5062828282e-02 -1.7523244613e-01 1.1270073303e-01
5.9610092583e-03 -1.4882953382e-01 9.4930474812e-02
3.1866672953e-03 -1.2256257143e-01 7.7305324437e-02
2.2810485267e-02 -8.5029692390e-02 1.0317960070e-02
1.1253883845e-02 -6.2830078607e-02 -2.2443252446e-02
4.2647659381e-04 -4.1887740978e-02 6.8230584151e-02
3.6901696956e-02 -5.6358648945e-02 6.5421257580e-02
1.5455923818e-02 -6.8494397771e-02 7.3693849033e-02
1.3511601018e-02 -7.5969529906e-02 6.9295108333e-02
6.6776200848e-03 -7.8243826831e-02 8.2269914629e-02
1.2615648433e-02 -8.1781610257e-02 1.0834282511e-01
2.3658027337e-02 -9.2849792880e-02 1.1638034292e-01
-8.8458833354e-03 -1.0342177155e-01 1.1422770703e-01
8.2223841636e-03 -1.1755092648e-01 1.1501695139e-01
-6.9169519002e-03 -1.2754115856e-01 9.6027622113e-02
2.0423960248e-02 -1.5591001328e-01 1.0573288460e-01
-4.5614351849e-02 -1.5354984822e-01 1.0975411236e-01
-4.4590362168e-02 -1.3282482611e-01 7.9875467224e-02
1.4954604900e-02 -9.0565861514e-02 1.5975127794e-02
-6.6518818693e-03 -5.4630969432e-02 -3.4067718531e-02
2.3826115793e-02 -5.7745629825e-02 7.4583625336e-02
5.5585920557e-02 -7.8534640208e-02 6.8284193187e-02
4.1887588687e-02 -8.8372975804e-02 8.1481553548e-02
3.4179301150e-02 -1.0165333727e-01 8.4313102891e-02
3.5061485935e-02 -1.0039761589e-01 1.0021045104e-01
3.1274411090e-02 -1.0956223699e-01 1.1263632759e-01
3.5456335561e-02 -1.2340141763e-01 1.2643315116e-01
6.2972278509e-03 -1.4034964635e-01 1.2957429240e-01
2.2825984974e-02 -1.4961807061e-01 1.3144534293e-01
8.0026208328e-03 -1.6253198248e-01 1.1547684304e-01
1.8326296165e-02 -1.7181343539e-01 1.1673314277e-01
-4.2677851064e-02 -1.7971534005e-01 1.2153964282e-01
-3.7955908631e-02 -1.4549268855e-01 1.0670847063e-01
4.1039834974e-03 -7.5544463791e-02 1.7073662184e-02
1.4941810238e-02 -5.0235633289e-02 -1.8655914716e-02
6.4939515772e-03 -3.1045507652e-02 3.4493289319e-02
3.4910696182e-02 -4.7268307010e-02 4.5126591556e-02
2.9818608000e-02 -6.8237869990e-02 6.2499431683e-02
2.7369587210e-02 -8.1041160445e-02 7.0282690845e-02
3.5626524449e-02 -8.0381393569e-02 4.9196549199e-02
4.5099698103e-02 -7.9046958296e-02 3.9686493891e-02
6.6318237277e-02 -1.0362331260e-01 4.3724354441e-02
3.8831423811e-02 -1.1727330807e-01 4.2170185172e-02
3.2067777514e-02 -1.1741864179e-01 4.5913136688e-02
9.4803343645e-03 -1.0742446651e-01 3.7480128189e-02
2.3233300708e-02 -1.2248859377e-01 7.8408656871e-02
-1.6216854027e-02 -1.1957372247e-01 6.8064698236e-02
-2.5078834469e-02 -8.9855082861e-02 9.3148479182e-02
2.2499841849e-02 -5.6496712476e-02 3.4046653876e-02
4.8832856915e-02 -4.8776489594e-02 -3.7255649463e-03
2.0853506447e-02 -3.3600913280e-02 3.4566377868e-02
4.0828618084e-02 -5.1726792528e-02 4.6814818563e-02
3.6626520843e-02 -7.2341053770e-02 5.9154827182e-02
5.4103054258e-02 -8.6493660432e-02 6.5859931227e-02
5.3812799791e-02 -9.0259854074e-02 4.5373253105e-02
5.2250749860e-02 -8.6004960878e-02 3.8756067907e-02
5.9468024236e-02 -1.0492115015e-01 4.1070827447e-02
5.9766266941e-02 -1.2409376128e-01 3.3498621198e-02
4.6110902546e-02 -1.2391013200e-01 3.3954850423e-02
2.4576429440e-02 -1.0780426590e-01 1.8685970555e-02
2.1223114730e-02 -1.1341083257e-01 5.5148123648e-02
1.8734443465e-02 -1.2040004995e-01 4.9552778943e-02
3.3109662002e-02 -1.0277836377e-01 8.0450226640e-02
6.3600167833e-02 -5.6820546969e-02 1.9453304594e-02
6.9451803442e-02 -3.1211006365e-02 -4.2513225716e-04
1.7126011253e-02 -3.3640644928e-02 2.0693137553e-02
5.1795262897e-02 -7.0193254187e-02 3.5609537234e-02
4.2477280858e-02 -8.7662157022e-02 4.6373373594e-02
6.6795973674e-02 -1.0618004879e-01 5.5134570377e-02
6.1592561750e-02 -8.7102975681e-02 3.0310482406e-02
6.1227220768e-02 -7.7149439980e-02 2.5397499919e-02
7.6975281135e-02 -9.3719532628e-02 2.9177270924e-02
7.2587885254e-02 -1.1367711972e-01 1.9764142928e-02
6.5360361275e-02 -1.2157830415e-01 1.8227629249e-02
3.2940050577e-02 -8.3036630884e-02 -7.3023617194e-03
4.7304627158e-02 -1.0195849735e-01 2.7313640191e-02
3.1325430020e-02 -9.4296100623e-02 1.5613213621e-02
3.3891924185e-02 -7.2763919631e-02 2.7587048672e-02
4.5893240530e-02 -3.0177318232e-02 -1.5011415903e-02
4.8936545924e-02 -1.8542017174e-02 -3.4289118503e-02
3.2228726272e-02 -3.8519422535e-02 2.7975657544e-02
7.2499691183e-02 -9.1808039778e-02 5.1341264068e-02
6.6711316835e-02 -1.0025345076e-01 5.1313992148e-02
8.3524440871e-02 -1.1355591433e-01 4.6629459929e-02
7.4024761075e-02 -8.3454870345e-02 1.9930393509e-02
7.9709004606e-02 -8.3953908785e-02 2.1326866697e-02
9.3110548411e-02 -1.1727520809e-01 3.6570001957e-02
9.2949848739e-02 -1.3667566350e-01 2.5811434375e-02
7.8163863707e-02 -1.3050844463e-01 2.0563667795e-02
6.4363244124e-02 -1.2223190410e-01 2.9954563390e-03
1.0713324257e-01 -1.8296109142e-01 6.6857391982e-02
2.1956305448e-01 -2.7450276584e-01 1.2667295388e-02
1.3669183537e-01 -1.7285272312e-01 -5.5200319814e-02
6.0436275308e-02 -4.7217423733e-02 -4.7522226634e-02
4.2125400995e-02 -4.1255856706e-02 -5.6655969743e-02
1.9079348019e-02 -4.7580666636e-02 4.7023353989e-02
6.3447582734e-02 -8.9650788801e-02 5.8254763672e-02
5.2473539749e-02 -1.0573459152e-01 6.8134148211e-02
5.5882142027e-02 -1.1286946473e-01 6.1612126617e-02
5.0162056514e-02 -8.4287117105e-02 3.4476319918e-02
5.8916631367e-02 -9.1645989609e-02 2.8376303388e-02
8.0922793017e-02 -1.2982912077e-01 4.7452755114e-02
6.4700021736e-02 -1.4805145506e-01 3.6600113244e-02
6.3942932658e-02 -1.6065820742e-01 4.1775617523e-02
5.7207744257e-02 -1.7989770602e-01 5.7931398137e-02
2.5392328311e-01 -5.3098898958e-01 3.1286708039e-01
6.7847432803e-01 -1.0916399718e+00 2.1343728788e-01
6.1026359831e-01 -7.5091203679e-01 -3.5713318403e-01
1.4750520529e-01 -1.6096584596e-01 -1.6080202811e-01
2.8309526353e-02 -4.5870661005e-02 -5.5638902522e-02
1.7919964889e-02 -6.6261997886e-02 6.6213312562e-02
5.7524761039e-02 -9.7243809254e-02 6.8521896428e-02
3.6916367760e-02 -1.1121307113e-01 7.7037451909e-02
3.4478416807e-02 -1.2885307680e-01 7.8010507772e-02
3.6834135163e-02 -1.1129581220e-01 6.8681697709e-02
4.4813171215e-02 -1.1041546633e-01 6.0044695611e-02
5.9560671737e-02 -1.3851705934e-01 7.4982723000e-02
4.3153829849e-02 -1.6817916919e-01 7.1558227627e-02
4.9263464733e-02 -1.9215221813e-01 9.2306989186e-02
3.7129060716e-02 -2.3009343541e-01 1.4766310071e-01
2.7178265428e-01 -9.0563687108e-01 6.1572325756e-01
6.2217811771e-01 -1.6169090380e+00 6.4231129958e-01
9.0229946800e-01 -1.1404835505e+00 -7.5842744186e-01
4.7198438528e-01 -4.2817444714e-01 -6.4591027314e-01
6.3945465681e-02 -6.2672549234e-02 -1.0248489755e-01
2.9945889179e-02 -8.5894054859e-02 7.3361982210e-02
6.3246636464e-02 -1.1358333595e-01 8.1484057351e-02
2.8495991380e-02 -1.2687618056e-01 9.3488283382e-02
3.3442323703e-02 -1.4167819225e-01 1.0962880320e-01
2.4937000760e-02 -1.1837845892e-01 8.3935276609e-02
2.9969851647e-02 -9.8089275906e-02 7.7930579817e-02
3.4647610865e-02 -1.2791957233e-01 8.9650449929e-02
1.5717274569e-02 -1.5861062287e-01 9.2109233081e-02
2.2196643896e-02 -2.1023685318e-01 1.1455798772e-01
1.8415056699e-02 -1.9243607461e-01 1.7408241878e-01
1.1743783287e-01 -7.8175341870e-01 5.4608804979e-01
8.0796648793e-02 -1.2086601048e+00 7.8748674231e-01
4.5952948237e-01 -1.0823949082e+00 -4.9697447154e-01
7.0416559664e-01 -8.0586964925e-01 -1.3304169618e+00
2.2341002885e-01 -1.2748957471e-01 -3.7344141136e-01
2.1949190654e-02 -8.7342000935e-02 6.9130927539e-02
6.8646642064e-02 -1.2881625303e-01 9.0826032345e-02
3.1325003308e-02 -1.3795862227e-01 9.5771764964e-02
3.0167738443e-02 -1.4567980963e-01 1.0843189483e-01
2.1602143229e-02 -1.0455288728e-01 7.4204715261e-02
1.7438741813e-02 -8.6530756725e-02 6.9225844912e-02
3.2679585729e-02 -1.2080203472e-01 8.9585323496e-02
-2.3429355137e-03 -1.3735984743e-01 8.8993603759e-02
4.9040097975e-03 -1.9619724067e-01 1.4337201000e-01
-1.5113277357e-02 -1.4863146359e-01 2.0478240825e-01
1.6253473868e-02 -6.3535621654e-01 4.8705298455e-01
-1.8761451047e-01 -1.2426407153e+00 9.1030029428e-01
-2.8631938275e-01 -1.5548583051e+00 4.2771327503e-01
2.0541035235e-01 -1.5210113143e+00 -1.0776291796e+00
2.2945524363e-01 -6.2042644464e-01 -9.2546732101e-01
1.2916137259e-02 -7.4097617579e-02 6.7539783657e-02
5.1337389959e-02 -1.0354061548e-01 8.5414776024e-02
2.6122503213e-02 -1.1229105161e-01 8.1250233868e-02
2.1670605943e-02 -1.1530846661e-01 8.9182143194e-02
1.4169311080e-02 -9.8458596369e-02 6.4598035618e-02
7.8413208599e-03 -8.9762946569e-02 7.2253331098e-02
1.8369278978e-02 -1.2181582944e-01 9.4026845519e-02
-1.0489448992e-02 -1.4813797352e-01 8.5614588551e-02
-2.0776253553e-03 -1.6499073948e-01 1.2788580223e-01
-3.9044294520e-02 -1.8003870393e-01 1.9044317509e-01
-1.2694190989e-01 -5.7320782475e-01 4.0534682612e-01
-3.4937594023e-01 -1.1099285063e+00 9.0275851089e-01
-8.6548236047e-01 -1.7640462380e+00 7.9853471089e-01
-9.3023388307e-01 -2.1082781296e+00 -5.5795535635e-01
-3.2088153544e-01 -9.7058467886e-01 -1.0608178082e+00
-1.6719711004e-02 -4.7531746527e-02 6.3769361221e-02
1.3704338129e-02 -6.0123142834e-02 7.6846831439e-02
-3.2190988272e-03 -7.2496173175e-02 7.4801519657e-02
-2.0433350753e-03 -7.7860380153e-02 8.1238142970e-02
-1.3213643259e-02 -7.8046015803e-02 6.8567290081e-02
-1.7636724988e-02 -7.7021366516e-02 6.4122531850e-02
-3.4915892614e-03 -9.4856586575e-02 8.6339914568e-02
-3.1545038468e-02 -1.1524282209e-01 7.8576592046e-02
-2.3073940895e-02 -1.3343793373e-01 9.4382622595e-02
-6.0641873637e-02 -1.7786604968e-01 1.0569888564e-01
-1.2569757005e-01 -5.0066440898e-01 2.3876119931e-01
-3.4142899064e-01 -7.6958850597e-01 5.8476481995e-01
-1.0122316026e+00 -1.3574842412e+00 5.6088110497e-01
-1.2564109219e+00 -1.4802477560e+00 -3.2491785432e-01
-4.2877465308e-01 -5.0127526031e-01 -4.4880524836e-01
-4.9780219283e-03 -3.8918743166e-02 6.3283809474e-02
1.5883498846e-02 -5.4117336849e-02 6.7082875374e-02
9.1859159213e-03 -6.3587028121e-02 7.1700381957e-02
1.4410139051e-02 -7.1003182715e-02 7.6304970539e-02
1.0842856236e-03 -7.3727262459e-02 6.7877873553e-02
-9.0925122044e-03 -7.8134089486e-02 6.7201994229e-02
-4.5002570595e-03 -8.8080295602e-02 7.9581863589e-02
-1.1115530294e-02 -1.0617341096e-01 8.4171447379e-02
-9.2545980811e-03 -1.1193809005e-01 8.3976458431e-02
-1.8767425280e-02 -1.3599087705e-01 7.2799339921e-02
-5.4738666885e-02 -2.7541508947e-01 1.2175017533e-01
-1.8692876326e-01 -4.0422996721e-01 1.8200904485e-01
-3.4943280954e-01 -4.4952536695e-01 2.0580485761e-01
-3.4049953468e-01 -3.7348323507e-01 -2.5503188237e-02
-7.5121187198e-02 -1.0669870214e-01 -3.2286114128e-02
-1.1908351056e-02 -3.8826031118e-02 4.9743922039e-02
1.7042442714e-02 -5.9403956894e-02 6.0276647714e-02
8.3407022476e-03 -7.2897084137e-02 6.2866769738e-02
1.1948525220e-02 -8.0085697476e-02 6.8779107251e-02
-3.4715051090e-04 -8.0450872842e-02 6.0661359941e-02
-1.3115162782e-02 -7.2904723483e-02 6.2998382301e-02
-1.5956623321e-03 -8.4821868635e-02 7.4235398085e-02
-2.0660402632e-02 -9.6741314330e-02 7.1874235409e-02
-8.6481929242e-03 -1.0635964665e-01 6.3003816991e-02
-2.9290403219e-02 -1.0048037452e-01 4.0218165281e-02
-2.6279767010e-03 -1.2864133460e-01 6.7499529517e-02
-5.9025553636e-02 -1.3918255011e-01 5.1313172693e-02
-4.1647720121e-02 -1.1310408985e-01 8.8546652705e-02
-2.6609087688e-02 -4.4165220662e-02 6.7461323081e-03
7.7219139158e-03 -1.2586847346e-02 6.5749375445e-04
-1.7043267287e-02 -3.2637591869e-02 5.6315135661e-02
2.1279308045e-02 -6.4815818885e-02 6.7781569080e-02
9.3400835356e-03 -7.2925332599e-02 6.7935965085e-02
1.2196002138e-02 -8.1867052263e-02 6.9513914363e-02
7.5720854824e-04 -7.1624493520e-02 5.8827435523e-02
-2.6338272787e-03 -6.6640767740e-02 7.4561986067e-02
6.9256959873e-03 -8.8119109439e-02 9.5449712044e-02
-9.8884225742e-03 -9.6424529364e-02 8.6383953257e-02
7.2846286461e-03 -9.6226422001e-02 7.2808309963e-02
-5.2547415292e-03 -9.9171467158e-02 4.5058288878e-02
3.8524619573e-02 -1.2438275577e-01 7.4496072282e-02
4.7497094489e-03 -1.0526776710e-01 4.0003439717e-02
8.6658707022e-03 -7.6549891820e-02 5.2500993349e-02
2.7624926652e-02 -3.5303473218e-02 -1.1646628201e-02
1.4744768638e-02 -3.2763458222e-02 -2.2126843751e-02
-1.7567732828e-02 -3.2188939311e-02 5.5901239381e-02
2.0537757105e-02 -6.2619981832e-02 6.7227709837e-02
4.7261483519e-03 -7.1858624181e-02 7.0160533665e-02
1.7581836658e-03 -7.9282396897e-02 6.7329207021e-02
-1.2535189666e-02 -6.7689261062e-02 6.3102555569e-02
-1.3884969639e-02 -6.8984239681e-02 7.8478401638e-02
2.7849824168e-03 -9.3457150215e-02 1.0148808780e-01
-2.3945968955e-02 -1.0764160279e-01 9.3308344021e-02
-2.6516766143e-03 -1.1066167105e-01 7.5417352462e-02
-2.0397389932e-02 -1.1985439523e-01 5.7917514643e-02
2.3931940145e-02 -1.4687680755e-01 9.1866250145e-02
-2.7068679532e-02 -1.2308252030e-01 6.6077796057e-02
-1.4695855002e-02 -1.0214332729e-01 6.4617910760e-02
-2.3585986239e-03 -5.2342306095e-02 -1.2752694216e-02
-8.5481871709e-03 -4.1187492442e-02 -2.6574861985e-02
-1.9747660124e-02 -3.6243497367e-02 7.1389591451e-02
9.2423851042e-03 -5.1004030453e-02 6.8424973958e-02
-6.1609422153e-03 -6.1781741530e-02 7.5893356935e-02
-8.7726388456e-03 -6.7298123173e-02 7.2540535937e-02
-2.0003626109e-02 -6.2870173668e-02 7.6138971280e-02
-1.9691248018e-02 -6.6095562435e-02 8.5809379861e-02
-6.9200604551e-03 -8.4241598941e-02 1.1082256886e-01
-3.6669430459e-02 -8.3799679532e-02 1.0114971810e-01
-1.7777599269e-02 -9.9539448658e-02 1.0087478561e-01
-3.6369310948e-02 -1.1116378396e-01 8.2313601101e-02
2.5016132757e-03 -1.5292282944e-01 1.1004905098e-01
-5.7904166807e-02 -1.3726470659e-01 9.2386378990e-02
-4.6875355400e-02 -1.2845756886e-01 1.1683313332e-01
-2.3737338980e-03 -7.6459662443e-02 3.0621938523e-02
-4.4810405409e-03 -4.0049359233e-02 -1.8558587305e-02
2.5032118456e-03 -4.9649121680e-02 7.2417362471e-02
3.2962558852e-02 -7.0239603037e-02 6.8099270059e-02
2.2602387784e-02 -7.6612218912e-02 7.9120262041e-02
1.5976222094e-02 -8.2810964883e-02 8.3678353977e-02
1.2033942342e-02 -8.1901211646e-02 9.1777852909e-02
2.8385511808e-03 -8.9862222719e-02 1.0275704095e-01
1.7610329446e-02 -1.0598457197e-01 1.1968369031e-01
-1.4078643100e-02 -1.1108032924e-01 1.1821274419e-01
8.5228760187e-03 -1.1780082944e-01 1.1966620230e-01
-1.5538283392e-02 -1.3466187652e-01 1.0350813123e-01
1.0552348571e-02 -1.5117638515e-01 1.2478096192e-01
-4.5253717402e-02 -1.5618574336e-01 1.1989215087e-01
-2.9486424508e-02 -1.2759565790e-01 1.3867086865e-01
9.4271850128e-03 -6.4427530976e-02 3.5157427318e-02
1.1328121090e-02 -3.1106260632e-02 -2.1703847898e-03
