-2.1932109507e-02 -3.0468977690e-02 1.1461731799e-02
-3.8565823597e-02 -5.4337097824e-02 9.3900826256e-03
-6.4006525789e-02 -5.3315026366e-02 6.9874960875e-03
-1.2691511380e-01 -7.3752446606e-02 -7.1550510661e-02
-1.2023496879e-01 -1.2185169344e-01 -6.1447779441e-02
-1.1485919697e-01 -1.6159566462e-01 -9.8370824211e-02
-1.0666426145e-01 -1.6898607867e-01 -8.9578022400e-02
-7.7780652309e-02 -1.5035272342e-01 -1.2223278924e-01
-4.7652430990e-02 -1.4702607445e-01 -7.7770904221e-02
-8.7799513022e-02 -1.9098086955e-01 -9.4890303804e-02
-1.9910165478e-01 -2.4029397094e-01 -8.7163372726e-02
-2.0816489137e-01 -2.8309431251e-01 -2.1382798482e-02
-1.4582483549e-01 -2.0968356445e-01 3.2343017103e-02
-4.5675225016e-02 -1.7318107036e-01 2.1549254771e-02
-4.4690007323e-02 -1.2871479603e-01 1.9646870625e-02
-1.6457314020e-02 -2.6130820689e-02 1.6645515839e-02
-3.3974652840e-02 -4.0545513873e-02 -1.4019982844e-02
-6.6718217085e-02 -4.2138081878e-02 -2.8700918210e-02
-1.3661439504e-01 -6.4622617302e-02 -1.1525495493e-01
-1.3521687464e-01 -9.7022474553e-02 -1.0887566172e-01
-9.6139621407e-02 -8.7962576995e-02 -1.1733494752e-01
1.7640118735e-02 4.3696965114e-02 -5.6362452050e-02
1.5497505093e-01 2.0021022385e-01 -9.6785726835e-02
2.0092053382e-01 2.4769163927e-01 -1.1784121725e-01
4.7074443911e-02 6.7697294151e-02 -1.6372833252e-01
-1.6824419303e-01 -1.6648533883e-01 -1.4851592112e-01
-1.9592443286e-01 -2.6028253274e-01 -4.5217990358e-02
-1.4218524236e-01 -2.1100869294e-01 2.3381280583e-02
-4.0679313305e-02 -1.7330466330e-01 9.8247875381e-03
-3.9953330022e-02 -1.5188951731e-01 7.9839252779e-03
-1.5577696837e-02 -3.4326018035e-02 1.0975199701e-02
-3.0366743912e-02 -5.8118486536e-02 -1.6679158933e-02
-7.8674519469e-02 -7.6784581178e-02 -5.0111593902e-02
-1.4426132544e-01 -9.1125906612e-02 -1.4184535372e-01
-9.0236866433e-02 -4.9954194196e-02 -7.9761247755e-02
4.4520335025e-02 1.6051578401e-01 -4.8184912517e-03
2.4128898485e-01 5.4222162964e-01 8.5184386506e-02
3.6232593946e-01 7.9003838791e-01 -2.8218549635e-02
3.4380761190e-01 7.2491009761e-01 -1.7620512534e-01
1.0158035039e-01 2.9205822699e-01 -2.2582917133e-01
-1.5968166566e-01 -1.4368721854e-01 -2.2941054830e-01
-1.9671341166e-01 -2.5209985189e-01 -1.2103460456e-01
-1.3890321032e-01 -2.1040392782e-01 -2.5621683351e-02
-5.2242922356e-02 -1.6039590705e-01 -8.3489415532e-03
-4.9661531200e-02 -1.3361675238e-01 -2.7200710902e-03
-1.4706995713e-02 -2.3410686345e-02 -1.1208261986e-02
-3.2222069843e-02 -5.9142007818e-02 -7.1941781123e-02
-6.7191148980e-02 -7.2120498654e-02 -1.2448982163e-01
-9.6059805707e-02 -2.1003556258e-02 -1.4125224436e-01
6.7224719378e-02 2.5509171956e-01 3.2329253966e-02
2.1631814016e-01 6.3782418928e-01 1.5359340186e-01
3.0618645627e-01 1.0242403927e+00 1.8981257635e-01
2.4585630611e-01 9.8548741589e-01 -7.1250677075e-03
1.4488045704e-01 6.2622414111e-01 -1.7578267277e-01
-9.7239734814e-03 1.1484877463e-01 -1.6177238469e-01
-1.6582295929e-01 -2.2443179430e-01 -1.6116313721e-01
-1.4203425278e-01 -1.7838014160e-01 -1.3291458940e-01
-1.0048968951e-01 -1.5069616294e-01 -3.8772286422e-02
-3.6423261218e-02 -1.1496163520e-01 -1.5860587682e-02
-3.5370878378e-02 -1.0615363561e-01 -7.3543329762e-03
-3.3431319480e-02 -5.2263109444e-02 -3.6537297994e-02
-5.2632687721e-02 -8.5758354236e-02 -7.3531615412e-02
-7.0022816346e-02 -8.0040671829e-02 -9.7373888283e-02
-4.9216252595e-02 9.7277108269e-02 -7.4120935873e-03
1.4191855076e-01 6.1384326455e-01 2.2876077595e-01
2.0886810031e-01 9.9589502679e-01 2.7729890821e-01
1.9563617087e-01 1.1220516527e+00 1.8431117723e-01
1.0495409589e-01 8.6236289986e-01 -2.8888136045e-02
3.9422081887e-02 2.2381411137e-01 -1.2223221548e-01
-5.6196572791e-02 -2.3098152133e-01 -7.1748158012e-02
-1.2793177542e-01 -3.4362606059e-01 -7.0194920034e-02
-1.1022103453e-01 -1.7665035086e-01 -5.9216212135e-02
-5.0825965926e-02 -1.5255337933e-01 -1.0591662308e-02
-2.0728990540e-02 -1.1202621771e-01 3.4469791658e-04
-2.2598098999e-02 -1.0028785791e-01 1.8529976771e-03
-4.7299521239e-02 -6.7337265866e-02 -5.9692238497e-02
-6.0512970251e-02 -1.0138812052e-01 -1.0211178619e-01
-9.3296758754e-02 -8.3241335573e-02 -9.2856872361e-02
-1.0039026503e-01 2.0517328828e-01 4.6493834409e-02
-3.4740740503e-02 8.7997660647e-01 2.8912347371e-01
-5.7085357136e-03 1.1161014785e+00 2.4620828182e-01
-4.1456989669e-02 9.8546070418e-01 1.0161594871e-01
-4.4347709561e-02 7.1044652305e-01 -3.2061941024e-02
-6.0670745245e-02 2.7159366882e-02 -4.9315577397e-02
-1.5996175161e-02 -4.7732767481e-01 -2.2729668193e-02
-1.9014006181e-02 -4.3273103839e-01 -1.2810313140e-01
-9.0211927141e-02 -1.4558109371e-01 -1.2123941029e-01
-7.1111952619e-02 -1.4069065145e-01 -2.4337696781e-02
-3.1628752524e-02 -1.1335759699e-01 -1.6808188324e-02
-3.1189980208e-02 -9.2869882041e-02 -7.4690062831e-03
-5.8826895531e-02 -8.1346332567e-02 -6.5453158801e-02
-7.4421506898e-02 -1.0991438385e-01 -1.1054731470e-01
-1.2088912977e-01 -9.8195294261e-02 -9.8807295795e-02
-2.1167543992e-01 2.1662612887e-01 5.7176580310e-02
-3.1642580582e-01 9.0005155464e-01 2.7628964600e-01
-3.2723827433e-01 1.0925894768e+00 2.0583122850e-01
-2.2374539746e-01 8.3041623145e-01 7.4889401905e-02
-1.5840941193e-01 6.1264792668e-01 -4.9559291752e-02
-1.4550173027e-01 1.1806274279e-01 -1.8118781236e-02
-5.0905083178e-02 -4.9885053804e-01 1.2111386208e-01
6.6747373935e-02 -5.1687113562e-01 6.3064338397e-02
-3.2143486814e-02 -1.8034954015e-01 -1.4722183401e-02
-5.3798249844e-02 -1.5135856278e-01 1.6341059740e-02
-2.1144670343e-02 -1.3390029541e-01 4.2238333152e-03
-1.9376652010e-02 -1.1653228840e-01 1.1944404841e-02
-4.8928104165e-02 -6.9094571064e-02 -4.2487956848e-02
-6.2741861097e-02 -1.0175749957e-01 -8.1620820488e-02
-1.0412983700e-01 -1.2790626823e-01 -1.1360536054e-01
-2.0855953051e-01 1.5102908233e-02 -5.8543045929e-02
-2.8321822800e-01 4.0534002441e-01 1.0885050102e-01
-1.3369924931e-02 7.5808429151e-01 2.6023345092e-01
5.0167139128e-01 8.7281746347e-01 2.0477724420e-01
7.6270355398e-01 7.5185644168e-01 -8.3332452947e-02
6.0049025950e-01 5.1624952469e-01 -2.8410995514e-01
2.5539094814e-01 2.0231155684e-02 -1.6264996114e-01
9.6011010383e-02 -2.0978138075e-01 5.7544398844e-03
-2.7254728281e-03 -1.1532418233e-01 -3.0944408738e-02
-7.9491733682e-02 -1.5201522801e-01 8.5982924545e-03
-4.7416331552e-02 -1.3647631631e-01 1.0529040516e-02
-3.4697315650e-02 -1.0902158975e-01 8.1479124285e-03
-3.5216258844e-02 -6.6837249141e-02 -2.3011085691e-02
-3.8917116106e-02 -8.5102744773e-02 -5.4255348838e-02
-5.5804469843e-02 -1.0580199984e-01 -8.2213706278e-02
-9.8366126616e-02 -9.2643774955e-02 -8.7980892208e-02
-5.6668226894e-02 2.2166884577e-01 1.7544643702e-01
1.8610835918e-01 1.3132135669e+00 8.0009871972e-01
7.5482780459e-01 2.3630956544e+00 8.8332894859e-01
1.1615865029e+00 2.4268927612e+00 1.1023989996e-01
1.2354893155e+00 2.2853412486e+00 -7.8782394493e-01
8.8379416524e-01 1.4535858128e+00 -1.0391799885e+00
5.3812240039e-01 7.6648546189e-01 -3.5966065676e-01
2.8706313439e-01 4.0742125157e-01 -2.7777923820e-01
-1.3171037066e-02 -1.1118514505e-01 -3.1124244036e-02
-1.0039676060e-02 -1.4334516209e-01 2.2631843868e-02
-6.6420884777e-03 -1.1719786891e-01 1.2773360363e-02
-6.4096148588e-03 -6.6973965546e-02 1.2018919982e-02
-4.4500901693e-03 -7.5318074702e-02 1.1153077196e-02
-1.0337799267e-02 -8.7320412533e-02 -3.6196072928e-03
-5.0262912466e-02 -8.4044389885e-02 -1.9034228440e-02
-1.4093550187e-01 1.4239567497e-01 1.8078920177e-01
-5.1934976201e-01 1.0547146115e+00 7.5940168116e-01
-8.9395016291e-01 2.3948245379e+00 1.2002343247e+00
-6.9167391032e-01 2.8657735058e+00 4.9690300343e-01
-3.8365492138e-01 3.0202474502e+00 -6.7717628108e-01
-3.2423540064e-01 2.0114879779e+00 -1.2421779871e+00
-1.4300737743e-02 1.1777208699e+00 -5.5720381454e-01
1.4413207689e-01 8.0752155040e-01 -3.8310618659e-01
-3.0201497377e-02 -1.0107634780e-01 -5.6835127204e-02
7.0954388404e-03 -1.5100951799e-01 1.7188271535e-02
-2.0412042531e-03 -1.0550992320e-01 6.0475320380e-05
4.5950417445e-03 -7.0224846398e-02 1.6958584498e-02
7.2409749873e-03 -7.4820267988e-02 -1.4878193006e-03
3.7497822385e-03 -7.7540330213e-02 -4.0725651825e-03
-2.0032395981e-02 -8.2868359214e-02 -3.6697968678e-02
-7.9396755985e-02 -2.5317830832e-02 3.0721526598e-02
-3.7028951110e-01 3.0317783248e-01 2.6949317083e-01
-1.1209180440e+00 1.1231664399e+00 7.1128204748e-01
-1.6922721131e+00 1.8629566626e+00 5.3409837881e-01
-1.5513286686e+00 2.1881494326e+00 -1.8369333644e-01
-9.8455944672e-01 1.1467288140e+00 -5.9396065372e-01
-3.2377010291e-01 8.7581796875e-01 -3.1795775223e-01
-6.1691289041e-02 7.1480773325e-01 -3.1976271614e-01
-3.0989449911e-02 -9.3775483789e-02 -5.5324869338e-02
1.7859934788e-02 -1.3013276801e-01 -7.5026672815e-03
3.7143540620e-03 -1.1244397361e-01 -7.9831800606e-03
6.1561905070e-03 -7.4724596996e-02 2.2751169290e-02
1.2473428982e-02 -8.3426832370e-02 1.5727292492e-02
2.5300742547e-03 -8.8868225127e-02 7.5763922106e-03
-2.1330861900e-02 -9.8285181192e-02 -2.6673967549e-02
-3.4802545937e-02 -9.7983825044e-02 -4.7741489902e-03
-9.3469123523e-02 -3.7188093578e-02 2.5102647685e-02
-3.2464218589e-01 1.9206213122e-01 1.6763247031e-01
-7.9486247920e-01 5.6834091601e-01 2.6730844878e-01
-1.0091679445e+00 9.1712111297e-01 1.4705461310e-01
-6.0477363116e-01 6.8686748988e-01 -6.9084953410e-02
-2.3121956808e-01 5.8083439050e-01 -1.2228897159e-01
-1.1630975935e-01 3.9702526207e-01 -1.6989585698e-01
-6.5569199134e-03 -1.3216475339e-01 -2.1603450552e-02
2.1918736438e-02 -1.3694787137e-01 4.7996960945e-03
3.7676307068e-03 -1.0708803020e-01 1.2585399266e-02
4.9203604046e-03 -6.8958174483e-02 1.1203193939e-02
1.1500588801e-02 -7.8096141092e-02 -4.7690000643e-03
1.5938381832e-03 -8.7526439848e-02 -2.4519284895e-02
-2.3786414300e-02 -9.2730937394e-02 -4.8931354926e-02
-2.8418247624e-02 -8.7674743919e-02 -1.7854691622e-02
-1.8560432772e-02 -8.1770762890e-02 -2.1666616082e-02
-2.7850631589e-02 -5.0425406526e-02 -1.4544404273e-02
-1.1465771842e-01 2.1672133802e-02 3.9233219445e-02
-2.5575113959e-01 1.6800291435e-01 9.9340663148e-02
-2.2322757893e-01 1.8507182521e-01 6.9882444850e-02
-1.5948177880e-01 2.3745429053e-01 -7.7855383191e-02
-1.0917926980e-01 1.6603840427e-01 -1.1950656386e-01
-1.0345865558e-02 -1.2651206922e-01 -2.9418714392e-02
1.8260585306e-02 -1.0606572940e-01 -1.7601450387e-03
3.9936385186e-04 -8.0972178693e-02 8.1759370236e-03
-7.0551923432e-03 -7.2763570089e-02 -1.7737568322e-03
4.1955779383e-04 -8.2058451251e-02 -1.0645068664e-02
-9.5459153486e-03 -9.1232653542e-02 -2.3405827862e-02
-2.4244055116e-02 -9.8860928554e-02 -2.9410375094e-02
-2.7208189198e-02 -9.5256198351e-02 -2.1631924971e-03
-2.9692950795e-02 -8.0802029519e-02 -1.5402394215e-02
-7.1544205938e-03 -7.0467484800e-02 -2.7863512378e-02
-1.0607216109e-02 -7.3451763481e-02 -3.3616515320e-02
-3.2745966758e-02 -5.5859852040e-02 2.5843683545e-03
-5.1864337180e-02 -2.6305248182e-02 1.6719421688e-02
-7.1263548467e-02 2.4921303033e-02 -2.8405979357e-02
-4.5282289370e-02 -3.1182856490e-02 -2.9557130168e-02
1.7002232967e-02 -1.2328950343e-01 1.6589379691e-02
2.7900284770e-02 -1.0130598148e-01 2.1036587425e-02
7.0334580747e-03 -7.7057325495e-02 2.4520386973e-02
-8.6469460290e-03 -8.0571061388e-02 -1.6897322999e-02
-4.1001173301e-03 -8.6628567518e-02 -2.7346834987e-02
-7.5338855742e-03 -9.7100223783e-02 -2.7483215404e-02
-2.4102158426e-02 -1.1217826592e-01 -3.9742830687e-02
-3.6953683631e-02 -1.1437629314e-01 -2.4592857754e-02
-2.7627119813e-02 -9.6360915423e-02 -4.3911603500e-02
-1.3541919245e-02 -8.4597546021e-02 -4.2439685460e-02
-3.8450942298e-03 -9.1897211566e-02 -4.2788251488e-02
-1.1199523465e-02 -9.4546728044e-02 -1.7092666970e-02
-1.6614116085e-02 -8.9595615311e-02 -1.5914138276e-02
-2.1988687079e-02 -9.0643268605e-02 -1.6857642675e-02
2.3439122246e-04 -1.2905841438e-01 9.0539449900e-03
6.9756918654e-05 -1.2643866055e-01 2.2638900515e-02
1.6237045997e-02 -1.0043200083e-01 1.5061492905e-02
-1.0919834042e-03 -6.7593350128e-02 1.7988540162e-02
-1.1496351122e-02 -8.8398255168e-02 -2.1677952542e-02
-5.4772639114e-03 -9.5312829791e-02 -3.6761545720e-02
-1.8266114088e-02 -1.0309316274e-01 -1.9442800976e-02
-3.0042967684e-02 -1.1700526509e-01 -3.4467435699e-02
-4.7322298164e-02 -1.2348230282e-01 -2.5187321178e-02
-3.3971169574e-02 -1.1694516964e-01 -5.2782698803e-02
-1.8310924348e-02 -1.0423483278e-01 -4.5359071607e-02
-6.5101640103e-03 -1.0324419300e-01 -3.3627309381e-02
-6.6021087798e-03 -1.0129186798e-01 -8.0629312045e-04
1.8591392751e-03 -1.0331867851e-01 -9.6393095899e-03
7.0660011526e-03 -1.0910914046e-01 1.5929894065e-03
1.7026183845e-02 -1.2419130472e-01 4.6395154874e-02
1.2794738060e-02 -1.2189655071e-01 5.8456668192e-02
2.4343438411e-02 -9.9548983520e-02 3.4986336466e-02
2.3482673542e-03 -8.4045743775e-02 3.5996194384e-02
-7.8807307748e-03 -1.9063809894e-02 4.2211768161e-02
-1.6114110246e-02 -3.6486862206e-02 3.4866062756e-02
-4.4337248592e-02 -3.8448567259e-02 1.9742733790e-02
-1.1323902796e-01 -4.7932547423e-02 -6.6746483573e-02
-8.8038044636e-02 -1.1193926906e-01 -4.8993199728e-02
-3.6830862712e-02 -1.2362733561e-01 -6.5324271442e-02
8.1750537581e-02 -4.4485620659e-02 -2.2412151459e-02
2.3858254641e-01 9.8263246270e-02 -5.2224190253e-02
3.1553267595e-01 1.5970997060e-01 -6.1214712789e-02
1.9990545446e-01 8.8749652325e-02 -1.6247585309e-01
-9.2302352624e-02 -1.5707470943e-01 -1.9741218428e-01
-1.8496507803e-01 -2.7076683793e-01 2.4002410608e-02
-1.4002823432e-01 -1.8740416049e-01 6.8504433403e-02
-3.7769180224e-02 -1.4899582406e-01 4.6452032881e-02
-5.6008342817e-02 -1.0914204628e-01 1.4570078134e-02
-2.8115500246e-03 -1.6410776788e-02 4.6295259133e-02
-2.6349576516e-02 -3.5811972396e-02 2.3877082793e-02
-5.8360746563e-02 -4.1856240183e-02 1.2858652363e-02
-1.3753341595e-01 -3.8724305992e-02 -1.0443839155e-01
-1.7081094265e-02 3.3105774448e-02 3.5614798976e-03
2.8152127689e-01 2.7909073223e-01 1.2756180743e-01
6.9458234187e-01 6.5546194259e-01 2.3349675234e-01
9.5389712131e-01 8.7353034365e-01 1.2394346799e-01
9.3566579557e-01 9.3895676850e-01 -4.6492692188e-02
6.1094702086e-01 6.9506956845e-01 -3.1892205550e-01
1.4953863828e-01 2.0234103966e-01 -4.6917263229e-01
-1.9727708192e-01 -2.1783903810e-01 -1.5508487993e-01
-1.8009822812e-01 -2.2994602546e-01 2.0248965114e-02
-4.8129930512e-02 -1.7368007294e-01 1.2298971850e-02
-5.5190364494e-02 -1.4029344138e-01 6.4357168447e-03
2.2896041548e-03 -1.6285230706e-02 4.4212632152e-02
-2.3982101180e-02 -5.4525319760e-02 1.6897214619e-02
-4.9508726854e-02 -5.5386334794e-02 6.2657142650e-04
-3.4255356861e-03 7.3599046843e-02 3.0163295052e-02
3.4458829680e-01 4.5812499649e-01 3.0343189534e-01
6.3569335990e-01 8.5059871278e-01 4.6643837309e-01
7.1287709335e-01 9.7983445481e-01 3.9980731083e-01
5.6056639384e-01 8.1705388172e-01 9.1375263721e-02
4.5295782675e-01 7.1356212943e-01 -1.2458775494e-01
2.5989339741e-01 4.9999070090e-01 -2.9637098734e-01
1.2430802076e-01 2.6229523485e-01 -6.6644127370e-01
-7.5769477330e-02 -4.4232655628e-02 -3.5909253599e-01
-1.2263388531e-01 -1.6993165447e-01 -3.3645706078e-02
-4.4071234626e-02 -1.3639890817e-01 7.5680507241e-03
-6.4670159640e-02 -1.1581719129e-01 -1.5774849550e-03
-5.4402493123e-03 -8.9375965426e-03 1.6267421728e-02
-2.7047458900e-02 -5.4423474139e-02 -4.0853744331e-02
1.2754426907e-02 3.8032413531e-02 1.4476491124e-03
2.1131354554e-01 5.0768545854e-01 2.5091437884e-01
5.5497738062e-01 1.0482178762e+00 5.4332720806e-01
4.2471347467e-01 9.0619740167e-01 3.7868600879e-01
2.1429116648e-01 6.5508697598e-01 8.1564288294e-02
1.6736216227e-02 3.0843199618e-01 -1.0024814687e-01
-5.6573042480e-02 6.4543800220e-02 -1.1264314008e-01
-1.0541155390e-01 -1.2636214421e-01 -8.5019505818e-02
-3.6133430210e-02 1.8048814958e-02 -4.0545254968e-01
-5.4617140711e-02 3.0851727005e-02 -3.6281385478e-01
-9.2120024091e-02 -8.8816420287e-02 -6.8275390320e-02
-2.3499085491e-02 -1.0311769493e-01 -1.6079541239e-02
-4.9350960505e-02 -8.1068661385e-02 -1.4112080836e-02
-2.3542875412e-02 -2.7352908362e-02 -2.1682008858e-02
-2.9166069017e-02 -4.1539466697e-02 -2.1229212628e-02
7.7279894507e-02 2.4645515185e-01 1.8447499385e-01
2.9764961695e-01 8.9537400118e-01 5.6572285027e-01
4.2324877294e-01 1.1063117615e+00 5.7677712116e-01
1.7805735348e-01 7.6387236613e-01 2.1021751339e-01
1.6914851260e-02 3.5769814497e-01 -6.6937217172e-02
-6.5171772102e-02 -6.7446977583e-02 -1.0768010226e-01
-5.4632653269e-02 -4.4186920212e-01 -2.8653851805e-02
-1.2163119725e-01 -6.1144009431e-01 6.5734631152e-02
-1.0433972139e-01 -3.5873224554e-01 -1.5443096178e-02
-6.5228339168e-02 -9.8487748368e-02 -6.2779968348e-02
-5.4139316280e-02 -1.0384891997e-01 -1.0238921470e-02
-1.6667507327e-02 -1.0514352606e-01 -1.1385818152e-03
-3.8137023823e-02 -7.1917380291e-02 -1.8112504330e-03
-3.8579728019e-02 -4.5130984129e-02 -3.4037020732e-02
-3.4973960357e-02 -1.2565766839e-02 -2.1172569422e-03
-2.3014245774e-02 3.6371025094e-01 2.7239200684e-01
4.8116704294e-03 9.2525268515e-01 5.3931090451e-01
-5.9430652288e-03 9.4307907551e-01 3.9252982352e-01
-8.1527413163e-02 6.2639074800e-01 6.2479740744e-02
-9.9524850853e-02 1.4774836225e-01 -1.3844921738e-01
-5.5404123305e-02 -3.7070782780e-01 -8.2692321358e-02
-4.5946406458e-02 -8.7702414442e-01 3.6631200356e-02
-2.3982317154e-02 -9.6156615591e-01 9.3525126454e-02
-3.5647931940e-02 -4.6011776776e-01 -7.9143825443e-02
-1.0455917483e-01 -2.8919948002e-02 -2.2493927499e-01
-9.3056353531e-02 -6.8283810879e-02 -6.8430204755e-02
-4.7715765915e-02 -9.4355990725e-02 -2.1391430678e-02
-4.8530387668e-02 -7.0024134168e-02 -1.5220995190e-02
-5.2022123569e-02 -6.1912679038e-02 -4.0391741912e-02
-7.7674809596e-02 -4.3755411235e-02 -4.1554909068e-02
-1.7014655636e-01 3.1289352263e-01 2.0498282275e-01
-3.4070012537e-01 9.3060641156e-01 5.0180318669e-01
-3.7975896763e-01 9.7347095809e-01 3.8334913269e-01
-2.8163984216e-01 5.2680358632e-01 6.0042903618e-02
-1.5032916117e-01 9.8768015356e-02 -7.7431439585e-02
-5.3794377127e-02 -2.9342898961e-01 -9.2898504589e-02
2.8858933229e-02 -7.8572518649e-01 3.5823698114e-02
9.7244044067e-02 -1.0059003482e+00 2.1654910308e-01
2.3636319860e-01 -6.9434002271e-01 2.5876003389e-01
7.4836794688e-02 -1.1275128037e-01 -1.2078625135e-02
-6.6786577630e-02 -9.7514927857e-02 -1.1290999719e-02
-3.6198561846e-02 -1.2415611766e-01 5.0001565789e-03
-3.4496491572e-02 -1.0472879145e-01 1.2107992990e-02
-3.9539829107e-02 -5.3180301138e-02 -2.5973495870e-02
-7.1606092925e-02 -6.1974231875e-02 -3.4462640847e-02
-2.1192752198e-01 1.6783664352e-01 8.6321054382e-02
-4.3815136885e-01 6.5386013123e-01 3.3870797735e-01
-1.8312042040e-01 8.3427825640e-01 4.4662491391e-01
5.2050628650e-01 5.5879365035e-01 3.4864296443e-01
7.4895355895e-01 9.9295458341e-02 2.9016210035e-02
6.7575494183e-01 -2.8050432444e-01 -1.6026328616e-01
7.7783760639e-01 -4.4610154744e-01 -1.6733456466e-01
7.2109524136e-01 -4.9338311895e-01 -1.9404691148e-02
7.7012195651e-01 -1.4246231791e-01 2.3858170477e-01
5.4405700366e-01 1.2249855376e-01 -1.1170798587e-01
-3.6080794760e-02 -1.1029790418e-01 -3.1567029301e-02
-5.2518669638e-02 -1.2436777570e-01 2.3636541134e-02
-4.4793177109e-02 -9.6835542856e-02 1.0623653036e-02
-3.2817479940e-02 -5.8630324983e-02 -1.3134283989e-02
-5.2176336248e-02 -7.9221896759e-02 -5.5929011182e-02
-1.2327625471e-01 -1.5576221225e-02 -4.5025876999e-02
-1.3408755455e-01 3.0423622363e-01 2.3361278497e-01
4.4302569550e-01 1.2740590547e+00 1.1550876192e+00
1.1610035766e+00 1.5269504768e+00 1.2635505143e+00
1.2121661046e+00 2.0167344335e-01 1.3942831450e-01
8.3187199837e-01 -6.9627368704e-01 -2.8659087359e-01
1.0679241457e+00 -2.6783525595e-01 -2.9989770165e-01
1.5871957852e+00 6.1386478934e-01 -8.7396766127e-01
1.9506011815e+00 1.7056291950e+00 -7.9143323066e-01
1.8211308500e+00 1.7121659652e+00 -1.0642423647e+00
1.4654457746e-01 1.4689996511e-02 -2.8967987053e-01
-1.1318226687e-02 -1.5320664225e-01 8.1995732208e-03
-1.9440490456e-02 -1.0542312198e-01 1.7015075450e-02
1.7707440729e-03 -5.7819856376e-02 2.2712109845e-02
1.2944061668e-02 -7.5427329964e-02 2.5120422146e-02
2.6805422172e-03 -6.3204904468e-02 2.6856295472e-02
-1.2923382726e-01 1.7199045503e-01 2.4494588389e-01
-5.5110863156e-01 1.1616204079e+00 1.1236891555e+00
-9.4694663485e-01 1.6292700235e+00 1.5355990775e+00
-5.7205535252e-01 8.4323859680e-01 7.6710460411e-01
-2.1498588331e-01 -2.2538841722e-01 2.5460723216e-02
-1.7009587181e-01 1.9295562943e-01 -2.0149905903e-01
-2.3381628483e-02 9.7691350436e-01 -1.0579573660e+00
-1.4662901111e-01 1.1628691579e+00 -9.4061619988e-01
6.2490282064e-01 1.9400142857e+00 -6.4954751239e-01
2.4767375333e-02 -2.7605362215e-02 -1.6464578401e-01
5.4771984643e-03 -1.6600526782e-01 2.5544011638e-03
-4.7232862096e-03 -9.4419880750e-02 1.1432054973e-03
1.0791010316e-02 -6.3766343333e-02 3.9394419056e-02
1.9161166107e-02 -7.7923649105e-02 2.8527348499e-02
2.0925251100e-02 -7.6843934579e-02 3.0509362238e-02
-7.1354296161e-02 -4.2828731361e-02 4.5343643654e-02
-4.8945543120e-01 1.8703902301e-01 3.2497792598e-01
-1.5106866079e+00 4.8638799460e-01 9.5643209823e-01
-1.9764405796e+00 1.2012028512e+00 1.2110777088e+00
-1.4575176421e+00 9.4058192904e-01 5.4163527192e-01
-1.1245918288e+00 1.0391582630e+00 -2.0995227155e-02
-9.5645665094e-01 2.4739992734e-01 -4.9045696782e-01
-8.2321900896e-01 2.9148034589e-01 -4.5217983781e-01
-2.5764756485e-01 1.3635643650e+00 -3.6532160784e-01
-4.6968047773e-02 -6.9403884772e-02 -1.2680316504e-01
3.1387181173e-02 -1.4694992750e-01 -2.1242815403e-02
-2.8686209148e-03 -9.5425207075e-02 -8.0488292612e-03
1.1774690322e-02 -6.6648043699e-02 3.7726664477e-02
1.5687855892e-02 -8.4845704984e-02 3.2000380363e-02
9.8159871638e-03 -8.3762431599e-02 2.9841956861e-02
-1.6149511583e-02 -8.9259898071e-02 3.3578066979e-03
-9.0693998483e-02 -5.1430143210e-02 4.7093811037e-02
-3.8042761962e-01 1.0541898013e-02 2.1225355768e-01
-1.1063263030e+00 6.3019006292e-02 4.6577264252e-01
-1.7063346121e+00 2.4057155575e-01 4.6878885456e-01
-1.6410958437e+00 8.6034162124e-01 3.3814933052e-01
-1.0683448504e+00 6.6349892639e-01 2.6133426235e-02
-4.4542616275e-01 5.5864490201e-01 -3.1458794981e-01
-2.7699995279e-01 9.5328096069e-01 -3.4190091247e-01
-4.8128314281e-03 -1.0572439035e-01 -1.1985873408e-01
3.4496597285e-02 -1.4447260655e-01 -8.6550745201e-03
-9.6054258505e-03 -8.8016096762e-02 1.2285467603e-02
5.9475455394e-03 -5.7478064006e-02 2.7564632635e-02
4.7213823343e-03 -7.4073084914e-02 7.6624462222e-03
7.3119025898e-04 -8.4876897812e-02 -7.2532717725e-03
-2.6530264137e-02 -8.5424235318e-02 -2.5735567458e-02
-3.2019357714e-02 -6.5993126007e-02 -8.2526706995e-03
-5.7376837092e-02 -5.0500934666e-02 2.3415920715e-02
-2.0523688244e-01 2.4000291479e-02 1.2303179539e-01
-5.6973147986e-01 5.9875907783e-02 2.8420786176e-01
-9.6823459171e-01 4.6211873469e-01 4.9414572193e-01
-7.7570819920e-01 5.7550345229e-01 4.6958901617e-01
-4.7236311818e-01 6.4187464659e-01 -1.7979628032e-01
-4.3779906403e-01 9.9189663796e-01 -2.2703764760e-01
-2.5213112827e-02 -4.7552025530e-02 -7.8935590423e-02
3.3035289419e-02 -1.2449500123e-01 -1.6392048782e-02
-1.8332009292e-02 -5.9630670897e-02 1.1920332460e-02
-1.0924984935e-02 -6.2837615429e-02 -3.1568218622e-03
-3.6868315085e-03 -7.9794583816e-02 -8.9471746117e-03
-9.0546131942e-03 -8.7278170867e-02 -2.3892954038e-02
-2.9079300755e-02 -8.9621282295e-02 -3.1386605211e-02
-2.8477527167e-02 -7.5381525758e-02 -1.0785330655e-02
-3.9838303495e-02 -6.4883186770e-02 -1.1433170433e-02
-2.9952567091e-02 -5.4604707929e-02 -1.9766010668e-02
-8.1969480878e-02 -3.4037047409e-02 2.2942736042e-02
-2.1585333181e-01 1.3389469841e-01 2.1965219561e-01
-2.9983617286e-01 3.9317584062e-01 4.1309636032e-01
-4.1877707950e-01 7.2912226359e-01 2.0744830884e-02
-4.4912262353e-01 8.2541209816e-01 -2.3480946378e-01
-2.6688330510e-02 -1.4819868468e-02 -4.8701133274e-02
3.8658460032e-02 -1.0767877472e-01 9.3231282040e-03
-1.1266220716e-02 -6.0989320547e-02 2.4900010373e-02
-6.4288236086e-03 -6.9226976411e-02 -5.5558535033e-03
-3.6978655237e-03 -8.5785259160e-02 -2.1245434465e-02
-1.3321159448e-03 -9.1402355587e-02 -2.1703625372e-02
-1.9892525315e-02 -9.9561576080e-02 -3.5859030255e-02
-2.6046346845e-02 -9.9203300039e-02 -2.7343492053e-02
-3.3953113793e-02 -8.5823223354e-02 -3.7877607062e-02
-1.8954619662e-02 -7.9727302693e-02 -4.8793457947e-02
-2.7249024742e-03 -6.7542330563e-02 -2.0319531273e-02
-4.8338004917e-02 -4.1878471658e-03 3.9042573502e-02
-1.3934322309e-01 1.5690500317e-01 9.7479425844e-02
-1.8674279964e-01 2.0539759682e-01 -4.6594269318e-03
-1.5711056419e-01 1.6817715180e-01 -9.3038867076e-02
-1.3611111420e-02 -6.2553522783e-02 6.9367461632e-03
2.2730109070e-02 -9.1851865682e-02 1.5959947949e-02
-1.4985260011e-02 -5.6210036229e-02 1.8107669579e-02
-1.2254518699e-02 -8.2961311596e-02 -1.4253979429e-02
-7.4259767018e-03 -9.5579497412e-02 -3.3921478655e-02
-1.4566428159e-02 -1.0263728991e-01 -2.5752133238e-02
-2.5815161511e-02 -1.1056436546e-01 -3.7317064852e-02
-4.5563663576e-02 -1.1442969983e-01 -3.1762894067e-02
-4.5112357800e-02 -1.1264092650e-01 -5.4106324488e-02
-2.9659273492e-02 -1.0281611023e-01 -5.0702595413e-02
-6.5066298886e-03 -1.0237001644e-01 -3.2604317365e-02
-8.8444741971e-03 -8.5829287341e-02 -2.3619392519e-03
-2.1509361527e-02 -5.6350269680e-02 -8.3201590968e-03
-1.8481735266e-02 -6.0047115666e-02 -1.8341889942e-02
2.2345496912e-02 -8.9367495193e-02 3.1637559210e-02
1.3057887003e-02 -1.0875253792e-01 6.0496635283e-02
2.0508997017e-02 -9.9823981879e-02 3.4331179675e-02
-8.1692836484e-03 -8.1495517213e-02 3.3930458518e-02
-2.9294690459e-02 -1.9917519058e-02 3.6691147833e-02
-2.8191127147e-02 -3.9428879335e-02 -1.1905659142e-04
-7.3774723870e-02 -3.8963834192e-02 -7.1896694997e-03
-1.4637202751e-01 -5.9323978148e-02 -1.0300997881e-01
-2.2101536815e-03 -7.9116424685e-02 -3.5297322517e-02
2.7218887009e-01 -4.6805163350e-03 5.3006208632e-02
6.7883921624e-01 2.3887247360e-01 1.9760839900e-01
8.5610437182e-01 4.4966984923e-01 1.4579624974e-01
1.0546037302e+00 5.9703285479e-01 4.9579181411e-02
1.0740849186e+00 5.9762064131e-01 -3.5575049743e-01
4.9528903760e-01 1.9337067710e-01 -5.2870407962e-01
-1.0748832607e-01 -2.0523353000e-01 -9.4817520464e-02
-1.6604719181e-01 -1.7977847593e-01 4.5559605067e-02
-4.3244748883e-02 -1.1185651513e-01 3.3941082683e-02
-5.4481127349e-02 -8.8277061936e-02 1.0119385681e-02
-1.2654149692e-02 -1.2077528975e-02 3.6712046031e-02
-1.9030752681e-02 -4.3546654707e-02 -4.2324213265e-03
-6.0571299367e-02 -3.8866310707e-02 1.0528369761e-03
-2.8914784847e-02 7.5806575770e-03 -2.5952635605e-02
4.0927544508e-01 2.3432478945e-01 3.0428410884e-01
9.1126796736e-01 5.4528174611e-01 4.5733908952e-01
1.0465484909e+00 6.3238167092e-01 4.1237019943e-01
7.9879596953e-01 4.7435200305e-01 1.4328780688e-01
5.4092381574e-01 3.7032771734e-01 3.5851088432e-02
5.8058124463e-01 4.7340412678e-01 -3.2847881640e-01
6.0001947062e-01 4.5225516465e-01 -8.0473920662e-01
-2.1301747792e-02 -9.4810800154e-02 -3.6552854328e-01
-1.4640883845e-01 -1.9451663247e-01 2.5077367190e-02
-4.9923430772e-02 -1.3420776535e-01 8.9488503374e-03
-4.2118177029e-02 -1.1788163586e-01 8.9795580880e-03
-2.7613433153e-02 -1.0321300808e-02 3.5056993348e-02
-3.8392507579e-02 -4.8725306185e-02 -1.7821018563e-02
-1.8932271690e-02 1.6080786460e-02 1.0415736793e-01
3.7817064047e-01 3.3538738413e-01 4.2517519665e-01
9.0690312080e-01 7.0083556998e-01 7.6265027199e-01
6.5774638763e-01 5.5898758635e-01 4.4968267494e-01
3.4484451676e-01 3.7078430158e-01 1.3638985460e-01
5.6328660483e-02 1.2601178377e-01 -1.2351141051e-01
-2.4428087112e-01 -1.9736622839e-01 -3.8169465269e-02
-2.3251302208e-01 -1.7948954920e-01 1.8285615858e-02
8.2954349667e-02 1.6711934587e-01 -3.4498542006e-01
2.9577527996e-03 -1.6372136104e-02 -2.7853276775e-01
-1.0442871822e-01 -1.4217897290e-01 -1.4866778922e-02
-4.8841928966e-02 -1.0456729508e-01 -3.0210586911e-03
-5.0620059233e-02 -9.5213537259e-02 -1.6668809434e-03
-4.3626302277e-02 1.7732308048e-03 2.5994388736e-02
-1.2034223207e-02 -7.2548330279e-03 -1.9663756815e-04
1.7632791465e-01 2.8640164781e-01 3.8158548430e-01
5.6571418914e-01 7.4185627358e-01 7.0665079167e-01
5.1735947326e-01 6.2228941373e-01 5.2271960073e-01
2.0893417625e-01 3.3873793797e-01 1.5466094618e-01
1.4583683067e-01 3.5670326426e-01 -1.1037918218e-02
-3.7954476212e-02 1.4484432717e-01 -1.0352877976e-01
-4.1182784416e-01 -4.9240158739e-01 8.3059859567e-02
-4.8126109211e-01 -8.2259424298e-01 2.8225227391e-01
-2.3859564037e-01 -4.0040302065e-01 1.9331034504e-01
-1.6773491835e-01 -2.7402393976e-01 4.7666913637e-02
-1.0198069164e-01 -1.2114485576e-01 -6.0045875365e-03
-2.4964652178e-02 -7.2375216320e-02 -2.7904906908e-02
-3.4811996497e-02 -7.0638315152e-02 -1.6697563481e-02
-4.7431754679e-02 -5.4307272794e-03 2.0951286375e-02
7.3908590899e-02 1.3116045225e-01 2.0527331683e-01
3.5119982905e-01 6.5083498435e-01 7.9522632939e-01
3.8803958194e-01 7.1188655638e-01 7.0818993650e-01
2.6716103673e-01 4.6523218256e-01 3.7863264337e-01
6.9553571299e-02 3.2001858350e-01 6.9053967986e-02
2.6738200557e-02 1.5653471582e-01 -4.5120784583e-02
-7.0240654496e-02 -1.6669819805e-01 -1.9059738493e-02
-2.0391512495e-01 -8.0407075418e-01 1.8325433174e-01
-3.2049990674e-01 -1.3454325944e+00 4.8182255264e-01
-2.6044662976e-01 -1.2823600158e+00 6.2654001043e-01
-1.6498060809e-01 -8.4543908428e-01 1.3313995511e-01
-7.0696224080e-02 -2.0075825335e-01 -5.4686089533e-02
-1.7233549095e-02 -6.4944163245e-02 -1.4237554289e-02
-2.5531742651e-02 -6.3876800246e-02 -8.4059281132e-03
-5.0197673172e-02 -8.9376343791e-03 3.4763653657e-02
6.1964671598e-02 2.7366616907e-01 3.3513444268e-01
1.0693702455e-01 6.6228665157e-01 7.0450170529e-01
-7.2496623170e-04 4.4350185289e-01 3.6087403190e-01
-5.5142132250e-02 2.1816797591e-01 1.2329799044e-01
-8.6462951543e-02 2.0646372272e-01 -4.1220014236e-02
-2.4940194688e-02 -4.2929425248e-03 -8.2731744324e-02
-1.1322483744e-02 -4.3956599435e-01 4.4686802332e-03
-1.4751451801e-02 -1.2296983680e+00 1.9517230267e-01
-1.0538355468e-01 -1.7308442034e+00 4.8715882884e-01
-8.5620185896e-02 -1.7283202981e+00 6.9765556268e-01
-2.6338258396e-02 -9.6294352613e-01 -1.4941346972e-01
-7.8337547087e-02 -1.7018093961e-01 -1.7165904210e-01
-3.9193504958e-02 -5.5333797926e-02 -3.5033410468e-02
-3.4450540604e-02 -6.0693932091e-02 -1.8624750437e-02
-6.5981530480e-02 -2.0864273896e-02 2.0212267312e-02
-8.1675585581e-02 2.1438913435e-01 1.8784121311e-01
-2.1431723808e-01 5.3055396332e-01 4.8011836486e-01
-2.4741576139e-01 2.4760226252e-01 1.0015729202e-01
-1.8170132598e-01 -1.3852392756e-01 -7.6262431387e-02
-2.0386523964e-01 -1.3896428213e-01 -1.4956591161e-01
-2.4433711715e-01 3.4203949241e-02 -4.6130477167e-02
-1.6342325089e-01 -2.4698596915e-01 -2.3727487709e-02
4.9867836781e-02 -1.1621284857e+00 9.5189321306e-02
1.4280952162e-01 -1.4814819618e+00 3.7297599927e-01
2.9667839768e-01 -1.3029684999e+00 8.2421555307e-01
2.7132320364e-01 -6.2951037295e-01 1.9542030863e-01
-3.9954508500e-02 -1.2530398850e-01 -2.2460152502e-02
-2.6768343707e-02 -8.4901991326e-02 5.3849872975e-03
-2.3983773740e-02 -9.1785484744e-02 1.1351047188e-02
-7.0065363057e-02 -5.2081399883e-02 -1.9948742000e-02
-1.6091716989e-01 1.0938079160e-01 6.1686678815e-02
-4.6537932199e-01 5.9165877720e-01 3.9893705323e-01
-3.7182972835e-01 4.6231679876e-01 2.2827204515e-01
1.0762758723e-01 4.0020923317e-02 4.3141109052e-02
2.3812333658e-01 -1.9377966480e-01 -7.7762569751e-02
-3.4172376465e-01 1.3857184984e-01 -1.9672027492e-03
-6.6867993327e-01 2.8178831572e-01 3.9709416456e-02
-2.1057809245e-02 -4.3142073579e-01 3.8496589067e-02
1.9575360580e-01 -6.4405196864e-01 1.0082230890e-01
6.5618036770e-01 -3.2998829630e-01 3.5920779225e-01
7.5981446853e-01 -2.1420163531e-01 1.8656512625e-02
-1.8794378041e-02 -1.0744618449e-01 -1.2655140842e-02
-5.5713169123e-02 -8.6510726183e-02 2.6355366753e-02
-3.8954045484e-02 -7.4255109197e-02 1.5171788174e-02
-4.4326775246e-02 -5.3200542606e-02 -3.7982447374e-03
-1.1755522632e-01 2.0195007573e-02 -2.1034551228e-02
-3.7064775128e-01 3.2557992043e-01 1.7839881724e-01
9.4265111650e-02 6.2710638922e-01 5.9304255777e-01
1.2251065922e+00 7.9249394713e-01 8.8964707558e-01
1.3502271346e+00 -2.8988549036e-01 -7.6283276250e-03
6.7531085945e-01 -9.6702093368e-01 -5.2971036031e-01
-1.3406354867e-01 -4.9265410331e-01 -1.8200050440e-01
3.5150705553e-02 -4.0712385715e-01 5.1637326144e-02
4.6267350091e-01 -1.8484593759e-01 -4.3452946099e-01
1.1071811865e+00 4.1819971208e-01 -6.9053982314e-01
1.7626851945e+00 4.2023243341e-01 -6.0183967412e-01
2.4237216929e-01 -1.1833098649e-01 -2.1123598584e-01
-2.7481696558e-02 -1.1128707735e-01 3.0706489777e-03
-1.6069824874e-02 -8.8982403038e-02 1.9166007925e-02
-4.2735831890e-03 -6.0781757880e-02 2.6054923832e-02
1.3053464377e-02 -5.8733512123e-02 1.2002785604e-02
-7.4159302396e-02 1.9416714266e-02 8.9229613730e-02
-1.2759100345e-01 4.7551102624e-01 6.6044999053e-01
-2.2721842031e-01 1.0965437604e+00 1.0525737449e+00
-3.4061773416e-01 4.9274278712e-01 5.2759659846e-01
6.5237132027e-03 -3.7724105764e-01 -4.5661983076e-02
1.1995135934e-01 -4.6545205069e-01 -1.5971546607e-01
-1.1030067837e-01 -2.7714831488e-01 3.2726978132e-02
6.1751705394e-03 1.4447854172e-01 -6.9991810217e-01
-1.6964731140e-01 -1.0793743343e-02 -4.5618359557e-01
6.4488717708e-01 5.1399710603e-01 3.2029805951e-01
1.0159216415e-01 -1.5398773266e-01 1.1130472836e-01
-5.6303465834e-03 -1.0052315443e-01 -6.7784619787e-03
-8.6331813304e-03 -6.0218071132e-02 1.1814896591e-03
8.9239259325e-03 -6.4899902016e-02 3.5235228258e-02
3.8592655656e-02 -7.7415038985e-02 -4.6158525807e-03
-8.0348512484e-03 -7.8664825663e-02 7.8067168390e-04
-2.9084889319e-01 -4.6126120774e-02 6.5110611390e-02
-9.0478888391e-01 -4.6018791147e-02 2.5721979941e-01
-1.2585684907e+00 1.1484961184e-02 6.6070640845e-01
-1.2561603309e+00 3.4153903135e-01 6.9613860725e-01
-6.2818837769e-01 5.1308661951e-02 1.7171559459e-01
-2.8320105897e-01 -7.0375846121e-02 1.1778078723e-02
-2.1773156096e-01 -1.6706297242e-01 -2.9041640929e-01
-3.1937264134e-01 -2.0698399217e-01 -7.2859822754e-03
-1.2657791192e-01 4.8441169780e-01 3.4322807540e-01
-5.2021263727e-02 -1.2118453781e-01 3.1526398466e-02
2.0929031753e-02 -1.0099724911e-01 -5.0731417089e-02
-4.5969742918e-03 -6.5568973657e-02 -9.3299780667e-03
-2.3564141999e-03 -6.4146344876e-02 3.3721781511e-02
1.9031352949e-02 -8.0733824185e-02 6.9307620424e-03
9.3110717052e-03 -7.9616426595e-02 2.1108278314e-02
-5.3987495502e-02 -9.7385761722e-02 -3.5082443335e-02
-1.5735284723e-01 -2.0588740292e-01 5.4617296863e-03
-3.7545157439e-01 -4.8081579437e-01 3.0037098713e-02
-9.0678443700e-01 -6.4800573554e-01 1.2726915709e-01
-1.0566420948e+00 -5.1342479270e-01 1.9947601046e-01
-8.0445780660e-01 1.5951844213e-03 2.0355673268e-01
-4.9003511996e-01 9.4669022553e-02 8.7224870818e-02
-7.0994357134e-02 -2.5699246940e-01 -5.2714400187e-02
-6.1703867696e-02 1.6318427540e-01 -3.0433180267e-02
2.7033091979e-02 -1.8166713521e-01 -5.9402700748e-02
3.1023633658e-02 -9.6842618990e-02 -1.2338231246e-02
-1.1038098398e-02 -6.2134042434e-02 1.8955402167e-02
-1.9628872651e-02 -5.4442953697e-02 3.3037108034e-02
-1.4352428888e-02 -6.7988300060e-02 -8.4276927005e-03
-3.3122604777e-02 -7.3854506665e-02 -8.5472730959e-03
-6.0776038952e-02 -5.4461048420e-02 -7.6984127832e-03
-8.0407831396e-02 -2.6127743074e-02 4.0508638335e-02
-1.6315714922e-01 2.5458450159e-02 3.4477727072e-02
-3.8490642139e-01 4.8837259049e-02 2.0095852938e-01
-6.3902764599e-01 -4.1097395193e-01 3.5022495287e-01
-6.6484875699e-01 -6.6549954932e-02 4.0473948747e-01
-5.1730077145e-01 3.9454439961e-01 4.9510647112e-01
1.1065885609e-03 -6.5322443463e-02 1.3328066831e-02
-1.1623508111e-01 4.2961530934e-01 1.1117760116e-01
5.8907679830e-02 -9.1095408475e-02 2.2822442649e-03
2.7916490942e-02 -7.9443847949e-02 -3.0157555842e-02
-2.3081513149e-02 -3.2865807248e-02 1.2473899982e-02
-2.6255115167e-02 -5.5362558842e-02 6.2751936774e-03
-1.8071192650e-02 -6.8593330190e-02 -2.5052719144e-02
-4.3401796307e-02 -6.7774856315e-02 -1.2375662314e-02
-6.6665219611e-02 -5.5573932710e-02 -1.1976040043e-02
-5.9493647360e-02 -3.4413479304e-02 3.6903705047e-02
-5.9674084871e-02 -1.1203296970e-02 4.5640211731e-03
-6.0408709845e-02 -5.7560933166e-03 3.1925923811e-02
-1.2339352489e-01 -8.2897025588e-02 1.6981187046e-01
-4.3359781040e-02 -1.0577525152e-02 6.5109098253e-01
-5.1401737614e-01 9.6561048599e-01 8.3057846554e-01
-2.1807493001e-01 7.0889989584e-01 1.8244059293e-01
-6.4125799350e-01 1.2769268209e+00 -7.1163291473e-02
-8.6221595640e-02 2.2754537435e-01 -6.6201213225e-02
6.2781258904e-02 -7.6876166898e-02 -7.4622410334e-03
-1.4688728049e-02 -3.8464380264e-02 2.7546094354e-02
-2.6510766702e-02 -6.4234093572e-02 -8.3681956502e-03
-1.4683933423e-02 -8.4153502253e-02 -4.5572209069e-02
-3.8061952316e-02 -8.2577387816e-02 -4.0142117276e-02
-5.6023267820e-02 -9.2109201419e-02 -5.8886599684e-02
-5.6056927262e-02 -7.6267952509e-02 -3.2529131500e-02
-5.5668122226e-02 -4.5578425094e-02 -4.7425537469e-02
-3.9264138470e-02 -3.5318461399e-02 -3.7090464987e-02
-7.5945917359e-02 1.1138323432e-02 7.0824315725e-02
-1.9955027449e-01 3.3641449215e-01 4.4078940275e-01
-6.6966042596e-01 1.0982064339e+00 5.9575378888e-01
-5.4915136503e-01 9.2228463775e-01 2.1062261251e-01
-8.4270251305e-01 1.0128037023e+00 -3.3761763298e-01
-2.6424085486e-01 2.4966025955e-01 -2.2024382823e-01
2.3594548483e-02 -4.1759291854e-02 -5.1653838728e-03
-1.9311539178e-02 -3.2302613624e-02 1.8368686748e-02
-2.8958984424e-02 -8.6835913872e-02 -2.9704031710e-02
-1.3873129338e-02 -1.0697345393e-01 -7.6597006151e-02
-3.2101346258e-02 -1.0879371246e-01 -4.5069029934e-02
-5.1539812237e-02 -1.1347118699e-01 -6.8867932039e-02
-6.1052141521e-02 -1.1216486150e-01 -5.7567581316e-02
-5.2322561975e-02 -9.7643800090e-02 -8.9149665347e-02
-3.3434006213e-02 -9.3367530835e-02 -7.2427675711e-02
-4.6858298471e-02 -6.3746442355e-02 -2.8629456961e-02
-1.3138954799e-01 7.0829258006e-02 9.6560843687e-02
-3.2042344753e-01 3.2275883135e-01 9.1823904327e-02
-2.8713061239e-01 2.6932382141e-01 -9.9736171072e-03
-2.0308178084e-01 1.4300183279e-01 -6.1757437609e-02
-4.5870139755e-02 -2.6316795933e-02 1.0139720702e-02
3.2046131048e-02 -6.9198313699e-02 3.3055227403e-02
-9.2783721931e-04 -7.0552721502e-02 3.4208652424e-02
-1.3840474198e-02 -6.3105927278e-04 2.2761521510e-02
-1.6815554903e-02 -2.8053843157e-02 7.8158031854e-03
-4.7835155741e-02 -2.8743757726e-02 1.2120496626e-02
-9.5929202279e-02 -5.7474876219e-02 -2.0569479779e-02
1.3879214323e-01 -4.1911096492e-02 1.4008592600e-01
7.4314508255e-01 1.4924373702e-01 3.9218906466e-01
1.3298528060e+00 4.2976423444e-01 5.5657095864e-01
1.3765937880e+00 5.7445874641e-01 4.4716411762e-01
1.6819219015e+00 7.1562392963e-01 2.0012953875e-01
1.9631132410e+00 7.9103104154e-01 -5.0493749697e-01
1.1542768874e+00 4.6776717812e-01 -8.3702681269e-01
3.9999303418e-02 -3.5037108617e-02 -1.3890255908e-01
-1.6320010101e-01 -1.2010459433e-01 1.1013866938e-02
-7.1435566619e-02 -7.6734198078e-02 1.7522542846e-02
-7.1451385042e-02 -5.4959872955e-02 -1.7217203986e-02
-9.4873943000e-03 7.1297883154e-03 2.6669077323e-02
-1.5716890826e-02 -3.6233155276e-02 8.3438159488e-03
-2.4620939317e-02 -4.6108804720e-02 5.5866789468e-02
1.5454091149e-01 1.2750664096e-02 2.0472463536e-01
7.0390390046e-01 2.0913334387e-01 6.2979731008e-01
9.3815879968e-01 3.5271830051e-01 6.5545119714e-01
7.2363768479e-01 2.8152623112e-01 3.6145451821e-01
3.6045059623e-01 1.3741157423e-01 9.7655247740e-02
-6.2520900019e-02 -3.1968008277e-03 5.7677837056e-02
1.0565210648e-01 9.3322440853e-02 -9.5275270529e-02
4.6919530150e-01 3.1094882757e-01 -4.3736139439e-01
2.0024215982e-01 1.0756237460e-01 -2.1516346989e-01
-7.4740273286e-02 -9.5060109259e-02 -4.3777467680e-02
-4.0510531619e-02 -7.8813623975e-02 -1.2156088494e-02
-4.5406680140e-02 -6.3571780114e-02 -1.3611110669e-02
-2.4416857593e-02 1.9761308973e-02 2.2224292209e-02
-1.7908202120e-02 -2.6518895368e-02 2.0488730043e-02
1.2780218458e-01 4.7158263237e-02 2.5485281047e-01
6.0404826013e-01 2.6762097695e-01 6.7302552160e-01
6.7255818663e-01 2.7936035309e-01 6.5155877022e-01
2.9950008125e-01 1.5245334808e-01 2.5993875761e-01
1.5485611342e-01 1.0536103850e-01 4.6714383946e-02
1.7969150172e-01 1.4937072373e-01 -1.9949943132e-04
-7.8119316940e-02 -3.4941244313e-02 3.3111045391e-02
-9.3668131797e-02 -2.0449246188e-02 1.8576470626e-01
2.3068851672e-01 2.0878920302e-01 2.5430875804e-01
1.2632939548e-01 7.5958618055e-02 1.3675861549e-01
-8.4709103720e-02 -7.8833401797e-02 -1.6491990930e-02
-3.4131506432e-02 -5.5119401579e-02 -2.6413297876e-02
-5.6617211940e-02 -4.5274205088e-02 -2.7079963877e-02
-5.4464557766e-02 4.9814165957e-02 5.5580283614e-02
5.4105862137e-02 6.8707519436e-02 1.8873319417e-01
4.0377547611e-01 2.8890339428e-01 6.9149667247e-01
4.1674567457e-01 2.8048239577e-01 5.6973869845e-01
1.6202903567e-01 9.4416517510e-02 2.3672293404e-01
9.1870228122e-02 6.0618477001e-02 1.1127769721e-01
8.2620750429e-02 8.2700791292e-02 4.8731693972e-02
5.3397905638e-02 7.4010985321e-02 6.2083702164e-02
-1.3608910472e-01 -1.5245246625e-01 9.0754594303e-02
-2.4762745426e-01 -3.5228753930e-01 3.0963003351e-01
-2.5533295060e-01 -4.5570510289e-01 6.5896221961e-01
-2.4346490144e-01 -4.3161620072e-01 4.2504540958e-01
-1.1189618895e-01 -1.3606082162e-01 1.3811776871e-03
-1.2701895857e-02 -5.3905797906e-02 -4.3412512663e-02
-3.9985227505e-02 -4.1040155337e-02 -4.1238203383e-02
-2.8483081446e-02 5.9873575945e-02 1.1476475392e-01
2.6450077126e-01 2.3919032559e-01 5.4137930420e-01
3.5934651375e-01 3.5940143808e-01 7.5192893341e-01
1.4774693176e-01 1.5756726739e-01 3.4912796339e-01
1.0305766665e-01 6.2147887655e-02 1.8558102274e-01
5.3534380865e-02 1.4851423434e-02 7.7556733919e-02
3.6848241402e-02 -7.5489224800e-02 3.8154732633e-02
-6.6092102279e-03 -9.0080970812e-02 8.0855048452e-02
-5.8822927955e-02 -2.1491966418e-01 1.0310798585e-01
-1.7397592146e-01 -5.6954282652e-01 3.3193012160e-01
-2.6129406266e-01 -1.1352874378e+00 6.0812782442e-01
-2.0202428571e-01 -8.8384885876e-01 1.1247218148e-01
-7.0955272878e-02 -1.8992171277e-01 -7.0938471857e-02
-1.9524264300e-02 -5.3753457683e-02 -2.5801572884e-02
-4.0407468756e-02 -4.3020571841e-02 -2.8295024901e-02
2.4034111823e-02 1.0686560363e-01 3.0260171996e-01
2.5602093013e-01 3.9548590347e-01 7.3221620530e-01
7.2435105239e-02 3.0048265493e-01 4.9107275830e-01
-2.1602203689e-02 1.1618294471e-01 2.0998039205e-01
2.7786265080e-02 -3.9673115227e-02 1.2934547006e-01
2.8597612128e-02 -7.8614763540e-02 1.4368931811e-02
3.6693183843e-02 -1.3950064883e-01 -1.4061884640e-02
3.1483973509e-02 -1.3351264114e-01 7.0686731466e-02
3.9895335450e-02 -2.6123701705e-01 1.2172963623e-01
-2.7256023273e-02 -5.7638088102e-01 2.9332795740e-01
2.2436095376e-02 -1.3719485243e+00 6.1638645260e-01
7.1040198784e-02 -9.8254877220e-01 -7.4955241211e-02
-4.3137694554e-02 -1.5270769001e-01 -1.4929482926e-01
-3.6921618646e-02 -4.3926757610e-02 -4.4286723767e-02
-5.1212874587e-02 -4.4982654901e-02 -3.5088177619e-02
5.2786618840e-03 1.4904671829e-01 3.3294031409e-01
3.9519830881e-02 3.5230486694e-01 4.6209293072e-01
-9.3914042495e-02 2.8635555349e-01 3.2097503177e-01
-9.3673773030e-02 -7.5114381381e-03 1.4943065838e-02
-4.8127819552e-02 -2.0918924223e-01 -3.5740781358e-02
-5.8224744887e-02 -1.3362451712e-01 -4.2494884949e-02
-6.9539372722e-02 -3.0242142246e-02 7.5079946678e-03
-6.2287787102e-02 -3.0939128648e-02 2.9877533514e-03
2.7444633721e-02 -2.1380623114e-01 2.8823280976e-02
5.0160845466e-02 -4.2456590342e-01 2.3507925695e-01
2.2556376979e-01 -9.5565040490e-01 8.9605404386e-01
2.5075813071e-01 -6.8372814938e-01 4.5266136185e-01
-8.0538554593e-02 -6.1500759071e-02 -4.2932054872e-02
-2.5509683953e-02 -7.7639879987e-03 -3.5288300053e-02
-3.8539700835e-02 -6.4125137331e-02 8.5809459711e-04
-7.4152557798e-02 6.8156945370e-02 1.2120319953e-01
-1.0100832921e-01 2.6401766151e-01 1.5284520393e-01
-1.7370852468e-01 3.3363116706e-01 1.9620278180e-01
-1.1787685805e-01 7.3718571728e-02 -3.2357586920e-02
-2.6333078055e-01 7.0530494389e-02 -8.8105377584e-02
-2.3592889049e-01 9.0814825111e-02 -5.1767339277e-02
-1.9954633021e-01 2.0644469139e-01 8.8691374031e-02
-6.3340407743e-01 3.1599031023e-01 1.1558748016e-01
-3.6880266740e-01 2.4819324606e-02 3.7876337094e-02
-1.3095410600e-01 -8.5161466358e-02 9.0092986759e-02
5.5377119122e-02 -3.0342345861e-01 5.3015947434e-01
5.3109162269e-01 -1.2210490991e-01 1.1406873618e-01
-1.0011994483e-01 1.7777850555e-01 -2.6297600577e-01
-9.0400140862e-02 1.7476281469e-02 -4.2066948534e-02
-4.8937657640e-02 -4.9630372796e-02 4.1707055279e-03
-1.6079369167e-01 8.4728609611e-02 1.2412083330e-01
-4.6125818517e-01 3.3206471375e-01 2.1925546034e-01
-4.3164910441e-01 3.8624913952e-01 2.1415658257e-01
3.3274942589e-01 3.0997961501e-01 2.5762531951e-01
8.3692991506e-01 -2.5534937038e-04 2.4373570459e-02
7.5022126287e-01 -2.7955638628e-01 -2.1023567937e-01
6.4725161567e-01 -1.4734131128e-01 -1.5840361441e-02
-1.9520403107e-01 1.1647188017e-01 6.8261171944e-02
-4.0294813773e-01 6.9141349632e-02 9.3493015671e-03
-1.4314759433e-01 -1.0876380612e-03 -1.7829868032e-01
-3.5966210169e-01 -3.0879775490e-01 -2.8716647368e-01
7.6290771973e-01 -1.3282381912e-01 -3.4607220825e-01
2.7524462423e-01 1.3339701915e-01 -4.1861574460e-01
-2.4980751441e-02 -3.0032375179e-02 -4.3983438166e-02
-2.0478065793e-02 -6.0889979086e-02 1.0684045096e-02
-7.6442420627e-02 -7.8613982211e-03 4.9642542322e-02
-3.9830915698e-01 9.1585979170e-02 8.7998588501e-02
-6.1332715627e-01 1.3101100040e-01 4.7521702708e-02
-1.1339342284e-01 2.6631900726e-01 2.6427602022e-01
2.8946330571e-01 2.6594045727e-01 1.5283943371e-02
2.2365058068e-01 1.8953029318e-01 7.6645578845e-02
3.8767024689e-01 2.2450775737e-02 1.8091709745e-01
4.6172014106e-01 1.7866062732e-03 7.0093024622e-02
2.5633370267e-01 4.0442053748e-02 4.1682686760e-02
2.9283294049e-02 1.4004124703e-01 -3.2392491587e-01
-3.6287138572e-01 -1.5034944686e-01 -2.3901425264e-01
3.8259577866e-01 -5.0368622706e-02 3.5812184632e-01
1.2116582985e-01 -4.3990109663e-02 7.8722296352e-02
-1.1234839731e-02 -3.1391957046e-02 -2.1327817860e-03
-1.3479982449e-02 -2.5185275515e-02 -3.7614556216e-03
-7.6891856469e-03 -5.4607604719e-02 1.6881693567e-02
-5.9956058078e-02 -7.2410456570e-02 -4.9654943027e-02
-2.6345114234e-01 -1.8018666367e-01 -2.0447586580e-01
-3.2433936702e-01 -2.7359640509e-01 -3.0704341381e-01
-3.9557779264e-01 -1.5093605925e-01 -2.9759129794e-01
-4.1619665210e-01 -4.8186935747e-02 9.5650759134e-02
-3.4363303638e-01 -4.0579716662e-02 2.4158306772e-01
-1.7929827056e-01 -5.6554683638e-02 7.1339477480e-02
-9.0027535791e-02 -2.7239845887e-02 7.4807051132e-02
-6.1305300900e-02 4.4703635241e-02 -2.8568515165e-02
-7.8467203365e-02 6.0549355781e-02 1.3305452187e-02
-2.6069721037e-02 6.1951637184e-02 1.9701503181e-01
-6.2807376294e-02 -6.0707951189e-02 -2.0858627300e-02
7.6249040616e-03 -2.3641190163e-02 -3.7661041058e-02
-6.4566246812e-03 -2.4716967621e-02 -1.7939470712e-02
-1.1651345632e-02 -5.4074169457e-02 1.7204929244e-02
5.7946571380e-03 -6.6194523744e-02 -1.7567908182e-02
-7.8967694895e-02 -8.6703453455e-02 -4.8711034820e-02
-4.5565015472e-02 -1.7334603827e-01 -2.1204215022e-01
5.1730619507e-02 -3.5702351515e-01 -2.5386044193e-01
-2.3048755686e-01 -5.3373787788e-01 -1.1440726077e-01
-5.1464921821e-01 -4.5201335628e-01 -1.4892896437e-01
-5.1700344212e-01 -4.1057143933e-01 -2.5164525047e-03
-2.9013463287e-01 -2.0571459167e-01 8.7773826792e-02
-1.5971117193e-01 -9.3043244318e-03 8.4124558089e-02
-3.3159205733e-02 -3.3314218385e-02 2.7696883751e-02
-1.7038132336e-02 -1.8440095919e-02 1.3479053430e-02
2.9400167691e-02 -7.3789864194e-02 -2.8028195953e-02
5.3552938882e-03 -1.3348375877e-02 -1.1244947971e-02
-1.7546957463e-02 -1.3917858773e-02 8.5147346178e-03
-5.3982155529e-02 -3.0574665578e-02 2.8472412237e-02
-2.6535756345e-02 -4.7914389503e-02 1.7993334353e-03
-8.0651197868e-02 -3.4087957058e-02 2.0308873109e-02
-8.5602531631e-02 7.1952769067e-03 -2.4918549475e-03
-1.3708057073e-01 -1.1702459828e-04 4.1900778203e-02
-2.2211145554e-01 -1.5312925791e-01 -3.2096726233e-02
-1.8225578060e-01 -3.1854157483e-01 -3.0859023203e-01
-2.5044817265e-01 -4.3086530180e-01 9.5746128254e-02
-3.1626228572e-02 -4.1171876358e-01 2.0127587539e-01
-1.2567582637e-01 9.4160598633e-02 2.9959951424e-01
1.1100060583e-01 -3.1700833585e-02 1.7647802533e-01
5.1074507395e-02 1.6882550615e-01 3.0531349994e-01
7.9781496241e-02 2.2713729369e-02 5.3814407727e-02
5.1034732568e-02 -1.6551610559e-02 -5.3104950349e-02
-3.3071165711e-02 1.1891636881e-04 -5.7328529008e-03
-6.6200806613e-02 -2.3260160047e-02 2.4014129062e-03
-3.8713979901e-02 -3.7858017431e-02 -1.1614609753e-02
-7.1873009315e-02 -2.5221204245e-02 2.6002276511e-02
-6.5928071137e-02 -8.2312950895e-03 4.3421598087e-02
-5.6750275876e-02 2.0048116259e-02 1.0665334648e-01
-3.0297832985e-02 -2.5057247495e-02 1.8600621750e-02
1.6507060396e-02 -1.1254397829e-01 -3.9434864033e-02
1.2277571620e-01 -1.4465927198e-01 3.2930508278e-01
3.4004005882e-01 -2.2058344662e-01 5.3535523476e-01
-3.0006909748e-01 4.9830831190e-01 4.6971317493e-01
2.1374631763e-01 4.6055734715e-02 4.1972676515e-01
-5.3772959825e-01 5.6302667476e-01 5.9367457081e-01
-3.3431080711e-01 2.8208527089e-01 1.1868674069e-01
8.7788117828e-02 -3.1955250652e-02 -3.1812185749e-02
-2.5705077526e-02 -1.9583426471e-02 1.1249800822e-02
-6.4258031385e-02 -4.0146700857e-02 3.0267972413e-03
-3.8503488364e-02 -6.2978160057e-02 -2.0653351255e-02
-6.7842299185e-02 -5.9756213135e-02 1.5305380853e-02
-6.9001159882e-02 -5.2326209760e-02 3.9933664055e-02
-6.7479569452e-02 -2.5572317911e-02 8.1961562324e-02
-4.5661548260e-02 -2.0986977615e-02 4.2143628510e-02
-7.4780438620e-02 1.0801611652e-02 7.2024952352e-02
-6.8145373293e-02 1.6291265568e-01 4.7045692555e-01
-2.0356215325e-01 5.8743302709e-01 1.0329863589e+00
-1.0873321293e+00 1.2713570461e+00 5.3289827923e-01
-5.7467230041e-01 7.4769794886e-01 2.9960433996e-01
-1.4453232596e+00 9.0426266378e-01 -1.5010139331e-01
-9.2753988175e-01 4.6459164822e-01 -4.5975717588e-01
9.0015545127e-03 2.1615667486e-03 -5.7851095707e-02
-3.0236290266e-02 -1.4828926748e-02 5.9850588881e-03
-4.8704959036e-02 -7.1354867753e-02 -5.7301935359e-03
-2.5479729065e-02 -1.0511248954e-01 -5.2612981473e-02
-5.3210162046e-02 -1.0392285591e-01 2.6308805272e-03
-5.8375072448e-02 -9.9543626508e-02 -2.2693606218e-02
-6.2063227080e-02 -9.2752612325e-02 1.2780029802e-02
-3.6192601161e-02 -8.7497190910e-02 -4.3010259958e-02
-5.0874362913e-02 -6.7007927047e-02 -1.5947735482e-02
-1.5537083065e-01 7.4013901597e-02 1.7488869475e-01
-4.8951793313e-01 5.4761570580e-01 6.3340323673e-01
-1.1913563238e+00 1.1409214558e+00 3.7432040189e-01
-9.5626229599e-01 8.6205832833e-01 -6.3192987005e-02
-7.7632991455e-01 4.5011476180e-01 -2.6703014265e-01
-3.6640336706e-01 1.1809834610e-01 -2.3299322464e-01
1.0094378975e-02 -2.9908980129e-02 4.5702644005e-03
-1.6942997800e-02 -4.7859130763e-02 2.7083115793e-02
1.0538979330e-02 1.4619372210e-02 2.0633908899e-02
4.5956539888e-03 -1.9890410082e-02 1.5885951521e-02
-2.1751130479e-02 -3.0220580488e-02 2.6479802299e-02
-1.1795269767e-02 -6.5868548478e-02 3.8071307774e-02
3.1587619230e-01 -7.0272348631e-02 2.6520640035e-01
1.1528195367e+00 1.8770956600e-02 6.6107054634e-01
1.7005521648e+00 1.3893181137e-01 7.8032060326e-01
1.7990306028e+00 1.9044488090e-01 6.3148573228e-01
2.1098561207e+00 1.7285808530e-01 2.4989085604e-01
2.2787278148e+00 1.6746197315e-01 -5.8404445775e-01
1.5040016982e+00 1.0872112243e-01 -9.0369702568e-01
2.2493039641e-01 -7.0705940385e-02 -1.7788716402e-01
-9.9138057376e-02 -1.3675571019e-01 1.0918892960e-02
-7.4684566539e-02 -1.0939723461e-01 3.0022331614e-02
-4.9474083584e-02 -7.1243482209e-02 -6.6950561314e-03
1.5278474346e-02 2.0035320869e-02 2.5308886735e-02
3.1470146850e-03 -1.8075422251e-02 1.3359667252e-02
1.6751815284e-02 -4.0318248203e-02 7.1319524347e-02
2.6506282301e-01 -3.6449697841e-02 2.9965878955e-01
8.1721583777e-01 2.6798374659e-02 7.2353516407e-01
9.2767637861e-01 5.9164724821e-02 6.5552836474e-01
5.9391451974e-01 2.9965792769e-02 2.9028700754e-01
1.4415004998e-01 9.7115301541e-03 4.6420548678e-02
-3.6478779593e-01 -6.9531076960e-02 7.6808196280e-02
-1.9791595905e-01 -5.6970875515e-02 9.2105081862e-02
3.7886705516e-01 9.2216718744e-02 -1.7219977487e-02
6.4654406576e-01 1.0958094628e-01 -2.2608466285e-01
7.8928161345e-02 -6.2971787378e-02 -1.1203660562e-01
-3.0319028668e-02 -7.5856241403e-02 1.0927037775e-03
-2.5772225039e-02 -6.4583105764e-02 -5.1333482005e-03
-5.5262004801e-03 4.2890111666e-02 2.6432254642e-02
1.3291933288e-02 7.8896711830e-04 5.2477718951e-02
1.9576430782e-01 1.3526842379e-02 3.0535654563e-01
5.4232352527e-01 3.3896458866e-02 5.9601428340e-01
3.7988198035e-01 -1.7884330143e-02 4.2740119838e-01
2.7652117794e-01 -2.4280221192e-02 2.1943273573e-01
1.9875261602e-01 -2.6519876922e-02 9.5991502598e-02
1.7041865591e-01 1.7824215170e-02 7.4772187303e-02
-8.8241337161e-03 -1.4606896351e-02 7.7403969652e-02
1.2218066151e-02 3.4851472519e-02 1.5851977783e-01
5.7528960663e-01 1.6321027244e-01 3.1460583623e-01
6.9573837675e-01 1.6716870517e-01 1.2856840313e-01
4.9229108819e-02 -1.5031717571e-02 -4.3734590221e-02
-5.2456746707e-02 -5.0644600556e-02 -1.1880536307e-04
-2.5520281402e-02 -4.3087219502e-02 -1.3566772834e-02
-2.0572567364e-02 6.9183290570e-02 7.3643833712e-02
1.1976943858e-01 5.8325307057e-02 2.3732134948e-01
3.6165648733e-01 9.5385641049e-02 5.3327109713e-01
1.6838878298e-01 -1.8756052177e-02 2.4625913743e-01
-4.0294851056e-02 -1.0347710133e-01 2.0776278857e-02
7.3708923125e-02 -7.2610453252e-02 8.1527866749e-02
6.2953866223e-02 -6.7893671095e-02 8.6412585341e-02
6.6361180820e-02 -7.6095898670e-02 1.1018878926e-01
5.7113613963e-02 -5.0168049784e-02 9.2965287908e-02
5.4830451545e-02 2.2602558672e-03 1.2019530912e-01
1.4845325764e-01 3.3735129873e-03 2.4110433379e-01
7.2872092397e-02 -5.4445053982e-02 2.1337730188e-01
-6.1241692244e-02 -7.8278703184e-02 -7.3801907447e-03
-1.4627508612e-02 -6.3059068257e-02 -1.9293863512e-02
-9.1942794792e-03 -5.0849789775e-02 -2.9415369291e-02
2.3291830861e-02 5.9380119344e-02 1.7947397879e-01
2.5377673252e-01 1.0910681511e-01 4.4025251076e-01
6.3022654115e-02 4.3623391096e-02 2.1987222335e-01
-1.0319614174e-01 -7.7201469398e-02 -6.2243263540e-02
-5.7552321375e-03 -9.4789692251e-02 3.5501361781e-02
2.3529255704e-02 -6.5212782315e-02 4.6829197379e-02
5.2888647939e-02 -9.2112177556e-02 6.4611882611e-02
3.2295645281e-02 -7.7870678971e-02 9.7932644191e-02
5.7457183072e-02 -7.0484397146e-02 8.9932774043e-02
2.6449458347e-02 -5.0382702560e-02 9.1104291425e-02
-2.1155453415e-05 -1.3866061671e-01 1.1298042908e-01
4.7844090307e-03 -9.7775166522e-02 5.9396911906e-02
5.4849470320e-02 6.5371635676e-03 -2.8943070233e-02
2.0997931905e-02 -8.8710499671e-03 -2.4496218495e-02
-1.7512073746e-02 -4.8578571094e-02 -2.7550522582e-02
1.7480977376e-01 1.1268727788e-01 4.7842080267e-01
2.1898909375e-01 1.4784910617e-01 4.2797093454e-01
-1.7425008449e-01 -3.8077942087e-02 -1.3933403978e-01
-8.9988145229e-02 -1.1675778095e-01 -4.1655790447e-02
4.8659199408e-02 -1.3658652185e-01 8.5295402993e-02
4.7012806254e-02 -1.2191116992e-01 3.3226217610e-02
3.6559917640e-02 -1.2314254412e-01 3.2090559178e-02
1.5898261979e-02 -1.1014746720e-01 7.8663138761e-02
3.9325681948e-02 -8.6068501985e-02 7.2500906092e-02
2.5868485372e-02 -6.8093732353e-02 5.7132580484e-02
2.6828787301e-02 -1.8306655010e-01 8.2288845113e-02
1.4333594101e-01 9.1595975827e-03 5.6993345308e-02
2.8091572682e-01 4.3241036877e-01 -1.2828481932e-01
1.7404384047e-01 2.8429272696e-01 -1.6770720701e-01
-1.2210230333e-02 -1.9607502332e-02 -5.9349157648e-02
1.6396906993e-01 2.1650705734e-01 5.9896792747e-01
6.0348254385e-02 2.1242548732e-01 1.5915557902e-01
-1.1599881277e-01 5.8710627533e-03 -1.7132013450e-01
-2.7629103967e-02 -1.2994284032e-01 -5.6377529745e-02
1.5824950834e-02 -1.6232251209e-01 1.8487805301e-02
2.4376657663e-03 -1.0472407475e-01 -2.3068293623e-02
7.3681434652e-02 -9.1461190531e-02 1.0127993433e-03
1.2210803067e-01 -2.7674028998e-02 1.2718861929e-02
7.6800856647e-02 -1.3387081775e-02 -1.3851180530e-02
4.3236226368e-02 -3.3020024567e-02 2.1074606466e-02
7.1671685801e-02 -2.4063831608e-01 2.5392134590e-01
-8.5646086788e-02 -3.6512821832e-01 2.0852807167e-01
-7.3345791488e-02 3.1640395203e-01 -1.6643079317e-01
1.6370876942e-01 4.8709619092e-01 -2.3970049761e-01
7.9539002630e-03 1.3011174464e-02 -2.9414053250e-02
-1.0795374608e-01 2.8654108173e-01 5.2982697711e-01
-6.0260101957e-02 3.2185973598e-01 2.0223205732e-01
3.1791864214e-01 -1.2212552475e-01 -1.7798100178e-01
2.5072445159e-01 -2.1104265610e-01 -1.5258122798e-01
-2.4165348188e-01 3.8433951618e-02 -4.9790298113e-02
-1.2737567145e-01 1.2528535147e-02 -1.2922967586e-02
6.1434390993e-01 -6.6809351162e-02 9.3714778763e-02
4.0551007125e-01 1.1845024776e-01 1.0654523857e-01
-3.1338339600e-01 -1.4741917411e-02 3.9295290168e-03
-1.0837755645e-01 -9.3282571508e-02 9.8932399146e-02
2.8496866984e-01 -3.0530772750e-01 3.7918419374e-01
4.9132019386e-01 -2.3585161619e-01 -1.1004450084e-01
-3.6494088443e-01 4.5747313687e-01 -5.5567583560e-01
-1.6962427550e-01 4.0447182992e-01 -2.2251151594e-01
-2.2188572382e-02 -6.5976453299e-03 1.4224210130e-02
-5.0890975311e-01 3.5699270302e-01 6.3044089530e-01
-8.6342967411e-01 5.5223358993e-01 6.2523648962e-01
-1.6863390901e-01 1.3551822485e-02 8.5305939062e-03
2.4544279653e-01 -9.2861446360e-02 -7.9729676711e-02
-1.9415368671e-01 8.0494978566e-02 -9.3541434505e-02
-1.2055744271e-01 -2.3583167186e-02 -9.9720231748e-02
6.0612024583e-01 -1.6687221716e-01 2.9626788015e-02
1.5779331393e-01 -6.4581999767e-02 5.1096335637e-02
-6.0070640713e-01 -1.6003461924e-01 1.5668087278e-02
-1.3513870886e-01 -1.6173981160e-01 1.5627197980e-01
-3.4150899972e-01 -3.7595252742e-01 -8.6467907254e-02
5.6969991352e-01 -1.1350703306e-01 -4.7277536522e-01
1.6699393647e-01 3.4020557665e-01 -3.7320492585e-01
-1.6184609383e-01 1.1727407376e-01 -1.0823873022e-01
-1.2875564548e-02 -4.9682364313e-02 8.7907653428e-03
-2.5908067136e-01 6.4014751072e-02 1.5897872929e-01
-9.7470999553e-01 3.2527427262e-01 2.6514254831e-01
-1.3053280281e+00 1.0695931381e-01 -2.2834856891e-01
-5.6706165486e-01 -5.0704527595e-02 -4.2036147866e-01
7.9925670902e-02 2.8462736136e-02 -1.5614167478e-01
1.9956824270e-01 -2.8368456312e-02 -3.8476291782e-02
1.5889428522e-01 -1.1747233927e-01 5.6731359027e-02
6.2887232435e-02 -1.3825732455e-01 3.0983368894e-02
6.0282694114e-02 -9.8065429110e-02 8.1153715333e-02
1.2781500043e-01 -4.6847365193e-02 1.4007172496e-01
-3.5453898432e-01 -2.2565938245e-01 9.5506299320e-03
2.4878499010e-01 -1.8684077125e-01 1.4938258682e-01
1.6305328947e-01 -5.3670264198e-02 1.1823431814e-01
-4.0973211095e-02 -3.2283270518e-02 -1.4190458313e-03
-7.7218155278e-03 -2.7223039942e-02 -5.5260752142e-03
-3.7432816543e-02 -5.5248759111e-02 -1.3941124260e-02
-2.9416996889e-01 -4.5072367828e-02 -6.0091846911e-02
-4.3442443431e-01 -5.9174469760e-01 -7.7998758487e-01
-1.1722450706e-02 -8.5210132772e-01 -1.1045452926e+00
1.5050919161e-01 -1.6670800308e-01 -6.0479351899e-01
3.9096221585e-02 -7.5287921171e-02 -1.9638052497e-01
-8.3039174517e-02 -7.8310423530e-02 1.4908774856e-03
-9.5070961613e-02 -7.0532250713e-02 3.2822136952e-02
-7.9935453390e-02 -4.6345466129e-02 4.2787098384e-02
-6.2557329438e-02 -3.2833265045e-02 2.7461762349e-02
-1.1091254069e-01 -3.4051484263e-02 -1.9794432247e-02
-7.5350122648e-02 -5.0759051178e-02 3.4242468828e-02
-7.1365930267e-02 -2.8484458644e-02 -1.2084117052e-02
4.8348543237e-03 -2.6487978079e-02 -3.8593887956e-02
4.5216556369e-03 -2.0050115955e-02 -2.2928628166e-02
-1.6842992982e-02 -4.6819169224e-02 7.4055890253e-04
-8.0026913577e-02 -6.8875879133e-02 -6.2489919614e-02
-1.9492462854e-01 -2.9204542653e-01 -1.8765081022e-01
1.3530439089e-01 -6.3780580544e-01 -4.4334674089e-01
5.0355641029e-01 -5.9008699370e-01 -7.2294476229e-01
7.2602888853e-02 -4.5362044374e-01 -4.4873465167e-01
-1.8861231983e-02 -3.7499831881e-01 -3.4829566466e-01
-1.1306148748e-01 -1.5015085304e-01 -2.9434652432e-02
-9.5010307212e-02 -5.0351011399e-02 7.1074180682e-02
-6.7924029124e-02 -2.3384470838e-02 -3.3863329606e-03
-2.5645649042e-02 -2.1073823656e-02 -3.2669832059e-02
1.3476189315e-02 -3.0189185439e-02 -1.0924899742e-02
2.6620265692e-02 -1.0631078156e-02 -1.9724429491e-02
7.0477911722e-03 5.1113594537e-03 -3.3580628705e-03
-3.9163119147e-03 -1.2745177527e-02 5.5140518225e-03
-5.5176201101e-02 -1.5219066559e-02 2.8918893608e-02
-1.5667330413e-02 -2.6519929775e-02 -5.8428875809e-03
-8.6769289506e-02 -3.7317064987e-02 4.8175410630e-03
-2.3818296207e-02 -1.7105314139e-01 -8.2525657863e-02
1.5938372829e-01 -2.9779597213e-01 -2.5127557837e-01
3.2543305915e-01 -5.5953465281e-01 -4.3742463500e-01
5.2874679020e-01 -8.2066386035e-01 -7.7617898295e-01
1.2478668350e-01 -2.7179129172e-01 -6.1949821649e-02
-1.0559240488e-02 -5.0417825841e-02 2.0247149793e-01
-5.6911229694e-02 3.4155295576e-02 1.0437908390e-01
-1.6423460398e-03 6.7909051770e-02 4.8637028432e-02
-6.0611658369e-02 1.9747491979e-02 1.7751757770e-01
2.4966831124e-02 -1.9393682708e-02 3.6892968160e-02
8.3347990873e-02 1.2300428641e-02 -5.0030106533e-02
-8.3982341965e-03 -8.3759436331e-04 -1.7339542909e-03
-6.6124380798e-02 -9.9618682738e-03 3.0852565532e-02
-2.3509255760e-02 -1.6829027398e-02 1.7914119603e-02
-5.1960661833e-02 -1.6905214319e-02 4.8476585729e-02
-3.6838645409e-02 -1.4941259506e-02 6.3294666777e-02
-2.2922199398e-02 -3.4148744858e-02 7.5579437017e-02
5.7350067186e-02 -1.8845727072e-01 -1.5324291835e-01
2.4873900130e-01 -3.5151907051e-01 -2.1840411229e-01
2.5638715148e-01 -1.0464868797e-01 3.1720789607e-01
1.1369170290e-01 -9.7693216925e-03 4.4972461605e-01
-8.0789280812e-02 7.8726674289e-02 1.4608533658e-01
2.2633628341e-01 -1.2862666434e-01 3.6239242026e-01
-5.2877864638e-01 -1.3837413745e-01 8.8743245380e-01
-5.4607998023e-01 -7.1425743558e-02 2.8768731488e-01
1.0148819690e-01 -2.7116762702e-02 -2.6324258910e-02
2.6458172426e-03 -1.4691678511e-02 2.2856127605e-03
-5.5695210592e-02 -2.9281453189e-02 1.7911672210e-02
-2.3024638994e-02 -4.7833344173e-02 -6.5443718756e-03
-5.0072234142e-02 -5.1339650651e-02 3.6563818791e-02
-3.8410175413e-02 -2.9724264867e-02 6.9240855743e-02
-2.6788577751e-02 -2.1303149611e-02 1.0005308131e-01
-4.5153292767e-02 -1.0474573709e-02 4.5382157305e-02
6.9581698155e-03 8.8724257202e-02 2.0936686092e-01
2.5422578961e-02 3.2389025411e-01 8.1940984097e-01
-1.6299766685e-01 3.5131541981e-01 7.9075126941e-01
-2.1622227838e-01 3.2316086635e-01 9.2551412548e-02
1.4912110331e-01 1.0267058802e-01 2.6551914207e-01
-9.2046738744e-01 5.4296681447e-02 1.7955294979e-01
-1.1971507651e+00 8.9655204907e-02 -3.8564896039e-01
-2.1728101803e-03 -2.4284959397e-02 -7.4928874011e-02
-1.0643464302e-02 -1.2733078122e-02 2.9159252808e-03
-4.2624118132e-02 -7.3048438834e-02 1.1926431803e-03
-4.1922661486e-03 -9.1167378624e-02 -4.1623810847e-02
-3.9959800175e-02 -9.9955040982e-02 5.2965660059e-03
-4.9288563526e-02 -1.1245496065e-01 -2.2131937531e-02
-4.3260703140e-02 -9.4409528643e-02 2.9757901704e-02
-3.6481288116e-02 -9.1002508484e-02 -3.7983289343e-02
-8.0924172466e-02 -2.0363023201e-02 8.8876481650e-02
-3.1733203625e-01 2.8718568798e-01 5.9541678582e-01
-1.0780574536e+00 7.7452429126e-01 1.0824125320e+00
-1.9994765860e+00 1.0983236124e+00 1.7852770286e-01
-1.4876187380e+00 7.7417537775e-01 -4.8432704228e-01
-7.9360033148e-01 2.5624467460e-01 -4.5299381409e-01
-5.2645926571e-01 6.1471893449e-02 -4.2059638634e-01
-4.4311495261e-03 -2.0528738232e-02 -3.6568272898e-02
-3.7067371806e-04 -4.0296871634e-02 1.2354159191e-02
2.0059800187e-02 4.3814102737e-02 2.6352043884e-02
3.1916266215e-03 2.7551045785e-02 3.7256045799e-02
-2.0024157736e-02 1.8048985032e-02 3.5634512426e-02
-1.8890822137e-02 -1.1391139752e-02 6.4673375181e-02
3.3325125886e-01 -9.1472441982e-02 2.8497613815e-01
1.0324229578e+00 -2.2467239106e-01 6.1524505627e-01
1.5743794245e+00 -3.4687744384e-01 7.1462501005e-01
1.8493977929e+00 -4.5375949290e-01 6.1783836385e-01
1.9303019814e+00 -5.0653838396e-01 2.3551498510e-01
1.9661033831e+00 -4.2508016813e-01 -4.0481561022e-01
1.4623931530e+00 -1.7361415455e-01 -7.5501511887e-01
3.3915088736e-01 -8.2444684229e-02 -2.0182553175e-01
-8.2227266350e-02 -1.0029311043e-01 3.6796976492e-02
-7.0677512028e-02 -1.0185345614e-01 4.7906411937e-02
-5.2833286391e-02 -5.4701734844e-02 -4.5870549267e-03
2.7658306236e-02 6.1379430930e-02 3.9808190733e-02
-8.2382322432e-03 2.9953890116e-02 4.5002486795e-02
-4.3482265942e-03 6.0461371591e-03 7.4755704772e-02
2.5309862252e-01 -6.4522769408e-02 3.0148762415e-01
8.8454381404e-01 -1.3921157823e-01 7.5333111906e-01
8.6303801955e-01 -1.7300823965e-01 6.3219758967e-01
3.8979168180e-01 -1.5208410532e-01 2.4196880776e-01
-8.3912713595e-03 -1.1557989143e-01 6.6234996349e-02
-3.7790389153e-01 -8.1138922476e-02 7.2295150750e-02
-2.6156958849e-01 -6.5056063718e-02 1.8087779273e-01
2.9236139298e-01 -3.2692368358e-02 1.0172575871e-01
9.1558798589e-01 -9.2808168054e-02 -3.4124025465e-01
1.7518334471e-01 -6.6903656418e-02 -1.7341683678e-01
-1.4446943339e-02 -8.9966945534e-02 2.6802374249e-02
-1.6427567979e-02 -3.9796748243e-02 -1.7211813320e-04
7.9524767148e-03 7.2742434423e-02 3.1272605155e-02
-1.4762620213e-02 4.3469418738e-02 5.2033760532e-02
1.3111445126e-01 9.5081912671e-03 2.1607550913e-01
4.7735346859e-01 -6.1886756539e-02 4.6941348725e-01
2.9189140740e-01 -8.6375911883e-02 3.0880717724e-01
4.7078001491e-02 -4.1605914375e-02 1.0755931720e-01
-2.2097404328e-02 -3.7524119239e-02 3.4411500047e-02
-2.5617890165e-02 -3.2319637764e-02 5.1684324554e-02
-1.0404909330e-01 -1.2151880112e-02 6.8466058173e-02
-8.5980893847e-02 -9.9141321072e-04 1.6890187018e-01
4.8805148466e-01 -1.3245119813e-01 3.5155713812e-01
9.3338492673e-01 -2.7666530201e-01 1.9941435941e-01
1.1505779939e-01 -7.3872592003e-02 -5.9599913490e-02
-3.4602749127e-02 -2.9347592018e-02 -1.0137520750e-02
-2.8535266243e-02 -2.3724779966e-02 -1.7877843654e-02
-2.7532468841e-02 9.5576853003e-02 5.3501045283e-02
4.6399412974e-02 5.0045211825e-02 1.5489256106e-01
1.9167079571e-01 2.8106028567e-02 2.9534705512e-01
2.8728897674e-02 -1.5554985977e-02 2.6268797278e-02
-1.9315777881e-01 9.6260218676e-04 -1.5345136096e-01
-1.1504395560e-01 -4.0784317016e-03 -4.1430146589e-02
-9.3589272162e-03 -5.4525770617e-02 3.8458563845e-02
6.0151634926e-02 -9.8040005909e-02 1.0040842584e-01
6.4550147723e-02 -6.7707254951e-02 8.9980230411e-02
4.8669159964e-02 -2.6487804838e-02 8.2582337201e-02
1.9984069598e-01 -1.2503295887e-01 1.7872353545e-01
2.0026578294e-01 -3.0046530577e-01 2.7669647164e-01
-7.4438590919e-02 -1.1137479261e-01 5.6711850550e-02
-1.4670466767e-02 -3.8505985136e-02 -1.5959319231e-02
-1.3870311510e-02 -4.2869565320e-02 -3.0537757287e-02
-1.0476613580e-02 5.8806600762e-02 9.4107222246e-02
7.5733991133e-02 1.4411898721e-02 1.9747230542e-01
-1.8361238343e-01 2.8128431775e-02 -1.1875143576e-01
-3.1608630430e-01 5.1425060645e-02 -2.8385436150e-01
-1.7796350290e-01 1.4469116334e-02 -1.2362071962e-01
-2.8112137292e-02 -3.0390378947e-02 1.3223066687e-02
4.2078148470e-02 -8.1518278444e-02 4.4853250045e-02
3.9941128871e-02 -1.1142607674e-01 7.8372640067e-02
5.7442365199e-02 -9.8027359971e-02 6.8085815972e-02
9.9345638056e-03 -1.6202216666e-02 5.1364336265e-02
2.5870475912e-02 -3.5102426069e-02 5.1617971546e-02
4.3542824967e-02 -6.4361126981e-02 7.7944652710e-02
1.8066505081e-01 1.8295251237e-01 -1.2288614637e-02
1.5806471296e-01 2.0685210977e-01 -2.6200541117e-02
-8.6519240325e-03 -1.0464298567e-02 -3.8683669720e-02
1.1013711308e-01 3.1977644804e-02 3.2821832494e-01
-8.0157113426e-02 6.6273564055e-02 -3.2265073335e-02
-5.2973907736e-01 9.4452007195e-02 -5.5335077610e-01
-2.7264414148e-01 -7.1128124189e-03 -2.0362654189e-01
-3.9667048782e-02 -7.6574253116e-02 5.3416158007e-02
1.5887008024e-02 -8.6262165830e-02 5.4975190261e-02
1.8028858836e-02 -1.0758062856e-01 5.6166280431e-02
5.6268786032e-02 -8.2560699058e-02 1.0324827280e-01
1.3204219102e-01 -3.0443036610e-02 1.1914529746e-01
7.0049172111e-02 -1.3546316598e-02 5.7089345996e-02
4.8037419077e-03 -2.2332079614e-02 1.2665996564e-01
1.4153108984e-01 1.6964226087e-01 3.7447904669e-01
5.8043862863e-01 9.1441588967e-01 1.2739268684e-01
5.4230815741e-01 8.7704928891e-01 -1.8680326234e-01
4.8755614910e-02 1.2679987976e-01 -9.0005983540e-02
8.9154861973e-02 7.4791846217e-02 3.0194487961e-01
-3.0528122046e-01 1.7452173998e-01 -5.6577519602e-01
-4.1548899514e-01 8.6822788468e-02 -6.1444812479e-01
-9.0813841973e-02 -7.4270189422e-02 -8.1300057975e-02
3.1936399953e-03 -9.3454439661e-02 5.2782970096e-02
1.2965910988e-03 -4.8788408780e-02 1.2195205385e-02
1.6029670560e-01 2.5519865234e-02 9.8566086648e-02
6.8248193372e-01 3.4158356434e-01 2.6495924849e-01
8.0756123747e-01 5.3584154506e-01 1.0138902895e-01
3.5743342571e-01 2.8957681947e-01 -6.0855803510e-02
2.2102838951e-01 8.2123191370e-04 8.6970141493e-02
2.8682306952e-02 -4.7375962825e-01 4.3318990279e-01
-6.8137298900e-02 -2.9246470423e-01 6.0641135771e-01
1.8465893310e-01 3.6580266858e-01 1.2694439823e-01
4.7946398041e-02 9.9536245052e-02 2.3096347819e-02
-2.8410570708e-01 1.1536073567e-01 5.2911536687e-01
-5.2420554687e-01 2.9927915593e-02 4.3868954681e-02
-1.6407863502e-01 -1.3211390037e-01 -2.4349513092e-01
1.1517264513e-02 -1.2639975870e-01 -8.1362453723e-02
-6.1090886775e-02 -2.1732218917e-02 9.6784964140e-03
1.2674897649e-02 6.4773961940e-02 6.5862292027e-02
5.8447634957e-01 2.5519370208e-01 3.1403551044e-01
1.2125668666e+00 6.9880234282e-01 4.7447602750e-01
6.7253656196e-01 6.5812080464e-01 1.1379939075e-01
2.2116323547e-01 2.9866852077e-01 -2.8286769008e-02
3.0938431934e-01 6.2758394452e-02 -1.6973767425e-01
5.6074820170e-01 -2.7421637845e-01 3.4982671964e-02
1.0976868424e-01 -2.0272880368e-01 2.7142409477e-01
-8.1879839134e-02 1.3859828804e-01 1.9757860822e-01
8.3547756905e-03 4.0109614477e-02 1.4183886784e-01
-5.5290411776e-01 9.4098358085e-02 7.6535713294e-01
-7.7676662895e-01 -3.2725430636e-02 6.0614227262e-01
-5.0711327382e-01 -1.9366852693e-01 -8.3881254313e-02
-5.8206490317e-01 -1.3427263980e-01 -1.3446648323e-01
-4.5595233966e-01 5.0432674128e-02 -5.5699680814e-02
-2.7291487321e-01 8.7504138103e-02 -4.8949862795e-02
8.0103439556e-02 6.7199921094e-02 7.4485008426e-02
1.5632522126e-01 9.9736486065e-02 1.1415306618e-01
-1.8128076436e-01 -6.5229083539e-06 6.3583463013e-02
7.0757640001e-02 5.2191390408e-02 1.6459861962e-01
-4.1480009743e-01 -5.5251456165e-02 -4.9927184381e-01
1.8030609861e-01 -3.1491433980e-01 5.0580326135e-03
-5.9080587530e-02 -1.4833049662e-03 3.9942982955e-01
-3.9476226984e-01 1.5676863892e-01 -7.2739901340e-02
-2.4914114021e-02 -1.0612492114e-02 3.0919374824e-02
-8.6669847161e-02 -6.0713029752e-02 1.2583021931e-01
1.3096468651e-01 -6.9666203995e-02 6.9914746285e-02
-6.4064794124e-02 -1.0613722179e-01 -3.9019775921e-01
-4.7126096194e-01 -1.5566668442e-01 -3.9107350264e-01
-2.1268955675e-01 -3.4967175989e-02 -9.7008826479e-02
5.6891590392e-02 1.0309397625e-02 -2.6242855354e-03
-1.0850280349e-01 -3.7067197938e-02 2.6158652448e-02
-2.8722457400e-01 -9.6492707563e-02 2.0031669889e-02
-1.2113437662e-01 -6.8100671087e-02 9.8429479680e-02
2.1047042857e-01 5.7223243132e-02 1.6398736247e-01
3.2498128933e-02 -2.5280718261e-02 -1.1625553927e-01
6.3811318408e-01 -2.4311763277e-01 2.3306797124e-01
3.1649960410e-01 -1.7292562780e-01 3.1666371689e-01
-1.4507460875e-01 9.0169481090e-03 -6.6169964349e-03
-2.3119845263e-02 -1.0130348355e-02 -1.7930876357e-02
-4.2750112890e-02 -7.2552263802e-02 2.7348500265e-02
-2.5686853574e-01 -1.1360039648e-01 2.1339439203e-01
-2.9271343066e-01 -6.7196744744e-01 -3.2874353900e-01
2.9260662493e-03 -8.7264515850e-01 -7.5819087076e-01
1.6093485829e-01 -3.3453138463e-01 -3.2587109247e-01
5.3497779692e-02 -6.6551183551e-02 -4.3912857366e-02
-8.5389335404e-02 -2.4363761718e-02 4.5088999713e-02
-1.3557183072e-01 -5.4115720805e-02 8.1473912417e-02
-1.2182875777e-01 -3.4814639642e-02 7.9262505743e-02
-7.3000186930e-02 -2.7968417230e-02 5.2559460410e-02
-9.7208903421e-02 -9.3880916160e-03 2.7026611682e-02
-4.2046987678e-02 2.4579212459e-03 8.7575315594e-02
-3.1738881689e-02 5.1803678406e-02 -3.5137980248e-02
-1.0622107918e-02 2.3249514546e-02 -5.5770052730e-02
-2.8564568068e-03 -6.2196509338e-03 -2.3900633703e-02
-1.8201017436e-02 -3.3475128036e-02 -1.1962368479e-02
-2.7160714811e-01 -9.5654769772e-02 3.2800013401e-02
-4.7990691878e-01 -3.4986610023e-01 -7.5317163771e-03
2.0127501081e-01 -8.9494262963e-01 -4.6935718292e-01
5.6848095550e-01 -9.4926823513e-01 -6.9506002665e-01
1.8466760346e-01 -3.5103452681e-01 -3.2598154291e-01
3.9063436564e-02 -1.1566006237e-01 -7.3335513930e-02
-7.9265155826e-02 -4.0291228290e-02 5.0558449782e-02
-9.7711555617e-02 -2.7356808533e-02 5.7869392187e-02
-8.9629478287e-02 -1.5577669756e-02 4.6945291348e-04
-4.0272939512e-02 1.1595185046e-02 2.0017493348e-03
-6.7153179486e-02 -3.1568543709e-02 5.0483397451e-02
-1.9581546806e-02 -3.0041103095e-02 1.5661582176e-02
-1.2119689162e-02 4.7328319763e-02 -2.4479050331e-02
-1.6740780184e-02 9.7577006918e-03 -1.7496672335e-02
-4.7682645313e-02 -1.1374230344e-03 2.5593172568e-02
-4.4872167273e-02 -1.8329864589e-02 9.1437779765e-03
-1.4837835727e-01 -1.7402988185e-02 -2.1476329730e-02
1.0299850074e-01 -2.9004544863e-01 -2.5530593568e-01
3.8048276157e-01 -5.9233854883e-01 -3.8082976621e-01
1.8460738782e-01 -5.1369903471e-01 -3.4151004291e-01
1.7586200138e-01 -3.9580199137e-01 -3.8970784026e-01
3.2537102132e-02 -9.7066263804e-02 1.2537655509e-02
-8.8222948109e-02 1.0431522829e-02 1.2222994281e-01
-8.7905185511e-02 3.1946525491e-02 5.9460919500e-02
-1.9949020504e-02 1.6760049985e-02 3.1268020173e-02
-2.0800775292e-01 -3.5931139350e-01 3.1106374186e-01
-1.2891322501e-01 -4.3445208521e-01 2.4197079533e-01
6.0223819719e-02 9.2743431559e-03 -1.2980968357e-02
-7.0029506054e-03 1.4970843094e-02 -2.0192958000e-02
-6.4325603406e-02 -1.0906750579e-03 2.0213515761e-02
-2.1663397424e-02 -2.2523670640e-02 1.5299800524e-02
-5.6187784462e-02 -7.6703694493e-03 1.5868476115e-02
-4.0976873444e-02 -1.1674259845e-02 -6.5767291765e-03
-2.8809847755e-02 -1.3246389413e-02 -2.7738435859e-02
-7.5444006360e-02 -1.1460686919e-01 -1.5638871239e-01
1.6825662804e-01 -2.0440452292e-01 -1.9012437132e-01
4.4243555794e-02 8.2161704466e-03 1.5105149409e-01
-1.2260590962e-01 1.0281071409e-02 2.3262311100e-01
-1.0686524816e-01 1.0625507436e-02 4.5682392446e-02
7.3408262815e-02 -5.0068356673e-02 2.9871339439e-01
-3.5209826399e-01 -3.5926758705e-01 1.0229326267e+00
-5.5092213611e-01 -3.7595762875e-01 2.7017204669e-01
4.8154119661e-02 -1.6798747819e-03 -1.0727476487e-01
-1.7407813604e-03 -3.9335936981e-03 -1.6088690381e-02
-6.3635411678e-02 -1.7751085389e-02 2.7791492484e-02
-2.9570819935e-02 -3.7389518193e-02 2.0257892808e-02
-6.7117291747e-02 -4.1652344586e-02 5.0804584709e-02
-4.2991912414e-02 -3.3280796890e-02 7.0104891195e-02
-5.1196748065e-02 -4.2121634447e-04 6.8489700464e-02
-8.6643835952e-02 4.8787158214e-02 7.9056730870e-02
5.5766363816e-02 2.3182616793e-01 4.0675079089e-01
-4.0101162667e-01 3.5935670733e-01 8.3225761119e-01
1.1595817151e-02 4.7395469762e-02 3.9912938834e-01
7.1546723618e-01 -1.0725697944e-01 -1.8518398786e-02
4.7396113942e-01 -5.4318620918e-02 2.1999322124e-01
-3.3072376573e-01 -1.4804649719e-01 2.1145365989e-01
-8.2202909779e-01 -6.7549127523e-02 -4.0389859529e-01
-4.4100936349e-02 3.7800497083e-03 -1.3623547623e-01
-2.0998052471e-02 -4.3339586767e-03 -2.7934099208e-03
-4.3757288846e-02 -5.9095272285e-02 1.8785065364e-02
-1.5826360357e-02 -9.3783268917e-02 -2.0916286955e-02
-4.6932314810e-02 -9.4927056848e-02 1.3343028355e-02
-5.0143384199e-02 -1.0500159802e-01 2.2242402981e-04
-4.1931245867e-02 -7.8328234949e-02 4.5834179564e-02
-5.6223957351e-02 -5.8206389104e-02 1.9904864915e-02
-2.2096379162e-01 6.2509904541e-02 2.8862549559e-01
-7.9771437615e-01 2.5599034237e-01 9.8453312663e-01
-1.6012468952e+00 2.3435816861e-01 1.0402054957e+00
-2.0283447258e+00 2.2848225195e-01 6.1646086028e-02
-1.6850490226e+00 1.6852950873e-01 -7.4345433350e-01
-7.1736791955e-01 -1.1238229735e-02 -5.6930156417e-01
-4.2773413582e-01 -1.5921414178e-02 -3.7918693465e-01
-1.6008339121e-02 -1.3865223439e-02 -2.4292730721e-02
-1.3568062466e-02 -2.9251478952e-02 1.1009295997e-02
-1.5507095769e-02 4.8047095530e-02 4.2415181306e-02
-3.2969520296e-02 5.6714663909e-02 3.4803650155e-02
-9.2135338360e-02 5.0006980141e-02 2.5452765467e-02
-4.7106572048e-02 1.1486148971e-02 -5.1801020364e-03
1.7480325208e-01 -9.3862777725e-02 1.0867872663e-01
6.1164404681e-01 -3.0312556844e-01 3.2406693107e-01
1.1112729829e+00 -5.7879680283e-01 4.4676700347e-01
1.3312659539e+00 -7.5707417135e-01 4.0494707728e-01
1.3523930471e+00 -7.5539541704e-01 1.9016663755e-01
1.5974081232e+00 -6.7700250169e-01 -1.4920862721e-01
1.5948747241e+00 -4.3605955817e-01 -6.8785821284e-01
5.7708522710e-01 -2.0485534047e-01 -4.3223442935e-01
-6.6858963026e-02 -1.2261943557e-01 -5.1555161068e-02
-6.6838962478e-02 -1.3396802128e-01 1.1273334020e-02
-5.2557669822e-02 -8.9451315988e-02 -1.1434197672e-02
1.2248380866e-02 5.7474932638e-02 4.7568830241e-02
-2.8158372178e-02 4.9173531812e-02 3.1201336291e-02
-6.1358442157e-02 1.5473118787e-02 4.8019396697e-02
1.5997602474e-01 -6.7131756466e-02 1.6045716111e-01
7.0394533257e-01 -3.0371899272e-01 5.4153237153e-01
8.0503427579e-01 -4.2242226242e-01 5.1165420964e-01
5.2106815674e-01 -4.0636843460e-01 2.8609072926e-01
3.0787229510e-01 -3.1128261953e-01 1.3562565697e-01
4.2681713278e-02 -1.6006383048e-01 1.0243960908e-01
8.6516855528e-02 -8.1477702051e-02 1.6977935019e-01
5.9068870138e-01 -1.4003218742e-01 -2.2537247353e-01
1.0630172483e+00 -3.7669687533e-01 -9.1809530056e-01
2.2793278681e-01 -1.6800982781e-01 -3.3610785838e-01
-6.5627430320e-03 -1.2688839028e-01 1.0195837380e-02
-2.8542073047e-02 -8.4121934747e-02 8.5829990891e-03
-1.8582093652e-02 6.2261531448e-02 3.7990502383e-02
-4.9999254256e-02 5.8318071647e-02 2.0882346551e-02
2.8772352147e-02 -3.1080549028e-02 1.3767269411e-01
4.2817356885e-01 -1.5721500323e-01 3.3595226625e-01
3.6368700374e-01 -1.9157906179e-01 2.9297726574e-01
-9.5725099753e-02 -6.6107873629e-02 8.6150572216e-03
-1.5720164992e-01 -5.1872004535e-02 -4.5049346277e-03
-5.8651701773e-02 -5.1301816053e-02 6.5108342522e-02
-1.8898093889e-02 -2.6427168575e-02 8.5731522364e-02
-8.5749585446e-02 5.0841755802e-03 2.2005679113e-01
2.2444064386e-01 -2.1713426871e-01 2.6148027680e-01
9.8217195880e-01 -7.3553255477e-01 -3.7284396409e-01
4.3057950668e-01 -3.0567929515e-01 -4.8785540317e-01
4.2797064294e-02 -5.6989538822e-02 -8.9596369410e-02
-3.7748819647e-02 -5.1898515481e-02 -2.6353806903e-02
-2.3695368933e-02 6.3461467836e-02 4.5234413936e-02
2.7908968419e-02 3.1416674453e-02 9.8331193151e-02
2.2176747339e-01 -7.8931900251e-02 2.7667354126e-01
1.3341887387e-02 -2.5184594129e-02 -1.1959254706e-02
-4.3260471632e-01 1.5441616077e-01 -3.5328992983e-01
-3.9439454113e-01 1.3367116754e-01 -2.3685233009e-01
-9.3093523137e-02 -4.0099383491e-02 -2.4075691573e-02
-1.5914684594e-02 -7.6791531595e-02 5.3507586145e-02
2.2600327612e-02 -7.3014713190e-02 6.2301015405e-02
3.9652728314e-02 -1.1213104280e-01 9.6398695923e-02
1.2018669655e-01 -3.6267014460e-01 1.7575585682e-01
3.7403405336e-01 -8.9081831453e-01 4.3513119224e-02
4.8257540561e-01 -4.6085544217e-01 -3.7824133025e-01
2.6650442704e-01 -1.4253195251e-02 -2.1775618352e-01
-9.6606240892e-03 -4.8745130267e-02 -6.1658864750e-02
5.4377597328e-03 1.8676364339e-02 9.1002515565e-02
1.1200872198e-01 -2.8939352651e-02 2.0107858396e-01
-1.0046939986e-01 3.9909996659e-02 -6.7219779260e-02
-6.1767605819e-01 2.8835936932e-01 -5.6555024328e-01
-5.5014580857e-01 2.9259617455e-01 -4.5953287145e-01
-1.7693527014e-01 6.7633588596e-02 -1.2009091236e-01
3.1123599677e-02 -6.4596741718e-02 1.5202426645e-02
5.7712700979e-02 -4.3873371420e-02 6.2896048994e-02
1.0216338407e-01 4.7987602546e-02 6.9458214366e-02
5.3038624553e-02 1.4198860364e-01 7.9108249009e-02
-4.0446641811e-03 -1.2609474082e-01 3.7564702674e-02
-3.9030292402e-02 -6.2607374766e-01 -8.7971584006e-02
1.0957279902e-01 -3.0384762919e-01 -6.6473524429e-02
2.1533393729e-01 1.6239369226e-01 1.5933606295e-01
-1.8432035089e-02 -1.6995651617e-02 1.7459478862e-03
5.8129616001e-02 -3.4809685046e-02 2.0513856014e-01
-1.1457907061e-01 5.9617197225e-02 -1.0662775656e-01
-6.4181857987e-01 2.7890524111e-01 -7.1431299043e-01
-6.2962907138e-01 3.0455158581e-01 -5.9545167784e-01
-2.0921705980e-01 7.0954155806e-02 -1.2959557829e-01
-2.0246946540e-02 -5.4657084372e-02 2.1688039596e-02
7.0824584384e-02 -6.6990791324e-03 7.5901189438e-02
2.5910951621e-01 1.4703114766e-01 2.0860018640e-01
4.9946763407e-01 4.1401381931e-01 1.8307010407e-01
3.3345709413e-01 4.6671921304e-01 3.7838781162e-02
-5.2901950050e-03 -3.7426715913e-02 8.6965932040e-02
-1.4215283991e-01 -3.7411850178e-01 1.7981610112e-01
-1.9583284558e-01 -3.2990695058e-01 5.5508671979e-01
3.1607225772e-03 1.7573924699e-01 4.7204779686e-01
-2.6880293729e-02 4.8614578648e-02 1.7406377663e-02
5.7134820045e-02 -4.0387428378e-02 1.0715311524e-01
-3.7320877315e-01 1.5150896995e-01 -6.5638121501e-01
-6.0539914529e-01 1.9617538885e-01 -7.4909347315e-01
-2.1005240993e-01 7.9893821268e-02 -2.1200047759e-01
1.2007374085e-02 -4.6303117594e-02 4.0863688446e-02
1.5323371402e-01 5.3875706700e-02 8.7837096388e-02
5.5699587913e-01 2.8101213331e-01 3.6341537744e-01
1.1908758715e+00 6.2147513056e-01 5.7374722512e-01
1.4161312580e+00 9.5067988158e-01 2.6534527164e-01
7.8370240498e-01 7.3666662831e-01 -6.4825912439e-02
2.8453987860e-01 9.4238579429e-02 8.6568744778e-02
4.6263296085e-01 -1.3749938487e-01 1.4356665852e-01
-8.5453700773e-02 -9.9536118346e-01 5.3592609619e-01
-2.5940899425e-01 -6.3835189795e-01 3.7830213769e-01
-3.4902035878e-02 -6.7544320099e-02 2.9552880334e-02
-1.4522754099e-01 -7.7652120387e-02 2.6537586884e-01
-5.0878213611e-01 -3.0197122408e-01 -2.7152835208e-03
-3.8894093623e-01 -1.7784566619e-01 -1.3444612727e-01
4.4069035575e-02 7.1603607064e-02 -1.1275587906e-01
3.3878645859e-01 1.2207882877e-01 5.7889953167e-02
8.0686515901e-01 3.4540158905e-01 3.4044501830e-01
1.0434518513e+00 4.5863189963e-01 6.1263993099e-01
1.0547056845e+00 4.8375978631e-01 5.6156435807e-01
7.8987443799e-01 4.7699228217e-01 1.6189296790e-01
3.3516356350e-01 2.8199652334e-01 -1.0822416914e-01
-2.1396745900e-02 1.0907942214e-01 -4.4600923975e-01
8.2570537453e-01 2.2030732730e-01 -5.9471604124e-01
1.3207793946e+00 -4.5203877935e-01 -5.3894110648e-01
2.5296424356e-01 -4.4753138992e-01 -7.3787672401e-02
-1.4272066778e-02 -4.1929966695e-02 6.8406159806e-02
-2.4363606104e-01 -1.2176171331e-01 3.6020850268e-01
-4.7765419278e-01 -4.9891341731e-01 3.8921382844e-01
-5.2656749999e-01 -3.2005518526e-01 1.2522346442e-02
-3.4416889801e-01 2.0958382508e-02 -1.5871950117e-01
2.3604487452e-01 1.3381502396e-01 5.9726488926e-02
5.4949368384e-01 2.2091123615e-01 1.7264528174e-01
4.1939712610e-01 1.3871731757e-01 1.7310479628e-01
1.4170714036e-01 5.5983835245e-02 7.1224059437e-02
-4.1493820479e-02 -2.5971543250e-02 3.0628339854e-02
4.8837405565e-02 -1.2592500429e-02 6.2322549098e-02
-2.0925858372e-01 4.0401264754e-02 -4.8179997235e-01
3.0279038027e-01 -2.6734343781e-01 -1.1156164950e-01
2.4278040373e-01 -7.6870218782e-01 1.0904939788e-01
-2.4910569791e-01 -2.7576070209e-01 -2.3630098418e-01
-4.0280438563e-02 -4.5218767170e-02 -3.3785505123e-03
-1.4392223263e-02 -1.2851589840e-01 2.5526605254e-01
2.9357379793e-01 -3.9695856671e-01 5.2847189228e-01
2.3208940344e-01 -3.1149786884e-01 -3.8543392012e-01
-1.4866171634e-01 -8.7227489677e-02 -3.3135765923e-01
4.6933461874e-02 -2.7556219649e-02 1.2068039995e-02
9.1639982396e-02 -6.6105324965e-03 3.9432000363e-03
8.0177615056e-02 3.5711671959e-03 2.6641770808e-02
-7.0274864442e-02 -1.5759127617e-02 4.0785242333e-02
-1.2250284872e-01 -6.4516950832e-02 8.2705512640e-02
6.9115040479e-02 1.5894887782e-02 1.1930717948e-01
2.3438738547e-01 6.8723899662e-02 -1.3138691609e-01
9.0350268085e-01 -4.8299936624e-01 8.1295318770e-02
5.5874304467e-01 -8.4551102577e-01 2.1649634847e-01
-1.2624856482e-01 -1.3882321864e-01 -5.7729588739e-02
-3.5647375911e-02 -2.4960224998e-02 -4.9107147607e-02
-5.1981249948e-02 -6.9414286082e-02 1.6553104291e-01
-2.8045601203e-01 -1.5098049390e-01 5.6614501554e-01
-4.7106062390e-01 -4.1349747058e-01 5.7544042861e-02
-9.6979189220e-02 -3.0012519721e-01 -2.8512165399e-01
5.3726265531e-02 -8.1372404123e-02 -8.2187302630e-02
-3.1076493577e-02 -4.5555693310e-02 -8.7641633801e-03
-5.3790479823e-02 -3.2163390743e-02 1.8104648831e-02
-8.9880784398e-02 -5.5932777436e-02 5.7443996005e-02
-1.1399545131e-01 -5.7872276209e-02 6.8948637358e-02
-8.4940892986e-02 -4.5095415273e-02 4.8567475921e-02
-8.8178868379e-02 1.5410508459e-02 1.3613432388e-02
4.4529258889e-02 -2.4089549127e-01 -1.9395871352e-02
8.0694028406e-02 -3.7089939988e-01 -3.0763042813e-01
1.0324206294e-02 -1.3759371494e-02 -2.8397647187e-01
-1.0361917256e-02 -2.9133745266e-02 -6.7993067770e-02
-2.0919857853e-02 -3.7740313833e-02 1.8790202866e-02
-3.8869276097e-01 -9.2563922822e-02 1.2345093473e-01
-9.6907542779e-01 -3.9527922413e-01 5.4696893413e-01
-3.0985477884e-01 -5.1029758867e-01 6.6878848181e-02
-2.5071065544e-02 -3.8158763242e-01 -2.0731910475e-01
-5.7477073523e-02 -9.0865889294e-02 -7.0581068561e-02
-5.9135977754e-02 -4.3437492756e-02 1.4774380963e-02
-9.3670400258e-02 -3.6842014057e-02 5.3912824365e-02
-7.2171090784e-02 -5.1032258996e-02 5.5888339638e-02
-6.8505305683e-02 -2.7383651605e-02 1.7156421820e-02
-5.1818861658e-02 1.1123037739e-02 9.5677849052e-03
-1.1286859822e-01 -4.0561251859e-01 2.3732585666e-01
-6.3859602684e-02 -6.4098309877e-01 3.5649224477e-01
3.5815000779e-02 -7.7183388289e-02 2.7047747651e-02
-1.5256194075e-02 -1.9008664232e-02 -4.2421174364e-02
-3.2807583604e-02 -1.8729251937e-02 3.5412517751e-02
-6.5409907536e-02 -3.5407885668e-02 2.1842258089e-02
-3.1178880136e-01 -7.8458089138e-02 2.0632388595e-01
-3.3871111449e-01 -2.3100655433e-01 1.2575096221e-01
-3.2469853906e-01 -3.1287674792e-01 3.4189861934e-02
-2.2879119657e-01 -1.6832074712e-01 -1.1356779336e-01
-7.0753341796e-02 -8.0796111494e-02 -2.2268717321e-02
-7.2951808768e-02 -3.4652088719e-02 7.3095990579e-02
-9.4678411705e-02 -2.0523872998e-02 9.4189729193e-02
-8.7833222731e-02 1.4793171505e-02 5.9584117202e-02
-6.4009902056e-02 -3.6722613718e-02 3.0664434389e-02
-2.4427790430e-01 -8.3301883274e-01 6.6791995654e-01
-2.2415338752e-01 -1.2687590247e+00 8.3408592242e-01
1.0709560201e-01 -2.5029077600e-01 1.3983426249e-01
-6.7296258309e-03 -3.5094443473e-03 -3.6289200173e-02
-4.0990826412e-02 -1.3469728629e-02 2.8138424218e-02
-1.1195949763e-02 -3.3923813385e-02 -1.0704099969e-02
-3.1835690660e-02 -2.5744320248e-02 1.2920749168e-02
-1.4799369857e-01 -1.1996295397e-02 3.0253432401e-02
-2.8265536078e-01 -1.3653424987e-02 6.1135807091e-02
-4.3955687292e-01 -7.8333047323e-02 1.9907568137e-01
-1.6993818523e-01 -1.2457021684e-01 2.2549511632e-01
-8.3389036243e-02 -5.9166262368e-02 1.1803123631e-01
-9.9514339454e-02 -6.3634973137e-02 1.2885191524e-01
-9.0945216074e-02 -4.0692008771e-02 5.0911643943e-02
3.7232196375e-02 -9.8412483762e-02 1.6727796683e-01
-2.8319208126e-01 -5.1505573683e-01 5.0834628023e-01
-6.5117214522e-01 -7.3978139646e-01 -3.7009067481e-01
1.7185547561e-02 -1.6246782343e-01 -3.4091086172e-01
1.8818930866e-03 -2.4976326886e-02 -3.8285736086e-02
-3.7824986453e-02 -2.4695426699e-02 3.6053698342e-02
-1.8116126653e-02 -2.8674140733e-02 4.8111516112e-03
-3.4745658863e-02 -3.9245104795e-02 3.4771530253e-02
-3.3287994901e-02 -2.2250820247e-02 4.3821255525e-02
-9.2835025775e-02 -5.8080142592e-03 7.2348046837e-02
-2.8358456958e-01 -1.7698845623e-02 3.6112325866e-01
-4.6985939817e-01 3.3129824316e-02 6.2645126021e-01
-7.4694646162e-01 -3.9993794857e-02 5.6705852737e-01
2.4532983149e-02 -1.3120876246e-01 2.6762306550e-01
6.5881367999e-01 -3.6307063449e-02 9.7220305027e-02
2.3679806645e-01 -4.6962445861e-02 1.3802172805e-01
-3.2856210454e-01 -2.3617242026e-01 -1.2033781997e-01
-7.5451735622e-01 -2.3644229890e-01 -9.2069361866e-01
-1.0584697488e-01 -4.7543874467e-02 -3.1615518104e-01
-2.2500520998e-02 -2.8562957222e-02 -1.8628901515e-02
-3.2643661790e-02 -6.6642323662e-02 5.4079852917e-03
-9.4206953957e-03 -9.2808865218e-02 -5.8494112233e-02
-4.3827341179e-02 -1.0829887138e-01 -6.3135091592e-03
-6.3835454006e-02 -1.1678923536e-01 -2.1335287616e-02
-4.4186494784e-02 -1.1029819195e-01 3.3240959150e-02
-1.0658696550e-01 -8.0006124605e-02 1.7827077194e-02
-4.7305880108e-01 -2.3352184474e-02 3.5199541001e-01
-1.2723628698e+00 -1.9506195028e-01 9.1213479599e-01
-1.6795166410e+00 -5.2063226636e-01 8.1309291057e-01
-1.7442154155e+00 -5.8042640981e-01 4.8891087175e-02
-1.5100480079e+00 -4.2733248975e-01 -5.9536493627e-01
-8.2005705992e-01 -3.1587973586e-01 -5.4013414984e-01
-3.6143719440e-01 -1.2489824803e-01 -3.1040434654e-01
-1.5628702238e-02 -4.4687516273e-02 -3.6784197662e-02
-4.1117660302e-03 -6.2408434363e-02 8.8192848916e-03
-1.3238562296e-02 3.9973543167e-02 2.9876523907e-02
-4.9057564161e-02 5.7827223427e-02 3.3571286288e-02
-9.7069342287e-02 4.6279428776e-02 4.5982735259e-02
-9.3262424977e-02 2.5386851141e-02 1.6934007932e-02
6.7730605185e-03 -5.4352946081e-02 4.8336004689e-02
1.3781273005e-01 -1.3359981440e-01 8.5717726583e-02
3.6480892453e-01 -3.0080646251e-01 1.4155489898e-01
5.0168260298e-01 -4.5660414361e-01 1.6639845144e-01
6.3745114443e-01 -5.5041360565e-01 1.7169326743e-01
1.0414167172e+00 -6.7311477340e-01 3.8335666463e-02
1.3263077143e+00 -7.0221113229e-01 -5.1519377192e-01
5.2957778234e-01 -3.3720587227e-01 -4.5836768916e-01
-9.7056229915e-02 -1.0890572141e-01 -8.2745170537e-02
-9.9143925040e-02 -9.6788933618e-02 -1.1475341749e-02
-8.9575786355e-02 -6.7536757371e-02 -3.1836593390e-02
-8.5050038723e-03 4.6536967640e-02 3.4852313307e-02
-5.1401232333e-02 4.8748080858e-02 4.2086584029e-02
-9.6143114444e-02 1.6682859888e-02 6.9439206477e-02
-1.4517260670e-02 -4.6631632370e-02 9.8326343584e-02
2.5715347702e-01 -2.3656632835e-01 2.7452253648e-01
4.6843650464e-01 -3.6889984798e-01 3.0376317223e-01
4.7833671160e-01 -4.8048641005e-01 2.6054293826e-01
4.0115146423e-01 -4.9056929881e-01 2.0769124749e-01
3.1602925002e-01 -4.2646355890e-01 2.1810067667e-01
5.5118039739e-01 -5.0268276379e-01 1.5307979468e-01
1.2539025595e+00 -9.2325622790e-01 -7.1606465614e-01
1.1945259530e+00 -8.7682256897e-01 -1.3806934635e+00
1.7195003250e-01 -2.1258960867e-01 -3.7817900639e-01
-2.5367340606e-02 -8.7380419532e-02 -1.6925516035e-02
-6.1377492437e-02 -5.5726091668e-02 -1.4362593207e-02
-3.0933604824e-02 5.5088210041e-02 1.4268934394e-02
-8.0497569645e-02 5.1278132414e-02 6.0157904343e-03
-6.1181532749e-02 -2.8625022740e-02 8.1497345783e-02
2.4484595972e-01 -1.7477003703e-01 2.2714058512e-01
4.2627090229e-01 -3.2847228754e-01 3.1358689377e-01
1.8846941597e-01 -1.6208031704e-01 1.2450748515e-01
3.1558650756e-02 -1.0622579693e-01 6.2638460840e-02
-1.5938415700e-01 1.4756686243e-02 7.0030773963e-02
-1.0503284930e-01 -5.7044482841e-02 6.4288150370e-02
-1.4632070986e-02 -1.9657478042e-01 1.3873532915e-01
1.6105040062e-01 -4.3234254834e-01 -6.6228464604e-02
8.2682566382e-01 -8.7527272947e-01 -9.7015622552e-01
7.8442083426e-01 -4.9888489228e-01 -8.6436807516e-01
1.7327871784e-01 -7.9652124019e-02 -2.1948007096e-01
-5.7602677733e-02 -3.3980213124e-02 -5.9272433484e-02
-2.6581853703e-02 5.7945171961e-02 1.7030443890e-02
-2.4615608767e-02 5.8926193552e-02 4.2778636677e-02
1.3788831668e-01 -9.4116014794e-02 1.8325183952e-01
2.2307936482e-01 -1.5757290046e-01 1.7878440464e-01
-1.0506019028e-01 2.6929530325e-02 -9.7417788307e-02
-2.6647672895e-01 2.2341330970e-01 -1.7427290404e-01
-8.0396482293e-02 1.1909491741e-01 -4.6745066213e-02
-1.2261267678e-01 1.7317364342e-01 6.5878872711e-02
-4.0027854949e-02 7.2408246624e-02 3.1945630780e-02
-6.5418802308e-03 -1.5322081517e-01 1.0334595353e-01
-1.0839126352e-01 -2.9748712740e-01 2.4937151151e-01
4.5114427287e-01 -7.2034782756e-01 -2.3803430952e-01
1.8030766613e+00 -8.0695524296e-01 -1.2638287786e+00
1.0646033042e+00 -2.0540048906e-01 -8.0772280146e-01
3.0124819502e-02 -4.9505721209e-02 -1.5630994988e-01
-2.3714648041e-03 1.3922828753e-02 4.2418105996e-02
3.3035972462e-02 1.8445055563e-02 6.6330217121e-02
4.8816151935e-03 -4.1189689784e-03 2.4484045404e-02
-3.1955640824e-01 2.0959929851e-01 -2.8466720231e-01
-5.5556687828e-01 4.8432746022e-01 -4.6537199617e-01
-3.8503373617e-01 4.9013709602e-01 -2.6401417675e-01
-5.1073194290e-02 3.8729003800e-01 -3.8868543496e-03
1.5613940130e-01 6.1078627687e-01 2.6344443186e-01
2.6826877322e-01 7.1726103629e-01 2.8426598874e-01
1.1129099191e-01 5.7297560687e-01 2.4542961283e-01
-7.7317525138e-02 -8.7395599886e-02 3.2746459404e-01
1.5312573967e-02 -4.8421485926e-01 1.6295727484e-01
6.1957875429e-01 -2.9227754493e-01 -4.0325376340e-01
6.7693075430e-01 -1.0427885155e-01 -4.5427030801e-01
-3.3573685182e-03 -5.9924750716e-02 -1.2779095430e-01
1.2942544167e-02 -1.1480848704e-02 9.5713318208e-02
-6.2035729940e-02 9.6712795058e-02 -7.0179376506e-02
-3.7436787229e-01 2.5832305448e-01 -3.9595426512e-01
-5.7040427648e-01 5.1122604508e-01 -5.2805602997e-01
-3.9186398311e-01 5.9010206397e-01 -3.6358317697e-01
-7.1924264496e-02 4.7471981906e-01 -4.1131934475e-02
4.1010764457e-01 7.9753067046e-01 3.9554947906e-01
6.7746451808e-01 1.2457958083e+00 6.9746291221e-01
6.1787559381e-01 1.0093034920e+00 4.4733895761e-01
4.3204842414e-01 7.3773418080e-01 2.5183037795e-01
6.4164304783e-02 -3.5385931042e-01 4.1141088014e-01
4.3052371281e-02 -5.0437456099e-01 2.6605575364e-01
-1.0278696218e-01 -1.9593684262e-02 1.6147495122e-01
-9.6324682608e-02 2.6251718491e-02 1.6880901791e-01
-8.2205513798e-02 -3.2573004699e-02 -2.5250930652e-02
4.1599839797e-02 7.8679134519e-04 1.1245033006e-02
-1.2212184813e-01 7.7516861739e-02 -2.3717022588e-01
-2.8078093073e-01 1.3032074705e-01 -2.7273041083e-01
-1.6317010292e-01 5.0381103147e-01 -2.4354213667e-01
2.2139353641e-02 4.2770986147e-01 -5.7756666933e-02
3.9242878752e-01 5.4594025348e-01 2.6024764833e-01
9.6548585964e-01 1.1372276093e+00 7.3403657606e-01
7.7296448063e-01 9.1161813604e-01 6.2942750959e-01
4.9780626754e-01 4.4037215506e-01 2.0889892668e-01
3.2906255980e-01 4.1091583486e-01 7.4660596422e-02
3.3034724979e-02 -1.4689667459e-01 1.1384209656e-01
6.4889352542e-01 2.9422333331e-01 -6.5174084399e-01
5.5866237107e-01 2.9444869128e-01 -8.3922266613e-01
-2.5557854705e-02 -1.3733628188e-01 -7.4160358701e-02
-5.3788503057e-02 -6.8338564861e-02 -1.6311409502e-02
3.6985564564e-02 1.7537728446e-02 -5.7237536181e-02
-2.9593273877e-02 -9.5197184729e-02 -1.2220470266e-01
9.7157009049e-02 -3.1866326047e-02 1.9077034013e-03
2.8939479437e-01 3.8747657422e-01 -1.5328411767e-01
3.5270682738e-01 2.0359229441e-01 6.7606751548e-02
7.8651864552e-01 5.4206307933e-01 3.6838784505e-01
7.3654918987e-01 5.7165354479e-01 4.6756078103e-01
3.7373907620e-01 2.5929685825e-01 2.3302329826e-01
3.0260938362e-01 2.1281770260e-01 9.8867843770e-02
7.1667040035e-02 1.0252651051e-01 -1.3617354984e-01
-1.0276683325e-01 3.6065481626e-02 -8.8597433712e-01
4.5313274406e-01 2.0720681299e-01 -1.5553412091e+00
1.1163157520e+00 -2.3119617536e-01 -2.2038374643e+00
2.7290290695e-01 -2.1624655223e-01 -5.7880331237e-01
-5.9058184845e-02 -4.1691612506e-02 -2.2566398323e-02
-1.1554214539e-02 7.5240619732e-03 -5.8872439411e-02
-1.6014482345e-02 -1.3714936470e-01 -1.1841650376e-01
9.6800717835e-02 -1.2856777569e-01 -9.2519740131e-02
1.2976939186e-01 4.3254340626e-02 -1.6315877822e-01
1.3907521340e-01 -2.2259024932e-02 3.6166247964e-02
2.6089604594e-01 9.9478873964e-02 6.2411196076e-02
1.1788304687e-01 3.6699468177e-02 2.2972962812e-02
2.1250904814e-01 1.6273457898e-01 2.2258204920e-02
1.8621773667e-01 1.5868724195e-01 3.9030515185e-02
-8.0360767525e-02 -4.0905717808e-02 -1.3845559010e-01
1.7141028929e-01 1.8680643766e-02 -9.0530121645e-01
6.3879768807e-01 -2.9790522289e-01 -7.3228363605e-01
3.4756426165e-01 -1.1678746247e+00 -3.9333031772e-01
-4.3889098972e-02 -3.6520915854e-01 -1.9842514933e-01
-7.2305104856e-02 -3.7989453389e-02 -2.3369628656e-02
-4.1701781635e-02 -8.0502876504e-02 1.0385812159e-01
-9.4073784380e-02 -2.5625029924e-01 2.8716049001e-01
-4.3686397640e-01 -3.0700811840e-01 -4.1645481055e-01
-4.8647872784e-01 -2.5994603144e-01 -2.9739004851e-01
-2.4679112463e-01 -1.5196993280e-01 -5.6620714702e-02
-1.9853048403e-01 -1.0502654384e-01 -5.4660034585e-02
-5.7311643061e-02 -9.2587536543e-02 -1.8746439213e-02
2.8704618574e-02 -1.1826731176e-02 2.3240934649e-02
-3.1308579250e-02 -7.3295936546e-02 4.1298175172e-02
-9.1781731357e-02 -7.7484446512e-02 3.2990885946e-02
2.2874331154e-01 -1.2199526020e-02 -1.5492601162e-01
7.8662528216e-01 -6.4739100567e-01 4.2525823307e-01
3.8454930270e-01 -1.1495215153e+00 1.2693564604e+00
-1.6565300082e-01 -1.6841938035e-01 4.3719844548e-01
-7.2224668810e-02 1.3790361544e-03 -5.5165863734e-02
-3.1418696913e-02 -6.4792455625e-02 5.1997318125e-02
-2.7656141297e-01 -2.4255641190e-01 1.0380260204e-01
-7.1585624949e-01 -6.3672223078e-01 -1.2084968386e-02
-3.2704631450e-01 -2.9836881061e-01 -1.7066241565e-01
-4.9834373283e-02 -1.3485934239e-02 -1.5984723902e-01
-9.4299425690e-02 -4.2343346800e-02 -2.0434269113e-02
-7.6336795313e-02 -5.2768598406e-02 3.4121751545e-03
-8.5565450998e-02 -7.2094692208e-02 3.6499795870e-02
-9.4723724734e-02 -9.4082200425e-02 3.5448213123e-02
-1.2153432530e-01 -7.9449786409e-02 4.0215617376e-02
-1.3063340066e-01 -4.8249159107e-02 7.6605511609e-02
5.5611534126e-02 -5.7261741324e-01 5.0769682951e-01
9.9103168902e-02 -7.0085342206e-01 7.4889041581e-01
-1.8298353302e-02 1.7320399904e-02 1.3537619894e-01
-4.1372083751e-02 8.7570836880e-03 -7.6636354186e-02
-5.5094483364e-03 -4.7964671260e-02 -1.4043758663e-02
-2.2684686105e-01 -1.8003648735e-01 3.9362268399e-02
-8.3167416876e-01 -6.5651917175e-01 4.6857492496e-01
-4.3024557753e-01 -4.7764799540e-01 5.2060874269e-02
-2.4941602748e-01 -2.4333938987e-01 -7.7775791229e-02
-1.2292623783e-01 -6.0830061179e-02 -8.2918978930e-02
-5.6903765121e-02 -3.7201854220e-02 -5.1006149557e-02
-9.4560311035e-02 -5.9429522218e-02 -7.7223615634e-03
-9.0858981634e-02 -8.5093427384e-02 -9.4049639798e-04
-1.0400248665e-01 -6.6407989684e-02 -1.5798665528e-02
-9.4276225537e-02 -5.6969833304e-02 8.7719124535e-03
8.0696897694e-02 -4.8443748653e-01 5.7096169592e-01
2.7385695135e-01 -6.8549726234e-01 1.0985002612e+00
1.2323334762e-01 -4.1475903168e-02 3.0068834147e-01
-3.8949292009e-02 -4.5160487312e-05 -5.2940480923e-02
-3.0345374540e-02 -3.0783741904e-02 6.2042520689e-03
-5.1093322181e-02 -5.8266332388e-02 -1.2269750950e-02
-2.6964770036e-01 -1.8623170122e-01 1.3894178443e-01
-4.5045384148e-01 -3.9513648738e-01 2.0274725974e-01
-5.5482608837e-01 -5.5386356989e-01 2.5747427558e-01
-2.7117611201e-01 -2.2512675686e-01 2.6968980068e-02
-6.3634282201e-02 -8.1950475284e-02 -1.0973413511e-02
-5.3287215048e-02 -4.4431489145e-02 7.2831421456e-02
-7.4992176313e-02 -4.8719305507e-02 6.7801711986e-02
-1.0087971472e-01 -5.8507704706e-02 5.8345894840e-02
-8.1832469997e-02 -6.8978923964e-02 -3.4779165175e-02
-4.1584978053e-02 -5.9933742305e-01 3.1995784369e-01
8.0209020681e-02 -8.5422615639e-01 4.0178782137e-01
1.5748890678e-01 -1.8296020906e-01 -1.1519123730e-01
-2.8289286939e-02 3.1029964265e-03 -6.7418059341e-02
-3.6612329327e-02 -3.0018020261e-02 -6.5153606631e-03
-1.2191650654e-02 -4.8069557932e-02 -3.9918769689e-02
-2.8641029323e-02 -5.9688805382e-02 4.8673434128e-03
-1.2404804987e-01 -1.2752870107e-01 5.7703262238e-02
-3.2829949181e-01 -2.9368642460e-01 1.7752236712e-01
-5.3773086673e-01 -3.5584002966e-01 4.4124958294e-01
-3.3590562961e-01 -4.5658291704e-01 4.4646094516e-01
-1.2521725358e-01 -2.4523911957e-01 2.3392762464e-01
-3.1527881327e-02 -1.6960945228e-01 1.6950985527e-01
-1.2424074919e-02 -1.2295187794e-01 1.4331374398e-01
2.1056872821e-01 -1.4360808904e-01 1.1762235829e-01
4.8302252170e-02 -3.9039264824e-01 -5.0526580447e-02
-5.0997130547e-01 -5.9974320625e-01 -1.3193887229e+00
-5.9375957368e-02 -1.5031951476e-01 -6.9360052356e-01
-3.1142249310e-02 -3.5926994104e-02 -6.6426987811e-02
-3.3828272193e-02 -4.0095440684e-02 2.5530306152e-02
-1.1159163724e-02 -4.9183542391e-02 1.2276678352e-02
-1.6687163310e-02 -5.5107920123e-02 4.6941888846e-02
-1.6161442595e-02 -5.7478431556e-02 5.6335915938e-02
-8.8546816977e-02 -7.3971332126e-02 1.0402923752e-01
-3.2061417086e-01 -2.3638381403e-01 4.6981399756e-01
-6.2969825248e-01 -5.6691321899e-01 8.3947067280e-01
-8.2023391436e-01 -6.1197450583e-01 6.6432295417e-01
-4.0706331426e-01 -4.9538449487e-01 4.6835196145e-01
-8.4358477114e-02 -2.8549669109e-01 2.5603242363e-01
-1.4374618462e-01 -3.3519206627e-01 4.8774235455e-03
-4.7003436528e-01 -5.1539202714e-01 -2.7240497822e-01
-5.1875883895e-01 -4.2141896511e-01 -8.5159949306e-01
-1.0674789995e-01 -9.5913978508e-02 -2.9879979937e-01
-3.3846181734e-02 -3.5770968063e-02 -3.5946273482e-02
-2.1512197121e-02 -7.1196934285e-02 -2.1131424700e-03
-2.1459282965e-03 -1.0562252468e-01 -4.8805734886e-02
-1.5409374627e-02 -1.2142952350e-01 1.8718338796e-02
-2.9201680275e-02 -1.4155617701e-01 2.1986123274e-03
-9.6254429189e-03 -1.1722970459e-01 5.1079489829e-02
-7.5331240913e-02 -1.2093553000e-01 3.3064644970e-02
-3.8728350134e-01 -2.4359826177e-01 2.8905200822e-01
-1.0106136344e+00 -5.7741456000e-01 6.5215025537e-01
-1.3314960913e+00 -9.2686339906e-01 6.8821908301e-01
-1.3388891820e+00 -9.7148325603e-01 1.9196768057e-01
-1.1145779340e+00 -7.8136011930e-01 -2.7684847840e-01
-8.0754972603e-01 -5.4096306858e-01 -3.2598135615e-01
-2.8214671135e-01 -1.7887148743e-01 -1.5701746006e-01
-1.8863983547e-02 -5.2245886051e-02 -2.2409396982e-02
-1.8154811365e-02 -6.4416426624e-02 8.3602561700e-04
5.9898409359e-03 2.6244635000e-02 5.2421525969e-02
-9.9008380987e-03 2.9444404000e-02 5.5326378352e-02
-5.2209627719e-02 2.8430014447e-02 9.0890585747e-02
-4.3533868010e-02 9.9715490668e-03 6.2177142920e-02
8.3615105432e-03 -2.6026240377e-02 6.5212238647e-02
3.2790048076e-02 -2.0814236352e-02 4.8624560289e-02
5.0262583670e-02 -6.1092399247e-02 6.4591118045e-02
5.0111323891e-02 -8.7993274858e-02 6.0221014503e-02
1.4537722045e-01 -1.6604152245e-01 1.0488346891e-01
2.7243952932e-01 -2.8431681328e-01 1.0357751119e-01
3.7212386261e-01 -3.7754518424e-01 -7.8326602480e-02
8.4066864521e-02 -1.8170636989e-01 -5.0919892739e-02
-8.6610989593e-02 -8.0869026159e-02 3.4133222124e-02
-9.1380867722e-02 -9.7708177178e-02 2.2428960472e-02
-8.1880971034e-02 -9.2707950571e-02 -7.7764914068e-03
1.2444843659e-02 2.8627930188e-02 5.8991545683e-02
-9.4334941447e-03 3.8387618418e-02 5.3541127987e-02
-4.5911922492e-02 1.5594979186e-02 9.9895522665e-02
-2.0946674290e-02 -1.3149193055e-02 8.4279175734e-02
5.5776741689e-02 -8.1069095915e-02 1.3269107911e-01
9.4615216617e-02 -1.0225121578e-01 1.1439437622e-01
1.1908113621e-01 -1.7663882521e-01 1.3076284752e-01
2.3635746677e-01 -2.9320056070e-01 1.3830372854e-01
3.7022216567e-01 -4.8876533576e-01 2.2655453365e-01
6.5836053821e-01 -8.6559241728e-01 1.4013605120e-01
1.0755233227e+00 -1.3598949228e+00 -5.0253846651e-01
5.8244003007e-01 -8.1505861711e-01 -6.2128078198e-01
2.8433838007e-02 -1.5075105618e-01 -6.7824679179e-02
-3.6956614265e-02 -9.3739705740e-02 2.9393881406e-02
-3.0755909574e-02 -6.7379539146e-02 1.2672514906e-02
-1.5203061465e-02 4.1980588110e-02 4.4131244312e-02
-4.0367359730e-02 4.3203703770e-02 4.2879867063e-02
-9.4981051593e-02 1.3944505722e-02 8.4510692565e-02
3.2515651971e-02 -4.7596701191e-02 1.1867255394e-01
1.3796463991e-01 -1.3911919386e-01 1.6578119097e-01
1.0748853026e-01 -7.8035697447e-02 9.3960523810e-02
6.3765759779e-02 -6.6784975643e-02 7.5179647820e-02
8.7886313589e-02 -1.2901010160e-01 1.0290843119e-01
1.8152487805e-01 -3.0054757155e-01 1.2016836497e-01
2.5768599257e-01 -6.2445351749e-01 3.6563794496e-02
6.0820020730e-01 -1.1496471686e+00 -4.9779665977e-01
6.9567701373e-01 -9.7460865095e-01 -7.8054052732e-01
4.3504754843e-01 -3.0019533130e-01 -3.3973165960e-01
6.4281833332e-02 -8.1674319493e-02 -7.6056661574e-02
-5.7392310148e-02 -3.9440423879e-02 -1.6340319698e-02
-1.1763327436e-02 4.7184756359e-02 3.6695444165e-02
-1.3054565019e-02 5.6180123940e-02 4.3822903769e-02
-2.2552251775e-02 -1.3098217263e-02 8.2951035462e-02
9.8113748141e-02 -7.9456948999e-02 1.0650058832e-01
8.0608346511e-02 -5.9694367618e-02 7.4216101309e-02
-6.0157507190e-02 9.3102524360e-02 -3.3901065651e-02
-7.7633444935e-02 2.2977772089e-01 -1.8696177542e-02
-1.5670635794e-02 2.9478927268e-01 9.3750514907e-02
1.2063264010e-01 9.9291908204e-02 8.5718596046e-02
1.0050539701e-01 -2.3682705645e-01 4.6431114395e-02
1.2792682351e-01 -3.0678398962e-01 3.1749127055e-02
8.1867300549e-01 -5.6380323877e-01 -4.2595945080e-01
1.6158633730e+00 -6.8685671643e-01 -9.7072449549e-01
6.3768889435e-01 -3.0323734909e-01 -5.5197191553e-01
-1.5134516823e-02 -7.1419275920e-02 -9.9223946211e-02
4.0948829994e-03 2.2144252809e-02 6.0690941236e-02
8.2448188504e-03 6.1243618141e-02 1.2849023897e-02
-2.8702669385e-02 4.0073073548e-02 1.7422912486e-02
-2.6809447500e-02 1.6910776074e-02 6.9672352007e-03
-1.4344200301e-01 2.3657832580e-01 -8.9570493169e-02
-1.9767364737e-01 5.9267730593e-01 -1.4228771207e-01
4.0636408200e-02 7.9705732485e-01 7.7374479250e-02
2.6265281762e-01 1.0135158489e+00 3.8510844264e-01
2.5263365623e-01 7.0237872824e-01 2.8421330486e-01
1.6082331968e-01 2.3052037155e-01 1.5006763431e-01
1.7871166038e-01 -8.3349458124e-02 1.1557400187e-01
5.8676459051e-01 -5.2553218828e-01 -2.4443846038e-01
1.0743375398e+00 -1.4894106974e-01 -7.7000630383e-01
4.6163618891e-01 -7.1490796433e-02 -6.9977659941e-01
-2.4965485503e-02 -8.6938686159e-02 -1.5074283338e-01
2.1556803198e-02 -1.4182335453e-02 8.6831083492e-02
-1.9355749370e-02 4.8447220237e-02 -3.9469156888e-02
-9.9322702386e-02 2.9531727729e-03 -2.4324981979e-02
-7.8934179918e-02 1.3218465748e-01 -4.2056287493e-02
-8.0579817692e-02 7.4261915121e-01 -1.7964392791e-01
1.1342715173e-01 1.0249643990e+00 5.5986964425e-02
5.5763979214e-01 1.2061101077e+00 5.1778040871e-01
5.4855744060e-01 1.1569920015e+00 6.0146771234e-01
2.1976947402e-01 4.2183991124e-01 2.4167425803e-01
4.4602825846e-02 1.0418245182e-01 6.1839442658e-02
-2.9943081317e-02 -4.5979302459e-01 -1.2603716362e-01
2.5539284485e-02 -8.5705731667e-01 -3.2433337636e-01
-1.5792231813e-02 2.9669576471e-01 -5.7546201879e-01
-9.7983264715e-02 3.7569914845e-01 -4.7807978803e-01
-7.0798793149e-02 -3.8111567827e-02 -1.0776616351e-01
3.0002373580e-02 -3.0975323318e-02 8.1976810063e-02
2.5074622056e-02 -4.5314113868e-02 2.7730702311e-02
3.9151257440e-02 -6.0917599531e-02 1.4193324377e-01
1.4490475111e-01 5.1849957899e-01 8.8464560361e-03
3.4507819569e-01 8.6848855630e-01 1.3574119853e-01
5.3127921452e-01 8.8942846503e-01 3.6605764224e-01
6.2057074063e-01 9.8711688147e-01 4.9530617313e-01
3.7927203437e-01 6.5580284758e-01 2.9660274888e-01
1.8911673090e-01 1.5581310658e-01 5.8509349899e-02
1.4616152372e-01 1.8863091107e-01 -4.1586221800e-02
-5.6293756748e-02 8.5168274517e-04 -6.4720854990e-01
-2.9701338071e-02 -5.2688494709e-01 -1.1951119993e+00
-2.8453647077e-02 -1.4211370679e-01 -1.4487759726e+00
-8.2385342371e-02 2.2744651971e-01 -3.8186735582e-01
-4.1877800210e-02 -3.9517990869e-02 -2.8934249078e-02
2.0002066912e-02 -2.3210408029e-02 3.3089809949e-02
1.0164556478e-01 -9.5529546561e-02 7.5133064749e-02
2.7584286558e-01 -4.9409021646e-02 2.8326107770e-01
3.1581510797e-01 1.5786766800e-01 2.4296765003e-01
3.5091994243e-01 2.0432508829e-01 3.3325869302e-01
4.5294532851e-01 5.2426122752e-01 2.1751330466e-01
3.5134127659e-01 4.8208470357e-01 1.9955910159e-01
2.5767808784e-01 3.3267917906e-01 6.8850784912e-02
4.1121619334e-01 3.4628367772e-01 9.9165436090e-02
3.6410975026e-01 3.3537847893e-01 -1.0578692492e-01
2.6053265894e-01 2.5888545642e-01 -8.4595667050e-01
-3.0965631629e-01 -7.4302705749e-01 -8.0391100125e-01
-2.4607129754e-01 -1.1845982136e+00 -1.8173209094e+00
1.9164588594e-02 -1.1842548265e-01 -4.5000524827e-01
-4.9458575706e-02 -4.9481569332e-02 4.5271460121e-03
-5.0744803111e-03 -3.6001786103e-02 1.1933585073e-02
1.6337749587e-01 -1.9405068473e-01 1.0687226947e-01
4.2308148839e-01 -6.1333455623e-01 6.3806171837e-01
9.4951811239e-02 -3.4700467408e-01 2.3704180442e-01
-2.1747002048e-02 -5.9207644359e-02 -3.9871839004e-02
1.2284459085e-01 9.9035991420e-02 -3.7850129788e-02
-3.3863152408e-03 6.3510468964e-02 1.5675943511e-02
7.8701204333e-02 9.2755862260e-02 3.8401573192e-02
1.7516921832e-01 1.4200584105e-01 5.8727423990e-02
1.0323442101e-01 7.8397466260e-02 -2.9091925417e-02
2.4516452982e-01 5.1287542237e-02 -3.6463289227e-01
2.1430095810e-01 -5.1556852066e-01 -4.2626403827e-01
5.5757460474e-01 -1.0328678931e+00 -1.4464245182e+00
2.1388814221e-01 -2.2971843591e-01 -6.1445926617e-01
-3.6281104319e-02 -4.7956680680e-02 -8.9059408318e-03
-1.3465968693e-02 -6.0388506096e-02 3.4483992387e-02
-2.9311851698e-02 -3.4261907883e-01 1.9320039278e-01
-1.7033691813e-01 -9.2314985265e-01 5.0347776805e-01
-1.5477341097e-01 -2.4191667269e-01 -3.0335921690e-02
-2.1479580517e-02 2.5869780581e-02 -3.5089055190e-01
-5.3906125957e-02 6.4749610168e-03 -1.5346049962e-01
-5.6354376896e-02 -2.3969819914e-02 -1.7024442569e-03
-5.0908123946e-02 -5.0157636879e-02 3.4531484247e-02
-3.7928025266e-02 -7.8072416143e-02 4.8733536099e-02
-7.6819534989e-02 -7.4347459706e-02 7.0567159003e-02
6.9286444835e-02 -2.3039683624e-02 3.2438365090e-02
5.4011693100e-01 -2.7973037937e-01 -4.1809508726e-02
7.3653488457e-01 -5.4786129338e-01 -2.4857909837e-01
1.6526592076e-01 -9.4975415274e-02 -2.8598094558e-01
-3.5990974876e-02 -2.9022162167e-02 -5.1304069213e-02
8.0412971353e-03 -5.0109234203e-02 2.0108925857e-02
-8.1969697128e-02 -2.2884006336e-01 3.9886434360e-02
-4.3946696966e-01 -6.8756582047e-01 2.4255311983e-01
-2.6517458990e-01 -2.0488304111e-01 -1.5173853730e-01
-1.5897784778e-01 -7.9020489525e-02 -1.5108917624e-01
-3.9876386232e-02 6.7587953266e-03 -1.0999604749e-01
-1.3857186447e-02 2.9301325131e-02 -7.8994061961e-02
-3.9356862871e-02 -4.0525366231e-02 2.7141268955e-02
-4.7118449353e-02 -6.4271994657e-02 4.8722765680e-02
-7.7936853507e-02 -4.9730609261e-02 3.3323433241e-02
-9.1574641734e-02 -2.3216165650e-02 6.7461864627e-02
3.2501610709e-02 -3.0747152610e-01 4.0003664748e-01
2.3404296165e-01 -3.5021775666e-01 5.7348384682e-01
1.5357796429e-01 9.7750952846e-02 -3.2717816251e-02
-1.1617383084e-02 -1.0890334109e-02 -6.9663711005e-02
8.3891306985e-03 -5.1022840630e-02 7.5852798217e-03
-1.8437366362e-02 -1.1753642223e-01 1.2788287030e-02
-2.8673512194e-01 -4.2767095866e-01 1.6975755266e-01
-3.3479487309e-01 -4.6667522477e-01 3.7215562957e-03
-3.1322421142e-01 -3.5028606562e-01 1.9435502961e-01
-9.3731730162e-02 -9.9452265302e-02 -3.3636815635e-02
-7.6009779407e-02 -8.2419614907e-02 -1.5183705643e-01
-4.1321603046e-02 -3.0262202016e-02 1.9718035800e-02
-3.0689858874e-02 -5.6026907250e-02 4.7670328818e-02
-7.2244718065e-02 -5.3501036386e-02 4.4830583407e-03
-4.3363746807e-02 -5.1146841203e-02 -4.7580925292e-03
1.1437189332e-01 -3.3361419011e-01 1.0821136488e-01
2.4404906447e-01 -3.9165583379e-01 -1.7454382193e-01
2.1416667097e-01 8.4029736159e-02 -3.1499518805e-01
-1.5008488988e-02 -2.7543798132e-03 -6.1572350259e-02
-1.6167983157e-02 -4.5074076414e-02 5.2437624969e-03
1.5016889533e-02 -5.6519100387e-02 -2.8757656165e-02
-6.0323761248e-02 -1.0127519160e-01 -2.5824543809e-03
-2.0962828578e-01 -2.4744189324e-01 -1.6179972093e-02
-3.5323380740e-01 -4.0926785094e-01 1.6626514517e-01
-2.2035594040e-01 -3.9413346836e-01 2.2758700660e-01
-1.7293014092e-01 -3.9048077461e-01 2.1130198437e-01
-4.0599338391e-02 -1.8965416433e-01 2.2270256694e-01
-5.0098919121e-03 -1.0507673169e-01 1.8499336759e-01
-2.7936997476e-02 -3.7061980219e-02 1.1653608469e-01
8.0863290478e-02 -2.2351127411e-02 3.5563743064e-02
1.9377669591e-01 -2.8309281606e-01 -1.7317534188e-03
-6.4769315892e-02 -5.8228257723e-01 -1.2227873870e+00
4.8685377442e-02 -1.1390434376e-01 -8.7068927368e-01
-2.5463662020e-02 -6.5477404058e-03 -8.5108748798e-02
-2.1011503879e-02 -4.5632937940e-02 4.2813445124e-03
6.3727319410e-03 -5.7543880393e-02 -3.2670989658e-02
-9.1157868429e-03 -5.9508267779e-02 6.9834759285e-03
-2.7657334999e-02 -6.7138958049e-02 8.1534595841e-03
-1.1364627714e-01 -1.8305429852e-01 1.3902197466e-01
-3.1959509346e-01 -3.7436934690e-01 3.5614238311e-01
-5.4210980533e-01 -7.0922827463e-01 5.5982985351e-01
-4.3547177962e-01 -6.6239481163e-01 5.4252064374e-01
-2.2072896394e-01 -5.2541946992e-01 4.4030863044e-01
-5.4216397265e-03 -1.9466375862e-01 2.5555806952e-01
6.4849775992e-02 -2.6861087879e-01 8.6314088424e-03
-1.1986758240e-01 -5.7664154564e-01 -1.0868777577e-01
-3.7149991219e-01 -6.3290087928e-01 -1.2308311118e+00
-1.3406804553e-01 -1.7528176260e-01 -6.4516480669e-01
-2.3624032326e-02 -4.7453316956e-02 -4.9027956051e-02
-1.2716624220e-02 -5.1088512424e-02 1.7779143840e-02
4.4923624183e-03 -5.5162902790e-02 -2.0836754366e-03
-1.2270552872e-02 -6.2585691428e-02 4.3230880719e-02
-4.0418196197e-03 -6.2411364608e-02 3.8369952393e-02
-1.4953420161e-02 -5.5431400600e-02 7.9705605201e-02
-1.8056040296e-01 -1.6735729754e-01 1.5940372365e-01
-4.9961235996e-01 -5.5580186790e-01 5.4856722351e-01
-7.8530034702e-01 -8.9188074193e-01 7.8824782021e-01
-8.3779832266e-01 -1.0382681633e+00 6.8712402012e-01
-6.8992194848e-01 -7.8995350578e-01 4.3593752736e-01
-5.3553767391e-01 -7.6347230447e-01 -5.3967653068e-02
-6.9533608575e-01 -9.1130289536e-01 -2.9008573121e-01
-3.5698417208e-01 -4.7937244471e-01 -4.7908539973e-01
-4.7694950314e-02 -1.1633630046e-01 -1.4517624077e-01
-2.0836986069e-02 -4.9644311242e-02 -3.1216524043e-02
-1.3792242880e-03 -8.3619962606e-02 3.4497654567e-03
2.0756398706e-02 -9.7575685332e-02 -4.0899786179e-02
-4.4728117516e-04 -1.1045835088e-01 3.3636654097e-02
-1.8909571694e-03 -1.2166278356e-01 2.3553706370e-02
8.6623403287e-03 -1.1823046401e-01 5.3975763557e-02
-2.0894801144e-02 -1.1734796360e-01 -2.9242448690e-02
-1.4281262115e-01 -2.0487375911e-01 1.0264579897e-01
-4.8340348855e-01 -4.6814452837e-01 2.9864268180e-01
-7.5280501072e-01 -8.1084000365e-01 3.8908336497e-01
-8.1855824704e-01 -9.0258400836e-01 2.1311515981e-01
-6.2645510946e-01 -7.1551123281e-01 -6.3594613299e-02
-3.9865900755e-01 -4.3443691569e-01 -7.5144179190e-02
-9.1336917127e-02 -1.5476980420e-01 -8.4321821982e-03
2.3339742364e-02 -5.6699985787e-02 -2.3219940082e-03
9.1288121525e-03 -7.3817302581e-02 -3.9682228589e-03
1.3358455781e-02 1.0719783246e-02 8.2262150853e-02
-1.8455122983e-03 8.0837613659e-03 8.9623727912e-02
-1.8782020072e-02 5.7750152614e-03 1.2587412722e-01
-4.8945056728e-02 -1.5208935313e-02 8.9631118738e-02
-1.3407245684e-02 -2.7311110081e-02 9.4255991660e-02
-3.5370060284e-02 -6.4427645980e-03 6.7835501023e-02
-2.2384391630e-02 -1.5324870174e-02 7.5831653762e-02
-5.9686521500e-02 1.7363758437e-03 6.8719131487e-02
-5.1686908569e-02 -1.2808797966e-02 8.4814066919e-02
-8.7252327190e-02 -9.4346795341e-03 1.1657688383e-01
-7.5046783374e-02 -4.0257585893e-02 1.2567336442e-01
-9.6208600910e-02 -3.3289674244e-02 1.5521230026e-01
-1.0096380919e-01 -5.0749423735e-02 1.4548956324e-01
-8.5808787744e-02 -6.7471953858e-02 9.8528600168e-02
-9.0232461750e-02 -3.8534634883e-02 3.5627951759e-02
4.7888321652e-03 2.0350638661e-02 9.2333452693e-02
-3.9228634519e-04 4.0338575374e-03 9.5540921756e-02
-2.4014138590e-02 -7.5665006424e-03 1.2920896632e-01
-4.7486621660e-02 -1.5296690936e-02 1.0851643695e-01
-2.5398224504e-02 -4.5847105109e-02 1.2080502721e-01
-1.9076078647e-02 -3.3335300241e-02 9.7058950318e-02
-3.2212530187e-02 -5.9901002458e-02 1.0005871648e-01
-2.4769214023e-02 -7.5296344751e-02 8.5486671378e-02
2.3731695956e-02 -1.6668067311e-01 1.2787426666e-01
5.8479000274e-02 -2.8620975199e-01 1.3412684405e-01
1.0466301928e-01 -3.8750570461e-01 3.3574077395e-02
-1.8665934232e-02 -1.9149294247e-01 4.9948518915e-02
-6.6811427699e-02 -5.8667373913e-02 1.4099150595e-01
-4.3410935681e-02 -6.1441986005e-02 1.2171559877e-01
-4.1747523015e-02 -1.7727009187e-02 4.6365622045e-02
-1.2824453553e-02 3.2436283162e-02 7.2834226561e-02
-3.7118727337e-02 1.8020933438e-02 7.9733671993e-02
-8.3988840116e-02 7.0529238710e-03 1.1931731946e-01
-5.6896494720e-02 -1.3894999668e-02 1.0099508400e-01
-3.4132336890e-02 -2.8164256231e-02 9.3325476176e-02
-4.2976329430e-02 -8.4900961094e-03 6.7693628589e-02
-9.5603847058e-03 -5.1634759418e-02 7.2227104222e-02
3.2318938676e-02 -1.3526517423e-01 9.3893791349e-02
1.9797011364e-01 -3.0632059851e-01 1.1592373427e-01
3.0342456395e-01 -6.1079616179e-01 5.7321673740e-02
4.5019016614e-01 -7.9316850181e-01 -1.4326442790e-01
5.0334978890e-01 -2.7132848335e-01 -1.7466678935e-01
2.2663892974e-01 -3.8122644236e-03 -5.5445522604e-02
-1.5830662826e-02 -4.7352710919e-03 2.5308850266e-02
-7.6440803743e-02 8.3443583022e-03 7.5764666569e-03
-2.0568393586e-02 4.4031147491e-02 5.9794113473e-02
-3.5115921217e-02 2.8309306925e-02 7.1641786519e-02
-6.2470127096e-02 -6.4560935670e-04 9.2341316385e-02
-2.6364653205e-02 -1.0159315709e-02 6.4324085756e-02
1.3820986217e-02 -6.9859180559e-02 6.4306007249e-02
6.3042362191e-02 -8.9135408994e-02 5.7992171890e-02
1.1241912812e-01 6.9183765954e-02 1.0142018638e-01
2.8325377295e-01 2.6511172590e-01 2.2350787743e-01
5.4638978815e-01 9.6952321567e-02 2.8966651691e-01
6.1169332358e-01 -3.9740162508e-01 2.6024474188e-01
9.1638957477e-01 -5.0484469537e-01 9.1868367294e-02
1.5465715903e+00 -1.6484434603e-01 -5.5014875614e-01
1.3647833412e+00 1.0060697383e-02 -1.1422373318e+00
2.7679418819e-01 -5.5756852284e-02 -3.5094564152e-01
-3.8020279485e-02 -1.0575798259e-02 -5.6650544948e-02
-5.7465173066e-03 2.0129822173e-02 5.7297117860e-02
1.3738928117e-02 1.3428961076e-03 7.2635622386e-02
-3.1262101284e-02 -3.5622273766e-02 1.0226165719e-01
2.4798474462e-02 -1.0779913195e-01 1.2796176845e-01
8.5352947774e-02 -9.1630418156e-02 1.2330309336e-01
2.4133571467e-01 2.1853084520e-01 1.6131917187e-01
6.5805031712e-01 4.6322274896e-01 4.5887053798e-01
9.7383597106e-01 4.9943123082e-01 5.9210969872e-01
9.1756599327e-01 1.8763075116e-01 3.6253150056e-01
7.7773259007e-01 -2.0115745418e-01 2.5027729497e-01
7.1182708468e-01 -3.1787483187e-01 -1.1528973196e-01
6.5697170818e-01 -8.1360764737e-01 -7.5465632802e-01
1.2216976511e+00 -6.6374414721e-01 -1.5018192424e+00
6.0414840865e-01 -4.8377765459e-02 -1.0806378439e+00
-1.4689031753e-02 -8.0319597325e-03 -1.7261768011e-01
4.5584642182e-03 -9.7212717610e-03 9.5626243890e-02
1.1664331762e-02 -3.7867106266e-02 9.2242632755e-02
2.2012571694e-02 -1.5206102789e-01 1.7785407960e-01
1.4175781918e-01 -1.4018449998e-01 2.1949025231e-01
3.5678367692e-01 3.9128073728e-01 3.0159575579e-01
8.5282225499e-01 6.1172162699e-01 6.8299541775e-01
9.7090070884e-01 4.6009636826e-01 7.0724435456e-01
5.1038011021e-01 1.7295018384e-01 3.4085315302e-01
1.6014148126e-01 -4.1596675764e-02 1.1066094035e-01
4.4419802080e-03 -1.8510654709e-01 9.4159294801e-02
-9.7269424104e-02 -5.0790396780e-01 -5.8221216830e-01
-7.1476130539e-02 -1.4167321475e+00 -4.9221032609e-01
3.2399542500e-01 -5.4394873549e-01 -8.3875026182e-01
4.1871930919e-01 6.3542742707e-01 -1.6683862810e+00
-1.0095368855e-02 8.1291620910e-02 -3.3960145944e-01
4.6620127175e-03 -3.1524706813e-02 9.9941639587e-02
3.7480891492e-02 -7.0828235372e-02 1.0321859937e-01
5.7692487270e-02 -1.5638172982e-01 2.3263298905e-01
3.6449261034e-01 1.5178294360e-01 3.6645782470e-01
8.6317686596e-01 3.4690941072e-01 8.6105643542e-01
8.0784730480e-01 4.1856795127e-01 7.5038752703e-01
2.7240632291e-01 3.1981016407e-01 2.2299269708e-01
3.3115778213e-02 1.3181584738e-01 1.4129550945e-02
5.8711673257e-02 4.5896535538e-02 5.9401317406e-02
-1.5807323506e-02 6.1738180368e-02 4.7335260650e-02
-3.3315228009e-01 -1.8235501763e-01 -6.2495413915e-01
-5.0849942902e-01 -1.6919672936e+00 2.8149098348e-01
-4.2340309281e-01 -2.1000004704e-01 -4.7118455559e-01
-2.8653841586e-01 1.2323654008e+00 -1.2684733433e+00
-6.5333898376e-02 1.9178710378e-01 -3.0654152831e-01
-8.2023916988e-03 -2.7723710278e-02 6.5267051579e-02
2.0005583271e-02 -8.7234294958e-02 9.1176613108e-02
1.5465761760e-02 -1.6131403349e-01 2.5793904987e-01
3.6558391667e-01 -2.5960516031e-01 7.0620147481e-01
5.5759564354e-01 -1.9444414653e-01 7.3262021733e-01
2.3047333770e-01 4.7604671249e-02 1.2556449554e-01
4.3366209493e-02 8.5809306830e-02 2.7717141090e-02
2.3053883965e-02 1.2452756627e-01 3.4462736479e-02
1.1662010705e-01 1.1048829373e-01 6.0835936270e-02
7.7373184799e-02 1.3126297462e-01 3.9937942258e-02
-8.2945855277e-02 1.0076820260e-01 -3.2783843074e-01
-6.4869691181e-01 -1.0072964291e+00 1.2787597970e-01
-4.3661261502e-01 -6.3196799256e-01 -2.8694052601e-01
-2.6736781505e-01 4.0788475164e-01 -2.7937649225e-01
-9.4314108235e-02 1.6333076692e-01 -1.3057526935e-01
-1.5417297440e-02 -3.7562906685e-02 4.1939060671e-02
1.3375443066e-02 -1.4648181557e-01 9.7929152665e-02
1.1405098168e-01 -5.1699152657e-01 5.1887434084e-01
1.4001414176e-01 -3.9849612856e-01 4.2227669481e-01
8.1947371673e-02 -1.1008730525e-01 -1.0200968995e-01
1.5303691828e-01 8.1268147745e-04 -3.3297927471e-01
9.4576955795e-02 1.0904678707e-01 -1.0085646639e-01
-4.7958615754e-02 1.3305183391e-02 6.5444261492e-03
-2.7650456616e-02 -2.7039381160e-02 2.7963848589e-02
-3.3019204292e-02 -3.2522814080e-03 6.7032477149e-02
7.4373856570e-02 1.2889594655e-01 -1.6009519723e-01
2.4951042245e-01 -3.1684735928e-01 -8.4556849173e-01
3.3804827901e-01 -8.8889415318e-01 -9.5735473159e-01
6.6836407443e-02 -1.5451955875e-01 -2.4883936933e-01
-4.3388150593e-02 1.1654061777e-01 -7.0018773969e-02
7.1467165644e-03 -3.4966573155e-02 3.7088989864e-02
-2.9043201857e-03 -1.5752263792e-01 1.0294682194e-01
-1.7067805448e-02 -4.9912334234e-01 4.0936200178e-01
5.5554117098e-02 -1.7154032083e-01 -3.6333411574e-02
6.9177417141e-02 8.1156451854e-02 -5.5347301492e-01
5.1897392562e-02 2.0207221683e-01 -3.7597637531e-01
4.2057192151e-02 2.0119988693e-01 -1.9318139153e-01
-4.4060345791e-02 -7.8363400449e-03 -2.6642024558e-02
-4.3813093737e-02 -6.9655210951e-02 5.9221881118e-02
-8.8510587874e-02 -4.5652588268e-02 6.5365104694e-02
-6.2179192866e-03 -1.5633654742e-02 5.6727949032e-02
2.6690361906e-01 -2.9185095317e-01 -3.5653898322e-01
5.9760659725e-01 -5.8908295896e-01 -1.3079674395e+00
3.2331731433e-01 -1.2438234532e-01 -8.1307224934e-01
-2.4174923685e-02 5.4172038963e-02 -1.0709465400e-01
1.3385980091e-02 -3.6720885253e-02 4.6921930185e-02
1.3537890380e-02 -7.5763766194e-02 4.1990902840e-02
-5.1109810131e-02 -1.8156964709e-01 7.8955544428e-02
-8.4919128706e-02 -1.7871350623e-01 -1.6732498976e-01
-1.2949892679e-01 -2.0481726136e-01 -1.4966329792e-01
-5.9236316725e-02 6.7211991583e-02 -1.4665278059e-01
-1.1880636073e-01 1.1149732729e-01 -2.3966485095e-01
-5.4992666876e-02 -1.4365948954e-02 -2.4546797697e-02
-2.9619398382e-02 -4.1816612770e-02 1.1058257398e-01
-6.8349038459e-02 -4.6790348597e-02 7.7698357361e-02
-8.5722708758e-02 -4.3165707728e-02 6.0126833497e-02
-8.2870067225e-02 -2.4876361329e-01 -2.5628236169e-02
-1.4462073580e-02 -5.7401944383e-01 -1.1330882459e+00
1.3053310535e-01 -1.4646590020e-01 -9.7951741512e-01
-2.5352227460e-02 6.4730206058e-03 -1.2768809217e-01
6.5289115648e-03 -4.0493635720e-02 3.0017713402e-02
2.1661070055e-02 -6.3584261512e-02 1.4873882876e-02
-3.3758805287e-03 -8.6826814336e-02 5.5207362007e-02
-7.0733777113e-02 -2.1328775430e-01 1.9101125660e-02
-7.6984608137e-02 -2.3999033553e-01 1.1949309190e-01
2.4685982831e-02 -9.4449919907e-02 -8.5721894470e-02
-1.7384783484e-01 -2.2468259720e-01 -1.7374674480e-01
-9.0332189273e-02 -1.9763371831e-01 1.5255528250e-01
1.7039622819e-02 -1.7955658965e-01 2.1736789377e-01
-5.7115496755e-02 -1.6283932410e-01 1.5247099294e-01
3.0216436382e-02 -8.2896469958e-03 1.1040271292e-01
7.5100769399e-02 -1.3802261651e-01 1.7861904150e-01
-1.9758323776e-01 -6.2239271114e-01 -1.1013076367e+00
-5.2004664327e-02 -2.2726994223e-01 -1.0134708713e+00
-4.6583880722e-02 6.1117347072e-03 -1.0207544641e-01
-1.2213497877e-02 -3.1882562341e-02 2.7874788457e-02
6.9944414432e-03 -5.9048075260e-02 9.4568099831e-03
-1.6383275555e-02 -4.7126004438e-02 3.1090278474e-02
-3.8672608269e-02 -5.3977190961e-02 2.9166976940e-02
-8.6380500814e-02 -1.4095816833e-01 8.5131585778e-02
-1.6419100078e-01 -3.6318779302e-01 1.6142062493e-01
-3.3515398523e-01 -5.8975825034e-01 3.4552942063e-01
-2.3775418733e-01 -5.0349809833e-01 5.6460421366e-01
-1.7742397297e-01 -5.1562023725e-01 4.9452723969e-01
-1.6552098047e-01 -4.1038241976e-01 3.1326253033e-01
3.0287989249e-02 -2.0938790089e-01 1.6582948592e-01
-5.0682023045e-02 -4.0565086696e-01 1.0447239596e-01
-2.2628804913e-01 -6.6379779204e-01 -1.0510058015e+00
-1.1459523501e-01 -2.5279052242e-01 -7.7136910903e-01
-5.5341694274e-02 3.2747302879e-03 -7.6077633189e-02
-1.3453216693e-02 -3.7866279846e-02 1.6291997408e-02
5.2627073389e-03 -5.9685961900e-02 -9.8196491452e-04
-1.1170756434e-02 -5.6699715699e-02 4.1511552941e-02
2.9236000397e-03 -4.6438743615e-02 3.9729166318e-02
-1.6599873715e-02 -4.9624603936e-02 9.1068012976e-02
-1.1506078142e-01 -2.0019342104e-01 1.2640491446e-01
-3.1709981729e-01 -5.9327514468e-01 3.8651667814e-01
-4.5762560930e-01 -9.2492929364e-01 6.6727483507e-01
-4.3218024672e-01 -9.9956844039e-01 6.9659153202e-01
-2.7457675486e-01 -8.1659503569e-01 4.0699322217e-01
-3.1448922857e-01 -9.0291883729e-01 -8.6117408259e-02
-7.2843197427e-01 -1.0303192620e+00 -1.8125115539e-01
-3.7461218549e-01 -6.1242513168e-01 -5.6819523389e-01
-1.2834478611e-01 -1.3854328563e-01 -2.2278051482e-01
-4.1142524886e-02 -1.5058985755e-02 -2.5098903044e-02
-1.4554843694e-02 -4.0267234874e-02 3.5668647942e-02
5.0532504235e-03 -5.4839146062e-02 2.2217909037e-02
-2.1761553425e-02 -5.5739526552e-02 6.0093143461e-02
-1.1132689635e-02 -5.9285152517e-02 6.0862501620e-02
-1.7396709215e-02 -4.1569284227e-02 8.9075999977e-02
-5.4646486093e-02 -6.3297543549e-02 4.2286034087e-02
-1.7906479305e-01 -2.4206105021e-01 1.7481505546e-01
-4.0483611761e-01 -6.0286463223e-01 4.1942489176e-01
-5.5028890795e-01 -8.6272572767e-01 5.7623527704e-01
-6.1462729181e-01 -7.5541691704e-01 4.3110010101e-01
-5.6796661845e-01 -8.0488001740e-01 -4.8080145637e-02
-6.3405477536e-01 -7.3542592955e-01 -1.2487371688e-01
-2.1444193191e-01 -2.6940628525e-01 -4.7143039935e-02
-9.5101954946e-03 -5.5044772828e-02 1.7994618236e-02
-3.6698933888e-02 -2.2740210270e-02 -2.4666914341e-02
5.6643188063e-03 -6.5161245885e-02 3.5319328088e-02
2.1125662932e-02 -9.4594872506e-02 2.3101037642e-04
1.4127137133e-02 -8.9384017079e-02 6.8034424476e-02
1.9188776521e-02 -9.7457971889e-02 6.4633221055e-02
1.7080978669e-02 -9.0751836901e-02 8.5296672402e-02
-7.1093487961e-03 -9.2833542134e-02 2.3134619986e-03
-6.9838679122e-04 -1.0386138436e-01 4.9533153525e-02
-9.1497001030e-02 -1.7658973241e-01 9.4165215734e-02
-1.9689216113e-01 -2.8767192195e-01 1.2110473425e-01
-2.8712879451e-01 -3.0159650347e-01 9.1773956463e-02
-1.8207913279e-01 -2.4820521479e-01 3.7180139572e-02
-8.0251289794e-02 -1.6173055381e-01 1.0786899007e-01
6.3177862015e-03 -5.1962310031e-02 1.1897382639e-01
2.1652666821e-02 -1.2809625595e-02 5.2383414251e-02
-4.8658537948e-03 -3.4019932561e-02 -2.0789362964e-03
6.5040837814e-03 -8.6382813856e-03 8.4327845691e-02
1.4833597039e-02 -1.4489602040e-02 7.3519362248e-02
-2.8407785372e-03 -2.9390978405e-02 1.0532620060e-01
-1.3002887310e-02 -4.8168904088e-02 7.3303557090e-02
1.9255474719e-03 -5.4875330423e-02 8.6903750397e-02
-1.2917679814e-03 -4.3509312319e-02 5.5303935258e-02
7.8628292819e-03 -3.9091964549e-02 6.4993068285e-02
-2.8929535341e-02 -2.2707935847e-02 6.3181020955e-02
-2.7880007504e-02 -1.8666701026e-02 7.3967648434e-02
-5.6821451371e-02 -9.3111684471e-03 8.5307158278e-02
-5.0396087930e-02 -3.7934290409e-02 9.2813339130e-02
-6.9844408037e-02 -5.5980980932e-02 1.3432852964e-01
-7.0059881642e-02 -6.7177923670e-02 1.2976209043e-01
-5.0475782020e-02 -8.8640667796e-02 1.1306374956e-01
-5.2672220107e-02 -6.6071685396e-02 5.1003765857e-02
2.2051183586e-02 -3.4670362078e-03 8.8765721328e-02
3.3809740623e-02 -1.7831324192e-02 7.7929139860e-02
1.9573680513e-02 -2.9594264268e-02 1.1434662770e-01
1.1520409555e-02 -4.9456696579e-02 7.8190961064e-02
1.6225031711e-02 -7.3375764771e-02 9.7787811146e-02
1.0539958717e-02 -6.4325079036e-02 6.6589644958e-02
1.1325518278e-02 -6.7156777756e-02 7.1057910860e-02
-1.1157387663e-02 -5.2972242434e-02 5.4898397357e-02
-2.1843335438e-02 -4.3426837172e-02 7.2737377057e-02
-3.0890466479e-02 -3.9615056286e-02 6.9426216288e-02
-4.4966513410e-02 -5.0430095260e-02 8.6897670549e-02
-3.8522958793e-02 -5.2777619268e-02 1.1637802341e-01
-4.5045236360e-02 -7.1825848007e-02 1.4281801118e-01
-2.5079061127e-02 -9.7296547503e-02 1.1870500007e-01
-1.8150480399e-02 -5.9697619004e-02 5.4382212695e-02
-8.9178406459e-03 7.8601105003e-03 7.5569573022e-02
1.2051813687e-02 -9.5076045876e-03 6.9936332768e-02
-1.5673047010e-02 -2.8913814255e-02 9.7558318058e-02
-1.2238810883e-02 -4.6435497036e-02 7.2563132453e-02
-7.7813172247e-03 -5.1814172888e-02 9.0543824729e-02
-1.6649917610e-03 -4.2421557803e-02 4.9838675702e-02
-5.8357652443e-03 -3.4185247323e-02 5.3090907483e-02
-2.0763891385e-02 -1.6658467629e-02 4.5515542116e-02
1.0885050729e-02 -2.9612628741e-02 6.5970862040e-02
5.2129820543e-02 -6.1004043790e-02 8.7956087472e-02
3.1732200983e-01 -8.4588645074e-02 1.3708379476e-01
6.1388555556e-01 -7.5789791399e-03 6.1263103066e-03
2.2915368122e-01 -2.0810374442e-02 -6.0674916395e-02
-1.0634312556e-02 -2.6335808165e-02 1.8183500270e-02
-6.7933176821e-02 -2.3652122071e-02 7.8749892706e-03
1.5600282611e-03 1.1853079995e-02 6.2391826669e-02
3.0168508548e-02 -1.3202968089e-02 5.4141642354e-02
-6.8238236918e-03 -3.0199799682e-02 7.2784431410e-02
-3.2901582058e-03 -3.5731942763e-02 5.1096533529e-02
-3.1071380911e-03 -5.3226944327e-02 5.6626311667e-02
1.7196120277e-02 -5.1761759412e-02 3.5016940812e-02
6.1664115305e-02 -1.2198740948e-02 6.8750078788e-02
2.4175500787e-01 5.0829135753e-03 1.6066532987e-01
5.0432684696e-01 -8.1523212311e-02 2.4656945516e-01
4.9838557036e-01 -1.5428380504e-01 3.3440072879e-01
1.1123589322e+00 -1.8586321632e-01 4.0748189867e-01
1.6579131719e+00 -2.2357565622e-01 -8.0085528665e-01
8.1107122248e-01 -2.6386031865e-01 -1.4877611358e+00
1.2297694739e-01 -1.1688239782e-01 -2.8798302233e-01
-4.8712381922e-02 -3.0218323107e-02 -3.7364263313e-02
1.4959857468e-02 1.6047227843e-03 6.7308083975e-02
4.0977876635e-02 -1.2173321864e-02 6.5385531902e-02
9.6107230720e-03 -4.0923319563e-02 8.8396693421e-02
1.8330744680e-02 -4.7187750264e-02 7.7724533852e-02
2.4234501178e-02 -3.7131755255e-02 7.8332825902e-02
1.7547523527e-01 5.1179439070e-04 1.3170531201e-01
5.4303255765e-01 -5.5607053854e-02 3.6081036526e-01
7.9920262280e-01 -1.3469213757e-01 4.5739297512e-01
8.0124379700e-01 -2.1335255849e-01 3.3334854067e-01
3.9540902748e-01 -1.1836741008e-01 2.9887908307e-01
-3.9422941395e-01 5.8431613967e-02 2.3513825192e-01
-1.2777097889e+00 -9.3021881973e-01 -6.5111368097e-01
-1.2381115756e-01 -1.5916167011e+00 -1.5978920485e+00
4.5041450855e-01 -5.8151709207e-01 -7.1207464926e-01
1.9899095964e-02 -6.4690093044e-02 -1.2227743941e-01
1.7555081140e-02 -1.5534166284e-02 7.9137516164e-02
4.5755484034e-02 -3.7261822502e-02 6.2811628566e-02
1.5566134689e-02 -7.2109991237e-02 9.6149337262e-02
3.1914123426e-02 -6.9705047361e-02 8.1000168868e-02
1.6010518484e-01 -1.6967027820e-02 2.0919714384e-01
5.5430864808e-01 -8.4564430292e-02 4.6888849386e-01
6.0578814667e-01 -1.3775083231e-01 4.2922706059e-01
2.8168329833e-01 -1.5714328823e-01 1.8478152097e-01
9.8087583076e-02 -3.2553742207e-02 1.1576770349e-01
-6.4421566303e-02 -3.3027397941e-02 1.9271880919e-01
-6.0507919260e-01 3.4072312284e-02 7.8594459261e-02
-6.8109063503e-01 -1.2823535948e+00 6.8182193210e-01
9.7780368191e-01 -2.1371332362e+00 3.3487954898e-02
1.2551821522e+00 -8.7862820813e-01 -1.3214613312e+00
1.6730681861e-01 -6.0223897945e-02 -4.5494938382e-01
2.6777601719e-02 -3.7080619339e-02 7.9038086058e-02
5.8978219619e-02 -5.4447172944e-02 6.2483370130e-02
3.3853691236e-02 -8.4110631473e-02 1.0854798990e-01
1.0966782666e-01 -8.3282923426e-02 1.8852410634e-01
3.6960551187e-01 -1.8808570795e-01 5.1978273077e-01
3.5532711172e-01 -1.0955535173e-01 3.3972466371e-01
-7.9640594387e-02 6.8187077970e-02 -8.7249774742e-02
-1.1584690822e-01 8.5502308233e-02 -5.1199108151e-02
-6.4308169686e-02 2.3307560591e-01 -1.5531802926e-02
-6.0086714649e-02 5.2595996778e-02 9.7802314942e-02
-1.2565088492e-01 -2.2476850062e-02 1.1098286909e-01
-4.1736062232e-02 -8.5012659214e-01 9.3317326728e-01
5.1930711761e-01 -9.3597847631e-01 4.5607575490e-01
7.6991032499e-01 -3.1871527443e-02 -1.4900244835e+00
2.1970983865e-01 2.6863691990e-01 -1.0070930900e+00
1.7051942700e-02 -3.1531682191e-02 7.3097134972e-02
5.5547596431e-02 -5.3484763363e-02 6.0360564894e-02
2.7351060087e-02 -9.1748697951e-02 1.2235003162e-01
1.1944864251e-01 -2.1389221057e-01 3.0773799949e-01
1.7681892903e-01 -2.6962186355e-01 3.1526945911e-01
-1.3441687610e-01 1.9706180666e-02 -1.6046209040e-01
-2.5216058210e-01 1.4920292477e-01 -1.0542655817e-01
-2.1749209494e-01 1.8790565098e-01 -2.0678305163e-02
-9.0994182403e-02 2.1861812390e-01 -5.7233419814e-02
-2.2050923193e-02 8.9732488931e-02 3.3500146292e-02
-1.4551224572e-02 1.7530264950e-01 -2.3766249011e-02
-1.7319797695e-01 -5.4578518923e-02 3.1598687449e-01
-2.2300845051e-01 -9.6279136845e-01 1.4085473277e+00
-4.4670620300e-03 4.4104368672e-01 -5.0679399906e-01
6.1553109176e-02 7.4769901522e-01 -1.1824708243e+00
1.2482287641e-02 -3.3816742022e-02 7.6514890860e-02
4.5676483579e-02 -6.0033480542e-02 5.8938708761e-02
2.7915665112e-02 -1.3448754452e-01 1.4771029795e-01
1.9442385574e-02 -2.3092010194e-01 1.7060800938e-01
-3.8849229949e-02 -1.0102038169e-01 -1.4446261525e-01
1.1179957995e-01 2.1935385955e-01 -3.3592980400e-01
1.7959681900e-02 2.4100259404e-01 -6.5696736399e-02
-1.8035305929e-01 2.1965030540e-01 -2.9811260934e-02
-4.4761914819e-02 2.6908999400e-01 -3.1892251919e-02
-6.5254265594e-03 5.9599185952e-02 6.2446677001e-02
3.6311233105e-02 1.1597031179e-01 2.4161089864e-03
-6.4342901703e-02 -9.2970592823e-02 1.0681651277e-01
-4.9246852832e-01 -5.3305541202e-01 7.9883246268e-01
-3.5280202420e-01 7.4319087037e-01 -3.8905436162e-01
-1.3343233263e-01 8.7582578774e-01 -1.0298404549e+00
4.6847717400e-03 -2.6812485766e-02 6.5402936676e-02
2.4667366550e-02 -3.5820592936e-02 5.7763537074e-02
2.1238027014e-03 -7.5476560396e-02 1.1043308300e-01
-7.6558251781e-04 -8.8845819927e-02 3.9270291080e-02
4.9677724154e-02 -3.4231314414e-02 -1.4607516075e-01
2.3135432040e-01 6.9738189748e-02 -1.9543915078e-01
2.2457691929e-01 1.7191835500e-01 -2.9338039050e-01
-3.2589390785e-04 1.5539113132e-01 -6.8731781260e-02
4.7612569932e-02 1.5055349680e-01 -8.2033438934e-02
-3.6428918384e-02 1.9624767843e-02 7.4007715672e-02
2.3148441077e-02 1.2573874853e-02 1.2363806184e-01
-7.1617011791e-03 -1.5611566906e-01 2.8591592970e-01
-4.2189015680e-01 1.1291098611e-01 -5.2370582174e-02
-6.1108105052e-01 7.2990595782e-01 -6.7488058957e-01
-2.4975126970e-01 4.4141250044e-01 -4.8829631042e-01
1.8156768820e-02 -2.7551735546e-02 6.2372424641e-02
3.8324546194e-02 -3.5443831655e-02 4.1534303862e-02
1.8873945275e-02 -3.5121193983e-02 7.7067805516e-02
8.9688821030e-03 -7.0041807779e-02 6.5086857260e-02
1.1707062599e-02 -1.3106054046e-01 5.8773077381e-02
3.3107499280e-03 -7.7318477557e-02 -9.6543725343e-02
-4.5732057002e-02 9.8914926216e-02 -2.9194638896e-01
-1.2239102661e-02 6.3043054970e-02 4.1258648889e-02
1.9933195811e-02 3.5137845307e-02 1.3681684388e-01
-4.9935852859e-02 -1.3086720576e-01 2.4572736168e-01
-3.5513524315e-02 -1.0555369054e-01 1.6098666627e-01
-2.2893498017e-01 -2.3737871285e-01 2.0638884655e-01
-8.6937695437e-01 -3.9740259296e-01 -1.2906712585e-01
-6.6873053605e-01 9.8867285623e-02 -4.5816306343e-01
-8.2211926182e-02 6.6043504948e-02 -1.0268506187e-01
7.5863762871e-03 -3.1985520094e-02 5.2311903356e-02
3.7963617190e-02 -5.0876646144e-02 3.5935583204e-02
1.7923263239e-02 -4.0271408931e-02 8.1328118722e-02
1.8019594306e-02 -4.2203638522e-02 7.5657585658e-02
2.9375661183e-02 -4.6287729192e-02 8.6001404609e-02
4.3330526279e-02 -7.3473390246e-02 -4.8366872737e-02
-4.5237967238e-02 -1.6248926349e-01 -4.2997308090e-02
5.4309143206e-02 -2.4364436402e-01 2.2274281794e-01
8.1924804642e-02 -2.9536695714e-01 4.2250482181e-01
-1.3891146986e-01 -4.9997699999e-01 3.8745435065e-01
-1.6234448029e-01 -4.1246076885e-01 1.8681123204e-01
-3.4674921428e-01 -4.1940355104e-01 1.9497803251e-02
-6.2819643279e-01 -6.2053074294e-01 -5.8556702424e-01
-2.7086933857e-01 -1.8230349612e-01 -4.1276196618e-01
-2.4987565719e-02 -1.3084277046e-02 -1.7960143526e-02
-5.3585204484e-03 -2.1840462910e-02 4.9110920112e-02
3.2432451267e-02 -4.6608263026e-02 2.8915956964e-02
6.3775750619e-03 -3.5992061826e-02 6.1158258931e-02
9.1482376008e-03 -2.3782552324e-02 5.8199762159e-02
5.7423791388e-03 -1.2285688832e-02 7.6809733295e-02
-2.6628987947e-02 -6.9305777201e-02 5.1958130352e-02
-1.1637404210e-01 -2.2562985946e-01 1.7114519191e-01
-8.4808797460e-02 -4.0103772121e-01 4.9156756010e-01
-1.1888990730e-01 -6.2751783954e-01 6.2397673701e-01
-3.9066459764e-01 -8.3576178563e-01 5.2109162395e-01
-5.0973846124e-01 -8.3177082419e-01 1.9670378489e-01
-6.9613874676e-01 -9.9085858642e-01 -1.5477649212e-01
-4.1269131852e-01 -6.9912767397e-01 -5.5579163001e-01
-1.0030255238e-01 -1.6458707211e-01 -2.0711940791e-01
-3.7991486336e-02 -1.0129894634e-02 -1.9886219440e-02
-4.9686595016e-03 -2.2711005237e-02 4.4839358365e-02
2.3097136022e-02 -3.8648976132e-02 2.9207089867e-02
2.0442825257e-02 -3.9305250177e-02 6.6400416083e-02
1.3103291872e-02 -2.7602675811e-02 6.5223212047e-02
-2.8679166164e-03 -1.9590248859e-02 8.3153550411e-02
-8.8571267650e-03 -2.4269011242e-02 6.3104448697e-02
-4.2931627989e-02 -1.1903077982e-01 1.2479785091e-01
-1.6074349241e-01 -3.1469575301e-01 2.9463732873e-01
-2.4489554654e-01 -5.9415398469e-01 4.5256686439e-01
-3.5531221581e-01 -8.6949860801e-01 4.1797283456e-01
-4.5003847236e-01 -9.3708834823e-01 1.0042539156e-01
-5.8069820699e-01 -8.2088980033e-01 -1.1498099656e-01
-2.3100920753e-01 -3.0866346710e-01 -1.4389804517e-01
-3.1685025248e-02 -4.7356500475e-02 1.0971816211e-02
-1.9943979828e-02 -2.4463434811e-02 -8.7620364655e-03
1.3074468217e-03 -2.3431187360e-02 4.7537939178e-02
2.4195778698e-02 -3.0996948101e-02 3.1668516722e-02
1.0795260921e-02 -2.9894452208e-02 5.9531962661e-02
-1.7765673114e-04 -2.4713448020e-02 5.7489362968e-02
7.3086485235e-03 -1.8642530771e-02 7.6625218285e-02
5.0629674160e-03 -2.0574022078e-02 3.5871818204e-02
6.1121093159e-03 -3.4114004362e-02 5.7650910588e-02
-6.4622111209e-02 -9.1569646451e-02 9.4193405461e-02
-1.2368612796e-01 -1.9112997127e-01 1.4708062596e-01
-1.6704968263e-01 -2.6970851963e-01 1.2045053237e-01
-1.5263517860e-01 -3.0571648795e-01 1.9344810559e-02
-1.5217082510e-01 -1.9479047181e-01 2.8913538856e-02
-3.9414928526e-02 -5.9827104442e-02 8.4273830221e-02
2.3094504879e-02 -3.2298822604e-02 6.2527974309e-02
-2.0711903742e-02 -3.3535158993e-02 -1.6206362220e-02
1.4205184365e-02 -4.3200316970e-02 4.8193158132e-02
4.5016461582e-02 -6.5186759735e-02 1.2702720284e-02
3.4331708585e-02 -6.6581801851e-02 7.0429781761e-02
2.1048985054e-02 -6.3643521960e-02 6.4060326383e-02
3.6049998964e-02 -6.9060044767e-02 8.6266280393e-02
2.5195621703e-02 -7.5813993162e-02 2.7939875122e-02
3.4898330241e-02 -7.1537413919e-02 4.7087904905e-02
8.7128250497e-03 -5.4158071594e-02 5.3613866096e-02
1.2164877616e-02 -4.9842232741e-02 6.0255609316e-02
5.4486783929e-03 -5.3308205486e-02 4.1309779146e-02
4.1019500061e-02 -4.7333614160e-02 4.9006912244e-02
3.8547297029e-02 -3.9384227259e-02 1.1345481880e-01
3.4645582761e-02 -2.1863808083e-02 1.3427973668e-01
3.7712173623e-02 -1.7340834880e-02 7.2544166858e-02
5.8316389187e-03 -5.2613055458e-02 1.2334946005e-02
2.6326061434e-02 -1.1281700761e-02 6.2862317481e-02
3.8441265758e-02 -2.5444565152e-02 6.1373283883e-02
2.8818556511e-02 -4.4872383904e-02 7.7451723558e-02
2.4487556385e-02 -5.4869047661e-02 6.8867158777e-02
2.1506744243e-02 -5.3624045530e-02 7.0406417557e-02
2.6976849779e-02 -4.9425723165e-02 4.4507995897e-02
3.1823083229e-02 -4.7032529499e-02 4.4988105360e-02
2.9310359002e-03 -3.6404650674e-02 4.3931923333e-02
-7.4046294754e-03 -3.2739442053e-02 4.9480234962e-02
-1.7147911374e-02 -2.3678565063e-02 5.2236481247e-02
-1.1034510047e-02 -4.4785122123e-02 6.6145237782e-02
-3.7718787458e-02 -3.0738694062e-02 7.9569569562e-02
-4.7188964365e-02 -3.6069918667e-02 8.8329127255e-02
-2.7570244658e-02 -2.4856996362e-02 5.8645443982e-02
-2.8277323480e-02 -3.5855977596e-02 2.9340982114e-02
3.3503157087e-02 -1.2185847620e-02 6.6368794885e-02
4.1595854819e-02 -3.5138598401e-02 6.4810002838e-02
3.9319345355e-02 -4.8347685791e-02 8.1687063660e-02
3.6647265455e-02 -6.5863877050e-02 6.8499681305e-02
2.7595056402e-02 -7.1726424441e-02 7.7671390547e-02
2.6505118359e-02 -6.7820529896e-02 4.8329713587e-02
1.9361629801e-02 -6.8341339790e-02 4.7159907983e-02
7.7019208189e-03 -5.1935116225e-02 4.0205948434e-02
-1.3271349991e-02 -4.5261777331e-02 4.8123355333e-02
-1.7852974121e-02 -3.7495135785e-02 4.6414761325e-02
-2.6427614049e-02 -4.9186751176e-02 6.2008120847e-02
-2.6111762212e-02 -3.9553815543e-02 8.2560095234e-02
-2.9250663297e-02 -4.5562285508e-02 9.4832475149e-02
-1.9722350872e-02 -3.7613098427e-02 6.7409176566e-02
-4.9550821027e-03 -3.0304315667e-02 2.8203974307e-02
1.0751406785e-02 -5.0635292559e-03 5.1233559891e-02
2.8645426102e-02 -3.4154995528e-02 5.1626158545e-02
1.8353350083e-02 -4.6098889861e-02 7.2943638406e-02
1.9878728772e-02 -5.9836646279e-02 6.2384816193e-02
1.6842320420e-02 -5.1834382837e-02 6.7551113241e-02
1.0794298783e-02 -4.1916567467e-02 3.4900998816e-02
1.9910978937e-03 -3.5232803617e-02 2.8310772919e-02
-1.1762842193e-02 -1.9931238437e-02 2.0594909151e-02
-1.5197654130e-02 -1.2749852945e-02 2.0879207038e-02
4.7748823404e-03 -5.6132979323e-03 3.7496315963e-02
1.8546916840e-01 -7.4359406733e-02 1.2386185419e-01
3.9021807814e-01 -8.0592380799e-02 -1.5082095583e-03
1.2627193685e-01 -4.0998307225e-02 -4.5575879826e-02
-1.5343148125e-02 1.3141855674e-03 7.4029929091e-03
-3.9097464217e-02 1.0111169459e-03 -1.4499949980e-02
2.8418974158e-02 -3.0588091234e-03 4.4363665453e-02
5.0266587163e-02 -3.9777114475e-02 4.0659973528e-02
2.5820098563e-02 -4.5618707814e-02 5.2951878692e-02
2.1415319904e-02 -5.1831195418e-02 3.7867715439e-02
5.4729568145e-03 -3.3354196822e-02 3.8179933553e-02
1.9857718081e-02 -3.7057857848e-02 1.8876268297e-02
1.3289142286e-02 -4.5353593997e-02 1.5742788224e-02
3.3535266264e-02 -6.3493168180e-02 3.0617473753e-02
9.1140786453e-02 -1.0270595264e-01 7.2211384473e-02
2.4296955549e-01 -1.4492256955e-01 2.1059106691e-01
1.1412321532e+00 -4.3965004415e-01 4.8467441723e-01
1.6634390268e+00 -5.7816214004e-01 -5.8347128798e-01
5.7561057872e-01 -2.0708035239e-01 -1.1066179564e+00
3.2050829510e-02 -2.8790741316e-02 -1.7636851628e-01
-2.8607497049e-02 -1.3784217418e-02 -4.1834473376e-02
2.6042215414e-02 -6.2949534402e-03 4.3296922863e-02
5.6093887245e-02 -3.4707516519e-02 3.9331262612e-02
3.1684552039e-02 -4.2377002083e-02 6.1614950937e-02
2.7956221374e-02 -4.8226857592e-02 4.5250470907e-02
-2.0358377904e-03 -3.0288775579e-02 3.8376500977e-02
3.2469425665e-02 -4.8062593634e-02 1.6832173881e-02
5.4356541911e-02 -8.9645632697e-02 2.8699908803e-02
7.2770345613e-02 -1.5671168411e-01 5.3114114451e-02
1.8372936128e-01 -3.4027650268e-01 1.9523631524e-01
2.4664405811e-01 -2.3312573120e-01 3.6070608986e-01
3.8253849386e-02 7.9185458075e-02 2.0248534096e-01
-6.3050222042e-01 1.7585052177e-01 -1.2030511907e+00
-4.6240120421e-01 1.0131947016e-01 -1.8721915702e+00
3.8530799625e-02 -9.7415111926e-02 -3.6987676296e-01
-1.3069888613e-02 -3.2924346710e-02 -6.2850352703e-02
4.0284114890e-02 -2.5229029125e-02 6.0533253922e-02
6.5757708160e-02 -4.8436953171e-02 4.9433277224e-02
3.9010937687e-02 -5.3375948845e-02 6.0291240838e-02
2.6258566089e-02 -7.4722807319e-02 4.7606454318e-02
5.2585603806e-03 -8.4599642138e-02 6.5198654806e-02
3.7239432409e-02 -1.2523166787e-01 3.6035526682e-02
-3.2040582842e-02 -1.4693454196e-01 1.3446986097e-02
-9.9258164383e-02 -1.5396770746e-01 1.3385536913e-02
5.7165339003e-02 -1.6867906725e-01 6.4453594936e-02
7.5636969892e-02 -1.1313189848e-01 2.6959357257e-01
-6.9214391399e-01 7.3861600008e-01 -1.6390551635e-01
-1.1889987133e+00 8.5101262812e-01 -4.6574517079e-01
-4.0175213980e-02 -2.6185528063e-01 -3.1347984329e-01
6.5286778492e-01 -7.2942960005e-01 -3.0916057877e-01
1.3105207613e-01 -1.2782721036e-01 -2.0259369438e-01
4.6612292671e-02 -4.1051818904e-02 6.2564049974e-02
7.4366109207e-02 -6.6058071286e-02 5.4135747185e-02
4.1708467342e-02 -7.5438704689e-02 8.0709346203e-02
4.2209483408e-02 -9.2231042906e-02 7.9481068730e-02
2.8596088697e-03 -1.2085092608e-01 9.3398184781e-02
-2.7430266951e-02 -9.7946635145e-02 -2.8859077668e-02
-1.6294453834e-01 -2.4993390414e-02 -9.0517798695e-02
-1.4358829993e-01 9.4120128826e-02 -7.6018235097e-03
-1.5034457102e-01 4.1235950506e-01 -2.6911074215e-01
-3.0332887168e-02 1.6486399828e-01 -7.9955825929e-02
-1.7148711782e-01 4.9213030730e-01 -1.0530682060e-01
-1.2984732274e-01 2.1013223284e-01 2.0801329808e-01
6.7019152114e-01 -1.3831974046e+00 9.8465914720e-01
1.2268182832e+00 -1.4097182064e+00 -4.7883876982e-01
4.7287125326e-01 -1.2009799354e-01 -8.6095649036e-01
4.1658094572e-02 -3.6005241027e-02 6.3362559066e-02
6.5784515791e-02 -6.1861480194e-02 6.0529121329e-02
3.4898619165e-02 -6.3708566859e-02 7.5292117489e-02
2.3233615724e-02 -8.7021270487e-02 7.6558687052e-02
-4.2371171938e-02 -7.2577142800e-02 5.0529882550e-02
-8.6481642183e-02 5.8964335332e-02 -6.0567114954e-02
-1.0534564032e-01 7.6402376701e-02 1.4823420006e-02
-6.9354707613e-02 1.9603829710e-01 -1.6876787651e-01
-1.5602038494e-01 5.3965033053e-01 -2.8130315753e-01
-9.6889664224e-02 3.8463350575e-01 -8.4876394834e-02
-5.9452763653e-02 2.7406662347e-01 5.5512960894e-02
-9.7792250211e-03 -1.8607352871e-01 4.5244152597e-01
1.4832575365e-01 -1.4328223358e+00 1.5543653818e+00
6.8689281188e-01 -8.2443846159e-01 -1.5653124085e-01
5.5731703949e-01 3.1248934725e-01 -1.8621560142e+00
3.2890771979e-02 -3.1950024708e-02 6.2113682713e-02
5.4162014335e-02 -5.6758271705e-02 5.8432168482e-02
3.7344539456e-02 -5.8842490142e-02 7.1665341849e-02
1.9984503168e-02 -6.5919196769e-02 6.4994706863e-02
-1.2591337446e-02 -3.3927099548e-02 4.4757833416e-02
3.9697407634e-02 4.2610532274e-02 3.0728810553e-02
-1.2170800686e-01 1.7876189666e-02 1.1151610271e-01
-1.5703463260e-01 3.2423597870e-01 -1.0968705430e-01
1.0693567180e-02 5.7717418304e-01 -1.8722434031e-01
5.1944958123e-02 3.4667346883e-01 4.8318995922e-02
2.8366835171e-02 1.9131072744e-01 1.6896254034e-02
-5.9168185512e-02 -5.9673382990e-02 1.9961013191e-01
-7.3438534722e-02 -2.1555302967e-01 8.9231320673e-01
-1.4566413979e-01 2.5315050709e-01 -2.0429263033e-01
-3.8011421016e-01 7.2025646658e-01 -2.3478321059e+00
1.2627061538e-02 -2.1062532859e-02 5.1156039251e-02
2.9152208694e-02 -3.3346681855e-02 5.7897069769e-02
2.7851168821e-02 -3.5850403432e-02 7.0284590307e-02
3.1663737058e-02 -4.2835092181e-02 7.7449066053e-02
3.2012460559e-02 -4.9925828507e-02 8.4506099163e-02
1.0214471608e-01 -7.7179813036e-02 3.6958383239e-02
6.6937576910e-02 -2.1903138210e-02 5.3238075976e-03
-1.7791855072e-02 2.5751627290e-01 2.8826101629e-02
7.8976365016e-02 2.7694446055e-01 -2.4660123927e-01
5.6717272277e-02 3.0960189240e-02 1.0955725044e-01
5.6600147867e-02 -1.6988920429e-01 1.4583245022e-01
-2.7622853453e-02 -2.9484436392e-01 9.3505377794e-02
-5.3969242713e-01 1.0424070322e-01 -1.7399963275e-01
-1.3439520140e+00 3.5415326632e-01 -1.0220229383e+00
-9.5851663443e-01 3.7784353626e-01 -1.3959577845e+00
2.6844175579e-02 -2.4702517030e-02 5.1865720747e-02
4.3385968970e-02 -4.5233417362e-02 4.6646883747e-02
3.4825600160e-02 -4.5710918890e-02 6.3237293615e-02
4.5611698438e-02 -4.6574242942e-02 7.0239550480e-02
2.9257843696e-02 -4.8302300381e-02 8.7041985007e-02
2.5016906485e-02 -6.9620314421e-02 2.7250456918e-02
2.5668126045e-02 -1.2612581777e-02 1.9303016340e-02
8.0123689948e-03 4.3335690243e-02 1.3305688785e-01
2.4387255805e-02 2.0469758850e-02 6.9172479281e-02
3.9439530246e-02 -1.5016846209e-01 4.2163420201e-01
-2.3735039862e-01 -4.8990132023e-01 3.8842437374e-01
-5.6550955890e-01 -7.7457718715e-01 8.7207445091e-02
-1.2533906900e+00 -5.3570480726e-01 -5.3687911309e-01
-1.3804910893e+00 -1.1329416780e-01 -7.7620284655e-01
-3.5338184697e-01 4.0111128557e-02 -2.7005043022e-01
1.9553380597e-02 -2.7675665735e-02 4.3577186975e-02
3.8217217062e-02 -4.8686480890e-02 4.0051574621e-02
2.9996933272e-02 -5.1238680490e-02 6.2638346332e-02
3.5416068353e-02 -4.9801678270e-02 6.6752115461e-02
2.6850292605e-02 -4.6350121969e-02 7.5758365542e-02
2.1756779248e-02 -4.3080672533e-02 4.1109031508e-02
2.9418373051e-02 -5.1758572706e-02 4.1226586946e-02
2.5515335151e-02 -1.0168595047e-01 9.6398612212e-02
8.7645821318e-04 -2.0987699012e-01 3.3609869152e-01
-1.0430836599e-01 -5.2476747123e-01 5.6172122898e-01
-5.0555360505e-01 -8.7661291829e-01 3.1707529925e-01
-8.2932410590e-01 -9.2081921750e-01 -7.5620345502e-02
-6.1254364456e-01 -4.9589401858e-01 -3.3005979098e-01
-3.1562959982e-01 -7.6540580537e-02 -1.8528554162e-01
-5.2962083523e-02 7.7049002528e-03 -1.4710890310e-02
9.8882360784e-03 -1.3982795255e-02 4.2555352211e-02
3.6457630691e-02 -4.1874700101e-02 4.2336831511e-02
2.6774733886e-02 -4.0414626591e-02 5.4830107934e-02
2.7907082873e-02 -3.6385483638e-02 5.2724541172e-02
1.4703820662e-02 -2.7856791662e-02 6.4952654677e-02
7.0224871484e-03 -2.3411157036e-02 4.9487503016e-02
8.0574994538e-03 -3.9176636244e-02 6.6898787165e-02
-6.7673442785e-03 -8.1491319349e-02 1.1258325445e-01
-2.3559499335e-02 -2.1695616013e-01 2.2153754573e-01
-1.5324759121e-01 -4.8530356130e-01 3.2046209149e-01
-3.3235476488e-01 -7.6409999425e-01 1.9667914664e-01
-4.6499518862e-01 -6.9043384818e-01 -6.4001869490e-02
-1.8904356264e-01 -2.6315112279e-01 -1.0023596339e-01
-2.9273048199e-02 -2.3890889669e-02 -1.7471973085e-02
-2.4697867733e-02 -4.1922049898e-04 -2.8605035265e-02
5.4734234763e-03 -1.4379104250e-02 3.3969206660e-02
3.0352157202e-02 -3.7973020867e-02 3.4832149929e-02
2.0635950425e-02 -4.3231134145e-02 5.5492270637e-02
2.4354296936e-02 -4.0310211040e-02 5.2455409945e-02
-4.0724746724e-03 -2.9232614036e-02 5.9187719931e-02
-1.5587722647e-04 -2.7615428015e-02 4.4117600212e-02
1.1783079986e-02 -3.6018244354e-02 4.9814817815e-02
-1.7340217929e-02 -4.6628943723e-02 6.1000003137e-02
-4.4884548318e-02 -1.0030383166e-01 6.3340807018e-02
-1.1494223725e-01 -1.8255704486e-01 8.2730174492e-02
-1.3127347078e-01 -2.5292602717e-01 6.9778909730e-02
-1.4856995444e-01 -1.7567057267e-01 2.4368233688e-02
-4.2032357467e-02 -4.0819700046e-02 3.3032061477e-02
-2.2159286170e-02 -2.8355132411e-04 -2.3081277899e-03
-2.4319596473e-02 -1.4810264854e-02 -3.5426990869e-02
6.8627244470e-03 -1.3366948663e-02 4.2051382622e-02
2.4152498614e-02 -2.9387227149e-02 3.9017519372e-02
2.0869412597e-02 -3.4007071862e-02 5.3854111833e-02
2.4207420589e-02 -3.1794138145e-02 5.6989004606e-02
3.1853698098e-03 -2.6768970967e-02 6.0129419215e-02
7.8238463268e-03 -3.6464037820e-02 4.3261797127e-02
1.8421367912e-02 -3.5448393712e-02 5.0768777004e-02
-1.9160315830e-03 -2.2866262367e-02 4.8029336573e-02
-7.2535868750e-04 -1.6938125200e-02 4.2725142297e-02
-2.1150822870e-02 -2.6830684513e-02 3.3366374933e-02
1.1806678516e-02 -4.4204632148e-02 4.6583637538e-02
-8.6739836044e-03 -1.7172189025e-02 6.4513467893e-02
-1.2971905791e-03 -1.8971384051e-02 9.9315841716e-02
-7.5341269487e-04 -2.1443656722e-02 5.4947654495e-02
-1.3775402911e-02 -2.5172455709e-02 -3.3926675691e-02
3.2157930932e-02 -3.6082964353e-02 4.8803521621e-02
5.3112761215e-02 -5.5571862389e-02 3.4368582004e-02
4.9061973916e-02 -5.9563008227e-02 6.3408466813e-02
4.3287654121e-02 -5.8088341626e-02 6.2680502948e-02
3.5480056887e-02 -5.5919729920e-02 7.4451057674e-02
3.2667646585e-02 -6.8656833298e-02 4.9269072361e-02
3.9475457230e-02 -6.7284825549e-02 5.4291779356e-02
2.2759222384e-02 -5.5910938511e-02 5.3958204562e-02
3.2062428701e-02 -3.9829570930e-02 5.3116612005e-02
1.9613846547e-02 -4.1369221219e-02 4.6441613870e-02
3.3852683830e-02 -4.2068295114e-02 5.6529594231e-02
2.0440923917e-02 -2.7745038663e-02 9.3379901422e-02
1.4376094709e-02 -2.1587841272e-02 1.3020932334e-01
9.5056746742e-03 -1.2829761911e-02 6.5813575207e-02
-5.7891094160e-04 -1.9086886782e-02 -1.1387679732e-03
1.9534615680e-02 -6.9581304924e-03 5.5862504109e-02
2.9404821548e-02 -1.9870453197e-02 5.1838545729e-02
2.4364377739e-02 -3.5444470298e-02 6.8977172638e-02
1.7122166090e-02 -4.7599791567e-02 5.8334982112e-02
1.8600145732e-02 -4.0670155399e-02 5.9609770659e-02
2.3986576084e-02 -4.7160037219e-02 3.1518026958e-02
3.2181537387e-02 -4.6230371292e-02 3.8578585639e-02
-1.4399737666e-03 -3.5336295499e-02 3.5284496673e-02
-4.3633484119e-03 -2.1839890982e-02 4.4828682799e-02
-2.8299151562e-02 -1.2668323341e-02 3.7562974370e-02
-1.7323492504e-02 -3.1875602194e-02 5.5979745353e-02
-4.0580662929e-02 -1.8828175685e-02 6.7681024003e-02
-4.4965556218e-02 -2.1878380794e-02 8.4165763095e-02
-3.0173406063e-02 -6.6215404167e-04 5.8675600596e-02
1.3851485406e-03 -3.7713842894e-02 4.8473606559e-02
3.5982069756e-02 -7.9106608147e-03 5.7023037299e-02
4.5661357884e-02 -3.4015492197e-02 5.5008323055e-02
4.5059752485e-02 -4.3148022994e-02 7.3756857949e-02
4.4493388815e-02 -6.4351860561e-02 5.5899974944e-02
4.0798774528e-02 -6.4460615118e-02 6.4790507174e-02
4.2401640050e-02 -7.1449432400e-02 3.7783552326e-02
3.9670270290e-02 -7.2178413007e-02 4.1619318382e-02
2.0117169117e-02 -6.1301279466e-02 3.3147161095e-02
9.0442927612e-03 -4.9652623926e-02 4.3918112143e-02
-1.1100664478e-02 -3.5581617833e-02 2.9985134693e-02
-1.1166262771e-02 -4.8893284460e-02 4.7469910755e-02
-2.3924729041e-02 -3.1676563861e-02 6.3164565816e-02
-2.0714047684e-02 -4.6731192496e-02 9.1029289225e-02
-3.9909347089e-03 -3.2529598054e-02 6.3599677883e-02
1.4928309281e-02 -4.5707095554e-02 4.4073706468e-02
1.2158978843e-02 1.9471229398e-03 4.3337059351e-02
3.1273035738e-02 -3.0052930610e-02 4.4088355804e-02
2.3625905999e-02 -3.7755079505e-02 6.6439777118e-02
3.2088416322e-02 -5.3634776973e-02 5.2205168845e-02
2.4623297124e-02 -4.1480476424e-02 5.3988077864e-02
2.7395489173e-02 -4.3514788027e-02 2.9791788021e-02
3.0119317500e-02 -4.2580155224e-02 3.5438626900e-02
3.7472520447e-03 -2.4125931183e-02 2.1524348195e-02
-2.2234375452e-03 -1.2656123109e-02 2.5682970777e-02
-1.8683607921e-02 8.3572864760e-03 3.9386971430e-03
2.5305747430e-02 -2.9454256072e-02 5.6979290386e-02
7.4855386375e-02 -3.8494597030e-02 3.8551589005e-02
2.0993068948e-02 -2.3881239657e-02 4.6245646617e-02
-2.7089329544e-02 2.1909297355e-02 1.5761153173e-02
-1.3584709513e-02 -6.7843789921e-03 1.0286983612e-02
2.5856237509e-02 5.3958209998e-04 3.5106204859e-02
5.6292531813e-02 -3.6367206050e-02 3.9422074689e-02
3.6638987162e-02 -4.2367790112e-02 4.5931458145e-02
3.7865955255e-02 -5.2767785867e-02 3.1803087204e-02
2.4612862263e-02 -3.4853157342e-02 3.4150488608e-02
3.8123317204e-02 -4.0582152172e-02 1.3699842389e-02
3.5009116952e-02 -4.4118057747e-02 1.6875716325e-02
2.6294268546e-02 -3.8213695738e-02 1.5461685778e-02
2.5471538842e-02 -2.8587421657e-02 1.9985408008e-02
7.3519974583e-02 -5.7663979328e-02 6.1015398040e-02
4.9546392059e-01 -3.5399689908e-01 2.9302228948e-01
9.9721351906e-01 -6.0410511905e-01 -7.2215032941e-02
4.4582930954e-01 -2.2744214088e-01 -3.9567384639e-01
1.5190069851e-02 2.8206405235e-03 -7.2231074164e-02
-5.7288539821e-03 -1.8634815053e-02 -2.1494541573e-02
2.7640095229e-02 -3.3960185446e-03 4.0626067789e-02
7.2274316729e-02 -3.0495618392e-02 4.4624624840e-02
4.0407795814e-02 -3.3650467683e-02 5.7659250022e-02
4.0463255315e-02 -3.5494281235e-02 4.3532764852e-02
1.6956502436e-02 -1.3998008852e-02 4.0818084781e-02
4.6885854030e-02 -2.9024500302e-02 1.9681069760e-02
4.7664236541e-02 -4.1131800709e-02 2.6716190102e-02
2.6835601817e-02 -4.4701588213e-02 2.2988999814e-02
6.0102080581e-02 -9.3896710053e-02 8.6680507549e-02
1.6778233819e-01 -1.7363633393e-01 2.4900480833e-01
6.1973804967e-01 -6.0355179371e-01 5.6486319456e-01
9.3621703149e-01 -7.2063110830e-01 -4.4339940477e-01
6.0752990919e-01 -9.2263531359e-02 -1.4989562510e+00
8.0506168852e-02 3.5417190494e-02 -3.3233105779e-01
-1.9634700556e-03 -1.8223376401e-02 -2.1825927592e-02
3.2997940113e-02 -2.2365429193e-02 4.7200445530e-02
5.9471009054e-02 -4.6206771498e-02 3.6153207290e-02
3.9058137670e-02 -5.1039703513e-02 5.2740667800e-02
2.5962190563e-02 -5.6020365595e-02 3.5295831214e-02
2.4048431688e-02 -4.1341672740e-02 4.5224047210e-02
3.7097957048e-02 -6.4974260137e-02 2.2120955122e-02
3.4541365847e-02 -8.4382442120e-02 4.4523411500e-02
2.2684102218e-02 -1.1549981372e-01 4.8462453153e-02
3.6027969886e-02 -1.9131331435e-01 7.2026611538e-02
4.7439069937e-03 -8.8589515446e-02 1.9605284887e-01
3.3106289801e-02 -8.2574889914e-02 2.7368009299e-01
-4.3322091986e-02 3.5768806553e-01 -3.8650437756e-01
2.2205538715e-01 1.0642993031e+00 -1.6657886535e+00
3.0589203928e-01 2.8615133449e-01 -7.1370288853e-01
5.0452252050e-02 -2.1305184770e-02 -6.6740020279e-02
4.8042159538e-02 -4.3941072154e-02 5.8087365906e-02
7.8156884734e-02 -6.4907496818e-02 5.3647910030e-02
5.5579276927e-02 -7.7897277952e-02 8.2330747411e-02
5.6942410820e-02 -8.2219832823e-02 7.9132502836e-02
3.3695694362e-02 -7.0239919242e-02 8.2812493169e-02
4.7913527470e-02 -8.0119017067e-02 5.5398246027e-02
4.3766035805e-02 -1.0236838413e-01 8.0091629068e-02
2.6834548565e-02 -7.2247300176e-02 6.9584545204e-02
-1.6740730480e-02 -5.6105960052e-02 -2.9799871051e-02
1.8834261229e-02 1.1875875769e-01 8.8901879932e-02
5.5014728739e-02 2.0093352035e-01 9.6403924736e-02
-5.4415100766e-02 9.0913761658e-01 -1.3598168782e-01
3.3545325719e-01 1.8013886040e+00 -8.1565352103e-01
7.8946318979e-01 6.6973418001e-01 -9.0205595228e-01
3.3425355200e-01 -4.0269425881e-03 -3.3011760448e-01
3.2857288779e-02 -3.1022823408e-02 5.1525753422e-02
7.2949778742e-02 -5.9417396891e-02 5.6712247556e-02
3.5195957868e-02 -6.0146144107e-02 6.8137152977e-02
3.5970793280e-02 -5.5733871489e-02 5.7791003898e-02
1.2020795184e-02 -3.2406958234e-02 6.3381073399e-02
2.9870268958e-02 -5.5253246129e-02 5.0242026301e-02
4.6269040404e-02 -8.9560017119e-02 5.9557256852e-02
2.6094422130e-02 8.3580092837e-03 -4.7766579351e-02
-6.4769324176e-02 1.2670948035e-01 8.9905565714e-03
-6.0953171375e-02 3.5601143622e-01 1.9192453218e-01
-3.2656570857e-02 2.3514926071e-02 2.5904740538e-01
5.5419479140e-02 3.9926982414e-01 1.9166282743e-01
3.8323904056e-01 1.2421750777e+00 1.9499575752e-01
1.0140260148e+00 3.8385698376e-01 -3.1993171200e-01
6.7021636177e-01 -2.4256669601e-01 -1.2334708428e+00
3.4858889177e-02 -3.0084000576e-02 5.8928880802e-02
6.6116000083e-02 -5.4020945222e-02 6.2200070137e-02
4.4520750789e-02 -5.9652248718e-02 7.0229181903e-02
4.4389948279e-02 -5.5035940110e-02 5.8186548708e-02
2.5101449755e-02 -4.1522865141e-02 7.3842337704e-02
2.1917281159e-02 -5.3558869389e-02 5.3973179159e-02
-4.4596601218e-03 -7.6961999885e-02 7.3550569365e-02
3.5680853529e-04 2.5213567652e-02 -4.9305481653e-02
5.8191961669e-02 1.3633288273e-01 5.0743939114e-02
7.5130026463e-02 2.5356776044e-01 3.0819695323e-01
-1.0510830279e-01 -1.8885550416e-01 2.4958563389e-01
-4.1113488288e-02 -3.2479067610e-01 5.2628253175e-01
1.1092819380e-01 1.9283437279e-01 7.6375475497e-01
-1.1483840639e-01 -4.2958780774e-01 -1.0056818457e-01
-3.8681229028e-01 -5.7827065476e-01 -2.0435015633e+00
1.0240017998e-02 -1.2829873705e-02 4.6166948064e-02
3.3611571778e-02 -2.8976638877e-02 5.4811963476e-02
2.8085975863e-02 -3.3136601902e-02 6.4629902387e-02
3.1296870992e-02 -3.1872970501e-02 6.1194820149e-02
2.4207440872e-02 -3.1889242255e-02 7.3998130550e-02
2.8825484911e-02 -3.7253143295e-02 4.6582663382e-02
2.3296799826e-02 -3.3691228988e-02 7.2947969188e-02
-3.1903363576e-03 3.7613318033e-03 2.9783807255e-02
4.4972760498e-02 -2.2540508777e-02 1.6755717627e-02
8.8268045244e-02 -7.9505346202e-02 2.1632907425e-01
-5.4056406792e-02 -6.6660144696e-01 2.7741795994e-01
-2.5794010933e-01 -9.2183384253e-01 5.5713287285e-01
-9.8831367664e-01 -8.2850169545e-01 3.8424383153e-01
-1.9232665660e+00 -1.1214165056e+00 -8.0234251722e-01
-1.1054819299e+00 -4.5477094357e-01 -1.2991890957e+00
3.0381338928e-02 -2.0311410872e-02 4.4921782110e-02
5.1062529088e-02 -3.8135468544e-02 4.3138570703e-02
4.3922272153e-02 -4.3551651663e-02 5.6863652374e-02
4.8067064201e-02 -5.1664554704e-02 5.2050041134e-02
4.3257509753e-02 -4.5430237627e-02 6.0919197996e-02
3.8318969559e-02 -4.9850291324e-02 3.9399102762e-02
3.3973064833e-02 -4.8551559977e-02 5.8890574694e-02
1.5015948388e-02 -4.7461254770e-02 5.6666583832e-02
2.2132014222e-02 -9.0578915431e-02 5.9260631845e-02
1.2537497432e-01 -1.6007107619e-01 2.0743452784e-01
-1.0242184135e-01 -6.7505600715e-01 3.4994568580e-01
-5.7052628421e-01 -1.0775859956e+00 3.3451357673e-01
-1.1983085730e+00 -8.2930871644e-01 2.9841393054e-02
-1.2755930991e+00 -5.9192587073e-01 -4.2279008289e-01
-3.1924994631e-01 -1.2994117281e-01 -2.0553066577e-01
2.0680728118e-02 -2.1370303105e-02 4.0051081241e-02
4.7762154267e-02 -3.7385308320e-02 4.1036769851e-02
4.1831685765e-02 -4.8743216498e-02 5.7892980225e-02
4.5399046331e-02 -4.9889395828e-02 5.3528938817e-02
2.8215681886e-02 -4.5387293233e-02 6.4691800828e-02
3.2564472833e-02 -4.6391134407e-02 4.2451861812e-02
3.7563627674e-02 -5.0351653872e-02 5.6189621667e-02
9.5075666935e-03 -4.3296062499e-02 4.7492161423e-02
-6.5156996375e-03 -6.5747709872e-02 8.4671902818e-02
-4.0413583337e-02 -1.2748187200e-01 1.3935077201e-01
-1.4828907704e-01 -3.1942184490e-01 1.9471610978e-01
-3.3890430358e-01 -4.2198083834e-01 9.0361450570e-02
-2.3288939891e-01 -1.9691525067e-01 4.8188549877e-02
-1.5941718578e-01 -4.5311013484e-02 -6.4739544824e-04
-1.7516011035e-02 -5.4793650256e-03 2.0774758912e-02
8.6905760446e-03 -8.4868793681e-03 3.7637363852e-02
4.5447861322e-02 -3.3558235755e-02 4.2209822923e-02
3.0847139695e-02 -3.8212782985e-02 4.7988515819e-02
2.9308899600e-02 -3.2671659869e-02 4.1216387309e-02
1.8430814651e-02 -2.8460797499e-02 4.9206370125e-02
2.2982496273e-02 -3.4409568659e-02 3.9316268479e-02
1.2347218202e-02 -3.4059251692e-02 5.2104660414e-02
-1.5358975682e-03 -2.7445667389e-02 4.6644597714e-02
1.8651814519e-04 -2.9395726117e-02 5.1894628834e-02
-3.3551780702e-02 -5.4718396913e-02 2.4441217046e-02
-2.6438353393e-02 -1.0683409869e-01 3.6149683719e-02
-6.5679156035e-02 -7.8626302860e-02 2.6395401058e-02
-8.4261865947e-03 -1.1445281661e-02 4.3220716560e-02
-8.7909917833e-03 1.6602154581e-02 1.1071900219e-02
-5.2553664977e-04 -9.2771530347e-03 -1.1787910369e-02
7.9064350980e-03 -7.6288247807e-03 3.6507753293e-02
4.7052759436e-02 -2.4877614430e-02 4.0617557018e-02
2.8556819579e-02 -3.4154365365e-02 5.1248503226e-02
3.4158615274e-02 -3.2618751459e-02 4.6339912583e-02
1.1473577397e-02 -2.3281292912e-02 5.4144365946e-02
1.9014008875e-02 -2.8956250322e-02 4.0060640652e-02
2.6619199960e-02 -3.8567692968e-02 5.4445618319e-02
-2.0951736713e-04 -2.9229518590e-02 4.2925543751e-02
7.6940855005e-03 -1.7156589053e-02 3.2761057669e-02
-9.5301547780e-03 -9.2938824415e-03 1.3694871165e-02
2.9908740638e-02 -1.7219970602e-02 2.3212405372e-02
-1.4027229955e-03 1.9651136620e-03 3.5771386897e-02
9.7293030278e-03 4.4842371690e-03 5.8202321043e-02
-9.5606432217e-03 -1.1907380548e-04 2.4984469389e-02
3.1269010010e-03 -1.8075152898e-02 -1.6082877821e-02
1.2170005944e-02 -9.2851612578e-03 3.7582140204e-02
3.8462012288e-02 -1.9872212424e-02 3.3182612552e-02
2.2703072951e-02 -2.8133038641e-02 4.5963597950e-02
2.3606279728e-02 -2.3955757523e-02 3.9996424610e-02
9.5473452327e-03 -1.6578113849e-02 5.0170962362e-02
1.6316435022e-02 -2.4672774166e-02 3.9667432727e-02
2.3401366219e-02 -2.9025162978e-02 4.7766531811e-02
-4.2736387218e-03 -2.0463498975e-02 4.1343323720e-02
5.1708099641e-03 -6.4003291594e-03 4.0794398005e-02
-1.4036006711e-02 -3.0245135114e-03 2.0493927247e-02
2.5406592052e-02 -8.7984561010e-03 2.7744087041e-02
-7.4393849712e-03 -2.5079989160e-03 5.0672092385e-02
5.7338287181e-03 -7.8522450148e-03 7.8633184106e-02
2.8448862166e-03 -8.6691340583e-03 4.3588191180e-02
3.4329500393e-03 -1.8928089763e-02 -1.4285868357e-02
3.6911129544e-02 -3.1269625436e-02 4.5969570315e-02
6.5504301792e-02 -5.0284765776e-02 3.6711626771e-02
5.4277825774e-02 -5.9953261794e-02 5.9691160633e-02
4.8163689198e-02 -6.1227994703e-02 5.4424020014e-02
4.3388100059e-02 -5.2147751740e-02 6.9370092879e-02
4.6257009227e-02 -6.2298381884e-02 4.7143836637e-02
4.4987735894e-02 -6.5819749189e-02 5.5881323320e-02
2.2590226389e-02 -6.0229199480e-02 5.2622864644e-02
3.2394799393e-02 -4.5836058828e-02 5.6454360974e-02
1.8179359800e-02 -4.4038950400e-02 4.1751295276e-02
3.7736285165e-02 -4.3200018789e-02 4.8521251263e-02
1.0096966529e-02 -3.7504305922e-02 8.0869695297e-02
1.9365618468e-02 -2.8830806488e-02 1.0803374100e-01
1.4663233650e-02 -1.8676940825e-02 6.9090167334e-02
2.1366499116e-02 -3.0735817924e-02 1.0075450772e-02
-1.3857766898e-03 2.7028975187e-04 5.7011847816e-02
7.6577782468e-03 -1.4209083249e-02 5.9544735452e-02
1.1058819290e-02 -2.9307510162e-02 7.3679044344e-02
3.0109416282e-03 -4.4692737544e-02 6.9385072263e-02
2.6927752892e-03 -3.5653090632e-02 6.6205836117e-02
5.8642564933e-03 -3.7885219060e-02 4.8468798235e-02
1.6859195805e-02 -3.6421338466e-02 5.2302639946e-02
-1.1918861362e-02 -3.2605469166e-02 4.7435742005e-02
-1.9221934120e-02 -1.9839803407e-02 5.2538848344e-02
-4.3105514842e-02 -6.8380077942e-03 4.3764343966e-02
-3.3546136891e-02 -1.6999892590e-02 6.8015169324e-02
-4.7515822090e-02 -5.6925884280e-03 6.5197893740e-02
-4.7796513831e-02 -5.4101548911e-03 8.4771572942e-02
-3.9227597309e-02 1.0906488908e-02 4.7571189704e-02
3.7082764492e-03 -6.7402220654e-03 4.6256168349e-02
1.6793134432e-02 -3.7055514777e-03 6.3279523578e-02
1.8373379601e-02 -1.8998605916e-02 6.6179943561e-02
1.7764291038e-02 -3.6851617037e-02 7.9615985988e-02
2.3640779750e-02 -5.1091407941e-02 7.1172751913e-02
1.9975359635e-02 -5.2352644812e-02 7.1499204921e-02
2.0831069892e-02 -5.3422373523e-02 5.4596970988e-02
2.0173974293e-02 -5.8032969451e-02 5.8182160323e-02
4.8958121787e-03 -5.0554128856e-02 4.7702915818e-02
-8.6646707150e-03 -3.5023578237e-02 5.1911875660e-02
-2.9473940863e-02 -1.7379086710e-02 3.7680149286e-02
-2.8530163017e-02 -2.5127836940e-02 6.5237671503e-02
-2.8781860078e-02 -1.3725708259e-02 6.3083523469e-02
-1.3816939481e-02 -1.7338104850e-02 8.5969553735e-02
-2.2730189736e-03 -4.8802597312e-03 4.6516357512e-02
1.8665387380e-02 -1.0284731842e-02 4.3541688959e-02
-7.1906485129e-03 8.1308782897e-03 4.6074943115e-02
4.1966655440e-03 -1.5438122906e-02 5.4353418364e-02
-6.8204396713e-04 -2.9209326063e-02 6.6550618972e-02
1.1267350980e-02 -4.1861661426e-02 6.2201564301e-02
2.1320908836e-03 -3.0045530868e-02 5.4440723959e-02
4.5704574554e-03 -2.5563014227e-02 3.9439164092e-02
1.0828961026e-02 -2.5851500336e-02 4.2321035895e-02
-5.3968349684e-03 -1.9387705234e-02 2.9315258774e-02
-1.0389306855e-02 -1.0645375251e-02 2.7412488968e-02
-3.7829823283e-02 2.4271718249e-02 2.6508257256e-03
-2.7164172922e-02 9.8488699386e-03 3.7601299268e-02
-3.4002695529e-02 2.6209310748e-02 2.8605700794e-02
-2.7828223830e-02 1.9366931930e-02 4.5132322413e-02
-3.0280527293e-02 3.0421977966e-02 3.4524366185e-03
-9.1325085605e-03 1.8925225208e-02 2.6246082025e-03
1.4014216266e-02 1.2731931634e-02 4.0852398847e-02
3.0463140631e-02 -1.8938230241e-02 4.9837677820e-02
1.8574527899e-02 -2.5318286099e-02 5.4169735575e-02
2.4315272831e-02 -3.3965484271e-02 4.1835752382e-02
1.3175622770e-02 -1.5934810836e-02 3.4088368442e-02
2.8484217969e-02 -1.7396539514e-02 2.8163788055e-02
3.1859259009e-02 -2.6201473882e-02 3.0931516986e-02
2.4123362462e-02 -2.3605001270e-02 2.0576693024e-02
1.2924458697e-02 -6.1771700483e-03 1.0542479917e-02
-5.6399473351e-04 8.3345833592e-03 -6.3083784435e-04
4.3969332811e-02 -4.4343007775e-02 6.2715138701e-02
1.4841089762e-01 -1.3401018728e-01 2.5847342067e-02
8.3509529860e-02 -7.0010234484e-02 -3.0216689339e-02
-9.0382958626e-03 2.4834474450e-02 -2.2843442016e-02
6.4051708159e-03 4.7642743997e-03 -2.0060014912e-02
5.3031682758e-03 3.8194446620e-03 4.1918033573e-02
3.2390956586e-02 -2.0161295938e-02 4.5670997455e-02
1.2905894767e-02 -2.5038074610e-02 5.6649438304e-02
7.2762394490e-03 -2.6071579273e-02 4.4321942925e-02
-6.9060174619e-03 -5.1592366442e-03 3.3395275845e-02
1.3899871764e-02 -1.1326973272e-02 1.9058282610e-02
2.4504232096e-02 -2.0389685572e-02 2.3010628842e-02
3.3285949154e-03 -2.2007310188e-02 1.0459291540e-02
1.7125791294e-03 -1.8408132555e-02 8.3075189311e-03
-4.0624146011e-03 -3.6849431220e-02 3.3110497495e-02
1.9192941388e-01 -3.6566979359e-01 2.7805102952e-01
6.1725789169e-01 -9.3622984133e-01 2.0118726836e-01
5.5783636099e-01 -6.2838357005e-01 -3.4963019868e-01
7.6223576953e-02 -7.7563364161e-02 -1.4113038231e-01
-8.0881385225e-03 2.2861695355e-03 -2.6380207018e-02
9.7939484700e-03 -1.2463409669e-02 5.4603890859e-02
3.2066186408e-02 -3.2805355316e-02 5.0253395708e-02
1.4732963274e-02 -3.8314419322e-02 6.0596839551e-02
1.1110797552e-02 -4.5023557420e-02 5.1209012297e-02
1.7764728357e-03 -2.7622905301e-02 5.2197606933e-02
1.2273712893e-02 -3.5984347507e-02 2.9259449863e-02
2.0047350602e-02 -4.4436188038e-02 3.6324247180e-02
1.3374498013e-03 -4.9641252622e-02 3.2317557837e-02
7.2026434800e-03 -5.0268816049e-02 4.7113052898e-02
-1.0680585160e-02 -8.1313768808e-02 1.0815434909e-01
2.3034827267e-01 -7.3632194420e-01 5.5925241563e-01
5.8638324459e-01 -1.4425850630e+00 6.1494282495e-01
8.7433866491e-01 -1.0114391462e+00 -7.5062719029e-01
4.1408089021e-01 -3.5304316289e-01 -6.1229806204e-01
4.3188838010e-02 -3.4760859305e-02 -5.8862650254e-02
2.6106495707e-02 -3.4741381384e-02 6.1903872653e-02
4.7269390590e-02 -5.4361630562e-02 6.1983837652e-02
2.0535652494e-02 -6.1128996535e-02 7.9783145793e-02
2.2734115178e-02 -6.1111305429e-02 7.4163176163e-02
2.9624193333e-03 -4.3146566659e-02 6.7757738791e-02
1.4313630825e-02 -3.9833317483e-02 4.6172158801e-02
1.2870566796e-02 -5.0496352815e-02 5.1736216826e-02
-1.9910110592e-03 -5.0245369898e-02 4.4746649177e-02
4.2143873969e-03 -7.5735567163e-02 6.5222412003e-02
3.7293310321e-03 -5.9985405104e-02 1.3608621275e-01
1.0593485755e-01 -6.4477633846e-01 4.9938660443e-01
8.4115321505e-02 -1.0575647683e+00 7.7209791364e-01
4.4298586824e-01 -9.7986793142e-01 -4.7857669896e-01
6.5602125616e-01 -7.6501925822e-01 -1.2779992474e+00
1.9362623600e-01 -1.2000651350e-01 -3.1755654884e-01
9.2580060036e-03 -1.8257389981e-02 5.1418035053e-02
4.5028979021e-02 -4.7607149419e-02 6.3146994244e-02
1.7481195262e-02 -4.4324157205e-02 6.9421352963e-02
1.5102830389e-02 -4.0264357595e-02 5.8704189035e-02
-1.2961568323e-02 -1.0654037521e-02 4.6124877117e-02
-8.7318870211e-03 -1.7443516084e-02 3.1782847241e-02
1.2420778965e-03 -2.9857806983e-02 4.2340412525e-02
-2.4140478539e-02 -2.0188660166e-02 3.1507721709e-02
-1.5485709090e-02 -4.6910224266e-02 7.6503126321e-02
-3.4438704133e-02 -1.0294750842e-02 1.5866895340e-01
3.3100736561e-03 -4.8580460192e-01 4.3498088759e-01
-1.8863158733e-01 -1.0877807739e+00 8.9287940933e-01
-2.9641239169e-01 -1.4368704371e+00 4.4423465306e-01
1.5219197501e-01 -1.4720613858e+00 -1.0378386367e+00
1.9891797719e-01 -6.0801183232e-01 -8.6689250248e-01
1.5108731060e-02 -1.8568167065e-02 5.3487163649e-02
3.6068643990e-02 -3.8229813421e-02 6.0751890231e-02
1.9640065047e-02 -4.3174519177e-02 6.4233732701e-02
1.4453920687e-02 -3.7331091112e-02 5.3322123585e-02
2.3871569266e-03 -2.0774015178e-02 4.9322419207e-02
3.7523533896e-03 -2.4863505112e-02 3.8867424664e-02
9.6480411370e-03 -3.9867435375e-02 4.8762719384e-02
-1.3940726011e-02 -3.9885403767e-02 3.7577957623e-02
-5.5825282480e-03 -3.7870928963e-02 7.9843003532e-02
-4.1878337093e-02 -5.1351397615e-02 1.5581493877e-01
-1.2480183594e-01 -4.3128770819e-01 3.5679248222e-01
-3.3210088970e-01 -9.6279484965e-01 8.8886401389e-01
-8.5468807029e-01 -1.6576116867e+00 8.1105116360e-01
-9.6323887926e-01 -2.0527611477e+00 -5.1616850398e-01
-3.2626112112e-01 -9.4178549763e-01 -1.0061888680e+00
-5.8296104747e-03 -8.1027126164e-03 4.3865546980e-02
9.8166770757e-03 -1.8634502025e-02 5.3739072265e-02
4.8386664801e-03 -2.9249889965e-02 5.7170784252e-02
1.3056299865e-02 -3.0726452943e-02 5.8961086421e-02
-3.3857623961e-03 -1.9727186507e-02 5.6740979063e-02
-6.1358650637e-03 -2.0000321517e-02 3.7258154316e-02
5.1675825910e-03 -2.5489789967e-02 5.2098961805e-02
-2.2839961408e-02 -3.2989934983e-02 4.1029724393e-02
-2.2279399596e-02 -3.0784260000e-02 5.8324211145e-02
-6.6509990056e-02 -6.1059557308e-02 6.7630060655e-02
-1.2428856472e-01 -3.6975270205e-01 1.9478891479e-01
-2.9245270552e-01 -6.3037147175e-01 5.5499759590e-01
-9.3704188671e-01 -1.2186196862e+00 5.2363724161e-01
-1.2627290463e+00 -1.3863618805e+00 -3.1823378851e-01
-4.2846096750e-01 -4.4172261329e-01 -4.0746795360e-01
1.5278749034e-02 -1.0850137336e-02 4.9220660404e-02
2.4987183444e-02 -2.6860719959e-02 5.0169156790e-02
2.3707048600e-02 -3.5758364382e-02 5.8151479039e-02
2.7886845029e-02 -3.8838558277e-02 5.6982452871e-02
2.0141464914e-02 -3.4609374475e-02 5.8692825293e-02
1.0743305317e-02 -3.9980060489e-02 4.3648302110e-02
1.4675964368e-02 -3.9098676064e-02 5.3581681736e-02
-3.0157576947e-03 -4.3991329695e-02 5.1144499515e-02
-7.6110305666e-03 -3.2323374718e-02 5.3090774439e-02
-2.6099233280e-02 -4.0382573343e-02 3.7214467319e-02
-5.3614617467e-02 -1.6806105233e-01 8.7585024794e-02
-1.5745870163e-01 -2.8768656717e-01 1.5811911845e-01
-3.1382650750e-01 -3.3826561514e-01 1.6972417787e-01
-3.4658501897e-01 -2.8981212062e-01 -2.5495132131e-02
-7.3540791693e-02 -6.0400374867e-02 -1.6489107471e-02
3.7737914439e-03 -1.1284969739e-02 3.7515323111e-02
1.8402836840e-02 -2.7245176205e-02 4.6119064478e-02
1.5482972745e-02 -3.6586836652e-02 5.5466727738e-02
1.7270973681e-02 -3.9317826930e-02 5.4858232053e-02
5.5505895321e-03 -3.3531782077e-02 5.6788810825e-02
-3.8326143136e-03 -3.0723823164e-02 4.2779210680e-02
3.7701464162e-03 -3.0644616713e-02 5.1580259945e-02
-2.0468964492e-02 -2.4915990662e-02 4.3048096674e-02
-1.6968289045e-02 -1.7527495941e-02 3.7563031730e-02
-4.2629887524e-02 -8.5063867660e-04 1.3816277218e-02
-1.6398025011e-02 -1.9202202830e-02 3.9631395081e-02
-4.9115768218e-02 -2.4273826500e-02 3.7864544325e-02
-3.6052632308e-02 -1.0407352185e-02 7.0222501714e-02
-4.9204232359e-02 1.9439324658e-02 1.7379072699e-02
-1.2174219291e-02 2.4751956173e-02 1.5065894907e-02
-5.3587006257e-03 3.0462394259e-03 3.8307622376e-02
1.9647487968e-02 -1.8484766613e-02 4.7715042544e-02
1.0695226750e-02 -2.3618013952e-02 5.0602826212e-02
1.1205255001e-02 -2.4762295558e-02 4.6072557568e-02
-6.1228063018e-03 -1.4290021286e-02 4.5181800870e-02
-4.0382904038e-03 -1.7438614101e-02 4.5528370448e-02
-8.8458924356e-04 -2.1136809705e-02 5.7392977065e-02
-2.0181980900e-02 -2.0384907358e-02 4.9784122374e-02
-1.4967875258e-02 1.6658483212e-04 3.5242705140e-02
-3.3232983226e-02 9.2761040083e-03 1.1985451025e-02
1.1870574000e-02 6.8010001280e-04 2.9952640247e-02
-1.5976615416e-02 1.3167793953e-02 2.5139576263e-02
-7.2623129739e-03 1.6943665844e-02 4.3383433977e-02
-2.1076858752e-02 2.5311219011e-02 -2.1311480548e-03
-1.2148023889e-03 7.8129396367e-03 -1.1114786986e-02
-3.7059922205e-03 1.3985144179e-03 3.4215277687e-02
2.3483196316e-02 -1.7750979397e-02 4.1081465754e-02
7.5406798696e-03 -2.2757027978e-02 4.7610037209e-02
3.4734169950e-03 -2.2983234721e-02 4.2356166993e-02
-1.5031949764e-02 -1.1190737137e-02 4.3808187502e-02
-6.9292729401e-03 -1.5221545569e-02 3.8243571535e-02
2.6546760546e-03 -2.3596298334e-02 4.9206239769e-02
-1.9777861980e-02 -2.5942174918e-02 4.0204629948e-02
-1.7108391669e-02 -1.0664442051e-02 2.5081094963e-02
-3.7112200956e-02 -5.7829235327e-03 1.2130484088e-02
3.7423572261e-03 -1.0307553574e-02 2.6863875025e-02
-3.3133396413e-02 4.5509445197e-03 3.2650890007e-02
-2.0169065830e-02 7.6740523790e-03 4.6139863589e-02
-3.8562001250e-02 1.5716041373e-02 -1.4373525375e-03
-1.4392193960e-02 2.0103213641e-03 -1.7909485180e-02
-8.2599006334e-03 -2.5847161849e-03 4.1833264337e-02
9.3816040564e-03 -1.1774650479e-02 4.0303861424e-02
1.6267071843e-03 -2.0480168120e-02 4.9368850028e-02
4.6956377552e-03 -1.8670151598e-02 4.5096460774e-02
-1.3576123859e-02 -7.5502327976e-03 4.8889777297e-02
-1.0741504253e-02 -1.5492482326e-02 3.5925725856e-02
-3.9643019678e-03 -2.1916756011e-02 5.1839443720e-02
-2.6653225494e-02 -1.7126817551e-02 4.1443116058e-02
-1.9240004968e-02 -3.8422974889e-03 3.8881564859e-02
-4.2880441211e-02 -1.0906953119e-03 2.0169737599e-02
2.7630098784e-03 -1.1919619592e-02 3.6592985225e-02
-3.1564045744e-02 -1.6084372789e-03 4.7068306760e-02
-1.3043321856e-02 -2.8351965818e-03 8.0957287966e-02
-2.8081144286e-02 3.2965109505e-03 3.6536470819e-02
-4.8515680507e-03 -3.5137003628e-03 -3.2852333849e-03
1.3286200223e-02 -2.1171655696e-02 4.9454268278e-02
3.5865593463e-02 -3.8654172802e-02 4.3378071037e-02
3.4298175718e-02 -4.7368345232e-02 5.9845075458e-02
2.6417579081e-02 -4.3395191787e-02 5.6353965774e-02
2.0538647196e-02 -3.5398724002e-02 6.5099093203e-02
1.9175275100e-02 -4.7099565938e-02 4.8881557180e-02
2.9638718061e-02 -5.1143442058e-02 6.0736303179e-02
4.6064731386e-03 -4.5552757802e-02 5.2783325292e-02
1.4916156070e-02 -3.1213251527e-02 5.5666672073e-02
-7.6793117960e-03 -2.9882550294e-02 4.0235857491e-02
1.9402185423e-02 -3.2093111931e-02 5.4933429503e-02
-3.9909783226e-03 -2.6921512917e-02 7.6622156514e-02
7.3028252144e-03 -1.6895085458e-02 1.0748141451e-01
-5.6100435282e-04 -4.6134098997e-03 5.7167159118e-02
1.1254823090e-02 -9.1098720283e-03 1.6354391303e-02
