-5.8165842613e-03 -2.2478971242e-02 4.4332294579e-03
-2.4383057938e-02 -4.2819197561e-02 1.2309835600e-03
-3.2305728771e-02 -4.5391335233e-02 4.2839417397e-03
-4.3097146328e-02 -6.4346303084e-02 -3.4825441822e-02
8.9487533007e-03 -1.0659341728e-01 1.4411145628e-02
9.6931782260e-03 -1.2940824957e-01 -9.8061805510e-03
2.7169577668e-02 -1.3164903951e-01 -8.5219033977e-03
8.9294976021e-02 -1.1130888248e-01 -2.7925387238e-02
1.0011976211e-01 -1.1140972722e-01 -2.8608254167e-02
3.9073791902e-02 -1.6570849767e-01 -8.8211148829e-02
-6.6318591235e-02 -2.1358659904e-01 -1.0845385445e-01
-6.9048144014e-02 -2.3644955205e-01 -4.8246357543e-02
-6.7241669740e-02 -1.6825147315e-01 3.4416792086e-02
2.6968509292e-03 -1.4706472625e-01 3.1003720730e-02
-1.2349353450e-02 -9.7583031767e-02 3.3071494369e-02
-1.5650332679e-02 -1.6352469681e-02 4.6291672427e-03
-3.5813073197e-02 -2.9421768869e-02 -2.8903855022e-02
-4.8531905226e-02 -3.3785032517e-02 -4.0543247900e-02
-7.0042791369e-02 -4.8104715396e-02 -7.7536500405e-02
-1.6046044826e-02 -7.9346937186e-02 -2.8891805755e-02
1.5728382435e-02 -5.8706128016e-02 -2.3230877425e-02
1.3875413480e-01 7.9623941324e-02 2.7690088231e-02
2.7454772581e-01 2.3329894731e-01 -2.3363124905e-02
3.0802705353e-01 2.7884691338e-01 -8.9178667742e-02
1.4195307526e-01 9.2090563881e-02 -1.6478804369e-01
-7.8991400612e-02 -1.3665902317e-01 -1.9309034402e-01
-9.4719255813e-02 -1.9609151101e-01 -7.3595337341e-02
-7.3065937234e-02 -1.4666487965e-01 1.5850762405e-02
4.2746742816e-03 -1.3278437667e-01 1.9108970333e-02
-1.4348274825e-02 -1.1354072290e-01 2.0545885054e-02
-1.9043808487e-02 -3.0942341205e-02 -5.6202208479e-03
-2.9912287723e-02 -5.3072751936e-02 -3.7013039449e-02
-5.7360028087e-02 -7.2994409789e-02 -6.6560928836e-02
-6.1261552523e-02 -7.3649405092e-02 -9.7344961640e-02
5.8631400755e-02 -2.6096661404e-02 2.4241145834e-02
1.7254606469e-01 2.0064688819e-01 1.0447409811e-01
3.7610305318e-01 5.9036535670e-01 1.8927592342e-01
4.8490450883e-01 8.2597477031e-01 5.2848086737e-02
4.5822419772e-01 7.5210488314e-01 -1.4405742720e-01
2.0093490595e-01 3.0640710342e-01 -2.3141552546e-01
-6.8997865628e-02 -7.6292541163e-02 -2.4094163051e-01
-8.8778649248e-02 -1.7259789282e-01 -1.3869848224e-01
-7.2309615102e-02 -1.3795135073e-01 -3.9216935187e-02
-6.7687374903e-03 -1.1363386705e-01 6.4551958267e-04
-2.5590866974e-02 -9.1578242876e-02 6.1879418311e-03
-3.1338098187e-02 -1.5614113612e-02 -8.4772537382e-03
-3.8035623493e-02 -4.5592578748e-02 -7.0716528076e-02
-4.5685635559e-02 -6.0866359379e-02 -1.1391717050e-01
1.8673348869e-02 8.2854322892e-03 -5.0660735877e-02
2.3060832338e-01 3.0377858377e-01 1.8952616236e-01
3.4825356270e-01 7.1022877458e-01 2.9345934618e-01
4.3396566692e-01 1.1147716584e+00 3.2163821117e-01
3.7243264997e-01 1.0727958090e+00 1.2019269056e-01
2.4236777666e-01 6.9964826958e-01 -1.0423792109e-01
9.3296429711e-02 1.7470822972e-01 -1.1308357749e-01
-8.7555428087e-02 -1.1567093638e-01 -1.3790018984e-01
-5.2086407185e-02 -7.9725497104e-02 -1.2943573131e-01
-4.7946975092e-02 -7.7639606284e-02 -4.8100421180e-02
1.2839423294e-03 -6.8955248147e-02 -5.9815742900e-03
-1.7141420992e-02 -6.2922259581e-02 -1.5541880312e-03
-4.6628570122e-02 -3.7602255482e-02 -1.7955807617e-02
-5.0739718017e-02 -6.3037548645e-02 -4.8934552331e-02
-3.8485592200e-02 -5.7051581964e-02 -6.1131799955e-02
4.7836905774e-02 1.3644449955e-01 8.0166799562e-02
2.4607665413e-01 6.6621746140e-01 3.3306868187e-01
2.9033761104e-01 1.0635510209e+00 3.8027193841e-01
2.8394034425e-01 1.2036969922e+00 2.9022457505e-01
1.9502629896e-01 9.4568056301e-01 7.7848399371e-02
1.2065298486e-01 2.9602331878e-01 -5.3960446874e-02
1.8782301262e-02 -1.5630267812e-01 -2.5547740478e-02
-7.7786397398e-02 -2.4539742540e-01 -6.1626578967e-02
-5.0229453835e-02 -8.9660503863e-02 -7.8697209427e-02
-2.2824935381e-02 -9.2204364159e-02 -4.0925888889e-02
1.0518225874e-03 -7.3912077922e-02 -4.5182377717e-03
-1.4424545187e-02 -6.1994191401e-02 3.4073292090e-03
-5.4462441027e-02 -5.1077129486e-02 -2.5933377617e-02
-5.1781402396e-02 -7.6608449742e-02 -6.6875097552e-02
-4.9885701580e-02 -5.1327767587e-02 -4.1534045879e-02
-1.0999958327e-02 2.4797252469e-01 1.1945240931e-01
5.2163211285e-02 9.2906771763e-01 3.7101069872e-01
5.8912260378e-02 1.1775208775e+00 3.3671243592e-01
2.1421239361e-02 1.0586639108e+00 1.8823068732e-01
2.5660768707e-02 7.8647419346e-01 5.7446874754e-02
-2.2099770576e-03 9.5505676326e-02 5.1156783006e-03
3.4820565183e-02 -4.0966710685e-01 1.0150860821e-02
7.8012284151e-03 -3.4146816338e-01 -1.3091731982e-01
-5.5080795006e-02 -6.9976184832e-02 -1.5073985328e-01
-6.3625280312e-02 -8.5569510430e-02 -6.2416752668e-02
-2.1804726625e-02 -7.8789528442e-02 -2.0121522081e-02
-3.3634080858e-02 -5.7909141652e-02 -5.5795863415e-03
-6.5393573781e-02 -6.4651561728e-02 -3.0208291288e-02
-6.9952744971e-02 -8.6153857291e-02 -8.1012361406e-02
-8.6120632670e-02 -6.8184271178e-02 -5.7888819156e-02
-1.5214465355e-01 2.6026299928e-01 1.0338362162e-01
-2.5144781621e-01 9.4586272676e-01 3.3458452362e-01
-2.8427254599e-01 1.1438942901e+00 2.7527711317e-01
-1.7450798955e-01 8.9349228833e-01 1.4537085867e-01
-1.1175698266e-01 6.7694613626e-01 9.8325258416e-03
-1.1061242730e-01 1.7567700698e-01 1.3661791149e-02
-2.7811531437e-02 -4.4062081468e-01 1.2942619085e-01
7.3491702655e-02 -4.4125769711e-01 3.6527940256e-02
-2.4688803189e-02 -1.1529317155e-01 -7.5804274930e-02
-6.2348494812e-02 -1.0457928371e-01 -4.1814204042e-02
-2.4458178048e-02 -1.0392313236e-01 -1.9703041254e-02
-2.6793344377e-02 -8.9750015370e-02 5.4886343452e-03
-4.7896112139e-02 -5.7520008911e-02 -1.4830245797e-02
-4.7391213258e-02 -7.9461624446e-02 -6.0274776191e-02
-5.8003876031e-02 -1.0067259929e-01 -8.4062982538e-02
-1.4139743016e-01 5.0856426236e-02 -2.4314861334e-02
-2.1578086821e-01 4.4102586730e-01 1.6052445212e-01
3.3600713338e-02 8.0222215102e-01 3.1818500279e-01
5.4830421285e-01 9.3040392491e-01 2.6223036981e-01
8.1057864028e-01 8.0336771907e-01 -3.3851674397e-02
6.3682210006e-01 5.6383265640e-01 -2.6020734827e-01
2.8600706952e-01 6.4574580314e-02 -1.5286690193e-01
1.0637021047e-01 -1.4941655375e-01 -1.8635818629e-02
1.0772924032e-02 -7.6375976595e-02 -7.4274356188e-02
-8.8593829047e-02 -1.2308754611e-01 -3.4272205565e-02
-4.7053846849e-02 -1.1679083829e-01 -5.4259226270e-04
-4.1880369301e-02 -8.2700866138e-02 3.4140264385e-03
-4.3312799287e-02 -5.1144827368e-02 -1.1155892392e-03
-3.8678924452e-02 -6.3209919765e-02 -3.2643166577e-02
-4.1668283205e-02 -8.2187151210e-02 -5.3876037663e-02
-6.5905582299e-02 -5.8374911984e-02 -4.6332817660e-02
-1.8955426133e-02 2.5799822030e-01 2.2698847962e-01
2.2257251681e-01 1.3548137559e+00 8.5806291114e-01
7.9413451202e-01 2.4097372402e+00 9.3791965439e-01
1.1897275980e+00 2.4653097926e+00 1.6574291591e-01
1.2539772057e+00 2.3215350706e+00 -7.5322619670e-01
9.0747297617e-01 1.4892169942e+00 -1.0212202681e+00
5.5893184053e-01 8.1100417652e-01 -3.8985240485e-01
3.0758201872e-01 4.3410864235e-01 -3.2760431297e-01
-1.4939531175e-02 -8.9747351434e-02 -8.0938760516e-02
-7.0485786165e-03 -1.2998205871e-01 8.4166635665e-03
-8.8192194721e-03 -9.7378782562e-02 1.1763347995e-02
-1.6060033168e-02 -5.5856553143e-02 2.2552804761e-02
-1.2546684303e-02 -5.9044419032e-02 2.4233129945e-02
-9.9232134955e-03 -6.9478828406e-02 1.0957133152e-02
-4.2045670855e-02 -5.6468850387e-02 1.0619362416e-02
-1.2442429253e-01 1.7147086658e-01 2.1005599431e-01
-5.0072965667e-01 1.0915753570e+00 8.0165828403e-01
-8.7661350544e-01 2.4324332945e+00 1.2428063727e+00
-6.8490805179e-01 2.8987112189e+00 5.4957203563e-01
-3.8180012548e-01 3.0488573389e+00 -6.4092469262e-01
-3.1142985565e-01 2.0385691587e+00 -1.2216108537e+00
7.2299215315e-03 1.2100112923e+00 -5.7304397808e-01
1.7116579343e-01 8.2820021853e-01 -4.2312948253e-01
-2.2148558828e-02 -8.8042607110e-02 -1.0348389218e-01
1.7748410783e-02 -1.4379197089e-01 3.5824906373e-03
4.7495952022e-04 -8.6992026255e-02 3.3486293616e-03
-9.5428871438e-03 -6.0344432065e-02 2.8423767994e-02
-6.6379089335e-03 -6.2350376043e-02 1.2018581520e-02
-5.4542924855e-03 -6.1150322128e-02 1.1691872123e-02
-2.7266165491e-02 -5.7799220566e-02 -7.6790855598e-03
-7.7984878230e-02 2.5610217212e-03 5.8441359697e-02
-3.6631561268e-01 3.3870918688e-01 3.1284146960e-01
-1.1190433881e+00 1.1595073558e+00 7.5636552508e-01
-1.7048487281e+00 1.8915618145e+00 5.8865330568e-01
-1.5676275516e+00 2.2129982900e+00 -1.4249828047e-01
-9.8574128301e-01 1.1716038952e+00 -5.6987330596e-01
-3.1294462940e-01 9.0655730278e-01 -3.2648556138e-01
-4.6306700878e-02 7.3398864848e-01 -3.5556731348e-01
-2.1315558202e-02 -7.4771038541e-02 -9.8668590509e-02
2.7273605711e-02 -1.1649567147e-01 -1.8741379490e-02
8.7014421604e-03 -9.0183374496e-02 8.1752529474e-04
-9.5415007040e-03 -6.5852167576e-02 3.1373845226e-02
-6.8601026541e-04 -7.0678008166e-02 2.6635412042e-02
-6.4514380618e-03 -7.3276372028e-02 2.0149424748e-02
-2.6018132616e-02 -7.0793544445e-02 1.1420477394e-03
-3.2039326241e-02 -6.7079579291e-02 2.1286535506e-02
-8.6251267819e-02 3.4080437908e-03 7.0940131212e-02
-3.1922327743e-01 2.3325915209e-01 2.1376408355e-01
-8.0404578652e-01 6.0139069425e-01 3.2301804130e-01
-1.0291428306e+00 9.4076002212e-01 1.8372767972e-01
-6.0776895940e-01 7.1327284672e-01 -4.8856971518e-02
-2.1832551999e-01 6.1739132286e-01 -1.3637863917e-01
-9.7359195572e-02 4.2053423770e-01 -2.1738687672e-01
6.7703391101e-03 -1.0684251860e-01 -7.5165880354e-02
3.3071049662e-02 -1.1457998890e-01 -8.5841618826e-03
9.0183811386e-03 -7.9769598810e-02 2.2688942997e-02
-1.5168864603e-02 -5.8045568630e-02 2.8562512233e-02
-3.2393479633e-03 -5.9209413674e-02 1.5045852083e-02
-8.7243317765e-03 -6.2447097115e-02 5.7790569074e-04
-2.3953938779e-02 -5.4238150757e-02 -1.3186956224e-02
-2.0719793922e-02 -4.6869366618e-02 2.0695213846e-02
-4.5380024603e-03 -3.1030287249e-02 3.2666130627e-02
-1.8420547540e-02 8.4716392698e-03 4.3404242020e-02
-1.2554369553e-01 7.0228553165e-02 1.0948397810e-01
-2.7457622645e-01 2.0712233070e-01 1.5219682150e-01
-2.1952776950e-01 2.2487159443e-01 1.0043556016e-01
-1.3733240054e-01 2.9552680018e-01 -8.7334134393e-02
-7.9039123677e-02 2.1312341255e-01 -1.5564913180e-01
5.0405722360e-03 -7.9221602584e-02 -7.0295408020e-02
3.1322501489e-02 -6.7891140522e-02 -3.2751957459e-03
3.8488261390e-03 -4.3603246152e-02 1.9515619484e-02
-2.8428356486e-02 -5.6747696802e-02 1.9068102676e-02
-1.3142172146e-02 -5.8480024907e-02 1.3280034497e-02
-1.9001496922e-02 -6.3971496508e-02 1.9216691388e-03
-2.7934500953e-02 -6.3170809610e-02 3.2794732570e-03
-2.6086802819e-02 -5.7249763353e-02 2.9906323998e-02
-2.2468582457e-02 -3.2372784746e-02 3.7730074544e-02
-4.1684666809e-03 -1.7050594542e-02 3.1592666370e-02
-1.9730261430e-02 -2.5361512347e-02 3.2316690819e-02
-4.7497699282e-02 -1.6654015632e-02 4.8106184650e-02
-4.8415685616e-02 1.9056916107e-02 4.6531521398e-02
-6.0231364608e-02 7.6951943622e-02 -3.6091276495e-02
-3.1793712467e-02 5.4113522508e-03 -7.2946533786e-02
1.7120845581e-02 -9.1372210054e-02 -2.4213347425e-02
2.9197775338e-02 -7.3586803748e-02 1.3154096923e-02
2.1603759629e-03 -4.7667470467e-02 3.2937512357e-02
-2.6749871481e-02 -6.4349561179e-02 1.3496003130e-02
-1.6429907191e-02 -6.3810907404e-02 4.5758826531e-03
-1.5579613516e-02 -6.8479968037e-02 3.1345182934e-03
-2.7017820996e-02 -7.6545449430e-02 -6.0067467221e-03
-3.3953512527e-02 -7.8073597579e-02 6.4527089582e-03
-2.4382120932e-02 -5.0802283165e-02 5.4070590698e-03
-1.1502753534e-02 -3.5438770981e-02 1.7027010657e-02
-1.4214355880e-02 -4.8691441270e-02 2.3186252425e-02
-2.2273835419e-02 -5.7074805044e-02 2.7630869898e-02
-1.4143621282e-02 -4.6354102623e-02 1.8290100157e-02
-1.2292344771e-02 -3.9575087875e-02 -1.7456618250e-02
5.4272205569e-03 -9.5095690814e-02 -2.5623089820e-02
-8.5780540659e-03 -9.9583278845e-02 -1.4334785133e-02
1.1773062508e-02 -7.8037371957e-02 4.4517474349e-03
-1.1048151874e-02 -3.8882544366e-02 2.7561459526e-02
-3.1569066361e-02 -7.2568999762e-02 1.6401307964e-02
-2.2009603076e-02 -7.4733168255e-02 -2.7802006812e-03
-3.3067676581e-02 -7.8380936687e-02 1.4107027922e-02
-3.9090422429e-02 -8.3357957881e-02 2.2588086365e-04
-5.1713810484e-02 -8.8501929684e-02 1.2709870163e-02
-3.3297630109e-02 -7.3512364077e-02 -2.5505184944e-04
-2.0729140904e-02 -5.7943737143e-02 1.8387538988e-02
-2.1669067675e-02 -6.4332561264e-02 3.5819276840e-02
-2.7068706810e-02 -6.7605104228e-02 4.9341552053e-02
-6.1682641667e-03 -6.3496736761e-02 2.0011159378e-02
1.8016885506e-03 -6.4347404534e-02 -6.8603504692e-04
8.8441577035e-03 -9.2997973191e-02 1.4692553669e-02
-5.3067860756e-03 -1.0148627924e-01 1.8494126287e-02
1.2608896817e-02 -8.0643870768e-02 2.0904748383e-02
-1.0159028013e-02 -6.3299496057e-02 4.1892451363e-02
1.8533048098e-03 -7.5477863737e-03 3.1499193338e-02
-9.3555911800e-03 -1.7929261481e-02 2.9546062899e-02
-6.9348824706e-03 -2.4645744236e-02 1.6839062962e-02
1.4094268627e-02 -3.3792843502e-02 -7.9513410622e-03
8.8537491981e-02 -8.8802849285e-02 5.6686202700e-02
1.4397827231e-01 -7.6317623932e-02 6.6876229540e-02
2.9131468411e-01 1.6090660158e-02 1.0967366401e-01
4.8138571441e-01 1.5463173554e-01 7.8547842700e-02
5.3011536235e-01 2.1455699484e-01 1.9862762494e-02
3.8754855953e-01 1.2399307846e-01 -1.3093673589e-01
1.0042460389e-01 -1.0623465405e-01 -2.0053736879e-01
8.6587427548e-03 -2.0362636364e-01 5.9957274876e-03
-1.9834470033e-02 -1.5709099311e-01 6.5672051513e-02
3.2409853342e-02 -1.3134172313e-01 5.4670582268e-02
-1.1242826981e-02 -8.7118276338e-02 2.4872802948e-02
-8.2439142455e-04 -1.6653570344e-03 3.2891056273e-02
-3.1100099776e-02 -1.7249769718e-02 1.2893465018e-02
-3.3909444944e-02 -2.6835720320e-02 5.6539855504e-03
-2.3305240134e-02 -4.6840628488e-03 -2.9670390687e-02
1.8159877176e-01 5.7424581328e-02 1.2695864472e-01
4.4982779028e-01 3.1578563327e-01 2.5619352360e-01
8.9562567645e-01 6.9725834669e-01 3.5652692588e-01
1.1322486257e+00 9.0851340828e-01 2.0626391625e-01
1.0922368090e+00 9.7692785444e-01 -3.7003290431e-03
7.4444629960e-01 7.1520676827e-01 -3.4222952776e-01
3.0115922335e-01 2.4745658088e-01 -5.0659512723e-01
-4.0999241739e-03 -1.3457004102e-01 -1.9165158022e-01
-4.3139183920e-02 -1.7197904605e-01 6.1297214595e-03
1.8128382197e-02 -1.3859723753e-01 2.0126507783e-02
-1.8323980600e-02 -1.0701286315e-01 1.4348034817e-02
1.1936079199e-03 -6.7087194212e-03 2.7744571741e-02
-2.6543214474e-02 -4.1249484909e-02 9.3562550724e-03
-2.9028365315e-02 -4.4289190087e-02 -1.3041156132e-02
1.0256037347e-01 9.8809722218e-02 9.8880862141e-02
5.7009814078e-01 4.8629315395e-01 4.5899366561e-01
8.3374230046e-01 9.0085014529e-01 6.2116661700e-01
9.3139353930e-01 1.0564470845e+00 5.5073155268e-01
7.4349907693e-01 8.6542122209e-01 2.1122680065e-01
6.1569167072e-01 7.6183999300e-01 -4.5235876516e-02
4.0901913644e-01 5.2164176889e-01 -3.0171224409e-01
2.9028809848e-01 3.4077835874e-01 -6.7719059793e-01
1.0764963184e-01 4.9071924181e-02 -3.7023590787e-01
-2.2870923726e-02 -1.2258993703e-01 -4.6008818006e-02
1.8861455161e-02 -1.0442585756e-01 1.6674402871e-02
-3.1433105912e-02 -7.9586688506e-02 3.4633106124e-03
-2.7885834279e-02 5.7010848862e-03 2.0962810288e-02
-5.2610010169e-02 -3.2085108214e-02 -2.8008429441e-02
2.0857399448e-02 6.1648857958e-02 3.5240049819e-02
3.5923756139e-01 5.4637072928e-01 4.2585602414e-01
7.8387934564e-01 1.0875345359e+00 7.7714558294e-01
5.9771986258e-01 9.8432847901e-01 5.5139410747e-01
3.7533140357e-01 7.4634911491e-01 2.3876478043e-01
1.7992882235e-01 4.0143242570e-01 5.6648054795e-02
6.8500405145e-02 1.2911470498e-01 -2.2964285382e-03
2.6863561805e-02 -5.5309948548e-02 -1.2730254187e-02
9.1019284412e-02 1.1664367903e-01 -3.5517342155e-01
9.3458383804e-02 1.1773897125e-01 -3.5230144905e-01
-2.0236954309e-02 -4.2602108141e-02 -7.5155760866e-02
3.0140559373e-02 -7.7510403177e-02 -1.0225605124e-02
-2.5795658747e-02 -4.8407447510e-02 -1.2194961453e-02
-4.8126797445e-02 -6.7187875796e-03 5.7836827428e-03
-4.7865179633e-02 -9.8246423706e-03 2.0314839936e-02
1.2872801669e-01 2.7653968817e-01 2.6284191100e-01
4.2487660674e-01 9.4069969261e-01 7.1300950887e-01
5.7951144028e-01 1.1654294650e+00 7.4230773215e-01
2.9406873723e-01 8.4065007613e-01 3.4225284667e-01
1.3259965838e-01 4.4500472878e-01 5.7578442678e-02
7.1630515207e-02 2.7742396740e-02 3.7057172937e-02
4.5580582031e-02 -3.6114931021e-01 7.0990609357e-02
-1.3799947063e-02 -5.2854178759e-01 1.3854172437e-01
-2.8009086608e-02 -2.5233360519e-01 7.5975482664e-03
2.8677021243e-02 -2.4017094333e-02 -8.5871223612e-02
-1.5568308261e-02 -6.2257457269e-02 -4.6330244276e-02
2.2274444302e-02 -7.8489939122e-02 -4.5633622698e-03
-2.5882835275e-02 -4.2472700782e-02 -1.7873656571e-03
-5.9560934168e-02 -2.2383465862e-02 5.5303744341e-03
-4.4457173644e-02 2.1089350762e-02 5.1050452896e-02
2.5399005264e-02 4.0660409989e-01 3.5951170779e-01
1.3198325182e-01 9.8926004459e-01 6.8614008970e-01
1.2001832603e-01 1.0095200081e+00 5.3690245761e-01
1.3404817219e-02 7.0458600544e-01 1.9466685970e-01
-1.5966030357e-02 2.4097865340e-01 -2.1426577985e-02
3.4371556280e-02 -2.7173122082e-01 4.0630514488e-02
3.6085051128e-02 -7.7963518294e-01 1.2454493637e-01
6.4837175741e-02 -8.7647149856e-01 1.6370530941e-01
1.9623774607e-02 -3.5192315789e-01 -5.8406426386e-02
-3.9545779150e-02 4.9503457265e-02 -2.5987153869e-01
-7.1660134773e-02 -1.9950993586e-02 -1.0728299467e-01
-2.9011952030e-02 -6.3191810516e-02 -2.9491582199e-02
-4.6697132317e-02 -3.8127794004e-02 -1.6041940455e-02
-7.0378751804e-02 -3.9845895734e-02 4.7370498266e-03
-8.3897902129e-02 -1.6730976611e-02 -5.0314124210e-03
-1.4431211472e-01 3.5222880370e-01 2.6900728715e-01
-2.5942600171e-01 9.8853293425e-01 5.8783108066e-01
-2.8893196751e-01 1.0349401862e+00 4.7843843299e-01
-2.1740776922e-01 5.9529854051e-01 1.6338525191e-01
-8.5186060453e-02 1.7816435990e-01 1.4499808687e-02
2.5443087320e-03 -2.0979101034e-01 -1.7081140375e-02
8.1883464415e-02 -7.0237167980e-01 9.4890494507e-02
1.4203635673e-01 -9.3446056022e-01 2.4415195895e-01
2.5580488635e-01 -6.0598164834e-01 2.3442621489e-01
8.8741270091e-02 -5.3370338430e-02 -9.0308041861e-02
-6.8488302480e-02 -5.5189057608e-02 -7.3108383387e-02
-3.5401926626e-02 -1.0010212252e-01 -1.9276983215e-02
-3.9896264806e-02 -7.8296671369e-02 4.7849195419e-03
-4.8760969294e-02 -3.7339549279e-02 6.5857710697e-03
-7.0099274609e-02 -3.7197915629e-02 1.7905085505e-03
-1.7178132642e-01 2.0065058715e-01 1.4069031665e-01
-3.5660196159e-01 7.0384701609e-01 4.1349928714e-01
-9.4771611592e-02 8.8096845201e-01 5.3723044751e-01
5.8124698113e-01 6.1556612249e-01 4.3426191456e-01
8.0945377472e-01 1.7114425815e-01 1.1087968766e-01
7.3483016599e-01 -2.0645402701e-01 -7.4800027010e-02
8.2260746577e-01 -3.7758157189e-01 -1.1251223704e-01
7.6312434507e-01 -4.3694814579e-01 9.6661591154e-03
7.9410585452e-01 -7.1370098187e-02 2.2261115860e-01
5.7525902851e-01 1.6336373397e-01 -1.5517689823e-01
-3.1605096047e-02 -7.8202325887e-02 -7.7105709049e-02
-4.3602686335e-02 -1.0483471839e-01 1.5664778688e-02
-4.9172952729e-02 -7.2382026320e-02 6.3404003608e-03
-4.6961499993e-02 -4.0224279644e-02 1.4306870982e-02
-5.8350345107e-02 -5.3551160997e-02 -1.9739597393e-02
-1.0418105195e-01 1.6821068712e-02 6.5194161040e-03
-9.0639322211e-02 3.5086376188e-01 3.1165319598e-01
5.0129092361e-01 1.3204826911e+00 1.2389727001e+00
1.2086450967e+00 1.5756394649e+00 1.3460903248e+00
1.2507077333e+00 2.5593033321e-01 2.1157781198e-01
8.6181629838e-01 -6.4862100910e-01 -2.1320307427e-01
1.0799722333e+00 -2.2681289575e-01 -2.3510381481e-01
1.6108464919e+00 6.5270263812e-01 -8.3846087677e-01
1.9704058935e+00 1.7575411513e+00 -8.1542036818e-01
1.8496567972e+00 1.7399917407e+00 -1.1111363089e+00
1.5345091666e-01 3.1879811566e-02 -3.3354832014e-01
-4.2329126260e-05 -1.4108335768e-01 5.8150535329e-03
-2.0942911537e-02 -8.5607873401e-02 1.8605969309e-02
-1.3818873930e-02 -4.5817363219e-02 3.5185586918e-02
-2.6607614278e-03 -5.9076637948e-02 4.1917216114e-02
-7.9151475427e-03 -4.4623788272e-02 4.8387980982e-02
-1.2978208578e-01 2.0444792996e-01 2.8907163197e-01
-5.3665916469e-01 1.1943968110e+00 1.1684108333e+00
-9.2740597439e-01 1.6703021214e+00 1.5923336020e+00
-5.6516423452e-01 8.8504768297e-01 8.1496549734e-01
-2.3101334035e-01 -1.9168824094e-01 8.5619712444e-02
-1.9829825440e-01 2.1981442748e-01 -1.5203042895e-01
-2.0495656650e-02 1.0032500510e+00 -1.0253774736e+00
-1.4057715306e-01 1.1916103006e+00 -9.5125605928e-01
6.4405675791e-01 1.9527583788e+00 -6.8783784521e-01
3.8856327928e-02 -1.7940913744e-02 -2.1932793070e-01
2.3334034419e-02 -1.5944921065e-01 -3.9074143349e-03
4.3269547076e-04 -7.3250528739e-02 7.4301017710e-03
-6.8811685836e-03 -5.4180099958e-02 5.2253601205e-02
9.1964451070e-04 -6.6675432245e-02 4.8024966625e-02
4.6599513888e-03 -6.2257717656e-02 4.8207948996e-02
-8.8279132907e-02 -1.4226793521e-02 8.6128405302e-02
-4.9317568589e-01 2.2075324676e-01 3.6471832281e-01
-1.5118017662e+00 5.2818655077e-01 1.0147667010e+00
-1.9825753301e+00 1.2428369451e+00 1.2690999416e+00
-1.4828290972e+00 9.7156464960e-01 6.0553840365e-01
-1.1594120511e+00 1.0639471546e+00 3.3482775004e-02
-9.7336554166e-01 2.6915823936e-01 -4.5179166360e-01
-8.2833001696e-01 3.1999834165e-01 -4.4829891689e-01
-2.5230787644e-01 1.3733178520e+00 -4.0000112730e-01
-3.9991809164e-02 -5.8649947945e-02 -1.7330055064e-01
4.4277836032e-02 -1.3502463364e-01 -2.5711130513e-02
1.8327005531e-03 -7.0763231647e-02 6.3437198363e-03
-8.4728351708e-03 -5.8001211089e-02 4.8986575118e-02
-9.1868326963e-04 -7.2613423249e-02 4.6706047735e-02
-6.8014189147e-03 -6.8750216603e-02 4.2341169042e-02
-3.3260900651e-02 -6.0940011029e-02 3.5240074267e-02
-9.6689060251e-02 -1.4913600143e-02 8.2159924197e-02
-3.8145034470e-01 5.6754406463e-02 2.6864895984e-01
-1.1127959360e+00 1.0866226615e-01 5.1856652683e-01
-1.7375559681e+00 2.7747926478e-01 5.3301386807e-01
-1.6841180086e+00 8.8811423556e-01 3.8891720354e-01
-1.0877285580e+00 6.8927674885e-01 5.7264207606e-02
-4.4648394223e-01 5.9212553875e-01 -3.2572435298e-01
-2.7665397249e-01 9.6478322331e-01 -3.8586346302e-01
5.7356914018e-03 -8.6942985273e-02 -1.7578960644e-01
4.9289118331e-02 -1.2435678137e-01 -1.3265213343e-02
-4.9964248564e-03 -5.9165850155e-02 2.6209265916e-02
-2.0058887614e-02 -4.5487252728e-02 4.8729625012e-02
-1.8292170858e-02 -5.3562593140e-02 4.0494919219e-02
-2.1728735387e-02 -5.8495646444e-02 2.8621024331e-02
-4.0007566077e-02 -4.0427912200e-02 3.0378438076e-02
-3.0564350539e-02 -1.9095915587e-02 4.7718096334e-02
-4.7545925412e-02 5.0471933696e-03 8.7016363847e-02
-2.0504263093e-01 9.1454153672e-02 1.9848548313e-01
-5.9715976643e-01 1.1968105533e-01 3.6914297243e-01
-1.0139101367e+00 5.0714416979e-01 5.6629697328e-01
-7.8795724959e-01 6.1823557548e-01 5.2135423278e-01
-4.6394473659e-01 6.9663055891e-01 -1.7321552910e-01
-4.1101654562e-01 1.0350017047e+00 -2.5969151240e-01
-1.1025654635e-02 -4.4241625237e-03 -1.0740080041e-01
4.8525644793e-02 -8.9020415486e-02 -1.1144653265e-02
-1.6227918584e-02 -2.2799840889e-02 2.6598975630e-02
-3.9395550590e-02 -4.6803323095e-02 2.0111679427e-02
-2.4911053386e-02 -5.6121780924e-02 1.7767714801e-02
-3.0616251772e-02 -5.7233804700e-02 6.7667731344e-03
-4.5326716227e-02 -4.7980434297e-02 1.8088262799e-02
-3.5041161176e-02 -3.1803643500e-02 3.9968756959e-02
-3.4281870015e-02 -9.7876290084e-03 5.4673277063e-02
-2.9123948559e-02 7.1413228899e-03 4.7546882551e-02
-1.0584197957e-01 2.3413642386e-02 1.0547434431e-01
-2.4911923333e-01 1.7889626404e-01 2.8130171061e-01
-3.0572184869e-01 4.3791009968e-01 4.5730492611e-01
-4.1878812628e-01 7.7930332949e-01 2.7788638657e-02
-4.3834618805e-01 8.5954713366e-01 -2.7704890796e-01
-2.3170155375e-02 1.9204534743e-02 -8.6616807473e-02
4.4508313695e-02 -7.9006245511e-02 6.8739199726e-03
-1.7089245335e-02 -3.1035229066e-02 3.7793056814e-02
-3.3031149313e-02 -5.3353297273e-02 2.8144773072e-02
-2.3223063174e-02 -6.1242293930e-02 1.6409734614e-02
-2.5418079222e-02 -6.1833001939e-02 1.6736382650e-02
-3.6251434067e-02 -5.5797356890e-02 1.0417294739e-02
-3.0088587646e-02 -5.5978829746e-02 1.3695335093e-02
-3.1243761576e-02 -3.1111054867e-02 2.7518190158e-02
-1.6304117385e-02 -1.9168513791e-02 1.7967749858e-02
-2.3051089628e-02 -1.0355424232e-02 6.2540220080e-02
-7.3064944492e-02 4.3469635013e-02 1.0044958100e-01
-1.4385189570e-01 2.0554949457e-01 1.4195408282e-01
-1.8449633299e-01 2.6382657517e-01 2.1507260094e-04
-1.5793982969e-01 2.0535709525e-01 -1.3532058535e-01
-1.9707661282e-02 -2.9680551668e-02 -3.4828147768e-02
1.8950225928e-02 -6.7345603691e-02 7.4203440302e-03
-2.6168246504e-02 -2.4283713137e-02 2.8927022884e-02
-3.8582433272e-02 -6.5980949994e-02 2.4654440296e-02
-3.0238094620e-02 -7.5885978621e-02 7.0495263675e-03
-4.0334046851e-02 -7.5450488967e-02 1.5628873795e-02
-4.6650679027e-02 -7.0849656501e-02 8.3393316761e-03
-5.4257605268e-02 -7.3225458553e-02 1.4922982778e-02
-4.6529094528e-02 -6.2451050028e-02 9.4861385390e-03
-3.4111278675e-02 -4.9673398568e-02 2.1243821552e-02
-2.5144246317e-02 -5.3551319501e-02 4.2005952195e-02
-4.0304043375e-02 -4.6354868852e-02 5.8780210606e-02
-3.6660399563e-02 -1.4133610111e-02 3.2878995082e-02
-3.5202610609e-02 -1.3695818174e-02 -2.1955760885e-02
4.0228761144e-03 -6.2830957430e-02 -1.4699701048e-02
-8.7465659640e-03 -8.8836383522e-02 1.7232741470e-02
8.2452193813e-03 -8.3733314223e-02 2.1783522702e-02
-2.2250757185e-02 -6.0605333459e-02 4.1190641139e-02
-1.2316147305e-02 -2.4632899361e-05 4.3743309870e-02
-8.5245683020e-03 -1.0096871805e-02 3.0767390334e-02
7.2265591063e-03 -1.4006530294e-02 3.8136958689e-02
8.0437250627e-02 -2.9309100438e-02 3.2492923482e-02
2.6376921691e-01 -6.1672794253e-02 1.3783770885e-01
5.0434683246e-01 6.2731534957e-02 2.5597759573e-01
9.3846744024e-01 3.1630574548e-01 3.9437204194e-01
1.1338047218e+00 5.1973500757e-01 3.2508043434e-01
1.3039729134e+00 6.6222921489e-01 1.7687203473e-01
1.3058153638e+00 6.5003097950e-01 -2.7961617397e-01
7.4050502629e-01 2.6179616935e-01 -4.7219629537e-01
1.3162960405e-01 -1.5093577323e-01 -1.1810831928e-01
-1.6067927318e-02 -1.6763617669e-01 3.0579197003e-02
2.7520636467e-02 -1.1148296471e-01 3.4475258636e-02
-1.2760828781e-02 -7.6124064144e-02 1.5060204855e-02
-8.5401142201e-03 8.6618017668e-03 4.0635740898e-02
-1.5472844039e-02 -1.3659743865e-02 2.8595056066e-02
1.4498230565e-03 -8.9055326287e-03 4.3919888643e-02
1.3978323823e-01 3.7615606317e-02 1.2480494190e-01
6.6672042009e-01 2.4456796013e-01 4.9043507150e-01
1.1423942572e+00 5.8691515456e-01 6.8568771919e-01
1.2853361075e+00 6.7796581339e-01 6.2068039370e-01
1.0549784520e+00 5.1638653993e-01 3.2180208966e-01
7.5520361099e-01 4.1530878491e-01 1.4421002305e-01
7.6787502985e-01 5.0269205334e-01 -2.7544773297e-01
7.8781526017e-01 5.0635295282e-01 -7.5948848005e-01
2.0271620646e-01 -2.1935450294e-02 -3.9574689756e-01
-1.9798073733e-02 -1.6471681597e-01 -1.0512205782e-02
1.4700334394e-02 -1.2180706003e-01 2.2179679132e-03
-9.6471792103e-03 -9.8517519095e-02 1.0108786795e-02
-2.7474751104e-02 7.4110782578e-03 5.2349079988e-02
-3.6277861357e-02 -2.2233568626e-02 3.1961504419e-02
5.8106811987e-02 2.9715343221e-02 1.7649209154e-01
5.8961153954e-01 3.3545265431e-01 6.2371747930e-01
1.1603933756e+00 6.8856637148e-01 9.5649599684e-01
8.5224481001e-01 5.9742845914e-01 6.4247519546e-01
5.2892159790e-01 3.9569495663e-01 2.7894992037e-01
2.5137034281e-01 1.5390989822e-01 3.1104778688e-02
-6.7397474312e-02 -1.6941468297e-01 6.6775694419e-02
-8.9328925656e-02 -1.6716937523e-01 8.5723536568e-02
2.2048746936e-01 2.0226360808e-01 -3.2376430095e-01
1.4001152817e-01 2.5219961541e-02 -3.2524304676e-01
-2.6149614070e-02 -1.2311560693e-01 -4.4263638399e-02
7.4689184715e-03 -9.2055120238e-02 -1.0922227901e-02
-2.2372697584e-02 -7.3842514095e-02 -2.5331052660e-03
-6.1645495019e-02 2.7765766097e-02 8.1300901183e-02
-1.6128205351e-02 4.1977798010e-02 1.4134218815e-01
3.5184977104e-01 3.0758344026e-01 6.0046769247e-01
8.2642024864e-01 7.1747487115e-01 9.5837923486e-01
7.2646233419e-01 5.9860723836e-01 7.0226384321e-01
3.3412255602e-01 3.5082783451e-01 2.7404012521e-01
2.5956545044e-01 3.5205857380e-01 7.2045311153e-02
9.4802963632e-02 1.4491971154e-01 -1.5233504105e-02
-2.9507539734e-01 -5.1930714105e-01 1.3016976061e-01
-3.6787478023e-01 -8.0738472841e-01 3.5075674004e-01
-1.4774982180e-01 -3.8253102655e-01 2.1559870820e-01
-7.8823760000e-02 -2.4917194134e-01 2.6428363985e-02
-4.9786574928e-02 -1.0580233408e-01 -2.6498900318e-02
1.7738927890e-02 -6.2021711163e-02 -2.8192617463e-02
-1.5594943595e-02 -5.2039527234e-02 -1.6175077067e-02
-6.3929560242e-02 2.2186493883e-02 9.6817185997e-02
8.0240653268e-02 1.7942588662e-01 3.5211893577e-01
4.7670616278e-01 6.7288841694e-01 9.8364961672e-01
5.6097537784e-01 7.1121924519e-01 8.8318796285e-01
3.8801237299e-01 4.6212557810e-01 4.8141095827e-01
1.6939019061e-01 3.5129347466e-01 1.8590964488e-01
1.1219271822e-01 1.6255877831e-01 3.0508836699e-02
3.8466069754e-02 -1.6113498261e-01 6.1725366788e-02
-1.0268913486e-01 -8.1902504301e-01 2.4053242705e-01
-2.2586337838e-01 -1.3250643642e+00 5.4688800859e-01
-1.9221037976e-01 -1.2543649345e+00 6.4694337340e-01
-9.8994521313e-02 -8.2456692062e-01 8.9052409232e-02
-3.5038309549e-02 -1.8102723904e-01 -8.6239161693e-02
1.2441306135e-02 -5.3502580098e-02 -2.2476808102e-02
-1.4755487038e-02 -4.5827032557e-02 -7.5631793304e-03
-5.7195860376e-02 1.8098139366e-02 1.2265820819e-01
7.5502399289e-02 3.1379432890e-01 4.7625683553e-01
2.0720061599e-01 7.0999887957e-01 8.8886476196e-01
1.5193520267e-01 4.8699166311e-01 5.6826124080e-01
6.3868034710e-02 2.4385925469e-01 2.6776818058e-01
-7.9389041870e-03 2.6197944604e-01 9.7890304756e-02
4.0430993167e-02 3.4907235561e-02 2.2329524430e-02
7.7489879079e-02 -3.8880690862e-01 1.1937468593e-01
6.1514016373e-02 -1.1975489204e+00 2.7333223694e-01
-3.8147426143e-02 -1.6751094856e+00 5.6238643698e-01
-4.9340588678e-02 -1.6756569087e+00 7.1515469358e-01
2.7038556335e-02 -9.2413339582e-01 -1.9823353942e-01
-5.6977247140e-02 -1.4251757530e-01 -2.1562465607e-01
-2.2880952412e-02 -3.9319778906e-02 -5.1928947274e-02
-3.2898568744e-02 -3.9709961783e-02 -1.8934901749e-02
-7.2519205228e-02 6.0557486644e-03 1.1378378671e-01
-7.8735418758e-02 2.4657911729e-01 2.8533094654e-01
-1.4516360337e-01 5.7989773236e-01 6.1806167680e-01
-1.4493581283e-01 3.1044187232e-01 2.5522264129e-01
-8.9468751344e-02 -1.0168733809e-01 2.3541712262e-02
-1.3837397880e-01 -7.8564443205e-02 -3.2941325985e-02
-1.8932309720e-01 8.4410480402e-02 4.2976179319e-02
-9.9177564776e-02 -1.8075298976e-01 7.4316778241e-02
9.6959420508e-02 -1.1033778202e+00 1.6135814516e-01
1.7892496611e-01 -1.4246005881e+00 4.2489529330e-01
3.1869088446e-01 -1.2432474686e+00 8.2556614346e-01
2.9249057286e-01 -5.8444988097e-01 1.1531746433e-01
-3.5866410812e-02 -9.6324634366e-02 -8.7231379349e-02
-2.4725642490e-02 -6.6730802892e-02 -2.5588922164e-02
-2.6636106857e-02 -7.4175554698e-02 3.3002027780e-03
-7.3807147561e-02 -2.9062787847e-02 5.3097789443e-02
-1.4335793927e-01 1.4996791049e-01 1.6920412451e-01
-4.0369942291e-01 6.3962380353e-01 5.3380981661e-01
-2.6980505207e-01 5.2224292316e-01 3.7319720066e-01
2.0895523991e-01 7.5458429349e-02 1.6949014688e-01
3.0337736415e-01 -1.3875263624e-01 2.9521596718e-02
-2.8903536696e-01 1.9266076562e-01 8.9222328377e-02
-6.2150119139e-01 3.3641516547e-01 1.2521097427e-01
2.2574929815e-02 -3.7826320123e-01 1.0634807214e-01
2.3463356660e-01 -5.9040245784e-01 1.4518249083e-01
6.7564417318e-01 -2.7818039808e-01 3.4783962111e-01
7.8562476564e-01 -1.8373730587e-01 -5.5180636760e-02
-1.6266960781e-02 -8.8779558507e-02 -7.1612112867e-02
-4.8447169325e-02 -7.4923695493e-02 4.2699028786e-03
-4.3509162892e-02 -5.6317805583e-02 8.2615901594e-03
-6.3359804639e-02 -2.8392996016e-02 4.4135486683e-02
-1.2968924523e-01 6.0134891917e-02 6.1775776090e-02
-3.3378490290e-01 3.8041078445e-01 2.9799017644e-01
1.5614538830e-01 6.9511644709e-01 7.3440356453e-01
1.3006167318e+00 8.4112176699e-01 1.0158173766e+00
1.4015170154e+00 -2.3626885626e-01 1.0087884402e-01
7.2566263104e-01 -9.0622487170e-01 -4.2307258527e-01
-1.1560328741e-01 -4.3258417211e-01 -7.7005403287e-02
4.6407220915e-02 -3.5851264141e-01 1.4222514566e-01
4.8448051759e-01 -1.3718529753e-01 -3.8541840393e-01
1.1271578605e+00 4.6838417185e-01 -7.0116937564e-01
1.7862295219e+00 4.4828887975e-01 -6.7673619268e-01
2.5249902996e-01 -1.1476340014e-01 -2.8242000754e-01
-2.1762519720e-02 -1.0540694529e-01 -1.6289851652e-02
-1.6761463340e-02 -7.5945431431e-02 1.9691838384e-02
-2.5364755130e-02 -4.6423447171e-02 5.0871787652e-02
-1.1218235129e-02 -4.1708558220e-02 4.4500520965e-02
-9.1139869674e-02 4.6779979578e-02 1.3222567125e-01
-1.3200584958e-01 5.2832347056e-01 7.4468932373e-01
-2.0713712268e-01 1.1426418831e+00 1.1310462216e+00
-3.2148465557e-01 5.4119999761e-01 6.1906017166e-01
3.9312394037e-03 -3.2477278767e-01 3.9057688138e-02
8.4046622437e-02 -4.1414232646e-01 -6.7521014647e-02
-1.5314713101e-01 -2.4283408981e-01 1.0636054130e-01
-7.4455865182e-03 1.7501907590e-01 -6.4776673032e-01
-1.7815415850e-01 2.0762170340e-02 -4.4817795422e-01
6.4945733582e-01 5.2864879542e-01 2.5355857338e-01
1.1129265404e-01 -1.5538768143e-01 3.7110178427e-02
6.1786151374e-03 -9.6974622071e-02 -2.4802993642e-02
-5.7626132448e-03 -4.4483697983e-02 5.9447003427e-03
-1.4499504391e-02 -5.4451452793e-02 5.9818739775e-02
1.2540752186e-02 -6.7138766839e-02 2.6037934822e-02
-3.4682904983e-02 -5.9486152406e-02 3.3980884289e-02
-3.2251849614e-01 -6.0429016264e-03 1.2643822707e-01
-9.2199891280e-01 7.6575853229e-04 3.1966245500e-01
-1.2696246124e+00 6.6234540903e-02 7.4815448049e-01
-1.2748287602e+00 3.9758274302e-01 7.8601243245e-01
-6.6989963481e-01 1.0109006598e-01 2.6839148007e-01
-3.3751447685e-01 -3.5313295261e-02 9.2675338096e-02
-2.5068190311e-01 -1.3738957195e-01 -2.3360578444e-01
-3.4591069975e-01 -1.7583648350e-01 1.2710336875e-02
-1.4567036037e-01 4.9291612835e-01 3.0479612933e-01
-4.9174013340e-02 -1.1909255992e-01 -2.5453585849e-02
2.4827785223e-02 -9.6495629365e-02 -6.6074709468e-02
-1.4234372030e-03 -4.7963791657e-02 1.0098005605e-02
-2.7931429673e-02 -5.2851951160e-02 6.0909590070e-02
-8.3471304951e-03 -6.6073206221e-02 4.4906772266e-02
-2.0194986584e-02 -5.6704912499e-02 5.7682128547e-02
-8.3323350167e-02 -4.6734577444e-02 3.4091422066e-02
-1.6875848203e-01 -1.5483569145e-01 7.3233347404e-02
-3.7904286498e-01 -4.2328643310e-01 1.1525054258e-01
-9.1965832975e-01 -5.8658735924e-01 2.2027202531e-01
-1.0954119475e+00 -4.5328385995e-01 3.0260319992e-01
-8.6342663538e-01 4.0034157996e-02 2.8826373511e-01
-5.2779680037e-01 1.2732769103e-01 1.4859677170e-01
-9.4602272703e-02 -2.2443696557e-01 -2.9885965150e-02
-6.5696165779e-02 1.7641724298e-01 -7.7138884604e-02
3.7392270591e-02 -1.7079391847e-01 -1.1579387608e-01
3.9134122842e-02 -8.2938142829e-02 -2.9333113052e-02
-6.8802516398e-03 -4.3850788873e-02 3.5694219065e-02
-5.0380296279e-02 -3.8749902597e-02 7.4196531229e-02
-4.4796655402e-02 -3.9892992792e-02 5.6205177249e-02
-6.4001999239e-02 -3.0382014174e-02 6.6257307636e-02
-7.6441816648e-02 1.3098591251e-02 9.5530623860e-02
-7.2784270296e-02 2.9330424939e-02 1.4091263011e-01
-1.4934573791e-01 8.6164653251e-02 1.3528099302e-01
-3.8485753100e-01 1.2055809761e-01 3.1094201460e-01
-6.7506559658e-01 -3.3639667756e-01 4.6373732822e-01
-7.1204016978e-01 -6.6911291742e-03 5.1567865604e-01
-5.3872069716e-01 4.4283885044e-01 5.6232927977e-01
-1.2570822503e-02 -1.9012563543e-02 5.2146314292e-02
-1.0651017287e-01 4.6211963541e-01 8.4607446887e-02
7.0950468183e-02 -6.9020258495e-02 -2.8779399582e-02
3.7817900673e-02 -5.7439255620e-02 -3.0459528278e-02
-2.2382143279e-02 -9.3635125929e-03 2.9372696062e-02
-5.8384865482e-02 -3.8207699521e-02 4.6572192599e-02
-4.9464489203e-02 -4.0949227781e-02 3.2327913213e-02
-7.0065261842e-02 -2.5989178862e-02 5.9776688130e-02
-8.5337826009e-02 9.7720743239e-04 7.3880284592e-02
-6.2355984722e-02 4.7459554891e-03 1.0898366746e-01
-4.6544830311e-02 4.2600561859e-02 1.0260226258e-01
-5.2271606379e-02 4.9855304541e-02 1.4068514692e-01
-1.5260912402e-01 -1.8129259531e-02 2.9027482374e-01
-8.1072729449e-02 3.2795904553e-02 7.5783890056e-01
-5.2475783374e-01 1.0110433653e+00 9.0827691882e-01
-2.2967937463e-01 7.4566938334e-01 2.2750503520e-01
-6.4452766576e-01 1.2978030414e+00 -1.0923602466e-01
-9.0526446444e-02 2.3733261460e-01 -1.0657278082e-01
6.4861951379e-02 -6.0440830423e-02 -1.8696282104e-02
-1.9867120061e-02 -2.0265675638e-02 4.2547382231e-02
-5.4245364494e-02 -4.8112071954e-02 4.3073706861e-02
-3.9693139021e-02 -6.2849170876e-02 1.2472905879e-02
-6.7562263059e-02 -4.1722344267e-02 3.2421930586e-02
-8.6145180715e-02 -3.6159287538e-02 1.6640464094e-02
-6.3324757899e-02 -2.9363325023e-02 3.8115791722e-02
-5.9747006658e-02 9.5022367265e-03 5.2673894912e-02
-4.5426550225e-02 2.3581281511e-02 6.8886089660e-02
-1.1186088226e-01 7.8331739841e-02 1.9018777423e-01
-2.4887233053e-01 3.8628955350e-01 5.3857444098e-01
-6.9785837373e-01 1.1507103058e+00 6.6939477676e-01
-5.7054077318e-01 9.6936143107e-01 2.4482678371e-01
-8.6578189055e-01 1.0381626965e+00 -3.7391381356e-01
-2.8184881479e-01 2.6898195295e-01 -2.6355621945e-01
1.3642830939e-02 -2.2811604019e-02 -1.8414407306e-02
-3.2853709741e-02 -9.0003381391e-03 3.1185349261e-02
-5.4091272353e-02 -6.8139917435e-02 2.9252463847e-02
-3.9748542048e-02 -8.6070958969e-02 -1.5212354640e-02
-6.4249931131e-02 -7.5683339038e-02 1.9775479416e-02
-8.4348913993e-02 -6.0622663139e-02 1.4632298235e-03
-7.5726302297e-02 -6.4486662108e-02 1.0981474017e-02
-5.7367925527e-02 -4.1992861403e-02 3.7505985999e-03
-4.3910267266e-02 -3.9488748400e-02 2.8555925998e-02
-7.7996657365e-02 -8.1366515284e-03 7.8581745626e-02
-1.7552294105e-01 1.1118209875e-01 1.8902596975e-01
-3.5261647455e-01 3.6653398509e-01 1.6065665093e-01
-3.1391369992e-01 3.1066398604e-01 4.2429662901e-03
-2.2986473951e-01 1.6793457047e-01 -1.0074915151e-01
-6.8441639218e-02 -1.1485102214e-02 -3.6238489479e-02
1.6791975419e-02 -5.5635562005e-02 1.6238345786e-02
-1.6015837472e-02 -5.4495840829e-02 4.2422980831e-02
9.5978229707e-03 2.7277337927e-02 4.5803712282e-02
2.1406989636e-02 1.5790036447e-02 6.7455264191e-02
5.0951238316e-02 1.3453870325e-02 7.5265245069e-02
1.3309125724e-01 -1.4505260815e-02 9.8179440489e-02
3.9237544060e-01 -2.2946652831e-02 2.6279228265e-01
9.7138385692e-01 1.8794953394e-01 5.4222914595e-01
1.5765352889e+00 4.6766516729e-01 6.9983547476e-01
1.6185595994e+00 6.0643497175e-01 5.5435385869e-01
1.9164429244e+00 7.5353967414e-01 2.9698775063e-01
2.1994515812e+00 8.1747291057e-01 -4.4429992067e-01
1.3710598560e+00 4.8414430186e-01 -8.0453550234e-01
2.4062477712e-01 -2.3134313191e-02 -1.9327731827e-01
-1.1502746865e-02 -1.2663563576e-01 -1.8480881826e-02
2.1484791518e-02 -9.3920113555e-02 6.2340777524e-03
-1.5822624566e-02 -6.3096181034e-02 -2.2701550160e-02
5.4625896629e-03 4.0567743209e-02 5.6033373295e-02
-3.2273937939e-03 9.3754410363e-03 7.2098453418e-02
7.0004297974e-02 3.5797511289e-03 1.4469748048e-01
3.3481933936e-01 6.4553825513e-02 3.4405761390e-01
9.1440775612e-01 2.2938864362e-01 7.4433459984e-01
1.1101665023e+00 3.7848641336e-01 7.8046867405e-01
9.1856906308e-01 3.0003150782e-01 4.7915811488e-01
5.5315887389e-01 1.5569914879e-01 2.0288115805e-01
1.3563434465e-01 2.0811882783e-02 1.4735094946e-01
2.8129488149e-01 1.2035448921e-01 -2.2503012081e-02
6.4110696563e-01 3.2811183443e-01 -4.0056057594e-01
3.7003927437e-01 1.2971238638e-01 -2.7751405758e-01
4.2742141509e-02 -9.8676176257e-02 -7.7870145414e-02
3.6855211907e-02 -8.9663611809e-02 -2.8408621761e-02
-4.0820361431e-03 -6.6387259103e-02 -2.3536662981e-02
-1.7068233790e-02 4.4875146683e-02 6.0251626493e-02
6.5612709825e-03 2.4035063535e-02 1.3353493865e-01
2.4583290621e-01 6.5475775777e-02 3.6819751300e-01
8.2346994604e-01 2.6286297395e-01 8.2841701162e-01
8.6467104958e-01 2.5948267192e-01 7.5516505244e-01
4.6567650710e-01 1.4468554458e-01 3.6427515221e-01
3.1819878394e-01 8.3235368181e-02 1.1830309928e-01
3.4464899396e-01 1.1969325511e-01 6.1142942294e-02
7.9730524308e-02 -6.1763007604e-02 8.6186753095e-02
5.3913149331e-02 -4.2779616291e-02 2.2166739751e-01
3.4903553865e-01 1.8988185391e-01 2.4840011728e-01
2.4434969851e-01 7.2682145927e-02 8.1450185483e-02
-7.9178234178e-04 -8.1702710706e-02 -4.7680012747e-02
3.0165443182e-02 -6.2369235392e-02 -3.2714394645e-02
-1.6886799440e-02 -4.6408409363e-02 -3.2755654261e-02
-3.8297291177e-02 8.1891224062e-02 1.3912389489e-01
1.1788969622e-01 1.2173111414e-01 3.7971079327e-01
5.6575474584e-01 2.9199408576e-01 8.3819883660e-01
6.1351738727e-01 2.4561937522e-01 7.0508487790e-01
2.9632319933e-01 7.0938862124e-02 3.1238618577e-01
1.9546266658e-01 3.9825777096e-02 1.6407388493e-01
1.7979578041e-01 6.0360464339e-02 9.7281565502e-02
1.6123329535e-01 4.1071063945e-02 8.8345187149e-02
-3.7539323821e-02 -1.9881960368e-01 1.1960423489e-01
-1.3934662833e-01 -3.9039197509e-01 3.1615466676e-01
-1.8717374887e-01 -4.7938909881e-01 6.5857600591e-01
-1.6921856176e-01 -4.3925554288e-01 3.9105837908e-01
-5.6224186306e-02 -1.3761758515e-01 -1.6554865427e-02
3.2980722813e-02 -5.8300488283e-02 -4.8042528670e-02
-1.3348352091e-02 -3.9697924831e-02 -4.1669818909e-02
-1.9769016629e-02 9.2445453507e-02 2.1404512936e-01
2.9236847536e-01 2.8432419033e-01 7.2023404808e-01
4.5795461305e-01 3.6311592730e-01 8.5996652995e-01
2.5290932832e-01 1.4304505637e-01 4.3186006814e-01
1.9489874771e-01 5.1416561642e-02 2.4091370876e-01
1.2633939366e-01 1.0435156137e-02 1.3103046471e-01
9.9295248720e-02 -8.8303746229e-02 8.1351380176e-02
7.8802886732e-02 -1.0604764423e-01 1.2422155238e-01
1.7077728041e-02 -2.5128882115e-01 1.4366117829e-01
-8.7694809381e-02 -5.9915778951e-01 3.5300785313e-01
-2.1161302253e-01 -1.1536571845e+00 6.0639772596e-01
-1.4199566944e-01 -8.8835207430e-01 7.0700073301e-02
-2.7333583282e-02 -1.8817188638e-01 -1.0068020341e-01
1.8903296656e-02 -5.6902923791e-02 -3.6795824953e-02
-2.3916530184e-02 -3.8113440856e-02 -2.9696424881e-02
3.4434685658e-02 1.4051412454e-01 4.1288012999e-01
2.8464064207e-01 4.4109783746e-01 8.9599740773e-01
1.5069325138e-01 3.2090010748e-01 5.9642903956e-01
7.8708651317e-02 1.2003426756e-01 3.0607055536e-01
1.1125031682e-01 -3.9029448738e-02 1.9674183576e-01
8.2045724895e-02 -6.3014684241e-02 8.7174119155e-02
8.6583884602e-02 -1.2551429275e-01 5.5369907694e-02
9.9418953804e-02 -1.2406551270e-01 1.2595044366e-01
1.0192510201e-01 -2.6155718707e-01 1.6492981490e-01
3.9122432224e-02 -5.7283248913e-01 3.1995153161e-01
6.1778780679e-02 -1.3627691857e+00 6.0576699362e-01
1.1193392173e-01 -9.7046852909e-01 -1.2992378890e-01
-1.6026204927e-02 -1.3727587697e-01 -1.8988974334e-01
-1.3320081484e-02 -3.9969915754e-02 -6.5159159063e-02
-4.2889608053e-02 -3.4444577176e-02 -3.8731273869e-02
1.1789824362e-02 1.8683332156e-01 4.4828558803e-01
5.0693137014e-02 4.0454695011e-01 6.1409929235e-01
-4.5599439333e-02 3.1771504977e-01 4.1615846222e-01
-3.3873225109e-02 2.1722973163e-02 1.0299412982e-01
1.2440378880e-02 -1.9764871430e-01 2.2922788806e-02
-1.5672050674e-02 -1.0584476107e-01 3.1630451460e-02
-2.9578059710e-02 -1.2506824449e-02 6.8286339431e-02
-2.3836865496e-02 -1.7331812748e-02 6.6542566653e-02
6.6095691296e-02 -2.1000876069e-01 8.1491617473e-02
8.8968442485e-02 -4.0260713957e-01 2.7466464097e-01
2.4574932057e-01 -9.3248425506e-01 8.7427783098e-01
2.7982601708e-01 -6.6354068770e-01 3.6702469472e-01
-6.6452281144e-02 -4.4247544957e-02 -1.0927466086e-01
-1.1189041600e-02 1.1269391355e-03 -7.4506008772e-02
-3.8834310258e-02 -5.1628049477e-02 -1.2106021548e-02
-5.2723051052e-02 1.0561699545e-01 2.2660770634e-01
-6.4494658386e-02 3.2653238134e-01 2.8908919197e-01
-8.1105014489e-02 3.8329479707e-01 3.3375838341e-01
-2.2442059604e-02 1.0923478857e-01 9.4902650279e-02
-1.6919321495e-01 8.3526177660e-02 1.0367911088e-02
-1.7875536070e-01 1.1944915081e-01 2.6570016408e-02
-1.5225048442e-01 2.2880584231e-01 1.5404185127e-01
-5.9073978255e-01 3.3702554820e-01 1.7673897229e-01
-3.3222067298e-01 3.9314069999e-02 9.4740528040e-02
-8.7089011419e-02 -6.3733528449e-02 1.2999532418e-01
8.8604140817e-02 -2.8207114107e-01 5.1409869160e-01
5.6473847570e-01 -1.0892494625e-01 3.4408697090e-02
-7.8035620429e-02 1.8809117751e-01 -3.2751538279e-01
-7.0614601624e-02 2.0811719273e-02 -7.6114981527e-02
-4.7003056476e-02 -3.9201022518e-02 -1.0241369980e-02
-1.6941968292e-01 1.2084720460e-01 1.9153197828e-01
-4.5106280493e-01 3.9792814905e-01 3.4204361161e-01
-3.5450077976e-01 4.5187521746e-01 3.6590071736e-01
4.2196919609e-01 3.6647446412e-01 4.1468107067e-01
9.1919798849e-01 2.7988759978e-02 1.4162929908e-01
8.0212788413e-01 -2.3898340477e-01 -1.0802039668e-01
6.9230218406e-01 -1.1279861810e-01 8.0807190282e-02
-1.6778285578e-01 1.5621653272e-01 1.6375872330e-01
-3.7988910079e-01 9.4487161705e-02 1.0028922202e-01
-1.0921829544e-01 3.3133491593e-02 -1.1103496267e-01
-3.4336507906e-01 -2.8109434968e-01 -2.8125746608e-01
7.9456596450e-01 -1.2480161025e-01 -4.1641633705e-01
3.0384458352e-01 1.3052656959e-01 -4.9152145496e-01
-2.4303630052e-03 -3.4530443726e-02 -7.9943568630e-02
-1.9110192608e-02 -5.3608420457e-02 1.3284388997e-03
-9.7079557847e-02 1.2918861241e-02 8.2418914888e-02
-4.2196993870e-01 1.2602178794e-01 1.4533434519e-01
-6.0972286189e-01 1.7743259707e-01 1.2020368366e-01
-7.9924800158e-02 3.3075601712e-01 3.6251605598e-01
3.4714984364e-01 3.0650777484e-01 9.2315113713e-02
2.6668755336e-01 2.3903001727e-01 1.7095307731e-01
4.0197328956e-01 7.6507421667e-02 2.7713425843e-01
4.5493830430e-01 6.1187203434e-02 1.6518346493e-01
2.3394046575e-01 8.4032556257e-02 1.3481601362e-01
4.0954352230e-02 1.7801163621e-01 -2.5580251846e-01
-3.5326486729e-01 -1.2707070370e-01 -2.2586370458e-01
4.0264819360e-01 -5.1421992197e-02 2.9169337089e-01
1.3704639291e-01 -6.8251816371e-02 4.8582030234e-04
2.0830211085e-02 -4.5878813378e-02 -3.3278842282e-02
-5.6846714435e-03 -2.2165102356e-02 -6.1888603353e-03
-3.3320224265e-02 -3.6042362168e-02 4.8220670910e-02
-8.8286739021e-02 -5.0243632776e-02 -2.5431975000e-03
-2.8849283863e-01 -1.4648347000e-01 -1.5364813322e-01
-3.3374357771e-01 -2.1411482705e-01 -2.1916221207e-01
-3.7545580581e-01 -9.8591092383e-02 -2.1634626968e-01
-4.0261625941e-01 1.4439096260e-02 2.0333899954e-01
-3.3971650069e-01 2.4707491263e-02 3.5445668682e-01
-2.0914834945e-01 6.9193437933e-03 1.8153243315e-01
-1.2851398964e-01 2.4819395358e-02 1.7884973110e-01
-8.1921764670e-02 8.8339584137e-02 5.6566817212e-02
-9.2901271850e-02 9.9069967654e-02 6.6634605688e-02
-1.7315133465e-02 5.9038775487e-02 1.7598581814e-01
-3.7653671303e-02 -8.6368067061e-02 -6.8235563701e-02
3.4518937229e-02 -3.9907265816e-02 -5.6575485972e-02
1.6234757916e-03 -1.9079570280e-02 -7.3415550903e-03
-4.3036583271e-02 -3.5799248857e-02 5.1961952183e-02
-2.4796707648e-02 -3.3077064775e-02 4.1405588214e-02
-1.0073576463e-01 -4.5313043821e-02 1.9131541523e-02
-6.2068533682e-02 -1.1258315081e-01 -1.2635487519e-01
7.0944961049e-02 -3.1627138901e-01 -1.6805081114e-01
-2.1625171297e-01 -4.7652125833e-01 -1.1347611359e-02
-5.1154067860e-01 -3.9142414055e-01 -3.8336994680e-02
-5.5220750716e-01 -3.4165512835e-01 1.1342583852e-01
-3.3280477462e-01 -1.5865825147e-01 2.0324683503e-01
-1.8747031424e-01 3.0692418467e-02 1.6780021818e-01
-4.2444610526e-02 -8.7259360046e-03 7.4056996925e-02
-3.1937149045e-03 -2.3244691583e-02 -1.5970480586e-02
5.2895465168e-02 -9.3450865893e-02 -7.7909626928e-02
3.3951806253e-02 -2.0465949915e-02 -3.2402021627e-02
-8.8002167282e-03 -6.0013880410e-03 1.6604187536e-02
-8.1210569210e-02 -5.2336858365e-03 8.2442949871e-02
-4.9302911320e-02 -5.7936348479e-03 8.6054732078e-02
-7.9393148195e-02 2.4223230413e-02 1.2956492937e-01
-6.1463178718e-02 6.4463298971e-02 1.0814798661e-01
-8.4762692500e-02 2.2788100706e-02 1.2491944765e-01
-1.7877461179e-01 -1.2147680437e-01 6.1211940782e-02
-1.3693863986e-01 -2.8020259118e-01 -2.0248417168e-01
-2.3496394334e-01 -3.7213376896e-01 2.2345777047e-01
-1.5449426585e-02 -3.7820746963e-01 3.1633902192e-01
-8.8280853408e-02 1.1947884394e-01 3.8989908534e-01
1.3393511884e-01 -2.8129460029e-02 2.2850559520e-01
7.6552520600e-02 1.5287412762e-01 2.8027344603e-01
1.0453546351e-01 6.2198935950e-03 3.0268210476e-02
7.9593879167e-02 -2.4124716079e-02 -5.7347644798e-02
-2.5399825612e-02 7.1297183681e-03 4.1385779298e-03
-9.5762708185e-02 1.8445299469e-03 5.6504455361e-02
-6.4254281909e-02 6.7736950759e-03 7.3854577478e-02
-7.6954785629e-02 1.8907743554e-02 1.2738376392e-01
-6.3961953767e-02 3.4999693231e-02 1.4107819463e-01
-4.1037639970e-02 3.7740460024e-02 1.7371007541e-01
-7.7961201771e-03 1.1253955219e-02 1.1763677091e-01
3.5458939582e-02 -8.0007444172e-02 6.6543339250e-02
1.3735835649e-01 -1.0586476808e-01 4.5976088141e-01
3.4215833451e-01 -2.0268456004e-01 6.5460917291e-01
-2.7590573426e-01 5.1963110728e-01 5.7216792508e-01
2.1576755615e-01 4.4895413377e-02 4.7002343343e-01
-5.2108450946e-01 5.4880500102e-01 5.6677556605e-01
-3.2369894583e-01 2.7406642217e-01 9.1189938368e-02
1.0245665186e-01 -3.4800246193e-02 -4.7387971033e-02
-2.8443921826e-02 -9.1467490313e-03 2.1655869457e-02
-8.8548543974e-02 -2.0883130288e-02 6.1783538785e-02
-5.6040676422e-02 -3.0048240483e-02 5.8287233138e-02
-8.0804029266e-02 -2.5121750611e-02 8.8468234749e-02
-7.5839328511e-02 -9.4931020880e-03 1.1659909712e-01
-5.3718949158e-02 -2.3684646471e-03 1.3904318336e-01
-4.3298981702e-02 2.1909242548e-02 1.3822142412e-01
-6.9911678577e-02 5.2910914806e-02 1.7869764985e-01
-8.6182372423e-02 2.2109189804e-01 5.9666992743e-01
-2.1160064374e-01 6.1598776541e-01 1.1459264409e+00
-1.0864251820e+00 1.3090928425e+00 6.1794174393e-01
-5.8952694382e-01 7.6232484165e-01 3.3184326853e-01
-1.4557732929e+00 9.0470699099e-01 -2.0647670197e-01
-9.3825298683e-01 4.6455482136e-01 -5.0850007826e-01
5.9460125998e-03 6.5395631084e-03 -8.4623909575e-02
-4.2017367929e-02 8.6457387182e-04 1.0939686860e-02
-7.5717484014e-02 -4.5705079585e-02 6.3763039761e-02
-5.2326101351e-02 -6.9734246992e-02 2.9917112619e-02
-7.4556373657e-02 -6.2475531527e-02 8.2710006672e-02
-8.8272989404e-02 -3.7223947429e-02 5.4855078319e-02
-7.3609251286e-02 -4.6919627285e-02 7.8600862616e-02
-4.7335113221e-02 -2.7777727331e-02 5.6740959224e-02
-6.1515498829e-02 -1.3755875466e-02 9.1347483287e-02
-1.8763457048e-01 1.3501641648e-01 2.9082499924e-01
-5.3910553335e-01 5.9321374965e-01 7.4428569102e-01
-1.2287394393e+00 1.1885100604e+00 4.5682487195e-01
-1.0029651700e+00 8.9798095544e-01 -3.7918607396e-02
-8.1549571178e-01 4.6200463355e-01 -3.2169277170e-01
-3.9315985373e-01 1.2508558205e-01 -2.8852170970e-01
-2.7214369729e-03 -2.4085998803e-02 -2.3659751720e-02
-3.5106652352e-02 -3.3298935380e-02 2.6717948526e-02
5.3051489037e-02 3.4656037073e-02 4.3337557600e-02
7.5462838835e-02 9.1912658459e-03 7.7119670892e-02
9.7137975588e-02 2.8900233136e-03 1.0122448840e-01
2.1598604712e-01 -4.5296910860e-02 1.5079445367e-01
5.4871765905e-01 -7.0498917526e-02 3.7217850964e-01
1.3491637995e+00 1.7143832088e-02 7.6508506501e-01
1.9037299009e+00 1.3464578101e-01 8.8020539713e-01
2.0014923680e+00 1.7902293612e-01 7.0249010515e-01
2.3139219374e+00 1.6858527642e-01 2.9318693043e-01
2.5000684968e+00 1.5880826290e-01 -5.6664798081e-01
1.7096770320e+00 1.0161003832e-01 -9.0586176801e-01
4.0427553650e-01 -8.2209360511e-02 -2.5130124580e-01
4.3094158324e-02 -1.4809157205e-01 -4.3829959225e-02
2.9345098890e-02 -1.2579463728e-01 -1.6343912942e-03
8.3583201574e-03 -7.6960927674e-02 -1.8884140385e-02
4.2238119747e-02 4.6955573809e-02 5.1531868443e-02
5.2505037854e-02 1.9663824176e-02 8.8425624193e-02
1.1415552837e-01 -1.6079392436e-03 1.6058450553e-01
4.3755720678e-01 -1.5094570798e-02 4.2987644198e-01
9.9014947263e-01 3.5752897517e-02 8.2703729569e-01
1.0826096204e+00 6.6766419759e-02 7.6021263931e-01
7.3985756749e-01 2.6843309049e-02 3.7485700940e-01
3.0783662567e-01 -6.0204043537e-03 1.1843057848e-01
-2.1100350512e-01 -6.7859438812e-02 1.2782349933e-01
-3.9361048706e-02 -5.1469457721e-02 1.2906636181e-01
5.1684924859e-01 9.0535696884e-02 -1.9462158994e-02
7.8273585944e-01 1.1034198222e-01 -2.9429252046e-01
1.8908709819e-01 -6.8628154427e-02 -1.6855704111e-01
4.4823144437e-02 -8.5551403271e-02 -3.2312398755e-02
2.2214888759e-02 -6.7597783551e-02 -2.0696491011e-02
3.3864510797e-02 5.5652966487e-02 6.6335349149e-02
8.9216664016e-02 2.1000601696e-02 1.6046552314e-01
3.2486098451e-01 1.9089214971e-02 4.1083864946e-01
7.2336353664e-01 8.6322232834e-03 7.0601018601e-01
5.2884313176e-01 -4.8132126206e-02 4.9297341146e-01
4.0196716915e-01 -4.9537241992e-02 2.8170858081e-01
3.2245270600e-01 -5.1350450131e-02 1.5108817628e-01
3.0392073729e-01 -2.4715794771e-02 1.1877099033e-01
1.1661640256e-01 -5.0683877105e-02 1.1300738065e-01
1.3870578880e-01 4.1318948570e-03 1.8036962691e-01
6.7060554549e-01 1.3986300009e-01 2.9728496860e-01
8.0455754460e-01 1.4389072619e-01 7.0976341837e-02
1.2462379278e-01 -2.1994533400e-02 -9.6595849411e-02
1.9637036033e-02 -6.1134287543e-02 -2.6282851219e-02
1.1398909588e-02 -4.4521387914e-02 -2.3189797318e-02
3.5649725974e-02 7.6394420784e-02 1.4750616574e-01
2.0695724563e-01 4.9889192173e-02 3.7163173761e-01
4.9876842540e-01 7.6778525788e-02 6.3583610719e-01
3.1592925680e-01 -5.7055646717e-02 3.3256632923e-01
7.1446389985e-02 -1.3435452765e-01 7.3366620789e-02
1.5709805811e-01 -9.2909210263e-02 1.2428383126e-01
1.4411053699e-01 -8.9540648454e-02 1.2199607239e-01
1.6075877123e-01 -1.1201060863e-01 1.3649755271e-01
1.4234167399e-01 -9.5524662512e-02 1.1775615354e-01
1.4889779291e-01 -3.5741195087e-02 1.2961220136e-01
2.0451423041e-01 -2.0302470253e-02 2.3463434234e-01
1.3898563995e-01 -7.0044043197e-02 1.7309249235e-01
-9.0847963335e-03 -7.9627979902e-02 -3.8821868823e-02
2.9250026009e-02 -6.5087298718e-02 -3.4278743943e-02
1.6030938309e-02 -4.8475789175e-02 -3.0146984150e-02
5.9234937536e-02 7.2818281184e-02 2.6381987709e-01
3.0078511239e-01 1.0944432533e-01 5.7011965242e-01
1.5054628326e-01 3.1752534006e-02 3.1030034138e-01
6.0063748631e-03 -1.1541932450e-01 7.9441511998e-03
7.8860736975e-02 -1.2364699631e-01 7.0502979323e-02
8.9924537742e-02 -8.1518404416e-02 9.0656887072e-02
1.1585089961e-01 -1.1129571686e-01 1.0473378108e-01
1.1319628579e-01 -1.1470240802e-01 1.3870909835e-01
1.2653992511e-01 -1.1779360874e-01 1.2235592904e-01
9.9518544208e-02 -8.7324310948e-02 1.0231170876e-01
4.5168465444e-02 -1.5907530471e-01 1.0996097950e-01
6.2147779666e-02 -1.1187986414e-01 1.2696758565e-02
9.1880031103e-02 7.3532656070e-03 -6.9995349556e-02
5.5496404371e-02 -9.7764265122e-03 -4.7267898323e-02
-4.4186513970e-04 -4.2577681321e-02 -2.8033368628e-02
1.9898687095e-01 1.2867988855e-01 5.7227481779e-01
2.5132945502e-01 1.5487634934e-01 5.5178883505e-01
-1.0472043781e-01 -4.0518156860e-02 -5.2541996683e-02
2.8250739108e-03 -1.4654047077e-01 3.1626104401e-02
1.2798762949e-01 -1.6513905753e-01 1.3160943033e-01
9.6356177340e-02 -1.2273134011e-01 8.8445475062e-02
8.5027352931e-02 -1.2855327142e-01 8.4529051112e-02
8.5031405784e-02 -1.2562115295e-01 1.3066944224e-01
9.4086490376e-02 -1.1175353246e-01 1.1002548791e-01
8.5286250972e-02 -8.3160726878e-02 7.4816247662e-02
5.9389716375e-02 -1.7910669084e-01 7.4459537772e-02
1.8137256408e-01 7.2045376034e-03 6.5709786750e-03
3.0971874282e-01 4.4785676308e-01 -1.7005994123e-01
1.9730249525e-01 2.9376045461e-01 -1.9211594546e-01
-1.6577022062e-03 -6.1301199451e-03 -5.9855242462e-02
1.8619251664e-01 2.4013809990e-01 7.0747917978e-01
7.8276764207e-02 2.4456502859e-01 2.8319134809e-01
-5.7558895210e-02 2.0389913611e-02 -8.9616136203e-02
3.5291365907e-02 -1.2135302360e-01 2.5073180603e-02
7.5547548491e-02 -1.6715293263e-01 6.9178917316e-02
4.0688032620e-02 -9.3406530795e-02 3.8000462654e-02
1.1100965984e-01 -8.3823567773e-02 5.3611817082e-02
1.6823910295e-01 -3.2662006004e-02 7.1804261028e-02
1.0272331817e-01 -1.5247225783e-02 3.1706286081e-02
7.7590255815e-02 -3.0769158503e-02 4.1245874073e-02
9.0045419766e-02 -2.2436354223e-01 2.3457452545e-01
-6.4620288158e-02 -3.5188624912e-01 1.3201048393e-01
-6.5231329222e-02 3.4293750049e-01 -2.3789998232e-01
1.7899029636e-01 5.0560886220e-01 -2.8176758029e-01
1.1505164731e-02 3.0860366702e-02 -4.3268614652e-02
-6.7149873852e-02 3.0957004956e-01 6.3573570524e-01
-1.2125500900e-02 3.5660936532e-01 3.3762636003e-01
3.9905722196e-01 -9.6536736330e-02 -5.5134902666e-02
3.3980445520e-01 -2.0782014313e-01 -4.4539843087e-02
-1.6630110051e-01 3.2493842454e-02 2.6170807377e-02
-8.1742415642e-02 2.4867184354e-02 5.1584538714e-02
6.5121411389e-01 -5.6259406131e-02 1.4971278339e-01
4.4548639339e-01 1.1870867633e-01 1.6160416315e-01
-2.8227649157e-01 -1.6032880256e-02 4.8983471463e-02
-5.4801376211e-02 -8.7403422762e-02 1.3041609701e-01
3.0898636053e-01 -2.8773616953e-01 3.5054853397e-01
5.2261272714e-01 -2.2386724427e-01 -1.8722353405e-01
-3.5069017906e-01 4.7823226331e-01 -6.2937783475e-01
-1.5282977464e-01 4.1567442621e-01 -2.6387292641e-01
-1.8619896149e-02 8.0714404512e-03 -5.5563421849e-04
-4.9196440667e-01 3.8862894578e-01 7.0598914582e-01
-8.2367696940e-01 6.0156218207e-01 7.5838464123e-01
-8.0531004464e-02 5.7681028759e-02 1.5738970150e-01
3.3850995469e-01 -6.1127674802e-02 5.3218077798e-02
-1.1610728170e-01 9.4322109337e-02 6.4446277681e-03
-6.7621342136e-02 8.3908529174e-04 -1.1544271819e-02
6.4999715228e-01 -1.4370134736e-01 1.1380206407e-01
1.9923847117e-01 -4.5709072588e-02 1.3919774151e-01
-5.6461626420e-01 -1.4942602320e-01 9.1039452777e-02
-9.2150779582e-02 -1.4069134653e-01 2.0613167302e-01
-3.2239527917e-01 -3.5484005082e-01 -1.0214100890e-01
6.0513226436e-01 -1.0600495157e-01 -5.5030029945e-01
1.8165888936e-01 3.5024505334e-01 -4.5558286009e-01
-1.4016360912e-01 1.2042583241e-01 -1.5708487995e-01
-8.1017504344e-03 -3.9211068278e-02 -8.5604413058e-03
-2.7025741636e-01 8.4969806060e-02 1.9264826561e-01
-9.8333375595e-01 3.6051283271e-01 3.2626491745e-01
-1.2891686540e+00 1.5004955768e-01 -1.4564068947e-01
-5.3278722665e-01 -5.7943941565e-03 -3.2845747674e-01
1.3067016558e-01 5.7075574816e-02 -8.7652616393e-02
2.3431473483e-01 8.0780968624e-04 4.6400058418e-02
1.6663526969e-01 -7.8464583477e-02 1.3609916843e-01
4.6911457676e-02 -9.8500568694e-02 1.2055602551e-01
4.9564434765e-02 -7.3424822699e-02 1.5075731377e-01
1.6037258192e-01 -3.0040776461e-02 1.9974301138e-01
-3.4422939407e-01 -2.1227215113e-01 4.1299652886e-03
2.7044055449e-01 -1.9533376155e-01 6.6753989585e-02
1.6704596875e-01 -6.9704073299e-02 1.2261885088e-02
-8.3194783344e-03 -4.4228163414e-02 -5.6875271479e-02
-2.6910755190e-05 -2.3970341759e-02 -1.8361045199e-02
-5.9254125580e-02 -3.6298346066e-02 1.3883461602e-02
-3.1377586306e-01 -1.8582158634e-02 -9.5175016626e-03
-4.4834013904e-01 -5.5479222208e-01 -7.1790128336e-01
-1.0931667729e-02 -8.0388761053e-01 -1.0146759310e+00
1.7416477343e-01 -1.2685047626e-01 -5.2591921331e-01
5.4982193946e-02 -3.3575756959e-02 -1.0215075214e-01
-8.1068407567e-02 -3.2904807595e-02 1.0171515612e-01
-1.1522334789e-01 -2.8889604639e-02 1.3479869465e-01
-9.8071779579e-02 -1.3831542826e-02 1.3218710704e-01
-6.1998692587e-02 -5.9437030262e-03 1.0440407729e-01
-1.1259004048e-01 -1.4451448600e-02 1.4891668605e-02
-6.7320601124e-02 -5.7890537834e-02 -8.7939978377e-03
-5.3204050179e-02 -4.9638605669e-02 -8.4359349422e-02
3.1205114438e-02 -3.5833009471e-02 -6.6419099365e-02
1.5262228676e-02 -1.6608394964e-02 -1.6018009223e-02
-4.1667716019e-02 -2.5194802680e-02 3.5835546597e-02
-9.9533845786e-02 -3.1842445219e-02 7.0165290873e-03
-2.0758252252e-01 -2.5159727648e-01 -1.1830643219e-01
1.3503659441e-01 -5.9020851387e-01 -3.5063445957e-01
5.2302153118e-01 -5.6344298152e-01 -6.5103448672e-01
9.6324123173e-02 -4.1698885748e-01 -3.5444371850e-01
-2.1462061982e-03 -3.3452542274e-01 -2.4413692532e-01
-1.1449344004e-01 -1.1064900827e-01 8.9794518156e-02
-9.7086521916e-02 -3.3631786717e-02 1.6856131838e-01
-6.4830093276e-02 -1.1114930939e-03 7.5611567879e-02
-2.5013241717e-02 -4.2637174373e-03 -5.1434711982e-03
3.0660017338e-02 -3.4226249609e-02 -4.1675983040e-02
4.4429408552e-02 -2.2935440288e-02 -8.3448678253e-02
3.9075505753e-02 -1.1552298582e-03 -3.6362154895e-02
1.0027789616e-02 -8.7570659934e-03 1.0921470368e-02
-7.3021085594e-02 1.0163403802e-02 7.7209540341e-02
-2.2493456307e-02 1.7289769516e-02 8.9234562403e-02
-7.7063360794e-02 5.8375725045e-03 1.1127326155e-01
9.8705536858e-04 -1.4355032286e-01 1.1761106946e-02
2.0016494053e-01 -2.9309912621e-01 -1.8740754157e-01
3.6601381597e-01 -5.5272615691e-01 -3.5958167459e-01
5.6816169165e-01 -8.1095882030e-01 -6.8618239275e-01
1.4902460107e-01 -2.4635514877e-01 5.3531733775e-02
1.7692660677e-02 -4.6637830442e-02 3.0423901195e-01
-7.3693870384e-03 3.1275136399e-02 1.7207164889e-01
2.8096878492e-02 5.5119624747e-02 8.8074684045e-02
-2.7753564213e-02 3.5049823688e-03 1.5575510054e-01
4.5522297342e-02 -2.7375255052e-02 6.3297330266e-03
1.0910319100e-01 8.9629511437e-03 -5.7678648418e-02
3.5753795724e-03 2.6974805200e-03 7.3492643207e-03
-8.5641986639e-02 1.7340150052e-02 8.6922452486e-02
-3.3465816169e-02 2.4387822887e-02 1.0880265754e-01
-5.4903051436e-02 1.8378792157e-02 1.3592844028e-01
-3.3013667783e-02 9.1263673040e-03 1.4302738036e-01
-1.1199582421e-02 -2.3281798914e-02 1.3067387160e-01
7.8567958976e-02 -1.6817719123e-01 -6.9418796148e-02
2.7256668738e-01 -3.3258522225e-01 -1.2626572036e-01
2.7350907458e-01 -8.4564036939e-02 4.4036401495e-01
1.2476135453e-01 -1.5924677488e-02 5.5025914246e-01
-4.4586334553e-02 7.8678890402e-02 2.3126800004e-01
2.3342485824e-01 -1.3261497816e-01 4.0465863433e-01
-5.1640429894e-01 -1.4966996963e-01 8.5266995002e-01
-5.4492554747e-01 -7.6013434988e-02 2.4834143632e-01
1.1430846378e-01 -2.6740211737e-02 -4.7190120119e-02
6.4364545516e-03 -6.4848858280e-03 1.4721340722e-02
-7.4949143362e-02 -8.8186104463e-03 7.3782576853e-02
-3.4380261283e-02 -1.7998880979e-02 6.9131665556e-02
-6.4724618132e-02 -2.2827796451e-02 1.0536374758e-01
-5.3996037779e-02 -9.8127686143e-03 1.3677553157e-01
-2.8574574898e-02 -1.3929214794e-02 1.4951673041e-01
-4.4347750326e-02 1.1335579106e-02 1.2702078890e-01
8.1363283191e-03 1.1284996189e-01 3.0253498747e-01
1.0222757918e-02 3.4747126519e-01 9.4201078424e-01
-1.8429523505e-01 3.5462970212e-01 8.8874616979e-01
-2.0625081086e-01 3.2873059982e-01 1.7206876853e-01
1.3012716046e-01 1.0798735458e-01 2.8419591431e-01
-9.3778660093e-01 4.9764258398e-02 1.2439718825e-01
-1.2217336643e+00 9.2945449178e-02 -4.4424847925e-01
-7.8107428535e-03 -1.8858712445e-02 -1.0801241923e-01
-1.9773897408e-02 3.0877319435e-03 1.0724764968e-02
-6.2783218383e-02 -4.6986396641e-02 7.5151595861e-02
-2.0262535839e-02 -5.4945551558e-02 4.6510918540e-02
-5.5669354258e-02 -6.3553366918e-02 8.4767453954e-02
-6.9931625471e-02 -6.4727437768e-02 5.5330675873e-02
-5.5713569964e-02 -5.9863143780e-02 9.4688689728e-02
-4.5916040537e-02 -4.5810032060e-02 5.6011666703e-02
-9.2035426032e-02 2.0380517121e-02 1.9045368332e-01
-3.3924704292e-01 3.2987482590e-01 7.1261143887e-01
-1.1201786872e+00 8.0051308430e-01 1.1853943783e+00
-2.0262125925e+00 1.1293934891e+00 2.5505187930e-01
-1.5288424416e+00 8.0192894931e-01 -4.6449256434e-01
-8.3013986761e-01 2.6757721002e-01 -4.9998784576e-01
-5.5970012876e-01 7.4916528365e-02 -4.7566610306e-01
-1.9360162057e-02 -6.8134141152e-03 -6.8103435130e-02
-1.3045413029e-02 -2.1016567714e-02 1.1573862768e-02
7.4636794498e-02 5.3588762069e-02 4.9103913759e-02
1.0590172940e-01 4.0336949701e-02 9.8412162303e-02
1.3846016060e-01 2.4989510329e-02 1.0610165762e-01
2.3304601113e-01 -2.0714302037e-02 1.7019921466e-01
5.8604245248e-01 -1.1882053602e-01 3.8123756095e-01
1.2549388775e+00 -2.5210874819e-01 7.0494793184e-01
1.8049862794e+00 -3.8999373173e-01 8.0248053515e-01
2.0783720009e+00 -4.9434842673e-01 6.7317743396e-01
2.1472726057e+00 -5.3421809391e-01 2.7519708916e-01
2.2141918110e+00 -4.5395766121e-01 -4.0235304335e-01
1.7097290040e+00 -2.2489887428e-01 -7.6259452908e-01
5.4932483760e-01 -1.3008047711e-01 -2.5392023608e-01
6.9772769557e-02 -1.3321763577e-01 1.2351088074e-03
4.0856326062e-02 -1.2187045454e-01 2.5457113737e-02
1.9916999882e-02 -7.2450437074e-02 -1.8904167185e-02
8.1140233154e-02 6.9194669947e-02 6.5425456162e-02
8.2443154409e-02 5.3298937349e-02 1.1687946808e-01
1.5202744810e-01 1.1068210194e-02 1.6367277676e-01
4.6339957179e-01 -6.5908805556e-02 4.2399569419e-01
1.0909016912e+00 -1.6005139898e-01 8.3589758255e-01
1.0476042274e+00 -1.9296795807e-01 7.1354597928e-01
5.6823208393e-01 -1.8859948526e-01 3.0962427257e-01
1.7994590972e-01 -1.5263714424e-01 1.1922512693e-01
-1.9366192748e-01 -1.1004926979e-01 1.0818720186e-01
-8.4215255260e-02 -8.1318678073e-02 1.8759349249e-01
4.7970401223e-01 -5.8898133065e-02 9.1929668259e-02
1.0992166644e+00 -1.3092037491e-01 -3.9948033555e-01
3.0190680537e-01 -9.3198779915e-02 -2.0786807554e-01
9.2098429496e-02 -1.0478187781e-01 -1.3913046241e-03
3.9780701452e-02 -5.4238708848e-02 -1.6288922383e-02
6.6512851149e-02 6.6369219165e-02 6.9538968430e-02
1.0991727482e-01 1.9576255934e-02 1.6244645556e-01
3.1088220919e-01 -2.3658209100e-02 3.2094155470e-01
7.0334801519e-01 -1.2355875155e-01 5.8355001205e-01
4.7835002656e-01 -1.2893405992e-01 3.8283837179e-01
1.8687827739e-01 -8.6800143924e-02 1.5422089711e-01
1.2341569148e-01 -9.7752090133e-02 8.4431055533e-02
1.4707645776e-01 -1.0099288811e-01 1.0597285037e-01
3.2621628605e-02 -6.2623914147e-02 1.0832858861e-01
6.6710176510e-02 -5.8212438047e-02 1.8449815819e-01
6.0730468614e-01 -1.8957590225e-01 3.4055417225e-01
1.0629931619e+00 -3.2416241823e-01 1.6478439845e-01
2.0481115455e-01 -9.8687712990e-02 -9.2659208549e-02
3.8350481117e-02 -4.3393548717e-02 -2.1828304446e-02
1.9476759855e-02 -3.6743967471e-02 -2.5950737124e-02
4.5148009302e-02 8.1599228835e-02 1.2425511763e-01
1.7915270793e-01 -1.0366539359e-02 2.8458200069e-01
3.6174759110e-01 -1.3077534825e-02 4.0552769278e-01
2.1464778971e-01 -8.4982844144e-02 1.4777389382e-01
-5.1154181782e-02 -4.0728468339e-02 -8.1194906687e-02
-1.4756388764e-02 -3.7089680530e-02 -6.4142704250e-04
8.5923726343e-02 -9.2197302601e-02 8.3826600886e-02
1.6696052245e-01 -1.5212839351e-01 1.3866232495e-01
1.6045003573e-01 -1.2371368463e-01 1.3279603694e-01
1.5371208756e-01 -7.8622767586e-02 9.7490541392e-02
2.6446518597e-01 -1.6785621084e-01 1.7795164883e-01
2.7185244467e-01 -3.3918486359e-01 2.5151672789e-01
-1.6499496494e-02 -1.3523100494e-01 3.5278536642e-02
3.4542061054e-02 -4.7809334864e-02 -2.6353502479e-02
1.7348268749e-02 -5.0323345978e-02 -3.4511843739e-02
3.6639584466e-02 5.1793472501e-02 1.6919738551e-01
1.4715877661e-01 -1.7631782586e-02 3.2837032464e-01
-5.4983137194e-02 -2.0265632504e-02 -1.9413077396e-02
-1.8262524232e-01 -2.7297321748e-03 -1.8479635329e-01
-7.2096990238e-02 -2.2448105638e-02 -7.5502674077e-02
5.7784858258e-02 -6.3236699194e-02 5.9125180295e-02
1.1489417046e-01 -1.1506011160e-01 9.1253789905e-02
1.3282917350e-01 -1.7001606723e-01 1.3237246732e-01
1.3482636880e-01 -1.5920175413e-01 1.1857662443e-01
9.6339201158e-02 -5.7014162566e-02 7.2336122406e-02
7.5595048140e-02 -7.2298091449e-02 5.2928883567e-02
1.1479057204e-01 -1.0250432257e-01 5.3403923909e-02
2.2612064004e-01 1.6431861701e-01 -4.5750676996e-02
2.0562990690e-01 1.9713755115e-01 -4.3541625017e-02
1.4146599501e-02 -1.2721424186e-02 -4.0663226848e-02
1.5124254763e-01 3.2484938417e-02 4.0115793467e-01
-2.1857523525e-02 4.4749159334e-02 8.8783660584e-02
-4.1698552716e-01 5.4430136175e-02 -4.5752724183e-01
-1.5265006753e-01 -5.4856989988e-02 -1.0370032164e-01
7.1315988557e-02 -1.2276449913e-01 1.1248059252e-01
9.0315658496e-02 -1.0738429023e-01 1.1028051008e-01
9.1135160131e-02 -1.3505849878e-01 1.1198236204e-01
1.4461533717e-01 -1.2471103207e-01 1.5742179157e-01
2.1384305681e-01 -8.2522281459e-02 1.6567521441e-01
1.6718997990e-01 -5.4975840018e-02 7.4611008272e-02
6.1943342104e-02 -5.6676748372e-02 1.2956847130e-01
2.0610245864e-01 1.3698884615e-01 3.4093749606e-01
6.1778437833e-01 9.0781529638e-01 9.2824789464e-02
5.7987281858e-01 8.7345382113e-01 -2.0903591092e-01
6.7425638805e-02 1.3176708336e-01 -9.2515478104e-02
1.2330130324e-01 7.9839822793e-02 3.9851718157e-01
-2.6303344152e-01 1.7740917013e-01 -4.2381067116e-01
-3.3134282422e-01 6.7476461421e-02 -5.0816589412e-01
9.5691325299e-03 -1.2340767411e-01 3.2477771336e-02
8.7561106232e-02 -1.2795918781e-01 1.1946524794e-01
5.9527105743e-02 -5.7723197746e-02 7.6691811388e-02
2.1350509385e-01 1.6068713605e-02 1.5485008888e-01
7.4400811747e-01 3.0925139849e-01 3.2401391395e-01
8.5201863003e-01 4.8969761075e-01 1.5295255644e-01
4.0965506944e-01 2.6371525158e-01 -4.0083479071e-02
2.5168299610e-01 -1.7612413902e-02 6.8176023702e-02
6.4914745293e-02 -4.9719725395e-01 3.8148478543e-01
-4.3745526403e-02 -2.9406517225e-01 5.4871437703e-01
2.1531077465e-01 3.7077483937e-01 8.7930196804e-02
5.9744219024e-02 1.1020774568e-01 8.3518731670e-03
-2.3295175674e-01 1.2678226464e-01 6.3804376529e-01
-4.5626649417e-01 4.7688900934e-02 1.9884382183e-01
-4.7429622568e-02 -1.3179519128e-01 -9.3961917838e-02
1.2855980272e-01 -1.4561180313e-01 4.2119750373e-02
4.1927484239e-02 -5.4950932077e-02 9.6159414806e-02
7.8438620668e-02 6.0268318995e-02 1.3390781735e-01
6.4279498074e-01 2.5181125019e-01 3.7602234710e-01
1.2748256410e+00 6.7958589309e-01 5.2859723419e-01
7.1986345417e-01 6.3686654970e-01 1.6132092198e-01
2.8420319579e-01 2.7957968953e-01 -1.0834700263e-02
3.4408931155e-01 5.6050433512e-02 -1.8960835498e-01
6.0767139922e-01 -2.8632519975e-01 -2.4884274651e-02
1.3949868746e-01 -2.0105428861e-01 2.1166770623e-01
-4.7070733374e-02 1.3796518526e-01 1.6324044433e-01
2.1542332549e-02 4.7325357881e-02 1.2688184178e-01
-5.3271308251e-01 1.2340210210e-01 8.4590370470e-01
-7.2255338643e-01 1.0310320274e-02 7.6729627248e-01
-3.9587103045e-01 -1.6376298352e-01 9.3920384624e-02
-4.9278452735e-01 -1.0845066332e-01 1.7721672008e-03
-3.7077015531e-01 5.2024207960e-02 4.3284711662e-02
-2.0035882502e-01 9.6456660600e-02 4.0417877587e-02
1.4454957304e-01 7.1951473496e-02 1.6134689645e-01
2.0857143635e-01 9.4258634314e-02 1.9233875602e-01
-1.4507621813e-01 -8.7738997007e-03 1.3353097183e-01
1.2595982298e-01 4.5019874070e-02 2.0272412381e-01
-3.8460925155e-01 -5.5063287443e-02 -5.0571548922e-01
2.2884362927e-01 -3.2884324171e-01 -6.0212894964e-02
-2.8281001017e-02 -1.1519977780e-02 3.2681118666e-01
-3.5858053125e-01 1.5182597344e-01 -1.0953010596e-01
-1.3089898885e-02 -7.0829912687e-03 1.2845077121e-02
-9.3318113193e-02 -3.9847271746e-02 1.5974167558e-01
1.3002189019e-01 -3.1138860573e-02 1.4852538695e-01
-3.9206549547e-02 -6.5406369147e-02 -2.9118064246e-01
-4.1671339528e-01 -1.1634437760e-01 -2.8823403836e-01
-1.4385096330e-01 -1.5247871655e-02 -1.8057847488e-02
9.7957178684e-02 3.4298234965e-02 7.3023526294e-02
-8.7194741526e-02 -9.9725540399e-03 1.1397049451e-01
-2.8550305890e-01 -7.9110138691e-02 9.8255658390e-02
-1.2187257532e-01 -6.2033803139e-02 1.6466458518e-01
2.4576678992e-01 6.0209713591e-02 2.1700177244e-01
4.8256892862e-02 -3.3848002836e-02 -1.1327961195e-01
6.6953823039e-01 -2.6946636705e-01 1.7055352101e-01
3.2770899280e-01 -2.0418259438e-01 2.2438652449e-01
-8.6222156393e-02 -1.3277291892e-02 -5.4735518441e-02
-6.2814848012e-03 -1.3809584034e-02 -3.1215722570e-02
-6.2281597675e-02 -5.0420895832e-02 6.1001956528e-02
-2.7300746996e-01 -8.1145832180e-02 2.7904276688e-01
-3.0095863418e-01 -6.3423325810e-01 -2.4957708548e-01
1.2730720688e-02 -8.2480539630e-01 -6.6222725935e-01
1.9271862562e-01 -2.9920766313e-01 -2.4408381461e-01
8.5783688249e-02 -3.1822940091e-02 4.4295668992e-02
-6.1223556125e-02 1.2708847791e-02 1.4599065773e-01
-1.3316141536e-01 -3.4952820052e-02 1.7029505945e-01
-1.2166211381e-01 -1.8864283773e-02 1.5341082953e-01
-6.1361278502e-02 -1.8442240854e-02 1.1755252248e-01
-8.8262810597e-02 -1.0626393291e-02 6.6927218618e-02
-3.1031020975e-02 -2.9991906244e-02 4.8928158076e-02
-1.1125137333e-02 1.9465382240e-02 -1.0492752098e-01
3.5087527712e-02 6.9737629936e-03 -8.6946694859e-02
1.2406396651e-02 -8.9771700460e-03 -1.8363656837e-02
-4.2111424165e-02 -1.1535974459e-02 2.1897623424e-02
-2.8898616186e-01 -5.8279431582e-02 1.0560474182e-01
-4.8934247924e-01 -3.1636956175e-01 7.4881437022e-02
2.1737266524e-01 -8.6206398895e-01 -3.7398153717e-01
5.9201601333e-01 -9.3399491131e-01 -6.2184628716e-01
2.1141412521e-01 -3.2349956766e-01 -2.3902795676e-01
6.8252974418e-02 -9.6356585734e-02 2.5677677079e-02
-7.4352203296e-02 -1.6260462051e-02 1.4331211072e-01
-1.0149081595e-01 -2.4025590590e-02 1.4061665037e-01
-8.8562329851e-02 -1.0049719094e-02 6.4084421006e-02
-2.8842276972e-02 4.2453444566e-03 4.0487828579e-02
-4.7346225871e-02 -6.4452938230e-02 2.8403247800e-02
9.8333560899e-03 -5.7933969408e-02 -3.4780904990e-02
3.8690460697e-02 3.4478792029e-02 -4.3029906459e-02
1.8193074490e-03 7.5254447210e-03 -1.0061471103e-02
-6.8530943805e-02 2.2284031218e-02 7.7707894395e-02
-4.8644072036e-02 1.9745453602e-02 1.1043844301e-01
-1.3845660428e-01 1.9438220098e-02 8.8949928551e-02
1.3620467717e-01 -2.7518672757e-01 -1.5423129354e-01
4.1717652040e-01 -5.8987379031e-01 -3.1015053730e-01
2.2823660211e-01 -5.0956231214e-01 -2.7173469390e-01
2.2206118786e-01 -3.9110815723e-01 -2.9992350917e-01
6.4963349084e-02 -9.7246498513e-02 1.0728548331e-01
-6.0064596926e-02 -2.2602124410e-03 2.1080574108e-01
-3.1473228860e-02 1.1268688971e-02 1.2272621576e-01
1.7545977495e-02 -1.0939421946e-02 7.1612250793e-02
-1.6335414646e-01 -3.8392453429e-01 3.0444739586e-01
-9.9853279435e-02 -4.5786713382e-01 2.1781315834e-01
1.0191942343e-01 -5.1934872773e-03 -2.0277149143e-02
1.1053033416e-02 9.8755995780e-03 -1.2055548450e-02
-8.7592317109e-02 2.1461611418e-02 7.1542244014e-02
-3.2732045051e-02 1.1130075927e-02 1.1754049093e-01
-5.8079336742e-02 1.5922542650e-02 1.1685467940e-01
-3.5261930086e-02 -3.3365784200e-03 8.2603797358e-02
-1.9740484683e-02 -1.0099890131e-02 2.9455269115e-02
-5.0076734771e-02 -1.0682232109e-01 -8.0924723598e-02
1.8678475920e-01 -1.9644835964e-01 -9.8094070364e-02
5.2610104764e-02 1.4703487556e-03 2.6400675289e-01
-1.1712381841e-01 -1.3577562705e-02 3.3815183852e-01
-7.4514583734e-02 -9.7934172849e-03 1.2084534128e-01
8.6616044810e-02 -7.3357438770e-02 3.4266858453e-01
-3.2885859946e-01 -3.9243369523e-01 1.0077816344e+00
-5.4641996271e-01 -3.9469140727e-01 2.3346811490e-01
6.7912360065e-02 -7.2170743009e-03 -1.2211471432e-01
4.9585441484e-03 -2.1339999211e-03 -5.9921913580e-03
-8.6786089900e-02 2.0427203815e-04 8.6476074001e-02
-4.2927265006e-02 -1.0020128182e-02 1.0691498152e-01
-7.6072758898e-02 -1.7409899773e-02 1.3909264319e-01
-4.7826777769e-02 -2.1317867037e-02 1.5868040884e-01
-4.2741835596e-02 2.2593924608e-05 1.2756513759e-01
-8.1426856720e-02 6.5254348739e-02 1.6007418290e-01
6.4406089041e-02 2.4211670669e-01 5.0395384269e-01
-4.1240101479e-01 3.5837630604e-01 9.5248339458e-01
-6.9334254030e-03 2.8036061707e-02 5.0099406672e-01
7.4603019342e-01 -1.1902981888e-01 5.6664216767e-02
4.7272304643e-01 -6.3976922214e-02 2.5223231350e-01
-3.2910596419e-01 -1.8276877329e-01 1.7973527386e-01
-8.3760920724e-01 -8.0433492992e-02 -4.5591167455e-01
-4.0176406166e-02 -1.4419357359e-03 -1.7123077985e-01
-2.4184335637e-02 7.0530584627e-03 2.2153541482e-03
-6.6772025909e-02 -3.4081328971e-02 9.4614978512e-02
-2.9241719797e-02 -5.8841222906e-02 8.1157195404e-02
-5.6783797930e-02 -6.4330653055e-02 1.0973315008e-01
-5.6065617758e-02 -7.2740119064e-02 9.9542621079e-02
-4.3579871008e-02 -5.9935989848e-02 1.2325499826e-01
-5.6857857267e-02 -2.3378498485e-02 1.1627418575e-01
-2.2374489824e-01 9.3126126510e-02 3.9372845966e-01
-8.1304933569e-01 2.8108312010e-01 1.1011455185e+00
-1.6330702108e+00 2.4461557781e-01 1.1447293789e+00
-2.0439495301e+00 2.4113299107e-01 1.3491333899e-01
-1.7165767758e+00 1.7532681160e-01 -7.1483967047e-01
-7.5020521408e-01 -2.2987862745e-02 -6.1611832643e-01
-4.5535635175e-01 -2.1145456172e-02 -4.3285601724e-01
-2.0696946726e-02 -7.5212437843e-03 -5.9578255846e-02
-2.3544568822e-02 -1.3666211309e-02 9.6021842485e-03
6.4038906211e-02 4.0848933944e-02 6.9673372638e-02
1.0384138699e-01 3.3785455615e-02 1.0273235025e-01
1.2151292203e-01 5.9759938052e-03 1.1011420238e-01
2.2199627480e-01 -5.6430380820e-02 1.1962472408e-01
4.7138934557e-01 -1.8022986649e-01 2.2196708612e-01
8.5489818918e-01 -3.7878069423e-01 4.1721919971e-01
1.3564967030e+00 -6.8682578176e-01 5.3502121812e-01
1.5639433430e+00 -8.4861764184e-01 4.5723464877e-01
1.5841742297e+00 -8.4789132873e-01 2.1675971489e-01
1.8452781926e+00 -7.5275084652e-01 -1.6287136209e-01
1.8590578078e+00 -5.4624077865e-01 -6.8979918046e-01
7.8574668932e-01 -2.8801807122e-01 -4.7028841660e-01
8.7220294241e-02 -1.7816056235e-01 -7.0633087055e-02
4.1001852640e-02 -1.4608676572e-01 -1.5546647237e-02
1.9120507031e-02 -1.0048689343e-01 -3.0337967368e-02
8.8315047276e-02 4.2719926888e-02 7.6678113626e-02
8.7119040986e-02 1.4295014096e-02 1.1096238071e-01
1.4107384979e-01 -3.7647302346e-02 1.4599163708e-01
3.8956546992e-01 -1.4778406879e-01 2.8761354002e-01
9.3669154198e-01 -3.5589809263e-01 6.3651793631e-01
9.9973527973e-01 -4.8505522265e-01 6.0309563731e-01
7.1961572718e-01 -4.9882769925e-01 3.5960834998e-01
4.9316464547e-01 -4.1786572006e-01 1.8865411544e-01
2.2586436768e-01 -2.5217343664e-01 1.3497968285e-01
2.7459305610e-01 -1.5326060235e-01 1.6761988116e-01
7.8498053153e-01 -2.2290072473e-01 -2.3719860332e-01
1.2436967293e+00 -4.5460183891e-01 -9.5591400918e-01
3.5639343477e-01 -2.1286105176e-01 -3.6611944025e-01
8.9285508325e-02 -1.3794712357e-01 -2.7621038442e-02
3.2299787537e-02 -9.3649336064e-02 -1.5824719192e-02
7.3087328777e-02 1.4284014101e-02 7.9848994469e-02
1.0033580244e-01 -3.3175474121e-02 1.3698968836e-01
2.5987192565e-01 -1.3146782019e-01 2.4137124739e-01
6.7597235902e-01 -2.9933158214e-01 4.8117773679e-01
5.7910574210e-01 -2.9756021122e-01 3.8406891342e-01
7.5055929848e-02 -1.5602285981e-01 8.6767446934e-02
-9.1076076241e-03 -1.5169446049e-01 6.1648195021e-02
9.9008975120e-02 -1.6798816319e-01 1.2477417295e-01
1.2229706947e-01 -1.3682602376e-01 1.1920530934e-01
6.5084938708e-02 -9.0532747657e-02 2.3421463452e-01
3.3789844975e-01 -3.2643058825e-01 2.5359112744e-01
1.1025005556e+00 -8.2562460656e-01 -4.1945493318e-01
5.2903073366e-01 -3.6471534351e-01 -5.2546294009e-01
1.1024880503e-01 -7.4238066699e-02 -1.1632023279e-01
8.8976258424e-03 -6.3810896903e-02 -3.8821355898e-02
6.7187533529e-02 7.0122449260e-03 1.1676052198e-01
1.5372181472e-01 -1.0525853118e-01 2.4788564559e-01
4.0927641713e-01 -1.9650051865e-01 4.1267927786e-01
2.0915967108e-01 -1.6920380785e-01 1.3994426003e-01
-2.6599045144e-01 5.9862170544e-02 -2.6409766407e-01
-2.7321377192e-01 6.1413687391e-02 -1.7445163290e-01
6.5652953694e-03 -1.0587746072e-01 3.3292684161e-02
8.7054573217e-02 -1.7493339835e-01 1.0530107513e-01
1.1242665057e-01 -1.7384862097e-01 1.0476667948e-01
1.3615091956e-01 -2.0492371581e-01 1.1440208469e-01
1.9358940053e-01 -4.5530363163e-01 1.8303972837e-01
4.5178324497e-01 -9.6918051215e-01 1.8042638034e-02
5.4576280756e-01 -5.0451328265e-01 -4.0443812377e-01
3.1398593658e-01 -2.5931630045e-02 -2.3732445335e-01
2.0889119975e-02 -5.6030734569e-02 -6.7011235187e-02
5.3984616402e-02 -3.2681711299e-02 1.7087600639e-01
1.7798191235e-01 -1.4097238418e-01 3.5388832877e-01
2.9193212876e-02 -8.3334037163e-02 6.9721792730e-02
-4.7161301263e-01 1.4254920383e-01 -4.2791174212e-01
-4.2177371740e-01 2.0110333116e-01 -3.9334593305e-01
-9.1435378802e-02 7.5501774457e-03 -6.2280506035e-02
1.0311742987e-01 -1.3541356914e-01 7.2907156498e-02
1.4055975720e-01 -1.4518976497e-01 1.1940434772e-01
1.7269607566e-01 -5.9430176410e-02 1.1355400928e-01
1.3076130657e-01 5.1867895016e-02 1.0063209765e-01
4.5965476023e-02 -2.0295446558e-01 4.1738496370e-02
2.4690536115e-02 -7.0008295904e-01 -1.2069692190e-01
1.5175654959e-01 -3.3687809496e-01 -1.0655735224e-01
2.5431224531e-01 1.5157900292e-01 1.3132909223e-01
2.2483147709e-03 -1.7107188559e-02 -3.5374077963e-03
1.0143474221e-01 -7.8107831529e-02 2.8434755084e-01
-5.3873918953e-02 -2.5378987332e-02 2.7992493495e-02
-5.2745419982e-01 1.7070179256e-01 -5.8962518832e-01
-4.9446154906e-01 1.6957119103e-01 -4.5782278204e-01
-7.9900030055e-02 -3.1640428630e-02 -4.6252501502e-02
6.5486819755e-02 -1.1383559097e-01 9.4107352323e-02
1.4411560179e-01 -6.6895151022e-02 1.4656671478e-01
3.4753782693e-01 5.7129551528e-02 2.7482306158e-01
5.8228755253e-01 3.2606395672e-01 2.2611809950e-01
4.2470426381e-01 3.9639950886e-01 6.6482254416e-02
4.8058271246e-02 -1.0702109845e-01 9.6960981420e-02
-8.7780110350e-02 -4.4013185172e-01 1.5082259357e-01
-1.6197816279e-01 -3.6302621887e-01 5.2438328620e-01
3.6423555703e-02 1.6997012367e-01 4.4993545786e-01
-7.2831779196e-03 5.4574461035e-02 1.3574793086e-02
9.9897008447e-02 -7.9707689889e-02 2.1429022270e-01
-3.2701369397e-01 9.8424055216e-02 -4.9627294214e-01
-5.1751332674e-01 1.2699847475e-01 -6.3836648768e-01
-1.0496920118e-01 -2.9966571769e-02 -8.6051345341e-02
1.1011025839e-01 -1.1844575122e-01 1.2342804145e-01
2.1134046178e-01 1.9590958846e-02 1.5580605947e-01
6.0965285456e-01 2.4031532613e-01 4.1826338755e-01
1.2529420186e+00 5.4606301482e-01 6.3248815261e-01
1.4637765122e+00 8.7389476014e-01 3.0410948824e-01
8.3079490949e-01 6.9150975380e-01 -5.0070058099e-02
3.0934209198e-01 5.3455638753e-02 6.4213594278e-02
4.8977838812e-01 -1.8009551166e-01 9.0014298849e-02
-6.0669935383e-02 -1.0021049149e+00 4.7507899098e-01
-2.3555055436e-01 -6.3027062226e-01 3.2731791905e-01
-2.3771080656e-02 -5.4702996089e-02 1.2540956766e-02
-8.2292263329e-02 -1.1429469739e-01 3.9296440697e-01
-4.2599708414e-01 -3.4705750160e-01 1.7416002307e-01
-2.4971708477e-01 -2.5076206277e-01 3.0933680198e-02
1.8405820738e-01 -3.3174010994e-02 4.7061362592e-02
4.6782077668e-01 4.4199324834e-02 1.7059268987e-01
8.8211630464e-01 3.1722960505e-01 4.1833058020e-01
1.1046380814e+00 4.3128117591e-01 6.7610896839e-01
1.1215965844e+00 4.3964316095e-01 6.2230084966e-01
8.4190697373e-01 4.1474318884e-01 2.0372597334e-01
3.9385615567e-01 2.4628978904e-01 -9.4315822415e-02
1.7441551233e-02 8.0412607449e-02 -4.6766305887e-01
8.6915365519e-01 1.9264454737e-01 -6.6231859181e-01
1.3484710402e+00 -4.6121839893e-01 -6.0952791817e-01
2.8081796671e-01 -4.4940045688e-01 -1.2677609003e-01
-9.1910083790e-04 -3.3705418006e-02 4.6686085355e-02
-2.1222915937e-01 -1.1750346324e-01 4.6745954294e-01
-4.3638155858e-01 -4.9423938448e-01 5.6399757874e-01
-4.0930761539e-01 -3.4522477458e-01 1.9740991525e-01
-2.2765820251e-01 -1.9405707451e-02 -3.8160954192e-03
3.5325408890e-01 8.8801225783e-02 1.7186160339e-01
6.3036601345e-01 2.0396721817e-01 2.6033590805e-01
4.7920004713e-01 1.1488722792e-01 2.5821038888e-01
1.9894186366e-01 -2.6163537140e-03 1.4399717436e-01
-6.6463342066e-03 -7.4176005965e-02 8.3885865335e-02
9.7700460528e-02 -5.0561451148e-02 7.9102608230e-02
-1.7835859098e-01 1.8189073239e-02 -5.1653138880e-01
3.3719807854e-01 -3.0084982638e-01 -2.1783661038e-01
2.6383310926e-01 -7.8184741487e-01 1.4532963895e-02
-2.1864176169e-01 -2.8187567421e-01 -3.0178600365e-01
-2.8903157606e-02 -3.9867719155e-02 -3.0742886010e-02
-1.8214774088e-02 -1.1556552104e-01 3.0422439145e-01
2.8457268865e-01 -3.7665889942e-01 6.1553874331e-01
2.4538885626e-01 -2.9456805567e-01 -2.7557170618e-01
-1.0953960154e-01 -8.3839733461e-02 -2.1877554780e-01
1.0446384693e-01 -3.8639159551e-02 9.3079131328e-02
1.3255702036e-01 -1.2575921494e-02 9.5525516024e-02
8.2813833029e-02 2.6349311603e-03 1.2119508574e-01
-8.3741047121e-02 -2.8330077089e-02 1.3711413063e-01
-1.3762014777e-01 -9.2535300419e-02 1.4517920587e-01
9.6512806795e-02 -1.2710500117e-02 1.5632149644e-01
2.2353760368e-01 2.4237932505e-02 -1.5640659443e-01
8.9838634946e-01 -5.4359545399e-01 -2.4904862973e-02
5.5131237135e-01 -8.9121813421e-01 8.6125109710e-02
-9.5239543183e-02 -1.5923901921e-01 -1.3705151400e-01
-2.3222854882e-02 -2.5883301360e-02 -7.4252560827e-02
-6.7028381143e-02 -5.5570118535e-02 2.0982168393e-01
-2.9486006226e-01 -1.3511217528e-01 6.4484753557e-01
-4.7713139973e-01 -3.8745570170e-01 1.5406664602e-01
-9.0406282896e-02 -2.8597912136e-01 -1.6393671166e-01
7.8513918098e-02 -7.0177275476e-02 1.3548576172e-02
-3.1661095057e-02 -3.8168407774e-02 1.0387442848e-01
-5.6923695495e-02 -2.6024161448e-02 1.4022732073e-01
-1.0159851019e-01 -6.8095866934e-02 1.7764307382e-01
-1.2684267072e-01 -8.0934317415e-02 1.6231881257e-01
-9.0438779877e-02 -7.3826185305e-02 1.2489465777e-01
-1.0990345702e-01 -3.8093138998e-02 4.2083936135e-02
3.0063416483e-02 -3.1369899673e-01 -8.6538934490e-02
9.3825656077e-02 -4.2236296643e-01 -4.0739920355e-01
4.2871084616e-02 -3.1469460028e-02 -3.5147041701e-01
5.3717840399e-03 -2.9914155484e-02 -7.2519517800e-02
-4.1228788944e-02 -2.5088833004e-02 7.4367562415e-02
-4.0474527527e-01 -7.4338235809e-02 2.2230690890e-01
-9.7403792841e-01 -3.7729642356e-01 6.5510251993e-01
-2.9864454452e-01 -5.0113809631e-01 1.9215571359e-01
-2.8349291289e-03 -3.9244786929e-01 -1.2018118110e-01
-4.0666801143e-02 -7.7186436806e-02 3.8595405888e-02
-4.9844505957e-02 -4.6595971723e-02 1.3311789143e-01
-9.8960505681e-02 -6.3267020497e-02 1.8366797563e-01
-8.0410501120e-02 -1.1470771034e-01 1.6541111849e-01
-7.3430252626e-02 -6.4920603171e-02 1.0035050011e-01
-5.8622582589e-02 -3.2896789284e-02 5.4762837824e-02
-1.1527249557e-01 -4.7930522352e-01 1.9391217364e-01
-5.1307153773e-02 -6.9795725330e-01 2.7079869090e-01
7.0182178981e-02 -9.7342985405e-02 -2.3271742858e-02
3.3075444985e-03 -2.0542974275e-02 -4.1503053050e-02
-4.9901901840e-02 -9.9499066971e-03 9.9269207024e-02
-7.0811366645e-02 -1.9015753605e-02 1.4683882304e-01
-2.9708063046e-01 -7.8483419542e-02 3.4544925168e-01
-3.0893087862e-01 -2.5351578810e-01 2.5872352227e-01
-2.9253608062e-01 -3.3373269517e-01 1.3198330120e-01
-1.9724265451e-01 -1.8278927431e-01 -1.0786928770e-02
-4.2247799593e-02 -1.1280419088e-01 1.0182096277e-01
-5.4124327326e-02 -8.8809921413e-02 2.0384804112e-01
-7.2104904226e-02 -9.5150914749e-02 2.0837035796e-01
-4.1278891008e-02 -3.6840240238e-02 1.3827083487e-01
-3.8240618964e-02 -1.0411729109e-01 7.9947201102e-02
-2.1346735960e-01 -9.0988758161e-01 6.3843733286e-01
-2.0109518011e-01 -1.3152764195e+00 7.9146870065e-01
1.3388034051e-01 -2.6962506717e-01 1.1359365147e-01
1.0672990171e-02 -5.4726968133e-03 -2.9436625532e-02
-6.6642691498e-02 -2.1781331699e-03 9.1601486774e-02
-2.4420778429e-02 -1.9929326630e-02 1.0580642130e-01
-3.8804874363e-02 -3.0120333105e-02 1.2562920641e-01
-1.4738786795e-01 -2.8969194981e-02 1.4128127075e-01
-2.7850229782e-01 -3.6876607575e-02 1.3017843630e-01
-4.2910436177e-01 -8.8422594828e-02 3.0233850338e-01
-1.6001395712e-01 -1.5133500358e-01 3.4355218195e-01
-7.5646057174e-02 -1.0907770667e-01 2.5486019236e-01
-9.9531531089e-02 -1.3481917010e-01 2.5134263368e-01
-7.7686672583e-02 -9.3645905530e-02 1.4007967124e-01
3.5199304376e-02 -1.5851061105e-01 2.2391373677e-01
-2.8635704938e-01 -5.7239689005e-01 4.6461691245e-01
-6.6063404614e-01 -7.8211355436e-01 -4.2629530569e-01
2.9042696327e-02 -1.7505456227e-01 -3.7014914219e-01
7.4841217092e-03 -2.1027683135e-02 -2.8775251544e-02
-6.0951453034e-02 -1.7775832138e-02 1.0365660261e-01
-3.1763320815e-02 -1.6715593692e-02 9.6840411942e-02
-5.2349379944e-02 -4.3226113926e-02 1.3157244030e-01
-4.9092446593e-02 -4.7524506971e-02 1.4446372674e-01
-1.0021204369e-01 -4.2718909250e-02 1.6013801230e-01
-2.9721040574e-01 -3.9295858927e-02 4.6577017727e-01
-4.7553230471e-01 1.0882323071e-02 7.5307622405e-01
-7.7110145988e-01 -7.3690054699e-02 7.1564409567e-01
-6.0810443129e-03 -1.9529387748e-01 3.9362166856e-01
6.5695669352e-01 -8.9660818740e-02 1.9977414294e-01
2.1605421976e-01 -9.8099397404e-02 1.9623653861e-01
-3.5957410600e-01 -2.9761112044e-01 -1.7322018990e-01
-7.8652681073e-01 -2.7419342949e-01 -9.8408303917e-01
-1.1762677740e-01 -5.2039178472e-02 -3.6128221306e-01
-2.7806454322e-02 -1.5168971878e-02 -1.0641675788e-02
-5.1814473919e-02 -5.6200296944e-02 9.6139569469e-02
-2.4070384132e-02 -7.8727654978e-02 4.8049439105e-02
-5.1862022341e-02 -1.0460656593e-01 1.0416225208e-01
-7.5964361604e-02 -1.1863217402e-01 9.3896014052e-02
-5.1086997853e-02 -1.2789277653e-01 1.2357024665e-01
-1.2173871224e-01 -7.0057169837e-02 1.2744136710e-01
-4.8747786850e-01 -2.9601557202e-02 4.7631164616e-01
-1.3004530235e+00 -2.1111374014e-01 1.0482025304e+00
-1.7195062085e+00 -5.5203509630e-01 9.4199208596e-01
-1.7802589391e+00 -6.0040381119e-01 1.4262756820e-01
-1.5604200691e+00 -4.4489432687e-01 -5.5291199944e-01
-8.6314067606e-01 -3.5642016095e-01 -5.9079856797e-01
-3.9826589038e-01 -1.5015182439e-01 -3.7247549755e-01
-2.6840987530e-02 -3.7923949813e-02 -7.8211310995e-02
-1.1056085754e-02 -4.7883385759e-02 1.0835173421e-02
5.4319361748e-02 2.5738732229e-02 5.3997002254e-02
6.4262636169e-02 2.4881048116e-02 9.1139769732e-02
7.6479263979e-02 -1.5004867198e-02 1.0862706827e-01
1.3790874991e-01 -6.4406871629e-02 1.1982403919e-01
2.4043840495e-01 -1.5651357595e-01 1.3201256218e-01
3.4901077715e-01 -2.4160544080e-01 1.5555207575e-01
5.8514168922e-01 -4.4635024294e-01 2.1395733364e-01
7.3133040951e-01 -6.0698387366e-01 2.2472028603e-01
8.7612712552e-01 -6.8164937095e-01 2.1431061197e-01
1.2874814100e+00 -7.8743505395e-01 3.3362406553e-02
1.5904996274e+00 -8.4563490168e-01 -5.1867572559e-01
7.4066635760e-01 -4.5395229765e-01 -4.9601609415e-01
4.4535299415e-02 -1.7486290394e-01 -1.0275979716e-01
1.0492232022e-02 -1.2070665703e-01 -3.9809450009e-02
-9.4663905629e-03 -8.8168697985e-02 -5.6228325153e-02
6.7039943138e-02 2.0232555954e-02 6.3463743371e-02
3.8690065690e-02 1.4125598020e-02 1.1707577996e-01
6.4264403919e-02 -5.1932419346e-02 1.4449609299e-01
1.8586492080e-01 -1.4789634808e-01 2.1171439884e-01
4.4655053418e-01 -3.1468325707e-01 3.5128793717e-01
6.3632500146e-01 -4.6496520029e-01 3.6475798538e-01
6.5764306313e-01 -6.0528897176e-01 3.2158015412e-01
6.0138159208e-01 -6.5259974518e-01 2.7131193612e-01
5.0993521872e-01 -5.6809805098e-01 2.6675195692e-01
7.6081929155e-01 -6.1928857957e-01 1.6196452791e-01
1.4610854767e+00 -1.0390274102e+00 -7.2318061224e-01
1.3788162893e+00 -9.9631089267e-01 -1.4131455968e+00
3.0295038474e-01 -2.8751033815e-01 -4.0722927792e-01
6.8023736512e-02 -1.0626686038e-01 -5.6874740227e-02
5.9484626593e-03 -7.7960658000e-02 -4.5066278189e-02
6.4714478351e-02 -5.2556356549e-03 5.7024100896e-02
4.7649293394e-02 -2.8818596698e-02 1.1858147102e-01
1.4284587658e-01 -1.6798056505e-01 1.7899222389e-01
4.6479143748e-01 -3.5835330897e-01 3.6606847249e-01
6.2946780588e-01 -4.5673081999e-01 4.0350683404e-01
3.3736960741e-01 -2.8944289038e-01 1.9955792912e-01
1.8738497702e-01 -2.6071012018e-01 1.3803556291e-01
3.6751656316e-03 -1.7454328384e-01 1.4565319854e-01
4.7578791620e-02 -2.3000839838e-01 1.2140166844e-01
1.3845013322e-01 -3.4743986756e-01 1.6208708661e-01
3.1217203903e-01 -5.8608305223e-01 -7.0867841889e-02
9.5394470925e-01 -1.0118486813e+00 -1.0126243070e+00
8.7707457709e-01 -5.7873161569e-01 -8.9823796765e-01
2.5299020407e-01 -1.0925088746e-01 -2.4869929272e-01
-3.1417027938e-03 -5.7895419225e-02 -7.5792344116e-02
7.7264045931e-02 -2.9881297622e-02 9.9015406193e-02
1.1297348844e-01 -1.0224509247e-01 2.0872543353e-01
3.1370861330e-01 -2.6517401965e-01 3.3397082021e-01
3.9714426508e-01 -3.5989939083e-01 3.3134982378e-01
5.7317319209e-02 -1.0085833309e-01 -7.1619645447e-03
-1.5201945662e-01 1.0937148380e-01 -1.1240921822e-01
2.2582866610e-02 -1.1581957095e-03 1.7812042432e-02
-8.9686621867e-03 1.4731410713e-02 1.3158785251e-01
6.0435791917e-02 -9.3420704102e-02 8.5243466023e-02
1.0091366134e-01 -2.9558034795e-01 1.2700718121e-01
-2.9766350877e-02 -4.4434679651e-01 2.5442083672e-01
5.3073132645e-01 -8.4232072233e-01 -2.6922786772e-01
1.8718086526e+00 -8.7809508362e-01 -1.2894495050e+00
1.1228970983e+00 -2.3298267582e-01 -8.2939019552e-01
6.9263825276e-02 -6.8649697205e-02 -1.6511554268e-01
3.9988561762e-02 -6.2318621738e-02 1.3181978959e-01
1.0021792480e-01 -1.2285143182e-01 2.2745311503e-01
1.1531098740e-01 -1.4862074152e-01 1.5918279280e-01
-1.8936193938e-01 2.6193406827e-02 -1.6020316468e-01
-4.4452379371e-01 3.7222834375e-01 -4.1081143354e-01
-3.1145128780e-01 3.9280594270e-01 -2.1573167674e-01
1.5433033387e-02 2.7928117506e-01 5.0518072847e-02
2.4299311508e-01 4.6525388613e-01 3.2032900861e-01
3.3628886606e-01 5.6543355111e-01 3.3265973083e-01
1.8535907979e-01 4.5107587134e-01 2.6848328852e-01
-3.3888634731e-02 -2.0210386043e-01 3.2030275379e-01
7.2927784331e-02 -5.9021377031e-01 1.1908239145e-01
6.5975201782e-01 -3.4974697406e-01 -4.5134501566e-01
7.1967981006e-01 -1.2425298830e-01 -4.8462029019e-01
2.2381313786e-02 -6.8147759803e-02 -1.3776104612e-01
4.8103571062e-02 -7.4776192268e-02 1.7942402353e-01
-1.0469247485e-02 -7.8491998961e-03 5.8557051505e-02
-2.8295898742e-01 1.2309376094e-01 -2.7585551447e-01
-4.6976060603e-01 3.5692994113e-01 -4.0298857362e-01
-2.9087619005e-01 4.7319975097e-01 -2.9535941761e-01
-6.9352925295e-03 3.9398174410e-01 1.2638118367e-02
4.6974674307e-01 6.8984714139e-01 4.5306710614e-01
7.5232422651e-01 1.1124729087e+00 7.6289654039e-01
6.7853948984e-01 8.7215846580e-01 4.9634914381e-01
5.1199376385e-01 6.2386142467e-01 2.7670444714e-01
1.0477581540e-01 -4.4917319594e-01 4.1356995163e-01
9.4951228917e-02 -6.0031566059e-01 2.3013718696e-01
-7.6821145744e-02 -6.5074369898e-02 1.2263967369e-01
-6.3808853387e-02 5.8767117918e-03 1.3083816406e-01
-6.1838744830e-02 -3.3320083071e-02 -3.8256964272e-02
7.5062124339e-02 -5.5156160608e-02 1.1229967519e-01
-7.9018449804e-02 -5.1654285476e-03 -8.6897961538e-02
-2.1813242370e-01 3.6989465799e-02 -1.6820920518e-01
-8.4118953716e-02 3.6629426415e-01 -1.3512598500e-01
9.6268347802e-02 3.3670484189e-01 7.4302444616e-03
4.3502884195e-01 4.7478780380e-01 3.0862734193e-01
1.0099919627e+00 1.0571982800e+00 7.8691213221e-01
8.2940658207e-01 7.7999659340e-01 6.9583882926e-01
5.2954758731e-01 3.0313730368e-01 2.5978134490e-01
3.7260097037e-01 3.0739434191e-01 9.6292427865e-02
4.9391432429e-02 -2.2326845754e-01 9.7565394976e-02
6.6673932802e-01 2.2521651727e-01 -7.1111591213e-01
5.7488821378e-01 2.7058103307e-01 -9.1092164138e-01
-6.0698361982e-04 -1.4029747251e-01 -1.3277093278e-01
-4.3881541748e-02 -5.9145246186e-02 -4.3696890816e-02
1.0499117177e-01 -3.9358777269e-02 6.2839560028e-02
4.5970317090e-02 -1.6252796857e-01 5.5503449200e-02
2.0291475053e-01 -1.3622664423e-01 1.4189039695e-01
4.0581838273e-01 2.4916199468e-01 -2.0445342752e-02
4.5763990193e-01 1.1268024101e-01 1.5252054686e-01
8.5177448245e-01 4.9865462085e-01 4.2843351678e-01
7.9766783470e-01 5.1060580266e-01 5.2245098631e-01
4.4244441837e-01 1.5684481634e-01 2.9540052868e-01
3.4247654800e-01 9.6233295175e-02 1.4552034448e-01
1.2514215902e-01 2.4291920144e-02 -1.2216233868e-01
-6.9585850987e-02 -2.5844910256e-02 -9.1764722193e-01
4.9173324685e-01 1.4733688973e-01 -1.6309768783e+00
1.1359693044e+00 -2.6544928268e-01 -2.2879868591e+00
3.0430835093e-01 -2.2830177398e-01 -6.3788276585e-01
-4.4863717385e-02 -3.8568538792e-02 -5.2970370437e-02
1.8060413594e-02 4.5718245843e-04 3.9068623027e-02
1.8436471520e-02 -1.5903380056e-01 5.0580471920e-02
2.0442101883e-01 -2.0402121347e-01 6.4350971972e-02
2.4155266704e-01 -4.2802647345e-02 -2.4901216754e-02
2.3601337788e-01 -9.0069782864e-02 1.3051612283e-01
3.1812942161e-01 6.4068625650e-02 1.3398617277e-01
1.7670301660e-01 -3.0349107539e-02 9.1834236100e-02
2.6348786339e-01 5.8754666386e-02 9.9150334355e-02
1.9759373711e-01 5.3674615273e-02 9.3643945280e-02
-4.2494409816e-02 -1.1607438520e-01 -1.2875655584e-01
1.8372433179e-01 -4.5725253746e-02 -9.5088219953e-01
6.6745993615e-01 -3.5873288045e-01 -8.2496752807e-01
3.6470210124e-01 -1.2072792890e+00 -5.0420374542e-01
-1.2096800257e-02 -3.8004393708e-01 -2.6800129387e-01
-5.9062920800e-02 -3.8369988217e-02 -6.0916806160e-02
-4.6967812327e-02 -7.7151003156e-02 1.5466158208e-01
-1.0698121477e-01 -2.4827517749e-01 3.7581538486e-01
-4.2911350217e-01 -3.1498789267e-01 -3.2130242943e-01
-4.6596123677e-01 -2.7935223444e-01 -2.1497775012e-01
-2.0630890832e-01 -1.8269056122e-01 -3.2981265184e-03
-1.7458511418e-01 -1.3444080776e-01 9.7994449288e-03
-6.8396456838e-02 -1.4434562804e-01 4.8276232494e-02
7.3821810282e-03 -9.2692840429e-02 9.9862678834e-02
-4.9567534088e-02 -1.4887449237e-01 8.7442340273e-02
-1.0071654922e-01 -1.3647275032e-01 5.9151473756e-02
1.9832380404e-01 -8.6434339826e-02 -1.9693287520e-01
7.7366698557e-01 -7.2743442180e-01 3.1146253183e-01
3.6959372958e-01 -1.2136198237e+00 1.1350932338e+00
-1.3041311361e-01 -2.0248354353e-01 3.4514115832e-01
-5.8586763071e-02 -1.0357954129e-02 -9.2139631230e-02
-4.5361617257e-02 -5.6579999001e-02 1.0058201857e-01
-2.9282009803e-01 -2.3441917107e-01 1.8209062723e-01
-7.2275987734e-01 -6.3289811507e-01 8.0388212325e-02
-3.1824613044e-01 -3.0548286716e-01 -6.4163921211e-02
-2.6569721288e-02 -2.5100891308e-02 -8.6945077324e-02
-1.0315632819e-01 -5.1559512287e-02 6.4348845398e-02
-8.4605853434e-02 -8.4288679792e-02 1.0201687833e-01
-9.8592124867e-02 -1.2071382511e-01 1.4125415505e-01
-1.0652327455e-01 -1.5432540440e-01 1.1414879220e-01
-1.2605365276e-01 -1.4075457484e-01 9.9757291403e-02
-1.4830717416e-01 -1.3094892445e-01 9.1518246629e-02
3.9450946610e-02 -6.6435245194e-01 4.3118099857e-01
9.5353491924e-02 -7.7713185674e-01 6.3289100711e-01
1.9667803940e-02 -1.3915051568e-02 6.1148676262e-02
-2.6464837268e-02 -4.7284349953e-03 -9.2754862613e-02
-2.3714986693e-02 -4.2056753288e-02 4.1320298233e-02
-2.4671121497e-01 -1.7153156232e-01 1.2612294063e-01
-8.3307743996e-01 -6.6185486868e-01 5.7400360593e-01
-4.1987174147e-01 -4.9227139318e-01 1.6410951129e-01
-2.2719231232e-01 -2.6231653806e-01 -2.6971450438e-03
-1.3319207049e-01 -6.5207613639e-02 1.1553728172e-02
-5.8709284062e-02 -7.0978302662e-02 6.6830124393e-02
-1.1015490613e-01 -1.2267210909e-01 1.1504448458e-01
-9.7725155124e-02 -1.6832799130e-01 1.0074391565e-01
-1.1067809179e-01 -1.3737154017e-01 5.9380717060e-02
-1.0318328551e-01 -1.4176902171e-01 4.5996243555e-02
8.2632733735e-02 -5.8589760260e-01 5.3427807686e-01
2.8062622459e-01 -7.5354832759e-01 9.9822673396e-01
1.6294317257e-01 -7.2635975896e-02 2.4711472199e-01
-2.3963810703e-02 -1.1705732513e-02 -6.3787963368e-02
-3.9639458370e-02 -2.8572017721e-02 7.4464784220e-02
-5.4441755427e-02 -5.0888059711e-02 1.1652520660e-01
-2.4722936590e-01 -1.9985169356e-01 2.7548691766e-01
-4.1499238245e-01 -4.3664953708e-01 3.4349552598e-01
-5.1863805996e-01 -5.9275369776e-01 3.4908162513e-01
-2.4248565773e-01 -2.4983104890e-01 1.3535957787e-01
-3.0417507300e-02 -1.2859466261e-01 1.1352484503e-01
-2.7891143982e-02 -1.3079948819e-01 2.1752007940e-01
-5.0113153589e-02 -1.4831323715e-01 1.9067932228e-01
-5.0279673801e-02 -1.4723426337e-01 1.4186430594e-01
-5.6134474204e-02 -1.6666550085e-01 1.7158325243e-02
-1.6398777007e-02 -6.9558207732e-01 2.8044407308e-01
9.8993595518e-02 -9.1918181583e-01 3.4746308984e-01
1.8838380431e-01 -2.1450566581e-01 -1.4244110360e-01
-8.7989155030e-03 -8.6053707241e-03 -6.5045834276e-02
-5.9292940905e-02 -2.7915652852e-02 5.8622205621e-02
-2.7235436943e-02 -4.6954390794e-02 7.2883978481e-02
-2.7241269469e-02 -9.1876507009e-02 1.2687210560e-01
-1.1904384530e-01 -1.7920074337e-01 1.7773886775e-01
-3.2880776716e-01 -3.2756204821e-01 2.4421393463e-01
-5.3630754757e-01 -3.7742854706e-01 5.3737416886e-01
-3.2575509151e-01 -5.1213904089e-01 5.6447391267e-01
-1.2145124401e-01 -3.3911702174e-01 3.8808613582e-01
-3.5643951661e-02 -2.6877070487e-01 2.9033466686e-01
-9.8313337075e-04 -2.0461106261e-01 2.4338112440e-01
2.0297697862e-01 -2.3115623322e-01 1.6573922581e-01
3.3138060010e-02 -4.6679139672e-01 -1.0653536552e-01
-5.2885907307e-01 -6.6094312748e-01 -1.3876002344e+00
-5.2288112729e-02 -1.7730515026e-01 -7.3408105905e-01
-3.2284811143e-02 -3.9655508321e-02 -6.6422486213e-02
-5.3448257386e-02 -4.4335777419e-02 9.3847806899e-02
-2.4535565481e-02 -5.6048284377e-02 1.0768210188e-01
-2.9909162497e-02 -8.1157049877e-02 1.3635225410e-01
-3.0416776066e-02 -1.0500628927e-01 1.4883756341e-01
-9.4232909851e-02 -1.2565574744e-01 1.7799808203e-01
-3.3155067055e-01 -2.7375925898e-01 5.6279805846e-01
-6.3573907718e-01 -6.2908244400e-01 9.5247494639e-01
-8.4657851051e-01 -7.0074162236e-01 8.0847143500e-01
-4.3805005979e-01 -5.9967196847e-01 5.8566472589e-01
-9.6031833240e-02 -3.5925053063e-01 3.5082000580e-01
-1.7690238076e-01 -4.1643762588e-01 4.1181104839e-02
-5.1678044655e-01 -5.9571651637e-01 -3.2209190656e-01
-5.6882369763e-01 -4.7617824321e-01 -9.3299337220e-01
-1.1808403803e-01 -1.1667077307e-01 -3.5547387089e-01
-4.3646022837e-02 -3.2456224997e-02 -3.7286486812e-02
-4.1829058269e-02 -6.6331417536e-02 7.9961840094e-02
-1.9563792344e-02 -1.0514821454e-01 5.9304372453e-02
-2.3352231951e-02 -1.4054613501e-01 1.2158994858e-01
-3.9792199659e-02 -1.6868286038e-01 1.0707665436e-01
-2.2248945575e-02 -1.5143847247e-01 1.2268766727e-01
-1.0012115116e-01 -1.2946362775e-01 1.3064524636e-01
-4.0316986027e-01 -2.7975405447e-01 4.0098354377e-01
-1.0398689643e+00 -6.3378747704e-01 7.8100805113e-01
-1.3672765969e+00 -1.0043814952e+00 8.0556518851e-01
-1.3816128423e+00 -1.0175317967e+00 2.7394908836e-01
-1.1763920911e+00 -8.3446390822e-01 -2.5355178074e-01
-8.7047232473e-01 -6.0822282278e-01 -3.8240738672e-01
-3.2991061577e-01 -2.2241071104e-01 -2.3508394525e-01
-3.3794767858e-02 -6.1105813220e-02 -7.7955447042e-02
-3.8245604129e-02 -5.7415665759e-02 -1.2466394365e-02
4.1726707055e-02 1.9995295986e-02 6.9882545293e-02
4.5149736888e-02 1.4210233299e-02 1.0080378668e-01
2.9277122965e-02 -1.3505088794e-02 1.4166162158e-01
9.2336599953e-02 -7.2013610046e-02 1.2308915590e-01
1.4678330943e-01 -1.1285786224e-01 1.0541406093e-01
1.5254729411e-01 -1.2240551087e-01 8.7047555780e-02
1.8677068839e-01 -1.8818684564e-01 1.0392097501e-01
1.8678214513e-01 -2.3135586470e-01 9.8622291246e-02
2.9991681568e-01 -2.9428004007e-01 1.1400654128e-01
4.5116515849e-01 -3.9488214227e-01 7.9782106661e-02
5.7974649266e-01 -4.8344651030e-01 -1.0532183620e-01
2.2943911456e-01 -3.1215424048e-01 -9.8354081278e-02
1.9077839228e-03 -1.6465955537e-01 -2.5718199826e-02
7.5318520892e-04 -1.2988211790e-01 -3.8281106161e-02
-1.1612110909e-02 -1.0479957776e-01 -5.2849898878e-02
5.2167868374e-02 1.4526176923e-02 7.9097756433e-02
3.9581230551e-02 1.5608234861e-02 1.1025386940e-01
3.0030335435e-02 -2.8131165731e-02 1.5692038265e-01
9.3041645470e-02 -9.7547359793e-02 1.6044871104e-01
1.6632107557e-01 -1.3974268012e-01 1.8001500774e-01
1.8558010417e-01 -1.7667561429e-01 1.6710534928e-01
2.2880156020e-01 -2.7283204325e-01 1.7441876326e-01
3.5848585907e-01 -4.3885019165e-01 1.8959918881e-01
5.1470989483e-01 -6.2271759031e-01 2.5608589736e-01
8.1233391820e-01 -9.7442174260e-01 1.4196980333e-01
1.2222017048e+00 -1.4430979136e+00 -5.1069510431e-01
7.3015388329e-01 -9.2196414651e-01 -6.4858646224e-01
1.3275105527e-01 -2.1753653957e-01 -1.2248889840e-01
5.3357417975e-02 -1.1422054049e-01 -3.5467558629e-02
1.7591466148e-02 -7.7230790924e-02 -3.2296917351e-02
3.2578579549e-02 1.1841879109e-02 7.0795724600e-02
2.3942969508e-02 -8.3648311198e-03 1.2133741248e-01
2.8852979578e-02 -7.9969801878e-02 1.5723205081e-01
1.8102787729e-01 -1.7895330848e-01 1.9423564220e-01
2.7633244783e-01 -2.4873442476e-01 2.2514303494e-01
2.0564555587e-01 -1.8647423890e-01 1.5408779139e-01
1.8297125206e-01 -1.9986829279e-01 1.2561358414e-01
2.1230736767e-01 -3.0548419428e-01 1.6590377482e-01
3.1162780495e-01 -4.6211015838e-01 1.5862948374e-01
4.0159972141e-01 -7.6633055326e-01 5.5275147198e-02
7.2629680424e-01 -1.2705584284e+00 -5.1493802473e-01
8.1000458103e-01 -1.1146168501e+00 -8.1551428173e-01
5.1244197868e-01 -4.0213774210e-01 -4.0137408897e-01
1.3914640879e-01 -1.2684557861e-01 -1.3182381024e-01
-1.1268977321e-02 -6.3226786550e-02 -4.9126154389e-02
5.4650262995e-02 -1.0460131334e-02 8.5532038237e-02
7.4045963071e-02 -5.8086455927e-02 1.6115977222e-01
1.1304632045e-01 -1.3675236989e-01 1.7022901142e-01
2.3076600868e-01 -2.4513691784e-01 2.1424780842e-01
2.0538987728e-01 -1.7915619216e-01 1.3055726214e-01
4.4589455301e-02 -3.4596924259e-02 2.7531016330e-02
2.0260605569e-02 8.3235895543e-02 4.4744537796e-02
9.9894815101e-02 1.0250590573e-01 1.7385941883e-01
2.2433520811e-01 -8.2771382122e-02 1.4115533621e-01
2.2477603234e-01 -4.0579470168e-01 7.3392156432e-02
2.1379419276e-01 -4.6525701439e-01 3.2847779975e-02
9.1026883999e-01 -7.2359091043e-01 -4.6358585350e-01
1.6759693543e+00 -7.7864955768e-01 -1.0160557247e+00
6.9445809857e-01 -3.3908503012e-01 -5.8523605667e-01
2.3603894872e-02 -8.8318735310e-02 -1.1700730332e-01
3.6469050359e-02 -4.0313282559e-02 1.2771958487e-01
5.9660882556e-02 -5.1159536228e-02 1.3160814292e-01
6.1531181758e-02 -8.6671939128e-02 1.0775395385e-01
6.8528955384e-02 -1.5216047770e-01 1.0793461070e-01
-5.5703580444e-02 1.1851079732e-01 -4.1812271442e-02
-1.3043365581e-01 4.7422987195e-01 -8.8273441705e-02
1.0764432074e-01 6.5940686492e-01 1.3786384483e-01
3.4780113412e-01 8.1975269857e-01 4.5935191968e-01
3.2303355827e-01 5.2164686872e-01 3.3707935796e-01
2.4251638609e-01 6.3578523758e-02 1.7979649831e-01
2.2343543201e-01 -2.2652392981e-01 1.1369495022e-01
6.4669486225e-01 -6.6817588460e-01 -2.8917739330e-01
1.1007150803e+00 -2.1652108387e-01 -8.3051030252e-01
5.0214378195e-01 -1.0167067577e-01 -7.4635145049e-01
-4.6268368304e-03 -9.0314001932e-02 -1.6740317632e-01
4.2415871965e-02 -6.3433531633e-02 1.5507850255e-01
9.3173173117e-03 -3.5449547209e-02 6.1453050627e-02
-3.5222755911e-02 -1.0384985501e-01 5.3354704897e-02
-1.0726538795e-02 -7.0690799773e-03 5.0664576094e-02
-1.3345581738e-02 6.3842021041e-01 -1.2483539740e-01
1.5380548805e-01 9.3408577855e-01 1.1332454222e-01
6.0569592751e-01 1.0842051184e+00 5.7766339153e-01
6.1342500806e-01 9.9695036273e-01 6.7885272580e-01
2.6985479139e-01 2.6380781981e-01 3.0071981506e-01
1.1087725101e-01 -3.3821229033e-02 8.5531561830e-02
-3.6486238552e-03 -5.7714763816e-01 -1.2241357917e-01
6.1747895070e-02 -9.7138320497e-01 -3.6089910910e-01
-4.7714061373e-03 2.4771138625e-01 -6.2674619584e-01
-7.1224995529e-02 3.6153494012e-01 -5.1803167226e-01
-5.4676502925e-02 -2.9717168321e-02 -1.2754416102e-01
6.2871852764e-02 -7.9600080831e-02 1.6700349024e-01
5.1507353521e-02 -1.0169057648e-01 1.2293460627e-01
8.1760060703e-02 -1.2722554747e-01 2.0122934103e-01
1.9039282565e-01 4.0467358971e-01 8.8390529294e-02
3.8764930836e-01 7.9086077185e-01 1.7823884149e-01
5.5500611853e-01 8.2691947095e-01 4.2092250118e-01
6.5483597706e-01 9.1039294521e-01 5.4315978780e-01
4.1749063804e-01 5.1439431754e-01 3.6219767749e-01
2.1058067460e-01 1.9883754375e-02 1.1280719753e-01
1.6971536242e-01 7.8105920808e-02 -2.5577827130e-02
-5.7916546116e-02 -7.5121028333e-02 -6.6518225444e-01
-4.0321988452e-02 -5.9193327492e-01 -1.2651332115e+00
-3.0416478602e-02 -1.5984755241e-01 -1.5353451486e+00
-6.9086845242e-02 2.3664755888e-01 -4.5268102172e-01
-3.6813913504e-02 -2.0161622687e-02 -6.4897489737e-02
6.8361630332e-02 -6.8133296573e-02 1.3244750765e-01
1.4699160700e-01 -1.4986168593e-01 2.0667045847e-01
3.3610321456e-01 -1.2439593720e-01 3.6411781684e-01
3.7340053096e-01 3.2195196806e-02 3.4072913672e-01
4.1036083781e-01 1.1216459656e-01 3.9738322736e-01
4.9103881230e-01 4.6185872453e-01 2.7764278504e-01
3.8366843272e-01 3.9936584489e-01 2.4947110105e-01
2.9325562262e-01 2.0457003868e-01 1.3320632429e-01
4.3070285210e-01 2.1996874250e-01 1.5009759697e-01
3.9821525804e-01 2.4846692694e-01 -8.6731372455e-02
2.6498821306e-01 1.9520023927e-01 -8.8286744486e-01
-2.8795209774e-01 -8.0784341095e-01 -8.8326845697e-01
-2.4077169430e-01 -1.2075043222e+00 -1.9208962241e+00
4.2075657738e-02 -1.2089724805e-01 -5.2348870362e-01
-3.9507438017e-02 -3.8107582629e-02 -3.5633808196e-02
1.2470855251e-02 -4.8034739803e-02 9.3602698911e-02
1.8393040106e-01 -2.1528876822e-01 2.3308064113e-01
4.7243648343e-01 -6.7124155293e-01 7.4928293250e-01
1.3089353807e-01 -4.2532683078e-01 3.3205637234e-01
2.7436331672e-02 -1.2424281251e-01 2.9716179232e-02
1.6109012021e-01 4.8161216310e-02 3.2899628045e-02
2.4559540466e-02 -2.1877399505e-03 7.8729968683e-02
8.8515496181e-02 -2.6486394645e-02 1.1560868877e-01
1.7348914140e-01 3.2449294868e-02 1.0892590337e-01
1.1021155088e-01 3.6810263848e-03 -7.2213426782e-03
2.2514606863e-01 -1.1455623226e-02 -4.0385559367e-01
2.1560808071e-01 -5.8504066770e-01 -5.2337770120e-01
5.5422612318e-01 -1.0545962446e+00 -1.5758303660e+00
2.3239281071e-01 -2.3868001621e-01 -7.0411016874e-01
-3.0609003138e-02 -3.8662355050e-02 -5.8286500370e-02
-2.4516195177e-02 -6.1621436016e-02 8.0222198146e-02
-4.4515780050e-02 -3.4431565405e-01 2.5778240345e-01
-1.8976647188e-01 -9.3334507087e-01 5.6872324114e-01
-1.6438443670e-01 -2.7194196801e-01 3.7042092694e-02
-2.6572771389e-02 -6.0505920006e-03 -3.0972630557e-01
-7.2637308474e-02 -2.8709285919e-02 -9.5622572172e-02
-8.3898398278e-02 -8.5667128475e-02 6.3605981045e-02
-9.3729095174e-02 -1.4022703289e-01 1.1269146821e-01
-7.9985692214e-02 -1.6744151749e-01 9.1273479461e-02
-1.2060547932e-01 -1.5059074761e-01 1.0475517999e-01
-5.4905858974e-03 -1.2155475804e-01 6.4711033620e-03
4.6996142184e-01 -3.9490665679e-01 -1.3142550345e-01
6.7673672855e-01 -6.2866593651e-01 -4.0564741892e-01
1.6786821451e-01 -1.3420028320e-01 -4.0217586393e-01
-3.8108047899e-02 -3.6222739918e-02 -1.0745218458e-01
-8.6762306178e-03 -4.9334251929e-02 5.9409864440e-02
-9.9234200198e-02 -2.2917505627e-01 9.2896032887e-02
-4.5998957204e-01 -6.8804291764e-01 3.0126788252e-01
-2.8255936998e-01 -2.1458431643e-01 -7.4358950602e-02
-1.6999790032e-01 -9.1028899479e-02 -8.8516687561e-02
-7.2121151911e-02 -3.7131693677e-03 -2.9325122019e-02
-5.0881537946e-02 -2.7527175934e-03 6.8176617782e-03
-8.0713066027e-02 -9.7782302029e-02 1.1896480042e-01
-8.3515158542e-02 -1.3757846149e-01 1.2405875710e-01
-1.2201609722e-01 -1.1209776880e-01 9.9731166240e-02
-1.6089523449e-01 -1.0247199612e-01 9.9604263158e-02
-3.2065873598e-02 -4.1345067516e-01 3.4154624852e-01
1.8664830960e-01 -4.4175767595e-01 4.4567636149e-01
1.6287450982e-01 6.0346412768e-02 -1.3436238112e-01
-1.2036800983e-02 -2.2330574317e-02 -1.0070314502e-01
-9.2397308660e-03 -5.0690544827e-02 4.9847044907e-02
-3.5687587812e-02 -1.1636769488e-01 8.0331901747e-02
-3.0265032330e-01 -4.3532155005e-01 2.5091188980e-01
-3.4386620391e-01 -4.7684834912e-01 8.5570381807e-02
-3.1417461566e-01 -3.6790881258e-01 2.5742689163e-01
-1.2786825214e-01 -1.0440385373e-01 5.6539207077e-02
-1.0812379846e-01 -1.1295960966e-01 -6.1643956882e-02
-7.9288971004e-02 -8.9691731355e-02 1.1909243472e-01
-5.6681741956e-02 -1.4420490644e-01 1.2554769430e-01
-1.1353165805e-01 -1.1750153504e-01 7.7706844577e-02
-8.7811544914e-02 -1.3211875603e-01 3.7046666850e-02
6.8638523896e-02 -4.4101931510e-01 7.3324011922e-02
2.1141559174e-01 -4.7552538285e-01 -2.8451617885e-01
2.2921630413e-01 4.9071720980e-02 -3.9791713745e-01
-8.9207121226e-03 -1.5237234767e-02 -8.2686693815e-02
-3.7619637152e-02 -4.5150045152e-02 6.5478445798e-02
7.4917507894e-04 -5.3207425289e-02 6.0505734844e-02
-6.6862440005e-02 -1.0963418024e-01 9.6932504000e-02
-2.0409646661e-01 -2.8511885879e-01 9.5347838838e-02
-3.3973283341e-01 -4.4450956890e-01 2.4429696221e-01
-2.2556139769e-01 -4.1800766708e-01 3.2906019652e-01
-1.7730272204e-01 -4.3574182518e-01 3.2975780386e-01
-5.2560463796e-02 -2.7133935369e-01 3.5383030212e-01
1.9968964782e-03 -2.0940970787e-01 2.9740060071e-01
-6.9522719271e-03 -1.2175572266e-01 2.0874860097e-01
8.4110254424e-02 -1.2149221907e-01 8.4724583710e-02
2.0055371128e-01 -3.9392403001e-01 -2.1387658243e-02
-6.8915055487e-02 -6.5058449104e-01 -1.2862034926e+00
6.6160802862e-02 -1.5302120909e-01 -9.1356258958e-01
-1.3348874972e-02 -1.9483103824e-02 -8.9943230881e-02
-4.7692633524e-02 -4.3175731342e-02 6.6130435213e-02
-1.6103112880e-02 -5.7261200268e-02 5.1097464731e-02
-3.0027987532e-02 -8.0826433108e-02 9.8336230895e-02
-4.4200691414e-02 -1.1694225928e-01 1.0794986575e-01
-1.2337776244e-01 -2.2126417465e-01 2.0349477481e-01
-3.3443956793e-01 -3.9741850938e-01 4.5922117454e-01
-5.5169097926e-01 -7.7109399555e-01 6.7500124300e-01
-4.5436528939e-01 -7.6193149702e-01 6.8679250635e-01
-2.4425248910e-01 -6.3030880473e-01 5.4595707415e-01
-2.7506372176e-02 -2.7390717113e-01 3.5324151780e-01
2.4453082955e-02 -3.5865670877e-01 5.9617337507e-02
-1.6211835457e-01 -6.7462753039e-01 -1.6073673920e-01
-4.1351991271e-01 -6.9859547519e-01 -1.3128993887e+00
-1.3851128309e-01 -2.0359772759e-01 -6.9054294601e-01
-2.9657555142e-02 -5.2874473103e-02 -5.3154944823e-02
-3.6188069781e-02 -5.4483584565e-02 8.2976625220e-02
-1.3177201764e-02 -6.0605860617e-02 8.1034759936e-02
-3.8915299284e-02 -8.6491086773e-02 1.2094481189e-01
-3.0129819080e-02 -1.1142970424e-01 1.2062315438e-01
-3.3165610746e-02 -1.0933935121e-01 1.4742205788e-01
-2.0815315097e-01 -1.9938305427e-01 2.5468904952e-01
-5.2669461790e-01 -6.1611502829e-01 6.5326896954e-01
-8.1793573917e-01 -9.8241381696e-01 9.2589647043e-01
-8.8039906700e-01 -1.1537469446e+00 7.9867193332e-01
-7.3158986411e-01 -8.7563738160e-01 5.3371507072e-01
-5.9835596309e-01 -8.5918058123e-01 -1.6140113721e-02
-7.6647710187e-01 -1.0169851876e+00 -3.4051419546e-01
-4.2866770454e-01 -5.5705925664e-01 -5.6714581183e-01
-7.4323503731e-02 -1.3640407767e-01 -1.9900104356e-01
-3.7098597256e-02 -4.5537167034e-02 -3.6452256330e-02
-2.0001200731e-02 -8.4081866022e-02 8.2562316728e-02
2.6680286950e-03 -9.9000323938e-02 5.0026132555e-02
-1.9266762762e-02 -1.2595608590e-01 1.1888900463e-01
-2.7395761835e-02 -1.5514164470e-01 1.1068072242e-01
-1.3508511364e-02 -1.5240607984e-01 1.2049466848e-01
-5.7352505200e-02 -1.3457070594e-01 6.4791741411e-02
-1.7116634060e-01 -2.4734999352e-01 2.0843690533e-01
-5.2577920342e-01 -5.4534856796e-01 4.1647018055e-01
-8.0676343370e-01 -8.9345515263e-01 4.9357524008e-01
-8.8794857275e-01 -9.6004770612e-01 2.9250802031e-01
-7.1638193261e-01 -7.6879930211e-01 -2.5662695348e-02
-4.8435916909e-01 -5.0457033352e-01 -1.3848363489e-01
-1.6494742673e-01 -2.0209927225e-01 -9.3510779828e-02
-7.8043855531e-03 -5.7026179367e-02 -6.8789753182e-02
-1.3630356390e-02 -6.3111054118e-02 -2.0820281247e-02
2.5676965309e-02 6.7048354191e-03 9.3680237115e-02
1.5369670861e-02 8.7211345863e-03 1.2032480547e-01
1.2095165034e-02 -1.3754839222e-02 1.5952949812e-01
2.7140213371e-02 -4.3422544786e-02 1.3625719449e-01
7.2048383372e-02 -7.4721795002e-02 1.2112580034e-01
5.1472142289e-02 -6.1163058144e-02 9.4248923700e-02
6.8275288033e-02 -9.2913636356e-02 9.4549454857e-02
2.8082552858e-02 -9.6248934623e-02 8.8008939494e-02
4.4731072055e-02 -1.1740900205e-01 9.8703828476e-02
-6.6611460652e-04 -9.7334106077e-02 1.1213655462e-01
3.9849068924e-02 -1.1942727164e-01 1.2409093006e-01
-1.1823051186e-03 -1.2575526587e-01 1.3317493333e-01
-2.3242531167e-02 -1.2186889556e-01 9.9932424016e-02
-5.1517347677e-03 -1.0995978024e-01 2.9803488518e-02
-2.1156095439e-02 -7.3354883677e-02 -2.1699649438e-02
2.2218808745e-02 1.5090028282e-02 1.0223422576e-01
7.4385944854e-03 7.8114811597e-04 1.2794943194e-01
-5.6247592711e-03 -2.4869504623e-02 1.5873437272e-01
2.9796897853e-02 -5.6605625222e-02 1.5691644620e-01
6.0323268188e-02 -8.6477501458e-02 1.5332489640e-01
5.0861198228e-02 -6.8230472642e-02 1.2403918261e-01
5.1987653177e-02 -1.2286743847e-01 1.1454852348e-01
7.3876613455e-02 -1.8238968325e-01 1.0222948710e-01
1.1731731988e-01 -2.6807255779e-01 1.3566269716e-01
1.4176726460e-01 -3.7728070480e-01 1.2994999278e-01
1.9017925932e-01 -4.5518347792e-01 3.6258011792e-02
9.3783540947e-02 -2.7971289303e-01 3.1459089133e-02
4.0069224962e-02 -1.2082300097e-01 1.1427055984e-01
5.1655686895e-02 -9.0640868435e-02 6.2162618129e-02
2.2022402599e-02 -4.9519072143e-02 -4.5212042384e-03
6.1357825288e-03 1.4448324358e-02 8.3073589926e-02
-1.7542523901e-02 7.9141460292e-04 1.2032048027e-01
-2.7402137277e-02 -4.7356740695e-02 1.4895639997e-01
3.9525566368e-02 -7.8228676307e-02 1.3600531889e-01
6.6971247366e-02 -9.5135868647e-02 1.1214352844e-01
4.9738233780e-02 -7.8390977672e-02 9.6541439302e-02
8.1404637072e-02 -1.3623953640e-01 8.9951958095e-02
1.4677106211e-01 -2.6808100500e-01 1.1578782040e-01
3.0250846246e-01 -4.3552007571e-01 1.3307471628e-01
3.9431041401e-01 -7.1383759637e-01 5.1664112518e-02
5.5027693394e-01 -8.8685470092e-01 -1.5825252668e-01
5.9557196909e-01 -3.7446956509e-01 -2.0082831549e-01
3.1316338774e-01 -8.3531172679e-02 -9.9787148599e-02
6.2480295776e-02 -5.3759033051e-02 -1.5452812925e-02
-1.8349215439e-02 -3.3804884630e-02 -2.6889381835e-02
2.4656697810e-02 7.2700435234e-03 8.3692242125e-02
2.8461900498e-02 -2.3507227687e-02 1.3807847590e-01
3.3279806581e-02 -7.9706129371e-02 1.3969120228e-01
8.6282998246e-02 -1.2941277688e-01 1.3174576564e-01
1.2486715261e-01 -1.6131900115e-01 1.0493196773e-01
1.6701501389e-01 -1.9414532170e-01 1.0328007757e-01
2.0928461204e-01 -4.9487494854e-02 1.4089157182e-01
4.0767162709e-01 9.3575106752e-02 2.7475494553e-01
6.4892390486e-01 -5.2480957131e-02 3.2231377839e-01
7.4419311709e-01 -5.3530107930e-01 2.7194627680e-01
1.0160961240e+00 -6.3626480286e-01 8.4836263675e-02
1.6478923384e+00 -2.9989788319e-01 -5.8563874442e-01
1.4305832032e+00 -6.9475515047e-02 -1.1898374305e+00
3.3517076999e-01 -9.6587689227e-02 -3.8398962530e-01
2.3639708246e-03 -4.5105062061e-02 -7.7898881191e-02
1.7757024316e-02 -2.0428381397e-02 9.0486661095e-02
5.6974393843e-02 -6.3054027878e-02 1.4009352551e-01
3.2188163012e-02 -1.1625815054e-01 1.4248995706e-01
9.5435258117e-02 -2.2077422640e-01 1.8306850349e-01
1.5427738664e-01 -1.7545494787e-01 1.4947762735e-01
2.9700422208e-01 1.2298754758e-01 1.9537975964e-01
7.1385339390e-01 3.4777073649e-01 4.9903347406e-01
1.0530130992e+00 3.3070952314e-01 6.4659361727e-01
9.7844821554e-01 2.5819344232e-02 4.0688112712e-01
8.5120898130e-01 -3.3789491260e-01 2.7295591157e-01
7.6185589838e-01 -4.5386005369e-01 -1.0909735170e-01
7.2092372982e-01 -9.4233239863e-01 -7.8536853388e-01
1.2570687574e+00 -7.3932080943e-01 -1.5559982859e+00
6.5226478722e-01 -8.5572734084e-02 -1.1192415551e+00
1.1661075706e-02 -2.5226168838e-02 -1.9086102450e-01
1.8205207382e-02 -4.4453875556e-02 1.3376553349e-01
3.7357986694e-02 -8.9131867344e-02 1.5466538193e-01
5.6760559099e-02 -2.1659547664e-01 2.1819508310e-01
1.8587338975e-01 -2.3482788832e-01 2.8628181959e-01
4.0829303290e-01 3.0799077575e-01 3.4533152520e-01
8.9160844032e-01 5.4104726342e-01 7.2780286556e-01
1.0165489523e+00 3.6154099445e-01 7.5472450909e-01
5.6719127878e-01 3.6782991043e-02 3.9974657359e-01
1.9912710190e-01 -1.8857259053e-01 1.6605131113e-01
7.4348879111e-02 -3.0965801863e-01 1.1956040169e-01
-5.6339374294e-02 -6.2265377515e-01 -5.7851942586e-01
-2.2863444190e-02 -1.5329996889e+00 -5.2982116027e-01
3.3857408147e-01 -6.0339001975e-01 -8.9279968557e-01
4.4776846838e-01 6.0482937691e-01 -1.7144485491e+00
1.0765195187e-02 7.3942696215e-02 -3.6103193500e-01
2.6032556774e-02 -6.4888760756e-02 1.4082119202e-01
6.1792834565e-02 -1.0853384653e-01 1.6462483516e-01
7.6284923309e-02 -2.0187487275e-01 2.5818630256e-01
3.8799132789e-01 7.6996850735e-02 4.1940807229e-01
8.8599611395e-01 2.9228366791e-01 8.8918735209e-01
8.2680714358e-01 3.7287651981e-01 7.8818033977e-01
2.9477121135e-01 2.6473085081e-01 2.5458201587e-01
5.7556290766e-02 1.9355300651e-02 6.4681049124e-02
6.5893277270e-02 -7.5993911800e-02 1.0983614236e-01
-5.4335328963e-04 -3.1754950253e-02 5.9373684614e-02
-3.2702533615e-01 -2.5837367518e-01 -6.3476383378e-01
-5.1405824904e-01 -1.7723009306e+00 2.3252577233e-01
-4.2112977027e-01 -2.4519991196e-01 -5.5233558230e-01
-2.6779703218e-01 1.2247232660e+00 -1.3409901712e+00
-5.7096694712e-02 1.9628177845e-01 -3.4333311556e-01
2.0831154353e-02 -5.8155236061e-02 1.2333342927e-01
5.3862534483e-02 -1.1769016220e-01 1.7693259304e-01
6.0516918054e-02 -2.1512715803e-01 3.0670506240e-01
3.9975775073e-01 -3.5481229064e-01 7.8416005612e-01
5.9826074245e-01 -2.5817033736e-01 7.7205548768e-01
2.6524677431e-01 1.8025007465e-03 1.7274739554e-01
7.0629790322e-02 2.5238791097e-02 6.3825643045e-02
4.8674090565e-02 1.8101488396e-02 8.9687144461e-02
1.2701763127e-01 -3.5007361470e-03 1.1069557688e-01
1.0945329574e-01 5.1851981368e-02 5.4717511834e-02
-6.9699878002e-02 3.3411577019e-02 -3.5231871536e-01
-6.2073285509e-01 -1.0750539752e+00 5.8181764679e-02
-4.2913577878e-01 -6.7226132258e-01 -3.8980367045e-01
-2.3952947149e-01 3.9103647001e-01 -3.4319729736e-01
-7.9801042524e-02 1.6017946902e-01 -1.7327957657e-01
-4.9310875744e-03 -4.4141012777e-02 9.7030344131e-02
3.1062145192e-02 -1.5401144134e-01 1.9119295278e-01
1.4413870459e-01 -5.4704283781e-01 5.9051523963e-01
1.7615728239e-01 -4.5770528113e-01 5.0607619853e-01
1.0833256843e-01 -1.5601470055e-01 -5.9436040146e-02
1.7368195603e-01 -3.1776345240e-02 -2.7588032544e-01
1.1382297461e-01 5.7798602011e-02 -4.9179136168e-02
-3.9164659768e-02 -8.5367672254e-02 6.9182176305e-02
-3.1743633406e-02 -1.3107110083e-01 8.3074103068e-02
-2.0300379874e-02 -7.6295212012e-02 9.2872647665e-02
7.7862738277e-02 6.3112048048e-02 -1.7595278837e-01
2.6628120024e-01 -3.8688983376e-01 -9.1483925840e-01
3.4009398152e-01 -9.2730639722e-01 -1.0691976222e+00
9.4808888170e-02 -1.7298554747e-01 -3.2264974298e-01
-3.7526103862e-02 1.0905233651e-01 -1.1568488401e-01
-8.1893221436e-03 -3.6397224079e-02 6.6616723063e-02
-1.8317098442e-02 -1.5806788219e-01 1.5436573707e-01
-4.1914656943e-02 -5.0632476294e-01 4.5504587559e-01
4.0556375611e-02 -1.8808133364e-01 1.7152654762e-02
6.6123469830e-02 5.9290064192e-02 -5.1978060230e-01
2.6495179325e-02 1.8502488811e-01 -3.3217153269e-01
1.3305584611e-02 1.6296113481e-01 -1.4338177125e-01
-7.9342618810e-02 -7.0554259388e-02 2.8494502882e-02
-7.0435249955e-02 -1.4478532084e-01 1.0197087692e-01
-1.1940331095e-01 -1.0994331897e-01 1.0471418406e-01
-5.3935875549e-02 -1.0276828624e-01 7.4369464885e-02
2.0625898712e-01 -4.0001674325e-01 -3.6765189624e-01
5.4764335552e-01 -6.8441834834e-01 -1.4154649905e+00
3.4829616612e-01 -1.8316258356e-01 -8.9961013340e-01
-2.8796729816e-02 2.2648676086e-02 -1.5788674796e-01
-2.1998259007e-03 -3.5666897673e-02 7.6233154073e-02
-1.4740682986e-03 -7.5939000002e-02 8.6966505793e-02
-7.2341661400e-02 -1.8208100885e-01 1.2711626161e-01
-9.7637835005e-02 -1.8245242681e-01 -1.0241659280e-01
-1.3765774799e-01 -2.1272065108e-01 -1.0062482180e-01
-8.5246357867e-02 6.6321527836e-02 -8.1996119407e-02
-1.4771545266e-01 8.8970157694e-02 -1.6782054425e-01
-8.0840651896e-02 -5.8372054405e-02 5.4299440223e-02
-4.8858254915e-02 -9.6830874991e-02 1.7592592467e-01
-9.3278487114e-02 -9.3245411968e-02 1.3798575320e-01
-1.2434126222e-01 -1.1009621724e-01 1.0407283921e-01
-1.2977412952e-01 -3.5262334693e-01 -3.2000838186e-02
-5.6023768313e-02 -6.7311638709e-01 -1.2061016643e+00
1.6108553661e-01 -2.0009659301e-01 -1.0636846760e+00
-2.4032396357e-02 -2.6841406422e-02 -1.5730921890e-01
-1.1367429713e-02 -3.8254344775e-02 6.0248523084e-02
8.1799722102e-03 -6.1770822545e-02 6.5840314361e-02
-2.4297401854e-02 -8.9225662108e-02 9.8476894509e-02
-8.1580667687e-02 -2.1988345907e-01 8.2134952105e-02
-8.0358120123e-02 -2.5226727699e-01 1.6901192357e-01
-5.6230541881e-03 -9.0128916958e-02 -1.8523739376e-02
-2.0317446819e-01 -2.4474790767e-01 -1.0749342245e-01
-1.2162214542e-01 -2.4484413121e-01 2.2897395494e-01
-4.4395815860e-04 -2.4311009769e-01 2.8037728297e-01
-8.8744700441e-02 -2.1030060240e-01 2.0714527645e-01
7.6402846549e-03 -7.4821601577e-02 1.6110599679e-01
4.5836580549e-02 -2.3448050020e-01 1.8014916379e-01
-2.0745772181e-01 -7.1418281032e-01 -1.1669575345e+00
-1.3081007668e-02 -2.7887257315e-01 -1.0667534011e+00
-4.1935312660e-02 -2.4163302217e-02 -1.2415882026e-01
-3.2427246801e-02 -2.9100353389e-02 7.2908672485e-02
-4.2367320962e-03 -5.4303827544e-02 7.8919648726e-02
-2.7087457308e-02 -4.8355900104e-02 1.0139548892e-01
-3.8694610554e-02 -6.6111140378e-02 1.0383632558e-01
-7.8617087217e-02 -1.6083764758e-01 1.4123225021e-01
-1.7299511497e-01 -3.6612987346e-01 2.4470819176e-01
-3.4185678987e-01 -6.1687150433e-01 4.4558425796e-01
-2.5386152480e-01 -5.5979831688e-01 6.6970998977e-01
-1.7005821123e-01 -5.9733807294e-01 5.9066747597e-01
-1.5349880919e-01 -4.7074143673e-01 3.9522555758e-01
3.8391181920e-02 -2.9736332427e-01 2.1813570104e-01
-3.4209868024e-02 -5.0284295029e-01 9.9058236713e-02
-2.1735450373e-01 -7.4697822260e-01 -1.1079909655e+00
-7.9828144593e-02 -3.0440013212e-01 -8.0638006008e-01
-3.9214134347e-02 -2.7751992580e-02 -8.4694790282e-02
-3.8815398441e-02 -3.4676334538e-02 6.2716480505e-02
-1.4128694080e-02 -5.7222731746e-02 6.8224013833e-02
-3.2069770785e-02 -6.7160071561e-02 1.0354908812e-01
-9.8684364736e-03 -7.3349298178e-02 1.1684935722e-01
-3.0902433175e-02 -7.6776258102e-02 1.3048040703e-01
-1.2925470392e-01 -2.1234562094e-01 2.1463178337e-01
-3.2629037279e-01 -6.3454151512e-01 4.7908612435e-01
-4.7511252981e-01 -9.9904269232e-01 7.8206354783e-01
-4.4441120079e-01 -1.0864602753e+00 7.9836970372e-01
-2.8759740468e-01 -8.8492085268e-01 4.9533040068e-01
-3.3581239094e-01 -9.8795227013e-01 -2.0208180436e-02
-7.4763780322e-01 -1.1190420560e+00 -1.9540726538e-01
-3.9994464966e-01 -6.9225218863e-01 -6.3051492571e-01
-1.1994988866e-01 -1.8343759600e-01 -2.6873300832e-01
-4.6125344606e-02 -3.4317948753e-02 -3.0917940083e-02
-4.0995330722e-02 -4.1156496157e-02 8.9152539480e-02
-1.6032692082e-02 -5.4115038119e-02 8.8560807337e-02
-4.8704648790e-02 -6.8803126550e-02 1.2200376866e-01
-3.3868148540e-02 -8.5036161163e-02 1.2902555372e-01
-3.0812627034e-02 -7.6752901836e-02 1.3839358099e-01
-8.0966999458e-02 -8.3785053656e-02 1.1892515619e-01
-2.0262879263e-01 -2.8740969521e-01 2.6952510491e-01
-4.4188513175e-01 -6.6500348098e-01 5.2148847645e-01
-5.7913021319e-01 -9.4608614009e-01 6.6910866879e-01
-6.4562327208e-01 -8.2579818287e-01 5.2203238045e-01
-6.1399782946e-01 -9.0114611374e-01 -4.7948312355e-03
-6.8917078271e-01 -8.3896738115e-01 -1.4085990756e-01
-2.6888955675e-01 -3.5814202534e-01 -1.2300798662e-01
-3.0845352273e-02 -1.0480536412e-01 -4.5872424712e-02
-5.0988819752e-02 -3.3269814559e-02 -3.4235802728e-02
-1.1272813019e-02 -6.1894264230e-02 9.4536109532e-02
6.3436061258e-03 -8.8956739078e-02 7.6598262289e-02
-2.0516191812e-03 -9.4667097797e-02 1.2653216630e-01
1.5742226511e-04 -1.1314365088e-01 1.3262956788e-01
-4.6919975838e-04 -1.1361524121e-01 1.3905476970e-01
-3.6971325465e-02 -1.0058208375e-01 8.7488501975e-02
-2.2878709454e-02 -1.3314928844e-01 1.3407277545e-01
-1.2139665755e-01 -2.3506923110e-01 1.9213411208e-01
-2.2735880872e-01 -3.5822838226e-01 2.1452532736e-01
-3.3133732716e-01 -3.5581339736e-01 1.7165956068e-01
-2.3836717527e-01 -3.1324185511e-01 8.5098764333e-02
-1.4838427187e-01 -2.3904715861e-01 7.1900218879e-02
-5.1546254550e-02 -1.1578863125e-01 4.2175645888e-02
-6.7968361292e-03 -3.7281268991e-02 -2.2726532654e-02
-3.0089944087e-02 -3.4807388992e-02 -2.2456330308e-02
7.4993623795e-03 -1.5322002004e-02 9.1495576018e-02
2.6829921806e-02 -2.5878158783e-02 8.8575797620e-02
1.2657517631e-02 -4.9193938255e-02 1.2823023617e-01
1.6697556717e-02 -6.3629520067e-02 1.0937672443e-01
4.2163980291e-02 -7.8725401197e-02 1.1151432996e-01
3.5996941141e-02 -7.1306532192e-02 7.7084097269e-02
5.3284757377e-02 -9.3049171221e-02 8.1787851150e-02
7.1620948157e-03 -8.0104183252e-02 7.7185678487e-02
9.1617799206e-03 -8.1249174626e-02 7.9504017292e-02
-2.5937820744e-02 -6.1017008965e-02 9.0969975262e-02
-3.1666838834e-03 -8.8311548947e-02 1.1223730644e-01
-3.9148070658e-02 -1.1725377483e-01 1.4168110025e-01
-4.2237156589e-02 -9.9600341729e-02 1.2787651731e-01
-1.6437652885e-02 -1.1031708866e-01 6.7584867984e-02
-2.9869559735e-02 -8.2613125249e-02 6.3931635532e-03
2.6528288985e-02 -1.4658939555e-02 9.2167859331e-02
3.7603583243e-02 -3.4277319889e-02 9.0570988380e-02
2.8010306065e-02 -5.3324043714e-02 1.3159780241e-01
3.5376857530e-02 -7.3853989505e-02 1.0811660042e-01
3.9238649331e-02 -9.2726688152e-02 1.1585289811e-01
3.5382514988e-02 -8.8071940210e-02 8.3602036225e-02
4.0925701036e-02 -1.0739664871e-01 8.2794289310e-02
2.0414453305e-02 -1.1023734824e-01 6.3798862794e-02
1.8206590733e-02 -1.1628688652e-01 7.4553900347e-02
-2.7824445856e-03 -9.2517640433e-02 7.1833284888e-02
-1.4569069941e-02 -9.6075203767e-02 9.8146894281e-02
-1.4046484476e-02 -1.0559955406e-01 1.2629758041e-01
-9.3502407872e-04 -1.1188811394e-01 1.4689540637e-01
3.1231219877e-02 -1.1838508721e-01 8.2813024960e-02
8.6604589724e-03 -7.5915629820e-02 1.6526015125e-02
5.3966702755e-03 -1.1008771007e-02 7.9016645155e-02
2.7602361257e-02 -3.3944949671e-02 8.4954943028e-02
9.1234107669e-03 -6.6130663226e-02 1.1151859685e-01
2.5887413255e-02 -8.7584998113e-02 9.8968627640e-02
4.3335855256e-02 -9.3312500835e-02 1.0310422356e-01
3.1901078819e-02 -7.4783431250e-02 6.1879578467e-02
3.6450984798e-02 -8.6722012775e-02 6.2727197065e-02
2.5049033648e-02 -9.6348460564e-02 5.7693603302e-02
5.4045320503e-02 -1.1391976785e-01 6.8772495679e-02
9.0043949197e-02 -1.2647539724e-01 8.5891353685e-02
3.5683051226e-01 -1.4367248856e-01 1.3497527563e-01
6.4950955661e-01 -7.9316427431e-02 -1.1801920004e-03
2.6852688677e-01 -7.8312067805e-02 -8.1945918474e-02
3.2287357517e-02 -5.8016412844e-02 -2.0383096187e-02
-3.5342506004e-02 -4.9690238606e-02 -2.0477289075e-02
3.0550289192e-02 -1.9518547689e-02 7.5853579825e-02
6.3216218058e-02 -6.1086726976e-02 8.0397947578e-02
4.0585292533e-02 -8.4679488096e-02 1.0009149138e-01
5.1899882708e-02 -1.1366735565e-01 9.8690558017e-02
5.1403970167e-02 -1.0152629492e-01 7.2454274116e-02
6.0990673852e-02 -1.1056915985e-01 5.5974070453e-02
1.0460943864e-01 -8.9847973075e-02 9.0472333883e-02
2.9712827231e-01 -1.0386881581e-01 1.9013768173e-01
5.5181072156e-01 -1.9306647024e-01 2.6933558106e-01
5.5168057181e-01 -2.4068088235e-01 3.3988059383e-01
1.1535080706e+00 -2.6861489551e-01 4.1076107582e-01
1.7054205092e+00 -3.1092754595e-01 -8.1571198555e-01
8.4657487135e-01 -3.1787104620e-01 -1.5268532704e+00
1.6209155629e-01 -1.4367994326e-01 -3.2047021986e-01
-2.0704597137e-02 -5.5701058717e-02 -5.6461233397e-02
2.8150329710e-02 -3.4450512481e-02 8.8903487554e-02
6.7537252783e-02 -6.8833976112e-02 9.6211666188e-02
3.6348793966e-02 -9.5547494674e-02 1.1292714455e-01
5.0816896586e-02 -1.2686591523e-01 1.1686492032e-01
6.1328228601e-02 -9.6272867479e-02 8.9872005142e-02
2.0084852822e-01 -6.9768672391e-02 1.5361649097e-01
5.6886070410e-01 -1.4492998397e-01 3.8439267467e-01
8.3683676459e-01 -2.5255652272e-01 4.9048037886e-01
8.3053619474e-01 -3.3586307256e-01 3.5763911364e-01
4.2572261475e-01 -2.1862026377e-01 3.1244209002e-01
-3.7261365555e-01 -4.6076275737e-02 2.4713641289e-01
-1.2511125477e+00 -1.0306085632e+00 -6.6100004308e-01
-1.0825822614e-01 -1.6488953150e+00 -1.6382751332e+00
4.7684340922e-01 -6.0799272560e-01 -7.4668333286e-01
3.2626918876e-02 -8.1233645638e-02 -1.3841312990e-01
2.7402762986e-02 -5.1703511989e-02 1.0257688524e-01
5.7158981966e-02 -8.2930339719e-02 9.6286169704e-02
3.2633980922e-02 -1.2739626874e-01 1.2195659935e-01
5.2781073929e-02 -1.4315286549e-01 1.2820713780e-01
1.8859725346e-01 -7.8060879381e-02 2.4430735512e-01
5.7322752115e-01 -1.4724421917e-01 5.0486075525e-01
6.2793161362e-01 -2.1531527388e-01 4.6610762748e-01
3.0976304691e-01 -2.5428457590e-01 2.2771678645e-01
1.2015804464e-01 -1.3897264463e-01 1.5131199156e-01
-3.2301171523e-02 -1.2727247860e-01 2.1845693375e-01
-5.8338344907e-01 -5.3461992320e-02 9.8215900555e-02
-6.6273249273e-01 -1.3713379639e+00 6.7518526168e-01
9.8346733224e-01 -2.1912707731e+00 -6.7598070683e-03
1.2683556368e+00 -8.9766378820e-01 -1.3708979239e+00
1.7524221298e-01 -6.9904647105e-02 -4.7260208352e-01
3.7562995421e-02 -6.8107050020e-02 9.9916578049e-02
6.7359630064e-02 -9.1183654499e-02 8.8982597936e-02
3.3922028252e-02 -1.1835932227e-01 1.2360004060e-01
1.1751735950e-01 -1.3718423239e-01 2.2942285195e-01
3.7973994288e-01 -2.2801332042e-01 5.3977482894e-01
3.6264096568e-01 -1.4714471723e-01 3.6736574224e-01
-6.8268848900e-02 2.0037226214e-02 -6.1163343446e-02
-1.0238337784e-01 8.7263794585e-03 -1.4735491523e-02
-6.3307038846e-02 1.5030623815e-01 1.4909105675e-02
-5.5477584799e-02 -1.3182187214e-02 1.1419253279e-01
-1.2776867739e-01 -7.7178353707e-02 1.1785879650e-01
-4.8130899302e-02 -9.0796809951e-01 9.1413208777e-01
5.2050377779e-01 -9.6893515914e-01 4.0400074651e-01
7.7364936055e-01 -3.7043762354e-02 -1.5606292168e+00
2.1971015005e-01 2.7052783350e-01 -1.0409107172e+00
3.6253033475e-02 -6.3907288448e-02 1.0305459536e-01
7.2960231044e-02 -9.2974954355e-02 9.8349992218e-02
4.3184115286e-02 -1.3746925263e-01 1.5281651164e-01
1.2974493904e-01 -2.7702270984e-01 3.5857605067e-01
1.9857182320e-01 -3.1822019495e-01 3.4260847458e-01
-1.2417920938e-01 -1.9593998577e-02 -1.3586754704e-01
-2.4373523151e-01 1.0217296010e-01 -8.0532068103e-02
-2.1071536949e-01 1.0890825469e-01 1.8453966739e-02
-9.1858574783e-02 1.2778134248e-01 -2.1186747596e-02
-1.4181063203e-02 1.5187332714e-02 5.0516898847e-02
-1.4645547694e-02 1.1725330132e-01 -2.7146878730e-02
-1.7377170078e-01 -1.1486196610e-01 2.8509038666e-01
-2.2539291197e-01 -1.0016428826e+00 1.3370910354e+00
7.2025679890e-03 4.2800458551e-01 -5.7646137696e-01
6.6954125340e-02 7.4369449624e-01 -1.2233485527e+00
1.5796697343e-02 -5.1430768311e-02 1.0564277695e-01
4.6995479797e-02 -8.3686167452e-02 9.7048837365e-02
3.6247046934e-02 -1.6616367648e-01 1.7933623169e-01
2.2036045929e-02 -2.7309355709e-01 2.1847190757e-01
-3.5255716583e-02 -1.3782957297e-01 -1.1743157921e-01
1.1005869340e-01 1.8820977847e-01 -3.0688512146e-01
1.4650265396e-02 1.9996164060e-01 -3.8846226125e-02
-1.8844140659e-01 1.5184609359e-01 6.8930771698e-03
-5.7836995865e-02 1.9215428926e-01 -8.6988889712e-04
-1.2197420360e-02 -3.1259875062e-03 8.0307680820e-02
2.4850533526e-02 5.7982789358e-02 1.0878340964e-02
-7.3025310718e-02 -1.4974490237e-01 8.1108788616e-02
-5.0110771664e-01 -5.6493849137e-01 7.2553297653e-01
-3.4480677588e-01 7.3370046448e-01 -4.6802684305e-01
-1.3661464272e-01 8.6963740353e-01 -1.0725981441e+00
-1.0918725206e-02 -3.4829446506e-02 9.1656307092e-02
1.2449043124e-02 -4.7208250641e-02 9.3027702995e-02
-1.4093664320e-02 -9.1618321524e-02 1.4011879305e-01
-1.5612830089e-02 -1.0909470279e-01 7.5562405606e-02
3.6518510405e-02 -6.3015206373e-02 -1.2134165249e-01
2.0614586473e-01 4.1270500805e-02 -1.5675427922e-01
1.9992970981e-01 1.3130876015e-01 -2.5187844249e-01
-2.9335214896e-02 1.0347021836e-01 -2.0855377978e-02
2.7119346880e-02 8.4010225577e-02 -4.2848673726e-02
-5.9547436116e-02 -4.7783024255e-02 1.1192818086e-01
-8.3398577812e-03 -7.1499946953e-02 1.5972642937e-01
-6.3985701728e-02 -2.6047155948e-01 3.1058360940e-01
-4.7765394838e-01 1.3391281315e-02 -7.9913672025e-02
-6.2932373182e-01 6.6216985378e-01 -7.4473317898e-01
-2.6651850930e-01 4.0394656167e-01 -5.3510638751e-01
1.9348991936e-03 -3.3682446453e-02 8.5905707569e-02
2.5984839734e-02 -4.4430450181e-02 7.5125088530e-02
2.4124558323e-03 -4.3744623502e-02 1.0554743815e-01
-3.6773852412e-03 -8.2887323555e-02 1.0387562218e-01
-2.3861691129e-03 -1.4898261099e-01 9.1774383677e-02
-2.4358568511e-02 -9.3522058808e-02 -5.4282325647e-02
-7.5259768590e-02 7.2859379576e-02 -2.4723447439e-01
-4.0787159529e-02 2.1421142967e-02 9.7150947813e-02
-2.5868146521e-03 -2.0048037711e-02 1.9131973929e-01
-7.4512577708e-02 -1.8223407511e-01 2.9816096616e-01
-7.3687017394e-02 -1.6995164842e-01 2.0850920889e-01
-2.7765173712e-01 -3.2719870439e-01 2.4292229348e-01
-9.1176181001e-01 -4.8806367981e-01 -1.2351042380e-01
-6.6608383505e-01 4.5667041126e-02 -5.2266642768e-01
-1.0104760076e-01 2.7469861052e-02 -1.2797467530e-01
-8.4087055049e-03 -3.6673993721e-02 7.7042628811e-02
2.6809693257e-02 -5.7120298740e-02 6.9075655634e-02
5.6684196702e-03 -5.2211952729e-02 1.0643259956e-01
7.0923723021e-03 -5.9475063781e-02 1.1373180087e-01
2.1372198247e-02 -6.7638934180e-02 1.1608250694e-01
1.4005259342e-02 -8.7154416051e-02 -1.5803822597e-03
-6.9940080417e-02 -1.9173101319e-01 5.9952049565e-03
2.7544227161e-02 -2.8157181288e-01 2.7348423677e-01
6.4601736191e-02 -3.5513020388e-01 4.6865507283e-01
-1.6253441872e-01 -5.4875180700e-01 4.2972098857e-01
-1.9001516247e-01 -4.7884312345e-01 2.2924956499e-01
-3.8155149332e-01 -5.0644768310e-01 4.7753876022e-02
-6.4964405732e-01 -7.1331033494e-01 -5.9558938136e-01
-2.6685933075e-01 -2.3391385877e-01 -4.5563383222e-01
-3.5059264980e-02 -4.6972279287e-02 -3.5557175409e-02
-2.2055173412e-02 -2.6593925769e-02 8.1384844220e-02
2.1252283514e-02 -5.3682098850e-02 7.6617955489e-02
2.0226795275e-03 -4.8888451933e-02 9.8290669745e-02
3.8731976765e-03 -4.3065002698e-02 1.0256349860e-01
1.6838003793e-03 -3.7574895205e-02 1.1775477521e-01
-4.7887985033e-02 -9.3719219104e-02 1.0089941288e-01
-1.3384733602e-01 -2.5946502072e-01 2.2605403205e-01
-1.0775193314e-01 -4.5026689095e-01 5.6272350236e-01
-1.2741113803e-01 -6.9689897580e-01 6.8430985622e-01
-3.9020695225e-01 -8.9769570422e-01 5.7219916883e-01
-5.1629939462e-01 -9.1298373185e-01 2.3865547759e-01
-7.0189614036e-01 -1.0839673332e+00 -1.3595592598e-01
-4.1498880707e-01 -7.7435322239e-01 -5.8586207466e-01
-7.9003362730e-02 -2.1469870415e-01 -2.5113494577e-01
-3.5238537595e-02 -4.1236452105e-02 -2.8985985808e-02
-2.5789350441e-02 -2.7497170616e-02 7.8875213660e-02
5.8111890456e-03 -4.9197876031e-02 7.3179169768e-02
7.6268428688e-03 -6.1216780800e-02 1.0165082582e-01
-9.0458299892e-04 -6.2138232881e-02 1.0716353967e-01
-1.3539798283e-02 -5.3836585300e-02 1.1416719086e-01
-2.7553464276e-02 -5.3530809498e-02 1.1697885676e-01
-5.5525536551e-02 -1.6351273502e-01 1.7918981409e-01
-1.8328144885e-01 -3.7970722588e-01 3.6968519451e-01
-2.5907379148e-01 -6.7295078305e-01 5.2238906509e-01
-3.6996700512e-01 -9.4900328105e-01 4.8031677069e-01
-4.6957334501e-01 -1.0269506845e+00 1.5103997641e-01
-6.0329605765e-01 -9.1995207443e-01 -9.1127123872e-02
-2.4863465976e-01 -3.8928551555e-01 -1.6534573788e-01
-3.3864099831e-02 -9.8560497800e-02 -2.7379343719e-02
-3.0310932795e-02 -5.0065956039e-02 -1.3176800102e-02
-1.8047176740e-02 -3.1403184947e-02 8.4822118144e-02
9.0190552216e-03 -4.0413441802e-02 7.5085163775e-02
-3.0902752284e-03 -4.6965133448e-02 9.4675479918e-02
-1.8137148542e-02 -5.4599426110e-02 9.5329980334e-02
-2.6174748534e-03 -5.7924931531e-02 1.1289425774e-01
-1.7767759561e-02 -5.4382549331e-02 8.7836835599e-02
-1.3039844095e-02 -7.8209665267e-02 1.2110145052e-01
-9.2307378352e-02 -1.4465409481e-01 1.6430526351e-01
-1.4264726604e-01 -2.7179044798e-01 2.1956976607e-01
-1.8775986014e-01 -3.4870225233e-01 1.8771978932e-01
-1.8369229064e-01 -4.0053244671e-01 6.6352890721e-02
-1.8515702968e-01 -3.0051318143e-01 5.0842662827e-02
-6.7661482136e-02 -1.4414782465e-01 4.5091795202e-02
4.1198851651e-03 -8.7834982191e-02 1.1698370932e-02
-4.0105458142e-02 -5.5807136557e-02 -2.4045508767e-02
2.4845056073e-03 -4.9251462985e-02 8.7573646377e-02
3.2907333492e-02 -7.1557963394e-02 6.1116034093e-02
2.3395090778e-02 -7.9351551172e-02 1.0601953597e-01
5.9697202140e-03 -8.8053963322e-02 1.0677845409e-01
2.2669334198e-02 -9.8726078750e-02 1.2354993904e-01
-1.3212021966e-03 -1.0178649676e-01 8.3916704698e-02
1.3111428633e-02 -1.0649990743e-01 1.0925322700e-01
-1.6471480729e-02 -1.0643558249e-01 1.2120924919e-01
-1.5029593057e-02 -1.1720483131e-01 1.2862540752e-01
-2.7595028504e-02 -1.1824399619e-01 1.0162859263e-01
-5.8550943122e-03 -1.1287832352e-01 9.0146505024e-02
-2.1289050346e-03 -1.1584711651e-01 1.1650816483e-01
-2.3034170842e-03 -8.1131347572e-02 9.3618125886e-02
1.5854067937e-02 -4.2042963608e-02 1.2079174219e-02
-1.7721829316e-02 -6.0054862049e-02 -3.1986470319e-03
2.5577607891e-02 -1.7293255376e-02 6.5891822579e-02
5.1809128072e-02 -3.4543349947e-02 7.2926441461e-02
3.3904713954e-02 -5.6037754383e-02 9.4157129247e-02
3.2014088372e-02 -5.8473472114e-02 9.8588864067e-02
2.8871861706e-02 -5.9188890477e-02 8.4479440911e-02
3.7120214855e-02 -5.8763247587e-02 6.0208364359e-02
4.3647502388e-02 -7.4405774137e-02 5.7374087743e-02
7.3198529672e-03 -6.9511456039e-02 5.7902321952e-02
-2.8350156866e-03 -7.1421094167e-02 5.9079441902e-02
-1.2342672328e-02 -5.9328435185e-02 6.1966386523e-02
-5.1017531894e-03 -7.5445138496e-02 8.6134044526e-02
-4.6270031066e-02 -5.9341396085e-02 9.6899153926e-02
-5.8074898527e-02 -4.6277858281e-02 1.0020834666e-01
-2.6041370366e-02 -3.7651368095e-02 4.0006163613e-02
-2.8018901320e-02 -4.4357059236e-02 1.4902869853e-03
3.4333187674e-02 -2.0844811628e-02 6.8037654078e-02
4.6236176050e-02 -4.6647491423e-02 7.6453356064e-02
4.1156981834e-02 -5.8976555149e-02 9.6265733361e-02
4.7545706773e-02 -7.4227417065e-02 9.7085095641e-02
3.4060227767e-02 -7.5913830295e-02 9.1180802177e-02
3.1932606526e-02 -7.3311406465e-02 6.1936616961e-02
2.4993151852e-02 -8.4020860363e-02 5.7916592618e-02
1.9717928450e-02 -8.7104461600e-02 5.1601468245e-02
-1.4801007004e-03 -8.2929707543e-02 5.4205972611e-02
-5.8721228994e-03 -7.1071025634e-02 5.3123077298e-02
-2.0601282107e-02 -7.2216595572e-02 7.4186567884e-02
-2.0639893642e-02 -6.8203087751e-02 9.3792160278e-02
-2.0304430877e-02 -5.7343036482e-02 1.0060431264e-01
-2.4988457157e-03 -4.7193644147e-02 4.8056012957e-02
1.2291058884e-02 -3.7982496291e-02 3.3302909707e-03
1.9280444084e-02 -2.1134918159e-02 5.2117299521e-02
4.5468044567e-02 -5.6251121196e-02 6.2592746249e-02
3.0279319079e-02 -6.7603212313e-02 8.6455593146e-02
3.7979286482e-02 -8.0729510291e-02 8.5123543742e-02
3.7046270864e-02 -7.2200545246e-02 7.4044217766e-02
2.5545140048e-02 -5.6028592245e-02 4.2738259954e-02
1.8226884046e-02 -5.9333458848e-02 3.2274950010e-02
1.0331393439e-02 -6.7561603373e-02 2.9165179473e-02
7.8339712174e-03 -6.7431431652e-02 2.3615374584e-02
2.7075610873e-02 -5.2918525658e-02 3.6628095153e-02
2.0149377986e-01 -1.1152313378e-01 1.2576561494e-01
4.0503828727e-01 -1.2486915859e-01 -6.3045859091e-03
1.4021349346e-01 -7.3764568110e-02 -6.0064692960e-02
6.7498848446e-03 -2.5976347544e-02 -1.6277387031e-02
-1.8051456558e-02 -1.5888331207e-02 -3.6143906506e-02
4.1158222367e-02 -2.6962361440e-02 5.5240262127e-02
6.8214696630e-02 -7.2934546935e-02 6.5558409805e-02
4.3110781025e-02 -7.6373033308e-02 7.7280576395e-02
4.2268794142e-02 -8.7084735732e-02 6.8687880723e-02
2.9319622417e-02 -5.5586605462e-02 4.4854107538e-02
3.8991588598e-02 -6.5038481540e-02 2.8222020672e-02
3.1666151359e-02 -8.4893119718e-02 2.6024878766e-02
6.0111128019e-02 -1.2544094320e-01 4.7089158827e-02
1.1578683622e-01 -1.6966587756e-01 8.5128508616e-02
2.7156034983e-01 -2.0249064565e-01 2.1528232218e-01
1.1601127236e+00 -4.9089005919e-01 4.8581684088e-01
1.6858753341e+00 -6.3187219546e-01 -5.9510230565e-01
5.8995260055e-01 -2.4521336636e-01 -1.1320868474e+00
5.3954947785e-02 -5.3931887314e-02 -2.0034893063e-01
-1.0292392894e-02 -3.5552284001e-02 -5.7419478166e-02
2.2855427559e-02 -3.0963666037e-02 5.7840509333e-02
6.1490825630e-02 -7.0244928184e-02 6.3729612309e-02
3.6606986276e-02 -7.7766555658e-02 8.2794950587e-02
3.5061209326e-02 -8.5575584246e-02 6.9935964074e-02
1.3574778489e-02 -5.9389803307e-02 4.2192139960e-02
3.8110279091e-02 -8.3881977432e-02 2.5705295036e-02
6.3987637080e-02 -1.4727800128e-01 4.1522493548e-02
8.7631907018e-02 -2.3485134164e-01 7.2681472264e-02
1.9915976070e-01 -4.2244402047e-01 2.1125586160e-01
2.6248248234e-01 -3.0620091481e-01 3.7151997548e-01
4.6413400767e-02 9.7609881583e-03 2.1158202637e-01
-6.1996798995e-01 1.0738399405e-01 -1.2046194245e+00
-4.5625304186e-01 5.0182012908e-02 -1.8920459136e+00
5.5989768968e-02 -1.2845235354e-01 -3.9136218725e-01
-4.5623166962e-03 -5.2445738995e-02 -7.3129721826e-02
3.5582422959e-02 -5.1305602025e-02 7.9902342664e-02
6.5552772279e-02 -8.0878728648e-02 7.3259111386e-02
3.6701857408e-02 -8.2341761209e-02 8.3887440901e-02
2.1436049503e-02 -1.0852197895e-01 7.9639268176e-02
8.2609327877e-03 -1.1293380141e-01 8.5464005804e-02
3.8362773115e-02 -1.5820554479e-01 5.5020591140e-02
-2.8402377668e-02 -1.9298453799e-01 3.3510656749e-02
-9.6637680354e-02 -2.1533711426e-01 4.2534276509e-02
5.5530995482e-02 -2.4168029933e-01 9.5000516163e-02
7.6418195996e-02 -1.8375047672e-01 2.9584966148e-01
-6.9326227223e-01 6.7745983392e-01 -1.4202779244e-01
-1.1861905173e+00 7.8418672173e-01 -4.5766007916e-01
-4.1671852615e-02 -3.0174715071e-01 -3.3654640115e-01
6.5877722945e-01 -7.5405939553e-01 -3.4161029903e-01
1.3108349033e-01 -1.3994287558e-01 -2.2091657089e-01
4.1491411026e-02 -6.4413487108e-02 7.9210221653e-02
6.9948739638e-02 -9.2770927322e-02 7.7201705809e-02
2.7938096890e-02 -9.8931323444e-02 9.9422645700e-02
2.9555068560e-02 -1.2057170335e-01 1.1028958832e-01
-5.0891221730e-03 -1.4193467840e-01 1.0639415119e-01
-3.5600255727e-02 -1.1558810458e-01 -1.4809585393e-02
-1.6953029812e-01 -5.1576161224e-02 -7.5031525050e-02
-1.5208905318e-01 3.9345999741e-02 2.1542712646e-02
-1.6213618540e-01 3.4766407787e-01 -2.4348048932e-01
-3.8842370459e-02 1.1606322031e-01 -6.3487484898e-02
-1.8364166791e-01 4.5168993394e-01 -9.5606853870e-02
-1.4541404183e-01 1.6494199278e-01 2.0541647252e-01
6.6415344538e-01 -1.4124167907e+00 9.5763657651e-01
1.2319613309e+00 -1.4196962113e+00 -5.2308737643e-01
4.7706315577e-01 -1.2396748820e-01 -8.8798016599e-01
4.3845866984e-02 -6.4705050427e-02 8.3131021372e-02
6.8191774156e-02 -9.2423372153e-02 8.9085205125e-02
2.9778110667e-02 -9.3475225706e-02 1.0196654514e-01
1.2269841363e-02 -1.2195950120e-01 1.1521745518e-01
-4.1760487709e-02 -1.0189492867e-01 6.8907140702e-02
-8.7821150781e-02 3.7220082027e-02 -4.4577743919e-02
-1.0959362773e-01 4.4410974473e-02 3.2335611389e-02
-7.7748778231e-02 1.4835122533e-01 -1.4011252956e-01
-1.6524763240e-01 4.8008689506e-01 -2.5407237333e-01
-9.9977865947e-02 3.3324716098e-01 -6.8169013119e-02
-6.7365940978e-02 2.2882611593e-01 6.3834216863e-02
-2.2079791251e-02 -2.3675707837e-01 4.4806208526e-01
1.3850478810e-01 -1.4627173436e+00 1.5143388938e+00
6.9457620276e-01 -8.3823135586e-01 -2.0268201804e-01
5.6349952068e-01 3.0632173082e-01 -1.8985505635e+00
2.6281979057e-02 -4.8247465560e-02 7.9247757427e-02
5.1314935756e-02 -7.9041903053e-02 8.5279539330e-02
2.9419260337e-02 -7.9714945984e-02 9.1625554679e-02
3.9680204220e-03 -8.9178307176e-02 9.7316008825e-02
-2.1557864799e-02 -5.3421633063e-02 5.5788782275e-02
2.9232126248e-02 2.5715579313e-02 4.5726462075e-02
-1.3356300801e-01 -5.5188665732e-03 1.2735054278e-01
-1.7324203806e-01 2.8119830609e-01 -8.3293052799e-02
-7.1868817692e-03 5.2404307459e-01 -1.6690399382e-01
4.2286856732e-02 2.9773310392e-01 6.1445520359e-02
1.2941235670e-02 1.4777341428e-01 2.3836858295e-02
-7.4951502016e-02 -1.0525821098e-01 1.8955207771e-01
-9.0625702281e-02 -2.4400196805e-01 8.5390156462e-01
-1.4131316902e-01 2.4038965263e-01 -2.5594978229e-01
-3.8187538092e-01 7.0992418996e-01 -2.3845026441e+00
-4.8495396997e-03 -2.9788329129e-02 6.7525280823e-02
1.6656134600e-02 -4.6218011269e-02 8.2641148015e-02
1.0932302436e-02 -5.2140202459e-02 9.0869461202e-02
1.2512223907e-02 -5.9878127992e-02 1.0191817268e-01
1.3643913078e-02 -7.0411911391e-02 1.0172050109e-01
7.9029086888e-02 -9.8980301188e-02 5.9981009601e-02
4.4559426962e-02 -5.4549680904e-02 3.3905965584e-02
-4.6850560399e-02 2.1688278611e-01 6.2769674170e-02
5.5377512369e-02 2.2919378181e-01 -2.1819321127e-01
3.2845286328e-02 -2.3782299314e-02 1.4046657951e-01
2.7187247619e-02 -2.2841307613e-01 1.7857568635e-01
-8.0548607906e-02 -3.6248283801e-01 1.2946040450e-01
-6.0005604940e-01 3.9639214299e-02 -1.5454789000e-01
-1.3583109294e+00 3.0241306006e-01 -1.0473666177e+00
-9.7164013876e-01 3.4889951434e-01 -1.4288952324e+00
9.3633005926e-03 -3.0259956149e-02 6.8728015884e-02
2.9980370427e-02 -5.3660339579e-02 6.9226699050e-02
1.8821433969e-02 -5.5612151580e-02 8.3043920115e-02
3.1019106653e-02 -5.7825224345e-02 9.6587577218e-02
1.0558886099e-02 -6.4793439040e-02 1.0819064301e-01
2.2221520105e-03 -8.4550003317e-02 5.2638304559e-02
2.0024956945e-04 -3.6886447980e-02 4.8853193218e-02
-1.6969867964e-02 1.1483886190e-02 1.6978542935e-01
5.1465415868e-03 -1.4054605193e-02 1.0057502269e-01
2.3332697460e-02 -1.9021103347e-01 4.5256377074e-01
-2.5997007976e-01 -5.3913922750e-01 4.2128154706e-01
-6.0412479430e-01 -8.3274966425e-01 1.2386771431e-01
-1.2964344867e+00 -5.8789638694e-01 -5.0787009256e-01
-1.3862086339e+00 -1.4999391240e-01 -7.9308438163e-01
-3.5797318385e-01 1.8087836231e-02 -2.9085740527e-01
2.3539501719e-03 -3.3135570434e-02 6.1108662149e-02
2.4418584035e-02 -5.5273790887e-02 6.1561675846e-02
1.4250319458e-02 -6.2928932019e-02 8.1587564626e-02
1.9436911105e-02 -6.4049592691e-02 9.1939162614e-02
1.0490116761e-02 -6.2339293818e-02 9.1900510280e-02
-1.3040536231e-03 -5.5724073255e-02 6.3776484734e-02
7.6261668414e-03 -7.3773234264e-02 6.6135774442e-02
5.5167503580e-04 -1.3400907536e-01 1.2737304783e-01
-1.6205261594e-02 -2.5261711475e-01 3.6283869634e-01
-1.2230270281e-01 -5.6786056955e-01 5.8613356286e-01
-5.2218251159e-01 -9.2313981483e-01 3.4252155659e-01
-8.6476031707e-01 -9.7266561142e-01 -5.1870921576e-02
-6.3909782886e-01 -5.4766033067e-01 -3.1775477305e-01
-3.2042302700e-01 -1.1277301626e-01 -2.0434046854e-01
-5.1111282182e-02 -1.7753819796e-02 -2.8304692281e-02
-6.0375852244e-03 -2.0349481246e-02 6.4903487235e-02
2.4625093559e-02 -5.1808837594e-02 7.3506797245e-02
1.5789698166e-02 -5.4120263570e-02 8.1132919924e-02
1.2571275033e-02 -5.3333423670e-02 8.1073633321e-02
3.0654383986e-03 -4.6244957377e-02 8.5874204157e-02
-5.9757738136e-03 -3.7496289330e-02 7.3522907013e-02
-7.3723952706e-03 -6.5100923289e-02 9.8202429888e-02
-2.7713874547e-02 -1.1572767647e-01 1.5507032157e-01
-3.3481424130e-02 -2.6264451238e-01 2.5866869961e-01
-1.5368760471e-01 -5.2971439132e-01 3.4853307259e-01
-3.4092682959e-01 -8.2227376371e-01 2.2261506380e-01
-4.7358416577e-01 -7.4310451416e-01 -5.2570512285e-02
-1.9608430478e-01 -3.1659974910e-01 -1.1938461416e-01
-1.4666746595e-02 -6.1255810251e-02 -3.9235385644e-02
-1.6186843530e-02 -2.7586753930e-02 -3.7905201655e-02
-1.8179409399e-02 -1.9812296273e-02 5.8197404733e-02
1.1589275931e-02 -5.0787463631e-02 6.5801633793e-02
-8.6400873421e-04 -6.3178108698e-02 8.3699059683e-02
3.0060128785e-03 -6.3220989048e-02 7.9322541053e-02
-2.1278272767e-02 -5.0712055602e-02 7.5731144103e-02
-1.8350081560e-02 -5.0226713881e-02 7.2384517742e-02
-6.3079852785e-03 -6.7596358665e-02 8.6124617188e-02
-4.1863080667e-02 -9.1650512962e-02 1.0991501270e-01
-5.9866902163e-02 -1.5558957536e-01 1.0481835286e-01
-1.2958904819e-01 -2.3673261109e-01 1.2268088947e-01
-1.4582069694e-01 -3.1920500361e-01 1.0798644823e-01
-1.6873083452e-01 -2.4197936908e-01 4.1070482412e-02
-5.7495518702e-02 -9.7941549717e-02 2.0040275122e-02
-1.9120501001e-02 -3.7575762182e-02 -1.8381079463e-02
-2.9514256646e-02 -4.2375263128e-02 -3.5370831976e-02
-1.4762161307e-02 -2.2243569850e-02 6.7966706435e-02
7.1958342575e-03 -4.1761804174e-02 6.8570321209e-02
9.1699047873e-04 -4.9614523276e-02 8.0287171999e-02
-5.3035368832e-04 -5.6365889458e-02 8.5795272002e-02
-1.2343594259e-02 -5.2661859098e-02 8.6673166068e-02
-9.4400983643e-03 -6.2465765779e-02 7.5544361964e-02
4.1209990155e-03 -6.9155082399e-02 8.8401952562e-02
-2.7216856054e-02 -6.5242400097e-02 9.6605212137e-02
-1.7586379141e-02 -7.0934029853e-02 8.9794198646e-02
-3.8010221876e-02 -8.4511185361e-02 7.7714443474e-02
-1.1103821510e-02 -1.1568256741e-01 8.7270626822e-02
-3.7616524595e-02 -8.7031040546e-02 9.5549850176e-02
-2.9095387218e-02 -8.2602417288e-02 9.6127342525e-02
-4.7985259267e-03 -6.5819502922e-02 2.8424024522e-02
-2.6306708582e-02 -4.9082458625e-02 -4.3330261903e-02
1.5417348563e-02 -4.2967024424e-02 7.6393129929e-02
3.8648392608e-02 -6.6042613381e-02 6.1965275944e-02
3.0966079209e-02 -7.2030882955e-02 8.6043254224e-02
2.1743991056e-02 -7.6606575710e-02 8.9212861343e-02
1.5014860173e-02 -7.7278644161e-02 9.7353678456e-02
1.0596164902e-02 -9.1459344616e-02 8.2194173039e-02
1.9333519084e-02 -9.2590900128e-02 8.9412958164e-02
-1.7753126255e-03 -9.5962607033e-02 1.0088643690e-01
1.1232052031e-02 -8.9122769056e-02 1.0089963344e-01
-1.3872223298e-03 -9.4947033719e-02 8.9252997727e-02
8.7144335921e-03 -9.5995945901e-02 8.9357121317e-02
-1.4421724496e-02 -8.7308339285e-02 1.1484878672e-01
-1.1492042966e-02 -7.4942607982e-02 1.1965388351e-01
1.5032533299e-03 -4.4868779457e-02 3.0448105799e-02
-1.8432278502e-02 -3.5646655780e-02 -1.6211344789e-02
1.2064973937e-02 -1.1133848848e-02 5.1597900910e-02
3.7390523732e-02 -2.6958628682e-02 5.4632336649e-02
2.4383223035e-02 -4.1692550658e-02 7.8639799490e-02
1.8734990538e-02 -4.7191785499e-02 7.6321834818e-02
2.0743623645e-02 -3.9200149072e-02 6.6161477802e-02
2.9307929262e-02 -4.9194751994e-02 3.6344365241e-02
3.8935927670e-02 -6.6189179436e-02 4.6118639019e-02
-3.8722088604e-03 -6.0714000956e-02 4.1881845340e-02
-2.4364464374e-03 -4.7943423793e-02 4.7779953637e-02
-2.5814042259e-02 -3.2599295011e-02 3.9244630962e-02
-9.4856319346e-03 -5.1150950166e-02 7.4676096627e-02
-5.5066019075e-02 -3.9544524760e-02 8.5983158089e-02
-6.1898728384e-02 -2.2796220258e-02 1.0019648452e-01
-3.2835231624e-02 -1.5104079392e-03 4.6683981556e-02
-9.8676013023e-04 -3.7254996208e-02 3.0522836789e-02
3.0552820547e-02 -1.2791933210e-02 4.9068731697e-02
4.7537114478e-02 -4.3574674518e-02 5.6065111116e-02
4.3739800579e-02 -5.0322663490e-02 7.9678721418e-02
4.9925448711e-02 -6.9159816380e-02 7.3961998485e-02
4.2638000240e-02 -6.4946859996e-02 7.1655782752e-02
4.3005247897e-02 -7.6881006154e-02 4.5190650726e-02
3.9853568979e-02 -8.6922652774e-02 4.8804604940e-02
2.6044750230e-02 -9.3680436924e-02 3.8201730382e-02
1.4750347689e-02 -8.1194057473e-02 4.5194741866e-02
-4.9077673704e-03 -5.9659864534e-02 2.7102311524e-02
-1.0529646126e-02 -6.3371790973e-02 5.7550905574e-02
-2.9129649431e-02 -5.0013652961e-02 7.2832331505e-02
-1.8033548635e-02 -5.3558624391e-02 1.0016994705e-01
3.5511459890e-03 -3.0782272117e-02 4.6016595106e-02
2.4658216081e-02 -3.7837925476e-02 2.4252464391e-02
1.4877565791e-02 -1.0031551321e-02 3.5444335021e-02
4.6662316433e-02 -4.9839685295e-02 4.5638530666e-02
3.1971494276e-02 -5.3560465444e-02 7.1299538303e-02
4.7434089755e-02 -7.0032808976e-02 6.9441114130e-02
3.8232199363e-02 -5.0872313999e-02 5.5922665785e-02
4.0517710304e-02 -5.4046212869e-02 3.3162794844e-02
4.2088313903e-02 -6.2473254905e-02 4.1665932543e-02
1.9122049781e-02 -5.6218823601e-02 2.7367308011e-02
1.6799487333e-02 -5.2658698519e-02 2.5239899561e-02
1.4265563042e-03 -2.5287492184e-02 -2.6607123203e-03
4.2762665804e-02 -5.2344356198e-02 5.7406857397e-02
8.2389531646e-02 -6.5872853806e-02 3.5117726431e-02
2.9630614347e-02 -4.9159028243e-02 3.7504721894e-02
-1.3020516181e-02 9.7018515544e-03 -9.0737959609e-03
-7.3529954318e-04 -1.3035684653e-02 -9.5477603352e-03
3.3256382526e-02 -1.6963008389e-02 3.6039976532e-02
7.3538372134e-02 -6.7910314056e-02 5.5146681624e-02
5.4062528959e-02 -6.6973547550e-02 6.3313965514e-02
5.9395387706e-02 -7.8991081821e-02 5.2884838023e-02
4.3736585313e-02 -4.8097733755e-02 3.8010690485e-02
5.4837105428e-02 -5.8495591937e-02 2.0367313671e-02
5.1710363121e-02 -7.0866942744e-02 2.5717982535e-02
4.8791200232e-02 -8.6289309404e-02 2.9138410686e-02
4.8678301953e-02 -7.8450997791e-02 2.5432148302e-02
9.9726779943e-02 -1.0082649464e-01 6.1372066349e-02
5.1481231608e-01 -3.9002091524e-01 2.9533882627e-01
1.0159977369e+00 -6.4281929387e-01 -7.8872059932e-02
4.5792506875e-01 -2.4973293082e-01 -4.1582685037e-01
3.3268625276e-02 -1.4354464017e-02 -9.6695226111e-02
4.2805108385e-03 -3.1081438762e-02 -3.8195261507e-02
2.6173866781e-02 -2.3876549867e-02 4.7163513052e-02
7.8382673088e-02 -6.2543907271e-02 6.3345828441e-02
4.9319159067e-02 -6.1517722642e-02 7.5708616474e-02
5.1714098297e-02 -7.0077768286e-02 6.6477688960e-02
2.9797064244e-02 -3.5068286839e-02 4.6344745973e-02
5.5315575009e-02 -6.0034557247e-02 3.0096138668e-02
5.9867387087e-02 -8.9273077887e-02 4.3097930915e-02
3.9236579649e-02 -1.0316470192e-01 4.3894308465e-02
7.7387909439e-02 -1.6157116816e-01 1.0207356304e-01
1.8375248620e-01 -2.3029801084e-01 2.5670773186e-01
6.3026865068e-01 -6.5536337238e-01 5.7536701802e-01
9.4585607282e-01 -7.7610548148e-01 -4.4228039382e-01
6.1084571484e-01 -1.2872283940e-01 -1.5162636459e+00
9.2121152882e-02 1.4153596791e-02 -3.5531856877e-01
1.1946793928e-03 -3.0785582724e-02 -3.5384772026e-02
3.2347653918e-02 -4.3446518116e-02 5.4332642467e-02
6.4185511491e-02 -7.2273949447e-02 4.9618932959e-02
4.0918753598e-02 -7.7008897522e-02 6.8590571154e-02
2.9974745996e-02 -8.5812641415e-02 5.9359180194e-02
3.1292413093e-02 -6.6662379167e-02 6.3507420741e-02
4.1857387529e-02 -9.1738035456e-02 4.0725424110e-02
4.0265178842e-02 -1.2416206726e-01 6.6032486712e-02
2.9031724036e-02 -1.6698530556e-01 7.1924549452e-02
4.1791645246e-02 -2.4971646782e-01 9.7751003301e-02
1.6149702870e-02 -1.4215638777e-01 2.1635223078e-01
4.1808370943e-02 -1.3415517411e-01 2.9584684578e-01
-3.7643247303e-02 3.0455172018e-01 -3.7235999511e-01
2.2041813361e-01 1.0350010882e+00 -1.6745592566e+00
3.1301826712e-01 2.6701482051e-01 -7.3981387399e-01
4.8535991494e-02 -2.5093361418e-02 -8.3435499068e-02
4.6759133137e-02 -6.2555177437e-02 6.6799378094e-02
7.9493515532e-02 -8.5266826536e-02 6.8829244277e-02
4.7595851212e-02 -9.6567500084e-02 9.5696277455e-02
5.1431262425e-02 -1.1010801852e-01 1.0711446338e-01
3.2181219809e-02 -8.8145739658e-02 9.9216683509e-02
4.7147603102e-02 -9.3462116842e-02 7.0812114104e-02
4.2684852725e-02 -1.2432314726e-01 9.6413393400e-02
2.3563563579e-02 -1.1348644661e-01 9.3503661825e-02
-2.0895210856e-02 -1.0199764106e-01 -1.0199634036e-02
1.5389620331e-02 8.0568261451e-02 1.0085331490e-01
4.7542703147e-02 1.7310827296e-01 1.0349645500e-01
-6.5854850389e-02 8.7430242128e-01 -1.3743589095e-01
3.2665618716e-01 1.7875084805e+00 -8.4120748347e-01
7.9259171293e-01 6.7158083845e-01 -9.4143665391e-01
3.3498665012e-01 4.3472004599e-03 -3.5846908190e-01
3.7671043108e-02 -5.3527606947e-02 5.9973784906e-02
8.0638433963e-02 -8.5709222042e-02 7.5966966485e-02
3.7599103556e-02 -8.2088770219e-02 8.7083097382e-02
3.3543014482e-02 -8.3011503400e-02 8.9480620624e-02
1.8628471348e-02 -4.8686609365e-02 7.7976925172e-02
3.2928683302e-02 -6.9119709826e-02 6.4496119115e-02
4.7880715879e-02 -1.1211799001e-01 7.6855218954e-02
2.4959011845e-02 -3.0014620881e-02 -2.2882472185e-02
-6.5213407399e-02 7.7696967605e-02 3.2427341614e-02
-5.4539703771e-02 3.2053815970e-01 2.0145404328e-01
-3.3933390658e-02 -7.4626137818e-03 2.6405549713e-01
4.9880551383e-02 3.6520362688e-01 1.8840762274e-01
3.7200123089e-01 1.2214017071e+00 1.6733947880e-01
1.0218658619e+00 3.7930761384e-01 -3.6150057012e-01
6.7446141768e-01 -2.4034144692e-01 -1.2666896523e+00
2.9175427128e-02 -4.4644117294e-02 6.6768763974e-02
6.8301635622e-02 -7.6183588488e-02 8.0049606575e-02
4.0517644849e-02 -7.7482819626e-02 8.8880061193e-02
3.6881917970e-02 -7.5955269562e-02 8.6461890656e-02
1.8598029419e-02 -5.5063303828e-02 8.5258459632e-02
1.8295773669e-02 -6.4183816692e-02 6.8283483482e-02
-1.0069802695e-02 -9.8937384706e-02 9.1688623138e-02
-7.7200490433e-03 -1.0262866739e-02 -2.7090997312e-02
4.9952937903e-02 9.6257316642e-02 6.7069518112e-02
7.3370981848e-02 2.2264284243e-01 3.1311586073e-01
-1.1425865500e-01 -2.1730951648e-01 2.5356563088e-01
-5.3408374084e-02 -3.5708543072e-01 5.2241119280e-01
9.4342776401e-02 1.8156942258e-01 7.3014266372e-01
-1.1270185452e-01 -4.2840811213e-01 -1.4560090812e-01
-3.9063098078e-01 -5.7628779764e-01 -2.0777592042e+00
-9.1545941002e-03 -1.8111903671e-02 5.4698127564e-02
2.0807658970e-02 -3.9311421561e-02 7.1612604264e-02
8.8399248292e-03 -4.4697571719e-02 8.0375772063e-02
1.0994624344e-02 -4.2273495362e-02 7.8421820702e-02
3.8796483787e-03 -4.6742063375e-02 8.7384099016e-02
7.1791015606e-03 -5.7462704466e-02 6.3085643330e-02
1.4852006790e-03 -6.2011408217e-02 9.3990944881e-02
-3.1977476139e-02 -3.0253378651e-02 5.1912954166e-02
2.2504765199e-02 -6.5228073382e-02 3.7884334755e-02
6.7006793166e-02 -1.2426966686e-01 2.3558830939e-01
-7.6773202948e-02 -7.1490093240e-01 3.0383072200e-01
-3.0198535903e-01 -9.7334197328e-01 5.8699687539e-01
-1.0377380825e+00 -8.7881047536e-01 4.1116532674e-01
-1.9416415241e+00 -1.1619508509e+00 -8.0778947968e-01
-1.1188307348e+00 -4.7809412169e-01 -1.3224073135e+00
9.3990294428e-03 -2.2993230957e-02 5.2480976050e-02
3.6057316596e-02 -4.4163722796e-02 5.6033490861e-02
2.4806806671e-02 -4.8907953433e-02 6.7467504843e-02
3.1611998803e-02 -6.1466488611e-02 6.7840985250e-02
2.3103708735e-02 -5.5431330999e-02 7.2823205421e-02
1.8294742031e-02 -6.1415610239e-02 5.2798836178e-02
1.0940086490e-02 -6.5757209345e-02 7.5239237534e-02
-9.4105509963e-03 -7.6197587602e-02 7.5275609957e-02
4.1675695301e-04 -1.2745002798e-01 7.9328140548e-02
1.0565398961e-01 -1.9553186732e-01 2.2493723079e-01
-1.2467480699e-01 -7.1496084586e-01 3.7086572988e-01
-6.0729315581e-01 -1.1197472857e+00 3.5916971013e-01
-1.2322703948e+00 -8.6869200054e-01 5.9577567766e-02
-1.2839245454e+00 -6.1328059320e-01 -4.2500191661e-01
-3.2450038534e-01 -1.4751447266e-01 -2.1722928341e-01
1.4254480857e-04 -2.4185574191e-02 4.8524017668e-02
3.6013022334e-02 -4.2617610229e-02 5.2600129101e-02
2.5744364035e-02 -5.5749590734e-02 6.7373841916e-02
3.1164150074e-02 -5.9919348330e-02 6.8674453208e-02
1.1318710406e-02 -5.8243035569e-02 7.4819314106e-02
1.4477670579e-02 -5.8579273359e-02 5.7465619700e-02
1.8019037087e-02 -7.2142320031e-02 7.5694810662e-02
-1.2286411296e-02 -7.4436940759e-02 6.6779201239e-02
-2.2580589560e-02 -1.0684416769e-01 1.0230642658e-01
-5.7304251575e-02 -1.6877702852e-01 1.5136631091e-01
-1.6522089353e-01 -3.6189471915e-01 2.1256060677e-01
-3.6809589241e-01 -4.6589846718e-01 1.0517774032e-01
-2.5118917986e-01 -2.3870909252e-01 5.7875713359e-02
-1.6331821572e-01 -7.3155062016e-02 -1.6236279213e-02
-1.5624941968e-02 -2.1950713604e-02 8.5216613545e-03
-1.1672641310e-02 -1.2447884896e-02 5.0805513452e-02
3.4775241413e-02 -4.5181036933e-02 6.1046097884e-02
1.7448016203e-02 -5.0059793084e-02 6.3267730585e-02
1.8326269205e-02 -5.0907011544e-02 5.8162625551e-02
9.1089111914e-03 -4.5661873009e-02 6.0962362679e-02
1.4238440054e-02 -5.3072334392e-02 5.3517949834e-02
3.4023387785e-03 -6.0501452240e-02 7.0851604969e-02
-1.4161300861e-02 -5.9036390712e-02 6.8604654092e-02
-4.0000368174e-03 -7.2573412703e-02 7.2848046119e-02
-3.0785677836e-02 -9.3621066360e-02 3.8139929628e-02
-2.8841531295e-02 -1.5105891769e-01 4.9779150621e-02
-6.8506637653e-02 -1.1834343360e-01 3.4414973980e-02
-1.1125842343e-02 -4.6948428728e-02 3.4809729718e-02
3.6876329631e-03 -6.8298858480e-03 -5.7385914678e-03
3.5303898088e-03 -2.9674040079e-02 -2.0229551922e-02
-1.5794944548e-02 -1.2246218189e-02 5.1591607488e-02
3.1761377637e-02 -3.6804054564e-02 5.8678373313e-02
1.0931410301e-02 -4.9792653794e-02 6.8197077038e-02
1.9717706644e-02 -5.7189356498e-02 6.6680440263e-02
6.0133426247e-04 -4.4924876401e-02 6.6343251406e-02
7.9305803077e-03 -5.1439535606e-02 6.0228061439e-02
1.5626325456e-02 -6.8675924569e-02 8.0147350091e-02
-1.4738359973e-02 -7.0493759433e-02 7.3416624705e-02
3.3145212741e-05 -6.6557733587e-02 5.9696402598e-02
-1.4991757763e-02 -5.4307090624e-02 3.2023476984e-02
2.3241382335e-02 -6.6669236163e-02 4.4628604439e-02
-8.8439947830e-03 -4.5309546761e-02 4.6863227173e-02
-2.0675300539e-03 -4.0354793576e-02 5.4652103861e-02
-9.5660015138e-03 -3.4970215804e-02 9.4193096288e-03
-2.4491482306e-03 -4.0401859420e-02 -2.0270161695e-02
-9.0350538647e-03 -1.5984345336e-02 5.3102105677e-02
2.5789533339e-02 -2.9258183774e-02 4.8867172806e-02
6.2118498197e-03 -4.0875771861e-02 5.9816680256e-02
7.6565125504e-03 -4.2616972415e-02 5.4757689637e-02
-1.2325827974e-03 -3.9000669094e-02 6.5082837986e-02
6.5354365303e-03 -4.8113793740e-02 6.1539971030e-02
1.2948605412e-02 -5.4667635222e-02 7.0581766058e-02
-2.0398060450e-02 -5.6468331904e-02 6.8801599377e-02
-5.7848678995e-03 -5.2706287025e-02 6.9106711517e-02
-2.1466207559e-02 -5.0553770350e-02 4.4320897039e-02
1.2783604822e-02 -5.9689284664e-02 4.9183580415e-02
-2.5770628431e-02 -5.4024029968e-02 6.7854252347e-02
-1.5601966975e-02 -5.2075367079e-02 7.3925997852e-02
1.8599483707e-03 -4.1961871786e-02 2.7929161416e-02
-9.3880255466e-03 -3.9002255762e-02 -2.4920580155e-02
2.0899156783e-02 -3.8068490388e-02 6.3265439466e-02
5.4361266252e-02 -6.0207530433e-02 5.4585334450e-02
3.9492904590e-02 -7.0280683602e-02 7.3903002737e-02
3.3469311339e-02 -7.7821421447e-02 7.2565178135e-02
2.9067822799e-02 -7.0666457819e-02 8.5933937935e-02
3.1431294152e-02 -8.1339035901e-02 7.0613445342e-02
2.9387205337e-02 -8.7525051659e-02 8.0623507388e-02
4.5476005144e-03 -9.5793734008e-02 8.3023837642e-02
1.6241792948e-02 -8.7794885444e-02 8.5853178938e-02
1.7445007470e-03 -8.8313317649e-02 6.4942778321e-02
1.5286319070e-02 -8.1684006088e-02 6.4401180857e-02
-1.6418074852e-02 -8.1039686144e-02 9.0428265087e-02
-3.7170663567e-03 -6.2642603993e-02 1.0172638292e-01
6.6621330866e-03 -3.6444556573e-02 4.0787546873e-02
8.9086847304e-03 -3.9490035043e-02 -6.1157789195e-03
-6.7300878414e-03 -5.3730513740e-04 5.2529484212e-02
1.5089589803e-02 -1.7348772315e-02 6.5028061458e-02
1.0733230563e-02 -3.4811816116e-02 8.4154256351e-02
6.2188405101e-03 -4.2888446292e-02 9.0401307297e-02
6.0456379855e-03 -3.3249107103e-02 7.0933314638e-02
1.2232699411e-02 -3.6148692821e-02 5.3682583771e-02
2.5214931548e-02 -5.1423186426e-02 5.7775571354e-02
-6.6247399045e-03 -5.8310761713e-02 5.1277154097e-02
-1.3128439237e-02 -4.7894035861e-02 5.3362950574e-02
-3.5030273342e-02 -3.0952418312e-02 4.2065154528e-02
-2.3202571419e-02 -3.7970163801e-02 8.2192267278e-02
-5.4071966302e-02 -2.6361513231e-02 7.6803626471e-02
-6.1344907100e-02 -8.8535615792e-03 9.8802602821e-02
-3.7548819695e-02 4.1374439330e-03 4.0972940718e-02
8.4300807671e-03 -1.3382699301e-02 3.0126189618e-02
1.4161600938e-02 -6.7343216904e-03 5.7184675985e-02
2.4864934381e-02 -2.3115392309e-02 7.0255497195e-02
2.0007568484e-02 -4.2119622005e-02 8.7343060291e-02
3.4705352283e-02 -5.1269597337e-02 9.0275252532e-02
2.8258387972e-02 -4.9883593384e-02 7.3340381766e-02
2.9979553677e-02 -5.2084582019e-02 5.7474380547e-02
2.8795992456e-02 -6.6543547183e-02 6.0874495754e-02
2.2606610512e-02 -7.5095391532e-02 4.6648434095e-02
7.9370148432e-03 -6.2822112954e-02 4.6323449039e-02
-1.1135191499e-02 -4.1988181828e-02 2.8325384947e-02
-1.7232993359e-02 -3.9577461847e-02 6.8265183037e-02
-2.2714168754e-02 -3.4497988756e-02 6.2063543276e-02
-8.5468390649e-03 -2.5871203493e-02 8.7787018268e-02
1.0687282945e-02 -7.7732751568e-03 2.7611778113e-02
3.3827142000e-02 -9.2304408360e-03 2.4006356798e-02
1.5728204811e-05 -1.8344445946e-03 3.8281531631e-02
2.6586165622e-02 -3.2162764294e-02 5.7048308598e-02
1.4029828877e-02 -4.5242168699e-02 7.1217472080e-02
3.5523007824e-02 -5.6304577259e-02 7.5478968262e-02
2.2500559150e-02 -3.7261920456e-02 4.9011124813e-02
2.5779093038e-02 -3.3265671169e-02 3.6916030272e-02
3.2412408605e-02 -4.2851258689e-02 3.9506897169e-02
2.2864794878e-02 -5.4067805191e-02 2.6110279058e-02
1.6635094418e-02 -5.0589187268e-02 2.0839785086e-02
-1.0719882621e-02 -8.5783442453e-03 -9.1637489844e-03
-2.2530004460e-03 -1.8451946252e-02 2.9883964785e-02
-2.0388241713e-02 -4.8173334544e-03 1.9571505750e-02
-1.6028029736e-02 -2.6727004169e-03 3.2123935685e-02
-1.2605164558e-02 1.5907004210e-02 -1.6980087349e-02
1.0371191493e-02 6.7015292897e-03 -1.6872407762e-02
2.5450690781e-02 -3.1137874114e-03 3.8450092002e-02
6.0237492042e-02 -4.7279514395e-02 6.2930130423e-02
4.3101202648e-02 -5.0612852987e-02 6.5884974055e-02
5.4228843195e-02 -5.7260646115e-02 5.5937591808e-02
3.5783395400e-02 -2.8580447916e-02 2.9640450831e-02
5.2290086996e-02 -3.2672504260e-02 2.5306603532e-02
5.4897388937e-02 -5.4363208845e-02 3.2389186938e-02
5.4405194604e-02 -6.8243984749e-02 2.1397214438e-02
3.7682356100e-02 -5.1076368933e-02 8.8628870444e-03
2.8925736335e-02 -3.3762616492e-02 -8.1056472894e-03
6.7163800843e-02 -8.2243721486e-02 5.7894839574e-02
1.6764089525e-01 -1.7483468601e-01 1.4229922721e-02
9.2668085946e-02 -9.8841089958e-02 -4.7256552044e-02
7.0751300922e-03 5.0336161016e-03 -4.5702587303e-02
1.8356503110e-02 -1.2695016156e-02 -3.8088317394e-02
3.7992492359e-03 -1.2205149296e-02 4.5914262625e-02
4.4576808117e-02 -4.7267593620e-02 5.8621544499e-02
2.2166000690e-02 -5.3120053635e-02 7.0118575249e-02
2.1838455946e-02 -5.2700656175e-02 5.9397276239e-02
5.6888467876e-03 -2.4353704880e-02 3.1203401154e-02
2.5491070991e-02 -3.3788299545e-02 1.9922983989e-02
3.5781922913e-02 -5.7234085441e-02 2.8472361795e-02
1.7966353667e-02 -7.4560213378e-02 1.8957524607e-02
1.3759523112e-02 -7.2437942191e-02 1.5492945799e-02
1.1823364475e-02 -8.6763027600e-02 3.4864936737e-02
2.0340387965e-01 -4.1571638021e-01 2.8599375813e-01
6.2490653690e-01 -9.8667279147e-01 2.0135423963e-01
5.6134972548e-01 -6.6523239768e-01 -3.5916924206e-01
8.8177776309e-02 -1.0469828498e-01 -1.6049596623e-01
-1.7161198307e-03 -1.6271375000e-02 -4.0169401714e-02
6.0552994800e-03 -2.9329301216e-02 6.0829255554e-02
4.3002095503e-02 -5.8284270013e-02 6.3592378017e-02
1.8470785433e-02 -6.3745404038e-02 7.6125112518e-02
1.5324594973e-02 -7.1240357822e-02 7.4151691452e-02
8.3418517799e-03 -4.8874991314e-02 6.4516293354e-02
2.2575142216e-02 -5.6294713351e-02 4.1654067130e-02
2.9935289437e-02 -7.4188726364e-02 5.0508372303e-02
1.1507767408e-02 -9.5738734738e-02 4.9014062640e-02
1.5627457166e-02 -1.0128111593e-01 6.4395855723e-02
4.8337321952e-03 -1.3163745028e-01 1.2150077072e-01
2.4059868547e-01 -7.8718926291e-01 5.7955020152e-01
5.9071399022e-01 -1.4992200159e+00 6.2865036534e-01
8.7231840624e-01 -1.0528914771e+00 -7.4865071413e-01
4.2390406780e-01 -3.7944949180e-01 -6.2760680904e-01
4.7169694689e-02 -4.7950178575e-02 -7.4529359042e-02
2.2672560655e-02 -4.9980429369e-02 6.8216989271e-02
5.1479311572e-02 -7.2920872032e-02 7.5642836789e-02
1.4498403571e-02 -7.7231155025e-02 9.2698153600e-02
2.0643006785e-02 -7.8849972144e-02 9.9344382931e-02
2.8224379788e-03 -5.4000038267e-02 7.5209771321e-02
1.6083026930e-02 -4.6311439275e-02 5.5316008672e-02
1.2589583972e-02 -6.4463048048e-02 6.1349215025e-02
-2.9536566919e-03 -8.1312852916e-02 5.9541676186e-02
-1.8982804860e-04 -1.1381844851e-01 7.7118585480e-02
4.4924420277e-03 -9.2945330082e-02 1.3958381678e-01
1.0213930758e-01 -6.7158263830e-01 5.0483214040e-01
7.3160255711e-02 -1.0936020284e+00 7.7048039605e-01
4.3578779204e-01 -1.0026266146e+00 -4.9141389928e-01
6.6121459018e-01 -7.7155690759e-01 -1.3085753881e+00
1.9959914247e-01 -1.2042403813e-01 -3.4284675274e-01
1.2474495334e-02 -3.8393848099e-02 5.7606586033e-02
5.6221653929e-02 -7.2903334576e-02 7.9241930668e-02
2.1771780553e-02 -6.8111014346e-02 8.7309550525e-02
1.7352615100e-02 -6.4679339100e-02 8.5641118293e-02
-4.1850294709e-03 -2.6899030725e-02 5.3645333932e-02
2.6294585924e-04 -2.7454296594e-02 4.0261735130e-02
7.8120097783e-03 -4.8891774402e-02 5.4180836344e-02
-2.1752248017e-02 -5.2496894738e-02 4.8371642099e-02
-1.4062959048e-02 -9.0281619897e-02 9.2553830163e-02
-2.5701015583e-02 -4.5324222711e-02 1.6296789736e-01
6.2261013201e-03 -5.1926233566e-01 4.3930100075e-01
-1.9332292777e-01 -1.1264160693e+00 8.9150149366e-01
-3.0619274053e-01 -1.4691688834e+00 4.3208754182e-01
1.6175362983e-01 -1.4856366847e+00 -1.0635073168e+00
2.0822046087e-01 -6.1348363242e-01 -8.9355051099e-01
8.9484454423e-03 -2.9964331919e-02 5.8762124144e-02
4.1323807765e-02 -5.5285019964e-02 7.6550381830e-02
1.7160228132e-02 -5.9624223407e-02 7.9474417883e-02
1.1389600410e-02 -5.2139758212e-02 7.5367511548e-02
-1.1941150511e-03 -3.3168292380e-02 5.2878786624e-02
8.0225386021e-04 -3.3257073006e-02 4.6987821682e-02
3.8310620457e-03 -5.5270130810e-02 6.0528404989e-02
-2.0806212266e-02 -7.0675072705e-02 5.1587935224e-02
-1.3889266222e-02 -7.3307603384e-02 8.8270874288e-02
-4.2199372883e-02 -8.3488365387e-02 1.5591311160e-01
-1.2988582429e-01 -4.6156069980e-01 3.6124776024e-01
-3.4405257635e-01 -9.9718030665e-01 8.8443680947e-01
-8.7259782340e-01 -1.6795020787e+00 7.9414684576e-01
-9.6133941303e-01 -2.0636204686e+00 -5.4818129450e-01
-3.2951007161e-01 -9.4886898126e-01 -1.0340226442e+00
-2.6501815515e-02 -1.2069899033e-02 5.1339637339e-02
-1.7144212268e-03 -2.4574088622e-02 6.6566784154e-02
-1.4862141409e-02 -3.7248015853e-02 6.9440859265e-02
-7.9525111525e-03 -3.8804694383e-02 7.6411319449e-02
-2.3895661655e-02 -3.0856449358e-02 6.5118604389e-02
-2.4980173046e-02 -3.2364638268e-02 4.7784731307e-02
-1.4508323736e-02 -4.6096074275e-02 6.7075379817e-02
-4.7384077452e-02 -6.3001261491e-02 5.6857148989e-02
-4.1159336463e-02 -6.9089170104e-02 7.1454085472e-02
-8.1212660383e-02 -1.0195567567e-01 7.8301331858e-02
-1.3956168376e-01 -4.1480538925e-01 2.1497406720e-01
-3.2683084460e-01 -6.7723122599e-01 5.7399143263e-01
-9.7701965580e-01 -1.2601004154e+00 5.4131945308e-01
-1.2704454057e+00 -1.4152814935e+00 -3.2886249915e-01
-4.3502685113e-01 -4.6536729876e-01 -4.2638325206e-01
-6.2885270255e-03 -1.1549971244e-02 5.6476750663e-02
1.0459897857e-02 -2.8491451862e-02 6.2301599837e-02
4.4892386646e-03 -3.9051047295e-02 7.0111855821e-02
1.1378172550e-02 -4.2645311304e-02 7.3761029984e-02
-1.4135804949e-03 -4.0820358266e-02 6.9635332373e-02
-8.0466788183e-03 -4.7282431855e-02 5.6354500092e-02
-6.9207232391e-03 -5.3976479212e-02 6.7826116576e-02
-2.2125070268e-02 -6.8895500429e-02 6.6890871967e-02
-2.3772681150e-02 -6.2921301257e-02 6.8034091092e-02
-3.6583177415e-02 -7.5036106717e-02 5.1048020290e-02
-6.6520917681e-02 -2.0538462839e-01 1.0806572170e-01
-1.8269430313e-01 -3.2705924261e-01 1.7930219322e-01
-3.3774476375e-01 -3.7043552143e-01 1.9083368951e-01
-3.4913493247e-01 -3.1507622135e-01 -3.0080219855e-02
-7.4328192181e-02 -7.8676172029e-02 -2.5239114313e-02
-1.7267920991e-02 -1.1540622525e-02 4.4300221785e-02
6.5322332835e-03 -3.0191785553e-02 5.7417262085e-02
-2.2049857344e-03 -4.3242091469e-02 6.5097656327e-02
2.8449050506e-03 -4.7594789554e-02 6.9189916042e-02
-1.1747652524e-02 -4.3282819177e-02 6.2862635371e-02
-2.0060722753e-02 -3.9736097996e-02 5.2192437327e-02
-1.2913008806e-02 -4.6536175476e-02 6.2860328390e-02
-3.6662646710e-02 -5.2783256859e-02 5.4555279492e-02
-2.9120809638e-02 -5.2412070927e-02 4.6431389668e-02
-5.0610158934e-02 -3.7902502876e-02 1.8833927558e-02
-2.3085731939e-02 -5.5389866440e-02 4.9941562147e-02
-6.6111618442e-02 -6.1270613365e-02 4.1530744879e-02
-4.6156180656e-02 -4.3551535068e-02 7.0885458438e-02
-4.5330058309e-02 -3.5637396341e-03 -1.2710611978e-03
-5.3094632242e-03 6.2115720320e-03 1.6562608982e-03
-2.4291490225e-02 -1.7013760921e-04 4.8323773726e-02
1.2781099717e-02 -2.8116726086e-02 6.3438316538e-02
-2.0145132693e-03 -3.5462124652e-02 6.4842513914e-02
1.8975472570e-03 -4.0142144182e-02 6.1094202021e-02
-1.4469081814e-02 -2.8356453583e-02 5.0384203795e-02
-8.9340620372e-03 -3.0635665100e-02 5.4695079081e-02
-6.5586125376e-03 -4.3778898871e-02 7.1035349521e-02
-2.4538755595e-02 -5.0154954455e-02 6.3562472312e-02
-1.3679662374e-02 -3.6174701952e-02 4.5726902804e-02
-2.4125722854e-02 -2.9390185788e-02 1.8414325937e-02
1.7811878354e-02 -4.0047830756e-02 4.0119779276e-02
-1.3446084118e-02 -2.5380778012e-02 2.4921155234e-02
-8.8983101559e-03 -1.6906475645e-02 3.4563886220e-02
-6.8811537301e-03 -1.4690986128e-03 -1.8521930064e-02
5.0491377257e-03 -1.6679347927e-02 -2.0849953870e-02
-2.8318732524e-02 -1.1347508221e-03 4.5391835693e-02
8.3218604809e-03 -2.7685678789e-02 5.7472028530e-02
-1.1533680318e-02 -3.6080551193e-02 6.2844326615e-02
-1.1420562614e-02 -3.8984150258e-02 5.7382733972e-02
-2.9071888483e-02 -2.6143497605e-02 5.0231412031e-02
-1.9422576615e-02 -3.1595730581e-02 4.9790543800e-02
-9.8370598634e-03 -4.7409227587e-02 6.5749722404e-02
-3.4158497877e-02 -5.9000443451e-02 5.9216867686e-02
-2.5158758453e-02 -4.7701011361e-02 3.9906025443e-02
-4.0807661467e-02 -4.5749661028e-02 2.2505284158e-02
1.8729685363e-04 -5.2557331467e-02 4.3430625658e-02
-4.1065837819e-02 -3.6720893197e-02 3.8046735939e-02
-2.8748555906e-02 -3.1359067529e-02 4.1873450982e-02
-3.4728406331e-02 -1.3733813225e-02 -1.7779280520e-02
-1.9083684734e-02 -2.1340030195e-02 -2.4760408260e-02
-3.3486235180e-02 -8.2144042715e-03 5.5166377031e-02
-5.0291198856e-03 -2.1510729828e-02 5.4683162962e-02
-1.8260180552e-02 -3.3354408171e-02 6.3406977230e-02
-1.4431585903e-02 -3.4467783331e-02 6.0017751753e-02
-2.8977756009e-02 -2.5379342768e-02 6.2169408672e-02
-2.1819724861e-02 -3.3998703010e-02 5.2100305482e-02
-1.5071858957e-02 -4.6479112373e-02 7.2728727852e-02
-4.3882797654e-02 -4.5261367842e-02 6.3339091900e-02
-3.1422484748e-02 -4.2656456613e-02 6.2177824052e-02
-4.9021819790e-02 -4.3016707028e-02 4.0281370728e-02
-5.3041297556e-03 -6.2271463441e-02 6.0276960597e-02
-4.6552308208e-02 -5.1811243050e-02 6.4622494541e-02
-3.0188074078e-02 -5.0278651450e-02 8.9608750742e-02
-2.4680121389e-02 -3.3363518633e-02 2.7185766687e-02
-8.8811755235e-03 -2.6506335810e-02 -1.2530743363e-02
-3.8773972945e-03 -2.6850285181e-02 6.2655642007e-02
2.6550154315e-02 -4.7750777429e-02 5.7570418885e-02
1.8197377722e-02 -5.6931539511e-02 7.3561981510e-02
1.0894649802e-02 -5.6651028655e-02 7.4571902444e-02
5.0584017070e-03 -5.0502961190e-02 7.9997095721e-02
5.1661760908e-03 -6.2589175903e-02 6.8863348447e-02
1.4182010400e-02 -7.1005659772e-02 8.2574050563e-02
-1.3480189521e-02 -7.2877769033e-02 7.7748665835e-02
-6.2508160196e-04 -6.4697237183e-02 8.0764318665e-02
-2.0397298645e-02 -6.8321495773e-02 5.9986012325e-02
4.6685465305e-03 -6.8103934702e-02 7.4744820682e-02
-2.6238263529e-02 -6.7805067220e-02 8.8944911912e-02
-1.0697342369e-02 -5.1723448073e-02 1.0992747747e-01
-2.0884397449e-03 -2.8628735156e-02 3.8886366698e-02
8.0378720229e-03 -2.3530885041e-02 4.7092198993e-03
