-3.7034987342e-02 -3.2613965134e-02 -1.2043261218e-02
-5.9483927535e-02 -6.2532916620e-02 -1.7920689706e-02
-8.3856088028e-02 -6.7171774831e-02 -3.3015618659e-02
-1.2379161608e-01 -8.5926476276e-02 -1.0002007609e-01
-8.9580265557e-02 -1.3786729702e-01 -7.5551705971e-02
-9.1566722659e-02 -1.7912354057e-01 -9.9308770093e-02
-8.9756047222e-02 -2.0558687287e-01 -9.6793902284e-02
-5.5521694831e-02 -1.8967178246e-01 -1.2369701282e-01
-4.1011380934e-02 -1.9152485290e-01 -1.0051572939e-01
-8.6106196074e-02 -2.2921939691e-01 -1.0897534116e-01
-1.8022463866e-01 -2.6316042636e-01 -7.5735897418e-02
-1.7530881060e-01 -2.6546558694e-01 2.8338622619e-02
-1.3506985197e-01 -1.9176521369e-01 8.0921090849e-02
-5.5488899426e-02 -1.7368277869e-01 4.3620915694e-02
-5.1636482713e-02 -1.3275849060e-01 3.7420984839e-02
-3.7396671264e-02 -2.6127320058e-02 -7.4600955437e-03
-6.1367468909e-02 -4.6726329310e-02 -4.4111123149e-02
-9.3604698711e-02 -5.7518200214e-02 -7.0421082629e-02
-1.4592005182e-01 -8.2702491537e-02 -1.4954532004e-01
-1.1100215129e-01 -1.2265395044e-01 -1.2409793712e-01
-7.4769829015e-02 -1.1646429454e-01 -1.2095016310e-01
3.1669265704e-02 2.6109136671e-03 -5.3557898219e-02
1.6533298393e-01 1.4656013429e-01 -1.0223083603e-01
1.9816533008e-01 1.9006757556e-01 -1.4447739301e-01
4.1179882333e-02 1.4435207055e-02 -1.8332330793e-01
-1.5960817244e-01 -1.9362391199e-01 -1.2568244371e-01
-1.6394663952e-01 -2.4253668496e-01 1.4986798241e-02
-1.2530439945e-01 -1.8946308216e-01 7.5332085791e-02
-4.8403986665e-02 -1.7147801971e-01 3.5829470989e-02
-4.6820687383e-02 -1.5064733853e-01 2.5455619820e-02
-3.9342500837e-02 -4.0706661596e-02 -1.9456021696e-02
-6.0445846845e-02 -7.3660510435e-02 -5.5380259622e-02
-1.0682797410e-01 -1.0181492070e-01 -1.0213766349e-01
-1.4056670249e-01 -1.1854467630e-01 -1.7921689292e-01
-4.8569552139e-02 -7.9047861048e-02 -9.5263089913e-02
7.3395054426e-02 1.3179852203e-01 -4.7026189576e-03
2.6805782029e-01 5.1094835675e-01 9.6240965241e-02
3.8041543697e-01 7.3697595475e-01 -2.7308174577e-02
3.5640596602e-01 6.6792983524e-01 -1.9192723009e-01
9.9472866450e-02 2.3580908506e-01 -2.3674069338e-01
-1.3664257736e-01 -1.3826215158e-01 -1.8419238523e-01
-1.6358310230e-01 -2.2245300675e-01 -5.9685965826e-02
-1.2434446222e-01 -1.8677513285e-01 1.6956807133e-02
-5.9084827830e-02 -1.5887803817e-01 1.1935567544e-02
-5.5923130417e-02 -1.3212794492e-01 9.3457249258e-03
-3.8457083201e-02 -2.4848861096e-02 -4.1437338260e-02
-5.5847147517e-02 -7.3899755635e-02 -1.1346343678e-01
-7.8500892907e-02 -9.9674219616e-02 -1.7632559056e-01
-6.9472722679e-02 -5.0488080021e-02 -1.5418721705e-01
1.1262908269e-01 2.3419080916e-01 5.5906892246e-02
2.5070481600e-01 6.2612536318e-01 1.8660002822e-01
3.4266784581e-01 1.0154493936e+00 2.2884842637e-01
2.8032993607e-01 9.6011628465e-01 1.9620479339e-02
1.7036284063e-01 5.8832221369e-01 -1.7181471902e-01
1.0983549040e-02 7.8236697504e-02 -1.5338388537e-01
-1.3275778701e-01 -2.0569558838e-01 -1.0950105395e-01
-1.0798761104e-01 -1.5700116757e-01 -7.7669193453e-02
-9.0595393745e-02 -1.3573973889e-01 -1.1387600898e-03
-3.8728733510e-02 -1.1931262108e-01 1.9965137782e-03
-4.0200514298e-02 -1.0747558156e-01 2.4148355856e-03
-5.2171524652e-02 -5.9604072030e-02 -6.2013318488e-02
-6.4499200076e-02 -1.0142039413e-01 -1.0457618242e-01
-6.2858554301e-02 -1.0748138929e-01 -1.2862297398e-01
-2.7021966512e-03 7.6077649712e-02 4.3158378895e-04
1.8160026079e-01 6.0302558591e-01 2.4993129302e-01
2.3591738972e-01 9.8429660079e-01 3.0210993165e-01
2.2741952209e-01 1.1132683180e+00 2.2087504210e-01
1.4410917654e-01 8.4111576980e-01 -3.2607858677e-03
6.9203418407e-02 1.9835878519e-01 -1.1626462279e-01
-3.0604349576e-02 -2.5368803783e-01 -6.2189430373e-02
-1.0737768904e-01 -3.2749681857e-01 -3.2481189262e-02
-8.5179791933e-02 -1.5606738536e-01 -1.4945255378e-02
-5.0615607324e-02 -1.3819904124e-01 1.9762897464e-02
-2.3473628023e-02 -1.1563890208e-01 1.2178258261e-02
-2.6201985332e-02 -1.0130990715e-01 9.9775104415e-03
-6.0364293747e-02 -7.1318055856e-02 -8.2512228653e-02
-6.2616148224e-02 -1.1755578519e-01 -1.2760608200e-01
-7.3385474144e-02 -1.0174082471e-01 -1.1083178706e-01
-5.9812112200e-02 1.9947772316e-01 6.3109710919e-02
9.9615696584e-05 8.8119179162e-01 3.1572730812e-01
1.2125900647e-02 1.1183762028e+00 2.7926167803e-01
-1.7814226410e-02 9.9103725910e-01 1.4231793942e-01
-1.3032677360e-02 7.1027736899e-01 1.5868821007e-03
-2.9400297470e-02 1.9544804458e-02 -3.2178807570e-02
5.5794014190e-03 -4.8562406790e-01 -6.5469973839e-03
-2.9277784586e-04 -4.0958109371e-01 -8.3064430074e-02
-7.1587556110e-02 -1.1748039222e-01 -6.8791172686e-02
-6.8409129143e-02 -1.2056965679e-01 1.6562276538e-02
-3.3814892751e-02 -1.0888656702e-01 2.4956740219e-03
-3.6013452481e-02 -8.9241818500e-02 3.2527061987e-03
-6.9342527683e-02 -9.0259246808e-02 -9.1444121148e-02
-7.4984900709e-02 -1.2653978264e-01 -1.4039372594e-01
-9.0726777340e-02 -1.1793316374e-01 -1.1158610396e-01
-1.6562832853e-01 2.0834263698e-01 8.0145719505e-02
-2.7429728110e-01 9.0125354641e-01 3.0633510971e-01
-3.0319909678e-01 1.0962537323e+00 2.4440290533e-01
-1.9630641041e-01 8.4478989886e-01 1.2533099094e-01
-1.2240762981e-01 6.1852426593e-01 -7.8055641209e-03
-1.1385519535e-01 1.1259982631e-01 4.7112527447e-03
-2.7253120085e-02 -5.0541230411e-01 1.3724378234e-01
8.2835619139e-02 -4.9942770185e-01 1.0187821288e-01
-1.7216187004e-02 -1.6081494324e-01 2.5568969290e-02
-5.1918412788e-02 -1.3442090549e-01 5.2081979935e-02
-2.4044064751e-02 -1.2771055140e-01 2.2354924227e-02
-2.3064187832e-02 -1.1230793207e-01 2.1859007163e-02
-5.8442702118e-02 -7.5212897718e-02 -7.0743626230e-02
-6.1912206341e-02 -1.1627316446e-01 -1.0957405266e-01
-7.9440920895e-02 -1.4563986661e-01 -1.3318646869e-01
-1.7915935486e-01 4.3104476138e-03 -5.4127200740e-02
-2.5598120240e-01 3.9962308465e-01 1.2539234086e-01
-6.5729637378e-04 7.5338825472e-01 2.8214462696e-01
5.2010133899e-01 8.7569991520e-01 2.3753073461e-01
7.8438574876e-01 7.4508092925e-01 -5.5838652668e-02
6.2269215492e-01 5.0099902521e-01 -2.7257814800e-01
2.6811653753e-01 6.0795956958e-03 -1.5229293069e-01
1.0992274740e-01 -2.0174896779e-01 3.8098448607e-02
8.0421064326e-03 -9.9730474968e-02 5.4767730249e-03
-7.7361152179e-02 -1.3931424388e-01 4.1465889606e-02
-5.2789981768e-02 -1.3466340553e-01 2.5921441233e-02
-4.0689819076e-02 -1.0807183443e-01 1.8625819548e-02
-4.8240105919e-02 -6.6568060210e-02 -4.4265396781e-02
-4.8769289146e-02 -8.7801174591e-02 -7.5812775302e-02
-5.3471046381e-02 -1.1563352897e-01 -1.0529727375e-01
-8.0587431527e-02 -1.0557803705e-01 -1.0125288841e-01
-3.4857905577e-02 2.0819280071e-01 1.6895581715e-01
2.0420089555e-01 1.2980662545e+00 8.0086801354e-01
7.7512664995e-01 2.3450179042e+00 8.8894511850e-01
1.1830663121e+00 2.4005203485e+00 1.0700226320e-01
1.2546811796e+00 2.2573905516e+00 -8.0059654440e-01
8.9416814358e-01 1.4303602366e+00 -1.0505587705e+00
5.5002644227e-01 7.5635359216e-01 -3.5039549175e-01
2.9498086734e-01 4.0463677255e-01 -2.5731330302e-01
-1.4165929094e-02 -1.0809297016e-01 -2.2932412373e-03
-1.7802166185e-02 -1.4999420231e-01 3.3940383457e-02
-1.2404185343e-02 -1.2375994965e-01 2.1530365144e-02
-1.9197748087e-02 -6.3811794903e-02 -3.6168476300e-03
-1.8666084756e-02 -7.2945360850e-02 -2.8203790013e-03
-2.1715493640e-02 -8.5418069913e-02 -2.1710961374e-02
-5.2652938929e-02 -8.3506545826e-02 -4.1570881021e-02
-1.3516989098e-01 1.3779528462e-01 1.5465559139e-01
-5.1147243102e-01 1.0443793006e+00 7.4071670081e-01
-8.8740683994e-01 2.3811089104e+00 1.1802564738e+00
-6.8656737204e-01 2.8492568456e+00 4.8005483863e-01
-3.8151225956e-01 3.0038943252e+00 -7.0055796539e-01
-3.2371866907e-01 1.9948880331e+00 -1.2646457126e+00
-7.4369427326e-03 1.1630874029e+00 -5.7551369488e-01
1.5126054898e-01 7.9719209452e-01 -3.8524424673e-01
-2.8266563334e-02 -1.0568088496e-01 -4.6373718147e-02
-9.5667824721e-04 -1.6317152864e-01 1.8781392808e-02
-8.3080114297e-03 -1.1919503963e-01 1.9257795600e-03
-7.2509448083e-03 -6.6252310704e-02 7.2619208900e-03
-6.2565681969e-03 -7.1895786221e-02 -1.0901782573e-02
-1.0713311224e-02 -7.2834544480e-02 -1.9339049781e-02
-3.2352376624e-02 -7.5792877026e-02 -5.7175660625e-02
-8.2318474821e-02 -2.3222554588e-02 -1.1854510224e-04
-3.6651154470e-01 2.9968268614e-01 2.4763869154e-01
-1.1203045035e+00 1.1185422700e+00 6.9063062309e-01
-1.6928379069e+00 1.8548931036e+00 5.1701987252e-01
-1.5556129077e+00 2.1804194449e+00 -2.0597670107e-01
-9.8683422963e-01 1.1334722691e+00 -6.1781706367e-01
-3.2070572357e-01 8.6226268469e-01 -3.3809667264e-01
-5.4796938881e-02 6.9635339831e-01 -3.2601842862e-01
-2.2856577240e-02 -1.0641351276e-01 -5.1395816401e-02
1.3512878037e-02 -1.4799999721e-01 -1.0384274434e-02
-6.6079345419e-04 -1.2588967613e-01 -7.6935577876e-03
-4.9483759321e-03 -7.2568523285e-02 1.2266270079e-02
3.3923825905e-04 -8.1247097094e-02 5.4976163313e-03
-9.9360191753e-03 -8.3891632194e-02 -9.3404482603e-03
-2.7711052256e-02 -8.9289409332e-02 -5.0893580431e-02
-3.1479454513e-02 -9.3592702725e-02 -3.7273252369e-02
-8.6121965466e-02 -3.7285695426e-02 -7.9306787025e-04
-3.1680776150e-01 1.9112191694e-01 1.4557866962e-01
-7.9058999291e-01 5.6188598941e-01 2.4697678398e-01
-1.0093663839e+00 9.0901621505e-01 1.2032790261e-01
-6.0384265207e-01 6.7234001949e-01 -9.7464779194e-02
-2.2135312953e-01 5.7008434201e-01 -1.4798115647e-01
-1.0797769297e-01 3.8332515417e-01 -1.8187393030e-01
6.8398883614e-05 -1.3924434306e-01 -2.4326402694e-02
1.5117173856e-02 -1.5045491079e-01 -2.0790842761e-03
9.2543794564e-04 -1.1883571904e-01 7.7548166186e-03
-7.0023173751e-03 -6.4048722856e-02 3.6694486417e-03
7.3864165343e-04 -7.2595139104e-02 -1.3070788085e-02
-4.6044011092e-03 -7.9499932444e-02 -3.9337965754e-02
-1.7307388152e-02 -8.2710840600e-02 -7.0896064904e-02
-1.2023742202e-02 -8.3296657655e-02 -4.8473354870e-02
6.3252392278e-04 -8.1701424559e-02 -4.4881232662e-02
-7.5499258522e-03 -4.8022479367e-02 -3.5376021186e-02
-9.8096488502e-02 1.7101923049e-02 1.9860330653e-02
-2.4303997678e-01 1.5995080121e-01 7.3136406916e-02
-2.1368801498e-01 1.6800249252e-01 3.9399098460e-02
-1.4334240700e-01 2.2736159639e-01 -1.0268296900e-01
-9.9852958365e-02 1.5786544914e-01 -1.2339267039e-01
-8.4804336100e-03 -1.2742070478e-01 -2.3222849778e-02
1.0961367318e-02 -1.1738411620e-01 -5.5933957917e-03
-3.6129123915e-03 -9.0095776946e-02 3.7787705417e-03
-1.6596350888e-02 -6.7478854246e-02 -9.8469163053e-03
-5.7669286915e-03 -7.3596359779e-02 -2.1016732231e-02
-8.1837440741e-03 -8.2072194718e-02 -3.5646250792e-02
-8.9150498372e-03 -9.1263711950e-02 -4.7066108981e-02
-5.1308015819e-03 -9.4272026716e-02 -2.7185235632e-02
-6.8307398254e-03 -8.2187756622e-02 -3.6299564913e-02
1.9091546472e-02 -7.2220514011e-02 -4.6538419677e-02
1.2949307104e-02 -7.7998492477e-02 -5.0393607491e-02
-1.0983950605e-02 -6.4888337657e-02 -2.0185624836e-02
-3.2943711118e-02 -3.8636030803e-02 -9.0008718670e-03
-5.0635804365e-02 1.8548357487e-02 -5.2521125942e-02
-3.1878124359e-02 -3.5403257050e-02 -3.5936993204e-02
2.0170529882e-02 -1.2378164825e-01 1.4742637234e-02
2.4909187326e-02 -1.1090009144e-01 1.1322496203e-02
6.9121394691e-03 -8.4922270093e-02 1.9082442333e-02
-1.6375375026e-02 -7.2410889461e-02 -2.3654811619e-02
-7.4792775363e-03 -7.7629654643e-02 -3.4212876420e-02
-3.8685077389e-03 -8.6836133607e-02 -3.6137729912e-02
-8.8259790350e-03 -1.0540194435e-01 -5.2383720425e-02
-1.8315890025e-02 -1.1238286670e-01 -4.1717046492e-02
-8.5169481943e-03 -9.8884291242e-02 -5.7482096548e-02
1.0864344265e-02 -8.5189090763e-02 -5.2828501869e-02
1.9129364369e-02 -9.4808707848e-02 -5.3599048834e-02
7.4223697588e-03 -9.8123703733e-02 -3.3736313076e-02
3.2625326506e-04 -9.6704592295e-02 -3.6390941596e-02
3.3949330494e-04 -9.0112161714e-02 -3.4090425150e-02
1.7155013280e-02 -1.2531218911e-01 5.6323331926e-03
6.2741759648e-03 -1.2056719858e-01 2.4374313199e-02
1.5125087635e-02 -1.0326938825e-01 9.9595282248e-03
-3.9821430808e-03 -6.9984780834e-02 1.5087330598e-02
-1.8325709172e-02 -8.1748186678e-02 -2.8754183511e-02
-7.4422967381e-03 -8.6686961631e-02 -4.5614253298e-02
-1.1269806045e-02 -9.3125631591e-02 -2.6827917549e-02
-1.1242701856e-02 -1.1207028639e-01 -4.7214948994e-02
-2.3046402760e-02 -1.2334731222e-01 -4.0431771332e-02
-1.1002114904e-02 -1.2167064994e-01 -6.4677375644e-02
1.1093621689e-02 -1.0752899911e-01 -5.0466970211e-02
2.2736188921e-02 -1.0909961837e-01 -4.0851572759e-02
1.8207014540e-02 -1.0723435397e-01 -1.2521478984e-02
2.4618366877e-02 -1.1033081783e-01 -2.6248322625e-02
2.9098036571e-02 -1.1137031175e-01 -1.0060454414e-02
3.8635639006e-02 -1.2425419245e-01 4.1399632518e-02
2.0872991586e-02 -1.2072130534e-01 5.9369001737e-02
2.5818708305e-02 -1.0291515158e-01 2.9793173508e-02
1.3730581909e-03 -8.7727991232e-02 3.3744103516e-02
-2.7744735705e-02 -1.8556578090e-02 1.7864648985e-02
-4.4877105499e-02 -3.9103563822e-02 4.3656102946e-03
-6.9192709327e-02 -5.0525298506e-02 -2.1702967633e-02
-1.1034077178e-01 -6.2383779361e-02 -1.0327345873e-01
-4.3269296644e-02 -1.2859553858e-01 -5.4320834763e-02
8.3519073035e-03 -1.3416390745e-01 -5.2292403328e-02
1.2060817396e-01 -7.0197217712e-02 -1.1725662518e-02
2.7169809093e-01 5.8365363873e-02 -3.0139258386e-02
3.2870674043e-01 1.1199607377e-01 -7.4033661178e-02
2.0669104955e-01 4.6401238690e-02 -1.6995117116e-01
-6.2401171297e-02 -1.5951020425e-01 -1.6339865574e-01
-1.3907588056e-01 -2.3360684189e-01 6.9154616501e-02
-1.1435178176e-01 -1.7349864482e-01 1.0290318178e-01
-3.8124722771e-02 -1.5291052911e-01 6.0380794645e-02
-5.4512412894e-02 -1.1641543490e-01 2.5899085377e-02
-2.5646309143e-02 -1.3006978357e-02 2.2756211822e-02
-5.8980837200e-02 -3.6845512473e-02 -5.2933521655e-03
-1.0247554400e-01 -5.4364684014e-02 -4.4305821457e-02
-1.4834846817e-01 -5.1238582335e-02 -1.5346504659e-01
3.2226231837e-02 9.3852101447e-03 -5.6366697649e-03
3.2026545492e-01 2.4811890689e-01 1.1774645365e-01
7.2158525628e-01 6.1630235046e-01 2.3878590749e-01
9.5772609886e-01 8.0865032142e-01 1.0389863682e-01
9.2148409298e-01 8.6889889237e-01 -8.8124350520e-02
5.8926627572e-01 6.2951695317e-01 -3.5930837898e-01
1.5462646013e-01 1.8277043627e-01 -4.3986267119e-01
-1.3957506239e-01 -1.7776386534e-01 -8.8141854345e-02
-1.4407005990e-01 -1.9946179356e-01 6.8478983511e-02
-4.9242640538e-02 -1.7230234166e-01 3.5404608842e-02
-5.2997781430e-02 -1.4211983774e-01 1.7125321827e-02
-2.1091765187e-02 -1.6713111140e-02 1.7254954621e-02
-6.2952575782e-02 -6.5532493207e-02 -2.3344987582e-02
-9.3579616359e-02 -7.6060142499e-02 -5.8374612718e-02
-1.7531051739e-02 5.0101910421e-02 -3.4475321743e-02
4.0667169192e-01 4.2839456327e-01 3.0173185820e-01
6.9699600139e-01 8.3200866801e-01 4.6964741594e-01
7.6158229346e-01 9.6746072064e-01 4.2928933820e-01
5.7968852765e-01 7.5728952242e-01 9.8358750085e-02
4.7150295090e-01 6.5907645117e-01 -1.3826608756e-01
2.4965378710e-01 4.4541091581e-01 -3.0352319592e-01
1.4632937717e-01 2.7575334410e-01 -6.0854415608e-01
-2.9362544276e-02 3.9050029210e-03 -2.9903144775e-01
-1.0305861609e-01 -1.5381751630e-01 -3.0561745978e-03
-4.5595515713e-02 -1.4008811193e-01 2.2618973101e-02
-6.4206178791e-02 -1.1764244138e-01 4.8318430837e-03
-3.3470715565e-02 -3.2286807036e-03 -1.1298468423e-02
-6.8832051604e-02 -6.1489342236e-02 -9.1989532352e-02
-1.1996286733e-02 1.8776338693e-02 -6.6030809362e-02
2.5180988509e-01 4.8297128270e-01 2.4050797112e-01
6.4196737112e-01 1.0295398605e+00 5.9095920966e-01
4.9572344082e-01 9.0468542149e-01 4.1420688271e-01
2.8030691177e-01 6.5126175896e-01 1.2585074341e-01
8.8148142874e-02 2.8569113642e-01 -7.7494178202e-02
9.5956020561e-03 2.8880635569e-02 -1.1605478990e-01
-6.3211782145e-02 -1.5592310871e-01 -7.1373701624e-02
2.2070572162e-02 4.2102248200e-02 -3.3668341299e-01
-3.2190176200e-03 5.3789993110e-02 -2.9529221020e-01
-7.1175040104e-02 -8.8706445424e-02 -3.6902411300e-02
-1.8014594331e-02 -1.1518233973e-01 -2.1449975531e-03
-4.4984610145e-02 -8.8374291765e-02 -1.1770922642e-02
-4.7518443375e-02 -2.4796981737e-02 -4.3244527389e-02
-5.7682977457e-02 -4.9722103343e-02 -5.6153168840e-02
9.6245070097e-02 2.1857218620e-01 1.4523441468e-01
3.6437838556e-01 8.7635513761e-01 5.8187841796e-01
4.8000429687e-01 1.1052145976e+00 6.1632242342e-01
2.2942000339e-01 7.5972074200e-01 2.3763589730e-01
6.3147878742e-02 3.5693218679e-01 -2.8283751572e-02
-7.5759239775e-04 -7.9885015476e-02 -7.5269768049e-02
-5.1888732651e-03 -4.6214026875e-01 -1.9446786640e-02
-8.2863671992e-02 -6.3294151736e-01 8.4178618182e-02
-7.0482520513e-02 -3.3282187111e-01 3.3465049912e-02
-3.6436721615e-02 -8.2321780633e-02 -2.4223748950e-02
-4.9072068561e-02 -9.8586533989e-02 9.2499185403e-03
-1.5447389853e-02 -1.1237159190e-01 8.3664598860e-03
-3.5467767523e-02 -7.8841419473e-02 -1.5173341035e-03
-6.3715908496e-02 -4.1708024944e-02 -6.0372478075e-02
-5.5520962299e-02 -1.7154823684e-02 -3.2019458761e-02
-1.0227857480e-02 3.4979671135e-01 2.3898849156e-01
6.0008854838e-02 9.2989891521e-01 5.7409146437e-01
4.1607600107e-02 9.5410845520e-01 4.3967102236e-01
-5.0248764195e-02 6.4046508060e-01 1.0666272927e-01
-6.1513628657e-02 1.6597312775e-01 -8.8432193314e-02
-3.8121003738e-03 -3.6221775937e-01 -3.9654960219e-02
4.3975370901e-03 -8.7736528452e-01 5.0235964009e-02
1.7961655211e-02 -9.6601131605e-01 1.1785633804e-01
-2.8691940921e-04 -4.3222132777e-01 -2.3963053728e-02
-7.0667923573e-02 -2.5017517770e-03 -1.6868218295e-01
-8.1062820661e-02 -5.8980449913e-02 -3.5116449579e-02
-4.1673478158e-02 -9.4593291891e-02 -3.6248054857e-03
-4.6762237177e-02 -7.0515857560e-02 -9.0744464553e-03
-7.1045435017e-02 -6.4918945198e-02 -6.7496931538e-02
-8.9208162891e-02 -5.5813110965e-02 -7.7189889715e-02
-1.4444351636e-01 2.9799951432e-01 1.8311890179e-01
-2.7835727724e-01 9.3298110892e-01 5.3759696850e-01
-3.2383950907e-01 9.8829976365e-01 4.3131130603e-01
-2.4155616627e-01 5.4292545623e-01 1.0193411121e-01
-1.0934181038e-01 1.2522923056e-01 -3.0502219230e-02
-7.1219052635e-03 -2.7981291932e-01 -4.8446975301e-02
7.7936301085e-02 -7.8044162815e-01 5.1062921738e-02
1.3034241038e-01 -1.0129210733e+00 2.3186214706e-01
2.5661601795e-01 -6.7589009306e-01 2.9797434595e-01
8.7039303636e-02 -9.6680296029e-02 2.0624473698e-02
-6.2079312646e-02 -8.5725860779e-02 1.4208282927e-02
-3.6891123786e-02 -1.2211686274e-01 1.6534974530e-02
-3.4508024249e-02 -1.0316428496e-01 1.6861355698e-02
-5.4688894024e-02 -5.5531837018e-02 -5.5304076628e-02
-8.3739349437e-02 -6.9750227868e-02 -6.7861701300e-02
-1.9356121875e-01 1.5110158453e-01 5.7007492001e-02
-4.0533730611e-01 6.4298536366e-01 3.4860973842e-01
-1.4744491156e-01 8.3220774866e-01 4.7044107841e-01
5.4241172555e-01 5.5867998943e-01 3.7118207243e-01
7.7672596277e-01 1.0743272165e-01 6.2006998961e-02
7.0585084983e-01 -2.8474468365e-01 -1.3017661238e-01
8.1221294283e-01 -4.5879536174e-01 -1.6208708144e-01
7.3898526866e-01 -5.0581084037e-01 -5.3975197372e-03
7.8825408412e-01 -1.3346867565e-01 2.7021496383e-01
5.5609841754e-01 1.3800094131e-01 -8.2403368223e-02
-2.7531011529e-02 -9.8630521940e-02 -7.8265062614e-03
-5.3982159881e-02 -1.2419836317e-01 3.2831872914e-02
-4.7525165157e-02 -9.8469859675e-02 1.5631434938e-02
-4.9873672694e-02 -5.5257711944e-02 -3.4744671457e-02
-7.1874813977e-02 -7.8641106763e-02 -8.7290402973e-02
-1.1743369756e-01 -2.6788926072e-02 -7.5442927132e-02
-1.0895087207e-01 2.9090977854e-01 2.1729677333e-01
4.7672817434e-01 1.2605738844e+00 1.1527250872e+00
1.1915888126e+00 1.5124146004e+00 1.2569074013e+00
1.2408399203e+00 1.8649367571e-01 1.3397869786e-01
8.6178861566e-01 -7.2526075042e-01 -2.9589443079e-01
1.0955557789e+00 -3.0012677965e-01 -3.2378279905e-01
1.6043328597e+00 5.8567600456e-01 -8.8830780475e-01
1.9620157423e+00 1.6961115483e+00 -7.7809808933e-01
1.8239341549e+00 1.7091180454e+00 -1.0395777075e+00
1.4668296421e-01 1.3801094843e-02 -2.6852648876e-01
-1.8183605561e-02 -1.6167962895e-01 1.5518703386e-02
-2.1731530795e-02 -1.1468543061e-01 2.1070292970e-02
-1.1947729334e-02 -5.3614840609e-02 9.2755364051e-03
-2.3444289085e-03 -7.2242969931e-02 1.3412888998e-02
-1.1773880261e-02 -6.0194946632e-02 8.0361677999e-03
-1.3438425200e-01 1.7607143722e-01 2.1627396287e-01
-5.4195681360e-01 1.1571924081e+00 1.0885064451e+00
-9.3533049648e-01 1.6208474504e+00 1.5085252237e+00
-5.6649750430e-01 8.3606359669e-01 7.4262088191e-01
-2.1198649071e-01 -2.3459143427e-01 6.0196615265e-03
-1.7417287171e-01 1.8318380768e-01 -2.2725550567e-01
-2.1640113751e-02 9.5829992726e-01 -1.0824389953e+00
-1.4176646304e-01 1.1485720099e+00 -9.6299204019e-01
6.2668394271e-01 1.9231888060e+00 -6.5212004101e-01
2.6991163199e-02 -3.7350712897e-02 -1.5630105542e-01
-5.3570480439e-03 -1.7888457620e-01 6.2868219746e-03
-7.9400708364e-03 -1.1013217127e-01 1.6298048240e-03
-2.0995854838e-03 -6.0810726745e-02 3.1454436720e-02
4.5691890760e-03 -7.5799935155e-02 1.9050392090e-02
3.8523418712e-03 -7.2997837387e-02 1.4533642152e-02
-9.1261489570e-02 -3.1528241041e-02 1.7476801235e-02
-4.9401270695e-01 1.9314924708e-01 2.8644937095e-01
-1.5105885372e+00 4.9080367190e-01 9.2719567686e-01
-1.9778086836e+00 1.2014821711e+00 1.1830851958e+00
-1.4621789804e+00 9.3531928459e-01 5.1780684788e-01
-1.1323029319e+00 1.0344408966e+00 -4.5355804354e-02
-9.6077013514e-01 2.3679169653e-01 -5.1674612886e-01
-8.2379102544e-01 2.8230058022e-01 -4.7643994169e-01
-2.5239000649e-01 1.3390256983e+00 -3.7134218492e-01
-3.8628617774e-02 -8.7486017841e-02 -1.2146556218e-01
2.6612438217e-02 -1.6754950273e-01 -2.4163522147e-02
-3.4954176035e-03 -1.1279162697e-01 -1.0161329677e-02
8.0000609159e-04 -6.5237508757e-02 3.0700383704e-02
3.8046565909e-03 -8.3279063275e-02 2.3226076586e-02
-3.3111842124e-03 -7.9040238417e-02 1.5126233972e-02
-2.9428352692e-02 -7.8728990176e-02 -2.0805623907e-02
-8.8869387271e-02 -4.4504940898e-02 1.2742042969e-02
-3.7422808639e-01 1.7493234246e-02 1.8479318615e-01
-1.1021552914e+00 6.5862821845e-02 4.4009803726e-01
-1.7047383994e+00 2.3837787976e-01 4.4836091404e-01
-1.6446141316e+00 8.5653639658e-01 3.1425560408e-01
-1.0667248690e+00 6.5112170844e-01 -2.6240894436e-03
-4.3724367756e-01 5.5114442755e-01 -3.4067408880e-01
-2.7113791680e-01 9.3356543232e-01 -3.5242190047e-01
8.2269076462e-05 -1.1992667858e-01 -1.2102676422e-01
2.7729686425e-02 -1.6272418587e-01 -1.6175689183e-02
-9.3973490864e-03 -1.0325609435e-01 5.7595014140e-03
-8.1290582864e-03 -5.2305750429e-02 2.3610592908e-02
-9.2562380513e-03 -6.6765628362e-02 -4.2628176349e-04
-1.0451533152e-02 -7.5234385877e-02 -2.3135136469e-02
-2.7190348812e-02 -6.4969236684e-02 -4.8432669843e-02
-1.3280229032e-02 -5.6735941897e-02 -3.7414079078e-02
-3.8454213751e-02 -4.2814887456e-02 -2.0014328530e-03
-1.8533040312e-01 3.7905352016e-02 1.0129237576e-01
-5.5320140374e-01 6.7739981437e-02 2.6843097199e-01
-9.5998136955e-01 4.6460617707e-01 4.7221431793e-01
-7.6162314989e-01 5.6459890407e-01 4.4249441991e-01
-4.5150864799e-01 6.3529158455e-01 -2.0861306508e-01
-4.3075379848e-01 9.7952429729e-01 -2.2600829590e-01
-2.4632774356e-02 -5.6704055869e-02 -7.0643436991e-02
2.4434333961e-02 -1.3963490776e-01 -1.6426143999e-02
-1.7943098223e-02 -7.1236440918e-02 5.2451032293e-03
-2.3298194143e-02 -5.6764302500e-02 -7.2847635703e-03
-1.2155349100e-02 -7.0993706608e-02 -1.5926270456e-02
-7.8870585252e-03 -7.5999757557e-02 -3.6674813939e-02
-1.1706643941e-02 -7.6097852289e-02 -4.7141425467e-02
3.2637120712e-03 -7.2166722040e-02 -3.4062840986e-02
-8.5387797378e-03 -6.2953901095e-02 -2.9296907365e-02
4.6835780461e-03 -5.1445026498e-02 -3.3752287650e-02
-4.7152753780e-02 -3.3910266149e-02 1.1275261268e-02
-1.8916975120e-01 1.2796696788e-01 1.9927706409e-01
-2.7587501806e-01 3.8099515806e-01 3.9105331670e-01
-3.9293336554e-01 7.2452469398e-01 -2.8570984852e-03
-4.3759042189e-01 8.1898071512e-01 -2.3464979737e-01
-2.3252339120e-02 -1.8923652520e-02 -5.0127707124e-02
3.5911664199e-02 -1.2041110719e-01 1.8586139714e-03
-8.0867562181e-03 -7.1266542302e-02 1.7944977614e-02
-1.8211283796e-02 -6.1001450017e-02 -8.5066040274e-03
-1.0724175708e-02 -7.3390779673e-02 -2.6690865203e-02
-2.1757838690e-03 -7.7999924902e-02 -2.9448062981e-02
-5.6938136359e-03 -8.3223594218e-02 -4.5274671396e-02
-4.0339083868e-03 -9.4896344564e-02 -4.4661389802e-02
-1.0308063327e-02 -8.2469439549e-02 -4.8116245495e-02
1.0629085542e-02 -7.5404018434e-02 -5.9503618277e-02
2.6701366658e-02 -6.0469343207e-02 -2.2538129085e-02
-2.5507621558e-02 5.3526753096e-04 2.9848288198e-02
-1.1779387422e-01 1.5339124673e-01 8.4201244335e-02
-1.5978487501e-01 2.0993652666e-01 -1.8022104015e-02
-1.4430407962e-01 1.6966449833e-01 -8.4875927036e-02
-8.8013140671e-03 -5.8678504653e-02 1.2579691809e-02
1.9516658611e-02 -9.8483425220e-02 1.4481915576e-02
-1.6143118211e-02 -6.0579901911e-02 1.4724330131e-02
-2.1986857670e-02 -7.5400185762e-02 -1.9973995935e-02
-1.3172170499e-02 -8.5675505799e-02 -4.0706795334e-02
-8.3079107652e-03 -9.0108112009e-02 -3.2934227754e-02
-4.7745550963e-03 -1.0138163296e-01 -4.9212519242e-02
-1.6526254507e-02 -1.1416856291e-01 -4.8702792072e-02
-2.0158080066e-02 -1.1699360932e-01 -6.8509314954e-02
4.3494628873e-03 -1.0504954619e-01 -5.6101601232e-02
2.9474637168e-02 -1.0949637858e-01 -4.0923609000e-02
2.2753811928e-02 -9.1536000536e-02 -1.1224450959e-02
5.6937693912e-03 -6.5508239292e-02 -2.3260026474e-02
4.9062567741e-03 -6.4243051146e-02 -2.8874903633e-02
3.7695465569e-02 -9.6418472967e-02 3.1983857767e-02
1.8216569306e-02 -1.1479767161e-01 6.3205848782e-02
2.0375555141e-02 -1.0936327298e-01 2.8569818625e-02
-7.2965263187e-03 -8.8230022259e-02 3.1073428920e-02
-4.9491465195e-02 -9.3459746316e-03 1.2254610557e-02
-5.6506390921e-02 -3.4653176516e-02 -2.9740744565e-02
-9.1653959418e-02 -4.4125820066e-02 -5.7447672277e-02
-1.2105536440e-01 -6.0570876877e-02 -1.4128499450e-01
7.1499240033e-02 -9.1994103557e-02 -2.1009122792e-02
3.3456123716e-01 6.0269177346e-03 1.1074838944e-01
7.4648578297e-01 2.3836916947e-01 2.5168793376e-01
9.4206208573e-01 4.3004134776e-01 1.8064273755e-01
1.1245446178e+00 5.7312967332e-01 4.4776000048e-02
1.1206958935e+00 5.7212829723e-01 -3.4286503063e-01
5.4966972138e-01 2.0939488897e-01 -4.7444449265e-01
-4.8111834893e-02 -1.6990226782e-01 -5.4724923309e-02
-1.3152568084e-01 -1.7118994034e-01 7.8516062003e-02
-4.0869855032e-02 -1.2439194135e-01 4.5829340363e-02
-5.4648565924e-02 -9.6661229262e-02 1.8008681196e-02
-3.8635434309e-02 1.0322366404e-03 1.2788138425e-02
-5.7985514817e-02 -3.7707119837e-02 -4.0820331745e-02
-9.2429191523e-02 -3.8949752701e-02 -6.3526136572e-02
-6.4096375128e-02 1.2384376679e-02 -8.5170486909e-02
4.6695462207e-01 2.2588678096e-01 3.1331706741e-01
9.7535369664e-01 5.3932730290e-01 5.1130057134e-01
1.0979804308e+00 6.2180255210e-01 4.8129534279e-01
8.7689713596e-01 4.3521601068e-01 1.6499994215e-01
5.7655341937e-01 3.1981727190e-01 1.2494069363e-02
6.0571564795e-01 4.1870126334e-01 -3.4634197455e-01
6.2776290315e-01 4.5569654850e-01 -7.3982888040e-01
3.2189148092e-02 -4.8170894503e-02 -3.0432012639e-01
-1.2073325567e-01 -1.7779674475e-01 5.3681273154e-02
-5.2830653226e-02 -1.4570576878e-01 2.4278544383e-02
-4.5619329654e-02 -1.2417345444e-01 1.3866457476e-02
-6.2248485693e-02 3.9649463597e-03 1.4373397153e-02
-9.1610267475e-02 -4.7713865594e-02 -5.9870547933e-02
-5.1260694912e-02 8.9763383809e-03 3.9615132092e-02
4.0249495647e-01 3.3786828038e-01 4.0239598980e-01
9.9011628313e-01 6.9743396857e-01 7.9063311532e-01
7.2083914163e-01 5.6035792304e-01 4.9922704879e-01
4.0403900050e-01 3.5491195415e-01 1.6775092192e-01
1.2392516101e-01 9.6267612116e-02 -1.0360847321e-01
-1.9553302749e-01 -2.2782369143e-01 -4.9441562379e-02
-1.9197444437e-01 -2.1137793849e-01 1.7267956619e-02
1.0348683107e-01 1.7049698791e-01 -3.1529821630e-01
1.9631480005e-02 -1.0269229314e-03 -2.5750162483e-01
-9.7774707322e-02 -1.3589159333e-01 2.4122296997e-03
-5.3826858714e-02 -1.1482205211e-01 4.9377602004e-03
-5.6424743245e-02 -9.8794699094e-02 -1.7417068512e-03
-8.8354884554e-02 2.6104028609e-02 1.9524809443e-02
-5.7735794553e-02 1.1100304266e-02 -1.8619373549e-02
2.5615856382e-01 2.8586297776e-01 3.7360616268e-01
6.8197600594e-01 7.3161689010e-01 7.4582143238e-01
5.9803350847e-01 6.0604658945e-01 5.4744308270e-01
2.5324432048e-01 3.1803286059e-01 1.6707139212e-01
1.9036965005e-01 3.2326807391e-01 -1.7423586561e-02
3.2743817738e-02 1.0323159660e-01 -1.1808637672e-01
-3.4994183070e-01 -5.4256824058e-01 4.8146964422e-02
-4.2923464216e-01 -8.5560163718e-01 2.8138941117e-01
-2.0876814093e-01 -4.1087423240e-01 2.0581181387e-01
-1.5042293426e-01 -2.7850186984e-01 7.0342221274e-02
-9.4297502091e-02 -1.2703373659e-01 1.0031547498e-02
-2.4233250675e-02 -8.7551522667e-02 -1.7170929034e-02
-3.8327159606e-02 -7.8922020564e-02 -1.7355384292e-02
-7.7264556038e-02 1.1679618407e-02 2.2254054596e-02
6.4163908528e-02 1.4741803199e-01 2.0454154997e-01
4.4314631759e-01 6.4005246934e-01 7.9002189198e-01
4.8266480044e-01 7.2358756828e-01 7.1181742916e-01
3.0080382807e-01 4.7126223489e-01 3.8198318035e-01
1.0403074482e-01 3.0780370940e-01 9.3605272619e-02
5.2423399267e-02 1.3429917179e-01 -4.6170697476e-02
-1.1628310533e-02 -1.9918492545e-01 -3.3427511265e-02
-1.5464863032e-01 -8.3965054426e-01 1.5894604615e-01
-2.7461826080e-01 -1.3742424685e+00 4.8492526132e-01
-2.4092922794e-01 -1.2858293148e+00 6.3867392673e-01
-1.6058025834e-01 -8.4686274518e-01 1.4009415771e-01
-7.2889395052e-02 -1.9841102161e-01 -4.3723474342e-02
-1.8946436158e-02 -7.5786835155e-02 -1.0019741398e-02
-2.7571329831e-02 -7.0078748703e-02 -1.0419811385e-02
-7.0781321429e-02 4.0554192049e-03 3.1234371827e-02
6.1140439563e-02 2.8044313120e-01 3.2673217549e-01
1.7181474485e-01 6.6399021682e-01 6.9653141025e-01
7.3145734625e-02 4.8235739026e-01 3.9506928468e-01
-1.3506446913e-02 2.4760763766e-01 1.6429376594e-01
-6.2762543691e-02 2.2066300478e-01 9.3093968820e-03
-2.9692856780e-03 -8.3052679503e-04 -5.3344776670e-02
4.4354917461e-02 -4.3817302437e-01 1.7544932931e-02
4.0952475097e-02 -1.2354619678e+00 1.9076069307e-01
-6.1408813767e-02 -1.7381308191e+00 5.1000961109e-01
-6.7929787192e-02 -1.7237334495e+00 7.3276590550e-01
-1.1191268609e-02 -9.6344118879e-01 -1.1742161748e-01
-7.2039008942e-02 -1.7198140995e-01 -1.4503589174e-01
-3.6514299845e-02 -6.5090588871e-02 -2.0729016685e-02
-3.7417294865e-02 -6.4155971348e-02 -1.6120672407e-02
-8.0314467913e-02 -1.4248042961e-02 1.2389344055e-02
-8.2128323681e-02 2.0997851975e-01 1.5646105492e-01
-1.5048491360e-01 5.3550184322e-01 4.6997627693e-01
-1.7265973431e-01 2.8234195748e-01 1.5363676381e-01
-1.3743409641e-01 -9.6334194190e-02 -3.2378693879e-02
-1.7103448727e-01 -1.1333274444e-01 -9.4317984237e-02
-2.2107172423e-01 5.5013832016e-02 -9.1586447731e-03
-1.1686377295e-01 -2.2831638196e-01 1.1968410663e-02
9.4352563077e-02 -1.1537699690e+00 1.1141031416e-01
1.7030527810e-01 -1.4845244424e+00 3.9664464583e-01
3.0644565145e-01 -1.2934529883e+00 8.5102842531e-01
2.7333260614e-01 -6.2951855420e-01 2.1355598299e-01
-4.2100950118e-02 -1.2120053034e-01 -6.3785279451e-03
-3.3292552928e-02 -8.8616014169e-02 1.1507867567e-02
-2.8975017468e-02 -9.3250866642e-02 1.1459927390e-02
-7.9248165684e-02 -4.5253445422e-02 -3.7451526797e-02
-1.4988063443e-01 1.1390508959e-01 3.9189119979e-02
-4.0791688738e-01 5.9105664628e-01 3.8327415910e-01
-3.2961532062e-01 4.7065070422e-01 2.6905027655e-01
1.4375365703e-01 4.9420728619e-02 8.6308759290e-02
2.5953531882e-01 -1.8671430242e-01 -4.0428627669e-02
-3.2250875734e-01 1.4731832961e-01 2.9209442303e-02
-6.4233273314e-01 2.7977830202e-01 6.1331592849e-02
9.6926345355e-03 -4.3756876442e-01 5.1266265423e-02
2.1217539126e-01 -6.5139250418e-01 1.1927313310e-01
6.6434123718e-01 -3.2919785057e-01 3.8424650007e-01
7.6394077223e-01 -2.1244534147e-01 2.7966190832e-02
-1.4852360927e-02 -1.0617239327e-01 2.4770680505e-04
-6.0539532618e-02 -9.3001979554e-02 3.0693927694e-02
-4.5361534674e-02 -7.8256138787e-02 1.6218813030e-02
-6.8102333413e-02 -4.3641180477e-02 -2.0587023523e-02
-1.3665465988e-01 3.3434082995e-02 -4.6364807650e-02
-3.3203627420e-01 3.2638916730e-01 1.5050474308e-01
1.4659926072e-01 6.2631593225e-01 5.9033554245e-01
1.2755644344e+00 7.8773540470e-01 9.0514634540e-01
1.3903346034e+00 -3.0043623891e-01 -1.1980932739e-05
7.0309162016e-01 -9.7277067148e-01 -5.0262500694e-01
-8.6697227640e-02 -5.1201667485e-01 -1.9225379933e-01
7.6394003374e-02 -4.3070649212e-01 3.5683149419e-02
4.8468114751e-01 -2.1048054886e-01 -4.4089981806e-01
1.1137499694e+00 4.0602664325e-01 -6.6826424569e-01
1.7615023891e+00 4.1373418440e-01 -5.8398107603e-01
2.4057141805e-01 -1.2938628097e-01 -1.9853279282e-01
-3.9273053229e-02 -1.2734239595e-01 8.9342138342e-03
-2.2983202877e-02 -1.0103411854e-01 2.1561047906e-02
-2.4940972210e-02 -5.5697078064e-02 1.2286325407e-02
-7.9146977132e-03 -5.6365568793e-02 9.0763928493e-04
-9.0979663183e-02 2.4536894858e-02 6.8254074308e-02
-1.2738873061e-01 4.9010664374e-01 6.2633023598e-01
-2.0042404708e-01 1.0952879388e+00 1.0159140779e+00
-3.1397702257e-01 4.8632828353e-01 5.0732999637e-01
2.5649006695e-02 -3.7469041849e-01 -6.5144705006e-02
1.2899756847e-01 -4.5821824224e-01 -1.7454155995e-01
-1.0815452668e-01 -2.7902058467e-01 1.1420454355e-02
1.9702871566e-02 1.2805449380e-01 -7.2695848633e-01
-1.6063334330e-01 -2.4276390723e-02 -4.8295405926e-01
6.4964149356e-01 4.8744000839e-01 3.2535004184e-01
1.0272316646e-01 -1.8048891574e-01 1.2166530163e-01
-1.9185553152e-02 -1.2683516300e-01 -3.5993576803e-03
-1.5690905710e-02 -8.0362154218e-02 2.9711933654e-03
-1.0240510474e-02 -6.2744575631e-02 2.6984729220e-02
1.9436417759e-02 -7.8099386958e-02 -1.5764766685e-02
-2.9943092938e-02 -7.5700567069e-02 -1.6758500054e-02
-3.2498029311e-01 -3.4017321954e-02 3.0062621545e-02
-9.2150989079e-01 -3.3878593413e-02 2.1258012673e-01
-1.2588816663e+00 2.7640477598e-02 6.3468730235e-01
-1.2538008166e+00 3.5718919832e-01 6.7585509786e-01
-6.3312820759e-01 6.4278245015e-02 1.5746665815e-01
-2.9687431440e-01 -6.3567766026e-02 -7.6197734744e-03
-2.1995498373e-01 -1.7106423239e-01 -3.1498441661e-01
-3.1843484358e-01 -2.1383700732e-01 -3.3780854639e-02
-1.2238957444e-01 4.4665057102e-01 3.4681819896e-01
-4.7624084396e-02 -1.5577997646e-01 4.3206802180e-02
5.2792054462e-03 -1.3370816295e-01 -4.6460312882e-02
-1.1213820759e-02 -8.7600773133e-02 -8.6369366386e-03
-2.0588185638e-02 -6.1500076138e-02 2.7607197043e-02
-2.7764996392e-04 -7.8085083091e-02 2.3681610421e-04
-1.0771415169e-02 -7.3107967878e-02 1.1748895453e-02
-7.1446658130e-02 -7.2980866303e-02 -5.7651910810e-02
-1.5409584319e-01 -1.8446063376e-01 -2.4543009175e-02
-3.6300323097e-01 -4.5927756693e-01 1.1941634732e-02
-8.9373338505e-01 -6.2216122691e-01 1.1512857024e-01
-1.0494010852e+00 -4.9101840891e-01 1.9351003718e-01
-8.0906381705e-01 1.3009301947e-02 1.9256069751e-01
-4.8257035330e-01 9.2530345233e-02 6.4416923898e-02
-6.1915203635e-02 -2.5870068717e-01 -7.5526609010e-02
-5.3295582570e-02 1.3638820775e-01 -3.0374019334e-02
2.8101792064e-02 -2.0887507480e-01 -6.1190711971e-02
1.5945474838e-02 -1.2528662951e-01 -1.8299860778e-02
-1.4869180611e-02 -8.0408019044e-02 1.2451751041e-02
-4.2257509332e-02 -4.5665193012e-02 3.4846235842e-02
-3.5735171381e-02 -5.1728697483e-02 -6.2910707365e-03
-4.7544890925e-02 -5.0913262496e-02 -1.2814273249e-02
-5.4555555768e-02 -8.5014563074e-03 -2.0792838490e-02
-5.1811904255e-02 7.5977804660e-03 2.1684277992e-02
-1.3393650053e-01 4.9128589650e-02 1.7260934039e-02
-3.6092849106e-01 7.9064815513e-02 1.9045000847e-01
-6.2771410347e-01 -3.7608122940e-01 3.4090871519e-01
-6.5800702332e-01 -3.8312745702e-02 3.9732422773e-01
-5.0016952234e-01 3.9740354377e-01 4.7121354561e-01
1.3812427979e-02 -6.2821498650e-02 -1.2154735291e-02
-1.1163405581e-01 4.0915709665e-01 1.1684119570e-01
6.1852265365e-02 -1.1306582611e-01 5.5024007959e-03
1.7228319637e-02 -1.0382924547e-01 -3.2019688501e-02
-2.7046080190e-02 -4.7655515877e-02 4.3875192581e-03
-4.8766924436e-02 -4.6291481285e-02 4.2294689096e-03
-3.6496313602e-02 -5.0533077466e-02 -2.8104165147e-02
-4.4174550080e-02 -4.2221540578e-02 -1.2383192259e-02
-3.1924783747e-02 -2.6509158702e-02 -1.8483099521e-02
-7.2678506855e-03 -1.9521662397e-02 2.2187654769e-02
-1.2698337970e-02 -1.5848343095e-03 -2.3017571802e-03
-1.2552044688e-02 6.9955516201e-03 3.0637874937e-02
-8.1477696983e-02 -6.0989315877e-02 1.6837123642e-01
-6.0712356728e-03 4.1095133005e-03 6.4831663617e-01
-4.7343969309e-01 9.6493201548e-01 8.1638281458e-01
-1.9118035994e-01 7.0893022714e-01 1.6900811769e-01
-6.2801783625e-01 1.2619191404e+00 -6.7840229588e-02
-8.3900542423e-02 2.0734642745e-01 -7.1062833512e-02
5.6484100600e-02 -9.7250083512e-02 -1.5057640681e-02
-1.4522959242e-02 -5.2038235081e-02 1.9276051366e-02
-4.7793637180e-02 -5.5064874743e-02 -9.5466437739e-03
-3.0283763322e-02 -7.0159532445e-02 -5.1237785474e-02
-3.8146337363e-02 -5.8916440992e-02 -4.1911999337e-02
-3.9002075774e-02 -6.2934772831e-02 -7.3227608411e-02
-1.2306831941e-02 -6.4385138209e-02 -4.0145665272e-02
-2.5477697822e-02 -3.3574510332e-02 -4.9019366136e-02
-2.5537839623e-03 -2.1939703517e-02 -3.3319815673e-02
-4.4013723194e-02 3.5237079444e-02 7.5612407967e-02
-1.7752077325e-01 3.5575844799e-01 4.3777893882e-01
-6.3982708501e-01 1.1047248888e+00 5.8633722988e-01
-5.2732813120e-01 9.2628968491e-01 2.0262818422e-01
-8.3055590913e-01 9.9924199572e-01 -3.2781061885e-01
-2.6548518130e-01 2.3525612036e-01 -2.1458627870e-01
1.5252192363e-02 -5.9574539777e-02 -8.5534587674e-03
-2.3722986707e-02 -4.0690242247e-02 1.3525979018e-02
-4.7173523959e-02 -7.8646247869e-02 -3.1588020503e-02
-2.4280795661e-02 -9.2980872012e-02 -8.2096543755e-02
-3.4445266175e-02 -9.1423510985e-02 -4.6392008575e-02
-3.0822816063e-02 -9.4505748764e-02 -7.6924938376e-02
-2.2902043990e-02 -1.0496710448e-01 -6.5409902367e-02
-2.2341905579e-02 -9.4907537615e-02 -8.9643578309e-02
2.7068847955e-03 -8.7786199772e-02 -6.6884478455e-02
-8.2640613421e-03 -6.0151783706e-02 -3.0122338761e-02
-1.0171401626e-01 7.2349756573e-02 9.4703104470e-02
-2.8712212920e-01 3.1935302694e-01 7.8309850790e-02
-2.6889849733e-01 2.6327325977e-01 -1.4857344915e-02
-1.8660719096e-01 1.2842646614e-01 -5.9591201562e-02
-4.6613202792e-02 -4.1730229257e-02 1.3955526302e-02
2.4670887593e-02 -8.4459539835e-02 2.7762687292e-02
-6.3842429826e-03 -7.9258328742e-02 3.1261789643e-02
-2.2470755299e-02 1.7080816100e-02 4.8729234813e-03
-3.6791015530e-02 -1.4761876187e-02 -1.9267153225e-02
-5.5893224398e-02 -1.6929135483e-02 -3.6833763071e-02
-7.9925948823e-02 -3.8440830134e-02 -6.7274748572e-02
1.9919895130e-01 -2.6421514622e-02 1.1824916663e-01
8.1277165634e-01 1.6287839493e-01 3.9732280361e-01
1.4147424426e+00 4.3441897165e-01 5.5198699047e-01
1.4788690638e+00 5.6265160866e-01 4.3278886752e-01
1.7700271308e+00 7.0660473220e-01 1.7035052871e-01
2.0616944951e+00 7.7839568721e-01 -5.1653160739e-01
1.2234831896e+00 4.5259777189e-01 -8.3039861346e-01
8.1531124867e-02 -4.7033651265e-02 -1.3821991810e-01
-1.3195369844e-01 -1.3267739807e-01 2.7863218521e-02
-5.3637929591e-02 -9.9877495492e-02 2.1660219990e-02
-6.0166993676e-02 -7.5803947281e-02 -1.6493025533e-02
-2.4456996699e-02 2.9715991012e-02 1.2235145681e-02
-4.9778665170e-02 -2.3266392945e-02 -1.6687744850e-02
-3.9222940328e-02 -3.5712134485e-02 5.5525225655e-03
1.4480315517e-01 3.7661206764e-02 1.5720633710e-01
7.5593691405e-01 2.2806622567e-01 5.8794269989e-01
9.9107562812e-01 3.6949696286e-01 6.3631203188e-01
8.0332827744e-01 2.8294058698e-01 3.4228485902e-01
4.5048890730e-01 1.2049229666e-01 6.9819293882e-02
3.1417120202e-02 -1.6963195941e-02 2.6169351175e-02
1.9089796216e-01 7.4895386112e-02 -1.0794690852e-01
5.3451898417e-01 3.0327490614e-01 -4.3528792049e-01
2.3883353794e-01 1.0059918792e-01 -2.2041774642e-01
-5.2324711936e-02 -1.1033641114e-01 -3.0591498768e-02
-2.7430527173e-02 -1.0250015406e-01 -8.7548858879e-03
-3.8241808710e-02 -8.2936891444e-02 -1.7407486321e-02
-4.6963074292e-02 4.4652949361e-02 1.3998451111e-02
-5.6764466712e-02 -1.0943326100e-02 3.8195476006e-03
1.2327713374e-01 4.8049367549e-02 2.1556114985e-01
6.4715664359e-01 2.7487357531e-01 6.3387778350e-01
7.2759108945e-01 2.8948621050e-01 6.2908424845e-01
3.6742674761e-01 1.3733315296e-01 2.4731649689e-01
2.2496271072e-01 7.9262506585e-02 1.8818900843e-02
2.6924516654e-01 1.0926925411e-01 -4.1322114757e-02
-1.7903618101e-04 -6.4612644431e-02 -7.1282220020e-03
-1.2898522473e-02 -5.3212573960e-02 1.6438861818e-01
2.6329093228e-01 1.8490480022e-01 2.3701477137e-01
1.4447559800e-01 6.1844385014e-02 1.2679659732e-01
-7.4496295608e-02 -9.0455399460e-02 -7.9679789082e-03
-2.8392963503e-02 -7.5324782221e-02 -2.3849453829e-02
-5.1465767091e-02 -6.2909212684e-02 -2.9845096574e-02
-7.3645214013e-02 9.0191865108e-02 7.3834674457e-02
5.0340217663e-02 1.0899126908e-01 2.0973780398e-01
4.7118806588e-01 2.9347983650e-01 6.6446246193e-01
4.8632834042e-01 2.8009823669e-01 5.3875145812e-01
2.0048087806e-01 9.4337806704e-02 2.1778709193e-01
1.3457392362e-01 3.5122772763e-02 8.0690042370e-02
1.2077355932e-01 6.2853250378e-02 1.6778280698e-02
1.2151086928e-01 4.5592721011e-02 -1.4029967021e-03
-8.3582687628e-02 -1.7593964021e-01 3.9344980524e-02
-1.8203690394e-01 -3.8612048668e-01 2.6499312317e-01
-2.3419988949e-01 -4.7050593711e-01 6.4020647940e-01
-2.3340151344e-01 -4.4011914786e-01 4.1991706963e-01
-1.0162538458e-01 -1.4596572913e-01 9.7135414944e-03
-6.8293473037e-03 -7.1631687038e-02 -3.8818193740e-02
-3.4314812200e-02 -5.8948481821e-02 -4.3568019889e-02
-2.7196243033e-02 9.3228538363e-02 1.4646748958e-01
2.7683406173e-01 2.6972253242e-01 5.7313041159e-01
4.1666175908e-01 3.6218582720e-01 7.2702451644e-01
1.8996644812e-01 1.7022631137e-01 3.0925775686e-01
1.2140490713e-01 6.9872683416e-02 1.7245289059e-01
7.5070836007e-02 -3.2762122117e-03 5.9406525832e-02
4.9218873475e-02 -7.9998812275e-02 1.1632476525e-02
4.2779797615e-02 -1.0212530859e-01 3.1186953745e-02
-2.6839929342e-02 -2.2795584351e-01 6.7782446196e-02
-1.2052183296e-01 -5.9077602149e-01 2.9793792303e-01
-2.5447981843e-01 -1.1379626275e+00 5.9139811011e-01
-1.9776500187e-01 -8.8609674676e-01 1.0004712289e-01
-7.0812778817e-02 -1.9080256804e-01 -6.5968591069e-02
-1.6091972171e-02 -6.8710556011e-02 -2.2519487231e-02
-3.6918216587e-02 -5.5405038287e-02 -3.0936527355e-02
2.2814826549e-02 1.3547021611e-01 3.2636917951e-01
2.5984665405e-01 4.1745525349e-01 7.4015311252e-01
1.0395639142e-01 3.1187059359e-01 4.5147439565e-01
1.0388354522e-03 1.4201116951e-01 1.7273382188e-01
3.5939424631e-02 -1.4285216922e-02 1.0829248561e-01
3.5582124413e-02 -7.8557607179e-02 4.8129226703e-03
4.8882476922e-02 -1.3253586635e-01 -2.2305485125e-02
8.3517314613e-02 -1.3073123008e-01 2.5640511890e-02
8.0761587759e-02 -2.5471907909e-01 7.5201514079e-02
2.5222818478e-02 -5.9104747759e-01 2.7194555247e-01
4.0043534510e-02 -1.3726177010e+00 6.0797953181e-01
8.4572850056e-02 -9.8877696134e-01 -7.2259012190e-02
-3.6167028998e-02 -1.5843074885e-01 -1.2962943893e-01
-3.1314455884e-02 -6.0038586381e-02 -3.2619491612e-02
-4.8229312577e-02 -5.5982006715e-02 -3.3875359504e-02
1.6762676477e-02 1.6848594971e-01 3.5011912417e-01
5.0508930958e-02 3.7002960980e-01 4.6160564154e-01
-5.4428938298e-02 3.0488789685e-01 2.8228014270e-01
-6.0689340226e-02 2.9168831046e-02 1.1502939028e-02
-3.1197753371e-02 -1.8107243671e-01 -4.1643390266e-02
-4.4667186684e-02 -1.3029117520e-01 -3.5825119022e-02
-5.4917978774e-02 -2.3581021203e-02 6.2744165878e-03
-1.9353005857e-02 -3.3570838585e-02 -1.4008425562e-03
7.0646073219e-02 -2.1414116787e-01 1.9897659207e-02
8.9231363892e-02 -4.3926256159e-01 2.3379092892e-01
2.3639546064e-01 -9.6319962972e-01 8.9421236132e-01
2.5998843851e-01 -6.9710762087e-01 4.4918722167e-01
-7.7544235731e-02 -7.3179789478e-02 -3.2079638208e-02
-2.4687229067e-02 -2.3068716351e-02 -3.2840325377e-02
-4.0438721436e-02 -7.1583851462e-02 -3.0596400370e-03
-5.6978845028e-02 9.0312609851e-02 1.1924995044e-01
-7.9791862898e-02 2.8638996052e-01 1.3322335924e-01
-1.0831019101e-01 3.4898223522e-01 1.7487577868e-01
-8.2555391115e-02 8.4783171248e-02 -1.9346315077e-02
-2.3509251672e-01 8.0164656506e-02 -7.0172438819e-02
-2.1799361837e-01 8.5647961954e-02 -4.0975103714e-02
-1.8183560704e-01 2.0181132881e-01 9.3992496408e-02
-5.9202169219e-01 3.0450723085e-01 1.0834349452e-01
-3.2706278530e-01 9.1171819806e-03 3.2299480165e-02
-9.8419082494e-02 -1.0456261227e-01 9.0779793181e-02
7.1887541906e-02 -3.1542158582e-01 5.3044174205e-01
5.4201326090e-01 -1.3694363298e-01 1.0618841463e-01
-9.2628268589e-02 1.6761441091e-01 -2.6088334161e-01
-8.6098473893e-02 -5.8222936770e-04 -4.3212225144e-02
-5.0611828626e-02 -6.1040394079e-02 8.8954942502e-04
-1.7728846910e-01 1.0653127793e-01 1.1701000142e-01
-4.6294015199e-01 3.6150090297e-01 2.0471593700e-01
-3.6677524176e-01 4.0143295283e-01 1.9445479068e-01
3.9013528471e-01 3.1356857600e-01 2.6999505522e-01
8.8833842991e-01 8.2117035781e-04 2.6144370378e-02
7.8581709799e-01 -2.8276104211e-01 -2.0922719871e-01
6.8583845696e-01 -1.5108081624e-01 -1.8768039815e-02
-1.2620002049e-01 1.0283140099e-01 4.7995940793e-02
-3.3597338163e-01 5.2286471304e-02 -9.0676817225e-03
-9.1166340877e-02 -1.9458744524e-02 -1.8216473720e-01
-3.3650232564e-01 -3.2266107196e-01 -2.7788604417e-01
7.7854637309e-01 -1.5195904073e-01 -3.4688690390e-01
2.8465003222e-01 1.1523123619e-01 -4.1448816828e-01
-2.3173058043e-02 -5.2013058707e-02 -4.6943782355e-02
-2.2871831786e-02 -7.7726522650e-02 7.4718219002e-03
-9.7529686598e-02 3.9784420466e-03 3.9661181891e-02
-4.2586736065e-01 1.0553296299e-01 7.8536347056e-02
-6.2013218724e-01 1.5169838921e-01 2.7123341190e-02
-8.5754396470e-02 2.9349775619e-01 2.2424820807e-01
3.4134851527e-01 2.7038489818e-01 -2.8873953129e-02
2.7486673929e-01 1.9180237655e-01 5.2329853928e-02
4.2502796147e-01 3.6510307915e-02 1.5333529970e-01
5.0221714637e-01 1.8904723022e-02 4.9757647471e-02
2.8293544315e-01 5.2389025670e-02 1.9329556133e-02
8.8667342140e-02 1.3322286171e-01 -3.4622201330e-01
-3.1477818257e-01 -1.6122979971e-01 -2.6433613433e-01
4.2808904506e-01 -7.1697295546e-02 3.5128300155e-01
1.4643236769e-01 -7.2776507691e-02 7.7099768538e-02
-7.1002408738e-03 -6.3210800106e-02 -7.0145715686e-03
-1.5292293213e-02 -5.2515872022e-02 -5.8494632535e-03
-3.2683553930e-02 -4.7094611149e-02 1.0902712423e-02
-8.9877088709e-02 -6.6420973346e-02 -5.6537131750e-02
-2.9451375496e-01 -1.6767073535e-01 -2.1850671737e-01
-3.5951289301e-01 -2.4011380170e-01 -3.3422824372e-01
-3.9706719382e-01 -1.1921090722e-01 -3.3610474924e-01
-3.9523810594e-01 -2.3639975416e-02 7.5449143744e-02
-3.2400321781e-01 -1.0862746539e-02 2.2088192991e-01
-1.7625798206e-01 -2.4496100771e-02 6.7547746658e-02
-9.5979739276e-02 -8.0139882420e-04 6.4700084433e-02
-4.0523041479e-02 5.5083066416e-02 -4.4217568336e-02
-4.4755930048e-02 7.2416942619e-02 -1.5436021434e-02
4.8394195910e-02 4.6332228560e-02 1.7775980426e-01
-2.0778170576e-02 -9.6247374453e-02 -1.9107214944e-02
1.8557503149e-02 -6.1380852396e-02 -3.5443904804e-02
-7.3878453804e-03 -5.4130062789e-02 -1.8716569246e-02
-3.5822547632e-02 -4.5793352206e-02 1.4695960841e-02
-2.3371901267e-02 -5.0897083220e-02 -1.8616821370e-02
-1.0208763273e-01 -6.3126263289e-02 -5.3845399311e-02
-6.7046526644e-02 -1.3100144555e-01 -2.2514547974e-01
7.8837091776e-02 -3.2522966536e-01 -2.7622026942e-01
-1.9690257656e-01 -5.0781079257e-01 -1.2936257535e-01
-4.8576688552e-01 -4.1669156772e-01 -1.6150803899e-01
-4.9652714225e-01 -3.7357314658e-01 -2.4843011586e-03
-2.7930737147e-01 -1.7549532884e-01 8.7362427532e-02
-1.3013186396e-01 4.4409376616e-03 7.1660101750e-02
9.7703541305e-03 -2.7037413750e-02 8.0211923582e-03
4.6330944170e-02 -3.2801120599e-02 5.5629997171e-03
5.3400481514e-02 -1.0772435795e-01 -3.9205648432e-02
1.5108926433e-02 -4.8331193276e-02 -1.8832385052e-02
-1.6636273304e-02 -3.9061117511e-02 -4.8940203006e-04
-8.1256828774e-02 -9.8979865698e-03 3.9016083607e-02
-5.3815677817e-02 -1.9356111212e-02 1.3408988987e-02
-8.6773352634e-02 1.1453806993e-02 3.4635476724e-02
-6.4650202810e-02 5.9269273619e-02 -1.1403758535e-02
-7.6153490211e-02 2.1574938391e-02 1.9422342388e-02
-1.6667142184e-01 -1.4424809658e-01 -5.1084962271e-02
-1.2257655397e-01 -3.0525622703e-01 -3.2907904935e-01
-1.9241838189e-01 -4.0020572371e-01 8.5671032282e-02
1.9663107230e-02 -3.8623242057e-01 1.8847240197e-01
-5.5161821702e-02 9.8749852143e-02 2.8397073872e-01
1.5832812353e-01 -4.0660739435e-02 1.5872926987e-01
9.0441479506e-02 1.4145169961e-01 2.9840074128e-01
9.4872344764e-02 -9.5821434262e-03 4.9251521064e-02
5.9580072927e-02 -5.0431937260e-02 -5.8155362966e-02
-3.0161752692e-02 -2.4190518037e-02 -1.5583608536e-02
-8.9425244572e-02 2.3057634609e-04 1.2321004986e-02
-5.2818623487e-02 -1.2595832103e-03 2.8547062005e-03
-5.8698977043e-02 1.4298284159e-02 4.1766836587e-02
-2.9457604897e-02 2.4308217092e-02 4.2443511984e-02
-8.5595120791e-03 3.2775554589e-02 8.9056969379e-02
2.1432520324e-02 -2.6298167619e-02 1.3156842572e-02
6.9298825332e-02 -1.0966755012e-01 -4.5585996212e-02
1.9321521484e-01 -1.3479392215e-01 3.2625891884e-01
4.0147337446e-01 -2.1365160266e-01 5.3593929368e-01
-2.3212228384e-01 4.9437801977e-01 4.7229192541e-01
2.4454975911e-01 3.4790728314e-02 4.1964629763e-01
-5.0647289251e-01 5.4551005927e-01 5.7904530783e-01
-3.2725664240e-01 2.6120212773e-01 1.1337128920e-01
9.1516307947e-02 -5.9578854987e-02 -3.8675330375e-02
-2.2286712662e-02 -3.7948655471e-02 2.8622719807e-03
-8.8375628988e-02 -2.3179757402e-02 1.1208100291e-02
-5.4322737102e-02 -3.5607241682e-02 -1.3197629753e-02
-7.3893851204e-02 -3.1265441384e-02 2.3795373657e-02
-4.7986732859e-02 -2.2534023844e-02 2.7633635879e-02
-1.6170005828e-02 -1.9783702324e-02 6.2188089798e-02
-6.9163340032e-03 -1.2748089264e-02 3.7219475477e-02
-2.8795398587e-02 1.9434042791e-02 6.9278814059e-02
-1.8282929739e-02 1.8499103658e-01 4.7851952673e-01
-1.5355261974e-01 6.0021237364e-01 1.0362133146e+00
-1.0271262357e+00 1.2752685933e+00 5.2922190623e-01
-5.4145845163e-01 7.4437678891e-01 2.9106410173e-01
-1.4113019946e+00 8.8372623475e-01 -1.6610765995e-01
-9.2487412606e-01 4.3979868852e-01 -4.6011635661e-01
4.9755281831e-03 -2.5846814751e-02 -6.2039703752e-02
-3.2842170533e-02 -3.0090327072e-02 5.1918039003e-05
-7.0792719618e-02 -5.5275196459e-02 4.1194951624e-03
-3.9082311955e-02 -8.2239510476e-02 -4.5918100138e-02
-5.4575237965e-02 -7.7183820998e-02 1.0888330733e-02
-4.0445198892e-02 -6.9585618592e-02 -3.5081167084e-02
-2.4720008879e-02 -7.7297997427e-02 -4.9151383730e-03
-6.9213010312e-03 -7.7350981515e-02 -4.3337403340e-02
-1.0976605795e-02 -5.4936146130e-02 -1.3422619790e-02
-1.0509018528e-01 8.5109720223e-02 1.7560315677e-01
-4.4332958135e-01 5.5664846747e-01 6.3709048956e-01
-1.1428196334e+00 1.1425471531e+00 3.6660451727e-01
-9.2997014721e-01 8.6188827523e-01 -6.1189314175e-02
-7.4788285182e-01 4.3164107506e-01 -2.7300717700e-01
-3.6379595125e-01 9.4301818673e-02 -2.3239640632e-01
5.8053345956e-03 -5.2603179805e-02 -3.8777203130e-03
-2.1927047027e-02 -6.0506622109e-02 2.0717102478e-02
1.4660187826e-02 3.0899248100e-02 2.7065545762e-04
5.7980465586e-04 -1.6309394341e-02 -1.3498739026e-02
-1.9756369332e-02 -2.6074125830e-02 -2.8070453425e-02
7.6693007945e-03 -4.7576433771e-02 -3.3300149932e-02
3.6387515823e-01 -5.2574959013e-02 2.0773630313e-01
1.2001304534e+00 2.9308809566e-02 6.2041819889e-01
1.7520773701e+00 1.4607179394e-01 7.3041044829e-01
1.8721801140e+00 1.8065921959e-01 5.8318937085e-01
2.1780889963e+00 1.6887006929e-01 1.8948724883e-01
2.3581141633e+00 1.5826400757e-01 -6.1806039201e-01
1.5590600180e+00 1.0771805413e-01 -9.2223091604e-01
2.5425800693e-01 -7.7700323697e-02 -1.8359188679e-01
-7.8371636594e-02 -1.3618169670e-01 2.8636710894e-02
-5.7210048485e-02 -1.2461682965e-01 3.1481585895e-02
-4.1672665307e-02 -8.2396755003e-02 -3.5147855100e-03
1.2395750777e-02 3.8822569697e-02 1.0033422326e-02
-1.7005623938e-02 -1.3151074683e-02 -1.5535746394e-02
7.2237249584e-03 -3.8912174739e-02 2.0025367780e-02
2.5601009051e-01 -1.9864497297e-02 2.3384926627e-01
8.4414101936e-01 4.7155040976e-02 6.6535299301e-01
9.6225374629e-01 7.6589054023e-02 6.1045735423e-01
6.3050394221e-01 4.5434005622e-02 2.4584568577e-01
2.0246063565e-01 3.6673404478e-03 5.2617861072e-03
-3.0182164903e-01 -7.0929227649e-02 2.8722337165e-02
-1.3295386445e-01 -6.2025673544e-02 6.8001329581e-02
4.2433426834e-01 9.1090515911e-02 -3.5461465698e-02
6.7985338932e-01 1.0681679676e-01 -2.3643232764e-01
9.2823042291e-02 -7.0931906420e-02 -9.5418758926e-02
-1.8922456786e-02 -9.5297287757e-02 4.0343867976e-03
-1.9212719814e-02 -7.7837313125e-02 -5.0542019282e-03
-2.3901660670e-03 5.9416694911e-02 2.2565724220e-02
9.5003134461e-03 -2.5208537127e-03 3.9145161650e-02
2.0948242956e-01 4.5491917606e-03 2.6703870045e-01
5.6645360050e-01 4.0961180689e-02 5.3286364049e-01
4.1393846620e-01 -3.1012294452e-03 3.7925600295e-01
3.1403522257e-01 -2.4260757012e-02 1.8191698756e-01
2.3875405716e-01 -2.7123345160e-02 5.2092190732e-02
2.2988486090e-01 4.8017911273e-03 2.7253918273e-02
3.6411209843e-02 -2.1310530669e-02 3.4425824985e-02
6.3891126539e-02 2.1238627533e-02 1.4037029175e-01
5.9344936327e-01 1.5247784511e-01 2.8690814281e-01
7.0327644141e-01 1.5787859378e-01 1.1350450212e-01
4.6790377199e-02 -1.8309476448e-02 -4.3796934426e-02
-4.7293895352e-02 -6.5695828196e-02 -3.0328766352e-03
-2.5316446172e-02 -5.4043406238e-02 -1.3471096344e-02
3.4156366117e-03 8.9421025354e-02 9.3238510961e-02
1.4602393167e-01 5.3744751744e-02 2.3225694683e-01
4.1048187855e-01 9.1689143834e-02 4.9336708184e-01
2.1003384533e-01 -4.3259251641e-03 1.9233885984e-01
-1.3430320709e-02 -9.4079689717e-02 -1.4736264179e-02
9.7607550202e-02 -7.3664845399e-02 4.5723579259e-02
8.5415010639e-02 -6.3823544790e-02 4.1239850408e-02
1.1585480153e-01 -7.4653211870e-02 4.9866818806e-02
9.3308146952e-02 -5.0363141101e-02 4.3263054137e-02
9.7113743932e-02 -3.3728710410e-03 8.2813536104e-02
1.5407478256e-01 3.6758258620e-03 2.1883599689e-01
7.6343309994e-02 -5.8081371818e-02 1.9912669049e-01
-6.0506210278e-02 -7.6459622751e-02 -2.8397506851e-03
-1.3119181599e-02 -7.1203681202e-02 -1.8862703992e-02
-8.6397445675e-03 -6.0586127598e-02 -2.8204109197e-02
5.0236663107e-02 7.3368796064e-02 1.9878297998e-01
2.7215642611e-01 1.0613121177e-01 4.2280057063e-01
1.0448769288e-01 4.3727117643e-02 1.7584853877e-01
-6.7809918927e-02 -6.7775872934e-02 -1.1562634852e-01
1.1823971267e-02 -8.7131728751e-02 1.0891495330e-03
3.7455872988e-02 -7.0977820622e-02 1.9233316064e-02
6.2978934782e-02 -8.3923545447e-02 2.6161631993e-02
7.2221962955e-02 -7.8121409522e-02 4.3638809994e-02
8.2338664811e-02 -6.5987980582e-02 3.9666627466e-02
6.0146812453e-02 -5.7735869592e-02 5.5238998517e-02
1.5036276377e-03 -1.3401553292e-01 9.0400113926e-02
8.9760216197e-03 -1.0025300605e-01 4.1502716112e-02
4.8926973679e-02 1.1518307883e-02 -2.5780212610e-02
2.0599630402e-02 -1.8457147248e-02 -2.4380454356e-02
-1.7009489570e-02 -5.6567448124e-02 -2.6118146347e-02
1.8821786353e-01 1.2344783387e-01 4.9139865746e-01
2.2232289639e-01 1.4420531508e-01 4.1203468236e-01
-1.5071716354e-01 -3.1180632438e-02 -1.8862345366e-01
-6.7543819300e-02 -1.0052991443e-01 -9.5410391701e-02
6.0589624698e-02 -1.2078095610e-01 4.3016280448e-02
4.8866721633e-02 -1.1398659660e-01 1.2681738323e-02
4.5191114161e-02 -1.0775156990e-01 2.5329400471e-03
5.9011292342e-02 -9.9931492429e-02 2.7077161738e-02
7.5074035107e-02 -7.7811368775e-02 2.7144555666e-02
6.0195602556e-02 -7.1842126555e-02 3.0699686936e-02
3.7266643682e-02 -1.7294050164e-01 7.4249336545e-02
1.5217710150e-01 9.0284222721e-03 5.1618782579e-02
2.8277429714e-01 4.3357461216e-01 -1.0626048656e-01
1.7779343154e-01 2.7211016767e-01 -1.5521975160e-01
-1.1457513779e-02 -2.6398938980e-02 -5.4240873193e-02
1.8252568380e-01 2.1995014937e-01 5.9511859958e-01
5.9382838333e-02 2.1877366436e-01 1.3591062342e-01
-8.5650444919e-02 2.8567330217e-02 -2.1668829431e-01
1.9439329737e-03 -9.4528625005e-02 -8.3368016324e-02
3.6025164433e-02 -1.3424248848e-01 -3.0837281180e-03
1.3100205321e-02 -9.5769394559e-02 -2.3963269708e-02
9.0455337221e-02 -7.4051571843e-02 -1.3700134894e-02
1.5988885436e-01 -1.7071720604e-02 -5.0589558724e-03
1.0976287912e-01 -3.3096150974e-03 -2.3398829561e-02
7.4600575795e-02 -3.4901295976e-02 1.4371031786e-02
8.6719069340e-02 -2.3629565755e-01 2.4626748394e-01
-7.3795552667e-02 -3.7462285531e-01 2.0419730667e-01
-7.1832992072e-02 3.1037438293e-01 -1.5174093401e-01
1.6347894271e-01 4.7698347632e-01 -2.3475586377e-01
6.7612077947e-03 7.7063370187e-03 -2.7951805699e-02
-7.3434098163e-02 2.9371224969e-01 5.2413643291e-01
-3.8419644274e-02 3.3059983820e-01 1.8303787611e-01
3.6740897432e-01 -1.0964994077e-01 -2.0156170933e-01
2.7291070703e-01 -1.9344128377e-01 -1.5720062724e-01
-2.2498602570e-01 5.3701015884e-02 -4.5847848539e-02
-1.2102131687e-01 1.5973279155e-02 -5.9763124760e-03
6.2095139281e-01 -5.7061932692e-02 8.8172747830e-02
4.3539608507e-01 1.1879554591e-01 8.8149091250e-02
-2.8748319448e-01 -9.6800057406e-03 -8.7294548056e-03
-8.6589790433e-02 -9.6715111070e-02 9.6240221563e-02
2.9301655613e-01 -3.0126158304e-01 3.7858377999e-01
4.9767328135e-01 -2.3977989672e-01 -1.1794548297e-01
-3.6141231485e-01 4.5703972173e-01 -5.4674848335e-01
-1.6988868950e-01 3.9535109736e-01 -2.2128335147e-01
-2.4059335777e-02 -1.4071772349e-02 1.4976210795e-02
-5.0466463277e-01 3.7266941410e-01 6.2081400645e-01
-8.5273624116e-01 5.6654162753e-01 6.0013691962e-01
-1.1286013103e-01 2.3002468405e-02 -1.5705955507e-02
2.9282609040e-01 -8.1499770864e-02 -9.1214217078e-02
-1.5079609434e-01 8.9727113220e-02 -1.0841100096e-01
-9.0020656801e-02 -2.2390851322e-02 -1.0171800573e-01
6.3575993391e-01 -1.5819885730e-01 1.3215880356e-02
2.0985498740e-01 -6.3411508058e-02 1.8327124704e-02
-5.4469520795e-01 -1.6064843766e-01 -1.4411379566e-02
-9.6249840829e-02 -1.6666849703e-01 1.4830483880e-01
-3.2133065418e-01 -3.7700455959e-01 -8.3992519602e-02
5.8330537958e-01 -1.2091481667e-01 -4.7974521233e-01
1.7123850381e-01 3.3336694049e-01 -3.6426037983e-01
-1.6199088583e-01 1.0469676359e-01 -1.0897940673e-01
-1.3906251900e-02 -6.0539887212e-02 9.5172910577e-03
-2.7566109825e-01 7.4185863829e-02 1.4657169463e-01
-9.9897651124e-01 3.3569566641e-01 2.4988323120e-01
-1.3097025421e+00 1.1736000724e-01 -2.5554843678e-01
-5.4925826223e-01 -3.8711929478e-02 -4.7281362446e-01
1.2125728390e-01 2.8666660504e-02 -2.0982313092e-01
2.3418913174e-01 -3.3405790522e-02 -7.1769248992e-02
1.6806210557e-01 -1.0937767914e-01 1.3903751880e-02
7.5957588734e-02 -1.2677535773e-01 3.7921578280e-03
7.8455540446e-02 -9.3356210174e-02 4.0632405305e-02
1.7880417792e-01 -5.7332489561e-02 1.0918923447e-01
-3.1858328190e-01 -2.2942113861e-01 -2.6444478531e-02
2.9171109499e-01 -1.9708715600e-01 1.2775324587e-01
1.9605230993e-01 -6.9127295262e-02 1.0788838384e-01
-3.4990543732e-02 -5.9307682667e-02 -4.2555054667e-03
-7.9663426377e-03 -5.0178016922e-02 -6.0593303857e-03
-6.2440816793e-02 -4.7132949107e-02 -2.3449083231e-02
-3.2785624400e-01 -3.7343031924e-02 -7.2229931570e-02
-4.6751300213e-01 -5.8128682533e-01 -8.0040553419e-01
-4.9857802195e-02 -8.3013476472e-01 -1.1409342587e+00
1.4752289408e-01 -1.5472179937e-01 -6.5381502934e-01
4.0607174054e-02 -6.2392587434e-02 -2.2974621221e-01
-8.9416025336e-02 -5.9646410381e-02 -3.4361369559e-02
-1.0152659758e-01 -4.9989652032e-02 1.7556020666e-02
-7.9486473611e-02 -3.5703976521e-02 1.9455184491e-02
-3.5441815723e-02 -2.9618854656e-02 3.9654933705e-03
-7.9736007994e-02 -3.2645051183e-02 -5.5961224047e-02
-1.2016103225e-02 -6.3317301733e-02 2.0058719324e-02
-2.6573435054e-02 -5.3087350397e-02 -1.1339915259e-02
1.1022049521e-02 -5.6146218523e-02 -3.6033119026e-02
7.0995525191e-03 -4.6369676438e-02 -2.0915273978e-02
-4.1266735370e-02 -3.5204515581e-02 -4.8152808274e-03
-1.1011127816e-01 -5.1199167397e-02 -6.6136218138e-02
-2.1827204682e-01 -2.7485956724e-01 -1.9716294048e-01
1.2005092250e-01 -6.0687888706e-01 -4.6132592626e-01
5.1720008506e-01 -5.7202792096e-01 -7.5739496627e-01
9.9738023689e-02 -4.3687619208e-01 -4.7328932666e-01
5.3375346179e-03 -3.4962800794e-01 -3.7561681990e-01
-8.4868871151e-02 -1.2444390851e-01 -3.9760972634e-02
-6.6504096565e-02 -3.5231490560e-02 4.7231684762e-02
-3.0773177905e-02 -1.7736419894e-02 -2.0527355920e-02
1.0107302692e-02 -1.5554323954e-02 -5.8015583916e-02
6.5164309833e-02 -3.4362588771e-02 -2.2311319894e-02
5.2949431249e-02 -2.9920720837e-02 -2.5785520947e-02
1.6327687340e-02 -2.2606093244e-02 -7.8814699368e-03
-1.8443655903e-03 -3.5289293992e-02 7.7564669609e-04
-7.6172674088e-02 1.0446263735e-02 3.7889937666e-02
-3.6289198112e-02 7.3763548569e-03 8.0084379326e-03
-8.6221755810e-02 -9.2347664812e-04 1.3323879929e-02
-5.3199980582e-03 -1.3916135261e-01 -9.4830307484e-02
2.0367537889e-01 -2.8334180708e-01 -2.7841081763e-01
3.6971992327e-01 -5.5770296336e-01 -4.6201295797e-01
5.6839026200e-01 -8.1593544695e-01 -8.1253114995e-01
1.6906334377e-01 -2.5022568857e-01 -8.4096121401e-02
3.7977568042e-02 -3.6007477671e-02 1.7253911786e-01
7.2410863020e-03 3.0601633076e-02 8.0005066221e-02
2.9769073675e-02 5.8123986069e-02 2.9344604237e-02
-3.2359220302e-02 5.9311159544e-03 1.6078207270e-01
3.0285875620e-02 -3.8183392652e-02 3.2420034528e-02
8.4229999042e-02 -1.0508915368e-02 -5.6282808202e-02
-5.6121102174e-03 -2.1748079526e-02 -8.6762831901e-03
-8.1409569421e-02 1.6849859502e-02 4.1816969669e-02
-3.0823200997e-02 1.6692195301e-02 3.0534763843e-02
-4.3660882122e-02 8.7454616498e-03 5.0701743012e-02
-1.0042766167e-02 -2.8675500317e-04 4.3824356394e-02
1.4464086478e-02 -2.5150528738e-02 4.6950591032e-02
9.5292713444e-02 -1.9458661059e-01 -1.7441522436e-01
2.8883191729e-01 -3.5320619459e-01 -2.4468731017e-01
3.0928905670e-01 -1.0037770527e-01 2.9662960803e-01
1.6196368938e-01 -8.7301120548e-03 4.2449034304e-01
-2.1892348721e-02 7.0564148006e-02 1.3057820066e-01
2.5061169292e-01 -1.3074514701e-01 3.4923114875e-01
-5.0203580510e-01 -1.4750501791e-01 8.6550017287e-01
-5.4133769306e-01 -8.5438750502e-02 2.8164054084e-01
1.0270178027e-01 -4.5497443922e-02 -3.4946996231e-02
6.3682678685e-03 -3.1418331497e-02 -3.3795894856e-03
-7.5517422991e-02 -1.0143714271e-02 2.3715821823e-02
-3.6713319652e-02 -2.4838371226e-02 -6.7255816449e-03
-5.6578618183e-02 -3.2279757214e-02 3.5767147076e-02
-2.6474671020e-02 -2.0151214879e-02 4.6298743672e-02
4.7294440581e-03 -2.1597876850e-02 7.5606348210e-02
-1.6422533172e-02 -1.5296374719e-02 2.8848402799e-02
3.9451733668e-02 8.6764657079e-02 1.9286395405e-01
6.2218486281e-02 3.3083071760e-01 8.0856980662e-01
-1.3034171936e-01 3.5538262424e-01 7.7484960938e-01
-1.6312960615e-01 3.1776710840e-01 7.6926413693e-02
1.7721824755e-01 1.0138615444e-01 2.5239993711e-01
-8.8865053884e-01 4.0100810108e-02 1.6664825474e-01
-1.1926375798e+00 7.4131431485e-02 -3.8485511241e-01
-8.1081173274e-03 -4.4643041699e-02 -8.0444886294e-02
-1.2118777149e-02 -2.6703234652e-02 -3.1099533917e-04
-6.1237184670e-02 -5.8548175593e-02 8.3719958141e-03
-1.7969777411e-02 -7.0780302336e-02 -4.3303316026e-02
-4.7732274011e-02 -8.1862170024e-02 -4.8296662164e-03
-4.5225654644e-02 -9.2786311508e-02 -4.9357878131e-02
-1.7382997854e-02 -8.2407147865e-02 8.7958535867e-04
-2.2713645131e-02 -7.7471532175e-02 -4.3020483632e-02
-5.5856449809e-02 -6.5222158094e-03 7.9477706886e-02
-2.7701985712e-01 2.9993027546e-01 5.8524637290e-01
-1.0417351619e+00 7.8440768927e-01 1.0683015169e+00
-1.9548321714e+00 1.1041966027e+00 1.6666338257e-01
-1.4598551072e+00 7.8331836152e-01 -4.8582629355e-01
-7.5609759939e-01 2.4974184049e-01 -4.5593612558e-01
-5.1753792411e-01 4.6986121583e-02 -4.1082598423e-01
-3.2418127017e-03 -3.9660122073e-02 -3.6859695810e-02
-2.5257863198e-03 -4.9945761123e-02 1.1351624151e-02
3.2702298472e-02 6.0142032226e-02 9.8049775099e-03
1.0578483288e-02 3.5639480073e-02 5.1889437977e-03
-5.8679204552e-03 2.3661007015e-02 -1.7560204075e-02
1.5558177400e-02 3.5651044887e-03 5.8876246404e-03
3.9388616213e-01 -7.6319308348e-02 2.3383123001e-01
1.0984905894e+00 -2.2513302458e-01 5.6987834048e-01
1.6343728468e+00 -3.5731042399e-01 6.7213785523e-01
1.9296684314e+00 -4.6710921185e-01 5.8810397224e-01
1.9937843927e+00 -5.1107971873e-01 2.0248161808e-01
2.0536814113e+00 -4.2968326683e-01 -4.3158612067e-01
1.5209141107e+00 -1.8876981673e-01 -7.7671419366e-01
3.6591634300e-01 -9.7330028061e-02 -1.9848204898e-01
-6.5401402306e-02 -1.1081106093e-01 5.2545126198e-02
-5.3337574084e-02 -1.2171393197e-01 5.0956209303e-02
-3.8038394918e-02 -7.9222864681e-02 -2.9000753415e-03
4.1910450503e-02 8.1801985519e-02 3.0781838408e-02
-1.0308567859e-02 4.4725550552e-02 2.3027639454e-02
6.0763522474e-04 6.8061279691e-03 2.9510087803e-02
2.7316035004e-01 -4.5196805579e-02 2.4235091268e-01
9.3815719629e-01 -1.1482468044e-01 6.9986478960e-01
9.2177902964e-01 -1.6114030444e-01 5.8398261362e-01
4.4315539341e-01 -1.5128448940e-01 1.9953266130e-01
6.5918028256e-02 -1.2403641448e-01 3.2617199171e-02
-3.0948815485e-01 -8.2574484398e-02 4.2012897160e-02
-1.9357392742e-01 -6.4916488018e-02 1.5740689493e-01
3.5107120095e-01 -3.3508425446e-02 7.1997973343e-02
9.5012476638e-01 -9.3146228941e-02 -3.5261822992e-01
1.8791422797e-01 -7.9527609817e-02 -1.5905868106e-01
-7.6079076845e-05 -1.0686391571e-01 2.5967868652e-02
-4.3254625803e-03 -6.4469776223e-02 -2.6104465292e-03
2.7438356957e-02 8.7160592988e-02 3.4444349048e-02
-4.7903490561e-04 3.8087780944e-02 3.2976211582e-02
1.6193142001e-01 -2.3124432944e-03 1.9033777626e-01
5.3165996311e-01 -5.0364074516e-02 4.1834116006e-01
3.4833097197e-01 -7.3533464075e-02 2.7611993046e-01
1.0364620802e-01 -5.0480074444e-02 7.1164005005e-02
2.7531652853e-02 -5.1189265780e-02 7.7129718990e-04
5.3723347742e-02 -5.4736956111e-02 2.6106334103e-02
-5.0510984854e-02 -1.8984571382e-02 4.1582674543e-02
-2.1991313155e-02 -1.0315227298e-02 1.5306968675e-01
5.1172377490e-01 -1.4471896941e-01 3.3336220345e-01
9.4784805240e-01 -2.7738672408e-01 1.9041381235e-01
1.1197305532e-01 -7.7101364529e-02 -5.7181114428e-02
-3.0292905125e-02 -4.2287338248e-02 -1.2746076771e-02
-2.0840871528e-02 -4.6369465106e-02 -1.7176664273e-02
7.9859153338e-03 1.1001633001e-01 7.4690241055e-02
9.5732424516e-02 3.7886814184e-02 1.3263089179e-01
2.5390857193e-01 2.6054389395e-02 2.6367752604e-01
8.4253751309e-02 3.2892955935e-03 -1.9662050554e-02
-1.4942630060e-01 1.6306376898e-02 -1.7589553787e-01
-7.3587687146e-02 -8.1993311954e-03 -7.7840948369e-02
2.3954917065e-02 -5.1824609970e-02 1.4008123211e-03
1.1882023022e-01 -9.7729916353e-02 5.2011643709e-02
1.0723478585e-01 -6.4115574367e-02 5.3069236818e-02
1.0179338330e-01 -2.5023956923e-02 5.1901478827e-02
2.0988748026e-01 -1.2572920786e-01 1.5822167518e-01
2.0241719628e-01 -2.9639659545e-01 2.6836294151e-01
-7.6260957876e-02 -1.1140169633e-01 5.9788508423e-02
-1.3543399954e-02 -4.5768956148e-02 -1.6914549494e-02
-8.8414630946e-03 -5.9533510383e-02 -3.1128670909e-02
2.3153418257e-02 6.3314682348e-02 1.1585321888e-01
1.0665781164e-01 5.8086975652e-03 1.8137841547e-01
-1.2802769464e-01 3.1440623820e-02 -1.5111445058e-01
-2.6959157955e-01 6.6547390979e-02 -3.2233921011e-01
-1.4609903100e-01 2.1426481743e-02 -1.4614445203e-01
2.9770788689e-03 -3.4240476859e-02 -1.4653521398e-02
6.0473229699e-02 -7.2694374617e-02 1.3656499805e-02
8.5533547834e-02 -1.0313345961e-01 3.6784968775e-02
8.3194843226e-02 -8.2914570682e-02 3.0644893713e-02
5.7048788733e-02 -1.3773374727e-02 2.5302669602e-02
3.1186191609e-02 -2.7858379815e-02 3.0909505485e-02
5.5771639478e-02 -5.9783707064e-02 6.5075564123e-02
1.7696374880e-01 1.8163315115e-01 -9.5714385715e-03
1.6208494611e-01 1.9702387900e-01 -2.7702429036e-02
-4.0938751346e-03 -2.4233396414e-02 -3.7576256223e-02
1.3263945943e-01 3.7046411642e-02 3.3737083308e-01
-6.8272400059e-02 6.2457809407e-02 -4.8236625058e-02
-4.8758528598e-01 1.0102891082e-01 -5.9798321115e-01
-2.3952750168e-01 1.3408883620e-02 -2.4811272179e-01
-8.9144788655e-03 -6.2540703146e-02 1.9586569427e-02
3.8728709298e-02 -8.0995509419e-02 2.4245553861e-02
4.2771484033e-02 -9.4435283502e-02 1.7794679155e-02
1.1252289356e-01 -7.1669602697e-02 5.5942230719e-02
1.7722827909e-01 -1.8546568166e-02 6.7938582972e-02
1.2664968946e-01 -1.1023660010e-02 2.2627926023e-02
2.8888330713e-02 -2.2103431692e-02 1.1574270259e-01
1.6216529289e-01 1.6795931169e-01 3.7061973929e-01
5.8747342188e-01 9.0739669290e-01 1.4642821888e-01
5.4968385187e-01 8.6017400803e-01 -1.8072073276e-01
5.6616052252e-02 1.1100623751e-01 -8.6505950403e-02
1.1542420580e-01 7.2327840642e-02 3.0166942860e-01
-2.9865125208e-01 1.7713390707e-01 -5.9388055881e-01
-3.7304660496e-01 1.0609387725e-01 -6.5630434269e-01
-4.9022468184e-02 -4.6928894359e-02 -1.0951270494e-01
3.2836882375e-02 -7.6054620491e-02 3.2123892993e-02
2.7520308903e-02 -4.5932186497e-02 9.5465161419e-04
1.8636086656e-01 3.5825889929e-02 8.0038761599e-02
7.2985357412e-01 3.4609786053e-01 2.3794051292e-01
8.4785270288e-01 5.4592333836e-01 7.8676007274e-02
4.0357647899e-01 2.8183087383e-01 -7.4044555227e-02
2.3989590244e-01 -4.2426239272e-03 7.6545078454e-02
4.7804859554e-02 -4.8298000798e-01 4.3085014184e-01
-6.2560487266e-02 -3.0808183154e-01 6.2465103066e-01
1.8919066838e-01 3.4590931043e-01 1.3100276394e-01
5.1436342815e-02 8.6857304221e-02 2.4063776243e-02
-2.4529248331e-01 1.2074541334e-01 5.2309552935e-01
-4.9697362722e-01 3.7158566177e-02 1.4160017559e-02
-1.0626833021e-01 -1.2323657119e-01 -2.5885744693e-01
4.7177613898e-02 -1.1523495012e-01 -9.2920183053e-02
-3.4228748332e-02 -1.8381828981e-02 3.8455482681e-03
3.3241160987e-02 6.3498855884e-02 5.8848288338e-02
6.0714497479e-01 2.5806287051e-01 3.0196491467e-01
1.2583179457e+00 6.9667902781e-01 4.4896339206e-01
7.0520486090e-01 6.5789534831e-01 9.4568992142e-02
2.5483307866e-01 2.8978652782e-01 -3.4726696219e-02
3.2398073119e-01 5.8818965844e-02 -1.7211612555e-01
5.7456907325e-01 -2.8400517516e-01 2.7925213242e-02
1.1491930226e-01 -2.0706425867e-01 2.7286942918e-01
-7.6773169311e-02 1.2192702706e-01 1.9447843973e-01
1.1764555476e-02 2.5357508125e-02 1.4088034323e-01
-5.4660170317e-01 1.1374050246e-01 7.5710569997e-01
-7.6505145881e-01 -1.6589636875e-02 5.7744022598e-01
-4.4754231637e-01 -1.8283409246e-01 -9.4597974114e-02
-5.4192217599e-01 -1.2363280217e-01 -1.5148147022e-01
-4.1518007491e-01 5.4708882492e-02 -6.9000165693e-02
-2.3467201763e-01 8.7780064203e-02 -6.0268761905e-02
1.1756620727e-01 7.2681526330e-02 5.3803218716e-02
2.1131344838e-01 9.7134489346e-02 8.5858075050e-02
-1.3519205910e-01 -1.0192895813e-03 3.6426958096e-02
1.2169369899e-01 4.6274279769e-02 1.5607554592e-01
-3.8710318754e-01 -5.8298274572e-02 -5.0027237359e-01
2.0992741924e-01 -3.2454383816e-01 -2.8386525372e-03
-5.0060606113e-02 -1.3819560483e-02 4.0159161369e-01
-3.8613299812e-01 1.3927492643e-01 -7.6333211089e-02
-2.1421951837e-02 -2.6951378633e-02 3.0034357793e-02
-1.0001195155e-01 -4.5876110373e-02 1.1490026993e-01
1.0605067114e-01 -5.5019442460e-02 5.5943228112e-02
-6.6463150637e-02 -9.2399848758e-02 -4.1511421649e-01
-4.5144129446e-01 -1.3957043711e-01 -4.3125817501e-01
-1.7490861225e-01 -2.9542322547e-02 -1.3985842422e-01
8.7099329919e-02 8.0235814465e-03 -3.7278140040e-02
-9.5478838300e-02 -3.1836930104e-02 -1.8550461768e-02
-2.7365220264e-01 -9.2775712275e-02 -4.3772556386e-03
-1.0874121610e-01 -6.6253012473e-02 6.6204725296e-02
2.6098958505e-01 5.2108456770e-02 1.5149249988e-01
7.3583392035e-02 -3.0053465493e-02 -1.3545749596e-01
6.9234158068e-01 -2.4931837876e-01 2.3629694973e-01
3.5361286137e-01 -1.8458024369e-01 3.1584131592e-01
-1.1965353948e-01 -1.8082707928e-02 -6.8473613126e-03
-1.7803246360e-02 -3.7453168181e-02 -1.5230879441e-02
-6.5569081691e-02 -5.8853998937e-02 2.3132505552e-02
-2.9162312974e-01 -9.9638803288e-02 2.0926984698e-01
-3.2578466189e-01 -6.5866227584e-01 -3.4240405816e-01
-2.9904597531e-02 -8.4535395111e-01 -7.8274037330e-01
1.5702060980e-01 -3.1212305666e-01 -3.6154774797e-01
6.7695299447e-02 -5.1119100800e-02 -7.4109574754e-02
-7.4969680037e-02 -9.8918294225e-03 8.7417201540e-03
-1.2612858718e-01 -4.8638116289e-02 6.6324679823e-02
-1.1172417856e-01 -2.8361612257e-02 6.0508118936e-02
-4.0698973953e-02 -2.7600508272e-02 3.4965111946e-02
-5.6049609446e-02 -8.5539413823e-03 6.7064435006e-03
2.2590165164e-02 4.6178608215e-03 8.7319659922e-02
1.4921448113e-02 3.5995438021e-02 -2.9246651641e-02
1.3443485259e-02 -4.8513892354e-03 -5.1868500463e-02
5.6643766143e-03 -3.6447994056e-02 -1.8750841009e-02
-4.0041555655e-02 -1.6443858389e-02 -1.5174965834e-02
-3.0247325422e-01 -7.7096168866e-02 3.4800961887e-02
-5.0637499994e-01 -3.3196960733e-01 -1.3384484707e-02
1.9335670069e-01 -8.6484087110e-01 -4.8838227944e-01
5.8176695353e-01 -9.2551505821e-01 -7.1703337735e-01
2.0795346313e-01 -3.3687867392e-01 -3.5083872819e-01
6.9613089354e-02 -1.0046931522e-01 -1.0257320977e-01
-5.1010913765e-02 -2.6260645147e-02 3.4871007336e-02
-7.9347990595e-02 -1.5157330460e-02 3.9005844559e-02
-5.7214355966e-02 -1.0289335283e-02 -1.0934269159e-02
-1.4846548954e-03 1.4184168186e-02 -8.8913278637e-03
-6.6786411013e-03 -2.8365079112e-02 5.8890978864e-02
1.3532462173e-02 -4.6344781026e-02 1.8037098669e-02
1.7457218849e-02 2.0426227398e-02 -2.4698392141e-02
-8.1702188052e-03 -1.8581290914e-02 -1.6199659728e-02
-7.1032890386e-02 3.0863284241e-02 4.1170086175e-02
-6.6633676053e-02 1.7208030310e-02 3.4810824061e-02
-1.5471233101e-01 1.9239858529e-02 -3.9074737552e-03
1.2092652198e-01 -2.5714336553e-01 -2.6263823156e-01
4.0888021982e-01 -5.6830098362e-01 -3.9373430342e-01
2.3046597913e-01 -5.0864949606e-01 -3.6780474618e-01
2.1952397749e-01 -3.8854488658e-01 -4.2729509368e-01
8.8030112049e-02 -8.8037974852e-02 -1.4181840734e-02
-4.7731679605e-02 2.1419344477e-02 9.8206763282e-02
-1.7537025173e-02 2.8303015348e-02 4.1524753615e-02
2.1618193591e-02 7.6736269673e-03 1.1276603087e-02
-1.6326931579e-01 -3.6948621479e-01 3.0014729143e-01
-1.1687141382e-01 -4.5548801994e-01 2.4002703760e-01
7.8716574344e-02 -1.8043779194e-02 -1.4235996258e-02
2.2553835374e-03 -1.2121530732e-02 -2.4050134452e-02
-8.0858372093e-02 2.7723390875e-02 3.6796767380e-02
-3.2968593783e-02 1.0224856714e-02 3.6030087641e-02
-4.8998416832e-02 1.4824547143e-02 2.8536851907e-02
-2.2790548162e-02 3.4818634440e-04 -1.2569805584e-02
-2.3075390289e-03 -3.5376857804e-03 -4.0548632441e-02
-3.9555975196e-02 -1.1878323935e-01 -1.7601825656e-01
1.9983229712e-01 -2.0274144811e-01 -2.1550387639e-01
9.4726686079e-02 3.6806569533e-03 1.3153047351e-01
-8.8148990760e-02 1.1559560097e-02 2.1786548817e-01
-4.7648171542e-02 4.5166094463e-03 3.7982409576e-02
9.8646844120e-02 -5.2901945666e-02 2.9118276806e-01
-3.1841286672e-01 -3.6337864207e-01 1.0130113334e+00
-5.4141332060e-01 -3.9007595804e-01 2.6816963080e-01
6.0418777817e-02 -2.6126491198e-02 -1.1044283734e-01
5.2413417053e-03 -2.4201828358e-02 -1.7536982979e-02
-8.6704974592e-02 3.6643446492e-03 4.3367830237e-02
-4.7862222506e-02 -1.3351413553e-02 3.7958528671e-02
-7.1832900204e-02 -2.3618680920e-02 6.0766240420e-02
-3.2967769338e-02 -2.1526106789e-02 6.0205357533e-02
-2.2412086091e-02 3.0551400983e-03 5.1914408487e-02
-5.8593329794e-02 4.7048811422e-02 6.1061126356e-02
8.7158852330e-02 2.2953160860e-01 3.8431585103e-01
-3.6069591203e-01 3.5464424062e-01 8.2551287320e-01
4.3564555620e-02 3.9761915153e-02 3.9211855331e-01
7.8419928121e-01 -1.1667197849e-01 -3.2829024651e-02
5.1233054304e-01 -5.8538560721e-02 2.0781056492e-01
-2.8241034375e-01 -1.5641129586e-01 2.0455875562e-01
-8.0994137602e-01 -8.0289208579e-02 -4.0663854243e-01
-3.9354311005e-02 -2.1277777913e-02 -1.3870994018e-01
-1.7388083027e-02 -2.4443625452e-02 -2.4535685254e-03
-6.2543184465e-02 -4.2562755386e-02 3.4322198293e-02
-3.1681251402e-02 -7.2961294077e-02 -1.4167032750e-02
-5.1724249400e-02 -7.9533537223e-02 1.3122140218e-02
-4.8977445608e-02 -8.5886183352e-02 -2.1702198343e-02
-2.4087647257e-02 -6.3622159360e-02 2.0846029952e-02
-3.8593812589e-02 -4.6993987683e-02 8.0445112949e-03
-1.9572238620e-01 7.6604330643e-02 2.7505592040e-01
-7.5393474848e-01 2.6195541670e-01 9.7141451214e-01
-1.5597995313e+00 2.3778223474e-01 1.0327378011e+00
-1.9764621605e+00 2.2783977669e-01 5.5328195962e-02
-1.6513990771e+00 1.7456933810e-01 -7.3862684936e-01
-6.7469584227e-01 -1.6284037381e-02 -5.6415064900e-01
-4.1178469615e-01 -3.2844608180e-02 -3.6443456174e-01
-7.8536091291e-03 -3.7216091945e-02 -2.0286285381e-02
-1.0611681172e-02 -4.4406612946e-02 1.5532995375e-02
-1.1268772618e-02 7.1647986595e-02 2.3385302566e-02
-3.1822985380e-02 7.3954639684e-02 -1.0548736526e-02
-8.6090390248e-02 5.8453186730e-02 -5.6059646001e-02
-1.1382749988e-02 3.4694930088e-02 -9.7539458096e-02
2.4218192569e-01 -8.1726996516e-02 3.2604940890e-02
6.7995527800e-01 -3.0842609612e-01 2.6934921591e-01
1.1718496564e+00 -5.9963853404e-01 4.0946599613e-01
1.4048186471e+00 -7.6562892557e-01 3.7072891313e-01
1.4122185610e+00 -7.5882677661e-01 1.4583640001e-01
1.6679178005e+00 -6.8246613740e-01 -1.9060612354e-01
1.6366365226e+00 -4.6058721166e-01 -6.9007886268e-01
5.8039949721e-01 -2.2304583013e-01 -4.0832595287e-01
-7.4861373632e-02 -1.3275845266e-01 -3.4690768725e-03
-6.6552664314e-02 -1.5065763389e-01 2.9346108780e-02
-4.7837766141e-02 -1.0401432648e-01 -1.4470173186e-03
2.1253082024e-02 8.0998394027e-02 4.0351319259e-02
-4.5596885516e-02 6.6744685211e-02 -8.0394766662e-04
-5.3866540415e-02 2.1819025755e-02 -1.0687599269e-02
1.9476520335e-01 -3.7490979841e-02 8.5442794230e-02
7.5387386351e-01 -2.6780646855e-01 4.7571773280e-01
8.5448237518e-01 -4.1262720616e-01 4.6989689827e-01
5.7635921059e-01 -4.0898423718e-01 2.5853818021e-01
3.7583597017e-01 -3.1681303131e-01 1.1295998392e-01
1.0208747641e-01 -1.5444370591e-01 6.9726223808e-02
1.4761876777e-01 -8.3424153738e-02 1.4855633397e-01
6.3037802200e-01 -1.4337765512e-01 -2.2761494735e-01
1.0765345549e+00 -3.7307128976e-01 -8.9993355202e-01
2.1952371512e-01 -1.7368992947e-01 -2.9476253089e-01
-1.4334027628e-02 -1.4013639428e-01 2.7927151339e-02
-2.8501386537e-02 -1.0035992669e-01 1.5181660235e-02
-5.7785137237e-03 7.2827209649e-02 4.2639916184e-02
-4.5422872805e-02 6.5344842815e-02 -1.4439106586e-02
5.4277006479e-02 -2.9484587432e-02 7.6470240381e-02
4.7562466015e-01 -1.4433651522e-01 2.6583305948e-01
4.0620583279e-01 -1.6940514683e-01 2.3700477699e-01
-4.5292642374e-02 -7.1277085523e-02 -2.5389362890e-02
-1.2473305475e-01 -6.4282947661e-02 -2.7111239202e-02
-8.4109509848e-03 -6.5895320806e-02 4.6330681871e-02
1.1842878922e-02 -2.6984684717e-02 5.5516479966e-02
-3.8405394219e-02 -5.7687228904e-03 2.0325351077e-01
2.2648314105e-01 -2.3907914242e-01 2.5905696152e-01
9.7585256735e-01 -7.4614587077e-01 -3.6417734789e-01
4.1540180335e-01 -3.1683209033e-01 -4.5939669127e-01
2.8252538751e-02 -6.4990446109e-02 -8.4697064320e-02
-4.1474421894e-02 -6.6767822716e-02 -1.9720708534e-02
1.0038129484e-02 6.3663054705e-02 6.6182628075e-02
5.3880352544e-02 1.4969852765e-02 8.1242344878e-02
2.7360780323e-01 -7.7235707120e-02 2.4267467799e-01
5.9372537331e-02 -1.2990015814e-02 -5.2546638834e-02
-3.9533659475e-01 1.7393469861e-01 -3.9195938488e-01
-3.5631591076e-01 1.3529095366e-01 -2.6736535195e-01
-6.9830452321e-02 -3.6357597221e-02 -4.8088701583e-02
2.1602508976e-02 -7.6798195717e-02 2.3685226300e-02
4.0942384299e-02 -6.7558438358e-02 2.8697673033e-02
7.5730839253e-02 -1.1173043132e-01 7.1365629720e-02
1.2630853991e-01 -3.7515496620e-01 1.6845251440e-01
3.6736940105e-01 -8.9388542873e-01 5.1654322977e-02
4.7432293780e-01 -4.6580934562e-01 -3.5634439855e-01
2.5723811452e-01 -2.0277735351e-02 -2.1054620248e-01
-1.2568474720e-02 -6.1672481007e-02 -5.5721181380e-02
2.5474486363e-02 1.6855008454e-03 1.1211589157e-01
1.2069438463e-01 -6.0025884044e-02 1.9520874610e-01
-6.3938389753e-02 3.0174130831e-02 -9.3238137045e-02
-5.8181758354e-01 2.8426863256e-01 -5.9977221041e-01
-5.2502679288e-01 2.9920433100e-01 -4.9639896892e-01
-1.5809072592e-01 6.2375203337e-02 -1.4342556375e-01
3.2983410251e-02 -6.0905762351e-02 -8.1521750082e-03
7.7792766421e-02 -4.2823215990e-02 2.7677954295e-02
1.0407364205e-01 5.8427213098e-02 2.9594833305e-02
7.8365112989e-02 1.4425879903e-01 5.1888224795e-02
-7.8745974219e-03 -1.2676459180e-01 2.8912868662e-02
-4.1814188233e-02 -6.3114613313e-01 -8.0365295754e-02
9.6430025241e-02 -3.0771237019e-01 -4.5241633633e-02
2.0574720642e-01 1.5343643857e-01 1.6628448947e-01
-2.2449793112e-02 -2.2671864937e-02 6.5318770226e-03
7.2614421821e-02 -4.7756308919e-02 2.2038522602e-01
-1.1026433542e-01 3.4889372858e-02 -1.1785318029e-01
-6.1152903244e-01 2.7332715782e-01 -7.5244095004e-01
-6.0293948283e-01 3.0963281557e-01 -6.3333430622e-01
-1.7950107780e-01 8.0415095714e-02 -1.7255486887e-01
9.5831729202e-04 -5.4836352614e-02 -1.4907571278e-03
9.1976963269e-02 5.8144560235e-04 5.6441171345e-02
3.0123927581e-01 1.5438311223e-01 1.7306874542e-01
5.3224047071e-01 4.2513242856e-01 1.4053494585e-01
3.8682701234e-01 4.6672121340e-01 1.8653038986e-02
1.6347093208e-02 -4.0963628206e-02 9.6315580927e-02
-1.2790980689e-01 -3.8065006016e-01 2.0452734694e-01
-1.9667080623e-01 -3.3590007491e-01 5.9360848735e-01
2.9374100382e-04 1.6081846419e-01 4.8955165152e-01
-2.4952006545e-02 3.9510641240e-02 2.5604041390e-02
7.4852866570e-02 -5.5430070202e-02 1.0583089076e-01
-3.7599272267e-01 1.4297205040e-01 -6.6560262097e-01
-5.8138296598e-01 2.1594932100e-01 -7.8720740765e-01
-1.7711399776e-01 1.0838303656e-01 -2.4645983385e-01
3.2580531257e-02 -2.0686048802e-02 1.2944884728e-02
1.6665234857e-01 5.9162849947e-02 8.2842991743e-02
5.6158382279e-01 2.9063254014e-01 3.5150253636e-01
1.2294671073e+00 6.3057542686e-01 5.5806495952e-01
1.4433440585e+00 9.6645228967e-01 2.4867227453e-01
8.1480959934e-01 7.3170001470e-01 -6.6892169169e-02
2.9836330581e-01 9.6528609851e-02 8.6250370742e-02
4.7603610038e-01 -1.4271139099e-01 1.6109689137e-01
-8.6977291939e-02 -1.0049111563e+00 5.6884821821e-01
-2.6408414169e-01 -6.5417444990e-01 3.9647468423e-01
-3.8923761615e-02 -7.2355405696e-02 3.4703725350e-02
-1.1950379801e-01 -8.2019008004e-02 2.4319232567e-01
-4.9296869935e-01 -3.0249881348e-01 -4.0620644969e-02
-3.4029550417e-01 -1.6090852585e-01 -1.7909303759e-01
7.9020842103e-02 9.4316888828e-02 -1.3331248343e-01
3.6292810945e-01 1.3548204050e-01 4.6426868468e-02
8.2230902395e-01 3.4890680462e-01 3.3873522965e-01
1.0533828390e+00 4.6676758962e-01 6.0815358903e-01
1.0915541654e+00 4.9060540125e-01 5.4788920580e-01
8.1267699903e-01 4.8662376965e-01 1.4933448955e-01
3.6104348083e-01 2.7722779930e-01 -1.0929116472e-01
-5.9086938410e-03 1.1002231106e-01 -4.4152890479e-01
8.3227903252e-01 2.2250404878e-01 -5.9197516456e-01
1.3213394167e+00 -4.5380129903e-01 -5.1983612706e-01
2.4984281828e-01 -4.6117861750e-01 -6.5506702808e-02
-1.7119692997e-02 -4.9343998621e-02 7.3130615826e-02
-2.5489463811e-01 -1.0982908105e-01 3.3754922979e-01
-5.0085376139e-01 -4.8503565944e-01 3.4660537018e-01
-4.9160171251e-01 -3.0385027793e-01 -3.8749939375e-02
-3.1194942314e-01 4.5924564410e-02 -2.0185067678e-01
2.7866553797e-01 1.5583162969e-01 2.2578831142e-02
5.8050488799e-01 2.2823136352e-01 1.6961571818e-01
4.4612102812e-01 1.5576003872e-01 1.5975346381e-01
1.9260562418e-01 6.8379854335e-02 4.9544350287e-02
1.1360803886e-03 -1.0196926898e-02 8.4561617613e-03
9.1784836245e-02 -1.0946181448e-02 5.5975270029e-02
-1.9060385619e-01 4.0095130967e-02 -4.7802410820e-01
3.2323900815e-01 -2.6791196717e-01 -1.0991743217e-01
2.4728057180e-01 -7.7166799163e-01 1.3020341688e-01
-2.4993848818e-01 -2.8734204637e-01 -2.3332600395e-01
-4.3941499698e-02 -5.3109193885e-02 2.8890298149e-03
-4.2579553786e-02 -1.1785021342e-01 2.4281913489e-01
2.4843265400e-01 -3.8842697395e-01 5.0795098500e-01
1.9447961558e-01 -3.0525432863e-01 -4.3519606314e-01
-1.6853438689e-01 -7.4657147057e-02 -4.1675394981e-01
5.7095425270e-02 -2.6195120578e-02 -7.3510647139e-02
1.1585632720e-01 -1.2795421701e-02 -4.0741208008e-02
7.4665725735e-02 2.2458048973e-03 -2.2169333697e-02
-7.7953780242e-02 -1.7196071810e-02 9.7384829900e-03
-1.2781543964e-01 -7.3115072422e-02 4.0794883868e-02
1.0963885067e-01 4.9703584332e-03 8.6737681639e-02
2.6235996284e-01 6.5945579050e-02 -1.5422379893e-01
9.5396082098e-01 -4.8008204306e-01 8.5365488025e-02
5.8892260753e-01 -8.4412205651e-01 2.3517551182e-01
-1.2432394469e-01 -1.5863071864e-01 -4.6464328797e-02
-3.7867620218e-02 -4.2497731887e-02 -3.8491456520e-02
-8.1529315530e-02 -6.0855295136e-02 1.5972268694e-01
-3.2136387969e-01 -1.4510023260e-01 5.5190373474e-01
-5.2122003925e-01 -4.0476592046e-01 3.1087971932e-02
-1.5644464523e-01 -2.7756052648e-01 -3.4376319847e-01
2.2455004348e-02 -6.3491599449e-02 -1.5049767098e-01
-5.7702029599e-02 -3.0945859773e-02 -5.5046778918e-02
-7.1592497979e-02 -2.2694381966e-02 -1.9365238578e-02
-1.0765327289e-01 -5.4508105117e-02 4.4927189592e-02
-1.2622939862e-01 -6.2426748173e-02 4.6218392691e-02
-6.5018107914e-02 -5.0591461313e-02 2.8754801495e-02
-5.9747311412e-02 1.5573908674e-02 1.1571338130e-02
1.0722315301e-01 -2.3343479364e-01 3.0171743717e-03
1.3019471744e-01 -3.7040919924e-01 -2.7873383062e-01
1.8188949598e-02 -3.1877938090e-02 -2.6575518531e-01
-1.0307931658e-02 -4.9048185869e-02 -4.9400832020e-02
-5.3897973993e-02 -2.8171523040e-02 1.8130487877e-02
-4.3135842226e-01 -7.9577347933e-02 1.1913430593e-01
-1.0115282876e+00 -3.7979367108e-01 5.3438055816e-01
-3.5193710843e-01 -4.7892559013e-01 3.2933463308e-02
-4.2280364246e-02 -3.5904864047e-01 -2.5621143971e-01
-5.3848801055e-02 -6.8587539796e-02 -9.5532708461e-02
-6.1352163073e-02 -2.2438677078e-02 -1.0735375206e-02
-9.2728811961e-02 -2.5995880850e-02 4.3326206584e-02
-7.1156279654e-02 -4.7340425543e-02 3.9547051818e-02
-4.3629056064e-02 -2.3335158410e-02 6.0078073352e-03
-2.2728304559e-02 2.0169779453e-02 1.6828481994e-02
-5.5080451395e-02 -3.9807262130e-01 2.5279893536e-01
-2.8101520842e-02 -6.4354104261e-01 3.7656896714e-01
4.5083015283e-02 -9.6690474627e-02 3.7495420988e-02
-1.3412173819e-02 -3.6838470957e-02 -3.3418528505e-02
-6.4530984239e-02 7.3987250743e-04 5.1873814073e-02
-1.0166995612e-01 -5.9187655712e-03 3.8270450130e-02
-3.4246589345e-01 -4.7311232273e-02 2.0345691776e-01
-3.5508519612e-01 -1.9770255614e-01 1.0315309374e-01
-3.1773261973e-01 -2.8864758640e-01 3.6795878045e-03
-2.0612205592e-01 -1.6249773208e-01 -1.3424443839e-01
-5.3170098196e-02 -7.3516924079e-02 -4.4741321521e-02
-5.2036644374e-02 -3.2866070421e-02 6.3362741259e-02
-7.1157270402e-02 -2.0604202072e-02 7.3593417224e-02
-2.6326007768e-02 1.0249690284e-02 4.2002794140e-02
-3.0748631318e-02 -4.7885073560e-02 3.0614899276e-02
-2.0840206620e-01 -8.4359283829e-01 6.6456652933e-01
-2.1400677956e-01 -1.2815310553e+00 8.3998792624e-01
1.1024569791e-01 -2.6819568614e-01 1.4242907695e-01
-2.5006608991e-03 -2.1004100823e-02 -3.2226511169e-02
-6.9435854276e-02 5.0163873110e-03 4.5702758133e-02
-3.5688421106e-02 -1.0320258920e-02 7.0450581471e-03
-4.6815437841e-02 -1.6891501101e-02 2.2068869710e-02
-1.5427841683e-01 -5.0599450090e-03 2.4469043048e-02
-2.7794437505e-01 -5.3445240262e-03 4.2852679101e-02
-4.2489325423e-01 -8.2245572209e-02 1.8503687600e-01
-1.5436827694e-01 -1.2531415982e-01 2.0767857601e-01
-5.2718075585e-02 -6.6134079098e-02 1.0422830882e-01
-8.0022405631e-02 -6.7742993907e-02 1.1532260304e-01
-4.6982316557e-02 -4.7521733214e-02 4.8130971965e-02
5.0138152970e-02 -1.0254880176e-01 1.7045465079e-01
-2.5480668990e-01 -5.1677401259e-01 5.0706704309e-01
-6.4388138346e-01 -7.4417907052e-01 -3.5912931949e-01
1.7412877667e-02 -1.7630972091e-01 -3.3579623410e-01
5.1397669012e-03 -3.6013449547e-02 -3.4572917687e-02
-6.8118045238e-02 -1.2516154512e-02 5.1545008515e-02
-4.2018071790e-02 -1.1297100946e-02 1.5765640541e-02
-5.4272727620e-02 -3.5323173721e-02 4.1937690867e-02
-4.7040789833e-02 -2.9586130130e-02 4.2346701658e-02
-8.6859445533e-02 -1.8507042978e-02 6.4946759591e-02
-2.7946006987e-01 -3.0748690334e-02 3.4942975792e-01
-4.5071772914e-01 2.1619234359e-02 6.1991918033e-01
-7.2610737638e-01 -5.3984977646e-02 5.7426893518e-01
4.7856060930e-02 -1.5310539153e-01 2.7551059546e-01
7.0661278914e-01 -5.4445847170e-02 9.7388390008e-02
2.6430068724e-01 -5.9811883692e-02 1.4876595144e-01
-2.8629959030e-01 -2.4785474901e-01 -9.7954864793e-02
-7.4264526007e-01 -2.4664665360e-01 -8.9778932586e-01
-1.0686304236e-01 -6.4106947431e-02 -3.0065616554e-01
-2.0153154164e-02 -3.7989362820e-02 -1.0155041384e-02
-5.7783149589e-02 -6.0849853449e-02 2.0538013017e-02
-3.0197612632e-02 -8.5981905318e-02 -5.2526928782e-02
-5.8073056032e-02 -1.0743049026e-01 -1.6947135299e-03
-8.0756639812e-02 -1.0970542021e-01 -2.7736515702e-02
-4.2000397509e-02 -1.0401991514e-01 1.6947449651e-02
-1.0570516672e-01 -6.6424111014e-02 2.2701717036e-02
-4.5892881568e-01 -9.4434603557e-03 3.6192592577e-01
-1.2405994725e+00 -1.8439524264e-01 9.2225112104e-01
-1.6431040261e+00 -5.1361984610e-01 8.3239905879e-01
-1.6991356718e+00 -5.7275473598e-01 6.3171194254e-02
-1.4839957662e+00 -4.1450510084e-01 -5.5836007852e-01
-7.7390455716e-01 -3.1139331548e-01 -5.1388473732e-01
-3.4205543576e-01 -1.2797214434e-01 -2.7235723446e-01
-1.2740572055e-02 -5.6267877223e-02 -1.5380661531e-02
-3.6784691886e-03 -6.6909480974e-02 2.0816007691e-02
-1.8912757399e-02 6.4998274940e-02 2.1169539477e-02
-7.0669166934e-02 8.2787651484e-02 2.0659661407e-03
-1.1948608482e-01 6.6902738622e-02 -9.3741132345e-03
-8.6902078557e-02 7.1703653656e-02 -4.6546622546e-02
3.3585696504e-02 -2.7678658789e-02 -1.4342376771e-02
1.7970023901e-01 -1.3878010694e-01 3.1556514132e-02
4.0491614899e-01 -3.1544058694e-01 9.8908603908e-02
5.6245332391e-01 -4.5389001433e-01 1.2980769975e-01
6.8351253744e-01 -5.3326452265e-01 1.2321451530e-01
1.1033030824e+00 -6.6282539215e-01 -5.7183191317e-03
1.3660653398e+00 -7.0389767200e-01 -5.3131053525e-01
5.3970624299e-01 -3.4628732810e-01 -4.3756081934e-01
-1.0655053293e-01 -1.1537187476e-01 -3.4748820138e-02
-9.9722620588e-02 -1.1625369773e-01 1.0096840602e-02
-8.4091633444e-02 -8.9584795726e-02 -1.8119400872e-02
-1.3816027037e-02 7.3750071076e-02 3.4142475658e-02
-9.4206641428e-02 7.5084352216e-02 3.3973743264e-02
-1.2597043939e-01 3.1217500106e-02 3.8616311003e-02
-1.8014045589e-02 -1.5798138143e-04 4.1812321401e-02
2.7812077470e-01 -1.9120923801e-01 2.2185856711e-01
5.0711428925e-01 -3.4949549925e-01 2.5391221620e-01
5.1588260800e-01 -4.7106110577e-01 2.2802062535e-01
4.7013844156e-01 -4.8221877237e-01 1.7629061579e-01
3.6414206356e-01 -3.9242779971e-01 1.7387940119e-01
6.2037578436e-01 -4.8442720623e-01 1.1753197549e-01
1.2932819797e+00 -9.0892992858e-01 -7.2956871554e-01
1.2135566522e+00 -8.5980387462e-01 -1.3686270478e+00
1.5697994152e-01 -2.0756356863e-01 -3.4223947805e-01
-3.4940428774e-02 -1.0344193587e-01 -4.0081989672e-03
-5.7886269833e-02 -7.9866091064e-02 -6.3421375042e-03
-3.3934769199e-02 7.1626761734e-02 1.7759803565e-02
-1.1907832514e-01 7.1545984982e-02 -2.5563048988e-02
-7.0012556519e-02 -1.3573446723e-02 3.6488688240e-02
2.5349886055e-01 -1.4105640327e-01 1.6900535053e-01
4.5113724337e-01 -2.9675256345e-01 2.6332853145e-01
2.1854006536e-01 -1.6640367997e-01 9.2540347849e-02
5.3717089251e-02 -1.1847393546e-01 4.2015560212e-02
-1.1933846431e-01 5.4313100760e-03 5.2641707124e-02
-8.8085365990e-02 -4.1874503476e-02 3.3877314780e-02
2.7568624241e-02 -2.0200521914e-01 1.1708169711e-01
1.7271581058e-01 -4.4485772372e-01 -7.7795119667e-02
8.2365041938e-01 -8.7411790350e-01 -9.6945745771e-01
7.6099707642e-01 -4.9968401374e-01 -8.3817440645e-01
1.5933894375e-01 -9.0433414087e-02 -2.1392850190e-01
-5.6874605028e-02 -5.5505089840e-02 -5.0401579206e-02
-5.7307633153e-03 5.9990663957e-02 3.2016177871e-02
-1.9394718196e-02 5.5643175301e-02 2.6319501999e-02
1.5438928192e-01 -8.5192317713e-02 1.5523434558e-01
2.3362417228e-01 -1.4453490058e-01 1.4154642552e-01
-8.7211321967e-02 4.8821124774e-02 -1.3582737839e-01
-2.4194391203e-01 2.1587437888e-01 -2.0590989884e-01
-6.7131595293e-02 1.1156722457e-01 -6.7561494618e-02
-9.6221254634e-02 1.6639460226e-01 4.0472790676e-02
-3.4240182709e-02 8.0163531022e-02 -2.3841642296e-03
2.8861040265e-02 -1.5114354217e-01 7.4829466251e-02
-1.0784482510e-01 -3.1559699580e-01 2.4281338228e-01
4.4063754257e-01 -7.2453416581e-01 -2.2171166241e-01
1.7929266064e+00 -8.1436791509e-01 -1.2343750879e+00
1.0554637760e+00 -2.1157394923e-01 -7.9561894648e-01
3.2244958241e-02 -6.7813512897e-02 -1.4818940086e-01
2.4569899290e-03 -4.2098639834e-03 6.7314192089e-02
3.1359363936e-02 -1.0212667605e-02 7.5543531906e-02
1.3160734877e-02 -5.1466934015e-03 1.8541872128e-02
-3.1156728062e-01 2.0986402035e-01 -3.1239885064e-01
-5.5425757585e-01 4.9469167517e-01 -4.9922799510e-01
-3.8438351440e-01 4.7948870630e-01 -2.8881106108e-01
-6.5336269903e-02 3.8595968604e-01 -2.6450022511e-02
1.6269709179e-01 6.1057354193e-01 2.3126709333e-01
2.5203308639e-01 7.3416864322e-01 2.4661538557e-01
1.2767544651e-01 5.8488838162e-01 2.1809240092e-01
-9.6216822728e-02 -8.3125628600e-02 3.2064529907e-01
4.9856202736e-03 -4.7738536519e-01 1.6644166055e-01
5.9995948854e-01 -2.9041120880e-01 -3.7940135520e-01
6.6731466557e-01 -1.1099003779e-01 -4.4544578512e-01
-3.3741306304e-03 -6.8031311864e-02 -1.2041097656e-01
1.7565794567e-02 -2.9529447644e-02 1.1106579501e-01
-6.5817460028e-02 6.8593112613e-02 -5.5927090177e-02
-3.7074116758e-01 2.4747957344e-01 -4.0599283968e-01
-5.7046090901e-01 5.1649551098e-01 -5.4877741620e-01
-3.8884383922e-01 5.9916819120e-01 -4.0226953931e-01
-6.8939416603e-02 4.7261891258e-01 -7.0342606117e-02
4.0543393603e-01 7.9892764116e-01 3.6582447649e-01
7.0257556881e-01 1.2501089559e+00 6.6621473267e-01
6.3137950735e-01 1.0329171831e+00 4.0653516940e-01
4.7059381652e-01 7.5406616158e-01 2.1754021162e-01
7.0015001384e-02 -3.4459141090e-01 4.0851214938e-01
5.9533377148e-02 -4.9886810858e-01 2.8368687198e-01
-1.1225802267e-01 -2.1209683175e-02 1.9845272338e-01
-1.0029808707e-01 1.1395351788e-02 1.9332477746e-01
-7.7588384092e-02 -4.3275471582e-02 -1.5588099182e-02
5.1668124354e-02 -1.6466102487e-02 1.8022620968e-02
-1.2587087008e-01 6.1160511401e-02 -2.3230729019e-01
-2.8099546643e-01 1.4590849828e-01 -2.9313215439e-01
-1.5750655998e-01 5.3519117192e-01 -2.7284672509e-01
2.1424145133e-02 4.6220519781e-01 -9.2992601406e-02
3.8934664206e-01 5.4715344951e-01 2.4489826418e-01
9.6419635819e-01 1.1465683141e+00 7.2013789315e-01
8.0191741607e-01 9.2398365526e-01 6.0696943620e-01
5.0732681438e-01 4.7451805768e-01 1.8478977248e-01
3.6974181148e-01 4.2218735929e-01 5.9039508695e-02
4.3757950681e-02 -1.3071942392e-01 1.0514851754e-01
6.6498093305e-01 3.0245856932e-01 -6.3246411400e-01
5.5667445544e-01 2.9067528133e-01 -8.0470810977e-01
-2.9352459727e-02 -1.5417768587e-01 -5.6043889213e-02
-5.5927830710e-02 -7.3623415560e-02 -1.1079465573e-02
5.1748067362e-02 1.0356165355e-02 -8.2070035744e-02
-3.0919252519e-02 -9.4395602158e-02 -1.6935956999e-01
1.0047214894e-01 -7.6533135009e-03 -5.3006795886e-02
3.0278767905e-01 4.1674689087e-01 -1.7795949686e-01
3.5590007955e-01 2.2919994016e-01 5.0397263380e-02
7.9601630956e-01 5.4476760014e-01 3.6529168122e-01
7.4661731336e-01 5.8330186742e-01 4.5766101060e-01
4.1091176058e-01 2.7265330874e-01 2.1815584814e-01
3.2261542087e-01 2.3563451987e-01 8.5777077804e-02
1.0849430249e-01 1.0869812766e-01 -1.4383360003e-01
-8.2049184735e-02 4.7271544826e-02 -8.8411147076e-01
4.6773651148e-01 2.1262795790e-01 -1.5484610373e+00
1.1170666323e+00 -2.3042043452e-01 -2.1779192759e+00
2.7067056085e-01 -2.3162813150e-01 -5.7084608950e-01
-5.7474170613e-02 -5.1554467498e-02 -1.7301440728e-02
-2.9512503688e-02 1.9914653119e-02 -8.5974793615e-02
-5.3031239351e-02 -1.2652436121e-01 -1.6724336386e-01
1.0954930816e-01 -1.0088638566e-01 -1.4280592466e-01
1.4770665589e-01 7.5538436019e-02 -1.8985465569e-01
1.6037898015e-01 1.1383933175e-02 6.2981296706e-03
2.8894246626e-01 1.0980820623e-01 5.5485540627e-02
1.4625707200e-01 5.7141711705e-02 5.5555972927e-03
2.6538958462e-01 1.7956047456e-01 8.3282680648e-03
2.1567074626e-01 1.9479175575e-01 2.4367738686e-02
-2.4192325559e-02 -2.8461150649e-02 -1.4733668112e-01
2.0524627176e-01 3.5330766115e-02 -9.0435522031e-01
6.6735013948e-01 -2.9187225993e-01 -7.2732565819e-01
3.5589838168e-01 -1.1698124400e+00 -3.7295387080e-01
-4.0214631369e-02 -3.7820041966e-01 -1.9316680382e-01
-7.1604961847e-02 -4.6885117331e-02 -1.7725677459e-02
-6.9889257122e-02 -7.1236308682e-02 8.7614370822e-02
-1.4436294771e-01 -2.5000083661e-01 2.6241393004e-01
-4.8255227551e-01 -2.9977192750e-01 -4.6786091659e-01
-5.2682710766e-01 -2.4620646700e-01 -3.5509205402e-01
-2.5723913922e-01 -1.3782426152e-01 -1.2561439343e-01
-1.8522662861e-01 -1.0972430004e-01 -1.0242165590e-01
-7.5162221411e-02 -1.0060566603e-01 -6.4472256809e-02
1.5552921468e-02 -2.3475548275e-02 -2.7401271062e-03
-4.0223832365e-02 -7.3407237491e-02 -2.4891989137e-03
-7.5087193791e-02 -7.7560628772e-02 7.2967104269e-03
2.5542627203e-01 -5.6686913405e-04 -1.6732553095e-01
8.4318020839e-01 -6.2791589138e-01 4.3139743017e-01
4.1828930033e-01 -1.1383225264e+00 1.2893250509e+00
-1.4888424984e-01 -1.8111826298e-01 4.4743875301e-01
-7.0921368952e-02 -1.6298855570e-02 -3.8249382806e-02
-5.9398549319e-02 -5.8614657586e-02 4.7412402865e-02
-3.1769662684e-01 -2.4084683433e-01 9.3699029076e-02
-7.6933349730e-01 -6.3009117133e-01 -3.2001859184e-02
-3.8745858824e-01 -2.7645885330e-01 -2.1565413666e-01
-8.1174443956e-02 7.0630363751e-03 -2.1471290182e-01
-1.2269474439e-01 -3.0621932356e-02 -5.8556043409e-02
-9.9615825571e-02 -5.1093105631e-02 -2.7861909026e-02
-1.0480031297e-01 -8.2011377119e-02 2.5091218503e-02
-1.0950768218e-01 -1.0174177657e-01 1.0339191228e-02
-1.0446536231e-01 -8.2445011254e-02 1.6193881867e-02
-1.0029228100e-01 -3.4480499541e-02 7.1252743628e-02
1.2129746527e-01 -5.4833497246e-01 5.1984319243e-01
1.6152049354e-01 -6.8001822573e-01 7.6766277393e-01
1.2792127266e-02 7.9226511519e-03 1.4713118010e-01
-3.3213681342e-02 -1.4614575079e-02 -5.4969655823e-02
-3.5568779816e-02 -4.2270724409e-02 -1.7776688096e-02
-2.7090013745e-01 -1.7462953600e-01 3.1207501390e-02
-8.8137438975e-01 -6.4683314636e-01 4.5320490946e-01
-4.8405796021e-01 -4.5485984060e-01 2.0958423732e-02
-2.7332420069e-01 -2.2012847915e-01 -1.1356047631e-01
-1.4500345364e-01 -4.0339415676e-02 -1.1228777942e-01
-6.8134745376e-02 -2.0623093038e-02 -7.0306697090e-02
-1.1197580197e-01 -5.8346383320e-02 -1.2567233860e-02
-9.9018597443e-02 -7.6802613951e-02 -1.3616361942e-02
-8.5797898615e-02 -5.6662099579e-02 -2.4981775762e-02
-6.5023773387e-02 -3.4248763621e-02 2.2610309028e-02
1.3709376773e-01 -4.6146451755e-01 5.8831714401e-01
3.2183034459e-01 -6.7162194873e-01 1.1232097298e+00
1.5131498610e-01 -5.3377541083e-02 3.0594510265e-01
-3.1141135598e-02 -1.9586331616e-02 -4.0261263296e-02
-6.1844038310e-02 -1.7764689255e-02 1.8410671859e-02
-9.6444964302e-02 -3.7681164243e-02 -4.1977987236e-03
-3.0843559303e-01 -1.6387075258e-01 1.4110052560e-01
-4.7957075783e-01 -3.6599571092e-01 1.8570047802e-01
-5.6127619424e-01 -5.3211370884e-01 2.3211303998e-01
-2.5899200005e-01 -2.1227413868e-01 6.7989606315e-03
-4.3690751196e-02 -7.3531700602e-02 -2.6961916381e-02
-3.3401368903e-02 -4.9039038084e-02 7.3920469018e-02
-5.6449511183e-02 -4.4697030518e-02 5.4644015447e-02
-4.0992164348e-02 -5.1991958160e-02 3.9233175010e-02
-4.2886209721e-02 -6.8591112545e-02 -2.9791538154e-02
4.7487858575e-03 -5.8696399230e-01 3.1581987570e-01
1.0054718883e-01 -8.6088528831e-01 4.1536873240e-01
1.7118641949e-01 -1.9869048035e-01 -1.1030129203e-01
-1.6204220157e-02 -1.7886165828e-02 -6.0518349464e-02
-6.4527283580e-02 -1.8067721897e-02 8.1438993289e-03
-4.2069361265e-02 -3.3155950584e-02 -2.4462875983e-02
-4.3733751638e-02 -5.8817333819e-02 3.0512243975e-02
-1.3745080551e-01 -1.2672530919e-01 6.9634235403e-02
-3.3706216246e-01 -2.8152836972e-01 1.6740979681e-01
-5.2672931856e-01 -3.5475546354e-01 4.2911166782e-01
-3.2369839323e-01 -4.5728079554e-01 4.3530437542e-01
-1.0381522553e-01 -2.5899737839e-01 2.4791966601e-01
-2.2366834010e-02 -1.6686722805e-01 1.7299344296e-01
2.5997384134e-02 -1.1455376990e-01 1.4790773844e-01
2.2231259581e-01 -1.3225640411e-01 1.2614604877e-01
8.0341451106e-02 -3.7325625853e-01 -5.0331573573e-02
-5.0487351871e-01 -5.9268716015e-01 -1.3043135094e+00
-5.3947841024e-02 -1.5958647591e-01 -6.8264635909e-01
-2.6819729027e-02 -4.6083755962e-02 -5.8129192766e-02
-5.9386845011e-02 -3.5842393794e-02 4.1873470612e-02
-3.3509002776e-02 -4.5173348229e-02 3.5026759280e-02
-3.4077076187e-02 -6.0499014676e-02 7.1188949782e-02
-2.8758014196e-02 -7.2121754271e-02 7.3238123294e-02
-8.7749891829e-02 -9.0272784937e-02 1.0686414498e-01
-3.0954544538e-01 -2.4866928511e-01 4.5851878153e-01
-6.1321791775e-01 -5.8884368561e-01 8.3989195803e-01
-8.0176205600e-01 -6.3790596833e-01 6.9042959296e-01
-3.8945193157e-01 -5.1807812703e-01 4.9190987455e-01
-3.3477045325e-02 -2.8961175807e-01 2.6921955595e-01
-1.1260386607e-01 -3.3235113887e-01 1.8183968044e-02
-4.1880684850e-01 -5.0200480706e-01 -2.5323467302e-01
-5.0842363306e-01 -4.0567991697e-01 -8.3172265917e-01
-1.0290500050e-01 -1.0215119174e-01 -2.8285173780e-01
-3.2101236192e-02 -4.4521173223e-02 -2.2684964195e-02
-4.2066525105e-02 -7.1101816030e-02 1.3262728029e-02
-1.9137179946e-02 -1.1004597305e-01 -3.5414873124e-02
-2.2182674634e-02 -1.3303118604e-01 4.5301500937e-02
-4.0124564103e-02 -1.4335737781e-01 1.6250130322e-02
-1.3667162924e-02 -1.1406664053e-01 4.5548148729e-02
-7.1266847494e-02 -1.0765927373e-01 3.5193488524e-02
-3.7200047106e-01 -2.3382742335e-01 2.9951157133e-01
-9.7476049924e-01 -5.6696051989e-01 6.7817010979e-01
-1.3003819736e+00 -9.1674449795e-01 7.2750664834e-01
-1.2861522403e+00 -9.5383450438e-01 2.2212713993e-01
-1.0779604127e+00 -7.5542729701e-01 -2.3443286390e-01
-7.5083759728e-01 -5.1740811838e-01 -3.0115529037e-01
-2.6065048366e-01 -1.7373822021e-01 -1.1587542355e-01
-1.1776407359e-02 -6.1715383680e-02 6.7891762858e-04
-1.8850476604e-02 -6.7431008888e-02 1.9276300290e-02
-1.1549749764e-02 5.6702266609e-02 5.1198336641e-02
-4.3768476365e-02 5.4227648460e-02 5.5648067201e-02
-1.0466795172e-01 5.1183561890e-02 6.6082292502e-02
-6.7556994843e-02 5.2223495890e-02 7.8679974449e-03
-9.9838427279e-03 8.4714222281e-03 -1.9226777679e-03
2.4902384382e-02 -5.9977981892e-03 -9.7329655390e-03
4.5031516103e-02 -5.2539611665e-02 1.2703364436e-02
5.8364288344e-02 -5.9031367692e-02 9.8552744616e-03
1.5209101013e-01 -1.1967258695e-01 3.7189436523e-02
2.9497710725e-01 -2.4181796806e-01 4.0420112967e-02
3.8522957934e-01 -3.3438209579e-01 -1.0694152859e-01
6.6014058965e-02 -1.5883117133e-01 -3.9149237838e-02
-1.2605308786e-01 -6.1668927695e-02 6.6054466513e-02
-1.1500413872e-01 -1.1106589756e-01 4.0283150509e-02
-8.9078671399e-02 -9.6805711066e-02 1.1045828602e-02
-2.9518919352e-03 5.7877804949e-02 6.7751204652e-02
-4.5661401025e-02 6.0517514213e-02 6.2928216136e-02
-8.9972473929e-02 2.6772385539e-02 9.1436944581e-02
-4.8272216412e-02 1.7547841222e-02 5.1649812487e-02
3.9525718229e-02 -4.3338255496e-02 9.2121248293e-02
8.5963829859e-02 -7.7749904115e-02 7.5092511009e-02
1.1206874255e-01 -1.6193290695e-01 9.5509415276e-02
2.5454770876e-01 -2.6034639634e-01 9.6766726526e-02
3.8959852306e-01 -4.4086183736e-01 1.7111788995e-01
6.9758205792e-01 -8.2947642950e-01 9.5484294352e-02
1.0962923851e+00 -1.3164549193e+00 -5.2732575425e-01
5.9696984983e-01 -7.7909968009e-01 -6.1705776302e-01
6.6367889320e-03 -1.2358556244e-01 -3.8746754977e-02
-5.3808657700e-02 -1.0095824178e-01 4.4493716273e-02
-4.3986649542e-02 -7.1757990644e-02 2.1495658095e-02
-3.8433340928e-02 6.9892255562e-02 5.6946728809e-02
-8.8168385627e-02 6.4424211062e-02 5.2293011863e-02
-1.2831239891e-01 2.2225839920e-02 6.2624760547e-02
2.3015958446e-02 -9.8788968275e-03 6.7443501004e-02
1.2656217283e-01 -9.7035636911e-02 1.0888875981e-01
1.0071094577e-01 -6.1802324313e-02 5.1560714600e-02
5.4559440800e-02 -4.9536335386e-02 4.2516581052e-02
9.5927789259e-02 -1.1029833828e-01 7.0633352449e-02
1.8232246896e-01 -2.6256062883e-01 7.2569593346e-02
2.8695629407e-01 -6.0701860773e-01 5.2628916740e-04
6.0061843873e-01 -1.1376633361e+00 -5.1747987380e-01
6.7763365498e-01 -9.5987042912e-01 -7.8318156792e-01
3.8430875029e-01 -2.9159424288e-01 -3.2719484154e-01
3.3132854496e-02 -9.2553795784e-02 -7.6819103608e-02
-7.1082746479e-02 -4.6429019632e-02 -8.9975181442e-03
-1.4191063282e-02 6.3087811574e-02 5.4417392462e-02
-2.9734541775e-02 5.9093075540e-02 5.1034837447e-02
-2.3360494838e-02 -6.7428142029e-03 6.7573060319e-02
9.4243396841e-02 -5.7369532765e-02 6.6501256087e-02
8.0777803841e-02 -3.3664859375e-02 2.5578846169e-02
-4.5793010597e-02 8.8239811487e-02 -7.2819520431e-02
-7.5610662820e-02 2.2742202696e-01 -4.8235664588e-02
5.0143797525e-03 2.9042246935e-01 6.7657734604e-02
1.2681552934e-01 1.1225384944e-01 4.2729299694e-02
1.3484680923e-01 -2.3709983030e-01 1.3102787489e-02
1.2295737805e-01 -3.2779970722e-01 2.6814376268e-02
8.0030213858e-01 -5.8347452322e-01 -4.1904627413e-01
1.5875089636e+00 -6.9601845638e-01 -9.4632406454e-01
6.1810589909e-01 -3.0865695440e-01 -5.4461194945e-01
-1.8614684594e-02 -7.6292895251e-02 -9.1446214318e-02
-3.6339218297e-03 1.9488690262e-02 7.9421229880e-02
-3.9933377729e-03 4.3182488856e-02 1.9653998527e-02
-3.1952650725e-02 2.9617212878e-02 4.1806969880e-03
-3.3197712877e-02 2.1591596637e-02 -2.4021991385e-02
-1.5558373185e-01 2.5117967466e-01 -1.3277520266e-01
-2.0160969412e-01 5.7948712696e-01 -1.7514019379e-01
2.6459057208e-02 7.8722062064e-01 4.9725461544e-02
2.6967812916e-01 1.0059351577e+00 3.5017320905e-01
2.4398880895e-01 7.1890758156e-01 2.3955200404e-01
1.8145581538e-01 2.2482519414e-01 1.1897993673e-01
1.5991875549e-01 -9.0704642373e-02 1.0904073959e-01
5.7103729447e-01 -5.4050390722e-01 -2.3490689433e-01
1.0397017195e+00 -1.4197421386e-01 -7.5428812190e-01
4.4221934634e-01 -7.6544481903e-02 -6.9250696344e-01
-3.1435456781e-02 -8.3573338473e-02 -1.4254597351e-01
1.6699162417e-02 -1.5393800834e-02 9.9885249130e-02
-2.9062601555e-02 3.2664343970e-02 -3.0937682153e-02
-9.9403656623e-02 -8.5625192268e-03 -4.1091398932e-02
-8.2865319377e-02 1.3536051036e-01 -7.0295248347e-02
-8.9441487886e-02 7.5716326505e-01 -2.2245036294e-01
1.0568857527e-01 1.0220007304e+00 2.6172941305e-02
5.5226223595e-01 1.2028193801e+00 4.8510430192e-01
5.6694500519e-01 1.1570213776e+00 5.6566475487e-01
2.3223520236e-01 4.4450571254e-01 1.9858846964e-01
8.0242383662e-02 1.1061683540e-01 3.0365189382e-02
-2.8241216873e-02 -4.5145625344e-01 -1.2946975464e-01
3.5092818644e-02 -8.5463174498e-01 -3.0249503266e-01
-2.9106148796e-02 3.0002158842e-01 -5.3741591811e-01
-1.0604716682e-01 3.6571901391e-01 -4.4980071034e-01
-6.8793165085e-02 -3.7454331478e-02 -9.2700643092e-02
2.9711790930e-02 -3.5909537833e-02 8.3964616223e-02
1.1783867069e-02 -5.0559283263e-02 3.4827932941e-02
2.8715763433e-02 -5.3657460490e-02 1.2353164776e-01
1.4092875877e-01 5.4582878199e-01 -2.0298693974e-02
3.2476197883e-01 9.0194219941e-01 1.0187616425e-01
5.1436926072e-01 9.0752003800e-01 3.4920372183e-01
6.1051353775e-01 1.0118352828e+00 4.7081348865e-01
3.9304648529e-01 6.8132403393e-01 2.6573149631e-01
1.9414117671e-01 1.9993498569e-01 3.2153433672e-02
1.6823898650e-01 2.1713735418e-01 -7.0611722851e-02
-5.1323871022e-02 2.8765013418e-02 -6.5781971016e-01
-2.1394825596e-02 -5.1416796009e-01 -1.1776599714e+00
-3.3849468704e-02 -1.3367601859e-01 -1.4177699205e+00
-9.0174946098e-02 2.2371783692e-01 -3.6574419087e-01
-4.7341787044e-02 -3.2237055948e-02 -1.9236176529e-02
2.2427998764e-02 -1.7272147513e-02 1.4816459781e-02
9.6468595561e-02 -9.0847332489e-02 5.4705558308e-02
2.7313413617e-01 -2.8461091537e-02 2.4557088385e-01
2.9916596019e-01 1.8561110290e-01 2.1878571318e-01
3.2825768488e-01 2.3449624134e-01 3.1170801896e-01
4.3981422700e-01 5.3472305555e-01 2.1544303157e-01
3.4039416770e-01 4.9705023600e-01 1.8453754191e-01
2.7068137421e-01 3.4167356865e-01 5.2382484805e-02
4.1330223337e-01 3.7258862883e-01 8.3366804181e-02
3.7523141706e-01 3.4948581185e-01 -1.1962160914e-01
2.6043445938e-01 2.7425870273e-01 -8.4080366822e-01
-3.1323712653e-01 -7.3471234088e-01 -7.9550524386e-01
-2.5736373977e-01 -1.1678865464e+00 -1.7944020711e+00
7.8665786825e-03 -1.1608425199e-01 -4.4450820701e-01
-5.3520993322e-02 -4.2810834198e-02 1.1127116714e-02
-2.6423744216e-02 -2.4362071767e-02 -9.4268146442e-03
1.3235539795e-01 -1.8529295013e-01 7.8178840171e-02
4.1253662724e-01 -5.9554945419e-01 5.9497860463e-01
7.7226685648e-02 -3.2291368351e-01 1.9651462770e-01
-2.1978761604e-02 -2.5265879626e-02 -8.4122322261e-02
1.3475065685e-01 1.1429796488e-01 -5.1038910736e-02
7.0378823266e-03 8.6318172228e-02 -8.6198019126e-03
9.3364992143e-02 1.1148649415e-01 1.4085699196e-02
1.9368143568e-01 1.8159937649e-01 3.4275157430e-02
1.3450205810e-01 1.0206390846e-01 -4.4844997650e-02
2.5913650736e-01 7.6616340009e-02 -3.6389267176e-01
2.2664622688e-01 -5.0248170299e-01 -4.2157615627e-01
5.5134680894e-01 -1.0183985792e+00 -1.4208764429e+00
2.0660015623e-01 -2.2923782126e-01 -6.1060413005e-01
-4.1188451582e-02 -4.3103727993e-02 -4.3145807724e-04
-3.8935778019e-02 -5.5924129010e-02 1.8720388170e-02
-6.4773898639e-02 -3.4308038663e-01 1.7693093175e-01
-2.0519636928e-01 -9.2361844266e-01 4.8340635991e-01
-1.8568420889e-01 -2.3572132093e-01 -7.3667427161e-02
-4.2666020529e-02 2.8927915633e-02 -4.0684913831e-01
-7.0510367174e-02 4.3495782269e-03 -1.9946411257e-01
-7.6237474097e-02 -3.6007392423e-02 -3.9266976297e-02
-6.8360846422e-02 -5.5852628862e-02 8.6264117990e-03
-4.9304165305e-02 -8.2668817007e-02 1.2725579083e-02
-7.7606097909e-02 -7.9885063792e-02 4.2650261157e-02
8.3535609290e-02 -1.5057099861e-02 1.7722525276e-02
5.7884704218e-01 -2.6583464074e-01 -2.6341411012e-02
7.6779926265e-01 -5.3364694118e-01 -2.2135273392e-01
1.6879112395e-01 -1.0648587038e-01 -2.6699698313e-01
-4.1740846459e-02 -3.8502689872e-02 -3.3092066467e-02
-1.4340643348e-02 -4.9313810045e-02 1.6217307797e-02
-1.0943776284e-01 -2.3158534431e-01 3.2756844843e-02
-4.7255923943e-01 -6.8558309259e-01 2.3610800409e-01
-3.0453335276e-01 -1.9431667739e-01 -1.7070321449e-01
-1.8875307435e-01 -7.1478221020e-02 -1.8403438795e-01
-7.4367994393e-02 1.5505235764e-02 -1.3368048472e-01
-5.0118147761e-02 2.9010902038e-02 -9.3355509111e-02
-6.8085225194e-02 -4.3243765938e-02 2.5118525720e-02
-6.6023180401e-02 -7.1293618830e-02 3.4516214415e-02
-8.4413901167e-02 -5.3065299740e-02 2.6900448407e-02
-8.7280110206e-02 -1.5356592806e-02 7.4303956976e-02
8.5280001391e-02 -2.9750337124e-01 4.2217763301e-01
3.0764101779e-01 -3.3090088435e-01 5.9930650787e-01
1.9966096765e-01 9.0179038552e-02 -6.6089441983e-03
-3.2339807284e-03 -2.8571226373e-02 -4.1021699309e-02
-1.4051004703e-02 -4.9516760390e-02 6.2446835641e-03
-4.8247757388e-02 -1.1942970704e-01 7.7077721708e-03
-3.2666532142e-01 -4.2549605010e-01 1.6034192175e-01
-3.6797902576e-01 -4.5371683473e-01 -8.5643415399e-03
-3.3744981243e-01 -3.3304292635e-01 1.6665814297e-01
-1.2981892818e-01 -7.6709584985e-02 -5.9236942839e-02
-1.1091453444e-01 -6.7351541536e-02 -1.7207550892e-01
-6.5605181532e-02 -1.7127611705e-02 1.3203953536e-02
-4.5968003329e-02 -4.3562684866e-02 3.1277339857e-02
-7.1789864567e-02 -4.0901003025e-02 -3.6727843744e-03
-3.4223756827e-02 -2.7470880439e-02 -8.8949906629e-03
1.6166048556e-01 -3.1056900587e-01 1.2075085175e-01
2.9242891208e-01 -3.7057186795e-01 -1.5634268733e-01
2.4144055496e-01 7.9051244007e-02 -3.0781680589e-01
-1.0258223442e-02 -1.5414895978e-02 -4.8551464289e-02
-4.6217916149e-02 -3.8857282587e-02 1.4048943142e-02
-1.9631905039e-02 -5.0836930938e-02 -2.7751522770e-02
-9.8644878496e-02 -9.1843571582e-02 -6.4295490085e-03
-2.3556106926e-01 -2.2523319673e-01 -3.8091753220e-02
-3.6419365432e-01 -3.8502696820e-01 1.3401159810e-01
-2.2933917617e-01 -3.7502227355e-01 1.9986561694e-01
-1.8059034028e-01 -3.7107698777e-01 1.8961291249e-01
-4.4064746698e-02 -1.7795611364e-01 2.1590763614e-01
7.9188937995e-03 -8.9708210948e-02 1.6531682850e-01
2.2348783368e-02 -3.0038355685e-02 1.0046456242e-01
1.1532608574e-01 -2.3890674352e-02 3.2989095181e-02
2.3371244428e-01 -2.7947179311e-01 3.8801779724e-03
-5.8081694869e-02 -5.8798994223e-01 -1.2114483944e+00
4.8990134332e-02 -1.2949915245e-01 -8.7197720125e-01
-1.8021166094e-02 -2.2186714351e-02 -8.0239773953e-02
-4.8764893276e-02 -3.8997360824e-02 1.6272528008e-02
-1.9976631907e-02 -5.2725911534e-02 -2.3195582500e-02
-3.3803298945e-02 -5.9885526736e-02 1.7713830601e-02
-4.4722894026e-02 -6.4941697145e-02 8.0718098438e-04
-1.2222048946e-01 -1.7277833542e-01 1.1447648118e-01
-3.1908908922e-01 -3.6480884973e-01 3.3629407006e-01
-5.3955532279e-01 -7.0781454811e-01 5.4321818044e-01
-4.2424578182e-01 -6.6615861311e-01 5.4692067488e-01
-2.1748003493e-01 -5.1977078965e-01 4.3611067719e-01
3.0860625899e-02 -1.8549399475e-01 2.5755954125e-01
8.3663630836e-02 -2.5515675902e-01 1.8660085742e-02
-8.6134322901e-02 -5.6604573280e-01 -9.8420783122e-02
-3.6371930159e-01 -6.2658108376e-01 -1.2123104807e+00
-1.3563267220e-01 -1.8377675326e-01 -6.4129492930e-01
-2.0418039450e-02 -5.4918869397e-02 -4.0338472313e-02
-3.5947805681e-02 -5.0147275488e-02 2.8857850558e-02
-1.6326803716e-02 -5.4846104161e-02 1.0855550381e-02
-3.0088441881e-02 -6.8398221434e-02 5.9842521635e-02
-1.4418200604e-02 -7.7121249872e-02 4.2926349740e-02
-1.4503742408e-02 -6.9917796175e-02 7.4955279610e-02
-1.7764562091e-01 -1.7361276125e-01 1.4678175524e-01
-4.9540228865e-01 -5.7313373101e-01 5.4392329055e-01
-7.7850540982e-01 -9.0590917862e-01 7.9782963462e-01
-8.2839446632e-01 -1.0588900852e+00 6.9495547303e-01
-6.5325031005e-01 -7.9548009664e-01 4.4395969308e-01
-5.0891057013e-01 -7.6233920151e-01 -4.2085469622e-02
-6.5146879255e-01 -9.0834730687e-01 -2.6101853484e-01
-3.4568817824e-01 -4.7155289031e-01 -4.5154692256e-01
-5.2722188020e-02 -1.2264313298e-01 -1.2737377526e-01
-1.8809838932e-02 -5.3606227046e-02 -1.4216748943e-02
-1.6649025271e-02 -8.6979612636e-02 1.8283737133e-02
9.5243661220e-03 -1.0193923527e-01 -2.7764673629e-02
-1.0938452025e-02 -1.1785089579e-01 5.7323447352e-02
-1.1649835257e-02 -1.2990629072e-01 3.8428255272e-02
4.9004004859e-03 -1.1755816315e-01 4.6008151935e-02
-2.6695324158e-02 -9.8993759063e-02 -3.2263646295e-02
-1.4003323531e-01 -1.9260795449e-01 1.0659631049e-01
-4.6445339725e-01 -4.5636445167e-01 3.1281055732e-01
-7.2944589601e-01 -7.9191340388e-01 4.0989373376e-01
-7.7805764447e-01 -8.7841291348e-01 2.3079887961e-01
-5.9850039754e-01 -6.8027903903e-01 -2.8635796012e-02
-3.3869953902e-01 -4.0554726311e-01 -4.5444765578e-02
-6.2671506683e-02 -1.3818301910e-01 3.2168253640e-02
3.3375222148e-02 -5.5920727462e-02 2.1428774551e-02
9.1799253197e-03 -6.9266432390e-02 1.3544252066e-02
-2.0063126078e-03 2.9438671447e-02 9.8268376571e-02
-3.0795999453e-02 2.7847938951e-02 1.1042783831e-01
-6.1410941092e-02 2.2187195880e-02 1.3963882036e-01
-9.2404306316e-02 1.7711578073e-02 8.1938847046e-02
-4.8184733225e-02 4.1823597711e-03 6.8208449491e-02
-5.9401895684e-02 2.0655340598e-02 3.5510895941e-02
-4.4421847084e-02 2.4316964673e-04 4.7762040675e-02
-7.8686885713e-02 2.8609148322e-02 4.0957567992e-02
-7.1612238561e-02 1.9724780563e-02 5.0733102107e-02
-9.7002904757e-02 2.3733429006e-02 8.9739778961e-02
-7.4386993995e-02 3.3484856185e-04 1.0888988816e-01
-1.1587398394e-01 1.2145857192e-02 1.5472951852e-01
-1.4544826435e-01 -2.0143147378e-02 1.6579410737e-01
-1.1281522424e-01 -7.3119431666e-02 9.3690879273e-02
-9.5917008343e-02 -5.7198805363e-02 3.9256175199e-02
-1.3901524246e-02 4.1727241481e-02 1.1078444351e-01
-3.4773955560e-02 2.1308339527e-02 1.2163742026e-01
-6.9670559077e-02 5.2591126725e-03 1.4867663421e-01
-8.9782617173e-02 1.8249643027e-02 1.0357121556e-01
-5.2023355164e-02 -1.2038937472e-02 9.9238129856e-02
-4.0890268351e-02 -3.1998813124e-05 7.6537844261e-02
-4.9474305790e-02 -3.9469176537e-02 7.8111802433e-02
-3.2995846067e-02 -5.3777615209e-02 5.5667661423e-02
1.6092940501e-02 -1.3073530033e-01 9.8378038802e-02
6.1775681439e-02 -2.5869880840e-01 1.1351094136e-01
1.0921096367e-01 -3.4354947331e-01 2.3831591031e-02
-6.6044938673e-03 -1.4641400335e-01 5.5995836651e-02
-8.6395641729e-02 -1.3405188305e-02 1.4754087460e-01
-5.9316572115e-02 -5.3610440681e-02 1.0442810142e-01
-4.5951849467e-02 -3.6070717456e-02 4.1054449996e-02
-3.8524508369e-02 5.3801153533e-02 9.3871952340e-02
-8.8725815767e-02 4.4524886681e-02 1.0592546991e-01
-1.2912222848e-01 2.3620166124e-02 1.2817709513e-01
-8.5300865602e-02 2.6563230842e-02 9.2173677141e-02
-5.4267424153e-02 1.7458297652e-02 5.9960394016e-02
-5.2547012272e-02 2.3976110735e-02 3.5185071855e-02
-2.2108431012e-02 -2.7765909981e-02 4.8139516769e-02
3.6146788733e-02 -1.1392217296e-01 6.4366432309e-02
1.8761728122e-01 -2.6817008138e-01 8.3279901599e-02
3.1056461167e-01 -5.8205789041e-01 2.7212322426e-02
4.4729548574e-01 -7.6535340793e-01 -1.6525992997e-01
4.8748160950e-01 -2.3901269686e-01 -1.8617443403e-01
1.8846678966e-01 1.7531478546e-02 -6.4597381811e-02
-4.3464889283e-02 -4.5754333157e-03 1.3689093711e-03
-8.3963491504e-02 -1.0543425486e-02 3.0153981719e-03
-3.2987379145e-02 6.2112684947e-02 8.1503442551e-02
-6.9908227281e-02 5.1928751892e-02 1.0292556960e-01
-7.2454568879e-02 1.3039012602e-02 1.0690199723e-01
-3.8889550938e-02 3.5269461700e-02 4.0647663714e-02
1.0814447442e-02 -3.4391354460e-02 2.8029081231e-02
8.4195535692e-02 -8.6145179430e-02 1.9149303027e-02
1.2705372988e-01 7.1028586978e-02 6.7536745242e-02
3.1505149976e-01 2.6756486997e-01 1.9290499023e-01
5.5438601364e-01 1.2178122032e-01 2.4968464444e-01
6.5070160689e-01 -3.8046046155e-01 2.2015742095e-01
9.1588216921e-01 -4.9290842201e-01 6.0051293967e-02
1.5310271393e+00 -1.5587444962e-01 -5.6717486267e-01
1.3337787060e+00 1.4341648175e-02 -1.1488070921e+00
2.5116888638e-01 -5.7570695818e-02 -3.6010210171e-01
-3.9456715185e-02 -2.8437037611e-02 -5.4642768065e-02
-1.5494528477e-02 2.4663548828e-02 7.5425238887e-02
3.2924812884e-03 2.6440068473e-03 9.7080537310e-02
-4.1058788081e-02 -3.2685340319e-02 1.0783456499e-01
8.7930411801e-03 -8.1161132091e-02 1.0910796648e-01
6.9125129262e-02 -6.6880971917e-02 8.9354194903e-02
2.3950094526e-01 2.2102212535e-01 1.2615441233e-01
6.4492986777e-01 4.6852978343e-01 4.2508288149e-01
9.7960978315e-01 5.0667709762e-01 5.5649035090e-01
8.9563001517e-01 2.2001152127e-01 3.2078068143e-01
7.8925345500e-01 -1.8559891045e-01 2.1537073129e-01
6.8543509074e-01 -3.0194863204e-01 -1.4605087369e-01
6.3321856840e-01 -8.0086520634e-01 -7.7255496110e-01
1.1749125638e+00 -6.4930402963e-01 -1.5114960113e+00
5.8279612735e-01 -4.8306381816e-02 -1.0888079485e+00
-1.5902980212e-02 -1.5850165575e-02 -1.6778404573e-01
-5.7383906916e-03 -7.8636675361e-03 1.0835544094e-01
-1.6365814303e-03 -4.0522213674e-02 1.0846031664e-01
1.2075882066e-02 -1.5708343806e-01 1.8086222257e-01
1.2711266190e-01 -1.1786517681e-01 2.0607013601e-01
3.4349128975e-01 4.1708517128e-01 2.7300328505e-01
8.5363627513e-01 6.2254192408e-01 6.4665328287e-01
9.7597759934e-01 4.6771821289e-01 6.6943667778e-01
5.3303044852e-01 1.8745832490e-01 3.0115469121e-01
1.6605851760e-01 -9.5258210232e-03 6.6854966484e-02
4.3678917092e-02 -1.7098352033e-01 5.0691627692e-02
-8.5594017008e-02 -4.9128043451e-01 -6.0364859241e-01
-5.2135498669e-02 -1.4061732683e+00 -4.9023596626e-01
3.0470870893e-01 -5.3619596278e-01 -8.1641668976e-01
4.0830015851e-01 6.2604016335e-01 -1.6575211049e+00
-2.3238882893e-03 7.1297680512e-02 -3.2853877724e-01
-2.8463584572e-04 -3.2534967417e-02 1.0772489617e-01
2.9910247554e-02 -6.8462753159e-02 1.1683638257e-01
4.2450326054e-02 -1.3771140092e-01 2.2786887220e-01
3.4803531948e-01 1.9299454575e-01 3.4454378400e-01
8.3983595226e-01 3.9803450619e-01 8.2517400137e-01
8.0299486124e-01 4.4518174452e-01 7.2128752746e-01
2.6410604924e-01 3.5464827002e-01 1.8804474209e-01
4.8688521354e-02 1.6508891302e-01 -2.2100476609e-02
5.2452082057e-02 1.0325079785e-01 1.9401122851e-02
9.4824192871e-03 9.0619067324e-02 8.1856429818e-03
-3.2908072976e-01 -1.5156751762e-01 -6.5301705830e-01
-5.0074674812e-01 -1.6721968509e+00 2.7499855712e-01
-4.4063728234e-01 -1.9899322478e-01 -4.5953504044e-01
-2.9366175515e-01 1.2260909842e+00 -1.2678053822e+00
-6.7659370305e-02 1.8891281082e-01 -3.0582545273e-01
-1.4768082047e-02 -1.6493361805e-02 6.0490739493e-02
1.0697295672e-02 -7.5184304482e-02 9.0854444868e-02
1.0328684435e-02 -1.3692485438e-01 2.3807010255e-01
3.4072097956e-01 -2.1266217760e-01 6.8313754482e-01
5.3239146162e-01 -1.5051870730e-01 6.9796283171e-01
2.3374547166e-01 6.4069704082e-02 1.0499815720e-01
4.3683304415e-02 1.0538710815e-01 1.6376141922e-03
3.7983428031e-02 1.4220422182e-01 8.7262605580e-03
1.1760523818e-01 1.4459595351e-01 3.5216484350e-02
9.8963445677e-02 1.4162946526e-01 1.4124933330e-02
-7.8035050360e-02 1.1170573429e-01 -3.4302048407e-01
-6.4659859817e-01 -1.0070066691e+00 1.1886081121e-01
-4.4829205695e-01 -6.2575148530e-01 -2.9125637727e-01
-2.7157302203e-01 4.0098109253e-01 -2.9379308689e-01
-9.1368980427e-02 1.5744493157e-01 -1.3467412022e-01
-3.3736965271e-02 -2.1048977405e-02 4.0777841389e-02
-1.4577996396e-02 -1.2234468185e-01 9.5162701644e-02
9.8752528871e-02 -4.9317100045e-01 5.0774530977e-01
1.2421608995e-01 -3.5794807289e-01 3.9420936175e-01
6.8594604388e-02 -7.3312513423e-02 -1.3783591250e-01
1.5976575735e-01 2.2924338032e-02 -3.5467409929e-01
1.0267489219e-01 1.3555457246e-01 -1.2829476256e-01
-3.1082959325e-02 3.7813485074e-02 -2.2079994239e-02
-2.2690288835e-02 1.3513731606e-02 9.2888388695e-04
-7.1942121433e-03 1.5157944460e-02 4.1983956434e-02
8.5995208270e-02 1.4387803253e-01 -1.7433946253e-01
2.6081518391e-01 -3.1156585750e-01 -8.5810238960e-01
3.2673582373e-01 -8.8399573724e-01 -9.6473912908e-01
6.5185248120e-02 -1.6240133784e-01 -2.6504169517e-01
-4.3426941836e-02 1.0810521088e-01 -7.0304289265e-02
-7.1323533889e-03 -2.9192870367e-02 3.7427428164e-02
-2.6523838229e-02 -1.5564211945e-01 1.0527708276e-01
-3.7822983481e-02 -4.9336926106e-01 4.1416209049e-01
2.9176576579e-02 -1.5795809934e-01 -4.4032885821e-02
5.0240117556e-02 9.5887071189e-02 -5.7825020622e-01
2.8274164519e-02 2.1223768812e-01 -3.9773932017e-01
1.7446910863e-02 2.0144935883e-01 -2.1441612944e-01
-6.3845922612e-02 -9.7283999135e-03 -3.7107625362e-02
-5.6633449200e-02 -6.3945497216e-02 4.1495144758e-02
-9.2715504920e-02 -4.0068189237e-02 5.4309408740e-02
-7.1333184656e-04 -7.4178267242e-03 5.6559747126e-02
2.8679174704e-01 -2.7849170442e-01 -3.2750856549e-01
6.2396000934e-01 -5.7485962199e-01 -1.2902359619e+00
3.4548966130e-01 -1.4229173941e-01 -8.1397024793e-01
-2.1475128342e-02 2.9017227582e-02 -9.6731213155e-02
-5.2204155690e-04 -3.4250215556e-02 5.5634702383e-02
-3.7671596066e-03 -7.7317000994e-02 5.2225910763e-02
-7.4868949804e-02 -1.7586866526e-01 9.1756258424e-02
-1.1621365121e-01 -1.6430700145e-01 -1.6375403015e-01
-1.5257632849e-01 -1.8959523891e-01 -1.5893517439e-01
-9.1096324279e-02 8.2149266116e-02 -1.5304469563e-01
-1.5067219100e-01 1.1597831411e-01 -2.4594491298e-01
-8.2042079777e-02 -1.4840236622e-02 -2.1068097456e-02
-4.8497788968e-02 -3.6773918044e-02 1.0998357503e-01
-8.3450992821e-02 -3.7495449829e-02 8.1576027775e-02
-8.5730053591e-02 -2.6792803847e-02 7.3510597934e-02
-4.5302697383e-02 -2.4034308549e-01 1.0981562538e-02
4.1020670751e-02 -5.5154962164e-01 -1.1088699543e+00
1.9348514780e-01 -1.5940768050e-01 -9.7535029197e-01
-1.5859577150e-03 -2.1325559063e-02 -1.1234341131e-01
-9.1074599526e-03 -3.4382624991e-02 3.7256928516e-02
2.5215674249e-03 -6.2915601758e-02 2.3377558784e-02
-2.5217589196e-02 -7.8240324055e-02 7.1013079548e-02
-9.8746573888e-02 -1.9121892569e-01 3.0182048100e-02
-1.0330762347e-01 -2.1423321342e-01 1.1351819143e-01
-8.5727993616e-03 -6.0441109391e-02 -9.4369276577e-02
-2.0719823416e-01 -2.0189112157e-01 -1.7832010499e-01
-1.2274152378e-01 -1.7969122837e-01 1.5511997133e-01
-6.5685397261e-03 -1.6025937257e-01 2.1687764055e-01
-7.5880042426e-02 -1.3887022065e-01 1.5348942388e-01
2.1701605536e-02 2.0002313668e-02 1.1757671041e-01
9.9345841200e-02 -1.1340803726e-01 1.9535813317e-01
-1.6415027886e-01 -6.0631751256e-01 -1.0992261447e+00
-9.6090169300e-03 -2.4466587306e-01 -1.0214780034e+00
-3.7013077077e-02 -1.9761970194e-02 -9.9554838161e-02
-3.2224383366e-02 -2.1488555508e-02 4.6525311128e-02
-1.6260374488e-02 -5.2496738035e-02 2.8381933037e-02
-4.2340004912e-02 -2.9506730012e-02 5.1025609746e-02
-5.9198477708e-02 -2.0655155821e-02 3.5213078660e-02
-9.9663505607e-02 -1.0823324073e-01 7.3734136711e-02
-1.8076882637e-01 -3.2610317011e-01 1.4602454108e-01
-3.4574284021e-01 -5.5870063427e-01 3.3174345305e-01
-2.4946426762e-01 -4.8138525055e-01 5.6824871300e-01
-1.6925381239e-01 -4.9513625587e-01 4.8655885052e-01
-1.4061721726e-01 -3.9281809905e-01 3.0698404678e-01
6.6359517756e-02 -1.9877225863e-01 1.5666336484e-01
-3.2673471893e-03 -3.9440805557e-01 9.7491072704e-02
-2.0698292266e-01 -6.7298256985e-01 -1.0568377967e+00
-9.7638753197e-02 -2.8211314062e-01 -7.8388470820e-01
-3.9865413813e-02 -2.7530817914e-02 -7.7643119329e-02
-3.2578695416e-02 -2.7689581814e-02 3.5997580578e-02
-1.2700811245e-02 -5.1358540750e-02 2.3673357317e-02
-2.8512809776e-02 -4.7153468292e-02 6.8114095336e-02
-9.3734011542e-03 -3.3463676416e-02 5.2378369396e-02
-2.8665652256e-02 -3.3088423456e-02 8.0535279904e-02
-1.1900424817e-01 -1.8053782481e-01 1.1414512589e-01
-3.1727223295e-01 -5.7859060106e-01 3.7331825091e-01
-4.5377941864e-01 -9.2126335249e-01 6.6854293514e-01
-4.3561771460e-01 -9.8441548656e-01 6.9833783623e-01
-2.5811464529e-01 -8.0066343601e-01 4.0671708130e-01
-3.0675377152e-01 -8.8363547664e-01 -8.3049867583e-02
-6.9693243804e-01 -1.0178124252e+00 -1.8670807397e-01
-3.7414917644e-01 -6.1949719191e-01 -5.7720756111e-01
-1.1447876101e-01 -1.5867609141e-01 -2.2782846617e-01
-3.4934793149e-02 -3.4786190388e-02 -2.4055608083e-02
-3.4142837521e-02 -3.5509254347e-02 5.5893999030e-02
-1.1514835744e-02 -5.0293023917e-02 4.7649919105e-02
-3.9302303835e-02 -5.3566618349e-02 8.5053023624e-02
-2.2375621350e-02 -5.8560606293e-02 7.8980350820e-02
-2.1711798760e-02 -4.0998361177e-02 9.1105969152e-02
-6.3260431920e-02 -5.7236980107e-02 3.5175526667e-02
-1.8241360749e-01 -2.4444127665e-01 1.7776164931e-01
-4.0540962668e-01 -6.1172474482e-01 4.3407857444e-01
-5.4589049106e-01 -8.6768075492e-01 5.8793481839e-01
-5.8948146050e-01 -7.5551439527e-01 4.4365785150e-01
-5.4268594932e-01 -8.0484521338e-01 -3.5722280701e-02
-5.8187489194e-01 -7.3520500212e-01 -1.0229115384e-01
-1.9353595929e-01 -2.7049518924e-01 -3.9366640983e-02
-4.4881925930e-03 -7.6913756463e-02 2.1317229962e-02
-3.1574919413e-02 -3.9596392203e-02 -1.5910874189e-02
-3.4030818858e-03 -6.3595660546e-02 5.9717175009e-02
1.4280686373e-02 -9.2551566296e-02 2.5835539792e-02
1.1265476268e-02 -9.0055497566e-02 1.0013968483e-01
1.7651075543e-02 -9.5228514175e-02 9.0450877738e-02
1.2144853405e-02 -8.0584713627e-02 8.6296635100e-02
-1.7068207150e-02 -6.9402215317e-02 -4.8404303001e-03
-4.7306465649e-03 -8.4814611261e-02 4.6887620094e-02
-7.9326504925e-02 -1.6356658352e-01 9.8993313734e-02
-1.8509814143e-01 -2.7292989045e-01 1.3707813923e-01
-2.5885557829e-01 -2.8432846084e-01 1.0339644449e-01
-1.6530671207e-01 -2.2326798192e-01 5.4941970855e-02
-2.2619209937e-02 -1.4325209093e-01 1.1911437868e-01
3.5926154045e-02 -4.6627225565e-02 1.3759187325e-01
3.8107380547e-02 -2.8401433742e-02 5.7124415104e-02
-5.6193059052e-03 -4.2152065730e-02 7.2025835402e-03
-9.1588268521e-03 -1.0251686605e-03 1.0028892097e-01
-4.9940058661e-03 -1.3408654548e-02 8.7787942021e-02
-3.2496691828e-02 -2.9417353941e-02 1.1435365786e-01
-5.0036194352e-02 -3.4911111812e-02 7.2080128067e-02
-4.1490470685e-02 -2.7915778271e-02 7.4083182602e-02
-3.5007280147e-02 -1.8320135198e-02 4.6172321548e-02
-2.4925011114e-02 -2.4158241217e-02 5.4297646303e-02
-6.3411425557e-02 5.6372422669e-03 5.0427445119e-02
-6.5786522874e-02 2.1997937445e-02 5.3296083782e-02
-8.6453783881e-02 3.1275478449e-02 7.1756986727e-02
-7.6865001289e-02 2.7357974524e-04 8.6462625401e-02
-1.0509834063e-01 -1.4184880254e-02 1.3461763745e-01
-1.2470341166e-01 -2.3582937208e-02 1.3197154474e-01
-1.0042669377e-01 -7.3110044826e-02 9.8225162286e-02
-8.3441251470e-02 -6.0079904005e-02 3.9976751511e-02
1.0872712446e-02 6.7188900445e-04 1.0485301673e-01
1.2315032375e-02 -1.9765807432e-02 9.4261889260e-02
-5.7059899788e-03 -3.2289862115e-02 1.2492596692e-01
-2.1001159159e-02 -4.2768806670e-02 7.8948790422e-02
-2.1546686103e-02 -5.1210795243e-02 8.8823966721e-02
-2.1642115481e-02 -4.3087995726e-02 5.7932768572e-02
-2.0690717316e-02 -5.0023928016e-02 6.0823487560e-02
-3.6144993652e-02 -3.1016243127e-02 4.5308959468e-02
-5.1273795098e-02 -3.5854256196e-03 4.9271273167e-02
-5.3020473275e-02 -8.2617465088e-03 5.8076981086e-02
-6.9022571189e-02 -9.0417646523e-03 8.1849374268e-02
-6.2227465900e-02 -1.4296879744e-02 1.1970349978e-01
-7.7760694176e-02 -2.2883460254e-02 1.3912029359e-01
-5.2499420322e-02 -7.3878717499e-02 9.8981308195e-02
-4.8176816504e-02 -5.3726206450e-02 3.7185121459e-02
-2.6679161554e-02 1.5854628997e-02 9.0284208512e-02
-1.3717286857e-02 -6.8491707368e-03 8.5900366239e-02
-4.4104241568e-02 -2.4819402678e-02 1.0436472794e-01
-4.5718238739e-02 -2.5942974791e-02 6.8185767154e-02
-4.5198982398e-02 -6.9663989957e-03 6.3080033153e-02
-3.2452095279e-02 -9.3382622910e-03 3.2541812691e-02
-3.8112068606e-02 -3.7124781568e-03 3.2267089443e-02
-4.5665552623e-02 1.5429525030e-02 2.6112504312e-02
-2.2168430488e-02 1.7329983114e-02 3.6443915160e-02
2.9931253916e-02 -2.0375378091e-02 6.4062688420e-02
2.8423784997e-01 -4.8068292332e-02 1.1637810273e-01
5.7924945874e-01 2.4358632502e-02 -4.6229613071e-03
1.7778001943e-01 1.1449446917e-02 -7.4959321916e-02
-5.3123821338e-02 -1.2076453481e-02 -1.3781263461e-02
-9.2137903045e-02 -2.4528133777e-02 -6.1481481962e-03
-1.0900283865e-03 1.6894729589e-02 7.7712950141e-02
2.2303319615e-02 -1.6453958099e-02 6.7912298652e-02
-2.4593359216e-02 -1.8612431852e-02 7.5154832450e-02
-3.1797206421e-02 -1.3045512406e-03 2.8535847093e-02
-2.9184764585e-02 -9.7151638610e-03 2.1497415834e-02
4.1128246148e-03 -2.8830213619e-02 5.9022847416e-03
4.3725992234e-02 6.7131089722e-03 3.8546965624e-02
2.3556803817e-01 2.1705317449e-02 1.3492059323e-01
4.8017455468e-01 -4.7264457903e-02 2.1056877231e-01
4.9231230599e-01 -1.2448389863e-01 3.0167415150e-01
1.0853436261e+00 -1.6216926355e-01 3.7560852614e-01
1.6276007847e+00 -2.0438081152e-01 -8.2560971857e-01
7.7172390907e-01 -2.4797499696e-01 -1.5121251828e+00
9.0377986794e-02 -1.0937790016e-01 -3.0949315571e-01
-5.9938003884e-02 -3.6167900268e-02 -4.4687848306e-02
7.7407991006e-03 2.2478161361e-03 7.9521959171e-02
3.7724534282e-02 -1.7459970640e-02 7.5978405150e-02
-1.2246792021e-02 -3.4558588980e-02 8.8421686057e-02
-1.2339292505e-02 -2.3068091611e-02 6.0600064495e-02
-9.1360293232e-03 -1.0422778676e-03 4.3077420558e-02
1.5225277311e-01 1.2733984420e-02 9.9279523286e-02
5.0996384181e-01 -3.9658344349e-02 3.2563382556e-01
7.8012790826e-01 -1.2022425095e-01 4.2311427617e-01
7.6404041251e-01 -1.8254919046e-01 2.9143813844e-01
3.7489433905e-01 -9.4742121360e-02 2.6332377193e-01
-4.3949346303e-01 7.6477836074e-02 2.0440020864e-01
-1.3171074451e+00 -9.1388612534e-01 -6.7628472115e-01
-1.7190600900e-01 -1.5741144534e+00 -1.6219741581e+00
4.1564208938e-01 -5.7138975124e-01 -7.3350268987e-01
2.8337114308e-03 -6.3550494540e-02 -1.2742367175e-01
1.3706023414e-02 -1.8832018668e-02 8.8867041435e-02
3.8992699273e-02 -4.9875543722e-02 6.9943685192e-02
2.7639399703e-03 -7.8365342570e-02 9.5292455216e-02
8.9087311603e-03 -5.1422316366e-02 7.0440034512e-02
1.3537518492e-01 1.2476061515e-02 1.8374245040e-01
5.3749215836e-01 -7.0552277433e-02 4.4023981161e-01
5.9199278875e-01 -1.2386638222e-01 3.9863184073e-01
2.8033252551e-01 -1.3816351597e-01 1.5009648559e-01
8.5673375954e-02 -1.6222218784e-03 7.9259129349e-02
-5.9494321414e-02 -1.2468796379e-02 1.6226381702e-01
-6.1995094442e-01 5.7909431287e-02 5.7436266051e-02
-6.9000854045e-01 -1.2614942593e+00 6.6492490450e-01
9.5034423886e-01 -2.1196423613e+00 2.3715038902e-02
1.2326779965e+00 -8.7470908094e-01 -1.3310354257e+00
1.5984415124e-01 -6.0434626909e-02 -4.5462562541e-01
2.3325132775e-02 -4.2220162969e-02 8.3207921856e-02
4.8144654977e-02 -6.1976079492e-02 6.8925092134e-02
1.1045696733e-02 -8.1461727429e-02 1.0814912496e-01
8.5626598142e-02 -4.9108577479e-02 1.7364594008e-01
3.3639274496e-01 -1.3428580489e-01 4.8272021165e-01
3.3156169028e-01 -7.9754714853e-02 3.0617458343e-01
-1.0502262007e-01 1.1010928001e-01 -1.2563613775e-01
-1.2272388419e-01 1.2845239203e-01 -9.1342155355e-02
-8.6790446605e-02 2.8766384759e-01 -5.6550407959e-02
-6.6247118386e-02 9.3962986464e-02 6.1501279069e-02
-1.4426459305e-01 1.7369534296e-02 8.0246275677e-02
-5.5749402775e-02 -8.2277041799e-01 9.1557194426e-01
4.9176076070e-01 -9.1571815600e-01 4.3746406289e-01
7.4591053465e-01 -2.0789329248e-02 -1.5107378019e+00
2.0018170951e-01 2.7631449367e-01 -1.0178099735e+00
1.6567344775e-02 -2.3946754317e-02 7.1216805919e-02
5.0396634794e-02 -4.9513969555e-02 5.8439715616e-02
1.2391245429e-02 -7.0261547130e-02 1.0906325616e-01
8.6078552272e-02 -1.6382694642e-01 2.7491298629e-01
1.4156858026e-01 -2.1191307670e-01 2.6837001361e-01
-1.5672115894e-01 5.3872019463e-02 -2.0035076518e-01
-2.7385578067e-01 1.8545992671e-01 -1.4572517066e-01
-2.2435997578e-01 2.2610846966e-01 -5.8395368287e-02
-1.0801280537e-01 2.6659528725e-01 -9.8705104810e-02
-2.7673940700e-02 1.1939249374e-01 -5.4886327986e-03
-3.0269189241e-02 2.0017050470e-01 -4.9465501981e-02
-1.8951983940e-01 -4.0414737633e-02 2.9834351123e-01
-2.4736693770e-01 -9.5245368637e-01 1.3880546285e+00
-2.4518915903e-02 4.4425411886e-01 -5.3787371945e-01
5.0851117988e-02 7.5103348094e-01 -1.1960781486e+00
5.6697185480e-03 -2.6817852281e-02 7.9115779549e-02
3.4451087116e-02 -5.5852559002e-02 6.3732349076e-02
1.8716819823e-02 -1.2363312892e-01 1.4042529224e-01
-8.5450801162e-03 -1.9814549123e-01 1.4520997175e-01
-7.3861803161e-02 -5.0398062161e-02 -1.9048719570e-01
9.1602061609e-02 2.5333256352e-01 -3.7303348643e-01
-3.2953635794e-03 2.7670177641e-01 -1.0557696922e-01
-1.8892370657e-01 2.5564660870e-01 -6.7900875115e-02
-6.2907518692e-02 3.1580546945e-01 -7.4937455776e-02
-1.0064573126e-02 9.1664303705e-02 2.5978050153e-02
2.1900670234e-02 1.4264130636e-01 -2.5156919412e-02
-8.0893044572e-02 -7.7340266503e-02 8.7831790321e-02
-5.2097724093e-01 -5.1861586758e-01 7.7129484491e-01
-3.7446884208e-01 7.4996881020e-01 -4.2314448163e-01
-1.4996159534e-01 8.7792861591e-01 -1.0421515705e+00
-1.0355159585e-02 -2.4842704034e-02 7.3099154573e-02
1.1878508503e-02 -3.8415060210e-02 6.9414817789e-02
-9.2607962440e-03 -7.6955534630e-02 1.2158018478e-01
-1.3206097888e-02 -8.4512904720e-02 4.3686481197e-02
3.6124638352e-02 -2.7868595429e-02 -1.5021418106e-01
2.0922162104e-01 7.5803731614e-02 -2.0229848074e-01
2.0709293026e-01 1.7195461996e-01 -2.9538641352e-01
-1.8839705869e-02 1.5968276943e-01 -6.9078059355e-02
3.1917563236e-02 1.6070030181e-01 -8.8152513307e-02
-4.8246808802e-02 2.8350654016e-02 7.0736141541e-02
1.2718584552e-02 2.2798469152e-02 1.2446919124e-01
-3.6680410356e-03 -1.5097228204e-01 3.0228762084e-01
-4.1800347291e-01 1.2214705406e-01 -4.3661522333e-02
-6.0717511865e-01 7.2301453687e-01 -6.9029270377e-01
-2.6262431951e-01 4.2694776045e-01 -4.8821697122e-01
8.2441002324e-03 -2.9128536388e-02 7.5345532290e-02
3.1431387958e-02 -4.0227535916e-02 5.4550740849e-02
6.5536961803e-03 -3.6322185568e-02 9.0292897403e-02
-4.6524870239e-03 -6.7588837899e-02 7.2456984097e-02
5.8801320417e-05 -1.2763887926e-01 6.1414585682e-02
-2.2376719882e-02 -7.1503789859e-02 -9.4333022866e-02
-6.7629861296e-02 9.8319785321e-02 -2.8650918386e-01
-3.1342971038e-02 6.4410503500e-02 5.0297050295e-02
8.5780728409e-03 4.4397389392e-02 1.4290436030e-01
-6.1015372772e-02 -1.1918636042e-01 2.5327654103e-01
-4.9911394799e-02 -8.9923043934e-02 1.7183154130e-01
-2.1920421433e-01 -2.3319946577e-01 2.3370662266e-01
-8.4799820643e-01 -3.8507792380e-01 -1.0808114506e-01
-6.3695282499e-01 8.8984977690e-02 -4.7006282064e-01
-9.0584241491e-02 4.9737703040e-02 -1.0322149447e-01
-3.6365289459e-03 -3.1860879669e-02 6.5361777861e-02
3.1740438752e-02 -5.4457156176e-02 5.0910311656e-02
8.2684154805e-03 -4.1144004291e-02 9.5732985827e-02
6.6173419891e-03 -3.5098965683e-02 8.5588531118e-02
1.5504492558e-02 -3.4768969225e-02 8.8984087245e-02
1.2764530161e-02 -5.6191693473e-02 -4.7812047897e-02
-7.2247109727e-02 -1.4977844613e-01 -4.2575584387e-02
3.3092690316e-02 -2.2763364897e-01 2.2686953778e-01
6.0346736832e-02 -2.7343178181e-01 4.2094227632e-01
-1.5495240317e-01 -4.7733351731e-01 3.8751144202e-01
-1.8071653912e-01 -3.8905981267e-01 1.8864279183e-01
-3.4511491371e-01 -4.0212051695e-01 3.0645442876e-02
-6.1893039408e-01 -6.1055889079e-01 -5.8610361468e-01
-2.6180671363e-01 -1.8668909497e-01 -4.3418550812e-01
-4.1954683577e-02 -2.8271135855e-02 -2.6627098813e-02
-1.7440427556e-02 -1.8111723934e-02 6.7399455865e-02
2.5534299833e-02 -4.5864859474e-02 5.1435503474e-02
1.9677436109e-03 -3.0724438949e-02 7.7856169752e-02
-4.9001985469e-04 -7.8155754842e-03 6.3347567135e-02
-7.6110216925e-03 1.2176267426e-02 6.7541510710e-02
-5.0954914659e-02 -4.9743613528e-02 4.0710701413e-02
-1.3515213921e-01 -2.0845801393e-01 1.5817477353e-01
-1.0036370468e-01 -3.8257930689e-01 4.8685607102e-01
-1.2844694207e-01 -6.0876574311e-01 6.1514892268e-01
-3.8465568646e-01 -8.1898294347e-01 5.1291640683e-01
-5.1574914420e-01 -8.2220023532e-01 1.8115988787e-01
-6.8262058113e-01 -9.8759702147e-01 -1.6369086574e-01
-4.1334997504e-01 -7.0825275564e-01 -5.8031466227e-01
-9.6708958474e-02 -1.8530280309e-01 -2.3336933490e-01
-4.1157302760e-02 -3.0869135472e-02 -2.9041761773e-02
-1.7683725598e-02 -1.9526881202e-02 6.3709711005e-02
1.6099303174e-02 -3.8639457564e-02 5.2799752960e-02
1.8590542063e-02 -4.1439443542e-02 8.3572514682e-02
5.8043208597e-03 -2.4853124426e-02 7.0986256812e-02
-1.5223966404e-02 -8.4767641298e-03 7.1353243427e-02
-2.3991939591e-02 -1.5841931693e-02 5.0195772358e-02
-5.6827418986e-02 -1.1403852115e-01 1.0803396538e-01
-1.7162702124e-01 -3.1110975884e-01 2.8893777403e-01
-2.5888064598e-01 -5.7942950129e-01 4.4096979577e-01
-3.5466708388e-01 -8.6482257482e-01 4.0764091367e-01
-4.6194886043e-01 -9.3193561121e-01 8.5280993799e-02
-5.6978682362e-01 -8.2136493085e-01 -1.2264646328e-01
-2.4133930747e-01 -3.2329221416e-01 -1.6361936347e-01
-3.8933709924e-02 -6.2483337238e-02 -1.2744675897e-02
-2.9537985736e-02 -3.9137010165e-02 -1.7204552030e-02
-9.3406822558e-03 -2.4429704276e-02 6.7540332563e-02
1.8061940922e-02 -3.3193894341e-02 5.3833506873e-02
8.6446314594e-03 -3.3303953913e-02 7.6972508486e-02
-6.0984191755e-03 -2.8468551296e-02 6.6399878076e-02
4.4905734458e-03 -2.1608649251e-02 8.2005562937e-02
-9.5145937695e-03 -2.5924952094e-02 2.9630513761e-02
-2.7321866966e-03 -4.1601892286e-02 5.3649282542e-02
-7.2837801170e-02 -9.6235003554e-02 9.6436779599e-02
-1.2819245162e-01 -1.9435214710e-01 1.4862018407e-01
-1.6395646623e-01 -2.7804107654e-01 1.2140440339e-01
-1.5394964604e-01 -3.1563664540e-01 1.5677455373e-02
-1.2391251331e-01 -2.1194476361e-01 4.1490236980e-02
-2.4630294586e-02 -7.9932017552e-02 8.0265771321e-02
2.3837535702e-02 -5.5976907346e-02 5.1010326737e-02
-2.7348459920e-02 -4.9068226223e-02 -1.6545466990e-02
1.2481414278e-02 -4.7270634320e-02 6.9292804264e-02
4.5997939088e-02 -6.9963563876e-02 3.5240774499e-02
3.9350667246e-02 -7.1957017139e-02 8.9415860540e-02
1.8664609495e-02 -6.8792572920e-02 8.0447352190e-02
3.2005143446e-02 -6.5309436683e-02 8.9038937188e-02
-4.4919297699e-05 -6.7236077459e-02 2.4947552051e-02
1.7896845221e-02 -6.1807751455e-02 4.1475733818e-02
3.1745093622e-03 -4.5985970552e-02 4.9716762810e-02
4.9470004358e-03 -3.4948741375e-02 6.0081146097e-02
8.9650387959e-03 -4.3255664646e-02 3.9676242879e-02
3.0382487560e-02 -3.4722590055e-02 4.9498977797e-02
6.9960480470e-02 -3.2488176264e-02 1.1666687830e-01
4.7815437927e-02 -2.4061035273e-02 1.2960174651e-01
4.2690268596e-02 -2.7542363228e-02 6.1170634721e-02
-5.3902784127e-03 -5.7542493831e-02 1.2815015092e-02
2.1722740874e-02 -9.4034748448e-03 7.4986230877e-02
3.6394505554e-02 -2.8662875120e-02 7.3410053363e-02
1.5013158506e-02 -4.8289122868e-02 8.7250737128e-02
-2.4020607546e-03 -4.4598265268e-02 7.1725135465e-02
-9.9665964972e-03 -3.2779133974e-02 6.1752405824e-02
7.2140100630e-04 -2.7278475930e-02 4.0317674907e-02
4.4314295548e-03 -3.0269499175e-02 4.0775510230e-02
-2.6516075807e-02 -1.1549297721e-02 3.9757901634e-02
-4.3019500491e-02 -1.5265845380e-03 3.8724175874e-02
-4.4604208172e-02 9.9678768178e-03 4.1974539739e-02
-4.3414486697e-02 -1.1229381971e-02 5.7350004499e-02
-7.4254729021e-02 1.3743609513e-02 6.9470965895e-02
-9.7512121713e-02 1.5363502001e-02 7.2053998306e-02
-7.1542142669e-02 1.1931089993e-02 2.5783099669e-02
-6.3874404214e-02 -1.5103178136e-02 4.1675157560e-03
3.0588654227e-02 -1.2971427308e-02 7.8876747181e-02
3.4438959083e-02 -4.1073251525e-02 7.9035951897e-02
2.7981639519e-02 -5.4877108957e-02 9.4665391993e-02
1.5945842152e-02 -6.0951981162e-02 7.4316879705e-02
1.0104109137e-03 -5.4872883433e-02 7.1867059701e-02
5.7631803543e-03 -5.0373185312e-02 4.5119799653e-02
-6.0379633494e-03 -5.1165066499e-02 4.1581703497e-02
-1.1692379876e-02 -3.2646260202e-02 3.6747721694e-02
-3.9599377313e-02 -1.6332173735e-02 3.6702521343e-02
-3.6342818732e-02 -1.1562532636e-02 3.9497349061e-02
-5.2365506163e-02 -1.5440527279e-02 5.3268081829e-02
-4.8295682125e-02 -2.1890972441e-03 7.3456467430e-02
-6.1014439039e-02 3.7607663095e-03 7.2857955196e-02
-4.6018346560e-02 -4.3318869409e-04 3.2143958324e-02
-2.4105317424e-02 -1.2419757508e-02 -1.3341710288e-03
4.8876204883e-03 -5.2106119259e-03 6.1327644421e-02
2.1257565426e-02 -3.7464164556e-02 6.2660457294e-02
2.8832950134e-03 -4.6397314395e-02 8.1338919349e-02
-2.9161438210e-03 -4.7856949362e-02 6.4657754720e-02
-9.3406464452e-03 -2.4425929611e-02 5.0631565965e-02
-9.1188542490e-03 -1.6685438970e-02 2.3517668397e-02
-2.2930222049e-02 -9.5524593837e-03 1.2370890228e-02
-3.1829420631e-02 6.1831671185e-03 7.7505881200e-03
-4.1387890662e-02 2.1277466523e-02 -1.2860169631e-03
-1.2309779695e-02 2.5188710306e-02 1.6866926020e-02
1.5664447494e-01 -3.9963189365e-02 1.0319253741e-01
3.6138750022e-01 -4.8271098933e-02 -2.5891867677e-02
8.7509834305e-02 -4.9783592143e-03 -7.7850262863e-02
-4.5800499233e-02 2.5988404774e-02 -3.2393992510e-02
-5.8956081326e-02 1.0614408335e-02 -4.0460102691e-02
3.1363500634e-02 -3.6366098169e-03 5.7527477150e-02
4.9133635893e-02 -4.3594071587e-02 5.2491113532e-02
1.3868497818e-02 -3.8773564864e-02 5.7515984294e-02
4.1592616532e-04 -3.1666698543e-02 3.1185222267e-02
-1.4591484750e-02 -2.3455895764e-03 1.4418527777e-02
8.7169267952e-03 -1.5288465184e-02 -2.1089115587e-03
-3.7368040363e-03 -2.2502736893e-02 -1.0151296234e-02
2.5994495610e-02 -4.1754202343e-02 7.1745267834e-03
7.1843869228e-02 -7.2214472236e-02 4.3729635501e-02
2.3551203701e-01 -1.1576867275e-01 1.8304662365e-01
1.1162397151e+00 -4.1018362477e-01 4.5224541016e-01
1.6373794295e+00 -5.5039045848e-01 -6.1494287245e-01
5.4090586301e-01 -1.8124238426e-01 -1.1420726246e+00
4.0963726174e-03 -1.1449325923e-02 -2.0981382626e-01
-4.2644568706e-02 -1.0451246350e-02 -5.9682928261e-02
1.9470565443e-02 -8.4033556437e-03 5.1958096228e-02
5.2163316903e-02 -4.1486490248e-02 4.9040980853e-02
1.4198834187e-02 -3.6206418826e-02 6.0799425127e-02
5.3472782952e-03 -3.3176045757e-02 3.9403328113e-02
-2.4903385576e-02 -2.4259933361e-03 1.1716618750e-02
1.3107027748e-02 -3.0995755783e-02 -6.1354979108e-03
2.6823865290e-02 -6.9806632648e-02 -1.4789629644e-03
5.5311923911e-02 -1.3713379288e-01 2.5912640327e-02
1.5466258094e-01 -3.1157534472e-01 1.6343528982e-01
2.3014899075e-01 -2.0833347950e-01 3.3060162600e-01
1.5938682713e-05 1.0689102099e-01 1.6882006362e-01
-6.6202558978e-01 2.0080548255e-01 -1.2358241783e+00
-5.0683898370e-01 1.2780597644e-01 -1.9052686816e+00
8.8256711192e-03 -8.0773137112e-02 -4.0191278056e-01
-3.3055829587e-02 -2.6554941128e-02 -7.5166595400e-02
3.7826623879e-02 -3.0517183790e-02 6.9848994670e-02
6.4260403766e-02 -6.0171493575e-02 5.6684941886e-02
2.8080601646e-02 -5.8191501538e-02 6.7304338360e-02
5.4994686641e-03 -6.7834263293e-02 5.0753550503e-02
-1.5146030721e-02 -6.2904139186e-02 5.3319721864e-02
2.1779868424e-02 -1.1227909910e-01 1.8978253901e-02
-4.8624561338e-02 -1.3186133283e-01 -9.4194289778e-03
-1.0768250559e-01 -1.3694896816e-01 -7.4785558111e-03
4.0597821953e-02 -1.4365432424e-01 4.0417720318e-02
7.1478323148e-02 -9.4873048189e-02 2.4810223774e-01
-7.0899486214e-01 7.6364331659e-01 -1.8535709096e-01
-1.1977857648e+00 8.7374484588e-01 -4.8635476832e-01
-6.5704614173e-02 -2.3735453087e-01 -3.3770154328e-01
6.3049606707e-01 -7.1185517640e-01 -3.3913130426e-01
1.1807244570e-01 -1.2477034520e-01 -2.1336532198e-01
4.3236882733e-02 -4.7488045510e-02 6.7083198062e-02
7.0580728179e-02 -7.2941603173e-02 5.9193555284e-02
2.1637271538e-02 -7.1816187091e-02 8.2068822863e-02
1.9281751479e-02 -7.4858509549e-02 7.7427229394e-02
-2.3947153397e-02 -8.4758448151e-02 6.9745422435e-02
-4.4580441893e-02 -6.5670799666e-02 -5.8159363258e-02
-1.8641966705e-01 1.0496799263e-02 -1.2240347462e-01
-1.5551682459e-01 1.3324961440e-01 -3.8790950265e-02
-1.7576777716e-01 4.5600307331e-01 -3.0135284230e-01
-3.9643279427e-02 1.9874014446e-01 -1.1007146194e-01
-1.8990329934e-01 5.3069673641e-01 -1.3758334920e-01
-1.4284838634e-01 2.4088819908e-01 1.8237367666e-01
6.4528741431e-01 -1.3533882774e+00 9.5072632003e-01
1.2045769576e+00 -1.3898722219e+00 -5.1473536344e-01
4.5642571520e-01 -1.1283176351e-01 -8.8114568836e-01
4.3067711966e-02 -3.6214188772e-02 6.4101066631e-02
6.4368766964e-02 -6.3803582783e-02 6.1246301844e-02
2.2443070510e-02 -5.0752008612e-02 6.8914364943e-02
-5.5820336072e-03 -5.8274003102e-02 5.9368880219e-02
-7.0138400011e-02 -3.1992586168e-02 1.4964495435e-02
-1.0361524830e-01 8.7152929065e-02 -9.3575372418e-02
-1.2484151233e-01 1.0949555040e-01 -2.0058542731e-02
-8.2622558317e-02 2.2943898686e-01 -1.9958366881e-01
-1.7535887994e-01 5.7725377160e-01 -3.1713496323e-01
-1.0286333309e-01 4.1357389219e-01 -1.1677370475e-01
-7.5054993507e-02 3.0441395432e-01 2.2360330761e-02
-2.1453128788e-02 -1.6262320409e-01 4.2488127158e-01
1.2467565629e-01 -1.4116873102e+00 1.5189855541e+00
6.7022510872e-01 -8.1217056108e-01 -1.9428928605e-01
5.4869926017e-01 3.1554242521e-01 -1.8834353297e+00
3.2548399664e-02 -3.0470320005e-02 6.5744911115e-02
5.1523544055e-02 -5.6335049413e-02 6.1229268368e-02
2.8098403750e-02 -5.3441011696e-02 6.9799493910e-02
-6.0123301596e-03 -4.3513869345e-02 5.1654526076e-02
-3.9863616104e-02 7.0474452674e-04 1.2644253880e-02
2.3997203717e-02 7.2070692098e-02 -1.2816005485e-03
-1.4187586668e-01 4.9760932236e-02 7.7669162514e-02
-1.6857723136e-01 3.5580637814e-01 -1.4147509816e-01
-8.2062028843e-03 6.1515706323e-01 -2.2412319713e-01
4.8761660137e-02 3.7633798007e-01 1.4694729890e-02
1.3721828228e-02 2.2108523601e-01 -1.7498708910e-02
-7.0496130451e-02 -3.6038789227e-02 1.6933832554e-01
-9.8965709451e-02 -1.9095523434e-01 8.5310942958e-01
-1.6354999804e-01 2.6666873391e-01 -2.4420375756e-01
-3.9082432470e-01 7.2532766082e-01 -2.3715296767e+00
5.7073373412e-03 -2.0638782383e-02 5.9008708130e-02
2.2928751067e-02 -3.5684091596e-02 6.8624131552e-02
2.2876891228e-02 -3.9222741141e-02 7.9556852637e-02
2.4069308316e-02 -4.3002920160e-02 8.5731655051e-02
1.9520445452e-02 -4.6599971080e-02 8.6946298352e-02
8.8858105985e-02 -7.4158347509e-02 3.7333991875e-02
5.2448357746e-02 -2.2703248605e-02 6.3969943361e-03
-3.4129706488e-02 2.5764515005e-01 3.2666572477e-02
6.0009707574e-02 2.8083357672e-01 -2.4739119367e-01
4.5799993717e-02 3.6139706362e-02 1.0812016799e-01
3.9632820616e-02 -1.6087844658e-01 1.4740290566e-01
-4.3084704645e-02 -2.8316810367e-01 1.0303692046e-01
-5.5626268238e-01 1.2171545723e-01 -1.7412011187e-01
-1.3438228780e+00 3.6120932366e-01 -1.0445638937e+00
-9.6266627194e-01 3.7910149316e-01 -1.4154242831e+00
2.3572041620e-02 -2.5940009570e-02 6.4698957324e-02
4.0393851411e-02 -5.0627782167e-02 6.1270347268e-02
3.0294611174e-02 -5.0175891589e-02 7.5363633197e-02
4.0957084848e-02 -4.7958750724e-02 7.9823305832e-02
2.0068265354e-02 -4.7180323028e-02 9.3438702726e-02
1.1778542494e-02 -6.7399880804e-02 3.1709464829e-02
1.0861060296e-02 -1.4124112437e-02 2.4004864985e-02
-3.0570141896e-03 4.1565753493e-02 1.4136148791e-01
1.0977061372e-02 2.3543188792e-02 7.5608372593e-02
3.3766795519e-02 -1.4562196910e-01 4.2538436906e-01
-2.4687230919e-01 -4.8261169274e-01 3.9495446736e-01
-5.7242334495e-01 -7.6500818284e-01 1.0226027919e-01
-1.2607670824e+00 -5.1823476196e-01 -5.2870750894e-01
-1.3696037055e+00 -1.0381960746e-01 -8.0052742850e-01
-3.3991758103e-01 4.3663880781e-02 -2.9319135506e-01
1.5885087378e-02 -2.7863014084e-02 5.6046972153e-02
3.2385709375e-02 -5.1430211002e-02 5.4585351115e-02
2.4052987355e-02 -5.3431873246e-02 7.4413964683e-02
2.5959015666e-02 -4.7535449888e-02 7.6279390378e-02
1.1981160867e-02 -4.1390217435e-02 7.8900030579e-02
3.9371828873e-03 -3.5609607863e-02 4.3200885960e-02
1.0109740602e-02 -4.6477430540e-02 4.3308418035e-02
7.7954524177e-03 -9.8073198672e-02 1.0129846685e-01
-1.8938795923e-02 -2.0266369097e-01 3.3775783136e-01
-1.1824047311e-01 -5.1623706970e-01 5.6077657163e-01
-5.2270839736e-01 -8.6337135366e-01 3.1618505569e-01
-8.4574265384e-01 -9.0301077417e-01 -7.3258976888e-02
-6.2528375719e-01 -4.7674269295e-01 -3.4039982644e-01
-3.1485451320e-01 -6.5365702728e-02 -2.1340839633e-01
-5.2472605150e-02 4.5106957504e-03 -3.5486178789e-02
7.4252364418e-03 -1.0327440282e-02 5.9980119059e-02
3.3949015775e-02 -4.0932058418e-02 6.2834204794e-02
2.4253619867e-02 -3.7290086321e-02 6.8621196809e-02
1.5953742562e-02 -2.8858082979e-02 5.7609078683e-02
8.3521843389e-04 -1.4770861800e-02 6.1535211242e-02
-3.5996021328e-03 -1.1213904082e-02 4.1055373280e-02
-6.9864156919e-03 -2.7681577174e-02 5.4832447449e-02
-1.6402348102e-02 -7.0414268148e-02 1.0570053956e-01
-3.2876753215e-02 -2.0366808150e-01 2.1103254133e-01
-1.5014347568e-01 -4.7430677174e-01 3.0927392872e-01
-3.3979075354e-01 -7.5238126568e-01 1.7697094436e-01
-4.6306133912e-01 -6.7739676982e-01 -8.0344914102e-02
-1.9185431436e-01 -2.5758019810e-01 -1.3265399417e-01
-2.6324425153e-02 -2.8002293070e-02 -4.5281785522e-02
-1.9520656908e-02 -1.3132218026e-02 -4.6074736243e-02
-1.7469986243e-03 -1.2319474876e-02 5.1155496985e-02
2.5933627922e-02 -4.0720392084e-02 5.4352936667e-02
1.2343064549e-02 -4.6106640800e-02 6.9278740989e-02
1.3549886128e-02 -4.1637090466e-02 5.9751985352e-02
-1.8353686869e-02 -2.2728892127e-02 5.3026125922e-02
-7.5042003637e-03 -2.6420887031e-02 3.5587595804e-02
-1.4795842357e-03 -3.1666348200e-02 3.6736413704e-02
-2.5911122925e-02 -4.9248213217e-02 5.9873662468e-02
-6.0329615921e-02 -9.5060404151e-02 5.4272832453e-02
-1.1948716424e-01 -1.7656907876e-01 7.2888419129e-02
-1.4640057367e-01 -2.4256851006e-01 5.2676533279e-02
-1.4910470985e-01 -1.6885964936e-01 8.0128798368e-03
-5.4720428080e-02 -3.9497563047e-02 5.8861236228e-03
-2.7032110569e-02 -6.2613358121e-03 -2.3208198218e-02
-3.1787461067e-02 -2.5302626480e-02 -4.6482464666e-02
-1.7008464542e-03 -1.4614150817e-02 5.9131274469e-02
1.7756544786e-02 -3.3298864235e-02 5.6134078779e-02
1.4375592087e-02 -3.8205524649e-02 6.8202200346e-02
1.4967996171e-02 -3.6938255632e-02 6.7401971794e-02
-4.9751050446e-03 -2.8736482627e-02 6.6690942180e-02
5.9730353181e-04 -4.3506901773e-02 3.8702470818e-02
1.0188013842e-02 -4.3989493796e-02 4.7334946584e-02
-9.4774837417e-03 -2.8777237070e-02 4.8686634146e-02
-7.5221213558e-03 -2.0115866063e-02 4.2981441054e-02
-2.1856635575e-02 -3.3479578635e-02 3.1132857540e-02
5.1213554383e-03 -4.7424964952e-02 3.9825830297e-02
-2.2359473177e-03 -2.0906221090e-02 6.5714774779e-02
3.9087391889e-03 -2.1552399464e-02 8.2635001890e-02
4.3354614775e-03 -3.0806578977e-02 3.4470395169e-02
-1.8988269466e-02 -3.7801516770e-02 -4.4797233208e-02
3.3716066438e-02 -4.0684871826e-02 6.6478413606e-02
5.3831846163e-02 -6.3547905647e-02 5.0215287469e-02
4.8333117333e-02 -6.5609670289e-02 7.6325023871e-02
3.5997187653e-02 -6.4308023613e-02 7.4214578428e-02
2.3930038122e-02 -5.4878913251e-02 7.7710448260e-02
2.1182732680e-02 -6.9711158018e-02 4.4524481923e-02
2.7213880897e-02 -6.3581608023e-02 4.7338567698e-02
2.0249329638e-02 -5.4019204544e-02 5.0161019207e-02
2.4784106979e-02 -3.2392366291e-02 5.2270346714e-02
2.1749174272e-02 -3.9780182218e-02 4.2907035355e-02
2.7942960111e-02 -3.3604422422e-02 5.0717382666e-02
3.1100982980e-02 -1.8922101303e-02 9.2099395647e-02
2.5868546732e-02 -1.6234371473e-02 1.1036091383e-01
1.9143803273e-02 -1.4863083176e-02 4.1714838992e-02
-1.0987173227e-02 -2.7418038942e-02 -1.3566281980e-02
8.3568317768e-03 -2.2526088518e-03 6.5861967394e-02
2.3050907226e-02 -2.0984327968e-02 6.3401676976e-02
8.2343292670e-03 -3.4737590177e-02 7.7534569561e-02
-6.3685972408e-03 -3.5937410227e-02 6.1324604224e-02
-1.0637928155e-02 -1.6112260514e-02 4.9687816702e-02
1.4447029299e-03 -2.3859616001e-02 2.4134646716e-02
7.2938060973e-03 -3.0228860142e-02 3.3487079866e-02
-3.0351556929e-02 -9.5118466598e-03 3.0742735365e-02
-3.5362152790e-02 1.0653253298e-02 3.4940210205e-02
-5.1842394479e-02 2.5655893610e-02 2.7102798869e-02
-4.3228558368e-02 2.8841413202e-03 5.0273853341e-02
-7.3268974928e-02 2.5843791263e-02 5.9968840050e-02
-8.8809231051e-02 3.2527558382e-02 6.9999661901e-02
-7.3939498409e-02 4.5173820301e-02 2.9226081196e-02
-3.4084640542e-02 -3.4758843657e-03 2.5365496611e-02
2.9093851027e-02 -5.5352779426e-03 6.6675760636e-02
3.5976510670e-02 -3.8865253299e-02 6.5191217677e-02
3.1845584028e-02 -4.6749278336e-02 8.2843601837e-02
2.7248697466e-02 -6.0127582897e-02 5.9033677414e-02
1.6971244149e-02 -4.7621975671e-02 5.5929141328e-02
2.1456763443e-02 -5.6046916773e-02 2.9668785229e-02
1.4375877917e-02 -5.9724349756e-02 3.4802905601e-02
2.6127240887e-03 -4.1848888372e-02 2.7145677808e-02
-1.5596838973e-02 -2.2747688352e-02 3.4109651064e-02
-2.5770218626e-02 -5.2746538102e-03 1.9662702234e-02
-3.3157520405e-02 -1.5430561060e-02 4.0561045680e-02
-4.4572526470e-02 8.1610604925e-03 5.6418717041e-02
-4.7889114682e-02 2.6137846193e-03 7.4474985218e-02
-3.1008302553e-02 1.3088904537e-02 3.1933241462e-02
-4.9459934492e-03 -1.4619159414e-02 1.5572407701e-02
3.9165403738e-03 4.4190288141e-03 5.0051510943e-02
2.5268290923e-02 -3.4204217599e-02 5.2692388110e-02
9.1038498479e-03 -3.7434549866e-02 7.3610155788e-02
1.3712502531e-02 -4.1421408758e-02 5.2973106335e-02
1.9394453367e-03 -1.3212284086e-02 3.7806453530e-02
1.0662294590e-02 -1.8942384911e-02 1.7215013896e-02
7.6583234164e-03 -1.9014495224e-02 2.2758508953e-02
-1.4228164310e-02 4.1357880786e-03 9.7669583911e-03
-2.4924266206e-02 2.2492151056e-02 7.2045085240e-03
-3.0609802415e-02 4.1158306430e-02 -1.4464301963e-02
3.1951147797e-03 5.2976770476e-03 3.8828599985e-02
4.9424897141e-02 -2.0102676296e-03 1.9118143492e-02
-1.4551760384e-02 1.4204248905e-02 2.0072629720e-02
-5.8735330240e-02 5.2207242900e-02 -2.0934646511e-02
-3.7411799632e-02 1.2590537474e-02 -1.6179651457e-02
2.7163521188e-02 1.6136519487e-03 4.2967672316e-02
5.8450677917e-02 -4.2896910166e-02 4.6043591674e-02
2.9125083134e-02 -3.4218277409e-02 4.6942101907e-02
2.2884986619e-02 -3.4824104700e-02 2.3172901785e-02
5.7879794314e-03 -3.7609395324e-03 1.2609419898e-02
2.5853332970e-02 -1.6034315278e-02 -8.9467661004e-03
1.6040698468e-02 -1.9125826209e-02 -5.9990705523e-03
1.6531245567e-02 -1.3743872895e-02 -3.7982772210e-03
1.0235960057e-02 4.5768772086e-03 -5.9293077981e-03
6.8114338369e-02 -2.6831448738e-02 3.7006348852e-02
4.7221734075e-01 -3.2241122161e-01 2.6602954333e-01
9.7274607545e-01 -5.7375619241e-01 -9.6433321652e-02
4.0891333729e-01 -1.9681497312e-01 -4.2733502705e-01
-1.4766294367e-02 2.3318495190e-02 -1.0525362859e-01
-2.6147801870e-02 -4.9287060789e-03 -4.4389495023e-02
2.2456114056e-02 -4.6548407691e-03 4.6268083883e-02
7.2125755665e-02 -4.0706682164e-02 5.1799639571e-02
2.9142120886e-02 -2.9311663775e-02 5.7800003874e-02
2.2947621228e-02 -2.2069762302e-02 3.5992009924e-02
-3.4645930640e-03 1.1918029516e-02 1.8156840252e-02
2.9175842259e-02 -1.1987398144e-02 -3.4389986525e-03
2.3389576014e-02 -2.2546408462e-02 -2.2662923369e-04
1.0091153747e-02 -2.6408877892e-02 4.4220402215e-04
3.6300321547e-02 -6.7293727738e-02 5.9026549779e-02
1.5484479022e-01 -1.5026972664e-01 2.2348516034e-01
5.8954335420e-01 -5.7736318940e-01 5.3561948879e-01
9.0850848692e-01 -6.9725567357e-01 -4.6983813724e-01
5.6678945863e-01 -6.5783492535e-02 -1.5305292968e+00
4.8901466735e-02 5.4471464941e-02 -3.6477019346e-01
-2.7400055823e-02 -5.8266380806e-03 -3.9493087937e-02
3.0963850820e-02 -2.6183341534e-02 5.0755088309e-02
5.9288676790e-02 -6.0274327593e-02 3.9375711082e-02
3.1868039852e-02 -5.5847344669e-02 5.5144257893e-02
1.0360025137e-02 -5.1010350912e-02 3.3796425020e-02
8.2901992925e-03 -2.4825192437e-02 3.4552200153e-02
2.2449503188e-02 -5.4542920737e-02 4.1837544538e-03
1.8675419968e-02 -7.3040157756e-02 2.4416548895e-02
1.1528760860e-02 -1.0251684622e-01 3.1261968180e-02
2.3041767766e-02 -1.7014237779e-01 5.2331431735e-02
2.4756098671e-03 -6.8237198227e-02 1.7788612518e-01
1.8742555611e-02 -5.9921787528e-02 2.5615663884e-01
-5.0908488659e-02 3.8090843862e-01 -3.9943421725e-01
1.9819280774e-01 1.0916514709e+00 -1.6854297147e+00
2.8178946423e-01 3.0390518933e-01 -7.3921623720e-01
2.9977348130e-02 -6.8868407777e-03 -8.2679832815e-02
4.4527015220e-02 -4.9107047510e-02 6.0327723389e-02
7.2849877604e-02 -7.2057863279e-02 5.5430601183e-02
3.9318999944e-02 -7.2044032747e-02 7.9387842529e-02
3.4253235640e-02 -6.5847783028e-02 7.2931516923e-02
7.1787738199e-03 -4.1125507081e-02 6.3535880106e-02
2.5655740440e-02 -5.2171556652e-02 2.8177037951e-02
1.7829840304e-02 -6.9718863376e-02 4.9884715854e-02
1.0882461967e-02 -3.6329898725e-02 4.0633326362e-02
-3.6662420270e-02 -1.4026392590e-02 -6.0817115698e-02
9.3527150258e-03 1.5312671154e-01 6.1783129974e-02
3.6218452101e-02 2.3827082922e-01 6.8579590262e-02
-6.6776788035e-02 9.4268601834e-01 -1.6047333751e-01
3.1004726415e-01 1.8351989911e+00 -8.4753674153e-01
7.6601804174e-01 6.9581350622e-01 -9.3858209727e-01
3.1195697910e-01 1.1479456918e-02 -3.5287018468e-01
3.2047864530e-02 -2.7269372116e-02 4.8882239865e-02
7.1564579697e-02 -5.9836809508e-02 5.3282392573e-02
2.4000917901e-02 -4.4092522449e-02 6.0800098268e-02
9.7923149240e-03 -2.4980636079e-02 3.8152643612e-02
-1.5376184568e-02 1.0240115933e-02 2.7218452886e-02
8.6285708877e-03 -2.4090734760e-02 1.6538926770e-02
2.4297240135e-02 -5.5636772576e-02 2.4627460254e-02
1.1904762636e-02 4.4886318515e-02 -7.8501003814e-02
-8.1037550009e-02 1.6791853148e-01 -2.5240162365e-02
-6.7282248564e-02 3.8783005452e-01 1.6388268284e-01
-4.8767720343e-02 5.6151416393e-02 2.2968698546e-01
4.0678087368e-02 4.2674986891e-01 1.6887337213e-01
3.5570387807e-01 1.2706227069e+00 1.6402737859e-01
9.9043689885e-01 4.0109062693e-01 -3.5680217367e-01
6.5250907478e-01 -2.3039916189e-01 -1.2576144693e+00
3.2447593301e-02 -2.7885784444e-02 6.0128322740e-02
6.3269447670e-02 -5.5238658919e-02 6.1375166974e-02
3.4258966384e-02 -4.9426901474e-02 6.4720968492e-02
2.1515377802e-02 -3.4341100527e-02 4.3688925304e-02
1.2323952967e-03 -1.3021226264e-02 4.8665702688e-02
2.9376843539e-03 -2.2941220197e-02 1.9899902141e-02
-2.7497996757e-02 -4.5228250802e-02 3.9080818514e-02
-1.3699119155e-02 5.8363122289e-02 -7.9121574339e-02
3.9827419484e-02 1.7535956889e-01 1.5922464404e-02
7.0241481544e-02 2.8589061563e-01 2.7837351768e-01
-1.2096246901e-01 -1.5625063189e-01 2.1726903230e-01
-5.4958316450e-02 -2.9677669247e-01 5.0075215885e-01
8.3087485178e-02 2.2309267636e-01 7.2592390666e-01
-1.3828507119e-01 -4.0882413554e-01 -1.3993198475e-01
-4.0407257330e-01 -5.6411629651e-01 -2.0707047153e+00
-1.0257106193e-03 -1.0188589010e-02 5.1943301772e-02
2.5281134905e-02 -3.0901603548e-02 6.2735436057e-02
1.9137917973e-02 -3.4774099069e-02 7.1893896750e-02
2.0060468017e-02 -3.0810801672e-02 6.7595372995e-02
1.1472928148e-02 -2.6094063689e-02 7.4653387788e-02
1.6298120109e-02 -3.5910137370e-02 4.5817947164e-02
8.0770811561e-03 -3.5755398506e-02 7.3596415567e-02
-2.2186297966e-02 4.2090978411e-03 2.9981784014e-02
2.7106485788e-02 -1.8726282493e-02 1.4711173798e-02
7.6128313682e-02 -7.3092202405e-02 2.1304104590e-01
-6.8773348000e-02 -6.5857033760e-01 2.7643880983e-01
-2.7457549092e-01 -9.1038672468e-01 5.6417745232e-01
-1.0047762614e+00 -8.1246825720e-01 3.8513416571e-01
-1.9310700755e+00 -1.1103359369e+00 -8.1894615757e-01
-1.1143397988e+00 -4.4771812277e-01 -1.3209541744e+00
2.3134630056e-02 -1.9735565587e-02 5.4494727782e-02
4.4176761322e-02 -4.1956954562e-02 5.3801692260e-02
3.5223766786e-02 -4.6875857108e-02 6.4718659745e-02
4.0121514309e-02 -5.4971970608e-02 5.7343206792e-02
3.3276485358e-02 -4.5193846738e-02 6.3698589649e-02
2.5496630240e-02 -4.9517523526e-02 3.9082482595e-02
1.5734737809e-02 -5.1225378621e-02 5.8387389611e-02
5.4866708256e-04 -5.1030133494e-02 5.8471677741e-02
1.0162599035e-02 -9.1208174831e-02 6.1150829336e-02
1.1914334503e-01 -1.5530870161e-01 2.0720513344e-01
-1.1318589853e-01 -6.7047121512e-01 3.5177255692e-01
-5.7814018105e-01 -1.0678586482e+00 3.4530991050e-01
-1.2047717256e+00 -8.1478947226e-01 3.6740717080e-02
-1.2694102528e+00 -5.7666919036e-01 -4.3508477053e-01
-3.1450188744e-01 -1.2109705185e-01 -2.2866027231e-01
1.2675697425e-02 -2.0509417719e-02 4.9806978859e-02
4.3296251350e-02 -4.0388321084e-02 5.3092410964e-02
3.4275914041e-02 -5.1767233046e-02 6.6595486442e-02
3.6526458214e-02 -5.0998910262e-02 6.0436646337e-02
1.5681466201e-02 -4.1199258052e-02 6.6174299722e-02
1.8765592831e-02 -4.2673858169e-02 4.2453270754e-02
2.0595838687e-02 -4.8145211539e-02 5.6842481951e-02
-6.6091773220e-03 -4.1830472698e-02 4.8482352146e-02
-2.2207645986e-02 -6.0268026330e-02 8.3127626803e-02
-5.0922117630e-02 -1.1988951582e-01 1.3489288950e-01
-1.6346891455e-01 -3.0783148777e-01 1.9134219154e-01
-3.5085494864e-01 -4.0725281498e-01 9.0645974930e-02
-2.4226205045e-01 -1.8132854457e-01 3.6884880198e-02
-1.6116253937e-01 -3.4280892084e-02 -2.5181424469e-02
-2.1337471946e-02 -1.8278084893e-03 -2.0100457038e-03
1.5075653461e-03 -4.1253522667e-03 5.1120520059e-02
4.2700756770e-02 -3.4131451353e-02 5.6206897893e-02
2.5030182080e-02 -3.6292999022e-02 5.7447977382e-02
1.8802448491e-02 -3.0020418325e-02 4.2319562288e-02
8.3817726979e-03 -2.0580254586e-02 4.5473341306e-02
1.4061058035e-02 -3.0954193523e-02 2.9405843289e-02
-2.4566798190e-03 -2.9577613071e-02 3.7624640011e-02
-1.1488275503e-02 -2.3309753955e-02 3.5612646226e-02
-8.3801453174e-03 -2.3171661318e-02 3.9886342190e-02
-3.0851770597e-02 -4.5203357373e-02 1.2075448006e-02
-3.4706831658e-02 -9.6331780219e-02 1.7684659028e-02
-6.8012901639e-02 -6.5542171075e-02 1.4952880475e-02
-1.6965124386e-02 -3.7424336727e-03 1.8783050962e-02
-1.2430635857e-02 1.7888959373e-02 -1.2357480572e-02
-4.9245548741e-03 -1.3067060331e-02 -3.2187976064e-02
-1.5175980538e-03 -6.7273927663e-03 4.9284491896e-02
4.2178241109e-02 -2.9647125123e-02 5.2473289193e-02
1.9260354584e-02 -3.8097727266e-02 5.8293334090e-02
2.4061574190e-02 -3.6448047872e-02 4.7606036629e-02
8.7737757945e-04 -1.9753410335e-02 4.6701973851e-02
9.5224870140e-03 -3.2402893548e-02 2.9886109063e-02
1.1396807514e-02 -3.9683051152e-02 3.9858226042e-02
-1.0885264736e-02 -3.6186187244e-02 3.4709215933e-02
-4.4122506941e-03 -1.6526093476e-02 1.9736687345e-02
-1.3272927183e-02 -5.5223941927e-03 -3.1047329800e-04
1.5017552924e-02 -9.9939837801e-03 3.6896849929e-03
-6.4558501650e-03 8.4121287277e-03 2.0488559160e-02
-1.4012441483e-03 3.7448118607e-03 3.6217421107e-02
-1.6834057650e-02 -5.2135419013e-03 2.2954377251e-03
-8.9801975959e-03 -2.4338876525e-02 -3.2873840174e-02
1.8630572574e-03 -1.0585114486e-02 4.8549616535e-02
3.2433708170e-02 -2.4743696539e-02 4.1681655322e-02
1.4965226675e-02 -3.3407988681e-02 5.1364872108e-02
1.4669292778e-02 -3.1132825423e-02 4.3463847472e-02
3.1045949375e-03 -1.9008472914e-02 4.9551758829e-02
8.3000971512e-03 -3.3956884473e-02 2.9319779629e-02
1.2732233496e-02 -3.6997284182e-02 3.6865503738e-02
-1.5481403290e-02 -2.9160851920e-02 3.2980246739e-02
-1.4524256492e-03 -1.1752798779e-02 3.2248772468e-02
-1.4639818582e-02 -8.1440310626e-03 1.2147731257e-02
1.8643954939e-02 -1.2025441788e-02 1.6759294174e-02
-1.4592303151e-03 -4.6982248451e-03 4.7223403769e-02
6.1018649979e-03 -1.0343277929e-02 6.2446356627e-02
2.3869508957e-03 -1.5313229563e-02 2.3798018897e-02
-7.1983417597e-03 -2.7690892698e-02 -3.0228244465e-02
3.4891235967e-02 -3.7306780168e-02 5.8642696169e-02
6.4303861813e-02 -6.1035061497e-02 4.6553738754e-02
5.0452252186e-02 -6.7808406874e-02 6.6546626236e-02
3.9055175158e-02 -6.9784715577e-02 5.8219188420e-02
3.2438478461e-02 -5.3450166085e-02 6.7979859199e-02
3.0609295633e-02 -6.5519018113e-02 3.6828182884e-02
2.6497228207e-02 -6.5042215894e-02 4.3934682257e-02
1.1776763396e-02 -6.2734819291e-02 4.3932553665e-02
2.1775759721e-02 -4.3736500914e-02 4.8376550824e-02
1.4206631833e-02 -4.2663309383e-02 3.1979738529e-02
2.6827511149e-02 -3.4852942413e-02 3.6008616136e-02
1.5833399430e-02 -2.9341498690e-02 7.6127624584e-02
2.4688174309e-02 -1.9336613400e-02 9.0013009385e-02
1.9838946516e-02 -1.3060052796e-02 4.3554334053e-02
1.0023349083e-02 -2.8813494178e-02 -9.9049666312e-03
-1.4664880882e-02 8.6131968371e-03 6.9392369819e-02
-3.5888176562e-04 -9.0140464783e-03 7.5767616636e-02
-4.6430275500e-03 -2.5544281828e-02 8.7891780922e-02
-1.8784722237e-02 -2.9582398134e-02 8.0071485203e-02
-2.3894994975e-02 -9.8919565668e-03 6.0775640656e-02
-1.4562250989e-02 -1.0089988309e-02 4.6013568386e-02
-5.1664880505e-03 -1.7446494055e-02 5.0478154090e-02
-3.4552126147e-02 -7.6877117156e-03 4.5532279417e-02
-4.5138696416e-02 7.8593763376e-03 4.4732364688e-02
-6.1241145741e-02 2.7651507276e-02 3.5103679223e-02
-5.4369042555e-02 1.7041002356e-02 6.4361491395e-02
-7.4082320256e-02 3.8258754351e-02 5.7850117043e-02
-8.8084481323e-02 4.6714041874e-02 6.9755318714e-02
-7.4208055666e-02 5.3487421949e-02 1.9973262209e-02
-2.5188155310e-02 2.2217083148e-02 2.1675755334e-02
6.9342850026e-03 2.0799961405e-03 7.7207045940e-02
8.3180236681e-03 -1.5269338754e-02 8.3703330476e-02
2.5508756095e-03 -3.3611797577e-02 9.4809141314e-02
6.9240251371e-03 -3.8148267841e-02 8.3082026792e-02
-9.9857416342e-04 -2.9213825733e-02 6.5622526969e-02
6.7138600909e-03 -3.0218789970e-02 5.0976289186e-02
1.3514216205e-03 -4.0572566335e-02 5.5871069294e-02
-6.3622924161e-03 -3.0200193368e-02 4.4541683447e-02
-2.6004737516e-02 -9.4842931170e-03 4.2902506635e-02
-3.7767922022e-02 1.0361718509e-02 2.9021507339e-02
-4.4559628078e-02 9.7579180336e-03 6.0526018729e-02
-4.5569120795e-02 2.5260538038e-02 5.4975806925e-02
-4.1044526332e-02 2.8887849843e-02 6.7943811902e-02
-2.3930365884e-02 3.3524938097e-02 1.4905840288e-02
4.0553865142e-03 1.5507812375e-02 1.4794258029e-02
-1.7862540918e-02 1.4233168348e-02 5.5299637588e-02
-1.6928491448e-03 -1.2367333890e-02 6.9965046889e-02
-1.3935065411e-02 -2.2163652615e-02 7.6945205610e-02
-2.7390527767e-03 -2.3351586114e-02 6.7267299889e-02
-1.5253730792e-02 -1.7477376931e-03 4.0014921500e-02
-4.6282267622e-03 1.5028941591e-03 2.8791131656e-02
-3.6710606257e-03 -1.3446708274e-03 2.9926477091e-02
-1.3857062777e-02 5.4818750002e-03 1.8781426611e-02
-2.6551784270e-02 1.7575561385e-02 1.1677177584e-02
-4.4759668102e-02 5.3393345193e-02 -1.4555695481e-02
-4.3490384280e-02 4.1517056652e-02 2.0174120850e-02
-5.5774684655e-02 6.1933317818e-02 1.0572028549e-02
-5.9289175533e-02 5.3728598132e-02 1.7943090296e-02
-5.3409184438e-02 5.8567181861e-02 -3.0604213719e-02
-2.5725528504e-02 3.4336882932e-02 -2.5354785851e-02
1.3787342528e-02 1.7596706676e-02 5.2227208385e-02
3.5579160620e-02 -1.6291405223e-02 6.6136706160e-02
1.4697862619e-02 -1.5033231472e-02 6.3557057574e-02
1.5764061438e-02 -1.1646487003e-02 3.9721197017e-02
-6.6929129668e-04 1.4104419574e-02 1.6359729134e-02
2.5524550828e-02 7.7423588883e-03 1.1796095734e-02
2.2795036783e-02 -2.9210450292e-03 1.1777739077e-02
2.3937057115e-02 -1.6848812568e-04 4.2162500293e-03
4.7280103776e-05 2.3506692988e-02 -8.9912006837e-03
-3.3464087128e-03 3.6761781863e-02 -1.9463523220e-02
2.4509551424e-02 -1.3468199908e-02 4.1340436180e-02
1.2375537688e-01 -1.0393093843e-01 5.9452553875e-03
4.8387930438e-02 -4.2633292552e-02 -5.7549610116e-02
-3.6677204114e-02 4.7656809563e-02 -5.4238657176e-02
-1.1732304345e-02 1.5660607659e-02 -4.4182872675e-02
-2.6779165427e-03 5.4420515067e-03 4.9244509527e-02
2.9595216674e-02 -2.2438380207e-02 5.6622747426e-02
2.7272014734e-03 -1.8305817160e-02 5.9168742842e-02
-5.7132592557e-03 -1.0555290346e-02 4.0382910472e-02
-2.2718584442e-02 1.7971221379e-02 1.3736339750e-02
3.7857464271e-03 6.3415572154e-03 1.6857722960e-03
7.2453020791e-03 -2.5980542620e-03 1.5240645410e-03
-6.5080374666e-03 -4.7128583095e-03 -7.3997567148e-03
-1.9138070998e-02 5.5432373624e-03 -1.3315870555e-02
-1.2624278151e-02 -1.5262813047e-02 1.3302994060e-02
1.6571764754e-01 -3.3962021993e-01 2.5680894144e-01
5.9407209732e-01 -9.1272282110e-01 1.8134453846e-01
5.2195385188e-01 -6.0364166450e-01 -3.7525204755e-01
5.2777062484e-02 -6.0606607934e-02 -1.7014141101e-01
-2.7923182904e-02 1.2441178268e-02 -4.6053937000e-02
2.8835449092e-03 -1.1027937651e-02 6.0429811836e-02
3.2172901252e-02 -3.7966251106e-02 5.8559515785e-02
9.2264537211e-03 -3.5624283132e-02 6.6188145440e-02
-1.0339594226e-03 -3.3589127247e-02 5.3941482102e-02
-1.0914701077e-02 -6.9233682432e-03 4.2325790251e-02
6.1739899348e-03 -1.9320267588e-02 1.3643606206e-02
1.2598562173e-02 -2.8993058354e-02 1.7801938196e-02
-1.3293427615e-04 -3.3469115237e-02 1.6616695369e-02
-6.5348253042e-04 -2.9335214364e-02 3.1207727277e-02
-7.6931171801e-03 -6.1745053393e-02 9.3874278546e-02
2.2154827116e-01 -7.1428881864e-01 5.4669041493e-01
5.7928945643e-01 -1.4221723247e+00 6.0674188441e-01
8.5263266385e-01 -9.8898122501e-01 -7.6582880511e-01
3.9700233813e-01 -3.3884995495e-01 -6.3499559997e-01
3.1466387472e-02 -2.6968748050e-02 -7.6318989671e-02
1.9556933925e-02 -3.5061113127e-02 6.6703084425e-02
4.3332959951e-02 -5.4851932350e-02 6.7710074548e-02
6.5141725009e-03 -5.1415381905e-02 8.1326825492e-02
5.1706967224e-03 -3.6986634637e-02 6.8461282972e-02
-1.7190944108e-02 -1.0965579724e-02 4.6630667990e-02
2.7340931322e-03 -1.1729682873e-02 2.1364660644e-02
-4.1380268201e-03 -1.9287866873e-02 2.5022332965e-02
-9.4816564481e-03 -1.9638840686e-02 2.1025655471e-02
-1.3330389786e-02 -4.0514813653e-02 4.0117656395e-02
8.5763008117e-04 -3.1680172387e-02 1.1378323986e-01
9.1272766354e-02 -6.1156688540e-01 4.7711376301e-01
7.2701123096e-02 -1.0288373528e+00 7.5434062488e-01
4.1839759461e-01 -9.5210926344e-01 -5.0365392467e-01
6.3861276644e-01 -7.4623650459e-01 -1.3087791906e+00
1.7931559078e-01 -1.1039654113e-01 -3.4132995401e-01
6.6501177190e-03 -1.2847145912e-02 5.1271329738e-02
4.5597674750e-02 -4.2241812313e-02 6.3137955972e-02
1.0340685806e-02 -2.6854359139e-02 6.5588663448e-02
-4.7089660915e-03 -1.1924039907e-02 4.5238577367e-02
-3.3544207202e-02 2.4098120357e-02 1.7305268621e-02
-1.8455350985e-02 1.0956767459e-02 3.6539007576e-03
-1.1024931895e-02 -1.7133335566e-03 1.4019154280e-02
-2.8587603274e-02 1.0852256270e-02 6.0087606058e-03
-2.6800059645e-02 -1.5160152019e-02 4.9320094132e-02
-3.3429713031e-02 1.5353688769e-02 1.3615868778e-01
-8.2250836333e-03 -4.6024050334e-01 4.1239318865e-01
-2.0031917407e-01 -1.0641895475e+00 8.7631901355e-01
-3.2190808780e-01 -1.4155505298e+00 4.1919252812e-01
1.3658969147e-01 -1.4573848605e+00 -1.0677302656e+00
1.8895451758e-01 -6.0121890664e-01 -8.9050869957e-01
1.1414537640e-02 -1.2694266455e-02 5.6948939052e-02
3.5177878933e-02 -3.3917879521e-02 6.5557959632e-02
1.3140950673e-02 -3.3575857836e-02 6.6849079118e-02
-3.2007927573e-03 -1.5902074357e-02 4.4671853441e-02
-1.6848564093e-02 5.1722196404e-03 2.8404938704e-02
-8.0969888070e-03 5.4387194720e-05 1.5880793546e-02
-6.6309979224e-03 -1.5482369370e-02 2.4675792555e-02
-2.1201029268e-02 -1.5327947163e-02 1.6918097124e-02
-1.9944028921e-02 -1.0252089531e-02 5.6086400435e-02
-4.2352400981e-02 -2.6793424064e-02 1.3487231947e-01
-1.3633713282e-01 -4.0464986005e-01 3.3465294948e-01
-3.4345240468e-01 -9.3883960825e-01 8.7239559393e-01
-8.8023789158e-01 -1.6351034812e+00 7.8372978621e-01
-9.7781024727e-01 -2.0360894203e+00 -5.4729962735e-01
-3.3714383387e-01 -9.3143377931e-01 -1.0317074111e+00
-2.0292789841e-02 -2.0701542185e-03 4.9500074053e-02
-5.2577163831e-04 -1.5125004782e-02 6.3410123536e-02
-7.2549773272e-03 -2.6725131875e-02 6.4429973014e-02
-1.7754848983e-03 -2.4700783426e-02 6.5445515140e-02
-2.0979354801e-02 -8.6033740749e-03 5.3918869001e-02
-1.9477561409e-02 -9.7549257189e-03 3.4412799641e-02
-9.0158058757e-03 -2.0494497036e-02 4.9233507788e-02
-3.9551389942e-02 -2.8461636273e-02 3.9600607432e-02
-3.9065887173e-02 -2.4164966716e-02 5.3224924039e-02
-7.5105055689e-02 -5.1952872213e-02 6.2040397557e-02
-1.3544264972e-01 -3.6112547409e-01 1.9446049693e-01
-3.0260630933e-01 -6.1776422361e-01 5.5993487811e-01
-9.5433991937e-01 -1.2025263270e+00 5.2131090946e-01
-1.2664739663e+00 -1.3759877424e+00 -3.3620733812e-01
-4.3035440967e-01 -4.3890206035e-01 -4.2855665851e-01
3.7541150440e-03 -5.2089865111e-03 6.0276192663e-02
1.4826379758e-02 -2.3964085904e-02 6.4202659624e-02
1.3176887853e-02 -3.4946645154e-02 7.0127377564e-02
1.7058939345e-02 -3.5644061587e-02 6.7892127519e-02
5.8462610252e-03 -2.8287764017e-02 6.3330634327e-02
-2.4144373170e-03 -3.3426588048e-02 4.7152778383e-02
-8.6836586535e-04 -3.7400448859e-02 5.6264885354e-02
-1.5184106188e-02 -4.4860396330e-02 5.5540075822e-02
-2.1182768379e-02 -2.9469872027e-02 5.5800905796e-02
-3.1717246851e-02 -3.4201864667e-02 3.9309493351e-02
-6.0058151641e-02 -1.5999920710e-01 9.4934151969e-02
-1.6044312000e-01 -2.7712747442e-01 1.7275982836e-01
-3.2158730101e-01 -3.2328624314e-01 1.7501058528e-01
-3.3942170187e-01 -2.7864788518e-01 -3.6556873087e-02
-6.3268526941e-02 -5.5489939917e-02 -3.4722168340e-02
-8.8186137897e-03 -4.8845698106e-03 4.8175960020e-02
8.6824224845e-03 -2.2913744411e-02 6.0296583361e-02
3.7120291269e-03 -3.4221230821e-02 6.6298869673e-02
4.8685354726e-03 -3.4586042132e-02 6.3992324565e-02
-1.0963247954e-02 -2.4794253357e-02 5.7071628085e-02
-1.7445897681e-02 -2.0978854573e-02 4.2297136336e-02
-1.2959644202e-02 -2.3551518993e-02 5.0105349458e-02
-3.2519194322e-02 -2.0259230613e-02 4.1096046062e-02
-3.3977376613e-02 -1.1494353168e-02 3.3525729984e-02
-5.0016140175e-02 6.9759169847e-03 7.7870769512e-03
-2.6420737241e-02 -7.6557300059e-03 3.5736641980e-02
-5.5182949484e-02 -9.7631906051e-03 3.4339427934e-02
-4.5066229949e-02 2.3566208148e-03 5.9313557845e-02
-4.5648978701e-02 2.7436573983e-02 -5.5312154150e-03
-6.2337417674e-03 2.3859919109e-02 -6.6335131179e-03
-1.4949689140e-02 1.1103454608e-02 5.2584603183e-02
1.6773499810e-02 -1.3075758721e-02 6.5765917323e-02
3.7316160999e-03 -1.8439171110e-02 6.3850239009e-02
2.4667288830e-03 -1.8928660627e-02 5.2018758897e-02
-1.6281258352e-02 -4.4332685170e-03 4.1951451436e-02
-7.2609863329e-03 -8.3970755712e-03 3.9527699787e-02
-7.4043743836e-03 -1.5481341694e-02 4.8247022551e-02
-2.0126991293e-02 -1.6767109711e-02 4.3055403056e-02
-1.6370523651e-02 6.8711294260e-03 2.4780290532e-02
-2.3650112685e-02 1.7452037201e-02 2.0389750533e-03
1.1121873482e-02 1.0253273618e-02 1.7603284499e-02
-1.3476129211e-02 2.4330871884e-02 1.7521630626e-02
-1.4308488569e-02 2.1666392831e-02 2.4532742211e-02
-1.7962058853e-02 2.5830818211e-02 -2.1994591149e-02
2.0467760566e-03 -6.7699392857e-04 -3.0251113896e-02
-1.5946597122e-02 6.0903032480e-03 4.6785375417e-02
1.7776164225e-02 -1.7702667325e-02 5.5338733071e-02
-2.5709542376e-03 -2.3631432653e-02 5.7895194100e-02
-6.6948174282e-03 -2.3241202530e-02 4.7785029513e-02
-2.5818610558e-02 -7.2947770324e-03 3.9968193122e-02
-1.2330001861e-02 -1.4443079522e-02 3.0782915814e-02
-7.3973510796e-03 -2.3160332174e-02 3.9063122902e-02
-2.3709141034e-02 -2.8733823772e-02 3.2443463350e-02
-2.6800403854e-02 -7.3584758464e-03 1.4545932782e-02
-3.5858446507e-02 -1.5645008566e-03 1.7379553229e-03
-5.6512872150e-03 -2.3426022010e-03 1.3316763977e-02
-3.4440980758e-02 1.1309566269e-02 2.2922954911e-02
-3.0488406238e-02 9.0263408754e-03 2.9536515552e-02
-3.7639247512e-02 1.1395251946e-02 -2.0436664260e-02
-1.8597186172e-02 -6.5368022766e-03 -3.3067340964e-02
-2.3487941300e-02 -7.1105288801e-04 5.2728305869e-02
-2.0166379208e-04 -1.3409855098e-02 5.1476224759e-02
-8.2542841250e-03 -2.3985934354e-02 5.7843639709e-02
-5.4093709688e-03 -2.2363356085e-02 5.1742610853e-02
-2.2295321469e-02 -7.3713129330e-03 5.1586783866e-02
-1.5988936624e-02 -1.9074959005e-02 3.0452417366e-02
-1.0322790704e-02 -2.7023001508e-02 4.5171858436e-02
-3.2600392828e-02 -2.1585272222e-02 3.5703859606e-02
-2.3249972528e-02 -5.6091775088e-03 3.3860780940e-02
-3.7355462195e-02 -2.4245422846e-03 1.4421691339e-02
3.6334048348e-03 -1.3855777290e-02 3.1744486804e-02
-2.1342475375e-02 -4.4087393773e-03 5.0783601038e-02
-1.1057092099e-02 -7.4903496002e-03 7.6148505913e-02
-1.9216016436e-02 -6.1274560065e-03 2.3964788761e-02
-4.2505480758e-03 -1.4783876234e-02 -1.9271409454e-02
7.7208353613e-03 -2.2937973817e-02 6.2506206502e-02
3.3776976300e-02 -4.5002945455e-02 5.4840550652e-02
2.9496050709e-02 -5.3225995724e-02 7.1019262817e-02
1.6441985460e-02 -4.8229860283e-02 6.4730188004e-02
9.1301990188e-03 -3.3663310324e-02 6.6139611203e-02
9.4353926418e-03 -4.7393686326e-02 4.2238391603e-02
1.7299956550e-02 -4.9395284512e-02 5.3145013432e-02
1.1881222625e-04 -4.7167958818e-02 4.7230259599e-02
6.0580723880e-03 -2.8141844422e-02 5.0788869420e-02
-6.0479856703e-03 -2.7560199445e-02 3.3704509846e-02
1.3645833420e-02 -2.3418381038e-02 4.7930782118e-02
1.4938403484e-03 -2.0174758474e-02 7.6084139587e-02
8.1569520094e-03 -1.2383418956e-02 9.6379036400e-02
5.8917001243e-03 -6.2403770803e-03 3.7769973391e-02
1.1979932090e-02 -1.2466824944e-02 -2.4637632660e-03
