-2.5067913052e-02 -3.4389060117e-02 7.7098956556e-03
-4.6231196019e-02 -6.1752438974e-02 9.3015239217e-03
-7.6150745861e-02 -6.4255457456e-02 5.1520719335e-03
-1.5046593511e-01 -8.9939867643e-02 -7.9164086240e-02
-1.3956324115e-01 -1.4295156103e-01 -7.6786055753e-02
-1.3033361169e-01 -1.8668011502e-01 -1.1172557381e-01
-1.2607190955e-01 -2.1156559011e-01 -1.0246991421e-01
-1.1060103977e-01 -2.0860631624e-01 -1.3509826194e-01
-8.5789930091e-02 -2.0503647741e-01 -8.9806469378e-02
-1.2093500886e-01 -2.3970998294e-01 -8.8489663264e-02
-2.1359779999e-01 -2.7283086468e-01 -4.5961698822e-02
-2.0000271990e-01 -2.7422792912e-01 5.3282221029e-02
-1.2814137625e-01 -1.8289999905e-01 8.8799927457e-02
-4.7488056576e-02 -1.5508981205e-01 4.9405924748e-02
-4.2503963738e-02 -1.2355975522e-01 4.0255103059e-02
-1.5638955704e-02 -2.9417575568e-02 1.3614479027e-02
-3.6009359571e-02 -4.7181984409e-02 -1.5472361957e-02
-7.3153783618e-02 -5.4623392330e-02 -3.0580048785e-02
-1.5440566440e-01 -8.7996377572e-02 -1.2397652571e-01
-1.4349836744e-01 -1.3172034737e-01 -1.2473854371e-01
-1.0094549400e-01 -1.2745975801e-01 -1.3189732378e-01
5.1997429600e-03 -1.0469577013e-02 -6.5300122900e-02
1.3387432211e-01 1.3386703922e-01 -1.0427376630e-01
1.7408487543e-01 1.8141653432e-01 -1.2935536877e-01
2.3456531207e-02 1.0116137038e-02 -1.6183974274e-01
-1.7834417635e-01 -2.0778210238e-01 -9.7050236140e-02
-1.7480060648e-01 -2.5553100281e-01 3.2830581988e-02
-1.1644266483e-01 -1.9086769468e-01 8.2941814550e-02
-3.9213739878e-02 -1.5888339181e-01 4.1258397818e-02
-3.6406205076e-02 -1.4905395044e-01 2.7323356092e-02
-1.7122452720e-02 -3.8350838427e-02 7.4874319559e-03
-3.6896687257e-02 -6.5846979592e-02 -1.7513556375e-02
-8.9426850684e-02 -9.1133053036e-02 -5.1539272691e-02
-1.6410650655e-01 -1.1566887746e-01 -1.5425297301e-01
-9.7156977200e-02 -8.4314494983e-02 -9.9053481948e-02
4.0873807854e-02 1.2401649124e-01 -2.1477068632e-02
2.3404201827e-01 4.9248626761e-01 7.7089835674e-02
3.4587231028e-01 7.2491117510e-01 -3.7217676063e-02
3.2747485032e-01 6.5924128163e-01 -1.8442960281e-01
7.8294426293e-02 2.3324273521e-01 -2.2029936194e-01
-1.6363556981e-01 -1.7133734450e-01 -1.7304825919e-01
-1.8096819379e-01 -2.4703012982e-01 -4.9188684298e-02
-1.2016294341e-01 -1.9750427870e-01 2.4117492752e-02
-5.2538176063e-02 -1.5539509628e-01 1.3389425753e-02
-4.5635220312e-02 -1.3768892400e-01 8.6650307372e-03
-1.4118539268e-02 -2.6154877214e-02 -1.8430461645e-02
-3.8507754530e-02 -6.7877772176e-02 -8.0663299282e-02
-7.5209956604e-02 -8.7779217728e-02 -1.3415845841e-01
-1.1072080162e-01 -5.3000285289e-02 -1.4621658293e-01
5.9767931094e-02 2.1698121526e-01 2.6005877212e-02
2.1251500912e-01 6.0318323121e-01 1.4988513767e-01
3.0381191678e-01 9.8189932866e-01 1.9465804935e-01
2.3634219137e-01 9.2727027907e-01 -7.3942281727e-03
1.3049989631e-01 5.6293555157e-01 -1.7572629172e-01
-2.7600470824e-02 5.8756559840e-02 -1.5545059811e-01
-1.5715895531e-01 -2.4489051271e-01 -1.1445416775e-01
-1.2496042544e-01 -1.8030140898e-01 -7.7624130706e-02
-8.9096467903e-02 -1.4895980527e-01 3.8608312431e-03
-3.8274363225e-02 -1.1982943326e-01 1.9447570971e-03
-3.2846478512e-02 -1.1423781071e-01 2.8603943722e-03
-3.4804083851e-02 -6.0634662138e-02 -4.8398031620e-02
-5.8196688849e-02 -9.9275535925e-02 -8.7617477089e-02
-7.2591671781e-02 -1.0235851159e-01 -1.0965310095e-01
-4.3225649806e-02 6.6633162206e-02 -9.4896569279e-03
1.5064392276e-01 5.8645174696e-01 2.2462300088e-01
2.1754032965e-01 9.6849110247e-01 2.7249594901e-01
2.0321297845e-01 1.0901670113e+00 1.8871808938e-01
1.1473951846e-01 8.1786018812e-01 -2.9941977606e-02
4.3579214564e-02 1.7671926985e-01 -1.2676814225e-01
-5.3651416254e-02 -2.7296234067e-01 -6.7576638499e-02
-1.1777208849e-01 -3.5786392826e-01 -3.4113638129e-02
-9.5119842574e-02 -1.7376398832e-01 -1.3163727625e-02
-4.5902973309e-02 -1.4563968470e-01 2.3919672783e-02
-2.0402779005e-02 -1.1352372337e-01 1.4998398143e-02
-1.8941059268e-02 -1.0551123686e-01 1.0998338337e-02
-5.0581179857e-02 -7.5276150748e-02 -7.4229078416e-02
-6.5512374905e-02 -1.1861567271e-01 -1.1709186979e-01
-9.3997975569e-02 -1.0930663678e-01 -1.0539212656e-01
-9.3131175178e-02 1.8012448476e-01 4.8489082820e-02
-2.2775803087e-02 8.6364422674e-01 2.9340899472e-01
3.2948554009e-03 1.0997110434e+00 2.4930905247e-01
-2.9883422338e-02 9.6752160811e-01 1.1328911771e-01
-3.1283119601e-02 6.8288479503e-01 -2.7681407068e-02
-4.6775673698e-02 -4.1163109358e-03 -4.6113947571e-02
-6.7935071233e-03 -5.0744525641e-01 -1.6154178583e-02
-1.3639852685e-03 -4.3872092618e-01 -8.5366208058e-02
-7.1904887269e-02 -1.3449028723e-01 -6.8065298826e-02
-5.7533385400e-02 -1.2754309251e-01 2.1783440017e-02
-2.6481216328e-02 -1.0842349485e-01 5.5115807880e-03
-2.4927511208e-02 -9.4826408577e-02 5.5072700225e-03
-6.0745464771e-02 -9.1820668475e-02 -8.0437551072e-02
-7.6919942133e-02 -1.2752789319e-01 -1.2305020416e-01
-1.0911136748e-01 -1.2674367189e-01 -1.0217432718e-01
-1.8881231622e-01 1.9199474884e-01 7.6623669463e-02
-2.8927818531e-01 8.8429568324e-01 2.9444855328e-01
-3.0514867754e-01 1.0803633648e+00 2.2542148015e-01
-2.0324359470e-01 8.2191676808e-01 1.0250302653e-01
-1.3462951559e-01 5.9551284058e-01 -2.6583300773e-02
-1.2387014396e-01 9.4317747115e-02 -2.2547592353e-03
-3.1931564115e-02 -5.2153010587e-01 1.3746358893e-01
8.7041191206e-02 -5.2100046359e-01 1.0937935959e-01
-1.2906624875e-02 -1.7070634270e-01 3.4663091122e-02
-3.9763441233e-02 -1.3882680014e-01 5.8567437591e-02
-1.4424266021e-02 -1.2609849702e-01 2.9188466464e-02
-1.2881671789e-02 -1.1616487391e-01 2.6226048018e-02
-5.4159214684e-02 -7.5287776373e-02 -5.7500837801e-02
-6.8161274242e-02 -1.1584679554e-01 -9.3772152707e-02
-9.9522715164e-02 -1.5048098571e-01 -1.1847660373e-01
-2.0228378927e-01 -5.9906660849e-03 -4.7953300415e-02
-2.7120249956e-01 3.9216668554e-01 1.2211880240e-01
-2.7697842450e-03 7.4448062795e-01 2.7039904069e-01
5.1702346728e-01 8.5990232842e-01 2.2261152197e-01
7.7511104981e-01 7.3008892576e-01 -6.8524090685e-02
6.1298265043e-01 4.8825461753e-01 -2.7434319522e-01
2.6157359040e-01 -6.1614629003e-03 -1.5261235704e-01
1.1339760520e-01 -2.1936013963e-01 4.6025013843e-02
1.2493655248e-02 -1.0556298610e-01 1.5972119451e-02
-6.3329428076e-02 -1.4036575911e-01 4.8981774668e-02
-4.1674432978e-02 -1.3066884339e-01 3.2335434564e-02
-2.8060335320e-02 -1.1067134755e-01 2.2907113736e-02
-3.5909105342e-02 -7.1544849808e-02 -3.4091651510e-02
-4.1101355696e-02 -9.2925597520e-02 -6.2347572870e-02
-5.2165770719e-02 -1.1962836081e-01 -8.7296261472e-02
-9.0321944955e-02 -1.1289713053e-01 -8.6547560115e-02
-4.3587025154e-02 2.0255785325e-01 1.7612431918e-01
1.9941587628e-01 1.2921439969e+00 7.9934156268e-01
7.6894813111e-01 2.3380745413e+00 8.8623564777e-01
1.1751155730e+00 2.3946915909e+00 1.0550827061e-01
1.2473966163e+00 2.2533549708e+00 -7.9353678811e-01
8.8951908425e-01 1.4238042019e+00 -1.0430326370e+00
5.4767922040e-01 7.4868495258e-01 -3.3111989593e-01
2.9268432911e-01 4.0640839499e-01 -2.3866963213e-01
-6.5260676187e-03 -1.0355756905e-01 9.0891596314e-03
-1.1359587698e-02 -1.3971381144e-01 4.3850989880e-02
-4.1487323445e-03 -1.2077786200e-01 2.6975860191e-02
-5.6946694328e-03 -6.8432115805e-02 6.0523270005e-03
-5.0101283369e-03 -7.7180870873e-02 6.6400208817e-03
-1.0383688368e-02 -9.0804225374e-02 -7.2770677325e-03
-4.8777763555e-02 -9.1384279244e-02 -2.7475589374e-02
-1.3707910737e-01 1.3328846169e-01 1.6718546706e-01
-5.1298910687e-01 1.0396192635e+00 7.4308755785e-01
-8.8802096035e-01 2.3772212214e+00 1.1818982649e+00
-6.8346215317e-01 2.8420502443e+00 4.7752037481e-01
-3.7894241622e-01 2.9999819688e+00 -6.9547756746e-01
-3.2397411142e-01 1.9906798145e+00 -1.2560739866e+00
-1.3045941702e-02 1.1591487160e+00 -5.5662851036e-01
1.4372980768e-01 7.9605069794e-01 -3.6512729645e-01
-2.6537327574e-02 -9.9611297419e-02 -3.2488709575e-02
3.0688058104e-03 -1.5007627126e-01 2.9044649718e-02
-8.9070699291e-04 -1.1317389902e-01 6.5829279248e-03
8.6135729080e-03 -7.0126581510e-02 1.4143671146e-02
1.0887980001e-02 -7.4903659411e-02 -3.3883529270e-03
7.4698597531e-03 -7.7818998380e-02 -6.5561434048e-03
-1.6059533789e-02 -8.3312040246e-02 -4.3661782475e-02
-7.2890318254e-02 -2.9635479244e-02 1.6052725557e-02
-3.6092727011e-01 2.9275360110e-01 2.5290905690e-01
-1.1137697280e+00 1.1103336455e+00 6.9455255532e-01
-1.6826362825e+00 1.8494386718e+00 5.1326734068e-01
-1.5452713342e+00 2.1770672737e+00 -2.0227801302e-01
-9.8208408221e-01 1.1318815557e+00 -6.0984614893e-01
-3.2307114109e-01 8.5902184258e-01 -3.1850494774e-01
-6.2092468344e-02 6.9752304717e-01 -3.0918333015e-01
-2.4934520771e-02 -1.0336779567e-01 -3.7923025562e-02
1.5828841414e-02 -1.3867267687e-01 -2.4839120042e-03
5.5155670403e-03 -1.2329668103e-01 -3.9600320392e-03
1.0801427086e-02 -7.5587347887e-02 1.9741272450e-02
1.6695521555e-02 -8.4300534671e-02 1.4138509122e-02
7.9337722488e-03 -8.9249501662e-02 5.8434875595e-03
-1.4712984579e-02 -9.8851743906e-02 -3.5200940686e-02
-2.4649742106e-02 -1.0195691140e-01 -1.9855682232e-02
-8.2768657140e-02 -4.6759671390e-02 5.7700394230e-03
-3.1335684420e-01 1.7985137022e-01 1.4992662253e-01
-7.8316123633e-01 5.5480096055e-01 2.4524545197e-01
-9.9872762911e-01 9.0687798725e-01 1.2763081533e-01
-5.9795221391e-01 6.7156620597e-01 -8.5840449604e-02
-2.2384642928e-01 5.6299836917e-01 -1.2654376482e-01
-1.1400348975e-01 3.7995369303e-01 -1.6182670217e-01
-6.9577517997e-04 -1.4083777611e-01 -1.1762729972e-02
1.9955561295e-02 -1.4650995309e-01 4.3607201637e-03
8.2508675383e-03 -1.2155382656e-01 7.9551494088e-03
1.1068587181e-02 -6.8559108228e-02 8.1202309060e-03
1.6776439449e-02 -7.8257855611e-02 -7.2249782310e-03
9.4248639775e-03 -8.7720660221e-02 -2.7459757745e-02
-1.4653140977e-02 -9.5254532353e-02 -6.0000976602e-02
-1.5938114180e-02 -9.4094647360e-02 -3.6114896541e-02
-4.4670722028e-03 -9.4121936824e-02 -4.3791185394e-02
-1.1709845056e-02 -6.4585215191e-02 -3.5582638674e-02
-9.7653489823e-02 6.6504170952e-03 1.3005373673e-02
-2.4162870036e-01 1.5464653690e-01 7.5274771057e-02
-2.1554252632e-01 1.6559145154e-01 4.5730741784e-02
-1.5029623528e-01 2.1397862427e-01 -8.7722867816e-02
-1.1029275833e-01 1.4731577382e-01 -1.1182067625e-01
-9.8921395568e-03 -1.3818970050e-01 -1.4975840940e-02
1.1758206562e-02 -1.2129975401e-01 -3.4134707964e-03
2.6139384627e-03 -9.8511612896e-02 2.7016668287e-03
-2.9011015875e-05 -7.4319288483e-02 -6.9939381449e-03
6.9807274184e-03 -8.2844289413e-02 -1.7280920606e-02
1.0162609250e-03 -9.2856406661e-02 -2.8701899097e-02
-8.5668897070e-03 -1.0227521764e-01 -4.0574840171e-02
-8.3617926626e-03 -1.0250168307e-01 -1.8973198947e-02
-9.6204664237e-03 -9.2721361631e-02 -3.7293909384e-02
1.5642170089e-02 -8.4159922773e-02 -4.9612046279e-02
1.2463737384e-02 -8.7219619531e-02 -5.8244054802e-02
-1.0930467011e-02 -6.9255343273e-02 -1.9135185781e-02
-3.4475379990e-02 -4.4110196497e-02 -3.1421944594e-03
-5.4452180805e-02 7.6751969400e-03 -3.6098946750e-02
-3.6064641738e-02 -4.1713764384e-02 -2.2083986899e-02
2.2398473378e-02 -1.2916795542e-01 2.3306979479e-02
2.8905410169e-02 -1.1137986324e-01 1.6794831296e-02
1.3146464013e-02 -9.0696860681e-02 1.9939338994e-02
-2.0187709079e-03 -8.0474246198e-02 -2.2840098436e-02
2.3003196383e-03 -8.6739834748e-02 -3.4098307836e-02
2.9431217739e-03 -9.7943409352e-02 -3.2752686288e-02
-1.0255338353e-02 -1.1580968400e-01 -4.9718464735e-02
-2.2423724267e-02 -1.1923313417e-01 -3.7683310947e-02
-9.9514080910e-03 -1.0697163545e-01 -6.1533511095e-02
8.6283794384e-03 -9.5937481647e-02 -5.9582833525e-02
2.0616502505e-02 -1.0472159432e-01 -6.4078306433e-02
7.9159259104e-03 -1.0459102583e-01 -3.5142992203e-02
-1.3396333079e-03 -1.0436964696e-01 -3.5084431787e-02
-4.8315753502e-03 -1.0314338509e-01 -2.2506954866e-02
1.2760639266e-02 -1.3424310097e-01 1.5500028282e-02
9.1208894493e-03 -1.2722221740e-01 3.1552321200e-02
1.9169137799e-02 -1.0413253247e-01 1.4697939197e-02
4.0921910536e-03 -7.7000314023e-02 1.5859646915e-02
-2.9066223057e-03 -8.8260893350e-02 -2.8598995315e-02
3.4651672345e-03 -9.4934694271e-02 -4.2145082413e-02
-3.2341074512e-03 -1.0358558850e-01 -2.1633605807e-02
-1.0989901071e-02 -1.2081358019e-01 -4.0979517090e-02
-2.3650531404e-02 -1.2891923709e-01 -3.3710663806e-02
-1.1341851026e-02 -1.2851069084e-01 -6.4215926802e-02
9.7926412511e-03 -1.1833481045e-01 -5.5390642391e-02
2.3067189631e-02 -1.1642844394e-01 -5.0432749924e-02
1.9819849726e-02 -1.1139638447e-01 -1.3893092419e-02
2.3395838708e-02 -1.1593402924e-01 -2.0676852997e-02
2.7060881562e-02 -1.2083833158e-01 5.3692218707e-03
3.5229300769e-02 -1.2907517309e-01 5.4702672200e-02
2.5811318152e-02 -1.2258506798e-01 6.8192799704e-02
3.1130182468e-02 -1.0265344152e-01 3.6854148738e-02
8.7559578825e-03 -9.3089411901e-02 3.6429534549e-02
-1.1389187965e-02 -2.3668701051e-02 3.9072330538e-02
-2.1838537996e-02 -4.3178494362e-02 3.4740029713e-02
-5.9956978801e-02 -5.0155125095e-02 1.7456898478e-02
-1.5400233716e-01 -6.3934929516e-02 -8.2839788898e-02
-1.2056010730e-01 -1.4296619421e-01 -7.5039373879e-02
-6.9112714966e-02 -1.5838388754e-01 -8.6986292821e-02
4.0654273336e-02 -1.0021612986e-01 -4.3458295810e-02
1.7696214423e-01 2.2272076811e-02 -7.0305950670e-02
2.5730196802e-01 7.7474845123e-02 -8.3636136161e-02
1.4974083384e-01 1.9985537296e-02 -1.6063333162e-01
-1.2553123737e-01 -1.9318251596e-01 -1.4104064643e-01
-1.8216523618e-01 -2.4644295148e-01 9.5353605279e-02
-1.2756594217e-01 -1.5980429077e-01 1.1533244381e-01
-4.2490479853e-02 -1.3426786812e-01 6.4622732007e-02
-5.4622735726e-02 -1.0693775040e-01 2.8027154305e-02
-2.9296633192e-03 -1.9811658964e-02 4.4066079643e-02
-2.9522190131e-02 -4.2299826277e-02 2.3236552210e-02
-6.9406763728e-02 -5.2749067193e-02 7.5513095961e-03
-1.7565988706e-01 -6.2113574672e-02 -1.3139833158e-01
-5.0438857213e-02 -1.3175066534e-02 -3.2425572459e-02
2.5823060657e-01 2.2375063043e-01 9.3136955634e-02
6.5378142797e-01 5.8293094688e-01 2.0671900426e-01
9.0211140793e-01 7.8449734215e-01 9.4336120823e-02
8.8770494707e-01 8.4800303906e-01 -7.8104846357e-02
5.6715995977e-01 6.1561737115e-01 -3.2960260467e-01
1.1376848418e-01 1.4667591303e-01 -4.2023088207e-01
-1.8062355301e-01 -2.1229066803e-01 -6.4843104658e-02
-1.5991958728e-01 -2.1100052341e-01 8.2033136345e-02
-4.8418258170e-02 -1.6114543338e-01 3.7593209644e-02
-5.2392476969e-02 -1.4155240970e-01 1.9600481477e-02
2.0247606348e-03 -1.9927088866e-02 4.2379505566e-02
-3.0959376011e-02 -6.3380341551e-02 1.5288787913e-02
-6.5159235028e-02 -6.9220354446e-02 -1.1712673099e-03
-4.4613964703e-02 4.8919034459e-02 4.0437390125e-03
3.1837950490e-01 4.0526651017e-01 2.6804136314e-01
6.1836247414e-01 7.9614713055e-01 4.3018339382e-01
6.8429420222e-01 9.1726662430e-01 3.8358820631e-01
5.1917365175e-01 7.2839177849e-01 7.0351329201e-02
4.2408180804e-01 6.2501860935e-01 -1.5090103168e-01
2.1871310785e-01 4.2325398144e-01 -2.9279337472e-01
9.1444358916e-02 2.1889741873e-01 -6.0679720878e-01
-7.4032596071e-02 -3.7151672449e-02 -2.8967745511e-01
-1.1608049004e-01 -1.6347312048e-01 4.0391267760e-03
-4.9448632426e-02 -1.3758822349e-01 2.0347595518e-02
-6.0872902316e-02 -1.2268711399e-01 4.7022906096e-03
-3.5067273236e-03 -1.1739679861e-02 1.0033796309e-02
-3.5502994176e-02 -6.4684496348e-02 -5.3069221393e-02
2.5390593528e-05 2.1977847882e-02 -1.9210124281e-02
1.7893734869e-01 4.7046590684e-01 2.1841964844e-01
5.4417218593e-01 9.9244951746e-01 5.1532839283e-01
4.1691478654e-01 8.5971426583e-01 3.5687381528e-01
2.0767792800e-01 6.0589593671e-01 7.6980188583e-02
8.3809744340e-03 2.3654464449e-01 -1.1839575923e-01
-6.1387526997e-02 -1.7221600212e-02 -1.3648243227e-01
-1.2050776340e-01 -1.9544629440e-01 -8.4687159290e-02
-4.0761383881e-02 -1.2248686687e-02 -3.5817728508e-01
-4.6775779534e-02 2.3623076782e-02 -3.0441491425e-01
-8.5547729836e-02 -9.4975552043e-02 -3.4195828604e-02
-2.9254471068e-02 -1.1169541959e-01 -4.4688976740e-03
-4.5984535639e-02 -9.3604761884e-02 -1.0164524579e-02
-2.2003950295e-02 -3.4865227652e-02 -3.3898555781e-02
-3.5909262187e-02 -5.6757533374e-02 -4.0240488661e-02
7.4124332931e-02 2.1734560573e-01 1.5519241650e-01
2.9827603244e-01 8.5040997040e-01 5.4306489425e-01
4.2238513759e-01 1.0616631583e+00 5.6103743095e-01
1.8491743849e-01 7.2554357532e-01 1.9383705875e-01
1.7996624934e-02 3.1833757282e-01 -6.9621356188e-02
-5.9622793520e-02 -1.2534421410e-01 -1.1982382853e-01
-5.2573775164e-02 -5.0488769807e-01 -4.1908934857e-02
-1.2175639230e-01 -6.7076181209e-01 6.5661272648e-02
-1.0121218615e-01 -3.7807089704e-01 2.1853593721e-02
-6.0384711555e-02 -1.0308529551e-01 -2.3829420684e-02
-5.3620324348e-02 -1.0321518785e-01 1.5313336796e-02
-1.9528486325e-02 -1.0994769468e-01 8.1113069898e-03
-3.3866529442e-02 -8.2496976730e-02 -5.4732456898e-04
-4.1246740064e-02 -5.2204971666e-02 -5.1137228232e-02
-4.0852600075e-02 -2.6601530691e-02 -2.3046739758e-02
-3.3301908904e-02 3.3617093145e-01 2.3922308911e-01
4.1811787779e-04 8.8900393188e-01 5.2477485968e-01
-4.1141158406e-03 9.1641611610e-01 3.8782222803e-01
-7.9740943541e-02 6.0274316313e-01 5.9164413422e-02
-8.9712626082e-02 1.2562743437e-01 -1.2966831906e-01
-4.0388792876e-02 -4.0949701613e-01 -8.3556791811e-02
-3.2711188718e-02 -9.2638004486e-01 2.6282418935e-02
-1.7445780640e-02 -1.0079703112e+00 9.2656236250e-02
-2.3537139451e-02 -4.7490620650e-01 -3.5428833540e-02
-8.4900170214e-02 -2.1145828751e-02 -1.6768675693e-01
-8.0311478579e-02 -6.1999667844e-02 -2.9203066067e-02
-3.9660703915e-02 -9.2115103986e-02 -1.8433420417e-03
-4.1089338695e-02 -7.6009021058e-02 -6.3977116911e-03
-5.4120254654e-02 -7.1441400817e-02 -6.0005805263e-02
-8.1968315639e-02 -6.0602108314e-02 -6.1728573630e-02
-1.6072467082e-01 2.8261685620e-01 1.8652601493e-01
-3.1938188641e-01 8.9455551416e-01 5.1386697745e-01
-3.5548245748e-01 9.5068087597e-01 4.0084135920e-01
-2.6132716886e-01 5.0788941576e-01 7.0501506483e-02
-1.3057044292e-01 8.7357937883e-02 -5.7213589212e-02
-3.0630426662e-02 -3.1387359311e-01 -7.2548126010e-02
4.9423298615e-02 -8.1876486740e-01 3.6490612737e-02
1.1679273928e-01 -1.0433410464e+00 2.2320544606e-01
2.5121691048e-01 -7.0670242900e-01 3.0249786702e-01
8.6393962317e-02 -1.0952705922e-01 3.3972628743e-02
-5.4794770903e-02 -9.0452981815e-02 2.1375767712e-02
-2.9946605407e-02 -1.2049352543e-01 2.2232272583e-02
-2.7202556711e-02 -1.0741012830e-01 2.0602604317e-02
-4.3346492971e-02 -5.9425386577e-02 -4.4036419731e-02
-7.8792496851e-02 -7.4238142901e-02 -5.1184708293e-02
-2.0938857204e-01 1.4361475297e-01 7.0252291533e-02
-4.3336724083e-01 6.2493593311e-01 3.4353371347e-01
-1.7605706391e-01 8.1190649682e-01 4.5245676297e-01
5.2831637844e-01 5.3702806736e-01 3.4994300247e-01
7.6185747531e-01 7.9778617437e-02 4.0644696296e-02
6.8704200698e-01 -3.1395367464e-01 -1.5343762465e-01
7.8917609342e-01 -4.8693285638e-01 -1.7247135533e-01
7.2812213140e-01 -5.3089812274e-01 -1.2413628069e-02
7.8125525263e-01 -1.6061118210e-01 2.7521577703e-01
5.5274125962e-01 1.2795906531e-01 -6.5342505857e-02
-2.0648355116e-02 -1.0065277380e-01 4.8425213854e-03
-4.7784758157e-02 -1.2207902641e-01 3.9053308941e-02
-3.8385424837e-02 -1.0156578805e-01 1.9931662144e-02
-3.4331873958e-02 -6.3374673841e-02 -2.6713920542e-02
-5.8582931494e-02 -8.7671660168e-02 -7.1833266943e-02
-1.1897895813e-01 -3.3778701812e-02 -5.9289697941e-02
-1.2459274684e-01 2.7595715293e-01 2.2215136644e-01
4.5668324115e-01 1.2448884302e+00 1.1490686674e+00
1.1753973774e+00 1.4974044813e+00 1.2484484900e+00
1.2286407375e+00 1.7046296829e-01 1.2623587966e-01
8.4926599708e-01 -7.3842273893e-01 -3.0420328106e-01
1.0874810313e+00 -3.1249673786e-01 -3.2266362002e-01
1.5994935219e+00 5.7329220115e-01 -8.8605082059e-01
1.9599179011e+00 1.6815348106e+00 -7.6414934515e-01
1.8191797445e+00 1.7053861823e+00 -1.0199818610e+00
1.4868017900e-01 1.8565121403e-02 -2.5562949319e-01
-1.5491015456e-02 -1.5264636157e-01 2.2952770449e-02
-1.6814691087e-02 -1.1306547593e-01 2.4604599636e-02
3.3842611256e-03 -5.9165508846e-02 1.6282571387e-02
1.4486965236e-02 -7.6449957963e-02 2.0509909164e-02
5.1059425355e-03 -6.4448128377e-02 2.0567581020e-02
-1.2466107259e-01 1.6667741386e-01 2.2990618043e-01
-5.4280224257e-01 1.1502883332e+00 1.1004834545e+00
-9.3885144740e-01 1.6113672486e+00 1.5101499789e+00
-5.6472999810e-01 8.2738692163e-01 7.4314306724e-01
-2.0144033562e-01 -2.4168884738e-01 8.2978707422e-04
-1.5918165896e-01 1.7977594672e-01 -2.2527173341e-01
-1.5824412489e-02 9.5413049094e-01 -1.0742893145e+00
-1.4210920045e-01 1.1480291032e+00 -9.4516225816e-01
6.2219198657e-01 1.9271137376e+00 -6.2843715304e-01
2.2269648809e-02 -3.0875591646e-02 -1.4061823735e-01
-2.0737840856e-03 -1.6610926408e-01 1.5190888690e-02
-4.1238393606e-03 -1.0501102421e-01 3.6420189969e-03
1.4767759687e-02 -6.3854376042e-02 3.6322879557e-02
2.3510327518e-02 -7.7685673660e-02 2.6303962624e-02
2.5645986981e-02 -7.5695710926e-02 2.7236700708e-02
-6.5874153915e-02 -3.9949521792e-02 3.1162330567e-02
-4.8127670701e-01 1.8364543428e-01 3.0113062446e-01
-1.5031691201e+00 4.7844526071e-01 9.3263024530e-01
-1.9694249538e+00 1.1900115266e+00 1.1863848962e+00
-1.4471317365e+00 9.3000583323e-01 5.1536011845e-01
-1.1140387960e+00 1.0318436648e+00 -4.5347046701e-02
-9.4765874335e-01 2.3736630564e-01 -5.0896191350e-01
-8.1747820567e-01 2.8178543126e-01 -4.5735911889e-01
-2.5578105910e-01 1.3473592666e+00 -3.5239505373e-01
-4.1563318925e-02 -8.0451717227e-02 -1.0673997670e-01
2.9108333902e-02 -1.5557085095e-01 -1.8103366088e-02
-1.6160959517e-04 -1.1105008859e-01 -9.5816700487e-03
1.6852874755e-02 -6.8013025493e-02 3.4420889896e-02
2.0130889425e-02 -8.5748429366e-02 2.9773597828e-02
1.5829155986e-02 -8.3642516744e-02 2.7620634706e-02
-8.8809614958e-03 -8.8491231541e-02 -8.0122703163e-03
-7.9272380074e-02 -5.6782528545e-02 2.6371425100e-02
-3.6925997245e-01 2.8035604871e-03 1.8850935444e-01
-1.0964359212e+00 5.0746987063e-02 4.4230821650e-01
-1.6909159279e+00 2.2953280358e-01 4.4299918963e-01
-1.6253248115e+00 8.5222161947e-01 3.1457576122e-01
-1.0549037303e+00 6.5098874067e-01 6.3526459206e-03
-4.3435359036e-01 5.4575399604e-01 -3.2298121965e-01
-2.7103581127e-01 9.3748305925e-01 -3.3494285721e-01
5.0665869694e-04 -1.1862176940e-01 -1.1068426750e-01
3.2771468833e-02 -1.5729390449e-01 -1.2494709357e-02
-3.7676041841e-03 -1.0710979966e-01 3.0452952337e-03
1.2639150383e-02 -5.7944243473e-02 2.4160594607e-02
1.1033246412e-02 -7.4840093842e-02 2.8464148435e-03
1.0548134407e-02 -8.4379791428e-02 -1.2717427988e-02
-1.5663234330e-02 -8.3667048055e-02 -4.0693569843e-02
-1.6987501410e-02 -7.2611244922e-02 -3.0104022262e-02
-4.4097810751e-02 -6.1057358391e-02 -2.0712368486e-03
-1.8890691276e-01 1.3556376781e-02 9.8297515429e-02
-5.5060307502e-01 4.9764159651e-02 2.5741652704e-01
-9.4995506812e-01 4.5383961437e-01 4.6755506492e-01
-7.6040541090e-01 5.5960761185e-01 4.4513325064e-01
-4.5623065633e-01 6.2271445419e-01 -1.9581789331e-01
-4.3929428524e-01 9.6940159775e-01 -2.1690489026e-01
-2.5944551913e-02 -6.7531983550e-02 -6.5004338165e-02
2.5880170833e-02 -1.4248361184e-01 -1.8167385376e-02
-1.3852412663e-02 -8.1267697026e-02 2.6350418042e-03
-3.2381176003e-03 -6.5036775552e-02 -8.3480760250e-03
3.2227666977e-03 -8.1391489403e-02 -1.6199669439e-02
4.6581046121e-03 -8.8313143786e-02 -3.1513936792e-02
-7.7465600402e-03 -9.1339580531e-02 -4.5539300998e-02
-1.3519465203e-03 -8.4380056542e-02 -3.3562824559e-02
-1.5271889869e-02 -7.7427743847e-02 -3.7698250850e-02
-3.4497939440e-03 -6.7931124924e-02 -4.3901636599e-02
-4.9315968248e-02 -4.6478383649e-02 -4.7478191333e-03
-1.8664268293e-01 1.2244404621e-01 1.9396521388e-01
-2.7514641919e-01 3.7530354871e-01 3.9206095550e-01
-3.9448830916e-01 7.1405961816e-01 7.7394403494e-03
-4.3914043942e-01 8.1321439569e-01 -2.2429784729e-01
-2.3182192740e-02 -2.4770964071e-02 -4.3723114532e-02
3.8115452428e-02 -1.2092885212e-01 3.6701211954e-03
-3.5960671727e-03 -7.7652169907e-02 1.5708654030e-02
1.0456932137e-03 -6.9345070714e-02 -1.0345927617e-02
3.1849143769e-03 -8.4949338944e-02 -2.7666302963e-02
1.2304044860e-02 -8.8904686646e-02 -2.7141508627e-02
-2.1484658390e-03 -9.8854707197e-02 -4.7301606378e-02
-7.9303048521e-03 -1.0526722364e-01 -4.4577034538e-02
-1.4079181526e-02 -9.6551015022e-02 -5.8712386785e-02
4.6818859927e-03 -9.1035030271e-02 -7.1110233788e-02
2.7255670702e-02 -7.6121302637e-02 -4.2236576931e-02
-2.4560170281e-02 -1.0217326357e-02 1.9972817622e-02
-1.1910842220e-01 1.4491533254e-01 8.0954154219e-02
-1.6520827466e-01 1.9593047603e-01 -1.0580980551e-02
-1.4560696069e-01 1.6130746510e-01 -7.8482459822e-02
-7.5003121533e-03 -6.6307243787e-02 1.7161315641e-02
2.3784715451e-02 -9.9506255504e-02 1.5893347688e-02
-8.7965024254e-03 -6.8116017622e-02 1.3633654393e-02
-4.5389538980e-03 -8.3193257865e-02 -2.0919676380e-02
1.4724015516e-03 -9.4245172825e-02 -4.0791887223e-02
3.9486992148e-03 -9.9959268264e-02 -3.0769391881e-02
-1.3752127057e-03 -1.1042829601e-01 -4.6767672299e-02
-1.7673949133e-02 -1.2213097450e-01 -4.5662307752e-02
-2.1092790635e-02 -1.2685594736e-01 -7.2821962478e-02
6.9571974043e-04 -1.1785917910e-01 -6.6392428967e-02
2.6664239804e-02 -1.1873287357e-01 -5.5616362048e-02
2.3617082182e-02 -9.5795576692e-02 -2.0549481368e-02
5.7639694607e-03 -6.9997924306e-02 -2.2756794621e-02
6.2231349101e-03 -7.1360580232e-02 -1.6056230017e-02
3.7758326174e-02 -9.6690252253e-02 4.4307387790e-02
2.3660669252e-02 -1.1456294394e-01 7.0406341386e-02
2.5774802209e-02 -1.0712427422e-01 3.4525385615e-02
-4.0399089034e-04 -9.2567977700e-02 3.2051187633e-02
-3.0895423851e-02 -2.2975260781e-02 3.2906929418e-02
-2.9348818908e-02 -4.5934713984e-02 -5.8071409848e-03
-9.0267740257e-02 -5.0600222087e-02 -1.6885766023e-02
-2.1206444175e-01 -7.0940250060e-02 -1.4485315961e-01
-7.3080235120e-02 -1.1415254382e-01 -7.5361080215e-02
2.1058474951e-01 -4.2030479167e-02 3.5728632337e-02
6.1033480197e-01 1.7957552432e-01 1.8034887002e-01
8.0985432183e-01 3.7071794428e-01 1.0275085588e-01
1.0138331460e+00 5.1138228271e-01 3.2685741200e-03
1.0247104151e+00 5.2585549140e-01 -3.6254175388e-01
4.3452364275e-01 1.5727354665e-01 -4.7179973384e-01
-1.4002106237e-01 -1.9341180536e-01 -2.0136447203e-02
-1.6633102022e-01 -1.5883762575e-01 1.0138601989e-01
-5.0845279528e-02 -1.0064775481e-01 5.2929763035e-02
-5.5797076643e-02 -8.8071215874e-02 2.1211936274e-02
-1.2014112975e-02 -1.3858366565e-02 3.2367317317e-02
-1.6675904104e-02 -5.1925186186e-02 -1.4031306279e-02
-6.6354646853e-02 -5.1669830155e-02 -1.8999743376e-02
-8.9987878822e-02 -1.3864474440e-02 -9.7959350594e-02
3.4595196507e-01 1.8958152314e-01 2.3404768515e-01
8.6735611926e-01 4.9022596517e-01 4.2333668635e-01
9.8845778579e-01 5.6851855094e-01 4.0757381138e-01
7.6502739255e-01 3.8479522183e-01 9.1233669544e-02
5.0448436639e-01 2.6743030871e-01 -1.3547071183e-02
5.5098574366e-01 3.8392023509e-01 -3.5678808987e-01
5.4918246487e-01 3.9904501949e-01 -7.4187979078e-01
-5.2690859187e-02 -1.0544907570e-01 -2.7869212144e-01
-1.4593264843e-01 -1.8205778184e-01 7.3101826266e-02
-5.8759308145e-02 -1.3068710880e-01 2.9715755321e-02
-4.5690415613e-02 -1.2258394344e-01 1.7251460177e-02
-3.2109818740e-02 -1.2079123017e-02 2.9959547805e-02
-4.6064760413e-02 -5.8720578284e-02 -2.9407920584e-02
-3.9247876485e-02 2.1061234996e-03 8.7124871472e-02
3.0270651616e-01 3.0791353148e-01 3.4512668722e-01
8.7155261009e-01 6.6060187429e-01 7.1194935585e-01
6.3713224328e-01 5.1749894554e-01 4.2792835911e-01
3.2498400170e-01 3.2306390358e-01 1.2509893847e-01
4.4221003507e-02 6.3328353782e-02 -1.6436638539e-01
-2.5655828609e-01 -2.7223427422e-01 -8.3729150525e-02
-2.4099770314e-01 -2.4352028925e-01 -1.5773782208e-02
4.2751137685e-02 1.2766017170e-01 -3.1308306484e-01
-2.7675839408e-02 -2.9272257220e-02 -2.3922852312e-01
-1.1389452242e-01 -1.4287006366e-01 1.2467457257e-02
-6.1494488814e-02 -1.0991936013e-01 7.7724922746e-03
-5.3641094389e-02 -1.0354134050e-01 2.5168245860e-04
-4.9108465963e-02 -1.4904237059e-04 1.5191238260e-02
-2.3985018597e-02 -2.0780842150e-02 -3.3347981530e-02
1.4055017947e-01 2.6280830867e-01 3.1737839534e-01
5.4363519082e-01 7.0814385352e-01 6.4074836009e-01
5.0460739307e-01 5.9533549180e-01 4.7620162763e-01
1.9578296773e-01 3.0127244872e-01 1.2536505696e-01
1.3742940727e-01 3.1588010285e-01 -4.3495332126e-02
-3.1854248565e-02 8.9344342639e-02 -1.5174427319e-01
-4.0979458170e-01 -5.5324648962e-01 3.3449315156e-02
-4.8267429602e-01 -8.8881378174e-01 2.5147031374e-01
-2.5627434264e-01 -4.3903542232e-01 2.0244057612e-01
-1.9004577287e-01 -2.9489844091e-01 7.1571397142e-02
-1.1113946249e-01 -1.3027099380e-01 1.7227298809e-02
-3.5555713834e-02 -8.2640683149e-02 -1.6814174493e-02
-3.8379604293e-02 -8.2773585033e-02 -1.4220009800e-02
-5.1843755219e-02 -1.2238689376e-02 6.7276991931e-03
6.7694743836e-02 1.1592165150e-01 1.7646662850e-01
3.5532001206e-01 6.1288669466e-01 7.5235891233e-01
4.0271891846e-01 6.8201985143e-01 6.4874694684e-01
2.6122357123e-01 4.4803299503e-01 3.4421052395e-01
6.4721304554e-02 2.8606977256e-01 5.2856780986e-02
1.6739713392e-02 1.2407836469e-01 -7.0411856643e-02
-6.0099624948e-02 -2.1033338277e-01 -6.2389493018e-02
-1.9865750753e-01 -8.5269874261e-01 1.4371751820e-01
-3.1413261011e-01 -1.3993869916e+00 4.6333602844e-01
-2.7038072346e-01 -1.3150508586e+00 6.3750324240e-01
-1.8593329663e-01 -8.6044497791e-01 1.5034685048e-01
-7.9581891154e-02 -2.0319920983e-01 -3.5839791209e-02
-2.4889200888e-02 -7.3409890203e-02 -7.9863258695e-03
-2.5756474147e-02 -7.3231024305e-02 -8.2597752668e-03
-5.5662315028e-02 -1.7226599165e-02 1.2781527758e-02
6.0508622831e-02 2.5617791262e-01 2.9962322673e-01
1.0021751149e-01 6.2091322252e-01 6.4670719488e-01
5.3171685086e-03 4.1934689575e-01 3.0642263594e-01
-6.3015621704e-02 2.1118968538e-01 1.0034826658e-01
-8.9110874001e-02 1.8990653845e-01 -4.0358045970e-02
-2.9832879129e-02 -2.2790611107e-02 -8.6594506850e-02
8.6532936560e-03 -4.6595176339e-01 -2.1615880269e-02
1.4258468210e-03 -1.2608949978e+00 1.6712984240e-01
-9.3499692303e-02 -1.7683961127e+00 4.8060922634e-01
-8.5381661362e-02 -1.7492210961e+00 7.2936656492e-01
-3.1523861016e-02 -9.7128093784e-01 -1.1397571459e-01
-7.5942293873e-02 -1.7171580031e-01 -1.3830414992e-01
-3.9000278931e-02 -6.0122278328e-02 -1.7965506317e-02
-3.2188600409e-02 -6.7795621246e-02 -1.2754821958e-02
-6.6559613958e-02 -3.1658684305e-02 -3.3070723551e-03
-7.8874648448e-02 1.9557631912e-01 1.5310323720e-01
-1.9436847764e-01 4.9012636755e-01 4.4467903417e-01
-2.1257126030e-01 2.1601129196e-01 9.8118383961e-02
-1.7339696648e-01 -1.4252786217e-01 -6.5772264721e-02
-1.9251738634e-01 -1.5021714028e-01 -1.2970666903e-01
-2.3948149512e-01 2.5715926132e-02 -3.1141390373e-02
-1.4148165679e-01 -2.6310698496e-01 -1.8767802747e-02
6.9844819528e-02 -1.1889239184e+00 9.3710423690e-02
1.5731785721e-01 -1.5127212735e+00 3.8047658475e-01
2.9938698749e-01 -1.3214922630e+00 8.6039276577e-01
2.6773800154e-01 -6.3858153479e-01 2.3004026669e-01
-3.6811719847e-02 -1.2483756741e-01 4.8984361514e-03
-2.7240072067e-02 -8.8384719703e-02 1.8936538558e-02
-2.2235789327e-02 -9.7158120916e-02 1.7098459132e-02
-7.0427031667e-02 -5.8777083331e-02 -4.2741424412e-02
-1.5644529392e-01 9.4117419009e-02 3.0354062172e-02
-4.3622728145e-01 5.6164541662e-01 3.6987342890e-01
-3.5862132355e-01 4.2956946263e-01 2.3605559988e-01
1.0976562095e-01 2.1537796679e-02 5.4958071947e-02
2.4261507796e-01 -2.1293405841e-01 -6.8562332984e-02
-3.3669416457e-01 1.2073825591e-01 8.4214967348e-03
-6.5768219443e-01 2.5357365549e-01 3.9549814356e-02
-9.1749106096e-03 -4.6829229786e-01 3.6610296859e-02
1.9906446657e-01 -6.8003811281e-01 1.0693516289e-01
6.5712472642e-01 -3.5201482517e-01 3.9844918990e-01
7.5698416817e-01 -2.2140090946e-01 5.7711514895e-02
-9.3571478133e-03 -1.0725277887e-01 1.7122723341e-02
-5.5294298865e-02 -8.9863914376e-02 4.0684422861e-02
-3.6054103435e-02 -8.1493912934e-02 2.2244517251e-02
-4.4569637956e-02 -5.7321487051e-02 -1.8474382798e-02
-1.1947390294e-01 1.2837030687e-02 -4.4667436389e-02
-3.5021395266e-01 3.0420755994e-01 1.4826860657e-01
1.2270691541e-01 5.9521317883e-01 5.7247392770e-01
1.2458807149e+00 7.6328724868e-01 8.8234716782e-01
1.3715635987e+00 -3.1970849643e-01 -1.9189459461e-02
6.8674185218e-01 -9.9716776212e-01 -5.2486014017e-01
-1.0113286254e-01 -5.3702158283e-01 -2.1120419272e-01
6.2337012616e-02 -4.5348948307e-01 2.6310197456e-02
4.7921372718e-01 -2.2863734707e-01 -4.4398847532e-01
1.1089138370e+00 3.8838092586e-01 -6.5147256717e-01
1.7568195800e+00 4.1092032930e-01 -5.5442409414e-01
2.4050902992e-01 -1.2257193008e-01 -1.7777497873e-01
-3.5160053979e-02 -1.1771708936e-01 1.8832066705e-02
-1.7031015499e-02 -9.9081811869e-02 2.6528829897e-02
-2.8603363306e-03 -6.1276830190e-02 1.8678506451e-02
1.5971070536e-02 -5.8662021719e-02 5.6821039628e-03
-6.9864797712e-02 1.9203349996e-02 7.8570169452e-02
-1.1676513800e-01 4.7338231701e-01 6.3369258148e-01
-2.1015282102e-01 1.0880934969e+00 1.0215333872e+00
-3.2158945367e-01 4.8035933209e-01 4.9703212977e-01
2.6453295467e-02 -3.8479674430e-01 -7.4676364596e-02
1.4413792750e-01 -4.7210248442e-01 -1.9150236993e-01
-8.8678563034e-02 -2.8382583214e-01 3.9512689836e-03
2.7367194343e-02 1.2741270967e-01 -7.2584964343e-01
-1.5766737828e-01 -2.3373037014e-02 -4.6687307486e-01
6.4409789206e-01 4.9488631579e-01 3.5317587880e-01
1.0026829554e-01 -1.6702060241e-01 1.4034608439e-01
-1.5548534534e-02 -1.1146407438e-01 3.0684789912e-03
-1.0442088129e-02 -7.4854712868e-02 4.3386355147e-03
1.2685404039e-02 -6.3836811673e-02 3.0595875819e-02
4.4003644793e-02 -7.6154901917e-02 -8.5636777647e-03
-9.3927520618e-04 -7.6268686244e-02 -4.9219347467e-03
-2.8596831054e-01 -4.1915087069e-02 4.4964412421e-02
-8.9486212430e-01 -4.5273449043e-02 2.2825498224e-01
-1.2453138344e+00 1.1948415440e-02 6.3323342660e-01
-1.2406592428e+00 3.4036311170e-01 6.7082693015e-01
-6.1117465128e-01 4.9660943842e-02 1.4048136417e-01
-2.6614136292e-01 -6.9215609068e-02 -1.6449709984e-02
-2.0142420563e-01 -1.6956961489e-01 -3.1422725957e-01
-3.0601113864e-01 -2.0903869931e-01 -1.6477397080e-02
-1.2023358668e-01 4.5979303354e-01 3.5854762624e-01
-4.5100073785e-02 -1.4280174015e-01 5.6862255577e-02
1.3385028943e-02 -1.1843556960e-01 -4.2157288254e-02
-5.0702865152e-03 -8.4919441900e-02 -1.0055898697e-02
2.1900536999e-03 -6.4802586664e-02 2.8388820560e-02
2.4830925644e-02 -8.1359369432e-02 2.2871886255e-03
1.8007982471e-02 -7.8778202593e-02 1.7979235290e-02
-4.2682505852e-02 -9.4916170872e-02 -5.3752989346e-02
-1.3933776448e-01 -2.0611121851e-01 -1.8500444424e-02
-3.5661166901e-01 -4.8197093499e-01 6.4083351445e-03
-8.8490377334e-01 -6.4969039851e-01 1.0519119978e-01
-1.0321432773e+00 -5.1551165170e-01 1.7188925511e-01
-7.7994989124e-01 9.6012060559e-04 1.7953344208e-01
-4.6441058592e-01 8.8308832113e-02 6.2109779074e-02
-4.8736543259e-02 -2.6272955323e-01 -6.1867931416e-02
-4.8809943098e-02 1.3674065325e-01 -1.9285590334e-02
3.3782048803e-02 -2.0472815938e-01 -5.1995695888e-02
2.5635935374e-02 -1.1868795792e-01 -1.6056860799e-02
-7.0809943087e-03 -8.2860764164e-02 8.7208560967e-03
-1.3966763234e-02 -5.4943380905e-02 2.6786955321e-02
-7.4632115202e-03 -6.8662106809e-02 -1.6755730297e-02
-2.1320606688e-02 -7.3331069695e-02 -1.7874297070e-02
-4.2029930531e-02 -4.8231611867e-02 -2.9407280009e-02
-5.7366810246e-02 -2.2839386783e-02 1.3333071783e-02
-1.4078386630e-01 2.4230633519e-02 5.1654567091e-03
-3.6238855586e-01 4.7141481723e-02 1.7642673070e-01
-6.1428775900e-01 -4.1001511631e-01 3.2027000051e-01
-6.4006833382e-01 -6.5942957968e-02 3.7830092600e-01
-4.9265072713e-01 3.8653210263e-01 4.6718310150e-01
2.0252799794e-02 -7.7309872109e-02 -3.5759762410e-03
-1.1380732915e-01 3.9841052632e-01 1.2136402691e-01
6.0374396860e-02 -1.1746321922e-01 1.5331431838e-02
2.0448379372e-02 -1.0608153314e-01 -3.2714922266e-02
-2.0392423652e-02 -5.4884109911e-02 2.7243806021e-03
-2.0163805480e-02 -5.6923868130e-02 -1.4283495470e-03
-1.0137403618e-02 -6.8746531939e-02 -3.5212655617e-02
-2.7741661462e-02 -6.7905958579e-02 -2.2137710167e-02
-3.3121857344e-02 -5.3500671667e-02 -3.0745866745e-02
-2.0541921412e-02 -3.5390048446e-02 1.0789343383e-02
-2.6195644916e-02 -1.7899008512e-02 -2.4728673086e-02
-2.6998486104e-02 -1.1275233403e-02 2.5430455950e-03
-8.3339107527e-02 -8.2489873607e-02 1.3720936772e-01
-2.7675693999e-03 -9.0933814475e-03 6.2570170841e-01
-4.7497398742e-01 9.5609369333e-01 8.0634975593e-01
-1.8836364591e-01 6.9764883577e-01 1.6993582682e-01
-6.2730751356e-01 1.2598267635e+00 -5.8976902332e-02
-8.1572681275e-02 2.0936144205e-01 -6.0943411418e-02
6.0366156386e-02 -9.6323809945e-02 -1.1860220141e-02
-8.9488374925e-03 -5.6641204544e-02 1.7906717961e-02
-2.2041242373e-02 -6.4416120738e-02 -1.8026613216e-02
-8.5862560661e-03 -8.1840518259e-02 -5.7200251017e-02
-2.3612523035e-02 -7.7390223250e-02 -5.2450157711e-02
-2.8337093311e-02 -8.3936280005e-02 -8.1079575743e-02
-2.2920000579e-02 -7.3689038598e-02 -5.9338759083e-02
-2.6474366999e-02 -4.8607858347e-02 -7.4761197205e-02
-7.9794922956e-03 -3.7652510984e-02 -6.2400744838e-02
-3.7083765626e-02 1.4226396460e-02 4.1479195391e-02
-1.6438861405e-01 3.4382675971e-01 4.1411595142e-01
-6.3322999926e-01 1.0975541254e+00 5.7305831759e-01
-5.2075027194e-01 9.1794104646e-01 2.0207452863e-01
-8.2529236967e-01 1.0000814671e+00 -3.2642105164e-01
-2.5782941675e-01 2.3650351918e-01 -2.1033219872e-01
2.2407767317e-02 -5.7743704418e-02 -7.7366672492e-03
-1.4365873147e-02 -4.5973469058e-02 1.2793341069e-02
-2.4321645688e-02 -8.7686567078e-02 -3.9460204101e-02
-4.7776915702e-03 -1.0427212471e-01 -8.6967868785e-02
-1.4866308425e-02 -1.0476481830e-01 -5.1976737455e-02
-2.0146440517e-02 -1.0767424406e-01 -8.1095200949e-02
-2.2417387006e-02 -1.1279067084e-01 -7.1080477299e-02
-2.0722955068e-02 -1.0585368322e-01 -1.0699406295e-01
2.9185051195e-03 -1.0178371516e-01 -8.8933976317e-02
-4.2414443466e-03 -7.2024191637e-02 -5.7290959991e-02
-9.0692401335e-02 6.7544986720e-02 7.5914493828e-02
-2.7972107145e-01 3.1647591325e-01 7.1379646973e-02
-2.5829858752e-01 2.5951904430e-01 -4.6671600437e-03
-1.8108199718e-01 1.3199044510e-01 -4.8317739358e-02
-3.5402818138e-02 -3.7075722423e-02 2.1476228659e-02
3.4550601073e-02 -8.1354272699e-02 3.3233344516e-02
4.1484519463e-03 -8.1902170077e-02 3.3087824751e-02
-1.4478841146e-02 -7.2221452301e-03 1.3797072000e-02
-2.1404776390e-02 -3.8641401704e-02 -8.5216845844e-03
-6.6670403485e-02 -4.3270396503e-02 -1.6804085328e-02
-1.6237046738e-01 -6.7275203095e-02 -7.8313572304e-02
6.3997394698e-02 -5.3497542808e-02 7.0419088879e-02
6.8071050185e-01 1.3582484832e-01 3.3814092416e-01
1.2831420368e+00 4.1072885103e-01 5.0103792814e-01
1.3423311260e+00 5.4658186050e-01 3.9544566501e-01
1.6594188169e+00 6.8060912894e-01 1.3718635812e-01
1.9370033144e+00 7.6080328279e-01 -5.3250176771e-01
1.1138762884e+00 4.4365438587e-01 -8.2384732725e-01
-1.5452501877e-02 -5.5024146565e-02 -1.0690284659e-01
-1.8899783996e-01 -1.2099273181e-01 5.1504645026e-02
-8.4126847912e-02 -7.5345678338e-02 3.2086782588e-02
-7.6334410598e-02 -6.1608845743e-02 -8.5080564509e-03
-1.0869983996e-02 4.1029720938e-04 1.4454975586e-02
-1.8255051516e-02 -4.9839662042e-02 -9.3666854282e-03
-4.7495445366e-02 -6.9090528090e-02 1.5079493478e-02
9.0374193076e-02 -7.5633765659e-03 1.3204530567e-01
6.4994863716e-01 1.8937908380e-01 5.5184884859e-01
8.9142661884e-01 3.4466477138e-01 5.9947967594e-01
6.9934912384e-01 2.6983617064e-01 3.1394202526e-01
3.4948125956e-01 1.0511431354e-01 4.6627299292e-02
-5.9322858677e-02 -3.7923195639e-02 1.5522313821e-04
1.1026411414e-01 5.1883084201e-02 -1.3094495732e-01
4.6144757621e-01 2.8922531957e-01 -4.2938745130e-01
1.5928437360e-01 8.6258739982e-02 -1.9229050704e-01
-9.7858125258e-02 -1.0562592232e-01 -1.3948603903e-02
-5.5078382913e-02 -8.6817908275e-02 -2.6922597964e-03
-5.0311461006e-02 -7.5549139532e-02 -8.7218757110e-03
-2.7819775758e-02 1.5681293247e-02 1.1224454067e-02
-2.9068343390e-02 -4.1696999791e-02 -3.3842598166e-03
9.9043404017e-02 2.6655772904e-02 2.1884750326e-01
5.3561248623e-01 2.4292850727e-01 5.9355290390e-01
6.3538374926e-01 2.6536937258e-01 5.9776695186e-01
2.7977981868e-01 1.3084023075e-01 2.1671376462e-01
1.4984678680e-01 8.4786984712e-02 6.8013011535e-03
1.8790729638e-01 1.1784343880e-01 -4.7395874995e-02
-6.3128616937e-02 -6.5260390306e-02 -1.3168617801e-02
-8.1388969206e-02 -5.8041499849e-02 1.6154588846e-01
2.1537728024e-01 1.7974954589e-01 2.5072674028e-01
9.5805138201e-02 5.2249151256e-02 1.4592812447e-01
-1.0277121917e-01 -9.1886106574e-02 1.1088794776e-04
-4.5640919222e-02 -6.7396770085e-02 -2.1975245780e-02
-6.0453448423e-02 -5.8119889434e-02 -2.5837639836e-02
-6.1730928027e-02 4.8310883974e-02 4.3916065191e-02
3.0403741564e-02 5.7674734635e-02 1.5461111867e-01
3.7119135820e-01 2.7454463968e-01 6.4069940459e-01
3.7340860263e-01 2.6774925978e-01 4.9633408245e-01
1.3689773296e-01 8.6439429119e-02 1.9330686577e-01
8.2949283835e-02 3.9821427998e-02 6.8631355370e-02
7.6944611737e-02 6.5858623119e-02 5.5879080485e-03
6.5014876209e-02 4.9278002722e-02 -9.3377529641e-04
-1.2971113714e-01 -1.7240473389e-01 3.7137470089e-02
-2.3274550128e-01 -3.8925373639e-01 2.7589223952e-01
-2.6905349646e-01 -4.7820560475e-01 6.4933625447e-01
-2.6822759876e-01 -4.5238279480e-01 4.2923541487e-01
-1.2539515493e-01 -1.4856798994e-01 1.4461785827e-02
-2.4138112659e-02 -6.6193482877e-02 -3.8434394535e-02
-4.3344259217e-02 -5.4999276172e-02 -3.9790963107e-02
-2.8055277122e-02 5.4337320417e-02 1.0991160774e-01
2.6666868363e-01 2.2453312959e-01 5.2942342902e-01
3.5870246637e-01 3.3675696647e-01 7.2491492744e-01
1.3878249832e-01 1.4259697567e-01 3.0234933609e-01
9.1926883233e-02 5.1838446614e-02 1.5976848736e-01
4.6404888659e-02 -7.1800276640e-03 4.7241794053e-02
2.6696293931e-02 -8.5301182984e-02 2.3307462681e-03
5.1346573712e-03 -1.0614850509e-01 2.4741045841e-02
-5.4551660435e-02 -2.3367106385e-01 6.0421889639e-02
-1.5705612086e-01 -5.9805618661e-01 3.0242272743e-01
-2.7513475667e-01 -1.1525016843e+00 6.0017120664e-01
-2.1906682771e-01 -8.9931114920e-01 1.1609345375e-01
-8.5711732833e-02 -1.9654704084e-01 -5.9475857779e-02
-2.7845520131e-02 -6.3450777243e-02 -2.0581979118e-02
-4.1436056818e-02 -5.3329821836e-02 -2.8061225362e-02
2.1195516312e-02 9.8319648742e-02 2.9024594505e-01
2.5330788402e-01 3.7469965416e-01 7.0776536230e-01
5.6985256514e-02 2.7597944405e-01 4.5010886230e-01
-4.5493088624e-02 1.0058680994e-01 1.5362081559e-01
4.8209902072e-03 -4.7223104223e-02 8.5453506901e-02
1.6035547284e-02 -9.1632799152e-02 -1.6663574421e-02
3.0786423829e-02 -1.4785754720e-01 -4.2874123961e-02
5.2583086246e-02 -1.4439368513e-01 1.4616327120e-02
5.4866282791e-02 -2.7383002667e-01 6.7297778374e-02
-9.1190689077e-03 -6.0261657247e-01 2.6761163051e-01
1.8889802630e-02 -1.3863382845e+00 6.1486664891e-01
6.2395211909e-02 -9.9634931953e-01 -6.4300953308e-02
-4.8075355361e-02 -1.5912221608e-01 -1.2511596753e-01
-4.0706280224e-02 -5.2024126091e-02 -3.0730536446e-02
-4.9766264575e-02 -5.4547192119e-02 -2.9848990210e-02
1.2286148248e-02 1.3469069451e-01 3.1487100030e-01
5.2249210813e-02 3.2995008233e-01 4.3316355924e-01
-7.8953358055e-02 2.5857414545e-01 2.8442218704e-01
-8.0472186896e-02 -1.7630878667e-02 -8.3620796255e-03
-4.9621473006e-02 -2.1518052353e-01 -5.7308821653e-02
-6.0215237655e-02 -1.4948752580e-01 -5.4570105089e-02
-7.0458486258e-02 -3.9683702259e-02 -7.9499598351e-03
-4.2607521123e-02 -4.3172197041e-02 -2.0051797848e-02
4.8104597373e-02 -2.2867831978e-01 4.5148755399e-03
7.1996465654e-02 -4.5645740002e-01 2.2454404508e-01
2.2570101294e-01 -9.7672000861e-01 9.0910162080e-01
2.4729338816e-01 -7.0002511262e-01 4.6935083071e-01
-8.1120063512e-02 -7.0910869600e-02 -2.0807830487e-02
-2.7038504555e-02 -1.7760681702e-02 -2.4255410246e-02
-3.6176779921e-02 -7.3541063514e-02 4.4349705917e-03
-7.2168550819e-02 5.7797484084e-02 9.4074353134e-02
-9.6183009992e-02 2.4624014511e-01 1.1054915070e-01
-1.6132427674e-01 3.0999124649e-01 1.4772239857e-01
-1.2068894129e-01 4.8980301660e-02 -5.3889488741e-02
-2.7103876697e-01 5.4326632188e-02 -9.9054303826e-02
-2.4003575293e-01 6.9522709417e-02 -6.0336615741e-02
-1.9815072062e-01 1.8633347377e-01 8.0378033858e-02
-6.1319393649e-01 2.9249556188e-01 9.3733755026e-02
-3.4703498155e-01 -7.1879906011e-03 1.9929019524e-02
-1.1980692020e-01 -1.2106604528e-01 8.2901044267e-02
5.7346103555e-02 -3.3155088403e-01 5.4848797493e-01
5.2581030100e-01 -1.3984939789e-01 1.3868358350e-01
-9.8518148372e-02 1.6902662031e-01 -2.3742672031e-01
-9.0055653149e-02 5.7568673851e-03 -2.9052613266e-02
-4.6298951122e-02 -6.0880826014e-02 1.0793724994e-02
-1.6443678266e-01 7.8105832552e-02 1.0560496102e-01
-4.6556460910e-01 3.2122557057e-01 1.8619629390e-01
-4.2027109863e-01 3.6716085894e-01 1.6785303752e-01
3.4623397065e-01 2.8296732302e-01 2.2466139402e-01
8.4858180849e-01 -2.1609768420e-02 -6.0686418508e-03
7.5905511344e-01 -3.0148036859e-01 -2.3591343575e-01
6.6400232940e-01 -1.6657867489e-01 -4.0352312171e-02
-1.5500556263e-01 8.5486726587e-02 2.7094455577e-02
-3.5701464038e-01 3.2857679967e-02 -2.8184178218e-02
-1.1006521431e-01 -4.0484115547e-02 -1.9550269642e-01
-3.4776576974e-01 -3.3497069347e-01 -2.6308333229e-01
7.5908008981e-01 -1.5432243268e-01 -3.0970681707e-01
2.7028890469e-01 1.2155978610e-01 -3.8514976526e-01
-3.1676259569e-02 -4.1514499336e-02 -2.9553075648e-02
-2.0760417720e-02 -7.5166364926e-02 1.6815566094e-02
-7.6697089835e-02 -1.0711630660e-02 4.0662144295e-02
-4.0127244284e-01 8.8519460585e-02 7.5580568773e-02
-6.1858033350e-01 1.2938782042e-01 2.5411670049e-02
-1.1477418707e-01 2.6453171907e-01 2.2216108030e-01
2.9635527202e-01 2.5542343952e-01 -3.7039114736e-02
2.3959803112e-01 1.7532554384e-01 3.5013783126e-02
4.0369670797e-01 1.5447334614e-02 1.4131889849e-01
4.8538905955e-01 -5.7970292327e-03 3.4225105294e-02
2.8354628845e-01 3.4866588911e-02 3.8632649046e-03
6.7251864670e-02 1.2348597323e-01 -3.5209992480e-01
-3.3086017823e-01 -1.6104379992e-01 -2.5052473565e-01
4.0002607738e-01 -5.8356050038e-02 3.8044284898e-01
1.2750865175e-01 -5.2973407366e-02 1.0258585040e-01
-2.1132926033e-02 -4.5320937621e-02 6.7737929625e-03
-1.6424718317e-02 -4.4593422685e-02 -1.6051289367e-03
-6.0729733410e-03 -5.7382374129e-02 9.7066262206e-03
-5.9124889256e-02 -7.5621900133e-02 -5.7219842888e-02
-2.6358253325e-01 -1.8160971772e-01 -2.1593744802e-01
-3.3056341524e-01 -2.7356696158e-01 -3.3530860670e-01
-4.0113896966e-01 -1.5195526528e-01 -3.4320270772e-01
-4.0830983672e-01 -5.0232573838e-02 5.9003576705e-02
-3.3265525959e-01 -4.0573839199e-02 2.0461681555e-01
-1.6832411249e-01 -5.5636293513e-02 4.0477397644e-02
-7.4464360262e-02 -2.5662640478e-02 4.2066381498e-02
-4.3615269975e-02 4.2174235866e-02 -5.8379667786e-02
-5.0979476264e-02 6.5442989953e-02 -8.7393453065e-03
1.2605435430e-02 6.0659415686e-02 1.9048542634e-01
-4.0407156948e-02 -7.4445717551e-02 -4.6588182651e-03
3.9999845532e-03 -4.1294043670e-02 -3.0546081734e-02
-8.3797951797e-03 -4.8717840836e-02 -1.7719693358e-02
-8.2738820393e-03 -5.8122100753e-02 9.6263608947e-03
7.8387650410e-03 -7.1311540845e-02 -2.7070962165e-02
-7.6209624098e-02 -9.0267297565e-02 -6.1433751327e-02
-4.2739606299e-02 -1.7358945289e-01 -2.3550282881e-01
6.2620065015e-02 -3.5872969885e-01 -2.8857396014e-01
-2.1442128173e-01 -5.3766791153e-01 -1.4888486165e-01
-4.9775502789e-01 -4.5247687796e-01 -1.8210695838e-01
-4.9345696973e-01 -4.1154407518e-01 -3.2959661597e-02
-2.6385750395e-01 -2.0486003327e-01 6.0717622734e-02
-1.3235756320e-01 -1.3247281765e-02 5.5412084696e-02
2.7120633183e-03 -3.4921946145e-02 8.4171312611e-03
2.0365044509e-02 -2.8338496638e-02 1.1965475973e-02
4.1572771140e-02 -9.4687268349e-02 -2.5363735350e-02
7.1991691801e-03 -3.7319378543e-02 -1.3839619193e-02
-1.5103839345e-02 -3.9439253031e-02 -1.2399996002e-03
-5.1673085987e-02 -3.3788525306e-02 2.1047377601e-02
-2.4864677920e-02 -5.2317643221e-02 -8.2694135304e-03
-8.0173719277e-02 -3.4584226213e-02 5.6130157125e-03
-8.2606236966e-02 1.2358813622e-02 -3.4183026771e-02
-1.2390518546e-01 3.5823270630e-03 5.1310090836e-03
-2.0361872239e-01 -1.5796025159e-01 -7.1409056196e-02
-1.6031427240e-01 -3.2313545839e-01 -3.5115238084e-01
-2.2424005725e-01 -4.2987658440e-01 5.6467785353e-02
-6.5495718485e-03 -4.0995836787e-01 1.6280032228e-01
-9.1360185493e-02 8.6713369717e-02 2.6611477727e-01
1.4242414613e-01 -4.3448792136e-02 1.5191138092e-01
6.9149138058e-02 1.4874515926e-01 3.0604786838e-01
8.1247542142e-02 -3.1289249960e-03 6.1863895812e-02
4.7208404631e-02 -4.2987574029e-02 -5.5148248931e-02
-3.0467959221e-02 -2.4955936791e-02 -1.4547659365e-02
-6.2030004385e-02 -2.6844434803e-02 -3.7495468093e-03
-3.1042951206e-02 -4.1430211359e-02 -2.2312335150e-02
-6.0068713281e-02 -2.4749624930e-02 1.5767692440e-02
-4.4143607069e-02 -7.9816658606e-03 2.0427320098e-02
-3.5417392882e-02 1.8793384659e-02 7.6844128966e-02
-2.8308813470e-03 -3.7084840679e-02 -1.7688905818e-02
4.4824165747e-02 -1.1993579273e-01 -7.6719079538e-02
1.5843001737e-01 -1.5222282521e-01 2.8954386167e-01
3.7969279488e-01 -2.2367273335e-01 5.0410586552e-01
-2.5465937856e-01 4.8388993981e-01 4.4575789061e-01
2.3959759387e-01 3.1221849590e-02 4.0741157331e-01
-5.1505748317e-01 5.4807981423e-01 5.9411247688e-01
-3.3135854923e-01 2.6478752629e-01 1.2375715034e-01
8.7904035189e-02 -5.3792666804e-02 -3.1762048474e-02
-1.9509093227e-02 -3.9357774427e-02 2.8570337580e-03
-6.2630968269e-02 -4.1822733054e-02 -3.6622261705e-03
-3.6241097170e-02 -6.2948907598e-02 -3.0374826266e-02
-6.5091433627e-02 -5.5772180988e-02 9.1699750341e-03
-5.8807594375e-02 -4.8474695862e-02 1.4269865551e-02
-4.5436884562e-02 -2.8436811346e-02 4.9855425039e-02
-2.2766247957e-02 -2.7516344591e-02 7.0017628137e-03
-4.6235157540e-02 6.8161972333e-03 3.7973630854e-02
-3.2945751124e-02 1.6343557008e-01 4.4053025141e-01
-1.7213089497e-01 5.8886600427e-01 1.0045406841e+00
-1.0466549796e+00 1.2669016594e+00 5.0927405233e-01
-5.4562878675e-01 7.4010363728e-01 2.8386447436e-01
-1.4193077662e+00 8.9294886207e-01 -1.5247420884e-01
-9.2619503097e-01 4.4905937326e-01 -4.5086891737e-01
4.1468666982e-03 -1.6990315166e-02 -5.6098734800e-02
-2.6413900512e-02 -3.1063019112e-02 1.5789359806e-03
-4.5678715920e-02 -7.5090630467e-02 -1.5022128433e-02
-1.8670601520e-02 -1.0623263510e-01 -6.3777165931e-02
-4.1434313818e-02 -1.0305296890e-01 -7.2253325647e-03
-3.4739933211e-02 -9.6218982783e-02 -4.6976235622e-02
-3.5137672337e-02 -9.5341915748e-02 -1.9901464285e-02
-1.1115917593e-02 -9.4936957808e-02 -7.3098167298e-02
-1.8361467867e-02 -7.3608407955e-02 -4.4619855267e-02
-1.1233130499e-01 6.6162341433e-02 1.4014718186e-01
-4.4259023368e-01 5.4482583254e-01 6.0431279575e-01
-1.1446019850e+00 1.1329454463e+00 3.4647261818e-01
-9.1852073333e-01 8.5484278159e-01 -6.4633737965e-02
-7.4617596197e-01 4.3961817469e-01 -2.6125075767e-01
-3.5672709687e-01 1.0097348656e-01 -2.2205557578e-01
1.1335693380e-02 -4.6322705970e-02 4.9574310340e-03
-1.1810151270e-02 -6.2459108592e-02 2.4660051906e-02
1.0217594553e-02 1.2391566479e-02 1.4638207534e-02
-3.6343122231e-03 -2.6592617177e-02 2.7790645732e-03
-4.2657060141e-02 -4.1532797639e-02 -3.2576118128e-03
-7.8147057291e-02 -6.8825766478e-02 -2.9040574492e-02
2.3859977064e-01 -6.9724710673e-02 1.7870901313e-01
1.0862923591e+00 2.3098365197e-02 5.9393572931e-01
1.6466738182e+00 1.4219637686e-01 7.1655609151e-01
1.7667841646e+00 1.8585398665e-01 5.8108677395e-01
2.0848765253e+00 1.6265173586e-01 1.9318928385e-01
2.2464057808e+00 1.5726425448e-01 -6.0701614006e-01
1.4524051438e+00 1.0295792153e-01 -9.0379635898e-01
1.5706501754e-01 -9.4696193710e-02 -1.4215660335e-01
-1.4968540395e-01 -1.4558352484e-01 5.8352172410e-02
-1.0265942575e-01 -1.1420326873e-01 4.9755351146e-02
-6.4452668371e-02 -7.5864584151e-02 6.8006343943e-03
1.4012145629e-02 1.5986288252e-02 1.4710313412e-02
-4.6619443954e-03 -3.0162644152e-02 -5.3236030801e-03
-3.1860513940e-03 -5.8812994911e-02 3.5298131230e-02
2.0988812142e-01 -4.9903514185e-02 2.3141998199e-01
7.6596013357e-01 1.8935969845e-02 6.4669532917e-01
8.7767053095e-01 6.0809167059e-02 5.9756585119e-01
5.5796257027e-01 3.6536717792e-02 2.4568843970e-01
1.1913460020e-01 4.6299070684e-03 5.9309866062e-03
-3.6937625501e-01 -8.3963670709e-02 3.0331292954e-02
-2.1274497339e-01 -7.1760865093e-02 6.5732793265e-02
3.6249710768e-01 8.5971762542e-02 -1.8570901111e-02
6.1605369780e-01 8.6571858431e-02 -2.0623586748e-01
3.6794170949e-02 -8.1909917312e-02 -7.4043062546e-02
-5.4404855035e-02 -8.8813339073e-02 1.6020966387e-02
-3.9108874496e-02 -7.5549743821e-02 4.4468058738e-03
-1.0724092810e-02 4.3242984208e-02 1.7185818036e-02
-4.1245455505e-03 -8.6207725572e-03 3.1968781824e-02
1.6604344001e-01 -2.6204554898e-04 2.7239893991e-01
4.9257625815e-01 2.3795145197e-02 5.3061104977e-01
3.4630035032e-01 -1.6856201153e-02 3.7224013431e-01
2.4866975274e-01 -2.3373147712e-02 1.7726623497e-01
1.7972642677e-01 -2.3477497517e-02 5.5019714181e-02
1.6792232533e-01 1.1269101983e-02 3.3951488874e-02
-9.0647414340e-03 -2.0503070635e-02 3.9677008859e-02
6.9692378319e-03 2.3637902349e-02 1.4424128285e-01
5.5339121174e-01 1.4872710217e-01 3.0960298855e-01
6.6146365593e-01 1.4340454874e-01 1.3923640629e-01
1.5338501841e-02 -3.6296598023e-02 -2.7505020949e-02
-7.4450549261e-02 -6.7278292979e-02 5.5120298154e-03
-3.6490359004e-02 -5.5057195567e-02 -1.0782499578e-02
-2.7583726145e-02 7.2787096933e-02 6.3838067745e-02
1.0278220297e-01 5.2539281825e-02 2.1234778914e-01
3.3288346541e-01 8.7870040268e-02 4.9014424189e-01
1.3106555100e-01 -1.2386230790e-02 1.8691855035e-01
-6.7100646897e-02 -9.7566205293e-02 -2.3524365060e-02
5.7542647122e-02 -7.5434377582e-02 4.1224454512e-02
4.9422355869e-02 -6.7161921326e-02 4.1113463668e-02
6.7597808063e-02 -7.7098955729e-02 5.5581737399e-02
5.4228834055e-02 -5.2174073999e-02 4.8763962682e-02
5.2791938171e-02 -9.3468458542e-03 9.6573613648e-02
1.2700920082e-01 -8.4731037817e-03 2.3470319340e-01
4.3084852628e-02 -7.4979224178e-02 2.1875832469e-01
-8.4621705905e-02 -9.1868060794e-02 8.6896887341e-03
-3.1363527305e-02 -7.6323693224e-02 -1.3463093087e-02
-1.8403750079e-02 -6.1658309466e-02 -2.6263771508e-02
2.5614688072e-02 5.6348033928e-02 1.7522358778e-01
2.5028729243e-01 9.5428570703e-02 4.2154952401e-01
5.4262018331e-02 3.2413405841e-02 1.8833557326e-01
-1.2271617438e-01 -7.9085201924e-02 -1.0975328938e-01
-2.4415959556e-02 -9.4600950392e-02 1.2053199849e-03
1.0441632604e-02 -7.4338740543e-02 1.4089591758e-02
3.9740859487e-02 -9.0414253775e-02 2.3443631608e-02
3.6554488866e-02 -7.9918272470e-02 4.4715919554e-02
5.6399516343e-02 -7.0655326808e-02 4.2871043021e-02
3.2959504066e-02 -6.6445235936e-02 6.8076830231e-02
-1.5020400268e-02 -1.5113330129e-01 1.0542511996e-01
-1.2374055694e-02 -1.1643284145e-01 6.4192224243e-02
3.4260120153e-02 -3.3013218660e-03 -1.4959540980e-02
8.3124760096e-03 -2.1984288118e-02 -1.7468201391e-02
-2.2770598534e-02 -5.7824854364e-02 -2.5031028041e-02
1.7364484454e-01 1.0549494880e-01 4.6786357389e-01
2.1276596901e-01 1.3026119695e-01 4.0855916831e-01
-1.9133371567e-01 -5.3249371151e-02 -1.7793633917e-01
-1.1310314088e-01 -1.2133788674e-01 -9.3301363946e-02
2.6751561734e-02 -1.3697904198e-01 3.7395100320e-02
3.0572148649e-02 -1.2464148188e-01 5.3491939461e-04
2.7934033775e-02 -1.1874166161e-01 -5.4843002286e-03
2.8737857362e-02 -1.1022114339e-01 2.5324151899e-02
5.2316756463e-02 -9.0235926712e-02 2.5975894132e-02
3.4746520371e-02 -8.5519713538e-02 3.4196829113e-02
2.2397844824e-02 -1.9294293000e-01 8.3592209650e-02
1.3427718445e-01 -7.2638210147e-03 6.5091889115e-02
2.7019196153e-01 4.2264889158e-01 -1.0196613773e-01
1.6705274038e-01 2.7237142821e-01 -1.5267225653e-01
-1.4295411316e-02 -2.7707146503e-02 -5.2207285200e-02
1.7078669665e-01 2.0081638869e-01 5.7700880648e-01
6.3708107559e-02 1.8906492606e-01 1.3077407829e-01
-1.1745350854e-01 -6.7677809687e-03 -2.0880931155e-01
-2.3312564784e-02 -1.3369690971e-01 -9.0784123765e-02
9.6509419750e-03 -1.6067185525e-01 -1.4473922012e-02
9.2180600332e-04 -1.1048362892e-01 -3.6984760763e-02
7.7743438852e-02 -8.7603360889e-02 -2.1487016138e-02
1.4158847208e-01 -2.4727745552e-02 -1.8189762673e-02
9.5258680362e-02 -1.9313587364e-02 -3.5399782108e-02
5.8489007525e-02 -4.8465963746e-02 1.3160581395e-02
7.6319864608e-02 -2.5579057315e-01 2.6425320833e-01
-8.3828670077e-02 -3.8433507081e-01 2.2577735805e-01
-7.3448125203e-02 3.0355384554e-01 -1.3893351439e-01
1.6109392287e-01 4.7285068704e-01 -2.2579036487e-01
9.3323504369e-03 2.0701589992e-03 -2.0582468103e-02
-1.0241265998e-01 2.7381239599e-01 5.0346979663e-01
-5.7342420632e-02 3.0362944140e-01 1.6535634281e-01
3.2511663512e-01 -1.4044479041e-01 -2.1689842470e-01
2.4122967609e-01 -2.2176737980e-01 -1.7836944889e-01
-2.5618875658e-01 3.1542390195e-02 -7.0192740301e-02
-1.3731495432e-01 6.4833929691e-04 -2.1162329554e-02
6.1028910560e-01 -7.3152639681e-02 7.9572898503e-02
4.1929085763e-01 1.0606855710e-01 8.0939653912e-02
-3.0546873682e-01 -3.1464052730e-02 -1.6304076949e-02
-1.1079959576e-01 -1.1890775974e-01 9.1805066274e-02
2.8075548985e-01 -3.2606275770e-01 4.0151638024e-01
4.8287269065e-01 -2.5785970353e-01 -8.3585822488e-02
-3.6447533582e-01 4.4575348117e-01 -5.2490456235e-01
-1.7216818642e-01 3.9081029077e-01 -2.0482248192e-01
-2.1486013308e-02 -1.8474138266e-02 2.4088257171e-02
-5.1163442854e-01 3.4939144636e-01 6.1045559191e-01
-8.6917460082e-01 5.3838157827e-01 5.8923587985e-01
-1.6583800803e-01 -4.5519436930e-03 -3.4582154378e-02
2.4654923553e-01 -1.0613008329e-01 -1.1880005457e-01
-1.9405860119e-01 7.2508483986e-02 -1.3203939037e-01
-1.1343875836e-01 -3.7267721717e-02 -1.1925546452e-01
6.1209287848e-01 -1.7269016387e-01 4.1106740707e-03
1.7940687371e-01 -7.7678043811e-02 1.0811613800e-02
-5.7272969292e-01 -1.7940003962e-01 -2.4362687448e-02
-1.1860376571e-01 -1.8772473878e-01 1.4216458645e-01
-3.3615911551e-01 -3.9711839565e-01 -6.0194338111e-02
5.6317378756e-01 -1.3417961021e-01 -4.3944631339e-01
1.6281620014e-01 3.2747866089e-01 -3.3541274450e-01
-1.7136364475e-01 1.0413324637e-01 -8.6216317942e-02
-1.4357760491e-02 -6.2576804631e-02 2.2262547708e-02
-2.5882511627e-01 6.0632074423e-02 1.5164218905e-01
-9.8122188015e-01 3.2157392078e-01 2.5438975727e-01
-1.3136195288e+00 1.0233945928e-01 -2.4846811929e-01
-5.7613289977e-01 -5.6346229081e-02 -4.5896467544e-01
7.9103983787e-02 1.9575697343e-02 -2.0429396462e-01
2.0482160248e-01 -3.9409321220e-02 -7.4873901541e-02
1.5697380460e-01 -1.2101003260e-01 1.9240775961e-02
7.3987143925e-02 -1.4204810841e-01 3.2731607699e-04
7.2490429813e-02 -1.0378308810e-01 4.2222761311e-02
1.4648498943e-01 -6.2590818629e-02 1.1097396303e-01
-3.4061667031e-01 -2.3333847335e-01 -1.8612344783e-03
2.6053110195e-01 -1.9361651406e-01 1.7389654573e-01
1.7270354671e-01 -5.6283549467e-02 1.4397320856e-01
-5.3903065243e-02 -4.7578216210e-02 1.7101751901e-02
-1.2320014033e-02 -4.3846472091e-02 2.6208870763e-03
-3.6152281372e-02 -5.8169936912e-02 -2.0340829403e-02
-2.9700053770e-01 -4.8916992845e-02 -6.8012013447e-02
-4.3799038307e-01 -5.9581226164e-01 -7.9391839866e-01
-2.5137208814e-02 -8.5495793210e-01 -1.1329947850e+00
1.3800073654e-01 -1.7190342194e-01 -6.5159582937e-01
2.8254130923e-02 -7.7882534539e-02 -2.3466385985e-01
-9.1193904510e-02 -7.9317222836e-02 -3.5719750050e-02
-9.5281953760e-02 -7.0807255298e-02 2.1658853632e-03
-7.3461777481e-02 -4.8879776501e-02 9.0663870823e-03
-5.2464025200e-02 -3.6834221588e-02 -4.9348142186e-03
-9.5572405415e-02 -3.5459692943e-02 -4.2633817274e-02
-5.0383184741e-02 -5.3673283908e-02 3.5080368162e-02
-5.0531814068e-02 -3.6616878382e-02 8.5678334954e-03
-5.8112774746e-03 -4.5494142738e-02 -2.8981667306e-02
3.0100159316e-03 -4.2002968628e-02 -1.8159036322e-02
-1.3945472365e-02 -5.0869696493e-02 -5.9782832094e-03
-8.1798774067e-02 -7.4286943575e-02 -7.1485339532e-02
-1.9434874099e-01 -2.9684738127e-01 -1.9966485102e-01
1.3273753274e-01 -6.4095792371e-01 -4.6595905977e-01
5.0275876570e-01 -5.9239721877e-01 -7.5883012531e-01
7.5737070950e-02 -4.5749642272e-01 -4.8426365185e-01
-1.2904400394e-02 -3.7522804558e-01 -3.8355008784e-01
-1.0023519656e-01 -1.5120920096e-01 -6.0065437839e-02
-7.8523164544e-02 -5.3290698151e-02 3.5626124495e-02
-4.9627308528e-02 -3.0762125426e-02 -3.4196197186e-02
-4.8598541143e-03 -2.5093030678e-02 -5.0889759371e-02
3.8517866807e-02 -3.6113162483e-02 -8.4331017189e-03
3.6896525002e-02 -2.4000002807e-02 -1.1469908246e-02
2.7707573132e-03 -1.7619296226e-02 -6.3226361455e-04
-4.6711814490e-03 -3.5865172991e-02 4.5994731073e-04
-5.3276584538e-02 -1.6976911243e-02 2.2082603643e-02
-1.8039813570e-02 -2.9952963808e-02 -1.6016931009e-02
-8.9903944078e-02 -3.6969463056e-02 -1.0125649896e-02
-2.6609912704e-02 -1.6627688791e-01 -1.0883495332e-01
1.6262882381e-01 -2.9067174521e-01 -2.8239551499e-01
3.3179889272e-01 -5.6058476328e-01 -4.7340124599e-01
5.3374129025e-01 -8.2236497572e-01 -8.1995830093e-01
1.3500264860e-01 -2.6989472542e-01 -1.0084859509e-01
2.5513298475e-03 -4.8145236763e-02 1.5954678781e-01
-3.4867626700e-02 2.9087090638e-02 6.7426169914e-02
1.1765303472e-02 5.5762774289e-02 2.6478819908e-02
-5.2432520765e-02 4.4959473624e-03 1.7553198727e-01
1.7848291740e-02 -4.0565169935e-02 4.6552683589e-02
7.3940601715e-02 -1.1685430634e-02 -5.2687890740e-02
-8.8871864047e-03 -2.3002541415e-02 -8.0607043199e-03
-6.1520093812e-02 -1.2859468795e-02 2.4571945187e-02
-1.7828870165e-02 -2.0224582772e-02 8.0847348637e-03
-4.3867525355e-02 -1.9559692401e-02 3.7569837120e-02
-2.7885911094e-02 -2.0322251116e-02 3.5031473296e-02
-1.1991890202e-02 -3.5806672671e-02 4.3932462698e-02
7.2509840633e-02 -1.9951964512e-01 -1.8978294521e-01
2.6267528015e-01 -3.5893367557e-01 -2.6065450938e-01
2.7850170352e-01 -1.1253018611e-01 2.7605903117e-01
1.3551399984e-01 -1.4556633345e-02 4.0803277954e-01
-4.8987543342e-02 6.5023071384e-02 1.1867909822e-01
2.4261647144e-01 -1.3921753809e-01 3.4549121554e-01
-5.0755378290e-01 -1.5012421998e-01 8.8768195924e-01
-5.4520198809e-01 -8.4428332567e-02 2.9514088496e-01
9.8195279428e-02 -4.5164878408e-02 -2.5276395120e-02
5.0669438129e-03 -3.2861153153e-02 -3.6857565917e-03
-5.4230539162e-02 -3.1392451366e-02 1.0739747213e-02
-2.3371370962e-02 -4.8972526872e-02 -1.6655118163e-02
-4.8148413991e-02 -5.0908483108e-02 2.8139656006e-02
-3.4962264775e-02 -3.4200880112e-02 4.0934406001e-02
-1.7072007622e-02 -2.5447873620e-02 6.9678182503e-02
-3.2780357380e-02 -1.9856465672e-02 1.0341200476e-02
2.3133328879e-02 8.1748483984e-02 1.7300831567e-01
4.8705968871e-02 3.1943157468e-01 7.8567424370e-01
-1.4309714178e-01 3.5189940139e-01 7.5411144154e-01
-1.8575291138e-01 3.1275513831e-01 6.6255589727e-02
1.7477952667e-01 9.4522356443e-02 2.5281156145e-01
-8.9084586010e-01 4.2336302616e-02 1.8457651652e-01
-1.1892725831e+00 7.9801424584e-02 -3.7392565996e-01
-9.2081618111e-03 -4.1516377450e-02 -7.1197046592e-02
-7.3707397499e-03 -2.7819694158e-02 8.8058926510e-04
-3.9896317928e-02 -7.8317904739e-02 -8.8302196431e-03
-1.1396694126e-04 -9.6641122894e-02 -5.3983672271e-02
-3.3201968345e-02 -1.0539642549e-01 -8.7845945707e-03
-3.9434420052e-02 -1.1883323300e-01 -5.2996911251e-02
-2.5304733413e-02 -1.0183810251e-01 -8.1900378433e-03
-2.3430781122e-02 -9.6169231166e-02 -6.8200445153e-02
-5.9998098203e-02 -2.4626914740e-02 5.7347501807e-02
-2.8468932879e-01 2.8114788144e-01 5.5855224930e-01
-1.0445969194e+00 7.7112862350e-01 1.0460347907e+00
-1.9583467546e+00 1.0897320762e+00 1.5090362225e-01
-1.4510149883e+00 7.7036672550e-01 -4.8363453286e-01
-7.5226666751e-01 2.5236947104e-01 -4.4142215026e-01
-5.1083311146e-01 5.0346912268e-02 -4.0007893418e-01
9.3664576335e-04 -3.6968317044e-02 -2.6936303680e-02
4.5136081907e-03 -5.3541262620e-02 1.6553711380e-02
1.8225782434e-02 4.4555899259e-02 2.4916186219e-02
-1.2639635322e-02 2.9740271534e-02 2.8439254540e-02
-5.2729940559e-02 1.5327584784e-02 1.1510093719e-02
-8.3803094823e-02 -6.9650392232e-03 7.9195990734e-03
2.5717540604e-01 -8.5567547026e-02 2.0963307280e-01
9.7268193094e-01 -2.1845795721e-01 5.5447149373e-01
1.5203220422e+00 -3.3769473944e-01 6.6111250706e-01
1.8122035358e+00 -4.4662760168e-01 5.8496314906e-01
1.8930642243e+00 -5.0280475646e-01 2.0485772504e-01
1.9268881345e+00 -4.2237121956e-01 -4.1012838998e-01
1.4142144266e+00 -1.7497190470e-01 -7.5078682077e-01
2.7541815839e-01 -1.0403081917e-01 -1.7344916693e-01
-1.3677515246e-01 -1.1859030470e-01 7.1519705441e-02
-1.0188765217e-01 -1.1229751693e-01 6.1667281645e-02
-6.9934850134e-02 -6.7629040632e-02 6.4117484324e-03
2.2654262740e-02 6.4557778644e-02 3.7322046015e-02
-2.8092814525e-02 2.8808841192e-02 3.1491327143e-02
-4.3467595141e-02 -7.3553368505e-04 4.6023450657e-02
1.9749207104e-01 -6.7014105748e-02 2.3875654476e-01
8.3070121178e-01 -1.3507964304e-01 6.8529535110e-01
8.1522793341e-01 -1.6287369528e-01 5.7927559106e-01
3.5582939827e-01 -1.3986914132e-01 1.9952154762e-01
-3.1364972925e-02 -1.1263221447e-01 3.4379329130e-02
-3.9957895356e-01 -7.6116647158e-02 4.7038521759e-02
-2.8191100759e-01 -6.7403306691e-02 1.7788079267e-01
2.7593648543e-01 -3.1054489100e-02 9.9950194116e-02
8.8343555947e-01 -1.0602267725e-01 -3.2440002319e-01
1.3148192233e-01 -8.9312563138e-02 -1.4902702258e-01
-4.7801334536e-02 -1.0232001869e-01 3.3751633855e-02
-2.9952133492e-02 -5.6531762285e-02 4.1265042826e-03
1.3541039885e-04 7.8054570935e-02 3.0202779999e-02
-4.5140520413e-02 4.8387517991e-02 3.8438605159e-02
9.1368830984e-02 5.5511302700e-03 1.9387248340e-01
4.2644067092e-01 -5.2373256603e-02 4.1613956309e-01
2.5444287299e-01 -8.1277724016e-02 2.6351678399e-01
3.0130045701e-02 -3.9445873658e-02 7.2580143333e-02
-4.0476217395e-02 -3.1201098415e-02 -7.3791020965e-04
-3.1039547566e-02 -3.0284743181e-02 2.3023031988e-02
-1.0455070032e-01 -1.0255190196e-02 4.6193181679e-02
-9.1038928310e-02 6.5681622625e-04 1.6592121034e-01
4.6955119192e-01 -1.3974102791e-01 3.5191205695e-01
9.0703203006e-01 -2.8904159845e-01 2.1063899389e-01
8.2174817094e-02 -9.2500722284e-02 -4.6417955093e-02
-5.1225357796e-02 -4.5910867264e-02 -6.5398847901e-03
-3.7847349747e-02 -4.0817779832e-02 -1.6408449086e-02
-3.7585387234e-02 1.0421784748e-01 5.1084558405e-02
1.8978476608e-02 5.7164151278e-02 1.3067702885e-01
1.5561655280e-01 3.0894665643e-02 2.5899463088e-01
-1.5925218839e-02 4.7039998256e-03 -3.0592783325e-02
-2.2506962972e-01 1.2828840467e-02 -1.9094177741e-01
-1.2727509759e-01 -3.6731677007e-03 -7.9745349277e-02
-2.2386296375e-02 -4.7230490416e-02 -4.4521094723e-03
6.2166492353e-02 -9.2033553336e-02 5.2094081409e-02
6.3404375209e-02 -6.0816620662e-02 5.3796008075e-02
5.0592443212e-02 -2.7396777536e-02 6.8711906205e-02
1.8189451937e-01 -1.3183319486e-01 1.7092571298e-01
1.7572493395e-01 -3.1312569832e-01 2.8242968017e-01
-9.8661094002e-02 -1.2509083596e-01 6.7925567199e-02
-3.0104098336e-02 -5.2701294577e-02 -1.2136182457e-02
-2.2657518624e-02 -5.6764775768e-02 -2.9404582374e-02
-1.1260776543e-02 5.7984317834e-02 9.6661136471e-02
6.8668283005e-02 7.0191346709e-03 1.8121600133e-01
-2.0227730138e-01 2.8245778752e-02 -1.4802129757e-01
-3.4018573311e-01 5.9267922614e-02 -3.2426055632e-01
-1.9530999106e-01 1.6541837955e-02 -1.4855045661e-01
-3.7361612535e-02 -3.3697356569e-02 -1.8728531333e-02
3.1139179029e-02 -7.5419607015e-02 6.8456350976e-03
4.4543590386e-02 -9.7423015403e-02 2.9851666456e-02
5.6484304718e-02 -8.1773331432e-02 2.8104048737e-02
2.2009523388e-02 -2.3954399382e-02 3.9386625408e-02
1.4717797594e-02 -4.1191972259e-02 4.3708819308e-02
3.5224854982e-02 -7.5943347817e-02 8.3150709530e-02
1.6289015163e-01 1.7100929393e-01 1.6701973998e-04
1.4878497250e-01 1.9261761350e-01 -2.0305953237e-02
-1.2936700033e-02 -2.2057566336e-02 -3.7183974138e-02
1.0494259787e-01 2.7807601628e-02 3.2319119202e-01
-9.5622787368e-02 5.6832043375e-02 -4.8260009981e-02
-5.5458676911e-01 9.2545596427e-02 -5.9023093374e-01
-3.0154060545e-01 -1.9023683791e-03 -2.5061200299e-01
-6.4461369685e-02 -7.1747619775e-02 1.2990787550e-02
5.2679898277e-03 -8.5831076953e-02 1.8350951365e-02
1.2617810640e-02 -9.7343048775e-02 1.2688785807e-02
7.1857034932e-02 -7.1742688894e-02 5.4265610655e-02
1.4393850954e-01 -1.8361203321e-02 7.0608007024e-02
8.3497100087e-02 -1.6839370364e-02 3.3142623473e-02
5.1822048442e-03 -2.9025987461e-02 1.2383749311e-01
1.4043895931e-01 1.5509589382e-01 3.8250975084e-01
5.7269907231e-01 8.9993157312e-01 1.4862641335e-01
5.3418580804e-01 8.6043119480e-01 -1.7763155518e-01
4.9026299935e-02 1.1372610939e-01 -8.4897979704e-02
9.3078130434e-02 6.1798640920e-02 2.8822402150e-01
-3.0892608323e-01 1.5697237703e-01 -5.9527400207e-01
-4.1898819612e-01 8.1624694967e-02 -6.5176913501e-01
-9.3750347119e-02 -6.5457051579e-02 -1.1679867529e-01
-5.9861130221e-03 -9.1202629607e-02 2.0510799857e-02
2.0395897074e-03 -5.0909869515e-02 -1.0507059221e-02
1.6428042934e-01 3.1119458012e-02 7.1236466069e-02
7.0062688258e-01 3.4883942171e-01 2.2741882923e-01
8.2538515053e-01 5.4903266240e-01 6.8298123317e-02
3.7919797068e-01 2.7910969834e-01 -7.1165988115e-02
2.2622179870e-01 -1.0341778589e-02 9.3635908599e-02
3.6372519192e-02 -4.8824131511e-01 4.4774153952e-01
-7.2250845791e-02 -3.0998666899e-01 6.2986336633e-01
1.8212254419e-01 3.4665218580e-01 1.3896564012e-01
4.9418097531e-02 8.4622047709e-02 3.0134332746e-02
-2.8420330531e-01 1.0547483158e-01 5.0602265590e-01
-5.2635580050e-01 1.5982314047e-02 2.4769918113e-03
-1.7178726304e-01 -1.4218846764e-01 -2.8275986087e-01
-3.9398260187e-04 -1.3222757235e-01 -1.1494955234e-01
-7.8644181925e-02 -2.8257191843e-02 -1.8663819954e-02
5.9184402903e-03 5.6136159046e-02 4.6784632043e-02
5.8521314158e-01 2.5043154102e-01 2.9317828703e-01
1.2304285132e+00 6.9553402384e-01 4.4507674184e-01
6.8625068645e-01 6.4421372689e-01 9.3310064806e-02
2.2854886263e-01 2.7938037274e-01 -2.8486037784e-02
3.0915731138e-01 4.3972662752e-02 -1.5093416742e-01
5.5770865413e-01 -2.9753345436e-01 5.9686715222e-02
1.0920605283e-01 -2.2132963691e-01 2.9705952444e-01
-8.5665595995e-02 1.1907490664e-01 2.1107367905e-01
9.4683501302e-03 2.4097595817e-02 1.4995069429e-01
-5.5728889731e-01 8.9230357743e-02 7.4901799215e-01
-7.8910285627e-01 -4.2610705396e-02 5.6717307548e-01
-5.1505658214e-01 -2.0437982687e-01 -1.2431139529e-01
-5.8978949867e-01 -1.4076437078e-01 -1.7610965864e-01
-4.6449385727e-01 4.6010012420e-02 -9.3145829603e-02
-2.7284787308e-01 8.1222242663e-02 -7.4554278210e-02
8.4272260611e-02 6.6506178170e-02 4.6599943306e-02
1.7677610950e-01 9.1835737266e-02 8.2338287499e-02
-1.6204444201e-01 -1.1945594531e-02 3.2368247453e-02
8.9350000874e-02 3.6340996363e-02 1.5974044569e-01
-4.0564797881e-01 -7.0954700112e-02 -4.7910769107e-01
1.8273132712e-01 -3.3192263902e-01 3.4544888967e-02
-6.6231518274e-02 -1.8068207704e-02 4.3096845567e-01
-3.9953996040e-01 1.3967905540e-01 -5.5282091596e-02
-2.6038013105e-02 -2.6811521984e-02 4.2490082787e-02
-8.5682369764e-02 -6.2835816569e-02 1.2168002246e-01
1.2205367762e-01 -7.1446648256e-02 6.0110117410e-02
-7.4476471113e-02 -1.0799737704e-01 -4.0889333586e-01
-4.8323256769e-01 -1.5696326626e-01 -4.2401770003e-01
-2.2037227382e-01 -3.8387151491e-02 -1.3878683643e-01
5.1360855775e-02 5.3171052353e-03 -3.6073763883e-02
-1.1288764748e-01 -3.8283922693e-02 -1.0466150609e-02
-2.7951742784e-01 -9.6854705345e-02 -5.1224454453e-03
-1.1169037068e-01 -6.9442418359e-02 6.9322552327e-02
2.2654762431e-01 5.1120615934e-02 1.5400874684e-01
5.0720730067e-02 -2.6824816584e-02 -1.1282300963e-01
6.5966405507e-01 -2.4181851115e-01 2.6640410286e-01
3.3175920661e-01 -1.7081238202e-01 3.4469066419e-01
-1.4925997179e-01 -5.8217805850e-03 1.3130910524e-02
-2.5956188465e-02 -2.8790012406e-02 -8.2581998347e-03
-4.0620250837e-02 -7.4498872821e-02 2.4662733074e-02
-2.6005752490e-01 -1.1600433506e-01 2.0886089583e-01
-2.9483548615e-01 -6.7386367659e-01 -3.3945931171e-01
-7.6003361763e-03 -8.7356609965e-01 -7.8018582768e-01
1.4920751120e-01 -3.3516063279e-01 -3.6302015043e-01
4.0650141503e-02 -6.6271695011e-02 -7.6842635028e-02
-9.2899524063e-02 -2.5604693080e-02 9.1043443107e-03
-1.3246436492e-01 -5.4720312841e-02 5.5610134820e-02
-1.1435755900e-01 -3.7091937433e-02 5.1699187934e-02
-6.0701650194e-02 -3.1160272995e-02 3.1012446083e-02
-7.6006503967e-02 -5.2719682633e-03 1.7957011865e-02
-1.3377633681e-02 1.4743898044e-02 1.0524045607e-01
-7.0406100507e-03 5.2797666416e-02 -1.3604844873e-02
-1.0799683221e-02 7.1672135652e-03 -4.4255066655e-02
-1.8831590182e-03 -2.8927504754e-02 -1.9362277824e-02
-1.4789857810e-02 -3.5996997965e-02 -1.5278675045e-02
-2.7320660367e-01 -9.9741146194e-02 2.7072160023e-02
-4.7784228508e-01 -3.5252521959e-01 -1.6054455382e-02
2.0062555144e-01 -8.9489442994e-01 -4.8978257156e-01
5.7006326238e-01 -9.4730734264e-01 -7.2211432484e-01
1.8232909016e-01 -3.5135410122e-01 -3.5748106360e-01
4.3515758519e-02 -1.1470607032e-01 -1.0799171277e-01
-6.8867116174e-02 -4.2421611981e-02 2.2701478724e-02
-8.2914186336e-02 -2.6529693275e-02 2.9010818564e-02
-7.3804755823e-02 -1.7794406078e-02 -2.0306955118e-02
-2.2204990607e-02 1.2835992790e-02 -5.8022672118e-03
-3.6031585389e-02 -2.3297615880e-02 6.9905757048e-02
-8.3798330505e-04 -3.7305040573e-02 2.8936010406e-02
-2.9131178393e-03 2.7706122806e-02 -1.8984204327e-02
-1.3534910795e-02 -1.4848843405e-02 -2.0443804042e-02
-4.5462046650e-02 3.5689797092e-06 2.4032369259e-02
-4.6587916029e-02 -1.9227520642e-02 4.9316914687e-03
-1.5083205774e-01 -1.5205187858e-02 -2.8284873484e-02
9.9739241715e-02 -2.8068331303e-01 -2.7510403838e-01
3.7882005883e-01 -5.8087567533e-01 -4.0278670070e-01
1.8784043524e-01 -5.1048002799e-01 -3.7208357326e-01
1.7989609736e-01 -3.9356976911e-01 -4.2938036235e-01
4.7169642186e-02 -9.1902075286e-02 -1.8785841015e-02
-7.6096070005e-02 1.8141293412e-02 9.2389255031e-02
-6.3049816050e-02 3.3142549889e-02 3.8012607088e-02
-1.3584421495e-03 1.2342243085e-02 1.4196923980e-02
-1.9195116352e-01 -3.6583928830e-01 3.1302484828e-01
-1.2862204103e-01 -4.5317880629e-01 2.5405815809e-01
6.0091065079e-02 -1.3896706447e-02 -8.9543856749e-03
-5.7590590655e-03 -8.2193447870e-03 -2.5401177924e-02
-5.8777795274e-02 -1.8090853453e-03 2.0814058126e-02
-1.6541868810e-02 -2.4391063145e-02 1.2357293185e-02
-4.9773017552e-02 -7.8914879253e-03 1.0743164513e-02
-3.5794908342e-02 -1.3396581278e-02 -2.6728783146e-02
-2.2029954580e-02 -1.1990837440e-02 -4.8077987219e-02
-6.6992691141e-02 -1.2062461593e-01 -1.8825447605e-01
1.7686878329e-01 -2.0831684552e-01 -2.2709327476e-01
6.7155172579e-02 2.1442678839e-03 1.1634785309e-01
-1.0566967710e-01 9.2792730037e-03 2.0270496066e-01
-7.5978390749e-02 4.2776787734e-03 2.8881804275e-02
8.9725448834e-02 -5.5249199876e-02 2.8763094609e-01
-3.2744325868e-01 -3.6309168027e-01 1.0323237429e+00
-5.4251231276e-01 -3.8784354473e-01 2.8043528022e-01
5.3629773397e-02 -2.3144257457e-02 -1.0224589562e-01
2.6395848531e-03 -2.3097438441e-02 -1.9676060360e-02
-6.1832051087e-02 -1.7391593677e-02 2.6844297865e-02
-2.9343457614e-02 -3.8073529026e-02 1.8357011331e-02
-6.7480442209e-02 -4.0679011981e-02 4.7336062756e-02
-4.1117057818e-02 -3.4655707438e-02 5.2584614475e-02
-4.6102912909e-02 -7.7276280546e-04 4.6949689921e-02
-7.9936607231e-02 4.2744126019e-02 5.0212047891e-02
6.6949999962e-02 2.2776834721e-01 3.7385006023e-01
-3.7681588820e-01 3.5793095616e-01 8.0758229046e-01
3.4582460764e-02 4.9276718695e-02 3.7380726403e-01
7.4695345185e-01 -1.1567892324e-01 -3.6135518319e-02
4.9990197913e-01 -6.1794495442e-02 2.0982664929e-01
-2.9169364389e-01 -1.5321300074e-01 2.2284978771e-01
-8.0832850862e-01 -7.7880954618e-02 -3.9356730579e-01
-4.2069628214e-02 -1.6885391321e-02 -1.2770030668e-01
-1.6246224536e-02 -2.2381018013e-02 -3.1788694549e-03
-3.9923237559e-02 -6.3066886465e-02 1.4439214173e-02
-1.2565882563e-02 -9.8415861693e-02 -2.8953807805e-02
-3.9462423408e-02 -9.9840481101e-02 3.7519374449e-03
-4.3519603629e-02 -1.1017500169e-01 -2.6824557599e-02
-3.1999144075e-02 -8.1537621961e-02 1.2199480933e-02
-4.6369252814e-02 -6.0892670667e-02 -1.2063792406e-02
-2.0506915901e-01 6.2682193998e-02 2.5706898000e-01
-7.6563682355e-01 2.5168113930e-01 9.4887041146e-01
-1.5657659144e+00 2.3086904583e-01 1.0099618681e+00
-1.9860929657e+00 2.2138309696e-01 4.1169747483e-02
-1.6508674572e+00 1.6968777352e-01 -7.3988765334e-01
-6.7469857510e-01 -9.4350735186e-03 -5.5337339148e-01
-4.1069794001e-01 -2.3927311128e-02 -3.6044403569e-01
-9.2457932822e-03 -3.2069238010e-02 -1.3354658007e-02
-6.8188049770e-03 -4.5131552499e-02 1.6457126613e-02
-2.5722803157e-02 5.4797030322e-02 4.3184469276e-02
-5.9648556019e-02 6.6929913828e-02 2.8425681298e-02
-1.3110359824e-01 5.8271912509e-02 8.6386957115e-04
-9.9410429053e-02 3.2562354992e-02 -6.4070804112e-02
9.4391821499e-02 -6.2793333679e-02 2.8420980598e-02
5.4084437483e-01 -2.7965338595e-01 2.6598915323e-01
1.0534704686e+00 -5.4739641716e-01 3.9946659423e-01
1.2922062916e+00 -7.2607579628e-01 3.7207824658e-01
1.3132847441e+00 -7.1758583210e-01 1.5836918709e-01
1.5577851209e+00 -6.5366735512e-01 -1.5921082653e-01
1.5313720661e+00 -4.3000982814e-01 -6.6915987969e-01
5.0096953876e-01 -2.2515987380e-01 -3.8490022889e-01
-1.4413169884e-01 -1.4423818313e-01 7.8913655534e-03
-1.1267404013e-01 -1.4527167509e-01 3.9867316008e-02
-7.4544449685e-02 -1.0004487000e-01 6.3034302154e-03
1.2003664218e-03 6.5876479498e-02 4.6018830766e-02
-5.4922850648e-02 5.6222868841e-02 2.1814294911e-02
-1.0529956220e-01 2.0058349099e-02 1.4794039453e-02
1.1299328200e-01 -4.3780202443e-02 9.9514046176e-02
6.4116502391e-01 -2.8234267085e-01 4.6487900216e-01
7.5260259292e-01 -3.9869460696e-01 4.6916171721e-01
4.8201183403e-01 -3.7215159786e-01 2.5136351041e-01
2.8784971318e-01 -2.7807359350e-01 1.0812145040e-01
2.4271354474e-02 -1.1976959580e-01 7.7062974514e-02
6.5673335472e-02 -6.3998340465e-02 1.7186650719e-01
5.5913731373e-01 -1.2866558968e-01 -2.0583188561e-01
1.0250808301e+00 -3.8296298141e-01 -8.8614401824e-01
1.7071084180e-01 -1.9028957081e-01 -2.9099284621e-01
-5.4796142298e-02 -1.4005480655e-01 3.1844266273e-02
-5.1119545555e-02 -9.9488061799e-02 2.2150899334e-02
-3.5853383176e-02 7.6645593985e-02 3.7506656631e-02
-9.0228559725e-02 7.5156171672e-02 6.2256062840e-03
-1.8373058792e-02 -2.0115810190e-02 1.0430650117e-01
3.7410930081e-01 -1.2387108212e-01 2.7216782469e-01
3.0898859149e-01 -1.5855120323e-01 2.3417150355e-01
-1.3211403459e-01 -4.2845757062e-02 -3.0215859022e-02
-1.8649696841e-01 -2.6197172530e-02 -3.7259658601e-02
-7.2940978253e-02 -2.5102423280e-02 3.4275578611e-02
-3.8664412000e-02 1.1340088515e-02 5.5827671908e-02
-9.8229520236e-02 2.0210186352e-02 2.1323263209e-01
1.9163458098e-01 -2.1663628014e-01 2.6910918996e-01
9.4602268674e-01 -7.4935859546e-01 -3.5365869839e-01
3.8561302804e-01 -3.2539806006e-01 -4.6085913760e-01
1.1041704506e-02 -7.1052324395e-02 -8.1306007848e-02
-5.2516696845e-02 -6.5311796435e-02 -2.0793676039e-02
-3.7116902757e-02 7.8943795591e-02 3.8722829474e-02
-5.7996740725e-03 5.5872466680e-02 7.0030271020e-02
1.7932484966e-01 -5.5307948854e-02 2.3474133990e-01
-3.5343847301e-02 1.5155626362e-02 -7.1682232042e-02
-4.7699439736e-01 1.9183921542e-01 -4.0653073510e-01
-4.1707461312e-01 1.5533287789e-01 -2.7854492953e-01
-1.1352649493e-01 -1.7480691797e-02 -6.2437620260e-02
-2.3705233270e-02 -4.4976751064e-02 7.6674688918e-03
5.0051164440e-03 -3.5770353647e-02 2.0312082217e-02
3.2685767390e-02 -9.6892219575e-02 7.8857419542e-02
9.5881247322e-02 -3.6030856196e-01 1.7275270069e-01
3.4586100177e-01 -8.9963190190e-01 5.5694819689e-02
4.5404169748e-01 -4.7281678746e-01 -3.5559153848e-01
2.4221133732e-01 -2.5438462572e-02 -2.0684739165e-01
-2.1310555136e-02 -5.9784567952e-02 -5.5931031834e-02
1.1711095782e-03 2.4879745637e-02 8.8887805274e-02
9.5070784804e-02 -1.9884766828e-02 1.8424916218e-01
-1.2896166177e-01 6.0496406600e-02 -1.0229766673e-01
-6.5294948305e-01 3.2128235506e-01 -6.1744782441e-01
-5.8233341287e-01 3.1963777519e-01 -5.0187140340e-01
-1.9141086271e-01 7.7328177326e-02 -1.5530021140e-01
9.5859633485e-03 -4.1269287541e-02 -2.3761456272e-02
5.0897213818e-02 -1.1395426507e-02 1.2433837375e-02
8.4054225177e-02 8.9864543626e-02 2.1792003543e-02
5.3805064348e-02 1.5765778528e-01 5.6244871051e-02
-2.3098901243e-02 -1.2063988197e-01 3.1412944948e-02
-5.3138229887e-02 -6.3178121380e-01 -7.7922094525e-02
8.6275106013e-02 -3.1113577328e-01 -4.4819553310e-02
1.9758999056e-01 1.5136920109e-01 1.6995595455e-01
-2.6118961482e-02 -2.3264421097e-02 6.4686617292e-03
5.1091526165e-02 -3.4098399637e-02 1.9914599821e-01
-1.3402349657e-01 5.8614780730e-02 -1.2410423332e-01
-6.6671767203e-01 2.9285972066e-01 -7.5347224269e-01
-6.6384950056e-01 3.3366567207e-01 -6.4684234983e-01
-2.3867283712e-01 9.9877398705e-02 -1.8404449545e-01
-3.4198403641e-02 -4.1443805731e-02 -1.5773952479e-02
6.4609427278e-02 1.5534734255e-02 4.0667926693e-02
2.6854381494e-01 1.7785827840e-01 1.6131358011e-01
5.0438095170e-01 4.4765041110e-01 1.3481277793e-01
3.5130164574e-01 4.7733822108e-01 1.6977599861e-02
-2.4619617223e-03 -2.9704482411e-02 9.3109274117e-02
-1.3753755715e-01 -3.7807377594e-01 1.9879193731e-01
-2.0473558886e-01 -3.3292637080e-01 5.8647115743e-01
-9.6899598526e-03 1.6206719471e-01 4.8968063690e-01
-2.7971554479e-02 4.0175126085e-02 2.6414290976e-02
5.7373570079e-02 -4.5820575448e-02 9.3820838559e-02
-3.8376925818e-01 1.4825849689e-01 -6.6780773153e-01
-6.1989829716e-01 2.0907746537e-01 -7.7876323468e-01
-2.2049368101e-01 1.1575908412e-01 -2.5196919312e-01
-5.8277709873e-03 -2.4794755088e-02 1.6809226488e-03
1.4899051579e-01 6.4857718312e-02 6.8780377603e-02
5.4517881554e-01 2.9768106804e-01 3.3873261446e-01
1.2046153593e+00 6.5232492830e-01 5.3798227400e-01
1.4229060613e+00 9.8189229519e-01 2.3637101865e-01
7.9853591857e-01 7.3498856204e-01 -6.6513327568e-02
2.8925463875e-01 9.7290662830e-02 9.8281545380e-02
4.7280726228e-01 -1.4118799864e-01 1.6496085237e-01
-8.9565916144e-02 -1.0079736966e+00 5.6997252439e-01
-2.6686256112e-01 -6.5293846325e-01 4.0181333356e-01
-3.6453127217e-02 -7.7301858369e-02 4.0115592878e-02
-1.4673962095e-01 -7.8733135306e-02 2.4378733750e-01
-5.2059891246e-01 -3.0334959593e-01 -3.1669445941e-02
-4.0277669073e-01 -1.6439184984e-01 -1.7988744681e-01
2.6774702174e-02 9.6998383012e-02 -1.4643668691e-01
3.1626474883e-01 1.3710166928e-01 2.6137121148e-02
7.9728488708e-01 3.4884811989e-01 3.2614295717e-01
1.0367756502e+00 4.6644062062e-01 5.9795844070e-01
1.0669877920e+00 4.9519376696e-01 5.3777420930e-01
7.9633551815e-01 4.9178524982e-01 1.4760062320e-01
3.4281566636e-01 2.7317183285e-01 -1.0246018898e-01
-1.9702290718e-02 1.0071169036e-01 -4.1957557158e-01
8.2546067024e-01 2.0447949911e-01 -5.6136156415e-01
1.3191025606e+00 -4.6346980442e-01 -5.0271497252e-01
2.4690478296e-01 -4.6186376899e-01 -4.9640278007e-02
-1.4226666259e-02 -5.2544743628e-02 8.1307668666e-02
-2.5092568994e-01 -1.2383171534e-01 3.4185515707e-01
-4.9356650561e-01 -5.0060858778e-01 3.6424997869e-01
-5.4422333019e-01 -3.1439824507e-01 -3.3279176919e-02
-3.6332805666e-01 4.0484854359e-02 -2.0217093330e-01
2.1721492332e-01 1.5694064965e-01 1.4547875609e-02
5.4760973411e-01 2.2702867501e-01 1.6036958265e-01
4.2105786377e-01 1.6074889228e-01 1.5350072998e-01
1.6164725934e-01 8.2912393051e-02 4.6476467606e-02
-2.3304969068e-02 -4.4837181511e-03 1.3852913859e-02
6.7870236304e-02 -1.2890542871e-02 7.0831144609e-02
-2.0668354316e-01 3.0705237562e-02 -4.4622127921e-01
3.0708467556e-01 -2.7277857400e-01 -7.2488272528e-02
2.4335248463e-01 -7.7553140655e-01 1.5423123832e-01
-2.5846980732e-01 -2.8463413731e-01 -2.0753045187e-01
-4.3122647432e-02 -5.4867061046e-02 1.5276836222e-02
-1.5050793873e-02 -1.2944064922e-01 2.5083353098e-01
2.8755443861e-01 -3.9770304911e-01 5.2138510302e-01
2.2076261821e-01 -3.1006575698e-01 -3.9932155657e-01
-1.6119058447e-01 -8.2836316787e-02 -3.6769285463e-01
3.3880984445e-02 -2.1501455005e-02 -3.8294928933e-02
8.9609640686e-02 -4.1277145445e-03 -2.9659741869e-02
7.6505112518e-02 1.1655836760e-02 -7.7368577668e-03
-6.2752112252e-02 -6.0132262740e-03 1.0574555377e-02
-1.1077412715e-01 -5.4387306218e-02 5.2867663206e-02
9.1082706595e-02 1.8877481139e-02 1.0622386746e-01
2.5391236836e-01 8.6099433559e-02 -1.2453382406e-01
9.3430857060e-01 -4.6250221394e-01 1.2242296770e-01
5.8266195326e-01 -8.2540612952e-01 2.6843129285e-01
-1.3650020176e-01 -1.4584383140e-01 -2.4383287596e-02
-3.9135935476e-02 -3.7050149632e-02 -2.9507270135e-02
-5.0460541951e-02 -6.9933649285e-02 1.6126246428e-01
-2.8209795272e-01 -1.5052795172e-01 5.6080553019e-01
-4.7670963020e-01 -4.1338877684e-01 4.5177353039e-02
-1.0912913268e-01 -2.9571505461e-01 -3.1338181035e-01
3.6743647282e-02 -7.5827068307e-02 -1.2669075522e-01
-4.2954871488e-02 -3.7052004458e-02 -4.3019632334e-02
-5.9137872798e-02 -2.3056694411e-02 -1.3723494333e-02
-8.8624001816e-02 -4.5934313752e-02 2.9808298936e-02
-1.0436974665e-01 -4.4814486246e-02 4.0073916445e-02
-6.5499484421e-02 -3.2384395631e-02 2.7476227900e-02
-5.7133619206e-02 4.3229181634e-02 2.2942970241e-02
8.9118675905e-02 -2.1118652259e-01 1.5445793316e-02
1.2042996564e-01 -3.5061156057e-01 -2.5986391060e-01
3.9169667645e-03 -1.9762452672e-02 -2.5474992479e-01
-1.1845525255e-02 -4.5668981755e-02 -4.8689871895e-02
-1.7477047794e-02 -3.9234965048e-02 1.5510739247e-02
-3.8878206405e-01 -9.3975761370e-02 1.1950278216e-01
-9.6920508987e-01 -3.9535446240e-01 5.3909629744e-01
-3.1452138953e-01 -5.0526472717e-01 4.5652256994e-02
-3.0981723474e-02 -3.7018278061e-01 -2.4143550357e-01
-6.1226643120e-02 -8.2339510963e-02 -1.0019828709e-01
-5.7258342000e-02 -2.9047350473e-02 -1.4686576588e-02
-8.1163029724e-02 -1.9796303607e-02 2.3837761194e-02
-5.1871023962e-02 -2.0616736095e-02 2.5905129522e-02
-4.3604084704e-02 -9.6686633120e-03 -4.5635897838e-03
-2.5482874748e-02 3.4685551104e-02 1.6234823566e-02
-6.7819742556e-02 -3.8048666748e-01 2.6443249030e-01
-3.1392298758e-02 -6.2595635869e-01 3.8847188132e-01
3.8783183202e-02 -8.8674176927e-02 4.4461637586e-02
-1.3487581848e-02 -3.6749140261e-02 -3.7226985393e-02
-2.8975287990e-02 -1.8260538306e-02 3.0849879553e-02
-6.6078228304e-02 -3.5252891461e-02 1.5620377748e-02
-3.1501742470e-01 -7.2437656519e-02 1.9220885523e-01
-3.4887912341e-01 -2.1651457348e-01 9.6872283396e-02
-3.2943576324e-01 -2.9547536667e-01 2.1247242656e-03
-2.2810971631e-01 -1.5975601357e-01 -1.4871789932e-01
-6.7678562648e-02 -6.2653877713e-02 -6.0801598566e-02
-6.2533581562e-02 -1.5588138372e-02 3.9119836993e-02
-8.1634900557e-02 1.0087943684e-02 5.8525979245e-02
-6.0312017043e-02 2.6067426762e-02 3.4555812754e-02
-4.3353530285e-02 -2.4144348322e-02 2.7512374754e-02
-2.1614779959e-01 -8.2710915041e-01 6.8314831202e-01
-2.1618523670e-01 -1.2742214467e+00 8.5728473663e-01
1.0280220335e-01 -2.6536787347e-01 1.5265137809e-01
-5.6447488574e-03 -2.1008337541e-02 -3.4675625861e-02
-3.5733332478e-02 -1.4239912286e-02 2.5612370206e-02
-6.2615264813e-03 -3.4373737115e-02 -1.3576499308e-02
-2.5684446488e-02 -2.4258389705e-02 6.4330173278e-03
-1.4888999373e-01 -7.9727954677e-03 9.5826452980e-03
-2.8440172374e-01 -2.9668935583e-03 3.6764461134e-02
-4.3363504740e-01 -7.5057356235e-02 1.6716727530e-01
-1.6520069261e-01 -1.1122906124e-01 1.8797776336e-01
-6.7137400713e-02 -4.6372519962e-02 7.6276576210e-02
-8.7844236961e-02 -4.1138134850e-02 9.2950282164e-02
-5.8672160975e-02 -3.4509558208e-02 3.2233033057e-02
5.2907836979e-02 -8.5646038407e-02 1.5976156146e-01
-2.5003109864e-01 -5.0610318062e-01 5.2170581789e-01
-6.3716089323e-01 -7.3110744661e-01 -3.5055503865e-01
1.8234285592e-02 -1.7331394540e-01 -3.2765452758e-01
6.1736810404e-03 -3.7600982660e-02 -3.7706906622e-02
-3.5642099858e-02 -2.5146148325e-02 3.0532023985e-02
-1.7323303444e-02 -2.7945874738e-02 -9.8056014587e-04
-3.2924451616e-02 -3.6852550291e-02 2.6071754226e-02
-3.5149394708e-02 -2.0550446588e-02 2.5166786649e-02
-8.8841444495e-02 5.2585683333e-04 4.6800608788e-02
-2.8042945901e-01 -1.3941359896e-02 3.2767461778e-01
-4.5784963204e-01 4.1209672788e-02 5.9296830781e-01
-7.2581009318e-01 -3.2859375088e-02 5.3828026050e-01
5.0018341187e-02 -1.1654479558e-01 2.4215972548e-01
6.9337335134e-01 -3.4513122375e-02 7.8918480791e-02
2.6777058406e-01 -4.1440586184e-02 1.3500157692e-01
-2.7650673968e-01 -2.3166700207e-01 -9.4807183985e-02
-7.3143764584e-01 -2.2903109895e-01 -8.9652348243e-01
-9.8895063348e-02 -5.7808144452e-02 -2.9754511721e-01
-1.3921825539e-02 -3.8822467922e-02 -1.3385148200e-02
-2.9028221304e-02 -6.9596114078e-02 -1.6220985798e-04
-6.0143893731e-03 -9.5615882009e-02 -6.3059223387e-02
-3.5218863709e-02 -1.1071418279e-01 -1.3976248616e-02
-6.1429043948e-02 -1.1524587874e-01 -3.7988036304e-02
-3.6520912970e-02 -1.0138750845e-01 3.6464064566e-03
-9.8068588407e-02 -7.0005632465e-02 -6.0146236389e-03
-4.5559916867e-01 -4.6835468966e-03 3.3091772817e-01
-1.2388608517e+00 -1.7574818527e-01 8.8588364568e-01
-1.6389259005e+00 -4.9814327219e-01 7.9455421460e-01
-1.6965679868e+00 -5.6728545880e-01 3.6687119879e-02
-1.4689711957e+00 -4.0842206144e-01 -5.7146772548e-01
-7.6644489107e-01 -2.9492788370e-01 -5.1455995359e-01
-3.3086038505e-01 -1.0903240176e-01 -2.7770308635e-01
-5.9005564799e-03 -5.1201700739e-02 -1.4329947704e-02
3.4830546511e-03 -6.9703545994e-02 1.9174771938e-02
-2.0097229883e-02 4.5165601873e-02 3.3273137221e-02
-6.8200358007e-02 6.9922154581e-02 3.4838906969e-02
-1.2524880450e-01 5.8187545385e-02 3.1733605895e-02
-1.4117001270e-01 5.5544535469e-02 -2.3022383738e-02
-6.0552465055e-02 -1.7367936618e-02 -9.9014454057e-03
7.2822517839e-02 -9.6923950500e-02 4.0710852141e-02
3.0393357998e-01 -2.5065543573e-01 9.9080120627e-02
4.5441229498e-01 -3.9763028060e-01 1.3200012984e-01
5.8433453169e-01 -4.8435407886e-01 1.3745347807e-01
9.9900633990e-01 -6.2717020085e-01 2.5984001454e-02
1.2751574579e+00 -6.6924827420e-01 -5.1250404391e-01
4.7787967006e-01 -3.3107072798e-01 -4.2408139303e-01
-1.5785202422e-01 -1.1930449315e-01 -2.8345265252e-02
-1.3562139518e-01 -1.0468954756e-01 1.8922500593e-02
-1.0817184112e-01 -7.9813181887e-02 -1.0625389482e-02
-1.9170614512e-02 5.3556231838e-02 3.4441305744e-02
-7.2542679872e-02 5.6901077335e-02 3.8947234100e-02
-1.2728689337e-01 2.3055502008e-02 5.0548760341e-02
-5.9582902608e-02 -1.9630027701e-02 5.1638128247e-02
2.0228936308e-01 -2.0919497169e-01 2.1451019410e-01
4.2117528104e-01 -3.2733269303e-01 2.5873447966e-01
4.3548028330e-01 -4.2621651223e-01 2.2185679223e-01
3.6958831036e-01 -4.2536162768e-01 1.7018951566e-01
2.8248759511e-01 -3.4949883770e-01 1.7947542498e-01
5.2893045988e-01 -4.5855904165e-01 1.4258779815e-01
1.2299604647e+00 -8.9007207153e-01 -7.1432056765e-01
1.1740651777e+00 -8.6030469516e-01 -1.3646840399e+00
1.2393032869e-01 -2.1691436510e-01 -3.4237601677e-01
-6.1252856379e-02 -9.8583397907e-02 -1.4875088720e-03
-7.8351176619e-02 -7.1267958236e-02 -3.6820457986e-04
-4.7392911756e-02 6.7857757078e-02 1.4006602327e-02
-1.1408867064e-01 6.6551916991e-02 -5.0908543272e-04
-9.9653941214e-02 -9.0367644795e-03 5.6938289048e-02
1.9526846403e-01 -1.2532827844e-01 1.7628737467e-01
3.7406717502e-01 -2.8241839754e-01 2.5743945364e-01
1.5539958068e-01 -1.2560180330e-01 9.1099959355e-02
-6.4042045323e-03 -5.6660190194e-02 2.8520492310e-02
-1.8164815063e-01 7.0100766292e-02 3.7783149125e-02
-1.3418734887e-01 1.1020680461e-02 3.3920796122e-02
-2.7671866765e-02 -1.6155863118e-01 1.2709767892e-01
1.3279249419e-01 -4.0505117238e-01 -7.0313912984e-02
8.0256305945e-01 -8.5978990724e-01 -9.6413064992e-01
7.4691960818e-01 -5.0019775795e-01 -8.4401239112e-01
1.4678740489e-01 -8.8732332434e-02 -2.1267801068e-01
-6.8651196866e-02 -4.7067581447e-02 -5.0906260924e-02
-3.9826155842e-02 7.6474587834e-02 8.7185945066e-03
-5.7089307207e-02 9.1965801421e-02 1.7699281481e-02
9.8231156545e-02 -5.8675755457e-02 1.4644533269e-01
1.7054983406e-01 -9.2610593746e-02 1.2111963962e-01
-1.5279834483e-01 8.0130539005e-02 -1.5129195375e-01
-2.9258797631e-01 2.5654629956e-01 -2.1180525550e-01
-1.0789781452e-01 1.5865132820e-01 -8.5430762084e-02
-1.4004375938e-01 2.2312706720e-01 2.2432614499e-02
-6.4667300808e-02 1.3953142004e-01 -1.2664585673e-02
-1.6668472456e-02 -1.1404279276e-01 7.9095048693e-02
-1.3311722056e-01 -2.7515444227e-01 2.4289189131e-01
4.2585364418e-01 -7.1040358713e-01 -2.2609187482e-01
1.7772596046e+00 -8.0915353776e-01 -1.2389083664e+00
1.0415747285e+00 -2.1107911854e-01 -7.9491597815e-01
2.1385710844e-02 -6.0209840075e-02 -1.4768300035e-01
-3.7916162354e-03 2.4167179420e-02 4.0037757594e-02
1.9539218525e-02 4.0665872227e-02 5.3323522876e-02
-2.1433215053e-02 2.3531437937e-02 -3.2984943671e-03
-3.5734791630e-01 2.6853123823e-01 -3.3238842032e-01
-5.8507532579e-01 5.2389573269e-01 -5.0160638501e-01
-4.0505415168e-01 5.1304140096e-01 -2.9359820915e-01
-7.8523381132e-02 4.2362104203e-01 -3.8372273099e-02
1.4184735440e-01 6.6131315225e-01 2.1780857314e-01
2.4478881506e-01 7.8333318896e-01 2.4048622645e-01
1.1166179861e-01 6.0805592497e-01 2.2174823611e-01
-9.9327128748e-02 -6.1751891464e-02 3.1988434783e-01
3.8248520587e-03 -4.6642577335e-01 1.6699634508e-01
5.9729284159e-01 -2.8591003857e-01 -3.8171335824e-01
6.6203738139e-01 -1.0945037847e-01 -4.4233595865e-01
-8.1053414892e-03 -6.4801505444e-02 -1.1946269454e-01
1.1060763522e-02 -6.2193617635e-03 8.8655076091e-02
-7.2343859813e-02 1.0459873220e-01 -7.9021297788e-02
-3.9547646137e-01 2.7804385347e-01 -4.2425568125e-01
-6.0209496898e-01 5.4900380968e-01 -5.6682067334e-01
-4.2000290914e-01 6.2433784233e-01 -4.0675631682e-01
-8.7016060653e-02 4.9440692658e-01 -7.2874971135e-02
3.9234991018e-01 8.3314875396e-01 3.5858352505e-01
6.7637327344e-01 1.2912881758e+00 6.5413744589e-01
6.1816552144e-01 1.0724822472e+00 3.9996710450e-01
4.4234828571e-01 7.7508031710e-01 2.2062195863e-01
6.3100673062e-02 -3.3059476645e-01 4.0726651053e-01
5.3086229617e-02 -4.8878619167e-01 2.7721018367e-01
-1.1250191624e-01 -1.6104651379e-02 1.9146491665e-01
-1.0545182987e-01 2.0392067638e-02 1.9320612821e-01
-8.1362737133e-02 -4.0167569140e-02 -1.2401815712e-02
4.6397980985e-02 1.1674216960e-03 9.7646479562e-04
-1.2681230805e-01 8.5687895173e-02 -2.4433515587e-01
-2.8845983579e-01 1.4464804655e-01 -2.9533880835e-01
-1.7624554906e-01 5.4619241171e-01 -2.7627646315e-01
1.5940402595e-03 4.6197965157e-01 -9.6499778637e-02
3.8036131237e-01 5.6793514743e-01 2.3793142788e-01
9.5225195195e-01 1.1709710350e+00 7.0604612386e-01
7.7926920390e-01 9.6095347097e-01 5.8957727671e-01
4.9629774187e-01 5.0548378080e-01 1.7244701420e-01
3.5152311363e-01 4.4004458668e-01 6.4227439276e-02
3.9604866253e-02 -1.2303022446e-01 1.1382370432e-01
6.6734248487e-01 3.0401647350e-01 -6.2894227443e-01
5.5936611670e-01 2.9240357575e-01 -8.0493436474e-01
-3.0088478596e-02 -1.4754906506e-01 -5.1224882102e-02
-5.3126109698e-02 -7.5927442884e-02 -3.6382719545e-03
3.7958991209e-02 2.0554035740e-02 -7.5661317175e-02
-3.6085776290e-02 -8.8799987624e-02 -1.4076321151e-01
8.6431114938e-02 -1.4258694168e-02 -3.0475697224e-02
2.6806632204e-01 4.2355684771e-01 -1.7887152640e-01
3.2467428063e-01 2.2861837474e-01 4.0935837483e-02
7.7689622402e-01 5.5086821574e-01 3.5872614775e-01
7.2772228952e-01 5.9623626437e-01 4.5052825535e-01
3.8366136609e-01 2.9694206527e-01 2.0885500359e-01
3.1231813644e-01 2.5799344568e-01 8.5733576000e-02
8.7666717716e-02 1.1565729114e-01 -1.3008814683e-01
-9.2203545584e-02 4.3776038867e-02 -8.5843612302e-01
4.6599514172e-01 2.0411993119e-01 -1.5170127121e+00
1.1210734322e+00 -2.3516113103e-01 -2.1594304424e+00
2.6962097988e-01 -2.2692103654e-01 -5.5269979254e-01
-5.5023347937e-02 -5.1343249681e-02 -6.9823055446e-03
-1.5089634999e-02 6.3470971882e-03 -7.2536092147e-02
-2.6225926723e-02 -1.3222659045e-01 -1.3483316996e-01
8.1044955194e-02 -1.0677340100e-01 -1.2502945442e-01
1.1139584045e-01 7.6721503027e-02 -1.9701687302e-01
1.1547799294e-01 1.0779936752e-02 -3.1370086492e-03
2.5975529884e-01 1.1977020267e-01 4.8902181990e-02
1.1812337540e-01 7.7820829355e-02 4.3656379405e-03
2.3121198955e-01 2.1183677079e-01 4.6837453338e-03
2.0370258742e-01 2.2151288294e-01 3.2481605464e-02
-4.9652610227e-02 -1.7603408610e-02 -1.2476927737e-01
1.9244385154e-01 3.9819911706e-02 -8.7062143391e-01
6.6048825585e-01 -2.9667278744e-01 -6.8850659225e-01
3.5057157356e-01 -1.1678868516e+00 -3.4371497063e-01
-4.6169127430e-02 -3.7096747653e-01 -1.6689880029e-01
-7.1304317633e-02 -4.5660059615e-02 -2.3398712905e-03
-3.9559001696e-02 -8.0908915926e-02 1.0024860463e-01
-9.6849331370e-02 -2.5356102837e-01 2.8502410482e-01
-4.4223006434e-01 -2.9920817428e-01 -4.2580073831e-01
-4.8940636335e-01 -2.4811394538e-01 -3.1629022862e-01
-2.5767932453e-01 -1.3501184488e-01 -9.8048269425e-02
-1.9793070967e-01 -9.2623826915e-02 -8.4071015633e-02
-5.4221299095e-02 -7.0761099896e-02 -4.1991587734e-02
4.5267196117e-02 1.7778241248e-02 3.1382199449e-03
-9.2060565194e-03 -3.7506743579e-02 2.3642138743e-02
-6.3978283806e-02 -5.5153312226e-02 3.0694208798e-02
2.6720519402e-01 2.6023841307e-02 -1.3157614834e-01
8.3863595253e-01 -6.0651995361e-01 4.6629982548e-01
4.2113837082e-01 -1.1159441421e+00 1.3219405293e+00
-1.5828992359e-01 -1.6349692638e-01 4.7078352131e-01
-7.0565139169e-02 -5.9548689809e-03 -2.9414178843e-02
-2.6812949552e-02 -6.5573877261e-02 4.9401805045e-02
-2.7453588728e-01 -2.4174904177e-01 1.0136292901e-01
-7.1375331044e-01 -6.3283923930e-01 -1.9456727783e-02
-3.3205568407e-01 -2.8883481260e-01 -1.9296895474e-01
-5.7700163547e-02 -3.8998931485e-03 -1.9931961832e-01
-1.0259539339e-01 -2.9769655262e-02 -4.7828744853e-02
-7.6209774798e-02 -3.5713065962e-02 -2.0761059579e-02
-7.8294635180e-02 -5.2583447818e-02 1.3690516009e-02
-7.4808832136e-02 -6.9606174218e-02 1.6107453754e-02
-9.2991777062e-02 -5.5672402883e-02 3.0588102986e-02
-8.6071481133e-02 -5.5668538758e-03 9.4299661078e-02
1.1310903387e-01 -5.2670564435e-01 5.3729919569e-01
1.5952177005e-01 -6.5535141236e-01 7.9685419101e-01
2.2675771558e-03 2.4551129153e-02 1.6021216532e-01
-3.4716655433e-02 -3.8090896423e-03 -5.4351171376e-02
3.6959674354e-04 -4.9724325259e-02 -1.6484533707e-02
-2.2386224940e-01 -1.8088573019e-01 3.6646805279e-02
-8.2566539986e-01 -6.5355292965e-01 4.6236059795e-01
-4.2779418574e-01 -4.6913558026e-01 3.5566605205e-02
-2.5174855969e-01 -2.3138439403e-01 -1.1003482791e-01
-1.2582503091e-01 -4.6927714614e-02 -1.0908126215e-01
-5.2046833052e-02 -1.3281411221e-02 -7.6903352978e-02
-8.1214072490e-02 -3.2427490505e-02 -2.9047533355e-02
-7.1101949261e-02 -4.6290489382e-02 -2.1437695025e-02
-7.1727485281e-02 -3.6220260619e-02 -2.3584795531e-02
-5.5133179567e-02 -1.0327927293e-02 2.4411635041e-02
1.3268287321e-01 -4.4044183802e-01 5.9410617527e-01
3.2209935448e-01 -6.4873085966e-01 1.1345224962e+00
1.4631658277e-01 -4.0639786288e-02 3.1559090113e-01
-2.9535865376e-02 -1.3101927794e-02 -4.3481513367e-02
-2.4179209834e-02 -3.1669440748e-02 3.1549457863e-03
-4.9686212124e-02 -5.7859371452e-02 -1.8026829636e-02
-2.6796319936e-01 -1.8134737210e-01 1.2949866600e-01
-4.5908122867e-01 -3.7816414970e-01 1.7405818004e-01
-5.6056889968e-01 -5.3512290249e-01 2.2493626554e-01
-2.7295450661e-01 -2.1099507685e-01 -6.3286628966e-03
-5.7356908773e-02 -5.9472056045e-02 -4.5626646854e-02
-4.0859563874e-02 -2.0599477804e-02 4.4135454895e-02
-5.7451264831e-02 -8.6649342517e-03 3.7732705510e-02
-6.9659853946e-02 -3.1736433655e-02 3.9568178649e-02
-5.3406201525e-02 -3.5686849277e-02 -3.0645462007e-02
-2.5270661106e-03 -5.6767660845e-01 3.3807393317e-01
1.0126512480e-01 -8.4286325595e-01 4.3093776529e-01
1.6431844737e-01 -1.8791379785e-01 -1.0214870858e-01
-2.1697044052e-02 -1.2151672349e-02 -6.2706137640e-02
-2.8232459793e-02 -3.2035417310e-02 -7.1737251733e-03
-4.2574643137e-03 -4.9161203980e-02 -4.2814016098e-02
-1.7687434644e-02 -5.5027538903e-02 1.4195785019e-03
-1.2057500680e-01 -1.1442394760e-01 4.1656950377e-02
-3.2783621968e-01 -2.7914615416e-01 1.5518178251e-01
-5.2935019453e-01 -3.4722482635e-01 4.1368802484e-01
-3.2821072483e-01 -4.3378713727e-01 4.1383356233e-01
-1.0943335722e-01 -2.2127352237e-01 2.1076379135e-01
-1.9994772322e-02 -1.3333328396e-01 1.4591438307e-01
1.6482579474e-02 -1.0054094276e-01 1.3101397889e-01
2.2985388726e-01 -1.0988294759e-01 1.1559493807e-01
9.0670176579e-02 -3.5805486340e-01 -3.6778373676e-02
-4.9148439772e-01 -5.7402534403e-01 -1.2970617454e+00
-5.0027514792e-02 -1.4999382688e-01 -6.7510898913e-01
-2.2421054421e-02 -4.3894597641e-02 -6.0725439548e-02
-2.6547631050e-02 -4.0151742959e-02 2.2538050313e-02
-4.0005284228e-03 -4.7962210065e-02 1.0723901918e-02
-8.8133409764e-03 -5.0690113222e-02 4.4056417335e-02
-9.9461888456e-03 -4.8850664178e-02 4.3550431374e-02
-8.1178864665e-02 -6.2977183497e-02 8.3403121469e-02
-3.1048735045e-01 -2.2862569766e-01 4.4231831626e-01
-6.1361419512e-01 -5.5310327109e-01 8.1701105015e-01
-7.9372634667e-01 -5.9241823086e-01 6.4424348115e-01
-3.7665621727e-01 -4.6516000638e-01 4.5290507678e-01
-3.9988994366e-02 -2.6977575856e-01 2.5117492202e-01
-1.0498600151e-01 -3.0772427651e-01 8.0991877899e-03
-4.0998191858e-01 -4.8691899454e-01 -2.5198264424e-01
-4.8630891458e-01 -3.8562829435e-01 -8.2814564287e-01
-9.2706635080e-02 -9.0992687670e-02 -2.7781284226e-01
-2.4118052083e-02 -4.1912635999e-02 -2.6253333924e-02
-1.3321526841e-02 -7.4127136183e-02 -6.1852117506e-03
7.3501142879e-03 -1.0633519236e-01 -5.1441578189e-02
3.8009938318e-03 -1.1940695698e-01 1.6148575440e-02
-1.5517890804e-02 -1.3093954581e-01 -7.0946832796e-03
3.1615896583e-03 -1.0232239051e-01 2.7764815009e-02
-6.1190686569e-02 -1.0092693199e-01 9.9110045771e-03
-3.6639299153e-01 -2.1407391623e-01 2.6961540575e-01
-9.7181914586e-01 -5.3947929513e-01 6.3592244289e-01
-1.2895476734e+00 -8.8224414385e-01 6.8344115151e-01
-1.2831031573e+00 -9.4023222872e-01 1.9336331470e-01
-1.0603101395e+00 -7.3849916953e-01 -2.4810253241e-01
-7.4558433414e-01 -4.9563623650e-01 -3.0820327235e-01
-2.4894568650e-01 -1.4988081104e-01 -1.2509759538e-01
-4.2911041556e-03 -5.0516608309e-02 1.2792553751e-03
-6.7014136671e-03 -6.5798709286e-02 1.5977096873e-02
3.0252987153e-03 3.2700303310e-02 5.8252819632e-02
-1.8228236101e-02 3.7500360528e-02 6.3136410670e-02
-6.8916664387e-02 3.7262706374e-02 8.4368805459e-02
-7.6742922245e-02 3.1085362985e-02 2.7307954197e-02
-3.7551622068e-02 3.3333226786e-03 1.4126763288e-02
-1.6864858301e-02 1.3034910576e-02 1.1859421385e-02
4.5335811383e-05 -1.7973408626e-02 2.9920420550e-02
9.9007885522e-03 -3.4490425298e-02 2.8561599405e-02
1.0553821932e-01 -1.0678653579e-01 7.4885371369e-02
2.3680078759e-01 -2.3797454550e-01 8.6208505693e-02
3.2448432909e-01 -3.4185461016e-01 -8.6872838948e-02
3.4337801099e-02 -1.6691042418e-01 -2.6903488992e-02
-1.5478723531e-01 -8.4945580587e-02 9.0396049309e-02
-1.4750642187e-01 -1.1648028845e-01 6.2984947418e-02
-1.1415314830e-01 -1.0329489103e-01 2.4250584376e-02
9.3754120649e-03 3.4882764574e-02 6.2319997793e-02
-1.5473266512e-02 4.4911568689e-02 5.8154868089e-02
-5.9599483707e-02 2.0441559939e-02 9.2802928096e-02
-4.6080417227e-02 3.3440920587e-03 5.3346265889e-02
2.0464533642e-02 -6.2437717858e-02 8.7997644488e-02
5.6896297846e-02 -7.5509230898e-02 8.0362320975e-02
7.9662122088e-02 -1.3860991987e-01 9.9316697072e-02
2.0807079308e-01 -2.3401728357e-01 1.0364165423e-01
3.3861637901e-01 -4.1756325355e-01 1.9021511727e-01
6.3719879573e-01 -8.1859568332e-01 1.2125028789e-01
1.0559814918e+00 -1.3198456199e+00 -5.1294299174e-01
5.6121232369e-01 -7.8964366899e-01 -6.1520235060e-01
-1.6208853210e-02 -1.4979804184e-01 -2.4775561271e-02
-8.3284775593e-02 -1.0810664160e-01 6.0462493960e-02
-5.5703035760e-02 -7.9161936484e-02 3.2434935133e-02
-2.4248932346e-02 5.1195124089e-02 4.8206502712e-02
-5.7860349932e-02 5.3272146350e-02 4.9078330327e-02
-1.2074931457e-01 2.7793977596e-02 7.2137507581e-02
-1.2509042080e-04 -1.7190494574e-02 8.4688741796e-02
9.6013322715e-02 -9.5568417603e-02 1.1913156660e-01
7.4291022129e-02 -4.1314769254e-02 6.0543550506e-02
2.5305074591e-02 -1.4394163444e-02 4.4405656066e-02
5.9802524813e-02 -7.3638527839e-02 7.0957739333e-02
1.5250176671e-01 -2.3038536764e-01 8.9275189037e-02
2.3848892857e-01 -5.7566329760e-01 1.8969522033e-02
5.7898539205e-01 -1.1108861483e+00 -5.0343045022e-01
6.6970418802e-01 -9.4410571904e-01 -7.7682715353e-01
3.8959564504e-01 -2.9448167303e-01 -3.1364354459e-01
2.2708968332e-02 -9.5724018439e-02 -6.1190450858e-02
-7.7170024025e-02 -4.8617818337e-02 -5.3432234385e-03
-2.1828261718e-02 6.0719632246e-02 3.4328553786e-02
-3.9518066395e-02 7.5454179544e-02 3.6132280715e-02
-5.4332335946e-02 7.0843839959e-03 6.4342775194e-02
6.1015894619e-02 -3.4504706854e-02 6.5710071060e-02
3.9647875776e-02 -8.8404558161e-03 2.8558950617e-02
-8.4262369453e-02 1.2979004766e-01 -7.3424000233e-02
-1.0539505700e-01 2.8037540677e-01 -5.5752786129e-02
-3.2387089741e-02 3.5048103333e-01 5.1936594484e-02
9.7440963968e-02 1.6906491842e-01 4.3974397772e-02
8.8809362098e-02 -1.9003824758e-01 2.5932560174e-02
9.6615155011e-02 -2.7542171756e-01 3.6331271202e-02
7.8471095819e-01 -5.5001521617e-01 -4.0571358821e-01
1.5778323176e+00 -6.9188489169e-01 -9.3616055602e-01
6.0438601094e-01 -3.1446764138e-01 -5.3431930354e-01
-2.8974214877e-02 -7.8420548113e-02 -8.8474972756e-02
-1.5775725379e-03 3.4990583338e-02 5.9082312836e-02
-8.8391344735e-03 8.0581898796e-02 8.3583732621e-03
-4.7740906737e-02 6.1238166365e-02 2.5910191448e-03
-5.3262487321e-02 6.3509550722e-02 -2.7432895811e-02
-1.7336455307e-01 2.8069923283e-01 -1.2627573744e-01
-2.1817560046e-01 6.2155121972e-01 -1.7621691750e-01
1.5133828998e-02 8.3760980267e-01 4.0909094136e-02
2.5187309361e-01 1.0685570654e+00 3.3995200700e-01
2.3408755492e-01 7.7028823991e-01 2.4390867368e-01
1.6285002119e-01 2.6715130601e-01 1.3297206579e-01
1.5686097469e-01 -5.4888337781e-02 1.1565975146e-01
5.7197357816e-01 -5.1325094829e-01 -2.2739499348e-01
1.0472060800e+00 -1.4562443308e-01 -7.4488306244e-01
4.3742170984e-01 -8.0602285763e-02 -6.8261297200e-01
-3.3507703771e-02 -8.8453284787e-02 -1.4048719995e-01
1.8498893543e-02 -5.8430919491e-03 8.0922426657e-02
-2.9660690039e-02 5.8255009131e-02 -4.3281513213e-02
-1.1202078087e-01 1.7132659139e-02 -4.2332308186e-02
-9.7840908245e-02 1.6366678821e-01 -7.5253816678e-02
-9.9046532521e-02 7.7650617013e-01 -2.1948081678e-01
9.9852353571e-02 1.0490439156e+00 2.6460157854e-02
5.4520351830e-01 1.2444662348e+00 4.8185382976e-01
5.4950582609e-01 1.2063094624e+00 5.5790032607e-01
2.2567643806e-01 4.8463903060e-01 2.0017383588e-01
6.2644077248e-02 1.3822499875e-01 4.3224815845e-02
-2.7094338339e-02 -4.3048961772e-01 -1.2630359975e-01
3.4317734711e-02 -8.4282729311e-01 -3.0838731420e-01
-2.6536579280e-02 3.0144592922e-01 -5.4070100872e-01
-1.1114008925e-01 3.6462698015e-01 -4.4929944867e-01
-7.0282104531e-02 -4.1492401447e-02 -8.9238791688e-02
3.0943671949e-02 -2.3667625150e-02 7.2377416044e-02
2.0983442546e-02 -3.4082214554e-02 2.8574547262e-02
3.7202911559e-02 -5.0584918349e-02 1.2910254446e-01
1.3819566470e-01 5.5689080801e-01 -1.8713278033e-02
3.2640841340e-01 9.0229597099e-01 1.0502486230e-01
5.2117621381e-01 9.2401277245e-01 3.4576635444e-01
6.0705548501e-01 1.0343150225e+00 4.6515655590e-01
3.8447577357e-01 7.1611100145e-01 2.5643875756e-01
1.9475518974e-01 2.2601647521e-01 2.5651936882e-02
1.6815667927e-01 2.3872309017e-01 -5.7711283851e-02
-4.7147774930e-02 3.5592956641e-02 -6.4313639878e-01
-1.1593811360e-02 -5.1474694920e-01 -1.1686205294e+00
-2.5444123122e-02 -1.3999742676e-01 -1.4141848598e+00
-8.4887460762e-02 2.1743828460e-01 -3.5628114264e-01
-4.0835327837e-02 -4.2740722981e-02 -1.1616158404e-02
1.9342771483e-02 -1.3124703913e-02 2.0656027322e-02
1.0251730199e-01 -8.5126785342e-02 7.6547395130e-02
2.7715021368e-01 -3.4051042129e-02 2.7259263607e-01
3.0412479645e-01 1.9337577101e-01 2.2171760084e-01
3.2994801665e-01 2.3810849866e-01 3.0819349009e-01
4.3882433891e-01 5.4831840301e-01 2.0851471901e-01
3.3923397397e-01 5.2082397280e-01 1.8086480527e-01
2.6228103256e-01 3.7588258938e-01 4.5855308446e-02
4.1529079329e-01 3.9758602984e-01 8.3484602808e-02
3.7066658170e-01 3.6468145876e-01 -1.0390825327e-01
2.6176534532e-01 2.7158874995e-01 -8.1201291087e-01
-3.0886546888e-01 -7.4876893994e-01 -7.5572522128e-01
-2.4656973146e-01 -1.1902610874e+00 -1.7664476873e+00
1.3924519848e-02 -1.2946426853e-01 -4.1821580131e-01
-4.7911006451e-02 -5.2604024957e-02 2.4515084591e-02
-3.7651993528e-03 -3.4673198505e-02 4.3558381195e-03
1.6198922574e-01 -1.8748198483e-01 1.0662698501e-01
4.1826468445e-01 -5.9709729476e-01 6.2763582517e-01
9.4171594514e-02 -3.2005131406e-01 2.1856205015e-01
-3.3194858906e-02 -2.6059932751e-02 -7.3299534296e-02
1.2145457578e-01 1.2631162297e-01 -5.1506878125e-02
-2.2771595129e-03 1.0495064037e-01 -3.5875623039e-03
9.1977398511e-02 1.4496366397e-01 1.4943095710e-02
1.9842495773e-01 2.0436869082e-01 4.7850137461e-02
1.2976757213e-01 1.1520161169e-01 -2.4256583938e-02
2.6116611888e-01 7.9287062590e-02 -3.2834102914e-01
2.2722038023e-01 -5.0903583286e-01 -3.7633701692e-01
5.5636545083e-01 -1.0302177641e+00 -1.3856684301e+00
2.0594428088e-01 -2.3302234556e-01 -5.7528208352e-01
-3.5888982570e-02 -4.9895473685e-02 1.7853102239e-02
-9.4613057340e-03 -5.9395585694e-02 3.1842840707e-02
-2.7200496693e-02 -3.3945395822e-01 1.9403526669e-01
-1.6636739010e-01 -9.1448242644e-01 5.0312725436e-01
-1.4987127166e-01 -2.2825630229e-01 -4.2011142720e-02
-1.6441046371e-02 3.9890249544e-02 -3.7379024080e-01
-5.2426678957e-02 2.1416562171e-02 -1.7275105302e-01
-4.9801690339e-02 -6.0908446228e-04 -2.2573721999e-02
-3.4556012386e-02 -1.6963827081e-02 1.2972464685e-02
-1.5221204768e-02 -4.3300749133e-02 3.3724361656e-02
-5.3952746921e-02 -4.7314062793e-02 6.3528776532e-02
1.0140802080e-01 2.3116573122e-02 3.7229321985e-02
5.8196175617e-01 -2.3368526624e-01 -1.3600883963e-02
7.7857170625e-01 -5.0634541733e-01 -1.8872538762e-01
1.6710262839e-01 -8.6542008743e-02 -2.3910145326e-01
-3.6104508388e-02 -2.9973277286e-02 -2.0251741335e-02
1.3847387833e-02 -4.9271240581e-02 1.8380250954e-02
-7.7453097143e-02 -2.2616451406e-01 4.1172461900e-02
-4.3418672178e-01 -6.8211447911e-01 2.4105655199e-01
-2.6074334675e-01 -1.9622561670e-01 -1.6299048099e-01
-1.5626617614e-01 -7.0510451215e-02 -1.7434046915e-01
-4.2199393776e-02 1.6622965161e-02 -1.2679460702e-01
-1.3343015904e-02 4.3300183460e-02 -9.5568824854e-02
-3.2229260564e-02 -2.0838438514e-02 1.0655129075e-02
-2.7905017862e-02 -3.6993238947e-02 3.2485029223e-02
-6.0246768892e-02 -2.6738108669e-02 2.5984165733e-02
-6.2975664984e-02 1.0851958920e-02 7.5572127204e-02
7.6267627889e-02 -2.6550484413e-01 4.1125210338e-01
2.9884941881e-01 -3.0127047477e-01 6.1702704138e-01
1.8962410265e-01 1.1472113284e-01 -2.0630788365e-03
2.7440155775e-03 -1.5325329498e-02 -3.9253281729e-02
1.4336786615e-02 -5.0847303397e-02 6.9433169120e-03
-1.3286104059e-02 -1.1654903091e-01 1.4229701537e-02
-2.7869679252e-01 -4.2272954060e-01 1.6831968681e-01
-3.2692020245e-01 -4.6001474429e-01 -3.2007755710e-03
-3.0690904002e-01 -3.4025248325e-01 1.7311772521e-01
-9.2506388621e-02 -8.8448620580e-02 -5.0132908722e-02
-7.3788203580e-02 -6.4400200999e-02 -1.6896684878e-01
-2.9255856720e-02 -4.5281290049e-03 4.7017041086e-03
-1.0100967759e-02 -1.7009666606e-02 3.2213616640e-02
-4.7611315049e-02 -2.4262646840e-02 -3.2519872982e-03
-1.4518449691e-02 -9.4864391221e-03 -3.3282769437e-03
1.6047790298e-01 -2.8305078007e-01 1.1442204969e-01
2.9805474296e-01 -3.4473055652e-01 -1.4454230434e-01
2.4477593610e-01 9.4588660335e-02 -2.9767472965e-01
-2.2828995925e-03 -1.0387069098e-02 -4.8919648211e-02
-9.5975573240e-03 -4.6123568803e-02 3.0154950191e-03
1.8693150393e-02 -5.7775180545e-02 -2.8356546271e-02
-5.5272905178e-02 -9.8583751807e-02 -5.3353889171e-03
-2.0481629249e-01 -2.3626586916e-01 -3.4596151526e-02
-3.5076389245e-01 -3.9458806098e-01 1.3902064278e-01
-2.1793022331e-01 -3.8273094281e-01 2.0116858978e-01
-1.6771027046e-01 -3.6894723341e-01 1.8477815125e-01
-2.5999721230e-02 -1.6142569825e-01 1.9825073154e-01
1.8870437510e-02 -6.2139987374e-02 1.5845897179e-01
1.1614923648e-03 -1.2067298801e-02 1.0320984132e-01
1.1269934142e-01 1.0903637186e-02 3.5931541134e-02
2.2789700073e-01 -2.4900119288e-01 1.7916440227e-02
-4.6982341758e-02 -5.7211464482e-01 -1.1888749457e+00
4.9966642801e-02 -1.2165375069e-01 -8.5592096687e-01
-1.8715333373e-02 -1.9895886033e-02 -7.8440508737e-02
-1.2888687402e-02 -4.8213515072e-02 2.2247399091e-03
1.4456150475e-02 -5.8659306005e-02 -3.2804663724e-02
7.1359734847e-04 -5.4682634618e-02 4.2219722796e-03
-1.6684358120e-02 -5.4120770725e-02 -6.8244477552e-03
-1.0442734094e-01 -1.6895986118e-01 1.1599778151e-01
-3.0816628056e-01 -3.6439905682e-01 3.3083003661e-01
-5.3098449833e-01 -6.8697780656e-01 5.3319501799e-01
-4.1303382941e-01 -6.3232193472e-01 5.1800504643e-01
-1.9881713306e-01 -4.8912757406e-01 4.2121769074e-01
3.4672229271e-02 -1.7219464443e-01 2.4968120449e-01
1.0054830724e-01 -2.2994582517e-01 1.0194658799e-02
-6.6796955402e-02 -5.4044583002e-01 -8.5967703548e-02
-3.4509793185e-01 -6.0446176852e-01 -1.2030365288e+00
-1.2502338268e-01 -1.7750090385e-01 -6.2983427078e-01
-1.3769934489e-02 -5.3731846621e-02 -4.1329265198e-02
-5.2945842986e-03 -5.1502643191e-02 1.3895244267e-02
1.1961843090e-02 -5.4725576835e-02 -3.5547303341e-03
-4.0302083245e-03 -5.5996122598e-02 4.0516446536e-02
6.9869200063e-03 -5.0207189059e-02 2.6070169760e-02
-3.3961746812e-03 -4.0669449779e-02 5.7908252348e-02
-1.6934674319e-01 -1.5730713915e-01 1.3629832781e-01
-4.8441063828e-01 -5.3856887653e-01 5.2611204985e-01
-7.6074623384e-01 -8.6650795871e-01 7.6303507595e-01
-8.0774458571e-01 -1.0042940781e+00 6.6309405604e-01
-6.4737970508e-01 -7.7059172651e-01 4.3006583332e-01
-4.9152335519e-01 -7.3136367888e-01 -5.2546630213e-02
-6.3218008994e-01 -8.7830324975e-01 -2.6583033355e-01
-3.2053504237e-01 -4.4186904413e-01 -4.5115725374e-01
-3.5688703580e-02 -1.1405428272e-01 -1.2336683299e-01
-7.6780300337e-03 -5.1715223547e-02 -1.7344733799e-02
8.2338631541e-03 -8.4284750876e-02 4.4960259009e-04
3.1745611532e-02 -9.6238208492e-02 -4.1053015888e-02
1.6403795834e-02 -1.0500568344e-01 3.2630804245e-02
1.6164865781e-02 -1.0895732672e-01 1.6366635250e-02
2.6128847790e-02 -1.0101752119e-01 3.0271338070e-02
-5.9499016526e-03 -9.6062804220e-02 -5.0231276594e-02
-1.2194718472e-01 -1.7414451117e-01 8.3491489050e-02
-4.4548656799e-01 -4.2536562709e-01 2.7881137836e-01
-7.0448401842e-01 -7.5894945009e-01 3.7594311358e-01
-7.5622300145e-01 -8.6712270591e-01 2.0877103034e-01
-5.6537733638e-01 -6.6867249359e-01 -4.2050297008e-02
-3.2350975806e-01 -3.7837692019e-01 -5.0809524178e-02
-4.4791540946e-02 -1.0805058089e-01 2.3899321437e-02
4.8289225555e-02 -4.4780159203e-02 2.4736937317e-02
2.3576582403e-02 -6.9162593463e-02 1.4021789735e-02
1.3965886378e-02 1.1781232845e-02 8.9327408447e-02
-3.0583976890e-03 1.2371713418e-02 9.7553765809e-02
-2.2744643525e-02 8.3857214150e-03 1.2501728025e-01
-6.3975796274e-02 -9.3543190753e-03 7.1502074006e-02
-3.9936858613e-02 -1.7896380743e-02 6.7067832326e-02
-6.8356707813e-02 1.0475001460e-02 4.7096500099e-02
-5.4701521098e-02 6.5774790205e-03 5.9242570528e-02
-8.4389987674e-02 3.4002861324e-02 5.2729842299e-02
-7.7872935782e-02 2.1553137947e-02 6.9638456131e-02
-1.0362816986e-01 1.8083827221e-02 1.0754342833e-01
-9.2259453827e-02 -1.7286246416e-02 1.1308226703e-01
-1.1749647264e-01 -4.1741270465e-03 1.4741756753e-01
-1.4603291952e-01 -4.1492824001e-02 1.7111272751e-01
-1.2680281492e-01 -7.4711617301e-02 1.1209071557e-01
-1.1934623185e-01 -5.0314548627e-02 4.9824049964e-02
3.7079712263e-03 2.2385465815e-02 9.7643829654e-02
-1.9135688287e-03 8.0083036881e-03 1.0114259301e-01
-2.9354788063e-02 -6.1210380616e-03 1.2694925781e-01
-6.5285762017e-02 -7.0609604574e-03 8.8464444141e-02
-5.4800045757e-02 -3.7158101983e-02 8.9103577717e-02
-5.0266817800e-02 -1.9442517197e-02 7.6537125175e-02
-6.4369659871e-02 -3.7495450274e-02 8.2500895270e-02
-5.0900863698e-02 -4.1413871596e-02 6.4926834043e-02
1.7092227806e-03 -1.2603725194e-01 1.0885910873e-01
4.1250169040e-02 -2.5739237086e-01 1.2057238137e-01
9.1142426854e-02 -3.5885832039e-01 1.9758101116e-02
-3.3410547422e-02 -1.6073869564e-01 3.8447088787e-02
-9.1655659107e-02 -4.0545649444e-02 1.5213287841e-01
-7.2320964510e-02 -6.3846104389e-02 1.2319277759e-01
-6.1839950648e-02 -2.9244128410e-02 5.2783590813e-02
-1.8077362335e-02 3.6079186455e-02 8.0533554653e-02
-4.5860788962e-02 2.4484007576e-02 8.9180187077e-02
-9.6574383729e-02 1.3760817383e-02 1.1727742923e-01
-7.7883700760e-02 -9.3864370419e-04 8.4209696027e-02
-6.1764791568e-02 -5.2714477511e-03 6.7692618849e-02
-7.3861417749e-02 1.6969961259e-02 4.8572998809e-02
-3.7220328818e-02 -2.0045395890e-02 5.6576159794e-02
9.8695631739e-03 -9.8161379325e-02 7.4418131666e-02
1.7382658362e-01 -2.5817248864e-01 9.9389804373e-02
2.9325411748e-01 -5.7958513045e-01 4.6346006839e-02
4.3360759433e-01 -7.6088770477e-01 -1.5401501491e-01
4.8513338899e-01 -2.3611892849e-01 -1.8392528966e-01
1.9604534755e-01 1.0430385004e-02 -4.4191540041e-02
-3.8521515829e-02 -8.8645428801e-03 2.5852649114e-02
-9.2097325230e-02 -2.4174675861e-03 1.0728248596e-02
-2.8001278948e-02 5.0282419437e-02 6.5626874540e-02
-5.1646899332e-02 3.6762975532e-02 7.7560650873e-02
-8.2429775929e-02 8.8789037989e-03 8.7217089258e-02
-5.9441221252e-02 2.2714706157e-02 3.8025646747e-02
-1.9987713521e-02 -3.3443015121e-02 3.5188989301e-02
4.0772470683e-02 -6.0502712805e-02 2.9371080930e-02
9.0241339643e-02 1.0674191797e-01 7.4481161246e-02
2.6743957379e-01 3.1073597672e-01 1.8909459240e-01
5.2560790456e-01 1.5393621943e-01 2.6325944324e-01
5.9967303147e-01 -3.5850208541e-01 2.4310922315e-01
8.9424909837e-01 -4.6790486821e-01 8.4008975249e-02
1.5204492908e+00 -1.3415589757e-01 -5.4728803757e-01
1.3304143107e+00 1.4737550939e-02 -1.1243985203e+00
2.5004191084e-01 -6.3304503781e-02 -3.4308380575e-01
-5.0937948620e-02 -1.9468399852e-02 -5.0980806027e-02
-9.3856674295e-03 2.3800067469e-02 6.3129446306e-02
4.0655357278e-03 8.4274417255e-03 7.9250199895e-02
-4.6784625201e-02 -2.7661401779e-02 9.8188658362e-02
9.5233502430e-04 -7.6181313857e-02 1.0751663416e-01
6.2357080167e-02 -6.2340064194e-02 1.0093164357e-01
2.2786714814e-01 2.4061297958e-01 1.3729045304e-01
6.4028185540e-01 4.9792669029e-01 4.3121913794e-01
9.6393023926e-01 5.4942749377e-01 5.5331774468e-01
8.9795022008e-01 2.5266325029e-01 3.2939419924e-01
7.7521836989e-01 -1.6476278138e-01 2.3362917650e-01
6.9392832734e-01 -2.7682469138e-01 -1.2856717099e-01
6.4341381173e-01 -7.8084438703e-01 -7.5604913404e-01
1.1938206237e+00 -6.5067428765e-01 -1.4897095412e+00
5.8679609778e-01 -5.4199948889e-02 -1.0717778841e+00
-2.0606003662e-02 -1.3341668841e-02 -1.6666421192e-01
2.8734155766e-03 -5.6971087909e-03 9.4810612849e-02
4.5504741722e-03 -3.3970932639e-02 9.3206641134e-02
1.3326307715e-02 -1.4712595929e-01 1.6763917102e-01
1.2618330425e-01 -1.1755295203e-01 1.9360673199e-01
3.3725065123e-01 4.1720175407e-01 2.7222202400e-01
8.4192217881e-01 6.3078429621e-01 6.5574282710e-01
9.6336041066e-01 4.9115200645e-01 6.7495540271e-01
5.1404596589e-01 2.1839872323e-01 2.9795504325e-01
1.6270749111e-01 1.7468102488e-02 6.6721374265e-02
1.4793416678e-02 -1.5091524303e-01 6.3774486631e-02
-9.1633069925e-02 -4.7517605090e-01 -5.9460958007e-01
-5.9702454084e-02 -1.3934425934e+00 -4.9111780586e-01
3.1438970924e-01 -5.3562369679e-01 -8.1781013594e-01
4.0787060388e-01 6.2720632844e-01 -1.6559560046e+00
-9.1218777809e-03 7.3884107011e-02 -3.2879073224e-01
4.6042634290e-03 -3.1068894382e-02 9.7131292141e-02
3.7837523952e-02 -6.5784057232e-02 1.0520805416e-01
4.9810439582e-02 -1.4893635517e-01 2.2247291811e-01
3.5972598536e-01 1.7480167364e-01 3.4490412813e-01
8.4852958255e-01 3.7755588533e-01 8.3530962337e-01
8.0173285997e-01 4.4562850476e-01 7.3022631494e-01
2.6149511135e-01 3.6393075082e-01 1.9448022032e-01
3.7899498186e-02 1.8874200450e-01 -2.6530972453e-02
5.9015248961e-02 1.1855823456e-01 1.9150348782e-02
1.8689090119e-03 1.0582788514e-01 2.4065981812e-02
-3.2449361293e-01 -1.4316065519e-01 -6.3335028534e-01
-4.9092679194e-01 -1.6678751343e+00 2.8754005508e-01
-4.2542853797e-01 -2.0599576686e-01 -4.4721207458e-01
-2.8695570762e-01 1.2202779935e+00 -1.2513715983e+00
-6.5099953625e-02 1.8453195440e-01 -2.9761030585e-01
-6.8627864581e-03 -2.4372915776e-02 6.1649088275e-02
2.4445352435e-02 -8.1019243018e-02 9.5476463232e-02
1.7918925333e-02 -1.5150218768e-01 2.5011433767e-01
3.5723366808e-01 -2.2383875234e-01 6.8440760338e-01
5.3935848697e-01 -1.6408697122e-01 7.0571834207e-01
2.2509363390e-01 6.5261401858e-02 1.0916909793e-01
3.8651352700e-02 1.1980452501e-01 7.4647804159e-03
2.8629654007e-02 1.7215626798e-01 5.9597861513e-03
1.2459772347e-01 1.6598699714e-01 3.7650860694e-02
8.6502527992e-02 1.5848850164e-01 3.3230216754e-02
-7.5635480445e-02 1.1923000517e-01 -3.1074406362e-01
-6.4427631545e-01 -1.0069216425e+00 1.6543586106e-01
-4.3754914569e-01 -6.3735295117e-01 -2.4556321964e-01
-2.7066776059e-01 3.9429416909e-01 -2.5887748494e-01
-9.2386390168e-02 1.5485294789e-01 -1.1721131779e-01
-1.2467681123e-02 -3.7967822309e-02 4.4041289259e-02
1.1969283327e-02 -1.4177894609e-01 1.0344844468e-01
1.1559951736e-01 -5.0827880007e-01 5.1918730126e-01
1.3989387549e-01 -3.7564638402e-01 4.0468249250e-01
7.3199567871e-02 -8.9955701939e-02 -1.2619068848e-01
1.5021270103e-01 1.9537952850e-02 -3.4811049507e-01
9.4053196164e-02 1.4177309694e-01 -1.1669164894e-01
-3.6454287436e-02 5.8065986563e-02 -1.8219996980e-02
-1.5103333783e-02 2.9129538457e-02 9.8579724702e-03
-1.4812393475e-02 2.4185682751e-02 6.3460178753e-02
9.1064270721e-02 1.5241861566e-01 -1.4026216330e-01
2.6293101132e-01 -3.1067112332e-01 -8.0969005649e-01
3.3791285597e-01 -8.9306113962e-01 -9.1479842755e-01
6.4534559247e-02 -1.6627668750e-01 -2.2467049588e-01
-4.2387427798e-02 1.0851004784e-01 -5.1481042629e-02
1.1957668259e-02 -3.3382928384e-02 3.9560346541e-02
6.8272886853e-04 -1.5284352553e-01 1.0772905625e-01
-9.9729005350e-03 -4.9093976732e-01 4.1243397975e-01
6.4467534005e-02 -1.6090021349e-01 -4.0434600930e-02
7.5107102914e-02 9.0878461253e-02 -5.6977244080e-01
5.4530461598e-02 2.1113628750e-01 -3.8789161919e-01
4.5806042298e-02 2.1509592899e-01 -2.0668427877e-01
-3.2637272375e-02 1.1034845248e-02 -4.2666367745e-02
-3.0438861069e-02 -4.2930633703e-02 4.3236660907e-02
-7.5836927738e-02 -2.2668606064e-02 5.8294182102e-02
1.1582885469e-02 1.7762618487e-02 5.0657462683e-02
2.8950488980e-01 -2.4907339483e-01 -3.5796925189e-01
6.3160077818e-01 -5.4742374810e-01 -1.2835438049e+00
3.3997486734e-01 -1.1547749433e-01 -7.9531839816e-01
-1.6013160263e-02 4.9598125295e-02 -9.1725825284e-02
1.7919503259e-02 -3.4213096512e-02 4.8699640348e-02
1.8018485648e-02 -7.1107141001e-02 4.6516525627e-02
-4.4939978377e-02 -1.7464988396e-01 8.0112817504e-02
-7.8453560032e-02 -1.6959374013e-01 -1.7333744642e-01
-1.2301235447e-01 -1.9689002464e-01 -1.6715323854e-01
-6.1092122002e-02 7.6322688636e-02 -1.5845701332e-01
-1.1785224112e-01 1.2295736881e-01 -2.5355406004e-01
-5.0824022998e-02 1.5268122722e-03 -4.1594880203e-02
-1.7615983811e-02 -1.9795039855e-02 9.2735902200e-02
-6.0249566526e-02 -2.4539970428e-02 6.4871434713e-02
-6.7774843582e-02 -7.4744031774e-03 5.7799928414e-02
-5.6405637006e-02 -2.0522413121e-01 -3.5154482149e-02
3.2620866008e-02 -5.2422856618e-01 -1.1133750364e+00
1.6673354158e-01 -1.3032256575e-01 -9.7397943855e-01
-5.6481649860e-04 5.3026075625e-03 -1.1750453692e-01
1.0599361250e-02 -3.9336146353e-02 3.2474650351e-02
2.6433944588e-02 -6.0271844708e-02 2.0167184458e-02
3.7216874237e-03 -8.1059550910e-02 5.7466135117e-02
-6.4099953772e-02 -2.0510419052e-01 1.5329932647e-02
-7.1145111333e-02 -2.3291171233e-01 1.0483573193e-01
2.6144061091e-02 -8.5253881641e-02 -9.6613697190e-02
-1.7173932005e-01 -2.1248183799e-01 -1.8455005313e-01
-8.6583414292e-02 -1.7988009385e-01 1.4099534037e-01
2.6301406563e-02 -1.5333826088e-01 2.0386962506e-01
-4.8524264611e-02 -1.3897404834e-01 1.4289065471e-01
4.3699370435e-02 2.2747864332e-02 1.0733386269e-01
9.4997431454e-02 -9.6196982423e-02 1.7043798984e-01
-1.6271646862e-01 -5.7798110007e-01 -1.0918461436e+00
-2.2032654754e-02 -2.2199990319e-01 -1.0121462557e+00
-2.9827618101e-02 -2.3779853365e-03 -1.0143462936e-01
-6.2925260409e-03 -3.0854017546e-02 3.0825188207e-02
1.0171511354e-02 -5.7768159349e-02 1.4869653831e-02
-1.0466990882e-02 -4.1957006065e-02 3.4651305337e-02
-3.2154498266e-02 -4.6421054789e-02 2.2783503857e-02
-7.9551942749e-02 -1.3213707399e-01 7.0382083367e-02
-1.6247015144e-01 -3.5376155599e-01 1.4545351342e-01
-3.2861873728e-01 -5.7380604020e-01 3.2771262893e-01
-2.2642273104e-01 -4.8327457959e-01 5.4910658078e-01
-1.5802639448e-01 -4.8471425523e-01 4.7617079412e-01
-1.4855390019e-01 -3.8900940185e-01 3.0248496296e-01
5.8794575728e-02 -1.7998068318e-01 1.6599340839e-01
-2.4193383869e-02 -3.7511576072e-01 1.1324287046e-01
-2.0145152765e-01 -6.4496237723e-01 -1.0281913418e+00
-1.0329314732e-01 -2.6351506069e-01 -7.6389063985e-01
-4.4266488376e-02 -1.2594487372e-02 -7.5515246249e-02
-5.9981572359e-03 -3.9029017350e-02 2.0221908279e-02
1.3634679030e-02 -6.0181612966e-02 4.3452784225e-03
-2.4671504879e-03 -5.3330771860e-02 4.5545604182e-02
1.4378651399e-02 -3.9343027446e-02 3.5162725146e-02
-7.1812525454e-03 -4.0477035074e-02 7.7062121890e-02
-1.0563143024e-01 -1.9415168122e-01 1.1077753034e-01
-3.0585877547e-01 -5.7971572505e-01 3.6786410929e-01
-4.3861554862e-01 -9.0846090065e-01 6.4926501252e-01
-4.1712270498e-01 -9.7124524938e-01 6.7955731385e-01
-2.4725454154e-01 -7.9784344497e-01 3.9948370073e-01
-2.9030526976e-01 -8.7400633790e-01 -8.7716975002e-02
-6.9428874369e-01 -9.9860952852e-01 -1.7422396260e-01
-3.5143248229e-01 -5.8913138583e-01 -5.5647520735e-01
-1.0944866698e-01 -1.4334362210e-01 -2.0977362765e-01
-2.8836734590e-02 -2.5176920395e-02 -2.4223941529e-02
-6.5189410773e-03 -3.9684242234e-02 3.7651587114e-02
1.1707626412e-02 -5.3859531428e-02 2.6038175311e-02
-1.3923349237e-02 -4.9403868621e-02 6.1093188007e-02
-1.1019882885e-03 -5.1569133618e-02 5.5177954197e-02
-8.0903115142e-03 -3.1453473565e-02 7.2886103226e-02
-4.9181865713e-02 -5.6219763195e-02 2.7337939601e-02
-1.6700824924e-01 -2.2977051079e-01 1.6155158014e-01
-3.8579954198e-01 -5.8698286174e-01 4.0142978417e-01
-5.2826003489e-01 -8.3840649375e-01 5.5645493520e-01
-5.8563667652e-01 -7.3830563298e-01 4.2220231900e-01
-5.3656255968e-01 -7.7886887202e-01 -5.2709132708e-02
-5.8333652450e-01 -7.0500189950e-01 -1.1981799004e-01
-1.7249240260e-01 -2.3607863113e-01 -3.6577334122e-02
1.2971700223e-02 -5.4053200983e-02 2.9376171402e-02
-2.3199887375e-02 -2.9586038737e-02 -1.9429112488e-02
1.5105887211e-02 -6.5495935377e-02 3.7172822942e-02
3.1811654410e-02 -9.3055836892e-02 4.1312150875e-03
2.9661362851e-02 -8.5281221970e-02 7.0143013763e-02
3.6703637468e-02 -8.8398177263e-02 5.9730080838e-02
3.3634912073e-02 -8.0649433148e-02 6.8404935646e-02
3.8511719326e-03 -7.6962239829e-02 -1.6296166288e-02
1.4973833741e-02 -8.2670135145e-02 3.2596149404e-02
-6.3444752622e-02 -1.4624486831e-01 7.1699092081e-02
-1.6667982303e-01 -2.5270969815e-01 1.0379151641e-01
-2.4470894621e-01 -2.7378656220e-01 8.0935377828e-02
-1.4456592572e-01 -2.1170477574e-01 3.8850705864e-02
-1.9929583537e-02 -1.1923823223e-01 1.1215684958e-01
5.0507806432e-02 -1.2756900666e-02 1.3167801327e-01
4.8969870839e-02 -5.2630304684e-03 6.3217409441e-02
8.1997992338e-03 -3.4333595794e-02 6.5423540824e-03
6.2227466007e-03 -7.4141957543e-03 8.7295994598e-02
1.0696587487e-02 -1.2629469270e-02 7.4683633262e-02
-7.2289191064e-03 -2.8526092298e-02 9.7797559064e-02
-2.5347769515e-02 -4.6863275680e-02 5.7361066980e-02
-2.0682386229e-02 -4.8766072818e-02 6.4694901822e-02
-2.4966538714e-02 -3.3191105654e-02 4.1538838726e-02
-2.1063400595e-02 -2.3106613613e-02 5.2668108859e-02
-5.1520559281e-02 -1.2362709612e-03 5.2562722450e-02
-5.0862723671e-02 9.2129269479e-03 6.2112322572e-02
-7.1047212224e-02 1.5115612936e-02 7.4091719914e-02
-7.2368975428e-02 -1.3404344378e-02 7.6025887439e-02
-9.5178885589e-02 -2.8421343174e-02 1.1595885405e-01
-1.0563082325e-01 -5.0392305008e-02 1.2261579823e-01
-9.0265288751e-02 -8.4583706784e-02 1.1014089140e-01
-8.3212809974e-02 -6.6195971825e-02 4.9469597975e-02
2.0765182742e-02 -1.6054200244e-03 8.9038249222e-02
2.9375093515e-02 -1.5696557690e-02 7.7607567936e-02
1.5756504088e-02 -2.8191629625e-02 1.0611390705e-01
-1.5480246316e-03 -4.7671678461e-02 6.0287206682e-02
-3.5361348151e-03 -6.7043422043e-02 7.3794424010e-02
-1.4120190122e-02 -5.5020290847e-02 5.0061356677e-02
-1.4760773830e-02 -5.1491237228e-02 5.7039169759e-02
-3.1648387936e-02 -2.9495328755e-02 4.3679234944e-02
-4.4337491336e-02 -5.4948594039e-03 5.7761298126e-02
-4.7175908107e-02 -1.4007208256e-02 5.6760696379e-02
-6.4810567024e-02 -2.1706641153e-02 7.1009895313e-02
-5.5868901998e-02 -2.4438638900e-02 9.8334994268e-02
-6.8663173224e-02 -4.7483137945e-02 1.3239015948e-01
-5.1391080687e-02 -8.8154322300e-02 1.0891551001e-01
-4.5774076177e-02 -5.9966105561e-02 4.9623579610e-02
-1.3451396028e-02 1.1026253769e-02 7.7955408112e-02
3.8200273739e-03 -5.5862129360e-03 7.2380875708e-02
-2.4367332320e-02 -2.4069582239e-02 8.9650028139e-02
-3.0886107672e-02 -3.7773049254e-02 5.5979679138e-02
-3.5869666992e-02 -3.2741131015e-02 6.7192616813e-02
-2.3886602265e-02 -2.4921653192e-02 3.6934220341e-02
-3.3670031028e-02 -5.1718533556e-03 3.9685985536e-02
-4.2415367260e-02 1.9369155921e-02 3.1488283057e-02
-1.3143799490e-02 1.6927157755e-02 5.1088290648e-02
3.7188625682e-02 -2.4417431924e-02 7.3784467436e-02
2.9413024510e-01 -5.0348006288e-02 1.2086846106e-01
5.9202842704e-01 2.3466168395e-02 -9.1439217258e-03
1.9420344245e-01 -1.0700775623e-03 -6.3026153491e-02
-3.7906465042e-02 -2.2370105162e-02 1.3445130221e-02
-9.0985000460e-02 -2.4530493753e-02 4.2372013975e-03
-4.1631109209e-03 1.5738791063e-02 6.3440166927e-02
1.7214037396e-02 -9.0982400467e-03 5.1851901760e-02
-2.5046397981e-02 -2.1278282769e-02 6.2466792861e-02
-3.3425568843e-02 -1.2568107942e-02 2.7562250895e-02
-3.2600283863e-02 -2.4387851414e-02 3.1949435844e-02
-4.9735717060e-03 -2.5551583799e-02 1.5523070120e-02
3.7896041566e-02 2.5715177388e-02 4.8861757059e-02
2.2607790152e-01 4.7115652379e-02 1.3794368793e-01
4.8077620820e-01 -2.3722847178e-02 2.2413468484e-01
4.8265420459e-01 -1.1540086948e-01 3.1884158480e-01
1.0830226695e+00 -1.4901298394e-01 3.9279736542e-01
1.6309647612e+00 -1.9527765515e-01 -8.1014408504e-01
7.7607673216e-01 -2.5260340359e-01 -1.4828864843e+00
9.3967615668e-02 -1.1789792903e-01 -2.8688464126e-01
-6.6707395236e-02 -3.1804968419e-02 -3.7047608068e-02
1.1127239712e-02 5.8111432988e-03 6.7762108104e-02
3.2335917893e-02 -5.5650867505e-03 6.3524296639e-02
-6.6512102572e-03 -2.9527694132e-02 7.9831485934e-02
-6.7523548798e-03 -2.1713937610e-02 6.0660859449e-02
-2.2924487119e-03 -5.0524326967e-03 5.7509650947e-02
1.5915897809e-01 2.5550298307e-02 1.1015135528e-01
5.2058552305e-01 -1.4501380896e-02 3.3617448320e-01
7.8433922519e-01 -9.0384837422e-02 4.2818769955e-01
7.7888966810e-01 -1.5703488174e-01 3.0718180701e-01
3.8474999927e-01 -7.9348966969e-02 2.7834223896e-01
-4.1956123920e-01 9.8557852099e-02 2.1613838188e-01
-1.2984331286e+00 -8.9819420927e-01 -6.6358814021e-01
-1.5572714531e-01 -1.5744703714e+00 -1.5967968566e+00
4.2682020616e-01 -5.7949876226e-01 -7.1251849218e-01
5.9892515305e-03 -6.2257126767e-02 -1.2337806251e-01
1.5193030009e-02 -1.2708207880e-02 7.5339138178e-02
4.0003494369e-02 -3.7643037228e-02 5.8625604555e-02
4.5177229361e-03 -6.7048989843e-02 8.4239939612e-02
1.1098125020e-02 -5.1923754991e-02 6.0418437398e-02
1.3607422191e-01 8.2603247162e-03 1.8420181798e-01
5.3564326840e-01 -6.5208685818e-02 4.4594454022e-01
5.9003199746e-01 -1.0803395771e-01 4.0487833955e-01
2.7506069626e-01 -1.1726750532e-01 1.5165719536e-01
8.8721535450e-02 1.5127896008e-02 8.5818378130e-02
-6.7294663201e-02 -2.8144958028e-03 1.6959623567e-01
-6.1758356721e-01 6.6172857765e-02 6.1561094641e-02
-6.8908345655e-01 -1.2532931081e+00 6.6576124289e-01
9.6087518348e-01 -2.1183663956e+00 3.3011405242e-02
1.2376790816e+00 -8.7732660292e-01 -1.3209107390e+00
1.5946481852e-01 -5.8299703075e-02 -4.5335541485e-01
2.4959980984e-02 -3.3503885267e-02 7.1771729818e-02
5.2470246345e-02 -4.9961039131e-02 5.6945837872e-02
2.4881526401e-02 -7.6579263808e-02 9.6137511813e-02
8.9762576840e-02 -5.8607321948e-02 1.6678551687e-01
3.4609965083e-01 -1.5459373209e-01 4.9411275573e-01
3.3711826067e-01 -8.3450964832e-02 3.1772284186e-01
-9.9759800059e-02 1.1660034234e-01 -1.1628405099e-01
-1.2443869874e-01 1.4210155254e-01 -8.9068538665e-02
-7.4986182786e-02 2.9710272734e-01 -5.0587349024e-02
-6.3359224440e-02 9.5651964813e-02 7.3257029005e-02
-1.3230593740e-01 1.8680056843e-02 9.3412712331e-02
-4.5593216455e-02 -8.1849275431e-01 9.2037413761e-01
5.0756283660e-01 -9.2070720343e-01 4.5565301395e-01
7.5801406821e-01 -2.9731922991e-02 -1.4880951338e+00
2.0881818110e-01 2.6889360658e-01 -1.0062408791e+00
1.8665937596e-02 -2.5585510138e-02 6.5316380578e-02
5.1016220875e-02 -4.7063325937e-02 5.3788822718e-02
1.9357991593e-02 -7.7600026123e-02 1.0715942526e-01
9.9791742553e-02 -1.8424733208e-01 2.8321884329e-01
1.5081803672e-01 -2.3308451898e-01 2.8441740264e-01
-1.5031413417e-01 4.7113599998e-02 -1.8564789230e-01
-2.6931578245e-01 1.8859638486e-01 -1.3235971661e-01
-2.2217813078e-01 2.4166313629e-01 -5.3798289944e-02
-9.5220940663e-02 2.8043101507e-01 -9.0018614343e-02
-2.2682084903e-02 1.3304395242e-01 8.5682344967e-03
-2.0754086599e-02 2.0424130528e-01 -2.8607009945e-02
-1.7649134006e-01 -3.3062020120e-02 3.2140740613e-01
-2.2929681971e-01 -9.5511137570e-01 1.4255295758e+00
-1.6313072743e-02 4.3677753634e-01 -4.9708007153e-01
5.4543861770e-02 7.4638419415e-01 -1.1760575735e+00
1.6512743421e-02 -3.1669557553e-02 7.3251068831e-02
4.4352716977e-02 -5.5327835284e-02 5.6657883669e-02
2.8960854214e-02 -1.2446268282e-01 1.3753490405e-01
1.2776906431e-02 -2.1244088612e-01 1.5390586004e-01
-5.5856663855e-02 -7.1964463210e-02 -1.7032653315e-01
9.9937931940e-02 2.4260885686e-01 -3.5607208599e-01
5.9048132287e-03 2.7728379135e-01 -8.8794510211e-02
-1.8023224537e-01 2.6468728191e-01 -5.8992482189e-02
-4.5504623500e-02 3.2467744935e-01 -6.0388809394e-02
-1.3199048376e-03 9.6385901274e-02 4.1959806472e-02
3.4059644400e-02 1.4881128276e-01 -6.2888117237e-03
-6.4649022327e-02 -7.3684293441e-02 1.1260086705e-01
-4.9856891704e-01 -5.2585604797e-01 8.1493602230e-01
-3.6291529049e-01 7.4029710200e-01 -3.7659811339e-01
-1.4036234389e-01 8.7409174510e-01 -1.0197199279e+00
7.2640538319e-03 -2.4433102173e-02 6.4892262571e-02
2.5802025171e-02 -3.1929959634e-02 5.7891499373e-02
5.3234440149e-03 -6.8529713735e-02 1.0536931760e-01
2.9744194678e-03 -8.1539223081e-02 3.0709222725e-02
5.3105978772e-02 -2.3866840989e-02 -1.6002678712e-01
2.3129654964e-01 7.7718469724e-02 -2.0675242581e-01
2.2493339067e-01 1.8502187230e-01 -3.0769898478e-01
3.6360208325e-03 1.7094560691e-01 -8.5716134004e-02
5.1512407945e-02 1.7401148572e-01 -9.9690470684e-02
-3.0305861621e-02 4.1837622399e-02 5.5989088701e-02
2.4036263905e-02 4.3392065781e-02 1.0474276918e-01
-3.5445816396e-04 -1.2230191615e-01 2.6627348290e-01
-4.0995845368e-01 1.4794418337e-01 -6.3128091127e-02
-5.9864908264e-01 7.5313465825e-01 -6.8213337671e-01
-2.4819261339e-01 4.4493922551e-01 -4.8345830890e-01
2.0689834300e-02 -2.4698502566e-02 6.1442511481e-02
4.1530608868e-02 -3.1202550929e-02 4.3164423006e-02
2.0962734247e-02 -2.9572531726e-02 7.2810258717e-02
1.1671490818e-02 -6.4012407253e-02 5.7266266649e-02
1.5685170335e-02 -1.2325098786e-01 4.4661521520e-02
1.4042073159e-03 -7.1204376383e-02 -1.0612349649e-01
-4.6195479471e-02 1.0693677548e-01 -3.0291212311e-01
-1.0205722080e-02 7.6429038873e-02 2.5987925773e-02
2.8333655576e-02 5.8542442591e-02 1.2014130658e-01
-4.4365290776e-02 -1.0805062449e-01 2.2757901854e-01
-2.9340997308e-02 -7.6013269066e-02 1.4983366273e-01
-2.1809494048e-01 -2.0351969897e-01 1.8594313348e-01
-8.4875886915e-01 -3.5899210766e-01 -1.3810504786e-01
-6.4716550962e-01 1.1944837438e-01 -4.6931446803e-01
-7.2757364725e-02 7.2344943233e-02 -1.0431138974e-01
9.8314792034e-03 -2.9963200810e-02 5.2023193095e-02
3.9922357513e-02 -4.6726595332e-02 3.8507492127e-02
2.2602652219e-02 -3.4397227372e-02 7.7624683523e-02
2.0913533780e-02 -3.4160807953e-02 6.8290785327e-02
3.2307957008e-02 -3.6711701141e-02 7.3009577329e-02
4.1907786975e-02 -6.4756674263e-02 -5.7262137952e-02
-4.5373127203e-02 -1.4955425968e-01 -5.3618655405e-02
5.7294560216e-02 -2.2707499779e-01 2.0896321398e-01
8.7133429664e-02 -2.6788951396e-01 4.0773275295e-01
-1.3345064002e-01 -4.7513232312e-01 3.7100682805e-01
-1.5953816339e-01 -3.7847306325e-01 1.7238881162e-01
-3.3826622179e-01 -3.8043463371e-01 -1.1878975874e-03
-6.1192336409e-01 -5.7942436761e-01 -5.9753678422e-01
-2.5596646517e-01 -1.5952662987e-01 -4.2659368051e-01
-2.1455533117e-02 -1.0453308816e-02 -2.5119630667e-02
-1.5568175682e-03 -2.1358140087e-02 4.8454081468e-02
3.4876401585e-02 -4.5715326924e-02 3.0947387697e-02
1.1064673969e-02 -3.2222922315e-02 5.8799106038e-02
1.2430014338e-02 -1.8998949205e-02 5.1348713385e-02
1.0425708987e-02 -1.6463456777e-03 6.3489067226e-02
-2.6218536329e-02 -6.0792176452e-02 3.9160836402e-02
-1.1329663213e-01 -2.1222529918e-01 1.5668877859e-01
-7.5343852299e-02 -3.8257595797e-01 4.7377960202e-01
-1.0907297926e-01 -5.9892564502e-01 6.0569866601e-01
-3.7903669573e-01 -8.1279368269e-01 5.0473928675e-01
-5.0629467938e-01 -8.0512318214e-01 1.8327517694e-01
-6.8238059622e-01 -9.6055515112e-01 -1.6437078238e-01
-4.0027069004e-01 -6.7897839894e-01 -5.5751734964e-01
-9.2691662187e-02 -1.6548357065e-01 -2.0513186483e-01
-3.4119212924e-02 -1.6156485665e-02 -2.3072274907e-02
1.5880725953e-04 -2.3742898951e-02 4.4457804113e-02
2.8697034486e-02 -3.8060926402e-02 3.1183680032e-02
2.7804882373e-02 -3.4830444246e-02 6.2852455545e-02
1.8560524466e-02 -1.9714120219e-02 5.7545550087e-02
2.4964210176e-03 -7.2395862529e-03 7.0592572802e-02
-4.3108467813e-03 -1.5926890815e-02 5.0138920687e-02
-4.0160886281e-02 -1.0441068601e-01 1.0866878419e-01
-1.5101288763e-01 -2.9455538408e-01 2.7472316082e-01
-2.3746079276e-01 -5.6200521704e-01 4.3407042790e-01
-3.3950148503e-01 -8.4585534976e-01 4.0091371729e-01
-4.4492484696e-01 -9.0508315700e-01 8.1716140578e-02
-5.5880883207e-01 -7.8973833590e-01 -1.2674696278e-01
-2.1836647301e-01 -2.8749303625e-01 -1.4972608833e-01
-2.1833864270e-02 -4.0402697505e-02 1.0715289451e-02
-1.5342060584e-02 -2.6917820676e-02 -1.3276110024e-02
6.9300348068e-03 -2.3467103941e-02 4.5770620690e-02
2.9863369893e-02 -3.1335200033e-02 3.1348400509e-02
1.6962268565e-02 -2.6875133136e-02 5.5256748554e-02
4.3090807080e-03 -2.0095616330e-02 4.8268503622e-02
1.2555812443e-02 -9.5222027703e-03 6.4351302300e-02
8.2365904093e-03 -1.6343990570e-02 2.1534866761e-02
1.2056925015e-02 -2.4823656976e-02 4.2901832029e-02
-5.3787225786e-02 -7.7455295411e-02 7.4166282521e-02
-1.1288166346e-01 -1.6733571392e-01 1.2522221800e-01
-1.5349334320e-01 -2.5487411756e-01 1.0033683260e-01
-1.4251027225e-01 -2.8513828173e-01 6.8988859926e-04
-1.2958708425e-01 -1.7532512332e-01 1.5671545515e-02
-1.4119397919e-02 -4.3582088762e-02 7.8440683303e-02
4.2437123289e-02 -2.6810542008e-02 5.8879780145e-02
-1.3259883156e-02 -3.3673307470e-02 -1.7913809459e-02
2.0860376446e-02 -4.3274296586e-02 4.6951015324e-02
5.2198170291e-02 -6.3182061602e-02 1.5713647523e-02
4.5245805994e-02 -6.1055334602e-02 6.6743101860e-02
2.9258715391e-02 -5.5682751115e-02 5.8889417104e-02
4.5558988965e-02 -5.5738173535e-02 7.3028461261e-02
2.4300207066e-02 -6.3603614249e-02 1.6523443344e-02
3.8622751301e-02 -5.2119748180e-02 3.2674408762e-02
2.0869866365e-02 -2.9444957742e-02 3.2445453674e-02
2.6302683017e-02 -1.3052303357e-02 3.9504003918e-02
2.6473639454e-02 -2.6797059936e-02 2.3427883821e-02
5.5555215025e-02 -1.6054048001e-02 3.8904482220e-02
7.1305111123e-02 -5.8383596721e-03 1.0049487102e-01
6.6429486998e-02 7.3082464823e-03 1.2705363174e-01
6.0288330719e-02 -3.5996128404e-03 6.8810348798e-02
1.3497840856e-02 -4.7978001565e-02 1.5112256400e-02
2.9255221746e-02 -1.3793186798e-02 6.2777313285e-02
3.9238190905e-02 -2.6592490999e-02 5.9571849715e-02
2.6538436780e-02 -4.6832894303e-02 6.7906752101e-02
1.8576050149e-02 -5.5134758438e-02 5.2440647528e-02
1.1871085398e-02 -5.1677739936e-02 5.0269695328e-02
1.6781780943e-02 -4.2098830529e-02 3.2467630985e-02
1.7718662458e-02 -3.6407087725e-02 3.4821925112e-02
-8.5213846343e-03 -2.0073102556e-02 3.3841422543e-02
-2.0863381417e-02 -1.2875639784e-02 3.6087543330e-02
-2.5543560488e-02 -4.3871467815e-03 3.8627847389e-02
-2.5667780290e-02 -2.5841980050e-02 4.6904128878e-02
-5.1760876473e-02 -6.3722943401e-03 5.4394466259e-02
-6.7895155367e-02 -1.4546806313e-02 6.5322314948e-02
-4.6061938900e-02 -8.3385718898e-03 3.8350335668e-02
-4.8353085644e-02 -2.5190242047e-02 1.3714831552e-02
3.4255100499e-02 -1.3619487847e-02 6.3657155200e-02
3.9886065686e-02 -3.5640913589e-02 6.0216619312e-02
3.7437199616e-02 -5.1071895533e-02 7.2016830862e-02
2.9312944749e-02 -6.6300169111e-02 5.0661954253e-02
1.7170064218e-02 -7.0017476204e-02 5.5303390032e-02
1.6153842959e-02 -6.1369356778e-02 3.3964840546e-02
5.0417498490e-03 -5.7993082769e-02 3.3692811372e-02
-3.7886949962e-03 -3.4133752825e-02 2.9283675159e-02
-2.6834894663e-02 -2.2905897015e-02 3.3022757533e-02
-2.7258559285e-02 -1.8655686546e-02 3.2597960727e-02
-4.0200679754e-02 -2.9223762504e-02 4.3174880080e-02
-3.6936446478e-02 -1.5748179738e-02 5.9461964802e-02
-4.4131413615e-02 -2.3408273010e-02 7.1243711491e-02
-3.2665085324e-02 -1.9344976805e-02 4.4867826539e-02
-1.9113128747e-02 -1.9657454305e-02 1.0626878070e-02
1.0152147852e-02 -5.9657816428e-03 4.9567711507e-02
2.4602406792e-02 -3.3354885133e-02 4.7971679683e-02
1.3909350124e-02 -4.5872927816e-02 6.2447339044e-02
1.0807430164e-02 -5.6711251922e-02 4.6241987447e-02
6.0687171078e-03 -4.2746161742e-02 4.7228305486e-02
1.4353490148e-03 -3.1497196515e-02 2.2745656083e-02
-1.3540615119e-02 -1.9500992727e-02 1.6429858105e-02
-2.3446206192e-02 2.8767626331e-03 9.5024462513e-03
-3.1099239631e-02 1.7345218983e-02 6.6324337049e-03
-3.8839458940e-03 1.8003691537e-02 2.4279932036e-02
1.6930920369e-01 -4.9115511892e-02 1.0502916297e-01
3.7640057834e-01 -5.5392184840e-02 -2.1834773516e-02
1.0692930501e-01 -1.8670712902e-02 -6.2437023256e-02
-2.8369521329e-02 1.6396205270e-02 -8.3043676451e-03
-5.3046915986e-02 8.6888199556e-03 -2.7277349207e-02
2.8022750470e-02 -3.2356162480e-03 4.2996044994e-02
4.4407066561e-02 -3.8660418971e-02 3.4966037057e-02
1.5735105584e-02 -4.2269464152e-02 4.0824153554e-02
7.3687880166e-03 -4.1275058260e-02 2.0077009622e-02
-8.2139037425e-03 -1.9114991835e-02 1.8624846978e-02
9.2488366138e-03 -2.1456261422e-02 4.3741725276e-03
-7.3972549291e-04 -2.3365959779e-02 -4.3034153702e-04
2.4308179877e-02 -3.5491647466e-02 1.3620709461e-02
7.6386981484e-02 -6.7437027529e-02 5.5066777774e-02
2.3364963857e-01 -1.1808216245e-01 1.9585774686e-01
1.1212643220e+00 -4.1279270141e-01 4.6640986856e-01
1.6457697310e+00 -5.5293386038e-01 -5.9960293581e-01
5.5398351045e-01 -1.8731089295e-01 -1.1171134285e+00
1.6023329514e-02 -1.7968466338e-02 -1.8654166523e-01
-4.1908195480e-02 -7.2239347616e-03 -4.9310013600e-02
2.7286767345e-02 -6.8043710310e-03 4.1724856790e-02
5.3482992303e-02 -3.2909664628e-02 3.4364690791e-02
2.3817118851e-02 -3.6409275586e-02 4.9182835946e-02
1.7150951521e-02 -3.6832502052e-02 3.0187932069e-02
-1.3966595961e-02 -1.4156634161e-02 1.9913241848e-02
2.4885488008e-02 -3.1870362742e-02 2.3472981839e-03
4.1086747617e-02 -6.2369152679e-02 9.9716078784e-03
6.4896405161e-02 -1.2428466409e-01 3.3509019218e-02
1.6904732951e-01 -3.0208367456e-01 1.7621554201e-01
2.4085237789e-01 -2.0353253618e-01 3.4282668503e-01
1.9652801422e-02 1.1112878423e-01 1.8091019750e-01
-6.4408183997e-01 2.0458622527e-01 -1.2221749336e+00
-4.8468409682e-01 1.2588351784e-01 -1.8832766843e+00
2.5216356476e-02 -8.5543456939e-02 -3.7911116510e-01
-2.5232782171e-02 -2.5237760078e-02 -6.9194565424e-02
4.3125609678e-02 -2.5025340755e-02 5.5641356006e-02
6.7075826542e-02 -4.9330743360e-02 4.2749182184e-02
3.5435711238e-02 -5.2770794910e-02 4.9669463825e-02
1.8604412256e-02 -6.8142802009e-02 3.1379445695e-02
-4.7270625886e-03 -7.1490910416e-02 4.4998401587e-02
2.9093464674e-02 -1.1299501456e-01 1.9974533474e-02
-4.1117143099e-02 -1.2756866083e-01 -4.9501843166e-03
-1.0188460804e-01 -1.2755459642e-01 -8.3343329193e-03
5.2884471657e-02 -1.3527375307e-01 4.1315020280e-02
7.6492879205e-02 -8.7047975941e-02 2.4727199697e-01
-7.0007793389e-01 7.6378072336e-01 -1.8408624901e-01
-1.1931006846e+00 8.7829394047e-01 -4.8670767311e-01
-5.0336039142e-02 -2.4107022256e-01 -3.2538844585e-01
6.4330073154e-01 -7.1752955793e-01 -3.2047910372e-01
1.2367466359e-01 -1.2306273990e-01 -2.0862355527e-01
4.9046525044e-02 -4.0956813029e-02 5.4737578055e-02
7.5382037096e-02 -6.4143659077e-02 4.4737583352e-02
3.6657616641e-02 -7.0558612282e-02 6.4942289786e-02
3.5372638245e-02 -8.0667128738e-02 5.9660376198e-02
-6.5439575391e-03 -1.0034243466e-01 6.8982600396e-02
-3.5532165687e-02 -7.6484050547e-02 -5.1137104692e-02
-1.7471804835e-01 6.3051566913e-03 -1.1524687551e-01
-1.4621956497e-01 1.3877155275e-01 -3.7614413858e-02
-1.5685273757e-01 4.6020223409e-01 -2.9773470653e-01
-3.0996907343e-02 1.9617417108e-01 -1.0365921663e-01
-1.7754573548e-01 5.2598880984e-01 -1.2869180219e-01
-1.3095205439e-01 2.3935187744e-01 1.8767271194e-01
6.6515452254e-01 -1.3602427816e+00 9.7113196303e-01
1.2193723082e+00 -1.4006336095e+00 -4.8871421408e-01
4.6295576056e-01 -1.1645405635e-01 -8.6858946374e-01
4.7774265554e-02 -3.4289673620e-02 5.5496362009e-02
6.8821292943e-02 -6.0102185810e-02 4.9884696018e-02
3.2270006424e-02 -5.7430188907e-02 5.7622300032e-02
1.6032307371e-02 -7.1983371090e-02 5.2379477470e-02
-5.3001282550e-02 -5.1688021035e-02 2.2406729682e-02
-9.4171596710e-02 7.6197225562e-02 -8.2863493296e-02
-1.1394298242e-01 1.0419689384e-01 -9.9353965880e-03
-7.0660981914e-02 2.2932731506e-01 -1.9492497120e-01
-1.5918177728e-01 5.7746840015e-01 -3.0917898561e-01
-9.5060263837e-02 4.1393226572e-01 -1.0700644791e-01
-6.4443513430e-02 3.0047055870e-01 3.5033094149e-02
-8.4992589675e-03 -1.6038476162e-01 4.3855585093e-01
1.4505249219e-01 -1.4176461812e+00 1.5520198272e+00
6.8345793187e-01 -8.1933380627e-01 -1.5874210994e-01
5.5253265107e-01 3.1389479138e-01 -1.8639032714e+00
3.8816259170e-02 -3.3247325773e-02 5.7276645827e-02
5.7275085406e-02 -5.5969163291e-02 5.0623135869e-02
3.8222998696e-02 -5.6224175876e-02 5.8111381941e-02
1.6085459771e-02 -5.6000904827e-02 4.4997101542e-02
-2.0046912330e-02 -1.8447985855e-02 2.1184369344e-02
3.4699313024e-02 6.0109301849e-02 1.0348674659e-02
-1.2973423448e-01 4.0875444284e-02 9.0459569605e-02
-1.5633840898e-01 3.5438565597e-01 -1.3410302453e-01
9.5131214694e-03 6.1342134613e-01 -2.1121323754e-01
5.5430908339e-02 3.7469224546e-01 2.7103813654e-02
2.4900385272e-02 2.1843284258e-01 -2.4175585968e-03
-5.6723762720e-02 -3.6472901120e-02 1.8655184468e-01
-7.4645498072e-02 -1.9892290531e-01 8.8737061615e-01
-1.4837444770e-01 2.5819811843e-01 -2.0498006522e-01
-3.8365422651e-01 7.2471998958e-01 -2.3496352004e+00
1.7800197270e-02 -2.1968920822e-02 4.9070443189e-02
3.2029085390e-02 -3.2353177078e-02 5.4189390207e-02
3.1806597773e-02 -3.3730100209e-02 6.2428998312e-02
3.6704257744e-02 -4.0042634192e-02 6.6964780696e-02
3.6487257275e-02 -4.5940886084e-02 7.1097955943e-02
1.0722277703e-01 -7.2378757335e-02 2.7201602841e-02
6.9390074723e-02 -1.4102002857e-02 -5.9114377961e-03
-1.2280201988e-02 2.6788789368e-01 1.5539232620e-02
8.1315844744e-02 2.9057757885e-01 -2.6113858197e-01
6.4906127825e-02 4.6380033832e-02 9.3317634417e-02
5.7877998522e-02 -1.4815479545e-01 1.2586833211e-01
-2.2108376259e-02 -2.6968984472e-01 7.2262975476e-02
-5.3444167670e-01 1.3086031212e-01 -1.9257409011e-01
-1.3318346176e+00 3.7525217867e-01 -1.0351303105e+00
-9.5096779949e-01 3.8995221146e-01 -1.4065030226e+00
3.1477423113e-02 -2.4514528116e-02 5.0015394550e-02
4.6396939879e-02 -4.3918450194e-02 4.5044782664e-02
3.7622123951e-02 -4.3997958694e-02 5.6059858545e-02
4.9438485427e-02 -4.4332962874e-02 6.0958244030e-02
3.3545690782e-02 -4.4957293438e-02 7.2531154968e-02
2.7683338675e-02 -6.6454395912e-02 1.8134557876e-02
2.8153589704e-02 -6.9511576380e-03 8.9522822783e-03
1.3641195793e-02 5.1739653268e-02 1.1967260310e-01
2.8980375207e-02 3.0926619701e-02 5.6140409472e-02
4.6036854920e-02 -1.3794338390e-01 4.0687199866e-01
-2.3190900466e-01 -4.7199552229e-01 3.7293184170e-01
-5.5852905728e-01 -7.5205637826e-01 6.6332560224e-02
-1.2433112700e+00 -5.0954769176e-01 -5.5508834472e-01
-1.3671499084e+00 -9.3126827718e-02 -7.9477787684e-01
-3.3969167909e-01 5.3524600556e-02 -2.8536692347e-01
2.4912091487e-02 -2.7491464020e-02 4.1808138002e-02
4.0053768997e-02 -4.8051568787e-02 3.8104291610e-02
3.4696746042e-02 -4.9217226531e-02 5.5464740543e-02
3.9156961598e-02 -4.6446366099e-02 5.6161130546e-02
2.9883214793e-02 -4.2792301416e-02 6.2334197804e-02
2.4020952960e-02 -3.9275526536e-02 3.2373134544e-02
2.9951163391e-02 -4.5025876975e-02 3.1666906372e-02
2.9075990052e-02 -9.2230078887e-02 8.4960017373e-02
2.2468924251e-03 -1.9536710717e-01 3.2312548741e-01
-9.9192764790e-02 -5.1075921795e-01 5.4789930124e-01
-5.0473263739e-01 -8.5665554861e-01 3.0088212277e-01
-8.2547146166e-01 -8.9604471056e-01 -9.5899867764e-02
-6.0876840026e-01 -4.6887881596e-01 -3.4842118246e-01
-3.0662016049e-01 -5.6635737168e-02 -2.0092352496e-01
-4.5420518252e-02 1.7047526717e-02 -2.9285151953e-02
1.7731766344e-02 -1.5048964805e-02 4.1898870187e-02
4.0902704457e-02 -4.2541550541e-02 4.0827749805e-02
3.2247826596e-02 -3.9596883807e-02 4.9513446275e-02
3.2289231604e-02 -3.5160420302e-02 4.4516558848e-02
1.8908973945e-02 -2.3549083242e-02 5.3804652585e-02
1.0754016804e-02 -2.0323230101e-02 4.0236775276e-02
1.0712109039e-02 -3.1961235598e-02 5.4893604870e-02
2.5120794149e-03 -7.1496912575e-02 9.7250140356e-02
-1.6213205691e-02 -2.0218449969e-01 2.0749515370e-01
-1.4443942877e-01 -4.7317793922e-01 3.0718965098e-01
-3.2901933005e-01 -7.4498990076e-01 1.8038745825e-01
-4.5793142408e-01 -6.6799332341e-01 -7.8749048024e-02
-1.7964852225e-01 -2.4102647513e-01 -1.1082694831e-01
-1.9444555267e-02 -1.3252321935e-02 -2.3998699284e-02
-1.8059067302e-02 1.2085670541e-03 -3.8506416336e-02
1.4160385429e-02 -1.7121946562e-02 3.3656234542e-02
3.7901067306e-02 -3.9297023370e-02 3.3787156638e-02
2.7528915376e-02 -4.1328106009e-02 4.8767915530e-02
3.0264815271e-02 -3.7923646379e-02 4.4552627175e-02
3.0019235189e-04 -2.4022900464e-02 4.8283929515e-02
6.1101245957e-03 -2.3589770394e-02 3.4409802458e-02
1.5171678947e-02 -2.6854020807e-02 3.6894098240e-02
-7.7194635118e-03 -3.6022381754e-02 4.6968832949e-02
-4.1106340313e-02 -8.3111398154e-02 4.8955378629e-02
-1.0398630168e-01 -1.6746143844e-01 6.7812908643e-02
-1.2977629524e-01 -2.2850876436e-01 5.1028175356e-02
-1.3911077562e-01 -1.4826048994e-01 8.2229582937e-03
-3.5663291741e-02 -1.7416293988e-02 2.4017655925e-02
-1.3525187689e-02 8.8322365331e-03 -5.6198450643e-03
-2.1138360195e-02 -1.1158652128e-02 -4.3148441098e-02
1.5187459410e-02 -1.4966113084e-02 3.9914184804e-02
3.0620848445e-02 -3.0759305726e-02 3.5872229673e-02
2.7873301711e-02 -3.2673179938e-02 4.7834084303e-02
3.2452661692e-02 -2.9291856013e-02 4.7902935956e-02
9.9223214820e-03 -2.2021767662e-02 4.9348630571e-02
1.3860128824e-02 -3.3923175706e-02 3.1694596903e-02
2.2708173405e-02 -3.0329011016e-02 3.8688681107e-02
9.6791299875e-03 -1.3210287333e-02 3.1183220879e-02
8.6746426853e-03 -3.5298001943e-03 2.6142045603e-02
-9.8806701711e-03 -1.5194128049e-02 1.5492895257e-02
1.9389037679e-02 -2.5965852889e-02 2.7042578994e-02
4.7622828385e-03 2.4062022899e-03 4.7995632673e-02
1.2879228887e-02 1.4384210494e-03 8.5873305121e-02
1.4794493313e-02 -1.0411029253e-02 4.9015682892e-02
-7.5691691330e-03 -2.3087304884e-02 -4.3000435101e-02
4.1961704849e-02 -3.7214359133e-02 4.6056319314e-02
6.0328673330e-02 -5.6386222541e-02 3.1650879778e-02
5.7752823047e-02 -5.7389335841e-02 5.5006299010e-02
4.9749236289e-02 -5.3984523860e-02 5.2539946730e-02
4.1416776089e-02 -4.8228209815e-02 6.1149345086e-02
3.6087138946e-02 -6.1477720087e-02 3.6288136610e-02
4.2904377607e-02 -5.5304297021e-02 3.9470461847e-02
3.4863861965e-02 -3.8082412916e-02 3.3655583842e-02
4.2471958078e-02 -1.5448809071e-02 3.3579303818e-02
3.3742964857e-02 -2.2749845324e-02 2.6560561929e-02
4.1884323436e-02 -1.8419563973e-02 3.9845673441e-02
3.7737716335e-02 -1.5300181175e-04 7.6019437267e-02
3.5318501562e-02 6.1694893946e-03 1.1337804831e-01
2.8904077308e-02 3.2154874532e-03 5.4764310107e-02
4.5859564837e-03 -1.2730348686e-02 -9.5466007737e-03
2.1171267884e-02 -8.7452388746e-03 5.5399997099e-02
2.8936384404e-02 -2.1416529404e-02 5.0286020683e-02
2.1713118429e-02 -3.6929996274e-02 6.0577711640e-02
1.2668534091e-02 -4.7315886502e-02 4.4728178124e-02
1.0523202249e-02 -3.7018980954e-02 4.0908052545e-02
1.4699990104e-02 -3.9635816909e-02 1.9563782871e-02
1.8971113829e-02 -3.6650241377e-02 2.7663608460e-02
-1.1991138159e-02 -2.0506321191e-02 2.6194443817e-02
-1.6178425458e-02 -4.5016784130e-03 3.3260681641e-02
-3.5957686524e-02 5.5296395778e-03 2.5617815326e-02
-3.1476825140e-02 -1.3507293989e-02 3.8393131453e-02
-5.2985154792e-02 3.2039496920e-03 4.6132425348e-02
-6.1704101040e-02 -1.7002297743e-03 6.3371298980e-02
-4.7430717317e-02 1.8129247219e-02 4.1128182750e-02
-1.7991530997e-02 -2.1464466878e-02 3.4488943137e-02
3.6088279910e-02 -9.4120772932e-03 5.4952179585e-02
4.3476519647e-02 -3.5997467136e-02 5.1090413034e-02
4.2653022969e-02 -4.5847003473e-02 6.5202693992e-02
3.8831220340e-02 -6.4636777044e-02 4.0541482365e-02
3.2034283780e-02 -6.2013365370e-02 4.3939714625e-02
3.1837010130e-02 -6.5355132545e-02 2.3023731319e-02
2.5326186750e-02 -6.3454673288e-02 2.8252414474e-02
8.3872126752e-03 -4.3528516723e-02 2.2317527193e-02
-4.1204510882e-03 -2.8281561429e-02 3.0640784183e-02
-1.8662664278e-02 -1.6026095806e-02 1.7484197873e-02
-2.4118500407e-02 -3.0087110876e-02 3.0539372565e-02
-3.4320202297e-02 -9.3076137753e-03 4.3315858146e-02
-3.4561721433e-02 -2.4858062046e-02 7.0703517432e-02
-1.6684932731e-02 -1.1105998005e-02 4.3855524205e-02
-1.0828250801e-04 -3.0645090692e-02 2.7416140487e-02
1.0519910575e-02 1.7154182875e-03 4.1407548881e-02
2.5351349820e-02 -2.9731468219e-02 3.9688336362e-02
1.8875484751e-02 -3.7649161552e-02 5.7628034079e-02
2.3129545206e-02 -4.9966363468e-02 3.7757448867e-02
1.5047664036e-02 -3.2431992823e-02 3.4770938506e-02
1.7370747450e-02 -3.2566366735e-02 1.7041269763e-02
1.4425588633e-02 -2.7188922528e-02 2.2745232163e-02
-8.9399809998e-03 -3.5857936203e-03 1.0602612773e-02
-1.7842021466e-02 1.5601629147e-02 1.2383251753e-02
-2.7123250868e-02 3.1411191385e-02 -7.5117480059e-03
8.2157056264e-03 -5.2619101694e-03 3.9602062164e-02
6.1891369087e-02 -1.2722073273e-02 1.9752002065e-02
3.9042190689e-03 -7.4190363115e-04 3.0411323469e-02
-4.1614950731e-02 3.9384253653e-02 1.4235586453e-03
-2.9421727057e-02 5.0214439129e-03 -2.3599657441e-03
2.3241476866e-02 9.0100674457e-04 3.2218663782e-02
4.7634025720e-02 -3.5199872213e-02 3.1687423671e-02
2.5685854218e-02 -3.7905615670e-02 3.3801692672e-02
2.3815718736e-02 -4.3748858152e-02 1.5352615178e-02
1.1536793316e-02 -2.1762372674e-02 1.5359030852e-02
2.4497717281e-02 -2.5605724520e-02 -2.0533233831e-03
1.7198175467e-02 -2.5527417364e-02 1.9976962232e-03
1.3963947151e-02 -1.3439228139e-02 9.7002552958e-04
1.0208567266e-02 3.7996979097e-03 5.2666012319e-03
6.2942147587e-02 -3.2078607255e-02 4.7921518956e-02
4.7354868842e-01 -3.2891857339e-01 2.7668220598e-01
9.7907230705e-01 -5.7961633212e-01 -8.6986669181e-02
4.2268337754e-01 -2.0882196709e-01 -4.0526909835e-01
-2.6563287083e-03 1.5235337134e-02 -8.1284509153e-02
-2.2400272504e-02 -8.7899408285e-03 -3.0098132488e-02
2.6555175303e-02 -3.0080722694e-03 3.7183798335e-02
6.7835964990e-02 -2.9396027093e-02 3.8457663991e-02
3.2201351323e-02 -2.8698429734e-02 4.6253972852e-02
2.9137672750e-02 -2.4600274237e-02 2.8198998907e-02
4.9209944872e-03 1.1715434694e-03 2.2930202915e-02
3.5696711943e-02 -1.3208663043e-02 3.3343946388e-03
3.1413967430e-02 -1.8395177662e-02 8.2740475579e-03
1.5736248707e-02 -2.0329670643e-02 5.3883988061e-03
4.3931914716e-02 -6.0785819683e-02 6.8988503647e-02
1.6000032627e-01 -1.4788221799e-01 2.3287969951e-01
6.0112690793e-01 -5.7679315415e-01 5.4477768824e-01
9.2161774721e-01 -6.9486409677e-01 -4.6071785791e-01
5.8577472781e-01 -7.1060847502e-02 -1.5097199569e+00
6.4453960579e-02 4.7819205045e-02 -3.4119836926e-01
-1.7835987627e-02 -9.1375827095e-03 -2.9625995010e-02
3.2080490976e-02 -2.2361911706e-02 4.1523667747e-02
5.5846333836e-02 -4.8855315927e-02 2.9470225957e-02
3.3409359556e-02 -4.9870942452e-02 4.2032085953e-02
1.5275007160e-02 -5.0683404387e-02 2.0798044116e-02
1.4118646632e-02 -3.0464601376e-02 2.7642917074e-02
2.4474615462e-02 -5.5531154901e-02 5.4641491499e-03
2.2380104473e-02 -6.9201601249e-02 2.7199705521e-02
1.4354051914e-02 -9.6396541683e-02 3.1573835361e-02
2.8899433368e-02 -1.6495782043e-01 5.2457295238e-02
8.7722962509e-05 -6.7226274582e-02 1.7848829280e-01
2.0857824640e-02 -6.1235529756e-02 2.5636260447e-01
-5.0071091762e-02 3.8073009190e-01 -4.0248253552e-01
2.0934941619e-01 1.0827536718e+00 -1.6766359664e+00
2.9342232713e-01 2.9651806675e-01 -7.2230461742e-01
3.7243557320e-02 -1.3480078808e-02 -7.4471260022e-02
4.6520146866e-02 -4.3351954815e-02 4.9076190396e-02
7.4043896223e-02 -6.5336944950e-02 4.3966581086e-02
4.9541244126e-02 -7.3423910482e-02 6.6972897918e-02
4.6453387583e-02 -7.1317745718e-02 5.9590500125e-02
2.0544995895e-02 -5.3693736961e-02 5.9633854294e-02
3.2915431628e-02 -6.4647073205e-02 3.4147407598e-02
2.7180317743e-02 -7.6784933757e-02 5.7224909990e-02
1.7780065760e-02 -3.8709799264e-02 4.4102924021e-02
-2.6481020985e-02 -1.8509671957e-02 -5.5281147306e-02
1.4660452344e-02 1.4729361041e-01 6.8091449760e-02
4.6242463636e-02 2.2772322169e-01 7.7770768294e-02
-5.7526797365e-02 9.3651823334e-01 -1.5366434944e-01
3.2673681926e-01 1.8221488036e+00 -8.2734922725e-01
7.7959268956e-01 6.8035757086e-01 -9.1182361543e-01
3.2060563839e-01 1.1161691001e-03 -3.3773681583e-01
3.2797316712e-02 -2.8265113251e-02 4.3076979468e-02
6.9723775490e-02 -5.8425780095e-02 4.6186635193e-02
2.8445873548e-02 -5.3603977073e-02 5.2261268974e-02
2.4119088710e-02 -4.2949153180e-02 3.5871233896e-02
-2.1811916027e-03 -1.2298347829e-02 3.6308026350e-02
1.5721650331e-02 -3.8962817775e-02 2.7514412438e-02
3.1400305974e-02 -6.6623065858e-02 3.6466293899e-02
1.9151643318e-02 3.9047884967e-02 -7.1348678305e-02
-7.0709393653e-02 1.6374629127e-01 -1.5967867880e-02
-6.4466460693e-02 3.8298508641e-01 1.7348672461e-01
-4.1648461508e-02 4.7057149265e-02 2.4349029880e-01
5.0225565261e-02 4.2168561412e-01 1.8194369091e-01
3.7502126741e-01 1.2571544609e+00 1.9357009568e-01
1.0033366488e+00 3.8898780672e-01 -3.2052480042e-01
6.5872574595e-01 -2.3968153031e-01 -1.2359964145e+00
3.7128635942e-02 -3.0786801311e-02 5.3345759636e-02
6.4885719035e-02 -5.4355387479e-02 5.3485041294e-02
4.0910775976e-02 -5.5414991189e-02 5.6242688610e-02
3.8023964377e-02 -4.6671118965e-02 4.0367640673e-02
1.7100241812e-02 -2.8750216421e-02 5.2893942332e-02
1.1280802876e-02 -3.9128877231e-02 3.3033903907e-02
-1.7255283147e-02 -5.5736098364e-02 5.2167758122e-02
-5.4239403404e-03 5.1127920324e-02 -7.0440775177e-02
5.1945138022e-02 1.6795261127e-01 2.9066053988e-02
7.3336899244e-02 2.7762478984e-01 2.9124899327e-01
-1.1305154668e-01 -1.6560351301e-01 2.3321481968e-01
-4.3492988767e-02 -3.0339650270e-01 5.1583832230e-01
1.0512809494e-01 2.0679906766e-01 7.6021682657e-01
-1.2357371109e-01 -4.2431189124e-01 -1.0029072830e-01
-3.9574021431e-01 -5.7298702338e-01 -2.0462334895e+00
1.4076694741e-02 -1.4766110069e-02 4.4679652337e-02
3.4582614574e-02 -2.9845986461e-02 5.1545937419e-02
2.9925738478e-02 -3.2092964501e-02 5.7918160522e-02
3.3599272198e-02 -3.0938858443e-02 5.3598169408e-02
2.7373729770e-02 -2.7362561813e-02 6.2905463032e-02
3.0437740242e-02 -3.3418733602e-02 3.8244944427e-02
2.2823799006e-02 -2.7713837830e-02 6.3812122807e-02
-1.4286179652e-03 1.1070153769e-02 1.9497826046e-02
4.6080133707e-02 -1.1180990972e-02 5.0764802366e-03
9.2116705662e-02 -6.6902806771e-02 2.0381814330e-01
-5.6354512774e-02 -6.4960637484e-01 2.6129110602e-01
-2.5522446461e-01 -9.0371883837e-01 5.4151442762e-01
-9.8742169818e-01 -8.0791595416e-01 3.6879439499e-01
-1.9182848469e+00 -1.1029262203e+00 -8.1281954741e-01
-1.1035917091e+00 -4.4200204833e-01 -1.3097337784e+00
3.4185533038e-02 -2.1615376058e-02 4.3951544573e-02
5.2326452479e-02 -3.9367196001e-02 4.2225915615e-02
4.5814863340e-02 -4.4066823099e-02 5.2361955285e-02
5.0583335355e-02 -5.1375502645e-02 4.4686117149e-02
4.6052777190e-02 -4.3761128025e-02 5.0977606550e-02
3.7970165145e-02 -4.9566150261e-02 3.1976757392e-02
3.2121157472e-02 -4.6452743769e-02 5.0607564767e-02
1.7378976683e-02 -4.1829723655e-02 4.7311205639e-02
2.6247128869e-02 -7.9806604508e-02 4.8031501609e-02
1.3013886110e-01 -1.4950127365e-01 1.9613835303e-01
-1.0069014658e-01 -6.6175599379e-01 3.3825318624e-01
-5.6480100815e-01 -1.0600313845e+00 3.2033645539e-01
-1.1930973064e+00 -8.1016910078e-01 1.6897797179e-02
-1.2678916441e+00 -5.7414428617e-01 -4.3431019172e-01
-3.1542445863e-01 -1.1625203318e-01 -2.1833956449e-01
2.5531195875e-02 -2.2508766573e-02 3.8571172227e-02
4.9470729999e-02 -3.8458153229e-02 4.0029607520e-02
4.5192191276e-02 -4.8208187553e-02 5.2809226554e-02
4.7737688491e-02 -4.8823147612e-02 4.6555551816e-02
3.1458307655e-02 -4.1639955401e-02 5.3799138712e-02
3.2762439714e-02 -4.4081493712e-02 3.4781694719e-02
3.6741994250e-02 -4.4302890309e-02 4.7180620955e-02
1.1725115747e-02 -3.5480295298e-02 3.8461000573e-02
-4.3013397879e-03 -5.1893832711e-02 7.3705426192e-02
-3.5268989369e-02 -1.1344050039e-01 1.2857997750e-01
-1.4883736240e-01 -3.0072571360e-01 1.8051044422e-01
-3.3494184120e-01 -4.0120802966e-01 7.5775704007e-02
-2.2908511890e-01 -1.7375992300e-01 3.3750616489e-02
-1.5181912757e-01 -2.6606858274e-02 -1.1847034373e-02
-1.5910542159e-02 6.0653771499e-03 8.2675315486e-03
1.4535184165e-02 -1.1132355829e-02 3.6645819726e-02
4.7020138854e-02 -3.6466163979e-02 3.9876346676e-02
3.2586318899e-02 -3.8646726309e-02 4.3265226123e-02
3.0770929467e-02 -3.2362772776e-02 3.5202705861e-02
2.0530706778e-02 -2.4610767014e-02 4.1089878389e-02
2.2582170646e-02 -3.2112244790e-02 3.1323342677e-02
9.7405218422e-03 -2.9127284774e-02 4.2139967587e-02
1.2795788988e-03 -2.0915682324e-02 3.5319586370e-02
2.5460350944e-03 -1.6777419802e-02 4.0583069667e-02
-3.0033669995e-02 -4.2717864782e-02 1.4043005745e-02
-3.0500991139e-02 -9.1093960462e-02 2.2869894496e-02
-6.4363904715e-02 -6.1735575380e-02 1.6245762720e-02
-7.3470974357e-03 4.7252824080e-03 3.6468150466e-02
-7.2340589395e-03 2.7308093999e-02 7.6053601379e-03
-1.8307371452e-03 -3.2687450537e-03 -2.0776919895e-02
1.4412421831e-02 -1.1099438616e-02 3.5124798170e-02
5.0742174420e-02 -2.8698347503e-02 3.8741831872e-02
3.1262982592e-02 -3.4171581949e-02 4.5426002295e-02
3.6723851983e-02 -3.0602422018e-02 3.9001881553e-02
1.3840696893e-02 -1.7691173750e-02 4.4770273968e-02
1.9387081305e-02 -2.6841476184e-02 3.1409212953e-02
2.4021792023e-02 -3.2283718502e-02 4.2778669706e-02
2.5605478427e-03 -2.2966941237e-02 3.0896008982e-02
8.1962616300e-03 -3.3469895296e-03 2.0031825537e-02
-4.8843222369e-03 2.7473648869e-03 1.9206617559e-03
2.6140701577e-02 3.9126866785e-04 7.7348806121e-03
1.8409551034e-03 2.1131902756e-02 2.4087361443e-02
1.1878558018e-02 2.1187644396e-02 5.0325641694e-02
-5.7765507604e-03 1.0487218453e-02 2.2018919131e-02
1.3542190490e-03 -1.2309856118e-02 -2.4594829069e-02
1.7855680033e-02 -1.2490480122e-02 3.5278438810e-02
4.1508324838e-02 -2.4087252468e-02 3.0653050801e-02
2.5785884168e-02 -2.9234911250e-02 4.0596027313e-02
2.6017822579e-02 -2.5245607808e-02 3.3918139389e-02
1.2240880287e-02 -1.2401856070e-02 4.0740147330e-02
1.7088383441e-02 -2.4841838323e-02 2.9386192811e-02
2.2973067945e-02 -2.6711442897e-02 3.6980110323e-02
-4.0974099612e-04 -1.6845746280e-02 2.8678774286e-02
1.0196963126e-02 3.4718421165e-03 2.6406449891e-02
-8.6553364875e-03 4.4319867374e-03 7.5647204068e-03
2.6686644010e-02 2.6018106157e-03 1.4251138398e-02
2.4038298419e-03 1.1924780260e-02 4.0618574850e-02
1.5898830985e-02 6.7113779518e-03 7.1094457820e-02
1.2441909520e-02 2.8702119626e-05 3.9492076353e-02
4.5039534388e-03 -1.5125573454e-02 -2.3041578197e-02
4.3026197190e-02 -3.4133725542e-02 4.2283057031e-02
6.8885555920e-02 -5.3765977025e-02 3.3651873274e-02
5.8986271945e-02 -6.0070192966e-02 5.2787107007e-02
5.0530948289e-02 -6.0134382008e-02 4.5532163151e-02
4.5304970001e-02 -4.6633915980e-02 5.7882793091e-02
4.3676634537e-02 -5.9268341780e-02 3.5025670086e-02
4.1881475437e-02 -5.8312824128e-02 4.2945333391e-02
2.6361100298e-02 -4.9637494118e-02 3.6729857031e-02
3.6220791766e-02 -2.9636748009e-02 4.0546752400e-02
2.4923140878e-02 -3.1411754843e-02 2.7014771498e-02
4.0244556464e-02 -2.7174671885e-02 3.5948616269e-02
2.1365111210e-02 -1.8007255100e-02 7.0488005444e-02
3.2927208813e-02 -8.2103735647e-03 9.6688820315e-02
2.7866623778e-02 -4.1618771655e-03 6.1010460082e-02
2.2656365661e-02 -2.0771899787e-02 3.9398151786e-04
9.3822949382e-04 -2.9801383598e-03 5.8294499157e-02
8.9589841837e-03 -1.6073362833e-02 5.9541572641e-02
1.0782045785e-02 -3.1557297380e-02 6.7697233624e-02
1.6680505410e-03 -4.5255805247e-02 5.7688600184e-02
-2.1692251445e-03 -3.3530000390e-02 5.0383883593e-02
8.1414671877e-04 -3.1316159541e-02 3.8994957867e-02
7.4326392089e-03 -2.8347322506e-02 4.3431434894e-02
-1.9414542901e-02 -1.9230588387e-02 3.9488294033e-02
-2.8061054387e-02 -5.4919945898e-03 4.1864800182e-02
-4.8378345411e-02 9.5459654967e-03 3.3119912809e-02
-4.2810538038e-02 -1.4354208713e-04 5.1506629611e-02
-5.5444827316e-02 1.5833187327e-02 4.4621271875e-02
-5.8454554138e-02 1.4542933122e-02 6.4045252493e-02
-4.9456010507e-02 2.9255647597e-02 2.9928463681e-02
-8.4732369058e-03 8.1834657503e-03 3.0744861144e-02
1.6424131726e-02 -6.1804129405e-03 6.3038483482e-02
1.6825155324e-02 -2.1004180611e-02 6.4234540114e-02
1.5097225302e-02 -3.9471414715e-02 7.1945368735e-02
1.9664765936e-02 -5.1915140568e-02 5.8476422369e-02
1.3143902293e-02 -5.0374872877e-02 5.3632351948e-02
1.3436089882e-02 -4.7484528812e-02 4.3061147485e-02
8.6503174660e-03 -5.0090909840e-02 4.7311333879e-02
-4.8072279948e-03 -3.6364494595e-02 3.9142151467e-02
-2.0117821438e-02 -1.7762536871e-02 4.0371264093e-02
-3.6510001206e-02 -8.9699462386e-04 2.7884777918e-02
-3.8431191547e-02 -7.8076725657e-03 4.9327984594e-02
-3.5465368424e-02 7.3457721917e-03 4.4839074142e-02
-2.3054828357e-02 3.1490456419e-03 6.6315145546e-02
-8.9257842528e-03 1.2415759845e-02 2.8634164029e-02
9.9414650237e-03 3.1744169239e-03 2.6469467367e-02
-9.1472841765e-03 6.0728559463e-03 4.6313963337e-02
-3.7866089293e-04 -1.5606141931e-02 5.2931240879e-02
-5.4776402357e-03 -2.9035485765e-02 5.8494799419e-02
4.2329013459e-03 -3.8651218043e-02 4.9782235017e-02
-5.3855392509e-03 -2.3690476185e-02 3.8616625868e-02
-2.3823829198e-03 -1.6228479107e-02 2.9884832819e-02
-1.6534649937e-03 -1.3592854302e-02 3.2671983991e-02
-1.5261665497e-02 -2.1363060534e-03 2.1311850680e-02
-2.3372373462e-02 1.0802858449e-02 1.7326635931e-02
-4.5372333503e-02 4.2659013021e-02 -5.9570533998e-03
-4.0163035215e-02 3.0079502320e-02 2.3325844327e-02
-4.3304271841e-02 4.9160680336e-02 1.2029511421e-02
-4.0149364184e-02 3.9344131027e-02 3.0511229538e-02
-3.8534068916e-02 4.5113376754e-02 -1.0119006443e-02
-1.8857690614e-02 2.8798834945e-02 -1.0334734496e-02
1.1070205217e-02 1.2218344753e-02 4.1310772572e-02
2.0897826819e-02 -1.6880455133e-02 4.6413964302e-02
9.1870578421e-03 -2.2146422699e-02 4.6201580253e-02
1.2491583861e-02 -2.5630646055e-02 2.9282959496e-02
3.2548362094e-03 -5.8028849120e-03 2.0307785245e-02
1.9046160911e-02 -4.8316810274e-03 1.8063196671e-02
1.8954923861e-02 -9.5768167940e-03 1.9397359658e-02
1.4119452576e-02 -1.8084913620e-03 1.0225809884e-02
-6.4667778329e-04 1.8976584962e-02 5.6899435873e-04
-1.0067629127e-02 2.9908126144e-02 -8.9264113214e-03
2.6434950070e-02 -2.1867235080e-02 4.9400128861e-02
1.3460690630e-01 -1.1086888461e-01 1.3502403147e-02
6.7038429854e-02 -5.1251136795e-02 -3.9789196543e-02
-2.1035694435e-02 3.8378537385e-02 -3.1915956179e-02
-5.1113237246e-03 1.3824231977e-02 -2.9674667594e-02
3.8105886276e-03 2.2045133570e-03 4.0848263956e-02
2.5748628701e-02 -1.9526574880e-02 4.2805110817e-02
5.4752643976e-03 -2.1689291706e-02 4.7088646946e-02
-2.1759811112e-03 -1.8410795041e-02 3.1824250764e-02
-1.4587156041e-02 5.0164274943e-03 1.9849658509e-02
6.1256019878e-03 -1.7598178791e-04 8.6096241828e-03
1.3257713868e-02 -4.6560709865e-03 1.0533082792e-02
-4.7446224607e-03 -1.6563808595e-03 -1.9700347984e-03
-1.0474217351e-02 5.9949591687e-03 -4.6003272432e-03
-1.0211994373e-02 -1.6582944066e-02 2.1274095882e-02
1.7670513154e-01 -3.4194558256e-01 2.6115001334e-01
6.0694982624e-01 -9.1260524375e-01 1.8526429297e-01
5.4277093751e-01 -6.0898695305e-01 -3.6028953188e-01
6.7383168118e-02 -6.5765402222e-02 -1.4955986370e-01
-1.8136364383e-02 1.0616877794e-02 -3.4854616694e-02
8.4542573248e-03 -1.3044255855e-02 5.1067500013e-02
2.7793469250e-02 -3.3702044903e-02 4.5808149824e-02
9.4974071975e-03 -3.6033896231e-02 5.0665671934e-02
4.3107168229e-03 -3.9896959942e-02 3.8700317529e-02
-4.8785044839e-03 -1.7735225614e-02 3.6615893571e-02
4.5777557902e-03 -2.6516091675e-02 1.5859082131e-02
1.1955781881e-02 -3.1583277672e-02 2.1575843861e-02
-1.9413739690e-03 -3.1197796051e-02 1.6874794765e-02
2.6341464494e-03 -2.8094732521e-02 3.1627071565e-02
-1.2492847602e-02 -6.1992019221e-02 9.3564720626e-02
2.2269812414e-01 -7.1589900752e-01 5.4335360271e-01
5.8368692838e-01 -1.4207921604e+00 5.9990038545e-01
8.6738287157e-01 -9.9344116309e-01 -7.6068328017e-01
4.0969787169e-01 -3.4319646811e-01 -6.2033632828e-01
3.7229880285e-02 -2.9183259252e-02 -6.7513464098e-02
2.4419643071e-02 -3.5634396153e-02 5.6196530775e-02
4.3523485356e-02 -5.4926608721e-02 5.5013195457e-02
1.4616060498e-02 -5.9197817261e-02 6.7380127492e-02
1.4599798239e-02 -5.2095647965e-02 5.5909168249e-02
-5.7781255403e-03 -2.9937344929e-02 4.7095569031e-02
5.6924502300e-03 -2.7077177355e-02 2.7722401542e-02
1.8898799903e-03 -3.1092352459e-02 3.2457148345e-02
-6.3235177378e-03 -2.6169426983e-02 2.4401257432e-02
-2.6215799296e-03 -4.6828933997e-02 4.4827730687e-02
2.4437597110e-03 -3.9052387793e-02 1.1943903260e-01
9.8963698044e-02 -6.2104895271e-01 4.8208994019e-01
8.3150635641e-02 -1.0345432793e+00 7.5658310455e-01
4.3760812951e-01 -9.6263520976e-01 -4.8899201049e-01
6.5206890903e-01 -7.5771158253e-01 -1.2863109360e+00
1.8532639186e-01 -1.1675290504e-01 -3.2586977793e-01
9.8243420437e-03 -1.7793194018e-02 4.7154332174e-02
4.3091220867e-02 -4.5950783685e-02 5.5736171795e-02
1.3590645670e-02 -3.8813130939e-02 5.6683731491e-02
8.3557527259e-03 -3.0082321522e-02 4.1695100889e-02
-2.1651075196e-02 4.2026944152e-03 2.6033989337e-02
-1.6758264978e-02 -4.0183678244e-03 1.4262710831e-02
-7.3686975179e-03 -1.2503715150e-02 2.4409636864e-02
-2.5832012969e-02 3.6547633436e-03 1.2562338543e-02
-1.7566047209e-02 -1.9120146129e-02 5.7767014832e-02
-3.4731380705e-02 1.1149319186e-02 1.4436507701e-01
-2.5189535388e-03 -4.6516531729e-01 4.2124715609e-01
-1.9025331900e-01 -1.0668826842e+00 8.8331367206e-01
-2.9941597750e-01 -1.4228543621e+00 4.4158790069e-01
1.4845070594e-01 -1.4660240513e+00 -1.0400619641e+00
1.9324777665e-01 -6.0615937509e-01 -8.7120512662e-01
1.7248987556e-02 -2.0693156526e-02 5.1719310230e-02
3.4835517356e-02 -3.8816031361e-02 5.5960091478e-02
1.8661827751e-02 -4.2023693931e-02 5.5223971979e-02
1.1479939712e-02 -3.1759368521e-02 3.9754512729e-02
-1.7929015095e-03 -1.2272056975e-02 3.4717119926e-02
-1.8737566792e-03 -1.4634483049e-02 2.4636383538e-02
1.6590638441e-03 -2.6811780628e-02 3.3790627583e-02
-1.5545840532e-02 -2.2007509729e-02 2.2505164496e-02
-9.2231924374e-03 -1.6544762192e-02 6.5653073101e-02
-4.2223200639e-02 -3.3287526262e-02 1.4386063622e-01
-1.3090228908e-01 -4.1149634594e-01 3.4281052853e-01
-3.3337238343e-01 -9.4337625116e-01 8.7895201606e-01
-8.5724996209e-01 -1.6447188253e+00 8.0689542892e-01
-9.6643488574e-01 -2.0457426533e+00 -5.1750442617e-01
-3.3064745770e-01 -9.3600456320e-01 -1.0103866547e+00
-1.8409901783e-03 -1.0979949919e-02 4.3858437963e-02
1.1392487430e-02 -2.0039530357e-02 5.3385509766e-02
7.9005706937e-03 -2.9802506347e-02 5.2462884758e-02
1.7169266901e-02 -3.1149012193e-02 5.2374635128e-02
1.1962753286e-03 -1.7730152676e-02 4.7418579458e-02
-2.8738785719e-03 -1.7125343048e-02 3.1478506256e-02
6.2253567002e-03 -2.1152188523e-02 4.4987863915e-02
-2.0254762644e-02 -2.7459545680e-02 3.3088157728e-02
-2.1089998344e-02 -2.1674832839e-02 4.9154076620e-02
-6.2667716100e-02 -5.0927429100e-02 5.8086597525e-02
-1.2436004799e-01 -3.5516217536e-01 1.8151638074e-01
-2.8794511477e-01 -6.1382361501e-01 5.4126484949e-01
-9.3225651307e-01 -1.2017625265e+00 5.1263645346e-01
-1.2555996185e+00 -1.3745349527e+00 -3.2479434100e-01
-4.2134338380e-01 -4.3168964339e-01 -4.1678603284e-01
1.8349318863e-02 -1.2628457619e-02 4.9890275985e-02
2.6150759661e-02 -2.7662145198e-02 5.0962566308e-02
2.5907137567e-02 -3.6522872859e-02 5.5112298428e-02
3.1343491079e-02 -3.9721706099e-02 5.2268479143e-02
2.3931323714e-02 -3.4062770411e-02 5.0303618584e-02
1.1595660332e-02 -3.9056849272e-02 3.8464934513e-02
1.4620287525e-02 -3.7545194029e-02 4.7906032275e-02
-7.7121315750e-04 -3.9879634106e-02 4.4106175506e-02
-6.1909113495e-03 -2.5537455918e-02 4.4717440246e-02
-2.3728226606e-02 -3.1518763452e-02 2.8059246529e-02
-5.2541316123e-02 -1.5543573352e-01 7.6803055211e-02
-1.5311024894e-01 -2.7239099215e-01 1.4458381972e-01
-3.0783689261e-01 -3.2317439153e-01 1.5882148946e-01
-3.3780430301e-01 -2.7562726250e-01 -3.5049790793e-02
-6.5584425889e-02 -4.8974721556e-02 -2.7754747419e-02
7.7574292804e-03 -1.3180007672e-02 3.8206306666e-02
1.9177297965e-02 -2.8054580409e-02 4.6511635952e-02
1.9189794124e-02 -3.6989594583e-02 5.1834663325e-02
2.0980254076e-02 -3.9224843891e-02 4.9238039937e-02
9.7636675037e-03 -3.2158130183e-02 4.8284830913e-02
-1.8333270744e-03 -2.8785395394e-02 3.7740005287e-02
3.5335654709e-03 -2.7728147625e-02 4.6114273859e-02
-1.7785909785e-02 -1.9099178986e-02 3.6106931174e-02
-1.7167705564e-02 -8.6549766167e-03 2.9704645238e-02
-3.9816494241e-02 9.0612026654e-03 5.6920158418e-03
-1.7094731842e-02 -5.2926190069e-03 2.8278099672e-02
-4.4915747728e-02 -7.6373245821e-03 2.5597863050e-02
-3.2689042290e-02 5.4062150027e-03 6.0630012093e-02
-4.2091888835e-02 3.1917291091e-02 1.0000422057e-02
-5.7527088787e-03 3.3646007465e-02 4.3162666729e-03
-5.4367272819e-05 3.2634506773e-04 3.9744485592e-02
2.1299549288e-02 -2.0289799572e-02 4.7823560279e-02
1.4236553143e-02 -2.4480180468e-02 4.8071419976e-02
1.4226300895e-02 -2.4521274621e-02 4.2107234615e-02
-2.5464416176e-03 -1.2220064208e-02 4.0152791304e-02
-1.8613097423e-03 -1.5114285367e-02 4.1005732161e-02
5.9696241668e-04 -1.7466912787e-02 5.0925765496e-02
-1.4797906711e-02 -1.5488474929e-02 4.2485646942e-02
-1.1451858473e-02 9.0119644372e-03 2.8872786543e-02
-2.8944846212e-02 2.0021646065e-02 4.7848298040e-03
1.0999234095e-02 1.4218560816e-02 2.0714373748e-02
-1.2888113027e-02 2.8951591734e-02 1.8004815754e-02
-3.4808513374e-03 3.1047363280e-02 4.0095654095e-02
-1.5503536988e-02 3.5169713667e-02 -4.5386434296e-03
3.9070698429e-03 1.3376492217e-02 -1.9178209562e-02
2.4118673213e-03 -2.6819171134e-03 3.5451974731e-02
2.6460796018e-02 -2.1055597044e-02 4.0688449966e-02
1.1275280611e-02 -2.4399357476e-02 4.3966531723e-02
6.3443340675e-03 -2.3265948560e-02 3.7792005852e-02
-1.1208470097e-02 -9.3424267212e-03 3.8371301030e-02
-4.2163449493e-03 -1.3584059640e-02 3.3192995223e-02
3.4385437209e-03 -2.0367840471e-02 4.2666955866e-02
-1.4692799819e-02 -2.1235855381e-02 3.1771412813e-02
-1.6020024826e-02 -2.1115645646e-03 1.8158622786e-02
-3.2522474780e-02 4.3069948254e-03 4.1273799984e-03
1.5355140187e-03 4.3113152972e-03 1.5191770036e-02
-2.9366270088e-02 2.0944413903e-02 2.3584648850e-02
-1.8152823194e-02 2.2814217385e-02 4.1914301520e-02
-3.1736170653e-02 2.4238475174e-02 -2.4261518577e-03
-1.1204053109e-02 6.8038363807e-03 -2.4129047490e-02
-2.6027683082e-03 -5.6768011717e-03 4.0963716432e-02
1.1761072322e-02 -1.5186118830e-02 3.9171475752e-02
5.3595039314e-03 -2.1752206208e-02 4.5086176129e-02
8.3054837114e-03 -1.9923669497e-02 4.0536111376e-02
-9.3126521707e-03 -5.4767132810e-03 4.2569271042e-02
-8.6557004616e-03 -1.4890609881e-02 2.9386260720e-02
-1.4195964302e-03 -1.9500882700e-02 4.3774319891e-02
-2.0756892136e-02 -1.4081932077e-02 3.1623436062e-02
-1.2870778172e-02 4.2416865588e-03 2.8517109694e-02
-3.5509761432e-02 7.1744000064e-03 9.2280957609e-03
7.1274945007e-03 5.9717405852e-04 2.5287979683e-02
-2.0695013289e-02 1.2098301022e-02 3.9276947303e-02
-2.4819348303e-03 1.0452398814e-02 7.7674167529e-02
-1.3950694456e-02 1.0914118867e-02 3.6140920690e-02
2.6303795093e-03 -1.0732495919e-03 -1.0632153608e-02
1.8368008751e-02 -2.3591552203e-02 4.7250332813e-02
3.8368109162e-02 -4.1800042757e-02 4.1968834184e-02
3.8767828903e-02 -4.8460227277e-02 5.4931505564e-02
2.9272614563e-02 -4.4053276603e-02 5.0200737721e-02
2.3728806802e-02 -3.1906454581e-02 5.6318826270e-02
1.9503312105e-02 -4.4326111371e-02 3.9293101458e-02
3.0039569853e-02 -4.5099443398e-02 5.0652011086e-02
1.0440074747e-02 -3.8833311648e-02 4.0505428023e-02
1.8913646004e-02 -1.9861971161e-02 4.3412054495e-02
-8.2095561368e-04 -1.9035866426e-02 2.7698907890e-02
2.1619079455e-02 -1.7431347693e-02 4.3945239976e-02
6.1802627575e-03 -1.0268817071e-02 6.7695622733e-02
1.8457447122e-02 -1.6544753950e-03 1.0080279739e-01
1.2034364585e-02 4.5439921940e-03 5.2548286027e-02
1.8295232347e-02 -1.6440667329e-03 7.4732359659e-03
