-2.6358343345e-02 -4.9105727502e-02 8.2635395569e-03
-4.4647957612e-02 -6.5330948647e-02 1.2688900192e-02
-4.8044334676e-02 -7.2418315259e-02 9.2596395273e-03
-5.5619644105e-02 -9.3641197189e-02 -2.9504833957e-02
-1.2055236328e-02 -1.1230707554e-01 3.6958113842e-03
-1.1877582334e-02 -1.2870313381e-01 -1.7793207506e-02
9.3254018872e-03 -1.3449910338e-01 -1.0192697693e-02
4.4316658675e-02 -1.4467167777e-01 -2.4183507226e-02
4.5713159342e-02 -1.4069767625e-01 -2.7248233807e-02
-3.6547688457e-04 -1.7023684133e-01 -4.5020470288e-02
-6.7048016936e-02 -1.7462785208e-01 -9.6117533816e-03
-5.7250065317e-02 -1.5328434895e-01 3.4779450149e-02
-5.0525323174e-02 -9.6589712651e-02 8.2064654514e-02
-1.0766604283e-02 -9.6690721104e-02 6.1611445680e-02
-1.9650235836e-02 -7.1096160252e-02 5.8515717214e-02
-3.8314592875e-02 -3.8564192011e-02 -7.8184519520e-03
-5.8074674922e-02 -4.7926697187e-02 -3.8577203861e-02
-5.8879411566e-02 -5.9316664574e-02 -4.2270171857e-02
-7.5080777873e-02 -7.8891434364e-02 -7.0832387871e-02
-2.1450677031e-02 -9.3360084605e-02 -3.2900168658e-02
1.4102162257e-02 -6.7714256034e-02 -2.4622274505e-02
1.2591472733e-01 6.8512198482e-02 2.7427610007e-02
2.3546454721e-01 2.1004983870e-01 -4.1020101988e-03
2.5852835103e-01 2.4626282014e-01 -8.2066125833e-02
1.0831663818e-01 7.0624855124e-02 -1.1860238789e-01
-6.0106191358e-02 -1.0540663044e-01 -8.0812505530e-02
-6.2858399952e-02 -1.1868691845e-01 2.2700934836e-02
-4.9479594427e-02 -8.2836102930e-02 7.0906038929e-02
-8.4246068665e-03 -8.3997264074e-02 5.6302281333e-02
-1.7191154822e-02 -9.1537979220e-02 3.9700159893e-02
-3.9829106779e-02 -5.2901037627e-02 -1.4918516444e-02
-4.9441686639e-02 -6.7938828252e-02 -3.6739371539e-02
-6.1981710731e-02 -8.4393586422e-02 -5.5589693378e-02
-6.4563237624e-02 -7.9718425113e-02 -8.2618481686e-02
4.0911695200e-02 -1.4087037749e-02 2.0439458881e-02
1.6264992198e-01 2.0843423454e-01 9.4807109970e-02
3.6747418950e-01 5.9085348955e-01 1.7993670421e-01
4.6360806813e-01 8.1643810890e-01 5.6715684096e-02
4.2288551498e-01 7.3530428426e-01 -1.3396377530e-01
1.7242893691e-01 3.0607798796e-01 -1.7460036393e-01
-3.8021600439e-02 -4.3322895333e-02 -1.4176065853e-01
-4.8242396325e-02 -9.3992319910e-02 -4.5861114969e-02
-4.2371277402e-02 -7.9420050583e-02 2.2829965654e-02
-9.4007327204e-03 -8.1930336890e-02 3.0363828213e-02
-2.2858932616e-02 -8.7831815320e-02 1.6999294569e-02
-3.6700411697e-02 -3.2067633136e-02 -2.7106075200e-02
-4.1388448606e-02 -6.0207328900e-02 -8.0388976595e-02
-3.5624094503e-02 -6.8998290264e-02 -9.8627528977e-02
1.1340332837e-02 1.0773065715e-02 -2.4860331422e-02
1.8773016124e-01 3.0259117328e-01 1.8256713663e-01
3.2662713872e-01 6.9856801151e-01 2.7533631137e-01
4.1742948890e-01 1.0888177986e+00 2.9368814766e-01
3.5310046359e-01 1.0551405056e+00 9.3125764511e-02
2.2208681285e-01 6.7327684020e-01 -1.1019620074e-01
7.0853564158e-02 1.6512603201e-01 -8.5696324764e-02
-5.9788790608e-02 -1.0707409592e-01 -8.3882572505e-02
-2.8505666962e-02 -4.0537163848e-02 -5.9998832296e-02
-3.1682612277e-02 -4.4872238458e-02 1.0864165560e-02
-7.5784473148e-03 -6.0694535640e-02 2.4406800081e-02
-1.9683796370e-02 -6.8013496757e-02 1.0940586861e-02
-5.5275994537e-02 -5.8042341318e-02 -2.7604076126e-02
-5.4904646526e-02 -7.7681624304e-02 -5.4838549720e-02
-2.8129452459e-02 -5.8459217507e-02 -4.6472195035e-02
5.5014370264e-02 1.6094684511e-01 1.0665873712e-01
2.2773884971e-01 6.8839455671e-01 3.4731285948e-01
2.9000495130e-01 1.0586925223e+00 3.7153368834e-01
2.7896078353e-01 1.1917859650e+00 2.7534305305e-01
1.9387326483e-01 9.3100804965e-01 5.4494116338e-02
1.1300499736e-01 2.8438259303e-01 -7.8893066063e-02
1.3885992726e-02 -1.6393332209e-01 -1.9773009098e-02
-5.7114501076e-02 -2.2402308141e-01 -3.7273403096e-02
-3.3307559317e-02 -3.9678434478e-02 -3.4718154973e-02
-1.7242078219e-02 -4.5549910944e-02 -3.8139574214e-03
-4.6548336720e-03 -5.8173507387e-02 1.6627058653e-02
-1.6044252732e-02 -5.9897864406e-02 9.4461056020e-03
-5.6487402968e-02 -6.4895213684e-02 -3.9406776464e-02
-4.5458679455e-02 -8.9468816507e-02 -7.7141283424e-02
-2.8484852033e-02 -5.3559899940e-02 -3.5624453647e-02
8.8011323069e-03 2.7187435759e-01 1.5583438040e-01
6.5082891122e-02 9.5814079651e-01 4.0421529600e-01
6.8624551391e-02 1.1830442767e+00 3.4285844388e-01
3.2805065166e-02 1.0614655840e+00 1.9274494796e-01
2.9256682030e-02 7.8362343284e-01 5.5617080520e-02
4.2234579703e-03 9.8230976152e-02 3.1205760451e-03
4.2996578011e-02 -4.0889993497e-01 2.6958435238e-02
3.1445170177e-02 -3.1228562097e-01 -8.5308125755e-02
-3.5167982907e-02 -1.5630363225e-02 -9.4644707687e-02
-4.9174320858e-02 -3.7066774894e-02 -9.9697603147e-03
-2.3604672512e-02 -5.5578421062e-02 1.1015064598e-02
-3.2704766165e-02 -5.1730135530e-02 6.9139549959e-03
-6.8683307421e-02 -7.9294457398e-02 -3.9638612314e-02
-6.6574830380e-02 -1.0292779969e-01 -7.8630677140e-02
-4.9199769227e-02 -7.1263769628e-02 -4.1337935193e-02
-1.1171746979e-01 2.7685958390e-01 1.6766839530e-01
-2.1723545668e-01 9.7801455114e-01 3.9241423419e-01
-2.5579677506e-01 1.1519589111e+00 3.0900334624e-01
-1.5841206127e-01 8.9599721139e-01 1.6927010395e-01
-9.5683115717e-02 6.8085299720e-01 3.4475201215e-02
-9.4441649368e-02 1.7788637119e-01 2.4092098257e-02
-1.5566276955e-02 -4.3985519365e-01 1.5157004688e-01
9.3986407559e-02 -4.2355014836e-01 7.9060502752e-02
-1.5657600498e-02 -7.5881472225e-02 -3.1232816065e-02
-5.1078350167e-02 -6.6926142676e-02 -2.5546655423e-03
-2.7458091439e-02 -8.0599886810e-02 1.0055618061e-02
-2.7277083257e-02 -8.4522247985e-02 1.3966075292e-02
-5.3359841259e-02 -6.9972734843e-02 -2.6973112674e-02
-4.8169486395e-02 -9.5788441375e-02 -6.1359994472e-02
-4.0306841206e-02 -1.0657498818e-01 -6.0449682250e-02
-1.2027076893e-01 4.7502732335e-02 3.2063756298e-02
-1.9299871217e-01 4.5305158374e-01 2.1045740155e-01
5.3601921149e-02 7.9542528643e-01 3.4135938561e-01
5.6792023302e-01 9.2018108374e-01 2.8401192323e-01
8.1833404328e-01 7.8348784649e-01 -1.4650214630e-02
6.4675176968e-01 5.4471415691e-01 -2.4450902015e-01
2.8814797030e-01 4.8293985193e-02 -1.3042218718e-01
1.3174435442e-01 -1.4361990301e-01 3.8225633358e-02
3.1279419326e-02 -3.7196268487e-02 -2.6654514744e-02
-6.3764630923e-02 -8.9814654650e-02 9.5555016667e-03
-4.4118791342e-02 -1.0038698502e-01 2.4581298059e-02
-3.9571707806e-02 -8.3056761697e-02 1.5822090036e-02
-4.9809580817e-02 -5.8727384028e-02 -8.7859024879e-03
-4.7909353060e-02 -7.0313659851e-02 -2.9655999881e-02
-3.5304828117e-02 -9.0779249243e-02 -3.8422812761e-02
-4.9839970243e-02 -7.2843197556e-02 -1.5961508436e-02
-3.1333774450e-03 2.5328231477e-01 2.5394522760e-01
2.3793938985e-01 1.3410855305e+00 8.6852571160e-01
8.0586267789e-01 2.3902417346e+00 9.4610276392e-01
1.2000623636e+00 2.4368078279e+00 1.5080403655e-01
1.2628035370e+00 2.2951070074e+00 -7.7521992152e-01
9.0562813445e-01 1.4659297214e+00 -1.0299714384e+00
5.5999029114e-01 8.1208244937e-01 -3.4394117112e-01
3.0030369163e-01 4.6906919731e-01 -2.7914008872e-01
-1.7039756181e-02 -5.7273907331e-02 -3.6439882605e-02
-2.3480001490e-02 -1.1096250962e-01 3.3847825932e-02
-1.8598575040e-02 -9.7894819323e-02 2.1431733384e-02
-2.6515752311e-02 -5.0360636340e-02 1.7414137444e-02
-2.5772184098e-02 -4.7939396502e-02 2.3398919582e-02
-1.9810631534e-02 -5.8171246921e-02 1.0720816811e-02
-4.1752301678e-02 -4.7145159917e-02 7.4523247375e-03
-1.2018176543e-01 1.8117794071e-01 2.0099312642e-01
-4.9458858145e-01 1.0900816441e+00 7.8423811816e-01
-8.7194087070e-01 2.4299542807e+00 1.2162219243e+00
-6.7619262055e-01 2.8851125506e+00 5.0321946994e-01
-3.7624599800e-01 3.0396527598e+00 -6.9099337983e-01
-3.1852355790e-01 2.0253683655e+00 -1.2581710471e+00
-1.4792628368e-03 1.2128500339e+00 -5.8446549023e-01
1.5798865249e-01 8.5139150773e-01 -4.1915211050e-01
-3.1229204918e-02 -5.0033986325e-02 -8.5744159645e-02
-5.3619352846e-03 -1.1549948204e-01 1.5318027230e-02
-1.2063884268e-02 -8.3642029649e-02 2.3277430037e-03
-1.7477669446e-02 -4.8213146048e-02 2.1185140427e-02
-1.6082086687e-02 -4.4507477072e-02 8.2908961560e-03
-9.9825003137e-03 -4.0205083514e-02 6.0195082440e-03
-2.4462806925e-02 -3.2071997103e-02 -1.6335646249e-02
-6.4850957982e-02 1.8622937008e-02 3.9261203595e-02
-3.5229500784e-01 3.4391665285e-01 2.8792136135e-01
-1.1087905646e+00 1.1615648668e+00 7.2339778784e-01
-1.6945240240e+00 1.8940990917e+00 5.3452620598e-01
-1.5589733461e+00 2.2146560773e+00 -2.0245095621e-01
-9.8911148767e-01 1.1615249732e+00 -6.1679867365e-01
-3.2028080779e-01 9.0195557511e-01 -3.5118528427e-01
-5.7400623215e-02 7.4700100330e-01 -3.6524037585e-01
-2.8679709240e-02 -4.8976949102e-02 -8.8832576144e-02
2.3072718196e-03 -9.8039555312e-02 -9.7284442650e-03
-3.6660221854e-03 -8.7898715829e-02 6.1163858528e-04
-1.6911954984e-02 -5.7835768734e-02 2.3841847951e-02
-8.1222136884e-03 -5.7065983552e-02 2.1970219264e-02
-4.9818002795e-03 -5.0284512001e-02 1.3036216369e-02
-1.3880494975e-02 -4.1996223101e-02 -1.2883749762e-02
-8.4868459076e-03 -4.4728598734e-02 -2.5678282628e-03
-6.4076746394e-02 8.0058718780e-03 3.6971484186e-02
-2.9637479507e-01 2.3498903669e-01 1.7559780190e-01
-7.8429232992e-01 6.0254794762e-01 2.6359184787e-01
-1.0058228991e+00 9.4592436797e-01 1.1876422880e-01
-5.9951432249e-01 7.0499104052e-01 -1.0027924823e-01
-2.0992095829e-01 6.1219748856e-01 -1.6710800664e-01
-1.0135928412e-01 4.4357560102e-01 -2.2783210926e-01
-2.4449193037e-03 -7.7890703134e-02 -7.2925195482e-02
1.2298959184e-02 -1.0041045376e-01 -1.1374076752e-02
4.8422206185e-03 -8.9060991328e-02 4.0811562734e-03
-1.4273653989e-02 -4.2791557276e-02 2.1161493913e-02
-2.2088861105e-03 -4.1143969004e-02 9.3446078239e-03
3.8162139948e-03 -3.3783732482e-02 -3.9055745424e-03
-4.5538498511e-04 -2.8575090535e-02 -3.0470454751e-02
7.2807990467e-03 -3.4091857472e-02 -7.5631448016e-03
2.3142676846e-02 -3.8177023843e-02 -1.1736278630e-02
1.2307848318e-02 -1.8858104179e-03 -6.6882393482e-03
-8.5704707819e-02 6.4222561349e-02 3.1524367843e-02
-2.3146798258e-01 2.0316989975e-01 7.2157432187e-02
-2.0140483636e-01 2.0743628572e-01 3.5587753533e-02
-1.3092734889e-01 2.8076180949e-01 -1.0738866446e-01
-9.6131790937e-02 2.2811296617e-01 -1.4296694429e-01
-7.8097504687e-03 -7.0645130961e-02 -5.1585119332e-02
6.4940442924e-03 -7.8882271754e-02 -7.0442665774e-03
-1.8536852291e-03 -6.6531594740e-02 3.5234656435e-03
-2.8749445966e-02 -4.5219648645e-02 1.5142510708e-02
-1.1788553737e-02 -4.1760513657e-02 6.2268201389e-03
-6.9770813894e-03 -3.7382409954e-02 -2.3131650529e-03
-3.4989386452e-03 -3.9451852337e-02 -1.1903410241e-02
2.6253960390e-03 -3.9284780597e-02 7.9462851585e-03
8.0788207094e-03 -3.5777274313e-02 2.9597689682e-03
2.8724040273e-02 -2.3540842113e-02 -1.1476393032e-02
1.4950017136e-02 -2.9413455601e-02 -2.5973159042e-02
-6.8660950681e-03 -1.8865425151e-02 -1.2312435687e-02
-2.3540703088e-02 8.2148622863e-03 -5.4157059171e-03
-4.2740913957e-02 7.4914070975e-02 -6.0426954597e-02
-3.5084047438e-02 3.4196918669e-02 -7.3957721247e-02
6.8452090787e-03 -7.3711001110e-02 -2.8317530051e-02
1.2230995729e-02 -7.3582988454e-02 1.2836936317e-03
3.2706692223e-04 -6.4272680233e-02 1.4799765511e-02
-2.7159598280e-02 -4.1806107755e-02 1.1480269526e-02
-1.5702763329e-02 -3.7355316804e-02 3.0861402789e-03
-5.2717091419e-03 -3.5666209834e-02 -9.6642552101e-04
-6.7151233490e-03 -4.5421259570e-02 -1.8135839879e-02
-1.5739652173e-02 -4.9069559229e-02 -5.1944560102e-03
-4.1537414012e-03 -4.0335729558e-02 -1.8020915703e-02
1.3257492819e-02 -2.4384201357e-02 -1.3045673098e-02
1.7595163999e-02 -3.8421158967e-02 -2.7284667154e-02
4.6274727844e-03 -4.4523156802e-02 -2.3581684980e-02
-8.8318789280e-04 -4.6967561424e-02 -3.1372116164e-02
-6.2768055214e-03 -2.8246058708e-02 -4.2621747884e-02
-1.0847472753e-03 -6.2096674526e-02 -3.9128017390e-02
-1.7282186177e-02 -7.2375069550e-02 -2.0935495383e-02
-6.7424675436e-03 -6.4592180762e-02 -4.4854089468e-03
-1.9073821119e-02 -4.4963066458e-02 1.3483367490e-02
-2.9587303637e-02 -5.1617445405e-02 1.5924881079e-02
-2.0240931789e-02 -5.0916693420e-02 5.0170104811e-05
-1.4444137750e-02 -5.0224118341e-02 1.4881834734e-02
-1.2638708759e-02 -5.8238669752e-02 -7.2834038043e-03
-1.7471631358e-02 -6.0815802853e-02 3.2275819919e-03
-3.3391827065e-03 -6.5226023359e-02 -1.0881195997e-02
1.4889279041e-02 -5.4851466730e-02 -2.3367235885e-03
1.0827733702e-02 -5.9384209372e-02 -6.0407177273e-03
2.0639730144e-03 -6.2994324370e-02 3.6177426381e-03
5.1154345949e-03 -6.4293515095e-02 -1.8525472224e-02
7.3357143830e-03 -6.0290808756e-02 -1.7034744657e-02
3.9949140856e-03 -6.7299350385e-02 -6.5411026876e-03
-1.3461000641e-02 -7.7004268804e-02 5.5646344433e-03
-4.3071025053e-03 -6.8962710765e-02 1.1420288338e-02
-1.7145381875e-02 -7.0739577618e-02 2.8906476161e-02
-2.2938922172e-02 -3.5070164612e-02 2.7457974617e-02
-3.7304050866e-02 -4.2504401045e-02 3.0580442357e-02
-3.3923670967e-02 -6.0126713152e-02 1.2129766219e-02
-8.1109448587e-03 -7.4704481515e-02 -5.8692030460e-03
4.5377415492e-02 -1.0630961468e-01 3.7189631049e-02
9.5949320344e-02 -8.4996018406e-02 5.2876196377e-02
2.3165729601e-01 2.5645161799e-03 9.4355247348e-02
4.0257575009e-01 1.1679026845e-01 8.9478300698e-02
4.5364851796e-01 1.7239018695e-01 1.7073940870e-02
3.3459511699e-01 1.0248232788e-01 -9.4050176616e-02
7.7498716223e-02 -6.1885498054e-02 -1.1349324206e-01
-3.5483916121e-03 -1.2117292918e-01 4.4340278254e-02
-2.2731791996e-02 -9.0824524543e-02 9.0327541824e-02
1.2447906564e-02 -9.2091479850e-02 6.8115387201e-02
-1.8370601097e-02 -7.4242923728e-02 4.0685571043e-02
-2.5655592196e-02 -2.0003333935e-02 1.2549721812e-02
-6.0727554522e-02 -3.3889457604e-02 -9.8213046762e-03
-5.5892302730e-02 -4.5038335763e-02 -2.3120951896e-02
-3.0052602356e-02 -4.0937232639e-02 -3.3108383623e-02
1.5149143310e-01 2.9329066158e-02 1.0690875656e-01
4.3510334854e-01 2.9441643627e-01 2.3720293154e-01
8.4601199617e-01 6.8121732281e-01 3.3933049526e-01
1.0596978795e+00 8.8895905500e-01 2.2058631058e-01
1.0256110023e+00 9.3061816556e-01 -2.3573561651e-02
7.1790125071e-01 6.9904949873e-01 -3.0874970748e-01
2.9111804166e-01 2.6551261936e-01 -4.2930657658e-01
1.6707593850e-02 -4.3678839690e-02 -1.0722351900e-01
-3.6447804576e-02 -9.4457376224e-02 5.1442219308e-02
3.4867684819e-03 -9.2446234540e-02 4.6163246117e-02
-2.1154984302e-02 -9.6999104574e-02 2.3555725528e-02
-2.4013655832e-02 -2.8437773360e-02 7.9003072065e-03
-5.6881104660e-02 -5.9966153608e-02 -1.6631047535e-02
-4.3092209641e-02 -5.6267330544e-02 -2.8279812672e-02
1.0771485182e-01 8.8872275141e-02 9.3501411963e-02
5.2784580622e-01 4.8307339991e-01 4.3683279120e-01
8.1055013305e-01 8.8061681579e-01 5.8660847114e-01
8.8751494967e-01 1.0169998451e+00 5.1234283949e-01
6.9996954942e-01 8.4854514893e-01 1.9200500185e-01
5.8500209295e-01 7.1656493991e-01 -8.4323863220e-02
3.7746842261e-01 5.1927473583e-01 -2.5660553941e-01
2.8182813912e-01 3.5520722710e-01 -6.0802662435e-01
1.2153037882e-01 1.2556363323e-01 -3.2472922162e-01
-8.0642767617e-03 -6.6691189666e-02 -6.9429008238e-03
1.3274377942e-02 -8.1282385957e-02 3.2969192694e-02
-2.6681938369e-02 -8.5659360871e-02 7.5318955394e-03
-2.9802739119e-02 -6.6005688930e-03 -1.3740082400e-02
-5.6737044063e-02 -3.8984390128e-02 -6.7916157086e-02
5.2958532832e-02 5.7945522433e-02 8.5696677608e-03
3.7973995475e-01 5.3516585731e-01 4.0999261015e-01
7.3994468991e-01 1.0772894211e+00 7.4192366189e-01
5.7687785659e-01 9.3912660201e-01 5.0480918333e-01
3.4956877539e-01 7.0708177304e-01 1.9057795983e-01
1.7162904264e-01 3.8013724766e-01 -8.6731679056e-03
7.0490124772e-02 8.7196295755e-02 -7.1571480502e-02
1.7555486283e-02 -7.6131412060e-02 -1.6217466540e-02
8.5123399369e-02 1.1199825810e-01 -3.4985183736e-01
9.8258661867e-02 1.6812312429e-01 -2.9871415523e-01
-1.3477334591e-02 -1.2999225981e-02 -3.0660197768e-02
1.4045549192e-02 -6.8149846516e-02 1.2618155806e-02
-3.1535592255e-02 -6.7039617845e-02 -7.1248061148e-03
-4.2954163718e-02 -2.4699604648e-02 -2.1824499041e-02
-5.0579632428e-02 -2.8322575046e-02 -1.3819793274e-02
1.5853836477e-01 2.7378460208e-01 2.3899529934e-01
4.4056558401e-01 9.5399760447e-01 7.0870883442e-01
5.3609049335e-01 1.1662018569e+00 7.2591659059e-01
2.8841897390e-01 8.0927700436e-01 3.1181177437e-01
1.1041225128e-01 4.1493836989e-01 2.0792204727e-02
6.3721031775e-02 -2.0804351449e-03 -2.8610719556e-02
3.6984056022e-02 -3.9650507680e-01 3.6926298732e-03
-2.0650893983e-02 -5.5769490897e-01 1.2124677307e-01
-2.7738272726e-02 -2.4279203840e-01 -3.0052420162e-05
2.9367027524e-02 2.5859897139e-02 -6.6115102700e-02
-1.2299793028e-02 -2.3210745025e-02 -2.5192378411e-02
1.3482646667e-02 -6.4663662438e-02 9.7472635958e-03
-2.7740815010e-02 -5.5580786320e-02 -6.3191123716e-03
-5.3268484504e-02 -3.0866150931e-02 -2.4508091332e-02
-3.2492013413e-02 1.0256158087e-02 1.3655102006e-02
7.1969355489e-02 4.1038820277e-01 3.2236127890e-01
1.6373735526e-01 1.0028882912e+00 7.0767987808e-01
1.2208962270e-01 1.0228318663e+00 5.5328965296e-01
2.1081687420e-02 6.9097334588e-01 1.8693003389e-01
-1.2756703313e-02 2.2637191031e-01 -3.0427645362e-02
4.2620829524e-02 -3.0043095717e-01 6.4661824251e-03
4.4295396219e-02 -7.9870019527e-01 7.8194235631e-02
6.7655572961e-02 -8.9526132651e-01 1.4694804765e-01
3.1006247416e-02 -3.3997087602e-01 -3.9293911174e-02
-2.6264226680e-02 9.8584898152e-02 -2.1720817848e-01
-5.8590250948e-02 1.8680452856e-02 -6.6262016068e-02
-2.8549603366e-02 -4.8000265469e-02 -4.6435111995e-03
-4.8368200004e-02 -4.3334523891e-02 -9.5720103878e-03
-6.2595440580e-02 -5.0982541938e-02 -2.6441945410e-02
-7.4210249596e-02 -2.8976833824e-02 -2.5939860498e-02
-8.6927665272e-02 3.5404061316e-01 2.4814141133e-01
-2.1174616019e-01 9.9496499157e-01 6.4101420116e-01
-2.6362088283e-01 1.0584498362e+00 5.2887503519e-01
-1.9455151788e-01 5.7978402719e-01 1.6781404650e-01
-7.2567577840e-02 1.5867145589e-01 1.3193515188e-02
1.5865694036e-02 -2.2639166873e-01 -2.0881307308e-02
9.1448136627e-02 -7.2749925032e-01 4.4565356538e-02
1.4939375890e-01 -9.5502382554e-01 2.2823889877e-01
2.6297573351e-01 -6.0241874260e-01 2.5148346429e-01
9.0918964834e-02 -1.9620282382e-02 -7.3112306951e-02
-5.6917194164e-02 -2.8219503654e-02 -5.3856733728e-02
-3.4665037974e-02 -8.7509466892e-02 -4.8362845604e-03
-3.8554662286e-02 -8.2291705497e-02 4.0312000845e-03
-4.3250849068e-02 -4.9512736100e-02 -1.8148573202e-02
-6.6801916946e-02 -5.1805967946e-02 -1.6372830170e-02
-1.4089478577e-01 1.9158897759e-01 1.4265813454e-01
-3.2437001447e-01 6.8409364383e-01 4.6155878267e-01
-7.5692792425e-02 8.7834246220e-01 5.6984259361e-01
5.9713805944e-01 5.8732651957e-01 4.3600761661e-01
8.1645014182e-01 1.3752841166e-01 1.0889902560e-01
7.4533845063e-01 -2.5866603172e-01 -9.0763031544e-02
8.2783508105e-01 -4.2709230358e-01 -1.5254990301e-01
7.6600101774e-01 -4.7344492126e-01 9.1141287738e-03
8.0401995127e-01 -8.2559304419e-02 2.5189968742e-01
5.8783972926e-01 1.9478887691e-01 -1.3031659107e-01
-7.0701207771e-03 -5.1630956007e-02 -5.0040285485e-02
-4.2216139663e-02 -1.0134837139e-01 2.6148976352e-02
-4.8223547125e-02 -8.4701441725e-02 8.9147062386e-03
-4.9366385247e-02 -4.6422098143e-02 -5.2614339208e-03
-6.4376748589e-02 -6.0808591685e-02 -3.2710056699e-02
-7.7505575892e-02 2.6466843882e-03 1.3849373489e-02
-5.2416417947e-02 3.2263576780e-01 3.2282871628e-01
5.1834508418e-01 1.3019504714e+00 1.2567795649e+00
1.2296635907e+00 1.5454855004e+00 1.3252214440e+00
1.2660131739e+00 2.2578699978e-01 1.8269775931e-01
8.8186709456e-01 -6.9078651900e-01 -2.6252880493e-01
1.1123268278e+00 -2.7668698501e-01 -3.1475278114e-01
1.6224313422e+00 6.1039059059e-01 -8.8018479447e-01
1.9725733280e+00 1.7492047735e+00 -7.8896724959e-01
1.8363870781e+00 1.7723204172e+00 -1.0740416180e+00
1.4933534028e-01 5.6054547555e-02 -3.1342801413e-01
-1.9484843712e-02 -1.2816837995e-01 1.3859537244e-02
-2.8568335690e-02 -1.0045306955e-01 1.3200585252e-02
-2.3622207587e-02 -3.8285613462e-02 2.3824548177e-02
-1.4410728245e-02 -4.4142251576e-02 3.3298439614e-02
-1.1639573972e-02 -2.9006717148e-02 3.5443011242e-02
-1.1277157542e-01 2.1578308945e-01 2.6764288689e-01
-5.2037985718e-01 1.1977321702e+00 1.1369790938e+00
-9.0652868850e-01 1.6588891614e+00 1.5514635205e+00
-5.5519019792e-01 8.8213027551e-01 7.6382050151e-01
-2.0590416878e-01 -1.9806511978e-01 9.7204483826e-03
-1.7551600977e-01 2.1440800994e-01 -2.3659226070e-01
-2.9748602404e-03 9.7995323160e-01 -1.0798415033e+00
-1.4384137844e-01 1.1953110907e+00 -9.9414868529e-01
6.2985905829e-01 1.9750681216e+00 -7.0319192973e-01
1.7729655960e-02 8.7912828534e-03 -2.2347089137e-01
9.3275468892e-04 -1.3592607516e-01 -7.8532832535e-04
-1.1558764954e-02 -8.2254352611e-02 -6.7769230389e-03
-1.5559384386e-02 -4.1012076659e-02 4.0980326080e-02
-8.7545102805e-03 -4.6270279668e-02 3.8617153588e-02
1.9421429495e-03 -3.6511063727e-02 3.2850730896e-02
-7.2092102918e-02 2.4280748583e-02 5.2347778905e-02
-4.6373268686e-01 2.3788446699e-01 3.1914501876e-01
-1.4805691057e+00 5.3177602871e-01 9.6430200472e-01
-1.9634654860e+00 1.2458274219e+00 1.2083122224e+00
-1.4607457393e+00 9.7530903185e-01 5.2110755377e-01
-1.1383278751e+00 1.0670998910e+00 -5.4653901178e-02
-9.5455444113e-01 2.6193610154e-01 -5.2123592887e-01
-8.1717738428e-01 3.2461926378e-01 -4.9935414970e-01
-2.5571011810e-01 1.3915883336e+00 -4.2837174527e-01
-4.5821426953e-02 -3.4083781907e-02 -1.7701535383e-01
1.9223144011e-02 -1.1454069159e-01 -2.8402589010e-02
-8.2045993315e-03 -8.3290622711e-02 -1.1691750125e-02
-1.6159493113e-02 -4.9265733300e-02 3.6270321619e-02
-1.0642678768e-02 -5.6534448710e-02 3.5255053041e-02
-4.9041539867e-03 -4.3938736721e-02 2.5556652159e-02
-1.3833338814e-02 -2.5547338915e-02 6.7622890392e-03
-5.8616942515e-02 -1.1438418327e-04 4.0693942199e-02
-3.4198070063e-01 5.8708151599e-02 2.1493289110e-01
-1.0819223482e+00 1.0746666318e-01 4.5680158970e-01
-1.7054836530e+00 2.7866763611e-01 4.4861423707e-01
-1.6476058411e+00 8.9085100375e-01 3.0226961204e-01
-1.0573644159e+00 6.8236748199e-01 -1.5596138924e-02
-4.2318336337e-01 5.9542972373e-01 -3.8178027037e-01
-2.6934400034e-01 9.9011737598e-01 -4.2007149565e-01
3.8740446199e-03 -6.5005399395e-02 -1.9234942344e-01
3.3407059993e-02 -1.1555216191e-01 -2.8274376094e-02
-2.9809768364e-03 -8.4877896728e-02 -5.5091493424e-03
-2.0170751358e-02 -3.0796606884e-02 3.5519657323e-02
-1.5999858059e-02 -3.3226941844e-02 2.5141705787e-02
-2.1823139608e-03 -2.3725047041e-02 1.2118845317e-02
-1.4808477589e-04 -6.5363756143e-03 -7.0027824741e-03
1.5704877630e-02 -1.5012736370e-02 1.5702831854e-03
-6.7907556527e-03 -8.1143343775e-03 2.4177468275e-02
-1.6460088368e-01 7.4637181048e-02 1.2399546469e-01
-5.4592771818e-01 1.0788717840e-01 2.6592615441e-01
-9.5277187074e-01 4.9834350611e-01 4.5942367699e-01
-7.4179924088e-01 5.9546131082e-01 4.2982901108e-01
-4.3434840343e-01 6.8805078332e-01 -2.2687919808e-01
-4.2379785749e-01 1.0532845931e+00 -2.5544768086e-01
-1.9422721173e-02 -1.2776644367e-02 -1.1413648259e-01
2.6613795115e-02 -1.0086554322e-01 -2.2797775542e-02
-1.7740997189e-02 -6.1254867916e-02 5.6653427500e-04
-3.7641015960e-02 -3.2771492535e-02 1.1073523562e-02
-2.1445908162e-02 -3.9143341017e-02 4.0712004018e-03
-4.5849063187e-03 -2.5492469982e-02 -1.0827107631e-02
3.4028216937e-03 -2.0550640149e-02 -1.3466282611e-02
1.9754843929e-02 -2.0583898060e-02 -2.4199414897e-03
1.3191390013e-02 -1.8270269125e-02 1.9127396597e-03
1.3733121344e-02 -1.9642440254e-03 -7.1320019433e-03
-4.3289924491e-02 1.6852072981e-02 2.5241684450e-02
-1.7833320138e-01 1.7198000716e-01 1.9445148582e-01
-2.5482250582e-01 4.2033996894e-01 3.8854140764e-01
-3.8164670576e-01 7.7829730561e-01 -1.9695307152e-02
-4.3991533007e-01 8.9265205666e-01 -2.8643062342e-01
-3.0732681340e-02 2.5295064256e-02 -1.0804335145e-01
2.8721700606e-02 -8.5853478725e-02 -1.3523397994e-02
-1.3004658994e-02 -5.8525264401e-02 7.8173240270e-03
-3.2871769653e-02 -2.9418643850e-02 2.4274088903e-02
-2.2887241075e-02 -2.8495553414e-02 1.1488237232e-02
-8.7450392530e-03 -1.9271858979e-02 5.9085084639e-03
-1.0969627570e-03 -1.6523305949e-02 -1.5125670944e-02
-2.1989725301e-03 -3.2940107347e-02 -1.7099124315e-02
-3.1198258772e-03 -2.6509653102e-02 -1.2270747924e-02
1.0620916562e-02 -1.2649339662e-02 -2.8522173024e-02
2.3320257494e-02 -1.9156559027e-04 -8.8660168532e-03
-3.2849174348e-02 5.4890691991e-02 2.7859739568e-02
-1.1709302787e-01 2.0419074424e-01 7.5908471202e-02
-1.7468475787e-01 2.7402699096e-01 -3.7481388406e-02
-1.6874359353e-01 2.3516802892e-01 -1.5366469537e-01
-3.3204125291e-02 -1.7259567408e-02 -5.9045781702e-02
-1.9437093205e-03 -6.7189895872e-02 -1.1724895459e-02
-3.1832755877e-02 -3.9501903432e-02 6.8657916364e-03
-3.7080291381e-02 -4.2670920304e-02 2.1635148562e-02
-2.7258674817e-02 -4.5592635028e-02 4.7528404509e-03
-1.1087586539e-02 -3.5550634304e-02 7.2768111131e-03
-4.2260549745e-03 -3.6595436617e-02 -1.2290499658e-02
-7.9401712621e-03 -5.0661832956e-02 -9.2902752517e-03
-9.9203274400e-03 -6.2516466304e-02 -1.8218722363e-02
5.2737709602e-03 -5.0969148792e-02 -1.2218489271e-02
1.1749592113e-02 -5.5072357491e-02 -1.9164592806e-02
-1.1201498237e-03 -4.4134918468e-02 -6.8236130442e-03
-1.5554975531e-02 -2.1117143155e-02 -2.2426739816e-02
-2.6977975845e-02 -1.0127332779e-02 -4.7090595351e-02
-1.0746370186e-02 -3.8840271443e-02 -3.8438478987e-02
-1.9358405767e-02 -7.4662684714e-02 -6.1998898249e-03
-1.0220013595e-02 -8.0097496476e-02 4.1579933663e-03
-2.7365800010e-02 -7.4421333012e-02 2.1442956337e-02
-1.6169425089e-02 -1.5883758854e-02 2.7619259217e-02
-1.0610957318e-02 -1.7443824234e-02 1.7304047003e-02
1.2585223513e-03 -4.7125731149e-02 1.8677098444e-02
7.2708692773e-02 -5.3670280119e-02 2.2545497498e-02
1.9154195203e-01 -7.4281048196e-02 1.2770476443e-01
4.2687067483e-01 4.8596359942e-02 2.4175707197e-01
8.4376644594e-01 2.7717415840e-01 3.7141274780e-01
1.0593925194e+00 4.5322599532e-01 2.9468238446e-01
1.2271508862e+00 5.9299700432e-01 1.3354814398e-01
1.2310254286e+00 6.1181793988e-01 -2.6575540387e-01
6.6945316291e-01 2.6022707776e-01 -4.4092325766e-01
9.7828920275e-02 -6.6709615000e-02 -8.5343966561e-02
-1.8968996864e-02 -9.1197392910e-02 6.4851275098e-02
5.7232437740e-03 -7.6868724925e-02 5.2599801769e-02
-2.6817647731e-02 -6.8509288198e-02 2.4738259911e-02
-2.6872721414e-02 4.6385265970e-03 -2.0374965260e-03
-3.0911807055e-02 -2.9591087726e-03 -3.3188285000e-02
5.3597116990e-04 -1.6055899090e-02 -1.9686096716e-02
1.2230647592e-01 3.3691607454e-02 6.7647916174e-02
6.2008885755e-01 2.3869178944e-01 4.5801040818e-01
1.0699085701e+00 5.6183259215e-01 6.5667183811e-01
1.1845925060e+00 6.3434591233e-01 5.7141198533e-01
9.4907994796e-01 4.4493809875e-01 2.6350684373e-01
6.5940690501e-01 3.1573179451e-01 7.0128585984e-02
6.9562513988e-01 4.3197662058e-01 -2.9497687398e-01
7.1248598710e-01 4.8303515768e-01 -7.5732721037e-01
1.6756134321e-01 4.4070707342e-02 -3.4701635996e-01
-2.8190265191e-02 -9.8580320251e-02 1.9640314100e-02
-6.6286748454e-03 -9.1730912857e-02 3.1437616442e-02
-2.4803639966e-02 -9.9059054830e-02 1.4587519888e-02
-4.3925110547e-02 -1.6327247245e-03 4.5291072958e-04
-4.9821205053e-02 -3.5788116595e-02 -3.9366694103e-02
9.0382060334e-02 2.0288521818e-02 8.2628956306e-02
6.2109050971e-01 3.5119968142e-01 5.3124818487e-01
1.1423495792e+00 7.0786155448e-01 9.2286527949e-01
8.2906113373e-01 5.4075230210e-01 5.8867968229e-01
4.9397094034e-01 3.2916839628e-01 2.1492493565e-01
2.4124431970e-01 6.5071656522e-02 -6.5213785167e-02
-7.7322137312e-02 -2.6979828493e-01 -3.9496439809e-02
-8.6059776878e-02 -2.4788770506e-01 1.2821389487e-02
1.8076141651e-01 1.6464168615e-01 -3.6805990541e-01
1.1867720359e-01 6.3116584627e-02 -3.1263937998e-01
-2.2029103547e-02 -8.7940709992e-02 -2.1322865115e-02
1.4982079395e-03 -7.9936465710e-02 7.5986078324e-03
-3.0696707729e-02 -8.5849170924e-02 -1.4790298559e-03
-5.2976036105e-02 2.3874649561e-02 1.4889128438e-02
2.2018568750e-02 1.6782546762e-02 2.3942940415e-02
4.3527103161e-01 2.8461052747e-01 4.3484599136e-01
8.4504153785e-01 7.1856117916e-01 8.7246268821e-01
7.1159006694e-01 6.1394937233e-01 6.6716123204e-01
3.1825126259e-01 3.0409021463e-01 2.2344651078e-01
2.2937944206e-01 3.1819058640e-01 1.5584571517e-02
7.7010029875e-02 1.0120437756e-01 -1.1101849417e-01
-3.0798080629e-01 -5.6507756988e-01 3.2066482804e-02
-3.8153886536e-01 -8.7220849893e-01 2.8002305350e-01
-1.8006878479e-01 -4.0547328213e-01 1.7246449548e-01
-1.0845184024e-01 -2.2522854477e-01 3.1013720636e-02
-6.0298588353e-02 -8.8556340370e-02 -3.2891068778e-03
8.2872712041e-04 -6.3305908744e-02 -5.4752578887e-03
-3.1606943201e-02 -7.1822500339e-02 -1.1384523562e-02
-4.1305476498e-02 1.5552855318e-02 4.6701787404e-02
1.2817764449e-01 1.5548395099e-01 2.6231240069e-01
5.5263858196e-01 6.8054459360e-01 8.3809257720e-01
5.7591529487e-01 7.4352672120e-01 7.7628238951e-01
3.5898763215e-01 4.8867582620e-01 4.5684358235e-01
1.4553787679e-01 3.1338292772e-01 1.4171478851e-01
7.2499037943e-02 1.4450202060e-01 -2.1801792321e-02
2.1849179103e-02 -1.8686146999e-01 -4.3756210882e-02
-1.1191162536e-01 -8.5055230547e-01 1.4642393136e-01
-2.3805920556e-01 -1.3744016770e+00 4.7118030213e-01
-2.1962950139e-01 -1.2632083924e+00 5.9909946347e-01
-1.3054664452e-01 -7.8930357517e-01 7.4429463103e-02
-4.8214306886e-02 -1.5347479359e-01 -7.7355907559e-02
-4.7490989504e-03 -5.6726846195e-02 -1.3818060923e-02
-2.8859864857e-02 -5.9803802638e-02 -1.1983198728e-02
-2.4890236740e-02 2.8062214835e-02 7.3287362165e-02
1.2817121612e-01 3.2027243945e-01 3.9495756594e-01
2.8804374344e-01 7.4517182109e-01 7.6778094774e-01
1.7732117996e-01 5.3217377250e-01 5.1045048370e-01
4.2298578823e-02 2.8637378252e-01 2.5671179477e-01
-2.2117895418e-02 2.3814696270e-01 6.9357874809e-02
6.6128224600e-03 2.2528652196e-02 -1.4144717723e-02
6.2409830361e-02 -4.1726055571e-01 2.8525542820e-02
5.2058875060e-02 -1.2153659889e+00 1.8136648714e-01
-5.7729519405e-02 -1.7181158379e+00 4.9716019215e-01
-6.8803918993e-02 -1.6763756618e+00 6.9220620327e-01
2.4139719513e-03 -8.8340726032e-01 -1.9622898966e-01
-6.4863353815e-02 -1.0948800857e-01 -1.9932416033e-01
-4.1185957421e-02 -3.4399069633e-02 -3.6301691774e-02
-4.7269650452e-02 -4.5862794652e-02 -1.8630526513e-02
-3.9479678121e-02 9.4960199563e-03 5.7790035218e-02
-3.8584420594e-02 2.4219060780e-01 2.3692721324e-01
-5.8440716758e-02 6.0242772268e-01 5.2751309134e-01
-1.0437640865e-01 3.2709159010e-01 2.4487243924e-01
-1.0078519314e-01 -6.5044289090e-02 3.0412303524e-02
-1.4242899252e-01 -1.0451684205e-01 -4.4643672064e-02
-2.0498093410e-01 6.4563574434e-02 2.0238132856e-02
-9.5164139561e-02 -2.1215812348e-01 1.8201048068e-02
1.1558652974e-01 -1.1336531998e+00 9.6860770379e-02
1.7485193929e-01 -1.4630974541e+00 3.7285305304e-01
3.0533971177e-01 -1.2526557136e+00 8.0214062410e-01
2.5730536385e-01 -5.6823687667e-01 1.0476852550e-01
-4.2976177201e-02 -7.8027872754e-02 -8.6365032256e-02
-3.7950906047e-02 -6.9746896664e-02 -1.9281154846e-02
-3.5586709667e-02 -8.1514314640e-02 -2.0954063818e-03
-3.8732119106e-02 -3.0246585324e-02 9.9537930545e-03
-1.0127991833e-01 1.4285619144e-01 1.1326491543e-01
-3.2731608305e-01 6.3798722788e-01 4.8860614927e-01
-2.3806085450e-01 5.0026988145e-01 3.9868359822e-01
2.1301359854e-01 7.4732455901e-02 1.9130934417e-01
3.0117031960e-01 -1.7711095484e-01 1.4161218730e-02
-3.0333163392e-01 1.5927908491e-01 6.3717673045e-02
-6.2569606298e-01 2.8765511392e-01 7.1145645848e-02
2.5179236956e-02 -4.2910730790e-01 4.6942089132e-02
2.2247295488e-01 -6.4162975711e-01 1.0543134279e-01
6.6373573407e-01 -2.9856694618e-01 3.4337267986e-01
7.7334848353e-01 -1.6942412127e-01 -6.0061347913e-02
-7.8004941591e-03 -7.8449321586e-02 -6.5719498089e-02
-5.4840379579e-02 -8.1854775268e-02 8.8698371058e-03
-5.0528291998e-02 -7.1766913872e-02 4.3611077523e-03
-5.7431289315e-02 -1.7995072746e-02 1.3554163312e-02
-1.0975229666e-01 7.2888801306e-02 2.9024828782e-02
-2.6752967201e-01 3.7126512604e-01 2.6792297937e-01
2.1457372487e-01 6.6567488612e-01 7.1988592948e-01
1.3138701694e+00 8.2081971725e-01 1.0095049849e+00
1.4158028235e+00 -2.7773128449e-01 6.0620114521e-02
7.1371968249e-01 -9.5890457301e-01 -4.5741778802e-01
-7.2590274029e-02 -5.0482106429e-01 -1.8034484600e-01
9.5782749807e-02 -4.3372388950e-01 3.1647127997e-02
4.9570615029e-01 -1.9624393985e-01 -4.4447389956e-01
1.1175943507e+00 4.3693304108e-01 -6.9436406485e-01
1.7613328297e+00 4.6469900382e-01 -6.5977030818e-01
2.3594559588e-01 -1.0563454251e-01 -2.7699455337e-01
-4.5981731588e-02 -1.1269061104e-01 -1.4634508944e-02
-3.0935445266e-02 -9.4993120423e-02 1.0744711255e-02
-3.5256664362e-02 -2.2475959976e-02 3.6607636398e-02
-2.3051964186e-02 -6.7256958693e-03 3.3895092937e-02
-8.6312107546e-02 8.4674669732e-02 1.1116947138e-01
-9.3393140302e-02 5.6424153505e-01 7.0082128335e-01
-1.7663234961e-01 1.1624033524e+00 1.0779802362e+00
-2.9332313129e-01 5.3958798818e-01 5.5107371080e-01
2.6839790473e-02 -3.1762376977e-01 -3.7778639024e-02
1.2829369398e-01 -4.0231189238e-01 -1.7413879558e-01
-1.0670607509e-01 -2.4025360258e-01 -3.2204835502e-03
3.2833946227e-02 1.5744513548e-01 -7.3295692957e-01
-1.6888940837e-01 2.1115396879e-02 -5.1642150307e-01
6.3612811442e-01 5.4839748145e-01 2.2455913482e-01
9.5308675399e-02 -1.4097458557e-01 1.2338318892e-02
-2.4154697951e-02 -9.8359039950e-02 -4.0817094233e-02
-2.2608519878e-02 -6.3085761772e-02 -1.7259165019e-02
-2.5810837551e-02 -2.5270714079e-02 4.4427905848e-02
-1.7801639884e-03 -2.8944932921e-02 1.2927399826e-02
-3.5389549888e-02 -1.0985293612e-02 1.6444129968e-02
-3.0841294787e-01 6.4663748654e-02 8.6357907003e-02
-8.8266994805e-01 4.4731345449e-02 2.6362713389e-01
-1.2298877088e+00 9.1851581600e-02 6.8372414444e-01
-1.2474670013e+00 4.1847661845e-01 7.2089922156e-01
-6.4029206159e-01 1.2328247304e-01 1.7275173377e-01
-3.0354578001e-01 -1.7572077525e-02 -6.0991220781e-03
-2.2085574055e-01 -1.3576798214e-01 -3.1670698512e-01
-3.2817196098e-01 -1.7579228453e-01 -5.5564395771e-02
-1.4837707102e-01 4.9793281278e-01 2.6658328245e-01
-5.1435706559e-02 -1.1551236455e-01 -4.6302916841e-02
-8.3801603073e-03 -9.5236649809e-02 -6.7791969605e-02
-1.7622670998e-02 -7.2460304701e-02 -1.4000140141e-02
-3.8771265341e-02 -2.9544169066e-02 4.1014019015e-02
-1.9806444864e-02 -3.1111684792e-02 2.7521394399e-02
-1.5357651475e-02 -9.1433745660e-03 3.7648674139e-02
-4.1056135341e-02 1.5027703493e-02 -1.4631682050e-02
-1.0400618228e-01 -1.1442260952e-01 6.9190254796e-03
-3.2375139234e-01 -4.1411409573e-01 4.8628875534e-02
-8.6576329891e-01 -5.8248114779e-01 1.4569514942e-01
-1.0402507115e+00 -4.4646130534e-01 2.0223734603e-01
-7.9806815065e-01 4.6574268480e-02 1.8463817495e-01
-4.6374210945e-01 1.1993222424e-01 5.4229840452e-02
-4.8093220696e-02 -2.3072087261e-01 -1.0455877476e-01
-5.9625371155e-02 1.8749869947e-01 -1.2627881036e-01
3.5845844939e-02 -1.7659087826e-01 -1.5850627448e-01
1.7155052906e-02 -9.9912312304e-02 -5.8554351756e-02
-8.9963152851e-03 -7.5546340065e-02 -9.0042913427e-04
-5.3700311249e-02 -1.0585009762e-02 5.2305396066e-02
-4.1092502431e-02 1.5811004533e-03 3.1019995044e-02
-2.9392642877e-02 2.8622843173e-02 3.8623864289e-02
-6.1689190121e-03 5.9183228356e-02 2.5685143466e-02
-4.1568998711e-03 4.8311118719e-02 5.1064616021e-02
-9.8698191809e-02 6.9643711472e-02 4.4061786429e-02
-3.3966985369e-01 9.7029916268e-02 2.1944559728e-01
-6.1471522507e-01 -3.4607552189e-01 3.4502868264e-01
-6.3521095612e-01 -1.9522001863e-02 3.9770188255e-01
-4.7882803547e-01 4.1710989071e-01 4.6204999102e-01
3.4442279426e-02 -4.4892741520e-02 -1.8196849882e-02
-1.1937823485e-01 4.4727407403e-01 5.5117158796e-02
6.4299152542e-02 -9.1323455165e-02 -5.2917147695e-02
1.8698370835e-02 -9.3846649816e-02 -5.1849594693e-02
-2.7240218952e-02 -4.9294518933e-02 4.5542742219e-03
-6.0867784220e-02 -9.0528699679e-03 3.0711415257e-02
-4.1784067390e-02 -7.1717845773e-04 1.0986300359e-02
-2.7848279663e-02 2.4966088272e-02 2.7430352608e-02
-5.0229846066e-04 3.9254449631e-02 1.1147012871e-02
1.5912263245e-02 3.5889632005e-02 2.1125803872e-02
1.0526553672e-02 3.5926494664e-02 2.9577793353e-02
-1.2581273202e-03 4.3969710814e-02 5.6688258374e-02
-7.1400770971e-02 -1.5026363609e-02 1.8725607310e-01
1.7736461509e-02 2.8873130630e-02 6.5502134210e-01
-4.4578164425e-01 9.9021594563e-01 8.2545606244e-01
-1.7615963632e-01 7.3168667398e-01 1.6919009332e-01
-6.4950022526e-01 1.3097067752e+00 -1.5375727610e-01
-9.5215891617e-02 2.3026100390e-01 -1.4949816326e-01
4.5070025679e-02 -8.3593258695e-02 -4.8665277109e-02
-1.9757774393e-02 -5.1019197616e-02 1.3525804001e-02
-5.8882058945e-02 -7.5416414619e-03 3.0211063743e-02
-4.4632764893e-02 -4.4936945291e-03 9.3062813676e-04
-3.9584163641e-02 3.4949919770e-02 1.0517176629e-02
-2.7566513994e-02 3.6270970924e-02 -2.4732659297e-02
-1.2815587817e-02 2.2840346729e-02 -2.1141761335e-02
-1.7655273214e-02 2.7897167705e-02 -9.3713046768e-03
-7.6987859760e-03 4.5292618776e-02 3.9174765221e-03
-5.2515719373e-02 1.0640994290e-01 1.0352925466e-01
-1.8393086374e-01 4.1586546451e-01 4.4697649217e-01
-6.5102499472e-01 1.1592742696e+00 5.8658440559e-01
-5.4801660708e-01 9.7662677892e-01 1.9005581231e-01
-8.7654429675e-01 1.0504646369e+00 -4.2843936896e-01
-2.9131431834e-01 2.7249895716e-01 -3.0845438908e-01
-1.1729052646e-02 -3.7469839531e-02 -5.3658210805e-02
-4.3253692982e-02 -2.6760362633e-02 5.4942517826e-03
-5.6824441588e-02 -2.6666863703e-02 1.6185085727e-02
-3.6190335424e-02 -3.0520499054e-02 -3.0525933550e-02
-3.2172920799e-02 -8.9898047947e-03 1.5926405927e-03
-1.6981080461e-02 3.8066088159e-04 -3.3498007803e-02
-8.9712469168e-03 -2.0969678458e-02 -2.5664097776e-02
-1.0587589847e-02 -2.9604663947e-02 -3.1054945132e-02
5.4893014592e-03 -2.8452547253e-02 -1.3577420783e-02
-2.2110634439e-02 -1.9443340201e-03 3.8693014907e-03
-1.1562378821e-01 1.1832795878e-01 1.1145664218e-01
-3.0889731021e-01 3.6802880488e-01 9.0709203503e-02
-2.9736107656e-01 3.1252883314e-01 -2.5411483961e-02
-2.4289596094e-01 1.7869060599e-01 -1.4404453604e-01
-8.2144714246e-02 -8.2495363294e-03 -7.4125394376e-02
-9.5756753465e-03 -6.6405130861e-02 -1.1829861282e-02
-2.5902766928e-02 -6.8627374739e-02 1.9797699392e-02
2.3523761072e-02 2.0299687966e-02 1.1481952917e-02
3.7904972377e-02 2.3581018286e-02 2.3603201562e-02
6.3574638960e-02 1.3825072012e-02 8.7775707099e-03
1.2480400885e-01 4.9211930227e-03 4.9580875703e-02
3.3360748604e-01 -3.7481726357e-03 2.4091579230e-01
9.1412975410e-01 1.8220618493e-01 5.1907949853e-01
1.5282736780e+00 4.4784110813e-01 6.5991648728e-01
1.6138933753e+00 5.8237067138e-01 4.7175820351e-01
1.9178645791e+00 7.1826422538e-01 2.0479676894e-01
2.2138765975e+00 7.7621453033e-01 -4.9530280341e-01
1.3443344883e+00 4.5975020614e-01 -8.1601629527e-01
2.0713361793e-01 6.5987721939e-03 -2.0035384593e-01
-7.4323025488e-03 -7.5372723332e-02 1.8927874471e-02
1.1094558435e-02 -7.1695380455e-02 3.2166729794e-02
-3.0833702724e-02 -6.8136740544e-02 -6.5490663630e-03
5.6102702066e-03 4.3096030024e-02 8.3223915809e-04
-5.8637755216e-03 2.2845642354e-02 1.6804107202e-03
8.2503153226e-02 3.1218936922e-02 6.1886539303e-02
3.4621760786e-01 1.0278900958e-01 2.7741078760e-01
9.1400748418e-01 2.6221095954e-01 7.0086454163e-01
1.1008405936e+00 3.7293324467e-01 7.2782491511e-01
8.9722124076e-01 2.9179251832e-01 4.1721440001e-01
5.8152936619e-01 1.3017897386e-01 1.0003420182e-01
1.7296739122e-01 -9.0161522869e-03 4.2049160922e-02
3.4121103537e-01 7.1296221034e-02 -9.6905921681e-02
6.3492455961e-01 3.1279979015e-01 -4.4348826179e-01
3.2279643701e-01 1.5033064476e-01 -2.8422946941e-01
3.0795737985e-02 -7.0206565620e-02 -4.2421285371e-02
2.0847448466e-02 -8.2423425800e-02 2.1955153323e-05
-1.6674634662e-02 -8.2576764786e-02 -1.1827864124e-02
-8.0426524743e-03 4.1498330639e-02 2.5796896098e-03
1.7651137017e-02 2.8256250754e-02 5.2843574754e-02
2.8273840349e-01 8.6071597526e-02 2.7997123749e-01
8.5430573592e-01 2.9158093269e-01 7.5993536333e-01
8.7060300108e-01 2.8253821757e-01 7.2807095311e-01
4.8670217687e-01 1.1326354827e-01 3.1897674963e-01
3.1933637405e-01 5.3723204608e-02 5.6221997989e-02
3.8901096006e-01 7.6913999831e-02 -5.6231166651e-02
1.4008143004e-01 -1.1250733225e-01 -3.5206639513e-02
1.3169972281e-01 -9.7054610535e-02 1.3690254078e-01
3.4645962831e-01 1.6580373644e-01 1.9292179142e-01
2.3993907244e-01 8.5614992038e-02 5.8219240380e-02
7.2668957007e-03 -6.9625012992e-02 -3.1417254423e-02
2.6737081184e-02 -6.8846649192e-02 -1.7766135003e-02
-2.2302180444e-02 -6.5707851562e-02 -2.5517371621e-02
-2.2268263692e-02 9.4228861850e-02 8.3294887260e-02
1.5098516057e-01 1.2470735804e-01 2.6835496968e-01
5.9970437994e-01 3.0342158772e-01 7.2134641021e-01
6.1580772964e-01 2.6169999051e-01 6.3333794602e-01
2.9359065290e-01 8.0812528051e-02 2.8090682873e-01
1.9128196386e-01 1.9803564274e-02 1.1950090020e-01
1.6703041724e-01 4.9447060589e-02 3.9789641372e-02
1.7513952374e-01 2.7401455927e-02 -2.3459761430e-02
-2.2420832847e-02 -2.0999903287e-01 4.5093287041e-03
-1.2374939168e-01 -4.2030177770e-01 2.3450168267e-01
-1.9629162650e-01 -4.8105669128e-01 6.1312113772e-01
-1.8346424171e-01 -4.2124470355e-01 3.6701964565e-01
-6.6122288715e-02 -1.2839737961e-01 -5.2510437464e-03
1.7360651671e-02 -6.6922086011e-02 -3.4904913934e-02
-2.6790728491e-02 -6.1249059086e-02 -3.5739624560e-02
1.2124668167e-02 1.0276034497e-01 1.7288714434e-01
3.4065980378e-01 2.8829235445e-01 6.2124891898e-01
4.8532375975e-01 3.9741089048e-01 7.6332599662e-01
2.6300744321e-01 1.8298260884e-01 3.4812602467e-01
1.8206400593e-01 7.8620168985e-02 2.2139003399e-01
1.1952866078e-01 -3.4504795530e-03 9.2889310156e-02
7.6576841855e-02 -8.2011152234e-02 2.5444272749e-02
7.9344460805e-02 -1.0557196305e-01 1.2446779126e-02
2.6634150739e-02 -2.5062626924e-01 4.2773951700e-02
-6.7934727399e-02 -6.0790800591e-01 2.6565346109e-01
-2.2104873601e-01 -1.1391536510e+00 5.5958856965e-01
-1.5401645551e-01 -8.5759382675e-01 3.2496136078e-02
-3.6993912821e-02 -1.6458309862e-01 -9.7889920229e-02
5.0241711292e-03 -6.0464509067e-02 -2.8985132011e-02
-3.3865461201e-02 -5.2773435112e-02 -2.9314250929e-02
6.7070907326e-02 1.6827738324e-01 3.6350574115e-01
3.2419595976e-01 4.6467195404e-01 7.9868453449e-01
1.8054136252e-01 3.6803526525e-01 4.8493391198e-01
7.3382637820e-02 1.7198223596e-01 2.3270588373e-01
8.0241697859e-02 6.7798129288e-03 1.5384404753e-01
5.9946785992e-02 -7.2971376357e-02 4.1728184012e-02
5.9274087161e-02 -1.2101835942e-01 3.3195674837e-03
1.1241744027e-01 -1.2257074911e-01 9.1560323402e-03
1.0038240784e-01 -2.4818043517e-01 4.0087324439e-02
3.9882751324e-02 -5.8653963200e-01 2.2910091232e-01
5.3542892427e-02 -1.3433285776e+00 5.6111097779e-01
9.0903870834e-02 -9.4068453566e-01 -1.6450722556e-01
-2.8400305394e-02 -1.1181106032e-01 -1.7976774305e-01
-3.5167653133e-02 -3.7318814684e-02 -5.4218826781e-02
-5.4708864889e-02 -4.4467618321e-02 -3.4579514617e-02
5.4318081434e-02 2.0342735516e-01 3.9008584028e-01
1.0037404560e-01 4.2288745555e-01 5.2845503096e-01
1.7430230667e-03 3.6043120380e-01 3.1724856826e-01
-5.6912850924e-03 4.9547945226e-02 5.9487567734e-02
3.2671438651e-03 -1.6581107010e-01 -6.3330128143e-03
-2.5883774241e-02 -1.3301251364e-01 -6.9083315550e-03
-4.3914962172e-02 -2.0755040323e-02 2.6002399592e-02
-7.5091212796e-03 -3.1627775148e-02 -1.9524000133e-02
9.3815400767e-02 -2.1420874184e-01 -1.1309965022e-02
1.1210119083e-01 -4.3456759241e-01 1.9306730131e-01
2.3730588709e-01 -9.3884254628e-01 8.3251767542e-01
2.5750022591e-01 -6.5098282485e-01 3.3481152757e-01
-7.7931267640e-02 -3.9179413065e-02 -1.0620735988e-01
-2.6949206846e-02 -9.1137816637e-03 -6.9540629581e-02
-4.3306755339e-02 -6.7546607484e-02 -1.5529989377e-02
8.1045613936e-04 1.1139844120e-01 1.6453418177e-01
-1.7792911885e-02 3.2204008911e-01 2.0567628195e-01
-1.1753190085e-02 3.9302265022e-01 2.5998971093e-01
6.3767064497e-03 1.0217384270e-01 8.4097399544e-02
-1.6530959141e-01 9.2093664519e-02 1.2141385658e-02
-1.8598681616e-01 8.0028882519e-02 -4.0336483351e-03
-1.6307382106e-01 2.0235397710e-01 1.1894995039e-01
-5.7165545744e-01 3.0271206484e-01 9.7023610321e-02
-3.0851283976e-01 4.5398744432e-03 1.3669048066e-02
-7.4147404464e-02 -1.1421496867e-01 6.8377405136e-02
9.0203666177e-02 -3.0516052428e-01 4.9111310111e-01
5.5366550600e-01 -1.0849745353e-01 1.2836324737e-02
-7.9024563571e-02 1.9146165533e-01 -3.1897431732e-01
-7.6757147966e-02 3.5384116526e-03 -6.8892548019e-02
-5.2434313702e-02 -6.1140934658e-02 -9.4300037644e-03
-1.5110908875e-01 1.3906149068e-01 1.5090188159e-01
-4.1336309387e-01 4.1244325767e-01 2.8337868805e-01
-2.7632098656e-01 4.5349704327e-01 3.0472508029e-01
4.7516490270e-01 3.4439140822e-01 3.8404389241e-01
9.4905746051e-01 2.0270471007e-02 1.0866157645e-01
8.1138676591e-01 -2.7291519018e-01 -1.7614025975e-01
7.0607869937e-01 -1.3653508414e-01 2.4631669711e-03
-1.0729436329e-01 1.1384881224e-01 3.4477882588e-02
-2.9612039417e-01 4.5031389354e-02 -2.5109546063e-02
-5.3349601061e-02 -2.4841174595e-02 -1.9477605085e-01
-3.2262998657e-01 -3.0709733629e-01 -3.0889886614e-01
7.7964014118e-01 -1.2551558715e-01 -4.3244150456e-01
2.8608009488e-01 1.3140199692e-01 -4.7471818336e-01
-2.7822605953e-02 -5.4106963918e-02 -7.1778775336e-02
-3.1780685017e-02 -8.3509738388e-02 -2.5726368998e-03
-1.0002100250e-01 4.0823802762e-02 6.2807888655e-02
-4.2931588873e-01 1.7079039589e-01 1.2218070480e-01
-5.8593249325e-01 2.2608926483e-01 7.4357807870e-02
-1.6071931082e-02 3.6525336506e-01 2.9350120221e-01
3.9446858298e-01 3.1698589795e-01 8.5827627222e-03
3.0359752036e-01 2.3502876854e-01 7.2883158101e-02
4.4652404150e-01 8.8966744292e-02 1.5934376485e-01
5.2933395134e-01 6.9368216193e-02 3.8352457995e-02
3.2915041458e-01 8.7986448144e-02 -6.9031332421e-03
1.4726646486e-01 1.6189094629e-01 -3.6590381108e-01
-3.0432113996e-01 -1.2689101966e-01 -3.1459371326e-01
4.3354119587e-01 -3.3517812527e-02 2.2992897161e-01
1.4877007564e-01 -5.0765436668e-02 -3.3244183583e-02
-5.7763400463e-03 -5.9708905356e-02 -4.7650029252e-02
-2.3444591034e-02 -5.3334114896e-02 -2.6335427617e-02
-4.2918213994e-02 -7.8464300356e-03 2.6815342909e-02
-1.0452010106e-01 -1.1041909468e-02 -2.0891721427e-02
-2.8678795679e-01 -9.0816601477e-02 -1.8083539808e-01
-3.1510867264e-01 -1.3764361608e-01 -2.6647408869e-01
-3.2583349750e-01 -5.3706648965e-02 -3.0218344207e-01
-3.4235454670e-01 2.8483221168e-02 1.1196307596e-01
-2.8740271903e-01 4.3971893443e-02 2.5493139230e-01
-1.6572106707e-01 3.4701066494e-02 7.6271407461e-02
-6.1234275315e-02 3.9550497927e-02 6.5729956448e-02
5.8724260109e-03 8.9010828627e-02 -4.7475096898e-02
-5.5267916800e-03 1.1006372295e-01 -2.6693283733e-02
6.1259157276e-02 8.4944722151e-02 8.2110820905e-02
-1.4395591001e-02 -7.6125267236e-02 -9.0405189914e-02
5.9508324022e-03 -5.3413816377e-02 -6.0445117819e-02
-1.6632885805e-02 -5.5082616370e-02 -2.3917346919e-02
-5.3319253204e-02 -9.9697541655e-03 3.0215265690e-02
-3.4841419478e-02 7.4909607893e-03 1.6902345445e-02
-9.2262887385e-02 1.2289600308e-02 -1.4316139108e-02
-3.1068290405e-02 -3.9645868446e-02 -1.8212014429e-01
1.4022654780e-01 -2.9091099005e-01 -2.5493880258e-01
-1.5361158969e-01 -4.8203703826e-01 -1.0602410345e-01
-4.5097086409e-01 -3.8625053461e-01 -1.3322342200e-01
-4.8138299805e-01 -3.3533543959e-01 5.3647664425e-03
-2.3267586262e-01 -1.5538314476e-01 9.2441182676e-02
-8.2824810316e-02 2.6473377702e-02 6.3693931223e-02
5.3156641283e-02 -2.3410220112e-03 -1.7172387957e-02
7.0203526081e-02 1.4122660874e-03 -9.9947019866e-02
6.9936240751e-02 -9.4327793494e-02 -1.1879258918e-01
3.1400480702e-02 -4.4712985442e-02 -5.2934381678e-02
-1.0079345213e-02 -4.8593671441e-02 -9.0261062188e-03
-8.6010364061e-02 2.6651989485e-02 5.5793017929e-02
-5.0997398716e-02 3.8707290059e-02 5.6052548020e-02
-5.5114200498e-02 9.1527767959e-02 8.4010274801e-02
-2.1915377671e-02 1.1628461534e-01 2.4251628380e-02
-3.1859587300e-02 4.6303257228e-02 2.4926451744e-02
-1.3535672252e-01 -1.3629868734e-01 -4.5813509514e-02
-9.5800765635e-02 -2.9390355316e-01 -3.1018327145e-01
-1.7437925662e-01 -3.8884494725e-01 8.5078908489e-02
6.5645470801e-02 -3.8853480153e-01 1.8173132372e-01
2.3949575071e-03 9.4025473173e-02 2.7149419237e-01
1.8974744915e-01 -4.1272265303e-02 1.5001267424e-01
9.9358405074e-02 1.6078587278e-01 2.3001569026e-01
1.0479740239e-01 2.3355591794e-03 1.0355419347e-02
6.6602189898e-02 -5.0207379963e-02 -6.7594520569e-02
-2.6592480497e-02 -3.3955254233e-02 -9.7675881516e-03
-9.8195802324e-02 3.8371614239e-02 4.0506718370e-02
-5.2201367565e-02 5.1441914158e-02 4.4650345460e-02
-4.9164159323e-02 8.1042765780e-02 8.0443587725e-02
-9.6529599647e-03 8.3163761031e-02 6.0864716253e-02
6.9173938734e-03 7.9256768738e-02 7.4756843344e-02
3.6596454770e-02 3.3672819889e-03 2.0129381869e-02
7.5657805334e-02 -7.2353234158e-02 -2.6134648080e-02
1.9588883348e-01 -1.0854574531e-01 3.3292225099e-01
4.3649955279e-01 -2.0344759634e-01 5.3814516132e-01
-1.8210412767e-01 5.0115636417e-01 4.7831241625e-01
2.6255486889e-01 4.6663383481e-02 4.0159785050e-01
-5.0311475743e-01 5.7298407487e-01 5.0485347931e-01
-3.2248624836e-01 2.8127310214e-01 6.5315909405e-02
9.2000256219e-02 -5.6507571499e-02 -6.4958800110e-02
-2.4518237301e-02 -4.1254026062e-02 2.7346838401e-03
-9.5733788189e-02 2.5636899841e-02 4.9076960798e-02
-6.4649057249e-02 3.4842592682e-02 4.2218423519e-02
-7.5943886516e-02 5.3879916107e-02 6.0743619433e-02
-4.5293656857e-02 6.6781601583e-02 4.2495137456e-02
-1.5549431846e-02 4.9973501676e-02 3.0754171129e-02
-9.2738697802e-03 4.5200302529e-02 3.7925480922e-02
-3.6715518068e-02 7.7195198615e-02 8.4118357193e-02
-2.6137740337e-02 2.4746017516e-01 4.8773639310e-01
-1.3866161995e-01 6.3514951989e-01 1.0184130969e+00
-1.0123235618e+00 1.3123879247e+00 5.0383283381e-01
-5.5204467042e-01 7.7690618129e-01 2.5145593495e-01
-1.4496381988e+00 9.1964397896e-01 -2.8310281622e-01
-9.5041252475e-01 4.7260536118e-01 -5.4590585298e-01
-2.3179504939e-02 -9.6268822408e-03 -1.1234999229e-01
-4.9354791935e-02 -2.1067893107e-02 -6.5311249012e-03
-7.9680848393e-02 1.2447920051e-03 5.0820636516e-02
-4.9485068300e-02 -9.0751310321e-03 1.1161275947e-02
-5.8881554515e-02 1.3300599203e-02 4.9648121733e-02
-3.1085309543e-02 3.2128678087e-02 -1.1754302873e-02
-1.6010888939e-02 1.0486880396e-02 -9.7942841977e-03
-3.0633978277e-03 -1.2186762033e-02 -1.0276605800e-02
-1.4911884777e-02 7.3665604494e-04 1.8471755323e-02
-1.2189200681e-01 1.4103110649e-01 1.8946084006e-01
-4.5014857180e-01 6.0114118865e-01 6.3230264433e-01
-1.1503398058e+00 1.1898967259e+00 3.5415842686e-01
-9.5494487021e-01 9.0187544337e-01 -9.2017620336e-02
-8.0770935632e-01 4.6643027894e-01 -3.8244251378e-01
-3.9994727429e-01 1.1810622954e-01 -3.1655251843e-01
-2.8707027551e-02 -4.6423572451e-02 -4.5924724111e-02
-4.1546084586e-02 -5.6201105096e-02 7.4029257261e-03
6.8783896397e-02 3.5109843524e-02 1.3653434805e-02
8.5962224301e-02 3.1624564599e-02 3.6940374134e-02
1.0578923349e-01 2.0408931348e-02 4.1892714517e-02
1.8712468587e-01 6.8417950667e-04 9.9339151594e-02
4.7606618709e-01 -2.8823175604e-02 3.4016038736e-01
1.2825317512e+00 3.5300281912e-02 7.3048825803e-01
1.8516662651e+00 1.4511312128e-01 8.1980456687e-01
2.0062616560e+00 1.7237980708e-01 6.0632052080e-01
2.3154733079e+00 1.5011929894e-01 1.8594862764e-01
2.4950487543e+00 1.1679123479e-01 -6.2174646683e-01
1.6422208699e+00 8.0936921751e-02 -9.3513865114e-01
3.4714179660e-01 -5.7666266045e-02 -2.6017572694e-01
1.1829887618e-02 -9.3905161176e-02 -4.2247243297e-03
1.5618818454e-03 -1.0409837015e-01 3.0472675541e-02
-2.8267743262e-02 -7.8128233416e-02 -1.2277224893e-03
3.6768710192e-02 5.6695524642e-02 -2.1045044857e-03
4.3868952832e-02 4.3405583307e-02 2.5782062884e-02
1.1579541273e-01 3.3836663572e-02 8.6058334001e-02
4.3861765467e-01 4.7432196140e-02 3.6432949046e-01
9.6866904600e-01 8.7022344832e-02 7.6321977032e-01
1.0529974003e+00 8.9870850622e-02 6.9707847400e-01
7.0500550680e-01 5.6309694714e-02 2.9779885286e-01
3.2245563576e-01 -2.3931836610e-03 1.4005794716e-02
-1.7122055935e-01 -7.8219832851e-02 3.9537836734e-03
5.0295880207e-03 -8.3006070175e-02 5.2635429828e-02
4.9231500351e-01 7.7355570282e-02 -8.2899948294e-02
7.2819312759e-01 1.0598820933e-01 -3.1440832780e-01
1.3906014218e-01 -4.7624056898e-02 -1.3592745571e-01
8.7861844301e-03 -8.5045042410e-02 -1.2520820028e-03
-1.2200637560e-02 -8.1029208223e-02 -8.3029582201e-03
3.6616954850e-02 6.3004082587e-02 8.2661711153e-03
8.6010934222e-02 4.2184349558e-02 8.6213364449e-02
3.4141996481e-01 5.5988720270e-02 3.3742187622e-01
7.3407279750e-01 5.5582521916e-02 6.3713684026e-01
5.2982108987e-01 -2.1142546174e-02 4.4668583248e-01
4.0105638835e-01 -5.0003977738e-02 2.3012443951e-01
3.0909040331e-01 -4.4183586317e-02 7.8894510526e-02
3.3999304967e-01 -3.5998984221e-02 1.5827033434e-02
1.6539123898e-01 -7.2591451961e-02 -7.2062776610e-03
1.9609860589e-01 -4.1778115292e-02 1.0803008016e-01
6.4065089937e-01 1.1763868279e-01 2.3425923041e-01
7.9115808822e-01 1.2331953248e-01 3.7716117673e-02
9.9940804088e-02 -2.6222513977e-02 -9.2859806860e-02
3.8216878954e-03 -7.5102544855e-02 -1.3030486665e-02
-1.2585654186e-02 -6.5283262042e-02 -2.1408205257e-02
3.3957858664e-02 1.0334006594e-01 8.9875706399e-02
2.0277496441e-01 8.1414330651e-02 2.8082934389e-01
4.9562635083e-01 1.2510750531e-01 5.6356640536e-01
3.0686058901e-01 -1.8377163713e-02 2.7265939439e-01
5.5202271098e-02 -1.0765107780e-01 4.0268465835e-02
1.4225884261e-01 -8.3590228506e-02 8.4541405792e-02
1.2385328281e-01 -7.4820907482e-02 6.5168090072e-02
1.6865011808e-01 -9.8946637775e-02 4.0854377588e-02
1.5062985660e-01 -8.9247560070e-02 1.9270777784e-02
1.5606394485e-01 -4.5809143197e-02 6.3282129687e-02
1.7857091558e-01 -2.0425166508e-02 1.9570708898e-01
1.0915974584e-01 -7.0835230637e-02 1.4648582836e-01
-3.8541690414e-02 -7.2739643780e-02 -3.0222057496e-02
1.4930098312e-03 -7.7445322200e-02 -2.3211487068e-02
-1.0083240542e-02 -6.6914138085e-02 -2.6544256123e-02
6.6606062944e-02 9.4950222291e-02 2.1642142071e-01
2.9859397896e-01 1.3581183827e-01 4.7331271198e-01
1.4751478923e-01 8.1941157447e-02 2.2912884117e-01
-9.5125383814e-03 -7.0691308128e-02 -6.7510623935e-02
5.1229796364e-02 -9.0189582854e-02 3.5339269186e-02
6.5756481993e-02 -7.1606978879e-02 5.1010760716e-02
8.3599285730e-02 -8.5829832597e-02 4.2962003854e-02
1.1229534105e-01 -9.4089757395e-02 3.4650107396e-02
1.2277699736e-01 -9.5116513264e-02 1.4979526585e-02
1.0719931769e-01 -9.0816108374e-02 2.9519219431e-02
1.6029858210e-02 -1.4997740772e-01 6.2853919727e-02
3.5346093818e-02 -1.0033675147e-01 -2.2805451257e-02
5.7724451748e-02 2.8267622254e-02 -7.1973374972e-02
2.7060565603e-02 -1.6843098124e-02 -4.0431552818e-02
-2.4478325959e-02 -5.2398624269e-02 -2.8930709514e-02
2.1267360265e-01 1.6066544141e-01 5.1355441057e-01
2.5118370732e-01 1.9102729847e-01 4.6973654171e-01
-9.0773598074e-02 1.8071721253e-02 -1.3440933867e-01
-1.0059062946e-02 -8.9430690692e-02 -3.6433282334e-02
8.9754862321e-02 -1.1932480620e-01 8.1138732907e-02
6.1471977640e-02 -1.0869590778e-01 4.6496623633e-02
5.5836054035e-02 -1.0108581319e-01 2.4712522391e-02
8.6654742793e-02 -1.0465351142e-01 2.2139093215e-02
9.8940125861e-02 -8.6038766292e-02 -1.2717973689e-03
7.5215002710e-02 -9.0580613791e-02 -6.3967724818e-03
3.5863640933e-02 -1.6097507695e-01 3.3377214670e-02
1.4995409752e-01 2.6352817746e-02 -3.6225032518e-02
2.7793529764e-01 4.7442906010e-01 -1.6236231439e-01
1.6140908701e-01 2.9075044059e-01 -1.8043632221e-01
-2.5414372125e-02 -1.0803933628e-02 -5.5369081732e-02
2.0702573890e-01 2.6180932882e-01 6.4220339398e-01
8.8708091847e-02 2.7073933820e-01 1.9963401279e-01
-2.9609112058e-02 6.1787425648e-02 -1.6073320102e-01
6.1680941107e-02 -8.9987807185e-02 -2.9383266502e-02
6.3593392087e-02 -1.3834961021e-01 2.2342242794e-02
2.2674990102e-02 -1.0256997330e-01 1.8659581259e-03
1.0130311905e-01 -6.9808212091e-02 -8.7759691885e-04
1.8358650521e-01 -2.3766280253e-02 -1.8389399762e-02
1.2153151137e-01 -6.1624884618e-03 -5.6176283680e-02
9.3409424018e-02 -4.5370911932e-02 -2.7419480329e-02
8.1427911588e-02 -2.2408792518e-01 2.0069466513e-01
-8.4902476110e-02 -3.4912576037e-01 9.9808775388e-02
-8.5007464604e-02 3.4379058672e-01 -2.2981154372e-01
1.5606735092e-01 4.8867892822e-01 -2.7056794721e-01
-3.4162291462e-03 1.5348719060e-02 -4.0170220493e-02
-3.5292003172e-02 3.1683381847e-01 5.6541970266e-01
-3.3533888139e-03 3.6238920404e-01 2.6054828538e-01
4.3642634573e-01 -7.7784078002e-02 -1.2098553664e-01
3.3216443265e-01 -2.0045697430e-01 -6.1301451515e-02
-1.8973135218e-01 4.1836103685e-02 1.2876496117e-02
-1.0722957230e-01 1.4352282098e-03 2.4583976157e-02
6.2881530392e-01 -5.9365943159e-02 1.0470116473e-01
4.5601580784e-01 1.0633482977e-01 7.6692256171e-02
-2.8192425097e-01 -2.2018199809e-02 -3.3851094328e-02
-6.0090791714e-02 -1.2981931484e-01 7.7947420985e-02
2.9429422424e-01 -3.0487557101e-01 3.3374919104e-01
5.0165201726e-01 -2.3771798604e-01 -2.0249821214e-01
-3.6517057154e-01 4.7548357725e-01 -6.1925310135e-01
-1.7133571829e-01 3.9096747077e-01 -2.5159961258e-01
-3.6504192008e-02 -1.3341753229e-02 1.6994469967e-03
-4.7773118018e-01 4.0865415352e-01 6.6044621001e-01
-8.0630238510e-01 6.1719021584e-01 6.8889194871e-01
-3.4081017157e-02 7.5472761211e-02 1.0175211700e-01
3.6284255779e-01 -4.7831774539e-02 1.2379975140e-02
-1.1322434874e-01 1.1060187285e-01 -4.4872972184e-02
-7.1951760262e-02 -1.4294247023e-02 -7.0154015735e-02
6.4356047972e-01 -1.2480275264e-01 2.6449384970e-02
2.3337390593e-01 -4.5233458838e-02 -3.3407896754e-03
-5.1627591116e-01 -1.5181973522e-01 -4.6754686741e-02
-7.1718540660e-02 -1.7735372485e-01 1.2470797518e-01
-3.2677013139e-01 -3.7075886168e-01 -1.2477663816e-01
5.7581912069e-01 -1.1095775370e-01 -5.5997721741e-01
1.4958157300e-01 3.4526408322e-01 -4.3245888055e-01
-1.7830383569e-01 9.9559079848e-02 -1.3982473420e-01
-3.5063688411e-02 -6.3116244482e-02 -3.8110978817e-03
-2.7077529153e-01 1.1917443836e-01 1.7366989216e-01
-9.9321910691e-01 4.1240402122e-01 2.9921852921e-01
-1.2762476614e+00 2.0590517368e-01 -1.8583235686e-01
-5.0661088785e-01 4.9162335231e-02 -3.9413806433e-01
1.4747350117e-01 9.8420813393e-02 -1.8173830009e-01
2.4497858979e-01 2.1675657957e-02 -6.0846759407e-02
1.6669310488e-01 -2.9101108649e-02 1.3463215005e-02
8.1533745346e-02 -6.2545396395e-02 -5.5651671601e-03
9.7295445824e-02 -3.9972483192e-02 -2.6589102524e-03
2.2257717215e-01 -3.8577100404e-02 7.9740630004e-02
-3.2106367719e-01 -1.9550379401e-01 -9.2430473211e-02
2.8383051305e-01 -1.5845886743e-01 3.7472779584e-03
1.6953763901e-01 -2.7510743775e-02 -2.4286896507e-02
-5.2575271869e-02 -5.0211830984e-02 -6.0556596232e-02
-3.6766443258e-02 -4.1352854441e-02 -3.4706665075e-02
-6.9024010179e-02 -1.9212220244e-03 -9.2420087280e-03
-3.3283210009e-01 3.1602677608e-02 -2.8979086545e-02
-4.5268223749e-01 -4.8924229268e-01 -7.4347255941e-01
-1.4260702670e-02 -7.1511945449e-01 -1.0548367478e+00
1.9229726613e-01 -7.1112538761e-02 -6.1748619172e-01
6.3583619194e-02 1.0650140886e-02 -2.0486265752e-01
-8.2836729866e-02 1.7422470032e-02 -7.3704678984e-03
-1.1539086163e-01 1.5653350310e-02 2.9359008146e-02
-5.7428478932e-02 1.2641764448e-02 1.1365730111e-02
-1.0391631002e-02 5.6219080764e-03 -9.3015861466e-03
-6.3635290534e-02 6.8512982218e-03 -7.6519810289e-02
-2.3427056055e-02 -2.7254233596e-02 -7.9237962723e-02
-4.9100280293e-02 -2.3281785667e-02 -1.0026889602e-01
-2.1680052832e-02 -4.9701389244e-02 -5.8268202562e-02
-1.8564245236e-02 -4.4028277214e-02 -2.7432476668e-02
-5.0376218521e-02 7.8870318953e-03 1.0369277616e-02
-1.1597844694e-01 1.6398934258e-02 -2.2860557324e-02
-2.0859038612e-01 -1.8748883704e-01 -1.5158452244e-01
1.4219349283e-01 -5.1333285927e-01 -4.0357228392e-01
5.3461882963e-01 -5.0431959159e-01 -7.4237500845e-01
1.2324249415e-01 -3.9891152303e-01 -4.5600787724e-01
1.2737819229e-02 -3.0672947275e-01 -3.5256365283e-01
-8.9305622919e-02 -9.2431974498e-02 -2.8078882282e-02
-5.5152925202e-02 -1.6133466660e-02 2.8173919501e-02
-7.3063389721e-03 -2.6773438805e-04 -3.9301502987e-02
2.3327009303e-02 1.4336980937e-02 -9.9648651189e-02
7.0188428132e-02 -9.9775452416e-03 -1.2710230278e-01
4.2037838492e-02 -9.0696677263e-03 -1.1864481159e-01
1.2927083228e-02 -2.2551302477e-02 -5.2659487829e-02
-8.5993679419e-03 -4.0135644367e-02 -1.0475827834e-02
-8.2707395870e-02 4.6822410730e-02 3.8786217461e-02
-3.9460222494e-02 7.0563150781e-02 4.0439014717e-02
-8.1050907285e-02 7.6435298673e-02 4.9643144350e-02
2.4838389674e-03 -7.5452530084e-02 -6.9869643926e-02
2.1317261340e-01 -2.4268643995e-01 -2.8416929064e-01
3.7934405480e-01 -5.3274667088e-01 -4.6155217560e-01
5.6468214132e-01 -7.8607691200e-01 -7.9879691567e-01
1.6247939066e-01 -2.2697498417e-01 -8.1447322850e-02
5.0894525780e-02 -3.0956826455e-02 1.5650657242e-01
2.8754623739e-02 3.0077785920e-02 5.0652310709e-02
4.1003210919e-02 5.5245029355e-02 8.0569725540e-03
-3.0727695522e-02 1.0066636059e-02 9.5028842771e-02
1.7870363823e-02 -2.5709887697e-02 -1.1312004984e-02
7.8481786489e-02 -1.7087201267e-02 -6.9018743037e-02
-1.1386802827e-02 -2.8837794615e-02 -5.5081201126e-03
-9.3434403738e-02 5.7340938624e-02 5.6694247299e-02
-3.7907002756e-02 7.2241093138e-02 6.1995114783e-02
-5.4143430310e-02 8.5994059824e-02 8.5939384584e-02
-1.4887843417e-02 6.9536887929e-02 5.4495504826e-02
4.9153253865e-03 3.6276613187e-02 2.5810141133e-02
9.7894932033e-02 -1.4970029043e-01 -1.6838839766e-01
2.7690940595e-01 -3.0129913806e-01 -2.3254775811e-01
2.9787548110e-01 -6.0992252240e-02 3.1140793236e-01
1.6759948518e-01 1.0026153664e-02 4.0556135271e-01
1.4088376063e-02 7.5011263556e-02 1.2247634204e-01
2.4981855294e-01 -1.1843353639e-01 3.2663601048e-01
-5.1439364546e-01 -1.2442646812e-01 7.8844759071e-01
-5.6768088252e-01 -5.8495381040e-02 2.1905662278e-01
8.5588222111e-02 -3.5982763998e-02 -6.4395416540e-02
-5.0656402500e-03 -2.8950077966e-02 -9.8188070113e-04
-8.9470759253e-02 4.3208962174e-02 4.6817807844e-02
-5.9526326144e-02 4.9598832965e-02 4.0988688119e-02
-7.2572969787e-02 5.8748682315e-02 6.8666606185e-02
-4.8662464688e-02 6.5136010859e-02 5.1558533199e-02
-2.4518718237e-02 5.7779127131e-02 3.5839114260e-02
-3.5968224410e-02 4.8917954583e-02 2.1540889094e-02
1.4139430210e-02 1.5677957042e-01 1.9924705005e-01
3.8219608673e-02 3.8748615743e-01 8.2349329286e-01
-1.5205967457e-01 4.0177393455e-01 7.5249014144e-01
-1.5745380839e-01 3.3801672173e-01 4.4237734589e-02
1.5267678112e-01 1.3287111714e-01 2.0548733467e-01
-9.3784933805e-01 6.9320494038e-02 5.5646987503e-02
-1.2423042766e+00 1.1872427182e-01 -4.8198284722e-01
-5.3032752426e-02 -2.2916156690e-02 -1.3266680753e-01
-3.7426079355e-02 -1.0926471846e-02 -5.7786943707e-03
-7.5000059956e-02 7.4311007966e-03 5.4882889126e-02
-3.4496828081e-02 7.3058736557e-03 1.6736711175e-02
-5.6791986252e-02 1.1605956093e-02 4.7709848586e-02
-4.3252262237e-02 1.2321292948e-02 -1.0520890577e-02
-2.3970218012e-02 4.8847310542e-03 -4.4157258658e-03
-1.9783829798e-02 -7.5513774787e-03 -2.1694617600e-02
-6.8027869387e-02 6.1346996471e-02 1.0232780513e-01
-2.9192212651e-01 3.6139383968e-01 5.9817480366e-01
-1.0583584900e+00 8.3646124410e-01 1.0573130994e+00
-1.9620743810e+00 1.1451668805e+00 1.4524620134e-01
-1.4841445997e+00 8.2374363103e-01 -5.1587518315e-01
-8.1381908434e-01 2.8647202316e-01 -5.4583241199e-01
-5.6911419163e-01 8.1651356503e-02 -4.8849541681e-01
-4.8584045597e-02 -2.6658117439e-02 -7.5635558099e-02
-2.8466668984e-02 -3.7888117583e-02 3.6643568333e-03
9.5729426815e-02 5.2765714958e-02 2.6990463978e-02
1.2590081913e-01 5.5857936104e-02 7.1557507051e-02
1.5528579914e-01 4.1959954414e-02 6.0087325609e-02
2.4192920040e-01 1.3832571678e-02 1.1617126704e-01
5.5034359909e-01 -8.6741162893e-02 3.5472142000e-01
1.2327002472e+00 -2.4449127513e-01 6.7093219342e-01
1.7853031356e+00 -3.8567291983e-01 7.5176146061e-01
2.0900757135e+00 -4.8743808102e-01 5.9101521101e-01
2.1653590214e+00 -5.3872488313e-01 1.7885184311e-01
2.2239910427e+00 -4.8183471007e-01 -4.5744017891e-01
1.6693676955e+00 -2.4780818573e-01 -8.1505487422e-01
4.9853180421e-01 -1.1309337272e-01 -2.9199465591e-01
5.5783914476e-02 -9.3253539201e-02 6.2747877447e-03
2.0056888429e-02 -1.1403385213e-01 4.5303591069e-02
-1.0871080800e-02 -8.7631564514e-02 -1.3109236591e-03
8.8921353813e-02 8.0384325698e-02 3.2513474427e-02
8.5328739672e-02 7.6588997151e-02 8.4376664035e-02
1.6800086048e-01 4.5465354695e-02 1.2353050418e-01
4.9910106674e-01 -1.1471798986e-02 3.7921326240e-01
1.1144275572e+00 -1.2180383629e-01 7.9582410257e-01
1.0656398091e+00 -1.7813409543e-01 6.6917048607e-01
5.8120976003e-01 -1.7944821348e-01 2.5566342798e-01
2.2080117967e-01 -1.6101303479e-01 5.1988860255e-02
-1.2809769346e-01 -1.1160168422e-01 2.6919428839e-02
-1.2500775709e-02 -9.4119657738e-02 1.3349021911e-01
5.0937037365e-01 -6.2317175815e-02 1.6250862637e-02
1.0669403100e+00 -1.2495561524e-01 -4.3672082563e-01
2.6354470900e-01 -8.5850928447e-02 -2.0172930229e-01
5.8663288085e-02 -1.0336470122e-01 1.8520372797e-02
1.3448754738e-02 -8.0618909466e-02 -5.6597265037e-03
8.4736209317e-02 7.6201945135e-02 3.1739169448e-02
1.3232187261e-01 3.3770846144e-02 1.2582725611e-01
3.4800449986e-01 1.4589623307e-02 2.8632597546e-01
7.6206798136e-01 -7.8567805806e-02 5.5169053309e-01
5.2417390442e-01 -1.0386628669e-01 3.6549099150e-01
2.2083155169e-01 -9.8444319738e-02 1.2268555072e-01
1.4589877375e-01 -1.0843510969e-01 3.7730031103e-02
2.1025499544e-01 -1.3130704444e-01 4.8274913840e-02
1.1804795618e-01 -8.8259514367e-02 2.8031322054e-02
1.5674971440e-01 -8.6998173034e-02 1.3778869473e-01
6.2188881902e-01 -2.0806361398e-01 2.7577260049e-01
1.0783979189e+00 -3.4282233514e-01 1.1945008831e-01
2.0194205221e-01 -1.1028385206e-01 -9.8453302645e-02
3.5241168367e-02 -6.5740449887e-02 -1.4351492667e-02
4.7944918438e-03 -6.6051380684e-02 -2.2952179048e-02
4.7679721787e-02 1.1455705793e-01 8.7329803699e-02
1.9262955350e-01 2.2032835223e-02 2.2948468977e-01
3.7153559081e-01 3.6569114600e-02 3.6248042229e-01
2.3742033788e-01 -4.4174196591e-02 1.1776673462e-01
-3.5846035185e-02 -1.1061675793e-02 -8.7697879650e-02
-9.6099800646e-03 -3.3260620115e-02 -3.3080606556e-02
8.4458163654e-02 -8.3450339598e-02 3.2729275217e-02
1.8614739603e-01 -1.5649718035e-01 5.8313202329e-02
1.9919995862e-01 -1.3065951987e-01 5.0603018978e-02
1.8827127839e-01 -9.0478127503e-02 4.2469669935e-02
2.5535920342e-01 -1.6552073403e-01 1.3152624787e-01
2.5802589269e-01 -3.3941055592e-01 2.2559449237e-01
-2.9825955532e-02 -1.3896590233e-01 4.0922707073e-02
1.4430170686e-02 -6.7410483087e-02 -1.9247920508e-02
-4.3985691558e-03 -7.2978493676e-02 -3.1050126799e-02
4.3840989462e-02 7.3530870639e-02 1.4842633554e-01
1.4898852061e-01 9.4985868481e-03 2.6707731865e-01
-4.3836289642e-02 2.8161190484e-02 -5.5289244293e-02
-1.6532904050e-01 4.0152457371e-02 -2.2379583390e-01
-6.3483165215e-02 -3.7378164982e-04 -8.0291789409e-02
6.0916581340e-02 -5.6812564654e-02 2.8419729751e-02
1.0254346823e-01 -9.8844269710e-02 3.9831948734e-02
1.4596512861e-01 -1.6259079732e-01 5.3281780949e-02
1.6334982477e-01 -1.5198279104e-01 3.0781736437e-02
1.4284055398e-01 -6.3703333604e-02 2.3940462753e-02
6.8669020701e-02 -5.9892643695e-02 2.1107534182e-03
1.1923232775e-01 -9.4634230974e-02 2.2729382388e-02
2.1105282734e-01 1.7400150700e-01 -4.9105574531e-02
1.9236340919e-01 1.8501902024e-01 -3.9235443425e-02
-4.7123551956e-03 -2.8135200268e-02 -4.1232801728e-02
1.6189222298e-01 5.7998690849e-02 3.6257629586e-01
-1.8545733909e-02 7.7887352374e-02 2.3735433475e-02
-4.0059940816e-01 1.0204498146e-01 -5.1702250848e-01
-1.4235536023e-01 -1.3652788047e-02 -1.5555414372e-01
6.6367740022e-02 -9.4414224593e-02 7.7320425202e-02
8.0334524036e-02 -1.0375224283e-01 6.4742564030e-02
7.6295117798e-02 -1.1733573381e-01 4.7338080252e-02
1.6369990925e-01 -1.1607781428e-01 6.3432243287e-02
2.3367756429e-01 -6.1963073045e-02 4.4347600669e-02
1.8769959997e-01 -5.4263621857e-02 -8.1936160480e-03
5.8860466458e-02 -4.8548127072e-02 7.5465653929e-02
1.9030762020e-01 1.5205470564e-01 2.9499636471e-01
5.9769099769e-01 9.2395279269e-01 9.0131433866e-02
5.4860919753e-01 8.6399362854e-01 -2.0326593837e-01
4.8728834188e-02 1.1618142239e-01 -8.9768761034e-02
1.4759403860e-01 9.9866261095e-02 3.6346053930e-01
-2.4943433240e-01 1.9722550318e-01 -4.8949005735e-01
-3.0375656736e-01 9.6989080132e-02 -5.6781846530e-01
3.3161230936e-02 -1.0894359716e-01 -9.1389908003e-03
9.3134427996e-02 -1.2077139888e-01 8.4302017193e-02
6.2773071048e-02 -7.4987419461e-02 3.7647513567e-02
2.1241910012e-01 1.8480029916e-02 9.9384474187e-02
7.6122220535e-01 3.0874474544e-01 2.3489999645e-01
8.7422100867e-01 5.0169812041e-01 4.4578979943e-02
4.4624874687e-01 2.5056564733e-01 -1.1289244893e-01
2.5441249292e-01 -2.1187984843e-02 1.7137329882e-02
6.3476553921e-02 -4.9154371325e-01 3.3505421348e-01
-6.5586241800e-02 -2.9181260364e-01 5.4060404430e-01
1.9546764450e-01 3.4862210800e-01 9.1689749972e-02
4.7244204062e-02 8.6580838698e-02 9.3102487023e-03
-1.8897727622e-01 1.3640575068e-01 5.9051710692e-01
-4.2742790029e-01 5.7133354727e-02 1.2065848861e-01
9.1496656393e-03 -1.1821107057e-01 -1.4835296901e-01
1.5243351750e-01 -1.4895323640e-01 2.2712970981e-02
4.9672202873e-02 -6.0614525146e-02 8.0708084083e-02
7.5234294876e-02 3.2982989068e-02 9.9359580849e-02
6.3964339225e-01 2.4173358122e-01 3.2341939047e-01
1.3053245431e+00 6.5960989084e-01 4.4401462786e-01
7.4332203554e-01 6.1716140522e-01 7.1932899560e-02
2.9917549882e-01 2.4213604129e-01 -5.6606261691e-02
3.3639810067e-01 3.7157137496e-02 -2.2374253511e-01
6.0822841462e-01 -3.0442141401e-01 -4.6092710369e-02
1.3764297883e-01 -2.1150519333e-01 2.1310244726e-01
-5.7303734408e-02 1.0719358699e-01 1.7124954665e-01
7.6428369214e-03 1.8328225270e-02 1.2962467111e-01
-5.1448687339e-01 1.4596647502e-01 8.1796833861e-01
-6.9383570579e-01 2.8392520771e-02 7.0824505044e-01
-3.3926757623e-01 -1.4199423142e-01 5.5695856976e-02
-4.6159413987e-01 -8.1803088700e-02 -4.4499147574e-02
-3.5333657074e-01 6.7112914260e-02 1.5298651242e-04
-1.9120944193e-01 8.7805102420e-02 -1.9119449767e-02
1.4706688042e-01 7.9048684317e-02 7.5651509777e-02
2.3927632660e-01 8.1247740438e-02 7.2913356698e-02
-9.3233928601e-02 -1.8384900343e-02 -3.1779026401e-03
1.8210788679e-01 1.8843316871e-02 1.3082737642e-01
-3.7658870973e-01 -6.2692380574e-02 -5.5271537297e-01
2.2373474472e-01 -3.2410325881e-01 -8.6127262919e-02
-4.9748649353e-02 -7.0123288554e-03 3.3986871680e-01
-3.8011848704e-01 1.2771572660e-01 -9.6000738221e-02
-3.4915441403e-02 -3.5682417420e-02 1.6799792088e-02
-9.3104012377e-02 -1.0662330028e-02 1.4784698997e-01
1.2207930937e-01 2.0019791507e-02 1.2851461592e-01
-1.6364528815e-02 -1.4490547319e-02 -3.2700011261e-01
-3.7646343515e-01 -7.0179321516e-02 -3.3825419016e-01
-1.0889095290e-01 2.2484238656e-02 -9.0084878129e-02
1.1177435634e-01 5.7980612615e-02 -2.3124085004e-02
-8.4769593552e-02 2.7761185778e-02 -5.7184441296e-03
-2.7079289341e-01 -6.1664704564e-02 -1.3515835133e-02
-9.1610391138e-02 -4.5314567218e-02 2.9240585081e-02
3.2749061819e-01 5.8717826919e-02 1.2032474110e-01
8.2407017282e-02 -2.6140516345e-03 -2.1600928402e-01
7.1178997436e-01 -2.2011662503e-01 9.9203682666e-02
3.5759559721e-01 -1.5112666239e-01 1.8204798013e-01
-1.0416223916e-01 -8.6110807019e-03 -6.1866123741e-02
-3.4941765138e-02 -3.4395370268e-02 -4.4430279550e-02
-7.4465468034e-02 -1.6811528044e-02 4.5946097009e-02
-2.9157834129e-01 -3.0596267328e-02 2.7007897507e-01
-3.0571483788e-01 -5.6711545081e-01 -2.6408137359e-01
1.5661395066e-02 -7.5236923790e-01 -6.8909647172e-01
2.1167390877e-01 -2.4131233708e-01 -3.1053791407e-01
1.0082898860e-01 -2.0950354152e-03 -3.7114103126e-02
-5.8714715708e-02 3.9703451200e-02 5.0951863022e-02
-1.3985900131e-01 -1.8743956951e-02 6.6279739847e-02
-9.9281515581e-02 -1.5345683767e-02 4.6573189400e-02
-1.1112839263e-02 -1.5988821455e-02 2.2961195360e-02
-3.7052804900e-02 1.7731006125e-02 -2.7210733309e-02
2.9612147909e-02 3.8891190888e-02 -2.9994659621e-02
1.3113086271e-02 5.9792313821e-02 -1.2707985112e-01
5.7372733092e-03 4.6291620681e-04 -8.5305944344e-02
-1.2338760043e-02 -3.8818482788e-02 -2.9199496513e-02
-5.2607633850e-02 1.8670128702e-02 3.3694769793e-03
-3.0496266949e-01 -1.1204706045e-02 8.9088607848e-02
-4.8930694700e-01 -2.5400502628e-01 5.3571364582e-02
2.2919288581e-01 -7.9716335627e-01 -4.1471370028e-01
6.1943848792e-01 -8.8788669693e-01 -6.7972156910e-01
2.3433592973e-01 -3.1141775122e-01 -3.1814903184e-01
7.5519744671e-02 -8.8052146251e-02 -6.6878071412e-02
-7.0192085438e-02 -1.3130280316e-02 5.1360295411e-02
-7.8751469868e-02 -2.0612739967e-02 3.4772904546e-02
-3.5194725692e-02 -8.6749658772e-03 -1.5873688161e-02
1.8270420466e-02 2.5851202050e-02 -4.7170234228e-02
2.2370080514e-02 -1.1419263058e-02 -4.2906450324e-02
3.6245338937e-02 -3.6680928168e-02 -6.5137787909e-02
5.2000232790e-02 1.9153132940e-02 -5.6296734589e-02
-5.7382843771e-03 -2.8226410061e-02 -2.7805781233e-02
-8.6665229762e-02 5.8715019551e-02 4.4224773913e-02
-6.3145009107e-02 6.9315634198e-02 7.2676884223e-02
-1.5197089347e-01 8.8720877956e-02 4.2863787291e-02
1.3452694115e-01 -2.0858306906e-01 -2.1619379820e-01
4.2372199635e-01 -5.3592967027e-01 -3.7301232672e-01
2.4385917522e-01 -4.8860462747e-01 -3.5456972154e-01
2.2338593699e-01 -3.7640541932e-01 -3.9779445776e-01
6.8325016990e-02 -9.2886938057e-02 -1.3969131473e-02
-4.7598339741e-02 1.6893292296e-04 9.2103929738e-02
1.4869989913e-02 1.2526207590e-02 2.6218380184e-02
3.0608151392e-02 -4.7255275183e-03 -1.4378947847e-02
-1.4828056742e-01 -3.7795967348e-01 2.4572987376e-01
-1.0751312444e-01 -4.6011642657e-01 2.0316752592e-01
9.0726933755e-02 -3.2531770562e-02 -2.6215791296e-02
1.2561812711e-04 -2.1837932380e-02 -2.2958757167e-02
-1.0001237647e-01 5.9406063343e-02 5.0969813897e-02
-4.7081682853e-02 6.3256362956e-02 8.3187191149e-02
-6.8108996497e-02 8.3858800713e-02 7.3992512255e-02
-3.7199178182e-02 5.8900877985e-02 1.7782380619e-02
-1.3312552911e-02 4.8154219644e-02 -4.0592064089e-02
-3.2085179112e-02 -8.5614950997e-02 -1.6552765143e-01
1.7673517498e-01 -1.6589015936e-01 -1.9622446299e-01
6.0117974002e-02 1.3601803342e-02 1.4746190839e-01
-1.0000545766e-01 3.0407786394e-03 2.2110471511e-01
-2.3801205274e-02 -4.7517901666e-03 3.2045357599e-02
9.6455721433e-02 -5.4946336340e-02 2.6720530021e-01
-3.1523349349e-01 -3.5888992352e-01 9.5845192249e-01
-5.5301164453e-01 -3.7635284600e-01 2.0259981176e-01
5.9017455574e-02 -2.1599305047e-02 -1.3483671467e-01
-1.6199459675e-03 -2.5824339680e-02 -1.9987497843e-02
-1.0525012021e-01 4.8291989008e-02 6.4207552948e-02
-6.8843071615e-02 5.0360330849e-02 8.7250839355e-02
-8.3388943021e-02 5.5249911268e-02 9.9796600826e-02
-4.7270063031e-02 4.5146159579e-02 9.1119407437e-02
-3.5131361508e-02 6.6072557202e-02 3.3006476275e-02
-6.5632241092e-02 9.8505269947e-02 6.6501710570e-02
6.5837934220e-02 2.7968482117e-01 3.9820620306e-01
-3.9020626017e-01 3.7564861910e-01 8.3113092559e-01
2.0870591265e-02 4.8031584329e-02 3.6616099048e-01
8.0329400076e-01 -1.1897542706e-01 -7.0745841789e-02
4.9636883246e-01 -4.6779308001e-02 1.5849909906e-01
-3.1458312416e-01 -1.4334309953e-01 9.4222201900e-02
-8.4411334703e-01 -4.7484075524e-02 -5.0666333305e-01
-7.6101580280e-02 -9.7453413248e-03 -1.9771952244e-01
-3.9089270752e-02 -1.1790818541e-02 -1.4426567320e-02
-7.8188967893e-02 1.6603114106e-02 8.4890369922e-02
-4.0290700666e-02 1.3208372400e-03 6.6570814525e-02
-5.7234807202e-02 3.1053238943e-03 8.3280750578e-02
-4.3437140695e-02 -8.7446831182e-03 4.4874657343e-02
-2.7359324848e-02 -8.3713242496e-04 3.5322770619e-02
-3.0304276987e-02 1.8591480400e-03 3.8320246337e-02
-2.0563295550e-01 1.2528127733e-01 3.1009018329e-01
-7.7810320691e-01 2.9073963456e-01 9.8466240433e-01
-1.5868056081e+00 2.6036062704e-01 1.0133707030e+00
-1.9874006736e+00 2.4474405717e-01 2.1485353976e-02
-1.6807172622e+00 1.9645603279e-01 -7.7987697098e-01
-7.3822448635e-01 6.9891373564e-03 -6.7557477703e-01
-4.6503705139e-01 -3.7258300642e-03 -4.6474373350e-01
-5.0678276935e-02 -2.7064651270e-02 -7.3246068175e-02
-3.6739577895e-02 -3.5484309374e-02 -1.7414414946e-03
6.9438561326e-02 5.5369717735e-02 5.4634680576e-02
1.1253514614e-01 7.2757637582e-02 8.3922804253e-02
1.5339924857e-01 4.9024511060e-02 8.0553864749e-02
2.3134182347e-01 7.7209933229e-03 8.8263566139e-02
4.2604855158e-01 -1.1753506367e-01 2.0068945441e-01
8.2646511546e-01 -3.3834283818e-01 3.9853288057e-01
1.3317950408e+00 -6.5631590478e-01 5.0123297409e-01
1.5528851597e+00 -8.3377299073e-01 3.9545476575e-01
1.5610119544e+00 -8.4296893657e-01 1.2746915645e-01
1.8310257370e+00 -7.6822010450e-01 -2.2877652970e-01
1.8045606053e+00 -5.6445819451e-01 -7.4032141094e-01
7.1595041392e-01 -2.4812589772e-01 -4.8758413959e-01
6.2541377957e-02 -1.2173233198e-01 -4.5447247149e-02
2.3757744780e-03 -1.2798795549e-01 1.8735492222e-02
-1.4376818487e-02 -1.1414131894e-01 -1.0852638019e-02
7.9666312818e-02 6.5726755903e-02 5.1210155084e-02
7.8126377194e-02 4.9068996130e-02 8.1268398247e-02
1.5413376869e-01 1.3568629713e-02 1.0428057525e-01
4.1053911379e-01 -7.0452719753e-02 2.4317873095e-01
9.5542254195e-01 -2.9206499491e-01 5.8226315493e-01
1.0112592802e+00 -4.4844293762e-01 5.6657980507e-01
7.2557779894e-01 -4.6948971873e-01 3.1330349538e-01
5.1948285821e-01 -4.1584400763e-01 1.2904154124e-01
2.6828116637e-01 -2.4776583383e-01 3.6567180360e-02
3.3008999346e-01 -1.6349377123e-01 9.1071662092e-02
7.8552437133e-01 -2.2969743199e-01 -3.2944397542e-01
1.2160495313e+00 -4.3473659818e-01 -1.0057340708e+00
3.1343614655e-01 -1.9032078992e-01 -3.5166409387e-01
3.8200627876e-02 -1.2924602838e-01 -1.1637398033e-03
9.1583041088e-04 -1.1634568219e-01 -6.7982450149e-04
7.1544774196e-02 3.5931581453e-02 5.4699018266e-02
1.0336430055e-01 -2.3983692442e-03 1.0205041503e-01
2.8712279261e-01 -8.5679157737e-02 1.9733755407e-01
7.1086212104e-01 -2.3413137303e-01 4.3515466467e-01
6.1667155760e-01 -2.4430459720e-01 3.4214107919e-01
1.0428506967e-01 -1.4202438357e-01 5.1482041657e-02
7.2644767280e-03 -1.4988230265e-01 1.6301753957e-02
1.3603692119e-01 -1.8173787552e-01 6.3306823584e-02
1.6402676116e-01 -1.4843633954e-01 1.1628848869e-02
1.3764261371e-01 -1.2003534209e-01 1.6071098630e-01
3.4710043055e-01 -3.5326609558e-01 1.7037892437e-01
1.0951090976e+00 -8.2445839652e-01 -4.7621616908e-01
5.0625527816e-01 -3.6669426172e-01 -5.3544271911e-01
8.5382485431e-02 -8.4507691580e-02 -1.0911095330e-01
-1.1507652495e-02 -9.2541582650e-02 -3.4610105401e-02
6.4719497742e-02 3.8246926597e-02 8.6884797745e-02
1.5992183116e-01 -7.3971806433e-02 2.0742799809e-01
4.2334922505e-01 -1.4904543809e-01 3.7693741057e-01
2.2514640940e-01 -1.0829027528e-01 1.0167691459e-01
-2.4885504133e-01 1.1639125053e-01 -2.8950779170e-01
-2.6652103958e-01 8.8117845231e-02 -2.0802007035e-01
1.4042506936e-03 -8.8648458834e-02 -1.2428921225e-02
9.6160308784e-02 -1.6410279603e-01 2.1506350703e-02
1.2473807298e-01 -1.6221261517e-01 7.3211700726e-04
1.6515560171e-01 -2.0356191998e-01 3.5174046979e-02
1.8278194011e-01 -4.5576238841e-01 1.1701705152e-01
4.3533030302e-01 -9.5833934613e-01 -2.1551819335e-02
5.2035059719e-01 -5.0092582754e-01 -3.9977947877e-01
2.8083198470e-01 -3.5231529713e-02 -2.2297749316e-01
-5.2794471521e-03 -8.0818378698e-02 -6.0838831497e-02
4.3392937308e-02 -1.0174837496e-02 1.5584960310e-01
1.6903346789e-01 -1.1135805052e-01 3.1005191066e-01
2.8265465939e-02 -3.7553522246e-02 2.9214007958e-02
-4.6950698907e-01 2.0291728984e-01 -4.8733916911e-01
-4.1327312522e-01 2.5080154043e-01 -4.2701817618e-01
-9.7295932942e-02 2.9906810706e-02 -1.0144104446e-01
7.6920310239e-02 -1.1019549918e-01 2.3874646463e-02
1.3277978551e-01 -1.2777202123e-01 3.1340828344e-02
1.6967709147e-01 -3.4551897979e-02 1.6456759568e-03
1.5867397094e-01 5.9230771661e-02 1.6095395917e-02
2.9182091746e-02 -1.8908581048e-01 -2.3675891865e-02
1.7694367667e-02 -6.7998509214e-01 -1.6519278608e-01
1.2509710814e-01 -3.2087905617e-01 -1.1007651424e-01
2.2474402170e-01 1.4380475443e-01 1.4244733700e-01
-2.1171824337e-02 -2.9904336073e-02 -3.6995503590e-04
9.8652521515e-02 -5.3213617645e-02 2.5102354430e-01
-5.7538432374e-02 -9.2358281598e-04 -1.9033978909e-02
-5.2752770184e-01 2.1510605961e-01 -6.4339584917e-01
-4.9479716714e-01 2.2385236055e-01 -5.1466870059e-01
-7.8590953120e-02 1.8856351435e-02 -9.7342618769e-02
6.3688753029e-02 -9.0831897353e-02 5.3057189336e-02
1.3841188776e-01 -3.9853314387e-02 9.3181262073e-02
3.6199109507e-01 8.4883920987e-02 1.8645904887e-01
5.9311381529e-01 3.6472934748e-01 1.1259667126e-01
4.4816039690e-01 4.1576472695e-01 -2.4776461005e-02
5.0152203749e-02 -8.8827394728e-02 3.6966598667e-02
-9.2767756828e-02 -4.0669443625e-01 1.0800922200e-01
-1.8531203232e-01 -3.3235278435e-01 5.2459186217e-01
-4.6677797730e-03 1.6279513480e-01 4.6483372931e-01
-2.8549691648e-02 4.2182892186e-02 1.7276041794e-02
1.0088969649e-01 -5.6403863563e-02 1.8717853791e-01
-3.3137663231e-01 1.2084638008e-01 -5.3852751052e-01
-5.0810060345e-01 1.6543350942e-01 -6.9363434485e-01
-8.5791135494e-02 9.3410020636e-03 -1.4798208158e-01
1.1171732723e-01 -8.9011393795e-02 6.7707949100e-02
2.1066394250e-01 1.6219503319e-02 1.1579782927e-01
5.9006658151e-01 2.5109337966e-01 3.6975856707e-01
1.2680540130e+00 5.6662059373e-01 5.4327745076e-01
1.4765728439e+00 9.0559646974e-01 1.9769088254e-01
8.5951178746e-01 6.9097848396e-01 -1.2377539837e-01
3.1687797682e-01 6.5279858230e-02 -5.9816448776e-04
4.9145567315e-01 -1.5410534758e-01 3.4509970415e-02
-7.8374376785e-02 -9.9368788771e-01 4.7154511401e-01
-2.6763907321e-01 -6.4308903203e-01 3.4013058859e-01
-4.1524154733e-02 -7.0754757862e-02 1.3717855639e-02
-5.7542733560e-02 -9.2837630638e-02 3.4928490169e-01
-4.0701394377e-01 -3.1877250849e-01 1.1425757230e-01
-2.0455007823e-01 -2.0844748107e-01 -1.8900742697e-02
2.0569806199e-01 9.9981465064e-03 1.3141899906e-02
4.6806426220e-01 7.0396526201e-02 1.3981936459e-01
8.7774915161e-01 3.0918433584e-01 3.8485934803e-01
1.0950706307e+00 4.3317460681e-01 6.3455480770e-01
1.1411673302e+00 4.4650391907e-01 5.3904539910e-01
8.5499524112e-01 4.3095864863e-01 1.0918204161e-01
4.0918144021e-01 2.2994895273e-01 -1.5725731934e-01
2.0431660775e-02 7.8718324774e-02 -5.1701466787e-01
8.6579601943e-01 1.9937047222e-01 -6.9964291977e-01
1.3371017322e+00 -4.5163877472e-01 -6.0704860331e-01
2.5825147118e-01 -4.6682095955e-01 -1.1665615932e-01
-1.5460839854e-02 -5.5362166787e-02 4.8853794651e-02
-2.1528286776e-01 -8.2287963481e-02 4.5129179171e-01
-4.3320784968e-01 -4.5401814048e-01 5.3231296054e-01
-3.7784389595e-01 -2.8618170249e-01 1.6422385052e-01
-2.0811763332e-01 4.8957930956e-02 -5.0136433762e-02
3.6044070221e-01 1.5174254491e-01 1.1651425502e-01
6.3282844397e-01 2.0855101003e-01 2.1812791075e-01
4.6991411617e-01 1.5359283941e-01 1.8181055008e-01
2.2400966148e-01 2.2035052395e-02 3.3577069235e-02
3.7583591340e-02 -4.3907683733e-02 -4.4987101396e-02
1.3409368253e-01 -5.3884510318e-02 2.7882354751e-03
-1.7308555907e-01 2.1478384758e-02 -5.6285701506e-01
3.2122049979e-01 -2.5943622717e-01 -2.4957645062e-01
2.4800718950e-01 -7.6204428645e-01 2.4155818839e-02
-2.5233197499e-01 -2.8455665145e-01 -2.7490009445e-01
-5.3887805260e-02 -5.8027568468e-02 -2.3487748687e-02
-2.8969728074e-02 -7.2606963807e-02 2.9647232451e-01
2.5533209401e-01 -3.0999906788e-01 6.1158168693e-01
2.5185651885e-01 -2.1593167385e-01 -3.0094162343e-01
-9.3160161615e-02 -5.1391883925e-03 -2.6735134152e-01
1.2201844944e-01 4.8501984355e-02 1.0151245078e-02
1.4739521038e-01 3.4160833061e-02 -5.2784397816e-03
7.2679206050e-02 6.8478891044e-02 -1.1226836477e-03
-8.8747098634e-02 6.1248474820e-03 1.7713682970e-03
-1.2134512474e-01 -5.4577317968e-02 -1.1249496111e-02
1.5558128208e-01 7.0510140664e-03 2.5623383224e-02
2.6207962430e-01 9.4672404552e-02 -2.6886674763e-01
9.4184970098e-01 -4.3378285046e-01 -1.0875219763e-01
5.7664410264e-01 -7.8428687546e-01 6.4368841245e-02
-1.3355711956e-01 -1.3122396797e-01 -1.3516760705e-01
-5.5282805120e-02 -3.2029447631e-02 -8.0630740148e-02
-8.9752728840e-02 -1.1126675891e-02 1.9880292446e-01
-3.2853958850e-01 -6.7274856386e-02 6.4458306962e-01
-4.9868509214e-01 -3.0646695800e-01 1.4321780140e-01
-1.0647392176e-01 -1.9716939603e-01 -1.9777855979e-01
7.3507995442e-02 1.4692807717e-02 -6.2749693140e-02
-3.4907790551e-02 2.1533412178e-02 2.4668091971e-02
-7.2046417266e-02 3.1887077587e-02 4.8390834012e-02
-1.3191742354e-01 -3.4883368376e-02 6.9637783552e-02
-1.2606741498e-01 -5.7072974948e-02 3.1403517728e-02
-6.8055668945e-02 -4.3783841975e-02 -5.5329824996e-03
-6.2782483225e-02 2.5609244168e-02 -5.8775789789e-02
8.2979388563e-02 -2.0363761244e-01 -1.8085408567e-01
1.2684664392e-01 -3.3637268148e-01 -4.2051076163e-01
-3.2596333119e-03 -1.3056947231e-02 -3.3309162130e-01
-2.5546076839e-02 -4.6801494714e-02 -7.1847066796e-02
-6.3027451412e-02 1.6799273009e-02 6.3501816346e-02
-4.3572689070e-01 -1.3507785620e-02 2.1603802487e-01
-1.0006582780e+00 -2.9976753895e-01 6.3920257284e-01
-3.1917838966e-01 -4.1604019680e-01 1.5666533361e-01
-2.1249422086e-02 -3.0831870606e-01 -1.9477450244e-01
-2.6242353960e-02 -4.7820529911e-02 -3.5626469329e-02
-5.8403631301e-02 -1.7732023345e-03 4.2319058065e-02
-1.1493009532e-01 -4.4240245385e-02 7.2937879964e-02
-8.0370136751e-02 -8.2832064920e-02 3.4534148618e-02
-4.9904515433e-02 -3.8554865832e-02 -2.0440567032e-02
-1.5859221055e-02 1.5344033912e-02 -4.6479719754e-02
-6.3063275779e-02 -3.9003278003e-01 8.9203479374e-02
-3.0788443936e-02 -6.3033210183e-01 2.2879518890e-01
4.5584010226e-02 -9.4446857059e-02 -3.2662315361e-02
-1.0488747631e-02 -4.3160306174e-02 -5.2519301562e-02
-7.5046380153e-02 3.0391033025e-02 7.2881273914e-02
-1.0547745755e-01 4.2536815405e-02 1.2078055888e-01
-3.4181600456e-01 9.3496467345e-03 3.0714984550e-01
-3.3531766192e-01 -1.6665309884e-01 1.9472845856e-01
-3.0941997582e-01 -2.5573433274e-01 5.5094176726e-02
-1.8594692375e-01 -1.4131053416e-01 -9.3980920829e-02
-5.7968674276e-02 -6.4243175188e-02 4.3739009865e-03
-6.8405077786e-02 -5.9315058709e-02 9.0608070883e-02
-7.4986956667e-02 -5.7830108853e-02 7.3514645110e-02
-1.0575377920e-02 -1.4421764379e-02 2.2399511239e-02
-2.6084195087e-02 -7.1196170858e-02 -5.6667461120e-03
-2.1760755835e-01 -8.6767758054e-01 5.6356415246e-01
-2.1418883800e-01 -1.2918004274e+00 7.7097200845e-01
1.0228035509e-01 -2.8009496408e-01 1.1271471745e-01
-3.6683712700e-03 -3.2249553140e-02 -3.4679136523e-02
-9.5180482780e-02 4.2651558814e-02 7.4312147862e-02
-5.2859728550e-02 4.1900213611e-02 8.2639697046e-02
-8.5261903152e-02 5.0304162904e-02 9.1297777375e-02
-1.7235060459e-01 4.6502397755e-02 7.3630728475e-02
-3.0388470202e-01 4.6518108776e-02 4.5222852139e-02
-4.1643778875e-01 -5.4912615727e-02 2.1913087791e-01
-1.8072822046e-01 -9.5695139919e-02 2.4148704800e-01
-8.1390071145e-02 -8.0181788921e-02 1.2655983470e-01
-1.0157300817e-01 -9.1762229980e-02 1.1336089446e-01
-4.3556687395e-02 -6.9375669195e-02 2.6565091852e-02
4.4820418518e-02 -1.2188935249e-01 1.3728596106e-01
-2.8158661239e-01 -5.0726613165e-01 3.9442677336e-01
-6.6545169302e-01 -7.2795340102e-01 -4.5804626400e-01
3.0771322311e-03 -1.7332657689e-01 -3.7649940576e-01
-1.5573036149e-03 -3.7150851027e-02 -4.0244240937e-02
-9.1571998498e-02 3.0541240747e-02 8.2419239741e-02
-6.7297487254e-02 4.4593925925e-02 7.6990587643e-02
-9.1843729610e-02 3.1624805226e-02 9.5749351333e-02
-7.6620656181e-02 1.9430574379e-02 7.6329455639e-02
-1.2419291357e-01 3.8489121135e-02 6.6291182206e-02
-2.9755022240e-01 1.4548894908e-02 3.7277124940e-01
-4.8141976842e-01 6.9536167761e-02 6.6070094286e-01
-7.5859169476e-01 -4.2968577818e-02 6.0736348301e-01
2.2323852735e-02 -1.5550864459e-01 2.5934451040e-01
7.0269646820e-01 -6.9202156525e-02 6.6679762038e-02
2.4144605197e-01 -6.1408171190e-02 1.0623917087e-01
-3.3793587283e-01 -2.3408501060e-01 -2.5005769507e-01
-7.8661282796e-01 -2.0862886824e-01 -1.0325351529e+00
-1.5617787437e-01 -4.6080740164e-02 -3.8193077280e-01
-4.0423769171e-02 -2.3999590397e-02 -2.4561983902e-02
-8.0864674703e-02 -1.1492696744e-03 9.0627918474e-02
-4.5689710255e-02 -1.5335080419e-02 4.9702577783e-02
-7.3174613086e-02 -3.3839477799e-02 8.7357524778e-02
-8.4787750613e-02 -4.9311975690e-02 5.3611754067e-02
-5.5661186056e-02 -4.9447125687e-02 4.0549434560e-02
-9.3713929110e-02 -2.2652047715e-02 6.6287717702e-02
-4.6854020650e-01 2.6282153745e-02 4.0923967611e-01
-1.2574625332e+00 -1.8229178515e-01 9.4894225137e-01
-1.6613426135e+00 -5.1574588069e-01 8.3395216846e-01
-1.7146640506e+00 -5.7708988754e-01 3.4265692936e-02
-1.5103844045e+00 -4.0278904691e-01 -6.0440483724e-01
-8.3444793993e-01 -2.9367984993e-01 -6.5191246299e-01
-3.8952772936e-01 -9.8798597938e-02 -4.0132541875e-01
-5.7008091552e-02 -4.2195292132e-02 -8.4403103709e-02
-2.2912579499e-02 -5.6552452711e-02 1.5457377874e-03
4.2725781357e-02 4.6130522850e-02 3.8327455121e-02
5.8326335751e-02 6.5129819552e-02 7.3267257608e-02
9.2352404357e-02 3.4682177143e-02 6.9261292065e-02
1.3749456145e-01 2.8341467549e-02 6.8544322814e-02
2.0838705589e-01 -4.9573647107e-02 7.2839428691e-02
3.2647270527e-01 -1.6832154545e-01 1.1584471013e-01
5.7734559970e-01 -3.8795266913e-01 1.6545723692e-01
7.1389104787e-01 -5.5764456049e-01 1.5686276380e-01
8.6238736928e-01 -6.2718335916e-01 1.0476641253e-01
1.2950002213e+00 -7.6252296044e-01 -6.3037624528e-02
1.5891415420e+00 -8.4176274362e-01 -5.9589850907e-01
7.0279255305e-01 -4.0708614900e-01 -5.2409776801e-01
4.3958397124e-02 -1.2842710246e-01 -7.1031987007e-02
-5.3525920920e-03 -1.0556975103e-01 3.6031739273e-04
-2.5402429130e-02 -1.0230267616e-01 -2.9299796929e-02
4.7401158285e-02 4.5908528613e-02 3.8058240112e-02
2.1726239047e-02 4.4661771864e-02 8.1314327803e-02
7.5628901216e-02 -1.2498676723e-02 8.7623889787e-02
1.9693157652e-01 -7.3049603836e-02 1.4820948897e-01
4.4927750755e-01 -2.2962938235e-01 2.6860264319e-01
6.3788296515e-01 -4.0903959416e-01 2.9891862294e-01
6.6373822241e-01 -5.5825762482e-01 2.5400627932e-01
6.1143155751e-01 -6.2036915381e-01 1.9924847469e-01
5.3644521321e-01 -5.2306090591e-01 1.3787603200e-01
8.2007551645e-01 -6.0512312944e-01 6.7797113907e-02
1.5018583428e+00 -1.0260016485e+00 -8.3685401618e-01
1.3973640873e+00 -9.5325075534e-01 -1.4831538202e+00
2.8165520308e-01 -2.5934652416e-01 -4.0413564552e-01
3.6247574417e-02 -1.0596088392e-01 -3.2796074122e-02
-4.7342859248e-03 -9.9309868247e-02 -2.7368504056e-02
5.0134103793e-02 1.6882565007e-02 3.1859111572e-02
3.9761213601e-02 -4.1898800687e-03 8.3814176257e-02
1.5615172929e-01 -1.3596369756e-01 1.2179443240e-01
4.7987542707e-01 -2.9006471779e-01 3.0842573022e-01
6.4990143270e-01 -3.9238514119e-01 3.4265575047e-01
3.5474911510e-01 -2.7291807150e-01 1.5454719032e-01
1.9556105427e-01 -2.5764824288e-01 7.6419304195e-02
1.9177263074e-02 -1.8510287106e-01 7.0380571490e-02
7.5999570259e-02 -2.2143755136e-01 -4.7329588674e-03
1.9478679764e-01 -3.6184718148e-01 6.6261558779e-02
3.3882992883e-01 -5.9989700085e-01 -1.8467859571e-01
9.7026289928e-01 -9.9415068480e-01 -1.0868555771e+00
8.7629168659e-01 -5.7624557244e-01 -9.0738247815e-01
2.4676309550e-01 -1.1831348596e-01 -2.4403498272e-01
-1.1998981121e-02 -8.4862023209e-02 -6.8742853807e-02
6.5400894588e-02 1.5651300496e-03 6.6468223412e-02
1.0625073248e-01 -6.8687082243e-02 1.6613213454e-01
3.1649332523e-01 -2.2797113949e-01 2.9415967229e-01
3.8862298066e-01 -2.9597749622e-01 2.9251501979e-01
5.0548475497e-02 -3.8748000708e-02 -4.7347119225e-02
-1.5694803303e-01 1.3840621869e-01 -1.5765315733e-01
5.9884614570e-03 2.3135303242e-02 -3.8876209121e-02
-2.1959513887e-02 2.8468671365e-02 4.8676294787e-02
5.1773055029e-02 -7.0054113663e-02 -4.0943929366e-02
1.1729978033e-01 -2.8236239431e-01 2.6726664759e-02
-3.0328692358e-02 -4.3855543886e-01 1.8164009540e-01
5.2020222877e-01 -8.1740050377e-01 -2.9943105688e-01
1.8600664065e+00 -8.7258065225e-01 -1.2813270793e+00
1.1051399276e+00 -2.3537908495e-01 -8.1457093588e-01
5.1887012833e-02 -9.0968907996e-02 -1.5692860387e-01
1.7737013545e-02 -3.8626736757e-02 1.1340306939e-01
8.0282192312e-02 -9.6520211939e-02 1.9751961834e-01
1.0205600089e-01 -1.1144723743e-01 1.2479065651e-01
-2.0281672897e-01 8.6533712559e-02 -2.0794009443e-01
-4.5941989945e-01 4.2228877557e-01 -4.4887637663e-01
-3.3190445789e-01 4.2092700742e-01 -2.5458189724e-01
-1.9061696865e-02 3.0502952031e-01 3.3118522312e-03
2.1864315658e-01 4.8765594330e-01 2.3893053434e-01
3.1663906396e-01 5.9822356908e-01 2.1629530687e-01
2.0663369002e-01 4.7222428700e-01 1.7763845116e-01
-4.4633843928e-02 -1.7703226628e-01 2.5538355592e-01
7.8054606808e-02 -5.4783094598e-01 7.2634023580e-02
6.4854799547e-01 -3.2418641545e-01 -4.5218163467e-01
7.0434236466e-01 -1.2456223501e-01 -4.7261221985e-01
1.0942777563e-02 -7.8736829858e-02 -1.2882406512e-01
3.1118654869e-02 -5.0718095264e-02 1.5055311436e-01
-2.3869670283e-02 1.1153773177e-02 3.0280119382e-02
-2.9709196069e-01 1.6003749331e-01 -3.1407410235e-01
-4.7875090745e-01 4.0959144814e-01 -4.4990055344e-01
-3.0834341696e-01 5.3070655762e-01 -3.5834870747e-01
-1.2385781622e-02 4.1622655947e-01 -3.3766958168e-02
4.5002274097e-01 7.2411695397e-01 3.9694960456e-01
7.4564744019e-01 1.1560959114e+00 6.7873220848e-01
6.8371448326e-01 9.3258449484e-01 3.7569808512e-01
5.3489383722e-01 6.6603508773e-01 1.7168230720e-01
1.1202716580e-01 -4.1597679016e-01 3.5088425361e-01
1.0402820796e-01 -5.4985902259e-01 1.9152625269e-01
-9.2731778060e-02 -3.1844002953e-02 1.3247584590e-01
-8.7835070097e-02 1.3153988751e-02 1.5215325842e-01
-7.3028512409e-02 -4.4074918936e-02 -2.6858895505e-02
6.5504200998e-02 -3.0839612562e-02 8.7656619810e-02
-8.5140604570e-02 1.4437764987e-02 -1.1989128188e-01
-2.1929029801e-01 6.3010534320e-02 -2.1859875692e-01
-8.2037498839e-02 4.1362818243e-01 -2.0039407716e-01
9.1797341621e-02 3.8101992433e-01 -6.7322298970e-02
4.2794203353e-01 4.7516389401e-01 2.6225392273e-01
1.0022049469e+00 1.0726791805e+00 7.3233263948e-01
8.4014349343e-01 8.0909302479e-01 6.0373051619e-01
5.3375759420e-01 3.5981474747e-01 1.3416210376e-01
4.1796033853e-01 3.2637934545e-01 1.0546274632e-03
6.7492516303e-02 -1.9686026312e-01 1.3959439495e-02
6.9761823927e-01 2.7252698189e-01 -7.7154669555e-01
5.7930795646e-01 2.9044966767e-01 -9.1431556542e-01
-1.4202715628e-02 -1.4780765096e-01 -1.1968838369e-01
-4.9430257247e-02 -7.4001747744e-02 -3.7481458868e-02
1.0903666888e-01 -1.2906709775e-02 2.7075792763e-02
5.6964555328e-02 -1.3561667792e-01 8.4273598344e-03
2.2162436833e-01 -9.5334313064e-02 9.4849531126e-02
4.2047935448e-01 3.1300443678e-01 -6.4056604982e-02
4.5299797805e-01 1.5744437062e-01 1.0838351555e-01
8.5023401642e-01 4.9046628655e-01 3.9403404055e-01
7.9335847928e-01 5.2470357768e-01 4.6869395302e-01
4.6315434353e-01 1.8336579512e-01 2.0479720203e-01
3.6910900739e-01 1.3447609297e-01 4.2906825326e-02
1.6214072576e-01 2.7246789407e-02 -1.9767486873e-01
-3.9505628611e-02 -1.3987808452e-02 -9.6657052145e-01
5.1157298376e-01 1.7542272900e-01 -1.6721250183e+00
1.1473490121e+00 -2.4772461849e-01 -2.2769496665e+00
2.9790236775e-01 -2.4059608936e-01 -6.2168040494e-01
-4.6283769489e-02 -5.9357895398e-02 -4.5042481030e-02
7.8545207931e-03 4.0075115559e-02 2.6686849930e-02
1.9087219452e-02 -1.1885671057e-01 3.5837897293e-02
2.1814989742e-01 -1.3206761951e-01 4.3826872645e-02
2.5094646182e-01 4.2891668566e-02 -5.0162177803e-02
2.3687669109e-01 -8.3349553542e-03 7.9578475267e-02
3.2863675324e-01 9.1678109465e-02 9.2248855507e-02
1.7484264228e-01 1.5494199585e-02 2.2642788159e-02
2.8073959891e-01 1.0922995943e-01 -8.7518412912e-04
2.2794155732e-01 1.2687123648e-01 -1.6308972926e-02
1.3495702497e-02 -8.4335680167e-02 -2.1020062779e-01
2.2626452690e-01 3.9369546606e-03 -1.0203996801e+00
6.8820222314e-01 -3.1709827514e-01 -8.6371920450e-01
3.6589215752e-01 -1.1739314234e+00 -4.8391539828e-01
-2.6316982687e-02 -3.8266331334e-01 -2.3315937197e-01
-6.7179079680e-02 -5.4743144953e-02 -4.5407343441e-02
-5.7175350735e-02 -3.6537935771e-02 1.5076664190e-01
-1.2834089191e-01 -1.8155872339e-01 3.8157579297e-01
-4.2334048470e-01 -2.3333808609e-01 -3.3498175591e-01
-4.6426992784e-01 -1.9561723208e-01 -2.4059267121e-01
-2.0639008268e-01 -8.8335404555e-02 -6.5293942996e-02
-1.5163682960e-01 -7.9679607969e-02 -5.6928179203e-02
-9.0576814399e-02 -6.8893359014e-02 -2.9971018159e-02
-2.5373706557e-03 -4.0549718907e-02 1.5308204563e-02
-3.4620046724e-02 -8.7592893508e-02 -2.6020657817e-02
-6.0161150333e-02 -8.1061068204e-02 -4.3253840662e-02
2.4869095254e-01 8.3887550456e-03 -2.9237684877e-01
8.4255152717e-01 -6.0008898638e-01 2.3426593654e-01
4.1252236597e-01 -1.1184751372e+00 1.1256901913e+00
-1.4095087691e-01 -1.6626461025e-01 3.5605173329e-01
-7.0869198086e-02 -1.0919234993e-02 -8.4396503177e-02
-6.3454177796e-02 -1.5713706234e-02 9.2385415938e-02
-3.1636576238e-01 -1.7556435760e-01 1.8571140257e-01
-7.3621464546e-01 -5.6032898890e-01 6.8661889392e-02
-3.2534974392e-01 -2.2216590638e-01 -9.1488882345e-02
-3.5610845947e-02 5.2125961377e-02 -1.5172295134e-01
-1.0942368300e-01 1.1408367806e-02 3.0761258213e-03
-9.8204210897e-02 -2.4305966554e-02 3.7421547024e-02
-1.1513528800e-01 -7.7688474952e-02 5.9079260400e-02
-1.0867822071e-01 -1.1915455313e-01 2.2977828706e-02
-9.6990405231e-02 -9.3991967311e-02 5.7460354849e-04
-9.5434457674e-02 -4.8756846049e-02 5.8769872864e-03
1.0874058154e-01 -5.2960465524e-01 3.4524064898e-01
1.6111924981e-01 -6.7199754522e-01 6.2077465289e-01
1.0908268806e-02 2.0193608391e-02 8.1641965953e-02
-3.2036827513e-02 -1.3091059115e-02 -8.4393478116e-02
-4.0777804830e-02 -3.6093006580e-03 3.6592986329e-02
-2.6948944625e-01 -1.1800908001e-01 1.2879232376e-01
-8.4890073427e-01 -5.8867475045e-01 5.6222133457e-01
-4.3565819349e-01 -4.0878952068e-01 1.4429355420e-01
-2.4538002013e-01 -1.8412012873e-01 -6.6069877487e-02
-1.3523367642e-01 -1.6919321219e-02 -5.3084005842e-02
-7.1808353934e-02 -2.0854584169e-02 -5.0088037729e-03
-1.3145896012e-01 -8.6984535548e-02 3.6223449761e-02
-1.0821421058e-01 -1.2219455888e-01 -1.9159451195e-03
-8.9591268761e-02 -9.7796322624e-02 -2.7032803061e-02
-6.5986794852e-02 -6.9583891663e-02 -3.7957840354e-02
1.3604711825e-01 -4.7781348453e-01 4.2761715074e-01
3.3252110914e-01 -6.7172831620e-01 9.7423389052e-01
1.7629027016e-01 -5.5460140886e-02 2.4514882165e-01
-1.5193768378e-02 -2.6289055657e-02 -6.7012826114e-02
-5.9479388568e-02 7.6279739524e-03 5.7176176088e-02
-8.1149359760e-02 7.6007103049e-03 1.0339322178e-01
-2.7729645294e-01 -1.2479474854e-01 2.5301194866e-01
-4.4422291016e-01 -3.4485887039e-01 2.9018333239e-01
-5.4511452218e-01 -5.1112838997e-01 2.7436682496e-01
-2.4731617417e-01 -2.0317881518e-01 4.9923439378e-02
-4.6940807703e-02 -7.8961408851e-02 2.0523216214e-02
-5.4537372246e-02 -9.6400618656e-02 1.1764744569e-01
-6.7138208652e-02 -1.0169133475e-01 6.1700246460e-02
-3.8925442090e-02 -1.0693361180e-01 2.5245383854e-02
-3.3564247202e-02 -1.1743938222e-01 -6.0165522027e-02
5.1838759551e-03 -6.2054548428e-01 2.0750322395e-01
1.1168365267e-01 -8.8194832903e-01 3.3387396486e-01
1.8009066609e-01 -2.0941808659e-01 -1.4127223160e-01
-8.1618800738e-03 -3.0250527530e-02 -6.5393685008e-02
-8.1189939845e-02 9.8708268012e-03 5.1623261823e-02
-4.7169091616e-02 3.8367456563e-03 6.6632907910e-02
-6.4250394399e-02 -1.8790574278e-02 1.0547955454e-01
-1.5419814212e-01 -9.5161871679e-02 1.2908633641e-01
-3.6677756192e-01 -2.4084823408e-01 1.7162056207e-01
-5.3725985245e-01 -3.3544508679e-01 4.5951395622e-01
-3.5674858323e-01 -4.5575213820e-01 4.7736293429e-01
-1.5024454744e-01 -2.9499988505e-01 2.9357435544e-01
-6.1581435729e-02 -2.1227194495e-01 1.8429348213e-01
9.9693552889e-03 -1.5535329221e-01 1.4079426406e-01
2.0741463238e-01 -1.6858143515e-01 8.5614700762e-02
5.0315058627e-02 -3.7206051508e-01 -1.7613834134e-01
-5.1936445596e-01 -5.9376031972e-01 -1.4115980296e+00
-5.8856047332e-02 -1.5775938279e-01 -7.3080364453e-01
-2.7261106259e-02 -4.8622853713e-02 -7.0923218673e-02
-7.6385119351e-02 -4.4056532598e-03 7.9657116458e-02
-4.7325995202e-02 -8.4736373411e-03 9.8106642332e-02
-6.4545197570e-02 -2.0910232893e-02 1.0721013828e-01
-6.3528983734e-02 -3.7334320375e-02 9.8888326387e-02
-1.2896997933e-01 -5.1560160954e-02 1.0432475864e-01
-3.3228893367e-01 -2.2479624391e-01 4.8485382379e-01
-6.5090333645e-01 -5.7350046156e-01 8.8533774994e-01
-8.4663352159e-01 -6.6674019519e-01 7.3485567361e-01
-4.3614794126e-01 -5.4867610976e-01 4.9128101304e-01
-5.7215667250e-02 -3.2045500407e-01 2.5020350939e-01
-1.5786117165e-01 -3.5130405237e-01 -3.8461717103e-02
-4.7594341251e-01 -5.0078912744e-01 -4.1287873177e-01
-5.5379067625e-01 -3.9110161720e-01 -9.7091096104e-01
-1.3646429536e-01 -9.0091075848e-02 -3.6434609319e-01
-4.5482284844e-02 -3.7408527038e-02 -4.1899262285e-02
-6.0297504611e-02 -2.1848237399e-02 8.0607451052e-02
-2.9466785939e-02 -5.3321784884e-02 7.0908146697e-02
-3.9851916674e-02 -8.2006777236e-02 1.0922933299e-01
-5.6996056849e-02 -1.0052858553e-01 7.9421568270e-02
-3.9410148505e-02 -8.0742037513e-02 5.5076113501e-02
-7.7985549833e-02 -7.9979473880e-02 7.4594871198e-02
-3.9191327511e-01 -2.2072146179e-01 3.4653966606e-01
-1.0105200522e+00 -5.9325392959e-01 7.1216310052e-01
-1.3436325907e+00 -9.5157704110e-01 7.3144886699e-01
-1.3353597105e+00 -9.7630111251e-01 1.8757219780e-01
-1.1256497709e+00 -7.6947926041e-01 -3.1206560847e-01
-8.2956531074e-01 -5.1475401115e-01 -4.6073858340e-01
-3.1091538167e-01 -1.5936983465e-01 -2.5796297065e-01
-4.9446510909e-02 -5.2409033412e-02 -7.8657123353e-02
-3.9727966513e-02 -5.8502558141e-02 -1.9259135757e-02
1.3765957659e-02 5.3780392053e-02 4.6473395384e-02
1.6448933796e-02 6.4101702097e-02 7.1746692596e-02
1.2915884053e-02 4.1354151125e-02 7.7890947903e-02
6.2992852814e-02 9.2648094206e-03 5.5339256934e-02
1.0809915715e-01 -2.5646756300e-02 3.1038821542e-02
1.0510050877e-01 -5.7654382645e-02 2.0178677943e-02
1.6038072394e-01 -1.3418514219e-01 3.4869289984e-02
1.5155866567e-01 -1.8296407611e-01 2.2014697864e-02
2.9207964235e-01 -2.4423018320e-01 4.7114555761e-03
4.6620351132e-01 -3.7633390278e-01 -3.6540013979e-02
5.6555237687e-01 -4.9636546627e-01 -1.9083494031e-01
1.9033080890e-01 -2.9442473272e-01 -1.3212374015e-01
-2.3093781545e-02 -1.2622053122e-01 -8.8457193934e-04
-2.1015730148e-02 -1.2457615104e-01 9.8122975145e-03
-4.0246201117e-02 -1.1597675935e-01 -1.6498100183e-02
1.3818091243e-02 4.8943398074e-02 4.3970146771e-02
6.7582444841e-03 5.2955579245e-02 6.7561815884e-02
1.2275027841e-02 1.6236892550e-02 8.6557241903e-02
7.0218950562e-02 -3.7905382080e-02 8.2855647769e-02
1.3606137189e-01 -6.7921121171e-02 8.8842348835e-02
1.4663095804e-01 -1.2967185097e-01 9.5236272100e-02
1.9961748802e-01 -2.2711160095e-01 1.0215022482e-01
3.3686376521e-01 -4.0927589891e-01 1.0809682117e-01
5.1674941759e-01 -5.6803765234e-01 1.3690446709e-01
8.4500816065e-01 -9.5483889543e-01 1.3471199987e-02
1.2559439440e+00 -1.4289366721e+00 -6.2462042818e-01
7.4546804320e-01 -9.1100864529e-01 -7.1925070434e-01
9.2625063364e-02 -2.0144406822e-01 -1.2017156945e-01
7.8319857162e-03 -1.1151648044e-01 -2.0388197852e-03
-8.6663664737e-03 -1.0142223779e-01 -1.5686805224e-02
-4.1768345449e-03 4.1611240690e-02 3.9353228049e-02
-1.2524535712e-02 2.7742907983e-02 8.6850900489e-02
5.3700550314e-03 -3.7443873125e-02 9.8669556126e-02
1.5956127055e-01 -1.3421684115e-01 1.3169648872e-01
2.5840795136e-01 -2.0761898038e-01 1.5425490267e-01
1.8469000563e-01 -1.7528750502e-01 1.0478885400e-01
1.7051192360e-01 -1.8788509525e-01 7.0454554561e-02
1.9461024963e-01 -3.0343130769e-01 1.0132444757e-01
3.1660412278e-01 -4.3823980868e-01 5.4569721084e-02
4.4433638544e-01 -7.7811379907e-01 -5.0807899465e-02
7.4052662408e-01 -1.2982842646e+00 -6.1820067136e-01
8.3577968415e-01 -1.1625523262e+00 -8.9727298905e-01
4.9766431374e-01 -4.4317036819e-01 -4.2305896911e-01
1.2375586905e-01 -1.5922312342e-01 -1.2441033944e-01
-2.8397558024e-02 -9.8351275532e-02 -4.6903873451e-02
2.5377647453e-02 2.1471788272e-02 4.8801871485e-02
4.0844248301e-02 -3.2377252564e-02 1.2424961757e-01
9.3164490337e-02 -1.0117107954e-01 1.3254469888e-01
2.0694209703e-01 -2.1075299482e-01 1.8471583086e-01
1.8343454920e-01 -1.4142137911e-01 9.4585193673e-02
2.8861751211e-02 -1.5574644338e-02 -1.3396095191e-02
-1.6400120973e-03 9.9748127889e-02 -3.0950254627e-03
8.2524466970e-02 1.1157077430e-01 1.1286182872e-01
2.0798863739e-01 -5.7895418715e-02 4.1545131034e-02
2.5660334250e-01 -4.0628897048e-01 -1.4327461338e-02
2.0837335145e-01 -4.9141088211e-01 -2.9048293959e-02
8.9045113758e-01 -7.5885802622e-01 -4.9095142255e-01
1.6455740934e+00 -8.0856113588e-01 -1.0034470301e+00
6.6567785263e-01 -3.6264524532e-01 -5.6290903239e-01
2.6236900471e-03 -1.1522812674e-01 -1.0902232254e-01
3.5049661789e-03 -1.2865844784e-02 9.8629482967e-02
2.5067203763e-02 -2.6169732093e-02 9.3457698703e-02
3.0244983934e-02 -6.0083307712e-02 6.9528607732e-02
4.1291532470e-02 -1.3177640196e-01 7.1769476303e-02
-8.3710621618e-02 1.4420800976e-01 -8.5496740174e-02
-1.5651758555e-01 4.8897430276e-01 -1.3340538164e-01
6.6360022320e-02 6.7788702473e-01 8.9454253603e-02
3.1697567425e-01 8.2745260221e-01 3.8351111500e-01
2.9554224466e-01 5.4839209014e-01 2.3488156720e-01
2.5838805535e-01 6.1528716377e-02 9.4970124611e-02
1.9732932012e-01 -2.3272452971e-01 5.1130453335e-02
6.3805059483e-01 -6.8249743026e-01 -3.2378147300e-01
1.0770449377e+00 -2.2707037710e-01 -8.3040222909e-01
4.8089757390e-01 -1.1936682359e-01 -7.2702693341e-01
-2.3592103694e-02 -9.9774087754e-02 -1.5900447533e-01
1.7032912070e-02 -3.4748500176e-02 1.1078109744e-01
-1.7632505448e-02 -1.5164629769e-02 2.7534996883e-02
-5.6016663443e-02 -7.4201054472e-02 8.7140325047e-03
-3.3450228786e-02 1.6659710527e-02 9.9676306778e-03
-3.4860917800e-02 6.5800387234e-01 -1.7576857261e-01
1.3746967955e-01 9.3921733198e-01 6.9679196461e-02
5.7775180063e-01 1.1115618207e+00 5.2419082999e-01
6.0271374992e-01 1.0184891184e+00 6.0493725738e-01
2.6935465549e-01 3.0295763490e-01 2.0268278090e-01
1.3210335742e-01 -1.7306614235e-02 -5.0941091068e-03
-5.2217174798e-03 -5.6309937767e-01 -1.7705961077e-01
6.3271980187e-02 -9.5705909705e-01 -3.9107004168e-01
-3.0637890151e-02 2.6683853899e-01 -6.1065568502e-01
-1.0068474593e-01 3.5657561434e-01 -4.8656231812e-01
-6.7037014377e-02 -3.3115718616e-02 -1.1084589357e-01
4.8253403729e-02 -5.1984522889e-02 1.2736122824e-01
3.9981269892e-02 -7.9915536734e-02 9.2338240543e-02
8.2521142205e-02 -1.0412947767e-01 1.5381388381e-01
1.8863496223e-01 4.2305624882e-01 4.2595413401e-02
3.7174616584e-01 8.0770818816e-01 1.1587720881e-01
5.4636730604e-01 8.1956745020e-01 3.8351182148e-01
6.4511761367e-01 9.2598321375e-01 4.9230132743e-01
4.3097632909e-01 5.3906795237e-01 2.7740544286e-01
2.2911928880e-01 6.1174044854e-02 1.7827274371e-02
2.2473994056e-01 8.1531077018e-02 -1.1411468073e-01
-2.6059180124e-02 -6.3011588948e-02 -7.2731442256e-01
1.5077470574e-03 -5.7215274045e-01 -1.3086730883e+00
-2.2414379399e-02 -1.4969177388e-01 -1.5378308812e+00
-7.6104124718e-02 2.1986768282e-01 -4.3205715062e-01
-4.2135180778e-02 -2.9472468147e-02 -5.4815676446e-02
6.0942618544e-02 -3.7690510335e-02 8.8393527897e-02
1.4191730438e-01 -1.2494565351e-01 1.7357944761e-01
3.4438595297e-01 -9.9466908057e-02 3.1973496908e-01
3.6624189566e-01 5.9565047574e-02 3.0993068433e-01
4.0117763788e-01 1.2402686783e-01 3.5567161013e-01
4.8236313068e-01 4.4365875001e-01 2.5354823473e-01
3.7378284552e-01 4.0380608280e-01 2.0612190196e-01
3.0884647013e-01 2.1839048285e-01 6.1418328486e-02
4.4358284138e-01 2.4504343833e-01 6.9357972441e-02
4.3784181202e-01 2.2913220310e-01 -1.4870776775e-01
2.8613825104e-01 1.8244426209e-01 -9.1304237919e-01
-2.6840753937e-01 -8.1921904964e-01 -9.0399693468e-01
-2.3585986927e-01 -1.2123945063e+00 -1.9035433776e+00
3.8274668939e-02 -1.4420841277e-01 -4.9800995878e-01
-4.5215672772e-02 -5.2272369719e-02 -2.3143175359e-02
-9.8630745729e-04 -1.1059788332e-02 7.0902813720e-02
1.7247609063e-01 -1.7577687669e-01 2.1952041406e-01
4.6867147250e-01 -6.1714390523e-01 7.1405390243e-01
1.1559568928e-01 -3.6033472656e-01 2.9306020654e-01
1.1936043593e-02 -6.6520197334e-02 -2.8365594506e-02
1.6103812115e-01 6.6665925487e-02 -1.2532945538e-02
1.5927041955e-02 4.3559246455e-02 1.7481060804e-02
9.0091891759e-02 2.2792660485e-02 3.1387367809e-02
2.0223278130e-01 9.4105691566e-02 1.8386563721e-02
1.5712993237e-01 2.2815219720e-02 -8.8806080791e-02
2.5907555813e-01 1.7773466892e-02 -4.5854620863e-01
2.2752000433e-01 -5.5839244690e-01 -5.5622046941e-01
5.3876093245e-01 -1.0399175335e+00 -1.5544206036e+00
2.0725660071e-01 -2.4433470319e-01 -6.6675152633e-01
-4.2875116302e-02 -4.7226802035e-02 -4.0756206133e-02
-3.9471752194e-02 -1.6616071944e-02 7.0564517205e-02
-6.8845491928e-02 -2.8301186019e-01 2.5677052613e-01
-1.9985392656e-01 -8.5641432769e-01 5.4817888463e-01
-1.7705220433e-01 -1.9034707020e-01 2.1103843790e-03
-4.2476558192e-02 8.5169584308e-02 -3.7225207117e-01
-8.8565602216e-02 3.5507178599e-02 -1.6397285273e-01
-1.1581856850e-01 -1.9137576414e-03 -1.5089938590e-02
-1.1786263880e-01 -7.5455474020e-02 3.2491026933e-02
-9.0979672738e-02 -1.0074116741e-01 1.3546265954e-03
-1.1627285453e-01 -9.1493783782e-02 3.3456482175e-03
1.2989003866e-02 -2.2152771078e-02 -9.2594195102e-02
5.1590848941e-01 -2.7008641212e-01 -2.2020741643e-01
7.0798942362e-01 -5.1728285350e-01 -4.2959072140e-01
1.4015429554e-01 -8.8865483390e-02 -3.9580847090e-01
-6.3204003602e-02 -1.8409840733e-02 -1.0134421220e-01
-2.8062638838e-02 -7.4407516864e-03 4.4369766359e-02
-1.2439378696e-01 -1.7501529065e-01 8.8650836251e-02
-4.8086225667e-01 -6.2405361763e-01 2.7946033092e-01
-3.0119926019e-01 -1.4065609155e-01 -1.0879009879e-01
-1.9431613052e-01 -1.4138377031e-02 -1.5170515850e-01
-1.0343254122e-01 6.0225728305e-02 -9.1651250536e-02
-8.7379968780e-02 6.3384429926e-02 -5.9439945861e-02
-1.1352277985e-01 -4.3762387434e-02 4.5844454472e-02
-1.0186246614e-01 -8.1638920262e-02 4.3902934251e-02
-1.2985285177e-01 -5.6880548679e-02 4.4578616790e-03
-1.4553888474e-01 -2.4432879167e-02 1.5038643048e-02
1.2010739293e-02 -2.9261996363e-01 2.4318314960e-01
2.5304040511e-01 -3.2821725495e-01 4.0518887483e-01
1.5090789190e-01 1.0815501767e-01 -1.2770719569e-01
-2.5737728399e-02 -1.2937747800e-02 -9.3811783562e-02
-2.7163760233e-02 -1.2913291555e-02 3.6564706728e-02
-5.7742371811e-02 -6.4547575354e-02 7.5855910535e-02
-3.1891768204e-01 -3.6743844762e-01 2.3277064983e-01
-3.6276952827e-01 -4.0711801513e-01 5.8006947073e-02
-3.4237321578e-01 -2.9298740882e-01 1.9400612071e-01
-1.4867988016e-01 -5.0931099480e-02 -1.2846748051e-03
-1.3707975129e-01 -5.3938013347e-02 -1.2259964706e-01
-1.0757812250e-01 -4.3135756550e-02 5.1473561470e-02
-7.7880412618e-02 -8.9315987016e-02 3.8283524212e-02
-1.2001303315e-01 -7.1934434966e-02 -1.0952778410e-02
-7.9199427242e-02 -8.0453490234e-02 -4.7363461060e-02
1.0056221083e-01 -3.5098390273e-01 -3.1400174858e-02
2.5537203768e-01 -3.9399786796e-01 -3.3975349239e-01
2.3235127547e-01 7.3297084064e-02 -4.1754941181e-01
-7.2722051003e-03 -2.0455388060e-02 -9.2433588237e-02
-5.6210014168e-02 -1.0759885055e-02 4.4599871960e-02
-2.4104516560e-02 -6.6413082088e-03 5.2193482071e-02
-9.1586633321e-02 -4.4971376903e-02 7.7443210907e-02
-2.3055656403e-01 -2.1071569443e-01 5.1238998060e-02
-3.6876277415e-01 -3.7155846382e-01 1.7459412401e-01
-2.3417709114e-01 -3.6967009612e-01 2.5181661800e-01
-1.9600962580e-01 -3.8389815085e-01 2.5370952522e-01
-7.7327112718e-02 -2.3020760300e-01 2.7166743901e-01
-5.1294065236e-03 -1.6068113390e-01 1.8956093416e-01
8.0852674952e-03 -8.9473116303e-02 9.9106325161e-02
1.0797795052e-01 -8.4785945205e-02 1.0564304380e-02
2.0972983484e-01 -3.4495877859e-01 -9.5227669359e-02
-6.8911275690e-02 -6.2192322229e-01 -1.2966798973e+00
4.7232909818e-02 -1.5448981067e-01 -9.1474335866e-01
-1.4184580625e-02 -3.5443528922e-02 -9.1339760952e-02
-6.9282631319e-02 -6.4051762343e-03 5.1651847137e-02
-3.7867185371e-02 -1.0996261026e-02 4.3608033863e-02
-6.7285634130e-02 -8.6022117547e-03 7.3657951977e-02
-7.3617921784e-02 -4.7307656016e-02 6.0199361044e-02
-1.5842154314e-01 -1.4849828833e-01 1.3434793653e-01
-3.2744277667e-01 -3.5885921638e-01 3.8110585870e-01
-5.7306390985e-01 -7.1494778789e-01 5.9956146345e-01
-4.7144751389e-01 -7.1913032768e-01 6.0279455818e-01
-2.6548409339e-01 -5.8270623132e-01 4.5675422963e-01
-7.7134209911e-03 -2.3613670559e-01 2.5882402250e-01
4.0739915162e-02 -2.9999099677e-01 -1.8474496947e-02
-1.4961302963e-01 -5.9402627221e-01 -2.2559076037e-01
-4.0943447806e-01 -6.2847802091e-01 -1.3395948921e+00
-1.4922618143e-01 -1.8827547361e-01 -6.9282000613e-01
-2.7141702773e-02 -5.4116696833e-02 -5.8773353838e-02
-5.9402609932e-02 -1.4533872608e-02 6.4853397489e-02
-3.5806933727e-02 -1.5282742686e-02 7.2713837203e-02
-7.1632947663e-02 -2.4365392069e-02 9.0836103663e-02
-6.0008259879e-02 -4.6269468624e-02 8.0183986818e-02
-6.7383903057e-02 -3.9464041669e-02 7.8308139733e-02
-2.1321437464e-01 -1.5426792885e-01 1.8760331744e-01
-5.4435741979e-01 -5.6012593881e-01 5.8668838688e-01
-8.2515509821e-01 -9.4772152380e-01 8.6623453944e-01
-8.8682487264e-01 -1.1056271320e+00 7.1322788488e-01
-7.0342236410e-01 -8.3593416348e-01 4.4131638707e-01
-5.7234296092e-01 -7.9360987281e-01 -8.6124028475e-02
-7.3921318548e-01 -9.2611210189e-01 -4.1050455422e-01
-4.2011714817e-01 -4.6383948986e-01 -6.1086444009e-01
-1.0251056312e-01 -1.0754626229e-01 -2.0444434043e-01
-3.9479434624e-02 -3.5517761376e-02 -3.7429863041e-02
-3.7134978655e-02 -4.0270683318e-02 7.3618448873e-02
-8.5779955819e-03 -5.1467442851e-02 5.2970633459e-02
-3.5451596818e-02 -6.8356178219e-02 9.5164491492e-02
-4.0994011918e-02 -9.6359057719e-02 7.7673517276e-02
-2.9142794329e-02 -8.7545572365e-02 5.4326017090e-02
-4.0545714636e-02 -7.9825368557e-02 5.7028053417e-03
-1.6616621650e-01 -1.8424918499e-01 1.5564585060e-01
-5.0219485789e-01 -4.9755818544e-01 3.5435182708e-01
-7.7533792028e-01 -8.3644675036e-01 4.2895434321e-01
-8.3069745243e-01 -9.1538494307e-01 2.1454809436e-01
-6.5202380022e-01 -6.9919633937e-01 -7.2000996234e-02
-4.2569246101e-01 -4.1102528343e-01 -1.9447749161e-01
-1.3091290827e-01 -1.2121878400e-01 -1.1722477267e-01
-1.1853659783e-02 -3.8290835956e-02 -6.3680071477e-02
-1.4095851305e-02 -5.3275760271e-02 -2.0257318453e-02
-1.3405125330e-04 2.3504220606e-02 6.8863957918e-02
-1.2115779771e-02 3.8023906515e-02 9.5740709334e-02
-8.0141508841e-03 1.2866517188e-02 1.0445906817e-01
1.7216806723e-02 1.0036701415e-02 8.3735469767e-02
6.2607502204e-02 -2.0342855071e-02 6.5650840448e-02
2.5494280429e-02 -1.7549675109e-02 4.3423371761e-02
5.7618933602e-02 -6.7912701003e-02 5.3515450852e-02
-1.5490219504e-02 -5.9893431796e-02 3.3372557097e-02
3.4780879316e-02 -8.5561114431e-02 1.8636920954e-02
-7.4636550042e-04 -6.9885926596e-02 1.2734109878e-02
6.3466938675e-02 -1.1229041323e-01 1.4574403746e-02
-2.5691798972e-02 -9.4927292279e-02 3.7215944821e-02
-3.9195015074e-02 -8.9397384387e-02 7.1807143119e-02
-1.8658131483e-02 -1.0189349601e-01 3.6255529119e-02
-3.4541667500e-02 -9.0071495529e-02 -5.4608811216e-03
-1.0342308245e-02 3.6081943842e-02 6.6822793282e-02
-2.1857615260e-02 2.6666383184e-02 8.7942990691e-02
-2.3299542151e-02 -1.9929912131e-03 9.6616633098e-02
2.3988573638e-02 -1.8958867363e-02 9.0376980079e-02
5.3296013055e-02 -4.6131515883e-02 8.5028795785e-02
2.8754742683e-02 -3.5138917215e-02 6.9969796903e-02
3.9044929463e-02 -1.0362938373e-01 6.8797295239e-02
4.7630431628e-02 -1.7081908249e-01 4.8987880902e-02
1.2200044571e-01 -2.4287504771e-01 6.4600522600e-02
1.4607708176e-01 -3.6307072979e-01 4.2335934550e-02
2.2027388681e-01 -4.3371547662e-01 -6.0130718524e-02
1.1755324687e-01 -2.4441520994e-01 -5.4126543323e-02
5.0053170110e-02 -1.1028553010e-01 8.5612710704e-02
4.0967687400e-02 -8.7591476531e-02 5.6612142315e-02
1.4816670165e-02 -7.4195926655e-02 1.6065576334e-03
-2.4225347505e-02 2.9762981465e-02 5.3423641273e-02
-5.0198117030e-02 2.5976298816e-02 8.9136761275e-02
-4.3145454507e-02 -2.8146426909e-02 9.1009881708e-02
4.5166194294e-02 -6.0905196729e-02 8.5673381751e-02
8.2065266301e-02 -8.6060593704e-02 6.9981751435e-02
4.3931423632e-02 -8.3846465845e-02 6.0759963804e-02
7.9660013672e-02 -1.4743023728e-01 5.8839709275e-02
1.3302542141e-01 -2.8617223521e-01 7.1342511498e-02
3.1693750285e-01 -4.3284077293e-01 7.3155884367e-02
4.1991546920e-01 -7.2369216897e-01 -7.0508957073e-03
5.8611507070e-01 -9.0459172689e-01 -2.3778097588e-01
6.3849921222e-01 -3.9659775271e-01 -2.7169215959e-01
3.3465041828e-01 -1.1156848636e-01 -1.2607293052e-01
8.2165240866e-02 -8.9887950126e-02 -2.2746783836e-02
-1.2649431538e-02 -7.4651859311e-02 -3.2202892376e-02
2.1314149591e-03 2.4106502803e-02 4.9716363312e-02
6.5593177658e-03 -6.5268211336e-03 1.0333933658e-01
2.2818680824e-02 -6.5170680018e-02 9.5033833049e-02
7.9963939668e-02 -1.0869492753e-01 1.0728940379e-01
1.2183125598e-01 -1.4567380137e-01 8.3384298626e-02
1.6637483221e-01 -1.9310385323e-01 6.4897111220e-02
2.0457405047e-01 -4.4444940602e-02 1.0040516964e-01
4.0026204332e-01 8.4577913288e-02 2.2279492666e-01
6.6402103783e-01 -4.1363477301e-02 2.5779246037e-01
7.8074865293e-01 -5.3750729687e-01 2.0515556599e-01
1.0389513981e+00 -6.5144784638e-01 2.0264402066e-02
1.6631690440e+00 -3.2706309598e-01 -6.2350338979e-01
1.4292011504e+00 -9.9224462839e-02 -1.1886809028e+00
3.2707675567e-01 -1.2705464274e-01 -3.8007730428e-01
-9.1886519199e-03 -7.7380526686e-02 -7.5869449868e-02
-4.1071054214e-03 -7.8803798791e-03 6.3581301483e-02
4.1755440260e-02 -5.1828208310e-02 1.0879671119e-01
9.5493466493e-03 -1.0265688629e-01 9.8673772746e-02
8.3369329244e-02 -2.0799374481e-01 1.6009276975e-01
1.4616228009e-01 -1.6815587485e-01 1.2954152438e-01
2.8995278483e-01 1.1842997393e-01 1.6251229111e-01
6.9839896270e-01 3.4880552960e-01 4.6475697329e-01
1.0357756990e+00 3.2792967416e-01 5.9391675696e-01
9.7857864002e-01 3.4062109685e-02 3.4667002167e-01
8.8723737234e-01 -3.4900408195e-01 2.2213394045e-01
7.7023004989e-01 -4.6289734426e-01 -1.6528493497e-01
7.5095561213e-01 -9.5650270357e-01 -8.2131518586e-01
1.2630173959e+00 -7.5929246258e-01 -1.5647833526e+00
6.5638385347e-01 -1.0837913936e-01 -1.1135387675e+00
3.4832213012e-03 -4.1031431159e-02 -1.8560519872e-01
-1.6784267223e-03 -2.5550987925e-02 9.0444256003e-02
2.6035808094e-02 -7.7584810144e-02 1.1261729073e-01
3.9538922365e-02 -1.9844392096e-01 1.6353333975e-01
1.7022339700e-01 -2.1438811715e-01 2.4828861560e-01
3.9574566577e-01 3.2675939201e-01 3.0119570991e-01
8.8707719362e-01 5.4292490497e-01 6.7559641638e-01
1.0056305382e+00 3.7813825334e-01 6.9799397175e-01
5.6072490475e-01 5.5364472474e-02 3.2563983697e-01
2.0431878226e-01 -1.5114254586e-01 6.4755111466e-02
9.6582567248e-02 -2.9552192210e-01 1.7005806696e-02
-4.7966758320e-02 -6.0451976757e-01 -6.5148152312e-01
-5.2057133508e-03 -1.5047231804e+00 -5.8524136437e-01
3.2792703694e-01 -5.8510710895e-01 -8.9252265608e-01
4.3267894869e-01 5.9771539902e-01 -1.7058365017e+00
5.6461041129e-03 6.1167805519e-02 -3.5158425067e-01
1.9962556767e-02 -4.9920233404e-02 9.8665442485e-02
6.9333315292e-02 -9.8196186921e-02 1.2662794805e-01
7.6930871328e-02 -1.8254932473e-01 1.9862678583e-01
3.9429355993e-01 8.2909645990e-02 3.7777481793e-01
8.9501987516e-01 2.9443221217e-01 8.4323605999e-01
8.3346737181e-01 3.5612161454e-01 7.5210215636e-01
3.0008165466e-01 2.6831902515e-01 2.1069274783e-01
8.3243320315e-02 3.4115273587e-02 -1.3525865460e-02
1.0136247576e-01 -4.3209973574e-02 1.0805506195e-02
5.5543307609e-02 -3.2325985683e-02 -2.9222996391e-02
-2.7653156445e-01 -2.5245217611e-01 -7.0215030182e-01
-4.4535196461e-01 -1.7562221864e+00 1.7104317307e-01
-3.9753637256e-01 -2.4153285825e-01 -5.7563965206e-01
-2.4793533593e-01 1.2062238443e+00 -1.3395300984e+00
-5.1532956666e-02 1.7675285672e-01 -3.4065541325e-01
2.4565475905e-02 -4.6632891178e-02 8.4318549681e-02
6.9703879465e-02 -1.1152542270e-01 1.3643387577e-01
7.8069566235e-02 -2.0696727829e-01 2.5541538404e-01
4.0163048993e-01 -3.4277551603e-01 7.4642525553e-01
6.0714281496e-01 -2.6121942584e-01 7.3110095734e-01
2.7265875267e-01 -1.9475556236e-02 1.3754016606e-01
7.5797524810e-02 2.4308084147e-02 1.6513710884e-02
7.0345600977e-02 2.9321947447e-02 1.5696984600e-02
1.6693505783e-01 1.7234711873e-02 2.2356223571e-02
1.6619946415e-01 3.0800667470e-02 -1.3549115013e-02
-2.9557714577e-02 1.5298427128e-02 -3.9634143823e-01
-5.6985411318e-01 -1.0931695076e+00 3.1712019416e-02
-4.0625437353e-01 -6.8460065730e-01 -3.9362840909e-01
-2.2155865639e-01 3.6285870407e-01 -3.3225333164e-01
-7.4170975480e-02 1.3559182720e-01 -1.6631900158e-01
-1.0346226972e-02 -2.1555709118e-02 7.2768854697e-02
3.0906851364e-02 -1.2686165268e-01 1.6438844065e-01
1.4505475778e-01 -5.1233419339e-01 5.4921554782e-01
1.7107052362e-01 -4.2069176654e-01 4.7726383351e-01
9.4955576079e-02 -1.2033338656e-01 -1.0359423480e-01
1.7421196521e-01 -2.3470759483e-02 -3.1704392869e-01
1.0767949943e-01 8.1840819751e-02 -9.7041900193e-02
-3.0413709714e-02 -5.8258812312e-02 -6.4384856283e-03
-3.8230121414e-03 -9.0911514000e-02 -2.3119507623e-03
3.1910764718e-02 -7.3523162193e-02 2.0897970021e-02
1.2985594051e-01 6.3312668450e-02 -2.2000881138e-01
3.0615459001e-01 -3.7708089859e-01 -9.5388983508e-01
3.5346916451e-01 -9.3336506706e-01 -1.0689852228e+00
1.0352784417e-01 -1.9533736526e-01 -3.0345321158e-01
-4.0217544994e-02 9.1369421414e-02 -1.0542074140e-01
-2.2983099543e-02 -4.0019513591e-03 5.1361170916e-02
-4.0651383413e-02 -1.0893172920e-01 1.4432283044e-01
-5.3335153224e-02 -4.5387796875e-01 4.2106851768e-01
3.1117309175e-02 -1.3225638047e-01 -2.1774601519e-02
5.7721775189e-02 1.1778982495e-01 -5.8212011284e-01
1.3262729321e-02 2.3015788191e-01 -3.9527599329e-01
-1.4245370873e-02 2.1257731808e-01 -2.1401683773e-01
-1.0711486156e-01 -3.6631908264e-02 -5.1893877179e-02
-8.9468451157e-02 -1.1196253292e-01 1.6696375023e-02
-1.2598660098e-01 -8.1752337167e-02 1.3109693323e-02
-6.2119050663e-02 -4.6523847403e-02 -2.6730590817e-02
2.3131713142e-01 -3.0373435184e-01 -4.8935561262e-01
6.0542255217e-01 -5.9106582731e-01 -1.4866224995e+00
3.6498342865e-01 -1.4175009130e-01 -9.2557301046e-01
-3.3030274531e-02 2.8296496652e-02 -1.6942174714e-01
-2.1031828066e-02 -2.7326739529e-03 5.4375336579e-02
-2.3649923928e-02 -3.1058074071e-02 7.2388485024e-02
-9.0268047771e-02 -1.3298506535e-01 9.1001223564e-02
-1.0780500636e-01 -1.2821581589e-01 -1.4503081545e-01
-1.4950106613e-01 -1.5697424014e-01 -1.6523164679e-01
-1.0489504590e-01 1.1431992535e-01 -1.3928647427e-01
-1.7248878334e-01 1.3156423355e-01 -2.3278132928e-01
-1.0730170231e-01 -2.9989807817e-02 -2.8968763890e-02
-6.3395043686e-02 -7.5290203295e-02 9.0858735959e-02
-1.1018565975e-01 -6.9558842552e-02 4.0969260469e-02
-1.2539768334e-01 -6.0210889993e-02 1.8937688065e-02
-1.0769510972e-01 -2.6019472826e-01 -1.4452572962e-01
1.3432915934e-02 -5.7187801320e-01 -1.2760800471e+00
1.8606279111e-01 -1.5526045042e-01 -1.0946809941e+00
-1.0741260169e-02 -2.3582459922e-02 -1.6745394348e-01
-3.0731169889e-02 -9.7572685172e-03 4.1475767420e-02
-1.0906457557e-02 -2.0374299450e-02 5.3396577063e-02
-3.8731631410e-02 -4.7459049887e-02 5.8777345296e-02
-9.1178163466e-02 -1.7424189053e-01 3.9995455090e-02
-9.1721747637e-02 -2.0658267823e-01 1.1184767190e-01
-1.5313605997e-02 -6.0113162686e-02 -7.0336895081e-02
-2.1756645422e-01 -2.2076001432e-01 -1.5967755073e-01
-1.4845449648e-01 -2.3224067027e-01 1.5531312495e-01
-1.6277904617e-02 -2.2216673020e-01 2.0843214341e-01
-1.0604200829e-01 -1.9478943799e-01 1.2312905880e-01
1.3357117201e-03 -4.5562056535e-02 8.5386060013e-02
5.8517993565e-02 -1.6795061340e-01 7.3753840712e-02
-1.5285957352e-01 -6.4599625436e-01 -1.2463603950e+00
3.6330633321e-02 -2.6488678459e-01 -1.1076338480e+00
-1.7574954358e-02 -3.8954134645e-02 -1.4550178651e-01
-4.9310325915e-02 -1.7007332150e-03 4.9070631393e-02
-2.5120799067e-02 -1.5947514924e-02 6.2093886684e-02
-4.5500548948e-02 -2.7436626861e-03 6.6090522153e-02
-5.0154225589e-02 -2.0143895202e-02 6.1764346689e-02
-9.5058713932e-02 -1.1756994478e-01 8.5128300196e-02
-1.8153653325e-01 -3.3894223529e-01 1.7615126740e-01
-3.5290194799e-01 -5.9580230519e-01 3.7340722473e-01
-2.7092612814e-01 -5.5220298264e-01 5.8928615231e-01
-1.7482909922e-01 -5.8634404793e-01 5.0066058471e-01
-1.5508153486e-01 -4.6278121654e-01 3.0354998251e-01
5.3789759092e-02 -2.7814583503e-01 1.4467926113e-01
-2.2149356502e-02 -4.6158242360e-01 2.2838377048e-02
-1.9292115883e-01 -7.2268415052e-01 -1.1381919127e+00
-8.0270525833e-02 -3.1587351313e-01 -8.1135382569e-01
-2.9883452523e-02 -4.9581485957e-02 -8.9339930489e-02
-5.5957275547e-02 -7.1342505030e-03 4.6331851654e-02
-2.7096083118e-02 -2.3898055681e-02 5.3407636388e-02
-5.9204035838e-02 -2.3216932507e-02 6.7708951543e-02
-3.4071970773e-02 -2.6811601947e-02 7.6448728007e-02
-5.4395679683e-02 -2.9209050608e-02 7.5076461297e-02
-1.2971922168e-01 -1.9064808391e-01 1.5140371591e-01
-3.4402365931e-01 -6.0533115871e-01 4.1432359669e-01
-4.9467587979e-01 -9.8946233765e-01 7.0720373191e-01
-4.6771882651e-01 -1.0630734790e+00 7.2921969679e-01
-2.8704598380e-01 -8.7481914568e-01 4.2895010404e-01
-3.3611688475e-01 -9.5763062931e-01 -8.7605107376e-02
-7.3288031778e-01 -1.0579097368e+00 -2.6024142690e-01
-3.8784351605e-01 -6.5025619240e-01 -6.7009744215e-01
-1.0659242884e-01 -1.7020543755e-01 -2.7854598561e-01
-3.4168772139e-02 -4.6185934539e-02 -4.0442493580e-02
-5.9344949688e-02 -1.0482859353e-02 6.7594084079e-02
-3.4444213281e-02 -1.8778336760e-02 6.9711314047e-02
-7.4108859306e-02 -2.3134721712e-02 8.3545304091e-02
-5.6164842247e-02 -3.8510073764e-02 8.6914896161e-02
-5.9456448608e-02 -2.3793880559e-02 6.9680264114e-02
-9.7473352516e-02 -4.6609504259e-02 5.0804448342e-02
-2.2222574200e-01 -2.5360807369e-01 2.0626588873e-01
-4.5484414511e-01 -6.5455440805e-01 4.4595281871e-01
-5.9270590261e-01 -9.3340160836e-01 5.8761280216e-01
-6.4757434543e-01 -8.1426722969e-01 4.2373372746e-01
-6.1017228808e-01 -8.5856595050e-01 -8.3379888796e-02
-6.5675207656e-01 -7.6221986761e-01 -2.2707837988e-01
-2.4699174172e-01 -2.8289900748e-01 -1.8473653097e-01
-4.7517570781e-02 -7.7130789933e-02 -7.4188473966e-02
-4.8068335793e-02 -3.3266791543e-02 -4.3701142676e-02
-2.0014152509e-02 -3.1283503919e-02 7.2612393325e-02
2.5619619423e-03 -5.1637624498e-02 6.3502734568e-02
-9.7620941412e-03 -5.7294687101e-02 8.7554001045e-02
-9.3600749639e-03 -7.3088408676e-02 8.9341906220e-02
-1.4525718042e-02 -7.4054874655e-02 7.9278264277e-02
-2.9619512458e-02 -6.6862128624e-02 2.6516886668e-02
-2.1964245498e-02 -9.6647427792e-02 7.7852888826e-02
-1.2021340921e-01 -2.1118072644e-01 1.1315753829e-01
-2.3084634817e-01 -3.3640944135e-01 1.3945480743e-01
-3.1814517978e-01 -3.4294056206e-01 7.7027231012e-02
-2.1611193316e-01 -2.7421673664e-01 2.1368993806e-02
-1.0570819197e-01 -1.6351547078e-01 -8.6781636827e-03
-1.8076660073e-02 -5.2891179571e-02 -1.0794937817e-02
-5.8390333617e-03 -2.5086089444e-02 -4.5902575803e-02
-2.4134175566e-02 -3.5930495762e-02 -3.1958846438e-02
-2.2691730469e-02 1.0594654453e-02 6.2690822795e-02
-9.7362238722e-04 8.6592300784e-03 6.0971591273e-02
-1.4543224069e-02 -1.1644006823e-02 7.9234244618e-02
-6.6957801929e-03 -1.0450515350e-02 6.7626802692e-02
1.8717940982e-02 -1.6584793695e-02 6.2388411777e-02
-9.2723230921e-04 -1.6164870622e-02 4.2562010960e-02
1.7859802381e-02 -4.6632918210e-02 4.5171644975e-02
-5.1122875217e-02 -2.5080261988e-02 3.4764773153e-02
-2.6130058026e-02 -1.9775080425e-02 2.5958752024e-02
-5.2997756943e-02 -9.1240673337e-03 2.6911158405e-02
-1.1398631267e-02 -4.5378698592e-02 4.5369650466e-02
-8.5171539524e-02 -6.3466767355e-02 4.7723507465e-02
-6.8734225142e-02 -5.9349592408e-02 8.4502360661e-02
-5.6666488563e-02 -8.6011862877e-02 5.3004695802e-02
-6.0698533635e-02 -9.4766572561e-02 4.4377425892e-03
-7.1098125042e-03 1.3368063277e-02 5.1941073641e-02
7.9958945818e-03 -3.6529503856e-03 4.9884922800e-02
4.8070052974e-04 -2.4199168994e-02 7.0949495361e-02
9.5470762072e-03 -3.4741619368e-02 5.1344502228e-02
1.6928825661e-02 -4.6460883585e-02 5.4891075243e-02
3.0946816333e-03 -4.9116643307e-02 3.9388325759e-02
9.3295490996e-03 -6.9986219934e-02 4.0332787750e-02
-1.9326152300e-02 -6.3882207362e-02 2.1938827303e-02
-8.9063351101e-03 -6.1202038557e-02 2.2766964987e-02
-3.0127135353e-02 -4.9661067860e-02 9.2156106884e-03
-1.7989990463e-02 -6.2222286497e-02 4.0755627630e-02
-2.3274612455e-02 -6.7403343307e-02 5.2111434430e-02
-4.5631061102e-04 -8.9540044023e-02 1.1969581766e-01
1.9478933617e-04 -1.0028924380e-01 7.0842376350e-02
-1.4057829775e-02 -1.0186606202e-01 1.5552933396e-02
-3.0282017033e-02 1.5048596187e-02 4.4495009006e-02
-5.1837717868e-03 -2.5002975998e-03 5.2210660423e-02
-1.6114971883e-02 -3.5087072151e-02 5.9926422824e-02
-1.2827464490e-03 -4.8649805955e-02 5.0411348936e-02
2.3526077531e-02 -5.9334673428e-02 5.7343138579e-02
5.0797235289e-03 -5.0344288089e-02 3.3544885584e-02
1.0427033250e-03 -6.2138854913e-02 3.6120848773e-02
-1.8370839473e-02 -5.6491034892e-02 1.9408660705e-02
2.3739797514e-02 -5.7470859603e-02 2.9726537528e-02
7.2308340575e-02 -8.8742590175e-02 3.2775850687e-02
3.4710725232e-01 -1.2668839595e-01 9.1505883879e-02
6.4694483533e-01 -7.5852028198e-02 -6.0860943473e-02
2.5779852291e-01 -9.7049021057e-02 -1.0259499852e-01
2.8656379058e-02 -8.5544157218e-02 -3.0353658630e-02
-5.2085721882e-02 -8.4626463344e-02 -2.7758006581e-02
1.9988713107e-03 5.9648509619e-03 4.0939983133e-02
3.5667222269e-02 -3.3311320020e-02 4.7221651903e-02
1.3822470409e-02 -5.1122331958e-02 5.7688089666e-02
1.9856010031e-02 -7.4766546084e-02 6.5618313558e-02
2.9212866492e-02 -6.1393954564e-02 3.9839286751e-02
3.4951266800e-02 -7.3581071180e-02 2.6348535659e-02
7.7647514088e-02 -5.1512405765e-02 6.2583468713e-02
2.6795336238e-01 -5.8124532136e-02 1.5166801578e-01
5.3155881494e-01 -1.2952059279e-01 2.2589135149e-01
5.4827543624e-01 -1.9978482018e-01 2.9397573542e-01
1.1463046147e+00 -2.5358289605e-01 3.8021195641e-01
1.7097585782e+00 -3.1537786433e-01 -8.5127406954e-01
8.3915809845e-01 -3.4322973137e-01 -1.5332211750e+00
1.4733063199e-01 -1.7013889402e-01 -3.2124720731e-01
-3.8629458703e-02 -8.4066414622e-02 -5.7767725667e-02
-4.2298307636e-04 -1.3891090545e-02 5.6656684111e-02
4.6189022416e-02 -4.5284790990e-02 6.4701049356e-02
1.9011501090e-03 -6.1859562174e-02 7.1363220646e-02
1.1304112354e-02 -8.9075530376e-02 8.3996633316e-02
3.3756497655e-02 -6.2371817945e-02 6.3848543598e-02
1.7344369090e-01 -4.1393202305e-02 1.2692234106e-01
5.3242924924e-01 -1.0217545224e-01 3.5413423571e-01
7.9648551770e-01 -2.0954713611e-01 4.4525162826e-01
8.0734557093e-01 -2.8723530327e-01 3.1393484665e-01
4.2154555224e-01 -1.9286909779e-01 2.7139238304e-01
-3.8517443719e-01 -3.7040772002e-02 2.1501884915e-01
-1.2446701303e+00 -1.0402909869e+00 -7.0081823570e-01
-1.1973537643e-01 -1.6667424731e+00 -1.6527597604e+00
4.6655371122e-01 -6.3376029903e-01 -7.5042446456e-01
1.2257639887e-02 -9.4431089966e-02 -1.4161446157e-01
7.5361916602e-03 -2.8141987565e-02 5.7743544467e-02
4.3648432306e-02 -6.7412803376e-02 5.6866128785e-02
8.4532435242e-03 -9.9605527563e-02 7.0978145087e-02
2.2224312543e-02 -1.0410821542e-01 8.1328341187e-02
1.6442466625e-01 -3.5916721634e-02 1.9783112411e-01
5.4612434547e-01 -1.1402674781e-01 4.5807296106e-01
6.0180487393e-01 -1.6944052289e-01 4.1808271824e-01
2.9109888063e-01 -2.0274297845e-01 1.6007332981e-01
1.1016830900e-01 -7.6137614308e-02 8.1997860468e-02
-3.6340239227e-02 -8.5780202303e-02 1.4460792236e-01
-5.9286979250e-01 -2.2707487018e-02 4.4610530188e-02
-6.6625597247e-01 -1.3447206982e+00 6.0853428602e-01
9.7464816329e-01 -2.1782747246e+00 -3.6964317481e-02
1.2495336157e+00 -8.9803697901e-01 -1.3840838402e+00
1.6186911855e-01 -8.0549912674e-02 -4.7387649167e-01
2.0873300721e-02 -4.2142587199e-02 5.2870918315e-02
5.3642864009e-02 -6.7319525014e-02 4.9754880470e-02
1.7986446053e-02 -8.7195636533e-02 6.8725061836e-02
9.4006558950e-02 -9.9163086878e-02 1.7926064258e-01
3.6707131890e-01 -2.0222299008e-01 4.9649233535e-01
3.4065211337e-01 -1.3505416889e-01 3.3122120996e-01
-8.9986532971e-02 5.9157580935e-02 -1.0546083040e-01
-1.0986767703e-01 5.7421014725e-02 -8.6023622902e-02
-6.2130147433e-02 2.1063513733e-01 -5.5692301128e-02
-4.7047198060e-02 1.6627417570e-02 5.1102296065e-02
-1.1321421377e-01 -5.1946129507e-02 7.2200371332e-02
-2.9605296950e-02 -8.8527865350e-01 8.4863526768e-01
5.3022555588e-01 -9.6521027479e-01 3.6247462142e-01
7.7545067017e-01 -4.4939527110e-02 -1.5860186400e+00
2.1203763413e-01 2.5683428296e-01 -1.0496194029e+00
3.0587095940e-02 -3.8613272220e-02 5.8139956905e-02
6.7442457265e-02 -6.6911788365e-02 5.6651792087e-02
3.3009051456e-02 -1.0221093056e-01 9.8838923450e-02
1.1415219090e-01 -2.3579179522e-01 3.0957965573e-01
1.9331344875e-01 -2.8757342254e-01 2.9255399956e-01
-1.4006732936e-01 3.4666041680e-03 -1.8262548453e-01
-2.6097079550e-01 1.4283349671e-01 -1.2919682391e-01
-2.0784503227e-01 1.7116527642e-01 -5.6786181572e-02
-6.9101951161e-02 1.9459276875e-01 -1.0046301671e-01
1.4840767625e-02 4.7818602994e-02 -2.8537295349e-02
8.1441813684e-03 1.3130079200e-01 -6.6758860176e-02
-1.3321797703e-01 -1.0852918509e-01 2.3225384241e-01
-2.0064805057e-01 -1.0074512096e+00 1.3033549865e+00
1.1968156748e-02 4.0813225924e-01 -5.9034864510e-01
6.5622042110e-02 7.2604247996e-01 -1.2293883113e+00
6.9526914657e-04 -2.4578550097e-02 6.8011033718e-02
3.1947068088e-02 -5.1001572961e-02 6.0841510725e-02
1.7318960605e-02 -1.2802098661e-01 1.2841781822e-01
-8.7700975640e-04 -2.3149167679e-01 1.7546644931e-01
-5.6153571223e-02 -9.3044214813e-02 -1.6973608723e-01
8.8493049524e-02 2.2285528792e-01 -3.4752027806e-01
-5.7292308583e-03 2.5300058639e-01 -8.7546591327e-02
-1.8947351674e-01 2.1451370050e-01 -6.5125435513e-02
-4.0070359618e-02 2.6190768359e-01 -7.3131435240e-02
9.5731164439e-03 3.4354268456e-02 1.2169843514e-02
4.7458639036e-02 8.9153717973e-02 -3.1808018324e-02
-4.6762098328e-02 -1.3716067523e-01 3.2181572121e-02
-4.8274283084e-01 -5.6797186915e-01 6.9511097464e-01
-3.4717613963e-01 7.1740473742e-01 -4.7841836041e-01
-1.4291783044e-01 8.5838073571e-01 -1.0746387738e+00
-3.3355408320e-02 -3.8629254919e-03 6.2435968708e-02
-1.1156230882e-02 -7.5574464512e-03 6.4020676033e-02
-3.7413671016e-02 -4.5350876213e-02 9.4531744512e-02
-4.0296097972e-02 -6.1615814571e-02 2.7308493664e-02
9.2693830056e-03 -8.9871610995e-03 -1.8115183220e-01
1.7444532811e-01 8.8807646705e-02 -2.1464590723e-01
1.6756897576e-01 1.8760748405e-01 -3.1797030949e-01
-6.2565755989e-02 1.4396303937e-01 -9.7174968494e-02
3.1455963336e-03 1.2746053992e-01 -1.1608440381e-01
-8.7219559873e-02 -1.2240297025e-02 3.0426479683e-02
-3.8087109013e-02 -1.1314124100e-02 7.1544251977e-02
-7.6910731803e-02 -1.9044688596e-01 1.9491430228e-01
-4.4465409304e-01 9.1511013912e-02 -1.8998875307e-01
-6.2069360106e-01 7.1936537402e-01 -8.2560636357e-01
-2.7282606742e-01 4.2208251342e-01 -5.5926440159e-01
-1.8094289318e-02 -4.6088281559e-03 5.2649026220e-02
5.6171660845e-03 -8.6980033885e-03 4.8665100626e-02
-2.0639646996e-02 -2.6491771043e-03 6.0094841229e-02
-2.1729052562e-02 -3.9304193160e-02 5.7244226359e-02
-2.3292689368e-02 -9.9249721314e-02 3.2068015482e-02
-4.5538114688e-02 -5.3643752971e-02 -1.0211496989e-01
-9.6688405553e-02 1.1614137708e-01 -3.0216139692e-01
-6.4988183807e-02 5.9613954229e-02 2.1097264335e-02
-1.5286707870e-02 2.1492421419e-02 1.1373593059e-01
-1.0017632983e-01 -1.4630374998e-01 2.0936130987e-01
-9.3652905041e-02 -1.2016568177e-01 1.3885209406e-01
-2.8926720436e-01 -2.7262957852e-01 1.4118171596e-01
-8.7022837517e-01 -4.1531084078e-01 -2.1594143126e-01
-6.5862919974e-01 9.3332210082e-02 -5.9094898842e-01
-9.8562373343e-02 4.3255816525e-02 -1.4791567741e-01
-2.8245779379e-02 -9.5805635240e-03 4.5350191279e-02
4.5558041429e-03 -2.1395235300e-02 4.2915269518e-02
-1.2471611149e-02 -1.3801922570e-02 6.1400375858e-02
-1.2991698436e-02 -1.5415038507e-02 6.4793827307e-02
-1.3124374192e-03 -1.8950906845e-02 5.8174404253e-02
-5.3357590974e-03 -5.1542361728e-02 -4.7473714829e-02
-8.8658098072e-02 -1.5195506286e-01 -4.2766890596e-02
1.0868961729e-02 -2.4793963200e-01 2.0861266522e-01
5.3928855884e-02 -3.1585257927e-01 4.0991324503e-01
-1.8140750739e-01 -5.1406425626e-01 3.5505413335e-01
-2.0799710756e-01 -4.2783409944e-01 1.6106621477e-01
-3.9829932657e-01 -4.5299333103e-01 -5.2307392163e-02
-6.1620805418e-01 -6.5528763201e-01 -6.8536750376e-01
-2.4853766564e-01 -2.0565245417e-01 -5.2171303043e-01
-3.0335425799e-02 -4.7890354748e-02 -5.9630170670e-02
-3.8407714494e-02 -2.9681987716e-03 4.7052871490e-02
4.4512458662e-03 -2.4906871373e-02 4.8460716172e-02
-1.7458309528e-02 -1.3684628438e-02 5.9591492466e-02
-1.1125939758e-02 -5.1867199943e-03 6.2670713920e-02
-1.9230515708e-02 7.2645063934e-03 6.8407395951e-02
-6.1909690525e-02 -6.2513014472e-02 4.8144031851e-02
-1.4676310720e-01 -2.2648878944e-01 1.7140950001e-01
-1.1662860440e-01 -4.2233330944e-01 4.9470398107e-01
-1.2578553529e-01 -6.5580648500e-01 6.2361204329e-01
-3.9546030129e-01 -8.6922439665e-01 5.0459816167e-01
-5.1885657779e-01 -8.7718711620e-01 1.8686311400e-01
-7.0003370970e-01 -1.0501261821e+00 -2.0285787594e-01
-3.9544734662e-01 -7.5159062838e-01 -6.1646505832e-01
-8.1231043143e-02 -2.1719038887e-01 -2.6902629153e-01
-3.2702948670e-02 -5.3454618938e-02 -3.4550866734e-02
-4.4667171910e-02 -4.1830503013e-03 4.8450320808e-02
-8.0896703157e-03 -2.3030376643e-02 4.4247377950e-02
-1.7433470527e-02 -2.4545659331e-02 6.0450028853e-02
-2.2388327687e-02 -2.4058498165e-02 6.3113126125e-02
-3.8560380856e-02 -1.1822568970e-02 7.0392900635e-02
-3.6499524886e-02 -2.7319178567e-02 6.6513040939e-02
-7.3452975252e-02 -1.3020886046e-01 1.2892433691e-01
-1.9485155853e-01 -3.5661619069e-01 3.0622296212e-01
-2.6695030906e-01 -6.4557676299e-01 4.7186603221e-01
-3.7804765592e-01 -9.3150134798e-01 4.2734616652e-01
-4.7654358104e-01 -9.9525548728e-01 9.9424291770e-02
-5.9959713411e-01 -8.8647781524e-01 -1.5511853953e-01
-2.3410293935e-01 -3.6759483369e-01 -2.0113618734e-01
-3.3494624652e-02 -8.9212477106e-02 -4.8234573557e-02
-2.7282332676e-02 -5.3839203032e-02 -2.3137719187e-02
-3.1572622774e-02 -7.4397903919e-03 5.0484860421e-02
6.1141169446e-04 -1.6406747314e-02 4.3252945787e-02
-1.8748504068e-02 -1.5211178478e-02 5.2754918399e-02
-3.4193093660e-02 -2.0474235083e-02 4.6565435210e-02
-2.5469656475e-02 -1.3219913687e-02 5.6697861273e-02
-3.3234131476e-02 -2.5272947025e-02 2.7233702373e-02
-3.2022619366e-02 -4.2063728274e-02 5.9157525184e-02
-9.9956678582e-02 -1.1759387284e-01 8.9508890890e-02
-1.5328026519e-01 -2.4302626182e-01 1.4471296096e-01
-2.0400774808e-01 -3.3234541876e-01 1.0879850919e-01
-1.9045942700e-01 -3.7315715114e-01 -3.5658093286e-03
-1.7216685448e-01 -2.6227915488e-01 -3.0144160802e-02
-4.4784184192e-02 -1.0308612028e-01 -1.6400006027e-02
-5.9146442999e-03 -6.1304282558e-02 -3.0976523898e-02
-4.0093587216e-02 -4.6854917485e-02 -3.8079368221e-02
-8.2372113977e-03 -2.3863609633e-02 5.2948736561e-02
2.6624483653e-02 -4.3334958970e-02 3.8110110414e-02
1.3787576389e-02 -4.3158785519e-02 6.3207775028e-02
-3.1767126021e-03 -5.3586227455e-02 6.5500375796e-02
9.0745847221e-03 -5.5483150076e-02 7.2010404478e-02
-1.0449315882e-02 -6.8225795037e-02 3.4997789850e-02
4.3498264234e-03 -6.3792266178e-02 5.6370491678e-02
-1.3488544211e-02 -7.0561958583e-02 4.9862152723e-02
-8.8642498121e-03 -7.8247562137e-02 6.2004164327e-02
-2.4470467709e-02 -9.7353941670e-02 2.8385873376e-02
5.1302635501e-03 -7.9058754951e-02 3.6886418893e-02
3.0781521058e-02 -6.5166691009e-02 3.9385080048e-02
3.8953005331e-02 -3.6922211173e-02 3.0709858939e-02
2.0808641189e-02 -2.1352692263e-02 -2.9849656794e-02
-1.5232312039e-02 -5.1209471206e-02 -1.6623457856e-02
2.6126229461e-03 1.0428110673e-03 3.4285526334e-02
3.1822668987e-02 -8.9499651952e-03 4.3772264870e-02
1.0980898732e-02 -3.0012707617e-02 4.3471085913e-02
1.1621964159e-02 -1.8050124291e-02 4.6790879332e-02
1.0665534102e-02 -1.7795233067e-02 3.0469903071e-02
6.2476900663e-03 -1.2094966039e-02 2.0664932893e-02
1.5571726890e-02 -3.2228874538e-02 2.0243787418e-02
-3.6831872656e-02 -1.5663297096e-02 1.4907211523e-02
-3.2291823863e-02 -1.5017778401e-02 1.2740246542e-02
-4.3984074450e-02 -1.1055033088e-02 6.9415162446e-03
-2.3202697469e-02 -3.5464319813e-02 2.5727531733e-02
-7.2651729898e-02 -1.5428082627e-02 1.0558761383e-02
-7.3421584022e-02 -4.1205577176e-03 4.5695699740e-02
-5.2961325211e-02 -1.4729492583e-02 -1.3185705263e-03
-5.8102020287e-02 -3.7941431846e-02 -2.0789192827e-02
8.5410217763e-03 4.9287407091e-04 2.8553146772e-02
2.6594934866e-02 -2.2986083842e-02 3.7109865690e-02
1.9943804052e-02 -3.9349087579e-02 4.2267303360e-02
2.8728547291e-02 -4.3825975352e-02 4.0371459754e-02
1.5022795770e-02 -4.1837917807e-02 3.2281096906e-02
9.8924155508e-03 -3.9015117207e-02 2.0084532344e-02
9.5399577960e-04 -4.9593154178e-02 1.6535918819e-02
-1.1383113000e-02 -4.0392318219e-02 8.7212713284e-03
-2.2668151421e-02 -3.2242365067e-02 6.1407009971e-03
-3.0067813046e-02 -2.7965104782e-02 1.5763343305e-03
-3.2696912455e-02 -3.7973529383e-02 2.4587713012e-02
-3.1164626299e-02 -4.1358354031e-02 3.0651713199e-02
-1.3762965593e-02 -2.9066853941e-02 5.7982676977e-02
-5.7633986039e-03 -3.3597229086e-02 7.2677084923e-03
8.8360934659e-04 -3.7360170724e-02 -1.7216906814e-02
-3.9350383327e-03 -4.6334119315e-04 1.5803109628e-02
2.4768631966e-02 -3.1255720548e-02 2.7730321616e-02
1.3809035165e-02 -4.4627714784e-02 3.3699434570e-02
2.5463797974e-02 -5.1550535940e-02 3.6608723289e-02
2.6997722861e-02 -4.4897054745e-02 2.8447856182e-02
8.0187249481e-03 -3.0238576574e-02 1.4191591512e-02
-7.3139038593e-03 -3.0830033133e-02 5.7078591581e-03
-2.0657639304e-02 -2.8222327201e-02 -3.4785479626e-03
-1.5089661457e-02 -2.1898141037e-02 -1.1367988103e-02
1.2286488423e-02 -2.6832703902e-02 -1.5552487229e-03
1.8921095291e-01 -8.7123312305e-02 8.6272496131e-02
3.9650541112e-01 -1.1742776219e-01 -5.2420037248e-02
1.4409644050e-01 -6.9866101936e-02 -8.6485815122e-02
1.5886223884e-02 -3.4325682753e-02 -3.9993931755e-02
-2.4330333315e-02 -2.8149045028e-02 -5.0186237148e-02
2.0170350567e-02 -4.1310471816e-03 1.9719914373e-02
4.9476716921e-02 -4.6776195262e-02 3.2624680091e-02
2.1418589109e-02 -4.9891657164e-02 3.4716412099e-02
1.9186463673e-02 -4.8991728962e-02 3.4678567316e-02
8.5753220394e-03 -2.1304689579e-02 1.3043625837e-02
1.7775049803e-02 -2.8390802495e-02 3.0085807103e-03
8.0702838930e-03 -4.4419066134e-02 1.1461238246e-03
3.3571797146e-02 -7.7401055068e-02 1.5703695181e-02
9.7562006938e-02 -1.1673240020e-01 5.6304556371e-02
2.6205767113e-01 -1.6915941785e-01 1.8615103943e-01
1.1505360275e+00 -4.6717080973e-01 4.6860616885e-01
1.6808940230e+00 -6.2322095195e-01 -6.1402353220e-01
5.9227560273e-01 -2.4150584469e-01 -1.1381113970e+00
5.7023219668e-02 -6.1368294056e-02 -2.0687734054e-01
-1.6314345450e-02 -4.5062828349e-02 -6.3938475648e-02
3.3866691540e-03 -1.1558171030e-02 2.5316585781e-02
4.2936791579e-02 -4.5681616593e-02 3.2184871028e-02
1.1296884120e-02 -5.1836110200e-02 3.9334275570e-02
8.3038850892e-03 -5.0599150019e-02 3.6286763868e-02
-8.1754741185e-03 -3.0429014320e-02 1.4315063715e-02
1.5106647867e-02 -5.1925761316e-02 6.0452116175e-03
3.5793925465e-02 -1.0906724297e-01 1.8065904399e-02
5.6320872060e-02 -1.9328101196e-01 4.3584810892e-02
1.7703420214e-01 -3.8083387464e-01 1.8878592913e-01
2.5107827569e-01 -2.8086183428e-01 3.4696617889e-01
3.2308378665e-02 2.7149131068e-02 1.9929072954e-01
-6.2554488748e-01 1.0768982441e-01 -1.2184366431e+00
-4.5460954951e-01 5.1413897696e-02 -1.8956977967e+00
6.2701432508e-02 -1.4119596332e-01 -3.9124052134e-01
-1.2731655819e-02 -5.7432142684e-02 -7.6249305648e-02
2.3905888368e-02 -3.0670998010e-02 3.7942307395e-02
5.8187171603e-02 -6.1057417178e-02 3.5126463100e-02
2.1112137393e-02 -5.9808657963e-02 3.7603281957e-02
4.5574401073e-03 -7.5575421552e-02 3.6538229892e-02
-7.4256767451e-03 -7.8819365132e-02 4.3076064443e-02
1.9320519728e-02 -1.2401406655e-01 1.9995381133e-02
-4.7741366614e-02 -1.5088693919e-01 -4.1367397656e-03
-1.1138958469e-01 -1.6819846148e-01 -5.4463650676e-03
4.8829672694e-02 -1.9013030149e-01 4.4156662599e-02
7.0272213474e-02 -1.4801077581e-01 2.4121806715e-01
-7.0001832692e-01 7.0667937176e-01 -1.7915896386e-01
-1.1852938033e+00 8.0739727844e-01 -5.0577176984e-01
-3.3446573567e-02 -2.8160627045e-01 -3.6837002810e-01
6.6201248354e-01 -7.4953564820e-01 -3.6220922427e-01
1.2713268411e-01 -1.4432686179e-01 -2.2867836596e-01
2.9302907194e-02 -4.2117864836e-02 3.3820500942e-02
6.0572115023e-02 -7.1020470652e-02 3.6436154875e-02
1.4934681659e-02 -7.3960404734e-02 4.1876448087e-02
1.8274295920e-02 -9.1824295492e-02 5.9160277925e-02
-1.1074055266e-02 -1.1511449967e-01 5.8665499700e-02
-4.7156899875e-02 -9.3266545051e-02 -5.3068664265e-02
-1.8585478065e-01 -1.0562263221e-02 -1.1930853850e-01
-1.5602663548e-01 8.6807424138e-02 -3.6391437918e-02
-1.6391553569e-01 3.9902798040e-01 -2.9660769063e-01
-3.8367694502e-02 1.4196466054e-01 -1.1309610005e-01
-1.7847854005e-01 4.7825072888e-01 -1.3507323201e-01
-1.2696018046e-01 1.7866886954e-01 1.5744860788e-01
6.9280800233e-01 -1.4048457024e+00 9.2122400625e-01
1.2454196426e+00 -1.4307110997e+00 -5.4942196269e-01
4.7466037518e-01 -1.3616758436e-01 -9.0172651366e-01
4.1711505684e-02 -4.2836314028e-02 4.0167252586e-02
6.6141985819e-02 -6.8891712659e-02 4.6151731508e-02
2.3886308771e-02 -6.7593693552e-02 4.7911751627e-02
4.4427295919e-03 -8.7746243754e-02 6.4366407833e-02
-4.4925198112e-02 -7.2405763619e-02 1.9349069135e-02
-9.8482616530e-02 5.9984743831e-02 -8.6326473023e-02
-1.1552462354e-01 8.4550068852e-02 -1.3506362043e-02
-7.8261423970e-02 1.9835552343e-01 -1.9611740351e-01
-1.5447871088e-01 5.3286000645e-01 -3.1156074003e-01
-8.3158025955e-02 3.5952855729e-01 -1.1644000775e-01
-5.5204958794e-02 2.5450835938e-01 2.3795177028e-02
1.5241840764e-02 -2.2539082902e-01 4.0879889286e-01
1.7495505873e-01 -1.4583198662e+00 1.4819654201e+00
7.2102017966e-01 -8.5383092945e-01 -2.1764261030e-01
5.6937743826e-01 2.9295803183e-01 -1.9105984291e+00
1.4550444120e-02 -2.7926221353e-02 4.0888813241e-02
4.1166590906e-02 -5.3882439149e-02 4.6456924734e-02
1.2520914386e-02 -5.2359389925e-02 4.1311483625e-02
-1.5293879989e-02 -5.3590111083e-02 4.7414383507e-02
-3.7897756446e-02 -1.5729361389e-02 5.5827612588e-03
1.2909297378e-02 6.0472816758e-02 4.1991531164e-03
-1.5040907035e-01 3.8353327119e-02 8.3729084724e-02
-1.8043667808e-01 3.3200504086e-01 -1.4091659604e-01
-1.5772009326e-03 5.7815544965e-01 -2.1985312186e-01
4.9273844139e-02 3.3328170861e-01 1.0834232778e-02
2.1659950067e-02 1.8106420784e-01 -1.6096885078e-02
-4.9528897203e-02 -9.0460489669e-02 1.4562831982e-01
-5.7888513316e-02 -2.3509019446e-01 8.1799936738e-01
-1.2490485445e-01 2.2735929457e-01 -2.6995536060e-01
-3.8055035259e-01 7.0691345671e-01 -2.3956085504e+00
-1.7540187447e-02 -1.1082106131e-02 3.5735395393e-02
1.2761289038e-03 -1.9000682353e-02 4.7453860029e-02
-9.4966533236e-03 -2.2936324746e-02 4.3935517093e-02
-3.9456790233e-03 -2.8795563606e-02 5.3264600710e-02
-1.1844891969e-03 -3.7667429709e-02 5.0211834621e-02
6.3778217105e-02 -6.5840546069e-02 1.7374153204e-02
2.4101403272e-02 -1.6088102135e-02 -1.5830176326e-02
-6.5199790110e-02 2.5039359682e-01 6.7733298768e-03
3.7259999262e-02 2.6361395855e-01 -2.6894357483e-01
1.5975192213e-02 4.3750865506e-03 8.3502795100e-02
-1.3455612029e-03 -1.8517713748e-01 1.1736129754e-01
-1.0253604279e-01 -3.2423571360e-01 4.8253242278e-02
-5.8723779055e-01 8.9523558219e-02 -2.3752934818e-01
-1.3385226896e+00 3.3870002245e-01 -1.1060923333e+00
-9.6609913855e-01 3.7097010732e-01 -1.4616135811e+00
-4.1110000600e-03 -1.1016816225e-02 3.4052273092e-02
1.6542589918e-02 -2.8423468475e-02 3.7281490961e-02
3.5308768509e-06 -2.7975432524e-02 3.6527011032e-02
1.4416025147e-02 -2.7220858444e-02 4.8256851650e-02
-3.9027899397e-03 -3.2940499952e-02 5.1826757884e-02
-6.5042723138e-03 -5.6611645665e-02 1.1788842675e-02
-9.7279569911e-03 -5.3402832434e-03 1.9323095882e-03
-2.6093858234e-02 4.2183482726e-02 1.1208048319e-01
-2.8216897735e-03 1.5719206628e-02 5.0165687307e-02
1.0929013637e-02 -1.6369156058e-01 3.9798162382e-01
-2.7359390790e-01 -5.0453311278e-01 3.7262764185e-01
-6.2398553486e-01 -7.9754782988e-01 5.1677497826e-02
-1.2800707485e+00 -5.4276465180e-01 -5.7315790406e-01
-1.3737789372e+00 -1.1508282702e-01 -8.5123603829e-01
-3.3900339090e-01 4.3520922449e-02 -3.2292938887e-01
-1.0613524771e-02 -1.3229547077e-02 2.8229752542e-02
9.5147576243e-03 -3.0640050881e-02 2.9430943469e-02
-1.3065313534e-03 -3.6398794284e-02 3.5970372921e-02
3.9736961793e-03 -3.3525859289e-02 4.2865100494e-02
-2.4004629316e-03 -3.2900980624e-02 4.2180802125e-02
-1.1098732403e-02 -3.0310203981e-02 2.6360970194e-02
-3.5001173247e-03 -4.5429938512e-02 2.7045092626e-02
-1.0986950647e-02 -1.0459828398e-01 7.7624652225e-02
-2.7580282190e-02 -2.1926283785e-01 3.1743611977e-01
-1.3581603631e-01 -5.4092837064e-01 5.3647811648e-01
-5.3921716648e-01 -8.8814574821e-01 2.9527258541e-01
-8.8321830454e-01 -9.4048453458e-01 -1.1848896104e-01
-6.3131486931e-01 -5.1426265269e-01 -3.6970947769e-01
-3.0675645869e-01 -9.5920936185e-02 -2.4618875018e-01
-3.9777538691e-02 -1.2089473782e-02 -5.1261987013e-02
-1.5388395543e-02 -3.2268468299e-03 3.0665559896e-02
1.5719515436e-02 -3.0280375962e-02 4.0136564556e-02
-4.7999878092e-04 -2.9437930543e-02 3.9806405607e-02
3.6670706237e-04 -2.3973135765e-02 4.0879568985e-02
-1.1292916023e-02 -1.5433958755e-02 4.3078271888e-02
-1.4051568324e-02 -1.4779433889e-02 3.4810593253e-02
-1.6282590759e-02 -3.8147585740e-02 5.4892114081e-02
-3.3336859840e-02 -8.7985455261e-02 9.9476852736e-02
-3.6919869168e-02 -2.3055061978e-01 2.1244280712e-01
-1.6375081017e-01 -5.0598744385e-01 3.0678674922e-01
-3.4986489034e-01 -7.9040075359e-01 1.8543310034e-01
-4.7974519768e-01 -7.1378872865e-01 -9.0519220611e-02
-1.7542116266e-01 -2.8561665207e-01 -1.4749972846e-01
1.2469997586e-03 -5.2483353892e-02 -4.8817042199e-02
-7.6573230184e-03 -2.7927230981e-02 -4.6946894489e-02
-2.8428329608e-02 -4.0177999356e-03 2.8916239240e-02
1.9187076521e-03 -3.1234009392e-02 3.6087288908e-02
-2.1161240708e-02 -3.5442551615e-02 4.2694412526e-02
-1.4334633778e-02 -3.4375366870e-02 4.1590324499e-02
-3.9272180061e-02 -1.9005154052e-02 3.8622726220e-02
-2.9733069797e-02 -2.5656176270e-02 3.9117564566e-02
-1.9996241783e-02 -3.9111722850e-02 4.8645881509e-02
-5.2084900696e-02 -6.7792935218e-02 6.4980695830e-02
-7.0311953044e-02 -1.2731741601e-01 7.0321352727e-02
-1.4131738587e-01 -2.1600645125e-01 9.0408073225e-02
-1.6205424958e-01 -2.8887274851e-01 7.9142884806e-02
-1.7708868835e-01 -2.1136464176e-01 1.3479909475e-02
-4.5999082858e-02 -7.0886766930e-02 7.5865144614e-03
-7.9929873265e-03 -3.0550294620e-02 -1.5906369973e-02
-2.3204669037e-02 -3.8139017017e-02 -4.0468710141e-02
-1.9441614714e-02 -6.2839426485e-03 3.2413830254e-02
3.4289871211e-03 -2.3209361682e-02 3.4007907600e-02
-8.9180634085e-03 -2.6688956087e-02 3.8858728649e-02
-9.8335192331e-03 -2.9883007426e-02 4.0887915024e-02
-2.1016779280e-02 -2.3251438569e-02 4.4218691677e-02
-1.5551976806e-02 -3.7114885377e-02 3.0488613032e-02
-3.8583784514e-03 -3.9961363819e-02 4.0639515703e-02
-2.7066405091e-02 -4.0232210269e-02 3.7653358488e-02
-1.9406394463e-02 -4.5358120159e-02 3.7169971960e-02
-4.8993249579e-02 -6.4393607049e-02 2.3753096115e-02
-2.2527571424e-02 -8.9084569136e-02 3.7501044473e-02
-4.0376259791e-02 -6.1175878310e-02 4.6166598449e-02
-1.1155363510e-02 -4.7643267073e-02 4.6187310394e-02
8.5845656415e-03 -4.4950980373e-02 8.5786252180e-04
-2.1270676404e-02 -4.1333624827e-02 -5.8838961689e-02
8.5301929028e-03 -2.3412873430e-02 3.9900036605e-02
3.4401296461e-02 -4.4736236692e-02 2.9807621674e-02
2.2072967974e-02 -4.5918798042e-02 4.0232961517e-02
1.2137840401e-02 -4.7659373439e-02 4.3986420012e-02
5.6146655151e-03 -4.5090307587e-02 4.8734271858e-02
2.8547321140e-03 -6.0821410872e-02 3.7845908648e-02
1.4599312307e-02 -5.6430499855e-02 4.1669600479e-02
9.5265938789e-04 -5.9463544642e-02 3.8629790841e-02
1.2233279515e-02 -5.1715677957e-02 4.6195344152e-02
-6.2514455419e-03 -6.9343989924e-02 3.2712319655e-02
4.4173302984e-03 -6.4243772152e-02 4.4192992036e-02
-7.0962949032e-03 -5.3087737816e-02 5.4185700397e-02
1.9850658532e-02 -3.5671602533e-02 5.5118996389e-02
1.8302046724e-02 -2.3497941720e-02 -1.5945541354e-02
-1.0048527160e-02 -2.7876885627e-02 -3.6853473669e-02
-1.2067624736e-02 1.3698634817e-02 1.8681411731e-02
1.3993825809e-02 6.7174702255e-03 2.5594108354e-02
-9.6259390878e-04 -7.7512916346e-03 3.0324075350e-02
-1.6157062382e-03 -1.2720994502e-03 2.8970504908e-02
-1.8211967435e-03 9.1914878036e-03 1.2937416145e-02
-2.7586785732e-03 4.7538295292e-03 -3.5449058534e-03
6.6218719719e-03 -1.4822523602e-02 7.6042143253e-03
-4.3454771693e-02 -4.5148343184e-03 2.1964556974e-03
-2.9308839729e-02 1.0703554492e-02 5.5300388612e-03
-5.0374136537e-02 1.9880392745e-02 -8.0228406136e-03
-2.7682832187e-02 -4.7373310928e-04 2.3771059335e-02
-7.7778444841e-02 -3.8853833049e-03 1.8711866648e-02
-7.1136531355e-02 1.0466107499e-02 5.9805180050e-02
-4.9250689687e-02 1.2182058129e-02 1.5439146068e-02
-2.1560185754e-02 -2.1475053054e-02 9.8337334449e-03
-4.3808061861e-04 1.4209547842e-02 1.0117131712e-02
2.1608814135e-02 -1.4234850973e-02 1.6851044600e-02
1.4828346273e-02 -2.2246966496e-02 2.5458450344e-02
2.5549345728e-02 -3.0238536840e-02 1.8673790587e-02
1.4026341841e-02 -2.1333139823e-02 9.8088054641e-03
1.3187404657e-02 -3.4280940454e-02 -4.6623688521e-04
7.1395097964e-03 -4.1088622601e-02 3.7127613798e-03
-1.1385797931e-02 -3.8869228128e-02 -6.8455824385e-03
-1.3424518630e-02 -2.3760421311e-02 -3.4898209741e-03
-2.8823661248e-02 -1.3069743130e-02 -2.2354880407e-02
-3.0658784504e-02 -1.8132047609e-02 4.2657303436e-03
-5.0009893653e-02 -1.8038219900e-02 8.4900426096e-03
-1.8154545099e-02 -2.5845239841e-02 6.2734835949e-02
-1.2112804111e-03 -1.0042300811e-02 4.5534397603e-03
1.3792072164e-02 -2.4839045000e-02 1.4800800924e-03
-1.2382074170e-02 1.6917942840e-02 -1.4215344394e-03
1.8520042812e-02 -1.5298261999e-02 8.0857641657e-03
9.2258986416e-03 -2.2881670408e-02 1.9628668163e-02
2.6110344850e-02 -3.1223864274e-02 1.9230395668e-02
1.9277160502e-02 -1.5078451651e-02 7.0991321928e-03
1.7018109549e-02 -1.8512464784e-02 -6.9998805094e-05
1.2057803377e-02 -2.1321719754e-02 7.3640035932e-03
-1.4943802341e-02 -9.4088311366e-03 -9.6540536499e-03
-1.0074108621e-02 1.4365049174e-03 -1.3920530711e-02
-1.5193716836e-02 8.7378718749e-03 -4.0470195584e-02
2.5586966493e-02 -1.6463017421e-02 1.6842638959e-02
6.9128198944e-02 -4.5322298636e-02 -1.0570058510e-02
3.2238964368e-02 -3.7741758464e-02 1.7244930661e-02
-8.3856579372e-03 1.0586887357e-02 -3.0880494013e-02
-2.9035072095e-03 -1.4002892558e-02 -2.3893668203e-02
3.6550400577e-03 1.2444535218e-02 -1.9317074808e-03
4.0883342753e-02 -3.0944971057e-02 1.5627313244e-02
2.2072249941e-02 -3.0920211504e-02 1.8989661900e-02
3.0584820161e-02 -3.4889925544e-02 1.5176225626e-02
1.6637651163e-02 -6.3741405174e-03 1.3199916377e-03
2.4323556681e-02 -1.3130016921e-02 -9.4460546711e-03
2.0126057950e-02 -2.4386616395e-02 -1.5729184582e-03
1.4511845941e-02 -3.1955669766e-02 -2.6887970819e-03
2.6318922135e-02 -2.1707957919e-02 -3.1430906700e-03
8.4563285757e-02 -6.3118478559e-02 3.2797571310e-02
4.9748021692e-01 -3.5566183939e-01 2.7445957427e-01
9.9950159569e-01 -6.2675073694e-01 -9.8907770985e-02
4.5397247464e-01 -2.3937290764e-01 -4.1934890334e-01
3.2784607206e-02 -1.7804411209e-02 -1.0007348811e-01
-2.1777774300e-03 -3.1988163865e-02 -4.6467771604e-02
-1.0869436285e-03 2.5854407626e-03 1.1705179191e-02
4.8933929195e-02 -2.9038176125e-02 2.5328441519e-02
1.9540501693e-02 -2.8750034533e-02 3.2014407922e-02
2.2447088022e-02 -2.9976804369e-02 2.9999564910e-02
4.7170679834e-03 1.2393646730e-03 1.6101469203e-02
2.6579465175e-02 -1.9139821155e-02 5.8256577314e-03
2.6940137139e-02 -4.3774669959e-02 1.7964812319e-02
4.4652691775e-03 -5.7252028372e-02 1.3787330720e-02
4.8969557602e-02 -1.1176080385e-01 7.9181892253e-02
1.6858255992e-01 -2.0153926948e-01 2.3534395886e-01
6.1067912131e-01 -6.2740428065e-01 5.5880809549e-01
9.3288417380e-01 -7.7269940736e-01 -4.5079047719e-01
6.0587698883e-01 -1.2342496388e-01 -1.5152776528e+00
9.1606252151e-02 5.7273488528e-03 -3.5225802603e-01
-9.6347296193e-03 -2.9761993878e-02 -4.1941553697e-02
1.2170570101e-02 -1.4939855863e-02 1.2661650694e-02
4.3765266982e-02 -4.2751182840e-02 1.2851356177e-02
1.9415250879e-02 -4.5978668405e-02 2.3330367839e-02
5.0477456193e-03 -4.4558717036e-02 1.8753956293e-02
8.7889499808e-03 -2.5658252587e-02 2.3897818712e-02
1.4559949596e-02 -5.2142825549e-02 3.9284261707e-03
1.3985432523e-02 -7.7606002555e-02 2.7990466696e-02
4.5364473752e-03 -1.1946081925e-01 3.1617223163e-02
2.7660594085e-02 -1.9441928948e-01 5.5860383253e-02
1.0361836175e-03 -1.0329042156e-01 1.7723402198e-01
2.4095779353e-02 -1.0234227032e-01 2.6914803350e-01
-4.4508057060e-02 3.1972129498e-01 -4.0395762724e-01
2.1913974605e-01 1.0454321354e+00 -1.6945502849e+00
3.0686226599e-01 2.6359659252e-01 -7.5404135476e-01
4.1408979780e-02 -2.7889438036e-02 -9.3625075931e-02
2.5990760713e-02 -3.1575732747e-02 2.1344466064e-02
5.7914728271e-02 -5.4299541339e-02 2.7085592625e-02
3.2221195754e-02 -6.5717455103e-02 4.1560379183e-02
3.5173680695e-02 -7.5464717323e-02 5.9268694352e-02
1.7222811837e-02 -4.8521535764e-02 5.0738784927e-02
2.4333852999e-02 -6.0023060627e-02 3.4862647164e-02
2.0872179772e-02 -7.7988487600e-02 5.5094765649e-02
9.0052664736e-03 -6.3007433792e-02 4.5066239622e-02
-2.9214544575e-02 -4.7966291818e-02 -5.4929031749e-02
7.4844106466e-03 1.1513554334e-01 5.8436911169e-02
4.2524216960e-02 2.0120750228e-01 7.3386372903e-02
-5.5571353626e-02 8.8859244441e-01 -1.7580944487e-01
3.3887502602e-01 1.7975827949e+00 -8.7514764181e-01
8.0380228013e-01 6.6059981016e-01 -9.6505058267e-01
3.2682140756e-01 -3.1821837021e-03 -3.7445827170e-01
2.3373917106e-02 -2.1947953033e-02 1.6817452970e-02
6.1021511802e-02 -5.0998880683e-02 3.2072001291e-02
2.3894868818e-02 -4.6933809457e-02 3.6592136923e-02
1.4896684117e-02 -3.9846414589e-02 3.9708293469e-02
7.2968217784e-03 -1.1200880508e-02 3.1224208370e-02
1.3174722015e-02 -3.4878452952e-02 2.4354781934e-02
2.8183097194e-02 -6.5304221587e-02 3.4333068595e-02
1.6419311652e-02 2.4010496899e-02 -7.0310887571e-02
-6.1853554226e-02 1.3479488038e-01 -1.3367756740e-02
-4.6134368926e-02 3.5124420683e-01 1.6556416112e-01
-3.2163135508e-02 1.5290360524e-02 2.3636028251e-01
6.8437068610e-02 3.7015718196e-01 1.6558721750e-01
3.9268842627e-01 1.2212581138e+00 1.4515071202e-01
1.0375083004e+00 3.5630195357e-01 -3.7318912640e-01
6.7364131980e-01 -2.5522720656e-01 -1.2812987896e+00
7.7262804697e-03 -1.6921618743e-02 2.8001688571e-02
4.4134226841e-02 -4.3414978865e-02 3.8250371884e-02
1.5498662247e-02 -4.0336522688e-02 3.7582823663e-02
1.2538896266e-02 -3.4107867509e-02 3.8922092881e-02
-6.1905466218e-03 -9.3625111347e-03 3.6365525434e-02
-7.4070193528e-03 -2.1561466080e-02 2.7861088756e-02
-3.5764402576e-02 -4.5062816512e-02 4.7711632403e-02
-2.5493160341e-02 4.5845497028e-02 -7.3928262303e-02
4.1268316847e-02 1.5556147509e-01 2.2747424374e-02
6.9775643011e-02 2.5989144993e-01 2.7684463771e-01
-1.2063154347e-01 -1.8245419957e-01 2.2105724369e-01
-4.4360334115e-02 -3.4588612155e-01 4.9509530502e-01
1.1036828986e-01 1.8757370060e-01 7.0455043185e-01
-1.0669054875e-01 -4.4431980935e-01 -1.5293147936e-01
-3.9620748101e-01 -5.7699163789e-01 -2.0904673314e+00
-2.6176545864e-02 3.4553177500e-03 2.3760850585e-02
-1.3770233445e-03 -9.5728408048e-03 3.6403711532e-02
-1.6185253633e-02 -1.0990231230e-02 3.6566609075e-02
-9.8730670851e-03 -7.3575888903e-03 3.7030381069e-02
-1.7709651443e-02 -6.0173466680e-03 4.0911194512e-02
-1.7810383589e-02 -1.8423032816e-02 2.2926972074e-02
-2.6350783194e-02 -1.6768102414e-02 4.8656091046e-02
-5.5061954219e-02 8.5187054793e-03 4.7630444447e-03
2.1071753131e-03 -2.4482296703e-02 -6.2745556040e-03
4.6420393281e-02 -8.9646498507e-02 1.8944701479e-01
-1.0822952386e-01 -6.6899176510e-01 2.4973560995e-01
-3.2304620669e-01 -9.4142358420e-01 5.2853693822e-01
-1.0427833172e+00 -8.4069701547e-01 3.5368800357e-01
-1.9404089129e+00 -1.1383210445e+00 -8.4836992140e-01
-1.1224141222e+00 -4.5319132761e-01 -1.3537361944e+00
-8.6500607438e-03 -2.8364658118e-03 1.9582867421e-02
1.5115038600e-02 -1.9789467727e-02 2.4102424804e-02
-1.2713049276e-04 -2.0563061888e-02 2.6124001380e-02
1.4159783700e-02 -3.0867112372e-02 2.7438327399e-02
8.6465962111e-04 -1.9956638494e-02 2.6744167331e-02
-2.6260061540e-03 -2.9903642673e-02 1.5175146129e-02
-9.2095293686e-03 -2.9655954556e-02 3.3370491159e-02
-2.5183773724e-02 -4.1791345956e-02 2.8253282530e-02
-1.2070479718e-02 -8.8214815490e-02 3.0904845762e-02
8.7463296627e-02 -1.6357510054e-01 1.7666239227e-01
-1.4597431878e-01 -6.7582183047e-01 3.2355061152e-01
-6.2805154721e-01 -1.0853937951e+00 2.9996367698e-01
-1.2350633696e+00 -8.2898206211e-01 1.1428315047e-02
-1.2867509424e+00 -5.8162427380e-01 -4.6610186025e-01
-3.2170719035e-01 -1.1394198792e-01 -2.4633794710e-01
-1.6159624033e-02 -2.4481086249e-03 1.5985890698e-02
1.5022691518e-02 -1.7365612805e-02 2.1005215467e-02
2.7079924652e-03 -2.5104318589e-02 2.4872118288e-02
1.0787832286e-02 -2.6139713921e-02 2.8336898983e-02
-7.7683206920e-03 -2.2373092103e-02 2.9618523112e-02
-5.5119481806e-03 -2.7280681302e-02 2.1662787921e-02
-1.0536050105e-03 -3.5982672703e-02 3.5568837376e-02
-2.7821721559e-02 -4.0276462478e-02 2.4145773724e-02
-3.6838586070e-02 -6.7292336380e-02 5.9828973579e-02
-7.2962201224e-02 -1.3643658590e-01 1.0887791668e-01
-1.8716654662e-01 -3.2056129731e-01 1.6517751136e-01
-3.8749133402e-01 -4.3487102508e-01 5.1716554082e-02
-2.5025331494e-01 -2.0625238177e-01 1.8282548007e-02
-1.5793005033e-01 -5.6612981598e-02 -4.3471328240e-02
-1.2663803713e-02 -5.5790234239e-03 -1.2674123119e-02
-2.6538014727e-02 6.5290834937e-03 1.5103122841e-02
1.3168900290e-02 -2.0480610760e-02 2.4360426795e-02
-7.4584207886e-03 -2.1150710038e-02 2.4142430314e-02
-1.8361786356e-03 -1.7387772348e-02 2.3285132258e-02
-1.2980084268e-02 -1.0262160301e-02 2.4805111928e-02
-5.9206789878e-03 -2.1209438454e-02 1.8542763101e-02
-1.6340895187e-02 -2.6183316351e-02 3.2666083372e-02
-2.9301686741e-02 -2.3805562353e-02 2.3243351908e-02
-1.8727286564e-02 -3.0420472476e-02 3.0745009122e-02
-4.8816781771e-02 -6.2773240881e-02 1.6951524785e-03
-5.0951465972e-02 -1.1423936500e-01 1.9137286606e-02
-8.7160291375e-02 -9.2590626880e-02 7.3577936010e-03
-1.2107268843e-02 -2.0895219587e-02 2.5174948464e-02
6.7122546312e-03 2.3323261007e-03 -4.6318678264e-03
3.5425452931e-03 -1.9009074332e-02 -2.9350858728e-02
-3.1792023620e-02 6.6731555574e-03 1.9079978560e-02
9.6379344802e-03 -1.4109270514e-02 2.3840100920e-02
-1.7383415896e-02 -1.7994949372e-02 2.7656231830e-02
-3.4503457599e-03 -2.2483454141e-02 3.2031780134e-02
-2.3503248811e-02 -8.7335042580e-03 3.3688343054e-02
-1.3753450682e-02 -2.0085967355e-02 2.9579895187e-02
-8.3020890002e-03 -3.2163191177e-02 4.1959946009e-02
-3.2084687063e-02 -3.8631740058e-02 3.3070792217e-02
-1.7609208725e-02 -2.9360202703e-02 2.5656852485e-02
-3.4171093227e-02 -2.6139197249e-02 3.7523647841e-03
-2.2015857663e-06 -3.3792123853e-02 2.0083032036e-02
-2.8385514285e-02 -2.1687955339e-02 3.1475193590e-02
-5.8022918660e-03 -1.7149389471e-02 4.8667580489e-02
-1.2038074811e-02 -2.5368362876e-02 1.2330960561e-02
-5.3949954881e-03 -2.9259099756e-02 -2.7240309883e-02
-2.0211237797e-02 1.8304586872e-03 1.6484432098e-02
1.1739167963e-02 -9.4932981963e-03 1.4115464091e-02
-1.1233449972e-02 -1.4257236183e-02 2.0352256214e-02
-7.7054209901e-03 -1.4370109762e-02 1.9292750997e-02
-1.6836412623e-02 -3.3613626725e-03 2.5302397401e-02
-9.1913226100e-03 -1.9372797147e-02 2.0273965202e-02
-2.6665960200e-03 -2.0755988274e-02 2.6623313721e-02
-3.0896211039e-02 -2.7920201507e-02 2.1823264837e-02
-1.3857258445e-02 -1.7923292132e-02 2.2198381205e-02
-3.6996288386e-02 -2.5944731422e-02 3.7874312363e-03
-3.0871839212e-03 -3.1812353805e-02 1.3490342078e-02
-3.3059086882e-02 -3.2616949748e-02 3.8891732740e-02
-1.0151391979e-02 -2.7642854326e-02 4.7577386491e-02
9.7061147585e-04 -3.0239187450e-02 1.5309388264e-02
-1.2232516253e-02 -2.6941690348e-02 -4.1465796197e-02
7.4047759579e-03 -1.7496156015e-02 2.4353542695e-02
3.9719440460e-02 -3.8488315345e-02 2.1587025809e-02
2.3895700148e-02 -4.1542811167e-02 3.1677870134e-02
2.0460688149e-02 -4.6408752664e-02 3.3733668499e-02
1.2934284457e-02 -3.3077957643e-02 4.1836193303e-02
1.4655437255e-02 -4.8455574132e-02 3.0748365951e-02
1.4501880604e-02 -4.8224220613e-02 3.6742909306e-02
-2.1345763120e-03 -5.7461363903e-02 3.2697056883e-02
9.6125654972e-03 -4.4156048387e-02 3.8428660064e-02
-1.0898888797e-02 -5.6634589711e-02 2.0796661975e-02
4.8170646016e-03 -4.9605273524e-02 3.0245153366e-02
-1.7388387460e-02 -5.3204335808e-02 5.2889447694e-02
1.0533499416e-02 -3.1701222338e-02 6.2430089164e-02
1.5096675455e-02 -1.7744666177e-02 6.7744743391e-03
9.4420227111e-03 -2.4670613197e-02 -2.6106029682e-02
-3.0800201742e-02 2.1321081083e-02 2.1266133711e-02
-1.1445467323e-02 1.2379581880e-02 3.4245955136e-02
-1.6391120576e-02 -7.5621442964e-03 3.5979397142e-02
-1.1051847683e-02 -6.5335390777e-03 4.2994303731e-02
-1.2358463214e-02 1.5867849577e-03 2.2244758822e-02
-1.1327464004e-02 5.0376688271e-03 1.6396037082e-02
-2.3772661410e-03 -1.3919465564e-02 2.1289250888e-02
-4.3309637156e-02 -1.6488982253e-02 1.1861988933e-02
-3.9131812044e-02 -7.0266979622e-03 1.1489866295e-02
-6.0747603012e-02 6.9799078338e-03 -3.0747216648e-03
-4.2938589408e-02 -1.0817447690e-03 3.2528194779e-02
-7.9937666437e-02 -2.1710215955e-03 1.4465653491e-02
-7.4949395996e-02 9.0223433359e-03 6.6328024380e-02
-5.5075516668e-02 7.0391631734e-03 1.6705149047e-02
-6.5094658012e-03 -2.0981163407e-03 4.8948864985e-03
-1.7570666651e-02 1.6365557791e-02 1.7828896834e-02
-4.4617392422e-03 4.2166538967e-03 3.0074434876e-02
-1.1601383220e-02 -1.4747748401e-02 3.1765253506e-02
1.0792121444e-02 -1.6417488872e-02 3.7740578409e-02
3.0039626592e-03 -1.6018617763e-02 1.8990751143e-02
3.1609473305e-03 -1.6520176728e-02 1.5327441280e-02
-1.7863792036e-03 -2.9668051827e-02 1.8770070278e-02
-1.3158002754e-02 -3.4850637673e-02 5.1331362173e-03
-1.9881986788e-02 -2.1369737104e-02 8.7265860149e-04
-3.8232869296e-02 -5.9138869502e-03 -1.7259085404e-02
-3.7719166874e-02 -3.4233211287e-03 1.5892557662e-02
-4.2288482292e-02 -1.1341975569e-02 2.1605926489e-03
-9.9659918566e-03 -1.0858578311e-02 5.3883340405e-02
1.2660723673e-02 1.6568951646e-03 -6.3869653085e-03
3.3449860250e-02 2.8567754929e-04 -2.6843169539e-05
-2.7697111592e-02 2.0036179785e-02 2.8405697059e-04
-2.9884712904e-03 -2.2432071235e-03 1.8286027103e-02
-1.2650353134e-02 -1.7805620525e-02 1.6363890517e-02
1.5386041401e-02 -2.5516223165e-02 2.7890474307e-02
5.4976781815e-03 -1.2321900569e-02 4.5220539546e-03
7.0143218685e-03 -5.9400643250e-03 5.3557789407e-03
6.1703179790e-03 -1.6255502395e-02 8.9786020335e-03
-8.8037101083e-03 -2.3637627965e-02 -7.8393384862e-03
-8.6964838578e-03 -1.7742159028e-02 -1.5561563338e-02
-2.8041587339e-02 1.3288762647e-02 -4.5036416913e-02
-1.7800616526e-02 3.2730002050e-03 -6.2033358140e-03
-3.4527067229e-02 4.6853443079e-03 -2.3633428824e-02
-1.2196775713e-02 -2.8196594690e-03 1.5900960960e-02
-4.1674222477e-03 8.3278301822e-03 -3.6820253676e-02
1.8653790308e-02 1.1544178732e-03 -3.1551007085e-02
-7.5164537459e-03 2.3039057652e-02 -8.0218255564e-04
2.4431164096e-02 -1.2832669931e-02 2.2078468895e-02
9.1745480018e-03 -1.9727616276e-02 1.9635494953e-02
2.4316378852e-02 -1.9446678365e-02 2.1710441996e-02
9.5133750796e-03 2.0707354056e-03 -1.9912355941e-03
2.8098345771e-02 2.9225919526e-03 -1.1524022057e-03
2.7395919804e-02 -1.7867736988e-02 7.1521165115e-03
2.1352867729e-02 -2.8606385185e-02 -8.1681947955e-03
1.0054282551e-02 -1.1576895369e-02 -1.7799494447e-02
8.9636929147e-03 -5.1835928913e-03 -3.6219504651e-02
4.9797511699e-02 -5.8805196743e-02 3.9612720059e-02
1.5152832834e-01 -1.6631427504e-01 -3.2047037947e-03
8.7519808824e-02 -9.8102417594e-02 -4.5064081037e-02
7.5553791025e-03 -9.5431628149e-04 -4.9897889282e-02
1.7952322519e-02 -1.6750016140e-02 -4.6146469593e-02
-2.3629461485e-02 1.0859645215e-02 9.9582742149e-03
1.0530445575e-02 -1.3642987133e-02 2.2841238248e-02
-1.1680043337e-02 -2.4228704120e-02 2.5906875887e-02
-6.7814170693e-03 -2.1028940737e-02 2.8820863701e-02
-1.7740892147e-02 -7.6442264870e-04 7.4327466414e-03
2.0010915379e-03 -4.5570685919e-03 2.1103168061e-03
6.9898006716e-03 -2.6775105275e-02 8.9252436325e-03
-1.5266010212e-02 -4.4897792406e-02 -4.0887702193e-03
-1.5468059690e-02 -4.1541377596e-02 -2.3831529883e-03
-8.6059993317e-03 -6.6155709398e-02 1.5334652796e-02
1.8188754495e-01 -3.9909566765e-01 2.7721910650e-01
6.0894128007e-01 -9.8818108559e-01 1.9358153550e-01
5.6016143561e-01 -6.7324901005e-01 -3.4652829970e-01
9.1878068947e-02 -1.2390547461e-01 -1.5058751707e-01
-1.6203953918e-03 -2.3428697770e-02 -4.0775913080e-02
-1.7083255472e-02 -3.3805041384e-03 1.8895420168e-02
1.9866869349e-02 -2.7023145378e-02 2.5382199942e-02
-7.2692579196e-03 -3.4070924715e-02 2.8846498026e-02
-5.8513861678e-03 -3.7826519631e-02 3.6979678270e-02
-1.1637608775e-02 -1.9657998880e-02 3.1688400879e-02
3.7639504118e-03 -2.6146137404e-02 1.3499034765e-02
1.0710864857e-02 -4.1565805902e-02 2.0819876527e-02
-9.7604966235e-03 -6.2423442386e-02 1.6015544996e-02
9.9142724166e-04 -6.8629628523e-02 3.7503965827e-02
-1.1934994630e-02 -1.0781769958e-01 9.3198340266e-02
2.2778828688e-01 -7.7118096402e-01 5.6327227807e-01
5.8175536071e-01 -1.4991086700e+00 6.1373737893e-01
8.7721499397e-01 -1.0578736440e+00 -7.4489114342e-01
4.3052386723e-01 -3.9827717488e-01 -6.2399478550e-01
5.1553400439e-02 -5.9582003850e-02 -8.1881391795e-02
2.1122891549e-03 -2.1552556586e-02 2.3620368228e-02
3.1727232129e-02 -4.2043973900e-02 3.4991147045e-02
-3.5694137927e-03 -4.8589828068e-02 4.0214201375e-02
5.6218885415e-03 -4.8221354684e-02 5.6756433245e-02
-7.9113056538e-03 -2.7189838856e-02 3.7352310964e-02
1.8393335169e-03 -2.1338132494e-02 2.3406772441e-02
-3.8934997102e-03 -3.2309751492e-02 2.7968044038e-02
-1.6537335227e-02 -4.9687224430e-02 2.3082754081e-02
-7.9263750191e-03 -8.0953641791e-02 4.5291667100e-02
-5.7607278223e-04 -7.5779598016e-02 1.0771997945e-01
9.8190525486e-02 -6.5589963395e-01 4.8122574451e-01
8.0278000479e-02 -1.0969934819e+00 7.4706942504e-01
4.5417255400e-01 -1.0139786086e+00 -5.0126472215e-01
6.8068667739e-01 -7.9706526579e-01 -1.3172053776e+00
2.0312287992e-01 -1.3815802985e-01 -3.5344720270e-01
-6.7900576642e-04 -1.2055598857e-02 1.8066217991e-02
4.1654275110e-02 -4.0695590012e-02 3.8806115920e-02
9.0078133291e-03 -4.0086629964e-02 3.9920623504e-02
6.8000440210e-03 -3.4455794596e-02 4.9400076440e-02
-1.0337637376e-02 -4.2345330283e-03 2.2675668834e-02
-7.1825782002e-03 -3.0534075144e-03 1.0957041482e-02
-7.7161981961e-04 -1.8826404453e-02 2.3754958402e-02
-2.6252751649e-02 -2.0286689057e-02 1.4140224538e-02
-8.5263399742e-03 -5.9118861293e-02 6.3794072455e-02
-1.9830389142e-02 -3.0171662214e-02 1.3605416010e-01
1.2224822083e-02 -5.1054027040e-01 4.2074533902e-01
-1.7799702579e-01 -1.1379517200e+00 8.8535148688e-01
-2.7864695274e-01 -1.4896552135e+00 4.3566834648e-01
1.8589698804e-01 -1.5224540348e+00 -1.0539163765e+00
2.1851847549e-01 -6.3716314438e-01 -9.0254926618e-01
-1.2431548107e-02 -5.2290118210e-03 2.3793075953e-02
1.6371701803e-02 -2.3419640432e-02 3.8492606223e-02
-8.1382124900e-03 -2.7144182611e-02 3.4534231395e-02
-6.5239539788e-03 -1.6568419087e-02 3.9662949062e-02
-2.0338240416e-02 -3.6050716290e-04 2.0225500601e-02
-1.8305297671e-02 8.7264692611e-04 1.5238900791e-02
-1.7956108014e-02 -1.6097390250e-02 2.6300968712e-02
-3.8635247382e-02 -3.1906775773e-02 1.5498632291e-02
-2.4893383476e-02 -3.4675061240e-02 5.7999012374e-02
-5.0652288073e-02 -5.7316404521e-02 1.2401082361e-01
-1.4039796657e-01 -4.3530016119e-01 3.3448991857e-01
-3.4467172217e-01 -9.9472459471e-01 8.6513043033e-01
-8.5904635368e-01 -1.6863508515e+00 7.9194480447e-01
-9.5264940684e-01 -2.0852257419e+00 -5.4280096154e-01
-3.3045996043e-01 -9.5473907781e-01 -1.0420943713e+00
-4.2194169911e-02 6.2337570795e-03 2.0485978998e-02
-2.4470400566e-02 2.5118233667e-03 3.3885991615e-02
-3.9726195276e-02 -7.8185694246e-03 2.7067472094e-02
-2.6189227467e-02 -9.8162936811e-03 3.6749028265e-02
-3.9198729149e-02 -1.9961054278e-03 2.7122231743e-02
-4.1019431218e-02 -2.0845330146e-03 1.6389980923e-02
-3.6357430927e-02 -1.2476221452e-02 2.8391601509e-02
-6.7245966984e-02 -3.5193624011e-02 1.5952410992e-02
-5.9273244266e-02 -4.1396373532e-02 3.4106311208e-02
-9.7661489652e-02 -7.9756980968e-02 3.9923942813e-02
-1.6447502801e-01 -3.8533558724e-01 1.7090478202e-01
-3.4349346865e-01 -6.6115793787e-01 5.2775889006e-01
-9.7368610013e-01 -1.2461920116e+00 5.1244103150e-01
-1.2629442478e+00 -1.4184580319e+00 -3.3649452836e-01
-4.2769276666e-01 -4.5787460098e-01 -4.4692609440e-01
-2.7412203075e-02 7.4466748465e-03 2.1879990448e-02
-1.1893694147e-02 -4.6323682293e-03 2.8788526191e-02
-2.2995213327e-02 -1.2185703121e-02 2.7208320751e-02
-8.1290925399e-03 -1.4535664374e-02 3.3603516282e-02
-2.2023848404e-02 -1.1006303243e-02 2.5866759766e-02
-2.5795103316e-02 -1.7856974910e-02 1.9432764050e-02
-2.6615227887e-02 -2.4556686207e-02 2.8046012149e-02
-4.0824017128e-02 -3.9599830903e-02 2.0932511773e-02
-4.2790698735e-02 -3.4995226716e-02 2.3660734679e-02
-5.8243329643e-02 -4.8263071303e-02 3.9149272521e-03
-9.0297168453e-02 -1.7367237756e-01 6.0476181274e-02
-2.0770435435e-01 -3.0005307533e-01 1.1976091820e-01
-3.4000482479e-01 -3.4811209640e-01 1.5474529859e-01
-3.5221827522e-01 -3.0013691274e-01 -5.5867993528e-02
-6.9713650347e-02 -6.0423109299e-02 -4.4721684241e-02
-3.4269298631e-02 7.0256089680e-03 1.1749665729e-02
-1.5283768468e-02 -5.9625228894e-03 2.3280728850e-02
-2.5732365851e-02 -1.6940994986e-02 2.0776649988e-02
-1.4034756675e-02 -1.9768485790e-02 2.9298715691e-02
-2.7928910806e-02 -1.6696469072e-02 2.2470161654e-02
-3.4673397396e-02 -1.5421213170e-02 1.9994847454e-02
-3.1079122374e-02 -2.2230899122e-02 2.9145214855e-02
-5.2379873137e-02 -2.7362341372e-02 1.3637188704e-02
-4.6388697881e-02 -2.5619627524e-02 7.4883602570e-03
-6.6384197754e-02 -1.5457572815e-02 -2.1457529137e-02
-4.3404354129e-02 -2.8269049289e-02 7.6083035050e-03
-8.3295833035e-02 -4.2817121278e-02 -3.8293456725e-03
-4.4166514719e-02 -3.0892075273e-02 4.6707976418e-02
-4.0854322013e-02 -1.0572994501e-03 -1.6119858915e-02
3.6608331882e-03 1.1504075795e-02 -1.2944367245e-02
-4.1944238605e-02 1.7028757733e-02 1.2244233998e-02
-9.0352349146e-03 -4.3396235104e-03 2.5544934017e-02
-2.8549914013e-02 -9.1982258796e-03 2.1939122077e-02
-1.7221730237e-02 -1.0026866367e-02 2.7068843634e-02
-3.4985907122e-02 -2.2655410219e-03 2.0079646835e-02
-2.4826348378e-02 -6.4094479286e-03 2.4560349279e-02
-2.2326337378e-02 -1.7955113073e-02 3.8301134125e-02
-3.8233530102e-02 -2.5286486781e-02 2.5882731526e-02
-2.8040336217e-02 -1.1241413614e-02 1.6000394835e-02
-4.2166458829e-02 -7.9767898237e-03 -1.3769542832e-02
-1.9860982426e-03 -1.3692657117e-02 1.4321771776e-02
-3.3685008424e-02 -8.8726362905e-03 5.6018091467e-03
-8.6848536236e-03 -3.2750093278e-03 4.0227287827e-02
-6.1128830965e-03 -5.1650007966e-04 -1.2296068440e-02
1.1442782871e-02 -1.1577417813e-02 -2.5706470397e-02
-4.5439842221e-02 1.6577686450e-02 1.2388451063e-02
-1.4900000343e-02 -3.8162562148e-03 2.2087232944e-02
-3.9838380524e-02 -8.0182611078e-03 2.1931791208e-02
-3.2249790311e-02 -9.0446906256e-03 2.6319651953e-02
-5.0306620236e-02 1.5253845476e-03 2.4400193555e-02
-3.7911755466e-02 -5.8730079279e-03 2.5367546395e-02
-3.1137924646e-02 -1.9987333738e-02 3.8265504097e-02
-5.0876651122e-02 -3.2452133904e-02 2.5873583198e-02
-4.3523526137e-02 -2.3239909190e-02 1.8212387648e-02
-6.1087328659e-02 -2.3118124323e-02 -1.9405544707e-03
-2.3735866691e-02 -2.5148799576e-02 2.5909691237e-02
-6.2342813102e-02 -1.9055082301e-02 2.6169150554e-02
-3.2645328203e-02 -1.7358928071e-02 5.2535587449e-02
-3.4294390039e-02 -1.3659822371e-02 -1.4585246623e-03
-1.6168875839e-02 -1.6213264147e-02 -2.3240283025e-02
-4.5968889383e-02 9.4807265124e-03 1.6735898365e-02
-1.9682448825e-02 -9.3797964983e-04 1.8587388251e-02
-3.7575298790e-02 -8.5012466238e-03 2.1560224375e-02
-2.8334753947e-02 -8.2635694659e-03 2.5304844471e-02
-4.3802346272e-02 2.3649012722e-03 2.8858231683e-02
-3.3503539858e-02 -8.5318916168e-03 1.9343757484e-02
-2.5869300763e-02 -1.7659472403e-02 3.3412863842e-02
-4.9589263312e-02 -2.2677603787e-02 2.1589421553e-02
-3.8501690617e-02 -1.8278470535e-02 2.4898029760e-02
-6.1873237777e-02 -2.3548998569e-02 5.5629767589e-03
-2.0675061791e-02 -3.9320138804e-02 3.4699388152e-02
-5.4907818452e-02 -3.7900962472e-02 4.8177760591e-02
-2.5371721139e-02 -3.6264835371e-02 8.7493163516e-02
-1.5712283992e-02 -3.5946174791e-02 3.7938987430e-02
-1.4676079316e-03 -2.4913161233e-02 -2.0731558208e-02
-1.8191124338e-02 -5.9616129358e-03 2.2585351146e-02
9.9615369766e-03 -2.4244060629e-02 2.2926555589e-02
-8.2366000653e-05 -3.0225819592e-02 2.9906229464e-02
-3.5774099404e-03 -2.8496924280e-02 3.6895423854e-02
-9.3276032202e-03 -1.9769729383e-02 4.1432212209e-02
-6.5289138692e-03 -3.2745756040e-02 3.1998578078e-02
2.1219015551e-03 -3.6960202207e-02 4.2401740051e-02
-1.9860809399e-02 -4.1557285392e-02 3.2509169870e-02
-9.9237908517e-03 -3.2810651585e-02 4.0937619778e-02
-3.3530161194e-02 -4.2082376745e-02 1.9115100619e-02
-1.0169842140e-02 -3.9150742589e-02 4.5368221318e-02
-3.4827702418e-02 -4.8753298841e-02 6.0208623897e-02
-3.7236808951e-03 -3.5579945058e-02 8.9690580073e-02
3.3370726189e-03 -2.6199623506e-02 2.6043209067e-02
1.6036663903e-02 -1.8932354580e-02 -7.4033985791e-03
