-2.3686364947e-02 -4.3584204963e-02 2.6734635559e-02
-3.6758280532e-02 -5.9382663854e-02 3.4278691389e-02
-5.4314041129e-02 -6.1386845301e-02 3.3840356547e-02
-1.0594701077e-01 -8.2873639931e-02 -3.1510441889e-02
-8.6805647409e-02 -1.0851687606e-01 -2.1865090534e-02
-8.2398223129e-02 -1.3628112785e-01 -5.6144399590e-02
-6.3157163066e-02 -1.3656902675e-01 -4.5124604780e-02
-5.4411132417e-02 -1.4016178686e-01 -8.0877704396e-02
-3.1350616504e-02 -1.3120232565e-01 -4.4542600477e-02
-6.0441501690e-02 -1.6786398701e-01 -6.6174050822e-02
-1.3683351133e-01 -1.9604200099e-01 -5.3649293529e-02
-1.4572570136e-01 -2.3045988902e-01 -2.4630414759e-02
-1.0905464582e-01 -1.6837349513e-01 2.8479968111e-02
-3.1041340020e-02 -1.4467827397e-01 2.2102425128e-02
-3.4873541018e-02 -1.0886463666e-01 2.5267816904e-02
-2.1329000184e-02 -3.8030902143e-02 2.0361567203e-02
-3.3730125730e-02 -4.7317772910e-02 -7.0617440374e-04
-5.4985640556e-02 -4.9983601629e-02 -1.0010875019e-02
-1.1276454023e-01 -6.7541839695e-02 -7.8207992626e-02
-1.0041168559e-01 -8.5067523666e-02 -6.7528890217e-02
-6.3772154598e-02 -6.2792515677e-02 -7.0363809692e-02
4.9405856858e-02 7.0966528157e-02 -2.2052846999e-02
1.6948715290e-01 2.2097038981e-01 -6.4444916001e-02
2.0890223071e-01 2.6545735580e-01 -9.7060889318e-02
6.4124894486e-02 9.0008615880e-02 -1.3739035545e-01
-1.1723460518e-01 -1.2207104750e-01 -1.2970993548e-01
-1.4633789571e-01 -2.0239147712e-01 -5.6046285474e-02
-1.0933505679e-01 -1.6255830391e-01 1.1422815518e-02
-2.9786077262e-02 -1.3985872944e-01 1.0177250946e-02
-3.0481372907e-02 -1.3762310518e-01 6.6281726670e-03
-1.5550787258e-02 -4.6456348823e-02 2.3860736658e-02
-2.2518982851e-02 -6.1976838744e-02 1.0250883465e-02
-5.6988029463e-02 -7.8362309154e-02 -1.2815792630e-02
-1.0960626521e-01 -8.0730539983e-02 -8.0146250998e-02
-4.8863774992e-02 -1.9237448504e-02 -1.2052617328e-02
8.1761850372e-02 1.9729773443e-01 5.2877369869e-02
2.8372053764e-01 5.7627571797e-01 1.2955437841e-01
3.8705048445e-01 8.1166576624e-01 2.5265909699e-03
3.5928924260e-01 7.4751338204e-01 -1.5257566607e-01
1.2829188753e-01 3.1981785583e-01 -1.9687148071e-01
-1.0612939102e-01 -1.0378295297e-01 -2.1619423161e-01
-1.3931799596e-01 -2.0944466390e-01 -1.3631689152e-01
-1.0672935074e-01 -1.7639153239e-01 -4.0621913061e-02
-3.2322421806e-02 -1.4040819483e-01 -1.1977603460e-02
-3.6561309671e-02 -1.2951587897e-01 -6.9697897855e-03
-1.2855560826e-02 -3.4003217698e-02 3.5545698307e-03
-2.4000430997e-02 -6.0864076397e-02 -3.9173645896e-02
-4.8751869895e-02 -7.0640277004e-02 -7.0932308509e-02
-6.2072717258e-02 -2.3701160311e-03 -6.7019962856e-02
9.3773349412e-02 2.8256014988e-01 1.0395952431e-01
2.4606985843e-01 6.6545671657e-01 1.9530211351e-01
3.4036586338e-01 1.0364445570e+00 2.0648609670e-01
2.6853062250e-01 9.9881541182e-01 3.5990833284e-04
1.5732439785e-01 6.4234387579e-01 -1.6720510635e-01
9.4520439229e-03 1.4079654905e-01 -1.4562476788e-01
-1.3148670133e-01 -2.0536298915e-01 -1.6992570175e-01
-1.1245311934e-01 -1.5690672359e-01 -1.4777294278e-01
-8.0493112488e-02 -1.3032042577e-01 -4.7087748776e-02
-2.3986042432e-02 -1.0507803490e-01 -1.3175600963e-02
-2.6000997264e-02 -1.0368452799e-01 -7.9335599834e-03
-3.5993383092e-02 -6.1568408961e-02 -1.4604069970e-02
-4.7815110643e-02 -8.6493312448e-02 -3.6612551098e-02
-5.6752281126e-02 -7.1814583536e-02 -4.2103990780e-02
-2.6473663617e-02 1.3178732370e-01 5.7549065606e-02
1.5353442605e-01 6.5538620728e-01 2.8821480913e-01
2.2748531979e-01 1.0217468626e+00 3.1328419501e-01
2.1479545837e-01 1.1387981969e+00 2.0415081155e-01
1.1548086341e-01 8.7711654582e-01 -1.5950965178e-02
4.5839651431e-02 2.4427505490e-01 -1.1133828473e-01
-4.5999206010e-02 -2.0918716912e-01 -6.1571320085e-02
-1.0943795773e-01 -3.2126367348e-01 -8.8438591812e-02
-9.7047582117e-02 -1.5456435061e-01 -8.6961540647e-02
-4.4465681249e-02 -1.2711450555e-01 -3.4745025703e-02
-1.5652261114e-02 -9.9820300276e-02 -2.8823337818e-03
-1.8764514818e-02 -9.2527005090e-02 -2.7864329824e-04
-5.0251167049e-02 -7.1547496056e-02 -3.8683270328e-02
-5.8440599773e-02 -9.5506224093e-02 -7.1565931899e-02
-8.0847223413e-02 -6.8130625310e-02 -4.9327761366e-02
-7.5052716397e-02 2.3976724913e-01 9.0787381002e-02
-9.2836235641e-03 9.1909700052e-01 3.3046659132e-01
1.5703231757e-02 1.1415600637e+00 2.6744286772e-01
-1.9503495109e-02 1.0044874568e+00 1.1201396124e-01
-3.3292973091e-02 7.2389584420e-01 -2.6684484411e-02
-5.3831803475e-02 4.7808434177e-02 -4.7161311508e-02
-8.2928839637e-03 -4.5496580465e-01 -2.1107643155e-02
-1.0055897467e-02 -4.0601263079e-01 -1.4387598143e-01
-8.6821298687e-02 -1.2085971995e-01 -1.5058425000e-01
-7.2735257413e-02 -1.1471118593e-01 -4.9508263409e-02
-3.1037622302e-02 -9.8318798550e-02 -2.0080727082e-02
-2.9337450039e-02 -8.2819695558e-02 -9.4539536357e-03
-6.2791849143e-02 -8.6406474256e-02 -4.0538394001e-02
-7.4957046180e-02 -1.0752772928e-01 -7.5094876763e-02
-1.0746770333e-01 -8.5222081329e-02 -5.9160760202e-02
-1.8828701031e-01 2.4417239344e-01 9.7144570902e-02
-2.9032165632e-01 9.3673573464e-01 3.1385981673e-01
-3.0878748404e-01 1.1127880360e+00 2.2846053799e-01
-2.0840525144e-01 8.3906403614e-01 7.9316916170e-02
-1.4952464417e-01 6.2210688870e-01 -4.5288129082e-02
-1.4387677181e-01 1.3472904782e-01 -2.1507607371e-02
-5.4181684170e-02 -4.8097738643e-01 1.1699049212e-01
6.4731142037e-02 -4.9778304609e-01 3.7288862270e-02
-4.4172337165e-02 -1.5969456168e-01 -5.6167282662e-02
-6.3311269301e-02 -1.3035066681e-01 -2.1830834293e-02
-2.8639106267e-02 -1.2126312053e-01 -8.4246623692e-03
-2.2707737920e-02 -1.1069415828e-01 4.1839456371e-03
-4.9264248406e-02 -7.4065404533e-02 -1.6056948710e-02
-5.8775167920e-02 -9.8454747430e-02 -4.7075220639e-02
-8.9002530076e-02 -1.1536906641e-01 -6.7498196239e-02
-1.8413699347e-01 3.1629345384e-02 -1.3694130797e-02
-2.5385040613e-01 4.3142982441e-01 1.4954276361e-01
1.0310945020e-02 7.7416828942e-01 2.8355253964e-01
5.2409245051e-01 8.8343088061e-01 2.1669929894e-01
7.7484411237e-01 7.5459340653e-01 -7.7750752415e-02
6.0505813372e-01 5.2801362098e-01 -2.8149946109e-01
2.5757004420e-01 3.4045014402e-02 -1.6237610030e-01
1.0241406207e-01 -1.9299865025e-01 -7.3483956252e-03
6.6826966400e-04 -1.0140715897e-01 -6.3439484063e-02
-7.8722523468e-02 -1.3853160854e-01 -1.8130125136e-02
-4.6984929978e-02 -1.2840117655e-01 1.8690890134e-03
-3.4195128783e-02 -1.0351095682e-01 2.2372678755e-03
-3.6663717162e-02 -7.1129960478e-02 -4.0561556292e-03
-3.9668119938e-02 -8.4469473415e-02 -2.6200129171e-02
-5.0953390017e-02 -1.0232403075e-01 -4.4099526236e-02
-8.7238918977e-02 -8.3295844164e-02 -4.0819465412e-02
-4.4203046199e-02 2.4173668479e-01 2.1947945219e-01
1.9752358307e-01 1.3305768514e+00 8.3417004994e-01
7.6393004760e-01 2.3764837061e+00 9.1109621216e-01
1.1613441932e+00 2.4322327792e+00 1.3085201429e-01
1.2298573639e+00 2.2954503277e+00 -7.7368104157e-01
8.7911594671e-01 1.4666144065e+00 -1.0286807251e+00
5.3604343675e-01 7.8621025036e-01 -3.6004379534e-01
2.8230971722e-01 4.2991368457e-01 -2.9800012277e-01
-2.0790936487e-02 -9.3934083009e-02 -5.7347874677e-02
-1.7411171932e-02 -1.3038213077e-01 1.6232746733e-02
-9.9354301056e-03 -1.0997099429e-01 8.9080605732e-03
-7.8274307620e-03 -6.6011584352e-02 2.4584247187e-02
-5.3373975707e-03 -6.9434177910e-02 2.7685001833e-02
-9.2613248256e-03 -8.1663522918e-02 1.5032739402e-02
-4.6452850005e-02 -7.1615982940e-02 8.7501002777e-03
-1.3413447888e-01 1.6283654746e-01 2.0599266514e-01
-5.1467441323e-01 1.0747739433e+00 7.8629640063e-01
-8.9122701765e-01 2.4119625066e+00 1.2241391473e+00
-6.9421164685e-01 2.8748357727e+00 5.1719971361e-01
-3.8840264737e-01 3.0330183570e+00 -6.6449815669e-01
-3.3064354217e-01 2.0237187088e+00 -1.2332671037e+00
-1.8702606922e-02 1.1982071326e+00 -5.5857836279e-01
1.3987098906e-01 8.2851710707e-01 -4.0420974678e-01
-3.8407104299e-02 -7.6682516169e-02 -8.4167214893e-02
-7.0313116663e-04 -1.2899469910e-01 9.1816772454e-03
-5.0029331018e-03 -8.9316281942e-02 -3.4884498448e-03
2.2557875152e-03 -6.6267094266e-02 2.1616592258e-02
5.4062270466e-03 -6.7311291996e-02 6.7123553825e-03
4.5070946815e-03 -6.9338987950e-02 5.6996492655e-03
-1.7537133843e-02 -6.7993461084e-02 -1.9715714731e-02
-7.2557991394e-02 -6.9819441961e-03 4.7930585068e-02
-3.6811829677e-01 3.2305446852e-01 2.8848846912e-01
-1.1212507843e+00 1.1373064809e+00 7.2937982657e-01
-1.6979246442e+00 1.8744229524e+00 5.4676607352e-01
-1.5586779797e+00 2.1992709244e+00 -1.7666760521e-01
-9.9470150175e-01 1.1583879251e+00 -5.8835968401e-01
-3.3428895111e-01 8.9240128131e-01 -3.2020679721e-01
-7.2174556678e-02 7.3407386608e-01 -3.4379249022e-01
-4.0002311994e-02 -6.9126932127e-02 -8.2797395183e-02
5.5298174158e-03 -1.0589470601e-01 -1.4970490481e-02
1.5699311994e-03 -9.6049290521e-02 -9.4712913363e-03
4.3322182098e-03 -7.2950749429e-02 2.9945634431e-02
1.2205621757e-02 -7.8385289537e-02 2.6553044497e-02
6.7025945724e-03 -8.1794226353e-02 1.9144001671e-02
-1.4418842261e-02 -8.4212444389e-02 -6.7874464585e-03
-2.3393233346e-02 -7.9120107389e-02 1.3804950279e-02
-8.5694252416e-02 -2.0958648118e-02 4.7285346070e-02
-3.1989417533e-01 2.0277657779e-01 1.8886460664e-01
-7.9661683665e-01 5.7544217250e-01 2.8535694414e-01
-1.0142075900e+00 9.2684774680e-01 1.5595358190e-01
-6.1211935032e-01 6.9842593115e-01 -6.0543458235e-02
-2.3741454837e-01 5.9675493201e-01 -1.2354991003e-01
-1.2208299695e-01 4.1983613444e-01 -1.9150110561e-01
-1.4243105381e-02 -1.0653890211e-01 -5.1949480673e-02
1.5719933397e-02 -1.1496027087e-01 -5.5501902634e-03
5.9785329009e-03 -9.5431279092e-02 7.6573950289e-03
5.3865371869e-03 -6.4867415249e-02 2.1853225785e-02
1.2472420845e-02 -7.1488243118e-02 9.9157261090e-03
5.1820630550e-03 -7.6934352395e-02 -3.1961110521e-03
-1.7712430472e-02 -7.5551303948e-02 -2.2854645912e-02
-2.0775159361e-02 -6.8740592230e-02 7.6317059311e-03
-1.1862675020e-02 -6.7462966897e-02 -8.0841051211e-04
-2.3014279012e-02 -4.2038631989e-02 7.5198143983e-03
-1.1299144527e-01 2.9354309528e-02 5.7367397167e-02
-2.5652730270e-01 1.7843355137e-01 1.1292018278e-01
-2.2836627233e-01 1.9910403786e-01 8.0669676040e-02
-1.6402135286e-01 2.5531620978e-01 -7.2366111568e-02
-1.1741277420e-01 1.9376429669e-01 -1.2669379137e-01
-1.4551867148e-02 -1.0550104910e-01 -4.7098213207e-02
1.2890373953e-02 -9.1447619093e-02 -5.9391243415e-03
3.0117513838e-03 -7.3678612284e-02 6.5565661743e-03
-9.6341576623e-03 -6.9928227972e-02 1.2412145546e-02
-1.1392273654e-03 -7.6733216874e-02 6.6717416863e-03
-9.5443583299e-03 -8.1630075765e-02 -1.8839698663e-03
-2.1784620515e-02 -8.2822764736e-02 -5.8407870729e-03
-2.2864225009e-02 -7.4073018007e-02 2.1256264317e-02
-2.3496128926e-02 -6.6196657460e-02 9.5725166070e-03
-5.7216143584e-03 -6.0138838053e-02 -7.1206737363e-04
-1.3348803983e-02 -6.5410725370e-02 -9.2524420751e-03
-3.6690834828e-02 -4.4245973817e-02 2.0208520903e-02
-5.6771050897e-02 -1.2734933327e-02 3.1371426507e-02
-7.6361158051e-02 4.2343350925e-02 -2.1771664973e-02
-5.2822560705e-02 -7.5449924746e-03 -4.4633343340e-02
6.6819690855e-03 -1.0558503388e-01 -4.0453244764e-03
1.9927221283e-02 -8.7522442826e-02 1.6227086286e-02
5.3795927603e-03 -6.9992345199e-02 2.4288224379e-02
-1.1517111437e-02 -7.3525904887e-02 -3.5784503242e-04
-6.9056503533e-03 -7.6704954392e-02 -8.9830640897e-03
-9.1963359678e-03 -8.3616092990e-02 -7.5756537289e-03
-2.4080531972e-02 -9.0718316627e-02 -1.8200545961e-02
-3.5786043058e-02 -8.7847217398e-02 -6.8408896169e-04
-2.6107652061e-02 -7.2752258916e-02 -1.9662806233e-02
-1.2113429709e-02 -6.4570551439e-02 -1.5925052837e-02
-5.7611829775e-03 -7.6019666563e-02 -1.8658594558e-02
-1.5968387332e-02 -7.7334150462e-02 -1.0482244409e-03
-2.4020290522e-02 -7.2634824650e-02 -2.1477964965e-03
-3.1219542526e-02 -7.0335796541e-02 -1.4662570096e-02
-1.3795265804e-02 -1.0789907541e-01 -1.0264965554e-02
-1.4470414341e-02 -1.0729588702e-01 1.0707111406e-03
3.2316657011e-03 -8.3589467418e-02 7.6833625782e-03
-5.9298983685e-03 -5.5289122851e-02 1.8255110747e-02
-1.4405425892e-02 -8.2642392672e-02 -5.3758256991e-03
-1.1227999908e-02 -8.7780293375e-02 -1.9197141650e-02
-2.2196764966e-02 -9.3844176734e-02 -2.3084631816e-03
-3.2286046476e-02 -1.0049180780e-01 -1.5046485043e-02
-4.4991347140e-02 -1.0022966549e-01 -2.6315631142e-03
-3.1544802830e-02 -9.6025784002e-02 -2.6809052991e-02
-1.7879850285e-02 -8.7935436521e-02 -1.9985816157e-02
-1.2858124078e-02 -8.9861743441e-02 -1.2257488463e-02
-1.8318621170e-02 -8.8973683132e-02 1.2633916675e-02
-1.4740559742e-02 -9.0264934224e-02 3.1098595303e-05
-9.8846284141e-03 -9.4712609384e-02 5.1641185414e-04
-4.5348856159e-03 -1.0690787730e-01 2.6062122061e-02
-6.6461121267e-03 -1.0547738007e-01 3.1857864461e-02
8.8272633714e-03 -8.5594773681e-02 2.5356235119e-02
-3.9518922378e-03 -7.5775653175e-02 3.3590096259e-02
-1.2124283362e-02 -3.1834553776e-02 5.1060354146e-02
-1.7935016827e-02 -4.2963995056e-02 5.4295233212e-02
-3.9156558635e-02 -4.8181477498e-02 3.9338743980e-02
-8.2373762096e-02 -5.9519106118e-02 -1.9307577125e-02
-5.3001826216e-02 -1.0135870053e-01 -6.3992518092e-03
-3.3714210707e-03 -9.8066776996e-02 -1.3456547020e-02
1.2004801230e-01 -1.3924093934e-02 2.5715318204e-02
2.6545617457e-01 1.0639262051e-01 -8.6374178845e-03
3.2319339074e-01 1.6652764793e-01 -3.4907942901e-02
2.2505899570e-01 9.9044113140e-02 -1.3812974532e-01
-3.3555927871e-02 -1.1525782973e-01 -1.8037774687e-01
-1.1693004855e-01 -2.2414576713e-01 -1.6231267788e-02
-9.9118876757e-02 -1.6136380760e-01 4.9878254437e-02
-1.8974825698e-02 -1.3443061653e-01 3.8581269918e-02
-4.3992525787e-02 -1.0335317222e-01 1.5249860311e-02
-8.4416546519e-03 -2.5126486972e-02 4.3683145680e-02
-2.8018485853e-02 -4.2977099942e-02 2.8648577586e-02
-4.3791515428e-02 -4.3271596217e-02 2.4506238261e-02
-9.8544292020e-02 -3.7866960569e-02 -5.7420939883e-02
2.8760995339e-02 4.2172030912e-02 4.8848534950e-02
3.2278475421e-01 3.0127379491e-01 1.8043365122e-01
7.2788164682e-01 6.8054706726e-01 2.7528668568e-01
9.7186672837e-01 8.9357575166e-01 1.5770748525e-01
9.3889008073e-01 9.4502538957e-01 -3.8913942606e-02
6.3804934824e-01 7.1507827322e-01 -3.0831107648e-01
2.0076257930e-01 2.4503569543e-01 -4.7233523268e-01
-1.1316806737e-01 -1.4764536223e-01 -1.9453747851e-01
-1.3847660427e-01 -1.8484010395e-01 -9.2795280946e-03
-2.7903330814e-02 -1.4858849767e-01 4.2675544643e-03
-4.4522077392e-02 -1.3459596581e-01 -1.6249901569e-03
-3.8381314304e-04 -2.7428007227e-02 4.7976856458e-02
-1.7506546110e-02 -5.9357965419e-02 3.4240011464e-02
-2.8577946636e-02 -5.6888948117e-02 2.5878412355e-02
4.2981526224e-02 8.1405059479e-02 9.5015194038e-02
3.9551932501e-01 4.8316788883e-01 3.7682251254e-01
6.7817007697e-01 8.7039589631e-01 5.2252656167e-01
7.4780768147e-01 9.8330568674e-01 4.3171544797e-01
5.9233110111e-01 8.2812899999e-01 1.1971961458e-01
4.5984779578e-01 7.0823092206e-01 -1.2014623310e-01
2.9275136808e-01 5.1371845423e-01 -2.8247751342e-01
1.8091284675e-01 2.8662606637e-01 -6.7875846348e-01
-5.8578429424e-03 -2.4146723464e-02 -4.2363108286e-01
-8.7500186778e-02 -1.5373242232e-01 -5.6934639943e-02
-2.0612127097e-02 -1.3214108514e-01 -4.4105370674e-03
-4.9965008821e-02 -1.2158859030e-01 -1.0053777118e-02
-3.0279494275e-03 -1.8841088066e-02 2.0185834525e-02
-1.6259520277e-02 -5.6585560169e-02 -1.5103015298e-02
3.8051162861e-02 4.2332171080e-02 4.6513745872e-02
2.6612921740e-01 5.1900008062e-01 3.3634319785e-01
5.9543155181e-01 1.0630542730e+00 6.1668390543e-01
4.5313766801e-01 9.0335134976e-01 4.0495120029e-01
2.4019056265e-01 6.3960955923e-01 8.3090552072e-02
3.9537553132e-02 3.0453250735e-01 -1.1353059613e-01
-5.7431647046e-02 4.3159297100e-02 -1.3596695840e-01
-8.8696034162e-02 -1.1519665011e-01 -8.8934703188e-02
-3.0422822345e-02 -3.2310176253e-03 -4.5171765576e-01
-2.0356951173e-02 3.4347907243e-02 -4.0093163026e-01
-7.7624802352e-02 -7.8110851722e-02 -7.6603164836e-02
-1.3473350498e-02 -1.0109609487e-01 -1.6542784873e-02
-4.5647532353e-02 -8.8614672137e-02 -1.5796660544e-02
-2.5413343510e-02 -3.6900582992e-02 -1.1059752454e-02
-2.6014974475e-02 -4.5913906236e-02 8.0678809207e-03
9.5378766341e-02 2.5906473749e-01 2.3441987543e-01
3.2135625825e-01 9.2471144228e-01 6.3359553178e-01
4.3127330395e-01 1.1367118209e+00 6.3239872790e-01
1.9464961102e-01 7.7494584366e-01 2.3988390750e-01
2.8072630157e-02 3.5509225991e-01 -6.0535664621e-02
-6.1470126467e-02 -7.3684887572e-02 -1.1613261196e-01
-6.2189208872e-02 -4.4968649768e-01 -3.7840963784e-02
-1.1625608934e-01 -6.0776554487e-01 6.5585926426e-02
-9.9330824286e-02 -3.5752805113e-01 -5.3908605459e-02
-5.3794065955e-02 -9.2511975479e-02 -1.0816056309e-01
-5.0234388426e-02 -8.5595407718e-02 -3.5572478089e-02
-7.0022006976e-03 -1.0233412119e-01 -5.8800912902e-03
-3.6110241780e-02 -7.2339231549e-02 -5.2108891720e-03
-4.0066493008e-02 -4.9020842011e-02 -2.0351012010e-02
-3.2048365081e-02 -9.8916391507e-03 2.1417622006e-02
1.5048479053e-03 3.8451391349e-01 3.1381276824e-01
4.1389401839e-02 9.5870934004e-01 5.9645767009e-01
2.5133343111e-02 9.7928089897e-01 4.4163299402e-01
-5.4383797944e-02 6.4165599171e-01 8.4533617433e-02
-8.1899946264e-02 1.5564890877e-01 -1.2906781762e-01
-5.3498890736e-02 -3.7020371453e-01 -8.8443001344e-02
-4.7512778057e-02 -8.6827834455e-01 2.3841336965e-02
-2.6128758772e-02 -9.5502747265e-01 8.0278175509e-02
-3.6868258807e-02 -4.4465028538e-01 -1.0599324832e-01
-1.0741447877e-01 -1.1018296877e-02 -2.7476764119e-01
-9.6397125172e-02 -4.4814819975e-02 -9.6404492126e-02
-4.6782929138e-02 -8.5650945383e-02 -3.0331796641e-02
-5.0951165251e-02 -6.4678755713e-02 -1.9111995010e-02
-5.3558310480e-02 -6.5339661420e-02 -2.5287373293e-02
-7.6194460598e-02 -4.0972719050e-02 -1.4505013093e-02
-1.5296558466e-01 3.2899125336e-01 2.3855800090e-01
-3.1877332832e-01 9.5625559288e-01 5.4913155845e-01
-3.5336302208e-01 1.0110187993e+00 4.2205468821e-01
-2.6669381518e-01 5.3462560184e-01 7.8073988906e-02
-1.4024932246e-01 9.5816472535e-02 -7.3327245267e-02
-5.2118681336e-02 -2.9367148272e-01 -9.7080407007e-02
1.5616048515e-02 -7.8219007789e-01 2.0507140549e-02
8.5209738781e-02 -9.9872997809e-01 2.0041428367e-01
2.2741159715e-01 -6.7913526180e-01 2.2158199909e-01
5.6823956193e-02 -9.6824659108e-02 -7.9328826298e-02
-7.4740656227e-02 -8.1116311480e-02 -5.7880998380e-02
-3.9365924551e-02 -1.1822289176e-01 -1.4128482538e-02
-3.7181586511e-02 -1.0224445637e-01 2.6094669131e-03
-3.7609743298e-02 -5.8334898041e-02 -5.7050229842e-03
-6.7885011402e-02 -6.1031893617e-02 -2.8787765894e-03
-1.9621001905e-01 1.7901288113e-01 1.3445637553e-01
-4.0654222386e-01 6.6611566435e-01 3.9279909934e-01
-1.5078135576e-01 8.5855755055e-01 4.9222466631e-01
5.4341635700e-01 5.6400975833e-01 3.6870163364e-01
7.6179805089e-01 9.7283680281e-02 3.4192690773e-02
6.8307807348e-01 -2.9182865613e-01 -1.6255842283e-01
7.6816122882e-01 -4.4726836433e-01 -1.7881773116e-01
7.1593348797e-01 -4.9244146620e-01 -3.2082166598e-02
7.6658088783e-01 -1.3614493293e-01 2.1397089136e-01
5.4947334572e-01 1.2701642363e-01 -1.6027795674e-01
-3.1249838059e-02 -1.0325782725e-01 -6.8825329926e-02
-5.0159705699e-02 -1.2585486376e-01 9.0264479432e-03
-4.4859549060e-02 -9.8317090587e-02 1.9058238482e-03
-3.2804835874e-02 -6.2541265314e-02 -1.2295952949e-04
-5.0592429396e-02 -7.9576730329e-02 -2.8021011299e-02
-1.1143610429e-01 -9.0910476017e-03 -4.1910105269e-04
-1.1307546842e-01 3.1273891230e-01 2.9033761054e-01
4.5850375042e-01 1.2941052269e+00 1.2062229571e+00
1.1754316962e+00 1.5398851434e+00 1.2947689891e+00
1.2165013173e+00 2.1194569792e-01 1.6192338869e-01
8.3225176062e-01 -6.9388195291e-01 -2.7406186317e-01
1.0607350626e+00 -2.6762375718e-01 -2.9603493328e-01
1.5784402124e+00 6.1773667769e-01 -8.7182675402e-01
1.9429973140e+00 1.7195678178e+00 -7.9962223320e-01
1.8159691664e+00 1.7305015596e+00 -1.0916672262e+00
1.4418107132e-01 2.5530263493e-02 -3.2408804887e-01
-1.3278223363e-02 -1.4443112916e-01 -9.3291742388e-04
-2.1274894779e-02 -1.0470839775e-01 8.7386659176e-03
-9.3155323821e-04 -5.5858531224e-02 2.9755730539e-02
1.0181411089e-02 -6.8346256881e-02 3.4930853405e-02
3.5084198237e-03 -5.5686848189e-02 3.8946183805e-02
-1.2061977674e-01 1.8478996814e-01 2.7036912461e-01
-5.4098002058e-01 1.1797954172e+00 1.1456382151e+00
-9.3641324194e-01 1.6432429502e+00 1.5589197389e+00
-5.7164142177e-01 8.5673221245e-01 7.8183816970e-01
-2.1745558349e-01 -2.1792664074e-01 3.4439393683e-02
-1.7701602016e-01 2.0230150367e-01 -1.9909547478e-01
-2.6407952134e-02 9.8261670569e-01 -1.0506425972e+00
-1.5883506630e-01 1.1785139925e+00 -9.4919201827e-01
6.1541428933e-01 1.9536981885e+00 -6.7847904697e-01
1.3611599084e-02 -1.4316362072e-02 -2.1167008746e-01
6.1308886251e-03 -1.5034577333e-01 -1.0780453707e-02
-4.5194993006e-03 -8.4595021366e-02 -8.5450219993e-03
8.3972389546e-03 -5.8634441529e-02 4.0380339107e-02
1.7291186591e-02 -6.9890797862e-02 3.3307326172e-02
2.2793823931e-02 -6.6756179532e-02 3.5339483033e-02
-6.2083645463e-02 -2.4404087166e-02 5.6131827780e-02
-4.7598282716e-01 2.0644565867e-01 3.3647318249e-01
-1.5004553491e+00 5.0251830423e-01 9.7116386902e-01
-1.9753388063e+00 1.2151184810e+00 1.2234446910e+00
-1.4595508884e+00 9.5086630377e-01 5.4685825942e-01
-1.1312590260e+00 1.0484439242e+00 -2.0386950227e-02
-9.6275152740e-01 2.5735380434e-01 -4.8874103478e-01
-8.3343317007e-01 3.0781973812e-01 -4.5615450304e-01
-2.6913143180e-01 1.3803723641e+00 -3.9775076691e-01
-5.5003252416e-02 -5.1149810623e-02 -1.6906459689e-01
2.3550040053e-02 -1.2424631040e-01 -3.4397027589e-02
-3.0538417175e-03 -8.3778328526e-02 -1.6768383087e-02
9.2166051611e-03 -6.3878769661e-02 4.0348090975e-02
1.3353503587e-02 -7.8978103261e-02 3.7960396335e-02
1.2264769609e-02 -7.6149779631e-02 3.3970015494e-02
-7.3456712126e-03 -7.4829287824e-02 1.4719143597e-02
-7.6777638731e-02 -3.5958199348e-02 6.0427730510e-02
-3.6637587172e-01 2.3357245434e-02 2.2721321455e-01
-1.1023252104e+00 7.1969236241e-02 4.7952080253e-01
-1.7084421282e+00 2.4799074029e-01 4.7801955604e-01
-1.6470911444e+00 8.6810489023e-01 3.4276038135e-01
-1.0741778560e+00 6.7258635521e-01 3.1688210720e-02
-4.5295547589e-01 5.7346411033e-01 -3.2030091576e-01
-2.8738895905e-01 9.7162770321e-01 -3.7026020629e-01
-8.9499268848e-03 -8.8980296021e-02 -1.6389498806e-01
3.3661160084e-02 -1.2743706648e-01 -2.1979926490e-02
-5.0761764305e-03 -8.3740377249e-02 2.1565278452e-03
6.3339600095e-03 -5.3318893575e-02 3.2087487233e-02
5.9913512538e-03 -6.7865140996e-02 1.8917902036e-02
6.3846931197e-03 -7.2589701693e-02 8.3664771673e-03
-1.4178971310e-02 -6.9135835420e-02 -3.7534649440e-03
-1.9563057395e-02 -5.3696591127e-02 1.2445085067e-02
-4.4668436646e-02 -4.2915871936e-02 3.8441704300e-02
-1.9913646688e-01 2.6817911304e-02 1.3878531194e-01
-5.6853298884e-01 6.2579686879e-02 2.9337466978e-01
-9.6970466975e-01 4.6856338416e-01 5.0106609238e-01
-7.7809522169e-01 5.8364258110e-01 4.7523191504e-01
-4.7711227234e-01 6.5500775349e-01 -1.7574174973e-01
-4.4641545545e-01 1.0158088548e+00 -2.4093486311e-01
-2.4684161344e-02 -4.0280918221e-02 -1.1004134408e-01
3.1678229462e-02 -1.1412889830e-01 -2.8268742617e-02
-1.5281057900e-02 -6.0189080458e-02 8.0790285237e-03
-1.2398160908e-02 -5.8771068421e-02 4.8833882543e-03
-5.7123840433e-03 -7.4828268014e-02 2.1996056178e-03
-6.7775645484e-03 -7.5039871195e-02 -8.7813887094e-03
-1.9202567087e-02 -7.2910856950e-02 -9.6022105293e-03
-1.6929194278e-02 -5.6279343806e-02 1.0493248140e-02
-2.7836751978e-02 -5.2909249317e-02 9.2650471850e-03
-2.7318547737e-02 -4.4003264859e-02 2.0077438737e-03
-8.1765022840e-02 -2.6354253595e-02 4.0378505496e-02
-2.1552455925e-01 1.4430291566e-01 2.3167064885e-01
-3.0062360556e-01 4.0252474911e-01 4.2651517876e-01
-4.2336692111e-01 7.4300030803e-01 2.8053145523e-02
-4.5731357031e-01 8.4792224221e-01 -2.5402477327e-01
-3.1322780707e-02 -2.9738360743e-03 -7.7824283917e-02
3.5326080186e-02 -9.6865653073e-02 1.0111911271e-03
-1.0642672291e-02 -5.7437624693e-02 2.2431673274e-02
-9.2352210456e-03 -6.2320047052e-02 6.2157894109e-03
-7.8361582741e-03 -7.6724351973e-02 -5.5810846302e-03
-3.5856321314e-03 -7.7162358322e-02 -6.3951999138e-03
-1.7783827979e-02 -7.8822408289e-02 -1.7254219263e-02
-2.5290875979e-02 -7.5088102863e-02 -8.5545715609e-03
-3.0501117324e-02 -6.6545644643e-02 -1.5497387924e-02
-1.8183084658e-02 -6.0527108706e-02 -2.5311516618e-02
-5.8013138073e-03 -5.3979792390e-02 -3.3274030422e-03
-5.5759099889e-02 1.0386783401e-02 4.9617995751e-02
-1.4820099000e-01 1.7003427230e-01 1.0572971442e-01
-2.0178792818e-01 2.2235402715e-01 -4.1585218784e-03
-1.7609387100e-01 1.8483744452e-01 -1.2558388090e-01
-2.7761238745e-02 -5.0423574086e-02 -2.9797796492e-02
1.1177534646e-02 -8.0930275064e-02 -8.0130678165e-04
-1.9005101217e-02 -4.6401606770e-02 1.5382481254e-02
-1.6278821570e-02 -7.7429298405e-02 -1.2945928844e-03
-1.2215903274e-02 -8.7998047693e-02 -1.9466252117e-02
-1.6175870118e-02 -8.9244428366e-02 -1.2116694412e-02
-2.5438126737e-02 -9.1135888784e-02 -2.0579189198e-02
-4.0808418254e-02 -9.1180169797e-02 -1.0769810107e-02
-4.0294316301e-02 -9.4114280792e-02 -2.9532280941e-02
-2.9398789624e-02 -8.6229330752e-02 -2.7892488310e-02
-1.4975603847e-02 -8.8266993281e-02 -1.5923764003e-02
-2.3464069520e-02 -7.2571882776e-02 6.8416824827e-03
-4.0099274122e-02 -4.5112414237e-02 7.1621951379e-04
-4.1127346136e-02 -4.4958813933e-02 -2.0235519170e-02
-5.9042566401e-03 -7.1543256887e-02 2.3868730415e-03
-7.1396098661e-03 -9.2326742486e-02 2.8103790071e-02
5.7155363900e-03 -8.7044494849e-02 2.1742189850e-02
-1.5064514330e-02 -7.4324899914e-02 2.9796223342e-02
-2.7918774468e-02 -2.1061489137e-02 3.9298742149e-02
-2.2322181213e-02 -2.7201750214e-02 1.3592862626e-02
-4.7727547831e-02 -3.0089056034e-02 1.6851881809e-02
-7.0878212458e-02 -3.0500449837e-02 -4.5274375008e-02
5.5132798532e-02 -5.3679270318e-02 2.6618657833e-02
2.9755905975e-01 2.7768856016e-02 1.0458300707e-01
6.9490424038e-01 2.5854655631e-01 2.3404762808e-01
8.8533760552e-01 4.4921639677e-01 1.6555918736e-01
1.0576690357e+00 5.8209695129e-01 5.1139616408e-02
1.0840912042e+00 5.8758382241e-01 -3.5402485380e-01
5.2202144954e-01 1.9796307725e-01 -5.5071523206e-01
-5.7595152876e-02 -1.8966582732e-01 -1.5447086919e-01
-1.2328887985e-01 -1.5368627100e-01 1.7623359120e-02
-2.6142143549e-02 -9.7617119097e-02 2.8420697420e-02
-4.7915812833e-02 -8.0207041078e-02 7.8162455254e-03
-1.9108787020e-02 -1.0532492281e-02 2.5350156663e-02
-1.6721347575e-02 -3.0683034547e-02 -6.3582394560e-03
-3.4108367108e-02 -2.1271827263e-02 2.3268417420e-03
2.7305038738e-02 4.4978550390e-02 6.0205466990e-03
4.5481240196e-01 2.7899311529e-01 3.2424647893e-01
9.1585183055e-01 5.8273022106e-01 4.9972421592e-01
1.0347526779e+00 6.4633730798e-01 4.1682848825e-01
7.9035438568e-01 4.8002050712e-01 1.2809887838e-01
5.2666862723e-01 3.5284261315e-01 1.7613941048e-02
5.7224617965e-01 4.6457476129e-01 -3.4357450921e-01
5.8631588016e-01 4.4642571024e-01 -8.6637751439e-01
-5.5946715164e-03 -7.0417530424e-02 -4.4603532120e-01
-1.2893485730e-01 -1.6191646892e-01 -2.3660191732e-02
-3.5775110125e-02 -1.1724675555e-01 5.6064917989e-04
-3.8862252172e-02 -1.1378611173e-01 1.6907172441e-03
-2.9993787309e-02 -1.2972660351e-02 2.7692338584e-02
-2.8717198446e-02 -4.0360035522e-02 -7.7648819170e-03
2.4764664863e-02 2.3616447033e-02 1.1168309804e-01
4.3118733287e-01 3.5504947591e-01 4.4098580749e-01
9.6117786556e-01 7.1765548133e-01 7.6977466421e-01
6.7342934622e-01 5.2613391646e-01 4.5492294975e-01
3.5421335628e-01 3.1793745219e-01 1.0839611682e-01
6.3020157946e-02 7.4471731535e-02 -1.6206433848e-01
-2.3682116208e-01 -2.5344682311e-01 -7.0563900655e-02
-2.2632357726e-01 -2.4135731542e-01 -3.7837480565e-02
9.1550199178e-02 1.0839074615e-01 -4.3831536443e-01
2.3466739323e-02 -3.5124367388e-02 -3.6749171045e-01
-8.6742875134e-02 -1.3470286238e-01 -5.1755366835e-02
-2.6633373259e-02 -1.0132136216e-01 -1.5017202714e-02
-4.2772682058e-02 -9.9750770163e-02 -7.9750691896e-03
-4.0295683473e-02 -1.1776826890e-03 1.4428381144e-02
1.3416604386e-03 3.0484704891e-05 8.2791401265e-03
2.2376441293e-01 2.8585772962e-01 3.7936945883e-01
6.3352203349e-01 7.3228453843e-01 7.0046926786e-01
5.5656899856e-01 6.2632419659e-01 5.1680954665e-01
2.1992607359e-01 3.0139052616e-01 1.3153936067e-01
1.4790428848e-01 3.3656118715e-01 -3.2978857422e-02
-5.1274151480e-02 1.2022861288e-01 -1.4458545837e-01
-4.1467574957e-01 -5.2428304847e-01 4.3861703567e-02
-4.8126298201e-01 -8.7057218175e-01 2.3048432711e-01
-2.4909355472e-01 -4.3884534314e-01 1.3908645808e-01
-1.8060964866e-01 -2.7812955560e-01 -8.4455192611e-03
-1.0421969534e-01 -1.1267099250e-01 -2.8111746773e-02
-1.7724987473e-02 -7.0734167952e-02 -3.0147614576e-02
-3.4957609964e-02 -7.6229934585e-02 -1.6206512250e-02
-4.5990137865e-02 -7.8819777481e-03 2.0966036415e-02
7.9650714972e-02 1.3451537671e-01 2.1649889840e-01
3.7366904849e-01 6.6223846513e-01 7.9174533158e-01
4.0462961670e-01 7.2613827486e-01 6.8564715706e-01
2.6514878865e-01 4.8240557331e-01 3.6849263012e-01
6.8389388381e-02 3.0678282891e-01 6.3234542172e-02
2.0660681223e-02 1.6108709752e-01 -5.4611900562e-02
-8.3885142666e-02 -1.6792286806e-01 -4.6414994795e-02
-2.1092423276e-01 -8.1681670146e-01 1.6464121325e-01
-3.2321704673e-01 -1.3744575073e+00 4.5016259969e-01
-2.6754825938e-01 -1.2996415103e+00 5.8480966187e-01
-1.7810009638e-01 -8.3773701171e-01 8.1728651775e-02
-7.4735868954e-02 -1.8802703906e-01 -8.1480943690e-02
-1.5669555976e-02 -6.2065583003e-02 -2.0224851697e-02
-2.9632693797e-02 -6.3017308370e-02 -9.9562228227e-03
-4.8597734397e-02 -9.7336290335e-04 3.6787946143e-02
6.4659495219e-02 2.9376346845e-01 3.4586075029e-01
1.3041790887e-01 7.0324595547e-01 7.0924961639e-01
3.9408128900e-02 4.9408840194e-01 3.6722336592e-01
-4.8154752904e-02 2.5155513513e-01 1.1643940295e-01
-7.9254196345e-02 2.0407877632e-01 -4.6949764716e-02
-3.0327833913e-02 3.2389139927e-03 -8.8647475098e-02
-1.6143169490e-02 -4.3715713354e-01 -6.4884482697e-03
-2.8231591274e-02 -1.2240732875e+00 1.8213619896e-01
-1.2181536412e-01 -1.7343201328e+00 4.6131423272e-01
-1.0526091434e-01 -1.7195982104e+00 6.5533419527e-01
-5.0562702384e-02 -9.3941649668e-01 -2.1373337632e-01
-9.6689955264e-02 -1.4342326651e-01 -2.1693500101e-01
-5.1166627460e-02 -4.2013556200e-02 -5.3879472020e-02
-4.2006564673e-02 -5.3176741136e-02 -2.4214226456e-02
-6.4612127122e-02 -1.2521827568e-02 1.9974033408e-02
-7.9422407644e-02 2.2893897393e-01 2.0310415490e-01
-1.8044065501e-01 5.6249805366e-01 4.7206064528e-01
-2.1862712902e-01 2.8315183367e-01 1.0982022288e-01
-1.8286162709e-01 -1.1265542584e-01 -1.0011602930e-01
-2.0501963482e-01 -1.4756077421e-01 -1.5398708856e-01
-2.4799411393e-01 2.2558570963e-02 -5.2370206050e-02
-1.6205651594e-01 -2.6200934907e-01 -2.9145704243e-02
4.3957790921e-02 -1.1713392457e+00 7.9458833063e-02
1.2491205553e-01 -1.4873115736e+00 3.4942850416e-01
2.8208753203e-01 -1.2986173117e+00 7.8320992082e-01
2.4558786356e-01 -6.1267167731e-01 1.2607857456e-01
-5.3447313515e-02 -1.0941818358e-01 -7.8944791529e-02
-3.2760127682e-02 -8.0312299536e-02 -2.0246200931e-02
-2.8515664723e-02 -8.8299862587e-02 -1.3764984861e-04
-6.3134696777e-02 -4.8472351003e-02 -6.8615276189e-03
-1.5475699165e-01 1.2203685190e-01 8.2949256476e-02
-4.3815060765e-01 6.0962692345e-01 4.3703209271e-01
-3.3428715001e-01 4.7371157011e-01 2.8039037410e-01
1.3171101633e-01 5.1790031744e-02 6.8529441930e-02
2.5315441975e-01 -2.0000101001e-01 -7.5689706780e-02
-3.4210823553e-01 1.2792060566e-01 -9.7724762355e-03
-6.7000796288e-01 2.6737560195e-01 2.8056335102e-02
-3.0051828717e-02 -4.4358362301e-01 1.8537492868e-02
1.8085020354e-01 -6.5596917116e-01 7.4443735607e-02
6.4128558274e-01 -3.3061854465e-01 3.1454227338e-01
7.4938536098e-01 -2.1325344207e-01 -5.6525664461e-02
-2.5749741861e-02 -1.0292779767e-01 -6.8764603855e-02
-5.4381359714e-02 -8.7195040442e-02 2.6172172832e-03
-4.1661335993e-02 -7.3829341503e-02 2.9450454247e-03
-4.0836497591e-02 -4.6728421895e-02 3.0292641892e-03
-1.1030118335e-01 3.3442730619e-02 7.0543548461e-04
-3.4506105817e-01 3.4524733901e-01 2.2298072332e-01
1.2486435280e-01 6.4662296041e-01 6.5211121326e-01
1.2394479403e+00 8.1463253550e-01 9.2752807286e-01
1.3560806473e+00 -2.8082888170e-01 1.2052230755e-02
6.7231094069e-01 -9.6868640217e-01 -5.2357617928e-01
-1.3049619859e-01 -4.9970158607e-01 -1.8346696709e-01
3.2547252087e-02 -4.1884259696e-01 4.2550289944e-02
4.5095788784e-01 -1.8843224080e-01 -4.4119842599e-01
1.0940643022e+00 4.2071479427e-01 -7.1813321981e-01
1.7523888953e+00 4.2946492768e-01 -6.6553270401e-01
2.3371964429e-01 -1.1412137439e-01 -2.7066791735e-01
-2.9386091558e-02 -1.0741224465e-01 -2.2376111131e-02
-1.7548487996e-02 -8.6936203048e-02 6.7781693636e-03
-5.6044154344e-03 -4.8992904323e-02 3.2797422717e-02
1.0824269897e-02 -4.0754425703e-02 2.1206465801e-02
-6.9234500416e-02 4.2869601146e-02 1.0424019711e-01
-1.0910749430e-01 5.1238388067e-01 6.9372508751e-01
-2.0919279010e-01 1.1361422968e+00 1.0789958609e+00
-3.2759025762e-01 5.2106536004e-01 5.4654847679e-01
1.0450552069e-02 -3.5067083404e-01 -3.3387956012e-02
1.2197723938e-01 -4.4236502746e-01 -1.5379432754e-01
-1.1220165867e-01 -2.5847569344e-01 3.2322857429e-02
3.1030920136e-03 1.5531368418e-01 -6.9585729857e-01
-1.8500067597e-01 7.4813851590e-03 -4.6899296491e-01
6.2668092464e-01 5.2861837421e-01 2.5375523473e-01
9.1325864393e-02 -1.4513933566e-01 2.9129377708e-02
-8.0513335590e-03 -8.8618993594e-02 -4.2164609505e-02
-9.1160665345e-03 -4.9198676383e-02 -1.8992779987e-02
6.7067795562e-03 -5.0552458433e-02 3.4557942421e-02
3.4717338003e-02 -6.0284897599e-02 -2.1799039741e-04
-5.7474511124e-03 -5.6904502047e-02 6.6266452320e-03
-2.8183291170e-01 -7.5653331257e-03 7.9188954814e-02
-8.8660784175e-01 -6.1664450414e-03 2.7301414019e-01
-1.2458807986e+00 4.5162565980e-02 6.7448037956e-01
-1.2529807429e+00 3.7012369642e-01 7.1037189333e-01
-6.2915516822e-01 7.6005683016e-02 1.7954099665e-01
-2.8564543881e-01 -5.0049044734e-02 1.6009352561e-02
-2.2483169531e-01 -1.4721090261e-01 -2.8637349517e-01
-3.3883476899e-01 -1.8486582882e-01 -1.6781646622e-02
-1.4918159335e-01 5.0106155605e-01 2.9422430252e-01
-5.7483382139e-02 -1.0642342984e-01 -3.7272776158e-02
1.1565346500e-02 -8.1941996962e-02 -7.9643548033e-02
-3.9344037551e-03 -5.4788481485e-02 -2.2944177537e-02
-3.9278971154e-03 -5.3528780925e-02 3.3293843264e-02
1.7292973730e-02 -6.5646899104e-02 1.0156022333e-02
1.3754287786e-02 -5.9360834661e-02 2.4429048477e-02
-3.7734058663e-02 -6.4283636976e-02 -2.5364955454e-02
-1.3155101439e-01 -1.7211088143e-01 1.3790895605e-02
-3.5778170954e-01 -4.6084833298e-01 3.9778205367e-02
-8.9611187615e-01 -6.3453675916e-01 1.3627279681e-01
-1.0535744484e+00 -5.0082589437e-01 2.0555824774e-01
-8.0367900730e-01 1.2646854647e-02 2.0509463631e-01
-4.9139559462e-01 1.0541809895e-01 9.0824389265e-02
-8.1253924129e-02 -2.4630728091e-01 -6.1668510638e-02
-7.3116627205e-02 1.7319593247e-01 -8.8185846289e-02
2.8716384948e-02 -1.7379911141e-01 -1.2768995894e-01
3.2936737225e-02 -8.6719138408e-02 -4.8526452404e-02
-5.1574748232e-03 -5.8386434891e-02 5.5025762059e-03
-1.7679372428e-02 -4.3627595695e-02 3.2615700027e-02
-1.1206902029e-02 -5.3018811861e-02 -3.7862063880e-03
-2.1843609285e-02 -5.0135234730e-02 5.7575533087e-03
-3.9106869438e-02 -2.9580095351e-02 4.5353220583e-03
-5.6425125307e-02 -7.0937981302e-03 4.8256379064e-02
-1.4774682998e-01 3.2306155368e-02 3.5905552016e-02
-3.7827621946e-01 4.6623096225e-02 2.0601869935e-01
-6.3491002132e-01 -4.0751342979e-01 3.5232372633e-01
-6.6036774294e-01 -6.3966073834e-02 4.0720108386e-01
-5.1675721084e-01 4.0136252646e-01 5.0040939414e-01
-1.5383030797e-03 -6.2688317361e-02 1.2296435101e-02
-1.2399560080e-01 4.3658936315e-01 7.2744626157e-02
6.2211582340e-02 -8.8771973161e-02 -4.3273483092e-02
3.3353691684e-02 -7.8289111886e-02 -5.3897698877e-02
-1.9482684442e-02 -3.2985559153e-02 9.0458661002e-03
-2.6091300688e-02 -4.4695497213e-02 1.1760004626e-02
-1.6277421147e-02 -5.4551295545e-02 -1.5682240137e-02
-3.2052858459e-02 -4.5181191600e-02 3.9360480589e-04
-4.4492126348e-02 -2.7744111459e-02 -2.4962891356e-03
-3.7439011010e-02 -6.6187767378e-03 3.2298246131e-02
-4.5132241159e-02 1.2164679690e-03 1.6083776311e-02
-5.5092086782e-02 4.6493762556e-03 4.0350815913e-02
-1.1781554281e-01 -7.1390211592e-02 1.7586190669e-01
-3.6655419381e-02 -3.3344453637e-03 6.5651472960e-01
-5.1088285579e-01 9.7153410342e-01 8.4149493936e-01
-2.2129769574e-01 7.1237952253e-01 1.8799147505e-01
-6.5528747066e-01 1.2909988890e+00 -1.1622755252e-01
-9.3813339867e-02 2.3585772537e-01 -1.1029550273e-01
6.2004999154e-02 -7.0204414727e-02 -2.9871790711e-02
-1.4239651627e-02 -3.4664325072e-02 2.4388954344e-02
-2.6644906551e-02 -4.9188153401e-02 -7.2590338574e-04
-1.7158020107e-02 -6.5399382988e-02 -3.2243954593e-02
-3.5916187196e-02 -5.0585002265e-02 -2.3955941651e-02
-4.6752745978e-02 -5.1051205586e-02 -4.0211382535e-02
-4.3855620978e-02 -3.2403243311e-02 -2.4036107425e-02
-4.7496866359e-02 -1.7949718716e-02 -3.3615062493e-02
-3.8326115210e-02 -6.8758219120e-03 -2.3675902605e-02
-7.6803056180e-02 3.4554709356e-02 8.1254190212e-02
-2.0210992472e-01 3.5931099793e-01 4.4841451294e-01
-6.7892424725e-01 1.1186398332e+00 6.0360823209e-01
-5.6457343171e-01 9.4043231071e-01 2.0682904597e-01
-8.6975308566e-01 1.0315444596e+00 -3.8430253936e-01
-2.8042360574e-01 2.6698481798e-01 -2.7073234497e-01
1.2585642054e-02 -2.7374481991e-02 -3.1422487107e-02
-2.5764517476e-02 -1.9783892660e-02 1.2647430841e-02
-3.0157754634e-02 -7.1228192747e-02 -2.2059295721e-02
-1.7137279549e-02 -8.9051467681e-02 -6.8130132266e-02
-3.1375770152e-02 -8.2927896621e-02 -3.7022295424e-02
-4.2915670622e-02 -7.5452142977e-02 -6.0331417853e-02
-4.8745970023e-02 -7.3271603862e-02 -4.5305217483e-02
-4.4404850504e-02 -6.7772830321e-02 -7.3671482886e-02
-3.0370426862e-02 -6.7660900968e-02 -5.8808349096e-02
-4.9732098712e-02 -4.0525889454e-02 -1.8288223024e-02
-1.3975871704e-01 8.8466378342e-02 1.0290524933e-01
-3.3449374812e-01 3.4092815990e-01 9.9269582004e-02
-3.0652973179e-01 2.8586764933e-01 -1.6984247521e-02
-2.3280097620e-01 1.6201791497e-01 -9.7589781160e-02
-6.7150945842e-02 -9.4203258450e-03 -3.3787199989e-02
1.7040529301e-02 -5.6426305544e-02 1.1776099063e-02
-7.4898444126e-03 -6.1106638202e-02 2.5484216995e-02
-1.0298857877e-02 4.5086592335e-04 1.7813906092e-02
-3.9138344722e-03 -9.8730743455e-03 1.5748074343e-02
-1.2083197278e-02 -7.7304225784e-03 1.1623181158e-02
-1.9376719175e-02 -6.8263946749e-03 1.2376450474e-03
1.9127939557e-01 8.1867971247e-03 1.4952783425e-01
7.8623549051e-01 1.7641738953e-01 4.0405714700e-01
1.3607412714e+00 4.4556071990e-01 5.5938849695e-01
1.3887277264e+00 5.8871716272e-01 4.2728476108e-01
1.7017574022e+00 7.2193544838e-01 1.6615388210e-01
2.0007221939e+00 7.7628456542e-01 -5.4910892165e-01
1.1685183688e+00 4.5886038296e-01 -8.9521867972e-01
3.5918507612e-02 -3.0509102094e-02 -2.1125800174e-01
-1.4696007333e-01 -1.0096764207e-01 -1.7522667063e-02
-5.8559741021e-02 -6.6317580431e-02 2.1062214890e-02
-7.1812312726e-02 -5.1231235121e-02 -1.3016716400e-02
-1.3793925611e-02 1.0970547467e-02 7.2991058002e-03
-1.2076645421e-02 -2.1625737905e-02 -9.4712216564e-04
4.5151471572e-03 -1.9086758166e-02 5.0432007639e-02
2.0830642522e-01 5.7688004682e-02 2.0948208166e-01
7.4044962440e-01 2.5383005685e-01 6.3222327954e-01
9.5467346400e-01 3.6456526565e-01 6.3744509864e-01
7.2615644181e-01 2.9097367422e-01 3.4346980522e-01
3.4828051891e-01 1.3876602042e-01 7.1406267844e-02
-5.7460723313e-02 1.2583015849e-06 1.7087909818e-02
1.0527261269e-01 7.9366011514e-02 -1.4957833885e-01
4.6566226489e-01 3.1288674963e-01 -4.9722510219e-01
1.8082207704e-01 1.3952333315e-01 -2.8824856892e-01
-7.3602232176e-02 -7.3821295299e-02 -6.5076926287e-02
-3.6730310229e-02 -6.8352054411e-02 -1.3199956385e-02
-4.7009829596e-02 -6.6282318855e-02 -8.0875742867e-03
-2.6804277392e-02 1.6681754333e-02 4.5608237583e-03
-7.0194223720e-03 -1.2598365753e-02 1.8094751154e-02
1.6269654249e-01 6.2494115173e-02 2.4650031517e-01
6.5472766336e-01 2.9210155454e-01 6.7658610708e-01
6.9818984000e-01 2.9849941809e-01 6.4610874434e-01
3.2982501866e-01 1.2799197620e-01 2.3978228974e-01
1.5460648574e-01 8.8773500452e-02 3.3413653525e-02
1.6995513061e-01 1.3206562949e-01 -2.1898679453e-02
-7.4767141480e-02 -6.2715426330e-02 1.0389887088e-03
-7.3680647227e-02 -5.9550243490e-02 1.4251964316e-01
2.3758700640e-01 1.8278381148e-01 1.9905007653e-01
1.3345203680e-01 7.3416154529e-02 7.7574865253e-02
-7.2019110994e-02 -7.3407351510e-02 -4.6727930679e-02
-1.7740684165e-02 -5.6283453926e-02 -2.4886233165e-02
-5.0258948704e-02 -5.1304847411e-02 -2.3378107161e-02
-5.6464704050e-02 4.5947761737e-02 3.0160451244e-02
6.1184745864e-02 7.4245719135e-02 1.6601385857e-01
4.0208872012e-01 3.0582666695e-01 6.7456591212e-01
4.3405246412e-01 3.0484835721e-01 5.6249116415e-01
1.6581828240e-01 1.1941201930e-01 2.2837441125e-01
1.0362239624e-01 6.5946032020e-02 1.1033793900e-01
7.6760872787e-02 9.2946670324e-02 5.2099213520e-02
4.0133716612e-02 7.6318715559e-02 5.3728538057e-02
-1.4128713664e-01 -1.5856566839e-01 6.3397192435e-02
-2.4811658365e-01 -3.6846151971e-01 2.7056809176e-01
-2.6076507761e-01 -4.6697622275e-01 6.3470381990e-01
-2.5148548084e-01 -4.3108207081e-01 3.7962271613e-01
-1.1423544318e-01 -1.2975906306e-01 -1.6078473619e-02
-1.0321536333e-02 -5.1313522038e-02 -4.6165724895e-02
-4.1965100331e-02 -4.5432440787e-02 -3.5080193113e-02
-3.6942890470e-02 6.0760078305e-02 9.3931517597e-02
2.5824546454e-01 2.4818740667e-01 5.2042397520e-01
3.3884685592e-01 3.9203870945e-01 7.3343475649e-01
1.4338664571e-01 1.9260879199e-01 3.3285601479e-01
9.5308792383e-02 9.6955628578e-02 1.7478209909e-01
6.0219569717e-02 2.9915024089e-02 7.8973924569e-02
2.8290826093e-02 -5.7361802675e-02 4.4975033157e-02
-2.2365826545e-02 -7.6493669753e-02 7.7916405472e-02
-6.0140509434e-02 -2.1342805846e-01 9.0606707023e-02
-1.7073662717e-01 -5.7109836511e-01 3.0466359646e-01
-2.6307774576e-01 -1.1421953674e+00 5.9103132928e-01
-2.0795821839e-01 -8.7633078562e-01 7.2731240954e-02
-7.4474672152e-02 -1.8180473963e-01 -9.2226185387e-02
-2.0292411445e-02 -4.9434466333e-02 -3.0093466289e-02
-4.4425275101e-02 -4.2499669035e-02 -2.4580756636e-02
1.7009176111e-02 1.1852622061e-01 2.8924890839e-01
2.5036260588e-01 4.2134036895e-01 7.2142725532e-01
6.8384988071e-02 3.4088534735e-01 4.7928285176e-01
-1.3680511082e-02 1.6410151324e-01 2.0402578384e-01
1.5696444022e-02 -5.8524388442e-04 1.1094731747e-01
2.8649342734e-02 -6.9918500679e-02 1.0578127617e-02
2.8330350241e-02 -1.2439300091e-01 -1.0289788384e-02
2.5751341882e-02 -1.2309527054e-01 6.6316825958e-02
3.2327719645e-02 -2.4985941171e-01 1.0320432813e-01
-3.8960788225e-02 -5.6864999428e-01 2.5328464689e-01
7.7995983467e-03 -1.3628790032e+00 5.8341931168e-01
4.2085427142e-02 -9.6070657429e-01 -1.3554806753e-01
-6.4355554130e-02 -1.2771308164e-01 -1.8690862749e-01
-5.5062865551e-02 -3.0383116099e-02 -6.5013587917e-02
-6.0355785319e-02 -3.8546973337e-02 -3.6912026236e-02
4.6570217192e-04 1.6286733103e-01 3.1674886225e-01
3.9616430472e-02 3.7383547503e-01 4.5754601304e-01
-9.2387659433e-02 3.1993879859e-01 3.0198056949e-01
-7.4486126306e-02 1.5565594532e-02 -1.0359707453e-02
-5.5860490083e-02 -1.8465268827e-01 -6.6101093821e-02
-5.9513247699e-02 -1.4151298281e-01 -5.3440408684e-02
-7.5227344757e-02 -3.0127132768e-02 6.0740019503e-03
-6.4145450064e-02 -3.3866936857e-02 -1.1609451824e-02
2.6335327660e-02 -2.1817727681e-01 6.8781032552e-03
4.7697083428e-02 -4.3087953492e-01 2.0196973400e-01
2.1292701637e-01 -9.5200609686e-01 8.5404308207e-01
2.2820135313e-01 -6.6335473286e-01 3.8673569150e-01
-9.6889670198e-02 -4.5522527395e-02 -8.8540816312e-02
-3.5482217227e-02 -1.0854649453e-03 -5.7896750195e-02
-4.3148508544e-02 -6.3381166261e-02 -6.4116875344e-03
-6.6411962579e-02 7.4305513426e-02 1.1830122996e-01
-9.1619162542e-02 2.7768806743e-01 1.5662904818e-01
-1.4168402078e-01 3.5637816276e-01 2.0206437063e-01
-7.8645883478e-02 9.0765192454e-02 -1.6305292904e-02
-2.4875818035e-01 8.7562252888e-02 -8.8496630733e-02
-2.2937033021e-01 7.7874460792e-02 -6.0226671525e-02
-2.0586004660e-01 2.0291068411e-01 8.0357659744e-02
-6.3491645269e-01 3.1265056266e-01 9.7758253527e-02
-3.7719153543e-01 1.7557477392e-02 1.0049971055e-02
-1.3535564230e-01 -1.0050634239e-01 5.7815636759e-02
4.4769061802e-02 -3.1091677448e-01 4.8754125872e-01
5.1526016746e-01 -1.1728884588e-01 4.8866957822e-02
-1.0896421937e-01 1.8650749340e-01 -3.0495442159e-01
-9.3149653425e-02 1.8139423376e-02 -6.2377388588e-02
-5.2271664302e-02 -5.1170869347e-02 -4.0572504438e-03
-1.5426533756e-01 9.3790342788e-02 1.2157248761e-01
-4.4850599760e-01 3.4885645711e-01 2.3135724575e-01
-3.9812047744e-01 4.1140801905e-01 2.3938644167e-01
3.7309410108e-01 3.3000926738e-01 2.9572946158e-01
8.5405651191e-01 2.2656428818e-02 3.2034921436e-02
7.5396558961e-01 -2.7800346615e-01 -2.2147395311e-01
6.4605059316e-01 -1.4244969995e-01 -3.0388417354e-02
-1.9432400407e-01 1.1735237583e-01 4.7924692778e-02
-3.9518559391e-01 5.9330043250e-02 -1.4103215682e-02
-1.4113690596e-01 -1.4502672140e-02 -2.0009063126e-01
-3.6752179005e-01 -3.1178706857e-01 -3.2217841567e-01
7.4597407241e-01 -1.3165451864e-01 -4.1198828786e-01
2.6185306302e-01 1.3829347406e-01 -4.6119205152e-01
-3.1032088699e-02 -3.2976652647e-02 -5.8135859181e-02
-2.5880958433e-02 -6.4372033184e-02 4.6259176790e-03
-7.6176846919e-02 6.1369206849e-03 5.1115088009e-02
-3.9751309087e-01 1.1624835355e-01 9.6513994871e-02
-5.9892662274e-01 1.6292707446e-01 5.4502894426e-02
-8.1551992130e-02 3.0630529884e-01 2.8345254874e-01
3.1318234947e-01 3.0139621378e-01 1.0208649196e-02
2.3253754975e-01 2.1411499065e-01 7.0219287967e-02
3.9166640530e-01 5.1020842668e-02 1.7466669188e-01
4.6289415467e-01 2.5766138566e-02 6.6615727476e-02
2.6388414832e-01 5.9973189361e-02 3.3854782515e-02
4.0590493056e-02 1.4920960616e-01 -3.3707322921e-01
-3.7119969378e-01 -1.3889229349e-01 -2.7652909756e-01
3.7689933967e-01 -3.9920190340e-02 2.7997534084e-01
1.0880409425e-01 -3.7934075126e-02 -2.5829379786e-04
-1.2463730201e-02 -3.1500161927e-02 -3.1218168702e-02
-1.7135830256e-02 -2.1308493021e-02 -1.8628587118e-02
-8.9060011677e-03 -3.7962000037e-02 1.1611035898e-02
-6.1338674619e-02 -5.1211481247e-02 -4.8103405993e-02
-2.5917048976e-01 -1.5122658268e-01 -2.0525781378e-01
-3.0885119684e-01 -2.3047306537e-01 -2.9625575585e-01
-3.7424454187e-01 -1.1262355227e-01 -3.0279086544e-01
-4.0359711680e-01 -1.7336199631e-02 9.1173639600e-02
-3.3703467012e-01 -1.0771134534e-02 2.4263154390e-01
-1.8482191805e-01 -3.0257295688e-02 7.0474097937e-02
-8.8919325012e-02 -4.1584978332e-03 7.4405806775e-02
-6.3679647111e-02 6.5387169417e-02 -3.6323680607e-02
-8.3529758551e-02 8.5492758300e-02 6.3371773485e-04
-3.0140337162e-02 8.2062000714e-02 1.3487169739e-01
-6.6480716401e-02 -4.6217420039e-02 -8.0918850305e-02
-1.3763555478e-03 -1.8940085048e-02 -6.8129684178e-02
-1.0809002140e-02 -1.9983272367e-02 -2.7706049394e-02
-1.3269914942e-02 -4.1007231780e-02 1.3941066291e-02
6.2452476257e-03 -4.5822809773e-02 -1.6991241824e-02
-7.0774211243e-02 -5.9638264300e-02 -4.9436087285e-02
-3.0218501786e-02 -1.3657813532e-01 -2.1131665929e-01
7.3182064110e-02 -3.3774614434e-01 -2.6506710803e-01
-2.1599116468e-01 -5.2361040219e-01 -1.2057735082e-01
-5.0246271166e-01 -4.4118078731e-01 -1.5064840808e-01
-5.1667846546e-01 -3.9950135568e-01 -6.2125857611e-03
-2.8293399027e-01 -1.9742215435e-01 8.5376118007e-02
-1.5851883919e-01 1.5066676148e-03 7.6169246936e-02
-2.9811851661e-02 -2.3729199950e-02 6.8739484913e-03
-1.5719197862e-02 -7.9484310475e-03 -5.4794357967e-02
3.5644862517e-02 -6.8871843607e-02 -8.2642397750e-02
1.5318742763e-02 -1.1548265153e-02 -3.8906271992e-02
-1.3326405801e-02 -1.6483545582e-02 1.9070731997e-03
-5.0885996903e-02 -1.8000389665e-02 2.0972499077e-02
-2.2052127574e-02 -3.1199839820e-02 2.1882890155e-03
-6.7013990102e-02 -7.4732198174e-03 1.8739551842e-02
-7.1067675712e-02 3.0003912923e-02 -9.5550195907e-03
-1.3254676837e-01 1.6030265616e-02 1.9395227569e-02
-2.1637825480e-01 -1.5147651081e-01 -5.2995691724e-02
-1.7773910545e-01 -3.1885281066e-01 -3.1655796934e-01
-2.5258521847e-01 -4.3306003416e-01 8.1996880853e-02
-2.4569905509e-02 -4.1102211002e-01 1.8895041319e-01
-1.1680481407e-01 9.3152574388e-02 2.8573102419e-01
1.1641164060e-01 -3.2845118327e-02 1.6029818775e-01
4.5504820464e-02 1.7272893951e-01 2.4871922070e-01
7.9745700917e-02 3.0497075001e-02 2.1828045096e-02
5.5690403857e-02 -1.1144569314e-02 -6.3003636307e-02
-2.8728871290e-02 -2.5548460854e-03 -2.4338365629e-03
-6.5791826109e-02 -1.0572616543e-02 9.1270531491e-04
-3.5874552191e-02 -2.1182103920e-02 -9.7493113600e-03
-6.6255178290e-02 1.9229766647e-03 2.3259634264e-02
-5.7258139748e-02 2.1598448153e-02 3.3935255555e-02
-6.4253280772e-02 5.2169822855e-02 7.7742267863e-02
-3.1117109405e-02 -1.0676151784e-02 6.0328742056e-03
1.2489672836e-02 -9.4775036459e-02 -4.2180835708e-02
1.1364386567e-01 -1.3256512748e-01 3.1693621523e-01
3.4724010009e-01 -2.1201558891e-01 5.2870155181e-01
-2.9234240805e-01 5.0333960008e-01 4.6577127783e-01
2.1521673124e-01 5.4368917346e-02 4.0373496354e-01
-5.4150665997e-01 5.7991998698e-01 5.4890454471e-01
-3.3353735000e-01 2.9747471675e-01 9.2748572725e-02
9.0800487369e-02 -2.5079939347e-02 -4.4641081500e-02
-2.4726603993e-02 -1.7336476843e-02 1.4170478335e-02
-6.4655457736e-02 -2.2482260994e-02 4.6322482152e-03
-4.0235881113e-02 -3.8257955041e-02 -1.0915436643e-02
-6.8137424035e-02 -2.8249943225e-02 1.8228405627e-02
-7.0529121439e-02 -9.2269080779e-03 3.3506198085e-02
-7.9355638680e-02 1.6139104595e-02 4.9729552767e-02
-5.2679659935e-02 1.1275743142e-02 2.7332012820e-02
-8.2159738377e-02 4.0349000670e-02 7.1577572464e-02
-7.4850755068e-02 1.8679845199e-01 4.7255821290e-01
-2.0591484079e-01 6.0716115323e-01 1.0250303754e+00
-1.0915877837e+00 1.2917020474e+00 5.2223763063e-01
-5.8744743253e-01 7.6475790907e-01 2.7556032739e-01
-1.4666570446e+00 9.2483408787e-01 -2.1206804002e-01
-9.4723576087e-01 4.8484927422e-01 -5.0828190862e-01
-7.0553892448e-03 1.6504627519e-02 -8.6141725549e-02
-3.7350824354e-02 -4.8297438324e-03 3.2143371947e-03
-4.9421681611e-02 -5.0967679085e-02 -1.2190898624e-03
-2.4731517128e-02 -7.9764295017e-02 -4.1978401215e-02
-5.1235658250e-02 -6.8831867340e-02 6.5101440396e-03
-4.9396454039e-02 -5.5412582825e-02 -2.5109470472e-02
-5.7121582453e-02 -4.5557707840e-02 -3.3154722446e-03
-2.9215138414e-02 -5.3878327030e-02 -3.9309666028e-02
-4.8088904693e-02 -3.9093135437e-02 -7.5881720856e-03
-1.5752251244e-01 9.8457427569e-02 1.7782688757e-01
-4.9034723353e-01 5.6811811747e-01 6.2960285641e-01
-1.1967897501e+00 1.1627387785e+00 3.6790844597e-01
-9.6981985150e-01 8.7878898204e-01 -8.1627827607e-02
-8.0338389381e-01 4.6958033504e-01 -3.2200344917e-01
-3.9030344378e-01 1.3244485131e-01 -2.7577486580e-01
-7.1000958348e-03 -2.2610530818e-02 -1.4494177256e-02
-2.5720513815e-02 -4.1279844683e-02 2.0251783432e-02
1.6280104763e-02 1.9657346985e-02 1.5059251613e-02
1.9325695631e-02 1.0109307593e-02 2.2499067472e-02
1.7771116668e-02 1.3224376143e-03 3.5103057012e-02
5.1481564116e-02 -5.8088213694e-03 6.4942665707e-02
3.5214542997e-01 -1.8204971088e-02 2.6861800925e-01
1.1657396998e+00 5.3613585829e-02 6.4908627016e-01
1.7062104568e+00 1.6923770216e-01 7.6859245631e-01
1.8004623406e+00 2.0942309670e-01 6.1701743941e-01
2.1264915748e+00 1.8131085486e-01 2.0797061607e-01
2.3143959359e+00 1.4996541184e-01 -6.3122254046e-01
1.4929145006e+00 1.0218151203e-01 -9.8834930154e-01
2.0893789176e-01 -7.7222597207e-02 -2.5026731285e-01
-1.1342552986e-01 -1.2652222665e-01 -3.1809047646e-02
-7.2328378389e-02 -1.0751689595e-01 2.8444080229e-02
-6.2510142518e-02 -6.6907740650e-02 -7.9739834236e-03
8.9852515413e-03 2.7164166601e-02 5.3575645609e-03
1.0303437946e-02 6.5645548326e-03 8.9224014735e-03
4.2155633861e-02 -6.9360786380e-03 7.4629341596e-02
3.0974551351e-01 1.5123736808e-02 3.2763696759e-01
8.3254353837e-01 7.7130316047e-02 7.2719363006e-01
9.2678024452e-01 9.1330686578e-02 6.4721389625e-01
5.7819341956e-01 5.6040635019e-02 2.8766411949e-01
1.2797774724e-01 3.0063577662e-02 3.9176595194e-02
-3.7674758981e-01 -5.6464869751e-02 4.6832472262e-02
-2.0159113537e-01 -4.9170470631e-02 4.4640826158e-02
3.5962342019e-01 1.0739422755e-01 -8.1538209142e-02
6.1671111407e-01 1.3042186273e-01 -3.0240082747e-01
4.8576035175e-02 -4.3869419999e-02 -1.5800046711e-01
-4.6577386223e-02 -6.0917539647e-02 -1.6057205453e-02
-4.0121022587e-02 -6.2214578059e-02 -8.5507711736e-03
-6.2714433433e-03 4.2702465510e-02 2.6937266284e-03
2.3026092360e-02 2.4394881559e-02 4.1476327174e-02
2.2622930443e-01 4.1857989876e-02 3.0531486785e-01
5.6888602888e-01 7.1721394884e-02 6.1224066063e-01
3.8304284653e-01 4.6642253240e-03 4.3002449567e-01
2.8174939992e-01 -1.7622078213e-02 2.1448566693e-01
1.8398973739e-01 -1.7269458076e-02 9.8212567520e-02
1.5766514756e-01 1.6766226869e-02 7.7608918789e-02
-9.5592935407e-03 -2.3423855107e-02 6.0438061766e-02
3.0369645754e-02 1.4314504066e-02 1.2832089442e-01
5.6994280425e-01 1.5166877804e-01 2.7175859159e-01
6.9949125367e-01 1.5945179847e-01 7.5948359423e-02
4.4607383223e-02 -1.5117744301e-02 -8.9682149504e-02
-4.5937887725e-02 -5.2148354534e-02 -1.4269035502e-02
-2.8973609391e-02 -5.0230978032e-02 -1.9566911488e-02
-2.9240243760e-02 7.2288917321e-02 3.7369316341e-02
1.0876706090e-01 8.1231803395e-02 2.0584817191e-01
3.5739339147e-01 1.3624729815e-01 5.3812388961e-01
1.7369652030e-01 2.1361195571e-02 2.7107172181e-01
-4.7233742690e-02 -7.1149706003e-02 3.3268306021e-02
6.9011150586e-02 -5.1434661879e-02 9.4452362989e-02
5.1051652501e-02 -5.3104299605e-02 1.0862929710e-01
5.6013193952e-02 -7.4187060498e-02 1.3293369042e-01
5.5306881622e-02 -5.3610984477e-02 9.0999218034e-02
6.1702670563e-02 -3.6354801357e-03 1.0783026794e-01
1.4691609357e-01 -6.6416278582e-03 2.3360044227e-01
6.4247781657e-02 -5.5404372826e-02 1.8446482308e-01
-6.8834359944e-02 -7.8986280060e-02 -3.0402843414e-02
-1.7286214768e-02 -6.3346153670e-02 -2.8007787418e-02
-1.4937058574e-02 -5.6016540552e-02 -2.7475025756e-02
6.3291719824e-03 6.8739962393e-02 1.5044222812e-01
2.3472078811e-01 1.3525603592e-01 4.1732651090e-01
4.0262401029e-02 8.5627147152e-02 2.2403553476e-01
-1.0981241909e-01 -3.8269109210e-02 -4.9140737881e-02
-1.9724941257e-02 -6.0123931955e-02 3.7879374614e-02
1.5546549439e-02 -3.9946849797e-02 5.7636972224e-02
3.7609794772e-02 -7.4476450729e-02 8.2489480957e-02
1.4578178612e-02 -6.5674808288e-02 1.1593498941e-01
4.9936009377e-02 -6.9472877889e-02 9.3571070538e-02
3.0467103620e-02 -5.3419991161e-02 8.0781081419e-02
-6.5086512460e-03 -1.4659768666e-01 1.0237230009e-01
-5.8821273417e-05 -9.6069702058e-02 3.1953538291e-02
4.0438257796e-02 1.1275196682e-02 -5.6893718370e-02
1.2015560544e-02 -4.3121390014e-03 -3.5478667023e-02
-2.7443431928e-02 -4.5750499949e-02 -2.6528882060e-02
1.6196475566e-01 1.3375833690e-01 4.5439347232e-01
2.0361692684e-01 1.8536031153e-01 4.1311922832e-01
-1.7781981306e-01 1.3019148344e-02 -1.3697111023e-01
-9.0568741413e-02 -6.7575782626e-02 -3.0774738945e-02
3.2165476992e-02 -9.3320072084e-02 8.5577027623e-02
3.6863975506e-02 -9.7686441780e-02 3.4005157707e-02
2.0128215577e-02 -1.0319270950e-01 4.1224102144e-02
-1.5944893013e-03 -9.6763640988e-02 8.8226882465e-02
2.6888903422e-02 -7.4547185377e-02 6.3187240755e-02
1.0748356844e-02 -6.5864218449e-02 2.9165562901e-02
4.5981031362e-03 -1.7812080542e-01 5.6208938211e-02
1.1887963277e-01 1.7353781253e-02 9.7669025794e-03
2.5237327790e-01 4.5181443655e-01 -1.6708017002e-01
1.4957310296e-01 2.9929937916e-01 -1.8796296434e-01
-2.4825786824e-02 -8.8583416458e-03 -6.0859478755e-02
1.5477454134e-01 2.3968046692e-01 5.8742290199e-01
5.3981003392e-02 2.4640863030e-01 1.5308880795e-01
-1.1239015874e-01 4.5034318459e-02 -1.6300613370e-01
-1.6582582113e-02 -1.0512821381e-01 -5.9230922988e-02
3.5443037063e-03 -1.4162766127e-01 -6.3338553511e-03
-9.8418968176e-03 -1.0345836364e-01 -3.7194628756e-02
5.6948325973e-02 -8.5878027677e-02 -4.2641956402e-03
1.1147384496e-01 -2.9410577713e-02 4.3283456640e-03
5.9459420743e-02 -1.4041199584e-02 -4.2183204609e-02
2.7179921525e-02 -3.9444777196e-02 -1.5236160459e-02
4.7028331288e-02 -2.3649541263e-01 2.1913294039e-01
-1.1131275697e-01 -3.5019107303e-01 1.4917464919e-01
-9.8581578212e-02 3.3376564073e-01 -2.1656825836e-01
1.4898012372e-01 4.9439406147e-01 -2.6498992688e-01
-2.8865743203e-03 1.6951204303e-02 -3.6795311310e-02
-1.0929957403e-01 2.9893390923e-01 5.1911634469e-01
-6.5132367977e-02 3.4517572180e-01 2.0061093261e-01
3.2944163589e-01 -9.3392158743e-02 -1.6968762064e-01
2.6423726429e-01 -1.9286094330e-01 -1.3846849703e-01
-2.4776095772e-01 4.9428358721e-02 -5.9925443645e-02
-1.3772976559e-01 5.3157417125e-03 -2.8816437051e-02
5.9784456883e-01 -6.5317621822e-02 8.2716220946e-02
3.9565360568e-01 1.1587222165e-01 9.2006434320e-02
-3.3505171184e-01 -1.9444730699e-02 -3.0785389368e-02
-1.2117395531e-01 -1.1721379173e-01 6.3264454527e-02
2.5734280564e-01 -3.1577509586e-01 3.3688223874e-01
4.6928464978e-01 -2.4141521934e-01 -1.6817090470e-01
-3.8739527460e-01 4.6581108801e-01 -6.0735608310e-01
-1.8054291779e-01 4.0228707127e-01 -2.4550707717e-01
-3.2660922096e-02 -4.4377394683e-03 4.4780640247e-03
-5.0259636423e-01 3.7110981860e-01 6.2612422995e-01
-8.5236234190e-01 5.7624214992e-01 6.3748924809e-01
-1.4571274609e-01 4.7799721006e-02 4.2977725690e-02
2.7034327390e-01 -5.9016496817e-02 -4.7881720670e-02
-1.9383334353e-01 1.1207498086e-01 -9.2841997300e-02
-1.2886849470e-01 -1.1809170238e-02 -1.1544960336e-01
5.8936319933e-01 -1.4016607020e-01 1.5036384929e-02
1.4319230082e-01 -4.9019904837e-02 3.4252204739e-02
-6.0992692988e-01 -1.5282038735e-01 -1.6893507923e-02
-1.4893435670e-01 -1.7128836279e-01 1.2326035490e-01
-3.7063985676e-01 -3.7686416351e-01 -1.3392726382e-01
5.4296964920e-01 -1.1338553927e-01 -5.3352828327e-01
1.3564916521e-01 3.4872392545e-01 -4.2536002174e-01
-1.7879168187e-01 1.1696556876e-01 -1.3342708400e-01
-2.7921820590e-02 -4.8002219015e-02 -6.9933631564e-04
-2.5644691509e-01 8.5257498324e-02 1.5981739009e-01
-9.7147845144e-01 3.6044302239e-01 2.7404448408e-01
-1.2890941748e+00 1.4894674108e-01 -2.1060188082e-01
-5.4948369707e-01 4.5307351034e-03 -3.9637560685e-01
8.6528139107e-02 8.2815682622e-02 -1.6828691523e-01
1.9398214264e-01 9.7017036469e-03 -5.0264055677e-02
1.5069463792e-01 -6.7047291222e-02 4.6469382442e-02
5.1184679523e-02 -1.0173818551e-01 3.0068293467e-02
5.3712472305e-02 -6.1123955578e-02 6.5028805284e-02
1.2269869052e-01 -3.4445277595e-02 1.1883340769e-01
-3.7754077128e-01 -2.0363683183e-01 -4.0558007495e-02
2.2405184929e-01 -1.6636053212e-01 6.8660764063e-02
1.3167257792e-01 -2.3982715104e-02 2.0845899900e-02
-6.1287457525e-02 -2.2136600366e-02 -4.7835621902e-02
-2.7046318830e-02 -1.2209571912e-02 -2.8690291439e-02
-3.8465624662e-02 -3.3203047017e-02 -2.0373600450e-02
-2.9380918617e-01 -1.3651989792e-02 -5.5599497946e-02
-4.2662588041e-01 -5.5153498376e-01 -7.7227200572e-01
8.6734249434e-04 -7.9556858415e-01 -1.0848669747e+00
1.5846347423e-01 -1.1610931702e-01 -6.0832775258e-01
3.3787990316e-02 -2.9240908819e-02 -2.0744364125e-01
-8.9700326222e-02 -3.3384365875e-02 -3.9417532156e-04
-1.0988278432e-01 -3.3366478357e-02 3.1039194411e-02
-8.7871094737e-02 -9.4795567688e-03 3.7998436134e-02
-7.6188727913e-02 -4.9836986649e-03 1.4276893991e-02
-1.2763814347e-01 -6.1712552285e-04 -3.7798715490e-02
-1.0135924032e-01 -1.8251848186e-02 -3.2211449395e-02
-9.4797301386e-02 3.0369544431e-03 -8.6678151629e-02
-2.4741999998e-02 -1.4934605135e-02 -7.6539152853e-02
-1.2059692035e-02 -7.9490601020e-03 -3.6966199977e-02
-1.6580205801e-02 -2.7373610822e-02 -4.6201541057e-03
-7.8331470493e-02 -4.0556183137e-02 -6.0212108254e-02
-1.8664499880e-01 -2.5516645863e-01 -1.8548472472e-01
1.4549412560e-01 -5.9333406556e-01 -4.3779658954e-01
5.0292966193e-01 -5.5106322379e-01 -7.3372365675e-01
7.2920413297e-02 -4.3068496465e-01 -4.6380086194e-01
-2.1749104453e-02 -3.5286154537e-01 -3.5555193031e-01
-1.2349350236e-01 -1.3457568834e-01 -3.7958953842e-02
-1.0115086701e-01 -3.1666342845e-02 5.6658989133e-02
-7.8514022343e-02 -1.0622880290e-02 -2.0560851899e-02
-3.7761319295e-02 -2.1053174649e-03 -6.6015417039e-02
-6.0472231327e-03 -9.0823165916e-03 -7.7431162191e-02
1.1931420619e-02 1.1327921691e-02 -8.7332288438e-02
-5.0926375089e-04 1.4546867815e-02 -4.6123048117e-02
-9.8479788594e-03 -9.1007571070e-03 -5.7776623144e-03
-5.3515656713e-02 1.0250276069e-03 1.4000262664e-02
-1.7057705203e-02 -4.0613668851e-04 -1.3195323723e-02
-8.4003648377e-02 -6.8566575972e-03 -6.2608207277e-03
-2.9444492181e-02 -1.4028066656e-01 -9.7726226209e-02
1.4001709958e-01 -2.6832259645e-01 -2.7840669019e-01
3.1178490125e-01 -5.3918864009e-01 -4.6429563047e-01
5.1293911978e-01 -8.0166902357e-01 -7.8860267936e-01
1.0651390878e-01 -2.6024487508e-01 -7.8810737076e-02
-2.4556302131e-02 -3.9550947325e-02 1.8441021686e-01
-7.3270041803e-02 4.2488605427e-02 7.7156238884e-02
-1.2953059077e-02 7.7521333542e-02 2.3204863438e-02
-8.1333875925e-02 3.3363517314e-02 1.3286149611e-01
1.0783383598e-02 -3.1851455081e-03 2.4346817680e-03
7.7403121483e-02 1.6809128316e-02 -6.5328309856e-02
-1.1023222842e-02 1.2386559822e-03 -8.4525413416e-04
-6.6967243368e-02 6.7757080282e-03 2.1385796180e-02
-2.5288353703e-02 6.4512216471e-03 1.2235362870e-02
-5.6341876354e-02 1.8065319969e-02 4.4136773694e-02
-4.2913762101e-02 2.6238640304e-02 5.1386356525e-02
-4.3157341223e-02 8.9980709992e-03 5.1244770313e-02
4.7154890969e-02 -1.5954106279e-01 -1.6540317191e-01
2.2840178884e-01 -3.1790761246e-01 -2.2469810588e-01
2.3637182580e-01 -7.8201969757e-02 3.1301038421e-01
1.0124369236e-01 1.3268355575e-02 4.3582054876e-01
-8.8488319738e-02 9.0427051237e-02 1.3475202651e-01
2.1575243236e-01 -1.1157843659e-01 3.4231758039e-01
-5.4457304993e-01 -1.1754518382e-01 8.4378483386e-01
-5.6531776296e-01 -4.8703111795e-02 2.5350065313e-01
9.1826079477e-02 -1.3586483148e-02 -4.3040711051e-02
-2.8711565501e-03 -7.6359077384e-03 6.1509651668e-03
-5.9551333962e-02 -5.2059373175e-03 1.2533768361e-02
-3.0478238074e-02 -1.4024283116e-02 3.8787812173e-04
-5.7682361929e-02 -1.1148558142e-02 3.6203486357e-02
-5.3161636801e-02 1.9053643825e-02 5.7053615975e-02
-5.2758224994e-02 3.0233952652e-02 6.6700866706e-02
-6.6124845401e-02 3.1002559410e-02 2.5628116189e-02
-1.3001728678e-02 1.3129929592e-01 2.0259067898e-01
9.3704995450e-03 3.5467243856e-01 8.2446840908e-01
-1.8077644784e-01 3.8496761553e-01 7.8115106861e-01
-2.3393839205e-01 3.4688981419e-01 7.4156867092e-02
1.2575507329e-01 1.2848130405e-01 2.3851139449e-01
-9.5364637242e-01 7.8302038616e-02 1.2431444070e-01
-1.2323599307e+00 1.1927689944e-01 -4.3816748138e-01
-3.0427336800e-02 -3.9779087573e-03 -1.0487262499e-01
-2.3340001876e-02 2.5901648016e-03 7.4280529802e-04
-4.5486490393e-02 -4.3268592218e-02 6.0650263776e-03
-6.4068514974e-03 -5.3710317851e-02 -2.9687003143e-02
-3.9852800773e-02 -5.3855316889e-02 1.5992262030e-02
-4.5770374968e-02 -5.4649195671e-02 -1.2782443569e-02
-5.2185569504e-02 -3.8961716428e-02 1.5469373129e-02
-3.4723950852e-02 -4.8130236455e-02 -4.2074873341e-02
-8.7433026261e-02 2.0161140531e-02 9.1220273571e-02
-3.2559779779e-01 3.2173366301e-01 5.9961730118e-01
-1.0864300589e+00 8.0738145615e-01 1.0746468258e+00
-2.0113786038e+00 1.1241895631e+00 1.6239452916e-01
-1.5052970940e+00 7.9653207844e-01 -5.0902722410e-01
-8.2435794291e-01 2.8107468591e-01 -5.0012491648e-01
-5.6024269611e-01 8.3717658427e-02 -4.6252792124e-01
-2.9559305987e-02 -8.6734626005e-03 -5.6580844570e-02
-1.3920130055e-02 -3.0471815585e-02 7.0700084207e-03
2.7571132449e-02 4.2820114727e-02 2.1414048439e-02
2.5722187229e-02 4.4624199380e-02 5.2736040592e-02
2.8182527920e-02 3.8272526249e-02 5.2751521993e-02
5.8418168055e-02 2.3694033160e-02 9.9274233603e-02
3.9047794473e-01 -6.3957992138e-02 3.0292587899e-01
1.0663178788e+00 -2.1032631289e-01 6.2718731559e-01
1.5971035413e+00 -3.3450871057e-01 7.2702674803e-01
1.8518430747e+00 -4.4228144813e-01 6.0775292590e-01
1.9494734002e+00 -5.0171615591e-01 2.1058028465e-01
2.0014774424e+00 -4.3678900727e-01 -4.3150937136e-01
1.4948443445e+00 -1.7939218396e-01 -8.1782756025e-01
3.6681987561e-01 -9.5781850351e-02 -2.4998922466e-01
-7.0209497677e-02 -1.0547086319e-01 7.4166033863e-03
-6.1898138328e-02 -1.1207981480e-01 5.2551329987e-02
-5.8413201324e-02 -5.8857741785e-02 -4.9843618476e-03
2.5893484544e-02 6.1447611749e-02 2.3811394985e-02
8.2647651715e-03 4.5347370409e-02 4.6133621373e-02
4.0589396188e-02 3.1459725484e-02 9.3722958687e-02
3.1411977918e-01 -2.8032882827e-02 3.4293193417e-01
9.2118209737e-01 -1.1290524485e-01 7.6961542075e-01
8.8203115705e-01 -1.5973740008e-01 6.4515635651e-01
3.9385444840e-01 -1.4500662840e-01 2.5869076413e-01
-1.3032636867e-02 -1.1371827524e-01 6.5932886527e-02
-3.6349695813e-01 -7.4982072030e-02 5.7992160062e-02
-2.4522444593e-01 -6.6446583819e-02 1.6190541751e-01
3.0813919012e-01 -1.8349065971e-02 6.4545677733e-02
9.4510683857e-01 -9.2427768082e-02 -3.9646348169e-01
1.8425646342e-01 -6.0471385580e-02 -2.0190828173e-01
-6.9057539000e-03 -8.7280529115e-02 2.2672734211e-02
-2.0561866171e-02 -4.3459003335e-02 -8.3472993006e-04
1.2405883215e-02 6.7502108597e-02 8.4387769703e-03
1.2807188620e-02 5.1574827993e-02 5.3581880444e-02
1.8003859237e-01 2.9113722301e-02 2.2399128807e-01
5.2983591027e-01 -4.5157608721e-02 5.0007772187e-01
3.2737406873e-01 -7.2673488966e-02 3.2015272931e-01
6.2146947056e-02 -5.0943708508e-02 1.2353449358e-01
-1.5698604914e-02 -4.5398706023e-02 5.0227922037e-02
-1.6393670840e-02 -5.0727919461e-02 6.1426594608e-02
-8.3209624182e-02 -2.9592167245e-02 7.1714808619e-02
-4.9107189280e-02 -3.2382493836e-02 1.6266801091e-01
5.1128166748e-01 -1.4867908713e-01 3.2501372450e-01
9.6950364901e-01 -3.0037049276e-01 1.7018764571e-01
1.4007265857e-01 -8.5665648563e-02 -8.7487244025e-02
-1.5702340148e-02 -4.0463447960e-02 -1.0888238168e-02
-2.4672173872e-02 -3.2260328489e-02 -2.2063283042e-02
-3.3288133607e-02 9.6440401790e-02 2.0315109173e-02
5.6023421023e-02 6.6452475827e-02 1.4310615642e-01
2.0129973253e-01 6.0827798293e-02 3.0934106082e-01
5.9359633558e-02 5.8076143213e-03 6.9851775444e-02
-1.7703715835e-01 2.5059548885e-02 -1.3539572151e-01
-1.1524173993e-01 6.0072948904e-03 -1.9954707666e-02
-1.3679503910e-02 -4.9860323610e-02 6.2740994478e-02
5.5149545757e-02 -1.1682987880e-01 1.2771874216e-01
7.8795086751e-02 -8.2163824929e-02 1.0758159435e-01
6.8852461118e-02 -4.9223450180e-02 9.0332626886e-02
2.0904617739e-01 -1.3568675407e-01 1.7420778987e-01
2.0858049929e-01 -3.1437854194e-01 2.6481391696e-01
-6.9447969998e-02 -1.2087437993e-01 4.4504036434e-02
-1.0667564850e-02 -4.4379919460e-02 -1.8402210610e-02
-1.8450255313e-02 -4.7280056296e-02 -3.0306533013e-02
-2.3964183790e-02 6.7949809288e-02 6.8575563174e-02
6.7346459993e-02 3.7361790516e-02 1.8987545591e-01
-1.8742952764e-01 6.2007904390e-02 -1.0201678723e-01
-3.1033411867e-01 7.9327805142e-02 -2.5688884417e-01
-1.7934294634e-01 4.2473193688e-02 -1.1007856909e-01
-3.3820704927e-02 -1.5202991952e-02 3.1606650460e-02
3.0084510904e-02 -7.4284054183e-02 6.4479532018e-02
1.9472112092e-02 -1.2804844128e-01 1.0671137270e-01
6.0659112243e-02 -1.1835154291e-01 8.8615135983e-02
1.7422728703e-02 -2.5314262276e-02 5.9143038632e-02
2.5669851362e-02 -4.8965821799e-02 4.7305426332e-02
4.8484780998e-02 -7.8617481125e-02 6.9615860950e-02
1.7639203836e-01 1.7702598431e-01 -3.2621314214e-02
1.5952326907e-01 2.0456185459e-01 -3.0374136041e-02
-1.7060619890e-02 -1.0481650007e-02 -3.9377789777e-02
1.0301514825e-01 4.6997164486e-02 3.0761961017e-01
-8.0799603790e-02 9.6032744027e-02 -3.9580228063e-02
-5.2235309585e-01 1.2888806320e-01 -5.3544912636e-01
-2.5702342069e-01 1.9516140865e-02 -1.7609560051e-01
-3.8769185867e-02 -5.3178814785e-02 6.3001462611e-02
1.2055023813e-02 -7.7062610077e-02 7.2438565617e-02
3.9065377187e-03 -9.9404082897e-02 7.8570778965e-02
3.7602654685e-02 -9.0495746170e-02 1.2105638870e-01
1.2039076201e-01 -3.6118013753e-02 1.2644249257e-01
6.6730499398e-02 -2.3707483744e-02 4.7436762968e-02
-6.2294003230e-03 -3.4008710712e-02 1.0722881331e-01
1.2619740277e-01 1.6315660401e-01 3.3957803694e-01
5.6064525597e-01 9.1989832651e-01 8.8933731181e-02
5.2574132223e-01 8.8221895032e-01 -2.0374275111e-01
3.7970615831e-02 1.3297811608e-01 -9.2426989555e-02
8.6615525465e-02 9.4128570411e-02 2.9702482040e-01
-2.9369431646e-01 2.0181890350e-01 -5.4876170567e-01
-3.9836215132e-01 1.0890486666e-01 -5.8732953560e-01
-6.8322869910e-02 -8.1292336161e-02 -5.7234563428e-02
7.4771381665e-03 -9.0988186490e-02 4.8192018602e-02
7.0935879334e-04 -5.6902622991e-02 1.7079117350e-02
1.4954918503e-01 2.2160203966e-02 1.0533910870e-01
6.6680296432e-01 3.2879823918e-01 2.6443296495e-01
7.9266506729e-01 5.1393645380e-01 8.1251307011e-02
3.4548779533e-01 2.7987434167e-01 -8.7164204497e-02
2.0320681198e-01 -1.0275856604e-02 5.4267805594e-02
1.1609988316e-02 -4.8061725659e-01 3.8248474812e-01
-9.2381028444e-02 -2.8710422193e-01 5.5348395718e-01
1.7677044795e-01 3.6733806871e-01 1.0285912588e-01
4.0378696331e-02 9.9707124142e-02 1.4852039940e-02
-2.7497831284e-01 1.2303899496e-01 5.2967201866e-01
-5.0813952409e-01 4.6710634857e-02 5.8436349926e-02
-1.2574267778e-01 -1.1503766756e-01 -2.1479200272e-01
5.0510009852e-02 -1.2054233296e-01 -5.2185473909e-02
-4.1718647426e-02 -2.3310727932e-02 1.3109704799e-02
2.0035832638e-02 5.2155902860e-02 6.5181203217e-02
5.7914650259e-01 2.5175934196e-01 3.1244797816e-01
1.2092302666e+00 6.8890430171e-01 4.7016499353e-01
6.6563871119e-01 6.4166529038e-01 8.8769724132e-02
2.1802840372e-01 2.7613176518e-01 -5.3753371224e-02
2.8723230221e-01 4.6199636873e-02 -2.1009773647e-01
5.5917377655e-01 -2.8732141288e-01 -8.8374936304e-03
1.0053473623e-01 -2.0998382382e-01 2.2794790386e-01
-8.0223128234e-02 1.3041787090e-01 1.8143017002e-01
2.1707938577e-03 3.8115895850e-02 1.3333969938e-01
-5.4463208519e-01 1.0382298593e-01 7.6874337066e-01
-7.5208849386e-01 -1.3424830926e-02 6.3519739068e-01
-4.6764303110e-01 -1.6472587604e-01 -2.9085649821e-02
-5.5356401860e-01 -1.0022074287e-01 -9.1894546371e-02
-4.4936085649e-01 7.6180581091e-02 -4.6551764889e-02
-2.7028053708e-01 9.5778931797e-02 -5.0554489451e-02
6.6818869691e-02 7.7966781596e-02 7.3369676210e-02
1.3657456461e-01 1.0539455005e-01 1.0338873468e-01
-1.9288479020e-01 1.9528861688e-03 3.5682922920e-02
6.9682040712e-02 4.3767378828e-02 1.3681468260e-01
-4.3477357151e-01 -5.8367579189e-02 -5.4204266360e-01
1.7028135688e-01 -3.1418580409e-01 -4.7177209261e-02
-7.6686053546e-02 2.1313010950e-03 3.5575052888e-01
-3.9798106249e-01 1.5100012808e-01 -8.5023793918e-02
-3.5253888958e-02 -1.2638227744e-02 2.2126374801e-02
-8.4757667067e-02 -4.4606364832e-02 1.2888792516e-01
1.3722359585e-01 -3.6026886993e-02 8.6608684591e-02
-4.0947747506e-02 -6.9505377058e-02 -3.6582393445e-01
-4.3931797065e-01 -1.1069863044e-01 -3.5782609634e-01
-1.9170811704e-01 4.2887143781e-03 -9.1674684589e-02
5.6041415204e-02 4.2052305661e-02 -8.3255531792e-03
-1.1360925587e-01 2.1157017549e-03 2.6984719012e-02
-3.0051560818e-01 -6.5795898046e-02 1.7376925722e-02
-1.3394310008e-01 -4.2026795302e-02 8.6365852616e-02
2.0759321899e-01 6.9319354274e-02 1.4407405687e-01
9.5252380909e-03 -9.7573606449e-03 -1.6375602406e-01
6.2695853801e-01 -2.2643783092e-01 1.5799944488e-01
2.9846468816e-01 -1.5062822992e-01 2.2750000704e-01
-1.4185385104e-01 1.6043427089e-02 -4.4702018401e-02
-3.6212023985e-02 -1.2211482673e-03 -4.2126496309e-02
-4.6415512202e-02 -5.2240560639e-02 2.3261213246e-02
-2.5646810810e-01 -8.2434435050e-02 2.2016719778e-01
-2.8463025374e-01 -6.3034745713e-01 -3.1378764126e-01
1.7483944570e-02 -8.2334622339e-01 -7.3525770197e-01
1.7424153782e-01 -2.9256153355e-01 -3.2206232573e-01
5.5330970614e-02 -3.4706032381e-02 -4.8491572699e-02
-8.8837949385e-02 9.0764744852e-03 4.9463611437e-02
-1.5561823234e-01 -2.0627520907e-02 7.6184581886e-02
-1.3346672124e-01 -7.7904016820e-03 7.2762403279e-02
-8.7992978171e-02 -6.9280435053e-03 4.1555971297e-02
-1.1551998080e-01 1.9637169657e-02 1.3088270870e-02
-7.0623143366e-02 3.1573558347e-02 2.0672512080e-02
-5.0099762195e-02 7.8134342012e-02 -1.0873554233e-01
-2.2878374280e-02 3.5867933241e-02 -9.6068770444e-02
-1.4522806348e-02 2.4240069470e-03 -3.8399975898e-02
-1.9973592008e-02 -1.7812262147e-02 -1.6638976023e-02
-2.6949358106e-01 -6.7596581548e-02 3.7675062479e-02
-4.6801801757e-01 -3.1431383195e-01 3.4890395785e-03
2.1793878652e-01 -8.5743140180e-01 -4.5675214812e-01
5.7851581248e-01 -9.2660574903e-01 -6.9839129080e-01
1.9091975319e-01 -3.3696412751e-01 -3.2816891016e-01
3.5993940541e-02 -1.0447409267e-01 -7.1833377547e-02
-9.1481653782e-02 -2.4187238010e-02 4.6172870529e-02
-1.0358731485e-01 -1.4411634359e-02 5.1701776560e-02
-9.9923519825e-02 -6.3016395553e-03 -1.1487571056e-02
-4.9295820206e-02 2.5424788172e-02 -2.0627954779e-02
-8.9147143111e-02 -1.6901913426e-02 -1.1043738397e-02
-1.9244495199e-02 -1.4512935624e-02 -4.0002696209e-02
-1.8624110807e-04 5.3882264200e-02 -5.1868469082e-02
-1.8440381582e-02 1.0232201882e-02 -2.8416460962e-02
-4.8810055743e-02 1.1158263378e-02 9.5076208061e-03
-4.2908890119e-02 4.0711024989e-03 5.7294933863e-04
-1.4379113306e-01 9.7541725913e-03 -2.9662783309e-02
1.0097013483e-01 -2.6462248783e-01 -2.6364249708e-01
3.6834809837e-01 -5.7240767830e-01 -3.9432129422e-01
1.7471880470e-01 -5.0049048726e-01 -3.5660102951e-01
1.6572909517e-01 -3.8367948221e-01 -3.9278664078e-01
6.7795020506e-03 -8.8327802332e-02 -4.6691580091e-03
-1.0385423515e-01 1.4444886102e-02 1.1060062054e-01
-1.1009583819e-01 3.6531789518e-02 4.2638583350e-02
-3.3393641158e-02 2.2848730851e-02 1.3964261533e-02
-2.3386490824e-01 -3.4704662277e-01 2.7759140475e-01
-1.3449780563e-01 -4.2532875667e-01 2.1211526836e-01
5.7112949950e-02 1.3956444848e-02 -2.6289333956e-02
-8.4667629900e-03 1.7029764476e-02 -2.1401391441e-02
-6.7389386781e-02 1.2509515964e-02 9.7484732723e-03
-2.7082633392e-02 2.4081118081e-03 1.3345040184e-02
-6.2043678284e-02 2.5605376454e-02 1.0185568559e-02
-5.2648318195e-02 2.7414645391e-02 -1.1804148123e-02
-5.0862709641e-02 2.1838963307e-02 -4.3061196275e-02
-8.4195632911e-02 -9.0288590491e-02 -1.6551242784e-01
1.4474357518e-01 -1.7257811670e-01 -1.8911143584e-01
1.0958510990e-02 3.5644065376e-02 1.4911318797e-01
-1.4307399487e-01 2.7400087196e-02 2.2921041470e-01
-1.2713761079e-01 2.3038091307e-02 3.2539954569e-02
6.2655808112e-02 -3.9766546220e-02 2.8209760558e-01
-3.7527374713e-01 -3.4818299516e-01 9.9462725271e-01
-5.6403854258e-01 -3.6263502705e-01 2.3431712500e-01
4.4272665206e-02 9.4270357294e-03 -1.2013737584e-01
-5.6641572023e-03 2.0129707969e-04 -1.6459037409e-02
-6.7896499517e-02 3.1075926906e-03 1.9630977169e-02
-3.6838484132e-02 -6.6624110845e-03 2.3621243993e-02
-7.0627638836e-02 -3.7965940295e-03 4.6725201794e-02
-5.1895106687e-02 9.0665491375e-03 6.5965110869e-02
-7.2013412232e-02 4.1974936226e-02 4.5360251774e-02
-1.0117116449e-01 8.3694681153e-02 7.2173171206e-02
3.7627371903e-02 2.6835784855e-01 4.0638626671e-01
-4.2619276472e-01 3.8629614350e-01 8.3512484830e-01
-1.1583027003e-02 7.3218626234e-02 3.9455588785e-01
6.9295606314e-01 -8.9131670060e-02 -3.5419056890e-02
4.5113293857e-01 -3.4916238831e-02 1.9754984819e-01
-3.6734829092e-01 -1.3162673094e-01 1.6318180002e-01
-8.5180309753e-01 -4.5570877017e-02 -4.5607366776e-01
-6.9736815148e-02 1.7883713430e-02 -1.6925172550e-01
-3.2773151718e-02 9.1134183057e-03 -8.8464511169e-03
-4.6964739414e-02 -3.1248189498e-02 2.3561085139e-02
-1.4222201524e-02 -5.6216952512e-02 -2.1826981140e-03
-4.3745803460e-02 -5.0748139374e-02 2.9766993571e-02
-4.2179713830e-02 -5.5597256285e-02 2.5078115591e-02
-4.8938238281e-02 -3.4768726787e-02 4.8078459868e-02
-5.1277373216e-02 -2.7059588430e-02 2.8208547114e-02
-2.2406623469e-01 9.6052125404e-02 3.0575499270e-01
-8.0990527457e-01 2.8386153062e-01 9.9729104621e-01
-1.6152046448e+00 2.5806900083e-01 1.0358934679e+00
-2.0466854590e+00 2.4744231842e-01 4.8147422694e-02
-1.7054010831e+00 1.8454970864e-01 -7.6594877630e-01
-7.5554317904e-01 5.6813119242e-03 -6.2776644434e-01
-4.6477253001e-01 2.6575948970e-03 -4.3572554024e-01
-4.0130205103e-02 -4.5960765005e-03 -5.3749449754e-02
-2.7658147927e-02 -2.0606646702e-02 1.3419132361e-03
-3.8904258636e-03 4.7936873432e-02 4.6271454516e-02
-4.0450944134e-03 7.1937748344e-02 6.1166017698e-02
-2.6582634333e-02 6.6460774996e-02 7.1190108907e-02
2.1432730175e-02 3.3849811587e-02 6.3327012437e-02
2.3097403226e-01 -7.3170253166e-02 1.5431231117e-01
6.3837435140e-01 -2.8522581654e-01 3.4928488139e-01
1.1351352617e+00 -5.6907733322e-01 4.6896350481e-01
1.3318764126e+00 -7.6174092196e-01 4.1314376177e-01
1.3735583546e+00 -7.6262886588e-01 1.8013282181e-01
1.6360526064e+00 -6.9514242045e-01 -1.7207064007e-01
1.6504293249e+00 -4.5996844853e-01 -7.3957315187e-01
6.1380055870e-01 -2.2287797968e-01 -4.8337717292e-01
-4.2355246250e-02 -1.3353782899e-01 -7.9864311768e-02
-5.8059180732e-02 -1.4089569595e-01 5.0802580581e-03
-5.4628547710e-02 -1.0135333037e-01 -1.6039931361e-02
1.2508027165e-02 5.9721910362e-02 4.2218739834e-02
-1.4910006732e-03 6.1255303292e-02 4.9786498101e-02
-4.0014660371e-03 3.6871557000e-02 8.3010473485e-02
2.0797107397e-01 -5.1875132283e-02 2.0897103155e-01
7.3808062773e-01 -2.7639336340e-01 5.6811855618e-01
8.2249701419e-01 -4.1027125375e-01 5.3390655417e-01
5.2631086437e-01 -4.0136782611e-01 2.9784164144e-01
3.0230849799e-01 -3.3315119859e-01 1.4361163160e-01
5.5902252089e-02 -1.7490699818e-01 9.9487899778e-02
1.0667432896e-01 -9.4691992110e-02 1.5110736016e-01
6.1079719046e-01 -1.5154312575e-01 -2.7364314662e-01
1.0967055073e+00 -4.0127535819e-01 -9.7748257563e-01
2.4632319698e-01 -1.7830451338e-01 -3.7158139390e-01
-3.0392794021e-03 -1.3053025968e-01 -9.9230363060e-03
-3.0363983637e-02 -9.5524494012e-02 2.9141195639e-03
-1.1045510841e-02 6.1376315837e-02 3.2379819162e-02
-2.0885137853e-02 6.4525875091e-02 4.4867063727e-02
8.5909412792e-02 -1.5346232069e-02 1.7377211687e-01
4.6902161209e-01 -1.5368087234e-01 3.9349834693e-01
3.9419034059e-01 -1.8577003804e-01 3.1990993894e-01
-8.1661526563e-02 -7.3559957352e-02 2.9461511868e-02
-1.4963521799e-01 -6.3894653008e-02 1.5516844858e-02
-5.8495581114e-02 -8.0967327469e-02 7.9960218280e-02
-2.2745885924e-03 -5.4407893409e-02 8.8075714752e-02
-5.3189136901e-02 -2.7517201676e-02 2.1694065658e-01
2.5577772935e-01 -2.5162811040e-01 2.3076756523e-01
1.0266184952e+00 -7.7422258480e-01 -4.2708586622e-01
4.5203258346e-01 -3.3083245455e-01 -5.4419312934e-01
6.0500501687e-02 -7.3129125401e-02 -1.1376958076e-01
-3.4571910807e-02 -6.9279949317e-02 -3.6785973112e-02
-2.6053200006e-02 7.0179621623e-02 3.2589767994e-02
4.6347581744e-02 3.8191091182e-02 1.1325851452e-01
2.4661689396e-01 -6.5623357262e-02 3.1771150901e-01
3.7411163719e-02 -2.7407331531e-02 4.5546101138e-02
-4.1992959581e-01 1.6326069753e-01 -3.1564452396e-01
-3.9578947960e-01 1.3345836517e-01 -2.0729226139e-01
-9.6154826019e-02 -4.5435816514e-02 4.8854278617e-03
-2.4107373629e-02 -1.0548399136e-01 7.8125210420e-02
2.9194194630e-02 -9.9669440779e-02 8.0325880303e-02
5.8617356263e-02 -1.4472859914e-01 1.0445658504e-01
1.3341835999e-01 -3.9402751128e-01 1.6559047166e-01
3.9165386811e-01 -9.2340824591e-01 1.2007036144e-02
4.8565002906e-01 -4.7928307566e-01 -4.1353902722e-01
2.7133796088e-01 -2.3337882001e-02 -2.3241669461e-01
-1.3911473188e-02 -6.0456857574e-02 -6.5477143306e-02
-8.3865050442e-03 3.5057792227e-02 8.0758872759e-02
1.1300447306e-01 -1.0968936332e-02 2.0963428547e-01
-9.5815105729e-02 5.2418541632e-02 -3.6275100952e-02
-6.1377387928e-01 2.9281491335e-01 -5.2618319260e-01
-5.5223436130e-01 3.0696387459e-01 -4.3394531657e-01
-1.8612561089e-01 7.7478586438e-02 -9.3828690746e-02
1.7364131041e-02 -6.5896605042e-02 4.3277675498e-02
3.4044139529e-02 -6.7608084339e-02 8.9649786610e-02
9.3878218863e-02 1.6238766476e-02 8.8596350685e-02
5.6565014305e-02 1.1278307395e-01 8.5834194291e-02
-5.2673212067e-03 -1.5778107687e-01 2.6602941033e-02
-3.2617125463e-02 -6.5934515009e-01 -1.2368389859e-01
9.9958057916e-02 -3.1659822900e-01 -1.0925983088e-01
2.1401038545e-01 1.5592583074e-01 1.3947040706e-01
-2.6757639835e-02 -2.1926483500e-02 -2.6365679413e-03
5.4351418735e-02 -1.8111216911e-02 1.9418735972e-01
-1.0724905586e-01 8.1441493036e-02 -9.5943559343e-02
-6.2883677767e-01 2.9546553829e-01 -6.8170851459e-01
-6.1271598207e-01 3.0379253899e-01 -5.5458236216e-01
-2.0823831781e-01 7.6432659360e-02 -1.0430863659e-01
-2.4703166411e-02 -5.2406330687e-02 4.5385800381e-02
6.0691452680e-02 -9.7628837448e-03 9.8982780883e-02
2.3815462099e-01 1.2708909534e-01 2.3202110477e-01
4.8780572472e-01 3.9792078606e-01 1.9787606353e-01
3.2554889926e-01 4.4818223401e-01 3.0248064346e-02
-1.7726071533e-02 -6.2379653857e-02 6.3898506012e-02
-1.5221490713e-01 -3.9789044613e-01 1.3168944993e-01
-2.1230414693e-01 -3.3663324067e-01 5.1094587090e-01
-8.6072734434e-03 1.7818435590e-01 4.5156230604e-01
-3.5224405522e-02 5.2460945551e-02 1.2205015367e-02
5.0775901787e-02 -1.7174730824e-02 1.1742162207e-01
-3.6367852984e-01 1.7820812689e-01 -6.2546323059e-01
-5.8366946412e-01 2.1395411896e-01 -7.2161873158e-01
-1.8833804123e-01 6.5459536202e-02 -1.8031120580e-01
1.8853220427e-02 -5.1937503156e-02 4.7388333387e-02
1.5476644865e-01 3.9337223092e-02 9.6406548239e-02
5.5057657002e-01 2.6935503382e-01 3.7325135088e-01
1.1771503324e+00 5.9226947162e-01 5.7729520320e-01
1.4043819515e+00 9.2111417466e-01 2.4644846481e-01
7.7564868792e-01 7.1971721610e-01 -9.3047428140e-02
2.6852467369e-01 7.1775736029e-02 4.6706769735e-02
4.4489425430e-01 -1.5295739364e-01 7.8628632861e-02
-1.0087815667e-01 -9.9210496779e-01 4.7422780316e-01
-2.7135912925e-01 -6.3149884347e-01 3.3837574888e-01
-4.2338641979e-02 -6.6466940665e-02 1.6786179710e-02
-1.3714210370e-01 -6.5792343944e-02 2.8622088531e-01
-4.8675014902e-01 -2.8128927446e-01 4.1609765487e-02
-3.5339799948e-01 -1.6787387023e-01 -6.5713102745e-02
8.5960904187e-02 5.9456497973e-02 -6.3605050080e-02
3.6402203861e-01 1.1195737664e-01 7.1134589005e-02
8.1843493581e-01 3.3172936258e-01 3.4502040713e-01
1.0442791329e+00 4.4657063746e-01 6.2007626639e-01
1.0492523767e+00 4.6952413252e-01 5.6088978488e-01
7.8417564199e-01 4.5150774849e-01 1.3992327109e-01
3.3485406039e-01 2.5906124653e-01 -1.3920669887e-01
-3.4120203791e-02 8.7065873145e-02 -4.9385790851e-01
8.2567252680e-01 2.0115454072e-01 -6.5544794940e-01
1.3103785094e+00 -4.5366522958e-01 -5.9963457566e-01
2.4828131102e-01 -4.5180156349e-01 -1.1321707314e-01
-1.8091412291e-02 -4.3866191822e-02 5.1294862007e-02
-2.3463832889e-01 -1.0324734509e-01 3.8539287957e-01
-4.5603499820e-01 -4.6989313446e-01 4.4098527129e-01
-4.9203396239e-01 -2.8708035872e-01 1.0050781571e-01
-3.1241828981e-01 5.0701289886e-02 -8.9029518824e-02
2.4361114806e-01 1.5960956854e-01 8.5497878538e-02
5.5328398021e-01 2.2326380593e-01 1.7769498111e-01
4.0476506926e-01 1.5290178236e-01 1.7845238450e-01
1.2547461857e-01 5.0712492597e-02 6.8438213545e-02
-5.6753363929e-02 -3.2174570553e-02 3.1583395806e-03
4.1762741895e-02 -3.0606418964e-02 2.6482485598e-02
-2.2530028212e-01 2.7729072329e-02 -5.3642024838e-01
2.8390233617e-01 -2.6701483930e-01 -1.9411411712e-01
2.1969735381e-01 -7.6500723020e-01 3.5328252330e-02
-2.5790777724e-01 -2.7555760933e-01 -2.7036982098e-01
-4.9437985272e-02 -4.5203584660e-02 -2.2152069109e-02
-1.1195126870e-02 -1.0408114929e-01 2.6482880531e-01
2.9515266863e-01 -3.5864811066e-01 5.5528557130e-01
2.5461947547e-01 -2.6329090568e-01 -3.4276741755e-01
-1.2640871849e-01 -3.4257882224e-02 -2.7641640466e-01
5.6755780422e-02 2.7576777439e-02 3.8125491525e-02
8.9943884290e-02 3.3870196447e-02 1.7357113486e-02
6.9219714414e-02 5.6417111928e-02 3.4008272982e-02
-9.2020800349e-02 2.2004078181e-02 4.6126247697e-02
-1.4554330075e-01 -2.8456973140e-02 7.4175926237e-02
4.9574347808e-02 3.4656671349e-02 1.0362220415e-01
2.0234493559e-01 9.9092593904e-02 -1.8066366411e-01
8.6354969520e-01 -4.5308729356e-01 -2.1231585556e-02
5.2552194502e-01 -8.1029595868e-01 9.2272000449e-02
-1.4614334504e-01 -1.2018349077e-01 -1.3349657306e-01
-4.8818589442e-02 -1.0216502179e-02 -8.3669879835e-02
-5.6051688895e-02 -4.2743201615e-02 1.6794595423e-01
-2.8338645554e-01 -1.1206463107e-01 5.8752938188e-01
-4.6232519034e-01 -3.6492185674e-01 8.6789479114e-02
-8.0755751837e-02 -2.4528610699e-01 -2.4345827985e-01
6.3298720152e-02 -2.4985372189e-02 -6.3189119230e-02
-2.7856471425e-02 -2.2185510386e-03 9.9960755037e-03
-5.9752616014e-02 1.3748552339e-02 3.7022896718e-02
-1.0771238591e-01 -1.6791840357e-02 6.4862441939e-02
-1.3113074330e-01 -1.5992587442e-02 7.1834167331e-02
-1.1644377413e-01 -1.4281247541e-02 4.1306480675e-02
-1.2545268381e-01 4.8254468731e-02 -5.0935707183e-03
-1.4684346654e-02 -2.1070961085e-01 -1.1311079879e-01
5.1563410289e-02 -3.3776621898e-01 -4.1092812291e-01
-1.8161006076e-02 9.5168318796e-03 -3.5833095129e-01
-1.9907403240e-02 -1.5657868769e-02 -9.3657684746e-02
-2.1971860255e-02 -1.3034324860e-02 2.4038878708e-02
-3.8681368631e-01 -5.7511542333e-02 1.4419447233e-01
-9.5938361963e-01 -3.5230005645e-01 5.7184339501e-01
-2.9711257767e-01 -4.6303185120e-01 9.9580497149e-02
-2.4945580571e-02 -3.3611479089e-01 -1.9626187709e-01
-5.3394194533e-02 -6.9530136527e-02 -5.8527783479e-02
-5.9491375336e-02 -1.4173649188e-02 2.9463430424e-02
-1.0700515982e-01 -1.4846164876e-02 6.1015942149e-02
-8.7980930297e-02 -3.4227445865e-02 6.0609767310e-02
-9.4418704282e-02 -1.1349685172e-02 1.0271188672e-02
-7.3697562943e-02 2.7065302263e-02 -1.5781015761e-02
-1.6331106616e-01 -3.9119842817e-01 1.5722761334e-01
-9.2239026368e-02 -6.2838445892e-01 2.5777062868e-01
2.7615313213e-02 -7.0391513360e-02 -3.6269007132e-02
-1.7389857401e-02 -1.6279981774e-02 -6.1115993925e-02
-3.3365823146e-02 1.0570869424e-03 2.9025838010e-02
-6.5498528748e-02 -4.9468826661e-03 3.2399191633e-02
-3.0956829934e-01 -4.3760446695e-02 2.2418437676e-01
-3.3659511527e-01 -1.9894038582e-01 1.4006216685e-01
-3.3785111669e-01 -2.8345756176e-01 3.9217485943e-02
-2.3215946838e-01 -1.4682363945e-01 -1.1195922635e-01
-7.9398693765e-02 -5.9137412923e-02 -1.3317798912e-02
-8.8747366661e-02 -1.9926942280e-02 7.0681824655e-02
-1.1281085072e-01 -6.3301031598e-03 9.5229118871e-02
-1.1583924379e-01 2.2031598770e-02 5.4984852368e-02
-8.4272807135e-02 -3.3911287162e-02 1.7801940350e-02
-2.8505557030e-01 -8.3178673443e-01 6.2158960653e-01
-2.3712111481e-01 -1.2679225032e+00 7.8556467988e-01
9.9577375913e-02 -2.5216332674e-01 1.0767634806e-01
-9.0642626943e-03 -4.1462669067e-03 -4.3084736063e-02
-4.6346490378e-02 8.1855648341e-03 2.5389602506e-02
-1.4326271528e-02 -7.3105995683e-04 1.8594595849e-04
-4.4919727248e-02 1.5678600860e-02 2.4504222375e-02
-1.5735837173e-01 3.1562414869e-02 3.7920103448e-02
-3.0634864661e-01 3.0950529712e-02 5.1170766413e-02
-4.4811124130e-01 -5.2830959913e-02 2.0129372379e-01
-1.8913614318e-01 -8.9713770515e-02 2.3223533517e-01
-1.0739987605e-01 -3.2273081720e-02 1.2191204615e-01
-1.2306884391e-01 -4.5933492895e-02 1.3170638419e-01
-1.1721428071e-01 -2.7879071896e-02 4.7157998392e-02
2.3925087322e-02 -9.5106281560e-02 1.5438135127e-01
-3.2058717235e-01 -5.0972056246e-01 4.5770715874e-01
-6.7633452925e-01 -7.3662508642e-01 -4.2696266171e-01
9.5306796460e-03 -1.6050587457e-01 -3.7089254305e-01
-2.9192332830e-03 -2.1780346783e-02 -4.3491746135e-02
-4.2757552050e-02 -2.7129747858e-04 3.4925106874e-02
-2.3094516922e-02 3.4867751720e-03 1.6184634055e-02
-4.5232193555e-02 1.3406992523e-03 4.5971142870e-02
-4.2966952290e-02 1.8500699039e-02 4.5555230036e-02
-1.1404298754e-01 3.7942798021e-02 6.4269561448e-02
-2.9382993550e-01 1.9734671584e-02 3.6395131287e-01
-4.8157759644e-01 7.3303846335e-02 6.4067369130e-01
-7.6242359307e-01 -9.8773932445e-03 5.8289860321e-01
1.0909491357e-03 -1.0086379159e-01 2.7308429860e-01
6.2898559264e-01 -1.5933023216e-02 9.5728177390e-02
2.0863322143e-01 -2.7453988490e-02 1.2625691061e-01
-3.7323950386e-01 -2.2329701146e-01 -1.9028590756e-01
-7.9104670193e-01 -2.1683889185e-01 -9.9424253717e-01
-1.3380368140e-01 -3.1680230845e-02 -3.6706257729e-01
-3.2878931476e-02 -1.3892168887e-02 -2.7359569026e-02
-3.7032908379e-02 -3.1657977898e-02 2.1158344873e-02
-8.9081570380e-03 -4.9036779443e-02 -2.8415181781e-02
-4.2483440714e-02 -5.5174320289e-02 2.5096464810e-02
-5.7565189174e-02 -5.9127788501e-02 1.1561091991e-02
-5.2599067081e-02 -5.7006532110e-02 4.5067884023e-02
-1.0070065075e-01 -3.9824365237e-02 3.6824141040e-02
-4.7275070466e-01 1.6369267271e-02 3.7777344825e-01
-1.2806886678e+00 -1.6333415170e-01 9.3807031707e-01
-1.6906455667e+00 -4.9587116634e-01 8.2754411929e-01
-1.7673722144e+00 -5.6205521344e-01 4.5338322498e-02
-1.5338255848e+00 -4.1373079284e-01 -6.1896794135e-01
-8.6214240154e-01 -3.0729625174e-01 -6.0795313957e-01
-4.0118736224e-01 -1.1193298597e-01 -3.8221853638e-01
-3.7918574592e-02 -3.5401950647e-02 -7.8200942704e-02
-1.3706185354e-02 -5.3506089442e-02 -5.1307279207e-03
-5.6893139433e-03 3.8900248739e-02 3.1404477245e-02
-1.9814795058e-02 6.5311616340e-02 5.3206705919e-02
-3.8371644168e-02 5.2828130695e-02 6.0610741301e-02
-2.5370294912e-02 3.5109630342e-02 3.9666994482e-02
5.4703520310e-02 -3.1005392778e-02 5.4017067759e-02
1.6382064506e-01 -1.2192127284e-01 9.5496237422e-02
3.8937860521e-01 -2.9831088945e-01 1.5419668904e-01
5.0371569363e-01 -4.7507633569e-01 1.7158415753e-01
6.5272971841e-01 -5.6041610377e-01 1.6081684030e-01
1.0650240341e+00 -6.9456650211e-01 1.3247461534e-02
1.3873181947e+00 -7.4060297940e-01 -5.5172189878e-01
5.8141384648e-01 -3.6348523450e-01 -5.0455662470e-01
-6.6891031899e-02 -1.1800207880e-01 -1.0808979407e-01
-8.4044086076e-02 -1.0087708564e-01 -2.0453307744e-02
-8.2965855198e-02 -7.8769415249e-02 -3.8850597078e-02
-5.0822471412e-03 4.5500185406e-02 2.9340685698e-02
-2.4615911289e-02 5.2559407743e-02 4.7794124678e-02
-3.5438247349e-02 2.3038296662e-02 7.1249608763e-02
4.8403909863e-02 -4.1853142532e-02 1.1242708976e-01
2.9652130012e-01 -2.1676190756e-01 2.6982380387e-01
4.8410496685e-01 -3.6894644064e-01 3.0576974479e-01
4.9104120071e-01 -4.8925366322e-01 2.6309672971e-01
3.9875742442e-01 -5.2305494736e-01 2.0953610161e-01
3.2612864274e-01 -4.5441088446e-01 2.0834226518e-01
5.6968689941e-01 -5.3355767280e-01 1.4176989877e-01
1.2887742171e+00 -9.6031601488e-01 -7.4424104478e-01
1.2414138867e+00 -9.2946525800e-01 -1.4249826780e+00
2.1204520081e-01 -2.3505477833e-01 -4.1092690197e-01
-7.8572366201e-03 -9.4220162633e-02 -3.5342189475e-02
-5.4099933117e-02 -7.2362593587e-02 -2.2031707978e-02
-2.1441787666e-02 5.0832454798e-02 1.0757129871e-02
-4.2076271663e-02 5.4430627157e-02 2.8752860576e-02
2.2339950464e-04 -2.8491920116e-02 9.4803910743e-02
2.9211646101e-01 -1.8834878599e-01 2.5254674901e-01
4.5804205240e-01 -3.2919910383e-01 3.1851370538e-01
1.9529928407e-01 -1.8329992530e-01 1.3714985399e-01
4.4057871102e-02 -1.3140719737e-01 7.3388211844e-02
-1.6081248009e-01 -3.6070271266e-02 7.9610027718e-02
-9.4716826957e-02 -1.0603150223e-01 6.3340850519e-02
5.9877752726e-03 -2.5326339476e-01 1.3277036434e-01
1.9841335269e-01 -4.8489004606e-01 -9.7558599523e-02
8.7025079859e-01 -9.4712351840e-01 -1.0224232504e+00
8.0821280823e-01 -5.3874119978e-01 -9.2128993040e-01
1.9684294024e-01 -1.0055713629e-01 -2.4852556612e-01
-5.2199189130e-02 -5.5780128140e-02 -7.1171155917e-02
-2.6327587173e-02 5.8619405752e-02 1.2792040575e-02
-7.8977150837e-05 5.2028636668e-02 6.0023969548e-02
1.7271567178e-01 -9.8858397006e-02 2.1091838423e-01
2.4882768722e-01 -1.7646848340e-01 2.1319859292e-01
-9.7661387522e-02 2.5338861817e-02 -8.0379053924e-02
-2.7338682111e-01 2.1593336703e-01 -1.5834925633e-01
-8.4879611743e-02 1.0746804809e-01 -2.6876779516e-02
-1.3284868984e-01 1.3701527722e-01 8.3878212966e-02
-4.1442229304e-02 3.1800562231e-02 3.9866495941e-02
6.0464311173e-03 -2.0360695733e-01 1.0299609461e-01
-9.1479333921e-02 -3.4786417804e-01 2.3159530726e-01
4.6986663943e-01 -7.7775102566e-01 -2.8320971326e-01
1.8097514503e+00 -8.3583100540e-01 -1.3065263919e+00
1.0730599724e+00 -2.1890137006e-01 -8.3193070434e-01
2.6441374880e-02 -6.5042879064e-02 -1.6256445219e-01
-1.7184114344e-02 2.6231360176e-02 3.4749735158e-02
3.3605626563e-02 2.6422452998e-02 7.0946628949e-02
1.2643503986e-02 5.7308387192e-03 2.9937304245e-02
-3.1665974130e-01 2.0097384616e-01 -2.6965060900e-01
-5.6639463363e-01 4.9033287890e-01 -4.5924330475e-01
-4.0346395233e-01 4.9565937151e-01 -2.4947986825e-01
-6.6741441740e-02 3.8019543439e-01 1.8781291654e-02
1.2752957911e-01 5.7462016771e-01 2.8657789399e-01
2.5276011750e-01 6.7262847532e-01 2.9881676315e-01
1.0333455094e-01 5.2725192803e-01 2.4852640512e-01
-8.1379658195e-02 -1.3709833245e-01 3.0861013438e-01
1.7116084890e-02 -5.4200800961e-01 1.2239333703e-01
6.1048797415e-01 -3.1757893328e-01 -4.5336150928e-01
6.7415167449e-01 -1.1288839093e-01 -4.7784352654e-01
-1.0202141054e-02 -6.8465030428e-02 -1.3432566060e-01
4.0330573901e-03 3.1346712498e-03 9.0331482768e-02
-6.0978449782e-02 1.0958686654e-01 -6.7657879631e-02
-3.6598535583e-01 2.7244308070e-01 -3.8822841852e-01
-5.5153448708e-01 5.1057601789e-01 -5.1409401484e-01
-3.9561289769e-01 5.9766120069e-01 -3.5893916509e-01
-7.8315719077e-02 4.6962882350e-01 -2.2263967097e-02
3.9911679956e-01 7.8983483497e-01 4.1930358581e-01
6.4964421178e-01 1.2237947784e+00 7.1724498454e-01
5.9969064569e-01 9.7639173301e-01 4.5879676900e-01
4.1740395410e-01 6.9671553475e-01 2.5114679572e-01
5.4634099060e-02 -3.9777690555e-01 3.9813479743e-01
3.4973333876e-02 -5.5013579154e-01 2.2881340738e-01
-1.1415698421e-01 -3.2805187302e-02 1.2014250298e-01
-1.0613912479e-01 2.7486671248e-02 1.3506149287e-01
-8.9432389473e-02 -3.3485865738e-02 -3.2407360215e-02
2.9852122603e-02 1.9924440359e-02 1.7163014579e-02
-1.1385209203e-01 9.6928998392e-02 -2.1532658550e-01
-2.5871111344e-01 1.4355072532e-01 -2.6857993774e-01
-1.4367561613e-01 4.8451209498e-01 -2.3717987079e-01
3.0544140844e-02 4.1701701429e-01 -6.5461689254e-02
3.9442874052e-01 5.2448015247e-01 2.6559749320e-01
9.6594938949e-01 1.1159384267e+00 7.4469824191e-01
7.6389537259e-01 8.6594818598e-01 6.3821161750e-01
4.8621352203e-01 3.9009055981e-01 1.9230090456e-01
3.1761863844e-01 3.6468985769e-01 5.0663397543e-02
1.9032718458e-02 -1.8952745930e-01 7.7241797980e-02
6.3798257695e-01 2.5409942706e-01 -7.1382128174e-01
5.5235624112e-01 2.8657806026e-01 -8.9896974163e-01
-2.9647412768e-02 -1.3512019736e-01 -1.1399896636e-01
-5.7406654903e-02 -7.1828440592e-02 -3.1151399872e-02
4.1972201664e-02 3.0372511952e-02 -3.3090857950e-02
-3.2215533871e-03 -7.9476240964e-02 -7.0162634867e-02
1.4111639722e-01 -2.4689471669e-02 4.5359489225e-02
3.2972172223e-01 3.6832691743e-01 -1.3291666225e-01
3.7246998045e-01 1.9230004153e-01 5.7308341252e-02
7.9523760690e-01 5.2042310324e-01 3.6462965990e-01
7.3925303347e-01 5.5154527152e-01 4.6898585532e-01
3.6606217916e-01 2.2414433613e-01 2.3066038039e-01
2.9508721665e-01 1.7001719069e-01 7.2866238359e-02
6.7834497445e-02 6.0443065942e-02 -1.6923361660e-01
-1.0514389619e-01 -7.2128803956e-03 -9.3328128244e-01
4.5712433880e-01 1.7228554038e-01 -1.6175429006e+00
1.1140068543e+00 -2.5046824746e-01 -2.2658862243e+00
2.7667312046e-01 -2.2437184147e-01 -6.1560967013e-01
-5.8848545693e-02 -4.7189108245e-02 -4.0373608049e-02
-2.9424297471e-03 2.5683422434e-02 -2.9141538000e-02
1.3774711751e-02 -1.1440772952e-01 -5.7221691059e-02
1.4227182893e-01 -1.0546871658e-01 -2.5068998637e-02
1.6772717879e-01 6.0719969401e-02 -1.1242126467e-01
1.4813812559e-01 -3.1611021743e-03 4.2870430653e-02
2.6442490544e-01 1.0379699999e-01 6.2639468003e-02
1.0697485003e-01 3.2956063638e-02 2.4632660961e-02
1.9847932131e-01 1.4760430339e-01 1.4532516174e-02
1.6607544417e-01 1.4297310278e-01 1.1534478724e-02
-9.8275586321e-02 -6.4819035928e-02 -1.7803342078e-01
1.5335770655e-01 -2.8465479742e-03 -9.6666200949e-01
6.2590550572e-01 -3.2010306351e-01 -8.0403644339e-01
3.3248881956e-01 -1.1734716383e+00 -4.6545247823e-01
-4.5776055362e-02 -3.7056331385e-01 -2.2981547412e-01
-7.3939523544e-02 -4.3368798635e-02 -4.1207311861e-02
-3.7118734533e-02 -5.8735506676e-02 1.1889813344e-01
-8.6862441309e-02 -2.1733508821e-01 3.2191326128e-01
-4.1118757753e-01 -2.6363432908e-01 -3.7627242114e-01
-4.6628857580e-01 -2.1363472430e-01 -2.5977978140e-01
-2.4258689482e-01 -1.0284652368e-01 -4.4401273895e-02
-1.9818498694e-01 -7.2399993510e-02 -3.7146437184e-02
-7.2281543442e-02 -4.8947924065e-02 -2.4993897105e-03
1.4633109958e-02 1.4151576835e-02 3.5261419454e-02
-5.2268757593e-02 -4.9971797573e-02 4.3671233324e-02
-1.1785905718e-01 -5.9584874413e-02 2.0221668519e-02
1.9212639695e-01 2.9878946886e-03 -2.0226490075e-01
7.5025782076e-01 -6.3648507517e-01 3.3357269018e-01
3.5837027670e-01 -1.1335894549e+00 1.1563263348e+00
-1.7574436416e-01 -1.5696176623e-01 3.6690802016e-01
-7.6445282216e-02 1.0967886740e-02 -9.1477294206e-02
-3.3453409014e-02 -3.9201374659e-02 5.7949505994e-02
-2.7495746353e-01 -2.0700963900e-01 1.2504240132e-01
-7.0374276980e-01 -5.9385163321e-01 1.0159891509e-02
-3.0612467506e-01 -2.4933960947e-01 -1.3833838057e-01
-4.0187879735e-02 3.1500111747e-02 -1.4792864817e-01
-8.9828795341e-02 -2.2874921316e-03 -8.9228039301e-03
-7.7643423971e-02 -1.3565425398e-02 2.1709164557e-02
-9.4998890691e-02 -3.4699058229e-02 4.4314625021e-02
-1.0659774299e-01 -6.1233025731e-02 4.6659281430e-02
-1.4697606534e-01 -5.4419233362e-02 3.7962786960e-02
-1.5802177923e-01 -2.8080234468e-02 6.4278096765e-02
1.4321030753e-03 -5.5845764953e-01 4.2887213495e-01
7.0516143613e-02 -6.8575034800e-01 6.5312974022e-01
-3.6638810018e-02 3.1813178650e-02 7.0737278140e-02
-4.2207665916e-02 2.1117602002e-02 -1.0319502062e-01
-5.4239841142e-03 -2.4462191178e-02 -4.0251898962e-03
-2.2252884539e-01 -1.4787904398e-01 6.1612008435e-02
-8.1615744340e-01 -6.1457374081e-01 4.9500201027e-01
-4.1168463354e-01 -4.3096732398e-01 8.6778293379e-02
-2.4497346642e-01 -2.0215626475e-01 -6.9396531881e-02
-1.1678640822e-01 -3.1710726783e-02 -6.6787681874e-02
-5.6748729006e-02 -1.0648172919e-02 -2.8821967691e-02
-1.0220862336e-01 -3.2364254397e-02 7.9643486422e-03
-1.0433752382e-01 -6.9345383233e-02 9.5726013769e-03
-1.2724760612e-01 -5.4261139067e-02 -1.5744821742e-02
-1.1636599414e-01 -5.5320659877e-02 -6.8592687905e-03
3.1890555797e-02 -4.9115379729e-01 5.0340734167e-01
2.4436759612e-01 -6.8263548849e-01 1.0031983569e+00
1.1882314033e-01 -4.3173062766e-02 2.5304740098e-01
-3.5976213030e-02 9.7704608808e-04 -7.5839564735e-02
-2.8487163937e-02 -1.0912331523e-02 8.1423418817e-03
-4.4083285527e-02 -2.7339841055e-02 8.1767513557e-03
-2.5915894557e-01 -1.5441106008e-01 1.5944494402e-01
-4.4368393470e-01 -3.6195254453e-01 2.2099695314e-01
-5.6372137943e-01 -5.2237621350e-01 2.5798092163e-01
-2.7376741000e-01 -2.0557029084e-01 3.0437060631e-02
-6.9985157652e-02 -6.0571501250e-02 1.1507541961e-03
-6.5498827186e-02 -2.8859414889e-02 7.6407075588e-02
-9.3829107248e-02 -3.9163696864e-02 7.3125465123e-02
-1.3500656976e-01 -5.7752062994e-02 5.6489611334e-02
-1.0250834745e-01 -8.2492121790e-02 -4.1157438036e-02
-8.4747033030e-02 -6.1382438615e-01 2.6669194056e-01
6.3103462380e-02 -8.6106895060e-01 3.3640938161e-01
1.5016424496e-01 -1.8548216890e-01 -1.4894442734e-01
-2.6369555304e-02 1.0551107402e-03 -7.5075195185e-02
-4.1680221329e-02 -8.6130640190e-03 -1.6318111651e-03
-1.2233443185e-02 -1.7793666921e-02 -2.0825763350e-02
-3.8842844346e-02 -2.0440545602e-02 1.6304761698e-02
-1.3538713286e-01 -8.5610859369e-02 6.3261563231e-02
-3.5496254930e-01 -2.5025030945e-01 1.6249409889e-01
-5.5036644971e-01 -3.3073358655e-01 4.4186519104e-01
-3.5734919516e-01 -4.2603813490e-01 4.5379477860e-01
-1.4897953950e-01 -2.1901200270e-01 2.3610344559e-01
-5.9509945773e-02 -1.5536719618e-01 1.7443141696e-01
-4.8612057690e-02 -1.1051958265e-01 1.4107509067e-01
1.8851674953e-01 -1.4889862616e-01 1.0570442660e-01
-3.3617426109e-03 -3.9633124589e-01 -1.0640403579e-01
-5.3920550560e-01 -6.0711035333e-01 -1.3829380115e+00
-6.9592437896e-02 -1.4871931644e-01 -7.2857134900e-01
-3.1844786907e-02 -3.4550914806e-02 -7.6860241419e-02
-3.8808552361e-02 -1.6783680345e-02 2.8252255665e-02
-1.4698224387e-02 -1.9457166080e-02 2.4022799546e-02
-2.9193717752e-02 -2.1459196932e-02 4.9067581281e-02
-2.7637325791e-02 -1.9464944726e-02 5.5151715124e-02
-1.1265917709e-01 -3.5267305197e-02 9.4953233161e-02
-3.3294206546e-01 -2.0453478575e-01 4.7349636879e-01
-6.4395063567e-01 -5.3244766329e-01 8.5374401140e-01
-8.3267195997e-01 -5.8696071985e-01 6.8253314166e-01
-4.3069940649e-01 -4.7262206943e-01 4.8415990640e-01
-1.1742913654e-01 -2.7023869587e-01 2.6582944364e-01
-1.7571600764e-01 -3.2745596510e-01 -6.3839428073e-03
-5.2502044748e-01 -5.2161890143e-01 -3.3640188350e-01
-5.5801644124e-01 -4.2278318834e-01 -9.2411667754e-01
-1.2839113705e-01 -8.7067385202e-02 -3.4789153757e-01
-3.8740815133e-02 -2.6189365973e-02 -4.6172307441e-02
-2.7044209567e-02 -3.9771881249e-02 1.4018397205e-02
-1.5785077124e-03 -6.4502821105e-02 -1.5839570284e-02
-1.8663618978e-02 -7.5520687717e-02 4.0619611324e-02
-2.6473192835e-02 -8.8504492973e-02 2.9416838826e-02
-2.3816917145e-02 -7.3727628122e-02 5.8159807313e-02
-7.2581626339e-02 -8.6322267928e-02 5.6804532232e-02
-3.8807927751e-01 -2.0820961285e-01 3.1988994166e-01
-1.0129915349e+00 -5.5032956953e-01 6.8416613562e-01
-1.3410345815e+00 -9.1039589387e-01 7.1058804523e-01
-1.3661684297e+00 -9.5963727982e-01 1.9113651025e-01
-1.1418115852e+00 -7.8078869054e-01 -3.0798102825e-01
-8.6098852353e-01 -5.4941389398e-01 -3.9985844991e-01
-3.2071923343e-01 -1.7525107695e-01 -2.3616740967e-01
-3.8728262297e-02 -4.6412166836e-02 -6.7216751260e-02
-2.7244611651e-02 -5.5814191934e-02 -2.2002546784e-02
8.1951163864e-03 3.0788104983e-02 4.2625280589e-02
3.0776648323e-03 4.5143074090e-02 5.2171120829e-02
-1.4817905700e-02 4.0712962610e-02 7.9756661379e-02
-7.0295205048e-03 2.4455770092e-02 6.0506640936e-02
3.4691803597e-02 -7.0763442788e-03 5.7201692306e-02
3.9413176308e-02 -1.0532873401e-02 3.6705048660e-02
6.0988467042e-02 -5.1523333124e-02 6.2395069145e-02
4.9004906368e-02 -1.0221857847e-01 5.9790983305e-02
1.5651671243e-01 -1.8079199930e-01 9.7406595747e-02
2.9284300366e-01 -3.1184940122e-01 8.4982790794e-02
4.0343166541e-01 -4.1026745967e-01 -1.1640030322e-01
1.1513999775e-01 -2.3006867002e-01 -9.6806630760e-02
-7.8713071052e-02 -1.1487775801e-01 -8.2648010628e-03
-8.5035833775e-02 -1.1517648059e-01 -8.4242447851e-03
-9.4448388801e-02 -1.0810636434e-01 -2.9710678213e-02
7.9774132521e-03 3.3090374342e-02 4.0928703669e-02
2.3339381278e-03 4.5858980894e-02 4.4280455810e-02
-9.4545217865e-03 2.7815348662e-02 8.4579573108e-02
1.2300035638e-02 -1.4384996423e-03 7.5610355498e-02
7.0650329721e-02 -5.6338079963e-02 1.1284440593e-01
1.0318047339e-01 -8.9611321303e-02 1.0245544341e-01
1.3166853751e-01 -1.6731803414e-01 1.2364243658e-01
2.3455937857e-01 -3.1588827606e-01 1.3598163490e-01
3.7349991563e-01 -5.0401163224e-01 2.1697956518e-01
6.6097034860e-01 -8.8666979767e-01 1.1678501867e-01
1.0890756783e+00 -1.3868530927e+00 -5.2859235184e-01
5.9486643562e-01 -8.5931472826e-01 -6.7001278698e-01
3.0325124520e-02 -1.8356028548e-01 -1.2095180448e-01
-5.0229168240e-02 -9.8481054058e-02 -1.4563904461e-02
-4.5798632795e-02 -8.5544889450e-02 -9.5899582207e-03
-1.1124144819e-02 4.0417744838e-02 2.8437923481e-02
-1.7806254710e-02 4.8294429619e-02 3.9391827469e-02
-4.5497535398e-02 1.9640306840e-02 8.4607412607e-02
5.9768591382e-02 -4.7475814250e-02 1.2458988659e-01
1.6386451929e-01 -1.4010815849e-01 1.6878019628e-01
1.1560162880e-01 -9.5042142398e-02 1.0778658484e-01
7.7814170827e-02 -9.2434010867e-02 8.9898574443e-02
8.7859983865e-02 -1.7143825994e-01 1.1687125601e-01
1.8752037740e-01 -3.4583782963e-01 1.2772987402e-01
2.6574702225e-01 -6.7281763818e-01 3.2908225312e-02
6.2542744124e-01 -1.2040028797e+00 -5.1825901997e-01
7.2508880796e-01 -1.0430072058e+00 -8.1406496604e-01
4.6700327505e-01 -3.5947838482e-01 -3.9833888672e-01
8.4928664336e-02 -1.1645177406e-01 -1.2075933909e-01
-5.8988254365e-02 -7.4534710792e-02 -3.9777242127e-02
-1.1375060650e-02 4.5672607610e-02 2.3540043733e-02
3.1912290058e-03 5.1049244792e-02 4.4154928754e-02
1.2238110701e-02 -1.3029081216e-02 9.2013768881e-02
1.2109478649e-01 -9.7252176463e-02 1.3475245765e-01
8.9088278660e-02 -7.1908915821e-02 9.3246447748e-02
-6.5166984144e-02 7.6712106088e-02 -8.9723049746e-03
-7.8704963762e-02 2.0439468864e-01 8.0619359777e-03
-2.4019219990e-02 2.5493283595e-01 1.1819700539e-01
1.1864449897e-01 5.5270451674e-02 1.0522940035e-01
1.1641115961e-01 -2.9156747160e-01 5.6144220527e-02
1.4853859475e-01 -3.6708386111e-01 2.0930104062e-02
8.5202960872e-01 -6.3484916926e-01 -4.5508394900e-01
1.6274482261e+00 -7.4346785614e-01 -1.0125296407e+00
6.4713866663e-01 -3.3911337231e-01 -5.7677233975e-01
-1.8495035756e-02 -1.0142628143e-01 -1.0952327437e-01
-5.0039694714e-03 2.4711153320e-02 5.1262853471e-02
9.8703571616e-03 5.9695148245e-02 1.1837196274e-02
-1.9678489386e-02 3.9780762475e-02 2.2430840544e-02
-1.6897519839e-02 -4.1307102107e-03 2.6152851682e-02
-1.4118531372e-01 2.2651984007e-01 -7.7708473373e-02
-2.0547722131e-01 5.8116179936e-01 -1.2204667262e-01
2.8595566120e-02 7.8172660867e-01 1.0441307446e-01
2.4178718789e-01 9.7010844678e-01 4.1139198545e-01
2.4050122655e-01 6.5089675950e-01 3.0279860406e-01
1.5497966725e-01 1.7930800193e-01 1.5867948887e-01
1.8035142662e-01 -1.4792739786e-01 1.0137655026e-01
5.9992532906e-01 -5.9745330448e-01 -2.7644312756e-01
1.0708141459e+00 -2.0120394317e-01 -8.1492691713e-01
4.6200570167e-01 -9.9631016284e-02 -7.3003315297e-01
-3.2605561740e-02 -1.0311330714e-01 -1.6044206933e-01
1.2083063565e-02 -4.8570267143e-03 7.4431467698e-02
-2.2712832124e-02 5.9518629973e-02 -3.9608653801e-02
-9.2120857130e-02 1.5136479395e-02 -2.5263091556e-02
-6.5898980028e-02 1.2756902843e-01 -2.9475502853e-02
-7.8855897272e-02 7.3832123107e-01 -1.6573568057e-01
1.0829021400e-01 1.0154655196e+00 7.7734647701e-02
5.4119781375e-01 1.1971076717e+00 5.4541257173e-01
5.3349599020e-01 1.1213575105e+00 6.2838214530e-01
2.0834676570e-01 3.7714510872e-01 2.6408711667e-01
3.2932981066e-02 5.2183159577e-02 6.4079455214e-02
-4.4138528625e-02 -5.1162612960e-01 -1.3685376043e-01
1.7377671396e-02 -9.2084127071e-01 -3.5870359513e-01
-3.3595683500e-02 2.6887391680e-01 -6.1611564364e-01
-1.1043115176e-01 3.6909443644e-01 -5.0899485518e-01
-7.7334226327e-02 -3.7907598507e-02 -1.1768885409e-01
2.3942843182e-02 -1.9687391440e-02 8.0443963430e-02
3.1947611530e-02 -3.3695066175e-02 3.0178355445e-02
5.7649950213e-02 -4.8307047421e-02 1.3738852427e-01
1.6149983276e-01 5.0684478328e-01 1.5643494408e-02
3.5062437164e-01 8.5901477700e-01 1.2887055611e-01
5.3674695967e-01 8.6267262372e-01 3.8164286919e-01
6.2051356046e-01 9.5765529442e-01 5.1532958371e-01
3.7611051317e-01 6.0313978972e-01 3.1804405459e-01
1.8809131056e-01 9.5801596021e-02 6.2306564486e-02
1.3993615472e-01 1.3149121549e-01 -5.6315934719e-02
-7.2099268823e-02 -4.8141253438e-02 -6.7282306761e-01
-3.4303617040e-02 -5.6848716454e-01 -1.2495891830e+00
-3.5614655490e-02 -1.5921416305e-01 -1.5068850014e+00
-8.6379546459e-02 2.2283467224e-01 -4.2256887591e-01
-4.6820357572e-02 -4.3061730234e-02 -4.6793659800e-02
2.3419551255e-02 -1.7552995848e-02 4.5470659342e-02
1.1103823206e-01 -8.2919410257e-02 1.0067530696e-01
2.9790922521e-01 -4.4599065466e-02 2.9987547511e-01
3.3945283240e-01 1.3612188633e-01 2.6633823527e-01
3.6976769733e-01 1.7751131520e-01 3.3369193380e-01
4.6210997307e-01 4.8889622893e-01 2.1965619671e-01
3.5081628208e-01 4.4973095518e-01 2.1281362048e-01
2.5015694099e-01 2.9113116239e-01 7.8475072182e-02
4.0934288503e-01 2.9394567840e-01 8.9708424098e-02
3.6462877440e-01 2.7785983869e-01 -1.2624705479e-01
2.4944976728e-01 2.0477913862e-01 -8.8872705766e-01
-2.9565057829e-01 -7.9703064330e-01 -8.5371451512e-01
-2.4936667403e-01 -1.2213763206e+00 -1.8802461479e+00
2.4105288272e-02 -1.4109729065e-01 -4.8950108850e-01
-5.1260814169e-02 -5.8848155168e-02 -1.5752820563e-02
5.3121670507e-04 -2.0209896977e-02 2.7703506143e-02
1.7702138271e-01 -1.7324916302e-01 1.4351405875e-01
4.5506197967e-01 -5.9179577813e-01 6.7314525330e-01
1.0642300190e-01 -3.3030617223e-01 2.6618431193e-01
-2.0068396242e-02 -4.8399596663e-02 -2.9664910528e-02
1.1894831250e-01 9.2282606569e-02 -3.9700426753e-02
-1.4453722622e-02 6.4656742828e-02 2.1919267826e-02
6.5234439115e-02 7.9330669048e-02 4.8127523493e-02
1.6093783072e-01 1.1429855872e-01 5.1147464238e-02
8.3601644101e-02 4.5671201343e-02 -5.5198002972e-02
2.1986521405e-01 1.8555500998e-02 -4.2176455705e-01
1.9620398154e-01 -5.5019816209e-01 -4.9200673329e-01
5.3721516719e-01 -1.0490036082e+00 -1.5287172583e+00
2.0550016544e-01 -2.4089135269e-01 -6.6307969878e-01
-4.2197528587e-02 -5.0979449812e-02 -3.4928636520e-02
-1.3055935859e-02 -3.6010643635e-02 4.4136090178e-02
-3.0148641895e-02 -3.0829554871e-01 2.1314957962e-01
-1.6480493790e-01 -8.8155123697e-01 5.1693936628e-01
-1.5119999925e-01 -1.9878181405e-01 -1.0588920897e-02
-2.7786472872e-02 7.7887396353e-02 -3.4736861294e-01
-6.6764061947e-02 4.4459757286e-02 -1.4612994885e-01
-7.5486293087e-02 2.1995559758e-02 2.4723199135e-03
-7.1899048040e-02 -2.2540876474e-02 4.3746357053e-02
-6.2836558864e-02 -4.6623864493e-02 5.1739062883e-02
-1.0312055609e-01 -4.7510322859e-02 6.3567376271e-02
2.3904371051e-02 1.3710386873e-03 -8.2204804401e-03
4.8897844079e-01 -2.6718157996e-01 -1.1861538287e-01
6.8792119153e-01 -5.2617429196e-01 -3.7412919322e-01
1.3343722270e-01 -7.2675500094e-02 -3.8263522924e-01
-5.2015468215e-02 -5.4817651438e-03 -1.0066664574e-01
3.7289887481e-03 -2.4631151117e-02 1.9889888052e-02
-8.6255815386e-02 -1.9712155297e-01 5.1328314781e-02
-4.4052920006e-01 -6.5174625687e-01 2.4616533045e-01
-2.6403335958e-01 -1.6256644219e-01 -1.4139137382e-01
-1.6496237283e-01 -3.1802299948e-02 -1.5318751709e-01
-5.2317782123e-02 4.6087451608e-02 -1.0684690805e-01
-2.7737944159e-02 6.8308586449e-02 -7.7678966962e-02
-5.7563085779e-02 -6.4792568626e-03 2.4923758542e-02
-6.8145396955e-02 -2.3960060159e-02 5.0206995059e-02
-1.0616253233e-01 -1.3262715405e-02 2.3732513332e-02
-1.2815527510e-01 1.2803310366e-02 4.5527897054e-02
-1.9695799903e-02 -2.7182871343e-01 3.2324133747e-01
1.8726521116e-01 -3.2071126265e-01 4.7213574724e-01
1.0251052245e-01 1.3111052284e-01 -1.2559862979e-01
-3.3134823806e-02 1.7462210500e-02 -1.1468827614e-01
6.7756512290e-03 -2.8296657666e-02 9.1594388452e-03
-1.7873875908e-02 -8.5789277474e-02 2.7901229146e-02
-2.7752212389e-01 -3.9003738295e-01 1.8480506230e-01
-3.3047737822e-01 -4.2654242366e-01 1.8035907672e-02
-3.1698542107e-01 -3.0691351247e-01 1.9250270985e-01
-9.6304709013e-02 -6.9137929164e-02 -2.2391754419e-02
-8.1221196323e-02 -4.9836645461e-02 -1.4257288529e-01
-5.4733174635e-02 -5.1869892413e-03 2.8230175588e-02
-4.8455421315e-02 -2.9547958510e-02 5.1129087566e-02
-9.7730408982e-02 -3.3281731887e-02 2.6044071562e-03
-7.3863838080e-02 -4.6852741976e-02 -1.9997529541e-02
5.7931421392e-02 -3.3084121878e-01 4.5136188048e-02
1.9512754345e-01 -3.9528795986e-01 -2.6955039806e-01
1.8426464402e-01 8.9479706484e-02 -3.9158185777e-01
-2.2713562704e-02 2.7767849110e-03 -9.3866160320e-02
-1.6089300020e-02 -2.4256641718e-02 5.9933340535e-03
1.6518575057e-02 -2.8037779776e-02 -1.2032598372e-02
-5.2083690521e-02 -6.8922814248e-02 1.6311039103e-02
-2.0750828126e-01 -2.1771184211e-01 4.1607821289e-03
-3.6401262136e-01 -3.8105618563e-01 1.6668620825e-01
-2.2252127027e-01 -3.7494806917e-01 2.3476635777e-01
-1.7513141107e-01 -3.7235563379e-01 2.2763204743e-01
-5.0751272439e-02 -1.7776567485e-01 2.3327682579e-01
-2.2504790805e-02 -9.6358667148e-02 1.9390178390e-01
-5.8647216482e-02 -3.9570600570e-02 1.1802863325e-01
5.3539101352e-02 -3.7536884898e-02 3.2912120784e-02
1.4770575408e-01 -3.0239674221e-01 -4.2908937462e-02
-8.1519304801e-02 -5.9675901596e-01 -1.2829822663e+00
3.5334156437e-02 -1.2074963280e-01 -9.1050405210e-01
-2.4060745176e-02 -6.9846955077e-03 -9.4793696559e-02
-2.5310647404e-02 -2.2191659892e-02 8.6866927942e-03
3.4331342346e-03 -2.7837856062e-02 -1.6004496481e-02
-1.7389580448e-02 -2.0563815525e-02 2.0564723119e-02
-3.6636232598e-02 -3.3841387990e-02 2.1144347082e-02
-1.3467877632e-01 -1.4691901513e-01 1.3776049252e-01
-3.2403437941e-01 -3.5470862615e-01 3.6398845159e-01
-5.5392141398e-01 -6.8247006212e-01 5.7579659963e-01
-4.5314416791e-01 -6.4352806534e-01 5.5770509695e-01
-2.4356095801e-01 -5.1218846899e-01 4.5419243176e-01
-3.6222015487e-02 -1.8708423622e-01 2.6278484240e-01
3.9105254868e-02 -2.7302938245e-01 -3.1483515633e-03
-1.7114928344e-01 -5.9259376701e-01 -1.6472279873e-01
-4.0673577800e-01 -6.4200856456e-01 -1.3016508958e+00
-1.4372198593e-01 -1.7652223321e-01 -6.7896086129e-01
-2.6886958398e-02 -4.2474644997e-02 -5.9642331735e-02
-1.9286513150e-02 -2.6583739466e-02 2.1487899109e-02
1.9401910505e-05 -2.6042826688e-02 1.1916194032e-02
-2.4703530124e-02 -2.6510913317e-02 4.7717532533e-02
-1.6615486938e-02 -2.3533969376e-02 4.8643431438e-02
-3.8795436183e-02 -1.7016717918e-02 7.6720320991e-02
-1.9117420514e-01 -1.3835214101e-01 1.7221283721e-01
-5.1497500221e-01 -5.2100094843e-01 5.6187173644e-01
-7.9497076497e-01 -8.7312474593e-01 8.1344865862e-01
-8.6394845522e-01 -1.0158351904e+00 7.0279107676e-01
-7.2472229467e-01 -7.7485713517e-01 4.5024379778e-01
-5.7312947552e-01 -7.5041551468e-01 -6.1598971957e-02
-7.5052697765e-01 -9.1650511320e-01 -3.4399229354e-01
-4.0923063952e-01 -4.7849166810e-01 -5.5529236846e-01
-7.6081023542e-02 -1.0447634421e-01 -1.8859547770e-01
-2.8943018957e-02 -3.2760899685e-02 -4.2063918795e-02
-6.9946177726e-03 -5.2375582560e-02 1.6580537180e-02
1.8876765673e-02 -6.1783930105e-02 -1.6621845452e-02
-5.8102765517e-03 -6.7032400476e-02 4.5467343942e-02
-7.9429709252e-03 -7.2768814640e-02 3.7843281420e-02
-8.1623640045e-03 -7.0986814786e-02 5.8571590807e-02
-2.1258177106e-02 -8.0554634732e-02 -1.0983892408e-02
-1.4750583002e-01 -1.6859982716e-01 1.3001059193e-01
-4.9164047208e-01 -4.4222635478e-01 3.2910285080e-01
-7.6693390354e-01 -7.9196091806e-01 4.1442054041e-01
-8.4765555837e-01 -8.8920389068e-01 2.1652717795e-01
-6.5936256111e-01 -7.0692723736e-01 -8.4290802275e-02
-4.5223451935e-01 -4.4084946388e-01 -1.3934117171e-01
-1.3784108332e-01 -1.5178687932e-01 -8.0628262449e-02
-1.5107332256e-03 -4.7974071518e-02 -4.5531693261e-02
-2.2000240456e-03 -6.3739268386e-02 -2.2785453723e-02
8.3561625888e-03 1.4245317085e-02 6.1359853011e-02
-1.6654457645e-03 2.0360163406e-02 7.3068055886e-02
-4.4918201195e-03 1.4084062316e-02 9.9140179095e-02
-1.5450810349e-02 -8.3788635537e-04 8.0867262175e-02
2.1732433948e-02 -1.6790383796e-02 8.4176774095e-02
-9.4751633633e-03 -9.7699367402e-04 6.1429423489e-02
1.0229154960e-03 -1.6385600542e-02 7.3335471067e-02
-5.2610043098e-02 -1.2302680736e-02 6.3898820667e-02
-3.6281314075e-02 -3.0039260791e-02 7.8993682323e-02
-8.4200731514e-02 -3.3279401030e-02 1.0151180188e-01
-6.4091062559e-02 -6.3068019986e-02 1.1003799435e-01
-9.1216412232e-02 -7.7635953320e-02 1.3511983400e-01
-7.2926937680e-02 -8.3420886648e-02 1.1461856498e-01
-6.7937820502e-02 -9.0957206118e-02 6.8461774336e-02
-8.6116831676e-02 -5.5384804497e-02 8.3658668377e-03
-4.3417512739e-03 2.5849393053e-02 6.3589272267e-02
-1.8905786415e-03 1.4144835868e-02 7.0836948653e-02
-1.1865290414e-02 2.6457206419e-03 9.6863934506e-02
-1.6295227486e-02 -3.6448732964e-03 8.7223698582e-02
4.9610317388e-03 -3.0767760046e-02 1.0313619777e-01
4.9371416751e-04 -2.3841590386e-02 7.8822276478e-02
-1.1770149167e-02 -6.1216666380e-02 8.8200204426e-02
-1.4573264666e-02 -9.2694017467e-02 7.5649341612e-02
3.9268584714e-02 -1.8536800507e-01 1.1619749054e-01
5.4887827805e-02 -3.0164624003e-01 1.0620487752e-01
1.0308107750e-01 -4.0365666965e-01 8.7262636299e-03
-2.3653312258e-02 -2.2542507626e-01 4.7227382072e-03
-2.7324806752e-02 -1.0614280645e-01 1.2228429238e-01
-1.9172610066e-02 -8.2929170539e-02 9.9200758472e-02
-3.3208671128e-02 -3.9006628248e-02 3.0847240901e-02
-1.5761560029e-02 3.2434799749e-02 4.6308790103e-02
-2.9274778287e-02 2.4561414776e-02 5.9420083744e-02
-5.5347974192e-02 1.0432678646e-02 9.2662681305e-02
-2.4951943731e-02 -1.4373130725e-02 8.2771768796e-02
5.0532532742e-03 -3.9429993100e-02 8.7487213806e-02
-1.7294387037e-02 -3.2053261278e-02 7.0843390655e-02
9.4206966357e-03 -8.6286348622e-02 8.0582993262e-02
4.1698344449e-02 -1.7803920384e-01 9.7428650483e-02
2.1725283515e-01 -3.5452991603e-01 1.2151639648e-01
3.0855905340e-01 -6.6114462301e-01 5.4823485787e-02
4.6055661442e-01 -8.4804450880e-01 -1.4863942909e-01
5.1878322718e-01 -3.4005117519e-01 -1.9336953056e-01
2.7586347882e-01 -6.5021884026e-02 -7.4212361883e-02
2.8781653103e-02 -5.4667758514e-02 1.4841068818e-02
-5.8876719527e-02 -2.6909755149e-02 -6.7400872867e-03
-2.3012504974e-02 4.3224867445e-02 3.5928320324e-02
-2.5515944946e-02 2.9371149852e-02 5.3046154109e-02
-3.9937574579e-02 -1.5610326551e-03 7.3486000250e-02
5.3416175396e-03 -2.9658782697e-02 6.5435664692e-02
4.3098651332e-02 -8.8504010477e-02 7.1906732812e-02
7.4276681982e-02 -1.1459301086e-01 7.2377901359e-02
1.1952451338e-01 3.8421849206e-02 1.2026570715e-01
2.8305220882e-01 2.1287149700e-01 2.3899598387e-01
5.6112180560e-01 4.4473780085e-02 3.0486850297e-01
6.2093032120e-01 -4.5201657381e-01 2.6241975604e-01
9.4638399468e-01 -5.6887177747e-01 9.5482261622e-02
1.5807610483e+00 -2.4568962569e-01 -5.6169681581e-01
1.4008277588e+00 -4.7585763626e-02 -1.1648960069e+00
3.0571060348e-01 -9.6534533586e-02 -3.6830315918e-01
-3.5518413439e-02 -3.9952628469e-02 -6.6688850591e-02
-1.5141235554e-02 2.1625372427e-02 4.0718376608e-02
1.1577646499e-02 1.7566447827e-03 5.9062954539e-02
-2.3342620717e-02 -3.3492429499e-02 8.3596741102e-02
4.1457651595e-02 -1.2419824280e-01 1.2475411700e-01
9.8423669167e-02 -1.0488915442e-01 1.2725435028e-01
2.4178536021e-01 1.9857540844e-01 1.7556455087e-01
6.5671598427e-01 4.3486734991e-01 4.8166904616e-01
9.5999525557e-01 4.4553293925e-01 6.1395676500e-01
9.2529716047e-01 1.2453597180e-01 3.8524857659e-01
7.7607723217e-01 -2.5658072265e-01 2.6136460734e-01
7.3325037409e-01 -3.8991090136e-01 -1.0331966212e-01
6.8021115794e-01 -9.0346286436e-01 -7.5587212771e-01
1.2486175496e+00 -7.2850182718e-01 -1.5228145713e+00
6.2203716886e-01 -8.5562282763e-02 -1.0955343819e+00
-1.8121603071e-02 -2.5564735433e-02 -1.8118091157e-01
-3.9258920119e-03 -2.0471030957e-03 7.4824255676e-02
9.8882887972e-03 -2.8870946695e-02 7.8186499162e-02
2.6755197111e-02 -1.4181327211e-01 1.5625942434e-01
1.5862465966e-01 -1.4152090921e-01 2.1150427767e-01
3.6916018272e-01 3.9012322543e-01 2.9717792873e-01
8.5842602990e-01 5.9685590467e-01 6.9448579265e-01
9.6752796999e-01 4.4134462021e-01 7.2619141267e-01
5.0120749801e-01 1.3175412381e-01 3.5668953989e-01
1.5836934695e-01 -8.8377185390e-02 1.2167123448e-01
-1.1727436678e-02 -2.3167587823e-01 9.0795104682e-02
-1.0346111855e-01 -5.6486242288e-01 -5.9141125336e-01
-8.4866201846e-02 -1.4887788032e+00 -5.2504525450e-01
3.2087017160e-01 -5.8122252168e-01 -8.7817362632e-01
4.1869717267e-01 6.1531379328e-01 -1.7019428418e+00
-1.5206599669e-02 7.3592700595e-02 -3.5119984345e-01
5.8614568085e-04 -2.2288740008e-02 8.0430896673e-02
4.3898708011e-02 -6.3203289055e-02 9.0076529801e-02
7.3969840454e-02 -1.4655510607e-01 2.0213715511e-01
3.8639161730e-01 1.4402453505e-01 3.5210109545e-01
8.8620711683e-01 3.2915794956e-01 8.5279796797e-01
8.1849544462e-01 3.8727589971e-01 7.6169024377e-01
2.8340804557e-01 2.8231012927e-01 2.4022112411e-01
4.0572545021e-02 7.3418149945e-02 2.4357403082e-02
7.2161136776e-02 -2.0234537853e-02 6.0740127640e-02
-2.4525103691e-02 5.6509552390e-03 2.9942420069e-02
-3.3132987018e-01 -2.4031372588e-01 -6.3997858980e-01
-5.0834802237e-01 -1.7557939070e+00 2.4412805578e-01
-4.0849226519e-01 -2.4412058273e-01 -5.2468084114e-01
-2.7373078768e-01 1.2174990997e+00 -1.3105108353e+00
-6.1702034027e-02 1.7931018809e-01 -3.2070149096e-01
-3.8865075376e-03 -2.4625062312e-02 6.1232520947e-02
3.1730890133e-02 -7.7666583010e-02 9.5643975283e-02
4.0441749168e-02 -1.6136360421e-01 2.5046806971e-01
3.9569425394e-01 -2.8406598153e-01 7.1080172765e-01
5.8656332233e-01 -2.2061156726e-01 7.2796931274e-01
2.4223992703e-01 1.8890994183e-02 1.2977920701e-01
5.0356461270e-02 5.5025571545e-02 3.5416328872e-02
2.5803568337e-02 8.3871446187e-02 3.9407197856e-02
1.2895034254e-01 5.6202561599e-02 4.9547972490e-02
7.5433746139e-02 7.9455941715e-02 2.4360748033e-02
-7.8487423365e-02 4.5502619833e-02 -3.5767478646e-01
-6.2305185733e-01 -1.0639170031e+00 9.4228091970e-02
-4.1992081566e-01 -6.7682293066e-01 -3.4436018196e-01
-2.4448690107e-01 3.8140371264e-01 -3.0666653384e-01
-8.8902866753e-02 1.4730253185e-01 -1.4645953685e-01
-1.2591823839e-02 -2.5611900329e-02 4.0745388962e-02
2.6459157512e-02 -1.2968837527e-01 1.0704606603e-01
1.3734616198e-01 -5.0148767809e-01 5.2129062894e-01
1.5969366681e-01 -3.9575584851e-01 4.4369834841e-01
8.5486292741e-02 -1.0386767945e-01 -1.0153142735e-01
1.5695064061e-01 -5.2779772723e-03 -3.2795217686e-01
8.9433521538e-02 1.0148135709e-01 -8.9969884357e-02
-5.6661075412e-02 -1.0595739238e-02 1.0672888172e-02
-3.0241958621e-02 -5.9986876933e-02 2.0369021872e-02
-4.4990922793e-02 -3.5338835605e-02 4.9931217328e-02
6.9530690694e-02 8.4199093100e-02 -1.8645470596e-01
2.4533436931e-01 -3.5836643815e-01 -8.8643053470e-01
3.4406766517e-01 -9.2195850707e-01 -1.0163212242e+00
8.1201397986e-02 -1.7753204047e-01 -2.7483240124e-01
-4.2830877476e-02 1.0600348403e-01 -8.8566423440e-02
1.2884174170e-03 -1.6743392211e-02 3.2502013807e-02
-8.7879396793e-03 -1.2918801789e-01 1.0796407766e-01
-2.1538672034e-02 -4.7024942293e-01 4.0026331989e-01
5.6112764687e-02 -1.3875809078e-01 -3.6156083702e-02
7.0504319256e-02 1.1507159381e-01 -5.6275985775e-01
4.4648761577e-02 2.3178562451e-01 -3.8121939200e-01
3.0283692874e-02 2.3391008154e-01 -1.9656426036e-01
-6.0661400488e-02 1.2204392967e-02 -3.4356640543e-02
-6.0690621274e-02 -5.5509348618e-02 5.0506156573e-02
-1.0865512463e-01 -3.4796352117e-02 5.0621191280e-02
-3.8693845875e-02 -8.6554653582e-03 2.5570403615e-02
2.2531078664e-01 -2.9237881228e-01 -4.1868295488e-01
5.6678095214e-01 -5.9041655869e-01 -1.4026355072e+00
3.2608885334e-01 -1.1774692554e-01 -8.8103900839e-01
-3.0574254633e-02 6.2844230072e-02 -1.5027083389e-01
6.0174479238e-03 -1.6633121299e-02 3.5154584250e-02
5.9838045302e-03 -4.9166571439e-02 3.8509688719e-02
-5.5262368395e-02 -1.5318785002e-01 6.5075329766e-02
-8.2146228648e-02 -1.4509576615e-01 -1.7371582033e-01
-1.2908547926e-01 -1.6875802537e-01 -1.6559757407e-01
-6.1778810222e-02 9.8617041016e-02 -1.5344915249e-01
-1.2470308066e-01 1.4343959707e-01 -2.4495798737e-01
-6.5718488505e-02 1.2604312992e-02 -3.7094206205e-02
-4.1059749337e-02 -1.7848026269e-02 9.7896259033e-02
-8.5944595930e-02 -2.5394877210e-02 5.8729025110e-02
-1.0772086023e-01 -2.0215518128e-02 3.7081237295e-02
-1.2080469215e-01 -2.3097312826e-01 -9.6066243745e-02
-5.1303080753e-02 -5.6411169311e-01 -1.2116600793e+00
9.8419948020e-02 -1.3034068138e-01 -1.0596025863e+00
-4.0492207978e-02 1.7600013386e-02 -1.6224743066e-01
9.1413014964e-04 -2.4164009296e-02 2.1429056684e-02
1.7834777017e-02 -3.9037593368e-02 1.6129797942e-02
-3.2731924577e-03 -6.3249736549e-02 3.9837898977e-02
-6.5953557747e-02 -1.8582350451e-01 1.0859024733e-02
-7.1345644609e-02 -2.1391413348e-01 1.0739960229e-01
2.8494278880e-02 -7.8096379064e-02 -8.8024610773e-02
-1.7196914675e-01 -2.0798087005e-01 -1.7532525050e-01
-9.7931149476e-02 -1.8397110032e-01 1.4495484925e-01
1.0832658852e-02 -1.6850554313e-01 2.1064589177e-01
-7.2760775494e-02 -1.5514729828e-01 1.3620409256e-01
1.9713056357e-02 -5.8196852919e-03 9.2657420627e-02
3.9780883638e-02 -1.3946689910e-01 1.2034284259e-01
-2.2352437277e-01 -6.3408250191e-01 -1.1695180842e+00
-5.5089064777e-02 -2.2935056415e-01 -1.0665791191e+00
-4.1451031508e-02 2.0854365211e-03 -1.2653486583e-01
-1.5752198815e-02 -1.5794046758e-02 1.8565177481e-02
5.5079932274e-03 -3.5307316309e-02 1.0462642297e-02
-1.2429876097e-02 -2.3050230092e-02 2.5453944916e-02
-3.5230029078e-02 -3.3341935143e-02 2.4829836632e-02
-8.8475829265e-02 -1.2438307073e-01 7.6485127375e-02
-1.6175993613e-01 -3.5533091729e-01 1.5931905112e-01
-3.3131814606e-01 -5.8376411459e-01 3.5031613901e-01
-2.4343251658e-01 -4.9981232215e-01 5.5936189851e-01
-1.8531263531e-01 -5.1755447326e-01 4.9454550916e-01
-1.8409691211e-01 -4.1596521176e-01 3.0433828243e-01
1.4648205712e-02 -2.2702758348e-01 1.5925642835e-01
-8.9575159452e-02 -4.2404492137e-01 6.3354282235e-02
-2.3586233728e-01 -6.8247032357e-01 -1.1052526320e+00
-1.1582270268e-01 -2.6078570395e-01 -7.9565888253e-01
-4.9161900285e-02 5.1891414830e-05 -8.3619516440e-02
-2.0623373933e-02 -1.9980507985e-02 1.1975701836e-02
9.1024934421e-04 -3.5908083904e-02 2.2142074546e-03
-2.0052657134e-02 -2.9327246482e-02 3.3732301028e-02
-6.5329694349e-03 -2.0605731436e-02 3.8010660933e-02
-3.2407887758e-02 -2.5984469849e-02 7.7720840097e-02
-1.1635127077e-01 -1.8740239823e-01 1.3020615418e-01
-3.2363984367e-01 -5.7768219026e-01 3.9395228861e-01
-4.7017639381e-01 -9.1550434898e-01 6.7049027954e-01
-4.4548181762e-01 -9.9734006152e-01 7.0276257354e-01
-2.9492445572e-01 -8.2084679021e-01 4.0425827940e-01
-3.2776708715e-01 -9.1599012407e-01 -9.2140858758e-02
-7.7274352787e-01 -1.0463639720e+00 -2.1590668192e-01
-3.9550342549e-01 -6.2702301925e-01 -6.1345505136e-01
-1.3071635116e-01 -1.3628018141e-01 -2.5534475690e-01
-3.8374746883e-02 -1.3852386419e-02 -3.1784029943e-02
-2.2434131700e-02 -2.0469242210e-02 3.0341237988e-02
-2.2649524545e-03 -2.9925535426e-02 2.3288771898e-02
-3.3287884029e-02 -2.6918762784e-02 5.2758228473e-02
-2.1366061132e-02 -2.7109391242e-02 5.7998251927e-02
-3.5185057821e-02 -8.3556506340e-03 7.2988470727e-02
-6.3499450405e-02 -3.6026778043e-02 4.5392238810e-02
-1.8660553149e-01 -2.1496315853e-01 1.8555509587e-01
-4.1468551755e-01 -5.8611426710e-01 4.2326825064e-01
-5.6643028508e-01 -8.5073569181e-01 5.7960281121e-01
-6.4577742767e-01 -7.4636293806e-01 4.3239228756e-01
-6.0022709391e-01 -8.0293498170e-01 -6.0347750617e-02
-6.8497994326e-01 -7.4785887664e-01 -1.7424802387e-01
-2.5675649352e-01 -2.7652488195e-01 -1.1325276717e-01
-3.7920891095e-02 -4.7110062856e-02 -3.3118176559e-02
-4.3515529753e-02 -1.0639986027e-02 -3.6491056407e-02
-1.6242118184e-04 -4.1728643557e-02 3.1719923643e-02
1.8907791737e-02 -6.4169218567e-02 8.1686352198e-03
8.8313190616e-03 -5.9016255590e-02 5.7977346587e-02
1.3428140032e-02 -6.1718551931e-02 5.7365824186e-02
5.3992683322e-03 -5.9358744678e-02 7.8186042211e-02
-3.0589631767e-03 -6.7060265433e-02 1.5726676824e-02
2.0782823258e-03 -8.1199847868e-02 6.5252981166e-02
-9.6680316443e-02 -1.6069032392e-01 1.0368262221e-01
-2.0833155640e-01 -2.7813863755e-01 1.2709667649e-01
-3.1072600692e-01 -2.9512816996e-01 8.2592187939e-02
-2.0166939234e-01 -2.5303730979e-01 1.7398628479e-02
-1.2981572264e-01 -1.7283075524e-01 4.8005235499e-02
-3.0987577652e-02 -5.8829131042e-02 4.8286857081e-02
-1.1109096953e-03 -8.6276027334e-03 5.4183417206e-04
-1.0908541545e-02 -2.6690219192e-02 -2.0910008112e-02
-8.6254774871e-04 2.2378684637e-03 6.1622020730e-02
1.2464125908e-02 1.5440946815e-03 5.5360682973e-02
1.3651156720e-03 -1.1405233482e-02 8.4041524190e-02
2.9509603302e-03 -2.7018881401e-02 6.4512065395e-02
2.0366652027e-02 -3.7049041185e-02 7.6774921718e-02
9.4900714234e-03 -3.2901334364e-02 4.7232395191e-02
1.6892131336e-02 -2.9539345207e-02 5.5995672342e-02
-2.6161692909e-02 -2.2910241946e-02 5.6531728528e-02
-2.1607788345e-02 -2.0819998956e-02 7.0953963235e-02
-5.5595422594e-02 -1.6823847353e-02 7.6869112157e-02
-4.4311054639e-02 -4.0311460120e-02 8.4150183893e-02
-7.6208383922e-02 -7.3219040632e-02 1.1881286700e-01
-5.5938408831e-02 -8.5755971898e-02 1.3367275113e-01
-4.0208776233e-02 -1.0232549204e-01 1.0846800416e-01
-5.5436454550e-02 -8.1911768595e-02 5.0814511674e-02
1.0508004965e-02 9.7944084111e-03 5.9887042517e-02
2.9478597678e-02 -2.9812900910e-03 5.4630694177e-02
2.0319707255e-02 -1.4310601507e-02 8.6933166321e-02
2.2557675201e-02 -3.0346389568e-02 5.9694767194e-02
2.7977870959e-02 -5.5156584547e-02 7.8338857045e-02
2.2902236580e-02 -5.2358024846e-02 5.2423198836e-02
2.1355392794e-02 -5.9689399143e-02 5.7689042619e-02
-7.8554555867e-03 -5.0939606685e-02 3.9911713364e-02
-1.5420955243e-02 -4.9163151204e-02 6.3009500423e-02
-3.6386356090e-02 -4.1387959863e-02 4.8960748809e-02
-3.9921834410e-02 -5.5995648201e-02 6.9774469824e-02
-4.1841730833e-02 -6.0882955476e-02 8.8870671564e-02
-3.0398629447e-02 -9.9740465429e-02 1.4597228653e-01
-1.7190141081e-02 -1.1485989051e-01 1.1373887256e-01
-1.2467136469e-02 -8.5775366272e-02 6.0595692002e-02
-1.5411371228e-02 1.7580827532e-02 5.0164467308e-02
1.0364789242e-02 3.9259047287e-03 4.9594097989e-02
-6.6913360398e-03 -1.5521065089e-02 7.4810850395e-02
3.4950998058e-03 -3.3831620286e-02 5.7166452295e-02
1.4950308193e-02 -5.0125554154e-02 8.3460964134e-02
1.1636909333e-02 -5.1553955394e-02 4.6987042174e-02
5.3992417826e-03 -5.2286754668e-02 5.6470771347e-02
-1.8236903646e-02 -3.7024259185e-02 4.3842613947e-02
1.9053042225e-02 -5.3480410570e-02 7.1274729224e-02
5.2539209093e-02 -8.4806622865e-02 8.1966553881e-02
3.2788565185e-01 -1.1683421667e-01 1.3917054253e-01
6.1540101801e-01 -4.3575181301e-02 -6.1587602874e-03
2.5071581375e-01 -6.5995782177e-02 -5.1156270515e-02
1.5098031607e-02 -6.3066681969e-02 2.3268396880e-02
-6.2982233033e-02 -5.3840098372e-02 1.2600570690e-02
-7.4144989472e-03 2.1810772291e-02 3.9287788621e-02
2.6285239362e-02 -1.8913353128e-03 3.5241818864e-02
2.6144266520e-03 -2.0619422532e-02 5.7465652277e-02
1.6222228938e-02 -3.9584119701e-02 5.2167896243e-02
1.6663907450e-02 -5.9658821835e-02 6.1213053875e-02
2.2580989082e-02 -6.6119884694e-02 4.2222800256e-02
6.5764110763e-02 -3.2662325397e-02 8.2446721804e-02
2.3814192976e-01 -1.9320818713e-02 1.7029498398e-01
5.1098852483e-01 -1.1004567516e-01 2.6303855912e-01
5.0081998528e-01 -1.8216653469e-01 3.3883862012e-01
1.1260028727e+00 -2.2575029902e-01 4.2554180587e-01
1.6722983071e+00 -2.6928350637e-01 -7.9546629542e-01
8.3455335509e-01 -3.0583590109e-01 -1.4788562506e+00
1.4489024671e-01 -1.4594741906e-01 -2.8441816910e-01
-5.0139255379e-02 -5.6300818421e-02 -3.3814186440e-02
3.3432627287e-03 9.7563819419e-03 4.8944675544e-02
3.5209165125e-02 -4.9342315579e-03 4.8135099656e-02
1.2345868110e-02 -3.1315431841e-02 7.1690761571e-02
2.8400715113e-02 -5.1899700029e-02 7.4511059563e-02
3.7916003443e-02 -4.8062757680e-02 8.5701684107e-02
1.7480718832e-01 -1.5109322406e-02 1.4553407984e-01
5.4353668811e-01 -7.5741758847e-02 3.7828573123e-01
7.9113891935e-01 -1.6158775124e-01 4.7230050407e-01
8.0791283044e-01 -2.5155992294e-01 3.5419127273e-01
3.9892711671e-01 -1.5268601796e-01 3.1180339515e-01
-3.7785594439e-01 9.0511360762e-03 2.5629111629e-01
-1.2657453455e+00 -9.8836054972e-01 -6.3899055097e-01
-1.0466399332e-01 -1.6352775253e+00 -1.5918996561e+00
4.6547816025e-01 -6.1170656302e-01 -7.0922122386e-01
1.6947353511e-02 -8.3269450497e-02 -1.2225828715e-01
1.0331749025e-02 -4.6318094680e-03 5.5984308393e-02
4.2787658652e-02 -2.5819716789e-02 4.6292878410e-02
1.8332752981e-02 -5.7882720984e-02 7.7136874443e-02
4.4862141004e-02 -6.6455147434e-02 7.0903716614e-02
1.7167564887e-01 -1.3483445356e-02 2.0584766284e-01
5.5781980052e-01 -9.4880940022e-02 4.7247950019e-01
6.0421856439e-01 -1.4628220592e-01 4.3791935929e-01
2.7986184411e-01 -1.8062159542e-01 1.9353944653e-01
1.0076939217e-01 -5.3256167426e-02 1.2515119036e-01
-6.9565601891e-02 -5.6296543863e-02 1.9178724154e-01
-6.0443241775e-01 -1.0845645537e-03 8.3451157021e-02
-6.9165665016e-01 -1.3276094815e+00 6.7613533264e-01
9.8202016385e-01 -2.1722598211e+00 2.2895590272e-02
1.2603570490e+00 -8.9009815594e-01 -1.3395603731e+00
1.6127092805e-01 -7.3520652294e-02 -4.5905092980e-01
1.9444097105e-02 -2.2781976681e-02 5.6075781106e-02
5.8700275665e-02 -4.2360389324e-02 4.4462667748e-02
3.9666600603e-02 -6.8300143492e-02 8.2956406966e-02
1.2171088346e-01 -8.0106800832e-02 1.7136225033e-01
3.8636483216e-01 -1.9594655068e-01 5.1442737291e-01
3.6439051785e-01 -1.3180131337e-01 3.4924493485e-01
-6.9119915348e-02 4.2118410989e-02 -7.4872509088e-02
-1.1168378370e-01 4.8592087522e-02 -4.1754776634e-02
-5.3937479874e-02 1.9859352477e-01 -7.8911417597e-03
-5.9896339578e-02 1.9609786167e-02 9.6329140786e-02
-1.2018537328e-01 -6.3130941689e-02 1.1727887379e-01
-4.5759581224e-02 -8.8708650719e-01 9.2082948299e-01
5.3425564657e-01 -9.6634056824e-01 4.4078286287e-01
7.7674333935e-01 -4.6979905826e-02 -1.5181132313e+00
2.2043224166e-01 2.5303504814e-01 -1.0142686368e+00
1.3193714670e-02 -2.2319921993e-02 5.6525882741e-02
5.6018675138e-02 -4.1259437937e-02 4.7434460941e-02
3.7164208331e-02 -8.1776722183e-02 1.0612529718e-01
1.4129152163e-01 -2.1979064369e-01 3.0668140436e-01
2.0279386745e-01 -2.8039265734e-01 3.1465562826e-01
-1.2322497165e-01 -2.6215260364e-03 -1.5353181643e-01
-2.4377278250e-01 1.3109225847e-01 -9.4686219601e-02
-2.1218370260e-01 1.6254857845e-01 -1.2614622430e-02
-7.6778880421e-02 1.8735461119e-01 -5.0943863505e-02
-1.8250218952e-02 5.5942436915e-02 3.1933648754e-02
-8.5549198731e-03 1.3614387212e-01 -2.1988141303e-02
-1.6007339345e-01 -9.3574615310e-02 3.0700135809e-01
-1.9989849101e-01 -9.9494081600e-01 1.3826694783e+00
1.2992068384e-02 4.2013951730e-01 -5.2338950146e-01
6.5666744656e-02 7.3085626267e-01 -1.1916590412e+00
4.0894411611e-03 -1.9336954379e-02 5.9279489273e-02
4.0900978221e-02 -4.2516393061e-02 4.6185185541e-02
2.4456506356e-02 -1.1732187988e-01 1.3166912931e-01
2.5157234974e-02 -2.2158626357e-01 1.7023411369e-01
-3.0978274677e-02 -9.7304757435e-02 -1.4646862657e-01
1.1441948413e-01 2.1272564331e-01 -3.3020332741e-01
1.9323726966e-02 2.3560399252e-01 -5.9851511169e-02
-1.8202031496e-01 2.0584597649e-01 -2.5919740799e-02
-3.9390339733e-02 2.4963972127e-01 -2.6428037241e-02
-1.4302617088e-02 3.6996452189e-02 6.0569010906e-02
3.2481342816e-02 9.0001814539e-02 2.4039429802e-03
-7.1413399006e-02 -1.2180553892e-01 9.6564468935e-02
-4.8047157001e-01 -5.5737331986e-01 7.7983960228e-01
-3.4671362453e-01 7.2687419010e-01 -4.0787252496e-01
-1.3189291357e-01 8.6696455135e-01 -1.0379835996e+00
-4.7442223957e-03 -9.3459579518e-03 5.0577024029e-02
1.4179535237e-02 -1.3211329907e-02 4.5652880006e-02
-8.6760336925e-03 -5.0452030906e-02 9.0024551967e-02
-1.1342443089e-02 -6.2682017834e-02 2.3278891403e-02
3.5286167649e-02 -4.9860247485e-03 -1.6741791362e-01
2.1663164507e-01 9.5194426203e-02 -2.0944980654e-01
2.0981663927e-01 2.0003520547e-01 -3.1043587141e-01
-1.4299568056e-02 1.7336767234e-01 -8.5230335611e-02
3.3411034143e-02 1.6703627441e-01 -9.6688682566e-02
-5.7675759985e-02 2.9883312077e-02 5.6304203464e-02
-2.5793608873e-03 2.5559899081e-02 9.8602899760e-02
-4.5587442034e-02 -1.5300013041e-01 2.4518009516e-01
-4.4970928192e-01 1.0946893922e-01 -1.0502589912e-01
-6.3569585253e-01 7.3734699461e-01 -7.2506659309e-01
-2.5529734900e-01 4.5428222283e-01 -5.2165837592e-01
9.1518851149e-03 -1.0023230278e-02 4.3381201179e-02
2.8379072832e-02 -1.4733663469e-02 3.0881021511e-02
9.3192943571e-03 -1.2059737152e-02 5.5039061772e-02
3.6363183895e-03 -4.5672193995e-02 4.8012548563e-02
2.7928403379e-03 -1.0276278100e-01 3.5803984955e-02
-5.7094076370e-04 -5.6153991591e-02 -1.0919863142e-01
-5.1809165604e-02 1.2223938547e-01 -3.0766341918e-01
-2.2724292411e-02 8.4008269091e-02 2.1331993424e-02
6.1089954622e-03 5.6716922796e-02 1.1832718025e-01
-7.0959149520e-02 -1.1438628242e-01 2.2413863450e-01
-5.6519489747e-02 -8.8087252627e-02 1.4029851586e-01
-2.6464275689e-01 -2.2377197008e-01 1.6273932658e-01
-8.9912338145e-01 -3.8710165907e-01 -1.7669101288e-01
-7.0779207477e-01 1.2026366729e-01 -5.1612171262e-01
-9.7781635821e-02 8.0305478081e-02 -1.2594198762e-01
1.0015497900e-04 -1.5628304432e-02 3.5395121347e-02
2.8124472102e-02 -2.9571011161e-02 2.5357652922e-02
1.1884672059e-02 -1.8832985988e-02 6.0069738655e-02
1.2183737704e-02 -1.9041545588e-02 5.7433381829e-02
2.1102952122e-02 -2.0512300418e-02 6.3172966649e-02
4.0920637089e-02 -5.7639988025e-02 -5.8810579406e-02
-4.7270499511e-02 -1.4553089461e-01 -5.3629298468e-02
4.8454301714e-02 -2.3227360824e-01 2.0693299050e-01
7.6499582206e-02 -2.8661553828e-01 4.1086861268e-01
-1.5381106548e-01 -4.9333483742e-01 3.6903596427e-01
-1.7631928194e-01 -4.0540606006e-01 1.6684483390e-01
-3.7613897401e-01 -4.1599554399e-01 -1.8156635049e-02
-6.5049599355e-01 -6.2379998343e-01 -6.1997482843e-01
-2.9011453056e-01 -1.7556004564e-01 -4.4584342430e-01
-2.2032354873e-02 -1.0048438144e-02 -3.2657404018e-02
-1.1689487536e-02 -6.9737179344e-03 3.0867844649e-02
2.5152776550e-02 -2.7875653254e-02 1.8187514009e-02
9.9292101774e-04 -1.7456667348e-02 4.5052314054e-02
6.1728177251e-03 -6.6283729002e-03 4.5466636438e-02
-1.5624226399e-03 2.9228030869e-03 6.3860092417e-02
-2.4689951964e-02 -6.3209701746e-02 4.1387531243e-02
-1.1318315231e-01 -2.2107805090e-01 1.6341766160e-01
-8.6155178417e-02 -3.9882880653e-01 4.8142631403e-01
-1.1975453592e-01 -6.2582841167e-01 6.1620413226e-01
-4.0337798860e-01 -8.3766652194e-01 5.0715316621e-01
-5.1606463915e-01 -8.3860779713e-01 1.9102720588e-01
-7.2130692398e-01 -9.9887626639e-01 -1.7545373931e-01
-4.1716214216e-01 -7.0328628812e-01 -5.6185233562e-01
-1.0176304133e-01 -1.6258468900e-01 -2.1871634206e-01
-3.1805429373e-02 -1.0374107157e-02 -2.1372886697e-02
-1.3860374789e-02 -6.5848873761e-03 2.9049267799e-02
1.5572214745e-02 -2.0552570830e-02 1.6662699476e-02
7.1516514849e-03 -1.8335394770e-02 4.9165230807e-02
2.6520988206e-03 -8.3421170198e-03 5.0051214231e-02
-1.7621485349e-02 -7.7796181440e-04 7.1228537479e-02
-1.0062108943e-02 -1.6075029855e-02 5.4432874887e-02
-4.7301889688e-02 -1.0874392712e-01 1.1947995570e-01
-1.6731944834e-01 -3.1013330208e-01 2.8689547516e-01
-2.4956500281e-01 -5.9778781893e-01 4.5382389754e-01
-3.7074614804e-01 -8.7235643732e-01 4.1331758037e-01
-4.5696570246e-01 -9.4353482387e-01 9.7093674330e-02
-6.0851602206e-01 -8.3346332330e-01 -1.2889872648e-01
-2.3655981829e-01 -3.1871604166e-01 -1.4968047604e-01
-3.6554612121e-02 -4.6764303930e-02 2.4757930193e-03
-1.7435660207e-02 -2.0967108479e-02 -9.7454397147e-03
-5.4137521160e-03 -7.4710881635e-03 3.2397318083e-02
1.9170591961e-02 -1.3572405377e-02 2.0262157999e-02
2.0141906076e-03 -1.0154166567e-02 4.3756604597e-02
-5.8450975942e-03 -3.2065633085e-03 4.2331705956e-02
-4.4185697130e-03 5.8680859360e-03 5.6691237494e-02
2.0586514199e-03 -3.9047389751e-03 2.5206714775e-02
-2.2550463055e-04 -1.5230063963e-02 5.0453779566e-02
-6.6223864717e-02 -7.9402646137e-02 8.4484602155e-02
-1.3262465045e-01 -1.7974821350e-01 1.3995988764e-01
-1.8379631053e-01 -2.6319205385e-01 1.0949858363e-01
-1.6945288172e-01 -3.0187958343e-01 7.4986428175e-03
-1.7864351557e-01 -1.9706605019e-01 -5.1032436039e-04
-5.9126699975e-02 -6.1247472615e-02 4.9457491424e-02
5.2895230178e-03 -2.1603019842e-02 3.4075018023e-02
-2.7207329593e-02 -2.2776423549e-02 -2.6352016351e-02
6.1840465816e-03 -2.3902773990e-02 3.3346260440e-02
3.8951368869e-02 -4.2232501986e-02 8.2476118092e-03
2.4482319387e-02 -4.1102786012e-02 5.3995810722e-02
1.5448367141e-02 -3.6348223945e-02 4.9273168400e-02
2.4842406205e-02 -4.1811878837e-02 6.9902066579e-02
3.0114372785e-02 -5.5777890198e-02 2.4654764044e-02
3.6673578590e-02 -5.2049847950e-02 4.6779826081e-02
9.0968825156e-03 -4.1058083020e-02 4.8179508118e-02
9.9809064773e-03 -3.9881360096e-02 5.5511159187e-02
-7.8771256234e-03 -4.8054394085e-02 2.9554555371e-02
3.2067761701e-02 -4.7463457770e-02 3.2839631637e-02
1.0242671988e-02 -4.3531603432e-02 7.6692158699e-02
2.0912290831e-02 -2.6386622660e-02 9.5716653810e-02
2.5985041291e-02 -8.1915016557e-03 3.5526722172e-02
3.2007389708e-03 -4.4943488745e-02 -4.2999132168e-03
1.4993982342e-02 -2.3346373866e-04 4.1082579322e-02
3.1658161902e-02 -1.0011358604e-02 4.3956707605e-02
2.4527069223e-02 -2.8729173077e-02 5.4022252151e-02
3.2865842056e-02 -3.8179817145e-02 5.3283469389e-02
3.0725379777e-02 -4.2070605158e-02 5.4894718654e-02
3.1237207430e-02 -4.1063835133e-02 3.4785620567e-02
3.4531705258e-02 -4.0879297682e-02 3.4291531670e-02
1.9601541752e-03 -3.1899502200e-02 3.3046364387e-02
-4.0643625238e-03 -2.9442050427e-02 4.1354564644e-02
-2.1757578128e-02 -2.6528033320e-02 4.2438315381e-02
-8.9297857936e-03 -4.6987676115e-02 5.7689448350e-02
-4.7038814442e-02 -4.2118170517e-02 6.6740811197e-02
-4.8448001939e-02 -4.8962117008e-02 9.5916166793e-02
-2.9149931452e-02 -3.9825096671e-02 6.8126323211e-02
-3.1063807184e-02 -4.7596631460e-02 4.1783924324e-02
1.9594834773e-02 1.7017097646e-03 3.9607194088e-02
3.4882859759e-02 -1.8715494467e-02 4.2481899924e-02
3.3506693702e-02 -3.2301425009e-02 5.4744381711e-02
4.1844604775e-02 -4.8884976386e-02 4.7870244591e-02
3.3613653314e-02 -5.7911891445e-02 5.7237293943e-02
3.0529496396e-02 -5.7838866990e-02 3.5130964815e-02
2.3960816208e-02 -6.1419261635e-02 3.4472727790e-02
6.6003676377e-03 -4.4968277199e-02 2.4489549607e-02
-1.0272660738e-02 -4.2006337080e-02 3.4782952389e-02
-2.2559476703e-02 -3.4120078486e-02 2.9829875684e-02
-2.0904653788e-02 -5.2701979788e-02 4.9878492760e-02
-2.8143446179e-02 -4.8626966508e-02 6.4357762153e-02
-2.1102408355e-02 -6.0602679737e-02 9.7629727038e-02
-1.9225543772e-02 -5.2252633943e-02 7.0991454478e-02
-7.0793388880e-03 -4.6582573289e-02 4.2448596227e-02
1.3557865403e-03 7.5628009763e-03 2.6440575001e-02
2.4544292409e-02 -1.8597440741e-02 3.1709201977e-02
1.9953170740e-02 -3.1959354510e-02 4.7514054523e-02
3.0849794276e-02 -4.7155463471e-02 4.2955771431e-02
2.8877269990e-02 -4.9117713779e-02 5.5209626520e-02
1.7576522118e-02 -4.3427569942e-02 2.9639350188e-02
8.8444930922e-03 -4.1562662751e-02 2.5684646052e-02
-9.9301774364e-03 -2.6778853743e-02 1.4413221646e-02
-9.0905648627e-03 -2.3217221306e-02 1.9298731162e-02
5.3050633313e-03 -2.1589669723e-02 3.3172923067e-02
1.9584838424e-01 -9.0471937877e-02 1.2191378486e-01
3.9148317198e-01 -1.0710684717e-01 -3.3442212586e-03
1.3784663167e-01 -6.8375889722e-02 -3.0237588898e-02
-6.7538273553e-03 -2.5437576352e-02 2.2309817390e-02
-3.4587521830e-02 -1.6217244378e-02 1.5941679714e-03
1.4987088844e-02 1.0605876660e-02 2.1124494704e-02
4.2547288202e-02 -2.4174461678e-02 2.3343147100e-02
2.6638048833e-02 -3.3774597114e-02 3.4069704973e-02
3.0855921883e-02 -4.4134741840e-02 2.8804523091e-02
1.3380163778e-02 -3.4137843578e-02 3.6027333840e-02
2.0867600441e-02 -3.9985688533e-02 2.1546303281e-02
1.6949274578e-02 -5.2343774305e-02 2.2400528455e-02
2.9844133191e-02 -7.0070498851e-02 3.2848430497e-02
9.6310024269e-02 -1.1378519524e-01 7.9492265674e-02
2.4124822294e-01 -1.6052999849e-01 2.1440819083e-01
1.1524531363e+00 -4.6213577931e-01 5.0050737821e-01
1.6687700550e+00 -6.0543180423e-01 -5.7273939721e-01
5.8976092617e-01 -2.3009314877e-01 -1.0836175427e+00
4.4329608216e-02 -4.7022148461e-02 -1.5866797103e-01
-2.4333110122e-02 -2.6857178652e-02 -2.7919099481e-02
1.2740024393e-02 6.1221930499e-03 2.4442547971e-02
4.5358693974e-02 -2.0385049345e-02 2.2860688322e-02
2.8653015060e-02 -3.2383292063e-02 4.3503667054e-02
2.9395454338e-02 -4.0790990272e-02 3.4539877956e-02
3.7700436638e-04 -3.3521166735e-02 3.8872039191e-02
2.7593358373e-02 -5.1182582523e-02 2.3146851443e-02
5.3033956496e-02 -9.9949657032e-02 3.9270963918e-02
6.4572094262e-02 -1.6895330460e-01 6.0081544142e-02
1.8640887243e-01 -3.5932069666e-01 2.0822184906e-01
2.4241697771e-01 -2.5212886161e-01 3.6965025587e-01
4.8691931265e-02 4.9842431705e-02 2.2256979350e-01
-6.2894499765e-01 1.4099202451e-01 -1.1864508681e+00
-4.4849847642e-01 6.8769753892e-02 -1.8490835947e+00
4.6550552199e-02 -1.2158391426e-01 -3.5052658093e-01
-9.7318444397e-03 -4.6592426363e-02 -5.2210177602e-02
3.0545080739e-02 -1.2087426315e-02 3.8402516836e-02
6.0297060863e-02 -3.4129814600e-02 3.1864891871e-02
3.6635882765e-02 -3.8705542601e-02 3.9639904144e-02
3.3079371274e-02 -6.1171535220e-02 3.1335403115e-02
1.2028209446e-02 -7.7468447669e-02 5.2779284598e-02
3.9823460724e-02 -1.2206036636e-01 3.2197619406e-02
-2.9068330694e-02 -1.4531275548e-01 1.3112324462e-02
-9.7477042316e-02 -1.5584253950e-01 9.9146121590e-03
6.1400183023e-02 -1.7371333349e-01 6.2924162501e-02
6.9233993373e-02 -1.2190009564e-01 2.6434972279e-01
-6.8933754340e-01 7.2097789642e-01 -1.6142845083e-01
-1.1981728826e+00 8.2620345203e-01 -4.6601102813e-01
-3.8486482184e-02 -2.8555863397e-01 -3.0360619089e-01
6.5567574474e-01 -7.4727882601e-01 -2.9893818116e-01
1.3089497294e-01 -1.4028012733e-01 -1.9872236128e-01
3.5439891221e-02 -2.5644965417e-02 3.8690498877e-02
6.7624443527e-02 -5.2127674726e-02 3.5055020853e-02
4.1194661893e-02 -6.1590749943e-02 5.2820732421e-02
4.7186413301e-02 -8.2402710986e-02 5.6025628365e-02
1.0822073892e-02 -1.2125614513e-01 7.8929289755e-02
-2.5376548484e-02 -1.0783658490e-01 -2.9983898317e-02
-1.5745362045e-01 -3.3130620007e-02 -9.1462789285e-02
-1.4244327908e-01 7.7671503441e-02 -1.0413118045e-02
-1.4250231858e-01 3.9576862934e-01 -2.7084158893e-01
-3.5440789183e-02 1.4730539771e-01 -8.4538955166e-02
-1.6951011206e-01 4.6666395666e-01 -1.0156306979e-01
-1.3711171720e-01 1.8270362430e-01 2.0264864471e-01
6.8226416130e-01 -1.4129168808e+00 9.9120260531e-01
1.2308415338e+00 -1.4301075022e+00 -4.7888720584e-01
4.7720692766e-01 -1.3539037135e-01 -8.5754786889e-01
3.4700862330e-02 -2.3651128362e-02 4.2511509283e-02
6.3286263102e-02 -4.7007917367e-02 4.1971018797e-02
3.8336623941e-02 -5.2634212773e-02 5.3470605089e-02
3.6484553984e-02 -8.0862655678e-02 6.3325585828e-02
-2.6535292629e-02 -7.4832234344e-02 4.2893015588e-02
-7.8395689467e-02 5.1180821131e-02 -5.8697946356e-02
-9.2804305302e-02 6.9511731174e-02 1.7255498781e-02
-5.9513167937e-02 1.8860435148e-01 -1.6929760348e-01
-1.4128852857e-01 5.2931936876e-01 -2.8030286452e-01
-9.4412200420e-02 3.6565195227e-01 -8.4181272147e-02
-5.1102192916e-02 2.5079440958e-01 6.1014456986e-02
-9.6523226241e-03 -2.1413588061e-01 4.5679021550e-01
1.6200628949e-01 -1.4558968006e+00 1.5619652129e+00
6.9765671067e-01 -8.4313850932e-01 -1.4829870143e-01
5.6134936369e-01 2.9991191346e-01 -1.8606609021e+00
1.9872591915e-02 -1.7817928899e-02 4.1192522007e-02
4.5857101831e-02 -4.0628692546e-02 4.0722099726e-02
2.9103121103e-02 -4.3433063157e-02 4.8486486663e-02
2.0443243844e-02 -5.5571288126e-02 5.0478135826e-02
-9.8337498620e-03 -2.8291826186e-02 3.2745197177e-02
3.8291280109e-02 4.2251456367e-02 3.0668641146e-02
-1.2034925566e-01 1.8275699822e-02 1.1150511764e-01
-1.5832751654e-01 3.2210635919e-01 -1.1269555389e-01
1.4144275082e-02 5.6928067150e-01 -1.8651602268e-01
4.2923269354e-02 3.3626858364e-01 4.6560017082e-02
2.5652844112e-02 1.7521844713e-01 2.0368681269e-02
-7.0104996604e-02 -8.0209935638e-02 1.9642272012e-01
-6.7913383896e-02 -2.3427721096e-01 8.9659338429e-01
-1.4468805011e-01 2.3829247716e-01 -1.9956840816e-01
-3.8063458194e-01 7.1438721849e-01 -2.3441189718e+00
2.3146471790e-03 -7.0987482629e-03 3.2508293540e-02
1.8684726006e-02 -1.5199761837e-02 3.9374538629e-02
1.3154726569e-02 -1.7312412981e-02 4.6591848511e-02
2.0016044896e-02 -2.4319184358e-02 5.5449161766e-02
2.1034114650e-02 -3.2127825263e-02 6.1198609360e-02
9.2045162292e-02 -6.0152162018e-02 2.1253823030e-02
5.5072567883e-02 -2.4483084747e-03 -1.1994613389e-02
-2.6942110638e-02 2.7199590322e-01 1.1740948173e-02
7.1174970899e-02 2.8970802898e-01 -2.6170746114e-01
4.2150008891e-02 3.7403754247e-02 9.3392518787e-02
4.1573070000e-02 -1.6083373066e-01 1.2635181539e-01
-5.3560026117e-02 -2.9526349558e-01 6.6882736057e-02
-5.6008617279e-01 1.0118698469e-01 -1.9586680421e-01
-1.3656880306e+00 3.5220379161e-01 -1.0337619300e+00
-9.7288477122e-01 3.8213197155e-01 -1.4007050876e+00
1.5239489349e-02 -9.9997678823e-03 3.0423318873e-02
3.2972359130e-02 -2.6968880655e-02 2.8894488280e-02
2.2557366230e-02 -2.6757583971e-02 3.8831788132e-02
3.4829281863e-02 -2.7289792207e-02 4.7822824554e-02
1.8220771336e-02 -2.9117002336e-02 5.9564694484e-02
2.1073106852e-02 -5.3254906271e-02 9.9102967222e-03
2.0578059948e-02 5.3934139832e-03 1.0284940017e-03
1.9444414335e-03 5.9845809849e-02 1.1227930765e-01
1.9229153357e-02 3.5178879932e-02 5.0018230751e-02
2.8122054916e-02 -1.3946604016e-01 4.0162270897e-01
-2.4750064679e-01 -4.8094832574e-01 3.6919119524e-01
-5.8770523699e-01 -7.6974455273e-01 5.5837149490e-02
-1.2666621272e+00 -5.3087210541e-01 -5.6381293215e-01
-1.4041629285e+00 -1.0866087265e-01 -7.9470443649e-01
-3.7072671636e-01 4.5161566250e-02 -2.7328553556e-01
8.6995317592e-03 -1.3047132201e-02 2.3948835436e-02
2.8035678182e-02 -3.0073870258e-02 2.1861159082e-02
1.9935392216e-02 -3.3055989985e-02 3.8758460843e-02
2.6522216192e-02 -3.1285365880e-02 4.3391652962e-02
1.9200713185e-02 -2.9313795232e-02 5.1903384997e-02
1.8152978820e-02 -2.9807383084e-02 2.5582056405e-02
2.6404918966e-02 -3.8224730713e-02 2.6370820522e-02
2.0916170220e-02 -8.8455859809e-02 7.8290736683e-02
-1.4955793143e-03 -1.9870280906e-01 3.2028641451e-01
-1.1326792435e-01 -5.1769223066e-01 5.4378491110e-01
-5.1090865426e-01 -8.7155650199e-01 2.9995353085e-01
-8.4590335965e-01 -9.2010224567e-01 -1.0275155670e-01
-6.2000083016e-01 -4.9850294914e-01 -3.4576910418e-01
-3.3128972929e-01 -8.0562810574e-02 -1.9412205514e-01
-5.8700298942e-02 5.6931559072e-03 -1.2062536073e-02
2.5520947775e-05 -7.0043675713e-04 2.1061968283e-02
2.8252270745e-02 -2.5442392262e-02 2.3667073279e-02
1.6390041643e-02 -2.4766257695e-02 3.3412230999e-02
2.3094230541e-02 -2.0537640614e-02 3.4483853895e-02
9.7814615912e-03 -1.5270502349e-02 4.5879665831e-02
7.5379569966e-03 -1.6392713211e-02 3.7068679431e-02
1.0625141488e-02 -3.2734711983e-02 5.6932992323e-02
-6.8592620749e-03 -7.5487462750e-02 9.8036864709e-02
-2.2584870027e-02 -2.1301682142e-01 2.1140824058e-01
-1.6193048344e-01 -4.8363014755e-01 3.0844307117e-01
-3.3378391480e-01 -7.6691872663e-01 1.9213186942e-01
-4.8102952876e-01 -6.9379383535e-01 -7.6257252924e-02
-1.9559159962e-01 -2.6394574905e-01 -9.9124881386e-02
-3.8515393370e-02 -2.2822944518e-02 -1.0663572563e-02
-2.6215241563e-02 2.8650676436e-03 -1.8982572019e-02
-6.1671923036e-03 -2.3487142409e-04 1.5797550215e-02
1.9169788147e-02 -2.1569808156e-02 1.7980506624e-02
5.6663426572e-03 -2.4752424034e-02 3.5118466211e-02
1.2637773808e-02 -2.2314801456e-02 3.3991329420e-02
-1.4783990520e-02 -1.2982170412e-02 4.2587534704e-02
-9.2472774834e-03 -1.5110636526e-02 3.4563602174e-02
4.8906841523e-03 -2.4661176429e-02 4.3382040544e-02
-2.5329001937e-02 -3.6358520946e-02 4.9708353309e-02
-4.7111568340e-02 -9.5433134202e-02 5.8349295176e-02
-1.2809664035e-01 -1.8012460677e-01 7.7641875376e-02
-1.3630013936e-01 -2.5655450090e-01 7.0860111651e-02
-1.7043108826e-01 -1.7954162941e-01 1.9226041094e-02
-4.9718822124e-02 -4.5449230472e-02 4.1066021973e-02
-3.2358714659e-02 1.8889635500e-03 6.9533248595e-03
-2.1222589540e-02 -9.6151044655e-03 -2.7490244422e-02
-1.1700403128e-04 4.5482159165e-04 2.2401806342e-02
1.9143773324e-02 -1.3705953451e-02 2.1423435451e-02
1.2033674819e-02 -1.7348948072e-02 3.4195818824e-02
1.7923529159e-02 -1.4522960121e-02 3.7888155547e-02
-1.9110532189e-03 -9.5394184174e-03 4.1472828157e-02
6.3533656068e-03 -2.1270278891e-02 3.1077921864e-02
1.7577410060e-02 -1.8915033965e-02 3.7891798928e-02
-9.3752583516e-04 -1.1417863386e-02 3.4495657240e-02
-1.1483523601e-03 -7.3411046030e-03 3.0747109897e-02
-2.9757410441e-02 -1.9851944468e-02 2.0992201935e-02
5.7128185395e-03 -4.1355849408e-02 3.6885190830e-02
-2.4154604926e-02 -1.6299919566e-02 4.8055778695e-02
-1.5744552783e-02 -1.8245927551e-02 8.8826230443e-02
-1.8370993927e-02 -1.5660660125e-02 5.2403667170e-02
-1.7901314678e-02 -1.9170003856e-02 -3.1103981006e-02
2.0301544567e-02 -1.9141373779e-02 2.9054690958e-02
4.4662576177e-02 -3.6999472483e-02 1.8170994537e-02
3.7594469091e-02 -3.9781838818e-02 4.0444823074e-02
3.5495172594e-02 -3.7073197164e-02 3.9796408872e-02
2.7255916073e-02 -3.6357262821e-02 5.1367431741e-02
2.9645988621e-02 -5.1903872203e-02 3.6826939854e-02
3.8679187104e-02 -5.1160045007e-02 4.3228486225e-02
2.0777363017e-02 -4.1273257263e-02 3.9533545042e-02
3.1516172834e-02 -2.9599559924e-02 4.0289075503e-02
9.7410591155e-03 -3.4113307659e-02 3.0358945762e-02
2.9354682165e-02 -3.9984785034e-02 4.2583553933e-02
1.1588036709e-04 -2.8588819845e-02 6.6576248687e-02
6.5186570198e-04 -2.3810275249e-02 1.0854878106e-01
-8.1917118222e-03 -8.3408073648e-03 4.7540450118e-02
2.5319713328e-05 -1.4663236133e-02 -7.5718550939e-03
1.0710024008e-02 6.8907232921e-03 3.2845525207e-02
2.4349085029e-02 -4.1978151418e-04 3.3599089084e-02
2.1380839890e-02 -1.5676224565e-02 4.6562010579e-02
2.4570804187e-02 -2.6811384571e-02 4.3390420211e-02
2.5274548203e-02 -2.5480599474e-02 4.4186741539e-02
2.6657733020e-02 -3.3145535624e-02 2.0427493314e-02
3.4024167064e-02 -3.2169513032e-02 2.5911031242e-02
2.5426665463e-04 -2.6215203316e-02 2.3197677611e-02
-5.0376738643e-04 -1.3230643793e-02 3.4149069025e-02
-2.8919360451e-02 -1.0056470914e-02 2.5702328439e-02
-1.2533469289e-02 -2.3921090903e-02 4.3717369827e-02
-4.5069451338e-02 -2.1303160766e-02 5.3310328116e-02
-3.9102832990e-02 -2.5253932564e-02 8.9835057703e-02
-2.7403007973e-02 -9.0157034931e-03 6.9131964355e-02
4.3881330171e-03 -4.2125783569e-02 6.3061051452e-02
2.1937599575e-02 8.6288236304e-03 3.0496431594e-02
3.8525017481e-02 -1.3631326546e-02 3.3236793004e-02
3.8041917315e-02 -2.2780354696e-02 4.7703805707e-02
4.6299839282e-02 -4.2642602322e-02 3.7396712980e-02
4.1937910921e-02 -4.4054928737e-02 4.4656760677e-02
4.3110480889e-02 -5.5496435606e-02 2.4983504801e-02
4.0621125532e-02 -5.5823163991e-02 2.7074761438e-02
1.6624325066e-02 -4.7723148597e-02 1.6297920590e-02
9.5121715260e-03 -3.8347520416e-02 2.6308125012e-02
-1.5693461739e-02 -2.8631691967e-02 1.1466216523e-02
-1.0039936885e-02 -4.1937413702e-02 2.9507658988e-02
-3.2344291815e-02 -3.0259881744e-02 3.9243908713e-02
-1.7336197521e-02 -5.0710572119e-02 8.7701790051e-02
-1.0184723075e-02 -3.5946595491e-02 6.1164944919e-02
9.8202569324e-03 -5.0908852636e-02 5.4685784584e-02
3.4551796116e-03 1.7201027532e-02 1.8576895200e-02
2.6287225468e-02 -8.9801577913e-03 2.3104359810e-02
2.3487707163e-02 -1.8892603646e-02 4.1113496133e-02
3.8688640272e-02 -3.6149133357e-02 3.4167199620e-02
3.1222640553e-02 -3.3724484033e-02 3.9582579366e-02
2.9545377709e-02 -3.8512448884e-02 2.1629765840e-02
3.3376053080e-02 -3.8524458485e-02 2.6919540328e-02
4.1771073379e-03 -2.2180457200e-02 1.1013737260e-02
2.0231968650e-03 -1.2655358926e-02 1.5839122463e-02
-1.9053555575e-02 4.7583328695e-04 -5.8343708547e-03
3.1737781141e-02 -3.6239882684e-02 4.7922435352e-02
7.3708411198e-02 -5.1601598103e-02 2.9144980291e-02
3.2764538731e-02 -3.9522809575e-02 5.5233033813e-02
-2.1362185065e-02 8.4605830531e-03 2.6505151487e-02
-6.1239159316e-03 -1.5922519190e-02 2.5654491079e-02
1.1776707562e-02 1.7748310674e-02 1.1997212131e-02
4.3697047440e-02 -1.4194538507e-02 2.0128243014e-02
3.2362382825e-02 -2.5757461447e-02 2.8387010184e-02
4.1794990055e-02 -3.9240225904e-02 2.2485490277e-02
2.8429491047e-02 -2.8308259479e-02 2.7953156590e-02
3.5069305465e-02 -3.5896724038e-02 1.3547963160e-02
3.7211203199e-02 -4.1356290679e-02 1.8121068714e-02
2.1655190245e-02 -3.6034662836e-02 1.2437772598e-02
2.6431972434e-02 -3.1466299705e-02 2.0157605812e-02
6.8052240166e-02 -6.6644574297e-02 5.9169301592e-02
5.0338328304e-01 -3.6624029518e-01 2.9915014489e-01
9.9798228901e-01 -6.2042991314e-01 -6.9987610243e-02
4.6023246315e-01 -2.3973995127e-01 -3.7712196717e-01
2.4398686775e-02 -6.5572844333e-03 -5.4550107945e-02
1.0307013071e-03 -2.5681331350e-02 -5.8843950671e-03
1.3955060142e-02 1.2423358678e-02 2.0832495922e-02
5.6507934147e-02 -1.1263570354e-02 2.5504006752e-02
3.4947352540e-02 -1.8576280851e-02 3.9595215377e-02
4.1273688943e-02 -2.5088575665e-02 3.3181528015e-02
1.9003004926e-02 -1.1013673609e-02 3.7729380749e-02
4.1539118761e-02 -2.6201295202e-02 2.2299464987e-02
4.7013005396e-02 -4.1281816491e-02 3.2001305500e-02
2.1504691765e-02 -4.5200363437e-02 2.3389267850e-02
6.1578048450e-02 -9.9221916334e-02 9.1805135143e-02
1.6331256688e-01 -1.8435920899e-01 2.5276390257e-01
6.2703335900e-01 -6.1794566701e-01 5.7563634803e-01
9.3691373832e-01 -7.4287473244e-01 -4.3197201862e-01
6.2064735188e-01 -1.1131768219e-01 -1.4758276149e+00
8.8885786042e-02 2.2186841363e-02 -3.1167826831e-01
4.9475133605e-03 -2.5179865247e-02 -9.8378747529e-03
2.3717335233e-02 -5.1205255645e-03 2.5502814760e-02
5.1450741053e-02 -2.6100341261e-02 1.8970307779e-02
3.4549161708e-02 -3.2504769792e-02 3.3133017765e-02
3.0129073399e-02 -3.7758896856e-02 2.1767270256e-02
2.6396469650e-02 -2.8896262732e-02 3.3770301864e-02
3.8026144245e-02 -5.5389826077e-02 1.7881479023e-02
3.6366857579e-02 -7.4569028618e-02 4.1579384141e-02
2.4679062018e-02 -1.0822980773e-01 4.1997767155e-02
3.8877636337e-02 -1.8529769159e-01 6.6156393671e-02
-1.7841786670e-03 -8.9242374601e-02 1.8949772168e-01
3.3539055109e-02 -8.8730425517e-02 2.7404741167e-01
-5.0479664220e-02 3.4403761827e-01 -3.9038701142e-01
2.2399926599e-01 1.0485098077e+00 -1.6523463040e+00
3.0747677296e-01 2.7600254036e-01 -6.9932967876e-01
5.4155401013e-02 -3.1891310475e-02 -5.6831840042e-02
3.6765244546e-02 -2.4131796559e-02 3.4678239382e-02
6.9626805843e-02 -4.4897398537e-02 3.4019733878e-02
5.4204032065e-02 -5.9780453241e-02 5.7155147178e-02
6.2826943049e-02 -6.7215265272e-02 5.8998335409e-02
4.2398290930e-02 -5.8376344363e-02 6.6403269225e-02
5.2208899251e-02 -7.7332751205e-02 5.2514352998e-02
5.1556670386e-02 -1.0114588306e-01 7.7225643044e-02
3.0418870152e-02 -7.6165545194e-02 6.5075464327e-02
-1.2134349573e-02 -5.9234658375e-02 -3.4196137213e-02
1.3466315606e-02 1.1282107031e-01 8.0573552947e-02
5.6632234982e-02 1.8923570567e-01 9.5011188870e-02
-6.2163642150e-02 8.9063363226e-01 -1.4106609042e-01
3.4001322820e-01 1.7828365267e+00 -8.0966831365e-01
7.9280586206e-01 6.5771467256e-01 -8.9707600428e-01
3.3744213311e-01 -1.1760841112e-02 -3.2604894356e-01
2.5365634013e-02 -1.4928857405e-02 3.0334195773e-02
6.5553563855e-02 -3.9459375406e-02 3.7754028989e-02
3.7373722408e-02 -4.4541805614e-02 4.7347476925e-02
4.6837449939e-02 -4.6086111417e-02 4.6051322327e-02
2.6334479275e-02 -3.1783059351e-02 5.7995332677e-02
3.7359529137e-02 -5.6605298627e-02 5.0295770701e-02
5.5964456554e-02 -8.8318917187e-02 6.1250658521e-02
3.5231512834e-02 6.2870745023e-03 -4.8870125565e-02
-5.2989510920e-02 1.2406654367e-01 7.7600828400e-03
-5.8457517297e-02 3.4511393421e-01 1.8954250883e-01
-2.7428402566e-02 8.8885108963e-03 2.6152374597e-01
5.4330145871e-02 3.8143425795e-01 1.9342113980e-01
3.9360905387e-01 1.2230463573e+00 2.0667561461e-01
1.0253902866e+00 3.6970832317e-01 -3.0770302830e-01
6.7745932306e-01 -2.5330232617e-01 -1.2281236112e+00
2.0792781805e-02 -1.2460792858e-02 3.7555324142e-02
5.3566965875e-02 -3.3628474704e-02 4.2937113869e-02
3.6321962535e-02 -4.0476828856e-02 4.9308801668e-02
4.4747396831e-02 -4.0071615762e-02 4.6109294079e-02
2.4105655730e-02 -2.7676629805e-02 6.0294533877e-02
2.1037930660e-02 -4.7975493014e-02 5.3714401599e-02
-2.3260182717e-03 -6.8709064060e-02 7.1912502270e-02
-3.6563742584e-04 3.0209253912e-02 -5.3262573113e-02
5.9826723974e-02 1.3883157994e-01 4.8219153734e-02
6.6305756933e-02 2.5039280660e-01 3.0464284246e-01
-1.0994642178e-01 -1.9552409846e-01 2.4977543762e-01
-5.1580434073e-02 -3.3681918518e-01 5.2403943823e-01
1.1379733909e-01 1.8179243466e-01 7.7143264494e-01
-1.1388988130e-01 -4.3755153418e-01 -9.0096386758e-02
-3.8748112111e-01 -5.7883052526e-01 -2.0367412042e+00
1.6373358575e-04 3.1132449053e-03 2.7148162546e-02
2.2006477502e-02 -8.7914304068e-03 3.6060374091e-02
1.3637657972e-02 -1.1622064127e-02 4.2507461102e-02
2.0874563323e-02 -1.0307344872e-02 4.1862106655e-02
1.2146430030e-02 -1.0234297169e-02 5.2576360025e-02
1.5664392002e-02 -1.7614550127e-02 3.0112480789e-02
1.0431454574e-02 -1.0521584133e-02 5.4214000342e-02
-1.2707393326e-02 2.1324854614e-02 1.2785669099e-02
3.5270225013e-02 -5.8759006726e-03 8.2418335347e-04
7.3326871860e-02 -6.8843819277e-02 1.9932630295e-01
-7.0417065848e-02 -6.5162923355e-01 2.5687312404e-01
-2.7701951641e-01 -9.1259674069e-01 5.3313310163e-01
-1.0032264693e+00 -8.1860840801e-01 3.6656801584e-01
-1.9432366844e+00 -1.1173799134e+00 -8.0911514174e-01
-1.1196726739e+00 -4.4385495508e-01 -1.2995247687e+00
1.7466877789e-02 -4.2633070613e-03 2.3473545699e-02
3.8289158008e-02 -1.8933830477e-02 2.4679488705e-02
2.9647245079e-02 -2.2211223897e-02 3.4381486663e-02
3.9160071339e-02 -3.0619213792e-02 3.3303166734e-02
3.0232728466e-02 -2.3001962250e-02 3.8622313955e-02
2.9322858850e-02 -3.0551467214e-02 2.3083968055e-02
2.7356819697e-02 -2.6438914480e-02 4.1108690839e-02
8.2253815809e-03 -2.8716283220e-02 3.7219941916e-02
1.3476579215e-02 -7.1711168960e-02 3.8660858907e-02
1.1013121313e-01 -1.4757409510e-01 1.8700720117e-01
-1.1534416275e-01 -6.5995650115e-01 3.2856644953e-01
-5.9173823785e-01 -1.0649226700e+00 3.0427283722e-01
-1.2119317568e+00 -8.1359754972e-01 4.2693072963e-03
-1.3001632952e+00 -5.7850976904e-01 -4.4359588869e-01
-3.3656456391e-01 -1.1727638621e-01 -2.0896565374e-01
9.0939529729e-03 -4.4760244224e-03 1.9268911749e-02
3.4607614260e-02 -1.7502626246e-02 2.1621452038e-02
2.8538976451e-02 -2.6369389130e-02 3.4380200029e-02
3.4962180537e-02 -2.6990271604e-02 3.3469796070e-02
1.8018261414e-02 -2.3849054559e-02 4.1760048278e-02
2.3716665475e-02 -2.8866157864e-02 2.6589488449e-02
3.0502569127e-02 -3.2384519043e-02 3.9212950870e-02
2.9999155616e-03 -2.7392816239e-02 2.9914328561e-02
-1.3079854443e-02 -5.1138123571e-02 6.7237793694e-02
-5.2533095131e-02 -1.1817929769e-01 1.2085966436e-01
-1.5854828431e-01 -3.0872690746e-01 1.7410544239e-01
-3.5705240942e-01 -4.1572510492e-01 6.4446682149e-02
-2.4176741243e-01 -1.9229280017e-01 3.2723574051e-02
-1.7628534704e-01 -4.4452229600e-02 -8.5831801905e-03
-2.3949129290e-02 -1.5957544961e-04 2.3360517556e-02
-2.6719132347e-03 7.3586486320e-03 1.4347845363e-02
3.2070463610e-02 -1.4336099614e-02 2.0247688210e-02
1.7776267969e-02 -1.8777125242e-02 2.6138663815e-02
2.1755511725e-02 -1.2810037768e-02 2.4372803033e-02
9.2682747448e-03 -1.0308797914e-02 3.1202691966e-02
1.5934441517e-02 -1.9109183785e-02 2.6135151939e-02
1.0961417826e-02 -1.9630405808e-02 3.9802355132e-02
-4.5994876573e-03 -1.3734568752e-02 3.0726612080e-02
-3.4717027729e-03 -1.6089936433e-02 3.7036775306e-02
-4.6053427849e-02 -4.7594338560e-02 1.0769514050e-02
-3.4046516114e-02 -1.0106474500e-01 2.8270370643e-02
-7.9303295581e-02 -7.6792141060e-02 1.3141387867e-02
-1.3700764782e-02 -5.9720487184e-03 4.5034416121e-02
-1.7771736328e-02 2.0461580016e-02 1.8488469513e-02
-2.2571347829e-03 -2.3740333508e-03 -1.4919788754e-03
-4.9174290261e-03 9.1665372097e-03 1.6136049126e-02
3.1152250426e-02 -5.7122637971e-03 1.9958076525e-02
1.2634992835e-02 -1.1983552089e-02 3.0354559648e-02
2.2346738169e-02 -1.1660628503e-02 3.0390623306e-02
5.6549509546e-05 -4.2804213411e-03 3.9401642241e-02
8.7137177858e-03 -1.1100686149e-02 3.0325397767e-02
1.9152693731e-02 -2.0748315087e-02 4.4523108970e-02
-7.5075649059e-03 -1.2721669056e-02 3.0546588537e-02
1.5132042826e-03 -4.1784314104e-03 2.4361877290e-02
-2.3455840535e-02 -7.1814690608e-04 5.4376460393e-03
2.3670185298e-02 -1.1792082906e-02 2.1208846544e-02
-1.6496043957e-02 4.4261524105e-03 3.2008501377e-02
2.8508344584e-03 9.5575666262e-03 6.4476238684e-02
-2.1527062490e-02 6.2007048613e-03 3.4559440779e-02
3.7222834942e-03 -8.2147927379e-03 -6.9067538329e-03
3.4825178265e-03 6.4863983641e-03 1.6866195352e-02
3.0061584738e-02 -2.4815634448e-03 1.4526658733e-02
1.2991130926e-02 -8.3098504285e-03 2.6540425727e-02
1.8154244355e-02 -3.9453221035e-03 2.3262034771e-02
3.1057439099e-03 3.7057078879e-03 3.2096404502e-02
1.3426296821e-02 -7.0790661427e-03 2.7119749446e-02
2.1646391329e-02 -9.5223695484e-03 3.4886914162e-02
-3.8560462935e-03 -5.2489722610e-03 2.7540498537e-02
2.7735379948e-03 9.1148809222e-03 2.7010125835e-02
-2.3579490046e-02 7.2689021716e-03 8.0105978130e-03
1.9026358744e-02 2.6822071179e-03 1.7214129467e-02
-2.2115585979e-02 4.6292752996e-03 3.6993920535e-02
-4.5783923561e-03 3.8846388885e-04 7.2905976737e-02
-1.1569628261e-02 -3.3138520545e-04 4.7076561087e-02
-8.1227768496e-04 -7.6553066806e-03 -9.8524610904e-03
2.4293661678e-02 -1.2670050860e-02 2.4191742412e-02
5.4356820695e-02 -3.0049514585e-02 1.9494423040e-02
4.2609669554e-02 -3.6479461035e-02 3.7996803752e-02
4.2309956411e-02 -3.7007890992e-02 3.5481858121e-02
3.4549258981e-02 -2.8266990045e-02 4.8062429086e-02
4.2640830499e-02 -4.2599317150e-02 3.5473760290e-02
4.3682559559e-02 -4.4937257832e-02 4.4122454420e-02
2.1320515183e-02 -4.1632086020e-02 3.8367684431e-02
2.9281835703e-02 -2.7354786457e-02 4.1396212655e-02
6.8617448747e-03 -3.0875770670e-02 2.5805548815e-02
3.1922312731e-02 -3.2822722830e-02 3.5439266335e-02
-7.5695158300e-03 -2.9646430013e-02 5.8866119577e-02
7.9015256615e-03 -2.1751216819e-02 9.4224178034e-02
-3.1532916263e-03 -9.3108494598e-03 5.8649915787e-02
1.9891658743e-02 -2.2262494092e-02 8.4409908007e-03
-9.8841568268e-03 1.3342756515e-02 3.2802413221e-02
3.5073221342e-04 3.9367579234e-03 3.8470584732e-02
3.8692368990e-03 -1.2043355875e-02 4.8048455355e-02
8.8214993594e-03 -2.7028196539e-02 5.1076846405e-02
8.4403757726e-03 -2.4690048729e-02 4.9542511598e-02
1.0335735149e-02 -2.7955385713e-02 3.4993049202e-02
1.7482819397e-02 -2.6254754615e-02 3.7286584489e-02
-1.2746175220e-02 -2.6190246343e-02 3.2466590858e-02
-1.8640639962e-02 -1.4552367972e-02 3.9662647817e-02
-4.6378811196e-02 -7.1130573317e-03 3.0342742723e-02
-3.3489558051e-02 -1.3303957274e-02 5.4307213851e-02
-5.6835653104e-02 -1.3779674158e-02 5.0235646991e-02
-4.5999832314e-02 -1.4680700958e-02 8.9754011434e-02
-4.1082232137e-02 -3.6875046973e-03 5.6789742712e-02
6.2901141995e-03 -1.2452026065e-02 5.9439494764e-02
2.5385418867e-03 1.0822132432e-02 3.3946002165e-02
8.9081015595e-03 -4.2081054266e-04 3.9370631675e-02
1.0000200942e-02 -1.7582764617e-02 4.9783073696e-02
2.5533932001e-02 -3.1192138610e-02 4.8129383125e-02
2.1062040602e-02 -3.7774187713e-02 5.0603396395e-02
2.0088855162e-02 -4.0990572708e-02 3.7357354269e-02
1.8378141083e-02 -4.4926339231e-02 3.9513701417e-02
2.6707462964e-04 -3.9739889034e-02 2.8026046410e-02
-9.7334942882e-03 -2.7546130396e-02 3.3046802165e-02
-3.5872654373e-02 -1.3057049867e-02 1.7545701241e-02
-2.9258310888e-02 -2.1574264343e-02 4.4693168831e-02
-3.6176582374e-02 -1.7590763922e-02 3.9145503061e-02
-9.4058194632e-03 -2.6001170721e-02 8.2145288639e-02
-4.9962018121e-03 -1.3202477697e-02 4.6024549194e-02
1.5570528059e-02 -1.6138864846e-02 5.2760727205e-02
-1.4690818561e-02 2.0986609389e-02 1.8499175758e-02
-1.3849245267e-03 2.6295805974e-03 2.7993839473e-02
-2.3410313363e-03 -1.3522624421e-02 3.7131309969e-02
1.7949388211e-02 -2.8704797440e-02 4.0012361984e-02
8.4284169882e-03 -2.4974235485e-02 3.8793298962e-02
7.4949789252e-03 -2.3868023559e-02 2.8380463175e-02
1.2456754330e-02 -2.6369863358e-02 3.1931015163e-02
-6.9818693161e-03 -2.1333257883e-02 1.6447506050e-02
-7.4942076707e-03 -1.3993955871e-02 1.5783616855e-02
-3.8934630096e-02 1.4148670329e-02 -8.5767991063e-03
-2.1663010923e-02 -7.9705867156e-04 2.8110595448e-02
-3.4794992572e-02 8.2219250805e-03 1.6985954648e-02
-1.6251682056e-02 1.7091786647e-03 5.2764798856e-02
-2.4990529250e-02 1.3325303281e-02 1.2508385487e-02
-4.9693896468e-04 9.4230756308e-03 1.7223459092e-02
-7.1768306037e-04 2.7316715716e-02 1.3250583609e-02
1.8129737412e-02 2.5811473759e-04 2.3548993247e-02
1.2244537975e-02 -1.0513900669e-02 2.9449916264e-02
2.6057727143e-02 -2.2964120859e-02 2.7513249899e-02
1.4134445654e-02 -1.2650342886e-02 2.5643110996e-02
2.4358698142e-02 -1.5449570880e-02 2.1617593908e-02
2.9104785463e-02 -2.6032263632e-02 2.7007842581e-02
1.4692456951e-02 -2.3697489838e-02 1.2621989879e-02
1.0539707306e-02 -1.0237631691e-02 5.1986946700e-03
-6.6488991681e-03 -9.4054780308e-04 -8.2692745196e-03
5.0221063751e-02 -5.7546868989e-02 6.3700859981e-02
1.4885850292e-01 -1.5277538720e-01 2.3499215166e-02
9.5606373609e-02 -8.3985706579e-02 -1.5795373863e-02
-1.8095088130e-03 1.2414709511e-02 -1.0458205027e-02
1.4781652492e-02 4.4038329011e-04 -4.5232473716e-03
-7.5034075712e-03 1.8608321681e-02 1.9382512237e-02
1.7986643266e-02 2.1200258828e-04 2.3677075324e-02
4.9480041591e-03 -1.0457246297e-02 3.5573074786e-02
6.6017604034e-03 -1.5286648100e-02 3.2054326253e-02
-8.1901606210e-03 -3.8208832418e-03 2.9580478720e-02
8.5880217692e-03 -8.1560426242e-03 1.7778805772e-02
1.9968335817e-02 -1.9619052396e-02 2.3243206518e-02
-6.2294384913e-03 -2.3211920402e-02 7.5721538533e-03
-2.2403371165e-03 -2.3404684139e-02 9.4595888615e-03
-1.2331784125e-02 -4.4971118688e-02 3.1896466287e-02
1.9429085294e-01 -3.7965978515e-01 2.8495910974e-01
6.1045975455e-01 -9.5695784419e-01 2.0597087362e-01
5.6698844203e-01 -6.4836444959e-01 -3.3020431965e-01
7.6512548894e-02 -9.4005089426e-02 -1.2339120517e-01
-1.8827208367e-03 -3.9351644348e-03 -1.1486524864e-02
1.0182890388e-04 3.4738764304e-03 3.0403108686e-02
2.4352457816e-02 -1.2963129967e-02 2.8610678583e-02
7.5425325759e-03 -2.1416982768e-02 3.7480673497e-02
1.4084810742e-02 -3.0124604396e-02 3.4886824113e-02
2.3503684702e-03 -1.9814296692e-02 4.0331176156e-02
1.3197830365e-02 -3.0989515334e-02 2.4257900043e-02
2.0415601644e-02 -3.8933646446e-02 3.2094224436e-02
-1.6395270931e-03 -4.6443204731e-02 2.5071292169e-02
5.9762925616e-03 -4.9642411097e-02 4.1199812618e-02
-2.0421595114e-02 -8.5405932789e-02 1.0122337941e-01
2.2885683126e-01 -7.4627502893e-01 5.5839305186e-01
5.7389945483e-01 -1.4603668947e+00 6.1242099484e-01
8.7578328838e-01 -1.0317958912e+00 -7.3309650143e-01
4.1259334671e-01 -3.6870666934e-01 -5.9580645886e-01
4.8682386724e-02 -4.5527101719e-02 -4.5262926051e-02
1.5383114302e-02 -1.6337493737e-02 3.5642837828e-02
3.9120354454e-02 -3.4117074324e-02 3.8481028203e-02
1.8362816724e-02 -4.3590882794e-02 5.2086089608e-02
2.8242761605e-02 -4.9373067730e-02 5.5114624562e-02
9.6406552916e-03 -3.8369099477e-02 5.6072935788e-02
1.6647333477e-02 -3.9836891160e-02 4.2544344598e-02
1.6973837363e-02 -5.1143570505e-02 4.8170787751e-02
-3.0342458347e-03 -5.3153916211e-02 3.8682921071e-02
8.6159505415e-03 -8.0846622516e-02 5.9584464885e-02
-3.7786563242e-03 -6.8086055075e-02 1.2762293430e-01
1.0594262117e-01 -6.5790256772e-01 4.9657627452e-01
7.5186055221e-02 -1.0771480762e+00 7.6581899747e-01
4.5039156483e-01 -1.0010872924e+00 -4.6931322936e-01
6.5759307195e-01 -7.7955877572e-01 -1.2711070470e+00
1.9771553635e-01 -1.2822357208e-01 -3.0883610639e-01
3.2039627544e-03 -4.2751526235e-03 2.9223568206e-02
3.9815704419e-02 -2.9501124406e-02 4.1583978784e-02
1.7412278390e-02 -3.2287079167e-02 4.7377186863e-02
2.6746635373e-02 -3.3276683356e-02 4.7241636342e-02
-8.5684283713e-04 -1.2332092555e-02 4.2340787318e-02
3.3527743364e-04 -2.0089127401e-02 3.1992089687e-02
1.0669278776e-02 -3.0436506715e-02 4.2749444061e-02
-1.8780951556e-02 -2.4329484596e-02 2.9284622300e-02
-5.5689493018e-03 -5.2402977578e-02 7.5183006487e-02
-3.6045225339e-02 -2.1621189655e-02 1.5456825513e-01
8.9613537384e-03 -5.0016597498e-01 4.3533133990e-01
-1.9248221281e-01 -1.1093523107e+00 8.9436493657e-01
-2.8346279025e-01 -1.4609550950e+00 4.6195609274e-01
1.5956076489e-01 -1.4916970459e+00 -1.0217048258e+00
2.0759615541e-01 -6.1842548876e-01 -8.5620619477e-01
1.6383283237e-03 -2.6632912975e-03 3.1620471577e-02
2.3457951840e-02 -1.8379541679e-02 3.9445763997e-02
9.1684052529e-03 -2.4410296969e-02 4.1866813738e-02
1.5956486732e-02 -2.2892659232e-02 4.0938590773e-02
1.1897665569e-03 -1.1243478465e-02 3.9466071652e-02
9.7331116131e-04 -1.7632326343e-02 3.3755737702e-02
7.5650077652e-03 -3.0361094031e-02 4.3130174183e-02
-1.8903427975e-02 -3.2122533733e-02 2.9197046715e-02
-7.2846074533e-03 -3.4185130304e-02 7.3808500733e-02
-5.2797827694e-02 -5.2621952290e-02 1.4684794322e-01
-1.3027782792e-01 -4.3365098776e-01 3.5162910289e-01
-3.4501917896e-01 -9.7367444394e-01 8.8130743321e-01
-8.5137301630e-01 -1.6684443680e+00 8.1956081436e-01
-9.6706151599e-01 -2.0626814568e+00 -5.0690112325e-01
-3.2979287990e-01 -9.4217700635e-01 -9.9709251879e-01
-1.4362116167e-02 6.1237597404e-03 2.3998949844e-02
-1.0938150299e-03 9.3945028842e-04 3.3185320856e-02
-8.7062154431e-03 -8.4735750341e-03 3.4301618526e-02
4.4614167803e-03 -1.0933022898e-02 3.9828790487e-02
-1.1503456818e-02 -3.5994279004e-03 3.8994324595e-02
-1.3686214068e-02 -4.2835020914e-03 2.2804588108e-02
-5.0997641291e-03 -6.9796472277e-03 3.5287353488e-02
-2.9950984150e-02 -1.8605445403e-02 2.4679962462e-02
-3.0509038297e-02 -1.8683339003e-02 4.3182274647e-02
-7.8560703099e-02 -5.4629623970e-02 5.2446615919e-02
-1.3881878180e-01 -3.5905393246e-01 1.7543855153e-01
-3.1505425276e-01 -6.2804243431e-01 5.3340009937e-01
-9.4894716346e-01 -1.2179216840e+00 5.1298407618e-01
-1.2783092953e+00 -1.3899181727e+00 -3.1707907608e-01
-4.3942403315e-01 -4.3591414020e-01 -4.0332521508e-01
1.7244927844e-03 4.5200241495e-03 2.5010097487e-02
1.2153397352e-02 -7.9980530543e-03 2.7614977209e-02
8.0440735378e-03 -1.4963169646e-02 3.2679469059e-02
1.7872615867e-02 -1.7708348147e-02 3.4759380416e-02
8.2406444563e-03 -1.4766463609e-02 3.5179609553e-02
3.4941696431e-03 -2.1036614991e-02 2.3654391607e-02
5.7644910500e-03 -2.0052054681e-02 3.2550293271e-02
-1.2060597722e-02 -2.5044377948e-02 2.8284339907e-02
-1.7903472134e-02 -1.6633054447e-02 3.0630865329e-02
-4.0739220179e-02 -2.7896504327e-02 1.3595484494e-02
-6.8655096434e-02 -1.5500916231e-01 6.1741311461e-02
-1.8222981759e-01 -2.7639736540e-01 1.2408758937e-01
-3.2548566791e-01 -3.3015228873e-01 1.4625496378e-01
-3.6930741234e-01 -2.8430238672e-01 -4.1268069856e-02
-9.1930332082e-02 -5.2373266232e-02 -1.7440271681e-02
-6.8591754924e-03 3.4159925695e-03 1.4737048735e-02
6.7698236064e-03 -8.6899466936e-03 2.2945707672e-02
3.0302482003e-03 -1.6828143201e-02 2.9280749747e-02
9.4318138058e-03 -1.9644148790e-02 3.2276239029e-02
-1.8578774811e-03 -1.7114454465e-02 3.4999318230e-02
-8.9312171686e-03 -1.7255172687e-02 2.5481605198e-02
-1.7620807912e-03 -1.7542886253e-02 3.4500642870e-02
-2.5907877955e-02 -1.2263970410e-02 2.3553460125e-02
-2.1468395370e-02 -6.3800050874e-03 1.9133151656e-02
-5.1069447251e-02 5.6990128519e-03 -5.5621304160e-03
-2.4977660051e-02 -1.2838292620e-02 1.8970301028e-02
-6.5636985437e-02 -2.3257542340e-02 1.3839251384e-02
-4.1000515748e-02 -1.0544624099e-02 5.6735416840e-02
-6.4060438156e-02 1.6257290887e-02 1.2627107240e-02
-2.0976475797e-02 2.7983718002e-02 1.8223660463e-02
-1.6975918172e-02 1.6894149220e-02 1.2555373324e-02
6.8649331620e-03 -9.6262204054e-04 2.1596041896e-02
-3.7922957999e-03 -5.7293988828e-03 2.4436196323e-02
3.1253478135e-03 -6.5381031957e-03 2.5657735987e-02
-1.4507706617e-02 -3.7629064803e-04 2.7222551143e-02
-1.0140858948e-02 -6.1934652090e-03 2.9384068451e-02
-5.0829882867e-03 -9.6200725731e-03 4.1949828142e-02
-2.5652797140e-02 -8.2581277707e-03 3.1715796596e-02
-2.0886414924e-02 7.9870832227e-03 2.1186451699e-02
-4.6358879457e-02 1.3460453132e-02 -3.6663527977e-03
2.9116599320e-03 4.6448927395e-03 1.8407924626e-02
-3.4569384335e-02 1.2105445317e-02 1.0440903906e-02
-1.2729950748e-02 1.8650130489e-02 4.5370997518e-02
-3.5282099172e-02 2.3825198564e-02 2.5137846107e-03
-6.1296340793e-03 1.5823854345e-02 -9.4972921474e-04
-1.7011844921e-02 1.7149688346e-02 1.1541653765e-02
7.2137248688e-03 1.3463814620e-03 1.8031889730e-02
-9.3615317831e-03 -1.7957134359e-03 2.4141495442e-02
-7.2371646414e-03 -2.0022986672e-03 2.3922492714e-02
-2.5922436863e-02 5.6435981644e-03 2.8838369884e-02
-1.7897911642e-02 1.8417288218e-04 2.6408412246e-02
-7.4269129597e-03 -7.8732643056e-03 3.7512380956e-02
-3.0072644444e-02 -9.8811474312e-03 2.6128373628e-02
-2.5285263541e-02 -2.6679411186e-04 1.6393879562e-02
-5.2688329270e-02 2.7165173629e-03 1.1241449375e-03
-5.9665996186e-03 -4.2709832180e-03 2.2200386423e-02
-5.2667187196e-02 6.3996707411e-03 2.5030094333e-02
-2.8527367970e-02 9.8186183992e-03 5.2219493443e-02
-5.5450825226e-02 1.8680721391e-02 8.0106124126e-03
-1.9498603385e-02 1.2728532656e-02 -8.3014621231e-03
-1.6987881976e-02 1.2914322445e-02 1.8458946271e-02
1.8691389289e-03 5.7591815918e-03 1.8334977237e-02
-9.6016637214e-03 -1.0563327314e-03 2.6376580220e-02
-1.0487090960e-03 9.5640569514e-04 2.6124076791e-02
-2.0535203048e-02 9.8002291685e-03 3.0611934300e-02
-1.3691721901e-02 4.8050683303e-04 2.2370450546e-02
-5.9794707983e-03 -4.4209195473e-03 3.6494116853e-02
-2.6865484732e-02 -2.9964636293e-03 2.6118362077e-02
-2.3197194962e-02 8.0768042451e-03 2.4256899938e-02
-5.4515196695e-02 6.9789827885e-03 6.7002586485e-03
-7.3867443430e-03 -3.2859185604e-03 2.4971882753e-02
-5.1764412360e-02 2.5011905219e-03 3.3512069745e-02
-2.3956133383e-02 2.5115978579e-03 7.7848110434e-02
-4.6120712497e-02 6.0679202047e-03 4.2549538412e-02
-1.0522337712e-02 4.4202454264e-03 5.0545375969e-03
1.6003020425e-03 -3.4134461356e-03 2.4247495943e-02
2.4674021890e-02 -1.8921551462e-02 2.1452045569e-02
2.1085099859e-02 -2.5463815869e-02 3.4253375595e-02
1.9835427287e-02 -2.1671054464e-02 3.4325286339e-02
1.2599591146e-02 -1.6038956332e-02 4.4036105861e-02
1.5134467831e-02 -2.9493271378e-02 3.4366909553e-02
2.5618259416e-02 -3.2879905531e-02 4.5538812874e-02
-1.4509708255e-04 -2.7397274444e-02 3.4770386704e-02
9.6045960025e-03 -1.6384873012e-02 3.8582155857e-02
-2.1171985270e-02 -1.7885187274e-02 2.1177986998e-02
1.0682493862e-02 -2.3368978882e-02 4.0248285324e-02
-2.3998357834e-02 -2.1034014353e-02 5.5290493944e-02
-2.4680902384e-03 -1.2021589745e-02 9.6549272794e-02
-1.7728929308e-02 4.7794527596e-04 5.2887718186e-02
7.9656478291e-03 -3.9469196881e-03 2.0284625179e-02
