30.221777,35.776600,59.710499
31.335752,35.425579,61.561810
31.807304,34.669086,60.057915
12.552299,-24.424587,61.561771
10.661902,-23.295218,61.561768
10.735312,-25.699986,61.561768
8.417504,-24.873337,61.561771
8.464731,-22.915752,61.561775
49.346302,0.424122,61.561764
50.892887,-1.308479,61.561756
51.386208,0.893152,61.561749
-13.830345,11.689164,61.561836
-15.188437,9.898827,61.561855
-13.324201,9.109258,61.561832
-40.694214,-23.250235,61.561939
-41.574699,-21.736172,61.561932
-42.578918,-23.780926,61.561901
32.933826,29.372728,61.561813
31.711552,31.535849,61.561806
30.593470,28.951786,61.561802
8.250577,36.022327,61.561832
5.393315,35.335796,61.561848
6.919992,33.606758,61.561832
39.599285,28.427937,61.557362
37.961872,29.615391,59.952316
38.068020,29.810543,61.554142
-43.724667,-21.853539,61.562248
-44.720917,-23.911629,61.556610
-43.131927,37.329597,61.561878
-42.719513,35.002178,61.561901
-41.398434,36.557667,61.561897
-30.726526,40.850330,61.561737
-29.091454,39.991234,61.561699
-28.766348,40.946762,61.561855
-27.053072,39.351025,61.559776
-29.565851,38.876644,61.559734
0.370752,-5.286333,61.561787
-0.117006,-2.819325,61.561806
-1.761559,-3.915436,61.561806
47.231258,-5.505073,61.561752
47.693111,-3.237770,61.561756
45.565166,-4.430612,61.561752
49.020027,-1.612550,61.561760
50.099953,-3.307913,61.561749
-8.546744,-33.215988,61.561657
-9.448195,-35.334278,61.561863
-6.990621,-34.757755,61.561764
9.311492,-21.254786,61.561775
11.361595,-20.710058,61.561775
9.366893,-19.022373,61.561852
-15.686104,5.755564,61.561825
-13.578030,6.661146,61.561829
-15.392974,7.984603,61.561825
-49.013512,-4.238458,61.561855
-46.624447,-4.221877,61.561890
-47.653328,-1.781205,61.561855
-46.029839,-6.573061,61.561813
-48.032074,-5.775338,61.561859
13.557646,-33.930115,48.672531
15.486220,-33.793545,48.599216
14.217399,-33.684292,50.517174
-48.892639,11.663660,61.561867
-48.677917,14.039386,61.561901
-50.705048,12.963370,61.561874
8.017155,34.948967,38.532719
8.145618,33.451092,36.125755
6.359499,34.539959,37.103149
22.002245,37.454613,61.561817
20.409250,39.571720,61.561829
19.182863,37.465260,61.561817
-13.819715,-2.424218,61.561813
-15.584372,-3.559252,61.561817
-13.352529,-4.911828,61.561810
-39.307415,36.716347,61.561859
-39.062820,39.594887,61.561882
-41.038246,38.558300,61.561886
48.758934,10.509448,61.561768
51.083519,12.074041,61.561771
48.606190,12.887643,61.561764
21.890375,-16.632460,61.561775
24.212132,-15.239944,61.561787
22.304283,-14.077374,61.561806
-13.093666,14.619262,61.561840
-13.206067,17.037943,61.561852
-15.088893,16.216982,61.561886
-1.266054,-1.547905,59.952137
-1.058046,-3.861007,59.952431
19.142595,42.072239,61.561779
16.590805,42.427765,61.561836
17.047342,40.286140,61.561844
-12.565740,-33.551426,61.555519
-14.373314,-35.144840,61.561764
-11.904786,-35.212559,61.561405
-7.328227,-36.748444,61.561501
-9.427515,-37.104099,61.561710
51.660683,9.818084,61.561741
-38.736408,-24.114571,61.561890
-39.523895,-21.812460,61.561661
-16.935253,-34.709625,61.561829
-14.565707,-33.462879,61.560863
15.268226,40.596359,61.561836
15.015032,38.225220,61.561829
-9.164186,-15.541832,61.561798
-9.832405,-17.517076,61.561802
-7.400640,-16.595341,61.561794
24.414814,-23.775240,61.561756
26.686352,-23.743942,61.561760
25.687336,-21.364288,61.561760
28.257078,-22.089544,61.561752
27.650604,-19.744295,61.561760
-11.357943,7.467943,61.561825
-11.271437,10.507149,61.561832
-1.920520,21.974962,61.561825
-3.698244,23.771252,61.561832
-4.032744,21.678328,61.561832
-25.355112,39.533680,61.561283
-26.986330,41.035942,61.561554
-48.373947,6.903594,61.561829
-46.789452,8.063983,61.561619
-49.179379,9.009331,61.561882
-52.370323,15.265394,60.068230
-52.406044,14.122452,61.561867
-52.067215,16.259144,61.561871
-16.745560,-33.272617,61.561970
24.581732,22.407753,61.556625
27.436352,23.345367,61.561993
24.750893,24.134214,61.562393
0.350136,22.684238,61.561832
-1.385200,24.542652,61.561832
25.542707,-19.281258,61.561768
24.230562,33.213486,61.561813
23.172203,31.432117,61.561817
25.031473,31.452839,61.561817
-18.971691,-32.954342,61.561672
4.245904,20.321386,61.561821
5.538956,20.929213,61.561821
4.528724,21.998524,61.561825
38.178085,-16.152311,61.561760
37.538853,-14.367015,61.561756
35.637901,-15.463258,61.561756
-5.946653,-12.416909,61.561794
-5.552350,-14.932530,61.561794
-3.769445,-13.372835,61.561794
3.045582,34.568073,61.561844
4.632157,32.924679,61.561836
-50.521626,6.963322,61.561363
0.062483,-34.541550,61.561768
0.044022,-31.881271,61.561775
-2.393755,-33.460144,61.561771
10.398193,-29.538652,61.561779
11.673636,-31.389805,61.561760
12.654671,-29.295265,61.561821
-29.894577,10.176332,15.137854
-30.557669,8.237186,16.318237
-31.411747,10.240346,16.502527
-23.188036,-33.691044,61.561813
-20.959276,-34.349636,61.561821
-21.260168,-32.501228,61.561600
-52.252186,5.133150,61.560501
-52.478443,7.382367,61.561272
39.193859,-5.274255,61.561771
41.651279,-5.778292,61.561760
41.540745,-4.034701,61.561760
30.281614,-20.358376,61.561756
37.438953,0.443402,61.561771
35.428192,-1.316456,61.561787
37.794189,-2.345245,61.561764
20.883184,35.146240,61.561817
-16.704784,40.220814,60.011353
-15.321252,39.317783,61.561855
-16.731424,39.489506,61.561626
-33.875389,39.071320,61.561844
-35.721844,38.531616,61.561638
-34.447674,37.152256,61.559681
36.363235,31.266056,61.562447
35.436729,29.600885,61.561871
9.612031,-33.591385,40.854458
7.384736,-33.354515,40.399937
8.450152,-33.145367,38.788929
42.327225,25.833019,61.561787
42.108883,25.483652,58.889866
40.831295,27.004242,59.954002
-4.982690,38.990845,36.723232
-6.547931,38.897591,35.259903
-6.809400,40.090115,37.476532
7.929575,28.069111,27.563658
7.454256,29.307503,29.363214
9.438990,28.739586,29.224237
29.004816,-26.691586,37.953251
28.430479,-25.879194,35.107578
29.927258,-25.204336,36.270432
-22.667318,43.702946,41.585304
-24.461521,43.835278,43.242996
-21.556313,44.233765,43.606323
-6.247437,-35.919437,59.829521
-5.349165,-36.363049,61.561760
-53.168690,3.569212,48.721111
-53.250328,3.450874,51.000050
-53.453445,5.352900,50.195141
-6.847402,-32.576538,61.561268
-4.915989,-33.765491,61.561699
-5.360519,-31.333961,61.560993
17.452785,-28.953304,29.596865
17.738819,-28.111038,28.168171
19.324921,-28.286093,29.615082
-16.156076,21.549280,8.040470
-18.137316,20.437195,8.001904
-17.533981,22.911974,9.093719
-2.710326,-20.076515,11.375652
-0.945632,-19.561926,10.422215
-0.718840,-20.909452,12.035730
28.777954,32.197731,44.268173
30.992451,30.633427,43.447830
28.187708,31.706102,42.503292
11.807397,-30.845015,31.062315
11.364056,-29.774427,28.318968
13.475980,-29.824007,29.255798
-0.478303,35.766712,34.673107
-0.160719,34.303719,32.528469
-1.976797,35.412636,32.831474
-51.196609,21.298409,59.637108
-50.633255,22.704412,61.561878
-50.592815,23.589502,59.253895
-34.974361,-6.362340,29.533325
-36.351521,-4.265745,29.209854
-34.567596,-4.494020,27.640823
31.236162,-14.831521,24.999956
30.543089,-17.017796,25.805584
29.889906,-15.416084,23.700665
-34.444061,-16.287590,44.365318
-34.978477,-14.683998,42.541965
-36.678879,-14.906557,44.529659
-16.374983,11.588117,61.561924
-15.766940,13.896125,61.560440
33.494713,29.491676,44.598022
32.947754,28.952654,42.552521
-15.455796,25.902895,11.000126
-13.362879,24.592520,9.804404
-15.612734,24.333393,9.702280
-11.396297,33.535088,22.499741
-12.355392,34.821712,24.403584
-9.547225,34.298153,24.870579
9.301378,25.442507,23.795790
6.868549,25.816408,23.193272
7.193508,26.869589,25.219673
-12.427957,22.679482,8.337760
-14.095533,20.977392,7.401067
-14.949545,22.988821,8.692399
-24.509577,43.271774,40.844574
-25.953926,43.240692,41.556248
-7.071665,-26.537746,59.873405
-6.546437,-28.294804,59.924061
-5.575117,-27.165642,61.560871
29.583920,-22.122158,30.317707
29.757492,-20.572853,28.484444
31.057648,-20.410271,30.103645
-47.869469,-10.223847,61.561855
-50.087658,-9.280144,61.561855
-49.665485,-11.721733,61.561848
2.421690,-15.863264,61.561840
3.739736,-14.363528,61.562138
2.250147,-13.602152,61.561855
-49.502621,-0.387715,61.561859
-49.647453,1.882406,61.561871
-51.613678,0.536921,61.561863
25.716787,35.740578,50.172096
27.607496,34.849049,50.211334
25.850683,35.100784,48.429821
-51.209892,20.510481,61.561840
15.982388,-27.813820,26.516325
18.110325,-26.935495,26.316034
2.287100,22.007135,12.862749
0.770206,21.099726,10.486303
0.526791,22.233339,11.962479
51.229530,6.287034,59.496593
51.974827,5.413597,61.561749
51.423763,4.131894,60.110191
-1.475992,-27.879482,23.537363
-3.537624,-26.803133,22.043514
-1.575400,-26.781160,21.091574
30.432060,-29.125225,60.105209
32.659683,-27.706791,59.066460
32.323719,-28.120468,61.561604
-50.537533,-6.606113,61.561787
-48.136677,-7.911740,61.561893
-49.401764,20.934851,61.561867
-48.510109,22.678328,61.561993
3.971563,-33.321201,60.501316
6.045853,-32.864986,59.850018
5.719427,-32.737118,61.561768
-12.203427,31.500462,18.682045
-14.839046,32.718590,20.079937
-12.419027,32.755699,20.728439
9.157866,37.971611,45.036240
8.619412,38.922573,47.380394
10.923724,38.273670,46.510990
38.462154,28.468487,55.581009
36.987682,29.676168,55.105537
37.640766,29.517178,57.557613
-3.831987,-27.640026,24.372700
12.687912,-31.778818,59.428654
13.749647,-31.062145,61.561195
-9.718787,35.830063,61.553818
-8.648089,36.971878,61.560917
-10.523927,37.805439,61.553871
11.594799,41.657345,61.561836
9.758286,41.018215,59.980576
9.128459,40.908638,61.561852
25.431288,-30.473913,59.549423
24.114790,-30.334372,61.561798
23.060072,-30.787811,59.494671
0.426882,-18.142900,8.697831
-2.472151,-18.515116,9.427646
-2.024134,-16.863220,7.529029
28.046162,-22.417480,28.707861
28.978651,-4.217139,18.547901
30.715532,-4.648225,20.671164
29.430908,-6.585113,19.380167
-15.836024,19.625622,7.050593
27.863001,-23.953823,30.781496
26.176805,-24.055988,28.879841
28.439758,36.984596,59.505379
27.933044,37.994915,61.561825
29.723713,36.712742,61.561817
20.914099,36.381046,47.028950
19.771271,35.850273,45.032631
18.134661,36.833797,46.328728
22.977358,-24.246527,25.898598
24.353800,-24.220371,27.168436
22.569609,-25.328064,27.171352
14.242288,27.379032,28.673504
13.518876,26.179932,26.649437
11.849581,26.877714,27.127161
-34.308273,40.887787,40.893105
-34.545944,40.202930,38.984383
-36.365898,39.879505,40.277786
12.238009,20.902416,18.042789
13.852377,21.306747,19.658638
14.578143,20.026396,18.327633
13.463831,7.246401,5.554685
15.409499,5.363636,6.122020
13.415105,4.750571,4.623028
-13.870776,39.116455,61.561852
-13.628608,40.091530,61.561855
-14.671286,40.369572,61.561859
-38.086273,13.107873,27.484264
-36.253620,11.330931,25.947685
-36.365044,13.839482,25.469595
24.816822,19.268772,24.656713
26.672689,18.190121,25.165371
25.337553,17.248415,23.368130
-15.687797,-5.602526,61.561817
-17.393650,-4.840126,61.561817
-16.900782,-7.089541,61.561817
15.096153,-21.708563,16.946051
16.192987,-22.448284,18.494160
14.305515,-22.863245,17.988514
-49.984753,-10.135236,59.905785
-49.512016,-12.118420,59.396168
-17.109230,-25.783552,40.246975
-15.233427,-26.050325,38.977787
-15.387803,-26.659182,41.239143
-32.631119,34.821392,28.551710
-32.349503,36.082737,30.057579
-30.348963,36.089008,29.112284
31.258389,-27.602474,47.828915
30.221119,-28.171280,46.357235
31.582876,-27.008131,45.968891
-37.380386,-28.478521,61.562019
-34.965008,-28.057938,61.561829
-36.899487,-26.135710,61.561897
-27.007483,6.185697,13.775654
-28.266432,4.594296,15.694317
-28.940802,6.680763,15.403282
4.025937,35.323608,37.146748
5.824198,35.570633,38.562630
33.386303,-15.489429,61.561760
32.036091,-16.554834,61.561752
33.938267,-17.514240,61.561756
48.574402,-4.205400,57.201656
48.212505,-6.314030,59.054928
47.447277,-6.517869,56.327274
23.527006,22.073122,59.869926
25.149998,20.689716,59.621239
0.415336,-14.329635,5.003407
2.428895,-12.864653,4.041594
2.751109,-14.377131,5.185160
31.986591,-19.014984,61.561756
29.822769,-17.599188,61.561760
-50.244083,19.243059,61.561874
-50.134987,17.476917,61.561886
-50.467804,15.161607,61.561882
25.651140,-25.789267,31.148090
-24.110109,-17.024807,29.656685
-21.959848,-18.490242,29.189789
-23.674334,-18.597702,31.350956
15.521362,20.925943,20.170649
28.374634,10.802489,21.836123
27.193991,12.012242,21.362263
28.617868,12.261969,22.876755
-14.180785,-1.736227,3.864775
-12.522144,-1.483549,2.749751
-13.339086,-3.358538,3.670362
51.132038,8.562164,59.525089
51.902020,7.690571,61.561764
-45.733444,22.306644,61.562084
-47.389595,24.634466,61.561577
-19.168533,23.974316,10.172395
-17.507742,24.970982,10.463562
-21.111298,23.513992,10.578243
-19.859837,25.650688,11.582090
-47.822197,3.244819,61.561840
-47.722088,0.817983,61.561802
-46.097012,2.764676,61.561630
-40.971790,5.602064,27.650799
-42.100723,7.857294,27.854595
-40.356606,7.665660,26.017317
-17.812885,44.410118,44.073334
-19.542738,44.173725,42.713184
-19.571171,44.487839,44.661617
8.025773,-6.191680,2.148152
6.194825,-6.705518,1.745428
6.899044,-4.609094,1.454700
-30.389360,33.153103,25.333900
-28.748848,34.494675,26.242075
-27.951811,33.316509,24.304399
30.986143,-21.833799,31.972536
29.635126,-23.422689,32.411388
-34.341427,35.243061,30.042831
-34.866955,33.557880,28.340281
-36.812546,34.367809,30.540213
14.138096,22.221973,21.156128
12.375226,22.304651,20.257210
46.248089,17.511686,52.804523
47.282375,16.547409,54.794201
47.021614,15.374987,52.357853
-30.395992,-32.623249,60.213398
-28.251146,-32.957569,59.496517
-29.370090,-33.734100,61.561764
-51.246929,-3.318349,59.857334
-51.261475,-4.507335,58.361233
-50.923393,-5.402899,59.691067
-39.036251,1.049453,28.170391
-38.067982,1.660581,26.745968
-37.586868,-0.358239,27.583033
-43.341492,15.443406,27.135578
-42.756466,17.678665,26.414759
-41.762386,15.528259,25.480022
0.091051,23.377613,13.498124
-1.379702,24.791027,14.744392
0.513109,24.215376,15.318520
2.119076,24.331442,16.917454
2.055109,23.284388,14.901242
-19.538185,11.412489,6.491679
-21.700411,11.750624,7.903728
-20.480272,13.793594,7.256822
24.512520,-22.822102,25.335730
-12.867259,-35.999466,59.831940
-10.653330,-36.359898,60.132717
-11.535345,-37.159569,61.561764
-12.855346,-12.439773,8.683376
-11.609056,-13.946499,9.003445
-13.371042,-13.637988,10.536436
11.165388,30.723450,32.870903
10.713408,29.644823,31.060738
8.960709,30.791288,32.264156
-9.824421,-21.742887,17.496281
-7.730191,-21.875948,15.978895
-7.902720,-23.314049,18.323751
4.160799,14.404661,5.321724
2.123936,13.347414,4.067694
2.194142,15.646758,5.573908
37.630489,16.529385,34.202484
35.902439,17.315214,32.702290
36.515148,18.532707,34.201572
30.156946,-29.147732,57.861790
-16.432802,34.168827,22.416958
-13.793455,33.966930,22.445070
29.900639,15.321273,60.235901
30.024324,16.550314,61.560898
28.587296,17.077881,59.819923
-10.582575,32.280685,20.702812
-45.360512,-3.658127,37.909161
-46.955879,-2.241808,38.867264
-45.567989,-1.438424,36.807762
8.478454,29.854698,30.631653
-47.616768,2.058784,37.298470
-47.320850,0.003721,38.041965
-48.805500,1.303746,39.273487
39.137421,-8.027101,33.624344
39.179668,-9.611540,34.519478
38.276806,-9.842667,32.907574
-12.013251,-15.215601,10.860482
-10.005501,-15.601364,9.502926
-52.657860,6.448299,59.288528
-52.384754,3.999981,59.498440
-35.184628,41.006451,55.576336
-33.137268,41.334534,56.546513
-32.914913,41.678814,54.444618
-53.185955,16.579067,47.094212
-53.253777,14.239686,45.406345
-53.473164,14.006222,47.770309
-42.592484,11.447756,27.117062
-41.120544,11.526924,25.517054
-41.507885,9.468114,26.568117
2.748740,-29.287546,61.561775
5.173988,-29.006794,61.561771
4.346466,-26.916754,61.561775
0.365952,-33.927151,54.129841
2.733983,-33.764481,52.117035
3.017601,-33.765533,54.583897
28.992714,-18.632534,25.370058
29.745451,-19.158327,26.830767
-39.922581,-24.583303,54.805206
-39.843536,-23.481785,52.815807
-37.789677,-25.142797,53.320992
-15.423101,-23.409147,29.537527
-16.933865,-21.928743,28.235531
-14.916931,-22.881428,26.918505
12.554044,-10.087578,5.459247
14.781904,-8.896157,6.192046
13.688417,-11.394313,6.793959
40.482056,23.325396,45.877415
41.279270,21.366903,44.507717
39.630344,23.131535,43.586987
25.194157,-19.878801,22.489208
27.226559,-19.360292,24.049305
26.049376,-21.113871,24.739914
-26.184248,38.137676,30.594282
-24.521086,38.977882,31.527416
-24.111788,37.788910,29.466911
29.992785,24.035780,32.740284
31.662313,22.225643,32.369976
29.741734,22.343773,30.917568
47.415707,18.738604,59.235012
45.992573,20.392338,57.897442
46.216858,20.856428,60.062515
-25.348335,41.108589,61.561863
-40.978485,29.651791,29.150967
-39.303143,31.138699,29.003298
-39.134354,29.367243,27.372366
-51.666348,-1.009896,59.504364
-51.266705,-1.827835,61.561787
-39.321983,5.450583,25.936081
-39.730118,3.263478,27.559418
-35.524429,-0.801478,25.783377
-36.717876,1.306471,25.559916
-20.535019,20.027864,8.729095
-19.588154,18.581429,7.844442
-3.381005,22.298891,9.821747
-6.062716,22.743608,9.323633
-4.800755,23.662231,10.823523
31.211300,-18.602135,28.220020
4.693715,-5.187562,1.019958
5.602181,-2.340856,0.848817
-14.577587,3.282283,3.433663
-12.793780,2.433951,2.538598
-13.851254,0.466046,3.245759
25.331732,-18.027885,20.824627
26.982876,-17.776089,22.282534
-23.690662,5.003471,10.943350
-23.310625,2.894787,11.483701
-24.981657,4.026741,12.723671
38.823277,1.556172,31.433071
38.503239,-0.666754,30.962833
37.578953,1.135711,29.618155
11.908374,39.405582,50.120064
14.252183,39.457996,51.106148
14.391468,38.595985,48.746361
13.906398,25.215538,25.371477
11.820751,25.590460,25.116554
-51.611183,19.530384,59.998772
-51.710136,18.473467,61.561871
0.749684,38.621349,59.751221
1.603554,38.296780,61.561836
3.005872,39.114304,59.765179
-9.016559,27.141766,13.414837
-6.874078,26.971445,14.241204
-6.781137,25.859785,12.716239
-40.587811,21.834486,24.823107
-41.490650,23.463810,26.160845
-40.034271,24.303619,25.147032
-36.011589,-2.447371,27.483660
-34.268600,-2.937856,26.124880
-13.017468,41.346420,36.300457
-12.329747,40.056206,33.961704
-15.279906,40.941078,34.767365
-2.512789,3.066509,61.561810
-0.295283,1.619913,61.560863
-0.089727,3.767161,61.560429
30.265413,9.982311,23.313589
-10.411149,22.039490,7.950891
-11.745769,20.560589,6.955577
-36.802921,-5.535616,30.628973
22.648441,31.097694,37.345703
20.771132,32.229988,38.366566
22.529987,32.262108,39.308949
16.672861,2.889386,6.339858
15.910299,0.666939,5.413708
14.659951,2.917785,4.928570
-12.181865,17.087452,5.323445
-10.830667,18.672493,5.890752
-10.261157,16.464937,4.825216
2.368346,-27.779163,22.400005
0.649140,-28.393440,24.048410
0.365375,-27.556864,22.179480
35.649349,-9.350483,28.327169
34.258713,-9.051314,26.196424
35.016094,-7.215035,26.718452
-9.684411,43.077099,49.449184
-12.189288,43.789417,48.843658
-11.135140,43.122425,51.243397
-25.148314,-35.032043,61.560818
-27.190378,-34.415218,61.561729
-26.215824,-33.991295,60.251808
-17.636091,-22.244246,30.310686
-16.193756,-23.798107,32.391552
-18.504930,-22.508345,32.420635
-22.851444,-35.571949,61.561760
-53.000118,18.047899,49.042889
-52.558594,20.229753,48.702385
-52.847565,18.760761,47.221451
-42.593369,-18.089920,61.561829
-43.578876,-15.145322,61.561878
-45.535603,-17.480394,61.561806
-35.435966,35.992096,31.710608
-33.519985,36.846478,31.763458
3.555989,23.238619,16.035172
26.500406,38.320686,59.737484
25.965080,39.390987,61.561813
30.529762,-29.253609,61.561756
39.713013,25.211657,47.965607
38.253220,27.021162,48.780758
39.524914,26.210539,50.275177
-15.060779,35.367104,24.654093
-13.158862,36.010323,26.262690
24.004446,-21.900183,23.651598
-44.061840,23.265135,28.647451
-42.536781,24.002111,27.345602
-42.618660,21.613720,26.715357
-4.997195,26.318834,14.474928
29.248535,20.740339,29.151644
31.323641,20.357803,30.516407
30.495070,18.870329,28.700363
6.814384,23.018818,18.068275
6.118705,24.228741,19.822533
8.343110,23.340509,19.647686
-38.746277,-28.603462,60.215405
-38.502602,-27.413031,58.021610
-37.442535,-28.969831,59.539547
17.102705,-7.166291,7.140506
14.856963,-6.349555,5.361462
16.552816,-4.616310,6.090572
-42.782272,9.617471,27.917673
17.416008,41.638210,59.521576
11.612647,-11.869170,5.994879
14.853789,28.763458,30.914522
15.708098,30.038052,33.086746
16.878187,28.931437,31.778406
-10.584029,40.523914,35.738552
-9.988809,39.528511,34.107491
-44.626938,-15.140883,46.677216
-43.111916,-15.996594,45.742329
-43.781189,-16.829035,47.726963
37.241142,-1.226806,29.120726
31.320421,8.063663,59.789497
32.004391,9.490137,61.556301
30.734190,10.707442,58.941517
4.891786,-29.440117,26.234451
5.850644,-28.803171,24.780016
6.766424,-29.466661,26.457449
43.412899,23.781872,57.765247
44.904472,22.311394,59.093174
44.576763,22.040398,56.782013
3.410266,32.051422,31.541569
6.328567,30.671267,31.009245
3.720615,30.617165,29.494696
47.495968,19.669100,61.561783
-41.274948,27.477007,27.886581
13.600451,35.825966,42.214718
14.797628,34.585182,40.315147
11.995404,35.310658,40.675678
-31.490089,-32.961033,61.561798
-32.148659,-31.827374,60.017227
-41.841850,19.684767,25.616373
-43.315342,19.521055,27.091467
-21.761393,3.920203,9.331811
-21.934946,1.623457,10.552424
-10.318565,-24.813538,24.007071
-8.630253,-26.237608,25.712608
-11.277081,-25.166508,26.816513
26.233286,-26.992643,34.164474
28.124575,-25.059504,33.048733
13.304296,-33.479359,52.141270
15.567631,-33.205093,52.682632
13.517006,-33.051926,54.162422
-19.942816,-19.187548,27.590914
-20.510389,-19.932219,29.684914
-40.188972,-25.519501,56.794537
-41.707172,-24.051134,56.321945
32.835823,-9.619064,24.454609
34.064938,-10.880290,26.638382
37.707165,-21.331209,50.109932
36.861046,-21.906467,47.746490
38.339672,-19.951880,47.696423
28.113218,-30.012442,56.797813
26.501381,-30.461823,57.736641
26.156569,-30.768152,55.480007
-17.887661,32.762466,20.103636
-43.794586,8.478168,29.513371
-43.971939,10.985441,28.801935
-42.813400,4.151599,30.499327
-42.791775,6.038797,29.482918
-41.483360,3.752838,29.219620
26.687311,20.693981,61.559288
27.114964,18.884918,59.768856
28.511997,18.733965,61.559799
-39.641335,39.348007,59.340275
-40.990231,17.573254,24.632299
48.617477,17.946634,61.561779
49.531567,16.104404,61.561775
48.763111,16.639500,59.973091
-52.638588,13.190000,59.613396
-52.524330,11.733912,61.561867
-43.669624,36.687984,51.125977
-42.682602,37.549858,53.646900
-41.864742,38.149830,51.724918
36.098495,-6.990567,28.245377
-42.204426,1.937340,31.095896
-43.737408,3.319242,32.019352
-13.696252,18.830126,6.289493
49.359623,-5.226220,61.561749
49.342514,-3.867738,59.617043
-35.193275,4.968347,21.977266
-35.032089,7.659199,20.676985
-33.645187,5.791886,20.145378
11.328274,-27.725130,61.561764
-21.758886,29.875139,16.679338
-20.963663,29.207926,15.534479
-22.863882,28.440594,15.393169
46.791149,18.600391,56.612259
45.924225,19.025074,54.374863
45.537258,20.362129,55.962326
0.589327,-29.200932,26.392958
3.210777,-28.812223,24.685118
3.305256,-29.740070,27.238031
-6.954967,-21.117561,61.561794
-8.032583,-23.370548,61.561672
-5.642540,-23.073828,61.561806
20.930115,-32.463772,42.591839
18.499792,-33.268456,43.610325
18.628273,-32.894501,41.313572
20.383965,-10.334661,11.109388
21.151810,-7.721431,10.747610
21.969919,-10.187964,12.476936
0.170214,31.556566,61.561844
0.585579,29.351334,61.561840
2.421303,30.175489,61.561836
9.663149,26.726439,26.077957
13.138708,30.094177,32.454998
14.088379,42.137390,61.561832
-28.350603,-7.100364,23.927979
-28.519577,-8.581002,25.414549
-30.136871,-7.217124,25.732883
7.817604,40.470173,59.805389
9.201275,40.791206,58.041409
6.570239,40.216743,57.819359
-46.544777,14.343834,31.013929
-45.352119,12.581829,29.951366
-46.738434,12.030092,31.817217
-43.876518,13.236860,28.085520
-48.307873,-17.031677,61.561836
-46.435799,-14.836767,61.562050
38.141300,-5.908907,31.165491
36.959641,-5.517275,29.205324
38.007393,-3.401108,30.449474
-15.761448,44.116261,43.147453
-16.039169,44.454002,45.531788
40.103455,26.738089,54.726379
40.628807,26.801113,57.765537
42.057732,25.025253,56.459957
-8.130202,-31.821028,49.966610
-9.546624,-30.741894,48.108727
-7.373627,-31.135496,47.343296
14.666317,-30.222218,30.721033
-12.689620,38.844440,31.541117
-14.705048,39.736229,32.581558
4.567949,-33.540218,56.048134
7.091061,-32.981564,57.710339
4.233883,-33.400661,58.536930
19.056175,28.267996,31.573545
22.210957,28.241508,32.861519
21.144464,26.841820,30.511330
19.874565,29.653965,33.879314
-6.266838,-27.084126,25.166245
-5.786780,-26.527136,23.015526
-26.995701,-15.912678,31.168795
-27.299522,-16.879473,32.562256
-28.836161,-15.027076,31.852379
37.736229,24.554005,42.189404
38.700481,24.994259,44.910530
-34.332825,-29.917152,58.328709
-33.978825,-31.028191,59.963501
-35.959335,-29.980530,59.849842
-9.439296,-18.546041,12.688981
-10.528144,-16.712145,11.278466
-8.440408,-17.326015,10.455664
3.041231,-3.633833,0.451909
1.179582,-4.988716,0.466990
0.677740,-2.625913,0.104135
36.649796,26.592833,43.884754
35.591938,26.422388,41.747196
-46.407581,2.391611,35.637054
-46.376705,0.551165,36.603722
-3.349565,33.052452,27.735802
-1.833531,31.751455,26.952671
-3.485501,32.036213,25.887096
-2.913626,5.172021,0.642578
-1.275605,4.175610,0.433102
-2.611855,3.080264,0.268253
24.665598,-12.238839,16.084984
22.454102,-12.480320,14.088725
23.910856,-10.038805,14.288788
12.936702,-8.018269,4.782381
12.830233,-5.641290,4.029506
-27.724546,41.030121,36.323135
-28.452394,39.873791,34.312191
-30.183828,40.146019,35.621422
-18.870710,14.823465,6.592268
-17.354439,15.956804,6.222061
-18.029469,13.240767,5.920698
-43.272274,25.749540,28.837526
-42.833595,28.269541,29.894094
-35.471306,36.982681,33.184792
-4.688105,1.562430,0.250563
-6.980888,2.478913,0.699656
-4.763946,3.820211,0.530736
-5.952201,18.145357,5.681595
-8.321311,18.285059,5.636607
-7.022950,19.680042,6.567979
14.615300,-21.911224,61.561768
12.820288,-22.569588,61.561768
14.769442,-23.851824,61.561768
-20.490456,1.451057,8.929768
-21.306263,-0.478509,10.909649
-44.852917,0.455520,34.909012
-19.870922,-28.505615,48.183792
-22.396486,-27.526726,47.233189
-20.235722,-27.258833,45.795452
-7.901686,-25.878296,23.552811
-11.297733,-10.386589,5.535131
-9.354437,-10.136511,4.196110
-9.943713,-12.323761,6.123108
20.486885,24.255627,27.028063
20.078630,25.874844,28.795042
22.365065,25.115864,29.000856
-30.861187,42.826931,46.340256
-32.848152,42.133850,44.993279
-32.867241,42.277378,47.711746
-32.672218,-14.220457,34.281281
-30.933350,-13.531849,32.147079
-30.793144,-15.472882,33.972404
39.384216,-2.059365,32.453617
39.107216,-4.479521,32.421070
42.449474,-16.878824,61.561749
43.024479,-15.633265,59.546459
43.776375,-15.005713,61.561745
36.111156,-24.551857,59.201813
35.886280,-24.412504,56.374954
37.479988,-22.813009,58.025307
-21.963614,-34.315002,59.010536
-20.160479,-35.365807,60.217693
-28.602493,-2.055161,20.034508
-28.174339,-0.881123,18.790676
-27.223434,-2.625751,19.100943
31.490276,7.902472,23.710377
31.690226,9.400599,24.520407
32.857136,8.650581,25.453585
9.629823,-33.940796,43.636589
7.508017,-33.653595,42.326153
4.297572,23.959953,17.982821
-25.836941,34.165112,24.536983
-25.506042,33.138683,22.914558
-13.731763,-22.926832,24.805439
-15.300819,-21.582182,24.475155
-13.935576,-21.813732,22.674095
-37.448502,35.744370,32.808685
-7.675078,30.201569,18.929459
-8.902318,29.536785,17.019783
-9.741807,30.858467,18.733265
38.407742,21.328148,39.084576
38.488251,19.092146,37.090660
36.763302,21.252901,36.750793
32.353706,-20.046261,31.643721
-40.965607,34.768803,61.561939
-42.362972,32.916126,61.561897
-40.412575,32.503773,61.561775
11.422498,-33.433273,52.969402
12.009024,-33.842640,50.147316
12.346937,18.471752,14.611449
10.431946,17.933245,12.479606
10.311649,19.421635,14.506628
-13.556451,-27.602201,42.457039
-11.318722,-28.296780,42.232208
-11.643618,-28.835344,44.482887
2.810757,17.330095,7.213734
1.027969,17.260578,6.485886
-26.295177,41.439461,59.901783
-2.111572,-14.786672,5.538524
-0.200407,-16.133860,6.637140
13.251615,9.108321,6.359099
11.597520,8.692384,5.147022
27.964077,-20.689787,26.371571
38.377857,-22.294558,61.561745
36.971439,-23.958475,61.561745
37.591583,-22.973276,59.951900
-24.280247,-34.217571,59.749142
-6.547066,36.284981,61.561939
-5.376734,37.704632,61.562084
-7.632452,38.149220,61.559219
31.176477,-23.789806,35.701294
29.697712,-24.402033,34.257816
-20.158552,30.279789,16.720547
-21.731075,31.146791,18.454809
-19.297565,31.498928,18.287365
23.351561,-14.335776,16.077991
-21.760500,-21.371752,34.015095
-23.361822,-19.938049,33.106247
-21.669540,-20.074917,31.454800
-7.969252,28.207516,15.452254
-10.093471,28.694387,15.134048
32.813435,-0.350283,61.561390
35.069759,1.165397,61.561790
32.933327,2.091184,61.561756
29.092737,-13.779170,21.701590
30.679955,-13.255768,23.322441
-46.349068,16.806774,30.461479
-45.047733,15.123667,29.073677
-1.131153,22.653646,11.514035
-16.741898,31.630127,18.211882
-44.029125,6.907508,30.492397
32.942585,12.219825,27.021488
33.352394,10.332437,26.625875
32.010262,10.814343,25.454306
-8.461721,31.465052,20.552107
-22.585695,43.087440,39.581623
-24.550695,42.687569,39.081684
5.712034,14.729515,6.178117
7.641583,14.168300,6.626402
6.085929,13.271881,5.245987
-1.367455,32.798992,29.098314
-38.660694,34.337971,31.905920
-38.914757,32.923504,30.461931
-37.376591,-15.563770,39.536434
-38.929749,-15.983795,41.358738
-39.798359,-14.484934,40.631145
39.810558,-6.114574,34.119835
38.856689,-6.524820,32.555336
36.636532,2.913375,28.491400
37.983490,3.381474,30.358509
-52.737774,8.511069,59.905037
-53.004841,8.539529,57.874039
-8.243527,-13.765054,6.418749
-9.867858,-14.149252,7.788219
-52.548031,9.505449,61.561886
44.544361,-8.454287,47.795311
45.083382,-8.726501,50.312737
43.992226,-10.451689,48.805317
-11.579714,43.435905,43.139729
-11.541550,43.754044,45.742001
-9.800375,43.168671,44.337376
-47.464565,-18.080614,59.591145
-47.277874,-19.488695,61.555645
-43.241360,-25.855364,61.561195
-40.814804,-25.086300,61.561905
-33.405216,-23.828188,47.153614
-33.597523,-25.253597,49.647724
-35.200764,-23.976618,48.875660
41.114594,-18.756271,61.561745
41.774437,-17.432674,59.547157
9.643592,-8.100009,3.325846
11.215713,-7.180437,3.666783
11.039513,-9.109491,4.287300
-26.995068,34.895454,26.049555
-25.015781,35.122746,25.611294
-25.452225,36.138939,27.289474
-44.961220,-22.395075,59.568443
-43.423786,-24.418728,59.712379
36.537994,-3.518159,28.250914
-29.543612,-9.376875,27.097157
-28.304470,-11.130750,27.556919
-29.798927,-11.096095,28.889942
49.693779,15.015656,60.410549
22.247875,-3.686481,10.981254
22.428904,-5.883877,11.494456
20.836750,-5.298631,9.814374
-35.939018,39.146255,37.678661
-34.943233,38.446793,35.313171
-37.398186,37.841778,36.289158
-40.255104,-16.623093,50.867580
-40.931961,-16.775490,52.955391
-39.533920,-18.183058,52.979469
38.291344,9.454875,31.951254
37.634548,7.688687,30.647814
37.073467,10.262960,30.697742
-14.390320,31.337708,17.863060
17.470711,-10.355864,8.732868
17.937164,-8.606433,8.297375
19.174738,-9.262233,9.568534
-11.009003,30.109959,16.901936
4.423852,15.913656,6.610260
-18.035477,-1.306110,7.298455
-17.434332,0.368430,6.038839
-16.693378,-1.618368,5.972856
-36.058899,-28.883894,58.081589
31.022980,26.519939,36.475006
29.508442,26.040482,34.592346
28.764378,27.574390,35.974529
-4.258515,-15.461875,6.540933
-4.503339,-17.343355,8.601083
-1.981050,-10.625360,56.088142
-0.986844,-12.711072,55.516197
-2.594577,-12.238507,54.132687
-3.501610,-25.822714,19.999269
17.764183,29.705355,33.209545
-44.191555,5.454629,31.402924
-30.969223,12.033621,15.709989
-29.067139,12.592610,13.891032
-15.953419,14.333466,5.328230
-16.005829,12.125448,4.857624
-2.122438,14.746541,4.107785
-0.346836,12.536277,3.204738
-2.964610,12.019542,2.746066
-0.364878,16.385712,5.427499
0.307252,14.563410,4.387414
-44.653038,20.779972,28.685459
-44.519646,17.710678,28.288294
-46.360142,19.365032,30.481970
-40.814194,31.532738,30.661800
-19.720699,24.167204,14.397967
-17.142971,24.258389,13.120554
-17.828409,25.317759,14.882548
5.431873,-30.084023,28.033905
7.460163,-30.126219,28.217123
-4.760431,-32.576454,49.725204
-2.499772,-33.025486,49.754707
-4.317882,-33.165173,51.586632
-27.977673,-12.584785,28.637766
-29.372341,-13.019012,30.303453
12.116627,-33.496124,40.175648
11.703852,-33.834373,42.244442
35.791218,-5.321341,27.421495
-32.809719,-9.622360,30.263218
-34.325241,-8.583844,30.749590
-32.961948,-8.049574,29.063463
-17.836946,18.007786,6.997077
-44.153385,26.689714,61.560905
-46.661980,26.703945,61.561695
-45.029713,24.556738,61.552845
-40.525436,1.637718,29.419424
-27.486233,-14.329859,29.911516
-19.634232,22.090803,9.259042
-36.712547,7.431425,22.381365
-37.272945,5.356379,23.838631
9.650281,-34.074890,46.042995
12.186714,-34.046772,44.762127
11.894235,-34.054161,47.715675
-25.833885,-10.676063,24.697214
-27.618856,-10.191546,26.027624
-26.998890,-9.014166,24.323797
46.357124,-8.586597,55.609852
46.989380,-8.380033,58.065979
45.639389,-10.682842,57.247158
-11.472981,-6.780661,3.680407
-10.393740,-5.715358,2.663220
-9.922681,-7.860786,3.263046
-29.944670,31.577520,23.207275
-27.623325,31.745504,22.104588
-40.564194,-15.499714,42.389553
-39.266281,-17.328856,43.177155
44.346043,21.524586,54.333515
-31.990396,-30.306955,61.561840
-29.861795,-31.430523,61.561848
1.269364,-11.262782,59.388344
2.146396,-9.912755,61.561806
3.457471,-11.928306,61.558331
-21.364874,-17.564512,27.097345
-22.782801,-16.884291,27.987169
-25.644691,-17.094126,31.286268
-25.723356,-15.633218,29.629364
-14.541895,44.180828,49.149864
-14.015187,44.255058,46.708748
-18.900610,0.877178,7.369256
-17.818533,2.344054,5.883235
-29.818390,22.295172,15.523660
-30.120634,24.204395,16.686167
-28.004845,24.412525,15.150178
30.012484,32.142582,45.777534
-9.709519,-29.640968,45.006367
-9.403002,-29.174604,42.983837
-10.820395,-29.805902,46.604679
-38.612667,-19.708044,61.561821
-40.895760,-19.923067,61.561966
-49.364983,17.424749,34.683804
-47.989826,18.122551,32.563278
-48.566681,16.118652,33.480316
48.243263,-2.971922,54.556213
49.175152,-1.572318,56.303246
-23.504137,35.685139,25.985044
-23.951027,34.425194,24.194168
-40.240883,33.426533,32.186405
-41.577393,33.699596,33.917049
-39.591236,34.983147,33.601891
-33.989826,-1.376284,24.672718
-13.864874,-20.861542,20.804062
-12.515911,-22.307434,21.511944
9.576552,-34.010502,48.669895
-26.507145,-7.894191,22.794565
-22.369812,-22.240751,36.403416
-24.406078,-22.129982,37.929852
-24.610329,-20.568659,35.367290
-12.004227,6.834606,2.556116
-12.922289,9.150696,3.222560
-10.674171,9.218728,2.607867
12.485095,39.943542,52.127960
14.039862,40.082436,52.933392
19.452526,-27.275316,27.865757
8.446572,-15.188741,59.789299
6.360731,-14.796982,60.095154
7.177408,-14.509093,61.557911
-25.766762,41.973831,37.699852
-27.995075,42.067455,38.987465
-26.018888,42.738960,39.871738
26.381550,15.224730,22.725620
27.039425,16.434031,24.153088
-8.153146,-24.646946,59.778584
-8.526852,-26.266396,58.133331
-13.634775,-15.019247,12.457841
9.019855,-9.977086,3.888267
-15.209649,-12.929600,12.140591
-45.210777,10.133396,30.544760
-30.545002,13.890930,15.048473
-32.156555,14.186711,16.478306
32.228531,2.755756,23.023035
31.744913,5.261684,23.091974
33.625931,4.406959,25.024679
34.821453,19.275183,32.918499
24.545080,28.699286,34.703838
24.517689,27.308430,32.817047
18.016563,26.005264,28.090368
16.803530,27.614750,29.849400
19.027597,26.936676,29.727354
-33.753265,39.823101,37.255337
-4.823813,21.347683,8.329843
-6.767007,21.039900,7.623312
-42.789532,-18.712837,49.030674
-44.820988,-17.094545,49.750980
42.126213,21.408419,46.679516
42.754852,19.418968,45.317116
-25.399275,10.023262,11.096213
-23.551600,11.535909,9.316601
-23.633995,8.700009,9.772286
-22.222145,39.170929,31.406986
-21.564507,37.669590,28.760750
-16.328506,44.223503,50.292313
-13.841985,43.692398,51.305771
47.510990,-8.228863,60.081188
-41.011974,0.303094,30.802301
25.632107,13.763357,21.019266
27.282913,13.591611,22.433775
-19.570940,-24.153065,38.108761
-20.910797,-23.183201,37.059193
-18.869150,-23.632736,35.976032
-37.377975,39.985310,42.587139
-38.928059,38.912525,41.418518
-52.048775,1.493083,59.512691
-6.852008,-27.435526,27.350981
-24.545980,-4.666869,17.840981
-25.639767,-3.437104,18.080839
-24.309006,-3.074808,16.331362
-15.571875,-0.659852,4.677815
-15.420188,-3.062675,5.271184
-33.675804,38.013748,33.673260
-31.674053,38.212982,32.884102
-32.287846,39.231918,34.999844
-16.675169,3.750632,4.752323
-15.928925,1.510866,4.502998
23.805241,40.496803,61.561821
24.032757,38.489639,61.561829
46.798710,-6.777570,54.105747
-48.997536,23.337387,35.310699
-48.860138,20.466122,34.134781
-49.916569,21.341965,36.292515
-33.782436,41.496918,42.738987
-32.476051,41.563702,41.099434
-37.011066,30.274439,26.497463
-34.657066,31.386982,25.918783
-35.855278,29.087404,24.669878
27.333635,-30.443575,53.263363
28.144718,-30.077597,54.859509
-48.441811,-0.868081,39.967583
-49.830463,0.767651,41.078220
11.791964,24.184282,61.562160
13.383209,26.392424,61.561867
10.503942,26.161636,61.561836
-15.443754,-19.118956,20.330620
-15.223732,-17.939077,18.346413
-13.568873,-19.832331,18.759912
21.438898,-26.979288,28.944504
21.128099,-28.327333,31.185797
-10.383820,-9.300095,61.561806
-8.273905,-9.049704,61.561802
-9.120710,-6.710252,61.561810
15.171666,-33.720161,42.960239
14.563847,-33.952461,44.866070
13.555139,-33.886322,43.285179
11.361506,37.454350,44.724773
43.246578,23.403318,55.569267
40.422035,-0.635738,34.029099
41.493843,-1.215414,36.006119
40.376247,-3.477282,34.409447
-19.241686,9.067119,6.233928
-21.036907,9.676009,7.475737
-24.507559,25.244133,13.393000
-24.834295,26.872631,14.888006
-22.888283,26.715294,13.689841
-14.095812,40.131607,59.538929
39.806076,19.227100,39.165653
40.154308,20.305136,40.856190
41.132111,18.063450,40.438824
-23.412958,29.777176,17.292973
13.932989,-31.331987,33.147732
11.402949,-31.786486,33.623459
-1.321770,21.333538,9.659720
-7.797176,-28.141832,58.622372
-45.128265,-12.393060,44.253418
-43.513432,-13.251962,43.184845
-44.275890,-14.112836,44.993534
0.246705,30.100962,26.034847
3.092268,29.422338,27.133741
2.859146,28.229948,24.909304
33.008469,-17.282984,29.515417
32.377892,-18.922003,30.276760
28.118368,-15.923514,22.013947
27.218290,-14.531301,20.067686
28.643858,-17.302658,23.715172
-5.780746,-29.353720,60.667915
-4.904186,-29.260521,61.560677
37.263329,23.407364,39.766365
36.197746,24.937601,40.281876
-39.397865,-0.641387,29.690962
-2.552597,28.395397,20.279682
-2.910453,29.702171,22.326218
-0.857352,28.333256,21.837383
-9.836847,-1.622512,1.531111
-7.522758,-2.055928,0.820811
-8.649819,-4.560187,1.587920
4.446721,12.820910,4.396870
3.631527,11.411692,3.404330
-45.783966,6.080974,32.982536
-46.574173,7.885090,33.135681
-45.235054,7.752420,31.535208
-8.564321,39.829605,35.611530
-9.076193,40.787380,37.264847
39.451820,0.008177,32.399662
-49.904385,-10.350801,52.497963
-48.438190,-12.579774,50.727051
-48.884815,-12.899434,53.265549
19.843575,41.227337,59.514763
-8.660062,36.240295,42.854870
-10.720498,37.277725,42.474648
-9.863667,36.165192,41.008148
30.036482,-0.983871,61.553059
29.120914,-2.226676,59.634533
29.045700,-3.408234,61.561073
-7.552727,-12.346956,4.914830
-5.319513,-25.803993,21.035484
6.616911,-10.468666,3.375600
7.883370,-8.082924,2.694587
20.769047,-30.920963,36.723057
20.050005,-31.650597,38.106773
18.725927,-31.567287,36.637672
-16.381901,-27.807373,45.184650
-15.701981,-27.224163,43.221214
-14.304152,-28.212151,44.916050
-17.826536,2.435097,61.561825
-17.623791,4.841465,61.561825
-18.082985,3.771165,59.955723
38.205444,28.315331,53.582638
-11.877790,-30.262928,48.560856
-12.758406,-31.039492,50.781765
-14.178634,-29.937754,49.040955
-9.669936,-20.250975,15.159832
-11.754784,-18.557974,14.815978
-8.503576,22.386156,8.435802
40.158970,1.613892,33.487965
-5.451321,-8.899104,2.179929
-4.144704,-7.348718,1.291359
-3.481501,-9.113020,1.929388
9.679205,-12.049232,5.281028
10.829988,-10.656553,4.935685
-16.686213,11.426217,59.964512
11.631154,6.387837,4.188808
11.528227,4.503768,3.562174
9.804155,5.419621,3.049933
-44.989986,4.319985,32.923904
-32.050373,6.932218,18.174387
-33.608917,7.803012,19.295380
-32.714771,9.381390,17.935810
-16.526781,-35.748585,60.013168
-14.883086,-36.174969,60.376213
-16.099176,-36.815689,61.561779
-18.104227,-9.072875,12.613045
-19.232439,-9.121716,14.466163
-19.219482,-7.406759,12.889741
-30.936720,39.067455,59.639538
-28.566717,39.638016,59.849171
-39.978050,9.473188,24.934774
-44.085487,33.638142,61.561882
25.839283,-10.026628,16.292540
25.251535,-7.843277,14.925051
41.923054,24.618973,54.136131
-3.469666,40.038692,40.600231
-4.215584,39.492210,38.488869
-5.788630,40.684269,39.870583
-28.262739,37.572506,30.417353
-30.977812,37.310822,31.140388
-29.316248,38.699516,32.610085
-3.738763,-23.958769,16.966162
-1.809028,-23.025942,15.024656
-1.474979,-24.580189,17.220390
-34.446915,2.711275,22.442640
-32.870411,1.390802,21.727751
-34.590652,0.580069,23.898306
-27.013018,39.095295,32.427532
-28.088640,35.908707,27.916164
-5.080852,35.662720,30.612556
-3.379616,34.316185,29.814440
-5.496593,34.563755,28.386395
-11.302683,-3.348118,2.458825
-1.622855,38.436203,38.635197
-3.406843,38.448341,37.034039
-3.414853,-28.801720,28.095020
-2.190503,-28.625732,26.152208
-1.314643,-29.520060,28.861320
-38.428135,38.338425,38.701660
-39.192024,37.062717,36.713573
9.640847,28.052858,61.561817
11.778521,28.526756,61.561825
-15.347655,-20.405638,22.298513
-36.502502,9.771200,21.381474
-7.218295,-30.426311,59.732632
12.578912,31.423252,34.369938
10.985915,32.928246,36.292358
13.510018,32.646210,36.594193
-32.509243,-2.998693,24.463861
-32.707561,-1.071310,23.204052
27.282011,-27.280867,36.305462
-39.262508,17.402262,22.940311
-37.209274,18.761290,21.110168
-37.323471,15.956748,21.101952
-1.724837,34.181213,31.034075
-6.576762,37.000618,31.733631
-7.516451,36.072777,29.395689
-53.101307,12.173215,44.278667
-52.947857,9.920993,43.986435
-53.332825,10.673846,45.558006
-18.155117,43.864380,52.504601
-16.568636,43.261887,54.396267
-15.875565,43.708183,52.493195
35.824139,-11.902099,29.816580
34.767437,-11.805696,28.100643
15.335579,41.880093,59.952061
9.409925,-31.388487,32.107803
9.477427,-32.154476,34.626160
-45.038902,2.679901,33.871868
-1.183387,-25.751749,19.068735
-2.984388,-25.059771,18.429995
-44.623539,-5.544656,59.127960
-43.810997,-7.003570,61.560802
-43.869659,-8.200384,59.295124
-38.249123,-26.152657,55.591820
-36.477688,-27.605782,56.262852
-35.279289,-9.398922,32.271164
-34.882908,-10.956232,33.207886
-36.706982,-9.554790,33.666817
32.137512,-16.618708,27.615721
-23.431717,42.143887,37.390575
43.096157,17.346947,43.782715
42.251312,17.179750,41.817089
41.742432,19.378561,42.911808
35.464603,-3.591542,61.561771
33.753349,-2.403443,61.561829
-14.055998,13.483273,4.538082
17.199507,6.500479,7.989923
17.191248,4.607954,7.233621
-1.105088,29.487303,23.711967
-2.300018,30.804056,24.896856
26.155886,-22.670406,26.840172
-47.181923,28.253147,35.638039
-47.179962,26.356539,34.000542
-48.242466,25.882549,35.489868
39.076096,22.339884,41.366646
-11.288047,-8.706103,4.486898
-10.141764,-32.556896,60.272537
-11.928980,-32.788242,60.378296
-10.496738,-33.484825,61.560562
23.931818,-19.452700,20.836773
6.084837,16.747555,59.849434
5.693208,15.506012,61.559120
4.835021,15.091393,60.060974
-52.992004,1.987707,49.639713
-52.916340,1.117729,51.453163
-9.123815,20.562229,6.993367
-22.585033,13.673040,8.584284
11.259113,-28.942862,26.464787
9.256643,-29.464088,26.958811
10.113989,-28.546690,25.248413
14.066279,30.737770,33.706387
-9.760587,33.651699,35.564369
-9.945693,34.445126,37.264854
-11.872479,34.621315,36.820015
7.733338,-33.905540,44.741650
5.611069,-33.588985,43.707600
-2.847849,40.768162,51.900017
-4.538674,41.339069,50.939068
-5.147424,41.038719,52.832573
-26.200678,23.823441,13.563479
-27.679569,21.646229,13.597756
-38.669384,7.536300,24.300652
-42.199928,31.932514,32.447247
-42.621811,30.177448,31.158554
-17.391010,-31.908812,59.766724
-25.401972,-18.760071,33.312454
47.161510,16.397709,61.561779
46.316021,18.572670,61.561779
-4.674834,31.624840,24.042883
12.284138,33.996609,38.474003
9.868521,31.974775,34.416302
7.333956,32.017509,33.549297
31.007824,-22.928532,33.803322
-11.652443,-21.632883,19.230909
-10.724144,-23.402920,21.310694
-1.588877,-31.324755,39.411858
-3.329586,-30.551516,38.210072
-1.381699,-30.918388,36.539680
-37.414574,32.425945,28.816133
-48.294544,-14.454049,54.209690
-49.033695,-13.276734,55.538860
15.695991,40.780209,55.863274
14.077805,40.599743,54.735161
13.346567,41.082729,56.846600
-0.333943,20.034382,8.626770
-1.020495,18.247055,6.684802
-2.965535,20.324020,7.931427
-33.144562,28.159742,21.920979
-33.841496,29.783337,23.841803
-31.566809,30.063749,22.567411
25.378672,-2.560756,44.229660
25.460121,-3.995639,45.946926
26.305082,-2.160671,47.171036
43.398895,19.924440,47.768604
-36.467133,-7.621157,31.931400
7.802137,-32.206024,61.561760
8.264751,-32.398701,59.766422
9.766074,-31.709158,61.561760
31.992489,-25.118048,61.561745
31.211464,-27.102222,61.561737
34.046371,-26.967052,61.561729
44.468224,-12.926033,57.808239
44.191677,-13.915744,59.790470
43.514957,-14.589614,58.213608
7.050929,20.219711,61.561859
9.170849,19.423046,61.561783
8.683113,21.466639,61.562073
2.336303,-30.861637,31.683760
1.386097,-30.100910,29.129364
4.056866,-30.527849,29.634302
-27.719149,-18.074934,34.424755
-28.899807,-16.556116,33.566685
-0.616605,5.980140,0.851246
-30.348492,39.280689,34.062965
-51.974670,2.757368,61.561859
8.069425,-11.685833,4.483998
-12.584477,4.455247,2.521460
-14.221587,5.741610,3.317200
-41.843288,30.713936,61.561974
41.342785,23.268398,48.109550
40.968056,24.557526,50.165554
-45.427631,-9.152980,61.561867
-40.782963,-1.738298,31.901741
-39.015377,-2.515800,30.598984
-37.939373,-4.103328,30.661224
-10.703098,-20.839535,59.938484
-9.485777,-21.431139,61.561794
-10.868715,-19.519960,61.561798
29.568420,-10.446043,20.619999
29.607578,-8.707078,20.102983
31.101545,-9.380427,22.123272
-12.118508,-23.382273,23.188612
-32.101501,-26.705063,59.905270
-33.642712,-25.173803,59.021645
-34.361534,-25.480492,61.561020
42.958118,23.168453,53.550217
-11.573018,36.572128,27.865952
-11.132995,35.477852,26.097750
22.348797,13.907755,18.054464
20.353384,15.256867,17.418819
21.755314,16.249517,19.569817
10.021540,-13.753174,6.584697
-25.833664,-31.113129,61.561523
-26.373960,-29.557407,59.754108
-28.219809,-30.052317,61.561844
-12.943364,15.570728,8.873369
-14.987916,14.733299,8.525607
-13.696548,13.791188,9.376464
33.832970,-18.100451,31.728197
-48.168858,-2.971714,40.843338
18.613874,-32.357632,39.069244
20.413170,-32.094379,40.064476
2.692606,25.090580,18.871803
23.863010,-25.622110,28.895191
23.371693,-27.073339,30.944029
-9.053783,35.501259,27.327862
-7.337804,35.093430,27.818586
-0.145613,33.222759,30.819733
-13.444393,-24.310978,28.382027
25.337721,29.788614,36.779057
26.536200,28.307396,35.376301
-12.153968,-24.070648,25.012482
-24.107172,-32.891781,57.306282
-26.978395,-31.784262,56.662563
-24.947470,-31.241796,54.781960
-46.231201,4.459615,34.347073
12.580410,-13.396742,7.506691
-47.791039,24.571571,33.862492
-13.829970,36.985100,27.816143
-13.303478,37.818710,29.470160
48.108376,16.545727,57.641949
-20.815269,-3.145695,11.950220
-22.604616,-1.440154,13.139519
-26.279551,-1.278207,17.166945
-17.299248,7.155293,61.561829
46.746944,6.615261,61.561768
45.633923,8.302200,61.561768
44.419071,6.259815,61.561771
-24.563599,40.124146,33.550037
-9.568181,-32.162655,51.647953
-10.597523,-31.271437,50.153404
-43.086235,-10.149178,60.018211
-43.073498,-9.268132,61.561947
20.396961,-29.626772,33.241283
18.659184,-29.519140,31.615248
-28.245722,10.306583,13.611429
-39.261108,-19.097839,59.388226
-39.667709,-17.770573,61.560928
2.901508,-0.528905,0.273203
-24.404808,-30.620991,60.243958
-52.600018,12.722282,42.232399
-52.873653,14.489814,43.314232
15.232801,-1.393852,4.875699
13.658336,0.466973,3.988185
22.745420,-21.061569,21.540981
-10.072919,42.321369,53.124001
-8.188465,41.359341,54.326576
-8.178069,42.052555,52.198566
-24.310686,-6.345996,18.977831
-26.193754,-4.821503,19.779034
37.054352,-7.804524,29.971216
38.099571,-8.166574,31.834515
37.038090,-9.831959,30.734526
-18.487686,-31.796625,53.904736
-15.681460,-31.842182,53.347435
-16.608238,-32.944317,55.533794
-9.382781,-22.834452,59.731556
-3.295111,35.245907,31.433571
4.833237,26.875521,23.876293
2.365855,27.247189,22.753767
-53.344845,5.732249,47.998024
-52.990910,6.476811,45.507702
-52.881165,3.996185,46.564499
-38.134357,-5.735509,32.057011
-36.646954,35.892761,61.559635
-38.677090,34.264942,61.560764
-38.431259,34.907505,59.871178
-44.767635,-19.943632,61.561832
-52.074780,21.821699,50.504395
-52.005192,22.422747,48.154694
-51.419250,24.353832,47.451576
-51.346989,24.328165,49.922993
-5.915480,37.849541,33.787613
-4.325405,37.854038,35.104584
18.387758,-12.799309,59.286423
18.768082,-12.092456,61.561924
20.401031,-11.959561,59.459869
-7.857490,-8.444710,2.656428
-6.408936,-6.646104,1.488381
-19.322821,27.512331,13.139136
-17.606461,26.809666,12.082479
-31.451159,-7.800188,27.466373
-31.450079,-9.581275,29.016443
-26.306671,37.124882,29.058006
1.977628,-24.271078,16.398399
-0.032902,-24.101168,16.264721
0.605953,-23.008665,14.664006
35.253864,-16.533813,32.509800
36.441170,-15.970568,34.204079
35.142197,-18.345819,34.465393
30.162262,12.722724,24.596910
31.451633,13.200986,26.064363
-17.113129,-26.509846,42.279690
-19.022934,-25.716446,41.627197
0.000000,0.000000,0.000000
-0.547686,2.419702,0.174709
1.686346,2.013156,0.288478
-46.587170,19.285944,59.568020
-46.143497,21.659178,59.416565
-46.257362,20.103748,61.562031
1.391884,11.000123,2.751361
-0.940546,9.958151,2.067805
47.719135,-4.975734,55.032192
39.681599,-20.623440,61.561733
40.107773,-19.626040,58.904800
-12.317615,-5.425680,3.675105
-46.233768,-15.701201,50.272682
-45.498116,-15.396757,48.422470
-45.950150,1.085057,59.551319
-46.395271,3.668706,59.187935
-17.849482,38.234661,29.462297
-15.826162,37.631790,28.563995
-18.936453,37.288971,27.837292
34.530819,10.893426,28.084665
34.353420,13.021526,28.803865
35.731976,11.487881,29.606558
6.397898,15.820967,7.454985
15.426874,24.024809,24.315460
13.284398,24.411983,23.901829
0.256141,38.404625,40.262299
0.729212,39.003933,42.176239
2.102328,37.771679,40.385197
10.466107,22.278313,19.107546
10.252714,23.790501,21.489614
24.491587,-30.938715,57.550152
-29.182678,-31.520765,57.441814
-29.159792,-30.547531,55.693043
-8.021988,-33.603859,54.285625
-6.301401,-34.262806,55.439087
-8.353004,-34.574978,56.476624
-27.176107,-5.925633,21.731512
-25.165129,-7.351225,20.860548
-9.732888,36.703804,29.057966
-10.932931,37.751461,30.282545
40.840549,-5.901172,36.042927
41.782967,-3.861359,37.212776
42.096848,-6.082176,38.801262
-7.406825,-15.681751,7.931511
35.828758,-13.411311,30.808447
34.810776,-13.469411,29.191439
-23.478491,-31.916477,61.561550
-23.682720,-9.449976,21.090208
-21.715336,-10.948904,20.012648
-23.265451,-11.123376,22.225784
-52.483894,16.136261,41.979153
-51.957226,17.863934,40.478264
-51.922226,15.562137,40.062565
0.864249,28.383352,23.542673
45.850571,-6.542780,50.030621
45.736172,-5.659937,48.608871
46.599247,-4.520600,50.383343
18.309851,32.201199,37.336056
16.764362,33.448124,38.946083
19.038609,33.368084,39.651276
8.779907,22.082424,17.723951
10.349301,21.251945,17.381599
8.957500,20.852100,15.796647
7.251481,21.924065,16.408543
-5.576217,29.623734,19.620159
-6.733758,30.698364,20.520607
-5.096519,30.440727,21.527308
-30.359705,-28.784710,61.561779
-29.930206,-27.660967,59.344570
-25.046093,-9.626855,22.840885
15.469312,18.686049,17.209602
17.001406,19.040003,18.756086
-8.684623,-6.716203,2.245885
14.959535,31.473957,35.109371
15.851476,32.376312,36.830124
-0.142500,31.539099,28.109400
1.641509,30.738300,28.244493
-35.677662,-31.157658,61.561810
-33.733131,-29.784248,61.561848
-17.574827,10.461587,5.327297
-3.762603,-4.013690,0.384956
-2.129143,-1.711272,0.011007
-1.150079,-4.367467,0.280133
25.803728,25.933647,31.898136
23.417555,26.341032,31.009405
22.748287,11.904486,16.879696
20.950108,13.247880,16.175121
46.795723,-2.528217,49.303993
46.649921,-0.789028,47.786797
47.339695,-0.267396,49.603340
-47.718803,22.810259,33.003006
-46.389801,25.195330,32.148987
-31.700191,-26.690529,50.654854
-31.241730,-25.571569,48.428543
-29.243242,-26.982447,49.551693
4.275797,-11.726109,3.568252
6.359409,-12.530459,4.523820
-36.437134,-11.349705,34.891468
-34.592731,-12.798797,34.563286
-27.080553,28.781864,18.226496
-25.031637,28.649731,16.803219
-27.117813,26.810860,16.303551
-28.946667,25.847708,16.853266
-28.949629,27.239422,17.983049
-30.474426,25.871010,18.048906
25.140055,-14.456192,17.860025
26.841831,-11.865705,18.163668
20.004005,-30.521929,34.971424
21.669712,-29.866222,34.996761
22.003811,-30.443729,61.561749
20.738714,-28.827898,61.561752
19.708658,-30.561785,61.561813
-45.502106,-1.185504,59.674583
-45.596680,0.147175,61.560539
32.380127,-21.317513,33.514000
15.716422,40.162670,53.872231
17.717825,40.142269,54.903740
17.442516,39.465580,52.720837
-50.277290,25.974808,41.299522
-49.834187,25.555878,38.966747
-50.799805,23.750944,40.205956
-46.204327,-20.503803,59.362186
17.763872,24.271523,25.721315
15.591835,25.699553,26.712551
17.711702,-2.855994,6.750737
16.199877,-2.607864,5.590508
17.024637,-1.113249,6.131904
34.678497,-26.168444,59.731110
-45.036674,-2.323935,61.561264
-2.664099,7.865573,1.306334
12.293380,-27.719084,24.495167
13.593440,-28.758373,27.067842
-35.707741,40.759937,42.714993
36.703712,11.997595,30.905823
38.010681,11.604933,32.315044
-18.836199,36.160629,25.897915
-20.070265,35.137222,24.336231
-21.065351,36.335751,26.477850
27.143841,36.137379,61.561810
26.035360,37.579647,61.561825
24.641167,36.618404,61.561821
40.611225,25.606174,52.274937
-7.327003,-20.458441,13.753623
-41.551708,25.363382,26.990257
-5.160561,14.071963,3.580216
-5.942979,11.323157,2.515886
14.639856,33.398388,38.183540
-8.070713,23.852760,9.861564
8.017125,-13.226047,5.470410
40.866783,3.944459,34.693539
39.345119,3.866893,32.343140
39.981941,6.028543,33.541492
50.987270,2.018903,59.680450
51.815449,3.168157,61.561760
-3.763429,-29.088846,30.015024
-5.130127,-28.373148,28.675598
23.053873,34.939377,61.561817
-53.277233,8.888686,45.754856
-52.829502,8.070698,44.130451
7.895451,-14.990395,6.790535
-14.178829,42.997593,54.134674
-12.199628,42.934082,52.949512
37.057098,-12.289686,32.162865
32.427578,14.795044,27.824116
34.255394,15.153941,29.768448
-26.379253,-12.040878,26.565083
-49.556431,-1.398165,41.895996
-50.908997,0.302371,43.272205
-31.400126,-5.173995,25.174337
-30.650269,-4.075592,23.550297
-29.865355,-5.695656,24.161259
37.749439,18.088861,35.364574
37.004337,19.543810,35.541451
-40.258781,33.245987,59.479671
45.481606,8.210990,44.019962
45.993172,6.402449,44.924503
45.201305,6.735176,43.104740
-52.725357,18.779806,45.228752
-52.147690,21.053709,43.892914
-52.461334,18.420916,42.839527
28.777899,9.159324,21.390997
30.266340,7.298643,22.153522
27.988647,-29.954189,59.313732
-22.074926,-23.698303,39.203373
-15.338797,9.255333,4.156912
17.549082,30.913418,34.990154
-12.227202,40.398941,59.589077
-14.518085,40.891125,59.944263
-41.451065,31.673813,60.061863
-13.637065,-24.898920,31.196314
33.525707,-15.108714,28.398058
-52.317577,2.308445,45.530754
-52.648479,1.452390,47.650414
-8.925800,37.541416,31.053331
-10.525896,38.717358,32.271629
-4.578596,-28.081358,26.600285
-3.572180,10.054111,2.002960
44.177689,18.148714,47.385746
43.854416,17.375460,45.637207
-12.139610,-17.662146,61.561798
-11.826390,-19.036795,60.248722
-31.576056,-11.306943,30.650803
13.212363,33.243553,61.561829
14.011392,35.625786,61.561825
11.236323,34.997322,61.561832
1.652309,33.211544,32.158184
1.204285,32.080963,30.055025
-22.023623,-28.815279,49.509739
-29.456022,2.987633,17.632072
-30.118431,5.578105,16.958662
-44.520382,26.912552,30.833351
-46.956944,10.694000,61.561832
-46.944584,9.271812,59.740250
-53.613441,12.151818,48.560677
-53.461227,12.242233,46.516384
-53.582855,10.076697,47.719959
28.638395,-12.071486,20.248011
15.898647,-33.846443,46.370529
13.956205,-34.006634,46.902206
-41.839462,-25.018969,58.203152
-40.036198,-27.530718,59.979073
-40.536602,-26.300734,58.604240
-43.565876,1.234769,33.027630
36.061996,9.330236,29.203733
34.466255,8.791478,27.237282
1.237087,18.586731,7.780875
-7.272451,34.300655,26.474110
-5.190689,33.165745,26.258646
-7.013474,32.968803,24.337976
-36.429050,31.754705,27.458441
7.826509,24.716658,21.776918
-28.036171,-19.035879,35.966518
-30.214655,-17.581779,35.848667
-31.246387,-18.772392,38.167885
-29.250887,-19.632317,37.745514
-34.557907,40.860870,57.986538
-36.762280,37.204441,34.517609
13.898423,10.877267,7.947406
11.561669,10.688940,6.257820
11.755470,12.372640,7.569310
9.757815,10.234179,5.000323
-29.562586,30.133762,21.336246
-38.274300,9.609765,23.168453
-52.684902,11.063223,42.751129
26.872950,-8.028253,16.751524
28.238157,-8.242592,18.362404
27.378340,-9.603735,17.795187
2.624376,-33.634491,49.162075
0.063542,-33.192184,48.175636
1.772032,-33.331146,47.048779
-13.190816,-23.890274,26.455347
-41.816010,-26.043875,59.882484
27.189045,6.272652,18.350737
27.865583,3.250519,18.063656
26.002861,4.477586,16.309191
-49.235790,25.080990,36.907005
14.680532,-3.678928,4.702589
-13.578074,26.579670,11.685710
-15.273657,27.738424,12.893003
-51.149269,21.618820,39.595333
-50.181385,23.273493,37.847233
-50.699257,20.879185,37.923359
-0.028721,-30.208977,30.681383
28.387730,-10.062286,19.117277
-26.123699,-13.926600,28.193384
37.119900,-19.632126,41.740116
35.662006,-20.561937,39.387470
37.090149,-18.401798,39.091980
-17.352493,8.098996,5.047464
-16.300032,13.581253,58.716839
-0.640491,-28.569620,25.030521
-18.327456,-26.904343,44.065907
-36.275616,-22.926964,59.347404
-37.344872,-21.735979,61.556904
-35.892635,-23.712452,61.561714
-17.541452,7.897970,59.718254
-17.933964,5.779820,59.577076
-19.821020,12.157453,45.346775
-19.800451,10.714413,48.068901
-18.874708,13.200970,48.219841
-51.153404,2.477329,42.509090
-50.200188,3.017462,40.471989
-2.094999,-29.874151,31.558664
-49.438232,4.704142,61.561897
-47.202541,-17.093256,55.764778
-47.193596,-16.247047,53.855495
-46.067661,-18.181532,54.397522
5.127342,28.126492,26.254023
-33.142956,-6.274652,27.740257
-40.427162,-17.028982,59.542355
0.956566,25.682520,18.507973
-0.058236,25.242640,16.726282
-10.428692,5.182357,1.844504
-10.803197,3.100792,1.773189
-41.430504,-14.887149,59.615120
-42.080967,-13.137280,59.848873
-41.464027,-13.752778,61.561630
-13.250440,-29.209387,46.834877
-15.574158,-28.742771,46.992413
-52.933338,16.437431,44.311958
-32.544605,-27.149702,61.561169
-5.088291,19.919237,7.033667
19.575190,22.648001,24.652189
17.453150,22.976181,23.905245
30.087469,-11.827823,21.843008
-38.637115,-7.647252,33.948112
-1.412575,-14.213509,61.561798
-3.433620,-15.682398,61.561794
-1.587791,-16.401104,61.561790
-44.013023,30.485897,33.045898
-18.544889,-2.679993,8.591236
-17.149883,-3.182022,7.128294
-17.785912,-5.159509,9.068760
-6.760647,-25.145140,61.561481
16.628227,-9.170289,7.544192
-47.834126,9.264386,34.216675
-46.568134,9.727212,32.374035
-33.865475,-26.511255,51.991547
-35.853642,-24.847269,50.899799
34.714119,27.917763,43.158886
-40.644249,-15.700972,61.561501
-18.267044,-35.271824,59.594269
-18.285099,-36.484501,61.561783
-43.054596,28.807903,61.560894
-43.629692,28.264202,60.122627
-42.542797,30.158012,59.993290
-6.809587,-28.298521,31.891014
-8.095592,-28.013603,33.618591
-9.400731,-27.103611,31.479172
-46.981495,-8.973155,43.563488
-45.724518,-10.522247,43.256351
-46.739613,-10.932884,45.030819
-10.630725,-28.396341,56.066334
-8.968999,-29.389269,57.892204
-9.082628,-27.797663,57.296280
-10.936535,28.975359,61.561417
-11.736518,26.505890,61.561562
-9.379757,27.060684,61.561810
-48.079861,-7.339413,43.787666
-49.527443,-6.763505,45.884003
-48.997440,-5.535079,43.792805
22.386009,-31.246292,57.694790
20.697289,-31.031199,59.410137
-16.888597,9.335393,61.561829
17.759794,1.065727,6.882570
18.364788,3.033140,7.757139
35.829765,-1.617528,27.146517
2.994972,9.607397,2.456074
-46.891399,16.883020,59.407162
-46.669903,17.810225,61.560364
-46.880253,15.444375,61.561813
33.650051,27.699722,41.150623
-53.325737,15.754432,49.542774
7.400539,-31.895279,33.811218
33.039459,20.817097,32.398659
36.132011,-14.715094,32.383663
2.029832,-33.889618,59.513588
-0.005979,-34.363956,58.787815
1.931697,-33.885796,56.745152
-30.753864,41.693996,56.667896
-30.224119,42.375237,53.619125
-20.969994,27.987371,14.130116
-19.121927,29.071936,14.871139
40.515320,21.209663,42.610203
26.245422,27.190060,33.695309
30.900238,1.709180,21.242558
32.358784,0.470548,22.812445
-39.947002,33.745304,43.520992
-39.864624,32.760597,41.428535
-38.303543,34.501217,42.247154
19.117945,39.436378,53.764877
19.501125,38.684551,51.968643
-29.533234,0.990463,18.845196
-30.615267,2.201911,19.134821
21.108747,-21.136040,20.284172
19.471127,-22.096458,20.212700
20.070604,-20.440771,18.688986
37.834644,13.959232,33.078327
36.291656,15.238235,31.923256
12.148055,-1.114653,3.144340
13.711205,-1.916648,3.969128
-11.925938,25.778601,59.921059
-11.574513,26.686085,58.078178
-12.411239,24.396572,58.598572
-0.755125,39.989296,43.714119
-0.173099,40.300770,46.145504
1.412365,39.477436,44.315979
3.129632,34.441925,35.139111
1.604155,35.594868,35.977043
16.075312,22.343327,22.378174
-42.348671,13.493945,26.368505
-40.264942,15.596103,23.971371
0.026020,-16.218023,61.561790
-5.029306,41.477795,43.712315
-2.954913,40.567459,42.924274
-4.820502,40.911682,41.645565
-52.622971,-0.044694,49.483925
-52.172260,-0.754164,47.685535
-51.957760,-2.641077,49.062511
6.066432,-15.833366,7.022109
4.357138,-15.080440,6.007174
6.117170,-14.264299,5.702363
-18.533289,4.675403,6.037674
-19.648430,3.247514,7.374746
-20.154629,5.236397,7.346108
-26.142904,25.520922,14.621310
-23.048000,40.198135,60.297718
-22.755325,39.700535,61.561127
-23.833490,39.653698,61.561867
-50.452484,26.339720,43.452309
-49.435440,28.275843,42.521408
-53.252506,15.545362,51.784382
-53.047066,17.307699,50.850311
-8.800578,-23.912607,20.190544
-8.600330,-24.827141,21.814508
4.336510,-13.517955,4.775294
-37.986053,-20.929653,59.414474
-40.007954,39.148315,46.806030
-41.162392,38.219959,44.964447
-42.205624,37.652843,46.635151
-31.592636,24.554344,18.108257
-31.548822,22.760147,17.169758
-19.819986,14.421954,37.731056
-20.052761,14.235887,35.642448
-20.592560,12.926277,36.425034
-19.721033,-31.627491,59.983437
-14.508041,15.936394,5.356099
1.343577,-26.524248,20.048815
18.332718,-4.879328,7.532196
19.251553,-7.003479,8.809139
-37.735756,-12.153392,36.691257
-38.398827,-9.840169,35.399834
-17.843800,41.117088,34.754963
-17.030394,41.925140,36.515465
31.607704,28.907084,40.729626
-46.546421,-4.454915,39.739365
8.205862,-28.720264,25.040075
-23.181341,36.723888,27.535793
-19.222525,41.515392,60.279285
-21.291962,41.151012,61.561863
-19.216860,41.137218,61.561859
-51.656181,1.768236,44.036160
-51.838715,0.133898,45.631226
-14.897694,17.513430,59.290878
-15.568794,15.447680,59.503948
36.937149,-16.988068,36.486027
38.349983,-15.941924,38.531826
-47.089912,11.598639,58.899925
40.510830,7.983956,34.683182
39.084461,7.849363,32.578415
-11.133141,-15.485792,61.561798
-12.258525,-13.686230,61.561802
-13.288342,-15.781819,61.561802
-5.406522,-28.624054,30.550692
-4.632458,-29.189409,32.256336
-6.483628,24.318392,10.880383
6.180110,-32.946339,38.875088
-32.625504,40.866905,38.986927
27.922855,25.674644,32.992565
27.948315,26.938816,34.523670
27.594080,24.110945,31.060879
-21.184483,40.722233,59.316574
-21.485317,39.716808,61.561867
-42.130524,-0.080961,32.255997
-28.512098,-28.909079,60.136745
-8.016789,-32.704697,52.104965
-6.330932,-33.379211,53.086082
-33.223587,3.568246,20.802668
34.611919,-15.660071,30.563345
27.096926,31.315380,40.690132
25.880033,32.365788,41.748268
24.526003,-27.293997,32.630268
18.451027,-30.683987,34.114067
-25.474430,40.132370,59.945637
-5.125941,-29.723913,37.087158
-3.542913,-30.145250,36.063152
-17.667261,44.095581,42.424236
-46.096336,22.240952,30.657047
-47.527203,20.586573,32.131565
-12.788327,2.640799,61.561817
-12.545558,-0.198735,61.561813
-10.533995,1.300846,61.561821
16.148314,-33.502003,50.647579
20.210897,31.022772,36.114929
45.531853,-4.522042,46.903416
45.302929,-3.312939,45.354725
46.100391,-2.569973,47.210842
42.788208,-1.236257,38.535480
-39.635357,-3.835665,32.164543
-41.231373,-3.754903,33.703144
35.819984,13.356709,30.489222
37.026577,13.236165,31.781685
-22.812532,-8.283955,18.885216
-22.971142,-6.243813,17.259876
-44.996887,-3.319666,59.968792
9.365008,-15.660769,7.856306
7.605718,-16.649466,8.187506
-4.383393,-34.666019,56.529312
-4.351018,-35.440247,59.255276
-6.340173,-35.214489,57.875664
-0.112909,-6.949501,60.260750
1.097398,-7.615407,61.561798
0.369160,-8.768656,60.000278
32.315781,27.164427,38.669212
25.044794,31.448517,39.378620
-16.557293,-10.037527,60.026516
-15.357575,-11.665714,61.561802
-16.188063,-9.467281,61.561810
-17.943863,-28.096014,46.608032
-20.039450,-29.391886,49.950481
-17.491455,-29.618116,49.605839
-19.361490,-30.409082,51.645626
-10.140068,31.385132,59.724770
-10.225088,31.400749,61.560909
-9.717086,33.649059,61.562103
35.910465,7.031593,28.367746
34.304207,6.741008,26.422157
35.380390,4.906305,27.236656
-51.404762,23.574989,52.253159
-51.947002,21.458290,52.992474
-51.013527,-6.385722,57.630505
2.880310,-5.667080,0.816579
4.041377,-7.418709,1.495113
1.623449,-7.236488,1.104818
14.469862,-32.596512,37.199387
13.257586,-32.217590,35.482792
15.837743,-31.711596,35.116184
-13.146312,-17.759939,59.292488
-9.556687,33.938393,59.461323
-41.119602,-16.775261,44.386868
-42.528179,-14.901908,43.781174
27.550446,28.952988,37.021339
-46.319408,33.452271,61.561874
-44.831650,35.392521,61.561886
-30.374849,27.276194,19.090622
-32.577644,25.993109,19.831882
-31.053675,28.549234,20.733637
-29.939543,41.229202,59.562073
-32.342899,41.140293,58.563396
-31.992620,40.932800,60.304008
-11.265018,39.299072,61.561718
-12.591491,39.792892,61.561855
22.247961,29.827919,35.151951
6.982375,40.302826,55.201885
8.502523,40.574833,56.420887
9.038830,40.465374,54.605732
-22.516190,24.908739,12.090357
48.654362,-0.444057,53.795574
44.894497,-1.670569,43.472797
44.589230,-4.022285,43.854984
43.903309,-3.716831,41.912090
-14.715084,38.678585,30.647848
-35.092384,-24.283501,59.962559
2.475269,-31.462664,61.561771
1.244464,-30.446453,61.561771
-7.126648,15.889616,4.400593
7.404819,-30.122042,61.561768
-6.133301,-14.059725,5.803920
33.233582,19.084328,31.245514
-4.161241,-33.912994,53.996193
18.989466,-25.399048,24.421227
21.330624,-24.892313,25.434555
20.319405,-26.145319,26.592085
29.862476,28.591568,38.389698
-13.779842,43.450085,41.378658
-13.605766,44.015251,44.277740
-44.413486,-4.769648,61.561741
-27.813276,-28.104338,58.573410
-37.943947,30.999130,27.822557
-17.735067,-2.475259,61.561821
-17.858126,-0.126184,61.561817
-18.326403,-1.264737,59.567883
-35.426540,37.221020,59.234566
-33.191044,38.213470,59.687935
-20.569649,44.158840,51.067352
-20.376110,43.649040,53.401295
-22.690538,-26.339922,45.050518
-20.728825,-26.026239,43.389011
23.106073,-31.590979,55.286469
24.821917,-31.413939,52.977135
-22.053770,35.144371,24.756189
44.073460,-7.732407,45.313503
43.880817,-5.835290,43.097992
44.768188,-5.463526,45.352383
9.952064,-32.791481,36.998047
7.262904,-32.515423,36.307964
-13.035141,30.456894,16.762342
-24.909267,-12.253592,25.244354
-35.016251,27.833055,23.062675
17.485479,20.658638,21.042799
19.578009,19.929995,21.584599
18.884777,19.063990,20.141006
33.690563,1.339133,24.553349
35.162987,2.511376,26.546446
-50.694984,-1.768175,44.178886
-49.245831,-3.741859,42.907265
-50.251049,-4.187417,45.073872
32.253490,-7.555476,23.078581
30.894321,-7.096055,21.256306
11.327293,-32.402775,35.637787
-11.418607,-25.761993,29.603453
-11.592824,-26.190205,32.276756
-42.262253,-11.631577,61.561325
-29.019672,-25.377502,46.669888
-26.873486,-26.814348,47.956486
45.197109,16.673491,48.433804
44.595345,18.647827,49.296520
45.850330,17.003174,50.810623
43.231823,-8.056087,43.087833
42.855831,-7.229337,41.342670
-1.168887,39.384598,41.330528
16.620010,-12.242206,9.174813
14.694616,-12.796111,8.271342
15.673984,-10.843706,7.697916
39.361206,10.061395,33.559273
39.483883,12.115454,34.421543
-52.387024,20.878588,46.461372
-51.761257,23.131941,45.795811
43.516560,20.904882,49.877190
44.916203,19.466930,51.788700
19.666811,39.986931,55.820724
-8.516374,41.581272,39.626186
-12.242008,15.128742,4.608633
47.697834,-1.931432,51.782593
25.613903,-4.705557,47.765984
24.660969,-6.025421,46.215031
32.393250,-12.615385,25.191071
-51.193676,-5.726220,49.873787
-52.003067,-3.536341,51.785847
33.642509,-7.230620,24.820316
33.033901,-5.159658,23.653702
-20.736254,-22.573828,35.476330
28.309546,14.523604,23.956545
33.579590,-19.637966,33.237576
-1.841143,-10.467484,2.462255
-2.899872,-12.574983,3.891393
-4.307515,-10.706977,2.895191
-16.472460,18.814543,27.726810
-15.190913,19.127821,25.624409
-16.983103,17.554243,26.002958
-0.529589,-6.481162,0.766708
-2.816707,-6.060261,0.744928
-30.116453,41.217400,38.019669
-51.764465,19.819735,57.929928
33.378281,10.606716,61.560791
33.939487,13.262503,61.561802
31.750572,11.896716,61.561764
50.218456,2.089051,57.247826
50.074863,-0.206683,58.197300
49.561623,0.403397,56.091663
29.325603,30.168396,40.575371
32.557091,17.398048,29.489817
5.661531,-8.507071,2.231053
-38.681835,23.212713,23.520954
-49.490608,-12.265010,57.529949
-49.784649,-11.375643,56.092438
-10.080343,43.383362,47.554539
-7.888703,42.725353,47.489143
-42.872044,-11.600533,58.964817
-4.103601,36.491508,32.853676
-50.264088,-9.969125,55.177490
-50.176163,-9.998151,57.507355
-21.277367,17.839582,8.417171
-19.594803,16.355095,7.247668
-46.492039,5.340937,61.561527
-46.775951,6.779935,58.997612
-10.879869,41.609032,37.929100
14.002130,-26.418417,23.052233
16.660572,-26.292856,24.301317
14.367789,-27.494429,25.069239
-31.904150,20.544178,16.703955
-50.862034,-8.024236,54.029610
23.779190,-4.303352,12.634640
23.259804,-1.948972,11.984488
24.480738,-2.229032,13.307478
-4.232106,-13.774607,5.028836
-1.971846,26.127516,16.621988
8.985485,-4.526723,2.114137
3.790329,26.148733,21.804871
2.131490,26.184338,20.519815
-7.220829,7.028309,1.465206
-9.386548,7.292318,1.912608
-8.004707,9.482911,2.171452
-18.916391,14.196745,45.917442
-18.084402,15.588883,47.216415
-31.161039,-30.384466,56.712467
-30.835329,-29.443193,54.838448
22.698568,-23.355301,24.375902
10.563183,-2.681982,2.495373
10.918887,-5.001960,2.971937
-31.216167,-0.818094,21.610609
-46.269409,-21.811287,61.561825
-21.875156,34.161514,23.129471
-6.345183,28.732512,17.433893
-4.145092,28.462519,18.843357
-4.078942,27.142429,16.557699
-4.057967,29.336538,20.520601
-14.962028,36.587749,26.838718
-17.003998,36.467091,26.389786
30.468163,16.993067,27.401218
28.543299,18.951647,27.202251
-5.525495,8.747477,1.693487
29.659552,7.365405,55.479374
29.245129,6.421786,54.273945
29.570993,4.895415,55.105141
47.467819,8.406212,61.561775
-23.464939,33.107071,22.014357
28.543758,-29.827047,51.823940
29.405928,-29.403046,53.461655
-26.049387,-33.142998,58.637886
-11.829591,-16.828346,12.657015
1.044385,4.201605,0.576577
45.460247,-7.037209,61.561752
47.288940,-9.274741,61.561749
48.355030,-7.251560,61.561749
11.427140,22.109442,57.410538
12.520824,22.600521,59.372860
10.075965,21.067551,58.952877
42.603237,21.666683,48.521481
-48.073048,-15.514641,55.828457
-48.795235,-14.339285,58.082821
-9.405161,43.191555,45.927109
-7.468584,42.466419,44.579185
-29.797010,-2.233190,21.298439
-29.773636,-0.721335,20.197363
-21.271023,26.482853,12.777843
-9.909103,-22.898870,19.461800
5.645037,25.480902,21.842726
3.945418,25.223934,20.134148
-41.198299,-5.365452,34.758968
-39.886021,-5.598680,33.652977
-40.265236,-6.731485,34.811935
45.871250,-1.242136,45.818512
-26.885065,8.792607,12.753500
-27.155424,11.504570,12.378990
1.620640,19.696596,9.182218
3.474310,20.047161,10.682794
-13.064205,-9.270846,6.239940
-17.333138,-24.922342,37.885624
-50.747471,10.787241,38.220428
-52.043732,10.835595,40.974804
-51.852417,12.984703,40.041798
27.567533,30.065683,38.815639
-38.116570,40.124599,46.148632
-36.144783,41.063461,46.716068
-37.053600,40.460770,44.570953
20.339130,-14.113424,61.561768
17.858864,-14.818385,61.561871
8.974936,-30.605133,29.748150
-18.513630,-16.740360,21.809637
-18.440556,-18.225309,23.759684
-20.086763,-16.301086,23.628481
-51.324520,-6.136694,55.219238
-50.726273,-8.282984,56.262878
10.294658,2.730890,2.615297
7.671535,1.583379,1.505396
7.899149,4.201223,2.021529
-45.990837,-11.029638,61.561848
3.267559,13.347266,59.172688
4.246947,13.614266,61.561321
2.907326,11.603656,61.560867
9.983171,36.076225,41.345680
8.049376,36.817158,41.983456
9.671721,37.080032,43.232014
7.856836,37.612648,43.606201
-39.075054,39.376797,44.142319
-40.945683,38.016960,42.911621
-33.666389,-10.344425,31.637568
-40.165188,19.545561,23.973148
-38.798183,19.638754,22.696804
7.419544,9.470624,3.637718
7.773877,12.043658,5.163703
5.629890,11.578679,4.072592
43.332806,22.015055,51.777813
-11.423867,-31.969973,52.135105
-32.556965,-30.834511,58.555252
-52.641853,19.341040,51.059555
43.573063,24.141088,59.973255
-45.007694,24.759663,30.246485
-53.554840,13.355015,50.397911
-53.373787,13.460308,53.294083
-21.982384,15.647195,8.382260
-23.929775,15.054072,9.596609
-23.058788,17.031216,9.258293
-17.491785,42.941971,38.816555
-15.225749,42.087231,37.195454
22.202688,-19.809458,19.712065
24.815638,27.869244,61.561817
23.600925,26.080030,61.561916
26.148039,25.724958,61.561878
-11.939443,39.247868,59.980640
-11.944139,38.632122,61.556129
-48.328564,-16.105097,59.756443
-2.318715,27.217293,18.302017
-26.326759,-22.038902,39.230976
-24.984694,-23.177814,40.286743
22.357096,-32.164387,52.452438
-9.248044,42.607525,42.198601
-11.274373,42.684547,40.538311
4.845959,-27.898315,22.732914
34.611916,17.302177,31.365259
-44.194786,-11.282336,61.561855
-45.156231,-12.828291,61.561832
-10.200997,39.613094,59.853371
-9.876848,38.779263,61.561852
33.713387,-13.028833,27.259205
32.314930,-14.995577,26.569553
-47.240417,-12.469057,61.561852
28.159100,33.115875,45.821770
27.758907,34.019966,47.819092
29.298983,33.072632,47.339397
-26.560877,-19.473324,35.362114
-13.998345,-32.870979,54.804585
-13.546588,-31.804619,52.650494
15.598534,-29.055315,28.702688
-40.568501,13.766768,24.468777
-13.369883,20.603666,25.795938
-14.652927,20.372538,27.554993
-14.007168,19.995466,59.333202
-13.426094,21.355244,61.561081
-13.132744,22.381742,59.381081
-8.206011,34.917912,49.074131
-8.827995,32.432629,49.901581
-8.542147,34.669872,51.079338
-21.045601,44.531910,46.472031
4.356491,-16.404154,7.208333
5.583955,-17.366287,8.367514
33.844521,-20.829006,35.544899
7.096054,17.143597,9.233315
8.270252,15.652055,8.320587
-18.188793,44.603394,46.605728
-19.963406,44.489285,48.747681
-17.832685,44.499878,48.768551
-20.074867,-17.797522,25.615511
-51.183716,22.231167,57.496864
42.378899,0.921432,37.385334
40.728886,-12.634011,61.561756
39.525997,-14.529622,61.561760
41.528694,-14.771945,61.561756
24.433050,-28.154282,34.285126
25.323599,-28.491407,36.187035
-48.982758,12.839586,34.715336
-47.902584,13.917606,32.889088
-47.947865,11.508844,33.591167
-31.843679,-6.204705,26.464113
-52.415981,14.465900,41.559216
-27.355549,14.066285,12.262625
31.887688,-5.401448,22.208141
-28.659204,8.480865,14.496134
-16.980927,41.523575,59.450802
-16.193892,40.690083,61.561855
-41.728149,-18.113058,46.799873
45.420574,-11.814688,59.515316
45.052525,-13.014883,61.561745
-8.262722,39.053596,59.810001
-6.394257,38.533768,59.987453
-6.752730,39.491821,57.940456
49.390293,1.910154,54.813953
-13.754837,-10.682336,8.036179
-11.992612,-11.466075,6.922787
7.552993,-31.254587,31.614656
-37.992523,40.313148,48.107254
-39.617016,39.507378,49.001225
-20.084614,-24.747988,40.025448
-18.672312,-25.057425,39.641251
-45.721722,27.985031,33.068230
-49.657108,-11.535791,54.561497
-47.596882,-14.768806,52.109421
-6.010510,27.534220,15.691420
-46.933365,-7.661325,42.415840
-16.890423,-17.272699,19.963089
-51.445553,-5.836449,52.885265
-50.813313,-7.706285,51.866119
-8.336343,40.472012,56.649563
-6.050965,40.474911,55.157635
41.980595,23.876770,51.885483
5.430657,19.228891,61.561813
7.370917,17.502378,61.561794
32.240314,-22.385904,35.087254
-27.933662,41.265560,60.181099
-49.905201,12.691280,36.220299
-50.912628,14.407775,37.734165
-49.523842,14.737975,35.157257
-32.192966,31.617079,24.592655
33.521477,25.143301,37.234280
31.902582,24.469557,34.834015
-10.102077,-34.824890,57.265072
-9.988555,-33.776562,55.282707
-35.782852,11.982729,20.146286
-33.988922,13.254333,18.252773
-34.004948,11.089991,18.671328
9.987220,40.033310,52.083435
7.808784,39.914036,51.249779
7.516505,40.188301,53.223202
-2.039969,-7.994453,1.314754
-44.361065,31.398474,61.561901
13.160574,-15.945978,61.561852
15.392182,-15.480274,61.561768
13.939928,-13.592539,61.561531
-2.401031,0.842230,0.021490
24.722246,33.709164,43.692467
26.931034,32.940639,43.985481
-16.859558,-18.637949,21.841627
-16.755119,-19.967047,23.839039
1.835157,9.663253,61.561333
1.684407,10.773813,59.227905
21.794973,22.222784,25.466288
2.831015,16.112301,52.965450
3.802965,16.068518,55.493469
2.218673,14.320239,54.613617
11.688249,21.822165,52.375378
11.892388,22.217558,55.066383
9.525882,21.381310,53.713364
25.705088,-6.408432,52.717834
24.163195,-8.692519,52.982738
24.997416,-7.959342,54.626545
12.957005,-23.954069,18.812124
10.907495,-23.859716,17.783192
12.698516,-22.460649,16.677521
-4.065374,-11.786507,52.743580
-3.813056,-10.181048,54.205647
-4.617124,-0.297783,53.802521
-4.242547,-2.002421,55.108852
-5.139107,-1.614607,53.353924
22.774839,-10.298933,53.154449
22.965567,-9.747736,50.903461
21.566393,-11.369177,52.110424
13.252937,-16.798853,51.241158
12.406342,-16.607622,53.620312
14.991942,-15.728897,53.134926
5.732181,-17.349260,53.503780
6.282329,-16.691372,55.379391
7.993839,-17.325708,53.842415
3.939246,-16.622473,54.397182
15.082303,-23.888334,19.795938
16.140192,-24.877581,21.816364
13.672709,-25.130737,20.870840
-24.557560,-13.699766,26.330439
-5.290195,-3.764433,53.646935
-4.389832,-3.865495,55.109726
-1.721682,6.461814,55.328159
-2.904053,4.569727,54.171326
-2.279254,6.832341,53.286144
-1.300964,8.288245,54.157036
-0.782786,8.021593,56.051975
-0.874956,10.150322,52.776745
0.712412,12.148695,54.153542
-0.108985,9.845831,55.383694
1.834712,12.941769,55.917961
1.083336,11.235322,56.659103
2.917878,14.143189,56.741825
9.676183,21.285288,56.149731
7.901322,20.257904,55.391476
-18.196360,-3.517490,59.451302
20.428179,21.639133,56.120056
18.655951,21.682005,54.731720
20.164309,20.356352,53.644657
28.938520,2.641352,53.655499
29.182011,1.221908,55.302029
29.553902,2.741893,55.680111
26.252153,-6.297269,55.386204
23.670258,-9.673800,55.431591
6.397054,-8.603397,19.778231
7.170088,-6.849060,18.499918
5.698096,-7.848394,17.742311
13.453127,-15.826262,55.099087
11.488136,-16.213278,55.640266
10.215942,-17.099150,53.799919
8.953560,-16.426914,56.216759
4.475225,-15.661581,56.822426
-2.944860,2.581756,55.755753
-3.637711,0.246995,55.523548
-4.172924,1.896265,53.389477
-1.886908,4.669815,56.753952
4.546273,17.753363,53.846931
5.428386,17.737907,56.106682
6.080734,19.017624,54.539787
7.259501,20.240805,53.280331
15.873201,22.742455,55.667950
13.798963,22.945040,57.125488
14.052394,22.528990,54.932697
19.747711,22.876097,57.914860
21.792635,22.336151,58.569672
27.652185,-3.739890,55.668480
26.845251,-4.535332,53.436573
21.422184,-11.658754,54.611633
10.635472,-15.721519,57.498280
1.313321,-15.647646,54.100410
0.877313,-14.005324,56.098091
2.752357,-15.361110,55.948318
2.844006,-14.443888,57.555840
-0.728304,-9.780198,58.086449
-0.146395,-12.024951,57.092495
-2.103614,-8.497531,57.138588
-3.449218,-8.331342,55.572510
-3.058695,-1.456818,57.033489
-4.226530,5.792762,17.808132
-3.937489,5.053971,15.575062
-2.323287,6.687940,16.736183
-2.535070,0.878835,57.467102
-1.980172,2.746622,57.859295
-0.928256,6.600010,57.423615
0.223283,8.865217,57.868675
2.166296,12.499707,57.604237
6.754065,19.046770,56.250534
8.141172,19.790466,57.806274
-8.088410,38.453892,33.276512
16.213768,23.333952,57.526764
18.175743,22.652443,56.407600
17.067238,22.161562,54.662262
27.331316,15.934747,56.743164
27.241514,17.277542,58.045742
26.172834,17.252024,56.512024
28.720766,15.078134,58.083447
28.071966,14.071184,56.137028
29.935686,9.418187,56.695072
29.008841,9.765042,54.862610
30.197647,3.975984,57.282497
28.586395,0.326114,53.753975
28.749163,-1.122636,56.072075
25.048773,-8.276903,56.388638
24.306110,-9.415613,58.244015
22.339598,-11.013732,57.371346
19.886595,-12.552191,57.089890
19.044090,-13.328302,54.588593
15.148289,-15.025071,55.684582
15.226751,-14.327905,57.812199
17.274467,-13.896073,56.623463
16.980150,-14.592459,53.963692
13.116526,-15.079461,57.564934
9.254202,-15.648627,58.277355
6.736849,-15.741443,57.941517
4.869912,-14.741598,59.000256
1.404556,-12.945697,57.945969
3.046727,-13.267308,59.457836
28.575617,12.063972,55.422150
29.517776,12.602480,57.543922
-2.110188,-0.673348,58.541985
4.555221,15.805546,57.883118
17.742538,23.790888,59.110435
20.238363,23.590107,59.755089
25.456293,19.129845,57.863800
23.655272,19.926886,56.748837
24.549032,17.985287,55.225765
29.584261,10.977659,56.677330
30.248184,5.983938,56.952724
30.979723,5.578898,59.209545
30.528292,7.996545,57.742115
-1.392127,15.709697,38.759212
-0.155823,16.198080,36.699078
0.503317,17.036604,39.019096
28.471064,-2.925689,57.929302
27.225441,-5.402884,57.763508
25.931711,-7.421093,57.709629
22.595053,-10.815537,59.724312
10.635504,-15.014874,59.556145
6.398353,17.938545,58.065136
-1.172529,-7.309069,58.779976
-2.937032,-6.328512,56.874794
-1.970577,-4.976727,58.466789
-0.791707,-5.710551,59.833496
-3.397155,-3.822968,56.618481
-1.360360,1.336478,59.608509
0.905769,8.788876,60.020138
14.940770,23.568367,59.281479
-5.034180,-7.956776,53.642391
-4.409072,-5.787176,54.992428
29.284565,-0.882612,58.108250
28.194767,-4.303141,59.659931
26.816467,-6.688479,59.711075
25.465563,-8.422763,59.798771
-10.351928,37.837353,60.539215
5.190488,-13.568872,61.561626
-17.454039,40.919956,61.561863
-0.904221,4.711142,59.205379
-11.466667,-1.750258,26.551165
-11.905118,-3.995024,27.119146
-11.509340,-3.731827,25.271513
13.387827,39.845177,61.561832
-25.975033,-28.299450,57.922890
30.008936,0.317827,59.588528
30.596937,2.814855,59.367149
29.709196,1.154192,57.406429
-23.906143,41.155674,61.561859
21.210943,-11.279700,61.559448
23.704002,-8.443826,49.037804
23.718931,-7.903666,47.054691
22.280479,-10.032523,48.238979
-3.199748,-16.302874,44.666096
-4.262022,-15.334104,46.815002
-2.034901,-16.661783,46.886280
31.502729,4.361477,61.561836
30.905272,1.712005,61.560463
19.408228,24.489752,61.560406
-9.715002,-9.127223,41.470119
-8.753935,-11.458559,41.600624
-9.430172,-10.585536,39.543045
16.394917,-12.803734,61.561775
-20.811934,-12.025452,49.975323
-21.710449,-11.008368,48.534595
-21.073799,-12.657421,48.394417
-25.568527,-33.011475,61.561764
11.319790,21.403973,61.559902
46.253654,-11.083808,61.561749
44.143581,-11.620186,61.561752
31.882521,6.924533,61.565170
34.524418,25.882326,39.394794
25.859276,-5.240046,50.131969
26.363892,-4.904843,51.869907
28.289762,1.300495,52.037037
27.899652,-0.567192,51.868145
-7.899743,7.075952,36.216530
-6.636118,9.293165,37.243607
-7.624469,7.221848,38.227650
5.679316,-33.768501,45.915539
4.090292,-33.478676,44.934174
-1.984491,8.521609,51.955601
28.145412,3.721097,51.085835
28.867441,5.206067,53.141376
28.002621,6.432187,51.229359
13.194477,-6.333057,25.823179
14.437336,-3.965605,26.244408
13.096747,-4.303797,24.641140
27.389601,13.297198,54.332832
26.994135,12.347141,52.836391
28.031586,11.532378,54.047310
8.381712,-7.157345,20.501894
8.636671,-5.018976,19.013012
-7.711383,6.105692,40.185493
-8.460521,5.517262,37.800686
-9.224109,-3.182216,44.254498
-9.604920,-5.863016,43.846012
-9.937583,-4.172973,42.073971
-0.610355,-12.809985,26.286703
-2.094146,-13.231798,28.227503
0.364781,-13.479548,28.460194
15.613938,22.182316,53.978088
-47.661083,32.025612,48.505993
-47.818298,31.761776,50.971458
-46.537792,33.593204,50.231499
16.932121,-14.874846,51.817078
16.567556,-15.117580,49.352463
15.412572,-15.812508,50.893494
-2.630751,-15.874784,38.588970
-4.210053,-15.016535,37.023701
-5.069622,-15.041500,39.536335
20.134682,-12.638475,52.849529
27.705084,1.205679,50.114075
-6.035228,1.129517,49.617924
-5.049282,3.423913,49.871220
-4.991202,1.934074,51.427155
-3.180321,-13.314909,52.339855
-0.689884,0.498088,5.995807
-2.495258,-0.358756,6.548527
-1.135874,-1.764737,6.053198
-5.235394,-10.245523,52.322449
-5.100181,-12.329662,50.814404
25.166012,-0.049063,42.779102
24.439034,-2.310477,41.442509
21.008123,26.290323,61.562428
22.176847,23.749893,61.560661
25.864830,14.104492,52.621475
26.345589,15.502701,54.824787
24.164503,16.321081,52.616737
18.522005,-13.587161,48.238338
20.455244,-11.911289,48.242458
19.577688,-12.391404,46.487110
27.837421,-2.217467,53.624683
27.010023,-3.136425,51.335083
13.744769,-2.336080,24.918982
12.397761,-2.822764,23.223120
24.580627,14.886575,51.476952
21.078005,33.236473,40.338272
23.450140,33.163967,41.574379
22.487431,19.842991,55.290497
-5.995253,-8.380407,17.945583
-5.010071,-7.687510,15.432896
-6.434474,-7.145385,16.553953
24.410358,11.045464,46.945999
25.758762,9.405081,48.118801
25.267574,11.767460,49.253674
0.127759,-15.962128,52.288071
2.213418,-16.871460,52.455418
30.318815,13.387734,59.505920
-7.523717,2.267642,44.877865
-8.615039,0.608358,43.338818
-8.011287,2.780099,43.091396
23.736492,10.288228,44.901230
23.022568,9.718946,43.007259
24.174084,8.433910,44.125233
-4.869533,-14.045019,48.806446
-3.670852,-14.147204,50.586746
-0.879387,-14.333512,53.779137
-13.731327,-37.049839,61.561783
23.576990,21.016315,58.251404
13.568390,16.512684,38.589073
15.850489,15.789421,39.652328
14.288961,17.516182,40.855988
4.342605,-9.487062,19.057959
4.786927,-7.157866,15.470350
3.652874,-8.809714,16.994492
-7.752602,-12.679721,34.639999
-8.733142,-11.603375,32.434780
-10.020844,-10.297867,34.651878
19.982256,-8.864065,37.877422
18.984940,-8.158615,35.202850
18.073711,-9.927447,36.234905
22.551064,7.467983,40.397827
21.654791,7.243400,38.789612
22.551029,5.524937,39.233086
21.450029,-32.650780,49.982620
21.532982,-32.695820,47.846298
22.961575,-32.248642,48.755901
12.899515,-14.340674,59.962498
11.662926,-14.261225,61.560738
23.692249,5.862040,41.440926
23.438404,7.855865,42.258884
-1.652766,10.172308,50.730724
0.780264,-1.024795,6.080759
12.383239,19.440527,43.476433
10.148174,19.740494,42.942806
12.280704,18.760124,41.648788
22.314260,39.522579,61.561832
21.499479,41.590496,61.561859
24.506678,6.516110,43.433990
21.117012,-32.162445,54.257534
28.678661,7.543946,53.193619
-0.518886,-16.371943,38.641621
-1.321774,-16.644030,40.551037
1.132069,-16.895082,39.782585
-20.768896,43.747478,41.207748
22.467041,18.393581,53.151356
-6.374144,3.783588,46.314980
-7.065860,4.560839,43.880798
-5.822337,5.993011,45.485588
23.111179,15.639373,50.176052
24.668623,13.831686,50.393314
17.324703,21.320534,52.947681
15.314837,21.529039,52.039860
16.678566,20.729986,51.085629
19.304977,-1.877198,32.520874
18.271685,-0.289149,31.117638
17.839539,-2.255356,30.498617
7.711603,-17.601498,42.873985
5.244417,-17.856657,42.786659
6.856808,-18.265894,45.016087
22.233335,9.297001,41.229572
21.282030,8.994878,39.444515
-8.700355,2.244956,41.569038
-2.011792,-14.962201,51.535114
-11.193963,0.155571,30.297359
-11.686175,-1.722837,32.199249
-11.869179,-2.249321,29.145226
-0.269039,-17.397133,47.093132
-0.759866,-17.325335,44.726616
11.328579,-17.278852,52.199142
11.189558,-17.610817,50.543079
1.126774,14.164126,52.085140
-0.382058,12.117192,51.348850
0.231076,14.396707,49.494102
44.429585,-9.330253,61.561752
21.469656,-11.202735,50.010460
19.916922,-12.711933,50.787819
34.690575,32.677322,61.561970
34.177601,31.384903,61.562111
14.040876,8.683053,30.384731
13.782866,10.500304,31.982494
11.821280,10.658978,30.310406
-43.059566,33.784683,36.033287
-43.164043,32.389023,34.153099
-44.691910,31.758602,35.546734
22.615082,11.342572,43.861012
-8.858555,3.419604,39.700459
-9.784916,1.400642,38.536079
-9.430404,3.337804,37.176441
13.570450,-15.659945,43.112152
16.078203,-14.426316,43.819248
14.800495,-14.550891,41.783924
18.730536,-30.996515,60.151443
17.611637,-30.704941,61.562672
-7.706575,-10.597642,47.673695
-8.157968,-8.597994,47.963467
-6.962516,-9.747975,49.894352
-7.585159,-11.995456,46.109303
-6.572506,-12.228801,48.352039
6.139502,19.725672,43.164890
7.638731,19.562857,41.824654
8.125464,20.017122,43.562420
27.766045,10.077770,52.551064
9.456489,20.404339,45.271667
7.958593,20.579641,46.967247
6.957956,20.196562,45.296673
8.091510,-2.429482,1.562513
9.755962,-0.184231,2.101459
-6.769028,-29.195753,37.855637
-7.148100,-28.734505,35.835594
-3.817884,8.947664,47.038189
-3.748709,7.413111,48.832966
-4.750691,7.167143,46.776810
-8.643804,-9.905912,45.596664
24.859451,9.013736,45.984432
26.080297,6.967726,47.100605
24.488457,2.311943,41.506664
23.721613,4.101682,40.619289
23.308838,2.314414,39.227165
-1.378819,8.113116,61.561802
-2.094926,5.479695,61.561863
0.340345,5.759106,61.561348
1.967802,-17.508333,41.830765
3.402247,-17.841951,42.755272
3.737629,-17.225401,40.517761
20.496868,18.608328,51.053936
18.792620,18.636818,48.957535
21.168388,17.114511,49.484936
22.443655,-9.179752,45.469364
23.678970,-7.178034,44.730988
22.584223,-8.241297,43.234604
27.642681,8.535727,51.379135
-16.950462,-34.424667,58.045956
-18.817446,-33.278961,56.484512
20.155802,2.990763,34.508663
18.338224,3.470692,32.170681
19.594320,0.821341,33.133057
21.138174,10.318031,40.319019
19.876221,10.548092,38.672352
-41.777050,-6.502728,36.097904
-10.469635,-4.530197,39.930748
-10.178230,-6.590455,41.207874
-2.771704,-15.657080,49.019650
4.814768,19.559616,45.094212
5.811670,19.983643,47.093555
3.712413,18.879412,47.263737
1.719248,-17.869167,43.909988
27.238068,5.589994,49.099903
-12.066423,-5.343678,28.931238
-12.080381,-4.202080,31.385864
-11.968311,-6.208426,30.934834
1.082890,0.877085,6.519300
7.158261,18.768372,39.457821
5.595862,19.237074,41.244072
4.983533,18.579393,39.234509
23.420513,13.727833,48.170956
20.304468,11.735721,40.395332
-6.947023,1.500147,47.045307
-5.939607,2.959136,48.155773
31.302334,32.170029,48.097954
15.669085,13.236066,36.431892
13.262811,14.757789,36.097111
13.812212,12.964702,34.552811
2.771520,18.700556,8.605612
4.878713,17.749170,8.637506
20.360655,8.502668,37.726238
19.266390,9.817788,37.253067
-12.586065,23.931158,61.561840
-10.015430,24.376278,61.561893
11.459188,20.008224,44.546516
13.164229,19.877968,45.466511
0.794712,-12.106599,61.561703
-6.371205,6.614432,43.539574
-5.833624,8.726649,42.452579
-5.124207,8.153205,44.903217
13.701763,22.127464,53.331818
-6.969343,-13.403500,44.597633
-5.357929,-14.938591,44.615738
-6.868611,-13.836586,42.322979
-4.102932,-0.359360,8.401572
-2.146750,1.939033,7.767995
-5.672637,4.185268,17.414507
39.077511,16.876900,36.297756
39.208355,14.663637,35.173496
-6.813698,7.230322,41.597679
21.093021,-10.901673,46.274899
21.132277,-10.255232,43.942410
19.683926,-11.864043,44.624344
25.552656,2.286484,43.923580
24.608780,4.373813,42.492531
13.219845,-16.636484,46.082642
11.310559,-16.957651,44.032921
-6.641554,31.675838,22.366108
25.646040,4.807529,44.980808
26.488192,2.645172,46.405682
26.607553,4.574759,47.188873
0.708818,16.973886,44.908691
1.771631,17.413504,46.947010
0.338176,15.840628,47.076504
-39.733719,-28.811302,61.560745
-39.205109,-26.798477,61.561954
-7.865129,-14.127640,61.561798
26.913895,0.457061,47.781914
27.088844,-1.397420,49.457077
-3.013407,6.962830,51.157188
-2.599794,8.508986,50.387779
14.599406,-13.979219,59.471527
-7.945918,4.194703,41.851158
-7.220968,5.710932,42.271297
-4.031681,10.157062,45.206097
6.314375,17.828438,37.233803
4.070654,17.913601,37.669765
21.452513,11.482504,41.956821
19.675209,13.598957,41.568920
7.662333,18.591366,59.719902
-11.085991,-4.734201,37.308769
-10.650357,-2.552589,38.477509
11.288157,20.467741,46.120750
9.939925,20.942982,47.998486
11.203561,-1.442108,21.191931
11.063952,-3.642590,21.697445
-11.289041,-1.472828,2.123851
-6.122167,-13.751368,46.577065
9.338070,-17.854048,51.511902
-5.013408,5.297637,48.054184
13.377812,21.638599,51.475067
-10.041392,-13.654004,61.561802
14.860812,-12.960423,37.655636
12.924725,-14.274544,38.442810
14.936793,-13.782571,39.873611
8.293487,20.919601,51.474636
19.697695,-11.174696,42.329075
18.355946,19.993139,51.138302
17.032141,20.016848,49.805546
4.076997,18.146685,51.529842
5.539543,19.073231,52.820904
14.673883,20.782965,49.523777
-15.208109,41.910213,57.740582
25.235079,24.191574,29.627213
17.986956,17.812756,46.130932
20.099510,16.872852,47.479404
26.277420,12.056245,51.326073
17.576488,5.800748,32.333569
18.912886,5.759456,34.049007
17.439665,7.331076,33.165833
-6.814779,-6.010461,51.166878
-7.522213,-4.912137,49.665459
-6.491809,-4.438469,51.616379
-5.776472,-5.932225,52.926670
-8.411567,-32.005703,60.197426
18.042168,-12.775180,42.973854
18.152422,-11.959715,40.800255
44.526997,10.432252,61.561775
46.577209,9.845658,61.561775
46.484318,11.736176,61.561771
5.123605,-18.294847,49.889660
7.602736,-18.400265,49.360905
5.886481,-18.549431,47.477867
-8.381504,-19.203472,61.561790
-20.700459,-36.077282,61.561790
-13.939384,32.257923,29.460167
-12.294056,31.674530,28.382624
-11.286671,32.132336,30.273785
33.893723,-24.845612,61.561752
35.574306,-25.527834,61.561749
34.893681,-23.578156,61.561749
12.192650,-17.373167,48.657253
14.528661,-16.307632,48.917530
5.082490,19.483006,49.175110
2.981157,17.937216,48.965790
22.914812,4.004677,39.131237
23.517990,-30.617130,39.289982
21.702446,-31.210129,38.661278
23.359831,-29.907694,37.063648
-2.664600,9.723184,48.832317
-1.549810,11.827426,48.910896
14.175271,29.399508,61.561817
16.117489,27.689592,61.561878
16.539921,30.025227,61.561817
-3.266387,-16.026888,40.636749
-1.000633,15.231871,44.730770
-1.320884,13.617528,46.967533
26.076435,-0.014753,45.306679
18.190868,-13.337174,45.498566
19.562229,16.201723,45.406242
18.748655,12.617929,39.150478
-1.615496,35.525036,61.561893
0.986610,36.261898,61.561729
-0.773112,37.839802,61.557648
-10.941721,0.708575,32.452557
-8.400341,-2.304596,46.278671
-7.229980,-0.589902,48.116253
-7.497802,-2.685749,48.870823
-8.266600,-4.241647,47.699898
0.778154,-17.519241,48.718082
1.420568,-17.964573,46.340885
-4.518572,16.423100,4.786408
-2.246575,16.884579,5.381975
26.921181,7.770154,49.404797
-8.788649,-1.289324,44.376549
-1.024212,-16.864155,48.304855
11.983171,13.996681,34.311428
12.359924,12.264297,32.644161
-13.308931,-12.154819,61.561810
-11.352437,-11.549724,61.561802
-25.285406,41.118595,35.659378
-23.272505,41.126957,35.167839
-7.390143,0.547290,15.972138
-6.267331,1.868059,14.667647
-6.791084,2.263740,16.626043
17.479538,34.440948,41.016605
-6.212973,-28.822847,33.796272
-4.989930,-29.439119,34.797813
-1.946244,-24.807188,61.561790
-3.407084,-22.792528,61.561790
-4.215752,-25.076262,61.561863
14.926759,-31.494370,59.487827
15.710234,-30.836445,61.552979
-3.610451,-30.848656,40.570705
1.278449,16.242350,48.705498
2.034849,16.261242,50.631645
15.991679,-15.200373,46.832611
50.641895,11.080306,59.523849
10.664940,0.499840,20.162012
9.670848,1.395814,18.655870
9.735207,-0.926879,18.844707
16.436642,16.793108,41.909676
9.473304,21.181511,50.038101
7.319273,20.560753,49.222183
-50.313560,18.866911,36.554142
27.287617,3.138022,48.653160
15.209124,14.908674,37.875626
10.940268,-17.649487,46.513973
-37.520733,38.132168,61.561970
-36.821148,40.120262,61.561886
8.280128,-18.356197,46.989819
6.813541,-17.983677,51.706211
19.876638,6.835610,35.959560
20.577938,4.787949,35.840271
21.204330,6.127169,37.437668
-7.559236,-7.158416,49.683846
15.556476,19.005640,45.622578
16.472445,19.521267,48.022224
-49.827915,25.889332,59.345707
-50.031261,24.695610,61.561874
-4.696908,10.312288,43.376030
-9.481814,-1.460500,42.230675
-10.118214,-2.620386,40.631477
-1.844699,-5.760781,61.561798
-52.168076,3.863762,44.141815
40.222034,-16.728598,61.561752
2.202760,-9.249497,1.947069
18.750376,9.000932,35.965828
6.173881,19.869839,51.267097
22.368593,21.030033,56.978374
-50.911201,-4.179733,61.561844
-8.360484,-6.227808,47.908062
-9.056776,-7.107394,45.861618
-8.912986,-4.695576,46.010899
19.674109,-6.041188,34.379795
17.892117,-7.539586,32.920647
-52.768757,10.611937,59.475830
11.947405,21.352032,49.985916
10.194437,21.477005,51.542736
26.418407,-3.459649,49.192898
-32.246960,-23.079433,45.069359
-34.374470,-22.119755,45.258541
-6.529619,-1.323709,50.299339
-5.486647,-0.213612,51.918011
-33.609810,40.801384,59.995991
-30.612219,42.882095,48.526402
-30.583525,42.726536,50.713367
-28.536306,43.293072,49.627483
-1.017395,7.897501,17.921890
-2.868660,7.301482,18.901007
36.408840,-5.981267,61.561764
37.167717,-4.267576,61.561768
-10.006104,-0.661150,39.720619
-9.226542,0.597186,41.419228
9.658908,-17.141365,42.849178
9.243349,-17.798126,44.740364
50.197811,13.368315,59.978481
-0.609480,-16.471394,50.250946
25.108194,7.133505,45.092987
18.191963,-14.052168,50.687519
-50.459202,-7.990686,59.510113
-35.759884,40.450874,59.834202
-34.699707,40.514320,61.561779
3.432791,-18.312389,47.980537
2.734394,-17.773199,50.283924
25.002882,-31.423605,47.899170
23.001387,-32.173584,46.621502
-49.036732,-14.264165,61.561527
-45.613537,29.050259,61.562126
-48.500542,28.979555,61.561874
-6.832025,8.932284,34.726444
-5.747027,10.350410,33.765980
-5.686761,10.759497,35.740986
26.682220,9.859594,50.285606
18.629486,7.471910,34.731567
12.749780,-0.692551,23.329668
-7.937167,0.120020,45.691795
0.175184,16.852570,43.083374
17.171942,10.089307,34.996914
17.588715,8.608537,34.278599
23.862623,-5.012523,41.772205
24.549191,-5.031162,43.960564
24.626522,-3.834294,42.867691
23.374088,-3.806827,39.669670
-29.039228,28.715412,19.479965
18.711981,-13.685778,52.407761
-27.171833,30.194216,19.922272
1.013957,-17.006773,50.867744
4.021642,-18.292103,44.980721
22.311708,17.225655,51.261864
5.482765,39.823811,59.693687
4.145928,39.163151,61.561451
6.521512,39.961620,61.561760
-6.320425,-7.839373,51.772591
-3.079269,-7.177919,61.561798
-2.628887,-9.159927,61.561798
-0.972191,-7.416465,61.561806
-24.473259,-11.353350,23.880430
-23.103693,-13.145939,24.077164
-13.711992,-16.494846,14.401818
-15.570938,-14.501245,14.466831
-3.011557,-19.205654,61.561790
-2.101936,-20.834995,61.561787
-0.855168,-18.423033,61.561787
-2.735720,11.483855,46.603638
2.121669,-0.479483,7.050776
-48.661823,16.451113,61.561913
-7.092735,-24.704721,20.181435
3.820750,-26.848434,20.656185
-4.293094,-18.695471,61.561790
-2.884719,-17.635498,61.561794
-34.737232,26.179575,21.686251
-26.606970,13.526351,16.860113
-26.013897,11.165049,16.883251
-24.821066,12.098769,15.394381
-4.889005,24.786263,12.274975
-24.740362,14.267505,14.829065
14.307982,23.274679,22.730146
-0.195250,1.667496,6.730741
-24.712494,9.606791,15.962365
-26.349703,9.575705,17.652731
32.941208,33.584068,59.136883
33.071163,34.015625,61.561790
-34.670662,24.000130,20.393871
-33.049328,23.492733,18.779522
-34.386986,22.006245,19.330231
-17.878851,35.245335,24.272577
-19.303099,34.011665,22.316689
21.742006,-18.182802,17.729425
23.511303,-16.275652,17.631063
23.765831,-17.977024,19.296171
-27.249453,43.344570,43.266811
32.122669,-2.902631,22.338984
30.112999,-2.206757,19.867842
30.951635,-0.350103,21.007969
2.053482,-33.885773,61.561764
3.860193,-33.282982,61.561768
-39.369495,11.766910,23.661852
24.184452,16.008886,21.418125
-38.935177,14.485463,22.755491
2.485356,7.905153,16.533186
4.440361,6.851368,15.717327
3.956778,7.986614,17.130743
-20.154219,-14.671161,21.769218
-21.395847,-14.628938,23.489803
-21.594452,-12.856721,21.826311
-29.087881,-4.982242,22.815491
-0.182212,-30.595232,32.760368
-33.654335,-32.089397,61.561802
7.773930,15.550458,33.836941
6.426609,16.782778,35.289215
5.214085,15.968395,33.592129
-37.425877,21.712902,21.906797
-39.151203,21.159105,23.324251
14.488914,20.045336,47.244495
-8.839403,32.764271,22.594963
-8.115536,6.611158,33.106640
-6.610204,8.869939,32.530518
-46.771084,5.185780,57.139523
-18.312479,-19.531864,25.652641
-18.912849,43.165264,55.109692
-17.131317,42.514778,56.816605
-16.750153,-21.163733,26.155771
-32.973732,-4.661663,26.240139
-32.959320,1.235220,27.512537
-34.661057,1.137313,29.225483
-33.163345,-0.277865,28.714573
-10.010956,-28.428398,40.754368
-8.713938,-29.051399,41.345062
31.788914,-2.616831,61.561790
24.575731,39.341801,59.486099
11.522171,-26.585165,22.196060
9.714938,-27.618443,23.298365
36.310856,-18.411478,61.561752
47.654823,6.588959,49.215126
48.167233,7.902870,50.834190
48.456341,5.494123,51.361271
-37.974827,3.313854,25.648827
-6.996608,-25.562794,21.863041
11.501625,24.519629,23.289013
-36.079586,17.130432,19.977020
-35.687714,18.795778,19.730289
-5.955370,-4.131157,0.753551
-4.591452,-5.682630,0.854236
28.522280,-29.761637,61.561150
-36.587643,27.559181,24.072733
-18.221920,-20.477617,27.244976
-37.991554,25.765907,24.095230
-37.671806,28.270952,25.395483
-22.226734,-15.542055,25.639196
8.777887,19.798962,59.504547
46.177471,21.428144,61.561787
-0.323545,-0.502918,61.560852
-46.983776,13.122867,61.561687
-47.719971,21.083063,61.562473
-25.224319,20.329065,15.845602
-23.248148,21.182438,14.554086
-23.909437,22.716846,16.200336
23.597717,18.274687,22.872572
-27.001383,18.280682,16.851482
-25.415653,17.885050,15.357652
30.892462,3.608909,21.646873
-45.703655,34.350426,59.222530
-41.473888,-27.354395,61.559929
-37.718307,-2.441565,29.217026
-32.765663,40.711266,61.560680
-28.243992,16.015495,17.907681
-26.084064,16.043135,15.953429
-4.231986,35.782173,61.561935
-0.369097,27.080032,19.955425
-23.546412,12.591292,13.871178
33.661957,-1.210563,24.305120
28.855742,35.461044,54.981983
29.295742,35.843796,57.512321
30.494377,34.705547,56.173752
37.365959,-20.753798,45.846344
34.959003,0.066444,26.043781
34.679558,-1.850150,25.604885
-37.687317,-30.039108,61.561882
-42.039669,-1.719074,33.196682
20.468351,21.107044,23.447226
22.680450,20.215828,24.019640
21.523441,19.350714,22.365562
34.534851,-5.131533,25.635153
33.913834,-3.345880,24.635876
35.243870,-3.561214,26.423620
32.796352,6.702825,24.717081
-39.662872,26.655985,26.002989
-14.798141,-14.042123,60.242546
-14.378647,-13.764279,61.561802
-18.713850,-20.899282,28.910519
46.472748,-9.999973,59.591644
0.090916,7.042739,59.788673
16.374134,-13.536530,59.113754
15.431402,25.662703,61.561672
18.245796,26.565542,61.562054
12.171262,38.659931,48.012333
10.698419,38.981220,48.377216
-52.266624,6.373103,43.116531
25.894049,-8.243225,61.560825
27.731630,-5.862910,61.558681
-30.381512,34.648174,27.203909
-32.584217,33.193741,26.587555
-21.469334,41.661568,35.979965
-19.798374,41.218456,34.945312
-21.829487,40.581463,33.889469
36.261021,0.729959,27.792580
31.103064,14.282196,61.560856
-10.032115,23.473850,14.839235
-10.060683,24.834791,16.944689
-11.966681,25.138092,15.245654
10.519148,-33.248936,38.887283
30.147984,14.956780,25.846786
28.615568,16.798185,25.714809
-47.123314,15.959373,57.009533
-47.057587,14.388545,59.273678
-34.507988,9.501874,19.568213
-16.164057,25.465773,14.612687
-27.034981,-30.388578,54.250603
28.794022,6.914165,20.389553
-24.074694,18.887815,14.295591
-32.066700,38.138264,61.560295
23.398592,23.247213,27.522474
24.209297,21.152668,25.956573
-33.751507,15.604034,17.821115
-35.515778,15.179474,19.468882
-4.085992,-0.239370,0.113211
-4.844149,-1.969377,0.272105
-15.556731,30.546360,16.534115
-9.282412,-26.607592,28.510239
38.683556,-21.557962,59.575405
-23.636019,10.892884,14.421545
-15.302870,43.001965,39.383919
-47.828407,-5.482699,42.024380
-5.430433,-12.509712,4.349929
11.377575,28.237572,29.078371
-19.439747,40.070045,32.754448
-16.862997,40.243454,33.176102
4.406797,-30.949095,61.561768
13.689971,23.061863,61.560162
27.515877,20.914669,28.019545
0.930509,-14.475860,61.561832
-48.835217,30.127466,47.476372
-48.641403,30.438425,49.693062
10.052395,27.756422,27.879860
-33.989494,19.974001,18.413437
-32.948109,21.745802,17.986807
12.925519,28.849506,30.486156
20.638088,-2.497699,34.505650
19.740198,-4.039138,33.520607
20.977140,-4.426141,35.547279
-51.539410,-4.434726,56.516327
0.982204,-20.017015,10.828459
1.624123,-21.579313,12.752048
5.467794,29.396076,28.551491
21.910164,-1.740633,10.562927
22.379633,0.024248,11.153526
27.372822,22.388344,29.240816
-51.853912,20.008907,41.059296
-53.673000,10.864672,49.998520
-11.198215,16.218451,15.870248
-10.711354,15.993282,13.203846
-12.121290,14.431717,14.089602
16.506372,24.292517,61.556194
-35.983009,2.936002,23.822239
-9.522208,17.993567,14.393471
-9.906823,18.076080,11.961675
13.505718,41.640415,59.523209
18.546066,-28.127066,61.561939
9.078138,23.911499,61.561855
7.999450,26.542086,61.561821
-20.295208,-21.504833,32.537746
-9.536012,18.600353,16.837549
-8.723774,20.688837,15.292150
-51.451237,-2.196064,46.438053
50.818222,4.240895,58.291782
-31.086981,0.883163,20.375395
-14.307696,18.694288,61.561764
-52.326916,8.932876,42.302914
42.882763,-12.286594,47.709335
43.508694,-10.286964,46.630081
-50.000729,27.630383,44.589695
-48.916634,29.794455,45.025314
0.988706,7.750345,61.554840
-11.994892,23.570396,12.874315
20.961117,30.647573,61.561821
21.830746,33.177406,61.561821
19.466444,33.207409,61.561813
6.436004,-30.657515,29.737160
-14.470914,24.754372,13.492661
-14.653101,26.379107,16.172451
16.328596,-30.692656,32.726368
16.615459,-29.767744,30.791189
16.522930,-12.553309,39.229618
16.457335,-11.682036,37.048115
-37.354717,-0.783131,33.302551
-35.512245,-1.868155,32.071182
-36.106842,0.672139,31.009991
-19.685677,-22.508802,34.065788
23.705236,14.516946,19.801565
22.874653,12.424841,45.579807
21.372356,13.071365,43.671215
-47.530533,15.869493,32.061440
-2.601288,36.591942,34.305298
-42.267517,36.035202,39.306255
-43.986595,34.962296,40.487026
-42.394966,36.655613,41.590088
-38.097626,-23.759375,51.274963
-37.241829,-23.050734,49.260574
7.962699,14.446349,32.366135
9.951379,14.031639,33.005558
-21.943592,23.402744,15.225811
-38.543167,36.474117,34.886314
41.766865,-15.614676,51.068119
40.835098,-16.706018,49.549244
41.995476,-14.546097,48.993759
-2.964812,-9.422212,17.094732
-2.270917,-10.158012,18.596910
-0.404988,-10.015415,17.768671
-39.632511,-22.353346,50.666607
-12.246614,18.741663,61.561810
5.283907,32.265541,32.976887
23.700480,-10.030214,61.560028
15.243935,8.309401,7.316602
-24.430569,16.545525,14.314838
-49.305855,26.819742,61.561745
-48.976250,28.150328,59.575691
-2.527864,-30.192770,34.181850
-0.346731,-30.908806,34.689175
11.747455,36.435497,42.727680
13.746427,36.782234,44.197449
24.494328,12.216749,18.858362
22.803947,-28.496910,33.123493
-23.188059,14.761594,13.097167
41.293404,1.337911,35.384613
37.394184,-13.813749,33.970940
-18.555468,43.659473,40.763718
-16.485720,43.657230,41.023266
-1.981517,-35.021164,60.082874
-1.757792,-35.181488,61.561779
-43.394417,-12.904183,61.561745
-22.387356,11.032219,13.064713
-22.605431,8.906528,14.089959
-26.733559,40.231594,34.349609
39.264496,28.301638,59.008389
-31.411777,3.275947,24.803572
-29.847586,1.491760,24.448315
-29.880077,2.993608,23.533409
-18.377996,39.618053,61.561863
-45.660622,26.157124,51.006847
-45.088741,27.514011,48.732582
-44.831676,28.371656,50.898060
-23.754389,6.684642,15.995703
-21.754852,6.735353,14.602282
47.268719,-4.660982,52.947781
24.608320,-7.602615,50.837471
-47.421635,6.500975,34.854858
-21.652065,4.994522,15.876075
-19.685816,6.150271,15.248933
41.895473,2.865620,36.401646
-1.819572,31.640244,61.561840
-1.185738,33.168987,61.561867
-3.421897,33.598759,61.561890
1.629680,34.428127,34.087215
48.421368,14.763701,61.561775
38.614285,-11.605517,34.650417
-40.851414,35.401745,35.660385
44.975765,23.027155,61.561783
3.765160,-3.177320,9.694328
3.050840,-4.942499,10.181562
4.695204,-3.805146,11.505098
34.502907,32.517639,60.022331
-33.078701,-12.292668,32.827164
-12.904780,-26.292351,36.078636
-14.643164,-25.680717,36.743484
-14.064216,-25.317039,34.082233
-9.521145,-8.149671,43.607059
-9.073518,-10.119192,43.385471
34.160995,20.830059,33.481281
-12.164264,29.452417,15.514466
-11.664628,14.619228,12.181106
23.814573,29.850208,35.981346
30.054094,5.201467,21.159660
-13.801947,-26.898537,40.264732
-13.002043,-26.705080,38.198765
-52.169731,17.293579,58.949017
-43.981911,-3.242092,36.186829
-8.941574,0.725894,61.561813
-10.015150,-1.061444,61.561817
-7.907351,-0.608899,61.561813
-35.147625,-20.597570,43.690739
-32.947472,-21.593853,43.344284
4.126229,36.522747,39.314156
-9.343723,19.662003,13.018062
-34.509052,-14.407297,35.981827
-36.063492,-13.001807,35.990559
-39.947788,-10.658605,37.426201
35.466129,-19.610876,37.054600
1.623208,-31.273481,34.169941
0.989322,-31.513433,36.217598
-40.088203,-8.389187,35.837627
-16.503834,-24.439404,35.189014
-48.655579,27.067520,37.473549
-12.019085,-27.587965,40.445499
-32.175510,-17.295797,37.098286
-20.304071,-9.012293,16.045689
-20.384901,-7.486697,14.744460
-8.711584,-35.789566,58.989117
-14.182776,23.286697,11.604949
0.299048,-33.598854,51.100471
-13.049322,42.393509,38.679352
23.823393,29.850229,61.561813
9.980354,35.078354,39.527489
-23.591331,31.062326,19.107857
-22.604689,32.194794,20.304485
-51.464149,9.039320,40.231861
-50.474926,7.767332,38.802036
9.869940,34.109512,37.842361
43.022820,-3.580006,39.762039
2.099746,36.698978,38.266994
-46.984890,32.340900,59.544041
24.737900,-30.581865,41.355053
25.612307,-29.330185,38.813824
26.653410,-29.365442,40.912193
-3.523757,-35.796295,61.561687
-51.214615,17.120178,38.344673
-21.129763,22.166340,13.456844
-29.450977,42.817566,43.019630
-28.024321,42.741970,41.175869
-30.435141,42.035355,40.662388
40.184998,17.305294,38.231209
-21.306095,-24.933504,41.337208
43.200253,-5.253149,40.967720
-21.953859,19.545555,12.561670
21.459309,34.040878,42.128498
-49.183491,27.692217,39.951595
-5.573763,-29.949316,39.555244
15.574669,33.977974,61.561825
17.478004,34.173920,61.561821
16.668514,36.279667,61.561821
18.625378,16.043823,16.711634
17.233919,17.361605,16.967909
19.138660,17.427782,18.558941
-48.918419,3.735060,38.188484
-50.230995,5.335489,39.447380
-51.312183,4.668469,41.732475
-51.362350,6.852985,40.855278
-41.908936,38.046436,59.482693
-26.735785,-20.566673,37.152763
38.512722,-17.113995,40.935513
31.409748,-24.641878,37.962543
-42.085739,-8.737728,37.972206
-0.901904,15.141439,34.489616
-2.297696,14.683894,36.583107
37.704952,26.846663,46.766533
-49.020111,6.007126,37.257633
-47.732544,4.153296,36.379593
26.936365,-28.104771,37.718410
-23.194893,-4.802928,16.330978
17.122025,32.306019,61.561821
-39.541779,4.111786,32.837761
-37.709122,2.852972,31.408051
-38.624950,5.298283,31.075689
18.224201,35.609901,43.673553
19.771982,34.212086,41.578983
43.622673,1.209578,39.808739
22.699663,34.333588,43.540295
-51.535229,22.109842,41.593735
-15.595249,-0.915076,61.561821
0.518834,37.717152,38.993801
13.876816,-20.968573,15.404398
15.991376,-20.222334,15.721951
2.396710,-32.071289,37.583454
3.872617,-32.666981,39.274479
1.829669,-32.305634,39.687019
-17.725439,-8.345965,58.529366
-17.411205,-10.719112,57.782341
0.296971,-31.696589,38.356026
-48.128510,29.888781,40.595390
-48.271942,30.381107,42.728680
-47.066059,31.778563,41.427258
-15.156872,10.931202,14.435359
-16.016977,10.178181,12.668717
-16.643515,9.239378,14.366785
-3.188863,25.875942,15.125832
-6.271816,-32.592266,50.889961
-31.535831,42.238567,42.888443
-28.263138,-21.234806,39.330845
15.768179,35.610802,42.601257
41.731285,-8.776147,39.629509
-12.822673,13.271350,12.404002
-0.758956,26.247360,17.984777
-46.669395,33.096947,57.048962
-47.653893,31.281645,57.883263
23.130342,-31.603603,42.463200
22.387260,-31.517052,40.718353
41.019760,27.151804,61.561176
17.935959,-21.638887,18.585680
16.723251,-21.137047,17.209806
18.279625,-19.861162,16.787224
23.618519,34.771984,45.259418
-26.047693,0.588766,15.705474
-24.939137,-1.177442,15.678844
-6.065064,-2.443661,51.868214
45.244808,4.805953,43.087463
-31.210892,-2.405279,22.763298
-45.947140,-6.819005,40.616180
3.325345,5.223788,1.114338
2.970584,3.366434,0.664294
20.633205,34.930851,43.518364
-6.889234,41.751167,41.976517
-34.640301,-18.482225,40.502941
-32.701485,-19.463312,40.193405
-33.892036,-19.986952,41.832897
-10.089729,21.797621,12.819032
21.236145,-9.420096,41.874989
16.622593,-33.057926,40.190189
-12.176772,21.721283,10.820361
-47.438435,31.303808,61.561874
43.855034,-1.558015,40.932484
33.166893,-23.285236,38.871742
34.451382,-22.228374,39.779179
33.661369,-23.761068,41.481422
21.313438,11.446352,15.088452
22.833019,9.591132,15.362334
-7.263433,-27.735130,29.663389
-23.164831,-24.304087,41.232605
16.257156,36.502625,44.649906
-16.813007,15.289577,22.485863
-18.133411,14.103117,23.406633
-17.608978,15.866880,24.506054
-18.950504,22.673929,12.292578
-20.280239,20.899176,11.867064
-2.080233,-33.705231,52.718266
23.567036,35.534042,47.118542
25.970642,34.164555,45.996761
-40.783573,37.471722,40.301468
-19.109091,-34.851154,61.561783
3.142785,-32.801369,40.983761
5.180930,-33.176224,41.052818
-19.483492,-34.326229,58.320057
38.235832,-14.390425,36.351334
-29.112984,32.307369,32.054878
-30.569305,33.062866,33.995888
-31.596180,31.699612,32.009941
21.949106,35.321194,45.256721
3.036951,-22.979630,14.644333
5.280036,-22.735018,14.600491
4.540146,-24.256582,16.590893
-22.751753,-25.270914,42.943344
-24.866014,-24.465666,42.619141
-26.458612,-24.609886,43.788639
-26.260130,-23.707066,42.088070
-32.254562,16.400957,16.473551
-0.506242,-21.986225,13.392114
-22.852753,17.242100,12.777878
-10.296802,23.964931,9.541416
-44.079617,35.485054,42.578129
-44.641109,35.279156,44.416084
-42.843609,36.877907,44.201023
-6.267421,41.708912,51.366711
14.456111,-33.132771,39.243305
15.401353,-33.424606,41.147987
13.740289,-33.653324,41.549198
43.287170,15.429187,42.591320
44.352650,15.279721,44.898685
16.890890,-33.425629,42.384544
-50.342110,-6.746408,47.925011
-50.812599,-4.898765,47.222775
-30.091593,-23.894636,44.857891
-30.819799,-22.550093,43.215981
-5.547452,41.903896,48.916340
-3.625589,41.395847,47.659527
-5.469156,41.944218,46.275761
-48.293674,-9.202146,45.845417
-49.126518,-10.822907,49.928696
-47.985073,-11.976906,48.590752
42.949516,-9.985194,44.260777
42.358761,-9.617141,42.020008
25.245970,-16.411026,19.388409
26.407764,-30.082836,61.561749
-50.983452,24.532352,53.343410
-50.814156,25.312672,52.247856
-22.129404,13.222396,12.196695
40.774796,-13.157078,41.533665
41.228775,-13.434168,43.451622
39.978355,-15.479749,42.701321
-50.020168,-8.660869,49.587688
-1.758681,-11.459637,61.561802
-4.252154,-10.834620,61.561798
-5.244716,-30.445147,41.597454
-34.386089,41.716770,46.365837
-34.927616,41.362206,44.597672
-19.538870,-21.200359,30.825876
12.923287,37.941261,46.483459
-7.897684,42.431187,50.275692
-2.867855,41.021004,45.358704
-1.788697,40.903641,47.787853
31.706861,-26.399565,43.852070
30.010122,-27.916830,44.282631
-4.063437,-22.910519,15.561395
-6.667985,-10.679065,3.460729
-20.137602,7.674161,13.474113
-5.823659,-31.138624,45.585911
-7.816525,-30.222067,44.732986
-5.720850,-30.683435,43.562363
19.649872,12.659003,14.432854
1.928438,39.880547,46.781731
-18.115467,7.691223,14.602358
18.479580,-31.568920,58.144058
4.211784,38.978863,45.137226
-18.227253,9.119362,12.275757
-41.192036,1.554863,36.404400
-40.653709,0.000931,36.661163
-40.099945,1.121515,35.300941
-29.261480,14.998074,13.837031
24.028227,-31.847542,50.394459
26.529339,-30.822031,50.503448
50.446308,14.244658,61.561771
-41.922108,-13.382207,41.609337
3.554133,-33.571632,46.712566
29.501270,33.581757,49.320042
5.531863,40.141140,53.995445
5.619211,40.040279,51.618618
3.349177,40.054054,53.517220
-24.258080,-15.461329,27.914236
-14.389874,11.665367,12.656500
-43.998238,36.361748,59.177341
26.582750,-29.911276,42.817760
24.808298,-31.072643,43.784954
11.176491,-25.318743,20.023907
-17.959330,-5.758750,59.264538
-43.929619,36.186382,46.256683
-41.592777,38.271534,49.212391
-14.164843,-32.388828,59.882015
-13.665684,12.698163,14.337955
15.439570,37.527351,46.576157
-18.540022,44.310291,50.292496
10.316761,-32.025074,59.725460
-40.136017,39.245831,51.202637
-26.303375,42.519985,55.725548
-25.779268,43.127407,53.510906
-27.661346,42.793518,53.778877
-24.179338,43.044537,54.610111
-16.882370,39.054111,30.973658
43.679867,24.411848,61.561783
-18.456434,-15.345273,19.981459
24.016142,-0.006332,40.178986
23.106665,0.202030,38.459908
23.432114,-1.613019,39.090199
-4.640359,-32.045872,47.709896
-19.185936,-10.677919,15.947783
-20.853209,-9.900738,17.727215
-43.585316,36.660881,48.363453
-2.280979,14.723057,61.561821
-0.767621,15.914065,61.561821
-2.076408,17.633041,61.561821
-32.103317,42.429962,49.725067
17.125208,-33.647873,47.884300
18.208307,-33.489384,45.982353
19.471561,-33.213123,48.053658
-35.615414,-22.786079,47.337749
49.122471,4.327484,53.398380
48.732986,1.886369,52.848206
48.328182,3.001554,51.305378
-14.523993,-7.538033,61.561810
47.609848,1.751418,49.553314
47.051003,0.939833,48.211239
47.076221,2.834127,47.800934
4.491116,-17.638523,52.112957
-9.313537,42.634724,51.228649
-1.993486,-34.621727,57.636646
-10.238943,20.182407,11.486026
9.103312,-32.521725,58.312382
9.142994,-32.938591,56.375237
32.798927,31.809277,50.225967
33.167870,31.014866,48.290909
24.651424,-31.401548,45.662342
22.818680,-32.048656,44.420696
-45.002598,35.363754,49.768600
-44.880005,35.402275,47.725346
42.274460,22.841122,50.053871
45.012371,-6.509145,47.093086
-26.461885,43.716034,49.442917
-27.370115,43.650169,47.423740
19.009001,37.733418,49.059727
16.799936,37.944042,48.257641
33.449955,-25.208708,45.657513
35.317852,-23.590998,47.200836
33.860176,-25.326883,48.109306
-3.168178,24.895388,13.530782
-3.284486,23.784563,11.821040
-46.409412,-18.937267,57.181549
-30.814121,15.857635,15.185928
-42.800781,-20.371571,61.561924
-6.732350,41.345306,53.196781
39.728577,-17.851284,47.504677
39.421989,-18.976606,50.012260
46.382446,14.759578,49.817245
28.454521,35.162647,52.935226
29.825510,33.970776,51.399742
-1.668511,29.371536,61.561840
44.390507,2.355348,41.289139
44.663025,0.515209,42.232590
-23.365009,44.281937,46.054363
-25.105780,44.036110,48.031242
-22.389418,44.311714,48.896679
18.743233,39.541550,61.561832
17.323927,38.371380,61.561832
32.575447,-26.423027,47.497513
37.207535,8.599545,61.561775
39.449100,8.015585,61.561783
38.194344,10.855586,61.561787
36.507538,-8.183101,61.561760
34.752316,-7.734571,61.561764
46.467548,1.197537,46.560951
-6.080783,12.685943,61.561825
-5.184906,10.590157,61.561817
-3.436883,11.843479,61.561825
29.554533,-28.883663,47.957851
28.648783,-29.257544,46.207546
39.971828,-7.961031,35.198967
-46.084908,34.095768,47.988205
-11.941170,17.014063,9.215708
-11.360794,18.673182,9.784485
-13.192791,17.886641,8.635914
36.263458,-22.956577,49.348175
34.869282,-24.639301,50.102299
-10.360834,5.505805,61.561821
-12.172928,5.203309,61.561821
-10.525126,3.567357,61.561817
-6.713924,-19.029345,11.550201
45.261349,-7.278330,48.857365
-34.588268,41.700710,47.968353
-36.114296,41.140610,49.539539
-49.652576,27.064075,56.965584
-0.007939,36.914303,37.049244
-1.949956,37.297787,36.125385
27.105406,36.274529,54.280094
26.341562,36.022217,52.038589
25.208998,37.015553,53.498489
31.870312,32.864407,52.010063
30.614462,34.104134,53.891491
32.726845,32.729927,54.015167
46.165077,-4.044237,48.478600
-50.750210,26.149523,48.278389
16.169615,26.673140,28.296106
-4.104283,39.459873,56.692406
-3.595500,40.358337,54.080566
4.912951,24.287443,61.561825
2.888077,23.681108,61.561821
-37.269150,23.803804,28.455564
-37.394276,25.567701,29.921452
-38.881474,23.492180,30.320581
16.746111,38.781521,50.397549
10.668880,40.818851,56.262428
30.748945,20.283686,61.561840
32.607815,18.552006,61.561810
33.759720,20.527693,61.561794
35.584400,24.218901,38.515625
-31.844126,-28.066471,53.129509
-29.265402,-29.127455,53.281090
-10.093209,41.346619,55.794323
30.152243,-28.856096,51.817394
-15.584458,23.845898,12.227314
-14.283540,15.674255,19.632730
-14.968572,16.451063,21.319004
-13.195806,17.257542,20.268858
-32.590553,11.904406,17.198080
-39.276680,-21.048635,48.224628
-37.452820,-21.605949,47.213436
-9.280240,21.761587,61.561848
-7.124634,21.098295,61.561840
-7.955023,23.066540,61.561840
-51.641193,-2.632207,57.995274
20.696419,-2.829156,9.373460
-4.311263,-0.854378,61.561813
-2.089777,-1.735622,61.561897
-2.291042,0.618203,61.561588
-33.819057,41.929104,49.692837
23.569929,37.831264,53.703320
24.166405,36.858734,51.528427
48.126923,0.746450,51.489819
-26.696121,43.373386,51.615585
-53.589264,11.205868,52.235252
-37.084057,40.261189,57.985256
29.071377,34.994652,61.561817
-28.855856,42.942574,51.882969
-2.246389,-21.420576,12.969626
-3.678828,-22.084160,14.256237
0.579597,-25.166016,17.821596
32.792618,-26.573183,49.622852
5.717823,5.163825,14.927120
3.977051,5.656106,13.886887
4.813895,4.280955,13.147010
46.331181,-6.640998,52.008442
-48.568859,29.507156,57.382538
-48.075260,30.231560,59.397144
36.310760,29.778250,52.716316
34.986942,31.083889,54.073376
-8.820476,2.334717,61.561817
-8.818145,4.690279,61.561817
-52.342537,-1.759508,53.566761
-52.529530,-1.071923,51.398746
-2.618295,-30.761702,61.561737
-18.020918,30.409870,16.484900
29.262968,-27.381510,40.380676
30.339863,-27.011684,41.912510
28.298969,-28.589996,41.956612
-53.050297,2.630292,53.231441
-52.720688,1.730860,55.204807
-52.979408,4.182168,55.507141
33.819180,-13.531813,61.561756
36.225964,-12.424179,61.561752
-26.017014,-28.890053,51.180569
-24.663374,-27.996094,49.042454
-23.878548,-29.440874,51.300350
-8.755645,39.767506,58.510132
-10.285929,40.532608,57.846333
15.635529,41.412987,58.046719
17.880539,40.921928,57.428154
-32.988331,-29.873337,57.162815
-12.102532,-34.012100,56.400150
-11.256400,-35.281338,58.377552
-13.198884,-34.842915,58.075607
-21.542784,-30.084034,51.661568
29.540783,-13.805259,61.561764
31.812016,-14.606410,61.561760
31.654713,-12.156703,61.561768
32.056973,-25.470505,41.764809
33.169453,-24.839804,43.231350
7.670220,-20.429340,61.561779
6.547119,-18.569441,61.561832
48.622437,14.503295,56.436565
49.668518,12.804642,57.965885
49.131332,11.881168,55.574902
-21.552858,42.928093,55.726299
-5.697878,-23.176304,16.707657
38.157608,5.296694,30.849894
38.908901,6.031453,31.997290
17.548197,-33.462376,49.460949
-11.690770,10.789257,3.223953
26.636599,-16.862579,61.561764
-36.562962,40.887085,51.854797
-38.344028,40.182095,50.474903
-21.661493,15.628331,11.480498
-31.894117,2.416458,20.197033
28.789116,20.993776,61.561974
28.942135,30.904013,61.561813
27.931776,28.248222,61.561813
-52.708069,0.353510,53.391319
36.683357,12.858715,61.561794
35.423862,10.548759,61.561821
24.792524,-6.603136,48.387329
-42.634953,37.552689,55.629429
-43.737999,36.668106,54.984371
-43.833652,36.534538,56.586990
39.157188,28.061356,56.960194
-47.775803,31.318394,55.967369
-46.836937,33.023296,54.600334
-47.957302,31.323513,53.535355
-19.772913,13.519655,10.115558
4.979899,17.358337,61.561565
11.113771,-32.428989,57.593700
13.748637,-32.329514,56.964306
-41.651939,-22.815771,54.157730
-53.532703,9.776106,53.423061
-53.654053,9.397679,51.458389
44.768883,1.867850,61.561764
45.719673,4.387934,61.561771
42.791813,4.237975,61.561768
30.873871,-28.194153,49.922092
16.219101,-31.880096,57.764385
15.852304,-32.607147,55.204529
17.926464,-32.190903,56.018368
-40.077930,-19.541889,46.890923
-41.021660,-19.657240,48.138359
-17.229614,-30.811466,51.830853
-15.044485,-30.874718,51.326469
9.266586,16.702375,10.109684
7.795928,18.429790,11.285834
24.163912,-12.442743,61.561741
26.341572,-11.173270,61.561867
-30.549595,-31.798128,58.842621
-23.962595,42.362347,57.132771
-24.069767,41.598606,59.804890
-22.055166,42.156422,58.146240
24.979572,-28.024630,61.561840
27.456936,-27.719000,61.561680
25.943350,-25.815098,61.561756
1.516896,8.882912,1.937955
23.870815,38.950520,57.460354
22.255035,40.247147,59.053158
-7.838197,11.297774,2.680869
13.630177,19.184813,16.517435
-51.255661,23.239599,54.546329
-51.907036,20.545425,55.358391
46.807545,7.518731,47.113224
46.083706,8.861978,45.613220
46.771423,9.989933,47.752350
49.499580,-2.322858,58.234303
-20.210182,39.704475,61.559715
20.886435,-0.381374,9.579491
-20.708090,9.701040,12.273988
-53.125698,10.358448,56.992580
34.221230,-26.263460,57.177486
-20.952162,-31.197945,53.437675
-23.086121,-30.670275,53.152981
39.701881,19.923115,61.561783
39.389141,17.463564,61.561790
41.761459,18.483093,61.561779
-45.422798,34.927616,51.779179
-53.054298,14.060905,55.754654
-52.933052,12.517740,57.550007
-52.675961,14.726862,58.085072
-41.419254,38.458427,54.934090
-41.059757,38.621418,57.172520
29.265768,-27.905792,61.561764
-52.838322,17.692299,52.705864
45.563751,0.794640,44.345936
30.410366,26.666786,61.561802
30.160671,24.339727,61.561829
32.857525,25.132446,61.561802
-4.854075,4.602878,61.561825
-6.783913,3.252847,61.561817
-4.775322,1.513208,61.561821
30.813620,-23.062668,61.561756
32.437878,-21.354933,61.561756
19.461920,-32.336380,54.655037
17.851383,-32.753654,53.657562
19.774136,-32.720917,52.347076
34.414536,32.231834,57.992653
36.101223,31.015369,58.803947
-3.638943,31.095110,61.561844
-2.913343,-27.540274,61.561993
5.313659,33.591614,35.064678
-15.619692,11.429591,10.711687
50.134468,-1.889405,59.870358
50.739666,-0.098334,60.163803
-22.801670,41.168793,61.561867
-13.814239,12.719679,10.700627
-45.206139,35.047470,57.284267
-44.750866,35.654385,55.260239
-45.923080,34.275009,55.624695
50.040661,4.130939,56.125137
-12.386270,14.208869,10.566354
-11.191658,16.001144,10.542205
-43.067600,-19.996881,51.499264
-44.596485,-19.222786,52.895969
-44.318867,-18.404926,50.968533
9.404145,-33.362671,53.902779
11.431258,-32.954815,55.241089
24.278299,10.168719,17.273083
24.399611,7.890254,16.042114
49.957073,7.588272,55.924549
50.649384,7.514154,57.850395
50.468864,5.984319,57.261848
9.455093,-14.632361,61.558361
-25.311075,-29.978836,52.776703
46.740002,-0.540421,61.561768
45.458637,-2.471865,61.561764
20.453445,-31.812958,56.368217
43.576603,22.118034,61.561783
-50.504040,24.723839,56.809742
-40.534008,21.746447,31.687630
-41.549538,20.257904,32.561317
-40.656639,20.103434,31.153502
43.545879,-3.120476,61.561760
41.727169,-1.531374,61.561760
44.334469,13.362021,61.561771
42.233185,11.964601,61.561779
21.404175,-23.649111,61.561760
23.438879,-26.184813,61.561764
34.154446,-21.933378,61.561752
34.182709,-19.961447,61.561752
0.057534,-28.867847,61.561790
34.581936,17.917278,61.561794
35.798214,19.295576,61.561794
12.685898,20.663084,47.682041
-10.822439,28.932770,58.846504
-10.899753,28.457623,56.840069
34.500904,22.941437,61.561794
36.256023,20.991657,61.561794
37.412903,23.134699,61.561806
46.589245,14.260550,61.561775
44.140118,16.561571,61.561783
-20.217459,19.042978,10.907754
2.418923,13.486846,61.561737
-18.371941,20.621822,10.448125
42.154419,6.794488,61.561771
40.276573,5.261411,61.561771
-21.376522,17.633228,11.439707
-51.267235,19.419987,38.913727
-19.086744,10.778975,10.891156
10.411821,15.395365,34.998302
-33.907974,7.264760,25.157722
-35.260456,6.107512,26.989866
-33.446911,4.660198,25.956490
32.025013,-7.355256,61.561802
33.683777,-9.168105,61.561764
-17.319908,10.443748,11.038074
8.101744,-16.604292,61.561878
12.679014,37.556496,61.561832
-14.581174,-11.752509,10.030320
-16.665556,-10.493600,11.745142
29.796570,-6.221458,61.561852
29.848118,-8.761393,61.561783
-0.413649,-26.342636,61.561787
29.443682,-10.980819,61.561775
31.697409,-10.076408,61.561768
-27.675575,-32.412651,61.561798
36.873810,27.870367,61.561138
-5.695632,-21.918528,14.879111
-4.630569,-20.688377,12.743546
-16.585415,22.507984,11.033776
-14.611372,21.833883,10.203979
-14.508696,1.212530,61.561817
-15.518005,3.147151,61.561821
26.196854,20.225039,26.477745
22.317074,-22.511808,22.933447
-31.129158,-24.349510,46.317688
33.015453,-23.268120,61.561752
-20.996668,11.684396,11.558470
42.830200,-13.061508,61.561752
-32.792122,2.773463,26.393509
-27.834423,41.796478,57.865936
8.616229,38.460510,61.561840
31.914827,-27.983248,56.300186
43.772118,8.238184,61.561775
42.067337,9.169981,61.561779
-4.393184,38.504642,59.116459
-3.082489,37.512428,61.560894
-1.616173,38.348621,59.650364
-19.677813,42.279972,57.965172
-21.607283,41.641777,59.893429
-2.668510,-15.438144,36.720451
-2.889798,-14.947899,34.984356
-52.181747,-0.092892,57.156174
3.298731,18.488874,61.561825
-23.689400,37.104877,41.513561
-24.625256,35.889446,39.530365
-22.435528,36.227009,40.180756
16.936560,-31.204399,59.869781
43.486122,-14.170802,56.378658
49.200802,14.923545,58.802040
11.237669,41.191833,58.709724
-37.690533,40.009808,60.162281
-47.845024,-16.589392,57.720364
-45.802414,-17.278357,52.057835
0.994043,11.894134,61.561852
42.433384,-16.019201,57.275890
32.907776,33.253811,57.340652
31.499247,34.444714,58.095215
27.134308,37.277599,57.772686
4.257392,39.673801,58.179688
2.039867,39.356201,57.580284
-23.299860,-9.000184,45.066860
-22.604187,-10.010519,46.673344
-23.217939,-7.715440,46.551094
11.479180,19.995819,16.184256
-14.555469,-33.924232,56.817822
30.206572,33.388557,61.561806
27.169884,33.080086,61.561813
-0.361820,-34.230556,56.511398
23.141474,38.613594,55.554966
25.312981,37.621086,55.617435
21.783346,39.552883,56.685547
12.027937,40.536655,54.347134
-12.036514,42.221249,55.008747
-12.052482,41.346916,57.205509
-15.337224,42.607853,55.913094
-28.514954,42.251919,55.588398
-52.729828,4.879647,57.729733
-51.864265,-3.945995,54.345642
-22.432961,-31.871962,55.005352
49.062592,7.056779,53.275936
49.347240,9.583579,54.815254
28.120201,-12.509301,61.561775
26.583258,-13.809194,61.561794
-1.808204,38.989494,57.642654
-1.767685,39.716988,55.472374
-44.356903,36.086090,53.321556
-49.128273,28.923738,54.502159
-50.404911,25.881205,54.239540
-52.427162,-0.528523,54.946053
-44.773678,-20.137365,55.040733
-36.547661,-26.586298,54.560112
48.606728,11.486144,53.715210
-40.897900,38.785980,53.271980
-38.681419,39.967228,52.980839
-46.851017,33.101032,52.609337
-45.773941,34.528397,53.823097
-53.366695,5.107790,52.666588
-53.299557,6.397297,54.630665
-30.006792,-27.880775,51.559547
31.420607,-28.143509,53.836704
33.161430,-26.912394,55.049507
44.843517,-10.431871,52.628803
44.466640,-11.663211,53.796471
43.889370,-12.144014,52.150116
15.622376,39.604725,52.096329
-1.665064,40.207359,53.498138
-22.249458,43.603909,53.149403
-24.562620,43.557995,52.296631
-49.925915,27.572397,52.114021
-50.548061,26.407946,50.451290
18.295420,28.965860,61.561813
4.948115,-16.187256,61.561813
2.943921,-17.773579,61.561790
4.234451,-18.905861,61.561787
-2.199842,-34.202770,55.178890
39.011696,-19.966675,52.032314
47.733673,4.049601,49.423065
21.906385,37.846085,51.813740
22.166740,36.916348,49.465546
20.694300,37.806297,50.545815
-14.462873,-15.711690,59.133007
30.977936,32.963093,50.188942
46.918037,5.159651,47.171234
47.562412,12.637084,51.390778
46.713936,12.334633,48.823414
-9.116311,4.682983,31.868956
-9.293177,4.427124,33.732697
34.781212,30.708458,51.522942
33.562115,31.790682,52.372585
9.193109,39.527210,49.767826
6.979764,39.627651,49.296642
-41.273537,-20.614500,49.918316
-6.145226,-32.031567,49.034081
5.354099,-33.841969,48.285156
7.593158,-33.910206,49.761181
5.139153,-33.798210,50.803997
-46.776142,33.111305,46.333469
-47.925961,31.534327,46.387695
-4.693820,-8.528367,61.561798
-1.238253,26.960636,61.561836
-2.983427,27.790924,61.561832
-3.246967,26.064913,61.561832
-18.274769,15.948648,45.157520
-19.215979,14.192199,44.056919
-40.616554,36.735050,38.001671
9.686985,7.971748,3.895067
7.690090,6.847990,2.701194
-16.206703,44.480389,47.828728
-45.291492,-9.160528,41.596886
-45.406700,34.710541,46.183800
-48.735832,-10.200620,47.991596
-49.369583,-8.476540,47.354813
-46.081303,-13.264114,46.599052
46.177937,3.271775,45.398705
36.258533,28.702322,48.365757
-50.848259,25.773672,45.494293
41.883766,-11.724921,43.025665
42.346542,-12.154990,45.272205
35.541553,28.262590,45.441933
-51.244080,24.026800,43.034107
-26.685425,-25.582735,45.655006
-28.130501,-24.564419,44.732437
0.218494,-32.864422,45.676960
-1.453307,-32.154465,43.976105
0.941406,-32.697414,43.544716
-49.959667,27.955851,46.869595
-5.345974,-24.576097,18.745790
-52.454754,19.315453,53.271072
1.450572,-32.528034,41.614784
-0.184232,-32.192310,42.140167
0.025122,-31.955313,40.346954
27.702065,-28.297592,39.702259
43.031727,7.744608,38.821510
43.838085,8.741297,40.598866
44.208290,6.245040,40.903748
44.682190,8.533696,42.284412
44.040947,10.796929,41.636993
5.826319,37.709953,42.763988
4.269653,37.426151,41.189213
3.101725,38.386333,42.613384
-27.227451,-22.627472,40.855331
-10.533372,-27.758524,38.515526
-3.700331,-31.220716,42.755417
-1.764131,-31.632879,41.539551
39.529354,-14.876868,40.272232
40.201340,-12.630211,39.256824
10.880214,39.131172,61.561829
-40.707664,-12.321858,39.498516
-36.574879,-14.107377,37.438057
-35.225792,-15.888526,38.054470
-38.626778,-13.331411,38.508415
-43.143456,-6.856289,37.674221
6.444757,36.314503,40.232845
-45.503506,33.104942,39.704334
-44.658710,32.973953,37.406128
-46.128468,31.412643,37.757359
-43.438683,-5.246894,36.903385
-44.698181,-5.974984,38.673752
-33.655846,-17.547813,38.593231
-33.487213,-16.290445,37.039600
5.016570,-31.932482,34.746880
4.514016,-32.327637,36.936047
40.428722,15.176572,37.217381
40.627014,12.837955,36.390896
-19.142475,42.020710,36.600113
-21.156832,42.439819,37.667778
-20.144335,43.066868,39.124249
-31.801830,40.327183,36.971058
-47.556431,29.560190,38.159119
-46.287033,30.250511,36.315777
0.100275,-12.322937,3.531239
42.000404,4.689803,36.646587
41.263477,6.233275,35.566536
42.300621,6.466372,37.326843
-49.170906,8.443275,36.441921
14.888210,31.678146,61.561829
41.988941,11.793640,38.169762
41.382454,11.282828,36.953545
33.498253,23.722946,35.553715
35.089947,22.846283,36.350784
33.509933,22.317842,34.147625
-43.250637,-0.650624,33.816898
-17.937439,-23.388781,33.997559
5.062194,-31.324520,32.256454
-22.480476,-3.581143,14.478264
-23.713806,-1.887368,14.790360
22.662802,-28.388014,61.561756
-34.515041,-27.473536,54.220863
-35.745697,-26.137468,53.006981
-8.979509,11.966414,61.561825
-6.983096,10.068472,61.561821
-19.606392,38.634434,30.194643
-42.706688,37.469231,57.660683
-28.184626,-3.713138,20.892258
18.585140,21.616936,22.889544
7.203318,-27.826422,22.987843
17.622208,-25.113811,23.069529
20.839857,-23.871634,23.564142
20.923876,-22.422951,21.699577
19.179712,-16.618231,61.561779
17.031393,-17.176598,61.561771
17.987803,-19.260757,61.561768
-1.938291,10.438736,61.561840
-1.027527,12.201686,61.561836
-36.193203,26.232901,22.894911
17.407290,-23.166492,20.193518
23.524094,-21.864569,61.561760
18.851250,-23.759380,21.953812
-3.617171,9.505816,61.561836
-3.844053,7.212633,61.561859
1.816890,-26.383081,61.561783
0.817841,27.426935,21.732151
20.556423,18.174940,20.468891
-20.419998,32.575745,20.203459
-21.501017,33.270535,21.593676
2.324060,21.026642,61.561821
26.661219,-16.517591,20.907824
26.102184,11.691823,20.101036
-25.076418,31.629728,20.630085
-3.416546,-5.054881,61.561810
-3.944866,-2.979958,61.561810
-5.416545,-4.305780,61.561806
-8.204341,29.811598,32.421997
-8.475101,31.831667,33.721680
-9.369005,31.678528,31.609941
28.713608,5.062445,19.604750
29.622419,3.122046,20.045568
25.942738,10.212720,19.042295
-11.011879,0.461320,1.837104
-25.207148,30.159529,18.723003
-34.724495,17.437241,18.745234
0.660563,33.926525,61.561863
27.996498,-6.038544,17.598389
27.499571,-3.961402,16.773790
25.769438,8.318119,17.798763
27.367708,8.519942,19.605532
39.753490,-9.222810,61.561756
38.921608,-11.296157,61.561752
40.695919,-10.760120,61.561756
2.750514,-25.389462,18.139725
26.433929,2.243320,16.119978
-18.101162,18.126173,9.328777
-11.713118,-20.126158,16.946581
8.507882,-23.829718,16.871023
8.881714,-25.136023,18.884624
10.486901,-22.540100,15.841146
11.938075,-21.435472,15.047196
20.023643,-19.001268,17.150635
5.451798,22.626190,16.366127
2.502791,32.384708,61.561836
-13.659511,-18.239702,16.608894
27.320946,10.332717,20.517868
26.479118,-5.944806,15.846448
25.522270,6.481001,16.596910
-49.116177,10.826687,35.496857
-33.003712,17.988998,17.218155
-16.715927,19.723415,33.226555
-16.290993,19.918900,31.333620
-17.801739,18.218023,32.177612
6.550273,-23.665533,16.127930
8.160355,-22.327356,14.749926
-20.107365,16.683798,10.233150
-17.791565,-12.643512,15.795616
-17.979715,-10.640249,13.952541
15.012350,17.309628,15.156552
-29.811314,19.664646,14.711774
-29.491240,17.416431,14.104137
-25.607956,2.317186,14.252315
-24.203484,0.168871,13.996735
-10.821563,-4.816428,61.561813
-8.949991,-4.471284,61.561810
25.466621,-1.372280,14.431430
24.206539,0.112778,13.176915
25.915970,0.352864,15.156501
21.585218,9.586696,14.034721
13.334588,16.477032,12.831363
10.313318,-21.281273,14.187304
10.345134,-19.881006,12.560006
12.531480,-19.910748,13.526353
15.126075,-19.121307,14.004782
21.788347,-14.607199,14.860813
21.861137,-16.207905,16.140387
20.574757,-15.842568,14.768933
20.564056,-12.071537,12.167005
4.105765,22.275484,14.698470
4.514890,21.104548,13.007889
-28.036678,19.029531,13.144025
-27.652002,16.539845,12.529654
-24.976959,7.209205,11.439645
16.217251,-17.245739,12.789823
17.284206,-18.583582,14.789124
20.770029,8.641028,12.573093
20.074665,7.254989,11.081429
18.578386,9.299923,10.827406
11.931806,15.693004,10.855459
15.636050,15.184409,13.238301
-17.648729,28.143383,13.521381
-25.280991,12.794916,10.637404
20.459770,-14.162858,13.406647
17.041361,11.289197,10.827911
16.259203,10.183967,9.300763
15.281571,12.311763,10.141781
5.919187,18.739975,10.477177
35.629684,31.016815,56.486225
-24.061623,21.257019,11.008198
-26.050585,20.214680,11.939188
-25.702225,22.132750,12.377563
-26.143608,17.911083,11.500237
-25.840889,15.812493,11.056788
-24.170668,2.013486,12.879076
-48.578133,18.968929,61.562016
3.306419,-20.397560,11.393928
4.837267,-19.024599,10.013009
5.070984,-20.410183,11.628482
23.051811,2.299012,12.300060
21.141211,2.484759,10.313394
21.889826,4.249990,11.628454
-24.268768,23.416039,12.107763
-23.005136,6.596666,9.704904
-23.005064,0.843371,12.208729
-19.563225,-0.720943,8.849658
18.896389,-13.786272,11.862897
16.858459,-15.110165,11.356640
17.383062,-13.426238,10.474959
21.445669,6.420848,12.055804
20.377779,5.066253,10.367439
10.217478,14.487067,8.386877
6.062443,19.816267,12.077052
-8.512671,25.272703,11.294003
37.886356,15.265702,61.561783
39.605122,12.967999,61.561783
40.067192,15.348974,61.561779
-22.980955,19.355810,9.756741
-24.519789,17.549692,10.298485
-24.878988,19.134674,10.843863
-19.994009,-2.031786,10.133810
20.614782,-32.907261,45.677612
7.296160,-18.361650,9.841141
9.776903,-17.119408,9.395030
18.799648,-11.630695,10.433313
23.541794,-7.429457,13.012798
-21.837881,21.694305,9.986692
-11.289242,-12.812980,7.562705
18.727219,4.909567,8.694152
-17.576103,-7.838634,10.745674
41.625557,23.600739,61.561802
18.986427,-1.234101,7.763915
19.148195,-3.369218,8.012482
-18.569616,15.781411,9.199888
-22.132504,7.978387,8.568153
2.195353,-16.162876,6.712281
3.317867,-17.761021,8.426579
40.665260,-17.628418,52.192112
-13.887421,4.705307,61.561821
-9.784329,2.165245,26.175310
-9.373233,2.176106,24.446909
-8.566392,3.953450,25.614542
-22.514000,9.965553,8.613724
13.546188,-14.811064,9.079681
-3.571929,18.472841,6.239411
19.718679,-4.725616,8.692772
19.411026,1.520982,8.406898
-19.006472,6.745697,6.170134
-15.935246,-5.112914,6.719504
19.667200,3.469691,9.083680
9.781642,12.506155,6.464357
-14.761527,-8.728873,7.644762
-14.545084,-7.157444,6.362192
-44.593548,-7.918936,39.906147
-24.839720,-26.600225,46.579487
-16.010056,17.676464,6.323967
44.013206,19.838835,61.561783
-1.149494,-13.558670,4.442377
0.690183,-10.442340,2.408271
2.288296,-11.183557,2.956703
-15.614053,5.130288,4.018810
-12.908359,-7.040934,4.812375
-11.797566,12.679455,3.747369
-13.513669,11.397742,3.871362
-17.129145,5.821676,4.938230
38.052242,25.841616,61.561768
39.372387,24.299122,61.561806
40.383759,25.778738,61.561630
-14.150499,-5.240973,5.021091
33.719826,8.687142,61.562435
38.180630,21.064301,61.561783
39.656391,22.180552,61.561798
-8.674813,-11.534894,61.561802
-7.606650,13.035954,3.245926
40.615044,-7.495128,61.561756
41.964317,-9.263935,61.561760
42.930218,-7.279188,61.561756
-15.719029,6.890702,4.123908
-14.080259,7.542104,3.401441
9.419465,-6.630805,2.760916
12.443075,-3.298293,3.435145
11.638080,0.871793,2.988349
6.011011,7.846257,2.515187
4.996506,9.614944,2.925677
4.219999,-9.947483,2.563321
38.776089,-18.411293,61.561749
5.278795,3.164633,1.081111
3.688437,7.774872,1.919976
5.831145,5.855986,1.827787
1.451419,6.588839,1.199636
-0.195243,7.889517,1.410462
-6.864304,4.858012,0.965526
-4.830594,6.273964,1.004258
-8.486203,5.778399,1.448903
0.115088,-8.643341,1.544179
28.473360,25.662560,61.561832
3.695064,1.813965,0.558430
28.955013,-25.099461,61.561760
47.340584,2.515142,61.561764
49.892220,3.494347,61.561771
-8.544895,0.163421,0.993256
-6.122767,0.032637,0.393287
19.003212,-23.025558,61.561760
19.151600,-25.107452,61.561760
24.181923,-17.831562,61.561768
22.539404,-18.768894,61.561764
-16.292747,1.154637,61.561817
3.655805,26.114521,61.561836
3.725023,-20.382708,61.561775
3.268576,-21.735010,61.561783
5.372859,-21.238884,61.561775
38.316017,-7.698398,61.561764
41.785736,1.208885,61.561768
43.824390,-0.861320,61.561760
14.482846,18.622200,43.386192
6.689355,22.426361,61.561874
-3.244593,5.530795,52.212868
-4.103941,3.636459,52.008133
-3.813017,-32.392349,61.561619
-8.117401,-11.940959,44.083885
34.150677,6.372449,61.562180
-4.002149,5.381731,50.424427
-6.835479,-3.175765,50.582302
30.399895,-15.720299,61.561760
28.677660,-15.458132,61.561760
-7.109153,-29.783968,41.834476
21.838535,15.688575,48.256771
15.939817,11.348781,34.843956
15.890332,9.499969,33.128094
-2.223943,-2.788858,58.405014
17.170744,-4.136456,29.939985
18.580038,-3.955122,31.837255
-21.267406,-33.103485,56.740349
17.726215,11.418814,36.770531
10.044903,-18.043852,48.925674
22.755129,-5.647607,39.629108
44.482624,13.095925,43.698143
45.028061,13.744612,45.377941
45.763050,11.742063,45.954002
-7.303168,18.897049,61.561829
-6.399021,16.754137,61.561832
-4.889480,18.967098,61.561832
3.182091,-26.176952,19.438101
4.954829,-25.761595,18.930336
21.281311,14.909217,46.126076
3.558337,36.938908,61.561825
5.975122,37.702675,61.561798
2.596174,0.724219,7.945072
-13.185164,-9.777432,61.561806
-50.335186,16.582064,36.443871
16.142370,7.292521,31.574951
2.605951,18.399315,45.246014
-2.222016,13.285840,45.279842
35.533867,20.702814,34.805794
16.579895,17.790049,44.078655
33.650974,-11.220985,61.561764
42.564049,-11.102277,61.561752
14.682471,-15.608781,44.990513
23.483641,-6.603465,42.822628
18.132889,16.668755,44.023060
-10.271118,1.457513,36.039261
-6.635647,-13.775116,37.037434
19.764965,15.010481,43.719986
-9.024467,-30.289352,46.362122
3.702150,18.983561,42.774921
1.632827,17.906403,43.483967
-1.344568,15.497122,42.655602
-2.713793,13.740345,43.010426
-3.500303,11.759880,44.412346
-11.828487,-6.146633,32.765099
-11.495337,-7.793118,31.446115
13.832962,-17.964298,12.094787
0.180452,-17.323986,42.298168
16.460367,-13.410955,41.438911
18.337347,15.486749,42.269466
-8.658647,17.287506,61.561829
-9.432332,15.729330,61.561832
-7.973808,14.862289,61.561829
-2.106340,-16.716351,42.613998
19.790514,-10.199248,40.017555
22.833673,-2.906635,38.212006
-4.322698,-13.972771,32.673782
-6.498796,-13.103405,32.636208
-5.309506,-14.132134,34.899357
3.555709,18.664564,40.811016
1.673106,17.922274,41.211468
-0.659934,16.352499,41.063431
20.592930,-0.880636,34.368259
22.325291,28.286537,61.561905
-4.282129,-15.725582,42.393761
22.395531,-7.461464,41.077553
-11.107803,-2.504631,36.504021
-11.682533,-3.504675,34.217037
-35.594990,-16.996059,39.564041
-36.918743,-17.651833,41.416298
17.820852,14.657155,40.372860
-4.044949,11.972129,42.561100
-3.793059,12.960496,41.012924
-5.271330,10.628326,41.086555
8.841308,-16.753616,41.103924
11.103415,-16.266735,41.719170
25.193680,34.745571,61.561821
9.986998,18.584949,39.852520
-2.329430,14.785872,40.854263
40.971405,-8.062332,37.362549
-6.580239,8.624043,40.121506
-8.499701,-28.417252,37.398170
-9.612821,-27.672750,35.739895
13.492693,-10.611580,30.962513
14.965814,-9.469629,31.085009
13.509166,-9.369294,29.110340
13.011837,-15.115208,40.773533
10.608886,-15.444443,39.053181
21.120623,-8.663933,39.950630
-3.226515,13.972765,38.936676
-9.997560,-9.639245,28.362108
-8.748246,-10.595900,27.725882
-9.476713,-9.572829,26.446690
7.655573,-16.205315,38.881180
18.137897,-10.976020,38.371181
21.718163,-6.975832,38.771118
-43.027714,-13.696235,52.021744
-43.171803,-12.605847,49.833736
-43.788502,-12.194592,51.473930
2.219575,17.274767,36.970974
1.514010,16.341637,34.953915
4.134111,17.074080,35.639336
12.340302,17.713974,39.581711
2.803653,18.058626,39.096737
20.563931,-18.647013,61.561764
-9.355314,1.408745,40.201836
-7.271064,7.936051,61.561825
-5.727058,6.870840,61.561813
-5.425575,8.767320,61.561821
-7.798570,-12.956702,39.394714
-31.304184,17.912537,15.698536
22.176886,-4.772148,37.789398
-11.643316,-7.362114,29.748667
16.937414,13.747764,38.243530
14.747204,-12.186473,35.668613
-10.311993,-8.251510,39.192188
-10.148643,-9.618266,37.240612
5.275390,-16.443760,38.482742
6.333883,-17.156376,40.866722
22.143353,-1.492918,36.769306
-5.511024,32.426910,61.561913
-5.459017,34.563873,61.561974
-44.102703,-11.530325,53.695744
22.088772,4.003130,37.768051
22.302092,1.425849,37.287876
10.845966,17.003109,37.470810
8.670544,17.952267,38.043041
-4.820146,11.937063,39.089130
-5.848753,10.355423,38.992775
5.003982,-33.694836,53.403309
7.055726,-33.373997,55.023872
-10.566927,-0.530078,37.301376
-0.588443,-15.780313,36.511925
0.883507,-16.311344,37.823753
-41.713318,-10.529662,38.972965
20.647715,-6.717528,36.481670
-8.836247,-11.782322,37.032394
2.805648,-16.419809,37.965950
2.696157,-15.770400,35.960423
1.477536,-15.945909,36.516483
6.619023,-15.673063,36.885033
4.524243,-15.806148,36.424206
9.084087,-15.132283,36.966175
11.220914,-14.393740,36.891438
21.069380,1.030980,35.299984
21.296219,2.866075,36.124340
8.429209,16.965601,36.249870
-4.210997,12.773148,36.737686
-5.512519,11.075027,37.501484
-10.830990,-7.423130,37.338558
-10.616709,-6.380124,39.112942
1.310315,-15.389206,34.737236
13.100319,-13.311114,36.207745
-52.054726,-2.182831,55.720482
-3.077381,13.571257,34.652279
-4.514550,11.979391,34.198685
-8.915222,5.071453,35.535851
-9.801945,3.117089,35.019981
-11.110404,-0.737288,34.803085
-11.413928,-6.453447,35.215996
-10.846676,-8.482268,35.548824
5.967766,13.132834,29.163031
3.164167,13.225704,28.102978
4.848541,12.111715,26.490818
3.860278,-15.174761,34.364895
7.828892,-14.741076,35.017780
6.405801,-14.414709,33.201920
5.818778,-15.184260,35.121975
9.926085,-14.162180,35.066566
8.927167,-13.835752,33.340858
14.611691,-11.590881,34.215084
16.031069,-10.812921,34.664345
17.265865,-23.762753,61.561760
16.047056,-22.224562,61.561768
-11.177746,-8.244890,33.644573
-0.679912,-15.124799,34.260124
2.418169,-14.760528,32.784107
11.748982,-13.487394,35.109573
17.616816,-9.127106,34.305321
16.214905,-9.435072,32.713150
18.811581,-5.502122,32.785442
14.406282,11.306369,33.369762
2.981247,16.022953,33.586617
-2.039817,-14.465857,32.578804
0.362775,-14.695498,32.560818
10.860924,-13.263783,33.619568
13.021003,-12.463471,34.088741
14.433388,-10.969796,32.781780
7.822618,-13.442222,31.377964
9.957210,-12.837230,31.657055
16.405346,-7.728690,31.027145
18.144636,1.415298,31.237041
10.330095,12.476982,31.311165
6.215263,14.664376,31.805496
1.322440,15.087639,32.104290
3.944491,15.314003,32.206593
-1.842820,13.894438,32.557178
-3.539029,12.594769,32.786839
-4.791937,11.021201,31.930765
-10.036373,2.880374,32.744228
-10.483212,-9.667500,31.909761
-0.896298,-13.997767,30.461311
4.325958,-14.298908,31.842827
1.892292,-14.108840,30.610178
5.896387,-13.743657,30.926445
17.504185,-5.967730,31.205976
8.253550,13.534607,31.260445
-0.848337,8.911085,19.953184
-7.363841,-12.231461,30.714779
-5.501276,-13.040691,30.537737
-3.349577,-13.649492,30.503696
12.058586,-11.893579,31.704773
12.290124,-10.857080,29.947672
17.101540,2.856502,30.228003
16.763216,4.905017,30.742651
3.533839,14.429514,30.520109
-0.623210,13.826331,30.662970
1.176560,13.874344,29.552586
-2.730864,12.550825,30.693190
-0.940744,12.875352,28.777414
-8.158146,6.068316,30.562361
-7.246042,7.586193,31.097902
-10.257826,2.337647,30.544575
-9.165672,-10.821432,30.014009
4.567358,-13.544477,29.625202
6.894422,-12.910153,29.209913
10.627254,-11.818847,29.975538
16.022837,-6.264020,29.379395
0.899556,12.807467,27.349058
-10.837902,-8.928100,29.840956
-34.802765,41.537666,51.219757
2.893148,-13.300582,28.203403
15.158941,-7.986991,29.621071
10.887795,32.380020,61.561821
15.795253,-3.923762,28.018726
17.129091,0.885864,29.696224
17.235588,-0.770336,29.634167
15.046727,6.312756,29.442003
-50.602219,-8.190403,57.771111
9.082553,11.801317,29.356117
-4.193722,10.876284,29.704979
-5.943807,9.068414,30.148388
-7.261221,7.145282,29.623484
-7.997693,5.600404,28.012308
-9.039556,4.432199,29.644514
-9.509659,3.236897,28.024624
-10.774867,0.759776,27.906977
-11.182755,-7.801628,27.738686
-7.057839,-11.806294,28.340837
-4.325353,-12.767485,28.135805
8.858061,-12.551925,29.914474
14.841591,-5.614856,27.462925
16.725443,-2.269299,28.957029
16.218851,-0.198213,28.247185
15.546490,4.349809,28.766050
12.193971,8.727633,28.309088
13.626437,7.273067,28.467188
10.126618,10.109546,27.811670
-10.508155,1.495605,34.208149
-0.116776,7.316515,16.007853
0.760160,8.527049,18.009548
4.884458,-12.745094,27.403568
9.116639,-11.541474,27.848928
11.526031,-10.325774,28.169783
14.418938,-7.323102,28.076523
15.262339,-1.817262,26.904774
15.887689,1.992815,28.216234
13.987062,5.756928,27.561941
12.531651,7.065607,26.777897
7.474821,11.228359,26.878277
2.555774,12.260722,25.945341
12.676847,2.620415,3.714512
-1.298726,11.818303,26.768217
-2.951860,11.355700,28.142204
-4.652762,9.683351,27.834806
-6.285024,7.828506,27.828924
-5.465958,21.291256,61.561829
-5.853451,22.930952,61.561836
-5.570470,-11.812880,26.155533
-7.713351,-10.771151,26.061411
-3.240184,-12.421844,26.047859
1.464642,-12.949350,26.731733
6.838876,-11.982788,26.759945
12.377699,-8.604615,26.824453
15.286723,0.338169,26.982685
14.475416,3.734719,26.893200
11.015267,8.451192,26.438274
8.974603,9.552449,25.445259
10.200481,-9.870352,25.985252
14.127797,0.251648,25.310205
14.781446,1.741079,26.538418
13.547884,2.732210,25.045969
12.900309,5.059709,25.409281
11.660606,6.983698,25.417038
6.214798,10.613819,24.250170
0.365111,11.772393,25.299292
-36.357262,-21.111124,45.469868
-3.157342,10.272951,26.013094
-4.952235,8.595447,25.939642
-6.759578,6.393060,25.567034
-11.526304,-5.867144,26.067350
-10.435373,-7.589344,24.756847
1.055295,-12.174933,24.181929
3.105046,-12.600214,26.076235
5.055451,-12.123789,25.772915
10.053471,7.905953,24.209948
8.171329,-10.777565,25.376652
6.052051,-11.241174,24.356480
11.126875,-7.938861,24.673285
3.696455,11.453015,24.365587
1.862296,11.557361,24.317978
-1.434312,10.806049,24.697554
-3.206395,9.260875,23.851461
-5.349119,7.237727,23.688734
-7.015953,5.250613,23.491821
-10.537024,0.168818,25.170181
-11.101222,-2.053037,24.578728
-11.040496,-5.512697,24.179873
-6.628144,-10.860444,24.576971
-4.629529,-11.400710,23.821697
-1.850388,-11.980411,23.860518
3.922051,-11.715652,23.954033
12.963635,1.327359,23.755192
11.957233,3.573742,22.967325
0.385896,10.986494,23.526545
9.196273,-9.140169,23.824150
11.145802,5.942359,23.455187
8.039621,9.037064,23.122808
4.342550,10.520532,22.440428
-8.303393,3.275751,23.021219
-10.807937,-3.683476,23.007420
-8.344672,-9.437898,23.690014
-23.818504,13.247403,9.461622
-7.149847,-9.326812,21.503786
-6.383479,-10.435812,23.066534
-5.296518,-10.348575,21.487885
-2.817265,-11.116494,21.599232
7.269278,-10.219438,23.426729
11.765164,1.014424,21.894287
9.542885,7.065118,22.184616
2.214821,10.894972,22.750570
9.782786,-7.438789,22.563156
3.458546,8.944817,18.657976
2.664225,10.097919,20.931095
1.369594,9.471695,19.753149
11.619431,-5.383525,23.290039
9.981416,-3.310961,20.015678
10.248008,5.096516,21.234781
7.702217,8.142066,20.979008
6.185451,9.579713,21.838455
-1.433896,9.840216,22.594231
-3.369892,8.032591,21.391737
-5.398489,6.211383,21.389307
-7.010318,4.238655,21.118826
-9.596757,0.935012,22.897963
-10.336317,-1.307835,22.613428
-10.230179,-6.245822,22.662807
-10.211815,-4.609174,21.609629
-9.321855,-5.536320,20.128302
-8.888932,-7.692256,21.552999
-9.584133,-7.787274,23.085484
30.047750,-29.115511,55.537121
-0.270148,-11.414788,21.741961
2.121252,-11.334621,21.968859
5.299199,-10.325940,21.698257
7.801070,-8.810625,21.759266
-46.935970,20.492531,50.715733
-46.716446,21.755697,52.518208
-47.015877,19.640556,53.078796
-9.897411,-2.983582,20.640806
-46.587395,21.792557,54.804008
9.978287,-5.351442,21.141138
10.655314,2.572598,20.482328
5.842901,8.793016,19.880590
4.478868,9.713703,20.655441
0.748102,10.119837,21.405275
-4.422638,6.417002,19.673027
-5.785688,4.952050,19.404493
-8.385418,2.112849,20.951849
-9.375857,-0.391656,20.535900
-9.006209,9.039287,61.561825
-8.995103,6.705156,61.561825
-6.149130,-9.283991,19.972706
-1.469136,-10.684374,19.743589
0.919249,-10.702909,19.791595
2.911894,-10.431048,19.999510
-9.054906,-1.473868,18.919401
-7.762146,-7.862774,19.775438
9.021402,-2.965188,18.395346
8.977312,4.268046,18.638538
8.567064,6.491372,19.952095
45.111732,10.207887,43.760025
31.782286,23.300480,33.491863
47.484924,8.381168,49.086040
-18.371994,1.421880,59.443626
-7.102935,3.115012,19.029690
-45.637112,29.875427,34.723484
-8.155749,0.775440,18.302906
-3.788271,-10.105622,19.416451
7.175042,7.484628,19.259937
-7.724069,-6.157696,17.523205
-44.078480,-11.438197,42.107864
2.357511,-9.872334,18.278946
6.925957,-5.575782,16.821260
8.053954,-3.717932,17.245695
8.430976,-1.786162,16.967493
8.665462,0.324607,16.986008
8.388355,2.319283,16.821247
7.417784,6.203718,18.004660
5.637497,7.633443,17.751041
11.435164,-18.599007,11.581528
-8.898602,-3.588243,18.313007
7.507599,1.072662,15.133136
-8.122098,-1.730318,16.483183
-7.900991,-4.100734,16.316082
7.169961,-2.734453,15.193687
7.792633,-0.845276,15.641311
7.365466,4.377211,16.327419
6.229200,6.058349,16.378794
2.200907,6.771395,14.599914
-1.917053,6.027768,14.813633
-5.628549,3.397110,15.666224
-6.794341,-5.738483,15.417139
1.413686,-9.221499,16.194241
7.474233,2.804235,15.594522
-2.563719,-8.530222,14.822877
-0.676408,-9.142765,15.575693
3.516532,-6.931642,13.432888
5.472699,-4.849751,13.701300
6.870353,-0.704910,14.039096
6.358150,0.918414,13.275272
6.575794,2.978724,14.366043
-0.152645,6.006915,13.496443
-7.057742,-0.556972,14.302284
0.834515,-8.612438,14.550988
2.677032,-8.244597,14.911152
5.965769,-2.484385,12.934039
-6.937061,-3.136128,13.884796
-5.370731,-5.562426,12.924076
-3.268057,-7.116604,12.657028
-0.721078,-8.068555,13.216426
3.809949,-5.631804,11.961951
-2.689281,4.738789,12.978873
-4.780261,3.382534,13.744997
-5.723838,1.177527,12.503140
1.562141,-7.811365,13.212283
25.668913,-3.543592,14.655765
24.881117,-5.889815,14.081823
4.937748,-1.228903,10.842089
5.992510,-0.609615,12.539120
5.146549,1.052740,11.491228
5.453386,2.607626,12.643117
-6.426267,-1.276094,12.572434
-5.586734,-3.291639,11.358438
-3.614850,-5.388672,10.513423
-1.378686,-6.913348,11.177050
0.607869,-7.229600,11.703855
2.390319,-6.520177,11.584667
2.193849,5.203785,12.272078
3.916414,2.960002,11.065436
-0.181721,4.756888,11.259706
-2.565348,3.532484,10.520702
-4.160001,3.061993,11.967089
-5.386502,-0.640972,10.569273
3.946275,0.849907,9.712945
1.683039,3.761434,10.077117
-0.492963,3.534667,9.226820
-4.258496,1.708753,10.147246
-2.547447,-4.169599,8.244918
-4.297814,-2.884568,9.132152
-1.420694,-5.653367,9.299850
0.744445,-5.964121,9.713811
3.241533,-1.351972,8.358864
2.725729,2.344894,9.283854
0.918166,2.572442,8.070575
-0.295689,-4.713706,7.951666
2.060391,-3.859732,8.213139
16.428713,-26.058167,61.561783
21.340960,38.861736,54.143341
43.854847,3.777852,40.085052
-2.641620,20.103632,61.561825
-2.975260,-2.330140,7.300840
-1.402307,-3.401450,6.965784
0.381097,-2.898385,6.584784
1.806975,-2.038052,6.964303
10.338431,37.239479,61.561832
-13.564455,33.016758,32.019161
42.887848,3.107645,38.218811
48.310066,7.005343,61.561768
-40.884670,-5.688673,40.472149
-42.835388,-4.344065,42.004330
-41.932690,-6.431858,42.193584
23.865496,-20.021204,61.561764
21.929043,-20.720646,61.561764
-18.828608,32.838112,31.835686
-20.163130,32.426228,30.621632
-18.554956,32.287994,29.819008
-13.795780,20.110851,9.215861
-16.273239,20.448488,9.521206
-15.484096,18.269648,8.577865
-17.061935,14.051925,8.796824
-8.989117,33.571888,53.012096
-23.540663,5.957209,31.713116
-22.577040,8.625329,32.206467
-22.870325,7.382588,29.663839
-8.836366,24.955746,21.658789
-8.732094,23.953106,19.203989
-8.940742,22.676733,21.442451
-31.447342,1.296123,26.060013
-10.228249,-27.057745,33.578083
-24.507843,-6.647388,32.934307
-24.705757,-4.803380,33.342182
-24.477886,-5.264640,31.716555
-17.385807,11.838737,9.828637
-35.298313,27.346277,29.236679
-35.820484,25.455454,28.030502
-16.613323,16.191521,8.506695
-14.650171,16.575691,8.332274
24.281593,36.014400,49.176842
-15.289534,12.843046,9.355376
-7.170283,1.092997,61.561813
-6.135893,-0.305703,61.561810
-14.235685,21.190975,28.966003
-15.658206,20.101488,29.396646
-14.663866,21.345669,30.722570
-20.340548,13.820228,31.360758
-20.836094,12.705788,33.955051
-19.771744,14.979924,33.621895
-22.055683,8.831599,27.924616
-21.010046,10.465318,26.297043
-21.643845,8.036499,25.590612
-38.687199,17.685858,27.931551
-37.473183,15.715690,26.448730
-37.125801,18.183748,26.124683
-18.264980,16.010004,26.263426
-18.999954,14.260539,25.400093
-23.278273,6.714931,34.077518
-22.497669,8.602444,34.971191
-22.968636,0.634192,23.930801
-22.233826,1.743948,21.990505
-23.987310,0.247288,21.588602
-14.970424,40.226017,45.381233
-12.525365,40.460392,46.545879
-15.003646,41.606552,47.468117
-21.241070,11.301501,28.782034
-20.282053,13.538316,29.024799
-20.175299,12.874699,26.928595
-21.508953,11.202675,31.397301
-21.786854,10.515038,33.671410
-26.817099,-2.802763,25.681496
-25.459702,-4.393966,27.282522
-24.325613,-2.684008,26.380411
-34.139282,17.949713,22.974073
-33.920677,20.452095,23.222382
-35.449188,19.131306,24.429745
-33.962616,37.861465,45.214462
-33.109482,38.894836,47.140148
-35.642487,37.879631,47.356930
-39.977459,35.100689,48.086647
-40.071926,34.529930,45.927799
-38.318920,36.194168,46.943008
-34.331482,38.295872,57.531593
-18.995169,8.497975,20.456984
-19.841217,9.133490,22.474842
-18.334105,10.623189,20.908825
-25.359970,1.954971,20.065969
-26.488684,0.735787,21.969847
-47.207981,18.297785,50.991924
-47.244675,17.436167,52.932980
-15.794752,14.585231,20.416000
-17.462528,13.174358,21.513260
-14.793523,18.727093,56.685478
-15.686106,17.412218,23.447203
-18.732080,6.833596,55.911999
-18.506050,5.608382,57.455326
-18.036217,7.502707,57.963287
-51.163982,8.736526,61.561859
-45.016956,26.881754,46.383209
-44.757141,26.180147,44.058899
-44.032722,28.492647,44.861122
-14.054393,17.815847,21.949949
34.654827,3.792455,61.561775
36.968849,2.858730,61.561771
39.976166,-2.733276,61.561764
-10.495921,28.538603,48.682468
-10.003158,29.735870,50.438499
-9.500840,30.343603,48.664894
-18.811834,-2.591916,57.937828
-27.515818,39.422596,45.321972
-28.584003,40.102997,46.913795
-29.490063,38.974152,45.120476
-36.277439,36.761272,44.850559
-35.568836,22.019388,25.500992
-36.726555,22.055042,26.809576
-36.414349,20.464155,25.811453
-24.190727,2.150229,29.950769
-24.180431,3.692825,31.793653
-23.607754,4.611900,29.244394
-9.752383,19.530951,19.054846
-11.363754,18.967802,20.546770
-10.057251,20.634829,21.199320
7.350509,-21.814947,61.561779
6.507935,-23.376984,61.561775
-53.650417,8.686728,49.494690
-9.585099,26.803930,21.906670
-10.094087,26.178583,19.460209
-34.640648,3.515204,27.746830
-11.548402,28.255022,21.463877
-32.611824,-29.015318,55.381073
-3.779455,29.176069,61.561836
-4.541021,27.625818,61.561836
-18.846931,40.583050,59.557789
-11.053064,-27.082956,55.180412
-11.824015,-25.582470,54.213974
-12.693588,-28.069464,54.482765
-10.495216,28.208006,46.055481
-9.661222,29.717178,47.319263
-18.000406,29.344740,21.933283
-15.966773,28.718159,20.440077
-16.046505,29.671125,22.377279
28.076054,-29.280283,44.266422
-34.206779,-0.954515,30.167246
-18.725121,27.923111,19.491554
-20.589230,28.638590,21.512779
-29.951736,7.539147,21.557833
-30.502800,9.676963,21.320530
-31.838615,8.235756,22.930944
-47.143379,1.860018,49.765247
-47.330692,4.238747,50.520493
-47.106270,2.441543,51.937443
-30.038408,0.100138,25.603743
-21.404062,27.227093,19.625443
-14.001000,31.473648,27.073133
-16.421883,31.962889,28.346920
-22.829273,27.898767,21.420116
-47.024220,7.068088,56.207432
-15.800388,15.853782,57.274670
-16.781345,13.591522,56.408501
-0.246121,-9.687083,61.561825
-23.777020,26.328438,19.810781
-42.133163,-15.137549,55.800522
-43.103012,-13.531409,54.748104
-42.407963,-13.741022,57.699623
-38.811260,25.622280,31.771832
-8.807754,31.302431,47.217724
-8.097919,33.470882,47.378784
-8.070412,32.147350,45.074760
-25.241539,27.042755,21.602530
-4.613017,-20.739225,61.561794
-27.777693,24.091576,20.194490
-29.565098,24.701010,21.973564
-29.536634,22.641472,20.481613
-30.000700,31.066103,30.155661
-27.029652,31.713230,30.200596
-39.477631,12.097570,29.343763
-40.572456,13.507188,30.432022
-40.716656,11.545361,31.034819
-36.683037,-21.450829,55.655193
-38.554836,-20.097750,57.082092
-37.060123,-21.772902,57.700623
-30.854828,23.060329,21.748522
-31.309092,21.124224,21.148798
-47.256657,9.310798,54.958393
-47.358929,8.468007,53.228016
-47.429630,10.405704,52.986107
-9.183241,30.018604,45.298180
-30.690344,18.833639,20.016005
-32.569389,18.765079,21.610289
-32.062595,12.986749,21.668112
-30.645756,11.826950,20.801916
-30.751766,13.684821,20.415840
-9.091865,19.729404,61.561836
14.860586,-18.014309,61.561783
-23.291437,1.250832,20.129723
-11.186709,40.756824,48.602795
-13.199679,41.808449,48.854610
-17.851578,18.279392,34.459995
-16.479277,20.195803,35.076859
-21.416719,3.970416,22.142630
-21.552477,2.615084,19.891222
-31.873079,38.552319,45.334282
-40.478466,23.828819,32.837337
-41.616459,21.990757,33.503902
-23.890413,0.715971,28.054117
-23.602713,-0.556821,26.279253
-24.021294,-1.366956,28.166185
-45.845142,25.124903,48.422390
-46.460018,23.074034,50.164597
-12.485208,-29.770998,56.193539
-20.420570,4.568287,19.779301
-23.686373,33.191418,33.336185
-25.163122,32.529335,31.666496
-23.230045,32.537422,31.429312
-10.648932,28.876747,54.438961
-9.760851,31.415504,54.856525
-9.740775,30.817410,52.401619
-47.222134,7.035233,54.055862
-47.215305,4.839297,52.741562
-47.402180,7.148067,51.979885
2.204902,28.097092,61.561832
0.774605,25.672472,61.561832
-35.797298,-20.840679,53.107960
-34.603489,-22.548504,55.058697
-11.072532,39.143074,45.355492
-13.022868,39.234524,44.464901
37.573982,19.465042,61.561790
-9.680926,25.222044,28.707962
-11.020008,24.374512,30.519094
-9.519550,25.973459,30.250429
-47.533596,11.147736,51.279503
-47.500145,8.990834,51.415726
-47.594227,9.830999,49.421768
-16.320288,12.154010,18.965797
-32.654186,20.620264,22.113779
-13.148974,24.430332,47.010204
-11.738646,26.502153,47.119740
-12.518424,25.431776,45.218300
-8.831193,27.941612,27.071863
-8.670379,28.642424,28.851864
-9.586437,29.801254,27.506527
-20.298733,-30.363380,58.416431
-22.276665,-30.721466,59.571968
-8.877459,26.747044,28.662146
-20.575041,10.679543,44.108318
-20.154818,12.369123,42.675362
-43.666389,-11.329928,56.456657
-44.211411,-9.213762,56.906353
-43.524685,-10.169875,58.327183
-13.310535,37.810162,42.434139
-11.503600,38.328255,43.739170
20.382256,40.426559,57.743362
-53.484879,7.948453,47.660088
-24.945393,-0.646196,33.919628
-24.641697,1.257837,32.297997
-24.692528,-1.487546,31.779860
37.441860,-9.879396,61.561752
-35.119717,24.263319,26.367508
-22.828291,-25.309492,52.077351
-25.543947,-24.881243,53.011768
-23.435011,-26.445219,54.233788
-27.601759,4.593891,20.522381
-28.801260,3.674312,22.131422
-27.263189,2.655070,21.215176
-8.762549,21.397005,19.400043
-32.399174,-15.807559,35.634956
-10.103489,28.348963,43.470284
-11.328905,26.982662,44.991203
-47.519485,7.597916,50.172588
-32.687485,37.640312,43.837303
-20.062346,-10.308468,53.144821
-20.751101,-8.463552,52.681824
-21.215448,-10.025692,50.791153
-16.931339,39.442764,44.259750
-14.778050,38.947483,43.761726
-10.411949,21.719870,23.444695
-11.390182,27.371864,59.985687
-32.889011,16.534922,21.810677
4.553092,39.948643,56.026211
-21.722164,-13.706337,44.739201
-22.495293,-13.159081,42.741554
-22.003050,-15.097571,42.647869
39.265285,27.028252,52.346149
16.570614,-32.491329,37.985157
-47.029522,7.838934,43.861221
-46.435066,7.774006,41.854954
-46.726131,9.866081,41.954407
-24.550476,-3.618117,31.552132
-24.913008,-2.720726,33.719231
-46.467861,-1.921514,53.369019
-46.725765,0.593354,53.783058
-46.208103,-1.037040,55.732136
-27.452017,25.921316,21.671810
-25.911530,25.309023,20.033617
-32.446442,-1.891647,29.180979
-31.422371,-0.623878,27.359331
-43.555515,12.430375,34.849640
-43.020782,15.664496,33.805111
-44.553001,15.004830,36.395489
-10.269345,38.369202,58.602169
-9.494960,36.185764,59.033424
-35.177326,21.007179,24.657644
-46.281204,0.245693,45.618153
-45.557041,-1.685160,44.918343
-45.319118,-0.651072,43.769421
-46.707447,19.416039,45.120377
-46.682556,20.720263,46.815731
-47.049934,18.772964,47.494587
-10.095392,39.088432,56.177677
-9.437193,38.848923,53.628239
-9.112327,37.105797,54.992237
-13.781286,23.732185,44.940884
-13.033932,24.788713,43.648224
-14.146152,23.377762,42.855263
-45.678535,1.777483,43.127544
-46.839294,3.068452,45.782436
-8.427084,30.589800,43.001610
-32.386631,30.294260,30.337503
-31.864216,15.013824,21.082903
-31.498207,16.918419,20.583374
-32.782459,24.387209,24.241583
-31.718966,26.306160,25.041143
-33.266922,25.891062,25.925619
-13.351763,-26.645430,53.126141
-33.316360,14.512694,22.425491
-29.107204,10.466472,19.915831
-29.011024,12.944351,19.147461
-29.194744,8.666756,20.529543
-27.500814,38.333729,43.583145
-25.124220,39.449028,44.888294
43.406128,-5.298226,61.561756
-10.841092,-21.976994,58.126873
-47.477680,14.894768,49.923073
-47.352184,16.260614,47.757816
-47.287609,17.411829,49.501335
-15.774521,31.070076,25.688814
-13.635428,30.549566,24.838451
-38.310455,-18.175129,50.928211
-38.044765,-16.923861,48.606747
-30.554893,37.694675,43.108894
-24.345392,31.757309,29.545465
-13.433043,-31.008533,57.710587
-11.598165,-31.889626,59.090549
-23.527830,1.895359,43.295555
-24.018299,-0.311375,43.247086
-23.392889,0.664275,45.009945
-18.586956,16.836664,38.327171
-18.040411,17.535667,40.674240
-17.505718,18.699860,38.857227
-28.746386,41.415665,53.209103
-30.911751,40.546658,54.325581
-31.122087,40.605789,51.480785
-15.348197,30.242941,23.676645
-21.905220,32.164597,30.118977
-32.521523,-11.766796,36.784634
-31.559546,-13.982877,38.231667
-30.071762,-13.413937,36.475964
-12.229455,25.041185,56.075348
-31.199455,-19.182318,46.490692
-33.144913,-19.286533,48.373821
-30.997627,-20.262991,48.497772
-32.486485,36.757927,41.935352
-37.722637,40.251080,55.326393
-18.247688,-30.610634,58.072426
-45.691090,24.457760,45.850361
-46.135208,22.143171,45.011192
-45.437000,23.921301,43.876217
-22.681885,39.887417,45.137730
-20.852409,39.116291,44.022427
-20.782009,40.174755,45.307693
-47.435162,8.756908,45.817856
-47.326870,7.182159,45.815456
-19.155910,16.100471,31.800787
-18.727133,16.881657,33.513000
-13.417116,-19.096146,57.035748
-14.789587,-16.913944,57.158966
-14.936852,-18.642401,54.710159
-19.050755,-0.476324,57.405083
-19.792713,41.724918,57.327545
-46.116222,20.449751,43.019569
-15.175027,42.918083,51.916466
-15.043601,42.622620,54.201637
-16.971575,43.041718,53.215336
-24.290165,0.700215,40.993149
-24.203485,2.033689,39.673210
-24.677378,0.765929,38.364704
-29.907288,40.580051,49.013645
-27.752113,41.163940,48.940678
-37.922935,-20.041176,54.438438
-39.663841,-18.651697,55.307671
-32.091290,39.881924,49.189278
-30.860315,39.602196,47.087791
-37.002762,27.893353,31.597162
-20.859312,7.906414,23.643412
-20.653589,9.559031,24.453674
-38.280785,35.371216,44.228760
-20.416159,6.571651,21.795837
-19.158751,6.744784,19.109657
-41.972687,32.214790,45.293556
-10.763773,31.133739,28.316736
-11.582939,30.625990,26.339527
-15.758240,-20.045532,51.288525
-17.071682,-18.061872,51.030571
-16.745604,-20.187994,49.394287
-9.094075,23.631023,23.235582
-22.975536,-14.146261,40.557220
-17.796112,9.032063,18.594271
-39.575645,21.101152,30.006891
-34.248913,26.581444,27.465473
-33.235134,28.578005,28.734655
-15.280704,21.953098,39.840660
-16.633451,19.968420,40.622238
-15.321233,21.829100,41.939617
-34.832016,-19.956812,50.752506
-32.219810,-20.769520,50.300430
-26.008940,33.376965,33.882206
-36.422855,35.763920,42.588100
-34.457256,36.762711,43.045967
-35.631088,-18.143595,48.390194
-30.610426,-2.672441,28.173851
-24.171267,-3.093898,28.231762
-24.354485,-2.342409,30.005707
-29.705170,-14.913540,37.875259
-27.903357,-14.579622,36.622547
-39.559906,14.060722,29.071293
-11.931660,26.125568,43.374157
-19.393431,14.413139,42.026905
-18.426294,16.351444,42.683796
-21.783621,-24.569174,50.128086
-21.001810,-25.714359,51.684658
38.727947,4.006196,61.561771
37.114597,5.668439,61.561775
-28.096321,-0.497522,24.360270
-28.285332,1.736268,22.812330
-10.490986,27.165781,39.185627
-9.851728,28.182381,40.875725
-8.871174,29.052855,39.402824
19.908949,10.689274,13.117976
18.193531,11.911137,12.408260
12.552345,30.944147,61.561829
10.267925,30.183720,61.561829
16.451771,-18.658751,61.561771
-44.761868,22.801697,40.500847
-44.544983,24.914101,41.857441
-45.528000,22.372156,42.546341
-21.114271,37.410652,41.900280
-18.678011,38.461937,43.123383
-16.242256,37.670128,42.089535
-14.525494,36.443073,40.300804
-22.067492,9.629348,29.977200
-17.361670,30.412741,24.136976
-17.974403,31.229311,26.337366
-19.340954,30.680408,25.250513
17.754168,-21.495398,61.561764
-41.807163,-15.468379,52.058086
-14.823362,-28.012793,53.660053
-17.130825,-28.736162,54.823849
-14.834651,-29.615139,55.717697
-46.819134,20.782461,48.627254
-47.090931,19.141632,49.329166
-33.386051,32.363983,34.102444
-33.986496,30.741964,32.100346
-11.565801,12.596945,61.561825
-9.017601,35.307827,55.001919
-9.322042,36.827702,56.803551
-16.510321,27.372482,17.952215
-14.174740,27.571405,18.500547
-47.254177,3.523958,48.274780
-47.454666,5.791225,49.118530
-16.170301,32.775719,31.205503
-12.890934,24.893166,41.379524
-24.118523,-12.513218,37.142635
-24.565939,-11.375720,35.332188
-25.690464,-13.735389,35.947407
-28.290663,-12.994036,35.125889
-30.375574,-11.268943,34.672085
-36.092346,2.732230,29.703913
-36.809036,4.842701,29.265104
-18.325785,26.808611,17.451626
-20.067474,26.476597,17.753836
-47.592697,12.099876,48.917953
-47.522263,13.107431,50.998409
-18.804602,-7.073384,56.893356
-18.945108,-4.460719,57.316040
-19.762951,-5.581812,55.386467
-24.612524,-1.714327,41.348431
-24.224133,-2.597466,43.632751
28.189201,-7.579902,61.560650
27.975683,-9.327996,61.561657
-12.243421,20.568512,24.124195
-11.466945,22.003710,25.728357
-8.494555,37.398376,48.795673
-9.576035,39.360416,48.739735
-9.077723,38.082409,46.433151
-16.543921,19.428026,44.834633
-16.237221,20.319490,42.937969
-17.235893,18.682001,42.557114
-24.277723,42.456661,53.708702
-21.729792,42.925465,52.981964
-22.019819,42.206501,55.915329
-35.629498,-22.819674,57.096550
-27.656433,22.528290,18.978840
-9.450917,-31.249418,58.989159
-29.205530,20.818310,19.326262
-23.301447,-11.368443,41.581482
-22.716040,-11.380909,44.336288
-23.702364,-9.283891,42.698185
-28.325541,30.456879,28.322226
-25.990694,30.862099,28.079659
-21.711109,33.974346,35.561810
-24.590420,33.874283,35.163578
-13.855228,23.060402,48.684097
-14.984087,21.153742,48.582596
-14.284150,21.695581,51.176907
32.534283,16.182873,61.561802
-11.810197,40.049591,57.953854
-7.701849,34.648743,44.962620
-7.478050,33.194164,42.357803
-35.006039,-3.807148,32.890961
-35.750126,-4.920703,34.393608
-33.893879,-5.436314,32.984192
-30.385500,15.245250,19.812145
-42.647846,30.149544,43.141205
-41.235218,30.932539,41.065960
-41.213882,32.101528,42.934555
-43.097080,31.311970,47.644844
-44.156498,29.168648,46.921341
-43.270340,30.391138,45.682655
-14.276676,23.241179,41.017437
-47.115738,17.066214,45.593246
-46.660698,17.399218,42.900669
-26.961460,32.675655,32.296677
-7.454353,32.845688,40.103085
-8.360785,34.932762,40.416473
-8.403657,33.831215,37.906654
-28.371874,6.770680,20.407681
-27.602486,8.523457,19.146521
-23.325394,30.533419,26.369379
-25.097998,30.135757,26.303646
-23.821774,29.719183,24.961025
-19.040188,11.505373,50.209663
-18.141724,13.689587,50.672405
-25.702202,7.771385,17.515862
-26.719168,6.208778,19.019644
-7.915112,30.955820,40.863369
-7.570169,31.389084,38.494926
-34.567768,29.230663,30.636820
-26.518682,3.222034,20.163166
-5.367464,25.506712,61.561840
-25.774290,4.031306,19.013165
-33.811813,-17.929426,46.526379
-31.835737,-17.639158,44.020947
-11.130254,26.837391,41.339466
-12.096362,25.496885,39.045353
5.366458,0.552897,0.790247
-20.222910,35.978298,39.780064
-18.311979,36.914268,41.131153
-10.815140,23.548243,27.816099
-24.327057,-24.006170,50.739048
-26.250700,-23.584309,51.297306
-47.442112,12.399884,52.998886
-47.416920,14.813656,52.410316
-23.298695,1.694566,26.210651
-22.395914,3.097728,24.196194
-38.938812,15.452485,28.185995
-40.288467,16.228291,29.889524
-31.037617,29.590187,28.468176
-21.558807,3.323868,17.871159
-34.675190,-7.474400,35.184937
-32.548172,-7.529801,33.329212
-12.251666,27.482279,19.328110
-13.516551,28.340117,20.221638
-9.061794,29.303782,41.600277
-19.419256,-29.229515,56.434860
-29.981092,17.016417,19.313009
-46.474640,-3.147842,50.849472
-46.170547,-3.368824,48.096333
-46.744106,-0.616974,48.477024
15.270379,-28.970079,61.560940
-12.093730,36.424576,40.464474
-13.125714,35.463028,38.554848
-10.613345,35.352493,38.860649
3.359035,-33.152405,43.103947
-7.588096,25.181644,61.561840
-15.598531,41.184647,57.987663
-7.061916,-5.496093,61.561806
-7.303176,-3.747788,61.561806
-47.280094,13.540123,44.250080
-47.385269,14.835963,46.118584
-47.524498,12.582050,46.331345
-14.622545,14.150782,18.420567
-17.376900,17.431017,46.314003
-16.202015,19.228336,47.724010
-5.802014,14.839228,61.561825
-24.188643,-8.898808,39.689850
-19.791113,9.559426,49.685936
-36.950371,-13.115953,42.597908
-19.583862,-16.529465,47.170971
-20.916098,-15.744678,44.776707
-20.219790,-17.522278,45.054760
-6.775003,-7.558434,61.561802
-6.313155,-10.080009,61.561802
-8.633282,22.522488,16.952509
-8.678988,20.407248,17.442204
-26.242161,41.168179,57.051594
-27.757536,40.463440,58.086403
-28.798496,40.944416,55.798378
-12.058877,26.506344,17.621010
-17.295994,15.561084,51.031391
-17.427019,14.319198,52.619980
-6.945956,27.394249,61.561840
-29.308306,5.640062,21.699678
40.584126,3.406001,61.561764
-21.807795,7.807124,42.793549
-22.343361,7.226138,40.779495
-22.630398,5.820990,41.952522
-15.594241,35.258942,38.235378
-16.476555,36.264645,40.072754
-18.219296,35.602722,39.069767
-19.539606,11.814865,23.974022
-19.053968,15.564853,40.359329
-45.994106,19.019600,41.333488
-43.693962,27.532080,42.334538
-43.303249,26.525709,40.218594
-42.396935,28.812227,40.687607
-15.232021,21.702253,44.216763
-30.650043,-15.686419,39.576805
-31.463497,-16.576967,41.705051
-29.439865,-17.166613,40.758011
-20.095602,13.229247,40.340492
-44.515469,-2.493919,43.369972
-23.891733,40.879822,46.763813
-21.686737,41.080753,46.649204
-22.696285,42.014790,48.557514
25.691992,29.628262,61.561810
-29.985413,39.907787,58.001045
-34.636517,14.320498,23.672161
-35.770840,16.321127,24.578461
-4.354367,16.197538,61.561825
44.497520,-12.258240,55.705704
-38.455784,-15.014557,46.338589
-38.747036,-13.348065,44.632881
-22.140633,25.758265,18.037836
-43.997894,28.791361,31.507158
-39.268818,-5.901532,38.801193
-39.127987,-7.381779,39.693596
-8.024546,35.946678,46.924938
-24.531090,24.417093,18.178865
-46.094398,-1.913331,46.547104
-26.469454,23.759714,18.991539
-38.906357,1.458879,33.652626
-37.548958,1.034190,32.350471
30.788258,17.984491,61.561691
-10.507073,39.666149,47.021889
7.560301,-33.977100,47.206909
49.826981,6.022192,61.561764
49.804176,8.239738,61.561771
-19.329041,14.884295,27.574499
-27.188999,-26.858494,56.613525
-24.185154,-27.804081,56.500057
-25.458275,-26.229460,54.950695
-18.241283,12.045232,52.664101
-19.189159,9.456849,52.098011
-22.069706,2.077384,48.496494
-22.322361,-0.207882,49.028221
-21.454052,1.635656,50.563351
-45.155819,-7.129544,48.177799
-44.755783,-8.918361,49.042034
-44.225956,-8.610142,47.244713
-15.118791,-26.002642,51.695633
-17.483322,-25.738987,50.763947
-17.322779,-27.240280,52.700920
-41.002136,29.581247,38.886456
-45.289211,24.504238,59.815857
-22.278637,31.307697,27.813271
-20.307619,31.864687,28.821676
-28.590557,-4.158841,27.853573
-29.288345,-1.917234,26.508137
-30.372921,-22.605381,52.183353
-32.029388,-23.438244,54.451565
-29.658314,-24.282427,54.321026
-16.451891,-15.211513,55.944859
-15.634472,-14.464203,58.168259
-17.098984,-12.814046,56.912308
-25.556080,-21.988718,47.515041
-25.185207,-21.051437,45.203732
-27.377850,-20.889688,46.571190
-16.153971,-12.174049,59.164162
-21.031820,10.173640,42.379757
-20.892597,11.230103,40.460350
-21.737204,8.944631,40.648178
20.261728,28.209183,61.561821
-23.844858,-18.935369,41.887592
-22.941910,-16.801481,41.004704
-24.994230,-17.762749,40.193794
-25.187693,5.847705,17.651634
-23.743456,4.408281,17.153881
-42.036747,27.768599,38.801266
-29.371372,-20.488729,47.562450
-29.084299,-19.893553,45.918999
-47.073128,9.138714,57.344650
-37.790379,20.027193,27.291290
-29.553421,28.898054,26.585543
-28.173384,28.221380,24.851143
-27.243191,29.626728,26.413399
-10.182787,30.609421,57.099850
-17.601763,17.615362,44.220924
-28.294552,-11.402438,33.648579
-26.283627,-11.818440,33.862812
-23.651955,2.625152,18.435030
-45.551815,-5.191096,47.494823
-44.412045,-6.416232,45.768822
-45.275410,-3.764093,45.642540
-46.264431,13.756356,40.142567
-46.865311,12.349212,42.033863
-46.163567,11.081707,40.063965
-38.105583,33.548576,40.173744
-36.865623,34.699547,40.828411
-12.966457,23.093172,57.203598
-13.341205,22.631552,54.977261
-13.723969,21.190767,57.294502
-36.011452,8.859593,26.544796
-37.916519,10.107047,28.114182
-37.053539,7.557402,28.180893
-31.025965,40.037174,56.447029
-19.864042,5.139725,17.293310
-19.735569,7.240963,52.225563
-19.034924,7.886616,54.095909
-37.410336,36.916061,55.343121
-36.423378,37.151711,57.213894
-37.885811,36.170803,56.920280
37.499416,-22.385860,55.210728
35.772011,-24.162674,53.438442
37.662693,-21.848461,52.782352
-27.460455,35.954388,39.563847
-28.713896,36.999969,41.518452
-29.797388,35.921124,39.618050
-9.810712,23.524294,25.285635
-9.061905,25.653246,26.800173
-26.436649,-6.319647,29.032024
-24.448668,-4.762050,29.667219
4.113390,31.109669,61.561840
-14.712171,12.493350,16.577404
-23.409676,-22.260065,46.679066
-27.287966,-17.729710,40.290886
-27.932020,-18.811174,42.447395
-25.066843,-1.490449,23.841267
-23.904099,-23.145016,48.737049
-25.972872,-22.771423,49.540840
-41.042404,9.367479,32.169598
-39.397362,7.518589,30.885843
-39.648632,9.787994,30.251957
-43.781940,24.276493,39.254074
-12.899506,15.839223,18.083614
-47.323212,10.590115,44.387768
-11.216658,17.729528,18.521475
-26.233566,-15.557163,37.527481
-28.176825,-16.316807,38.727051
-26.156582,-16.831833,38.933228
-24.788788,-0.956321,39.663265
6.843107,24.676003,61.561821
-32.210270,35.785732,39.891788
-30.892111,36.631096,41.186733
-13.268765,42.337029,53.098610
-13.277447,41.896107,55.031521
-12.851469,22.615536,29.972290
-26.256912,37.101440,41.546890
-20.336786,-11.564664,51.634331
-17.421776,13.252069,54.239056
-27.342876,11.017173,18.204657
-34.543308,35.579689,40.614918
-39.301987,31.796301,39.035519
-39.649555,29.906918,37.118813
-38.012596,31.604095,37.085876
-24.355612,-15.921599,38.842735
3.103774,15.576233,61.561626
0.956502,17.437269,61.561829
-39.256668,35.945889,51.536713
-40.862705,34.440048,50.146599
-38.869545,36.222565,49.602169
15.898100,-20.393177,61.561775
-13.205901,23.710798,51.171722
-12.580418,24.571833,53.351471
-11.911335,26.088051,51.682476
-46.972038,5.127454,55.253403
-10.251500,40.379803,52.388908
-9.055573,38.575554,51.183670
-24.843977,-10.176362,33.730961
-43.152649,-8.265944,45.091270
-42.996868,-10.099225,46.423615
-41.901897,-9.799064,44.658226
-44.721920,-7.099522,57.127045
-45.248074,-5.000359,56.956177
-19.403160,-27.735392,54.143803
-21.712008,-27.719061,55.238960
-46.942272,1.591376,47.505489
-16.928528,26.295708,16.143349
-18.983545,25.738770,16.068993
-34.720104,-11.260764,38.372898
-35.428555,-12.695520,40.564919
-33.481709,-13.010870,38.935387
-19.327219,15.502694,29.561344
-39.005264,19.842262,28.776743
-39.962513,18.922564,29.806782
-4.446457,14.109534,61.561817
33.405323,-3.818510,61.561779
-11.653117,29.604015,24.054859
-21.570147,10.665200,36.165665
-21.636454,9.865977,38.711903
-20.824236,11.997597,38.302536
-11.689029,-7.224115,61.561810
-24.913105,-8.494917,32.160419
-24.474985,-8.286111,34.182724
-11.035719,26.266743,37.446163
-9.489960,27.776436,36.976597
-24.679491,-4.102800,41.490852
-24.195635,-5.041706,43.887867
-15.988648,-16.747337,55.091717
-16.979767,-15.757576,54.345631
-16.446692,-17.412981,53.307434
-21.003296,25.029623,16.349150
-44.394600,-0.392281,41.962173
-8.156331,29.386707,35.069557
-7.765684,31.910999,36.263870
-22.736973,24.385885,16.851263
-11.725030,19.939547,22.427458
-12.730727,18.680803,21.681578
-13.764452,19.173403,23.636267
-1.107392,-22.584673,61.561779
-23.574945,3.485413,40.906841
-24.044222,3.433580,38.054523
-27.624992,-21.681768,48.607960
-22.783184,-5.537307,48.712719
-21.774294,-7.153809,50.909695
-21.798464,-4.852078,51.228001
-25.948290,22.482653,17.645317
-27.394075,20.424585,17.715313
39.071068,1.870601,61.561771
-28.738569,18.458551,18.347183
-36.693195,24.208044,22.213152
-45.955898,8.789118,40.248573
-45.316059,9.843328,38.541656
-22.337145,7.961461,38.960091
-33.338764,-3.672434,31.238209
-30.726938,6.334012,22.692179
-42.959492,23.805588,37.103977
-42.607162,25.869169,38.100105
-25.050190,-3.725489,37.260197
-24.795284,-5.861965,38.952694
-24.944374,-2.845791,39.474274
-45.308262,12.631224,37.924385
-9.724608,32.547878,58.048954
-9.596591,32.514069,56.445683
-29.664701,-18.931602,44.339893
-29.987616,-17.917587,42.585468
-14.133525,-23.602619,51.750782
-13.214385,-25.040709,52.723942
-37.591080,32.903816,38.495350
-36.243744,-16.471474,46.323101
-22.944544,38.435219,43.306553
-23.670391,-11.761395,39.137543
-24.166714,-10.405633,37.090199
-13.503972,41.150925,57.131557
-14.855803,41.884468,56.254707
-46.040401,16.767239,40.214340
-19.365589,-12.299833,53.096642
-19.903931,-12.942425,51.264660
-18.943394,-14.191635,52.055988
-16.293015,20.576376,37.786991
-14.663237,22.618330,37.878387
-21.101402,9.214089,44.057674
-21.402571,7.535731,45.391106
-20.628777,9.599180,45.886318
-23.693794,-13.748970,38.643349
-22.161598,29.204023,23.244699
-24.489498,28.417961,23.104731
-47.509720,14.163621,47.764286
-10.747222,26.141129,35.610703
-24.647507,-14.491486,37.435329
-13.566559,34.112846,35.389797
-13.933498,34.736137,36.985947
-41.033932,27.755146,36.983700
-46.305923,5.800611,42.437328
-11.616822,40.748596,55.904198
-24.380068,-6.594355,41.997715
-37.239372,-11.628356,41.306141
-38.795433,-11.602036,42.866890
-34.448383,-9.683798,36.707191
-23.896881,4.678818,35.649830
-23.949022,4.785629,33.474651
-24.454170,2.928610,34.014797
-30.732000,25.663860,23.669607
-22.394695,35.207993,38.367222
-19.856415,34.824532,37.615971
-29.806984,-21.322117,49.621399
-18.364880,7.119987,16.833626
-25.035156,-1.640008,37.800911
-40.576984,-7.862997,41.631447
-17.248587,8.590721,16.187933
-46.991074,5.684776,44.795174
-46.376530,3.952412,43.641098
-26.646986,41.802742,54.562683
-26.433481,42.033623,51.381660
-31.917776,-5.802227,31.547552
-31.043167,-4.094181,29.590025
-16.231846,10.331569,16.721645
-7.531639,34.590092,61.561428
-7.903417,31.904457,61.561966
-13.201206,14.194935,16.242893
38.696190,-13.056038,61.561756
-9.740752,37.747677,44.249149
-32.335606,10.908759,22.468849
-22.473812,-19.655598,43.344135
-24.062014,-20.246454,43.460400
-44.550255,2.070542,40.841919
31.534981,-4.899635,61.561825
-38.235752,21.636532,28.450924
-45.430664,20.977251,40.966515
-45.297569,19.278605,39.389614
-42.844837,31.860342,52.500813
-41.788826,33.325153,52.083656
-41.818424,32.920700,54.291180
-31.825718,27.624485,26.529875
-11.062127,-30.562092,57.584030
-39.123528,28.713005,35.062351
-38.304344,30.163059,35.613747
27.597391,36.471661,56.016048
-44.732407,7.754338,38.262897
-21.588921,-17.621840,42.965843
-20.724691,-19.674423,44.467911
-17.603674,34.611038,37.017307
-23.560328,5.145644,37.469090
-23.168373,5.555042,39.287743
-8.959941,30.271675,29.855488
6.121809,31.196741,61.561832
8.571731,31.737192,61.561829
-23.014311,6.859528,36.784313
-22.198277,8.891870,37.089794
-10.896506,28.032875,50.885929
-29.288519,-6.406614,30.094929
0.359163,14.485257,61.561821
-24.492384,-8.045795,36.686455
-15.600530,-19.132624,52.721218
-36.016335,32.919506,36.935814
-36.752739,31.424427,35.454510
-15.471257,20.920843,46.287350
17.243492,8.292343,8.943527
-25.700768,-19.854534,43.139912
-21.560205,-0.789727,51.248390
-30.892357,34.959850,37.872707
-33.147873,-16.100859,42.718517
-43.338947,-2.029321,41.312145
-45.591480,6.512359,40.435638
-31.716415,4.286192,19.047228
-18.436588,10.202332,54.071487
-43.057995,-6.420076,43.630802
-41.919807,-8.195459,43.417934
-47.543797,8.013012,47.889561
-44.247791,21.746622,38.373737
-44.220840,19.413759,36.940475
-19.717657,-8.475465,54.687538
-18.537693,-9.117990,56.575733
-8.368461,36.655552,45.076355
-14.858969,22.159584,35.797497
1.334578,-17.518391,61.561787
-18.418152,17.075638,30.151487
-17.184618,18.646482,29.903826
-18.045469,17.101309,28.114378
-42.950016,-0.223612,39.733303
-44.215195,9.893036,36.569622
-11.927879,-20.054205,58.622215
-41.739609,25.685713,36.308346
-32.633133,-9.393532,34.837357
-25.077484,-2.129555,35.630844
-44.039440,29.957960,49.354801
-43.231934,2.043460,38.850353
-24.570812,2.223915,36.006470
-9.900467,29.099590,25.563869
20.971800,-26.779732,61.561760
-11.722429,-2.756328,61.561813
-31.318449,24.055725,22.787939
37.912178,-20.163923,61.561752
36.028088,-21.361664,61.561749
-26.027258,-18.742548,41.406338
-20.137005,7.633450,50.469013
-20.651621,8.247018,47.774628
-20.941542,6.115542,49.006256
-21.107121,32.922180,32.406425
19.753988,-21.172129,61.561768
-36.637856,-10.731268,39.824741
-38.498974,-9.717463,40.859352
-26.378340,40.559353,46.921032
-40.385674,-15.082344,48.514374
-23.614248,-1.515177,45.571262
-22.862482,0.550208,46.969467
-12.894987,24.269514,36.483543
-37.328293,-8.759665,38.842491
-10.844949,33.019707,33.030842
-11.792693,33.882118,34.960712
-45.062508,17.088806,37.819489
-41.756325,-13.679709,48.523998
-40.593506,-13.227249,46.423824
-42.542511,-11.868787,47.525021
12.608756,23.464161,22.166025
-13.541230,23.087692,33.802277
-11.502793,24.836872,33.442272
-26.400410,35.201378,38.103313
-28.582411,35.120819,37.915741
-41.573101,33.416134,47.786053
43.128147,5.213883,38.723877
-33.146351,-14.645653,40.573616
-14.195417,20.605444,55.360168
-43.219250,7.434296,36.007267
-39.998737,-4.349722,38.590584
-41.690670,-2.957673,39.717045
-35.094868,12.415599,24.511826
-34.163147,10.070333,24.332159
-33.591057,12.599958,23.078909
-38.008759,6.582093,29.701887
-38.434788,8.244089,29.424776
-19.984285,29.862720,23.618187
31.935913,22.629673,61.561798
-47.418194,5.950242,50.847904
15.511681,-14.188079,9.765700
-44.746540,28.346506,53.084309
-44.349174,28.690777,55.063290
-45.126507,26.816376,55.353352
-30.181686,27.289886,24.967743
-24.200583,30.936436,27.581963
-21.831032,-12.106153,46.665028
-17.410049,33.832539,34.961098
-19.206751,34.079357,35.815731
-14.770300,-35.097404,58.752296
-41.797089,23.804932,34.951260
-42.962330,21.492508,35.564960
12.307922,-18.506531,61.561798
29.809362,22.363035,61.561840
-25.629902,41.976044,58.009369
-35.871639,-9.727604,38.148109
-41.466579,-1.003523,38.268661
-41.998894,0.996121,37.771572
-24.691078,-6.142431,34.783741
0.017816,9.911025,61.561665
-34.351837,22.459829,24.472446
35.343472,-9.785271,61.561760
-30.389582,4.627775,23.142912
18.672949,31.009342,61.561821
-29.331272,-9.874333,32.846481
-30.491730,-7.929151,32.056889
-31.157787,-9.135487,33.465317
-28.708696,43.302906,45.393524
-29.331322,43.231972,47.439850
-42.173634,31.312214,58.163628
-43.528271,29.068077,58.456902
-43.452049,29.940371,56.392143
-15.623442,34.301033,36.040634
-43.945808,17.458097,35.671650
-43.279156,19.363115,35.095684
-43.485752,5.391583,37.401485
-11.656225,41.387276,53.849697
-11.658789,41.609768,51.626194
-34.146290,15.866762,23.004370
-37.989807,-6.873546,38.101143
-24.359703,-9.702503,35.464180
-23.823450,-7.269785,44.421856
-9.290633,33.381969,55.283081
-41.827526,7.173725,34.161755
-42.731453,9.559816,34.410912
26.880499,-1.499399,16.070953
-18.548088,-15.745068,50.888985
-19.912523,-14.386098,49.311092
-36.254684,-8.115325,37.225880
-24.768396,-6.977874,30.838303
-19.204165,33.446213,33.962433
-17.673048,18.540268,36.855133
-19.032326,16.259064,35.725666
-27.086689,-10.202386,32.312500
-45.550133,15.147030,38.482426
-40.269947,26.280886,34.402451
-16.493101,16.424168,52.919819
-22.391912,-8.415000,48.753952
-46.866978,2.863859,54.471069
-38.616951,-4.850888,37.369301
-22.618799,6.499320,27.122759
-39.807461,-2.655540,37.288860
-42.187828,5.290720,35.608646
-42.420155,3.162682,37.094559
-8.149648,29.701014,37.412216
-16.501734,17.235098,51.248486
-28.661930,-8.547895,31.424932
-40.382065,-9.728545,42.861645
-15.442546,-21.805136,50.504299
-16.996460,-22.657335,48.671993
-16.074213,-24.304998,50.081268
-47.579559,10.435644,47.069241
-19.935202,2.754131,54.267315
-19.105827,2.029979,56.892735
-19.085276,4.416420,56.114239
-24.948198,0.108807,36.019146
-43.993927,3.768310,39.031017
-24.800879,1.161596,34.472511
18.825027,35.215084,61.561821
-21.367022,-23.357374,47.859653
-42.494522,13.604427,33.062611
-42.138489,11.486856,32.961788
-37.336468,36.111851,58.717247
-39.062813,34.934296,57.800613
-10.069170,26.375301,33.848770
-9.950394,-3.146870,61.561813
-15.354069,21.221205,33.115784
-13.787844,22.387583,31.840595
-18.652348,31.752489,28.046741
-24.369263,34.642139,37.030064
-24.930683,-4.250078,35.054329
-19.353722,-18.533737,46.043434
-21.916948,5.654116,24.509785
-8.771777,3.993569,1.236640
-14.386271,22.575109,46.749088
-44.028770,-4.852970,44.028690
-24.844641,-5.693954,36.542358
-42.516094,18.238337,33.421249
-33.230648,39.726788,52.805965
-12.872056,21.821907,27.792156
36.792393,17.298653,61.561783
-36.875195,-18.560480,50.108723
-21.511650,30.458956,25.486553
-40.355793,34.779461,53.102493
-39.425114,35.229507,55.430622
-40.685089,34.129906,54.755363
-17.232595,33.281574,33.168594
-23.648321,-5.366758,46.020596
-9.383839,27.443396,34.925198
-20.900637,12.457088,30.147850
-16.571554,15.241504,54.703938
-22.744768,2.706346,45.650822
-22.114735,5.075943,45.556499
-22.817028,4.265649,43.508686
-34.087772,33.212406,35.944542
-33.777935,34.401138,37.880623
-35.447414,31.188837,33.902855
-35.239227,32.277592,35.286720
10.723875,-16.459520,61.561840
-26.768887,34.268028,36.032001
-40.127979,6.276153,32.390354
-40.978153,5.279913,34.002029
-28.805107,41.336349,50.922798
-9.783818,14.008742,3.818189
-40.870647,3.219404,35.019154
-13.013477,33.566345,33.830948
-13.285741,42.352242,50.962494
-11.941927,41.593117,50.002720
-24.374334,-0.231744,30.042770
-42.426628,20.282047,33.996952
47.973755,5.006027,61.561764
-36.082787,34.199707,39.150509
-47.363796,16.436657,51.213154
32.338673,30.894581,46.183678
-45.951572,-5.281780,49.385784
-45.429897,-7.781816,50.716930
0.972835,-22.160295,61.561783
0.361500,-24.308577,61.561779
2.491785,-23.887154,61.561779
-15.188052,33.515129,33.684963
-37.335285,29.513836,33.711510
-35.741501,29.827986,32.425694
4.592184,-23.339235,61.561771
-9.977859,28.088375,23.480450
-9.012103,27.337055,25.182793
-8.897981,27.708191,33.212627
-32.552277,22.372702,22.765671
-18.959894,39.872055,44.813698
-41.763008,-11.365721,45.892685
-25.125853,38.165924,43.091221
-20.867847,-14.197132,46.767555
-41.478794,12.883940,31.739824
-38.620403,27.548031,33.217419
-0.168696,19.959972,61.561829
41.116371,-14.602683,45.175720
13.706683,-20.339279,61.561771
-45.201889,4.631696,40.617832
-28.175598,33.404976,34.139519
-29.574142,34.078800,35.814205
41.865883,20.985090,61.561787
-14.220680,21.145317,53.458065
38.745811,-18.721573,45.554581
-39.138737,-0.686355,35.267879
-17.745428,-15.858013,52.611835
-41.670410,14.839974,31.783762
-11.512740,26.874208,49.360149
-12.620088,25.043102,49.081493
-16.931370,42.296108,55.934578
-18.979935,-22.789358,47.423073
-20.094648,-24.301519,48.974586
-32.038795,33.814850,35.964134
-37.829552,-3.165140,35.382271
-36.343983,-2.924492,33.638145
-10.118244,-25.971186,56.215893
35.524136,7.970202,61.561993
-26.936831,-8.039751,30.463768
-40.809246,33.490215,56.672947
-46.598412,20.495089,57.296272
-46.877033,18.301394,57.659954
-47.036243,18.434935,55.318497
-20.424797,5.473517,51.304539
-22.672365,-21.036154,44.645252
-21.075014,-21.975674,45.989136
-41.779694,16.590071,31.989779
-12.554608,23.456955,31.894894
-21.125128,42.836281,50.474136
-19.208815,43.147411,52.013275
1.544738,40.149353,52.276459
3.153215,40.103512,51.041260
41.379089,-10.983327,40.685513
-29.206259,-26.909929,57.753002
-41.184628,18.268932,31.391661
-9.777527,26.161175,31.937571
0.408216,40.372196,48.222889
-13.729640,23.795462,39.269897
-8.557508,29.269596,61.561863
35.959194,29.563246,50.501888
37.629940,28.160156,50.701729
-26.560966,27.624224,23.119917
-31.361700,-25.861601,57.700203
-33.415310,-24.158991,56.752331
-19.954191,31.295574,27.037867
-19.067089,-20.620211,46.269417
-8.870449,25.778046,23.975645
-19.639446,41.111923,46.450924
5.806932,-25.262812,61.561775
3.859185,-25.240093,61.561775
35.735985,25.487928,61.561829
-38.499302,36.406311,53.473724
-22.152142,6.242420,43.744621
-6.040838,-18.808468,61.561790
33.835213,-5.607647,61.561768
-11.222184,22.407562,61.561852
-10.982820,20.473721,61.561829
-47.298199,5.407386,46.799744
-20.774246,-3.852974,53.473408
-21.501518,-2.718410,51.801025
-40.401112,-11.542857,44.477757
9.282272,33.800087,61.561829
-19.274956,-3.688941,10.185428
-7.151090,5.557037,61.561821
-46.336449,22.714926,47.358292
-12.182164,-21.300240,56.511967
-23.698372,2.648119,28.064281
-43.796036,-10.574938,48.431301
-17.360437,9.581467,58.907112
-23.869362,-3.643922,45.282650
34.358582,27.485531,61.561832
-45.684830,3.698130,42.082989
-52.542721,18.083698,54.698990
-23.271460,-3.290122,47.265518
41.861546,14.504466,61.561779
-38.371277,-20.230633,46.092396
-13.949824,29.502087,22.381390
-32.081512,5.836502,24.117680
-28.823526,26.636833,23.330069
-25.904467,29.080448,24.864811
-22.966663,4.067311,26.374678
5.814754,26.387089,61.561825
-15.683092,17.385269,54.795769
37.711117,-19.693783,44.062927
-36.681168,40.717724,53.700691
-34.627842,41.419830,53.057850
19.682432,-17.766159,15.722250
-13.468534,22.845825,52.872749
-17.187765,40.946808,46.153519
40.703175,-10.378201,38.360142
-6.044749,-2.226618,61.561810
-8.399846,-2.437897,61.561813
-8.616703,27.924873,30.664906
-45.895432,-3.434038,55.377445
-45.500160,-2.906953,57.727722
-10.464017,29.040457,52.128334
-11.114110,27.683815,52.611622
-44.462841,-9.954583,54.960239
-42.793343,32.081516,50.297050
-31.128672,-24.761803,55.866505
-45.000301,-7.997939,55.037201
-45.491802,-5.922706,54.999538
-21.582449,-7.661791,16.649235
-9.605573,-24.151934,57.914936
-16.719812,-12.239139,13.655191
-20.400309,-32.223816,55.062222
-18.126638,9.188354,56.205830
-17.699429,11.693501,55.184971
-35.676605,20.609806,20.075058
-35.692028,22.516823,20.642132
-18.700232,41.999760,47.797424
-20.344725,42.082806,48.141560
-21.992023,-29.234533,57.494358
-48.946457,29.698160,51.788906
-27.591778,-25.203318,54.560963
-29.334984,-25.660439,56.085796
-14.866952,19.476465,54.272190
-25.134144,41.708176,48.806000
-45.874374,24.614590,55.299831
-46.053402,23.015362,57.441513
-36.893730,-5.911598,36.254978
-46.888603,-0.078470,51.494980
-45.590664,26.052580,53.590229
4.710217,39.837715,49.227924
5.738512,39.290302,47.209026
-37.329754,-19.357008,51.968391
-11.364516,27.179241,55.948204
17.709869,13.959454,13.808072
-53.371418,11.459488,54.744942
-27.133581,-29.373329,52.546600
-45.261345,25.705822,57.276527
-44.366825,28.021692,56.903496
-44.395763,27.098673,59.064178
-44.668907,5.590276,39.168907
-24.226549,-29.345905,58.526764
6.817440,-27.278969,61.561771
-8.453947,36.357632,50.603439
-8.757215,36.512436,52.858757
-46.826153,14.972140,42.315338
-19.778776,-2.451662,55.631901
34.492367,30.353441,49.244091
34.166412,29.853498,46.871445
-34.244343,38.992447,49.264973
-46.079853,-4.535582,53.119011
-10.513357,40.224873,54.574295
1.813423,-19.705477,61.561779
-27.437365,-19.970501,44.467140
-47.122246,15.623533,44.280537
-19.958340,0.320488,54.919697
-20.731903,-1.313279,53.355637
-43.462612,30.606903,54.044300
-20.808884,-6.500630,53.142380
-45.644291,-6.681374,53.100681
-46.011974,-5.532306,51.442986
-18.063114,-24.385008,49.144157
-20.527044,7.573504,7.276760
-47.316307,13.551848,55.093170
-47.274033,15.874894,54.560291
-33.231037,-21.701412,52.497669
-21.787443,4.364475,47.607521
-49.729702,28.378027,49.464886
42.916241,11.933772,39.887280
43.258961,13.403818,41.224941
-20.598068,3.326977,52.122261
-20.776646,0.925738,52.671677
-19.261578,-26.488739,52.138439
-18.697979,-11.216605,55.163227
-22.975323,-1.487852,47.660370
-17.777370,-21.044846,47.643929
-18.137182,-18.663759,48.086586
-40.087391,-18.142118,57.421459
-41.330177,-16.118315,57.398487
-37.316452,37.281624,49.122307
-35.986263,38.162964,49.668301
-37.532131,37.286541,51.179581
-34.857277,-23.942762,58.360821
-36.484089,37.874920,53.447441
-17.924267,15.010006,49.259529
-22.429356,-2.608522,49.518818
-47.348812,11.397227,54.485538
-19.521835,-25.321333,50.379345
-27.946125,-22.573671,50.618870
-15.101883,42.571617,49.700157
-10.379435,40.538803,50.573971
-15.688797,19.201668,50.560860
-18.632147,-16.619112,49.382687
-41.845318,-14.659462,50.239223
-11.648880,26.512220,54.061687
-21.233015,3.980433,49.800880
35.435890,-21.794540,41.614311
-44.498817,-10.482503,50.876049
-46.232380,24.003262,52.760551
-43.879395,30.281733,51.624725
-14.935608,19.966730,52.560112
-17.073351,43.034992,50.855694
-18.824984,42.731304,49.483860
-46.470623,1.217576,55.984283
-15.750135,18.165556,52.776264
9.244319,-27.636974,61.561768
-21.263454,-26.560455,53.226395
38.698498,-17.958796,43.362221
-35.150799,38.771263,51.728043
-34.661083,38.918148,53.792839
-47.237617,11.492884,56.251896
-27.982216,-23.863914,52.804237
-44.985683,-9.162801,53.072678
-46.973228,-14.109575,49.397938
-33.288101,39.348301,55.390053
-43.559471,-7.823792,38.766659
-40.924934,-17.101154,55.235031
-42.209576,-15.226085,53.630608
-42.350681,31.755146,56.032791
-19.243244,42.836956,54.476482
-17.925179,-14.028458,54.356140
-13.591900,-20.246223,55.211418
-14.323187,-21.062613,52.898830
-12.687437,-21.956036,54.878403
-11.353550,-23.370331,55.793907
-12.807170,-23.296350,53.604122
-35.410061,38.186729,55.561703
-19.673580,5.477105,53.694035
2.849945,-31.766544,35.458195
-17.003410,-29.853964,56.505066
-46.606514,3.320258,56.813812
-47.189327,13.577983,57.263577
-17.626005,41.225399,58.241627
-9.307614,34.515182,57.198627
-18.515638,3.804050,58.284191
-46.252918,1.755634,57.952011
-21.558809,6.254717,8.418649
0.231394,27.926020,61.561832
-45.974308,-0.210790,57.781635
-32.143711,39.250046,57.678104
-15.804723,-30.972517,57.936172
41.982956,9.937146,37.517193
40.755798,10.192901,35.594933
39.206264,-13.943913,38.185493
-17.219593,11.359302,57.524792
-5.774920,29.648668,61.561836
-23.454386,41.147739,58.099117
13.516889,-26.435766,61.561813
35.443092,15.497782,61.561806
-0.274695,-20.734615,61.561783
7.619715,29.253996,61.561825
-50.887920,10.577405,61.561878
27.032705,30.595108,61.561813
-21.590784,41.478004,57.705528
-23.649324,42.580490,51.053612
2.433646,40.027298,48.728474
3.828556,39.612103,47.414337
-24.676132,43.893574,50.211720
-21.431208,6.184107,47.061699
-9.552231,11.495277,2.976965
-24.635986,41.863453,55.905125
-4.765455,-17.083635,61.561790
-5.071446,-6.215573,61.561806
6.098277,-26.751266,20.779778
6.993099,38.442184,45.208981
-39.923664,39.320282,55.047413
-33.157654,39.727989,50.888130
-16.976009,42.282253,48.364277
-11.005102,16.635061,61.561836
-16.965664,17.199409,49.122749
-10.397240,14.387201,61.561832
41.464329,16.416306,61.561779
8.764518,-26.485506,20.984816
39.911602,-9.907134,36.204651
40.157452,10.656426,61.561779
8.303770,19.659143,13.422060
6.387452,21.208902,14.551459
-39.102978,39.705116,57.093987
-10.315354,18.552841,61.561840
-15.727761,-9.469883,9.431544
-16.225977,-7.275979,8.393414
-3.808725,-31.661053,45.102730
-1.983863,-32.536049,46.811646
32.271854,27.563105,61.561798
-27.833546,0.689469,17.410421
6.564666,27.761961,61.561825
4.723048,28.557087,61.561832
24.370670,5.790169,14.982262
24.840054,2.983352,14.515705
23.158804,4.789367,13.209314
-49.681541,-2.488779,61.561852
-21.767809,-5.998418,15.450822
38.715412,-21.113333,57.035526
-16.571129,29.381170,14.916978
-14.255673,29.322495,14.903258
33.832836,32.333549,56.104229
22.411572,17.529074,21.266806
9.028191,-19.191713,11.293250
8.378646,-20.738674,12.861481
6.781528,-19.920918,11.434890
33.617378,-26.239780,52.754669
34.617298,-25.570551,54.929794
43.299820,-12.500731,50.111916
-13.448083,41.346325,58.148109
-24.687548,-25.435534,44.313400
-4.591199,-18.817766,10.380548
-6.206825,-17.808846,9.776413
31.821175,-27.663555,51.585545
-45.575321,33.898750,42.291359
-47.365730,32.064323,44.280567
-45.998150,33.863064,44.720451
44.228428,-10.920227,50.747467
-52.522762,2.762794,57.533386
41.929085,-13.865570,46.923367
7.355773,-33.668633,52.480846
36.775845,22.605852,38.135452
-27.377449,2.469681,15.922828
-26.653219,3.886989,14.474689
-28.545071,-23.372028,42.967747
22.774393,7.449866,14.020795
9.468228,-33.746948,51.474586
25.778397,22.055559,27.831924
19.250631,14.511806,15.731509
16.384151,13.198186,11.888678
32.026035,33.569084,55.807434
-1.098871,40.694714,49.952618
1.030576,40.313698,50.360992
45.814449,-8.650850,53.295704
43.343651,-13.777940,54.083557
-37.667942,11.794913,21.998068
-37.184933,13.831311,21.153587
-0.051160,38.908745,58.192448
-12.065571,28.056417,13.628218
-20.490770,-11.465723,18.772886
-28.213940,-28.349724,51.322712
45.448666,14.587267,47.064617
44.603836,16.489275,46.606930
-30.753544,42.700485,44.494289
-43.398380,-22.094109,55.836288
-44.966892,-21.260117,57.540333
28.866781,-29.536108,49.923851
-11.581848,-26.977789,36.626400
-11.562231,-26.631985,34.705254
13.018937,13.372926,9.318749
42.339993,13.307404,39.422604
41.994385,15.370975,39.974792
6.999013,-25.762712,19.327896
34.352211,-21.470419,37.834541
32.696331,-22.775227,36.729698
-52.986992,15.903359,54.072838
39.550831,-12.047369,37.078972
-46.957687,31.158548,39.463806
0.094020,39.412323,56.385742
41.669472,8.017856,36.496593
26.439077,-30.462490,45.431534
-11.120886,26.043198,11.461070
41.458015,13.618276,38.082676
17.204590,15.886963,15.311861
12.260011,-32.915283,37.602562
-11.754982,-32.857876,54.080246
-9.775056,-32.841995,53.257488
45.282001,-10.431035,54.714375
2.326585,-33.209728,45.096825
41.002426,-15.685895,47.229050
-30.562454,-20.210989,39.575809
-29.538500,-21.949375,41.380844
-31.634722,-21.024487,41.518513
-52.637520,16.311848,56.398918
-26.006287,43.841209,45.409981
-53.563469,6.995015,49.299553
-53.597000,7.228504,50.998501
12.565518,-16.722553,10.219748
-19.901371,-13.151519,19.677244
-18.155483,-13.980145,17.874443
-37.451466,-19.296349,43.924168
29.404678,0.501510,19.269962
-32.775028,42.057846,51.785870
19.225756,-33.109562,50.156521
-22.927387,22.991339,11.156230
-16.754311,-14.674930,16.492727
-8.104278,-28.965843,39.691952
39.977776,-18.958851,53.877850
38.790001,-20.668905,54.521179
-34.436028,-28.751392,56.407978
-43.151955,-21.060696,53.473667
-41.453171,-21.866327,52.207634
28.419716,-1.769522,17.870041
27.522045,0.508300,17.051525
8.558821,35.837776,40.324852
50.081043,10.015419,57.183632
-29.762796,-3.451637,22.208389
14.107392,14.514424,11.266836
-44.127113,-1.597582,35.329403
-42.835781,-2.554767,34.557442
37.048065,5.148128,29.368181
39.875885,-16.830549,45.229713
-42.329773,-11.496849,40.365395
-43.474945,-9.562757,39.959187
42.703415,-14.090837,51.394180
6.340354,-21.275976,12.964732
3.997082,-21.553566,12.895090
-42.359516,-4.525280,35.345047
-53.351940,8.531954,55.307243
-15.358727,-16.246538,16.314497
-16.853539,-15.966446,18.219748
3.358204,33.317001,33.497959
-43.649220,34.528305,38.506428
47.557804,10.350560,50.000717
43.013493,10.157537,39.404854
-19.475302,-11.878280,17.645544
27.583263,-30.115759,47.908413
-20.674202,-5.335814,13.368656
3.413598,-31.477459,33.660385
-47.686588,-11.040846,46.716190
-13.615560,42.078686,56.468513
40.045887,-19.243908,56.107239
-3.318651,41.232830,49.626408
-1.817319,23.971916,13.030932
36.435471,-23.104090,51.253658
48.026936,13.911875,53.950432
16.402071,-33.720139,44.337135
-9.147497,1.951405,1.196567
44.611374,3.908805,41.680321
30.588808,-26.112860,39.836338
-19.210752,-5.531396,11.374398
34.855362,-23.320528,44.172241
36.480541,-21.270365,43.802624
36.233864,-22.166746,45.781586
49.696209,5.679783,55.028557
31.473289,-11.307575,23.338776
-27.133764,-27.829250,49.863789
23.614569,-28.987463,35.109962
25.495035,38.324268,58.008507
18.645565,-16.045429,13.398343
41.251209,-17.327198,55.065098
41.065308,-18.012951,57.284370
41.972137,-15.815740,53.182617
42.478840,-15.507183,55.257778
18.702772,6.991208,9.599896
45.089348,2.626736,42.854931
11.243025,-15.209638,8.270742
-0.402038,40.361504,52.001156
0.405371,39.892971,54.258022
2.169491,39.723633,55.625240
39.428112,-0.427759,61.561768
-53.016621,6.566467,56.789703
48.382267,9.908608,52.179852
7.388002,-0.623362,1.270579
1.542273,19.231503,61.561825
-53.517872,7.723912,53.093346
-42.172573,35.313976,37.375740
-43.329803,-23.271111,57.717804
2.689265,-19.104567,9.830663
-52.204166,18.562538,56.633377
17.595570,-33.189789,51.503651
32.230244,-24.677769,40.003593
-35.700405,-19.172800,42.238789
14.778544,-16.131624,10.893735
-22.826538,43.962399,51.226692
6.852297,-24.800430,17.805492
-39.789543,-18.546164,45.204929
-13.120813,-3.524420,53.590675
-48.665241,9.712452,39.858833
16.177124,-23.043209,54.131435
-50.335087,16.317097,51.729874
-18.253792,-1.696156,35.029499
-48.369267,-2.990143,58.827755
14.482082,-21.320343,32.510834
-45.019104,27.801064,37.984257
-41.074425,17.637133,28.119274
-9.257806,-16.610783,57.058437
-9.707883,40.256371,43.359264
-47.479229,16.244822,36.507496
-50.015915,5.915252,45.125618
31.677586,-8.525220,39.321087
-16.158682,0.403968,14.796972
-29.822126,40.207794,42.526733
-49.954945,19.462185,47.458439
-3.878150,-26.059771,52.665051
-42.450111,29.845850,35.462288
9.832455,-26.306005,54.795788
-13.244002,9.310927,25.422083
-10.017378,-10.845409,55.808472
-16.989782,3.839886,31.086958
-50.480110,13.619535,46.806141
-30.381569,26.734613,21.780079
-15.188391,33.896103,26.917337
-38.309555,34.135590,36.207355
24.722731,-22.119743,52.976128
-47.151810,-10.203128,58.464996
-32.719280,9.112391,20.980879
35.822300,-7.985703,37.290417
-26.357910,33.827221,28.531364
43.004990,15.528504,56.923634
-17.257713,-5.658610,41.992989
-10.200745,36.457180,34.350826
-5.824106,-20.679512,56.326317
-7.479431,32.804436,29.658665
24.209484,16.619127,34.323765
-48.324818,23.272825,43.258930
-49.428848,18.909315,56.688244
-14.252136,40.364830,40.803215
-4.048127,33.765213,37.556923
-29.909122,37.680290,37.238403
10.564462,30.703833,51.828735
-36.335514,7.354152,24.730074
-44.146778,7.720226,33.703632
21.671881,16.116459,38.197033
14.035914,0.900237,12.690382
-16.293957,-18.634315,39.288162
-29.635324,20.220711,17.116978
-10.506769,13.013319,48.333305
-20.039497,-1.030818,17.472824
-7.976717,37.074299,37.972984
17.713619,-26.861542,56.861156
-8.197917,-20.449923,58.234837
-38.105484,30.506920,31.330406
0.992169,28.841797,48.764538
-6.808798,-4.970847,57.813992
-32.444569,34.338326,32.363663
8.731165,26.945581,55.877827
-22.628628,3.879163,13.766813
-25.356716,37.169415,35.003090
11.038273,-25.282694,41.430244
-16.519957,36.571201,33.217690
-1.637178,19.459930,23.295322
40.082863,-4.843218,54.623718
32.034107,-12.458360,47.776848
11.075271,9.719918,14.157808
-8.580070,32.212955,27.358763
-46.483826,6.092610,37.456280
-8.214857,29.616346,22.351637
-49.956909,14.791084,56.618916
-49.224895,-2.111455,51.910717
6.402772,34.471725,51.471062
-11.303198,-18.283909,32.164410
33.787983,14.987813,57.713802
-46.749718,28.916765,46.322044
-12.491427,12.655390,40.951752
-3.073933,33.714611,54.724480
-6.605635,-4.825257,55.395313
-4.333002,25.151827,52.042561
5.819074,-23.906603,35.401005
-26.001734,38.517338,37.992077
25.537817,-22.826618,57.326984
-32.801987,37.084415,37.365772
-49.056541,22.803362,48.656097
3.027338,-19.315710,57.733711
17.576168,-25.323181,46.379719
15.161346,-22.844288,57.853165
0.141390,-30.582718,57.816429
-25.323751,40.352215,39.557899
-2.031902,34.705235,48.704998
7.316464,23.759720,55.168159
-15.266290,3.170880,44.385597
19.187088,-16.075182,27.658552
18.569107,-18.960901,56.368919
-49.719986,0.186527,53.809589
-6.924585,17.770679,53.656593
-48.115047,12.396393,38.434174
-8.679630,10.677853,45.128178
19.946466,-20.165779,25.950619
35.164993,-13.287177,54.356659
16.831057,-27.644695,41.394524
-3.550117,-17.391947,19.342201
-34.337845,38.241432,40.754284
14.549119,26.775230,42.210552
40.851852,-11.989770,57.883408
9.911981,34.965771,55.981102
-47.338348,8.376968,38.176907
-10.171049,-16.301847,59.383633
-10.158338,-19.273655,56.509747
28.424793,-4.793396,39.802898
23.617777,-16.411709,25.580561
18.900936,-23.820694,32.039978
-7.109430,0.056125,57.630978
-44.464275,5.607554,35.311871
-9.559249,-2.820239,7.621309
-5.583602,35.942204,56.547386
32.086735,21.080044,54.754002
-39.581268,-20.118620,51.553246
-8.335011,-21.978140,46.241570
-1.370549,23.243681,30.907484
-11.888587,-1.881840,12.897744
-1.760843,28.111214,56.078541
-0.900132,27.964279,31.143845
23.415426,28.536959,53.088493
-24.237480,40.746334,42.189507
24.710531,-13.744337,33.268551
13.272452,-27.850153,57.280338
37.603638,-15.918349,56.418327
-23.075054,-27.558296,52.286190
-0.992142,-24.649265,44.546467
-19.329350,-9.548012,42.185200
-12.225117,3.860728,54.655907
-24.204006,41.706261,44.461136
44.747986,3.944331,56.368938
-20.179405,0.624378,31.609930
-19.856979,-14.181499,32.835567
21.588909,-26.960371,42.317196
-16.673180,-5.711323,20.716579
-27.591398,32.382084,26.907804
-18.681849,-0.306000,41.742420
-39.658134,30.695648,33.433594
-45.036865,-2.764206,39.980801
13.173213,-28.945290,44.849236
-7.483168,-21.188265,37.246166
-45.484993,-13.932970,56.845604
33.915245,9.297672,42.377670
24.197075,9.591861,29.176132
5.636357,-19.745672,31.649324
-36.065762,29.642851,28.705006
5.673557,-26.454607,47.349770
-50.566128,16.951630,57.279533
-9.270854,-23.810177,40.682854
-10.332835,38.704506,39.236797
18.222252,22.345533,40.557957
-9.111545,-14.642542,18.865461
7.626709,27.098497,43.763336
3.079400,-25.723305,31.370348
34.862656,13.321545,49.616737
-50.130829,15.294322,44.309368
27.881033,-10.890708,58.018230
13.714869,-20.695190,38.496971
43.479771,18.177084,58.790543
14.388487,10.488572,13.076903
-18.202082,-2.779058,14.663426
-28.020712,6.067339,17.279373
-0.357233,28.719446,28.451525
-14.548999,9.116053,45.449738
27.804054,-11.754085,50.787010
-21.175196,30.517532,20.501911
-20.921545,38.238956,37.035873
37.491531,-6.782955,35.454117
-5.642994,21.798851,43.019875
3.760256,20.567024,57.872753
39.038460,9.994326,42.725502
-48.519375,22.181007,58.211357
-15.802896,14.179422,41.330284
-5.125938,38.230484,46.375420
-19.887676,31.770628,22.308783
-8.576317,-5.394151,53.366791
-13.905859,14.464763,45.544369
18.737587,18.085609,39.309563
38.392956,-8.203440,37.413853
-30.429424,9.293025,18.394176
-4.060175,17.276726,49.381821
-14.673963,16.723288,47.303875
19.457443,-11.721684,21.740007
-0.334840,15.096596,58.048763
45.336430,12.020410,57.480808
3.049752,-23.640022,52.176125
-2.666395,-20.798861,38.250713
4.773816,17.875397,23.267956
-49.081646,-2.660808,48.215370
-39.349087,18.850407,26.033827
-9.261556,14.701915,25.831652
-0.533370,-11.616277,9.270237
19.020176,9.872780,23.601498
-22.457445,0.263793,16.376993
35.976101,8.642917,37.469795
-41.803875,26.299082,31.861065
-13.784774,-11.799667,21.428604
-4.866751,17.649210,11.784593
24.525097,-6.918830,26.713549
-24.932520,7.664288,13.952390
-45.844719,-11.472238,47.988770
-11.449984,-16.652367,37.460514
5.232544,11.372994,11.581927
-26.890884,26.585669,18.501936
30.799305,-11.098564,58.843468
34.071667,-17.978180,52.085129
-27.556599,20.058615,15.368097
-44.191753,15.727413,31.468763
-46.696579,23.722820,38.189068
-39.443214,25.757280,28.393293
-50.694424,9.690660,50.247189
-12.262690,6.296628,18.896105
-0.838846,20.681622,18.543119
-1.229862,12.231980,11.863142
36.739635,11.329676,57.071121
8.372687,-11.043511,12.034471
-20.655401,9.261444,9.931018
1.429313,34.759441,56.175476
-6.317242,-13.126982,56.238434
22.298710,-17.590530,51.177376
-6.106302,-29.359814,53.292561
-49.946835,3.264748,53.081974
-7.671821,-9.912911,10.497561
-25.817616,-9.735601,28.321884
-29.670649,-25.315596,51.484997
3.132709,-16.948174,17.894646
-2.832114,36.892368,55.713146
19.184885,26.510708,47.669876
-19.398844,-22.534052,42.988831
-40.644398,32.496063,36.668091
-48.232449,25.563858,51.531464
-49.078342,6.423723,42.491230
29.712486,10.344049,32.051846
-46.306190,30.100733,50.128181
-35.656834,-2.322390,29.539471
-50.040272,11.198096,48.038929
14.745363,35.948627,56.260693
36.028740,-1.874006,39.410488
-2.296331,-29.709877,52.032917
-8.485244,-22.762758,32.958317
4.272821,-17.393221,59.211926
2.949847,-15.741981,22.217228
-44.947292,19.766375,32.874237
-46.813835,11.989982,35.891674
-4.789520,-2.031193,59.108635
-34.060249,-24.931135,54.441265
-37.723785,25.210640,26.482477
-12.139236,17.712622,41.413536
-10.000156,6.161313,21.694149
-14.677079,38.775002,37.812489
29.025925,23.967649,48.062344
-26.509413,31.354660,24.235424
-30.437759,15.374268,17.493540
29.556322,-15.474498,56.538235
16.019781,-29.180820,48.511311
19.404665,8.861811,18.807379
-49.077724,16.729986,41.010929
-46.137543,15.357100,34.278294
22.603865,-16.350554,55.840202
-41.260971,-7.619565,39.610058
19.526480,15.016615,33.848244
-1.674369,-19.527754,57.353424
18.120735,3.516190,16.296097
30.788168,-6.551776,32.713074
40.548874,6.844601,56.706142
-10.802828,-23.207872,37.162037
7.722406,-29.207443,56.557076
40.082333,-9.605228,53.738228
-14.899509,7.862708,18.161837
-1.860936,-27.765057,42.293678
-44.188534,-16.121710,58.658142
-3.316442,20.508778,13.876051
-29.573437,11.350782,17.492905
-39.172951,-16.550613,45.115211
-13.127568,-7.190094,56.863270
-45.155079,30.666882,43.836407
-6.808630,29.595448,25.176100
-37.563858,19.357006,24.405699
-39.278141,3.521410,29.788670
-3.867591,-29.557556,56.888729
-5.780832,-26.652489,55.739166
24.411135,32.387272,56.434044
-4.204401,-20.051306,26.246857
-0.328993,4.080493,3.973757
12.652616,-14.534582,19.621735
-41.635181,3.227288,32.878666
9.984226,-27.108156,58.190639
-11.141203,-10.389922,15.443683
38.560757,-14.102766,58.688828
12.378755,-24.726353,58.202351
6.183594,-19.693924,17.276999
-43.134182,2.014495,35.188198
21.888378,2.551531,23.145105
-40.149708,10.331408,28.132668
25.120085,32.103264,51.979744
-9.385406,28.816956,20.226633
21.781124,-1.998440,26.474266
-4.497342,36.915646,51.867367
-26.818039,-4.963392,24.163996
6.148697,-25.002684,57.064091
-33.139576,-4.721409,29.307331
0.276472,-20.583698,19.811890
35.905849,-10.690768,42.059174
35.432281,13.881723,59.466862
21.283035,11.518604,20.916798
6.400314,-20.978655,23.555759
-5.695947,-32.009853,57.513962
21.741781,4.825257,28.113668
-3.363237,-33.090302,59.149193
38.062477,20.096016,55.510834
-40.553215,5.738746,29.906096
14.644629,-26.137386,33.444080
22.038874,-22.251579,58.238018
-28.794128,-2.785777,24.334394
-20.469875,-19.949406,39.760910
-3.974720,-28.058481,59.132973
-8.986382,-22.592196,28.943529
7.228696,-20.678556,57.133221
-26.277983,15.474331,13.852767
-1.946740,18.454435,30.985355
-5.907968,-25.476368,43.825813
19.164171,-4.175818,19.308502
-13.088106,7.570398,30.278780
-42.803574,31.637690,36.920738
16.710180,-30.194767,43.886314
4.160013,19.887802,19.473610
17.558039,14.599128,22.466116
-31.516232,-25.563911,53.189758
-43.395798,11.729311,30.972538
-22.033552,34.151569,28.058992
20.199551,27.603523,41.704094
11.573953,-29.258186,58.989235
-9.453608,-24.399088,30.967392
-24.314823,-1.206478,19.191786
-42.439964,14.824816,29.394808
38.193947,-3.752535,37.247784
30.055046,19.714903,57.594585
8.725413,31.622860,42.608837
-26.320805,-1.895558,21.512098
-51.316490,13.108744,49.174221
-6.530947,25.707998,56.605469
-43.464054,9.335745,32.027428
-5.676682,29.449625,54.068405
-0.755192,16.960621,26.920994
-5.756273,21.422207,35.877125
-5.051040,29.034094,57.837627
-16.599936,0.787840,24.285900
-2.448915,-22.494036,22.871769
-32.146763,-2.561947,26.595196
-0.671415,23.312231,21.847710
-49.623871,11.841484,50.317001
-31.058290,13.229933,18.215858
-31.374161,6.062001,20.488667
12.832919,38.239048,56.081638
-23.995998,-17.311342,35.895412
-30.703590,-13.376095,34.424557
8.245478,-28.839598,43.701740
26.189095,-13.259002,54.651478
-1.065848,20.460238,53.264927
26.245609,-17.064392,43.761909
-7.573887,26.122751,17.677242
-33.625896,16.035591,19.889885
-24.718201,24.719866,16.042419
-20.086660,-3.831228,30.630161
1.286666,-28.527700,47.587688
17.194986,9.204607,13.641942
32.489780,12.782530,31.987209
-31.414198,0.677499,23.177713
25.861805,24.112823,41.281212
6.337127,-15.416719,14.055449
28.010397,-11.243166,43.361687
37.845016,-10.939526,58.518562
-35.444496,-0.399295,27.912148
-11.720970,-16.210438,25.898907
4.007285,35.600933,58.370857
6.037798,18.017250,28.102184
-15.362791,29.435930,18.437075
-6.580473,34.575901,34.045841
-16.122787,-1.479717,30.937019
34.804989,-3.149152,33.961243
-48.097206,21.321600,39.488087
12.813890,38.768833,58.931850
-33.137691,32.816525,30.186522
-42.842850,19.174881,29.616831
19.423298,32.296310,51.442524
15.488722,-21.348221,59.536827
-41.808678,32.706779,39.155453
-23.814220,-4.451849,22.368933
-25.233042,29.296236,20.915033
-28.270100,28.109241,21.601791
-8.542293,-18.633171,22.362562
9.793394,25.232885,52.533154
-29.142700,18.133327,16.182497
-19.207096,35.229557,30.030054
5.575226,37.222431,50.497356
-3.474867,32.342197,58.109364
36.619286,-5.152516,33.406216
41.241848,11.442254,46.442799
30.251879,24.908113,43.380077
-31.829758,11.049667,19.096655
-23.584249,37.414337,37.143127
28.629770,29.010483,55.028084
-12.833998,-13.700725,53.254757
-4.628397,14.809238,25.528452
22.847467,34.282093,53.771774
26.955633,22.558029,53.069954
-49.412975,14.212003,40.008118
-3.245766,-32.315609,56.655094
25.730247,30.228800,54.488976
-5.399854,20.705444,11.576337
-17.302984,4.094628,37.404957
15.611236,28.840208,54.830284
-30.359283,32.031258,27.724110
-46.515518,9.813130,36.577423
12.426130,34.347729,58.335529
12.901233,12.886905,24.277859
-4.824934,31.664839,32.218189
13.154129,36.304695,52.859890
-8.124253,11.762941,19.262609
-9.915259,-7.633270,8.090692
3.873108,18.633114,15.864677
42.145031,20.986042,58.445194
16.480715,-27.832314,37.036541
-6.584861,33.046131,58.585712
-10.485867,-20.254004,25.752687
36.447063,24.220535,57.089520
-13.141123,34.530655,28.426361
39.357937,23.931412,58.384144
-29.604044,29.339117,23.472523
-32.834854,29.784039,26.054228
-38.281013,32.802471,33.924362
-48.831917,3.775980,42.626507
2.010809,-24.511848,26.732088
-6.284281,-21.802364,22.662348
-3.002069,-18.402565,39.414146
-35.374283,36.090279,36.531197
13.715569,9.939240,19.333052
-9.476381,24.698870,58.678051
-19.587317,39.907890,40.202148
36.615017,10.781539,35.120953
-28.025219,23.895393,17.291370
-19.307291,-0.782777,27.466228
-50.452206,6.625782,49.581184
-13.196018,15.112518,42.637249
40.519962,-2.348275,49.246254
-11.908024,2.195232,43.321411
-12.335962,-17.453871,22.171326
4.387942,-11.100969,9.096245
21.019617,13.083117,36.443283
-33.262039,26.435940,23.386950
-8.420588,22.199934,51.744972
1.847726,17.428020,29.392962
-21.698370,-9.266054,40.808380
21.709173,30.456518,41.860249
-49.570915,3.167386,45.243019
-11.344108,4.365781,9.629071
-1.840530,-24.528151,34.007950
-19.175713,-11.213973,36.877625
-29.069160,25.875214,20.177774
-4.462101,26.374353,58.914501
-50.490376,8.323696,47.000881
-42.477951,23.770039,30.890106
-14.556542,41.761528,43.264343
-10.433075,25.331268,13.539534
-14.278245,1.538544,31.466854
-0.016712,27.345797,40.742474
22.726784,-19.898798,59.193298
-6.264966,38.455280,43.295090
24.828611,12.684666,26.036207
20.594173,7.621569,16.222963
22.043835,1.062645,18.321135
16.046631,-24.618460,59.476566
12.564542,10.929949,26.423029
19.520117,20.251261,43.544178
27.118382,-2.931182,24.249992
-46.722958,21.050543,36.844791
19.947958,-28.850018,46.853416
16.326380,1.359842,10.071979
-17.033447,42.945637,46.450184
-43.566715,33.332405,46.578255
13.342025,3.790303,16.691944
15.562073,18.272173,26.044682
-13.547314,-22.016949,43.971939
37.261833,-6.005670,37.825176
-51.093349,4.355022,45.751175
24.647419,-14.478434,48.182903
2.338635,13.066463,15.614594
8.974303,14.290449,18.301805
-9.134599,-12.360062,21.687403
-10.682088,21.496790,41.820339
-25.028559,-26.450363,51.052948
-2.382934,-20.999863,52.325047
-47.807396,26.622158,55.035217
-3.569681,-10.633950,7.135600
-28.722404,12.995986,16.129139
-7.846048,4.857333,56.718956
25.071339,-26.749807,57.794369
-7.354743,17.857405,12.798281
-7.986763,15.162711,42.846661
-13.857579,14.001603,28.184986
-22.074165,31.650381,23.416336
-11.373123,15.504950,22.934301
-47.136219,-5.172531,59.258965
45.686550,4.347967,53.072174
24.555866,29.902769,44.442558
-46.452377,3.860581,38.583256
-49.120129,-0.073364,57.901463
33.289333,12.013668,59.058548
-7.165707,25.429411,45.082317
-4.243451,-13.625408,13.035433
-1.167966,15.075863,22.756149
-18.215683,5.359527,41.892235
-47.788651,-3.256724,45.045387
-36.077473,1.839913,27.684380
3.527029,-28.680069,53.482075
38.894611,1.465128,43.446030
-1.250172,21.506527,45.287807
2.806203,-13.966442,23.989019
-47.718109,27.087126,48.154427
-40.172798,35.010956,40.301926
-49.789982,19.660126,51.935730
30.833488,16.193094,38.373398
-15.523466,11.507703,36.788872
-15.866734,-0.275684,49.306198
0.839591,-13.623771,13.728367
-4.735774,16.705845,42.722172
-17.845226,-9.369133,26.438318
-4.694134,-18.807163,35.075958
10.669267,5.161244,13.072424
-42.320435,35.653267,52.552490
-6.255237,-12.056354,8.424788
12.188786,-31.381699,43.672455
-46.628738,14.207649,36.135517
17.847548,-31.105783,48.247398
1.155356,-20.313349,52.295414
30.521374,12.599392,50.160686
29.420010,6.842940,37.887360
-5.892246,-7.418321,7.872969
37.207256,21.322411,58.435394
-0.236835,-8.512459,6.824008
-13.630771,10.388705,58.045834
11.555540,-22.293259,52.318100
-4.313771,28.907839,28.186506
-19.097292,-0.149175,49.253582
34.983528,9.240215,58.699261
-45.308239,31.463369,55.773781
-7.589654,9.456424,49.173378
-6.797505,-0.690153,4.939593
7.620736,-21.871988,19.771025
-3.944013,-10.451661,10.973602
-13.854583,-18.936340,21.779318
15.972545,-4.896295,13.604367
-9.967586,-4.199928,58.425442
-6.710495,13.716524,51.142921
-43.467049,32.449337,41.378288
-41.778278,29.828547,33.266071
1.771620,22.115099,19.973272
29.545403,-23.382925,54.176540
-45.543129,31.036789,47.729683
-40.899059,22.404526,28.341042
-48.585037,24.030752,46.058178
19.499798,-26.597898,51.756706
-40.003639,35.928387,42.822048
-23.630816,-14.300306,32.833740
-17.877768,8.321614,32.227791
-43.007843,33.793198,59.029095
18.866995,0.680991,13.318940
-41.037193,36.583546,50.464680
-41.153328,20.112352,27.834179
-26.305206,22.331383,15.348770
-34.444386,24.127287,22.676676
17.091101,26.519449,37.700813
-3.828271,-19.650549,16.723898
32.967087,24.732145,41.846008
16.176363,6.117651,21.646286
-43.957024,25.661165,33.902607
34.828701,13.348432,34.190540
18.570894,6.001357,13.932868
19.362904,-28.470064,58.730476
-11.228475,12.193070,33.079800
-19.647865,-11.434040,44.599140
12.706227,-29.102560,39.895210
35.793644,17.988241,58.136734
27.200159,-24.871820,49.677223
20.680960,-2.697809,15.460402
-26.579227,41.602283,44.771461
-15.563882,-4.625128,33.509102
7.569266,-22.559570,47.991333
0.255786,-17.385071,25.897348
38.518959,-17.944256,57.744144
8.759295,34.386711,43.278667
28.729361,18.943178,53.800655
17.125755,23.182011,45.728020
26.271381,12.668716,38.828133
-46.870514,-11.056690,53.982620
-47.360332,-9.572378,51.679363
-50.280968,16.636713,48.659515
12.261887,21.241688,31.520714
-2.287249,34.329857,42.541718
-0.411268,-27.571457,34.229324
12.881390,30.775063,41.418793
43.478256,0.195590,52.345901
31.088711,16.310404,55.314796
-8.904472,5.947830,18.480770
-20.603865,36.744026,33.531109
-19.669781,-1.262604,45.503963
8.998221,-6.386761,8.838350
-6.303943,-2.449539,56.861172
22.531208,15.202149,24.618458
13.642714,-18.563374,58.233597
28.300007,1.161471,31.419006
47.537304,6.775272,58.415359
3.623838,23.755489,39.160542
25.433867,-18.073502,30.283342
-43.653275,25.258837,31.841375
-41.334061,-19.667412,53.026413
-20.682011,41.698814,43.029438
-6.383646,10.145241,45.017540
29.839064,21.058489,39.910942
-4.146902,29.809193,36.193787
25.345690,-6.795486,21.952930
-2.361397,-15.658453,57.759396
32.844250,9.768157,59.415062
-3.464534,19.755997,39.510799
-11.708485,41.315617,44.385746
-33.202045,-26.584602,56.161072
-13.167671,2.534534,23.419538
41.385517,10.451844,41.514061
-30.696760,-1.838011,24.839724
-9.018347,-7.996196,58.037514
13.061987,-24.989847,37.459667
18.711298,-15.363157,19.321033
-5.783356,-16.915295,53.634785
-34.870094,-26.836035,57.840271
35.947624,4.648074,56.704510
34.444195,19.561228,42.292068
42.964138,10.030736,52.964268
-13.697494,42.229782,45.700226
-15.824986,-19.235739,45.012947
19.467813,-29.512043,42.165054
-48.044022,4.558891,40.383873
-21.244963,2.816979,29.822313
-4.844008,32.751091,51.078091
-9.453181,18.037767,32.299580
-0.751325,21.033588,35.397713
42.342991,-4.859147,57.819935
1.367111,13.877218,19.623793
6.246818,36.358913,55.128761
-14.739250,12.536890,24.084187
38.000286,17.568043,43.136742
27.751347,-13.724061,28.674910
-43.749256,-17.589211,56.131229
2.439598,-28.495155,43.269199
2.915815,-22.780094,40.092819
9.611440,24.241611,36.653698
-15.721542,15.598441,43.741287
26.291203,-28.157131,59.423500
-5.860970,10.697229,8.441463
28.296173,28.160700,45.775291
20.945707,-10.214635,17.723385
24.005049,27.425812,41.599037
-32.631310,31.474617,28.261930
5.138883,20.101099,59.544891
-21.908594,-15.623550,37.177467
-38.055012,37.951313,45.557774
-21.524233,-17.084850,33.540539
-7.575926,14.220004,32.273182
-49.869781,0.704428,50.739300
-6.161413,-22.679571,58.591724
-12.405407,11.413039,59.740658
-8.749901,-21.526802,21.519638
-20.851954,5.289539,11.824774
-16.308037,-24.084818,44.712036
-6.763360,13.205829,40.959953
-9.812699,-26.769665,50.413342
10.274282,-26.312206,31.462624
-13.729581,-10.094688,58.318436
-27.032612,-24.288233,47.807346
-10.484576,21.443359,45.954723
20.359844,4.763822,19.768810
-18.938745,-25.318310,46.900936
2.995233,-21.140266,17.645737
18.378502,-20.064434,47.773998
-8.355744,-11.212156,17.724983
-36.638966,-23.034788,53.790421
33.260441,-12.956054,37.049236
-33.077534,-24.125546,51.837105
-45.290733,-10.216871,59.639946
36.035549,22.145199,44.748840
-6.422757,24.285948,59.096390
-27.548588,38.974010,40.131508
-8.890228,24.108156,48.340458
-47.374725,-8.222185,49.025780
38.792461,10.099426,39.095673
-34.497742,-16.141653,41.123821
32.203369,-15.765149,42.504169
-33.309647,-20.223576,46.202400
4.327500,22.394472,20.022772
46.746044,1.469433,58.130508
21.677866,-6.469293,16.447338
33.656670,25.384033,52.418819
-42.802586,-17.966185,53.932659
-11.395907,16.577927,53.179813
-4.877631,-4.929500,4.831947
-19.874578,33.872528,26.614122
-50.086830,10.168222,43.650265
33.663208,24.979988,45.556911
35.075588,26.417650,47.416576
30.691145,23.468449,37.772747
-48.568848,-6.365405,53.219334
-5.203509,3.048139,58.638138
1.454630,23.495934,49.545498
-14.008117,-12.948848,47.069328
37.872662,5.559423,40.851341
-16.119280,-9.791774,32.872059
-30.832678,29.992062,25.173204
33.960541,-18.280035,45.417545
37.156548,-11.735287,47.026089
-9.181376,24.198263,40.318668
20.983158,28.826008,45.230549
25.718107,1.576254,26.711037
-16.294275,12.049872,44.224705
-50.162476,5.838356,55.367985
-49.812904,5.456896,58.584450
-20.574295,-4.560902,37.745338
23.187506,-14.254719,53.141312
-45.609005,17.336048,32.811039
48.039925,-0.049325,59.547417
-7.397343,-2.015993,59.190166
-6.746842,-1.707267,7.792788
-3.910934,27.786364,24.978964
-50.405106,11.380438,53.581711
-44.841152,32.415009,53.556587
-44.719856,3.490591,36.825474
-1.307228,-9.662783,11.049500
-35.597389,-20.608681,48.498886
-14.217110,7.726494,8.383635
18.144480,-29.563692,38.608932
-4.239903,-24.331659,25.130413
-14.852876,2.263525,57.700989
-15.346370,8.215033,22.156784
3.767982,-28.602831,57.611252
6.717370,-30.185659,47.014702
-4.237554,8.901888,12.238532
-7.667021,16.716803,9.113483
-46.826424,-2.603927,59.981030
-12.193572,-13.336929,57.447529
13.486787,-24.013927,28.478022
-4.088759,10.868896,16.344545
-44.929008,-9.629216,45.359730
-50.783672,17.167387,46.093636
43.014862,22.268692,59.672436
-44.122986,0.349182,37.106419
20.477388,19.591089,35.064896
-5.448432,-25.907137,39.822128
0.180776,25.315531,21.251295
0.446725,-30.345001,54.252220
40.586964,16.120874,52.044533
-25.657970,5.626981,15.473254
-7.797221,18.862875,41.586792
34.182873,-8.425056,56.929470
-14.659499,10.907870,59.799603
27.566404,-10.868996,25.325619
-4.622750,24.686268,20.890894
-8.529341,25.608311,51.400940
-5.710166,6.883482,54.550076
-18.418421,-20.153719,36.804134
-48.996773,-2.789808,55.091267
-36.067390,-22.587767,51.545189
-33.901653,-18.188730,43.232574
-3.989344,-8.109092,5.040088
-4.956600,13.914090,28.682341
14.298504,-29.734600,36.623947
-36.089951,-24.503452,55.532520
-12.913839,-6.808457,10.748636
-41.575375,1.299317,33.777687
36.046017,-14.624454,42.926273
8.482375,-17.796009,14.125602
-29.667641,-15.501345,35.805874
-27.201422,-12.137946,30.877512
-10.571787,9.527853,15.923385
-41.214687,31.539021,34.758236
-16.648008,-4.800793,27.396416
17.964670,-22.598471,58.961018
4.217166,-20.751711,51.655571
3.628008,-18.903315,15.085620
-9.578482,-2.003139,4.641621
-9.627139,-25.670105,44.318127
-4.295081,20.270281,56.906441
-27.285017,-18.567957,38.040470
-46.161915,-3.698408,42.028629
-15.124047,5.343232,49.534279
-46.420559,-10.230274,49.758457
35.868511,14.163492,39.020248
-39.700199,-22.973282,58.179436
-11.338730,-10.633178,11.659271
11.757977,-13.966907,14.367588
46.571411,12.149814,55.194218
-25.319149,-28.961700,54.852093
-1.089517,-6.274315,4.239469
-2.935021,-7.722886,7.793873
6.293750,-15.509080,10.864895
0.635480,17.190065,12.920901
-45.664421,-13.786053,53.793613
-47.782532,-0.971700,44.035213
-36.561241,-17.179541,44.150040
22.563011,-11.470156,25.720295
17.471800,-11.361061,26.491581
-0.439460,-24.106985,55.740391
-0.828311,-11.353240,6.358062
-20.922064,-30.708330,56.432056
-5.209163,22.934284,15.808997
-46.557663,28.065121,59.563362
29.889454,-5.393196,27.796757
23.196802,-20.964619,37.810131
-0.417608,30.958611,34.903072
7.907709,-28.140898,38.714657
-10.713922,-17.378365,44.505913
-9.435762,10.955132,39.717438
7.525837,-11.974665,16.862553
26.916464,30.252283,48.907719
-18.402155,-2.263736,12.146688
-20.140354,29.503202,18.809072
-14.171350,10.215224,50.343384
19.503147,1.392992,26.409569
-32.193623,-0.409526,25.115946
34.740349,26.513609,44.678982
28.708319,-7.467010,24.269197
38.945511,13.422483,41.108173
-9.841756,15.186956,39.263851
37.424385,-1.497206,35.009441
-22.792370,-26.576517,49.369339
43.783821,-3.254640,54.411816
-40.336498,1.754264,32.152115
-11.596042,39.503708,41.394245
-44.703403,22.752193,33.410084
7.525817,15.699493,29.306124
-2.119365,23.478289,18.212660
-41.730843,-22.764105,59.414490
-4.005739,-24.429636,22.649420
1.505609,9.026804,8.807561
-26.090904,-13.866317,32.371895
39.646351,2.816983,57.505981
5.349247,-9.912703,13.386497
16.919353,12.700050,26.729599
-0.277475,-14.670867,59.158195
26.882290,-6.621420,19.868685
23.476210,-11.815511,20.627043
33.529148,3.777118,58.583458
35.014294,-1.340459,55.369545
9.447501,-20.458504,54.430889
35.051422,-18.974018,48.772316
-2.141746,9.515403,6.320771
-5.940162,23.863235,18.449890
-29.168663,-24.303192,49.199432
14.971509,-30.949539,46.267441
25.469563,-11.442966,56.677116
-21.120237,-0.003821,43.311031
44.134312,-6.520803,59.163681
43.609241,4.311446,49.498882
-46.650162,29.643827,52.448532
10.394273,-25.496487,45.941193
-33.628941,35.482296,34.578304
-15.525236,-8.049405,29.364876
-3.550923,11.497582,19.992954
-4.660922,19.186995,17.633156
-5.505065,14.159303,43.141754
3.396488,-22.632412,21.393518
-14.937993,-10.011781,16.344887
31.373796,27.290249,49.356049
-27.748405,-10.145764,29.672462
38.186459,-4.871478,43.927269
33.416897,7.403183,48.295841
-0.274515,-14.709472,19.068968
19.036129,20.805563,46.640743
-3.839558,23.647745,56.966057
2.678950,-5.410189,4.696015
10.542801,-21.512177,45.513157
-11.359867,1.986323,49.440613
-7.683887,-17.388264,37.924377
40.322872,-8.162364,57.353462
-26.634741,-15.792562,34.771839
-29.023777,-20.627306,43.075523
32.870255,-14.171071,57.918129
2.159159,13.289630,9.207257
8.377313,33.192345,40.493382
-42.408298,27.612749,34.291752
39.615345,-1.517706,57.368145
-5.889445,6.838255,5.891054
-3.736598,-20.924908,45.645275
-44.731510,13.304836,32.215553
-9.725071,-0.721875,50.199612
-31.381437,39.185493,40.629951
27.243156,-22.741138,44.295444
12.024999,-17.559628,28.338284
-21.319408,-7.968354,43.371166
-31.548433,-19.810766,43.432659
-8.555700,2.076976,53.648655
18.609661,4.728150,28.214931
-15.199251,-9.387424,39.336800
-12.285055,6.561367,57.702297
4.334474,-20.206116,41.014702
-4.040741,12.279922,23.775194
-47.845097,-7.560430,55.869938
33.018845,-18.932074,56.773540
-30.195248,-3.881853,26.426319
-28.468760,-0.446443,22.082201
3.793673,21.598093,17.799688
12.031488,23.411909,42.150364
-27.907724,0.698608,20.293524
-30.059584,-9.857489,30.565022
0.497446,-26.893232,58.006233
10.249722,36.813023,51.347939
-17.261250,7.734416,27.509972
-49.419762,8.102613,54.601280
3.713627,29.567324,56.080013
21.949303,-20.806343,43.380161
16.714399,25.610743,53.630470
-22.097713,-19.426558,36.066814
-20.528912,-22.324120,40.705475
-0.344391,12.450784,58.607758
21.194380,-28.024046,55.146599
14.352284,-31.318377,48.911354
-22.833803,-12.100675,29.577850
-24.646481,-19.031404,37.852512
-49.694687,14.807492,53.906437
25.836473,-15.435562,57.948524
13.395053,16.531780,30.220110
2.330661,24.997812,28.141275
-45.218548,-0.586593,39.013126
15.002486,-19.355362,54.550697
38.986782,-6.351008,36.781399
4.942231,15.241588,18.009876
19.413889,35.366226,56.858398
-20.615679,-2.812585,47.515610
4.979232,10.501581,7.776665
-15.327257,-13.729440,54.087593
-49.686371,5.381660,47.548763
-11.676602,-12.409104,24.741541
31.264595,-24.710188,56.749512
49.082531,5.331760,59.441822
-4.559592,22.644468,26.565954
0.383933,9.463902,13.283503
29.576162,-21.045561,57.564877
-49.183029,19.429567,42.798687
11.310914,16.751690,17.470839
-12.029432,-16.145042,57.270473
-20.887709,-2.756586,24.422729
-3.679625,-15.026635,54.845928
1.306513,26.992922,58.032974
-2.826932,37.957344,49.036739
26.136419,14.364718,24.944729
-14.878598,-21.892265,37.664036
35.017048,18.362230,38.651630
11.921339,-29.434660,53.311535
16.654102,-17.883442,58.562294
-4.038523,-1.983251,4.419200
0.862808,-8.308878,4.238977
15.338260,12.708069,14.373962
-21.742699,-10.891559,35.615833
-4.451915,25.975145,18.746077
7.603988,-21.318399,51.222092
19.524189,-6.475987,25.717218
-6.921827,12.711680,47.622471
-17.044336,11.169687,26.478031
3.365217,-7.700690,7.620088
-10.558630,-21.100742,50.205513
-20.651197,1.092148,37.116024
20.203651,12.990680,23.709942
29.417910,0.747090,37.415699
-13.622849,-10.817388,13.695560
19.615662,27.438494,56.831696
-17.546423,31.641783,22.141668
-24.998632,-13.121133,30.262733
41.854374,-11.496020,54.938465
-8.318949,19.052124,57.449181
25.512918,19.857656,47.777695
-28.040783,-2.397813,22.481670
-7.537613,13.266048,44.908703
1.992567,35.865601,48.112213
20.098185,16.041880,40.347027
5.643710,-26.085911,28.304985
-19.842636,4.338812,34.097366
-14.841044,-2.820031,23.017694
-46.365654,-11.789665,51.720898
18.892143,-23.168865,26.868595
42.763988,2.565613,58.672710
-13.286689,5.573114,22.006208
10.194429,-0.397186,8.551656
-6.339881,-19.673635,16.033022
16.404348,11.171526,13.327356
19.833181,18.037258,26.376514
-11.705281,-14.388205,20.972746
29.731266,9.741508,45.090717
-6.685944,30.270266,27.846096
21.051748,-25.506693,31.324125
13.327774,-25.251444,54.715286
-10.673510,24.029852,42.455193
25.387165,-13.582133,23.544315
-17.445398,-0.288669,52.486473
-46.470673,1.671383,39.503281
-2.904464,21.220221,16.625383
-6.520333,-18.054396,30.352839
-18.711500,-23.625166,45.105328
-4.936475,13.671006,45.884529
-10.454432,-18.523779,19.609924
31.745714,-6.179253,45.559563
-8.528456,7.874464,58.316109
24.849478,20.858614,32.734093
-29.324738,-26.606880,53.540878
-6.622401,-29.286356,56.321384
9.266532,12.620307,23.240313
-18.577135,-13.837813,28.232119
14.858626,-8.724438,18.501659
-13.219373,-4.523943,48.642094
15.386032,8.097534,11.400234
0.341232,-19.351280,59.243626
-3.898481,-28.087982,45.214600
2.047598,20.561132,25.939539
-9.646695,-14.608864,43.527828
22.764082,-29.550156,53.389938
26.265314,20.524612,55.257080
-49.207577,15.795589,59.134132
3.732950,-17.243727,29.526186
-12.805981,3.956190,58.941860
-6.823864,7.949014,15.501160
2.623956,23.971903,24.581657
-1.203966,-32.455086,57.721085
-4.382841,2.565120,4.403042
-30.941019,-21.148455,45.251743
-10.640839,-4.004311,50.927723
3.760299,33.090961,44.056309
22.615433,7.410059,19.118282
-5.662577,-14.459982,52.435322
-16.822643,-8.481055,48.097263
24.674576,-16.264820,22.950075
-24.329338,30.857300,22.841516
-48.146645,-4.870841,47.107498
-14.003506,-0.841466,58.618206
19.518469,-16.001524,56.121353
37.748108,21.919119,48.178528
28.599483,-4.736548,43.718864
-20.183155,-28.470045,52.236874
10.079601,8.559747,17.419842
-23.963051,-2.130771,21.820995
1.043823,18.667185,20.941677
2.188080,-11.893806,7.010859
15.839755,30.489254,45.998859
-10.001247,8.878140,27.499903
-12.213519,14.717449,57.858627
-7.557296,33.312271,56.632683
-44.064507,-18.890097,58.657505
15.834139,-20.091570,28.317627
-14.160913,-2.248555,44.013622
33.636547,14.470825,43.940060
-47.273727,27.387173,44.046974
-32.187637,36.217064,33.250057
10.536294,-30.511913,47.151859
-31.285543,-24.054626,50.266766
-17.896719,-24.286848,43.048485
23.586399,-29.011032,55.898926
33.000225,-21.394669,46.189251
26.262299,-9.641917,57.462349
-47.638702,27.495277,52.813534
6.480654,-17.081318,59.801128
46.290958,4.222931,58.762676
3.688938,21.691275,32.277294
23.890263,23.655342,32.250191
-11.028602,5.858603,46.455402
36.475819,-15.572151,46.696011
12.174025,37.830555,51.624584
4.527524,26.394106,32.148788
-8.376280,-8.626006,13.840366
32.249752,15.670856,31.804115
-24.994556,38.152935,39.987747
27.446478,-25.445669,59.021576
5.589819,-25.177464,42.945496
33.605392,8.727098,32.624016
-7.365886,11.664724,57.932777
-38.716553,20.886864,25.489433
-11.737930,12.599426,36.969555
-50.996609,1.416604,52.495613
15.944176,-28.908916,58.187901
20.303919,11.034348,17.531384
4.570748,-10.136360,6.182963
22.941544,-24.623869,46.738293
-8.363626,7.654310,27.924768
22.482180,-14.150803,58.241096
19.515366,-3.288178,28.123398
-18.779617,-5.902544,45.708858
23.035727,24.966290,55.424873
-50.203316,11.806134,56.540573
-3.831100,29.716602,46.939838
9.128263,37.357574,58.336380
-14.835776,14.837442,32.506828
6.388713,13.146098,20.743902
29.852186,18.968195,59.735092
-11.476955,15.213829,30.841766
10.085209,-19.137699,37.259510
-6.189018,1.493660,55.355450
-50.511150,12.681743,44.338219
45.832672,-0.262185,51.609379
-8.191991,-8.495956,54.399837
-7.438062,10.492953,26.526749
8.199977,31.887999,47.579258
5.799345,-6.623751,9.544181
-2.368515,-29.890667,48.741600
29.869133,-7.490396,58.381668
-17.309311,-3.272535,44.306084
-9.313311,11.209945,10.975872
-44.521023,-13.547796,59.187122
-17.944969,41.216549,42.201847
-5.937491,-2.877095,5.753041
32.617172,-0.657833,30.535698
-46.813297,18.694887,35.135540
-46.077278,30.808064,45.714638
-13.441859,-5.639781,21.750235
14.176701,-27.234392,30.660543
24.264454,17.963396,42.992249
-9.410969,-25.534893,37.414688
44.212082,10.374580,49.876476
0.763404,-6.450646,5.877456
41.458618,23.414370,58.661247
0.463373,-28.541286,39.819614
22.016424,-19.914019,24.029238
-13.192955,-0.969574,7.996565
30.735703,26.112091,46.344635
17.072250,-16.922304,55.365841
16.831078,19.864998,41.790005
14.273604,-29.846655,42.272575
4.143013,-15.912337,26.429552
9.845763,4.036479,15.364239
18.448589,-17.585194,36.780380
-1.268234,-19.444794,49.934559
7.585544,-26.176785,45.005840
34.880810,-20.957617,58.560860
-6.145914,19.911058,59.129517
16.045864,-12.374234,19.709259
11.250770,-10.787011,20.643023
-28.516474,-4.606800,25.368530
18.641800,19.089722,24.079130
37.716743,-18.292273,55.166161
-20.513382,-2.168871,14.167266
39.186195,2.302430,39.151943
-6.967426,14.998340,16.448875
36.906902,-10.717722,36.905472
-14.770699,-7.508366,25.842316
32.432632,23.867876,57.709011
7.728350,4.713061,11.974603
29.930428,24.633768,51.753944
12.456490,26.050581,55.230614
-0.944948,11.953005,15.319946
-13.020333,-8.158997,59.692928
-1.932076,-12.441443,11.698217
43.181213,-9.883948,58.858200
33.872879,9.014600,54.109848
-37.776062,-20.848825,50.114254
21.661179,-25.796135,58.205429
22.693739,11.117242,37.915558
32.688229,17.953014,57.503277
45.574421,8.818271,52.068947
-13.122591,20.347345,40.840961
5.995425,5.615743,7.364176
-32.073120,28.316275,23.977308
-1.750039,-17.720364,59.222626
21.357269,13.923524,20.325119
-6.685944,-13.393581,23.020739
1.172168,30.254784,32.446732
15.807201,-27.149191,44.405655
20.090143,4.469447,25.221098
-8.137406,13.750402,36.085552
-0.076004,-20.008678,34.182133
19.035515,23.769732,50.440460
8.852433,-29.895058,58.919479
37.606277,8.018114,35.109390
-5.143466,25.115421,30.037178
-26.609066,29.809235,22.611633
-50.303856,1.331157,56.066063
45.319225,6.195055,50.876171
13.446313,-17.486755,36.400894
26.074802,-3.594744,33.374615
32.921993,-3.981532,29.157219
3.758804,18.303450,12.984292
13.409396,32.404739,54.423443
22.075483,-28.535072,58.171654
15.546474,28.998825,58.345444
-17.513344,-13.983830,40.712589
32.096432,18.665480,40.154964
-13.220691,1.411397,59.412304
-15.373977,-8.665580,22.429581
-4.526578,-5.232258,59.152489
-17.168318,8.456858,47.662186
-9.006038,-11.641761,8.663001
7.553428,-30.697081,39.685127
-25.229368,-27.521391,53.070328
23.682713,34.228096,51.119076
-5.977167,30.880831,34.527473
-4.833295,7.787910,58.036190
1.455438,31.635818,58.116779
19.964750,-31.164379,47.071949
35.803646,-18.615501,57.242455
21.706099,37.410637,58.661705
22.027466,-5.595797,14.035612
-11.954695,-2.679140,6.073575
21.970373,-29.422457,42.032608
24.178835,-9.827564,35.889286
-29.739244,35.031227,32.188648
5.691333,-10.274155,17.090561
7.643585,-27.762913,30.364651
-19.067783,3.099140,26.456900
4.460504,16.972565,30.085918
-3.085875,14.608997,17.470222
-12.778441,-24.828197,47.242760
-6.044801,25.381533,25.571114
47.221951,13.062533,59.177521
30.664883,-20.212263,42.271923
-16.839268,11.897621,30.494678
-12.670919,4.466511,31.440235
0.319531,-29.872885,45.006107
24.403553,19.953081,53.636902
6.383674,-6.112705,5.715842
-14.548656,-3.786325,9.742145
34.954773,17.666967,52.281063
-49.843807,5.869500,52.167553
-48.435127,-1.411593,53.674118
-2.653513,16.209177,53.573322
3.876177,12.329584,19.420135
25.921556,23.154961,59.473038
9.001499,9.567791,9.826360
28.066860,-13.392497,24.267033
-21.973370,34.804161,30.676973
32.107605,12.631967,40.385548
-8.513553,7.476008,9.150253
16.598024,33.373005,58.095100
16.181456,38.110176,58.405602
28.212624,17.659599,32.439651
29.294308,-23.341295,41.528782
29.591335,-9.174007,54.127464
34.708023,16.333172,41.334026
43.804512,-1.065954,57.654716
-1.046499,-27.330364,46.015480
-5.813489,28.237370,59.804073
-24.881462,-10.853981,31.320257
-12.402531,-26.109505,44.735382
-15.070577,17.089781,41.217098
-9.317393,-2.837463,55.421005
-2.375812,28.622746,58.858604
18.456551,11.941987,21.594477
30.009111,29.782322,47.326199
11.658160,9.255219,8.755340
7.566090,14.619359,13.818871
34.257652,28.053761,52.064186
20.007811,-22.672483,45.827976
-19.114794,-15.977903,42.345798
-7.190702,-18.095484,46.369576
32.005360,16.118795,59.095589
5.750069,15.161807,26.713306
45.606888,15.668809,59.081692
-30.709364,33.477448,30.443829
-45.699966,24.499445,34.002991
-50.793259,16.562906,54.987381
-20.960596,-5.486448,34.012249
4.942266,-27.566244,44.653229
16.077559,38.156960,55.589405
4.938491,-12.666631,15.041176
21.542238,-0.603018,13.775440
-12.784602,35.869518,31.662243
26.096243,-12.321825,21.223595
7.754519,-11.487659,20.013338
-34.777287,34.029526,32.995159
25.444057,-10.051414,19.748335
10.896129,25.408325,58.228344
24.126957,-27.620975,44.924641
-5.433674,13.090196,12.802326
27.949976,-16.832037,37.701862
23.208488,-3.988466,16.178328
26.808050,10.376826,43.694630
-18.551460,-5.497168,17.416904
-5.464609,40.105301,47.569572
30.220522,-23.678799,46.087189
-47.736523,-11.397334,59.953159
27.317732,-13.355967,57.093967
-15.757138,-25.656933,47.317791
-6.507009,-28.370586,49.708050
17.560770,3.968673,11.590913
5.317012,7.544395,10.716072
-13.191154,12.483918,54.316086
3.731012,-30.485193,45.954777
-8.450868,34.777790,31.827139
-7.078953,37.867317,47.229733
26.708807,15.017893,29.258307
-49.218384,20.688015,54.503960
13.281075,-9.673497,12.042370
-3.856267,-31.017397,54.118492
13.811669,-26.769960,41.718285
-49.458904,0.181844,47.935863
-19.565859,-9.401554,46.953514
-2.015207,-13.037827,16.148851
-12.111876,39.109825,37.344105
-3.655344,-17.751612,51.333706
0.071509,32.665340,39.061581
31.724133,-4.839029,36.757133
27.129263,-9.179035,39.351887
1.588320,13.987648,12.457640
-11.441355,-5.761763,14.612698
-17.131750,-5.408371,30.654690
-3.173680,-24.160294,58.529003
24.751272,-9.933611,23.431570
8.271523,-21.923969,41.805336
3.815680,24.267860,58.023823
10.977123,32.825336,41.461819
30.966969,12.390704,36.120121
14.147663,29.082016,38.112671
-10.980655,-11.522734,26.999819
4.640823,-13.919485,8.616697
-6.178833,1.087699,2.933379
20.509199,-17.759340,58.540058
18.087435,-27.333334,34.116146
-9.589488,-16.285107,21.140684
-37.853386,7.015748,26.240292
25.643738,33.795628,54.247795
11.436175,36.574436,59.283676
-21.004763,-24.549002,45.654469
35.549942,22.696098,41.966362
-8.286283,-14.676228,14.512516
31.997843,29.364435,54.329689
-14.303542,-5.141308,39.488239
-6.961885,16.227934,40.051517
-20.621401,-26.478735,48.798145
15.351005,17.721844,22.260902
32.007156,-4.570994,55.815659
30.515581,-11.040713,28.201176
-13.410133,0.468294,52.662338
-7.037562,-16.902403,49.930763
25.672476,6.638472,24.956091
-22.488974,-17.745710,38.602001
-2.583142,-26.877998,32.141922
-17.119835,37.430431,37.158298
-8.701351,14.420982,6.937850
-7.928233,40.242500,47.045788
-3.078142,24.580334,23.983704
25.720350,27.369078,57.522804
-1.676213,17.746220,15.842696
-23.096323,-29.625818,55.265270
-8.002816,19.700523,28.067638
-3.998858,-17.539371,37.241997
7.369480,-2.958173,8.466646
-7.641356,-23.368484,53.011028
0.292250,11.943110,6.634719
-14.561244,7.626754,53.982346
-4.385664,28.179186,42.394817
-14.578281,-20.327072,31.743231
-8.328094,-23.476238,35.733673
14.299919,4.539671,13.212207
1.920483,-21.807915,45.015793
-20.494295,5.134632,40.189766
-19.955553,35.436131,28.051519
-14.572777,0.142592,27.809685
-17.081068,11.855075,23.588902
-28.240107,36.423851,34.427822
-8.325540,8.052815,23.478882
11.429915,12.316464,28.326937
-20.993359,5.455751,29.082855
-12.979368,-12.757384,36.538296
25.285423,31.693424,43.639709
41.808971,7.507546,50.401230
-0.693340,36.707943,52.668392
-9.902367,4.506093,58.815983
17.309900,-29.548035,51.936493
-6.022226,15.616058,21.052555
17.453733,11.387188,16.273844
-9.993227,17.920172,44.565567
29.873318,25.864019,38.917656
-46.669987,27.948420,39.892097
7.380515,-20.249165,47.980354
2.381965,15.126851,23.667208
33.441307,-20.424250,43.385956
38.839912,-0.062531,52.979198
-5.636519,-21.947037,40.811295
31.002203,-7.930749,26.344833
22.139999,19.599844,47.365444
-13.336396,-0.006751,33.466747
26.524790,-15.764601,25.252924
-6.182413,-25.172707,57.842941
26.709225,17.780903,54.259289
12.912192,7.359466,13.192694
-0.818736,22.255610,25.109354
31.512848,-1.209696,41.575344
-9.188131,-29.790495,53.659451
-13.416820,1.570173,18.650957
1.301736,-27.617443,45.285309
-18.330988,-16.372437,35.724045
-10.013123,-11.623790,58.788837
12.729339,5.493464,9.646338
-43.123989,33.473606,43.558556
36.579762,4.649210,37.118038
34.393021,16.526510,59.538555
-7.716209,26.550215,59.214882
-50.678585,18.516705,44.258259
-9.501493,7.840643,43.522789
-8.505909,18.533525,7.937109
-36.916653,-25.468081,58.588463
17.198675,-24.318924,57.153103
-9.421860,-10.098950,20.061962
-11.046167,11.288628,22.340673
-8.092001,6.476874,47.837212
22.545994,-21.423445,27.689203
-19.808619,-4.467584,15.533267
-6.253866,28.574699,45.055389
11.837008,-28.555534,42.461319
-34.233017,39.028145,42.893402
-40.361477,34.181290,38.182838
-6.636200,21.656754,39.460930
29.530254,4.640157,27.970549
-48.898392,22.924593,51.375267
-5.513881,-17.628082,39.388309
-9.424150,23.969639,54.473492
0.351949,23.284838,18.308880
-10.845694,22.718903,52.639172
40.424324,16.935041,58.457134
-4.900627,-10.457589,58.095196
9.797938,31.373224,57.760532
-17.201008,1.185667,33.352921
-45.191154,20.804384,35.019440
3.722519,-28.072868,46.869465
-4.434907,10.739475,55.199562
-1.944444,36.649811,40.870693
25.192566,-18.246452,58.769566
-2.546730,7.485703,59.293827
-44.770821,-7.187101,42.455685
16.743896,-30.421024,41.102722
-2.311191,-3.897838,2.963404
-25.818287,-11.370596,29.566164
-13.652717,-7.304382,45.144897
12.890201,-13.879792,27.653934
32.744694,-6.060830,58.569595
-0.227851,19.990023,28.443508
-19.486542,2.075840,15.029950
7.658279,-23.875652,59.093121
-7.384461,30.411064,56.248692
-8.467427,28.592823,57.775249
-12.037217,30.441490,20.768648
-4.594467,-18.215282,48.281757
34.233341,14.251708,31.865746
8.718828,-8.040234,6.259273
-14.721885,-23.533697,48.128452
23.391323,-13.752059,44.267403
22.911509,-17.797573,57.853859
-26.809406,13.101949,14.510708
14.875727,36.799809,50.772507
38.784679,26.015142,59.327183
-14.036526,31.746445,21.981377
16.891905,29.959091,41.104591
-7.511161,12.333322,38.615234
-23.407454,27.630072,17.999943
-7.244992,37.580299,40.721844
-11.363288,17.925337,24.328751
7.276392,34.410305,58.190716
38.250233,-4.578659,35.027157
-1.971864,-7.582655,5.799614
-12.802911,-13.822553,31.069880
-9.461863,23.334862,11.433930
2.814625,24.907532,44.569183
-9.747897,12.435981,28.869135
-51.690880,15.051278,48.345787
1.618429,-18.692831,54.971592
-10.988690,-16.889395,53.776489
10.260178,-20.413864,50.555107
-10.396682,-19.855486,39.930923
20.868017,-30.057846,44.514210
14.266504,-17.456253,54.068241
-27.514059,-27.933624,54.462540
-2.444580,7.170200,9.332176
-8.787405,9.209114,5.842254
32.750839,-1.898220,58.128677
-7.350276,11.118301,40.469994
1.075127,37.238346,54.897259
5.660685,0.339656,4.963809
19.875654,-20.509781,58.807770
9.256287,21.848434,27.355856
14.705195,-31.553053,43.936714
-28.480694,39.462250,37.974899
37.492886,-12.615900,59.827808
11.982010,14.573796,31.359201
-6.825194,36.126373,58.907803
30.278320,8.044058,49.339134
21.437605,-14.995507,47.432205
9.204389,24.563087,30.999928
18.728369,-23.472052,41.498409
27.739824,11.926798,46.859436
23.133797,12.610972,32.427639
31.124176,-2.264095,26.590189
-49.043507,-6.344627,58.791332
8.037093,-26.665798,56.586666
29.440369,-20.687059,38.306664
24.970819,-1.138631,19.337244
10.041105,-26.762653,43.524261
14.314998,21.855225,27.887709
-10.239081,-20.305195,35.015919
43.419224,18.265360,55.808121
-12.923598,-1.566240,50.097580
2.913612,16.274843,10.672236
28.159445,29.681078,58.404686
-46.359146,-1.126483,40.963432
18.723030,-28.449284,49.546749
-12.286011,-23.290537,49.596989
8.374949,18.470066,20.520254
-1.423660,-22.914671,19.586432
33.143791,-12.403762,44.102219
26.366364,3.915508,36.107903
-1.895266,-20.484726,42.371109
-48.511223,0.948867,52.296703
41.040283,11.556643,57.428368
-36.374115,-12.478553,38.721306
30.434523,19.628517,35.700958
-14.515863,-6.063915,17.274269
-36.648537,32.398865,32.073318
-3.540437,-12.898265,56.713085
23.690332,-0.092426,30.756344
-6.506318,27.166363,21.355249
-18.372595,0.977259,11.438909
25.506687,-27.447832,51.861908
8.844634,-15.972775,23.427191
13.980739,-1.407322,8.589227
34.620754,-19.405966,41.387657
-9.858340,-14.200172,29.082087
28.955568,-9.245143,47.258514
23.851357,32.073277,48.195663
-49.547798,7.952943,51.231823
-0.142185,25.020346,24.230242
-31.224558,40.478657,44.302937
-49.311543,0.603458,45.393402
6.716311,-14.675247,25.251270
-11.270106,3.358166,21.052382
13.842569,25.143494,34.183895
-5.959533,-20.026876,19.573067
48.526253,9.150779,59.202507
-8.204322,5.920281,59.525715
41.640057,0.700257,55.393158
-10.692579,1.534248,19.068247
-14.501692,2.735038,7.953073
10.867144,-22.029470,20.591307
0.363350,-16.811102,57.114227
-10.054866,14.657807,19.784048
8.137665,20.898697,33.719074
-12.857830,-3.591768,58.919762
21.807165,15.600220,35.418167
12.975396,32.965164,44.867851
46.682034,-2.545230,58.923416
21.659737,-14.182302,23.386820
-20.085138,-10.193471,31.937824
-17.529772,-8.768735,18.506212
4.306363,-20.198496,36.779434
20.057507,16.440783,23.081038
6.501017,-21.448040,15.944437
-5.493064,26.931522,38.704895
35.789822,11.465121,59.322395
-6.970436,31.563120,52.608006
-12.905353,-9.521332,24.239216
-44.671089,32.269848,45.124359
-2.454963,-13.154080,7.843083
-51.049213,13.603135,51.854069
-21.214325,-7.367530,28.345802
31.299520,27.229704,52.349102
7.377458,22.679083,39.466133
25.349287,-29.148045,44.279892
-7.518003,3.844138,10.151566
27.751064,-8.836130,59.233173
-10.845324,-0.299776,47.147076
-34.832825,37.044819,38.698689
14.631904,-1.120711,17.357925
-9.802095,-18.689465,58.880718
-1.644700,-16.612022,12.969208
10.989385,-5.403145,13.335933
-36.241432,10.672943,23.500935
20.965614,-27.318441,59.509533
33.665848,3.647672,33.056419
11.181596,-30.145525,37.566380
-2.368878,-23.998802,48.864853
-21.699656,-15.614901,30.876812
-50.356144,11.736635,59.210381
-18.628450,-0.223154,13.901584
6.347600,-20.107546,49.903202
23.000360,-21.346098,32.954144
-31.337191,37.651798,38.980476
39.198944,18.898417,46.453247
40.874241,-9.976892,50.341087
27.025747,-9.061803,51.993347
23.939299,-12.061996,54.580975
-13.169971,17.095398,36.472416
36.816231,13.438178,36.343021
-3.469472,13.306910,14.915337
-7.546091,-17.474852,42.481525
-3.433426,11.317757,13.105285
16.403851,29.029268,50.313457
4.512250,-18.986820,20.855305
-28.067703,-13.438023,33.050945
-44.386597,17.997175,30.926104
-7.340078,19.159121,10.361939
1.578960,11.622844,17.926737
-23.838306,-7.111622,23.357321
21.865475,24.692896,37.843452
-4.086764,24.079901,59.263775
15.350506,-6.926112,10.479146
-3.954681,-30.608337,59.381313
-20.088884,-6.648497,24.599739
-8.663524,2.008197,50.682655
40.828445,-13.815348,59.460529
-49.132263,21.242264,45.248001
3.204155,7.611813,5.699593
1.272723,24.029644,22.763834
36.882618,-9.494146,39.568489
-35.433258,-14.709702,39.832367
-18.169319,-18.711061,43.193325
-0.290969,-12.595626,19.830490
-6.222190,18.430227,8.439122
36.330318,1.053536,57.992336
7.800770,22.776644,57.971622
17.008345,-26.208523,31.427443
-39.552349,27.994455,30.727682
9.583330,-25.806852,50.343502
-46.364735,-12.392661,58.355289
10.509414,27.144917,40.040287
37.198215,23.285269,52.041321
-9.958139,23.754446,50.558968
-8.457028,-5.117059,5.382389
3.931544,3.785397,4.653143
22.157440,-21.278505,49.162262
35.848389,11.719840,32.987083
-11.871940,-4.063646,56.193665
-30.981649,-27.340979,55.901062
39.632732,-2.146672,40.274429
22.867468,-8.688113,21.128799
-3.019735,30.904552,29.002991
17.595528,-13.229965,16.086691
24.080591,-12.316590,58.490742
-44.969921,25.356171,37.279301
36.986374,-19.684559,59.233696
-0.132631,-18.361790,16.174273
23.127836,-6.577296,31.208433
-14.630686,4.674922,27.898104
0.838465,35.758442,44.090870
-41.831326,-20.454933,57.653290
-36.827229,14.701024,23.461479
-10.862791,-1.363943,53.083527
26.455029,-12.491848,59.388542
20.983509,-28.108246,38.254841
-18.079187,40.566956,38.326828
-8.363306,11.795441,33.835030
-48.958630,18.341259,59.124615
9.090080,-31.363379,44.808533
-11.369779,-9.156854,57.415646
19.096210,-24.247360,37.143211
11.724896,-23.938574,22.224062
-18.380007,2.176628,21.501556
32.569469,12.692321,54.736694
-2.362133,25.527227,34.999931
7.381613,-21.426182,45.000805
-1.552264,26.080961,45.325172
28.071550,23.451817,39.307129
-11.517294,-11.300124,57.283714
19.963881,-13.381927,26.030748
6.355125,13.792748,23.881140
25.553946,-24.000349,59.440861
-5.084883,35.672684,48.963379
-8.962664,29.649038,59.529560
5.748942,-28.312571,41.390781
-9.015497,15.603823,55.989128
13.653437,-26.605127,50.783581
-0.699209,-21.414846,17.190105
38.455414,-13.264340,50.588978
5.755754,26.494081,48.697159
-8.845038,0.760723,3.707705
-45.077881,10.495032,34.268784
-37.513287,27.413137,27.892645
-20.885326,-4.385455,42.045418
32.862385,22.054842,43.796642
-7.189550,-9.652860,6.273252
2.256438,-10.136557,5.229877
-29.203440,36.058292,36.200878
32.225300,24.713711,39.397697
29.914827,3.297229,34.382397
-7.896984,-22.539637,56.416172
20.288382,3.033884,29.978563
3.669388,-22.848087,48.377407
-49.754864,12.128406,41.759762
46.144699,1.413044,54.812370
20.469904,21.290453,49.318718
6.478555,-15.427105,20.072437
-2.844561,-27.067459,37.698658
44.672634,9.155270,58.663929
-20.728090,1.091626,45.617889
36.316208,11.388122,38.326038
26.258884,-2.505602,18.029976
44.194962,20.212078,59.367798
-3.129817,-8.290549,10.165743
37.275261,20.404881,42.699741
15.572874,5.496917,10.156201
-7.431920,24.318254,37.183792
6.950713,18.519291,15.944172
24.569422,13.271757,35.687469
25.253763,26.254019,38.258698
10.635825,-18.136129,32.745335
37.189495,7.965163,55.492699
32.078617,-9.607046,45.827393
16.377153,-3.474032,10.316382
-19.266256,7.186258,43.676712
7.179539,-11.536564,14.308217
6.344340,-28.474438,58.981174
-10.675308,-6.264869,56.970711
-5.588858,19.795448,21.744438
-9.019843,26.522604,49.091442
4.846690,-22.402613,58.477665
-25.541170,36.745625,37.022427
-4.467413,21.128136,50.939396
-6.048916,-20.577581,47.386166
-36.648598,17.769226,23.070496
36.252037,14.467062,54.483875
25.493156,5.298035,31.383835
18.853720,-17.306997,23.055765
21.835991,-15.524927,20.375473
-38.700813,11.288058,25.967175
7.856501,-4.544481,11.267241
-2.411576,15.920800,13.180048
-21.888239,-8.007816,32.779720
9.693213,21.091064,37.695774
2.672277,-15.523844,11.223382
-6.579708,19.626696,46.694019
24.331640,-28.824924,58.408428
23.049095,31.340454,53.942474
30.717539,17.875525,31.423962
9.264999,-9.439562,19.758617
-2.771231,17.185089,20.140066
20.909342,-11.192314,30.962368
39.967735,-4.898083,38.499779
-14.902701,-0.395088,11.267607
36.228630,-17.046997,44.324932
33.072376,5.587039,54.782810
32.323544,20.172165,59.179150
-49.278320,10.271164,55.181374
-8.420462,12.002777,49.824783
-18.132494,12.192325,37.548233
-47.381538,-11.659660,56.277199
0.406048,30.986927,52.969791
7.028087,-5.301429,7.915360
-47.629906,-1.577502,57.316879
-48.383717,1.894807,59.346603
-19.046093,-7.335557,39.395535
-10.249638,30.840710,22.574936
38.369873,18.804195,58.939388
38.772346,-8.708082,59.282467
38.786514,0.709364,55.748779
-12.281536,8.451180,22.597565
-2.639719,-17.253672,28.753353
-2.120020,-29.634663,44.095215
19.015135,-7.998207,20.406458
-48.353535,1.896897,57.077934
26.285532,17.989220,38.536743
28.398436,15.150033,42.630020
21.969868,-20.193684,54.937351
-16.199911,4.546995,24.456949
-48.680832,-4.893014,50.824974
-46.465206,-9.468072,56.195728
-11.944401,-16.032139,18.211588
10.477265,34.669464,46.920143
-6.159990,18.848520,39.246166
-6.553989,-16.003645,47.625107
-49.393101,9.913251,45.800762
33.007809,-1.015237,36.876770
-7.415625,24.355097,14.944958
-46.506065,-5.404669,44.172207
12.785597,24.694000,51.794945
30.738134,-24.013763,43.571404
-4.163303,21.564196,19.599018
-2.409648,28.462637,52.311756
24.083229,11.543419,40.531521
13.878376,-23.525011,40.495586
-13.251325,38.428398,39.742252
17.906080,14.145344,19.259171
-11.314831,-15.609469,49.484486
-5.877116,-20.719538,51.094589
0.082375,37.695461,49.404938
-11.554568,-0.155809,49.188301
-4.377217,-15.983385,11.236873
-14.045451,15.180400,23.606192
-15.002109,-18.601332,35.352852
-6.024140,25.090218,41.708961
33.931171,-10.877485,39.470772
-14.463422,30.370865,20.264442
29.020563,13.963851,33.186569
-13.741370,37.339851,35.051418
-5.074157,27.444904,33.082909
0.384364,17.683456,55.384605
8.440308,-7.985767,14.351763
-8.699769,31.244600,25.043217
31.229733,-1.533740,59.705318
0.724227,26.824608,26.430166
20.125641,8.298641,29.993906
13.005799,28.209436,40.451241
-26.554531,-19.896059,39.621071
-9.152596,16.561615,58.760662
35.904144,23.833654,59.585106
32.172916,14.093807,30.057384
-48.052490,24.142862,40.607258
-3.143637,10.654491,58.466206
-15.767845,-1.464280,8.870400
-16.852264,3.404012,52.236679
-44.979290,29.740698,41.207340
38.989864,0.187007,36.987289
11.280983,18.967142,34.320232
-13.515604,16.753265,57.404545
24.970083,-5.130447,18.222961
-40.545551,25.104956,30.324514
38.583729,-18.589388,59.606884
36.742470,-16.217068,59.083115
18.299116,-15.599815,58.875816
28.876703,7.838465,26.289000
12.089555,2.726432,13.957658
2.538299,-31.308861,58.855408
25.232658,-12.498937,51.985100
39.243004,-16.288271,59.413570
11.727889,30.955818,38.555401
41.070881,-15.702393,58.748825
7.534122,-12.202280,8.638875
-12.445889,8.103425,35.923798
5.606074,23.861498,35.356880
-2.241162,15.153043,9.128422
-7.772122,-15.697872,40.240643
10.525079,-10.737501,15.329854
-15.815750,11.657240,47.643635
40.043831,-2.166066,37.807961
-48.295086,7.234383,40.223953
-4.304505,-6.853071,9.151464
43.074596,15.451360,59.496811
11.417790,-12.468188,10.774216
-21.696091,-8.709181,37.783142
-2.795400,-20.219965,20.642921
-20.039686,-8.343069,20.294167
-13.742435,-3.015967,32.856720
-6.437781,6.197687,12.500172
35.440762,26.786585,50.034710
-48.940804,14.087613,42.715107
-13.129064,37.428314,37.949600
18.663813,-8.005154,14.064840
-18.355396,1.661732,29.238964
-21.377611,0.105323,29.131493
-15.506049,-3.586977,56.379097
20.877445,-15.519104,59.572941
-4.943974,10.842857,51.054337
-19.460831,-6.181256,43.233974
6.588210,26.741566,38.368767
5.597875,-22.526413,54.487339
-17.398788,-10.963482,29.836554
14.747266,-29.851522,55.607960
-22.170513,40.040638,38.916641
0.703553,19.785137,37.749516
-4.330385,12.424439,48.767235
24.814720,-20.032679,46.254211
6.220825,-8.292002,7.392941
7.700647,8.127492,13.584907
39.355621,-11.339078,44.832466
-4.892395,30.230494,26.350609
-7.255305,-20.309160,34.320000
15.267388,-10.185257,10.285429
18.995884,-23.484030,49.471146
28.620195,4.787222,24.594633
6.292068,30.114407,51.094223
9.826509,33.830486,58.905922
-15.481060,-11.199160,43.367611
-6.395191,-4.570942,8.058789
-7.947088,-2.142891,6.050498
19.469124,36.266212,59.285221
15.145608,-24.259041,55.919697
33.416321,6.753199,57.655529
24.222055,32.416557,45.764221
34.988590,-16.730440,54.840252
11.736363,28.471189,38.318256
-13.383806,-5.246523,34.420601
-21.883221,36.443096,35.629135
-2.369192,18.567942,10.330642
37.781559,9.501588,58.950756
18.461258,6.136558,17.817480
38.677700,-14.066272,47.817471
-6.150642,-16.364235,21.357159
-18.130642,-7.723022,16.273846
32.745876,10.329276,56.510452
1.940385,-2.790957,4.326553
-12.797225,-3.567600,41.515594
8.012897,-18.721375,21.348366
-11.637470,-23.071901,32.842243
-7.993436,-0.842104,53.659462
-13.267002,39.857250,42.527435
-41.489895,8.304475,30.099825
14.565795,39.491947,57.787285
13.747999,25.599449,38.228920
18.694220,-13.065262,29.176123
30.179497,-12.888348,40.040298
21.193724,-26.307470,35.289722
-35.299900,31.566950,30.142591
-2.797196,37.306126,44.088058
-26.041796,-4.026577,22.246210
-4.241145,26.746834,54.737099
38.450314,19.493565,51.348446
35.077526,-20.213522,54.379959
-5.253062,0.452295,59.310280
-24.201353,33.283928,27.759180
17.256233,35.826481,58.117790
15.443511,21.151308,25.193422
-16.387276,7.905910,51.224323
0.779187,21.191002,58.787220
33.939533,6.064044,39.888988
12.502374,24.402487,29.625088
17.980381,-2.884321,23.465820
-6.303944,9.258894,4.446404
0.431089,34.773666,41.234367
28.496519,-14.382973,46.262791
13.877032,21.562462,36.637672
17.428278,-29.387470,46.291676
-17.750002,7.308563,24.052486
-4.402724,26.329847,44.673340
-0.232610,23.894329,42.440662
0.487556,-18.579926,13.325746
-6.780653,16.209406,47.446751
17.729561,-18.585686,41.614609
-5.451718,19.252665,13.601073
8.579004,37.871029,55.616432
24.078039,35.156460,56.135941
21.564196,36.290073,55.282440
-33.015541,5.268957,22.197567
10.419502,-3.517294,9.511400
26.762741,33.738148,52.206421
-38.597969,14.023468,25.504168
3.421178,-26.955004,26.799143
19.015842,-25.509113,58.855640
-39.676563,16.455698,26.208792
10.581284,-1.489391,12.906908
-7.452957,30.655260,23.742373
-6.817717,31.667700,26.132301
25.275148,30.333349,46.898846
39.721901,12.446982,53.648502
11.752213,-2.850572,16.037960
35.691254,-4.792938,35.951435
27.341661,33.453030,56.878571
-46.723843,22.741657,39.969921
-37.799751,9.306821,25.312897
31.617184,-20.299725,59.196140
39.261654,-8.832648,39.639103
8.419898,-20.221807,49.722618
0.589685,-14.870301,25.128092
20.127605,37.722652,56.687870
-7.849519,-22.210272,49.268032
-39.992313,7.467531,28.140270
-21.174366,-3.917922,19.678888
4.638588,-17.391676,12.538838
-5.674901,29.547258,38.339752
23.711855,-16.530018,20.976870
-1.050226,10.687959,17.807795
41.044952,5.123796,43.643330
14.491338,39.160847,55.912888
-8.367076,-17.944149,54.592609
-41.204960,-18.655910,51.021774
-9.294480,-18.487005,51.569939
18.176193,20.726347,26.769035
-17.113806,-11.045184,40.890278
26.460600,-21.904711,35.304939
19.799465,21.782740,31.008087
-4.634692,-12.985152,54.741890
23.447155,20.225132,50.364140
25.695841,-24.217543,38.731586
3.606571,-7.087866,9.774857
30.081356,9.207401,41.098919
25.976603,18.546425,51.272816
-20.108435,1.307414,29.849356
-10.925181,32.249775,24.575270
-17.010599,-5.404829,36.891460
-7.969858,23.327637,42.692066
-0.892624,-18.782778,36.835938
-40.368038,12.768649,27.317396
3.225039,-25.383011,28.825224
12.754410,-23.291405,48.502422
-5.056239,36.541645,38.811970
4.177736,-28.067059,28.968172
14.670041,-22.582319,44.664902
-9.756335,34.102150,29.440853
13.440532,-26.491499,47.307987
12.901967,9.204889,11.183158
-5.206437,37.845676,54.463543
36.343830,11.309503,52.434128
31.473074,6.844335,27.398357
17.363064,35.101818,53.379841
38.456474,9.876382,36.599133
2.525863,-20.731125,59.556919
27.207336,-2.867393,42.022377
30.251564,10.664859,47.891178
19.602701,26.180843,59.239914
-48.704521,25.822132,44.736053
-0.901425,19.971594,49.137730
-2.746726,-10.519032,59.427219
-9.807579,-24.565157,28.864952
17.256695,20.773596,44.732670
-7.908949,26.559690,39.889992
38.958595,12.797320,49.605461
6.989957,22.316870,42.282894
46.512226,8.349904,59.550510
-17.228970,10.783823,40.862228
-9.809985,-22.943163,26.005964
9.400558,-16.241364,33.794643
-17.779257,-12.585025,43.014668
-24.281284,-12.186871,32.986454
-42.343994,6.646307,32.005077
-35.833370,3.241767,25.960546
-2.236799,29.496231,27.331017
-36.522381,-6.976007,34.056286
-11.144290,6.629208,6.805106
-8.306949,-16.527401,34.017994
2.886941,37.141693,52.249409
-9.397457,5.847777,24.141239
24.618725,35.053902,52.855354
-11.275777,9.494087,8.719148
22.190943,36.254017,53.227859
-37.984268,4.580036,27.435799
-3.894300,21.985855,54.093826
32.869476,23.835461,49.066418
0.140967,20.538952,15.318909
-0.564397,24.629614,53.946266
35.847820,23.876406,49.427933
-17.534401,-2.266510,47.559830
-10.525502,10.356785,35.363159
17.682587,-11.128757,13.518528
-12.807470,10.672510,28.638758
-11.180325,41.425251,42.292603
-39.401375,-2.474357,33.935005
22.787683,30.341770,46.254620
26.896729,15.937936,47.579433
-39.187714,-0.276349,31.815155
22.627352,31.509338,43.993420
12.139373,-17.028107,59.536713
-9.243370,38.886387,41.403854
5.411063,-30.687740,55.011978
19.374660,32.182652,45.752220
3.196870,-24.855833,45.705318
0.841514,-27.026752,54.660065
-37.752476,1.390643,29.847242
14.573307,-29.340658,51.014275
14.536998,-30.836197,53.177876
24.021868,18.917980,51.874958
-23.640547,-3.774572,19.980486
-4.800787,-24.010805,29.543352
9.527550,-12.654267,13.794561
-24.079313,-20.496552,39.873016
6.525923,-19.699211,19.687263
29.177164,18.674938,38.236996
36.257957,24.704964,45.820717
5.360311,-26.696100,30.766792
-24.526531,0.557599,17.569359
-1.789341,26.127707,49.231991
-9.248621,4.384673,20.267845
2.050783,-13.116573,16.980974
-17.527842,-21.655012,39.575916
-29.748285,4.036127,20.117842
-10.634204,24.026886,46.382877
27.475620,27.227369,41.093124
13.670255,7.801077,9.227400
1.098532,14.006374,59.454136
2.833241,12.446426,6.402032
-15.201785,-23.270531,41.351761
-2.119209,-11.802642,57.852966
-17.479881,-10.422025,42.951794
-36.492405,34.214622,34.652988
32.549057,-22.580709,43.172989
-4.986321,-16.076832,15.903310
10.592294,23.391544,53.610245
-34.571293,1.166687,26.017899
-8.493334,-5.958046,59.307312
-10.944108,-6.235691,59.425129
-21.609842,-2.358386,27.111610
12.589355,-6.154179,8.217323
23.725491,21.611113,30.036753
4.532764,-12.984075,11.651215
0.240770,-20.011410,47.722637
-26.267595,-6.956814,26.217756
-20.248600,-18.541008,37.620014
-2.876170,-9.383181,12.709009
-12.242073,0.591730,21.398102
9.107286,-23.970728,43.764050
-6.462070,28.117952,56.011417
29.369761,-2.111610,22.649828
1.998590,9.909596,6.334827
-9.305247,17.466499,36.150444
9.728287,6.260758,7.463466
-29.635683,-8.316892,29.035980
-2.316290,11.833729,8.725144
-1.690244,23.177706,51.023125
26.090513,-3.178435,28.591848
12.880636,25.323107,46.487137
-9.303290,8.349451,40.764870
-8.509865,28.003754,51.183754
30.710485,-22.638052,39.464657
-22.503115,-4.655822,35.967236
-4.409262,8.312301,16.988390
-23.074337,-23.677614,44.741508
-8.224606,29.538412,54.004486
1.590230,-21.273975,30.086849
-6.813810,34.531464,30.584915
23.556000,24.319172,46.913662
0.276379,11.373032,9.260716
-13.327193,7.322052,51.136814
11.001910,-19.753881,40.717060
18.818920,-15.478750,16.694563
-27.851147,34.977875,30.361919
26.400993,24.198647,56.140293
15.379581,27.187246,39.676754
-8.088742,36.201180,33.558300
-2.825784,25.727100,31.931053
-36.764717,37.293457,40.454865
-5.794564,27.858179,30.368732
-6.514322,-10.723987,54.784622
-3.568357,15.507000,44.689507
-10.664159,14.440830,44.718124
32.858189,-3.078756,50.302471
-13.206684,-20.944826,34.441826
-9.377309,3.370335,17.271439
43.127857,5.856231,58.536663
0.856002,-30.988482,47.238190
-15.398310,-6.857821,58.989849
-11.506897,-10.737228,50.113194
13.018821,-17.856750,39.410118
0.398722,14.620368,7.472219
3.471235,29.929703,35.871296
17.355227,27.200909,41.762947
32.818279,21.812582,40.646317
27.363707,-9.016863,22.075600
29.656069,17.296803,57.625103
24.091810,22.078726,55.225876
14.935817,7.395730,16.577318
2.472491,-22.239969,55.957935
-10.951470,15.692704,7.208666
10.508721,-18.960165,57.508663
-2.782349,9.611964,18.897690
-14.640465,-3.877521,29.727591
-46.816837,-7.639001,58.546185
40.024269,-11.385984,47.833229
-46.700447,26.347151,38.315544
22.256523,-16.764885,40.407173
25.258635,-8.925547,21.586102
12.928550,-11.481412,25.535904
-3.452760,18.315424,35.921253
-10.669274,11.764875,56.683701
10.723859,-15.018445,29.575056
33.198822,25.951515,50.137913
-16.701326,36.063427,30.575521
-45.006710,-13.303895,48.856232
12.245884,-31.065088,50.938190
-47.679268,24.220182,47.943737
-1.440464,25.620256,58.626240
-50.251873,3.616511,49.957497
34.635017,17.643074,47.453720
0.223687,19.379587,45.986458
39.701591,21.245583,46.883461
40.194679,-4.888962,41.580311
13.593389,-17.509977,17.239883
23.180758,0.979838,15.699979
-27.315161,2.719519,18.119833
-10.692414,5.385896,49.901985
37.837494,23.015371,59.507805
30.678534,12.700642,43.546486
-21.183195,-25.998699,46.973839
-15.709208,-0.117372,20.829243
12.309064,35.789318,55.292667
11.356169,28.511024,57.158794
-3.403331,26.995148,47.162823
-23.821396,2.266254,15.944321
10.763871,27.386917,34.752686
0.988176,26.472713,51.374195
26.614567,9.988123,24.733774
-26.096039,35.924332,32.480030
-5.786059,-8.328975,12.820761
28.735378,-24.360863,39.160286
-11.128054,33.587006,27.555695
-2.447465,26.044552,27.596859
-3.284312,29.412607,25.744080
-38.612984,-15.213831,43.424294
45.178940,-8.288906,59.826546
17.556852,12.694576,30.911581
17.483110,-29.032961,59.810726
-49.838989,14.752465,50.023438
-19.566372,-21.633505,38.307034
3.926206,17.901173,59.172249
-1.856674,-19.208792,23.830124
33.091824,-22.106876,56.110889
26.186436,32.262157,47.908699
-15.597300,16.063154,29.601942
-33.676205,12.521423,20.280384
-15.734405,0.135797,45.906586
-9.222288,-16.975351,48.065453
-15.580380,17.277992,33.393906
-34.912342,8.773232,22.639780
-10.092096,8.132825,54.126717
-15.782230,1.493868,54.663445
23.169245,13.822411,37.986481
-35.653145,28.319052,26.847462
-23.621058,8.946099,12.043733
26.455503,11.408751,33.221428
-7.309285,8.949053,52.465061
-12.136540,6.369915,53.461777
-8.434319,15.724797,45.413372
27.613722,30.620279,45.908035
-11.180203,2.360575,52.352158
-34.284485,4.368851,23.916759
-15.642440,1.308489,52.254848
-10.550848,11.803111,6.588731
-32.797962,18.363880,19.417669
-20.360395,-12.212812,40.476448
-25.460791,10.401754,13.273722
-34.647202,-23.380842,53.087261
-5.422470,-25.597462,47.499302
37.410706,2.659353,56.436111
13.544271,27.993277,34.369827
-11.013447,19.402275,50.222836
3.154675,17.337790,26.232962
-13.685906,3.126939,50.922947
-11.608958,9.271180,5.924334
10.146500,-5.585628,10.951884
8.563378,-4.419452,9.323217
3.757257,21.642170,41.325653
11.359992,22.302658,34.562355
27.763708,11.248082,28.368126
-4.773425,13.771968,7.098642
-9.283130,24.445295,44.405605
-5.331630,-13.140543,58.893559
14.803109,-7.277690,8.079410
-7.540872,5.324421,51.779194
-24.919538,-25.421230,48.774315
-12.427269,9.055438,53.048126
-11.119197,8.767505,48.635315
-11.556486,22.965992,44.427288
-8.215066,-14.084320,58.448608
34.241421,23.596815,40.289265
9.537521,-3.954054,15.041302
-26.858553,7.586574,15.563778
20.064089,24.670298,53.639801
12.758513,38.372841,53.786312
-4.651557,-23.724230,36.777699
-9.707618,-12.952229,48.605541
-2.003630,29.190903,49.353920
27.998531,-0.945756,26.871035
-5.037812,19.341923,41.800545
-12.731624,2.240171,29.246429
24.838221,4.799214,21.379532
22.315580,31.025179,50.823772
30.135756,13.972845,53.996147
-41.483459,-22.417259,57.457851
26.017242,14.414747,33.273281
41.823193,-0.218341,45.899944
21.533581,-6.255354,19.603094
-23.092375,25.048780,14.851787
-14.755855,-25.864960,45.145210
20.475258,24.926266,56.303391
-21.267244,-6.039289,21.859991
-44.708157,27.579498,35.441380
-2.866705,-21.559452,35.032803
20.879932,12.144670,28.264645
-17.719538,7.514704,9.270843
-12.409886,-21.249586,28.160683
-15.792082,15.413062,27.032423
19.034361,25.315088,39.873283
28.384926,-2.870007,36.420662
-19.447266,-13.740357,41.932674
-49.575054,19.797760,40.506523
22.338430,22.563648,52.446556
-28.462337,9.204012,16.714321
-18.934586,-3.780047,22.032482
-40.858170,-15.514293,46.299377
-8.381959,15.723236,29.137224
-16.920820,-5.562872,24.091505
-11.518144,5.910190,27.829786
19.463675,27.292076,51.203087
38.160370,11.866400,36.023331
-51.750664,6.157439,51.225010
18.117464,24.183331,54.720329
-13.340646,-24.019581,45.136013
21.409986,20.723818,51.368938
16.636637,33.660461,48.622871
-18.291842,-12.273035,39.007633
-12.125628,-2.657638,51.831768
45.911064,-2.345667,56.144825
8.504309,-31.778669,47.093601
-1.918715,-25.894907,25.494303
15.438761,-17.227772,20.851347
17.514009,-10.166297,29.392336
-0.922745,34.434204,58.500359
2.639392,-17.018860,57.587391
-13.156744,-22.306862,30.547161
31.182856,-14.423201,52.376797
-7.234854,-11.228014,59.269657
-11.763865,-0.767919,56.199047
-9.428458,40.961269,45.499886
6.899209,-19.682854,41.444241
-17.403509,-1.342557,45.493027
5.735168,37.944489,57.047298
44.536011,0.806087,59.242489
-11.419482,16.805607,27.683531
31.906025,10.697430,33.940006
6.397261,24.011417,45.777618
-10.402868,37.131256,36.906536
5.983662,-24.648279,50.412006
29.182735,-19.123371,59.423618
27.549528,3.832507,22.018549
-7.647070,3.997629,4.626642
-12.981117,-7.679984,40.595081
-7.016968,24.378735,33.548325
44.163540,-0.540222,54.943249
-50.121040,3.426372,59.717335
29.551888,30.234474,51.871765
-16.239920,-0.134646,56.974575
-1.774897,-20.132992,15.188874
-14.556469,-2.162354,47.401527
-19.031677,9.271801,29.523027
14.694888,-26.859007,59.253017
25.582699,33.922520,56.189346
-3.773002,-18.256037,14.142814
-23.807348,15.921157,11.484191
21.759811,33.047340,46.746151
15.828621,-16.551041,38.412048
19.887468,34.743671,49.515556
-12.329851,-5.974078,42.987194
-43.305687,29.423462,37.646679
-27.352360,17.456497,14.474858
-34.546532,10.932691,21.793598
-11.634632,1.634453,5.929567
19.724312,23.573111,47.537907
-2.696058,10.394380,10.821656
-13.684620,-0.645786,30.145929
-22.506901,-4.472907,39.766861
40.439674,9.563143,54.943573
8.377565,-29.942186,50.685268
43.820541,-3.291263,56.796406
12.317506,-2.038231,18.674767
-14.342651,0.592677,43.385834
31.414633,1.379330,27.579206
-19.468826,-9.912901,39.595097
14.778969,10.318430,10.920349
-12.438230,-10.551259,18.575108
-10.603546,-3.863114,53.473446
8.459237,-2.845375,13.029793
-9.689715,3.852538,7.008615
-24.266273,-4.943821,24.955996
-5.875714,22.925688,52.452404
-31.313509,20.548260,18.809753
11.754310,12.133780,12.064089
-8.050900,39.291332,39.314545
38.389866,21.298569,44.753651
-36.589783,23.923918,24.553310
-35.480244,15.020785,21.585762
5.857141,35.759815,57.202667
31.373432,2.509231,30.799171
-14.041393,-25.083193,42.785748
-25.155237,26.513353,17.192892
28.229439,-2.030669,44.903435
-13.131134,2.039716,46.646225
32.021793,0.688948,33.638519
10.035689,-4.423242,6.230449
7.701374,38.528965,57.381779
-11.987410,-24.737709,40.806545
-17.840837,3.154966,47.422268
-35.440914,26.342073,25.574844
-15.583894,9.756099,19.956312
-20.439686,7.390913,30.971289
4.532714,33.046783,55.010048
28.747208,4.486073,31.470556
47.203621,-0.767707,57.402927
-2.507020,-14.713614,11.882984
47.410469,5.651538,53.254967
13.909563,12.667688,12.594036
36.322193,17.533363,55.089211
9.348680,21.585278,41.054943
14.673198,-20.364307,41.896408
7.379226,-2.077547,10.855656
-1.586635,-13.572739,13.819121
-2.337492,-15.645846,15.422694
-15.895731,41.611908,41.537941
20.194918,27.376411,36.454468
29.317820,26.205265,57.468674
-11.466986,4.380985,56.930450
12.057694,19.558283,37.456615
-3.431571,28.099070,31.262335
2.707808,-20.706055,47.243797
-13.626318,-17.608500,29.053101
12.359919,11.179517,9.968744
6.128423,11.266561,15.801788
16.752995,22.817032,48.704460
-15.050894,0.126405,38.715069
-10.889887,-23.189266,43.152782
43.545475,11.445934,59.331821
-34.603828,19.411221,21.483919
-22.930407,0.845087,36.860325
1.975915,31.730206,55.277370
-44.395058,-15.495688,52.745827
27.138632,-18.305195,59.904659
-37.167923,21.661854,24.067797
5.150791,-26.155167,59.190971
24.457710,-11.803042,18.436411
-18.821476,-1.367094,30.169445
39.300770,9.615411,51.633938
-14.234694,13.872616,38.542049
21.748991,17.697323,24.629498
-18.855282,38.444111,35.050018
1.131991,5.949770,7.664083
47.530739,3.202669,56.244789
44.474422,-3.900600,59.249573
-22.158903,-20.694487,41.241432
7.326216,-18.124308,57.222935
-50.101624,-0.974117,56.008381
46.019531,-0.654270,59.582603
5.050501,20.419170,35.270031
-21.885162,-22.574362,42.851803
-5.325168,-21.220659,35.800430
-49.087296,25.968859,46.895630
7.746823,22.262461,36.103252
31.635788,-20.543842,53.110279
9.867470,-19.484619,45.989368
-43.789127,-15.047780,56.977829
-21.222450,-10.125027,25.139927
-21.693401,-1.545388,34.686119
10.581587,9.955676,11.721061
-18.919359,-11.491655,41.725594
-21.332670,-12.544393,37.931374
-50.602684,-0.940483,49.457996
-21.505583,-27.554596,51.006996
15.880981,8.043782,25.028347
-12.795005,-21.844006,39.980221
-35.426529,21.899464,22.690094
-21.910040,2.790429,35.144756
29.681189,13.559393,28.465548
9.489901,14.064796,11.560106
26.792814,21.227167,36.223843
5.148539,-7.955358,11.683289
16.106750,31.244053,59.381275
-37.433636,35.760452,37.823902
-14.103735,13.936333,35.414524
-4.236247,-16.375418,31.027323
-16.566673,-23.692049,39.609966
13.999616,-27.469793,38.125080
30.934786,-4.128529,59.053989
-8.261214,-26.950808,54.054611
19.274075,7.227682,21.660576
-20.821539,4.967123,13.914299
-2.454625,12.934579,53.764561
-2.917536,-15.874617,24.890215
24.128008,23.580120,57.483929
-0.852336,30.424654,30.336796
-39.007301,32.429546,35.663956
31.342342,-20.937416,44.482407
9.255481,16.683811,15.249652
11.766005,-26.659369,28.694805
19.540041,21.806623,51.206711
-4.175894,-23.302317,51.283611
-6.650106,-4.732059,3.079269
-13.768381,32.971436,25.153517
-6.190286,34.678379,52.957962
-16.436453,33.311283,24.853622
29.813641,-17.540121,44.761440
-4.229167,-17.854418,56.304825
35.573120,-12.732525,57.386963
-43.520458,-13.652231,47.511974
15.139578,14.515228,32.046715
36.612419,-4.901911,57.135841
-10.946368,-27.410349,52.631466
-22.118624,7.182842,12.339288
-1.801211,-24.171297,40.370724
-6.884336,24.383390,39.549740
-15.719459,38.511467,34.374531
9.934081,-14.300673,26.124113
-26.831579,27.359941,20.378925
30.985931,-17.270138,49.008785
-2.428046,18.569809,44.183914
46.326389,14.241341,57.232674
35.015652,-14.321588,59.337200
28.649046,-20.241360,47.548649
-0.567152,-7.902251,9.133198
0.160944,-29.533239,42.297325
-13.419726,17.864857,44.461716
-11.733987,-20.624989,42.303471
-16.104506,-5.874053,44.628738
-28.701056,40.720753,40.732227
-19.975178,-13.950336,35.751614
-32.587986,24.163792,21.018476
22.467850,21.018782,40.291729
-10.657752,-20.678318,30.506380
24.554337,12.194349,37.578163
23.538769,-1.687271,33.498379
-50.749210,3.677738,56.212852
22.478580,17.963127,40.503765
-12.117871,9.784693,19.344339
-10.808653,0.280876,44.641552
17.049547,1.044765,24.484573
-19.061584,7.870101,39.086090
38.532433,-12.686131,55.292622
11.834373,13.067060,15.714503
1.936800,20.689823,48.771980
17.206270,3.401720,26.101686
26.517056,-15.310333,23.211433
-50.273190,4.406588,43.849533
-9.400394,26.499577,57.116875
-6.815933,39.600929,41.493370
41.290295,-3.126230,56.175709
1.352895,21.162842,17.423708
25.122562,-18.719797,55.303062
-0.519606,15.308217,11.273532
25.640347,13.162825,47.252640
-25.116549,20.632877,13.771632
-13.620632,-9.605368,47.674698
8.142729,-30.865044,54.305939
2.279682,-29.377169,45.083134
35.152992,-10.131342,45.117168
20.718349,-9.169609,27.905695
14.758689,24.967476,55.128838
-48.237610,22.565611,37.191242
-49.915474,8.588893,58.544796
-13.125988,-0.487194,45.749989
46.102142,-4.471807,57.442528
-12.745216,-6.239719,38.080818
-4.215086,-25.709124,49.962749
-45.780735,8.054366,35.288719
23.630470,-14.099689,21.762207
-7.736410,13.157288,59.829742
31.803722,-18.617590,43.774014
5.225023,13.362399,8.897417
-5.268355,35.552326,42.280590
2.574167,26.074427,47.708675
-11.589741,-13.883584,15.443041
-3.559024,-11.501765,12.908412
-14.439294,-7.442816,32.086845
12.007207,-22.636232,42.916359
5.451965,-30.772890,57.761257
-15.454895,-4.192294,58.975136
-17.768847,28.383709,16.255648
38.473759,12.196314,59.133137
-4.522754,35.280647,35.486782
-1.906025,21.001373,21.046249
15.694723,-20.029362,57.128826
7.108197,-31.490377,56.120152
2.453473,-25.771345,48.656796
-2.990645,21.868917,23.439337
-11.802410,-9.919615,45.054237
-22.215481,0.764025,33.382244
9.889861,12.060541,9.456620
32.472794,-15.245084,45.862644
21.572603,23.917492,43.216980
-13.804710,-26.931219,47.012623
-4.658158,-23.407089,54.653275
-19.663044,0.500102,34.274147
-20.574358,-12.753558,43.332573
-0.537070,-10.168431,4.371450
-16.424553,2.377323,41.111046
-5.054695,-15.380931,57.214752
-20.372967,-0.029024,15.411932
-7.437201,21.543207,13.102232
12.233233,29.005253,44.981419
-9.092140,-3.043861,11.103087
40.267521,0.879548,59.321098
-0.387684,22.192719,20.020931
-8.472446,8.539209,25.762192
-48.521538,24.344643,53.686447
30.364510,14.333212,56.267548
2.577340,20.995808,54.269257
33.327965,-18.484388,54.374588
41.313522,11.800468,51.183197
-51.188114,11.319468,46.055939
3.579608,-24.973497,23.796797
-5.369979,22.150106,58.285908
9.039559,14.014752,27.045444
-2.704624,-17.834503,49.348038
15.676656,-4.949347,17.567123
-10.077360,2.706062,13.225974
-37.926514,16.815573,24.592781
-10.465983,-14.521861,55.409073
29.073858,-18.818983,34.179630
27.879963,-11.318778,22.890652
0.554326,-32.063992,55.949894
-10.583529,7.572171,38.188637
28.874369,-14.904037,26.438816
7.027281,-13.608639,15.311687
9.320811,27.104483,37.312466
27.894539,-14.620063,59.259041
-0.245710,-11.010965,13.480337
0.430441,-17.653952,19.063698
38.395031,16.530621,59.619278
-1.117424,22.815790,48.044498
0.462952,20.902779,22.364292
35.096313,-20.130959,46.591850
-9.216107,-14.296673,52.065693
40.319126,18.569479,59.913700
2.237532,36.733593,59.554543
-3.979849,23.880360,37.644073
32.028435,6.365527,35.157642
12.653608,-21.254930,56.154926
26.555218,30.980297,56.831974
-17.918060,29.792896,18.612875
19.911722,-30.563192,50.731411
-8.493814,21.618767,31.344217
38.021183,1.424446,59.539581
7.871861,10.585943,12.205907
12.202383,-5.633981,18.303066
36.596378,0.377750,32.921173
19.129286,31.503300,41.721348
1.531297,3.295774,5.634362
38.861790,13.340363,56.383656
15.542101,31.093184,39.127151
30.719479,23.401943,41.200432
10.503802,-6.611183,16.035433
33.873592,12.816000,37.081612
16.172033,32.376431,43.276939
25.670280,-21.387714,30.886776
-4.856569,-17.534948,45.957928
-3.852652,30.380529,59.338211
-18.282274,-4.521357,34.460777
-8.961662,16.615974,6.936583
-10.547476,-27.212873,46.242317
14.931325,-21.795950,55.729565
-11.205387,-2.101525,45.403938
28.080425,22.227787,42.061413
13.481527,-8.477117,9.844683
-3.496587,29.649168,33.529476
-19.514429,-7.085911,36.383667
-16.639296,-20.674349,33.909531
-0.435901,19.598217,42.322495
2.195301,0.938749,3.390066
5.414287,-22.021826,18.299496
3.350942,16.296608,20.720295
13.919166,-24.449543,42.963276
3.351667,-23.164400,18.994095
25.266392,-10.406738,30.347939
28.426022,27.631908,48.753922
-7.519302,21.157595,54.875252
25.922710,32.500381,59.110310
15.319937,-19.166809,59.747356
11.991089,31.348091,48.266872
-21.762144,1.609419,14.197846
23.410057,-18.313009,22.892569
-6.527723,36.917576,52.873657
-6.258630,34.548080,50.632641
28.077322,-19.510893,30.802383
-6.408980,32.529537,49.060780
-12.637078,-8.252640,16.772711
-48.931622,18.429222,45.710629
-50.046799,8.498519,42.012451
34.090652,-16.627930,47.643532
-5.579602,-8.593976,10.366954
27.709761,-8.151377,27.577002
-7.355577,13.308585,29.747797
25.456930,7.705179,37.351929
25.867960,-11.629393,23.140787
-2.596573,-22.179926,56.397461
29.103779,-10.846491,34.932678
36.110279,-18.278666,53.355392
35.828224,-13.105836,36.104996
40.156307,4.248622,53.041508
-7.181566,-25.478010,49.897053
8.745052,-21.920626,28.097288
30.966541,-25.508419,53.105347
7.210106,-16.528719,28.432312
21.979858,25.449257,40.709511
-35.409969,-17.125313,42.559040
14.752431,-26.248356,36.001904
30.628359,27.006266,55.090412
18.849468,1.141587,20.838144
1.251735,-25.553177,41.619194
41.809582,3.745282,55.559818
18.825939,-29.433962,56.048466
38.784817,-11.088305,41.993084
29.945602,-3.292999,47.972500
-6.088987,12.566624,15.445745
-8.548410,-6.371956,55.665173
-8.260955,26.528955,54.546017
-38.218189,-23.355570,56.155121
32.311867,15.501587,35.289001
-8.628042,25.819769,42.286621
40.504658,17.252384,43.733158
6.935168,36.621807,59.443565
-50.566647,8.134545,44.680252
27.511322,32.318195,50.247047
-22.397892,32.832111,25.773308
-16.091705,-1.983825,25.890074
-9.974985,13.125739,16.714722
21.255474,-14.164775,55.616196
-2.703089,21.592396,52.238464
4.016707,-20.366585,49.263813
-16.448702,-13.310068,34.374149
23.951286,-8.086511,17.841152
10.919518,-10.694128,12.679059
-7.798017,-24.295309,47.538765
2.554302,-10.499256,13.146226
41.991375,17.159748,59.739582
-11.368578,19.493397,29.835676
10.504775,-13.349990,17.381561
1.709443,-24.552780,36.392586
-51.350449,9.428672,54.475471
-9.839111,-17.258413,39.524185
-11.278836,14.142687,27.494379
-0.785052,4.318251,6.641682
20.987114,-14.935909,51.797668
-38.301308,-21.686735,52.779869
21.551140,10.250112,35.056583
-20.600882,-12.247589,36.229664
-9.323585,2.120891,56.897888
-6.269489,10.376633,21.876556
-7.015411,8.288176,19.570902
26.638918,26.408371,52.978909
-12.524375,-7.415812,8.008819
-47.669292,1.818537,41.661232
-7.819588,-15.904922,44.979649
16.559362,18.895397,32.666794
23.076639,-11.989515,23.207405
-4.326261,-6.384792,6.533076
31.417519,30.910278,56.663254
48.582230,2.320707,59.479366
-49.346809,12.518205,52.237240
-4.311152,-22.384567,20.971531
16.251871,-26.419443,53.147194
21.072395,5.523263,14.673001
12.002809,25.424442,36.158566
2.882414,-15.479672,8.868880
-13.750789,0.076526,48.075455
13.724680,6.099305,7.597304
-0.702278,23.148651,56.760769
-5.292909,-11.356791,59.885246
33.618366,28.097795,48.578079
21.900623,35.069199,57.551552
-2.482502,35.833275,38.342930
3.555482,-7.947905,4.278706
-37.689976,37.696102,43.173538
-9.366647,-14.025445,46.150299
-43.582783,21.303022,31.114552
-17.931492,1.297226,38.612740
5.781396,17.483280,19.657618
26.662451,13.348710,44.381142
-21.519886,-0.896389,40.153053
18.697569,7.855674,12.717120
-11.329707,-4.387390,59.762764
-44.020916,33.451515,48.862988
17.487986,-9.687998,11.428011
1.165017,-20.891474,57.528179
15.963308,22.567684,31.387955
-21.702175,-4.884427,25.990013
34.545914,-8.686459,33.600441
-4.680388,21.201077,30.237282
-6.405426,21.311756,18.312815
-13.534301,5.878547,55.562218
23.414337,-10.826536,32.936016
-10.959059,-20.341278,21.279009
40.777367,-12.475465,49.983955
-12.687208,-9.245632,38.228424
9.895295,-28.534790,34.339344
10.424688,7.671746,12.811664
5.461690,-15.693994,29.727325
-15.138759,7.883841,58.052288
29.228092,-2.043346,25.079260
19.864077,-16.933611,18.119381
-2.699378,-18.966413,37.564861
28.636276,17.018852,29.728539
24.884647,-19.090380,27.140446
34.403721,12.588341,56.688984
41.684830,13.263002,59.282814
-11.176935,22.311281,48.510487
28.123957,-18.374207,56.459877
28.199720,5.945232,42.219799
4.415886,-16.760429,10.314664
-8.196313,-25.401136,33.129883
10.364418,-29.967373,56.623619
-2.444417,-17.504545,35.156998
-51.436378,11.359861,51.573673
-11.582106,6.361098,23.427256
18.163542,29.704470,52.982384
-19.174725,-3.592856,27.937908
-17.566431,-12.906580,47.081604
-2.677058,-18.673239,45.567039
-13.257855,16.859009,50.371365
32.939709,20.670212,37.562809
32.628132,27.416368,58.015583
3.658843,5.713554,9.134486
18.231838,29.780304,44.146545
-15.378344,-15.639206,24.072393
-3.563462,26.821215,22.368906
23.150362,-9.931748,19.116976
-10.994323,-5.218260,6.989727
43.841263,-2.857378,51.130161
5.718048,-21.752958,42.828045
5.865020,-31.427282,44.987820
31.166674,17.871313,58.755676
-4.211232,-28.145418,51.041046
-9.460782,-21.215347,56.770592
13.965486,-23.805313,59.477592
-22.375790,-7.053843,39.651218
14.907948,-16.683420,57.415565
-46.345043,23.200432,35.892132
-20.223482,-7.575549,41.372227
-0.621748,-16.354769,22.168163
35.275246,20.505318,50.235306
43.898602,7.016798,54.696629
39.171535,-2.430375,35.856171
31.921143,-23.095045,58.967335
-22.268087,-20.592987,38.219532
27.951912,16.268953,35.794422
1.104233,-22.421846,18.462360
27.673151,21.320581,59.301395
-19.161705,8.185989,25.933523
-11.025173,8.979312,59.159584
-13.734828,-0.389021,24.621786
8.575623,-23.198141,22.586502
22.408537,-27.936388,49.838593
27.098236,-5.177400,26.416931
38.994396,23.296030,55.107693
-20.179819,35.000431,32.097816
-4.593895,8.957278,53.069477
-17.949614,35.173607,32.208340
3.584106,22.982727,47.107658
-21.131628,37.022179,31.164030
1.742493,16.166847,17.047453
27.769499,15.786482,33.604504
38.601082,25.559439,56.497459
29.163507,10.789953,42.853668
-4.646476,15.164403,57.322823
-1.360952,13.151112,19.213039
-3.506330,12.705828,26.139435
32.421814,-23.570419,47.171585
9.759765,32.446892,45.194252
-1.281664,9.366618,59.643513
31.562447,10.400591,29.358854
28.543461,15.578560,27.795219
5.868436,15.692622,21.848885
23.044559,32.497200,52.165051
25.103577,-22.634008,48.338673
-43.948917,33.220577,55.452305
5.799084,-17.604939,23.719671
0.466189,-30.067980,50.340534
16.440582,8.033336,19.217216
-51.476231,15.210700,45.899616
2.851871,15.312471,18.782713
12.148002,-27.956474,36.001900
8.428678,2.869828,6.038372
-19.455626,5.717730,9.743145
28.376200,26.021286,46.931076
-11.342992,-25.386375,42.873962
-3.862363,16.757071,23.113295
13.636426,26.676823,57.952690
40.264557,-13.376863,52.961140
35.160053,6.019573,34.599117
-3.362174,19.783348,47.038883
18.070459,-1.199325,26.146919
6.110826,-4.368744,9.795241
10.914067,11.584753,18.561781
36.408821,19.586514,59.487885
32.215221,20.130180,56.864288
-2.362167,3.798084,2.611629
-9.733302,-2.938875,14.452554
10.224710,-22.847263,34.513908
40.348415,19.353956,56.997673
-10.256985,23.357935,37.628384
22.857924,-3.276388,22.468485
8.379370,-14.827589,29.560247
-17.803394,-3.047322,39.533409
30.200050,-4.870347,24.654909
14.952527,-28.274122,46.454266
18.718105,-9.847610,31.788191
-41.181831,27.026165,29.902132
0.470627,21.398363,51.119240
8.218462,18.208685,33.867641
5.672519,-19.777634,59.233665
-9.200091,16.738319,41.213837
1.136540,18.371244,58.881729
-10.743065,25.032452,48.195435
26.533966,-5.731066,42.129902
26.144735,-6.112922,29.074537
-7.992510,35.423920,35.975327
-17.035530,39.524605,40.459671
1.703580,32.240257,36.585796
10.824482,-18.762682,15.651841
34.848377,20.431789,57.437618
-17.360424,-1.489731,22.724777
-46.217789,29.176489,48.292316
-49.251156,16.883543,53.509808
-43.713253,34.031109,52.712204
14.380422,-2.043435,14.181188
-48.893402,8.554379,43.654175
22.656796,1.039755,25.879236
-17.356810,-2.680017,19.111084
28.520494,24.654070,54.256180
-15.615183,-8.732467,56.506477
-7.528219,11.396822,5.252533
-2.539208,-26.578098,56.369617
-16.798809,-12.589600,20.486355
14.331909,-4.062994,20.632488
30.410357,-22.903307,50.357998
-9.478790,0.380385,52.280014
-3.609244,-20.037560,50.418289
-0.293794,33.239998,54.527687
5.764675,-23.586029,22.632954
15.241409,-17.286457,41.105160
-19.069145,37.945026,38.714298
-47.898411,25.034990,57.597946
-5.180696,29.420427,31.927826
-16.583414,15.949031,41.939583
-5.292831,4.021212,56.046833
0.178288,-22.338217,49.969326
11.700965,-2.400071,7.264973
7.573198,24.024679,50.222569
-6.358846,25.567783,19.815901
33.754326,18.267387,35.701733
-30.065063,41.020512,45.875969
30.830711,23.135651,45.771679
-5.326290,25.281013,23.196566
36.035320,-8.889071,58.929829
32.133545,26.637720,44.136768
9.569199,-12.682076,22.921347
23.357210,6.928951,34.182705
-23.527374,-1.337651,17.238670
-11.553099,0.034588,51.443497
-27.069338,38.160820,34.305401
-13.494733,40.451527,38.108070
-12.608624,2.542552,33.149834
45.834755,11.055132,51.423107
-41.813560,-16.682877,49.230320
18.387810,-27.939383,53.831490
28.513462,-5.788899,22.012142
-7.999455,39.283432,44.661221
2.714025,20.077192,14.284088
27.709139,19.412231,56.912010
-4.321335,25.877901,24.773468
34.660049,1.768165,30.697580
-28.575815,-22.980709,46.495068
-19.875856,-14.800651,39.148624
-0.212535,-19.655245,39.701134
0.519970,-27.107771,29.972864
24.695759,21.703194,44.184116
36.864307,22.061306,50.214558
-20.666698,-0.248284,20.331430
-31.004923,35.058964,34.584354
35.654762,4.126862,31.375137
-3.415468,21.934118,33.376690
22.017647,15.269444,22.241276
-3.260635,1.384992,2.396963
24.190775,-14.210478,56.171082
-3.321173,32.476326,34.819153
41.813507,-10.011903,56.857876
19.697613,4.408487,12.558444
-17.081387,-7.361479,34.508766
-0.823648,-26.715570,50.664463
-0.108693,36.433594,59.470673
-2.340905,-18.122749,26.233912
6.194757,-23.148397,30.419352
32.279102,1.619640,46.414242
11.147674,1.239774,11.209238
-1.640626,-30.152473,46.429203
21.252321,-18.491310,30.410450
30.393761,31.483456,54.278030
17.607428,-7.581628,10.388474
-10.517958,19.147850,7.916184
31.210674,26.399817,41.029041
4.943091,-9.274375,15.371771
1.711040,15.375353,27.381203
6.836825,8.277543,8.302332
-48.948368,-5.156244,56.376301
30.274401,-13.698703,58.421173
-6.240963,33.788719,36.308048
-1.090283,38.647263,47.576706
9.998571,-31.734335,42.498276
10.620061,-29.287001,44.622543
39.400810,5.220713,38.203182
2.548913,-18.853289,23.727531
-19.734201,-19.263351,34.341053
-13.331380,4.253181,36.728607
15.827785,-22.878477,36.591843
-3.636213,19.185764,27.357918
-19.772705,3.633408,44.019405
9.082777,-27.991407,46.761745
9.370940,-27.888647,44.892292
-5.605853,13.494494,18.854124
14.521395,4.569270,23.226427
-5.010267,-3.677643,57.890942
18.847816,12.915888,17.451283
11.366766,19.373459,23.928196
13.432104,29.812502,35.937145
23.036646,32.799957,58.952805
-10.191692,26.482483,15.440120
-13.574064,7.941222,20.341143
-3.167652,-15.238083,9.122663
-37.338287,12.486996,24.049082
-5.280079,13.685366,31.229647
25.496586,-10.446120,50.237751
-5.328444,31.700460,37.216312
22.292959,-17.253578,34.558826
6.373145,-25.668453,25.210117
-50.083321,0.602310,59.722534
20.482336,-0.364027,28.853487
-8.658348,20.533133,37.130413
42.861839,12.834352,54.869225
20.320700,-2.385454,30.302397
16.342978,-27.257172,50.495468
22.746750,-21.933950,45.858200
2.867811,18.793930,55.933315
17.166573,32.197495,40.803642
-18.304157,2.544138,35.421402
29.658628,-14.178705,49.400826
-20.658426,-20.859194,42.719761
19.099571,23.611902,34.790306
-17.391462,-2.069268,56.014015
1.229471,-16.781729,23.724722
24.623981,22.196653,52.925671
-0.935820,10.581413,7.706635
-0.827716,-18.644011,21.054008
-8.082868,7.339807,55.722340
-2.560266,12.485124,16.835672
-13.762465,14.809367,30.402731
30.868675,-17.652815,39.702389
35.159458,-3.940056,31.116163
-1.130860,-17.605087,32.133049
-5.367669,30.882338,29.894258
31.733719,14.205931,58.007217
-4.096306,5.298765,57.965206
20.416271,-13.007427,16.927582
-14.172703,12.924193,57.065929
5.385648,21.448719,55.760090
16.064137,-23.745781,32.628693
35.117901,-17.980570,59.487259
8.622304,-14.012098,24.388252
-11.920890,36.378078,35.610416
-46.825867,28.980993,55.596962
19.033585,-26.085695,39.727329
15.276922,-22.554329,25.152868
-19.601229,-0.565896,12.096283
9.868126,1.084339,13.669521
-7.764552,-25.031748,55.831158
28.540108,0.249898,42.387539
-7.908337,-32.779980,57.992069
-18.917528,30.760038,20.410114
-17.105644,12.978970,34.188030
-17.050343,-8.274991,41.083633
39.301586,23.296644,49.186150
35.190506,-6.596770,58.332172
-6.333962,5.986749,58.111732
-6.134015,-7.084008,4.022056
34.270390,1.866704,51.295422
6.720631,-22.852352,57.333260
-46.411537,26.441793,36.270523
16.711653,-28.500832,55.439846
7.153540,17.251904,13.598625
11.513297,15.848253,21.597042
8.683446,-18.935160,25.774570
-6.825406,-24.030119,31.289175
-8.992970,-11.734690,13.512769
-6.204653,36.734974,35.701824
-10.209021,17.246353,30.013189
-1.787058,-16.954798,55.394928
23.677397,17.959820,48.886681
23.096786,29.307522,39.585232
-13.280868,10.648708,23.295231
5.607796,-15.003384,22.700371
37.332569,-1.508521,37.417294
2.227721,-25.129135,56.420288
22.178921,28.310946,43.081177
5.397477,-21.579805,46.783054
-10.330111,-24.712063,35.380428
-3.080802,13.667398,12.536518
37.886028,-2.026070,55.000946
-1.697647,11.385221,59.744095
-17.228785,-17.173660,31.855747
-39.754715,36.889740,59.139896
-42.118462,35.428196,55.787403
11.280991,27.255379,36.731911
-6.939554,-8.905165,4.404965
39.389854,11.245669,40.913143
-4.649098,-20.071712,14.810948
-4.817598,-16.137331,50.077404
-17.777676,9.509523,44.899906
-42.789223,33.913025,56.994347
20.895401,1.376884,12.366951
0.607675,-23.703011,58.579582
16.352638,29.851721,37.015091
-45.617897,30.332560,58.971352
26.849609,-26.338188,43.758522
-0.504895,37.646049,43.656094
-14.599426,3.608064,30.137394
3.150148,-24.392910,59.022625
8.042912,7.039903,10.482487
-10.449574,14.328585,41.844456
-7.174135,-25.000982,28.827026
3.476071,-23.202627,30.430590
-3.510053,14.483499,20.458933
25.971703,-25.755028,46.817440
4.514092,30.035839,46.827484
-20.578451,-16.124983,35.387146
-16.065891,6.407889,44.221127
-6.411951,-17.506113,44.382645
24.744965,-26.529757,41.067616
-8.297420,26.997089,20.233267
-25.354082,42.382187,46.766956
39.883118,9.236240,57.455036
3.695179,28.799507,42.659889
28.607613,-24.791550,44.570091
41.235752,7.666583,59.181023
36.383579,16.195108,37.047554
-0.871827,13.296916,56.062534
10.666061,29.853188,36.003693
-40.596626,36.872955,56.071423
-40.389099,36.538803,46.567520
-42.002666,35.301373,48.606834
-41.029087,35.913475,44.661266
18.714048,0.519266,10.716387
19.408478,-28.959805,36.675739
-7.902080,31.226227,58.297539
19.245008,2.537785,11.455396
16.472864,-0.908266,12.247643
-39.204700,37.677231,57.334877
15.489346,-2.991877,12.392203
16.536175,1.675868,12.662307
-2.587374,18.183575,41.519154
13.133093,-1.588131,11.677050
17.501551,-29.092781,35.437988
6.121654,-19.222933,22.300737
-9.744872,13.265207,53.214237
-16.502066,-7.180631,38.759281
16.568186,26.407732,59.034721
-0.214038,15.341249,15.029013
-11.293663,-12.129347,43.072865
-38.986996,38.049019,52.378613
21.884954,-13.316525,37.550026
-17.865410,7.191856,45.684967
16.382669,-30.911169,50.164364
25.960390,-13.295883,37.143044
-35.600471,39.238400,45.648464
-2.916106,-17.826143,11.539931
14.803387,3.627630,8.254136
30.519287,12.252180,33.008755
-12.870523,16.872988,23.368177
-1.501842,-14.102262,24.628681
20.360388,-12.142976,34.445690
-1.725484,-19.162518,18.377569
18.872936,-3.372415,12.643909
16.463549,-30.092535,37.185627
41.158695,4.709590,57.693039
-48.399570,-3.990541,53.121536
-49.180012,-1.652817,46.081066
-42.588486,-19.555941,55.632843
-7.254082,22.927689,28.527082
-43.073441,34.535675,50.604534
37.068497,-10.928942,52.712616
38.237431,7.284162,57.736866
-32.462257,40.716061,46.433929
-5.304998,-32.274700,59.619644
-23.996183,-16.694290,33.469002
30.013517,-11.839008,55.837177
-16.908968,-0.525022,12.395863
-1.998095,37.926487,42.384666
-17.065548,4.200550,8.650677
11.137256,24.894585,33.563179
2.805759,16.029459,13.127429
32.224873,-23.567518,45.042233
16.184399,13.833320,17.007290
-34.850937,6.687291,23.276772
-11.878952,4.792186,34.493065
32.541107,27.882526,46.300152
32.310997,10.443426,31.613003
-2.984262,16.300396,41.924618
12.718519,-31.768517,47.045761
-1.121514,29.444342,38.065624
15.960402,-31.003309,47.911720
-15.222417,-1.364776,54.122833
-12.824549,-27.408020,50.180954
-17.644297,13.541587,39.669136
31.480417,-17.370749,58.767723
1.198627,28.005573,54.403976
-9.834195,21.730854,10.020183
38.997761,15.142418,54.189098
12.498549,-24.064295,41.723751
-11.854288,10.456284,43.624866
25.847485,21.697741,57.433640
5.044151,36.007092,46.592407
41.268917,-2.740144,59.160011
-43.453735,-2.288529,38.287312
-6.618124,-8.687166,56.730625
-49.674068,-2.757631,57.133064
36.417286,6.319764,32.410255
15.443798,-8.662237,12.117060
42.731705,-7.308776,54.634026
3.319332,-22.546429,59.745338
10.596702,12.479422,25.536100
32.168427,7.935447,55.725517
40.171394,-6.684602,40.038696
-11.580628,-5.785408,46.561188
-2.919545,23.497118,15.987711
-16.638859,14.770311,36.892567
17.476757,-1.526472,15.518185
24.346699,-16.526377,37.455521
-28.011711,21.798395,16.336130
-15.739071,2.563676,38.679878
34.792206,1.929469,41.558392
12.925825,0.253575,15.361506
16.347874,-11.714448,11.688351
24.117207,-25.341208,49.539547
36.624561,-6.814825,49.221252
26.394060,8.864768,27.410194
25.482313,-24.622614,51.906914
22.947636,-23.454912,48.774265
-8.112970,-14.222311,26.078102
13.891827,-30.099541,57.834435
-3.290942,-17.524269,16.216337
12.906978,-24.500244,45.506519
34.986099,-12.208257,49.960705
42.614998,9.314463,56.731903
26.777802,-17.288929,47.224522
27.752729,34.420357,59.323120
-47.277603,-8.303957,53.686245
14.639440,-25.148239,57.868801
-49.207264,20.488186,49.631580
44.087440,9.933898,47.167328
-11.399693,-12.201376,46.556526
0.275516,-24.413078,23.402298
19.876350,0.309227,16.230724
3.414057,-29.599977,39.740211
-7.227889,26.079733,30.116291
-5.070578,-10.278831,5.253222
-15.134789,-12.322568,26.798986
-9.169347,-14.922008,37.793266
-4.561424,-8.778606,6.958832
28.883915,-12.407812,26.837736
20.251528,22.515987,53.176762
5.591459,16.040066,28.600054
-7.504329,-31.607178,55.772449
5.742547,-27.388222,56.897572
-42.010925,34.311729,41.634491
-42.382984,17.004715,29.879322
-6.719085,17.236544,10.904418
6.075573,-29.603317,36.598320
34.637093,-6.474202,41.863125
40.258972,-14.286547,56.604298
15.822215,27.074654,56.675587
37.592499,-7.544508,56.998459
-48.745121,4.109944,57.135357
2.100682,-12.805335,9.803313
-4.650261,-3.483632,2.654939
29.911348,-2.642823,32.723701
9.614970,-0.090077,5.357674
-22.314116,-3.614344,29.699619
30.206306,21.348179,59.388786
21.769350,2.943502,14.557122
29.831985,-9.625674,57.036522
46.637226,5.376581,56.694828
-6.159118,-22.519680,27.008549
22.539679,-11.029062,16.056067
10.294931,-24.596806,25.763918
44.006718,7.078579,48.259266
-1.425768,-24.359793,21.600363
0.946611,-32.554729,58.118629
-11.036755,14.996211,34.811520
44.068333,12.487994,48.146023
-14.883348,-7.411067,42.632099
41.309658,15.003382,47.661743
-12.643991,-8.485004,43.140968
-3.087473,-26.056208,59.819794
0.808625,-12.335198,5.500358
-13.797754,12.618216,36.967628
22.460291,13.458148,34.565559
-10.444590,8.091804,18.158173
-8.064739,-26.361460,40.782505
9.191820,-2.076600,6.907765
-47.321735,10.456763,38.433155
-15.078047,9.480661,27.525305
-1.559210,38.389519,51.098122
30.707285,19.696379,48.931038
-10.793610,12.929776,39.206345
-11.469936,-2.371665,4.176023
25.442907,11.064415,27.720461
-51.156799,6.971130,57.819752
14.715686,-30.543928,39.067574
36.532627,18.298178,37.181255
-13.080698,1.605263,35.773720
27.761456,13.653675,49.291054
25.934755,-10.382544,54.034534
-8.778792,17.291332,26.830738
-13.589928,-15.787572,41.134445
-2.438643,24.856714,21.739843
-19.766014,-18.170986,41.358109
-2.692075,17.373962,8.229805
17.365131,36.050346,55.660404
-7.963657,37.756004,58.151459
-8.755087,-17.302685,16.698797
38.306858,10.020506,55.869175
4.410328,26.106520,54.806759
9.160730,-10.715839,21.718317
12.294778,-16.155285,34.083862
39.667587,21.051609,59.222626
13.935328,-28.918526,59.749802
-16.082287,-11.627210,50.666653
-15.367006,13.020616,26.453165
29.296757,24.706154,45.384243
12.253873,0.428743,6.593081
-2.894107,25.537783,40.423313
-51.257465,7.000930,53.654064
-8.122640,9.665808,17.350496
-8.943346,13.449064,40.402012
32.118057,24.090570,44.245136
11.531481,-1.283052,5.309980
31.628393,6.612007,51.993210
40.689491,1.601411,49.848396
-9.983588,13.965031,37.369331
10.807861,2.173266,5.404174
11.884943,2.720101,8.613963
6.637164,-8.484728,4.920537
36.812588,-20.288363,55.966999
-18.659899,1.718568,51.152164
-37.297493,38.286026,58.885227
-1.270459,18.007162,42.831093
3.987012,-21.113636,15.578580
36.549709,26.932203,57.867046
14.105648,30.673607,43.870975
2.299881,-30.346693,56.539898
18.002283,38.678280,56.800373
1.114153,32.596985,59.974747
-8.908317,14.060355,9.961799
9.852846,10.398823,7.819475
17.519012,-9.868279,16.689415
-0.309255,16.439318,30.538324
25.899317,-3.754163,20.999258
36.053989,-13.577665,39.499779
-11.555267,-3.858974,9.601830
15.740350,25.661081,50.338947
0.781055,-22.868141,21.052494
-7.889856,-19.657949,56.078377
-10.134203,-15.306069,16.766232
-20.881659,42.643669,45.145386
30.803837,-21.615135,47.478695
36.679855,-18.123659,46.969101
3.768856,28.182299,52.226028
47.268711,9.862630,56.745644
-13.130645,-23.638592,35.933128
9.256756,-18.424950,55.299286
39.069580,-11.564619,53.447929
-6.182889,19.381330,32.948898
-0.170679,-15.891735,10.513556
34.136562,18.804565,59.495029
3.066751,-21.922554,42.612072
-9.986769,14.133366,59.026119
32.662598,25.989702,47.787971
19.007568,-15.307964,39.667065
-8.883951,25.849699,37.982822
-4.699037,0.254417,4.537498
23.728870,-16.898577,45.939014
-13.862111,-5.905612,41.462574
-12.025151,9.347151,55.888725
46.732147,9.750521,54.203197
-2.899820,21.005831,42.744068
39.217293,8.154629,55.828037
17.890560,8.557199,16.393160
19.851019,14.735843,26.492599
0.581994,26.480152,49.000145
-9.807922,8.303882,30.231541
8.833719,-20.160418,59.187321
36.475277,14.720961,34.608639
4.775195,23.263939,52.899387
21.302774,-26.677374,45.290070
-14.719790,0.817292,22.801023
0.708741,-20.564278,15.277854
-16.060528,9.455059,24.532640
40.969181,0.310662,40.015335
10.863175,27.597637,59.431160
-11.152176,-4.430886,12.243488
-11.951080,33.448078,25.764919
30.666348,-14.396389,29.016912
-6.246281,9.044559,47.184948
27.979578,31.043676,53.676434
-0.140238,-21.251976,54.842461
19.258621,-26.650286,37.384418
-7.197780,17.592375,18.803217
-5.552398,-30.227325,51.040070
3.544559,-16.762384,24.286095
-5.057806,8.390467,50.699562
0.391396,-11.529844,15.887130
-50.387280,21.543074,46.998238
-5.972208,-19.143042,37.248455
37.385181,-13.523108,52.973461
21.416927,-22.518440,47.506580
-12.818769,13.830346,6.866403
-10.476846,0.075270,58.800041
-46.928055,-7.000149,46.201172
31.392189,-12.998053,27.311207
19.743704,38.702301,59.366894
5.577756,-21.419279,21.235470
26.068810,26.154371,44.059597
-10.014351,-6.969949,5.616874
11.302896,-28.075052,48.994511
1.066324,-22.944332,47.405239
29.293600,-21.510164,45.607864
29.274071,10.291027,50.301353
-50.645374,18.606564,49.966240
28.951847,-25.844563,47.563896
-48.897785,16.196877,38.570698
3.600148,36.662586,55.854694
16.626944,-24.933870,28.437756
-13.220996,-5.955702,58.872223
31.570709,3.794972,49.446167
9.975685,27.537649,48.848759
-8.796587,41.309658,48.745594
-0.517346,14.999199,17.589256
-14.902041,4.025567,54.067013
27.065140,31.791265,52.095654
-4.312696,18.367590,52.212154
16.095821,-25.149525,38.841694
-42.335716,28.141392,32.378624
4.486861,37.920033,53.941334
39.225666,7.474097,37.010212
22.235714,-12.865461,59.865410
-2.138348,30.799799,54.662842
7.085448,-19.659592,14.517038
-10.265217,-27.520666,43.783203
-1.750055,17.584795,46.662640
34.644142,-14.749382,56.287853
20.848270,26.807627,38.861103
11.818675,23.018703,36.957458
-4.167133,-12.877304,9.875603
6.654338,-19.876026,54.455975
32.416977,-19.443026,48.063663
28.524000,-22.857658,48.365974
-30.085703,36.818970,33.363247
-18.534681,42.211823,44.647377
-16.338213,42.395741,44.419262
27.410099,-23.839022,46.449947
23.340813,9.948643,19.942062
34.357880,-7.555363,46.976551
33.594704,29.794788,57.563694
-5.002667,36.625439,59.808056
1.918312,21.404083,15.532862
-6.174446,-16.821726,13.359431
-12.562772,-14.496824,44.729500
21.335312,-4.613928,15.680289
26.977579,0.353112,21.830460
-11.146601,-9.997177,42.821037
12.990336,24.997885,59.599758
-7.705444,38.900803,55.116543
37.363930,14.674754,46.161770
27.387365,9.483744,46.125614
18.502766,-19.284981,52.119419
15.707647,9.640574,15.660314
-10.827729,8.926743,45.802467
20.068068,18.415480,41.638363
-8.147838,19.158857,23.986021
-13.464569,12.557345,20.837036
16.249479,-5.391915,8.761231
6.160719,-19.979115,52.012833
-3.690474,-8.087513,59.182316
-19.758741,0.379036,23.793957
25.382893,-17.862459,24.677040
9.102867,21.297707,30.597486
-6.594079,20.279430,52.447983
22.653725,-14.327371,28.977320
-1.673931,30.555744,41.553921
22.641590,6.189141,16.849903
15.880310,11.248803,23.796293
-2.895947,13.537600,28.064373
-22.854399,-2.309816,36.768772
-45.674992,30.085119,54.244736
13.940536,14.628267,27.232849
-0.774570,-26.456167,40.453011
15.119985,23.749680,40.744102
-49.442894,10.026753,52.076229
0.433304,29.743639,56.397560
-47.661858,21.454367,43.866505
31.788008,20.562346,39.313202
-15.271541,-3.763025,45.640644
10.196890,-17.856056,39.363510
17.879370,25.491323,56.969242
8.828655,12.650593,15.752516
6.057929,7.855516,5.575818
-6.043749,-11.736620,15.253519
32.691658,9.980269,50.965134
27.788012,21.200607,50.003925
-17.964811,0.518471,22.716604
20.517797,6.923740,18.386234
-15.085112,-12.708273,38.995182
-9.229466,-19.883144,32.597603
4.612806,-26.393900,38.003441
-12.248178,7.289920,4.843995
-11.005854,-27.937017,48.573807
17.398531,35.541008,50.589031
30.303162,-12.063291,45.254761
6.275796,30.905680,38.271809
-14.368665,11.069159,33.640465
-15.941638,6.497408,29.981895
32.109936,24.235100,51.186474
3.482692,9.043166,12.811567
-3.464072,-20.517937,30.826935
28.074047,13.029841,26.325552
-6.439597,38.217209,50.424805
-21.578445,4.191887,32.080681
8.325712,12.681199,25.326740
30.467928,-24.215773,48.383724
7.229211,-9.569555,15.517862
31.610769,-6.495585,24.848499
2.550660,-24.916920,21.425331
15.799698,-28.599234,42.921333
-6.454195,-25.339855,53.803417
17.015816,-24.890476,35.019455
-10.963106,-13.425876,40.085915
-3.824196,-15.863221,52.680710
33.442574,-10.190948,58.969082
-8.735098,-21.706623,34.727814
-6.482597,-22.983189,51.009304
25.239008,4.827415,27.922474
2.011462,-30.740065,42.959232
33.646317,-19.916765,52.839809
17.887119,37.668171,59.620453
-47.276340,27.367764,57.352940
-4.323119,-19.737680,58.747986
12.760354,9.345007,13.164716
15.004980,19.258219,38.387138
30.434498,5.681880,45.876675
28.953787,-12.218178,59.488964
-21.374647,-13.615935,39.566872
-31.359690,4.211109,21.380402
-12.278340,-0.642465,41.638294
-48.715931,16.163504,43.009636
-18.092249,-5.202061,13.706560
26.849428,-20.252396,41.254906
21.027742,-12.895369,19.692936
1.988097,27.555803,28.609003
-8.827079,10.611641,37.257664
-21.157961,0.250988,25.973156
15.576637,19.041321,29.385592
9.498240,-17.746521,29.977568
-8.814012,10.156599,59.322098
11.638798,27.686764,51.591873
20.859531,-10.092077,20.304184
-25.689034,-21.083355,41.288319
-6.210460,-17.594740,18.034645
21.667646,-3.296646,13.314985
23.988611,15.488572,36.444599
37.081814,-7.965136,43.522873
36.827480,3.288035,34.232227
1.999159,25.502981,53.704529
-4.561239,21.485462,38.073975
-18.701771,-6.243306,28.544241
-16.405676,14.343887,45.813534
36.691422,14.538486,43.055653
4.299794,-20.510000,27.073448
14.496417,-31.573875,51.098492
-14.101887,-5.418738,27.279135
-17.232063,-25.841383,45.634468
-7.144546,-23.896603,38.431145
-14.812282,-15.415874,51.422050
-6.306317,27.071348,27.723644
-0.287986,-19.374205,28.336372
-10.285122,7.031764,35.856064
23.439079,7.309430,27.107117
27.126982,-21.178677,59.074291
24.247856,-17.393503,48.875416
27.471865,-22.443228,37.746330
19.488001,11.992630,19.499239
-17.536188,3.229850,54.602211
25.034414,23.131964,49.707417
3.794472,20.683901,15.959791
-7.517177,23.126091,56.828056
7.287911,-25.335276,30.003128
-13.222721,-1.889210,39.328541
-8.843417,33.271248,30.822561
-7.252890,-15.083046,16.966391
-8.484700,-19.689991,17.246038
11.985055,-20.364073,48.022526
38.007774,16.374659,49.393200
6.898997,-20.982513,26.271238
-16.765949,8.529741,53.535812
-44.111183,28.909000,39.501690
40.261604,14.064851,44.648727
-15.590683,-13.987632,44.650646
-13.803481,-13.302782,42.479328
2.285132,29.782135,39.313385
31.231989,0.201483,50.094227
-4.770936,-23.560905,56.961941
-18.193693,2.151369,9.316511
-32.256832,-18.486956,41.983337
-18.009651,14.016944,37.905018
14.478192,22.930859,46.899632
-5.539261,10.463207,48.859402
8.484985,28.290827,52.831276
0.296109,13.193433,18.039351
-5.810064,38.110561,56.541664
16.665571,6.437603,27.171806
12.209298,-19.737099,53.655285
3.593353,-22.717560,46.160664
41.428547,2.856363,40.369213
22.118887,-23.917658,39.899879
-5.144439,-12.144381,57.318611
37.645679,22.933905,46.146698
33.235107,-1.050923,27.879679
-5.123412,33.047539,30.465244
-6.011783,-15.475837,28.506483
32.278671,-20.204901,39.839661
3.832475,15.222108,27.678518
-15.595689,-10.018200,24.883324
-35.464855,-26.451803,59.923653
21.029018,-27.008549,33.087860
-20.228865,32.754936,24.460686
31.614805,-21.586718,57.524559
-18.561003,-4.546170,29.572495
38.977753,-12.530649,46.473293
23.806709,-24.588158,57.744991
22.267719,2.253528,32.296215
10.841208,37.619148,54.957333
-12.480543,19.695751,47.526554
22.013714,25.289801,34.527042
31.870300,-4.638539,26.488344
3.758100,25.226063,50.713341
-40.391502,-20.999399,59.674404
4.789531,14.747105,15.024652
29.409964,1.408535,24.743441
29.470995,-9.839223,59.826229
-1.317202,-23.775042,59.693569
30.250263,-6.437400,23.192408
-14.016172,13.306220,59.661911
28.997372,-6.128252,25.956486
3.072857,33.116417,56.993481
1.931890,5.644331,4.237690
-14.685444,3.147263,20.886637
1.091706,35.382175,50.818157
-38.271732,38.317665,47.593212
28.618906,-26.993576,49.823315
-44.232166,23.232891,35.459339
8.616417,-25.379791,23.965816
-19.395006,2.467406,40.926739
36.547531,-16.030760,50.878922
-13.369694,-8.948417,9.693326
-2.133684,-27.605005,44.310081
5.413628,-17.492353,18.960716
-4.212059,39.068752,52.369846
39.428654,-4.613847,57.872070
6.056664,22.488583,47.917336
-19.965683,-3.772633,44.521606
-45.692062,-17.576025,58.599812
36.506405,26.066311,52.725060
27.388912,5.720592,26.714190
14.138658,21.027805,41.743645
-17.894875,36.209152,35.196995
-4.508568,19.453825,9.748985
1.322502,25.339088,31.424202
22.908398,-1.530314,15.685638
-9.908803,-21.630398,53.854893
-7.580747,26.148996,32.316334
13.397364,30.931116,46.249023
26.275505,-24.215172,48.041508
36.949425,-2.747521,32.662876
23.059113,-6.131105,18.075968
-1.145841,13.053861,5.268964
4.662003,-3.439401,6.330644
3.860111,-19.917831,29.649956
-3.511090,27.544636,57.300766
-12.045917,13.300587,18.531910
33.282406,1.044989,56.795380
32.079807,14.787243,47.427494
-0.926099,-21.716410,45.659412
32.084534,1.624518,53.766712
2.355359,-19.678690,45.334698
26.342506,22.780760,46.825607
-7.390679,24.623415,53.310799
-11.016191,2.580003,23.072594
15.194251,-24.899509,44.935299
-13.927039,15.175877,53.490906
36.818047,19.618734,57.191555
36.493462,8.460383,40.641666
-7.669130,14.736929,38.261528
-7.379130,3.644782,12.889433
10.358079,23.079094,29.288294
8.667891,-17.782539,59.163391
23.706152,-6.522396,34.703579
33.735352,-6.154828,38.834095
-23.832592,-8.839280,26.145994
-0.971231,16.973289,14.119277
6.654366,-27.194420,43.175167
-18.889355,-3.797456,50.129356
-3.214235,15.769149,30.682751
8.383008,-27.824883,59.535034
1.340489,10.607485,15.482897
1.921067,3.433771,2.980013
10.851363,-19.586441,43.441185
-8.436679,-21.074137,42.385464
-10.190031,23.040804,32.405128
17.074341,27.158573,51.757343
23.474129,17.700710,28.477703
1.427925,-28.918949,59.349636
-17.540892,-8.158123,21.051598
31.380852,-0.474060,55.450157
-5.186728,20.134151,24.820810
-7.609121,32.019356,54.705914
-0.774240,27.539383,57.907093
-7.860933,-25.820734,30.694746
23.270233,29.100800,56.282475
-49.035179,13.846082,45.325684
-18.109667,-13.040208,24.546350
-51.362850,13.304425,54.395325
-15.010418,-7.297063,13.791639
-48.793324,25.542130,49.365013
-9.888906,-18.894661,37.332993
17.888294,6.956113,29.476540
-48.337440,23.210201,55.923645
-1.544113,7.080866,4.253664
20.763443,-22.414171,25.510094
37.592850,17.238428,39.837906
6.893442,28.902134,35.327820
-6.251859,30.815889,46.540371
18.558828,33.118683,43.563988
-27.494350,-8.187629,28.254831
19.755219,-14.150826,58.443928
-20.574970,0.680746,41.318111
1.725509,-22.242113,53.650612
2.475044,-18.262697,12.049729
3.204375,37.865349,49.829506
15.513072,37.286438,53.225945
-3.071877,-26.134281,39.885242
-11.941236,-6.321651,54.331680
4.382735,22.394182,44.303688
20.171253,7.371946,14.161333
-44.897198,11.190156,32.312889
37.943520,0.099271,47.195999
15.874685,-3.427302,15.609502
-3.762312,-25.609350,27.537775
25.283709,9.599997,41.750950
-6.414311,-20.632441,44.471008
29.315376,-9.686842,26.557713
10.510207,-0.657879,15.466554
-0.208407,14.594260,25.408316
-16.584898,-18.620209,29.157486
41.302437,-2.053369,52.848473
41.818558,-12.973683,56.363022
-15.730474,-3.135928,41.655895
-8.813478,-2.681614,52.104595
16.166382,5.247513,15.213356
45.547428,-4.390289,55.253132
17.251579,-21.323315,30.908302
28.341415,-23.636816,56.863129
-24.390152,35.220844,29.457775
10.903532,-8.672688,8.262743
-2.482904,-10.356934,9.169997
15.201324,9.007031,21.834642
44.365635,9.458957,54.953487
-33.308857,-22.849913,49.821495
33.883541,-12.365349,33.405052
-6.539895,-12.905277,19.815403
34.199833,19.779819,45.323105
-4.081016,37.197491,57.437328
9.306572,24.942587,54.806713
-2.157676,20.991772,58.797405
-5.080186,16.394331,14.533732
27.960045,-4.005879,46.515633
-15.038380,10.633745,55.538326
-11.215466,19.316441,58.908188
28.969580,-3.896506,26.361713
20.564821,-5.412285,30.040813
-14.870303,-19.828995,41.959198
-10.564107,-10.254369,24.352736
10.352262,-23.144245,49.935947
-1.864783,17.942913,57.714470
0.196079,-14.069905,22.787659
-42.434490,-17.430128,58.761967
14.135405,36.383381,58.945015
-12.886841,9.482744,59.655437
27.993433,12.399855,30.997519
-13.467438,-9.860629,27.161869
-17.883892,14.097683,31.032005
-2.710734,32.854084,40.023083
29.575588,27.903105,40.538586
48.484188,4.651628,57.501118
-2.819201,13.276232,57.927151
26.374571,15.284256,37.870686
1.183310,29.770815,37.004688
33.247227,7.595729,29.790730
-16.603308,3.348849,28.667908
-10.057553,-20.222015,44.663353
32.276470,9.352107,37.996044
27.475653,-19.461836,36.533195
30.169930,28.503506,53.638302
-8.427555,-25.511705,52.041397
-14.238640,-13.911211,19.027880
-1.753777,25.690924,51.838268
7.580609,34.438007,46.067760
-0.487238,35.733208,39.403538
-15.141597,-7.369148,40.460972
38.942745,12.728520,38.498653
43.333488,-2.012004,59.628334
-50.356068,22.656368,50.105145
-13.393518,-9.220292,30.339357
-9.733227,-7.976066,16.371424
-27.759933,-16.835693,36.441864
26.111271,-19.622925,48.822552
-4.749462,4.627355,2.949233
10.494486,29.098364,42.431511
3.353266,-15.199612,14.119180
2.898812,5.101146,6.331994
-13.431581,-18.915691,25.060743
16.306536,-8.172783,25.000608
-16.585478,-7.913257,24.344551
-8.379319,-21.257265,51.648884
-10.333887,20.944017,27.875511
-26.155355,0.071027,19.036947
-18.766890,-5.345751,26.237976
34.923912,19.857185,36.821026
18.615484,4.178672,22.391729
-47.186024,-6.369070,48.145382
29.291145,-16.681334,47.145115
-11.667363,5.384366,20.687656
11.306754,-28.294910,57.238747
-29.274841,31.350679,25.932446
-17.905313,-5.181302,44.040070
-22.428383,39.823181,36.735657
5.882708,-30.451727,59.942646
31.413897,15.233878,41.919655
14.668237,11.926621,29.085016
-9.145649,18.053398,9.941950
-3.007122,30.431005,31.326302
12.764452,9.363319,23.739719
-43.057049,-8.177740,41.573025
-44.739986,-5.244959,41.491890
7.271971,11.637997,22.370392
-12.474564,-31.922083,56.004803
10.556738,-6.639088,7.018851
10.125868,-22.572874,57.566128
29.098162,21.703058,55.099030
-20.428873,1.583796,12.307683
3.792795,11.538305,9.629104
17.031889,-9.139759,13.399104
-8.158516,9.928025,42.666397
-11.076653,6.968294,9.407789
39.014244,14.326904,59.796093
10.498642,22.846081,32.277847
0.072631,8.181696,6.777108
-18.425728,-23.219721,41.013187
27.550875,-19.365171,58.179810
-45.979347,28.907104,44.439003
-6.416863,20.376589,37.690968
-19.710997,41.866249,41.106541
9.625078,34.195175,41.567135
21.285543,5.301917,22.461235
-3.182357,-12.994151,18.906822
-19.463640,-29.902744,54.362709
3.431381,37.658916,57.817390
-1.815579,36.627415,57.837746
-4.091995,-23.102013,32.422379
-22.179796,41.410648,41.211281
-19.664783,40.066231,42.264648
16.735565,-15.551322,40.393761
29.186600,-9.506261,23.360384
21.371517,-23.942364,54.905231
33.962532,16.043066,33.538746
8.924129,-20.972645,21.634552
24.476576,30.311182,52.826447
5.952490,-18.484013,29.463724
31.470007,-18.656788,36.542786
-4.627872,-9.842996,14.348571
-1.651019,32.147404,50.707359
-12.685372,-18.273081,51.143578
41.139198,-10.164640,46.028614
7.520431,-31.128016,42.789986
-17.027451,-10.319512,45.836124
-2.427530,25.306557,19.517670
31.753397,6.483451,42.667973
-3.497786,2.076838,59.774487
-12.826037,11.130466,47.777012
33.428181,16.128618,49.965496
39.921741,18.027187,54.305683
31.201748,9.125309,53.204735
-15.237077,10.469586,7.362526
-22.122957,-6.241401,30.684732
28.544966,-15.080785,32.497559
28.571947,11.872193,34.896885
48.515244,8.262625,57.297413
-9.120318,-20.491262,19.401981
8.196303,-8.065543,11.287130
-48.277687,4.527178,59.763638
-1.342307,19.720510,16.668530
-16.107378,-2.036880,33.522350
0.409977,-13.778580,7.886369
31.893766,29.395163,50.909584
-39.654720,-17.367495,47.131561
1.492841,-24.125322,43.826294
-8.560867,21.955566,40.834846
2.008084,-18.057316,21.210609
27.797148,-19.605526,52.455902
30.061241,5.202591,50.755550
5.833886,-29.034504,31.561052
-14.020542,-15.867665,53.776840
-12.381172,-7.342095,23.195778
-17.788185,4.022171,39.841427
-18.342651,-19.599510,39.015511
20.158594,15.271242,30.176064
-9.057353,-7.680740,51.924843
-17.051792,5.456599,21.358265
-3.645561,11.753037,5.475298
-10.940004,-9.468323,17.412970
9.829057,24.450205,44.796726
-13.430315,-7.945598,28.429209
-18.686646,-4.665151,19.739250
2.745589,-13.149907,14.836061
-1.245836,11.191332,20.598803
5.646017,31.091969,35.182362
-10.970088,-8.551306,47.427505
12.580507,3.497782,11.434478
13.300844,21.141726,39.210838
-16.815920,-1.222548,28.358334
29.712498,2.651098,32.267014
-16.768272,-7.296985,27.330572
9.271180,-28.714851,57.511139
24.827822,25.567680,59.260864
22.102352,-16.483580,53.402138
2.581945,-26.219046,43.878826
-5.129065,11.468675,46.793877
0.793858,-15.983633,12.841408
-20.567854,-2.271402,29.094164
-19.095797,10.863570,27.710838
24.875555,-20.631445,58.232430
-17.557264,-4.433373,55.248108
10.131618,-24.393301,59.335327
-6.281630,-15.722703,32.546040
-14.104744,-23.805195,39.103527
14.105469,-23.005760,38.202854
-6.716124,-25.866140,36.295097
-14.121891,6.029999,40.484196
-7.925384,-14.453653,21.159607
20.437572,-16.317802,43.865627
17.104343,-31.101606,39.283619
32.413006,12.283027,29.042110
1.368940,-16.356287,59.486362
-19.362959,3.039539,31.565605
-8.263391,20.364550,8.921503
3.653070,29.944012,58.950916
23.231932,-16.066675,59.511707
28.277353,-26.921423,45.560814
-3.454991,-30.877806,50.471092
-10.634933,-14.116383,33.637157
-0.382437,24.324926,26.905659
-2.703833,18.358919,12.786131
-9.994810,4.945420,43.842823
21.980541,21.879457,54.538010
8.257634,10.306734,19.005953
-14.182097,11.659626,45.649723
2.563759,-22.036947,50.398624
37.564571,5.532682,35.011288
-6.228042,-24.060255,23.671959
-37.691059,-19.136677,48.018173
-1.042772,-21.567881,21.362413
22.562479,1.686701,28.728891
19.428732,-30.205318,53.226048
41.982388,8.399692,44.720726
43.412666,11.332211,45.208317
13.093637,9.153729,15.799424
9.618300,6.117347,5.201340
11.722916,-18.148413,20.533802
-46.529343,-1.895950,42.792904
18.957466,-19.789553,44.487587
40.891262,8.802965,39.659256
29.994341,-25.706326,45.790749
16.007439,33.596645,55.344669
-14.664392,-0.429054,31.947132
-47.694035,-0.481820,59.661907
4.749659,-18.884583,38.896584
19.848879,7.500071,26.714056
8.587940,-16.585579,11.736823
17.815117,6.392926,23.885012
28.383251,24.780342,41.545670
38.756783,10.400993,53.684753
-13.746839,39.331429,35.926441
4.011628,-20.051279,55.255123
-1.467912,19.364536,14.334611
14.057540,17.803082,35.737720
24.228035,-11.778793,40.482430
5.589520,-17.163731,16.154171
40.755005,-0.220115,38.013554
-6.256237,-27.389297,53.874874
36.571579,24.094185,54.464840
30.099037,-20.831470,35.680210
-11.935661,16.377419,46.446236
-35.197487,-18.758038,44.971092
11.885157,-27.202198,40.700569
-20.153028,2.693244,47.258148
23.467558,-23.730345,31.191698
29.045559,-12.427439,57.485806
-19.861517,-5.061773,35.794476
-12.964405,-1.932260,10.561385
-15.553366,17.104189,37.806808
25.678490,-11.181175,46.445740
-7.622605,-21.760199,59.719616
24.127291,-19.807402,25.041739
-13.814841,-1.099647,21.799911
32.520878,28.701426,52.596031
-12.413445,21.733517,46.852722
-15.982308,14.363106,24.327291
27.613237,6.815577,22.934940
9.830856,22.276878,35.983257
28.593882,16.132854,51.665260
22.083237,-15.412592,45.237183
-37.688217,-18.113262,45.844044
-17.605843,13.372069,27.067505
-16.789194,10.112910,49.744492
3.818755,-29.623774,59.613472
14.047433,20.257446,33.842239
49.447727,7.359491,59.713295
5.483324,24.982618,42.960289
22.523495,3.636237,20.809351
-0.886740,-28.609627,47.777390
-13.091215,-11.325713,33.415028
38.982239,14.113428,51.823795
-1.437338,27.713032,25.476370
-5.233356,-18.023819,16.332520
7.428527,-31.025908,58.053516
5.550274,19.089252,14.203953
-8.819394,17.558102,38.738674
1.031994,15.559514,21.530165
35.723194,16.345526,39.129787
7.586516,33.593792,54.293503
33.349438,-15.239879,34.771019
-10.753747,-17.976896,49.680931
13.712296,-16.256495,38.147659
18.750748,-26.955772,43.654259
5.443535,-24.014523,47.134323
10.006666,14.624659,29.503374
29.049551,-21.212208,33.436615
4.452522,-27.150862,34.436272
-7.882843,-1.158854,55.892204
21.771944,-6.458603,27.589783
-0.264012,16.914679,9.183205
17.152002,-25.262545,41.028721
8.189957,35.740868,49.022568
-0.756359,-12.424949,59.665817
31.004705,-17.541822,52.506874
15.360862,35.020947,57.997448
12.245985,-1.561030,14.333536
-1.892711,2.079237,4.417796
-17.801977,5.689570,51.341419
35.378826,24.648146,43.331486
17.474653,24.931747,51.604816
-7.093848,31.747400,31.892458
2.824347,7.423611,7.917935
9.986972,-31.278891,52.336292
9.300676,-15.223216,14.923627
28.942442,11.914571,44.873123
-28.864950,15.176067,15.983068
-5.254504,-22.173779,24.805470
15.564079,14.057174,24.528580
8.876035,24.900688,41.725433
-14.747806,2.420989,25.923500
-7.158072,22.200832,15.162333
11.726159,5.227504,6.391636
7.080520,-28.348181,45.646435
5.904848,24.237621,37.942871
-2.549416,18.178972,18.001539
-6.007376,-18.722645,55.082020
31.149544,-22.206202,41.550690
-5.503852,12.983571,21.575932
-2.554349,21.602365,18.502548
22.110319,-18.547009,26.401720
13.926820,19.554277,36.716393
46.620640,11.549583,53.242443
-0.442899,-22.189108,56.799583
-8.633649,20.659168,43.783863
29.527691,32.453487,56.364056
35.601822,5.083008,44.894199
3.409446,-28.576984,50.122364
-7.310537,-14.404852,49.468372
35.423260,24.244913,52.689873
2.077121,-19.022121,38.355339
9.379826,16.938416,31.366539
-10.267832,-24.728302,33.202137
29.406191,-0.611557,48.211777
21.034187,24.279360,31.946707
26.386227,0.046965,29.290138
-26.010984,-17.528002,35.647938
-48.556149,-9.484450,56.285812
29.659212,22.860807,35.250790
10.385811,-3.603891,12.063601
-6.733531,0.913019,53.318138
-17.843525,-0.824835,16.231337
11.068787,36.393120,48.854691
9.721546,-31.568142,49.296467
-7.693170,-13.248081,18.020012
21.788929,-8.697968,34.697159
10.906446,38.730927,57.451794
3.383944,-17.760084,32.619526
16.961563,-16.181824,57.344093
29.162191,29.758120,49.561691
30.080082,9.550304,35.994373
11.778267,18.971762,27.728712
3.755820,9.749970,15.269325
23.169271,-16.155117,31.621870
-12.057872,9.260641,50.734570
0.704729,18.325909,16.334499
17.479357,-20.246771,58.736370
18.063284,-25.931620,48.936768
17.700260,10.185970,28.746843
4.100117,-17.958897,36.945423
32.330959,12.326756,57.167274
-13.209304,-11.806052,11.762461
-0.248077,26.090582,29.242956
44.671158,7.109055,59.525818
39.458187,3.094106,59.688339
-11.077065,4.972661,36.712124
-6.331175,22.941221,41.245419
-5.009355,15.070329,40.937019
6.916043,0.393385,8.122606
3.340348,-24.533142,42.309685
15.322712,-9.724941,27.060131
9.361610,-28.939529,41.058193
-10.311667,-7.785298,19.288118
14.882836,-31.393126,40.984207
-18.874760,11.533116,39.549938
6.297637,23.651201,32.173325
28.441092,11.715901,32.866844
10.589379,-23.934607,29.526562
8.102481,1.825029,10.850385
32.118492,31.186628,59.083916
-49.240604,5.149004,49.400425
41.909222,-7.731716,59.284763
6.421288,-21.958502,38.879925
4.810738,27.296122,45.234287
-19.306484,-1.232448,47.523369
-11.688206,-6.983649,20.995155
17.498936,-20.594791,54.372627
-8.461824,11.007142,23.783268
29.195942,21.301243,37.347584
5.732546,-22.411655,49.546661
2.362017,-22.823048,57.936237
8.892998,29.810156,34.425205
25.702429,-14.367223,21.516850
-14.596555,16.384924,45.275043
3.432472,28.081690,54.433636
32.449245,-1.348763,47.580921
17.201344,34.105587,45.866142
-16.331699,11.761477,38.953602
4.003629,-25.361641,47.462944
21.900078,-2.331895,18.770372
-2.800647,28.318840,45.032864
26.865250,-10.542810,36.783230
29.876785,-3.412503,41.680340
-17.291342,14.694493,28.905920
-42.617935,-4.998417,39.072399
23.000290,-13.096710,50.848614
36.309570,-14.722008,57.622543
-37.026958,30.853630,29.806982
-23.215113,-9.149056,29.581972
4.239225,32.066078,37.142433
-22.026312,-7.209626,35.666016
-16.282717,-3.812876,16.626902
6.202593,-31.416513,49.548016
6.891026,26.692026,58.526386
6.935177,17.991619,30.696203
-12.037206,12.885303,46.148975
18.445454,-4.782319,15.184558
-18.834290,-5.786691,37.938290
8.572938,-23.436329,54.872482
-4.955112,-9.869523,56.015129
-6.628185,6.511524,17.560587
-7.162398,14.282066,27.330362
-6.782482,-13.057584,13.134965
-14.262471,16.762827,43.018894
44.472233,15.928495,54.457752
6.382049,-17.024687,26.103065
-49.860775,21.616529,52.721909
-6.945114,20.951553,29.730295
-17.225590,-14.766687,37.907131
-15.164140,-9.561633,41.693367
-15.027965,35.182186,32.006084
11.935407,24.201368,56.536945
4.700508,-26.022488,40.612000
28.859673,17.159336,55.380043
-20.485844,-6.143788,19.667454
-15.436824,34.288792,29.365910
-13.475029,-2.438414,56.914764
-26.686234,40.210987,42.134548
-1.610846,-30.421824,55.873978
-9.907199,9.835822,43.724586
28.871593,-9.565896,31.330446
31.112675,23.764015,55.148720
30.201267,18.755692,43.948296
22.435261,1.189730,13.851391
-3.801148,9.471753,4.435622
15.026170,25.141632,57.281986
-4.291844,39.351650,44.459637
0.187610,22.530622,23.438580
15.925470,-19.619070,36.340111
-12.805387,-18.024879,42.697269
-21.069237,-8.462107,30.524187
-12.178344,11.644728,16.310209
3.427382,-5.391977,6.974301
15.618405,-3.142042,8.003831
1.709717,-28.800272,33.224991
8.133290,22.514082,44.589600
37.796341,-9.782885,49.481464
5.369374,7.528754,13.159676
10.991969,3.227648,17.485933
-4.949683,-24.336119,52.861706
-9.541423,10.947385,4.983694
-17.253281,-19.835693,41.207497
-6.297501,-27.893311,40.720856
-23.276485,26.589962,16.217779
4.299912,35.315319,53.718235
33.512524,-5.741041,27.735125
27.368469,-8.681129,55.337727
42.457626,2.899284,51.806007
5.373048,-19.720245,15.484295
36.096481,9.043755,33.268330
-7.796971,-10.852849,56.892818
-49.455574,22.145966,59.931404
19.702528,29.689081,58.925106
-11.527269,-12.306097,22.282158
27.185705,-12.229911,39.758038
-0.879118,19.155094,39.761692
20.528109,4.578048,17.110344
13.629885,30.291307,56.490097
18.695513,-31.010363,45.012653
-6.121720,-22.489830,33.778507
14.479980,-26.430658,28.174326
0.300935,-22.350525,41.513416
11.435478,14.666748,27.435820
-12.928297,-20.243227,47.315048
-9.968223,-7.823848,11.238480
13.593714,-18.800377,44.134182
16.787521,16.522661,24.292959
28.781462,-14.776212,42.727074
3.332493,4.838606,3.070208
-39.870998,-9.375089,39.193230
-15.182708,4.589451,15.338723
29.469597,2.603323,44.706169
31.633221,30.762897,52.611149
-19.517866,-8.543037,34.056999
-5.249973,14.773362,23.187849
10.056080,-28.928711,31.455317
-9.314342,20.322451,29.743612
2.183285,-8.116134,5.898293
19.575346,36.555073,53.547939
8.750741,-6.139376,12.835783
30.928661,-15.382709,37.105244
-21.218843,27.157341,16.085236
-19.682913,-7.674447,18.055477
34.847927,8.359179,56.340740
29.525200,-5.990454,54.389782
24.007603,-11.972060,48.688240
-13.586969,2.250588,13.215425
-49.659348,20.299500,58.386650
-34.848629,-5.095423,31.172831
29.333164,12.500590,52.259651
31.655783,11.560756,52.657948
27.831602,14.013601,51.518036
-38.045219,-4.202757,33.534073
30.828993,2.908772,51.825207
-14.863987,7.361710,15.415810
18.811966,-7.180148,16.938360
32.231873,1.292415,51.650284
24.227680,11.345463,22.838993
-11.983797,3.734181,18.584572
-37.969105,-10.665691,38.179634
-1.613726,-28.553448,57.950909
3.920421,21.165131,23.166664
29.197721,-0.250638,50.260319
-0.922241,-28.170862,55.728844
-38.024426,-7.748579,36.026455
5.269118,12.495999,22.501383
-1.793492,-19.928288,59.545841
10.826544,-5.468742,9.017570
-3.149510,23.609457,28.780365
29.827017,-11.338263,24.991404
6.081518,22.054289,33.905701
10.111194,-25.827284,38.405785
27.629871,-15.794911,52.195538
27.033358,13.248447,36.437122
19.572784,-3.977509,17.038918
21.388023,-13.705131,49.330982
-20.449373,5.261444,42.511440
24.710375,-19.608841,43.274593
-13.437682,4.816491,6.065911
-6.210739,5.670203,15.392976
-0.185804,-21.640726,59.391041
-5.941277,33.453621,32.372044
-1.134170,31.642744,32.556255
20.543962,-7.640609,31.841267
-8.452929,27.833391,45.018364
-40.972042,-1.897471,35.561687
1.318851,11.428021,11.724768
36.205673,6.796449,57.067562
17.890205,7.550385,25.740257
39.563580,11.107114,37.621006
15.217694,-21.177980,47.660145
30.709549,-6.804794,50.335709
29.918770,-21.834236,59.759777
28.560961,12.178981,50.419266
-5.253513,-6.804313,57.444515
-7.429141,-6.881573,57.326691
0.881405,12.256774,13.876942
3.291619,12.652922,11.607116
23.673000,23.475954,39.627548
-4.291066,-27.349031,33.793316
41.297672,13.849035,52.466927
10.715994,32.733269,39.302147
-17.952799,-16.567549,39.946136
8.867998,6.643497,15.651252
16.488472,15.881557,34.693497
39.555172,16.069008,41.454224
25.183743,-7.949687,41.001732
-5.699885,-7.170281,59.621357
-7.481822,-26.486557,45.871376
-32.426037,-7.815458,31.255510
30.906826,-16.681984,34.576344
-17.111767,1.172002,43.584526
-41.887756,-11.354429,42.553905
-31.291126,-11.138071,32.754166
13.034764,-11.072969,9.290418
27.193989,-10.612718,20.739710
7.647565,-23.793598,45.802811
-39.163143,-12.477149,40.958748
17.393839,31.647470,44.956108
30.791759,-3.433448,45.167599
34.569763,-3.770568,44.585529
17.683241,30.705511,56.593082
-20.846825,-15.924793,40.871765
-2.543945,-24.546642,37.958317
-4.993837,23.065237,24.190548
-5.841644,14.405941,10.039662
-7.532845,-19.660887,39.688099
-11.669723,-25.776499,51.242413
-5.741384,-27.739286,57.736675
14.723597,-23.533920,46.978184
-1.878728,15.716617,16.202908
19.557756,-16.821934,49.469563
3.455794,-18.078190,55.903870
26.176586,-6.683871,18.022936
-6.672465,35.252789,37.948147
3.963794,-12.735641,9.891029
-36.818634,-15.475682,41.653717
18.761724,22.386602,48.929527
-18.796782,-1.709270,20.792799
-29.953581,-29.693851,58.446095
38.163998,-15.837884,44.063595
-28.706038,-19.205961,39.747284
26.113894,17.801359,48.950790
20.282362,32.357971,57.324501
21.483866,-25.249123,37.700199
12.496949,16.099297,24.700380
3.918573,23.626390,22.367970
13.289745,6.410904,19.579309
28.413527,18.719954,46.840137
-8.544428,18.567665,59.671307
9.162737,-9.979527,13.784471
-8.782435,-18.607239,38.800289
24.878237,-14.165758,59.626038
-1.133827,6.391473,7.597506
-48.562267,20.857935,56.532032
-29.530586,-12.010655,32.103962
3.964340,24.098339,33.310799
-26.691248,-22.281019,43.896362
-9.193474,21.070990,58.975922
-1.406620,26.451395,22.992800
22.780453,-15.418011,50.275585
-11.234564,14.108182,55.364155
6.592938,13.717072,16.640465
-40.737591,-13.556417,43.520142
31.375509,18.080183,51.847195
-38.597260,36.793060,41.451927
-11.094981,-14.467300,36.145924
-14.852503,-12.268953,15.300124
-22.368950,-7.107298,25.286465
18.185814,-29.009659,40.610180
0.603991,25.946835,55.804581
-4.539649,21.147690,17.714725
29.912899,-1.749307,46.351749
1.779172,26.717794,34.892387
3.043129,27.444044,37.545773
-12.891973,-19.991919,30.111301
-11.561671,-2.324678,8.131608
-6.623374,27.179295,42.987789
-10.472178,15.411566,28.987009
-16.291595,9.965047,46.394581
-0.302658,10.342858,4.643008
32.330551,21.064192,51.299610
30.472910,16.640217,49.283562
-6.813185,20.808315,41.465115
7.583840,-19.333633,38.670288
5.911271,-31.279675,52.325470
44.509651,-8.293506,57.356434
21.140327,8.807585,20.753286
-19.934036,6.953441,35.934364
31.277180,-7.791142,47.788235
43.291111,6.011602,44.916286
-11.130263,7.343656,32.878559
34.476372,16.090019,35.775124
3.489789,-23.390364,44.122879
0.611877,24.529327,47.413097
30.389450,1.812825,48.213249
7.342173,-13.491632,12.466230
-3.327106,15.455361,47.439926
34.062092,9.413672,35.416054
-6.453701,-19.809818,59.555820
0.698501,-24.470293,39.048943
-49.374653,15.586972,46.877766
-3.513505,16.369261,33.620945
23.067688,4.016010,25.516394
-5.867651,16.636253,31.781057
42.612789,5.843715,56.256771
41.716927,0.473582,42.949516
-5.888565,-14.896423,12.374214
1.523879,-20.547869,55.623405
7.685947,34.939842,56.065876
-8.239727,-12.606801,15.756687
0.699735,-25.466766,46.701248
23.440145,3.504502,16.885317
13.315332,14.043548,32.787518
43.688557,0.950159,48.453281
29.994986,16.942886,53.349876
17.801399,27.270353,49.475079
16.293320,12.643931,32.903629
15.860116,25.039360,38.976849
16.140553,19.634071,43.603588
39.025295,11.113042,57.465588
1.217196,35.075661,53.420044
20.555431,-23.004173,29.513271
6.041278,9.298028,11.934170
27.315559,21.517233,31.810902
30.762415,18.809353,55.284161
36.494591,9.826605,48.779358
41.311443,5.559148,59.680969
-30.023983,-17.031834,37.910519
9.650087,-22.478125,37.868305
-22.046482,1.176531,39.065964
-15.391870,-8.979265,44.507759
-18.411201,-10.549452,49.339901
15.267346,24.162268,29.180386
15.563928,2.357713,15.369361
-6.247376,17.431063,44.975037
26.261152,15.576453,49.882961
-5.001803,-29.267399,47.512684
31.918854,-8.178926,29.766382
-11.240297,21.361719,59.607777
-22.443916,-9.079581,34.606365
7.275762,-21.990732,55.549816
29.615675,-11.501072,48.713974
31.977764,6.124864,49.692066
7.710205,6.917186,6.756202
-24.845299,-24.187037,46.381958
-20.655916,-9.003928,35.874615
-5.018129,-22.972893,48.555271
15.224899,12.651627,20.753868
38.653904,7.580383,39.497845
8.001007,37.534702,50.684971
-6.254907,-28.557480,45.558884
-6.503676,-27.580160,47.590576
10.781013,-25.213371,23.725679
11.813466,-9.348594,17.873177
-6.574937,1.939788,7.310509
39.056278,4.759197,55.570503
-16.800964,15.790114,39.550308
-10.021295,21.740393,56.259109
1.699467,-15.971972,27.942057
-9.632622,12.417021,43.427151
27.864370,7.770120,30.450653
9.011715,1.927176,8.403687
-47.343075,23.578747,59.555031
-15.901238,-10.146505,27.920631
6.082458,36.588879,52.750576
6.847841,-8.411791,12.946610
-7.279436,22.192263,59.553444
-7.620293,11.682637,35.844135
-19.446724,-13.387212,37.683487
2.363385,-30.955814,52.252762
28.998165,0.305757,34.346584
-20.661089,-16.672455,38.534328
33.601093,-6.858801,35.712486
39.578445,-12.051911,59.637924
-0.429708,30.301832,59.346012
-42.539940,-13.273066,45.733845
-10.238674,-12.281362,15.136351
-40.044823,-21.184431,55.304775
-7.659343,-16.496412,59.033485
-6.278538,-24.375702,48.657513
-5.760491,-22.877605,45.912289
10.340943,-30.225136,59.890530
-28.343216,4.472017,18.579510
29.043945,-10.492085,40.888187
-3.631245,36.468605,36.830349
-21.724779,-14.865342,33.904545
38.374004,-13.446876,43.035439
-19.359467,9.857805,37.369175
-4.857655,22.469448,13.330474
-14.131343,7.808505,59.892826
1.294805,6.831200,5.803340
-3.083307,10.731100,53.289116
31.345629,-2.109910,29.025824
-18.581015,-27.585802,49.881927
-13.487619,-14.701946,16.805552
41.138432,13.958652,57.008362
42.474712,11.926044,43.073277
27.665438,8.225297,33.884491
39.196491,2.836490,36.504204
-7.110817,28.643961,48.343029
-48.206470,8.722949,41.457439
32.274807,-12.148965,30.640907
25.353624,-12.806106,26.693226
-10.154161,-21.724878,32.244919
16.781172,4.245114,23.912878
-31.818201,-28.098915,58.079197
14.894505,-15.125263,15.142232
-31.437256,-22.696146,48.182434
-12.806271,11.386056,56.250389
-33.597031,-28.384497,59.804142
28.117661,15.175085,31.257151
46.238808,2.031339,52.425037
-15.271252,4.646836,22.430979
-6.907077,23.533775,16.713163
-10.346945,15.465020,57.525917
22.953470,-3.592751,28.972498
-10.635677,22.110197,30.345976
30.557543,-19.419641,55.470062
3.026358,15.272112,25.699785
0.094637,-21.493107,24.161753
2.034411,16.031765,58.214275
-17.837172,-8.078864,45.974934
31.901634,-11.044097,41.705002
-10.706606,0.063535,42.655243
21.148550,20.456560,28.259974
41.886738,7.340696,42.097099
-5.669370,-11.256919,17.874731
-0.965415,17.453238,21.899139
15.647750,-15.254654,18.302132
-15.260406,-4.271772,25.408274
-10.855931,3.901901,41.482983
20.739983,23.163265,39.827183
19.121944,-27.210340,31.717669
31.068943,-6.477511,59.848953
-11.190206,-23.123980,27.794167
-11.760801,23.518681,49.902451
-6.177997,25.967302,58.391888
39.049271,-14.895851,45.827984
-12.238876,2.004054,20.100758
18.986004,29.834307,50.407272
28.102081,-16.575294,29.824615
-7.766481,-19.501266,49.554005
-19.246490,-9.817090,19.052223
41.387260,8.689407,47.661034
-6.433991,22.122101,20.825644
34.630878,-13.238740,46.544128
-7.238074,30.995665,30.161369
-22.703835,-2.934490,41.898037
27.678049,-17.168926,40.886604
33.355873,-9.851473,48.793022
36.273708,-13.772820,51.001057
5.520004,23.707277,40.801186
-9.019330,27.700966,18.258198
32.408310,13.256594,34.367702
-5.352287,24.123968,43.930347
-22.585110,40.993896,43.399391
-11.496091,0.756720,54.239738
3.727044,-19.116896,18.627995
-18.797531,11.104088,32.550945
35.503632,-22.592758,59.774960
24.570686,2.666915,30.579901
33.275082,4.531027,29.457323
-16.639265,-3.356845,21.337601
6.023865,19.541368,21.468807
33.456043,18.674788,50.427597
-2.979103,27.325298,37.238556
14.068276,-27.705130,43.507126
42.183708,19.426237,59.784222
0.469369,-23.254482,45.426716
19.268650,-27.457705,55.637695
23.656664,-3.559971,35.598831
-11.553550,-5.232677,17.931580
23.772287,-9.367860,38.800224
21.217783,-15.998031,57.478821
30.122221,-26.422899,58.738567
34.103226,-9.782373,30.908052
36.986206,-16.502594,42.359711
6.228731,33.147465,42.482243
35.147762,20.371967,54.274010
35.174187,-10.451875,57.453033
-0.466048,-18.246435,57.973312
30.408499,-14.499789,44.628624
0.948958,-26.568174,32.380840
35.255150,-8.915967,51.117374
20.343662,32.658924,54.308334
16.405451,-17.819664,17.370802
34.139271,-23.647572,57.977474
5.084381,3.482962,8.709414
23.264355,-14.748871,35.509003
15.779682,-28.203522,52.234852
32.050587,-8.305525,58.734337
-3.867973,23.342213,31.320107
5.502202,-29.484169,34.082745
15.872416,-0.690142,21.588757
-10.874169,13.486133,8.461650
28.111078,-15.966502,44.606644
5.678787,33.726879,53.339035
5.972278,8.702070,15.226647
-3.217570,-25.370096,42.953094
36.955227,3.844261,59.062111
30.253954,-19.958771,50.028122
21.243416,6.593741,20.658426
-47.625912,28.173672,50.540852
-14.561768,-7.565285,19.814491
3.457750,35.704845,43.198574
4.546291,-5.922231,3.291544
2.080362,8.857131,14.366624
10.089873,3.170544,13.457121
-10.747875,21.622080,50.647694
13.357319,-17.228271,14.605838
-5.288827,11.065736,11.041104
-27.214058,-29.499374,56.379791
30.124279,15.234535,30.045382
-8.718986,24.093403,13.280584
-47.826683,18.691862,37.673553
-0.914981,22.696337,39.115189
-23.623974,-32.292137,59.253273
-15.956199,-15.802927,27.398762
-4.396659,-5.071176,8.119752
37.619083,-4.193492,40.036354
-3.417969,-6.334740,3.421604
15.681713,-23.350658,50.240276
18.511324,-5.860631,28.245676
1.625735,-25.329119,58.259056
-13.585944,-2.694262,24.987103
26.313820,13.865236,31.129467
-16.294300,7.814219,36.506329
-42.083107,12.313188,29.181683
10.964681,24.047247,35.289841
-5.427331,18.464281,29.547668
37.147606,-1.613536,42.817223
7.982422,4.511502,9.120371
30.070917,-2.883626,51.606171
8.366806,19.453127,31.869637
-6.134684,-16.587889,35.805077
-4.280519,18.490562,31.703480
4.534896,-28.670776,55.495407
12.878009,-21.968914,46.311741
-15.737791,-28.413792,51.050537
5.569530,-1.464073,8.598199
18.072544,13.964712,24.863125
18.057510,11.926522,23.839914
19.078171,-8.035954,29.661278
37.493057,10.273562,33.537754
16.831244,21.579941,34.197956
-15.125383,-18.275337,26.983416
16.886473,-14.176156,13.777156
5.778463,12.748781,13.707099
26.541676,-11.181402,33.125629
-16.074266,-14.341105,30.435581
-3.029539,-12.323628,5.986149
-11.352350,13.545153,21.505171
16.944218,-23.892796,48.237778
-7.579748,22.468470,46.044983
-17.793520,-16.185429,29.377497
40.260960,-14.183884,51.046974
-0.664626,-15.736405,28.692045
7.638719,-24.680994,40.190083
-13.901141,-14.623592,26.096380
19.032003,32.071964,48.603855
-28.059942,-30.810392,59.170395
-4.368762,8.418989,7.677105
-16.692284,-12.544093,39.893791
-15.907937,6.167503,12.133322
16.995117,31.669216,50.422066
-3.524518,7.373258,5.643901
-5.104564,5.438850,8.701187
-6.917639,8.573733,7.473879
-25.656199,-31.005390,58.249882
-6.869888,35.790054,54.749905
-16.298029,-14.125425,25.704557
-15.770227,-3.335176,50.065762
-2.671054,23.814951,53.139492
-16.129608,-6.023929,25.884079
-10.018184,18.631741,28.205622
28.779737,5.237891,22.673843
-9.080910,3.529107,48.014091
-10.508882,-32.654076,57.118149
12.494185,-24.272697,50.904083
22.919390,-13.621059,54.902172
-18.443645,1.809693,18.186953
29.621399,7.857902,43.286137
35.438015,16.836641,44.622887
20.702265,29.859905,56.441669
20.954435,-18.222605,56.113701
15.360615,-2.994668,22.874294
27.368908,8.297848,39.782906
28.751711,28.917852,43.068363
33.244377,-3.886031,59.238705
42.515594,13.760186,45.794525
-46.943512,25.414822,42.494480
30.990339,15.303655,44.788815
16.492220,8.820073,27.203423
32.940193,15.111816,39.686447
28.380222,15.408055,53.811188
7.465854,-25.990046,33.312683
-8.264694,22.482643,38.162354
18.668087,13.632463,28.645264
-1.714543,-21.737234,40.288437
-14.598036,-16.506416,37.682873
7.446430,24.406713,36.402527
8.879766,-17.276407,18.223494
19.553909,-30.136745,48.776676
26.373363,-13.549613,44.330170
-16.233171,2.278364,59.548649
34.041145,6.616319,37.121872
-10.851654,15.011688,17.722870
-6.236116,-12.375248,53.211773
-30.060543,-0.799001,23.248140
-1.038131,31.781301,57.234489
12.482173,-31.510530,53.045399
0.833546,23.649265,34.198544
20.988089,-19.213497,59.745930
12.015852,-7.324589,11.772058
3.031411,-28.797060,36.716984
-14.956096,-23.360147,43.371811
23.051926,-26.469002,56.106857
0.376426,-19.208637,24.465412
-8.199759,10.207809,29.128117
20.037699,-28.093054,34.764275
-11.722281,1.570689,15.834933
-6.861242,16.936182,42.146770
4.552303,-18.573019,25.593962
-12.166111,-14.853071,59.391720
24.919710,24.088688,54.305763
9.047091,35.376095,57.799110
-50.645386,-0.617334,52.136684
-6.135194,27.586775,23.811852
27.292891,2.877676,28.904224
20.888084,-13.087520,40.361156
2.051385,-6.833731,3.189316
-3.819976,19.834721,23.091982
-5.121781,-0.883490,6.449218
10.896401,-19.237211,59.801514
-9.060849,16.777958,24.325823
-50.220970,-3.068759,53.448803
-9.635697,19.579426,53.090717
3.403861,-18.624783,53.723747
-11.674452,5.467381,15.424455
-14.244604,14.668050,58.144463
12.783018,-8.539591,14.962975
23.081390,-29.555708,44.058975
-33.289783,38.489479,38.921822
-7.657629,23.768660,26.316273
-11.604975,10.590885,58.058891
31.927488,14.262922,37.356487
4.278751,24.706984,48.506252
34.390873,26.326984,55.473198
26.828344,20.718836,39.745735
18.245630,2.368378,28.189739
9.140751,-20.257330,17.693062
42.135345,-0.169335,59.868557
36.877293,-11.929620,44.476170
26.686920,19.788723,53.098209
-17.132082,13.894478,43.167336
-12.470692,0.317904,26.412508
42.144382,0.564296,57.660507
9.659024,-21.226727,47.817764
39.339806,-15.521855,54.359299
13.685875,34.910305,47.371567
21.437569,33.237503,50.549530
22.505779,-6.415472,23.925936
43.391445,9.617452,60.129841
22.454676,33.517593,55.923016
16.784956,9.502435,11.701643
29.703203,2.418041,29.001343
9.923612,17.440222,34.840523
-17.668530,-11.904416,26.806904
-11.116391,15.995939,40.737392
-2.230640,15.638737,56.189091
-17.127232,-23.917578,46.806450
-12.587873,7.425124,43.709579
19.673067,-21.723326,56.084373
5.147967,37.777164,59.112656
-36.779472,-25.796787,56.729782
10.322730,-11.175251,18.437311
-11.772137,-12.441878,55.102474
-14.425133,-30.126368,53.669079
-0.083822,-17.532972,34.384380
-13.152757,-4.200584,7.716617
-4.618754,1.677558,56.954262
18.901789,-6.227232,30.018650
9.505615,-6.288235,5.019442
9.093695,18.133957,28.668327
-21.244860,-32.351734,58.713562
9.411102,-8.821841,16.511993
4.478920,-12.393448,6.835292
23.345926,18.877766,36.900684
30.083035,5.389513,48.298328
25.095530,27.695230,54.963486
15.231098,-16.844191,25.455976
40.835041,12.465714,55.489361
1.146751,-16.947309,32.422989
3.810929,-21.550552,53.661617
7.413851,-23.238754,24.972246
-15.169520,-2.213284,59.856487
15.217201,-12.228916,28.922728
35.224628,-3.573636,41.701614
6.435981,13.350253,25.923914
-18.622057,-31.186426,55.975021
-14.706971,-1.857805,49.333763
-9.049252,-5.148251,9.182768
29.312477,-15.425797,39.588726
46.678345,10.706816,59.012421
-15.440948,-1.477989,51.663322
1.554076,21.627754,43.441723
16.864944,-12.284771,31.490126
-2.066468,25.101269,29.970020
38.978035,19.772459,48.854218
2.074737,-18.147339,35.489361
7.981668,-29.116791,32.838787
28.826317,-13.437829,37.538853
14.948339,-28.619816,40.389893
-10.189938,-9.437683,59.318150
12.154675,-5.255880,6.170105
-15.077612,-31.649117,56.103539
30.835186,-11.006042,37.564484
-38.582405,-24.635101,57.720856
28.760399,23.946693,59.112564
12.095380,-25.838125,49.157955
9.822043,-27.586571,29.571081
44.913635,13.441699,59.293766
28.977612,21.290066,47.552719
3.323246,17.334616,57.297695
8.280513,21.513277,23.739967
25.909948,-24.686661,35.883545
0.582891,32.842159,56.403133
-2.702011,28.341484,40.131683
16.502176,26.801365,45.257683
33.018547,-3.051722,39.387028
24.653738,-22.828125,41.995304
34.434464,-5.923727,55.743313
4.766857,0.224769,7.150324
-4.657442,-18.886629,18.451117
-23.641363,-10.701983,27.731129
6.792436,-1.442461,6.373649
29.348713,10.569966,26.195402
22.143856,25.241564,58.544865
33.125080,16.438824,45.724335
-9.422771,20.560820,34.116600
-40.082775,28.864611,32.541584
17.185978,-2.430781,13.588734
-2.991859,23.760836,42.538425
21.734291,35.425663,51.145447
-1.101545,17.141815,50.743031
-8.190784,15.653509,14.126376
12.963576,-7.843717,21.260532
32.835587,-1.127707,44.448387
7.713405,13.501287,9.714657
0.780716,7.496305,11.184074
25.863106,22.785673,39.392578
7.320287,26.737713,36.136166
-7.951727,-17.905708,19.938583
6.321513,29.893356,33.250088
34.262623,22.699440,51.034012
-0.995558,28.217749,47.042324
16.853436,9.245600,23.369421
-6.909102,29.323982,52.145813
10.855767,39.278976,59.472694
12.242184,-26.037214,43.277676
-30.908592,18.520164,17.813284
-10.651299,12.882418,10.548691
-2.397587,25.848215,53.937428
-20.243975,8.308993,33.520424
13.837117,-12.096038,11.481706
-8.475000,-21.332727,24.237843
-3.039490,36.401241,46.722965
2.220942,-20.753424,25.499559
28.211454,-26.917856,52.663727
-12.174212,31.625275,22.982864
-5.925983,-21.496122,31.287655
-6.485818,-31.324015,52.594322
-17.457054,-18.662048,35.085846
0.332983,-5.340751,2.625520
-10.463229,-15.780488,14.391407
-45.640808,12.634942,34.123848
-0.631627,-27.689884,59.777431
0.701702,19.762501,12.695348
36.374386,6.232891,51.446064
5.779712,15.501186,11.475802
41.056721,10.268846,43.773697
-10.139456,12.758073,35.162846
6.884850,3.597151,7.437975
-47.114300,5.936849,39.319958
28.273048,-25.604206,41.836624
-12.776879,-11.722952,29.175222
36.468670,7.450297,59.388828
37.898411,-6.933130,52.616879
7.435878,-21.069990,35.869705
23.413084,-5.914284,15.510474
41.342972,-5.995607,50.748096
2.777859,-22.392845,28.049332
31.759295,2.682810,32.899525
3.542700,27.648045,49.626686
-48.853710,18.891893,53.588223
23.185843,25.976109,44.529968
11.906486,7.103373,11.110500
-17.671965,-1.087177,10.226162
-12.801415,8.207569,27.755182
17.322502,-21.002895,26.175043
29.189688,8.081418,24.026014
23.418652,23.630625,44.659916
16.710785,-20.322821,22.518326
-0.818463,17.926395,53.151093
13.731799,18.330845,24.200483
31.059469,14.854889,33.532822
33.173897,3.852331,52.734379
-6.083915,4.772905,13.715998
23.443329,29.327795,48.834084
-16.994703,-12.357470,45.043335
22.342775,-30.127642,51.009579
-21.592287,-2.889794,16.743618
-21.441238,3.360096,12.180264
30.131233,-1.946087,38.857155
13.794700,6.977915,23.894041
-18.710903,-7.634036,50.451435
13.601749,-24.486046,31.321342
-19.555044,-11.722143,46.909184
-27.033089,-25.419268,49.939152
27.884983,-1.965172,34.099285
35.924725,17.979334,49.747932
11.740905,-8.841461,13.179599
24.813692,-17.119192,56.857021
-34.966213,33.472572,30.980597
45.185219,8.846435,48.686977
-21.118418,-5.085828,46.413937
-6.388797,17.524586,22.858166
18.519712,-17.164768,46.335712
-2.051787,16.175064,18.433538
-0.915697,-22.201815,31.936043
23.562424,24.134777,41.918198
-46.792065,3.156158,40.640392
-5.846502,36.394489,44.748917
-17.608950,-17.960468,37.385479
-3.981370,23.622957,19.188480
33.336918,20.088644,47.990284
37.384731,16.074631,41.670944
32.696552,-14.787275,49.703014
20.726183,-8.280152,18.918938
-9.871181,7.624969,4.302233
-3.793563,4.188058,59.759529
-22.537687,-6.583797,20.195198
-13.468568,14.847480,55.820610
-4.642322,-21.626051,52.989952
-9.856931,-16.695637,18.517899
10.605833,10.611448,23.878593
37.648632,4.797190,33.079002
-15.724701,-13.038852,23.049885
-5.507185,-22.082338,38.373920
-10.140573,-11.410199,44.882702
4.941689,12.499464,6.923696
25.355656,-28.117699,48.812328
-16.784681,0.138006,40.359264
-3.389727,8.422775,55.917618
20.869938,7.695977,24.020555
-39.459827,-18.496883,49.110111
34.526672,16.868238,56.480656
-4.551135,28.190435,44.292534
-4.392049,27.076923,40.547359
-48.785320,4.683886,54.195702
31.212103,10.703812,49.719059
-51.443321,9.442219,45.771778
-0.397149,-3.933774,4.499727
10.240796,23.433153,59.482590
24.087242,15.224663,44.629444
-7.869040,-15.146531,54.424896
-16.077318,6.594477,55.916508
-50.954159,13.336694,57.877628
24.064379,-10.904521,43.401390
2.348387,-18.566019,27.256281
-10.119265,24.456491,56.546272
35.999798,-11.038802,34.396442
44.048847,2.275299,53.677521
35.948696,14.640205,41.078629
-7.109787,-13.170406,59.913631
-49.380844,13.274574,55.296459
-13.690218,-8.840080,14.834413
-4.624738,13.164804,16.940050
20.423153,-18.686249,42.372311
16.811661,-21.447647,34.253849
-6.799231,1.386555,9.822179
40.680374,10.815032,39.392155
-11.094990,-2.681674,11.199961
39.849236,12.259278,43.074287
-19.330280,-3.281179,17.891815
23.180212,-17.065958,28.986088
-7.249703,14.909271,57.871120
-15.768904,8.638936,55.412689
35.299576,10.485220,36.728294
-21.540682,-1.050270,22.613073
-47.180653,-12.882318,54.717236
29.505085,15.500110,47.035320
19.183636,-8.972844,23.567596
7.246563,30.063480,45.055763
8.872471,19.435915,35.974922
-14.583598,8.906102,52.128998
8.969885,31.291960,37.680122
2.655375,-16.755260,34.182415
44.480652,7.973722,56.702759
21.661699,-13.785063,21.399687
-23.843311,35.799503,35.387310
3.694224,-24.423031,50.085560
18.403065,-28.953213,44.409550
10.267509,33.488171,49.862381
-11.670575,-9.351679,20.524696
30.527906,25.309046,53.733536
9.630665,-15.124296,20.454659
2.624192,36.331886,54.044735
-13.842127,-3.758559,36.924900
-47.509792,27.443409,41.861069
19.878897,-21.446468,48.849442
4.861885,-24.023321,32.748390
37.394138,1.265722,50.277138
-19.357838,-10.813254,21.912455
19.341703,1.232597,29.545181
17.038733,-14.416771,26.150007
-12.958010,18.171419,26.248936
15.915884,-22.582245,27.651758
8.854667,-19.223452,40.491230
-17.170538,-21.511868,44.243210
28.397316,-11.655558,53.538246
17.153940,28.417326,59.748703
7.457080,-30.199137,44.956379
32.666679,-25.346182,58.760159
25.890787,-18.624540,38.931778
-1.031616,-25.130379,42.305431
-9.151496,7.208861,45.811737
15.599655,16.295729,19.452766
-6.436191,-18.107368,33.378975
-10.660821,-13.453630,53.495300
25.340538,-17.843946,51.746681
4.192952,14.071036,21.042845
-22.616781,29.101513,19.549788
-25.768871,41.802544,42.945229
-6.567835,-22.954451,36.683777
12.062104,20.686039,33.494873
25.120262,-27.407185,43.011883
11.989966,0.607688,13.413813
-2.297930,16.532499,35.424938
18.259859,-31.259930,42.741524
6.219200,-28.507854,49.346649
39.622387,-0.357329,41.962566
41.112816,-14.039952,54.732006
-9.161660,5.157961,8.969032
15.199427,9.249092,17.805241
37.183777,-6.009670,41.829269
38.681648,21.390512,53.238297
31.619799,-5.971173,41.148880
-17.698347,8.096583,41.531387
-14.861013,11.673232,41.918571
28.926891,21.258711,44.656631
2.463480,-28.510588,30.769400
-51.167606,16.761515,43.381138
14.676534,16.481663,25.035301
23.031519,27.631586,37.405582
-2.060771,-23.773281,53.292606
38.615524,-0.079223,39.406319
22.510645,26.297714,42.561859
-5.476825,23.954990,35.558952
21.378452,29.199650,37.175262
-11.593332,5.642788,59.529289
-20.326174,7.592941,28.714069
-11.976635,12.543410,30.464325
4.239943,18.304268,21.022243
-18.894981,4.108265,29.345922
3.927956,-31.560005,48.308079
19.353212,-8.472605,11.938148
27.251631,-13.579932,26.201735
2.655810,-16.522457,12.885194
-18.586433,-1.622408,25.064281
18.268219,5.339381,26.119135
28.715763,-17.545107,53.951939
18.583273,-17.670477,59.677956
4.754706,-29.740780,47.639416
16.342701,6.015764,12.610514
-16.922928,5.556653,53.738441
-25.841928,39.056324,35.915478
42.536320,1.577090,41.470497
18.828745,13.406469,37.007088
-13.079762,-20.776796,50.654896
9.133224,38.001884,53.208591
22.730600,25.612406,52.435192
32.406563,-3.380015,42.967995
9.222174,-21.140186,43.708378
3.576385,31.440041,52.333275
21.806801,-0.146685,16.698084
-7.787541,11.598821,52.411110
30.336111,-7.808187,35.842861
-8.630561,17.603039,43.021755
-0.089594,17.842491,18.757498
2.700813,-13.783898,12.567985
20.727949,-24.375154,43.501923
29.871832,14.461162,49.025810
13.488976,31.997864,39.581459
3.806546,26.560743,43.272137
-5.429536,10.281020,24.197807
21.589527,-19.094774,45.898663
23.851406,-9.438135,16.272234
-1.207055,-31.131205,59.690281
13.997505,14.781449,15.611847
-17.522840,35.554108,28.462549
-4.242112,-21.697409,18.390524
9.357819,-0.514968,10.928206
-16.308832,9.235046,29.985897
1.593761,31.878878,34.097683
7.966127,23.220825,52.686447
-17.617317,1.760164,31.289730
28.586746,2.650365,26.764448
11.026046,4.754144,8.438953
3.402730,20.660789,38.080853
32.624615,16.768730,41.021706
-1.866143,-22.883198,42.393238
-7.974955,-7.458725,6.731900
-8.510731,-1.923704,12.916997
1.101811,36.889954,57.371986
23.448582,-18.840567,31.983610
-50.544556,2.083690,58.077652
18.510624,-12.885625,19.718784
-2.348356,35.982693,50.880112
-2.591483,9.389045,8.759937
28.180761,-23.246443,59.146358
-0.272183,25.919588,33.441643
-11.459818,-13.319347,50.915298
17.089277,22.282362,25.858967
18.209204,-18.130339,20.275881
-2.134925,16.798000,44.927452
37.342293,-3.854536,42.181683
34.537411,-10.227689,54.403339
-16.159962,-0.861412,42.537968
-29.559259,38.254566,40.006023
-13.677450,9.361578,54.657429
34.509693,-20.490849,56.465187
-9.836923,-18.791569,42.452549
21.914810,18.774757,31.706596
4.970961,-21.347511,34.092869
-4.006268,-15.895756,13.734072
29.690401,-22.645782,37.077274
16.886194,21.957445,28.866800
-13.785069,-4.693973,51.263931
6.157237,33.969414,40.268066
10.271549,-19.089266,52.998226
-15.479989,13.575746,22.319586
30.817907,17.503315,46.105274
31.888186,17.728458,33.841141
1.031071,27.263336,30.511461
26.945219,12.256603,24.466986
-2.870330,38.616352,46.115730
-6.534648,13.340878,34.294682
28.333309,-27.372221,59.581043
-1.050173,14.100289,59.861992
24.097811,-3.990785,25.381126
-39.284279,23.712227,27.314159
5.932877,-18.246878,34.401924
-15.010367,-24.140541,46.239403
12.630645,-20.789883,29.574724
-14.962088,-11.380663,45.632732
7.634124,11.598375,14.183999
42.175152,13.958841,43.686707
11.121901,-16.370790,18.875212
-0.284160,15.296527,54.395481
-13.705391,4.029499,56.862373
11.703956,6.217536,15.532449
-47.095982,25.811176,59.546902
22.731087,-5.296389,35.943184
31.642574,18.491444,37.664268
32.730305,-11.642414,56.635944
30.447325,6.275836,25.251244
-7.191107,-23.506926,42.430565
14.734253,-24.009533,34.690655
-10.410233,-14.846247,23.607546
-9.722490,13.426817,31.196093
5.369958,-23.464903,40.831612
40.528435,10.834957,48.883766
-16.558611,-14.210439,49.457684
-23.236368,-25.317589,47.364300
-12.183063,21.613861,38.570900
-20.573250,1.253099,17.368492
9.697148,-28.835228,54.427258
-14.868348,17.721767,49.213066
43.267994,-2.979062,48.169537
35.470123,-6.801960,34.441238
12.277112,22.931629,44.986580
-14.784001,5.588251,19.667671
32.905376,2.792491,36.694160
34.230503,21.703821,59.451824
28.197182,-21.335566,36.200668
-8.799144,-10.056256,15.693647
-14.776189,-19.832285,33.725670
14.095197,-23.285606,32.894394
12.319552,-27.804148,32.901260
-13.962590,8.558335,6.078267
-7.736495,-11.624161,6.929758
2.058285,-29.343134,41.357426
42.143166,17.440580,57.302769
7.716229,-10.090676,18.178858
-11.621333,-16.486938,20.334694
12.985024,-29.560009,49.394470
-17.368654,11.808650,28.458315
-14.129652,1.179786,20.877405
21.619574,27.324360,54.871010
7.525946,-10.251351,6.486652
0.251364,-17.138805,55.071228
-18.726635,1.268333,53.265255
34.135002,8.191692,38.880268
22.499231,-19.267292,28.591528
-2.792972,-22.977409,44.670441
-4.458369,29.203119,30.076395
12.868027,-12.979754,22.560625
-6.885718,32.673145,34.623180
27.050249,28.998457,52.015141
36.037014,-7.084574,39.803055
31.804731,28.934059,59.575237
-45.434551,-16.425550,56.797497
8.424924,17.103985,17.980047
-6.302706,16.586227,51.084568
23.650047,-5.142000,20.754652
-12.403180,-3.409116,21.012888
-2.578630,-23.604300,35.918701
12.561795,36.338177,57.408142
-16.887684,-7.795359,31.497040
42.543785,10.672569,55.015419
13.327062,22.650286,40.677555
30.837526,-4.241495,39.539001
41.140591,1.025792,52.918118
-28.125668,41.185776,43.366333
9.175174,-22.991772,18.755964
26.578072,19.310984,44.467819
38.961067,8.507524,49.071522
32.292187,4.884752,56.854973
-26.841587,9.812154,15.288630
-11.036730,18.462917,55.788975
5.269202,32.369133,58.766739
-8.341401,12.907351,55.615673
34.847980,10.300977,31.418690
-12.659922,16.789965,33.074623
15.725491,-11.245205,23.494463
22.451788,14.802535,28.159170
17.201561,-2.978671,20.825579
24.022486,-20.376589,40.545570
32.192024,-16.322184,56.293991
-7.969559,-15.220799,35.866909
26.466885,13.114992,27.977671
31.224976,-2.869375,24.413971
-15.467236,10.647391,22.220612
36.258591,-8.537333,41.507786
28.540348,32.143589,58.643368
29.815487,25.238573,55.732220
17.122810,-24.164211,25.463528
24.303448,9.889703,35.855198
-10.431845,-18.119705,21.652939
23.020426,24.030005,53.643864
-45.568066,-13.914729,51.520664
31.613878,-17.535955,46.558311
-1.907085,31.990900,37.191929
3.962018,-15.642379,19.898783
0.724415,19.683851,56.815128
29.956711,14.708853,35.816761
-6.479521,8.854159,23.204418
-11.780596,17.526955,7.246755
34.226521,13.388686,40.349636
13.474934,33.221889,42.104321
-47.926788,18.344286,41.576263
5.707307,-2.364536,3.793703
-18.123774,-6.110979,35.508644
0.754708,18.181213,24.613520
-15.204083,0.035278,7.009871
-2.811991,-14.412818,59.692631
-4.164874,36.992081,45.338440
45.669147,3.786579,50.697361
15.701644,4.951605,18.188921
13.975451,-9.577671,8.064960
11.362282,-4.262346,7.616208
21.864975,16.796053,26.889101
-20.065456,9.128812,27.453478
-0.306121,26.772230,53.222549
7.769897,-17.452755,24.534161
1.723713,34.243736,38.067398
17.097837,-14.664702,22.122063
23.807892,7.753570,22.314123
36.796455,26.429386,55.114590
-9.492091,18.926071,47.440903
21.850105,-22.106249,56.039997
14.699291,12.111455,25.797550
-9.085011,38.702106,37.286819
28.010088,-23.632618,35.710873
5.050930,21.749598,46.206764
30.449648,13.351754,46.224865
5.919370,-20.244837,39.789165
-4.973109,-26.506155,41.992508
29.755714,-5.766931,47.185940
-13.871297,-0.330839,13.698691
27.653284,-1.637748,31.249422
20.717188,-23.913092,59.303314
3.017995,25.991295,25.971836
-18.569746,37.739723,32.316807
-46.403458,-12.222171,49.776726
-6.044177,-0.120371,8.765323
44.930378,13.820479,55.389774
33.166874,-9.940416,43.581390
-48.026962,12.786781,40.425812
-17.443148,-9.514949,37.937016
3.047847,21.996935,21.540293
34.067280,-10.201638,36.657200
30.072155,-3.051152,54.803486
32.880085,-21.280132,50.332020
-1.847176,8.018219,13.035215
11.030033,-31.138418,45.302143
38.294586,-12.200890,48.757687
23.235466,0.661511,21.127581
8.091658,-19.304012,52.902187
0.747270,18.335459,49.768341
15.030890,-25.325809,40.698357
12.621030,5.460538,12.267140
30.591959,22.482698,49.739262
-13.260585,-9.983019,55.393665
25.423491,33.300465,49.861298
35.703915,-11.102122,59.648628
-11.262263,-10.199280,53.102886
13.407176,-27.835943,54.698109
23.923321,17.143124,38.621342
8.561718,-2.995597,4.377203
11.850011,-24.804419,47.321167
-21.349262,38.519402,34.791893
-2.085469,19.379927,51.256428
2.168259,28.998981,57.582821
-14.949615,7.079328,27.845785
34.631805,22.789129,47.117870
-23.958570,5.655342,14.023802
-0.150234,13.684913,9.582691
41.549652,-11.527356,52.073227
19.174442,-25.623514,41.909908
-15.750206,-2.080617,14.133112
-7.520627,-20.083687,53.660767
4.600263,-23.780869,38.332775
26.889917,-20.833479,55.872684
9.763005,-13.318496,9.062037
-45.340969,1.821048,37.814354
26.433516,18.643270,34.684921
40.660805,4.613225,50.085083
-15.919502,-13.026921,41.906586
-12.795430,4.193162,48.494808
23.738287,15.473206,31.523899
-20.490353,2.163290,24.971615
-7.579687,-7.098613,53.122955
-17.369511,13.141721,25.093948
-5.771449,12.253831,27.034449
35.147217,-2.324509,36.361206
-13.984715,-14.682361,56.247478
-7.337846,19.139713,49.661411
8.351811,0.405485,9.489357
-9.620783,-7.630964,59.885002
26.331266,2.861146,33.160778
24.840324,35.659210,58.860466
38.326378,-17.764240,52.639168
24.553795,2.696086,28.308365
33.254333,11.957625,42.822868
38.833973,-12.443969,57.384789
-48.198563,-9.090362,59.861534
-3.163069,-22.646255,27.398489
1.753834,-17.336189,15.006298
20.296289,-11.865458,38.460106
-9.768308,-21.204603,38.028503
25.665335,-20.741501,37.652779
2.322995,7.752626,3.668436
-8.173523,1.477061,59.342354
11.447414,-21.052113,32.373196
7.938322,32.221836,59.195271
-17.219547,-1.176795,37.559017
-15.693650,-15.460999,39.784687
-7.932066,37.975544,42.471142
-41.364334,35.508842,58.048664
31.021118,23.534155,59.542713
-2.931474,6.012249,2.774960
-0.988628,-14.077665,57.198547
-22.102501,-6.324291,41.816006
11.755016,-26.500801,59.605721
30.567608,-13.724008,46.699108
1.421691,38.263702,51.053783
16.792137,17.252710,37.364594
2.127074,23.453762,55.782982
-3.563951,32.236294,48.513729
-50.038490,21.495068,43.183743
17.980135,18.134897,41.303169
23.023026,-18.203756,54.580841
16.137848,39.892914,59.635494
-51.825684,14.671739,50.335529
2.769036,19.792273,21.822302
-49.004818,17.821163,51.751255
-7.396604,9.250369,12.631690
29.436420,31.623199,50.367859
25.562143,20.183834,42.096687
14.701984,29.206945,41.917614
14.069185,-22.392654,42.324043
23.947104,32.924244,54.624138
4.882587,5.836192,5.303555
-15.557952,-10.140431,20.086754
7.485280,-30.009121,48.874477
9.915166,-23.906931,21.054010
-17.833780,-16.321575,25.552025
2.362987,32.104340,38.856136
6.168384,23.291553,43.879410
19.710814,-9.183608,15.908199
35.645596,-8.314005,31.662367
3.497943,-26.400507,57.726639
-3.550538,-21.712013,41.539791
23.781120,14.881139,41.171795
-4.396003,20.002975,34.461678
-10.147151,9.919584,7.124483
-2.009111,-15.944252,30.849327
34.936020,3.465170,48.089931
23.190250,28.191481,45.141441
-28.818853,32.848091,29.254906
-6.680342,12.158241,32.385323
-6.470341,26.891468,35.778404
28.872517,7.478724,47.120918
24.071312,-26.650902,38.167645
1.561521,-20.069487,41.565517
4.446531,-22.511883,25.010588
19.761208,-20.784826,32.962269
-13.507354,1.102395,55.825047
30.418924,-0.262674,31.843222
-22.559900,-3.121140,25.498547
-22.833031,-9.249946,23.625050
-8.470134,-16.293985,12.679434
-15.197974,-22.286943,35.198139
4.883862,26.047573,36.459980
-9.701777,-24.048510,50.105694
20.939295,13.911427,39.236549
-7.814770,2.989554,55.527054
-21.689375,-0.738199,45.203373
33.889462,23.265820,54.864388
0.341694,-18.207403,52.972359
-17.359627,9.323587,22.591925
-22.572720,2.780720,33.198135
-12.381456,34.052959,30.454866
-16.769566,16.108269,31.683357
14.912766,7.380000,20.520109
0.565565,32.311218,46.559616
14.964401,-10.818812,15.095345
12.259465,16.575195,33.278099
32.620941,20.408243,35.230568
24.925131,-21.217297,28.487621
11.935153,31.911366,59.195427
-3.891252,-14.152844,58.124901
12.142686,-0.708288,8.232871
-7.454631,30.404831,50.013935
-2.333772,14.253051,29.802414
-10.047492,-3.751291,5.767210
-10.336033,11.187757,51.568451
0.705670,14.738245,56.211098
-49.942959,23.138042,44.659355
-16.852383,-14.631254,28.672472
-2.562998,-15.113777,20.603748
0.368492,22.282053,54.343105
-2.898956,-19.855528,54.842361
35.640797,-16.556351,56.834564
15.932864,35.395798,47.286789
1.317135,22.342510,28.033047
26.126225,-14.706501,30.898125
31.700787,2.302527,35.000175
5.674006,34.910004,59.497013
-4.618846,25.948168,34.777573
21.831791,21.654881,33.276421
-8.435281,10.440911,31.665365
-0.668885,-31.626564,52.368626
13.504574,-4.586326,14.799939
15.563638,31.078606,52.922760
21.377476,-23.747433,33.733894
-21.651817,-5.509015,44.071018
23.444180,-13.853575,25.231665
-16.093348,-16.442970,42.833519
35.276966,7.969284,31.022831
22.695217,25.277334,32.599270
26.168615,-19.524607,33.325665
22.323996,11.943454,19.032318
-9.200148,16.634583,18.061985
-10.165522,0.201213,11.499014
-19.291958,5.581209,37.985645
34.426395,-0.440782,34.450695
33.479324,-4.577198,35.243385
15.418986,-27.141253,56.792240
13.121413,8.109526,17.930447
19.222370,-16.625946,41.741161
-4.114036,34.797867,58.278992
-9.263142,21.641750,53.670151
-12.230847,7.857455,7.997651
34.047112,14.988227,37.710625
-11.862490,21.106735,33.176914
37.565865,6.412342,37.985897
-3.725599,34.556221,52.438309
4.599590,-14.173732,25.203526
-7.615026,-24.001249,25.698061
32.439487,9.061791,40.429085
-4.615787,17.136087,9.524629
27.777210,-9.789018,53.663879
28.374767,20.487579,34.115631
-2.156626,-13.547282,9.904198
-2.329848,-26.605104,34.257793
16.963919,-5.992113,22.440063
35.142147,-12.186490,52.293713
-14.896754,17.435038,27.016600
6.395791,15.151175,9.472027
25.853954,23.798372,44.661228
40.360928,-0.126144,47.993938
-10.268365,6.045022,40.216251
32.717480,10.956436,36.430916
-15.011630,-8.670974,59.903408
-9.633464,6.303891,26.452255
32.384136,17.870829,48.381989
-3.609623,26.709904,29.452549
-21.161335,-8.319782,45.660252
-18.728010,-12.944826,21.582399
39.203541,9.063471,40.862587
5.673452,14.668537,13.261904
26.548136,4.970156,23.700598
17.811810,-5.258142,17.220797
-9.769447,16.246212,8.932280
13.959866,1.179121,8.396824
34.273636,-7.822214,29.548473
-5.490921,31.323372,57.363003
-16.552488,-13.845255,52.008175
-3.851559,34.043110,49.660774
25.816042,-16.245014,28.042105
-10.376498,-19.239178,54.073429
29.318956,30.296753,56.656261
-0.525467,-22.745699,22.815432
40.935921,15.227287,59.621532
-15.785790,3.291421,55.967529
-2.266769,-21.363323,25.176189
-19.104452,-5.522388,32.265263
-16.089108,-0.954419,47.488113
-51.516926,6.426697,47.083794
9.126634,30.818068,54.683254
33.863708,-17.710186,38.905941
-4.911362,-27.873623,38.580032
38.838955,-11.025612,51.176319
-6.768294,-22.259359,20.244598
34.620991,-5.559376,52.187210
18.794209,26.592785,54.621933
11.239668,-24.771025,53.172970
9.865889,18.400484,16.694996
1.463920,11.741577,20.113756
34.903458,2.584371,54.813896
-13.046069,15.702281,34.865349
13.355139,-28.505074,41.476212
30.706818,22.147474,57.046040
10.780231,-14.432133,19.008183
12.813573,-10.747660,14.102570
22.555273,-13.088314,17.910402
33.220028,-18.994947,50.187965
24.089649,-24.499836,54.364033
22.938946,27.091011,39.559132
-14.209590,7.971460,48.265465
6.100327,-21.029463,28.893885
-15.649482,4.687547,42.218502
29.908552,-7.713140,28.496197
-17.793995,3.476268,33.283417
25.999044,15.035101,35.467873
-14.473842,-17.372507,39.774845
27.551271,23.012461,54.958309
-3.028224,24.749258,50.357891
41.680683,15.636636,54.518398
13.509456,2.227711,15.362247
-13.768568,-19.694801,44.011261
15.053546,21.164433,29.891264
7.769453,-32.062878,50.993401
26.199408,-16.353416,29.918104
37.053928,15.528279,57.088165
11.525385,32.833344,56.299179
-4.475146,31.775259,53.537003
-14.992720,32.700130,23.527874
6.092247,27.996445,56.120670
43.385319,-5.256873,55.580067
8.047589,-0.960369,12.409091
-8.648336,34.182674,33.846378
-7.268821,39.115543,52.848465
-5.250849,20.388515,40.120644
7.273114,20.726610,37.969032
28.260040,19.500801,36.333855
38.661766,-0.820027,59.386890
-11.472238,19.655657,36.232136
22.314953,17.550034,45.208698
-8.681428,16.814201,21.194981
8.521467,-25.722569,59.633904
-16.704592,30.802666,20.269234
25.014643,12.363079,45.354488
-14.054439,-21.502144,48.778851
35.425365,8.610985,45.568283
-9.234553,13.768676,46.483303
34.169518,1.355007,32.957764
20.365948,-26.621752,49.455246
36.911503,2.454918,32.160767
-2.055925,-24.516489,23.739594
26.962179,7.524485,26.116047
4.553532,38.304695,51.919880
-19.019358,-4.728440,24.080330
14.413629,-25.065142,49.041172
26.682266,-5.481490,21.432234
29.880636,-17.417528,55.729801
20.592756,-28.190348,40.574749
-11.865155,2.069973,17.666899
40.627956,19.174892,44.800407
-22.788942,42.416275,45.667591
-9.243615,8.566367,34.180264
13.168208,-19.794621,40.414341
-48.870678,8.100238,56.703480
32.253632,-0.668785,39.242287
12.346819,-17.072283,57.404953
4.166695,27.055096,57.938740
25.403666,-12.784890,29.296492
2.471988,-13.230007,19.889351
-16.662857,39.020042,38.454247
21.899319,-5.438879,33.189701
19.083630,-13.888576,41.366390
38.085484,22.762344,57.032059
16.304932,-21.864990,32.467716
-2.665828,30.582132,39.423515
19.436382,-1.087856,14.550290
-14.131608,-16.815742,25.558699
-1.021783,28.522320,33.818089
-18.693111,-8.968359,30.359604
12.793667,-22.827946,44.627258
45.540989,18.358942,58.312096
5.385056,22.390657,58.018318
-13.041902,-5.894716,19.522930
-9.112539,27.845823,53.172901
5.468994,-17.307892,57.544289
-0.923365,28.905617,54.052719
-10.699581,9.796180,32.543018
24.046585,30.841391,41.475052
-38.517605,27.029076,29.459455
19.534424,-19.012135,46.359940
45.375843,6.562129,53.080994
17.992588,5.921049,22.077047
3.409813,-29.070929,34.577869
3.901807,16.396509,16.334341
18.188698,-27.398308,47.166569
13.960629,6.563024,11.039729
6.133297,20.439274,57.712364
36.095600,21.937593,59.887669
31.761301,-10.075504,35.121338
33.194988,21.717899,49.418301
-10.499712,-2.745089,48.443119
33.278351,-9.818800,28.648663
30.689472,3.613014,39.998135
15.667684,-29.773401,59.871365
31.701599,5.130515,37.803127
17.057108,-26.806551,59.133419
28.035398,29.229063,47.515411
-11.008747,-22.870867,30.545410
28.814913,23.470055,56.845741
-3.607230,13.375074,10.148122
13.354371,-20.253729,50.811443
10.646902,-30.924770,54.507393
-14.891051,5.801361,52.328129
-44.285755,31.468798,57.688423
-23.856340,-15.004170,30.711140
16.784443,-6.872312,19.219011
-9.216286,9.987254,53.142864
6.140537,-10.743207,5.229916
37.864227,13.473695,53.515991
-48.761501,16.945677,55.845638
-16.926174,-22.506277,42.363625
-20.108809,-6.975144,48.160183
-9.520103,-12.907723,56.860970
-41.134857,15.426522,27.649561
-29.372286,7.339467,18.504595
12.313629,-23.037218,54.518509
-22.791546,-2.368271,39.018814
41.023716,22.837133,56.348881
-5.539081,-18.586136,50.334484
0.681528,19.773924,54.545059
-2.198385,33.668270,56.803787
-5.034544,-20.967768,49.185127
6.914809,-14.457826,8.857853
35.911507,15.511747,50.910107
30.936056,6.841398,40.120544
-21.243341,-4.884295,23.788914
7.279638,22.011059,56.177250
14.130819,-21.570885,53.158543
2.316816,34.453949,59.397720
-14.926020,36.819035,36.832745
-45.643875,17.182167,34.754311
5.308253,-25.782730,53.547054
-4.844464,-21.538414,28.951216
-43.885670,-20.624489,59.800007
-13.307470,19.173040,31.800417
-7.816824,33.260735,60.121433
-17.533379,12.324846,46.195236
32.223392,18.594187,42.591225
39.762424,14.867549,39.447567
-2.971280,25.541435,59.753468
19.459650,-25.360811,45.109150
21.859625,3.369492,18.591957
1.709232,-27.977041,28.101582
29.671234,-15.880733,52.933811
-45.875313,24.953590,39.966290
23.531748,24.024813,59.359211
-3.537901,19.588882,49.394794
23.284704,8.749545,37.763268
-51.152134,9.240671,56.741074
37.198963,-13.674190,45.806412
7.787387,-18.513447,36.208549
20.763008,19.934690,38.049683
-20.239990,9.066046,35.552513
-8.259062,-3.390806,57.280590
-8.971639,9.662238,21.178541
9.640180,-14.221388,11.496026
14.478610,-20.428814,45.567135
-48.824963,17.714991,47.653221
17.132366,5.932159,19.619652
-28.340248,38.542759,36.018089
5.732404,-22.757595,52.012131
-20.061098,1.385305,19.314968
13.276851,-20.871103,22.837561
17.098965,-10.073254,21.186588
36.308296,6.749096,36.269508
-11.781981,-22.412161,51.701267
23.773144,35.985729,54.373325
21.534813,9.054276,17.831879
41.144089,13.992401,49.959732
3.268433,-15.723746,59.735893
-15.256813,-12.215569,29.326708
28.512096,-12.609522,41.589703
-3.057021,-1.726303,2.234180
-47.052834,26.140230,46.125854
-10.816425,13.908796,5.847098
-4.596036,17.409361,40.408409
33.152706,6.720037,45.277748
0.127711,18.535877,35.485321
-5.581972,25.446659,37.128208
-29.933960,-23.668077,47.601746
-9.674093,10.136298,49.689644
27.352036,-13.047602,48.390579
14.750006,17.200583,33.338737
23.123161,-19.898840,56.917294
25.965786,-7.691598,24.489208
35.991520,-1.345216,33.664055
-4.086890,19.189793,19.967672
-17.907829,-15.695402,44.962303
10.662765,-24.257847,55.863838
-13.821442,-12.388272,58.869957
27.487474,14.124231,46.348660
-7.065542,4.813358,49.385334
35.810848,20.712948,39.983910
12.002853,-25.269173,34.658173
33.989098,4.415483,38.121239
-12.005061,-3.288463,49.647663
-17.702707,-10.564821,20.457624
39.332981,-10.226801,56.139729
-20.713831,-23.065063,44.373348
30.717258,-16.431513,31.101839
17.297180,-27.473948,39.152580
29.165800,-7.431404,48.706451
6.604853,-12.601794,22.138157
9.553687,30.191658,44.364548
12.050266,23.276415,48.070110
24.819893,28.431597,38.471985
29.807116,11.078912,38.660927
-23.757862,-6.534718,27.665634
34.271194,10.858898,57.723732
26.834230,-26.025965,39.910820
-2.522221,20.422472,25.457150
-13.853510,1.129007,5.470623
16.079231,8.352415,29.403084
-2.830304,-10.384752,4.656031
-9.028244,-5.296422,14.484220
2.296016,23.484222,52.040413
-4.242499,4.908960,5.456614
-8.273000,-3.884061,59.647942
38.107952,11.666509,46.780060
13.642426,-11.141783,27.677647
-15.942392,13.219081,35.813992
-11.681499,15.246031,59.956566
-5.098303,-0.592802,56.963314
-5.688900,12.716684,5.316111
-1.450778,21.180941,40.867191
-9.486253,36.925545,39.230255
29.128174,3.717613,37.236286
-18.418005,-0.859076,32.584370
-7.439546,-0.815308,2.744466
23.389172,-11.403460,45.676712
-6.069262,-14.107295,15.140663
4.343839,-17.273651,35.095093
11.221384,34.148010,43.556290
8.224158,30.665134,52.443153
-28.226057,-6.549638,25.877003
3.869785,34.900330,50.110794
-3.856537,29.394905,55.719669
9.717020,-16.515114,27.677521
42.689133,-8.394597,49.530178
25.381607,0.483885,35.691372
19.229013,24.908693,37.184696
2.410758,20.773991,56.318977
27.842777,-21.080015,50.233940
-2.068106,17.079601,28.973734
-13.905742,-1.672331,6.042266
6.928959,29.600494,54.344730
-24.396557,32.202457,24.746941
-14.547596,-8.290827,50.992153
-4.578893,19.102900,37.685410
-7.028167,-26.880974,38.387043
-8.238792,20.918077,11.208743
1.782238,-26.321726,24.971411
-4.355865,38.394539,50.395252
2.633085,-30.472975,54.375458
43.033096,16.221239,50.392349
-12.614937,9.069848,44.877579
33.904999,-18.502850,47.316055
-5.207864,23.078556,29.263290
-11.092998,7.686184,28.759634
5.180487,-22.858381,27.407045
-8.521453,2.020746,11.449430
32.376644,-14.618806,30.794359
21.063528,2.459059,25.218817
16.439322,18.364832,35.129093
25.542681,3.826207,25.666475
31.815866,14.217359,43.470394
-25.773933,33.252144,26.402037
2.154633,25.367271,49.529686
-12.606663,14.836565,37.062672
-9.874419,-0.629364,54.973904
19.964432,26.927589,33.771526
-11.369597,10.145436,38.022831
22.827374,-9.257302,30.779772
4.686537,19.621609,56.325264
39.626350,7.476099,43.652180
37.063606,12.647741,55.366566
22.486803,-3.319704,31.619812
-19.596117,10.922770,30.645035
-19.163239,3.051693,49.323589
-11.860998,-10.260276,28.227594
-15.488376,40.819710,39.015064
-9.229245,26.207546,46.673996
30.093718,-17.346331,37.660999
31.079370,-12.303116,57.369900
-4.749806,28.047581,50.291939
-11.741447,12.399319,28.444435
27.641552,-20.235291,34.562237
35.878651,22.150211,55.843895
24.530924,-6.036834,24.697937
-4.456668,-20.590425,33.215740
13.750949,-3.871192,18.366394
-24.186501,11.630495,12.065507
-22.734934,-4.652470,27.862947
-5.536111,24.452362,47.901966
-3.193425,27.576704,49.088772
20.831270,-19.403923,44.133919
-12.161943,8.084753,40.942459
26.908588,32.262100,55.117355
7.686959,-26.926920,24.608997
-45.466255,31.877863,51.278057
30.232958,27.166048,42.960751
-23.464804,-30.806414,57.077492
28.143427,-19.124966,39.581226
-6.971067,27.274754,25.727783
-0.921140,-26.006948,22.884172
40.774426,6.300468,46.227749
15.218066,7.732183,14.107487
11.661949,-23.767906,32.703796
-9.209146,7.547619,49.954147
16.405235,-23.520939,42.888199
0.417398,-11.903946,7.665038
-8.335995,10.912465,14.774377
10.173820,-16.146017,31.570272
20.929720,8.210459,32.909618
32.033779,29.414099,47.608364
-31.651512,33.118538,28.746534
20.203890,-0.345794,23.548874
15.114049,-1.594899,10.554866
-16.002119,-12.094725,17.861300
8.034266,-16.453663,21.364370
35.664677,-9.699916,47.622345
19.219610,5.185051,30.584742
-7.489669,15.124043,19.087128
5.983459,27.421379,41.249279
-5.764718,10.521984,18.519510
-4.847784,-17.291714,29.084841
16.912809,21.302156,46.828552
25.425957,7.149825,29.364988
38.999542,21.421085,50.361645
36.113163,-2.222119,51.784706
-0.818743,19.792421,44.300888
20.208366,8.754164,22.491917
-4.185082,6.734412,13.634742
29.180565,-13.151587,47.870834
-48.479156,-7.500194,51.069477
30.977491,29.253792,45.298496
24.138491,-20.596539,48.329685
-20.874302,4.703400,36.308628
-31.265976,36.224010,36.276005
20.997835,-17.490364,28.194784
11.520321,32.718433,46.555809
2.002459,-26.380644,51.588524
2.135809,-19.828712,13.866693
30.943096,8.147188,33.284649
-6.125144,7.349792,48.847702
-48.701881,10.625588,57.698479
-3.046365,21.556278,11.911393
-17.368044,-2.872151,27.247358
18.084398,-8.641005,27.113550
-4.768431,14.461458,33.334923
13.382027,36.521862,49.016033
21.404043,-30.207586,55.212654
-16.248672,0.767078,9.641892
11.567797,-18.069546,24.016491
20.227516,16.344563,25.181290
-7.104128,1.647240,5.030166
26.155478,-28.245583,54.404209
24.859776,27.340527,50.674740
19.774212,2.603986,13.766378
38.532475,-8.015266,46.633007
-11.231538,-10.577518,9.148070
16.423927,10.915161,21.610119
-22.999538,38.045712,39.136860
-17.323072,7.951210,43.582718
33.124519,-13.686012,40.432446
-0.746053,35.778366,42.682949
31.558685,0.009077,25.336637
-8.420398,-23.512512,23.643873
10.207386,5.481657,17.118441
6.153173,-14.589674,27.852270
28.225780,-8.234776,57.240864
5.376501,-22.213034,36.866306
32.091827,-2.026071,34.406052
-4.452093,-21.970663,55.921249
0.347830,-24.203938,52.003643
-49.586143,11.577942,39.758060
-11.562424,-29.727848,53.092411
24.527632,15.826793,48.278290
34.749481,-8.557179,35.637764
30.430838,6.429557,30.091772
18.039103,35.585087,48.323181
26.062197,21.230555,51.468647
3.942860,-23.131573,23.214497
21.418736,-5.288674,21.938454
-22.169916,-6.127967,37.622112
3.944335,26.145994,34.361317
1.037068,-19.891716,17.482359
-1.110994,-22.188562,47.979992
33.201031,-0.977361,56.319794
28.378658,-18.137909,49.259201
-10.770779,-16.484684,55.736446
1.869105,16.446823,56.123962
22.108179,-10.869275,39.729801
24.457426,26.068800,35.600975
19.081137,-15.655223,25.075537
21.050673,19.464571,40.089550
24.615820,-23.680239,44.679466
38.375633,-1.274071,50.567780
4.107165,10.641960,5.598535
-1.830134,13.254685,21.481951
-2.040548,9.199569,15.782598
37.319534,-3.481025,47.810978
13.234667,1.751884,19.003948
-0.904385,-17.512770,27.625807
-7.428582,28.820005,20.682814
47.277191,-4.474895,59.671310
21.467855,14.544441,32.250328
39.097473,-7.478648,50.209206
18.610149,22.914865,27.558271
-32.827621,1.689356,24.452044
-9.201737,15.166570,16.097406
-15.998363,-3.657384,31.516937
-14.273630,6.741097,24.493746
32.690815,-12.379601,59.449242
16.004982,25.679262,41.072990
2.323550,-15.386167,16.271727
20.188242,3.405206,27.235706
1.785502,25.883924,24.259542
21.563282,-8.828104,25.177256
-14.922321,35.592758,34.390087
20.622147,34.417152,55.424866
25.396776,-13.521957,57.601784
4.292130,4.801098,7.590900
15.666542,20.827665,32.580639
19.345997,17.849419,32.918041
14.075492,-6.744325,13.352705
-46.552330,-14.780457,58.825310
5.905057,-17.093397,31.976534
-10.236407,8.383000,51.840359
-10.188900,-25.711424,39.633396
-6.927151,-21.481089,57.495125
10.220033,-21.469233,30.153519
16.522739,1.425182,18.442524
30.055548,16.755856,33.173008
41.032227,20.402178,52.031452
-13.888642,10.366019,17.648232
36.308617,-15.024032,54.939404
-3.921960,23.452757,22.432573
30.777294,-11.466428,51.576874
-11.015868,41.882511,46.468632
27.443659,-27.721022,47.675987
8.144307,24.753023,59.426392
21.951197,22.390518,31.162695
2.178965,17.155304,15.024572
0.296174,-21.770325,37.290173
28.292770,16.284872,39.895065
32.698112,1.511949,59.160885
-22.364054,1.130507,30.976919
7.892982,-27.163244,27.285116
-5.260550,-19.547047,45.786945
-7.553910,-20.091106,46.084686
0.926842,-10.875534,11.222327
12.704962,8.532123,21.274639
18.220978,10.900703,14.368168
31.947071,-22.573097,48.961006
-38.966728,-22.642515,54.424908
33.977516,21.499666,42.238914
23.084583,-28.527605,38.754799
14.524743,-23.986380,52.427090
39.834301,2.634864,54.782520
-21.204947,2.274558,27.403955
-10.268338,24.882437,52.610935
30.544851,-10.690436,46.923264
28.631012,-4.986428,49.939350
10.104534,-10.254293,10.212544
-10.788116,10.087678,41.503681
-20.131277,7.392634,11.182137
24.019995,-1.065761,28.051733
24.753899,16.984928,50.461956
10.305873,-7.966466,10.370777
-14.889679,12.818070,51.789299
14.867213,23.298475,50.303730
33.066647,-5.694108,48.902912
14.199511,-28.244850,34.655006
-10.548794,-26.587179,41.435162
34.015816,-13.352761,35.190842
26.833115,-5.402103,23.933783
34.905319,2.641388,57.130520
27.549715,3.852247,43.552017
-4.716107,-18.575642,21.388815
37.895023,8.969809,46.623707
-26.670446,4.447862,17.079010
-14.279383,5.782137,58.693394
-14.996861,14.680544,49.406960
39.636787,15.414061,50.308895
32.586636,9.590515,46.210735
27.213835,9.743463,36.300629
-33.379585,-19.837406,44.239910
-1.077287,13.629171,13.714727
38.943226,-16.188486,50.935062
-9.980122,18.914242,37.567234
32.495132,-13.418667,29.016182
-19.377115,1.392673,43.798401
16.274389,14.588732,20.673838
22.143456,27.732729,50.790493
13.984256,-9.233378,24.941616
24.783278,-26.624098,59.930431
-10.294938,-23.938086,46.381233
32.786713,-2.483424,53.830097
37.873173,-15.635478,52.751331
-45.167393,-16.216467,54.648148
-0.711218,35.281689,56.457939
-5.498958,33.781437,55.304291
22.083412,16.787451,30.279484
38.372787,10.891337,48.777611
43.125542,4.784608,53.524570
33.794357,14.216913,35.661114
7.068932,-21.649036,59.274590
33.583786,0.902490,48.771301
-4.964482,29.443283,23.983347
-3.047986,6.603672,11.556081
18.033485,24.736326,48.597549
27.934582,5.834386,45.418121
-0.681352,27.698584,50.441917
-8.713084,22.897299,58.387058
-4.540855,27.754494,35.876915
17.870279,28.738180,46.684910
-2.557207,-20.856968,17.699451
12.539804,-30.574823,55.970665
7.877342,9.345036,6.332646
12.582244,11.502112,14.152797
-7.505131,3.728855,58.817348
21.162052,1.684421,20.469309
2.421476,18.350899,18.292170
-5.681818,22.449692,33.758881
24.621563,16.475985,25.946018
-2.407569,23.187092,55.287849
-15.756643,-9.656419,13.841615
18.266262,-11.360023,24.019140
29.758541,-1.991443,30.592825
-16.089260,2.426115,49.779987
-0.270648,20.193159,26.099945
-12.718352,-21.042418,25.821413
-6.292712,38.293213,38.556461
36.011650,1.721640,38.509083
-49.450764,9.244830,48.595703
-8.016996,-28.321186,51.841667
6.422815,-26.160051,55.309826
32.894527,-7.893716,27.555552
-2.892144,11.420693,22.097910
27.411219,10.487503,38.645359
-19.698580,-17.570320,43.219902
44.048744,2.224123,50.313774
20.414059,30.663900,43.839375
1.372790,20.558346,40.486176
-17.405933,4.343922,43.994572
26.418875,25.569336,49.007607
15.444345,-10.158875,29.101046
37.737175,17.073818,45.571789
34.842567,21.563215,38.203823
-22.488020,10.303855,10.767816
20.033661,-16.843754,20.344648
18.630959,-14.113690,27.411266
-18.225965,5.872055,8.004785
-21.765383,-19.061144,34.067429
20.682508,-24.246639,41.402084
-11.760586,-12.716751,59.488495
-22.088367,-0.530229,27.462599
8.668793,33.975269,47.874836
33.138348,17.836866,54.325813
-10.603514,-14.029092,26.638767
28.096546,14.300733,35.007256
29.885944,-16.582190,41.606419
16.669024,34.278629,43.885612
4.936057,-7.644381,5.847373
33.277355,15.059057,55.244984
23.486549,36.775581,57.517967
-16.547909,-4.911471,39.081821
9.314220,16.052799,20.200766
11.794801,-19.559395,38.636276
-0.841573,38.107437,54.332111
-12.098809,10.460187,11.334284
16.990387,-28.235502,32.382854
3.715269,9.057018,7.059372
17.063951,-14.722923,35.989902
0.089811,19.284807,51.657295
7.121471,-23.786692,42.150803
7.114195,15.366971,17.960196
-10.307178,3.408292,50.678226
25.655148,-24.993711,56.185585
2.660252,36.869007,45.716122
14.987012,32.229759,45.066074
-49.334724,-4.534138,58.168995
16.074041,22.005499,38.560486
-3.668022,19.661373,11.576470
30.632523,25.428991,48.437534
-9.739679,-15.317766,53.714088
37.615822,4.026364,39.112568
-8.296974,24.068230,31.215128
-1.615594,-8.930903,59.856804
42.535431,10.214722,48.586365
-15.022411,-11.472647,40.741085
38.819801,4.996985,57.913387
1.767232,-19.225679,19.310297
-27.243658,-26.437296,52.377857
36.683208,4.690752,53.891701
-6.380386,19.885559,15.887669
-12.153470,-18.185488,39.308956
9.126230,23.394756,56.343433
-13.247836,-16.197163,27.444881
-5.612259,3.198414,9.000469
30.043930,27.463556,44.974937
10.499622,27.213253,54.022858
30.981474,-18.289991,32.704899
-48.040405,26.014914,39.810261
39.412136,16.584627,47.347904
9.755837,-20.064045,34.612034
35.390148,2.598564,36.208645
-9.545201,-18.513422,46.259781
36.323555,11.538960,41.945320
26.586967,24.062204,36.873074
36.890274,-18.621197,50.614048
29.049997,-7.427933,52.257900
40.541130,-7.012946,53.103886
10.639593,-22.446011,40.572639
9.196834,28.701736,54.785412
-11.091007,0.017488,4.214046
-5.084684,19.497087,54.490032
-33.614201,-0.603683,26.672642
-16.486872,11.294514,32.711243
14.405088,-6.168302,19.317570
25.541859,29.642271,58.901493
35.207718,5.479653,58.835423
-0.485877,14.817658,27.664623
15.529317,-1.505742,15.666372
28.151619,-4.611755,41.774746
17.059599,-12.061360,29.556982
20.882803,-24.523596,48.574181
-11.368505,-17.568291,58.463177
-11.396349,37.134808,38.789955
-15.214737,6.473514,6.504598
13.715850,33.387802,50.509094
5.902054,-23.658775,20.132376
10.712934,-13.209745,28.115337
36.011806,20.700577,46.815338
16.915192,0.101662,14.150537
11.256361,-27.476717,51.606529
-9.890882,6.085274,12.530543
-1.290885,-18.601480,43.124035
35.409328,-4.850842,39.773121
26.083776,-25.847406,53.935295
-0.207416,33.397228,35.447155
10.189042,23.456480,25.396542
-2.040104,-19.775351,40.506123
6.241948,2.681125,3.622401
42.883129,-11.584433,57.698948
21.115421,-18.847597,48.558369
-4.846984,-19.931622,39.221004
-48.965294,7.089092,46.896221
-44.661068,14.962432,33.145870
4.165692,18.680519,32.616322
10.847666,26.834427,31.498852
1.170157,-19.622337,49.950253
-11.407427,17.422949,57.733810
3.506469,1.470645,5.421601
-42.046112,35.178654,46.464561
-21.533943,6.376420,32.674210
22.727724,4.230289,34.182972
-51.292137,2.080609,50.652740
4.155205,15.437871,8.880478
2.504555,24.493862,41.723366
35.440624,-4.183343,49.832493
35.361061,4.729489,42.030071
21.220091,-14.763755,33.365334
26.546511,4.093826,19.867067
-22.045221,4.456118,30.278568
32.728775,3.097807,50.929134
-14.062845,-8.612628,35.096092
-21.966202,-2.724159,44.069908
-41.674175,24.039991,29.114080
16.690874,-20.566422,50.156731
-13.098002,5.219333,50.445896
-16.035986,-1.820464,44.212326
25.022093,-14.857044,41.552456
24.047369,18.417311,46.584480
21.743856,9.680295,36.941708
-16.566772,2.928602,42.966045
40.027954,-8.628629,43.673145
10.739133,-7.632048,20.360691
25.713009,28.031767,45.802868
35.108280,-14.963948,49.169300
-5.781353,16.090309,7.499940
27.960400,-6.138225,28.052523
15.960658,10.920603,27.609459
20.279430,-15.571099,30.492901
-5.242920,11.804721,59.327328
-50.077137,-3.248921,50.155510
23.787046,-14.730433,19.621046
26.890215,-15.685345,42.236546
-1.823837,-30.674774,53.817425
-2.290447,32.395378,52.950397
-2.813822,-20.088169,47.935772
-11.003643,4.776372,4.762549
26.808994,-19.403734,46.791218
-12.043126,-1.216760,17.559200
25.194889,-20.965183,41.974823
14.564094,-15.340687,35.251339
37.967754,-14.291110,54.556805
29.396324,-8.862712,38.059662
-7.057695,10.243636,20.032677
37.705212,-6.112615,59.240086
12.636694,-1.164105,16.832899
24.828987,0.732085,28.270315
37.454018,24.555460,47.844410
37.368904,-8.982746,35.618042
-11.148520,-11.936593,31.071671
-50.721001,20.018005,45.645885
-7.802668,19.526777,53.808445
35.912380,-20.323883,52.051605
-31.406197,22.485510,19.573351
26.196152,-2.876920,39.027313
1.951229,-26.748116,34.717682
-0.159564,-29.520103,52.341938
2.952163,24.095570,35.818035
34.516529,-7.646958,44.287212
36.145370,6.442574,39.723110
17.243898,3.449981,14.083600
34.362774,-2.125286,29.730003
15.584601,7.389453,9.555956
8.975684,13.530102,20.804892
-19.372093,-14.545396,43.911724
-1.940223,19.674576,33.392303
-18.157114,-8.852391,35.868313
17.076799,-21.067627,39.277115
7.265081,-21.869947,22.070650
-7.992590,-15.733560,30.394779
22.580450,-27.585375,36.648746
6.122466,28.249962,52.560963
34.519855,-16.140844,60.034504
20.414536,11.231443,31.336664
-36.097473,38.856438,43.706032
24.154408,14.075884,23.044188
-47.563972,-5.724368,54.927448
-7.769619,-13.795802,10.327456
-16.971586,1.107973,26.962400
36.701099,-4.647145,54.147602
-14.052063,-1.825539,41.317699
-15.199241,4.028037,47.056683
-13.102386,5.448864,29.417406
8.768890,16.664751,24.025478
-4.277682,37.675957,41.218964
13.565760,6.078661,21.814835
5.249703,-20.345366,44.722752
29.418203,9.226579,28.435684
-4.694818,-13.589415,7.771813
-17.647404,-17.293032,41.825893
25.791533,16.788731,40.991909
-14.651453,13.545588,43.545135
21.998487,22.237743,47.383511
17.362125,-21.214970,41.931427
8.259805,-14.916676,27.382313
-12.302629,20.910227,31.110117
23.082403,19.277374,34.170139
18.154675,10.779895,32.638386
-1.605500,17.061024,24.409811
13.854497,11.124556,22.260225
13.425241,-10.844790,23.339655
43.813168,-0.956260,47.009251
-13.534729,16.289246,28.529202
34.341927,20.821007,52.239849
-25.026009,-8.377576,24.504992
-48.259338,22.165916,46.867935
-14.530621,-3.859054,21.129290
27.209955,5.482333,33.583881
-21.632006,-29.172253,53.658966
-38.066246,29.095591,29.196774
-13.136206,3.759076,16.414948
26.244495,-8.713710,43.835869
20.722441,20.845707,47.497326
-16.166117,6.464746,22.968866
-7.823197,20.622686,22.100500
21.369379,-16.686043,22.675999
9.483737,-29.194527,48.539707
-5.204652,30.117838,48.980640
-12.664269,7.804393,16.782410
35.381783,3.583961,39.905830
34.813396,-0.495602,31.538122
-9.858113,6.244237,57.033497
-1.122916,10.681690,57.307320
30.031576,18.071804,47.899368
-1.666963,21.933186,14.757839
-8.814734,-21.564096,40.131748
-12.397091,14.922002,48.684174
31.624666,3.684530,54.894928
-4.521569,-10.977044,9.000656
-14.053147,2.079446,10.547725
-10.081694,8.011212,7.915101
-4.647044,26.713444,20.640665
5.571974,17.505255,12.185359
12.394943,-31.223801,41.184303
9.826136,-17.885077,35.347164
45.588543,5.141278,48.944775
47.314346,7.410031,55.160866
40.598701,3.448868,38.010891
34.622368,-11.825352,55.755589
21.404451,31.698130,48.703598
21.484095,31.673643,55.756905
8.734424,-15.021384,9.766015
-15.926167,0.717946,29.805954
21.307432,-14.126390,42.727425
31.979622,1.871680,49.370731
12.983995,-19.018673,15.790490
32.305485,8.198400,49.903347
23.541117,25.316095,38.793591
-10.452541,36.023640,32.037457
-13.481548,10.682071,9.201636
0.113335,17.121214,57.450577
-9.099494,5.534159,3.699222
-21.797819,-12.515022,32.020012
-13.798965,19.959219,43.192959
-4.674829,6.432160,59.719067
2.296781,-31.470848,49.976357
-17.806032,6.058212,36.254471
-20.001101,-12.420031,23.412922
-7.693054,6.633077,21.709742
44.884991,2.664820,58.139919
-31.929438,39.272152,42.690342
-3.859918,-28.113266,54.688255
21.991880,24.425966,49.628765
1.183643,21.884474,46.445557
-14.741158,-5.591929,57.192162
-6.699749,-19.444286,17.902662
-7.466603,8.435040,44.137535
6.746058,31.707397,56.346149
0.386647,-19.885490,37.842632
-16.632002,-2.029759,58.142693
26.309622,-16.258455,54.635769
13.371176,25.209564,49.278366
19.453047,2.030361,23.356174
-15.130511,-3.093240,38.748047
27.437963,-16.233990,56.583195
-6.909560,28.492090,33.545044
24.648249,33.753960,58.042549
-0.429120,36.198288,47.415627
-3.982576,9.025779,59.530678
29.984648,8.622636,30.568928
39.284431,6.680562,51.648926
37.731201,-9.772769,47.403122
1.852271,-25.125187,53.618969
8.458976,23.783699,33.900639
-1.463344,-22.650188,38.293446
33.560772,14.121560,52.244148
-1.092499,-25.147432,57.770733
-14.439924,12.474223,31.414301
16.992571,-31.708838,46.147480
0.056239,30.424879,39.904644
-0.050967,6.203622,9.551782
21.488297,-4.171446,27.257851
14.119319,-19.076746,48.656483
19.670588,-21.991785,43.374260
1.979553,14.142442,17.331745
-15.163033,-14.532454,38.002979
-17.748911,-8.638008,33.106407
-3.607997,-22.916206,39.506905
27.833595,-12.086281,45.669186
-7.250047,21.876930,53.168808
12.463695,4.219450,20.656616
2.796090,-16.211828,31.202206
-16.355009,2.544207,22.697805
-8.366298,-9.399941,8.302184
-10.897398,-22.315073,41.084454
21.109455,-7.173355,33.662785
29.937271,22.948681,39.483517
-10.555244,-30.766924,55.300251
-19.843388,-7.580983,32.114014
12.391932,-13.383171,29.905865
20.624001,-29.817137,57.197342
32.351254,-8.814839,52.506683
31.858519,-10.102933,26.527225
-18.483791,0.476236,36.495441
34.538631,-16.092533,45.490086
-13.795308,19.353470,34.604946
23.019159,-24.801687,42.371845
-13.271548,-11.403922,44.044220
-11.121811,-0.862372,15.158425
35.642521,-10.598277,32.263321
34.852562,-15.356494,37.594784
27.049702,-3.716321,44.644855
-12.670695,-11.969152,15.313305
-24.531616,-15.363760,35.099087
-19.944061,-6.248701,30.363005
17.684483,27.998663,35.412987
0.556622,-28.433146,31.553808
32.110241,-9.159225,37.176895
-21.071281,-10.183632,43.423546
13.661248,16.132683,34.667770
30.963863,0.018306,46.903809
-0.629096,-31.219961,48.832520
-4.257588,27.087177,27.005014
30.259361,-8.058274,45.634594
22.776525,16.066181,39.884560
-7.995927,9.905807,33.493698
-17.781599,0.750167,55.518127
-0.211791,23.874491,45.038143
-18.676729,-16.271049,38.005390
19.125723,28.023832,59.905766
17.578562,14.680991,32.373241
-5.593027,19.340767,50.839062
-2.305197,-24.815973,51.132389
29.985716,4.011231,42.521519
2.129905,20.072872,19.867043
15.957289,23.889534,36.088707
-8.265952,-6.998658,4.343679
5.823375,-31.954988,47.591362
-3.561808,-18.030176,32.890186
21.246330,0.855302,27.374281
30.874723,8.162280,25.941423
17.782299,23.670443,38.622726
7.921602,38.421097,59.623119
25.389053,-7.204593,42.844311
0.157474,-27.054518,37.177711
25.940981,22.297520,42.491875
27.054384,-7.250469,46.911201
31.028116,-14.708891,32.960506
14.304510,0.494269,10.502746
-6.809696,-15.801264,10.550539
39.071213,24.284678,51.325890
-1.271828,29.761625,57.548450
24.744404,30.437311,56.206501
-18.027481,-29.216801,52.969105
26.876369,-4.522234,19.168177
39.131313,11.830082,51.597797
24.260220,-6.884803,37.641605
-31.347942,8.045012,19.807110
3.824483,-19.255371,59.668015
-15.377692,-16.582943,45.461613
-6.343597,10.244802,15.884768
22.423773,-3.476048,33.854519
32.336491,22.928471,42.152054
-1.577706,34.666458,53.257488
-8.742785,-25.055807,42.408184
-17.652411,9.865965,8.142401
-6.202379,-17.390175,24.826448
-1.129575,17.363869,11.656496
17.196957,-22.255947,45.926720
-48.894199,2.059899,54.567032
11.363755,10.768657,16.324041
33.592052,17.974012,44.208347
35.002098,26.420116,51.763012
-4.979595,7.330556,3.645089
-9.357578,-13.832795,35.232143
27.314442,3.488007,40.077156
-51.546890,9.688038,48.277370
-2.623414,14.112875,24.405487
28.426249,-4.888197,30.973372
21.022970,23.025583,48.801788
-10.583282,11.730960,19.885824
30.590385,-1.912741,49.636810
41.034012,-3.283311,39.249329
22.734272,35.654797,59.503822
-13.624096,-14.238782,33.931564
-1.697982,-28.525513,36.090061
33.193489,14.139339,59.670555
-32.637077,-22.031967,46.727314
-2.346234,4.165751,4.739342
2.983071,-9.922165,7.776361
30.221272,-9.491547,29.660440
-5.326331,20.811443,27.941481
3.202005,32.043541,59.489170
27.797266,3.641250,34.526577
17.832266,-9.656906,25.244263
8.114109,26.717999,40.278610
-7.478340,19.637299,13.974027
8.375140,-8.871725,8.664295
9.270574,6.898937,18.142612
29.346973,-16.967163,33.131157
15.108777,33.735481,52.804401
-10.448553,-8.085121,53.801140
4.478461,-23.453150,56.373161
-11.960712,20.439455,52.539680
6.126136,-10.271556,10.894417
22.970705,20.621603,31.763067
-50.534721,13.917955,41.587830
-17.566708,1.942008,13.530069
-10.209537,-21.116249,27.795437
16.751225,24.255594,33.450539
19.458931,-20.332100,40.408417
8.858453,29.962139,59.550961
-8.970292,14.070364,44.008400
-36.316673,19.951513,22.651257
-7.505375,-11.840669,9.976096
-14.718126,10.575023,43.815941
-45.483948,29.773949,56.973045
5.999666,35.337517,44.060226
-16.048651,-19.804674,37.179058
37.128017,13.260698,41.695240
34.217766,11.117769,54.944786
36.689362,25.815903,59.680710
-14.194682,-17.324583,32.094986
-11.803613,13.060697,24.697515
-3.109185,-3.714443,5.525747
31.549774,7.293195,38.073013
-7.659161,13.519257,5.317093
-8.836388,-26.585405,48.047962
33.263985,21.888115,57.535439
-51.744339,10.912317,55.705925
3.034467,13.071491,22.794975
-29.505516,24.105339,18.872171
2.294147,25.379240,59.629555
14.019736,36.963417,54.615154
-21.581999,-17.506853,36.488098
15.625671,-16.158119,29.443640
1.048832,19.665783,31.875872
6.604099,10.365904,9.710386
11.588343,-21.074047,26.029125
19.837334,-11.987755,14.635498
25.531857,-9.472336,26.539778
-1.685047,16.137623,32.308838
26.802589,-23.228018,54.406368
27.587887,-15.038137,35.333309
-10.683673,11.529090,45.114723
-4.031563,-28.738466,42.860886
37.126926,-11.060018,56.271755
21.361189,25.468761,54.738647
30.060583,-18.514875,30.695391
-16.678564,-12.356927,36.868755
25.837452,4.075611,29.752748
-17.914621,-11.906903,32.431721
-8.335237,19.915928,39.461040
4.215129,25.824898,40.454746
-5.697240,-29.921129,58.218990
21.881887,5.742405,24.616747
-16.513550,13.776570,47.997635
-17.309231,-19.829617,31.446726
11.831930,-19.382643,49.791683
-8.594719,22.584881,55.406258
37.047859,14.152693,48.626369
37.703320,17.017988,52.505985
21.513262,0.782099,30.626829
24.072346,22.731092,35.341225
-7.409658,-20.077368,28.285192
22.273123,-11.851348,41.989590
8.045506,-29.938192,35.159283
-16.187395,-10.871983,22.239584
30.384630,-9.105831,51.087715
-4.024382,33.827457,45.149483
0.575729,-19.973295,43.751633
22.702501,9.766084,22.146486
-9.036285,-16.957310,27.570917
-4.758706,-23.862411,27.538157
-21.477388,0.437863,35.310673
12.749443,-11.760238,16.738770
-14.178112,-15.838198,48.250732
12.746541,-14.897384,16.876894
-10.462973,9.369823,24.259033
-13.192214,-0.646231,54.538898
-13.960251,9.961669,30.874811
-18.514086,6.485516,33.857178
13.652680,2.772075,12.848475
31.687939,-5.949356,29.157375
37.437447,22.567602,43.099621
32.544430,-7.783274,46.313835
31.367065,11.388535,45.352398
-34.026066,-21.860298,48.199280
36.984142,10.622077,44.474052
15.768408,-18.568371,51.939831
4.780114,8.655321,8.918772
12.906290,-7.792191,19.033876
-10.048003,-15.445633,41.217728
32.796513,1.344311,29.417639
-11.853109,-9.331089,13.507615
-17.414286,-14.748929,32.537003
30.194880,-16.643557,28.871290
8.141602,2.265539,13.001408
-2.059929,-20.377960,44.477287
10.811254,25.504284,38.309898
-6.435570,3.367712,52.894291
47.092793,7.782985,53.099190
11.682349,6.670332,20.975853
3.069590,34.235703,40.509663
-4.727012,8.899822,14.635218
26.355095,22.611084,34.016010
9.259891,-21.836172,55.896370
-9.553945,14.039258,33.378712
-22.548988,-10.151596,31.741165
27.311419,-14.867712,37.395947
32.619198,5.035272,47.303730
-43.664021,31.897776,59.646397
39.272125,-2.101574,45.218632
-5.197245,-19.052702,31.813250
-18.809465,-18.245073,30.288239
-16.515306,1.764483,7.633736
21.798746,27.473436,34.911510
23.199469,12.805831,21.321310
41.319744,11.036804,59.633839
28.116510,-7.112953,44.573620
-31.599642,38.423561,36.629093
-2.211519,-28.667570,39.751583
22.926538,-23.306103,59.980392
-7.254686,5.980079,7.708156
33.028702,-7.823226,50.275745
16.703012,-12.649611,24.880165
-1.774405,-16.273401,53.318367
-2.327195,-16.394558,33.372082
-14.665325,-20.563194,27.015867
-5.589351,12.332641,29.764465
15.081396,-19.453629,50.326786
16.692696,-18.386755,56.645927
14.358570,-9.286626,13.798779
-14.448458,8.742953,29.316940
-29.410456,1.973008,21.044708
-20.801636,-8.193382,39.442616
-14.628374,-15.849959,21.222673
-0.825040,23.120092,59.323265
16.163673,-7.200239,15.521705
-2.723899,21.447523,27.685032
23.583227,-2.886397,27.094822
-11.418082,-22.321817,35.043797
-13.648641,-17.519873,19.974316
5.590143,-27.336742,26.462095
-5.884952,4.711382,59.731239
32.114147,3.774050,44.478416
16.620462,6.279952,16.925730
21.833427,-17.214949,47.151020
-15.728750,-7.751770,16.049421
18.237192,-23.557154,44.311638
-51.484776,4.733343,53.885437
-5.921640,-18.421913,27.106798
-3.422163,-23.295843,19.369780
-16.324749,9.881067,34.905041
19.468792,13.675976,31.630178
18.812380,29.318115,42.042305
23.924202,-2.314306,17.625244
22.802265,38.525616,59.902687
-1.331029,-18.184387,14.399665
20.382473,-26.005798,53.983051
28.976213,26.719652,52.586185
21.177868,-16.856674,42.088192
-1.076920,-20.754955,35.954575
1.506501,-21.292347,48.803059
-9.574357,-18.980299,28.983290
31.998064,-23.741905,54.555717
23.014099,-25.632725,33.719967
-11.213638,18.458618,52.147667
18.222649,10.662523,18.235941
17.560064,-5.335285,11.633302
-5.173492,-17.284416,58.993694
3.102014,22.248503,59.559727
-6.698219,19.335377,17.840014
4.523463,23.703260,55.303265
8.041488,29.515121,57.072231
29.579372,7.148339,35.223114
17.614260,31.869690,54.285084
28.849329,-6.271577,59.716171
-3.211219,17.307972,14.508501
7.521972,-22.624336,33.373241
-14.955129,-6.801948,34.156063
24.983105,-13.377203,50.019337
-18.756310,13.248836,32.818508
42.305794,-5.769358,59.637207
29.884645,8.435140,51.518116
-19.006313,-16.419125,33.367165
33.256493,-3.114585,27.189451
33.202663,-21.586601,59.632565
-9.398802,27.650232,59.601524
-5.920648,23.141802,38.113625
24.918730,-4.715990,22.849739
-10.283033,24.845688,38.865501
-6.743597,-23.442919,54.909569
30.012560,30.387335,59.584118
10.657122,1.354363,9.310720
-8.890151,-11.595654,51.042683
14.854030,-28.970646,32.605843
-1.608598,10.171614,12.710379
12.768377,-14.576975,11.901696
11.402707,-26.590567,26.365200
8.956746,28.006432,46.174755
7.888475,-15.825967,32.038197
9.843788,35.402874,50.035576
-9.224954,-11.310996,11.319732
25.712320,-15.314382,46.033497
1.149958,-27.819714,49.872681
19.760925,-11.764076,18.474676
29.852915,10.428830,34.124126
-4.264849,1.496461,6.609492
-45.186443,-12.396580,55.367199
-8.698125,15.889580,11.674653
2.299608,-26.616692,39.372768
-14.050700,1.354268,15.374569
8.754050,-29.625025,52.726082
35.487083,3.953904,51.849606
30.674873,20.196831,52.922596
-14.675782,2.346208,28.153782
-10.350853,2.309222,59.464714
19.995260,-5.805575,18.135469
-6.562963,11.917138,43.069633
-11.173074,7.912254,20.528357
26.485630,1.769050,30.515621
-17.144537,1.676076,57.697601
-8.951214,5.191872,49.034245
-18.000004,14.483973,35.331375
44.973232,0.766670,56.749729
41.124569,8.176682,52.834782
29.087725,29.757908,44.857555
24.652348,-29.632113,51.389549
17.105473,-24.037790,30.549641
-16.457823,6.169567,14.331962
8.049769,-4.771732,5.478836
28.080349,22.755932,36.503536
-47.864307,-4.144453,49.049576
-9.533566,-17.718206,24.871374
28.606960,-3.468456,28.865475
28.560932,19.588768,48.804302
20.193710,18.864660,45.533367
15.339657,31.339176,55.253506
-6.431209,15.232759,12.245301
-10.976865,-17.928909,16.906584
-7.970846,-13.614130,47.650181
-3.848831,18.377174,42.931675
4.716170,-29.793655,43.290569
39.789730,-10.197971,58.195599
3.986566,-24.867813,36.402351
14.164158,-13.272843,18.108650
-23.903551,19.862879,12.407206
-0.492078,36.470963,50.771191
6.242424,10.750853,6.018797
-21.826874,-18.603836,41.100372
5.739183,-19.313318,56.341518
-50.512722,18.660238,54.885166
10.014013,-22.612879,42.568966
-9.922331,-29.547508,51.502880
21.335342,-8.211243,22.888454
18.507410,-2.035934,10.473427
-10.238968,-20.318960,52.183041
-5.494305,11.855488,19.953045
11.889161,-25.386114,30.409130
-7.878244,-18.326950,35.650784
23.160841,-4.109786,18.894293
-4.379298,25.700319,56.612034
8.085198,-18.567877,16.384817
25.552406,26.206789,40.495995
-23.921761,-3.182398,23.971350
15.415208,34.695076,50.876442
6.881282,19.891579,18.490490
25.442862,-18.187702,41.352413
-14.052845,9.901713,35.735435
11.908085,21.489378,26.461998
-21.467258,12.483213,9.767836
-1.724956,20.623508,37.829063
11.842149,29.774883,54.263165
18.236746,3.825718,18.792442
3.397930,-11.735813,5.328864
-3.940208,31.663357,55.740318
-18.865532,-14.360171,30.605398
-9.110117,-13.028237,59.899593
-1.802049,22.922579,36.740765
23.279764,-18.527674,38.763798
-18.192829,7.068176,29.571606
-13.363174,-9.643400,22.015104
2.082647,-18.263470,59.222572
-33.848679,36.952885,35.775093
33.901253,-1.524081,42.226852
-7.153161,18.989859,35.464458
9.135472,26.863129,58.126480
24.156137,-4.824971,32.537731
-3.635444,-15.208328,27.356367
12.336029,26.721786,39.206997
25.337271,18.055243,32.030941
21.716700,-21.541039,40.890636
28.224192,18.782124,41.634098
32.632233,26.558207,42.294746
-13.306415,19.202009,50.951050
33.280354,8.776330,57.700500
-2.207454,31.027899,34.087276
-9.369477,-28.502298,47.396660
12.556056,-29.068605,51.377949
-2.518208,5.614799,59.699535
15.422600,26.659182,35.659386
-15.538976,-0.931240,23.662134
36.073505,-18.967020,45.149399
0.849785,22.719065,36.690651
32.733715,-3.064598,44.909012
12.493388,-29.778259,34.158714
12.715465,24.136198,54.009895
27.061537,11.193474,26.391827
19.223820,25.312538,44.766823
8.517296,-19.977690,31.981043
7.763093,32.356537,50.284973
4.305397,13.351652,16.818050
-2.191789,-21.959087,50.127464
34.142456,-3.319326,52.183842
1.379921,32.369091,50.429253
-7.363837,17.468933,16.305483
-11.947538,3.430234,27.019157
34.022942,-3.625654,47.308567
-49.132030,13.587013,59.426876
-16.173700,-3.135818,36.538197
14.106359,8.975883,26.506372
15.841457,-12.268456,13.730459
15.085062,24.531017,52.305878
14.998940,27.538408,47.923409
-9.248086,8.569571,36.880405
-20.635370,-15.452385,28.479830
-16.387215,-6.695510,18.581406
28.672306,1.873354,21.700338
31.340546,-6.532706,52.747189
35.035110,15.605021,43.136871
14.802280,24.479359,44.217575
-10.323484,25.729244,50.505074
-10.616442,-12.449760,19.413740
36.698948,-5.582127,51.175117
7.106493,-24.183083,37.669964
-9.426453,-9.343087,50.088314
28.007349,5.872509,39.719479
33.909088,-10.525471,34.530548
17.408823,24.246197,40.572971
35.598995,-1.312656,48.971107
-9.091538,-16.590731,43.514072
-10.245887,18.710817,40.303688
-49.079258,4.139574,51.498817
11.628745,21.400274,38.130184
-9.564884,0.444207,8.240186
31.175278,-14.807374,40.724342
2.777882,27.497513,59.552021
-6.152126,8.527990,10.228499
-51.028713,4.019225,58.105015
-22.790358,-13.925140,35.791977
14.538654,2.800046,10.404963
21.275621,-13.392790,44.817577
0.156545,-26.276283,26.961185
-9.552531,-1.971505,58.486603
-7.891968,-16.828352,14.732656
0.448239,-15.814068,30.628227
10.604986,24.957354,49.833374
36.101738,-8.739539,49.317558
18.799286,-19.827438,49.963844
-12.523891,-16.988255,34.632847
-9.932969,-9.044911,9.585033
34.151814,18.269983,40.608612
-8.186093,-20.846428,30.508503
0.262584,16.452337,28.595980
28.540478,-8.832558,42.748444
31.737764,22.349487,36.068764
-18.663183,12.780654,7.978852
-13.753070,19.460855,37.799244
-15.464177,8.645569,39.408146
-20.608406,-5.285030,27.878292
31.276466,7.179253,47.433609
-13.307531,20.739317,36.151131
32.956238,-15.003670,36.804447
-11.761585,19.429529,38.821251
32.450134,-4.719101,38.559128
13.668129,12.711804,18.191689
12.818602,-21.588945,34.878399
-0.346202,21.715561,32.818363
-22.524097,-6.014987,32.725925
30.803467,-18.461817,60.174976
-17.531710,-0.765279,26.549522
-14.855268,18.431910,36.249191
21.267130,-16.570335,37.496761
-13.706203,18.346643,39.829643
-10.858963,6.679820,44.565067
3.757136,-1.306302,5.294681
27.070425,-26.405239,51.035965
10.460656,35.520668,53.545193
0.332787,-17.933474,11.211960
-6.463406,-5.790249,6.172018
-14.233132,0.756361,8.819736
32.774513,0.760767,42.680424
30.997990,-0.139361,35.732044
21.540863,-22.024618,52.274876
26.905796,-14.732773,39.880909
10.895633,-11.366601,8.233683
13.694641,14.523910,25.207479
27.180132,-0.300273,19.247280
45.836201,-1.940661,53.567513
24.910357,-18.145916,47.075718
-1.127009,32.455536,48.330193
43.105461,6.911392,52.453945
19.231926,13.996877,21.078505
-3.873544,-11.504567,16.282284
18.506224,29.694548,36.560848
11.217834,18.235561,19.967278
25.211884,-15.525742,52.559772
14.794265,31.508278,48.645302
21.229668,6.002448,33.960194
23.538437,-18.835291,44.947475
-5.773667,-14.775082,54.540131
34.554615,-16.014107,41.015781
9.330534,27.115423,42.202549
-10.179818,-21.397657,43.141144
30.209087,25.674076,59.509060
33.206108,-5.600806,43.664925
-21.044481,-0.166917,13.486876
-9.901100,2.646259,44.602081
4.730819,15.577179,24.013964
5.252441,-30.713951,38.600456
22.663153,-11.224237,28.628067
-1.575577,-27.380346,53.218746
11.548835,-9.348679,22.659134
-22.196741,-10.700755,37.616409
-1.894813,19.006229,55.302067
-51.569004,9.231951,52.256237
37.478466,-9.719366,45.054783
31.143259,5.417093,32.621670
3.637152,34.938240,45.264149
19.324272,-14.076483,21.590900
11.320102,24.439993,27.410610
-14.732667,6.713264,33.381977
26.950384,-22.655403,56.153404
-12.819378,9.053203,13.931556
27.388279,26.588711,55.639404
-8.634208,11.968379,30.430632
10.291320,28.098103,44.403000
34.612923,-21.223785,44.897816
-12.990843,-23.009905,41.963295
14.740161,-21.488682,49.730980
46.262749,4.249966,55.030884
16.375372,19.862673,23.197987
-0.332339,5.723076,5.210328
7.412208,32.441628,44.504223
-14.255771,6.011440,31.335110
-14.360185,-17.393290,52.244495
12.894617,23.262890,32.842854
33.954517,0.886671,36.184879
20.030405,12.309325,33.956532
-4.741519,-31.133751,55.945995
-7.450742,-17.989546,28.474880
-15.605770,9.149282,59.758034
23.558222,-7.654877,28.946512
1.709677,25.750582,39.281647
-14.232884,-8.199423,58.142323
-20.187897,-1.635848,36.997372
-10.350649,-24.172249,52.379559
4.095291,-26.370646,55.462288
6.253630,24.619368,57.269173
42.451439,-7.113030,57.007748
15.239119,-13.070292,21.923149
-15.202009,-4.988308,35.670589
4.548395,33.078358,47.634903
19.256540,-28.720024,51.603016
17.402382,-16.716370,26.299728
8.509768,35.919380,44.789104
10.569600,25.932514,56.196945
3.100003,7.194319,11.412371
-14.290014,-1.557909,35.445679
18.876738,18.345505,29.603373
-15.954913,4.546389,59.639530
20.486563,-26.233389,43.655586
4.270856,-26.957073,42.603409
13.211930,-15.645229,29.350294
35.900150,-2.059280,58.315289
-16.255653,-14.760514,20.058083
-18.196735,-2.763376,42.004765
-3.141880,15.443129,6.990448
-5.463016,-14.690083,25.214108
-27.711702,34.614094,32.406590
-1.870698,5.458126,10.317692
16.054039,36.483238,59.628212
33.792843,7.394154,35.247673
0.424173,-2.945965,2.470688
-16.998709,-10.606570,15.908808
27.962904,7.595239,28.267244
-8.451427,3.083308,15.020482
10.638366,-19.802568,28.143904
-8.141805,24.188330,59.990173
-7.716945,-19.137045,24.489500
39.253323,-4.048667,51.803776
-17.357693,-2.582352,53.540932
-6.206842,25.941078,54.506126
13.916183,-16.451670,19.280485
27.842901,27.793264,57.384823
34.970737,7.414891,33.205673
-14.874657,-12.766619,56.946785
2.396097,19.872715,51.043999
27.877285,27.228600,38.698788
27.896101,16.772509,37.861633
3.977090,23.924673,30.355385
18.304529,-18.516247,29.389271
-12.065527,-0.496227,6.181631
35.247452,1.084885,46.257175
11.524055,-24.697435,27.636539
29.292580,-12.550094,31.006041
19.127916,-18.024054,25.309391
6.328935,-19.749613,37.052048
26.225330,10.303596,22.513140
-8.451744,20.053764,51.310513
39.438484,4.968782,36.017502
-15.282808,-9.062778,31.139187
-43.722565,13.679942,30.486614
34.799377,10.380734,40.183918
-19.955418,-18.226616,32.291237
-7.199690,11.652922,45.985870
30.140568,-9.743584,36.207722
28.146770,17.029800,44.655624
23.000879,-19.250137,49.778187
-13.059592,0.467560,16.947865
-11.821163,15.584177,20.760672
-1.658988,19.336973,36.193298
17.915482,-12.480956,35.107613
34.639889,4.475437,54.040577
-22.375156,-7.922310,21.949057
36.324989,13.471066,57.255512
29.354240,-16.310383,50.548130
32.146671,16.025976,57.050240
30.385902,-6.617643,43.365681
-6.084489,-0.528259,55.188442
31.151501,9.899596,27.258766
36.979996,18.511055,47.542492
22.856127,-15.801451,23.777037
-18.603382,-9.540050,44.576176
10.327778,14.835569,16.376524
-46.436836,-9.184094,47.177219
39.216263,17.466749,50.975033
-30.036385,-19.698523,41.518345
0.637964,26.485538,43.447540
-7.131216,7.413359,46.250946
-9.548579,5.128613,54.281986
11.300062,20.498804,40.287933
-4.076934,-26.448740,30.063030
31.204622,20.340769,46.075294
43.394455,-1.829968,52.912098
17.272055,-12.119686,22.110586
16.953342,-30.142641,56.775024
39.734425,-16.388065,56.324886
6.994979,19.582577,34.959751
-34.243683,30.162043,27.656109
-13.921859,15.220285,40.421696
-5.709840,-20.625399,27.411682
-15.556322,1.236747,12.789052
-18.073032,5.581748,26.100365
13.290808,2.689001,6.778122
-12.187055,-10.459526,36.145512
13.068058,30.948479,52.337814
-16.388090,-16.548565,22.342594
45.594444,16.471813,56.558048
13.409359,-25.588329,59.857895
17.130865,-25.079208,54.902233
1.341157,22.626705,30.801424
43.903568,13.339817,51.035156
-6.919682,-22.048582,28.949284
2.183244,20.438879,34.506458
28.248541,-10.580666,55.903568
8.580436,-8.270877,18.264818
22.073427,-1.719745,28.547859
4.372524,24.017363,45.537556
-15.251274,11.301522,57.383919
-6.524679,-18.773731,48.145130
14.599659,1.199495,17.146423
30.957369,21.568073,44.431599
-11.508555,-20.241663,33.194012
27.789721,-3.663732,22.225546
-6.510091,-9.137595,58.921860
-7.700708,16.517391,33.977325
-12.749735,21.739244,42.483135
-13.670671,-25.266182,49.446247
26.691307,24.485493,53.489998
11.398244,25.018064,40.542564
10.058650,-26.304747,48.109173
29.091677,-6.178813,56.648926
38.770050,15.426385,43.528744
-11.092265,3.408382,46.610058
16.980364,-4.650012,19.357927
-6.848187,18.733896,55.728317
13.191863,-3.854604,9.694568
41.026283,17.235107,49.202961
-5.275620,23.788364,50.242615
-8.320235,-7.084614,15.187309
-20.637589,33.970631,29.463007
-49.482422,-6.878885,54.930809
32.918888,-11.211246,52.801785
24.075647,-22.544640,39.440037
0.643233,16.354311,52.419819
39.254765,19.362257,42.674980
13.754409,-1.859781,21.459055
5.334631,-28.389868,39.058376
-5.095632,21.897539,47.033852
-7.642973,-23.823095,57.915543
24.050386,12.821201,29.599203
-4.163953,-26.149734,57.854782
-5.540567,14.150111,54.254833
-5.536883,8.406198,21.204990
42.071747,8.825078,41.051174
15.025156,25.172550,47.545120
29.035772,9.073630,37.946125
29.635540,-0.169844,28.738836
10.387360,25.947159,46.840820
16.323795,-19.335968,48.314087
5.202256,-13.660376,17.923832
37.364662,7.670652,33.288689
18.203638,18.978142,44.460861
25.877411,-1.182743,32.899277
11.323778,24.723961,31.412764
41.984688,5.192735,40.901936
29.054665,6.777698,32.403980
11.527658,14.534794,13.243402
-17.545465,-0.158626,30.996618
29.038910,13.875576,38.447430
16.917948,-3.470590,25.741535
-9.797359,10.866038,47.328129
-15.047280,-1.905909,29.210085
-5.189262,10.969878,4.381676
24.204941,-26.258657,35.626369
-7.158142,23.562401,44.466999
5.716080,14.933583,19.917086
-1.550931,-25.783352,36.274708
2.858861,26.836573,51.217403
-17.738453,5.792466,48.494881
20.317381,18.320133,23.480055
21.866800,9.949440,26.109728
26.469835,17.684580,46.116211
6.244867,17.830263,32.839375
-17.359964,-15.388160,47.391811
14.187030,32.817833,47.009068
37.671658,5.588735,47.658146
1.703882,36.700272,42.282467
0.457778,37.877747,45.872486
47.775879,5.536920,55.145763
-46.363216,22.157110,34.244141
36.920189,-2.947355,44.937428
42.393463,9.828613,46.080929
28.633942,31.204241,48.098930
33.152065,-18.765404,58.947536
12.645069,3.713231,18.648746
7.643380,-6.347202,10.352961
-5.561285,17.390358,33.943874
-21.887060,-3.230406,21.809267
20.220079,22.149342,42.061554
30.311430,1.547322,33.712906
-10.941785,4.644970,52.513817
-6.846839,6.121589,10.162619
-14.339710,-13.060541,51.494358
28.273731,17.101685,48.959286
9.040969,-13.092000,15.836325
23.359705,4.412725,23.195030
26.243275,12.889446,34.598480
12.840564,14.540355,29.237930
-15.594597,-26.654846,49.464401
18.055561,20.744772,32.301731
-20.423613,2.350192,33.363144
37.081112,8.232865,43.252018
19.363550,30.732426,57.411606
33.121300,-14.976408,54.115879
34.081902,-1.347954,40.107971
34.829811,16.186531,54.011673
11.650158,-20.895994,58.277676
-0.881530,-25.744843,38.467709
-15.126890,-13.554393,16.808928
-21.422512,2.192837,43.848301
23.167692,-26.966248,57.960991
-17.893679,7.356716,21.908073
31.127186,25.943783,50.820763
-18.983555,-9.121444,23.993645
33.221500,-4.408342,41.155155
33.793034,17.931038,33.816135
28.911526,-13.750778,51.707020
-44.415257,23.165367,31.411184
-21.893335,2.986642,37.422253
20.661146,-7.098091,21.279627
-19.457600,-3.383169,25.851189
-11.569467,5.258260,25.538937
33.313183,6.218518,28.202330
8.136280,-23.337864,35.572266
43.382786,-7.358449,51.971546
8.281544,4.159775,13.942299
-18.341873,-6.808090,19.539381
8.188973,-15.207720,13.201343
45.763607,-5.744005,60.051277
-19.309471,43.035309,46.248619
32.720222,-15.623454,39.097687
-10.170042,-6.326918,12.874321
8.099160,-13.795429,18.723688
-3.470739,14.579589,54.754345
27.724537,-27.039463,56.572197
39.984833,-8.648004,51.799583
21.500027,-28.173151,51.982109
-12.413641,-14.318942,55.092167
-5.812163,17.839279,20.596056
-25.446342,37.839684,33.021526
-39.798782,-24.550804,59.696339
17.206966,-21.809980,47.992695
-3.786606,3.693819,7.495740
-9.999255,21.224279,38.768806
17.578043,5.458910,10.245889
-10.520308,-11.682391,17.293753
-15.498137,9.252736,41.837452
42.010151,3.129190,49.850216
34.148411,-3.566324,55.469376
13.502316,20.817554,23.312237
-15.985398,1.793523,19.069937
-41.994877,-19.439997,59.639973
26.454119,24.801853,39.206867
4.297327,-24.839319,26.082441
11.506895,-27.688467,46.305981
3.086785,-10.836236,15.491994
-4.425880,35.682865,54.574604
26.980972,14.707132,26.785736
10.588378,-12.146544,25.107027
28.725433,3.977590,29.602314
-8.705197,15.843710,52.479580
27.026531,-28.555887,52.605431
7.934334,-0.720632,3.670651
15.013337,-14.010678,32.780972
-3.648903,25.547762,36.555264
-15.294263,2.752309,16.937569
-15.350769,8.724773,49.723785
8.853759,-21.351093,39.679699
29.731840,28.157312,51.032711
1.088649,20.836727,36.112225
25.139093,17.516182,36.272003
32.438042,-16.503986,32.634769
28.451267,-19.713335,54.640308
39.946289,-6.569071,58.972694
7.202903,29.137735,48.373058
33.612339,23.902166,59.676888
17.976917,-17.602201,39.280823
1.301720,22.439291,25.255676
-7.209067,20.885796,34.256271
-11.725969,3.194180,35.829514
-13.410246,-15.084493,36.163315
-47.753708,20.550369,41.533981
-13.905029,-2.021659,19.295633
-11.484676,-13.515165,12.821798
15.882710,14.433757,15.154640
31.213585,7.159614,53.998928
-12.037556,-22.509447,47.304070
36.207886,0.844052,43.673458
-1.276377,-13.170383,18.089890
-2.356027,23.876852,58.285347
31.574558,-7.548203,55.955856
-12.606285,-13.905268,28.057850
17.682989,25.262442,46.424156
-7.061981,23.957996,24.151752
-17.549667,33.624584,27.066868
20.178423,10.234880,33.271885
4.146255,-20.451649,22.907007
-51.044910,3.171092,47.785782
25.100775,12.064610,42.817493
35.489857,7.001923,53.771236
15.694216,26.735891,32.927525
-42.685863,-17.397682,51.886436
34.401073,2.741996,28.685408
16.832884,-16.809528,19.242567
12.678246,29.061689,42.810551
-17.159510,-14.462044,22.085138
-4.062014,15.449528,11.264574
-12.454228,14.320866,32.916454
11.451902,-4.837921,15.335782
9.934156,8.406989,6.693890
2.387038,-24.740223,40.144520
-11.743619,-6.934500,50.181602
38.143074,-7.024961,39.477306
23.195858,-25.516768,44.609413
2.021885,22.452423,48.057693
-14.419830,11.395126,19.387224
43.045250,-5.610242,48.697430
-9.266644,-25.663855,46.296223
25.301189,-8.332659,32.700016
-7.994262,17.707155,46.329922
37.118443,19.675791,49.768524
21.639690,19.488647,49.456181
29.670702,0.153502,22.842077
28.344009,-5.562344,34.607010
39.545429,-2.754433,42.784245
28.735767,-1.508348,40.762680
4.509528,-19.946247,47.411236
-16.053833,6.114736,50.929535
40.387909,14.326786,42.481075
-11.312898,-19.031839,23.772272
23.316402,-13.709762,42.133080
17.463932,-9.167522,18.989086
32.478115,17.539061,32.047359
9.540724,12.111978,12.887814
33.294724,18.984533,52.533146
-18.960314,3.094314,19.732893
-15.444234,-4.416824,18.886759
-49.117626,19.886929,38.582180
-4.453475,-22.862419,34.921337
8.895775,-24.205486,38.653080
-10.245285,11.904892,59.295959
0.023135,-20.594242,26.341551
9.867292,15.954334,18.395454
1.687819,-28.482962,57.305828
-3.269875,16.834278,26.365908
-15.100854,-8.228768,46.634056
-17.654654,1.404714,16.130180
-2.503606,27.184980,50.857246
-2.041887,-16.632914,10.119300
26.742931,-9.582067,31.689631
21.092789,24.270651,51.682335
12.512494,-15.140808,31.752249
3.068440,-23.174688,34.544338
2.066122,-22.995806,38.001793
13.790844,18.940725,31.456913
-9.422856,-25.010248,54.277370
-20.545334,-11.620988,27.671040
-42.949814,-21.646713,58.551826
6.325548,32.417400,36.738293
-7.574836,-23.109222,21.867239
-20.017900,-8.974915,49.196457
-43.475513,-15.162223,48.990780
1.769389,29.508221,30.272381
-13.800249,-18.349951,46.046841
11.004078,0.163503,17.433931
-6.116408,18.045418,26.899773
-13.482553,-13.764034,14.285158
-2.911233,15.966139,59.240452
19.716034,-10.251027,13.237989
-12.111748,-13.477542,48.546944
-16.086853,-18.525728,43.059429
39.875332,13.118941,47.433670
-12.973785,11.355281,6.869474
-16.547960,-18.166361,25.212509
36.406216,18.769382,41.212620
-9.761670,-5.707846,16.603767
-5.809579,24.246790,27.469185
36.733009,1.729408,52.923107
16.281761,-13.275421,17.779251
17.922253,-22.483715,28.936253
10.856336,-16.417883,16.421808
-15.743069,9.251472,9.570304
22.758341,10.983798,30.614485
4.209510,20.775656,29.011072
3.100690,26.091499,30.078030
-10.450225,2.067899,9.891916
-17.243839,-17.624466,27.268801
-11.906102,1.054935,8.256022
46.661121,-0.061396,53.478424
4.825334,-29.940260,49.649818
15.041873,21.281469,45.325798
27.979176,12.988867,29.163765
-9.486737,-9.156479,6.290163
-7.710187,17.794998,30.458044
7.620354,-24.651089,52.609089
21.180267,-17.923006,24.497074
24.946539,25.612177,42.394669
-4.528712,13.979133,59.277779
28.422916,-25.534601,54.719547
22.370150,-12.842292,47.237274
32.821342,-17.745819,41.189518
-15.600065,-4.688491,53.331505
31.423767,5.194529,28.705498
23.752998,11.565469,34.379883
41.312733,5.863840,51.759663
34.494656,-23.391279,55.034908
5.668308,-24.217049,58.874203
34.613815,-7.314111,49.027462
28.364277,-9.577878,49.698662
0.469653,17.371733,32.747955
-14.016343,-11.372440,31.200670
28.081478,-14.683166,54.272339
-16.933216,-1.794294,40.811214
20.359140,2.019028,31.711845
-20.215443,2.223110,22.699728
12.971602,16.342714,19.466774
22.218699,6.086338,30.965717
32.023201,4.350920,34.313080
8.965660,-21.158648,24.306883
26.030294,-24.792120,42.113941
-4.005043,39.549301,48.808475
9.007788,-17.249821,37.513657
-0.061859,30.188101,50.621479
-6.283177,14.518661,14.377260
34.675236,-11.251884,43.531712
20.403763,-18.490744,50.587135
14.299226,-19.728760,25.715906
24.273252,-12.368786,35.415211
6.883695,-13.050656,24.078266
-20.703278,-2.215830,20.582504
-12.186104,7.507804,59.772591
0.851666,29.472015,42.552044
2.335463,30.604761,44.875164
1.251433,24.108824,19.969439
10.590666,-4.291585,17.385527
17.086386,15.648118,27.125135
18.891523,2.838260,25.127680
14.824333,31.494650,50.868034
-2.210835,10.686897,14.508996
-2.722657,-24.455853,55.421558
15.920443,23.175285,27.404850
3.596534,24.867718,52.677074
6.892853,-16.022522,17.797476
-15.835855,-10.995033,48.104828
1.744233,-15.783212,19.309242
-5.797128,7.340886,8.626070
-8.294110,13.071488,12.896049
19.771284,9.734364,15.666804
0.401157,13.046440,11.295576
-12.442554,-12.819825,17.995958
39.997505,15.979406,56.252281
28.270420,9.431943,48.328773
-23.593739,38.605843,35.196560
25.436342,-12.649846,42.337276
7.368623,30.598404,36.491642
20.967045,-0.241006,25.551300
5.822165,-27.269018,32.785236
-7.532734,-20.631922,26.131012
-13.093566,-5.201292,9.498188
-2.932786,10.309962,56.484241
31.809774,-14.166148,59.612221
13.934550,-6.675987,15.640368
37.683105,-1.864216,46.546627
4.926132,-14.004132,13.433775
45.123814,-3.923570,52.688892
-14.140794,-22.507101,32.790405
32.587925,4.062933,41.847805
34.000580,-0.632583,52.296360
-6.966031,13.005679,8.200312
21.337570,-7.544785,29.585634
23.676960,-16.782207,42.506737
13.611374,14.518139,13.557080
20.143660,6.380081,28.710688
1.572205,-24.706390,50.306431
-1.329854,29.661427,32.168270
21.244612,-24.342707,45.535801
-0.383810,35.802895,54.492439
22.166723,26.881433,47.644562
11.058540,32.055992,53.815128
-5.862473,-17.014160,51.596844
-13.939256,18.133747,33.207893
-45.156441,31.569223,42.034878
-43.123665,27.481039,36.835533
-1.955230,26.677061,21.091181
38.295010,15.946201,38.164494
-12.337490,20.826529,44.741425
12.622849,-23.371067,24.812254
24.663481,-20.406506,32.324940
-7.111362,-22.236645,25.204514
7.576263,27.448807,50.438755
24.666132,-1.629078,36.882732
17.666569,37.162220,52.277748
32.263462,-7.971251,34.018639
-11.544275,11.571621,9.122157
28.997480,-10.166224,45.145344
30.961245,2.436258,37.975704
9.499722,-23.290115,52.745808
-12.891576,-10.304788,16.561567
-15.146189,-1.611881,56.129330
41.794018,18.249027,47.173248
22.969154,-27.241634,47.311672
10.233606,28.700151,33.026325
26.544477,-16.153172,49.706226
1.164754,18.476662,27.105896
40.706951,-0.593202,50.960117
21.422586,-25.914865,47.180470
36.038807,16.288235,46.593681
29.685429,-6.063991,29.774851
7.704004,8.735392,17.299129
-5.307850,18.013855,15.941498
-11.516805,7.661045,25.783585
11.602220,14.085324,19.149448
33.282913,-6.022046,31.491360
21.498585,22.945868,35.493610
34.026649,11.822037,52.673889
5.162926,-30.718079,41.057034
7.081199,-21.188807,30.849117
8.508205,-19.052399,19.315939
2.686441,15.086353,15.033862
34.029613,0.487898,54.330193
13.787492,22.827856,25.737226
31.177742,4.721322,53.012760
28.275393,26.070484,43.439075
7.807824,24.761082,27.999025
6.594689,16.700838,23.668716
-8.370341,-15.601966,46.881763
-14.335899,-4.313465,43.038971
-3.733376,-13.578546,24.044270
-20.661930,9.322305,31.740164
35.953701,-0.202229,41.204380
12.970830,16.762114,15.943777
-14.994317,-13.530936,36.032505
11.340401,16.459742,14.410156
31.984699,11.512637,38.461555
-2.705017,-18.616838,21.999937
-9.133892,-11.459770,53.538895
-6.591163,17.029980,37.267521
-19.285704,-6.565849,33.954075
-20.305784,-20.548443,35.925789
13.896683,-0.474184,19.528168
3.394657,-21.085941,31.997728
-18.454451,5.955633,12.526527
19.373768,-24.971127,56.052975
-1.760759,-14.923401,55.516155
19.700443,5.396577,21.428205
-10.879719,8.986776,39.632515
-1.923874,-26.869572,27.499170
25.066330,-26.964720,55.689194
-3.576123,35.097416,56.334217
-9.328178,15.732708,31.722404
11.188480,-21.418470,54.096897
36.709385,19.144999,52.946560
0.897872,33.606380,58.242470
35.132088,22.048809,48.933933
-10.637608,-15.695102,31.321247
23.580324,-23.028635,28.991993
41.839787,12.577478,48.366871
-6.962271,16.074936,25.554514
7.211539,32.924801,38.667522
-1.067163,30.759647,44.522587
10.269660,-16.882973,21.832895
27.839613,23.071001,45.247551
-14.409444,-17.708530,43.994682
33.797329,8.089559,46.509251
12.089833,23.469660,50.193508
15.389122,35.338310,54.225712
41.500851,-4.483841,52.663887
7.612370,27.709213,57.149284
20.471746,-18.246159,39.285034
24.556738,2.698755,34.902416
18.286270,24.314663,30.865860
-10.924883,18.099564,34.335968
43.370792,2.110891,55.846409
20.109648,17.260962,30.994169
11.456671,3.345582,6.818922
35.678741,13.395118,51.756729
1.431478,23.529140,58.184307
40.090229,-15.590528,52.485764
34.528854,2.746716,44.353577
18.111647,-21.297153,36.706833
15.075202,32.556656,40.877548
-4.903516,16.189964,18.672052
22.328390,20.527397,43.101940
-48.604649,-8.411519,57.999870
18.393341,9.532410,20.979097
10.972533,5.066598,19.148432
25.041418,-0.454835,24.289396
24.980732,31.023203,49.930164
1.317771,-17.871168,29.515045
6.505835,25.801390,33.800766
-14.042182,6.747516,37.780197
22.602854,-7.993046,15.018057
21.848038,-19.015436,36.540722
-11.063825,16.689281,37.715813
16.865089,-17.190886,43.980022
-7.436054,8.544664,21.550718
41.056961,-3.872013,50.656799
25.857119,-5.137136,35.588936
28.544407,20.997623,52.245609
42.121044,-2.193915,43.867645
2.289777,18.224840,33.875309
-15.859763,-17.924068,33.426567
30.926971,-18.317266,41.612717
-7.404836,-6.610878,11.249146
24.312967,0.686597,33.443150
4.182365,-21.475475,38.686630
17.517946,30.210920,48.546635
11.318841,-16.757130,37.193291
36.542435,-0.610406,53.552563
14.367287,-21.206249,36.430931
34.387096,8.008760,51.560745
31.965435,8.361541,31.312155
44.194187,4.191100,59.728405
-8.195898,-0.809047,10.082537
17.596136,-25.066889,33.045139
24.398674,-19.668741,53.132286
-11.045864,5.235569,32.583115
22.572285,-5.643204,29.381939
14.246957,37.566868,57.332024
12.984102,-17.854988,41.934113
-22.081161,0.103288,18.601660
9.848374,-26.130133,33.869118
-8.687122,-13.893237,22.992882
-13.486456,0.836444,50.313732
-5.183830,29.026052,34.446598
24.694992,14.612476,27.411808
-8.111539,11.799976,21.605869
43.513561,-9.250514,55.540936
-6.069341,-16.140587,30.356037
11.613871,-15.570441,27.732054
43.702522,-8.841841,53.462074
-9.075241,8.419383,47.959850
40.534752,-10.273756,42.606178
-13.872197,13.304702,47.662838
28.056749,14.783917,37.040546
12.580434,-31.177689,38.962719
16.238266,30.150770,43.225143
20.580088,-4.002581,31.499842
38.162102,-5.754097,55.602848
12.181648,33.631401,48.574043
-9.786810,18.209177,22.665813
30.468433,32.516506,59.583881
-3.236889,-27.204639,47.885372
-15.348571,-14.693565,46.745579
11.060987,-29.631233,35.599277
-9.269170,-23.733318,38.550041
-10.405020,2.551190,4.078938
3.480853,30.383680,33.408474
20.737747,17.933117,38.686348
11.244473,16.760202,28.874342
28.809975,11.019756,36.807396
-47.853039,-0.212507,42.094727
-18.839235,5.507649,31.434250
-4.485784,18.360760,25.649141
3.928931,-10.790018,11.327000
-15.210446,-1.279984,16.966230
37.850952,6.742929,53.554253
25.748699,7.000385,34.955994
25.639742,28.103230,48.359852
-18.535818,2.816786,42.689129
26.639078,-27.350166,41.544937
16.104422,10.561672,30.746435
30.089340,0.874440,40.135231
23.872374,9.287007,24.489271
-10.949229,17.154812,48.794964
-7.604732,-13.866981,29.146051
16.998074,19.683813,25.316315
25.796318,-22.432064,50.736034
25.595127,-28.582502,46.534317
6.428111,-22.241735,34.830921
34.119507,-17.108154,43.133621
-13.640712,-5.586426,53.223442
14.489460,-24.059521,23.408447
-3.763026,-19.399382,28.546591
-12.592692,0.519381,11.772649
25.830250,25.156445,46.681656
-8.982571,-23.419289,44.503799
26.043243,29.115578,40.479301
40.011600,8.138844,50.634861
24.810265,20.137087,35.536407
19.603632,34.315315,46.932545
33.053986,0.574625,26.631634
24.060282,25.118635,50.542671
0.793253,-14.122330,20.776970
35.609585,-4.409234,59.285686
-5.859697,4.349910,11.483962
-8.983171,-12.809979,27.571209
8.233048,14.881290,15.855526
10.127949,-6.590622,18.288654
19.778002,22.334057,37.499851
2.071884,20.185644,28.366602
-17.571241,4.063736,16.426842
24.206726,14.504697,25.470304
22.651253,-7.188446,25.851627
-9.800200,-0.243627,6.077354
13.385692,12.581385,27.504622
24.638714,25.205149,33.599785
-18.054314,7.340945,49.969650
28.646057,-19.345474,45.469788
18.847237,20.110933,40.442448
41.543232,9.718932,50.492321
5.997941,3.927830,5.436132
32.462093,-16.711945,44.360332
21.319740,-15.542814,26.329763
-9.700673,8.539761,11.361051
21.391333,17.580780,34.136089
10.748785,-29.921017,33.102848
2.779769,14.463364,7.393245
18.587513,32.282448,59.320862
37.253334,-14.711663,49.314362
-7.856989,-7.284726,9.084275
29.370790,-21.271122,53.095253
10.358185,-10.840418,23.498272
-6.393424,15.423208,33.142891
16.402061,-21.400391,52.391975
1.638770,33.689804,44.946991
-18.187742,-11.591793,51.246052
-20.378759,8.105554,37.552326
-6.426664,-19.504786,22.618380
28.407404,18.477203,50.981319
36.207874,-4.151768,37.920925
-0.305766,33.814648,49.953682
7.504305,-22.198013,53.306416
4.796782,16.902550,10.445367
8.464292,-18.430595,28.022923
41.985897,-2.129821,50.971214
0.304297,-22.772648,34.388027
20.858034,18.176403,28.436863
-10.024745,7.131764,59.700474
1.035518,17.381191,22.650274
-8.865623,14.316781,22.169365
17.900452,-24.300409,59.836708
-50.796963,18.050676,52.769611
3.841620,-11.683922,17.716545
-4.471924,-23.926943,41.503963
22.036194,-22.857714,42.613388
13.041424,18.799330,21.735765
20.640167,-3.832838,24.420361
-25.192728,-9.132213,30.206680
5.773455,13.141895,18.616182
17.661509,25.529961,35.381130
-10.141475,16.659414,19.831022
25.419273,-11.201976,25.225746
36.940628,-2.681635,49.884178
4.224726,27.652040,47.429928
3.130599,33.629574,36.892933
13.901302,-2.939079,16.400126
15.981766,3.326372,20.656500
-23.051800,-7.941192,31.160957
12.133418,7.620753,22.969147
-3.680983,26.937773,52.784058
-9.922647,8.539855,56.549210
34.352325,13.632790,54.131828
39.755489,-5.232713,48.275131
7.502439,14.330941,22.147020
-0.712408,25.880234,31.382500
43.136681,5.630705,42.740963
27.942581,-5.373044,37.240715
47.610828,1.119104,56.265678
-7.675690,-19.825769,20.819105
20.351662,6.333251,32.017754
43.034012,0.733199,54.108727
35.906521,0.957686,48.498184
13.620261,-22.128887,26.912552
-50.921574,1.366387,48.761497
10.157995,6.470240,9.729762
7.276966,32.615326,52.382782
-29.545454,22.266172,17.764444
-16.877321,3.685548,26.442204
23.458534,27.585325,35.640717
-9.176439,9.580699,9.461646
-11.030794,19.312489,45.916634
30.770231,-9.386787,43.627941
5.288270,-11.940726,19.763758
19.263058,29.989279,39.301006
-1.670009,30.402000,47.409100
29.843739,4.989113,38.704144
13.273122,-21.458248,59.689804
16.960489,8.023414,21.250244
10.697144,31.315315,37.093975
14.371395,26.954456,53.312763
-13.279095,-19.664072,37.249386
-13.701598,7.964417,11.295146
20.243980,-0.790146,11.864294
2.363124,27.174129,41.368217
28.444157,-20.723907,43.362324
-1.841746,25.545149,25.535187
-6.051387,31.076645,59.729710
3.191146,21.807026,36.079758
10.161115,-14.443998,13.359566
1.112344,15.406592,9.870562
18.660404,17.131294,24.284998
-1.206179,27.218414,38.744556
-9.559286,26.293602,44.795643
29.640938,-5.833447,45.125004
-11.162752,1.912351,11.750343
31.740614,-19.412895,34.468502
33.051811,-5.451104,53.917633
23.683247,26.853277,56.577728
5.351542,1.536424,8.506494
-2.552091,-15.036391,29.090792
18.056017,37.891815,54.806278
14.905210,25.517839,59.653259
2.523349,20.717787,30.519295
12.778784,-20.440710,18.901649
19.391390,-21.827112,51.186432
-15.359745,-8.649079,18.047501
24.489832,-11.104311,53.037159
21.969606,-2.701132,16.885851
2.663170,33.219624,53.582806
39.862103,9.338023,59.771770
39.761925,9.981724,47.047192
-6.751822,7.825710,57.241077
0.791923,20.240498,24.310328
-7.619493,-28.832180,54.581219
-0.598926,25.051447,39.714924
-16.506603,12.362465,7.371286
-12.244667,19.213230,33.433170
-3.249533,14.827637,22.522995
37.707035,6.624391,45.238892
7.441282,-17.263117,30.457779
-11.528015,4.644611,6.712467
-0.059117,9.349512,16.312122
-5.179597,-20.573860,21.389696
28.704330,33.340778,54.568432
-0.777968,27.019411,27.631975
12.052773,-25.359936,39.429802
41.184376,12.264757,44.594837
34.949181,-1.529570,45.987309
7.368052,36.728821,46.928997
12.129494,-10.014283,7.416944
14.448094,-24.969055,25.911247
5.262606,31.450029,45.010761
2.900312,27.998814,33.096886
41.261154,-7.249102,45.931606
10.893210,-21.361662,36.211655
-4.064748,-29.291891,53.008308
21.605722,-11.653206,21.675358
2.114638,25.189487,33.417549
-7.320823,12.899141,17.394594
20.170469,-2.494538,21.520519
12.757376,-16.997726,25.979328
5.486452,4.960075,10.762147
-3.955050,31.033852,44.352665
-6.103720,26.939701,52.101639
14.021913,-16.035381,59.259796
-10.842836,-15.370210,39.112652
13.843055,6.077332,14.808114
7.082149,-31.016003,37.706791
16.046801,-24.895859,36.816479
5.906649,17.190294,17.429985
16.923775,-11.390635,15.423691
18.891403,10.010317,26.311584
-5.612828,15.357154,35.586048
15.697905,9.829659,19.980543
31.928034,2.743217,56.829174
24.803429,-22.520315,55.205132
24.818636,-13.226628,45.955612
43.439121,13.265941,57.061756
-4.543772,9.698560,19.953039
37.548611,10.581366,50.770817
21.130095,-18.700802,32.892990
-19.593748,4.722827,47.938889
2.832588,10.725652,19.103678
3.714231,-31.870110,57.110634
-13.359613,-5.537394,12.928581
14.957900,2.926306,18.408575
15.978087,-19.320791,40.306728
-9.553083,-6.020998,50.298187
11.645581,-3.379161,5.376443
-11.954587,3.393890,14.411826
-12.853489,7.111600,14.786064
3.973198,20.957014,47.962765
15.415438,-5.014373,11.508255
-16.092205,-1.454836,39.104275
6.582864,-29.396902,42.806698
30.091162,-4.170257,56.953396
26.202908,-3.275172,36.809658
12.167398,35.383179,50.814533
5.620007,21.488245,18.718740
14.082955,15.545789,21.664249
-16.452253,4.722137,6.657197
-7.779854,-9.773791,52.311787
3.742751,22.351091,56.708858
21.262802,-4.032330,20.086929
10.066485,3.583409,10.610450
24.724293,-0.093975,17.190950
21.318270,20.381773,30.404564
36.325249,-5.565741,46.047920
-14.014593,-12.084492,54.953384
-11.051592,-8.639956,51.486214
30.375383,-10.118547,39.363705
-7.153956,10.547129,54.867340
14.486089,12.861655,16.275192
9.801796,29.422665,57.923008
42.880222,9.519354,42.917694
10.090552,9.755080,21.168798
-5.679298,34.582527,59.547733
-2.397503,33.981384,51.045238
-19.439196,-7.615547,44.736443
-8.528999,28.070206,47.023384
35.675457,1.537605,34.414898
5.893478,25.898254,29.730970
41.479012,-1.064439,56.517006
5.393501,10.403912,13.821671
12.043885,-9.754830,10.451644
24.070017,21.504688,37.780602
-23.365112,-18.731272,39.979984
35.019638,13.226710,42.485603
18.027502,-16.138868,29.789299
-5.183882,17.812548,57.680344
24.800417,8.281590,39.688816
-11.933831,-19.127470,45.127254
-0.567147,27.184622,36.089809
23.594736,7.106430,24.405714
-15.864713,8.289474,11.547180
2.135209,30.549536,47.357170
25.844336,14.624258,40.067436
38.692757,19.356083,53.367889
-11.082727,-6.016298,9.053816
37.333443,1.617337,40.497921
-13.133299,10.094396,41.684353
27.384050,-17.740820,45.322540
22.092972,-17.688164,43.845974
-4.126467,24.120321,33.469845
1.393384,23.020699,40.030338
-14.356274,37.382977,32.610729
-0.589634,28.329231,59.758919
-14.302267,2.558516,48.463631
4.598955,31.114475,40.844215
-32.934757,-17.284010,40.482540
-5.662821,-24.821178,51.043056
11.651841,-32.259682,48.798752
-8.937139,-9.409350,12.030410
7.670962,-20.253017,27.952715
-1.311943,-28.809219,50.310425
19.908308,-9.884055,33.848660
38.184395,16.983803,54.482235
16.825115,30.265341,51.722988
22.432415,14.174498,30.286915
21.762026,14.944746,26.365961
11.981979,-2.071390,9.907748
17.022570,-10.023243,27.643841
-12.793463,4.558962,44.638374
-9.849548,13.630565,56.784149
-14.545595,0.844627,40.979099
34.286079,7.324317,59.588589
-9.816482,-13.871160,20.569937
4.972809,19.630182,17.464561
10.481121,-22.899136,23.913286
11.992714,-19.524429,34.087463
29.067665,-21.085011,40.669552
27.074795,-15.161280,47.777279
17.993488,-23.078430,55.455280
-45.731575,-7.410701,44.377445
-12.765924,-11.519019,48.036972
26.985363,-21.771048,52.612797
11.391394,12.010439,21.747875
15.706224,-15.736641,27.290777
29.386251,-24.911610,50.239010
-13.298616,3.288330,40.056854
33.994034,7.282412,54.972801
-4.768276,-11.896557,19.601231
28.193048,-2.238286,47.954430
40.140209,-1.723347,54.787281
-8.058455,17.864725,51.705231
9.758426,-8.249673,12.710597
-10.831271,-13.355663,44.680668
36.937531,10.502738,40.174450
33.374630,1.857411,39.220867
-19.214857,-2.746023,52.167034
1.337715,29.127621,34.631332
-28.523367,-21.746792,44.788452
38.820004,-3.720324,55.988258
6.250923,1.722835,6.535018
12.999413,-7.881475,23.480698
27.728516,-10.726530,28.878088
3.944110,20.324818,33.656830
-6.295933,10.823317,28.482964
28.364733,-10.830342,38.441669
31.575254,-9.915753,55.347694
2.092699,9.381041,11.006385
-12.786090,-8.899660,49.676903
20.360033,-16.561680,40.197231
-4.548792,-19.166975,53.144279
4.319465,14.223180,10.614155
33.557129,-14.583027,47.778862
14.294810,-4.611507,6.791356
40.730156,18.270599,52.306274
-0.863857,20.617186,30.708267
20.410351,-10.435971,36.123348
19.223709,16.371170,28.200783
23.720770,-11.731333,38.057381
26.244406,-6.127493,31.679199
4.282065,-17.006874,14.548279
15.329587,-25.370651,30.207964
-12.704574,0.314340,31.598536
6.509099,5.403019,3.877578
14.109048,20.810392,31.497862
34.484634,7.827857,40.947754
22.803965,-17.282822,36.471542
-16.721821,-11.570698,24.110806
27.143400,23.065533,48.913605
31.910761,1.954727,40.953442
1.368364,15.798852,11.765059
24.395052,5.258951,37.300945
-50.662491,1.446341,46.711967
37.974136,2.805077,47.987434
-0.344920,-24.115385,37.076279
25.480268,3.254877,38.369297
-5.972221,6.167516,50.611973
18.856409,-4.575318,21.726011
21.577919,8.539103,28.063961
9.967961,-24.958820,36.070053
11.858098,12.959305,17.624292
25.099279,11.940047,31.444136
-18.648596,-12.958529,34.257156
4.739957,28.070711,35.357342
-7.371414,17.815451,32.456104
25.222216,-11.540274,36.869476
16.168242,-7.817359,27.052044
-1.712149,13.661978,7.433524
31.458212,-12.891092,49.936649
5.955368,-25.874695,22.940371
-11.688086,18.963177,43.337425
-8.139599,-0.889240,51.447357
2.520398,22.529028,37.904282
21.984741,-11.456214,18.801033
15.585177,-7.033197,17.519344
-5.117710,-15.115210,18.802643
-13.149039,-3.505247,12.096771
13.386758,-26.540867,26.514816
-2.896802,19.924412,29.443331
4.473652,-19.408365,33.391258
-12.303474,5.296038,38.894634
-12.595199,-8.124022,25.996143
41.526951,-4.232272,46.029530
-14.801958,-14.065134,28.103319
17.208496,7.401067,14.753843
16.391174,28.680468,52.944138
0.407423,22.152119,44.791248
5.803586,-24.838497,39.483776
-12.359214,-14.381770,19.145241
-9.463914,10.127979,12.966526
-12.407003,0.800981,39.213280
-7.883057,-3.168927,9.153418
-48.644627,14.325271,37.248280
27.345070,2.045496,37.345871
-17.099764,9.878613,37.051441
-1.324369,33.448811,44.944233
40.193531,-6.135968,56.435429
8.983125,26.294912,33.217381
6.716592,-24.284267,54.450729
36.664379,-12.829198,41.602993
-12.436627,-3.978190,38.958843
-13.478695,6.020965,26.487936
-8.191027,7.275866,13.681787
30.461063,-1.169108,53.298897
23.493845,13.661998,43.077808
-1.771672,12.913068,10.181949
30.002794,-26.605610,56.114258
31.541819,2.474031,25.373955
-12.941687,-13.835654,38.723465
21.851131,-16.665863,30.317629
-3.700392,22.320131,44.860622
-9.720639,-13.564634,13.720016
-18.410379,-6.276773,22.313828
17.348940,-26.148983,37.657066
22.854097,-26.612440,53.534191
19.429766,8.584643,25.047913
23.376734,6.279223,20.794617
-8.551640,-3.716301,3.649776
8.186407,21.084877,21.092693
16.217985,-15.950126,59.557732
37.331074,-3.743948,51.496960
20.313276,3.820291,23.357580
-5.558389,-19.472637,24.627357
-12.925391,16.869570,48.353775
-12.187244,11.093560,20.779467
-2.798941,21.430115,31.335827
-3.827948,-16.336363,22.507559
-7.866237,18.882698,20.591013
26.432976,-8.443369,29.594093
16.837255,23.481749,29.983273
42.393215,-0.946300,48.975960
21.377728,-0.708005,20.461662
-19.692225,-9.323121,28.107067
33.433037,0.926408,44.728233
-47.409817,19.309469,39.736668
-9.408108,-23.147118,55.155334
11.639669,17.825375,31.290047
0.562861,28.522276,39.036564
-5.454731,16.189037,59.428097
-15.250094,8.259438,43.668118
20.796875,26.655821,52.892757
27.560970,7.432103,36.369049
20.496822,-21.947506,38.229996
23.165663,-25.345236,59.585419
9.860795,25.600775,28.930943
-7.195077,21.955942,49.169704
38.098511,3.528960,51.502712
14.277642,1.339404,21.341768
7.527393,-32.181965,45.514542
15.321206,-8.789816,22.640556
26.629868,24.799120,34.688843
-12.709085,18.412609,54.045361
-10.962286,-5.975464,52.202164
29.495169,-19.174402,36.892727
38.485401,9.117530,44.584274
-22.899168,35.647839,32.962669
39.558613,-3.138828,47.281010
14.372162,-5.977387,22.380198
-2.898089,32.740570,43.759483
41.047733,2.972153,46.630920
13.834828,33.692139,56.453068
-12.856469,-17.958961,48.328674
39.271435,-7.747390,54.964092
24.150108,-26.137264,46.204517
16.908918,26.991669,47.293018
-9.215084,5.878626,7.017581
36.076691,-5.144100,48.083954
-5.609738,-25.173206,37.897057
13.140227,-32.310379,49.899471
-12.989100,-11.438573,39.332581
11.601777,4.484456,14.645188
-5.092408,22.009638,49.134499
-19.528843,-1.905931,40.410969
6.488532,-12.489280,10.625437
-14.859052,11.474416,29.364197
24.605551,-7.003121,19.774113
-16.262138,-16.554247,49.154766
-21.707701,-1.792129,31.829172
-3.948648,16.052372,51.500305
-33.396793,7.297394,21.915617
-41.928162,21.125183,29.741062
-51.429073,4.149788,51.842850
17.191521,1.302686,26.628668
-4.266905,31.854691,46.417435
4.263587,-26.859034,24.747686
-14.569800,-8.518025,24.193268
14.369657,-0.241604,6.735546
39.852257,1.896949,47.960434
33.937977,2.046327,47.274544
-15.469975,0.020966,34.287525
-8.326586,1.249761,13.619309
5.035359,32.375130,50.225788
16.475811,-17.862770,28.103218
3.618992,37.350414,47.686024
23.830843,-8.127377,24.262131
8.913786,29.214231,37.092869
16.407236,-18.045063,32.635571
-7.325776,15.696711,6.347668
14.619700,-10.729459,21.070072
-13.268184,18.686687,28.585657
35.462238,-9.181244,43.346649
16.472288,17.987396,39.592655
-18.912424,-6.222764,15.213690
24.803535,-29.417910,53.416573
-9.810886,11.541296,54.633430
-39.466469,37.362419,44.188824
0.103070,23.231428,52.344681
-0.030319,31.222651,54.998234
11.189029,28.165363,46.924198
9.131382,-11.998972,7.300929
9.320451,11.304306,11.143770
23.153505,-13.880054,39.637398
18.206783,-24.127121,52.421413
-17.505747,9.419970,39.161724
12.745864,-25.571907,24.647062
-2.279309,15.025774,49.785103
26.925219,-22.617052,32.828442
-3.231838,-22.810226,46.998547
-19.589306,-11.654229,25.597412
-5.160798,-0.936473,2.643820
5.752020,10.030386,17.825205
-1.870009,-27.393826,29.850964
-15.064886,0.743972,17.502625
-19.901360,-8.457952,25.994576
2.337096,27.656040,39.416386
31.274660,-8.075389,54.037323
39.486668,-4.008259,40.081234
-13.045393,-11.849721,26.354172
25.452524,23.885563,51.750965
-9.897923,1.239687,17.031006
4.722794,-4.325276,8.227479
16.365131,-17.282040,35.172279
5.295550,26.910789,50.899761
13.606085,-18.679077,52.326096
-3.945443,-21.867983,37.118687
34.875290,-15.747438,52.620094
-3.515390,6.423848,7.596800
36.097733,6.777439,41.965317
-13.818575,17.147039,30.707348
16.003986,20.309504,27.484680
43.234573,17.913080,53.165977
-5.220716,-22.866032,19.436140
25.218929,15.969762,46.270565
-9.507573,11.886808,32.307129
33.732510,28.920086,50.369484
-15.500767,-6.167683,11.352180
38.603725,-5.016628,46.236683
18.038279,16.364269,33.445030
-20.796570,-6.722644,26.482399
7.459442,-4.613795,13.273147
26.858662,-17.479532,53.079571
18.631615,-13.214883,39.034706
-19.955296,-14.240235,26.011442
25.141447,-17.312519,34.821712
32.757549,-24.419506,49.725151
28.669237,25.511202,49.887936
28.821478,2.337285,41.414341
-7.561237,-29.924547,50.599640
23.028568,12.640016,27.513882
-3.590999,29.154072,38.142590
-15.612025,-18.569836,31.070576
36.376694,0.638052,55.614166
24.185814,3.376166,32.687336
-2.345372,4.898375,8.377033
-1.514855,22.488531,43.410099
33.533424,-16.709808,58.076984
17.938883,30.372393,59.744225
32.354759,3.548337,38.887703
-21.362097,7.022782,34.549202
18.229769,0.282402,22.778166
41.572170,-1.479991,41.372036
-15.994843,-12.352078,31.413889
7.739017,-21.871229,17.635889
42.691753,3.226847,43.377151
3.413178,-27.573990,32.531948
-11.950480,-14.418716,41.850491
-11.931687,40.793465,39.662357
0.882329,16.380150,25.714869
-6.859224,15.221893,30.537354
-9.850817,4.221711,22.171217
-13.591303,-15.366809,29.560680
-1.002000,-24.258329,29.300692
-20.948763,-10.703619,29.804655
-16.877108,-5.856804,16.010336
-4.548117,28.875238,52.296387
13.242781,-18.182419,31.100822
-12.710492,2.834504,9.087452
6.273944,29.266600,59.113953
17.467051,-8.182449,22.347864
-16.188135,10.910823,53.387360
15.203784,-11.060997,17.803335
35.854317,6.596502,46.631454
6.613865,22.465612,29.464624
27.502211,-7.888872,36.000191
-13.056344,5.046346,12.077927
-2.725662,-27.183317,49.918045
-10.530260,8.086245,13.899485
0.915822,24.530025,51.121433
4.561023,23.264629,27.621981
-13.637574,-4.001783,15.399238
-5.941417,-31.924007,54.480198
11.758959,-16.856981,30.333855
9.458868,-28.021498,50.423843
39.091244,18.266312,40.890938
-15.750775,14.040741,30.724751
28.025114,-23.232063,51.118809
-2.277782,33.972153,36.160759
-4.049742,-13.315122,21.557264
27.526466,20.350788,42.880348
8.858488,32.705566,56.063187
-13.807277,-4.787733,55.315289
29.411385,-16.444736,59.514019
-7.770440,14.806328,41.001728
-16.494797,-16.586012,38.330212
3.363725,-26.583187,53.501781
20.039297,25.449379,35.296181
47.410385,15.007361,59.795811
-2.869190,-21.960829,54.233868
36.026123,12.409010,40.096878
-7.076172,19.060631,43.691658
-0.153888,-28.166882,43.867416
-13.773949,-13.903716,21.105291
6.725542,-27.005136,51.564491
18.476107,1.647708,15.232448
19.127422,-18.201775,27.440561
10.197281,19.713999,21.727655
7.464301,17.479162,29.055731
-5.823333,-14.201067,9.500527
3.107049,34.466209,55.100861
26.598791,30.433384,50.804020
18.599100,26.216213,52.660233
20.692295,-24.393532,52.064545
31.163826,-15.638217,47.567135
11.804693,10.093342,22.143349
45.342251,11.694162,60.001965
24.851456,-15.334272,43.716301
2.473615,19.998724,59.595394
18.529263,-5.135511,24.018015
-7.325717,10.317170,10.715340
-6.215278,-6.034798,9.586831
14.002702,-18.007093,33.554089
-17.826485,-14.801433,34.530567
23.557917,-9.553935,41.548084
46.359135,7.338962,56.909252
2.082289,27.895813,45.613770
18.999495,-22.960094,34.762733
-5.913199,37.246212,41.950222
30.161861,11.504441,40.900425
33.914886,-11.043954,46.869232
-16.806122,6.394141,18.565012
23.966282,29.174271,42.637428
8.448945,-13.327821,21.089691
-21.426193,36.964325,38.506527
20.395559,-17.550552,35.692913
3.656961,28.980082,44.749767
22.210356,20.902708,36.449009
35.459015,-17.632755,41.751606
31.522585,-12.665955,34.584530
33.826649,-14.545483,32.606895
34.472847,-7.668676,53.764935
-18.403440,13.169413,29.397259
21.370726,25.147671,46.032486
27.158838,11.464717,41.160072
34.059738,-16.297726,50.617901
40.646564,22.346687,51.304466
-6.698158,22.302488,11.319057
28.825439,18.056103,34.627361
15.307029,16.016151,17.131931
21.377886,22.889431,28.843504
-8.141438,-18.820009,15.361861
-10.536750,-12.153529,29.014410
-16.447613,5.237577,34.365662
14.259012,-15.815975,13.078176
-0.479312,-23.555418,25.939657
29.961157,-26.590300,51.455517
16.752537,-0.495940,8.504272
-2.171048,21.093132,54.973072
35.193890,-6.356313,32.374969
13.126770,-16.008192,22.409748
25.998690,9.597777,34.437836
-2.780672,21.928091,46.853771
19.784237,-21.296631,28.041456
39.409393,-9.354506,45.432320
7.614632,-25.777674,35.805012
32.679008,-5.837291,33.611183
10.991162,16.099623,30.682079
2.317149,-20.933039,37.317596
20.835417,-13.345093,30.062756
5.088961,-13.954160,19.929304
31.475838,-10.695144,49.616760
-6.037081,-25.128496,25.322430
-42.553589,0.034936,35.705730
15.995006,11.838444,18.512093
16.398785,-19.772881,43.901878
-20.633680,-13.081708,29.584545
12.148838,25.920902,43.694344
25.056532,8.099240,32.107956
-4.301436,13.554930,52.065796
25.172863,11.355689,24.592600
9.508341,6.184639,11.684027
20.977772,-26.289635,56.292782
28.268431,-2.806344,39.204624
23.056042,-23.826111,51.294659
4.307212,34.018089,42.223701
13.615262,31.018604,37.805752
7.719002,-22.304985,37.407810
-15.267026,-18.205019,23.366653
34.587910,-5.599299,29.707085
-12.609712,8.358174,38.078697
-9.521399,17.455709,56.824989
-12.559106,12.533001,50.216118
23.755806,-24.390644,37.195511
-6.160181,-3.672140,59.676289
-7.114481,-19.951393,32.201843
19.129934,-16.661066,53.284256
-4.225893,-21.892668,59.591030
17.546846,22.272543,36.737755
-15.099116,-9.226749,26.503429
19.310080,16.907713,36.009663
35.649239,7.554677,49.437115
25.653873,8.341685,23.473808
-7.236388,5.198154,54.077888
23.690369,-21.906776,57.007027
-16.582964,7.444003,34.346092
37.041843,3.345005,43.523647
44.167801,3.987246,44.832035
-9.029693,21.868572,47.753185
-10.338285,13.584643,50.783958
6.415329,31.065544,49.105808
33.926769,-5.513867,45.969467
30.833202,3.446233,46.396534
7.372143,16.639908,20.734221
26.356665,28.528849,43.480022
23.576122,32.455280,50.158936
31.497284,9.627099,43.213890
33.887390,-8.125021,40.246685
-22.430155,-1.535736,29.884792
37.875244,-8.989195,53.633606
34.582886,-3.594241,57.577831
-1.552922,-31.475388,50.584431
13.103236,-4.115042,12.277370
13.860846,-12.956344,14.967489
27.165825,-3.404026,30.325163
-2.291730,-22.840012,17.781059
35.252064,14.937195,56.242046
-5.605313,-25.068964,34.033596
9.122906,8.976139,15.286676
15.442799,-5.767747,24.709318
-21.279062,2.905522,15.808538
16.240295,-19.173277,26.427120
6.408821,31.033922,46.772079
37.376186,25.970978,50.702354
-11.293347,-9.190937,7.484937
-9.924904,-9.939667,13.727422
31.896194,-16.477385,50.825100
-22.275072,-2.108286,18.935003
33.077625,5.510781,59.852009
11.116782,5.240453,10.974723
23.150541,7.547884,29.437073
27.018646,21.192532,48.114368
22.028675,-13.483429,26.965986
-12.493491,1.620078,41.266769
8.832717,29.521694,39.984638
-5.575491,8.851422,55.625195
-48.244244,22.325521,53.742157
21.947096,18.228220,43.007511
-8.995384,15.245188,34.954575
18.279713,-17.338209,17.029963
11.852626,-17.812590,35.178493
-3.343333,30.352777,48.665115
15.836601,-14.464455,20.339172
21.196789,-20.769102,29.841768
-6.684657,20.941763,44.749344
27.124342,-18.484718,28.337011
4.037564,19.110025,30.452707
21.483059,-20.459526,31.865515
37.819527,-8.791667,51.444237
13.013367,24.637369,44.749313
-4.895743,-25.193670,31.830887
3.410640,-30.372644,37.892979
19.356634,-22.066179,53.651672
-4.975886,28.376530,22.161577
28.606014,-4.472120,52.093861
4.375387,27.245371,28.377121
-41.679268,10.302910,29.545631
24.694159,21.099033,40.260155
-17.087368,-4.294207,11.638842
43.366684,-5.103922,51.438522
-12.777104,-22.532188,37.882675
9.684098,-12.781582,19.544041
14.213475,14.408710,19.654934
30.514357,1.497932,42.869305
13.673059,-14.457469,24.922201
18.507263,-13.742664,23.793581
26.551319,21.334019,45.231754
16.264402,25.850233,43.268650
24.914045,5.348750,33.601963
36.551228,-10.220270,54.529678
-12.085848,10.799419,39.942825
-9.446271,6.837938,16.009493
1.401978,25.861853,45.902119
1.982131,28.055994,43.552589
-5.790307,32.384045,44.757835
40.313507,9.269113,45.297447
-15.366284,12.567105,54.562019
-9.136735,-28.721897,49.595444
-13.042542,11.256450,52.225311
-4.488265,-3.522873,6.912798
15.169555,-16.376890,16.697802
21.193417,-23.024862,50.259499
2.345810,17.834415,31.565338
-14.714006,-13.967257,32.079384
-10.585324,34.127350,31.366796
6.379535,10.983871,20.073328
-50.620731,-1.409788,54.249481
14.986916,-13.987232,11.959066
34.072754,6.384980,43.124039
42.920181,-5.892047,46.501205
30.429216,-6.488067,38.295048
5.218531,20.614109,26.008041
-13.129215,-17.284222,55.481602
-7.501059,15.276199,10.336717
20.230303,15.101856,36.874691
17.729784,15.347722,36.531120
-13.756977,-16.800617,23.524721
-12.984663,-7.266784,47.884747
-0.834826,32.777695,41.479675
30.940922,-21.698076,55.036678
20.020414,29.560402,47.988068
-0.646807,21.807331,27.427710
-5.231348,15.101491,38.019810
21.756016,7.393146,25.881811
17.482908,-19.424873,24.498915
25.141052,16.743231,29.981947
17.864332,2.773414,9.895709
26.015308,-5.499537,39.024128
3.800163,14.360681,12.564130
14.688416,28.507910,44.986946
0.500662,-10.045292,5.964967
28.104633,-21.428371,31.599844
-9.352139,0.301031,15.211881
-17.426460,34.070026,30.080978
30.271124,22.619585,53.133926
0.356639,1.769132,4.432087
-8.775380,18.314327,34.285202
41.489613,-2.001796,47.216667
-1.358400,26.000483,42.207935
3.097304,25.260637,37.663456
40.120533,-0.167351,44.414997
17.099403,2.358886,22.510994
2.590741,-27.849880,55.506451
14.035216,3.034259,20.310999
1.425321,-23.714876,55.023754
30.854155,-5.789091,57.899231
-20.263573,40.332687,37.685143
-1.984217,-21.084843,28.920710
26.392509,6.615260,20.812441
-15.354589,2.702390,14.338779
27.889654,18.248581,39.723186
5.295566,24.938847,31.235544
25.615593,12.738524,23.079668
-7.225148,21.453800,26.658962
20.059397,-10.824202,25.782682
-1.070310,-0.314262,3.432267
-2.799276,18.264029,53.606258
15.794064,-8.404121,20.497974
26.030733,-6.857729,44.831799
32.754456,-1.366359,26.020056
33.126556,-13.268331,51.604618
30.084759,-19.174948,53.443459
20.873482,-22.673359,31.765400
-2.489050,12.913006,50.747646
23.514378,5.783415,28.467661
-19.759733,-12.247606,31.370075
-0.999571,-19.855055,30.931196
-15.745264,-2.010341,20.127024
-7.095352,25.064329,35.392693
-8.444427,-17.674110,31.842627
15.982835,20.590166,36.172077
-9.661146,-15.635922,25.492558
21.260719,-20.234545,39.259087
27.055479,0.717696,33.258209
37.938854,-2.924329,57.902660
29.204853,23.088045,43.632458
-12.905336,-5.897720,6.546867
34.332577,-0.413003,59.453285
1.167175,26.282093,37.177292
8.753017,23.587381,47.489632
12.094934,-12.531320,18.752789
24.261286,-27.228821,50.273399
-13.588552,-10.294456,20.162191
19.683565,-0.476286,27.043119
32.833832,-13.648581,55.810364
-15.931299,-9.576667,49.816422
-10.104308,-7.635996,49.093571
-15.588511,-5.689725,42.839066
7.317996,11.827284,17.632553
3.053389,20.727055,45.906860
13.650382,-18.468311,22.140440
-19.229036,6.725862,47.270817
-11.369990,10.946692,14.165431
1.675863,29.375225,59.673519
11.196294,8.255040,15.663025
5.829621,16.545742,31.420105
-12.119224,14.712442,39.226601
19.534344,-13.489695,36.721283
2.071420,24.254284,29.952955
-16.478899,-0.411642,32.571823
-14.040986,5.836473,47.650547
-1.725805,11.234518,54.920357
7.086950,31.089010,40.813835
4.424719,1.428931,2.774112
34.150299,4.917313,49.968338
31.293392,13.748042,52.009991
38.003162,20.074760,40.740597
-12.283092,15.494570,25.502886
7.209444,20.008932,29.168894
7.944950,14.931872,25.263550
27.210745,19.187906,30.457537
9.528326,36.614555,46.696117
25.608540,-10.810331,38.975094
32.322174,8.246964,42.163979
22.069242,34.469563,48.621338
-3.213053,30.432665,57.379799
-6.603063,15.431621,44.412933
17.384430,-22.402473,49.876347
9.151660,10.596729,16.911880
26.141516,-10.313826,41.462746
21.261219,-30.539219,52.598392
-3.822538,19.262306,59.047989
31.094248,-22.736908,52.571144
33.750515,6.826243,50.136482
37.324150,0.360162,38.001743
27.103428,-13.818422,50.443485
19.348871,-17.682110,55.013451
-51.432556,16.535282,50.180973
39.409996,-5.443785,50.295498
19.587856,22.785374,45.091412
25.236080,16.157299,32.665909
-11.322898,-20.380775,36.840084
12.335608,-7.360660,16.966803
30.371252,15.289180,50.901657
-5.683576,28.929554,46.952778
17.698452,0.282836,16.871681
-18.590761,11.114692,35.226849
23.345757,17.362301,32.490887
13.071792,-23.875238,56.350586
22.667976,-9.900366,22.895077
-7.918245,28.470333,23.957861
-11.315997,-9.481293,55.015427
30.179081,20.634600,50.836414
6.313402,25.576952,40.138607
-11.105820,12.845796,14.985212
18.273254,-22.166405,33.039001
18.189032,20.483828,30.033583
-19.038982,6.795320,27.385649
-8.544892,28.290596,55.682716
-35.616093,5.448846,25.066223
-12.887690,9.707180,15.924901
-16.503029,-2.101171,15.863472
38.688972,-1.516028,48.435799
-23.241709,36.534443,31.010633
-1.569897,30.478640,52.179798
24.867453,15.905131,42.733307
24.694796,-17.252998,53.681118
-16.206543,1.553418,47.655190
8.258822,23.178003,41.109844
42.227924,20.019693,54.306488
-17.382351,9.190363,26.074577
-24.497187,-22.417713,43.596783
22.987986,-18.981964,47.517715
36.461327,3.081173,41.598198
-14.505380,7.819689,35.252106
30.941826,13.232386,38.819206
-14.773898,5.057459,45.241737
14.963831,-18.724655,38.280502
38.564907,25.065264,53.540581
34.323853,-2.788724,49.046207
11.169850,17.864574,22.361959
15.548026,28.888304,35.079948
15.589527,-29.687336,35.044228
-4.235219,-18.960342,43.141678
2.932862,34.797024,52.087643
-10.995213,6.664210,42.278351
15.998760,16.851360,30.945673
-12.952110,3.037555,4.882409
3.734217,25.836477,46.090134
-8.143427,5.258947,11.623436
3.073298,32.365334,46.081165
29.931162,-1.996048,35.037411
15.184719,-16.626551,36.575691
9.595508,-23.922646,47.733330
19.202940,-25.409927,34.628380
-10.308916,3.165908,54.100193
27.040697,-22.702978,40.377522
28.690113,-8.042978,33.567085
11.428417,-18.331829,55.128216
27.883993,-6.958690,39.002502
22.115137,-11.878447,35.832253
-14.610400,3.386967,34.613174
-8.588944,-1.241943,8.224062
5.516014,24.062481,29.142080
-4.445075,-22.510696,23.006979
8.629403,-23.183271,31.153196
5.880551,34.907848,48.655025
20.233673,20.014725,32.771633
7.817011,22.498444,48.915924
26.345451,-26.382889,48.680927
-15.387676,-10.727452,57.169067
34.399784,11.939469,38.881630
40.873455,22.111004,53.620022
22.816124,-7.734429,19.408886
27.283182,-12.328817,30.252476
-31.589851,-29.383776,59.721405
7.390058,25.947271,31.533916
34.917526,-0.413465,57.420235
-13.074087,-17.746492,37.628834
21.192284,12.631315,32.434566
-18.839184,-14.933449,24.463108
15.702531,15.384694,22.944975
22.407021,-29.654089,46.557144
42.888386,12.252997,52.707928
-19.836163,5.169855,45.710480
28.328213,9.304214,25.204348
32.774994,21.989323,46.070824
26.071220,-10.687139,43.445759
7.470504,-7.652527,16.505665
9.103536,-27.231510,52.682735
1.481408,-24.685619,33.687714
-8.264410,13.278832,42.265759
21.651386,-4.722171,17.682737
24.995380,-3.430951,19.256809
30.807529,12.376025,55.770741
26.282652,-10.366402,59.469467
18.961636,0.667384,24.673374
-6.861285,11.403831,12.593852
-14.909656,-18.566708,49.525166
3.152525,22.573826,28.996681
10.449906,-19.705076,24.835379
9.482915,23.779467,27.669065
1.842749,34.261593,42.836609
39.443649,3.686668,42.006351
8.723864,-19.446123,56.878128
24.644508,-15.677168,49.732151
-48.634914,21.046453,51.351494
44.566387,5.281613,46.794830
9.861568,23.244473,39.096367
-20.650070,5.030386,26.639898
-15.557511,-6.141656,49.296951
0.706509,31.867155,44.521122
13.090324,-19.805433,32.364151
40.546215,2.913803,44.320782
35.905910,7.027443,44.389515
11.918620,26.593735,48.318657
25.881117,20.978939,30.163212
-15.158622,-6.777534,21.625713
2.911470,22.369028,26.634672
31.429350,-11.338092,43.689007
37.286518,3.104028,36.132973
-11.297317,11.292616,49.153839
25.663822,22.837784,31.281296
33.436279,-13.060223,49.051807
-0.231042,-16.252991,14.845418
34.338116,23.313129,44.527012
22.489597,-26.516769,40.060265
26.716753,-24.316399,57.642708
22.242407,3.033216,27.164450
41.586693,2.896785,53.684395
8.994399,-1.941322,9.391147
-9.008589,9.735030,55.162666
31.078392,7.815697,45.130142
-13.012202,-9.171506,32.608582
44.087360,16.452061,58.210716
-11.277597,10.887567,26.295996
-48.584660,3.879338,46.827652
-16.510820,6.295855,38.692005
17.888998,17.129852,21.686684
2.812506,25.579062,56.398899
-15.488770,0.036787,25.913200
-5.096810,34.133030,40.004372
11.819445,31.002548,57.298626
42.503292,18.627708,50.617741
2.505220,36.142567,49.878452
34.609440,-22.111288,52.985641
23.100660,-9.312714,27.083317
17.701401,13.559622,34.769318
-19.954628,3.072225,10.459257
-10.443696,13.727951,23.326164
28.213642,-4.036689,33.006832
11.482024,-13.071938,20.822380
-8.748373,11.170471,56.552670
38.108383,1.124024,34.839027
22.383114,-12.954189,32.028767
4.257287,-13.125721,22.031456
7.333901,-26.508335,53.481796
-21.695921,-12.659727,25.899778
26.273237,-15.681519,33.319614
24.024466,-27.916353,54.361378
-15.420892,-4.268016,47.913486
41.598251,9.474454,58.434284
-36.075027,-3.517224,31.088474
-11.423811,21.506760,54.479279
-6.916110,26.317060,47.295658
-3.344250,30.108150,50.881359
30.146536,28.419279,57.911037
-21.819187,-17.615652,31.523827
17.537794,2.324515,19.907623
18.374296,-15.524168,44.660564
30.942268,-4.458777,50.058811
-16.219690,6.847409,25.682453
8.057101,-9.885509,10.395638
9.814470,-29.759384,42.839657
-12.818306,-18.106878,30.837854
-18.549114,-20.433153,33.044407
-16.260145,15.742851,47.977482
23.921671,-14.150203,30.856707
-19.266640,-5.529371,40.837025
14.127282,26.530708,44.316673
-3.817231,35.788685,40.362709
-0.547587,15.202062,19.887159
-16.779558,11.958321,50.988251
13.523387,27.618309,49.944744
12.220312,20.658953,35.628723
-12.893078,-0.248934,35.317688
23.906620,5.378155,35.348335
-13.214146,8.429807,57.374241
-16.717102,-3.312335,9.681971
7.245198,-14.716623,21.704269
12.855431,-11.330135,21.563086
17.745100,-0.801818,19.336184
-12.044163,0.630125,23.608067
13.122443,17.636641,26.352339
-8.734717,8.823780,15.065541
32.814934,-21.845310,52.217953
20.502890,30.242016,52.334442
-0.406222,-21.588900,30.078663
-21.810398,-10.981075,39.639408
-17.149330,-7.704073,43.435146
-14.785981,4.706712,38.665119
-10.775300,-3.196031,16.709703
4.831152,-24.545530,52.046440
-1.127891,38.843441,45.255455
6.902116,37.538433,48.851597
1.967003,29.728201,55.098431
-2.821505,-23.030552,29.546526
27.317154,-7.575437,53.505714
-12.310553,-15.828526,51.844082
23.872602,21.022314,46.385235
43.322800,1.880562,46.069286
-7.322642,9.734457,24.730574
1.747891,-8.460756,9.195485
40.145737,20.968594,55.429272
23.843267,19.593090,44.572361
13.821616,24.694515,42.254791
18.177202,-26.943584,50.494213
-5.441341,-12.138350,22.221796
-3.981834,34.401073,47.384537
22.386189,-22.945168,38.002640
30.686447,13.903382,31.639496
6.604000,28.862955,39.455379
-9.497714,1.600874,46.694405
-14.435740,-9.522864,11.803164
23.283024,-19.987808,26.716557
40.873363,16.041788,45.655102
-5.972990,8.040654,12.100131
22.645611,19.219763,26.585032
23.833742,2.956893,36.954681
-15.472826,-6.252367,51.616920
6.132887,2.797179,10.539989
19.311306,-15.573235,47.656994
15.241231,-21.976080,22.970707
1.000380,-15.069599,57.733364
-43.230648,3.971758,34.193748
15.843020,29.874287,56.549644
-14.008886,2.485425,52.917027
-17.379427,11.966404,48.989948
5.942252,29.883249,57.100784
9.184114,-24.970427,30.479422
34.362934,-13.178252,42.307457
-12.814449,5.073603,42.277363
-16.706720,-8.690079,53.420387
39.145954,-2.203247,52.927139
27.692789,-8.779989,25.566412
37.254734,-0.096163,51.746567
-25.643894,-15.773921,32.794342
26.323076,3.271898,41.931435
31.922804,18.786331,45.004112
-51.050495,7.501326,59.737850
17.759214,-4.118019,27.487873
19.398325,23.179794,29.489161
23.254707,23.236052,50.732624
-3.944742,6.192031,55.851501
4.493220,32.769260,39.289196
-43.869034,31.341091,39.131538
-7.211631,12.635649,10.656932
40.709373,-7.516763,48.330303
16.151865,13.971830,28.794128
33.187248,-11.346627,50.697018
24.344057,24.274784,36.962002
23.073397,-0.367934,19.364378
-4.945333,16.566921,53.531109
-18.352169,-0.650782,39.230518
-4.449929,-15.019666,29.615400
13.398606,18.545588,19.534048
-21.943645,-4.022522,31.874126
-10.563280,-16.527025,33.484200
6.543089,-31.845675,54.022842
12.196658,-19.504404,45.864437
-17.574102,-9.384498,51.410164
-14.459787,6.498563,42.608757
9.540168,35.736855,59.862675
14.950349,-0.928014,23.605530
33.542774,-11.897257,41.087032
-15.354635,-19.745989,47.391735
20.921831,-16.624901,32.282406
14.776277,-20.399664,20.676334
-17.265842,-7.699973,55.368137
19.109941,1.944112,17.715096
-11.843462,17.692192,31.316963
8.959066,-24.693449,57.365223
43.889935,12.686167,46.338493
38.555431,4.988366,53.751129
26.881203,26.355118,36.596886
34.552101,-12.490937,58.994152
7.668237,25.909941,47.028259
5.534077,22.342319,50.521843
-2.990271,33.027809,32.593998
-13.818536,-15.529058,39.199509
40.432438,12.773058,39.882236
6.328368,21.924290,52.425911
-25.885256,34.199154,30.569084
-15.268415,-19.728439,25.277761
6.753180,-17.682201,37.775928
-8.215049,14.592881,49.073158
2.783115,-18.572571,30.806673
-6.934947,20.891479,57.111412
23.800356,-24.884455,39.197784
-1.529235,21.966053,29.290266
13.116860,11.932669,20.261147
21.167809,4.199331,31.755318
15.888277,-18.059032,23.157015
16.919825,-1.181363,23.242863
33.153519,30.439472,55.655861
5.995660,20.614887,31.469320
-0.860668,-17.909527,29.890287
41.107502,-2.490388,45.433121
-44.566975,-11.609286,46.217731
15.271194,18.190472,19.091963
-19.305653,3.406186,13.158178
8.962842,26.954706,30.395533
4.426340,-15.458410,16.918623
-3.084533,0.893743,5.269662
13.806152,17.359097,17.801113
-7.947949,-18.410761,59.717865
-23.537552,41.154945,39.802166
19.325281,-15.344319,34.977169
21.489082,28.503862,52.524601
-13.139347,4.514439,52.748512
15.660950,13.962586,34.458412
40.615360,6.961329,38.575096
-3.988839,8.462261,10.131789
33.025383,10.924763,41.063114
21.511019,-1.179641,31.971079
-16.583950,5.972761,16.468838
-16.759836,5.541006,27.988569
-2.303617,7.949071,7.474099
10.265766,14.661887,24.324207
-43.685772,-10.830205,44.112663
17.931555,-4.683839,9.715303
13.390537,-7.126439,6.585118
-3.601754,31.595045,36.463501
19.135700,-24.909676,28.674337
38.933506,7.131208,46.905334
13.889204,30.624090,58.821819
14.066833,-15.224669,20.840210
27.398975,-23.274086,42.317814
34.839161,12.255245,45.061905
-5.829815,32.305714,28.226562
40.543480,6.308918,54.313358
6.948565,-22.885963,28.499910
35.455688,-0.515917,50.855606
6.899020,27.485336,45.762497
-5.873183,7.328569,52.437149
-9.182559,15.860711,37.433308
41.929401,-12.693208,53.494583
-39.197407,37.526901,54.896210
-11.223661,-16.815193,23.896664
-13.444728,-21.437914,36.357471
-12.369828,9.612967,34.153728
0.210194,-9.741228,9.665257
-3.363600,13.366039,47.196522
4.865948,22.057976,30.501253
8.066951,-24.631231,27.009787
-15.354835,-16.455912,30.394676
36.532501,-6.920248,54.469845
-9.069439,-5.208107,11.361601
19.921316,-1.668421,17.587696
13.810040,-18.556026,19.940102
13.764722,15.969254,32.105511
20.765583,-14.799839,18.375525
32.839603,12.713028,44.716206
-6.989901,10.758101,50.682426
37.068375,8.914994,52.579823
19.766336,-6.875307,23.590792
-17.187267,-22.562057,37.354229
8.585872,-12.611644,10.652421
9.226311,-28.443466,36.684052
16.503176,-18.521194,46.008076
25.356182,-24.747856,33.424896
-1.618068,-15.892406,59.729763
-14.593531,-10.772627,37.176582
4.460831,20.832823,43.031898
28.156614,-6.229046,32.598793
28.773094,3.947940,47.162987
-9.544725,-18.368124,34.187122
-6.127597,19.904131,26.465620
-0.834416,-29.874485,40.583363
17.711843,-21.454565,44.020123
39.412766,-10.868387,40.025002
45.962467,7.987903,50.303871
36.017765,-13.168550,48.260902
21.573545,-28.541981,48.065704
31.705370,19.429226,50.536751
9.515314,23.538376,51.148556
2.099397,-16.258274,25.813526
-4.519000,-25.484171,54.562401
-1.481784,21.205296,50.630733
14.096334,10.962742,15.490641
-9.418819,-14.648300,49.931686
19.151569,-12.184742,32.329170
8.066619,18.994709,23.064766
-11.439497,-19.109501,43.336651
-17.199337,-0.286294,18.547953
19.332794,-15.622279,37.142502
-12.818329,-4.132618,45.073750
16.334370,-0.468782,18.038118
-12.463581,-2.322485,15.831321
34.081871,-5.377574,57.480598
-13.108981,12.351881,26.526426
-4.988244,31.492414,41.522320
-14.944167,14.356808,54.808743
26.965612,-24.003736,34.148956
1.067008,24.592424,43.734455
-8.245250,-18.920912,30.382189
10.192985,-21.828518,59.632469
-2.013653,8.758486,57.649170
30.344982,-18.886101,47.699741
-21.588623,2.547172,40.729912
37.307255,-12.767328,37.791344
31.064077,20.837290,37.085316
21.404276,-6.052884,31.536976
-2.589709,17.624855,39.271442
-11.539049,-3.194591,43.406269
17.387020,19.568743,37.901566
5.471153,34.001644,45.914478
-1.341935,-21.982637,26.853859
-9.835319,-28.035809,54.056015
39.452450,6.248244,48.980225
-22.218075,-1.150084,24.790377
-12.683270,15.887273,44.533344
4.086651,20.998875,52.370083
-12.056447,-21.216181,48.855434
-16.549171,-17.437567,47.140312
6.566120,-24.297199,33.647022
-11.306460,-25.316835,48.984768
-0.250474,22.435732,16.367891
-42.817383,23.712261,33.068172
-6.758588,24.085945,21.909391
20.815697,-18.719315,53.144459
-7.782860,-23.512299,27.633190
23.430099,27.913008,59.087166
-3.768836,-17.991068,24.390797
-6.637790,28.661451,40.819691
18.695084,-17.620949,31.699347
8.641161,22.245010,59.713741
-16.053251,5.035470,40.240616
26.800306,-9.177859,34.227753
20.892441,-7.570941,13.465351
-17.464659,-19.326351,46.256081
34.049397,4.167140,56.008999
17.666037,17.587585,26.215725
34.849907,-21.753012,50.920647
4.743516,28.832191,31.621317
-3.078295,13.769011,5.711737
-14.208820,-3.235152,17.430960
18.747679,-19.448454,34.969296
25.958330,-27.059416,45.351257
-14.049376,9.657031,12.403155
-13.486494,-21.157454,41.659519
16.966429,-14.576205,38.266880
-12.295961,-1.317881,23.119728
-45.490917,26.808340,41.330894
17.345692,-17.409143,24.400099
28.570292,-0.449303,32.555832
27.769333,-1.676123,21.023626
17.628847,27.790358,57.698399
-9.076371,24.635962,33.205280
20.509752,-15.139903,53.868980
24.710217,-14.743825,29.004892
-5.634456,22.552647,45.239738
2.801683,-19.043652,40.282024
-10.870889,16.308760,43.070580
-35.486099,35.812447,34.666740
29.339893,-2.284127,27.454411
-16.790810,-21.200039,35.880516
36.800781,-1.394877,60.036709
-9.987199,-0.891168,17.090933
29.919323,-12.865953,43.251087
12.872291,-23.591738,35.777096
-46.330769,-14.802362,55.318684
-18.130186,-7.307146,25.687124
-23.784357,-6.239418,21.632519
38.491970,7.724252,59.746387
26.890928,25.362509,51.105522
-16.205441,-11.085692,38.413528
21.006809,12.714905,25.945583
1.981609,-21.162018,33.905151
-5.729034,14.484278,48.908630
-20.247316,-3.312748,34.335030
-5.401355,28.369244,26.088465
-5.453616,21.389517,55.465984
5.791180,28.622719,37.322002
-18.871056,-12.577378,48.767281
-1.336700,14.561865,52.231415
22.111759,-18.072311,21.100725
26.562561,0.809193,40.620903
-13.043200,3.644911,21.818251
13.284081,23.244621,35.260742
37.342815,-14.853012,40.852928
13.335314,-27.857546,28.964958
5.545491,17.818230,25.652311
45.188667,-6.312931,56.472858
37.943840,20.429819,46.476257
17.100742,-16.760523,22.042250
-6.789652,-15.986142,26.469374
4.579707,36.884693,44.650204
7.169018,14.234613,27.894011
19.255846,-5.858544,13.221022
22.115164,-24.540731,29.664932
31.959280,-1.393769,51.575058
-11.614441,-8.871958,10.699471
-0.863034,-10.088380,7.958729
-17.312061,-17.729475,44.867516
-14.174540,17.162788,53.498089
-14.627319,-7.992728,37.401482
3.112784,-26.381676,59.843758
19.777031,-21.074129,23.556847
9.504052,-25.294950,52.291653
-7.229953,25.878773,22.764635
-25.203588,36.432629,30.791016
-4.215190,-29.332026,49.388115
-4.758213,31.310791,39.323891
22.636976,-1.736860,30.443550
-18.012070,-5.796947,48.886543
13.782230,2.791074,22.643740
43.496410,1.278942,43.895950
34.687553,-2.859045,38.258419
21.049967,-3.764089,29.178680
2.687252,22.513884,34.083523
4.865451,-24.762915,30.029474
-17.960112,11.843942,42.715832
3.223045,20.371115,39.978279
-24.037378,-13.389845,28.376621
33.729271,11.689859,33.367836
-3.131150,15.937590,24.680731
33.865326,20.018236,39.392426
-3.440144,-18.417665,59.849705
-8.021655,-16.146828,23.728113
18.304390,20.218880,35.804302
-8.260621,-15.309130,42.174168
4.154247,-18.298971,16.886345
-9.570479,4.032269,56.975937
18.394108,8.350182,27.979502
33.737713,10.365690,44.392506
11.102373,22.520205,40.556931
18.841579,-15.971557,21.626772
12.269478,-19.066448,25.770130
17.123539,18.579355,30.692741
-1.851978,-8.392300,3.610282
19.412626,-6.404940,11.087825
-12.164775,-20.783152,53.108635
15.078933,1.788368,6.850746
16.595064,-19.648531,19.179613
31.780869,28.733236,56.444824
-16.860138,3.426570,20.433767
24.031868,29.337963,50.930264
16.579872,31.832581,47.499889
19.297157,3.188343,20.667366
32.546501,13.887292,49.957821
-18.051640,4.996517,19.551149
-10.646316,20.660553,43.655224
-17.535540,-4.506542,47.045246
-15.473780,-5.833682,29.007109
1.995828,11.341154,4.761913
27.245012,-13.451628,22.430344
23.440498,-20.935621,51.379063
33.073811,20.057491,43.679070
23.705891,19.854670,48.479149
13.286513,3.724626,9.355701
-17.462252,41.500175,40.248329
-18.987995,1.241772,27.330402
18.255209,23.633833,42.987610
-7.607424,14.476476,47.244251
25.190817,-6.008148,40.728741
-2.780340,21.785950,56.907112
11.060498,-19.821733,22.287893
-8.962184,-20.043171,59.942318
18.878077,25.041454,32.982777
28.178268,0.055271,39.199810
14.777014,-16.317831,31.806444
26.550478,9.637982,29.685722
13.311457,26.921854,32.085190
-6.652985,-9.873974,16.380903
-13.738135,14.637094,21.497463
-17.012751,-6.966213,12.816887
4.354115,18.936518,27.083391
-18.168137,2.629056,45.250687
14.765376,26.599216,46.192787
-22.406088,-12.449515,34.164593
-41.857555,-3.652808,37.393250
-7.594527,35.686012,57.023575
-49.899483,-1.684590,58.819447
13.125515,-10.555736,19.328375
5.576878,-23.938326,44.859417
-5.475649,-23.827145,39.679119
9.432035,-21.835482,32.670822
21.918432,7.176368,22.424877
-8.956237,3.771740,52.344467
20.758112,-20.500797,50.437202
3.012099,18.943743,24.472971
2.335791,29.178606,41.229420
28.934702,13.402250,47.572144
22.478039,12.927526,24.164141
10.353463,16.570002,26.063934
-21.911812,-2.521813,46.042442
-13.162702,-4.763594,17.061001
18.498837,10.851022,30.569706
13.261700,-6.357028,10.275299
26.547356,-18.138199,50.138985
30.911095,-24.763027,59.781422
23.711699,-25.801188,51.758644
-14.123715,-11.812895,18.791000
33.941895,-14.928761,43.660290
5.981818,-22.618305,24.112972
14.114100,24.907566,36.266151
-4.942509,25.549864,32.114815
-3.738276,15.289169,35.189072
-15.002686,-5.563109,31.124226
-3.181828,-25.303413,45.975590
4.333330,28.755562,39.097569
-12.738814,-19.292452,41.009495
30.911839,-8.671907,24.330708
-8.887200,-27.803835,45.241806
25.343426,27.974657,52.585342
-5.355326,18.172098,59.770092
26.486145,-12.993140,34.707443
21.049210,-23.654015,27.392672
-41.002903,-19.744709,54.796543
15.102017,-29.507082,44.875015
-50.984642,2.513136,54.610657
31.458502,25.765453,57.118382
14.863361,16.881788,28.115271
8.857430,16.184259,12.371103
-15.127217,-5.951378,37.706322
12.019783,21.172964,28.986490
-15.610744,-4.853190,14.062192
18.820168,27.689226,39.758465
-13.265409,-11.419462,52.812798
26.538708,-16.669916,39.220337
-9.373153,-33.862671,58.908207
-38.344852,-22.982397,59.811226
-1.659123,23.621080,40.883301
-1.903922,-19.543406,32.963154
25.130939,-4.886844,27.477924
-12.678380,-1.177497,37.309956
30.035042,-23.684900,58.161072
-14.174662,-27.924299,48.749287
-1.663609,18.969969,59.750225
14.367385,-18.459751,46.553860
-1.283859,-24.255110,46.821724
-1.861101,-28.546383,33.125183
19.902430,13.912417,18.890188
44.318691,16.182890,52.232460
-3.498504,20.527288,36.401665
-11.995466,6.623826,48.426792
30.234583,-9.204224,48.888386
35.353985,-2.389342,43.334885
-8.462164,-14.582340,32.518486
-0.428844,9.540148,10.686058
-7.564757,17.956985,40.011997
25.303951,-21.605947,44.132008
-39.945004,37.426586,48.351917
16.410192,20.215166,39.707920
18.509859,18.402214,34.766171
-14.533807,-21.731749,46.202709
36.189041,-1.966276,30.826149
22.458626,-11.989228,43.989868
-10.395915,12.211080,41.415859
21.259207,-21.400099,35.228054
23.012243,-0.163960,35.122131
42.417099,1.091414,50.833645
34.053509,-19.515211,39.550354
10.413146,-19.456011,31.005980
-3.900740,18.312883,55.942966
31.088175,16.881603,43.298187
-48.801334,11.793707,43.570763
0.362002,-25.887896,56.258759
34.991993,-13.414557,37.855408
-0.477389,28.091999,44.752495
-7.735095,23.850243,50.249836
-4.992865,16.105354,48.164948
11.536119,-22.355486,28.027325
-6.439642,-14.215995,57.788849
31.018785,5.166855,41.236004
14.586913,19.515366,40.400192
-9.566192,-8.734566,56.067490
18.357504,7.514173,19.885191
-2.791570,-31.759985,52.278111
-47.771885,1.295460,43.870975
19.576168,-3.924122,10.755668
31.033159,3.766814,36.351112
15.468477,-25.628153,47.017620
-12.434019,-1.770981,47.937923
24.419544,-24.518896,41.024868
21.965403,0.405897,33.340366
-1.291066,28.384007,42.509850
21.016468,29.079260,40.282505
-11.669711,-18.018814,56.573929
18.104136,-20.355225,20.724009
40.663235,-5.612636,44.019356
-14.158129,1.104593,45.266472
39.805214,-12.187308,43.179012
32.334969,25.555502,59.091965
25.996859,6.896514,41.429928
-47.153595,-5.952423,57.254501
-9.988007,22.968161,35.033810
20.408300,20.333099,25.980705
-5.515236,-26.280256,28.518133
-5.667949,-11.960402,11.406006
-26.335003,19.126572,14.133712
36.643051,9.191307,57.162529
-8.859324,-19.723337,41.081261
44.501068,11.557249,55.522980
13.168487,-14.409081,33.528526
6.358989,-28.158125,28.606731
17.384209,-5.712751,25.902740
12.800569,-20.571873,43.063904
24.940992,-14.945580,26.517570
-14.003386,-5.484439,46.538906
-47.275143,24.403446,44.564686
19.853729,25.248886,42.150951
17.462133,-14.411106,33.465935
-50.397652,17.199036,59.680794
45.031750,17.574566,55.153217
20.862719,31.063297,46.758495
22.939388,-24.500475,55.971245
-13.817914,15.401591,26.768860
-13.710624,-6.478777,36.163830
9.591949,3.639918,8.817883
-8.974940,13.473822,18.485054
4.489688,-18.427917,27.802511
-14.885875,0.394647,36.458195
2.338999,-20.267698,53.860203
13.160007,14.858973,17.708248
-14.033167,11.631556,39.035980
31.174591,21.945814,47.641251
-22.578091,-14.789791,29.027803
18.429607,18.870094,27.650852
9.410717,-21.163357,52.391712
-11.555380,21.539682,35.240437
27.788176,-15.667593,28.007631
-51.764931,11.234929,49.626129
-6.362347,29.028530,36.310066
28.340349,12.901944,42.922398
19.059584,26.738674,37.971210
-5.111498,-24.361248,59.636288
27.115952,24.710356,60.067535
-17.797606,-11.844453,18.843655
2.115085,-18.311985,16.764299
19.888241,-6.401531,15.223569
-8.774684,-17.823429,49.787861
24.611153,13.822922,32.067642
29.112366,-11.620235,36.770401
-2.577195,23.442966,25.860144
25.780598,10.494904,39.938759
16.213406,-22.983496,38.727001
1.478367,13.569431,24.725405
15.324986,-27.874449,54.149403
-14.089383,-3.018772,27.311384
26.894531,16.723158,42.883984
20.621794,34.554871,52.991856
-11.206585,-15.863872,22.146576
5.535527,21.085125,39.647964
-18.463581,1.409513,25.224068
21.455536,-11.374621,32.913319
36.056313,-8.548877,55.830952
-18.071636,-10.395241,17.543119
13.074140,-22.792048,23.016624
26.493549,-5.604533,33.670883
17.059752,-15.287261,24.181862
13.260733,5.997600,17.150053
-3.387199,-0.000239,59.969051
8.978496,12.306237,19.066093
4.319200,-31.736975,50.849281
-17.287172,-8.904159,14.892889
27.442831,-7.747039,41.084652
-14.249569,18.696215,47.540844
26.933271,-10.081614,45.224686
5.734778,21.545084,27.806770
13.983309,-26.513380,52.991680
27.422266,24.153738,43.307232
-14.750010,-1.468208,45.643139
-14.228295,-19.586990,39.315414
32.674541,25.252476,54.456528
-45.491650,28.374266,42.574406
25.548481,-8.604285,46.068096
-17.587351,-11.029632,35.130417
31.016634,-19.071074,57.539482
-1.936784,-18.808308,16.530634
-1.595595,-16.678944,17.897554
0.702801,25.556671,41.567902
7.415275,-26.299782,49.161602
25.348770,6.620166,26.965321
-7.422370,17.437145,28.416906
-11.813780,14.301184,53.130825
-26.531040,-22.978424,45.901638
2.018807,29.428917,52.874657
37.886814,-6.683278,45.061844
12.269773,-13.074114,24.485857
36.081852,0.501575,59.930943
1.897649,22.033083,41.597176
20.848454,25.276791,48.072826
26.658113,25.403231,57.998569
-7.705800,22.825937,35.428169
26.775862,10.816113,31.314285
7.256771,-16.569803,33.984314
23.179714,-3.032625,14.494907
26.310778,-24.460918,44.038662
9.621072,15.050585,13.972382
19.356974,21.347244,28.612982
7.225225,-24.933901,21.379812
12.200918,-17.012339,32.305527
-17.558004,-1.678054,50.420078
-40.406536,-10.716790,40.946491
14.781998,-22.291328,30.046570
25.475885,1.633309,20.006773
21.086996,2.407832,16.669872
17.634666,13.311748,15.712461
-14.924042,3.001602,5.824990
23.771444,21.920660,42.120403
-48.845928,10.315951,59.858662
-1.378334,17.639811,33.822136
25.661894,-8.735903,37.607529
19.721767,-19.671141,37.483292
19.220457,18.763035,37.103714
2.400075,-21.292612,19.899532
28.315029,-27.893614,54.632717
33.294498,12.085168,47.512012
29.545401,-2.932479,43.633911
15.792513,5.042566,25.710358
14.904575,16.718838,37.151939
38.403137,-16.162443,47.437878
-7.031575,-17.564615,56.949589
28.780298,-25.538319,57.474251
19.861301,21.583570,34.299740
35.925217,9.569022,42.247478
43.221394,14.351092,49.123268
23.053358,-14.607091,32.773380
-5.250700,-14.799338,22.422544
-22.816383,-2.772152,33.358543
27.186399,-17.628349,33.956650
-8.902581,2.591113,5.535537
-16.077791,17.605246,39.622532
-2.788024,-19.532167,35.550797
12.129074,-5.839440,20.570637
-4.105676,17.301912,28.299471
24.886032,21.854210,48.036625
13.791504,-20.628149,57.819111
-15.477894,15.278252,38.297920
-7.552195,28.868038,43.551781
-3.589365,-3.536569,59.668659
41.192760,-8.649512,55.313271
1.671139,23.775114,45.833080
-12.997136,9.457180,48.889561
-13.016466,13.126983,22.890343
9.243352,26.296684,60.029713
7.354873,18.190275,19.012747
2.747774,19.364670,36.382660
-11.942761,0.683089,13.851453
33.625412,-9.815290,41.509239
28.451044,20.340492,38.817360
25.830708,-19.235033,57.125381
35.930771,-5.481085,43.738705
18.412832,-22.423758,24.775263
-14.084186,-2.878955,51.989140
17.730360,-19.824005,33.001305
-7.492839,40.012974,50.919018
-5.050435,15.861233,29.577564
10.925833,31.025450,55.516621
30.540115,21.161747,34.031094
-6.201142,33.227898,38.421013
-5.800413,18.215803,48.282055
21.711754,-26.149399,51.913799
32.359039,23.403923,53.244083
-9.421070,19.867260,55.265110
21.018072,29.445450,50.493763
17.984091,28.780060,55.190861
21.321690,17.931387,36.398338
-4.070296,23.296545,40.123478
-51.154934,10.100518,58.497265
-51.463551,7.451224,55.692204
15.658541,-4.827760,23.105463
-2.890628,22.352160,49.326241
18.451422,-10.311630,22.470003
-7.554450,29.466936,46.144314
27.182653,-11.188803,34.969067
18.328794,-14.148486,31.264278
39.761978,4.204349,48.040089
-8.482732,-4.538271,55.087128
13.098245,-29.492382,47.090218
-13.642189,4.466996,24.706385
-15.107708,-5.766835,9.329840
-8.087843,5.093426,16.538645
5.504433,22.070181,36.966782
15.123338,-27.139729,48.623314
-6.324467,-8.796255,54.818756
40.525791,21.257311,48.863583
29.825266,10.454610,52.326717
26.200785,-1.154487,41.307484
-25.465828,-5.907318,22.905401
27.156944,-13.255462,32.351337
-14.569671,36.154079,30.103329
-15.351507,3.390544,36.681530
2.926711,31.086609,42.584904
-43.301594,-14.864466,59.729183
21.481255,9.390326,31.223127
-14.624503,-7.686639,53.229965
-12.575586,-15.824915,32.671509
-6.119451,28.680565,28.697882
7.969921,28.021309,59.831791
-10.941096,-13.787778,31.717466
-2.987013,20.371733,45.073311
-8.624092,2.156029,7.543864
14.857231,19.122831,20.860405
-23.890526,-19.108908,36.193123
8.814922,-19.099756,23.414961
-12.811755,7.326866,46.382259
-2.751467,24.505217,46.979641
34.008415,9.557117,29.631653
31.542585,-0.010234,57.980171
32.668388,6.852980,33.152122
35.223610,-11.358421,37.926495
6.687807,-18.211754,12.866356
17.151768,12.433801,20.094135
6.112586,27.883390,47.448025
-5.152379,-5.088187,56.608807
27.294672,11.687205,48.862659
22.526749,5.657666,26.491882
12.747599,22.241488,46.667732
0.205170,-24.764444,20.318888
10.949133,-16.190031,11.912814
21.825651,-16.437029,18.632448
32.685429,27.482397,55.001442
21.927170,13.629387,41.456295
1.643933,-18.842112,33.439415
-18.287537,10.453452,46.674690
22.725361,8.518120,35.451527
-16.336311,-11.272522,53.940163
27.074583,-11.618265,54.869698
30.293566,-18.073959,50.709732
26.091936,20.002283,49.779404
26.708784,17.860786,28.439444
-2.352934,-25.824959,44.465080
-8.597337,7.091511,52.756973
-7.319017,-17.723478,40.425056
-0.576847,-20.891512,51.276760
-11.712065,16.291410,55.784893
-39.718555,21.319082,27.157373
-16.114414,-6.264104,47.108913
-4.445897,-21.164124,43.526600
34.935200,10.940278,50.394527
-12.006876,35.552223,33.634285
2.485795,30.063646,50.442108
-17.506664,38.521851,33.698559
-48.340313,17.945047,43.854580
41.679802,-7.893661,51.143475
2.623941,-3.714483,6.054424
28.918972,-13.218758,34.137020
23.024801,-11.384582,30.728170
1.229709,13.600479,5.922111
4.523084,20.331306,54.265167
-9.860243,7.610326,24.787653
-1.399044,-20.920401,23.121635
-4.641128,29.337727,40.251369
-8.315409,-14.232163,12.308466
29.429056,10.972958,29.887854
0.264663,-25.550468,35.198101
15.735684,6.212686,23.693266
35.235889,-15.019635,35.590275
16.124771,23.782240,42.657055
-4.537961,20.527990,32.247181
19.676062,-10.954138,28.993507
0.970994,-25.234728,28.792995
10.465789,-24.267403,39.841766
3.620667,11.192630,17.022141
-10.689671,-21.895298,24.174767
2.923619,29.443720,31.817722
-21.444584,5.955448,38.006111
38.513863,-5.138195,53.358261
-3.904055,-19.897879,56.691387
-5.323793,10.098190,57.651970
-1.998372,28.992556,35.978436
11.657177,26.284193,29.682152
-3.314467,36.247894,42.378208
-11.766329,2.225604,25.146688
35.488651,22.406416,53.756794
-25.240961,28.026550,19.074999
34.649723,25.347515,48.987312
-4.533394,16.715895,36.819771
24.711517,-22.071793,59.799679
26.995018,28.035820,54.210186
-0.335647,-14.050792,11.832815
18.342041,-19.546282,38.936600
14.883342,0.508069,14.592112
21.012482,26.696093,44.377438
24.754482,8.245771,28.024555
-14.059794,-15.542802,43.356800
-13.133344,-10.848522,46.202026
-19.098331,-16.371622,31.245922
-20.594582,0.576055,47.777382
35.233322,-10.242913,52.566074
21.555773,-30.715437,49.136841
5.394107,-13.968427,10.321945
20.897648,10.215256,29.287268
6.302441,-24.076710,26.355104
-2.803376,-27.039709,46.160011
11.417494,21.802807,24.096870
1.557081,-23.324156,29.521286
12.011298,-4.938804,10.850814
3.273798,-16.986746,27.714199
-13.077171,-20.047461,23.354126
-2.238320,5.806390,5.968809
-15.364844,-2.659716,11.852640
9.460964,19.293581,26.073151
21.960068,-8.428675,17.202799
19.376190,-17.192936,33.761223
-9.745711,-3.420189,9.387210
-11.353689,-7.209730,44.718285
-7.581604,14.002859,53.236626
-12.679372,9.090460,10.042068
1.006950,19.089025,47.869110
35.257614,-6.044241,37.492611
-2.844753,32.406956,30.570183
9.241397,26.004360,35.444099
3.444289,28.200415,30.046722
31.334869,-4.976367,44.011688
2.787585,-29.764355,48.463348
-6.226046,-24.869022,45.758698
45.123936,5.757833,58.038876
3.261631,31.114380,57.328300
-5.189175,12.642630,56.841202
32.096329,-3.375690,48.286865
5.237231,-16.861816,21.384859
-45.473137,32.195522,49.328220
18.757803,33.484573,53.109550
17.343065,15.834551,29.394033
17.136810,21.912447,42.358940
-6.491755,-25.200541,41.465565
-2.086769,26.829817,33.467186
-2.892546,22.493469,38.667233
15.314007,3.982402,16.493214
30.432646,-14.540295,35.101967
-16.958879,2.089935,36.947842
16.060871,13.076406,22.684843
-4.164693,30.865429,34.709679
-3.153554,18.293785,24.167341
16.036720,-27.523535,34.064510
13.524052,29.445713,48.322170
35.981052,-11.444909,40.002022
41.910965,7.934351,54.870892
25.418165,-14.848028,35.150333
-6.800660,11.920453,56.134842
-18.394894,0.887898,46.880672
0.611313,29.719547,44.496452
-10.787372,-11.905153,33.286263
1.069053,-13.279489,59.925037
37.839428,7.036053,50.125736
-4.224167,21.447908,21.738132
13.913099,19.641172,27.990305
11.229917,29.632710,40.342247
38.697174,-10.019243,43.593266
16.936258,-26.185297,42.910530
16.928505,-18.519331,53.831303
11.291819,18.386612,25.745472
9.533875,-30.880049,36.276104
3.813853,-12.123313,13.390789
42.389591,4.773701,46.561264
-17.413021,39.589756,36.384148
-18.558149,3.661064,24.014198
20.169464,-20.555275,52.565174
-18.391098,32.956558,25.329473
-20.927864,-5.035575,17.572178
8.495305,27.768946,34.613605
15.109649,-11.331079,25.591200
-13.447333,-6.613782,15.322454
6.174311,22.257042,22.334545
11.592710,21.383234,42.847736
-4.170533,-27.647444,56.567154
13.318020,-21.387650,24.875370
10.334958,-26.976021,35.708233
-37.721008,2.804899,28.388699
11.651134,-28.579353,30.071352
-13.689992,-4.637368,23.788847
5.483940,25.488739,44.858871
-9.876860,4.682800,14.302269
43.300529,15.027104,47.194832
-1.281037,20.128086,11.607463
7.244858,-27.765594,47.700993
20.546728,-9.213288,30.505974
34.405216,23.593500,56.918224
-19.943682,7.306047,41.393707
5.714703,31.089907,53.089870
-12.184839,2.793680,45.138588
18.478449,-23.543722,46.903763
10.418415,13.237038,14.300763
-1.210059,-25.515884,54.275150
12.327920,26.330610,53.106312
29.545555,20.290815,32.071995
11.625389,-3.872494,19.037380
6.633336,-19.932154,46.132610
17.625486,-15.216745,42.415195
-8.520636,17.187223,48.831245
-16.159737,-16.822866,36.096432
-3.736922,24.022085,48.643112
17.624945,-16.414663,32.990326
20.331158,15.809027,21.076481
48.665653,11.697455,59.839569
-10.335082,32.151363,26.456688
-13.213248,10.185167,5.348054
8.727823,26.154678,45.254787
-13.675327,-13.013264,40.453060
-19.089121,-19.937529,41.940990
41.993942,-4.171720,54.597412
35.882759,10.735881,46.625221
20.121347,11.275472,22.589069
12.868128,-26.214895,36.040222
37.768459,2.918445,54.353546
-5.451756,-27.543861,43.881573
36.513092,-7.423357,47.145626
12.644478,19.240196,29.670795
5.335719,19.804613,37.424980
0.382264,6.829558,3.239509
31.513718,28.387197,43.681946
26.467390,28.921179,56.128582
44.663372,3.044818,47.722088
-29.049446,-28.374832,55.963955
38.703899,14.732680,47.653717
38.890862,2.616018,49.828285
22.651546,0.193578,23.519836
7.056425,38.151867,54.010014
8.472039,1.672157,3.887687
38.844299,0.556862,57.829308
-18.793367,5.637231,23.007324
-9.985629,11.405773,15.742953
-11.352705,-9.167411,22.656628
34.286625,0.643180,28.237806
26.935101,-2.912035,26.507318
-11.049206,18.961395,48.431038
8.206883,-23.917246,50.464928
25.219839,-3.729864,16.689930
-17.844202,-10.033729,47.564999
1.615304,35.390285,39.722904
3.478993,-20.266081,34.932491
-8.860545,19.441183,45.493320
8.290173,28.023697,38.766670
8.703126,-21.672201,34.554733
-6.402675,8.547122,17.419319
-3.087082,-29.016575,47.130886
36.393009,15.781356,59.667313
-12.748244,17.078112,59.425076
-11.565999,7.281891,11.593656
31.739685,-5.207704,47.388798
11.746133,26.708391,33.218281
1.454664,33.564140,48.374706
7.931130,17.283310,26.342775
4.908839,16.917158,14.366879
-22.975273,30.001444,21.470690
0.230264,30.228624,46.508404
21.129395,22.013330,43.927475
-7.369370,-24.856745,34.786007
24.148170,14.564932,34.135296
10.036889,-22.545343,26.455746
26.947878,3.786072,27.125980
24.390402,20.008362,28.191408
40.486374,-13.298670,48.185684
-11.492029,-18.350271,25.807703
19.563778,36.022289,51.351257
4.728213,-8.874969,8.979407
26.789227,11.596514,45.201958
-13.742582,-29.159195,50.976326
-13.728961,-6.910846,49.743183
11.370162,-14.544582,10.292456
30.584600,-4.462325,53.142181
17.891001,27.026443,32.993275
-21.885233,3.944329,39.245811
13.843090,-2.420409,6.589079
24.776169,-1.565418,21.922737
23.531878,17.984480,25.364403
-11.484582,7.006021,55.583061
-0.729683,-20.020096,53.220634
45.359512,14.621375,51.533333
25.504414,-7.426124,39.103790
-5.862522,29.770412,42.522167
36.473824,-11.252115,48.907074
-16.340582,4.929927,57.436348
9.652735,-24.484640,32.512096
-18.823837,8.684692,10.433287
22.985106,-21.125824,53.419407
18.726400,-17.268042,57.576378
10.367297,1.844120,15.771357
34.152470,9.886759,48.114136
-8.694759,12.535506,26.709126
-2.297291,14.872627,26.434042
16.161963,-31.593391,42.592175
17.189754,33.560734,51.551651
-18.748337,4.189038,52.383404
-18.764828,36.281719,33.513573
-11.437305,-15.716465,43.430080
27.042217,-1.049768,43.335258
-12.802694,-8.448134,18.919559
-7.740840,-17.880836,26.184748
35.642403,-11.780333,45.897713
43.822872,8.375949,50.771484
23.096401,17.181469,35.880878
-14.824920,10.914500,25.772205
-1.822187,-5.404039,6.133110
19.709986,-17.372198,30.069790
23.539814,21.208845,34.183994
15.470576,-27.138948,32.052666
0.862759,28.501348,46.916008
-23.058697,-0.453027,38.411659
-5.696148,32.906574,52.718399
2.432102,-26.526859,46.578663
9.042305,24.920052,57.641750
41.787022,7.006268,40.158211
3.894189,-21.133188,57.073441
41.372269,19.314137,48.959099
-7.400160,-15.355723,51.442162
-16.162069,-9.304258,35.028481
11.700374,32.793205,51.638798
-13.922433,6.393599,5.093143
-13.042745,5.588301,8.375659
-23.792112,13.927695,11.340772
12.456246,27.011175,45.403423
-19.207230,-18.168123,35.941826
1.447045,-25.787180,37.852879
35.131096,9.640828,52.591675
-12.260477,-3.215470,18.452635
31.590378,-8.787455,41.585434
37.277752,5.869814,55.521229
-3.759633,3.448241,57.340954
10.275110,-19.949425,20.247824
36.398422,-16.630877,40.096851
-13.630147,20.478018,33.110832
29.604551,-1.273911,36.960518
-39.858570,-3.862415,35.511066
-5.239021,27.278309,48.308937
-49.337955,14.610640,51.941769
-13.823484,2.935087,55.260643
18.995556,5.399472,15.912000
29.363897,8.013961,39.634884
-11.659584,-1.317108,19.976931
-8.241010,19.808033,32.481613
-18.255928,-0.160034,28.870289
-35.253078,-19.891676,46.642075
5.755559,-22.135784,32.258648
22.020119,23.225897,56.485802
23.497852,27.172491,51.878624
25.710676,-0.937126,26.462173
-0.096815,20.888973,39.192780
-20.927998,3.492543,45.621025
13.529751,28.231409,46.662903
20.281492,-27.861431,53.450268
27.272442,4.527247,38.125652
20.855850,32.156502,42.547886
25.495260,0.793046,38.380573
24.256613,2.146521,24.148533
40.409428,2.993245,51.386139
25.886501,16.251574,27.516634
-6.968818,-23.537334,44.436386
8.554080,22.818596,22.159033
9.923897,31.932463,59.766518
9.478045,33.710766,52.188282
25.301416,-2.358012,25.029846
-40.381687,-0.443856,33.563274
18.671253,-19.429945,22.693565
11.024385,-27.896252,38.004318
-16.094606,1.918763,35.013325
16.302374,-21.183836,37.472004
13.664875,-17.371386,24.028582
-0.643155,-29.672411,38.241531
27.916967,-8.553286,45.812351
14.087172,32.951984,59.350937
18.794769,-0.940335,21.157875
-3.420082,-12.471837,59.315601
-5.431387,-22.636156,42.651600
-0.642314,21.168900,13.205298
-11.925383,37.803959,33.791088
-7.229187,-13.104864,51.316299
24.482275,0.864704,25.496058
1.522451,37.976963,47.781605
-16.920021,0.702283,50.769333
23.799086,27.273882,48.880939
4.294120,-21.826448,29.228016
-1.545297,18.904884,27.192553
-9.871251,-20.347147,23.052034
-13.996866,-10.883660,49.918987
30.588352,-14.030186,54.775093
7.282685,-27.957905,35.761032
13.354276,28.020508,56.077065
-2.028296,34.552647,46.599842
5.499201,25.372402,47.008801
-51.439003,15.211632,52.993988
29.500628,3.152908,23.341434
12.938264,16.282721,27.857162
28.115337,25.171309,37.896423
30.131834,-23.201300,56.081570
-6.868108,-10.499217,13.282865
10.359404,4.186174,5.239416
13.645527,28.730694,54.135513
16.523474,-18.923077,21.068062
7.585343,21.960463,31.948513
23.394375,-22.238400,43.971340
-14.430700,-2.595761,7.799296
27.216261,-5.897862,48.586517
25.357233,-1.809441,30.439837
-6.101494,13.485260,36.308781
-2.398720,11.749442,18.544752
12.003995,36.116692,46.989429
13.805412,22.946592,30.785191
39.596020,-15.089719,49.334976
8.832922,-27.287607,32.529175
6.257594,12.251830,10.150904
38.584240,17.938072,48.433964
1.682610,19.062021,23.160477
5.889995,-10.334799,7.822086
12.318433,-27.115910,31.112923
31.297253,-12.516878,53.397789
19.725399,-2.644341,26.030102
13.740343,-26.440571,45.195210
35.357029,28.140667,54.209671
11.899126,-22.219172,38.575676
9.437068,-20.602526,26.692287
20.690279,-2.679483,11.751217
-1.587642,-20.688059,55.887047
25.766245,-20.479673,39.612953
-13.782332,7.273881,22.724747
38.990185,-0.485771,35.234375
-2.261304,28.902735,29.564550
30.118567,17.601639,39.979469
-0.271570,-20.541712,41.382622
25.695507,-22.417252,46.186100
26.429213,27.602606,59.804447
20.122139,-19.184538,20.945881
25.485920,1.986046,36.879040
4.946879,-19.296938,13.440476
26.853888,-19.207607,43.731392
9.300985,16.416477,29.514496
24.841055,-11.876349,33.656731
25.392784,10.144217,37.777214
19.908110,23.348774,55.166710
-9.155880,24.854599,35.267174
4.729596,-26.585228,49.602005
-48.421440,19.713133,44.468983
-8.155058,26.151073,15.682749
-9.564201,16.008152,22.667309
-1.179752,-17.107199,24.201773
16.963120,-10.385017,31.220005
31.138165,17.603626,56.603226
20.796291,-30.635740,42.767406
13.601746,-19.315830,27.963919
-40.071861,-21.114296,53.357777
-11.825018,-18.912729,28.126528
33.110073,-20.445318,57.974850
40.069832,0.160241,54.433670
-2.077322,33.782558,38.258568
11.952217,-26.138290,56.386692
21.407171,-5.472253,25.561165
2.271810,19.538155,16.676516
-3.275670,31.252672,42.499195
9.811438,23.008396,42.904415
8.416659,25.228092,38.453850
16.577879,4.106158,9.091180
15.592047,29.451654,48.454258
-15.234965,-21.061876,44.455269
20.598738,31.223169,40.290363
24.424829,28.714605,57.711514
-2.106575,-24.355745,31.534405
-7.624054,2.901411,49.228786
23.158859,26.205866,59.763554
7.188149,-3.425864,3.016594
23.534067,19.574190,41.543549
8.960470,-22.554592,45.085529
37.682831,-19.608852,57.488861
14.625917,8.744037,23.692226
-21.856071,-11.512376,23.715195
-7.172331,8.585304,54.435890
-5.982348,16.042879,27.654865
33.025803,-17.552576,35.150620
-19.582308,10.865398,8.703636
-48.577568,24.051945,38.702930
24.485977,-16.538273,40.146915
-15.643167,6.684090,9.887352
-15.159504,-10.168734,52.246040
22.091051,15.728526,42.823666
-1.659448,-10.921545,16.276466
33.672516,4.991652,44.469261
-1.164334,-18.236006,38.713089
-5.552867,30.674860,51.073895
7.658513,0.609074,5.481394
19.467667,28.230024,34.985252
-11.704345,-22.516977,45.107475
-8.015226,14.899520,24.072792
20.543232,10.976068,24.709873
33.406315,-21.165165,41.381077
-16.942879,2.710185,24.701492
11.315083,8.360929,19.398495
6.671284,16.381552,15.546753
-4.429027,32.946117,59.859554
-5.448567,24.288897,14.230414
-10.825613,-19.487629,47.926369
-16.250488,8.446832,7.022042
-45.173779,21.473129,32.109226
25.426649,-14.943830,38.371704
11.996386,18.014565,36.042667
-26.414095,35.512402,34.453575
0.446006,15.789290,23.800453
13.794371,22.469851,48.771709
15.642594,27.929094,37.273861
34.951618,-18.995146,43.398949
37.903511,4.854676,49.736874
25.680964,-7.374153,34.590809
-4.830773,25.899242,49.944267
-8.127393,13.456195,15.106430
3.160022,33.010250,49.490730
41.287689,17.289173,55.528000
17.371397,10.610273,19.877077
14.913707,32.070068,57.499245
-15.660826,-21.198572,29.957687
22.114941,-25.235617,50.090126
43.350994,14.401545,53.228088
-1.016356,26.666834,55.022564
-11.690727,-2.417656,54.790737
7.085343,25.866873,42.022263
37.019966,-17.102594,48.951336
-11.352798,-25.498459,46.189732
24.343952,-9.665579,31.798809
35.951733,9.685118,54.699688
26.392076,13.843682,42.155762
0.647619,25.568817,27.746187
-11.908367,-11.362587,20.531487
-14.296009,9.758783,37.915443
24.801939,-9.349225,28.547085
-9.154658,22.415688,44.721249
27.340563,-10.019166,27.084642
-33.292332,39.972340,44.575630
-15.704482,7.920123,31.729076
-17.463266,-12.374851,52.843121
-22.643684,5.342254,12.519749
-6.964124,-16.710150,55.186363
24.940174,0.841189,22.511059
-2.520885,-18.516050,56.058670
8.517297,-27.380455,42.202068
0.040052,31.411230,37.443848
29.358480,32.244900,52.570477
14.622458,33.759480,48.742462
-15.241488,9.751740,32.404419
21.577301,28.485821,48.772961
26.969309,19.496107,32.692860
36.777458,-14.744343,37.971039
-6.145864,-16.174026,45.796181
0.401469,16.428656,59.664227
11.931882,29.390308,34.349785
2.839869,28.102983,35.735107
21.009687,-11.105717,27.515640
-25.112986,-8.029222,27.489620
9.932694,-27.560558,27.486395
18.330469,-15.690634,54.689976
15.485301,2.485898,23.979742
6.651323,-26.097412,41.384853
29.332451,5.357149,34.021812
-9.356419,-0.026057,56.969719
39.751274,-4.036756,44.893940
31.809904,-19.890657,51.249825
15.633878,25.080410,34.692692
3.024060,-8.693924,11.289802
-13.103168,-23.630342,33.989861
-46.910320,23.571115,42.019497
28.333540,-17.619473,43.025887
-7.897662,34.511421,58.572491
-11.387504,29.445347,18.942543
14.857498,21.928535,34.818996
-19.544321,-4.668878,47.846119
27.948273,12.368014,37.902393
-15.792529,2.825721,9.618083
26.866776,1.957564,24.379261
21.000793,12.162799,38.236252
30.978630,29.181259,49.215931
-7.116627,32.734604,50.954350
8.505254,-5.935666,15.265892
-5.666544,-19.666548,29.348202
17.514557,16.103615,18.621304
-15.849084,-9.366724,36.905823
16.062227,36.240166,49.171825
-14.342706,5.853528,13.707901
-7.997526,20.151930,48.038506
9.785382,15.702442,27.741272
2.885192,-19.873581,43.254852
28.049900,14.065838,40.542042
0.309403,13.522592,15.957342
-5.768015,31.242037,54.993286
-18.548813,38.770992,41.276134
10.446522,-1.777411,17.151478
26.360254,16.243748,52.049496
11.774320,21.190025,22.033714
-3.530427,-25.262194,47.908619
-7.481602,15.790176,59.753525
-10.923711,19.414602,26.141027
47.790279,4.005325,59.937099
24.203457,-20.037180,35.316917
24.942373,-14.810037,54.412426
6.665850,35.190300,42.035854
28.482744,-13.660158,39.450642
-18.775768,-3.193044,32.489864
-24.569748,3.939414,14.994893
26.917398,-20.577532,29.235601
-20.377218,-11.714639,33.558014
39.712662,-6.493611,46.809608
20.585861,33.757732,45.210396
-18.133934,4.489933,35.088879
-33.893642,27.955145,25.261623
21.968327,11.189284,23.332956
-7.282866,13.408708,20.403973
20.727695,-7.750260,26.569832
-16.672503,5.865220,32.153202
44.071495,-0.275713,50.261456
-12.637958,-0.057250,9.809886
-18.240429,6.093318,39.902550
7.037537,6.656792,12.266609
2.841377,-19.195225,51.801537
24.824963,14.676730,29.982811
9.220841,-25.565495,44.582901
28.738235,27.481647,59.513668
-8.142049,10.973670,7.839248
15.134030,24.847397,31.506712
-15.201404,-9.604458,54.611755
-18.719677,-11.830609,28.550535
2.972905,-26.689888,36.712460
14.614780,-0.914023,12.665673
14.290683,34.590115,43.987278
-13.392162,16.470100,38.624584
-18.102047,-7.653450,37.669682
-5.776312,23.985825,57.243225
-9.079016,-4.717536,7.235214
28.823980,6.760708,48.961296
-3.621769,25.962198,42.552498
41.334911,2.389450,60.034817
12.381025,34.270279,53.578102
43.946823,8.010883,45.884251
3.669714,31.911423,35.083614
14.702452,-25.785654,37.796757
36.954403,-3.270213,35.772266
20.865410,14.806406,23.722139
12.022908,26.267517,50.267574
-32.027168,25.720549,22.054642
-1.313169,20.364315,47.084862
-10.044680,-10.626537,48.169086
-19.399305,9.469814,40.739353
-23.075495,-0.382785,32.025475
-9.190574,12.670835,7.764342
26.888531,-16.924490,35.902836
-20.921656,-1.734343,42.044594
0.104620,26.921289,24.584455
-12.059079,-7.688683,38.995876
-14.366530,3.034320,59.880356
32.741413,-17.083458,37.208221
0.546653,13.240981,22.402477
-15.693731,39.643448,42.066883
-23.164616,37.913429,33.063496
30.762196,-19.258051,45.649025
-6.217086,20.737349,9.699786
1.865282,-24.288523,24.696012
29.872503,-4.216713,22.617563
-2.113906,31.541973,59.488564
-4.369225,34.437527,33.495182
-17.207609,-9.771266,55.121021
35.462925,-2.865929,53.867565
1.180820,-16.070625,21.251116
26.928324,28.446205,49.988018
-11.795339,-4.968413,57.940388
-10.960776,22.837950,40.023891
-11.122210,-18.369795,52.413795
18.809032,-1.454144,28.574516
24.114746,-11.156242,27.106293
-4.626777,-16.191904,34.094505
16.922930,-6.895576,13.141384
24.007803,34.217735,59.894123
-12.691535,-3.210925,22.924868
-13.225728,-6.390449,24.900257
2.184598,22.884071,53.905724
20.523647,27.873007,46.968548
-17.106586,3.408355,18.357382
-16.276390,-21.659771,32.005417
33.817455,-8.184007,38.083519
11.267436,-9.093374,16.033178
3.584325,18.169699,28.754559
-48.870850,24.921711,42.261322
8.435413,-20.690783,46.432926
-50.301563,18.242485,41.590145
1.879143,-17.088213,9.936216
13.835860,25.408873,28.489424
32.568493,1.066680,31.678646
-12.053802,12.905689,43.370415
7.211714,19.503616,25.252640
0.073754,-15.669132,26.860323
-10.176177,3.351100,18.984924
18.479067,16.015186,31.096394
17.412180,-2.744808,17.741173
23.429079,-2.338678,20.358404
4.196069,-31.705179,53.554928
2.883886,-13.940214,7.320389
20.793617,24.968410,39.348660
28.260126,-15.243164,24.669163
23.154484,11.170233,25.034834
43.710617,19.992676,57.196663
-3.556362,27.841309,34.214306
38.954491,15.359324,57.967350
10.899481,-15.164522,33.113220
27.472990,-16.613491,58.669704
-7.882194,-24.684669,36.990860
30.294140,-19.630802,39.863548
32.667671,-5.772866,51.107704
-12.194695,9.991857,36.276604
-7.758781,24.790083,57.788517
30.272635,0.503395,51.980732
25.671326,5.201306,39.772026
8.024246,-26.133358,37.904144
-12.498019,-18.780931,54.041691
-3.368230,24.876459,17.417206
29.074276,19.786489,55.544907
25.899370,1.443675,17.972057
11.327959,-12.700770,12.811052
6.408881,6.441846,9.271977
-20.230663,-1.571832,33.241890
2.209414,-13.395420,22.094748
1.250283,-10.477589,14.542953
23.868996,18.922625,30.431522
0.195410,21.688929,49.121162
1.351678,-14.684684,9.934245
-4.134649,17.388458,46.191959
9.601582,18.475973,24.247021
14.561753,13.739205,30.167334
16.763292,-17.129801,47.823845
-15.251294,-11.745353,33.394150
-9.283078,18.916325,49.404579
42.427826,16.578136,46.575382
-8.203223,-8.934440,17.769192
-0.697170,21.132818,57.310001
20.892603,-24.186199,35.849648
-16.843185,-5.054821,57.512810
-6.299705,-13.626420,27.263493
31.599968,-21.226706,37.947842
0.082233,-24.180706,40.876396
-9.501081,6.385496,10.556048
-11.830843,-0.817031,39.865120
3.316984,11.689107,13.850986
6.953161,24.357338,48.245567
-9.220670,-20.725601,48.588203
-8.366694,9.180504,38.940651
-8.246794,-25.443161,39.026241
-2.856263,-21.132006,58.196033
-3.972697,-13.430432,15.214394
25.315346,-12.976317,39.126884
-3.659351,20.048035,53.150082
18.379869,22.881830,32.818466
1.662635,-19.728693,28.772444
0.185180,26.389841,59.689865
4.432567,29.293774,50.575409
-12.448885,-7.312771,13.604190
31.136517,-4.416754,31.220228
-5.430473,25.282503,16.482399
-23.223600,-10.859410,25.597191
23.467516,26.685627,54.089901
15.523410,4.094455,11.639336
30.699821,27.839592,47.480175
34.298676,14.693257,50.677654
4.451278,22.170156,38.537464
-3.818012,-27.903389,35.888779
7.290861,27.295488,29.316004
23.360575,-26.597925,43.010864
10.125431,-19.884367,32.835495
19.422674,-24.110529,54.135899
-0.103078,12.759530,20.638184
36.341892,15.606101,52.852467
-13.853415,-6.829597,54.954105
-15.037315,13.088118,33.701092
7.309057,21.819202,25.928930
-12.614004,-8.572886,46.289471
-7.316700,6.270269,19.731083
25.406778,22.503941,36.756252
13.796857,-15.417474,26.699808
20.826855,-26.389238,39.102585
28.288836,-10.128585,33.204212
10.638940,8.481040,10.329197
25.679268,-23.574036,31.262291
-21.409006,39.414566,41.210415
21.148979,-14.859664,36.113827
23.238770,-6.800247,21.988129
13.748911,-4.099396,22.528854
9.672039,28.754057,50.846516
-7.207118,7.914288,50.599976
31.010643,-13.134469,36.790184
0.846678,22.004271,56.255711
3.049347,16.850452,22.705889
30.797857,5.219201,43.934914
7.071073,-18.661280,32.704613
27.566198,8.602637,42.197723
43.604759,5.091058,51.476418
4.014343,30.806971,48.917610
-14.905931,-4.527466,12.256752
24.367285,-7.877857,35.955299
-10.587753,10.289647,29.271175
-5.860762,3.428772,5.821867
-16.689856,-3.575611,29.160059
32.181721,-12.244039,38.932621
17.253870,-17.924335,50.094341
-6.864107,29.510239,58.620033
-17.222572,7.491372,12.832463
0.926042,-18.111149,37.067875
-19.396952,-0.350944,51.439495
0.269853,-21.740915,39.445721
12.392392,1.707665,17.072329
33.692753,4.760210,35.826332
15.018584,-21.633133,40.071625
17.760603,-8.229522,15.734855
27.603535,0.942454,26.056170
-1.921127,-24.446350,27.323793
28.523460,8.708597,32.117264
-6.641734,3.446374,2.696692
11.070230,-18.768494,18.204651
8.649097,11.240992,20.840933
-12.323321,-19.097803,35.318859
20.254448,-19.957930,56.894070
17.747204,31.867735,52.340469
-7.740865,-27.039246,55.998867
10.154647,9.917624,19.227497
19.923521,-22.357874,40.196583
10.167284,32.356865,48.107567
-29.247162,34.920979,33.982231
31.339996,-25.101320,46.965321
-11.806985,6.756765,34.634212
26.591217,35.231190,57.749367
-4.794426,2.716946,2.243103
-9.599999,-17.139429,30.103764
22.945589,8.296481,20.738668
37.730377,5.767491,59.546879
-14.417144,12.998304,40.466415
10.146707,26.176317,43.794968
-20.087900,-1.943644,50.074963
-2.924727,18.275335,21.958324
18.848843,-14.432124,14.811673
21.388266,22.582918,50.694466
21.013569,25.257317,60.018757
-9.074663,-22.935535,42.435215
4.107899,-24.522427,20.243515
-9.396218,18.441566,25.343590
-10.847861,28.147116,17.456175
26.925373,8.217213,44.321861
32.258892,-7.876182,31.869200
-7.488463,27.635674,37.971401
19.402876,-19.670296,31.012369
18.430534,-22.688953,38.582615
16.770025,4.363608,22.026257
-1.446092,-21.351875,33.655167
14.536152,6.678868,25.797810
-3.790075,-25.598480,35.737888
25.153782,18.351166,26.963928
-7.047860,39.342175,48.742664
35.950779,-0.204897,36.165047
28.446764,19.692789,58.656067
23.802364,25.393847,57.721333
24.581985,1.950789,16.634995
30.186159,-11.040895,54.054585
8.918959,30.168283,46.449543
-14.139949,-16.027147,18.435371
5.082544,25.570269,59.496342
22.923172,7.718462,32.209213
-25.334442,13.363137,12.822431
6.213965,23.646765,59.675812
-3.510982,18.400312,33.581337
-25.370367,-2.743738,19.952286
36.534618,-9.165843,33.752998
17.064634,22.890060,50.884575
31.720041,9.146158,48.096664
18.836618,20.850103,24.924906
0.626184,-11.885585,18.019793
-17.731153,3.858837,22.254852
-15.348410,38.357147,39.966072
-22.921841,-7.265378,29.250362
-12.732944,-0.732018,43.694107
-2.397848,24.101398,44.839111
14.979730,-13.437984,26.534100
29.721991,-7.456301,41.318787
17.936159,34.316364,59.475037
-11.861560,-7.504207,58.290455
-4.709718,-15.338239,59.668709
-11.501582,10.553251,46.533405
26.236998,2.268018,21.805042
38.516621,-7.930862,41.670010
27.554214,2.951107,31.642454
-4.926988,10.214703,6.468968
28.475502,18.962254,44.882721
17.416319,-2.442125,8.759429
22.347313,-19.382221,34.502708
32.654373,-13.189825,45.948021
29.938005,-26.855686,54.143478
-51.255917,18.229969,48.174770
-0.981486,-13.375456,6.463295
28.173822,-0.204753,30.031301
45.083527,12.161476,49.950207
3.543048,34.820465,47.297989
20.818373,31.651979,59.471878
33.978939,-12.888948,31.449848
1.072337,-32.123508,53.383572
15.665829,-1.830602,19.678514
-10.521192,-13.080306,37.869938
-9.805252,-15.725837,45.184345
-7.602180,25.013947,28.315636
-4.538839,11.708039,14.652767
-3.622662,13.290178,18.865761
24.744959,25.587069,52.893993
-17.919399,4.273276,10.895925
4.582308,6.098141,12.076346
-10.753894,-2.451769,56.866024
-45.629326,-7.839859,60.106155
30.123983,-7.795210,31.039392
17.740353,-19.398615,37.068630
15.029138,27.336319,51.366207
35.526451,8.458664,47.605942
-6.133385,40.262375,45.105927
-17.325903,0.043771,34.957298
-25.176540,39.238503,41.530056
14.269088,-5.197363,8.694094
2.211149,-24.464584,47.289761
-11.857278,-11.623958,37.715614
20.447830,8.511345,34.895531
35.472790,4.479478,33.345730
-8.072459,-15.234909,27.785330
6.038024,27.855272,33.709854
-7.104600,11.228321,59.899033
13.922976,-28.851347,52.944855
-13.675370,7.798508,39.671848
16.166740,-0.695031,25.337490
23.805117,-16.015444,34.022015
33.428425,2.581331,42.768810
-25.405746,2.440611,17.303986
-15.862202,6.672760,59.704693
13.522191,21.241953,43.797867
36.985867,-19.024529,48.723217
-10.440438,11.481370,24.356745
34.244713,30.096148,59.706955
4.387033,-16.070210,32.695072
21.205912,0.864108,22.300205
20.322847,24.727917,58.208733
-36.015644,38.596085,41.744637
1.640531,-28.164608,38.138252
-19.156925,-8.826145,22.022888
-44.297989,-4.502885,39.802277
29.018576,2.494547,39.076145
22.787237,-15.172584,37.473141
-13.638287,-6.384535,29.749813
-6.276263,22.623322,31.403759
34.949718,14.021188,47.141193
19.889963,11.344522,35.873131
26.255127,32.148460,45.752136
-11.988562,-1.525859,59.590015
-28.300657,39.094727,41.949863
-20.322039,-6.777363,46.310421
-13.372599,8.364676,32.463650
-1.486400,17.062000,54.974873
31.598791,-17.285183,54.514038
32.636036,22.661139,38.569012
-23.363455,-3.166672,35.142605
34.150036,-21.759699,48.307373
-6.740674,-13.089967,25.051516
-14.296001,-3.319700,13.679716
11.542924,-21.150759,23.886524
24.852436,-17.796259,28.511312
-2.873831,7.758793,14.709006
35.696838,20.850872,41.831249
35.300549,15.688893,48.694031
18.136362,14.111581,26.914522
33.375893,16.193687,47.977238
-11.661433,20.323168,56.925659
-4.048517,-19.690470,41.165039
18.555201,-18.061821,48.179691
-6.648897,-2.627037,3.693877
14.320053,23.381720,37.979904
19.108549,-20.260212,42.428513
-43.843006,28.985888,34.337032
-3.272710,36.152599,48.601528
-14.549766,-10.666919,35.068291
-11.138711,-7.166294,17.561689
26.737633,-12.177836,27.963680
2.183974,11.207633,8.130475
16.391472,-23.371298,52.101631
-8.857927,12.975038,24.591549
-0.463057,18.255465,29.552507
-16.829418,-3.271401,24.067696
25.627485,19.911171,37.604504
35.983498,5.476250,48.988651
-10.498099,-7.872078,14.351330
35.613605,-21.800470,55.453236
-8.621360,-21.890965,27.069029
-18.956774,-3.102217,46.247120
-4.252738,9.811868,22.107574
17.368589,24.674185,44.433926
20.948750,-5.483624,23.695423
10.032547,20.651186,34.637321
11.278305,-20.742950,17.105253
8.917448,7.927255,8.489123
11.601482,31.172455,44.900349
-0.711246,17.189817,48.570419
34.850346,18.927870,55.869709
-0.987680,-16.438644,20.076866
23.554029,-28.042665,52.210316
22.601126,33.124947,45.025200
-7.034289,-21.483238,54.977661
26.044060,-8.863125,48.451855
-16.930668,4.197886,13.069084
20.959400,-15.442791,28.535517
22.462299,-24.632267,53.100334
-11.712324,-16.581182,40.601532
32.374065,-7.754823,43.476948
23.052860,9.599406,33.479019
7.572799,-16.415592,15.573750
24.585892,24.782843,48.605988
-0.309740,26.292915,46.936878
20.778854,20.251837,41.891758
-32.879200,20.291498,20.104855
29.381571,3.522902,49.259979
-8.302578,-18.789667,44.361858
35.255264,-6.931859,50.880829
-35.026810,13.042312,21.708544
-35.376755,16.970249,21.804379
30.341553,19.798018,41.838570
29.855120,12.359118,26.892925
3.874497,-28.738932,41.847351
21.902954,9.392585,24.195368
-5.209371,11.721047,53.214001
12.198186,35.480251,44.939884
28.549004,12.204388,39.852303
13.488633,11.002811,24.642885
-1.482421,-17.832304,51.768578
0.975699,-29.070637,35.499203
29.097029,6.116661,43.912178
18.509136,21.883266,43.765846
-3.543461,-16.108820,56.373108
-11.673169,2.933094,38.262199
29.957203,17.840088,41.957474
-2.236093,-21.991680,59.913410
27.582106,-17.302383,26.490934
38.844250,4.620325,44.507866
16.262049,-29.746365,53.776123
-48.192104,-0.040645,55.393673
-14.754480,4.857583,17.535471
-14.054921,19.711447,45.280117
-2.942507,-21.525152,32.414799
37.475586,5.426705,43.000721
-10.379029,-21.214832,46.615677
10.831079,31.191336,42.876110
-39.166374,35.636040,38.737202
17.939949,-30.654570,54.611870
36.654797,-0.328506,45.430462
-0.963740,25.127171,37.315956
-3.386393,-21.792416,48.626141
31.821644,19.705851,33.534660
-12.433542,-16.509735,16.153502
7.671957,29.048262,42.169365
7.662758,-25.556974,47.110538
28.384176,16.810104,41.714443
-0.686064,19.487982,21.531998
4.031033,30.797068,38.786320
25.067732,9.801811,26.111208
22.921947,4.142846,29.962742
-10.606394,-11.900337,52.142071
-11.959237,-15.520576,47.002975
20.344339,-12.970726,27.987791
-20.422928,4.227207,24.736502
-14.442948,-0.069866,19.249559
12.005739,-9.834541,24.639608
29.949903,-4.220672,35.484711
23.031998,-2.098823,24.491058
33.219696,13.641139,46.368198
-1.416569,-32.423210,55.715557
18.078196,-31.257633,51.196602
6.310221,26.423626,27.410334
28.232018,16.840231,46.554264
4.603882,-5.207119,5.324164
-13.713667,-19.474819,28.378204
0.145958,-23.081156,27.930727
41.729034,-8.657137,53.023788
24.591969,-4.750157,30.218145
29.074423,-17.210415,35.700577
-6.699981,12.535281,54.247025
-5.198555,-29.489502,55.009628
15.583864,-18.471657,30.335613
18.740017,21.029881,42.051159
10.072769,23.124834,23.426163
-0.778658,1.753384,2.396405
34.519547,10.001369,33.678905
-48.404896,7.818086,59.715431
35.460472,-13.493907,44.615280
32.373180,24.017416,46.982391
1.050632,7.576680,13.168988
-8.055463,6.735488,5.289926
20.127808,-5.523781,27.269238
6.004327,-11.751419,12.554870
4.846632,21.118994,21.429886
-7.170708,-19.055086,51.741848
11.486575,-17.972824,13.698676
26.600012,-1.412734,28.081116
35.826183,-20.873587,49.268784
-43.246624,19.425312,31.815313
35.527992,28.895451,58.295181
2.104259,-22.268383,23.959496
11.650672,9.770204,25.225641
-0.259240,-19.267027,45.687801
-4.564845,25.125462,39.226006
24.821510,-6.824831,16.576330
31.416325,11.995955,47.164783
22.650021,-21.462969,25.331240
-2.255288,32.460278,46.552944
18.198959,33.050915,56.312061
7.447999,22.454086,46.475365
8.591459,-10.980082,15.550432
3.367751,-22.500538,36.474854
2.102172,21.475115,52.343086
32.303364,0.808108,37.713490
6.029434,24.296291,25.430845
-41.171440,36.294498,54.200371
1.060135,-0.987053,3.341275
28.889769,-17.741407,27.892395
-9.310948,8.015389,32.203094
10.248614,6.532121,14.335120
30.719435,9.408056,39.228409
8.225179,21.601500,28.936352
15.920024,27.369341,49.560356
15.760970,14.302482,26.494766
35.618000,12.954057,37.654640
33.723866,21.612753,53.885746
22.896526,-25.442665,31.821381
4.395712,-25.701357,44.407257
-18.958025,3.968617,9.046677
-20.167070,1.972869,35.446472
21.541403,-28.206564,43.944923
8.884604,-25.211597,41.942863
18.943052,20.756031,38.501842
-8.663420,4.362338,45.779324
-19.454870,4.098245,15.534447
-3.992959,10.792327,9.283230
-48.152500,23.862272,49.923191
-7.352025,-23.048439,40.334126
36.575325,3.914584,46.582214
-4.642926,-17.139030,43.673824
19.191765,7.748186,17.380278
-14.863436,15.659543,51.465412
-3.969121,23.125750,51.693466
6.640316,21.580965,59.629425
-14.803062,12.410603,49.545242
25.101851,8.308441,19.983669
-12.407344,-16.231020,30.801796
38.678696,-5.646121,40.691296
1.693982,-6.354569,7.818926
20.514093,-23.449089,57.161205
0.815957,0.492218,1.871126
-9.203656,-31.107302,56.801468
17.345594,-19.268278,31.052965
4.092988,17.100008,18.476515
-6.583765,22.172922,22.998331
20.771496,-4.830450,12.212201
34.708618,28.348135,56.314545
-4.990461,29.915026,45.464531
16.070787,-8.517058,9.405622
1.419232,-20.556843,22.162939
29.346060,20.163513,46.109802
26.620941,6.194668,43.658234
18.418812,-12.954287,13.582929
-19.438089,-17.262688,28.457691
-2.682169,22.972921,20.757616
-12.072309,23.199709,41.502670
-7.477909,-10.963188,19.683634
-23.317043,38.954449,40.879124
42.558205,-12.605895,59.518082
38.449196,7.341940,41.875797
9.991052,18.421633,32.739788
2.087945,18.077768,53.894432
6.250207,-13.191606,7.419023
0.858524,18.302896,10.886386
1.609117,17.012049,19.731398
31.336668,16.506783,47.616005
12.209074,-15.719190,15.162014
26.015921,-11.449824,48.485603
39.967155,5.721378,40.252605
-41.995842,-18.549749,57.210548
14.333721,17.217075,20.649990
-11.555699,8.482773,31.251297
36.846249,12.545710,50.113811
0.137211,-13.817030,15.911430
12.644378,-21.826183,40.498920
-7.584991,4.643855,47.539513
12.765647,-28.943684,37.614304
17.423723,-7.508385,28.641819
30.549728,-15.441126,27.341867
15.213147,15.564527,29.603899
-12.705815,12.135931,34.891769
-18.113424,7.975688,7.407214
9.461406,-29.749392,38.961460
12.938318,20.042278,25.242115
-13.133243,-16.599035,49.927444
13.321639,28.016470,59.860851
20.075470,17.564777,43.827145
0.166362,9.968373,6.375619
34.595383,4.956317,46.697128
27.123949,-0.762402,37.045296
34.814278,6.033605,30.027370
-6.172362,14.340438,56.207989
-11.048324,-17.266125,42.306175
-5.400488,-11.743710,13.433723
-8.472303,37.564777,35.347473
6.426660,25.355984,53.204220
27.371506,-25.175257,37.544579
19.994911,0.377763,19.061878
7.002196,-16.298651,22.980339
39.630833,5.712514,42.277279
2.779553,18.223072,10.506411
-15.350806,4.218590,51.181820
22.086597,29.841904,58.446491
-6.793485,-17.527719,22.890244
10.948107,-12.647342,15.591413
29.829952,-6.730798,34.352551
39.051395,2.089226,52.814579
-10.246453,-19.377659,17.914221
-6.190696,5.791577,56.139343
-17.388693,-8.823877,28.681009
-5.655893,16.573730,55.756672
-12.173977,2.522035,31.172359
28.253740,-7.534976,21.033894
-7.796462,20.281754,59.987263
-6.158792,23.559742,54.981876
39.153725,5.156518,46.400433
-4.116236,-17.274071,27.074205
39.724472,1.681852,41.178783
-4.131991,16.213865,21.218529
35.842598,-3.665703,46.467876
32.999081,-0.999775,49.661480
0.593442,-18.732313,22.502689
10.022741,-16.597618,13.648402
2.350112,15.484447,29.284178
-47.649269,-3.517503,56.522770
-8.714840,28.384529,49.331615
32.315384,22.063774,59.716988
-4.582194,39.146038,42.511089
35.952309,11.543653,54.283302
-40.568233,36.964439,52.503452
23.275036,13.324003,39.959198
36.218006,-8.122408,52.761166
30.641329,12.627992,30.027193
42.044720,5.836748,48.630104
24.974613,5.730618,19.093239
16.999897,-29.008858,50.135818
-1.593962,34.482384,40.608479
-20.856737,-13.961526,31.244530
29.296640,-14.974388,30.522532
32.886940,-17.679815,48.775295
15.427240,-2.850943,17.973478
-22.597895,-5.080281,18.858875
11.907173,10.322413,20.141453
30.084915,18.756113,33.238152
19.201757,30.580063,55.035755
31.861237,-9.981168,31.140554
-4.380898,4.270287,10.147169
2.769897,-27.684183,48.518608
23.366072,-15.860858,52.070038
37.789978,14.671377,55.568863
23.839041,2.291392,18.683376
16.466331,29.056269,39.102703
11.404715,13.361006,29.960548
14.651184,-14.034631,30.404867
2.422164,-4.330328,2.657740
-43.290779,34.715000,54.450890
-5.368700,2.970136,54.441093
10.624430,-31.328485,39.915325
-4.841887,-16.376398,48.237022
19.639229,-19.974867,54.671482
18.820284,-17.374838,51.352253
-19.090776,9.352953,43.105652
1.174626,-18.926384,56.955940
8.778284,8.625641,11.768416
-1.040987,-15.241621,8.616526
-14.207325,-10.365595,28.934986
11.186757,-3.307477,13.956874
-9.778871,1.377257,55.084705
-3.871808,7.527474,54.224644
5.600400,22.272482,24.520607
4.559849,33.692234,51.668777
-36.187374,-5.657508,32.569916
-3.979585,21.605247,25.061640
12.717585,10.932867,17.849058
29.107948,13.019771,36.427132
43.900494,10.623349,57.538948
32.212029,-7.047863,37.299324
13.211977,-30.888983,45.318687
12.071175,-22.679733,30.734516
43.078415,4.149468,57.472637
15.762716,-13.727789,34.703598
10.001145,29.974089,48.634468
-16.637424,-3.505349,34.684475
37.294594,8.855185,38.900311
6.231476,32.238544,54.558388
-9.496462,-13.418624,17.118683
-6.842656,-33.829208,59.587467
41.873062,1.217711,47.434654
28.118238,1.037907,45.839443
17.870403,14.501019,17.431444
6.209015,-3.931370,5.048083
8.224775,24.887625,25.745489
31.296553,9.721147,55.176193
5.368741,-7.547504,3.851099
-2.492936,-23.359764,25.594631
-7.775524,-16.696001,53.012714
-13.070162,-1.278218,27.769459
2.852449,32.213394,40.857773
7.365613,-17.357805,19.629236
8.490519,-31.799580,41.124554
35.312214,19.476110,48.396450
38.178368,2.530396,45.466568
-13.184987,-1.956138,14.188737
2.606270,-22.731833,25.896931
28.201139,21.859446,40.248188
13.231229,28.854872,57.968933
7.723096,19.173477,27.286247
19.071100,14.765853,38.640682
1.178615,28.562078,51.143291
-15.175732,18.073660,29.194839
0.217842,23.727303,32.192680
16.973890,-15.228539,15.638902
24.716333,-7.887762,30.706381
28.117310,6.656680,24.809660
-11.379885,-8.085588,41.677299
21.278912,-2.150577,23.310528
-14.404735,-14.217567,49.666779
0.762322,-21.326534,46.448372
21.305124,28.147100,59.615368
1.425212,-20.121174,35.620438
-3.847805,-26.172064,25.665956
31.590109,4.606863,30.725260
-10.885717,3.780752,48.770870
9.605204,19.492645,18.777328
-10.744833,17.472860,59.697887
9.714829,33.621048,54.342293
3.254279,16.164047,59.718040
-11.925930,-9.968570,34.250957
4.983878,-22.422970,16.504999
16.889790,4.609805,27.492493
19.469353,-21.155682,34.766151
-10.148617,8.318581,22.372988
6.991714,28.242821,31.426191
-11.826123,17.489876,39.419399
39.082436,0.356675,49.531715
-40.028305,-21.117023,57.787220
10.672484,19.841719,38.665054
0.750653,33.127251,52.433414
3.627364,-31.356672,44.086254
47.584076,12.044589,57.202274
9.934381,19.961132,28.021086
26.191902,27.588533,39.416039
5.367816,27.751223,54.308060
35.578510,17.660494,35.637558
27.202963,-12.862766,52.397690
-6.033660,5.322765,4.451557
-23.961994,34.554684,31.452389
13.211106,13.425174,22.039125
1.592442,-22.164547,16.393213
-13.386440,33.278015,27.009258
15.295712,-15.745734,22.886372
38.797432,11.784856,55.222782
17.644955,-13.215363,37.062939
32.126549,-18.693089,38.475788
-49.924522,23.325726,47.113697
-13.023212,15.903593,6.817808
-15.449810,0.593539,58.707928
27.005602,30.860933,59.563259
3.700389,-1.076644,2.696090
25.501081,-2.882497,23.163254
22.599121,2.138216,34.371201
-32.488598,3.356930,22.969610
7.389649,-28.662321,54.330902
44.546532,14.628735,57.832840
-7.858426,19.635002,30.671410
-6.632581,18.024176,24.873762
19.723637,-24.457064,30.436071
-15.120336,4.010914,11.554479
7.048640,-26.585640,58.427094
-6.152662,-18.765224,14.150621
-17.412264,0.874344,20.234674
29.468000,-17.745842,57.904224
-2.882265,-6.294904,59.731548
0.095550,-26.252861,52.529781
-23.101822,-4.049661,37.841686
40.473278,21.278122,57.432014
8.011536,26.327839,52.184948
-8.247421,22.575741,33.315578
42.477070,14.583805,51.174274
8.745613,25.735456,50.334511
-19.256136,36.801434,36.833256
-5.123653,16.636909,24.730879
43.205894,14.693542,55.205849
16.550724,24.580679,55.840816
-8.133245,-31.554296,53.810745
-6.581560,36.399338,51.025810
28.424652,-13.037556,55.417484
-9.887053,-13.235868,41.915653
22.193707,-9.119832,37.012699
33.277298,3.249960,31.071835
11.795331,29.667986,59.531792
19.976265,10.207707,20.082809
44.648811,-6.835360,53.682663
-10.829222,-17.653992,35.706005
6.602675,-29.137663,52.275814
-6.642565,-21.638811,52.720299
-5.949619,-26.668272,32.794067
22.445055,22.061596,45.438057
-6.332116,-19.109112,43.019543
-25.160357,-10.270205,26.523254
-14.592658,-17.451679,41.835312
12.706424,-25.747694,32.739613
17.027586,-0.426716,10.437269
18.644634,16.614508,37.908710
-4.934617,19.247360,45.202709
6.716965,38.376194,52.017990
-13.376896,15.357859,47.125832
41.399883,-9.642221,48.190342
9.111690,-20.829653,36.904327
18.860687,35.086906,54.722195
17.656153,-23.400761,36.119297
26.235294,7.020643,31.079355
14.598918,38.202671,59.613140
-19.615000,-5.667205,51.320137
36.998486,1.711014,46.743954
-13.675555,19.767792,49.096191
39.194206,23.057779,47.280697
-12.034259,-24.630478,38.500484
-20.109634,-6.474613,16.656584
-9.471029,-23.112799,48.185581
4.468994,25.370852,27.389040
24.761103,37.404064,59.763386
-1.145550,16.105755,7.404369
-4.256503,-24.414461,44.456512
-17.700344,-6.268886,53.041946
3.633169,22.274755,24.787619
-11.451777,-9.781231,26.099957
31.011734,32.567524,57.676167
-4.332943,15.175358,8.756608
12.617639,14.606453,20.671268
31.222494,-1.830177,43.468925
-6.305017,19.344950,23.470787
-17.123123,-14.612432,43.281895
14.143949,29.884745,40.048588
-15.234904,5.901533,36.106136
-11.244296,-16.103630,28.728006
38.426403,-2.885962,33.992115
31.990892,-20.518921,36.147453
30.174149,-11.599510,32.973408
-5.494513,-20.529842,42.071964
-19.929787,0.818369,39.265472
10.214952,16.292150,33.144955
21.082022,26.877647,58.079197
9.235951,-20.143045,15.593030
1.604297,20.050928,44.688118
8.680676,-0.104285,7.190147
7.372693,-19.060642,59.864731
10.470917,-17.333433,58.579235
-2.924369,-18.318373,30.734110
31.864862,17.434284,35.893932
6.548846,-26.763010,39.433407
24.251305,5.213345,17.358070
18.653549,30.627390,46.885361
-21.398323,-13.654878,27.719687
11.374066,-15.503028,24.333584
-16.147346,6.104386,46.762955
11.279909,20.427992,19.958797
1.229801,19.255402,29.925570
-3.470215,-14.593718,17.200853
9.182742,-1.988183,14.714699
37.657272,-1.456595,40.740761
-7.390923,-3.631793,53.363373
20.558748,5.647022,26.748383
-35.026119,-21.815779,50.005077
-3.062414,22.437683,59.928013
12.415277,-20.672863,20.945271
15.460582,-9.104477,16.405348
35.299629,12.254793,35.797016
4.895255,33.953648,57.493366
-9.286703,22.505770,28.795097
-16.322805,2.722383,46.029980
32.073360,8.601337,35.928909
0.559679,8.416543,4.619667
-6.520710,12.053679,23.351112
-14.017681,3.534981,18.958015
11.123546,-21.251701,34.193073
26.259678,-7.694300,26.393452
7.444766,-28.882786,40.507896
38.979271,15.556098,45.476742
24.153456,-19.911154,30.141438
29.991842,25.030979,40.601212
-28.421516,30.768463,24.219883
-24.511084,40.103859,37.492271
3.815271,-29.648994,32.584984
12.995602,10.708326,28.514174
-14.978902,4.777258,9.022607
10.711817,-8.524489,6.225862
4.900359,19.694181,24.204351
31.766415,-2.749011,37.556774
-15.336155,-14.949497,41.705040
-9.102292,7.659977,19.841831
34.035183,27.983103,59.513924
-0.038515,-25.505558,59.613789
-11.769142,1.940618,57.428299
-0.409753,16.889194,17.072433
-5.959270,26.789869,45.699387
-2.812037,36.176025,59.788288
1.229400,-12.818921,11.608310
37.913914,-12.442213,39.859463
-3.376630,-17.377209,58.073719
36.633392,-13.200085,55.736317
4.926387,-9.425939,4.353819
-51.089092,14.088797,43.322498
-13.454104,-11.372657,56.811695
-9.755688,-22.588253,22.699228
44.873714,0.569029,53.576797
3.921596,21.016794,50.092388
5.692002,24.891079,50.022305
32.851467,-24.164198,52.035526
-4.625031,20.950409,15.455476
13.196326,19.273123,38.939339
26.204714,-28.625774,56.567379
-11.351865,1.614352,47.469345
-19.503538,-1.667802,23.086369
-13.998553,-24.949415,40.768005
14.910624,-12.080331,30.935789
-10.711684,-12.134385,35.833187
0.005014,-17.615894,60.028862
-9.335992,-12.335945,25.249094
11.894717,-7.491689,9.405113
25.363066,-16.367195,59.862438
-16.335306,-22.425068,45.782925
-24.311607,-6.802307,25.742884
29.785166,0.293776,26.593328
16.338556,-14.922945,31.372379
-5.462166,-13.456413,17.255381
-0.161872,-26.574739,48.492077
-14.829322,-8.274886,48.670353
1.822312,31.170839,51.779839
-12.703989,4.803231,46.607155
40.821800,10.547359,52.928394
-11.408631,19.696173,41.539143
23.233549,-4.635838,23.782982
29.583553,-24.176268,52.214275
-22.725285,-4.706339,42.675461
-11.345845,16.739475,35.738167
-0.314930,-27.848419,28.270874
1.083232,32.254509,42.398575
-15.049812,16.279236,25.185778
32.161247,5.228465,45.560055
31.387873,8.295384,28.977842
23.100447,-15.806581,48.296532
-21.450104,28.207901,17.828081
27.174988,-7.115186,22.843124
26.001122,-4.193258,25.179140
12.689875,15.082641,23.003748
31.714657,-3.101432,40.937820
3.004123,27.603144,56.363010
34.191368,5.714378,32.089935
-48.277828,27.710642,45.772861
41.584446,-4.223854,48.123001
18.260147,23.269320,52.757351
1.904225,-28.650524,51.867886
-6.948195,1.932559,51.647026
-11.335555,4.038066,29.128950
44.899693,-1.616695,48.768696
36.033386,9.130410,50.767780
46.993179,6.650459,51.601490
44.955402,10.374422,53.230598
24.327509,17.246092,44.918045
26.186640,-19.545042,31.355606
23.386084,9.822415,39.560387
-10.702391,5.970659,30.352648
35.934475,19.012585,43.985001
35.433403,-0.384492,29.588806
-15.573553,-6.849255,55.920006
-16.595701,-7.707100,50.561283
-11.359238,6.613252,51.501022
46.286728,5.961593,59.736397
-2.280563,14.741696,14.642611
-7.606544,16.901003,55.347279
26.911402,-28.537622,50.368366
34.185883,5.807994,52.132587
42.520737,-8.047205,47.410007
5.076678,-6.509313,7.591259
10.561646,-17.043388,25.700481
-10.598155,-0.972043,9.637976
-2.104233,-28.844093,54.359932
3.989836,30.999147,54.441654
20.173878,-29.826128,39.252003
-43.284599,-6.387661,40.499016
7.896602,-32.169701,48.914581
22.659492,24.225687,30.773405
20.716949,-14.796634,38.520786
-5.607276,12.981055,25.038218
-13.208733,1.991214,26.976917
42.331951,7.444154,57.481365
2.441139,-27.272598,41.368660
31.238096,22.590887,51.511196
6.429599,31.111357,59.658661
4.581679,26.777706,38.696194
-9.844781,-15.882404,35.309792
-10.861754,23.461945,59.737198
22.073517,17.516750,47.280300
-10.074821,16.360493,33.563980
41.236576,-9.693107,59.635899
-0.024304,23.817472,29.151346
6.783459,17.871597,22.123556
-1.281557,35.823868,44.882000
-1.825657,-15.051190,26.413147
20.047119,-22.471790,36.372505
42.857792,-3.989407,49.828812
42.893078,8.399364,49.093540
-7.536517,17.195974,35.688366
-48.380226,20.120193,59.926495
-38.039696,-2.493141,32.402172
-11.484006,2.254725,55.510323
-2.132640,-26.709915,58.262272
28.065575,23.171831,32.899815
23.753265,-29.832382,49.130154
-7.864646,-13.295918,8.359707
0.418859,18.617619,14.346767
-12.105336,0.719744,37.255394
-3.212139,12.656637,55.832314
29.837627,-13.364087,25.297098
35.432041,-17.510765,49.984619
29.768467,-21.582720,49.106419
17.767212,-8.849777,30.611666
40.116001,9.142959,37.794704
5.158683,36.707718,48.674576
-8.364706,-19.232857,47.649406
-6.105739,34.166206,43.651028
12.154094,0.152640,18.984056
-16.744396,2.569430,11.552976
14.813153,-21.953234,34.455040
18.707506,-18.014507,43.387085
-37.416862,-13.541300,40.279194
14.230176,-21.195187,28.521397
20.100231,-24.267456,39.099934
-12.286822,12.599745,57.984638
0.781539,-18.828314,31.491066
19.925415,-14.912547,50.063816
15.754504,-20.618948,24.489908
-6.372360,-30.082640,48.702896
20.128244,34.186123,58.660686
4.912223,-27.811251,36.423244
-27.348309,-21.317226,42.314896
6.634908,-5.523348,3.655817
42.041386,-1.237919,58.312775
-1.814195,9.127837,3.803616
-1.973757,11.438320,4.399084
-13.049847,-18.622496,33.354481
12.669962,-15.602483,36.042286
38.764843,13.277697,45.753693
-10.104144,15.214458,47.992279
13.114604,-13.003085,9.841433
-13.850756,9.864265,21.134985
30.564980,-11.356477,30.127972
-0.453624,24.445623,49.276794
8.685577,15.973989,22.123941
35.965496,8.987253,35.545506
-6.856355,-22.412659,47.532089
0.690289,-25.774435,44.695259
22.735647,4.737596,15.470240
1.662393,21.517618,32.489212
-16.025900,7.007262,48.645203
15.658796,-1.419844,7.337154
-13.427011,-7.722633,21.565880
10.760701,-20.407097,56.039612
-12.661442,-16.642078,45.237041
-8.706665,-20.022886,36.226776
-12.763040,17.749781,34.723759
-5.761804,-26.629421,49.152901
13.213332,18.393972,33.970570
19.189238,-11.629292,27.277153
28.896711,-9.368652,28.349691
-5.408685,19.546144,36.019402
8.764133,27.854933,32.095585
36.742558,-1.206309,56.576298
1.548940,-22.097971,35.782646
-19.347225,-17.908550,39.413246
-17.123718,-0.785365,54.404789
24.089855,26.624611,46.492851
12.793497,1.800535,10.172061
-17.601065,-26.555832,48.173416
14.973454,6.816210,18.521662
-4.394753,-9.035617,8.883691
21.415659,-9.811722,14.587350
29.678555,-12.105815,38.462315
-48.194893,11.008559,41.279171
-26.665945,-31.888861,59.987091
-7.265008,22.741106,19.229353
-12.876368,-14.457954,23.379436
4.714737,-20.612301,19.583551
13.092828,12.306657,30.664686
6.589329,23.314634,27.162683
24.533340,22.842419,46.069012
15.244517,-16.455721,33.742050
18.873850,-11.542325,16.517254
-4.006034,11.886980,7.517202
38.289257,13.430738,43.750378
3.208789,25.015261,31.770838
-9.434838,-12.011237,46.864346
31.456478,11.373452,42.350681
33.409374,-7.396036,60.014473
21.273113,16.927729,41.573620
0.002254,-25.359526,25.166822
11.711484,-20.389368,51.873974
-46.444103,17.800720,36.753201
-0.597900,13.510316,53.691753
38.182106,-2.589474,38.917652
-4.895782,-5.370609,2.707284
-11.271782,15.688081,50.553814
-4.386426,-15.956522,20.478418
35.810959,2.783833,50.002232
18.034624,-21.965715,22.738756
-20.536665,-4.414052,21.347660
-1.564283,-20.993771,19.359680
28.636393,23.201479,50.594028
-17.412977,-5.270034,51.001190
4.244180,13.567163,24.890375
7.111474,-24.345387,31.727476
17.705349,-18.106678,34.059086
-16.078026,36.850143,35.286259
30.404425,-25.013494,54.964622
32.950073,16.406582,52.441174
-9.060325,-13.447883,30.864594
37.853664,14.127702,39.524773
-7.075252,27.885317,31.760881
-17.502977,3.890277,50.299580
11.739338,7.047737,8.192944
-11.507509,-7.638994,55.775726
-1.005864,6.659502,11.748189
-10.346653,-12.136525,50.099083
-10.711427,5.160742,17.421015
9.028380,-23.522362,40.952526
-25.081892,-11.895510,27.917912
41.383049,2.173053,56.732502
11.202749,24.091679,46.347233
-0.515771,-24.791103,49.691456
21.865288,26.245741,56.442215
15.804161,-10.188598,19.524532
27.274733,-17.578674,31.687225
17.631912,-20.971947,56.563656
27.292015,-7.084527,50.666615
4.533949,-3.832014,2.707375
23.896833,-22.704210,35.100254
-10.120254,13.975699,13.484839
31.348011,-4.035365,33.739433
37.703770,0.400270,42.130322
27.294487,-24.458941,55.637772
-8.656415,-10.262923,60.124748
-12.158885,-10.092013,59.737392
31.864283,-9.910788,57.414246
26.939157,17.189484,30.887413
-7.274473,14.977325,8.217404
3.800694,-24.390322,54.451675
17.333021,24.198236,28.251396
11.036902,-24.394135,43.264107
-49.292439,22.303980,41.175900
-1.644464,-5.720176,2.367027
14.139851,-22.440992,21.138626
-13.716024,2.145573,37.841343
18.818155,-21.052174,46.063137
28.829184,-26.487865,43.539268
-17.139601,-3.313407,51.617229
-17.912157,-0.720386,43.601948
-18.113943,-13.407102,50.417976
-21.874151,-1.403454,15.426553
-12.687963,21.522017,49.782146
-8.045171,-14.329581,56.361027
-10.450298,-14.676120,57.870289
23.837770,-15.537883,57.655804
-11.770380,5.986625,13.413671
-5.702837,36.189533,46.925713
-13.839171,-11.733884,23.858620
10.802422,-14.563846,15.923124
33.203274,7.329363,53.085743
19.726011,6.210988,23.322748
5.116348,18.493872,34.465549
-10.057203,25.786203,55.044651
-11.597307,14.562352,46.975372
16.214073,-21.793814,21.162912
-6.668116,-5.518934,59.687450
-6.765690,-4.378667,4.940212
39.797516,3.822426,40.134140
-14.943721,-7.678744,10.071837
-18.503283,9.929426,24.351612
-0.777258,24.211498,35.430458
24.359598,-18.805702,33.756718
-8.343399,6.205632,44.152832
33.900284,2.095661,53.204712
29.012350,7.537106,41.477341
23.948702,-28.938242,42.301891
20.358255,-12.359595,23.987246
44.642532,0.742303,46.824173
-14.457241,9.867112,47.404938
9.020305,-15.233451,17.197031
-16.387032,-20.075932,27.843082
-20.370457,-1.530838,25.851004
-17.364162,7.140063,54.655727
26.909138,-13.788672,41.633175
0.363407,24.090553,55.508308
8.661026,-19.456888,42.574829
33.846035,11.968740,30.573938
2.728001,30.834946,37.384995
-2.284724,-30.595791,57.908405
4.259995,-18.458984,22.768568
4.176660,-20.482306,24.954748
1.549527,-22.895496,31.967564
-16.494246,4.212323,48.587204
28.361168,2.956305,24.924900
2.230945,37.925251,56.243504
18.664566,-13.721441,17.811584
-12.974438,17.684185,52.086765
41.566631,-7.391406,43.964478
-28.339579,37.498535,38.543186
-38.237579,22.970148,25.600771
26.895300,26.497810,45.777275
-10.188126,-0.783782,13.316035
-6.960465,13.877606,22.632282
6.879222,-22.909395,43.860722
33.098869,17.176405,38.783550
17.334702,24.727522,37.102802
12.386436,23.980492,38.862366
0.212388,19.910559,33.838158
35.614429,-22.412909,57.374043
-18.260319,8.918188,34.345463
23.955301,19.364780,39.018738
-15.805257,13.236755,28.514248
-17.407648,9.708154,28.245953
25.730528,2.430563,40.067806
21.889439,29.528528,54.570129
-18.639425,-11.077429,23.950832
-4.474376,-16.667377,17.734478
10.585789,36.750744,56.846912
15.537217,24.221983,45.965389
15.581853,0.545518,20.008062
15.715277,10.111842,25.623465
-9.842037,-22.551100,51.380032
22.547138,20.533577,38.434750
31.248346,-15.474346,57.943371
5.811532,-0.342790,2.836221
16.400652,-25.779022,26.553295
-10.146020,10.624772,17.908424
3.447001,-17.583038,19.893015
2.466446,-10.389173,9.807219
33.462708,14.692170,41.838028
25.307344,-1.147857,38.686382
28.693947,-4.237936,54.047535
-11.132716,-28.159473,50.828556
19.324112,31.388739,53.308327
29.409758,-22.505772,34.887211
6.455993,-21.782345,40.962006
19.740185,-22.233810,59.846485
-18.429670,36.856022,30.637894
26.329958,-6.722803,37.301041
-17.620953,-9.566403,39.821632
-19.497204,-9.273218,37.599766
25.173353,-21.896551,33.676834
22.857403,-24.438488,35.365482
23.418221,-23.625605,33.282177
40.348000,-4.617873,59.841255
38.079739,-8.023409,48.578762
22.292303,-19.550409,41.613426
-5.114404,10.606292,26.134516
39.414440,4.838830,51.443974
26.653481,36.074696,59.615917
12.755548,31.475962,50.274727
25.215925,-16.594841,31.755074
-16.212112,-8.425616,19.775589
-8.694724,-0.488810,59.663189
13.085934,8.173441,25.153057
-10.610238,12.753074,26.249542
12.434183,-23.207535,20.548405
-20.687124,-5.408716,49.491455
-28.060390,36.701317,32.336472
4.072186,6.676653,3.613224
-17.738655,4.828146,46.067966
33.161339,12.030169,50.757175
-14.268466,2.781749,42.288651
20.946844,-15.752402,24.384214
-16.067846,7.974769,46.066456
45.478359,-1.912812,50.616314
-6.597754,34.547676,41.219803
36.897415,12.620023,45.082848
4.234809,-30.328531,35.996956
8.325642,-28.447914,28.678234
-2.864696,28.236261,54.319103
25.219055,18.767410,40.585327
11.509871,33.708961,60.024181
-7.189883,30.997122,48.206360
-5.700464,5.114966,6.843216
8.854308,-10.765281,8.795459
-8.393340,-10.337758,54.913326
-1.863120,-14.649889,22.582098
45.905975,13.626795,53.422840
25.552866,16.373245,39.169952
24.137825,2.787752,21.985403
-24.264360,-13.218587,34.675655
11.464022,7.065692,17.369408
33.390942,-3.791446,37.070206
-5.435010,20.049524,48.980045
29.084877,-12.231020,29.012009
28.657894,-2.829380,49.976665
-10.304132,5.673634,38.328690
16.483927,17.049702,32.717705
33.437958,-9.497357,51.094593
25.117163,-17.250731,26.516350
-17.254192,-5.782812,33.170994
26.403242,-4.154229,43.010872
-7.695628,3.961857,8.065865
-0.712424,8.471790,14.554507
-5.359041,12.449497,9.471504
23.354855,-14.524527,46.585659
-49.160172,11.849496,45.508957
43.017994,16.529293,55.391823
-16.880148,-3.509897,13.419514
-19.277571,-4.348328,39.237526
-11.524652,-9.906893,40.259163
-13.045033,-3.426947,46.953827
16.313097,-25.287127,49.845558
-6.701909,-6.802141,54.932198
15.196689,-24.967173,54.043201
19.409233,-27.392590,45.533585
32.445984,-11.272472,36.499268
-9.198919,-2.727394,50.063324
-10.107534,-3.237534,46.578110
-0.622978,18.859135,32.289337
-9.245374,-1.100730,48.210152
27.053505,23.270416,57.807732
28.671265,21.334742,57.192486
0.459563,34.640572,59.801949
-47.157440,20.586716,35.026718
11.945407,-21.628376,49.824821
-0.599759,18.626760,9.796304
42.174522,21.052994,56.169079
22.203268,-3.639015,25.541960
-23.005394,-5.480224,23.694487
7.676563,21.961248,54.215511
13.444371,-22.365063,51.268391
13.569213,-20.573954,54.655525
-44.756523,26.188295,39.002068
5.612926,-12.171477,16.774836
4.297576,-22.743898,50.756992
-7.324716,13.758364,25.474655
29.923483,16.744375,36.505947
-12.188146,3.371249,12.494058
0.751947,21.731237,34.406605
-8.682794,1.007028,48.686764
29.696419,-4.119001,37.665108
33.396435,-2.465018,32.041042
25.463715,-27.411924,39.406727
-6.828191,10.877862,30.484116
23.070148,-15.672139,27.446005
-11.756527,10.912734,53.929466
-29.539715,-6.284873,27.782343
31.699766,3.095297,28.789196
-5.307912,37.803638,48.514744
10.754148,19.797466,30.724205
-15.067442,4.340170,26.028961
10.588204,13.976912,22.184208
21.501545,13.338796,22.230680
21.004698,26.177036,32.323002
4.896636,19.019966,58.062645
13.434687,13.068700,14.735181
3.464400,11.865129,21.293472
-20.747822,7.003527,39.621059
37.581322,21.910732,54.824158
24.467026,-4.587626,37.576653
-7.163520,23.343102,47.765266
-31.107611,-17.609911,39.773228
17.314745,26.350901,39.696522
15.414557,21.647955,47.978119
16.496859,-27.095200,46.234455
4.497019,8.845735,4.736748
-4.658375,6.921336,15.570676
-18.175673,9.127108,50.547714
-48.879494,-6.368294,49.363548
-19.472054,3.131723,37.402031
-21.956907,4.858912,34.401569
-7.469664,-3.889660,6.641238
16.629930,-16.875149,31.023249
-12.673317,-30.701609,54.436470
-9.971257,15.284167,54.106106
28.564028,-19.370655,50.715088
-22.485149,1.090246,41.780617
-12.927390,-11.088195,41.738895
-0.809942,-26.042801,31.273838
17.078005,17.482916,19.940222
36.504398,21.208431,52.220589
-15.114709,4.143730,32.455692
7.907558,29.388035,50.207355
-18.778816,12.864594,35.907703
-1.814857,23.665009,33.385303
-8.876717,-13.262508,54.686714
-15.627319,-15.577971,33.924706
29.122591,-15.748984,34.533363
-13.763022,17.427965,55.492188
9.874480,20.581259,24.567905
-10.072078,4.110204,11.467588
-21.131456,-9.640298,21.612137
37.332882,7.581828,48.159920
28.687332,-5.639978,23.868622
29.895308,17.308952,50.956436
-14.396197,-16.532330,35.187363
-5.953238,-17.826767,20.005592
30.116068,-0.058205,44.656605
-9.695593,-10.023871,51.918903
37.017414,-16.716654,54.180397
19.592640,28.653151,37.863228
-5.068266,33.317642,57.245644
26.758421,22.876167,50.779907
11.683331,-28.824713,55.274353
-6.804477,2.229281,57.349220
6.712021,-20.174854,34.114258
-1.018698,-1.597292,1.780482
19.969400,-9.085274,21.755724
-7.432916,15.879137,22.436781
45.885178,1.437548,50.537308
-48.841908,12.598759,57.737572
1.683954,19.757307,42.433731
13.846232,-19.370531,35.298046
30.484507,-16.146255,43.476250
34.803017,-0.583251,44.161812
-1.960838,-13.105844,21.087255
-2.383700,38.345158,52.986156
-0.623034,37.368439,56.281380
35.441654,14.718498,45.135822
31.418997,-6.059444,54.741600
-18.450014,5.776462,44.603989
16.009138,-16.917986,14.852168
18.307011,12.760080,33.005009
33.673454,3.128627,40.600182
-15.815554,38.534225,36.289032
24.300978,31.219746,59.585087
21.091837,-20.264513,22.304495
16.754330,-12.968548,27.668283
-13.162035,-9.201218,52.487335
11.672841,-26.880341,53.700909
30.519695,0.571011,54.096169
25.792656,25.842199,54.697571
-0.040783,32.762878,33.652317
3.450036,-25.267725,34.375778
-12.014130,-15.117171,34.565388
31.738358,16.599985,50.705727
-18.834654,-14.378477,46.300739
3.166668,2.896463,7.139149
2.791271,23.262817,43.340939
40.814438,-8.052593,41.672321
25.351324,-22.849424,37.009644
34.016972,8.192984,44.118359
24.823982,-13.071450,19.908512
-1.301820,-18.811420,48.056137
-11.496699,-11.525796,13.589331
-5.152013,12.712631,50.518822
37.239124,-7.811292,59.877743
36.561588,26.091995,48.615700
37.431332,-19.811729,53.288662
35.378113,5.718135,38.137859
17.273243,23.241289,34.930832
12.906569,-19.475378,59.886185
-6.652873,35.930088,39.806332
30.080780,14.941139,40.131992
-12.718877,9.142387,47.012081
8.467877,-15.755779,25.498365
18.873034,8.682413,31.921038
-10.947007,-12.688723,10.775352
-16.939728,-12.326635,49.040833
-7.779577,15.326588,50.834511
16.944883,2.040827,16.669975
28.895210,26.508343,54.477325
-8.323337,7.643095,17.508610
-3.150513,23.026201,14.104151
11.180495,-29.687504,40.991695
16.919691,28.154387,43.639969
-14.820857,19.202454,41.468960
8.759199,-17.701931,31.990788
-18.673473,-8.137247,52.882378
14.157434,22.918158,45.045921
15.365267,-20.468966,30.841162
43.231823,-10.986044,56.014805
-7.418558,-21.298836,18.516283
-0.884875,-22.676193,35.906887
-11.305707,22.114267,57.751457
1.895659,5.850466,10.285714
-14.984097,3.031226,24.048944
23.870193,1.442534,31.798096
-11.570889,4.058239,43.281651
-13.889133,-13.175016,44.378304
-14.085932,-9.791000,43.304714
-13.313694,-9.256831,41.563068
-2.820089,27.536396,43.287071
-12.804978,-20.890839,45.436401
-21.368553,-11.008245,41.661758
17.445547,9.355269,25.207064
17.153419,-16.849861,52.548157
6.944323,-14.163593,17.186853
-16.057402,-29.459955,52.724869
-13.864051,20.851168,39.132442
-16.251431,-14.946357,35.641697
16.337666,-23.929691,46.082497
20.815458,-10.295639,23.844454
4.108751,33.759735,59.850952
-3.051866,-0.227593,3.537638
8.252134,19.506521,17.091476
18.791597,-10.549709,19.955585
4.504912,24.787613,24.041977
32.427738,22.578388,55.931610
-19.848415,-3.045198,42.813313
-3.401645,19.136755,15.810096
-2.415493,-29.740688,42.053181
30.044418,-20.013557,32.098862
11.894254,29.425545,52.372753
-17.642700,-10.103560,31.621008
-6.531259,8.918484,59.401756
37.675392,14.707135,50.437618
6.229908,23.925280,23.461498
32.178825,-2.902460,30.591736
28.776791,-10.225491,51.861641
-6.996936,27.912508,53.685421
-20.619560,-0.894191,30.557541
-12.879280,11.253842,32.151699
33.992504,-8.188957,42.500214
-9.196735,-17.230780,41.403690
-9.203579,-14.366685,39.734371
15.787974,21.816080,40.821938
27.816525,29.155375,41.346054
16.973644,25.999338,31.303331
24.365788,11.303958,20.895744
32.527950,8.502516,27.385485
-4.083824,-27.931889,40.599121
-12.633633,-8.181747,36.487675
-3.812382,14.277562,48.887020
-20.436766,-6.868961,38.074879
16.554575,-5.270063,15.449649
5.093968,27.649220,59.715630
-12.339090,-19.118504,20.292919
20.443310,-17.319687,45.651329
-3.189369,-24.247644,20.969872
21.465488,16.581696,32.358864
15.285734,-18.210535,43.008392
-5.909430,16.794079,12.982584
19.333460,11.570614,15.973198
-12.733124,7.839360,24.337011
7.301247,34.176678,49.768513
42.651352,-3.870678,59.959301
-8.283480,-11.724209,49.177513
-2.144669,22.357109,34.857067
-5.501585,11.995479,44.831272
34.601524,25.893616,58.633598
35.979206,27.670355,59.795872
-16.959145,15.639917,33.804008
7.633612,-3.193987,6.548167
8.610432,-6.119634,6.874405
27.312035,-3.840578,34.980026
43.727016,-1.955876,45.179146
-12.491879,-18.094959,18.333855
5.825566,28.380669,43.290493
-3.447750,23.840174,35.373886
16.755049,-16.631107,45.810204
7.690531,11.747975,7.864459
23.398794,10.548452,27.454836
29.584917,-7.940757,55.750439
-17.522697,-13.019858,29.801910
11.427788,24.158270,43.798447
-18.062372,-14.585404,26.473675
-32.139530,37.285870,34.886303
24.742983,18.388765,33.821079
-31.049831,-4.999300,27.824892
13.458437,27.015343,36.575195
-12.050954,-20.329998,38.778481
-1.292711,-23.106030,51.538036
22.523170,11.779602,35.993511
-15.775908,7.281530,41.035480
28.986956,4.428072,40.785965
23.109922,5.563739,32.707497
-18.987482,4.686353,27.523615
14.355907,29.530617,50.258450
12.261439,13.439047,26.090418
-8.324565,-22.768061,30.981102
-0.287304,30.985281,42.794331
9.531049,32.144970,51.048542
-22.832495,-5.893172,34.582535
-15.298493,16.196600,35.512226
8.349483,35.862530,52.460159
44.070168,8.422406,53.293224
10.706419,-16.033239,35.375088
18.034842,-22.280739,52.367798
26.324446,5.845792,36.846565
-1.798228,33.787426,34.134300
13.117407,-19.141031,56.214314
45.709354,6.191541,55.037369
47.314117,2.859560,53.957497
24.400356,-17.304081,44.196594
-14.858571,13.503264,6.870893
-18.424337,-3.187466,37.257446
6.585620,25.894156,55.420319
17.774940,-28.626040,57.643032
9.866470,34.449196,45.014545
-12.803690,-2.782906,35.617558
14.597088,-7.067587,20.913126
29.690157,6.604814,28.251884
-9.346399,10.410037,25.742205
43.495586,-3.690243,46.255661
-19.756851,6.334357,24.875139
27.582888,8.860103,23.025526
28.816263,14.932259,44.784672
39.106323,8.384587,53.301865
31.548971,4.525339,25.027746
-0.789926,18.252693,37.822144
6.655462,-12.515324,18.511261
22.287785,-17.377832,49.201717
-16.161524,9.468693,57.246811
-4.440427,33.487839,42.340401
17.326437,29.620005,58.110836
-4.857391,-9.469239,59.876400
-7.625974,-7.703255,59.757481
-8.367424,13.326828,58.001251
-2.012080,11.863913,6.618430
-21.208017,-3.073667,40.506744
0.272170,-15.698480,17.128977
-12.073201,0.203032,18.864269
30.984865,0.623153,30.074455
-7.978464,11.094150,48.107925
26.208103,15.437858,44.450027
7.743098,14.818416,19.829918
21.460815,-20.817244,37.033218
-11.158534,12.007637,12.377488
6.018064,-5.906122,11.814665
28.395754,15.394011,49.878807
25.936256,11.443854,36.136791
0.077891,19.698877,59.707924
-20.906389,-8.297163,23.479736
-12.814552,-8.391773,54.276836
-10.339956,4.015689,24.414654
-12.856304,-21.183220,32.125637
32.473145,-19.528851,41.932323
-38.502934,-26.164534,59.721024
18.671000,6.014983,11.862896
11.738495,-27.660971,44.323597
11.483754,-11.846442,26.870611
27.295681,5.569290,28.945295
10.846997,-7.275490,14.136162
27.072823,17.916458,36.465076
40.779648,6.976510,47.937267
35.332329,4.251440,29.467724
3.218999,9.687904,9.449883
-51.474331,5.035079,48.660175
24.478672,9.933554,31.239384
-4.577473,14.922088,13.186128
-2.579151,16.576347,10.507470
43.771908,-6.824579,50.095291
23.756554,-9.014861,33.979160
30.569239,-1.072458,24.056957
-16.335184,-10.270842,18.341274
19.138386,-8.970357,17.849411
0.480628,-29.566029,56.110184
23.099134,21.887589,49.133972
20.228279,25.552761,50.171345
18.379972,-25.901537,53.471943
-5.661981,-23.834131,21.563696
-43.634262,-15.887706,50.892395
-4.202411,25.236570,28.198547
-5.240996,10.353182,13.283191
0.588649,31.171017,48.776604
14.359381,-19.631706,17.488316
44.276146,-5.159759,57.764400
-12.634706,18.210167,46.238060
30.549891,3.144184,27.027443
-14.860099,-3.278856,54.523479
-18.406765,-12.827861,36.162766
33.311604,-24.589476,56.291592
16.354296,-20.485640,46.195503
-12.761157,3.025844,6.918825
22.753901,22.964220,37.136940
29.943453,-4.820078,32.678822
-2.951175,-18.228352,47.371502
32.560749,-16.003561,59.725010
4.575715,-15.415814,11.984940
22.226454,-15.749453,43.315910
1.938296,-23.279520,49.079407
5.465671,27.923676,29.952669
-43.668102,25.839394,35.859394
38.586658,14.202095,37.091507
25.941483,-1.565721,35.076736
40.991940,19.871197,46.546806
19.368563,-25.705370,47.344612
5.509858,-31.678093,42.876507
12.080049,23.765879,25.748247
28.894247,-6.588775,36.118893
-17.222668,-16.702494,34.137329
-15.950001,2.323837,32.263817
42.920578,11.934251,49.955853
26.718218,-9.596301,23.944740
29.156485,22.863749,46.558750
42.305122,-6.198483,53.097694
-4.844897,15.570001,16.560953
-7.263487,-2.264725,11.064411
26.344486,-19.919949,54.006699
11.051419,-18.253103,41.998913
42.789673,-10.632712,53.380539
-8.091947,9.190525,46.368126
-15.260477,12.986582,46.433968
12.858725,-31.031219,37.011883
-11.350036,17.215216,21.857437
27.750280,-6.879174,30.313063
-8.970484,3.610862,3.184611
9.563247,-10.191556,6.463405
-21.853657,-8.524035,26.730101
10.605165,12.719045,20.113758
25.804895,-20.122234,51.276390
25.397688,6.407300,22.664408
-6.624566,2.539382,11.406316
24.438992,27.402121,43.647076
7.875958,4.963163,5.810857
-11.477138,12.404115,52.647446
20.617756,-17.334896,26.314375
32.087238,-1.058309,32.640839
23.111633,-12.393785,52.640987
1.144644,35.379696,46.190804
19.383089,-7.496935,27.874796
14.797400,5.093138,20.356791
-10.204663,-14.466945,11.512980
24.532423,8.443179,33.936050
17.612358,31.218893,39.027306
2.344282,15.976733,8.503291
18.384655,15.740994,25.649630
-9.340474,21.073900,25.781324
23.821358,-9.917665,25.261566
11.782877,-22.249634,18.747147
-0.119906,34.128441,47.198757
-8.982336,6.688098,41.914440
-3.303081,30.196341,53.146915
34.300583,-0.581607,47.630203
1.177205,27.047184,32.540348
18.660542,11.742819,27.588968
26.715984,-13.503531,46.543896
2.506323,-32.089520,55.537937
-8.545591,-4.624907,51.446075
-10.306155,-5.084378,48.339863
33.420330,-9.943670,55.975021
42.187935,-1.149681,54.534035
-11.057009,-6.077846,11.074571
20.006178,-2.338319,19.502670
-11.346414,-17.804592,29.629854
-15.992627,37.493515,31.628130
5.072795,30.546249,42.964138
7.917810,-19.356451,29.952053
38.445591,18.030283,56.576687
20.609627,13.273889,29.964485
11.309525,-0.739510,11.218371
28.664433,-15.767502,48.779446
26.166920,-8.600568,50.344917
-10.703959,4.131539,39.515560
34.454937,0.041831,38.315807
33.516670,0.515626,40.775803
-3.730698,-17.432949,54.210388
2.420015,14.348328,10.775969
21.442755,31.797361,52.978851
21.146362,16.209862,28.636171
-14.278792,-21.957432,28.639595
11.118386,-24.057514,37.668320
31.655014,-6.316667,35.328773
7.775373,23.276976,24.600719
4.870381,29.625675,34.364830
-17.327333,-3.749779,48.883350
-7.101005,-14.825966,19.302511
9.153002,31.501354,39.688141
28.805748,1.984588,35.726486
32.514271,-20.272070,55.197296
-15.462630,-4.964288,22.676981
-12.349611,-5.737381,40.053650
-6.472511,24.983141,51.469097
20.671785,-19.493679,27.727922
24.223759,-29.765968,47.243698
12.588206,22.970984,28.131857
32.625893,-19.491661,46.135334
41.790562,1.479185,44.881161
-8.175083,-0.076393,12.026844
-13.837775,-7.694802,12.252723
25.965822,-19.083561,35.270367
22.818581,5.265850,18.972038
32.488216,27.562111,50.887238
-10.037954,40.411213,40.310333
-2.494356,-25.613802,29.115974
5.744608,27.984241,57.918602
-14.363893,-13.593794,24.427851
25.533085,-3.510419,31.460232
19.188662,-24.860003,50.873516
-16.735493,7.908089,20.139074
9.382756,4.359611,6.969667
28.334801,9.986632,40.392567
25.400408,3.619756,18.149904
-7.555395,0.062977,6.829886
-3.846442,-20.278284,23.273378
25.836784,27.807364,41.819172
27.048214,30.511703,43.854187
-0.203995,-22.054016,52.941376
32.778343,-16.472157,52.710041
-22.577053,-1.025323,20.703531
9.305403,37.403706,48.576488
-1.934306,-2.141347,4.112168
10.147675,22.849205,48.910206
29.258036,18.890287,30.361292
-3.426764,31.858059,50.311466
15.110958,-17.572701,44.908379
-11.195594,19.601915,54.233948
-2.655890,34.074356,59.652172
24.655075,9.435274,21.594410
27.392408,0.556534,35.542233
36.700298,0.074666,30.997921
23.554853,33.617676,47.100311
-10.367307,14.985536,52.084625
-6.309507,21.769941,24.924349
-6.962361,26.657291,50.026089
-13.227403,14.204718,51.461872
-12.988370,-7.146737,51.910576
5.023436,3.129832,6.850068
6.312924,23.932106,51.787781
-7.943028,5.355101,14.347260
-21.889032,-9.853137,28.241310
0.782190,-20.886871,32.134075
-9.134484,17.545368,53.855885
14.658858,-21.086672,18.812428
25.678576,12.695952,40.713470
-2.155065,14.981476,57.895611
17.692978,-20.452843,29.104731
6.846618,-28.223438,33.987534
-12.070024,4.394333,23.429922
0.347534,25.206474,57.703465
24.425568,-4.803387,34.405445
-7.137566,-6.731363,13.400731
29.529531,-21.365446,51.159126
39.738667,-6.594422,42.533802
-43.244118,30.577696,40.828941
-48.992573,2.337105,48.757206
30.038832,-22.066637,43.310104
31.784233,-12.827489,32.535828
13.677167,-26.431469,39.775661
15.101889,-24.280125,27.540842
30.614584,-2.039644,56.792263
0.722923,24.113337,38.313087
-6.151847,-27.014063,51.529682
30.754843,-26.194382,49.299980
19.054356,-1.614559,24.503260
23.887152,6.897051,38.455044
18.061071,-6.184461,20.695679
33.032467,3.268358,26.923557
-7.113450,20.541813,19.940308
-4.733934,-16.229414,24.243032
0.233721,28.648247,32.450794
-47.813213,17.395525,39.673775
-12.750777,28.708134,17.683424
-6.615603,21.708239,51.059700
39.067013,11.222654,44.850315
16.454838,25.742090,48.610691
-15.726341,17.886936,31.228653
-8.319446,26.377865,36.180805
-14.297214,16.555111,32.346458
25.740778,-26.270607,37.111889
-4.283585,-20.013674,37.401962
41.838188,-3.568361,41.507607
44.454525,5.764705,56.320148
9.257716,17.816805,22.106916
4.528915,-27.531334,51.798740
19.352032,-15.314590,32.644699
33.424473,-7.535874,55.386574
15.746520,-21.598810,43.213024
11.606168,28.159016,55.282696
5.870616,-25.465330,36.746204
-13.146989,-18.101728,26.881893
11.669286,27.254988,41.966812
19.570683,-26.892372,57.550430
-17.097288,9.960752,42.978138
-3.785010,-24.373198,33.875763
-10.094717,-10.742441,7.288858
31.360430,1.915128,44.647610
-22.005899,-10.649345,33.542549
17.257387,-14.171058,19.127686
-2.048988,-11.607018,14.344560
10.187848,29.698357,38.540455
21.323471,23.533009,45.050850
28.324484,5.379172,36.000858
-5.999710,13.584350,39.121590
-14.265674,10.968250,53.718571
-9.118938,20.954876,49.590099
31.978609,-6.642212,39.398643
19.985271,28.486208,55.140739
41.375195,3.776291,42.070358
15.910942,28.592819,46.530380
34.210102,-14.026272,52.927860
14.540850,19.850370,26.221912
18.027294,-24.636360,38.787300
-3.285821,11.233191,49.996376
-3.565650,11.839807,51.851372
37.618706,-4.086359,59.565979
4.097427,-29.800381,51.744228
7.684775,15.994989,31.222237
-10.443395,16.434080,25.864872
-4.565364,21.005274,59.737453
-6.998858,6.897130,3.518228
25.738153,-3.926817,40.853542
38.796059,-3.616689,49.358448
-14.845352,9.357195,15.643485
-17.802013,1.484580,49.016415
-23.625134,-22.213451,41.643227
19.615070,-25.553520,32.692421
11.164030,-22.597067,47.333881
-18.764673,-1.371637,18.887875
39.342083,23.279051,53.045021
34.105278,10.077260,38.260498
6.636118,33.289341,47.550587
-20.864393,-2.733532,38.548496
-0.186703,33.810341,43.203064
11.552467,-15.119433,21.323502
15.643668,12.416321,31.088406
0.372641,20.753155,47.590778
-14.751409,-5.528799,20.257805
-16.771427,-7.245947,22.554693
17.911413,19.047318,22.226284
37.693779,2.492640,37.927959
-9.806479,10.063881,57.693573
-5.910672,33.367928,46.795540
13.892272,25.780014,40.382187
-18.129944,-18.441893,33.173721
19.460764,-13.905890,43.967861
20.081926,-14.885013,45.780399
-14.975778,8.404552,25.843212
-0.033519,-24.069628,31.179901
-11.064157,-11.603167,39.470936
-2.042659,15.626959,21.086926
-0.948576,16.976109,20.127714
13.847494,-12.785731,20.236135
32.463692,-9.874685,33.150955
39.734558,-7.099897,44.786823
-10.102142,-16.365196,51.726528
-43.289532,5.900394,33.618622
16.462564,-23.502453,23.625906
7.134094,2.296201,8.908186
20.786787,24.483829,30.000685
35.401131,-14.299829,41.150806
33.071972,18.616850,46.645714
16.906471,-9.670730,23.507452
-48.795269,2.354673,50.716583
11.904332,18.766411,17.986374
18.076035,-26.537893,29.592216
41.391418,12.811228,41.640083
8.006157,27.285391,48.470406
-4.820237,6.566120,10.442267
3.082163,-14.481145,18.265266
3.892228,-13.610746,16.436146
5.904864,20.142460,33.396534
-43.978550,-8.931323,43.290642
-15.442071,-17.179964,28.624901
-5.462512,5.226988,52.467167
20.437281,11.063718,26.741535
-7.195870,-4.491270,10.665812
-8.571498,-3.988140,12.952359
45.859764,7.004601,48.679539
18.194084,-11.004536,33.709003
-10.736215,-4.474502,44.966644
11.896447,-23.176388,59.690887
-21.365461,3.529425,42.413383
-2.246653,-20.072849,27.071367
-2.647494,18.911146,37.813511
-12.174602,-19.361664,49.560871
-12.493631,-26.722456,48.410084
4.107314,24.121355,25.890835
34.600754,6.006698,56.307545
-15.148481,3.408257,40.230488
-15.063918,8.169294,13.486200
26.367434,-2.282015,19.906057
-18.594904,-21.060923,34.969849
31.970068,-13.227405,42.337242
28.402824,-13.569671,44.404205
-21.008152,-3.312109,36.211563
-2.012579,-9.558834,6.345390
26.756001,1.245326,42.621101
-11.562213,-4.983536,41.585545
-3.374556,32.193287,38.374912
4.852255,32.128235,56.732533
-18.182579,11.397074,44.604000
21.721043,-9.260900,32.623283
16.481253,20.375704,30.902693
23.900816,-22.433689,50.173519
22.575151,-19.303833,52.269054
38.012360,19.151754,44.638798
22.751043,13.469018,25.898197
-9.630645,-13.674289,9.687228
35.294975,12.173529,47.969303
-13.603893,-4.976895,32.441875
4.868267,29.107265,41.027637
42.633213,3.048768,47.910519
-14.721287,-1.505424,37.475365
42.420967,16.161579,52.767746
-0.563722,8.251684,8.893846
15.272234,-25.652512,51.546524
-8.676707,11.504374,41.760555
11.920048,-18.930073,29.795490
36.810898,17.297470,56.812710
-49.506847,2.169755,43.545689
10.540421,21.961851,44.504990
10.013309,-27.411551,39.777210
42.439674,-4.345220,44.050316
32.459152,8.903932,34.109337
8.668294,36.043789,54.547169
43.513916,6.528175,50.105282
11.125531,-21.052141,42.175053
18.887604,26.847115,43.263981
5.267735,-16.586981,27.944233
6.248806,-19.029488,26.781944
-15.287587,10.522729,40.232208
-11.918221,22.594500,36.873764
2.407088,-20.114994,16.105112
16.725510,-23.175816,40.798275
14.609018,11.061595,17.374004
-1.789973,23.278439,27.544725
26.577814,18.624699,42.651432
16.027624,34.544785,59.759312
24.301085,-9.754757,45.016293
-15.272594,-21.532387,39.879604
-41.666901,-9.232183,40.662621
35.146515,2.579141,59.680241
32.998806,11.057891,49.108250
25.025372,-25.877846,44.164192
26.600731,9.273989,32.565266
20.507153,22.179264,27.096018
-6.353320,31.657703,42.978420
-5.967414,-19.152140,57.680286
37.747646,-16.963844,45.696033
36.451633,-10.535015,50.812607
33.526638,-19.023630,36.546848
18.381632,25.655184,50.164429
16.774059,27.187296,54.895161
-3.553738,21.392536,40.801292
-10.442460,-5.196025,55.212250
-11.678627,-14.469182,29.647442
24.099812,7.223001,36.009136
0.807905,-25.651243,21.968706
1.990581,-24.400175,19.634092
-14.201673,7.000817,44.906357
-4.634300,24.322161,45.950813
6.082623,-17.464581,11.130159
6.849217,-16.354134,12.478704
-17.999535,-10.286443,53.217503
-18.909126,-4.723409,53.705830
-9.183102,14.209824,27.862135
18.612350,-11.415461,30.592142
16.215397,22.386917,44.112076
-7.200591,9.807968,56.808765
-13.471359,1.451378,24.931898
-3.254709,18.010939,47.790958
-11.707825,-21.184607,22.773499
36.044075,-8.342898,45.409916
17.082096,17.779045,28.764252
17.079195,-25.102310,44.515774
6.679264,22.289188,20.318165
21.988203,-29.582958,40.044437
35.485874,22.264687,57.979160
15.807333,-16.089365,42.643276
-18.918625,-20.483162,43.914623
-19.117205,-21.089764,40.437725
-7.785826,-27.244926,43.086945
0.686290,4.972130,2.437633
-16.519838,-5.897680,54.527805
-9.603106,-10.324499,22.191044
8.649396,-22.186190,49.609394
-13.647124,15.397160,59.856495
-12.703496,18.841507,59.816513
-5.085134,8.117006,18.858541
14.984728,-18.372757,15.946876
-8.801010,-25.904179,35.598518
9.507732,-23.701502,27.927275
26.210142,19.698610,28.756388
22.930494,21.402081,28.193392
22.706635,-1.240757,21.992460
-13.234535,7.760155,55.590351
-11.107099,5.204389,55.299030
23.533634,-7.486906,39.434113
18.493919,33.386189,50.029335
11.850657,3.017445,15.813413
24.065306,-20.541698,55.138721
-17.205845,4.926692,55.624153
-7.863909,11.990216,28.394461
-9.006314,-19.376110,26.984068
40.280243,19.221687,50.618641
-12.921022,6.251891,10.364068
3.191944,-25.124956,38.412350
-13.646288,-4.081223,19.447515
-40.611748,-5.097063,36.862934
24.175266,3.986116,19.681980
13.266409,-19.315828,24.071455
-11.170453,38.536743,35.582752
29.271223,-13.362964,53.550739
-12.827966,-11.961576,51.012882
29.616575,24.749750,36.358425
28.875319,-21.549683,55.622757
-6.049338,-10.055131,11.569740
25.672853,0.041487,31.266020
7.473243,12.911608,12.067561
12.630554,-21.970629,36.803032
27.632124,-21.138084,39.265171
25.905502,-22.263334,38.871181
-0.432637,-19.123594,55.095692
24.848690,-24.153126,46.578537
26.898190,-21.525734,47.775150
24.905546,-12.270864,31.481703
27.081455,-20.786104,45.170074
20.315687,-13.737346,31.933208
14.200148,-17.175787,28.071907
-0.306779,34.708290,37.255325
10.085340,-26.027210,56.645943
-2.492997,29.677174,43.538067
21.564339,30.309742,38.813038
9.581072,25.437977,39.995762
22.256990,15.718860,44.714054
-6.777114,23.700399,12.800683
-17.193777,-20.255314,29.679686
-1.854604,25.080496,56.421188
7.901877,24.673395,43.710945
-12.945765,-12.768828,19.877367
26.218315,20.613525,34.184429
-1.372022,17.108498,59.373631
14.739440,0.923735,23.155560
9.102518,-25.828320,28.490568
3.683831,-8.878533,13.142694
28.684519,-19.313745,41.786095
28.773233,7.942528,45.138138
14.973301,23.181297,33.136448
-7.555226,18.409985,47.928478
4.821016,-19.782310,42.880119
-7.021573,17.527187,58.661545
-12.369191,19.958923,27.371748
-19.563429,-10.499660,34.995224
23.977201,15.851167,28.706739
7.465058,6.060277,14.220385
15.146361,34.191860,45.815437
-16.400843,-7.364651,36.486927
13.739957,34.649933,54.830444
-9.645361,11.394979,9.106971
-0.801238,13.054923,24.050070
-0.770977,32.918049,59.690300
28.069843,27.107426,50.878452
35.129688,-9.534149,38.667603
38.033497,13.699183,58.056221
32.429863,-4.300034,52.421211
26.118132,6.972525,39.050137
-13.654179,-19.257610,52.533314
13.247286,-13.075381,13.093164
-5.339308,15.703017,46.039116
4.592430,12.307109,15.193752
20.291197,22.646891,32.664436
2.453026,-20.678110,27.360044
30.582352,-4.045451,29.238073
-5.678233,-27.590425,36.697487
-20.595119,37.987625,40.036114
-10.798928,11.083817,31.058779
31.271589,-14.123060,38.745304
2.211847,-20.893459,39.433495
27.489351,-0.507778,24.075029
27.936144,0.983727,28.162846
39.474789,5.011233,59.832348
20.026632,27.333288,49.285534
25.625605,8.088742,42.901272
-10.346691,19.712101,23.994534
19.308512,-21.756163,30.678888
-2.469712,16.547306,48.702877
37.212044,-7.264539,33.497284
2.317518,-11.726387,18.793768
28.953978,-8.720695,39.991879
29.968697,-5.944855,40.110878
28.404980,-6.497978,42.609558
-6.592891,-14.982621,59.543102
25.720161,3.221889,23.429407
-17.430674,6.232313,10.806024
-16.250715,-1.532092,35.412006
14.346637,22.787720,42.753361
15.659006,-2.444156,24.699656
1.400269,-30.131056,37.658176
23.925354,-13.516929,37.075214
-10.568083,-2.693900,59.867081
-4.581116,-17.597603,41.344009
11.557291,30.155905,46.668892
24.385426,-10.059605,47.761044
30.075752,21.785658,42.298832
31.951191,20.947252,42.253613
26.650211,-19.108747,26.035177
-12.964747,5.767053,17.018959
12.129900,32.519684,43.234821
-2.667969,25.626163,38.371716
38.131439,-0.321636,44.036491
6.848305,-24.383455,48.576088
0.245182,20.377876,20.103081
-1.572701,19.046083,19.664167
-12.427826,-13.777144,46.465096
-11.112865,-17.455498,47.225796
23.713160,-0.948965,26.035707
16.626219,-31.435492,52.650337
-16.670502,14.088293,32.601692
1.781835,-23.552879,22.554745
31.374203,13.365257,48.520149
8.323932,23.531013,29.509630
-18.186470,5.127040,14.347781
-11.790990,-3.639653,14.221569
18.855125,-23.886406,57.924503
36.654388,28.041084,56.240643
-19.529972,-16.136482,26.723608
-7.282232,-11.536605,21.619314
1.611250,19.646677,52.830162
27.888744,-11.068800,47.541504
18.578333,27.260567,45.327869
8.959518,-31.407293,38.064293
15.263214,27.681376,59.784840
33.486652,3.465945,45.919434
-7.673720,14.610921,55.050285
22.105057,31.649401,57.637321
-4.135835,24.500898,54.701714
-7.804349,24.609482,55.491440
2.962347,16.205696,30.893326
-13.207294,6.163872,36.004616
14.757095,-14.289631,28.379244
13.403737,-13.359785,31.803993
22.984028,-21.310253,35.973339
-7.941370,0.620565,55.005966
45.339500,9.710654,56.612087
42.685814,11.643662,56.584949
11.643867,28.818249,49.647507
16.668304,-12.357183,33.509918
28.510756,2.001623,47.549202
32.627525,10.512898,53.987747
39.889057,1.338263,45.904678
0.808795,-22.198059,25.752256
-12.699879,-14.664876,50.387775
-14.679822,-12.421670,48.863129
8.362528,20.903318,19.185610
35.643379,16.364880,34.291309
4.794882,26.497311,52.820877
7.413266,27.605696,54.445595
15.372705,-13.887595,23.844082
-16.447432,-0.713407,59.795628
5.487891,-27.894777,53.755787
9.133100,25.397680,48.357140
-19.868774,35.859241,35.173073
21.915354,-10.949156,37.749210
21.639086,10.234169,19.260017
44.668877,-7.753550,55.346939
21.863707,20.068356,45.101372
-5.982077,-26.598314,30.761047
-4.437127,-27.320028,31.762392
-4.550498,20.217144,43.514046
2.202540,22.327515,23.352701
-11.792155,-24.827957,36.611401
-21.089621,-0.438910,38.281387
10.364270,1.082357,7.096668
-2.194599,-14.958669,18.667107
-6.442199,-2.518392,54.809807
13.445032,-9.758410,16.573746
-8.107437,8.523830,3.938073
23.643738,-21.689814,31.033800
14.680125,9.513379,28.418575
6.585649,20.428986,23.252686
-12.318114,0.065621,57.958691
38.907753,-13.341864,41.211105
3.468598,23.128992,50.253918
-12.182910,-12.845580,34.528027
-8.344275,-11.571006,23.513346
27.496778,-24.581648,52.807438
1.480407,30.893030,41.104267
1.125217,33.064957,40.638454
32.491573,6.355115,31.199080
1.551949,-28.718634,53.843887
35.984840,17.391409,42.698799
-16.694321,-7.012245,57.523491
32.587132,5.049532,51.240871
5.609120,30.548595,55.344116
4.702335,29.422554,53.465549
0.435427,-27.606510,41.646317
-9.451384,-16.813660,37.082207
-1.422998,37.209457,46.162716
-3.073678,35.285393,44.132797
-37.393402,-1.077861,30.881088
28.543417,24.306171,34.462170
-11.631924,13.288029,59.714428
21.724611,33.997250,59.783669
7.784197,-6.982857,4.335723
-9.923073,16.953297,46.790462
-0.752141,-26.397245,43.664688
36.270390,-3.191965,55.850899
24.063480,28.646658,46.971336
-6.262227,-9.901789,8.213579
-12.087761,-14.329207,25.241489
2.171696,23.446402,32.407997
37.951656,11.609595,43.062458
34.223495,-8.518514,58.781906
-9.750505,17.192160,50.581909
33.954563,2.634806,49.520824
31.838413,15.168911,53.720951
-19.064548,5.097109,49.855209
27.921007,-19.095667,32.669975
16.938402,-22.487391,57.405308
3.912728,-3.141313,4.489669
-8.237248,-9.706450,58.350563
10.901937,-23.575914,45.211266
2.934675,-24.151165,32.508533
-27.516602,36.916981,36.823994
-18.351440,8.291123,36.364815
31.139187,-14.077353,56.620865
-10.146348,9.491519,19.562572
-11.920966,11.375183,18.227627
33.076183,16.363222,43.006100
23.543018,-18.262962,40.729454
-20.780113,-3.522205,49.272060
44.571552,12.230032,53.693432
32.760830,-4.314941,32.347832
9.986105,20.765312,32.487652
9.316698,18.601830,30.481134
10.823508,18.551659,29.304724
-19.640234,3.583403,39.316647
28.545193,-17.664940,51.890743
-13.467112,5.101337,33.225597
-7.654150,-12.059612,55.457733
15.449010,-19.730762,33.767529
12.058173,-19.565376,36.493008
-2.897099,36.315380,53.262119
-3.358735,38.498219,54.694729
16.923817,-14.313062,29.368881
-19.919884,-13.235683,45.204254
2.348559,4.409802,8.251384
29.981287,13.481048,41.685993
18.221092,8.810788,30.062874
16.989708,9.045216,31.587082
36.767410,13.049891,47.048954
-5.844098,-21.225317,17.240562
5.558476,13.297441,11.830396
17.528351,-11.421857,18.313744
-20.465233,-1.648873,43.870945
-6.572752,6.989163,59.788578
-13.290630,12.700402,33.229572
-20.835403,-5.581766,39.573269
-14.289725,8.955286,23.711920
33.449818,25.471178,57.035522
35.405067,25.770334,56.946182
-30.166458,37.625504,35.224983
-16.644438,6.297286,42.412327
14.479173,29.109037,52.280174
25.594145,-18.585039,45.137218
15.823516,-5.438926,20.841566
-9.463610,10.830647,27.700188
28.576332,5.997164,30.304827
11.695186,-13.608809,26.209654
4.296759,9.200707,11.024900
23.006567,-7.404275,33.037346
-15.585674,6.662158,21.047373
-4.160056,24.590755,26.301502
21.497936,22.155033,38.362892
24.754713,-2.769707,34.353390
-14.510622,1.656595,33.542141
-3.540448,17.152895,16.527370
8.553532,3.842355,4.069020
-8.039552,19.639303,26.105392
10.113726,-21.334909,18.938684
19.010925,12.295732,25.632158
-11.958382,-5.901618,48.640476
9.159807,-20.407141,29.074209
6.993446,30.929857,43.287697
-11.112068,2.277139,40.029888
-7.852509,-16.445965,18.342518
24.696524,-18.687382,37.054958
25.934513,30.342588,42.129951
-8.148046,21.249945,24.070482
-6.660350,28.603994,50.307404
18.477285,-20.025913,27.385469
32.202103,-2.593044,55.728554
-49.780949,17.989937,39.540928
39.245590,-2.798305,59.619934
12.346134,-16.421749,20.267735
9.912104,-14.603393,22.389042
-6.445348,34.376171,48.393673
1.237277,-25.490631,30.785347
-0.227678,-24.069559,33.084343
30.448767,-9.091121,32.779266
19.659348,25.663036,31.035379
-4.847173,5.068221,54.381447
12.118367,-22.773365,57.734619
17.236729,-25.644440,51.631920
10.082813,22.353899,46.487602
6.669562,-19.243080,24.725277
-13.638609,9.709290,39.709656
2.197449,-26.070942,23.158382
-41.380562,-6.246801,38.233921
-1.872127,-18.327072,53.779282
23.148056,15.834120,46.616470
-7.859335,16.598106,57.217049
-18.681608,-10.333348,33.272839
35.240574,-9.792576,40.533611
29.949297,-5.338820,41.962315
0.855401,19.540312,18.426334
39.534557,-0.519424,46.293808
8.788985,26.477547,53.876698
-1.414816,-14.743115,16.888960
-14.064008,-12.492077,34.709034
-9.847074,-10.226918,57.561592
34.577396,-4.614807,32.785782
-2.819690,-19.142458,52.337727
