-27.041019,26.975704,27.323706
-28.620691,26.203474,27.734325
-28.088718,27.680231,29.255514
-29.318115,24.603697,26.707737
-27.635796,25.568554,26.092413
4.750625,15.116014,11.432518
5.290458,14.075329,10.145146
3.572691,14.665883,10.073309
26.899319,14.700425,42.219601
28.567560,13.924134,43.486012
28.274879,13.122080,41.458458
3.215647,-33.078201,29.261391
2.845984,-33.658424,31.075392
1.121251,-33.169609,30.060205
1.143396,-30.913271,24.763243
-0.818331,-30.958698,25.562456
-0.723500,-30.042999,23.806976
17.246115,-34.156071,36.895664
17.285942,-33.500771,35.283794
18.783949,-33.345989,36.190483
15.763628,-33.464657,33.979809
15.745030,-34.156952,35.752045
2.006154,24.152721,30.992664
2.127968,24.524328,33.526123
4.190284,23.449863,32.119762
-49.010151,-3.269947,43.866463
-48.593922,-1.300089,42.859646
-47.914356,-3.016665,41.987782
29.397537,5.234927,54.401443
30.563139,3.689280,54.401443
31.199825,5.663885,54.401443
2.949817,-39.407440,54.404129
5.022254,-40.553154,54.400829
4.707807,-37.928650,54.403732
18.887930,18.893654,40.820240
19.492275,19.172815,42.619595
20.496162,18.356756,41.533501
12.625020,-35.539429,38.240788
10.736851,-35.368408,36.970879
12.276240,-34.964046,36.189419
-23.381638,-49.015526,53.159142
-22.729345,-50.394882,54.403931
-21.763157,-49.573715,53.274612
-49.028736,18.773624,54.402870
-47.468803,18.652489,54.402798
-47.737854,20.553219,54.402802
6.760374,-36.074631,39.049191
5.156591,-35.561329,37.317009
7.244424,-35.441422,36.762943
5.695410,-35.067135,35.467056
3.774929,-35.191658,36.181755
-34.948936,-9.403876,29.365122
-35.040733,-11.392761,29.783682
-36.331070,-10.036487,30.648195
-36.419376,-12.170973,31.121164
-35.136776,-13.349105,30.328188
-10.691914,29.316607,33.342205
-11.765822,29.170033,31.460106
-12.640194,29.688219,32.803848
-13.033198,29.025627,29.461929
-10.776035,28.516851,29.754061
-10.947327,-43.861694,46.150341
-9.676950,-44.320194,47.299564
-11.236387,-45.185108,47.302746
-9.935871,-45.549969,48.350811
-8.033858,-44.410625,48.314392
-18.171684,1.095076,12.039378
-19.142981,2.832865,12.677443
-17.988689,2.994964,11.156959
-31.991058,-40.900238,45.158321
-33.142380,-39.379887,44.733391
-31.324715,-39.789520,44.015606
-32.274635,-38.092438,43.348827
-34.312977,-37.692551,44.255753
-1.362203,26.634100,37.691441
-0.107464,26.208986,38.763889
0.627008,25.625200,36.849144
4.219655,13.306595,8.486831
-9.124126,29.240530,35.083714
-8.575206,28.654688,33.199551
-6.015153,-43.588051,48.624111
-4.544102,-44.114319,50.083839
-6.471891,-45.093983,49.910988
-5.096796,-45.628399,51.350910
-3.604266,-44.692059,51.448872
-8.186658,32.376068,51.251259
-9.682332,33.264668,52.516731
-7.630874,32.337532,52.765438
-36.876148,-32.744408,42.580200
-35.315369,-34.084282,42.427296
-36.785084,-34.355671,43.613178
21.113651,18.670065,43.306442
19.874409,19.506779,44.174606
-31.471636,11.594718,24.055927
-32.124737,13.018788,24.740196
-30.981668,13.362417,23.579727
7.088596,-36.596100,40.880688
8.780709,-36.334698,40.062786
-13.562308,29.619848,31.594498
-9.066395,-13.950953,8.591342
-10.063554,-12.890677,8.627964
-8.739182,-12.547946,7.383384
23.808250,11.495100,30.712408
24.693521,11.538064,32.415936
25.220570,10.297935,31.172922
10.723011,-28.039265,21.198645
9.242981,-27.502296,19.961744
10.734722,-26.998512,19.904612
9.075973,-28.738277,21.539335
40.236946,-12.188849,49.948189
40.011967,-14.272967,50.699081
39.691425,-13.582260,48.717331
27.144585,-19.469213,27.218952
25.889978,-20.827332,26.649559
26.259518,-19.371042,25.880508
24.712490,-22.023163,26.218794
25.708117,-21.900265,27.416636
15.731356,-34.826359,37.635502
14.091499,-34.904671,36.904507
13.971548,-34.223331,34.807236
-0.151212,16.619432,10.967173
-1.281229,17.568182,11.742529
0.543639,17.211985,12.313403
-1.971434,18.878948,13.401464
-0.364395,18.179113,13.334540
-29.881472,17.152020,23.028662
-30.491261,15.269322,23.271370
-31.392780,16.464006,24.449148
-43.616215,-27.647078,45.589321
-44.134174,-28.613750,46.954254
-44.672699,-27.223742,46.769588
-22.592382,-53.983608,53.247791
-23.444458,-53.000511,52.325661
-21.802170,-52.992168,52.205170
-5.079630,-38.181873,42.358047
-3.117291,-38.138706,43.045662
-4.380769,-39.381554,44.458378
-13.581663,-14.695336,13.579526
-14.170173,-13.103155,12.994252
-12.927254,-13.927789,12.204798
-35.245930,-32.148804,41.091442
-37.183224,-31.089794,41.664803
13.669133,-14.275276,9.906402
12.697199,-15.588117,10.248882
12.198092,-13.750707,8.789571
-16.147211,6.885090,8.027485
-16.713345,5.182075,8.931673
-17.435907,6.681226,9.503549
-26.989647,-53.128342,53.071995
-27.319889,-51.607262,51.784424
-25.038965,-52.156132,51.755741
-47.628895,-12.550683,43.845985
-48.457108,-13.128354,45.637302
-48.492355,-11.318236,44.987370
-9.857977,20.620218,48.862282
-9.554446,20.825249,50.624680
-8.902342,22.146740,49.585152
26.794186,17.250160,47.592583
25.165224,17.667944,46.182163
24.983141,18.452810,47.909672
24.503532,17.391544,44.554855
26.355350,16.577133,45.372349
-48.615665,-9.299956,44.546032
-47.695015,-10.562346,43.276890
29.765827,-18.526096,54.401978
28.962805,-16.573717,54.401966
27.692310,-18.157028,54.402081
10.595371,-10.928004,6.412597
9.484819,-13.004652,7.042668
8.398553,-12.032739,5.998124
-1.017045,-36.098400,54.403023
-1.990560,-34.846401,54.403027
-2.764554,-36.638954,54.403076
-2.886506,-33.177040,54.403015
-1.017743,-33.092861,54.402969
-30.280933,33.138195,43.541363
-31.219109,33.463177,45.393959
-29.667809,33.626637,45.128933
25.909840,-24.396032,30.237659
26.014753,-22.903576,28.816128
27.212929,-23.057817,30.584780
16.240866,-7.812321,8.570588
14.800042,-6.848130,7.290709
16.256693,-5.889204,8.104925
26.893330,-33.265129,47.311356
26.721575,-32.801365,45.439945
28.140074,-32.043865,46.534595
-20.529495,-53.969284,53.155128
-20.298361,-52.868347,52.024437
-18.386135,-53.508274,52.887699
-23.697239,-4.966498,23.093328
-22.177853,-5.507091,24.023294
-21.510487,-3.647290,23.540186
-30.851942,23.412666,27.206676
-30.350573,25.004763,28.081038
-29.947903,26.470184,29.247412
-31.481157,25.420137,29.573038
10.281374,-18.741274,11.490240
10.945531,-20.123026,12.959535
9.247792,-20.049761,12.197230
9.589794,-21.319042,13.488488
11.469882,-21.171289,14.131358
-19.068010,36.384121,53.288704
-18.660936,36.776695,54.399048
-16.754688,36.247131,54.398849
22.012476,-29.589033,54.402431
23.537920,-30.922066,54.402462
23.841654,-28.912340,54.402409
-38.613991,-47.834766,54.402973
-36.814686,-47.283829,52.891052
-36.934189,-49.369892,54.403297
15.905587,2.440228,7.960312
17.113626,3.305487,9.445259
17.105463,1.772670,8.935434
16.820335,5.246676,10.046900
15.832973,4.385896,8.606947
-31.830898,-25.116426,34.676521
-31.144691,-26.757931,35.487705
-33.043953,-25.906839,35.787777
-38.138088,-44.159660,51.650883
-39.872223,-44.255955,53.083969
-39.688824,-42.352551,51.652821
-14.979356,33.427296,45.999191
-14.994670,33.967548,47.872051
-13.347308,33.304302,46.857330
-39.731663,28.734268,42.139286
-40.943039,28.390873,43.251293
-39.864502,29.425583,43.560242
-39.211761,-7.025966,32.824539
-41.007721,-6.963722,34.487164
-40.327415,-5.070718,33.645103
19.972651,-14.690490,14.686984
18.669777,-16.355095,14.699833
18.299870,-14.937178,13.442213
40.164024,-5.360803,49.582550
40.445469,-7.058449,49.907639
39.946194,-6.825432,48.130768
10.518156,-15.752259,9.306906
10.443718,-14.178373,8.199571
-2.575509,21.573212,17.953360
-3.515429,21.089535,16.159973
-4.601817,22.185331,17.423639
-49.100563,24.662083,52.863243
-50.088776,23.025726,52.884304
-50.391319,24.052338,54.400070
-35.642456,15.080585,28.564404
-34.067490,15.279506,26.981432
-34.804008,13.474817,27.494085
-33.168087,13.537321,25.833279
-32.840096,15.709306,25.789146
38.311245,-9.795209,54.401562
37.839417,-8.179445,54.401554
36.559025,-9.718146,54.401634
1.030708,-40.627335,54.401779
2.990857,-41.462170,54.392384
-17.676123,4.692581,10.240968
-16.479483,3.038100,9.194584
18.736889,-11.601870,11.916950
20.486809,-11.682161,13.533544
19.393688,-13.146317,13.282070
31.974085,-26.827925,43.557789
31.765854,-27.843155,45.338894
30.647249,-28.643572,43.996738
-44.452370,-14.834346,39.926426
-45.651608,-15.262160,41.705864
-45.541374,-13.438656,40.913532
-45.561691,-17.058350,42.292076
-44.580406,-16.569141,40.719456
31.170172,-5.930246,28.445864
31.544764,-8.018237,29.063639
30.486050,-7.377553,27.157236
22.831766,-16.141371,18.666481
22.088535,-17.869785,19.170534
21.469242,-16.827452,17.655430
-38.251221,-34.702465,44.958134
-36.842670,-35.813812,44.648815
-12.662169,30.085930,34.578342
37.548386,2.817005,54.400944
38.441261,1.268552,54.400692
39.612560,2.341400,54.398933
-38.359848,26.821466,37.822208
-36.848499,27.238287,36.689392
-37.736061,26.067562,36.367912
-35.376133,27.485859,35.451786
-35.504833,28.566187,36.979816
36.210365,1.228032,42.105164
35.197258,1.375425,39.765129
35.090324,2.927362,41.024689
10.734567,-35.957939,39.042248
8.898498,-35.757572,37.996159
8.952531,-35.151379,35.830185
-50.983997,-10.054589,54.403114
-49.563427,-9.151574,54.403461
-51.144047,-8.293272,54.403175
-52.925190,-1.576804,52.940617
-53.614300,-0.630721,54.401844
-53.109718,0.390346,52.998394
-20.057371,4.228824,13.353557
-20.275904,2.548638,14.153103
10.775206,22.194778,41.518345
8.577428,23.086733,42.129272
10.483399,22.607471,43.145416
31.783478,0.131187,31.842850
32.448364,-1.541869,32.131702
31.553427,-1.072289,30.682932
-6.703890,-19.093536,11.700216
-7.622297,-19.936729,13.293860
-8.525412,-18.385473,12.140519
-3.848722,22.541409,18.904491
-2.427763,22.291824,19.673143
-19.884846,32.044903,38.482655
-18.526243,32.392086,40.386925
-17.858438,31.793810,38.254890
-17.971388,32.828220,42.302677
-19.723713,32.856495,41.773102
-14.794828,-45.741215,46.230846
-15.769483,-44.839417,45.008213
-14.142288,-44.225975,44.971748
-15.478121,-43.540623,43.812099
-17.474026,-44.396149,44.215595
22.971642,2.810570,16.965830
24.134296,1.551818,18.194666
23.164854,0.950152,16.239454
25.364273,0.105535,19.572683
24.782879,2.041054,19.672127
-0.529505,19.129990,14.872358
-48.945385,-15.515212,47.771152
-49.710430,-15.082199,49.351128
-49.333424,-13.324704,47.625465
-48.158886,17.208937,54.402859
-49.774536,16.965036,54.402935
-48.689556,15.566490,54.402901
-43.371510,-16.300541,39.118839
-43.392391,-17.935669,39.805027
-22.565954,33.785076,44.590572
-21.094418,33.364243,43.315090
-22.936834,33.230728,42.515060
-7.156249,12.282581,54.402092
-5.837609,10.991238,54.402084
-5.343598,12.955186,54.402023
6.452918,24.702251,46.788502
4.983151,25.012770,45.622528
4.905762,25.404818,47.520298
29.785669,-23.221716,34.460632
30.749315,-21.964750,34.732765
30.540226,-23.482437,35.929031
29.813950,-10.686590,26.466602
29.002300,-12.275246,25.622499
28.789652,-10.413754,24.629465
-49.599339,-0.984771,44.645107
-49.192707,0.540078,43.731815
3.960945,22.172922,25.975653
3.690430,21.671005,24.094103
2.189394,22.733727,25.535152
-41.919697,19.754803,36.813293
-43.723888,18.345823,38.436298
-43.172123,20.454266,38.727882
23.988247,17.261635,54.401337
25.485023,18.716772,54.400520
23.599821,19.630810,54.401020
-11.897252,28.365767,27.884331
-45.957771,16.353973,40.685623
-46.817440,16.464279,42.031319
-46.234081,18.128595,41.861889
32.475643,-22.095375,37.784775
33.360722,-22.332832,39.789993
32.106865,-23.655781,38.850296
-36.963768,29.376204,39.791809
-37.007397,28.276604,38.135296
-38.312210,28.219002,39.544613
-35.524742,29.557896,38.512779
1.669516,-36.689186,41.022999
3.460518,-37.185371,42.502739
1.440408,-37.465996,42.920345
4.466194,-37.632412,43.917271
5.118453,-37.217621,42.776783
-49.158241,22.325420,54.402309
-48.577599,24.013802,54.401997
-47.522221,1.819527,49.297554
-47.589855,-0.237444,49.194824
-47.175087,0.793904,47.942387
-46.648201,-13.967949,42.739212
-45.646244,-11.334311,40.426620
-46.679607,-11.953188,42.088081
5.336787,26.114363,51.395615
3.821623,26.894794,52.409355
5.335992,26.509863,52.986107
6.730627,25.407003,50.349308
7.029198,25.876863,52.601288
32.199799,-11.346780,30.727474
32.369274,-9.234983,30.621157
33.225185,-9.977053,32.227512
29.576975,11.802036,41.432995
29.515631,12.674036,42.864708
30.641878,11.490756,42.927750
-7.947826,31.948868,49.537411
-9.758024,32.844715,50.014496
-2.118088,-31.241560,54.402954
6.340061,-38.964157,54.404221
-50.375637,-7.154781,47.672417
-49.584827,-6.383858,45.646168
-49.422676,-8.329629,45.884010
-27.580187,-50.716721,54.404613
-28.958557,-52.309513,54.403847
-26.305145,-52.461998,54.404022
-0.743420,-39.874180,46.858791
0.918685,-40.076694,48.205082
-0.935350,-40.992851,48.578495
2.317475,-40.173687,49.518181
2.632924,-39.427757,47.893597
0.530164,-36.556049,54.403008
2.236290,-35.083134,54.402931
-0.107909,-34.861916,54.402985
35.615601,3.446694,42.885384
19.281021,-22.456205,20.552835
18.195696,-24.100344,21.315786
17.703997,-22.944525,19.683943
16.944460,-25.745787,22.136381
16.489248,-24.399378,20.266176
1.010362,18.035700,14.018201
-9.080729,-31.506607,54.403130
-11.053391,-30.590771,54.403156
-10.358573,-32.464241,54.403172
23.981583,-18.172232,21.721838
22.695948,-18.743551,20.620159
23.452660,-17.111378,20.180105
21.811459,-20.421154,21.123104
23.252468,-19.685610,22.129597
26.985977,-16.200733,54.402576
28.089371,-14.825276,54.401989
0.515624,-17.436403,8.186807
0.433716,-16.010784,6.991602
2.641604,-16.425146,7.461569
-43.813381,26.279146,44.719975
-44.493935,26.549707,46.388176
-43.357983,27.780834,46.308697
-45.526043,25.982481,47.480610
-45.270195,25.167448,45.828281
-28.475615,28.693951,31.135529
-29.551069,27.665150,30.425911
-30.167950,28.198690,31.710596
-0.444643,-22.107548,12.858217
1.224859,-22.410431,13.045156
0.234783,-23.266550,14.073738
-24.783686,23.512615,21.272720
-24.819141,21.910366,20.004522
-26.171938,21.874752,21.342184
-1.473770,26.927242,39.390022
-2.892001,27.417690,38.277634
-9.363154,-19.107456,13.704066
0.291310,21.355394,54.401661
-0.243806,22.744934,54.401661
-1.268467,21.708380,54.401699
-1.578023,23.201176,54.401669
-0.346416,24.249445,54.401623
13.119463,-38.114605,47.406708
13.349907,-37.574783,45.576843
15.098811,-37.709415,46.826790
-31.918118,27.448582,32.213482
-31.109594,28.779484,33.384998
-48.725849,-7.374025,44.203381
5.910846,13.051936,9.040505
5.743873,12.183217,7.804139
32.498306,4.048080,54.401451
34.406116,4.288767,54.401440
33.202545,5.951176,54.401379
-1.854326,-23.020557,14.230194
-33.749977,-46.606270,50.491131
-32.018314,-47.633072,50.322468
-33.792042,-48.015484,51.564461
-37.115177,30.073908,54.402348
-38.887188,31.047096,54.402103
-39.131275,28.789013,54.402401
-23.179333,32.015049,37.739021
-21.654434,32.226265,38.768967
-21.040955,31.803247,37.156502
15.648499,-35.411320,39.354691
14.497777,-35.321835,38.426510
-43.371464,-14.432619,38.486530
-17.745754,11.461220,9.724330
-16.335173,12.466794,8.668875
-16.576986,10.323549,8.505653
-14.985023,13.065588,7.841402
-16.073269,14.429658,9.043573
9.260587,24.282650,48.970066
9.221895,23.930601,47.422840
7.892797,24.459549,47.901917
-39.423611,-22.595230,37.968361
-40.225060,-23.604885,39.284058
-40.885246,-21.799549,38.881794
1.056885,-33.063305,54.402920
3.188070,-32.795872,54.402855
4.487513,-34.467758,54.402866
3.893133,-36.213360,54.402931
12.272984,8.751751,8.333842
12.255238,10.285783,9.863501
13.573358,8.869266,9.546120
-1.736818,20.448872,16.392134
9.476572,23.202888,44.406666
7.849631,23.683908,44.021179
10.046047,-37.131252,43.071136
8.530403,-36.837357,41.821892
10.487141,-36.564526,41.146599
-50.778034,-1.526496,47.242844
-50.295731,-0.750732,46.041157
-50.095348,-2.307611,45.835651
-46.453865,24.270514,46.952705
-45.961639,23.627794,45.338352
-47.218613,22.592968,46.589893
-44.711491,24.555506,44.130917
-35.033901,-29.014992,38.904106
-34.251892,-28.041386,37.821857
-33.214561,-29.330881,38.123436
-32.645145,-27.885420,36.902920
-34.405415,-26.636826,36.975792
17.575190,-17.770788,14.882872
18.992006,-17.741461,16.013708
-16.873096,-42.803005,42.768673
-18.839928,-43.278469,43.023617
18.388058,18.597216,39.058361
19.687305,17.575953,37.930855
17.898228,18.294714,37.229572
19.095642,17.208853,35.833042
20.819382,16.423508,36.531139
2.854003,-38.051685,44.643600
0.868273,-38.276440,44.564743
-44.311451,-20.261576,42.049259
-43.333065,-19.832741,40.594631
-43.112049,-21.562277,41.190800
34.205608,2.982126,39.030487
34.743458,4.427984,41.832851
12.343550,-36.192265,40.349350
-17.789165,27.346712,21.872761
-17.871433,28.143517,23.985399
-15.928317,27.799656,23.138735
10.595840,24.173189,50.129089
10.968888,23.563339,48.138897
-21.573933,32.941826,41.631413
-22.781803,32.635796,40.223419
35.843868,-20.397352,43.434654
35.408051,-19.863764,41.618999
36.345325,-18.704395,42.752399
35.018539,-19.174290,39.973804
34.503670,-20.892683,40.630684
-48.849556,-5.442454,43.978497
-48.255779,-4.592746,42.786377
-47.706112,-6.461466,42.239983
-47.295059,-4.651424,41.301121
-16.646912,24.924631,17.021935
-15.652334,25.818918,18.377895
-14.671104,25.086843,17.018425
-29.877502,33.968979,46.592358
10.175326,23.339331,46.129055
12.060101,22.797962,46.355976
-34.103176,33.475887,47.958538
-33.852467,34.048225,50.136829
-32.240101,34.217033,49.205723
-40.128849,31.855097,51.150600
-41.270710,31.561241,52.591927
-39.557419,32.494915,52.858829
-37.908955,-16.736506,33.791695
-39.602386,-17.371685,35.575279
-39.209991,-15.179561,34.418865
-38.828922,-19.767117,35.936371
-37.757969,-18.795399,34.548203
7.423175,12.281643,8.848273
7.022997,13.427165,10.193891
11.493535,21.585415,39.636642
9.903797,21.953638,38.206181
9.428499,22.433372,40.073902
10.329494,21.507380,36.461399
11.788148,21.119331,37.704380
2.822323,-22.007887,12.637957
2.103226,-23.288446,13.973502
9.313498,-23.634581,15.642825
7.839771,-24.389429,15.963563
8.060889,-22.807386,14.401707
6.211549,-23.813152,14.949388
6.141381,-25.240097,16.493570
19.447372,-26.218697,24.930981
17.842560,-26.457762,23.762081
18.949226,-25.050980,23.056444
7.174346,-39.419159,50.548653
8.807961,-39.853893,52.375557
6.461802,-40.035408,52.619072
8.277046,23.898222,45.879372
22.138981,6.493692,18.822750
22.579243,4.769678,17.822752
21.144598,6.363941,16.841042
21.620064,4.147431,15.666552
31.101345,-24.687365,38.290226
29.891211,-26.268509,38.232704
30.271706,-24.728348,36.903812
-10.331366,-46.471920,52.034058
-11.442556,-48.217922,52.880726
-9.825937,-47.462532,53.396366
35.378361,6.164235,54.401333
35.732437,7.875674,54.400764
34.071362,7.697880,54.401340
-45.501083,28.521614,52.469852
-46.777485,27.252748,52.491169
-46.203022,28.715141,54.399887
-13.277450,-53.810516,54.402317
-14.470069,-53.294327,53.480061
-12.925325,-52.476048,53.268845
-22.643419,9.767833,15.001618
-23.164732,11.781332,15.383291
-21.784966,11.415519,13.911403
-44.846497,-29.583916,48.630821
-43.429268,-30.505556,47.314747
-26.957718,34.961979,49.104698
-25.056330,34.819252,48.220135
-26.646229,34.400524,47.037434
-24.437897,34.264858,46.236057
-23.479742,34.764641,47.914478
30.754276,-15.784116,30.157379
31.534395,-16.788082,31.991873
30.523569,-17.587942,30.905077
37.306450,2.911441,47.238018
37.428764,1.497237,45.938129
36.730431,3.116637,45.647854
15.235881,21.439342,44.967464
14.191071,21.291626,42.919792
13.260077,22.032309,44.732800
15.789466,20.341434,41.393017
16.328302,20.681217,43.499065
33.133343,-28.474518,52.730396
33.835281,-27.175871,51.648163
34.119122,-27.238907,53.075562
5.073488,-11.162385,4.325826
3.329504,-10.462959,3.525159
4.744035,-9.230348,3.232648
-40.473270,-25.266935,40.522133
-39.144028,-25.321814,39.369995
-48.041340,10.813837,42.345161
-48.583675,12.501239,43.641846
-47.569309,12.567606,41.971371
21.776207,17.318048,40.436794
22.286633,17.711605,42.242958
-38.250690,-31.511929,42.756363
-50.128746,10.209362,46.005424
-49.118954,10.698162,44.175247
-49.633560,8.767376,44.785248
24.050564,12.855846,33.805790
25.630232,11.525884,34.049046
26.701136,11.336424,35.573246
25.363800,12.750088,35.831509
-8.644476,30.631214,42.173256
-8.486342,30.159994,40.323086
-10.396434,30.951908,40.989403
-33.076111,33.186337,45.772766
-32.326817,32.839333,43.796513
-7.646267,6.185675,54.402256
-9.204335,4.992976,54.402328
-7.354123,4.203357,54.402294
-5.533088,23.236902,18.849136
-3.999448,23.204193,20.295782
-24.748259,15.787038,17.340443
-24.143780,17.533249,17.159386
-23.299339,16.209284,15.930408
-24.573942,18.945522,18.106043
-25.445648,17.252853,18.406193
-6.310475,22.739315,17.030643
-10.209877,32.225517,54.401154
-8.215189,31.307669,54.400566
-8.524495,33.052353,54.399490
-25.096209,-41.467449,42.599945
-25.004486,-40.058605,41.567513
-23.472315,-41.303104,42.008575
-38.253571,30.192297,42.869785
-10.772455,16.719389,24.418407
-9.713947,18.102242,23.475603
-10.422196,16.583118,22.118036
6.738232,-6.617217,2.801783
4.682654,-7.482251,2.437017
5.682513,-5.286071,1.974767
2.923950,-8.608907,2.498259
-19.151527,-33.385014,35.381519
-20.581997,-34.341454,36.441345
-21.131796,-32.737408,35.601692
-24.334925,-50.735363,50.286198
-26.334799,-50.702690,50.701416
31.615911,-28.676413,47.137768
32.769547,-27.114132,46.852360
30.635328,-29.371037,45.835533
13.398472,-6.145136,6.154552
13.131476,-7.991623,6.554742
-2.802862,-31.024517,26.618372
-5.101851,-30.565432,27.074970
-4.196398,-29.964134,25.504375
-6.747644,-30.052711,27.237419
-5.995294,-30.939415,28.190577
-49.843876,-4.373834,45.693905
38.870663,-5.589462,44.977913
38.457726,-6.205636,43.516117
38.327442,-4.190760,43.981560
37.850536,-5.016800,42.256054
37.934277,-6.960677,41.910076
-17.541025,-36.333092,37.075802
-18.816206,-34.977612,36.373474
-17.243505,-34.720337,35.789585
23.401405,-1.157449,15.815530
24.294806,-0.490058,17.450266
24.361046,-2.557002,16.937477
-52.778057,7.576720,51.693268
-53.021572,5.532389,52.228706
-53.500744,7.291609,53.329784
-52.522076,3.978888,51.102020
-53.222332,3.646749,52.855862
36.072052,-7.647185,54.401558
34.468620,-7.183494,54.401600
34.367607,-8.902731,54.401680
-3.673382,4.535680,0.829080
-2.316639,5.788767,1.101058
-1.497419,4.408298,0.620233
-1.847634,7.429132,1.766244
-3.604151,6.754112,1.531020
-0.040419,-31.325958,54.402908
16.230755,-27.512787,23.772238
17.688232,-27.636581,25.132786
15.202244,-37.114655,44.777740
11.658770,-37.438400,44.528919
11.646708,-37.942165,46.320065
31.403862,-25.394686,39.800594
-4.787638,29.132406,54.401482
-2.159768,29.890451,54.398808
-4.439493,30.984774,54.398914
-49.158688,-17.115852,49.077282
-48.296158,-16.784338,46.985809
21.187725,-34.019737,54.402580
23.241749,-35.409710,54.402180
23.450245,-32.863430,54.402588
-40.227558,-8.495260,33.947483
-19.353134,35.765484,51.429909
-21.096249,36.427189,52.882961
-2.922203,16.063635,8.781146
-1.406369,16.452911,10.041063
-1.363368,15.116900,8.287624
37.836552,3.038179,49.194439
37.996464,1.549578,47.916668
-3.746459,-45.899658,52.779354
7.777304,-37.949131,45.532387
6.573055,-38.407921,46.796135
6.261020,-37.668156,44.335815
-31.860897,14.514560,24.604507
-44.619991,19.724308,40.291691
-45.749897,20.431683,42.365959
-39.751133,-28.235857,41.788406
-38.403831,-28.282125,40.709610
-38.740238,-29.967644,42.091202
-37.766907,-26.939936,39.330395
-39.314602,-26.881582,40.517509
11.101323,-12.675724,7.602668
1.298974,25.152649,54.401520
2.582720,26.245848,54.400738
0.980861,27.117096,54.400448
31.418533,-10.228383,29.117760
31.032076,-12.013128,28.932915
-40.593796,21.526514,36.166576
-41.988087,21.896774,38.080021
-40.313221,23.596863,37.181412
-35.180130,-35.916981,43.577824
0.680972,19.558512,54.401711
-0.644817,18.536554,54.401768
0.712466,17.589855,54.401760
-47.489647,-32.166958,54.402088
-46.863590,-33.989540,54.401920
-45.268494,-32.122124,54.403973
3.563068,-35.595863,37.621246
4.315085,-36.076187,39.159615
2.182502,-36.006908,39.102715
13.635509,10.826127,54.401653
14.554658,9.209579,54.401653
15.196527,10.595069,54.401604
40.743893,-4.609605,52.404903
41.096054,-6.081244,52.883133
40.619473,-5.709204,51.223621
22.134848,-11.899869,15.311426
21.566238,-9.901941,13.893369
-12.918926,-16.087452,14.118592
-14.296093,-15.314057,14.999122
30.166965,12.939251,44.540882
-45.312508,-19.126120,42.887863
-46.299816,-19.562449,44.679619
-46.399654,-17.796021,43.944588
-13.128331,-40.318363,41.254044
-13.863326,-39.492920,40.101063
-11.742375,-39.385796,40.724197
-12.663060,-37.523720,38.179249
-12.706830,-38.465168,39.269363
-14.527715,-38.259594,38.677986
20.804840,-1.255743,12.300662
19.829803,-0.656544,11.273435
20.349644,0.350091,12.102185
18.515961,-1.303802,9.757118
19.795656,-2.425783,11.012204
38.656574,1.384094,50.073879
38.680141,-0.139059,48.432449
-15.014119,-26.726707,54.403175
-16.513514,-26.686541,54.403210
-15.515209,-28.218937,54.403214
-34.006973,30.620203,39.035793
-35.529457,30.316565,39.940395
-34.697266,31.203730,40.985249
-1.157598,-33.885918,32.896484
0.433213,-34.209667,33.505039
-1.434027,-34.398491,34.492958
-43.268616,25.491095,42.827602
-42.004368,26.008009,41.562420
-43.009571,24.387869,41.302799
23.473700,12.509294,32.101261
32.115746,-2.791106,30.943533
33.009880,-3.191074,32.478622
33.267918,-1.674032,33.633949
-35.671852,33.389748,49.632660
1.685023,-11.697488,3.979148
1.223214,-9.640563,2.766006
-6.472879,32.008343,54.398300
-6.505463,30.367945,54.400772
-17.610487,30.609417,33.145882
-18.509354,31.113312,34.968460
-16.660187,30.987701,35.362640
-43.378555,21.789814,39.801685
-42.500881,23.263168,39.678360
24.194338,6.081229,54.401520
25.490814,4.608046,54.401508
26.152950,6.404136,54.401428
-17.269217,-54.835026,54.402424
-16.251425,-53.375008,53.109066
-15.227340,-54.517170,54.402565
-10.110657,10.837490,4.578342
-8.295624,11.542055,4.444595
-8.547008,9.798027,3.692286
35.330379,-6.307517,36.154621
35.976391,-6.864093,37.395981
35.503479,-7.994802,36.324268
36.468529,-8.485957,38.286678
36.548409,-6.196147,38.724907
-4.686016,-32.586685,30.625826
-5.002966,-33.419327,32.485226
-6.572374,-32.546238,31.161297
-42.971478,-12.230593,37.414719
-44.414570,-12.849552,39.269398
-44.356682,-10.595695,38.612465
-1.160491,24.368017,26.698689
0.967217,23.592855,26.850471
0.180373,23.332973,24.994823
0.989751,-21.337086,11.907570
-0.854995,-20.797398,11.484064
32.320740,-30.123718,54.400402
32.052525,-29.655308,52.205006
31.260199,-30.141960,50.705254
30.975149,-30.951757,52.513813
2.007779,28.069479,54.398148
33.707188,-20.489191,38.522846
39.025898,-4.372308,46.056278
38.578053,-2.675210,45.701057
18.029501,-13.396228,12.281848
40.498905,-14.252683,52.626945
41.071888,-12.440661,53.230743
41.125278,-13.778164,54.398354
41.540161,-11.314374,54.397846
41.118618,-10.799426,52.703651
39.673790,0.668249,52.977650
40.216724,0.145870,54.399742
40.090656,-0.948807,52.828655
-7.566813,25.964647,51.044308
-7.988446,25.505745,48.997181
-8.072947,23.734055,50.702217
-0.995025,20.156507,54.401737
21.914549,-32.031403,36.437115
20.162607,-32.416691,35.404449
21.535364,-31.247101,34.541676
34.274445,-0.854763,54.401424
32.592907,-1.355637,54.401463
33.800201,-2.405569,54.401466
30.511625,-1.706144,54.401531
31.141199,0.147983,54.401463
-15.578736,24.074770,15.524559
-13.752516,24.170797,15.551175
-2.189721,-21.601871,12.641656
-41.222775,13.561099,34.135639
-42.742863,13.161304,35.761833
-42.169315,14.753342,35.427837
1.574085,-41.680031,52.871941
0.981607,-42.440235,54.399105
0.176389,-42.587864,53.161064
-49.922817,-9.193322,47.297661
-49.289555,-10.252967,46.251114
-19.065056,-52.534069,54.403919
-17.230793,-53.403713,54.403519
-17.110689,-51.146614,54.403889
40.614048,-12.429016,51.547920
40.703812,-10.506621,51.058369
-2.950558,29.364962,49.750404
-1.269024,28.376675,49.090981
-2.699849,28.908390,47.936436
-29.891745,29.873880,34.315983
-31.315735,29.798992,35.209320
35.911087,-5.172039,37.603951
37.258663,-5.732662,40.482346
36.498177,-4.130926,39.254959
37.234020,-4.091813,41.020054
-32.642559,-45.862835,49.278038
-34.071091,-45.209606,49.621387
-2.266625,-40.804390,47.443695
-2.419095,-41.971119,48.910343
-0.954214,-42.115707,50.302589
0.638246,-40.959694,49.838707
-2.338174,18.844004,54.401802
-2.743574,20.655502,54.401764
-48.544296,-23.205090,51.093559
-48.971138,-24.156834,52.549946
-49.468525,-22.718119,52.818825
-48.818184,-25.576241,53.036892
-48.203487,-24.954714,51.468075
28.246077,-31.346964,44.730652
-30.532249,-28.457438,36.343044
25.594320,14.072291,38.794537
25.774525,14.707730,40.428482
27.014704,13.610971,40.245239
38.009068,-0.627649,45.577576
38.175537,0.158869,46.950794
38.693386,-1.395499,47.158974
-53.748207,1.247642,54.401737
-53.269894,2.016583,53.160259
-41.852219,-8.634753,35.534313
-40.492569,-10.150052,34.446632
15.091837,16.844822,26.764879
15.273385,17.357868,28.849014
16.460636,16.226595,27.686460
1.535557,23.889191,28.834011
-0.012619,24.331776,28.195309
0.171957,24.713755,30.110983
21.125225,-30.485992,32.751961
19.953413,-31.627741,33.615292
-31.225605,19.806702,25.401655
-31.179502,21.565849,26.274654
-29.881876,21.257265,24.765635
-13.238552,-17.287146,54.402927
-11.409491,-16.707043,54.402874
-12.850151,-15.264127,54.402870
-11.119542,30.378138,37.590153
-10.811599,29.875114,35.720051
-12.714132,30.518620,36.488991
-9.434878,29.757330,36.988815
38.743496,4.716347,54.398697
36.496944,4.692305,54.401073
27.521320,-7.229606,52.608044
27.085411,-9.521835,52.264408
27.691730,-8.333200,54.403076
-32.337337,17.905838,25.824350
-33.576427,16.832197,26.806112
-6.786779,-12.834661,6.355823
-7.775014,-11.199220,5.894166
-10.407255,-11.455020,7.988360
25.158424,20.724466,54.398365
23.873131,20.774014,52.908669
23.238838,21.507282,54.399082
-47.533569,17.443401,43.608574
-47.547722,15.747233,42.903843
0.097254,26.347208,40.495304
1.535105,25.514290,39.168034
4.675062,-38.239338,45.708271
-16.750645,26.637440,20.115086
-15.861316,27.262886,21.637257
-14.835176,26.571695,20.067535
16.968601,-12.710588,11.105704
16.610163,-14.847094,12.110697
-1.621309,16.870356,54.401836
-39.574806,27.903065,40.653301
-38.173725,29.225201,40.936577
1.301101,-33.799847,31.941223
2.453611,-34.201794,32.962982
-48.666004,9.115065,43.089535
4.606943,-21.885077,12.700848
4.201978,-23.320557,14.109153
-23.047266,-51.826267,51.152630
-4.141560,19.531126,54.401825
-2.622127,22.141336,54.401726
-9.588628,-50.135571,54.403500
-9.409235,-52.007378,54.402180
-7.521029,-50.701721,54.401825
-50.616508,15.475008,54.402943
-52.127575,15.395808,54.402271
-51.770977,13.408599,54.402691
-10.934332,-16.097816,11.938719
-11.718880,-14.835223,11.633922
-10.569810,-15.183225,10.772917
-42.523033,-19.338001,39.407043
-42.168766,-20.944107,39.782536
-12.538893,28.028259,25.882874
-10.883554,27.759882,26.587025
-10.858646,27.354374,25.071178
32.033131,15.437884,52.709187
30.962543,17.213388,54.398266
32.875175,15.598960,54.399292
20.789803,-13.189734,14.570347
-43.990063,12.933345,37.171436
-43.467239,11.217683,36.298576
-52.462898,-6.449528,53.060108
-52.078064,-8.628701,52.757534
-52.904327,-7.193407,54.402283
0.500560,27.390997,48.384197
-1.024165,27.921341,47.198818
20.315443,-33.140705,37.123413
-24.356112,-35.199444,38.159729
-24.320677,-36.943188,39.243805
-25.659904,-36.042759,39.138428
21.131784,22.226660,54.399380
19.373461,22.255430,52.534851
18.971415,22.941929,54.398129
33.374821,14.004855,53.011406
26.888851,12.780587,38.445816
28.423372,11.952558,39.616062
-9.029572,21.319464,52.612930
-8.701737,22.170938,51.235638
-1.153495,-18.167984,8.925220
0.479921,-18.751963,9.365743
-6.801474,8.769970,2.835512
-6.754354,10.604576,3.717180
-5.166464,9.642167,3.025911
-6.500373,12.259024,4.660913
-16.704794,24.210539,22.532541
-16.794830,24.803606,24.275024
-18.311213,24.460844,23.321674
-4.197453,9.842549,54.402077
-5.851360,9.197725,54.402134
-3.956227,11.745038,54.402027
9.563667,-40.425739,54.401901
7.297815,-40.506100,54.400547
-12.584430,30.900484,38.293938
-11.319413,30.791977,39.169792
-47.197716,-20.244230,46.641289
-46.075855,-21.630266,45.435436
-47.382282,-18.321728,45.945412
-46.599754,2.478029,39.709339
-47.796124,2.248721,41.365368
-47.140377,4.109483,40.401867
34.322746,13.532481,54.399048
34.490833,12.550735,53.160587
33.966309,12.420539,51.733078
35.117889,11.106003,52.429184
39.648849,-7.356321,54.401363
39.520100,-9.035063,54.401245
41.649853,-9.040385,54.399136
-21.540810,-16.251038,31.273132
-22.080753,-17.747433,30.022495
-21.232273,-17.986221,32.203926
-48.392200,-14.907574,46.293911
-9.889764,30.834637,54.401749
-9.678378,30.115257,52.395893
-8.136654,29.914909,54.401604
39.795532,-1.975578,50.705563
39.750286,-3.577470,49.174694
39.245319,-1.749200,48.839413
-28.262470,-54.261082,54.403008
-29.138323,-52.959545,53.456249
-48.563347,-15.071710,54.403797
-49.701748,-16.378996,54.403561
-48.177517,-16.552935,54.403755
22.054369,2.106250,15.064755
21.206694,1.461864,13.554397
20.653355,3.590179,13.822129
-20.688946,32.526997,40.204659
-9.811022,30.314056,38.993607
-9.990817,27.825232,27.861645
-9.417806,27.196224,26.130112
-36.665611,30.481440,41.477119
-31.226555,-50.390591,54.404179
-33.067970,-50.294292,54.403835
-32.887520,-52.339596,54.402042
-32.270653,34.699768,51.119354
-34.032383,34.482975,52.115177
-35.292542,33.859467,51.135151
39.816113,-3.475699,54.400826
41.220398,-4.260113,54.399708
40.845264,-2.070207,54.399704
20.008530,20.909101,48.793880
20.443163,20.234556,47.178478
18.346661,21.070499,47.413231
30.739660,-31.755508,54.401005
20.393064,19.217237,54.401302
19.667507,20.909578,54.400864
19.011194,19.622839,54.401394
21.666454,20.464325,54.400852
-33.772701,-50.814148,53.620354
-35.079910,-51.085911,54.402702
-34.924561,-49.929569,53.569714
-19.250034,-1.252944,54.402718
-20.798704,0.275351,54.402718
-21.120777,-1.591460,54.402767
-9.340124,28.929556,49.564545
-8.813439,29.031027,51.086700
-10.216019,29.836967,50.462933
-39.472527,27.029507,39.375488
-36.795601,-47.262051,54.404152
12.237020,-18.464207,12.165126
23.466919,-23.340364,54.402290
21.501066,-23.500523,54.402294
22.701790,-25.489138,54.402332
10.854245,-39.850914,52.801132
11.852953,-40.218204,54.400539
-46.418587,12.661325,40.269543
-47.086494,11.000913,40.911079
14.272988,-33.368473,32.730598
16.349495,-32.534180,32.266216
-53.961887,10.595076,54.401443
-53.794262,12.448628,54.399975
-53.005119,11.252244,52.527390
-41.569523,25.034472,39.962666
8.597616,9.303158,54.401775
6.552268,8.974333,54.401817
7.246128,8.537718,52.345943
-47.542004,14.158403,54.402889
-48.103905,12.305287,54.402977
-46.401192,12.605721,54.402954
3.379891,23.335489,29.650963
5.331729,22.640995,30.218735
-0.111210,28.898127,54.399765
36.738621,-2.508374,40.591801
-47.234364,-28.736622,54.403728
-48.751572,-28.308407,54.402721
-48.156303,-30.267769,54.402386
-33.146404,30.174440,54.402172
-32.397156,30.057814,52.933758
-31.261683,30.958260,54.402145
37.874477,7.091279,54.399372
23.829826,-11.063094,40.656483
22.873205,-12.060393,39.298332
23.138445,-13.057073,41.025757
-46.453983,-30.292141,54.404106
15.620588,22.783682,50.404186
16.304512,23.076660,52.155376
17.813084,22.332144,51.122513
17.517010,21.078697,54.400993
-27.467649,35.138447,54.401440
-26.554129,33.671391,54.401939
-25.533543,35.252529,54.401043
-1.650785,-36.589542,40.456245
-3.610206,-36.281071,39.343548
-1.627537,-35.760448,38.445969
31.463253,-23.439966,37.424168
-21.953690,-33.701328,36.458366
-22.187708,-35.087940,37.393581
-20.142752,-36.213726,37.554237
-52.152107,4.090224,54.403030
-53.868271,3.240494,54.401634
-51.587101,1.792313,54.403248
-7.124893,-35.643044,37.002792
-6.941907,-34.580471,34.987202
-5.265866,-35.108513,36.336636
-14.644101,-51.825577,51.998196
-15.672095,-50.844311,50.797874
-13.954165,-50.188576,50.740582
33.163483,0.653920,54.401424
31.839762,2.152553,54.401443
35.007778,0.961745,54.401474
28.991270,14.419459,45.158779
-26.906523,-26.151846,33.487595
-27.453594,-27.644617,34.652580
-28.564232,-26.328646,34.182186
29.587772,-32.480350,52.829479
-39.964298,-43.214836,54.404003
-42.501102,-42.736828,54.402866
-41.356079,-44.439125,54.402695
18.129232,-23.443460,52.670288
19.014442,-22.523525,51.131199
17.803442,-23.281483,50.837017
2.290540,24.737526,35.597755
0.266950,25.456305,34.507145
25.217068,-32.038185,54.402561
-2.518267,-43.320358,50.606560
-4.018681,-42.718163,48.802513
22.342102,12.864223,30.733543
22.917933,11.537567,29.086145
-9.162056,25.529030,40.005089
-9.459618,25.630774,38.359859
-8.967136,23.983982,38.968594
3.244742,22.884275,27.505945
-40.721603,30.194136,54.402142
-41.066227,28.486603,54.402489
-11.212229,-12.325084,9.267097
-1.517816,25.057669,28.752981
28.080990,-13.810802,24.783365
29.029819,-14.184122,26.522013
9.628854,-37.754017,45.196709
8.060559,-37.417080,43.766068
-26.465822,-38.744747,41.174690
-27.748808,-37.390259,40.776363
-25.995737,-37.261250,40.030281
33.935947,-12.640532,34.116661
33.020832,-13.829068,32.966579
33.230633,-11.831916,32.647465
-8.791898,3.022738,54.402367
-10.698879,3.908882,54.402393
-8.462214,-20.556847,14.762718
-6.871593,-21.336132,14.524934
-7.780096,-22.160593,16.439695
-11.799757,-47.811527,49.491222
-13.189322,-47.419563,48.498390
-11.495320,-46.393494,48.322998
-13.028584,-46.123524,47.331135
-14.457727,-47.006077,47.580433
-44.467537,-18.469994,41.398975
20.220163,-38.435089,54.399265
18.269787,-39.040005,54.399635
19.108110,-38.362350,52.684769
36.020435,9.903198,53.071331
35.769321,11.463469,54.398487
36.758316,9.388144,54.398693
-35.102539,32.689919,45.946308
-2.808605,27.099190,36.506863
-2.739175,26.796265,34.864273
-4.193988,27.488552,35.329716
-25.953718,28.362217,28.662386
-25.253914,27.689331,26.932634
0.490111,27.827410,50.623676
-2.348658,-39.780617,45.925137
-3.844772,-40.680168,46.432125
1.311823,-38.953739,46.129120
-0.746016,-38.913284,45.236343
-28.791771,-51.672150,52.266239
3.136500,-38.723919,46.418625
-1.521505,27.226383,41.269505
-3.118640,27.839005,40.264191
-13.248468,12.257410,54.402245
-15.268140,12.438170,54.402290
-14.623386,11.046732,54.402309
-23.877314,28.815443,28.110109
-25.036547,29.231113,29.753613
-26.828859,28.980864,30.451517
21.001709,-37.703732,52.578007
22.091043,-37.665516,54.400520
9.212524,-28.174915,54.402733
11.288860,-27.648249,54.402660
10.448466,-26.227772,54.402664
12.053779,20.611248,35.491524
13.274701,20.411545,37.205090
14.307339,19.679382,35.889587
-41.259697,-42.766235,53.240658
-40.308441,-40.473328,50.881138
-41.303211,-41.001453,52.175171
-21.092211,-51.879471,51.060680
-15.244599,-24.765646,54.403137
-13.526348,-25.963303,54.403114
39.951927,-10.535486,54.400799
25.388514,-34.008015,46.383327
25.293642,-33.402126,44.334064
11.358547,-38.473549,48.143490
10.280265,-38.236340,47.040028
5.320437,-36.653728,41.028954
6.706251,-37.100876,42.546524
-7.927690,29.523733,38.272827
-6.503086,29.241903,39.592979
22.830034,20.754583,51.583626
22.335762,21.408279,53.083126
-52.524021,9.422560,51.233810
-52.102325,11.300749,50.541454
-30.144512,11.777296,22.699816
-29.742760,13.676762,22.322695
-47.064743,0.691322,40.408497
-10.617479,-14.753608,54.402805
-9.298717,-16.462902,54.402809
14.874349,19.866819,37.864357
-28.489479,-38.880322,42.057552
-26.852839,-40.744987,42.687237
32.012226,-14.812165,31.689699
32.351784,-13.111105,31.547907
-28.439838,-28.781746,35.732971
-26.544371,-29.074570,35.241928
-50.672474,-3.299389,47.316093
-25.868097,-50.586704,54.404545
24.256393,10.260078,29.264755
12.785510,19.238333,30.538315
14.054460,18.966108,32.238922
14.572703,18.279158,30.631023
-32.697319,22.364876,28.324055
-31.762751,24.059361,28.633242
25.070652,15.789371,41.642193
-3.185027,29.833826,51.582649
-4.639435,30.394152,50.510696
34.255089,0.011736,36.613022
35.002071,-1.755229,37.103519
34.179970,-1.555024,35.497040
35.861012,-2.017704,38.817699
35.119774,-0.220524,38.295502
25.256018,-32.729946,42.385326
23.782673,-33.887787,43.145817
-47.591904,-1.145477,41.273701
-48.146114,0.575771,41.983112
-3.581476,19.458658,13.224133
-2.941378,18.501223,12.124554
-2.585156,19.990355,14.868221
-14.354458,31.505564,39.253475
-14.022301,31.016455,37.476707
-33.726051,-49.552406,52.654320
-35.206604,-48.591488,52.797127
-42.664665,30.566395,52.145992
-42.653053,31.232819,54.400826
-36.728157,33.366650,51.082237
-37.417751,32.764297,49.582237
-32.794113,29.676386,36.230156
-32.720417,28.784594,34.727207
-34.145405,28.658907,35.815136
10.444648,-39.465202,51.355984
32.574291,-28.575485,50.726883
32.571041,-27.961498,48.645027
33.650772,-26.878162,49.830227
34.308861,1.458400,37.837761
8.456283,24.367016,54.400867
8.182997,25.979841,54.398396
6.407165,24.443222,54.400795
36.444481,-23.591780,52.724682
37.606533,-22.379896,54.400051
36.376102,-24.326666,54.399647
-29.325735,-18.861378,29.060181
-29.920340,-20.155333,30.280470
-30.802462,-18.437117,29.555801
-3.008260,-32.613167,30.075878
-4.132064,-31.723951,28.667229
-2.151379,-32.062458,28.464018
-0.085813,-32.384651,28.382998
-1.048043,-31.623846,27.017973
9.978689,-38.518921,54.402859
-14.535333,30.646666,35.386314
-7.054355,-35.743942,54.403164
-6.440182,-37.825291,54.403206
-5.016564,-36.297150,54.403122
31.540890,-29.345566,49.001041
3.409496,-36.518787,40.578949
-44.848042,16.350697,39.149647
-45.626751,14.532310,39.633190
-44.277153,29.657536,53.074554
-44.087601,29.256130,51.239464
-38.396797,-46.029713,53.107666
-36.856586,-45.599380,51.724937
13.929252,-18.313360,12.937593
13.305671,-16.897808,11.509450
15.173215,-16.694853,12.437297
-38.340866,-45.892559,54.403812
-13.043089,8.603319,54.402332
-14.874645,9.361005,54.402359
-14.254681,7.655427,54.402390
6.239900,26.552574,54.398479
4.495474,25.541733,54.400932
24.007969,-36.885235,54.400700
32.557320,0.083138,33.288406
-9.439730,2.869203,37.251183
-9.955366,2.262458,35.549805
-9.023466,3.825191,35.765278
-50.920654,18.673002,54.402840
-52.147320,20.392252,54.400993
-52.760548,18.455805,54.401363
-0.899002,-0.210268,9.878943
-1.551470,-1.870524,10.744101
0.449601,-1.765033,10.237519
5.620616,-2.171908,13.701793
6.494981,-0.766854,14.101205
5.232342,-1.155715,12.740204
-2.580148,-0.173892,10.631101
-1.854327,1.140154,10.009481
-10.880011,-10.708541,42.089500
-10.486484,-12.457864,41.655815
-11.012561,-11.332367,40.324776
16.535189,-23.224955,47.417896
16.977966,-22.487984,45.947464
15.465950,-23.503653,46.078182
-5.842371,-29.596392,25.976051
-11.381926,-4.153581,40.026028
-11.695513,-4.450497,38.111660
-11.305085,-2.716826,38.890499
-1.711282,-23.055387,38.309311
-0.299914,-23.784109,38.795223
-0.887350,-23.236115,36.942631
-10.738907,-1.112259,39.666893
-10.913021,-2.529263,40.773594
27.255236,-2.110234,54.401703
27.662485,-4.025933,54.401764
28.659397,-2.075116,54.401642
11.402467,8.684069,42.064442
10.111404,8.851031,43.518940
9.249483,9.075610,41.660503
-4.332514,-45.126080,54.403107
-3.092526,-43.274364,54.402874
-5.359316,-43.283367,54.403397
13.240684,-25.596233,52.495701
12.001358,-25.782522,51.050274
11.285657,-26.037203,52.670631
25.844938,-14.192675,54.401993
25.082752,-15.054142,52.805206
24.946335,-16.075626,54.403633
4.162482,-25.632730,44.792885
6.272431,-25.891500,44.634743
5.074389,-25.705473,43.251942
6.768869,-25.669409,42.504520
4.773173,-25.483986,41.540379
14.173586,8.566882,51.138386
13.528540,8.926789,52.745411
12.654824,8.670082,50.990959
-6.122548,-18.192863,50.147892
-5.133248,-19.595284,48.473476
-6.544260,-17.816378,48.570015
21.556568,1.081869,39.784657
21.213535,2.438303,41.172726
20.513538,2.199144,39.084259
23.629259,-28.627514,32.658871
22.151501,-29.448257,32.186699
22.625484,-28.384779,31.168764
-1.997865,8.661319,38.313446
-1.567606,8.295096,40.432503
-3.125682,7.969059,39.346680
8.235131,8.397442,48.841877
10.058028,8.553961,47.443329
9.836099,8.519038,49.314148
18.840784,-36.836109,54.402557
20.699276,-36.113609,54.402443
3.132053,0.098053,10.538852
2.360873,-1.649653,10.538525
3.846241,-1.365013,11.407316
18.184681,-21.560303,45.913548
17.998905,-22.299513,47.656719
19.371178,-20.813959,46.658073
1.582918,-3.136185,11.244609
-0.382064,-3.324849,11.311294
-4.908049,-33.554966,54.403072
-6.616693,-33.644085,54.403114
-5.482879,-34.846489,54.403114
-3.624257,-1.587185,11.837480
-3.122148,1.541251,10.776246
-2.072899,2.683106,10.220134
-28.696194,33.405613,54.402027
-0.349953,4.735304,11.104990
-1.924447,4.233677,10.983846
-0.780708,3.566869,10.243839
-7.867105,1.765066,44.065132
-6.562477,2.508693,45.492165
-7.844385,0.709689,45.680935
3.824724,7.652774,52.425373
2.516610,7.650623,54.401962
1.799949,6.851831,52.551640
7.438968,-26.157185,52.757923
5.360539,-25.805849,52.804790
6.590467,-26.016348,54.401833
2.874945,-19.625044,28.558336
3.980835,-18.447983,27.330833
1.825006,-18.567492,27.044966
-4.502853,3.953357,46.554672
-3.440848,4.040322,48.367130
-4.606447,3.150387,48.138885
3.827502,1.800599,11.334943
2.609407,3.472236,11.276344
2.138468,1.893463,10.232836
-1.150870,6.044587,46.863777
0.469623,7.051250,46.091671
0.596730,6.515414,48.063408
-13.158369,10.380179,54.402294
4.553254,0.291685,11.741094
-6.381294,-18.326412,46.954594
-7.542497,-16.496605,47.623241
3.364383,9.324388,40.568089
4.304004,9.057584,42.364277
2.598498,8.983929,41.748711
19.134439,5.084237,42.198826
17.699898,6.087136,41.978474
18.072849,5.356165,40.449368
9.734358,8.885559,37.871044
9.465096,9.064013,39.589863
8.085727,9.268070,38.012054
-0.238455,5.775062,52.733807
-1.061905,5.542266,54.402100
-1.965888,4.577666,52.777676
3.050671,-2.697072,11.582856
-2.342044,-3.276828,11.914436
-8.643940,-4.200762,52.088032
-7.918408,-2.718567,53.163326
-8.642885,-4.765728,54.402538
-11.862300,-8.841950,34.286182
-11.937519,-7.248847,32.764839
-11.988207,-7.145638,35.222290
-4.058045,0.271119,11.685887
-7.945844,5.303718,33.045986
-6.835382,6.393361,32.453209
-6.795411,6.468758,34.122952
21.782814,-12.840336,37.931919
20.532667,-14.758136,37.859306
22.015951,-13.878750,39.499500
-5.514925,1.955307,48.876358
-4.186737,2.938344,49.970741
-5.504515,1.448762,50.545464
-6.928093,-0.455278,50.848061
-6.450747,0.728759,49.235332
17.534838,-21.595524,44.639725
-52.615669,-9.451083,54.401283
-8.651341,-13.450320,52.420586
-8.186038,-14.828755,54.402752
-7.685585,-15.681089,52.467983
19.067682,7.519177,52.547108
20.139420,6.723830,51.209667
20.995739,6.497905,52.714455
-4.551601,-21.093267,42.235203
-5.602553,-19.801807,44.124378
-4.046635,-21.273592,44.411839
-1.246537,-13.214102,20.761877
-1.898622,-14.374848,22.024139
-0.273083,-14.573120,22.224653
12.617552,9.414846,54.401718
11.520935,9.030613,52.804131
0.434089,-15.960431,23.803160
1.793492,-14.666692,22.638292
-6.360668,-17.805128,52.088806
-5.179975,-19.301920,52.836979
-5.112413,-19.393400,50.792641
10.593280,8.663774,50.880451
8.824539,8.515772,50.672688
4.245445,-2.790088,12.641442
23.316757,-30.677931,35.536152
22.690002,-29.917669,33.547340
24.348005,-29.216536,34.398201
2.610079,-3.908835,12.348785
0.902780,-4.418685,12.221516
12.084554,8.547732,43.740116
12.948014,8.385016,45.670750
11.169155,8.624763,45.525856
-1.101635,-4.711442,12.539851
-3.670924,-3.224813,12.664779
12.206320,-14.399242,28.035622
10.539669,-15.040314,27.173334
11.291727,-16.148394,28.778278
-3.350179,3.164993,11.293543
-4.095098,1.957161,11.705960
12.319150,-25.954950,54.402569
-3.075622,4.572835,11.995119
-4.458330,3.488073,12.660258
-1.777387,5.452144,12.093064
24.025133,-21.218884,54.402580
24.941336,-19.607050,54.401787
23.115610,-19.213770,54.403126
0.172300,5.941418,12.470949
26.354853,-3.728804,47.896503
26.847792,-4.992412,49.187981
26.623404,-2.987700,49.617939
1.442213,4.811941,11.665554
0.849015,3.623696,10.493443
2.977490,4.494969,12.302675
24.402905,-7.299270,40.601936
23.648113,-8.388441,38.969521
24.217777,-9.398588,40.574459
4.147989,3.411663,12.399778
5.135974,1.958848,12.593708
-9.380965,-15.783321,38.667236
-9.417706,-15.444539,40.089008
-8.652719,-16.795334,39.595757
39.684151,-16.816826,52.277531
15.395455,-36.596516,43.090187
16.920332,-36.632076,44.141659
-7.781741,-18.013876,34.502121
-6.728889,-18.769625,32.863098
-7.919762,-17.498833,32.490261
-2.858272,-4.628157,13.088171
-4.939200,-2.437726,13.306277
-5.137395,-0.569236,12.934154
-5.157500,1.214000,12.846786
0.908246,-24.204298,50.895824
1.153618,-24.451567,48.679909
-0.227086,-23.633083,49.448387
2.492234,-25.107073,47.405159
0.747792,-24.361742,46.715416
-7.969082,-17.455839,41.395599
-8.312518,-16.643951,42.682640
-7.091341,-18.238079,43.243435
-6.838728,1.019041,47.506859
-7.471039,-0.412069,48.594406
26.768501,-1.195559,52.874699
26.209774,0.304529,53.160606
26.074100,-0.151183,51.260929
-10.392654,-48.475876,50.793701
-10.647414,-50.003975,52.013424
-12.213506,-49.293541,50.651867
20.182714,-21.943249,52.544083
25.529987,1.498737,52.623451
25.888653,1.308910,54.401638
2.176732,5.863729,13.171326
-4.884628,12.543456,4.891385
-4.812540,11.267451,3.994258
12.970327,-22.768469,39.757286
13.607174,-21.659576,38.368572
11.852015,-22.807343,38.417786
3.611505,-4.631088,13.738182
2.177608,-5.105688,13.313858
-28.316828,-49.319939,54.404648
-28.268223,-47.874401,54.401737
-30.058886,-48.780087,54.404522
-2.054987,-6.001252,13.853703
0.406345,-5.938740,13.633836
11.959788,12.656012,12.678170
11.692459,11.638846,11.016438
10.267182,12.740735,11.386668
-4.467409,-3.955736,13.657686
9.012075,5.029489,19.801952
7.856647,6.256048,20.370762
7.487052,5.610625,18.301149
-6.065020,-1.591621,14.219053
-51.609516,16.866671,54.402279
-53.240135,16.455780,54.400776
-3.350065,5.602553,13.352173
22.588232,13.572234,32.698303
-1.199011,6.733841,13.636663
0.898858,7.046579,14.251069
5.600568,3.543507,13.849372
6.423674,1.396078,13.848500
5.700458,0.390330,12.972612
-10.398309,-11.655002,43.469501
5.098707,-3.705717,14.255533
0.687487,-23.954805,54.402737
2.670608,-24.884371,54.402702
1.748612,-24.544792,52.705097
-3.778294,-5.450743,14.172741
-3.154768,-7.063049,15.138682
25.344570,0.376577,49.203316
25.018461,1.707866,50.705536
-7.969557,-0.287338,46.934811
-5.701993,-3.468838,14.490116
14.826876,7.073947,38.985649
13.143970,7.872964,38.938705
13.742602,7.226274,37.174088
17.750448,-19.458687,40.480862
17.219879,-20.617855,41.819359
18.541538,-19.520021,41.992718
-6.111737,0.358166,14.055317
-5.996222,2.663295,14.476100
-2.859370,6.845626,14.871549
-1.005704,7.649368,15.316456
6.045347,-25.972519,51.253006
-9.797074,-14.363163,41.302254
-8.860899,-16.107977,41.330666
-10.164563,-0.835100,41.607849
-9.882185,0.603255,40.485088
-9.111585,0.942815,42.333439
15.859546,7.992944,48.914673
17.167837,7.726645,49.676052
15.691337,8.208467,50.369648
-4.558980,-38.204292,54.403164
-5.828802,-39.805710,54.403255
-4.110962,-39.790951,54.403206
-12.600226,-4.545419,54.402634
-13.303221,-5.830463,54.402676
-11.561629,-6.066715,54.402637
4.447467,-5.324542,15.124805
2.615308,-6.035690,14.526793
18.968250,6.150826,45.396122
19.631315,5.203846,43.743076
20.899366,4.587836,45.138603
-1.180972,-7.381192,14.965958
-5.132347,-4.839242,14.699771
22.108582,2.158877,42.873043
21.812817,3.274744,44.295849
20.601801,3.911690,42.701309
21.068878,-16.523592,41.531776
20.902552,-15.760446,39.886696
19.852985,-17.249765,40.293636
-7.112399,-0.618546,15.525548
-11.727154,-8.336987,31.108536
-11.775121,-6.482662,30.617489
-5.133904,4.805427,14.789477
-3.983500,6.061125,14.771921
-0.206287,-23.483938,52.688770
-1.322733,5.345959,48.833385
-1.420795,4.930436,51.149384
-2.715345,4.168527,49.924213
8.056008,-26.177797,50.854527
8.616573,-26.116446,48.978237
6.686652,-26.073383,49.455517
-10.123038,-14.267386,39.195900
3.977775,4.847977,13.385248
0.748885,6.736506,54.402023
7.253512,2.840986,15.284178
-5.279152,4.309619,44.602573
-5.815672,5.035824,42.400486
-4.362575,5.687923,43.360416
-4.889163,-6.289037,15.474496
-8.488960,-1.586332,47.542107
-2.289198,-38.769520,44.392307
-0.924133,-37.986362,43.490978
-6.413804,-4.858368,15.904135
-7.115618,-2.699229,15.862769
-6.939723,1.253818,15.530187
-6.949639,2.790071,16.394205
-6.174679,3.813252,15.665244
13.633741,-24.936657,48.430321
13.431976,-25.284113,50.226044
15.071364,-24.527765,49.640503
-3.104235,6.844518,42.548969
-2.730573,6.328010,44.162899
4.662283,-25.579500,54.402668
3.452225,-25.243492,52.866951
-4.427383,-21.346437,40.089291
-3.064677,-22.345694,40.977695
-3.005555,-22.361744,39.128387
6.637929,-2.525253,15.107620
3.987317,7.528558,50.685589
2.667148,7.057858,50.684265
3.508224,7.419029,49.192318
3.590294,-6.762733,15.876963
1.394482,-7.569628,15.560863
-2.537974,-8.195503,15.939308
-44.493790,-39.270039,54.402386
-43.029465,-39.763241,53.111164
-43.528732,-40.998936,54.402794
-53.284336,9.103955,52.900444
-3.844860,7.986077,37.825607
-3.097362,8.570643,36.116451
11.948365,-25.372910,47.338963
9.873702,-25.736679,45.940517
10.216649,-25.904369,48.310780
-53.990910,8.705770,54.401783
-7.712151,0.794731,16.864460
-6.109648,4.806291,16.837875
21.082373,0.636065,38.073288
20.829464,-0.652168,36.121307
21.809223,-1.238300,37.658669
-2.541878,7.662704,16.454618
-9.478327,-3.065244,46.401707
-9.126912,-3.494129,48.178818
-11.346256,-9.395364,40.592567
-11.426187,-10.336926,38.749561
-11.681400,-8.083390,39.119732
5.009811,5.335166,14.831833
3.431821,6.188303,14.458896
19.857891,-21.031239,48.466076
20.206518,-21.382662,50.525597
21.280233,-19.904804,49.475880
6.294737,4.398260,15.283378
-50.679119,-12.890114,54.403305
-51.981571,-13.729014,54.401192
-50.319347,-14.533634,54.403511
-1.980168,-22.274036,52.544189
-1.059020,-23.007622,50.780315
7.744265,0.946114,15.381989
6.151243,-4.355192,15.901027
-0.861308,-9.124139,16.657480
-4.268721,-7.953547,16.387753
-5.985143,-6.945577,16.801891
23.363247,-3.843096,39.187168
23.730236,-6.092378,39.165737
24.272820,-5.064421,40.736618
12.236092,8.403300,40.431820
10.729176,8.825338,40.610268
11.082764,8.604174,38.819836
22.927483,3.614307,48.112919
22.298004,3.440093,45.923630
23.828522,1.646991,46.534389
-2.652091,-21.815228,50.642330
-1.678258,-22.680363,49.105015
13.659863,-23.475361,42.556732
14.096795,-22.754581,41.381531
12.520517,-23.690798,41.364532
-4.460621,6.400774,16.224970
0.838574,7.996942,16.160875
11.950027,-25.629820,49.365601
-2.909699,-22.235697,36.987091
-4.381644,-21.364223,38.151077
5.388021,-6.063788,16.626200
1.234933,-9.274699,17.205627
3.077562,-8.227526,16.991522
-2.711252,-9.105952,16.815369
-2.311422,-10.307810,17.898874
-8.174786,29.178677,52.820160
27.224815,-2.988413,52.659378
-7.995254,-3.631140,17.426340
-0.219426,9.219208,37.939724
-1.239429,9.125379,36.682907
-8.165152,-1.196851,17.385010
-10.553552,33.965969,54.399399
19.440138,3.253043,38.541805
19.835131,2.165025,37.466873
-10.389964,1.371172,33.293598
-9.694754,2.674346,32.146152
-9.144187,3.737733,33.712784
-0.856505,8.316420,17.122723
-2.003252,8.250058,17.907494
18.911280,-20.594551,45.067322
20.051895,-19.707300,45.632584
22.678234,4.526325,50.041199
23.922115,3.206438,50.341606
23.204945,4.457320,51.817844
2.307248,6.635882,14.287953
38.453125,-15.253747,54.401844
39.587307,-14.058666,54.400970
37.980961,-13.302281,54.401783
8.706985,-26.031866,47.431099
4.503180,6.668834,16.195440
2.455670,7.370100,15.656374
-8.237016,-2.113815,49.356434
-8.795507,-3.792891,50.138874
-6.282679,5.553616,40.449532
-7.459219,4.002177,41.218689
6.253446,5.592330,16.560944
39.158566,-16.790903,50.045639
6.857740,8.214776,50.219719
6.345827,8.173076,48.412453
7.557890,4.293630,16.695114
-15.989027,31.327246,37.309456
8.598742,2.480015,16.796080
-52.292774,-11.703965,54.400536
9.119495,0.411014,17.149910
7.833650,-1.082506,15.844643
7.579230,-3.177684,16.624905
9.065417,-1.838565,17.675339
7.079010,-5.186026,17.498621
6.001730,-7.164284,18.058443
4.540415,-7.399871,17.143764
-0.116668,-10.489855,18.085176
3.103771,24.394831,54.401546
1.561890,23.117569,54.401619
3.647588,22.460363,54.401619
-5.379795,6.308182,18.382790
22.406754,5.453866,52.891232
21.516066,5.751731,50.902054
8.806445,-4.000848,18.508078
-7.242002,-16.570831,49.961468
14.800037,-24.920284,51.354958
17.241901,7.988417,51.456985
1.158729,9.296284,30.507437
2.912930,9.284288,31.133614
1.410118,9.474106,32.413330
27.144817,-4.121275,51.096901
27.538395,-5.096188,52.688858
-0.902627,-17.782694,25.970030
0.105969,-18.685965,27.110258
0.789663,-17.433971,25.543745
19.439043,-14.100435,35.565693
19.096735,-15.769599,36.900803
1.064473,-22.370535,32.866863
-0.626424,-22.339163,33.610214
0.771728,-23.245573,35.055508
3.872409,-10.307211,19.302704
4.809487,-8.843383,18.581703
2.854555,-9.793424,18.344460
1.412145,-10.522762,18.477598
6.147354,-23.745876,35.849239
7.549939,-23.710968,36.446033
7.366001,-23.058371,35.067970
7.101407,-22.184082,33.446732
5.135508,-23.065708,34.198280
-1.708640,-11.566396,19.086069
-3.615673,-11.150599,19.026566
24.219389,-0.742270,44.099480
24.614069,-2.632499,43.205368
25.019077,-2.037560,44.935738
-4.024596,-9.743754,17.839777
-27.042692,-47.388046,53.154385
-25.597717,-46.632492,51.592396
-27.318098,-45.944515,51.796860
-5.821074,-8.534845,17.870617
-7.008964,-7.381983,18.104015
18.797083,7.238272,50.398399
-11.831341,17.122169,54.402084
-11.257689,15.313176,54.402115
-9.941659,16.683437,54.402058
-8.419367,0.337030,18.342592
-7.960372,1.952838,18.208523
-7.198293,3.703445,18.113918
-5.818123,6.346406,20.738642
-6.698290,4.986429,19.202471
-3.678974,7.572868,18.163221
-8.145651,2.517027,42.297577
5.384775,-18.506575,9.681186
7.248596,-18.361290,10.063583
5.687874,-19.604086,10.732185
0.576485,8.546969,17.885511
-0.720071,8.700493,18.935301
1.899466,8.137353,17.127064
3.544046,7.817400,17.773617
1.978767,8.455181,18.403990
8.383196,-25.767422,44.255165
10.405519,-25.209909,43.580029
5.375371,6.983743,17.963451
8.846354,3.902878,18.083664
9.848891,1.982047,18.328182
10.021723,3.484674,19.529175
-6.985112,-0.961513,52.845417
-7.997737,-2.468258,51.449783
10.556807,-0.046680,19.123741
10.794696,1.765326,19.669968
-11.056133,-7.092960,43.003456
-10.735209,-4.547993,43.337490
-10.554955,-6.436559,45.078857
8.028464,-6.489789,19.309483
9.883009,-23.812490,38.478050
10.342477,-22.880289,36.959976
8.871853,-23.557983,37.032494
8.949217,-22.915461,35.833576
5.484909,8.269773,52.912090
4.428687,8.391649,54.401897
29.751202,-18.975456,30.694658
30.932283,-18.811209,32.379326
-2.522495,8.349426,19.607683
-46.999310,-31.795862,53.397697
-47.435684,-29.773880,52.897373
-17.481377,35.779980,52.166107
2.741078,-22.965963,33.768242
3.027875,-23.742050,35.466694
0.573988,9.517694,36.176720
18.305540,16.417549,32.001762
16.919760,17.524755,32.806339
18.758530,16.767710,33.891388
-4.256636,8.156214,34.536415
-4.780333,7.741518,36.267174
-5.582520,7.380720,34.755951
0.552825,7.820669,43.985195
2.469080,8.567033,43.218746
2.414002,7.942038,45.298260
17.046877,-16.518345,13.564827
2.463327,-11.091734,19.386303
32.189922,-27.803961,54.401836
33.281761,-26.263351,54.401688
31.377090,-26.189754,54.402142
0.711064,-11.857722,19.593775
-5.482813,-10.184061,19.043509
-7.361140,-8.736443,19.494778
-10.731067,-10.145438,43.484421
-11.075168,-8.970050,42.514618
-10.723432,-8.539644,44.430737
-7.509515,-5.727620,17.646801
-8.255892,-6.888175,19.367905
-8.851757,-4.841344,19.332752
-4.357269,-21.233421,36.376331
-3.530572,-21.542046,35.054516
-8.880524,-2.703353,18.901577
-9.055676,-0.745076,19.636793
-8.620722,1.201312,19.619123
-8.050795,3.064052,20.276400
-4.370212,7.448156,19.989292
-5.279949,1.431372,54.402317
-4.496732,2.292284,52.447620
-4.048995,2.858818,54.402252
-1.128363,8.802494,20.872478
19.477732,-22.859491,54.402302
20.937260,-21.687700,54.402256
1.109634,8.820891,19.910986
25.769039,19.891674,52.855679
27.188486,19.762785,54.396713
27.518757,18.947813,52.682495
-48.484035,-23.150311,54.403534
-47.009129,-22.026566,54.403858
-48.759026,-20.990437,54.403904
4.541936,7.773731,19.105642
3.081676,8.430724,19.805271
6.313902,7.135152,20.102869
-30.793371,32.969368,54.402042
-33.055302,32.082680,54.402218
9.501531,-20.304737,32.192287
11.344960,-19.808056,33.010674
10.890635,-18.874781,31.421225
11.211692,2.916138,21.021082
10.397203,-2.625334,19.644377
11.677002,-1.399313,20.886217
10.016840,-4.823541,20.282331
-10.427067,-7.905827,45.915077
-10.085766,-7.072134,47.376343
-8.949963,-12.701397,50.746498
-9.332457,-11.448253,50.136360
-9.191875,-11.490743,52.230350
-9.357477,-8.510499,54.402641
-9.307990,-10.561960,54.402687
-9.411248,-9.276999,52.797131
19.180044,14.754653,29.071287
17.781750,15.517217,28.318569
18.056576,15.899843,29.988678
-8.703224,-7.954767,20.757444
-2.176165,-21.734457,33.396053
-3.974931,-20.841900,33.295380
-11.299581,-11.559885,36.611454
-11.807217,-8.911525,36.731987
15.971229,-22.625689,44.334946
16.615053,-21.636646,42.998344
-9.799275,-1.312986,21.956579
-9.556268,-2.919371,20.603386
-9.133166,0.963840,21.536327
-7.169689,4.857349,21.410244
-29.516117,-50.548336,54.404335
14.807014,-14.361993,30.505600
14.698917,-16.304976,32.153145
16.296202,-14.364183,32.075367
6.793533,-8.412312,19.619915
5.469522,-10.523368,20.348816
3.712459,-11.597445,20.359161
2.347555,-12.282922,20.460230
1.157581,-13.322675,21.148930
-3.292041,-12.552721,20.331474
-5.123174,-11.671704,20.202341
16.732374,16.477688,29.030952
-6.709335,-10.721675,20.485456
-8.193276,-9.428643,21.087130
13.247937,8.223928,42.354885
14.137064,7.718940,40.607624
15.048489,7.598898,42.506252
-9.109736,-6.328234,20.491962
15.696463,7.588798,44.424084
13.883155,8.133307,43.948734
28.004927,-19.851542,28.783091
26.693907,-21.153191,28.055861
-49.610374,-3.923745,54.403484
-48.107414,-2.977008,54.403385
-49.763157,-1.920350,54.403500
13.172187,-19.133133,33.884212
11.793569,-20.664450,34.647858
9.566903,8.882338,52.522621
10.589981,9.455534,54.401783
4.413691,8.142871,20.965176
-33.471359,-40.777184,51.489044
-31.972572,-40.998249,50.268814
-33.373123,-39.600372,50.185951
7.453927,6.887676,21.795208
8.967031,5.864598,21.586967
10.270675,4.555835,21.310005
-37.472588,-29.618011,40.885147
-18.121338,-24.223135,52.689007
-17.496002,-24.941536,54.403198
-18.394093,-23.026394,54.403172
11.699388,0.908523,20.853024
11.529735,-3.550567,21.409575
8.297248,-8.051730,20.557955
7.905095,-9.926420,21.485659
4.901162,-12.132463,21.364708
1.179826,-24.451056,39.597698
1.231742,-24.638985,41.293816
2.817628,-25.085777,40.928463
-9.371246,-8.967640,22.672688
40.910728,-7.501683,51.609756
-9.749481,-4.934795,21.359943
6.458099,24.350653,44.976616
22.367311,-0.517367,39.637733
23.228769,-2.108288,40.110661
23.491642,-0.951576,41.916283
0.447138,8.959232,22.264051
2.840829,8.663927,21.816511
-15.602965,-49.600510,49.642185
-17.035814,-48.755234,48.454697
-14.940781,-48.064453,48.411018
-50.653873,9.662812,54.403107
-51.985775,7.899065,54.402836
-50.089855,7.994638,54.403194
-9.578849,-9.590161,50.407803
-2.902995,-22.359711,42.961445
-2.555264,-22.408377,45.169170
-1.234720,-23.437706,43.675827
9.448802,-8.505930,21.812525
9.801970,-6.830087,21.167309
6.418602,-11.914150,21.977755
7.166458,-13.254849,23.466919
5.403616,-13.368750,22.662910
3.303302,-13.167184,21.620356
-2.906809,-13.654281,21.392317
-4.557737,-13.265467,21.538446
-6.243926,-12.308539,21.606062
-8.190650,-11.139010,22.573235
-16.287115,-8.242739,54.402802
-15.617301,-10.055958,54.402828
-14.262955,-8.706115,54.402767
-7.550408,4.612401,23.226843
-7.850761,3.898444,21.792692
32.291855,-17.654451,33.761021
32.764740,-15.668690,33.386295
33.446445,-16.466843,34.993294
-6.232276,6.146473,22.760569
-3.002078,8.291524,21.499781
3.296505,8.627000,23.733122
1.687542,8.888936,23.399815
4.183048,8.339950,22.455296
5.812717,7.735919,22.159935
-3.025176,-21.451656,54.402771
-1.137828,-22.841892,54.402752
-11.572882,17.928616,50.883064
-10.423305,19.306713,52.272766
-10.624783,19.349798,49.835087
-7.261250,-1.567614,54.402439
10.282939,5.358421,23.107611
11.522406,3.901144,22.703110
12.383011,2.074227,22.469612
12.769261,-0.017834,22.387644
12.762027,-2.200568,22.577381
12.635165,-4.111889,22.991821
11.290990,-5.531776,22.021437
10.989849,-7.918223,22.903242
9.757154,-10.013681,22.973425
8.082846,-11.528261,22.713770
35.076733,-4.561450,36.040253
-5.613221,-13.713575,22.624231
-3.854158,-14.714182,22.840534
-9.588861,-10.602797,24.497740
-9.710177,-6.744720,21.979404
-10.138973,-3.296760,22.433149
-9.780467,-0.114879,23.197243
-8.522075,2.875239,22.588757
-25.828920,-54.926685,54.402557
26.755671,-2.099301,51.266659
26.156931,-1.341556,49.614216
9.315844,-11.948553,23.878653
7.321802,-14.664560,24.750555
5.711771,-14.666476,23.963087
3.715771,-14.691507,23.207624
2.320111,-16.109713,24.274961
-1.123515,-16.719538,24.655962
-1.441910,-15.493796,23.237646
-2.761973,-16.045158,24.085024
-7.375482,-13.173170,23.635847
-8.625949,-11.897828,23.982052
-10.408841,-5.162376,23.360964
-10.271063,-1.791545,23.730257
-4.781878,7.345274,22.078156
-3.448934,8.149950,23.623180
-1.356055,8.786092,22.965509
0.275480,8.958556,24.214622
15.853132,19.788916,54.401394
15.065355,22.096548,54.401134
16.756615,23.568710,54.398323
14.324862,24.264936,54.400093
5.048271,8.157347,23.850822
6.797411,7.513165,23.815107
8.541792,6.622190,23.450739
-46.425060,-4.798310,45.977116
-47.117889,-3.279525,47.513168
-47.221394,-5.411018,47.810471
11.487029,4.887731,24.550802
12.810603,3.175023,24.286110
13.505301,1.282522,23.977047
13.779361,-0.801406,23.924459
13.758624,-2.781625,24.092602
12.574051,-6.169209,23.735884
11.435207,-9.315140,24.066061
10.948032,-10.929605,24.543047
8.729019,-13.820746,24.875219
8.479471,-15.722257,26.376596
6.209216,-16.028412,25.487005
4.306112,-16.019018,24.736681
24.437393,3.100995,52.240669
-5.875050,-14.807458,24.086128
-4.425466,-20.082445,31.764038
-5.665771,-19.312580,31.806942
-5.436790,-19.852554,33.076286
-10.215922,-8.879201,24.575018
-10.323576,-7.356257,23.916363
-10.628146,-3.494140,24.370724
-10.108149,-0.205643,25.070284
-9.336249,1.519301,23.996239
2.982254,-25.207743,49.514561
33.666737,-28.288948,54.400005
-53.981869,6.969833,54.401726
-53.974152,5.122917,54.401718
-52.219200,5.810139,54.402782
-15.092324,13.288395,51.292973
-13.883245,15.009127,50.441395
-14.979207,13.793546,49.384579
13.673451,-4.728645,24.501337
12.811880,-8.015388,24.805414
10.034354,-14.139970,26.046812
10.486360,-12.609330,25.247343
21.447107,-12.070045,36.751080
20.774754,-13.313084,36.722477
22.378838,-11.139724,37.652405
-4.463720,-16.135330,24.827036
-6.062236,-15.923759,25.700745
-10.949014,-5.412686,25.510902
-10.632805,-2.062251,25.466293
-8.530285,3.240521,24.258917
-7.928968,4.375979,25.369328
-6.688471,5.825238,24.669691
-5.103294,7.192644,24.068176
-1.796171,8.726335,25.387697
8.146682,7.170676,25.543245
9.829984,6.191899,24.921516
25.315607,-34.031734,54.402092
12.769965,4.329605,26.111080
14.108666,2.403771,25.907495
14.545108,0.234408,25.325825
14.775176,-1.726083,25.436213
14.618196,-3.726286,25.458355
13.519117,-6.307234,24.874313
21.798906,20.185747,48.627533
8.834775,-22.165676,34.456215
12.498150,-10.100990,25.514467
11.985452,-11.779153,25.994879
6.631478,-17.152716,26.835142
15.340432,20.122265,39.772930
13.572455,20.703381,39.212265
24.888281,2.986063,54.401619
-4.817820,-17.097261,26.376974
-47.763302,27.131201,54.400135
-47.219414,25.139721,54.402203
-45.724316,26.516911,54.402405
-7.499697,-14.423894,25.301283
-8.927743,-12.569917,25.268457
-10.409391,-9.803845,25.898285
-10.874801,-7.944331,26.077267
-10.969725,-3.616836,26.072248
-10.528296,-0.701080,27.034189
-9.866098,1.042895,26.597401
-8.961283,2.792011,25.894539
17.785280,-19.224808,16.244852
19.308491,-18.867031,17.222004
18.307508,-20.376150,17.683025
27.286549,-10.327214,54.397770
26.601158,-11.401120,52.676838
2.082194,8.868498,24.989811
5.408091,7.982176,51.328335
14.557364,-5.338992,25.792765
-38.621399,-4.866747,32.086174
-37.026703,-4.474734,30.655123
-37.377930,-6.548467,31.140774
11.779033,-17.826004,30.932205
12.987341,-17.272392,31.433044
12.223284,-16.789463,30.208578
11.340128,-13.431659,26.541220
-9.116390,-6.062940,52.649460
-9.336567,-7.679625,53.188988
-9.437732,-7.610019,51.684559
-52.811893,-3.266557,53.066208
-52.256527,-4.724543,51.975571
-53.184822,-4.934735,54.402130
5.055709,-17.199396,26.247343
2.978295,-17.413250,25.871706
-2.953377,-17.380171,25.833349
-20.309320,-17.281660,54.403095
-18.247265,-17.809938,54.403061
-18.675200,-15.926072,54.403030
-8.740002,-14.198987,27.067873
-9.956372,-11.254196,26.071970
-10.642758,-10.696636,27.618418
-10.985797,-9.091125,27.361977
-11.309587,-4.409124,27.690273
-10.979246,-2.368734,27.357773
13.644077,-15.997201,30.768005
12.871071,-15.324154,29.410786
13.778274,-13.686514,28.959251
-10.244736,0.591289,28.288940
19.403307,-2.890279,32.322674
18.867752,-4.935135,31.306906
19.965324,-4.544624,32.863739
-7.001202,5.668824,26.580807
-8.195617,4.277740,27.308914
-5.449453,7.030436,26.029604
-3.834625,8.009327,25.656347
-1.192690,8.912379,27.633480
-2.898191,8.459446,27.092518
0.348231,9.002065,26.365183
-8.366928,22.026031,54.401855
-9.527654,20.283716,54.401947
4.138576,8.541218,25.846573
6.177212,7.944130,25.678713
9.787786,6.550946,26.437202
11.242541,5.643939,26.267614
25.266855,-30.148834,54.402447
15.526099,-0.513596,26.752319
15.134052,1.004903,26.683880
15.826169,-2.539908,27.009386
15.447124,-4.376031,26.694016
14.422249,-7.159973,26.237074
13.541770,-11.022275,27.046934
12.840483,-12.762514,27.420303
12.183066,-24.389347,43.014084
5.539240,-18.132557,27.467945
6.857064,-18.228302,28.123075
-8.119735,-48.816883,54.403564
-10.030854,-48.706676,54.403656
-6.390602,-16.815441,27.421806
-7.366167,-15.544245,26.687670
-9.854667,-12.433883,27.266518
-11.340077,-7.729571,28.073696
-47.545013,-11.838337,54.403465
-49.665501,-11.118803,54.403740
-48.901676,-13.268699,54.403603
-11.280166,-6.252371,27.218334
14.485843,-38.840885,50.580917
12.380795,-39.264793,51.244663
12.890240,-38.662487,49.285213
-10.861716,-1.172550,28.656176
-9.418654,2.412886,28.148174
8.064854,-17.272503,27.695843
15.454446,-5.978917,27.083208
15.485742,-7.946460,27.739767
13.998652,-9.127010,26.573757
14.988914,-10.024113,28.040201
13.485901,-27.765551,54.402599
15.056437,-28.908615,54.402599
15.964922,-27.087955,54.402531
-45.386162,2.195938,38.226173
-45.958954,0.552743,38.988880
9.674047,-16.634497,28.035192
-46.434658,-0.937958,39.681065
-45.436806,-0.681885,38.446018
4.923752,-19.411976,28.784964
0.828305,-19.646198,28.415237
-0.681700,-19.525908,28.371176
-1.901725,-18.670191,27.359835
-3.795681,-18.086704,27.237476
-5.109588,-18.108715,28.262159
-8.130108,-15.803975,28.489244
-9.538235,-14.100224,29.023680
40.482620,-15.964761,54.399540
-11.257593,-2.811874,28.860947
-10.681034,-0.078619,30.064285
-8.467165,4.218604,29.448372
-7.373930,5.505806,28.723598
-5.868921,6.843107,28.004047
-4.350247,7.838569,27.711342
6.352057,-24.293869,37.187363
4.793909,-24.693495,37.961937
6.597577,-24.897232,39.010559
-10.417830,0.283562,38.772751
5.496796,8.307614,27.117788
7.198640,7.796669,27.278030
8.893879,7.201347,27.612314
10.589536,6.464458,27.913906
12.568641,5.243280,27.975004
13.935901,3.797110,27.498169
15.183351,2.197493,27.741829
15.944057,0.712436,27.960142
16.512407,-0.934747,28.252502
16.273722,-4.529304,27.810865
16.964771,-2.952869,28.663935
16.557751,-6.418686,28.544813
16.087225,-9.352303,28.938238
-12.762350,-44.774422,46.137066
8.626063,-18.218782,29.054897
10.522209,-29.079180,54.402718
-11.560203,-6.024310,28.904175
-11.304371,-2.125821,30.593725
-7.515043,4.791759,39.344383
-10.081373,1.352112,29.566982
-3.043689,8.501252,29.067390
0.830881,9.122770,28.454744
2.313313,8.949386,27.164942
-7.602125,-18.200869,39.854515
-6.904518,-18.841404,41.251041
-6.620235,-19.330978,39.847187
5.011779,-25.803902,49.708221
4.326543,-25.584370,51.320805
16.836260,-7.983705,29.296675
19.699192,-19.973881,18.547310
20.647358,-18.356339,18.048981
21.252069,-19.458138,19.627146
-8.185805,-15.076783,48.709499
-9.102118,-12.920936,48.558342
-8.331470,-14.426446,50.326817
15.940868,-11.150889,29.599363
14.425855,-12.031219,28.512335
15.103366,-12.770871,29.663607
10.587308,-17.735680,29.852209
-27.214006,-36.023827,39.700821
7.150681,-19.536861,29.818369
-1.915405,-19.787729,29.124943
-0.277793,-20.543423,29.890818
-0.612197,8.084512,42.144150
-1.992310,7.649158,41.883072
-0.526130,8.891717,39.344173
0.124167,8.730544,40.735657
-3.473879,-19.068956,28.668562
-5.224697,-18.987911,30.177334
-6.755791,-17.548443,29.375940
-11.272422,-9.524469,29.143478
-11.605234,-7.626449,29.615395
-11.609967,-4.428626,29.960630
28.058517,-23.474283,32.169762
28.508581,-21.761082,31.170601
29.588997,-22.236855,33.182724
-9.497501,2.717031,30.287119
-6.309549,6.627456,29.616495
-4.969062,7.598925,29.735153
-0.779141,9.092878,29.677732
4.216249,8.703756,27.883066
5.265591,9.450040,40.335545
6.169816,9.537731,38.327866
7.536783,9.360626,39.989941
5.910237,8.391863,28.636990
7.770156,7.893439,29.066607
9.593271,7.288277,29.495060
13.943362,4.476360,28.923777
15.042430,3.369954,29.062111
16.019318,1.980038,29.134722
16.828245,0.492688,29.405415
17.573776,-1.114993,29.922136
17.557711,-4.647145,29.530979
17.103973,-9.539403,30.131628
8.934765,-19.325060,30.551537
10.357466,-36.408131,54.402969
8.775520,-37.083508,54.402954
-10.725682,-11.821342,29.611908
-7.601862,-49.554115,53.313774
-7.089957,-48.248009,52.474873
-5.619134,-49.054523,54.401001
-11.653867,-3.464583,31.730806
-11.442142,-2.058822,32.526047
29.764400,-20.454937,31.875317
28.741617,-20.284609,30.225224
23.986721,-3.137524,41.133446
24.874741,-4.499821,42.599869
33.783096,2.299378,54.401466
2.052838,9.619339,34.456776
4.149318,9.560170,34.696739
3.043806,9.679506,36.489510
-3.748425,8.319805,30.996553
2.746489,9.083138,29.230097
17.675674,0.263302,30.783308
18.278414,-2.886425,30.602688
8.802380,11.164593,54.401745
10.627602,11.668725,54.401730
9.223186,12.973536,54.401703
-1.682715,-22.450033,35.054188
17.833208,-6.431871,30.113989
-0.643347,-21.516768,31.747112
7.508398,-20.791670,31.620283
5.624842,-20.580622,30.519022
3.638944,-20.876888,30.397074
1.543117,-20.477142,29.623175
1.395543,-21.428457,31.102095
-1.764907,-20.616724,30.526749
12.032146,-35.585625,54.402889
11.840297,-37.547047,54.402649
-3.263391,-19.941904,30.154535
-6.754698,-18.217819,31.065863
-7.989842,-16.856657,30.602539
-9.061291,-15.386081,30.215786
-10.949628,-0.370582,31.898745
-7.466487,5.643620,30.787676
-8.732285,4.159344,31.517130
30.060875,-30.111219,54.402122
-6.089067,6.943440,31.276842
-11.021846,30.895924,53.149094
-4.855372,7.793010,31.593390
-3.541089,8.485080,32.589737
-2.296957,8.859601,31.287476
20.328934,-10.762246,34.381508
20.993361,-8.968856,34.605412
20.039791,-9.352678,33.465290
4.566883,8.920936,30.135651
6.539993,8.556656,30.668577
8.505897,8.005991,30.924011
11.631983,6.402224,29.861156
13.360758,5.396418,30.117176
14.651403,4.417095,30.335024
15.883107,3.224580,30.586245
17.030346,1.612871,30.716766
18.689903,-1.072843,31.812792
18.157778,-9.619365,31.341909
18.019220,-8.057872,30.688618
12.422330,-18.489946,32.301842
5.146662,-21.772739,32.046593
2.930561,-22.088018,32.162769
-2.668321,-20.869177,31.656374
-0.753241,-43.857315,54.400822
-0.916555,-43.017124,52.005932
-9.046077,-15.989941,32.076782
-10.068641,-14.148629,31.465441
-11.454956,-10.187415,31.353853
-11.789058,-8.909010,32.612209
-19.179150,-21.035860,54.403152
-17.445183,-19.856136,54.403084
-19.785877,-19.184481,54.403126
-31.247999,34.689301,54.400749
-32.662983,35.529594,54.397751
-32.892899,33.719513,54.401726
-10.279119,1.300275,31.218271
16.945955,-19.210432,38.768021
17.756910,-17.534328,37.349030
15.960580,-19.027193,37.077362
-47.334740,7.795912,54.403084
-47.567497,6.077178,54.403126
-47.477180,6.910035,52.932407
-0.415082,9.289554,31.764572
18.066269,1.034271,32.170204
18.798485,-6.813291,31.373848
26.710037,-0.388167,54.401661
27.895613,1.396469,54.401520
16.259642,-12.831446,30.911198
13.602040,-17.806873,32.655930
3.976483,-22.518158,32.989155
22.145678,-20.461765,54.402222
21.475531,-20.890066,53.155254
-5.882833,-20.384693,12.723372
-11.813327,-3.797257,34.921459
-11.565107,-2.342742,34.522480
-11.592736,-2.820239,36.478935
-11.002265,-12.206079,32.355103
-10.511771,-13.695091,33.512974
-11.563797,-10.435041,33.346119
-11.866520,-5.208148,32.100914
-5.338446,7.566276,32.994778
-1.880723,9.067883,33.067734
-21.261826,32.638168,54.401897
-21.872051,34.901028,54.401455
-23.289658,32.601551,54.401985
0.184567,9.477736,33.812969
3.203617,9.471890,32.984669
5.030495,9.156509,32.274811
7.379361,8.722942,32.767403
9.425345,8.154549,33.084167
10.504738,7.353825,31.462383
12.739317,6.360868,31.933382
11.429390,7.451398,33.505169
14.185810,5.256495,31.475634
15.520586,4.306285,31.946915
17.032953,2.977764,32.591480
-13.923693,15.232853,48.706860
17.437008,-11.034893,31.149967
8.594772,-21.394354,33.103165
10.179283,-21.041279,33.748295
24.153404,-27.253063,31.425028
25.068962,-27.717190,33.144321
-11.164823,-12.080125,34.551552
6.003622,-8.089061,3.107802
-11.756928,-3.564336,33.285225
-8.943939,-12.708157,54.402721
-6.872675,-19.157364,38.249664
-8.061696,-17.762894,38.466995
-11.073322,-0.456510,33.822010
12.282848,-21.455509,36.408928
10.329497,-21.935524,35.266209
10.131056,-26.072672,50.521610
18.197239,6.197490,43.635338
18.127522,2.637428,34.399551
18.112467,3.447225,35.866337
17.107206,3.976144,34.699802
4.724648,-25.190939,39.866993
2.899367,-24.750574,38.790936
14.687635,5.571947,33.432133
13.090812,6.732392,33.926495
16.078480,4.447609,33.483055
18.952820,0.295291,33.208717
18.269455,1.729193,33.364914
19.762217,-1.418008,33.505978
19.729517,-6.385378,32.504707
19.257618,-8.311197,32.224792
18.941372,-10.533823,32.596272
17.796534,-12.526641,32.378780
17.920977,-14.188111,33.754761
16.350531,-17.444550,35.350792
16.416752,-15.952005,33.689224
14.840240,-17.653475,33.814861
13.285513,-20.153215,35.466415
-45.387283,-2.543553,38.555531
-46.059662,-4.481294,39.602215
-46.775921,-2.904102,40.335133
-3.411388,-21.325069,48.475639
-4.072978,-20.537142,50.222160
-5.202374,-20.454384,35.150696
-6.468596,-19.296968,34.346962
-8.957182,-16.449915,33.772396
-9.744111,-15.133428,33.156425
-11.637829,-10.274348,35.194996
-11.963895,-5.386626,34.006638
-10.666420,0.706968,35.103771
-8.098584,5.121441,34.948807
-2.864094,8.765172,34.141186
-1.471539,9.173316,34.971348
8.303345,8.836498,34.741821
6.199996,9.258455,34.390190
-51.632210,18.347273,52.139450
-52.297493,16.760033,52.671898
20.635466,-3.349257,34.176292
20.428238,-7.609484,33.560177
20.970631,-5.797340,34.241341
19.226654,-12.296783,33.877335
6.403156,14.661242,11.700781
14.708450,-18.981024,35.412563
-7.951802,-17.959818,36.938358
-8.983016,-16.589939,35.796162
-9.857799,-15.130016,34.824829
-11.133909,-0.755920,35.797508
3.789355,-25.554216,46.451698
4.262008,-25.654980,48.133240
5.725581,-25.939634,46.587482
-9.819846,-12.630754,44.928410
-9.797582,-11.615690,46.639507
-9.288760,-13.385299,46.342590
24.419802,1.890620,48.836323
24.534294,-10.216617,41.947208
24.208094,-11.890935,42.606857
14.191966,6.508123,35.387447
12.391337,7.544266,35.697880
15.760530,5.331847,35.084190
19.099646,1.309575,34.577019
19.955893,-0.145511,34.792065
20.537951,-1.507947,34.876534
-36.888149,32.153046,54.402031
-38.805767,33.242184,54.400112
17.854494,-15.804945,35.266811
25.889782,-13.328825,52.885056
-47.811516,-8.735401,50.875584
-47.700314,-7.575948,49.748024
-47.931065,-6.830608,51.110897
-6.760226,-19.219538,36.040207
-11.927922,-5.189751,36.010471
-10.460035,0.874308,36.973003
-46.687061,-17.376959,54.403637
-48.524883,-18.641853,54.403786
-46.333282,-19.146715,54.403675
-9.624644,-1.033758,43.550999
-10.506963,-2.600593,42.491096
-6.613976,26.065445,54.401688
-7.354161,23.918274,54.401775
-5.412322,24.072376,54.401741
5.045256,9.609194,36.539265
7.190811,9.323404,36.490177
10.368117,8.250733,35.104107
9.007410,8.913360,36.459118
25.872938,-12.588365,51.312119
21.397625,-2.454680,35.947468
21.812067,-4.424461,35.862103
22.001564,-8.348043,35.949638
21.382046,-7.378051,34.883762
-8.253544,-16.320225,44.127018
-9.032305,-15.333003,42.944309
-9.067142,-14.491478,44.970280
4.704660,-24.083477,36.256168
-10.653330,-13.517049,35.601994
-6.523853,6.539639,36.262905
23.605505,4.574305,54.401627
-4.982028,-21.694164,13.808204
-5.822696,-22.489361,15.365002
10.907851,8.380191,36.825481
12.273924,7.986441,37.544643
15.431407,6.215893,37.088192
17.232954,4.660277,36.607937
18.978775,2.381224,35.877907
20.004517,1.012383,36.173424
22.406559,-3.274265,37.467899
22.043354,-6.332882,35.904400
20.478069,-12.159759,35.395443
18.467245,-18.150023,39.384468
-17.816286,35.151474,50.099251
-16.094221,35.056797,50.868576
3.371664,-24.376644,37.157841
1.452763,-24.068499,37.206100
21.620773,-10.482266,36.064339
-9.898560,-15.040252,37.193279
-10.618396,-13.438663,37.582531
-9.006818,-49.140160,52.129585
-9.269095,-50.556828,53.206596
-11.894025,-6.534978,37.397034
-12.135143,-32.486378,54.403214
-2.900036,3.807630,51.613712
-3.199728,3.574390,53.147938
-9.704702,28.602016,31.438005
18.683571,3.426827,37.150570
-10.920152,13.279337,54.402164
-9.863370,14.829543,54.402096
22.767921,-9.184355,37.449730
19.400562,-16.649973,38.558842
24.265501,-15.211357,49.540722
25.128298,-13.651932,49.985298
24.449625,-14.171622,47.957104
8.032106,-24.232889,37.940498
-3.125535,7.486935,40.883446
-5.650168,-20.309324,37.269444
19.730381,-32.460728,54.402515
21.676197,-31.501028,54.402473
-52.887299,15.237999,53.229706
-53.007465,13.448285,52.981937
-53.610928,14.442309,54.400677
-22.087318,-5.313173,50.147633
-22.052431,-3.382168,49.402794
-22.329603,-4.671203,48.031502
-10.950660,-12.218838,38.744289
-8.021531,4.853361,37.348492
-5.317402,7.176674,37.682686
16.733007,5.829849,38.753365
18.376667,4.374545,38.531143
-17.163334,-25.950928,52.644123
22.785511,-5.312562,37.396152
22.968250,-7.314056,37.517620
-9.224037,-5.641338,50.893280
-12.936529,-7.254466,54.402702
-12.359240,-9.114570,54.402725
8.324281,-24.654066,39.273731
-5.654852,-20.327221,39.002590
-8.866280,-16.713505,37.627682
-1.123064,6.779171,45.003479
-3.711700,5.240251,45.170567
17.371258,8.263008,53.061356
-11.000518,-0.958021,37.845078
-8.637288,3.411786,39.275387
-6.541045,6.045211,38.465992
-4.730142,7.057439,39.512836
1.617361,9.518291,37.906914
15.132757,-24.132759,47.840599
16.903370,-23.436356,49.094971
27.847273,-6.189169,54.402164
29.506124,-6.841271,54.401947
-10.502087,32.795341,48.430378
-9.199688,32.214996,48.161594
14.687907,-21.625715,39.812218
14.243007,-20.244240,36.747471
-1.671857,-23.212227,40.001709
35.173195,-26.259527,54.399494
-52.362064,-2.526498,51.695297
-11.655763,-5.929945,39.440380
24.051544,-17.729582,54.388966
23.867983,-17.365620,52.681156
0.796161,9.208880,39.238258
2.244462,9.402829,39.378532
3.939515,9.602638,38.648613
-5.901336,0.643161,52.432838
2.207219,-25.052933,45.660645
22.679144,-2.158032,38.787048
23.348560,-10.207724,38.965500
18.955305,-18.498714,40.828869
15.348219,-20.408108,38.492134
16.261333,-20.497038,40.010063
7.252291,-26.088219,47.831219
7.797506,-26.009768,46.231411
9.542803,-24.624418,40.262695
11.364160,-23.792938,40.064899
6.031980,-25.378567,40.705887
7.739189,-25.181625,40.602909
-0.246608,-23.983578,40.651081
-1.606914,-23.284376,41.648144
-1.517985,7.272375,43.379814
-40.634880,32.275444,54.400249
25.873802,-25.992725,31.995388
24.514414,-25.872009,30.146261
-35.826931,-27.330515,38.276176
-36.812008,-28.586342,39.749264
-11.306823,-5.655927,41.416885
-22.249187,-2.900435,47.476097
-21.935089,-1.676604,48.846741
-4.638511,6.398024,41.428467
16.038671,-24.808798,54.402477
15.176549,-24.968599,52.890842
14.220180,-25.477310,54.402542
-8.818367,13.605312,54.402096
-8.464283,15.490115,54.402042
16.265821,6.742962,41.027649
19.724150,3.818715,40.400230
-3.823775,-20.985262,12.444158
-42.126274,27.077175,43.066307
-40.787209,27.560282,41.797264
7.709829,22.187643,33.610970
6.417174,22.508621,32.096668
5.927145,22.989239,33.943142
15.588041,-21.762123,41.503819
10.822932,-24.570150,41.623535
-5.649817,-20.226583,40.791897
-1.259049,10.796044,3.946741
-3.367436,10.302220,3.378422
-3.186756,12.045444,4.675727
-8.895246,2.247995,40.835670
-9.713499,1.712579,39.052624
1.720816,9.104119,40.609047
22.446356,0.783838,41.506355
34.866344,-26.010727,52.584335
22.251186,-14.820393,41.383274
9.027762,-25.298077,42.221619
0.091920,-24.196404,42.376747
-5.968792,-19.715317,42.300518
-9.856878,-13.407140,43.264660
-11.449977,-7.468505,40.923531
-11.028088,-3.854700,41.577202
-32.310799,-50.654537,52.829399
-30.651907,-52.000515,53.178616
13.780409,8.382954,49.090572
-13.692497,-10.420621,54.402790
24.972248,-6.400574,42.201103
24.941961,-8.488539,42.264484
22.086102,6.018329,54.401634
-25.124285,-48.233894,53.041130
19.801256,-18.223042,41.945255
18.109325,-20.597740,43.419464
3.528127,-25.421701,42.958721
1.739336,-24.887280,42.685413
33.462814,-26.620403,48.174801
-34.272320,-6.659671,31.463861
-35.980942,-5.908548,33.174850
-35.119747,-8.135085,32.498573
0.338663,27.124619,46.423687
1.037998,8.573407,42.112823
-48.741062,2.113716,42.844154
6.665030,9.224850,42.059017
34.530712,-15.203404,36.239826
33.751007,-14.623446,34.575504
34.775066,-13.401141,35.892422
-49.863770,20.523792,54.402733
16.670837,6.928092,42.971218
23.179052,0.675879,43.209431
33.011814,-18.209202,35.355560
23.192501,-14.078293,42.737877
-45.529953,-30.292189,50.128876
-45.994278,-28.514250,49.680557
22.251537,-15.731236,43.049210
19.760836,-19.223680,43.881023
15.047274,-22.705860,42.845524
33.180035,11.550976,54.401119
31.512251,12.377168,54.401276
31.067486,10.898455,54.401302
15.640841,8.599513,52.589432
2.543219,-29.597525,54.402805
1.820811,-28.112795,54.402794
1.009456,-29.504223,54.402840
17.334581,6.916128,44.707500
25.497074,-3.926159,44.799202
25.073242,-10.003358,43.529156
23.263655,-14.879413,44.577473
21.046001,-17.568247,43.495350
-35.091522,-40.332851,52.813515
-33.819149,-41.864567,52.989925
13.568263,-37.006409,43.648270
13.924316,-23.906284,44.400890
2.501732,-25.170961,44.083115
-0.970862,-23.441706,45.868839
-10.015233,-2.748569,44.321033
-8.956396,-1.051445,45.430046
-3.752701,-20.776012,52.276798
11.468209,8.548773,49.277096
-30.658546,-51.853237,54.403755
3.980774,8.472974,44.616272
6.073193,8.862891,44.026192
8.114250,8.973169,43.703598
22.944422,1.964706,44.674469
25.677097,-7.908908,44.497086
35.737976,-24.881027,53.129478
24.022726,-13.242941,44.086647
22.301144,-16.526548,44.865494
21.100403,-18.334618,45.269188
22.198755,-17.533360,46.790268
16.287563,-39.556328,54.399120
14.065143,-39.998959,54.399857
14.235027,-39.479023,52.627926
12.000909,-24.973288,45.099575
13.850770,-24.489674,46.584553
8.978836,8.739851,45.403702
-10.359585,-10.705662,44.828152
-10.183661,-4.304768,45.216972
27.259998,-5.919358,50.909641
5.560601,8.388698,46.085522
7.339346,8.706409,45.349693
12.216830,8.472383,47.325737
14.553596,8.050791,45.794930
16.300014,7.541534,45.988594
17.727066,6.995050,46.230743
24.838282,-0.507675,46.170830
25.701700,-2.617652,46.519829
26.074226,-4.418925,46.417366
-0.318243,-33.566311,31.710690
25.598366,-10.700504,46.443890
25.544605,-9.749891,45.095539
24.939249,-11.629698,44.971889
-23.547132,-25.468214,31.895042
-24.292107,-23.997740,31.087919
-22.483044,-24.439785,30.782728
-6.297012,0.020061,54.402382
0.655608,-24.421846,44.585491
-2.155616,-22.510927,47.047531
-6.329272,-18.739923,45.277008
-7.301258,-17.348705,45.679604
-8.156299,-15.895700,46.035324
-2.616081,5.155102,46.958828
0.376051,-41.899422,51.541824
-16.287643,10.923836,54.402355
-17.229900,9.427526,54.402424
3.716143,7.995654,46.289120
13.728757,8.276284,47.066116
15.333083,7.972831,47.460537
18.714338,6.756462,47.529167
20.380869,5.622479,47.058613
-7.240272,-16.650635,54.402767
-6.063126,-18.336514,54.402779
24.257092,-13.650640,45.880665
25.108877,-12.339720,47.011974
23.416790,-15.442427,46.455551
20.887529,-19.458952,47.214397
-50.812836,13.518023,48.295963
-51.680645,13.259835,50.099682
-51.118908,15.065872,49.512775
-45.624432,-5.844076,39.247574
-46.507416,-6.160364,40.440311
-10.198936,-9.221292,46.732468
-2.299206,5.884789,45.689316
2.309223,7.341846,47.373383
7.698789,8.498430,46.935337
-14.712301,-6.839265,54.402737
-16.723833,-6.072831,54.402763
-46.768402,10.993019,54.402985
-48.598381,10.603459,54.403046
17.172407,7.451772,47.742519
20.036715,6.413770,49.410675
25.981012,-8.971551,46.243904
26.210712,-9.558927,47.853558
26.167341,-7.300371,46.197037
25.736526,-11.308341,48.131874
-50.103043,11.964787,54.403084
-49.373249,13.689215,54.402973
-20.938745,-18.958029,34.127987
-20.688114,-20.295031,32.713570
23.387087,-16.314554,48.344807
18.571270,-22.455259,49.590054
16.645094,-24.333750,53.076904
17.724194,-23.960382,54.402382
27.634632,-13.361586,54.401993
28.390478,-11.906709,54.401760
26.660433,-12.230505,54.401451
-3.634506,-41.682785,47.808468
-5.239998,-41.953812,47.253540
5.826365,-25.969666,48.407124
-0.619264,-23.499022,47.901325
-3.624785,-21.368349,46.520691
-8.130002,0.014236,54.402428
-7.062836,1.917020,54.402351
-4.313643,-20.600573,47.438389
-5.095253,-19.982222,46.172436
-8.648950,-14.619940,47.007000
-2.308054,-30.176867,24.799530
-9.891552,-4.946087,46.853317
-51.461750,-3.288827,54.403446
-53.406189,-2.669017,54.400585
26.459887,-7.827450,47.601749
-20.837017,-19.745453,35.610924
-21.631325,-18.231855,35.909203
1.995245,6.891545,49.226460
4.338014,7.847344,47.704910
18.383976,7.179714,49.022938
21.497648,5.227180,48.764080
26.478693,-5.797928,47.407726
25.993116,-5.800918,45.569294
25.281452,-12.665069,48.566673
16.455471,-24.129597,51.222198
-17.154186,6.019793,54.402500
-14.799606,5.502637,54.402451
-16.069099,7.551528,54.402435
-14.676810,31.725216,53.162472
-13.129821,31.322575,52.601456
-13.678354,31.793468,54.401791
-26.738628,30.721342,34.292324
-28.487492,30.376822,34.429443
-27.484865,31.254580,36.103977
15.080902,23.709604,53.154495
29.124006,-10.074192,54.401852
-5.027860,-34.196552,34.245548
-6.933973,-33.596634,33.124004
26.791739,-9.510637,50.662041
26.727160,-8.525323,49.280266
26.297548,-10.374785,49.372635
2.852087,9.723965,54.401909
1.044833,8.825456,54.401962
7.137888,-27.800787,54.402687
5.100440,-27.350748,54.402714
22.386955,-18.128092,48.756870
-1.099862,-24.989765,54.402798
29.822008,1.668046,54.401455
28.974607,-0.154116,54.401531
3.820294,-28.609316,54.402756
1.845280,-31.223326,54.402859
-0.696733,9.741111,54.401985
1.025044,11.051332,54.401913
-38.037159,-42.707668,50.551037
-36.635418,-44.060585,50.464336
27.578791,-21.462618,29.583925
22.589224,-18.691597,50.783257
28.743500,3.310688,54.401443
27.404331,4.969562,54.401440
26.884914,3.105801,54.401497
-16.139194,28.485754,25.203156
-14.318402,28.000837,24.423075
14.745052,14.794889,54.401508
14.724600,12.460011,54.401573
16.491470,13.703414,54.401493
4.082664,-30.740698,54.402794
0.159401,-28.023041,54.402832
26.912897,-6.807273,49.293621
9.340831,-26.210838,52.486919
-3.463078,-33.218143,31.660139
-1.945599,-33.348621,31.570658
-3.095591,-33.837730,33.163879
16.709160,11.263271,54.401543
18.731762,12.789525,54.401493
18.607088,10.198695,54.401554
1.231188,-0.016233,9.755173
-0.019109,1.886433,9.698565
21.453663,-20.424158,51.498699
-36.823643,28.034700,54.402348
-38.576420,26.677361,54.402420
-37.200222,27.408659,52.772350
-18.436264,11.869693,14.454593
-16.540222,13.083609,14.006146
-18.598387,13.506115,14.304073
-19.000343,-22.297159,52.763660
-4.606013,-19.992495,54.402775
24.468000,-15.499668,51.072014
24.997606,15.516436,54.401299
23.243536,15.746120,54.401329
23.657640,14.249400,54.401363
12.956495,14.170353,54.401581
11.083660,13.667015,54.401665
12.603553,12.259370,54.401642
23.041531,-27.051430,29.840900
25.315453,-13.977914,51.572704
28.165371,6.680641,54.401443
18.863604,-25.116873,54.402374
22.516695,-19.539146,52.822845
-40.210800,-34.877163,54.404003
-39.012405,-35.164684,52.457245
-40.390873,-33.427380,52.802605
-2.875749,-25.823116,54.402859
-4.105289,-24.918221,54.402870
-4.725843,-26.488415,54.402916
26.431986,-10.913554,50.944378
25.825031,-11.884105,49.651596
-50.352573,-22.169729,54.401825
11.316801,22.655800,44.710121
12.131166,-29.256601,54.402668
13.590423,-29.523569,54.402645
-10.989758,-7.737020,54.402668
-10.735361,-9.288687,54.402695
-47.286606,-20.423721,54.403797
-45.920540,-20.907896,54.403728
-48.057781,14.280634,43.244507
-51.201553,-18.136595,54.400581
-10.612608,-4.588969,54.402588
-11.679550,-2.930364,54.402580
-11.663049,-10.732356,54.402744
-10.801042,-12.350484,54.402763
38.728664,-18.425924,51.078281
38.985027,-18.826893,52.879913
38.221718,-20.097965,52.203300
-12.381371,-13.620404,54.402824
-13.059999,-12.167006,54.402813
-20.336058,2.206328,54.402668
-18.730944,0.814570,54.402660
-18.354521,2.759632,54.402611
-5.723522,-25.033625,54.402908
12.016162,10.723880,54.401703
-46.516762,-18.531393,52.551426
-10.976574,-1.324953,54.402523
-12.963587,-1.075516,54.402561
-9.112870,-6.562228,54.402596
-42.471607,30.045198,49.839024
-41.457607,31.059259,51.006645
-40.811375,31.090340,49.622234
-1.206905,-26.885227,54.402843
0.866213,-26.126230,54.402779
-2.457612,10.631732,54.402012
-2.570220,8.658007,54.402061
20.479872,-24.941998,54.402336
-4.565646,-23.412909,54.402843
22.851162,-36.930698,52.645473
24.773811,-36.021202,52.772194
-47.675728,9.078141,41.490097
7.919310,-30.994244,54.402790
7.532083,-29.395950,54.402748
6.223626,-30.871702,54.402763
-9.692538,-7.507449,49.655384
-5.691057,3.407434,54.402275
16.491760,17.196371,30.844244
21.157156,-26.683842,54.402374
19.670195,-26.949812,54.402393
40.622841,-8.760129,50.476761
40.146343,-8.633688,48.636848
34.426140,-25.524710,49.063171
37.646984,-5.893487,54.401531
17.395287,-25.696831,54.402447
-9.778519,-2.940500,54.402531
13.290260,-38.612919,54.401852
16.546654,8.800347,54.401608
18.576582,8.113909,54.401604
34.375374,-4.107180,54.401497
35.439121,-5.654204,54.401516
36.294697,-4.071319,54.401470
-9.833491,0.276722,54.402462
-8.957348,-1.356720,54.402477
-0.579601,8.120668,54.402027
-15.547700,-1.042181,9.326582
-16.826477,-0.459816,10.828479
-16.022909,0.770730,9.322096
-11.593721,0.579496,54.402493
3.772726,-5.677487,1.525270
2.862556,-7.034914,1.815139
1.844441,-5.819379,1.185002
-9.707200,-10.546055,48.586586
31.186380,-10.222059,54.401863
30.276766,-11.868723,54.401966
-7.530471,-18.859430,54.402817
22.474207,-22.057993,54.402264
12.146072,-34.462330,34.570446
12.675559,-33.872749,33.132832
17.903227,-27.043110,54.402454
18.965399,-28.637484,54.402443
20.479717,7.129676,54.401615
20.383703,9.090752,54.401573
-6.903759,-23.158255,54.402901
-5.570198,-21.386099,54.402832
-7.797041,-20.991951,54.402874
-5.735538,5.199174,54.402237
15.254604,-36.150074,54.402870
15.719282,-33.957500,54.402714
13.857250,-34.773254,54.402782
15.483880,18.686928,34.135483
15.389326,18.202244,32.096691
-8.741467,1.423838,54.402405
38.942432,-10.908000,44.807716
39.323540,-11.523786,46.262695
38.861065,-12.747682,45.263161
29.170296,-5.317889,54.401756
29.791157,-3.644080,54.401649
14.309195,20.756950,40.770374
-13.315259,-49.297802,53.135799
-15.223692,-50.026028,53.406555
-13.284665,-50.491257,54.403790
-3.844420,6.435115,54.402149
-4.378041,4.542383,54.402214
-25.024391,-22.499767,30.178507
-26.058147,-23.306940,31.163406
-46.296841,-31.070478,51.831486
-46.757652,-29.180731,51.375275
5.100218,7.848936,49.452263
-32.798557,27.735395,33.361526
16.688129,-37.479401,54.402428
17.095787,-28.828751,54.402531
23.460882,-16.960680,50.104389
-10.403100,2.085431,54.402428
-11.368753,-51.397320,54.403465
-42.599266,-38.990356,54.403748
-8.791451,-17.911890,54.402828
-9.111259,-19.506914,54.402874
-12.238609,33.063728,54.400951
-11.678282,31.363041,54.401817
25.877314,-17.774429,54.401615
9.145913,15.175529,54.401680
7.766333,13.992129,54.401695
-4.586706,-41.573833,54.403313
-2.662847,-40.928837,54.403263
18.608667,-32.654915,34.466396
17.259733,-32.877045,33.782440
18.161112,-32.084705,32.848003
-52.476391,9.509151,54.402935
-52.170414,11.236052,54.403004
30.232777,-8.609867,54.401943
31.400730,-7.305653,54.401730
2.468860,18.699615,54.401695
3.902529,19.428383,54.401661
2.476076,20.838131,54.401646
-46.429279,-26.807880,49.289562
-45.327137,-27.838617,48.175491
-49.717899,21.949667,50.993404
-48.590687,23.122173,49.926876
-48.810268,21.916195,49.088299
0.444346,6.070418,50.471123
14.951447,-38.077007,54.402222
5.738676,-29.036726,54.402725
-1.156769,-29.311495,54.402893
23.395344,7.329676,54.401505
24.944086,7.684931,54.401424
23.517008,8.941793,54.401436
-14.604429,13.400341,14.217629
-15.394283,15.159764,13.883409
-23.163980,-13.781057,27.319122
-22.073744,-13.790736,28.404282
-22.349274,-12.489944,27.298786
-51.223190,-6.277606,54.403328
-49.584026,-7.255891,54.403439
3.259784,-26.732542,54.402740
-11.266716,7.676987,54.402313
-11.834516,9.355076,54.402287
39.578274,-8.097465,46.627979
39.768379,-10.159522,47.406300
-41.336411,23.875122,38.647324
14.687877,-32.617592,31.216665
15.768006,-31.757944,30.182049
4.963819,10.271918,54.401852
23.840103,0.641548,44.923409
7.744133,-21.136137,12.685744
-50.479279,6.499697,54.403229
-50.753086,4.806294,54.403263
-18.998838,6.008060,54.402554
-18.265503,4.614749,54.402569
-26.473795,-48.904076,54.403706
-1.863430,-37.349846,42.011425
-0.196094,-36.946930,41.485451
-3.508714,-37.288433,41.408375
-2.658522,4.241976,54.402172
6.380694,-9.507923,3.872025
26.343161,16.889065,54.401295
21.940845,8.003879,54.401554
33.216721,-5.795283,54.401604
30.987913,-5.468601,54.401669
-2.816103,-24.028740,54.402813
21.610619,4.566016,46.952194
29.429508,-13.532674,54.401947
-9.889210,-8.734990,48.582985
-33.993507,-42.978916,54.404099
-35.441246,-41.381943,54.404045
-16.583427,-23.061981,54.403137
38.046097,4.718948,52.147118
38.757030,3.369290,52.795444
38.358223,3.172885,51.188896
-39.682690,-44.740582,54.403561
-5.767973,-37.108440,40.245823
-25.325251,32.425423,54.402020
-24.836689,33.788895,54.401905
2.783908,-25.044779,51.458752
-11.630621,-33.182842,52.620571
-12.748565,-31.815973,52.767895
23.288328,19.364153,48.080612
23.500183,18.591091,46.264969
-10.120173,-18.219744,54.402866
22.055977,10.008720,54.401470
22.354376,11.695577,54.401398
20.575769,11.119938,54.401505
-51.657398,-12.243685,53.037441
7.356341,12.434340,54.401726
14.373353,23.485668,51.594479
13.292776,24.143679,52.891888
-20.872641,2.638341,50.345551
-21.195160,0.965786,50.894028
-20.805655,1.654266,52.422459
6.967551,10.675098,54.401775
36.776657,7.936568,52.430164
37.753647,6.199824,53.027676
14.221119,9.649955,10.933963
13.235507,11.138685,11.737711
-22.315310,31.497616,35.733093
-29.285839,29.389513,32.956738
-32.498951,29.463449,51.158474
-34.161495,29.199297,52.734795
-34.224678,28.540079,50.537361
3.460645,11.807406,54.401848
25.655293,-35.860249,54.398750
8.551809,-26.223476,54.402630
-46.996647,-15.633685,54.403584
-38.974869,-41.338860,50.329475
-47.316093,-7.224529,48.247726
-47.414398,-9.118200,48.861389
-16.874117,-51.992531,51.614391
-19.079025,-51.868919,51.105755
38.657703,-16.923332,54.401463
36.862587,-16.459076,54.401894
23.825319,-36.108700,51.055569
22.034397,-36.787064,50.466770
38.330097,-3.650394,54.401417
-6.391291,-19.962849,54.402821
35.596535,-3.382923,37.538101
24.787428,0.630792,47.693020
-34.831337,34.807346,54.398655
-47.887352,-8.308639,54.403397
-47.741867,-9.992643,54.403419
5.850994,-28.793076,20.894890
7.527466,-28.331963,20.553886
7.170171,-29.421677,22.031553
-40.709038,26.461182,40.309624
29.389170,-24.609108,35.342808
28.802704,-23.999622,33.788784
-12.028872,-18.451679,54.402920
-3.388283,-22.101318,13.615510
-4.002696,-22.979111,14.975059
32.100273,-3.494319,54.401543
-5.547928,2.559988,47.411488
33.062962,-7.581674,54.401676
-11.795343,-13.468643,10.634798
-13.399737,-12.313199,11.574197
-12.561954,-11.583789,10.191565
-26.396538,31.687582,52.696068
-28.325237,31.355249,52.880917
-27.595203,30.942015,51.159962
-42.009182,-17.975376,38.233929
-47.685528,5.102302,52.510872
10.807258,-34.266468,33.409992
10.720628,-34.876019,35.308056
9.175157,-34.642090,34.116814
-43.631283,-31.270214,54.404072
-42.060501,-31.548906,54.403999
-42.850636,-29.904247,54.403992
25.479389,-5.834152,43.846390
-1.066562,-32.922028,30.131290
-10.813579,-34.110157,54.403210
-48.001259,-6.486564,54.403362
-49.586494,-5.678918,54.403454
-3.579430,17.607037,54.401859
27.096861,-8.012970,50.770454
20.194675,-17.661863,17.034817
40.235210,-3.954861,50.843090
40.536644,-3.066735,52.602020
-48.726456,8.884844,54.403088
-20.716431,36.940510,54.399849
-19.924320,34.626926,54.401695
5.494047,12.260294,54.401791
-1.776215,6.687788,54.402092
7.807106,-38.804459,48.512596
5.969249,-39.090183,48.919899
-8.730453,0.291518,44.212410
-25.447815,31.163698,35.034008
-25.510893,31.766850,37.038670
-8.703588,-47.321617,54.403603
-28.209042,-50.436165,51.010006
-9.525250,-5.368632,48.837868
-46.481575,17.586103,54.402775
-36.234398,16.728769,29.531178
-36.975243,14.793242,29.883673
-40.399593,-32.079308,45.019508
-38.592941,-32.805187,43.920567
-39.462383,-33.739674,45.312000
-45.766434,-33.113869,52.283428
26.100599,-2.256247,48.263283
-18.580864,25.062038,25.098484
39.020863,-7.297297,44.931248
-8.747749,-33.859703,54.403160
28.130140,-25.630537,34.644558
28.970173,-25.971933,36.334354
20.412802,-16.068518,16.029778
-2.339830,-44.573807,52.577721
-34.013668,27.557198,34.232910
39.785751,-5.153787,54.401134
-6.892911,3.416702,43.381027
-45.640675,-21.943224,52.768932
-46.101292,-20.263647,52.612816
4.309778,-34.107983,32.242397
4.595149,-33.580662,30.513201
-8.575488,-47.639469,51.041687
-24.568851,-49.784542,54.403965
-37.835266,33.281364,52.689808
-36.761387,34.076797,54.399712
-35.828957,34.021732,52.620949
19.397459,-30.968266,31.854834
-8.011332,-3.112891,54.402496
-46.645863,-7.981552,40.979733
-45.596970,-7.324487,39.454937
-6.962004,14.221930,54.402031
-3.589462,8.606418,2.372124
-1.546309,9.089096,2.698776
-10.498580,-13.000706,40.353634
25.556030,-1.004069,47.822330
-12.427105,-32.151814,32.400452
-13.507183,-30.835068,31.583206
-11.638554,-31.139473,31.103800
-10.902027,19.183149,47.892677
41.565632,-6.532855,54.399700
-29.328722,31.616842,54.402107
10.385920,11.438461,9.744296
-21.362322,-13.167924,52.842026
-21.061052,-14.919556,53.024933
-21.006924,-13.732636,54.403034
-15.131680,-50.963909,54.403854
-30.109264,-45.304028,53.082520
-30.518620,-43.800446,51.859032
-32.156212,-43.667328,53.189823
-48.100986,-3.991819,52.765804
-48.070976,-4.779358,54.403362
-48.052460,-5.809737,52.605896
30.739744,-20.608757,33.494045
-47.981503,-5.125642,51.001305
-7.730224,-42.759777,53.157005
-8.126383,-44.360588,53.091518
-7.222963,-43.621735,54.403439
31.922436,7.373346,54.401363
-4.705461,30.747646,52.314144
-3.246462,30.153202,53.044338
-7.102915,26.683611,52.764488
-6.821844,28.250971,54.401646
-7.669157,27.858049,51.863182
-48.908718,7.080929,54.403145
-8.028545,23.088570,52.607044
-47.290703,-13.734076,54.403522
-47.387527,-13.509757,53.080761
-10.798422,-19.807337,54.402924
-9.612824,-20.938927,54.402916
-12.585564,16.286966,53.181442
-13.083668,15.448558,54.402161
-16.874165,10.412868,52.866371
-15.819858,11.977915,52.846035
-16.393202,11.515242,51.242691
-47.804569,-9.926628,52.743340
-18.003143,34.547031,54.401402
-19.319946,32.545624,54.401829
13.715423,20.494864,54.401443
-44.438549,-25.623749,53.119606
-44.964069,-24.022459,52.499966
-44.875542,-24.635330,54.403870
27.905188,-33.916302,52.798122
27.372829,-34.721573,54.398830
26.429449,-34.971298,52.816418
-16.826426,-49.454578,52.637691
-42.092041,22.723799,53.277779
-42.947727,21.423807,52.818127
-41.827011,22.902576,51.633629
18.293310,2.179531,10.269270
25.561388,-35.001152,50.502403
27.195585,-34.074772,51.359150
-43.956219,19.394775,50.712486
-42.905727,21.290754,51.070858
-43.676846,20.145666,52.362953
-43.821083,-27.026867,52.791725
-44.306084,-26.345280,54.403934
21.153463,19.340233,45.317528
-19.668594,23.990389,22.554182
-20.052494,24.444859,23.871811
-21.266880,23.537741,22.611233
-43.055073,-28.648552,52.724377
-43.591885,-28.182842,54.403957
-18.841339,6.978614,52.791821
-18.153608,7.764660,54.402489
-17.863941,8.804444,52.813488
-9.369805,-37.143192,51.190838
-9.687770,-36.012459,52.317852
-10.242725,-35.437515,50.980560
-21.602198,-0.426788,49.926731
-21.697392,-1.988334,50.901604
-21.291908,-0.509623,52.162495
-32.184227,-42.299084,51.790005
-30.575022,-42.424698,50.503407
22.645239,18.206957,44.077503
-21.462301,-5.171973,54.402855
-21.339306,-3.423546,54.402821
-21.605524,-4.246113,53.060062
30.425930,15.490673,54.400593
-14.725385,11.811462,14.655932
-13.202929,12.879304,15.420733
-20.526669,-18.020041,52.300064
-20.125183,32.202549,52.950478
-21.833782,32.154747,52.768776
-20.636307,31.859976,51.692287
-47.756195,4.328465,54.403160
-7.334074,24.812946,52.733044
-21.488844,-2.449585,52.706726
-47.913940,2.550667,54.403202
-48.020374,0.814572,54.403290
-47.950188,1.835176,52.746414
-39.275352,24.628532,48.126930
-39.900440,24.583298,49.746857
-40.633324,23.459795,48.486214
-18.702511,-50.081364,53.326988
-20.369347,-49.246338,52.644943
-20.743937,-50.787815,54.403885
-23.942966,-47.528782,51.821224
-14.269184,-29.396597,30.722229
-15.368904,-30.444323,32.032967
-4.337620,18.826382,11.752147
-5.327996,18.091063,10.233521
-6.089055,19.308075,11.463298
-8.856133,-37.400879,52.871033
-8.361564,-37.730827,54.403259
-9.445278,-35.955475,54.403233
-44.490955,-29.909801,54.404068
-43.213284,-32.893597,54.404049
-11.583746,17.665768,52.781452
-12.730277,16.308893,51.676563
-21.391363,-10.253359,54.402966
-19.750290,-9.007919,54.402905
-21.485481,-8.567761,54.402927
-47.599010,-11.925966,52.362961
17.745697,-30.805878,54.402546
16.174419,-30.217241,54.402599
15.900691,-31.891443,54.402653
-47.885406,0.935481,51.067440
-47.969101,-1.202397,51.092789
-13.379725,-31.092129,51.201530
-12.350904,-32.354343,51.055210
-10.529335,29.509951,48.631199
-11.941411,30.328699,49.508896
-12.129189,29.962772,47.615730
12.448906,18.943995,28.617353
13.823501,17.878506,27.586637
12.326983,18.479593,26.689112
32.122353,-8.923628,54.401752
-0.356767,26.258522,54.401459
12.834280,22.664909,54.401093
-41.539936,23.563677,54.402519
-41.011414,24.062788,52.986034
-46.174580,-25.928272,54.403961
-48.004925,-25.133190,54.403801
-47.541931,-27.117031,54.403633
-44.377464,18.754021,52.562057
-45.091118,17.035957,52.839661
-44.841736,17.545435,51.175690
-18.911980,-51.073029,54.403873
-39.556644,25.511705,52.720116
-38.354069,26.452543,52.256660
-45.498520,15.876037,51.676849
-45.601166,15.609859,53.105690
-13.812653,-27.921732,54.403172
-8.438235,23.542542,48.279629
-47.729477,-5.934691,49.599228
5.476947,19.153645,54.401638
4.197200,17.881710,54.401688
-24.034418,31.828470,52.157669
-25.709974,31.122499,50.609444
-23.770809,31.185738,49.967583
-47.844288,3.384158,53.021935
-47.753433,3.231204,51.209713
-17.866982,-25.090425,50.883892
-18.474579,-24.323271,49.211025
-17.348612,-26.064465,49.414097
-47.385975,6.744561,50.901119
-47.238438,8.531025,52.330856
-33.372387,-36.596859,42.943771
-1.865154,25.163324,54.401653
-49.136303,-11.822186,46.527889
-20.770834,-16.413877,53.016380
-20.696249,-15.523995,54.403069
-11.262203,-33.822906,50.974815
-10.447034,-34.769501,52.575195
-17.970798,9.970396,48.052891
-17.945383,9.573635,49.686234
-16.945240,11.127741,49.518650
31.314083,-13.588433,54.401909
-51.282188,-2.420708,48.662598
-51.385983,-0.469158,48.614437
-13.707256,14.897416,52.588638
0.699669,15.372568,54.401810
-1.685101,14.523396,54.401886
-45.356220,16.205118,54.402802
-45.937401,14.351394,54.402893
-7.553028,-39.679535,54.403309
-7.133503,-41.715141,54.403355
-31.298002,-45.565975,54.404079
-2.543811,-38.849133,54.403156
-14.227989,13.897518,54.402233
-14.829667,13.323374,53.007549
6.893645,-30.507141,23.687609
8.595034,-29.912535,23.110275
-16.135994,-27.523426,52.717789
-15.037907,-29.010900,52.810406
-15.055858,-12.001426,54.402855
-44.410072,-24.368876,50.332153
-45.237972,-22.604956,50.957012
27.559498,8.996632,33.365700
26.040892,10.401563,32.840450
26.724987,10.463664,34.162739
-0.168175,12.883150,54.401894
-0.921436,11.315845,54.401955
-32.618828,-44.350353,54.404102
-9.446587,-45.010033,51.726131
-8.981574,-46.060310,53.065281
-40.458641,24.441086,51.466938
-40.978714,23.591627,50.130344
-12.951347,-31.676332,49.764919
-12.055233,-33.056961,48.760006
-29.842983,-46.739689,54.404282
-28.546680,-46.467964,53.133270
41.042255,-8.967287,52.110962
-39.061714,25.623529,51.012794
-45.176579,16.350609,49.955639
-21.837509,-3.971407,51.336819
-15.616000,32.126766,54.401783
-14.510176,-29.598515,54.403225
-17.392580,32.362789,54.401783
-16.667576,31.886112,52.634861
-22.096031,31.581594,50.844353
-21.772177,-5.792223,52.492840
-21.509642,-6.943554,54.402897
-13.979704,-30.392714,49.584240
-14.546453,-29.682505,51.133732
-27.366362,32.093117,54.402058
-27.232412,30.318365,48.964447
-28.880770,30.232946,49.902489
20.316738,-27.874681,27.947613
21.560484,-28.152800,29.651398
20.132267,-29.020651,29.411217
-19.705393,25.182859,18.825836
-17.766315,25.609459,18.477634
-18.528814,24.425011,17.120811
-21.235655,-11.975043,54.403000
-28.851873,-45.034683,51.854095
-29.346512,35.929077,53.127258
-28.483448,36.609016,54.400505
-27.729225,36.095909,52.802608
-18.567593,8.186967,50.771221
-18.798008,8.385344,48.787537
-0.115836,19.976164,16.778898
-1.032823,20.848963,17.783678
23.832169,-35.692516,49.313931
-19.831142,-20.253044,52.437695
-19.686691,-21.402617,50.893616
-46.098255,14.009954,52.488827
-46.602425,12.009600,52.414154
-46.266319,13.188903,51.063805
-42.327915,-41.531540,53.508961
40.228058,-10.382479,49.195831
-29.234610,29.691872,48.486187
-46.889442,10.298992,51.119640
-46.957542,10.249007,52.812935
-20.369904,-19.590725,50.706425
-36.763580,-39.805992,54.403999
-24.744871,12.011627,17.061325
-24.018650,10.067631,16.459253
-25.431576,10.310553,17.935863
39.206985,-0.563872,49.925503
39.406208,0.167154,51.479820
-47.597881,-10.798374,50.458183
-7.651790,20.785425,54.401886
17.399529,17.897314,34.977165
-3.255052,17.539268,10.541131
19.247335,20.184277,45.539482
41.317280,-7.559116,53.102158
-45.420231,-22.807402,54.403786
-18.755890,-23.457279,50.946205
-29.128918,-43.663910,50.654358
-29.013363,-42.417553,49.328526
-8.282229,27.687721,49.765572
-43.809841,19.922050,54.402641
-6.986448,-47.254723,54.403683
-7.716188,-45.546204,54.403534
2.278171,-34.757427,34.938862
2.146404,-35.311653,36.872795
15.478766,-36.001995,41.150509
13.777953,-36.451096,41.802868
14.045539,-35.836357,39.820911
4.116652,-34.665356,34.223396
-10.928557,-34.780170,49.305748
-21.021568,-17.678555,50.120087
-21.058657,-16.233629,51.665539
-45.811756,14.682099,50.627079
-19.380329,-22.686981,49.052387
-20.199718,-20.906496,48.885025
3.869281,24.206326,36.747849
2.464307,24.890253,37.424461
3.634780,24.519703,38.531044
-17.477476,9.928993,51.098721
10.147011,25.398174,54.399956
25.488310,-2.115486,18.909510
26.136913,-1.359219,20.320292
26.490200,-2.860783,20.470728
-30.447607,-41.072052,49.052128
-27.807104,-44.747540,50.874847
-44.623734,18.145391,54.402718
-16.245411,-27.577772,49.420303
-15.704879,-28.222496,51.265434
-16.803568,-26.733315,50.985836
-36.691681,26.175007,35.364494
30.255728,2.447577,30.659876
30.410204,3.743823,32.152275
31.445177,1.682769,32.310997
-15.014296,-29.128197,49.528534
-49.148666,25.575573,54.400078
-36.387928,-38.729321,52.692116
-20.915886,-19.051538,48.527130
-11.404880,-34.561672,47.807816
-11.351859,33.737499,51.269203
-11.498104,33.401318,49.414383
-48.055161,-0.203104,52.692528
-48.085655,-1.016284,54.403381
-48.103401,-2.095887,52.773979
-21.499262,-15.761316,49.789619
-21.447407,-14.416312,51.323433
11.631944,24.627769,52.977211
12.385302,23.992334,51.383976
-31.111927,30.270384,52.070591
-8.172219,-40.734238,52.170784
-8.655651,-43.179562,51.690418
-30.728844,29.706709,49.911964
-29.380470,30.645689,51.574936
-21.821550,-13.850801,49.690243
-21.711296,-12.511961,51.252831
-44.109543,-38.241665,53.331959
-45.311642,-37.536621,54.400944
-32.723206,28.756725,49.106091
-13.380233,-31.237160,48.165215
-12.840124,-32.275444,46.916840
-49.145805,5.492472,54.403183
39.118542,-1.762485,54.401119
-19.472565,5.483744,52.959000
-19.521296,5.985603,51.463619
-44.251251,27.908638,54.402390
-44.325630,30.026808,54.399929
-51.448620,16.590939,50.862160
-52.081947,14.858441,51.464409
2.834973,-24.265459,15.062518
-22.050549,-12.118587,49.477215
-21.894392,-10.792954,51.073330
-21.572685,-11.394728,52.765160
-22.078615,-7.109739,50.588848
-45.147301,-20.855536,43.553322
-13.388466,-31.012634,54.403214
-13.998429,-30.317381,52.709240
-41.201653,-33.145718,54.403999
19.234966,-34.687550,54.402660
4.173837,27.226891,54.399109
-45.231441,24.402992,54.402676
-44.744820,22.194138,54.402634
-43.378860,23.996912,54.402565
-45.948578,19.185034,54.402733
-20.762859,27.454628,34.361374
-18.786051,27.764280,35.043541
-20.675488,27.925310,36.179558
-20.318243,4.601484,49.935268
-20.226250,3.824770,52.133884
-13.486345,-47.956970,51.670601
-14.962241,-48.814484,52.177090
35.261745,-2.322631,54.401432
37.182362,-2.000964,54.401459
36.164383,-0.612092,54.401455
-13.568527,-35.257721,43.348721
-12.557659,-34.489796,44.948086
-13.365513,-33.775536,43.728096
-28.581656,25.372967,34.521000
-28.151196,26.220842,36.237904
-29.646927,25.599318,36.344662
-11.980345,26.456129,33.959141
-13.913285,26.967897,33.453457
-12.484247,26.037167,31.752914
-23.781090,-18.620327,29.646132
-22.408470,-19.913553,30.642948
-25.237030,-17.320971,29.039724
-25.856361,-18.944010,30.012918
12.109356,23.559946,49.462658
-22.241117,-27.087326,34.417183
-20.822554,-26.177715,34.134373
-22.046331,-25.482382,33.485867
-21.881620,-23.643108,32.524136
-20.241484,-24.452448,33.677273
12.651930,-39.724697,52.946457
-21.540829,-17.507017,33.982647
-29.560266,-23.556034,34.032894
-27.381706,-23.888638,33.280975
-28.954166,-22.134670,32.899559
-10.893531,24.855089,30.936216
-9.760900,23.891300,32.313854
-10.760791,25.367668,32.886738
-22.245680,-16.367807,34.967564
-23.015699,-14.779610,35.772972
-22.546743,-14.608737,33.776981
-32.396641,-21.751896,34.743969
-30.667164,-22.071831,33.785648
-31.517141,-20.371885,33.405907
-21.737215,-9.560723,52.534763
-20.323689,12.895658,15.186518
-19.505213,15.043715,14.628058
-21.000362,15.241242,15.612782
-30.913355,-19.160948,32.406628
-32.493824,-18.769400,33.309921
-20.992535,5.451016,33.512310
-21.635151,3.744647,34.411507
-21.193804,5.540253,35.512035
-13.203431,14.594429,14.603917
-11.831697,14.268105,16.598446
-22.066170,2.570582,35.756660
-22.241039,1.372133,34.275112
-15.197694,27.570599,34.852200
-15.445028,27.076330,32.849743
-32.497051,22.398603,34.288273
-33.425880,22.435472,35.561466
-33.460888,20.937878,33.992653
-31.207113,23.098782,33.534435
-32.139187,23.555172,35.447247
-12.766144,16.525244,49.800335
-35.378387,17.302374,34.131416
-34.102802,17.947409,32.804344
-34.525593,19.251083,34.076000
-25.497963,26.795420,35.243446
-24.843260,26.435499,33.450382
-23.978270,27.028353,34.729645
-27.485394,-43.684990,49.621143
-22.654778,-0.123731,35.160255
-22.650396,-0.567184,33.839111
-45.799717,-21.071487,51.422531
-34.252186,-18.408070,34.549702
-33.455685,-16.997631,33.296837
-34.825405,-16.598215,34.315929
-34.402542,16.288038,32.524902
-35.596954,15.186471,33.672817
5.051481,25.757233,49.438408
-36.706318,-0.398569,33.822041
-38.145855,0.544276,35.466759
-37.514149,-1.141488,34.729176
-19.076366,10.021202,34.276161
-18.505587,10.520736,32.552242
-19.389719,9.058517,32.870384
-37.660133,4.840542,35.030109
-36.701065,3.703501,33.895111
-36.529602,5.820502,33.765636
-36.446613,15.840623,34.921848
-36.721008,13.845121,34.732830
-34.227352,-15.251159,33.303642
-35.849621,-14.890517,34.680996
-22.957548,-1.608842,34.944996
-22.924957,-1.935054,33.626122
-36.805233,-10.631328,34.609512
-35.981239,-9.357989,33.550453
-37.213394,-8.765137,34.767170
-36.246124,11.681604,33.815853
-35.369152,13.442698,33.020653
-22.243250,-10.220128,49.082436
-22.041651,-9.063766,50.701332
-35.044815,-13.233495,33.432453
-36.450253,-12.450484,34.613350
-35.575050,-11.381965,33.501617
-13.016563,17.207434,35.632206
-12.279263,17.736393,33.774147
-13.689805,16.307055,33.495132
-23.777386,-6.604455,35.617947
-23.484907,-5.004106,33.980679
-23.603643,-6.677257,33.624844
-15.185192,14.717544,32.863281
-14.883997,15.355877,35.152016
-18.523849,11.151770,36.102634
-17.429579,12.580194,35.403091
-17.991442,11.640108,33.991051
-22.550602,0.667600,38.042656
-22.573973,0.174819,39.981827
-22.184090,2.176705,39.706360
-39.479328,0.001766,36.979820
-38.615616,-1.235823,35.977184
-31.832960,-26.556406,37.336109
-33.699783,-25.885975,38.293053
-32.974140,-27.657507,38.982075
-17.471817,12.610023,36.993690
-16.265303,13.974516,35.849068
-26.430847,-20.413664,30.955540
-24.444977,-20.268314,30.493572
-38.134937,13.599754,36.414616
-37.528938,15.376999,36.126640
-24.490295,37.053474,54.399105
-26.450241,36.841320,54.399227
-13.121851,-38.309101,44.680885
-12.584916,-36.555561,44.690224
-14.245890,-37.281578,43.369827
-40.817184,4.094287,38.660374
-39.597828,5.140359,37.286495
-40.521557,5.754202,38.398571
-27.154510,-25.552937,34.247715
-25.585266,-26.792810,34.598373
-25.474924,-25.039101,33.440670
-14.975117,-35.784885,42.175968
-15.407351,-34.347229,41.266399
-16.416008,-35.851524,41.324944
-40.175575,-3.386182,37.751610
-41.277351,-4.164511,39.018230
-40.329338,-4.895923,37.952225
-35.771885,18.830359,35.425152
-36.092667,19.943409,36.609875
-36.990524,18.679789,36.915413
-23.460592,-16.889639,28.802254
-38.629543,10.245146,36.494621
-38.808613,12.002987,36.941479
-39.846718,10.721148,38.020473
-20.343119,-22.270927,33.101994
-20.238737,-20.811018,34.403393
-23.728859,-8.302600,34.109821
-23.664810,-10.460681,34.398941
-23.932085,-9.111235,36.279392
19.889778,15.652022,32.819244
19.459118,15.243658,30.923853
-23.594479,-22.817999,31.855198
-23.391541,-21.360296,31.058064
-25.010368,-21.863420,31.441023
-6.092023,-18.198166,10.421620
-6.393867,-16.883551,9.324825
-4.590003,-17.867880,9.450293
-13.308562,27.313789,35.299828
-35.732796,21.321730,37.359837
-34.868961,20.668610,35.602867
-23.503658,-4.462044,35.882870
-23.417419,-12.900544,40.966377
-23.438229,-14.053754,39.385391
-22.982536,-15.271439,41.421322
-17.739241,6.172882,17.431814
-19.848532,5.263110,17.526699
-18.514368,4.661916,18.508595
-41.256977,-32.223740,53.071850
-41.977268,-30.529339,52.391766
-23.233591,-3.131176,34.574108
-35.892399,-17.077108,35.479973
-35.689644,-19.167053,36.165047
-21.875153,-48.235680,51.907757
-38.014904,-10.048594,35.799931
31.705952,-21.994877,36.333775
31.671717,-20.794468,35.161446
-21.747366,3.891705,39.938725
-21.303349,5.427992,39.430847
-21.799376,3.875405,38.456974
-33.030048,-20.021873,34.311253
-51.092323,-7.193556,49.541279
-51.515900,-5.511329,50.125046
-50.971504,-5.891084,48.765686
-28.492548,-24.760674,34.265106
-47.994701,-3.086058,51.020626
-9.356940,28.491240,48.180561
-25.549295,25.060387,30.255533
-27.009903,23.847866,29.422235
-25.243212,24.378191,28.339447
-38.159473,-4.284742,35.488358
-37.045624,-3.942527,34.237053
-37.900494,-2.599195,35.167343
-44.473614,-22.841135,48.710758
-45.404522,-21.109970,49.519165
-22.306467,27.534065,35.448303
-24.251097,27.500154,36.650043
-29.830479,-24.827278,34.960407
-20.676960,6.709645,34.516796
-20.557142,7.420501,36.548523
-21.702116,4.103521,36.541740
-31.116386,-23.579990,34.933559
-22.469547,0.973315,36.362080
-38.670521,4.441168,36.181644
-39.488419,3.405820,37.088264
-37.988277,2.770251,35.340565
-38.559528,6.063803,36.120445
-38.192741,7.978838,35.793385
-39.646496,8.637490,37.559235
-39.567307,6.699971,37.330837
-36.661144,7.989161,34.009510
-37.480770,6.480925,34.887035
-39.493996,-33.544834,51.278023
-1.455125,27.510448,43.373367
0.027442,26.659258,42.515656
-37.625862,11.976635,35.503677
-36.723240,17.265207,35.823849
-22.909576,13.956141,17.542152
-23.221827,15.355387,18.035994
-24.119379,14.375642,19.126829
-37.197151,10.048478,34.774632
-11.493875,18.745243,35.240250
-20.201958,-21.869497,44.177773
-21.098158,-19.910452,44.951336
-20.915121,-20.665783,42.599331
-23.294889,-11.697992,42.272938
-23.372507,-9.508156,42.019424
-23.640175,-10.816253,40.335304
-21.783573,-7.725175,52.584923
-23.572016,-7.322745,39.986732
-23.287979,-5.925984,41.220329
-23.462124,-5.410783,39.234966
-16.710863,28.027479,36.123154
-17.030722,27.539473,34.145481
-23.175877,-3.294241,39.290836
-22.910717,-1.951640,40.194683
-23.069851,-2.156293,38.054775
13.709590,18.411852,29.258846
-21.968401,-21.904722,31.668346
-35.126282,22.761301,38.229931
-33.292046,23.757484,37.281013
-34.421864,23.957542,39.084476
-27.357832,-27.031425,35.298386
-28.627209,-25.918360,35.072426
-22.234144,28.029936,37.325077
-6.972293,-46.681255,51.131355
-5.356083,-47.084072,52.629845
-19.625444,-22.665497,34.789833
-1.666341,29.342400,52.909271
-1.582389,28.920370,51.105377
-28.538363,26.688274,38.022690
-30.567730,25.788033,37.911686
-25.405968,-23.289501,32.351761
-41.156559,-6.360886,38.945637
-18.124376,8.242714,26.578983
-18.053757,9.289450,28.046358
-17.398556,9.712811,26.755062
-17.101665,-2.854670,11.991261
-16.061331,-2.087763,10.386198
-15.741014,-3.971826,10.632589
-9.385882,22.957335,33.952152
-9.518694,24.425449,35.342587
-9.815702,24.557920,33.805996
-5.993708,31.534782,52.998734
-19.625938,2.553440,19.818451
-19.570930,1.742579,21.457226
-18.910053,3.061491,21.031841
-14.685956,28.026697,36.907780
-9.760809,21.104069,33.450443
-9.597293,21.578712,34.952927
-9.233654,22.831806,36.033016
-30.476267,36.100414,54.398163
-36.562981,21.768192,38.939659
-34.138828,-20.618496,35.497303
-38.333851,-6.053675,35.756306
-37.335419,-5.323741,34.612930
-31.424023,24.760120,36.683067
-19.425093,-26.103561,34.922806
-19.048983,-24.414324,35.462437
-30.514421,24.435411,34.885120
-19.567368,6.683917,49.328575
-9.147233,24.202892,37.072449
-39.080730,-2.903256,36.503429
-15.959062,-37.226620,42.352726
-42.007992,22.179752,49.506020
-39.878826,-1.708460,37.412834
12.935968,-33.198223,31.491180
-22.580496,-16.558687,36.899731
-15.888562,12.472500,50.066822
-15.918826,12.773317,48.411251
-20.164522,-21.333349,36.538586
-19.336636,-23.049694,36.330700
-19.203114,10.132960,37.273670
-19.599369,9.373102,36.061382
-31.449942,-25.012138,36.043049
-37.915340,-19.472532,38.471161
-39.374180,-19.089300,39.801613
-38.507294,-20.696264,39.667744
-24.326193,-46.049324,50.463974
-30.096045,-26.319429,36.089584
-22.418386,-17.334721,41.354385
-22.464027,-16.513451,43.077335
-23.824608,-24.468618,32.835049
-23.919386,-26.097466,33.858353
-35.471310,-24.829027,39.134640
-36.229935,-26.018326,40.695095
-34.637726,-26.880718,39.824242
-37.044601,-21.367664,38.550251
-37.944508,-22.137899,39.874454
-36.866348,-23.128864,39.383041
-11.960042,18.359715,37.214657
-10.644457,19.861834,36.840542
-27.529268,-28.584183,36.451130
-25.862562,-28.323721,35.708916
-28.895777,-27.415224,36.213509
-12.317939,-39.381718,45.811634
-11.882867,-37.586433,45.704803
-38.601620,15.051468,37.374294
-39.099167,13.518165,37.591816
39.354111,-9.925218,45.942909
-21.952543,-28.604830,35.375687
-20.510807,-27.469435,34.908966
-9.523467,-38.244785,49.749439
-8.813833,-38.722645,51.331100
-19.598612,-22.811893,45.586369
-20.329718,-21.419243,45.868214
-11.436727,26.746302,35.950153
-18.891396,-27.509710,35.865742
-18.463646,-25.947800,36.407299
-10.668698,18.689743,54.402016
-40.317406,1.471571,37.979370
-36.915432,20.316198,37.997593
-38.012516,18.901485,38.395405
-10.282625,20.277369,35.052444
-23.534819,28.041945,38.173862
-25.151312,27.808533,38.502888
-10.449587,25.657896,34.700401
-23.785587,-7.176248,37.791443
-42.416332,-5.282728,40.360748
-42.480305,-7.262639,40.521202
-18.430910,-29.082855,36.838825
-17.845339,-27.240700,37.410690
-38.631847,-14.679122,37.439213
-37.456879,-15.832728,36.574066
-37.687935,-13.626445,36.168743
-19.336868,9.848658,38.827084
-18.488369,11.223156,38.123585
-11.680271,-35.600830,46.199287
-12.114136,-33.755032,46.667416
-37.426437,-17.912542,37.303848
-10.091654,-36.605244,49.422836
-23.234571,-14.961018,37.828194
-23.969366,-27.903229,35.031055
-23.369066,-3.930339,37.812237
-23.203188,-2.694578,36.286312
-40.066422,-11.543876,38.277145
-39.216599,-13.308618,37.709824
-38.686672,-11.572558,36.777489
-37.545677,-11.672332,35.578987
-9.964290,25.699844,36.396992
-29.931850,30.985355,53.067234
-20.150118,8.067223,40.742001
-19.969109,8.653126,39.285889
-20.698076,7.109732,38.885895
-39.463295,-10.015064,37.375401
-38.574615,-7.982852,36.164322
-17.201424,-26.355005,45.570026
-18.540186,-24.475409,45.739616
-17.944773,-25.346552,44.204918
-39.721313,-6.362067,37.323757
-35.618206,-20.954285,36.968929
-34.112141,-22.323242,36.391346
-12.526566,27.572250,37.188938
-13.953742,-30.723999,46.217770
-13.234613,-32.429913,45.065800
-12.658325,34.894180,54.398670
-22.840656,-0.771297,36.918800
-15.000366,15.324557,38.257454
-14.171782,16.158897,37.244308
-15.304895,15.029282,36.972397
-13.774241,-46.543964,50.201725
-12.112071,-46.689068,51.014153
-30.860319,21.116249,30.780327
-30.643869,19.928740,29.552530
-29.705288,21.646534,29.814272
-32.105457,25.059427,38.156239
-39.385536,-4.614752,36.876461
-12.761209,16.969450,32.169662
-13.774059,15.812022,31.462238
-26.466837,27.020456,36.913990
36.786343,-21.427580,48.651253
36.816341,-21.976259,50.129093
36.081944,-22.895706,49.163208
-38.108910,16.838287,37.404968
-39.223923,15.910949,38.463074
-38.260403,-34.340744,50.358284
-39.060783,25.121239,36.936504
-39.073978,1.675407,36.555191
-17.824631,-30.714188,37.958054
-17.149532,-28.916239,38.403866
-21.266434,5.621200,37.625107
-9.094546,-40.205849,50.248604
-40.222645,-41.658333,54.404068
-16.516172,30.056246,44.562485
-15.023029,30.204533,45.844521
-16.874870,30.486956,46.341930
-34.196289,-24.072895,37.507919
-32.792824,-25.049658,37.012314
-32.722450,-23.746412,36.133236
-22.172773,2.399913,37.582287
-13.423402,12.976276,22.152334
-12.180710,13.876236,20.270399
-13.364882,12.193155,19.881996
-30.077082,-29.085413,38.046680
-31.449495,-29.255943,39.059639
-29.917255,-30.464981,39.017422
-40.618546,7.412801,38.622307
-35.376789,-27.567850,41.040588
-47.969334,-7.636064,52.673405
-22.971478,-4.657643,42.821873
-22.832899,-2.836623,42.331059
-23.128544,-4.046453,40.890671
-38.017830,-23.317636,40.653671
-36.832752,-24.616056,40.304214
-34.430000,24.796320,40.611790
-36.024052,23.387594,40.321011
-19.850578,3.653838,18.618547
-39.964443,-20.315706,41.002342
-39.078026,-21.969870,40.945934
-20.727095,28.416473,38.152149
-22.167475,28.475370,39.044571
6.100873,14.084881,54.401726
-26.234529,-29.837185,36.899590
-24.104691,-29.605036,36.215027
-41.490116,-11.781067,39.898956
-43.091564,-11.514745,41.709080
-42.560440,-13.234941,41.406315
-16.842693,-31.970572,39.212746
-16.506252,-30.146675,39.329647
-22.384132,-15.762160,44.686348
-22.682009,-14.056436,44.583935
-22.745516,-15.050162,43.318546
-30.001444,26.513823,39.152119
-31.524673,25.973890,39.524818
-12.269306,-45.154022,49.582279
-13.857536,-44.104740,47.999580
-14.328819,-45.488510,49.055126
-23.838230,-11.297072,36.254211
-23.094278,-8.317592,43.581413
-23.065273,-6.446945,43.176559
-23.353254,-7.798075,41.742912
-22.921799,-12.101186,44.287136
-23.054369,-10.206483,43.932858
-41.907642,2.272132,39.863106
-23.304722,-12.788500,34.599167
-23.621758,-13.189816,37.176525
-21.907705,-17.584158,44.935879
-21.839418,-18.550358,42.939419
-21.656115,-30.264841,36.476910
-20.280489,-29.084866,35.886456
-42.395329,-9.321937,40.592960
-43.704781,-9.682210,42.210106
-15.026363,-29.179472,46.659576
-15.946261,-27.994122,46.260635
-15.123945,-29.218693,45.030903
-38.702099,-16.292572,38.011787
-36.774803,-19.765381,37.473362
-16.095970,-33.033203,40.200542
-15.663734,-31.444559,40.490784
-23.627234,-5.506810,37.257946
-22.833630,-16.395090,39.243587
-22.030443,-18.129782,37.915543
-18.532532,28.398550,37.542263
-16.604628,28.487696,37.974487
-31.624645,-30.691420,40.344700
-29.986542,-32.116459,40.416019
-28.997952,-28.492138,37.032043
-28.218060,-30.080320,37.839088
-43.543278,-6.174778,41.746891
-43.502380,-8.063422,41.804123
-26.963295,27.542080,39.157635
-28.575958,27.272943,39.866863
-37.681896,21.998734,40.738281
-40.800510,-9.657838,38.814625
-40.209595,-8.085494,37.991943
-34.149139,-28.384251,40.543541
-35.244362,-28.951830,42.028843
-33.378151,-30.415030,41.540138
-35.604664,-22.850746,38.010513
-13.323143,30.901096,50.429543
-14.922260,31.432291,51.581661
-15.031180,30.983486,49.386532
-46.849628,-16.219456,50.489384
-47.154953,-15.074280,51.856754
-46.859962,-16.829020,52.413635
-34.545273,22.232002,36.792648
-16.452576,-12.576365,15.260749
-16.114408,-10.951990,13.911147
-15.386549,-12.331596,13.884159
-40.532188,-0.543029,38.176876
-20.388193,31.443552,50.110523
-18.789730,31.800194,51.580429
33.236664,-8.133015,32.068760
32.399471,-7.642390,30.579031
-3.843826,-47.257427,54.401398
-18.792408,-24.220657,37.366077
-42.598423,-25.285049,47.401634
-41.244209,-26.508736,46.521900
-41.544285,-24.494429,45.316570
-15.221609,30.617060,47.575161
-16.861008,30.974323,48.490166
-33.038284,25.639240,40.609169
-33.202538,24.824852,39.070152
-20.017879,8.648149,37.874062
-22.813982,-0.806594,38.637444
-40.722195,11.362484,39.197285
-40.932621,9.478143,39.198002
-36.817120,-27.516176,42.417847
-22.588787,-0.752168,41.873875
-22.261333,1.182823,41.719002
-23.880184,-11.059394,37.966728
-14.868387,-32.680706,41.536095
-30.115248,-27.625460,37.007664
-31.421022,-28.036240,38.115295
30.599518,-9.387629,27.544090
29.691282,-8.790140,25.857626
-43.686836,-12.834076,42.690559
-43.326874,-14.375437,42.599564
-9.205018,22.543093,37.795258
-41.578751,-16.753216,41.269218
-42.824787,-16.300659,42.563293
-42.093979,-18.154419,42.389214
-16.476351,10.789554,26.035763
-17.153204,9.083652,24.967585
-40.528770,-21.584526,42.282703
-39.417194,-23.434217,42.186005
-9.708820,21.325600,36.398380
-11.542725,30.636560,51.392189
-10.749084,26.828346,37.774231
-23.850313,28.392515,39.739769
-25.651951,28.170622,40.247456
-5.949628,20.213537,54.401855
-7.640503,19.281334,54.401928
-43.162460,2.774438,41.411858
-42.953625,0.751543,41.060093
-38.059910,20.371016,39.578259
-39.148632,19.035322,40.009830
-38.710941,-17.938776,38.626488
-40.093575,-17.082489,39.759277
-21.236530,-31.945278,37.648933
-19.559603,-30.668299,37.058395
-15.357783,28.681614,39.174412
-17.655922,28.945005,39.716564
-39.939682,-15.021389,38.930012
-44.618896,-6.981029,43.181999
-44.639603,-8.985680,43.364006
-23.301579,-31.430521,37.405521
-25.009064,-30.937183,37.369503
-35.013470,-30.593979,43.207909
-33.561462,-32.134739,43.216103
-30.393309,-33.586937,41.964565
-31.977476,-33.567257,43.145050
-30.762283,-34.821510,43.345959
-13.921337,16.366596,39.313931
-13.111057,17.201920,37.718525
-14.283311,-34.012497,42.344238
-16.172676,14.091618,38.314472
-26.147589,-45.030079,50.242191
-28.617315,23.188942,30.350166
-28.231146,22.183281,28.526159
-18.930468,-23.772873,47.456879
-19.907177,-22.023069,47.247913
-42.758995,21.765890,54.402569
-18.088594,-25.589870,38.404881
-19.438084,28.799761,39.308601
-40.143166,25.179794,54.402466
-39.927639,14.266819,38.827763
-39.985828,12.394454,38.461273
-12.318385,15.730680,14.951936
-10.995793,16.696968,16.216560
-12.448097,17.740427,14.822698
-19.460281,9.434154,40.419182
-18.560829,10.938888,39.997540
-39.244671,17.269451,39.084064
-40.150105,15.875340,39.659725
-41.681732,0.140364,39.523373
-21.078888,-19.797785,37.230766
-17.474117,12.520205,39.067432
-39.755081,-24.956043,43.574280
-40.986858,-23.072296,43.683208
-21.879339,2.982569,41.510731
-21.388466,4.789093,41.331459
-10.113501,-39.720516,48.450287
-10.320670,-37.752937,48.161118
-11.002101,-38.809917,47.040840
-44.501984,17.813751,49.417152
-36.587860,-29.137939,43.512573
-42.371296,4.094917,40.510159
-42.881874,5.616093,41.244553
-43.416279,4.361868,41.833031
-5.972897,7.392324,54.402180
-37.339737,23.480976,42.318451
-35.509033,24.787958,42.050842
-36.408520,24.941095,43.648060
-23.824825,-8.949183,38.759735
-20.946926,28.845417,39.959343
-22.422333,28.872389,40.753254
-16.178972,17.429474,14.123126
-13.953135,16.600674,14.139771
-30.382870,26.923092,40.752991
-31.875586,26.527739,41.392929
-28.327021,-31.957094,39.362358
-26.437695,-31.453186,38.182613
-43.363861,-17.635614,43.730671
-42.758766,-19.478794,43.783611
-44.495506,-13.681552,43.960365
-44.703213,-11.098019,43.725666
-11.713094,27.746971,39.152287
-24.819948,-32.296318,38.356636
-41.433372,-20.029987,42.476475
-41.929440,-21.428551,43.795227
-19.562084,-22.707045,38.015129
-20.475475,-21.172449,38.493019
-22.787506,-5.320896,44.726562
-22.702110,-3.548005,44.208485
-15.884595,-38.556992,43.225845
-16.763134,-26.925116,47.550556
-17.922522,-25.332361,47.420670
-22.002695,31.092369,49.084381
-47.410156,-13.002584,51.019657
-13.450501,28.272348,38.866867
-22.829247,-8.991736,45.382839
-22.825340,-7.067451,45.141563
-18.737612,-24.215984,39.341248
-32.347698,-34.651947,44.453049
-31.201872,-35.939419,44.714928
-43.071075,20.674715,49.582794
-22.562189,-12.712783,46.108593
-22.748495,-10.886232,45.679958
-44.511642,-3.194969,42.953518
-43.594994,-4.241054,41.765892
-43.593315,-2.455271,41.768528
-34.924198,-32.457779,44.794125
-33.453278,-33.447414,44.314518
-27.163866,28.026192,41.026852
-28.915287,27.710098,41.628838
-41.585438,7.797411,39.823948
-42.238159,9.241043,40.803696
-42.709499,7.215833,41.170124
-40.489555,-13.111198,39.046314
-28.876972,-35.077049,42.334709
-29.831617,-36.140430,43.902679
-28.069920,-37.153908,43.761318
-20.929068,-33.871815,39.034569
-18.873667,-32.428364,38.334309
-21.958319,-16.420565,46.442802
-22.335722,-14.572900,46.169827
-38.816093,21.977106,42.360382
-6.383084,-23.204838,16.781487
-15.282761,14.933353,39.881729
-17.290440,-27.071945,39.351360
-28.296848,-20.575884,31.730330
-29.918997,-20.545080,32.520744
20.644901,13.970708,29.992472
21.032400,14.350771,31.637424
-20.709517,-20.319242,46.897594
-21.417028,-18.361139,46.724148
-21.459263,-19.520805,39.146164
-41.600292,5.992255,39.695702
-10.104274,-41.680588,49.052998
-9.143828,-41.990650,50.488651
-24.391998,-33.714111,39.368843
-22.962784,-32.962818,38.503387
-26.268719,-33.423252,39.695435
-36.506310,-30.780666,44.857597
-23.691458,-12.316627,39.234703
-22.699656,29.757664,44.366154
-21.306164,29.608065,43.165588
-20.726408,30.049734,44.733829
-20.228367,30.961590,48.229816
-18.553577,31.287155,49.504490
-14.525331,-29.754360,48.055042
-15.586442,-28.426346,47.912086
-33.702957,26.008505,42.348213
-34.904438,25.760489,43.335545
-40.894749,14.628986,40.197693
-41.056889,12.895947,39.924839
-28.540474,-33.567177,40.819508
-27.049700,-34.810814,41.175060
-10.189216,26.873066,39.618362
-22.531269,-1.578538,43.666679
-22.272778,0.260949,43.415302
-10.744742,-36.172085,47.967804
-24.228693,28.738995,41.328407
-25.929239,28.631563,42.168091
-34.991322,29.215389,54.402248
-14.478667,-38.870655,44.053814
-32.032543,-36.944805,46.344246
-30.153576,-37.245594,45.155544
-35.770485,28.413284,53.110397
-22.138218,-18.193819,39.877213
-45.507191,-7.862421,44.537441
-45.408100,-9.450180,44.536972
-39.023716,20.643469,41.174999
-40.327969,19.155491,41.769779
-36.740459,1.792234,33.892864
-21.740030,-44.062500,47.780148
-21.319067,-45.257961,48.823246
-19.975214,-44.542423,47.919186
-8.983145,25.730909,42.058861
-9.676103,26.693836,41.084873
-9.945093,20.921883,38.222214
-43.834503,6.398298,42.568638
-16.516985,-28.685099,39.957047
-41.449200,-8.164513,39.395874
-15.070168,23.019058,19.904675
-13.723252,22.457809,19.334749
-13.458082,22.947136,20.701838
-17.842550,8.018362,15.766610
-18.097891,9.710798,14.958136
-19.924191,9.080389,15.830689
-19.729200,18.047369,15.312400
-20.076700,16.574030,15.111766
-18.499489,16.780643,14.396888
-19.788101,-22.523647,40.012390
34.843346,-10.702769,54.401733
-18.339718,22.832956,19.473396
-20.077263,23.275852,21.224846
-20.241865,22.444315,19.850634
-41.320175,-2.129487,39.063259
-42.367786,-3.221037,40.277618
-41.738625,11.032260,40.430698
-42.663345,-1.287808,40.649647
-40.265049,17.640915,40.661736
-41.221348,15.926868,41.135582
-20.825798,6.469616,40.983845
-42.979996,19.316175,46.706467
-42.550995,20.753231,47.851048
-43.606945,19.342180,48.643250
-45.723301,20.955490,54.402699
-20.834063,5.977060,42.732113
-20.285992,7.386768,42.411560
-18.494835,32.179165,53.189384
-21.088661,29.252775,41.654686
-22.642849,29.253160,42.371464
-22.322956,-8.537306,48.877777
-9.503155,22.242186,32.102047
-45.354637,-14.501785,45.499043
-44.224113,-15.859859,44.223099
-35.506382,-33.574726,46.414654
-34.897575,-34.789455,46.957314
-33.840508,-34.366390,45.527588
-13.800767,11.110515,16.452024
-43.860512,-0.625975,42.148537
-44.348782,1.334695,42.877960
-44.922947,-0.412801,43.596832
-19.530537,8.979702,42.044659
-18.714382,10.406075,41.734245
-21.905376,2.193379,43.226776
-21.450764,4.009325,43.092598
-28.664145,-38.399097,45.254150
12.673429,19.707188,32.384701
-40.103905,-26.226944,44.908787
-38.935669,-27.777229,44.842125
-38.543236,-26.678789,43.547329
-32.788300,-29.309069,40.119339
-17.669735,11.985537,41.208733
-16.400265,13.641191,40.517300
-22.955980,-34.713673,39.869404
-24.926226,-35.214069,40.743122
-22.756126,-36.377964,41.190166
-15.586254,-39.905964,44.247818
-10.243779,20.491369,39.838551
-9.370399,22.038950,39.998787
-10.787808,23.522474,27.051998
-10.756132,24.102804,28.990168
-12.271019,24.778555,27.798429
-47.736618,-4.176936,49.479816
-14.172106,28.866346,40.665829
-45.519463,-3.973725,44.405910
-44.588135,-4.975321,43.066780
-20.733810,-21.003431,40.733353
-21.686245,-19.178053,41.087902
-40.685066,-18.543661,40.967571
-47.080704,9.354569,54.403042
-17.211702,26.463509,29.959942
-15.776243,26.604700,30.926119
-17.430300,26.991436,31.956182
-23.589069,-8.938765,40.555351
-41.004860,-15.580129,40.251087
-26.389664,-36.342716,42.234142
-25.881847,-37.983971,43.489914
-22.569609,-5.846420,46.677628
-22.519348,-4.148513,46.196457
-17.895346,-25.591337,40.428955
-35.814045,9.987888,33.150040
-15.090910,10.331565,15.271980
-16.495890,10.943958,14.447857
-16.218931,9.171977,15.400120
-19.613058,10.846656,15.145618
-15.918782,21.086132,16.405411
-15.060836,19.670061,15.132318
-14.071736,20.832325,16.402874
-13.052294,19.424875,15.402562
-45.434765,14.939547,48.837688
-12.883314,12.371419,17.001101
-15.005266,9.285056,16.882631
-21.101545,10.707371,16.136835
-11.634884,-49.803699,54.403736
-21.248060,17.327021,16.231977
-18.916351,19.655830,15.754238
-20.550039,19.181097,16.502644
-19.633930,20.692158,17.104673
-18.039223,20.920366,16.540077
-17.146404,22.035046,17.813169
-18.700441,21.713936,17.819016
-15.035087,22.052967,17.939428
-11.230466,18.846766,16.264139
-12.092760,20.434530,16.948586
-8.267947,-38.800362,52.965450
-19.801950,7.025463,16.608793
-21.535061,8.415358,17.087269
-23.600307,30.697819,48.238167
-10.920205,-51.539143,53.210796
-11.290798,-53.176109,54.402546
-10.190886,18.123564,17.941204
-10.645149,16.053482,18.191433
-47.677429,-2.231996,49.298393
-13.414494,11.614285,18.146906
-47.229881,5.878043,49.377110
-47.527676,5.082284,50.598866
-16.171795,7.789621,17.186121
-21.423815,6.239068,17.707182
-21.346380,4.463973,18.368603
7.668745,-34.340870,32.885315
7.836636,-33.730404,30.997540
9.483119,-34.064957,32.346828
-22.115669,12.478274,16.737261
-21.801556,14.002624,16.313965
-22.182470,15.485636,16.793219
-22.618565,17.047764,17.659294
-21.977522,18.755594,17.679237
-21.092533,20.368528,17.985527
-19.884319,21.712727,18.513081
-13.036248,21.632477,18.137756
-10.689368,19.698530,17.795034
-21.411085,2.924085,19.064028
-22.672457,7.243053,18.364700
-22.721649,10.664308,17.648560
-23.539900,12.321233,18.381584
-11.334008,20.917444,18.531815
6.705645,23.918282,43.020107
4.930550,24.732193,43.893047
-11.513858,14.501091,18.737228
-31.069887,28.977406,47.922630
-12.470606,13.042013,18.511219
-14.386156,10.153004,18.010712
-15.436375,8.836234,19.173002
-24.690481,-38.550537,40.425049
-16.545532,7.007907,18.702827
-17.501966,5.610219,19.893309
-18.539072,3.943827,19.819283
-21.108841,1.103537,20.152611
-22.797895,5.574990,18.912933
-23.206924,8.807244,18.529444
-13.588471,30.570427,48.609650
-23.261597,18.273499,19.002468
-22.518728,19.942936,19.170303
-21.382294,21.488214,19.499359
-30.945061,18.130188,24.452335
35.715252,2.740046,54.401485
-16.381243,22.778238,19.096897
-12.211941,22.067465,19.809315
-19.986141,8.365067,34.630955
-9.971804,17.410156,19.916355
-22.747747,3.889543,19.367367
-23.833561,5.273527,19.901529
-23.947849,6.949464,19.670231
-24.113041,10.613313,19.263357
-24.821838,12.369528,20.040394
-23.849497,16.344406,19.068930
-9.911096,19.571768,19.609989
-10.991930,15.434889,20.081593
-36.742558,-2.121298,33.863476
-35.571918,-48.586334,54.404114
-14.325576,10.724374,19.587128
11.575319,15.806303,54.401600
-22.818594,2.290096,19.921974
-24.683008,8.918550,20.168079
-23.700098,19.444332,20.279190
-22.877039,20.963566,20.534081
-10.665637,21.295486,20.417465
-21.697063,-0.351979,20.911446
-22.940397,0.467110,20.622461
-23.055094,-1.202924,21.335375
-24.247437,3.471642,20.659288
-24.946535,5.698905,20.932772
-25.223223,10.704931,20.652838
-24.443365,17.727352,20.345760
-21.488989,22.502020,21.009167
-16.685772,23.450035,20.549980
-9.705839,20.301067,21.187717
-34.663784,14.718626,32.419472
-35.586807,-1.464805,32.575851
-35.585697,0.681271,32.576157
-11.846494,14.742703,21.961897
-14.526251,11.207452,21.320597
-15.206993,9.944826,20.808521
-16.285854,8.580342,21.636499
-16.612150,7.267097,20.279226
-18.265541,4.531310,21.630396
-20.382221,0.040079,21.895193
-23.071844,-2.752497,22.069864
-24.333275,-1.645953,22.032356
-24.725554,0.141814,21.800982
-23.060909,-39.692024,40.720245
-22.754700,-38.314030,39.667828
-25.384075,2.283876,21.913036
-24.157061,1.703053,20.980879
-25.618940,7.642579,21.419600
-26.228947,9.576157,21.991375
-24.993683,15.944930,20.562551
-25.535891,13.772652,21.031364
-14.519664,13.368320,26.338089
-13.307063,14.415214,25.730251
-14.048758,13.175380,24.521122
-23.004822,22.209198,22.117319
-44.779949,16.438599,48.235344
-15.118493,23.736570,21.701021
-11.661576,22.440857,21.513603
-10.252821,21.595867,22.305565
-9.491441,18.625479,21.524361
-17.408112,6.593055,21.981249
-21.336390,-1.767434,22.209475
-16.562838,-47.955467,51.101997
-18.403101,-48.561550,51.714672
21.880678,16.741348,54.401337
-24.257839,20.626139,21.918453
-18.210878,23.800436,21.510984
-13.131398,23.609863,22.874733
-9.386247,20.060358,23.003134
-11.423018,15.657107,23.474247
-12.705507,14.344376,23.735857
-14.878974,11.639585,23.251444
-15.536521,10.245010,22.336365
-16.488697,9.227778,23.283632
-24.993498,-6.356351,24.007515
-25.765240,-4.479844,23.793537
12.952833,-30.827593,54.402695
-24.634443,-53.769932,53.197647
-25.753374,-1.235972,22.924299
-24.898846,-2.954958,22.768103
-25.856321,4.039370,22.109175
-41.432198,-19.967659,38.506233
-40.517567,-18.707695,37.001476
-50.158226,15.498384,47.667812
-26.247833,6.105317,22.297876
-46.603729,-15.692408,48.834602
-47.056900,-14.451051,49.874382
-26.693733,7.795924,22.667801
-26.850723,13.391902,22.770542
-25.952951,11.956622,21.551746
-26.338089,15.564213,22.339396
-25.621714,17.324429,21.815453
-24.798468,18.911715,21.406345
-25.716179,19.224607,22.809263
-11.208720,22.804321,23.478012
-45.984428,13.454693,49.471851
-40.074383,-27.563251,45.958035
-37.785664,-29.163414,44.770237
-37.827526,-28.001698,43.843487
-23.144699,-6.763716,23.952265
-26.559483,-2.510724,23.855694
-14.793991,35.664700,54.398540
-15.574415,35.443428,52.721001
-26.208307,0.658548,22.945736
-13.197204,-52.096180,54.403458
-15.180886,-52.722126,54.403641
-27.376486,11.325761,23.379393
-39.024029,-32.859703,49.779812
-24.295948,21.922886,23.269260
-25.632977,21.009378,24.002722
-15.142126,24.380764,23.556389
-12.060476,23.653986,24.474976
-9.787082,21.516230,24.524466
8.896355,25.387964,52.898529
-11.999831,15.551843,25.120665
-17.215530,7.959527,23.430073
-18.453135,5.090943,23.375048
-17.940439,6.609759,23.735250
-19.068378,3.101929,22.811192
-19.780491,1.330364,23.236263
-20.419018,-0.525677,23.672024
-21.861168,-6.715855,25.039579
-21.413218,-4.768439,25.209757
37.615131,-18.236887,54.401546
35.449398,-17.642818,54.401958
-27.156069,-0.664086,24.022978
-26.781256,2.623603,23.218704
-35.555645,4.794295,32.623959
-27.796585,6.571411,24.008545
-27.607096,9.173136,23.688736
-26.961224,17.176085,23.560587
-16.877401,31.408752,50.414391
-22.992056,23.231615,23.666721
-13.514885,24.349237,24.734495
-10.867722,23.096916,25.349005
-15.364165,11.943322,25.281015
-44.111862,-25.780874,51.539059
-21.134935,-2.963069,25.305641
-20.852436,-2.046585,24.030922
-22.691912,-8.189495,24.873461
-24.422558,-8.007307,24.494810
-25.769497,-7.436313,24.751854
-26.611860,-6.057514,24.800081
-27.220737,4.682966,23.485107
-28.344801,4.962900,24.691448
-28.079275,13.379923,24.341476
-27.569086,15.221951,23.905230
-28.051891,16.378729,24.753813
-26.937826,19.360712,24.478445
-24.624254,22.712416,24.687372
-21.637739,24.302423,24.554131
-12.175695,24.190615,26.016409
38.606564,-20.394775,54.399082
36.441387,-19.954027,54.401669
-9.414223,19.613419,24.802620
-10.120152,17.996000,25.421026
-11.150187,16.881216,26.255291
-12.425859,15.779024,27.059772
-13.731021,14.554811,27.321367
-15.965348,10.534905,24.080957
-17.918833,7.565885,24.974112
-18.647152,5.829147,24.953291
-19.246000,4.107739,24.868927
-19.810831,2.231505,24.745411
-20.259958,0.608975,24.719095
-20.818321,-0.936057,25.631765
-22.225555,0.440304,32.357502
-21.594601,1.637584,30.647230
-22.083651,-0.424549,30.559134
-21.636301,-4.225657,26.946592
-21.706869,-5.962126,26.719395
-21.783627,-7.652775,26.271935
-23.892271,-9.648023,25.213917
-27.437693,-4.188600,24.924397
-27.703943,1.170391,24.302221
-28.101358,3.137756,24.535748
-25.162361,30.685614,48.925411
-29.076828,6.262945,25.454454
-28.675531,11.992935,24.994015
-28.830540,10.171824,25.135681
-28.580275,15.071163,25.159883
-28.074116,17.909203,25.250507
-26.910658,20.725630,25.380817
-26.077539,22.191685,25.785334
-15.245098,24.970211,25.369167
-31.911634,21.530920,32.541714
-9.853900,22.061745,26.496956
-22.129040,-9.532438,26.140663
-23.156261,-11.212671,26.125370
-25.517145,-11.050722,26.089205
-25.754131,-8.998262,25.334826
-28.264515,-5.745933,25.917284
-28.165129,-2.063014,25.151968
-29.107908,-3.782015,26.250912
-28.779833,-0.145159,25.494963
-29.547794,4.063290,26.027805
-29.017385,1.818870,25.574453
-28.938236,8.095054,25.265268
-29.392963,13.450930,25.955711
-28.980188,16.760532,26.018492
-28.100168,19.748442,26.198444
-23.342918,24.039543,25.533588
-20.227835,25.126310,25.818462
-17.016102,25.376184,26.059534
-11.815542,-43.247852,48.373779
-10.051345,-43.750107,50.223347
-19.314026,26.682310,30.877567
-19.018202,27.253204,33.050758
-11.539873,17.151426,28.237049
-46.970039,-1.179623,47.227585
-18.827696,6.682452,26.595570
-19.470661,4.965026,26.566931
-19.982204,3.255597,26.402103
-20.611185,1.296845,26.688057
-21.446901,-2.387614,27.021177
-46.993176,8.842550,50.058784
-21.893646,-10.716102,27.718029
-24.079533,-12.787583,26.664787
-27.263775,-7.779670,25.738985
-29.650768,-1.577980,26.475195
-30.511656,2.388262,27.101124
-30.091217,0.427105,26.752726
-30.078981,11.496490,26.636387
-29.862307,15.165126,26.744495
-29.203072,18.360140,26.859879
-27.667431,21.361675,26.917728
-25.008324,23.532242,26.423132
-21.919678,25.036724,26.625469
-13.702585,24.943054,26.492031
39.611958,-18.325678,54.399220
-9.489181,20.574556,25.991175
-9.714161,19.341055,26.514427
-10.420239,18.120394,26.918165
-13.329137,15.584133,29.139112
-15.957334,12.117590,27.374041
-26.997543,-9.550999,26.166033
-27.566242,-10.564149,26.848423
-29.012314,-7.337003,26.868246
-29.696655,-5.599568,27.063000
-30.678453,-2.821471,27.575537
-30.337927,-4.348186,27.433735
-31.144917,-0.990970,27.891535
-31.419655,1.051041,28.086378
-30.899940,4.381630,27.478027
-30.164421,5.690014,26.665165
-30.164280,7.210523,26.656654
-30.093578,9.206136,26.588453
-30.654354,13.531202,27.464413
-30.255154,16.775698,27.591091
-29.104229,20.337669,27.886494
-26.646679,22.975697,27.556654
-23.632504,24.726175,27.370535
-20.617146,25.616978,27.538298
-18.783209,25.623730,26.916435
-15.362640,25.546722,27.274946
-17.149679,25.943243,28.029631
-10.167192,19.118992,28.309641
-14.937351,13.717249,28.473528
-17.140806,10.755500,27.954388
-18.843920,7.680607,28.030746
-19.557056,5.838969,27.896227
-20.037523,4.374537,27.782808
-20.745855,2.758572,28.514198
-21.237133,-0.612407,27.340527
-21.995964,-6.966954,27.963238
-21.933477,-8.812201,27.809551
-21.945686,-11.971183,29.485506
-23.288982,-15.176802,27.978865
-24.655857,-14.257399,27.391439
-25.814564,-13.132100,27.105764
-26.945181,-11.992527,27.065897
-28.330009,-9.054817,26.835958
-31.894669,2.796575,28.558729
-31.160244,6.270127,27.759518
-31.257774,8.233622,27.890068
-31.480749,10.217428,28.196964
-31.308573,12.081088,28.100388
-31.072144,15.249845,28.215790
-31.840294,13.532706,28.859550
-22.220963,25.515589,28.266542
-9.754727,22.378315,28.707357
-9.588561,20.624830,27.473520
-17.968145,10.224947,29.566221
-22.196289,-9.878760,29.367615
-22.920874,36.408039,52.584541
-22.658810,37.088627,54.399445
-24.977427,-15.843246,28.223701
-26.367128,-14.607042,27.973551
-27.532999,-13.155255,27.834568
-28.467352,-11.849683,27.848408
-29.137096,-10.255134,27.754463
-29.892515,-8.659997,27.872242
-30.447214,-6.955322,27.951643
-30.880812,-5.544323,28.092695
-32.201031,-2.264061,29.022680
-31.721001,-4.307908,28.716661
-32.350517,-0.443489,29.095039
-32.767994,1.348578,29.501242
-32.391567,4.904821,29.101402
-33.284046,3.220079,30.061995
-32.239407,7.186704,28.967243
-32.284988,8.768174,29.057379
-32.418877,11.984786,29.376810
-30.419851,18.404013,28.401957
-31.422813,16.989880,29.089813
-23.994902,25.325253,29.299467
10.269881,24.791756,52.153954
-22.633335,25.948168,29.962025
-20.798643,26.151031,29.454773
-19.036757,26.141909,28.791388
-13.927834,25.540503,28.327198
-11.058499,18.300898,29.963163
-10.129886,19.820004,30.111048
-16.686386,12.230558,29.973387
-14.994993,14.357814,30.606426
-18.869570,8.650864,29.695572
-19.630032,6.832879,29.509434
-20.275583,4.875384,29.224276
-21.357811,0.610258,28.668629
-21.829679,-1.385318,28.835928
-22.054781,-3.331590,28.631145
-22.075211,-5.262156,28.261852
-22.636583,-10.724614,31.098211
-22.322393,-12.722906,31.356649
-21.819635,-13.828367,30.067467
-21.821012,-15.441175,29.677000
-26.595831,-16.108778,28.773264
-28.107069,-14.751071,28.799467
-29.286665,-13.164530,28.836119
-30.066528,-11.623521,28.832237
-30.724270,-9.965707,28.851725
-31.362583,-8.173542,28.968769
-31.742430,-6.322936,28.987606
-33.438042,6.315234,30.283867
-33.340904,8.398190,30.234514
-32.880505,10.064305,29.782080
-33.079651,13.429367,30.300726
-32.390873,15.344793,29.817783
-21.744162,26.476639,31.152740
-15.562791,26.065844,29.030375
-12.268538,25.354006,29.749601
-9.802372,23.224705,30.501741
-9.636024,21.400923,30.390408
-9.716827,20.591890,29.055395
-12.323196,16.962038,30.325836
-18.759899,9.523275,31.029402
-21.064741,3.582863,30.742538
-20.438568,5.898439,31.350580
-22.483910,-2.409224,30.568773
-22.673622,-4.628058,30.223944
-22.404699,-6.445781,29.233706
-22.384773,-8.017043,29.375511
-35.754219,28.078981,51.731499
-27.122152,-17.522930,29.667063
-28.444988,-16.299364,29.660742
-29.973623,-14.819530,29.904150
-30.921312,-12.850916,29.844343
-31.663340,-11.280850,29.947180
-32.148830,-9.399714,29.898830
-32.683449,-7.565612,30.041161
-33.048641,-5.610773,30.134914
-33.161377,-3.438511,30.064789
-33.315166,-1.526953,30.133387
-33.471199,0.077734,30.264538
-34.226044,1.642770,31.080454
-33.613281,4.769361,30.446383
-33.611141,11.641854,30.725580
-31.505499,18.501114,29.802298
-32.830276,17.596613,31.051884
-30.241272,22.698370,31.732237
-23.900518,26.008154,31.233387
-14.001620,26.092043,30.217615
-16.206717,13.389146,31.858118
-17.301172,12.144305,32.171574
-17.807314,11.078981,31.020275
-19.654556,7.841327,31.314098
-47.311867,3.980024,49.023369
-22.883284,-6.736022,30.683657
-22.841261,-8.859838,30.926006
-21.947994,-14.647514,31.706749
-27.698158,-19.061501,30.673399
-28.727350,-17.828535,30.518593
-29.727798,-16.581327,30.489168
-31.674133,-14.333744,30.906528
-30.962639,-16.230293,31.124596
-32.458553,-12.481505,30.932020
-33.095810,-10.671602,31.010958
-33.723465,-8.716947,31.203835
-34.463974,-4.475371,31.471191
-34.448696,-2.380236,31.358213
-34.418415,-0.533663,31.290144
-34.528172,3.803790,31.445242
-34.555725,5.677782,31.519775
-34.421429,7.588387,31.426893
-34.311409,9.547222,31.387337
-31.842272,19.715956,30.932655
-37.238564,26.927141,50.786781
-27.255552,24.566238,31.109568
-26.019480,25.564154,32.065376
-22.475107,26.941765,33.316029
-20.640757,27.033760,32.669415
-11.610919,18.088762,31.737467
-10.705039,19.158716,31.417433
-10.781364,19.358347,33.153423
-21.207588,4.297488,32.550980
-21.710428,2.592196,32.606640
-22.614838,-1.351949,32.206249
-23.062988,-3.473469,32.490936
-23.283506,-5.713013,32.261395
-23.368835,-7.720323,32.388229
-23.292168,-9.552469,32.536716
-23.088371,-11.554282,32.892693
-22.643581,-13.337462,32.814743
-29.277988,-19.121128,31.437731
-30.253490,-17.714441,31.312607
-33.380684,-13.718869,32.074455
-32.705975,-15.693708,32.191864
-34.161087,-11.827492,32.247852
-34.644299,-9.944712,32.305336
-35.758472,-3.506868,32.807014
-35.644779,2.801856,32.675941
-35.612682,6.613269,32.745838
-35.394894,8.440014,32.572952
-34.899792,11.645712,32.225418
-34.247246,13.257243,31.653994
-33.660152,15.222425,31.319466
-28.738712,23.967964,31.774921
-26.718126,25.959343,33.911465
-14.296966,26.602636,31.805931
-16.667328,13.257072,33.660442
-20.260059,7.208210,32.998829
-21.812624,-16.193737,33.089600
-27.039907,-22.134224,32.116341
-31.829838,-17.473764,32.249531
-36.386345,-7.845418,33.781216
-33.234806,19.580044,32.622013
-29.554655,24.111830,33.065166
-27.822361,25.028181,32.800091
-9.988146,20.444889,31.706762
-15.728334,14.401520,34.348068
-8.086660,-16.403500,9.882841
-7.737404,-15.344584,8.750826
-37.210728,-6.950562,34.582859
25.344608,9.593095,54.401405
-31.024303,26.842516,30.670441
-32.463177,25.958286,31.033165
-27.129194,26.272793,35.266582
-7.613423,8.188662,54.402210
-46.453972,12.035308,50.267464
-25.615595,30.059845,47.096550
-27.930977,29.443478,46.621807
-26.441830,29.439051,45.465034
-47.115696,-12.685353,48.997143
13.568246,-36.803944,54.402966
-14.794531,-11.315898,12.592220
14.573414,-30.637850,54.402653
-11.116368,19.341188,38.783192
-17.473356,-33.351833,39.425415
-12.357221,17.959965,39.314430
-16.951813,-34.605968,40.374985
-18.737543,-34.568317,39.743462
29.193668,18.698662,54.398411
-25.273571,32.377773,39.193634
-18.823280,-24.082310,41.405437
-16.676863,-27.402105,41.944016
-15.796353,-29.594706,41.094398
-19.205713,-36.208904,40.838348
-20.904184,-35.614948,40.358089
-31.876333,-32.139332,41.782425
-41.382519,-13.981948,40.233276
-17.826130,29.484882,41.947697
-19.508760,29.186346,40.898140
-16.037800,29.214743,41.110821
-15.021170,-47.563507,50.893856
-12.679471,28.414860,40.346546
-11.036677,27.856350,41.054474
-13.142756,17.091137,40.584038
-17.867107,-25.480879,42.651501
-14.838299,-31.037268,42.222153
-17.756657,-36.880795,41.538441
-17.805271,-35.745693,40.749485
-20.808756,-37.160610,41.577000
-19.075474,-37.715343,41.987194
-44.124580,3.198545,42.688133
-43.598232,8.897139,42.570873
-42.900860,10.765949,41.927032
-42.191402,12.217291,41.266659
-8.857043,23.941139,41.004971
-10.063425,20.767910,41.511715
-11.228570,19.206205,40.532959
-12.152102,18.113354,41.400261
-10.956927,19.493738,42.470394
-14.022330,-32.337948,43.143982
-24.390438,-37.381756,42.439922
-38.091976,-25.195244,41.980042
-42.138096,-15.055103,41.370148
-44.434757,-1.701982,42.875767
-44.502567,4.507257,43.320263
-42.198490,14.153029,41.827473
-41.365250,17.567513,42.200191
-40.235241,20.511881,42.858162
-38.729740,22.981560,43.655376
-37.987759,24.096691,44.400928
-30.637253,27.369463,42.377663
-27.534151,28.456211,42.867973
-24.307142,29.202679,43.147533
-9.826651,27.238815,42.484180
-13.156292,16.964996,42.103344
-15.328158,14.642762,41.945576
-14.265648,15.874444,41.171173
-17.874378,11.366641,42.963390
-23.041403,-13.625140,42.816936
-19.985815,-22.303135,42.029503
-19.025616,-23.793009,43.743988
-14.334545,-30.792234,44.046616
-15.485415,-29.127010,43.052364
-17.292070,-38.211105,42.585064
-20.575405,-38.616150,42.750511
-18.821863,-39.064529,43.061592
-24.009171,-38.953682,43.711288
-22.318914,-38.046261,42.511185
-45.614227,-5.924146,44.596138
-44.539497,7.567890,43.738529
-44.053509,10.710839,43.598751
-43.283138,12.421656,42.869835
-19.575237,29.673109,42.908108
-9.977715,20.844864,43.791458
-16.567446,13.112513,42.638500
-15.303990,14.366729,43.914898
-19.573261,8.426474,43.866302
-13.841046,-39.919159,45.017006
-17.133900,-39.517010,43.583027
-20.258493,-40.053520,43.936111
-18.499893,-40.379673,44.140377
-25.779192,-39.360027,44.694206
-24.281519,-40.561478,45.242699
-27.160330,-38.533356,44.554379
-42.344799,-22.573498,45.002743
-44.347321,-17.322382,44.956078
-45.315823,-2.137324,44.118114
-45.504086,1.005022,44.551643
-45.544220,4.475555,44.937244
-45.046654,2.774131,43.971436
-45.036434,6.134300,44.309460
-43.468113,14.378647,43.858677
-42.488457,17.657309,44.070766
-42.397865,15.873577,42.832863
-41.080025,20.618511,44.387962
-41.267414,19.160021,43.223244
-39.378139,23.167753,45.073502
-39.920738,21.900625,44.019894
-33.856369,26.638435,44.158043
-30.855158,27.953430,44.432339
-32.266197,27.048706,43.310474
-27.804514,28.852531,44.484764
-29.141209,28.240595,43.613968
-24.710787,29.626745,44.986137
-26.097639,29.038973,43.785252
-16.255589,29.682959,43.027431
-17.830992,29.842304,43.452702
-12.851530,29.304480,43.846859
-14.585958,29.370840,42.489323
-12.667116,28.753862,41.769211
-11.230424,28.465334,43.079575
-8.865372,26.001278,43.656017
-9.696008,27.613476,44.341747
-14.169808,15.773154,42.964882
-13.157115,16.770634,44.041695
-17.980610,10.839213,44.596550
-18.777428,9.906125,43.484097
-20.884527,5.228382,44.519917
-16.969467,-40.937061,44.713448
-21.472048,-40.835979,44.785316
-21.945902,-39.549877,43.741219
-19.786247,-41.332699,44.999180
-18.378420,-41.633808,45.195904
-22.939512,-40.250397,44.577091
-27.308558,-39.570457,45.586388
-32.619492,-35.572933,45.550629
-46.249634,-8.913077,45.908630
-46.489990,-6.808972,46.193516
-45.458061,7.510399,45.254173
-45.127365,10.737432,45.458447
-44.809883,9.155492,44.463726
-44.447868,12.374157,44.754169
-18.709698,30.256460,45.201138
-20.441105,30.493561,46.418285
-8.726733,24.215322,43.011520
-9.006456,22.717041,44.452724
-8.543627,24.533398,45.114197
-10.233375,20.350422,45.417545
-11.030548,19.294733,44.401249
-11.946004,18.083633,45.112061
-11.999063,18.165588,43.350620
-16.217573,13.146426,44.679604
-15.193711,14.180516,45.746349
-19.644306,7.763219,45.625168
-20.324932,6.740894,44.269489
-21.894361,1.351007,44.986404
-22.375998,-2.226176,45.785397
-15.247805,-41.561703,45.560921
-13.340951,-41.026623,45.975498
-17.248804,-42.538696,46.005123
-21.082582,-42.073040,45.823280
-19.332056,-42.408531,45.908966
-18.737305,-43.714729,47.040913
-24.720503,-41.641636,46.386189
-22.784828,-41.633392,45.784222
-25.902283,-40.717541,45.994453
-30.486820,-38.411438,46.501461
-38.172741,-30.408760,46.293434
-39.194683,-29.002056,46.178341
-43.381813,-23.169050,46.898331
-45.243595,-16.347893,45.984142
-43.970356,-18.831791,45.092899
-45.053772,-17.979721,46.407028
-44.738037,-19.581102,46.732773
-46.203960,-2.690404,45.581425
-46.449802,0.791908,46.223946
-45.970280,-0.730097,45.231903
-46.527077,4.086996,46.790520
-46.086464,2.525642,45.681362
-45.977917,5.889544,45.937397
-44.604721,14.431687,46.029938
-44.268688,16.339222,46.640572
-43.448235,16.193069,44.790794
-43.255295,17.799561,45.649723
-41.931339,20.705616,46.187599
-42.271404,19.220348,45.051552
-40.042007,23.333960,46.704342
-40.725586,22.034830,45.703419
-37.085789,25.396093,45.746304
-38.608307,24.419796,46.169224
-34.136703,27.236212,46.219559
-35.459373,26.130020,45.037331
-30.988987,28.460308,46.187984
-32.380100,27.677504,45.297924
-29.491793,28.682638,45.418541
-14.912097,29.804243,44.149384
-11.102246,28.856087,44.924435
-8.733723,26.495058,45.603897
-9.547389,28.059347,46.254082
-13.971146,15.487632,46.655704
-14.159240,15.519798,44.923531
-13.061960,16.659864,45.946949
-17.958517,10.468844,46.209270
-18.826418,9.396864,45.117676
-20.944054,4.274908,46.472954
-21.417288,3.406572,44.840664
-22.544914,-9.641853,47.234268
-11.067705,-37.139458,46.902462
-11.576103,-40.939423,47.174507
-17.015585,-44.100693,47.387482
-20.347698,-43.289837,46.813335
-21.984528,-42.853794,46.710747
-27.384090,-40.976830,46.945400
-28.912313,-39.680725,46.614281
-33.702908,-35.914928,46.867001
-36.690968,-32.128765,46.281979
-46.316746,-13.434915,46.997025
-45.638649,-12.420434,45.412167
-46.824108,-9.829301,47.252705
-45.966972,-10.599497,45.624645
-46.634865,-11.597246,47.183834
-46.921822,-8.450634,47.291920
-46.279972,7.433832,46.929871
-45.930195,10.590159,47.174442
-45.706970,9.204906,46.153156
-45.272636,12.380109,46.415157
-12.372128,29.609446,45.787533
-8.755885,23.120541,46.302032
-8.326908,24.996141,46.882698
-10.035124,20.534479,46.955238
-10.964662,19.264441,46.014217
-11.941998,17.911407,46.935314
-16.167093,12.827880,46.572685
-15.053355,14.047336,47.464722
-19.632757,7.188959,47.464325
-20.328388,6.072530,46.185291
-21.809147,0.657334,46.860588
-22.169514,-0.378675,45.345947
-22.335869,-6.601774,48.671391
-22.583687,-7.734958,47.022457
-22.185486,-13.333217,47.949829
-13.548944,-42.538528,46.907036
-23.725563,-43.203201,47.504295
-25.859838,-42.075768,47.247467
-30.400928,-39.854004,47.824490
-31.831997,-38.510258,47.681095
-38.242298,-31.945644,47.832146
-39.546833,-30.116642,47.636108
-40.715782,-29.740993,48.860065
-40.783340,-28.233301,47.451221
-43.687820,-24.430521,48.547810
-45.340202,-19.870203,48.183311
-44.531250,-21.405670,47.588654
-45.887497,-16.932758,47.551682
-45.630753,-18.517385,47.908974
-46.073288,-15.313028,47.177639
-46.911434,2.363973,47.445183
-46.737251,5.760883,47.649658
-45.415905,13.861657,47.695469
-43.989052,17.829319,47.484070
-44.925915,15.290086,47.454548
-41.379864,22.105246,47.305309
-37.785351,25.572426,47.493008
-34.736835,27.627728,48.291939
-35.942432,26.518970,46.843090
-32.815697,28.097862,47.120682
-29.762165,29.052406,46.885342
-18.635027,30.772572,47.353489
-13.771623,30.206888,46.780617
-10.778374,29.183512,46.875732
-8.512471,26.897814,47.504189
-9.520747,21.503674,45.737511
-9.203724,21.882324,47.670383
-18.809341,8.896677,46.991875
-20.886835,3.560567,48.467564
-21.419210,2.473897,46.779114
-22.423740,-11.472791,47.503052
-21.489239,-17.032352,48.369411
-27.404083,-42.360115,48.279240
-29.025812,-41.101093,48.050716
-33.308186,-37.337910,47.870472
-36.085667,-34.456715,47.871143
-33.049660,-38.679920,48.947956
-46.699596,-14.256351,48.326199
-47.223110,-10.793160,48.629398
-46.945644,7.251791,48.821320
-46.596771,10.399398,49.260685
-46.460075,9.012802,47.954933
-46.037418,12.089086,48.351383
-11.697638,18.021118,48.778019
-12.916706,16.595720,47.851574
-17.012598,11.531972,47.391483
-20.359415,5.321311,47.956741
-21.786753,-0.249377,48.334259
-22.075891,-1.135166,47.122032
-21.920475,-15.111667,48.065510
-19.712397,-45.735180,49.015301
-17.962215,-45.238579,48.414406
-22.775459,-44.564835,48.511868
-25.702599,-43.641155,48.672943
-24.347605,-44.780575,49.224880
-31.887356,-39.758598,48.956387
-43.343327,-26.009239,49.519249
-42.052284,-28.348267,49.575352
-42.061932,-26.911402,48.058048
-46.361061,-17.370150,49.219540
-45.976303,-19.134827,49.432526
-46.556599,-17.913130,50.905766
-38.404228,25.708004,49.315956
-36.758224,26.678310,48.799927
-21.411011,1.311289,48.895103
-35.979763,-36.596409,49.913296
-35.141735,-35.978195,48.366695
-36.801853,-35.137009,49.362030
-34.541916,-37.898911,49.660389
-33.226627,24.006109,30.030111
-10.841660,-45.582150,50.857605
-15.815046,-46.470894,49.692039
-18.567095,-47.037754,50.180775
-22.815434,-45.776306,49.694733
-20.953022,-46.644135,50.100391
-37.577862,-33.703022,48.807579
-40.554459,-32.019550,51.243778
-39.930866,-31.083441,49.130764
-41.317524,-30.109119,50.287289
-43.253849,-27.477598,51.319176
-3.135280,-27.807159,54.402908
-36.095989,-37.656662,51.162582
-34.811798,-39.272343,51.366150
1.928350,13.326862,54.401825
4.179858,13.668178,54.401794
-19.993813,-47.980942,51.279606
-22.788832,-46.908115,50.808922
-37.403008,-35.914909,50.938362
-31.251663,-47.254440,54.404305
-33.672470,26.531487,32.761387
-9.150706,18.361818,54.401985
17.080299,-35.452106,54.402740
-50.942661,-4.858057,54.403488
-6.616123,22.058762,54.401825
-19.832489,-12.724435,54.402985
-19.331823,-14.115218,54.403000
-18.148642,-12.809049,54.402939
-23.892506,35.063278,54.401398
11.014569,-38.933907,49.668060
-21.489788,-55.233353,54.402340
-19.283953,-55.065945,54.402397
-5.116712,27.518061,54.401669
-50.820076,-20.151690,54.401512
-2.272572,-45.595322,54.399395
12.128917,21.996128,42.885288
-43.383774,-21.043283,45.449520
-24.271111,-51.496658,54.403999
-4.515066,21.828337,54.401779
-16.163136,34.127560,54.400661
-10.684572,-28.330149,54.403099
-12.100643,-27.129087,54.403111
-12.702925,-29.116001,54.403172
2.660814,27.494877,53.019955
-49.298496,3.848901,54.403210
-49.686646,2.100458,54.403286
-39.271599,-40.143208,54.404083
-38.023460,-38.155205,54.404007
-40.385471,-38.384151,54.404057
-16.678995,-16.338938,54.402988
-19.339397,-11.169455,54.402939
2.708302,16.656345,54.401741
-43.687096,25.933880,54.402622
-47.083775,15.947062,54.402824
-10.451451,31.952314,45.009975
-10.530661,32.441067,46.896748
-8.869529,31.662363,46.335751
12.126387,24.862722,54.399086
32.492825,-19.631781,35.555645
31.874954,-19.279207,34.241310
-46.647026,-23.958591,54.403919
-8.972553,-29.441648,54.403080
-35.094532,31.070318,54.402279
-17.505903,15.190220,14.006889
-20.284515,-7.065348,54.402866
-18.865324,-5.614349,54.402809
2.289378,-18.258242,8.979138
-34.871346,32.983299,54.402157
-41.299358,-40.425739,54.403957
-8.639229,27.894831,29.813398
-8.164282,28.157339,31.593321
-6.798847,27.554550,30.959917
-33.929497,-48.492477,54.404247
-17.121201,1.494797,10.534706
-17.114882,-11.555925,54.402893
-17.645075,-9.685186,54.402863
-16.446421,-13.245505,54.402920
-8.020339,17.237343,54.401985
-29.419918,34.838413,54.401264
-50.648613,3.394545,54.403286
-11.516382,11.006589,54.402233
-22.481937,-52.142056,54.404003
-19.561642,-3.202496,54.402767
-12.516213,-50.855743,51.951939
-30.695744,-53.594070,54.402748
-3.821830,25.963552,54.401680
-14.010376,30.127783,33.468109
-15.483829,30.103542,32.148315
-49.845718,-24.336863,54.402565
-49.321255,-26.316786,54.402893
12.110336,-36.812267,42.443218
-42.016293,25.581032,54.402504
-47.066463,22.744967,54.402733
-51.280716,22.183552,54.399288
22.153717,-1.892100,13.881102
22.303898,0.074031,14.584294
34.092747,4.452799,40.347290
-12.254196,-15.539489,12.824055
-10.455234,-26.395037,54.403053
-8.659057,-27.632832,54.403038
-45.580185,-28.079174,54.404022
17.786957,22.850471,52.887516
-3.647527,27.886374,54.401596
-15.724235,-44.756535,48.108456
-51.314747,-8.779219,50.737972
-51.762848,-6.749474,51.254345
-13.657600,-18.961159,54.402969
-15.070764,-17.669991,54.402981
-50.247887,-19.149591,52.683243
-32.204144,-48.543457,54.404194
-32.920677,-46.593975,54.404133
28.933914,-18.958435,29.437546
-51.762276,-0.846775,54.403324
-9.206478,-22.629259,54.402943
37.903961,-0.223439,54.401329
-16.666683,-18.294870,54.403034
-15.567178,-19.512478,54.403030
-12.498275,13.945208,54.402184
26.969933,-32.669216,54.402233
28.359964,-31.000813,54.402477
26.586687,-31.055826,54.402534
39.751305,-12.429551,54.401318
-11.698473,-25.275757,54.403057
30.264074,-15.168598,54.401928
-34.634933,-44.912094,54.404163
-36.140369,-43.551292,54.404179
-18.336540,-7.565304,54.402836
-45.518559,-24.023067,45.962788
-44.849476,-22.895250,44.274811
-44.229008,-24.555182,44.390961
-37.857769,-41.935917,54.404152
-38.102879,-44.087769,54.404190
-47.567204,-24.438168,49.873505
-46.761879,-25.502047,49.031078
-47.379280,-25.863749,50.411613
-39.203163,-36.478947,54.404026
-41.843506,-36.712910,54.404072
-19.747431,4.084893,54.402611
23.473259,-4.848606,15.390643
22.988544,-6.215582,14.787842
22.304482,-4.609777,13.848885
11.047866,23.571165,54.400955
9.532759,23.227613,54.401398
-9.710972,9.232815,54.402229
-36.619118,-45.393742,54.404202
-9.263447,-15.276578,9.750726
-47.072891,-27.403286,50.800385
-47.806126,-27.974949,52.473080
-42.457382,-34.699432,54.404068
-10.946626,5.866597,54.402348
-12.699346,4.680130,54.402428
-35.256367,-45.410866,50.521706
-44.572662,-34.217628,54.403702
-33.154293,-44.501465,48.523727
-42.338993,27.360987,54.402534
-40.549965,26.946091,54.402439
-12.845128,6.673287,54.402374
-6.526482,15.937191,54.401978
-5.839028,18.076010,54.401905
27.388418,18.215757,54.400391
29.903553,-31.653553,50.948780
-15.958074,-21.366480,54.403080
-17.446409,-21.713623,54.403126
24.028837,16.932589,42.737881
-21.774471,30.254213,45.885029
-37.601398,-37.193909,52.644985
-6.170976,-45.224586,54.403553
21.426180,-14.017363,15.680082
-15.025626,-4.767323,54.402699
-47.421753,-16.312979,45.035263
-47.540138,-14.508296,44.463528
29.128462,-33.431904,54.398666
21.873329,-26.873505,28.270830
-17.599970,-14.492102,54.402977
-16.473480,3.891594,54.402534
-11.408905,34.087444,53.028053
-49.835835,0.172879,54.403572
-21.965456,30.614561,47.316250
-23.500729,30.164549,46.292442
-42.598564,29.360245,54.402275
-11.264177,-23.323090,54.403008
-13.340350,-24.020927,54.403072
-0.907802,-39.792095,54.403236
-0.900878,-41.823792,54.402798
-14.134126,33.553032,54.401150
34.486641,-18.383894,38.191856
-16.084503,1.431757,54.402584
-17.133064,-0.789472,54.402657
-15.079339,-0.646661,54.402611
-46.163387,-19.620388,51.088173
-35.115078,-46.926941,54.404198
-9.198513,11.578040,54.402161
-12.865204,-22.052353,54.403019
-14.279647,-20.810787,54.403027
-14.713558,-22.579529,54.403076
-14.378480,-13.726187,54.402874
-44.730991,0.495986,37.560547
-20.713757,-46.738472,46.166176
-18.353148,-47.459183,46.973190
-20.708797,-48.262753,47.587624
-10.049000,-39.786766,42.064796
-9.708711,-38.483498,40.511810
-48.965370,23.818335,51.523232
-14.767059,-15.982922,54.402935
-7.412238,-30.665592,54.403076
-14.367031,34.821049,51.558914
-13.954553,35.055470,52.991608
-0.468263,28.626055,52.347260
-22.612541,-53.813221,54.403698
-24.092636,-53.242653,54.403912
-23.558008,-55.069473,54.401649
-19.502790,-44.411873,44.046246
24.812037,-24.378567,28.802984
-4.695704,-19.515221,11.153179
-2.148186,12.619138,54.401947
31.478661,-13.559669,30.259336
33.132324,5.845374,39.857143
33.347878,4.512599,38.763584
13.298121,19.720190,33.879257
-20.943237,-53.266888,54.403828
-42.361950,-29.098841,51.243916
-15.984570,-14.753037,54.402935
-47.732910,24.608448,50.005856
-1.984795,27.309111,54.401375
-46.581505,-15.685364,43.304646
29.957306,7.016270,54.401451
-52.006271,-10.551101,53.261688
-35.076290,-43.908871,49.280758
-48.561794,-26.907906,53.287560
-17.055103,19.671257,15.202810
-6.339085,31.426991,51.240955
-17.931377,-2.300965,54.402710
-16.142712,-2.588522,54.402676
-43.679081,-37.726921,54.403454
-44.051586,-36.100483,54.403236
-17.350637,-4.217871,54.402737
5.193449,-32.678219,54.402798
7.225716,-32.403748,54.402813
-16.235928,-27.707914,44.241169
-18.085955,18.352859,14.707059
-14.869349,-9.032524,11.517992
-15.775752,-9.814178,12.952898
-16.371323,-8.382969,13.017256
7.873108,24.809828,49.384590
8.591193,24.942053,50.812195
-32.188087,-49.043613,51.506409
-39.577526,2.388888,32.377972
-38.131893,2.620650,31.059504
-38.585567,0.753396,31.610830
-32.655586,35.169155,53.156139
-30.789881,35.345409,52.270172
-9.416767,-20.827629,16.113077
0.221473,26.873861,44.534912
-1.147219,27.691214,45.474388
-17.375944,23.691923,15.643996
-22.185413,13.249951,14.358923
-22.320883,15.079003,14.708916
-21.226171,14.358829,13.493332
6.117138,17.800093,17.216213
7.020000,16.965559,16.253290
4.909910,17.618845,15.946216
6.078771,16.392948,14.469753
5.574002,15.706105,12.915099
4.252120,16.782715,13.944012
-46.126717,-35.726871,54.401279
-44.640537,-36.711315,53.049526
13.321659,15.799164,54.401527
14.587825,16.830397,54.401455
24.729403,-24.976688,54.402332
24.125132,-26.839542,54.402367
-18.344568,-0.873030,12.912724
-18.639441,-2.712377,13.824794
-19.634295,-0.942902,14.475173
-17.863976,-4.511332,13.439020
23.836998,3.616148,19.111336
23.089214,5.362546,19.363819
-12.419209,-20.405487,54.402977
13.341806,-20.997957,14.900673
12.160771,-22.348385,15.556898
-23.762585,3.942780,17.604156
-23.495237,5.152995,16.991085
-22.582005,3.882984,16.365923
-21.046173,16.176962,13.702974
-20.885420,17.634827,14.020573
-19.512968,17.354439,12.719413
-21.502516,18.731974,15.030682
-21.970333,17.110994,14.859797
-15.005701,-2.945042,9.297101
-12.289314,-43.311874,44.878635
23.726170,-11.132095,16.915194
24.321503,-12.417551,18.288090
23.057222,-13.070041,16.980585
8.727280,16.465734,16.670542
10.145482,15.232030,15.495797
8.074301,15.857309,14.939023
34.637482,9.523468,54.400982
-24.683231,8.458262,17.448996
15.039938,13.026432,16.856287
16.117067,11.662002,15.908634
14.472148,12.495175,15.106395
26.110630,-9.813473,19.953257
24.968559,-10.602353,18.444929
25.366962,-8.569511,18.481083
7.868199,-25.752108,17.459379
13.738468,14.257189,17.550791
13.651552,13.539092,15.983436
12.062648,14.614684,16.220276
-8.744450,20.799124,12.172586
-7.963935,21.524343,13.602875
-6.870010,20.474064,12.659124
21.459723,-0.391621,13.298510
-43.099464,-24.931479,43.142342
-43.294842,-26.339811,44.293930
-46.783562,20.680660,44.206367
-45.548901,22.460299,43.525803
-16.376110,34.540142,48.913799
-14.648634,34.442413,49.813774
-20.431295,23.748596,17.600866
-11.548168,-16.872383,13.356938
-12.292791,-17.426485,14.845692
-44.118023,23.668793,42.295513
-14.884585,-15.955164,16.386705
-13.561072,-16.754398,15.638030
-13.975366,-17.423637,16.993498
1.255672,18.923773,15.805747
2.850644,17.838797,14.916860
-0.651806,-24.361185,15.536035
14.707191,-8.771863,7.826973
14.250312,-10.645245,8.294670
12.741592,-9.760436,7.010746
-23.213243,7.924397,15.972837
-23.834206,6.604506,16.967794
5.994828,-22.417772,13.473156
-20.876446,25.827980,20.553034
-18.782532,26.309139,20.087763
-30.652775,34.812660,50.335567
-30.383427,34.379288,48.509037
16.523127,12.326576,17.778349
13.020639,-24.740789,18.420111
12.674575,-23.660954,17.110704
14.311105,-23.384953,17.736145
6.972951,15.538734,54.401680
16.326332,-19.420591,15.333870
15.722056,-18.031113,13.793216
-12.855153,-17.936733,16.198242
-19.322750,-4.459842,15.071966
-19.719206,-5.848758,15.852447
-20.630747,-4.676107,16.489952
-20.630983,-6.902866,17.036667
-19.119848,-7.437531,15.694063
32.859299,10.868543,46.536694
34.335854,9.264103,47.562855
33.704586,9.024476,45.600281
17.579857,18.852028,54.401394
16.113884,17.828625,54.401402
17.889992,16.998682,54.401409
10.597623,15.944701,17.386074
-24.204247,2.623718,18.397327
-22.891813,1.973243,17.228266
-20.038404,18.849867,13.799747
-20.686556,20.404993,15.176276
-18.836803,20.643162,13.884944
1.342597,-24.433460,15.307723
0.522120,-25.459927,16.666971
26.147890,-5.957227,19.477097
25.091742,-5.539137,17.764317
25.815008,-4.130477,19.043447
13.948541,-22.199276,16.356836
6.493628,-34.168823,54.402847
5.774488,-36.003540,54.402885
7.609834,-35.778748,54.402889
25.000402,-3.640217,17.763824
24.664469,-7.393811,17.222063
25.546806,-7.050803,18.540722
-22.869677,-0.000214,17.692080
-21.755409,0.465410,16.431692
-21.759663,-1.370886,16.885246
15.166396,-13.562395,10.368969
14.020480,-12.547405,9.100977
11.084070,-30.532923,54.402733
4.409576,-24.695293,15.633699
15.162194,-20.798697,15.779933
14.606809,-19.613695,14.399907
6.426080,18.403330,18.739641
4.790826,18.627871,17.864384
30.358294,15.147365,48.960537
31.708179,13.975339,49.379280
30.952465,13.795013,47.552197
-10.882378,-20.077728,16.713734
-11.577115,-18.780672,15.704504
-10.001226,-19.708755,15.141406
-22.552649,-13.685731,21.550714
-21.002249,-14.413395,20.959248
-21.642494,-15.423242,22.259617
-19.795620,-15.553612,21.030741
-24.444994,5.331514,17.942822
-20.875711,-10.080993,18.294565
-21.958521,-11.193211,19.691521
-22.484293,-8.832542,19.228058
-3.364378,23.793079,54.401699
-51.340515,11.678427,48.920197
-50.970654,10.018010,47.756584
-51.758453,9.794713,49.504543
-14.070515,27.245358,22.147085
-51.980358,0.321267,50.075352
-52.466908,-0.612972,51.556259
-52.696739,1.811341,51.765373
-8.381304,-40.094131,43.390785
-10.126872,-41.043419,43.549042
24.911434,-13.559501,19.719938
25.484215,-11.777638,19.673935
30.133463,-30.974901,49.270229
28.916235,-32.231911,49.507927
-14.274365,-18.296724,18.577129
-12.643733,-18.943647,17.326447
-15.241363,-16.959291,18.012930
22.130543,-14.999768,17.059816
23.687193,-14.258994,18.459665
9.226482,-30.144806,54.402775
3.386943,19.474754,18.513578
3.136744,18.732830,16.818268
1.640511,19.657835,17.521633
-21.732773,-3.134811,17.243896
-20.302324,-2.525887,15.639516
4.403737,-25.898912,17.023134
4.576004,-26.983809,18.364716
3.252928,-26.477312,17.691919
-32.943001,30.414419,37.685226
-31.390263,30.702341,37.063801
32.258720,-15.296788,54.401924
30.931742,-17.023243,54.401951
17.472141,10.880817,16.682791
17.752226,11.531500,18.356403
18.878353,10.264270,18.100933
-23.715910,-14.481716,22.869860
-24.871975,-15.561502,24.329735
-25.808872,-13.677500,23.710436
8.989002,-39.212585,50.182701
15.485774,-22.034695,17.139629
16.807100,-20.553526,16.670013
29.695400,-26.106169,54.402161
27.718580,-26.170313,54.402290
28.785952,-27.384830,54.402279
26.238884,-7.651114,19.724771
18.331863,15.098742,54.401440
20.051285,14.377620,54.401405
20.106007,16.202715,54.401352
-11.021216,25.913574,20.377607
-11.950354,26.698416,21.881937
-10.338734,26.199554,21.815142
0.433982,20.567696,18.420332
-5.594409,-24.309467,17.794142
-4.771121,-23.681053,16.327652
-31.876457,33.827137,47.309429
-19.314741,-11.129184,17.356396
-18.532513,-10.422333,16.241737
-17.926765,-11.842115,16.381388
-19.675398,21.699591,15.233047
-18.185059,22.308479,14.705031
-25.208572,6.843565,18.357698
-7.487595,23.748468,18.154879
-8.187032,23.263439,16.517767
12.949522,17.314707,54.401505
18.710030,-21.490541,19.070370
-29.077446,32.343327,40.095650
-28.528534,32.940895,41.993080
-27.018133,32.714878,40.713165
15.393553,13.612473,18.626066
38.320469,-10.166260,42.824364
38.365227,-12.376432,43.566391
-49.307537,15.722154,46.043629
-49.979279,13.694109,46.612034
20.316858,9.493612,19.585131
21.047268,7.843617,18.461529
20.002413,8.413144,17.288607
24.310102,-9.303353,17.095186
25.743227,1.677184,21.234295
24.878563,3.359865,20.898844
-7.509504,-32.479630,54.403114
16.057009,-23.131729,18.613445
22.205446,-34.218384,41.864391
20.429323,-34.563152,40.776695
22.128082,-33.547131,40.023209
-27.473253,31.956038,38.228016
28.539778,8.502584,54.401447
26.743654,8.157515,54.401424
9.306577,-32.207584,54.402832
10.857135,-23.663414,16.264585
10.379315,-22.465628,14.878615
-21.131168,-8.399831,17.926348
-19.798512,-9.102480,16.931047
-23.857393,21.457478,18.733332
-22.662186,21.628286,17.712019
-23.597326,20.206562,17.736532
-21.813442,26.361238,22.060894
-19.930456,26.974026,21.901548
38.997749,-9.142678,44.713013
-23.710762,14.071163,16.005232
-5.538720,-28.851482,24.614527
0.969898,-27.655550,19.500317
-0.220268,-26.539387,18.248531
1.622452,-26.543509,17.886038
-13.690711,25.831038,18.668877
-25.374794,30.568521,33.242947
-23.832855,31.121258,34.463314
-23.453602,30.485270,32.284809
10.993356,16.654350,19.425772
12.311157,15.476417,18.345633
27.166044,9.945674,54.401436
-14.336721,3.203051,54.402504
2.863403,-27.386330,18.877827
7.657820,17.516781,17.914331
8.024040,18.135153,19.623442
9.400098,17.030306,18.509956
-22.811148,18.167707,16.046452
21.738213,7.913172,19.947470
-21.545555,-16.857590,23.517277
-22.207863,-17.737549,24.737871
-23.042181,-16.184427,23.777014
-23.072968,-11.981558,20.935801
-23.516058,-10.220007,20.522083
-21.821577,22.965639,17.999645
-23.209532,23.098379,19.375988
-21.448687,24.308836,19.018534
13.984260,14.936046,19.438805
4.593032,6.668816,2.538588
4.088172,5.185310,1.669142
2.873408,6.617925,1.989636
14.195629,18.599661,54.401436
12.591887,19.056919,54.401485
-25.019442,3.964843,18.876541
22.913813,6.504062,20.385590
-13.117652,-19.738598,19.176554
-8.415022,-32.559067,31.709122
-21.921623,-5.288218,17.870447
23.868280,5.115590,20.643950
26.098591,-12.854115,21.119287
24.184116,-15.463626,19.902740
-11.616026,-20.462498,18.269777
-10.000566,-21.338619,17.575577
-21.031191,22.080334,16.598797
-3.786948,-25.093719,17.731836
-2.727835,-24.200647,15.995148
-1.528850,-25.437908,17.170168
26.384382,-0.090200,21.360828
-45.298367,-34.953568,52.813637
4.606019,15.685184,54.401741
2.816853,14.961249,54.401779
-15.306872,21.914623,13.023460
-16.142504,20.603170,12.257256
-17.044500,21.561577,13.441677
26.399086,-11.455452,20.969017
-17.898584,9.824203,9.772891
-1.010365,21.455700,19.086346
-23.152676,-3.844218,18.722754
-11.925306,25.552361,18.812004
-12.698256,24.938555,17.111147
7.841459,-27.072716,19.010344
6.158460,-26.492466,17.946354
18.828154,11.411003,20.204891
17.021551,12.849966,19.779032
-5.556892,24.216581,21.246288
-26.749105,10.343968,19.315533
-26.124081,8.640334,18.926989
-22.205574,-7.080401,18.524296
27.134138,-12.085565,22.418911
-50.515526,-14.290304,50.970066
-51.252693,-13.986913,52.708420
-50.986469,-12.403606,51.350887
12.880440,13.303066,14.649872
29.495173,-29.185188,42.400475
28.109852,-30.691961,42.763348
28.171530,-29.707655,40.806099
-26.710184,17.224890,19.714231
-26.188681,15.677945,18.820658
9.518972,-24.800604,16.928926
11.106358,-24.949760,17.719027
9.834980,-26.153296,18.549208
32.652943,13.894205,51.215664
31.072435,15.351178,50.654713
-17.814362,-18.060495,22.161268
-18.542521,-16.788473,21.287626
-17.270006,-17.196112,20.589924
-18.379137,-15.730134,19.986736
21.870363,14.842237,54.401360
27.032740,-1.744435,21.822681
-23.984272,31.553850,35.998791
13.420207,-25.832592,19.846121
14.740866,-24.563173,19.231075
27.011486,-6.568969,20.954634
26.803377,-4.726538,20.675575
-21.505756,2.196345,15.675246
29.431856,16.574608,50.241917
23.874702,10.623682,54.401394
25.861750,11.691524,54.401402
-10.568793,-21.888906,19.168463
-43.871929,-35.923973,51.579674
-44.469460,-34.173138,51.190273
-43.109024,-34.893974,49.956814
-22.270992,20.052362,16.386589
26.800631,12.113764,37.097004
-4.445678,8.432051,54.402115
28.706017,-20.238115,54.402039
26.817776,-19.658648,54.402065
27.686369,-21.342026,54.402103
17.613672,-33.209999,54.402615
-25.899370,-16.445391,25.541607
-26.626556,-15.043547,25.003731
-20.878754,-43.589943,43.360657
32.574986,-20.626106,36.548363
17.115025,-21.872488,18.139185
-23.285761,-5.610861,19.161814
-24.200304,-0.428563,19.072189
-23.005415,-1.945621,18.234591
27.786394,11.531924,54.401302
27.372246,13.022877,54.401272
25.447191,-14.550158,21.087305
11.558069,-32.486038,54.402775
13.829705,-32.822514,54.402729
-7.178087,22.194113,15.255046
-9.102026,22.726044,14.883507
-7.196668,-23.578815,18.049500
-7.947922,-24.033186,19.498644
-8.919644,-22.780815,18.587996
6.489967,19.158787,20.499763
5.022297,19.293270,19.472179
-26.134743,3.739186,20.023937
-25.737528,5.339619,19.256926
-14.538759,-19.161942,20.181089
-15.770601,-17.685896,19.595007
12.174559,20.696255,54.401493
10.877646,19.840298,54.401524
-13.875837,-10.682774,11.161488
32.575230,13.400496,54.401199
-24.245047,-12.746483,22.169762
-22.809353,24.817162,20.776783
-19.781628,-14.080128,19.709272
24.779207,4.929918,22.293863
23.760952,6.325107,21.905735
-51.213856,2.730898,47.866604
-50.827713,0.553742,47.096661
-51.484097,1.056808,48.674061
36.477436,-14.296232,54.401833
34.521282,-15.535549,54.401878
-9.196094,25.397236,20.633444
-8.963270,26.041000,22.751329
-7.387661,25.165686,21.875576
13.748115,23.223436,49.985027
36.558777,6.271664,49.389118
36.165657,7.857245,50.526577
37.161190,6.326123,51.355553
20.265245,-21.017691,20.062479
3.551247,20.217201,20.265551
1.899449,20.395983,19.263857
-25.349430,13.958884,17.726685
-26.845415,13.815697,19.294493
-20.732927,-0.661744,15.628389
22.531761,-27.780500,54.402386
-12.407078,27.375957,23.671675
-10.580834,26.723337,23.208986
26.652037,1.521112,22.891012
25.783615,3.270553,22.618294
27.088606,-10.348661,21.711479
27.043423,-8.575083,21.209448
-24.741348,20.357248,18.950609
-2.474647,23.053204,21.442938
-4.021507,23.964577,22.209721
-6.820487,-26.720598,54.402973
-7.177015,24.385008,19.990526
-8.597046,24.613455,19.167940
-5.473593,24.925913,23.313986
18.836588,-34.690247,39.607449
18.877441,-35.372173,41.611656
-3.453295,15.655163,54.401909
-5.149532,14.809071,54.401970
-3.768089,13.659296,54.401966
-23.645782,-7.231134,19.794458
0.432643,21.298281,20.000671
-9.519440,7.052926,54.402283
-8.282622,-34.258724,34.337101
-23.062773,27.097801,24.213556
-20.983706,27.488079,23.516771
39.795567,-11.961349,48.102169
-26.598867,6.823757,19.779341
-52.409542,12.725502,51.555119
29.393480,-30.103081,44.274822
27.363604,-3.544957,21.882626
-35.066879,-15.424899,30.944670
-36.450516,-15.917519,32.244389
-36.542152,-13.894045,31.658031
-23.529728,18.983351,17.080826
-26.417147,2.045933,20.655529
-25.245913,2.414920,19.468550
-25.381334,0.648137,19.968370
-22.324852,-50.769012,50.050625
-18.245485,34.547581,48.064087
-19.847771,35.101738,49.338581
-18.493132,33.867569,45.766640
-16.528969,33.974125,46.949459
2.291199,4.918760,1.109004
3.626438,3.355031,0.931455
2.488173,-28.435652,20.362125
22.622791,7.810731,21.647057
-11.254535,-22.535288,21.053673
-12.204721,-21.096197,20.065111
28.943773,-28.055311,39.261280
29.469137,-28.466402,40.942917
8.122758,-38.877174,54.403366
-25.985466,20.383949,20.234631
-12.261675,2.493810,54.402470
11.504241,17.144247,21.309744
12.718379,16.070919,20.310587
16.406769,15.756041,54.401451
-21.450275,28.222446,25.352730
-19.562082,28.274889,24.669661
-25.442041,-0.987214,20.316027
-24.257013,-2.392173,19.476755
12.725447,-0.816294,4.956371
13.388117,-2.141295,5.461954
11.965495,-2.395678,4.530700
-15.975894,-18.678761,21.179693
14.216946,15.500331,21.216574
15.562716,14.298314,20.518164
8.754641,-18.947151,11.065444
9.309848,-17.582388,10.157649
-21.733938,31.004292,33.834000
-20.452427,31.298237,35.167454
11.677134,-26.041367,19.190802
-12.862202,26.337029,20.239624
-24.370016,-4.171680,19.863260
26.590439,-13.945029,22.465504
24.741003,-16.450878,21.375061
-0.676895,-28.155724,20.710098
-0.946193,-27.236574,19.459402
-35.031620,-17.176800,31.646269
-33.680397,-16.698219,30.430935
-28.298780,13.800797,20.820015
-27.424673,12.009163,19.885998
6.002604,-27.637281,19.348375
-0.987646,22.223482,20.852873
-6.576255,-24.591112,19.035400
-5.262767,-25.418736,19.202135
-28.127096,10.280784,20.745438
-24.876890,-7.601552,20.885618
-24.653595,-5.836731,20.374905
2.504914,-25.488552,16.495747
-28.131662,17.337980,21.238533
-27.560184,15.579498,20.244017
-23.960066,-8.659948,20.391500
-19.729132,-17.100433,22.569204
-24.074919,1.205047,18.608089
29.491257,12.460485,54.401272
29.034777,10.378628,54.401321
-13.581532,-20.305420,20.660770
21.396187,9.227257,21.385166
-20.356062,-12.025313,18.789854
27.377068,-0.416946,23.076923
14.367318,-15.309686,10.983863
-6.187938,-31.768328,29.662832
-7.907495,-31.573238,30.083881
27.736870,-5.555840,22.257200
13.689660,-26.878498,21.232170
15.095420,-25.791126,20.829502
27.916748,-7.539767,22.587004
28.617016,16.427519,54.401089
-10.223243,25.107418,18.946262
-28.132082,1.850490,22.263847
-26.738140,0.228831,21.282070
-9.639650,-23.215780,20.116909
-45.020584,-32.151241,50.596809
-25.812267,18.953455,19.375278
-25.593327,24.574402,23.087326
-23.937702,25.387541,22.473465
34.583691,-25.864847,50.855038
-18.936567,4.618813,11.854182
-23.094790,-18.660555,26.054935
-24.038363,-17.135721,25.128357
-25.658508,-2.763263,20.778994
-19.953918,28.885328,26.426111
-18.015179,28.775763,25.856035
20.147194,-37.065819,48.746529
21.949162,-36.187752,47.912758
-18.677647,-18.796679,23.717419
-9.196077,4.110897,2.406705
-9.053777,5.958035,2.619618
-7.464698,4.906998,1.793286
-26.781036,-1.451427,21.575808
-2.133729,-26.380976,18.721132
-27.472181,3.732420,21.299856
-27.009968,5.190757,20.545843
6.525829,19.879612,22.319582
4.969424,20.130075,21.356274
26.002876,-15.709462,22.666245
25.713938,4.637784,23.881296
24.616568,6.228530,23.569735
37.019657,4.515782,48.405354
36.051445,6.088520,47.576225
-27.151808,18.969999,20.776228
20.347218,10.379502,21.295664
-51.801128,4.460968,49.265095
-52.345581,6.040369,50.611485
-51.617844,6.430890,48.849819
22.445044,-21.299393,22.694139
20.866074,-21.920727,21.567694
27.914175,-2.106093,23.333708
3.530635,21.040422,22.219868
1.941743,21.145735,20.984762
-26.326328,-8.043025,22.133982
-26.030642,-6.345822,21.600863
21.165949,16.969643,38.562737
-38.763470,-24.127226,38.321720
-37.426117,-25.286356,38.010860
27.670284,0.933655,24.464928
26.835720,3.067046,24.537828
-9.221368,26.668560,24.490139
-7.548563,25.907434,23.924875
1.969055,26.558289,47.416279
-25.825182,-4.579792,21.174034
-18.818357,10.365424,10.741076
27.894587,-9.337120,22.816698
39.298645,-13.164414,46.958340
-16.365255,29.043249,27.121855
-14.595834,28.613968,26.454189
-24.988628,-9.603618,21.462093
8.419533,-34.106548,54.402874
9.795742,17.713713,20.544315
21.048288,13.141474,54.401413
-26.150229,12.051850,18.547636
37.518013,4.747512,50.390541
0.462215,21.954054,21.557833
19.898518,-23.534775,22.272194
-49.774784,-18.242817,51.127586
-49.488003,-20.147667,51.481613
27.795876,-10.951788,23.094908
-4.913122,16.459141,54.401924
9.718755,-38.689682,48.513039
-13.432432,19.736179,10.660007
-15.330742,19.397947,11.045395
-14.451454,20.810234,11.791860
12.199743,-27.021105,20.595663
1.997651,26.955536,49.527191
3.414527,26.158247,48.448414
-3.719561,-26.261091,19.394674
16.709167,13.838203,21.528172
-16.995390,-9.434179,14.174169
-17.411442,-10.649223,15.184631
20.793615,-6.833479,12.297531
21.863415,-6.451718,13.427965
21.168152,-8.346704,13.006420
-19.171852,27.673573,23.053680
-8.366568,-38.865166,41.772007
-18.687918,-12.934156,17.850573
28.344334,-4.263112,23.527798
-26.970175,-3.235278,21.972771
2.406575,-29.505304,21.997084
0.827462,-28.799114,21.211445
23.506256,7.605119,23.213112
22.290159,9.073570,23.044596
-49.208405,-21.693745,51.709328
-48.641212,-21.332478,50.240749
5.240380,-39.715363,50.704155
27.763603,9.996091,35.245304
19.733873,11.393847,22.079952
-26.975258,-17.383472,26.798561
-27.489834,-15.864388,26.021391
7.539569,-19.829191,11.426393
-27.287733,20.489529,21.640251
-6.699751,-25.508993,20.544582
-27.994436,-2.224730,22.727606
38.075436,-17.840357,47.243790
37.519783,-19.613052,48.001671
37.255604,-19.233614,46.294865
-2.504606,-27.460052,20.486576
11.866170,17.621794,23.157204
13.171596,16.506876,22.150087
9.315161,19.045134,23.462948
10.385450,18.162491,22.468063
8.368055,18.823418,21.658287
-13.023054,-21.612373,21.890263
26.601776,-16.644678,24.217924
25.379604,-17.354343,22.962856
4.272578,-28.060549,19.758615
4.065865,-29.106649,21.247070
26.145269,19.015131,50.981693
24.661469,19.231546,49.506599
24.530134,19.935429,51.257278
-28.501167,19.008930,22.208494
-21.409290,-12.891156,20.186014
-11.809367,-23.112738,22.554750
-10.208922,-23.893051,21.805426
14.507119,16.001116,23.082167
15.688635,14.887685,22.257891
-5.139291,-1.279059,0.815155
-6.864441,-0.350684,1.334259
-4.855889,0.433099,0.601918
-27.353163,22.105059,22.710714
-26.230488,23.165180,22.390045
28.068665,-12.080960,23.967333
27.381775,-13.358074,23.414299
27.123646,-14.827932,23.816425
-28.853722,11.882469,21.373081
24.554466,-19.175802,23.345905
-24.221462,-19.658102,27.457859
-25.099447,-18.066614,26.440432
-28.588024,31.474463,37.218010
35.583607,9.501156,51.332336
34.967621,9.372090,49.421265
-13.770665,1.105072,54.402534
18.227119,12.779095,22.028479
-27.108751,-5.022777,22.308022
-25.987953,-11.255214,22.745228
-24.369560,-11.206697,21.546818
-26.505627,-9.555603,22.612726
-0.662626,-3.559373,0.416716
-0.163640,-1.578041,0.085585
1.408790,-2.743730,0.336989
-29.436417,10.106980,22.092604
-29.075840,15.569139,21.836445
-27.646915,-8.457832,23.256035
34.316410,-24.516916,54.401707
-6.087763,-31.903601,54.403069
-16.174952,17.796263,10.531205
-15.318330,16.222076,9.275372
-17.290543,15.861901,10.414577
1.631372,-0.450672,0.127858
0.000000,0.000000,0.000000
34.255722,7.459038,44.619755
34.870529,7.666315,46.530899
35.483868,5.804518,45.530258
28.707502,-6.250787,23.966383
1.518064,22.119766,23.002865
-28.185720,7.025694,21.313295
-27.352503,8.537917,20.204687
-0.508793,-29.183144,22.249218
-28.027529,-3.677377,22.921879
27.199087,-17.669874,25.867678
27.829420,-15.643196,25.427336
28.461554,-16.228930,26.790157
10.246142,-2.770435,3.538205
9.591978,-4.725186,3.556152
8.382845,-3.040747,2.587942
-6.145638,25.798086,25.231047
-4.696573,25.150940,24.893656
33.480587,-22.906069,54.402077
32.361042,-24.423309,54.402233
30.915106,14.091180,54.401112
29.000175,14.569271,54.401257
-44.352234,-1.218900,37.267227
28.371832,-0.915779,24.720688
14.217422,-27.992140,22.972733
15.328593,-26.792953,22.184292
8.597611,-38.280811,46.850334
-17.134075,-13.771603,16.897905
-26.574291,25.051352,24.527290
-24.939545,26.058533,24.224541
-43.247517,0.079912,36.013069
33.734451,10.931360,48.693768
-9.211750,-25.213333,22.597403
-8.582014,-24.595711,21.033604
-7.860536,-25.680874,21.899969
-8.976065,-43.006371,46.359821
-10.589623,-42.448952,44.866875
-8.637042,-41.385220,44.786217
-11.678715,-33.540791,33.659622
-10.489716,-32.387024,32.063107
-9.291115,-33.523247,33.275143
28.850183,-8.227009,24.301218
5.244614,20.754509,23.257183
-50.726238,3.738850,46.693584
-51.147919,4.963206,47.675209
-24.573917,27.116774,25.443516
-23.294481,28.097677,26.221365
-29.021933,0.591389,23.256672
-28.014931,-0.195222,22.481331
-38.431808,32.674583,51.107868
-29.016508,3.686712,22.746250
-20.277203,29.487038,28.320599
-18.353682,29.364647,27.811657
6.722034,23.604868,41.074387
8.042701,22.991531,40.314266
6.648115,23.369637,39.200737
6.584745,20.454405,23.978065
26.470377,4.808619,25.615477
25.398357,6.171441,25.118639
-18.935629,-45.724293,45.287983
35.262451,-23.151636,54.401653
-51.954319,2.446635,49.764706
20.576765,11.293769,23.698093
20.973885,10.315157,22.527094
-11.821939,-34.906147,35.217747
-13.378536,-34.032394,34.451569
12.358013,-28.144091,22.097485
10.728682,-29.375320,23.045471
-35.235687,-23.412762,35.345482
-34.672253,-25.182455,36.165905
-36.319382,-24.390129,36.667332
28.889923,-2.763427,24.930710
23.435318,-22.064346,24.645395
23.767143,-20.516611,23.547169
21.728155,-22.856901,23.465548
17.932779,-38.369400,51.402878
17.595938,-38.849552,52.991211
16.109745,-39.007042,52.144062
25.667156,-28.254562,54.402412
20.946968,-5.315251,12.279978
19.924484,-4.268123,11.126104
20.992901,-3.431297,12.292503
-11.725729,23.963625,15.684913
-10.887637,24.644791,17.408566
-9.938014,23.690310,16.102158
-0.869037,22.992445,22.892860
-27.472939,-10.242168,23.526415
19.412548,12.268551,23.357759
27.982637,2.127239,25.982018
-28.636963,-5.233296,23.602093
-27.457039,-6.630136,22.804991
30.567125,-28.117392,54.402145
28.785789,-29.039595,54.402401
-13.446655,28.656982,27.524693
-2.641325,-20.187206,11.183719
-0.953637,-19.454283,10.125574
37.905930,-21.216381,53.189453
-28.042150,-18.199043,27.938711
-28.563883,-16.662640,27.147507
-7.836357,26.575926,25.804834
18.704769,-5.226599,10.015364
17.610245,-4.546475,8.963853
18.792263,-3.502187,9.964675
-5.133351,-28.098652,54.402962
-13.119323,33.735004,48.666645
-11.775343,33.055252,47.647881
35.689892,-12.051992,37.188305
35.557201,-14.020551,37.634266
-16.533705,-19.644062,23.005545
11.237325,14.023169,14.264367
-27.239380,-13.662064,24.629679
-27.362741,-12.083389,24.033123
-25.186052,-20.920813,28.933279
-26.280447,-19.105625,27.840385
20.603806,-24.495180,24.047592
-16.875162,29.572462,29.005491
-14.827246,29.104147,28.251301
-19.882973,9.074211,11.993980
-20.329456,11.382986,12.346768
10.366851,-34.355690,54.402863
9.103123,-35.542736,54.402920
5.460573,-29.859867,22.455175
-10.713596,6.879410,3.620386
-10.750052,4.864776,3.342674
16.998323,14.217103,23.086262
-5.222344,19.952518,12.893191
-49.758415,20.248039,49.507496
-19.582327,-19.550646,25.142109
-20.586357,-18.100727,24.199717
-28.571644,20.908289,23.209690
29.279509,-4.847189,25.142263
24.296932,7.619207,24.909563
23.049454,9.001954,24.553228
21.751093,10.287853,24.166182
2.318113,-30.324100,23.389421
0.774089,-29.842215,22.915585
1.020446,-38.651302,54.403187
2.532645,-37.207825,54.403061
-30.188459,0.330278,24.317192
-29.135309,-0.997338,23.564665
-3.687119,24.498352,24.077814
-1.790684,23.976213,24.674765
-2.625012,23.741844,23.089506
20.523233,-33.822605,38.938133
21.926682,-32.856537,38.178810
-8.720499,-35.201366,35.849758
-8.960045,-36.169647,37.364697
-10.489012,-35.694344,36.293961
-28.593596,22.484749,24.247950
-27.141705,23.525677,23.605640
-29.444717,-2.935794,24.044369
-21.381226,4.162352,14.938234
36.244099,-12.029822,54.401749
38.030087,-11.226646,54.401684
-29.842306,19.277361,23.728004
27.397005,3.575027,26.147335
36.728687,1.271243,54.401424
12.139041,18.099907,25.066067
13.387166,17.081470,24.163853
9.159490,19.682016,25.179760
7.934997,19.744070,23.628021
28.680553,0.318852,26.015881
5.041699,-30.601130,23.666985
3.745990,-30.151777,22.917801
25.902647,-18.364586,24.522495
-40.043663,-46.067646,54.402245
25.023722,-20.316509,25.008842
-50.905121,21.256781,52.756210
-50.753708,20.031029,51.357998
14.813522,16.410290,24.853567
-28.986101,-9.155070,24.443525
-10.757673,-24.493851,23.246696
-28.842239,-7.354734,24.031557
-30.762699,9.985029,23.433052
29.537279,-6.703195,25.450510
11.246407,-30.216707,24.576370
9.871902,-30.352772,24.226858
-17.031130,-6.458370,13.078307
-15.776953,-6.912786,11.736290
-12.317592,-36.259323,36.763031
-13.664105,-35.345840,35.761044
-12.075752,-23.922899,23.896976
-29.380150,6.025801,22.658224
-29.682213,8.003558,22.613838
-16.388565,-20.905184,24.404160
-14.808505,-21.452532,23.632322
31.563902,-22.565361,54.402027
32.634441,-21.137136,54.402000
-1.802089,-28.491348,21.708534
5.341239,23.755178,38.102684
6.902068,23.027763,37.362820
5.651384,23.382261,36.097664
14.483461,-28.993759,24.542738
12.554760,-29.215092,23.693037
-2.099321,-29.208742,23.014397
-8.211221,-26.436600,23.313955
-28.534288,8.826120,21.350309
-4.774484,-26.781916,20.893566
26.952087,14.896728,54.401318
-7.353932,-30.749479,28.611174
-28.138271,-14.446020,25.601467
-28.553167,-12.769378,25.131302
-26.687977,-21.857965,30.253197
-27.511442,-20.146528,29.204762
-5.392508,21.703775,15.763714
-4.443073,20.613806,14.535369
-6.188139,21.103554,14.079878
29.346066,-1.522860,26.280636
-6.434207,26.446728,27.099903
-4.619561,25.621807,26.530088
39.104267,1.827341,52.180042
-26.030437,26.443239,25.701319
34.908539,-21.615345,42.517849
33.969822,-22.471516,41.323734
-13.053485,34.189205,50.468933
-29.711578,-17.595182,28.396971
-9.817721,-25.881250,24.098232
-9.727012,-31.456215,30.681101
-33.846573,18.312948,27.526869
-34.734203,16.819321,28.001238
-3.156730,24.832380,25.727585
-20.429813,-20.361090,26.435297
-21.262585,-19.121737,25.620260
5.523956,21.280897,25.143854
-6.739066,-26.690432,22.342329
4.580349,20.852827,54.401623
5.479232,22.445066,54.401577
22.406788,-8.165448,14.355469
27.306160,4.802623,27.279959
26.219791,6.225656,26.862751
37.573158,-15.342984,43.011776
37.707397,-13.564973,42.288574
38.261353,-13.985138,44.085426
21.160191,11.513185,25.434433
7.507679,20.480850,25.298359
-20.501764,30.036997,30.203438
-18.667725,29.840515,29.545122
-50.076859,0.616878,45.433563
29.862780,-3.554799,26.500462
11.437494,-17.233580,10.815414
23.489388,-23.624615,26.340038
22.054857,-24.039267,25.111549
8.553126,-30.857346,24.657734
27.206202,-33.594894,49.339977
25.533268,-34.491856,48.380741
-30.148998,-7.952272,25.175985
-30.430777,-9.708284,25.691471
-6.977685,-28.777666,54.403023
3.498406,25.749758,46.478951
19.770535,12.559173,24.817867
18.491053,13.341763,23.973928
24.033440,12.629428,54.401379
25.524055,13.787951,54.401306
-29.842077,-6.402645,24.730217
32.841187,-24.080822,40.935452
-50.603912,-9.137933,48.967052
6.583745,20.996572,54.401581
28.985144,1.641584,27.545584
28.173134,3.307811,27.416117
-9.041744,-30.484543,29.152149
-10.718883,-30.164749,29.658388
-24.038027,-42.668530,43.198830
18.932463,-34.007103,37.896328
23.418758,-3.168423,15.426239
-30.768705,6.586586,23.884651
-30.114990,4.916627,23.546505
21.070385,-25.405352,25.592789
-30.440199,-4.574766,25.043367
0.593296,-20.090557,10.645302
2.377673,-20.545927,11.117171
-28.305676,33.522583,44.147453
-10.732755,22.986170,14.479164
-8.037753,27.133652,27.584318
37.713585,-20.276093,50.271568
10.690459,18.611689,24.218342
-40.988403,-27.804270,42.663486
-40.850307,-26.654764,41.767601
-14.858446,-20.016956,21.793638
-13.133666,-22.794762,23.597239
-11.379786,-25.239080,24.795189
17.390499,14.611541,24.964651
-17.082596,30.086731,31.086649
-15.192532,29.610888,30.168310
-43.105949,-9.855187,37.037079
-18.469454,-6.089464,14.594645
-17.781940,-7.840323,14.410968
-21.161430,-45.139755,44.744461
15.851953,15.396246,23.971783
-30.476955,-1.476783,24.776875
23.631969,-7.773215,15.827459
24.026432,-6.067148,16.183084
-36.504578,-39.630352,47.118050
-37.859013,-38.367805,47.247150
-36.766918,-38.204227,46.280857
7.988933,-16.465900,8.793225
35.966717,-22.466396,47.543221
-17.919119,-20.125559,24.690033
37.244583,0.185031,43.994019
36.575771,2.348212,44.275200
-28.865473,-10.876170,24.745325
-29.079634,-15.269747,26.630251
-29.682936,-13.523189,26.217377
22.520235,10.333772,25.900824
25.043013,7.692068,26.564859
23.918985,8.939774,26.273586
30.205711,-5.538505,26.737682
-28.305794,-21.415068,30.519428
-28.218966,5.163590,21.715338
36.289860,-14.472202,39.360085
36.495625,-12.577194,39.010365
29.954782,-12.310032,27.229336
-14.180585,-36.676315,37.094017
-8.779320,-27.197748,24.847168
3.502839,-31.032276,24.521948
34.801205,-21.500399,54.401981
-29.623835,22.939631,25.629391
-28.137924,24.073547,25.074753
-27.613329,-46.729038,47.629742
-28.769636,-47.636646,48.834335
-29.190771,-45.896770,47.580563
-32.788757,11.594322,25.380812
29.700085,-0.234240,27.633436
-31.573490,-0.008080,25.566528
-30.758028,-2.872623,25.155148
27.795403,10.948022,36.819565
28.943752,10.569695,38.245403
29.068499,9.515595,36.835663
-32.021435,9.939428,24.685955
-29.441792,-49.098263,50.323952
-30.324163,-50.322449,51.693935
11.001256,18.964415,25.873299
-10.127126,-34.496658,34.683006
-13.383069,-32.860153,33.348000
-21.367277,-21.296490,27.760843
-22.219652,-20.055210,26.980127
11.614078,-31.044659,26.163916
10.014770,-31.031500,25.444925
15.000324,-29.921989,26.318745
16.405046,-28.735035,25.577477
12.980245,-30.177149,25.417231
-12.836719,34.541389,52.359325
20.814926,-26.519999,26.679659
22.472712,-25.189356,26.891340
36.997143,-1.040813,42.253502
37.860748,-2.060930,43.942623
17.702511,-28.644901,26.534040
19.261305,-27.648149,26.581699
28.958078,8.375358,34.990059
30.286915,6.677030,35.193531
29.017866,7.068368,33.332848
5.400802,-31.347427,25.061104
-30.970383,-6.576129,25.683180
-21.944122,28.957911,27.371786
-18.296968,-9.106186,15.437587
-14.285268,-22.812641,24.743692
-10.556063,-26.583181,25.620453
10.284889,13.630612,12.770481
9.290751,14.719873,13.819316
-3.156133,25.414707,27.730062
38.481503,-8.174993,43.204601
20.127504,-9.835199,12.421707
18.821760,-9.732574,11.217427
19.588753,-8.095605,11.380061
-8.306325,-29.527472,27.492643
33.262512,-10.501088,54.401768
-17.168589,-21.469557,25.615791
-15.634581,-22.106621,25.132071
-17.806978,-14.820164,18.529554
25.764860,13.241671,37.438358
-6.582027,27.016224,29.051931
-4.837711,26.206936,28.346027
30.329098,-2.216926,27.832188
2.603130,-31.782953,26.197798
-29.548428,1.929538,23.524893
-6.974948,-27.636177,23.918869
-5.329206,-27.895985,22.995480
-12.241902,-25.814436,26.189419
-13.178258,-24.036997,25.095852
-32.342903,-9.785697,27.243048
-31.486374,-8.197635,26.301813
-26.619579,-48.054073,48.419426
-30.208197,-15.975608,27.724960
-30.675652,-14.481067,27.307455
20.861591,-29.557737,30.980185
3.763447,-19.197414,9.994122
4.244196,-17.634140,8.699964
11.480434,-8.773280,5.891703
9.784389,-9.161165,5.172677
-50.628727,-17.314697,52.704048
-50.105968,-16.185575,50.877415
17.394741,-10.715244,10.464952
6.971050,-37.381397,54.403072
20.224745,-30.131945,54.402458
20.687090,-28.281170,54.402416
-50.455769,2.262045,46.131279
-33.377747,9.988406,26.018572
-32.624020,8.359828,25.421057
0.602602,-31.702000,26.562914
-14.318025,14.946407,8.154202
-41.708115,-11.117954,35.823925
30.805893,-4.081354,28.105240
30.590746,-10.951926,27.866819
7.600043,-4.849445,2.613225
8.465193,-6.338041,3.455516
-11.912889,-41.856075,43.507179
16.180477,15.813582,25.851435
-21.031401,30.514841,31.970575
-19.155533,30.350443,31.488642
37.089638,-13.247750,40.601048
8.606620,-31.681463,26.210785
7.096670,-31.495741,25.516626
6.893778,21.204903,26.871111
-30.012896,-11.705802,25.838339
-32.007935,-2.128054,26.155342
28.256506,4.423739,28.722389
27.246120,5.961277,28.552969
-30.600361,3.612336,24.209047
-31.974674,3.525712,25.466660
-31.517660,5.198577,24.802361
12.460768,-11.698969,7.769062
-31.544495,-3.634992,25.892433
-44.025261,-22.159069,42.677128
-10.118884,-17.631359,12.695313
-10.966445,-18.239618,14.277886
19.049805,14.210162,27.371330
20.341335,12.899514,26.831722
18.736156,13.836962,25.758831
-32.165718,6.757590,25.181349
-31.290634,8.370557,24.131001
-21.787434,7.736578,14.420352
-27.878273,-22.832674,31.441185
-26.592714,33.277176,42.759708
-24.846399,32.980473,41.457344
30.060625,9.234646,38.254578
29.907650,10.433587,39.794308
-9.520919,-27.984825,26.426765
29.995173,1.038690,29.039366
29.215227,2.832913,29.000355
5.729995,-32.165813,26.782715
4.252101,-31.746515,25.893858
-7.253591,-28.795252,25.793324
-3.801778,-29.137234,23.886221
-3.425957,-28.227213,22.191948
17.600912,15.090856,26.737055
-9.170585,24.202419,17.702061
-31.851202,-5.009583,26.270388
-22.184175,-22.274216,28.956537
-23.173977,-20.930023,28.176807
-50.825493,-10.613830,50.150574
-50.199200,-12.863334,49.506218
-32.667530,20.136248,27.042788
-1.630120,-0.520491,0.066587
-0.987134,1.196557,0.037870
3.262551,-11.977118,4.379773
-11.578165,-27.516996,27.430544
8.488304,20.447462,26.724230
-27.176600,29.853909,32.445431
16.273676,-3.892771,7.782761
13.594103,17.480013,25.796902
23.547564,10.158679,27.683514
22.076599,11.440010,27.201303
18.588570,-29.201942,28.172041
16.622938,-29.742132,27.282255
25.942631,7.507247,28.094658
24.712111,8.947488,27.896200
5.056042,22.028288,27.032433
-3.268074,25.901318,29.450403
15.452332,-30.898460,28.310923
13.481232,-31.125401,27.355682
-34.021889,11.578803,26.614536
-0.801614,-37.793941,54.403076
-19.605261,30.841404,33.438942
-18.550556,18.866856,12.642859
-31.167231,-16.972952,28.881176
-31.665749,-15.475506,28.438309
30.331953,-13.975083,28.545166
-16.460508,22.901594,14.394555
-14.524936,23.165068,14.191406
11.707146,-31.990736,28.031574
10.182660,-31.820658,27.008492
30.629705,-0.777827,29.092051
29.586056,-15.861415,28.336309
24.736275,-23.278027,27.528353
23.878683,-24.427155,27.693726
28.369476,-17.899160,27.792988
-7.039197,-41.788010,46.117554
-32.235592,-6.588257,26.739561
8.854076,-10.499300,5.366945
-45.987152,4.004250,38.901299
-33.132233,7.226331,26.034309
8.624355,-32.392979,27.716576
7.455631,-32.097553,26.812807
-31.029295,-12.699683,26.899479
-31.329618,-11.111601,26.696556
18.552315,21.583666,49.371185
19.586666,21.651524,50.756474
30.668205,-20.589010,54.402000
-2.959228,-18.807610,9.852598
1.815918,-32.411915,27.836296
-32.986103,5.291173,26.143105
-37.932613,-41.281086,49.429405
9.682076,20.288342,28.313850
9.809658,19.816748,26.729109
-14.980111,-23.421633,25.981106
35.342075,-24.369314,49.855976
36.220501,-23.291300,50.957314
-33.103939,-0.263252,26.922737
-35.289040,18.630871,29.135702
-51.628723,-15.900476,54.402191
35.884018,-21.973885,46.136192
35.170330,-23.308395,46.288757
-22.065107,29.594284,29.144640
3.827612,-32.421612,27.455479
-18.880709,-20.910925,26.139927
-31.174393,1.773248,24.995222
-3.846917,-34.838154,54.403072
18.396360,19.978228,43.763432
17.207888,20.897520,45.441467
-13.979193,-24.939320,26.693199
-4.971154,26.769545,30.403713
-47.894192,25.462505,51.656242
-46.696396,26.296999,50.464520
29.408785,15.002607,47.005630
30.153244,13.794922,46.050968
-20.123056,-50.751335,49.966003
-19.177561,-49.356121,48.694092
-17.474075,-50.508217,50.040272
-11.807248,-28.891830,28.954153
-10.262133,-29.027912,28.148066
18.895769,-30.208033,30.063581
31.229336,-2.548635,29.384418
-20.515541,0.715532,15.000647
-11.015796,-21.461123,54.402958
-18.093550,-22.334343,27.061720
-29.175318,-23.449463,32.386951
-29.535255,-21.958866,31.430958
17.133614,-30.589960,29.121635
-10.371548,31.453852,43.087326
-12.133499,31.701151,42.000134
-13.244268,-26.470728,27.599554
-9.363055,-37.401920,39.117165
-10.946711,-36.834843,37.738155
23.698908,14.001362,35.542076
22.814577,14.086504,34.226276
-23.181822,-23.192131,30.081583
-23.704235,-22.010290,29.308300
-34.622822,9.985194,27.238939
-33.662689,-10.565284,28.467964
-32.386547,-11.712745,27.672318
-32.685658,-8.070393,27.277956
-33.716125,-8.676817,28.218164
16.493816,-38.370708,50.090771
11.604529,-32.845932,29.891695
13.588943,-32.107952,29.366472
-34.092754,6.653976,27.001047
-33.889469,8.497217,26.624332
-15.713068,-24.236706,27.294378
-12.559833,-29.846378,30.270615
23.411676,-25.720310,28.613953
7.281026,21.807795,30.238903
31.382633,12.627851,46.333176
-35.220390,-46.971142,51.644184
31.733196,-4.360831,29.742260
-31.259117,-20.964830,31.503866
-31.849285,-19.316185,30.713343
29.620079,-17.626986,29.517796
19.345234,4.745406,12.735105
20.353342,5.534427,14.755037
16.987221,10.325757,15.056451
15.423176,11.075804,14.034601
21.396915,12.749800,28.646334
20.190790,13.681917,28.391682
8.263087,-33.099152,29.330727
10.048749,-32.628319,28.699049
30.648701,16.408947,52.100914
-20.518974,7.672208,12.969110
-19.505291,7.621324,11.787071
6.184998,21.916733,28.492527
-32.066994,-13.692932,28.007376
-51.151730,-4.423760,48.790066
-50.454315,-5.162364,47.244713
-32.274696,-17.626383,29.950331
-32.409138,-16.372263,29.380281
-32.793652,-3.594004,26.951466
-33.565117,3.396946,26.913467
29.255939,4.218884,30.430843
28.194782,5.764295,30.140759
-42.021305,-26.566462,42.930931
-42.153427,-28.240055,44.196911
30.925255,0.630262,30.531267
11.059394,19.422457,27.616493
13.864200,11.895155,13.423087
-48.223888,25.994469,53.270096
-14.253894,-27.131691,28.849220
-12.819362,-27.772940,28.516947
-15.068858,-25.734997,28.180082
-49.912670,-11.025689,47.991550
-33.533527,-6.996716,27.872967
-33.136448,-5.361132,27.387932
-2.151151,-2.286213,0.301378
-44.446175,27.390118,47.688114
-42.963684,28.936724,47.891102
-41.735001,-39.059677,51.305424
-40.419327,-38.695026,49.740738
1.791638,26.294363,45.448540
-19.724617,-21.681580,27.343199
-34.407932,22.102646,29.888592
-34.070377,20.355009,28.595346
7.991024,21.122856,28.498936
-14.129220,-6.415536,9.500802
-14.784770,-7.237625,10.648305
-15.279759,-5.627505,10.640100
22.539743,13.268611,54.401371
-50.034840,3.698370,45.210331
1.908686,-41.017330,51.308857
5.172340,-32.895618,28.541780
6.989522,-32.717525,28.164118
-6.885893,27.977852,32.694012
-40.409576,-37.077438,48.576473
-39.122963,-37.253925,47.511162
-39.083866,-38.499050,48.376865
-18.958605,-23.151215,28.264153
-36.022415,9.704127,28.612314
-35.489574,11.558096,28.078444
26.877834,7.509348,29.915791
25.539473,8.906757,29.452570
32.082321,-6.099519,30.081102
-16.650721,-25.177523,28.684454
-36.298019,13.083453,28.973948
-35.471077,6.595382,28.290361
-35.035217,8.376897,27.730165
-16.523998,-22.817678,26.525772
17.836824,-8.362914,9.950835
9.147506,20.989384,30.348436
-33.484612,-14.832772,29.494474
-33.712421,-12.708060,28.987061
-34.070938,-3.915294,28.067015
-3.465437,26.505262,31.776548
-1.568374,25.576698,30.921120
-14.351141,-31.861958,32.768387
-35.041267,3.060541,28.269184
-34.134232,1.460487,27.641729
-19.207058,23.073347,16.047800
-32.459465,1.665413,26.145416
10.879006,21.820505,54.401501
-23.690269,29.708910,30.151884
17.543873,-31.502241,31.142124
-34.560589,-0.423140,28.198936
-33.661785,-2.058433,27.567739
0.306963,25.075190,32.244995
30.634529,8.840244,54.401344
-5.256025,27.288788,32.232792
-5.302056,-35.969685,38.208378
-15.182433,-28.048412,30.118795
-13.486984,-28.586172,29.638290
-15.824333,-26.598480,29.341326
-24.381828,36.553776,53.105171
4.647779,22.576992,28.555994
-34.761189,-7.400781,28.958014
-34.641365,-5.613625,28.690977
8.913997,-14.758589,7.919013
-20.539871,-22.571272,28.522238
-35.598709,20.267496,30.135406
-30.437664,-24.174850,33.413830
-30.925776,-22.496431,32.429070
14.229710,22.176497,46.576080
-32.616924,-21.879234,32.830841
-33.064137,-20.166214,31.956650
-25.259295,-49.439781,49.276760
-24.417713,-48.062828,47.840935
-13.489546,-41.413967,42.310028
-11.577536,-40.632393,42.287151
-37.318668,9.553624,29.875090
-36.823681,11.171097,29.394535
-17.580032,-26.087170,29.889986
6.512678,-33.410854,29.946024
-19.945148,-24.006662,29.434904
-29.515289,30.842070,36.096672
11.291939,-33.633888,31.777210
9.821588,-33.358467,30.432837
-14.642789,-4.659245,9.462132
-13.434917,-5.556695,8.292681
-38.043579,12.765985,30.712776
-16.069666,-47.144390,47.163937
-36.984402,6.387548,29.713322
-36.470463,7.976003,29.122015
31.372557,6.318172,36.823261
30.255453,7.978026,36.830349
-3.762562,26.977226,33.531860
-1.858471,26.160416,33.331795
-25.158672,29.857082,31.279703
-45.785019,-26.002180,47.667755
-46.772453,-24.216253,48.223846
32.584435,-4.721397,31.222536
-50.506744,11.721121,47.123680
-49.563374,12.267708,45.365196
27.000881,-24.343140,31.613504
-17.294428,-23.731606,27.850431
-35.573357,-4.123269,29.371410
4.168748,-20.830997,11.599265
-3.369092,-34.687191,35.491364
18.737072,-6.863020,10.319562
-36.565857,2.958945,29.634933
-35.505249,1.139398,28.874041
7.353787,19.092752,54.401596
8.082840,17.235413,54.401623
9.335552,18.779066,54.401577
-29.160154,35.439919,51.596813
15.952731,-9.747671,9.027963
-44.554665,21.874022,41.514336
-15.967612,-28.886471,31.139595
-16.530367,32.772247,42.766254
-15.262053,32.924477,44.032146
-15.317715,32.430744,42.195835
29.246206,5.566786,31.901031
-36.161217,-0.733434,29.611101
-35.150951,-2.323605,28.868406
11.180913,19.822371,29.482557
37.726009,-17.496536,45.524960
36.795376,-19.003780,44.413788
-33.502361,-18.360931,31.159702
33.388145,0.146625,34.945621
32.437878,1.802763,34.314072
-7.224558,30.813856,45.760422
-7.470690,31.331060,47.656353
-9.311584,-16.760880,11.096295
31.680859,11.357903,44.786823
32.688732,10.042639,44.815887
-21.494299,-23.557060,29.732948
14.704822,-38.253399,48.571266
-35.999386,21.818567,31.353289
-45.474880,27.863562,50.837666
-44.629601,-26.006702,45.886837
-28.730698,34.958298,49.791698
-27.398643,35.542831,51.108154
-16.713081,-27.497665,30.488611
-36.153553,-7.965972,30.218966
-35.871738,-6.106185,29.790550
-18.339712,-26.917498,30.849577
-38.615570,9.351596,31.140099
-37.920383,7.779066,30.508131
11.167253,20.251068,31.438728
-38.457134,6.218109,31.094875
-19.298494,31.586231,36.745743
-17.659565,31.368307,36.518490
-32.014999,-43.470905,47.078785
-33.004055,-41.971207,46.516590
-31.278126,-42.450146,45.911293
-14.978771,-32.993961,33.891052
-20.894503,-24.917427,30.526987
35.971664,4.101347,44.641830
32.933735,-6.498155,31.582006
27.893950,7.380106,31.658207
26.479040,9.013999,31.403385
-16.317581,-15.333018,17.429863
9.658635,21.231247,32.940578
8.045207,21.771582,31.897617
-17.944641,17.603580,11.594893
-18.788305,16.236143,11.714881
33.905605,-6.929832,33.322598
-17.059305,-29.870956,32.313976
26.438303,-30.558643,39.505787
25.964598,-29.949240,37.701874
27.386986,-29.192410,38.550686
-25.552361,-24.912884,32.177116
4.627267,23.852392,54.401592
8.976737,20.799347,54.401546
7.480662,22.762215,54.401485
-44.248058,28.397381,49.347980
-7.264588,28.528643,34.632816
-5.542664,27.789471,34.107895
-37.144295,0.849889,30.333796
-37.617813,16.528561,30.919821
-18.178175,-24.577114,29.037807
-33.984215,25.062204,31.635252
11.202185,18.042774,54.401558
-37.634209,-0.961705,30.909674
-36.550606,-2.683164,30.103100
-33.994076,-22.588970,34.067646
-34.520275,-20.768164,33.228191
-22.117329,30.100409,30.692030
-34.790150,-19.017454,32.395256
-7.389663,-36.694225,38.832745
-27.375732,-24.314980,32.362522
23.003029,-9.813158,15.519648
-36.756355,18.358543,30.570522
-37.188354,20.017298,31.682083
34.711281,-7.441672,34.805016
34.012177,-8.805779,33.495052
-34.529686,4.935745,27.599047
37.814812,-11.755992,41.845844
-32.233337,-23.513626,33.758972
-34.851322,23.554424,31.295780
-28.448839,34.432526,47.731716
-19.336340,-27.903984,31.944351
-17.598600,-28.432894,31.559576
25.358238,-23.070263,54.402298
25.916246,-21.179771,54.402370
-42.054733,-37.171688,50.317982
-41.503448,-35.382576,48.480198
-40.016201,9.584556,32.524937
-39.217644,7.859065,31.745747
27.094618,-29.690577,54.402489
-51.485176,-10.637340,51.937054
-37.627018,-8.644798,31.590410
-39.802540,6.037488,32.368011
-38.988075,4.333858,31.705690
-39.630230,13.210320,32.391487
-39.114689,11.187222,31.680786
-21.718479,-25.963600,31.584728
-17.885096,-30.612951,33.138744
-16.273386,-31.600092,33.232357
-28.656624,-25.036255,33.331654
-15.342994,-34.358326,35.099670
33.536419,-5.131567,32.898792
27.445910,-25.044626,32.995766
-47.962799,-26.503349,51.912415
3.441277,25.450912,44.623974
33.991020,-10.760220,33.718346
-3.393867,-35.401329,37.347820
26.654165,-31.429260,41.657696
26.728033,-32.112576,43.465828
34.146290,-19.355234,54.401989
-35.867188,-30.331884,40.269993
-34.172504,-30.645094,39.478127
33.266060,-17.398525,54.401943
27.742435,17.370052,49.277382
28.655197,16.234163,48.238602
-2.411941,2.793979,0.307413
-0.479210,2.964197,0.260921
-14.858210,-13.761890,14.294819
-7.250265,-24.986851,54.402950
6.186689,0.146792,1.348330
4.088009,-0.254829,0.629597
4.776607,1.689357,0.951378
2.780511,1.607383,0.403034
3.260660,-2.097386,0.555015
2.622433,-4.088500,0.801244
0.970667,-4.407180,0.659451
-2.306412,-4.379609,0.775485
-4.210798,-2.922597,0.822897
-3.461122,-1.020154,0.361395
-3.104939,0.873496,0.226121
-4.363509,2.323948,0.548974
0.288954,4.696451,0.750586
1.576967,3.243296,0.480234
-8.632596,-25.718897,54.402996
-8.392378,-24.243011,54.402962
-7.560977,10.244998,54.402153
-51.760658,-3.513302,50.210087
-51.902134,-1.431837,50.163441
-6.506119,-39.129444,43.119324
-6.617893,-40.331230,44.635258
-9.175290,22.462826,42.338665
39.401901,-15.220072,49.090435
-36.846268,-33.163143,47.433514
28.501087,-24.512419,54.402168
-30.303486,-41.510788,44.725368
34.775726,-2.956033,36.030754
6.159886,17.392086,54.401657
-25.505346,35.402115,50.135914
5.431154,-1.722619,1.143502
4.668295,-3.776449,1.235213
-0.423832,-5.701541,1.010502
-39.098679,31.987812,49.455330
-2.487121,-5.915720,1.291096
-49.960667,-20.963383,52.967319
-4.050906,-5.156332,1.381798
-6.400285,-2.342371,1.447493
-5.956882,-4.239766,1.744844
-6.226431,1.878487,1.023192
-5.847924,3.720445,1.089650
-5.657557,5.908103,1.537398
27.203318,-27.868099,54.402390
-0.776109,6.025836,1.181684
1.240118,6.406224,1.542612
-5.454512,-40.803352,45.806499
-50.832195,-15.627128,52.392834
-48.893036,20.434650,47.932968
-47.833668,20.767786,46.151142
-48.783947,18.924122,46.670124
27.129074,-22.976475,54.402199
9.868083,17.055384,54.401604
7.395119,-1.363578,1.909932
8.149987,0.654000,2.254421
5.562453,9.521602,4.922289
5.074179,8.215309,3.686836
3.712484,9.406031,4.090398
-50.622017,18.391684,50.078773
0.922973,-7.836978,1.879975
-1.536523,-7.398618,1.734388
-3.576692,-6.959487,1.922152
-41.394749,30.144283,47.815742
-8.231076,-1.793516,2.231423
-8.642151,0.072936,2.155674
-7.736077,1.332353,1.607842
-7.667147,2.872012,1.609764
-0.160715,7.712562,2.021303
-3.617178,-29.767891,54.402962
5.874405,5.376254,2.384238
5.292536,3.608999,1.526628
6.863167,2.093889,1.815391
21.378063,20.921486,50.411789
-27.041489,-43.815048,45.047138
-28.073092,-41.974041,44.056477
-26.012587,-42.348412,43.555935
-29.328253,-40.219727,43.343868
-7.053577,6.881166,2.172648
-5.343661,7.755480,2.138609
1.752076,7.875774,2.436430
8.565840,2.445763,2.706420
7.276666,3.887357,2.436459
9.310292,-1.153284,2.855221
6.556782,-3.333386,1.814451
-0.895699,-9.362741,2.604184
-3.227030,-8.784136,2.662810
-2.674852,-10.593967,3.511479
-5.381171,-6.248218,2.209365
-7.704369,-3.579811,2.387461
36.636414,-20.900839,46.884842
-9.103852,1.919420,2.282304
-8.860142,7.925577,3.076835
3.364350,7.985465,2.930277
-43.276539,-7.567261,36.830967
9.866544,0.998936,3.212368
20.424595,16.045412,34.837261
7.607255,5.627842,3.279396
6.277717,6.946571,3.360601
11.079567,-0.910316,3.875941
-0.421806,-11.249869,3.632430
-5.002112,-9.970969,3.813606
-14.870474,10.205976,7.017838
-16.025957,8.681251,7.857426
-5.135420,-8.027059,2.878495
-7.160653,-5.529492,2.745440
-6.584753,-7.274565,3.166118
-9.402291,-2.818978,3.248130
-9.867607,-1.042006,3.134234
-10.258710,0.990621,3.077085
-10.616004,2.741476,3.197349
-10.520217,8.770702,4.010767
0.505212,9.638973,3.378556
2.389869,9.018739,3.370399
8.935733,4.297165,3.427272
33.253452,-13.623534,54.401875
-12.330727,3.721824,4.463634
7.644720,7.059024,4.077240
10.170118,2.817805,3.704215
9.712761,-6.423657,4.100771
7.408670,-8.029881,3.614425
0.113480,-12.800318,4.606189
-1.890948,-12.311568,4.428416
-6.379321,-8.703980,3.739948
-8.211709,-6.526712,3.766322
-7.789463,-8.254941,4.289783
-8.718259,-4.765127,3.406591
-11.028124,-2.063860,4.348662
-10.456561,-3.979476,4.474428
-11.437396,-0.247913,4.239125
-11.862727,1.695681,4.256312
-12.251725,5.897570,4.435503
33.111950,12.519247,49.878880
-12.028925,7.958085,4.590930
-11.776284,9.774096,4.903136
17.155691,-36.047741,42.360077
6.794688,8.342945,4.534270
9.105370,6.068759,4.307190
-9.827994,-24.652664,54.403000
11.782634,1.349184,4.461887
-17.199503,-26.398336,43.704807
34.905342,-13.538250,54.401810
-13.556293,4.972214,5.491951
-9.774571,12.382417,5.197250
-7.889641,13.476833,5.535392
-4.138033,13.466561,5.725255
-5.915065,13.657713,5.675740
10.377704,4.839748,4.502707
11.321695,-4.158525,4.402533
10.982776,-5.952122,4.642303
9.108953,-7.804217,4.286860
8.164689,-9.321512,4.494404
7.249943,-10.979926,4.947556
4.539463,-13.037230,5.317768
2.030817,-13.482603,5.169312
-1.492173,-13.747980,5.358799
-2.988184,-13.134743,5.177610
-3.857760,-11.931523,4.598362
-5.865376,-11.569998,5.095104
-6.889296,-9.996598,4.681058
-9.223845,-7.673447,4.996046
-9.763102,-5.996318,4.675416
-11.863011,-3.292901,5.583650
-12.280394,-1.398776,5.384652
-12.642855,0.493015,5.240885
-12.953357,2.149856,5.211047
-13.703806,3.359065,5.785547
-8.718866,31.136253,44.288483
-6.929045,30.243309,43.667336
-13.665669,7.009524,5.619479
-13.403559,9.004634,5.692844
34.411266,11.090030,50.593800
-11.476460,11.655437,5.432158
0.694302,11.384979,4.897252
2.214891,10.368850,4.417382
8.671591,7.992068,5.264747
7.060676,9.673148,5.774384
11.806508,3.483040,4.962318
13.039359,2.335246,5.545399
13.538638,0.949121,5.666741
13.188761,-4.071074,5.558675
6.333015,-12.552490,5.528045
-4.893650,-13.310666,5.842357
-8.590442,-9.414402,5.407071
-14.807856,5.904891,6.673305
-9.649195,14.026861,6.082369
10.508960,6.730723,5.553823
14.962238,-2.732610,6.655336
14.214619,-0.727745,6.041865
12.026354,-7.030134,5.569209
12.241344,-5.438431,5.242823
10.471460,-7.488025,4.858144
5.725379,-14.231280,6.433455
3.600190,-14.735525,6.285731
1.840947,-15.015135,6.257009
0.252470,-14.439034,5.760275
-3.052800,-14.448380,6.134509
-4.712312,-15.075508,7.084984
-10.241146,-8.659847,6.309394
-10.848065,-6.846284,6.007926
-11.364725,-5.171899,5.797177
-12.583994,-4.469987,6.836677
-13.123454,-2.447744,6.700488
-13.541378,-0.708494,6.607199
-14.544738,4.361050,6.542269
-14.860382,8.047222,6.730457
-13.056928,10.773566,5.913760
-12.710426,12.294625,6.245480
-11.497780,13.451647,6.238348
-10.519846,15.150492,6.918150
-8.714388,15.009333,6.631606
-6.868307,14.908003,6.596833
-4.950967,14.733263,6.721801
-11.959755,32.161373,43.962589
-11.832664,32.643497,45.976162
-2.986161,14.598755,7.089132
-2.568149,13.303521,5.891408
-1.153147,12.382679,5.352669
34.804413,-9.412519,35.005642
2.235290,11.859872,5.877963
3.878302,10.785816,5.397523
5.524952,10.905617,6.234318
8.909030,9.812570,6.949937
11.984121,5.328396,5.818257
7.512475,-13.714251,6.679088
-1.373958,-15.155473,6.397934
-2.994374,-15.801025,7.179052
-6.092596,-14.071012,6.876779
-9.394943,-10.592732,6.656737
-15.037803,3.050919,7.357407
-13.474966,13.473147,7.091115
-12.473795,15.254790,7.489986
-7.852285,16.124857,7.514674
0.621825,12.767720,6.284329
10.653242,8.398817,6.828994
12.178109,7.084461,6.965005
13.216470,3.860467,6.132242
16.313110,-2.330131,7.713536
15.797891,-0.863790,7.306389
14.968499,-5.036250,6.969796
-5.478830,-46.695740,54.403126
6.798018,-15.470587,7.644576
-14.095141,18.262983,14.492683
4.902416,-16.015396,7.525518
-6.273300,-15.361728,7.957489
-7.477174,-14.056765,7.596501
-11.094435,-9.736200,7.648413
-11.697687,-8.032175,7.404117
-12.237354,-6.278456,7.193975
-13.893506,-3.612917,8.097000
-14.283084,-1.862045,7.946212
-14.076904,1.452946,6.604793
-15.656941,4.832712,7.733338
-14.099831,11.968230,6.916065
-11.023602,17.021404,8.236461
-9.325369,16.150890,7.479722
-6.026998,16.080498,7.774024
-4.276363,15.690429,7.850223
-1.142113,13.741184,6.754058
2.310371,13.099431,7.329625
3.968203,12.017426,6.756452
7.189321,11.115059,7.305906
10.750918,9.922236,8.297432
13.732118,7.215131,8.319047
13.526240,5.487431,7.088928
14.653496,3.988804,7.360734
14.288811,2.407918,6.543197
15.075018,0.834578,6.873902
-1.326401,-16.687006,7.646497
-3.099392,-17.318106,8.493749
-4.726239,-16.379606,8.163370
-14.875538,0.120719,8.019960
-17.131222,8.497533,8.981487
-15.416898,11.621511,7.749207
-13.321614,16.783617,8.637718
-12.363071,18.541279,9.537973
-8.954788,17.419909,8.513873
-6.898932,17.531590,9.023345
8.879040,11.224050,8.436497
14.724224,5.541588,8.145966
17.031008,-0.946086,8.377839
17.456459,-2.629249,8.704595
17.479452,-6.516963,9.186140
6.134364,-17.166935,8.749071
1.975210,-19.350021,9.954123
-10.411006,-13.838617,9.573920
-11.847729,-10.765811,8.959921
-12.325786,-9.007268,8.543749
-12.910567,-7.327454,8.418121
-15.300115,1.680606,8.066928
-18.544857,8.265033,10.564121
-10.362904,18.575947,9.426441
-4.795662,16.805708,8.911397
0.370111,14.177214,7.844687
20.348099,-36.426647,46.597023
22.029055,-35.575592,45.812984
16.504578,0.720649,8.113362
15.672233,-11.734841,9.714773
-17.614056,13.544136,9.978324
-14.347681,18.135094,9.830170
-11.343353,19.869682,10.569222
-8.311614,18.652939,9.793388
2.225060,14.397167,8.988182
8.863964,12.487605,10.027632
15.472512,6.183868,9.223891
-7.455016,-17.626762,10.606832
-13.228260,-9.895246,9.998271
-13.745810,-8.167469,9.778809
5.963502,-21.096413,12.184755
-18.950165,12.366505,10.983851
-9.441677,19.903229,10.858669
-6.787533,18.689869,10.357304
0.314868,15.514398,9.601868
14.853907,8.016705,9.977995
17.888821,0.496363,9.399349
33.455875,-19.180670,36.882694
-18.743896,6.401812,11.132043
-18.782612,14.441464,11.195834
-20.087154,13.409310,12.227804
-12.340562,21.083891,11.759117
-10.546627,20.972439,11.823987
-7.734324,19.614897,11.085191
2.089509,15.305206,10.226880
8.414454,13.887339,11.781396
16.421299,7.087062,10.847279
18.195131,4.061656,10.933578
19.778690,-6.075005,11.148868
-41.720455,-25.199232,41.729660
-19.759243,6.121136,12.438237
-17.052612,19.089664,11.756680
-17.631313,20.127264,12.744603
-13.450003,22.132792,12.905223
1.507344,16.215191,11.299577
3.031677,15.712952,11.384565
3.975688,16.069214,12.530963
15.655975,8.831963,11.565818
17.782665,6.031184,11.632793
19.171093,0.762244,10.817949
12.883270,-19.793077,13.596956
-16.461699,-5.062849,11.921133
-21.210655,9.464558,13.447348
-19.936049,15.317873,12.446064
-11.598001,22.211836,13.124028
-41.868504,-22.599983,40.341164
-41.385841,-23.984646,40.641014
-42.752243,-23.354906,41.764977
-9.842232,21.973618,13.333434
14.783647,10.437911,12.424967
17.212784,7.898278,12.476651
19.710468,2.397289,11.982733
35.388668,-17.707342,39.498531
35.806870,-18.238850,40.900497
36.735046,-16.811188,41.924530
36.108925,-16.378954,40.095467
-19.375380,0.953729,13.587601
-21.025955,5.829939,14.028649
-21.167824,12.697675,13.262240
-12.655117,23.215271,14.278743
2.581253,16.795921,12.895831
7.362863,15.157470,13.157260
32.254009,-12.016052,54.401852
16.356539,9.652417,13.299890
17.996284,8.717024,14.404868
18.689526,6.815621,13.426942
-25.936184,36.060417,52.135563
-22.513210,6.048755,15.671288
19.451611,7.646323,15.394140
24.251188,-4.330966,16.524469
18.576475,9.320811,16.085423
23.811546,-35.148304,47.215126
23.617855,-34.595543,45.016743
29.232006,-22.339134,54.402058
-15.710608,-14.466080,15.885300
-7.091530,-42.989582,47.387375
-15.557203,-43.265362,46.842487
-49.546379,17.155664,47.179680
-16.833607,-16.321726,19.089266
12.748490,21.429121,41.227844
26.499001,-24.769398,54.402313
-48.597980,17.310303,45.423859
26.114361,-26.454647,54.402367
-5.544932,-30.231394,54.403015
-17.156572,12.060258,44.203869
17.658089,19.808220,42.147480
-16.419962,31.923143,39.560978
-15.354388,32.038712,40.674965
21.209890,21.519094,52.162834
-51.660378,19.708992,52.936394
-18.428131,-41.901760,41.789658
-20.257231,-42.160793,42.087765
-43.339546,-37.729443,52.109013
-6.152120,30.941978,49.065575
-5.857179,30.442060,47.246479
7.299683,22.608963,35.393936
8.615950,22.277950,36.931339
34.089653,-12.049006,54.401791
-35.986038,4.696310,28.946896
-13.501904,32.866013,45.116936
-19.149515,-25.529198,30.229399
-37.472694,4.588413,30.304733
-16.944960,-45.894600,45.743095
-39.112274,-40.101654,49.558636
-35.111553,24.938934,32.628925
34.098469,-25.285570,46.953796
35.220337,-23.973448,48.151966
-20.076637,-26.409594,31.249218
-37.920704,10.794713,30.472164
-37.540810,21.731672,32.912731
-38.726875,19.877504,33.255222
26.827614,-28.558060,36.699471
25.298357,-29.494183,36.040913
20.482918,-35.806198,44.598583
6.057124,-33.954494,31.572512
5.946120,-34.518654,33.465565
-20.900133,-27.419285,32.244125
-36.327000,-17.931267,32.987183
-37.951672,-14.679232,33.116497
-37.850456,-12.698229,32.495304
-38.040234,-2.786601,31.406061
-39.125446,-1.054816,32.228188
-38.539417,14.933846,31.528805
-38.907101,16.531174,32.275902
-38.303596,18.179720,32.137386
-36.319473,23.369799,32.655277
-15.614385,30.494265,33.840065
11.509880,20.479931,33.453495
34.541782,-5.652291,34.708046
26.716309,-26.559958,33.795822
-46.827297,14.617012,41.378929
-18.487173,-29.386322,32.566334
-20.172590,-28.932310,32.930618
-22.055815,-28.582731,33.401432
-22.837570,-27.088514,32.735409
-24.689913,-26.519730,32.993351
-35.650440,-21.704666,34.540993
-36.123802,-19.893911,33.826469
-39.189621,-13.312675,33.867409
-39.052010,-9.407314,32.979740
-39.754650,-2.996103,32.942287
-40.715870,-1.488034,33.696518
-40.200729,0.603006,33.070835
-41.015514,2.364000,33.705086
-40.389084,4.166009,33.013489
-41.182949,5.942301,33.696770
-40.692539,7.755439,33.182835
-41.270054,9.516974,33.791103
-40.621346,11.419709,33.234043
-39.903648,15.474958,33.077576
-39.931244,17.552191,33.675369
-40.233570,19.839888,34.891815
-38.937485,21.746622,34.418842
-35.204636,26.357445,34.037422
-37.738575,23.372166,34.137005
-36.554207,24.800535,33.968880
-1.372915,26.316412,35.534317
4.087647,23.873962,34.806042
10.476196,21.147337,34.606625
21.559591,14.767527,33.586185
31.442833,4.904078,35.325718
31.489031,3.479629,33.958717
30.293308,5.238764,33.501850
7.434464,-34.868977,34.691807
-18.334988,-31.711458,34.025139
-19.438894,-30.300207,33.513813
-21.085234,-30.157257,34.019062
-22.951313,-29.795189,34.451099
-23.739950,-28.235006,33.771324
-25.641670,-27.922430,34.215202
-29.943956,-25.725449,34.292240
-33.471191,-24.230591,34.875965
-37.294472,-20.853518,35.237289
-40.869228,-15.278071,36.054237
-40.247658,-13.764726,34.990723
-41.792950,-5.069830,35.024708
-41.194214,-3.191954,34.278400
-42.067436,-1.617323,34.975464
-41.666275,0.189347,34.459076
-42.682468,2.240906,35.317856
-41.826073,4.182468,34.385666
-42.567562,5.847953,35.078945
-42.034359,7.854890,34.532909
-42.747948,9.376558,35.337158
-42.054474,11.476418,34.758343
-41.223049,15.791420,34.599808
-41.429653,17.791384,35.432209
-37.907959,24.751274,35.363144
32.363113,8.662704,41.982300
30.962828,10.217633,41.467136
31.938250,10.051158,43.196899
9.052138,21.833590,35.090668
35.721485,-9.911728,36.826817
34.911903,-11.421909,35.532372
34.077911,-17.281977,36.612606
35.247185,-16.372299,38.263355
27.633949,-27.020893,35.682751
26.069294,-28.049534,34.902126
24.580256,-30.672270,37.081001
-1.430642,-35.120327,36.683899
3.637985,26.486473,50.396091
-16.811138,-33.088730,34.483570
-20.253229,-31.536808,34.570911
-22.074896,-31.219856,35.001133
-23.871256,-30.995016,35.480076
-24.805338,-29.383678,34.836632
-37.895828,-23.358494,37.157177
-36.862888,-22.588474,35.920528
-38.377201,-21.621552,36.526535
-39.893509,-20.736944,37.370342
-43.236687,-1.885933,36.151726
-44.072247,5.690861,36.670895
-43.468342,7.523914,36.038143
-44.148037,9.292330,36.889885
-42.642666,17.651415,36.814148
-42.447739,16.119852,36.083996
-43.597168,16.303698,37.530140
-5.801793,28.221233,35.775475
16.033178,19.022568,36.540569
32.405472,4.830459,37.144691
32.464443,3.301742,35.690140
-13.690662,32.333664,42.995022
26.351236,18.223009,49.250401
-15.640924,-35.864521,36.415630
-22.934576,-32.408962,36.000774
-24.552385,-32.220680,36.438171
-25.761345,-30.695189,35.953457
-27.483093,-30.320724,36.338844
-29.293592,-27.412935,35.171814
-35.743889,-25.712254,37.153725
-41.110954,-17.059198,36.924614
-42.128696,-15.816736,37.545021
-43.508995,-5.319438,36.775021
-44.044094,-3.072217,37.101955
-42.614449,-3.306174,35.653179
-44.756435,4.098525,37.445534
-44.030479,2.078292,36.711964
-45.426624,5.721193,38.223488
-44.792240,7.505867,37.527908
-43.358246,14.672033,36.784107
-39.221218,23.360620,35.748104
-34.090916,29.692884,37.371239
-29.905958,31.577545,38.202065
-7.611942,29.036440,36.471607
8.268125,22.684507,38.823277
24.640297,13.993832,37.076759
36.568058,-10.563661,38.661686
39.632923,-4.924751,47.831039
28.239269,-27.556072,37.338707
24.844349,-31.239655,38.479858
23.432945,-31.699070,37.541031
17.275187,-34.795155,38.635609
0.447338,-34.898308,35.786610
0.334603,-35.516846,37.759151
-15.788778,-37.080177,37.496166
-23.693247,-33.670692,37.008209
-25.497385,-33.444801,37.494263
-26.514486,-31.942608,36.963406
-28.410366,-31.681633,37.512589
-29.379412,-29.984941,36.846661
-31.377712,-29.721777,37.511654
-42.152134,-14.167265,37.039413
-41.445530,-13.109383,36.012291
-44.536625,-6.533195,38.059643
-44.839249,-4.625347,38.150803
-45.443108,9.337474,38.449009
-44.745640,10.990605,37.778839
-45.950916,10.944276,39.311192
-45.297108,12.833073,38.785347
-44.417919,14.655867,38.081280
-40.094040,25.438824,38.442619
-6.137887,28.717794,37.651566
-4.478267,27.947029,37.215118
16.541197,19.314543,38.584442
22.468271,15.754956,37.499237
23.382614,14.814885,36.783943
22.273560,15.058428,35.510864
27.833328,11.668444,38.093178
31.422995,8.716058,40.113907
31.256594,7.707385,38.379829
33.310410,3.185962,37.297077
23.664007,-33.152748,41.020794
-22.363632,-36.596550,38.405987
-18.786444,-37.974361,38.542526
-26.413864,-34.776455,38.629063
-27.408419,-33.177696,38.032337
-29.156107,-33.055180,38.644867
-30.398760,-31.300877,38.081715
-32.210079,-30.970949,38.686344
-44.418331,-8.588464,38.265369
-45.508579,-9.321063,39.743729
-46.627636,5.753289,39.737072
-46.007763,7.554332,39.016617
-47.165394,7.498953,40.571453
-46.586460,9.244373,39.938076
-31.897570,31.261381,38.703918
-12.380357,31.296669,40.132790
24.981232,-32.055359,40.350689
23.587416,-32.423775,39.230961
17.202700,-35.440281,40.477036
0.001387,-36.190666,39.656006
-16.553570,-38.193859,38.511402
-15.617941,-39.535549,39.801128
-17.428827,-39.332634,39.531063
-20.879841,-38.023319,38.982410
-19.317596,-39.349854,39.692272
-28.286091,-34.470463,39.159630
-30.125309,-34.218102,39.774544
-31.176811,-32.630421,39.253155
-33.060760,-32.336563,39.980442
36.470325,4.395648,46.499931
-39.341007,30.305456,44.650013
-40.885685,29.235844,44.738243
-40.357533,30.246986,46.153111
-42.858601,-29.396912,45.822098
-4.600861,28.342827,39.157955
1.602130,25.773993,41.405151
3.225178,24.954800,40.616516
17.204384,19.471752,40.251789
22.794159,16.226500,39.161331
23.964050,15.018297,38.170185
32.836243,7.252530,41.014439
32.220470,7.130919,39.552059
33.887001,5.750275,41.415623
36.079483,-0.525011,40.287235
-34.208420,32.481922,44.208336
-7.922763,-37.701817,40.268345
-16.527424,-40.316311,40.452118
-17.974298,-40.558041,40.609692
-21.367382,-39.503075,40.163731
-19.723473,-40.703022,40.825901
31.878431,-18.873800,54.401974
-46.742653,-9.917419,41.585613
-48.279877,3.984410,42.071781
-48.265919,7.476516,42.227772
-32.714314,31.770805,40.645977
-30.906292,32.042595,40.136009
-16.610861,32.398300,41.321419
-13.806814,31.897800,41.245895
-24.795334,33.589348,43.784286
37.677723,-10.216143,41.162975
37.832603,-8.701831,41.453960
30.729616,-27.682215,42.156929
30.449764,-26.940777,40.263493
20.411127,-35.224945,42.669937
-16.629751,-41.521652,41.579628
-21.730600,-40.988869,41.363575
-29.606434,-37.211494,41.442539
-30.736494,-35.620941,40.938400
-29.043444,-35.864601,40.337921
-32.559410,-35.304131,41.639835
-33.712139,-33.844791,41.309505
-31.876129,-33.911018,40.393650
-24.081295,35.954754,51.472347
-22.005102,35.747478,50.873936
-43.819027,-23.615129,43.254169
-43.507282,22.997412,40.841499
-6.702445,29.732311,41.645145
-4.926976,28.807138,40.955730
-3.265801,28.307381,42.714127
3.314670,25.220407,42.811962
1.656687,26.059406,43.576809
23.406109,16.543520,40.864704
24.364136,15.450662,39.772820
-22.158224,-42.537079,42.666420
-30.295561,-38.581898,42.669827
-31.525923,-36.929741,42.173065
-34.093781,-35.098125,42.353722
-39.589489,-30.944979,43.480907
-40.485432,-29.300777,43.179829
-47.687962,-8.684592,42.729668
-49.240715,3.755533,43.688808
-49.603783,2.118038,44.395702
-49.229450,7.068900,43.827950
-48.776840,5.539995,42.927139
-36.876183,31.155693,43.302784
-33.455769,32.180206,42.478638
-35.303722,31.653475,42.772240
-31.536203,32.501945,42.013435
-30.005953,32.636623,41.543377
34.093922,-3.497002,34.438496
37.241413,-17.310192,43.785686
34.179611,-24.187180,44.680313
32.995892,-25.173820,43.083027
34.143230,-23.255257,42.900269
18.708868,-35.964752,43.319965
-6.747774,-38.164017,41.572769
-24.868141,-43.768379,44.294853
-22.696714,-43.908867,43.888626
-46.832405,19.165941,43.338806
-42.240730,27.997786,44.673321
-3.926951,28.965460,44.631489
-5.126973,29.279652,43.047157
-2.475004,28.198603,44.480774
30.438486,-24.313160,54.402077
33.557079,7.230342,42.604927
33.089714,8.810150,43.815975
37.531563,-3.041240,42.356083
-29.306057,-43.103306,45.436470
-34.937981,-39.206528,45.716354
-33.583138,-40.542130,45.816475
-35.964584,-37.222805,45.004787
-41.345181,-30.274899,44.711899
-50.152554,6.866045,45.587315
-49.729118,5.446306,44.645348
-48.366795,15.708570,44.290977
-47.785645,18.993444,44.863598
-37.716976,31.203329,44.552311
-36.128780,31.893707,44.446819
-20.624329,33.883408,45.233154
-17.357853,33.189949,43.874950
25.831789,16.040068,43.370697
27.389128,15.329778,44.302090
37.989567,-15.882436,44.681503
35.341454,-22.082426,44.475346
32.928875,-26.240398,45.124443
18.768211,-36.540104,45.309540
-13.876082,-42.842705,43.662689
-23.305748,-45.113491,45.020782
-25.396919,-45.198505,45.615150
-38.039337,-36.625420,46.140274
-49.052204,14.020831,44.922523
-46.639641,22.079937,45.077492
-42.041893,28.997580,46.236950
-4.111532,29.387108,46.461666
-5.571276,29.873867,45.051586
-2.654153,28.544039,45.987869
34.896660,5.401451,43.413490
-39.853607,-35.918285,47.217602
-50.886314,6.651536,47.150852
-50.441654,5.299727,46.092979
-50.584518,8.344239,46.656849
-38.864006,31.203503,46.280304
-36.959450,32.061085,46.108288
-26.607065,33.848446,44.960003
-28.276123,33.995365,45.986046
-16.435656,33.475258,45.308945
13.005021,22.949026,48.127205
16.032351,21.755819,47.136005
14.940071,22.455708,48.470543
39.376862,-6.073119,46.416935
30.455181,-30.101974,47.432243
29.353487,-30.836926,46.198425
28.116560,-32.535152,48.104336
18.540880,-37.161469,47.322159
16.904636,-37.183746,46.052921
-24.073721,-46.434517,46.323498
-26.045685,-46.619881,47.006973
-22.347622,-46.155205,45.767662
-22.569597,-47.438198,46.950211
-34.950821,-41.113152,47.108955
-41.886555,-31.501192,46.159084
-48.130638,21.824703,47.628273
-47.620861,23.473368,48.331596
-4.329438,29.858711,48.441830
22.081278,19.552792,47.118916
29.202801,17.704329,52.341782
27.661936,18.097881,50.821732
28.521450,-32.975460,51.043678
19.320030,18.220379,54.401337
4.586124,-38.863998,47.496918
-28.582699,-44.489868,46.191555
-30.269079,-44.215771,46.745102
-33.867828,-42.868938,47.716080
-40.983826,-33.680977,46.731480
-39.399975,-34.874123,46.057892
-46.856937,-22.375463,47.240662
-47.947083,-20.824743,48.461437
-47.739388,-22.744305,49.159969
-50.400265,16.953602,48.844189
-39.825352,31.158241,47.835220
-36.301868,32.749439,47.764660
-38.074211,32.055523,47.835213
-22.043404,34.398403,46.760933
-20.200396,34.433884,47.162155
-23.599886,35.293022,49.541275
-21.879072,34.957394,48.564011
16.805428,22.063875,49.112270
27.979191,15.808116,46.249119
38.423130,-18.208727,49.275291
29.275791,-31.417894,47.817291
18.223036,-37.830967,49.550594
16.649189,-37.836124,48.228859
-36.622730,-42.608822,49.391529
-36.469765,-41.253822,48.281460
-35.430332,-42.413486,48.400162
-44.306084,-31.425394,49.114334
-42.779270,-32.395996,47.823730
-48.150963,-18.892056,47.795795
-49.703274,18.631786,48.314960
-46.713009,25.222792,48.746490
6.507194,25.048422,48.509987
3.921906,-39.565598,49.148277
-21.429245,-49.693008,48.958858
-23.260883,-49.548580,48.994045
-31.401966,-45.063999,47.978760
-37.913704,-39.816685,48.346203
-42.454929,-33.900799,48.495766
-52.022495,7.804055,49.911217
2.307424,27.256250,51.462769
-45.037495,17.805267,39.956886
-8.278769,-46.122814,49.828896
-10.113077,-47.103443,49.701546
-27.555582,-49.253407,49.764595
-43.693760,-33.187973,49.508614
-48.906166,-19.331451,49.702621
-51.366348,8.175653,48.389347
-45.528656,26.942957,49.096771
1.096859,28.004564,52.619751
32.372776,12.475675,48.151943
35.562881,7.671499,48.475822
-30.809938,-48.838634,50.695393
-30.368040,-48.034744,49.844193
35.552498,-24.651588,51.673649
-13.794362,29.859877,45.231258
-13.844405,-2.714189,54.402618
4.819340,-40.218719,52.321842
3.650397,-40.263401,50.974220
3.316026,-40.841312,52.649517
37.353130,-21.700676,51.912422
37.192493,-9.541256,39.931416
-4.080252,-31.620420,54.403011
31.723989,-26.077570,41.535854
0.635902,1.432698,0.085447
32.284744,6.030627,38.291710
-17.098211,11.828870,45.593742
12.231521,-34.013996,54.402794
22.118717,18.469387,54.401283
20.780607,17.750301,54.401337
-43.241680,3.994672,35.811596
32.454803,9.426102,54.401333
-30.714603,-46.779465,48.993153
19.799011,-37.703922,50.829319
23.068771,20.080452,49.821720
-13.567293,-48.806492,49.624321
36.323288,-20.616226,45.238697
38.801361,-16.601715,48.322479
-27.291315,-45.402771,46.412113
-22.567963,-48.611713,48.030632
37.277267,-7.653101,40.162323
39.100590,-14.966256,47.649540
39.187737,-3.090692,47.460800
-47.749336,5.778690,41.310440
-19.299978,33.350212,43.731152
38.465229,-16.277317,46.674019
38.707176,-14.515074,45.866554
-35.679131,27.638288,49.944088
22.162046,-34.896461,43.784019
37.220871,-11.328603,40.277046
-15.222962,-42.154816,42.494801
36.958698,-14.949733,41.155109
4.982963,24.388012,41.799286
-11.142124,-38.069527,39.304962
20.012428,18.029701,39.811771
5.094007,24.076641,39.854137
-14.906688,-40.807266,41.210827
33.344116,1.786550,36.098526
-42.355053,-6.639620,35.756142
-40.419979,-12.144160,34.763412
-39.120842,-11.446775,33.388000
-37.783188,-10.824066,32.055901
-49.790501,9.025149,52.014507
-35.968910,28.429794,43.390324
22.337196,-34.533230,52.264225
-45.934410,-27.019543,52.618271
-0.263555,-21.653915,21.624889
27.110411,-4.701320,33.346577
-2.152374,-13.554214,12.957105
-3.210618,-30.853823,46.886257
-5.353712,-20.848778,22.738796
12.269159,-31.470333,46.163654
-10.153354,11.180035,31.633070
-29.412603,30.764120,43.933559
14.188646,5.076644,16.200747
-45.936207,21.581816,50.002426
-27.602306,28.109447,33.922092
29.404840,-2.528443,38.845524
-5.898178,12.456941,13.619135
-8.680767,17.774004,13.868610
-14.902719,5.216627,13.732529
-11.294320,9.132398,42.851421
21.790827,-22.798140,36.080742
-15.695058,29.608837,36.508396
-39.324734,27.100655,45.699909
22.772465,0.636101,28.043863
-16.601736,-14.957082,40.059669
-41.876797,8.725938,37.303200
-48.995617,2.909399,48.025219
-34.809837,27.008204,39.084106
-13.721160,-20.235100,42.559486
-4.228347,-42.765217,52.493797
-8.826808,-22.532681,28.573006
-1.459270,20.874565,47.807777
24.109879,16.261187,51.125370
-31.940186,32.566162,52.275803
-39.378582,6.653235,34.237389
-26.575275,30.426870,39.930580
22.681326,10.583701,43.602959
-29.596346,27.143709,33.600681
-46.209244,3.424465,42.214336
-18.921326,33.317680,50.075645
-33.854187,-41.142559,48.875961
28.024311,-27.724182,50.441090
-43.395893,-2.085336,38.885616
11.468567,2.797127,12.920804
7.628109,6.173164,10.119911
19.612677,4.995376,26.082127
-8.024686,10.978777,19.858135
-46.366322,19.287550,47.983727
-41.844070,28.083729,51.929333
-25.001093,28.974371,35.143795
24.413410,-25.471962,37.460663
-44.680153,19.679430,44.975586
-35.142494,29.895678,46.585941
24.444422,-32.687881,51.737179
-41.492657,16.272963,38.015182
-16.806728,-3.880181,29.094385
-33.561710,28.650726,40.908619
33.447544,-14.871300,48.889641
-7.753919,-14.202070,16.180445
-16.571121,-4.533926,24.189402
-9.184002,14.397322,14.385746
-31.498035,28.283934,37.991337
-4.618819,-2.187447,6.312232
26.099998,-0.927201,35.878590
-11.671163,12.261703,51.053104
17.946476,-27.307495,38.772243
15.335917,-23.357801,29.299244
-25.526760,27.238300,30.475409
3.390164,6.424226,7.706763
-18.474785,0.080918,51.568192
-3.888590,-25.911657,50.465176
-14.531827,-23.781298,51.029495
-8.239382,26.392618,34.014946
-44.039833,1.159818,39.371498
-27.284237,30.906992,42.688202
-13.858588,-2.603103,24.676025
-16.999712,27.265341,26.588064
23.058290,-31.388241,48.249420
26.504408,10.351610,46.971500
-40.106194,3.442339,35.159225
8.833945,-26.965746,30.264639
-9.197830,7.508412,10.455244
-26.897558,-46.903046,50.062763
-44.157421,-30.412071,51.894146
-7.997699,-3.950249,7.699529
-50.123821,3.647353,50.833023
-41.398827,11.780131,36.850521
-4.022138,22.858868,50.407139
10.132888,-29.570724,42.758812
-39.623516,-36.722641,50.781868
24.503761,13.842311,47.822887
25.303270,-24.110857,44.580791
15.360500,-9.003343,17.492241
-49.354237,-10.927568,51.666855
-32.462154,22.188711,30.291058
-1.944602,-11.502786,15.155911
-7.042288,-39.351997,48.062820
-44.306450,4.738008,39.952854
-39.714508,24.316351,41.645821
-11.625582,-15.482224,51.086803
-11.912333,-37.709217,42.574005
29.898848,-3.136656,33.224869
26.307077,-10.554771,32.324341
21.057732,7.779990,34.156391
-23.469896,30.748590,41.037975
4.977022,-29.309111,34.735966
-13.404293,-13.212959,51.674133
3.722152,9.339926,7.958818
13.948782,-27.983761,40.845886
17.669477,19.150578,51.230042
25.684769,-13.982768,29.501520
-41.640068,6.659693,36.821873
7.862543,11.749440,18.488480
-4.245327,9.363504,9.265884
3.201997,10.972978,11.578791
-5.714452,-2.810210,3.972265
-11.173512,-17.501396,23.983788
-10.772154,-30.884718,38.514820
3.126802,2.875294,5.218301
12.174975,10.231047,21.678274
14.278028,-0.345923,11.731559
-6.091460,-31.546734,41.890171
-39.527630,-34.089676,48.170155
-11.833240,-12.656224,19.106327
1.696660,4.876111,3.856392
-4.013326,-24.157349,26.773655
29.252077,-18.085794,43.957718
10.430736,-11.588356,16.753849
-4.220803,2.277699,5.172095
-12.947344,-2.140392,50.062038
11.276433,2.075146,9.055690
30.044506,8.055078,49.017681
23.742065,1.486831,24.807117
-49.294758,14.068737,51.531319
16.925747,-26.707083,51.988331
-6.040417,-41.106964,50.189766
0.389048,2.081455,3.169318
22.088963,-9.316000,25.721811
-16.527235,1.137301,35.026318
-14.918560,-13.157702,23.915472
-3.850466,-11.902179,9.578289
-3.549033,15.854897,28.607325
21.442923,18.020752,51.415630
-4.421753,15.871542,36.193336
-7.443320,12.263935,39.709530
25.109697,6.630279,51.714268
6.643375,-5.388238,8.499128
8.051606,15.742156,38.361645
28.865025,10.238496,45.055946
-17.834875,-6.799394,37.834553
16.821024,-2.019361,17.268856
5.676585,-25.369535,31.352331
3.974483,20.267553,49.031914
-1.318374,-25.928234,51.712997
-10.238227,25.162064,25.709930
1.242119,-30.816940,35.768776
5.141125,15.806646,32.380714
-13.956238,1.354826,17.753036
-5.485671,21.520325,26.863262
-5.302379,-24.293215,30.954063
19.352350,-9.705186,17.288832
-0.320778,-33.576004,44.591576
-9.497515,20.262831,15.133633
-4.527396,11.997710,44.652145
25.142078,-17.915768,31.801144
32.658607,-2.997805,47.867382
-3.590510,-27.061241,26.067078
32.515888,-19.468918,48.629814
19.870668,19.994463,52.558163
-46.843735,13.294238,44.964996
-6.272261,27.933687,46.652164
-9.245611,-26.931417,34.120152
18.589977,2.129548,21.127642
-8.239684,16.582041,37.644047
4.314478,14.647100,24.798077
-16.678650,26.723274,24.576832
-9.140671,28.525635,39.452049
-15.107948,4.813382,39.675926
-37.810814,22.195456,37.092094
-12.381991,27.755699,32.603653
-10.352558,-4.297347,12.232392
-6.839486,23.728525,28.764893
2.890378,-13.287718,14.298009
-17.399319,-11.611691,44.409950
4.875408,-31.991365,33.971382
13.362828,-18.342083,22.231710
28.596937,13.363740,51.398689
4.272083,-18.280235,17.976042
-16.118109,16.370411,12.200356
22.813286,-11.266254,22.444319
5.209508,4.013464,9.201788
6.124869,-8.593153,7.227067
-43.956768,22.067537,45.470558
-47.071865,-2.950130,43.764118
-12.236945,-31.526775,40.968491
-10.472775,5.733655,15.286037
-22.133768,-19.288029,28.793896
-0.181828,8.405104,9.115684
10.650601,7.976471,22.246964
-11.589187,-15.504230,17.764189
21.852455,19.457369,52.710083
-19.636034,29.977850,37.778675
-45.866798,17.608913,45.348930
-5.173376,-23.326647,51.423759
-0.079469,0.384682,6.369652
21.627989,-34.273933,49.721317
-9.512673,-32.275333,43.736404
-15.766628,-16.739691,25.947416
-32.882236,31.585281,49.493496
-48.805462,-2.097355,47.430672
-6.837265,-7.397411,10.929778
11.089922,-24.396849,25.938538
-48.838081,-15.934091,52.589867
-41.238823,21.613646,40.939198
-39.358620,16.534668,35.579144
-35.457428,24.899605,37.064522
12.799186,-4.277444,15.767509
20.395092,-21.022257,30.776833
10.867264,-8.289895,18.076389
-38.026470,-3.032892,33.126877
-43.132271,15.051105,39.936939
26.204817,-22.292301,49.349072
-49.723522,-0.074251,50.142300
-46.562492,18.501335,52.511864
27.207020,-2.683319,41.240086
-0.066776,18.858267,33.165897
10.442044,15.621145,45.402927
19.951681,-3.405567,16.251413
-46.110462,0.524626,42.214458
-48.401535,12.903432,48.864418
-28.759111,28.559612,35.984444
17.362898,-18.055956,26.616053
0.064432,19.126534,39.738770
-49.901562,6.673072,50.686878
-5.964166,19.615597,50.660610
-44.420368,8.554331,40.371712
9.485854,-11.244176,11.978988
9.054428,9.097703,14.494716
18.118015,-29.588158,51.517742
-47.895241,9.774805,45.862720
-46.761959,20.911272,52.196827
-50.181416,-3.044591,52.324806
-16.896400,-9.029654,49.109699
8.169410,13.172648,41.729252
-4.946578,19.975090,32.238178
-46.726261,10.185415,44.020145
-41.859592,13.604836,37.998188
11.239272,5.498196,10.422900
-4.552347,-19.446081,24.967102
-8.007058,-20.317739,20.714334
-5.359167,10.044206,39.495304
-14.073344,-10.545922,46.554493
-5.475167,20.088877,46.380547
-37.422573,18.374557,34.103432
-36.870953,26.959745,41.377983
29.740377,-22.537758,45.957947
6.449458,11.884941,22.449392
-19.224119,-10.392497,47.021526
-43.158169,-4.289505,38.938560
-8.446283,-21.512541,49.838696
-10.412734,27.363993,32.877625
11.421204,1.078047,6.847068
-44.650921,-1.366481,40.470581
-17.841795,2.146072,16.410578
-18.710035,-4.263144,51.562500
32.416916,-22.518707,47.695580
-14.403298,-37.417271,40.750961
-12.222779,27.266413,29.445538
-14.754151,10.994377,11.328395
36.340813,-13.165224,50.740097
-11.224061,1.158006,12.038414
-2.654223,-6.635126,8.018590
-13.330892,-8.538968,50.617249
-38.911049,13.953363,34.360554
-5.602944,22.819647,52.292458
-48.894524,8.764248,48.444359
-4.276145,4.969503,7.976753
2.050354,-5.780077,6.579624
-39.726284,22.066286,38.998066
3.543526,18.199778,25.259325
-12.383028,8.136045,12.754898
-48.910637,1.180563,46.983696
11.542592,3.351368,16.034197
27.605192,2.976197,39.928940
22.493298,-25.757378,49.336094
-41.580360,2.925062,37.029030
11.563046,8.197502,12.423458
-45.428333,23.201603,52.043514
-4.608146,26.304216,49.240307
-3.961945,24.800554,52.103817
-41.357082,25.047152,44.751396
-42.965439,25.040968,48.229881
-35.571480,22.867561,34.792877
-39.960625,-4.178672,35.197437
-6.233257,21.518185,23.356449
-15.806967,-2.084297,44.944210
-16.200199,-13.123225,30.290018
-7.607846,23.300234,25.167645
-13.536490,8.493603,50.126751
-12.851830,13.032641,52.544048
15.133636,19.170990,49.053860
12.547092,9.355316,15.862519
-30.451551,32.242165,49.899143
-37.163696,3.919331,32.060577
12.087534,5.610726,14.012094
-38.314098,11.390065,33.609974
-37.078163,23.947102,38.368858
34.148918,-20.039919,46.629456
8.775528,4.850622,13.020502
7.755573,8.000830,16.778217
-43.480816,25.513325,51.333080
-3.464344,-8.874838,11.824756
15.278822,-33.375126,45.000298
17.505812,-23.773584,39.230297
-45.526878,21.062441,46.802628
-19.831816,32.479347,46.549267
-11.874051,-7.136411,52.120716
-9.867989,18.004589,37.629791
30.847738,-6.980484,46.173908
-19.660076,28.933504,33.770073
1.109044,12.574723,25.190189
-41.605919,26.537067,49.858246
2.946356,13.620545,18.756981
-22.872877,-9.017132,22.566448
-2.840889,-27.968424,41.577801
-0.670394,-33.945152,41.593460
-13.731204,10.539856,45.148647
-15.502647,3.861048,11.525918
14.461206,7.503542,14.363253
-45.957317,-6.725172,42.036434
6.323650,5.951206,12.513528
23.538431,-22.171066,51.873737
5.056387,-23.215961,29.588240
22.164173,8.135967,39.139439
10.078140,-16.989050,17.323265
-1.679207,-25.770025,41.621006
-31.207220,29.736477,41.372597
-51.109890,4.070102,52.550694
-1.880005,12.544370,41.257038
17.042231,6.323497,20.101093
-2.232534,26.306486,50.604820
-7.902565,1.010220,8.306133
7.866820,-1.472397,6.974636
-50.951359,0.677268,52.547436
-7.320610,16.979502,30.857094
16.261452,-28.816851,47.072201
12.246303,7.251007,9.817202
-36.130554,13.323837,30.960506
27.699783,-2.572719,30.353737
-7.231732,14.635426,26.294413
-29.058401,29.791763,39.836277
-8.513336,6.769287,49.093842
10.361987,13.353181,24.936174
-7.394932,27.138763,40.400314
26.030724,-29.320860,51.758530
5.974866,-22.234064,22.580217
-15.796061,8.052870,12.344195
25.801456,1.419725,31.854065
13.162149,12.984460,23.218311
-7.421984,17.840387,12.179144
-16.028807,-17.337067,49.457924
-8.545817,-17.449814,17.563467
-10.860933,-19.372961,40.639595
25.818228,-28.390892,46.769749
-7.131330,-4.210901,11.636108
1.548124,20.102448,24.913563
-9.402073,10.782316,12.720182
-37.721008,9.347526,32.952618
1.129730,-10.637230,10.213754
32.863148,-18.328197,43.700035
4.870646,16.963423,22.443363
-3.999808,12.873752,10.102245
22.630199,-18.225224,28.158588
37.280426,-9.807934,50.983299
-18.498350,33.941990,52.040211
28.678659,-24.776550,43.201145
-27.265646,29.521774,37.787991
-1.097202,-10.754079,12.311105
-6.508813,21.940500,50.217743
-1.396246,24.229818,51.986919
-13.483974,2.307676,50.096016
10.927128,6.621038,17.337212
-13.719722,-2.973214,15.508715
-4.214881,0.482629,7.986710
-8.752443,3.350085,50.651814
-7.148816,27.781967,43.176334
-22.747141,27.301708,27.863413
10.033263,-30.040657,30.822287
-33.345154,26.350981,36.395828
1.660142,10.685661,26.068445
-18.095047,28.861923,32.301628
-14.440486,-5.710363,47.271015
34.846249,-16.910753,43.478134
-15.531002,1.784146,28.917675
8.908647,16.036150,24.230530
-21.927418,28.623156,32.177166
14.013662,-27.474600,31.285984
15.792603,-24.412800,34.679390
-28.111746,25.679714,29.635210
24.047062,-19.422121,38.877998
12.193551,-34.122307,44.275997
-21.066095,28.077473,30.079878
-13.340683,15.011054,11.453064
-42.711769,24.801170,52.866688
-6.426300,25.669552,37.883919
-6.616388,23.066147,36.933811
-0.021941,10.640698,50.185345
15.676966,-6.891133,13.571085
10.104214,-6.005988,18.183720
-10.813519,14.341896,52.200722
9.780811,7.090909,8.930947
13.148896,-0.304816,8.918692
-47.990654,-3.608943,45.564087
-19.681747,30.892918,40.016220
12.245606,20.356539,49.911694
21.685883,-1.867934,18.240908
-18.014668,29.501350,35.991364
-16.192598,5.762676,35.261883
14.045841,17.033266,43.522274
6.736017,22.029734,51.102642
25.684189,-25.470032,51.234905
-29.371447,31.504288,46.454651
-13.838732,3.712486,32.338898
7.657422,-20.977016,18.722748
-22.082380,30.317093,38.128601
31.743652,8.515105,51.545750
13.683163,-29.316828,35.979362
-24.220249,30.068800,37.618916
13.700599,-6.124978,19.217852
11.407207,-21.482759,20.387674
0.442217,11.651667,18.602421
21.936682,-23.201084,40.795181
1.871937,15.751666,49.547680
24.137503,-20.483961,30.011547
-18.318590,-2.557102,26.664177
-3.020894,20.247097,36.405968
-0.029139,-7.278660,10.327345
-18.187475,2.878406,40.705887
21.584953,-29.132769,43.720398
29.458672,-24.334276,49.341820
3.239842,18.093573,51.316021
-9.389932,25.923258,28.958464
-13.567390,25.559437,23.126148
-23.099211,32.414616,46.341011
29.652794,-7.536899,33.218296
-28.857794,-48.921677,52.373978
12.921767,3.878944,18.695127
29.359102,-20.878206,48.987831
9.104177,12.047756,50.970852
16.281660,-4.183172,11.897106
1.423723,15.730853,29.047276
-8.455754,28.606855,41.713120
11.685965,19.040230,46.416233
-3.370533,12.525938,20.528280
-7.295956,5.222201,46.734131
-16.538660,-2.764618,48.703777
-18.154392,-12.401906,26.577082
9.352083,-21.570189,27.616890
-9.856678,30.195429,45.522926
-22.597559,29.554127,35.048958
3.739003,-1.212985,6.649800
17.577366,-28.248661,34.539974
-1.377100,10.278191,41.705574
-46.159477,6.835662,42.424747
19.476948,-19.869188,34.537468
-8.782073,-1.248537,12.153253
-46.093327,-3.408010,41.993259
1.350293,-24.722031,25.856829
14.517525,1.824301,14.628316
14.080617,13.824218,49.080448
-47.732334,12.160791,46.776875
-34.606724,13.745487,29.310671
-18.250397,-7.581611,31.900820
-19.389257,0.372350,18.007790
32.611393,-22.235180,51.129902
10.012058,11.173553,13.375872
21.297342,-30.448881,51.296471
-10.311357,-34.156750,39.825199
30.295925,1.995244,45.387249
9.904518,-24.171349,20.978817
7.043349,4.666668,13.621227
-6.082660,19.609331,20.016232
-9.565205,-25.342474,44.314476
-5.440647,12.698922,31.581202
30.552025,-10.352415,40.283989
-21.352488,32.915733,48.153275
28.250269,-9.721878,29.812786
-16.141207,-6.539995,42.586960
-36.176865,29.881124,44.819248
29.795732,-3.621132,49.279766
-43.011677,-7.424814,38.678364
-20.680183,34.014572,51.213394
1.968477,-29.648252,45.362724
4.888495,-23.846132,19.741405
-45.080494,10.306071,41.643188
-16.275890,32.109234,47.099445
29.502239,-21.197012,41.101795
-9.473777,13.168218,21.198845
22.427465,-32.359230,52.530453
-37.231083,29.430664,48.420319
-47.165230,23.940561,52.773056
-9.258063,14.693242,33.928234
-12.364874,17.503199,12.084359
-0.634250,5.346774,6.857183
-10.999415,-17.184322,39.711018
32.619469,-2.075359,39.340816
-43.625973,19.174356,42.486172
26.147581,-33.033119,52.654846
34.291489,-18.113689,51.219032
23.173105,13.981776,44.528252
-16.007631,-3.110901,36.185883
-2.676280,-6.338782,10.836543
-37.214745,24.977850,40.896595
-10.712671,13.333566,47.354622
28.780651,-16.412838,49.828030
26.015978,-23.249393,40.497631
-44.824478,-3.300515,40.526196
19.940861,-35.427258,52.048302
-50.790848,14.216926,52.854485
-13.977588,1.936252,23.529861
-23.214918,33.812885,51.283363
-9.575909,14.350451,24.965387
6.256292,18.167187,23.852551
-7.842980,22.194969,21.348120
1.061520,13.949680,33.332867
2.687628,22.160513,46.129742
13.325689,-9.569867,20.541740
-0.753265,-25.121267,22.833755
-12.877726,7.573127,28.724180
-11.815600,3.230146,30.993475
-21.782188,31.039925,41.947491
18.276325,11.041147,43.380829
21.422096,13.282719,41.193272
-14.257108,32.578323,50.168179
25.602062,-3.097691,41.827087
11.949462,-4.383667,18.730646
-6.857576,20.968594,52.203251
-50.167679,11.817233,51.956444
9.803246,-19.203352,15.465471
5.135818,-31.090708,49.280876
29.090931,-6.907831,30.353590
-27.005083,31.718895,46.025898
16.563524,4.492806,23.590670
-11.690235,-4.258141,51.638542
38.909279,-10.656165,52.432716
17.280926,-14.048890,20.341194
-8.433607,-19.776976,25.740484
33.838799,-11.168257,40.599144
-38.232548,30.138456,51.963070
-10.236677,29.799267,42.372440
27.241508,-7.300757,36.809025
31.830425,-23.994473,45.684875
0.169929,21.952896,37.308472
-23.498541,31.819120,44.137402
-31.321213,26.911716,35.245430
15.843273,15.677785,40.177937
10.401001,16.249916,50.003559
29.175062,-1.367963,46.420807
5.577214,13.697182,46.339077
8.357837,-30.737968,38.189083
24.956947,-27.434464,36.676075
8.055334,-12.252082,19.050907
-15.836147,-8.187367,28.128267
-13.082168,-27.254335,51.744804
26.264080,-20.357697,31.656055
-33.280617,-42.912773,50.009743
-13.471889,-7.290967,44.851536
6.100001,22.143517,48.227501
-5.911176,-41.149944,52.509541
-10.567020,12.707444,28.210949
-34.325615,31.658670,52.027836
-13.234921,-8.555382,52.651329
3.466520,19.623711,35.626041
-12.838817,1.177035,45.797218
-13.211722,-21.665119,33.463455
19.309992,-5.397422,22.314014
-36.221123,23.183165,36.590759
-5.903675,24.259905,49.671852
-43.803940,10.592881,39.748386
-2.149920,-8.548323,9.648365
1.276436,-8.789765,12.706649
-26.000496,31.110567,44.310555
-38.085056,-38.288364,50.364433
-1.661812,6.442317,9.756459
-8.787455,25.934366,31.809034
-16.703533,2.943967,47.099075
0.612394,11.070593,44.156841
-5.285982,-17.241264,15.188059
7.760165,9.727668,20.755949
-12.527821,-24.719404,39.913651
-7.906250,-23.346369,51.834431
30.583689,-0.968097,42.652973
-6.323535,-21.670940,30.252237
29.785374,13.640524,52.898293
13.622998,6.524674,12.006401
-1.208717,12.695617,35.906540
4.909093,-36.783310,51.559998
-8.053976,-19.895357,51.956390
-12.895833,-16.049208,21.120903
-8.911421,-37.031742,44.434948
-11.279533,-17.296234,47.738979
-2.652653,-15.774964,17.925678
-5.281909,-25.346792,24.455923
13.671112,16.742516,51.055576
7.577955,-27.558159,36.969944
-3.189240,-39.549942,51.151787
-45.261391,19.896851,49.414696
34.152508,0.654311,47.971985
-12.725482,-19.082874,50.740910
14.074654,-12.037668,14.341611
-17.300613,2.098722,14.056705
10.140610,-35.381088,50.738300
-19.649143,-2.413105,19.565657
20.949814,-25.480490,38.254223
35.117283,-19.427000,49.082001
29.129677,-5.921354,47.994289
-17.224560,3.010757,51.431759
25.015009,-5.778910,35.326443
-25.888788,-45.475193,48.459236
-41.025517,-32.777306,49.413189
1.981336,-23.526985,28.757854
-11.458168,-22.349735,51.158279
9.764005,12.949839,21.360544
-48.025501,4.372881,45.315292
10.809507,11.826221,16.350842
-4.331942,8.985230,49.145931
30.984385,-4.166228,51.839348
-0.383236,12.001638,10.864849
10.649561,13.555648,15.895320
36.331345,-15.075662,48.542721
25.173067,-10.659382,23.559357
-11.540644,-1.043287,47.527145
-49.330563,-13.230374,52.339489
-4.157885,-19.864021,18.609175
-46.980621,-23.569113,52.399124
-9.927564,-3.679741,6.618427
-16.703096,-20.612827,51.451225
-13.825129,-15.579479,52.172295
-2.987168,-13.120068,17.165047
-47.546211,19.371706,50.354542
-19.013077,-13.215018,52.146137
-48.418789,-18.024603,52.537636
-18.373379,-16.478849,51.778706
-47.865669,-0.083014,45.102451
-4.200889,13.310681,38.662704
-10.336760,-5.114752,9.286630
0.405541,-8.903011,7.168609
25.347551,-32.080456,48.807629
8.075871,-19.936102,27.971846
-49.725018,-4.110683,50.333538
8.970962,11.211886,40.572975
27.498842,-20.373127,51.441799
31.022135,-26.006546,48.290047
-6.200407,10.664291,23.130465
20.930616,-10.225513,15.922854
-18.196482,-14.379818,48.677807
-13.801516,-16.096354,32.211044
-18.515612,-9.071689,24.012695
11.999927,12.238553,19.246700
-10.158079,-24.302418,27.019514
37.309349,-6.420122,51.070717
25.658546,-18.357992,45.314438
-1.265100,26.637426,52.493019
-16.467497,-0.924102,15.774944
-17.843117,-1.274404,14.623780
-17.295513,32.803814,49.084656
-17.602478,-16.701103,31.262430
23.126661,-14.245324,25.805737
-8.949569,6.438963,43.693375
-47.000305,2.214123,43.891232
-0.123227,-27.813503,28.007311
-16.165508,-24.933870,33.147522
-6.333863,-18.955925,26.432968
11.182837,3.365659,17.958027
-2.406179,-10.473430,7.077658
22.963711,-8.934521,30.668644
9.402832,0.072497,5.581602
-11.901155,-12.323121,15.588765
-44.361244,12.335498,40.960331
-12.746293,-7.924545,47.475819
23.145084,-6.605190,22.081755
-18.407082,-5.298248,18.764984
29.797237,-0.425042,35.787453
-42.808346,-35.906765,53.071404
-46.309689,-25.236059,52.720325
2.615075,-17.155472,13.255214
-40.027210,19.970278,38.101543
-37.004128,-36.768242,48.165668
-42.252563,-29.234013,47.963577
-13.868744,-8.883039,21.149590
-6.225941,19.722147,39.105824
-41.653992,-38.096134,52.976925
-15.359610,-23.220963,41.489029
15.930498,-33.383759,49.698784
21.580093,10.916239,49.891613
-34.765255,-38.787766,47.819809
13.506955,7.317786,19.867081
2.468320,-25.192204,31.464668
17.512760,10.847432,32.364044
23.755650,-22.854635,32.889412
31.903250,-21.321640,44.004040
-14.593548,0.120611,32.064178
7.557050,-25.804306,24.142120
6.590691,-19.760809,24.743818
3.444956,23.228893,49.141090
10.119007,-0.758464,8.924974
-30.899014,-47.195721,52.202129
-6.178284,9.175709,18.374784
9.984699,-0.597895,12.866474
-15.066402,-25.756561,40.382423
-42.947109,-32.421909,51.536011
33.452911,-14.534374,41.362892
-13.280399,-33.480804,38.487812
25.525993,0.123758,24.323956
-9.309548,-15.330612,14.114399
17.219061,-12.690570,16.349562
-8.157237,-44.262115,50.207241
-7.604433,19.536436,14.440505
-12.264007,6.982175,8.834852
17.077286,-32.134892,51.898560
-44.895924,-28.540178,51.801414
-32.495419,-44.671246,51.193211
33.228230,-17.281857,41.168449
14.602085,-26.179882,37.692982
-37.959652,-40.562515,52.399097
15.602740,8.594218,33.481644
1.728466,-32.396320,39.012161
-9.980030,14.857855,41.191658
-9.806725,-16.766989,49.787651
-12.296604,5.425868,47.107563
-13.439684,-14.985280,38.749981
4.942592,11.074232,19.704758
12.675272,7.007124,15.811413
30.930727,1.260496,39.654457
-15.208482,-35.000664,38.680901
8.033442,-33.128273,43.923092
-7.266275,-25.894705,39.094387
11.888027,-25.861649,34.489346
10.265757,9.546721,18.620932
31.247473,-8.344024,50.475956
-11.334636,19.585724,13.673665
-2.682786,10.094923,13.076101
12.694494,-19.290194,17.929296
-4.100951,20.831055,20.553638
-6.198957,-36.622902,51.626331
-9.175390,-9.490814,10.219502
5.187818,-4.899241,5.387440
-35.397530,-42.066677,51.293152
28.392323,4.303650,50.252083
-19.916079,-5.215071,52.789539
-7.683334,21.665560,26.656214
5.434145,12.460664,33.275852
30.717045,-19.338894,51.450321
-6.911270,-22.761452,25.832258
11.949405,-22.178059,30.165239
33.483128,0.411115,44.391079
30.954271,6.736876,45.811909
7.558033,-28.925655,44.713112
-4.910195,-0.029733,3.497754
-4.758139,-11.296796,7.324400
-2.453249,-1.726279,8.069166
18.330744,-25.136856,36.468372
-7.782751,16.299107,16.639757
-36.552620,25.981434,38.500614
2.023817,13.404802,13.949020
3.251889,-4.045691,8.822137
-11.244423,12.802372,37.443138
8.335901,-2.135148,4.762701
-11.908293,8.325535,35.334579
-17.461748,-17.984386,43.311275
-0.664682,26.708956,49.673988
16.615273,-6.985283,23.645536
13.232868,-34.556797,47.676411
-2.016490,-35.011097,49.401997
-10.202685,-31.340881,52.349075
19.499413,4.442401,18.958382
-9.223654,9.016813,28.478199
-6.884848,21.442289,33.865639
10.024587,-34.476006,42.751865
12.035886,-36.234726,49.219200
-7.559181,20.824883,31.579967
11.900297,-31.609049,50.327572
27.275204,-24.192104,47.055046
5.635413,-11.681363,8.888167
-42.860561,4.828568,38.294632
21.735622,2.816472,21.436768
-39.485676,-38.706120,52.232880
9.005714,-7.266819,14.013361
4.715141,5.209480,4.965612
-19.372812,-8.925050,42.121925
-14.531836,-23.781254,52.935215
8.036647,17.510204,23.158039
-48.310627,2.807287,46.291492
-6.407616,-22.799047,33.468937
13.175191,-19.593960,26.861988
24.121368,-30.470131,50.430496
20.784122,8.078472,30.008507
-19.046961,-14.613430,42.881721
19.567389,-16.819555,30.802879
27.005743,-17.153788,30.001463
-18.437382,0.382201,43.616558
1.754519,-37.906654,51.514111
2.978071,21.163567,41.200382
0.933711,24.307606,50.206402
14.099966,-32.038139,41.324383
-6.939762,18.872601,28.125027
-7.909330,19.593605,46.001083
2.610032,-29.403427,31.244408
-7.567261,1.608597,51.337372
16.811699,-21.697517,24.520233
-19.992434,-14.426863,39.548485
2.969501,-5.609366,4.074616
12.438590,0.339386,13.641498
21.219696,-1.416910,22.618536
-5.729406,-16.660429,20.083471
-2.278516,13.049079,8.610811
19.821758,1.073515,25.399607
-11.292893,-18.606428,28.626772
-6.563561,-34.146080,40.329403
35.807152,-19.825556,52.054852
8.129973,4.228583,7.187376
21.584963,15.505746,41.903820
27.391863,-23.463665,37.594090
-14.330523,-29.919743,36.045792
-12.308728,-35.865276,40.227207
-5.417110,5.423981,48.239296
-10.660524,-9.317033,17.624645
-23.593607,-46.414562,48.125099
27.409176,-5.249581,42.051945
0.746409,-11.927228,7.467761
-24.555195,-44.878296,47.269875
1.617462,3.252516,7.695491
37.147717,-8.047174,48.485104
-17.727472,-8.842980,20.211792
-8.417426,13.827734,30.528006
30.866386,-24.858871,43.815659
32.295979,-10.018579,37.312630
-6.605346,-45.407475,52.532894
-6.373213,27.984228,41.587246
-14.568459,9.986181,52.002308
21.788877,16.118858,48.392296
12.618737,11.373400,51.753597
-18.226774,-0.258322,30.793745
-14.814515,-10.538247,32.141300
-40.109497,8.396789,35.103607
10.403988,18.753317,51.619915
-49.851353,-1.009815,52.002766
8.197875,2.811907,10.340714
26.195911,-1.489184,27.058832
-17.164408,3.954041,12.927790
-42.452068,1.392646,38.086483
18.463240,7.763301,32.232697
25.234629,-6.163199,27.487822
-14.474878,1.072031,11.864116
-8.468724,24.939928,25.208927
-12.294872,-3.438402,10.397356
12.859882,-10.240019,11.533965
6.150455,-18.051420,14.585979
18.406868,-25.024872,28.786499
1.677887,23.079805,38.884407
0.625605,-27.354517,46.744053
-17.439129,-20.636370,44.968060
-9.897397,-29.031696,46.664860
-10.607595,8.848654,46.626041
7.807236,-36.824291,51.680721
-9.653761,-21.303410,32.101444
27.529284,8.915937,51.218296
23.691351,-5.960417,19.758085
-19.007362,-1.687706,34.266113
6.313673,11.624040,13.941252
14.556817,-25.305447,40.344051
25.200512,13.009552,51.076488
-6.976202,-20.086786,50.190216
16.887175,-16.887590,18.530336
-40.118553,13.152649,35.832859
-0.815114,15.863947,18.218470
-32.992954,31.539827,52.900921
-15.619129,7.049366,47.416283
-29.839121,30.892336,41.055824
-7.183029,21.459242,18.897421
-11.627305,3.118179,8.882776
-12.901304,-18.379681,22.259930
-12.875699,-0.447321,30.644457
6.994977,14.838948,22.237291
-49.754780,16.147804,52.294014
-2.141276,-25.074240,48.979748
19.127234,10.297179,51.468151
8.918250,2.157475,13.325032
14.706374,18.621824,46.064281
-13.517475,-34.189915,40.423660
10.441706,-20.302376,24.034727
-48.391354,4.676419,47.272034
-40.539459,-36.413765,52.890774
-4.453761,-28.512304,33.633076
-4.917242,9.507857,42.642708
-41.282467,4.759704,36.241867
-9.185099,19.519354,13.453587
14.247537,-26.206726,42.925682
17.392937,-1.163078,22.689514
-5.142688,-12.671082,14.481995
-13.523686,-13.684704,17.266417
4.105794,-15.869777,15.823485
-45.540287,-29.823408,52.909225
-20.941544,-17.057861,27.527258
-18.929949,2.350915,45.528736
-7.616854,-30.223616,34.449238
-41.100399,25.312054,46.981598
34.562145,-1.727340,50.798183
22.064758,-28.864655,39.853630
21.859629,-28.137089,36.767551
-2.381172,23.584185,39.029140
-11.374551,-40.742157,44.921963
14.003699,11.878476,28.008238
35.964886,-4.192474,48.596729
12.789314,11.272292,15.091725
-14.467257,17.659018,11.889618
-4.322986,-34.900162,45.703957
9.182253,-26.279966,22.228458
-47.935036,21.244854,50.686100
-6.640738,-31.965124,37.455368
26.592342,-7.734959,33.539131
-3.729909,-40.796558,52.671402
-15.146654,-38.963829,41.536991
-1.688267,9.939169,46.784260
-49.531364,1.958709,49.787354
33.693886,-3.275890,42.869308
34.717163,-12.752625,44.433426
-40.525955,27.736198,47.870148
-15.101060,-16.542301,23.055132
-12.433738,-27.959711,41.509537
18.148895,8.892593,41.453239
0.929737,-16.671249,19.169321
8.213441,-28.566717,51.983242
-20.821398,-6.905775,38.633957
7.510642,13.000548,28.887110
-6.304458,-10.672087,11.538726
-13.923038,10.237516,31.854700
21.473366,-13.086358,30.405005
-13.832932,-14.549865,48.170254
-1.319926,-17.798887,14.258465
-16.084211,-0.558280,20.855497
17.329882,15.311653,50.639549
28.453573,-6.392791,45.601433
-16.234921,-10.653090,22.401354
-49.726185,0.698522,48.515472
-6.180039,-21.314793,52.127182
-3.427289,18.695557,51.719437
-7.740408,8.524362,21.623573
-18.625488,-0.129118,26.404423
3.437909,-10.284244,7.064791
28.224112,-19.103518,37.396965
16.077250,-11.258461,23.402786
-4.043391,-23.293753,32.857674
20.551025,-12.952352,19.494251
-3.334290,-23.320992,21.275633
-6.907354,19.037973,17.252777
27.859211,-18.280968,33.999798
18.806736,-6.619387,15.241424
-11.689674,0.866885,19.799274
20.075682,13.377092,51.335251
-18.310352,-20.337149,42.507877
-8.717284,-19.738419,29.487349
24.830076,-11.289067,27.159210
-5.722181,24.430323,33.628525
-36.420998,-38.554741,49.056698
-3.732739,-26.239925,45.083729
-7.902966,-32.834728,49.937092
21.406622,-22.744230,28.431715
6.195973,3.579507,11.279327
-4.149700,23.722267,43.770760
-46.381905,5.074626,43.265060
5.124913,-17.313421,12.144326
14.276049,-32.268353,51.681396
30.195269,-18.439783,49.089245
31.279558,-14.951338,51.316700
-10.425373,-15.968808,52.720108
-29.543106,28.376682,38.482101
-40.578808,14.794731,36.949673
8.605648,-6.421345,6.719663
18.867075,-26.647799,48.744850
-13.482191,2.686583,36.191025
-19.495680,32.691338,48.392467
15.923079,11.058887,23.910646
-1.199997,16.200306,45.149689
-14.595263,-17.176554,21.183033
0.492755,21.941565,32.686718
-1.765499,25.056829,40.644474
2.805024,-30.380100,33.687988
-14.191418,-8.345585,33.324528
-5.215855,-2.075346,9.292295
3.489570,-19.975487,15.204936
24.021097,8.846302,34.798069
24.303326,-3.610359,24.346355
1.118544,-34.396751,51.054073
20.743912,-18.468861,24.799496
3.838245,-29.089333,42.135014
-33.416821,-45.385128,52.853020
-1.901523,-7.970984,5.334408
23.531355,-33.530903,48.757328
16.518536,18.027987,44.111256
3.205930,-32.211918,32.629383
14.073929,-22.799383,26.197821
0.835201,-27.867546,41.672947
27.168873,15.534761,51.058231
-36.188965,-40.339260,50.167389
1.660956,8.416782,11.707945
-15.721610,7.950485,30.327085
-11.384407,-5.973793,50.097954
20.647242,12.648696,43.933472
12.630075,8.138234,17.859060
10.616458,3.688478,7.202021
-3.004073,8.834114,43.372982
-32.178169,29.413321,39.579819
-2.917229,-31.384874,39.210503
13.898994,-35.253593,45.496956
31.376646,-5.904710,37.405884
12.561140,-24.042730,36.233036
26.380737,7.680340,35.410275
-2.909829,7.375973,51.785950
-19.115396,-3.999440,42.709412
15.901772,-4.217810,21.396162
-10.438884,-1.849966,50.743217
7.263831,-17.789537,12.179178
29.374279,-5.317341,35.234570
-8.661615,-17.626400,26.919664
-8.314731,7.198339,51.865681
11.921446,-25.166359,23.078125
-44.723930,23.982409,49.729355
-9.317744,-26.666655,50.851131
-9.708941,8.559575,7.284463
23.458025,13.349481,52.392754
-19.587908,-13.292063,46.213367
-20.034105,28.604866,31.662941
18.386663,8.088039,19.086803
4.611704,11.430620,51.065956
11.747987,9.771888,25.510124
30.948292,-0.688185,38.031700
10.349339,-33.017845,52.040520
30.213600,10.003407,52.443733
-10.769464,11.493237,9.325727
-4.841243,28.344917,49.883888
-15.580195,-11.376620,18.989281
35.073612,-2.170494,45.744041
29.948717,-9.030681,29.298071
29.749220,-25.072102,41.264366
-18.922974,-6.835672,45.405853
-12.204203,10.946534,13.488014
9.007614,20.606148,47.650963
10.755021,-14.644265,13.976053
12.767064,11.166794,48.552101
13.081382,0.842196,17.336115
-10.275668,0.085850,6.890416
9.018509,15.234938,20.357744
-40.338039,-5.850274,35.721092
6.809976,-13.884189,13.481109
-8.935303,-20.788105,42.746471
-4.018431,-28.034851,29.769211
-18.253902,-18.311239,46.967308
-39.325512,4.843339,34.315231
-1.850457,11.564175,38.513557
34.460453,-15.249609,39.756226
-13.701438,-29.862337,39.223858
-15.261755,-0.171749,51.198700
29.451618,-1.218886,51.768318
-13.524259,-15.868844,43.037319
23.992887,3.457669,35.687920
25.177385,10.074982,40.659794
27.827005,-13.831678,49.090691
10.417233,-27.027037,24.796007
-8.897039,-28.653622,31.607388
17.525444,5.901153,17.073746
-7.965478,19.067511,30.165596
-2.067419,-15.093397,19.942913
9.791407,-37.306034,50.054302
11.275363,-2.809291,7.284892
15.388640,-29.756729,51.807903
30.529823,-26.278280,51.456909
3.495994,15.855728,52.241150
-10.144477,-22.092264,37.057365
-4.369487,8.038763,13.035711
25.878195,-16.386005,47.204758
3.250848,-33.068012,42.719986
13.541823,15.598845,46.402855
31.427460,-3.089328,36.032230
-13.356237,20.103697,13.438573
10.531236,-27.410072,40.727570
0.991986,-27.016272,50.452202
-17.713327,6.991341,13.137685
23.260035,11.132308,38.128849
-11.158724,0.137686,15.618594
5.830935,-19.134075,12.845215
28.810427,-30.071844,52.294758
25.840839,11.887422,43.968693
-4.500380,22.346331,35.154022
3.089356,-36.561779,49.036556
-6.533461,2.047060,3.873177
27.934687,-14.142501,28.663996
-13.983709,-27.543478,33.595451
16.363317,2.488291,18.124971
-0.625888,-36.159397,45.558693
20.148657,-24.593822,49.877502
-0.761264,-30.006748,32.697144
4.566770,22.854210,52.087475
36.496410,1.274894,51.703403
23.493801,-1.268535,25.925798
27.369856,13.555904,48.666401
28.340897,0.148103,40.875546
-0.698492,-16.929979,21.190866
24.870516,-18.986916,27.792665
-17.871984,-22.459814,42.482922
-35.378838,30.770990,49.734314
-14.336968,13.141289,10.209699
38.635685,-8.153595,52.116249
0.622218,-19.977795,14.574390
-17.652531,28.348614,30.344906
12.215476,13.794035,34.371151
8.959056,-25.184757,33.069317
-31.124796,25.637413,33.157726
21.439175,5.557399,36.830322
-19.492222,-2.999732,30.276503
9.964235,6.888291,13.806487
23.875547,-16.345383,39.226166
10.087651,14.386348,51.968254
29.574228,-11.147661,49.928921
3.727364,11.103878,16.347488
-14.384435,12.121055,43.331539
10.516673,-29.916819,51.865009
-47.006378,8.083301,43.919304
23.724161,-18.204107,41.766224
-11.408792,-25.061460,51.667168
-2.376866,-4.052876,4.301904
8.640743,-21.527187,21.472822
-7.926157,18.363094,19.260237
-0.085780,23.496035,42.852261
-3.647686,-31.189213,35.772411
-3.201510,-24.849176,52.335033
-16.273104,-15.874506,46.674370
-5.241807,-22.222668,19.587456
-30.488449,32.447189,47.873039
-34.154388,12.058988,29.106504
-1.357097,-25.953941,44.159199
5.051079,-3.702158,3.467821
-7.700850,5.987329,42.004246
13.739533,-15.737401,16.377068
-15.119294,-0.147639,39.441479
-18.836803,-2.007233,39.050972
16.747040,-25.692026,48.497761
4.562701,-6.244894,10.970370
25.398428,-14.325440,35.149006
-5.198847,2.715949,9.286864
1.366710,21.024738,51.148056
-18.128761,-14.319555,23.747700
34.036716,-10.729286,51.124699
-17.373915,8.165366,35.187984
-20.278831,-11.803441,23.159058
21.744379,10.798018,34.019585
-16.835754,8.497220,32.640224
13.062306,21.493210,52.238182
31.782875,-1.914176,50.334263
16.950291,-0.411933,11.731661
-0.768937,-7.573048,8.350018
34.228798,-13.002723,39.237606
-12.273104,-14.211406,41.639168
-16.850260,-18.760654,37.862568
-5.023783,-24.977118,42.117348
-26.870161,-49.650352,52.460739
1.612446,10.317127,14.187053
-0.102360,14.269049,12.414671
-6.510541,22.643335,39.829124
-0.065461,-6.780957,6.234510
16.605452,-0.553505,24.742435
2.396959,22.129395,52.681400
4.429008,-7.428239,4.895819
-5.095945,19.672688,16.330555
-6.405180,27.392279,48.738785
-11.125598,26.290556,28.184206
1.583933,12.233149,36.746433
8.480262,-18.062965,25.261871
-21.525751,-12.969525,38.369480
29.386211,-23.600647,51.977833
-18.794466,-16.835403,40.879784
-7.423076,14.240379,10.711944
19.639294,-27.133930,37.011532
11.210161,14.860920,28.702934
-8.766131,24.053093,29.041052
27.966160,0.296842,48.287544
-9.263665,-16.499002,21.025387
27.623222,-14.606335,44.265007
8.417656,17.723576,32.154842
3.364019,22.920980,40.122066
24.092812,-1.485726,22.411428
-10.813608,-14.844368,48.392738
27.906746,6.843765,42.238266
-8.035844,-22.211481,23.075974
-11.239162,-3.686250,49.335243
21.361965,-35.316044,51.072838
-3.810364,-4.129827,8.099182
9.280407,-35.241116,47.643803
20.755156,0.266142,20.158810
-9.890726,-14.819946,23.518595
26.751631,-25.841583,39.251862
-45.992432,8.771626,42.411243
24.990953,1.347365,38.284477
-21.227007,-9.968173,40.664330
-8.404096,4.705452,16.041990
19.591322,4.275639,23.091204
3.075806,9.623742,17.364492
27.479738,-12.224683,30.532230
9.396176,10.493423,27.759684
28.254635,-14.920942,31.514879
-4.291936,25.462667,39.583469
-48.181713,-5.326101,46.229748
-15.044823,-7.684201,17.399492
15.930306,7.993442,27.107437
22.719372,6.980764,42.641449
-16.622461,-14.886910,35.535595
-9.316150,23.755129,22.315369
-13.927343,-30.949873,40.656914
-8.804423,15.961557,28.466860
24.450579,-22.326571,37.712044
8.903247,22.658804,50.582195
27.145441,-16.687330,41.125343
-2.655447,-32.980659,37.261837
-17.593657,-5.886623,48.296806
1.113145,19.822443,29.223593
-3.322659,15.324347,14.416636
-42.956341,7.000252,38.433914
-9.925746,12.401472,18.721241
24.400118,11.086124,48.947620
25.708847,4.035959,30.322144
34.434879,-16.831713,52.814140
18.410124,9.620698,25.593987
-8.148699,-22.608749,39.874069
-10.784433,-19.095707,37.312225
14.272770,-34.449223,43.075325
-18.856136,-3.302925,17.440228
-14.369622,-3.072364,38.801403
1.405892,15.778799,25.776836
-4.246880,-33.751347,39.186195
4.328394,-12.988260,17.425592
17.705292,6.192948,33.918472
-10.240587,-31.504198,35.515686
-10.674709,4.650270,11.925079
-10.313783,13.542692,11.618489
26.009525,-22.234795,52.151619
4.128721,0.187717,3.798853
-9.767469,8.942928,17.176769
12.793594,-21.645472,18.424507
-4.990660,12.647507,41.621830
-5.476777,-24.180859,37.036118
7.600232,-16.252672,20.598001
10.469545,18.431484,42.642365
-11.214321,-33.594261,42.228706
-11.924900,3.364012,34.148075
-40.638588,9.978010,36.276287
17.501709,-15.128579,29.439404
-19.526867,-9.956371,49.790688
-12.592711,13.185599,45.245266
32.207062,-25.312885,46.988422
-14.176578,-1.622145,27.828573
-15.064040,-25.735748,51.945248
-8.678760,-20.149811,40.532024
-15.128271,-26.542496,31.863075
12.595511,-5.047004,20.540014
10.795361,22.297493,52.036751
-2.201661,20.019163,43.788067
-26.896896,29.339943,35.771721
-6.058303,14.541237,22.552917
8.939901,-9.064478,8.006815
-8.008172,7.347481,27.643396
0.605995,25.907993,51.648056
-4.829570,-8.247026,6.430821
19.239138,-31.908951,46.166821
1.164697,6.026194,9.236595
20.996662,-7.553595,16.664267
-13.722877,-9.515848,24.644302
12.273140,5.031437,17.062637
7.876168,16.843594,28.404091
0.045996,-25.347742,52.886925
15.088581,-23.754053,38.371273
-45.859997,16.361641,43.784824
-10.633142,16.301559,32.907566
-34.830284,-39.758953,49.256695
-7.486898,19.494129,26.005842
31.707226,-24.263309,52.081905
16.395016,-30.430962,33.784588
31.362366,-6.461388,41.535389
27.529644,-8.624908,39.983822
12.961669,-30.024088,52.080956
1.682235,12.819646,16.538172
-13.944264,-2.076252,33.391720
-6.746230,25.229240,30.579720
18.191784,-25.491089,50.565060
7.108115,6.913928,14.652705
19.564039,-22.044222,41.581596
3.244676,-21.515450,25.118975
-17.596834,4.660328,49.163395
6.839539,14.595666,18.153488
-50.153004,-5.238629,52.329845
-11.975066,6.929097,23.818539
-24.114122,28.367031,32.584080
-16.666443,-1.729282,32.657059
31.370123,1.898084,50.595333
28.925205,-2.820748,35.569977
-5.727208,-28.536476,36.978985
-22.290602,-13.329628,24.785097
-1.743352,-12.995523,8.119124
14.853474,1.276590,9.912591
-7.960261,-1.518569,5.640947
-29.402456,26.037977,31.791294
-49.476578,5.958332,48.667652
17.032721,-18.250921,31.759481
-9.537269,-35.985245,41.863701
-5.854901,-3.420742,7.662954
-0.875157,0.212610,2.259858
5.090034,20.358253,38.603401
-20.713085,-15.770185,41.711567
-15.034684,19.166750,13.019119
-45.641682,14.169865,43.256428
-11.075385,-5.575347,16.338102
-43.573257,2.974835,38.632339
-8.165577,18.985941,49.680157
-40.336487,29.630852,52.209881
16.805595,-7.353425,20.191936
-6.020781,-33.954693,37.987259
-46.296333,19.440418,46.040714
-11.231324,-1.383837,20.131659
-1.333529,11.346357,24.284573
22.158670,-9.081660,19.818699
17.423140,19.589054,48.955563
-1.741587,-19.607883,23.528725
15.005137,-31.606045,35.719341
-17.453711,27.795759,28.500721
5.624171,3.042702,6.563529
-18.867165,-11.478254,33.536198
25.336010,8.680014,43.609421
14.548140,-30.675499,48.929134
32.281513,6.936513,44.222141
-13.272816,-25.198294,43.075535
17.918230,0.211207,26.637228
-19.136106,2.251631,51.378933
31.027100,1.523341,36.150455
36.585770,-17.507717,51.844875
19.240288,12.434628,37.157883
16.034559,20.592051,48.479900
22.148367,-15.990555,23.259710
-1.122743,-26.790472,35.080616
17.131172,-34.784477,45.711987
-18.216980,-19.921854,49.752834
6.425832,-2.850762,10.361632
12.269909,-36.598656,51.897419
-18.686186,0.226362,15.993704
15.360474,18.725866,52.163174
-31.932795,30.358196,44.612030
-1.183208,-7.964027,12.489083
-11.649293,-1.687860,12.679889
-3.874664,16.288460,32.412132
-34.724323,10.401456,29.770792
24.424339,-24.484587,31.731241
-18.628408,3.544322,35.636082
21.191450,3.953258,33.869751
27.639408,-26.656260,41.626766
15.763427,14.397648,36.300896
-16.031040,-19.913570,43.154724
19.031712,16.938269,51.957569
-5.593390,10.259300,6.724349
9.114626,-27.934586,46.142227
13.955887,-19.802074,29.878677
-4.526702,-14.777366,11.032389
-12.594876,-12.362264,45.037914
14.597442,15.678249,33.723312
-48.833942,10.609426,47.547104
14.870412,-27.774393,49.481281
37.149776,-1.407395,51.705498
-9.409533,8.189560,33.270851
4.758906,10.470265,23.354937
27.842548,2.017333,36.794544
-8.139156,-24.933315,25.688545
22.617928,-13.698153,20.605961
5.108521,-13.721623,15.228369
-10.608688,23.918049,20.566385
19.493166,-25.636915,41.444828
8.912739,12.753069,36.076290
7.814609,-29.279043,48.820412
16.146233,-11.918441,26.205317
-39.609821,10.252668,34.598309
-15.779565,-18.419371,45.543022
26.746067,-27.211262,52.263172
1.061458,10.284594,16.435087
34.434223,2.393799,45.401161
0.379138,-13.562917,16.628294
-13.221395,1.058142,34.122501
-14.719572,4.616074,17.088907
4.423606,1.017726,6.043141
-23.069939,29.948593,39.529831
-13.750196,-10.337127,43.065189
-3.389694,-30.187033,31.560040
-35.369980,19.153255,31.800730
10.065129,-33.198399,45.871536
22.912663,-31.564484,45.143238
4.245358,-21.680037,27.576054
8.907310,9.357931,23.958088
-18.708862,1.865554,48.672096
-5.642561,17.064081,42.852966
-34.007973,7.451366,28.868454
33.604973,3.976377,48.898224
16.448235,-15.323905,15.988466
-0.108475,-9.215610,11.168448
3.996442,13.257187,29.974838
-7.958850,19.656542,37.227489
17.235399,4.468226,18.809067
21.347034,10.605823,52.225090
-16.238297,-0.383803,24.144394
16.136820,-2.857180,23.823595
-6.837778,-21.088165,27.793247
-14.832513,5.236973,26.093121
27.736464,9.968447,41.168770
8.279382,19.088684,39.584671
-22.299072,24.936127,23.021177
15.344668,1.590544,21.121489
-5.559133,25.541029,52.880310
19.187094,-11.607091,28.075558
-6.108342,-37.161877,45.238308
11.084065,15.064915,23.007324
-2.721770,12.230923,29.050720
18.323997,-14.820547,24.252178
18.434454,-5.031663,13.166326
-45.191536,2.007497,41.129280
-44.914043,2.930269,39.706371
-5.482237,-4.436368,9.850853
7.326148,19.207115,36.341415
26.436270,11.625589,40.106190
7.724632,-13.401917,10.503556
-5.889116,14.810551,29.773752
-4.033046,-34.091515,42.489304
9.076950,7.346115,18.644409
33.137482,-3.907133,37.691132
15.136806,10.818673,42.675663
-8.465219,-6.808539,7.654371
-0.612819,-24.608629,20.148647
28.001635,5.417589,37.489239
-11.177815,22.096247,16.242031
1.034821,7.411199,6.972569
-47.337311,16.922176,48.578640
-16.008701,33.067379,51.147167
15.108669,3.735430,19.877998
-17.540852,11.264710,12.426405
2.282113,-22.078621,17.918085
22.634171,14.673649,40.415188
16.967520,2.850794,20.068602
0.371969,7.032377,4.480428
34.980801,-6.055621,45.301468
-7.345671,-26.247948,36.210621
-4.308362,24.895809,35.807518
-6.355798,-29.200914,30.670465
-9.495449,-21.696905,52.211926
12.297894,-25.911800,40.399593
5.600873,-34.736637,46.848488
1.636217,-26.170994,21.791533
20.141081,-22.657579,38.520542
-16.274096,0.215416,13.104002
-43.581150,27.407696,50.888203
25.698580,5.484716,48.592075
1.872711,-27.513531,36.742935
18.024893,5.212221,31.403877
20.326506,15.871100,45.234562
5.262279,13.783704,20.314053
-25.296143,-10.499508,24.312988
-7.117573,21.219105,29.098877
-0.512833,17.652197,16.710550
-0.089424,-22.180487,26.888390
19.203966,-32.109718,49.423630
-3.481267,10.758159,22.648903
-11.928082,11.937122,40.799274
26.268242,-17.810863,50.576988
36.089718,-1.386080,48.264702
-12.452217,26.076399,25.258095
-19.261446,-0.518032,28.665443
18.067108,-15.777452,32.145115
9.472811,4.470647,9.162799
27.535587,-2.398002,44.764606
-24.792555,31.219606,42.597828
6.543024,8.967494,18.591740
-7.921807,-10.032365,14.991413
-16.644291,-27.466425,33.864349
-12.069903,-8.830610,22.891647
11.174368,-30.833141,34.046844
8.285398,-23.682096,30.189482
17.993710,1.607264,14.923304
2.083679,-23.315689,30.778868
29.855095,8.081118,43.701614
33.291061,-24.143951,48.302364
9.183174,-16.065590,24.083126
-1.513038,-22.545397,24.238049
-12.407373,24.615606,21.247034
-5.974895,15.384196,13.054533
-4.472457,23.034233,25.570719
17.284332,-2.311782,14.191348
-2.128165,21.353022,51.779896
-3.378900,-22.770605,29.305475
-7.059523,17.475655,34.388824
22.244883,6.410223,26.885130
-13.769044,-2.729688,35.629623
-19.168240,-8.164337,51.848568
-20.307178,-13.941944,26.433649
24.906481,-18.346937,48.498341
12.673016,4.581891,15.367014
6.739354,10.612442,19.461412
1.134207,-16.909153,16.030075
6.863295,-24.752878,21.585537
-13.352213,-14.196402,53.094284
29.346684,14.747548,50.444950
15.623741,-1.368358,20.100512
7.554908,15.750082,34.904449
-17.984707,0.078999,22.208176
-16.115902,1.639084,49.388020
-6.911177,-13.055002,10.166574
25.135887,-30.927374,46.433140
13.535894,-14.421858,23.273048
-45.047298,18.218225,43.587204
-15.126022,-24.460962,48.149281
15.164872,-17.791588,30.339561
-12.097786,10.407049,29.446220
25.126175,-27.967482,39.293427
31.742708,-2.942550,34.037827
3.942908,9.863252,52.479923
-25.211357,31.297695,40.807335
21.547104,1.076450,23.407255
-50.685822,1.202973,50.885342
35.304157,-10.136833,43.034702
23.047596,-26.023611,40.411140
24.465824,5.056030,39.152794
36.015469,1.323022,47.419708
20.313181,-1.156016,15.332441
13.435173,-20.740965,24.074230
-36.029343,30.259563,51.929661
-14.338051,-13.773512,20.048241
-1.388304,-11.019788,9.753017
7.593429,-36.359470,49.187313
13.158188,-33.353966,45.966122
-16.145176,8.281199,39.521095
25.683266,-33.112621,50.364044
13.352155,-11.675046,23.418507
-45.973755,14.910116,44.903687
-12.200866,7.557149,39.267773
-10.889413,-27.324778,52.366646
-2.856420,14.404220,49.825729
6.752521,-11.058629,7.093225
27.267323,-24.032328,52.459507
-11.972429,-17.706356,34.507175
-40.405891,-7.653897,36.172958
0.478913,12.645988,30.213575
-20.093681,-8.292171,35.182343
27.067190,0.217601,29.391241
-10.354906,-14.108774,50.250034
-19.304399,0.769648,37.310440
7.556404,-7.392744,8.398179
14.586399,19.235281,43.858902
23.446978,-0.775899,35.598572
-2.228475,-8.466443,7.269349
11.523609,0.232484,10.908733
-18.126488,-18.797697,51.793983
-15.919375,-2.037554,26.037167
-2.948957,-7.159285,12.575924
4.386384,13.804991,39.678028
-5.102139,-5.816950,11.992856
18.574963,16.680914,47.909435
-38.206547,20.301794,35.965076
6.585752,-15.685258,10.798024
8.434632,11.435727,15.407193
1.395724,-34.874405,42.854473
-18.730629,32.136574,45.057327
-5.074981,-8.423317,13.895103
21.369156,-27.369276,41.843472
29.501495,0.835047,37.519638
-38.232414,15.939580,34.051205
27.671225,-16.057814,28.549976
27.630117,1.793879,50.421711
-7.842459,17.491388,29.090624
-26.586493,26.594675,29.087639
0.258964,7.164546,10.759082
-30.322105,15.218116,25.055656
5.561878,-15.843903,13.952682
-7.270252,23.372252,23.049089
17.889778,12.119390,47.643356
-27.025631,24.853998,27.776783
-18.963310,-8.927297,39.321232
17.675694,15.584234,38.020355
-33.029026,30.409178,47.467793
12.688008,20.836731,46.309578
-20.476534,-7.925828,40.529495
-13.179080,-25.416821,52.515965
-12.282720,1.403262,32.149632
-8.351631,19.134718,33.151299
1.853049,-36.347824,46.635384
-38.817776,24.162392,39.664837
17.150221,-24.412767,26.004885
-6.310707,11.425351,28.103704
-9.475592,-20.176662,46.424244
-1.257313,-28.299295,38.354012
-50.034924,-11.818278,52.920040
25.627098,-24.189260,35.125038
7.771065,21.263073,49.333130
31.573715,-2.672599,45.010616
2.236952,-27.326174,45.015610
1.177649,-35.090023,45.002041
-46.827225,16.051802,46.603188
18.744583,-8.162058,26.272392
7.379187,-9.959366,16.541557
-11.169821,9.477122,20.888699
-20.642990,-12.574835,41.675514
-12.071008,3.958599,38.843666
-16.777445,-1.831003,41.776981
-12.499233,-13.926929,49.802597
15.966600,10.877097,38.788509
27.695660,-29.263262,45.662151
-8.184039,20.773394,33.103951
-15.236142,3.299757,43.385616
29.401768,-3.935768,45.833473
-15.568107,-5.163838,32.253948
20.657898,-1.253148,29.379738
1.429820,9.403378,44.577015
10.421467,3.228703,10.887501
8.443564,12.171185,45.060921
17.811054,-4.365690,15.466088
17.090366,-19.134575,21.655170
1.884186,12.962118,10.962457
8.798615,-18.464823,22.279499
-11.616869,-18.326874,44.483772
8.160435,20.771757,41.384785
25.204411,12.660989,52.926991
-14.351023,-1.579988,12.432860
-20.515987,-8.573039,46.035259
-0.845875,-19.277063,17.665897
4.426349,14.649311,16.319216
13.786775,-2.120886,17.753088
-5.774386,-12.429870,17.274817
-41.350601,26.336016,52.703972
-2.174003,13.363310,32.199005
-6.981033,25.060404,35.603157
-1.429772,23.076763,49.476219
2.739292,7.485406,5.232201
5.513918,20.903439,36.215809
-43.851608,21.084620,43.522186
-8.999577,-7.587464,16.044271
-41.509064,-34.907372,51.534435
-48.916389,12.834120,52.840458
13.710199,-26.756887,39.338234
16.438906,-10.650029,20.162113
19.311411,-1.838623,24.893959
-0.519291,11.935328,33.550537
34.791409,-16.958996,49.070957
21.652531,-14.225430,33.332710
-15.403605,-0.519283,34.041710
-4.241978,-15.156230,13.737385
12.339456,13.747514,41.507088
-20.625555,-7.716781,31.128122
1.565438,12.501538,41.169392
-2.082855,-1.346680,5.239394
-43.135502,24.198776,46.038696
-5.161837,-29.809412,50.340454
9.876386,13.613558,18.436199
-4.312073,12.890214,34.710087
14.724921,-27.424953,52.427563
10.459336,-10.808979,20.153475
24.265121,6.171888,45.608013
-16.775429,-20.258343,32.667603
18.392670,-30.190908,37.083027
33.906685,-21.142250,48.494625
31.910795,-23.183311,42.762188
-9.126947,-8.000946,12.957216
26.896435,-3.702452,43.307579
-7.192924,-6.796151,14.289841
-9.053144,-6.198717,11.180591
-19.767530,-7.556711,48.475235
-42.330025,18.905382,40.407078
29.627869,-1.929658,44.362045
-1.857828,-28.262512,49.522171
15.295157,6.020242,18.282898
0.967161,22.263474,48.316387
-4.132338,27.160482,47.131424
-3.917650,14.401637,30.999687
-1.237622,-9.675507,4.542778
-9.463522,-18.032536,52.159637
-9.758654,15.733219,49.620758
-0.712918,9.482250,11.472910
-15.480349,-3.260205,18.601347
-7.200885,-24.304018,23.655064
14.758506,7.815807,16.747360
-19.462353,-15.026476,50.433819
21.294413,-4.031745,24.173534
-1.080317,-9.499205,6.333147
19.384136,-5.511922,18.891781
-43.141979,28.312277,53.096432
-9.933223,3.250854,46.217419
-36.105335,10.411836,31.215788
23.388029,-18.737776,44.231079
-17.887983,30.637157,40.476784
27.325911,8.050186,38.848114
0.709504,-20.836107,24.126488
-5.558236,5.351933,51.323174
-18.737654,-1.370714,46.515572
16.421059,-22.382259,39.919727
27.740376,6.343473,51.809631
20.231117,8.605175,43.858334
-5.989312,-27.424856,51.733688
-6.695363,21.826715,47.717854
18.982349,-2.930262,12.971334
-6.008352,12.327469,21.023426
-2.724863,11.691055,51.438118
-9.787751,-18.685740,39.045383
-48.477459,-0.382040,47.677570
8.335731,13.542177,16.580330
-12.496180,-12.226238,42.755619
26.995852,4.466242,34.335266
31.467840,-14.848170,44.674854
-8.039623,15.142350,19.418285
3.233920,6.127197,3.875917
-8.581589,11.952805,10.587689
10.082542,4.852681,14.971541
28.186090,-23.995878,39.795361
-13.145448,-38.509937,41.493984
34.432659,-18.327705,42.244133
-5.351769,7.857578,17.184553
5.778118,-11.102883,17.993433
13.557627,-9.325905,22.926897
14.990741,-26.112221,48.743553
10.425904,-13.509626,10.825948
8.282517,-20.369003,23.377716
14.735893,-31.511597,46.578701
24.287289,-22.736006,30.284702
-36.680241,5.813931,31.453341
-0.046855,24.726368,47.685452
-4.072001,-15.403247,20.771912
-19.265163,1.066769,34.545998
5.543540,23.535769,49.915890
-2.750887,-24.789173,46.696030
-35.829254,15.733988,31.189230
-1.050205,-30.569063,51.513855
-37.844631,28.198896,42.654552
-40.153759,17.755072,37.180504
-42.991924,8.936858,38.958042
-10.554446,16.315466,35.527153
-12.172062,13.387505,33.020405
-13.266780,-3.888067,45.031479
19.843689,-20.495523,39.677624
-40.621674,23.715393,43.380592
15.482960,-28.971745,38.356884
13.571468,6.436895,17.461216
-12.707143,2.829132,27.284290
25.513535,-15.189270,26.963202
-46.949051,0.482766,43.737282
-10.060052,-17.838499,42.024502
33.390984,-3.491973,52.164433
6.207553,7.581270,7.820251
-0.827843,10.799879,35.801785
24.587257,-25.626076,47.125954
-9.938754,10.329138,24.651577
-7.245084,11.925411,16.691133
-3.694511,-25.439865,29.121410
8.948502,-15.382294,11.083192
-38.227814,26.302080,43.864655
9.263492,13.726091,47.994907
-4.374570,12.730162,25.446360
2.872422,-0.830993,8.598667
13.864197,-6.288179,10.580165
-16.022346,12.874016,11.765535
15.612911,-16.454422,21.301603
22.856781,-23.964722,38.638321
-15.554223,-12.762397,42.098522
-7.072249,11.962951,25.458496
30.697115,-23.243481,53.058983
9.848790,-27.313383,42.900448
30.737867,-3.834458,42.518806
18.523445,-29.976025,33.594105
-13.587996,-21.579847,48.733673
7.159354,-15.903596,16.697414
12.484750,19.661139,42.775589
3.715796,-14.813062,12.007079
-6.780350,-30.714018,47.263653
20.641661,-13.360082,22.906912
-5.512491,9.620867,20.849382
11.485931,-1.183559,16.973080
10.970754,-26.919992,22.871420
-38.538425,-36.842571,49.250584
23.502039,9.221611,46.439388
10.305290,2.922261,14.533132
-37.515160,13.476693,32.755352
-9.772640,-2.718589,10.211081
-7.770675,-5.038397,5.583674
-33.102985,12.752331,27.733006
14.746449,-23.724079,23.213785
-13.354398,-4.847564,13.005704
-11.746505,5.411810,50.878216
25.359085,8.322711,49.313549
-18.000931,-11.178730,19.449818
-12.415410,-3.548027,18.258661
-12.577352,-8.498036,14.473560
-13.004022,0.071070,25.610023
9.177525,-10.060450,18.203421
-5.510828,25.976274,34.759037
25.995924,-14.097938,41.879883
-5.606658,14.049459,8.865638
26.922668,-9.844924,41.980515
37.594936,-3.814358,50.694992
-7.712329,-3.251657,4.470631
-7.239324,13.478457,36.469929
0.285427,14.194364,21.654337
-46.030758,17.545235,47.396145
-13.044445,-1.144026,38.983303
-6.770116,9.397817,26.337040
-16.892263,-21.727932,39.247108
-7.178090,-0.173648,3.929311
-28.599482,27.227947,34.959927
-0.668509,20.932541,50.005123
-11.590492,-35.664452,42.194965
-46.588020,-1.255140,42.937939
28.067329,-1.294158,37.245327
10.961643,-4.339900,12.321809
29.244194,-15.527738,46.823738
-9.618164,-15.648713,16.447441
4.901053,-5.910595,3.696410
19.392721,-22.201363,24.482006
8.625872,-21.283024,16.375750
2.168352,11.729169,33.142521
19.013689,-26.716240,31.765968
16.107615,-15.106001,26.551867
-3.333786,-23.839672,50.447002
-13.062245,22.423698,15.990282
-14.593322,6.419977,10.357461
-1.313547,-29.547997,35.788940
20.116776,-15.865567,27.142193
-12.403375,-6.729265,19.127407
-5.290527,-19.598839,14.886811
0.156009,-1.115789,8.071012
26.547396,-15.791639,49.387859
-6.296826,10.529981,33.796486
-3.192347,7.698984,5.875173
17.847931,13.825634,52.437870
-18.281425,-10.668001,52.022324
-48.334843,22.142717,52.442772
-4.142294,-6.170884,4.704041
-13.846400,-18.723787,48.033875
28.260473,-11.514442,36.792320
3.396907,13.579414,34.967533
9.290557,14.067914,32.023262
-39.014858,18.494673,35.719196
-13.194205,-3.141613,47.596550
-12.906935,0.434017,37.068619
-11.145745,-3.162915,8.460962
1.029043,-9.752859,5.087764
-19.566914,0.242233,40.863132
-11.654922,-2.704448,46.033566
22.043079,-3.910485,17.163376
-3.864777,-27.068497,52.400902
21.430586,-35.922848,52.823139
4.897620,-25.067587,26.483145
-16.042387,-22.281454,35.428932
17.726831,8.622139,22.457184
15.770942,-26.412529,53.003559
29.629807,11.540665,49.158138
-6.259764,-6.768396,5.391184
34.336880,-1.243239,39.766781
-7.716881,16.228102,24.046257
-15.034259,-3.396041,51.765709
-14.410366,-27.141420,42.450020
17.763859,-27.101187,28.179197
30.735909,-2.718361,46.976501
-30.398306,29.136013,36.717873
27.104900,-26.361706,45.095268
1.020343,11.170429,35.159431
24.050413,-21.147621,41.325050
6.424385,16.887686,48.897644
3.752193,-12.668533,7.630297
23.984278,10.640011,51.590832
-13.682801,-4.678959,49.718189
-8.457067,11.992356,43.631618
5.947845,1.391104,9.621734
27.020605,11.035724,49.511848
12.467725,-28.329750,44.888702
-20.814949,-5.803232,41.968601
-15.227253,33.561134,52.826488
10.327933,-35.484615,44.900639
15.257701,-9.984796,11.333523
-9.577619,-5.824762,14.258187
-48.859161,9.936572,50.274590
20.441460,18.157967,48.469707
-14.301871,-5.924093,51.961460
-18.580185,-7.429300,17.926376
-35.583282,21.075338,33.573421
-14.553535,-5.247770,26.883112
-48.504738,7.839292,46.551163
-9.902588,12.884105,39.596745
21.366508,5.737000,22.164263
9.271900,19.558825,31.815136
-1.943539,20.514362,25.534254
12.244197,-16.958693,25.048613
-12.638665,-7.480150,16.755289
-7.129278,-1.877198,3.576109
-25.197489,32.364780,47.326687
9.685401,-7.472977,19.357016
-16.302479,-17.798100,47.452976
-13.006490,2.790160,14.931755
23.906868,-21.435261,46.640591
-4.997215,23.035225,23.661098
-15.990116,-15.094058,48.846325
-18.092278,-5.434583,34.639690
-13.514983,-0.923668,42.384159
9.894598,-7.920253,6.707702
14.305264,20.147179,47.417179
-44.975994,21.373657,51.655128
-3.272580,11.791420,16.622597
-2.639854,-34.264690,38.535030
28.694036,-3.652241,42.294067
17.043325,-31.254332,48.002861
25.280821,-1.370540,38.453907
-9.409615,12.206038,26.120552
-11.800363,-34.272217,40.730034
-13.122233,12.490265,30.718344
19.587479,7.340509,21.232414
16.008888,-17.497725,16.516888
-8.648788,-19.068996,42.061096
-4.398272,-17.897808,22.434952
-9.700041,17.786139,34.182636
31.712784,-1.149749,35.192535
-19.181097,-18.680195,29.485559
19.914026,3.085373,31.479595
27.556564,-1.389647,39.433685
-33.042538,29.963282,42.678661
-21.110245,-10.140496,37.744949
-17.500179,-16.671883,24.184155
11.046265,-29.044783,48.514561
11.972535,18.012926,50.016861
-49.892067,12.395228,50.075726
10.969730,-25.737757,21.346376
10.981121,15.189511,20.960184
-48.242737,-7.142694,46.656418
-0.276391,15.155006,31.192545
3.199608,19.728048,32.090538
-8.327521,-21.353281,34.994389
1.340252,-22.602753,25.272675
32.491146,0.561779,37.508747
20.234426,-18.182615,36.501637
-48.916470,-4.060853,47.876228
-15.773482,11.012247,31.367628
8.062757,16.838238,21.216568
-20.214392,-0.915843,32.055584
-12.911864,-4.429188,21.297964
5.372011,9.105645,16.287203
-11.996377,11.420328,43.577183
-9.346365,9.580794,37.879166
2.126687,1.220738,6.588030
19.858335,1.713059,28.631615
-14.421073,12.400698,45.301979
-9.846740,0.011504,9.962514
-17.762060,-1.929010,29.440165
11.423463,-30.578400,39.736156
-27.962402,31.125614,40.964073
-7.645637,3.189929,11.571906
-2.261812,4.385142,8.771586
15.372769,-6.005773,16.565701
-8.169816,-13.292482,19.232132
-9.956565,8.425586,14.324890
-20.261690,-5.414281,30.122133
-13.437462,-15.074955,35.560600
-5.129951,4.085237,52.698109
-2.824404,-5.137068,6.280972
18.092573,-21.602488,27.939573
-37.437202,7.365188,32.342632
-40.377750,-11.889879,36.612514
32.123123,-5.906141,48.781570
-18.386826,4.558374,15.408205
33.980022,-5.049900,47.353027
0.103127,24.439297,45.183968
-29.069529,-47.017975,51.162785
2.174941,24.316822,47.620689
-0.704829,-28.220312,51.598660
22.885725,-29.632484,37.982399
9.216561,-21.589193,30.313063
1.852497,11.551473,21.347519
14.341184,-17.087234,27.670732
7.471456,9.500538,11.344118
24.508579,-17.092581,29.467554
7.445764,-33.799416,51.528690
13.362626,-25.247057,41.688065
-38.682426,1.617240,33.929237
-13.212033,5.632649,35.646538
-18.840057,-8.507195,27.127697
23.247660,-14.827649,28.505907
4.804364,6.676235,10.190282
-38.962502,-1.707047,33.871662
-14.719395,10.415929,29.000034
0.777358,23.786707,52.395496
17.444851,3.943007,27.621304
-12.898713,9.834147,26.216343
-45.206116,-8.957413,41.495010
-44.267395,-5.212667,40.339146
-47.337425,16.557186,52.414585
-6.741223,14.851062,32.225410
-7.169471,-36.909241,53.077293
-32.351135,27.899315,36.407120
-4.097088,-11.298387,16.078165
-26.186049,27.981377,32.348938
-13.850572,-21.291206,51.789955
-7.007592,-9.380999,8.151184
-17.060951,4.617442,30.910208
-10.603354,2.724962,6.413634
10.963120,10.820997,39.466164
-10.970088,-37.068924,40.986622
-10.313289,-16.771324,43.847008
8.119874,2.367476,5.310544
5.981320,11.332533,30.590820
10.567664,10.883272,31.129396
-6.052079,-22.918617,48.495583
35.003464,-12.927599,41.330723
-46.802505,17.555668,50.761257
-3.082445,24.626423,49.337105
2.387669,-18.693899,21.767748
-4.766924,24.073530,46.790997
33.647301,-21.739571,52.776634
-16.235838,-14.004832,51.568298
32.814644,7.465505,49.139984
25.748404,6.548909,37.574635
12.404797,-30.810520,48.298248
11.506739,0.320993,9.139813
-7.790449,-21.263411,29.303307
-1.196900,16.043320,34.095943
-14.661568,-17.786009,40.332584
5.012094,7.935104,14.265814
-15.479972,-9.001737,19.365879
26.956692,2.375195,43.621170
19.543547,18.397060,50.432507
-9.121553,16.495758,45.875546
11.289727,-8.750804,20.206526
-12.599935,0.571901,9.637815
7.976196,11.616955,12.263400
-6.068954,-26.862770,27.836683
-13.306705,11.000231,9.182153
-9.433908,-2.580501,5.184721
23.173447,0.473134,37.394424
11.747341,16.984329,52.378624
-10.138824,5.727395,40.345737
0.445628,8.985255,47.681576
14.361181,20.999687,50.035645
7.681365,13.310927,14.458529
-15.658882,2.759691,52.821243
-0.943390,17.757023,27.364313
23.400444,-34.218773,50.616150
-32.798668,30.139746,41.028446
-44.142967,22.192709,49.954247
-9.422970,-5.183885,7.638198
9.542956,16.122808,30.350218
27.683046,-18.737673,31.333546
23.668779,-3.946210,30.799538
-11.329232,-0.935864,8.579719
25.735781,8.158661,46.029305
10.405857,-14.176521,21.319263
-43.272564,-31.444099,52.812595
19.742380,-10.505182,21.540026
-42.253548,26.791779,47.626888
-6.215512,0.809729,6.231097
-42.504780,-31.584221,49.835289
-35.337547,29.419735,48.408371
-6.019747,21.588289,20.596546
20.217398,10.669381,39.697201
9.376453,-33.214470,39.905128
-4.498407,-13.078551,16.141155
-1.547110,-24.579647,52.778561
-1.156302,-15.557952,15.715411
-5.648942,8.321116,51.644093
29.095621,-1.827767,40.817951
-5.644731,19.576248,29.996126
20.621641,-33.877625,47.294586
-8.057513,-37.087471,42.629646
10.400125,16.199673,33.901440
-9.933900,6.847010,37.790108
-13.876754,-24.507597,41.332897
-6.180656,-3.781576,5.692361
-15.366177,-3.505695,13.687242
-9.532901,13.956128,9.095989
-14.289140,-3.048770,30.429298
1.735708,-39.553005,52.718742
27.019289,8.977811,36.963863
-9.628203,-19.474907,27.531334
0.256592,-12.575171,13.882170
-18.605871,-16.202362,45.151157
-12.575408,-19.061142,31.596544
-2.541392,-32.827866,35.217072
20.950500,-11.778006,32.321953
-0.613129,11.836647,13.606885
-13.361854,-11.295238,22.499319
29.924040,-6.552895,51.840157
21.288727,12.983697,47.234413
3.460681,-24.491304,29.807869
25.876976,-26.977400,49.036797
0.341454,23.640142,35.831432
33.380753,-3.549990,45.877354
-7.754111,29.327736,47.131584
-1.199216,10.693285,17.134727
-24.011377,26.418514,26.978748
8.356542,-23.147367,23.742689
-19.636642,-1.424383,27.150633
-3.021315,-20.493338,21.143539
21.268974,14.006378,45.404652
29.922981,-16.027107,36.141552
37.560177,-15.152205,50.533138
-1.330377,8.020906,49.590809
-11.292363,-17.658720,19.506826
-13.560188,8.015950,52.309418
-7.063760,-15.715306,22.030304
34.171307,4.295492,46.683151
0.717408,25.695591,49.035130
15.463877,-35.184547,44.388134
-8.363830,12.470727,51.482468
8.338534,-7.447378,16.742996
15.565958,-31.984182,38.672993
13.392519,3.753816,9.879500
-8.439050,-35.258171,40.112530
22.081875,-17.717072,33.537140
36.674965,-3.416260,45.085724
9.444943,5.914084,10.311976
5.878567,12.668644,18.536335
25.397863,-17.924097,40.116215
-18.473122,-20.398829,47.621796
-12.263898,-9.401644,45.838097
-15.486180,-0.861189,29.883442
22.364275,-16.043562,31.156132
-11.895804,-14.075695,43.818668
17.771940,-19.117134,35.771282
3.948225,22.022810,37.487141
-44.493240,15.711277,42.192127
-0.542693,9.512868,13.799264
-15.844525,-15.759379,52.597691
-0.539357,-24.652500,31.610336
6.114554,17.761345,38.408638
19.297091,-16.545963,21.481464
24.051645,12.932162,42.086521
19.832293,-28.956194,38.720139
-43.437908,13.318234,39.102482
-42.673920,15.074292,38.293976
0.325086,24.024607,40.535267
-15.259491,-8.161560,46.624603
-10.252038,-9.267695,14.747184
18.653502,15.996381,41.539742
9.557026,-32.011021,42.174007
22.340557,1.528531,35.180439
-34.005089,28.846001,44.337860
2.783019,-10.317371,14.831662
11.744185,17.137373,39.067348
-10.836714,8.116218,30.731560
-9.192863,-9.496067,16.361742
-9.679444,16.437023,30.680025
-12.437735,-10.335988,48.746769
-19.361664,-16.182861,47.486862
7.095981,12.942223,25.562586
6.042607,-23.802692,24.588778
-5.512295,-12.868761,12.113879
6.897394,13.387940,51.878071
6.028471,-20.337254,26.978565
-1.041415,-27.534985,42.708359
-0.280830,24.011337,38.180210
21.672258,-24.595303,30.701159
-11.447504,-12.468858,48.186588
-0.827897,-26.956602,50.282520
-14.435782,10.627835,48.849655
-10.037805,11.237831,20.500473
6.323551,19.434769,47.898834
-48.811363,10.589751,52.505177
6.286912,16.342718,51.722454
22.197237,-25.763880,34.164989
-10.495642,-4.614944,50.517052
3.289725,-3.638889,6.373395
31.239922,-0.248771,45.119743
17.811548,-29.182486,42.328293
-15.050493,-6.277414,36.125267
0.888987,16.480104,51.950619
27.328381,-14.765610,27.014791
-0.850379,22.828520,47.505779
32.305798,-0.125044,39.351620
-0.238103,-27.111160,52.918987
12.799815,6.321836,22.622566
-20.668070,-7.545201,43.758923
-10.476980,-23.806038,34.186634
-11.006970,-17.542286,17.373735
-37.073742,1.607466,32.123070
-15.014776,10.991563,46.812191
2.702387,11.417842,9.156048
-16.665752,-10.347488,46.560207
5.579288,20.429096,44.239872
-11.507988,-3.826931,14.490810
-9.960737,-13.119082,17.251085
-7.935815,-3.014890,13.595053
2.403923,16.556562,51.034191
-51.348923,-0.944704,52.772629
22.989679,7.596777,52.091732
-0.133412,11.951813,15.721778
-9.279269,-12.450243,14.621636
6.548821,11.455012,41.000149
22.956312,-26.309534,44.435966
-3.246339,10.820650,40.311211
21.835007,-19.789129,42.478588
-14.005933,4.529392,37.592678
13.586634,-22.496845,34.452724
-12.629158,-16.021408,45.667007
-49.476360,-2.731385,49.081146
-3.864647,10.461953,37.545761
7.936779,0.452900,11.537304
-2.829708,-1.321216,2.807485
27.058187,-20.926872,46.592434
22.781225,16.121653,46.005260
-17.628773,-2.358732,24.348909
-5.561721,23.116241,50.727394
-40.476257,28.773214,50.002823
1.075866,-31.982594,52.032482
33.961575,-21.924234,46.765533
-10.298915,-14.573799,19.739393
13.504396,10.388292,39.381176
12.483889,9.483788,11.496401
-15.957920,-24.982019,50.336239
-20.242294,34.892605,52.683498
-14.662052,4.032687,34.579578
28.923531,-27.095383,43.555676
5.773327,-34.407818,42.734520
26.373102,-1.832924,24.887575
-4.825720,-22.216688,34.038166
-16.411180,-23.144062,44.679737
22.414129,13.697312,49.747509
-12.041188,1.318716,7.578544
-33.903572,25.303679,37.604382
-1.627107,7.555694,11.702412
-17.857895,-15.074944,26.332363
-0.769895,-9.621480,14.353811
-14.508221,-14.571581,50.360996
7.337685,-10.323840,19.086660
17.950773,9.329396,45.237915
-4.091323,0.001613,5.686407
-32.040752,17.955097,27.644361
-33.874916,15.424496,28.778740
-38.085316,22.586998,38.762619
-6.946533,24.891148,40.123516
-33.862537,24.105288,34.218616
17.348545,-2.397483,25.519773
6.980501,-9.789380,9.028583
9.706173,-30.578842,46.655495
14.271261,-26.219500,26.577065
25.125864,-7.530014,21.651131
-8.461498,17.954653,35.976250
33.770149,-8.828702,47.343006
26.649246,-28.503733,43.307262
-10.585923,26.662586,30.297419
-3.291806,-21.811075,22.996798
11.201693,21.255486,48.043125
-15.002376,-25.677214,36.290222
7.116588,-24.322210,23.282547
-38.488052,3.409622,33.482849
9.751837,-9.335602,15.511178
-1.231584,8.684756,5.003773
-15.846355,-36.664566,39.588795
-41.806553,-5.800931,37.308846
-15.405035,5.627664,51.271603
-13.431321,-22.690590,43.011539
-42.124962,-3.131705,37.563953
11.714982,-21.905653,25.618238
19.100613,-11.072851,24.737240
-1.332418,11.180008,30.662018
-11.427812,4.115939,36.456024
-29.659180,29.629372,42.446224
-15.821658,8.070301,51.021904
11.741552,13.841873,37.851395
-12.594822,-1.980664,22.378441
-12.857444,-0.303978,11.576559
-15.600277,4.659399,52.897163
-16.577463,-22.207417,49.099674
-20.614922,33.125156,49.717224
-17.136780,-22.200092,46.764755
-10.731909,5.963648,34.365482
-41.716560,-0.851102,36.699162
-14.697523,-21.080585,45.724277
-48.462990,7.174889,48.097034
-3.848486,-10.645416,13.622979
-15.864194,-21.394112,44.291550
20.625147,-7.844274,21.834600
-8.463711,-32.882946,36.255444
6.033079,8.991874,20.427855
-8.356768,-4.345664,9.824651
23.066177,4.471876,42.437767
-6.960006,15.057503,34.639927
8.897864,-18.507795,19.429342
18.184837,-12.634111,22.924217
-15.353642,3.585256,50.278172
-14.399046,-19.493055,44.394547
-9.379867,22.131371,18.694929
21.287331,-5.732375,20.571764
12.641446,-21.749454,27.867510
10.778236,-3.042792,17.627762
9.862875,-4.439921,15.123005
-7.455423,0.648215,10.882973
-6.150285,-10.313378,16.440424
-14.433602,7.719925,34.055962
-10.403904,-24.299843,47.964603
-12.198352,-20.436682,46.660282
-13.270498,12.123068,28.445967
21.149046,-9.688674,23.436848
14.409019,-22.016867,31.706142
-14.299916,8.013386,37.148296
-13.236201,-26.297121,40.842304
-39.800461,-0.184350,34.788109
-8.462584,-22.522057,47.324944
-7.712909,21.149385,35.772282
6.570454,13.989781,49.054127
-16.331051,9.280266,29.005178
18.422977,-31.512724,40.147556
-13.083427,12.433924,47.654255
16.534126,-29.519764,49.689098
-46.050503,-8.245601,42.782318
32.898605,-18.792786,39.630203
20.033390,-29.770739,41.158688
-13.779468,8.878494,30.185701
-42.873741,16.819075,39.232857
-27.421316,-48.205814,51.349113
-7.431356,23.106646,35.008152
9.034538,-12.471048,14.473211
-0.338359,11.554877,27.792316
-6.094340,-26.665876,30.392580
6.239396,21.703600,42.374756
-12.706781,-2.269665,52.395565
-12.379679,-5.983073,46.354229
25.261364,-16.414255,43.310528
-15.583437,-11.093468,37.513683
14.807790,-0.977340,14.432019
22.896847,2.758220,38.444836
-10.314996,14.584338,29.496170
20.318121,-20.310537,23.288824
-9.888585,-24.621716,38.575016
-14.531913,-14.129044,45.613167
13.591455,5.754520,9.795512
-12.508842,11.940392,11.283995
-10.368910,-7.734898,19.228518
-3.156058,-11.889568,7.910985
19.954189,-32.823162,51.823647
37.451553,-5.822472,47.758587
6.685400,8.096488,12.845471
10.411855,-23.150526,32.123302
1.263855,18.474474,43.310814
-24.913240,33.188824,49.848885
17.990564,2.203144,23.762796
20.735178,4.664511,28.947435
32.263561,-0.043490,52.068592
0.502155,-7.137101,12.153409
-22.917795,-15.371840,25.818443
5.005477,-21.077564,17.465622
-4.625211,-21.613680,26.462919
-24.675428,31.549603,45.642006
-8.028052,22.494753,28.215275
-5.308392,22.556610,30.944525
-39.357677,21.433107,37.405724
32.268372,5.606823,47.588497
6.882967,-19.326494,16.794756
-18.604950,4.058513,43.268120
-11.752569,-9.347298,47.495697
-33.873150,28.692360,39.005688
-3.171551,21.081802,23.177961
3.571398,-22.146091,15.999145
-10.083998,11.768949,34.715622
26.510712,6.725247,50.116848
25.695227,-6.314098,24.379864
27.228521,-30.047142,49.121456
16.546209,4.635312,14.165842
-21.828861,-9.749168,35.592655
26.807486,6.562365,33.478661
0.954702,13.377141,51.405251
28.784788,-23.165335,41.727119
-5.373508,13.325003,51.309448
21.678284,-33.411518,45.381866
17.328239,-9.781331,14.491636
3.933620,24.804731,52.520935
-12.334342,-28.015814,48.994156
21.822763,-18.893167,40.063919
-42.858723,11.573273,38.244335
13.706816,-28.771778,47.409340
32.006924,-20.643585,41.167591
6.830621,9.519371,14.603070
10.852947,4.808523,12.432436
-11.391969,15.259433,38.796673
2.029312,-13.293839,7.075086
23.984596,-28.695471,42.075970
-19.139311,-15.026748,41.078842
16.038914,0.435953,16.387383
6.921844,4.431824,5.182322
7.615356,13.280205,20.328688
-21.175947,-6.237008,21.252413
-12.820091,-3.450519,49.132923
26.627357,-25.509079,37.022839
16.079626,-29.472227,35.963764
-2.249110,-13.432534,18.940788
18.085623,0.623078,24.798544
4.586919,16.558485,19.708429
-18.128874,1.683566,36.026859
-18.669054,-27.656851,33.849537
8.877983,1.696107,7.833399
-39.579697,25.049068,44.173454
-1.854028,22.570467,44.734306
26.764433,-10.757707,24.878225
-19.666313,-0.126008,52.982086
-3.384531,20.369528,49.615643
29.458117,-15.910759,44.591564
8.312431,-17.734720,16.204483
33.054222,-21.376938,42.531689
19.182043,-0.512056,17.889259
3.535035,-20.342419,19.771435
33.806896,-20.239563,44.264420
-3.263796,-36.635048,51.508274
5.498720,17.816656,34.500549
-20.726227,5.631965,15.835572
38.806068,-12.744963,52.558376
-2.553051,16.790556,23.522341
-2.037586,11.949087,48.721951
-43.247452,-0.267443,38.447437
-41.962608,-8.553601,37.666782
-44.012367,20.568947,46.244862
-13.441660,12.313574,49.794228
-13.040198,-0.888362,34.909225
4.106605,14.364405,14.063439
-7.734367,12.816216,27.309414
-0.146282,-25.833702,45.727867
-12.224646,-27.765030,44.777412
10.264087,-24.784281,35.690971
6.484352,-16.225056,12.485432
-43.247986,-33.969288,52.738762
-33.371723,18.721613,29.354334
-8.783109,15.060029,36.089142
-14.782785,2.065319,34.824482
-1.109001,-12.636539,17.538208
-47.918163,18.651581,48.714508
-33.949215,21.730553,31.939341
-12.367376,-15.687060,47.569927
14.231403,18.476868,41.585560
-15.134632,6.038165,32.100105
-8.641573,10.452652,33.336285
-1.962165,11.805643,43.847748
-44.340420,-32.727230,53.118366
-12.676962,14.359494,9.474321
4.414963,-17.421347,13.957655
21.815216,15.770974,50.743820
-10.296434,-20.166565,22.747978
-2.338122,9.800315,48.853901
-7.159844,-12.141620,15.404571
-13.650543,-15.617369,18.028231
-1.940090,25.021606,43.749691
22.615978,15.204537,52.534988
-9.998251,2.686096,14.387576
-18.516890,3.066157,38.161392
12.794294,19.505651,44.777874
-7.135673,23.874891,38.551384
12.440026,-22.636053,22.527279
-12.265564,-5.766868,44.078159
10.696136,-19.774208,26.480192
-9.513403,9.364666,19.371344
-5.215791,-29.341562,44.456089
-20.302519,27.508402,28.082254
-20.442604,26.753677,25.072155
-19.907932,29.644821,35.928223
6.057683,-9.553356,12.826169
-8.563329,16.320576,34.663101
16.866484,-24.644657,41.854038
-16.573557,10.561368,10.935917
-1.410776,4.541945,3.858100
36.926350,-5.394391,45.764236
35.353699,-9.605074,52.529305
-13.804899,-11.331617,40.453358
-4.564378,-33.073521,36.269325
-13.673758,-16.664141,49.397896
-14.619261,2.942760,48.155090
-12.302569,6.292922,11.168217
-2.502651,22.216202,41.951389
18.656696,3.806448,29.629963
-15.494397,9.007521,42.735218
-12.169503,21.117037,14.727959
15.555108,-4.116349,18.621473
18.668543,-5.201163,25.344496
-12.192545,23.589535,18.504972
-30.935654,21.421297,28.254128
10.176311,-28.697353,27.875717
19.730925,9.653571,47.776459
-12.866551,-30.683985,34.275181
0.262827,4.319059,8.711103
-10.389918,12.827048,42.440475
23.024351,-5.964095,25.558893
-1.143113,-10.907332,16.659966
23.337383,-17.540951,25.253666
-11.017468,-2.832637,11.475290
-11.532779,-13.898729,46.384056
-19.290407,27.984034,29.559397
-10.539528,27.958147,34.723801
7.798017,-4.263381,12.786051
11.813910,-25.877316,28.950920
24.250856,-15.745148,24.150982
29.247250,-16.731741,32.769867
-6.170503,8.596378,22.976685
11.863064,-29.433792,46.595989
24.172485,-15.198090,30.395451
-3.114239,-26.446383,43.050354
3.766773,-35.419926,45.117928
-1.925552,13.873761,10.864442
16.968573,-24.075474,23.728931
5.295908,-14.172455,9.223050
15.303827,-29.156374,48.497879
-7.533571,9.966847,49.403591
16.018360,-24.160917,40.273651
22.100122,-22.422894,30.517796
-8.372860,-29.619551,49.876724
35.296684,-14.733523,42.776020
15.298034,-24.345640,27.279043
-14.017915,0.173371,48.170799
30.337263,-26.030754,42.616142
0.006815,-34.019279,47.492935
-34.317493,16.967831,29.921808
-15.074176,1.384364,46.466335
-16.089912,-0.836863,47.127419
6.254982,-6.672137,13.292670
-13.241412,27.890480,30.941278
-16.333515,2.339234,32.453548
-34.976768,26.636459,40.999691
-16.698145,1.780423,44.657951
-13.615912,-6.625033,42.050312
3.850224,-7.928847,12.996821
5.491961,-36.748432,48.126591
-36.767582,16.618759,32.785084
12.921762,10.543423,41.729420
23.624769,6.007678,33.296127
-5.358631,16.428286,39.495987
16.211157,-21.802662,21.775349
27.252720,-1.694442,33.201782
11.795174,-21.519836,23.829073
7.449188,19.145370,51.415905
-41.539101,18.587631,38.501564
-25.470045,-48.617714,51.098743
33.390797,-22.348818,44.884727
14.311761,-12.056276,11.984989
-5.388871,1.079046,4.735885
36.472763,-6.422979,52.880154
2.430673,-11.320834,8.650497
-10.420485,-15.020386,43.978680
29.803713,-2.406788,31.107973
-8.536564,-29.905617,37.098114
13.365722,-21.132700,25.870895
-14.913943,-15.752590,19.687235
-3.536310,-30.772291,52.057331
35.193916,-4.259725,46.041405
18.387218,-3.609220,23.592388
6.131144,-17.384102,22.879469
-17.668518,0.649050,46.394508
-35.636433,28.659370,41.258495
26.972540,-15.246606,30.134254
-9.269534,-31.351513,33.558399
-14.931776,-5.943393,29.604431
-36.401981,27.633295,39.740158
21.319111,-23.773085,37.599655
31.603432,-20.429131,46.410778
14.637329,-28.186699,28.601521
25.173281,-16.744898,25.678942
-30.479231,23.805500,30.113430
21.178297,-32.253441,50.187008
25.029753,-15.969075,41.133324
24.969833,1.204663,34.461246
-16.606907,-4.140764,26.782656
9.171451,20.461285,50.877136
-42.369244,24.834677,49.990623
7.315039,-14.795363,9.316496
25.111000,-1.382804,31.175024
-8.394956,4.649533,5.364629
8.626087,-20.322754,25.648682
20.401543,16.718855,47.060513
4.877557,-11.304985,15.699244
0.787120,-30.314480,48.568432
1.280082,18.742496,49.008621
-4.855318,-36.775574,48.498657
8.919566,-28.704632,25.771255
21.040947,3.146189,35.910522
-15.246416,-3.772756,25.418919
-4.497497,-22.354397,31.034317
9.711195,21.448376,49.284931
12.685774,19.204582,51.904247
2.418504,25.149244,51.255943
6.064554,-18.853102,20.287146
-2.838389,-28.770350,51.435776
18.145905,-17.661978,23.882168
2.036576,-27.706598,23.971092
17.242104,-5.175179,22.733412
24.486046,-28.936838,37.545914
28.607176,-16.187401,30.173294
-40.813408,16.388523,36.431320
22.097061,-10.769310,28.397930
27.434357,-26.086977,43.334755
-50.759048,13.291348,51.478413
15.852770,-27.031742,39.237736
19.758106,4.983186,35.356922
16.617264,-25.275835,37.865833
11.553740,-28.529634,26.072166
-11.176464,-31.663816,33.813473
5.253677,-20.602064,14.240449
-10.586136,13.815598,35.532909
-9.675525,14.246716,37.907150
-9.208854,12.496486,36.645058
25.675201,2.162084,36.335934
35.582058,2.872548,49.017429
22.327667,5.797098,24.466993
-3.530309,-17.162031,11.987494
-6.487225,-22.227985,36.182476
17.058800,19.951284,52.889168
8.904181,-3.430346,8.899621
10.715802,11.170385,23.595503
25.583521,12.718220,49.111900
-44.900936,6.562377,40.779556
-8.141064,9.358306,41.429443
5.688659,21.790051,37.742931
23.541540,-6.706891,32.754532
6.619833,11.291107,43.531525
-32.139946,24.023949,31.860020
-13.582694,10.864914,30.254961
-2.916558,18.641678,33.924870
19.473949,3.545058,27.744576
18.911711,1.863114,26.933176
22.191242,8.056081,36.512043
-12.809614,-23.543524,51.982311
-10.524765,23.406221,18.918106
3.511176,11.217622,46.250584
-3.256909,18.906858,40.685646
-11.020660,13.182752,31.102962
23.513357,-17.321138,23.365393
36.308861,-11.850284,47.667809
29.738470,5.144003,36.437302
28.944490,1.844087,33.991261
-11.698524,-13.668854,17.564615
24.693647,7.628920,39.755489
-16.543499,14.544633,12.502599
-8.254965,10.668121,27.371841
22.703924,-8.069993,17.946533
25.072292,9.530417,38.299320
31.094288,-10.721399,44.385586
-2.661195,0.877105,3.891008
17.203766,11.982964,29.168346
12.286860,-29.653885,29.325005
-2.807564,-30.171797,33.832600
-11.281729,5.571619,19.388968
-6.444568,-32.233311,35.037323
-2.994807,23.092016,52.064293
-1.558236,-25.486860,27.259756
-18.027905,-6.660806,40.580883
4.110310,-18.944429,23.892265
35.916054,-20.427322,50.355705
-19.345472,-12.218706,21.055639
6.850831,-22.682383,20.414560
-51.021568,6.167791,52.396343
-13.889194,-36.363960,39.178398
15.883327,11.560903,50.850948
-1.692977,22.031128,34.567963
23.014343,-30.765585,41.124870
-12.749688,-15.058770,23.827101
25.695215,7.978672,38.453762
7.597936,20.653837,38.114841
30.909132,-19.447428,42.914600
-11.036911,-16.178795,22.254639
-22.263235,26.639364,25.800341
10.086800,10.540698,15.160634
-15.418527,3.262580,15.147966
-37.173767,-39.447571,51.304714
-16.858471,4.213400,44.995804
26.027996,-17.179350,27.608107
-28.759924,24.042643,28.619183
-15.529415,32.630108,48.921440
-18.529764,-17.453060,49.477608
-15.089570,-10.454503,20.733429
2.126955,-24.348850,19.570387
11.931761,13.626337,17.888218
-13.965210,32.252022,48.155991
17.518671,-10.106419,27.105333
-5.787800,-14.652515,15.250614
23.182882,-32.232922,50.245975
11.984348,-29.086536,41.433067
8.761379,12.884711,13.161491
-0.566682,-39.203629,51.432838
5.625812,-4.727702,12.291822
23.372675,7.026373,48.014008
-6.965722,3.091069,52.678699
-10.937417,-5.615075,52.692379
-12.323803,-9.113253,19.334890
-17.157742,2.517511,42.626747
9.695746,-24.983185,24.048258
-7.023928,-15.056964,11.924061
15.653794,16.311565,48.384384
0.028453,10.641606,20.514786
-20.425354,-13.183819,35.530746
12.563144,-2.460325,13.647058
12.432881,-1.066417,12.176750
11.432784,13.080852,49.977650
25.694170,-26.127998,35.412849
-28.359461,23.069315,26.937265
18.342628,0.879100,12.864783
18.906872,7.732191,37.064396
10.100458,-29.397833,40.732529
13.023053,-8.785748,14.636600
-10.350486,-38.819313,44.144230
-12.468196,14.205067,46.960472
9.256021,-35.823154,49.294239
12.564160,-0.677133,18.747669
19.622284,0.511289,14.399366
30.415215,3.208230,38.023212
18.538822,16.612423,39.579784
-12.886970,7.580597,44.985023
2.459067,-21.443251,22.070656
-20.262268,-4.261721,18.713949
27.973185,-12.340417,46.618011
26.830454,5.731220,39.696857
-5.852683,-35.825153,43.051800
16.845097,-0.133756,14.156892
-0.805062,18.301641,35.995770
10.435036,20.886772,45.876076
-14.320034,-4.751288,34.336140
-24.854876,-9.166874,23.196556
-5.841228,12.734874,23.799389
-26.693897,24.049572,26.128256
-18.593645,25.628143,21.848948
-19.085522,6.442748,14.681516
10.411098,6.668545,11.879692
16.206636,-21.409678,34.982925
-19.062170,27.289640,26.173262
9.578691,-21.779718,23.140940
-19.526123,-8.142537,37.322830
-14.566119,-5.463218,43.917423
8.290030,-23.426891,21.803898
17.952312,-28.140738,52.801445
-16.147961,-22.599020,42.983799
16.740530,16.860146,52.376450
-7.739436,-14.610135,10.364584
-12.017555,-29.332882,51.936314
33.452335,-19.508503,41.231064
14.636441,10.354232,19.551922
39.072823,-9.530762,51.019367
4.067157,3.758872,3.391560
28.593744,-4.007038,34.196243
9.892150,-22.728806,18.573959
13.723207,-18.130341,16.082773
21.076654,5.707377,31.600155
-13.640266,29.072374,35.787937
11.866177,-31.425591,41.931580
26.991713,-30.473894,47.142780
-49.998486,4.194241,48.912956
-35.244041,-44.072861,52.370853
27.152817,11.405227,51.983528
13.288703,14.428434,26.551533
-3.576103,5.622092,51.034031
-6.274279,-16.003378,17.529156
-14.430879,15.894750,12.565137
-33.546074,28.201370,42.685070
-37.148148,11.712155,32.138229
14.077724,-22.584307,36.516323
9.990442,10.632432,20.751247
-19.197990,8.310821,14.219337
-14.153205,24.730997,20.236647
25.469149,14.086194,44.525501
-13.888193,-4.231911,11.221494
22.137659,2.517173,29.954676
23.781832,5.434256,36.938316
13.430735,-27.241711,50.844505
-4.614792,-31.976397,38.084251
26.457157,14.107137,46.615307
-14.439465,26.702246,25.925591
9.539725,-37.842308,52.419598
17.829304,-23.308477,31.910097
-8.693602,27.511084,37.581440
12.846801,10.478531,34.064442
1.587370,5.352226,7.240684
25.522837,-23.865828,37.076351
-0.945024,-27.300627,23.441547
1.124359,-13.930181,10.176887
-5.452410,17.663042,13.505195
36.577751,-11.272067,44.714584
-5.693327,-38.585598,50.083187
-6.759041,-27.636499,32.737656
-4.407948,5.276586,4.327028
-20.960041,29.681334,34.584858
10.441595,8.552269,16.222658
-37.096817,-42.506897,52.498882
-9.889166,17.573536,11.678061
-20.367630,-16.766809,39.036182
1.641995,-0.852557,6.568819
-7.053439,-6.062742,12.420709
-13.861761,-7.951550,19.457769
21.352011,-23.170578,44.883312
-4.627945,1.371680,6.574865
33.434994,-1.754602,44.389610
0.715659,-25.764400,29.518602
-21.797985,-7.448730,36.565228
-8.173882,-32.449780,34.511097
3.373535,11.622513,39.837914
-12.943363,-12.931122,37.653530
25.490913,-13.094421,25.293600
-7.116728,7.205113,14.703337
7.726053,-27.477083,43.143044
-4.041728,13.806055,12.485594
4.360068,-10.071119,17.126459
7.891178,20.924725,52.545788
-45.290714,21.173901,45.194519
-16.121634,0.967269,30.814449
-16.134550,28.373569,31.602287
34.406200,5.978386,49.214508
-20.159109,0.219189,30.343409
-21.482210,30.585072,40.194916
-20.256651,1.081718,32.696747
-18.063942,-21.287329,35.686146
-48.905239,18.370050,52.048691
30.871513,-21.599955,42.398666
31.470182,-11.267869,51.893192
-45.795769,11.933208,43.086681
-34.745506,-37.457588,46.452873
12.652161,-16.286682,19.581594
11.695226,-6.800554,19.336645
-11.343864,-21.603720,25.902557
-4.705106,13.450078,27.913376
13.888812,-30.663429,43.882442
-15.279748,3.231911,30.649977
-1.896084,20.987846,39.617722
12.228153,-33.865307,41.820732
8.233407,4.606950,11.145098
25.441359,-31.105713,52.586376
-17.646885,30.011253,37.784206
16.522686,14.277111,44.103546
19.274624,-14.027028,17.047297
37.189449,-3.266335,52.680946
-11.704192,-17.775494,52.272934
20.548021,6.362397,40.321732
36.903992,-9.260692,44.120148
11.590366,4.101195,8.960853
-0.894816,-19.342211,21.275494
33.377373,4.810702,51.702805
15.711663,6.245737,12.819741
11.066370,-35.743488,43.342346
-4.174086,13.028875,7.757316
-14.944015,26.291334,24.115086
-6.771549,-14.072014,17.965269
-6.878439,-8.567892,6.238008
30.797228,-16.138252,34.162350
30.282169,-18.691942,40.375462
25.273172,6.060834,41.954250
-2.102638,-27.436827,46.925762
20.516481,10.565481,42.237255
33.253403,-15.347711,43.431976
-14.840785,27.761559,29.663902
-4.386696,5.809250,52.717175
-2.918435,-34.673889,40.681149
29.074614,-4.746786,51.379841
8.512324,-27.154827,39.261986
24.637804,18.018518,52.401291
-24.762365,-50.182297,52.206371
26.265772,5.342399,52.712650
-0.464129,14.942597,15.351560
-3.301892,27.917423,51.066986
-2.030999,-24.709225,33.767422
23.242331,-11.694424,25.065742
15.806429,13.941450,46.829731
13.237134,-8.408863,18.442108
17.621378,-22.568169,41.524796
19.347523,-11.823593,16.396351
-18.500154,-21.498709,43.836384
-11.575097,4.257770,13.966887
9.214617,17.540121,47.473213
-2.578339,8.907992,14.784957
21.889006,13.895635,43.020096
-10.773401,-0.415946,17.951729
-5.174470,-7.826977,11.976741
29.460907,-21.983311,38.513699
-6.246480,24.142550,26.682726
-5.247086,10.082001,15.246821
14.631772,14.756083,42.330273
11.944889,-10.453482,18.270168
10.932354,-31.719631,44.152882
9.545003,-2.834003,13.437807
-0.878839,7.653638,47.801125
1.558055,-25.950832,34.169735
-7.207362,9.102466,45.414780
5.827584,-28.489754,28.213245
-47.312164,18.055710,46.332329
1.236239,-20.267155,20.396652
21.384792,0.504199,17.827349
3.212404,17.998137,40.090462
-13.998064,7.553503,14.947788
7.905112,-13.776635,21.090300
-9.677815,-17.794861,45.962559
14.937648,14.349334,51.668171
27.341637,-16.902262,44.599735
-5.583317,-6.002068,7.779853
2.011767,-2.435439,3.585185
2.004771,-28.753061,43.334972
28.380266,-1.966091,48.506729
-2.213013,24.593731,46.255421
6.744092,0.046218,5.026563
-2.494585,13.649979,46.225037
-11.269183,-8.423979,50.623966
23.418148,6.885488,29.528769
-18.038551,-6.108846,21.831236
-6.149073,-33.215233,44.241047
-21.486177,32.033783,44.858135
-13.284454,-10.629239,44.856686
-43.564884,23.251745,52.244663
-3.369301,6.741451,48.710190
26.389492,-5.383957,30.407694
-12.309573,-23.340746,27.179047
-3.013430,-27.142170,23.999447
20.595781,-23.280159,33.276852
18.173510,16.154612,43.990776
13.400622,-9.798776,16.643114
-10.226704,-10.671127,19.883959
37.887745,-11.695257,49.580975
2.140061,9.624501,46.568367
-17.972931,-12.408758,40.490860
-19.575867,-18.386658,42.427540
-14.342873,-28.113703,40.534397
1.526990,-24.257458,23.402748
-16.094355,-14.984435,24.244215
-13.203630,-2.317350,37.442474
23.973110,-29.610872,39.723812
-12.138489,-10.127666,21.200943
-11.815885,-7.182156,11.872233
-1.567135,-26.520092,29.432762
-12.635144,13.819725,42.840580
6.040160,2.584264,3.984931
19.429295,1.898903,18.704599
-13.099104,2.963974,7.603474
-8.075336,-23.900379,35.069866
10.119465,-23.972075,28.337547
33.577274,9.235977,50.937809
-19.653204,-12.404231,49.919617
-16.210733,-28.511002,36.276115
13.832331,-13.124237,25.267437
12.725318,-20.619196,31.505556
29.313736,-4.510690,29.982229
16.380491,0.832398,22.976635
-3.918655,-28.765265,39.112392
-6.008086,-1.228346,5.198129
14.266509,13.257446,39.301235
29.730406,-11.171449,33.395649
-4.732884,-20.998102,28.726671
-4.225026,10.504705,35.146427
17.123930,11.236836,41.073513
-20.321035,-15.231820,45.878304
-7.830156,8.853198,35.456039
18.948925,12.084506,52.477654
-7.412199,-27.755703,31.035595
-18.994492,-18.894623,44.826271
22.609739,8.857605,29.140129
22.284546,-19.980442,35.402431
-7.655885,-25.892103,52.292309
30.726011,-13.811201,48.676704
12.498352,14.639188,51.553539
-15.071052,5.567660,29.556641
-7.998877,3.213832,14.644495
1.006364,11.990537,14.346104
10.861552,14.888048,19.204983
23.325174,15.452518,49.478104
-48.102806,1.618804,45.067581
20.921469,-12.709640,33.798534
-10.639266,10.295253,26.976044
22.944132,-26.659163,51.909786
7.014872,19.706274,33.137512
33.461155,-16.650284,46.263733
23.654276,-3.346501,20.485697
18.952805,-0.252848,28.486553
-27.206074,32.631828,49.527943
7.065711,-11.747571,12.237424
-0.311811,-31.940926,34.189842
-3.681661,-15.211121,15.958055
-1.808258,17.479996,49.066780
-9.264699,9.271385,5.476084
20.485456,-35.229874,48.584633
-0.001444,12.278796,46.704212
31.775999,-4.955259,46.722553
-30.146620,28.213884,34.917736
2.648937,16.186098,17.773922
-16.483356,6.054832,15.364581
-42.096012,-33.587605,50.540718
-11.156137,-25.991688,49.478413
-5.703164,23.724213,35.460049
-33.154358,-39.969135,47.567566
13.305577,3.792004,21.279453
-13.165609,5.198943,27.967264
4.481456,-6.503367,7.393312
-19.115341,-1.594729,42.383221
-13.953998,-9.334555,29.802181
8.387658,-35.274059,43.940933
36.871323,-11.606228,52.278816
12.141535,-16.897429,14.322799
0.853894,8.776600,14.581070
6.085145,10.426126,52.383217
23.846064,-12.119658,33.195709
2.201427,2.960897,3.414282
-17.223276,-18.471836,50.242290
10.642823,-32.032635,40.638241
-12.176117,11.386388,32.280033
19.181845,-33.619659,44.252777
-32.100899,-41.500435,48.155003
26.293947,-0.836183,42.681477
-18.198635,-17.835726,26.948050
-17.229174,2.394608,26.065302
29.108440,8.067122,40.508186
27.606922,-6.439281,31.991308
-4.273797,11.074031,47.282784
12.776707,-32.095222,52.924458
-12.131984,-7.628170,45.888561
19.011139,-8.869334,28.601755
12.701731,-33.093025,39.308662
-5.821907,-25.038572,28.984255
-17.681870,6.821423,30.726503
-0.591408,15.516162,50.124390
11.574962,-8.033056,9.347454
17.109623,-10.426515,25.053087
12.960922,-34.522575,40.337406
17.648966,-10.823554,28.852221
19.608206,-10.106831,26.591698
-20.153940,31.574951,43.276478
18.165480,-11.868993,26.347111
17.281073,-12.348650,24.652336
26.254398,12.665600,42.013615
-10.853720,-21.074947,29.094397
27.267508,10.026531,39.214272
-4.522708,-6.829721,13.333793
-4.019813,-13.380830,13.144794
0.971004,-14.874386,14.576711
23.858265,-13.572914,22.846521
-13.946186,-10.246415,19.116905
-4.820203,8.605850,40.824936
14.851795,16.935699,52.526672
33.842781,-5.082863,40.416119
-19.587145,-0.346359,19.980520
-22.847513,30.149839,36.620625
12.996076,-12.706976,20.235060
11.403384,11.256400,36.500675
8.429572,-1.251539,13.942229
-3.329413,9.456516,41.617638
-6.282659,5.861550,12.100601
-21.121000,-11.438469,34.144646
7.351449,-29.801455,27.070208
2.589202,-20.251930,23.691586
-0.265928,-32.637779,36.594913
-9.344974,-31.653910,40.913563
-6.138449,29.328669,51.602280
-1.018511,-25.344954,47.405193
35.360817,-18.309582,52.792770
28.207422,-9.395885,33.101616
-8.280930,-18.080261,23.323116
-15.607209,30.344305,39.790039
7.868459,-4.128286,14.821391
4.954320,7.512063,5.882572
6.313290,6.274904,5.254049
14.798944,-33.030712,37.130386
-13.312035,-14.276001,27.839500
12.724441,2.752375,14.505783
3.511847,-37.897049,52.672211
-13.331732,30.609592,42.735809
-15.921588,8.717492,52.853035
14.689255,-35.932522,50.402409
4.439368,-16.146667,10.361275
2.762213,-32.437840,34.946053
-10.456792,-20.141748,50.482098
-11.448434,1.720553,25.001078
13.600920,13.027253,52.678135
-12.121650,8.717232,29.760670
26.130543,-31.070383,50.595150
4.821646,-21.498329,29.238192
-21.987551,-11.972365,35.873772
1.389962,10.665211,42.222260
-14.349012,-6.663432,23.379272
-11.810690,6.789459,52.524155
23.541203,11.097448,35.680210
3.555672,12.506378,20.476830
-0.247963,-5.294358,10.774424
-0.369261,-9.375095,9.171373
8.764260,-1.948559,11.021531
28.550238,-8.083024,31.758118
-3.126631,-10.175996,10.323896
8.746490,-34.687519,45.808407
-7.559761,-13.813065,13.825122
-14.374185,-17.049265,46.609673
32.765537,-9.659574,52.487846
25.649101,-22.414360,31.936571
21.945116,7.986939,49.842342
11.162134,13.065670,23.121450
10.482023,-27.944849,52.513023
-10.931012,28.572306,37.078880
-21.033054,-15.117962,24.739037
-11.034687,-20.519146,34.872868
22.186815,6.559813,46.219627
25.024193,-27.468479,44.716343
15.228628,12.562416,33.760429
-0.191816,-24.125641,24.581367
-14.284991,21.316164,14.574437
-0.808871,-35.568359,43.289696
19.305115,12.703177,34.074646
6.381544,-5.049874,14.191968
29.957447,-28.431122,51.306084
-19.923920,-3.393408,52.619614
-8.818365,-14.258940,21.519609
35.737171,-16.087111,45.593407
-16.343710,-13.942347,21.800320
16.745968,10.774257,21.520399
16.787319,-4.354015,25.107748
-8.052579,10.190612,17.794764
11.289347,12.143921,14.361015
11.349874,-27.688013,30.917137
7.642855,-12.492517,8.502954
8.337023,11.504775,20.329117
6.552873,17.126970,36.327606
-0.769856,-32.743725,39.351955
-34.515846,23.856705,35.902573
3.091586,-33.144920,37.201664
-11.405566,-7.375298,48.761215
-5.747204,12.772362,29.550201
19.281458,-22.899878,29.652309
-14.073977,3.661672,20.438135
-15.789392,-16.244509,44.182083
1.084413,-20.055563,22.352989
15.195729,-13.084835,21.681812
9.980773,9.045428,10.585950
-12.848099,10.457135,50.758472
-17.740137,-11.333078,48.767334
3.606481,12.974635,16.999952
17.467693,-5.814644,11.538754
29.725803,-13.925971,41.198193
-6.070524,3.866220,5.454627
-11.860831,-6.083632,14.239287
3.521898,-18.807508,12.136938
2.561621,22.643774,47.780418
14.204938,-35.818066,52.523193
20.283960,6.895354,35.819355
-15.547867,-24.814735,43.320789
16.025640,-29.271532,31.199781
28.386036,-13.598926,51.770260
-18.539650,-8.205911,49.934753
-7.618551,-34.381008,52.066547
15.131758,5.597331,21.715927
25.033173,17.674055,50.403904
-13.903808,-7.398011,31.169847
-13.140599,-0.801196,14.455404
8.002817,-31.695169,34.697693
13.631369,13.137931,19.049231
19.396656,-13.091248,24.515749
26.583473,-24.089033,39.042843
-5.415378,-23.736088,45.613338
30.423668,6.197710,51.883648
-20.048067,2.572799,39.623764
-11.824315,-4.729037,45.350010
3.043608,-27.193716,29.688639
6.659036,16.625591,22.358532
-10.932330,-19.742998,42.864990
-14.387223,-6.921794,38.927498
-12.167001,19.307159,12.085325
-1.208320,-19.802393,13.396003
16.873764,-27.312252,36.630005
25.200445,-26.683500,41.380489
-4.344018,11.501010,38.993290
22.884081,7.150148,34.818089
-2.313788,-9.561384,13.206349
11.305382,5.476001,19.381882
16.366110,-11.334185,12.958114
-3.189429,-18.272028,24.023760
14.716708,-2.524163,12.612208
22.906927,3.514775,27.241373
-9.098652,-0.191876,51.916561
-39.707863,-40.409904,52.698841
-8.354615,7.971981,31.012428
25.517267,-5.451838,22.338097
-20.224531,-8.389449,20.298311
28.116095,-25.863909,38.029644
-5.547064,-30.868698,32.932167
-11.447552,-28.012316,36.623573
29.843494,-1.697372,49.856853
-12.173801,-28.960417,32.587109
4.486467,-9.112485,10.398760
25.780560,-13.950727,32.259518
-4.167875,-11.982146,17.641216
27.035370,-16.897192,32.439163
13.203058,-14.193572,13.080661
-49.317917,2.190860,51.587563
11.597094,15.955683,42.944054
-49.493591,14.171756,49.682098
-4.612856,10.117228,27.056883
7.179776,-11.448378,10.213921
-49.951347,-8.459499,52.389057
4.978868,-26.007336,20.784355
-7.917170,6.948297,17.550018
-11.711384,-7.994236,18.142588
-11.115230,-4.901859,19.542168
-49.479519,5.172063,51.816013
17.492764,-8.310576,16.464535
-10.096405,-18.106745,22.178282
4.575148,16.200583,27.825277
-15.451714,-20.187290,40.684181
4.550355,-23.021246,25.924158
-5.523754,14.303297,31.283346
-11.164602,15.305019,44.815136
-13.697843,-1.198477,46.043465
-19.783560,-17.529213,46.005283
-7.105047,-9.111278,13.038925
-43.995110,-10.390621,40.468727
22.629017,6.714800,37.872372
-2.124148,19.136118,30.352530
9.733279,5.621295,7.385789
-12.871921,-39.476540,43.152733
-4.080704,-27.066982,28.012732
-4.170486,-23.287621,47.430923
-17.124199,-8.815141,52.426208
-7.774004,21.347679,24.658794
14.899991,-0.187537,18.275255
19.939419,11.831738,31.554506
19.533049,-23.669111,26.834019
-18.215839,2.166356,29.462566
-3.826193,10.850766,30.955578
29.163795,-25.043381,45.645065
14.792213,-27.195436,34.170242
-37.121376,30.126411,46.556450
7.007128,-26.916239,22.245430
-15.043797,9.573204,50.253845
26.364956,-24.911127,41.853313
-9.744006,-16.051535,18.444803
10.271512,2.333291,5.697625
-16.698385,1.082025,52.089901
3.228356,-20.197245,26.651754
29.423496,-8.474946,42.114445
-4.362517,20.942411,51.593327
-9.576897,-23.050327,50.645107
-20.367876,-18.957445,27.880331
-12.366331,11.186942,23.991039
-3.020044,20.155912,51.171383
5.840288,-0.445035,7.054006
-7.656917,-23.560286,42.732761
-4.341226,-4.416451,3.417060
-15.550711,7.584030,35.680168
26.233772,-4.517972,37.984604
-12.417768,15.087683,34.972370
5.845108,-8.828372,16.934259
27.110209,-7.550736,42.619591
2.395761,14.809414,44.271023
27.740292,-15.544645,34.651031
-20.206062,-10.819679,44.188419
17.122585,0.346377,18.401968
-7.247634,-5.533481,7.244306
3.762760,17.547951,48.670090
-6.735436,9.408121,11.319347
29.767395,-22.935675,43.778778
-1.399746,17.484531,42.493942
33.816086,-11.717608,42.722446
11.392111,-12.530090,12.874385
8.750691,7.798841,7.304990
15.650174,8.372920,20.904987
-14.374250,-23.094461,37.961838
28.479469,9.673421,48.167500
-6.178833,27.271515,38.917355
4.207449,10.148981,21.394365
5.836419,10.600219,25.793547
27.129808,-20.537596,43.309261
22.969620,-20.768990,27.697920
3.130833,3.486975,9.196411
-13.876109,-17.766680,37.231945
-10.271945,8.207816,40.746468
-4.101182,5.300958,49.391922
-2.164614,6.427679,50.106922
19.940832,-29.076765,35.456104
16.158012,-24.067738,22.060720
23.496450,4.457819,29.404305
-15.315940,-20.533689,52.787453
18.018862,-34.202106,48.194939
10.950693,-20.756203,16.994095
10.093225,12.501673,52.656422
29.125835,-27.820660,47.350815
-13.233703,-22.490816,50.403175
-40.719090,26.837152,44.383629
-8.587609,5.456569,13.352854
-9.341704,-21.480263,26.741375
15.143947,-1.254707,16.679546
-2.390218,-25.365515,21.306389
-16.876173,-15.802489,25.339203
-27.950317,27.215710,32.252258
-10.200891,-0.175333,13.575798
-20.771700,-4.427752,39.664139
7.946001,-2.431091,12.605639
-6.368861,16.226212,10.988806
17.456594,6.969311,24.843960
-17.055576,-1.988623,51.083447
15.843019,19.710270,45.113895
31.510212,-21.369438,52.667538
-6.707090,-26.605682,44.189663
19.297649,-27.179329,44.039474
17.094938,8.465903,38.873524
-19.841295,-9.762004,52.650349
-48.105637,14.870686,52.752567
19.567179,-26.389671,34.402672
22.177517,-28.689331,49.085526
-10.494238,-21.652641,39.548576
-45.510242,25.407623,52.420666
-13.376371,2.024368,41.075020
20.325142,-19.874071,28.186548
25.216566,-7.190061,37.839172
-0.551189,-20.317986,22.590946
35.330441,-1.265397,52.644035
-7.828716,-21.463993,52.712120
20.070755,2.306112,22.589378
10.990723,0.798191,15.587320
-21.457169,-14.165024,40.841839
-13.335859,8.685383,22.288435
16.116871,13.580034,49.944630
32.315933,-6.937254,52.165329
18.563904,-28.466341,37.548950
17.568951,18.617628,46.617214
-2.022457,-29.505711,40.119789
-2.093566,-23.398399,32.163616
-27.930143,33.552479,52.203197
5.904777,-2.294028,5.360074
-13.800190,-12.318248,18.740622
-11.776190,1.124422,43.199059
-20.384214,0.939869,43.698608
-1.891011,6.312669,52.708958
-4.956943,11.841520,22.454325
10.590115,-9.793592,17.071613
-40.999126,1.222847,36.079090
19.446297,-14.394475,30.698780
1.040059,14.556190,17.891296
-14.886667,-3.365598,27.297831
6.557765,1.730246,11.374643
15.133788,-20.066549,19.543150
22.218950,-11.306049,18.823248
-11.631663,-7.536231,21.091957
24.120302,15.580219,44.084045
29.194401,6.975045,38.462563
17.062702,10.380050,52.361450
-5.186541,20.984932,18.895897
-9.885154,-25.419861,36.116749
14.966669,-18.238441,24.787931
-19.021503,-4.317522,23.408165
-12.717603,32.478165,51.205044
16.381918,-13.608417,14.225053
23.610703,-24.035463,35.997112
3.902510,-1.865844,4.555188
5.579772,-13.440602,11.506786
21.210079,-26.899580,46.840534
-16.840469,-17.252722,39.655903
-13.864014,12.960588,35.512329
-13.254668,-1.179964,17.407351
-3.838086,-8.237900,4.588129
21.815315,-20.442808,37.944221
23.459715,-1.217787,19.586040
-49.064487,-12.431087,50.787872
-11.791314,12.077047,21.233545
-12.744801,12.604354,9.663941
19.147924,12.494102,41.618958
8.632024,-13.241392,12.476577
14.767061,-10.890501,21.628061
6.765756,-7.808484,10.922474
6.906200,-6.779611,15.316631
28.882351,-19.163263,52.551743
34.467754,-0.640916,42.273998
-15.972852,-1.597393,13.937944
-15.552268,10.453444,34.012802
13.758411,5.281168,19.940159
16.480659,18.071875,48.151619
-2.401810,-42.188534,52.946491
-20.687017,-11.581364,25.636263
10.118172,18.810995,37.405556
-10.698510,15.698025,47.449333
0.997117,-31.503229,32.295700
-5.016197,-30.654900,39.992992
8.509272,17.730503,49.773254
-11.971813,4.661814,43.184155
1.823763,-7.847533,5.855072
24.133226,-34.205059,52.887554
-3.323387,12.511672,36.722759
2.185822,8.185339,9.384695
7.556071,-4.027646,6.444080
15.146648,-30.855604,32.193714
22.482840,-12.972085,32.078587
-6.893796,8.913985,29.104761
17.803238,3.803596,25.374731
5.527538,-3.062525,7.872755
13.576515,-30.695864,34.010258
5.818574,-1.191216,3.447846
-4.808429,-26.420893,38.272537
-47.721268,6.593803,45.127968
-1.398577,-6.048334,9.391321
-9.584137,14.670960,22.794373
-13.983506,2.627740,9.969601
7.486274,6.188901,6.963918
20.753662,-25.496456,44.944664
14.530312,15.121858,44.496758
9.277040,20.419262,37.464340
-33.635395,23.367579,32.600212
13.860771,-30.421120,39.493526
-14.261838,-5.118701,17.061783
7.045911,-14.339402,11.811539
20.112677,16.703228,43.057438
-1.300619,15.687255,52.376541
-16.533522,-3.753437,33.936123
6.521262,15.603725,20.212854
-20.577911,-4.113953,33.876312
5.260362,18.791113,36.353741
27.611044,-18.302862,48.269638
-6.760113,14.190267,15.418402
2.838840,-29.578699,50.897366
-13.087357,4.102137,12.012985
21.531830,3.825862,19.501450
-7.926610,30.614252,50.799847
12.420382,-28.299732,33.362114
3.466568,9.244909,15.269135
24.549072,0.035248,40.124481
-2.047188,-25.733021,37.517258
7.112073,-23.453745,27.516176
23.578482,7.445611,27.732010
-13.806149,-26.796282,38.334576
30.050169,4.639986,43.432335
-13.871194,-4.530508,37.076977
18.534172,-25.719749,26.834047
-15.425797,-19.863342,28.946224
-13.811280,2.177066,38.617115
-21.513403,-8.621138,42.207714
10.586488,-18.327168,24.886065
-10.019527,31.726313,51.497612
12.655627,-31.678185,40.369076
15.095234,-13.722558,12.720734
11.528299,-34.627968,46.421082
9.209681,-28.366062,33.436893
6.849433,-30.213278,31.903324
6.674760,-26.860733,34.157665
13.991012,-28.882994,34.188519
14.822261,3.877199,17.803053
-8.191139,13.355347,25.498693
-1.044537,-11.918162,6.332448
4.781504,-30.174347,32.703461
1.970524,18.269758,22.346560
-0.602019,-26.121128,39.452671
11.280118,-32.780693,47.805141
15.759054,-25.747929,36.143280
24.770519,15.344012,46.107365
8.431464,-9.588839,13.455729
14.828472,-14.486147,18.794838
-11.487457,-15.632408,38.406776
-3.101253,22.323881,46.788448
-3.740571,19.069092,27.604364
17.706007,-13.877357,26.009256
13.817039,-13.667442,11.534857
0.372569,-3.440028,5.849648
13.925204,-25.427427,35.052441
-8.174416,19.926165,28.691175
9.376106,-14.195077,17.382641
-8.291013,11.306561,7.602860
32.140911,-4.989704,44.243759
12.793986,7.284072,13.516626
-0.650420,-27.118851,48.283543
-51.262997,10.260275,52.588005
-12.180655,-4.618261,50.186291
12.772064,-29.276726,31.430305
-19.776796,-1.496309,17.310472
-7.546025,-30.524603,39.418240
14.902492,-13.440862,16.161127
-13.266669,32.997719,53.011211
32.446079,-1.114120,41.379681
-9.079714,17.302750,52.234978
19.005781,-34.880352,46.532692
20.432438,-17.578861,28.738928
-2.299639,24.305534,34.720753
-8.425915,18.111986,43.413242
-4.559349,-14.553883,17.939093
14.606874,-4.091158,22.881908
16.275051,6.763841,32.062553
-5.483556,7.020048,49.819557
-4.161827,-6.464833,6.591111
17.469732,9.168731,20.528145
7.823359,-29.288498,29.676495
13.349744,1.812269,8.422548
2.467123,15.533731,22.851685
18.689932,-8.667756,23.650135
0.971987,23.867451,48.632423
-7.630797,10.027699,39.311424
-9.274659,14.214292,16.992985
-18.847656,-14.523184,29.400747
17.925558,-2.057434,23.992455
-9.067186,-33.749279,41.634399
13.021242,-0.470781,15.587817
-20.078325,-12.105675,27.777374
-11.651648,-4.236335,47.208920
-21.822241,-6.617065,40.225040
20.412106,8.340262,41.548904
2.446264,23.141348,50.914280
-13.765548,-23.830666,45.661819
-1.573768,-24.970522,45.507317
-14.808470,-6.825556,14.743416
27.450214,-22.748096,44.841953
11.529405,20.637400,51.610180
16.538036,-16.697901,25.068092
-11.110627,-24.240540,30.708065
17.736214,1.853823,18.916023
-5.276626,10.985282,17.333620
-14.872139,-11.081448,23.908743
32.004295,-2.269765,43.118179
5.504030,-35.805080,44.165699
0.177209,17.771151,30.707426
17.743658,-25.691870,40.185726
-15.365631,-12.513511,48.917580
7.271848,-24.016212,32.163017
7.416687,20.639284,34.899769
8.581535,-22.978334,28.515699
-14.784166,5.841584,33.970119
22.386150,-4.397320,22.141584
-15.969258,2.771358,37.160393
31.211792,-17.914721,45.715355
5.848629,-36.625439,46.123562
11.115649,8.956317,14.302214
12.609487,-14.715809,21.220798
-17.305134,-30.153269,35.240849
-2.407630,-22.483759,18.494230
20.100430,-34.029358,53.056133
12.541057,15.544430,49.405579
15.346566,-15.922780,17.527071
-9.166719,12.201454,8.900397
-22.020306,28.481905,33.866264
0.208231,10.173942,17.864403
-15.702124,-3.424563,21.566236
-2.110511,-32.007347,33.150112
-15.815850,-5.855294,19.968645
-10.569714,-14.021414,15.375660
-16.614038,-24.030493,30.882412
4.793262,20.733259,33.779228
19.471745,8.398792,39.320515
-11.321779,-12.114206,13.085982
-18.399485,1.176784,39.262913
-4.349939,-21.765755,21.459774
-12.165048,-19.911974,48.789429
-15.364659,-12.523869,17.148638
11.775518,-31.282154,31.486479
2.919845,12.969689,23.305824
23.648108,-32.799511,46.740326
-9.587937,-21.400629,24.499531
12.407283,-26.290920,32.337051
12.316388,-29.541679,34.740562
-10.640640,-21.888842,48.706566
-36.190933,18.207367,32.946896
24.209568,7.440117,36.436016
-18.416653,5.584730,32.735027
20.751099,8.326252,25.754313
-13.837277,8.741196,8.742767
19.681410,11.757044,42.970638
-7.168893,3.784152,48.810982
2.655477,-12.303678,11.756215
-12.145304,-16.629662,43.995392
9.720278,13.083895,27.469116
10.019653,11.118750,48.435547
-3.727589,-23.955666,35.350380
-8.892120,13.563946,28.669464
11.348969,-2.940238,10.010464
-12.168786,-29.480934,47.145397
-9.264123,-33.689857,51.143116
-15.826709,-4.943389,40.301136
-11.938976,-10.541046,14.401607
-15.784701,-25.868649,38.321655
-0.402746,19.436642,52.039742
27.532562,3.292462,46.810333
-10.824691,4.728593,26.563843
6.919185,16.518404,41.659725
0.505711,-31.684526,46.290257
12.872122,-7.323035,21.435186
-11.855681,1.761896,39.517418
-9.984643,4.021252,42.015850
25.122976,-8.648445,26.000172
22.277987,-13.147550,18.879967
9.554553,-30.846310,39.647980
3.289562,19.901634,27.466227
18.610518,-29.174196,48.148441
6.495453,-24.435326,18.449444
18.983299,4.425814,33.301220
-3.665082,-24.269426,19.548128
-13.798427,13.554124,44.077438
3.811671,-32.263527,45.796211
-9.688587,-2.077674,15.377425
-21.215286,-9.265041,33.445335
-5.291852,-28.800127,28.246712
-4.516177,15.334012,18.181795
9.655114,8.859107,26.112713
-3.481595,25.352718,47.553150
-15.628391,-4.408123,30.501274
-6.223393,25.746565,47.205566
-7.433155,1.780965,13.163979
14.127140,-10.427670,18.660902
26.305410,-9.760907,37.744545
-5.430223,-14.587609,12.548117
0.947371,-12.273452,9.305108
-8.438707,-19.170919,44.739689
10.710022,-24.367903,33.739132
-0.217706,14.672035,42.690868
27.591387,-12.745189,34.344803
-14.961542,8.919112,13.904550
28.385748,-11.775679,43.719261
22.315668,-18.035761,37.809025
4.034959,-31.235167,30.585102
-9.885144,2.692143,10.607847
-2.312823,-26.819836,22.369528
2.137168,24.092428,45.539303
17.679523,-28.371418,32.342937
8.698523,15.192200,18.414637
-27.817266,31.703737,44.318264
-2.158792,10.638759,37.001720
4.730970,-27.296049,36.761906
29.643621,2.529855,48.483791
3.058144,11.427055,18.625118
0.821936,12.494282,9.132698
22.228180,0.185238,36.097595
2.034928,20.454462,38.507679
-11.694537,9.160901,10.344626
-25.141432,26.108648,28.258768
-9.459650,9.816928,10.276530
-5.774785,20.501968,42.450470
-3.581997,10.730124,43.454231
22.750412,-2.093826,24.035172
-18.601851,-6.411745,42.982113
8.065612,15.203843,52.447544
26.548792,-27.350721,40.303135
21.873491,12.012422,42.579979
0.341312,23.671204,33.645668
-17.534595,-16.214518,48.277531
18.472952,-15.665232,30.597466
-6.866185,7.306605,6.390668
8.243464,18.461533,41.859482
-8.054594,-20.168493,23.680653
-3.367508,-27.883987,35.966377
-40.671085,26.086964,51.183968
-15.348907,-2.964066,12.016573
8.865662,7.361277,15.327809
27.357811,-1.111216,47.082180
10.365013,13.270579,39.939793
37.458218,-1.528386,49.725941
15.951282,6.830331,33.986217
23.553970,9.503696,36.945084
-2.175717,-19.248398,25.456259
-1.730777,-22.789623,22.293264
-6.745098,-20.794432,25.843372
17.144772,-10.508718,17.220091
13.528766,-16.089638,13.249166
-4.684823,18.602232,22.462132
27.759830,14.204698,50.185337
-47.936245,-19.217554,51.243965
-17.464380,-1.237293,18.741602
-15.477096,-4.274456,45.727432
2.647259,-34.202904,44.144623
-1.194904,9.073710,44.735897
33.932072,-1.409787,48.710823
-9.638696,-17.768682,15.815875
29.057295,-5.947191,39.494507
25.149948,-16.899633,49.520115
18.182493,12.156118,50.112797
27.869602,-6.855182,47.195950
-4.922619,-25.788282,33.660942
16.136606,-26.020939,50.330833
-5.775244,14.584929,20.131239
6.213437,10.851971,17.335014
-17.562340,-14.944139,52.555943
17.811121,-18.865053,19.425188
-6.786335,23.625095,46.695183
34.429726,-3.460003,39.256954
34.541805,-7.391788,50.045448
-10.225394,-6.505798,12.624366
7.699259,-18.108603,20.808752
-10.027491,1.636987,8.460196
17.144239,-33.108025,42.228645
-47.092041,8.256653,45.640358
-4.744705,26.488911,51.267574
-2.020291,2.326773,6.895485
11.755481,-31.547606,36.909187
24.361113,11.737186,46.186371
6.367370,19.413244,37.817879
0.009894,16.548643,22.858303
13.274775,12.311430,50.112591
-0.867992,-6.107163,3.871479
6.376896,11.580398,35.519661
-2.824442,-3.119864,6.618868
-12.162198,15.216237,41.202034
-43.425453,26.663082,49.133183
23.817585,-19.139698,46.459175
13.289239,4.528574,23.035276
-15.228208,-8.842532,41.031281
-14.674767,-1.829861,48.346649
-2.667561,-32.105309,49.536602
0.232702,-18.716774,23.860321
-1.755401,14.723693,26.024340
25.836946,-2.852030,23.138073
-19.078316,-0.751043,49.096951
-16.572521,-9.227689,30.531473
-9.251866,-11.962749,10.867710
17.980408,10.195284,35.382381
0.802679,12.565279,12.513124
-3.261628,14.092712,22.912703
25.743202,16.206886,52.481667
22.286880,-9.840703,32.783596
13.721236,19.237494,50.316616
31.902880,-15.040503,35.774860
-32.574150,-47.573093,52.878590
10.488312,-6.682673,15.866652
-20.495266,-11.207773,48.446465
-8.657712,1.467669,49.285515
-3.584084,-32.584888,40.939388
-1.838976,10.457201,9.289200
21.292423,6.532013,44.229797
-7.634535,-15.426953,19.839012
5.924391,0.769219,3.207407
-16.746071,3.985746,16.690022
28.235781,7.310755,36.636570
1.780209,-20.927530,16.146637
1.568099,-16.579113,21.378315
20.700815,-0.957015,17.063507
18.847958,9.259434,52.898262
-3.214952,26.877796,52.751671
-17.014957,-8.366403,34.660198
-7.951763,28.790161,44.945717
-5.284086,-16.325005,21.885948
4.429695,-28.415186,25.588951
33.385014,-3.414218,49.935024
-34.672314,31.585251,47.571888
2.155282,17.627155,52.835327
2.999134,6.460973,9.582917
-10.904401,10.713788,11.369504
12.486361,19.770880,48.053299
-4.649096,-19.746407,26.847412
1.088595,8.831314,5.379389
11.708687,12.220733,21.303761
23.553158,-19.404699,26.206100
16.417889,20.005318,46.807827
-10.086188,5.342065,7.689479
30.005215,-18.148069,34.215153
-14.357885,-0.288995,22.574720
25.537312,-20.837061,34.902142
32.647060,0.152848,49.807854
-4.623243,-25.977993,35.916279
20.030603,-29.100336,52.475796
-2.816232,-29.908381,37.470852
20.319195,-7.613479,19.489195
-11.045129,-9.696819,12.068261
-13.136721,0.417048,16.114351
24.082949,-12.335438,21.186823
7.804076,8.183270,19.715836
12.720925,-24.113419,27.642786
20.285072,-26.525187,51.846169
21.753689,14.075605,51.399342
2.971521,-31.017010,52.539501
-6.270848,10.886229,51.796158
7.640265,-21.871880,22.832500
-11.203769,12.139126,52.898880
-2.648202,22.662201,36.754929
4.361220,-22.047249,21.006689
-21.771091,-12.427217,40.164700
7.524713,23.712637,52.344124
-10.815365,-33.272263,37.389679
-18.107351,4.350663,28.937216
-17.177725,0.268432,28.887941
-7.547006,24.166458,32.371292
-25.272137,28.036919,33.766747
-8.099804,-11.382864,17.604755
-39.275990,29.268764,48.414806
6.929164,9.444059,24.497248
24.196323,12.022469,40.004002
18.768024,-11.156829,19.288052
-5.737922,17.751358,32.441986
-16.067728,3.831200,27.678299
-19.403721,-16.094902,36.169773
-19.796970,-15.140807,22.994133
-24.154989,-47.890259,49.785210
2.801028,-21.764635,28.879709
-16.631756,2.114952,23.285507
-10.842320,-32.289375,39.853428
11.798554,-1.634079,8.694137
20.560040,-21.396799,43.590187
-22.208908,-11.529165,37.581608
6.144818,12.166933,20.627636
0.751062,3.872721,2.465910
-14.555529,-4.264241,20.110128
-6.026844,-27.912464,41.355484
-25.648846,29.556389,38.626068
-17.709457,-3.317330,19.270969
18.635803,3.903454,15.061167
-8.691412,-20.211300,37.137409
-12.450089,-5.409528,17.701691
6.990049,-20.649046,20.632885
9.299623,-27.938820,48.221958
-18.022806,-1.640379,20.833092
30.762165,9.033328,45.605228
6.768864,13.976523,43.913815
21.474493,-20.766024,25.631979
11.309126,-16.646643,22.553812
0.208612,21.038643,27.025291
3.590978,-25.651434,19.441311
-47.525410,-21.757109,52.593174
28.335516,-25.789343,51.546310
27.424351,-11.591122,27.894474
-19.744818,-4.775260,36.953854
-11.818286,-1.941594,15.921697
24.244246,-13.977441,37.957588
28.765417,15.471113,52.477779
25.650780,11.172606,50.831692
26.913864,3.914445,36.408707
3.818331,-33.647015,51.723698
-9.269870,0.683911,11.785336
-1.066497,-20.776674,24.944912
-11.690480,9.901818,7.730196
-7.700792,-20.299017,31.459095
-19.394527,-16.546947,25.473341
-15.214092,-29.442274,37.863911
19.447130,5.092505,16.632538
-21.941574,-8.033772,34.746216
-12.810893,10.497520,20.771311
-10.138549,11.622535,22.763288
20.647745,-27.133518,39.735737
18.195442,5.219847,13.979777
15.561683,6.790142,29.476618
29.223162,-27.165047,52.546921
-4.752224,24.039412,28.254436
-12.026989,13.231018,13.146503
17.337543,15.878039,35.861179
0.557444,11.316710,31.847408
2.766957,-10.426742,5.316563
15.230385,-15.285109,28.557796
-5.761452,13.244204,18.099741
-12.246360,10.047459,37.700623
19.168423,-24.447647,38.218956
-2.876146,5.372938,6.119934
14.213384,5.398166,14.087428
-20.074375,-13.599693,50.958302
29.658911,-24.913992,50.929745
23.656326,-13.074577,29.856981
31.007313,-20.107687,49.684021
-8.575850,10.477128,21.861204
21.283127,-7.656820,31.470491
-17.550924,1.117552,19.658276
27.318592,-24.253521,50.173382
-17.877739,-1.701567,16.886354
-15.147405,-0.955013,18.754694
-47.101795,-22.151171,50.755943
25.933384,-13.128626,27.517090
-3.175941,21.624224,29.060205
24.320793,-10.691457,29.528263
30.991371,9.985136,47.848190
-6.151059,-24.882322,26.756483
-14.655596,10.588710,26.957611
9.410524,13.925423,29.748844
-6.546247,-8.470823,15.430120
0.087908,25.163271,43.528019
27.195724,4.516263,41.816147
-6.533322,16.468216,36.267193
17.466896,-17.275297,20.753820
-49.004597,-5.945709,48.190659
-48.436543,-16.904074,51.090942
10.388295,-30.560299,28.819658
-49.405560,-7.759086,49.104122
2.052886,14.370460,31.004292
-15.388387,-6.809806,49.617416
-3.493319,-5.721279,12.084362
-49.103260,-10.177952,49.483788
35.576424,-21.862072,52.664951
-2.901939,6.754208,7.900628
8.747217,-20.265955,20.081186
1.485061,12.888653,31.908108
-14.734786,8.618508,48.440815
4.620952,-24.333553,22.604229
-16.407236,-7.440236,48.053856
-16.051414,9.961178,48.056335
-12.843423,9.646330,47.257488
2.247611,16.795712,32.938774
29.126713,-1.391041,34.065090
29.564734,-0.353871,32.078598
-17.460855,-8.281307,46.274776
2.048110,13.577076,28.901846
24.141376,8.438584,41.750576
-48.638607,-14.424535,50.896107
27.972883,11.985665,44.187317
28.200092,12.644076,46.367783
21.219461,-5.446578,28.630056
-1.225245,3.132113,2.288472
-28.665728,31.656454,48.371685
-46.961849,-6.949212,43.858402
-11.189686,2.893495,51.877007
-5.524132,-2.832383,11.278091
36.969543,-14.988261,46.676208
-45.184212,-10.690828,42.041229
-0.086908,-29.556904,52.828964
4.775095,-30.324532,38.818436
-16.745913,-7.198365,25.483036
-17.632494,-15.968863,43.391602
-31.277056,31.043800,48.769176
14.317667,-23.009087,20.984013
3.699047,-27.104456,22.422394
-41.348335,23.490448,41.163097
17.062523,-32.555805,46.142090
-0.599565,-13.866158,15.009487
-11.541871,11.139473,45.911572
13.841571,12.450994,36.122368
-30.076893,22.909548,28.679092
-49.502590,-6.808024,52.720711
-9.361390,6.898159,25.103600
-7.565743,0.948398,52.993084
3.389879,-23.443853,24.146481
24.354076,-28.071974,50.554512
17.791071,-4.112533,17.825773
7.729374,2.961275,12.137432
-19.552839,-2.991789,21.707567
-0.914487,17.479040,51.117794
-5.020565,-9.688955,12.502562
31.341949,-22.591106,40.551922
28.050644,11.848619,48.109447
-16.162718,-15.690960,28.733324
1.964839,11.235935,28.383745
-11.659629,-1.984596,17.729572
-1.197091,-27.440863,25.856829
18.316666,-13.578588,14.921195
-4.965143,-40.037807,48.541954
-32.385395,20.570629,29.366053
-4.893559,-24.145506,39.612846
35.948299,-12.079950,42.939568
3.236576,-4.146507,2.717558
-38.253864,-31.197292,44.670410
13.417975,1.879825,20.798967
23.329578,9.439452,38.726460
-39.653465,22.629780,40.798847
11.142774,9.597110,32.885788
21.134308,-27.508862,44.885750
-7.456447,-1.504085,8.203965
-7.590821,-20.880924,39.003456
14.360921,9.160048,35.633842
-9.539320,-41.193279,47.140541
-12.693063,8.028605,18.935257
-0.486993,-14.836667,8.771379
8.791655,-29.864141,28.218086
8.634811,-14.765875,15.145889
15.451755,-20.914761,27.641867
-12.747938,-4.693610,23.985298
-17.403168,4.538723,26.145395
-9.375087,-17.562239,29.019571
29.802908,-13.818645,33.359291
-4.779776,-36.942650,50.395420
0.935265,-36.741650,45.271034
-8.622029,8.608145,12.425365
-16.071001,-19.271856,26.490065
-0.950337,24.839487,50.180611
17.653482,5.604641,26.395266
29.161118,-6.234581,37.271416
-10.098976,4.762853,38.395092
-8.801474,-34.314762,46.039001
26.364759,-8.354379,41.258366
-6.893714,-23.237505,27.933569
-1.305360,-33.290249,51.686707
0.677202,-31.422565,42.667854
23.419973,-28.855034,35.996113
19.957371,-31.254404,38.426273
32.965069,2.784381,43.119183
34.800701,1.696615,43.525871
-15.421777,-28.748615,33.019730
17.759844,3.018339,13.196910
10.519898,-15.363855,15.987744
-0.393867,14.084390,28.265566
2.207875,-22.115854,23.745729
15.321389,-24.770777,31.836309
-17.041059,-2.703657,46.604511
20.528852,9.402532,32.214344
1.990343,-18.964779,25.095388
-5.280638,10.784123,25.097528
-1.785795,10.901713,50.143433
-11.359702,-20.570484,52.429569
16.461401,-34.648819,52.018402
-14.707287,-1.387552,15.310252
-6.213889,-24.889229,35.063526
23.075514,-28.978701,46.342392
-2.494811,-12.133142,11.304028
-11.337990,1.747454,48.245087
24.152124,-26.976465,43.021126
-2.447849,21.156300,21.425798
-3.686272,-0.937065,7.108205
31.608307,0.969439,43.240936
26.379059,-12.810482,43.694775
9.318590,-31.607367,32.601753
-14.463304,5.376516,11.913573
14.828399,-30.330011,37.154503
-2.070456,-20.389870,19.142609
-0.733696,11.655147,7.717142
8.058844,9.914959,17.530415
20.279785,-16.190454,33.024860
5.491760,-30.083626,51.843365
21.186234,-0.679347,24.704153
-9.973655,3.482009,8.032372
-16.699551,-21.103046,41.811413
2.312046,-34.115871,40.688347
-40.515236,-14.382404,37.459446
22.752211,6.179303,40.034023
16.182060,16.745144,46.096657
-42.287350,-13.040877,38.877850
-44.750263,19.397800,47.317783
15.201399,15.561589,46.891865
-4.381210,17.943184,49.383102
18.673389,9.598835,30.366777
-17.255171,-18.917442,44.765957
5.335458,10.866737,34.184643
14.518724,14.520666,29.244900
27.611025,0.485622,32.800186
19.144562,7.030475,26.071865
-11.423487,-27.237865,46.946831
16.937519,-31.912401,36.860577
-41.046597,-29.853765,46.524857
10.630754,-27.338762,44.836193
-43.523857,-27.921206,48.550144
14.639636,-14.800814,14.537456
-11.060939,14.500541,33.922657
-45.038857,-26.002644,50.042419
-44.061825,-26.073875,47.930771
-41.740601,-26.732456,44.897728
27.713518,-14.559319,38.414261
16.232136,-15.272191,14.329533
31.234564,-2.688204,38.003204
12.298495,2.620970,19.707033
21.017553,-12.724706,17.269041
-13.847453,-21.030613,26.973825
13.751608,18.354124,39.281094
29.435062,5.509339,47.888561
-40.176125,-31.983593,47.376156
25.339754,-17.697149,36.229618
9.330476,-15.985847,21.904848
3.802973,-35.079323,42.145325
-11.254034,10.749811,17.631010
-9.974887,16.011673,10.004812
7.393401,13.412689,34.318718
29.749599,-5.333810,32.217590
-3.741847,-19.718023,22.805140
-36.777378,-32.667156,44.469128
25.179333,3.546072,47.259514
-12.335292,-1.164683,40.822849
-30.376684,-43.832779,49.133118
36.301392,-13.082272,45.880459
-17.893620,6.493172,37.664669
22.171921,9.869184,40.724033
-29.844223,-42.446693,47.080162
-26.783695,-43.722965,47.121464
34.191174,-14.293915,46.286434
35.193481,-2.648812,49.304474
-31.038836,-42.728779,48.143337
32.003052,-14.914234,46.995193
5.844711,-24.980228,33.476032
-31.148005,-48.813629,52.964550
10.765116,-5.957270,13.804840
-27.546751,29.121994,39.421135
13.393277,-0.101637,20.482168
3.061344,-28.404181,48.145844
25.093754,2.908518,44.981205
-35.421658,-34.164352,44.738922
25.314781,10.089384,45.215710
-37.610470,-34.856586,46.766613
-12.097726,-14.535128,36.894108
32.851307,-0.657361,43.079304
-31.695496,-38.279190,45.100891
27.070560,10.726689,45.231380
11.482045,-18.645685,20.283239
31.814499,-7.813035,35.202705
32.838707,-15.648462,37.959423
-34.384811,30.672516,44.949722
-20.242336,-6.386885,19.097343
28.647188,10.618402,50.754181
-12.785229,-13.049098,35.534252
-39.559799,26.263897,47.325451
15.321123,-8.848095,24.543051
20.147991,10.167122,27.026310
24.168982,11.280919,44.419678
14.150092,16.815159,36.361156
-14.015473,6.449808,38.678280
-14.276323,-19.314636,46.281128
36.351761,-2.562007,50.634258
-8.049557,-29.820215,30.512806
16.614882,-28.601545,28.996204
21.512585,6.569416,28.806429
-6.417031,8.295122,47.755741
4.774262,-11.176259,11.599913
15.599815,-0.956884,12.805390
21.953814,-11.248055,16.954168
8.646328,-10.955079,20.181206
4.972576,-28.901726,30.542477
-7.153546,10.216943,13.642607
-7.363015,21.488417,38.211185
19.319336,-27.045765,29.663008
-11.592179,16.315519,34.247345
-3.506017,-30.320164,41.914944
2.136569,-17.384226,11.058023
-17.461800,-8.787541,40.970905
-9.762885,5.574638,47.231441
-8.648042,-38.383217,46.472324
-11.272975,16.987061,38.208775
-46.122242,-24.485964,51.034775
35.196938,-4.437360,43.891582
36.152233,-6.487990,43.334518
35.247307,-4.234023,41.772682
7.837489,8.911883,25.985340
-12.640428,-31.594189,38.961933
9.914431,20.547846,42.673763
-13.897177,4.521808,15.290220
-18.028259,2.745465,24.390141
21.737761,-11.830932,20.767544
3.332450,-13.670637,10.138285
27.599346,-17.337641,36.073891
10.090777,20.055658,40.491009
2.435271,21.505388,49.492531
-6.079197,-22.500551,23.882366
18.942480,-19.703615,37.689270
23.820606,-19.179186,36.724270
25.657444,-17.779577,33.995453
23.761627,-16.264753,34.811218
11.769399,-27.333820,46.603119
9.362637,-28.607466,44.205868
24.517576,4.114296,48.868370
20.403084,-11.424743,18.446373
5.294377,-29.729197,46.571098
-27.698912,-44.943142,48.231709
23.476316,17.492035,49.009148
-2.839771,-9.830270,15.014591
-23.405422,32.759052,48.475910
16.858421,-20.909159,30.516165
-38.934666,25.761778,40.687042
-7.979621,16.838446,21.088297
-13.668846,-7.178988,27.988247
-5.818917,6.848861,45.248680
-22.370148,-9.037714,37.134453
11.078299,-4.899077,16.732727
24.460894,5.326111,52.782421
12.676563,-6.504118,15.046100
23.415319,2.847744,33.276768
22.461885,-0.085114,32.418373
-11.669123,-2.919322,50.708290
-30.641834,-45.631649,50.783005
8.697420,11.171927,33.216385
25.240513,4.317415,32.678196
-6.300032,-5.157044,4.393099
-15.553429,-14.287614,26.785231
-1.016511,0.986700,8.118823
-19.582140,-16.541687,30.151861
13.927949,-7.666145,16.487185
36.956810,-9.683042,46.605667
-4.098673,9.952579,19.042374
16.076780,-15.974474,30.660259
26.619257,5.550925,44.308701
-7.146904,13.539239,46.654446
-7.067104,-21.602966,41.833389
-21.285877,-46.646667,47.794651
-15.574901,-12.149887,34.635834
-12.574360,-18.896700,38.963821
-18.332340,-20.544636,37.866875
-22.534443,-17.939438,27.633476
-11.264444,-0.507768,45.197598
32.621857,-23.703775,44.212292
8.115816,-20.204748,14.587281
-17.838028,-19.478226,26.350973
36.928654,-7.638983,45.674404
-27.027761,-42.067120,45.538013
37.737957,-12.301566,46.654579
-12.815126,-12.114702,25.825655
-18.260551,2.100255,43.926228
19.419607,18.046795,45.685009
35.670757,-14.414368,44.639145
-13.683857,-6.050603,32.789154
30.965254,-7.872086,39.241566
-2.732678,-29.949812,29.315441
10.659236,-32.253086,38.552418
-13.477648,1.785187,30.108280
35.483059,-11.679134,40.161259
-0.972189,12.236903,29.293352
1.208958,-33.071331,43.524059
17.319778,12.590556,35.577133
-12.630747,5.657636,30.481735
-38.163002,5.408591,32.978844
-8.536298,-28.136171,29.182251
23.618214,-0.303339,23.942541
4.368845,-31.709093,51.134335
0.792200,8.459608,50.495316
17.707909,-29.761240,31.273865
-0.695864,-15.957149,11.652195
-7.315510,-21.847134,44.889446
-14.806648,-11.646108,28.050917
-11.646333,-29.531721,40.095066
34.108273,-10.910346,38.356365
-26.452267,33.818005,50.917759
-6.488341,-41.115002,48.370670
-1.396447,9.269364,43.065769
6.579330,13.954699,36.885132
-9.421380,-28.921761,39.192459
34.605328,-15.725874,47.558968
6.457284,-33.090950,38.529358
37.689320,-10.905170,45.834591
37.635975,-13.714840,48.008083
-40.381931,-34.570969,49.865677
-9.452754,-22.833160,38.594154
35.489624,-13.614267,47.568855
7.023298,-32.495918,41.172131
6.669066,-31.153492,39.496758
33.151207,-13.874894,44.697632
23.828484,16.080290,47.676731
13.274554,2.839172,16.978216
-16.834873,-5.844797,16.684425
27.506067,9.415094,43.390915
35.498894,-2.310240,42.108734
14.005615,-5.021470,12.855412
1.186313,18.825907,26.938242
33.446751,-8.511153,36.363083
6.135348,13.780074,31.229086
-3.628007,26.061569,41.847576
20.132044,-16.820259,23.490067
-7.594104,-30.719059,32.383293
28.480673,0.265988,43.563499
28.163460,-1.729566,42.894409
12.025117,9.105643,28.483421
-15.124619,1.382725,48.106144
27.125610,0.928620,42.254742
-13.671877,-1.880289,10.488432
26.796709,6.039056,41.318527
14.276547,-25.781446,29.002886
33.785305,-4.878355,44.819275
-18.907455,12.272132,12.824567
-5.595551,15.543086,27.620455
17.091036,-23.490358,28.079130
-4.530960,-23.063797,42.090683
-5.653995,8.895688,24.826687
21.647657,4.623064,26.029623
19.344398,-27.758623,41.302471
5.338125,-4.832721,7.262300
-33.834450,30.579473,50.659576
24.043631,4.388108,34.088497
6.241837,11.049623,46.226475
-4.838695,-4.708652,6.632395
14.386405,7.328122,32.524746
-10.908502,15.624884,12.881662
-16.398272,-10.837203,41.129673
-9.454776,9.633565,30.443253
16.877701,-12.344969,18.626896
8.815571,-5.624710,8.760205
-11.927651,-17.469624,37.685020
25.362185,-25.774559,45.431206
26.747486,5.842731,36.027077
-2.395635,7.957511,46.292442
-20.045591,-6.588236,36.201210
6.596557,-19.618048,14.242045
-7.249259,18.600874,22.843992
1.519076,21.365484,35.081955
9.927810,-29.550186,36.199528
0.949972,-4.735489,3.125980
-16.203152,-9.842394,17.169872
7.788837,11.619550,52.531445
10.076380,16.473560,26.727341
20.392500,9.990393,37.086575
-13.440687,6.292629,20.934496
-18.763374,-13.925155,27.576973
-2.452143,25.529518,52.074455
-19.312014,-50.106174,51.451630
-3.296535,-25.615826,27.425409
-39.427113,30.848949,52.854408
12.409468,11.859770,38.285980
21.330250,10.673758,45.901173
-1.430903,11.083973,12.107441
10.475007,-33.853733,44.312866
16.912218,11.828939,26.400391
27.452391,-28.699360,47.754444
-9.100217,-14.146303,12.176021
10.914639,-2.443553,15.189252
26.538006,7.761169,52.477375
21.002726,-5.419890,15.719715
20.432631,-24.624010,35.632599
1.339493,-37.471771,53.154510
26.193548,10.633604,42.366379
0.333406,-10.523268,6.501366
-6.539754,26.115599,33.118858
26.062750,4.169791,50.663754
-6.470797,10.925156,41.298180
25.780354,-3.561630,31.770998
-16.717808,8.679987,10.817291
13.976818,-36.312813,48.491936
28.942659,-20.209496,35.234203
-9.895422,-27.994162,48.875378
-2.109610,19.751219,52.768410
16.492529,-33.085392,47.892258
-11.018505,8.505484,37.977505
19.578964,-8.619339,15.443166
-8.542398,7.618222,46.835247
-14.370789,-41.140209,43.833481
8.026079,-16.782578,14.116499
28.431757,7.941080,52.584007
-4.918935,-35.312359,40.995049
-11.052308,15.058926,8.749301
-2.127221,10.758080,20.919470
13.358533,-23.634518,37.817741
-17.545284,-9.522947,50.770065
18.125616,-20.907461,22.762300
-4.350316,-21.843481,17.556408
8.538775,-22.248299,19.759146
23.905401,-20.768337,49.520664
-19.085169,-18.902512,48.495113
-7.974989,27.039820,41.948120
-45.764347,19.632402,51.220524
-28.908504,31.334869,42.410923
29.463760,-13.546249,35.860374
-11.886735,7.574296,16.489868
-8.577879,22.007195,23.079865
-18.586504,5.941135,35.427460
2.541134,-15.486068,10.513746
21.724796,17.495049,49.648918
-9.329659,-43.240887,48.675014
-2.830937,-26.814198,32.039757
-16.822163,-13.723881,28.369331
15.718249,4.379707,26.162619
-2.812918,-28.665529,32.612976
-35.914642,25.013546,39.771156
-9.657781,-6.211851,17.854322
19.012224,-30.813953,35.314331
15.986378,2.683849,24.748810
9.291665,17.680450,25.323126
5.420918,-14.755094,17.043707
-9.771828,14.677048,31.891176
-13.691390,8.817726,20.391857
0.293013,3.353986,5.447434
-3.068053,-26.741997,34.172722
-7.772096,-27.834141,37.881283
3.629804,4.211371,7.048431
-9.307548,23.397911,24.227249
14.229883,-2.896729,9.654549
33.809494,-13.588578,42.954319
-17.940536,-1.385175,36.654404
-1.665855,10.750778,15.019846
1.775087,-2.646942,7.895175
-8.002662,17.077421,26.379263
8.298826,10.400514,30.063011
-13.163202,-20.988922,24.936140
-19.770544,-37.778370,40.312233
9.876446,1.165000,11.769326
26.780823,-20.453142,40.431870
16.563684,10.612000,19.590981
8.652174,-32.982136,33.588615
20.594723,11.769326,40.987518
5.892448,-31.287724,36.461590
38.885269,-6.001610,52.566422
-13.727917,-10.749524,34.219761
4.990792,19.427868,24.702358
23.052076,-25.720669,31.333015
6.924796,18.974657,30.059183
9.278653,-17.061701,12.388400
10.044685,-17.140181,14.832600
-4.397193,8.845056,46.883369
0.839296,-28.506248,34.486103
-5.384337,11.205843,49.499302
-23.722620,27.873072,30.756578
-15.316813,1.151801,33.359802
-3.611588,-23.647629,24.480923
28.044127,-28.451754,52.091408
-5.175754,-19.463783,20.765242
23.507696,-20.034206,32.739182
9.160990,2.970267,6.780635
18.541494,-16.127914,23.049240
16.273340,12.454136,52.718922
-6.171425,-18.678093,17.280451
-3.935462,16.292297,12.387888
35.759285,-0.325862,51.089775
-10.016663,-20.355932,38.370449
-2.781121,22.213369,24.813467
29.662577,2.386735,41.854538
9.764576,-0.390320,10.728691
5.058006,21.527149,40.496983
-6.340997,10.299852,31.219217
-48.590866,7.646049,49.860371
-23.587076,-43.340324,45.621258
-15.922048,-14.322437,32.845470
22.610483,1.493990,19.844877
-18.381437,1.806914,31.680368
-42.732708,23.280842,44.024857
-6.101642,22.127096,25.161118
-19.044508,-14.581628,33.079006
34.122787,-15.551680,44.997429
1.890651,-22.299393,27.175970
-13.552213,-13.948269,33.379211
9.969604,-12.111248,21.817158
-20.239508,-9.956616,26.790697
19.321569,-15.912159,18.908781
-14.949622,-13.493197,36.500187
14.155769,10.301348,30.973110
-1.564734,19.945175,34.900379
-0.111669,-13.600137,7.404240
-14.578943,-12.859372,21.892729
-10.134357,-31.802471,46.416851
-23.082331,-39.678787,42.447144
20.701300,-32.180592,41.625988
20.096001,-5.779995,14.001571
-16.741678,-12.039885,32.431599
19.525717,-30.790461,43.550308
24.884268,-17.734140,38.184639
21.569588,12.051815,36.680984
-0.013355,10.470037,25.270777
22.191671,-0.081437,19.248327
-7.285918,6.708239,47.766041
3.382168,20.110891,25.541252
23.516712,1.334545,22.061037
3.815578,18.556084,23.238977
13.577101,8.002443,30.295599
-20.405771,-48.290165,49.526722
34.878204,-9.682184,45.370834
-22.288433,-51.284534,52.763462
14.156049,-24.203735,28.483076
0.258009,-16.101910,22.200409
-5.038649,20.963444,49.939270
12.175538,-13.684163,17.593943
9.029449,11.504322,38.159615
-16.740582,-32.597244,36.864716
24.680460,8.736380,52.600945
-13.171023,-22.024736,40.239792
35.389946,-18.144066,47.159672
10.446826,2.122448,7.645848
-11.758964,-30.914438,43.489483
-13.804404,-8.853985,35.554150
29.171047,-7.452653,49.791119
9.873006,0.207641,7.366131
0.060665,-22.334330,19.173664
25.044853,-29.785942,48.433029
10.806301,-4.590182,8.578934
-19.283842,-23.760405,31.699444
-8.083263,20.154587,20.073511
-22.621313,-11.314161,23.189253
-7.489944,-46.726986,52.936005
-17.720795,-6.234773,28.101618
1.283188,16.400909,15.888135
2.285563,-15.110008,17.553988
-5.267545,-24.459984,22.197910
-1.907001,11.875922,46.778614
21.785587,5.648567,41.612118
-39.647518,26.103901,42.500832
10.661472,14.358725,17.269356
-44.120937,26.706963,52.697052
9.471011,18.615908,34.762482
20.934235,8.407934,27.916864
-6.772593,4.485638,13.566749
8.655891,-31.149996,29.799740
-9.142418,10.711917,15.335257
-18.424879,-0.094406,32.934811
8.726450,17.993212,52.578773
0.403293,21.133654,46.153374
11.003137,6.430380,15.267738
22.205288,-21.102674,40.051559
-11.772666,25.332586,23.662659
27.172369,-17.686832,46.424850
-13.355018,16.736515,10.652681
30.510330,-19.861492,47.862671
-20.394646,-5.216812,44.366982
-1.171071,16.026344,13.447989
-15.248328,-5.857289,25.044968
-10.328607,10.797147,48.847786
-20.174799,-14.451308,47.624069
-18.364647,-25.610016,32.778233
-2.751006,-21.320469,27.690411
27.839899,-5.891046,28.177011
-46.896732,3.831722,44.230942
15.744477,9.696144,17.642040
-8.384888,13.118097,15.635330
27.020391,0.237089,49.799156
2.007062,-11.648749,13.541939
-2.546460,17.739271,28.784725
-17.829819,-34.654964,38.022003
-11.019052,13.227751,9.932561
5.710611,-15.739689,9.420267
-20.489176,-10.909361,31.970421
-7.820237,-26.767788,26.671635
-37.094532,29.138346,50.500946
25.517963,8.257923,51.094257
12.480201,-26.051945,25.133341
7.331182,23.046270,49.656803
-4.763081,4.832778,10.316862
1.219807,-29.501720,32.740856
-7.712754,18.655422,21.067678
14.297314,3.306550,12.383072
18.001923,-11.558674,21.166876
1.362866,-22.782068,20.811642
8.358661,3.201647,8.616709
3.751143,21.805222,35.343426
14.316103,3.580869,14.185033
-8.995393,21.579264,20.257946
-2.111674,-23.021742,26.357845
-17.538042,5.137417,51.946972
-3.448788,16.842325,26.082544
-8.598500,20.127569,17.992947
-0.465811,-24.056000,26.510622
23.801407,-24.406403,42.395168
-10.935726,-5.687265,11.028624
4.463280,-6.262875,13.527305
-16.750343,26.077139,22.805361
15.589025,-20.048084,23.284420
-13.986149,12.914744,41.196060
-5.148762,26.276022,44.602409
23.767864,-7.817107,24.126572
19.471539,-10.196717,23.253841
16.240459,4.277838,11.952169
8.671159,11.358171,22.587276
13.352639,-12.986728,22.064743
26.522291,-26.442041,47.111332
-25.387766,-12.762128,25.305563
1.992502,13.526060,38.889332
-17.859825,-11.765541,24.083773
21.720619,-31.047255,37.971066
-10.388067,-1.532881,46.308521
-12.386010,-0.284335,46.358711
0.872023,17.637104,18.814833
-16.508137,-5.249342,51.138027
16.100481,-22.654989,23.272373
34.019474,-14.436162,38.299137
10.462923,-27.282070,29.210064
-15.889159,-4.787768,35.358994
14.579916,4.107969,24.523306
19.020576,6.376711,38.842865
12.479510,-32.330425,34.987438
-2.656238,-17.329910,16.148296
-12.508749,-35.252480,38.403511
-22.037350,-10.730397,24.793993
-11.875782,13.340479,39.312500
-13.004230,-6.638251,25.363800
15.047303,-21.473846,29.893946
-21.435148,-5.034235,35.633236
-16.008194,8.916899,45.746857
-19.807774,-6.186745,50.509094
-4.222775,-16.139105,18.991558
20.814533,-31.476004,52.761761
-13.133192,2.823041,43.085636
-6.730480,-1.156540,11.689240
28.977345,-19.440804,50.386631
-8.073575,25.032722,27.291283
-6.361878,-24.126329,52.775509
25.067352,2.707266,41.576740
-1.915716,14.196242,29.947426
26.707581,0.341332,37.493111
-46.312836,11.696291,44.694481
-8.546591,-4.781756,12.913228
-12.832656,-15.195748,16.391035
4.388696,-2.788552,10.007938
-17.132256,-6.201742,30.370586
-11.292789,7.343772,48.893734
1.082372,-4.204340,9.343925
-6.216087,17.005581,18.296007
20.091972,-2.754150,23.401907
-1.253076,19.827271,41.604111
-1.277829,-24.196674,21.587694
-19.931715,-13.511692,24.187765
-16.285040,7.169308,33.935902
7.434867,9.810809,28.212713
-31.185312,30.512516,46.534912
31.656408,-2.149297,52.544369
-7.225716,11.034472,5.993075
-9.439105,-18.842962,35.629524
-3.659083,-24.792055,37.075157
-11.504213,-5.707626,21.815966
-8.423084,17.994057,40.354145
10.296216,17.932606,49.038429
-5.843261,11.493127,8.963912
13.755489,-15.168293,26.436066
2.240803,0.783372,2.535142
32.605015,-8.831477,41.162750
-1.078660,-5.377252,7.425784
14.978792,-27.965048,36.697388
28.278379,-4.138824,48.119080
14.620532,-9.977705,13.524963
4.450158,-15.733211,19.987612
24.492865,-18.587969,50.385990
3.069812,16.283194,24.672869
4.581722,23.164703,46.881157
31.619654,-25.045395,50.098740
9.355483,-17.774601,23.781174
26.545176,1.008058,39.856609
31.172937,-24.077354,41.454887
-13.492584,-9.613862,27.198023
9.346750,-35.879623,52.474304
-9.184572,3.615728,12.798030
14.117971,-20.730331,21.568441
-4.406381,21.184757,40.231232
9.851626,-4.463203,6.450153
14.407799,8.599384,18.634226
6.313546,-37.565388,50.266552
3.826463,11.029974,30.076311
-40.374290,11.751394,34.890888
23.426092,14.852064,42.220215
-7.835532,-24.162321,37.435791
-9.621808,-28.270418,37.336632
18.119667,-35.467285,50.343193
-18.845091,3.374486,49.850037
20.009275,-3.046078,20.439642
26.857159,-31.507996,48.431446
4.582960,11.559661,52.929256
-13.276011,-13.638472,15.367504
11.734895,-27.318781,37.127361
5.514548,-25.569527,28.859581
0.959105,-10.278234,8.265473
20.441801,-24.528360,28.994640
-1.126179,13.065140,50.501713
-13.540208,-19.461163,40.675484
-12.758741,-29.749207,44.857456
-3.477967,14.797268,43.420910
7.962234,0.925379,9.522192
25.017225,-19.749453,40.477711
-9.659818,-28.965982,42.372078
-7.977560,-28.906298,40.899956
21.384056,11.064325,38.273212
-16.337543,7.170177,31.704350
-5.925948,-14.648125,9.713610
28.657291,-22.251528,36.163971
-12.670062,14.500543,37.120022
33.702099,-6.252977,42.675335
-12.509566,-24.280146,36.143997
-7.768648,14.198936,23.660498
-6.879911,11.517241,11.899117
-2.210534,26.730669,48.348553
30.694256,-14.391774,37.850510
-10.599982,-35.987534,39.403824
25.705656,1.691125,26.023243
15.468550,-2.275790,18.499756
-12.092854,13.704151,11.312702
9.698194,1.749465,10.002832
-19.599649,3.115829,33.630848
28.239155,-16.077696,42.850651
-1.646301,16.925379,31.950090
-7.443730,-13.181117,12.011336
-16.315361,-9.640300,39.154663
15.380265,-20.302891,25.474329
-20.935492,-15.096995,37.562641
-10.075583,10.830056,42.987251
-21.773779,-2.307851,19.980783
37.936707,-4.105078,48.601757
-8.742860,-26.052446,37.682407
-3.945785,-41.527126,50.627941
25.815693,-8.257778,30.545130
34.779778,0.442178,46.007839
7.883611,10.757283,13.837905
-16.953569,-13.313373,25.141022
-18.928144,3.683494,47.351299
-10.489040,16.134544,52.684055
-2.807422,-32.034119,44.212505
-4.180586,7.973626,50.641289
28.020437,7.986761,45.268101
23.319490,18.413807,51.004684
-4.749156,15.038818,34.100998
13.838864,-11.190548,20.192780
18.965103,-14.363429,21.761190
-1.793895,24.980207,48.108322
-5.389026,16.067797,15.208260
22.069618,-20.526709,29.591549
-12.385766,-12.486401,40.894825
17.621359,1.550606,16.886450
-14.647602,11.297873,50.726387
-11.966845,-22.477268,35.052826
-16.430456,-22.781231,52.135468
-14.723735,-8.010143,26.147953
12.250374,9.923941,37.927601
-5.086449,-25.504435,52.036999
0.893819,16.864153,27.431177
-4.810268,24.077084,37.863194
15.909886,-26.286198,45.865074
-33.776958,33.068146,53.070156
-25.831305,30.055061,36.952129
-11.557777,5.776056,39.078533
-7.945408,8.494519,18.686913
10.578835,-20.090847,18.991863
23.464697,-21.527445,31.531170
5.978003,9.788262,9.211827
-15.384482,-0.382568,11.760468
0.410759,12.988761,34.884258
-13.951259,-5.734392,45.562645
-8.479444,-31.134968,35.762348
-7.473122,13.844715,21.147234
-8.054135,-34.790199,43.686234
20.130627,-29.642864,45.670124
-0.070907,-24.279530,33.539093
22.634495,-5.892794,17.852243
-1.794773,20.610762,32.429977
-0.607111,-35.447376,52.207539
-17.252821,-22.629154,37.253727
28.315073,9.855377,52.698555
2.196016,23.196493,42.193378
29.036535,-9.100574,37.772007
10.911053,-15.378268,11.196394
-16.025867,-7.667307,21.746122
-18.926964,-20.318096,45.898819
15.595299,8.394096,37.275867
-16.845560,-13.129187,19.726105
27.862255,2.826343,31.965977
-15.117539,-3.827572,47.689400
-20.518461,-8.127896,22.794577
35.335033,-14.656506,52.325115
10.814532,-18.830458,17.471661
2.993110,-35.664207,51.112350
-17.962481,-22.589127,40.577290
-10.781273,3.276348,20.949223
30.237265,-9.752434,31.550175
-1.031644,19.760706,28.450319
31.510662,-4.213166,37.304821
-1.420382,-20.847681,20.656900
-17.247116,-7.676729,27.140528
-5.473898,-21.587723,32.415520
-8.245631,2.656636,6.637238
5.284157,-12.124341,13.610269
-1.268377,-19.543287,15.551877
18.025124,15.615312,52.687988
29.186640,-12.435339,48.322819
-11.679951,-25.069706,28.607189
5.117341,-32.214718,31.979572
-4.805907,7.612730,48.108086
-12.227461,-8.295284,24.742113
-17.277794,-16.376440,37.390797
-14.887000,7.495645,20.996494
-17.621508,-12.302203,50.725513
-2.109524,13.179071,14.988239
4.333094,12.325577,37.295486
-20.105146,2.140856,36.048019
-38.847691,28.216305,51.216713
-6.027093,-43.536385,52.579254
-10.170574,14.690945,27.146151
19.021732,-23.797058,40.633030
-1.174457,25.819389,45.273548
11.426621,-12.627923,23.312780
24.797415,-14.087410,40.061317
-21.473513,32.100037,46.678272
16.937229,-28.873089,40.183392
19.196981,-17.263786,25.748018
-12.477753,-18.434710,46.571995
8.972843,-23.311079,26.037008
20.302078,3.037697,25.901384
20.722549,2.484476,16.929543
14.371052,-5.310593,14.881650
34.538589,-2.778872,47.494709
-6.437122,10.788415,43.936008
17.239500,0.225482,20.759230
-13.080543,-24.609129,49.343796
-10.802240,-10.506350,22.781490
36.135204,-0.667756,45.276821
-8.661512,-32.661587,38.722343
18.224340,-23.180748,34.591270
2.858564,-29.769913,28.385563
-15.305562,3.020519,45.355713
-16.996984,-12.118420,17.995296
5.479857,-20.509218,19.325871
26.523022,-0.482138,44.807457
-8.754743,-18.717958,50.142941
-9.175179,-15.816683,51.302307
30.489084,0.506270,47.348122
23.562319,-2.590659,33.350945
13.030868,0.454750,7.306345
-8.590697,13.198430,41.292015
15.798889,-31.306633,50.474064
-6.782913,5.421880,3.924073
-14.160932,-24.985777,37.854782
13.252959,7.528205,26.563974
-8.710619,4.962300,9.919046
-18.574734,-1.821245,52.488258
1.208159,15.436168,32.250584
12.978714,-33.977463,50.203754
25.888006,-26.920143,43.287766
-3.331921,8.942681,11.267785
-32.904961,31.336315,45.860130
6.577705,14.682926,15.995205
-6.789866,3.830514,50.800659
30.862940,-1.024867,46.624294
-10.871159,-29.310862,34.629936
3.256601,11.593225,35.644115
26.688803,-14.269685,33.832546
12.316829,-30.020769,32.968704
-16.712669,-15.834774,50.714878
9.318961,15.463795,28.477686
0.052931,22.291599,34.719181
-11.921817,-3.215577,20.123587
-12.783355,4.021648,24.905579
-11.561650,10.683145,42.012856
-0.067227,-28.410709,30.636791
16.645277,8.996937,24.375267
25.005468,11.161024,37.088097
-4.122887,21.376701,44.689518
13.122348,-18.316786,14.469616
17.899214,11.404048,24.579205
-6.570901,15.015640,38.091259
12.179168,9.599031,30.558302
-15.157788,-5.207166,48.839283
21.698849,-24.823227,39.858200
9.822138,17.992754,28.983339
-16.849403,-4.516768,49.404644
-16.431253,-23.989361,39.528275
-1.363169,21.264292,36.326424
-6.464005,-19.371977,24.516464
22.102398,-15.969400,32.972572
-6.699095,8.319118,13.045053
30.834106,-23.159910,50.537621
4.269132,21.881769,48.177155
15.907241,9.353601,22.588856
-16.023907,-5.349260,28.148439
-10.265679,-3.757470,17.438356
-4.103803,10.971851,7.971539
2.651972,16.430180,36.952274
5.476427,12.041164,11.608893
19.522860,-14.580461,25.785290
14.447593,10.159992,37.498730
25.555910,-16.389893,45.259769
-2.860234,18.480553,46.361778
29.902317,0.541735,49.533554
-11.586719,-11.730417,52.213905
2.740290,12.015004,38.157978
-8.255232,19.314695,52.322510
-4.298946,10.821910,52.538246
18.926350,-20.073240,25.963127
-4.451493,18.228981,37.618618
8.803335,-19.237383,17.513365
13.791860,-8.615064,10.031212
-6.979663,-35.919174,41.363091
-9.780260,-34.103645,43.346760
22.795101,12.125600,50.941990
3.355885,-29.652220,36.742992
18.893377,11.553664,26.310663
0.311216,-36.591122,49.487270
-2.059653,-23.501532,19.974859
11.756083,-10.515391,15.296302
31.705465,-10.357250,34.830719
19.054184,18.620508,52.028137
-19.938011,-6.139008,28.048962
-1.411343,-12.028046,13.529372
7.905672,-33.137840,36.614719
9.899689,-12.790773,19.851067
-36.141659,-36.175095,46.579945
1.709152,-18.749434,17.792259
-1.571287,-7.597006,10.900715
-11.451872,-16.716278,30.644140
3.161807,-10.670650,10.447026
28.985819,-24.232304,38.141373
7.103386,-12.437179,16.108183
-5.169744,12.766122,16.017109
22.464523,3.386584,23.772434
24.545462,-29.887985,44.219238
-2.411689,-5.784546,4.682473
-4.840649,-28.446020,47.673557
-11.467703,9.082152,52.088150
0.038149,-32.550629,49.612946
10.808167,15.533077,47.761684
-13.964166,-6.438357,21.150572
-18.148920,2.572166,18.372768
-4.301646,15.137371,10.425364
12.022388,-28.376995,39.199734
37.433289,-14.367043,52.504440
-12.722002,2.075817,21.539751
-8.059288,12.196921,13.688972
16.962767,-12.909551,21.665634
-19.289101,-6.894310,25.163116
27.613785,-8.013482,30.157833
21.987883,9.508839,48.132477
-16.926334,-23.739315,47.943981
-2.424582,-28.112503,28.523865
-8.823936,6.359662,19.986933
-14.842955,6.038029,36.658783
-49.869171,10.671321,48.999676
21.414293,15.179609,46.835701
13.926742,-37.283508,51.419979
-11.160194,11.340172,38.942551
-9.711028,-4.150561,15.477436
12.061439,-14.049439,24.691305
1.652650,-24.153852,32.801476
-2.480849,-32.217846,52.778473
7.526646,-24.447897,33.909008
38.218525,-9.697477,49.138172
10.217728,-26.021412,27.306772
-11.826610,-13.685163,21.736202
-34.840614,29.938482,42.308033
23.403961,7.977704,44.552834
-9.240593,14.108301,45.618835
4.645858,14.603557,22.451204
21.997398,1.909809,37.006516
8.096653,16.725477,51.322796
-0.784628,-24.744133,35.469959
24.832085,-22.483185,35.766689
-11.778345,-17.483578,49.768097
-7.114531,-18.187334,21.259096
19.458187,6.449104,18.265856
-11.428426,-32.930302,44.180534
10.297144,-20.027565,21.687201
28.057421,-1.265247,50.211838
10.602413,10.638951,51.719887
31.788506,-16.218855,45.784695
4.941149,-28.620415,49.840935
-10.849997,3.541803,23.419363
35.162884,-0.060382,43.857681
2.117269,-12.518652,17.652733
25.594025,-22.415380,42.794601
27.009428,-12.043713,39.919544
-11.230842,-26.482103,42.990940
13.442685,8.782488,23.613140
20.172461,-9.677183,19.683273
-5.791449,16.650862,25.466755
22.362471,9.608507,35.394657
17.356010,-6.474156,18.017681
29.317213,-7.493282,38.573959
-0.494437,-2.512324,3.685264
-21.448990,-12.906045,26.060995
-10.559103,6.017112,42.394169
19.314331,11.623965,28.509546
-10.072068,7.761412,52.621922
-30.216000,-40.861042,46.374714
11.791155,-23.960176,29.362520
-20.556856,-6.561346,46.756332
-0.699294,12.131747,22.170090
23.327446,-28.333767,44.194775
-0.458092,22.498409,51.344608
30.520977,-21.860128,47.678417
6.941345,-21.900072,25.542643
-7.008292,19.018324,31.809042
-10.767359,-23.555929,36.037132
26.615561,2.073509,48.447243
2.792621,10.500130,22.818985
-9.847389,4.813805,52.141045
19.238565,3.238475,24.491203
-12.782521,-27.340786,43.141418
-10.987712,-17.875406,26.354074
20.791445,-3.605124,30.322500
-14.326262,-2.916899,46.171043
7.760549,-31.278248,36.502995
-8.278725,17.078777,32.724373
-5.571075,26.123724,41.092361
-16.421791,-9.149287,43.534603
-4.494384,28.637636,52.492840
32.047901,-17.259281,52.053253
3.783325,11.659670,43.436108
18.145275,-0.796641,15.892591
12.787430,-26.823204,23.423107
18.688126,-27.600891,50.819157
-18.970871,-21.176517,41.057915
3.739914,18.229528,21.100817
-18.686012,-2.475316,32.246052
24.009987,-25.930225,33.164265
-39.042149,8.327902,33.646637
0.344571,-30.570042,40.236446
9.910172,11.549937,18.202656
11.558773,-14.527699,22.861279
-2.170003,-2.413049,3.924210
21.351448,-9.603889,18.012602
13.283213,-1.430876,10.481683
2.176695,13.527104,21.523651
26.433069,-14.536580,47.806175
10.615090,19.448982,47.934662
32.817047,2.152697,52.340279
-5.229415,3.250295,7.266315
-14.742188,-18.345360,22.651134
1.385021,11.010061,10.656603
-18.370537,-9.919276,31.861761
17.351519,-8.108594,12.311487
21.977795,-5.537649,30.823044
6.590918,8.194769,15.594581
-9.365360,-24.797361,51.717983
-4.968269,-24.093914,34.116642
-18.762428,-10.457426,40.782116
32.751881,-7.941405,49.005417
-39.650665,27.721338,52.891186
16.154444,-28.478811,52.871864
14.441435,15.609059,49.704033
8.262189,-10.785057,8.133244
15.975550,-34.582947,42.283516
3.499491,12.694746,26.591938
-12.882652,-28.679068,35.051929
36.894531,-2.008341,46.546703
27.598131,-22.337862,50.855728
-4.632630,21.334898,47.884575
-9.064497,-28.953247,33.660259
-6.495808,17.759836,38.202286
-9.402122,15.706435,15.781685
-13.648722,-8.433917,46.113438
26.399431,-19.610363,33.536507
11.187540,-37.824261,51.099518
-5.419685,0.549511,9.900609
26.703777,-15.375200,36.610027
26.265961,-10.292712,30.233831
-0.562760,13.794622,9.494774
20.764812,-14.047256,21.089645
22.553118,-1.871981,21.223513
-12.344138,-20.812803,50.960445
-22.064125,-8.023876,21.018576
-8.143444,-1.183408,10.150693
20.280184,-3.616675,18.374945
-2.346751,8.382574,9.171769
28.651360,4.415291,52.465225
23.902700,-18.808105,29.329134
-2.524536,14.896857,16.717054
-13.694070,-19.414125,52.457077
-3.271554,2.589045,8.529449
-15.034687,-12.988534,52.720837
-15.013527,7.526982,23.244461
28.722589,8.527202,42.280437
-6.510357,13.976352,28.184025
4.978597,10.500119,14.912574
-4.075795,-18.927858,13.180206
18.267548,-22.819616,23.032482
-4.431659,-16.792334,17.047523
-5.223433,9.462486,32.574097
16.726936,-26.300684,34.320103
16.597734,-16.645313,32.140400
9.772595,15.284499,36.348995
6.320895,-2.001689,6.914122
-17.761978,0.392527,14.041608
13.954471,-29.925171,41.833992
-16.416084,-24.869078,41.488422
-16.891157,34.207226,52.771996
0.428068,21.519894,40.403122
-9.904967,10.403310,40.537849
1.865018,-36.691296,50.270012
31.513447,-8.958100,33.150028
12.674082,-26.446955,30.500906
30.511858,-9.842154,47.289944
20.441715,5.873053,33.608540
0.337401,23.358902,31.431866
-44.213100,13.851841,42.069321
7.194600,18.323616,26.513710
-2.410653,13.175844,24.671045
-5.985678,12.854156,10.442909
-17.003984,-18.999985,41.507030
11.151863,-21.642000,18.742706
1.694391,-14.115069,12.616033
11.424582,-23.862528,19.521090
-11.135997,8.438901,25.449127
-4.839402,6.781918,6.937509
-18.696299,-7.325344,33.941223
-3.597016,14.122586,29.213591
-19.798012,-3.531116,28.088125
7.904867,-31.120667,50.910572
3.353975,18.598715,37.781807
7.595691,16.957428,44.765160
-18.656590,-4.541873,29.354097
26.480242,8.377789,41.834366
-9.371105,15.846094,39.350994
-20.363228,1.751466,41.883633
-7.100673,-22.441616,20.962538
-1.371220,-3.640510,9.094509
24.492176,3.606927,25.556295
26.154766,11.150542,38.428802
-12.926970,2.149395,12.886161
8.583108,-18.622299,13.443112
-13.137812,-2.620424,13.630808
12.822011,11.698261,17.263697
-9.313849,18.319721,46.860283
29.060907,-7.591749,40.462284
-12.338424,2.836713,19.642477
-16.027555,-30.762537,36.628887
-8.830956,15.564087,11.931740
-16.057487,-19.884069,48.657990
-13.720448,-18.381783,27.470940
5.309812,-25.526207,19.134060
-34.744755,25.597610,35.585011
1.526752,18.102325,34.998863
-20.866390,-17.428640,25.818531
-17.861933,-21.978388,51.417835
-5.514863,-13.714691,19.669428
27.449535,-12.800261,52.864704
4.906371,-11.500457,6.517305
18.481068,10.181047,38.308315
-7.617733,-35.510086,49.601448
31.893909,-16.686073,49.625130
5.362556,21.120998,46.367073
-12.404892,-16.163465,19.316551
-15.429563,7.801713,26.873384
34.462605,2.516661,47.449913
-0.656621,-29.145674,47.272095
-0.706158,7.156759,6.111324
-19.727802,-16.531954,43.404655
31.651180,11.884264,52.058044
-16.279291,-6.262405,46.204670
15.087929,5.605109,11.065856
-3.298926,-2.966015,9.944427
-10.727414,-30.425129,41.590672
32.118679,-26.736975,52.609406
-5.440859,-9.089760,9.949727
-19.451628,0.850885,50.114273
16.633442,6.955223,22.002373
-8.496174,14.653543,27.428247
-10.656812,-2.850332,18.922066
24.917685,-25.036173,40.030006
29.538851,1.556469,32.194691
-14.794087,-19.342604,38.667206
28.591597,-1.162993,29.120655
-8.216682,-23.753922,31.216700
8.517330,15.782145,33.011040
-5.041892,19.670309,24.902878
32.669209,9.312983,48.558880
-9.389550,10.176160,51.123428
29.464073,-5.490657,41.537014
13.924028,10.236489,17.789459
-7.907271,-32.809593,40.459530
17.970289,-17.532751,29.043003
-17.623777,2.621943,34.062939
11.308952,6.918849,23.801771
32.144772,10.089814,52.605141
6.298730,-9.723100,10.877042
8.425995,-10.705914,15.064293
15.228409,-0.921736,22.242401
15.412585,-10.445933,15.664516
-8.448375,25.253473,30.251022
30.314301,-11.993167,46.257851
-8.797809,9.689067,13.952114
-16.587593,-2.341395,38.358738
17.739937,-31.012789,50.190376
18.403540,14.452503,46.438374
-16.597368,9.978932,40.984035
-5.406047,12.131125,6.652675
21.239653,-6.040573,22.602318
-18.106171,3.640151,32.416889
30.235527,0.532296,41.380318
-22.591349,27.586025,29.527229
1.815393,12.405016,19.661079
15.963069,16.923145,50.397800
-45.304287,0.291561,40.633797
27.969582,-20.206688,32.566837
8.040329,19.387064,48.839886
10.893289,-8.252327,12.111334
10.229839,-16.489100,19.700165
18.406704,3.666121,31.923903
-13.691538,-3.432248,41.393108
-1.718831,-27.422604,36.751949
-9.800854,9.421388,41.983990
-16.567560,-24.529778,46.129410
7.539559,13.346636,39.217926
4.345773,17.757698,43.046669
-14.414326,-19.070339,33.814907
-19.793324,-12.320143,39.406296
-9.677773,14.130783,19.539509
-11.946160,2.217762,37.498993
22.878914,-13.185234,35.145367
-13.285397,9.786300,34.086048
14.636873,-6.289498,22.978695
0.726926,15.618880,19.905258
33.690109,0.420543,40.730240
15.008694,-27.336987,47.232071
7.511051,-32.294502,46.532532
-9.289636,8.388215,44.824459
-18.730122,-18.513981,32.785412
4.507545,-18.263182,15.884528
21.203955,-11.108732,25.012060
-0.898471,1.664889,4.844258
25.732759,14.980721,49.373020
-10.365740,12.491459,44.622253
-12.261346,-2.118192,43.895508
30.160734,2.690355,52.376167
17.884087,-23.102345,24.970272
7.633798,-26.017073,31.686392
-3.286654,-24.257671,44.111839
12.830235,-35.442867,43.292965
-42.361210,22.625658,45.945530
-12.846022,-12.318407,33.849422
-14.551291,-14.728042,41.229347
-13.140848,11.856984,26.420034
13.978262,-11.678032,16.301971
-5.942050,4.051242,11.599078
18.475327,-22.030333,39.732414
5.470774,13.418636,35.128906
-12.336187,3.019691,32.566414
-1.293519,15.650331,39.201313
-12.778432,-12.901296,23.816795
7.322094,-15.526546,22.712488
4.041317,-10.009618,13.181705
-0.410164,18.730080,45.360302
3.792171,-28.445871,23.784510
0.082730,16.917843,32.886116
-7.230072,-20.605719,46.855087
14.251714,-17.946384,20.082802
-20.552265,-17.622686,29.151823
17.676226,-16.570515,16.799309
6.197400,-22.402981,18.486980
-14.285226,-17.643324,30.026957
-6.287833,18.160187,15.406904
17.400494,-36.565331,52.536758
-0.402369,-15.327246,17.870758
-7.452027,-29.165743,33.104858
5.925836,-28.218838,32.492565
-14.886128,2.010040,26.585049
-9.100118,18.251238,16.003420
-16.108444,-12.424506,22.761982
10.380874,11.582250,22.037529
33.315960,-8.613185,43.626846
-10.855162,14.681353,42.960312
-13.226374,9.435926,28.133301
33.372509,-24.159197,50.819534
22.126928,-21.807529,34.069134
-41.192375,25.237309,48.740837
13.504609,11.736319,20.504559
-17.928389,-22.335997,33.102600
17.836014,-11.119200,15.636454
-19.912624,-17.940371,37.240074
18.305058,-29.849182,40.757973
-18.205080,2.128746,47.060360
-10.936186,9.498522,12.954295
-8.593429,23.374403,26.710611
-13.258665,-6.377629,36.236839
-6.656943,-21.133123,34.232239
-5.702017,17.080854,51.798286
19.666788,-24.573740,31.700581
24.521675,-8.919548,32.533504
15.607820,-3.420614,15.726273
14.013817,14.447051,24.534136
-3.764368,10.441551,28.922365
38.499939,-7.783849,50.044624
-47.521339,14.940400,49.365654
-21.793661,-5.056521,40.832821
-31.993387,-44.005863,49.690144
4.081981,-29.884636,31.348574
-15.636949,4.766594,23.415581
24.244486,8.271338,32.340092
34.290569,-6.964233,48.046452
-12.192132,13.278181,34.844959
-10.986990,7.356259,44.014545
-5.396741,-42.693127,51.003277
-16.112446,2.129122,39.558460
-10.851342,-9.039068,20.410799
-18.021347,-9.460585,18.200405
-10.031779,-30.342190,39.995548
-20.466452,-20.521158,29.675125
26.970524,-4.016682,26.402094
27.963743,3.387199,48.651592
12.041404,-26.738575,43.148193
-11.808747,-26.139753,34.329845
32.832855,-6.987421,39.989208
25.541679,9.704803,35.803089
30.144764,-4.425785,47.486549
-15.920255,-5.514325,22.300274
-21.033585,-1.693625,34.313274
-15.970408,-7.429991,32.184879
15.169882,10.366002,48.309044
-35.747128,32.246357,52.992653
2.788659,21.781946,33.151299
13.943372,-29.366627,50.396702
-3.244004,17.593187,16.137424
21.922112,-19.669891,28.235632
23.574760,11.058453,33.821533
26.794542,-2.604524,38.046978
2.719813,-24.225649,21.624470
16.106716,8.435441,15.267004
-16.975702,-6.904942,23.434700
6.993936,-28.912014,38.818253
-5.333099,-23.749332,25.475401
10.608548,-34.562004,40.804104
16.773504,-26.756460,43.423084
7.539227,10.532041,44.977230
34.024887,-8.025106,52.564411
3.568461,-15.493172,13.908260
5.873182,16.607981,30.029123
0.039065,19.386608,47.365673
-1.037953,19.185127,23.175688
-8.792494,-22.732744,33.432861
-19.970366,-11.581908,51.663166
19.363859,-12.086539,30.353960
-7.027317,-25.867411,24.581888
19.851507,-0.685333,26.602964
6.920517,11.013688,49.264046
18.039299,16.880592,46.136749
-15.435266,27.406101,27.655880
-17.025999,-16.437857,27.273273
34.761539,-16.108189,41.489368
-48.189644,12.521562,51.044212
2.509817,-8.800934,4.351125
-7.240093,5.320552,44.529633
-41.804623,29.394476,52.945789
8.204998,17.841724,37.795788
29.139763,-18.973837,46.149025
26.408567,7.462434,40.283661
27.943827,-0.678493,30.950975
5.773581,-17.147772,10.598241
-1.163705,-17.287359,18.651142
-0.156621,-13.656708,19.062544
19.730228,14.445167,48.881935
20.170233,9.980534,25.195829
7.969939,14.250789,35.794113
20.775820,-24.852436,27.282982
-12.307788,-10.232560,25.778275
14.120007,10.677625,22.663176
-4.101733,-0.414658,1.965955
29.527725,-17.160229,45.971821
-38.851757,-32.189926,46.107128
27.110939,4.830259,31.747303
-14.118559,-6.683463,16.328068
29.235027,-9.260951,51.313766
-11.546916,-29.128887,42.772167
22.780760,17.797474,52.749355
-15.461516,-23.481131,49.568886
-14.316108,-14.084900,31.207844
12.685856,17.273811,34.313343
23.911747,-15.663442,42.461220
29.591465,-21.430960,51.109291
10.952477,-1.842471,13.570887
-2.229946,-14.614364,16.703503
-13.932163,8.793825,11.100374
-9.245640,4.194623,44.210312
-9.771125,0.069470,48.072277
23.584112,-27.854427,40.411053
-7.915713,-32.066700,52.141613
-14.286529,-27.998039,36.748924
-18.787024,-19.058123,39.792221
7.841014,-16.895287,10.798220
-6.831793,24.468153,48.215771
23.323463,-1.795943,29.153976
27.956669,-10.650624,38.675617
3.611428,-28.525509,46.099865
29.726080,5.043325,38.438446
24.997011,-12.136525,39.240414
-15.474010,-30.189655,34.417301
-14.689997,-3.278629,43.401478
-18.036022,-16.265636,28.958673
-0.800967,-29.745926,42.070076
-14.558273,12.569038,46.934341
-10.865779,-22.249908,44.601170
16.295715,-4.841151,13.974298
-41.617702,-30.992556,47.888863
15.758269,-24.854414,43.714512
-14.447236,6.645260,28.074860
-14.689020,-0.149210,46.747799
32.173187,-18.489426,42.025574
4.955014,15.378668,20.928299
13.787110,1.133271,19.083527
3.167362,-3.588315,4.504607
-6.734935,-28.074621,34.980499
19.806156,12.279096,48.666126
3.786818,7.410596,12.252831
-13.535834,-8.035767,37.422260
-9.261522,-14.349930,18.318872
32.514362,-10.619365,48.909458
30.517057,8.410800,41.732540
-6.136065,8.742790,49.542130
12.201727,22.837997,52.829819
-5.314270,-33.207741,41.405037
-4.311500,-32.062550,42.799175
-13.410965,3.822865,52.237617
6.612894,15.647659,26.010061
-14.894958,-5.141497,42.013073
-8.070865,18.117567,24.653660
-25.679346,33.495602,52.673431
-0.686812,-23.479946,29.180672
-39.066544,30.147011,50.172100
-30.577274,29.915880,38.747086
1.519474,-3.346262,2.068322
-14.520014,-24.905630,30.301250
25.191555,5.744718,29.132174
-16.636007,4.672418,50.574295
25.907049,-8.478828,23.596470
-0.195301,21.288748,24.173019
-35.231232,17.411243,31.399471
9.341014,-2.723931,7.144974
8.800918,12.106811,31.278362
3.788821,-2.394436,8.108055
-15.276817,1.155406,19.595154
9.792881,-28.299959,50.393974
-15.742338,4.192214,32.285557
15.717330,-3.146682,13.960217
10.647877,12.286734,38.436413
0.999523,20.036713,31.507607
11.337216,-16.897930,26.878273
26.258890,-8.288917,28.138178
24.563889,0.240533,25.899982
-19.133396,31.090635,41.784565
23.787252,4.656323,24.170015
-12.374448,-22.330360,37.262794
19.505032,14.040870,39.373825
9.915468,11.020358,25.663700
-6.101163,-22.407192,39.270489
-3.155727,10.750647,45.571720
-12.131945,0.105519,23.405533
-18.691849,-10.256417,29.192156
24.697145,10.317706,47.304577
-7.364797,-22.374390,37.857063
9.092076,14.039325,23.210611
28.464024,-5.047370,43.919174
21.566372,-23.199499,51.124237
7.447019,17.101440,24.990503
16.361814,20.790224,50.780197
-12.715480,15.081389,44.044884
6.515474,18.484695,43.400623
0.443948,-34.243500,39.939129
27.817392,-3.991730,39.504765
-18.520262,3.398193,52.682640
-4.695889,11.844174,28.544765
-20.083338,-13.010232,33.611217
-3.625797,15.960182,47.469395
-0.784970,10.445415,6.022637
-10.754348,1.280633,46.245522
2.558511,14.818804,15.394073
30.572191,-12.932761,43.334614
-12.819996,-21.969454,45.348648
-6.776586,1.775828,9.570924
23.601025,-15.999313,26.821789
-6.909515,-31.035500,50.552059
25.010481,14.454444,52.307152
-40.264854,20.525673,39.831776
29.647676,-13.899438,45.423805
8.006159,19.956526,43.310425
24.207354,5.608017,31.179424
-18.432600,-8.718456,30.342152
20.572420,-19.350494,26.423435
8.419156,-12.208597,21.240786
4.625884,-31.418163,41.204205
6.793151,-29.096874,50.595001
-47.126869,15.829967,50.828819
8.550653,-27.774529,23.769623
-20.775482,-1.625780,37.729027
9.341998,-7.769773,15.514595
-4.856339,9.550363,44.845905
11.756451,-24.003668,21.391365
18.891762,10.787936,36.735149
3.179631,-1.108764,2.423215
-50.236107,17.686422,52.906181
11.870141,12.604586,52.809669
-5.457248,-11.954523,10.501878
28.509989,1.231086,30.446188
30.287905,-5.626130,49.849567
13.285659,16.392864,41.456852
8.955298,-12.683223,16.342361
-14.876303,4.483284,9.635931
6.037601,-12.410750,19.618399
33.760014,6.980893,51.148613
-2.947706,24.181427,42.200218
-10.828877,-16.979445,32.814400
27.275917,-5.236109,24.876585
26.188787,-2.199996,43.702908
-0.806272,-25.167358,50.172615
-19.922022,-14.751133,31.184517
20.655405,-26.607977,49.802837
7.041396,11.289911,29.145876
-21.796684,-13.702224,36.679054
13.339612,12.962430,46.677307
-1.223909,22.713058,40.453259
0.942686,16.712805,41.142170
0.217597,-18.097977,12.386640
-13.341969,-14.867680,44.504967
-8.211060,-32.595695,47.583790
-4.416262,-34.105431,37.567875
-16.462488,6.080959,25.106131
19.251709,0.037434,21.934624
21.700590,-25.235317,51.142212
-16.323542,-33.741531,38.143208
4.375513,1.953011,8.099446
-9.932014,5.350952,36.551697
3.546205,-16.859085,22.494066
-14.153686,-23.971706,43.960789
-15.486617,4.859591,46.725147
13.180701,-5.687694,22.113991
29.072529,-13.102671,37.845833
0.563097,-20.408176,26.116135
0.213438,-33.047253,51.153351
17.520208,-32.702866,38.696808
-6.620946,25.105534,45.333851
19.890711,3.847567,20.996471
-6.160165,-32.304874,39.450188
-0.239907,11.819120,37.392612
6.718227,-27.633146,26.077616
18.643026,11.468546,30.251717
16.850090,-19.099829,24.634655
-11.706825,-11.827998,21.829117
11.782389,-17.466375,16.269558
9.241337,-23.485619,33.380890
3.127774,-27.750708,39.500652
-31.740297,31.456970,50.875607
-4.834073,-17.990818,18.586479
-11.447113,1.337211,14.029642
-18.102188,-4.517240,39.084045
27.723682,-31.773481,52.466705
25.509466,10.772250,52.751572
18.217585,-2.662548,16.172773
-13.445255,-20.534258,39.153770
-13.693580,-8.970904,39.430717
-3.380193,20.743078,30.999264
16.189716,-22.538839,26.387239
12.217026,19.353422,40.572334
11.057106,-1.045775,6.189708
21.854759,-3.018062,19.807644
12.765253,6.156626,18.907299
23.622036,8.872978,50.618355
-7.807964,-20.649134,18.327187
-5.422227,-22.638039,53.047260
-19.897341,3.753032,37.042068
3.361528,-28.064737,35.331387
-0.598560,-16.012152,19.705791
7.851247,-28.623198,41.039692
-8.033608,-7.988884,9.322850
0.088901,11.456481,52.336655
-16.287109,-1.432079,28.020844
18.935968,-23.925507,43.556576
-4.380929,11.457037,12.024105
4.696388,-23.638819,31.504183
35.243435,-3.425968,52.787121
10.751990,13.282848,19.934410
-13.167312,4.650378,18.672258
-6.562963,-28.000481,49.395233
-46.089748,24.511353,50.888115
-19.001530,-11.582947,45.504921
-11.250090,-23.975395,49.957245
-15.235359,5.502439,19.787813
0.270820,-26.263439,26.703459
-6.219949,-17.189390,23.793848
-11.869733,5.708209,45.038364
5.049874,10.312364,43.501301
-13.717396,11.622684,39.033001
18.494993,-20.923342,32.451820
11.540936,-27.230774,48.467194
12.065312,5.280697,21.157717
31.021898,-23.451406,48.642342
-50.390686,-2.364686,50.631401
27.867693,-14.263687,46.192238
14.546205,0.342134,15.519056
5.667361,-18.065075,24.629425
24.344269,13.560175,45.892288
6.076533,5.823640,8.844684
25.104029,2.553900,24.173714
3.704472,10.614636,25.274008
15.172169,-22.829721,35.153343
11.270388,15.607052,40.704147
5.105096,-14.100266,18.951624
-43.878479,16.950596,43.269257
-20.813404,-2.726604,43.065693
9.962115,9.204456,30.121719
-11.201674,-23.502878,25.611149
8.453379,10.754077,35.599190
30.756126,-10.059840,50.755512
13.643739,8.931562,16.929544
17.521605,-33.556007,40.408253
4.982884,10.150997,48.091980
-2.071745,24.672333,37.211990
-4.857587,18.215387,26.221375
12.192836,5.869528,8.467376
-0.289373,-12.497101,11.159277
-14.185715,5.460059,48.899319
-28.520884,-50.321552,53.135185
-2.540785,10.083256,30.090376
-12.066883,3.929093,48.993946
-13.757481,3.846179,49.352993
5.612724,-0.908617,9.337648
16.663597,-26.660107,30.697844
-17.035755,-7.237757,44.428516
-47.280190,20.675314,48.960171
38.224060,-2.332308,50.911892
-17.213751,-17.252594,45.828396
28.855104,-29.789728,50.293629
-12.775525,-4.615670,26.047426
-3.044031,5.332603,10.092803
-16.953976,31.753948,45.041317
-5.234665,26.339592,36.587170
15.774940,-14.252692,24.271488
17.197811,-2.385559,12.159877
-17.185831,-4.582592,20.781822
7.542656,17.160017,39.787979
-7.609324,14.285367,8.420949
15.190637,9.065646,39.434227
-4.044973,-13.188730,18.893511
-10.966821,4.159807,47.492027
6.093616,12.504664,50.287884
3.227919,-26.532543,37.885170
-14.057851,-10.814592,51.959076
-15.132421,5.689382,21.747864
28.800919,-3.827899,52.906494
29.689701,3.718279,46.625198
21.796864,-29.459824,35.178684
-1.617936,15.131348,32.507992
-16.465292,-13.873761,44.103123
18.430456,-25.368542,46.372906
22.698849,-27.349314,50.226616
-9.076027,1.259694,7.111690
-5.696831,-27.054440,25.747793
11.488469,-6.237421,10.943277
6.007915,-23.805225,26.281618
-4.761461,17.388090,34.494900
-6.196169,8.061851,19.946878
26.867174,2.290343,34.507381
-13.864684,1.975773,32.737061
-6.678626,2.113977,7.461555
-6.963412,-5.907838,9.405828
13.902453,-25.954784,45.023872
17.371016,-24.599771,33.411888
20.196026,-21.667992,27.063276
-10.860405,2.751813,26.582201
30.787310,-1.435686,33.095612
32.623688,-9.031388,34.395851
-19.107204,-12.570843,48.009094
17.218651,-8.357934,24.981554
1.819251,-19.028448,13.229780
-10.839810,-10.666099,16.110592
-14.225784,-17.475250,44.622238
-12.171749,-15.653913,49.369370
27.075327,0.742690,27.336121
9.793932,10.191537,16.953032
24.934757,-2.680442,26.024471
-2.896961,20.646683,41.106113
-11.156698,9.046913,18.470179
-1.152468,21.297091,30.252756
-7.641856,-34.194500,38.833805
-10.704391,-29.242348,44.715031
1.690915,-7.272390,8.533845
23.609226,0.328391,30.310240
2.577112,-18.102722,15.112542
31.471407,-17.666229,37.286064
23.670069,2.322450,23.380171
1.229934,10.917801,40.077526
-12.279371,6.375339,14.132031
10.943799,18.910204,39.166740
25.622549,10.017044,49.544338
-12.146001,-0.059611,13.185003
25.526649,-9.943732,35.002865
-18.931213,7.631155,35.859978
15.031498,-16.664637,15.027529
-14.992281,-14.290235,18.328722
-15.500574,11.692995,40.253609
-7.770072,-31.800093,45.343609
16.979900,-14.535868,18.176605
17.991379,-31.231848,42.250656
-19.238081,-10.158714,20.777140
29.170933,6.231551,44.649380
-5.219432,7.994387,15.100302
-20.357927,-9.180449,51.100311
7.781656,-36.262165,46.693012
-13.502512,-29.189800,43.104637
-12.470995,0.317285,18.197077
-4.131921,-24.750502,48.827099
17.549036,-25.107031,43.480576
27.493382,-5.186265,36.332909
2.161752,-25.610346,36.083035
10.024267,-32.600574,35.622528
-14.928497,-18.814367,41.973103
25.185465,-3.731353,21.567753
19.861774,10.922172,33.340042
-8.885021,-10.274499,12.307184
4.545859,14.955859,42.333134
15.038312,10.526325,52.379208
-13.012978,-9.697894,12.804676
-14.674556,13.195127,39.458958
-3.856817,20.929361,25.886303
17.587872,-30.331266,45.977222
6.880459,11.414792,24.322815
-6.727645,12.634137,52.531845
-13.182918,-1.447266,47.638973
4.030313,24.087717,50.820923
6.321881,-15.975819,18.776468
19.637903,-6.565078,20.885263
15.578197,8.684265,31.304609
-8.947272,-14.014070,15.049404
8.786050,-9.076520,16.879885
2.580638,21.572269,30.878271
-16.768562,6.819316,28.596846
13.227500,-24.981422,39.088978
8.004115,-1.209588,9.126090
31.172642,-4.496164,39.857849
8.114922,8.596136,9.348339
-6.018462,-19.670933,28.653244
28.724756,-10.202977,45.607632
-10.485649,-0.727918,11.564195
-7.393201,-28.043655,27.828341
-7.856158,20.294624,50.870975
-16.807457,4.854142,41.607601
-15.314652,-2.249708,50.174206
13.994281,-21.528307,19.868708
5.183202,-10.143796,7.840124
-42.392998,28.201895,49.516586
21.725937,9.132338,42.737976
5.187790,18.164782,52.415123
-46.476265,-5.207412,43.059231
-12.660500,-5.340383,10.193410
-11.650318,10.564598,22.357096
17.111555,-30.494167,38.782413
-7.386731,-18.432806,15.168950
-15.118801,-16.642620,34.371120
14.738373,-24.608789,25.197187
-25.289194,25.236858,26.740946
-10.720126,12.239120,33.041821
-9.818541,5.872233,22.707897
-11.268333,-15.852826,15.408968
9.828005,-18.064859,26.633959
25.627317,4.006960,43.192547
13.883098,9.573472,14.183626
-13.012082,-8.359740,43.090332
9.818901,3.845727,16.505997
-21.293192,-12.263975,32.650425
-10.461074,-27.887978,40.727959
19.825808,-16.631680,35.075573
32.477890,1.552624,46.507008
14.087204,18.084877,35.091728
18.996016,-13.968064,28.012875
20.458378,7.553531,23.479967
0.269188,-18.679159,19.371113
-5.691197,8.444336,45.843742
13.463415,-7.381317,12.708315
24.449064,5.272948,50.454994
-17.075211,9.417015,13.198786
-7.987520,-40.186241,46.608124
-7.731307,-25.358286,48.708969
-3.693863,-4.770166,10.438190
-12.758506,6.970267,26.413122
-8.069317,-15.506137,17.473667
-9.816333,-19.767843,52.091557
4.911819,-9.506848,5.697080
-11.236195,-2.433927,21.466133
11.916286,-8.424061,16.322006
-8.895382,19.215572,34.825035
-11.791159,6.036052,37.062469
27.208221,-20.292124,49.220776
28.896448,1.462837,39.387852
8.271456,9.989554,51.712864
21.385187,-31.683228,46.783138
17.111900,7.086653,35.886868
-2.433128,11.437756,7.987695
23.447563,5.255064,47.150623
16.170982,-16.892061,28.986847
21.667789,11.891549,32.424118
-6.813699,19.535341,34.759209
22.209839,-24.449825,47.044304
-44.636204,25.724136,50.013111
24.396521,-15.867870,32.610317
-8.247672,-24.979635,27.892183
-21.099318,-3.823742,31.545601
26.348825,-28.576454,50.007416
14.339766,-28.426756,43.544674
4.860440,-22.142738,24.195024
15.422636,-4.800004,9.900360
8.730513,-30.376673,52.522732
0.505613,2.090461,6.781647
18.167322,5.716093,35.550777
-14.123710,3.440607,28.818489
-11.674145,-4.820228,13.138951
-13.592006,10.144168,42.718925
-0.634523,20.393850,40.298576
-14.979437,10.074798,9.612759
0.947519,15.070407,46.829144
-38.895607,19.354425,37.100586
0.562155,-32.470257,40.928314
-48.774242,16.410631,49.864784
16.594587,-13.515574,28.109592
36.613060,3.213301,52.544476
7.180020,-29.084663,34.189449
28.119541,6.859558,39.795200
1.659009,20.029385,40.356201
0.361403,14.409080,40.390835
18.308271,7.629128,16.916048
-10.572430,12.543326,16.688911
-5.537065,-22.010941,46.661484
20.877415,8.572326,52.430439
0.837295,12.668615,49.018597
28.042263,-16.024185,52.164558
10.328897,-29.199278,45.636223
24.230078,-8.864190,20.255896
9.240759,-6.026900,11.890458
1.651649,15.873481,39.034874
-31.719105,-45.649639,52.442509
15.523663,16.009434,35.339481
33.607929,-8.686260,38.649113
-9.287188,-25.354984,41.252697
18.021984,7.580236,20.653055
6.210742,-26.515297,32.529804
28.678621,3.362635,44.658588
30.754929,5.175980,46.700226
20.855585,-27.697403,38.110107
-38.929340,12.392828,34.685757
19.507313,12.162046,45.934231
-49.737858,-1.047572,48.690048
25.272308,3.572091,27.939016
33.483097,-1.674671,52.684776
-8.845593,-32.711182,46.113113
1.031449,15.642523,35.195076
25.339075,-14.253044,23.827356
32.932446,-13.044349,50.672905
-2.553549,18.387030,19.167562
36.948532,-0.034768,52.872387
-41.190182,-4.251015,36.509506
3.858280,-25.689219,34.479534
-2.832408,-36.476299,44.724880
-4.014864,-10.095096,5.712322
-6.879744,2.306401,5.581014
-2.648952,-35.553905,42.472103
29.053862,-0.508973,42.217464
-16.673021,9.694028,37.133625
32.999489,-0.779340,46.286564
1.408008,22.341318,44.201965
-2.832886,-28.764973,43.950844
-6.665588,29.121981,49.692272
-20.107153,-8.185533,28.949486
-7.822990,7.698442,20.162092
29.467806,-14.972732,34.727917
3.852470,12.576184,10.435282
-3.104514,-26.617115,30.302967
15.824990,-28.754084,34.287663
-20.500227,-5.555248,48.614445
-19.796072,-10.070772,34.483250
-6.971131,-28.347092,46.139244
3.579050,-25.870604,24.557041
29.367428,-26.419575,49.504436
-12.475659,-26.395357,30.637249
3.593085,12.621433,14.990794
-11.621041,-11.179133,46.203163
-12.302835,-15.722018,40.272018
-19.293861,-7.256117,41.622189
1.529510,-29.335096,38.417152
15.951751,6.248075,15.558352
0.686222,-24.448153,21.626648
-16.690897,-26.628860,35.706570
7.928679,-29.319162,36.048775
8.364922,-30.020884,33.034710
18.682005,-19.556530,24.080297
21.726635,-15.996088,25.569788
-8.099819,25.799841,36.967007
27.468836,5.098579,47.705883
17.299129,7.714760,30.398188
-16.386194,-17.834719,23.296886
11.826280,16.894653,46.445019
2.515978,24.821747,49.376965
29.489332,3.058461,35.753925
5.006113,-0.552179,5.252177
27.460657,-21.204380,37.781322
18.605597,-21.517214,30.694216
-10.823435,-23.159391,28.642788
-9.807762,6.272797,31.883444
29.427820,-4.344961,40.175369
25.189905,-25.254881,43.184574
-4.255397,10.968797,20.984074
-12.367514,5.646058,16.034012
26.629158,-15.362977,31.804604
-4.796783,13.282202,46.618847
31.695957,-4.049734,49.197113
-9.560179,16.355705,26.891323
-7.869444,10.829296,29.520994
27.339817,-22.048969,33.932980
16.251602,-22.116703,37.198242
-8.657084,-17.251326,14.117715
-17.409330,-12.270150,52.639091
-18.904261,3.615674,16.972963
1.564505,-32.542099,36.350983
-7.251750,7.439148,50.325962
-14.083772,9.283804,24.352955
-33.221199,10.825670,28.097975
20.812693,-1.442027,20.828691
13.756421,-10.422119,15.015248
-12.189731,0.198117,51.296200
34.401680,7.772651,49.752369
30.922964,4.587329,40.847664
-42.945621,20.707075,41.414440
26.056919,-10.147298,39.818867
-37.756031,27.741220,47.107639
-9.993635,25.076269,27.490379
3.726437,-36.927193,47.147560
-6.786198,-24.911713,32.613621
23.834965,-30.197468,47.285122
-4.472154,23.471821,48.616947
-15.938163,-13.769214,49.910870
25.739861,-21.653717,41.206169
19.139797,-14.227793,19.840458
6.796795,9.869952,47.805271
29.168324,-8.255551,46.294239
8.022540,0.506730,13.414824
8.675634,8.499279,22.114033
-20.300230,-1.477427,29.772297
-2.956939,-18.782906,14.820691
-6.383735,1.883470,11.680921
-0.616032,3.515229,7.261931
-6.343032,-38.983315,46.164120
15.468560,7.749213,35.606705
-8.875381,10.972193,46.528938
15.472489,12.637603,37.577106
-20.356831,-1.654544,44.985512
8.165928,5.310395,15.114056
8.990107,15.307104,43.154709
-19.109293,-21.339590,31.370722
6.066618,16.338245,18.482046
-6.764956,-11.677349,13.361578
18.948568,10.648676,41.135551
-12.871381,-33.066265,41.698643
17.415762,-6.531264,13.203591
20.690651,7.681984,47.745369
4.589474,11.715078,17.774105
3.529510,-23.969406,17.830334
22.062569,7.547319,24.257177
-18.572329,-4.837783,31.750898
15.258532,3.820495,10.357852
-13.315225,6.578200,12.651385
22.606035,-5.378022,23.778303
-11.685182,-8.636388,10.445918
-16.008854,-16.755337,41.923756
-9.518394,6.512646,29.403093
-11.107134,6.981972,46.973038
-32.921356,26.897684,38.368874
-13.431815,4.395151,41.318642
-7.101171,9.120799,8.656985
14.007223,-11.157797,10.364212
31.804466,-21.852911,49.409687
24.007675,-11.963422,23.515724
5.890727,19.008072,40.748947
17.042761,-20.665712,20.206985
-4.724309,-34.046246,51.477173
7.494826,12.740088,47.018169
3.141945,19.214155,45.573944
2.086448,21.659737,36.947598
-8.863760,-28.528967,52.228794
2.670061,10.994036,48.611080
-11.223218,-15.803809,23.902546
4.510587,13.708014,51.843018
-4.497114,-32.533272,45.805889
18.694578,9.253045,49.628147
-50.549995,10.360420,50.886593
-24.721399,-7.477939,22.653570
27.653711,-18.418413,39.591103
33.279137,-18.005980,49.598801
15.992444,9.806707,51.071659
12.741104,4.700235,11.597974
16.992805,1.700881,21.617979
-16.158590,-9.016206,24.098646
28.982100,-12.329686,45.229931
5.869355,14.661911,50.773594
-7.347280,-24.455677,40.751442
-15.506677,-2.903754,40.531891
18.741234,8.142776,34.621967
31.460695,8.433603,44.166267
-14.088027,-16.068377,40.073898
-8.194898,7.179521,39.902145
-12.209456,-13.875452,31.677853
-15.737344,-10.051390,35.497856
-5.716074,6.615962,46.985645
9.488134,-4.655544,13.350453
-18.093651,-14.741788,46.594898
-18.026373,-12.841571,22.414080
-2.327349,-21.649590,16.197935
-8.729888,-19.417667,22.144781
-18.182259,-8.218820,25.518393
13.672526,16.778616,32.016212
-7.401774,-29.804440,43.219997
-9.910854,15.988282,37.667458
-21.495043,-50.175621,51.557869
-15.637975,-10.029771,28.931005
0.802219,-26.680206,43.503582
18.956640,-30.668081,45.103317
23.168985,-30.342859,52.359638
12.706504,-24.164949,34.353951
-14.007483,11.594008,52.739594
-3.193287,26.430422,45.385883
32.079510,0.272801,35.939373
5.461586,11.528889,39.050552
-9.171247,1.329186,13.489750
-12.719263,5.180222,7.568788
18.872009,1.995100,30.270187
12.542411,-3.381183,17.331308
-4.965887,-27.949055,31.659044
25.118731,-23.401642,46.775425
-12.256533,-22.974924,47.394245
-9.509787,1.941786,47.597939
0.174031,21.252811,42.641041
-0.668146,19.107468,49.206879
10.579028,-36.329735,46.653923
-11.253027,-15.920424,28.123886
-8.948533,-16.641087,52.824947
22.182350,4.543729,21.048958
-11.311015,18.157715,10.867107
-7.433478,22.745764,30.596395
-7.324364,7.439656,11.296406
-9.582567,-27.506659,43.999268
-16.579079,-0.675310,31.250351
22.439175,-7.270291,20.415775
-9.184441,-9.179960,19.417912
28.480797,-10.713286,40.767265
-13.612524,-11.738776,20.605143
-20.237894,-9.808355,24.774107
-13.418769,7.831624,23.760323
28.356104,-10.354068,47.860699
22.908504,-18.233561,31.476767
2.259769,-5.981678,11.160957
-14.107000,-1.516137,44.154636
-14.702710,-33.555992,39.398441
0.963719,18.508459,37.602657
15.211107,-29.614651,29.595242
-33.953033,-43.056492,51.661888
-5.318367,-32.864491,48.585178
15.570470,-31.385532,52.658024
4.543440,-18.641491,21.801352
-7.454197,17.858986,51.187630
8.246610,-22.508530,31.643553
-17.003237,29.387669,34.423542
-20.646196,-2.331884,40.743916
22.671806,-0.293394,22.345877
-5.657652,-22.260717,40.981323
-5.904719,-5.912109,13.649164
0.544688,-29.023878,36.432053
-51.028839,7.873193,51.406998
-33.189808,32.585423,50.968605
28.618902,4.194058,33.206562
-7.558511,-17.795208,25.210644
11.425722,-34.626072,48.347218
-13.086957,4.003211,35.201561
-11.629294,12.195433,29.649132
26.582460,-6.247465,39.886482
11.009089,18.264038,33.087502
-17.962566,5.729957,46.513489
31.968975,10.626002,50.232719
21.710157,-24.731138,52.972218
-17.766878,-20.456078,28.587006
-17.585094,-13.203803,37.712849
-2.135176,12.634952,26.876728
-12.308466,14.074313,51.023422
13.746612,11.532046,25.376837
-18.195324,-6.289003,51.870461
-12.189297,9.092692,14.815741
16.008999,-30.745996,41.167839
25.507832,15.353652,50.987701
-6.364653,7.490950,40.461887
-11.015025,15.127145,11.164258
-9.720089,-1.978210,52.627010
23.864149,3.171014,31.148767
21.098690,1.158486,21.674292
-17.491457,-1.303159,25.749142
-6.301619,15.017660,17.233107
-2.309936,-7.345901,3.558406
0.917890,-25.792086,20.031498
4.639670,21.415934,31.789745
5.662455,9.805342,50.516968
11.394406,21.926805,49.700546
4.172840,19.975052,29.802425
-0.134120,15.350614,26.843573
24.672947,-20.710545,28.300018
-13.492088,-6.244875,11.681679
-4.837664,16.796526,16.931644
24.899256,-4.999539,33.236092
5.192715,-33.460918,36.819183
30.966690,-27.594208,49.789570
9.019363,-31.624372,44.983906
-16.326786,-2.192653,19.922283
-2.254591,12.065988,10.272170
-15.679462,-12.709680,39.636395
-37.405743,25.711344,42.456470
28.532824,-10.909156,31.730555
-19.542294,5.939748,37.017857
18.003023,-12.695174,29.134993
21.330368,-23.193575,26.616179
-13.281619,-7.636379,22.306366
-2.040962,15.748018,20.854670
36.779396,-16.980755,49.802258
9.845902,-4.511382,10.496582
26.851801,-7.964303,31.868475
0.516030,-18.215967,22.001547
20.558290,-3.140870,14.292769
17.375816,8.853306,36.649864
12.221350,2.724773,7.239401
16.348171,10.744790,36.673988
-13.270469,-11.824939,30.516918
-14.499345,-26.844706,50.279282
-20.706778,1.831991,17.505003
5.641705,-12.228132,16.813349
-1.790222,-31.106493,30.700014
-11.588060,-17.604330,21.289349
19.537416,-19.000679,21.345495
-2.122785,-28.410526,30.537628
-7.488725,-24.209768,29.489603
15.679541,-13.160153,19.849874
22.270578,-34.411964,47.807636
25.204309,-1.351350,41.227142
35.077137,-2.568962,43.914566
-15.935472,-24.162132,37.249054
-3.435631,21.859812,38.512371
-13.221893,-16.628044,22.888660
9.327229,1.447416,4.693314
23.233833,2.930097,20.580040
2.060054,21.637529,39.792236
29.353455,-14.315526,43.628296
-11.341385,26.141209,26.521341
23.055300,-21.348408,36.652111
13.596654,9.799167,26.918085
24.630199,-5.424069,37.670952
3.873357,20.981962,45.073441
-17.448717,-5.020123,41.831245
-8.469198,16.776354,19.471596
-6.049701,13.494048,25.463745
20.427637,4.385575,32.426991
18.883177,-32.755440,41.522549
-0.635099,-26.255922,21.228146
15.700591,-7.045200,11.420104
-15.420485,-2.346236,34.552124
4.660457,-2.633636,6.471594
11.362878,7.736139,25.715939
6.635339,-6.999304,5.578642
28.687317,0.906220,52.281120
-6.713983,-7.530716,7.823640
-14.638192,-8.799895,48.744118
-15.848985,-14.257263,38.232700
-17.059002,-3.011489,31.069139
-0.267480,11.205148,48.323479
7.005566,-3.498508,4.025301
-17.261465,-0.652356,39.919857
7.946480,-26.131729,20.720814
10.736792,-21.459579,31.394087
-10.606289,4.414070,9.966533
-8.775643,-3.174343,11.827569
2.478671,-29.315546,25.346510
-16.336193,-7.622474,15.827227
16.281267,9.613139,29.040478
-10.423142,-30.444792,48.677357
-5.761966,17.599497,11.818927
-15.606117,-4.868857,52.676762
21.209179,-5.169425,18.801697
-26.873312,31.799208,47.899384
-13.493120,-4.446612,28.711109
12.690036,18.009935,32.742622
10.520201,-29.154034,34.486889
23.993204,1.431273,36.027538
14.176126,-32.407639,34.291439
-20.646755,-10.283089,42.432938
9.198974,-7.956856,10.261804
2.758808,9.813767,10.153601
-16.829414,-0.289175,44.744171
-8.202104,9.242503,23.710201
20.643904,7.093200,37.875694
-1.151702,13.570068,19.511482
-1.797211,23.057917,46.247833
-10.417563,4.729312,30.265314
23.934868,-14.164793,31.952003
14.762332,7.731349,12.630774
18.752771,-15.733840,33.760384
-8.188657,-21.660938,25.472416
-12.085046,7.317034,50.671116
-13.716988,-6.915665,34.476768
-8.962895,13.584254,10.627477
-2.284163,-24.289209,18.355183
-17.291664,-7.991824,39.234550
-49.680576,-6.067914,50.599861
15.974579,16.153728,43.235378
-10.900221,13.226714,22.337585
-11.339769,-31.718071,47.768616
27.269794,-11.891266,41.973068
12.752890,-2.362829,15.722387
29.318781,13.473987,48.942169
-7.942485,3.219121,46.926910
-11.173902,1.664117,9.860638
26.870312,-6.141549,34.700596
4.702985,9.603353,18.443325
24.834846,-26.713800,52.542572
-2.610648,-28.906851,26.483343
8.646210,-28.643402,31.463774
34.122356,-22.823799,49.543388
-12.092211,3.776264,29.017500
12.144552,17.843145,43.718143
11.982437,-12.936320,15.199859
23.275240,-27.209633,38.291252
29.061113,-22.558561,49.728123
-0.612102,9.504015,48.983891
25.928022,4.033608,40.318592
-13.122620,7.348042,47.712711
10.226490,10.079116,35.590488
17.517229,-23.734072,29.999502
3.549044,13.673289,32.646194
-18.698736,-7.077753,20.192631
-6.291056,18.950834,44.276382
8.013833,22.348055,47.663998
28.431765,-21.984394,52.621326
-14.112329,2.856586,16.528919
10.947562,16.414288,24.624802
20.045055,-21.969934,34.984413
-11.992217,-21.425541,41.972477
-4.573116,17.360456,30.289177
12.657644,8.172257,21.606438
24.116943,-3.456512,35.640305
-18.620766,-8.973310,44.349617
-9.269950,21.547972,16.697069
4.705074,-5.437783,9.110015
13.128893,-12.017435,18.051039
-3.220247,-40.263832,49.351585
-10.839364,11.904883,12.749310
8.292772,-24.432386,24.903913
-7.638385,-32.689838,42.809250
-8.117773,7.119634,23.241493
34.800297,-12.474987,52.314034
27.478752,-26.082134,49.606060
30.238972,11.638639,53.054657
11.993997,12.943040,27.722511
27.501812,-25.278345,40.657745
19.266626,-24.587763,33.777931
30.730522,-7.003098,31.567575
30.629824,-12.929697,50.701805
25.257927,6.096311,40.248646
-2.805335,23.981081,44.782043
19.241442,-2.588037,27.954620
-11.164647,-28.989408,38.286057
30.447603,-15.342381,32.526970
31.267412,1.293347,52.867760
-11.035457,-15.804329,42.151447
3.328002,-7.245657,3.535191
29.109533,-25.774567,47.567627
6.103937,-31.238077,44.423115
31.696371,-13.329215,45.888226
16.297581,-13.940614,16.827471
28.160858,-10.720566,34.795677
-14.657165,-31.791327,38.046089
17.597729,10.456087,50.470535
20.402420,-32.152340,44.627140
3.496240,-5.260697,5.718576
19.725975,-24.694201,52.530540
-10.324056,-17.347208,38.178776
-10.247138,5.509572,49.331631
-8.053939,30.159153,48.991074
14.180859,-29.031200,52.836636
4.857929,6.387817,13.412200
-13.960270,6.984082,30.174295
-12.917598,1.921342,51.958061
2.853765,-30.685810,47.363052
14.676874,-33.429615,39.883526
-1.921155,13.325227,12.896738
-4.068471,-1.665215,4.406177
11.568885,-19.923254,29.178198
-2.056197,-15.777975,13.481703
-11.102176,-2.112061,14.310426
-18.240376,-4.075567,25.288486
30.133629,-16.263100,52.564548
-20.364260,-0.875452,39.480011
11.435816,-18.551691,22.218824
-16.460506,-10.338638,26.404335
-11.582639,-27.429087,50.618450
-16.160053,6.563239,45.073917
-13.293997,-6.549469,50.339851
-40.275791,6.773903,35.733685
-0.226462,13.990939,45.011272
-15.132303,-9.131307,22.523796
7.784056,0.498715,6.669409
19.675638,14.595492,43.552845
-8.391596,15.236226,47.747677
36.666641,0.433762,49.279999
6.594001,-27.517183,45.738239
38.315365,-13.258265,50.713398
21.938671,6.823180,30.515066
-17.530182,25.004667,20.167252
5.596429,12.224694,47.930977
-18.289522,-17.894278,25.185194
-8.961892,27.223871,35.649807
23.066532,-30.160503,42.977898
2.958555,20.048685,23.786596
-0.590429,3.102161,4.054394
-7.622822,2.278448,48.263344
-16.286184,-6.798096,29.012798
24.098064,-7.664416,28.976759
14.595821,11.027674,34.907280
0.722361,-29.605295,50.873562
-5.308750,19.175039,52.646893
36.534657,3.137433,50.644043
22.482403,7.921086,25.956085
17.850491,3.602225,22.305094
-13.850634,-26.384567,46.339180
-1.000761,-2.218948,6.728576
12.484529,-31.976080,33.114315
-13.991255,24.024023,18.377987
-15.299113,3.285056,41.211586
-1.162098,9.317814,51.978954
13.643226,-32.702118,43.954575
29.658171,-12.395657,30.589491
20.006401,19.992985,50.850159
20.312433,-1.137274,19.133493
18.116686,-4.070918,11.603649
-15.241805,-9.523355,25.479633
15.985929,-19.436249,29.158926
-2.955837,22.877405,35.165329
-11.348228,12.253089,14.814533
-38.410244,-0.072797,33.506214
7.399646,-16.762817,24.175797
1.120044,-34.380711,52.988178
-4.962431,9.610360,12.071780
1.883250,19.770821,52.721302
-13.926184,8.321810,25.926668
10.809102,8.226436,27.407684
-39.743614,27.009783,49.774376
22.493507,-4.623014,32.911842
-17.251995,2.921833,48.819122
16.225340,1.374294,14.881402
2.841374,17.776857,28.724888
30.785589,-1.502718,39.832474
-6.572171,-23.348820,31.779104
-15.322036,-1.796754,39.298336
18.146652,5.881888,23.109369
-1.953101,6.675218,4.306128
34.309727,-9.457603,49.366718
-7.302103,8.476458,32.841496
26.121830,-16.044333,39.065128
13.223282,-13.205977,16.337135
16.385921,8.366713,19.022568
-9.867958,13.260247,49.681011
4.108010,-29.655771,52.943344
-12.603870,-17.120750,29.031929
-10.762386,-6.412935,20.191101
0.787644,-16.236628,13.047829
30.198992,-25.037054,52.748062
-12.481014,-5.675576,48.399437
28.013474,-5.643654,29.878128
34.610928,-13.684594,50.966934
11.845556,-28.920816,50.503696
-6.668823,22.878206,42.354000
6.410917,20.640965,31.536419
24.391493,-5.283122,23.718204
20.574741,-19.683653,41.150558
-6.745045,-11.950223,18.932844
-8.773163,-23.670391,48.927086
37.402878,-5.010205,52.214298
10.271869,-13.812278,12.529624
-4.905500,-32.007004,50.599213
-1.526347,11.180565,40.201096
9.069487,4.979207,5.792010
-7.182774,-2.714716,6.707957
-12.646068,-11.487391,27.897982
23.162811,-17.963764,39.365883
-15.128670,-21.074253,50.128414
-9.448155,8.794396,49.354240
34.526207,0.064384,49.720951
13.154726,6.278609,24.776356
15.143554,10.995867,26.661972
21.597321,-3.118245,28.094387
8.811904,15.298996,40.722450
23.653242,1.934929,40.225719
17.053066,14.551147,33.515556
-6.730815,20.508410,27.551741
2.179645,-2.946795,9.493361
-9.031840,4.423884,40.625526
-16.908243,-18.813557,35.063076
7.400628,11.184130,39.235474
0.828709,-28.030991,25.679718
5.114963,15.896393,44.843819
2.425146,10.244667,20.029848
33.927452,-2.713511,41.002411
7.534059,-38.455128,52.636288
-9.551402,-26.103773,48.261299
10.556140,-6.623850,8.199100
-9.167877,0.257894,4.922092
0.036813,-40.453682,52.764252
23.775404,-24.178467,50.594852
-17.120787,-5.442530,25.646263
18.190683,-2.221340,19.180775
-3.170792,13.358483,18.353573
17.431606,-27.074965,47.075672
-13.051024,-20.083166,29.438061
-14.736889,-9.401620,15.240195
26.556122,-3.085310,34.997025
7.473933,15.382258,47.018536
-1.183081,22.374546,28.242512
8.659991,-5.931255,15.541307
21.087666,-26.290983,29.951071
-0.021572,-25.433769,37.610901
-9.410803,-21.853041,41.170372
-21.810986,-8.338646,32.161835
-13.268678,-10.168915,31.262468
-3.771072,12.011471,32.794823
30.236576,-3.635120,44.250996
-12.269876,1.415732,35.652618
-2.059027,18.760260,50.396919
-7.702466,-0.694338,13.673517
0.754804,10.886576,22.985451
1.092286,15.459974,13.856619
26.205875,4.348450,38.298012
17.739031,-5.267971,20.485880
-7.250953,4.446228,8.004612
1.828711,20.446077,26.627419
16.464094,-26.442602,26.524567
11.268273,-22.925592,27.193949
-11.972728,5.203206,22.313553
1.898376,12.718143,45.319427
12.384398,-7.883585,11.033616
27.635160,-11.362277,33.210457
16.564390,4.589396,20.856758
-41.293789,23.377571,44.877823
-0.958144,10.998087,45.314991
-18.386873,-3.949037,33.449615
-13.181052,9.590402,9.931500
3.297649,-19.945589,17.255434
2.177318,19.647930,36.894775
-2.130615,-29.794891,52.857227
0.820616,-1.225753,2.058426
26.851624,-5.877648,26.585186
-6.856033,-25.137016,30.858831
13.590765,-2.802327,20.138025
-1.858382,-9.468633,11.348424
12.569540,-22.915884,32.536640
24.306421,0.989711,41.731705
15.158995,-18.920200,27.043253
26.334814,-27.232176,37.996567
-17.599556,-14.473641,31.382912
12.994907,-27.886204,24.996370
-5.569342,9.954517,48.090660
25.377691,-20.691763,44.918251
1.754900,23.168665,34.731495
-4.666551,-25.654362,26.088196
3.905068,9.481187,13.089079
18.905958,-2.811450,17.737228
-4.752471,-30.022348,37.838882
21.564905,-2.176093,32.340374
8.608431,-26.546900,25.924721
-6.586047,6.478967,52.681400
21.445309,14.375146,48.420395
-15.498689,11.529283,12.967718
23.180635,-27.193903,47.801037
-7.756587,26.050678,39.022884
8.876300,-26.679977,35.133053
-5.786770,8.067652,9.961856
29.580706,-7.559695,35.482483
-20.869316,-10.485814,45.986919
12.489635,-18.841290,24.100388
30.541481,-18.059738,52.782497
27.976494,9.406557,46.425758
37.895004,-8.279029,46.949642
8.204566,-8.123078,18.459541
-8.161987,-12.427841,21.039497
32.740681,7.639093,46.972816
-1.821216,18.687733,16.041756
13.695109,6.785769,28.671194
-34.495987,32.176880,49.202198
-6.104867,-12.551908,8.308190
-14.864486,6.998356,13.469128
22.804379,-17.445522,43.118183
-9.832028,-1.969357,17.506638
-19.225296,-2.837771,37.243515
16.888138,9.942945,42.531307
4.986733,-30.621611,28.307089
0.329422,17.986418,24.808783
8.147339,13.457337,18.308794
-4.186724,3.206552,2.866339
9.697810,19.550800,49.449104
26.706846,-13.715710,30.843739
26.168627,-19.180567,29.797119
-8.074306,-31.257988,37.994049
-5.208972,19.425207,40.831509
18.376280,-17.915421,22.139061
25.330545,-20.154474,47.510170
17.749861,6.390797,32.378120
-5.735431,-17.262735,12.858208
8.615561,14.659297,50.101265
-9.079063,-13.612685,10.579051
-0.662157,-27.987843,40.285465
2.474848,23.878153,52.843365
-3.782518,11.775282,26.927219
-49.155762,12.570023,47.458149
6.794730,13.076794,12.749170
-8.371954,3.041476,9.252557
3.342923,-14.054289,16.072050
-14.883693,-20.393333,25.504784
-7.053155,18.820982,41.855312
22.348465,0.481027,26.000702
-2.743314,22.911348,26.853733
21.319168,-31.747114,39.787392
19.609499,10.451054,44.816578
-18.510559,1.350441,41.985397
13.111530,15.879513,28.211905
-1.476601,-22.519547,27.927010
12.139159,-19.920658,25.461695
28.366663,-3.777776,31.939377
2.998180,-17.566233,19.807520
10.150949,10.761138,46.043205
-3.927535,7.281720,3.958874
-15.434435,-26.033669,48.971024
-6.598500,-28.971592,47.831036
-18.046675,-21.966307,48.217945
-15.483666,9.629750,32.442184
-29.583729,25.221523,30.324314
-7.604511,17.716282,45.245411
-3.052785,-29.551720,35.470264
1.564171,23.368422,37.116730
19.689598,-4.777425,23.943670
-7.284668,11.872499,32.394283
-36.980980,15.014670,32.229900
-14.443830,0.012678,13.398578
-1.289472,-30.389751,49.323353
-11.012602,-19.149685,33.147038
27.107714,-6.684680,44.302773
21.013483,-21.379084,38.992523
-49.551449,-8.812091,50.527031
26.994444,-14.460238,50.727226
7.590086,13.171144,32.387104
-13.634291,-4.983557,30.966976
-10.548431,-7.459805,14.237376
-21.738091,-14.607306,39.108490
16.485622,-19.372238,33.785717
10.219049,13.879086,42.038376
30.562563,-19.628731,44.887402
17.424730,13.518961,37.505898
-17.102053,-19.232235,30.531700
14.614181,-22.229738,24.431971
5.451955,-29.642223,26.695066
18.189768,-7.167954,22.274794
12.925026,21.812330,50.546185
26.886717,-24.290995,43.562206
9.278110,-9.304129,11.698510
-38.364594,28.518829,44.597610
-12.894482,1.657210,11.104777
-9.307910,-18.567553,20.106977
1.747810,-28.154663,52.192070
-9.254892,-26.026688,30.491692
-5.115049,25.267401,31.842871
-14.717623,-14.242579,43.175491
35.512550,-8.141562,41.715454
18.600235,-11.108055,17.662407
-9.558871,16.617670,13.021085
30.793247,-11.366988,48.444534
-12.880346,-26.425854,36.204727
32.028595,-11.934896,39.141140
-2.966399,26.173882,40.315220
0.891243,-22.719898,22.597733
1.128794,16.291670,43.280342
-17.338066,-10.191343,24.822077
11.198150,10.049409,47.433544
-10.940549,16.729643,45.950603
-7.083240,15.306202,50.185318
15.520724,12.777517,35.532963
22.381512,-30.618532,49.798161
-7.848150,-11.292886,9.064902
28.023350,14.081010,47.214027
5.175582,15.851144,47.194916
-13.366720,-8.037132,11.536169
-8.782426,-7.280673,14.420362
-7.255438,-9.765068,10.108106
14.161020,20.216637,45.602722
15.604316,-0.782133,10.037852
2.005940,-2.453143,5.550490
19.707924,-28.854557,42.970829
12.267451,-19.578981,15.935918
33.655373,-5.465135,50.978840
-5.731103,17.548664,47.125755
15.691467,1.180017,19.310507
12.028417,-11.234845,21.679205
-15.996778,-22.850885,38.359776
-2.144327,0.299807,6.492912
0.403646,18.222675,23.091135
9.164164,-14.209994,9.668159
-6.480966,14.437634,40.606739
-15.636675,-6.284852,31.051468
-13.472587,5.820408,51.869724
-8.662134,-19.779493,33.424011
28.597658,-12.447789,29.059586
5.123552,16.533157,24.462181
-15.127252,-0.036101,25.956652
15.081142,-7.676144,19.071465
0.204278,15.973423,39.848213
12.737461,-27.458685,27.651426
-6.167286,0.028547,8.078793
-8.417979,19.724716,47.885960
-14.450106,-27.113899,52.806362
6.064049,-27.931480,52.404381
32.939819,-19.972179,51.466007
-14.672261,-22.144306,30.316515
-8.502145,-25.614677,35.034309
-11.841453,15.029144,31.745981
-35.541103,-45.768169,52.979313
12.656898,17.671217,40.452808
20.036161,3.671050,15.958981
-16.939880,0.535474,25.678221
-23.898373,29.479399,33.900463
7.760693,11.735925,27.189453
-12.890038,-14.184301,18.947468
12.770133,-33.292526,37.269199
-7.558554,12.621201,29.471247
-16.961746,0.225162,50.385323
-3.059078,16.467581,50.984055
29.561647,9.938021,43.286469
18.984892,-3.383342,26.131153
30.388592,-10.833362,38.117844
1.751241,1.238178,4.523942
26.893621,2.700104,41.810040
-13.737897,6.433520,19.052593
-8.620603,-27.039808,40.205418
2.440667,13.209471,33.722382
5.472898,17.675573,20.863262
-4.636995,10.744408,33.518158
-13.846008,-1.526450,29.589447
-18.392302,-5.851244,36.385193
3.967324,17.821096,30.846844
13.724800,-3.888635,18.653141
-11.627231,13.554664,41.422909
-2.752177,-15.161823,9.472847
-0.722433,-25.163389,28.749126
-16.107302,-21.964882,28.558147
-9.543056,-20.230427,19.114456
-19.253607,-14.777417,25.254173
22.292904,-24.316605,32.666779
-5.145488,28.362076,47.952843
-13.299674,5.061340,39.623707
-15.126243,-12.058482,44.709843
-12.736961,-33.341442,36.398537
-5.321526,-22.843544,29.039396
-6.263958,-10.324185,6.666778
-3.586592,9.603298,16.625206
-4.967865,-23.662531,20.620214
27.720598,-8.628436,35.161972
27.807301,0.214475,35.006317
4.642784,18.636164,39.107323
6.816601,-34.422092,45.035591
-19.781710,2.042186,30.469772
-51.373520,2.357455,52.765068
-5.123855,-26.883394,42.897690
-12.085920,-15.369246,33.093510
16.394161,10.424414,34.061848
2.117789,19.105330,28.207312
-3.922117,7.137657,45.445366
-20.084501,-13.438910,22.268394
-0.767953,13.301659,52.496754
2.841979,19.146612,47.656410
-12.201937,10.865782,27.695763
-4.687807,-37.226788,52.712929
7.396207,-21.590086,27.353035
-8.175104,12.385360,22.664217
-11.415225,-18.876680,22.975201
23.832899,-10.706836,31.601662
-2.878073,-26.707870,39.589584
-0.324366,5.508129,9.665601
-4.701630,-28.830961,42.571194
-10.641292,-16.870762,51.279964
23.289835,2.848564,41.720154
-30.013672,33.396919,52.489780
13.602281,-22.564974,29.297802
-2.272067,23.280029,32.200180
-2.258183,-27.061817,27.164495
-11.656020,14.458550,48.973396
2.450619,8.663477,6.706152
14.572989,9.543591,41.260708
-17.296993,-6.691003,50.063339
24.531963,9.674308,33.344410
33.597759,-9.910187,42.316151
-16.801218,9.429685,30.946968
2.717072,-17.028557,17.904430
-15.351697,-7.494565,20.177099
27.701982,-18.592585,51.324409
29.530621,3.567629,39.801342
12.633922,11.004802,44.866760
4.489628,-13.838470,13.438919
-9.387694,-21.681520,21.544230
-11.069621,7.382105,10.241495
13.634581,-30.993773,30.967918
-0.043464,-34.141937,43.086739
1.623636,5.951140,5.430196
-12.063384,11.755836,7.953485
-7.288778,16.549658,14.689438
-12.240644,-13.966982,48.126713
-20.088127,-7.303730,26.705339
-17.264671,-23.758415,34.526184
22.492655,-17.840429,35.659679
0.215603,-16.974043,17.560480
31.574951,8.586668,49.769207
-8.583495,-8.002819,11.173923
2.124769,8.988717,48.952667
29.815573,7.983460,51.061497
-4.292368,19.487724,43.652756
-16.007008,-9.226139,33.125114
1.011974,-9.498672,15.237900
21.290844,11.271262,48.050690
-7.736364,12.131147,34.651882
-48.753143,7.544404,51.799046
-2.343068,-41.723869,51.272213
15.131596,-29.330891,40.321350
-13.503248,-28.384592,50.360855
25.468246,0.880088,43.589474
26.897928,-14.859200,53.004856
14.379317,-4.370399,16.890615
1.985868,11.199318,24.325277
35.087681,-7.700645,46.393467
18.241917,8.253181,43.417358
-11.924269,13.658281,27.023235
-3.453015,20.091646,18.869207
14.579431,-33.888733,52.782330
-11.714177,-20.375647,44.660755
-12.695710,9.360527,17.132095
-6.596931,9.788590,16.593870
16.597120,-16.669945,23.050650
27.383694,-8.095017,26.106947
-1.560808,-40.319866,50.266651
1.593929,-29.910570,52.387558
-20.111694,-3.279475,50.287083
11.693893,-24.546978,32.128620
-12.139393,7.542600,32.885406
-2.809228,21.968643,48.675426
24.581875,-15.887019,28.236139
15.815598,-28.078787,41.973862
4.740581,5.147390,11.526429
1.963080,-9.460705,6.555662
-2.145766,15.668375,11.732218
-6.038588,8.835012,33.954865
26.001198,2.681356,39.064041
12.970738,-35.681438,50.586731
30.589521,0.480309,34.021214
31.835537,2.220824,37.581326
-0.262740,-13.910570,12.530716
-10.378522,13.953521,15.624713
9.902913,-31.507332,50.740704
-2.591795,12.414042,22.275665
22.309402,-1.217465,34.037350
8.714730,12.233252,24.575068
-11.147562,-19.524876,19.860344
24.262354,13.869219,49.724907
0.730994,-4.574949,7.431418
-9.182539,-36.350243,46.406036
31.524553,-16.862360,39.517269
-11.167197,-33.123596,35.408016
-15.269058,-8.046630,44.669987
26.933596,6.441489,46.183609
-1.920091,16.289602,15.437735
-30.049742,28.632496,40.679897
-6.089719,-20.797552,16.731321
-4.458090,15.686614,30.031033
33.950447,9.694390,52.691322
-4.741413,-7.788156,8.469484
1.392624,-26.505653,48.478420
-10.239204,10.408703,52.897923
-23.359409,-49.284328,51.172688
0.564442,-5.280425,5.034556
31.000309,-16.108725,42.007446
33.568409,-16.969522,39.242271
24.525156,-9.395547,27.930645
-4.286685,20.015358,38.573460
3.230057,-7.728497,11.107137
-11.877515,-25.377934,45.054493
1.966389,14.568179,42.044888
-11.371334,-1.863053,49.161457
19.475000,0.856510,23.587259
22.054831,-32.575943,43.280056
-23.194035,-6.434168,21.719376
-3.467444,-16.897017,14.365311
12.595742,10.254848,52.946270
15.918764,-22.986883,32.995804
16.347754,-35.458408,48.982582
12.736920,-23.642733,24.559845
0.674984,21.947260,29.279255
2.440194,20.463556,43.336185
-6.178221,22.005634,35.590343
18.913248,-1.257598,13.975621
-35.166904,-41.547771,49.760857
16.176987,10.583438,30.837929
29.073612,-18.598881,32.595917
-7.226433,16.007967,25.525051
29.580231,-22.740269,40.155586
-0.017926,-2.933799,8.091961
-7.810327,18.846254,38.858452
-16.809195,-20.756205,49.823009
-6.322344,-28.263002,43.371494
-45.598454,22.718191,48.192940
6.710026,-31.796858,33.149242
-9.227232,2.324750,52.447109
-17.611076,-3.285700,22.321766
-3.514928,13.510257,16.089458
31.214518,-20.364519,38.902649
-11.602795,-9.751212,52.634178
13.544993,15.502213,38.421280
8.815816,16.328245,46.071739
3.905962,1.872852,2.743449
23.868507,-17.765533,26.949171
9.507849,-9.252581,19.836353
19.185139,-22.217272,33.451614
34.334068,-10.908269,47.727909
3.194315,-15.267764,21.412891
2.669796,10.794231,7.374476
22.245544,-15.539444,38.455696
23.961559,-16.794306,31.119272
-14.227429,-22.865900,28.028900
26.202864,17.937935,53.067249
-15.144423,-22.413376,47.521236
-16.981810,-23.499491,50.561596
30.971611,2.867494,43.291813
-16.880247,-15.914971,22.180687
-18.327045,5.282361,13.464122
3.541959,13.553476,49.244869
-39.935638,14.924029,35.353546
31.883259,-1.164087,48.413532
23.382853,-4.273425,18.741856
12.555526,16.132051,44.717892
8.613746,-33.040619,52.832504
-11.117266,6.522838,27.851692
-8.609081,19.564928,31.589756
15.303928,-25.626225,33.430050
22.419880,-8.620482,27.831200
-15.784930,-18.255537,52.162010
4.938718,12.125958,46.370537
-8.228889,8.898960,50.657303
30.358864,10.888064,46.194530
-6.408003,14.197745,43.806061
7.914917,-32.462475,32.138676
-10.860962,-19.215479,47.467857
-14.525527,1.890274,14.029930
26.148266,-7.751177,25.062202
23.712200,-21.257135,34.900620
8.164684,-30.710358,41.243595
35.579391,-6.170030,41.455814
-14.217938,5.133765,44.648762
-16.238008,-12.461417,26.987478
-14.195627,6.677201,8.413994
14.073046,-1.488004,7.768082
-48.177128,11.166780,49.087940
-6.484919,-33.215450,46.398666
16.669342,3.449886,16.094612
11.691260,-27.710760,35.182438
6.869363,-14.292642,15.708522
1.360114,-32.615955,33.739307
-9.369935,16.265985,23.477892
-11.094945,15.721263,50.948746
7.313886,-29.191586,46.782356
16.193754,1.504030,12.635777
28.278385,-3.293426,28.203352
-7.665271,9.462538,30.530605
-37.240471,20.460773,34.316559
6.052547,-14.859399,21.116213
3.723867,12.085415,28.434992
-10.212066,-7.378410,9.010735
-8.057276,-17.052202,22.031818
9.070973,5.746068,16.945755
-0.539867,13.614567,14.078852
-10.759560,-18.873531,49.235878
-17.144045,1.903800,27.906610
-19.083477,4.958278,41.188862
19.678082,-0.918298,23.395065
0.773982,-38.776241,49.860451
4.774986,16.420240,50.195553
-15.498349,9.814826,12.450605
17.698715,-32.101116,44.166836
22.796747,2.896909,25.513206
-3.947291,21.130228,42.670002
19.148090,-10.270627,29.866432
8.082471,-4.950937,4.792367
-19.587540,-16.570704,32.325016
2.607498,15.175063,34.055023
-0.139830,-34.591141,45.919090
-12.582586,-1.885516,26.140158
4.023684,17.971893,32.971203
-12.207298,-9.499346,44.112350
-2.114107,-25.299646,25.037691
-18.902483,-5.490262,26.497274
-26.006832,33.378750,48.498379
-19.194374,-2.503021,23.426632
15.217301,-27.868740,26.804491
31.801048,-13.257077,52.406235
12.883092,-3.385692,11.609674
10.275655,-13.613222,15.437136
-19.951435,3.562382,42.073978
-15.497833,0.819720,41.749702
5.479170,15.935887,39.830738
0.937522,9.489685,52.368080
-5.929214,15.224376,47.997292
-9.244519,30.337763,47.579487
17.584215,5.775156,29.244335
-13.546144,-8.886535,17.768398
8.983300,9.672442,12.605201
0.642906,-17.999580,14.449265
-9.753106,8.748199,22.319214
3.306186,-6.952013,6.163616
27.688101,-8.105103,38.309620
20.796261,12.333099,52.722847
-0.204147,-16.440920,14.505488
24.991261,1.286209,28.189499
-8.185121,-18.791960,46.583656
7.887194,20.037321,30.963049
-8.063083,8.314002,48.379627
17.265224,-26.516001,32.502529
25.132774,-4.875443,25.818438
-1.698187,-32.568527,46.243443
-0.701918,4.756417,2.320279
-10.705782,-1.837307,6.539886
-16.026798,22.827612,16.696281
0.114081,-35.373291,41.921253
-15.094325,-0.763677,36.556816
15.935212,-9.246074,26.353413
24.354097,-15.199004,22.509424
-9.170538,-21.936462,45.572422
20.276957,-18.753651,38.818848
14.643945,-20.766529,33.533321
26.332718,-13.000825,37.113155
5.346128,19.114563,33.295563
-6.990204,15.891613,28.770182
-10.348985,-29.997746,32.347942
-1.142046,16.684160,25.564041
20.461864,-20.248722,36.373459
14.293903,7.264247,21.564531
27.764872,-22.023855,39.618084
-9.059557,16.757305,17.792395
-8.872262,-9.827052,8.346255
11.719391,-29.732660,27.522362
-5.212135,16.571125,37.682339
-7.611761,20.873573,40.226902
-2.976823,-17.701160,18.042610
-4.856669,-25.497103,46.857624
-51.532719,12.241617,53.051872
-15.625347,-17.683058,32.248333
-0.131910,-30.100887,34.452766
4.523376,10.953869,8.676238
-2.420134,11.539625,34.523586
-9.105318,6.902341,5.681541
8.355777,6.848036,12.410352
17.262506,14.725123,48.369392
22.142424,17.541218,47.141136
29.530163,-15.589224,39.526707
14.545738,-12.483459,26.781912
-7.484979,7.847030,25.110104
10.070394,-20.901445,15.523678
2.512372,-31.267258,37.562359
4.218101,16.677923,26.071573
-6.719398,-22.389244,50.479244
1.898797,-31.073439,29.932964
12.167641,15.461776,36.114433
23.305710,-4.997169,34.685101
22.015720,-22.513342,32.363197
3.803730,24.227966,47.876400
29.109013,6.897490,46.513790
-16.727545,0.802480,43.108383
17.319054,7.144230,37.673298
16.959400,-3.577086,19.876562
-10.184071,3.489577,52.956394
-20.930376,-12.160130,46.710510
-3.940686,-25.825800,22.318760
-4.040994,-27.997795,49.749191
28.426254,-18.534271,41.805653
-3.078132,-21.392889,25.050316
-3.471455,14.010289,47.948944
0.839103,10.447521,27.476210
3.577487,-37.991901,50.486580
-11.040607,9.573189,50.223938
-0.718996,14.074354,46.888336
-6.693358,12.380700,42.699158
6.264450,4.723756,7.267734
-2.272370,20.928219,27.442074
-6.132636,-34.930069,47.918526
-7.829205,8.988317,6.816100
28.722450,-21.570858,42.852497
12.308615,-15.087859,15.147198
24.768549,8.489511,47.569679
-19.747431,-19.488636,31.186436
-19.194876,-0.905681,37.756397
-11.942698,1.634141,28.761141
7.244803,12.567791,30.579573
0.661660,14.513189,23.947542
2.788468,-23.566927,25.886213
25.783966,-21.546949,30.237886
-3.582782,-29.811691,27.718981
36.205276,-15.917097,43.924416
-12.641589,-10.765160,41.709095
-6.278433,17.302839,27.217075
6.103325,-29.778141,29.444542
13.037878,-28.238050,49.130882
-15.776899,4.422923,48.578655
6.459137,15.015667,28.456486
-16.292826,-6.441355,34.058002
24.879133,-20.465736,51.476135
2.815456,-27.228186,42.098480
-13.917438,13.169952,12.257095
11.198480,0.627849,17.467857
0.035132,16.301342,37.293343
15.263192,-32.739479,42.787857
-5.855656,3.798827,3.564457
-1.780274,23.383192,43.204002
-12.637410,-0.133574,21.382467
-13.137938,-18.647753,45.064507
-11.529336,-20.203001,27.376362
33.646961,-6.461131,37.821865
-9.307617,18.625402,51.029438
4.573976,-27.495480,40.993374
32.196598,-5.246644,35.212009
-5.881631,20.912603,31.097380
-4.083221,-38.274132,46.738541
-7.937497,14.986894,17.721079
18.398560,-6.904504,24.432499
-6.306772,-25.690203,37.578285
0.474691,-15.301458,16.339285
10.530172,-30.338106,37.949760
22.020786,5.288917,33.044514
-7.367592,15.235947,30.627127
8.959793,17.305489,43.335060
12.258084,18.527395,37.495232
17.683777,-15.747169,19.742598
-16.256577,-6.880337,52.497242
14.522461,2.762549,22.755087
29.183985,-11.368606,52.286896
-15.338932,-18.458143,48.547359
18.824785,-5.601299,16.968542
-17.553612,4.628119,34.291233
26.005653,6.558668,31.526201
-5.228499,-25.175369,44.154995
-16.293371,-1.710346,22.559498
14.454264,-19.531464,31.875605
25.240931,-24.056261,52.627712
19.922661,-15.648967,29.161737
29.258631,-12.129509,41.951305
6.110281,-17.522116,17.428080
30.386684,11.104723,51.001289
36.656761,-8.130195,51.864422
20.954836,-8.970358,29.695362
18.240673,-28.514704,29.832365
7.475462,-5.719081,10.549998
33.054241,-1.008363,50.947487
-8.346912,6.187219,21.716312
7.596984,-8.648801,15.028624
24.513613,-25.451714,49.167446
11.473236,-16.042513,20.889805
-12.207554,3.444376,45.615623
27.024305,14.085758,52.511765
27.446884,-24.230844,35.808372
-18.024929,-20.677748,52.801785
-37.093250,-41.407196,51.172550
-8.080485,14.206299,39.285053
-18.085007,-22.841856,44.801498
16.174347,-6.509653,21.818884
13.099302,-24.080393,20.177345
-13.995369,-7.818815,24.602350
23.597109,-25.053972,52.752419
8.117736,-3.702807,10.621005
-3.406139,10.001272,25.399145
19.734423,-11.918641,23.272577
16.769772,-6.794768,15.297199
30.795807,-8.639223,40.903027
-9.158185,4.037179,48.430145
24.274982,4.660877,40.993801
25.218901,-12.114792,31.765471
-3.156461,-14.938029,12.259644
-18.011480,-12.891732,35.331112
14.994125,11.639512,40.624969
-2.896334,9.102914,45.085983
-13.598816,6.115698,22.864161
-8.213754,4.457527,42.774200
-11.517519,2.631927,41.787449
5.947049,17.843809,28.235319
-3.685784,25.696358,37.716347
-21.532921,-15.249740,27.166214
22.569714,-19.214525,24.476894
9.733690,8.764829,8.953491
-10.269837,4.178660,28.376038
-12.175736,6.476630,17.996330
-9.953009,-27.255199,35.811600
-22.361881,-10.075661,39.158211
11.269986,18.739563,35.720798
-3.326492,9.631755,20.515692
17.315748,10.069348,39.696239
30.764002,11.766109,47.783146
-8.296543,-41.664791,48.489239
-9.590434,18.130550,44.956314
21.254730,8.692047,37.798130
10.096817,-27.654999,36.219471
-14.072331,-10.331262,49.973438
-1.787873,18.734268,32.428616
-1.551115,20.460058,45.743515
2.575242,14.013795,52.546242
-3.674124,-23.612358,45.780628
23.662809,-25.407515,38.968185
21.391806,4.484937,38.905529
-6.090192,10.852687,46.091034
31.639519,-11.141609,42.172432
0.969281,18.305681,50.998272
27.819939,-21.921343,48.184200
1.353201,-36.029709,51.951492
-18.931643,-17.703939,52.836960
-21.357168,-5.940192,31.726013
-5.000351,12.416282,52.765713
27.314985,-9.110444,24.485182
-7.065040,-17.292334,16.536022
8.401916,-33.605057,42.044552
24.981503,-28.498102,43.401665
16.434275,17.899473,41.826431
-4.326025,-22.784731,49.240749
18.406216,-27.053896,35.656895
17.478319,19.169428,44.982861
-9.964083,-23.233885,31.941256
17.536272,-8.351181,27.640579
-7.201300,-11.511969,7.485742
-42.956264,-9.472799,38.874454
-17.275068,-0.869025,34.257294
-14.452441,-6.278822,18.628042
-43.938530,-28.872240,50.168144
28.044851,-20.310425,41.730930
-10.829370,10.359155,14.610586
-14.969368,-27.203846,35.173824
-10.526669,17.501255,14.485765
35.208431,-17.988846,45.150986
5.400076,-32.511005,47.467175
-18.335884,-2.563576,49.620365
-4.920106,15.829798,49.906734
-8.101450,16.941433,49.464336
-17.660286,6.638424,48.404537
-10.923271,12.736136,24.446861
-19.874825,-16.284096,49.211143
23.623013,4.417916,44.534729
-0.829171,-28.231735,45.094448
-11.287134,-1.121320,52.199917
-10.946054,-23.934923,42.639851
4.902240,-32.988487,44.092514
3.954201,21.680178,29.849102
5.201215,21.570345,49.913834
17.098703,-27.558487,49.327621
-12.973572,-4.983054,19.438074
24.726912,-28.039244,48.153755
-9.914367,7.097126,8.633592
-31.741516,32.656487,48.940834
22.203657,-7.986485,33.074757
10.725309,-31.862846,46.561840
-4.479256,15.204473,52.253174
13.930994,-25.427418,22.576845
-16.995842,9.196833,44.035809
-14.943734,-15.790407,45.599308
15.012227,-0.019460,20.860373
31.640373,-18.492308,50.159248
28.828802,-14.026953,47.652122
2.362628,11.500706,52.431812
-2.087185,-33.643253,43.095741
-10.424995,2.268217,50.043259
-41.893734,-36.777256,51.951225
-7.054482,13.321853,31.471869
12.837041,12.128114,40.302467
22.328581,5.034013,28.104036
-6.463645,-28.039768,29.336615
30.099653,-16.904066,40.644264
-1.741338,13.805446,43.690971
16.916433,-20.043686,32.133198
-22.912867,34.600185,52.916618
-2.715769,-16.640118,21.917086
31.049849,7.087413,47.697880
-1.387905,-4.031986,5.874065
-18.011610,-1.607017,22.554081
25.519489,7.054765,44.528065
16.124115,-18.819714,18.157955
6.802557,-1.213206,11.476347
-12.772614,-18.151812,42.396713
28.784491,-23.799421,36.600368
-6.807388,-19.966772,15.475395
6.214922,22.539190,52.754990
22.857506,-23.811195,29.296766
29.885275,8.483109,47.185005
-15.138903,-23.812756,46.610870
25.024366,-19.746557,42.858185
2.001694,-20.381744,18.681486
11.805153,-7.598279,13.697505
12.110327,16.143457,26.400719
-28.938637,29.984062,38.089272
-10.904943,-28.503675,30.956244
20.922346,16.357061,52.492504
7.181958,-19.086182,18.706404
6.216316,14.122046,41.012402
2.332644,-25.706936,29.891808
13.400819,-29.082424,26.915045
-4.859564,11.662481,51.107113
-3.639066,26.707758,43.596661
-1.802540,8.369271,13.276022
-8.211305,16.793076,10.494336
26.053844,8.998633,39.728500
-13.617007,10.357908,22.956251
-5.680656,-30.612190,52.279411
7.564753,3.349552,4.030150
18.404203,-17.968832,33.920860
21.388340,-26.374960,43.423977
2.668512,16.190786,27.669329
-12.362696,4.515172,20.567635
21.863569,-20.095999,44.517097
-7.971992,-6.788098,5.928826
34.543217,2.073743,50.869743
30.814362,-6.273673,35.736221
6.049523,-13.163256,7.889298
0.894536,-10.681499,12.195760
14.488386,-24.418936,36.535896
4.120910,20.299778,37.124355
-13.124731,-6.962393,14.971486
-14.414119,-0.818257,24.389435
15.638428,0.602229,11.283492
9.323400,-3.764895,16.752945
-10.324857,-25.517246,32.548523
8.946473,11.102425,42.970966
-20.511511,-4.638135,22.173752
10.616449,11.822073,29.092768
3.282781,15.468941,32.000622
-11.852990,-0.616426,6.964119
-9.887884,-37.827267,42.495800
15.160087,21.321417,52.436501
37.092121,-18.887144,52.837135
-11.897984,12.571372,46.566856
-10.413427,-18.796043,30.774139
-19.851112,-7.926643,18.794258
-17.881079,-16.641510,34.239731
2.490675,-30.807079,32.117668
-3.042851,14.256469,27.375847
0.482381,-18.878502,16.228970
-11.485599,9.509222,23.923616
-32.816647,32.244495,47.466625
9.925175,14.012226,34.437061
12.074813,-29.918949,43.299507
-11.284801,1.189399,6.037427
-10.416478,-15.762553,46.462608
-12.848871,-29.302856,37.246052
-7.123213,-17.995918,19.102074
16.781029,-28.350903,51.120514
-19.067419,-1.183842,18.714880
-18.061686,-17.975935,36.472023
-44.701443,-7.170260,40.929573
-18.354654,3.463777,14.075713
13.183203,9.100368,32.458012
21.118916,-30.547722,42.524872
25.264734,16.729208,48.758392
15.796576,-11.562024,11.406641
10.793572,-27.180948,33.500015
22.112583,-15.721972,21.126852
7.307275,13.255365,23.609081
26.487646,-10.023352,26.837164
32.550343,-7.276840,47.147408
-19.669893,-19.791882,43.476364
9.007673,13.342688,43.538998
35.312462,-14.568504,41.050991
-19.637442,-15.647859,27.983599
15.926279,-29.901115,43.191418
-14.543309,2.725402,12.475949
-15.081655,-1.021177,41.201595
24.293127,-2.731825,31.818398
19.642092,8.914390,22.364693
-3.850505,-30.493999,43.784306
-2.631368,14.334099,34.346283
17.233046,-9.937531,12.126922
13.994716,14.963518,40.277264
-0.413280,16.608664,35.594845
-8.171034,11.972369,18.298178
24.653130,-11.277709,36.827511
21.196245,2.658131,27.585035
-4.007069,-31.817654,33.868519
5.241885,19.931509,26.716673
-11.746392,0.714021,41.229691
19.634838,-29.913992,49.953320
-1.277751,15.246027,24.071692
-7.387917,9.893442,47.191647
10.708943,18.194971,30.946180
8.263099,16.384207,36.602337
4.511625,-29.608393,48.287586
19.933765,8.686016,35.893723
6.845354,-21.208652,17.024639
-38.776566,29.178642,46.351173
-15.085213,-14.060769,34.615746
22.645729,-2.311704,16.866365
-15.811669,-15.580269,31.147797
-2.368701,18.422089,24.991154
-5.081158,13.836988,36.714817
-4.535182,-2.191406,2.577568
-14.751348,-19.697805,27.424850
-13.080689,-6.822497,40.266094
28.089640,4.538606,39.097549
-10.890307,1.603057,22.548025
-4.604220,-6.598944,10.149763
21.252174,4.678848,23.592356
25.791428,-3.405534,39.736355
4.056310,-25.736923,36.243874
-3.558523,12.705470,40.357758
-10.703769,2.984860,38.426205
11.653611,-38.252533,52.771053
-10.561435,10.815554,36.592041
-8.715243,6.061840,45.623180
25.509081,-20.525642,37.066181
18.658062,-26.039906,37.878658
-1.698453,-38.165745,48.684273
26.828928,2.320179,28.832851
21.825899,-1.139011,27.303587
-18.711060,-20.488132,33.143322
-17.972258,6.546991,43.151619
-15.961046,-12.069064,20.954468
16.606079,17.206158,38.900574
14.798507,-16.665165,25.862288
35.281738,-20.485157,47.787457
17.501810,-28.210350,45.064537
2.979595,-22.572655,19.697834
5.445114,-7.578459,9.093609
-41.726719,19.983925,39.334232
20.533714,9.288790,50.442490
-38.232403,25.221106,38.441277
22.526587,3.930056,36.918968
8.485221,-24.936338,27.183710
22.106174,-12.962874,28.306293
19.047966,-30.699766,52.967747
22.765045,-8.876410,22.023165
-7.630553,-22.477127,48.761124
-12.038599,3.904382,6.402589
13.218951,-1.027682,14.067817
16.248989,-2.474323,21.991705
-44.408184,21.218035,48.337914
-6.896182,-27.734995,39.619850
-19.599659,-6.304296,23.192463
29.525290,-18.042551,36.211060
28.473803,-13.009739,32.090149
12.424084,13.131750,25.164337
-13.196267,-13.701723,42.893906
-15.789309,-11.187105,52.784958
-10.197490,-19.429399,44.474907
-2.642256,15.830856,30.696619
-6.853906,-16.179314,14.272399
18.271902,-3.520001,21.505077
-12.726549,-12.268958,32.111702
-6.227234,19.367418,48.408981
-19.667345,-26.615990,33.020332
-5.086265,18.269581,39.372284
-8.056693,12.258808,20.974390
28.273708,-0.786985,44.991894
10.927878,-21.630941,28.666611
-10.309308,-13.495909,47.616165
9.476732,-28.623840,29.874844
17.382881,9.794747,47.752048
0.945882,16.900631,45.469734
-0.027630,-29.207745,39.204094
16.506941,13.095428,48.255619
-7.906669,-4.165977,15.048898
-12.222780,-21.946802,31.098442
-9.326337,4.791439,18.249441
3.503649,-20.081577,21.546532
-12.817475,6.987480,34.487503
12.242345,11.548052,22.828270
23.899458,-10.247917,33.887390
0.320295,-25.724445,51.278793
-15.829297,3.385945,18.825136
-13.057502,11.855814,37.076488
20.485689,-23.917990,42.136475
2.568119,-27.749243,33.233185
1.421724,17.782490,39.352287
4.077375,-30.276842,44.740639
1.177986,12.657640,52.977531
-16.248999,5.159483,18.154938
36.036190,-6.906630,47.679810
-1.035501,-1.907675,9.074765
6.503169,-27.203634,41.291508
18.383026,-26.700201,42.492271
13.265624,-26.713287,47.774742
22.851368,13.979871,46.946831
27.587666,-8.581419,44.991390
22.180862,3.651257,32.002621
28.122190,-26.700661,46.469517
18.433300,5.201198,21.245768
36.739029,-13.084355,44.164742
-14.016150,-4.109941,18.412233
-19.781420,-3.322695,47.708263
-12.529780,12.558736,24.990896
2.302619,-31.707249,49.857765
12.381930,13.332774,31.066666
-4.453689,24.965582,50.408512
5.541905,-33.579796,49.807007
-0.015729,-10.931528,13.597748
-8.577130,12.716400,38.347439
2.608301,-10.862764,16.712772
9.377415,15.670881,51.182251
8.845437,-34.692852,40.720661
-18.840683,-4.492281,49.061314
11.081910,-14.528847,19.278324
30.121370,-17.840340,42.291748
-14.118201,5.195083,24.384911
-50.119350,7.535836,52.783325
7.162629,15.750325,50.107067
16.076469,-18.517668,20.154306
-12.523692,9.674265,49.095818
-13.245047,0.893193,22.522840
5.747921,17.938799,46.043541
-17.912928,-10.225520,45.342113
-12.809554,-4.866113,42.414104
15.830660,-5.609644,19.943295
-3.138120,20.355042,46.911053
12.037074,7.340555,28.420607
-1.540436,17.603977,21.812119
16.523937,-36.529415,50.777882
-9.377354,29.381227,43.944408
3.783934,-23.790115,27.718609
20.643457,-6.723410,25.516275
3.280651,16.857990,46.086437
24.181248,-7.605105,31.224068
3.228458,-11.943684,15.429229
1.269099,-28.426113,49.050117
15.306222,-17.982958,32.123806
24.037596,-21.332375,39.362911
-9.646405,-31.851927,37.229034
0.306421,-38.012669,47.826733
-19.740702,-5.377753,42.984001
-6.643187,-19.445332,22.616503
-15.923269,5.269901,43.452408
11.875927,10.349518,50.174431
1.098310,-29.762714,41.804314
-1.971837,11.638641,18.935804
-7.774609,-19.522125,27.456396
-4.986014,9.500904,30.091902
-18.129778,-3.142434,28.273596
14.989168,10.985409,29.388418
16.122063,17.054235,36.952614
2.227582,-31.384115,45.812836
32.821796,-12.350803,36.883251
33.179935,-25.182674,52.846081
-3.369928,16.448996,49.197212
-14.803002,-19.037426,50.486450
7.282573,-30.919605,28.560303
-2.745246,21.482347,45.483082
26.314886,-18.815966,37.466526
10.227532,-25.986694,31.551329
-19.698280,-7.101097,21.633389
27.921087,-24.720613,48.595711
-11.908421,-3.821509,16.403303
9.338172,19.754910,52.797421
-10.779589,12.900190,20.121363
-18.607935,-21.408173,39.362694
27.053505,-19.702154,45.072102
-6.503183,15.642968,45.711639
27.153858,-2.677307,31.894835
14.423053,11.943335,23.823376
21.939842,-23.890589,34.506962
-10.603266,7.906073,28.930683
13.356436,-27.053780,36.025074
-7.846743,-28.089157,44.480663
-7.331511,26.521889,44.461311
-5.189853,-35.426582,52.649696
16.011864,15.775085,32.242027
5.826513,-38.381855,51.877075
-10.438983,-31.061539,44.761475
30.683044,-7.833632,48.214211
9.179102,-28.545698,37.862930
-7.975881,-26.039732,46.293789
-19.492544,4.501160,39.239983
15.659641,-22.186445,20.099527
4.247030,22.634136,43.145016
-8.561795,-15.871619,12.522302
-19.331633,-17.758469,51.023514
-6.014215,-20.115000,18.478981
14.230791,19.997171,51.796497
22.499441,-14.554488,30.133101
-5.947860,16.772608,22.775417
26.686028,-6.230772,38.113407
-10.486137,4.473652,22.079048
-1.461297,13.034504,17.055119
13.552730,-27.428919,46.090168
-17.400131,-25.592014,34.352943
-2.946877,5.545982,2.985451
-11.569142,12.380032,49.038998
35.813023,-10.997611,49.846260
-12.632500,-25.902523,50.576767
3.603544,-30.122599,26.662445
-16.509895,6.132796,11.473708
8.897648,15.767543,48.419151
3.688216,-36.145821,52.656044
-13.909158,-13.185431,44.346104
17.011707,12.408987,23.339821
24.620598,-5.639764,31.343401
7.191160,-32.161434,48.936550
15.515485,15.379914,52.950645
-7.800354,5.226922,17.571932
-12.891060,-9.773849,16.043634
-6.038091,21.318453,40.902809
19.431803,6.251731,28.123291
-8.216923,-19.324915,16.812891
-0.622498,14.179738,18.005764
7.686435,6.406269,16.281591
17.675041,-1.822649,20.947941
33.958599,-10.329923,36.635967
-1.350225,-28.521742,34.026882
10.090257,16.765995,32.084080
-9.308586,-17.890676,48.097694
10.634495,7.469268,10.374640
19.697479,10.802992,49.779888
19.979563,6.259501,30.035507
-9.054999,-22.168915,30.468046
-19.140654,-1.262214,24.841730
17.639320,-30.262470,43.842648
-9.922215,8.874403,35.935810
32.842678,-12.771089,47.913872
9.706306,11.342935,36.605755
28.161551,-16.749939,38.170856
14.865093,-14.125055,27.298880
27.766083,-2.379295,26.687647
22.936520,-1.478102,31.079479
3.255147,-8.329147,7.699834
6.905297,-15.850975,15.008521
16.790178,-6.462022,25.613533
-21.465672,-2.829153,32.993160
19.904819,-7.029180,29.462124
-3.760790,11.430734,24.321943
-7.615257,10.843863,9.345316
14.957578,-26.076847,30.646723
21.391562,-16.463526,36.784996
6.285202,-30.711658,34.673782
-10.173396,-17.447079,34.704803
13.990211,10.342916,50.041084
30.864037,-8.166764,37.106846
2.877222,15.268716,20.212969
-18.766989,1.691657,26.937107
-18.403893,8.480615,12.737571
0.092493,-28.858198,43.525295
-10.605572,-12.799611,23.900702
-1.917802,9.380737,16.295902
-0.439331,21.318853,44.449009
2.707238,9.157358,50.951252
29.242119,-9.227612,39.609749
10.873041,-10.639947,9.713329
-5.826609,-29.764263,41.415287
-7.181876,11.783701,23.827951
29.129938,-17.367067,51.414383
-6.147853,-38.819691,52.494678
36.148926,-9.159476,49.627354
-7.077925,-19.561243,30.020142
30.507517,0.348268,51.362934
-16.644550,-7.162670,18.599411
28.371769,4.446097,35.496033
-20.437466,-2.793284,39.033993
-18.764017,-3.326653,40.720284
4.604616,-24.586109,24.255980
-15.720651,3.556889,25.808298
-19.880520,-12.978272,44.069649
4.512455,17.363003,29.169176
-11.200502,9.575116,33.226959
17.295862,16.360458,49.157738
14.151731,-22.201096,22.545774
25.604225,-23.518410,50.741062
-31.078703,30.863785,42.945648
28.536257,-4.661150,27.044640
-9.804618,7.688979,42.631718
-17.558245,-13.566361,32.942844
-19.235943,-4.672378,20.549967
16.041603,12.914242,42.256874
-19.371418,-11.693032,37.112171
-3.803458,14.567186,20.916252
21.236059,-27.822969,33.601536
9.601651,16.983625,39.189289
-11.253407,6.992045,6.551720
29.678278,-28.977486,48.770199
-16.509619,-14.640001,42.140755
-2.742771,12.718324,50.073898
3.434891,16.397631,16.038080
17.878372,14.119027,42.380413
-7.513707,12.909443,9.539673
-10.318693,7.933591,50.772602
7.699932,-10.110598,11.913128
2.128783,14.663527,40.264771
26.769924,-22.414677,35.750038
4.489037,2.485017,9.811474
13.850652,-1.558813,21.354214
14.640721,-3.723269,11.233398
11.611009,13.275429,29.445509
-4.202502,-23.333485,38.090656
-14.098189,-15.496070,29.513628
-7.361404,12.957965,49.157345
-1.216397,-16.379848,9.784183
14.331805,-32.773426,48.326714
4.808560,14.418852,18.412977
26.362843,-30.571913,44.843094
-16.727240,-19.531118,52.859989
23.661394,-0.757917,38.511368
-4.287930,14.489482,50.728718
30.196413,-19.964739,37.009068
11.953091,-15.370982,26.002575
16.871700,-33.890278,43.996269
20.131115,-4.281591,27.464848
25.747314,-11.790640,34.026424
-7.363223,-20.783770,36.261288
10.738896,-1.891038,11.572934
5.072476,-7.881298,11.627893
23.392441,12.567410,36.882893
9.699591,-34.302708,52.877781
23.626823,-7.398335,34.830612
-10.517540,-27.821335,32.821735
-44.376686,7.232681,39.319557
10.369718,-28.752293,24.835730
15.112092,-28.291908,51.052036
-2.987572,17.633465,35.971546
-7.408160,13.356187,17.626328
11.945083,16.449896,50.749096
12.142562,9.204284,19.726933
30.341328,6.441761,40.111538
-13.084961,11.156000,46.568230
33.715992,-5.064293,49.178959
13.941092,14.921157,36.629978
4.965198,12.828835,13.287050
24.847151,-7.545105,33.576622
-1.710955,15.388102,48.283878
-15.714162,10.635665,44.694824
-5.391366,10.348968,10.391761
-10.835262,-20.722527,21.142708
23.605217,-24.719669,45.562054
-18.555775,7.221164,33.952614
-5.955872,-24.812305,48.262161
19.158077,-15.753554,17.187660
29.034363,-2.913204,47.171638
19.304237,-27.694450,46.163429
39.608387,-9.246819,52.801693
-12.278349,-2.951674,23.870104
-12.293406,-2.479933,42.098862
12.646172,11.425066,29.578188
-13.762603,-10.470819,28.600031
5.621068,20.381073,52.453396
-1.707337,10.610621,26.507076
-21.650789,-13.816838,23.139471
9.392082,-33.753300,37.910767
-15.561855,-8.094710,39.483887
10.376185,-23.051491,24.551538
12.784238,15.440497,23.596235
6.364797,15.391616,48.227257
-1.893895,-34.749012,44.709572
17.874264,-19.477196,28.140337
23.316933,-7.823440,26.232323
22.317036,12.378396,34.944431
26.477413,-11.005077,36.291100
-3.346334,19.286263,17.097538
8.985801,-26.872236,32.482349
23.465475,-6.340907,30.091244
-16.470339,-14.883109,20.204933
25.983519,8.128167,32.947086
1.274296,19.449585,45.907825
-4.614060,19.532583,35.039207
20.272192,2.152228,20.340296
-2.457947,-29.433399,48.042408
-5.884205,-27.102859,36.082767
15.713277,-2.253754,11.109176
-47.933090,11.391656,45.234787
-9.141728,19.060743,41.844208
-5.645328,12.897483,39.843891
24.666779,-19.596996,31.461090
-9.042456,12.770443,32.100819
8.215380,-32.526321,38.640114
-15.944870,-11.144016,30.584290
-1.237694,-31.731575,50.323521
3.184244,-6.562397,9.553845
5.319849,-26.114859,22.665142
-18.196436,-13.986412,20.843155
-5.451445,-28.022671,38.645874
-3.361854,24.567730,31.017782
-15.519476,-8.668145,50.785435
-30.321142,32.035027,51.559113
31.537527,-14.809758,40.313099
32.631840,-18.782845,46.780384
21.235876,-17.515524,26.899286
-6.370345,18.587410,18.749519
22.406637,8.794188,31.303543
-15.058540,6.797247,41.391407
-14.661957,-15.119857,21.631323
37.682030,0.002862,50.710293
-18.779057,-3.524057,45.087589
33.910049,-11.944047,49.355534
-10.485628,-29.005739,52.772846
7.541365,-33.701977,39.883717
-19.131674,-20.105936,27.623856
23.717672,-9.834423,35.825832
28.574360,3.636813,42.782112
-17.144266,-11.504679,38.808838
15.000863,-22.634993,27.707977
17.414131,-3.415832,26.992441
-16.116808,-27.564302,37.807415
19.218220,13.187310,47.306728
-12.017213,10.919985,15.936399
18.950466,7.791247,29.289501
22.885756,-23.482761,52.784370
5.195620,12.792718,24.010983
-15.157871,-16.912806,38.562462
-17.099075,4.585429,24.400255
23.041321,13.048481,40.720577
27.512194,3.136032,38.150154
-0.390749,-30.140181,29.058456
-19.191025,-6.987992,30.111212
-10.170643,17.927103,35.949009
2.316921,-35.379692,41.657520
22.769735,-26.065666,46.443069
4.535021,-16.378231,17.653275
-18.034357,8.260919,38.707291
22.132801,-0.662546,28.872177
21.390774,-30.618805,44.770748
10.994153,17.013346,36.843021
27.649578,-8.992754,46.918640
-19.318167,-2.442491,43.864937
13.444847,-24.164484,30.824280
-13.314717,-24.761312,47.368187
-21.604271,-11.753255,43.030689
-16.371525,1.441983,21.337383
6.344734,-35.424538,52.410355
27.575821,-13.823282,35.920273
31.560953,-12.804337,34.830566
19.489721,-4.784094,20.553940
24.575171,-15.739886,36.746456
10.330972,-2.850670,5.477766
4.390713,17.027592,51.623440
-8.588156,11.266178,41.747025
30.569788,-10.966776,30.399675
28.394196,-9.720986,27.702290
15.700911,-31.332985,44.717075
-19.183893,-17.268850,28.210020
18.887087,7.401752,22.800636
-18.015423,-8.208541,22.179300
-4.486362,-30.684816,45.531208
3.002915,21.897657,43.981159
24.221277,-22.445135,50.193581
0.667186,-22.027824,28.726763
26.874006,-10.039123,28.577364
-13.866637,-2.004262,40.323879
23.569107,-20.409897,45.145134
-7.129363,26.909002,35.820469
8.378373,14.641481,44.993629
-9.503437,16.884205,41.927792
-3.084459,9.224503,52.546986
-12.967553,4.196606,16.933317
-7.765987,8.112013,4.767905
-6.675242,15.186622,52.341640
8.144327,-24.250755,19.934124
-7.330102,16.354647,41.497295
-6.252775,17.988575,49.718811
-6.653414,5.958724,9.635697
-14.897906,-8.023376,42.762432
11.331765,7.057866,20.605839
-12.699899,11.367585,35.167091
-14.283033,12.378892,32.762886
23.661280,-7.593654,19.273190
-9.017484,10.968556,5.998882
7.206915,10.280987,26.650286
-11.620578,6.822418,40.974697
5.141431,-16.435982,21.590315
18.432081,13.860645,50.710758
-8.688519,-11.361319,15.914130
-8.756414,4.343915,7.073437
-9.499837,-12.014726,18.738720
22.413374,-17.445803,40.870869
24.155306,-17.232401,46.787003
4.987985,-27.048470,27.015915
4.463423,20.685259,42.535179
22.369560,-21.900454,42.487644
-9.707168,-20.877958,35.913532
-6.635855,22.498951,32.304623
1.387858,18.266678,32.090118
2.904607,-28.381491,37.873306
9.772177,-0.793231,15.374081
-14.271154,-8.681657,28.318041
11.468641,1.640085,14.178756
-6.955972,-29.499655,37.985661
24.142544,-19.175070,34.601540
-6.424826,-34.099121,42.616684
12.898398,14.170461,28.622833
-8.706633,-31.327543,48.986458
-0.878145,-21.317461,14.681624
11.033831,-31.452738,52.783569
18.947845,19.204210,47.834969
-2.873806,-24.604725,39.046772
-12.310927,-13.068761,29.179705
-16.268049,6.365424,23.422121
11.071654,-18.393145,28.089628
25.851141,1.301179,41.304958
11.386674,-28.350679,42.911274
24.675119,3.232443,37.684689
-4.209153,14.841321,41.163212
21.072567,19.107048,49.790676
-10.502153,1.104257,51.590897
5.770708,4.337458,3.826924
19.917103,-3.791697,22.012373
4.590547,17.054785,37.225090
-13.382154,-8.434343,41.227417
6.826487,-13.512358,17.942274
12.805307,-4.555874,9.760868
3.963295,-31.637007,36.284351
6.694911,10.909303,32.549316
31.785872,3.877931,52.521072
4.715355,15.046398,30.562851
-5.733586,11.289275,32.401646
-16.693027,-12.910113,46.219124
-8.378483,-26.226042,32.366753
-1.532944,-13.638803,10.032591
-2.235761,-24.144022,36.266289
30.107412,-21.693857,36.931934
23.968569,-17.206881,44.991585
26.320269,7.264272,47.906887
29.317888,-11.899842,39.409496
-3.261925,12.368321,47.646500
21.087521,-26.163828,32.184952
-14.267364,6.747530,16.958403
-1.705344,21.745470,23.624550
15.238956,-6.069311,18.334364
3.154902,13.252432,47.075294
-0.232457,12.838471,23.870834
25.428965,-22.523117,33.890465
2.079238,17.792046,24.158348
-12.654879,-10.218414,39.906094
6.044199,17.359024,40.506767
-9.246102,-23.313030,25.587612
-8.463930,-23.067263,21.703608
-17.040970,-18.050154,33.382458
0.151245,12.651349,20.549576
19.563532,-20.729549,21.739628
3.849048,-22.426678,22.710218
20.756847,-15.547153,30.691425
2.822792,-25.449881,22.961119
25.190182,-8.669749,36.501041
21.236599,-22.890970,43.231911
6.189798,11.470235,9.985030
38.848637,-2.309681,52.653877
3.692196,15.524199,18.830019
16.332670,-25.646690,24.717062
-3.714463,11.614306,18.386757
7.249264,21.688562,44.206707
-1.831867,-31.636229,42.318394
25.561146,-20.729355,49.102158
-41.997761,21.717903,42.923176
18.239834,-34.837322,52.752186
-12.966752,-31.349201,36.928253
20.179094,-8.351612,17.945627
3.700041,-33.029896,49.904495
28.129072,-7.797436,27.884392
20.531239,-5.970932,17.354187
-17.126139,5.276505,27.756006
24.310404,-9.145004,22.979124
20.994350,10.939446,43.873516
25.829025,-16.207195,35.103020
-15.227501,-11.847673,40.866661
23.033506,4.454851,38.456814
5.734171,-29.461250,40.737061
29.948818,-13.046477,52.660233
-6.258210,20.842262,17.311172
-10.668520,2.499276,17.169334
16.875925,16.264845,34.132996
-13.835956,-5.005440,15.026025
10.098064,-24.489290,30.254202
30.808004,-12.314167,40.688725
-19.381472,-15.018624,52.274334
28.226307,4.914691,43.949345
-15.904384,1.991529,17.239428
11.090342,-11.791567,11.177287
28.901176,0.073962,50.819508
7.173071,15.222212,39.891438
19.002226,-17.251421,32.420620
39.043507,-11.257193,50.805470
4.210606,18.164110,27.363535
-14.143176,8.409547,46.331146
1.237001,-30.190958,46.870132
14.478333,-34.519760,41.294479
23.620005,-22.255114,28.613436
-12.442869,5.270952,33.112885
-7.613590,-9.424825,17.615200
-10.156716,15.321114,46.022030
0.871894,-24.737881,27.732729
0.081997,-27.331127,37.390560
8.038462,-30.780647,47.618557
15.273159,-8.219098,22.568598
9.195562,15.469073,34.794769
27.490891,-21.976887,41.386040
10.054253,-25.901943,37.641003
2.790908,-30.619255,39.594074
-4.652694,17.471853,20.213089
-20.727982,-0.832572,41.846294
0.098367,-36.028088,47.567142
24.045435,8.387918,30.472437
1.261373,20.290588,33.447086
0.557289,19.819275,44.290325
-6.561879,-24.870218,46.516811
-5.445253,-29.954256,35.098713
5.300644,8.713397,11.122789
11.547301,9.367226,23.367809
-3.847740,19.846066,29.361916
8.120015,-27.718483,49.800392
-11.471963,-14.185952,25.751957
19.597696,-12.575808,21.476385
-0.743886,19.856327,31.210642
13.710723,15.500265,52.631546
16.814770,-9.363503,23.254536
20.341364,-4.522254,25.660179
-18.176819,-22.806671,30.186300
1.527444,14.695270,27.467327
3.553689,17.505259,35.336655
-9.007151,8.804109,39.528488
3.793478,11.996100,33.941231
-0.067741,-1.268290,5.214223
13.829348,18.279278,52.766972
-11.558944,2.985036,11.519871
7.438537,-34.056255,47.847370
-4.192905,-35.000793,49.585835
20.753344,-11.902454,29.088352
6.309350,-30.179773,48.105640
-16.564541,-16.973387,35.659996
-3.831419,14.817026,25.448719
3.711884,14.712408,26.739904
1.281762,11.638725,50.972858
-17.090635,7.908750,49.655575
22.299242,-10.999025,26.539877
13.306650,8.890894,25.398571
-14.004640,6.416740,46.173206
21.189587,-17.618162,21.744894
-2.944275,-34.265656,52.585644
-8.349222,10.948961,52.736973
-15.584002,-17.740555,27.644135
-12.514123,-16.397699,53.047218
-10.341819,6.944946,12.465871
13.577449,-16.501429,21.384310
2.447730,18.805986,33.532291
23.920012,-17.475744,33.410728
5.595251,12.664283,16.005526
6.348919,-13.242586,21.005913
-1.875127,-40.237179,52.444885
32.672878,4.193282,41.730919
-6.332680,11.524082,18.943409
-18.195814,-4.440301,46.890808
-10.897298,-8.000328,16.070032
24.787935,-30.778278,42.105049
2.907965,-30.614809,35.389225
-18.234943,-0.031374,35.517693
12.985646,-32.532047,42.444782
23.764475,-28.418747,52.450104
6.185582,-28.048285,35.657944
21.371710,-25.496241,41.593391
-4.594398,-28.473930,51.374691
12.742417,14.019157,20.886080
-14.037891,-16.264471,27.515711
37.846481,-16.276045,52.711769
-9.086876,-0.497541,8.277184
30.637758,-13.070580,39.067463
10.835725,11.612786,33.973064
-9.928313,11.868624,50.823200
8.663464,-4.441921,7.607350
24.543381,-32.185398,45.357517
7.235144,11.703628,34.005676
-10.796481,-34.990532,37.920082
-15.004281,-1.730494,31.658424
-18.973988,-12.492294,30.814186
13.390927,9.923423,43.479427
32.092564,-13.097283,42.025848
23.449673,8.661336,48.816135
-21.887524,-11.317603,41.427643
-14.496727,2.645333,51.499725
24.396908,3.316043,39.422745
-17.961735,7.056038,40.794704
-5.525502,16.109678,41.292923
-10.410592,-22.117506,42.762657
-14.253720,-21.205582,28.715380
4.432082,3.758937,5.686320
-6.893132,5.373210,6.345229
-4.590216,15.488585,23.650999
-14.232497,-11.886741,38.649582
28.102880,-23.077578,34.902679
-3.294617,-32.832294,51.175766
21.771700,-20.584023,24.019472
4.059681,-28.566687,27.599865
9.272465,12.113271,47.019394
-3.580647,17.744734,42.521263
7.012881,10.109327,31.105595
-18.849005,-6.101417,47.037685
15.401293,-35.569443,47.031975
21.420046,-22.875980,48.719730
9.887841,-17.888912,20.881590
12.290218,-6.563066,17.299770
-17.568247,-24.000528,32.440445
15.935061,11.306853,45.714775
1.016761,14.400560,16.136705
7.444449,19.732029,45.711292
-1.534711,21.932014,38.055130
-14.791940,-12.456891,32.792366
10.889200,-9.416265,7.696395
32.653126,-5.271217,38.935375
-18.170214,-14.975084,38.669113
-15.377787,-10.031759,42.369236
-4.115972,-18.893305,16.643251
3.674025,-22.628868,30.496557
31.059010,-9.477879,49.022476
7.874897,12.813736,22.004274
-0.979639,-17.868151,16.545422
7.415838,9.874838,22.664309
15.235698,-1.868307,8.863142
29.390177,-18.194277,38.694321
-12.396033,-11.337657,17.437098
-2.990101,-34.555019,50.825775
-21.559135,-4.365502,20.368620
8.737454,10.518314,10.254935
-9.230971,-0.465845,49.931232
-12.457968,-4.233375,8.858719
23.852003,-9.679113,24.850842
26.131033,-28.823839,44.966736
-13.758494,-23.488392,32.045959
30.633114,-4.060669,31.202370
32.638813,-9.570118,45.546219
19.768805,14.824864,52.556805
-3.691639,9.623063,39.091011
16.390459,-11.742247,27.970263
-8.694200,6.257852,15.039675
22.166792,9.075249,33.215652
-17.813280,-9.437976,47.612064
-6.365520,6.297934,7.848291
26.644394,2.498572,30.642756
-4.836821,24.953735,29.904169
23.654131,-3.180965,22.237591
-15.502019,8.201174,24.922003
-2.771521,-5.245528,2.970572
-13.895665,-24.803509,34.149513
-5.724380,28.084402,44.408615
24.672443,-6.678394,25.837770
-5.334463,11.429559,30.479305
-5.863069,-22.185482,43.432552
5.164490,-6.423625,5.928869
16.090052,-12.969536,23.156712
-5.022120,14.651572,39.557961
14.659420,17.051624,38.198734
-2.603696,17.229809,52.737705
-5.696704,4.374581,8.871140
5.798421,11.166115,37.248119
4.497602,12.669210,22.185719
22.257271,-24.572195,43.683914
23.968880,-23.037312,40.513706
-13.007695,9.640449,52.788609
0.932204,0.651754,7.979812
21.000027,-28.411263,50.773411
-6.548855,-23.285410,22.391640
12.292285,-5.861523,12.645556
16.440725,13.025263,31.555143
15.781940,-6.532856,9.718369
-8.978424,-30.775314,42.613541
14.977397,-34.228054,51.022030
-11.830814,15.305822,30.011789
-16.253641,0.108485,22.464874
8.061241,-37.721462,50.192478
14.639318,17.106398,40.368168
10.352410,2.132255,16.609121
0.311255,18.107264,28.801661
5.427839,-20.951454,25.406612
-13.468163,-1.000728,36.493176
-10.230664,4.308286,16.592432
18.497484,8.579763,46.864403
3.816330,-28.674471,29.295088
15.882373,-23.337904,24.871731
26.899824,-0.231314,25.731394
25.731503,4.900866,45.941643
-13.124317,-5.674907,22.550041
2.816092,-27.177921,49.686996
5.837792,-27.010515,39.150764
2.405724,-28.938171,34.338665
-33.734245,20.194525,30.739132
28.805059,-2.869925,50.993301
-10.778528,-26.703669,31.236595
20.413361,3.053495,29.730011
-4.193550,-31.667440,32.112068
13.798737,-30.439886,47.454063
14.750121,-16.044703,23.849180
-17.269281,6.752394,36.113308
-18.267361,1.607240,52.836746
4.473994,-8.744613,15.071257
0.823436,14.131580,14.617904
1.435385,-3.795551,4.512915
-2.345977,14.369078,40.423130
29.853386,-9.258389,34.340702
-5.456598,8.615609,5.089074
4.281517,-34.553890,43.717381
5.773154,22.815369,44.187572
17.646187,7.122128,27.734753
5.773449,24.374065,52.619308
-6.050353,-34.273464,49.814125
15.480363,14.689836,38.360943
2.130477,-33.361294,52.011787
6.044081,-27.962904,37.701099
-15.464467,1.504388,24.761728
14.640447,5.824111,23.592670
38.774178,-5.268086,50.841610
28.046679,-5.040558,38.048916
-0.395024,-17.778502,10.671674
5.883571,10.025528,12.652438
33.371567,-7.734141,45.402416
-10.310905,-3.737323,52.774986
-3.813780,17.086674,18.529617
3.689595,13.012153,24.879269
-15.102849,25.587942,22.038429
-8.333771,7.772200,29.291395
33.088539,2.421299,40.704803
32.669788,-15.901961,41.953827
17.943693,17.444054,50.530113
16.608189,12.951970,39.600796
12.395424,13.017434,51.308125
-15.238970,-2.621424,28.928551
4.905913,14.172075,48.061577
-12.638150,-5.679959,51.656727
20.800488,15.525402,39.993320
-2.764242,8.692834,4.005050
29.592119,0.414622,44.951382
-16.358086,-7.324146,40.944267
9.890188,17.000401,35.426254
-19.831245,-9.937929,22.883533
20.047470,11.758994,35.561977
5.766530,12.369557,27.762049
-11.766052,-13.945610,20.117918
-10.069369,6.608675,17.261436
22.238127,-24.059698,49.739132
29.121504,5.273407,41.624115
11.721549,11.619808,26.256899
18.571293,-19.062996,32.423397
-9.232920,-26.667780,52.914658
-5.911919,16.330429,33.564148
20.327070,6.622505,42.513042
11.069165,12.120710,43.431206
-11.162036,-30.698563,50.611637
14.217531,-7.699353,11.304399
10.712997,19.264538,44.561607
-4.610529,-25.995152,31.709929
-0.996657,13.512994,38.951630
-15.527826,-8.285319,36.685444
-19.241114,6.154674,38.727535
-15.690940,-10.543020,48.375214
-0.687400,7.445735,51.409985
-15.373628,11.632202,37.372131
31.791052,-5.606517,50.961346
-11.178670,6.310663,25.484692
-5.007487,21.007954,33.863792
13.845726,-28.618364,39.120872
13.321025,12.684051,26.617834
-19.450035,-5.850705,39.526505
5.547750,-19.476116,17.915476
11.343441,-12.734317,20.881891
-15.652137,-10.954666,15.762241
-2.156127,17.956144,44.424789
-11.335977,8.165812,7.885501
-10.233113,5.015138,45.536499
-2.083360,15.072368,36.694084
-14.951490,-16.051254,36.651707
-13.224652,11.377757,33.580868
-14.002264,-23.603111,39.712139
25.291986,-3.636346,28.583099
-7.659067,-30.715384,41.281128
22.834414,11.546816,52.659546
-9.638515,12.225928,29.984516
34.296436,0.600072,52.409695
1.171629,-30.223804,43.882584
-9.094981,-16.083712,25.268728
-0.761379,14.179946,33.938938
-5.152401,13.711329,21.416023
-11.324834,-12.284513,50.240784
-17.075508,-11.630970,28.815651
18.140142,-16.340492,24.874872
-17.724001,5.759185,44.739670
-20.870485,-6.904987,29.693768
16.859425,6.791642,18.424915
9.834109,0.755387,14.132380
-14.110830,-19.675978,23.892689
-5.659149,6.657450,4.972643
25.793365,-6.816441,29.277906
8.786062,13.693995,40.270016
13.520402,13.442560,37.633900
-20.602066,-8.681334,38.646854
-1.982310,11.484878,32.422729
-9.951285,-20.505804,30.529137
-3.580062,-34.957489,44.034416
-14.235388,-12.040349,43.034760
-3.685598,15.936032,15.984631
3.688282,15.568168,48.771351
17.526020,8.154815,26.232393
22.407066,5.165312,35.059700
7.852757,-7.152493,9.950758
5.732849,13.484782,29.280127
1.830822,17.020721,47.742496
19.954773,-23.535116,46.885136
0.418008,-24.233492,18.363041
6.916749,7.711010,10.993093
-6.076758,9.750427,27.858557
19.462996,-5.115640,29.444031
12.017679,-17.490231,18.196583
-1.285884,19.551405,37.895454
-16.955353,-21.238537,34.216316
20.954649,0.738548,27.347918
-4.445570,-29.460300,52.853462
-13.830308,-13.396347,39.877777
-8.922672,-24.626709,33.468323
-18.997814,-19.672655,36.254673
-13.528267,-3.468883,32.139542
1.467049,-27.928860,31.676640
-0.539206,14.008377,48.932320
5.751190,-29.428911,44.775803
19.800442,-20.570086,42.344803
16.521215,7.443995,16.779778
-10.835037,-21.829075,27.539097
8.971353,-15.223290,13.195659
22.850927,-9.896453,23.475481
-16.544512,-17.457491,29.686487
0.543090,-22.769659,16.630995
-4.762346,6.508257,9.190196
-11.144329,7.120795,21.183704
-13.204501,-1.144804,19.493879
-13.860073,-32.097775,35.295029
10.995905,12.803839,35.457706
28.192118,-9.598596,26.008745
-7.161913,15.761332,9.406261
-5.390013,21.431292,37.462543
-19.652315,-17.506203,34.730328
25.671682,-7.069627,36.209587
-3.188579,-30.200823,50.030838
-19.617329,-4.142447,38.492954
20.616863,-18.324018,34.623310
-3.124736,-20.322178,26.368034
20.913157,-10.702510,30.657635
21.845236,-7.778580,23.466343
-1.814548,10.531596,28.397888
14.119788,12.687450,29.779633
-4.355778,18.925743,47.629391
25.768978,-12.483187,23.583050
-15.304667,-22.467012,33.315453
1.849691,-26.705629,40.507057
-7.261842,-36.368355,44.089233
30.259970,-3.796452,34.859612
-13.726160,-20.645264,31.226601
-11.652031,-24.528996,46.653675
32.242054,-4.676903,41.525761
-12.407237,3.611923,50.744564
-12.892546,-2.662771,11.875401
9.379982,15.756158,22.244778
-4.776392,4.857650,2.651052
24.464710,-9.042876,29.890692
26.136587,-13.877504,45.333626
10.756470,14.969901,25.818920
-1.424231,-31.404123,37.781475
-11.511475,6.636329,31.476574
-9.550950,-23.125980,23.733805
28.657322,9.048129,39.195457
-4.110875,23.399117,40.447403
-3.256789,-27.872303,48.179691
4.044208,11.836063,31.930016
-11.390893,-14.749233,29.981033
17.272268,11.743606,31.049021
-4.341470,19.255690,50.428265
-5.522378,7.496239,11.698388
-18.041595,-3.187472,35.476257
29.286577,-8.973069,48.709873
5.115462,10.506402,28.495792
27.736155,-11.256371,26.223282
-20.374338,2.155869,37.864929
20.130709,7.302919,31.562098
-18.814085,-12.055274,29.067848
-4.787300,14.655024,45.043365
28.400492,-9.711478,43.442070
9.346641,-32.009369,37.253647
-8.347282,2.032892,10.587543
15.171628,-21.444401,36.213821
-12.905894,-16.863338,51.144318
-29.395018,33.511520,50.744423
-6.815963,15.498276,21.253881
9.942872,-30.294531,44.334560
15.273436,7.377233,25.065313
16.367144,6.263672,23.623014
-8.342098,7.601895,41.623474
29.505377,-5.298718,28.396322
-2.953781,10.393574,33.345505
-2.788977,17.116667,13.772713
4.503934,13.646264,27.965200
6.944928,18.190975,52.877811
0.296655,13.551206,10.933583
-13.751406,3.928471,22.605789
0.333845,-20.969507,17.617950
-4.404396,5.959696,11.808268
-40.803253,-2.534376,35.956738
3.478603,-31.356247,28.899599
-5.375136,10.690759,13.509612
12.009019,-4.448504,13.978610
-11.407017,-16.316528,35.993710
25.515083,-2.560184,33.428398
32.229832,4.752849,43.831875
-17.998709,32.844391,47.264793
-4.888404,-30.156389,29.678049
-4.303445,-37.595860,45.009441
7.627264,15.617798,29.983616
11.179699,-22.587200,33.700024
-7.457623,8.175621,37.687752
16.772717,9.847188,27.078167
-11.567350,1.970745,44.784229
21.492712,-2.549719,25.717054
-14.033123,-3.535664,22.815985
-13.412390,0.669006,39.725014
-20.146469,-4.945677,32.434471
19.236170,6.543107,34.560108
12.445040,17.185497,30.378117
0.927031,15.288733,22.596542
-4.081310,9.503275,14.020508
-20.256449,-1.442180,47.719872
-2.679241,-17.007921,19.941454
-12.623141,-28.097675,31.106142
-3.431748,16.921265,21.715918
-11.946816,-14.448210,34.681141
22.389891,-32.243000,41.657368
-7.416101,16.047771,39.547947
-11.623399,5.850296,12.658335
28.682745,10.989929,46.712585
-10.576395,10.825982,30.039885
8.925161,11.978204,28.598185
22.182415,-21.617172,50.071152
32.932339,-15.781190,40.278454
2.396792,-34.604019,49.392109
17.858839,11.296842,45.289333
-3.761812,-38.442833,48.710491
3.733586,-33.135124,33.852242
-13.972172,-11.373687,48.274628
-13.475982,-16.833227,25.259731
2.982668,18.867136,49.674793
26.259268,-20.169964,38.698944
2.490328,-8.908575,9.553054
-15.952039,2.055450,50.980328
20.415979,-6.266962,30.924732
28.314749,-15.921031,36.691246
-17.002275,-3.547204,43.580490
9.086598,9.725681,31.863728
-11.710302,-16.138485,25.778894
-8.318170,10.081746,11.558180
20.787983,-7.327790,14.810894
10.730477,15.565949,38.254726
29.997700,-8.969183,44.534180
14.463378,14.149333,31.489189
7.252062,-26.379704,38.267403
16.619795,11.363635,49.085018
20.421825,17.949406,52.761238
-0.710753,-31.028084,47.614216
-8.058587,-27.521061,48.047661
-1.746005,15.735316,43.320026
11.982713,-25.392216,37.584446
-14.213099,-28.068104,31.904902
25.888914,-0.201700,28.184814
11.763876,-34.581631,52.395039
-21.143644,-6.231963,33.857342
-20.751684,-3.565799,45.448654
-14.817449,-16.793459,31.236353
-14.846045,-28.078186,38.873051
-16.861280,-3.277258,52.636471
29.502533,-14.595284,50.390999
7.645498,11.638990,10.677031
4.128739,-28.273396,44.064590
13.906753,-19.839144,16.685736
-0.179654,22.476587,39.048508
-41.640705,10.370264,37.864742
19.895653,-2.106064,30.774569
7.201207,21.269865,36.521740
5.122448,16.612186,41.876736
12.533761,-25.788845,26.939980
-13.330884,2.183954,25.379744
-3.677861,15.212953,38.016228
-5.107114,-27.472118,44.690685
-16.857597,-7.007521,36.050499
0.951094,-29.610430,27.245955
-15.115547,-10.294492,40.160458
37.586845,-2.398743,48.158699
8.625098,19.305244,29.449097
0.738441,-27.416025,39.157604
10.364693,-11.011699,13.842014
4.958166,-19.214314,25.928064
-21.440994,33.770847,53.141098
7.642666,17.946783,46.424843
17.141478,-24.987331,31.413332
25.443251,-24.702164,33.311939
-12.165905,-20.565617,40.422333
-6.180309,-26.641922,45.999020
7.187055,14.058963,46.024582
5.853474,-33.889549,48.228310
-5.999269,23.827211,30.170370
21.204092,-21.743195,41.263557
-8.650427,-24.441921,47.155174
-7.232864,9.207753,52.640366
14.121649,-25.987970,32.196407
6.344414,-33.077278,35.068054
-16.753159,-9.223993,21.584328
10.381493,8.378252,24.337120
20.747637,13.706662,35.164497
-8.562597,8.142290,15.762953
-14.370381,-9.701177,37.139145
-0.669685,14.870526,20.453619
7.792202,14.610313,24.891977
-16.494028,-11.952245,47.685310
8.806349,18.759789,44.662346
-10.165068,-28.908676,50.690548
-43.517673,17.484306,41.311466
-4.936988,16.644999,48.375576
17.104074,-14.731116,22.602877
25.301395,-1.769248,29.242361
-9.578010,13.060058,52.780106
-2.967070,-24.970757,31.369246
16.910822,12.991165,45.525013
6.195510,-6.297748,11.587832
-0.052582,16.595400,48.456306
-4.599236,-30.835194,48.532326
12.893732,14.921000,32.699574
-9.635852,1.950592,44.819828
-30.028477,-39.536728,45.204647
23.999050,2.928042,43.456390
0.449086,5.910102,3.078519
-18.034550,-10.693624,27.443050
19.463667,-25.733068,39.512638
-19.916063,-8.219639,24.354231
-9.484941,19.699677,16.677235
-16.291559,-31.555454,35.108158
-15.711079,-20.584545,31.008705
-14.377604,-13.250799,29.299740
-0.337312,25.229406,52.954044
24.795185,-1.872899,34.981308
1.472349,-26.311625,37.982040
-4.751430,-26.114435,40.360161
-7.750933,9.014781,27.655186
-3.599166,-31.069382,30.174494
-6.847600,10.955585,26.675941
-9.827694,7.444153,23.497635
-10.496669,-33.542046,45.709267
-17.538639,-8.396147,16.870882
-3.358338,-26.292749,48.867603
-15.799689,11.342529,42.181946
14.973751,-8.363359,12.801515
-6.752698,-23.527016,44.348957
34.364628,-23.539944,52.727947
34.533115,3.310034,52.567844
-16.118513,7.167521,42.998936
8.477574,-15.687515,18.687780
-15.619192,-18.140535,43.571949
10.275636,-22.427481,21.534111
4.222690,15.455053,35.762863
35.416416,5.064737,50.934227
0.455285,14.753173,52.619965
32.485992,2.063619,48.674850
18.791901,7.176640,40.715607
1.668000,10.189204,12.317812
-8.126442,-14.737994,23.122168
-14.555540,-20.385576,47.739330
-0.414899,14.488001,35.844646
-15.897061,2.946175,13.521513
18.822964,-8.761610,13.558037
-0.999978,-30.592100,44.797596
-9.128037,-20.011993,48.507591
21.884079,7.284884,32.445488
18.675133,-6.322386,27.651342
-6.985635,-19.608871,48.398972
-3.566141,16.071518,19.980106
20.054049,-23.755133,51.256241
-14.063563,-22.867241,34.977398
24.109884,-22.335157,44.350647
33.620789,-11.070351,44.622662
17.504604,-16.113398,27.649900
5.922697,-32.883404,45.684914
16.990763,6.600137,14.087099
4.039631,-26.365158,32.415668
11.992377,8.899895,34.506165
5.362206,9.097116,6.937524
-13.024490,-12.545664,46.973476
14.082535,-5.656088,8.709180
-13.563511,-9.658937,22.948898
15.894914,-14.685172,21.281569
8.984847,17.103447,40.898754
-2.816856,18.563429,22.861073
9.354328,-5.672653,5.492034
3.342333,16.477953,21.528316
-13.810720,13.860118,33.845695
-14.354737,0.843420,10.057814
-8.445084,4.066129,52.980591
-15.082185,-10.176361,44.417828
22.928860,-11.328646,35.048771
31.293509,6.161654,42.380928
-16.508213,10.799755,38.783924
0.354134,22.443308,27.787313
27.716637,-4.684328,45.584087
-14.181376,-11.613513,36.075867
7.185536,-1.382173,5.548154
30.801556,-18.920383,38.166870
12.075146,15.581764,34.166206
4.302752,-18.757206,20.039818
19.257219,14.875052,36.305763
7.653816,17.848314,48.151463
7.679686,-25.495934,29.134905
-15.540885,2.689778,20.415440
21.387377,1.811781,33.099819
-3.233748,21.810781,33.244522
-9.936082,17.247929,48.383617
6.687022,0.233074,8.476224
-8.963841,6.532174,34.048248
0.294168,10.734984,29.471212
11.469444,15.337133,31.072248
15.202542,10.968991,32.545815
6.824805,22.487003,46.024384
26.261774,-16.090736,51.438713
21.834116,6.852674,48.627800
11.255000,10.654875,27.784386
9.383574,-24.433802,18.667164
-2.940255,14.437690,9.511682
-0.483368,19.071754,20.209450
5.522795,-7.629173,15.787446
-14.957246,-12.234578,50.862568
15.304909,5.988151,27.510511
-10.687501,-21.666105,46.769005
-13.053389,5.227405,26.189280
-2.537751,13.725274,37.911240
26.402397,-12.187882,45.806568
-20.342829,-7.752878,33.538116
11.450768,-5.406616,15.204386
-4.569573,8.657192,6.770890
-0.975068,13.976588,41.341763
10.761338,-16.758032,24.187374
0.890946,-28.750034,47.513329
-6.479480,-0.853469,9.597919
4.373482,-26.036863,30.230947
20.012356,-30.734848,48.057884
3.927358,9.365440,49.486778
5.132163,-17.294746,19.278240
-4.332592,17.523420,50.982502
-13.775966,9.186960,15.605922
-24.067381,-13.894648,24.612780
26.836918,-17.485565,52.705475
-20.318537,-6.817797,52.103539
18.376009,-9.604758,15.971916
-7.764783,-38.672642,44.682178
25.806536,-7.938984,39.486652
-0.106485,11.907063,39.245171
-17.158039,-5.443060,43.778915
-1.764320,17.582495,34.715942
32.244801,-10.468038,40.683083
-20.174124,-0.775466,43.494911
-12.650363,8.937451,41.027470
3.551937,-11.526370,18.057583
-1.355381,-23.179157,16.977306
-15.008195,-20.863003,34.471729
8.147532,17.473591,30.245028
0.394971,19.728600,35.144283
18.673992,-31.805674,47.801888
-3.139836,7.013810,12.361794
9.867725,-21.707047,25.734446
12.248906,-12.029908,9.655759
23.100994,-3.922470,26.576899
-8.023058,-24.577999,50.405540
-12.116914,9.318602,45.465908
18.450926,6.135768,15.527939
16.248894,-25.743301,28.440844
23.633957,-15.244490,40.495140
0.852381,13.006639,39.852627
24.984432,-10.560789,38.525368
18.947065,-34.178844,51.254833
-10.806540,8.744112,15.802632
-6.571517,-23.315496,34.990849
-17.016872,-0.739754,52.510284
20.406281,-12.625350,26.476374
-43.103024,23.402327,50.595448
12.462007,11.822107,35.177353
18.498911,-7.109388,19.384665
-8.645555,5.388753,50.593075
-15.618105,-8.236494,14.476289
-6.010195,12.067327,47.744141
-17.304558,-5.235715,52.965843
-0.200927,17.460163,43.965248
11.883338,-15.432594,12.756406
14.912300,-37.897705,52.690636
31.336700,-14.532193,42.875980
19.796656,-32.619785,40.013294
13.407905,21.241682,48.528633
-21.507275,-10.371127,21.619188
-19.679270,-9.881151,36.430691
14.874534,16.003561,30.580017
10.185874,-7.129444,11.214333
19.924562,7.877982,19.691961
28.366787,-19.952452,47.618923
30.578772,-9.959241,36.378826
1.347905,14.274441,45.434700
-10.489558,15.828321,28.360025
30.921804,3.865582,45.056973
-4.010198,-9.497997,7.749829
-14.407999,-19.065378,31.948788
14.792747,9.157766,29.823233
20.607559,-25.206036,46.716877
13.329809,12.150998,32.688206
15.092415,11.969479,31.081667
7.736010,6.996900,8.537940
-2.410684,-10.819292,5.304356
32.080730,-18.941029,52.634968
10.673894,13.765345,30.970312
19.431053,-22.852188,45.122246
11.493186,-23.615505,23.467764
24.383734,-27.305710,46.424541
21.227819,-28.921513,47.265343
-14.193479,-0.309721,37.975861
-33.475834,29.395964,46.005653
18.837145,14.371037,37.860115
-14.526523,-7.623136,13.014945
-17.261301,-19.923542,39.230446
-3.629514,-23.099905,52.820320
16.437109,-5.113737,17.555658
10.132833,-6.092121,9.809031
0.802034,22.884935,45.834465
2.616882,-16.281099,16.427319
3.309225,-26.887833,20.695515
-1.592050,-36.844879,50.287956
12.594028,-30.122753,45.012695
7.143388,-12.101019,14.190122
-10.056068,-25.336201,42.726364
-14.622104,-33.963608,36.994122
14.869115,9.138258,28.017862
3.562617,10.493921,27.253782
22.396999,-21.006704,48.057880
-8.465980,14.405903,49.382389
32.028645,-8.962181,47.087097
27.438759,2.647776,52.380283
22.162403,-7.348035,25.079456
-1.043080,17.160278,19.775126
18.915932,13.286868,35.671299
22.682730,1.694304,31.641291
16.141214,11.121998,28.086531
13.274862,0.578196,10.514402
-13.147646,-11.965705,52.750183
19.980597,-25.312706,43.133541
-9.498406,5.702471,4.367966
31.546726,-22.141911,45.651348
-3.425765,1.479964,2.123695
20.241995,-28.311232,48.874542
-11.139230,0.108504,49.566113
-14.626740,-17.050482,52.788799
-4.216859,17.905952,24.315470
-1.163960,17.683641,24.008043
22.079168,4.978845,43.836048
-14.271420,2.536365,19.060196
-15.322165,14.944417,10.891935
-13.404754,-4.129372,52.634274
-50.467388,15.207465,51.073738
1.752494,-26.869406,28.063663
2.701194,20.675510,29.000612
-0.603776,14.655500,37.622791
35.206722,-8.685406,51.036118
14.412495,10.132942,24.391939
24.031551,-12.740777,26.357841
-14.991543,-2.051493,17.134808
4.566177,-28.507969,38.645657
15.445275,13.626532,26.180128
-10.797065,-14.144255,13.336356
0.516222,-26.222349,24.576450
21.709684,-14.615933,27.204929
-16.365295,-15.779293,38.639545
13.210039,-19.679123,20.099337
-3.261718,-31.469606,37.330597
9.099982,19.134974,46.482193
24.815023,-3.208769,38.079926
0.696052,22.727806,41.560410
13.711677,8.445245,34.081192
11.261657,-23.417694,35.239510
29.366749,-15.606587,41.582657
11.827064,16.404284,32.546577
-14.737958,6.046416,15.429465
-10.720749,5.243988,5.834246
-18.072872,-14.080631,40.127705
14.169775,10.143154,46.097912
17.730555,-33.706402,49.949463
15.137804,-17.364580,18.609533
20.754360,-16.686750,20.045465
11.582265,-33.328407,40.444660
-2.801636,-24.291729,22.854053
-10.816277,-25.963654,39.922695
28.870632,-23.557589,45.007332
4.554492,10.307172,10.446769
-1.342268,13.895683,22.674597
25.464252,4.603366,35.423012
23.057346,10.710356,45.640671
-10.720236,-26.807970,45.285934
21.073784,-11.139525,22.471449
-17.806738,-9.507825,37.534977
19.570436,-31.085075,41.967102
-7.707994,-27.720955,50.917793
30.646273,-27.663414,48.113186
19.575392,-24.467257,45.545223
-14.612295,11.132092,35.615883
-37.288620,30.859377,49.690147
-20.254580,-9.653073,30.370232
6.217447,-17.203230,20.555405
20.292463,13.437094,42.462593
22.042643,-26.420826,39.121552
-1.870630,8.328577,7.233187
34.657757,3.677629,50.235962
8.035318,-5.732705,13.839650
29.904980,-10.330137,42.088184
22.804817,-8.949291,34.463188
-17.690189,8.249889,36.966759
11.411130,12.170171,47.185310
-14.925778,-12.913726,47.071918
14.864169,1.526817,17.429403
3.960178,9.050489,5.826591
-19.438429,-11.967428,24.594393
11.870230,17.022467,48.367176
12.478650,-1.180088,7.168346
7.578571,-27.820530,47.858570
-11.687140,11.332347,19.429296
-2.618086,-0.022615,8.783117
4.750921,11.555426,26.677120
20.335924,-10.153444,28.311172
-23.929415,-51.488026,52.786003
-8.022711,20.097689,43.965496
20.714453,-27.375450,35.501289
-20.637922,-0.330819,35.974606
-13.566754,-22.435644,52.952759
12.171580,10.062908,40.323540
7.054080,-34.764713,41.379421
-35.815826,28.203053,45.807884
13.894846,17.356033,47.639015
5.487411,-27.878527,47.569832
-1.422845,-37.445786,52.359791
-8.409651,10.730890,31.571394
-13.901922,4.432246,43.039204
6.335994,-27.783493,49.127373
22.768875,-29.127062,50.935181
8.976102,20.109760,35.689602
-15.023657,-8.837070,31.456312
-17.327385,-10.503757,33.263554
8.459146,-24.919010,35.412910
-1.357626,23.264332,35.751709
-20.143578,-13.223536,29.588963
8.004902,-23.161413,17.682369
-4.585350,18.743872,18.341633
10.893081,10.419437,44.304993
14.079230,-10.281297,24.481039
-12.812140,-0.413402,32.819862
-20.071507,-17.739985,47.691414
4.832908,14.937576,37.827957
-11.497794,15.801737,36.924240
1.749247,11.417654,17.520155
-35.860245,2.233384,31.047781
-1.414533,-29.537439,43.592281
-13.374144,-28.257921,46.253754
-2.187749,15.404017,22.547619
-1.787136,19.418934,21.489584
17.698425,9.171819,33.338951
-0.823921,20.809549,22.273968
-12.206487,-10.219452,50.756927
-13.597048,5.333486,31.853825
9.347883,-33.367767,49.233479
26.902569,1.938639,32.925037
19.341658,11.265141,47.375591
11.586247,17.133587,28.565897
-16.174679,1.777572,12.106248
0.617120,12.748124,28.526474
28.557997,-6.637333,34.325882
20.924242,-18.830332,30.561752
30.373348,-5.683590,43.396851
29.204908,-17.174017,47.928089
6.297630,-30.728697,50.481049
8.900322,-14.199864,22.851105
27.730417,-27.906830,44.551758
-1.543893,-0.512601,3.751816
-10.411733,10.010716,44.751530
-4.883214,-36.029465,44.492409
5.521820,13.978081,26.263432
-9.181981,-8.165853,17.829006
5.367758,-20.411512,23.252699
-16.336868,-27.607908,32.243782
21.051939,-29.919338,49.074787
-20.630936,-3.913286,41.676624
8.111996,-32.746506,50.302467
30.888580,-11.940495,36.516411
-32.451019,14.428897,27.290253
11.329925,-26.823427,26.251648
-4.180205,-29.978685,32.972057
-3.028630,-37.781487,53.059391
-9.392610,13.157833,23.679428
-8.206918,6.635677,38.199532
-4.411433,-28.575201,26.665920
1.669781,12.468125,26.987301
2.296533,-28.304062,26.943922
31.244972,-17.044706,43.837414
4.615829,14.756940,33.963005
26.729952,9.043180,48.278191
-5.340126,21.255020,52.989742
-11.797372,-1.467344,10.367800
3.833361,5.084029,8.804562
-9.845597,-27.097376,38.784607
-8.439208,10.775317,25.570147
-48.733204,-11.898596,49.098965
-10.182870,-12.676082,20.593605
-11.901029,1.779264,16.004410
23.037811,6.456208,50.030022
26.022951,-4.520049,23.796186
-9.780978,4.921675,24.568935
23.627497,10.966005,41.670956
-0.659881,17.747133,38.486229
6.748345,-29.761486,42.754696
-12.888290,6.890304,7.192896
-19.660107,-19.398932,38.258976
-5.180940,-16.613844,11.103974
1.031709,24.343229,41.988453
28.690361,6.453384,49.760921
-13.316909,9.543949,7.318927
23.629349,-26.081102,35.635960
-9.624247,-15.233305,49.383965
-4.926517,22.477032,41.841545
-4.913417,-28.311584,35.297134
-4.893453,24.458487,41.930870
27.984737,-3.533442,36.987526
-1.451932,25.753973,42.227718
32.520817,0.223420,47.607933
15.264550,-26.821068,40.879040
19.066818,-11.962610,14.616199
4.766814,10.480038,31.319881
1.560371,-33.227543,49.912613
21.005457,14.073397,37.433880
-28.802116,33.298294,49.069729
-12.434995,11.153409,52.256653
1.967321,-26.412970,52.893223
-13.609402,1.582104,8.588608
-2.334041,14.894533,13.172722
-4.468109,9.171628,22.413321
17.725414,-24.072292,45.112675
30.449760,-29.148746,52.905807
12.658366,-17.428614,28.476551
6.695580,-25.386408,35.245178
0.794231,14.433579,50.003586
6.395562,-10.287341,14.776102
6.374707,-23.032669,16.688807
20.525682,6.280365,26.787333
-14.163350,-26.566698,30.456381
-7.006444,-26.326370,40.937309
-8.401421,-3.573177,6.002342
-28.229359,28.218838,37.504318
-48.033882,-1.897182,44.913525
15.841233,-33.960991,46.538136
-18.375315,-17.639093,38.458527
22.527277,12.566616,45.671940
3.117272,20.329481,34.065922
10.941737,9.180812,21.005331
16.600636,-9.009447,21.296606
2.714651,1.092333,8.574251
16.803816,-1.269866,18.865141
1.312099,-29.240175,29.493052
7.720049,-9.466782,6.553905
21.902561,-6.648234,27.124460
5.799323,-28.010378,42.987057
31.418869,0.745421,48.792656
-0.658174,5.661170,5.070936
20.092257,0.463886,18.737101
0.755477,9.313160,10.396435
-2.132143,-29.452923,45.972656
-16.654785,6.487219,41.606171
6.631702,-2.169428,8.813786
-14.919573,-4.854636,23.613729
-6.440244,25.928280,49.701969
-11.603088,-30.636597,52.852085
-0.285488,11.902189,42.455696
-1.727316,3.839007,5.669529
-11.789227,-20.956261,38.390667
-6.940788,8.720929,43.217552
29.245789,-7.981829,52.899895
-2.516258,18.181290,26.720098
15.090520,12.422876,21.815765
5.096961,-34.577278,40.496429
-1.053877,-32.115891,43.858379
13.535876,10.026320,28.856310
-17.182093,-4.329572,45.181618
-14.623134,9.633996,38.633022
0.470701,-34.679604,49.249264
35.602322,-5.566780,50.161556
21.272114,-13.798843,25.013710
-15.310289,-9.655372,45.954117
-1.952457,-31.113152,35.127819
-6.295994,-30.350582,48.980648
4.716937,-27.189512,28.796698
17.341667,-3.718121,13.221053
-15.467981,-23.719118,32.136734
-12.301394,-10.937421,19.558981
-5.419525,22.314543,43.667835
15.517569,14.284766,34.485397
18.559717,-34.025406,42.674183
-8.755141,-23.512571,44.407619
30.345913,-18.263342,47.187168
21.647884,-4.920894,26.796148
2.341175,-10.013144,13.217976
0.430447,18.018860,52.704075
-16.005272,-2.201294,43.253181
18.212498,11.278123,33.964520
-10.495503,-23.661522,40.486374
30.386332,-16.263468,37.969566
-4.048950,20.837358,27.700165
21.514828,-19.436579,32.479961
24.785053,-2.165217,20.998531
12.974993,-17.754166,26.577904
-6.358662,-35.213589,45.883144
14.868093,-8.506534,20.750233
-16.989130,2.580555,30.759403
-2.341731,-4.925398,8.497872
-9.462954,-12.354137,12.724065
25.694723,-29.181963,40.929585
-9.670941,2.867202,18.954996
-2.774388,18.752138,37.338295
30.772198,-17.160112,50.871002
-14.440085,7.347172,11.716605
12.228536,-20.272465,21.672590
-1.900107,-9.871250,8.595193
-5.996773,6.079681,13.861388
-20.670597,2.042664,34.432114
-17.978642,-1.160053,27.662403
21.531610,8.565693,46.010902
35.714550,-9.995571,41.128223
-17.324524,7.629536,46.538162
25.050673,6.969741,34.191273
6.627217,-31.809683,30.930048
8.905193,-16.056042,16.351395
0.832621,-16.373241,9.882174
-16.032051,-4.583336,38.000896
-16.888222,-18.812559,28.446012
0.147498,20.730251,48.475056
27.766853,1.533148,45.495537
3.671399,16.266695,38.894749
-11.539025,4.863390,31.637722
31.805857,-14.897210,49.605473
-10.170243,6.189755,50.952354
-0.818447,6.892632,8.047959
10.188459,17.431570,44.808163
0.868612,18.624344,41.423973
32.098003,2.356111,44.791668
22.977026,-25.956982,42.177986
26.681076,-22.647350,46.431450
-12.743020,-29.845827,41.550983
35.629562,-8.928713,47.745296
18.505495,-33.412613,45.810360
-5.188197,-31.410881,46.974899
-4.455260,-10.315825,9.215178
25.190928,-3.861946,34.425415
-2.305710,-18.395058,12.750291
-12.752645,9.143820,32.551460
-0.724685,-34.617939,50.604866
-10.849791,-29.008318,48.003517
-19.337322,26.080412,23.842293
14.007573,-20.972254,28.600019
12.991519,-27.935575,29.431454
-5.970643,-13.884040,13.869206
26.960381,-4.414100,28.913900
-6.483976,-34.852757,44.255886
27.392731,-24.577673,45.283463
-17.709274,-1.508510,43.622242
10.619294,-9.106747,13.811212
2.369862,12.274057,30.307384
30.203077,4.315076,51.164062
7.569984,1.279442,3.906614
12.420176,-36.293671,47.305035
-4.132860,-28.997423,40.878136
-14.924870,-16.611565,50.903667
12.252816,-36.028141,45.512955
16.825928,13.431602,27.723928
2.354983,18.921938,30.484428
-1.676402,19.157093,17.783978
-21.673109,-7.044291,42.580132
-6.064532,20.016554,22.003271
-5.243624,-1.384215,7.708796
11.068260,14.217292,36.360279
8.089654,9.765833,15.789563
20.425377,6.042175,24.679399
-4.064813,-13.013748,11.014854
28.194683,0.025172,38.488476
17.332411,-21.891026,33.561520
10.999710,-32.936039,42.796352
1.976606,-25.432198,24.490101
-21.430954,-3.524038,37.099190
20.893578,-21.755957,37.195705
-21.594105,-9.133020,23.816736
3.198618,19.112816,41.891556
10.963024,14.665240,32.833847
21.249495,12.938519,39.154076
-12.773273,9.896968,18.921967
1.538891,-15.033456,8.494455
-14.995946,0.655722,52.948555
-5.462892,6.376887,3.238506
24.171690,-0.273585,28.712278
5.786450,19.796022,28.635590
25.039194,-11.292441,25.313185
27.522337,16.916573,52.249348
-7.723512,17.159054,47.454517
13.491246,-25.101727,24.173044
-45.620872,-1.842157,41.727139
10.466158,12.755246,45.370743
-2.768489,-22.425674,30.893763
-8.556879,6.801773,36.050426
2.463757,11.011864,44.661907
6.720355,-23.928677,29.251450
22.678446,-21.970873,26.332924
0.504735,-33.606258,38.099243
-13.162957,4.138187,9.030959
18.638084,-22.191082,26.327785
18.645584,13.469743,44.769669
31.272593,7.154670,41.160519
17.504416,14.671242,31.611420
9.851014,13.525359,50.495155
-8.183047,-33.198036,44.386162
19.720753,14.559074,41.123890
-5.257670,2.755224,10.906382
-10.482049,-14.743500,21.455332
-16.009678,7.191391,37.830467
18.559156,-9.485917,25.171108
-10.519801,7.135741,39.400917
10.013165,-22.244854,16.883261
-50.185120,-10.075392,52.892834
-9.637118,-2.429032,13.260152
-4.940639,24.586994,45.102177
-13.438163,18.485672,12.948875
16.002508,2.893734,13.845548
-20.793987,-12.134282,30.776308
0.164675,0.264574,4.100238
31.610321,13.604382,52.699059
-0.677304,15.897453,46.870384
3.925887,-33.160130,40.952591
31.939680,3.217855,39.295063
23.502834,-22.837244,48.211796
15.036709,10.799497,21.187355
-16.919312,-9.074107,36.178558
21.877893,-17.243708,24.400871
28.877447,-12.817743,50.191654
-5.701897,14.415359,11.460625
-11.202614,7.543570,13.726560
-9.141031,14.237117,51.203857
7.436659,-18.548103,23.577507
-18.070173,-7.866780,48.299984
5.190694,-24.092361,17.369005
-11.947763,-25.801003,47.881542
-3.732020,-28.204590,45.990982
-16.299591,0.651354,40.300949
-9.745266,4.674589,20.125156
28.979242,2.354917,37.977337
4.474096,7.709822,8.616260
25.920540,-9.315282,33.451611
4.002378,10.203760,44.905083
25.408422,0.944514,30.033993
-21.125694,-0.516392,18.637070
-7.599049,0.129504,5.538078
-6.465598,12.542989,45.004715
-9.395771,-10.374661,18.173803
-12.361335,-23.679476,33.484921
-5.168492,-21.725962,50.801647
-5.481029,24.069189,39.518360
1.870237,12.416492,43.214317
-5.901917,-21.107418,20.834091
-11.731762,-25.043247,43.492569
-7.388896,-12.755536,16.950144
2.580870,-8.467529,14.339749
35.209709,-8.602802,39.812420
23.445921,-5.599240,27.354561
-9.495743,-12.698747,22.363426
-8.906098,-9.451356,13.766370
-7.942176,-35.663933,45.474339
-16.647219,-13.336451,36.278053
-12.764360,-19.836861,33.308075
24.864355,-19.034243,33.060768
12.521498,13.718376,44.527309
10.740478,13.893567,46.842564
7.884959,-34.526859,49.645241
24.829878,-2.099456,39.834267
-0.842947,19.290655,24.918777
-9.555186,-27.670868,30.424599
23.088324,-24.415230,40.878979
-10.721297,-2.743970,47.700130
-39.885284,25.490211,45.794792
-17.040451,4.018571,39.340988
2.907027,14.257202,37.039047
-11.402358,-23.306993,38.727131
-5.449260,22.309132,28.967787
-16.628550,0.634374,37.838039
-2.208455,-34.730244,47.060085
7.582652,-27.830004,32.985020
34.976593,-6.611145,51.723072
0.175924,10.309545,41.177773
5.476460,-9.197024,9.120379
-5.766248,22.797033,38.343864
-9.011617,-29.435953,44.026237
-5.382952,-10.793279,14.755335
-14.269921,-14.666783,25.192308
28.850744,-17.480263,31.276455
19.404406,9.303574,42.536461
-7.512636,-15.989209,24.328297
-7.737819,11.243042,45.130058
14.469966,-29.050543,32.324192
-13.141615,-17.790319,20.062366
0.317978,19.805052,25.953350
-4.303647,16.846685,52.814209
-30.346577,27.270720,36.797665
-17.824360,-13.226534,29.800499
-2.134427,-17.800709,11.075114
28.744650,9.028393,49.857323
9.677332,-19.742382,13.923841
7.492464,-8.022703,13.310264
4.514791,12.925771,50.403736
-6.663721,13.007047,22.386072
12.200826,-11.745581,16.521368
-13.607563,-1.002246,51.375912
15.717113,-12.168024,15.132915
1.672879,17.521393,25.854092
13.396200,-13.541942,18.790859
-1.707343,17.434254,40.353130
-5.488007,9.237610,8.094504
2.893514,12.048065,50.131611
-12.163146,-27.529940,39.452766
31.315155,4.852000,39.157837
5.467071,19.429398,50.450237
16.292110,9.701129,32.429111
38.229752,-11.033868,47.883713
-2.820418,11.241444,41.959534
-28.088408,32.507412,50.925991
-9.045217,12.455331,12.230464
-12.572497,-8.630214,49.055325
-0.486023,20.517679,33.618576
11.705564,14.496976,27.131481
6.888013,-29.465885,52.749641
-14.537852,0.856050,44.116627
24.225508,5.274031,26.987331
-15.551380,-0.487753,43.505867
-0.866929,-26.380585,32.933388
-3.346658,-24.810017,41.001335
9.659803,-11.789507,18.371126
-3.967571,21.629261,36.582134
-7.271074,23.530949,40.977215
-1.755599,-36.346466,48.024788
-3.525427,10.676893,10.519086
32.256611,6.801353,52.490074
-14.399582,-1.817670,21.108585
-0.031991,15.452157,44.180721
30.198799,-21.389132,44.627804
-3.561789,-25.450268,24.015482
18.907618,14.643806,34.220795
31.304802,3.995399,49.153931
21.533548,-27.824160,52.670341
-6.587496,11.385901,15.008842
-1.868679,-6.605645,6.444145
-20.208427,-11.301410,40.673176
5.075235,12.603120,30.967682
24.784317,-14.692044,25.447819
2.115800,-37.655479,47.911980
3.669349,20.616381,52.663063
-15.778028,-20.852537,37.223530
15.710085,-30.389538,47.402191
16.511103,8.546769,40.639149
-10.764622,4.488039,33.265156
32.480011,5.550797,49.948288
24.931055,0.088187,36.913567
-7.029315,21.765095,45.284813
25.973299,-24.163286,48.607136
-10.194267,1.712719,20.303709
-8.069321,6.610120,3.919951
9.963689,9.809772,22.472643
8.507221,21.415377,45.892883
12.005699,14.183571,39.694973
-14.483328,-21.568537,41.492081
11.065835,19.319834,50.265949
-6.189469,0.851190,2.534446
3.546994,13.096487,41.826221
20.920530,10.463432,29.852703
-20.737665,-14.875873,43.941689
-7.886393,-18.025061,52.910202
0.589740,22.018515,52.742359
-7.351103,25.426302,28.865223
-16.722748,3.440056,35.536400
-11.951854,-18.297756,30.186085
-11.094728,-26.870104,29.264668
-7.142230,5.956778,51.158237
-2.262567,16.756086,46.536697
1.525342,18.741936,20.407080
5.792912,-22.149879,26.862877
-37.266281,-0.054809,32.275536
-5.267149,-23.031654,27.288435
18.561083,-24.566938,48.352314
-5.685441,16.185650,31.381451
2.111318,-28.931726,35.952877
-10.154030,-35.454502,44.840725
16.895136,-28.875751,37.365597
-11.924170,-25.702028,38.044575
-8.911936,7.213186,13.514944
20.288265,-8.559052,24.832150
-9.327409,-25.829258,26.657063
-2.810092,-13.561561,14.965427
-0.282530,-28.996878,49.590778
-16.072193,6.211887,26.773756
-7.258152,14.039078,42.204090
11.991340,14.802564,45.886719
15.476673,14.676359,27.686195
22.350542,-20.186354,46.453941
2.256433,6.597402,11.373555
7.610695,17.751928,34.140396
18.590620,6.729182,30.891964
-5.301641,19.675995,28.240494
7.368410,-19.106365,26.407303
7.236182,9.224040,7.736742
13.642476,-31.146135,50.417747
-7.909557,-22.076176,31.941549
2.193584,-33.007545,47.595951
20.890066,-24.971182,33.396114
-12.654684,-17.529926,32.733334
-2.098024,5.404992,7.532575
21.706522,-6.267843,32.613079
17.497139,14.279924,35.180485
0.283428,17.454311,21.162457
-30.643419,31.683666,45.053257
2.537176,-29.096931,40.728985
-14.630423,-12.849765,25.827993
15.210186,1.281458,24.144297
-18.819477,-16.325230,39.325825
-11.034866,8.323132,11.698164
-2.355500,16.607691,17.457932
-12.378103,31.942694,48.899353
19.572180,-13.017404,31.979715
-4.652870,18.507185,45.399105
-11.553384,5.141303,24.108532
32.742699,-9.516834,50.440697
-12.085258,-21.396326,48.024494
14.518895,-33.087070,46.767395
-7.105303,-33.934158,36.609276
-11.000882,16.727192,40.330311
15.368782,-11.586528,19.124275
9.372461,12.858059,14.847278
-9.336086,-26.487211,28.498980
-10.014127,-33.162399,48.410282
-18.498640,-32.100681,36.548405
-13.281515,-3.426309,34.166817
26.048117,-3.121357,30.087414
-14.702556,1.768248,31.278982
19.598457,-25.951466,35.938408
33.398418,-23.650906,46.550049
0.829415,19.809853,21.905148
19.425751,-21.167253,29.104189
9.289912,22.005341,53.050201
3.919352,-12.048007,9.472486
4.946149,-31.532852,52.922863
28.282465,-14.668286,33.241959
36.064518,-16.166960,52.859997
20.930119,0.683850,15.894385
12.025488,-26.652611,38.820202
-9.257217,2.816343,4.800560
9.820181,-2.242326,9.713325
-16.667650,8.322248,48.006809
17.081629,-9.040671,18.834526
-17.035202,3.807849,22.757460
31.479219,5.430361,52.830666
-1.120160,-29.625992,31.105961
-11.674064,32.417557,52.600941
26.502991,-0.638436,31.987457
8.430976,-27.419914,53.155468
37.032444,-18.622999,50.501019
-9.146187,-23.916145,36.386307
-1.908058,-32.033161,40.559261
4.028801,20.507298,50.858593
37.299603,-9.932372,52.777069
25.949980,15.638141,47.467243
22.088972,-3.637292,31.511086
-9.733023,7.576045,48.123779
-2.944254,-3.362365,2.359244
-5.264521,-21.134384,24.806124
3.528029,-16.579432,11.833564
19.283733,-4.318900,14.520907
-7.553258,-6.517138,16.030518
-8.302140,1.523037,3.895809
-6.875412,-3.141301,9.327939
6.000001,15.098166,35.591980
22.218420,-26.230482,36.975426
20.787868,-28.400164,40.736618
-2.929654,12.395702,45.137001
24.144215,-0.156156,21.029654
0.054444,-37.175167,51.245285
6.111188,15.645586,43.215912
36.645432,-12.788514,49.080444
3.839393,11.318515,13.613546
6.114580,-32.465790,51.243340
11.265604,-30.464668,35.699631
8.627166,3.627883,14.370776
31.752962,-6.485838,33.447334
13.275355,-15.286484,18.130678
6.265437,17.439352,32.685909
17.984676,4.130773,17.172117
32.048271,1.026577,41.414806
19.575663,9.801155,28.755447
4.885626,12.318815,40.737843
-1.344668,23.410542,33.626251
10.347197,15.918927,53.000996
34.297897,-21.281189,51.005611
-15.533208,-18.464417,36.428802
1.994146,16.729551,30.799974
8.981083,-2.560475,15.272606
5.535335,-21.642509,15.765902
14.670204,11.684359,47.059219
32.436745,-5.084424,52.761654
28.782787,-20.189623,39.393425
-13.651410,6.645256,43.112534
4.450948,13.715568,44.301369
0.766126,-25.658258,23.069221
-13.538685,-17.023838,35.456081
25.385036,-32.469429,47.138737
-6.667095,-31.435446,43.846092
19.606512,0.147772,30.321449
-5.545887,12.350569,26.760908
27.348095,-12.197136,48.357834
1.497750,-33.194786,45.479477
0.173558,-23.023161,30.851114
-20.258488,-3.062892,35.546768
-5.385107,-34.909286,39.466873
-41.190845,27.311422,46.152008
25.988316,12.262947,47.212769
20.672787,5.740252,20.158936
-2.458636,-18.884748,20.265043
6.424885,1.756102,5.557819
-16.561352,5.620443,13.189497
25.849432,-11.983619,29.191023
-3.766284,12.233298,13.954702
-17.846851,-18.056187,40.566055
3.447709,14.456319,23.482019
-13.823877,-29.699614,33.021320
-13.165118,-5.625498,38.401131
15.594769,-8.378989,10.179885
-12.543808,8.403767,37.020607
-14.425867,3.012274,37.420311
-17.641762,-1.381592,48.050320
26.398918,6.739791,43.074898
-10.781793,-8.180695,12.739329
-4.029519,-3.460175,5.029641
-20.317583,-51.118885,52.632168
5.344722,-20.267420,21.402416
-2.967956,15.350745,45.347584
-12.141488,0.285848,38.614029
-1.230836,19.405287,26.722750
-14.862929,12.514814,31.086239
33.238995,1.018630,51.145947
6.434776,-20.806660,28.704735
15.180989,6.511453,20.084433
-11.560792,4.825545,41.269398
6.979085,-0.303094,10.085731
-17.237013,-16.238029,40.919743
-27.074108,26.428505,30.895954
31.940649,-7.057020,43.447475
-21.301962,-13.484784,43.027328
-13.169489,-16.033676,37.223358
-13.325849,-7.743295,29.581730
13.155259,-26.804716,33.801552
-9.843115,-39.793880,45.783123
-7.972963,13.963919,52.805058
-11.234206,-26.324972,36.620277
-20.925957,-3.849030,29.829081
-12.957926,-10.998075,37.454548
19.781141,8.823920,45.603714
-4.469235,27.580038,45.496677
9.571013,7.890971,20.490465
13.999640,11.791492,37.683300
-9.465854,0.001495,16.570728
-7.076887,18.039524,53.006126
-19.394138,-11.689293,35.279205
-2.533056,-27.043169,50.929104
30.402538,-7.194520,44.418137
-6.240532,13.142550,38.053749
0.836265,10.968705,6.879803
23.525509,6.235616,25.684998
20.493029,7.081354,45.777580
0.746751,-31.088030,50.067848
-17.658655,0.350154,48.682945
25.157036,13.169650,40.814575
22.264482,9.158648,27.128761
-14.528111,1.871602,42.718666
2.587433,-34.535339,46.420704
-16.770546,-23.274414,29.384998
10.327707,12.498590,32.358166
-1.598310,-24.914757,40.142559
3.260318,10.943308,41.680450
-1.690634,14.592152,51.092686
1.236690,-6.760410,3.676754
-7.696632,21.088991,42.234661
13.076537,-12.504267,13.054593
1.957805,21.732212,27.813683
-20.585690,-10.834306,29.002686
8.419204,-17.410475,18.021069
22.052717,-22.164194,46.463428
-6.580661,20.351677,15.637549
1.313180,11.112696,47.334408
12.704267,10.611849,24.268028
12.513420,-10.308020,13.480505
15.488013,13.922589,40.764400
28.121813,-11.391992,50.887321
1.780789,20.744701,47.447495
18.776091,-7.375461,17.340094
-12.527104,-18.793175,25.108038
-13.444571,-20.159382,36.390034
-10.019216,1.533975,15.783043
-2.359288,-25.566267,35.256123
-16.589081,4.841341,37.175850
-13.871293,-21.396112,37.629482
-16.521421,6.278799,39.579746
28.645775,-18.045650,49.545300
-12.684789,-8.057681,26.541878
32.265617,-13.972116,38.794777
15.359116,-8.389792,15.067681
-17.488800,-3.608821,37.266991
-6.169681,-25.410288,23.122171
-10.464477,-30.028093,36.781761
18.419127,-4.564109,27.950558
-17.427139,8.504703,42.150013
8.676329,10.232810,47.267799
-8.034265,-21.286894,33.366776
-8.782085,-12.924875,16.198664
4.545742,-34.135605,38.606853
8.355358,5.437533,8.344994
-16.994204,-4.039760,17.542736
17.044147,16.121557,47.423447
9.508524,21.337116,44.317646
-3.025991,-11.991511,12.934898
17.546526,18.315151,52.777214
20.677263,-14.570984,18.346888
8.492480,14.337330,21.673052
7.196689,3.275505,6.276325
4.135287,18.290754,46.750984
16.933016,-15.088251,25.113962
-1.037190,22.081383,31.825525
20.177206,-29.274555,33.684071
19.906851,10.316553,31.070217
-2.630558,10.223656,5.285012
-17.470715,-7.876342,42.621429
-4.516255,-22.983458,44.276264
22.051544,16.145800,43.986332
8.127426,7.903065,13.721525
-11.802701,-24.568209,34.716793
-19.080027,-16.333473,23.872320
4.513747,-14.064787,20.645691
11.407389,-15.619238,17.700184
26.209696,-21.272354,50.737148
-8.842728,-23.583097,41.340622
5.378541,7.125579,11.726546
-10.310043,-10.621178,13.489921
4.612871,-31.294205,43.157097
10.847644,17.891661,47.366955
-9.307859,-20.907360,28.397034
1.851198,14.421293,12.277078
-14.930148,-16.771925,28.795574
6.011166,13.457819,21.849781
5.883848,-4.678786,10.402860
6.708035,3.007566,9.332481
18.624662,-10.594068,13.459256
-3.481176,3.537396,6.459088
17.437546,10.303292,23.168264
13.292639,7.974957,11.047353
-2.295873,-12.327122,9.481035
11.969883,-28.975409,36.443512
-2.608787,2.894781,4.104083
33.178329,-15.071991,52.417866
4.714486,18.922230,48.247276
27.914406,-28.397146,42.022366
-2.009351,-14.679988,8.011376
-3.021800,-37.960609,50.294426
-7.990870,-25.618156,42.869904
19.020735,-27.872248,33.481693
8.453887,21.588614,42.975780
-15.157269,4.338649,36.255928
-6.166682,18.197132,24.383509
-15.343082,-32.798687,35.857841
28.169262,10.973459,42.655800
12.093051,0.964123,18.890009
-7.567120,22.113808,43.652172
4.408493,-12.550003,19.123693
-18.113789,4.798326,38.156586
25.054512,-6.044465,20.796162
-2.843750,-23.236292,34.075153
15.885233,-15.608379,19.731812
-11.729501,-4.113286,22.613705
27.791458,-27.030424,48.166286
29.698042,-15.353447,48.613380
13.036959,1.340128,15.595490
12.627125,-37.361362,50.336910
8.644664,18.668936,27.671942
-47.028149,-20.609358,49.933750
5.321488,19.144070,31.078178
7.252846,-14.502629,19.482952
22.436514,-3.270160,29.677677
3.903017,14.732859,45.943615
-11.583495,9.768534,31.220955
-5.064774,-39.906612,51.321510
33.800564,-7.912319,42.080639
-46.206371,18.074932,49.215687
-9.537621,-18.243113,24.960405
-6.460879,8.672583,39.104549
-15.339336,6.995195,49.419060
-4.573986,-23.062881,23.084328
10.386058,-27.542255,38.871967
3.618456,-32.484856,52.856384
20.131624,-18.476318,32.950562
-9.218122,-5.778503,16.137423
25.910627,-5.351992,41.200809
-3.725044,24.911942,33.341064
-13.815004,-11.790946,16.045774
-11.244179,3.883515,18.415131
-12.427604,-17.099277,27.199308
29.094870,-20.729710,33.666931
-9.095165,-30.178736,51.465363
21.069294,7.348041,21.960096
-9.514559,11.086744,17.106085
33.265404,-6.423247,44.315731
24.574396,-0.072043,32.784721
21.374243,-17.367165,39.201820
2.403638,12.635045,48.435211
-4.653718,-4.213278,11.711286
23.583475,7.520006,46.396645
10.148557,-31.765898,31.072535
25.907007,11.061073,48.316593
29.329142,-12.521654,34.442169
1.938468,4.602300,8.724758
19.441580,1.117846,17.000679
-17.051693,-6.850177,20.633200
-11.427552,-17.942640,31.678967
14.258354,-18.878633,18.600674
8.085367,-27.312449,44.925964
23.476255,-19.520893,48.231396
-2.416602,9.946067,23.876591
-10.716420,-31.929623,42.501579
29.961750,-14.333541,31.030233
-19.769581,-1.343424,50.914585
26.605623,12.460875,45.514645
-11.198976,-21.793671,33.310978
27.577320,-29.714722,44.036697
33.660500,-18.397478,53.055042
33.125851,-6.695429,34.875839
-13.607584,11.469909,12.570887
24.371136,12.916043,43.812889
-1.063078,-18.064480,20.079676
17.848518,-10.947268,23.451544
-9.145964,9.327385,34.498932
-17.399092,2.841941,45.648323
-18.590082,0.962588,28.403027
-19.454824,-6.218518,37.845299
-3.065277,8.378474,48.010391
22.185863,-14.284705,22.345047
-5.274219,22.043242,46.153049
-16.477919,-11.393585,42.858307
-0.306725,-3.678691,2.242923
20.193905,4.311488,36.929062
-14.972209,-0.080009,16.800014
-4.577945,-31.387861,41.359726
2.261929,-34.175152,38.576164
-6.218156,20.548496,25.711243
0.790635,10.967900,33.560024
-10.165476,-16.298246,26.719692
-11.324240,-20.454407,31.821257
10.945229,8.930330,31.402800
20.480696,-8.413515,27.284637
5.751860,19.603737,45.713066
33.149677,-14.131372,36.733631
-35.836628,31.823633,51.097527
-20.567930,-16.560518,44.867836
22.416149,7.990809,41.037155
15.624149,13.401238,24.262308
-25.966873,30.274372,41.885365
14.349326,14.145991,45.916138
-8.296740,15.521923,32.028378
-10.948634,8.073076,33.964073
-3.680438,10.022053,50.771748
30.585033,-5.319799,45.285839
3.173402,4.504481,4.661219
24.679235,-1.808680,24.138872
2.202039,14.506197,48.145714
25.947792,-14.569794,38.038067
-3.823460,-8.534231,14.932158
8.491467,12.234696,49.077991
-9.686034,10.179543,8.372403
-24.677910,33.136948,51.451164
-10.230936,12.158985,7.167137
28.428343,-1.050911,53.090141
28.526031,-5.798516,49.664272
14.011026,9.262942,20.929432
31.104033,-13.637784,36.362370
-15.700938,12.023924,10.253933
8.711621,-0.011312,4.002448
-0.508098,-28.509871,24.641781
6.872607,-19.333361,21.967665
-10.239345,-22.139587,34.772545
-8.242990,6.096969,8.386469
13.590674,-31.664801,36.893166
23.358177,-20.328224,43.331921
-3.720247,-20.391676,14.275249
-7.014526,18.653671,47.089813
-4.193180,-13.822164,9.205857
13.880575,-18.789923,28.351448
0.685014,13.280616,42.379997
3.446562,17.615051,18.673632
-11.321877,-27.234045,38.068874
2.389991,-16.546854,9.162950
-12.227448,-29.919506,49.000057
13.627956,-5.878342,16.386259
13.274994,-3.518554,7.793878
4.010338,-22.313721,18.270613
30.095119,-5.199676,52.927467
0.560812,-32.386066,47.922260
-1.692520,-26.818106,38.581013
-6.605062,-32.277412,47.744835
-11.277357,-13.221407,44.986691
2.522776,-31.344152,41.588844
4.516442,-32.135735,38.102409
-0.758470,-29.035986,26.737045
16.035023,19.068447,50.568184
-14.638792,1.330810,15.735484
-10.635382,10.589699,6.525289
-14.237540,-27.402861,44.599045
-1.353022,-32.791309,48.231335
-1.809168,1.578068,2.609626
-15.399113,-25.606470,34.579281
13.148263,17.773245,45.429356
22.674196,-17.347118,29.827883
-4.791739,5.060877,6.162916
-5.989598,12.412394,33.927452
-13.228239,0.791973,42.296703
-19.003696,10.359048,13.352736
27.179100,-21.700922,32.257824
10.028481,8.433803,13.108503
-18.518490,-7.422619,23.785351
31.281263,12.205120,49.601330
-20.167997,-15.829237,33.983223
21.462959,1.757990,25.078625
-12.386408,3.311907,40.434402
35.148693,-10.219661,39.447823
30.651373,6.195129,49.446129
0.845309,21.696785,30.996550
18.744101,15.634956,45.402222
17.105801,12.891314,25.029837
-12.799355,8.966678,43.833004
-6.477241,15.437013,18.856800
18.045576,13.118300,32.651081
2.801382,17.112196,41.881142
30.660006,-12.455250,32.260712
-8.564217,-2.735049,8.888188
18.564909,-22.366671,36.783733
23.508942,-22.982996,45.882759
21.683382,-29.541311,52.710663
7.291487,-28.909616,24.725199
-9.844101,7.775918,26.875671
-10.158927,12.097608,46.287868
-4.909523,17.812708,28.457527
-3.116703,22.349161,43.573219
21.994658,-20.632826,31.320402
1.213971,17.242771,36.459755
-4.887851,-4.803210,5.042027
-5.485102,-38.395386,47.914192
7.329238,16.297667,31.683365
-6.618229,20.202879,45.244106
-14.241942,-17.140680,41.969654
-19.456907,0.240867,45.420544
37.149845,-7.620506,44.028236
-7.544194,-8.053698,16.686264
5.854811,17.150850,26.595663
32.893734,-16.733425,44.488613
29.878714,-26.977516,45.396210
-15.945825,3.035290,33.988823
12.641925,-27.473078,52.640732
-1.050431,-19.116230,11.813615
13.766244,-30.440660,29.390385
-44.514057,14.845315,40.798195
-2.185619,-24.484999,29.724369
-2.747865,14.400188,52.745819
26.339727,-18.843359,49.241905
-11.067673,-11.875356,11.259359
-8.073376,15.208534,46.102905
-48.805447,6.130472,46.408878
18.350210,20.736643,51.850281
-14.108353,-15.870320,24.132488
33.236710,3.819066,45.119801
-16.512094,-0.972773,37.409237
20.215832,-28.142511,32.047329
-4.779445,15.737122,21.877068
-13.510617,1.028871,20.202986
-8.256582,15.723412,43.623680
28.879047,-6.940545,43.208736
24.160969,12.269226,50.052414
-17.225430,-3.697317,50.880096
29.895037,1.092345,42.988060
-48.081577,14.445593,47.333836
-4.411811,7.624107,52.776100
-15.987145,-10.643583,50.321278
-1.903275,-4.690170,10.446488
-2.520411,-24.511541,42.537247
27.029236,5.155591,49.634380
3.071568,13.575777,43.360062
-11.902169,13.575311,8.016473
23.399582,9.057209,43.193180
-12.561052,-11.668272,38.987099
19.758085,-23.367630,48.716572
-5.794631,11.807921,36.078613
-6.359064,-30.474634,45.440269
20.445738,3.185231,18.414261
6.753653,-35.620243,47.896660
26.427114,-0.330358,38.944695
-10.928390,-17.120882,29.164038
17.419676,11.680629,37.904587
15.038580,-24.579386,42.044731
4.180511,-23.653297,21.193501
14.600222,-26.716291,24.650919
-15.896379,0.555179,27.555838
3.685653,14.899949,50.595448
-8.735842,12.691920,47.649677
-33.155712,-38.444435,46.356754
-10.859041,-8.265362,52.821587
29.803322,-0.095023,39.288548
-22.951660,-44.597595,46.647427
17.275776,-31.479321,35.066906
18.912125,-35.658279,48.056980
19.622915,-33.691326,48.745415
-15.279999,-26.431423,43.703728
0.223568,-26.985483,34.075775
3.562187,-4.544077,10.722315
-7.703452,10.420631,34.771599
-12.212691,6.817349,19.956215
4.835078,-26.320724,38.065010
-8.595277,-20.832941,44.412636
-28.138451,32.596718,47.008472
22.504869,-19.283232,38.720352
6.334897,19.393677,25.629093
-18.263201,-5.705527,24.275383
-7.588211,20.904224,49.085999
7.865410,15.083103,16.951920
-5.875633,-29.377941,33.597057
-11.159080,-16.109694,34.318943
18.334618,-6.602904,26.090065
-10.794168,-10.309331,10.372482
26.584095,-15.658246,42.434628
-1.168913,22.263020,25.906433
0.552388,-31.758654,44.519169
-15.409957,-25.837929,45.469433
-9.006250,9.180208,52.543362
30.387571,-5.849847,29.971540
-49.712051,17.276417,51.006660
10.059167,-11.245607,8.160056
20.004395,-19.664309,31.727240
14.262874,6.638079,15.732382
16.150852,-22.703062,31.021250
-30.817270,19.835569,27.241726
21.605425,-27.181543,48.489731
12.235946,12.745009,36.634968
6.116788,-31.336790,42.189358
-10.608071,-14.255427,27.451622
20.174143,15.576137,37.987785
20.988333,-29.779709,36.823227
24.450550,7.229072,43.037964
-11.465027,5.409256,8.788976
11.346098,-7.258551,20.862751
-18.914778,-30.813381,35.437149
21.132921,-0.679517,31.156542
-2.520530,-24.561451,26.390020
-2.381949,23.830233,50.663265
14.270470,0.462175,13.398000
14.617004,5.818152,25.805447
16.833193,5.458617,27.814564
29.584290,6.476521,42.900269
9.387120,3.428951,12.255298
-3.514527,-26.583263,37.116638
25.992361,-7.437359,26.735592
-8.943922,-30.349585,45.687881
5.178775,15.215528,52.698223
18.666420,-28.422274,39.867229
1.387403,13.355457,46.952496
-16.705183,-13.757144,47.833637
-3.661214,-1.224062,9.636783
-3.296362,19.891953,24.522957
-33.369545,27.208679,39.996834
-9.751192,-18.878677,17.815413
16.033905,-16.972551,27.114218
-19.755198,-19.600988,41.162018
11.415025,-20.195833,30.728191
14.196424,-14.095140,20.492416
-14.615403,-10.820044,17.450077
31.362240,-9.026244,42.910793
6.463026,8.161020,9.407779
-1.000814,17.828888,47.412544
-13.248483,-25.920948,32.513702
-23.652777,-12.075655,24.546219
38.576035,-6.177152,49.163403
-17.157312,-8.811975,32.017227
-18.786016,-9.861150,25.785091
0.871658,-28.322039,45.342022
-16.396938,4.380623,20.976643
-3.401287,-32.814739,47.675678
-6.210862,-30.832785,31.305672
-16.549234,1.006558,15.491018
2.504975,-15.463599,19.527550
6.197780,5.182530,10.502299
-21.422194,-15.957311,40.144112
-13.624331,-18.296198,49.608055
26.844450,13.354584,43.588783
12.039649,10.523295,13.312511
23.366480,-12.668452,36.903358
2.935811,13.188895,40.262989
3.415497,9.367178,47.782406
19.776329,-23.592800,36.849640
-19.518682,-10.607183,38.653481
21.050398,17.543036,44.800861
21.813177,-2.989925,22.922668
-14.412989,9.179904,35.573814
-16.611191,7.646046,14.454302
3.565135,12.396705,44.985886
18.651041,-32.039936,37.442600
-2.950068,-33.752251,45.756676
-15.454980,5.613637,38.201530
23.294256,-10.588043,20.629000
5.436455,17.540014,44.381435
-18.522619,-14.774990,34.981689
18.112555,-21.033367,35.385818
-9.802950,-4.326330,10.657034
-14.693027,3.451294,24.287214
-9.428731,18.192514,30.654022
-12.554776,9.870749,11.922112
0.974894,-26.140165,32.308361
6.460506,15.689574,37.457661
3.668112,15.751200,40.779339
15.022920,7.802248,23.232435
0.969451,-15.264756,11.405136
-6.489129,6.592937,16.372019
-6.430586,8.269800,36.295055
-11.659835,-20.548697,36.602089
-32.795158,25.041698,33.156124
-13.330235,-28.600710,52.845436
-1.185908,-30.890287,39.441582
-5.920676,-1.112879,2.583011
27.455153,-12.837138,38.434639
14.273803,12.304679,44.923233
-7.278816,-39.660069,49.943497
-12.930588,2.494061,48.426907
-1.387984,10.520873,22.530855
-17.959631,-10.357838,35.117161
-4.429858,21.591293,32.045666
13.129716,1.911978,12.870245
24.128170,-14.226479,27.180481
-43.389385,23.015192,48.210804
-37.166584,31.131266,52.977455
-6.025315,-33.828323,52.708355
-6.190408,-28.923958,52.759926
23.329592,12.260225,47.781952
-13.641382,0.389608,50.046337
-17.227636,2.922395,21.306799
-8.602381,6.022605,11.517230
2.569575,-21.502048,14.495076
28.527580,-17.421320,40.583462
1.888582,22.725594,31.990952
-32.298618,28.803310,43.814083
14.919261,2.841308,16.124395
-7.653816,10.858644,37.017757
26.082104,-3.467341,25.095190
3.202463,12.996322,12.425072
-22.081589,31.109730,43.594173
17.659431,-14.019683,30.894419
-11.380074,-0.834749,22.239962
7.064085,-35.487537,42.909035
12.240144,8.833772,26.799988
13.050765,-0.780798,17.187838
6.414034,12.835238,42.417187
5.643856,20.925537,29.977983
12.228007,-13.513776,10.687479
-8.009465,24.579922,34.091721
-10.138741,-23.627352,45.792332
14.120079,-19.156567,23.572968
-16.247345,-15.223107,37.039463
-4.953674,9.263764,52.921246
4.470045,0.081914,8.224682
-1.044452,-1.873557,1.892174
-6.201509,4.132528,47.452805
-10.252907,6.045645,10.985812
17.888676,1.909410,28.590549
18.707056,-9.521621,18.845560
-13.078940,-0.583575,8.342775
-18.039164,1.799641,22.336887
-15.213462,-23.986816,28.966270
-4.902680,-22.728836,35.691723
23.295946,1.027311,33.660145
-20.934376,-15.054816,35.588207
29.481131,4.703609,45.278858
17.407833,12.708412,43.541733
20.860798,11.024800,28.275856
-5.906975,17.270109,45.395260
17.724045,-21.189161,38.118782
1.728098,-13.724894,19.370106
11.647380,-32.822056,45.279400
19.233334,15.899463,50.217831
-3.135097,-22.902805,17.015532
24.809038,5.563300,43.724598
19.081730,8.564726,27.332294
-9.670321,11.482607,27.575485
21.065035,-14.241494,29.065542
6.579017,12.456257,45.014996
17.431355,-17.037682,30.602842
34.613922,-20.385029,53.130928
11.824132,-28.958260,52.757984
-10.081770,18.126318,39.639473
-20.797758,-4.706284,46.942352
29.457993,-2.691322,29.388233
1.348232,9.507696,8.142939
-7.568150,17.873495,16.349159
-7.941978,-36.115456,51.638950
13.267465,12.353862,42.953419
-11.721279,4.699670,52.704037
25.281183,-5.212704,39.296783
20.216560,-34.324139,45.438404
-2.252766,-26.686438,52.999466
5.630822,-16.840591,15.823770
17.423552,15.690389,42.596291
-1.499701,21.086542,42.692741
14.763338,-5.563529,21.346249
-4.637900,17.652735,15.065016
-5.483598,-17.884928,21.178057
-7.317694,16.165571,12.387124
24.698591,-21.427027,52.860790
-10.720558,-26.057749,27.607410
31.695040,-8.429615,44.555729
26.202770,-20.322168,52.776043
-17.790081,-11.098105,30.565323
-9.306624,15.429526,21.034708
36.816757,-5.052238,44.060863
-10.029954,-25.418320,46.340618
-13.457314,-9.454253,47.706684
28.625925,1.477832,49.181583
-9.235567,5.889778,26.806517
17.918621,-28.778833,46.628895
-4.773865,10.426604,41.128700
-4.684184,-32.329018,52.617542
-46.759575,13.574887,46.660194
29.657585,-4.063799,37.739300
-21.155094,-6.584853,45.124020
-36.491253,26.736618,43.695633
2.676355,14.501347,17.156404
-4.035220,-35.206039,47.630802
4.891581,13.391732,42.741356
-4.950208,14.126124,14.268556
-10.193825,-25.505186,34.409584
16.883556,2.124640,26.542374
-7.602142,7.349537,44.723656
-6.595195,18.894062,13.229619
-11.572012,-22.973778,32.216824
19.511036,-27.574768,52.872967
33.196545,-7.931389,51.025883
37.353699,-3.861022,46.806900
-8.684392,-38.673206,48.233265
24.569574,-13.748863,33.619881
2.106024,-27.798128,22.226341
-47.596115,14.768413,45.631718
6.340600,-30.334778,37.924683
1.800465,-0.739307,4.582580
34.729858,5.977013,52.545506
-5.066524,18.624691,42.363194
-8.528270,18.445211,17.653679
-2.653727,3.901278,2.750937
8.985839,-9.948174,9.814363
6.265213,-26.322184,36.742462
-4.933056,13.016070,19.714127
-11.426645,-34.647839,43.615784
-7.559992,-11.747544,11.072230
-6.841706,25.306181,42.692993
-13.314172,6.226615,41.357349
-13.249701,-36.530933,41.953350
6.198875,-35.435974,50.368168
1.914370,18.208862,44.889503
-9.565495,-33.176247,52.892967
18.640713,-19.478882,30.115925
-10.284585,-12.209295,15.910489
-15.667158,23.897247,17.998354
-17.151752,1.060383,33.368946
6.226464,8.143988,17.249292
29.540949,-25.730612,44.210468
-18.517662,-10.558185,43.039154
19.679512,1.983145,15.437781
-4.756364,20.232418,23.218468
23.351017,-14.991943,33.694508
26.934175,12.576863,50.553082
-12.957190,-12.092828,14.036395
-12.232810,6.094063,28.961494
-14.956621,-1.975971,53.038548
-7.209714,13.783130,12.701470
0.180879,16.106916,24.554680
-3.614513,17.195101,27.671408
-6.100513,19.215662,33.241367
-25.464092,-46.999104,49.124207
16.992809,15.206616,45.586590
-0.976523,-28.576777,29.235310
14.742867,17.999277,50.788380
19.666824,-13.235603,15.711333
6.249035,-3.001062,12.185676
-17.742825,-14.286527,50.492527
25.211290,-23.726166,41.861599
11.385858,19.003950,52.998272
17.896288,-22.081097,21.515432
32.868988,-2.011997,36.989758
-11.687948,16.648952,9.901215
28.793016,-7.765545,36.884682
-17.107103,2.182015,38.223953
26.773764,-14.002512,40.063534
-5.370698,-31.450577,36.269447
-11.960221,1.022666,30.483492
-6.705621,-19.464132,19.936806
-3.102425,-36.598412,46.646011
23.104591,-23.174137,43.298904
-18.740467,5.344658,30.949348
24.511963,-6.800986,23.025761
18.897945,17.894823,43.876450
11.606767,10.803071,20.140671
30.516445,7.838110,52.802670
-2.656573,-23.892614,28.073235
13.656657,-16.979568,17.670738
-15.033823,5.048906,41.791771
-3.570212,-22.569185,19.752285
-0.798000,13.473757,31.103003
26.791962,12.585680,52.986485
20.058844,16.159357,48.689987
5.040252,9.863714,27.004498
-11.665363,11.072317,25.676540
29.249054,-23.788227,47.433731
12.048468,6.877305,11.465603
17.074947,-29.654982,48.179352
-19.732103,-3.649760,26.261810
-15.999888,-18.779642,39.802414
33.125053,5.791705,45.719044
-20.891815,-2.197889,18.405968
-6.801353,7.773362,26.606663
-0.643160,-31.907314,52.741123
-2.278666,-23.623878,51.674713
-13.469502,-3.515507,51.001663
28.273016,7.621110,48.185913
-12.322170,-11.109141,12.131672
-13.316836,9.469884,13.485098
35.192734,4.579479,48.188103
20.839657,7.928870,40.044281
-14.636044,-15.273145,33.461094
-3.068763,23.998522,29.197163
-13.114041,5.741257,9.723085
23.267574,-19.633112,40.802132
26.823462,8.031096,44.077370
23.542936,10.107468,31.870729
-19.750584,-13.925175,49.178268
8.698346,10.181693,49.591534
18.606899,-17.429358,18.140575
37.261791,-5.252792,49.798107
-4.450901,22.054827,22.049374
-13.249685,-20.304327,45.350464
-15.344790,-3.333375,32.556740
-12.694235,-2.283407,8.968374
-7.406065,13.605003,33.497711
9.930150,21.957767,47.122993
15.216371,-27.033184,44.344704
15.562072,-28.906254,45.134541
10.759695,17.883095,40.803295
7.873289,-31.347828,43.088005
16.143511,-7.454352,17.201653
-7.721815,3.679021,44.900322
24.859718,2.696094,32.422459
-13.483006,-24.540640,28.466747
29.091578,-19.771957,43.177364
-11.052497,-23.481741,52.568584
33.116272,-11.938184,52.062199
-18.624981,-19.222586,34.495308
3.706433,-32.179184,47.517506
-18.664675,5.238260,47.978012
25.074020,-14.585773,43.395760
-5.542675,14.036229,52.921814
3.649916,8.095085,10.528591
-19.671444,4.056571,31.716415
1.949809,-17.859270,23.481985
-1.878476,16.009418,27.537724
11.926861,17.417170,42.029041
-17.258690,-6.039670,32.454559
16.884247,4.099226,29.344692
-3.782695,19.930275,52.806614
6.229653,-28.320839,23.262897
12.764683,14.044347,50.042976
-21.223373,-9.236450,44.407681
-17.951361,7.670159,44.714382
12.652386,10.909251,46.752552
-13.825921,-25.526579,39.353386
16.226683,-24.757772,45.303066
-12.999973,-4.962972,40.544323
15.327532,-0.302322,23.752962
11.851620,11.847221,31.812460
2.016449,24.250439,43.701443
31.605490,-19.508797,40.159576
-7.800574,3.767786,3.727690
26.179321,-0.277520,34.029984
-11.938567,-6.388552,23.829428
-13.662947,0.563929,27.791929
-21.562769,-1.904897,36.100780
-14.271312,-1.527906,26.107267
-10.467657,1.288960,18.515894
-6.376106,-8.955473,11.490152
14.408171,-16.599846,29.333162
17.420591,1.233903,11.436086
-10.253344,11.991383,40.982918
-14.053677,-21.291830,44.020527
6.023078,14.253883,14.202783
-6.514769,12.157771,50.537224
0.979522,-24.638632,30.796356
9.820264,-30.753798,48.763092
-14.044772,-0.634014,9.591997
-13.993493,-10.587537,14.064767
-9.115940,13.898667,43.616627
-14.095981,-18.899139,28.984510
-2.638034,10.218107,35.482777
26.382299,16.678440,50.055088
19.839375,-18.568428,23.085449
22.858162,9.456264,52.645599
12.610909,14.469280,47.740749
26.518806,4.403265,28.825563
13.228178,15.116748,30.465279
11.927382,9.973840,17.636297
7.783391,16.419983,19.289915
-6.667479,15.673746,42.942554
-0.012127,8.091234,12.609538
11.986449,-9.348351,21.865686
-32.517578,16.184258,28.015076
-1.234485,-37.660751,46.664902
-19.156525,4.368851,45.221867
-28.449699,-45.963863,49.607563
-12.773713,9.760451,35.906410
30.547342,-25.758854,46.513054
-16.565840,-38.064796,40.651226
2.190235,14.032736,25.798132
-16.891411,-25.909176,31.637732
-15.111696,6.726969,52.885235
5.358490,-1.658230,10.794351
-28.241001,29.409048,41.379757
15.677211,-11.769482,17.223043
-11.303147,16.137024,48.993347
7.690638,-34.239433,37.984753
-18.690521,-16.318462,26.887499
1.326268,-13.223955,15.154488
17.118858,-23.589628,36.188667
12.125983,12.455503,45.597355
-0.223363,16.302528,42.281548
-14.817011,-14.668559,23.225496
-1.556922,-21.403223,26.463270
-3.670281,-22.817961,25.893309
-19.012194,-13.324055,41.633156
30.821871,-6.068245,47.647770
8.792854,-13.836288,18.991461
9.822106,-1.379895,4.870538
-20.622168,-9.283554,48.349983
12.899165,-26.901072,41.668720
5.389523,-14.894477,12.414618
-13.322367,14.566847,39.773342
-16.313385,-9.248554,15.649509
-15.488997,-14.583858,29.819895
18.547092,-32.482491,52.978310
5.235843,19.115499,42.375557
10.186246,16.731657,42.168568
21.742901,8.135701,44.405849
9.351361,-21.070086,18.091131
-11.567202,-22.366812,40.637871
-9.432875,-30.178345,34.755939
19.965982,4.568377,30.529688
-1.265289,-17.748224,22.936052
29.792532,3.324195,34.093273
-24.522631,-15.800996,26.490770
1.002827,7.474422,8.572456
1.018495,-12.535478,12.313209
-17.095650,-10.296474,53.030140
-8.292442,7.806297,8.933640
6.434511,-32.799904,43.178154
17.937679,9.096652,28.601656
16.291212,5.477871,30.653507
-7.256929,10.083127,32.553581
-15.617678,-2.223094,24.212910
-20.915138,-14.484809,33.124451
18.587868,-18.125168,31.062607
14.547050,16.667072,45.387791
18.162638,-25.458740,34.780186
-6.761705,-29.282066,51.057747
2.527779,-31.652843,43.884373
-13.197490,0.054515,52.896957
-17.253798,-4.177601,15.442466
-9.442457,4.410595,14.574791
-12.477027,2.554465,17.764053
-12.165821,4.650216,10.662787
27.264727,-20.506798,34.783390
0.124551,-26.174623,41.202415
-6.437448,-32.964161,51.097572
14.574162,12.674467,51.249451
-13.217476,-21.760290,35.921986
20.661497,-22.095259,47.424225
-3.552681,12.796806,43.054211
-15.190853,8.130058,9.883281
-10.971457,18.076811,12.922446
11.573004,-12.554215,18.991894
-6.939101,-14.041528,21.029118
-2.596802,22.366215,30.638874
9.262268,-31.055382,35.685970
-0.221903,16.868532,14.847112
27.177340,6.525083,38.331352
-14.290634,13.380605,37.498814
1.998813,23.788456,40.620163
-20.554111,-17.622313,40.951244
34.181282,1.673737,41.872738
-2.675904,-18.460239,22.025383
-20.312531,-4.718746,51.209438
-0.077325,-27.200760,29.528654
-0.316161,13.356546,26.385389
9.625862,17.381226,50.999657
32.525120,-11.351164,50.499207
14.490558,0.579152,8.428028
6.729641,17.688364,50.535278
22.452112,3.253243,34.871372
20.067793,-25.444334,48.357594
-3.465889,13.984452,11.051540
-13.518920,0.507427,24.138168
-12.241446,28.358599,34.294270
-13.696531,-22.497622,46.678020
-6.558553,7.524888,18.381577
30.534008,-19.953312,41.397354
2.411868,-36.126621,43.927578
-8.504841,15.205781,42.003124
-4.050962,15.535403,26.953949
-18.132223,3.369274,27.373795
-13.623129,-3.188216,26.221518
32.849667,-3.478564,44.295784
-17.062155,-3.447480,41.145996
9.648013,12.233621,41.828133
-7.169199,-16.761126,12.060392
-10.837217,3.160918,43.487194
8.647618,-24.772030,22.749178
5.924255,-31.591568,29.374950
23.292679,-9.820790,18.554136
-19.173519,-14.163790,36.831970
-1.559972,-26.005943,31.120638
-4.480979,-23.246445,18.483688
-46.452465,23.259054,49.666309
12.697470,-31.440807,38.490459
25.498310,-6.917629,32.104996
-8.968208,-35.009274,48.039818
26.676558,-9.012545,43.529572
3.681623,-11.715014,13.043567
-36.146687,28.207323,47.495598
33.048939,-20.871485,45.643085
-3.204656,20.369207,34.311066
22.611320,-19.259451,33.924915
25.945555,-3.075212,27.218655
-0.174289,15.991076,16.653067
-0.405549,-19.266893,25.327553
-16.272303,-6.319409,38.950249
18.880138,5.545178,37.223213
-7.552859,-33.985336,48.565414
-7.140747,-23.860558,39.066917
37.555931,1.815900,52.971905
5.529059,-33.649666,52.714180
10.247146,-29.613279,26.409075
14.970397,12.201510,48.828602
20.990780,12.616956,49.981499
4.779694,-27.182201,45.594585
-37.286381,27.187872,45.309780
32.027634,3.550815,46.772820
-45.332405,5.001318,41.717285
-11.349443,-17.208212,45.970951
18.653032,-8.689857,20.809481
34.461231,-7.224809,40.604855
-14.431061,0.475079,29.387777
31.013214,0.923864,38.078083
10.680681,-13.220310,17.009636
-45.805637,13.159027,41.834167
19.581091,-18.145702,19.629234
18.715403,15.101045,47.852947
-15.836341,6.179325,16.898838
28.348827,7.371561,43.755196
-19.339636,6.321895,40.341614
-0.718157,-29.775650,37.473793
34.368778,-15.795482,50.805382
-12.687222,31.577562,47.116905
7.959056,11.571201,41.780689
28.032024,-18.349085,45.066994
3.039801,15.684201,42.884438
5.459254,-26.908613,24.585386
-29.638710,21.847725,27.115429
16.914408,2.883414,11.133670
1.269061,1.956216,1.646032
28.212070,1.854272,41.089207
-7.545352,17.019135,22.640604
4.057977,11.537108,47.816360
32.807999,3.225786,50.700245
18.317055,13.372129,48.826424
16.105854,-32.394226,40.374626
21.182249,1.754288,18.961000
-15.068375,-20.015144,35.935261
-7.025992,-42.734486,50.004093
-29.634474,20.433167,26.208769
35.017059,-14.703456,49.618130
-15.222769,-7.936934,34.803127
36.336914,5.121449,52.636665
15.523305,14.569831,48.435436
-10.295335,6.738398,45.469803
35.031509,-11.561457,45.988892
-6.612637,23.420368,44.558941
-32.063808,28.243158,41.737427
-34.987808,27.290236,42.578503
25.163256,14.277281,42.708439
13.222733,18.407976,48.861732
21.145098,-20.299747,34.015717
4.448331,20.864237,28.334076
3.734577,6.249392,5.990762
1.909308,16.932869,20.450603
5.590872,-29.237793,24.592754
-13.600408,1.508486,47.250908
10.948448,8.241911,17.800261
-5.850867,27.642059,51.993618
-8.791064,18.761831,12.033932
35.258812,-8.268303,43.668644
-7.852198,-21.972183,43.287971
-11.104293,-11.176698,49.089161
-6.430410,-36.960236,49.502419
1.876658,-27.326670,35.075577
-17.123194,4.577284,47.498417
-14.323460,-4.735819,39.395756
11.704898,-4.630790,6.891252
16.087515,-3.186407,9.662664
34.162727,6.087771,47.328388
27.511520,-16.499592,48.010010
-47.912216,19.665506,52.833687
10.618696,-31.049435,42.783360
11.501101,1.132090,12.402732
9.818357,11.945741,19.788742
-7.374055,30.660892,52.436272
-1.415649,6.189303,2.800175
-13.671020,27.243587,28.498117
28.820086,-9.936863,36.233013
22.005440,-26.910416,31.106918
-16.742893,4.404433,14.640817
-35.532104,29.457972,50.636623
7.486638,-11.440332,17.552666
22.458584,-14.511736,36.674458
22.427166,-6.669825,16.340494
18.718447,-23.513256,28.244131
-1.541487,-33.567822,36.248795
26.284878,-6.948580,22.830177
10.561067,-29.177259,39.145702
28.241875,-9.212843,41.304405
36.485229,-0.297398,46.951813
-12.691838,-0.298332,44.002880
-16.922882,-5.073958,36.657982
-7.619809,11.388803,48.266003
18.697105,-17.657349,35.898483
30.321205,9.895264,49.544540
-16.978481,6.768389,52.689724
-11.540249,8.457865,22.338703
-9.710629,14.492035,12.825271
32.870728,-5.337870,36.785431
26.239727,3.723207,48.961769
-47.710102,5.366746,44.104301
12.602807,9.316340,36.209175
-34.155865,-46.924622,52.985161
2.151182,11.398379,15.574095
-18.474255,-18.233027,31.051353
10.506678,-18.042633,18.984089
-7.732673,-25.101376,44.659138
0.398350,-5.890284,8.771875
-9.316950,11.114332,38.926159
6.164779,-12.897477,9.983228
20.020748,1.202050,31.882753
-16.707767,10.786159,35.532875
31.289845,-14.790638,53.048771
2.466412,8.722529,52.948765
31.713659,-16.890368,35.604958
9.262756,8.794559,28.465090
0.506926,14.381911,29.782213
36.301163,-7.174102,49.798439
7.447139,12.009761,16.775143
13.429614,-7.572770,23.091625
3.410622,-5.124912,7.457909
-3.246230,12.644285,30.818756
-4.321776,11.479736,15.348923
28.913902,-16.891716,34.917896
-19.133724,1.083044,19.419550
-12.961828,-13.662522,25.270288
12.975011,-8.495830,8.290469
-6.223292,-29.377205,39.726009
-18.388641,31.524742,43.429180
6.668433,18.104033,41.838352
22.904655,-14.543889,24.036577
-5.273220,9.188957,35.439720
-5.766405,14.022345,49.527985
-38.272259,28.729256,52.927338
15.626850,3.996560,22.204203
22.252586,8.061168,47.399605
5.251707,17.958151,49.574108
1.215448,13.965850,20.141495
-15.195453,-5.448078,13.384597
-9.574110,-16.687359,23.356945
-4.907666,-27.736900,40.167839
-10.502544,4.345193,34.988995
-13.182973,-14.202741,46.640972
4.510379,13.860809,36.505417
-3.091347,16.011740,42.071697
26.633770,9.455744,52.826790
16.473907,-1.321522,15.462739
-14.404684,-7.658207,51.694420
13.921579,13.830521,33.734684
-15.824728,9.398749,27.367859
-10.067323,-37.782555,45.570328
-7.035547,4.225266,10.127230
-14.726931,-16.092154,48.074791
23.412199,6.892399,31.894323
16.008940,-10.233840,18.401669
3.475395,20.041077,39.716873
20.100548,13.918355,33.072269
12.669598,-15.986725,27.512735
-12.945021,-6.042546,26.953608
-1.490404,23.831570,30.213547
0.872357,-24.902298,35.281708
28.845840,11.770621,52.032917
-11.608663,-33.502270,38.900860
10.756336,10.213927,11.892710
7.881124,15.344772,27.321152
4.225482,-19.203268,13.750156
10.488901,-28.333017,47.082565
-6.002745,13.661576,35.199074
14.903192,12.341243,43.360001
-7.038167,-26.217545,33.976391
23.860323,16.408808,52.864033
23.474747,-14.897653,21.213879
-9.040550,8.107722,37.138599
-2.393573,-8.021036,13.944317
-11.328386,12.166789,35.841858
-5.555842,-32.367626,33.642960
27.334259,-10.728755,46.506645
11.205379,-33.252110,49.652058
-49.179874,5.096910,50.125153
6.969213,11.154152,51.030323
10.624166,-9.037799,10.507958
24.255465,6.609848,38.435345
-10.970526,13.774854,45.667908
-1.858056,-27.064705,40.738300
18.820099,9.432955,32.067722
17.049175,-19.934776,26.355038
-0.290908,-8.018166,3.952449
6.348344,-3.816709,5.435210
-36.325691,30.943066,47.973118
15.467917,9.153762,43.441135
18.789270,13.371138,30.821159
-12.611181,-22.327015,29.138960
24.928789,-12.565932,37.713501
19.258596,2.173073,13.704306
24.310259,2.406481,26.935570
3.905777,-31.943520,39.715340
-11.113217,9.973333,35.035450
1.351799,20.153311,42.042709
19.064857,-36.682678,52.743382
29.953264,-2.480746,52.907925
19.808170,2.763983,33.303783
9.112606,13.522229,37.945297
26.257624,-29.914928,42.389851
-8.407421,7.065542,32.461147
0.285414,12.413635,45.075222
-13.824509,4.432859,47.407673
8.593572,19.004232,33.314796
-19.131121,-21.536602,29.032522
-12.265695,-15.134735,22.290461
14.987474,-31.103889,42.465397
13.554435,13.908252,35.361015
-16.330811,-20.525808,27.640400
20.207775,-14.945574,23.899996
31.410767,-5.556915,32.088734
-40.009148,1.813798,34.894962
5.875140,19.699562,34.919647
29.220350,-14.720621,52.959900
3.655499,-30.722050,49.979916
23.004524,-23.050272,37.226852
5.643575,13.223725,53.011471
5.958354,16.084785,34.022133
5.785120,13.315114,38.488632
-4.482317,-5.437946,8.929419
-17.249624,9.656041,34.056072
-9.047916,16.033987,25.215126
-24.549362,30.793839,39.168114
2.665433,-32.026089,31.030167
-34.965164,22.596640,33.258366
19.155205,8.992443,20.730749
29.606560,-0.849106,30.450581
-28.480585,30.498047,45.365967
30.110991,-1.989933,36.715427
-3.184433,-7.228871,9.501539
-14.730087,-18.068382,35.064125
16.529814,-12.943860,12.741372
10.782976,-32.514046,33.070858
-5.382005,-21.311520,49.038399
7.684079,-30.625105,44.622334
-18.472132,-5.036028,16.940857
-37.418060,31.381691,51.248856
28.657516,-9.559671,52.867474
18.955919,-17.205114,27.549860
-11.219985,-18.900518,35.595200
15.325414,-18.294971,21.972904
14.804824,10.623737,44.457787
9.191761,12.094423,16.770128
-5.370547,26.920322,42.817394
-17.347368,-18.712667,48.515160
1.462392,-18.042187,20.454975
15.013965,-11.821778,24.776157
25.719168,-4.267853,36.194351
6.325815,21.260395,33.252983
-4.381637,22.745028,27.233187
11.356704,20.438097,41.664799
16.328375,-25.503624,39.435974
20.314026,12.107382,29.865042
12.244543,-5.780801,8.289790
-17.336578,-29.078482,33.854507
13.353471,-27.193024,44.061115
-11.303218,-15.309994,31.586367
-8.993494,10.963589,35.825005
-21.660563,-5.446203,37.569164
28.225386,-6.694597,41.650703
-8.776657,11.230745,49.616932
-11.859594,10.325714,9.262273
30.323500,-10.436602,45.788471
33.645447,7.924933,52.671783
30.758463,-0.630998,52.837994
18.181362,-28.949879,49.828682
-42.002899,23.790274,47.371811
-28.955877,-43.673531,48.045654
10.968661,14.687605,49.333675
-0.342558,-21.826221,23.285683
-12.016888,-31.207802,45.678268
15.743935,-36.437832,52.816525
-9.083125,-18.031977,43.514797
-4.658143,16.700275,10.927414
35.477894,-5.416148,39.875111
27.983509,-14.206723,42.161072
8.511935,13.443551,52.766804
-15.041209,-26.842987,47.499706
12.519547,19.431168,38.890121
-0.047586,-25.622137,48.746040
13.649164,10.110305,51.623398
-2.226103,-33.386204,41.463509
-17.352901,0.487280,17.575212
25.137712,6.234153,35.707260
0.238249,8.857666,45.862228
6.881978,18.398512,44.978535
-16.512539,-4.872458,47.301144
9.192296,17.371538,33.631630
-9.247591,9.557611,47.673161
-8.842916,-6.192221,9.349666
28.286558,-6.754990,26.573885
26.129164,-5.329206,32.095997
-8.537453,-28.621958,35.590504
27.128105,-12.989591,26.125402
-13.294414,-17.212231,38.880287
20.670282,8.874049,48.865765
29.469242,-10.664260,44.228600
32.729660,-16.349987,47.972115
10.914716,10.656910,42.029568
0.714025,-36.161602,43.703545
9.880248,-7.308321,17.237764
8.598461,9.677264,19.198587
16.952574,14.642347,39.305996
21.908815,4.302094,30.309523
29.777042,-20.747343,52.803864
-2.530472,13.698989,35.876377
-17.027708,-15.283279,45.119617
12.628802,-22.502506,19.857014
-0.245468,9.314736,15.818383
9.227739,8.624444,17.470364
-13.668630,14.535524,35.843407
18.052181,13.727630,40.540287
9.107024,-33.430222,47.417213
-6.856041,-23.168842,46.932064
-17.674131,-11.308699,21.328344
-16.175482,4.172287,29.426407
21.987280,-12.337488,23.785362
5.967991,10.531161,21.362181
-9.435393,-27.187632,46.703308
22.552462,-3.189927,34.744579
-1.344220,-36.682060,44.261642
-17.977345,-10.398214,22.880718
-11.073178,3.731116,25.146017
-6.481110,-24.792032,43.027729
21.233612,14.100934,53.014267
-20.991018,0.857234,39.083694
8.657912,-5.835272,17.262108
24.047649,-25.893000,50.792568
-5.990159,-24.848604,50.314407
18.263601,10.871666,48.796860
-16.448727,-5.818871,14.798384
9.638384,9.769773,33.895901
1.621918,-11.795979,5.833812
-6.881848,10.748226,21.255007
6.516411,-5.212309,3.981598
-12.987143,-15.067634,26.313034
-17.149435,-17.270386,52.893520
29.063309,5.563674,51.133663
-48.534893,-8.363336,47.787895
-8.825440,2.891148,16.302801
-15.265656,31.845657,45.376541
-18.694311,-17.466404,44.181797
5.841401,-8.332594,4.940915
-10.701009,3.728331,5.018176
15.897376,-19.283651,30.906122
-9.472678,-24.272757,29.583332
3.279920,15.920903,29.588531
1.921328,4.070662,5.950592
-4.412235,13.884686,17.414274
-5.318379,-26.457661,49.188656
6.922780,-27.727594,30.727243
-13.170590,-16.453007,30.630442
-12.369889,2.675857,23.799871
3.912213,16.429104,33.920162
1.210207,12.635973,22.781187
17.110491,-28.165760,30.881948
-11.931719,0.057834,27.880114
20.459816,-33.416389,42.956310
28.783436,-20.267925,44.908970
-20.130346,-39.131775,41.224342
-20.844475,0.150247,34.192432
21.675869,-29.021219,45.401382
11.588565,14.677077,53.055916
-5.603047,10.213327,19.400257
-16.674805,-13.447671,34.409370
-12.191869,-21.690165,43.660015
19.023449,-32.350620,43.153572
-14.909612,-4.807699,50.860813
12.351890,14.858221,25.164642
23.780481,-29.169607,49.388985
33.652920,-20.042721,49.852444
16.261080,-4.949121,15.635184
26.356846,2.599992,51.120670
-7.737025,13.688573,14.229098
-5.335174,11.228001,42.622021
2.532576,-26.991718,46.912235
-38.455822,-35.471371,48.168526
-3.816632,7.791141,9.993337
19.001024,6.267955,19.960245
-14.339010,-7.344069,47.847912
8.986321,12.900910,33.434990
-13.019566,-1.815956,31.758904
17.849586,-26.322191,29.618473
12.023532,18.769878,34.268131
-22.326571,-7.929635,38.579136
-18.515413,-20.210775,30.159641
10.802824,-36.736511,52.777996
18.266916,-12.798011,17.713377
-15.383756,3.066414,22.250488
-4.512635,-24.166670,28.382214
-2.564695,9.964707,18.077501
2.414922,-13.069811,8.770570
8.960879,20.850641,39.305508
-12.542865,6.101738,49.383312
31.156759,-8.490064,52.638275
-22.383665,33.062370,49.900669
-11.217671,10.294132,47.417789
16.041193,-13.572867,25.811131
8.987053,12.283200,26.212498
3.573026,20.698400,46.901493
8.427297,-11.313257,13.343179
-13.192127,-22.354055,26.032646
1.598527,-34.621418,47.847904
29.478584,-0.608369,48.266693
0.648279,0.378697,1.524786
1.016240,-29.242487,24.486008
-11.110102,-24.361820,37.462273
9.355028,-12.727071,8.763270
-2.098884,9.692009,39.646946
13.687691,-31.625984,45.257458
14.311195,-32.877018,50.057800
-2.358733,12.745697,52.719959
-11.113958,-12.474304,25.553854
-1.436769,-21.215868,17.687668
8.507771,-29.521807,50.434925
18.746611,12.110545,39.440865
21.066235,-22.395409,25.049719
-9.119617,-21.587257,48.413448
17.332188,-12.102973,14.240774
3.278738,4.947713,10.505486
-17.714884,13.307854,12.031589
-33.835186,30.095676,48.983158
-3.513926,24.016407,36.903370
-12.519486,14.919018,13.011065
-21.725727,-5.896384,19.705599
-20.826460,-23.129471,31.262577
-15.081932,-10.143284,27.347746
10.957242,-33.524212,36.936756
-19.753937,4.688879,34.682930
-13.823507,-28.074825,47.986267
-11.607243,-12.787308,27.243736
7.442794,12.235425,37.267590
-9.278318,4.107007,11.218968
2.545481,8.441354,13.849866
3.100245,10.755441,51.148190
-7.236814,26.228743,31.703396
22.675373,-27.092646,32.779716
-2.321493,-31.214104,45.551567
-13.048884,11.754688,42.175678
5.799125,9.374752,22.588480
-11.569334,-17.891842,41.182335
-6.755701,8.988818,14.948520
5.264925,-27.262178,31.153048
-14.834391,-5.774190,37.743534
20.001726,-20.706789,24.869146
-6.291061,6.801139,43.277378
31.147751,-22.097647,38.900570
-8.333442,18.562834,27.172668
-11.815281,-21.277281,23.467180
6.824983,21.734390,40.684616
-3.629304,11.089038,48.995159
12.639318,-14.685215,19.619392
17.053806,12.870178,51.223690
-12.068504,-14.577948,14.483890
-2.632754,14.593478,19.548370
22.783237,-30.860926,39.365051
25.483294,-12.326367,41.152817
21.522133,1.502004,28.762825
-8.509311,1.641017,15.019201
4.662571,22.431726,39.041416
-1.525633,17.445774,30.234261
30.495798,-2.605214,51.266689
23.704630,-17.313231,36.886887
14.634568,6.808616,30.914013
25.114859,0.534885,22.561567
17.620625,-14.539027,27.453424
21.735359,-16.105740,28.508938
36.573982,-16.673342,47.506470
17.846951,-26.377504,44.908596
-14.306287,-11.040857,25.939730
8.923049,-12.008508,10.401932
-41.186069,25.362831,43.006859
-9.983989,25.062258,23.905287
-10.927350,24.559586,22.272352
-0.156395,18.970627,18.537392
-10.206230,12.103230,10.822490
19.928171,-10.051651,14.496578
-8.885688,23.374992,20.455879
-11.193416,14.072434,25.511278
10.436105,-9.798361,21.472208
20.383043,-22.878490,31.206852
3.739945,-15.224422,8.831062
1.214265,17.702068,17.082159
13.580214,9.729300,48.009052
1.576590,-20.704073,13.370934
5.436568,-8.169829,13.716415
16.489153,-21.901934,28.814825
-6.868602,-30.305975,36.283829
20.114754,-16.005564,25.173895
-6.541670,-2.581191,12.659548
3.078266,-36.795341,45.657730
11.575628,-27.425211,51.298393
-8.814644,19.657707,40.274448
14.624792,2.799980,9.090950
-19.035669,-6.188877,49.047073
-9.357956,-16.121065,47.856522
33.272797,1.367631,39.282200
-11.908980,-24.803722,32.189053
-4.517390,17.592129,40.965546
16.227684,-19.761122,35.428627
19.881489,-35.976265,50.204163
-2.649894,19.441408,39.072212
-13.578150,-26.331402,48.699333
22.217152,-12.817757,26.494318
33.340416,11.253574,52.759876
32.093082,10.926549,48.622276
32.898808,-11.655550,35.218658
-5.772932,-23.936926,41.030102
2.264184,-6.921530,12.799777
-16.348486,-24.533478,51.992672
28.002497,-0.784931,27.470968
8.477768,-33.106533,45.495293
-1.547957,15.819332,41.150024
-16.662939,-9.179090,45.157158
-12.134212,-19.585789,21.282251
-15.056353,10.442328,43.260723
27.479736,3.995159,30.242512
20.320753,10.118825,34.880527
5.412400,17.479595,47.654736
6.432400,-22.744844,30.915564
-4.283032,-36.100925,42.391365
24.490646,-12.289681,35.288151
-20.111826,3.260875,15.749201
-3.812953,-33.356632,49.254929
24.698141,-29.351215,45.860191
10.845701,-25.302883,39.175449
34.723465,-1.003688,47.118374
-15.578197,-7.722572,23.306410
-12.462820,3.527802,47.237408
12.097902,-33.012787,51.489933
29.040165,6.041749,52.912262
-8.415677,-11.182971,13.746573
-5.513229,4.117614,49.519260
10.803020,-28.888693,32.389561
-18.132647,-15.850268,49.809326
-20.627386,-3.973685,48.921768
3.375677,-8.679456,5.870982
20.540524,-23.576469,39.896648
25.822315,3.264552,26.435091
11.496162,-0.652459,14.739787
-15.724304,-6.676461,26.916109
-10.876390,-5.157183,17.965029
20.222160,-6.755292,27.146370
-10.402608,-13.131169,51.844593
-8.191333,-35.067574,42.073223
18.783354,-3.865375,19.244339
35.401791,1.842622,52.938141
17.504843,9.151711,17.576296
3.998305,19.429449,43.887756
30.197149,3.020902,50.034237
18.641724,-0.462190,19.697891
-4.382774,-38.310448,51.389961
4.260912,-28.487343,33.245216
24.425533,-5.259199,28.908596
32.156113,-11.433959,45.858322
9.347484,11.869322,34.713108
-13.693446,-12.698405,27.264612
31.249577,-26.099672,44.910690
1.465910,-26.351168,42.074486
-7.191890,14.209900,48.134476
-13.150737,-18.938818,35.095112
0.475191,-12.091199,17.909988
13.957068,-33.734177,38.399334
12.983662,-33.701626,53.000687
-6.782472,10.591591,7.882244
-11.988426,3.500246,22.141897
0.913756,22.478909,50.133152
-19.375534,-12.025484,42.716888
29.775126,-20.738159,46.403511
-9.658760,18.160883,32.447739
-18.252459,-1.684642,40.888680
-15.109371,-9.264369,52.644012
7.279082,20.778078,47.169842
15.938998,5.009796,16.902645
10.315414,-14.589033,24.254866
11.842066,-20.310001,27.574163
21.917881,-8.979628,16.533117
-20.350744,-13.039425,37.189487
18.965174,-24.507881,24.757690
-14.814969,7.952883,44.379604
11.940989,-13.646396,13.813188
9.667737,-3.277636,11.739060
24.543625,-4.352586,27.282640
33.482208,-13.441892,52.738434
-8.694521,10.925325,23.558952
1.351797,2.035331,8.784235
34.472145,-18.758352,43.860504
26.536739,-18.435585,32.433609
23.797924,-4.059162,37.125069
-5.085286,-1.030100,10.827224
31.496260,-14.396299,33.869751
2.355668,16.618004,40.315208
-1.972829,9.321415,10.450990
-12.135385,-19.213930,52.947632
28.611799,-3.380952,43.943016
19.750626,-26.099623,28.152557
31.589132,-10.876652,32.977913
-7.750329,-41.246040,49.994717
-7.131562,-36.861725,47.248566
-18.132877,6.031633,29.273230
17.467642,-2.496345,10.451569
-11.368736,-27.690851,34.933937
21.514366,-30.277050,40.564327
8.903580,-7.699915,12.312540
12.134504,12.940383,16.371916
25.633255,5.395786,33.930252
-16.776251,-19.685162,46.773174
-19.676218,-18.458973,26.424711
-6.066630,-15.265089,19.094547
32.235519,9.241747,46.511829
13.183269,14.076656,42.975117
18.789577,-29.118444,44.392616
-12.317715,-27.288223,33.103046
5.493397,16.078108,16.757076
31.484163,-28.112988,51.905548
14.076623,-1.354623,19.293720
29.254503,11.824780,45.374527
14.796574,11.815567,18.360388
14.451614,0.733846,22.490618
15.609539,13.937852,32.774162
20.044823,-6.527983,23.841639
34.210987,-13.412035,48.621658
11.342948,-34.218605,38.645977
-2.539229,19.146942,48.335625
15.876799,-5.354575,23.906693
23.726803,-14.664310,35.492985
-12.807793,-23.574059,30.475031
8.430355,-29.476948,42.435322
13.255812,-15.486171,24.718552
-14.808607,-15.440771,38.103161
-7.183852,-20.195530,45.217331
0.686364,-15.076285,20.694223
18.498779,-24.463387,42.054279
18.541727,-22.276213,43.018898
34.988476,-19.630293,45.257763
-2.064193,10.648443,52.689194
31.270588,2.756043,40.977451
-11.967949,1.577007,49.820591
19.439543,-25.370342,30.157814
-17.964945,-4.661254,27.601526
-6.840344,-19.318159,52.936638
23.870150,-31.874401,43.466999
27.848000,-10.947276,49.318302
10.863217,-26.261927,41.976490
-4.047019,-18.108934,20.167877
4.858889,14.969976,28.907587
-2.789201,12.162868,11.929167
15.542128,5.130530,28.992735
1.740943,14.006699,35.640724
-2.490188,-38.685474,47.246292
-12.184705,-11.063799,24.026985
-38.440277,-33.459045,47.090153
19.616667,-31.122574,51.301483
0.627828,16.764582,50.244640
-13.404935,7.606510,9.966784
9.443947,14.706623,26.922064
-2.336838,18.898569,42.521420
12.652946,-10.059576,9.681817
14.031975,18.429230,37.165009
-4.997649,-36.497398,46.626545
-2.262301,-35.918549,52.826958
12.662726,-21.076029,16.768339
25.070944,-21.992310,47.905888
21.865490,0.748349,30.354366
-9.389457,-8.273063,7.771482
-14.801864,8.297318,28.781630
-31.731560,27.803297,40.082119
14.166810,2.760725,18.879349
-5.615265,-27.312983,33.952866
-8.063952,-19.662313,35.023411
-10.142817,-20.520380,33.476887
7.238833,-31.719193,52.609016
-7.867076,14.421365,44.624325
0.874151,21.592098,25.513844
21.231468,-4.089864,20.951191
-1.857980,13.477674,48.000256
-15.880441,11.851480,33.080753
-14.104276,-35.741402,40.731621
13.922588,-3.653757,14.132253
30.887669,-16.395306,47.461845
33.111561,-5.956505,46.078243
22.382719,-21.810923,44.291321
-11.726193,-0.845136,24.826183
-9.657660,-11.111503,21.532621
13.420915,8.305376,28.033335
-1.253971,-34.881660,39.988960
-17.566248,-8.814062,28.642056
10.576405,10.417602,37.808529
-47.676369,14.187860,50.920162
4.782176,-0.391318,2.267554
4.466636,-2.154877,2.938288
-8.204924,9.686377,16.228930
0.586806,-31.192099,37.541847
27.272331,-19.067533,52.924213
-8.490640,-21.873018,20.037891
1.727973,-20.612770,27.340658
-10.583925,7.062200,35.944504
-13.159610,4.944052,13.570230
-8.676010,8.971054,26.024279
8.074351,-27.616146,28.018789
18.201612,-15.086761,15.849627
26.929455,-30.306568,52.820923
-14.964264,-21.694708,39.545185
0.160951,-31.592197,29.996815
23.233889,10.453927,50.049427
-19.228001,5.520282,42.754704
-1.559393,17.837532,14.633936
35.760563,-19.563942,46.616943
8.589124,-26.988680,41.560604
-8.570374,16.032503,50.998871
10.609838,-36.103367,48.326134
-8.616608,-24.987492,39.695915
11.299952,5.169087,7.292771
10.605872,5.652501,8.897861
-16.488474,-18.179777,25.087240
-7.848025,7.744620,34.224438
4.020763,-1.180157,9.758025
15.454408,-27.895540,30.182999
2.037307,14.864327,51.133713
27.927938,-31.288759,50.729019
-8.632711,13.128950,7.368212
-6.602365,12.813482,7.899785
-3.518400,-20.941051,19.655125
26.417742,14.042282,51.035267
-0.758901,-31.663288,32.041672
-15.480530,-23.825624,34.462185
-4.707392,-26.976902,24.326859
-7.538824,-5.626986,10.915858
-5.468417,15.035891,25.037025
26.846020,3.632819,45.073574
-3.571107,19.876453,21.945925
-13.180199,13.692922,48.812218
-12.377242,-26.633097,45.855415
-20.850517,-8.103868,49.774349
-5.147322,16.001532,46.690022
26.702261,-18.743977,41.151073
-10.030547,-32.213303,50.118225
13.780326,11.423215,52.893646
30.768953,-6.225639,39.878075
36.296700,-13.110647,53.005260
14.950928,9.967547,15.827218
-11.617008,-26.477230,41.333672
19.246696,8.247346,24.687510
10.001773,-8.067894,8.809682
9.369979,10.541585,52.908302
-14.102129,3.941202,27.095959
-2.322046,-27.297176,44.822884
-6.032697,18.460346,36.326740
-13.727640,2.359492,44.740162
4.223802,-33.971867,46.033909
-21.227137,-12.121287,44.924679
-13.478025,3.973943,30.507257
-16.191444,-11.623310,25.094166
14.419949,-20.893751,18.082644
-19.291039,3.674304,30.044777
-3.819644,18.286190,31.955736
14.596144,13.253119,47.655922
1.134238,16.822308,34.102859
-19.107082,-7.514491,43.992519
36.446026,-18.298487,48.614990
-15.107637,-2.277245,37.430923
27.422899,-3.115644,46.406460
13.420016,-9.094378,12.678951
33.067406,-4.776044,42.923916
28.845024,2.852790,51.184105
-6.494054,17.325392,20.097641
2.786989,-26.876812,31.357378
18.290066,-21.006830,24.761335
-8.428414,12.610351,45.944305
30.994375,3.159942,36.461605
-10.925640,-19.909428,24.637468
27.850315,-5.346693,40.457806
-3.567122,-16.592108,10.256233
-13.996070,11.022120,24.650398
22.197090,4.025121,40.618114
-5.177588,24.992027,48.317070
18.573814,-14.590705,18.380016
-20.922464,-2.180283,31.180895
11.289258,11.148694,53.056431
-1.232359,2.648682,8.669518
26.349648,-21.756153,44.108810
33.531776,-12.585984,46.226761
-16.626900,-22.211002,31.631880
-8.762619,6.496470,30.758326
7.425261,19.438662,40.891838
35.044338,-9.253096,38.147400
-13.072519,-19.851122,27.812828
-7.537145,-30.249552,52.552315
13.995410,-30.995146,52.908031
17.157761,-30.530552,52.719471
12.683057,4.075110,13.285238
-5.688081,5.132973,46.078392
-17.209150,-19.898733,36.490665
5.528062,-32.760113,40.102905
-7.730951,16.441668,52.893047
-12.386664,-23.094061,49.073231
14.256516,-6.956714,20.563244
22.897238,4.940052,22.642252
8.978856,13.806982,25.653872
-11.086210,-27.907471,43.678078
21.776266,-6.967896,18.868473
5.151577,6.201015,7.181517
-18.657875,-5.241657,44.691082
-51.632881,8.592905,52.858704
-50.242001,8.678235,49.856796
33.041897,-14.736775,50.758751
15.537527,-5.645527,12.399201
31.044313,-2.328687,41.475693
3.960041,-33.555954,35.573936
32.188881,-26.845432,50.838154
-1.061195,-28.107964,32.214962
-38.553947,24.531765,42.863041
3.861967,-27.732666,51.553375
27.432297,-9.565392,31.377424
21.778357,-3.856265,15.372807
18.735836,-20.137709,20.244907
21.656471,-32.693604,48.386341
26.702894,-0.529872,40.735397
1.719090,-7.398653,10.281986
21.357021,12.970528,33.686558
0.658873,-27.202621,21.020758
32.297840,-3.187348,40.635113
6.579751,-5.419882,6.238923
-17.040676,-4.223472,32.329792
31.935425,-4.652805,33.542820
-17.450497,-4.556457,30.528009
7.301364,-1.954884,3.466787
-6.556251,17.699404,40.416245
9.578198,-25.721697,20.228672
26.697830,-10.960899,43.510548
-11.344040,-15.098851,45.309593
-37.249771,29.319569,43.766872
13.364695,8.730373,12.772301
14.425061,-2.232114,15.500443
13.452443,-13.589317,14.649876
24.913757,-13.442766,30.847862
23.226980,-2.302182,27.404520
-6.214277,17.882809,29.757515
7.694717,14.062701,47.908428
-12.488364,-21.746956,27.592503
15.518759,-27.251709,32.418827
29.009268,-25.619339,39.690464
30.849644,-8.437522,30.632910
-15.367327,1.103267,36.514660
18.278111,-1.553224,26.823849
26.252401,0.754050,35.523293
18.588295,-26.057320,52.228184
9.713747,-19.750103,28.887630
-15.451016,-11.503189,46.282848
8.411132,0.082965,8.156264
23.844753,-2.600449,18.599977
-22.126692,-7.433627,22.689566
-7.453492,2.540075,49.927792
-4.367973,16.955111,23.025187
37.073547,1.666183,50.244461
11.622024,-25.135374,30.554276
-1.808183,8.034297,52.964531
14.450341,-34.534271,49.136494
-9.636536,12.655091,14.426724
15.935052,13.314300,29.724329
-38.097889,27.930836,49.386284
6.821767,-25.624853,26.006596
0.324094,7.856716,52.854897
18.793627,4.995102,24.505926
-16.605877,-3.726286,39.373764
22.616898,-21.904032,38.501141
1.278171,20.298443,49.637669
-15.914044,-5.531788,44.808693
9.309153,3.519486,4.976746
-15.106238,-22.250580,51.294071
38.991528,-4.090726,52.233070
-10.547701,-20.711100,41.571735
-13.296144,-8.691194,31.987127
-13.014114,-2.737300,28.584982
-4.402721,13.792069,32.722454
-11.462407,2.790871,35.565182
-7.815312,0.370101,12.446482
-8.121830,-1.863814,14.806275
25.616827,-17.808035,30.312273
-10.086843,12.314580,48.412964
12.096039,-2.241630,19.400370
13.538857,-3.914843,21.497477
-14.326488,7.076002,50.904163
-16.186514,5.982746,48.488373
32.944649,-12.731633,40.477013
32.234089,-12.087508,43.712109
9.969350,-25.608372,25.590595
11.482885,-4.586560,10.764646
13.226258,15.721931,42.958626
26.926535,-18.181194,28.648254
26.774126,-19.265806,47.069698
-7.241577,-18.117672,13.390630
-9.190523,-34.757584,49.757854
3.007217,-18.992567,18.871927
-14.429861,7.953115,31.917192
2.837926,23.059378,36.035824
-16.481457,-15.606431,33.925865
-19.460846,-9.575806,19.159689
0.742665,-21.907648,15.093941
-0.472768,-23.514212,23.075697
11.348141,-18.967241,14.400937
21.669439,-2.165744,15.485141
-18.058134,0.789464,24.059191
-17.818718,1.802051,50.236294
-15.486708,-0.363339,49.295372
29.997665,-24.251589,39.504456
5.263521,18.677473,22.274960
0.657477,14.544644,38.736389
12.704663,-33.242962,48.664989
-2.669694,-19.458141,17.618208
-14.380188,-18.516146,25.642565
27.745514,-1.491090,35.507156
29.117380,1.269736,35.719837
16.123518,9.412528,35.507305
-3.335187,6.709927,46.997318
12.234455,-29.752674,38.050793
8.816573,16.468491,53.159279
-17.408724,-24.092651,36.262760
23.580076,1.747204,29.205074
-15.402382,-10.610018,33.920277
2.563603,17.293327,38.316921
14.220593,13.542018,27.769392
26.505915,1.937160,37.712406
24.603123,-23.638088,38.937939
21.990896,-24.561064,45.435959
21.846680,-11.240335,33.701256
-13.224468,-17.899033,52.879749
28.328966,-21.645933,45.758560
14.177116,-23.850595,33.116066
3.876201,-34.031746,48.202805
18.509312,-0.764337,12.374961
-44.673126,23.322746,46.672501
4.442899,1.895601,4.466359
-6.673423,9.475533,50.963398
-19.736715,-6.669808,32.261364
-13.105351,0.951029,14.445353
11.352754,11.607372,49.258987
8.928344,-29.208214,47.204311
-37.346550,22.008116,35.316128
-11.732242,-6.889891,9.903549
-10.767108,-6.135169,8.011949
10.313217,4.943691,17.975149
-20.005018,2.776255,43.777355
-13.581237,-2.872956,19.604416
-0.604069,-14.990582,13.766356
12.893197,-20.768467,33.262787
26.012878,-22.256285,38.842857
1.271882,-30.965565,34.086727
8.728152,8.313446,11.547845
-11.863046,-13.832631,51.365051
4.868412,-37.817883,49.341377
-3.350446,19.786966,45.186337
23.164932,-20.338123,51.066422
11.953549,12.060721,41.821720
-16.622114,5.603430,33.062698
-14.785052,1.437570,40.345913
7.087341,12.878063,40.639572
-16.969067,6.517151,50.861500
29.544058,12.869327,47.375156
11.073550,-26.274490,35.939934
9.008062,-28.377708,35.127724
21.480820,6.146538,38.959709
19.946215,5.122501,39.402985
-4.503365,-26.824677,47.789680
0.199561,12.820298,17.382896
-8.389258,-16.588005,15.686201
15.490732,19.108927,42.468910
17.199535,16.685217,40.761227
-17.716051,5.280579,40.244522
6.652843,14.580438,52.955318
-42.012066,-10.958773,38.336945
-16.460566,-1.477098,35.698944
-43.165054,-30.097973,49.184166
-9.340516,-23.318949,52.814201
-13.663939,6.730680,32.867325
-13.978751,8.153668,42.070873
-14.541613,-28.773615,34.645256
-10.635179,15.782039,14.577668
-10.433440,0.576740,44.139202
23.924273,3.939326,46.155869
-4.901858,19.800386,36.816944
13.737171,2.301766,10.950772
13.339471,-23.959612,21.982592
12.682950,-25.469637,21.373394
-7.111555,-38.114258,51.121609
-10.474887,4.080093,50.523647
15.833426,-21.357248,32.428085
30.793892,2.058187,34.571335
-12.553479,-16.549742,41.773643
24.673058,-18.067873,43.238213
-5.236286,12.982974,43.416439
13.531435,-11.504044,25.459417
-9.593040,-18.274015,32.347515
-9.734895,-17.158100,30.709150
-18.059547,-15.920855,32.706337
-1.958619,13.559217,28.417791
26.765192,-18.444054,43.254616
-31.432844,32.188404,46.489944
-8.616323,-17.045918,19.436237
-18.606905,-13.252234,25.229073
10.025995,-25.846006,34.208164
-3.161893,16.241671,34.260746
-8.048340,13.327150,19.503031
5.564719,-30.508598,30.859833
-10.460087,3.200934,40.305523
-8.383077,5.908834,6.765292
-0.639079,-39.415867,49.153660
9.410725,-26.267965,40.324432
16.806910,-28.467512,43.518917
16.005602,-30.256538,45.846119
15.779587,-26.059521,42.274563
23.647953,-11.967589,28.390921
21.212296,-9.474266,21.310783
-13.034140,-10.800046,32.746265
-15.938995,-16.280342,20.885273
7.958604,-34.848610,52.861279
35.668163,-5.281864,47.320065
17.586588,-27.345453,40.968689
23.575653,4.565805,32.378613
18.377594,3.859210,20.147005
19.646559,5.933862,22.242893
22.170876,10.884314,31.046429
-16.510509,0.691345,47.558762
29.640738,-7.372945,28.724764
-9.755053,1.556981,5.678271
-18.046539,-5.216693,50.350674
-13.251774,6.561575,24.854792
-12.253729,-3.815242,43.649857
24.041946,-20.706295,37.824196
2.063011,-9.460420,11.222014
-1.298112,10.189856,19.538795
-7.994938,-18.448479,28.714243
-0.419056,-25.768839,42.757576
9.095371,-24.187731,31.646910
23.755417,-24.305290,34.119759
-11.598286,8.606944,27.367908
31.152664,-6.991319,49.545979
8.722452,-29.205805,39.522789
5.083277,22.713274,41.688442
3.932741,23.372780,44.989029
-14.293735,7.884335,18.273111
-2.197911,10.029831,6.971727
-10.769689,-22.556347,30.301540
15.820643,-7.772731,25.663082
32.145374,-7.369796,38.026138
3.234500,14.729552,21.687164
28.307423,6.313738,34.973362
-18.157084,-13.335296,44.896893
-10.105381,9.099634,31.963888
13.812596,16.739372,29.488501
-16.631071,-13.434783,40.895767
12.078513,2.733317,10.494192
23.416647,-1.826249,37.071636
26.192009,-12.789450,35.386604
11.617912,-2.894429,12.441851
11.639919,-1.308169,10.310719
-5.343169,9.203190,37.606716
21.895254,-7.252998,29.216160
-14.263262,-17.509262,33.214897
22.379536,11.519957,39.818817
23.252787,13.249676,38.749645
12.690464,16.765846,37.438351
-3.369029,-25.464689,32.976059
11.191602,6.389334,22.140886
-4.793994,26.936317,52.954174
-13.613174,13.943337,31.873598
8.232110,10.537382,25.168560
-14.021138,-8.938614,13.844602
27.813225,4.882627,45.946705
-22.973743,-3.412644,20.495176
-8.417730,-11.030805,19.862595
32.540749,-10.148428,43.652050
3.282347,14.620913,38.663876
-1.973803,-14.995341,11.004075
24.882317,6.394270,47.278191
-3.299338,9.052622,7.862381
25.136349,-20.889160,33.042068
-8.429228,-23.422611,27.125637
15.584460,-25.311897,23.162102
10.359253,-22.816444,29.818766
-13.032330,-14.304635,30.107126
35.630692,-4.928566,51.855133
22.232552,-18.459877,22.907167
-3.817092,-24.138737,30.180130
25.104126,-29.125038,53.114113
-9.057101,-34.238308,37.508919
-19.095871,-7.868777,46.845142
16.028351,9.453019,46.366787
18.485302,-32.507542,50.953350
-14.824646,-12.386615,31.055885
-21.001135,4.260798,16.747725
23.764357,-10.077174,26.533178
6.645542,-30.794825,46.072369
16.600962,-18.377525,23.106520
7.171926,-26.560110,39.959190
-6.900944,9.577400,5.108208
-6.184517,-34.948475,51.363167
-7.445579,-27.599464,52.922150
0.553067,-1.260728,3.668176
20.104958,16.761280,40.986607
28.779696,0.436566,46.622581
-14.816469,-6.419336,40.619801
-9.581790,7.584500,18.786469
11.622379,20.867569,44.280201
-6.193923,-26.299847,31.983458
-10.107084,17.370365,50.116623
-19.193285,-5.071443,41.193687
32.746811,-11.209490,47.384373
-9.632090,-14.297258,25.425081
25.256599,-11.659192,22.198538
10.603367,-12.007205,15.153213
13.384269,-25.600224,36.770752
-19.869751,-5.446362,34.836163
1.037214,-30.936562,28.402460
-12.287738,-19.678713,41.856522
6.712814,15.768456,23.974361
-18.049746,-11.674336,46.958179
-43.096809,15.896192,41.345821
-11.079966,-22.601671,24.196856
-6.293517,-27.174797,47.740547
4.602798,-36.131027,49.910553
-29.945528,-45.387810,49.333858
15.968658,14.674417,30.802378
23.631111,10.414697,40.071854
-16.285820,-21.036289,46.030144
7.981380,13.536301,27.219065
-2.106932,13.716587,21.042933
7.620839,14.881186,42.033813
-44.675621,18.455761,46.017666
23.817944,6.778255,41.290401
19.041159,9.801961,23.808149
3.140466,-27.790285,53.084961
-15.320873,-26.701923,33.431694
6.245686,-6.726663,7.397851
-14.538767,9.776935,40.915592
17.497356,14.193450,29.876875
-17.535879,-4.876657,22.857084
15.265483,12.433805,20.005390
-10.844665,9.616067,28.553717
-10.031327,16.578667,43.810349
10.879924,-17.646118,13.160863
26.496201,5.554969,30.226810
6.378864,16.299679,45.995724
34.275917,-12.914955,37.545879
25.131182,2.601441,29.430500
19.321775,-1.968934,21.864534
31.208475,-12.702146,47.500454
26.455786,-16.968884,37.504585
21.585794,-15.540974,34.936291
-5.599823,-22.452812,37.631805
-18.217897,7.491384,32.254478
-8.954815,12.042431,33.563511
-18.425714,-15.226207,21.987902
22.675367,-27.520184,45.583984
20.718142,1.936914,34.701401
29.372406,-10.877648,29.123770
-8.432590,-29.745932,47.808586
-7.948306,-23.066555,24.532078
-11.988964,-31.580812,35.495262
3.765826,-15.048678,18.431021
10.337370,17.700266,52.929287
25.201986,7.157099,30.122252
11.595689,-7.819912,7.414366
-2.957903,15.259284,24.083193
7.848075,-14.711518,17.555296
-18.917477,-12.741696,32.456867
-17.794207,8.789627,40.396812
-4.507149,13.809522,24.090960
-1.380546,-16.386986,17.104496
-22.295298,-4.875080,21.946079
-22.581011,-0.851596,19.510626
17.171963,-5.775578,27.108818
-13.443626,-26.342613,34.629993
-12.474343,13.849042,28.885170
-3.772817,19.056980,20.336628
13.093649,-16.731995,23.210922
16.639925,7.953686,28.838886
-15.821507,25.190962,20.493553
-15.104115,-4.256028,28.954395
32.136089,-9.167714,39.495159
2.184884,19.517879,51.049530
-17.074265,-21.344210,30.038776
-4.324842,-33.292183,44.151772
7.396411,-15.393245,13.534312
15.384537,-19.046581,16.670088
-12.003901,-13.951613,39.541779
19.367874,-3.424443,29.422291
-11.632962,-14.665397,52.932095
-3.949266,-29.326380,48.760494
-9.599800,7.994160,20.625854
-15.969362,-19.616282,33.962139
-14.891534,-20.809088,32.638332
1.809488,-23.955233,17.209530
22.663811,-11.439944,30.227001
20.678930,-9.321091,31.784769
3.381761,-13.807590,19.461554
-8.769633,15.467658,8.934897
3.124190,9.198830,11.651636
-8.781468,-24.556337,24.178282
28.074825,-7.813169,48.565186
-0.217915,-20.526873,19.309925
9.367767,14.834715,39.075783
-10.274042,-17.555914,36.451561
8.026136,14.121735,30.808395
-19.942760,0.574577,47.683224
21.870728,14.745001,38.821934
16.254263,6.571856,26.212503
14.433207,-7.376257,8.940559
3.689936,-10.047930,8.842009
13.206105,-24.479120,26.012012
3.213086,-26.901852,43.705849
-18.568062,-7.595019,35.879772
27.037373,-2.050588,28.726725
18.463238,-36.821156,51.216267
-8.719385,1.998477,46.170300
19.160105,-7.038255,13.075891
34.143784,1.905131,49.183331
9.172829,-15.094517,20.293863
3.619308,-24.504782,32.907692
9.513008,-25.708418,28.989836
15.125441,-14.771334,22.791824
10.663078,-6.352180,6.459643
-13.827406,-8.985970,44.482780
6.750443,-25.156952,27.691336
21.516525,0.367411,34.121956
-9.512519,18.811739,48.731003
-13.246408,-12.125844,49.925274
4.600364,13.464170,11.637493
11.104324,10.234571,29.416464
19.069052,-30.353819,46.738941
-19.606979,-8.689399,32.215889
10.141893,-16.110756,25.764326
-13.364351,10.697675,14.793415
-12.947875,9.946516,39.454899
1.174774,11.195998,38.253441
-9.997888,7.278642,15.727387
5.685301,14.435893,44.955811
0.014514,20.218410,36.838142
24.363365,-9.248349,37.782402
16.073870,-24.842480,29.980705
22.716642,-3.522980,24.964483
17.480036,7.489776,15.413101
-17.398224,-13.025442,42.578655
-15.543253,-18.549461,30.767094
-2.675026,-12.044113,6.355460
-12.297668,0.308780,48.296757
2.141619,-16.220392,14.704311
-17.447271,-28.084538,35.212070
-13.952248,-35.222065,37.717342
26.017313,3.585974,52.916595
-13.996486,15.348695,9.901369
9.162631,-33.940956,51.093784
-21.296951,-4.609810,43.069000
15.328803,9.151984,25.731657
2.678537,-25.349237,27.189241
-20.405119,-14.116616,28.142185
12.167888,-20.307844,19.053150
7.033215,18.673309,31.755043
6.634800,-27.036011,29.031952
8.386350,-25.931410,36.920254
-18.413589,-9.121015,33.759212
25.387142,5.026386,37.024876
-15.654819,12.489820,34.974770
10.240826,16.103634,43.850586
11.652106,-22.327723,17.282551
-2.032380,20.264133,19.936382
7.192683,-3.820125,9.099352
-3.521531,17.085005,45.260597
3.861141,-20.837515,22.913086
5.524900,12.491693,25.583450
-15.610082,2.398923,10.571479
28.425621,-5.600365,33.098354
9.159884,23.682430,52.806767
-8.946589,5.587626,39.224976
2.949102,-27.310904,25.528620
-6.972778,10.151282,24.694630
-18.564072,14.461806,12.917406
-11.248396,3.355949,15.474422
24.607407,6.718359,49.248390
-8.331299,5.747700,24.227682
-2.343517,16.766134,37.830246
-11.018776,10.740473,51.440292
24.379232,-27.465483,34.779396
12.647990,17.720001,35.989716
12.653876,-18.668793,29.691660
-14.863063,0.614611,21.193031
28.209654,-13.041253,40.811398
8.167045,-7.900172,5.808055
0.090904,10.691425,9.193488
-8.304289,10.096281,43.264832
-6.361218,9.152078,41.571678
14.178183,13.939057,22.093651
-14.063261,8.107587,39.838940
-17.904774,-0.183425,38.479378
31.716324,-17.889154,48.295570
13.528320,-18.826229,25.415091
22.505976,-27.450117,34.936531
26.608654,0.722965,46.896328
-6.099183,-10.988996,9.154691
13.976198,-28.855576,30.383642
-17.857533,-2.085502,45.229721
2.160519,10.594840,29.973108
18.344690,12.647083,27.521633
-7.898631,20.297266,21.916285
24.597046,-0.895299,27.177439
9.211152,14.686535,46.532513
3.588847,-25.824932,28.639841
-9.875697,-24.852592,25.415363
3.868147,7.885442,7.080954
0.621900,17.855579,46.857285
5.585830,9.846351,45.279404
-7.154875,-21.048840,22.078703
-12.375561,-23.494974,44.343327
-7.020009,5.614095,49.294762
10.681061,14.204851,44.073811
0.708872,-30.125204,31.040396
-15.191974,1.228137,38.478134
21.009127,-19.312765,22.113789
-6.479373,-9.686737,14.393485
-3.266743,16.147436,39.836258
-0.721235,18.327282,41.283535
-13.254135,-28.409040,38.575993
6.836421,20.441317,50.496014
36.696102,-10.236681,48.317421
2.379500,-38.478058,49.378998
-7.944352,21.208866,46.664738
-0.795208,20.945250,52.846504
-1.617130,-12.935601,15.966646
-10.800735,-36.988831,43.931870
-9.330938,-35.783783,43.470226
-2.474951,-15.134109,14.895968
-3.506557,-12.016670,14.619906
14.715219,16.035419,28.110067
8.251672,17.879599,35.738785
4.129355,-29.348818,40.095470
-1.254853,17.606546,18.192492
20.925501,-14.124518,31.725557
-7.480484,-26.329348,29.067268
1.430080,20.486263,23.300144
10.582812,20.898647,53.001064
35.497990,-18.116833,50.055531
-8.481348,-22.281912,36.490234
3.408461,21.915890,51.413319
22.026859,-24.655193,36.294926
-7.398902,-2.582566,10.909685
27.241549,15.283938,48.570889
7.576807,15.566163,43.920044
2.198485,11.672086,13.095831
34.581795,-22.938551,51.164635
-9.385873,10.590974,28.928707
30.127075,-5.962636,33.799847
7.238526,-21.547018,15.320270
5.288725,-19.882261,16.130295
-12.128839,7.521719,42.590679
-42.440891,25.980967,45.910854
-19.472029,-1.585029,35.912273
5.905270,1.373382,7.273152
-2.255936,11.578774,13.700647
-12.768121,7.043312,37.851528
8.075721,-21.364946,28.995155
6.131966,-22.469339,28.500242
-13.128883,-10.328548,35.937832
9.959320,6.425222,19.749605
-4.136430,23.424780,32.281582
-5.989698,-32.056705,45.370903
5.065392,10.648079,41.703247
2.757528,10.250710,43.159973
20.641315,-21.470301,45.457047
-13.869068,3.876601,45.776173
11.063109,-10.167004,12.222047
-13.509892,-19.252573,37.710999
0.755875,-11.413646,15.976134
14.127832,-7.298409,14.366693
-15.969828,8.263427,41.244621
-16.693300,-5.430325,18.534401
21.907473,-14.931690,19.561150
-4.138456,-11.144852,11.627882
-2.406348,11.625388,6.270185
-4.440378,10.099302,5.332165
21.156715,14.839844,44.061291
-9.397053,-23.416342,42.888191
5.084823,-29.634483,43.196995
17.851227,10.765649,28.097937
2.739373,15.210057,13.498694
-8.423712,-27.422062,42.148766
-3.133347,-36.461670,49.236252
-6.786731,19.906010,24.064322
7.210344,19.665010,27.632374
4.929980,-26.951654,33.836544
21.220303,-17.419235,31.802973
33.854206,-6.949107,36.295589
22.800409,12.248861,44.006359
-1.135963,-5.159583,2.470523
-4.954904,19.859825,26.597069
12.352859,7.964814,31.487543
24.165590,-10.454266,22.007874
15.562984,12.018399,25.317410
-6.755994,-40.064930,51.509777
-2.397540,8.779306,50.806328
7.841757,13.128190,50.431385
-2.232533,-28.440767,24.851683
-4.506330,-21.203897,15.787198
-4.525486,-13.069153,7.595989
-11.771911,-29.045267,50.327057
1.849059,-31.503134,48.323814
-1.719296,-30.136486,27.818258
30.712475,13.463486,50.975723
20.837908,2.914127,23.988489
-14.087331,3.372168,39.908852
31.635267,6.903982,50.766655
29.782482,4.731569,49.364357
16.913116,12.884095,33.928596
-8.937803,-2.152652,7.129254
31.944378,-12.635216,33.252529
-6.383456,21.022738,43.862614
33.463497,-18.163826,45.351765
29.193865,-28.478561,45.789074
-17.598558,-37.077480,39.555576
26.148441,-19.510283,50.816135
19.073566,-29.356277,32.144707
-48.270096,16.105717,47.452217
24.584513,10.336821,43.000233
-10.307195,13.713863,7.673982
5.814895,-23.461906,21.463322
20.208355,-33.611958,50.311554
17.233574,-35.808105,47.264381
17.740543,-36.349461,48.997066
-15.307084,-24.270134,45.062851
20.021877,-31.229233,36.679562
-16.106195,9.204807,35.614204
24.515038,-7.830791,27.379709
-4.119584,-28.159792,37.502098
14.206486,-15.727543,20.001993
0.008638,-29.696533,45.817940
-10.722985,13.849765,13.991396
-15.311446,0.096527,14.827252
-14.980545,9.997095,36.984062
17.945795,-20.229752,33.900238
-6.969245,5.345000,15.176949
-4.654909,12.746284,48.794674
-33.256367,25.968927,34.634209
-17.404783,-11.454700,36.719532
23.015039,10.633489,47.350540
-5.961818,11.210479,37.933403
15.371492,4.255033,15.318336
1.043411,-15.079945,18.671619
20.488697,14.745291,50.389259
23.247765,6.261553,44.165588
19.684683,-13.398452,29.402386
-0.082535,8.961207,7.000139
14.023319,13.006600,41.405052
23.692101,3.504340,22.133234
-8.312842,15.663709,13.666753
25.302996,-18.630690,52.786762
-4.905231,-33.738373,47.072388
16.289948,0.975971,25.429354
-5.676018,19.462168,14.525343
5.257853,-29.417889,36.631756
3.013680,0.032025,5.618425
4.898258,-35.021072,51.485107
20.106899,-19.884180,29.738527
-17.212297,-9.866996,42.235703
-4.640140,21.498562,24.425135
-10.995474,6.218786,29.999146
33.471432,-0.899097,38.246101
28.011583,-15.259027,40.443378
17.994652,17.357244,42.455383
-0.276343,13.286470,32.649014
27.356642,8.089873,49.544544
-11.366151,9.107970,39.637146
-13.261086,-15.988070,34.144848
-6.079092,22.698753,21.952421
14.091948,-29.628845,45.876190
25.213705,2.991846,34.187565
-11.905864,-22.076046,52.999722
-3.285072,19.768003,32.666786
-0.403379,16.306921,28.758091
16.841833,-24.886036,46.941677
-14.763464,-22.617962,44.903358
10.450516,-29.885853,50.129444
11.161443,-31.620413,48.904961
12.554880,12.926332,48.613136
30.882420,-24.184118,47.099659
2.181183,14.924729,24.418230
-3.666878,-22.692137,27.544312
4.518730,18.076952,41.206776
6.431906,20.140495,42.859558
-12.238078,-23.817842,41.420967
-8.042280,8.806404,10.337572
-16.182886,-3.331157,23.136578
2.790537,-30.241903,42.905003
-15.665030,-3.059581,15.607843
26.578283,-18.809423,35.305550
27.101665,-20.088051,36.478020
-2.581251,13.964194,42.135311
12.135707,-11.151777,19.849977
9.541183,-30.469416,34.140873
-20.284222,-18.377590,39.482407
1.463055,-27.653204,30.020350
20.936811,-24.179121,47.953018
31.800411,-12.541605,49.361938
-13.952110,28.552818,34.171799
9.847772,-23.493778,22.863525
7.162137,16.564297,53.112892
31.118216,2.184560,47.511391
18.010775,-9.931170,21.961226
33.075611,-16.856323,50.796570
36.103043,-15.981406,51.094448
3.141127,16.969398,44.230892
-8.055861,15.385345,22.444746
20.585577,-21.352783,32.593323
-13.022505,26.516422,26.999393
8.872692,-10.864739,16.715893
-11.732976,-0.593015,42.489658
33.080353,-3.787427,35.896645
13.505916,10.772603,36.204796
2.122094,-5.465552,8.638285
-17.111761,31.044975,42.322674
-6.485075,10.264630,35.941402
4.468184,19.855701,41.067142
0.469953,-26.545399,35.839699
9.475112,11.263825,11.575681
8.346464,16.954548,26.673958
24.121256,8.199587,37.926022
17.276667,-21.458179,26.009636
-11.600100,11.073349,33.866554
19.790297,3.400568,34.841801
-13.420979,-13.908337,22.591188
20.634441,-15.507568,22.200974
2.483868,-29.901360,48.918766
6.747991,14.845199,32.791302
18.426376,10.269000,21.707071
-3.825369,-8.639113,10.186735
14.945751,-10.657408,26.075321
25.479315,-2.500542,36.543655
12.502593,-6.677370,9.682763
12.146871,-26.652946,45.107601
35.235485,8.426750,52.891571
34.422031,-5.052710,38.522804
-15.783768,0.471271,18.155115
-0.043254,10.366594,46.612099
33.745617,-17.844515,47.856533
12.860011,-21.711649,21.258047
-4.038318,14.371782,35.488850
-6.958101,-26.346497,50.011906
-48.510330,-10.073404,47.763088
3.225492,14.706831,28.381935
-5.134460,14.514677,15.958014
-12.132732,1.283231,26.593864
-13.082253,-7.111063,48.838333
-13.742618,7.177679,49.201580
30.375257,-10.110076,52.792950
-10.984419,9.023203,48.577816
1.566594,-36.175652,48.463802
10.887195,-12.916745,9.353605
22.752045,-4.949724,29.308867
-4.542156,7.632303,43.641735
-12.473608,-19.811655,23.817947
25.855326,-10.782987,41.263874
-8.930902,-0.103457,14.852727
-10.467978,15.495046,25.773594
19.921341,8.953049,33.725132
-19.643997,1.651633,16.158194
10.627763,-30.558792,32.480289
-12.726034,-20.556597,34.838989
13.503472,-34.570858,51.691902
26.101303,-4.774789,27.566019
-8.482596,-36.734951,48.511509
-7.581624,-35.229935,47.079208
17.105547,-23.380732,43.135204
1.992929,12.481551,35.114029
-3.765300,19.598179,42.092060
0.331161,-31.633129,39.050674
-6.974624,-22.086544,19.060705
-9.530303,8.692016,24.595146
-15.841510,-20.560366,38.807968
-15.663158,-19.424551,24.388531
-6.288293,15.561185,23.765789
14.367957,11.461437,16.501751
-6.119516,18.072094,21.627020
-10.327971,-20.224110,26.187162
-4.478171,-15.429678,9.500641
27.360540,-22.685778,42.998371
6.600446,20.339819,39.575169
-13.829956,-23.333628,48.172855
-0.192649,-26.928686,31.404629
5.391128,-27.471663,50.955341
27.149834,-10.196365,44.929932
-14.361711,0.276437,35.273342
-12.335461,-1.522420,27.719147
-12.333527,-3.248576,27.203913
25.594091,-16.125883,30.664186
-5.737111,-18.868923,13.438419
2.024376,-22.886261,15.734700
-16.899799,-1.254706,49.566254
16.919064,8.190659,34.551289
23.827932,3.170005,28.508039
15.496332,12.629364,28.286797
-44.662540,24.507004,48.017136
10.084496,10.953947,50.150547
-11.048794,-4.552334,7.518357
10.777727,11.881077,40.698452
-18.378292,5.793251,50.193787
-3.340270,-26.346432,46.698357
-41.195358,-10.024700,37.096607
17.275002,-21.785686,31.817261
-8.537583,-18.576818,30.886660
-16.490538,-16.308022,32.447182
-8.416920,7.496154,7.293957
-10.097934,18.096527,42.997952
-19.215424,-14.667172,44.698360
-6.882290,9.699970,37.887699
24.639599,12.290437,38.350372
34.181816,-4.903633,52.847923
34.848816,-3.517102,51.012325
28.892235,2.172146,46.926632
5.681207,14.417373,23.798058
6.453332,13.760625,27.510456
-11.682345,16.331997,43.019379
30.426180,-14.166798,46.962841
21.245914,-13.827927,35.111931
-11.944411,-29.885893,35.880352
-3.826798,12.625083,23.264864
31.099480,-9.351092,38.227768
32.631912,-10.505072,38.789864
4.449795,-27.109728,42.609222
20.650515,-0.161726,32.728485
-14.055744,-13.404624,49.312473
0.185631,20.651413,38.643799
-4.541533,16.172087,44.028931
-4.089711,17.427372,46.801403
3.293243,-26.938189,27.155390
25.959326,1.326695,45.295143
29.078377,-13.855791,39.472069
2.576631,10.925863,31.641298
2.238752,18.085409,46.520451
-3.343457,17.758121,38.986889
7.232100,1.823344,8.233370
5.496183,-23.981026,27.931067
-5.284169,22.715099,33.442417
-4.015211,11.304728,6.364815
-3.136319,-20.133253,15.907972
16.434465,11.955846,32.730717
32.309628,-19.431179,44.954155
-19.091711,-36.195797,39.030048
-4.829602,12.346650,37.442421
24.159042,-19.843824,52.940346
-15.610617,-4.790019,15.966818
-17.242744,-2.512224,15.571133
9.765232,-32.030457,34.174759
-14.640740,28.613161,32.553638
-15.473782,30.714397,41.809612
-13.148487,-14.406363,21.026087
-16.316893,-1.016454,17.483133
-16.568686,-0.107287,19.410383
33.958344,-19.382551,48.034477
-8.037039,-37.081619,50.123863
-5.948929,-22.014462,17.800804
-40.122475,-9.340610,35.927620
-3.014100,16.732071,43.706276
