42.560230,1.685270,45.137630
43.491863,0.548819,47.415680
42.945965,-0.182506,45.355492
14.167534,28.537125,43.549526
16.514986,28.103531,44.069035
15.326215,27.583511,41.831112
-16.854258,-28.239513,36.445065
-15.746431,-29.682842,37.750168
-17.652023,-29.138969,38.066216
-38.781265,27.271730,50.308914
-39.962147,26.446648,50.773308
-39.670387,26.369040,48.594986
-0.002392,-7.016572,12.030888
-1.867713,-5.481779,12.698753
-1.613820,-7.428908,14.101995
18.496973,23.964828,35.464554
18.284700,24.960058,37.656681
20.311964,23.885830,37.022820
-45.853611,5.179134,54.591312
-45.452625,3.603497,54.217609
-45.401848,5.090571,52.720932
23.758183,8.964751,18.038403
25.147097,7.626899,18.414848
24.033764,7.232852,16.748884
-37.470837,20.881603,34.452637
-36.989586,19.631001,32.627029
-36.113396,21.957930,33.305080
-44.765659,20.734022,38.396862
-45.789783,20.361681,40.285110
-44.927696,22.057812,39.566971
5.057203,18.771664,56.015255
3.014810,19.542273,56.015255
3.169825,17.462780,56.015251
6.300393,24.739370,56.015255
4.323002,23.135229,56.015255
6.550197,22.452866,56.015251
-1.379746,-25.490549,18.860634
-2.186484,-24.543648,17.311504
-0.335427,-24.600388,16.680593
15.203069,-31.484221,32.409992
15.425300,-30.836782,30.884396
16.858675,-30.708029,31.770529
13.588869,-30.515417,56.015209
11.642963,-29.075308,56.015209
11.437220,-31.257830,56.015213
-1.992813,-14.786221,56.015232
-0.899538,-16.855684,56.015228
0.404817,-14.904009,56.015236
27.886204,16.092579,31.535147
26.532240,16.471569,30.290779
26.145433,17.729019,31.714952
-41.727081,-12.988854,44.028957
-41.900349,-14.944370,45.674347
-42.979977,-12.940102,46.092930
18.197363,-11.519736,48.951103
19.115850,-12.016733,46.712719
17.290081,-12.162306,47.101978
9.797935,3.803740,18.416491
10.106949,2.103145,16.836487
11.782319,2.050421,18.952831
-40.965179,-0.740963,34.670219
-40.361526,0.215778,33.246765
-39.531845,-1.893308,33.164989
21.383259,-31.770693,46.486214
20.289917,-32.179539,48.062107
19.260996,-32.550068,46.134239
-20.486675,-4.019501,32.725975
-20.208485,-4.771760,31.251057
-20.304373,-5.927773,32.839157
-12.557567,-0.412181,56.015251
-11.387788,0.450573,56.015251
-13.038070,1.188311,56.015247
-13.119155,29.965151,41.600529
-11.167523,29.610306,40.607872
-11.156366,29.722435,42.758007
-7.582232,-1.825405,24.712770
-7.712724,-3.661748,26.097626
-7.719978,-4.411375,24.367128
-45.419491,-2.973188,44.239056
-46.267643,-1.317487,45.099072
-45.147652,-1.406460,42.734997
-27.777792,-33.907951,49.112858
-29.870241,-33.642418,50.485367
-29.701788,-32.323215,48.145767
-34.850384,-20.647530,49.040607
-33.641518,-22.312439,48.749733
-33.766655,-20.852600,47.288654
-43.059902,-11.054907,44.927090
22.819189,5.854300,45.281509
22.375193,4.829628,43.074757
24.148165,4.514167,44.408772
-36.633099,-2.348883,35.762226
-37.385895,-3.196017,37.524632
-36.157806,-4.557513,36.615086
-4.330564,29.119785,27.189680
-3.629472,27.917883,25.286537
-5.416899,28.669352,25.439217
-7.203120,-6.748331,31.508726
-6.931387,-5.153450,32.104191
-6.713461,-6.359448,33.739300
-10.166923,28.510773,31.897085
-10.754885,29.028704,33.924900
-12.313069,29.108652,32.494949
22.101112,29.992035,52.860405
23.433893,28.927696,51.473766
21.372112,29.599754,51.227432
-44.236553,24.092566,56.015148
-46.942406,23.132769,56.015297
-45.075188,22.079062,56.015301
6.936087,-1.088988,0.967075
8.568541,-0.798131,1.578034
8.340311,-2.582386,1.540242
19.931557,30.513300,52.350376
9.510845,-27.734823,56.015213
9.479568,-30.047535,56.015213
10.897482,-21.191317,11.182641
10.526008,-22.354837,12.799855
9.084460,-22.004192,11.839392
32.004772,-3.475823,20.835674
31.966919,-5.816076,20.277353
30.819763,-4.074192,18.816416
-46.598457,20.890228,42.429470
-46.139275,22.935703,43.162899
-45.595299,22.356024,41.221073
-14.966386,-2.090490,10.055503
-14.382964,-0.163810,9.585082
-13.378686,-1.782352,8.187065
-6.186281,18.861143,14.358477
-8.915355,19.007708,14.618001
-7.244448,20.425470,15.617150
9.945071,4.959768,3.091513
10.595216,6.730592,4.138491
11.961970,4.956398,4.220681
-11.480784,-22.043791,20.439272
-11.909891,-20.894604,18.869724
-10.170968,-22.035784,18.808727
-30.572290,-28.834038,53.887844
-32.290989,-26.925135,54.733055
-31.011961,-28.722519,56.014927
21.867483,12.148602,19.297165
21.528986,13.635734,20.780684
23.159758,12.396000,21.025982
11.033655,-22.325571,56.015213
9.988482,-20.960424,56.015224
9.115271,-23.189297,56.015221
-26.189270,-19.465178,33.163811
-27.924898,-18.423641,33.572372
-26.547123,-17.869568,31.814291
19.156536,11.016100,51.417019
17.989592,11.935011,52.527756
17.417160,10.917347,50.688381
13.723580,-14.227460,43.224293
15.954198,-13.350317,44.475266
16.060593,-14.045681,42.456242
20.148287,-29.440041,31.908096
18.571608,-29.726706,30.918219
20.022352,-28.889082,30.427946
-30.290827,34.239449,37.617657
-28.584690,34.922493,38.643635
-28.267654,34.436157,36.606495
7.630624,-5.570660,12.860517
7.326825,-7.189769,13.646114
8.874354,-5.941740,14.158170
-43.749496,21.275259,49.818077
-44.125523,21.081944,52.168156
-44.701534,19.448038,51.464188
5.594466,-16.657597,5.935972
6.747020,-18.295631,7.311507
4.362242,-18.471973,7.282102
-32.506084,31.788822,33.502487
-33.177174,32.397259,35.551567
-31.540205,32.862148,34.900215
-7.779930,-26.235754,56.014923
-8.311172,-28.780199,56.013321
-6.261258,-28.210058,56.015224
-14.148877,-22.007437,23.755598
-15.737886,-20.287457,22.941227
-14.266481,-20.984188,22.119684
-11.876948,34.136742,37.045944
-13.360775,34.330055,35.994236
-13.179708,34.518265,38.505596
9.879101,-34.884243,50.414078
11.387637,-34.291542,52.326004
8.982362,-34.714642,52.818962
36.869087,7.209166,36.153152
37.818249,7.832473,38.485023
38.185772,5.862338,37.673820
-31.045649,31.716394,31.874336
-30.705824,30.863251,30.035173
-32.722492,30.534204,31.438126
-9.628548,34.085987,48.518284
-11.209958,34.475243,49.216747
-9.045586,33.986797,50.158276
28.020559,25.557016,48.819859
26.106800,26.238010,48.055199
27.138775,26.780762,50.596531
-7.478850,-36.587200,48.357487
-8.347007,-36.228546,47.053970
-6.688283,-36.223610,46.903545
38.240765,-18.933743,39.388470
39.461922,-17.440720,40.093666
38.863411,-18.884401,40.986225
-15.489366,11.506096,44.790203
-15.609781,10.892662,46.861740
-14.325907,12.780563,45.736958
14.741306,19.102324,22.441025
16.568960,18.283813,22.674736
15.623777,17.906242,21.219044
-28.144312,-19.340139,40.810139
-28.264713,-17.681952,39.267708
-30.021984,-17.729784,40.795372
-16.279734,24.178350,22.302553
-15.012526,25.592373,23.795162
-17.545446,25.235838,23.602028
19.592607,7.642221,45.826900
20.966124,6.272497,44.375504
21.651484,7.114798,46.440304
-21.099022,-28.361408,38.974293
-20.851995,-29.833471,40.480434
-22.547283,-28.700857,40.048500
22.309963,-11.963647,36.379044
23.849442,-10.404107,35.298470
22.038359,-11.474817,34.360664
5.123100,16.856388,56.015251
4.077376,15.047475,56.015255
6.343265,15.470784,56.015251
32.519756,-17.533661,27.350313
32.151672,-18.997211,28.487429
31.202461,-18.821051,26.731560
-34.675457,29.198160,56.015289
-32.398861,30.133018,56.015293
-34.209793,31.410362,56.015297
26.987894,-26.447401,33.997730
27.775139,-26.678558,35.939400
25.580574,-27.752827,35.200802
15.875900,29.222538,56.015251
16.753832,32.184982,56.015251
14.256219,30.725548,56.015259
-27.356796,13.765960,22.896191
-28.865658,14.637945,23.922520
-29.056635,12.972982,24.021606
-18.477928,22.804634,18.041842
-19.619574,21.373423,17.654518
-20.000210,22.954313,18.476334
-1.646163,17.997343,13.499282
-0.652489,19.158684,14.793474
0.785731,17.960876,13.563889
-34.357513,30.294285,32.801281
-34.247028,28.979090,30.792515
24.844574,9.916067,53.664700
23.535778,11.589869,54.830627
22.504343,10.761255,52.814087
-34.133022,-25.935953,44.701477
-33.980366,-27.702141,46.273113
-35.857185,-25.819494,46.329224
-1.246481,-34.904575,41.022087
-2.467806,-35.283016,42.716152
-3.277229,-34.632561,40.833389
-11.170299,19.639011,18.938385
-9.228993,19.249233,19.564806
-10.266577,21.334173,20.115261
38.826107,8.456000,40.936001
37.376186,9.970306,39.458324
-14.454387,13.874785,27.036446
-13.557458,15.197726,28.444361
-13.145033,15.076523,26.457062
-18.610287,3.144708,49.449249
-19.070999,1.435128,48.611874
-18.668671,1.964295,50.785629
-4.851861,23.112097,18.340534
-6.458450,24.292854,19.201847
-4.155219,24.261713,19.792786
41.416695,6.890450,45.486225
40.796371,7.641058,44.571308
41.073025,8.795212,46.269855
-49.424248,18.398788,50.477077
-48.906540,18.714005,47.977482
-49.512642,16.525091,48.966362
-37.121315,15.183081,26.408819
-38.471004,15.608122,27.812092
-37.381275,16.934084,26.863794
-25.995035,30.769627,47.950680
-28.087635,30.303179,47.044308
-26.202971,30.240440,45.855434
19.374298,21.437431,30.842735
21.388111,20.433739,30.954784
20.521978,20.120199,29.508549
-17.411526,33.211876,28.775429
-18.152155,32.582489,27.227188
-19.986620,33.261787,28.806581
36.515919,-21.618280,40.455036
36.230370,-22.545759,42.389263
34.864464,-23.119431,40.379227
-11.401348,17.541325,32.113560
-12.370641,16.561819,29.881052
-13.292756,15.831921,32.236626
-33.133961,9.177564,23.274221
-32.049835,10.403115,22.449459
-31.610292,7.799278,22.404093
-6.374824,26.780901,38.914207
-5.938063,24.922129,40.065937
-6.210700,26.221588,41.363811
18.912975,-31.067112,35.098080
20.971750,-30.515205,36.327656
18.863184,-31.643055,37.208317
20.581116,-31.989412,44.425465
20.084454,-32.033489,42.451359
22.033167,-31.280340,43.145149
-15.643425,-26.091301,32.509167
-17.200325,-25.840647,33.449974
-16.627787,-24.980749,31.678375
32.772869,16.256418,38.690849
33.056217,17.471666,40.780102
34.059227,15.735163,39.956085
-3.203465,32.709900,47.902611
-2.604696,32.459339,46.142895
-4.608301,32.871372,46.163738
41.107811,10.452454,48.133949
40.286476,11.029149,46.565548
40.142220,12.335864,47.798042
-0.712592,16.864450,12.335682
11.619545,-26.456324,56.015213
39.712513,-11.651488,35.969910
39.782375,-14.035087,37.402798
38.753193,-14.232971,35.317478
13.505387,-4.386017,4.195857
11.736573,-5.183793,3.294797
11.985972,-2.958765,3.242652
-5.190989,20.501173,15.772962
-3.130335,20.570091,16.045645
-4.179324,19.464769,14.876705
2.454710,3.074500,51.798130
1.621879,0.854254,51.738476
2.783752,2.189305,49.743584
-40.863068,-10.896733,54.879395
-40.907055,-11.064441,56.015171
-40.160854,-12.795681,56.015263
-11.147774,14.848390,51.991486
-10.419636,14.982467,54.126118
-9.522478,16.523626,52.705738
7.558047,7.642644,43.743164
9.708097,8.315356,43.331409
9.112108,8.312366,45.293686
-42.586391,27.211149,40.408276
-41.779579,26.771175,38.183720
-43.248020,25.240574,39.118797
-9.250525,9.868692,9.291430
-7.637085,10.389675,8.825431
-8.295339,8.615511,8.047751
-1.365621,10.180776,28.376734
-2.587260,9.024747,26.728378
-0.754639,10.293633,26.436050
-45.731838,25.061546,56.014622
-44.426567,26.717794,56.015015
26.619026,0.923696,42.335766
28.044048,-0.769291,42.866631
27.868240,1.130457,44.626892
35.311329,-10.302188,27.029795
34.409317,-11.694402,25.923460
34.629738,-9.276709,25.419361
-30.096037,-19.525764,42.404755
-30.505365,-21.193790,44.089092
-28.383938,-21.364597,42.740017
-32.479427,24.098326,30.809216
-31.778273,22.429819,28.335985
-30.522408,24.719290,29.448664
12.531980,6.928916,5.331492
14.631480,6.977146,6.859577
14.152763,4.984457,5.605590
-4.784382,-13.701040,5.226573
-6.406505,-14.162476,6.213548
-6.649662,-12.582210,5.318445
-6.221281,25.896400,36.601555
-6.918635,27.397306,37.346809
-26.243311,-22.529518,42.530945
-26.337255,-20.759197,41.024002
8.673693,-33.612087,35.255882
7.637667,-33.047562,33.253555
10.041438,-32.933708,33.547398
-1.216185,15.477696,10.973563
1.318133,16.162693,11.489470
24.289078,-29.506739,56.015198
26.744587,-28.623041,56.015202
25.301497,-27.450090,56.015202
-35.951878,-21.167633,54.603535
-35.678337,-21.824163,56.015251
-35.052170,-22.660370,54.159016
-16.925097,35.819843,50.160435
-18.420799,36.177074,51.082298
-16.452244,35.779926,52.041317
-11.314080,-36.683105,48.717243
-9.135371,-36.673027,48.606720
-9.820436,-37.066235,50.120583
-44.168484,6.423616,47.033257
-43.725525,6.793370,45.295063
-44.201347,8.252771,46.248959
26.469629,-4.007609,13.759462
25.701010,-1.791493,13.560619
27.144428,-2.284996,14.882965
-31.708084,-32.251278,49.966377
-33.346001,-32.023052,52.003891
-33.711418,-30.725298,49.916130
1.188809,19.618563,15.650400
3.074675,18.648365,14.783308
43.274239,7.730354,56.015144
43.576984,7.070006,54.100475
42.949089,8.999965,54.411621
-3.231967,-31.861073,33.632759
-2.301283,-31.572580,32.351566
-1.106875,-32.496033,33.904346
-33.550087,-17.805265,44.290104
-33.368652,-16.163578,42.725872
-34.965099,-15.990969,44.516338
10.953675,8.659023,5.378726
40.789383,-11.869852,38.640678
-5.280825,-31.505728,34.170464
-3.469837,-32.610031,35.568436
-7.274399,-31.220015,34.943542
-8.047105,-32.139656,37.311272
-9.340359,-30.818026,35.564922
14.542596,-10.135587,21.411510
15.001304,-7.924166,20.359001
13.399302,-9.525758,19.816792
-31.382107,-6.925951,27.055840
-32.053288,-5.365533,26.764130
-30.500048,-6.116012,25.808094
-32.800907,-8.986059,29.873259
-34.826546,-8.455106,31.617685
-34.045444,-7.212633,29.873646
37.198044,-3.995875,30.408346
36.286835,-2.472830,28.990644
37.189098,-2.316955,30.866575
22.152216,1.750463,37.082802
23.378654,0.356569,36.466946
23.496252,1.161596,38.033100
11.577605,8.401820,43.009422
11.290542,8.756111,44.983578
-43.032803,1.479992,37.010643
-43.984165,1.667984,38.706711
-43.650089,3.203491,37.359459
-6.126279,-7.593805,21.297224
-5.332000,-7.014305,19.354340
-6.649072,-5.347799,20.634403
10.283985,-31.462770,29.778955
8.040961,-31.672981,29.772755
8.825207,-30.753998,27.885059
42.288876,10.670967,54.648483
42.567207,9.665266,56.015358
17.973215,14.305288,55.998428
16.082317,13.133550,54.201508
18.729282,13.049662,54.365242
9.909934,-15.257964,24.667097
8.328254,-15.998005,25.711145
10.194898,-15.755469,26.531452
-15.834393,-34.025452,54.162086
-14.341635,-32.802311,52.956306
-16.471781,-33.100796,52.106808
-6.189231,25.764685,43.509148
-6.257696,23.578903,44.056675
-6.320060,24.598244,45.745102
-27.586529,22.357088,21.306219
-28.513573,24.324354,22.662491
-26.585228,24.698755,21.803364
23.854424,-10.267401,49.802048
24.942560,-10.078399,48.230141
22.907173,-10.934212,48.089802
-22.136726,30.583008,45.752327
-21.670612,30.190556,43.807262
-19.910387,30.511686,44.893635
26.866968,-7.726848,51.927284
28.182032,-5.786265,52.381771
27.714199,-7.239243,50.078114
-10.983698,-35.956776,46.730465
-9.915611,-36.272930,47.389725
-0.574481,-35.330917,42.474483
1.055734,-35.593826,43.485363
-1.149076,-35.789104,44.572033
13.954176,18.609964,56.015247
12.462177,17.405819,56.015244
14.086899,16.324810,56.015408
41.353409,-16.938835,46.166519
40.247204,-18.372087,44.390591
41.128181,-16.113068,43.518028
-38.663158,-8.955324,44.399311
-37.285351,-9.816591,42.662853
-37.879135,-8.033748,42.137245
-43.350502,-4.279757,40.942951
-44.191254,-2.524623,41.460918
-43.379772,-2.551808,39.924370
7.526863,31.267406,48.198498
9.456348,30.856903,47.607197
7.507127,30.784582,46.247326
16.535349,6.877564,8.395969
16.343098,8.710497,9.469831
18.074799,7.894413,10.592245
-11.709646,-37.455154,51.431732
-9.338085,-37.413719,52.098736
-10.907140,-37.795963,54.049942
-19.749382,-13.000218,34.878609
-19.956905,-11.685183,33.338455
-20.497015,-13.751872,33.055225
-31.258486,5.184825,22.560249
-29.701593,6.306758,21.397688
-29.679506,4.475157,21.678513
-33.926109,11.513721,23.684040
-35.133770,13.031378,24.577826
-33.824734,13.818316,23.617769
-41.741135,29.630690,56.015263
-40.195858,30.996807,56.015297
-41.269798,30.812683,54.280857
41.827187,-8.210078,40.466503
41.319832,-5.820812,39.180538
42.217751,-5.982302,41.605358
23.005978,-20.399590,17.593517
21.418015,-21.806698,18.220144
21.338556,-20.665504,16.455786
2.506591,1.274302,47.618042
3.613615,3.463215,48.212944
-36.882748,-23.823824,45.664524
-35.428707,-24.598108,44.735043
-48.212238,21.139452,47.985863
-48.122253,20.077934,46.172363
-10.721485,18.109596,30.050371
31.327379,3.101424,56.015224
31.751057,1.336271,56.015217
33.298759,2.452945,56.015217
38.041260,-6.946667,31.735710
37.397156,-8.427936,30.502644
37.118576,-6.209464,29.913862
-33.649517,33.098698,37.847187
-33.026772,33.943600,39.435490
-31.897959,33.944332,38.247303
-13.399704,-24.549309,46.688473
-13.740936,-27.009207,47.307117
-12.039661,-25.955021,48.296093
38.272449,17.765518,53.171047
39.205578,16.505516,54.408710
39.276989,16.144638,52.486454
-25.096186,23.704971,20.623062
-25.520704,21.390856,19.913363
-50.380455,6.872601,54.135693
-50.478180,8.684609,54.591602
-50.379749,8.647261,52.927963
42.153828,-9.866427,56.015228
43.564053,-11.412767,56.015015
44.102207,-9.386642,56.015205
-28.898325,36.043617,43.833160
-28.128849,36.383038,45.505547
-26.921721,36.220718,43.998123
-34.780178,2.673665,30.674284
-35.701107,1.187721,32.440224
-34.015987,0.270942,30.792997
-30.539635,14.091169,21.452480
-32.044609,12.754029,22.364510
-32.189766,15.067154,22.543072
-18.367672,7.384080,41.480095
-18.986122,5.437386,42.284081
-18.217508,6.721728,44.193386
39.116894,-7.633825,33.926800
39.935219,-9.218753,35.838585
38.941467,-9.997391,33.874374
-12.424414,34.804737,51.155674
-10.600153,34.353821,51.811203
-32.943058,21.806913,24.475170
-34.802891,21.546293,25.837805
-33.931061,23.572645,26.018179
-19.095474,-7.608871,49.887691
-19.238832,-9.067442,47.810059
-18.665453,-10.092346,49.578304
5.041296,22.159084,20.795534
6.704766,22.589968,22.592937
7.721526,21.513510,21.355946
38.949383,-9.365438,56.015198
38.919933,-7.396009,56.015202
36.649437,-7.947099,56.015205
-39.500130,32.708504,48.420425
-40.995144,31.559622,48.969135
-40.222256,32.240936,50.389164
1.064506,22.690348,19.633240
0.721725,24.088497,21.515465
2.863535,23.569439,21.856487
-9.663353,29.253946,43.465477
-9.469259,29.152899,41.851048
22.676851,3.396217,40.840611
24.786243,2.189922,41.512135
24.008465,3.515076,42.634480
-34.892731,-19.200872,47.394909
-33.633251,-19.350052,45.696762
-35.042290,-17.643635,46.099022
-48.704540,-6.555298,56.015240
-49.156425,-4.536936,56.015244
-48.788570,-5.336831,54.407650
29.632063,-3.380010,49.504620
29.246225,-4.004934,51.132477
29.766018,-1.741630,51.756725
-30.671289,-30.736795,46.792076
-32.127899,-29.401922,46.392296
-30.081921,-29.468117,44.877750
-42.668907,29.519140,54.295048
-44.154690,27.945208,54.275864
-43.065750,28.250937,56.015129
8.930269,-9.502525,16.363869
10.344516,-10.362253,17.977327
10.549191,-8.163007,16.676832
37.552868,4.530626,35.426033
-0.056282,-34.542515,39.315674
2.179920,-34.804901,39.662125
0.685606,-35.119488,41.341236
-35.306923,-31.136564,56.015247
-36.305450,-30.176081,54.670830
-34.791912,-31.445253,53.833111
-44.832031,2.801541,52.331745
-3.806859,-14.345513,34.933365
-3.063004,-14.459929,37.126808
-1.834198,-15.480490,35.227215
33.204826,5.062552,27.595875
33.517365,3.235990,26.740149
32.413750,4.442280,25.728027
-16.130131,-22.703951,43.980942
-15.495541,-24.521114,45.050232
-14.426971,-22.572931,45.628895
11.605379,13.591549,56.015171
11.527954,12.790117,54.775986
13.646785,14.103141,56.014496
-44.674385,4.420330,50.324120
-43.956741,2.895539,48.741398
-44.077740,4.601539,47.850021
-3.066018,1.355888,11.700375
-2.557658,1.038559,9.623086
-2.683430,2.820932,10.946037
-10.305433,34.152374,53.955292
-9.052105,33.978855,52.498779
-19.432001,7.493606,19.209011
-17.562109,8.952325,18.991264
-19.811098,9.342203,18.961952
-41.286411,6.859854,32.029465
-42.169823,6.071707,33.647861
-42.050648,8.203339,32.872799
-22.659546,-36.564846,56.015244
-23.441807,-34.478107,56.015205
-24.470295,-36.256790,56.015255
-20.055004,-5.892652,27.750723
-21.097105,-7.707650,26.683184
-20.232227,-7.697369,28.443424
26.298708,19.010366,33.948753
24.409218,19.368433,32.358013
-10.721281,33.436340,34.057270
-11.838977,33.943962,35.493385
-10.011555,33.615696,36.570877
-26.076302,-29.113249,48.053032
-27.892105,-27.911798,47.989063
-27.662046,-29.371086,49.560837
-20.119591,3.252581,39.159977
-19.964972,4.550919,37.661194
-20.541315,2.376126,37.274269
-18.030775,23.635649,22.105711
-50.215759,12.712663,51.174240
-50.236778,14.497087,52.518578
-49.957462,14.550058,50.234581
-38.142025,13.576880,27.327288
-39.910957,14.352841,29.366428
-0.470429,-22.537001,12.893828
1.439598,-23.000828,13.259842
0.109127,-23.698942,14.812508
23.387968,30.292526,56.015244
23.516293,27.942411,56.015244
25.383293,29.305706,56.015244
-10.670300,22.916250,21.416372
-8.884448,22.279655,21.832441
34.459305,-25.222237,50.814812
35.721161,-24.198969,49.120384
36.230354,-23.867546,51.557423
13.260209,3.186058,23.273510
13.802718,3.326175,24.982897
12.354379,4.457168,24.733736
15.764058,26.107643,38.331623
13.648282,26.213074,36.796791
13.454093,26.919609,38.564571
2.105897,4.225214,53.370728
2.742952,6.284639,54.280106
1.266545,4.871660,54.899681
-17.951756,-12.243934,49.480667
-18.634230,-11.246410,47.915558
-20.171291,25.723532,20.054722
-18.434116,26.234726,20.081087
-19.254585,24.395716,19.061449
4.791505,32.034058,50.790676
5.068721,32.225582,52.668827
6.784739,32.053020,51.724796
39.499638,1.355705,37.494194
39.994732,-0.723895,37.548573
38.980125,-0.029776,35.625233
-1.255995,-32.354519,56.015228
-3.017874,-34.121326,56.015190
-1.196957,-34.250813,56.015232
16.193542,-8.972417,6.213286
14.249209,-8.998428,5.171892
15.874673,-7.060823,5.751289
38.822586,-19.856995,42.915081
37.502945,-21.179913,42.141788
37.909939,-20.159954,40.783276
-7.350255,-1.889299,27.322760
-7.571087,-4.589756,28.095081
26.987457,-7.547929,13.906991
28.136742,-9.284928,15.243914
26.377907,-10.093423,13.589067
0.432273,10.907252,27.889425
2.272763,10.979574,28.136185
0.397753,10.807171,30.023369
33.292431,20.529884,56.015228
34.917427,19.412296,56.015228
35.406467,21.285137,56.015217
-47.697586,-9.393312,53.911308
-46.754211,-10.560529,52.155289
-47.069660,-11.396796,53.846176
34.623154,8.875380,33.494473
33.507904,8.928696,31.643616
33.252441,10.486474,32.733234
-33.148136,-21.027098,39.928482
-33.412842,-22.646643,41.384518
-34.524052,-21.098665,41.148445
-32.580620,-16.689196,36.011383
-31.602442,-18.713623,36.839436
-33.614471,-17.709461,37.771774
-21.304634,-26.907759,37.530060
-19.219639,-27.805376,37.330677
-4.756663,33.022408,48.200184
42.055149,-15.334270,56.015232
41.300472,-17.424383,54.697872
42.285686,-15.956516,53.385319
-4.649756,-2.738337,56.015457
-2.299230,-1.472729,56.014832
-4.193400,-0.062739,56.015522
-4.283195,-14.719089,56.015236
-6.536319,-13.724946,56.015240
-6.528913,-16.205729,56.015236
-26.619932,29.745600,44.078384
-24.121468,29.966707,43.782902
-14.978598,12.448416,25.085478
-13.730822,13.285095,23.358341
-15.426784,10.715786,22.792488
20.226049,-14.793393,56.015217
21.864075,-16.223938,56.015217
22.305227,-14.167479,56.015213
-17.907719,-13.034461,47.832199
-8.987123,21.172220,16.163881
-11.425910,21.989912,16.767929
-9.397156,23.344259,17.849621
-0.656642,-10.682377,2.541762
-2.556610,-9.251970,2.222231
-0.465555,-8.468967,1.606823
-0.481639,9.419828,32.428165
1.952941,10.452410,32.380810
0.861527,9.004745,34.322304
-39.227993,12.208426,28.535961
-37.700897,11.089784,26.902430
-39.323120,10.110475,28.792707
-17.422783,5.963099,51.592827
-16.358751,8.282095,51.548687
-17.114262,7.687909,49.084354
-3.887279,18.246130,13.778916
-21.038822,-38.067493,54.182735
-22.976398,-37.299171,52.862980
-21.085730,-37.394348,52.186333
19.443211,-5.268754,24.388437
20.541340,-6.200783,25.889519
20.838913,-3.861401,26.459034
33.273319,17.930244,56.015232
-35.342312,26.414310,41.224667
-36.853756,24.723158,39.456886
-34.702267,26.063105,39.346283
-3.512129,-24.731413,18.418392
-5.058110,-24.794609,19.550196
-5.266531,-23.932117,17.924942
-12.851434,-19.568521,17.904032
-13.501296,-20.527815,20.312582
-14.728088,-18.810236,19.311392
-14.079170,29.681541,36.529976
-14.250047,29.773611,37.928761
-16.026861,29.733789,37.173100
-4.552826,-36.873142,51.100639
-6.855072,-37.220497,52.731255
-7.724748,-36.986961,50.140095
-44.647411,6.227198,48.947094
-9.375066,18.880922,37.996666
-7.865255,20.512964,38.498264
-8.667049,19.816866,36.465405
-4.314918,-7.944645,2.158223
-2.396479,-6.616840,1.212144
-7.775825,30.878084,56.015282
-5.387546,30.750748,56.015270
-5.908231,32.697807,56.015156
-17.692692,27.980211,21.396044
-20.006594,27.310287,21.120392
30.477718,-22.685614,31.412254
29.707344,-22.127975,29.293898
31.726065,-20.775890,30.257870
5.047118,28.258438,34.824554
2.947930,29.023582,35.063564
4.299548,29.029919,36.697983
13.923971,23.880566,31.091551
12.842613,24.952087,32.767529
14.589982,24.393990,32.948208
1.325335,6.531779,1.746651
-1.127712,6.092543,1.932878
0.269921,8.250271,3.230476
-20.660023,36.506657,49.937119
-18.380533,36.038662,48.903976
-20.168222,36.251888,47.681858
8.292554,-16.522064,28.122370
6.933060,-16.892406,30.083712
9.228990,-16.659029,30.425417
-7.199767,22.655441,30.264441
-7.834137,21.283899,32.571815
-6.658149,23.696115,32.446552
-27.961929,-2.043363,26.160336
-25.717663,-2.646961,24.993240
-26.958565,-0.852628,25.097115
-4.775587,15.332357,11.443357
-3.046955,14.914179,10.717970
-4.421463,13.624238,9.953950
-26.901674,-32.623173,56.015240
-29.449533,-32.596233,56.015224
-27.817963,-34.235344,56.015305
8.309270,32.287235,53.873604
9.705349,31.948164,51.861965
-11.753147,-4.872586,6.305604
-11.252140,-7.161955,6.220517
-12.824052,-6.195577,7.657543
-2.995166,6.166289,19.898083
-4.198053,5.299916,21.386478
-4.066515,4.643360,19.230303
-38.549084,-25.856890,50.364899
-38.132629,-27.267597,51.898109
-39.377460,-25.859194,52.287361
-11.678999,26.840628,20.689135
-9.332767,26.587126,20.960638
-10.550609,25.282024,19.394554
5.962696,29.102489,38.779243
6.441090,29.590885,41.010044
8.294390,28.942019,40.348793
-13.095705,30.233057,44.477833
-15.704584,30.273149,43.108906
-6.279170,-23.889540,56.015160
-8.161572,-23.628967,56.013889
0.699707,8.208854,19.155962
-0.770032,7.311184,17.588352
1.221319,7.834709,17.429731
-12.426915,-21.059223,49.369640
-13.224568,-22.016895,47.219280
-11.852145,-23.568645,48.509331
-44.167107,1.955068,50.406200
-10.471696,-1.373752,5.135730
-9.288346,-2.565047,3.942690
-10.345595,-3.686652,4.880342
-28.127493,29.787806,45.062046
-28.148127,29.295570,43.202778
2.719637,-16.626875,28.919645
2.339687,-16.759789,31.374594
4.421989,-16.934002,30.728930
-23.827181,-22.761761,41.917866
-21.643970,-22.567480,41.537773
-23.189199,-21.728472,40.866737
29.055166,-1.151958,44.876518
-18.339083,-19.427269,40.792973
-19.758900,-19.567329,39.475117
-19.388733,-21.641962,41.299297
-9.743609,15.156540,56.014469
-11.076294,13.593852,56.015110
-8.806340,13.017877,56.015259
-43.180504,6.264448,43.810741
-43.536980,8.325338,44.049225
-5.120366,-9.599513,21.687967
-6.523177,-8.628893,23.545530
-5.126696,-10.818210,23.535004
-48.442791,18.168413,45.792103
43.555519,-1.796109,46.719032
44.194141,-1.627774,49.187149
43.995693,-3.343021,47.963451
44.376541,-8.644238,51.290020
44.322262,-7.132484,49.769531
44.655262,-6.622661,51.789852
-33.630638,-10.307158,31.748848
-35.145042,-9.923316,33.108528
22.370644,9.917461,51.450535
24.013088,9.147721,51.594208
11.178851,-7.461068,3.421289
9.299722,-8.058001,2.825610
9.825649,-6.082940,2.573514
-40.385571,-3.192065,35.217133
-41.870388,-1.533786,36.605709
-25.049068,-4.741644,25.519106
-24.062031,-3.475423,24.564274
-20.311123,-36.832275,50.631405
-19.048294,-37.705914,52.371582
-27.832708,22.756731,25.570000
-26.643435,21.168457,24.036463
-25.721428,22.995533,24.564373
-16.494490,8.544409,13.009796
-15.522932,10.521405,12.783406
-14.273604,9.439845,11.818134
-34.514790,-28.630625,56.015263
-36.903759,-29.539799,56.015278
-17.148996,10.898425,18.589504
-18.634647,10.631688,18.601997
17.040180,7.504037,43.652714
17.531143,8.064901,45.271759
15.523623,8.284774,44.549122
1.323559,-2.429042,47.674320
1.477139,-2.230734,49.512634
1.232883,-4.152795,49.202259
-18.802919,3.536371,47.302155
-6.917178,27.360798,42.526768
-7.188808,27.610079,43.949184
-8.247164,28.540771,42.987991
-20.061327,-2.144168,45.135757
-20.291082,-1.484336,43.325432
-20.449461,-3.911619,43.197681
-14.963559,7.163912,11.680305
-15.857316,5.047606,11.965886
-17.043205,6.278390,13.084836
30.315723,-27.516581,46.377541
32.777706,-25.979584,45.992016
31.890581,-26.760374,48.022579
13.409692,-33.836472,52.119232
14.576141,-33.822762,50.090908
15.645855,-33.273254,52.073124
42.753696,-12.934139,45.998383
41.973125,-15.078506,45.408119
42.065598,-13.874350,43.947021
-28.458307,2.484255,21.278387
-27.611334,0.011593,21.294575
-29.734329,0.358656,22.632170
21.983755,25.267538,41.775536
23.563200,23.758717,40.027000
20.472576,24.833584,39.351040
23.699888,-28.315918,33.758453
23.796057,-28.819618,35.385014
22.348869,-29.396784,34.791840
9.033491,24.767183,28.936470
8.469120,25.751028,30.871679
10.392720,24.757490,30.109886
25.950529,28.758793,54.397697
24.011436,29.576750,53.898716
-1.628282,-11.893011,42.886215
-2.175053,-12.539027,41.804111
-2.572671,-10.549111,42.523251
-2.136203,-28.151897,24.656616
-2.481437,-27.159252,22.784283
-0.724024,-28.070217,23.787922
15.228808,3.965524,30.403284
16.304586,2.837738,29.490166
16.918482,3.101404,31.415998
-15.687078,35.169514,41.922100
-13.345629,34.679958,40.834496
-15.357714,34.980759,39.404678
-32.277382,-24.378197,41.886833
-34.113956,-24.135931,43.149067
-17.927713,7.848836,26.366318
-16.466043,10.524814,25.667839
-16.780561,8.768317,24.012520
8.923614,8.402993,4.312332
15.986797,-15.982597,8.530790
15.322125,-14.676231,7.506371
17.343542,-14.436735,8.445758
28.590767,-25.504206,34.264259
30.307076,-24.410282,34.587311
29.810530,-25.432808,36.212639
-37.500420,28.661821,34.182362
-39.035549,28.299150,35.795135
-37.313278,30.017530,35.981716
19.529369,-27.724916,27.369453
18.761473,-28.882986,29.146227
17.051821,-28.671938,27.310568
33.585907,-11.024590,24.027843
32.164089,-12.659538,22.293163
32.467804,-10.346591,21.660234
-11.781693,16.891474,35.968971
-10.840503,17.499237,37.747536
-10.034605,18.438503,36.295864
2.235921,-27.318474,21.360920
4.019038,-26.643110,19.810078
4.597755,-27.421064,21.250788
-23.953720,-1.674633,19.152426
-21.992250,-2.879988,17.857553
-23.584234,-3.575038,19.330528
-43.522285,-15.196640,48.739048
-42.882820,-14.589372,47.098724
-42.138298,-16.432924,47.184376
-5.266005,3.225818,29.913370
-5.081322,2.298127,31.442034
-5.868766,1.196784,30.279566
39.522400,-2.082715,35.903587
38.544098,-1.438112,34.011517
-37.184456,-10.759599,36.120399
-38.568737,-10.799522,37.915443
-38.311275,-8.725271,36.026005
1.078622,-19.434805,8.374013
3.458242,-19.896414,8.641028
1.835429,-20.693836,9.715739
-40.725243,11.590979,30.429920
-41.439507,14.266941,31.421236
-42.658463,4.386205,43.338078
-43.447155,4.674745,45.566227
11.862683,15.458350,56.015247
9.900902,14.704699,56.015247
4.657050,-9.979740,14.534930
4.719713,-8.336395,13.060613
2.731281,-9.762684,14.008644
18.946732,-11.494471,29.041094
19.288757,-9.686316,26.860395
17.467232,-11.542603,26.787331
30.875204,-2.068809,19.512836
-9.064648,18.620289,44.014336
-9.674256,18.111765,42.046131
-10.337161,17.204035,44.342972
-17.250753,3.979988,13.037962
-18.317917,5.355088,14.010100
-15.930995,-21.068756,24.460287
-17.184492,-19.769798,24.062691
-4.127069,-36.314445,56.014214
-6.207314,-36.739243,56.014805
-4.931453,-36.944286,53.843876
-43.231655,22.690544,52.009987
-43.782734,21.748722,54.048183
-16.714359,6.524705,54.003128
16.439262,-4.823167,5.921648
15.282195,-3.295464,5.169086
16.672615,-2.910239,6.069562
-8.031141,14.160635,11.371016
-6.293766,14.283821,10.987175
-7.135817,12.638709,10.113385
40.636829,-14.127962,39.590401
41.404591,-12.503667,40.631222
41.441662,-14.085945,41.968304
27.564367,-28.015848,40.132469
29.071589,-27.470991,41.673183
27.464046,-28.539898,42.497643
-15.187279,-19.619148,21.142706
-16.359705,-18.029490,20.475307
-15.967333,18.249735,15.351054
-17.760080,16.517080,15.300498
-17.855947,18.521252,15.997739
19.092196,5.346252,40.526169
20.647825,3.972350,39.397713
20.886902,4.714634,41.233204
1.433059,23.637482,56.015255
0.909222,25.739799,56.015255
-0.532819,24.740465,56.015263
34.594326,-21.048557,35.283379
34.178028,-22.294945,36.915565
33.298061,-22.240021,35.183266
8.309587,21.417503,56.015251
9.070250,19.520136,56.015251
10.339171,21.721361,56.015244
-49.648190,-0.035591,56.015282
-46.901791,-1.324896,56.015293
-47.364208,1.229265,56.015289
-6.642145,29.209381,56.015285
7.793780,-16.220137,38.888985
5.621334,-16.342842,38.534264
5.743347,-15.817377,40.735538
-14.860768,8.919508,56.015263
-12.131554,9.505513,56.015263
-13.625649,10.602364,56.015259
-11.698006,14.787379,50.004848
-9.919348,16.664104,50.565376
-7.734130,14.915667,56.015224
-8.467853,16.776159,56.015244
25.679697,-15.661658,56.015213
27.402777,-16.472683,56.015209
26.915474,-14.314114,56.015209
-47.517094,5.188893,44.607769
-46.784351,4.787287,43.083782
-47.184574,2.916705,44.889458
8.726482,23.504976,56.015251
10.542127,23.465466,56.015251
10.387522,25.180101,56.015255
31.042519,-11.980014,19.935410
30.928596,-14.315815,21.289539
-31.232868,36.568653,50.414848
-31.048264,36.634865,52.688858
-29.417608,36.930061,51.288853
-27.667238,-21.705566,36.449345
-26.307369,-21.948599,35.717133
-26.757151,-23.231873,37.200016
-26.878500,31.382683,28.000317
-24.775204,31.054335,26.257933
-26.340178,30.263233,26.040285
-28.856628,-30.569803,53.888668
-29.781485,-30.075502,56.014229
-31.317806,36.315720,47.740368
-29.720346,36.761131,49.398155
-8.680809,-29.897223,33.306610
33.206322,-5.006346,22.506035
33.808624,-3.133135,24.040676
34.747780,-5.072883,25.376492
-18.594669,8.096310,29.091705
-17.457134,10.128194,28.208597
12.651341,21.388945,24.815947
11.022771,21.410822,23.566278
10.419350,22.777908,25.724113
-35.606369,29.055277,53.284557
-33.051987,30.046959,53.948162
10.220888,28.102688,56.015255
8.238760,25.960052,56.015255
-49.957512,1.654940,54.526184
-49.601780,0.277217,53.470211
36.666389,2.518387,32.254463
35.773323,1.474368,29.847887
35.491692,3.769447,30.844715
25.989368,-29.856251,48.188911
24.916893,-30.236855,46.077721
26.722593,-29.380964,45.839912
26.376513,6.959799,19.304499
27.328747,5.013894,18.905838
25.699823,5.847185,17.545271
3.252713,-11.209695,15.630267
1.596685,-11.905833,16.886267
3.752862,-12.406834,17.186567
-33.551601,-24.980919,53.956745
-31.995213,-26.748913,52.673294
-0.982800,30.244810,34.474812
-1.715357,29.938244,32.234821
-3.016730,30.876951,33.965343
15.972825,-33.584110,48.053905
17.114428,-33.088650,50.271782
-41.188824,14.574873,37.888100
-41.047077,12.866491,37.398109
-40.284199,13.967032,36.071751
-1.472182,-9.107495,44.086918
-0.992007,-11.247981,43.931786
32.722775,12.402632,33.963097
32.298077,13.996312,35.146339
33.755783,12.970949,36.242634
6.844393,-33.662743,35.072472
-24.557573,17.287888,21.563560
-24.816639,19.005520,22.175255
-26.504623,18.069376,22.888626
-28.448044,-1.812037,22.358671
-27.129040,-3.593786,21.991379
-29.063881,-3.735701,23.490070
-28.454317,25.333174,28.433336
-26.489014,25.875507,27.761576
-27.190552,26.560516,29.468822
-42.273056,-4.424658,49.994022
-42.154842,-6.174904,52.055893
-41.432728,-6.806586,49.813381
-20.717087,-20.333469,29.107090
-19.199852,-20.143988,27.147453
-18.819962,-21.813824,29.140961
-20.337383,-2.771941,31.083933
-20.736626,-1.843716,33.407242
-49.002460,16.266373,46.763714
29.283459,21.138453,41.395969
31.029076,20.657370,42.889076
31.089907,19.238440,40.589043
35.247334,10.973075,36.623455
35.182163,12.653134,38.226494
-47.985191,22.439501,49.558208
-48.794216,20.397701,50.131203
-6.934585,26.537394,51.934124
-6.738366,25.876509,49.665489
-6.495581,24.489958,50.902733
-5.755599,-35.699127,44.921612
-4.557008,-36.243153,46.889141
3.533237,9.965357,34.013565
-9.565468,-30.794809,56.015362
-9.504700,-29.566242,54.208160
-10.744188,-31.262333,54.557873
-21.017927,-16.667850,35.550766
-23.464518,-16.073223,34.167892
-23.136507,-17.674116,36.261307
-33.396740,27.018715,40.240860
-32.136379,27.861153,41.425266
-33.820030,27.580103,42.460026
-27.493050,28.337843,37.695782
-28.885347,28.319765,39.544483
-29.560999,27.806128,37.786716
-22.128633,5.599520,16.807730
-21.453388,7.251414,16.272982
-20.186796,5.933780,15.442189
-11.926990,34.137871,56.013382
-13.013497,32.803116,56.015106
-11.056553,32.226131,56.015022
39.851227,-20.088198,49.703621
38.773697,-21.446533,50.779739
38.412743,-21.707384,48.726265
35.013527,-22.121899,56.015194
33.559292,-21.036669,56.015202
33.348652,-22.954252,56.015194
-12.768476,25.447769,19.318638
-14.151693,24.175882,18.334436
-14.678113,25.491520,19.310661
-11.723974,16.245750,25.648966
-10.191947,17.624918,25.027317
-11.230485,16.072334,23.624958
8.676184,-25.290792,17.551344
9.780450,-24.263983,15.888093
10.494029,-25.417683,18.205626
-38.606411,-22.874651,47.048073
-38.716831,-20.966864,45.534290
-37.358463,-22.167124,44.816498
-24.323162,-32.948879,52.605873
-22.564150,-33.511387,52.588833
-23.258184,-32.540928,51.111412
36.648140,18.806034,49.859138
35.349621,20.569374,50.631592
37.007580,19.133408,51.972561
0.383484,-26.445427,20.149145
-1.349755,-26.460487,20.792757
-25.741306,10.834249,18.709492
-24.532244,13.268975,18.048727
-23.948919,11.246732,17.684576
-29.259048,-23.909903,39.373913
-28.955788,-25.604309,40.601799
-30.480042,-24.559179,40.707279
-11.613668,-20.565474,51.819481
-10.234692,-22.158245,52.610897
-10.468336,-20.728331,54.097206
-16.794149,-7.925294,13.422669
-17.798986,-9.003746,15.188053
-17.966255,-6.521557,14.579580
-25.069164,-18.860245,31.551102
-32.160259,24.090914,24.940981
37.978443,-3.162724,32.243580
38.639782,-5.143098,33.148258
37.776939,-5.145662,31.377684
-47.008755,-6.626081,50.005924
-47.814171,-6.343198,51.824940
-47.784920,-4.936397,50.842419
29.545731,-12.806129,18.073950
30.116089,-13.979614,19.654160
29.121149,-14.830592,18.777620
-33.842743,-4.452279,27.948006
-32.731125,-3.591534,26.444448
-40.739323,8.629273,30.844765
-39.040737,7.635089,28.822449
-40.149559,6.421331,30.528395
-9.078670,18.167463,48.239811
-7.636732,20.138969,49.579777
-7.875189,20.003904,46.954067
-45.148251,14.475877,49.025650
-44.863689,12.889932,47.706108
-44.459236,15.003888,46.565731
44.314121,-9.514958,54.595398
8.478153,28.185015,38.063789
14.067850,9.767539,47.804260
15.108397,10.454318,49.397068
12.911799,10.226830,49.093346
-21.430412,-17.977449,36.809246
-19.865173,-17.400709,37.562992
-19.675108,-11.015803,37.831196
-19.238819,-13.027117,38.401062
-19.442194,-11.472537,39.924034
2.941047,10.898887,30.434095
13.577374,-7.442283,18.829565
15.085539,-5.512417,19.683273
13.571336,-5.688346,18.278969
-2.535876,7.520816,3.618822
-3.400961,5.277275,2.287566
35.280037,11.932749,56.015221
37.030987,10.175740,56.015221
37.191238,12.204125,56.015221
-12.442730,32.588188,29.174839
-10.563214,31.750889,28.290401
-13.444202,32.111374,27.496462
-8.426373,31.046556,28.203848
-7.029786,29.912453,26.745180
-9.372477,30.702774,26.774126
-41.904701,9.377210,39.497658
-41.148140,10.937212,37.678146
-41.951244,11.049870,39.352066
-30.384390,-1.849257,23.787756
-32.071609,0.554246,24.249426
-6.315354,12.619961,56.015259
-7.952041,10.693990,56.015259
-44.168896,-15.602475,50.377739
-43.179489,-16.987284,49.546303
-44.057941,-17.128105,51.559196
-19.993723,5.265097,33.859226
-19.891825,5.421943,35.910263
-19.387564,7.012790,35.323505
-36.452900,-4.941295,31.065041
-36.965916,-2.973193,30.468784
-35.391850,-3.642366,29.091728
-19.416187,5.354569,39.860130
-18.639090,7.684453,39.023632
24.348328,-1.172434,35.571045
24.991648,-0.441102,37.829678
-46.038509,15.206614,54.130623
-45.616360,16.022066,52.174610
-45.628414,17.214148,54.271008
-46.947491,-13.002867,56.015274
-45.157581,-13.552013,56.015266
-45.307457,-11.636115,56.015278
21.923422,13.256430,56.005791
22.165539,14.996523,56.015182
19.905743,13.978164,56.014896
16.679811,28.830694,46.024609
18.352808,28.221008,45.688717
-44.422943,23.788492,40.019222
-43.910732,25.458075,40.784550
41.614948,2.264314,42.923180
40.560505,4.489554,41.695374
41.403698,4.532014,43.725346
4.884062,10.365946,30.879761
3.711314,10.532374,32.101810
-35.271629,31.611526,36.248837
-49.675739,4.227274,51.336224
-49.771404,2.482924,52.706875
-50.106049,4.656536,53.086765
-2.647048,-11.182259,3.131561
-4.148892,-9.815761,2.893138
-40.630257,19.954206,31.425457
-39.836575,18.330013,29.884268
-41.381237,17.939762,31.834822
-23.103901,-25.985176,44.352383
-25.367771,-25.910952,44.914959
-23.820688,-27.519995,45.711853
16.422407,22.876795,56.015244
14.246863,22.447594,56.015247
15.273623,20.801245,56.015251
2.822674,4.208202,8.474701
4.487124,4.130523,10.097169
2.538926,5.345794,10.578696
22.894600,-29.558779,36.247345
43.490490,4.741954,50.128868
42.863869,4.734771,47.901783
42.857548,6.400287,49.327202
-13.799437,19.904036,15.704643
-13.683053,22.534626,17.213921
-8.308980,-37.136944,56.015240
-7.731844,-34.994579,56.015240
-10.800682,16.181988,48.147106
-12.082709,14.830542,48.034706
39.719070,-15.940495,38.856209
40.412956,-15.946268,40.784569
3.823124,6.082062,13.932251
4.281192,5.043664,12.009748
5.783438,4.789761,14.025993
35.304424,-12.027872,27.741713
18.853081,16.198584,56.014744
-39.648918,16.232521,35.397259
-38.669029,15.980677,33.668385
-38.963726,17.401737,34.606182
-2.250026,4.194570,56.015270
-1.497739,6.399059,56.015270
-3.431829,5.631884,56.015259
6.888653,-1.518273,10.195094
6.416356,0.344457,9.364880
5.463349,-1.942726,8.821384
14.673230,-1.848435,19.665049
13.565354,-1.227549,18.687712
14.016322,-3.603168,18.572933
28.910164,-10.802333,16.404173
30.205177,-10.541168,18.056843
-20.426229,-7.323186,37.211689
-20.452454,-6.522906,35.097843
-20.154501,-8.490326,35.279697
-28.591438,13.965635,20.322819
-28.093102,11.481626,20.010878
-30.060299,11.771237,21.154152
-3.915731,32.955864,49.996979
-1.861220,32.605759,49.729401
28.079165,-14.681305,17.277975
26.911221,-16.180393,17.043123
26.295095,-14.668453,15.234638
-22.988832,7.412277,17.261261
-22.020773,8.990263,16.583221
-20.031128,-9.280243,39.148617
-20.522326,-6.673152,39.731709
-4.539039,4.165319,56.015236
25.519148,-26.825151,32.671429
-16.134254,-0.699278,11.556391
8.117860,-15.244699,23.330641
10.972742,-14.187239,23.153358
9.393310,-14.044452,21.609892
-21.915817,13.478539,19.633345
-20.241493,11.531460,18.882235
-19.631828,14.271571,18.724014
-29.315853,-28.105412,49.636951
-31.314684,-26.369247,50.195419
-30.506279,-28.040836,51.555557
17.776196,-13.412759,43.300297
17.734417,-13.902565,41.571175
-16.025383,12.947343,31.135620
-16.749554,11.816033,29.932835
-16.952595,11.779617,32.046429
-6.916735,26.970819,45.856880
3.925346,-16.929724,32.566925
4.573933,-16.867556,34.607124
6.025529,-16.995527,32.228371
-49.548656,14.655247,48.339146
-49.659634,12.668497,48.550175
-19.836367,36.484406,51.822468
-26.090492,-27.554426,46.547482
-22.164612,28.972952,33.994049
-20.435318,29.074163,32.885666
-19.828077,29.371761,35.208889
11.371897,19.410028,56.015247
15.763878,-12.664636,46.363430
13.983858,-13.267660,45.608486
-19.604765,2.216653,43.994568
-19.885288,0.106092,44.620399
-19.358389,1.721124,46.219666
10.570883,26.424185,34.663433
8.609422,26.612787,33.388622
8.773348,27.294273,35.572960
-47.646576,-10.806553,56.015274
-45.009922,0.400569,56.015278
16.226892,26.761377,40.422894
14.405577,27.213085,40.156548
-17.948746,31.688282,51.418312
-20.423946,31.720070,51.123367
-18.816124,31.417423,49.484409
-38.459587,24.831097,31.388716
-37.656723,27.077208,32.428638
-36.798473,26.045418,30.424280
-28.109552,-12.289124,27.881536
-29.535116,-11.442802,28.568239
-29.328716,-10.179999,27.360767
40.577274,2.441036,40.505154
41.402779,-0.080315,41.203758
-6.097348,23.763350,41.701847
-6.229971,23.188564,39.748653
-7.044859,21.506704,40.527309
31.483299,-8.744017,19.571552
11.205215,-34.748039,48.577831
12.279051,-34.381962,50.246983
44.317841,-9.628307,52.774776
43.997204,-10.668590,51.060589
-17.640814,16.197296,18.424814
-19.810537,17.432331,19.280479
8.780375,-1.150852,12.932576
8.696983,-3.559186,13.023231
9.996844,-2.306453,14.425160
36.614559,11.881886,39.900097
37.925804,10.782914,41.251316
-18.588011,-17.727774,39.789307
-18.765398,-15.248137,39.145691
-34.645512,-5.696929,29.499100
-35.356483,-6.559749,30.849672
-41.805683,16.240896,32.105469
-42.800842,17.205845,33.799469
-45.276878,18.013680,52.738907
-7.206429,-8.984738,28.859217
-6.706940,-10.191748,27.522730
-7.401677,-7.902287,27.184992
-26.179953,36.572044,46.155060
-24.493900,36.296135,44.422150
22.750317,25.708134,56.015244
25.032143,25.838627,56.015244
23.960461,-11.134876,37.471134
1.991404,28.832718,33.229004
3.712304,28.259756,33.343391
2.700683,28.001020,31.382008
-28.174934,11.033514,23.513159
-26.371082,9.568411,22.437571
-25.755619,11.432647,21.887081
2.510456,-23.778027,14.487539
4.864666,-23.809181,14.390056
3.470638,-24.555157,15.850857
-23.370459,3.099128,21.889921
-21.284765,4.285035,20.660614
-23.683336,5.088063,21.493481
-16.232426,-17.391531,45.364506
-15.592673,-19.302464,45.001625
-14.921741,-18.552662,47.266823
-20.488907,-36.694317,56.015095
-19.988516,-38.528465,56.015228
-17.889309,-36.897900,56.015274
11.603712,9.470331,47.573074
13.708227,9.101390,45.992855
-8.140790,-26.217619,25.153658
-6.623622,-27.727629,26.979660
-8.907356,-26.938484,27.445040
1.767496,-9.813100,48.162048
1.043897,-10.151719,46.675522
0.713233,-8.223804,47.017845
-22.540970,-6.794511,19.480011
-23.881889,-5.243334,20.067823
-22.239929,-4.934719,18.603317
-21.385540,-15.324536,33.623314
11.960916,7.817889,39.124371
10.657166,8.250147,41.343414
9.377328,8.357708,39.309612
30.748358,9.626775,27.757452
31.870274,8.116466,28.051306
30.680738,8.107882,26.173954
-50.242706,11.502409,56.015133
-50.285583,9.744330,56.015308
-48.744965,11.527630,56.015644
4.239423,-28.310453,22.956898
3.286378,-29.437899,25.338932
1.606297,-28.431562,23.701469
-2.243887,4.608979,12.282744
-3.104256,4.453388,15.050557
-3.202053,2.615146,12.945705
-35.774025,11.295877,25.123598
-36.630989,13.118745,25.833315
11.935377,-10.343330,19.162617
12.576420,-11.493937,20.785931
-36.054295,34.597580,53.595123
-35.012119,35.363335,51.499256
-37.013969,34.321518,51.205517
-32.009747,-30.980064,48.287159
-36.739845,34.093685,45.938286
-38.713963,32.977036,46.408401
-37.583649,33.970890,48.529118
-45.533253,2.366079,56.015282
-44.953659,1.518062,54.210697
-6.530496,23.753614,48.952290
-6.534632,25.423500,47.469940
-6.462880,23.711737,47.214321
-20.201210,-7.683965,17.513700
-21.336065,-7.885092,18.757206
-21.203318,-6.259349,18.053276
2.590445,7.891945,56.015240
3.972440,8.121758,54.677254
4.130317,9.410768,56.015472
20.281378,13.427918,19.147932
18.606815,14.405755,18.723629
19.464756,15.363505,20.957556
-10.857450,-17.756275,12.933445
-11.656864,-16.496965,12.393195
-9.915347,-17.865339,12.040000
11.500350,4.474645,22.613169
10.361066,5.774058,23.776146
9.823911,5.603608,21.922575
-14.147139,3.186219,10.030793
-13.910854,1.513364,9.384473
-15.200442,1.540506,10.739939
3.129704,-35.392693,42.248272
2.858673,-35.747265,44.619183
-9.283532,19.326546,34.980793
-8.179221,20.564110,34.836933
-9.020889,19.719929,33.745022
-14.646568,12.839897,43.328705
-15.461098,12.259164,41.409035
-16.147142,10.945677,43.118950
36.210793,-23.677502,53.815701
37.692085,-22.503700,52.203213
37.947887,-21.979862,54.162422
0.655386,-33.383827,56.015305
2.095615,-35.141190,56.015305
3.094837,-33.096691,56.015339
-27.796001,28.894583,41.286724
-30.149876,28.490322,41.651676
20.344343,-13.316605,37.951385
22.519567,-12.290407,38.591980
-6.485250,-9.699926,34.747734
-6.917776,-8.858188,33.016460
-6.530610,-8.285564,34.986794
6.154697,-3.286898,0.923334
4.138966,-4.813273,0.719336
4.004128,-3.062325,0.389975
-5.013405,-3.211350,36.388588
-4.054478,-3.483713,38.639759
-5.286382,-5.212263,37.266628
-12.821292,2.813429,8.680754
-12.847585,4.732400,9.392072
2.790802,10.017278,56.015396
1.188098,9.901431,56.015255
1.170135,6.188633,56.014938
-0.079618,4.338222,56.015320
13.068025,-27.101685,22.112398
14.473439,-26.028076,20.778704
15.412964,-26.863821,22.760941
1.429307,6.761067,13.713988
-1.031880,6.316382,13.870564
0.199786,5.976446,11.653491
-14.548522,4.941216,10.830112
20.970165,-16.379461,11.916842
21.096088,-14.481468,10.846512
22.941881,-15.169750,12.589979
44.847149,0.301429,54.182129
44.521084,2.776049,53.772831
44.664089,1.709619,56.015205
-40.830853,-7.975676,39.116531
-39.622360,-8.939636,37.991367
-40.289371,-9.905206,39.673447
28.126919,13.208545,28.027199
29.379070,11.612670,27.884537
27.692776,12.029640,26.027805
-2.211557,-36.153561,46.620239
-0.447283,-36.087891,46.477154
-0.764937,-36.340172,48.496620
-29.296576,8.402535,20.909618
-32.124878,-27.527908,44.454189
-18.573853,8.565139,36.678711
-19.395144,6.404027,37.477333
-7.706435,17.344681,13.361031
-5.347311,16.905321,12.757433
-6.857510,15.628480,12.075849
-16.212090,22.758669,20.975046
38.261795,17.726339,56.015217
39.607162,15.611262,56.015217
-46.404953,5.895562,41.772091
-47.299152,7.048048,43.326202
-46.445045,7.770709,41.182644
8.576661,-12.060109,56.015232
9.642639,-13.303579,56.015205
10.623839,-12.031979,56.015182
-28.349550,-7.490648,24.721012
-27.080395,-9.357650,24.691475
-28.475731,-9.040604,25.775219
6.407166,-26.870380,20.221107
5.287939,-25.895466,18.353561
-35.079624,-6.757409,36.743568
-33.238297,-7.932642,35.128937
-34.445335,-5.294951,34.664474
17.952105,12.564540,15.476122
19.162539,10.802513,14.584903
17.771734,11.465845,13.814713
-4.816150,17.856432,56.015297
-7.302897,18.630266,56.013935
-6.498196,16.456894,56.015331
26.140087,6.220918,49.331020
25.804712,7.615756,51.162487
23.994236,7.555980,49.099983
-40.181370,-25.446331,54.168194
-40.642170,-24.212238,52.624584
12.915468,-34.321785,42.834866
11.698277,-34.427845,41.226269
14.123708,-33.863113,41.200523
-36.047970,28.779997,32.580837
-35.863819,30.189070,34.413795
37.796875,16.902704,48.951157
38.052013,17.496393,51.104691
3.516472,1.090979,7.062506
2.187135,-0.501525,6.925748
4.420767,-0.367649,7.552081
-18.650414,8.953473,32.663452
-18.608221,8.933585,34.414471
-17.898294,10.340600,33.160843
13.697166,12.588581,53.631474
11.667469,11.789654,52.978436
12.943664,11.123644,51.105492
21.861979,2.256396,11.220787
21.721025,0.007723,10.340185
20.179789,1.773381,9.483531
-7.139188,27.021544,47.880066
-8.406263,28.553495,47.211208
-39.140450,6.196969,35.292030
-40.157314,6.626218,36.855255
-39.362411,4.361256,36.370041
-8.166101,28.431684,38.106068
10.705997,31.322601,49.782227
13.065897,31.073729,49.942368
11.826873,30.642603,48.065769
-31.671919,-8.664298,33.664200
-29.930025,-9.637199,32.396950
-30.629467,-7.743861,31.630743
-6.471181,2.120716,24.069006
-6.954392,0.488414,26.109722
-7.186529,0.038568,23.863235
-28.957838,26.245304,30.549576
18.078419,-4.007869,22.905020
17.907948,-6.755054,22.903364
-13.557772,30.882942,49.737564
-11.185018,30.236767,50.270248
-12.950891,31.031313,52.455906
18.225992,-3.995609,7.088161
20.014944,-2.964181,8.442734
19.697554,-5.401166,8.095208
-21.642973,21.842463,18.475040
35.329540,-18.034609,56.015202
33.358360,-16.898621,56.015198
33.527386,-18.989429,56.015198
-18.511261,36.247894,52.568764
-17.517904,35.963104,54.147060
-5.238224,-15.409464,6.565605
-3.921740,-17.025335,7.369822
-6.113590,-16.815189,8.149373
32.300613,-26.635839,50.640873
31.702808,-26.928871,52.529827
30.345694,-27.732666,51.713310
38.381458,-12.532158,33.601234
-26.032251,24.540197,25.936165
-11.823416,28.522421,30.188663
-11.326821,27.656433,28.007872
-9.494565,27.654745,29.709555
-32.572716,20.167727,23.674683
-31.198574,21.210775,23.050087
-31.376060,19.361855,22.651846
-4.482411,-5.495279,39.138710
-3.520896,-4.719143,40.446018
-4.109968,-7.247138,40.535229
-1.030756,7.727484,33.843372
-1.473960,5.775891,35.017715
-2.326742,6.442559,33.228626
-46.827332,24.626345,49.376587
-47.459625,23.787708,51.634247
-46.139816,25.920176,51.130856
-43.572681,20.148932,47.146420
-43.177807,19.088642,44.845875
-42.498352,21.358879,45.394306
22.192009,-3.675876,28.552748
21.825048,-6.047072,27.545513
-39.216877,0.169819,31.625359
-40.455872,2.142074,32.475658
-39.032879,2.009267,30.550997
-7.115159,-24.027546,19.592091
-9.516900,-23.209290,20.324837
-8.529547,-22.778095,18.439173
-19.581108,-0.570216,47.149452
40.685070,-4.367597,37.893829
39.947212,-3.794443,36.322056
40.387012,-2.653198,37.682186
7.783026,0.891242,1.346529
5.746620,0.712427,0.649657
2.105491,-8.020648,12.270202
3.451259,9.046868,3.591125
5.134928,9.372823,4.011659
4.464903,7.780703,2.677646
-27.043390,-4.429790,26.503147
-27.364223,-6.815282,27.923552
-25.650726,-6.182464,26.504873
19.371639,27.631725,56.015247
20.111851,29.555599,56.015247
17.982214,29.658428,56.015255
-8.219629,20.454678,21.249359
-7.967501,20.975174,22.919010
-41.390865,1.230769,34.353130
-42.490871,2.563562,35.557320
-41.583122,2.798704,33.929092
15.923669,-26.080542,56.015213
13.894459,-27.881783,56.015213
16.286362,-27.906984,56.015209
-18.976656,12.276584,14.977380
-17.278812,10.877968,13.842512
-19.109436,10.385380,14.833679
-9.051017,-15.186707,8.609278
-10.409712,-14.498913,9.163843
-9.310300,-13.527458,7.540120
-40.743893,25.765209,52.140724
-39.753204,26.435411,53.961460
-41.417721,24.873253,54.194283
-3.876244,32.370525,56.014648
-3.771938,32.757313,54.352154
20.319569,11.636325,52.846245
21.769106,12.049054,54.189350
20.494520,12.877407,54.701576
-15.565413,12.447358,13.306787
-17.191010,13.285274,14.261867
-15.553076,14.382149,13.854344
10.039002,-29.231937,25.086025
9.114535,-28.230249,23.027433
11.526289,-28.192957,23.560637
-47.833286,3.114264,56.015282
-50.144234,4.211093,56.015068
-49.962334,2.171306,56.015285
-41.153229,25.298494,50.385101
-41.375965,24.493914,47.945122
-47.268372,9.376247,42.519558
-46.482178,9.654527,40.702728
41.776077,-4.387592,40.663246
42.477009,-3.806048,42.772552
-4.326272,-5.040111,16.620314
-3.942275,-6.997555,17.224327
-2.988182,-5.935915,14.972285
24.165253,23.402666,56.015236
22.539972,21.739862,56.015247
24.203054,21.212929,56.015240
-6.376326,-11.027852,33.522865
-5.362933,-12.807365,34.259357
-5.633258,-12.669040,31.765165
-49.924908,16.432003,51.561333
-49.673355,17.995943,52.628609
-32.974430,-19.392609,38.521030
-34.978359,-18.943672,39.946857
11.870901,-0.033415,17.393354
10.641438,14.938759,12.133748
12.614863,14.340434,12.625288
12.186199,13.289413,10.738057
10.156319,-19.964310,9.499523
11.951193,-19.574253,9.701095
-28.109777,16.404793,20.229469
-26.196573,15.476746,19.103340
-22.971527,-11.989887,22.554543
-23.394579,-13.515334,24.214550
-24.592503,-12.116782,24.303366
-45.061974,27.260454,52.724869
-45.206112,26.556767,54.577171
-8.178960,25.090044,26.528620
-10.088854,25.793592,25.376488
-8.726491,24.485577,24.695328
-4.692704,-12.956899,36.784698
14.402168,32.382702,56.015251
12.125912,32.368778,56.015259
-42.209618,-22.690729,56.015255
-41.876678,-22.652723,53.442879
-41.252865,-24.002071,54.390686
-6.939917,19.877722,54.635330
-8.087286,18.161283,53.647678
-38.881046,5.323923,29.198269
29.440987,-4.671944,56.015213
30.934839,-3.234837,56.015217
28.582048,-3.253181,56.015221
1.208122,-6.125085,50.143742
1.007159,-6.131037,48.017670
6.854815,27.497305,34.318081
6.669610,28.227816,36.459644
9.652756,-34.028912,37.160835
11.919381,-33.725803,37.404102
10.645629,-34.303696,39.196762
-20.244444,0.510770,42.083683
-19.753084,3.155359,41.718147
-20.350761,1.555885,40.196590
-36.736992,-19.557884,53.806358
-37.852077,-17.331608,53.680798
-37.656574,-18.138771,56.015244
-48.123989,6.407273,45.618401
-48.823078,7.642585,47.015884
-48.334930,9.241924,45.149815
31.565477,-21.800814,56.015198
-4.248231,2.622220,16.459627
-4.955020,2.819295,18.637693
-5.191549,0.984248,17.665371
29.512842,16.047726,33.685177
27.670595,17.356153,33.085373
28.278879,17.969500,34.820255
-13.454621,-16.004850,56.015240
-12.124496,-17.585524,56.015240
-11.382205,-16.011589,56.015236
1.900443,3.204590,42.492393
0.618074,2.397581,41.233059
1.202871,3.994668,40.275616
-27.533300,-10.647643,26.012949
32.318874,10.127826,30.812654
30.900711,10.949477,29.416824
31.329193,12.343438,31.703094
-16.349026,31.221342,49.114204
-15.490601,31.457590,51.614796
-25.464785,13.608769,21.681772
21.541208,23.641878,56.015240
34.166695,10.829320,34.634815
-42.357853,30.236475,48.128895
-40.601711,31.663176,46.943676
-36.569614,-9.549706,34.465828
-35.525410,-11.689823,34.914192
19.881573,11.596141,16.405569
20.971882,9.724701,15.516000
-2.375136,-22.017488,12.732594
-1.635326,-22.984892,14.089827
-12.584682,15.005656,24.582346
-13.848945,13.915694,25.309782
7.961301,6.779444,21.276350
8.634398,6.911849,23.200621
-30.832975,-26.290785,42.405960
-32.729664,-25.663048,43.284008
-19.990961,-2.482517,29.154549
-20.159578,-1.001032,29.866930
15.358808,-32.163906,56.015198
14.386662,-33.163368,54.054218
16.624224,-32.488274,54.269829
-5.409138,-7.250574,38.012966
-6.037968,-9.082000,36.618511
-6.053452,-6.684820,36.124649
3.770396,-16.126776,39.177151
3.508912,-15.595106,41.062939
-1.299281,4.539696,9.961788
0.836389,4.915984,9.110481
11.127779,-1.494424,15.904648
12.402046,-2.421078,17.079954
24.728310,-25.692604,56.015202
23.672535,-23.960894,56.015198
22.887793,-25.893524,56.015198
24.937592,-11.678021,12.688869
26.301029,-12.362159,14.130373
24.738663,-13.870883,13.347053
13.959882,-11.998392,49.780399
13.130359,-11.825698,52.069683
15.494026,-11.475160,51.983315
-26.163082,-10.884051,24.905375
-24.849138,-10.138048,23.151627
-1.208215,-4.747093,0.515026
-3.060969,-4.474488,0.799145
0.000000,0.000000,0.000000
-0.034330,2.385990,0.234063
1.995909,1.213791,0.074283
20.162672,-31.969181,51.661324
21.160208,-31.788162,49.935902
21.848156,-31.387123,51.800838
-36.039883,3.420209,31.927427
-37.022980,2.936446,33.417397
-28.562992,-22.460426,37.723164
-30.129883,-22.221304,38.587833
43.636395,-12.499421,52.174248
43.264458,-13.427264,54.081612
42.999077,-14.399867,51.610607
-2.693527,17.123734,56.015259
-4.351394,15.667013,56.015259
-2.368176,14.977668,56.015255
-38.050087,-1.369835,30.883579
-37.929966,-3.615297,32.031170
-3.687943,-22.600883,14.358149
-4.516113,-21.257227,12.595380
39.268524,-20.098063,45.268303
37.578671,-21.784897,44.268600
3.869883,10.334914,26.461706
2.524926,10.171063,24.507046
4.459404,9.648130,24.489569
15.329700,7.551469,42.345322
14.652582,7.026365,39.698700
16.681704,6.315402,40.134640
1.957297,-36.149784,48.934021
0.534547,-36.317642,50.794853
2.805234,-10.643338,54.241146
1.349898,-9.177855,53.753281
0.939249,-9.849239,56.014446
-34.253468,-23.387383,52.197010
-34.827744,-21.836258,50.838837
-35.476826,-21.554831,52.774937
20.023067,-12.606844,44.375664
17.772102,-12.699140,45.361698
-31.234159,27.063124,36.951687
-30.828789,26.593548,34.156395
-29.222872,27.583241,35.861820
-12.781176,-36.088478,47.337280
-14.535567,-36.043137,47.533237
-14.239979,-35.268314,45.861130
-11.320629,34.239681,40.833534
-12.266885,34.404465,39.792179
-4.214800,-33.168686,37.364704
-5.811242,-32.364216,36.432056
-44.438328,-1.465827,56.015247
20.426243,-1.483383,28.011585
22.174622,-1.881003,30.428450
-24.682985,-37.304214,54.300453
-26.227360,-37.154930,56.015232
-26.542866,-36.523094,53.757664
-18.841320,-3.886625,52.653786
-19.269550,-3.553778,50.283146
-19.106026,-5.391774,50.881138
-24.216572,-18.772537,37.942497
-26.310175,-18.804901,39.037319
-23.989317,-20.407106,39.710228
-8.144423,19.842638,42.567093
-41.955860,10.163983,32.363770
-24.548693,28.547146,33.954361
-25.342157,28.077908,32.137676
-23.622713,28.525352,32.461891
14.687907,12.826304,12.284468
15.511120,11.252203,11.115656
13.934929,11.745629,10.146482
30.433491,-20.431713,56.015205
29.349442,-19.042517,56.015202
28.255455,-20.453487,56.015205
-0.565405,-28.803679,25.218420
9.210721,6.980491,25.139866
7.898224,7.728907,24.377510
-41.515526,-9.016897,40.937435
-42.394688,-6.606071,40.754684
-2.872736,-0.765947,11.371542
-3.592105,0.337085,13.637265
-3.237488,-1.911156,13.147446
-24.617069,-21.695599,41.160934
-39.906750,4.205583,30.881786
-40.993675,5.563086,31.975019
18.274412,0.421549,27.547920
18.093245,1.555558,29.786762
16.633919,1.988737,27.921568
-18.237541,21.895042,20.767694
27.652285,19.606627,36.689754
29.374414,18.082209,36.485321
-34.493984,24.896732,27.274410
-33.050198,25.445463,26.423847
-22.134058,-38.239361,56.015228
-2.695742,-8.974113,17.218376
-4.011263,-8.522795,18.669195
-2.888674,-9.937808,18.640238
-0.017672,29.669626,56.015278
-2.333000,29.372562,56.015335
-0.902672,27.079201,56.015266
-38.229187,6.538581,33.769844
-36.989662,7.015616,31.929605
-38.174667,8.619382,33.128925
12.440783,-18.370228,56.015221
10.341352,-17.950851,56.015221
10.671521,-19.306929,56.015217
-26.311766,34.440147,35.136711
-26.074192,35.070652,37.570793
-23.988619,34.860550,35.575333
31.324116,-18.373119,56.015205
32.040981,-20.147024,56.015202
-25.614674,32.583778,29.321905
-24.370792,33.143379,29.851391
-24.062288,32.443836,28.224731
11.871819,7.552917,36.779892
10.408564,8.139518,37.262276
10.470219,7.964641,34.918850
41.020432,-4.274756,56.015205
39.319145,-2.895875,56.015205
39.017982,-5.261412,56.015205
-27.458508,27.378469,31.911608
-11.713431,-29.457357,50.858871
-10.006734,-28.131067,51.939144
-10.934119,-27.189013,50.027836
6.995818,7.926665,22.881884
6.276266,8.825651,24.731882
29.909403,0.097985,50.343132
29.900576,-1.360235,49.174511
8.346761,1.046188,13.236428
7.350910,2.800169,13.367188
7.049705,1.711132,11.307167
42.995430,-2.699678,56.015224
41.097652,-2.182726,56.015209
12.084482,-8.808562,18.230181
22.327354,19.018629,29.426392
24.088305,18.504686,30.506828
23.975471,17.441765,28.688200
-45.341496,7.257713,51.096939
-44.746208,8.003584,48.367573
-20.750530,-5.179583,38.076622
-20.723797,-4.384889,40.490429
33.614090,13.555257,56.015232
36.234238,14.094145,56.015228
34.800476,15.963027,56.015232
38.882786,-21.226187,52.808224
39.447716,-20.327822,54.152241
-37.766491,8.731179,27.220810
-12.720684,-28.066277,48.783749
-7.255964,-4.994338,30.430521
-40.176514,-10.819483,50.816803
-39.311378,-12.697636,50.436058
-39.219475,-11.449200,48.309212
-19.799856,-8.134314,45.365574
-19.593397,-6.801818,47.778496
-19.961103,-5.951965,46.039757
29.743763,-2.984314,47.868202
12.263391,-9.037677,4.235200
10.631858,-9.072939,3.573720
5.767260,-15.624032,23.579779
6.624156,-16.043846,25.049490
-3.434604,7.756621,29.052940
10.660792,23.817190,28.144861
8.390154,24.041187,26.729862
22.914692,-12.220059,40.752094
23.564091,-11.732539,43.149658
24.989645,-11.016505,41.230572
2.304533,-11.545341,47.066624
4.093462,-12.554504,47.576733
2.931231,-12.779706,46.151047
-18.225937,2.433930,53.107349
-18.309628,1.093995,54.242268
-17.646721,3.042952,56.015266
-10.809700,17.521902,26.958588
-9.988111,18.648849,28.368832
-9.295496,19.014160,26.359922
-44.303593,-1.213825,40.911671
-43.549389,-1.150942,39.411991
-44.288536,-7.532677,44.856571
-42.942200,-8.167307,42.774651
-43.391373,-9.275604,44.329201
-24.178387,32.065784,56.015282
-25.571959,33.443836,56.015293
-26.062227,31.810877,56.015274
13.667262,-1.562050,4.181427
12.766769,0.938308,3.826926
14.682328,0.254568,4.961468
-5.941124,-33.220604,38.414680
-6.718562,-34.075867,40.789257
-7.945082,-33.048092,39.099079
-38.967731,-4.114614,33.733421
-47.987862,11.588749,43.780373
-48.928860,12.035154,46.182987
-48.480526,14.274691,44.860741
-25.862436,15.764867,22.087729
-14.054244,-23.930380,27.185701
-15.567180,-22.277668,26.062790
-13.426643,-23.300066,25.244619
10.814906,-11.797964,19.607796
9.301751,-13.079752,20.058830
10.908307,-13.016829,21.152430
15.944177,5.970288,37.945290
17.591272,5.381433,38.677174
-11.560041,30.681124,25.593624
-14.099185,31.069944,25.306675
-41.595051,30.548838,45.899582
-19.468828,-5.344185,49.004913
-19.772573,-4.718173,47.408875
5.439203,9.247005,54.353546
4.911761,7.399739,52.502563
-17.878105,29.978985,40.996502
-18.155375,30.295368,43.305222
-20.014791,30.083012,42.581535
3.978816,32.234875,54.349258
2.740174,32.294426,52.298069
1.762287,32.291752,54.367252
0.869188,-4.864758,51.344006
0.118215,-3.674634,52.924812
0.090482,-5.519110,53.168625
7.538828,-9.036836,2.514373
7.833217,-7.130360,2.088471
-24.027359,10.813010,20.831141
-23.827351,12.534938,20.660870
-45.918041,16.471107,56.015198
-46.378788,14.368002,56.014576
-11.485811,-30.330271,36.145668
-10.672900,-29.632904,34.356106
21.453428,-28.403490,30.902437
22.691027,-27.234436,29.713037
23.326214,-27.726076,31.693403
-8.945813,-33.603645,40.709042
-8.152280,-34.937840,43.404415
-4.756911,-19.649319,56.015232
-6.370039,-20.169331,56.015236
-5.386261,-21.861633,56.015232
-44.941948,-5.142893,44.601154
-43.696045,-5.906960,42.653389
22.735264,16.215054,25.544121
22.025927,17.792019,27.135771
23.820314,16.366468,26.937832
24.279770,-9.348076,54.380016
23.429691,-10.063195,51.999386
22.215288,-10.264987,54.147984
-23.709377,-1.844669,23.748127
28.102737,-28.536831,54.282761
29.021275,-27.619234,56.015163
-10.422752,10.935308,10.420961
-8.900867,11.360559,9.984677
-25.409878,36.883785,56.015285
-24.210625,37.048809,54.476002
-26.408585,37.128826,54.081997
-8.745263,20.037828,28.386683
-7.680609,21.673174,28.255793
-8.139085,20.674301,26.659130
20.654320,-10.726444,52.533737
20.492970,-10.692084,54.626099
-16.471071,-37.805721,52.269497
-14.227614,-37.682892,51.890713
-15.318262,-38.178112,54.005322
39.119041,12.564270,45.546761
39.696842,10.561513,44.681816
27.150209,-29.342567,49.259949
26.043072,-29.835728,50.416424
16.361074,12.665717,13.821143
15.854988,14.112201,15.407510
-50.229195,14.362770,54.578568
-49.948376,16.429260,53.862957
-20.680113,-5.472182,36.427345
-37.443878,-21.679432,56.015255
-36.696922,-19.984722,56.015259
-38.765327,-20.576147,56.015259
21.529253,-12.614125,42.599174
-33.189018,34.419575,41.138847
-34.741013,34.052254,42.045128
-33.306278,34.949436,43.308369
29.222324,10.103797,26.003323
-19.370693,-1.795515,49.239082
-19.289703,-0.224152,48.782749
26.968098,-22.165346,56.015205
24.765072,-22.141445,56.015205
25.709406,-23.995676,56.015202
-21.778111,28.721897,31.736750
-2.195860,-35.974918,56.015343
-3.149129,-36.477242,54.751919
-33.421169,35.725185,47.314842
-32.279015,35.777569,45.606655
-1.814668,0.608880,56.016151
-0.211719,1.554234,54.701897
-1.024572,2.557178,56.012604
-2.520044,-18.723572,8.504449
-1.638784,-17.289042,6.898283
-7.068171,-2.747278,20.800001
-7.577036,-2.884799,22.819748
-7.393900,-4.365412,22.259352
0.215394,-31.200491,56.015217
2.084857,-31.196453,56.015221
1.089729,-29.047777,56.015221
13.726789,-31.469318,31.278248
11.480873,-32.150986,31.898399
12.331560,-31.315805,30.170895
0.619098,-30.803061,29.014063
-0.938448,-30.587753,29.270636
-0.205354,-29.884768,27.324259
13.572856,15.919822,16.071493
11.566782,17.234684,16.665859
13.378639,17.270456,18.215954
15.284973,-29.581869,27.982328
13.715809,-29.793562,27.515203
14.717474,-28.909666,26.262283
-15.698411,-7.982119,11.884086
-15.445513,-5.788946,10.972897
-13.987648,-7.925956,9.523671
-32.559231,-1.893677,25.529457
-34.548485,-2.175648,27.446861
-34.109306,0.050666,26.092112
6.631724,-11.940654,56.015228
4.574628,-11.569946,56.015141
5.498163,-13.741001,56.015232
-36.426933,-1.704517,29.152006
-37.121014,-0.164291,29.178730
-35.921616,0.005645,27.820885
-24.748850,17.663103,18.605103
-22.672167,17.835230,17.653862
-23.748812,15.833232,17.836281
20.369520,8.431081,47.752895
21.904959,9.003175,49.698994
19.483574,9.817315,49.587627
16.652817,9.948051,10.874959
15.222647,10.140364,9.631371
-15.812137,17.613510,18.369711
-13.571486,16.310028,18.324596
-13.332640,18.870647,18.533319
-8.813216,17.754145,51.678234
-24.723196,-24.367144,43.468903
12.336100,6.692658,33.134331
11.843300,6.406238,30.633072
13.777814,5.354267,31.540247
26.644407,-7.216987,36.664555
26.127270,-8.796280,37.221218
27.072296,-7.901798,38.589172
7.093551,-30.146530,26.440044
7.955596,-29.212326,24.706097
8.891271,-29.861895,26.079807
-26.150200,-13.998293,27.486464
-27.561335,-14.152987,29.038691
13.483231,8.377843,43.698570
12.825307,7.976240,41.514931
1.821527,-16.625927,33.908142
-7.907725,33.115166,56.015278
-9.834993,33.605942,56.014919
-9.393682,32.009357,56.015293
-23.732878,20.762634,18.891829
-23.626097,22.718494,19.571272
12.322245,11.940266,9.102160
11.289306,10.755183,7.264431
10.275992,12.614126,8.693398
-19.856298,36.480862,53.876434
-21.781027,36.800812,51.932693
-22.393480,36.897469,53.960976
2.123201,5.666611,39.507347
2.500342,4.837863,41.158939
-50.112690,13.328396,56.015194
-49.776978,15.249009,56.015289
29.947441,-2.713957,18.000580
-5.492240,-12.157385,27.444065
-6.057938,-10.592441,25.461405
1.366550,6.568460,37.596710
0.227992,7.353656,35.624008
2.742207,8.493755,36.395451
-18.831165,-13.424575,40.641968
-43.584095,6.660176,35.908791
-44.228966,8.536906,36.568958
-43.120266,8.281434,34.625229
27.843021,6.121840,20.445375
28.799713,-17.363188,20.878094
29.615938,-15.532135,20.197329
30.335764,-16.260611,22.150934
-11.316434,26.846966,26.373144
-13.000017,27.379307,26.798429
-12.321665,25.919649,24.558256
-3.662160,-14.180182,28.441339
-3.974416,-14.293880,30.731909
-2.744044,-15.011336,29.870712
-1.937640,-36.598049,50.876152
-16.979567,-15.073197,18.027258
-15.757878,-17.111856,18.504099
-17.343088,-16.518496,19.980165
15.473525,15.741884,17.583895
17.375633,15.623116,19.266520
17.479834,14.249786,17.331291
-41.186642,4.135527,32.758667
-43.048157,-0.109078,37.875137
-44.150188,0.249608,39.780426
-32.963657,5.915410,23.583214
-32.354210,4.105287,23.506212
-33.955265,4.241157,24.683443
44.078320,2.755247,50.988258
44.573387,0.860659,52.103374
-43.532997,10.440757,43.455235
-43.445530,12.475023,43.036469
-44.188564,12.263493,45.336357
-30.985098,35.682259,43.663418
-30.068687,36.209190,45.591774
-20.513775,31.273232,48.696129
-29.814264,-13.500609,36.218212
-31.381424,-13.200290,37.770092
-30.041872,-14.664872,37.763824
35.053127,-15.986693,56.015202
-45.736702,10.335735,51.479797
-45.936527,8.846516,52.790188
18.455769,8.843473,47.343956
31.064663,-26.382271,42.235149
31.103298,-26.768745,44.364059
29.414576,-27.712551,44.027565
42.650311,8.082645,50.516682
42.914513,8.441476,52.309036
43.502502,6.208581,51.761192
20.443512,-12.842581,35.342541
20.412565,-12.217605,33.301529
18.780518,-13.567719,34.379910
-6.884201,25.412216,30.536379
-49.376373,17.048912,56.015297
-49.431976,18.476566,54.135235
4.677248,27.345472,31.590864
5.397562,27.655945,33.282986
-2.645267,25.550589,56.015266
-2.097421,23.834623,56.015259
-10.794728,9.482279,9.900960
-12.335443,9.890254,10.901989
28.238678,-28.764511,47.875977
40.838028,-1.541139,39.173126
41.624004,-2.482817,40.821323
41.105003,-3.585368,39.139904
-15.513803,-37.137936,50.325092
10.905481,-34.759220,43.288418
8.411791,-35.187508,43.672756
9.242283,-34.854916,41.421139
5.262428,-9.810078,2.330033
7.319143,-11.188386,3.231122
5.394042,-12.355599,3.392839
-4.108539,-14.268450,32.838352
16.068527,4.795097,34.447250
17.552628,4.519905,36.243862
15.098284,5.769896,35.768375
-34.447403,35.060318,45.511341
-15.201597,29.922964,39.754013
-11.877836,15.682010,43.947964
-12.910428,14.828760,42.605724
-13.178883,14.233540,44.715240
-14.738661,-14.286705,56.015244
-14.702965,-15.373237,54.255871
31.746849,9.461616,29.171095
-48.859688,18.998846,56.015297
-48.024559,21.000439,56.015297
-48.740986,20.526941,54.414032
-26.777706,-30.173054,43.663372
-28.373983,-30.256683,44.626205
-28.517590,-28.998207,43.408592
22.790359,13.718040,22.296331
24.186197,12.559966,22.376230
-2.345134,31.072979,36.024693
-0.196015,30.489309,36.752296
-46.755955,19.157827,41.858727
-47.266727,17.332720,42.321083
-47.604622,19.290642,44.060802
-9.200370,16.353397,54.434437
-38.421650,13.946507,32.988976
-39.380009,12.998056,34.463161
-38.611301,12.211817,33.284538
24.042576,-11.477234,39.323509
18.803595,-13.150414,56.015221
17.093620,-11.381633,56.015099
16.440771,-13.852561,56.015221
31.972797,6.410138,26.633526
30.846128,6.061182,24.543032
-12.616494,13.444185,51.212868
-12.135704,13.109187,53.899075
-21.305552,19.376095,20.553307
-22.378799,17.357910,20.404854
-15.718133,-27.302738,34.347019
34.334908,7.314153,31.545513
33.048286,8.049921,29.995199
37.801720,0.740145,33.544201
38.320469,2.230660,35.492897
37.240562,2.241049,56.015209
38.807556,4.295286,56.015213
37.071682,3.875977,56.015213
-39.248871,10.692617,34.386497
-39.418262,8.195990,35.130932
-20.577505,1.411613,38.576630
10.135056,-1.716281,2.263439
10.099146,-3.862095,2.384013
-19.458286,27.416306,26.985449
-17.347832,28.095860,28.022705
-19.454943,28.265039,28.882582
-36.970787,17.617134,31.608852
-35.585743,18.394482,30.091465
-38.791420,33.287247,50.060398
-20.121519,22.679340,21.916016
-20.208559,20.977320,20.866331
-26.412092,36.823074,48.161087
-28.494020,36.663162,47.464947
-4.599853,-27.766365,56.015236
-2.973651,-26.247658,56.015228
-5.311680,-25.929850,56.015236
-33.407051,-25.473230,56.015244
-32.194496,-27.184149,56.015232
-6.945572,-23.160736,17.725636
-2.817549,16.644636,12.266020
33.318604,-25.948650,52.481899
-31.057793,25.617407,31.646551
14.251705,-14.341152,27.690756
14.790401,-14.564616,29.365650
16.349928,-13.417732,28.802490
11.164318,-3.511473,15.723062
-24.638639,7.422293,18.279860
-23.651747,5.956630,17.792521
18.981392,6.965218,44.040226
-39.943710,23.370193,32.242855
-39.557316,25.521465,33.366356
23.945698,21.609158,35.997410
22.470343,21.683996,34.507713
22.186934,22.700600,36.321514
43.517570,-11.313890,48.238602
44.048065,-8.980084,49.190357
-10.837605,20.104910,15.470441
15.610381,30.630465,49.928699
15.977787,29.632343,47.579967
13.880123,30.203037,47.870361
-6.528197,-10.994405,29.600567
-7.201097,-8.760770,30.686253
-11.207248,-22.983177,21.898083
-9.844827,-24.077547,22.480162
-12.012167,-23.448076,23.809410
-28.595655,-25.055407,45.856152
-29.702892,-26.140625,47.743526
-27.978729,-26.510101,46.690331
24.569818,-28.891497,37.032974
14.624118,29.282497,45.846752
15.049792,3.413865,28.383512
-15.228774,13.659699,29.585087
-32.829567,9.270849,27.136219
-32.568798,6.911281,27.328493
-31.140882,7.943245,25.970173
-6.704139,-20.694355,13.129025
-5.584659,-21.808500,14.131626
-5.236825,25.739052,21.192476
-2.643831,25.169340,21.478558
-7.190783,-6.249147,22.864431
-7.315978,-1.092909,22.446663
-6.823914,0.719686,22.236910
1.638445,-24.636749,16.260122
39.163788,15.573647,50.390915
39.776638,14.030478,49.380188
38.765495,15.332198,48.641796
-3.618160,-13.515783,26.094130
40.865734,12.157849,49.776188
9.598686,-12.070264,53.870510
7.658355,-12.030643,54.600647
-39.799969,20.333941,38.283455
-39.897049,18.397385,36.838459
-38.550098,21.067238,36.611561
-39.956970,31.671127,44.608559
-28.033751,35.764359,42.039684
6.078392,-11.856166,54.136280
28.255627,-28.811121,50.632122
30.329348,-27.727022,49.224060
-3.077833,-3.715856,13.723487
-2.170414,-3.336053,11.392465
-19.261982,31.955692,52.802429
-21.074558,32.079201,53.675987
-24.121098,34.588032,56.015274
-22.655584,34.195400,56.015324
-23.247478,-4.967639,24.957609
-22.191015,-3.534672,24.151684
-32.247341,-10.778663,30.710707
-32.754066,-11.742569,32.019554
-38.182800,2.339909,35.408581
-39.501232,2.776086,37.366001
-38.803360,0.808130,37.233742
-11.584102,15.677111,46.109680
19.643604,-18.159893,12.299714
17.672586,-17.840080,10.747756
19.407175,-16.235212,10.725101
12.413266,-15.120073,41.200123
14.592402,-14.703931,41.277824
14.083034,-15.247978,39.403313
-19.039413,-35.265987,56.013733
35.494354,-19.608110,34.699371
35.951958,-20.374441,36.716515
-41.677296,-9.173704,56.015247
32.911079,20.002615,44.573273
32.595665,19.040800,42.454163
-30.251049,29.267725,44.601425
-32.105465,29.025011,45.250870
-32.109615,28.405699,43.246323
-25.424360,19.540186,19.348557
1.532167,-1.075592,50.543751
0.530394,-1.451100,52.637779
1.043111,-2.909036,51.059414
-6.571119,9.516242,7.697323
-15.142962,27.835354,27.359093
-14.475011,26.829470,25.558592
-0.073468,-6.374155,0.825248
6.587256,9.651331,31.810463
7.854968,8.922612,30.630333
8.353342,8.837941,32.656261
-1.274899,-15.725409,30.044817
-2.002318,-15.175066,28.530880
-35.180901,34.335602,56.015305
-33.326416,35.206371,56.015297
-34.453499,35.198845,54.620502
39.249146,9.754232,42.946312
38.433670,11.851915,43.301682
-0.139337,-9.698088,45.444122
-0.544427,-8.013728,45.262966
25.454807,-8.687693,35.445679
24.354454,-9.067576,33.863892
-3.962847,29.679815,28.848337
-5.535359,30.082245,28.373068
39.760746,6.382299,41.266701
39.626152,4.410861,39.613487
38.920502,6.633378,39.709106
6.700169,9.036146,36.402573
4.749068,9.282676,35.767227
6.205584,9.626160,33.889862
35.816536,7.683291,34.582146
36.409267,6.048410,34.342964
-19.736938,28.823029,30.949938
-25.299364,-33.636875,56.015144
22.609489,-19.122263,15.614933
24.364937,-18.628839,16.724676
35.142788,-23.943350,56.015194
36.764011,-22.531189,56.015190
6.265173,-3.187506,10.226935
7.484555,-14.024508,45.740559
8.426384,-14.822191,43.561852
6.400001,-14.641865,44.170025
2.103213,13.308042,56.015255
1.559275,15.803817,56.015251
-3.639784,-25.712353,20.515091
-4.825274,-26.438318,22.834368
21.480818,7.969856,14.415439
20.010616,9.283062,13.939989
-2.839375,32.811413,51.978546
-0.632638,32.531834,51.392242
-20.499817,-0.930169,31.626993
10.636620,-6.095319,15.779077
8.945641,-7.667226,15.161549
15.140233,-32.157505,34.363811
16.423708,-32.218426,35.926018
13.725256,-32.947414,35.800156
35.111397,-14.248603,28.768801
36.357933,-12.493577,29.879829
29.588213,2.839375,54.364635
29.328745,3.649749,53.010029
29.748814,1.931267,52.853874
-8.434903,15.729833,12.439803
-10.046895,14.645255,12.204724
-9.811424,16.977573,13.435171
-40.980942,-24.531290,56.015129
-34.619431,-23.602362,56.015266
-1.850676,4.050989,1.042827
10.230689,-29.944315,26.520618
11.735902,-30.466110,28.049461
-38.878189,22.996761,39.942459
-38.431149,24.487885,41.755032
-40.058662,22.736738,41.834034
28.887093,-5.381438,49.874859
29.375103,-4.692165,47.822262
28.501343,-6.589201,48.091759
20.040415,18.234173,25.839941
21.262745,16.955105,25.100864
-11.695092,-14.717253,10.689425
-11.554679,-12.967865,9.129972
-7.449232,-6.938142,25.206547
16.459591,-14.559840,40.020958
15.798553,-15.044245,37.613861
16.075310,-17.388298,9.498534
17.589489,-16.161520,9.520794
-21.397606,-1.296607,23.122194
-27.718073,36.976421,49.802925
-26.697744,-14.503642,34.105965
-25.503998,-15.643551,34.625423
-24.955446,-14.759721,33.090748
-20.036207,-8.119716,31.950693
-19.954746,-9.643756,33.604538
-20.181488,-7.745214,33.747726
27.347828,-5.657003,37.967468
28.038158,-6.444406,40.222000
27.875195,-4.230790,39.674618
9.410740,7.944143,30.369337
8.233582,8.364914,28.493681
10.370376,6.907223,28.490776
7.936540,11.197830,6.245177
9.195481,10.226787,5.774411
6.949164,10.200359,5.058896
27.397539,12.703415,56.015297
28.132883,10.532452,56.015476
29.472490,11.574221,56.015251
0.685983,32.229374,49.276054
1.241108,32.339211,51.211155
2.720478,32.091511,50.009499
-12.129438,-13.952200,56.015236
-8.972472,-14.783264,56.015240
-10.157908,-12.672290,56.015244
-41.194317,-8.726007,51.765453
2.513172,31.888620,48.322647
0.954177,31.860508,46.563789
31.741556,-25.459206,40.358543
29.904705,-26.611584,40.150242
28.492878,5.206654,52.399036
28.004335,4.406677,49.489674
29.275303,3.231664,51.411724
34.162788,22.241596,52.230663
35.794304,20.728943,52.750488
-31.694340,35.094585,41.938778
-42.158157,24.238115,52.133556
-42.484268,23.550007,49.975426
13.429562,-34.282970,47.751850
29.688721,-1.257797,47.079094
29.542440,-3.364972,45.866997
-32.888935,-6.849576,28.450586
-31.196627,-8.723349,28.096754
-33.806171,20.096685,24.571299
-35.460739,19.512602,25.745363
-13.384449,-17.107241,54.142426
-14.730862,-16.518543,52.102798
-13.299832,-18.359776,51.966358
-31.856152,33.353386,36.508511
-42.089928,0.456641,35.870983
12.519158,2.891939,21.192873
-44.462284,18.917721,49.148430
-26.704910,17.730894,19.621904
-41.058571,21.794718,32.851933
-41.337048,23.683273,34.466019
2.119112,-13.388522,19.142017
4.399225,-13.508260,18.845825
-31.439840,-14.679328,39.307770
-33.216293,-14.375460,41.020615
-31.791914,-16.068386,40.969265
-28.303202,18.262535,24.034571
-29.963100,16.524021,24.814184
-27.979361,16.179874,23.462992
-9.473294,-21.715771,17.429596
-7.926475,-22.113703,16.592089
14.020375,23.036623,29.281227
12.353813,23.838917,29.636702
26.029024,8.438745,52.833813
-14.954483,29.588198,34.914669
-16.225399,29.441992,33.428066
-14.480214,29.392248,33.071770
-5.127356,31.538021,33.513401
-5.901987,31.299353,31.461775
-7.124089,32.118595,32.910114
-14.535416,-4.222214,56.015255
-15.478463,-2.087082,56.015251
-16.770136,-4.108766,56.015251
-28.141973,-16.863167,32.259495
-48.382587,9.171484,56.015305
13.026689,-15.363404,29.172495
11.903277,-16.123573,31.393213
14.109381,-15.252457,30.891634
33.103382,23.591818,53.753338
34.794373,22.029331,54.324886
21.359766,-10.475964,56.015209
20.990837,-12.551615,56.015228
23.046108,-11.844487,56.015217
-31.612780,-22.778738,40.093662
-24.630596,-28.785847,47.049564
-22.594007,-29.396955,47.093563
3.774316,4.254732,49.986591
40.642166,5.822065,42.810825
21.387888,14.827744,22.193783
22.486546,15.192604,23.843122
2.831097,26.530720,27.571800
0.607226,26.953215,26.596334
1.279044,27.820715,29.314859
-13.184292,-3.997560,7.843040
-31.066452,-34.312767,54.056458
-31.428785,-33.460682,52.158367
-29.716097,-34.621826,52.555752
11.930368,-32.797298,33.945625
13.571857,-32.233349,33.257027
-9.741834,0.090817,56.015247
-11.174892,-1.140916,56.015251
-9.101353,-1.970699,56.015251
-27.759832,-13.139041,33.542324
-28.150467,-14.234482,35.227676
-16.337858,-9.712210,13.509431
-24.519852,34.182384,33.044575
-23.860764,33.718212,31.120655
-25.691141,33.278484,30.971882
42.023453,8.361375,48.587410
42.137306,6.677078,47.307606
-43.773392,23.032736,38.092754
17.846437,-6.220469,6.893286
19.409414,-8.022067,8.055683
28.966509,6.590235,22.330004
27.226231,7.886896,21.189974
27.976564,8.550140,22.771004
-0.179241,-15.734674,27.628763
0.686740,-16.353500,29.995375
-5.352996,0.510760,32.360081
-19.972088,36.024574,45.270485
-18.071075,35.841564,46.770081
-17.917809,35.678406,44.651089
36.932762,-16.214752,56.015202
36.016724,-14.322669,56.015202
-21.729847,29.907721,23.787199
-21.504744,31.201883,25.281565
-19.941233,30.972986,24.699965
-20.137688,4.215636,32.118446
-20.469929,2.912760,33.302906
9.494596,9.092175,48.454151
9.909997,8.804620,46.666512
25.762863,-22.971600,25.094179
25.151964,-24.502373,27.157757
23.926538,-24.051582,24.788107
-13.546966,-26.983702,32.087059
22.112223,-28.043087,56.015209
23.966331,-27.319504,56.015202
9.126660,19.997288,19.692390
6.819497,20.843481,19.651068
-20.152731,-14.748906,34.539341
-16.196466,-33.022659,42.642365
-15.310261,-32.141685,40.987423
-14.110841,-33.479393,42.590149
-2.592702,-36.680283,52.843006
-28.313114,-36.187611,56.015240
-28.247318,-35.616856,53.258347
-33.754070,-1.989047,31.597202
-35.006180,-0.725061,32.488197
-35.114120,-2.567625,33.704678
11.318592,-13.783024,56.015221
28.613266,-4.808125,41.730606
29.115086,-5.142598,44.167561
28.977608,-2.859686,43.505344
29.278406,2.217199,49.539295
29.727140,1.658274,51.210304
6.348547,9.660315,29.773441
5.994637,9.470644,27.046072
-24.298250,36.531681,46.218868
-3.951660,7.196616,26.295898
-2.796513,8.147553,24.458548
32.736851,-15.607134,25.729248
33.897293,-15.659572,27.798870
-8.610910,-25.149145,23.390409
-10.086282,-24.945269,24.557940
33.562649,-9.222391,23.355160
-15.443503,35.509354,50.566219
-13.748112,35.094204,49.830498
-15.893487,35.511692,48.334846
23.737003,22.681877,37.874863
25.699118,21.296646,37.350746
-28.566498,-10.374401,31.568169
-28.810432,-11.479060,32.882591
-27.151941,-11.805186,31.540934
-4.911470,-9.485536,39.291912
-20.869249,-0.537053,35.001472
-20.670105,0.404623,32.949570
19.753017,17.361776,24.199453
31.017345,22.932430,47.298389
32.768753,21.331013,46.874763
31.133791,21.736294,45.038578
-6.711193,22.058939,17.022108
-4.250686,21.749409,17.061411
13.898360,-16.551336,56.015217
15.711454,-16.033592,56.015224
13.843494,-14.343462,56.015224
-45.137196,17.299328,50.758305
6.675059,-16.656830,36.659489
-22.650265,-14.445261,32.081738
-31.264183,10.236311,25.768703
-29.478636,9.208698,24.582439
-48.271778,-7.931155,54.855137
-48.268978,-7.008778,53.711258
21.797091,-26.751095,27.628323
22.913538,-25.431227,26.228224
23.695206,-26.077770,28.469065
-12.970097,0.747988,8.206105
-5.280078,-12.922739,29.512310
34.682369,-2.623153,25.815418
35.327484,-1.868280,27.319244
35.653133,-3.813069,27.346678
23.472046,10.634687,19.382725
21.900679,10.610193,17.587788
7.415363,10.594134,54.199120
5.779873,10.718994,56.013786
-42.741627,2.668160,44.705120
-5.084589,-34.929527,42.347630
-3.402946,-35.742725,44.696339
-9.050883,18.707863,24.301809
-8.119276,20.480242,24.883495
-14.234869,31.594393,56.015263
-15.069658,33.376076,56.015289
24.360172,-26.522440,30.290325
26.394693,-25.444769,30.761412
37.427002,-22.772371,49.947739
-9.923255,-19.163206,13.753570
14.430136,-33.990997,43.703934
16.458336,-33.334618,42.494251
-15.509958,34.485592,34.428375
-16.755289,34.228149,32.397247
-17.780687,34.642357,34.002159
14.969779,-33.905529,45.651245
-4.980978,33.138199,52.160072
-12.151123,16.245197,38.172009
3.386592,25.879248,56.015259
1.645566,27.751942,56.015282
-18.474346,29.606255,36.987282
-17.404364,29.541805,35.028473
-0.319126,12.689015,7.927833
0.582008,14.462514,9.636021
2.292459,13.139441,7.921426
-25.946611,-32.689556,53.936405
23.374264,-19.753546,56.015209
21.089832,-20.403690,56.015209
22.352325,-22.078619,56.015209
-37.634029,6.336835,27.518259
-36.325275,7.557897,26.025883
-23.800442,15.171777,20.785896
-12.551085,34.647690,44.712105
-13.843337,34.877781,43.339783
-14.398383,35.077576,45.768215
-6.003927,33.242630,47.615398
20.942987,27.421539,45.810719
20.967022,26.499090,43.678474
19.055941,27.200897,43.766586
-8.071642,26.208054,28.537464
-7.109472,24.061775,28.363766
-42.922234,-0.523798,48.002110
-42.636669,0.510423,46.034908
-43.471504,1.221648,48.377129
44.813797,-0.551719,56.015202
44.963303,-1.397201,54.572891
9.388425,-12.332023,51.319168
7.421339,-12.126648,52.683277
2.768597,-10.924958,56.015041
6.195266,15.798246,11.507732
8.450787,15.403398,11.694097
7.289099,14.475513,9.980648
-24.727245,-13.119490,31.097597
-25.782074,-10.930224,29.687786
24.029528,-30.250719,53.925457
25.415350,-29.962807,52.498959
26.132315,-29.385986,54.268929
20.899481,10.444149,51.330517
-3.123382,-28.906271,56.015224
19.292479,0.199630,28.996380
-13.760052,14.028764,18.785440
-15.549593,15.116383,18.200092
-20.301968,29.780455,40.669708
-21.921410,29.790070,41.744545
-22.226116,29.398800,39.096142
-24.669794,2.742153,18.842833
-22.895752,1.594615,17.779179
-24.292349,0.581502,18.939541
-13.670856,11.468197,12.109013
-19.686804,5.975637,31.752537
-19.800322,4.612535,30.247498
-20.642624,-16.273371,23.864006
-21.279970,-17.366903,25.830156
-22.779612,-15.283780,25.223404
4.572868,10.420237,28.795563
-9.216089,-22.823713,54.187031
-9.547399,-23.810173,52.514500
7.543312,3.715578,15.072271
8.682719,2.149901,14.888400
5.977404,3.554347,11.847886
-17.821672,-36.915382,50.144581
-15.805980,-36.452854,48.677887
25.740122,-5.886686,12.816029
24.945127,-3.626438,12.407136
17.354691,9.879965,48.779827
15.901351,9.348602,47.191849
-30.923977,-3.907990,25.037216
-35.525642,7.416350,30.078157
-36.861683,9.255191,31.258598
-19.318445,7.397616,33.185577
-19.043983,7.823304,31.175917
-15.823423,16.102556,14.509029
-16.940266,14.968243,14.551647
-22.626062,31.818968,52.124775
-22.418535,31.447803,49.885181
-23.984217,9.228139,17.769096
17.693277,31.793474,54.652416
18.070724,31.276154,53.102161
15.763386,31.934481,54.027496
-13.366225,25.093893,23.279417
-11.903317,24.286329,22.564573
-19.408346,2.014300,27.249481
-19.018755,1.700300,25.415138
-19.417246,0.265341,26.654528
21.461990,1.501942,35.534317
20.391001,3.104929,37.197334
19.389254,2.594465,34.515484
-12.188784,15.611200,13.218667
-14.313630,15.591893,13.827114
-14.133055,17.384590,14.508539
-6.795215,-3.771414,31.655807
-6.203071,-2.134890,32.342274
-6.408631,-4.204917,33.426914
26.596209,-27.897097,37.561016
-21.427507,-11.357102,20.543478
-20.269358,-9.608847,18.385883
-19.397488,-11.945272,18.698124
34.809895,-16.145876,29.777973
36.022461,-14.655887,30.589947
5.873355,2.530262,9.870476
3.082784,10.507727,4.987962
-4.156986,-28.293570,26.235283
-5.287393,-28.878010,28.356054
-32.985977,-24.936489,51.466080
-17.695202,-35.833611,47.805088
-19.303749,-36.143379,48.847019
14.800386,8.801794,8.114857
-18.830063,2.246449,22.916958
-19.452053,-0.333198,24.332090
-23.920979,28.051445,30.607986
-25.940836,27.507236,30.563030
-36.729057,-23.540249,56.015255
24.099009,14.971020,25.301239
17.918575,-1.240440,7.057145
-34.827732,9.113632,24.526239
-6.136917,-1.345837,18.784035
-6.010982,1.310786,19.849537
-6.851780,-0.621353,20.799780
-30.071800,33.643818,35.620918
-28.387861,33.848553,34.693855
31.642805,24.933125,54.426697
30.250940,26.000357,54.431973
30.918743,25.634989,56.015224
-36.408241,16.089794,30.512106
40.079224,7.718432,42.982628
-37.868309,33.060760,44.245064
-2.859779,22.915178,18.598997
-2.323001,23.957376,20.015320
38.992409,14.136062,47.318405
11.719737,-14.586958,43.156773
-7.519962,-15.185521,7.587045
-4.506014,-1.107457,35.708874
-5.286503,-0.971497,33.841072
-4.606552,0.387270,34.185776
-13.501429,11.890824,52.834873
-41.914940,3.867991,41.670856
-42.114384,2.749197,42.863560
19.869574,7.798327,12.434478
18.384295,9.678018,12.476365
-27.586601,36.739880,56.015301
-27.849815,34.232647,56.015297
-25.552029,35.357079,56.015274
-12.918392,-31.292192,51.823353
-11.126040,-30.513336,52.798176
-12.010242,-35.226864,45.237309
-3.413186,32.437031,44.017540
-4.635514,32.598064,42.339714
-5.741936,33.005070,44.139568
-9.647902,26.681936,27.289776
7.110315,-35.193855,42.315525
-19.624962,29.170252,22.657686
-17.177149,29.330296,22.677980
42.284405,4.525426,56.015221
40.712997,3.594828,56.015217
42.067951,2.377385,56.015209
-40.215672,28.078056,37.280720
-40.696068,28.841372,39.312088
-38.998554,29.651838,37.812958
19.658819,26.171587,41.783554
17.915195,26.020716,39.917618
-18.475592,-13.745725,18.842180
-18.336668,-15.069273,19.787781
-19.700077,-13.763380,20.323433
-15.101358,-17.423901,48.976002
-16.096313,-16.592285,47.467236
-36.116840,-19.788881,51.201973
-13.933177,13.730187,13.005149
5.081808,31.983196,56.015263
4.220358,30.343931,56.015285
6.197931,30.652691,56.015480
13.632512,-33.467598,37.913582
14.381158,-33.527332,39.211227
12.754838,-33.933372,39.332298
20.538309,-19.736734,14.613186
18.116344,-20.912674,14.349483
18.982857,-19.589085,13.283753
12.755728,26.580109,56.015251
13.760219,28.552755,56.015255
12.257127,28.259535,56.015259
-4.964327,-0.995198,16.714930
-5.053969,-3.270702,17.111000
-4.074725,-1.704211,15.099048
-7.723098,-5.192200,26.253181
-7.610994,-6.377059,27.236120
-2.847452,-21.018375,11.391173
-0.892229,-21.481812,11.384182
-17.327154,-20.677912,25.632862
-17.472969,-21.703020,27.439476
-20.613144,-1.844580,41.361370
-20.709557,-0.325599,39.596157
-20.915487,-2.547926,38.307194
42.121918,-11.827334,42.453934
-6.826680,22.059151,45.808270
29.494347,-25.139540,56.015209
29.533728,-22.529463,56.015205
27.802382,-24.118906,56.015198
3.126963,-11.585297,2.838040
35.184441,-12.246688,56.015202
37.185364,-12.751339,56.015198
36.844334,-10.693083,56.015202
39.845577,-19.029240,56.015182
38.940437,-16.914606,56.015194
37.473171,-18.627378,56.015205
-5.168407,4.592747,2.973530
-4.862378,6.101773,3.828763
-13.205262,11.600224,54.631882
-14.285153,10.354640,54.328304
-8.302275,-8.709294,56.015240
-6.442107,-8.834613,56.015240
-6.936288,-6.281301,56.015240
-41.216011,6.751455,38.819569
-40.786728,8.810002,37.371010
-22.402418,34.181366,32.077656
6.569913,26.944553,32.358421
22.603226,-8.164798,10.293565
23.320314,-10.482085,11.128821
21.791548,-9.954957,9.916780
25.749374,-9.976680,38.848560
27.056389,-0.427683,15.434858
28.652275,-2.183656,16.567949
4.633307,18.938847,15.638029
3.601106,19.970634,16.786276
-25.472414,-17.620245,37.159565
-24.941935,-16.662140,35.590603
-14.029054,12.020698,50.457920
13.253259,32.143135,53.756718
22.124346,-7.828662,28.896679
20.605461,-7.955870,26.913563
15.624299,-3.408564,20.233284
30.342575,4.575590,22.599949
30.799507,2.743083,21.961443
29.123552,4.069233,20.518654
-47.442963,-4.295274,56.015221
-45.498558,-3.087935,56.015285
-30.680758,2.989825,26.654476
-29.142803,4.032474,25.229321
-30.815414,5.694522,26.131670
12.224451,-12.608188,48.498188
13.948681,-12.583360,47.556137
-8.577176,28.726166,45.047077
10.106097,-35.010902,45.403694
12.482183,-34.519157,45.136822
11.278581,-34.783928,46.977089
29.646158,-1.005181,18.250753
-33.151505,26.508661,38.080429
-31.171049,27.577679,39.193905
-28.277039,4.780866,20.759264
-26.598490,3.821298,19.884027
-10.486330,24.927782,23.877575
-20.981508,36.416199,56.014839
-18.627802,35.845230,56.015289
-7.940531,26.793772,30.080936
20.615889,22.772320,34.838303
11.736362,-24.540358,16.956448
-33.626221,35.876343,49.615604
29.041389,-5.818834,46.062191
27.858931,-7.951148,46.185638
-20.946871,35.437904,38.419041
-23.373423,35.330448,37.793400
-22.296938,35.667580,39.997398
7.739293,8.192437,25.977316
-16.716070,1.616477,12.342473
-15.673969,3.443804,11.523957
-26.094259,-12.374665,26.016253
-24.608704,-13.914621,25.842714
7.254268,16.889936,13.511330
32.538895,24.190886,56.015232
-19.182138,-28.587532,46.304535
-21.095190,-27.730091,45.514328
-20.640663,-29.391064,46.933819
-36.207890,-0.545804,34.026703
14.156697,-30.569338,29.411793
16.550774,-29.866867,29.469473
20.057276,0.299943,30.613329
9.173761,17.326735,15.187960
9.597725,18.444809,17.348253
5.997429,26.418798,30.297825
-26.305836,28.894876,39.817616
-26.185104,29.384550,42.304901
-14.173018,30.702982,47.235962
19.180737,-2.962130,24.654858
17.735935,-1.786539,23.553865
-22.601334,-12.859188,30.276394
-20.716391,-12.457305,31.390543
-21.166029,-11.200038,29.466183
-32.682461,-33.172832,53.998501
-33.637901,-32.572300,56.015244
-5.952233,-11.172493,35.548889
-6.665364,-10.611662,31.769478
-36.771458,-29.132332,52.566708
-17.491209,6.641113,23.730631
-16.531315,8.307876,21.515272
-39.870388,-24.309032,50.840588
-38.712646,-24.476582,48.881069
-5.401261,3.977451,22.693211
-5.548299,4.167822,24.638361
-4.847825,-12.025980,25.196005
-20.920004,-2.079489,35.929752
-20.855175,0.137243,37.104717
-48.387596,7.167068,56.015289
-46.555756,8.106042,56.015255
-1.207292,10.849870,6.306265
-1.146675,9.340443,4.749781
-2.940194,9.379719,5.595170
-20.996521,-1.383320,16.739050
-20.205744,-2.864064,16.239573
-19.484402,-14.694266,36.463497
-22.097281,-20.525610,30.745531
-21.806736,-22.156101,32.489986
-24.028002,-20.515783,32.487537
20.568254,-24.584446,22.230598
18.693430,-25.211912,21.843681
19.501387,-24.227867,20.708950
-19.173080,-8.835250,16.823120
-19.139355,-7.150690,16.154438
0.787374,-35.901119,54.340382
3.342029,-35.573910,53.935257
34.356106,-24.138264,42.441002
-18.245459,12.257963,18.408173
-40.241131,12.085381,35.913578
-10.446431,-34.824432,43.901146
-10.501657,-34.043953,42.265621
17.538994,3.531250,33.638298
8.282396,-34.548840,38.916683
-47.110054,23.809469,54.430012
-46.296902,25.482025,53.355175
39.062843,6.784292,56.015213
41.724125,6.357409,56.015217
40.793095,8.945307,56.015221
-42.020386,19.464672,33.224716
29.903444,0.378169,51.980782
-27.069248,-24.230118,44.293003
-27.638411,-22.849192,43.499363
-29.177134,-23.068350,44.626160
34.596329,3.381621,28.826830
-32.580074,29.577667,29.885521
-33.285774,28.249018,29.021801
-22.328938,32.226276,56.015266
-23.234627,32.031940,54.104923
-49.135303,19.976269,52.395000
-34.293922,35.532730,53.214199
-32.522827,36.054134,54.191963
-32.965160,36.142471,51.810177
17.799070,-18.132694,56.015217
18.053114,-15.343111,56.015213
10.275217,0.573029,2.430994
32.815022,6.732579,28.345554
-44.200356,17.530987,46.871387
-44.839367,16.553921,48.680969
-22.981539,25.520203,25.504166
-24.141235,24.545700,25.017679
-22.065363,24.690699,24.276453
0.838607,-15.409247,25.121550
-0.833919,-14.901125,25.444670
-13.083083,33.885887,33.441086
-14.851974,33.970314,32.274181
-20.974562,-5.279665,25.252003
-23.648113,-6.656903,25.889391
8.383498,-12.845231,49.130356
10.226214,-12.783249,48.935848
15.080110,-15.065125,32.309258
17.114782,-14.166274,32.909061
15.992360,-14.354489,31.034571
-42.098232,4.073884,34.239143
-43.082920,4.722980,35.671642
-14.524317,14.337346,36.014076
-15.678585,12.896046,37.086765
-14.108217,14.353685,38.415085
-11.662026,18.067629,14.350648
-18.458794,-10.755493,16.878460
24.227732,20.507507,34.183132
-36.592922,9.519493,26.005634
-15.825575,-30.544365,49.024864
-17.183901,-29.354710,47.356152
-17.804152,-30.900696,48.705914
-25.803154,-0.668222,20.244106
-26.235069,1.473828,20.069611
-14.167521,-5.110818,9.169971
-15.139074,-3.831687,10.312857
2.125710,2.289285,6.876800
1.026326,3.824456,7.638070
0.100834,2.671733,7.038998
8.233922,-4.940806,1.776381
-19.685192,24.361317,23.184238
7.565184,-13.254582,4.196235
-48.052872,5.063924,56.015270
-46.287155,6.105979,56.014881
-16.494368,35.502609,45.928864
-36.026970,-11.153465,41.874306
-36.494774,-9.210400,40.921501
-18.598879,-6.715542,52.697838
-18.458303,-5.126121,54.275570
14.934370,-5.207879,5.064155
-42.264446,20.531687,43.832523
-8.622993,18.393063,50.305016
-19.091223,19.923325,19.909576
20.091440,5.765836,42.557018
36.415810,4.554164,33.211784
25.221643,-10.847248,56.015213
27.654474,-10.874732,56.015205
26.469498,-9.205245,56.015217
-11.125169,-27.365604,30.510439
-13.038401,-25.907724,29.673279
-11.066441,-26.300493,28.366852
6.986220,9.308464,52.548489
-25.009775,31.853971,54.000961
41.139694,6.203255,44.270565
20.155157,-28.746096,56.015213
18.269812,-26.968912,56.015209
17.896551,-29.425194,56.015205
-13.341374,-14.496945,12.532976
28.655476,-6.468087,15.698191
30.488623,-6.204725,18.036665
29.867775,-8.707577,17.230267
-17.247952,11.023394,35.999218
-16.834867,11.903822,33.863583
-33.668579,-23.458868,50.513615
-31.930590,-29.490700,56.015148
33.268616,-24.374987,40.300503
32.514080,-25.286869,41.752308
-16.820267,-10.416224,56.015251
-16.587217,-12.046518,54.513027
-15.872322,-12.387717,56.015244
0.589991,-2.421854,45.698952
1.518291,-0.491378,46.344902
1.406229,11.702963,6.462395
3.734520,12.139430,6.699156
-27.452948,25.788111,22.847389
-5.213722,3.431306,20.464001
6.013474,-6.140954,12.011508
16.187952,-0.204889,22.816576
14.455267,-0.122111,20.429491
15.634765,-1.710887,20.843321
-46.615768,12.290053,56.012318
-48.149490,13.770697,56.015110
19.240057,-7.820210,25.041660
-14.996345,14.153337,31.708672
27.687780,-5.189503,56.015217
-30.575516,-10.585709,34.071110
-29.458191,-12.427496,34.626419
15.713858,5.401251,6.970649
-39.628124,-12.384614,40.509102
-40.820351,-12.179370,42.052975
-40.875591,-10.781961,41.157890
0.099781,29.561262,33.334858
-10.984587,32.588612,30.278219
11.147557,30.186584,46.314899
-17.975479,-13.908199,44.937473
-18.422897,-13.678905,42.758202
-17.306135,-16.073275,43.736713
27.769588,10.171138,24.106144
-47.263485,21.402956,44.686153
38.552372,-14.306703,56.015217
-36.539715,-21.467623,43.364162
-37.894695,-19.969212,43.733738
-44.370544,20.361679,56.015293
-44.601730,20.109802,53.522110
34.009300,21.023529,48.558849
33.314293,22.367311,50.307175
-5.625750,-2.730603,34.490284
24.716591,11.184051,21.408321
2.174120,-16.176233,38.011326
2.024966,-15.659624,40.115120
-35.388546,35.012115,47.722061
43.993305,-11.088761,53.483887
-1.904013,-28.999098,26.325508
0.465128,4.765878,38.394756
13.149299,4.438632,26.893370
10.935617,5.958981,26.219774
-44.617130,3.648926,39.016171
-44.928497,1.914540,40.459618
-45.710728,3.756425,41.200577
-0.142276,-27.385721,22.164890
18.682693,2.114921,32.220570
18.484463,5.375560,9.390250
19.960529,5.702963,11.087785
20.053192,3.919974,10.182182
13.024834,3.161943,4.341554
-49.028770,2.762140,49.843594
-49.078842,0.605781,51.173790
-14.931253,-31.732975,50.891392
37.544945,-0.918992,32.138935
-30.321882,-4.572111,29.249712
-31.111736,-2.091400,28.796049
-32.206226,-3.187949,30.447269
-39.935371,-12.810278,53.871197
-38.784580,-15.260331,53.392029
-39.330589,-13.578362,52.208782
43.996555,4.452985,52.127312
-4.057009,-1.973747,37.389496
-3.227730,-0.089397,37.281345
-3.019588,-1.554040,38.985542
-29.247663,32.221581,31.277458
-30.178844,32.816471,33.471252
-7.827621,19.236031,51.685333
40.410061,13.924857,51.589355
41.470062,11.840851,51.742588
-6.649375,25.924702,33.105793
-6.593241,26.338800,34.691692
-7.380381,27.313200,33.956329
21.048979,-8.704680,9.222160
21.274752,-6.756648,9.239916
25.156437,-19.640553,18.871908
26.991163,-18.692543,19.940664
25.885109,-20.359877,20.846518
21.764231,-28.973850,32.740437
-35.381004,14.745481,24.857601
8.500052,-26.203449,19.207720
-25.960840,31.224722,50.095932
-24.243183,31.117100,48.791855
14.349998,5.629841,33.747772
6.658875,7.981314,3.262725
15.523304,-10.836338,6.272585
13.035791,-22.767143,56.015213
15.220885,-21.952099,56.015213
14.104854,-20.493040,56.015217
-27.512062,28.030014,35.417454
-25.494873,28.578957,36.015511
34.890648,15.871811,41.499065
34.433640,17.770985,43.370811
-48.382973,-5.030848,52.570309
14.496960,-11.597405,54.308563
14.957248,-11.666955,56.015217
-36.045872,-25.072008,56.015255
2.224136,29.988447,56.015266
14.872784,-12.421902,24.508055
13.874759,-12.016973,22.715015
13.023726,-13.403952,23.880550
11.326030,2.793095,3.268481
25.468119,28.346304,52.387203
24.567251,27.705622,49.747719
0.453861,28.908588,31.552225
23.229370,-9.723686,56.015209
20.652294,-10.651423,30.295553
19.702057,-12.029391,31.460560
21.708460,-10.686720,32.098255
37.858788,-16.336006,35.250500
38.013168,-17.338938,36.637398
36.904549,-18.401335,35.674572
-23.313963,30.533804,24.958965
-18.155519,-6.945383,54.625076
-3.817500,-23.843979,56.015232
6.409188,-31.102167,28.410769
5.912104,-31.962168,30.371927
4.241631,-31.261616,28.970339
27.423796,28.146990,56.015236
26.901257,-25.970831,56.015205
35.895569,-20.251476,56.015205
28.717903,-26.786594,38.111816
-28.866840,36.942238,53.828346
-10.907213,-20.773668,17.396761
-9.372286,-20.793917,15.677986
24.916264,-9.858245,12.263508
24.097170,-8.674066,11.469854
-38.027451,-25.292986,56.015251
-38.764866,-23.126663,56.015259
-6.977154,-3.519495,56.015255
-7.090315,-0.517626,56.015255
3.083450,-4.622795,9.361876
5.276290,-4.687559,10.437057
4.810376,-3.525193,9.306135
-20.336994,0.401747,30.772074
-34.836987,-30.612778,51.645363
-19.134876,-29.470865,39.241413
10.293756,-34.020863,54.406380
-3.002963,-3.027803,40.213150
-2.014060,-3.468383,42.112728
8.716520,6.539223,3.146313
17.369978,27.039181,42.049015
21.427141,-23.097315,20.371855
19.303518,-23.253876,18.842268
-42.466808,5.794946,42.055882
-42.857235,7.261055,42.446716
-36.952705,1.179086,34.150902
3.663764,31.474112,46.807133
-0.164415,-13.181007,20.545488
-0.277147,-12.012817,18.459560
-2.175560,-11.418784,19.754574
-6.778202,33.169270,42.481720
-5.837408,32.782696,40.624023
-7.855325,33.339024,40.460289
-41.117508,-22.594336,51.231174
37.453682,14.023977,43.781902
38.065277,14.513418,45.667503
9.494609,11.553854,53.955811
8.501166,10.298067,52.596115
-13.469115,34.895702,54.379559
-14.027501,34.692337,56.015282
39.833752,-17.900684,42.027081
-44.192104,-9.537429,45.971882
-13.074437,-38.010555,53.849850
-12.148712,-37.956291,56.015224
41.982899,5.203471,45.677155
11.895764,-20.731153,56.015213
-8.635695,25.023815,19.492184
19.157904,-14.308626,9.463964
-33.753448,29.537176,49.349987
-33.364635,29.147444,47.001331
-31.722500,29.964067,48.608452
-27.439863,-32.705990,47.051006
20.641537,-26.295319,56.015205
-4.267418,4.087050,31.731754
44.496773,-0.508337,50.926735
44.842407,-1.099682,52.736309
44.702263,-2.504287,51.393482
20.622478,-9.559193,28.615356
22.024796,-9.246986,30.328821
4.770984,-1.206241,0.394113
-16.787373,-12.693552,53.003738
-15.850354,-13.544899,54.404507
3.904793,30.652182,42.952888
2.820602,30.479031,40.956512
2.247748,30.983377,42.813484
-16.112143,-6.202366,56.015247
-17.593864,-8.182224,56.015251
-15.177289,-8.459286,56.015251
-23.333305,-22.316372,33.899445
-21.628740,-23.919437,34.406582
-24.347044,-23.435669,35.814140
29.525961,25.283712,50.386055
25.397177,-3.105987,34.957314
24.143713,-1.885429,34.071529
19.531363,-25.922834,23.847282
17.331251,-26.526918,23.306610
28.989817,26.354177,52.411797
-15.928604,13.119860,32.881683
-7.483239,-7.003966,29.063778
6.024395,24.934742,26.716360
6.886739,23.707125,24.827932
4.588285,24.614851,24.904860
26.211948,-17.781672,17.802717
28.160736,-16.454008,18.911757
-40.028969,24.037373,43.822441
-41.353313,22.172794,43.713654
25.714907,2.956788,43.863510
-42.250233,24.778599,36.821667
-13.703525,-19.074465,49.538464
8.782237,22.228157,23.405994
36.991028,7.730447,56.015217
38.608234,8.977903,56.015217
-6.902552,21.736839,43.353249
-5.112341,5.138886,26.205593
-4.353328,6.070000,24.126497
11.815212,-1.037653,3.149760
12.094165,25.697041,34.040531
10.762479,25.508163,32.341213
-14.287014,13.672845,41.053192
-12.711412,15.370754,40.417698
-10.800464,34.249851,44.846485
-11.972355,34.456749,42.759495
42.814323,2.984356,46.598339
43.502991,2.915230,48.748085
15.106364,2.643850,26.237074
15.022570,1.938317,24.218086
16.784983,0.776246,25.413223
-0.124831,-4.284410,45.303474
0.701298,-4.290393,46.881069
-0.110560,-6.064219,45.777668
-10.174125,29.988466,56.015270
-12.044608,30.895779,56.015278
-25.454947,-26.524828,39.423832
-23.075138,-27.127869,38.719624
-24.814962,-28.266577,40.736107
-31.878326,-17.917995,42.646320
3.731835,-6.538955,11.145262
1.506952,-6.291173,10.690019
-3.802333,-27.503304,24.332333
-28.518888,27.454453,33.831276
-29.270288,26.801895,32.402153
-43.740170,10.338108,35.314953
-44.747116,10.339263,37.127773
-44.563801,12.041561,36.561737
30.857807,-25.525030,38.520454
1.083261,29.617241,34.920738
3.530008,29.789259,38.774845
-20.181866,-33.732651,45.110638
-19.742886,-32.814209,43.663879
-18.612707,-33.995003,44.975101
2.663151,31.256037,44.636124
5.282869,30.901739,45.220154
-13.257247,8.279188,10.828313
-11.667876,7.907586,9.724939
-45.007759,17.465256,37.675320
-45.419113,18.708282,38.799206
-44.440346,19.036476,37.101627
40.565674,-18.859407,53.971188
19.741100,-17.049837,56.015213
-39.492382,32.327190,54.192566
-40.698006,31.717115,52.286530
-44.428181,27.882341,47.939339
-43.361076,29.326967,49.942440
9.356199,30.100578,45.004368
5.241845,6.069141,44.228352
3.251057,3.907591,44.313911
3.551296,5.192972,42.401428
-2.944303,-12.991732,4.194995
-1.011741,-12.495708,3.497151
-38.524044,-16.389593,56.015236
24.738653,-22.795422,23.463375
26.442930,-21.411945,23.303574
-38.702251,26.829185,56.015297
-39.259094,28.945143,56.015293
-40.940166,27.626055,56.015305
-1.978448,1.495346,0.371410
-19.287498,-30.278002,47.807735
-21.096268,-30.772793,48.284462
18.572533,-30.488863,32.905758
4.547847,-35.572098,43.882660
6.504352,-35.420338,43.903355
4.885420,-35.721508,45.789909
-42.616657,-2.102164,38.235249
-2.795872,12.096103,8.117324
-3.462830,10.560301,6.960505
-11.334420,16.449781,42.114590
17.939602,-14.299981,37.697136
18.972027,-13.780021,36.228855
0.567126,-8.992945,13.732036
40.766457,-6.338047,56.015209
-5.164431,-29.661890,56.015228
-5.795241,-31.606022,56.015240
-3.599057,-31.806110,56.015221
-16.024601,6.952624,56.015244
-13.771958,7.222773,56.015270
1.838148,9.263206,3.888028
4.766734,2.137242,8.043118
-2.978405,-15.394386,5.772405
26.990343,-8.561605,48.195587
-45.528702,25.069925,44.434963
-45.062439,24.324894,42.026802
-32.846729,25.047274,32.999901
-34.396233,23.124796,32.045151
5.046535,6.157547,15.714124
-37.357422,33.579540,54.771481
-43.813152,-3.391355,56.015282
-30.202414,24.470398,23.777018
-30.939421,26.346197,25.399406
-29.041363,25.979979,23.928432
-2.331500,19.265102,14.780309
3.232071,17.169376,12.838487
-32.030453,-19.478424,44.068913
16.545450,16.384974,56.014771
15.852088,14.362320,56.017284
-30.193409,16.324564,21.394537
-31.954321,17.260685,22.622723
-30.418547,18.376863,21.847855
-44.460167,-3.739300,42.748383
-15.594088,-36.529594,56.015251
-16.857567,-35.059780,56.015079
-38.211128,25.781885,44.017097
-39.708092,25.530529,46.192307
-19.178040,-11.731890,42.025990
38.226326,-21.642225,46.553745
36.885517,-22.843231,46.010136
-4.350651,31.696730,35.572464
-11.917152,30.169422,46.349007
6.577430,7.936301,50.550529
-16.914288,20.668589,19.674955
26.729900,-7.387341,53.809063
13.835568,-28.018520,24.126146
-8.052782,5.160943,5.602301
-8.171059,6.792585,6.757104
-6.384809,6.611489,5.323034
-35.570301,28.136745,46.229218
-35.126221,28.809082,48.137886
-37.422741,27.833742,48.505283
-23.360958,0.710113,22.659674
-20.661182,0.660078,22.254953
35.350674,19.760113,48.660812
36.107338,18.238474,47.316128
-19.443928,25.984873,24.854891
-21.799393,26.519411,26.314898
43.021954,-8.857682,44.489491
43.588589,-6.785233,46.211281
43.578621,-9.140249,46.870220
-22.996145,-16.897223,27.198359
-21.373796,-18.727798,27.700272
-23.250797,-18.076853,28.881248
8.690669,-19.286407,8.466121
6.711751,-20.068117,8.953897
15.059072,20.943037,25.969137
14.217953,20.237488,23.977617
-6.970371,4.344593,56.015251
-8.520288,6.310940,56.015255
-9.058192,3.984451,56.015255
-0.124221,5.763336,36.717220
26.258141,4.688102,47.082893
24.493059,5.379744,46.125534
25.493166,4.165026,45.370853
-16.084900,-35.516640,46.804348
-33.697567,18.160751,28.027746
-35.050877,16.370203,29.013157
-12.050189,34.593151,46.612087
-13.463034,34.960209,47.941151
-5.417953,-5.206822,18.363604
3.365685,7.304104,38.638569
25.447741,-8.827578,52.761185
2.904347,8.151444,18.621866
4.216395,8.539188,20.616835
1.895967,8.932917,20.763512
-26.928703,-1.763333,21.291346
-25.208191,-3.222243,20.489096
-11.870523,-24.785259,26.271158
-12.893237,-25.149899,28.129934
-23.460896,24.477646,20.332378
17.849686,-13.135567,30.857527
3.924181,28.306292,56.015263
-8.623692,-24.886818,54.048214
9.304872,-32.327045,31.632244
-22.800606,-30.785528,48.549835
-16.908794,26.928387,25.747839
-25.402618,2.361977,23.182219
-25.461685,-0.296986,24.014683
-23.076487,-10.011194,21.407145
-24.090694,-7.855427,21.259079
-22.117105,-8.915919,19.969173
26.676504,-2.135788,38.684628
25.766212,-2.137295,36.876030
26.621695,-3.784720,36.936527
-44.265053,-19.148890,56.015263
-43.158646,-20.864824,54.436577
-43.254879,-20.970400,56.015263
23.531940,-8.822179,32.144096
1.161304,2.210664,53.336601
0.472133,0.503930,53.420357
-9.969470,-25.837852,26.279837
-29.482664,31.009792,52.646420
-30.244825,30.586525,50.321934
-27.745592,31.184666,51.309055
-23.784060,19.259502,18.504276
-0.432995,-6.538063,54.398552
0.318995,-8.175930,54.476112
1.015887,-7.302295,52.078747
-2.672655,10.367349,56.015247
-2.274184,8.527932,56.015255
-1.008984,10.088345,56.015251
-25.129831,29.650488,24.717379
-27.354233,32.506977,30.371479
-28.694498,31.548296,29.522509
23.199615,-3.651753,10.897969
21.724611,-2.105202,9.895741
22.921564,-1.286911,11.075498
-17.538666,18.613472,18.911957
12.920306,-21.977991,13.073503
12.275819,-23.490734,15.285755
10.876615,-23.073204,14.086771
-27.085693,-25.870375,45.619568
13.701692,-15.680475,32.837193
15.326979,-15.174587,34.059425
40.803440,-8.037789,37.720966
4.090110,-14.438709,20.659052
-18.868313,-11.988849,44.046543
-22.482836,-25.368284,36.579391
-20.367310,-25.850227,35.751930
-44.787766,-13.679736,50.083549
5.187969,7.620518,39.870529
5.000521,8.542852,37.676804
-25.229826,27.026724,28.858202
27.273426,-22.962498,27.187452
11.930134,31.831553,52.017643
10.822453,32.245892,53.873802
-7.033182,20.411379,52.861301
-7.107476,20.837139,51.255146
-4.131934,2.268085,33.581261
16.026031,-10.461504,23.372849
16.211699,-8.622441,22.002064
-20.934233,6.428228,19.822050
-22.440483,6.617983,20.439701
-19.806005,1.533636,15.360292
-18.292057,1.514465,13.951827
-19.532766,-0.569362,15.291044
25.325764,-25.399817,29.191401
-18.160530,-15.552550,41.283211
-20.833784,13.704891,16.083622
-19.889494,15.674760,15.949355
-18.614105,14.365373,15.119455
29.566193,14.420702,31.590445
27.733025,14.692879,29.424978
28.315922,2.393079,47.140327
28.515991,-4.331152,54.219582
27.550856,-6.031985,54.547546
-37.502628,-28.865858,54.558735
-37.850136,10.840376,32.308575
-12.862750,-21.985212,22.055336
-17.424942,14.085669,18.267719
-15.734105,12.677288,18.654156
40.163624,9.023624,44.284370
-20.157021,-22.028154,30.819324
-4.851681,30.443474,30.013939
-6.962688,30.972973,29.319740
-33.340031,15.772978,27.310932
-34.499535,14.351092,28.292557
-32.786045,13.506267,26.752941
-10.839141,-11.067087,7.311317
-10.724508,-8.907557,6.254206
-9.152930,-10.071667,5.484156
7.453568,-35.438896,45.692734
-20.951242,-31.418713,42.367245
-22.859818,-30.069000,41.637436
27.782318,-21.511993,25.422409
2.323253,-13.847531,44.218365
4.917785,-13.828662,45.684093
4.474725,-15.038204,42.907055
-35.035286,25.156719,37.311081
7.821706,-14.181489,20.922415
-32.563644,2.791752,23.976957
-47.941101,15.863149,56.015285
19.874012,-22.399841,56.015209
18.607964,-20.483812,56.015213
17.240391,-22.664589,56.015209
-41.620766,5.166730,40.322281
9.012907,-16.551870,36.355816
-42.998058,17.151270,43.036293
-42.286110,19.266157,42.696583
-42.474239,-20.765108,52.038269
8.617823,8.146352,41.705044
7.183190,8.156891,40.192822
13.133092,0.431141,19.199425
-42.743855,22.798147,36.081104
-42.529690,21.354620,34.817192
-43.739296,21.085648,36.698402
-50.130165,3.306564,54.500084
25.364273,8.995149,19.935383
27.376633,27.613962,53.254730
12.518986,20.146788,22.451050
33.719154,-25.632454,48.478180
35.071190,-24.449369,46.643406
19.437387,-21.694494,16.406578
16.886759,-22.261772,15.576900
34.548946,-0.643346,26.359926
33.674953,1.241641,25.723131
34.673374,1.222583,27.559582
-41.630943,-3.239656,37.235073
-26.855640,-35.790928,52.030739
-28.147078,-34.947819,51.356457
-25.991564,-35.221382,50.151722
1.968286,1.612748,44.900879
40.068214,-19.852516,51.894299
-1.470566,7.392032,19.651882
-2.653893,5.958652,17.889221
16.020872,3.397601,6.482248
17.388716,2.603424,7.345388
16.395220,1.127800,6.242957
-32.202045,-21.008036,45.508625
13.087125,-10.968977,5.134084
16.727720,24.980858,36.323574
22.958847,-5.761136,10.502407
24.248199,-5.185727,11.566605
-4.904638,-11.704260,4.071575
10.553472,7.596385,32.440216
-17.413702,9.010184,42.527298
-16.671019,10.819973,40.458767
-44.073437,9.965839,45.262577
12.930128,-14.860566,6.607646
14.186275,-13.025490,6.323205
-5.936367,-22.755085,16.096563
-7.275911,-10.727086,4.635116
-29.872805,30.219696,47.931015
-27.947554,30.804132,49.240391
-14.122967,35.229614,52.106602
-12.194749,34.689358,53.282948
21.580132,-11.940050,10.214032
19.905714,-10.584620,8.766559
7.810917,-15.488338,5.406023
5.707241,-14.424335,4.490389
-23.453730,35.937630,41.982269
-24.679857,35.645309,40.049629
-24.148693,-37.758556,56.015236
-23.057966,-37.859554,54.725662
27.935286,-2.373746,41.098801
-15.283022,35.435570,53.995529
-16.199812,35.292351,56.015282
-17.483021,35.346413,40.416485
-17.383917,35.140968,38.099075
-19.182035,35.421741,39.202026
42.065487,9.867916,50.669014
-21.821203,35.113777,36.210014
0.590956,31.929049,56.012024
-1.625307,32.108181,56.015503
6.982112,-4.376358,11.593790
-19.735838,-1.129978,27.956181
-13.804874,-30.141863,49.727753
-14.815808,-28.958357,48.027672
-4.953026,-8.577587,20.193651
-18.548183,-3.056851,54.478878
28.149723,2.906283,18.467726
29.134581,1.098420,18.620996
27.583820,1.378658,16.863094
5.864605,-14.973699,21.870867
5.982615,-13.913527,19.788553
30.941978,17.014372,37.054264
29.855021,16.958290,35.448280
1.464140,24.948647,23.347231
2.476604,25.685535,25.432486
3.218742,24.548901,23.791895
26.828588,-0.625291,40.739784
-22.760529,31.717276,26.379465
-6.520902,8.159130,6.621951
3.509455,-15.353421,4.897753
3.171640,-17.248550,6.263610
13.141825,8.850822,6.861331
-34.619766,-12.665477,41.238976
-34.781319,-14.412918,42.942131
-4.400451,-30.799723,31.948772
10.807381,-27.186716,21.519398
17.687214,-9.990981,24.980951
17.430485,-8.802678,23.513214
-12.159235,16.785614,33.713871
-10.415374,18.336597,34.170750
6.167157,30.174824,42.966259
4.838269,30.127903,41.615456
-3.964982,-9.812326,20.052170
-3.584187,-11.295238,21.582693
-28.107330,29.494713,26.272926
-7.911518,20.059181,44.723515
-19.628632,3.275551,28.609161
-19.869431,0.829735,28.746059
-20.231037,2.447907,30.852009
-24.571745,-15.377273,27.234476
-47.457516,13.651862,42.296902
-46.902069,15.652401,41.142273
-46.704433,13.783435,40.658485
-9.639159,3.160629,5.828418
-8.422502,1.895469,4.173610
-10.018030,0.873162,5.228549
-20.841024,-4.730879,17.270353
-19.210934,-5.101757,15.687612
-20.171732,-6.208244,17.000294
-16.941301,5.057796,56.014999
-17.557497,4.512136,53.721512
41.447365,-17.721403,52.584969
-31.463360,29.176867,28.409679
-2.160231,2.084449,37.136440
-1.022126,4.083165,37.055733
-0.584032,2.427507,39.278568
29.830135,15.588576,56.015232
31.409447,14.717514,56.015221
31.220320,16.609644,56.015228
-34.523190,6.689342,24.627691
-35.805267,5.127080,26.034643
25.081978,25.831120,46.069546
26.571466,25.119232,46.136017
25.791946,24.784567,44.523232
-6.964537,-2.433604,29.872934
24.284351,-6.567581,31.553591
24.959297,-7.621902,33.357803
25.255108,-5.193261,33.243908
33.537899,-17.555319,29.015533
33.131088,-19.030903,30.062710
-34.414642,18.429066,24.609190
-35.969177,17.034107,25.623018
8.711720,9.532909,50.773567
10.282043,10.805433,51.937477
11.672584,15.896295,14.459154
27.243832,6.080016,50.881615
-18.495934,-18.070469,23.363434
-18.752291,-19.179058,25.210814
-19.888500,-17.990416,24.985725
-7.538229,22.755024,25.942497
-20.627188,-34.028408,53.063652
-22.046558,-34.353607,54.391582
-20.189075,-34.711330,54.602268
-45.969280,7.093561,53.761665
-18.381968,7.176858,14.157671
-20.021812,8.702369,15.329762
-18.264444,9.136111,14.217085
-9.380490,29.079046,39.903831
-7.701357,28.206144,40.967670
-11.070927,4.447231,7.726835
-11.779458,6.101339,9.048138
-10.143428,6.757704,8.146263
31.296732,23.756245,49.710579
31.150152,24.866234,52.474289
32.516666,23.516180,51.659691
-41.148552,-14.175003,56.015274
-39.400063,-14.516994,56.015266
29.516342,-4.228020,17.053064
-9.506562,19.348166,31.791636
1.722532,-36.065907,52.434341
2.223917,-36.084499,50.871681
3.325589,-35.876175,51.951683
15.177757,13.575527,13.875175
28.521938,-7.045506,44.518997
21.412483,27.594933,56.015244
21.923658,29.340019,56.015244
28.616941,-12.930545,56.015217
30.736458,-13.445732,56.015205
30.184977,-10.536169,56.015209
-19.543102,-3.576779,48.677483
-19.769741,-2.911212,47.158855
-25.923431,-30.461979,49.569221
-15.478554,34.810127,37.051376
-21.064354,0.686338,16.523031
21.344044,28.018023,47.492046
19.712023,28.729832,47.876492
-32.727924,-1.456756,30.150429
-32.397213,-0.044179,29.187145
-27.180054,19.519085,23.701925
-25.768345,20.127140,23.097954
-13.716223,-20.203064,47.800388
-28.299978,-0.163828,25.752998
-29.708353,-1.298288,27.211567
1.288953,-29.431868,25.794491
23.173262,-10.071955,33.442657
-30.632854,13.916987,25.112648
-3.785193,-11.148573,40.676575
-6.966719,-8.848013,25.711590
-19.524103,-12.590600,36.691914
-24.083935,27.266542,22.244329
-21.989414,28.156689,22.278101
-22.203983,26.164606,20.872477
17.455078,-31.623610,56.015198
37.127460,5.427240,56.015209
34.223564,-13.705914,26.818909
-24.297585,37.072472,52.438595
-30.788651,-10.871854,29.335226
-27.281715,33.425518,32.521584
-30.067049,-35.075409,56.015171
-19.743830,-3.325653,27.207090
9.509727,12.840197,56.015030
20.583082,16.047474,23.088291
-33.494953,-14.613357,35.159531
-31.723671,-15.762260,34.473438
40.490524,5.007329,56.015209
18.962084,31.814749,56.015244
19.556723,31.258284,54.257187
-19.775963,-23.572165,32.499363
3.622149,5.280208,51.916561
-38.123459,22.837934,38.225517
1.015706,-25.515814,18.133562
28.735645,27.058546,54.317562
29.257174,26.877632,56.015221
-7.992828,28.099440,49.846851
1.749091,-14.388732,21.556946
-0.720409,-14.133831,23.269220
-1.929149,-23.755886,15.643249
-8.307543,-20.290678,13.852712
-7.914080,-19.383537,12.157996
42.839653,-1.945058,44.418026
43.360882,-4.131218,45.517300
11.807144,-12.194018,50.625721
25.788797,0.670758,40.727463
25.827042,-0.331656,39.401382
-1.271636,23.134527,19.348223
-0.754483,22.068550,18.172812
18.079742,30.441479,50.873348
16.245239,31.243635,51.925949
-12.047058,13.202367,12.108739
-11.742947,11.614079,11.330348
31.623857,-1.226944,20.998308
42.327560,-0.050306,43.630981
42.143917,-1.741139,42.468563
-27.512491,9.182686,19.810461
-25.671158,8.735972,18.786322
-26.279591,7.132125,19.278742
6.701781,-16.739305,28.466473
5.074894,-16.806290,28.785685
-20.939838,19.814543,17.483387
20.524538,-26.416475,25.679237
-36.362766,-6.918779,32.259953
0.603284,3.278480,54.659786
26.851568,23.386990,42.818565
27.885616,23.879362,45.013515
6.865561,5.066792,16.190414
-49.108673,-3.338715,54.013828
27.219498,-5.568198,14.245446
-15.495841,19.471737,18.855942
27.245634,6.950616,52.453396
-4.837712,27.253632,23.424311
-7.167821,27.016500,22.081568
-7.082705,28.516050,24.208090
4.158324,-7.366206,1.344053
6.169851,-7.921165,1.847498
38.243824,-8.768734,32.247341
8.345015,-21.055464,10.356365
-9.936625,-16.346966,10.401109
16.961426,-14.619745,35.582085
8.865072,-27.094042,20.899393
-22.585646,10.596704,16.906866
15.085204,26.917761,56.015247
-30.624016,-23.900379,46.484253
-32.110043,-24.357599,48.740570
1.020548,9.534438,22.700907
3.361816,9.394344,22.534239
-3.152713,4.550740,33.497242
-48.422756,21.837067,51.344540
6.010401,26.989431,56.015259
11.920472,-11.901999,54.073112
12.833122,-11.885187,56.015224
23.377064,6.666498,47.125031
24.879370,6.140903,47.725857
-6.650025,22.382889,38.348072
-6.030149,24.315231,38.326530
-6.339108,23.393988,36.445770
-12.743614,29.781322,39.359818
-42.015762,17.513193,40.785061
-42.747017,15.704914,41.731133
18.581224,3.344769,8.579733
17.239965,4.451581,7.834105
-44.780903,-11.813375,48.678661
-45.437073,-9.683908,48.560631
-44.004616,-11.470196,46.924633
40.050663,-7.169195,35.980919
-9.634130,-27.510521,29.356972
-0.658402,-0.317681,54.518063
-0.861240,-2.501426,54.343754
31.511539,-24.174911,56.015198
31.338749,-26.440561,56.015247
24.843826,0.842338,39.541840
-46.588169,-6.741480,56.015270
-8.001687,-16.672329,9.208198
-8.545352,-17.770706,10.720327
13.496635,18.597263,20.572578
11.508429,18.576752,18.934650
11.343874,19.626577,20.627171
-50.039806,9.120791,50.674404
-50.038239,6.667294,51.617863
-30.959173,-22.349470,45.430653
2.590011,-15.695057,24.619106
3.820612,-15.359413,23.028307
1.635004,-15.134959,23.574324
-9.676587,-7.830895,5.055979
-10.033489,-5.804241,4.863604
-25.126528,5.071545,18.816893
-23.156557,4.117582,17.644638
-11.961811,-18.838715,54.075188
19.157021,13.046126,17.455055
10.728305,4.136073,20.350918
-23.192684,19.150732,21.363327
-8.674939,-11.981651,6.118210
-48.230671,-8.767326,56.015270
-29.160200,-8.880801,30.928780
2.053441,-3.737316,0.254278
12.060671,-26.149969,20.012085
17.323284,-0.479445,24.316893
-44.155556,17.352819,36.107433
-14.743126,-25.476858,30.674713
-50.002983,11.070225,50.073368
-50.361568,10.780334,52.039040
29.167007,22.351656,43.525368
28.183535,22.260931,42.110889
-14.302688,22.747478,20.781612
-12.651693,22.735445,20.808802
-14.222900,23.934532,21.923826
-7.022383,-30.261782,56.015190
29.701702,-0.225819,53.911987
-15.048295,10.102577,52.203369
-15.659670,10.165869,49.342876
32.540779,-26.214199,54.236706
-27.051571,37.125496,51.734680
-25.462063,37.002491,50.038116
-4.449372,-12.009115,38.884071
23.163441,25.934736,44.403667
-21.753077,-21.052635,40.036892
1.759688,-7.960002,1.308055
1.268210,-10.098538,2.145527
38.405380,-20.836704,56.015198
-35.798534,-12.801479,42.947960
-49.453598,-2.330687,56.014282
-13.171368,-17.734146,15.813186
-11.513814,-19.282152,15.739974
36.279861,-10.244604,28.786087
-20.091988,-4.333800,45.567123
2.180623,-31.473181,29.949276
-0.123257,-31.566303,31.129696
42.933147,-6.403494,43.863510
-40.187092,10.023142,36.026119
-24.657396,25.484213,21.348936
-0.151937,-11.026803,16.780554
-1.617553,-10.579689,17.782055
-14.927044,5.626061,56.015244
-12.733739,4.695463,56.015255
26.511255,9.821898,22.144255
-19.500734,-1.457910,26.156990
-49.207882,13.968924,47.007473
0.740182,-11.756485,2.938490
1.474931,-13.934184,4.070250
4.747808,5.190329,48.213104
14.275848,1.634692,22.178116
25.350698,-16.991571,16.023470
23.819183,-17.658813,15.145652
24.288393,-16.005354,14.213347
37.486320,-15.038415,33.421654
36.498814,-15.560818,32.082653
37.129288,-13.560258,31.821865
-3.253202,-36.504421,48.743855
31.386305,0.716395,21.599871
32.321815,1.492973,23.537863
32.455391,-0.511109,22.668535
37.248325,19.225555,53.997578
24.053055,-11.090703,45.535984
-14.973906,-28.858305,36.135231
-19.094658,4.296289,43.895416
44.148174,0.653831,49.908802
-1.157528,-36.243172,54.378296
23.859980,-4.043025,31.097002
24.558533,-3.274981,33.059307
23.306086,-1.897324,32.458572
-3.520913,1.284482,35.554157
-46.302906,12.798669,54.208847
-8.668512,19.363272,40.403973
-10.708134,17.317421,39.995850
-20.014011,-6.467425,30.043079
-26.506346,28.107113,33.965202
-10.708560,-5.179332,56.015255
-8.908230,-4.505428,56.015247
-10.779351,-3.242693,56.015247
-44.030571,26.559093,42.665585
-43.284107,28.112873,43.929455
-42.641869,28.230007,42.426804
-36.883366,22.335505,35.079819
-36.689247,23.547531,36.730114
-32.534725,4.704249,27.793228
25.646061,13.664932,25.430099
26.748827,14.016351,27.243059
-8.634068,28.795216,52.120045
-6.477275,4.880695,4.142857
-7.939859,3.609763,4.562155
5.610009,13.284236,56.015221
7.628490,11.906219,56.014633
7.799698,13.878425,56.015198
-41.056549,-3.337916,44.777775
-41.778034,-1.009780,44.713993
-42.156460,-1.746325,46.513573
-23.119843,36.847824,50.173481
-1.180962,-20.797909,56.015224
0.458656,-19.187195,56.015228
-2.334670,-18.748783,56.015232
-30.063406,11.621059,24.776386
-11.128014,-32.820312,40.218323
-11.826920,-31.596888,38.467674
-9.726419,-32.474823,38.896259
15.926306,19.560562,24.234144
17.983057,18.706013,24.654436
-13.178928,15.781059,34.696972
-14.723116,14.380693,33.729954
28.650833,-19.878445,24.147717
27.809519,-19.237797,21.880919
29.497885,-18.148129,23.023716
5.370774,-22.556400,12.235605
6.647182,-23.165501,13.348843
-3.984367,-3.913317,15.592548
-45.200138,9.549684,49.516987
-19.707232,34.856884,34.675770
-18.796251,34.429092,32.636765
18.164434,-32.907871,48.184444
17.060860,-33.293312,46.131130
-45.979168,4.305354,56.015152
-12.829980,-10.650059,9.149898
-13.012538,-12.777538,10.706953
-14.610695,-10.608848,11.484659
-21.453882,23.296911,22.869398
-18.040539,-6.022386,56.015209
-48.743797,5.900805,47.500149
-33.078911,18.647041,23.648829
-17.542471,34.930004,35.852421
6.308595,6.331995,17.723537
7.146888,6.625128,19.540005
5.246278,7.538447,19.034460
35.507759,14.065142,40.305977
12.375659,-33.661335,54.075459
-5.645072,-36.615452,48.677181
-2.035395,-14.729685,26.784523
25.749302,-10.429540,43.457710
27.560057,-8.602650,44.079060
27.113712,-8.972252,41.188072
-33.831779,20.239162,28.967724
-31.999891,19.841043,27.087721
-14.268374,-3.315283,9.147776
-13.126692,33.326092,31.055771
-11.454379,33.210495,32.105953
-36.811581,32.983898,41.897156
-34.700901,33.405685,39.996468
-36.554691,32.309906,39.668736
-37.297203,-26.077946,48.524612
-37.096313,-27.669998,50.364441
-43.758137,16.655102,44.894398
42.535007,-0.129096,56.015202
-21.904694,32.716488,27.944292
-22.409885,33.505901,29.982656
-6.322484,-18.294373,56.015232
-1.235695,32.582401,53.544792
-20.491253,29.445807,37.301487
-19.486347,29.678986,39.089645
37.791088,15.437138,56.015224
27.020182,26.250225,56.015244
26.693405,24.384373,56.015244
28.735432,25.087675,56.015263
1.367136,10.700749,26.178650
32.805737,-11.592020,56.015205
32.286903,-9.275361,56.015205
-13.564691,-36.829376,49.313290
23.717886,-30.711905,51.754372
22.387873,-30.924166,53.472191
2.498040,-16.152712,26.378870
4.238155,-16.507923,27.083588
4.616757,-16.075045,25.079493
-6.492089,2.815813,2.952750
9.506231,16.079350,13.292141
30.525959,-0.105700,19.892246
0.250618,0.991375,6.778223
-37.830303,33.614407,53.219582
-50.163956,6.084579,56.015297
-50.329784,7.893264,56.015049
3.778378,27.061546,29.840034
39.584908,-5.629272,35.102001
-10.165121,17.128700,46.537682
-9.106746,18.421743,45.879826
14.224900,-16.769739,8.196713
20.488352,25.761654,56.015244
9.998907,20.939140,21.942192
-47.613960,21.842764,46.457523
-20.482714,32.117496,26.470669
2.417038,-1.397754,0.031813
22.735317,-0.227009,34.325157
-7.272844,-21.618158,56.015217
-1.018562,32.293747,47.432934
-32.059502,32.151833,56.015293
-33.598740,33.203957,56.015297
2.305641,-9.672487,51.733177
3.582040,-11.065745,50.825260
2.479565,-10.063101,49.790337
-36.309975,-17.353924,48.079334
-36.255535,-15.809832,46.312347
-3.062210,-13.161719,39.919235
-1.362465,-14.088636,40.789181
-2.317060,-14.401650,38.828606
-28.978247,-29.624792,51.704426
-12.007779,23.880842,18.111486
12.778232,22.667551,27.443365
-35.644669,-3.644298,35.181503
29.973801,18.603544,38.085003
28.846931,20.322269,39.433525
-24.864969,-36.476589,52.036102
-43.776264,-2.516161,54.151340
-43.301010,-4.115348,54.388435
26.383120,3.707753,16.829559
24.635544,3.126835,14.555948
24.556562,5.367939,15.876147
25.886911,11.786682,23.477009
-41.210278,3.511302,40.255829
-40.457848,4.384320,38.327454
-25.424326,-31.504997,44.444973
-24.937714,-30.077311,42.627167
-23.216187,-31.545807,43.472267
-16.294777,30.850216,46.856960
7.825751,5.071098,2.202252
9.072738,2.815858,2.126782
-0.399849,8.485034,21.180325
-46.916710,-4.573020,48.514259
-20.604467,-14.742629,22.252874
-19.031441,-15.862478,21.456261
-44.797180,27.732588,50.506332
-35.735577,-8.148436,38.890064
-34.540894,-10.787812,39.501995
-33.959908,-9.242175,37.309933
-21.241346,35.828583,41.671654
-19.611633,35.812881,43.208454
-19.268175,35.615154,41.212219
39.536690,-20.214308,47.375748
40.344723,-18.823828,46.285748
-25.906631,35.947094,42.084457
40.536514,-10.302181,56.015205
41.427563,-11.806442,56.015350
29.724911,9.370757,56.015285
9.191898,-9.943783,3.309914
10.960150,-10.964890,4.273761
18.517811,-12.589504,8.416209
20.063494,-12.871949,9.479679
23.219276,-7.591898,30.397402
-41.179398,16.778936,38.573818
-40.508530,15.921350,36.895508
-31.121517,-11.787325,35.990547
-32.642345,-11.374951,37.531105
5.796951,-27.818720,21.976568
-49.397785,9.723653,48.130871
-35.890228,27.126682,43.779972
-37.704811,26.880629,45.851921
-17.229435,31.926701,53.814457
-14.832696,31.607904,54.133541
-20.001669,-4.378287,29.415009
37.359856,2.970195,33.972843
7.555906,-30.908878,56.015217
7.663705,-32.510208,56.015213
9.311139,-31.835304,56.015221
42.146088,-16.462116,51.128891
42.674530,-14.833865,49.448967
-19.188688,-10.482645,45.794624
-19.685392,-9.650799,43.370087
14.551401,2.270227,5.158631
20.712450,-28.008816,29.150951
40.530022,-8.435628,56.015202
2.202941,29.768797,37.035595
9.066113,5.336229,19.876266
7.901145,5.299883,18.054348
12.266109,-29.357691,25.999218
5.283601,-15.963221,56.015228
6.560089,-17.590393,56.015217
6.807195,-15.643665,56.015221
-33.929272,-11.734650,33.226242
16.197872,-11.566897,50.159325
15.810279,-12.065475,48.194660
-39.961090,21.806829,31.356394
4.498911,-34.981354,40.083431
6.792535,-34.959122,40.479851
5.373359,-35.292858,42.147358
-40.068432,-22.734566,49.287613
7.413175,30.315348,44.435341
8.355494,29.554901,42.467476
-0.249587,13.957520,56.015255
0.470347,11.863531,56.015244
4.756549,-30.267857,26.743887
-40.233498,-20.609562,47.461178
-40.960274,-18.318409,46.717945
-39.642921,-19.037502,45.283104
15.373363,11.794501,52.012703
-9.640773,23.769617,22.926771
15.922618,-21.426481,13.744064
-28.780987,18.216805,20.866529
-27.324600,19.996469,20.421572
39.208679,-11.886246,56.015251
-15.873096,-23.269371,28.126854
-14.953629,31.910734,26.547291
-15.620938,32.632561,27.795847
13.985868,14.496494,14.095775
33.972404,22.784533,56.015240
-15.620126,8.530935,53.987679
17.559645,-10.247004,7.260898
6.214982,-16.485786,26.791393
33.469074,-0.852753,24.278978
2.397235,-30.488604,27.690823
-12.439429,-32.337143,53.984753
-17.421021,29.786652,38.683296
-5.115016,-5.289868,1.675858
25.449799,-8.161889,12.522144
-19.026979,3.556115,26.567499
-18.393316,5.240823,25.562763
-18.541971,3.456921,24.751524
7.417986,32.121105,56.015347
6.147723,32.238670,53.912746
13.800415,-25.195656,18.962992
13.754213,-24.181335,17.143148
15.181436,-24.354870,18.143120
-9.256286,-21.264359,56.015236
-10.655485,-19.343239,56.015217
-22.148336,-19.315811,38.189934
-46.679688,10.124195,56.014618
-46.737003,23.272655,45.484287
-47.297779,23.157644,47.549133
8.272124,-15.541903,41.434067
-43.433109,12.815721,34.521931
-43.831745,15.305717,35.252586
-42.697525,14.670642,33.321953
-0.065676,-13.365572,43.064957
-16.161749,-15.477109,49.991062
3.798142,0.205423,0.204086
29.147768,-17.298874,56.015205
29.091673,-15.076067,56.015213
3.931039,15.986331,11.361021
5.049692,16.809963,12.675922
-17.602606,35.497238,42.412224
-16.052433,35.332958,44.053848
-5.378182,-11.176068,37.467144
-11.897975,-2.654379,6.445521
-35.248623,23.891523,34.671837
5.706091,-32.714939,32.277611
3.959822,-32.187443,31.175056
0.345844,-0.666045,43.946873
4.349895,13.507925,8.264496
37.089443,-22.936138,47.819592
1.198595,-34.039497,37.224747
35.169037,5.670781,31.699135
34.112839,5.789510,29.832809
-15.456582,-21.049593,44.577377
-14.439754,-20.483032,46.187908
30.085609,23.602510,56.015228
28.262625,23.299885,56.015236
17.809669,29.771252,49.041470
17.649168,29.099516,47.308418
-32.608910,-6.600984,33.172234
-31.381847,-5.697923,31.019548
-12.640369,29.461082,34.862751
-40.858738,-5.086631,37.175961
-41.400105,-6.087874,38.717545
-42.243900,-4.366572,39.004276
-26.567072,12.830552,19.150188
-37.643986,15.929852,32.097435
-36.968769,13.885729,30.985996
17.345631,-19.773125,12.436480
43.410786,-12.859922,50.210587
-40.404575,26.458134,35.536240
-2.841554,-12.444214,56.015240
-4.695119,-10.303606,56.015247
-4.876278,-12.505344,56.015236
-30.394691,9.592939,21.463457
-29.148941,10.068240,20.691755
18.482756,1.202065,7.870151
-18.171526,-23.448149,30.860521
9.504496,-13.550799,4.808438
9.192575,-11.924356,4.021321
-46.057522,12.574178,39.374454
-45.414711,11.325308,38.240486
-46.083611,10.793208,39.665054
-33.779957,-29.477156,48.144020
18.764561,23.956982,56.015247
20.321417,21.013140,56.015240
7.313902,-34.122852,36.738941
-37.573849,-4.332417,38.661716
-38.807690,-4.213170,40.670815
-37.707611,-5.633833,39.885029
-2.225799,-1.047987,0.283778
0.074197,-2.809457,0.106719
-2.075073,-3.237012,0.402085
11.459118,-15.873735,56.015228
-12.672206,-19.815800,50.694641
-12.256660,14.733448,22.743196
-10.849665,15.884411,21.318254
43.126595,-10.856795,45.799732
-48.293278,0.605962,48.895153
-48.215202,2.158388,47.868069
-47.381306,1.009008,46.391171
29.668573,22.973093,45.433872
29.151131,23.810646,46.495869
7.079618,7.295197,45.699799
-3.457217,7.249843,56.015255
-17.649096,-0.535484,13.326464
-1.543823,27.401310,25.844896
-2.299254,26.462881,23.596830
-13.881726,-12.516424,56.015244
-11.731363,-11.041340,56.015244
-14.300242,-10.518372,56.015247
17.468628,20.554058,56.015240
16.206854,18.761053,56.015453
-28.841618,-14.531271,30.648396
-29.502604,-12.806858,29.709549
15.590634,4.426955,32.469624
-33.940651,16.548126,23.911915
14.701114,-22.782217,15.193140
-23.166872,-8.795626,27.117840
-50.428379,12.522365,53.819653
37.605816,15.937519,46.780277
-35.469677,-16.603163,38.655094
-36.079323,-14.482095,37.709690
-34.395500,-15.696695,36.918301
21.538656,-4.562470,9.461799
-3.325448,-12.745100,23.809202
-2.229296,-14.051733,25.051865
-9.112131,28.330549,23.060698
-9.244190,29.706451,25.027658
-4.415661,5.382255,29.844456
-36.612030,-17.192181,40.266880
-37.136814,-18.444338,41.759201
-38.436344,-16.033140,41.538208
-17.313332,-13.784230,49.187271
-17.012041,-14.820760,47.941246
4.408140,-34.663109,56.014835
5.354296,-35.036343,54.429871
-4.278704,11.220577,56.015255
-2.012133,12.170283,56.015251
-4.206659,13.561410,56.015255
-48.525036,3.942302,47.804512
-49.298023,5.191186,49.476334
9.048355,-33.635227,56.015137
8.441850,-34.326187,54.675446
-27.090261,-31.437094,45.235851
-28.919270,-31.217192,46.074017
-38.744152,30.990660,40.155357
-6.049506,2.246782,28.252131
0.507357,31.539963,43.744518
-31.054419,-17.318363,35.209682
-29.408279,-18.850838,35.189117
-39.988228,-7.257710,37.332760
20.662506,15.950458,56.015461
0.920613,-11.992520,45.236092
-38.866062,27.244469,34.212616
35.983845,-6.167895,27.685410
-12.133319,-8.643855,7.515437
-7.314681,21.480127,36.585560
-45.170528,-17.289488,56.015266
-46.082470,-15.276037,56.015266
-45.043484,-16.910614,54.087994
-33.520664,7.744877,23.707964
-43.682747,-1.418377,52.148563
-43.010700,-3.912804,52.552708
4.967856,10.955337,5.486847
-38.531731,-14.788754,50.983906
-38.122112,-13.979591,48.386055
22.013670,28.516043,49.199970
19.839771,29.616297,50.062370
-7.921077,22.546495,23.727638
-9.494771,5.263760,6.821697
-6.112720,2.314211,21.786230
13.546692,-25.332594,56.015213
15.307950,-23.927776,56.015209
-20.632343,-25.469522,43.850399
-45.871082,-14.649766,53.769600
-46.769268,-12.957149,54.716450
-15.927380,-38.377510,56.015236
-35.015732,-13.723160,35.976410
-16.971212,33.345673,56.015285
-18.527927,33.874306,56.015285
0.224166,-0.913595,7.142590
-1.074201,29.032003,30.109932
-0.674924,-8.205954,56.015118
3.032981,22.514668,20.290279
3.256683,21.440268,18.792128
-6.393547,21.579926,54.350887
-6.393890,20.685656,56.015923
-5.988696,22.700575,56.015232
-46.218582,20.524475,56.015297
-6.045099,3.056112,26.249718
2.804215,31.926464,56.015263
-2.006574,-1.624117,9.487325
25.629833,-8.326271,54.585293
-7.487639,-28.287193,28.941189
-8.942694,-28.651257,31.037157
20.656528,1.002685,33.190357
-41.903557,30.766039,50.799301
2.807640,-33.591587,35.320118
3.472819,-34.369560,37.729523
-13.076386,-32.470123,40.505024
-14.621088,-31.048092,39.080124
32.848717,-2.501308,22.534807
9.303138,-35.160034,47.708721
-23.712381,29.103191,23.616926
-11.215573,7.092454,56.015259
-9.399062,8.961624,56.015251
31.619339,3.684368,23.880894
-21.610119,24.213478,19.571880
5.253965,-34.016796,36.253635
-1.377714,-30.043707,56.015221
31.542505,17.702423,38.903141
-17.830330,-12.739015,17.314253
14.394092,31.561089,52.032833
-31.325933,-12.303007,31.067356
-7.561823,27.749727,53.955990
12.100155,24.631697,31.296345
-18.597063,-1.097300,53.857193
-18.365932,-1.663407,56.015263
-18.145502,0.774618,56.015259
1.010965,-35.912956,45.525105
16.440020,11.459325,12.349172
-18.211540,29.267420,32.812351
-15.861748,33.544502,30.154913
6.783220,18.393269,15.664750
5.556836,19.461048,16.783737
7.447826,19.496624,17.792770
34.244301,-25.083590,54.330334
-33.962444,26.521727,27.992575
-35.682240,25.393515,28.735672
-12.410265,-4.850436,56.015251
-13.156485,-2.182200,56.015255
0.916565,1.425135,42.909294
-0.589334,0.358458,41.371807
-30.036699,19.084141,25.365660
42.547115,-7.737137,56.015198
44.509331,-7.290409,56.015141
42.700474,-5.626617,56.015099
7.155291,25.295832,28.549908
-17.911007,-38.536385,56.015163
32.222893,-7.369077,56.015205
33.998856,-7.616120,56.015205
33.276043,-6.120227,56.015213
-46.175354,0.908893,43.644444
-46.303818,2.752198,42.958260
-45.616844,1.884811,41.906826
-4.533138,6.072733,27.845222
-17.688934,9.701360,38.548260
-12.012892,15.243999,19.264267
-11.033837,17.258926,18.799997
-6.848964,33.346558,45.811752
-7.509157,33.428734,44.023422
27.966707,-4.214658,15.246314
-40.420902,25.454901,56.015289
24.140144,-2.240884,11.941593
-35.194897,-22.157877,42.561901
-35.930439,-23.041117,43.948254
-21.246328,8.137546,19.603365
-34.069561,-13.047898,34.458035
-45.819221,26.206799,49.153114
-45.972908,25.462107,47.055614
-8.210343,2.062093,56.015247
-11.143588,2.560025,56.015255
1.588230,-8.205603,49.691261
18.576149,17.123978,22.714664
-29.371506,-6.775682,29.631304
-9.716640,29.438736,48.844158
-21.202291,3.076442,16.359089
-2.509161,-30.770107,30.609417
-4.280575,-29.925699,29.897524
-2.790502,-29.615299,28.184795
-31.741339,15.353580,25.974394
7.525709,-24.830967,16.503422
5.645876,-24.918789,16.492390
7.240443,-24.068144,15.032759
-22.533587,36.401421,46.162170
-21.885185,36.082397,43.746548
-16.720398,-18.941147,22.217064
-17.593857,-17.443640,21.413649
-27.174631,-24.973215,38.989525
20.565771,-29.995764,33.955853
23.971872,12.113570,56.014843
13.305219,1.370863,20.309021
27.112494,7.942911,53.979977
26.335751,9.057553,54.423084
38.810890,3.417460,37.261654
26.298040,-9.631465,46.086639
16.196026,-33.518448,44.302986
-1.221932,32.071342,45.069317
30.270332,-27.563131,53.866322
0.155057,10.081366,24.716585
38.865265,-15.811853,36.813107
24.779911,-13.576610,56.015217
-16.312330,-13.930614,16.200369
-26.112961,-35.348019,56.015251
-8.478642,-0.589554,3.483541
-6.382262,-1.140547,1.875980
-7.761075,-2.773207,2.764311
26.694395,-12.561469,56.015217
-24.272747,31.530138,51.013275
-24.258968,31.790039,52.682987
-25.897512,31.553730,52.126186
6.188737,31.718096,49.570618
-14.316220,-0.293542,56.015255
-36.711063,-12.529463,36.909054
37.621090,-18.730864,37.621262
38.668785,-17.513485,38.246311
15.248849,25.410877,36.078667
13.927165,25.339933,34.727985
-40.321411,21.051519,40.121315
-41.347439,20.954556,42.216381
-41.425495,19.552534,40.966702
-0.958666,-4.725225,54.492313
-43.580795,28.999369,52.201305
-42.156178,30.331356,52.895508
11.840062,5.818622,28.347111
-8.323111,-19.389172,56.015240
-7.972294,-17.123484,56.015240
-9.882289,-17.359106,56.015240
-42.375824,-7.380865,56.015125
-42.674160,-5.870465,54.245224
-43.087593,-5.480270,56.015278
-35.512932,13.056778,29.311245
-34.185970,12.215973,28.025494
-10.103899,29.055580,35.882442
-12.396649,29.605021,37.225212
-50.290108,5.018373,54.740360
-36.404472,-27.098299,56.015255
-38.363472,-27.892963,56.014969
25.157143,15.055711,26.634401
25.692326,16.000134,28.566505
16.118347,24.458809,34.472954
32.220066,-24.667973,38.818382
6.209400,-5.886787,1.357332
-0.496989,-5.200466,10.669370
26.903627,-24.153204,28.861898
28.130745,-23.072245,28.621716
28.464222,-23.896803,30.634315
-35.814922,34.094479,43.813847
-9.294320,29.376596,54.051723
-8.438047,28.729418,56.015285
-36.046379,-20.411570,42.072575
-18.088924,4.374325,23.330122
-12.299715,20.940779,19.435001
8.511734,3.741191,16.551722
-24.188025,20.660658,22.483320
-22.184971,21.210667,21.812723
-23.591242,22.714901,23.342342
-29.228638,-5.434791,24.383905
-27.744398,-5.637312,23.269060
22.308035,30.475443,54.542358
-37.226856,31.177095,38.037914
-35.218952,11.352341,29.117422
-36.631584,11.582815,30.662029
28.981272,-21.708004,27.526007
13.179993,-32.716969,56.015160
19.104086,19.499874,56.015255
18.031988,18.262007,56.015255
-29.242079,-3.312793,27.664818
-28.621090,-5.175525,28.040812
24.102383,-0.434640,12.406227
-19.010246,-1.593909,51.444660
-19.040306,0.055973,50.255371
-33.112019,-12.755112,39.437775
-17.831961,8.896796,40.353802
-45.269138,18.422617,56.015293
43.974762,-7.447838,48.019135
-22.043089,-31.817879,49.630630
-24.089357,-31.309471,49.673119
-3.367993,6.169300,31.640839
-33.292706,-30.560627,56.015255
-31.649509,-31.671173,56.015270
35.330585,-22.014744,38.668098
-17.340422,-31.987022,50.133953
-9.570163,-6.658651,56.015244
-13.371972,-16.107254,14.127354
-15.072951,-15.998106,16.345100
-14.968853,-13.832279,14.191519
3.648525,-13.620967,3.884203
-39.467140,-2.259101,40.431927
-38.444962,-2.738993,38.942242
-39.408226,-0.614529,39.165184
13.535207,4.848542,29.293533
-47.936157,22.146769,54.857197
-48.353317,21.949373,53.119946
3.691352,11.575651,56.015327
-6.132349,-3.411085,1.826320
-30.105431,-16.081154,39.299774
-28.484785,-16.197275,37.853233
-39.262680,14.560716,34.368519
-7.155982,0.858986,2.739805
-5.830040,1.037837,1.869845
-19.113047,5.521659,28.135271
-46.051224,-12.778444,52.247524
-22.231384,-19.361448,29.420794
28.530550,-28.426138,45.679707
-35.487865,32.417534,38.416965
36.165054,14.618626,42.082531
36.033012,15.860619,43.444229
-30.337374,-14.016616,31.609871
-5.853472,-9.421164,3.351281
42.330219,-14.980670,47.186493
-11.214231,17.462584,28.548065
33.370178,-19.914101,31.587654
32.354336,-21.365879,32.110844
-20.007010,-2.854326,24.676317
-35.827267,14.759102,29.684103
4.890303,-12.113120,49.647232
3.126990,-11.213677,48.904972
-24.044821,-33.668118,54.185978
-4.321130,0.518231,15.579236
-14.296705,12.354053,48.006550
-18.032738,-23.043074,42.874748
-17.290838,-24.843515,44.252850
25.118752,-9.830039,36.715553
36.697647,0.447809,56.015213
35.290180,1.394212,56.015213
35.215641,-0.843135,56.015213
-1.211896,8.969879,23.379358
2.177994,-26.250038,19.325062
2.103794,3.541488,0.458204
4.254060,2.281647,0.467887
-0.791995,-19.615931,8.929169
0.070508,-20.569252,9.859688
-1.873250,-20.273399,10.016137
-46.047680,-3.752858,46.055210
-45.529255,-6.019381,46.363319
5.633321,-32.400333,56.015221
6.817491,-34.137592,56.015137
5.188427,-33.324005,34.035786
-43.416767,2.658885,46.920418
24.560738,24.450281,42.506142
20.893385,-13.100902,40.405132
-39.804058,-15.841517,43.158577
-39.043835,-17.643456,43.461723
-19.839514,17.720976,16.409761
9.905024,-16.199074,38.066620
11.371640,-16.229877,36.362057
-14.127450,-38.211403,56.015224
-9.771025,12.662968,11.041198
-23.573109,28.888985,35.477768
-26.911518,35.511261,40.132236
16.969421,19.870359,25.683607
-37.557896,-0.040474,35.732246
22.123596,23.568117,38.125885
7.105082,-34.936241,53.549675
-45.383911,11.866555,49.746819
-44.763626,10.423053,47.604439
-16.449387,31.729998,25.876255
-15.584807,30.224461,23.796453
18.231821,-32.848537,44.021786
-40.541195,-16.829590,44.930672
-0.832016,20.493677,16.284937
-11.739871,30.272915,48.227028
-27.163916,-26.884497,40.680176
28.454800,-8.663133,56.015209
16.345749,-33.087963,40.031616
18.245768,-32.648930,41.634148
-22.221558,-24.267805,42.912613
-38.360435,17.697798,27.993853
-38.113468,-1.409786,37.471336
2.492195,6.019815,12.287233
25.162716,0.603644,13.849317
-6.277028,24.618996,34.607037
44.456806,-3.706354,49.930172
-2.740262,-15.162103,33.583542
-20.951639,10.963593,15.949266
-30.951517,2.892746,22.812082
-20.743742,1.394900,35.081619
35.396275,6.760381,33.026970
-16.079233,-34.151772,44.388248
-13.704881,-34.489807,44.236992
26.409439,-7.122710,56.015213
-37.918320,-12.613734,46.348885
4.328199,4.689537,46.106350
15.577366,-12.999496,26.568369
23.433451,-21.739946,20.066626
11.552535,-16.928604,7.268845
-7.820022,-8.738148,4.071314
44.770046,-5.055130,56.014568
-1.890019,-1.312583,40.728146
-1.046134,-1.664354,42.405087
-42.095322,-12.683012,56.015293
12.305497,26.179873,35.531681
-21.835457,2.226005,21.619474
-20.169395,2.481043,21.400478
42.623020,-12.114339,44.520119
-46.465126,11.002954,54.791855
-50.489216,10.359018,54.128975
-19.670740,-31.741829,49.381424
-35.240398,21.091011,31.174517
-4.419609,-17.289145,56.015236
-49.445210,7.573777,48.973293
17.780197,-22.879030,17.146229
16.979364,-23.983704,18.509027
15.916907,-23.449759,16.952557
7.669468,-2.274611,11.403161
29.114212,-6.488229,56.015213
22.236032,-12.022092,44.398731
-46.909882,11.566544,41.273178
30.681330,-20.415066,28.110264
-32.192757,27.292528,27.099798
-15.246243,28.579653,22.011808
-22.143854,29.182688,36.485939
-12.864474,-33.550819,56.015873
-11.183440,-35.164948,56.015186
-11.102880,-32.329391,56.012856
27.204271,-3.869598,38.244926
-6.918950,22.463268,34.500069
-41.182484,-16.483776,56.015266
-24.393517,36.725342,47.833511
-41.170307,-20.665453,56.015263
-39.881035,-18.600845,56.015263
-26.011753,-15.514976,28.852112
-27.363701,-16.079430,30.742680
-5.769949,-27.078180,24.884325
-6.994324,-25.864950,23.328465
-1.929617,-34.258747,39.192104
18.985094,-24.483442,56.015209
-22.568567,12.239166,16.935928
6.598508,-35.592480,47.852688
-17.804642,30.601206,24.105913
1.228574,-21.963121,11.592254
-6.055132,33.232143,53.693386
-7.279640,33.586803,52.268665
-14.002393,28.956718,30.815565
-20.702810,-4.115574,34.622761
-7.862418,27.275732,31.806961
24.208189,-7.022193,11.463719
7.784955,-0.237924,11.463942
33.069904,-4.322569,56.015209
33.248413,-1.789660,56.015213
8.575963,8.659473,36.821983
8.183237,8.916187,34.851528
-5.503150,-4.684597,56.015301
-3.835008,-4.966308,56.016052
-20.024237,-9.430421,36.952179
-2.751347,-5.967469,42.193348
-1.487860,-7.082456,44.089077
-2.760637,-8.314501,42.629765
-38.950832,33.072754,51.908215
22.863142,0.498840,11.560070
-2.785411,-16.478865,56.015232
-30.058081,0.882879,26.754755
-31.590908,1.366976,27.905359
-31.001511,-0.246474,27.944088
15.283672,-33.024124,37.847427
14.612087,24.745392,56.015251
16.745434,25.341105,56.015244
-40.158184,-2.825063,42.233757
-39.648426,-4.803670,42.754627
-3.715821,26.165138,22.386137
-18.310825,-3.959870,56.015259
-25.531370,-31.769983,51.283638
41.700218,-10.728619,40.697083
40.762081,-18.566408,48.027111
-31.878500,17.678402,26.391327
-47.719986,15.521692,43.004345
-48.176704,16.692474,44.428802
-41.835960,0.723700,43.515152
31.281403,-15.965119,56.015205
33.483261,-14.444938,56.015205
-27.472322,2.987734,24.307178
-28.938831,1.952625,25.590639
-27.207016,1.090060,24.639528
-13.881855,15.189610,30.370096
-19.732237,-10.082676,41.206169
36.460537,-4.375030,28.821081
-38.706192,-27.321701,53.917820
-37.211025,-7.205429,40.342579
18.731123,-13.886707,40.094345
22.958658,-23.322405,22.329922
24.705082,-22.001335,22.015074
-31.473833,12.125875,25.773314
-32.890415,11.286423,26.954659
-42.041660,-10.672864,42.936184
25.254789,19.433645,56.015236
26.706396,17.383066,56.015236
27.830833,19.653717,56.015228
-29.314999,30.264038,28.050455
-23.159737,36.728165,56.014656
18.845543,-13.033792,32.511829
-40.637554,-10.692826,52.803558
-39.961685,-12.029462,52.066620
8.432309,31.528053,49.706974
-43.347080,-17.340750,56.015263
-42.096970,-18.650274,56.015263
6.055624,-26.684444,56.015213
7.307971,-28.875721,56.015213
7.789496,-26.774345,56.015213
12.438498,-18.189241,8.560328
14.213218,-18.933605,9.931919
10.198609,28.811249,41.493160
12.249063,28.712282,42.685829
12.064289,27.947666,40.352062
22.099005,2.666632,38.736935
23.579014,2.149507,39.832294
36.546078,-0.638993,30.234936
35.597946,-0.394028,28.492336
-39.206291,21.646381,38.599186
-26.994278,6.304529,23.294939
-27.759710,8.365825,23.499529
-28.990753,6.633768,24.606424
22.681513,-31.224497,50.278473
-20.057058,-23.707926,42.623482
-40.413692,-22.364710,56.015259
-2.079386,-12.602419,21.708746
-31.004509,30.693871,54.307201
-31.533436,30.486786,52.034050
-12.573232,14.101256,21.059469
21.852551,-0.548513,32.137825
36.551964,16.178045,56.015221
-39.237255,27.002552,51.978905
-0.058344,-35.595020,56.014904
2.270496,5.220386,1.035803
3.344838,6.456265,1.728167
29.532904,12.922260,29.680933
-47.247662,-8.365975,51.754898
-46.443298,-8.343780,49.827202
-46.361137,-9.682688,50.555511
-23.640608,-11.630320,29.268019
-38.728706,32.005379,42.664497
-45.199745,-5.143550,56.015278
-25.993998,7.876051,22.392237
31.266994,12.643857,56.015224
33.177719,11.285370,56.015228
30.660406,-8.075713,56.015213
-33.703056,28.333260,44.573635
24.217651,-30.639702,49.369526
-17.654846,-13.996733,46.573078
-18.467781,-12.390724,46.079754
0.714889,18.266945,56.015259
-1.157356,20.121668,56.015251
-1.452412,18.142141,56.015247
-31.885391,-33.888592,56.015209
-36.617962,-6.119392,38.544117
21.519854,-11.694851,46.413998
12.547459,-13.112120,46.723969
-9.997951,8.515546,8.995605
21.787508,-25.026236,24.211477
18.134830,-11.120216,51.761700
16.802778,-11.266524,53.738720
17.767584,-24.691818,20.266363
16.587395,-25.754805,21.428816
-29.863081,-8.152743,26.443686
34.015163,-7.275976,23.900749
-37.429409,28.163725,51.242481
-37.929283,27.772472,53.667217
-42.001514,23.873423,56.015293
-42.815815,23.254543,54.061127
-15.705257,28.618357,29.343151
-16.125498,29.210358,31.684610
-17.633560,28.834932,30.258604
-20.447828,-6.198163,42.007851
-20.126297,-8.405206,41.473598
-20.104506,-7.652275,43.461208
27.317810,21.984816,40.555172
2.810042,7.342568,16.127810
0.290098,7.244321,15.587239
-24.465923,-16.705761,28.537453
7.372252,-32.384296,31.440138
-30.975222,34.779457,40.048187
-17.836649,-8.851495,54.196796
-18.281380,-9.359946,51.983261
-17.407131,-10.848327,53.481827
-8.288873,20.731279,30.194029
-28.036730,31.406990,56.015289
-27.454027,31.476948,53.691021
-39.600594,-9.058762,46.597023
-38.557751,-10.840136,45.947746
-1.555292,-15.726106,33.443405
41.730026,11.624576,56.015224
41.473530,12.404746,53.715107
-35.362911,32.653687,56.015297
-27.999044,7.034778,20.288549
8.250496,15.729340,56.015251
7.408002,17.510582,56.015244
6.405488,7.012448,48.224915
5.496712,5.966526,46.599312
-2.937569,-8.186221,56.015194
-4.897527,-7.879738,56.015255
-0.255580,-16.197371,32.025410
-45.312332,15.828153,50.338997
-42.199875,7.254936,40.780399
26.833723,3.148393,45.626278
25.547377,20.409571,35.527660
-26.003746,26.450502,22.527769
-27.282124,27.255077,23.774168
-25.623451,28.121284,23.562849
-17.526785,-34.855465,46.012516
18.574430,-11.030052,54.062279
19.259825,-11.003190,56.015156
-25.087097,-7.971581,27.198061
-26.412973,-9.209974,28.798359
-24.419769,-9.811542,28.123257
-40.219498,1.625063,39.322269
-20.631887,34.516521,32.926758
-20.310711,34.094280,31.199236
-27.327700,-31.373949,52.668171
4.894764,23.549641,23.111235
-3.767771,2.125860,14.694345
16.325443,-20.393755,56.015213
-12.420493,12.070978,56.015263
-10.237700,11.252963,56.015266
-16.607031,-6.227757,12.675083
21.575235,-24.196274,56.015198
-37.160034,-18.218388,52.175774
-18.783545,3.924354,21.197781
-3.919324,4.088981,17.449314
37.582241,-10.772407,31.372807
-39.096737,-5.938368,35.129784
-1.281312,-5.002386,43.878723
-8.668977,-27.407927,53.932137
-9.240453,-26.031252,52.361092
23.379438,4.953289,14.244056
22.754587,3.774679,12.860417
21.734056,5.964368,13.115055
-4.095740,0.161753,0.842231
-4.256129,2.787787,1.474902
-36.864300,33.375450,56.015297
-43.526775,-8.828911,56.015270
-6.212712,-3.633329,19.086912
25.271717,-29.066366,39.136738
-36.000252,23.065390,27.581963
-36.621765,20.795980,27.193140
-44.379265,-7.103076,56.015278
31.612448,21.898161,56.015232
-38.032742,17.725992,33.203625
-38.339565,19.333654,34.650269
-43.023087,29.047188,45.729469
30.906618,19.535864,56.015236
-0.848616,-33.988724,37.882259
-23.576178,-19.252565,30.613317
4.035334,-31.354424,56.015221
-0.555041,22.429823,56.015263
-45.114151,-15.087088,52.040703
4.136393,-22.378267,56.015224
6.467406,-22.849043,56.015224
5.836857,-20.732599,56.015221
-2.320950,-15.373685,31.807261
2.526214,-35.976814,46.694080
-7.624568,-32.560036,56.015350
-2.719680,29.040529,28.458176
-0.861539,28.066076,27.821348
39.180218,11.491695,56.015221
40.388439,0.578791,39.076729
36.868088,19.568165,56.015083
40.119957,-15.465471,56.015167
41.047947,-17.210505,56.015030
-1.860247,-6.033599,56.013275
-17.183788,30.597195,45.105801
20.515808,-11.339345,48.422684
-3.995813,24.052328,56.015297
-3.189082,21.736301,56.015320
7.755954,8.291163,49.013702
-40.096069,30.880682,42.539333
-22.687786,-10.367841,28.138084
-10.067106,-31.552429,37.395298
9.132901,-17.472294,7.018517
15.079231,-15.335360,35.878021
-19.278831,3.654179,14.795994
-5.413740,-33.855236,56.015232
-22.411102,-36.638725,50.954575
9.981934,28.258955,39.590672
11.033395,27.182993,37.259556
41.195766,-9.795849,38.962830
-20.209316,-6.116011,44.252666
5.722188,-29.376741,24.941530
18.133680,-32.472675,52.486561
18.376373,-31.852224,54.621822
-38.889042,22.794802,30.548113
18.328636,22.969530,33.052650
-45.577446,-9.402946,56.015274
9.929139,-4.453318,14.577225
2.087061,-22.628826,56.015224
2.340232,-20.901421,56.015228
-29.094130,-15.574622,31.875332
29.054049,4.744556,54.245262
24.177723,-30.640223,47.619545
22.413483,-31.376938,48.170982
5.172772,9.625956,25.673569
-7.505878,27.757698,35.828930
-7.295300,-5.017075,2.723769
40.821079,13.597727,56.015221
38.652344,13.748472,56.015217
43.007736,-13.412261,48.276142
23.266752,-13.007613,11.771622
-8.844603,-37.505989,54.309410
-10.257279,-37.608376,56.015224
-43.810070,-19.081598,53.292149
13.062624,-20.448460,11.057937
-44.494667,13.814621,36.341778
-45.290512,13.215615,37.818218
-44.918629,15.543104,37.203083
-3.166415,2.186633,56.015556
16.825563,-2.745780,21.778036
-5.336145,11.289693,8.470838
7.950652,-16.895138,31.867296
-29.840862,32.956738,56.015293
-30.182411,30.862049,56.015293
-19.172663,-30.882816,40.977352
-19.070133,-32.032993,42.378544
12.924570,21.198654,56.015251
15.796236,-29.935577,56.015205
-25.359793,5.746934,22.346172
-24.227966,7.117429,21.389515
5.518362,-30.195078,56.015217
3.627639,-29.454903,56.015217
12.082791,29.452917,44.716869
-39.189804,-6.818737,43.532406
-39.941814,-7.198831,45.554520
23.057785,19.534355,31.123335
-6.835035,32.906872,38.657425
-8.958377,33.506516,38.492531
-37.695507,22.061451,28.810093
-26.353855,4.454208,23.247993
-27.802170,4.855937,24.115959
-9.249889,33.806351,42.709896
-5.336824,4.232064,28.050133
2.012471,11.339544,56.015274
35.187786,-5.597687,56.015205
37.388344,-5.931971,56.015209
-5.077162,32.396965,38.859291
-19.342350,-24.950823,33.926651
-18.178989,-24.604874,32.525162
-32.269875,-22.491470,46.915249
34.365372,19.826693,46.768562
2.590779,-24.313982,56.015224
0.602818,-23.702192,56.015224
0.990070,-26.282057,56.015221
-27.362188,-20.277264,34.899372
-29.517815,-20.722576,36.914330
21.655771,-18.404016,56.015213
32.184853,-23.809620,36.559616
33.659977,-23.445007,38.627926
-18.085114,5.057035,49.470921
-2.391825,-3.752258,56.017197
-13.585314,28.283327,28.683863
-45.765949,16.637222,38.940643
37.051105,12.882612,41.736210
27.918093,24.781357,46.990700
29.423885,24.412245,48.179222
-10.711664,-22.958527,50.791668
31.065176,10.741006,56.015232
-45.909138,12.462728,52.038639
-45.930477,14.263947,52.683064
6.499679,7.459077,42.005360
-8.595459,18.678307,21.434664
42.101341,3.339630,44.802773
-3.747724,-23.739599,16.540777
5.384241,8.726875,22.606268
36.572414,-7.834984,28.858009
35.711399,-8.516595,27.304331
-10.251094,34.186100,46.994541
-7.943027,33.675190,47.729385
-8.882494,33.812088,45.386669
16.843487,-4.896203,21.429846
-13.951815,-33.496559,54.604763
4.730803,29.825529,40.249058
4.968094,10.147341,32.645061
34.614449,-9.814900,56.015205
-3.095976,29.836016,30.184288
-22.562716,11.259345,19.953928
-29.610592,20.273632,21.780241
-29.773794,22.609467,22.645296
-2.718275,3.331417,35.215931
19.585556,-30.967421,56.015114
-8.368965,19.416101,22.983793
-47.379116,18.132896,56.015305
-15.297976,21.586376,16.821968
-15.326591,23.028137,17.672087
-37.174973,-15.357905,39.569035
7.699030,-11.308740,17.146881
6.777304,-9.485415,15.019344
5.056222,25.954735,28.227570
4.249302,25.572176,26.619148
27.547644,-28.789589,44.345013
25.580219,-29.720575,43.848171
29.269985,8.301924,24.269474
19.810345,-2.246556,26.108675
18.621710,-0.949148,25.792526
-1.423442,1.829054,7.658326
44.641476,-7.822143,53.229877
18.158752,22.140116,56.015240
-45.085262,0.403148,41.575943
-37.054581,-15.621480,47.708073
15.233179,17.473961,56.015499
-36.917446,25.804152,42.026463
-44.494415,27.091642,45.366932
35.875145,17.820553,56.015224
-16.786978,22.189274,17.401060
-16.669090,20.290201,16.423889
-18.118593,21.326281,17.235483
-9.444662,-33.658161,56.015114
-15.859115,-14.634850,52.612812
-0.857459,16.319534,56.015255
16.261892,-27.700226,24.827936
24.526085,17.360928,56.015232
22.763124,19.287476,56.015240
-4.848682,7.884845,5.308431
-4.891710,9.475759,6.710743
-13.248835,29.609358,23.442141
6.901328,-25.694635,18.066742
-17.702354,-11.552831,51.521275
-8.829096,-4.331609,3.649396
-10.742373,-25.069471,49.763176
-10.050923,-26.231108,50.990181
-11.671183,-6.710457,56.015244
-13.812321,-6.520346,56.015247
-12.695819,-8.661748,56.015240
20.182264,-31.553059,53.742027
21.940079,-30.319107,56.015266
-17.067173,-30.567057,39.603405
34.482719,9.104682,56.015217
35.008091,6.369288,56.015221
-20.370533,3.674643,35.466419
-37.530552,-16.041609,49.504753
-36.857929,-17.875124,50.312416
20.350567,19.224806,27.766535
39.080498,-3.639783,34.419365
7.029504,8.588918,38.304928
-0.547529,-18.557102,7.790257
-15.346796,30.584980,45.481853
-43.878014,-13.317034,47.985371
-41.801102,29.662081,43.639965
8.880688,-18.956972,56.015224
1.865086,-0.719135,48.526775
2.135264,-32.196301,31.699631
-0.733335,24.030605,20.746717
-17.475849,7.742168,46.450966
-18.107244,6.026052,46.959557
27.667505,-18.427088,56.015209
44.893143,-2.747086,56.015125
10.313821,-26.414755,19.982300
-23.828369,-33.112350,45.737190
-21.621216,-32.683727,44.219494
-39.455231,16.448275,29.025331
12.209583,-12.977655,22.297234
-14.250562,-17.958580,17.532850
8.823282,-13.344787,47.451202
9.560934,-13.993894,45.507648
29.022303,0.370289,46.251724
-2.292759,21.570850,17.221243
-7.323344,-21.507027,14.952158
5.672936,6.079313,1.917940
-17.372927,-38.289047,54.156628
-11.754273,-17.886061,14.153381
22.476870,8.496842,16.060036
-49.064541,-1.377092,52.368801
-48.382473,-1.378160,50.278168
-17.318165,-22.915619,29.180237
7.433019,-22.308500,12.046217
-14.577006,21.205000,19.617413
36.238239,-17.285856,33.192192
-17.839565,-33.121796,43.385708
-26.998672,-15.885559,36.116203
-27.141273,-17.183323,37.799988
26.142395,1.698896,15.396814
0.348712,4.672455,0.876595
-8.483606,-6.597597,3.818780
29.082548,-3.730198,52.668831
11.202706,-33.185528,56.015209
24.909311,-8.641104,56.015213
-38.560162,3.445424,29.383533
-37.416901,3.925917,27.944525
-37.487770,1.630941,28.815166
-37.141548,18.596380,26.983564
-1.195870,-9.318657,15.609866
-2.598672,-7.774655,15.851704
-15.649768,10.583352,19.879375
37.264896,-4.035680,56.015213
-22.210201,34.696377,34.233128
12.278628,-4.793960,16.926731
12.128536,-6.892452,17.352987
0.877250,-17.533699,6.631890
-4.870038,-5.989976,56.015301
5.316726,-19.430420,8.184191
4.984838,-20.535656,9.376466
43.835163,5.791008,56.015289
-41.128658,-1.317624,43.255405
-40.533909,-0.323900,41.186897
-43.263599,22.237356,56.015297
20.361458,18.012243,56.015320
22.338308,16.769024,56.015274
-39.993801,-13.977830,42.142197
1.153425,-10.613350,15.341579
4.486169,7.204413,17.376287
-26.295942,-13.568806,32.647598
2.510922,8.035137,2.734849
-22.516706,-0.510392,17.839689
-28.414227,-31.389097,56.015175
-35.552734,-27.752869,48.101826
-41.936893,12.859845,39.273537
-42.787769,13.611634,41.323372
-42.672726,11.288965,41.020767
6.789133,-28.486757,23.230991
12.647631,29.992760,46.604687
35.661396,-16.278429,31.301376
32.880348,-7.589675,21.827755
-37.519096,-24.694883,47.331402
23.622627,1.558456,12.684397
-15.886949,-2.786061,11.274985
-37.817745,-16.611235,51.561165
-28.378214,20.423336,24.730545
-6.501309,25.720098,54.004723
-6.918741,26.926912,56.015083
1.715453,-15.917457,5.322400
-25.339684,-34.014885,47.729309
-22.804333,-34.589680,47.444420
5.068053,17.882515,14.235561
-18.576958,31.701805,25.658527
-6.650560,-30.416533,32.770603
-7.699988,-29.642660,31.992416
-31.399071,22.800846,23.780191
25.623116,-29.332268,41.411423
-38.244488,0.504702,30.210642
-16.312805,31.983656,56.015259
-9.447743,-35.753517,56.015224
-45.338928,6.083426,39.445507
6.366156,12.082937,6.843888
-37.388893,-11.271849,44.096092
0.512613,-16.124933,36.345043
-0.076093,-15.469272,38.844738
-19.023693,-33.278374,51.650021
-21.283310,-32.906624,51.087616
23.083092,-29.999094,38.289932
-21.279877,-35.866955,48.967789
23.991226,-30.005472,40.496532
7.846813,27.981834,56.015259
19.779379,-18.911928,56.015213
-1.950438,13.851856,9.497196
-13.218658,6.580361,10.258054
-17.728788,5.709055,21.527575
-19.185844,5.634114,20.033920
1.328488,21.018082,17.474249
22.255863,7.767191,47.982979
7.894984,-16.848501,34.216175
-40.667267,-7.195723,47.598000
-42.252827,12.382022,32.616108
-38.651913,-14.122919,40.483372
-37.695850,-13.361064,38.710133
27.525932,8.400154,56.015411
28.716026,6.180405,56.014671
29.106508,7.794676,56.015076
-8.912239,28.347383,33.727863
-1.580978,9.384303,25.002724
-10.912924,-28.604307,32.662949
-47.354004,-1.913182,47.956261
-31.085316,29.682087,46.704838
29.992479,2.015601,20.315641
-10.604992,29.384974,38.438904
-9.930666,-24.836258,51.172276
33.995888,14.493844,38.353535
3.117913,-15.027644,56.015240
3.603642,-12.776589,56.015244
1.738323,-12.712250,56.015228
3.527119,6.127756,40.678818
4.800486,6.504122,41.911804
33.717258,-20.944477,33.644310
31.028452,-16.800741,24.004488
-26.207499,-7.695381,22.977293
11.172565,-33.388416,35.496899
-27.926111,-23.585384,38.260586
-18.856152,-24.813881,43.685043
-44.179253,5.134682,37.537167
1.535343,-3.723901,8.506403
3.255260,-2.536073,7.954363
-18.699471,4.851001,45.472679
44.086914,5.109956,54.000431
-27.619982,-9.949621,30.317307
-24.811548,-25.083744,37.697861
19.900446,-0.550064,8.673455
17.104641,-24.910576,56.015209
-3.789139,-9.320707,41.217384
18.805704,20.477680,28.467175
17.396688,21.691309,29.474916
-30.084375,-27.980974,43.402657
-20.080683,-10.445558,31.553143
20.691275,12.075300,17.905396
-6.173398,33.353077,49.679638
-18.460407,32.207760,56.015278
7.376629,-24.995396,56.015217
4.991259,-24.737101,56.015221
-31.600733,-20.786137,38.519730
-29.549698,-35.261753,54.354656
-31.399925,35.935928,56.015301
-31.661171,33.937447,56.015293
-30.117359,34.738697,56.015297
-20.673279,30.881857,46.815575
-46.322342,18.127945,40.462528
-37.466812,-7.533089,34.054859
-37.754253,-5.504445,33.015533
-41.796638,-3.775091,47.422367
-40.858841,-5.493853,46.303631
3.977435,-20.045486,56.015224
-14.624560,-17.352674,50.594963
15.908780,-1.187331,5.653060
-30.769287,36.482128,54.525848
0.808885,-36.129654,47.250916
11.922439,-15.797120,38.710121
41.086910,-18.343954,50.422779
41.832031,-16.737164,48.725685
-14.904875,1.790037,56.015259
3.038966,-22.859772,12.774405
-0.541970,25.144320,22.481159
0.109993,26.091557,24.517183
-20.603748,35.617088,40.109726
6.069353,-21.367247,10.487171
0.518615,-21.627003,56.015221
11.784913,-14.684874,25.130367
12.296323,-15.175044,27.223055
13.748948,-13.897849,25.801752
-3.892376,30.709108,31.997103
-13.059219,-28.677734,34.499996
-13.609251,-30.095530,37.108238
-15.040239,3.737598,56.015263
-45.459251,9.100635,38.763767
-13.391786,2.772799,56.015259
-29.568243,36.428253,56.015297
15.299718,17.071281,19.583017
-41.457882,-5.485475,48.184406
-3.516663,30.519180,56.015354
-10.662241,4.848242,56.015259
-19.387463,35.199226,37.016956
11.684492,-13.017322,5.291187
0.876901,30.653809,39.248501
-12.229669,-34.259296,43.322151
-6.319308,-29.551504,30.657574
32.836174,15.617156,56.015224
-17.821255,7.007994,19.949120
-21.362175,-35.036289,56.014523
-0.606573,3.746210,8.121037
-2.077933,2.971652,9.151658
19.133425,4.468044,38.482018
9.440426,-25.583094,56.015217
3.535910,-27.181751,56.015217
-18.514830,31.021612,47.395412
-1.439569,-15.340941,37.187626
-47.859440,-3.132060,49.932396
-1.730429,9.445560,30.417780
-42.835140,11.025143,33.656055
40.263966,14.749426,53.951912
-0.542124,-2.845429,43.993031
34.783516,18.618311,45.380112
-29.666573,-16.955101,33.684036
-30.637964,-15.183301,32.961605
19.867006,-11.038521,50.471462
-9.439045,19.359175,29.758602
-2.211182,7.945042,31.877609
-43.434532,-15.163854,56.015266
11.814981,-13.905972,44.936680
10.362848,-14.517614,43.873028
-19.429321,32.149132,54.428181
-16.022989,12.065372,27.407562
-5.635408,6.386287,56.015251
-14.004101,32.902222,29.135916
16.382444,-11.494133,25.133959
-43.953266,-12.699018,56.015270
8.227433,13.199303,8.564232
6.382251,13.622646,8.677547
-27.738029,24.515587,26.939604
-16.226851,-24.136988,29.958975
-14.510819,-24.589159,28.872204
-12.111187,16.428581,27.657709
-20.028595,-34.842724,46.786911
-25.533346,28.780428,37.977829
-24.439568,29.101467,39.092491
-2.525467,7.344569,21.884150
0.606987,31.154030,41.588902
29.404783,3.730040,56.015221
30.817394,5.354845,56.015209
-14.904953,-26.018082,46.063622
-16.664351,-26.374758,45.377571
-15.746446,-27.728376,46.640308
-18.666574,-2.801861,14.659533
-18.199251,-1.672398,14.010011
-17.346567,-2.483417,13.075897
31.980890,9.279287,56.015221
13.570647,-6.725050,4.428351
-13.114119,13.949585,46.815342
-20.181732,-8.978285,29.804092
35.730244,-23.476351,44.255512
-37.392765,23.900278,29.495249
4.088330,-17.704542,56.015228
-1.146839,31.419991,40.398323
-1.532370,31.835569,42.594673
37.276379,-1.406655,56.015213
38.170677,0.454559,56.015217
9.996879,0.079025,15.135481
-9.507632,17.683723,22.855543
-9.424175,17.539789,20.618576
29.250664,-2.378716,54.205601
21.088476,30.746508,54.032475
13.829791,6.874274,37.612591
26.407846,21.686142,56.015236
-35.485893,-29.160374,50.073639
-34.981586,27.302357,29.696766
-17.485695,-31.963905,41.651260
-35.608383,2.555875,26.568132
-10.232068,29.629982,46.756950
-10.787391,29.724617,44.916519
18.517097,26.018545,56.015251
17.292290,27.342859,56.015251
-35.823864,34.996883,49.770657
30.947950,15.647171,35.190948
32.406731,15.077447,36.630379
-39.178059,20.812145,29.909218
12.098769,29.724981,56.015255
-6.721173,22.321554,50.245613
-6.914993,21.927605,48.195351
-37.786930,12.493300,32.078838
-22.893530,27.358530,28.189995
-24.195492,25.975489,26.604918
9.725660,32.283863,56.015114
8.287650,29.900805,56.015308
10.433774,30.607162,56.015301
13.548163,10.410621,8.430984
0.622898,-4.671022,0.376721
34.760342,-19.063604,32.763577
34.580261,-17.956291,31.183250
10.368198,-12.397085,4.583672
5.235768,-11.322467,16.101503
5.854911,-12.763978,18.018446
-33.197918,1.871159,29.269777
-32.407642,2.964375,28.154507
-21.497164,28.231707,29.632893
25.844299,10.507476,56.012337
-29.289627,31.131781,54.650459
25.808201,27.545553,56.015244
5.167777,14.710744,9.815252
2.786914,14.711987,9.716127
-49.518909,-1.380873,54.464104
36.116505,20.612591,54.621983
-25.211891,-21.434664,34.407547
17.056276,20.784986,27.402002
31.605804,-17.464821,25.771097
4.265748,31.754093,48.835979
-24.319571,-30.125509,48.300011
-5.769546,14.572464,56.015263
39.801777,2.433658,38.777718
2.006533,-14.922051,42.114708
-17.939461,10.105575,30.877403
9.230330,-11.969714,18.689838
3.736527,13.301193,56.015236
21.858366,-31.093277,40.946342
20.704468,-31.202366,38.693565
42.691315,-10.675756,43.923168
16.804508,-31.427160,33.728607
-6.195084,24.911062,56.015270
23.157831,-5.953091,29.510326
29.138691,2.649466,19.556072
27.217461,-29.195234,52.360397
29.679712,-20.061514,26.024769
-15.569118,-11.660629,13.470961
-14.351245,-12.733986,12.465211
-43.312599,19.231104,35.178204
-30.002687,21.286983,26.188501
-41.294899,1.852497,41.421009
34.976250,-24.792784,52.678528
40.568340,-13.534470,56.015415
3.729921,-21.476082,10.632632
25.305885,17.250397,29.948521
-9.501874,29.391411,50.650887
-10.349113,29.974361,52.249966
25.546965,22.327196,39.157749
27.064575,21.104864,38.591145
35.217682,-3.082450,56.015213
7.447424,-35.249378,51.343845
5.802236,-35.639137,50.106731
7.806741,-35.350769,49.456654
-22.730000,14.247450,17.132206
-21.586374,15.868186,16.767607
-36.718288,28.135519,56.015293
-45.075760,18.961231,54.439735
-46.157616,10.819592,53.267723
-34.135166,10.406842,28.145880
-48.445084,-3.237334,51.587921
-41.512436,-8.992393,54.128498
33.262543,0.280395,56.015213
33.216404,-13.236568,24.625683
-25.336901,-17.419502,30.195187
-29.024990,35.305893,40.479794
-7.767414,-35.779690,45.586918
-9.684008,-35.635906,45.606327
-22.911095,9.059999,20.327009
-24.973530,9.376079,21.546465
-4.812726,28.514118,56.015278
-18.275343,33.854008,30.513132
29.543718,1.341283,56.015217
2.683197,-16.554592,36.065769
4.218837,-16.538427,37.216125
-14.803981,-34.460434,56.013214
44.495575,-5.341312,50.277027
44.076820,-5.455994,48.162601
-16.282711,26.684282,20.254023
-8.115389,-24.557043,21.651733
-38.144497,4.482462,34.389267
-37.061810,5.053385,32.640396
40.557568,-10.056261,37.394753
18.000187,6.561674,42.253696
27.913378,-12.918098,16.068644
9.404880,7.243330,26.923664
31.136669,-5.671480,56.015209
6.145111,7.817702,20.952967
-9.341262,-10.785781,56.015240
-10.564590,-8.821989,56.015244
-25.729414,-5.584491,21.664415
10.728995,-18.710020,8.465385
-3.595296,-13.513515,38.370205
-38.213234,19.673021,28.384987
18.518929,-32.214497,39.348442
-18.043215,-26.739513,35.283249
-33.615784,29.818552,51.488857
0.742914,10.129305,4.952596
16.348160,-12.652532,7.219039
21.276726,4.385989,11.649599
30.306160,-18.564669,24.929379
0.733155,-33.309505,35.212906
5.254385,20.683867,18.550104
-11.540853,1.890676,7.090671
-11.811967,-0.481972,6.663239
-4.534246,9.066648,56.015255
-6.377027,24.548393,52.702679
28.055676,6.747546,54.191078
-16.438400,0.359102,56.015263
-36.422077,-13.941894,44.859886
-37.203522,-14.436270,46.720798
-40.185699,-5.529488,44.571526
-5.745283,32.401363,37.144512
-6.519006,32.311153,34.935638
-18.978142,19.817694,16.812248
19.194712,-32.449661,50.198975
-13.185538,15.523572,36.656658
-45.127525,-7.983702,46.796116
10.829201,-13.271219,47.067833
-15.561436,12.573974,39.420792
-8.487961,32.879707,34.447773
-2.615433,28.326910,26.917917
-29.569651,29.879013,46.310658
13.641333,-15.785043,34.947529
13.534877,-15.700089,37.160183
-18.847137,-26.566870,44.878651
19.513277,-13.282272,42.245949
-1.044491,-27.675827,56.015221
-1.136205,-25.332787,56.015228
-1.462191,6.564383,15.913560
44.330894,3.767588,56.015209
18.488682,19.662790,26.712366
-18.283373,-34.414089,53.964104
29.563953,0.455382,48.212009
44.972130,-3.156943,53.661076
32.756355,-25.536547,43.494099
-43.542950,-0.278616,50.184357
-42.611198,-2.213723,48.655254
-35.876740,-18.949375,49.124237
29.720282,1.588423,54.291721
36.066467,17.111528,45.325306
31.433804,-0.601682,56.015213
29.218765,-1.110863,56.015221
23.519857,-30.745459,44.468140
27.543133,-11.014102,14.954473
26.084299,-6.554227,34.996452
0.939382,-2.286938,7.653947
-13.330898,-35.954922,56.015049
29.329569,21.566719,56.015236
-16.592312,-18.046585,43.739544
30.412691,7.596973,56.015202
-24.121061,30.625759,46.570679
-42.897213,-19.030457,50.908566
2.114208,0.393138,49.676037
-28.875387,-27.366961,42.084503
-26.975033,-28.704950,42.274326
-9.816029,33.844707,40.280003
-5.993179,10.455815,56.015259
-26.877775,28.934420,24.896250
-19.163651,3.218315,45.380447
-0.982443,-33.388321,36.210323
-40.899597,-14.925670,44.099613
-32.166115,-13.632657,33.040813
29.099976,17.361982,56.015232
-45.808708,-11.320394,50.510078
23.729198,15.619153,56.015228
15.398204,22.003141,28.326784
0.885359,20.927416,56.015255
26.177576,-19.982374,56.015213
25.238485,-17.803417,56.015209
9.878693,-16.660238,32.627556
-34.523224,-26.350330,56.015255
8.307444,18.418270,16.508511
-16.476877,-4.232378,12.120444
-28.756552,-14.854680,36.594494
-33.044880,25.810513,35.472492
23.891655,-15.889687,56.015209
7.987587,-21.051655,56.015224
6.821206,-19.562056,56.015224
42.247211,10.526989,52.997219
-17.574728,-27.777597,45.993336
-15.893928,12.971481,35.047230
8.829182,-23.091230,13.562421
-1.663281,31.297646,38.565727
-3.414860,32.074768,40.360680
32.633644,7.120138,56.015224
-0.544694,-36.380054,52.657261
23.168839,-17.639492,56.015209
4.716223,20.939510,56.015255
-7.959024,-12.363147,56.015244
28.441128,-0.113144,17.133432
-24.353497,29.395519,41.009304
31.090000,14.168630,33.541588
-46.080666,-7.322312,48.367664
-44.622036,7.203809,37.665707
36.245987,10.942670,38.325764
27.731186,-25.361845,32.577820
34.123150,-24.789846,44.504566
32.750683,2.881059,25.147568
-16.857050,9.374729,44.945892
-44.271271,0.705471,52.134216
31.681189,-22.860245,33.669552
-43.244759,-10.686131,56.015270
35.073917,-7.198765,25.941759
-6.173185,23.629108,54.153397
25.783112,15.037139,56.015263
27.975241,15.439648,56.015236
-3.738777,-33.865376,38.867805
-27.196602,-30.568716,50.903194
-11.124612,34.083805,38.688602
3.613973,-32.867977,33.020481
1.476231,-32.764973,33.433670
14.951081,-20.310644,11.762394
9.865462,17.191240,56.015251
16.098436,-18.894144,10.814953
-45.968456,14.583371,39.165920
-32.203239,30.143311,50.404755
-20.857111,-3.885050,36.675400
-16.771790,-20.474396,42.864632
-36.152153,-8.432221,33.126289
-39.659996,-26.283789,56.015255
7.348872,-17.054487,6.391733
-33.336258,-4.347363,32.502861
-37.054653,30.695028,56.015289
8.208689,8.152226,47.291378
42.369709,-9.805117,42.547386
-5.550054,2.024853,56.015255
29.582548,-24.167904,32.883068
11.020275,10.165498,49.944530
-29.450842,23.620008,27.350550
6.664309,20.166668,56.015247
9.615360,13.977914,10.145265
23.760843,-30.411812,42.399555
5.047551,-35.541737,52.360989
-20.126829,-18.649069,26.156384
36.894554,0.643425,31.602434
-3.021464,19.232038,56.015285
-5.178613,20.019648,56.015961
-26.847404,5.586869,19.787279
-36.013592,27.693352,31.155764
-16.747763,-11.764205,15.205753
23.416769,27.143553,47.331276
20.900398,21.666916,32.863792
12.236960,23.493700,56.015247
2.495031,-18.577843,7.403150
-41.947468,-7.550079,53.504150
8.991966,11.709737,7.101778
32.544376,22.284103,48.503899
28.438221,-6.819970,42.601418
21.950718,-10.723640,50.274006
31.781006,-14.897309,23.342831
-40.453972,-9.004998,49.115871
10.194423,-15.728150,40.141365
-23.817400,29.007545,37.330555
5.324364,-28.461578,56.015213
-2.335037,-24.589180,56.015224
-1.467291,-23.104462,56.015224
-24.841589,4.170519,22.390116
-6.160863,-11.829041,56.015240
-7.151924,-10.579418,56.015236
-2.575580,-33.531673,37.397842
-32.137039,-10.039751,35.568680
44.945034,-4.036543,54.949516
44.888710,-5.498035,54.098480
22.068596,-17.722528,13.709129
8.081013,-14.010175,56.015228
-13.024579,31.206877,54.644333
-11.338799,30.554558,54.211533
-4.909166,-34.216290,40.329018
42.508598,-7.749821,42.542320
-28.154606,-8.271181,29.520622
24.320530,13.634277,23.832029
5.887757,-34.609219,38.455620
-3.254694,32.238510,42.323143
9.880730,-14.833317,56.015224
-22.594545,19.927130,18.150499
11.150732,-12.055882,52.363262
7.041966,-12.464267,50.406067
5.216894,-11.762417,52.084091
5.826168,31.307800,47.394749
-42.604000,26.022179,56.015675
10.092110,-15.085851,42.341118
-44.371376,-0.565069,54.172451
-25.875929,-32.658089,46.106438
0.493226,-14.895015,41.061077
-22.450691,30.990957,47.659290
-40.862797,18.951811,39.245010
-16.608631,24.463953,18.704987
0.080551,32.298534,54.641243
-13.033715,13.591697,48.986347
-22.054659,36.567036,48.346313
-19.359461,6.341185,30.084946
-34.054237,8.336433,28.392984
-21.373024,-13.147766,21.744003
7.552104,-13.018007,19.013218
-6.748023,-0.320179,28.659590
10.504668,29.322798,43.303917
-21.254551,-9.461735,27.896946
25.797482,-9.038806,50.567451
6.204849,29.037487,56.015289
-4.290216,-2.511457,0.910809
-17.421041,-17.919428,41.980717
6.700613,-15.253596,42.546501
-43.025917,-2.489689,50.653763
22.658693,20.621325,32.648026
11.313437,-24.291271,56.015217
15.766881,-24.980726,19.567579
-14.262375,12.253937,20.532860
-0.377912,-3.443281,9.012474
3.729597,-35.924309,50.526886
4.441884,-35.876259,48.241505
2.783516,21.619959,56.015259
3.165516,2.945913,46.369385
19.836618,-31.923117,40.693783
-5.902004,-4.649443,35.292210
-3.870137,31.876780,37.708752
23.010263,6.516960,14.987627
-1.186450,-14.240237,4.544896
10.431657,-15.296859,5.940065
-21.682537,-33.789452,45.774906
-33.734451,3.993850,29.112085
-1.466215,-0.116903,7.807559
-1.852682,0.318247,39.291645
-6.499506,-7.237479,2.825146
18.523897,-27.193655,25.446774
-34.049343,5.985206,28.890322
6.474920,-13.160970,47.811573
-17.663170,-4.575970,13.732851
-7.762111,-13.452513,6.478436
12.402355,-25.121685,18.258520
-35.470779,5.029502,30.666668
-28.912350,27.784033,25.126692
-8.116069,33.607971,54.311665
4.348485,-11.379498,53.780956
3.585764,-10.975843,52.520306
-33.767330,2.001400,25.139526
23.666704,13.961376,56.014294
-25.235207,21.643595,23.507689
39.735634,1.952999,56.015205
39.852261,-0.615200,56.015202
41.065323,0.974822,56.015209
-18.198999,3.753093,51.285576
-47.981377,4.455000,46.097652
17.216677,16.892927,21.095741
-42.113495,15.190104,40.019413
-6.948028,-37.175926,54.477726
2.051894,-5.811205,0.697016
-19.790827,-11.022940,35.495667
8.650418,23.198006,25.176029
-6.459386,22.498613,52.455326
-3.703193,-6.636450,56.015255
33.338108,-25.207024,56.015198
-3.211881,-21.168083,56.015228
-45.606335,14.143053,50.918781
0.585172,32.447876,52.896755
35.626270,9.237688,35.622086
-7.653778,31.839298,31.181856
-9.438297,32.663952,32.138569
16.374924,-6.692048,21.259157
-40.781090,16.290361,30.653803
8.858350,-16.394478,56.015221
4.036656,4.524012,0.990924
-47.883568,2.930152,46.609566
-5.817177,-25.272383,21.112501
-30.192665,28.547956,26.707188
36.531200,9.424909,37.426964
44.782211,-4.484701,51.899059
-29.904554,35.533249,42.083111
-21.991230,-14.058296,23.207594
37.103107,15.543146,45.083141
9.865593,-16.610317,34.650974
-6.511471,-18.552652,10.140431
-4.009591,-19.811750,10.274344
-38.671528,32.215195,56.015301
-0.308153,-15.832638,5.469649
36.948364,-20.431925,38.899860
-27.517416,-31.849773,54.569336
-12.262431,-33.465569,41.857330
26.181408,-4.871009,35.231369
17.131203,-32.480473,38.060375
-23.836378,-35.603844,49.592762
-20.976458,27.612129,27.887426
10.773584,-16.077887,28.785498
-19.043217,-38.329987,54.579704
7.416556,-27.695967,21.812523
15.798299,22.738646,30.191160
-35.701225,28.946037,50.300823
25.544102,23.204668,40.925468
22.104620,-31.405891,44.970245
-42.677773,22.384007,47.455311
13.618379,28.027500,41.757828
3.306693,-25.491190,17.668098
-16.559872,11.523929,38.315544
-17.041393,-15.414486,46.046318
11.844154,-16.264305,33.820881
16.011730,23.495974,32.090103
-0.007017,8.192776,56.015259
29.692127,13.754719,56.015228
3.140101,-9.410293,1.903352
-16.596411,9.245770,47.241909
-9.059380,31.911640,29.951315
6.377780,3.045292,1.125957
-3.119648,27.368811,56.015270
-41.167030,29.352627,41.258778
-1.788486,-10.247238,56.015282
-20.691845,34.058464,56.015278
-21.478403,15.649137,19.608261
-38.436626,-6.050738,41.463081
-34.271023,31.310509,34.474289
-43.631470,14.667017,43.809875
23.137539,-31.037588,46.266514
-18.666695,0.520365,52.376534
-42.815441,9.006474,41.774223
26.701281,-5.544459,36.286076
-41.302612,23.486900,45.600155
-17.038944,-13.398824,51.083138
25.359497,12.835093,56.015957
40.467522,-5.936214,37.069668
-7.720074,32.952286,36.616703
5.540398,-19.087019,56.015221
-6.285044,-0.597985,30.699545
13.102135,6.763507,35.460270
21.218468,31.164585,56.015251
5.029579,6.177195,50.228676
-5.947163,-20.046387,11.636141
-46.337521,9.274897,54.427494
-38.692360,26.742781,47.322235
-42.783283,9.600636,33.793274
-7.112839,8.609475,56.015255
-33.665398,22.135847,30.080328
-7.316066,25.706570,20.497370
1.493997,-17.138441,56.015224
28.867102,-28.420630,52.551682
-14.118338,26.911253,20.482185
-12.968034,28.094790,21.764919
7.252916,6.459284,2.550508
-4.628250,26.198397,56.015255
32.955330,4.790761,56.015221
-0.287564,-16.130632,34.195915
15.106452,-18.228024,56.015213
-21.381376,9.857893,19.452303
-0.699066,-12.446749,56.015232
42.904285,-13.294703,56.014973
17.412535,22.536707,31.240942
35.461834,3.908479,56.015221
0.910250,-4.794841,9.491774
-11.268286,28.150011,22.177315
-10.887590,29.368160,23.811062
-35.392921,9.684732,29.499126
-20.443790,32.294033,56.015282
-4.639768,-18.245701,8.805240
-0.680716,-1.932289,8.086914
2.463688,-19.105032,56.015224
-41.872883,-18.582352,48.494553
17.396469,-8.157001,6.787747
-41.488056,-20.721533,49.793358
-4.010607,-22.567415,32.083660
6.020406,-15.684013,52.248863
34.353600,7.203887,47.950382
-46.770508,20.361168,52.265865
-20.532854,30.682585,29.211269
-31.373661,-27.918570,48.245827
25.828783,-0.289885,24.558006
-39.708282,24.096193,36.514866
-4.322441,-16.923801,17.863819
0.195169,15.331171,46.800915
-33.643578,27.680969,33.485123
-38.270332,27.248945,39.268188
-10.784010,27.270378,24.035696
-26.052341,-19.922808,36.947624
-47.448212,17.579081,51.680256
-11.962271,5.708979,30.304358
-32.192970,33.363529,52.797298
-25.053112,34.569550,53.392872
36.108547,-8.117970,47.466125
-25.071157,31.565241,34.724167
-26.979933,31.942965,38.503384
-43.031105,-11.892455,53.602463
-40.972721,-19.353964,53.714100
17.364868,9.226094,24.156527
-45.413811,10.478733,42.391098
-7.057189,30.710802,48.706440
1.077732,-25.176947,41.264439
-15.177552,7.138435,16.440628
-14.768864,30.706310,28.827950
-2.131899,18.678255,23.841534
-19.346769,32.607185,41.080296
2.734761,12.292548,50.634666
37.415726,-3.196195,45.113411
38.070389,6.141207,51.143009
-38.555073,30.246752,49.354729
-36.092037,30.379128,43.719280
14.097223,6.106526,14.749884
0.580402,4.732083,4.457173
10.012984,18.541794,47.269588
1.493825,-19.940821,49.223942
-31.664423,30.233328,37.417328
-14.921988,1.629906,29.615484
-35.101410,28.007000,36.343182
-32.649178,-28.489943,50.329796
-9.628542,-13.763396,49.949890
1.447126,23.592022,45.080734
3.360327,27.158155,51.088295
-7.369813,17.351437,17.286072
-33.852394,25.473606,29.874111
-5.702214,27.437040,28.758219
-14.236053,17.800518,16.747704
5.494556,29.240828,51.941036
-19.779943,33.517853,47.178963
-39.825623,25.187346,38.883934
-42.684246,27.000546,49.452942
-3.153206,-15.274708,49.543430
-23.382544,29.919224,28.774961
-10.853984,1.187947,33.533653
-7.833111,30.333347,36.305733
-17.536589,29.664455,26.261765
-28.585272,34.053253,50.435459
-15.087978,32.173763,35.885113
-2.427187,16.476564,19.153635
-10.073908,29.880743,29.547409
7.383689,14.960247,51.412540
11.989209,16.008045,50.787251
-4.193882,-11.898939,11.211121
-17.675762,31.338614,31.203938
1.936532,-29.417999,46.248440
-40.103802,4.030594,34.525436
-46.585667,8.100162,46.311058
-1.718813,21.500877,51.250568
-13.259439,-5.096385,37.529484
-10.894969,-34.835178,52.923180
11.419184,2.593829,9.042531
-47.989403,11.235204,51.715054
5.144777,18.671692,37.716679
-39.404011,18.397871,31.866316
10.472878,23.973667,45.425785
-11.713541,3.183890,25.408552
-43.210121,6.068803,39.204033
-36.920376,23.187279,31.587969
-8.197699,5.293748,44.473179
16.405252,-6.955842,13.141692
-42.952396,25.182119,44.565151
-12.807630,-7.358319,49.999153
-12.624263,-10.885228,40.862389
12.338809,14.229667,46.083431
-12.776184,30.479769,29.771715
-4.245702,-29.008898,49.967289
-10.486275,-35.962769,54.418087
-11.837088,-16.217852,48.842804
-29.539564,31.901577,41.369370
-23.462099,32.473667,39.866421
-15.169971,-7.134199,52.822697
24.585249,-19.227802,35.767445
15.765577,8.907038,14.311227
30.443487,13.504888,48.612335
-4.738205,-24.762499,51.620308
-1.037906,23.099363,40.487946
16.700695,-29.080576,52.548988
10.892064,-27.903944,49.494595
-13.232406,-28.364210,42.512424
-34.858738,-26.974270,52.314407
33.825180,-11.052475,39.954201
-14.594963,-30.983110,45.095821
-22.485920,-24.310490,39.323593
11.922100,12.820382,23.298080
-6.310410,-4.191349,48.914856
15.426105,-3.634562,14.936597
28.382730,-11.165417,52.319248
26.269714,18.612961,49.489944
-18.591156,-33.897758,49.360199
10.358188,10.365354,16.329052
-4.816360,-11.861380,7.968500
-13.589499,-12.592859,45.000435
22.237009,7.150739,23.806574
9.962489,21.245316,36.622849
10.482599,15.958462,29.997938
17.047232,15.990183,49.287178
25.346945,5.244190,29.920202
-12.323167,7.884520,43.699379
-3.157421,-7.161310,48.665169
35.295197,-15.383518,42.441647
-2.046283,-33.328201,52.858871
-12.222496,-16.743536,30.510330
11.577407,12.907077,15.127329
1.592752,-21.674116,52.482777
-28.916052,-25.514021,43.556450
-14.071239,7.992980,14.109880
-3.702743,-3.655822,52.977276
15.125838,-23.674681,42.651051
33.990021,3.748623,51.504360
31.379503,6.058994,50.008305
-5.209567,29.938011,44.972790
25.533201,5.223657,23.380987
-8.829452,11.690378,52.315292
34.662682,-4.333637,50.890408
37.486050,8.487291,46.663250
34.406265,-6.496698,53.128361
10.518680,11.712954,45.673588
-7.275690,-18.380201,31.628742
9.027497,-21.869373,49.830132
-44.807598,4.126577,43.883347
-44.838795,12.671000,41.271667
9.258101,-3.418784,6.832023
28.950012,1.457936,24.747250
-2.326699,27.069201,40.002895
41.195850,-0.550451,52.577934
-26.268658,-32.428303,48.813786
35.233280,16.272562,52.627300
-13.812482,-11.379746,49.066238
-19.993906,34.171383,53.296463
-35.624111,4.675319,28.639437
12.405044,-11.227038,11.773818
27.503885,-19.013981,45.630348
0.316721,-20.983484,22.753040
-1.092162,15.062500,51.402992
-36.820320,-25.185812,53.295635
-41.464447,-0.095944,39.290890
-37.897320,-19.377483,47.478062
8.744160,-23.901396,30.221758
-32.434708,-25.696098,46.591679
10.699710,25.884178,50.573750
-18.309479,32.502758,37.273312
-6.651816,0.829876,8.048442
25.924276,-22.646666,41.442108
-21.242792,33.218510,44.532677
8.423264,-27.524645,34.687889
30.239748,4.373318,36.945324
18.581455,4.365586,17.188164
-7.072693,11.109002,36.496471
18.406872,-12.361334,16.515175
21.127396,13.417863,38.027088
-25.569620,30.159903,30.465080
-11.801079,-14.429356,52.584583
0.343455,-16.606321,51.821869
9.882219,7.434403,11.442850
-40.034878,27.622623,43.080181
-45.109776,22.106394,46.972988
-31.108482,32.527771,44.877106
29.315943,-13.410672,40.026108
38.327877,-12.377339,47.812168
-35.463333,31.975950,50.017685
-9.736085,-13.768151,19.699711
6.993627,-22.841370,39.228775
-14.821606,32.350674,38.586697
-35.671707,28.984379,39.550838
-9.910645,31.474443,39.571037
-37.993481,30.427832,52.786991
-9.993025,2.118403,29.571228
28.344372,21.175331,48.539692
15.362283,3.139580,11.664780
11.688622,-6.541774,9.991346
-8.585710,-11.869279,12.396917
-3.397563,-34.822388,51.558414
-22.420210,26.235462,22.935873
-40.712452,21.923721,36.834660
-43.707405,22.390326,42.873306
-45.305630,18.287539,43.738708
-47.418114,11.403831,48.199364
-32.772659,31.139780,41.477116
14.909982,7.419010,19.820450
-42.191231,16.583826,35.753139
-43.376900,16.832575,39.110561
-34.321117,32.992188,53.769241
-1.528832,27.060898,48.750484
-27.204414,33.659840,52.487999
39.717083,-2.502414,48.860355
-10.776725,32.021778,41.851929
-46.208782,20.641096,49.804317
-7.260417,12.731874,30.308073
-44.325039,24.064425,48.341560
-47.619766,15.175653,49.778728
-44.637207,-5.528118,50.970100
-11.383173,10.405395,32.683670
-29.384634,31.326086,43.702019
-41.088787,27.662582,46.817879
-31.511713,24.065229,26.980803
-37.364597,6.674283,29.529871
4.541714,-30.473892,50.780098
-2.009121,8.132982,47.022129
-40.572163,28.646360,53.527294
-14.057099,4.626262,52.795429
-2.046794,26.942533,44.387428
-7.247076,15.047595,38.473061
-4.414340,2.513723,5.837455
-1.257467,28.856152,42.189270
-12.431674,-1.736723,26.657175
-44.837208,-7.474858,53.130260
-41.168262,26.601484,44.789169
11.268837,-1.406625,9.731955
16.681187,-16.163527,14.961791
-33.829956,-22.737782,45.093109
-7.422372,27.464706,26.484987
13.202542,-20.234673,22.682383
20.576195,-19.494305,45.194584
-20.881321,-28.760008,42.992737
-47.826210,12.845598,50.010513
15.194193,-3.550997,10.418101
-36.361801,26.943092,37.979275
-38.948433,29.455294,46.137917
-35.230923,33.213642,51.798958
-14.406569,32.394665,43.868320
-15.729115,1.844758,34.679314
-33.437233,32.425037,47.190125
-30.592897,34.600552,51.565651
6.066832,24.151005,42.053082
-38.082565,21.521900,32.448174
-33.460224,-27.362505,48.631859
-9.688409,-1.109123,12.055213
-42.690681,19.852459,38.272488
-12.110754,-4.526580,16.853743
7.909584,0.168337,5.645609
-42.467308,11.837577,36.166225
-1.329127,17.239925,33.844025
9.783554,13.685266,48.800461
5.053398,9.159857,10.130633
-42.690762,21.493048,40.282436
19.340860,16.738169,34.234161
-9.065163,31.597157,49.739990
-46.620533,9.454480,47.943855
-33.109890,29.500097,39.468815
-11.702776,-13.274784,47.527332
-0.742666,-7.413309,49.259232
-8.085467,5.641819,31.704815
-14.467690,-2.706182,51.490955
-42.275719,-1.580094,41.473030
-6.917609,29.395109,32.687176
-39.753716,21.156977,34.644955
-32.728638,-8.269363,31.868153
8.580975,-30.619299,51.945690
-39.029819,-17.165606,47.834255
-10.858820,-6.329054,20.578205
-44.315014,-1.029665,46.257812
-45.240154,1.770503,45.663540
-42.178585,-13.881215,51.642441
-17.656860,-30.297274,44.372032
-36.916214,-11.207004,39.629230
9.912045,13.634162,51.663109
-21.080297,31.730984,39.138893
-39.797256,9.863422,32.374256
25.535646,22.976847,48.476074
-9.716153,-22.708733,31.525724
20.073669,-15.157139,15.118187
-0.987155,13.206794,38.987656
-45.683594,19.971201,45.904408
29.008516,-17.390293,33.384228
-38.858963,-19.326305,54.235020
-4.059027,11.738650,19.886993
6.918631,-19.500353,38.532425
-2.490371,19.828880,20.301044
-34.658405,30.336176,38.028767
-14.570837,7.436789,33.423992
-35.913502,0.973897,30.401262
5.162891,-9.257013,7.254920
-45.547714,7.627805,44.466301
-0.455844,-29.956327,41.316765
24.048756,-16.321598,43.965267
-35.697037,11.205422,27.141495
-40.850082,1.184475,37.382904
3.004321,-19.340620,24.634453
6.498291,11.776729,13.480032
3.928762,-28.763592,37.991619
-12.612821,3.332584,28.391592
-8.085521,2.061534,32.331573
-31.070024,33.471596,48.784035
-3.449400,-7.314874,52.368500
6.629433,-25.998074,51.144485
8.852444,14.062579,18.714039
35.955402,-0.196158,51.713795
-4.888200,9.664071,41.938553
-40.779606,28.765129,49.578510
-12.679414,-1.162544,21.181736
-35.407852,25.492710,32.589233
14.125804,-22.345440,20.429884
24.460752,-23.890884,37.321800
10.111017,14.898225,39.898529
-39.013920,23.368662,34.396049
-17.180664,-0.427238,29.482075
-14.096018,27.547792,23.541573
11.811119,10.246856,12.674512
38.446148,1.733323,52.909504
4.187545,26.822535,44.768734
32.700302,-0.978542,52.919182
-24.548239,32.671734,37.268185
-26.758945,-4.327065,24.484684
-27.014681,-21.038343,38.785439
-23.857851,28.864063,26.591928
14.007253,-0.160484,8.229612
12.951485,-28.823223,52.501026
-41.797508,3.844575,36.935947
-29.156586,30.671978,35.482399
-21.625345,31.855921,33.711803
-37.392273,31.986952,49.188881
28.846029,16.220383,51.910152
1.751518,13.440446,16.833923
-15.645561,2.684614,53.637569
-9.215583,-6.513620,11.710695
8.204767,-1.708705,3.937441
25.174915,-14.896692,34.196461
-13.944842,-12.354657,51.952679
19.089216,-19.799791,33.445976
5.146600,16.221004,27.136307
-15.313719,6.411791,52.243050
-33.478928,14.687829,25.344919
-13.165233,29.859760,27.043344
7.390134,7.466330,7.659705
-8.515176,-14.166542,11.025120
-19.697399,31.191175,37.819408
-40.925461,-16.729683,51.676575
-44.393631,20.880787,44.346249
-0.149803,8.621494,42.585926
3.202631,28.826681,48.432358
11.383182,20.801416,51.353848
-25.336779,33.774357,47.310066
-9.707931,8.928871,24.838707
-10.496259,32.066135,45.849098
22.774519,-13.347644,21.596184
-32.097710,-23.634123,43.991821
22.456631,3.086139,26.572414
-4.452194,24.478548,25.605581
-15.708892,0.015616,26.043205
15.755754,-25.123291,36.041130
2.531426,1.829506,3.454226
34.714176,-13.640084,51.152374
-13.833976,14.718613,16.254711
-13.113070,1.527403,45.545460
32.637531,-14.051165,35.610073
-13.718850,10.123351,35.744732
-2.907203,25.881496,28.970137
11.608036,-19.961723,42.639271
-37.631721,28.762070,41.766357
-26.114286,26.924446,25.738712
10.621902,6.002529,8.230979
-9.827107,0.022625,39.982819
14.904417,28.615013,53.066475
6.509151,27.987856,47.984921
7.509548,14.071503,33.108124
8.510929,-4.622570,4.485129
6.232736,22.469843,49.489246
-14.125392,-14.646588,48.167717
11.419413,0.624683,12.264593
-5.223260,19.400297,22.060524
-13.845677,-7.600682,28.785318
-10.852040,-11.087703,11.026453
-38.168499,31.411417,50.996880
4.576824,6.677970,8.460258
0.438320,-22.136847,36.111588
5.187500,-19.059187,36.316525
33.796539,-3.101034,53.871815
20.695881,-25.489584,43.911697
-12.316092,-33.984230,50.161137
30.978371,-13.070980,45.602051
-40.467503,28.605463,44.915932
-7.549136,-18.860163,42.854900
-14.165752,-14.509265,50.913330
-3.770916,18.351347,52.290432
-3.308185,2.443922,48.265301
-2.832347,-13.016612,6.778402
-3.383602,-32.486549,47.997478
-23.875179,31.258949,32.294674
-32.870201,-21.541845,43.351562
-14.611073,-3.957493,46.310192
15.731202,0.758993,15.377991
-33.772636,5.528090,26.322208
-8.835461,12.366923,42.107052
25.698189,4.483596,34.851700
17.176626,-11.250618,12.413593
-17.446865,33.560345,49.016727
1.125415,29.673265,53.384392
28.183229,-12.311585,48.266850
-10.750068,-14.122050,35.280125
17.464409,2.220829,20.150331
-8.448909,-0.502139,36.256905
35.821114,-16.759201,47.297596
24.286541,4.483736,20.312807
15.509152,12.844471,46.820335
-34.125477,-24.039351,47.117653
22.127403,-19.368277,40.288036
-7.431328,30.799234,40.067112
-13.618398,-15.855843,43.182098
3.075058,21.422142,32.547626
-9.356917,30.531715,31.630232
-1.914718,-9.632794,11.725623
15.865304,23.653196,48.759766
-4.617185,29.337734,39.399021
26.095238,-7.991375,23.083061
-13.427158,7.123995,26.326347
-12.519824,32.648518,48.116096
-4.201577,26.611258,27.151878
-20.201151,29.744186,26.979610
1.794962,-18.688742,17.006500
-16.121021,4.183112,52.025017
4.853704,12.201835,53.068962
-5.906342,-14.806777,21.166296
7.904941,3.820345,6.707520
0.963331,2.542801,4.938759
-23.095644,34.440067,51.480396
-4.125067,24.994806,53.700039
20.535305,20.001097,45.426220
-29.311617,29.555241,32.048374
17.664854,11.957740,42.901562
-3.830992,22.076899,48.947208
-16.013628,-3.168608,53.626286
23.189314,-14.090246,43.568741
-9.137214,-14.080934,30.206514
-33.695179,-26.701183,50.600197
-12.536436,28.178040,24.866533
33.923145,16.763678,49.502155
1.157054,26.431688,43.019375
8.721583,25.921028,41.456684
-4.333170,17.740267,40.911366
-15.974603,13.534722,16.372755
-25.763475,32.671349,42.715931
38.425011,-4.243058,52.206444
-43.194012,-0.828369,43.190651
-15.561930,32.426617,41.301556
-9.932980,-8.289575,23.248293
-13.757427,33.114452,52.828560
20.703403,22.433311,50.820892
-6.097145,19.678101,19.024832
17.728817,26.322168,51.219376
-8.668772,-7.476473,21.191610
10.634966,6.758782,6.254339
-43.571255,-9.656507,50.636326
7.683508,-14.699458,11.978712
3.480603,16.713541,33.610470
39.403759,-8.936052,51.145107
22.902540,6.050354,37.029175
17.899239,8.438251,17.537928
-4.160878,27.880360,47.161503
-17.147509,32.856091,43.519848
-38.689983,3.191875,32.215858
-47.867931,4.097533,53.807705
-8.884711,-14.526005,40.184769
21.818504,23.361469,47.119423
-11.663088,31.253201,33.537342
-30.524967,-27.570818,46.123123
12.095335,-27.997219,39.815903
-1.319571,-33.977329,47.654099
-11.739365,9.570945,53.115692
-0.867549,-19.608387,14.852961
17.965942,2.308260,11.097486
9.917203,8.528009,19.137503
-8.109064,-9.145296,47.431744
20.820082,-1.941967,17.281889
-43.980591,-12.158175,51.559605
-20.653357,32.779167,35.965042
4.411362,13.468275,42.361927
4.713954,-28.940899,33.594196
-5.736619,-14.962953,52.424034
-1.268848,4.350258,45.070179
34.020149,-19.368469,51.102051
-13.986108,-9.168257,53.852425
18.174879,-0.446981,20.805422
31.661966,8.004602,52.833752
9.665695,21.994125,48.373150
-13.453897,0.499166,16.279634
-4.191754,-11.053029,46.925869
10.128286,-15.048545,52.834652
20.086445,26.367821,49.524162
40.089062,0.420968,47.130547
-15.544386,29.905849,27.002222
-9.597893,-28.437565,40.275547
-3.773793,-18.585604,52.148125
8.999018,28.727348,52.856438
-10.116853,0.158087,25.322430
8.801955,-24.963888,44.616776
21.633556,26.333967,52.827442
-3.762063,21.079308,53.255962
-7.836561,-10.391556,9.218817
-12.660506,10.465764,17.067793
-12.665108,-18.925728,26.633997
7.587199,-20.603378,20.946198
-12.389063,-10.916638,16.946810
14.418368,-16.846300,23.630104
-11.630490,3.857197,53.697197
-4.769576,17.044344,48.151371
-0.989937,-34.040997,50.401649
9.416877,12.165959,12.614350
26.609791,4.777127,38.865166
-11.862252,18.204834,16.746378
-1.487613,2.178888,51.159149
-5.213850,16.448877,15.599910
19.724491,14.898657,51.437263
-2.390092,-1.423938,50.118233
-4.255828,28.430964,35.750805
-6.310579,4.577940,34.188419
21.629391,-15.773331,33.310692
34.036842,-19.190355,42.463871
-4.368360,29.648474,52.652039
28.440752,9.206609,35.126808
42.931286,-0.784479,53.935814
-8.413018,-9.295083,42.613544
21.200573,15.137815,53.585888
27.062729,-20.896473,50.720741
-44.254822,-4.524823,48.189629
25.209211,8.211811,24.681566
0.190268,3.762762,48.126675
25.603035,12.158798,32.785381
-0.878762,-12.763120,48.277748
-2.528972,5.485713,41.288784
4.893395,29.205780,54.148216
-31.732624,33.825382,46.637440
-19.917482,33.478977,38.439003
-6.866694,-26.908966,50.146076
37.694283,-17.976164,52.901196
18.523743,-16.353243,20.153288
-7.059945,0.381496,51.009979
13.685744,-9.260919,14.789999
21.596767,25.651613,47.801991
-0.444831,0.114731,49.360367
23.688917,-14.484716,51.825024
-16.298725,3.268885,17.807404
-43.885590,12.078097,39.484753
-15.422413,-4.300321,23.750284
5.038572,28.264339,49.826801
6.721761,11.789649,32.935909
22.133511,-15.807710,18.495844
25.598375,9.618233,29.129368
5.480601,-20.241604,43.497990
-15.260564,-5.262598,54.120964
36.889561,0.161774,42.023605
-8.526466,-12.803171,23.325708
33.032837,-6.687867,35.511993
-7.173723,-12.974067,9.045898
-8.105296,31.105026,46.335209
-17.570587,2.231621,30.131695
8.682831,7.673772,16.088953
15.318101,16.243273,52.701458
1.651484,7.144754,47.210583
20.028738,-4.857479,13.362411
-10.851357,3.277672,13.445036
-13.596686,-26.804232,39.045506
-1.560206,5.189791,52.804218
-16.557238,-6.883445,45.980522
39.254456,0.517992,44.086205
-10.413163,13.055412,28.187366
25.485676,15.722120,43.293968
-16.820454,-27.667002,41.898239
-12.811532,-15.748664,22.931406
-37.872524,19.327797,30.709555
-25.824415,-12.998174,29.307560
-7.427665,29.344542,34.617970
-23.180740,-16.319046,30.590496
5.386363,-13.318689,8.625709
6.540073,14.188606,53.754704
33.791496,-20.758955,47.384502
-17.997690,-8.499992,22.823944
-38.337814,-5.797780,37.198017
-4.114045,-10.322496,14.209811
-23.099396,-17.808605,32.507702
-13.992602,-1.547832,23.974203
-15.005661,-12.209747,31.303566
-25.014652,-24.071453,40.051880
-10.532561,3.733245,32.017185
25.606586,19.882805,45.271622
-46.435032,5.863897,47.139545
-46.575413,2.748475,50.489449
27.374865,8.463111,25.853765
-45.954227,1.282256,48.405384
37.520973,-7.188624,53.039768
-9.879745,7.248102,35.974510
-39.811024,-1.469918,36.253189
-42.982327,26.114277,47.036972
-4.899250,-19.945015,22.233534
-4.510426,21.670277,20.666332
-46.911602,13.362065,46.480663
17.992149,-28.847450,48.671841
27.945593,13.100413,35.884922
-2.876481,-30.435692,53.382710
-11.912424,10.083302,39.863800
-4.871691,7.638939,52.103310
-4.931099,7.204020,37.733227
2.341748,-30.298407,35.497776
-36.163544,-23.779392,49.496311
-9.038104,6.053385,11.670803
-33.143105,-14.381355,38.048443
-3.148924,11.794479,14.816518
-8.117753,16.744360,40.351303
27.368750,6.642067,24.199841
-9.921884,-4.550019,35.353367
4.949180,10.311842,7.908175
37.694309,-14.366120,40.678558
-10.070547,-14.067557,15.580310
13.784444,-1.280944,14.836341
0.195952,4.353665,50.832504
40.001965,-5.561879,46.607395
-13.608381,32.972958,50.582886
29.734882,-16.466728,50.938461
36.764977,-10.808633,43.641491
-11.245353,12.447165,37.138374
10.591822,-13.845352,9.543546
13.737675,21.455702,35.457180
12.994190,-6.227970,13.211108
-28.075491,-30.881483,48.050812
5.513116,-26.476744,41.709126
-15.807180,-12.014243,46.451675
5.556127,-19.997658,51.715378
8.858976,-4.004102,9.544633
-19.002251,-18.450691,32.456879
-2.063605,-32.306610,42.342915
-39.491077,-3.428370,37.157402
-16.411133,0.775758,44.501385
14.938349,-13.561033,10.908066
-16.484669,-14.115585,26.500050
3.212451,30.409946,53.358612
16.889599,-30.371958,54.236290
-36.286358,-21.337786,47.011562
1.679461,-24.090443,27.096886
-46.364182,0.180353,50.708801
-15.737724,-0.246133,52.781578
3.825421,-10.553924,10.351253
-15.696301,2.014115,47.863613
-17.749884,-7.784467,26.131596
-6.661639,-8.908587,12.206178
-6.468199,29.633436,46.816952
0.935446,8.297583,39.901600
-5.112425,-15.419674,11.360557
-40.455265,-13.038344,46.675137
-2.356027,23.013676,44.205471
-1.469405,19.364141,46.453045
-15.752268,-1.387687,39.950165
-34.144684,-3.790014,30.707434
31.705372,10.182963,43.235985
-0.694630,12.633750,53.263958
9.690898,16.545441,52.911259
26.061371,10.105044,43.456867
-25.273817,-15.318452,30.951418
-0.129608,-0.613109,3.558890
-2.083027,15.048252,15.234109
17.252178,-19.298296,41.448689
17.747946,-17.337793,38.883102
-33.464138,33.384377,49.498554
-1.172824,23.816557,47.424919
-41.026913,-4.764390,40.914444
-6.773908,2.000612,5.937669
9.650984,24.249395,53.077335
-18.805174,-24.688955,39.282326
-33.257702,-9.924366,33.872604
10.817286,-9.395247,7.693754
-3.702253,9.311041,17.307085
27.878660,21.868481,52.377728
-37.450104,-15.836381,43.746132
28.627510,20.109148,45.687748
-21.642572,31.526711,31.257641
-6.016172,15.406746,52.293079
-30.917690,-29.592445,49.576614
-38.210011,-21.913639,51.576241
0.547235,-26.636988,50.653587
-38.914146,-19.716391,50.036522
33.179955,0.803940,50.119621
-14.144079,5.441946,46.367146
-6.186871,-12.572425,17.379881
-3.971149,19.531530,30.943653
-8.372858,-31.279907,47.641155
-14.532058,-35.968876,54.001148
8.136505,-10.498615,10.938764
14.775864,-30.214651,49.679016
20.088860,-17.005360,42.404366
-10.736884,14.010566,41.430523
3.840299,-24.959148,38.588772
-0.181046,16.343861,28.531387
-3.287274,18.005970,17.033291
24.309111,1.401917,29.675861
-6.334412,23.342747,21.711473
2.289730,10.612236,53.100498
-6.421569,-21.142832,52.452595
4.034158,-30.848827,42.129204
21.077957,-15.978716,48.238045
-9.609900,10.183605,53.983948
-1.529476,-20.479593,28.304806
-3.802160,-11.384426,51.156021
-8.198577,26.636238,24.580154
12.869226,26.236311,47.413956
-9.166862,30.720718,33.935226
3.435199,-5.875026,5.287194
18.593601,-3.129077,19.185940
-15.328210,-21.276537,36.314491
14.056504,-10.643287,17.266827
21.326324,14.887675,46.418182
33.481785,-0.316711,37.116039
-16.477755,-34.891323,50.438484
-5.839908,-13.239822,13.874678
1.543397,-15.372018,12.982164
-13.468659,-19.132223,39.944935
8.379768,-30.422249,40.838566
-9.780579,-3.678426,9.346410
-15.550624,4.715802,54.246777
6.542179,25.441708,51.584091
24.594793,14.758316,52.706482
-31.063412,-30.981466,52.032257
12.803785,13.272857,48.943623
-12.612700,-17.492590,50.244125
-21.776907,-19.788776,34.332043
-9.443279,2.117833,10.179420
14.966573,3.572248,17.718771
-46.195377,17.746176,45.774590
-15.774261,-28.499355,44.143570
0.403081,-32.384235,44.943390
19.883730,2.810837,27.881851
-7.488409,2.247895,14.665243
6.733717,-14.173105,53.988880
-4.795064,-20.008013,37.170456
-15.693327,5.488757,29.743904
-0.468816,3.370541,52.602558
30.814335,-8.926486,40.616394
-47.243187,18.650291,53.647346
-39.762691,29.765089,51.422009
9.887186,-27.405474,29.319744
-23.555290,34.584213,48.963902
-36.136524,-8.819072,36.737396
-39.398094,-17.455727,50.098980
15.317282,18.335094,32.185658
19.657845,-17.819036,17.291355
-2.207003,0.160794,2.448498
0.785418,5.855045,43.435268
-24.056505,-30.881491,46.162491
-26.655893,-27.720726,44.326283
-17.706234,1.451020,42.218536
25.672558,-12.679696,29.686537
-30.662697,-12.282983,32.976723
6.823301,2.980814,4.066532
-5.861494,-11.110063,12.755613
15.332786,-19.864080,35.989880
7.257958,11.543047,48.567230
30.567724,11.776905,52.194862
23.992245,-8.342789,25.921696
4.473967,-15.425896,49.278038
-22.257605,33.218395,37.683052
-10.924001,-18.293779,45.300484
-28.697075,33.655518,43.175156
-15.978280,-9.250020,48.056587
-32.669395,-5.096784,29.520729
12.587302,-31.101736,53.692230
39.153698,-1.682112,42.163891
-4.637197,29.766380,42.201412
-21.971264,-9.588253,24.320026
16.654852,8.209335,12.339101
32.720661,3.027020,46.171268
30.434919,4.317430,47.830238
9.214645,2.160528,4.628256
4.317841,-23.083838,41.622437
21.771082,0.490360,23.116394
7.693402,-32.799465,41.560398
-22.983019,32.704636,35.474159
-20.098024,-22.194639,37.108513
-11.886627,-31.910780,47.262039
17.480682,-2.658888,9.305920
-9.128933,-16.411306,22.343739
14.555090,-12.722222,14.379961
20.957430,-6.820220,11.860297
-8.415057,14.269786,40.541649
24.018757,26.706423,53.786438
26.442417,13.767903,54.005886
-15.919091,3.928083,44.164902
-18.292536,-19.712334,35.570160
10.741908,-5.995918,6.080376
-30.324614,-20.857807,40.487064
3.550894,14.129237,37.671608
-1.474696,-8.277975,6.941434
-8.533704,31.398569,42.799984
-2.580014,25.873438,46.693626
-1.101390,-19.186926,38.173260
15.793786,-20.112928,18.204723
-14.108226,-1.722829,32.488228
-3.423532,16.065445,37.226765
-17.646536,-6.810267,28.696138
9.670328,-32.754868,51.561661
19.636148,-23.751965,39.163517
-25.432409,-26.557547,42.468220
-6.338883,-11.478686,10.554453
10.264774,-28.901585,53.506672
13.000001,2.304172,15.614620
4.928420,20.042219,25.415199
-5.890675,12.060003,39.625793
19.315817,-25.231005,33.282181
-5.919217,15.323650,26.243999
-28.504946,33.484875,46.845695
0.554499,17.959152,39.683224
38.918541,-14.262432,52.024921
-16.036331,-1.223980,48.858067
-26.297312,-33.678799,52.020336
-10.256006,-10.817142,26.145170
35.623184,9.958417,51.677460
10.383135,-24.893286,52.134178
-11.134248,8.683867,48.376949
-14.987063,-34.798145,52.128132
-2.431333,25.626156,33.164505
-21.457079,-26.354242,40.692860
29.681747,-5.737272,33.823372
-35.232693,-25.104980,51.084621
-12.202353,-24.129519,42.206051
-0.504846,9.934180,50.288544
15.552183,-19.403116,49.511208
-6.345951,-0.580768,44.479874
28.490530,-21.148127,37.294838
-9.521532,-24.674362,45.291870
-15.477676,3.446450,32.050640
1.966394,-18.034708,21.399267
6.765876,-4.866931,8.380221
-4.189401,-22.902742,25.573465
-28.981716,-20.098116,38.939041
-25.057150,35.348320,51.373627
17.072748,6.372214,15.431438
34.005699,-15.495174,33.525616
37.216171,-18.951019,48.809502
-4.102623,24.429277,43.079895
10.510854,12.017348,31.182323
12.758362,-28.388840,35.404484
-38.509434,26.283777,37.049408
-17.210089,-20.166155,38.223953
-7.860628,3.527518,30.166521
-0.111161,18.434248,52.449375
-16.908619,-5.109767,39.127014
-7.386915,17.907129,19.660297
-10.067987,-4.015399,51.546299
-14.099667,-16.461411,20.604200
-12.294248,-6.089366,42.375065
-6.281380,0.010161,11.427062
-6.368274,-33.257484,50.026730
-11.964336,-8.720707,33.346146
-18.018373,-5.044555,25.001072
0.431434,-34.207119,46.559784
34.434475,4.991279,53.813683
-12.632866,31.630972,42.892670
-18.456375,-12.102944,23.947491
33.720566,-22.024729,53.112614
41.322685,-7.462837,53.140919
8.102985,-30.527044,46.293232
-10.004122,-0.236958,18.278902
-27.559423,31.320086,42.336811
-15.784650,-11.461071,42.590572
14.488746,-14.666680,21.728874
-6.246082,20.629152,20.811092
24.043531,8.708949,22.285286
-29.471958,-23.631273,42.478718
-1.909432,-4.233328,48.701168
-8.778124,14.992966,43.318924
10.503610,15.992884,21.619532
-1.687694,-26.527689,53.029030
22.776640,-11.824620,16.721834
19.678686,-13.965704,52.772247
19.215372,12.938720,26.277891
-12.422083,-15.721638,45.936413
30.319689,1.243000,23.254131
22.057804,12.907994,42.420959
-15.494177,8.575250,27.237225
-8.537569,30.503872,38.290871
12.695954,-26.087887,53.368439
28.861172,6.334833,42.746250
23.060081,-25.712805,50.908669
-13.163310,-35.757488,51.242283
13.486201,1.387620,10.517922
-13.707859,11.731836,32.011463
17.641781,-14.199213,12.057576
-9.336302,-1.205402,31.825922
-17.356277,30.628466,28.551888
-7.820642,0.239702,18.881899
-14.399707,-7.634373,16.461323
-2.433701,-32.106827,54.406410
14.601476,-7.256075,16.342571
-12.076839,6.693033,53.273052
22.820076,-26.027325,40.430481
19.062185,5.460295,13.711245
17.574001,26.030344,47.739532
-4.876023,-28.634768,44.787479
-36.441597,-23.301834,51.677910
31.672176,-10.358380,31.709026
-16.952669,1.464222,27.760345
25.370792,-3.514061,20.442041
40.685215,-13.106641,47.396137
4.209070,17.979538,51.775116
-33.505562,30.932589,44.028999
8.975159,11.127419,24.374737
14.317199,-26.833767,46.236698
-14.100844,7.018598,53.905220
24.243347,-19.553095,30.286222
-15.516719,33.525459,42.838501
-40.856483,-15.025495,49.488350
-15.049091,4.255648,25.095787
15.154431,-20.116493,45.206928
32.438297,-7.113502,48.937450
-4.757435,29.219032,33.594780
-18.904892,33.835217,42.780445
39.683292,8.616280,52.473785
22.020849,5.628841,32.753391
18.728176,13.078339,48.233631
-1.529801,27.336277,52.409275
-1.053556,22.294413,25.313612
32.172180,1.425524,52.351070
5.661924,-18.659861,25.134829
-30.294413,32.231358,47.135479
24.854786,-7.851803,18.444895
11.301764,7.552532,14.287218
-17.020853,-3.513027,28.805637
-17.393049,-29.769625,41.623833
-22.108059,-6.935658,23.161659
-3.034692,-32.396343,50.604618
-6.377564,-14.157351,38.799694
-16.616928,31.545866,37.964478
8.409679,-11.900839,7.664061
19.188986,-26.984730,36.865486
7.793920,9.749473,11.496336
-5.550953,18.913406,50.498314
5.606137,-24.574265,40.206902
-16.902895,-1.195771,19.130194
-6.468745,-6.329937,7.836934
-31.087700,-22.134773,42.158226
23.237020,2.796331,17.598007
-7.163618,-11.854997,20.438454
-0.254801,29.169424,45.598114
16.784344,21.438187,37.778099
39.652309,-9.656696,45.723934
11.978329,-29.033010,32.375698
17.718170,28.476543,53.443829
29.388021,0.199897,33.760025
3.566918,-32.300705,39.706310
-42.568848,-16.902370,53.585899
22.202457,-17.964651,22.785530
33.862244,3.371031,35.909744
-17.759527,5.815675,17.198610
11.595542,28.589128,50.087128
1.301617,29.695829,50.293537
2.196665,24.944170,53.149361
-8.805213,14.166595,52.430935
-5.118644,11.688333,12.350015
11.732986,-3.539576,12.054023
9.074209,-6.838231,8.474707
16.384447,5.463860,12.864711
16.173527,20.875610,33.681179
12.451425,9.060987,24.332243
22.764338,13.106615,50.387825
-4.424532,-33.813686,46.056114
-11.303196,-4.873353,8.408711
-2.984939,13.635610,30.517363
-9.001906,-12.109337,10.166296
6.128332,-25.380173,53.690060
13.440411,25.416328,52.751690
-10.126565,4.513789,10.035893
11.077028,3.360254,6.359274
30.258318,-9.928127,36.410255
7.717293,11.068307,43.802620
6.288949,-31.260544,53.496922
8.956802,-20.926327,45.743458
3.052578,-2.463326,3.912875
-13.572623,-26.223566,36.118397
-19.794481,0.008390,19.310789
32.593647,14.291590,52.947506
-14.882893,31.445032,31.302809
21.800991,1.134450,28.744316
15.755991,17.707554,42.460384
23.298338,-13.369803,32.224285
-44.328407,9.984824,40.603962
-15.170337,-16.397305,36.449959
-11.243414,-18.861921,48.048233
22.821959,10.685155,45.499512
30.672953,-4.331877,37.084415
21.919729,13.436704,30.118517
35.980015,-4.388655,53.167152
-17.500031,32.999649,46.076572
-11.112538,32.361439,49.763363
-9.992324,14.107512,16.061771
28.908371,-5.543450,27.887571
7.920648,21.122309,52.413094
-6.453046,-15.531643,24.774340
19.450428,-30.017157,46.820442
-6.135697,-13.246248,49.079124
-43.655518,19.143507,40.307522
22.780354,10.971100,26.509701
-1.333123,25.423634,42.094948
21.874182,-15.150553,53.611755
19.297974,10.855357,21.533060
4.063941,5.061395,4.884658
-0.552583,23.585222,53.174362
-18.071379,34.125778,47.396179
-8.430390,-4.602007,16.247646
-29.509247,33.393852,53.518894
40.363831,-2.926821,53.533295
36.901676,4.322159,44.925117
-31.057009,30.285851,42.635925
-16.508984,33.513287,51.158905
-19.199066,-5.096341,21.241261
-15.438901,-10.119950,51.794598
-22.212667,29.916430,27.123312
31.911308,3.769555,53.531540
-4.759892,7.879734,13.671938
21.424778,11.631258,48.058647
39.959030,0.561134,54.097263
38.570576,-13.780205,44.012791
-43.696651,-3.759710,46.037701
-5.839390,-19.711178,17.205351
-5.919894,-6.901704,43.631123
-15.820592,9.660516,34.424179
34.995819,11.237793,45.216110
2.861500,-32.747330,48.664654
11.025515,2.085759,14.186855
26.712643,18.701759,52.870205
5.676790,13.376900,22.020046
1.596639,25.975592,38.828014
-11.498692,-4.854795,31.118872
-12.848642,9.949307,24.712591
6.723673,-24.113840,42.817852
39.199314,3.981471,47.858196
-11.456980,11.530680,47.471680
-27.738518,33.238785,40.420895
0.900637,-18.691750,27.368675
2.846503,-25.819342,52.996460
-8.533786,3.236591,27.481991
-14.198158,5.730541,19.878969
-16.175518,-4.586601,49.248940
-4.032681,-3.588082,50.276688
17.557539,-15.203654,49.286396
34.660961,-4.680763,47.164799
-44.790874,-12.897605,54.074371
17.602591,-28.124018,54.289455
14.508668,-23.397007,28.627251
15.031724,14.937116,23.457247
-14.183125,5.928415,39.808853
-1.614084,-0.198523,52.184475
15.299400,11.204905,16.347847
11.071119,-24.051502,36.849987
29.897884,-7.873197,24.645739
31.074593,-9.671830,44.206387
-17.018911,-1.959570,45.958706
-13.121947,-23.173737,33.570461
10.688210,-31.276749,48.545471
33.301819,10.871378,48.695862
-12.393627,-12.380774,53.962505
16.625784,6.065025,18.136652
15.232879,6.315409,23.337429
31.367161,6.829239,34.135288
25.141844,-17.410402,48.931091
-14.369711,8.881510,41.481773
-6.953953,-25.550602,33.468300
-18.699711,31.913719,34.034870
-5.942216,11.158695,24.898983
2.035291,-24.210981,46.291821
15.086728,18.596537,53.708260
3.034318,-16.230841,18.387768
10.901731,-16.438105,9.758975
7.769906,-24.656208,25.716753
25.639561,9.265187,46.698860
-9.640282,5.651435,53.671879
-8.402980,15.767739,28.352928
8.543430,25.218403,47.982384
4.885665,-14.620894,14.424354
-10.171765,-2.666365,28.937887
18.205698,28.316458,50.573795
19.615511,7.477708,36.533318
-15.589253,2.242961,15.065197
-0.199660,-30.716927,48.955353
-21.297270,30.835833,35.513653
-15.695681,6.334900,42.375969
-1.680308,6.900265,50.026661
-4.665214,27.774069,43.769115
37.397507,13.600660,53.059540
19.371275,-18.127529,51.829185
2.054461,21.432653,24.334501
8.026466,-9.115898,7.071884
-14.479088,9.225158,44.014469
36.701389,-5.728953,51.197216
-45.905094,22.487316,52.869797
-8.603573,-9.523225,15.855085
1.958443,11.348475,45.534428
-32.245014,27.750490,31.478340
-28.248589,31.338289,33.322613
13.552689,-16.962782,47.061928
-37.547024,-9.005518,38.276367
-3.823519,-13.989246,18.931520
-20.139532,28.476196,24.918732
-6.645798,-26.129599,52.823689
19.867794,-21.027681,53.113010
-6.895524,30.599989,53.337231
-6.685843,-21.009218,47.378887
-4.378161,-26.080011,39.647049
-6.087237,-5.522376,51.850513
13.174197,-13.311947,8.841175
7.488695,-17.840614,45.039280
-16.397675,8.019678,31.551682
33.139820,4.142724,48.786968
-11.161688,-15.717363,14.466732
-20.341776,-14.435800,27.841803
2.728162,5.280729,47.439213
-6.211453,-8.417683,41.533558
30.089218,6.486002,53.300240
25.843330,-15.284140,25.248558
-1.476971,-31.403276,39.025501
4.613934,26.951038,41.615231
-2.391967,4.878006,5.141952
15.513180,3.594705,14.884496
1.753286,28.309502,39.980206
-0.448064,-26.737705,37.020073
12.782329,15.232767,53.369343
19.772081,-20.303001,37.283684
11.059959,29.776735,53.760460
-2.022627,0.673575,5.187508
-12.957114,-13.842535,16.446793
-31.158529,32.665337,54.331367
26.472443,-0.416740,31.827316
-8.208782,-34.940540,53.337883
-45.891994,13.709320,44.234119
12.195148,18.146421,53.140007
22.592020,18.742508,51.794891
-9.039388,-1.098696,7.843944
-15.728871,-16.043190,32.440731
-15.940076,-16.067484,23.905489
-11.831578,6.175970,12.992656
38.026203,10.316854,49.396084
-9.103827,-21.237560,44.877060
-42.177967,-18.450090,52.563599
1.285691,26.443043,46.935879
-20.982122,-11.919010,24.130577
-4.568643,27.226072,40.188957
40.844929,-11.148878,52.943539
4.832929,-14.547934,6.683521
2.279137,21.301554,52.328289
-6.752565,17.484684,30.855289
29.678249,-8.432201,53.077259
-45.918118,11.050062,44.522942
19.603550,5.664109,20.981960
-38.475353,-8.914429,40.192535
-0.256444,-14.999445,45.928654
7.680604,19.324137,32.534492
26.276503,3.414278,26.680120
29.869480,-2.486045,25.341553
-4.340285,20.824936,26.650627
9.555202,-7.492283,11.764316
-6.067956,18.248470,27.733747
-9.133666,-8.198056,38.895298
-33.509529,-25.515430,48.157383
25.412653,10.252408,26.481808
-41.569355,25.583643,42.273605
-1.562209,17.162369,48.905178
19.068401,-18.506901,27.719717
26.272886,24.622126,52.820965
21.443510,7.092292,28.481817
-47.313942,5.108390,51.054409
26.397779,24.408524,50.334148
18.388882,6.452407,17.064943
5.267610,-26.466785,45.689018
20.053659,-1.599071,12.720860
-14.029214,7.413407,23.233393
41.272518,-10.885548,50.047806
-15.305111,10.020650,15.852250
33.304356,-10.176624,52.335983
23.033739,15.728982,33.167679
-11.023990,6.535997,17.157671
2.201613,-32.546032,52.468437
-17.421865,-2.499715,32.857513
-10.092486,-5.075522,46.349133
-1.850340,8.480528,52.825226
-1.745533,-17.467491,41.047028
-17.743565,-16.717796,34.721016
-19.013065,-19.330149,37.515892
-35.676830,7.020399,27.993826
-0.237843,6.321827,6.776703
-5.473991,8.811511,22.542898
12.674368,23.003960,39.008175
-13.133593,-32.093746,49.923367
-24.961565,24.298971,23.089724
-0.616929,-17.185474,37.762375
11.262492,26.965385,53.653515
19.341814,-7.657692,17.489210
-24.355883,-6.328815,23.408295
28.486454,-11.200809,22.919495
-7.039865,-1.819792,39.118454
-12.962894,-4.290783,13.264928
-9.366167,-9.654858,51.690857
3.871907,-22.179840,31.578608
33.026760,-1.715269,47.780102
35.706356,-16.661320,50.533691
-14.377424,-9.176359,49.851860
-39.717171,-15.292761,46.544186
36.312366,-7.234790,38.825562
36.828030,12.594133,45.461494
-14.721419,9.210996,24.088583
32.498436,16.878849,53.666908
29.875887,-23.014067,36.544132
-46.757168,10.072882,46.049564
10.984319,-17.300125,16.166557
-8.933841,-3.869271,33.079487
26.944130,-10.648655,47.830032
8.052716,-17.931423,37.656040
18.490070,-11.414227,10.461158
-12.234184,-1.622002,10.820237
4.645367,26.359007,53.503521
-16.216248,6.265491,25.744566
-5.731634,5.957065,31.736237
4.190844,-20.478355,28.164742
-4.424041,22.897648,45.688717
-1.151994,-17.715803,23.187469
-3.734057,-17.268867,38.532536
24.620111,2.122627,22.623260
-2.227949,25.097473,26.655622
34.852505,-21.858467,50.277851
-5.196464,-23.155634,53.694725
4.295948,-25.978672,54.489052
-4.284210,-10.951988,16.712917
-42.103931,-4.231677,42.904633
22.775736,9.453914,34.470219
-31.341312,-7.423766,29.708033
0.536317,2.033702,50.113041
32.590157,-15.830639,52.804497
2.586157,26.880743,54.188309
23.038187,23.947441,49.768848
-2.570882,7.912871,18.105696
-25.337133,-7.780960,25.008774
13.928095,20.945436,31.697466
18.843353,-19.921440,20.076433
-33.099567,-17.656139,39.990219
36.617760,-0.742154,47.793602
10.377910,-26.517792,53.933811
13.370277,21.045113,46.501278
-4.808239,15.756050,29.129435
-1.012125,6.095520,4.062944
31.657854,-6.534337,53.439224
-7.336406,-16.628824,35.490101
20.517704,12.802782,50.856426
20.366999,-12.124609,13.458971
41.862095,-7.972835,50.534611
19.103121,-11.401872,20.596354
8.860579,-17.436798,49.274708
-4.084196,27.304527,50.571270
-2.608368,-26.775850,33.031685
11.874108,-19.260199,51.807262
-2.120505,-19.708328,34.184326
17.022301,-0.715270,17.866922
-8.838246,11.362750,19.819555
-9.351763,-9.048304,34.656441
23.279594,-3.004157,23.621611
-10.636370,4.779669,12.029634
35.898609,-16.787724,39.645031
20.982397,-26.514544,47.683670
4.476071,15.505327,48.065338
25.472242,1.098959,19.503347
-8.391458,7.905578,53.881214
2.176736,11.728642,40.056110
-2.453767,9.728531,39.053543
14.450459,-30.350296,36.310528
12.975416,9.874483,18.458691
-0.432005,25.277948,45.451641
4.193459,-33.221077,43.005932
-14.233516,8.672740,38.412189
-6.240648,30.380957,38.137932
5.427830,11.653528,17.992880
-6.873679,-33.812691,54.504498
-22.200027,27.763004,24.525528
35.080677,-17.025595,53.389729
27.461832,-11.478936,40.278049
16.368893,-30.839708,47.401867
3.907706,8.130585,6.180736
0.245336,10.604849,37.228268
3.963850,22.126234,28.701851
-38.901962,16.790239,30.870575
17.700832,7.622612,20.240112
-15.566235,-4.953341,51.652451
-34.396175,-19.827248,43.573586
26.602299,-24.748745,45.019611
10.061535,-0.337437,4.662336
12.061465,-4.013235,8.145827
20.746857,-27.864391,52.595127
5.577268,-28.316517,52.951515
-1.459305,19.796658,42.355831
-4.389046,23.723909,30.463621
-4.532523,16.602291,50.630131
30.688826,-9.862926,50.095264
21.224808,-16.909409,37.659805
-18.817856,25.911680,22.100616
31.668341,2.015341,48.350819
13.253978,7.676738,10.946300
9.291742,0.629076,9.145544
-19.306969,-2.865872,19.027311
30.063656,12.807069,39.901138
16.259939,20.373192,31.201551
-39.366268,-15.396610,48.394043
2.307815,6.614431,49.860607
5.835375,-3.495370,3.867103
4.265643,-3.547436,5.858984
7.020421,23.502626,53.498875
-13.998900,12.421412,17.060535
15.071143,-4.802767,12.667241
9.342231,27.932541,47.048115
1.488953,-13.706329,50.504951
6.704402,-8.253147,9.600259
-1.216463,10.758984,18.745108
-3.753545,-28.913826,36.955338
-16.924646,-2.913498,51.344635
-31.039392,6.640594,24.079311
-6.612841,10.241479,46.676884
13.351041,12.423063,41.766560
26.580803,-25.642691,41.859344
-46.258461,-5.625763,53.864700
-30.067257,10.887943,22.931753
18.167788,4.043382,24.088785
15.813718,4.153594,24.074419
-30.904268,30.274426,40.168037
-16.153114,2.579291,38.645611
-46.963875,13.799903,48.452377
-13.107956,5.413069,54.271030
23.795801,-1.094405,27.894060
22.036808,18.301903,34.685326
0.120361,-22.250444,19.380362
-36.383656,20.350134,29.430250
-33.023022,29.258987,35.441055
30.017044,-12.382851,21.850704
8.893954,-18.486090,40.693905
1.690772,19.224506,49.130650
-2.609909,-22.525362,21.572664
-23.502037,32.826206,47.782703
28.424435,-9.221632,33.211201
-9.039290,-25.544605,31.428457
-3.171201,28.811453,45.249825
22.088419,13.796612,27.163553
-12.631447,12.841267,29.762461
8.647637,28.592073,49.928368
2.243032,-14.695166,15.900890
31.287830,-12.870789,51.643803
-6.812348,-2.406745,52.856277
20.993668,13.994525,48.720501
-24.861313,-21.841858,37.915836
-3.363394,6.751783,8.243694
7.126223,24.146339,37.925682
-25.427752,11.860718,20.162764
-17.241827,-1.187952,36.439487
34.501209,-2.110753,51.795795
-30.734692,28.237606,32.853466
3.482695,6.905712,45.655087
30.514221,9.432470,33.040428
-13.628819,-10.026642,46.452595
11.713165,5.007618,10.936092
-8.892516,12.407874,45.473549
-1.347165,-12.777877,45.846252
12.655062,-7.283728,15.185556
-17.936802,32.730137,32.485893
-11.636268,10.036972,14.088761
14.711021,-23.926485,22.942116
13.064770,3.898954,13.221004
-9.098649,-10.963130,28.632172
28.702023,-14.279049,24.117268
-16.690521,6.705415,28.001312
25.505552,14.837102,47.526348
31.893650,-5.120343,50.942394
-2.143509,-26.763065,42.753139
-23.849146,31.222691,30.262817
18.231483,-19.861868,17.637300
-19.339474,31.233871,35.829170
-13.446857,9.864506,47.951542
-4.890708,-11.991066,19.702572
-7.613978,10.463311,15.728052
-34.263245,-27.489538,54.265514
30.596111,0.803103,28.582228
-17.049299,-5.481723,18.423798
-9.763761,-2.136704,26.446461
-13.077595,8.713289,54.392395
-9.805978,6.226077,40.448162
-4.285657,-27.916189,52.719978
-48.284527,10.248123,53.711502
-3.480139,10.865897,23.286196
-0.866071,13.624458,21.688303
16.514336,4.586340,16.543356
5.557513,-18.850321,48.120258
-15.227948,33.168362,47.313152
-4.605191,-5.724349,53.681194
-43.819275,25.369686,50.810383
8.689699,4.044537,9.861263
-2.511122,1.840179,53.524258
23.470655,-28.036076,52.309963
6.354542,-10.870634,9.000481
-26.961519,28.153008,27.788784
0.330905,15.967760,53.567238
-0.299379,22.433641,29.616940
-25.331514,-4.007374,22.984848
22.555849,-8.161765,15.228056
10.681860,-20.714968,26.937759
-9.602936,-11.815091,17.462782
34.705208,18.278296,51.288094
22.694624,-7.744449,12.998008
1.506795,17.260019,18.890087
-21.569202,33.551514,40.920738
1.461254,-21.221632,15.581693
-6.831767,7.705538,25.150482
-5.480843,18.435101,16.658312
-44.392487,17.199429,41.236588
-13.798688,-30.291935,41.202511
-4.626847,-0.252678,52.771057
-23.618610,31.425322,41.985123
-9.124823,-4.605307,6.996358
-44.887951,-10.452492,53.991474
16.497776,-3.368031,17.441341
-11.594108,32.520634,39.846386
31.880924,0.289265,46.073658
4.348296,14.003245,31.468363
-12.741373,31.915543,36.511909
-8.289250,-30.640764,43.540779
7.416772,13.240148,29.453096
-44.296669,24.512121,52.864441
-27.833916,30.045122,38.904484
5.876075,-32.807152,40.016907
35.146809,-22.383060,47.148346
-15.519790,-19.034653,33.870384
14.626358,-2.368340,16.639868
-40.771366,9.346739,34.104340
-11.109421,10.909570,50.454502
22.681358,-22.368677,33.311714
-13.805963,1.587861,41.654945
12.890953,-31.508446,46.206600
-17.123409,4.904026,19.242443
-5.922683,-30.490267,53.175503
-9.885371,12.769096,54.023079
9.221860,-6.734384,4.621658
-7.774266,-24.177023,48.232628
-43.845478,0.877904,44.307003
39.369423,7.343186,46.270073
-10.859140,12.371851,24.310932
22.680588,3.924883,29.455526
-13.700473,-4.209962,28.612022
16.245558,-14.999729,52.620445
10.048829,24.703917,38.896824
-3.048830,-25.369579,29.073906
-7.947829,14.712833,34.158276
-3.559540,21.424736,23.713196
41.904926,-2.637915,50.726562
38.631367,-15.419662,46.720749
-35.285549,31.039688,41.430141
10.028087,19.762548,53.476532
-25.295139,31.102087,39.806908
24.852472,16.065008,37.545925
11.972559,-19.607910,45.894699
-37.110508,28.701994,44.743523
-32.177097,-11.824672,34.253414
-43.697453,23.294052,45.620644
-6.526209,14.108890,28.348761
-15.302936,-19.772179,27.510159
-2.884243,30.281836,43.546131
8.094687,-15.505958,9.082826
8.146002,5.349971,12.346406
-7.658310,-8.283283,6.617707
-43.770985,-6.786899,49.037453
-35.503937,-25.199036,48.219147
-12.330209,9.133868,20.472012
1.860402,11.270602,12.741586
30.087095,-11.475225,27.522564
6.229906,-23.584900,20.518824
-6.286143,-9.777761,44.915363
8.411843,5.500319,8.144442
15.300748,-7.144808,9.637313
3.655105,-19.667952,40.308662
25.376179,21.120205,53.449055
4.405539,-33.248501,50.923466
13.569335,-22.042965,25.596899
11.867366,17.873175,22.154676
12.129080,-23.477715,53.594784
-4.284817,23.802853,23.154167
-47.371086,17.488995,49.309757
5.276794,-0.773367,4.783672
-11.479007,30.786957,31.451929
34.503937,18.369411,53.779617
-8.189688,0.726539,30.220783
-9.641472,-4.314848,27.150318
40.370632,-12.645307,45.081337
15.104337,-18.225557,27.315655
-25.705767,33.671227,39.386154
6.963034,0.255045,3.475883
-7.203892,-7.188575,17.050978
17.264200,20.041624,50.408401
4.466983,2.490090,5.075182
-7.819865,11.303273,27.493311
3.226321,11.226407,37.358727
-6.452540,17.909466,37.538795
-0.542064,-10.331263,50.056038
-11.882681,-4.430822,24.345884
-3.855854,10.078290,53.622234
-24.304468,-18.649218,34.405323
-48.271763,7.454541,53.084274
15.938696,-18.403378,32.875275
17.197268,-16.757460,44.582138
-1.874521,30.381390,52.256199
-3.869471,-9.620538,44.413479
39.890438,-15.779458,53.632256
38.658638,5.978417,44.310505
27.021975,-24.337589,39.054859
-27.585909,25.633587,25.273727
2.394399,23.060045,48.837322
10.473444,17.911619,54.207081
-0.138192,23.818213,50.226189
5.969231,4.274131,8.146330
-31.297190,32.543137,50.860657
-2.300698,17.015839,51.096779
17.907593,-13.998610,22.912106
-26.889515,-7.905049,26.292515
-32.872986,25.989914,31.383162
-8.710505,-5.929517,18.944969
24.192146,-17.708916,32.940903
-19.146156,-29.976818,42.895512
11.581858,27.891256,46.381775
-33.128265,-13.066729,36.465855
-35.008774,31.143763,52.671371
-13.741206,-1.214718,13.603340
12.036434,-25.505358,26.488285
11.118912,12.998126,27.281740
-5.282714,-3.563029,43.155064
28.674522,7.357487,47.039421
17.459490,-4.643034,13.674520
28.809801,16.714357,47.391426
43.055859,-6.713347,54.185131
16.057835,-29.412338,43.581764
-7.881231,-15.892604,13.822571
26.098955,-7.448647,28.503073
17.502176,9.459476,40.742764
33.066292,-2.601819,33.056511
32.113209,14.301874,44.369080
-1.232520,-4.544639,4.768974
10.586293,25.807400,46.927967
25.287586,14.434299,34.910542
9.696641,-0.910437,7.135088
24.046576,3.636860,37.180534
15.148247,-27.183762,53.677765
-6.985431,31.477051,51.043442
3.452846,29.423098,50.965427
32.040794,-13.425210,29.143524
21.567303,-2.055048,20.708992
2.054447,-18.558298,13.710982
-4.909196,17.331680,18.991060
-18.176895,0.448424,34.312572
-35.657139,32.705414,47.819336
32.372658,-8.913555,28.516075
-0.654169,-24.258078,24.212294
32.283539,1.831865,41.398907
-4.089378,16.177814,32.340725
-10.737367,26.195156,22.340740
10.954155,-22.278643,19.317444
25.820234,-10.988078,17.816944
9.323238,-18.036058,53.084068
25.313860,6.894433,41.673302
-46.252171,20.606674,47.761536
28.456854,16.250822,40.811481
11.911798,24.597815,37.336674
22.192171,-21.985413,38.480659
-5.010209,-1.132585,50.308376
18.887875,19.884657,35.545139
24.625206,-12.838909,35.651947
-43.804111,14.509899,38.790779
28.996193,-9.798662,38.805382
-4.827548,2.581441,9.196766
-10.030890,-24.387306,34.531429
-23.827005,-13.778897,28.630306
-19.687170,30.883656,31.085098
17.856152,15.532179,53.526695
-43.118694,-2.775327,44.176304
-8.045645,-12.339590,26.544243
20.185244,-21.157473,24.645594
9.907233,-0.298568,11.009613
1.232558,-27.881729,39.519981
3.208242,18.469440,44.058628
7.299938,9.759152,8.923661
-7.652942,28.782820,28.733332
-26.082542,31.518682,32.703747
29.177181,-8.419898,29.879084
-11.648572,-22.647415,38.164127
6.360376,-1.688059,2.908765
-35.257061,26.234938,34.811283
-1.378716,-13.566666,52.667866
-11.311820,-16.606548,18.633646
-11.186049,-11.903481,51.432964
16.611509,-14.574604,10.341319
-21.650486,-21.833223,35.422249
40.957363,-14.909012,51.995255
14.393822,27.950293,47.726055
32.236622,-14.891843,48.630035
5.415042,-26.883818,29.646263
33.383976,-2.847135,43.364395
-16.836311,-17.202440,26.659864
11.517334,4.877402,15.560029
-48.022091,15.159588,52.094257
-7.891060,-11.256307,39.842941
4.468916,7.559674,11.991752
31.815536,6.538856,45.098492
1.170151,-24.999580,22.324514
6.758825,-2.530642,6.235197
-20.810289,-33.657166,49.009541
35.769730,-14.263509,37.094261
-32.914383,-29.172277,52.820450
6.654328,12.239301,38.195801
-13.627670,-25.931107,43.663261
8.975731,10.966284,29.120829
-14.318875,1.217338,13.108800
23.087255,4.778303,38.990826
-45.549438,-3.054851,51.225586
-11.078726,12.598875,18.352028
30.151197,-19.626417,48.545643
26.589031,-17.449852,39.842754
-6.130098,-3.999316,11.116094
-9.201413,4.950348,34.309998
-18.090237,-2.326695,30.536671
-6.088732,16.806913,44.832226
5.724204,-29.134674,40.354431
-21.860495,-12.868799,28.193838
-44.943962,7.190896,42.514740
18.455999,-16.242523,53.513737
-2.344172,6.195252,38.502403
30.979586,19.363384,51.094933
-3.844040,19.848368,18.380812
37.790157,-18.218346,46.353733
12.443155,-23.784784,20.061266
-35.482395,28.976301,42.147305
-22.777414,34.633705,53.755379
-14.128663,-6.756415,13.831634
-4.114790,-7.113830,10.428003
-2.543547,31.018898,54.181351
7.791580,2.330644,8.524111
12.181129,-32.826797,48.748756
-2.712610,-0.643964,46.168060
-8.748401,9.031439,43.833076
28.691341,-18.235161,53.168442
-2.120590,2.730202,42.596428
-10.946863,-10.755981,14.154408
-30.940411,-30.913536,54.156460
-2.026444,-9.029188,53.722507
-2.170496,-5.377081,52.607098
0.383784,9.792465,47.481228
7.602321,-22.448317,52.848495
-42.740414,26.864691,52.733551
-40.839962,-16.861973,48.662563
11.176683,-31.545532,40.381580
-42.248177,5.841635,37.267719
-28.961298,29.676767,37.248692
-10.108104,-9.978777,40.649593
-5.947649,-12.688212,40.991142
8.139516,-13.055009,9.996035
9.145282,-26.372278,41.253838
-3.512048,9.560307,21.095478
-5.704054,-30.955435,48.522209
-5.736547,22.514086,27.354681
9.871908,2.762547,11.879316
-4.635773,-12.919932,44.119225
-9.134725,-9.571336,7.633626
-28.970785,30.245447,40.488609
-6.083680,1.983560,40.984520
-8.961138,1.827125,47.214130
-11.970481,2.040999,11.259393
20.480259,19.370947,48.960281
23.302982,-16.669937,35.471588
-47.185932,1.749792,52.842758
14.599647,10.827197,38.231609
-9.120522,-6.921262,8.616931
33.291580,16.606955,51.618099
-16.087757,11.566881,16.959608
-3.630991,0.747713,41.377495
14.893942,22.042980,52.405579
16.811651,18.945566,46.555119
-10.598479,-6.893473,14.849248
-10.325674,-12.755915,43.160488
38.642937,-16.711452,50.423550
13.860497,17.116795,47.806046
18.937559,20.880114,53.071777
24.015825,10.050865,38.748810
10.185312,10.605075,10.524096
-8.765107,-1.283143,29.765614
-16.782810,3.964883,41.111607
-4.309399,19.053841,54.274635
-1.676701,-2.861097,46.634888
21.872644,10.075706,21.473169
31.818947,-5.583195,30.528454
8.997195,18.665886,50.438770
13.287456,-15.494793,10.282787
12.097136,0.510296,9.068042
-12.161113,3.254720,48.893093
1.037947,-31.951466,47.256618
27.687965,23.257544,48.941723
-8.871005,-19.264261,38.670818
7.153463,-23.113670,34.649376
-5.947767,-19.079582,40.049774
-15.289177,-12.950098,49.731678
-2.853673,2.703272,3.713182
-16.206917,30.493269,30.175617
-47.484703,8.595550,50.387222
-46.112858,18.444277,47.825256
-48.388363,12.633131,54.274502
-0.818821,13.857371,18.568558
-8.466125,14.663383,19.066959
-0.812684,12.701202,16.033766
-10.242303,15.367510,17.897224
-7.821016,6.422729,28.039465
11.698400,-23.405245,40.699390
1.449381,-28.014496,31.637129
-8.580434,-10.455111,37.109234
13.374061,-8.489320,11.387589
23.260069,-19.146242,52.037518
-9.544322,-21.803764,47.784283
-28.312597,26.785696,26.896973
16.177767,-0.099278,10.409539
10.942210,-1.525935,12.569613
-10.340744,-10.463879,20.573660
-10.700634,-0.060804,28.018875
-11.810905,-6.595307,12.454217
-45.877438,4.387329,45.707787
32.950695,-21.752691,44.183426
8.192401,11.830754,31.133677
20.022942,-19.983559,42.307026
-13.295167,-28.623596,45.194847
11.624014,0.776622,6.480716
-17.671534,4.405750,29.487558
30.151930,-0.150765,38.949211
-13.549234,11.916193,38.036816
-20.563986,-8.879438,22.152540
22.941525,-16.014309,40.686520
-44.760273,14.923192,41.050636
34.525253,11.029473,42.104126
-10.339526,-3.906440,12.156165
16.697083,-24.155807,25.904957
16.392551,8.696254,38.304150
7.487467,-27.235859,27.386858
4.309218,25.658428,36.845520
32.094936,2.836010,50.493423
10.733536,18.782541,51.699150
7.464492,-19.672884,49.839088
-6.280468,-5.997694,13.973461
5.584533,-23.528189,28.920712
16.035942,-15.828048,25.874769
41.316864,0.028006,49.733746
-27.613785,-23.725586,41.042370
14.717489,10.044710,40.974701
30.989012,-23.736570,52.853958
28.587860,-5.029165,22.206045
-30.608364,-25.611147,45.029518
3.487508,-25.297331,41.118717
32.092102,-19.938042,39.188240
21.151880,-10.794877,23.805664
16.280252,12.678952,31.283075
-45.016773,-1.630182,48.723846
17.482012,-30.542551,50.560661
-18.168598,-2.116719,21.959719
-5.381098,14.203220,42.462070
9.553401,22.031006,53.828529
-1.910424,12.218990,42.761852
-11.605819,-26.613722,41.025574
35.648430,-21.948275,52.238636
-14.725507,-11.889461,21.179655
23.650633,-19.647652,26.231266
-27.208899,31.256693,40.368382
-14.499142,-29.956945,43.208164
37.912361,-10.053778,53.382603
-17.232027,5.438029,33.124329
-4.627956,9.407521,24.510992
-9.801195,15.761489,40.956333
-15.898804,-9.849365,16.935043
30.915592,16.657825,49.754696
-12.793130,-29.758911,47.174484
3.282553,-28.203617,41.448505
-12.642688,-5.404262,52.506454
-8.314540,-12.728072,32.488926
-31.420696,32.799793,42.528278
21.772369,5.603812,18.503937
16.525877,-28.709789,39.352959
-10.632414,0.456528,8.844184
11.414958,9.762367,27.342529
-2.478963,-7.204864,4.366066
31.526045,18.390724,47.131702
10.648753,13.982131,43.135632
7.257704,-21.363623,26.754013
16.134558,-18.636822,52.786087
-3.663565,-1.504333,42.768929
-4.444348,1.258555,54.314953
-3.707504,-2.746657,45.037155
-8.513024,-18.824381,19.605980
-29.000628,32.257732,37.264893
31.541981,-10.583426,38.655689
14.733060,-3.819553,7.765838
11.912024,7.349543,17.223078
-42.822643,9.673264,37.634022
16.064749,-1.130923,8.379641
20.670160,-17.294159,53.747944
20.011133,-13.811728,49.775089
8.031267,-32.582157,48.426086
39.370422,-11.390617,42.780602
20.741825,-19.387953,54.167889
36.637672,-20.276098,50.769653
12.396248,-26.192249,43.093067
-19.108404,33.805065,50.843178
-42.949131,-9.087400,48.192970
0.291738,-24.353367,52.549721
-3.412662,14.022785,53.099621
-8.198485,-19.717726,17.433342
6.101931,-15.953444,17.192242
13.220899,-17.398108,43.847374
38.538471,-1.397928,51.951130
12.334501,27.078587,51.636761
-14.799868,-11.552175,36.124729
-6.080135,31.466322,46.007782
-6.377568,11.609358,43.841869
-11.901799,-16.020042,38.385548
1.044729,-13.642256,9.000456
-6.678856,-10.521775,7.031522
-14.827425,-18.463432,24.886915
32.809887,0.756916,33.886311
37.980717,-2.629226,53.987530
21.667154,-12.941034,51.524452
3.497978,13.704639,24.988220
8.007133,-21.239227,17.312204
27.669159,-11.151497,36.645653
-34.094654,32.209209,42.573879
-16.865740,-2.625598,26.066416
39.205055,-5.411674,49.524487
6.636661,20.668608,45.560162
-10.678617,-8.403613,18.087185
-4.588912,-21.360563,19.502249
-1.336547,-26.339249,39.876373
-18.668489,30.752129,27.248116
27.113598,11.282398,50.234634
-19.304949,-5.253126,18.928862
-14.789175,-28.147110,40.670143
-12.418688,-29.153589,39.264717
-7.878980,-24.876516,41.498188
23.870113,10.374314,24.248377
31.691620,0.351066,54.174713
-10.696662,-3.209563,19.524574
-1.161534,-28.815910,39.081039
-30.506853,28.650503,30.374020
36.291344,-10.524731,50.172840
35.189869,9.633578,47.313141
-2.959731,27.247677,42.251507
13.402030,-31.071873,42.705181
-6.591181,17.651794,34.311436
11.729338,-21.169724,32.959877
-31.971992,-19.375879,40.923939
-18.186598,-7.409543,38.665009
6.394165,-6.732096,5.918442
0.313646,-21.024321,43.309788
-7.967488,-5.228050,10.004430
37.861629,-16.926870,48.160007
17.694008,-17.745787,35.483875
27.096771,-20.961866,33.087002
2.912090,4.129380,3.037331
39.340122,-8.392497,53.269192
-10.959720,-4.218900,53.797443
34.615784,8.997341,49.633270
19.504822,-15.080918,17.859364
29.977057,-7.080379,38.035709
6.080543,5.094019,3.895225
21.487312,12.628566,24.585100
-10.765620,-1.763216,15.273212
-6.419618,-28.054564,41.697193
-5.327232,-8.433042,47.269974
-15.743867,-0.438342,15.223534
0.555093,-11.724203,52.125816
-33.140156,31.797142,54.551857
-4.571775,-30.751303,40.489376
-13.515830,-9.542298,13.893845
-18.177660,-7.934244,19.835758
-8.432945,-0.638761,5.729652
-16.376371,-10.264778,28.487814
3.750614,-27.317156,50.189545
5.020566,3.442229,2.845062
-16.957136,-1.029637,24.001623
-27.855442,29.108128,29.990055
-26.447681,29.695238,28.817623
-46.214195,3.650164,48.312355
7.500370,-30.043039,33.325142
1.369124,13.194578,34.815807
23.673512,-25.350897,34.692528
10.566523,5.333932,13.214684
16.297577,-17.266382,30.012506
22.847898,1.975650,20.343218
-13.467121,-20.403271,30.872473
22.398979,-5.337318,13.134327
-36.765442,17.282717,29.021532
-41.335686,7.269179,35.200470
-32.764095,28.443981,37.360180
6.411391,13.296977,31.388945
-8.874270,10.580478,48.549175
-40.834530,17.873470,33.837379
-41.430435,13.411715,34.411713
0.377950,1.592968,47.981110
-27.258375,31.946527,35.300087
6.089350,7.022209,5.534581
-0.626085,0.750984,45.810867
28.095871,-11.140837,20.009781
-7.318032,-7.968693,53.214691
-38.672634,11.223952,30.431276
-38.874187,14.624206,31.110828
28.625395,-8.073656,21.012827
27.179602,-12.841777,18.559637
30.820383,-6.953722,28.683723
-8.745614,-29.035908,49.468441
28.729509,13.546211,50.901886
-41.159683,5.316861,35.657883
-8.107948,7.219131,50.152336
-44.563137,-8.396465,49.634670
-12.461185,9.871112,28.098396
12.948325,-5.214978,6.326946
7.731068,16.315374,48.350582
-40.965538,15.648982,33.905964
-11.731198,-2.097703,43.771080
17.935953,6.811941,22.893059
-37.191868,12.223475,28.515516
28.274179,-7.151378,23.129812
22.001020,7.262089,20.852535
23.183912,8.888096,20.427038
16.399353,10.784148,19.617401
27.510393,-5.619690,19.197697
29.592510,-6.020456,20.285702
22.948746,19.566887,41.625408
2.523635,14.350500,28.160013
-37.568680,9.062591,29.287754
33.621235,-17.336147,36.850418
20.237537,3.167799,19.408754
26.430195,-5.752851,25.595858
19.359503,17.471695,39.508583
20.158432,8.286872,22.526939
31.424917,-4.003914,53.635277
-0.268649,-28.659338,34.361816
17.467136,-8.675056,10.968351
20.210709,9.874548,25.181448
21.328308,20.205280,38.602951
-5.394112,5.860538,47.403336
16.468945,7.908877,18.754618
12.829859,29.514900,52.035454
38.603031,-0.114330,49.549603
-27.566866,-25.467590,42.057888
-7.504075,8.852868,39.617397
-42.198059,1.873400,39.618767
-35.340988,15.818964,27.099337
5.953157,-18.051311,37.747097
-41.345364,-2.677632,39.733173
-37.271038,-2.400635,33.695690
7.265033,16.486887,30.791330
-11.269447,-1.934356,24.372595
-9.355223,-1.013376,23.499884
19.188929,-15.923529,31.352869
32.830997,-7.402393,51.398472
-10.829526,-13.399275,12.974864
3.885252,20.880325,49.978821
-30.353773,29.388172,38.548439
-22.572405,2.995051,19.437901
15.956469,-13.015857,12.747152
-6.214522,25.210926,23.958870
14.559576,-1.840199,7.112100
13.948789,-25.561590,40.453671
17.682459,11.183710,45.739014
13.458559,-18.141918,40.707809
-21.691904,33.549404,52.527817
-17.690290,9.550760,16.631523
16.325375,-2.890941,7.883597
17.000584,-16.200060,31.889065
17.627104,-13.517911,53.948132
-40.202618,6.355271,33.617531
7.093702,30.036249,53.574917
8.493019,-5.674891,6.553045
-12.497301,11.657977,49.195751
-38.999352,7.157151,32.012047
-17.560858,-18.639318,33.945011
-33.501682,31.651484,39.479927
15.205923,9.664302,18.027925
28.368723,7.199101,29.161715
-13.017993,8.687447,50.626793
-34.045822,-18.217537,41.991680
-17.891737,2.578443,32.747723
2.063931,5.586082,6.244049
28.630280,-16.329115,26.738659
9.555962,21.013000,41.898975
39.545918,8.037137,49.772957
3.932872,17.197554,30.219862
3.635692,-18.126535,50.331169
4.607714,-17.884920,42.252811
1.228068,13.054653,42.867043
-3.523615,10.254645,44.931229
-18.588930,-21.126568,33.171452
-23.467760,-8.520396,25.144651
35.051407,7.795743,53.504303
5.048043,14.290225,28.936956
-35.098263,2.476512,28.605804
-11.795701,3.895738,10.771313
26.173544,8.626449,48.982685
38.805027,-6.289073,51.499470
-10.963222,-8.311088,10.318670
11.131266,11.523102,39.040607
-37.521976,4.722996,30.645185
28.254707,-22.320965,53.200760
9.877762,-30.348890,35.601185
23.262754,13.440790,47.485077
8.184293,15.837571,27.854647
-15.599320,-13.861375,44.970352
23.072151,-0.485915,18.635757
-42.338871,21.730127,37.889732
-6.198061,19.657198,25.893377
-38.338612,-0.216483,33.471722
-1.858810,-13.650555,14.257318
33.820309,-17.207226,51.570683
26.102688,-14.943635,21.582373
15.991553,22.434923,42.338421
20.782049,-15.906806,51.273930
-33.173386,10.191709,25.046028
-40.831612,23.191504,38.682510
-31.969107,1.619833,25.948973
-4.047573,-13.606206,15.955131
15.359882,-14.196206,18.002802
9.384660,-10.647246,5.959931
-5.839519,-28.102160,47.584980
-15.607036,33.429146,45.256977
-11.737256,0.691103,14.070057
-3.287566,20.566561,35.606960
-45.340107,22.374994,49.030727
-46.703762,15.678981,47.006832
25.351309,5.724185,36.960762
18.167244,2.676319,26.129749
-25.748335,32.842739,35.874119
-9.131706,-11.996493,53.427372
19.422956,-2.262241,21.855698
30.945440,-15.399135,27.706411
-25.024872,-1.270424,22.151932
-6.239704,5.679511,41.338341
27.800304,-16.692360,24.318583
-6.466052,-14.911381,15.964285
-3.461469,6.440572,53.705246
-34.361824,-0.769332,28.998775
-2.260738,-12.001454,15.956435
-34.777962,13.422484,26.537134
-4.002479,-2.256264,4.493711
-6.414371,6.286403,9.579843
-5.167983,3.775845,51.424660
7.601645,-8.465101,4.823101
-5.418266,-12.165530,15.545169
-4.275609,-12.654893,17.616013
6.472328,16.825848,33.658768
-7.341301,-26.711334,39.080784
-15.718534,-14.255579,42.174408
4.957719,16.202166,36.112904
11.579937,12.421831,12.973724
-29.805670,-2.390300,25.583529
-11.670961,8.971526,37.291248
-18.090717,-0.142527,31.840130
5.625416,-10.127670,4.867535
-13.262641,5.922830,36.369247
-10.016991,8.469955,39.201073
-32.619381,-1.457742,27.542498
5.667001,18.136236,31.717924
-40.666939,-8.745793,43.140003
30.615320,-8.943572,38.078751
33.416401,-12.751805,53.506138
-7.438479,-23.138000,28.109447
15.118018,11.963075,26.443062
-6.916902,10.964500,41.550434
-8.177069,-8.287598,10.401134
-16.893312,-9.318210,44.318008
-5.110130,-17.121748,33.420307
17.360281,19.312145,53.967281
-18.259579,-2.117721,24.869488
9.557770,16.494421,32.987553
34.433815,1.523991,51.915165
30.895960,-10.840277,53.408752
-3.118411,10.064773,19.135345
-31.382776,8.753033,24.152479
-40.500195,2.441391,35.668896
-11.616860,-22.698753,44.895233
-6.660376,3.913548,32.049934
-21.085299,34.093033,49.278038
-9.709188,-16.258404,32.800365
6.704423,6.837740,10.362809
4.284531,-17.821264,53.132549
-2.135733,-1.214357,4.124855
-19.410473,-7.062144,24.359276
5.889768,8.960567,6.492524
15.104961,23.525381,37.987831
23.001020,-28.236313,46.683487
-13.059099,-0.859254,36.457741
-33.356419,33.136753,44.773457
-11.580601,-12.113363,19.059706
-6.018173,20.378851,27.897003
-16.597094,7.132298,35.322063
-4.150671,-17.808065,14.164875
15.986941,-20.010944,21.309528
-6.797003,3.173117,11.666337
-34.543049,23.658159,28.953791
-19.663601,3.282635,18.651970
-4.845992,-3.124637,7.876500
18.481449,5.561546,29.502115
-29.121847,3.490752,23.315054
26.655239,-18.747770,26.399427
21.240925,-16.491171,45.209557
-33.133293,7.916336,25.676956
-0.622719,4.388530,6.117111
23.963367,-9.577155,16.803364
41.956108,-1.872514,48.501656
-32.154354,13.100876,24.256872
-5.568619,-19.562963,14.863696
24.377522,-6.090267,27.132254
17.061701,2.203600,22.683975
-1.736237,17.222599,53.786034
25.615208,-16.189779,28.757753
-42.915779,25.267315,48.728394
-6.635661,15.068481,30.583246
24.574966,-10.914527,14.922099
-1.076725,2.518105,5.333688
24.948721,-8.446238,14.886749
-41.458645,24.608133,40.278103
-12.019739,-20.440443,45.772079
-12.296367,8.337831,12.825977
-9.902891,14.580033,31.381508
28.708746,4.259413,24.869812
22.336132,-26.909166,53.997799
25.621677,-20.581776,25.347046
-5.676546,-0.531791,5.853172
-11.347067,-20.859583,47.651142
14.177585,19.414309,50.781712
-21.760372,-13.274020,25.883190
-6.056834,20.707464,31.069262
-29.687759,7.821429,23.096535
-9.799900,5.257785,21.538204
26.546103,-20.553902,28.732618
-27.211561,1.538681,22.624662
-25.810045,30.788857,36.899372
-9.419837,5.579832,24.862576
-7.220489,-17.590704,15.927128
34.279739,-8.723062,53.936401
-30.412857,15.563158,23.177128
-4.934795,-1.861556,10.174695
11.910307,19.121540,49.209347
-7.470418,-19.581057,15.551469
-3.406724,-3.343788,9.550437
-7.696406,-1.960059,10.101364
-4.670168,-5.197732,5.480157
0.356439,-24.147047,30.952648
-33.986073,20.105206,26.971092
35.843616,-16.626995,37.279255
-33.368511,30.775143,36.626396
-4.872953,-4.087831,3.547709
-15.652345,-24.701000,41.492088
-2.449075,-5.905065,6.603078
0.117969,1.752736,2.683622
-4.453533,0.243559,10.294774
-5.597060,-2.068497,12.520712
-4.235876,-3.268719,11.523462
35.042690,-18.727608,38.344162
21.752556,-25.387177,37.585617
-39.750431,-21.448732,53.415352
4.723806,25.219259,48.969887
-4.572790,7.535267,20.857134
-38.066856,27.650074,43.354923
1.625623,-18.295916,53.543941
-27.979856,22.602497,23.565220
31.562468,-0.024556,48.989395
17.195221,1.989371,17.363291
1.370315,-24.956303,54.336613
32.129570,-2.106441,50.565208
27.394962,-9.627972,53.776768
6.217463,-32.683384,45.230484
-9.345819,1.184217,13.207871
7.173398,-17.786766,42.481480
-23.107744,-29.135273,43.988144
-22.220013,20.895304,19.974695
31.447124,-0.893246,47.391159
17.462461,19.947708,40.679737
-10.635783,-8.401651,21.194382
12.917109,-30.660910,48.365452
16.337795,-27.903595,33.897938
-7.028769,5.830753,20.514977
-22.263554,23.057575,21.061407
-3.556902,20.845030,39.300003
5.092360,-22.925892,48.800068
1.744772,4.598766,49.358265
-37.349876,-26.316059,54.645859
35.326603,12.286814,47.659092
-12.176183,0.176801,30.824968
0.386389,21.338211,47.573040
-11.328135,-21.919149,28.404711
0.499214,-17.635763,39.955524
33.359253,-11.383501,49.434116
4.554440,18.802807,47.424038
-1.907426,-16.421558,39.232880
-7.569031,15.099524,48.602898
-5.073490,10.026633,15.171085
5.061172,5.562021,6.705290
-23.069674,31.944265,44.120621
-2.468010,-23.768976,53.062351
-1.802078,3.651850,54.109440
21.730787,3.891343,22.962831
1.063218,-19.019953,36.173119
23.610504,1.218394,24.975515
7.047500,11.836329,10.313744
16.852543,1.686219,9.287795
13.273030,-31.847494,50.704487
13.783651,-1.282469,10.655142
-8.112617,-16.472641,47.454971
5.219814,10.645182,50.551208
22.042290,-14.148808,28.364016
3.024123,-15.742763,51.705540
-11.422759,6.954547,33.194519
-29.655880,-29.118555,47.773773
5.358649,12.169777,35.535561
13.458186,-25.476624,32.921520
11.094785,11.766333,48.134205
7.146647,16.506166,43.992626
3.147140,16.076077,53.561790
26.871275,13.752611,39.076481
-8.989827,-17.264906,50.961315
13.242637,4.751191,8.356433
35.052109,-16.804705,35.115807
1.870567,-0.180022,2.136530
3.684842,21.653446,46.277298
17.329004,-5.362296,9.410877
-17.739435,33.998386,53.014393
32.733250,18.308609,50.419464
3.811773,3.825763,6.614804
29.365913,-23.832264,54.289375
1.459251,8.674801,44.875118
21.118113,-26.252584,35.069016
15.024914,14.295768,50.542988
-8.778339,-15.788575,44.064255
-18.350615,2.746844,16.766256
-34.077450,17.310600,26.245686
-30.930668,28.911821,35.869110
-9.807026,-3.621207,24.739641
-30.860840,30.244389,33.986164
-8.989360,15.866322,36.465237
-13.545574,-24.057283,39.717903
24.175262,-26.453703,38.131248
16.425459,0.993671,12.821418
16.967413,-4.489265,11.469157
7.484010,19.826649,28.533327
-27.058001,29.591600,32.059471
3.489469,-13.481711,52.701897
19.313145,15.757848,28.748257
-40.574955,29.564449,47.377728
7.341677,19.422009,48.128750
-24.303604,32.639008,45.770401
13.644921,-19.470304,15.527866
-7.566751,9.639272,23.696135
-18.827456,-21.676300,39.016956
1.730659,-15.640410,53.931923
-8.049205,-10.177601,11.289061
4.110195,12.488030,27.584969
4.303447,0.211952,2.675435
19.194960,-29.647961,54.247616
-21.252817,4.722082,18.559628
-15.839480,-20.111498,40.449387
27.233999,-20.140924,53.781311
-31.591536,-13.685896,35.079578
31.870029,-4.404641,34.667896
3.914107,23.486763,51.292713
-17.041870,-22.313894,40.676079
-6.747177,31.095098,43.982872
1.221746,-17.794008,25.149309
19.031828,-6.933912,10.224964
31.432993,1.108976,50.675564
34.321327,0.990517,47.465145
-3.272817,27.808317,31.897053
2.568631,16.945395,46.433929
2.041101,15.797543,50.384808
-3.346046,12.818256,26.836853
-14.035306,-21.801918,42.086212
-39.338917,30.097589,54.310589
7.759099,14.190505,15.504358
-18.659962,-2.712060,35.033230
17.065336,4.652904,21.402327
4.262632,22.768848,49.466682
25.041348,-27.084539,40.584026
-16.004160,9.926686,32.346161
11.785589,-24.812077,29.632124
11.334473,-20.355301,39.296803
9.518366,9.950382,8.447833
28.857643,20.071020,43.394333
-1.798344,-2.554969,52.108978
19.254021,-4.639591,16.451918
-3.339815,-19.753002,54.142143
-19.660851,-31.184942,45.530769
-16.905066,-32.232460,46.093391
-40.213100,-17.095058,53.923397
-7.419094,9.506068,32.776775
25.383924,-20.903000,38.582588
27.431261,-26.540907,43.814266
5.591529,24.129324,50.408043
3.166281,14.057218,13.921655
23.745733,1.233578,27.360500
8.793110,26.367975,52.096214
-3.613687,-17.840696,35.740234
24.294603,25.635273,51.378895
10.886456,-5.777353,8.184061
-17.345638,-23.815157,36.514500
-2.501521,8.346682,36.387550
-15.916821,-6.691957,32.997375
19.637398,22.664183,43.000381
-1.111914,-33.653133,43.871281
-41.571243,-12.480765,49.033928
-11.363204,11.627971,52.497620
14.972651,-22.076599,39.136753
8.125062,-27.981121,52.168159
-13.448792,2.557755,21.990471
-36.519501,-1.842749,31.989079
40.305931,-13.332859,49.990711
-37.129372,-25.076181,51.400753
-41.066917,-15.072875,53.256912
27.405104,1.563928,21.722925
-16.237576,-7.621840,54.489143
-14.579912,-8.021188,39.455383
-16.893188,-7.505014,51.056412
17.023800,-19.682383,34.445274
23.235453,27.098721,52.064308
-12.372848,-9.462291,51.675762
15.980974,-16.363682,12.319567
16.775806,-5.678486,16.072420
24.459644,7.132701,27.551674
-13.418796,-27.987959,37.290897
-6.330186,10.291761,18.477652
41.086384,2.393047,48.319195
-4.530518,19.736963,20.235556
31.133282,15.774974,51.900185
2.272825,28.626167,44.139446
16.263020,-23.311405,51.649429
5.303926,-31.339336,37.512218
10.460823,6.620164,15.935943
17.937632,11.716640,35.351688
34.582848,-21.209209,41.576405
-11.756827,-12.127704,32.591408
14.250997,10.520680,13.147614
32.919289,12.757900,40.414696
7.472431,-28.830475,29.729118
-2.766437,3.606390,7.037043
31.854557,10.275311,37.899139
-7.436996,-28.692114,51.994469
-14.223635,10.686556,26.561886
14.228642,-19.602474,42.779003
1.939356,21.399059,42.054508
34.364056,-9.009863,30.909550
-12.851551,-13.946710,20.772436
18.995001,8.704715,32.430862
7.973699,5.637441,5.199519
-12.080986,-6.071126,26.872358
-21.904980,-26.855648,42.760780
-6.699324,12.990705,50.597080
-15.733311,-8.663205,15.217628
-11.365085,11.042991,43.764309
4.218927,-17.153719,45.526093
38.995464,-7.939667,48.026154
-22.300703,-19.595104,32.455795
-0.415191,-10.772940,54.111164
-9.666512,14.150251,38.279850
2.327864,7.300872,4.836758
30.772524,-19.836187,35.062634
33.577633,-12.365987,43.262058
31.711666,-9.778956,25.839897
-18.382166,-3.333132,37.676418
39.961521,-3.699294,50.707371
18.890955,13.549543,23.331112
28.197826,-2.859728,20.314499
11.042014,-26.054327,34.610920
25.151838,-18.543848,23.156597
-22.394711,-8.751251,22.662340
26.839121,-20.610935,26.833965
25.592375,-26.154913,48.270691
-5.720893,-17.688469,37.075554
30.622454,9.312035,49.940670
4.877397,29.228989,46.826897
6.694433,-17.880627,40.198586
-8.372789,-31.856110,53.598545
4.332525,7.030801,4.544816
-35.882175,-10.654337,37.827438
35.822071,-18.393778,51.857845
32.901363,-17.987808,53.887375
-0.177868,-15.745948,48.913319
9.092658,7.435096,9.250443
16.455303,-18.943968,15.592319
12.244357,-5.097741,14.833948
34.129246,-15.353544,36.338024
12.460365,4.767056,18.216011
3.480136,-21.719429,37.592091
-11.951409,32.759754,51.838505
-1.687902,-12.419939,50.545490
16.578793,12.302697,40.053131
-7.455684,-10.298958,18.210819
4.778112,14.393621,34.109924
23.781368,3.720586,24.479950
8.684340,18.397776,35.541943
10.639172,-14.201191,50.731083
-6.784698,6.844014,16.794905
23.540819,-10.901884,27.930595
-20.030497,-34.766781,50.592934
-20.214069,33.082699,34.125763
10.796098,-18.315022,20.069883
3.675523,28.085333,52.909061
-7.393021,-6.911623,9.375539
4.780457,-8.531429,10.790428
15.806372,8.568306,40.202126
15.764805,-17.615444,37.223404
-8.343081,25.288105,22.280113
-2.373694,-14.135655,43.912239
-13.563862,-15.454224,18.325344
-13.061498,-18.963427,43.073006
0.707639,-33.664467,48.825951
24.170650,-3.737662,16.811386
-2.571881,-2.072628,2.172715
9.206753,9.418641,13.924747
31.980404,3.562346,47.640949
-16.265692,26.709999,22.422579
17.161865,-9.351028,15.466135
-15.244969,3.335119,20.223551
-18.033703,27.492836,23.801525
16.805874,13.953488,52.086166
22.127249,-19.503780,48.543362
24.095615,-15.974895,23.202715
-31.020794,-2.872888,27.020081
16.295181,-7.483808,15.152881
16.625946,-8.292481,18.052296
16.779058,-10.226927,19.917135
32.197132,-6.940524,26.137115
37.309647,-0.282325,53.755947
7.408144,-12.795808,14.426994
-5.581631,27.641783,31.976101
20.853981,23.933142,49.107285
16.063534,-11.552973,16.033476
-7.510971,-30.605658,40.695496
-11.273111,0.122819,51.656898
19.520952,-7.688658,14.427413
-3.087357,-11.611984,45.063587
-7.921283,-29.370689,38.118469
3.087245,14.203680,45.072281
-3.778124,-7.293182,44.459724
-12.599673,-16.339752,52.046322
5.530086,21.601591,51.754395
-13.876882,-3.494657,25.572021
23.894302,-12.223889,51.140781
1.160226,18.599026,31.810139
-14.538301,-0.990425,28.477505
-9.529525,18.424612,17.318314
20.708366,-14.189965,46.353493
14.718478,-16.613760,28.696114
13.113554,-20.491697,40.872829
14.691298,-5.046340,16.478149
8.644393,23.719715,50.435417
-34.856911,-28.842421,52.954960
-17.644852,-8.530236,48.878651
24.108303,11.443748,51.285038
-2.425831,29.895620,48.512512
19.498072,-30.427738,49.243889
32.186832,6.057986,47.513054
-3.199961,-19.605734,39.976959
-10.618624,28.990273,26.497421
-12.473829,32.450356,44.939438
-1.494371,10.638329,34.882126
1.624424,21.305750,50.118515
6.490303,14.056068,49.060497
30.325365,14.734077,50.288410
37.206043,-2.401532,49.834248
-3.095774,29.713280,37.718285
22.748260,0.151212,30.356749
3.362730,-20.167461,53.539848
-10.203373,31.727913,47.937504
-1.926166,-30.024954,46.010719
5.607332,18.314674,45.082737
-4.609347,-18.891695,26.159733
0.198836,-8.896004,9.524468
14.249869,-29.375256,33.546787
16.648474,17.198450,54.054802
11.149846,-13.709220,7.366255
32.600311,-1.950197,29.595072
-4.524452,14.713342,39.649002
-4.338202,-15.962981,15.674240
21.107771,-1.834572,23.605947
36.141899,8.241381,43.449326
-15.867661,16.460070,16.595266
-11.440243,-14.789322,26.775488
15.546811,-10.782187,9.599181
35.338009,-0.936023,34.267860
15.368313,1.670084,19.123184
11.650621,-18.645618,48.800079
-15.690795,7.142010,44.768688
-5.367526,-24.478836,44.822151
-15.314848,9.586966,29.692644
-12.152315,-8.642542,15.839383
14.756516,14.177630,52.663773
-7.313906,-24.205191,51.060638
-47.655445,4.046457,49.502884
9.740376,11.913668,34.489353
18.421667,11.428039,24.497583
15.789104,-19.626154,24.499342
3.801743,-31.170012,44.964615
34.095928,6.423083,50.640133
20.893591,-14.042791,31.862061
21.904285,-19.118235,34.350513
-19.339428,33.211948,49.027103
41.550747,-12.384342,48.920494
-42.442287,-14.008789,49.761662
33.872147,-10.422687,46.131226
33.611309,-5.949148,50.165730
7.613931,14.040322,41.863438
36.246151,14.574717,50.256653
-3.043870,-17.149130,32.798332
32.382545,15.193416,41.909096
-0.573535,25.386898,39.776146
-6.059601,5.496823,53.416553
-8.340849,-5.858192,54.017151
-32.643646,29.441380,33.460567
-12.880681,32.579105,38.358944
27.165070,-13.939584,44.756294
-7.651989,19.486574,17.527391
4.374527,-2.133107,2.272892
-3.328828,-34.674431,47.662861
-6.022664,9.701338,29.774647
-20.272327,-22.110518,33.891247
-14.275728,-11.882246,15.607341
-7.144207,-22.371275,54.030758
-4.481822,-13.681680,50.795105
-28.039677,-33.476700,53.264053
-27.553703,-29.455151,46.483238
-4.139039,-5.009037,48.364716
34.191631,-9.152850,50.224548
38.848804,-5.226248,42.540318
-18.016222,-0.035990,45.730824
29.191263,-13.772685,26.639969
-1.737399,27.935463,46.712368
-3.672886,23.582354,40.573544
-43.192207,-5.974792,46.665329
15.962311,28.228241,49.589417
23.784369,4.084272,22.362856
-37.750301,29.275297,39.460201
14.923950,11.310651,44.192883
-4.803946,-32.594837,54.000038
29.529993,18.842319,53.555439
24.225616,-0.690308,22.211227
28.639147,15.365955,37.498634
-9.252007,9.767774,41.357998
31.076559,-3.128145,40.190742
0.279032,-29.698294,52.211876
-19.230270,33.950516,45.081753
4.753302,-33.023880,38.333431
13.189037,11.707318,46.174358
27.171276,-16.865793,36.383541
3.023728,-7.462092,8.371884
-2.191678,19.851410,49.079563
29.728600,-22.800941,39.715294
20.663561,0.743664,26.321840
21.970396,9.742905,47.218803
-6.993851,-15.357793,31.881174
-3.686321,-12.472507,13.413919
13.504802,-13.789312,53.589516
2.476789,-24.139454,43.496288
2.060306,21.774584,37.697140
23.672010,-11.242826,30.498053
-17.463869,-14.318984,29.889803
-1.257042,-8.109922,51.567848
-37.615223,31.639437,54.338428
-8.382356,3.752527,17.854086
7.385367,14.362531,36.137676
6.665393,16.068768,17.745419
-14.426689,-17.502201,22.733219
-13.307443,-5.520678,54.374676
15.870025,-22.197622,24.454967
8.577816,11.763225,15.044792
11.235659,-24.210978,23.327457
26.519165,-25.516701,52.321083
0.880720,-13.913185,52.698898
37.926807,-16.644073,43.876263
-37.644043,-21.758461,49.110336
-35.120438,21.743668,28.781101
-8.946481,1.035922,27.067360
-28.749132,35.186184,52.554489
14.476907,1.485737,17.080675
12.274277,-17.554260,25.504915
2.271706,14.875244,40.482098
-9.621311,-33.508160,53.930729
11.805404,-1.715600,5.929976
-6.871778,2.641675,53.495407
18.705761,-23.925644,36.122520
3.120644,-20.463707,46.125309
-0.513365,-0.988120,47.329777
-8.571964,-10.511157,33.057575
2.187056,19.529669,46.579967
-8.770839,21.243147,18.417149
9.409828,-22.318987,42.863468
-1.921605,21.962143,21.439535
29.134018,-23.648834,42.984577
8.843315,-14.185297,7.280154
29.586031,-21.415613,33.442142
9.264133,30.547483,54.345200
16.433640,9.385843,16.291880
6.092920,-31.736015,43.016788
40.465557,-12.921161,51.990341
-6.668699,-17.651651,18.373875
-16.028152,4.254758,27.492609
28.614090,10.169616,53.315140
-12.016059,14.263135,17.335798
25.789410,-17.018456,52.150536
17.871990,-5.650500,18.540661
-4.146946,19.422052,24.781847
19.592022,-0.043545,23.843166
16.168833,11.239535,47.862263
-1.953224,14.035321,34.888588
-32.101082,25.578644,28.334887
-0.287156,20.907875,53.562843
20.896317,-17.809772,15.521466
-3.599096,8.982570,22.925695
-47.290501,19.279409,50.713413
11.322337,-11.742339,14.990266
23.940865,-17.798304,38.514706
-35.273937,-21.109018,45.098263
17.470985,-25.263264,38.244495
15.244735,-12.506909,20.183748
-12.903251,10.584668,51.380127
-1.184668,0.891577,43.461281
32.423714,8.030515,50.643021
15.226853,9.504297,33.447018
-9.975408,-11.792682,30.842739
1.229497,-4.622174,3.221377
-4.272777,-25.190706,24.820890
36.897301,-15.064147,53.593662
25.251270,16.719240,33.845211
-6.565349,0.365236,53.917763
-3.139905,30.868050,50.435455
-11.009115,-12.559114,38.331062
-8.728066,-20.285582,24.081190
2.223485,-33.821163,50.575260
-17.759951,31.740025,41.962048
19.774418,1.777045,14.527358
21.773357,-28.973951,54.114605
-38.219952,30.033997,43.429829
-12.441740,-4.051119,49.016212
27.597771,4.608140,22.303183
-16.128096,-14.400190,21.541813
26.176193,-5.621584,16.791128
3.166792,-23.223959,53.773441
-10.175967,-27.795834,43.993336
-12.011724,7.658164,41.032940
19.878666,-22.825476,28.855042
18.066246,9.005159,22.006271
-15.458911,6.239719,21.790638
-5.504791,20.759100,49.358673
-6.010728,25.346148,26.925787
33.414352,11.891145,51.454742
-26.513939,33.133598,54.284233
-6.055995,-16.623222,39.369328
-26.158390,30.303421,38.529598
37.918457,7.019746,53.637630
3.529991,9.716990,39.357574
34.294792,-0.273957,31.795807
8.951833,13.920765,53.876495
-11.077035,-30.752140,42.406921
-2.594382,0.813289,49.698631
31.174736,0.013123,25.605804
18.209785,-18.518076,53.780735
-9.355525,31.711958,53.553555
18.568930,-23.153055,42.431198
11.341217,-14.168273,17.300095
17.840235,-26.672533,42.035534
9.812806,17.866415,20.390272
24.028645,19.025600,53.848900
3.912867,22.911125,43.627468
21.958752,-28.258816,43.612141
-5.164536,13.474146,30.013990
16.370901,15.640038,51.124981
15.326252,-17.171074,19.697275
12.026902,-14.884414,14.113416
4.041141,19.690186,45.572994
-6.257116,11.522576,53.430470
-3.740117,-21.572748,49.756058
-2.428135,14.915401,28.229778
9.364082,-20.305309,30.317265
26.438814,-9.774368,30.575031
-7.845550,-5.105777,39.511871
-3.848191,18.745932,37.570206
2.658312,12.447579,20.214361
-11.949984,-19.281149,36.501129
-14.827569,-29.358530,46.129753
37.588398,8.557929,51.176884
12.084495,2.857793,11.484503
4.166661,11.896300,47.793453
39.716900,10.047623,54.290176
-17.262573,-23.214746,38.654503
-19.196281,-26.968586,42.407207
12.558006,23.443579,49.233341
-46.722210,-3.286492,53.975033
-0.123779,13.992266,25.523455
42.008846,-5.382360,51.466953
0.626683,-19.299896,32.481773
-10.517649,-4.295074,14.723498
31.966806,-8.811781,53.763538
-8.338366,13.057207,28.531702
23.872522,-21.514015,36.628513
-15.142977,-0.472783,30.732178
-6.827908,-33.522243,47.338806
29.024271,-11.486655,54.402065
20.887070,5.501200,30.437422
31.901453,-7.551485,32.834110
19.978565,5.551693,23.404522
1.508348,16.750574,36.521652
14.048018,24.868826,39.695026
-14.461032,-11.594912,54.085953
-3.060298,-3.577106,6.297581
-43.110867,-9.811657,52.810535
33.588970,2.331947,53.810600
15.053457,8.001699,27.236179
8.456152,19.076675,39.070160
-0.969668,-15.279208,17.275299
23.536131,-18.273962,34.577217
-9.964719,6.758461,43.076717
-11.224751,-16.298090,43.804195
15.098239,17.329245,49.901783
36.275791,1.204101,44.965115
11.899154,25.186478,42.255604
14.837090,9.236343,22.343866
-23.760405,30.872883,36.273926
16.558859,-13.928680,24.740618
3.495467,16.694124,38.240063
-39.179855,-7.037450,39.846581
-18.975229,-11.606194,27.142740
15.092173,-26.922483,42.652695
18.698498,-28.332411,51.098743
14.349347,-29.059517,41.042118
1.833115,21.108131,44.595764
23.224691,-10.732140,19.738487
-36.011154,-23.317739,47.444210
-11.038041,-28.532228,42.051613
5.309709,1.040451,4.107125
19.119993,18.496422,31.716682
4.786695,-22.813601,44.373997
11.027473,-28.381668,45.706902
6.997481,-21.789139,31.788073
2.115096,24.415127,29.759977
13.577398,9.071703,15.925843
-7.289376,-30.884466,50.590977
-16.123407,1.182606,22.136974
-6.558141,2.034322,36.063206
10.997161,23.277500,51.193443
18.505932,-17.736006,15.167485
20.496048,28.329561,53.810162
-16.455500,-30.366676,45.881931
7.237963,-23.788387,54.360413
-22.638327,33.319714,50.028324
26.809292,-18.364292,31.478218
-13.295147,-4.695131,34.083149
30.116287,-17.011242,42.581142
-29.552052,-31.349823,50.253189
20.593140,5.925576,15.772117
36.737225,-5.724906,48.511452
-41.162235,19.961245,35.885941
-2.893753,6.994845,51.750164
18.738358,-11.543211,23.171957
-6.268622,15.855489,22.568253
-8.934078,-3.379626,30.791271
12.697143,-30.655003,34.769169
-19.266619,-17.022339,29.527887
31.987745,16.902622,43.891609
-13.117826,0.939660,27.047947
-18.196253,-0.974759,38.933620
6.349416,12.293209,54.420456
14.886996,16.252924,37.005718
-2.887195,23.244253,52.514557
24.210032,10.953308,48.485821
-3.337142,20.647850,21.899464
-14.407962,-2.347447,17.448389
10.063707,-31.455244,43.639500
0.333019,27.561293,54.067142
-4.954803,-9.660613,53.192657
-30.716177,31.674623,36.334995
-4.231281,-16.893017,22.919195
9.481587,15.841721,50.190079
-0.210660,19.800478,50.478054
16.082575,5.215992,10.315580
13.977242,-22.022654,23.516855
-15.063833,-6.902302,48.757744
0.729513,13.476909,45.253025
-11.144496,-32.702419,52.134815
-2.410304,-34.715824,54.225483
-9.897120,-13.519300,52.087360
16.540710,-16.416618,21.999916
1.786880,10.406776,38.550900
30.130182,-7.496072,49.695930
-1.422655,-11.636412,9.288827
16.528397,12.951678,44.704124
27.389055,-0.599392,19.418716
-4.165949,-9.237265,5.884143
32.954590,-9.359382,48.129093
-23.638613,30.331076,34.056522
-14.046595,-20.554617,25.718845
26.196190,-9.749770,16.082130
26.482561,-18.000221,54.101246
23.722342,22.389212,44.771477
-15.907681,28.735878,25.271559
32.632980,2.373602,31.136610
-4.466209,5.606598,52.095970
4.017845,10.709353,54.191029
5.642967,18.512072,41.333553
-18.664083,-23.540026,40.981895
-13.758481,-9.087270,19.484402
-10.400622,-16.881062,47.104595
-6.159618,9.036923,53.736965
6.454170,17.648844,47.060646
15.648298,16.828661,26.151293
31.023649,-23.163977,47.892094
2.699936,21.000616,48.131218
28.763739,18.680441,41.317997
-0.119947,2.515288,44.550697
-1.685747,-10.265080,47.598270
17.794312,-11.340280,14.589727
28.714666,10.842625,47.167461
28.168968,24.025673,51.711670
11.097395,22.037067,33.325298
21.791388,-28.772333,49.184052
-37.622543,-22.825790,53.810574
13.069505,17.719233,50.247036
-43.753590,4.602355,40.770157
24.279284,-13.308195,18.775330
-2.245576,-6.342050,50.564354
-14.203045,32.164314,45.883999
23.782700,-5.898829,24.203114
-12.448193,-15.029401,32.970474
27.973253,-24.970137,37.231850
-8.744059,6.309994,18.526958
-16.563536,-11.255396,48.256107
-41.839817,-13.432090,54.153366
-15.115692,-33.441700,48.444172
18.349548,-30.381847,52.468536
-8.440914,7.513095,46.891277
0.237137,-12.212062,49.896683
21.386312,24.615984,51.271507
17.706470,-21.780922,40.035046
29.043022,-14.077539,34.934250
-16.551886,-10.528217,38.699188
28.469997,11.732284,32.176258
7.595193,25.729689,44.708458
-7.163088,-9.408027,38.629860
17.933912,6.184023,21.240610
-4.304000,-31.539703,52.157764
-9.039343,11.237216,38.723122
32.738476,-10.628835,54.230984
17.809746,-1.570484,14.935917
-12.467702,-34.987255,54.337303
-10.090959,10.195975,39.793339
-15.053292,4.697560,49.198196
8.558188,7.285422,18.142115
29.148136,-25.340067,45.429604
23.511265,23.090061,52.478382
18.126463,-4.068890,17.728302
18.542881,17.615429,51.533031
6.618419,-21.932102,50.524239
22.564196,-17.412161,28.409864
17.748665,-13.553075,51.192039
4.800219,16.114914,31.941004
0.480866,18.052797,44.819611
-7.346205,-22.872704,38.130970
-3.003216,-20.770704,16.720911
6.194137,-18.973995,14.277078
-3.921059,-9.650066,49.156841
40.467171,-15.739449,47.570049
-5.582440,-16.801933,29.218845
5.012465,22.282387,35.557293
-0.621073,21.439539,45.226654
4.825397,6.100530,10.378383
2.426862,7.795947,42.504726
16.133785,-13.944799,15.732488
-5.273032,-25.563358,42.245953
-42.912178,0.459136,41.509064
-1.930900,16.249725,39.846691
9.667946,11.505650,20.963190
5.757490,-28.648848,28.127798
10.213488,10.689554,36.744640
21.929968,4.224675,35.160137
25.719370,-13.051109,16.781195
36.040539,-3.594898,37.178551
-3.597780,-31.717491,38.830296
-5.582174,-22.355040,41.040096
34.198631,3.004632,33.250591
28.374043,-14.145032,21.731176
-5.661057,28.686657,48.952087
-9.112837,-10.813450,45.125927
-7.083867,-18.222225,38.543053
30.828096,-5.081923,24.275755
18.480621,-16.088778,51.209480
27.482748,-3.752023,30.733566
-12.242594,8.304731,15.826074
16.515249,15.795820,46.148129
28.855915,-5.840736,25.476141
-15.052892,7.834109,25.462545
6.823799,8.680421,10.344815
-1.037146,26.971174,36.548016
-16.034782,-18.811716,36.389694
16.443447,-28.398924,41.594143
39.991543,5.494535,45.766449
27.404978,20.459982,54.007229
6.156008,8.772529,14.356864
-15.678160,-5.228204,15.657534
34.326248,3.197793,43.425556
19.662289,26.594242,47.385738
4.239576,-24.881937,24.474447
-7.998915,-11.862901,42.380623
19.783716,-14.196168,29.563028
23.675776,16.253258,49.896938
-0.549355,26.007853,43.712357
-45.155571,23.547077,54.356201
16.901138,-25.316025,44.880932
-7.985782,7.473432,41.678406
-27.169149,32.441700,44.882988
31.651239,-22.579929,41.795776
7.271445,-13.846495,8.416169
-12.695273,8.847939,33.973610
-44.972031,16.231218,43.100422
-8.873642,31.939899,44.691891
11.258317,-27.240576,51.795666
-8.889010,-4.297412,42.953285
10.726209,-16.805822,45.882320
8.257161,27.139454,48.567451
34.831604,12.891138,53.527870
9.988340,3.937490,8.135897
-3.799167,27.693317,29.786509
36.195015,-14.994990,35.128162
18.445387,-18.493402,43.414272
-11.265816,-24.145144,46.489338
24.244310,-25.871120,52.985924
5.804481,-16.801704,43.969891
-16.120886,-22.775612,33.798813
-8.650753,1.512652,34.737446
34.427071,13.252364,43.568722
-3.892769,-3.189858,41.897091
-3.796173,14.556342,21.188864
11.274689,-29.263174,47.753300
-1.564344,-16.925154,11.627982
33.009369,0.560533,29.379091
26.640858,-12.127172,25.444715
-8.451917,9.029377,37.208229
2.037674,25.049683,50.624794
18.913322,0.980133,25.407433
-19.639832,4.813774,17.170351
-35.685314,-16.505833,42.327354
10.061547,1.847704,7.529655
-12.809906,4.595987,42.924259
-14.507845,0.818391,14.854728
42.963837,-1.391730,51.965298
14.760296,-6.039441,14.513483
31.500477,-1.982399,44.905415
-14.979679,-10.732791,44.669838
28.300652,9.928140,29.977575
28.538088,9.041008,48.759808
-3.977268,-5.402962,51.435085
-12.860163,-11.070464,28.632797
-17.160170,-5.989971,22.678921
-15.835029,-16.425365,21.699322
-15.243113,-17.205589,29.468016
22.082388,-22.881151,41.924576
-0.459523,-1.517726,50.831966
33.575001,13.882221,49.343109
-3.429235,9.810884,50.708458
-8.195921,-2.596377,14.108259
16.831091,-22.421188,44.641766
29.924078,-10.003464,51.908989
-1.621360,-10.674805,52.106014
7.384925,11.452194,50.898590
-10.998240,-13.957019,17.731777
-15.823867,33.432213,54.081062
-7.157582,14.165139,14.797318
-9.401487,-6.845783,49.670967
28.287138,6.825276,37.171726
-17.895399,-5.112051,30.466810
-14.811322,-33.078289,45.926727
-21.895132,-30.637020,45.267200
-14.282251,1.103622,24.067400
5.770853,14.516236,13.785745
19.852295,-26.333544,30.969309
-40.583042,-19.630892,51.526722
-5.035352,9.621055,39.343094
6.460129,11.190619,52.601074
9.776795,-12.562343,12.506934
-1.230664,-14.672503,50.655312
-3.127358,-15.217328,17.298367
-6.698381,8.982058,41.440582
19.193178,24.748348,53.219948
-26.721251,35.547939,52.908161
-13.257141,-2.936979,15.327078
-6.674190,-14.995815,41.050343
6.235584,-28.494188,50.409725
-0.792087,20.172449,37.685474
20.166666,10.224765,45.260799
20.968576,-30.091612,48.024925
6.439774,-29.243441,35.886642
3.501361,-19.863703,33.735310
-25.344120,-34.949230,53.289444
-18.579559,-10.936072,29.562008
-16.791470,-36.122494,53.768433
-2.907100,-5.422246,4.832347
-13.502816,-5.138344,15.240777
40.010582,-15.695140,45.205948
-4.284562,-17.416136,41.007645
26.674629,4.857191,25.152294
8.049228,3.499185,11.652540
10.155025,20.310703,49.641384
-8.149507,-3.276253,11.920975
-8.010438,-12.847247,18.631405
18.007607,8.439967,14.828756
0.754277,-6.174794,6.753458
19.179413,-21.441032,44.253841
-18.447664,7.595219,16.247202
20.671085,-28.097124,45.760563
0.406406,6.929884,51.872692
34.348385,-11.993838,33.316372
16.361771,-19.692738,38.895470
-5.935470,6.520135,22.464064
10.900595,28.780651,48.135212
35.522530,-13.881940,33.324707
17.783749,-22.140493,21.389013
-4.995066,-15.585984,37.623882
14.035823,19.674545,33.794704
19.132936,-23.630377,46.980988
-7.516164,0.958078,38.551037
-10.418889,-27.836306,37.444866
-13.674249,4.886220,23.030327
19.743259,-24.437813,51.788029
24.241871,-22.883402,39.603268
-9.802628,-12.376446,40.824829
-12.914349,-6.814583,45.629936
-2.693517,-18.594158,46.680485
-4.324024,25.915627,31.138321
-17.672911,-1.712685,27.834232
4.522346,-18.069113,22.613003
30.248962,-2.980749,22.762468
26.626892,-13.997844,27.510315
2.164133,-17.338913,47.775627
-13.254893,-24.048161,44.611881
-33.602341,22.097151,27.425766
-10.345408,-11.527043,34.780926
34.848061,-6.943823,42.934410
-6.693457,-4.186707,6.558434
12.103664,9.485869,30.355520
25.548830,10.751010,35.846123
-5.464166,-2.609841,5.946497
-6.648276,16.682333,28.952553
10.553501,24.460604,48.782818
-44.134750,-3.930770,50.018036
-10.004365,4.469003,29.832376
27.822012,7.209569,40.091835
35.449638,1.547904,34.985638
26.804205,-2.584887,26.983421
-7.170393,7.831305,30.951345
30.707773,15.314954,39.937798
18.371859,7.737163,26.970959
-13.966004,2.711164,43.708340
10.211258,-32.884678,41.909210
-14.264286,-1.025739,46.497704
32.011734,-3.911890,48.668537
-16.808769,-10.688847,33.632942
25.073572,-13.156163,47.659206
-1.688361,19.186514,39.876060
-4.761995,8.231104,33.493511
9.241514,12.900559,32.659187
28.606560,18.613222,51.250465
-11.821202,-11.892972,23.303186
-16.768040,-5.913996,52.953491
-9.968690,-6.185550,25.307293
9.077174,-11.537812,15.342691
-1.219478,-21.476898,31.238039
6.329495,13.482754,45.727764
-15.061726,-13.048828,18.601198
35.155243,-13.639464,47.930275
-8.252234,12.505697,17.415873
18.728092,-27.070385,44.419228
2.148417,-25.920610,39.536522
13.536362,-22.963173,35.005161
6.703013,9.236497,17.331465
2.426668,-19.962906,11.866993
-4.824879,-13.577670,12.153971
-0.484571,10.977530,40.656414
-14.822963,4.839704,34.353275
14.585926,-25.600088,25.052387
-3.983178,-21.036726,52.144669
-15.750384,-26.436665,43.376400
-7.081924,-28.089153,35.351048
7.226383,-10.909240,6.124462
35.691360,3.712988,34.974075
-9.568152,-15.934213,49.164909
12.303597,22.263121,53.527401
-11.120625,0.312115,16.296152
-8.616898,-7.380701,44.987915
19.918320,-17.480507,34.207638
8.081072,-14.859732,50.814037
-3.014286,22.827854,26.595831
27.982023,-23.569414,40.997021
-2.510329,-12.077039,47.327000
-0.267828,-9.172551,48.463749
21.951073,-25.510866,32.558506
1.438985,-13.764435,47.961601
20.529909,7.906345,17.835657
29.035172,-12.487635,30.733229
-16.764034,-26.683371,39.219212
-38.139927,-18.339659,49.022861
-14.320938,-31.468290,47.521778
15.163206,30.078709,54.376659
-20.913534,34.139244,42.751732
35.929741,-21.704197,54.242783
-12.408684,13.075331,34.654831
22.802555,16.336645,52.179752
2.845056,-21.589928,43.155693
25.683769,-14.266852,40.040943
7.635987,19.245483,43.271030
20.607965,-18.505108,36.136681
-3.989653,-13.075031,53.453091
26.925627,-23.803238,43.043312
34.832878,15.080751,47.007267
-14.660963,-14.324773,17.211386
11.445892,24.987099,52.305717
-17.955759,13.072590,16.557476
30.289347,-15.396492,25.573484
-4.601104,26.214075,42.467506
26.769846,-13.967312,52.772381
-19.942516,-9.739355,25.781343
-0.392033,28.053219,43.874779
11.443722,-24.316158,47.647934
-34.666359,28.748867,34.661037
5.273947,24.275970,46.098942
-5.732782,7.629869,44.523998
-1.840787,0.732262,47.638828
-17.192194,31.644253,35.598507
14.527357,-15.223463,14.039912
-0.407020,9.254925,35.874416
19.268688,9.948215,23.366726
3.809277,18.555965,54.026291
0.864530,14.222533,37.279144
-11.514613,2.589200,37.026653
27.457195,1.454839,19.700327
27.870697,-22.327223,35.109089
36.453339,-7.976466,49.998215
7.868619,23.352430,46.072231
13.533806,-5.881855,8.575662
-17.185297,-10.432813,19.287281
-6.271689,-6.675523,40.052208
20.111229,-13.187286,47.923725
6.753000,13.579197,25.817537
-13.918170,-4.857082,19.810169
-3.379292,19.731464,41.223724
-0.946352,18.656389,18.339050
0.375589,13.556029,49.236679
26.829733,11.460335,54.113007
-6.091304,29.449162,40.805519
-5.136177,12.342757,33.563072
-5.973681,-21.390726,44.097248
-5.267179,21.974474,29.443123
-15.704250,-15.630323,39.401001
-6.053342,17.763582,52.504906
-4.401596,-15.128530,40.272610
-39.135597,-23.087234,52.721096
21.497759,23.847395,44.510994
34.907009,-14.052926,39.873859
-17.833786,-8.652477,46.181248
27.072727,16.236296,53.756180
30.760483,-3.793437,32.269779
-12.425697,-18.269690,20.142973
28.162077,-2.664388,33.578800
13.272836,11.274048,15.152003
-23.542955,-35.656780,53.927902
24.269361,6.901865,23.333773
6.936781,-25.644039,37.190895
-0.934103,17.629265,41.515060
-0.411968,0.139660,1.843678
3.954101,-4.256043,2.892561
-1.530894,2.887173,46.847050
-0.952875,-6.058371,2.986849
-10.595339,15.246916,29.000290
-10.256236,-6.354556,29.040678
26.655134,-15.866892,42.448551
-6.778164,24.396542,25.528250
22.692575,11.137918,49.842777
-43.798397,-15.176476,53.903660
14.920734,-31.372108,44.704617
10.934368,19.210560,31.296104
37.509117,11.158497,53.728378
27.070826,-15.240884,49.977646
-7.757195,-0.371691,15.996099
-27.117687,33.040375,48.787868
32.645069,-20.783197,42.323128
27.334677,11.352294,34.299679
-3.039916,12.247209,17.458284
-5.916816,16.706663,39.498249
18.993290,10.942094,47.755428
2.944394,-4.775848,7.151970
-0.407489,-23.209343,49.007496
2.200745,19.053909,37.805710
-1.364565,-31.752403,47.335270
6.778055,27.436380,52.980057
8.964015,-20.478392,53.728794
-3.916710,-13.987185,42.211285
-0.217829,-11.183751,6.332970
39.199871,0.822547,41.678406
16.098579,-25.309511,41.309723
13.559999,8.130394,13.385111
11.409093,-8.850565,13.288685
-41.639816,26.820272,54.363079
2.767228,18.217567,47.877739
11.298346,3.041114,15.759255
37.299053,5.814404,47.173424
23.829578,0.522299,16.222311
-42.003563,28.059574,51.152039
4.495638,14.520359,51.325981
-0.073192,27.138943,41.196384
31.354259,-0.638615,31.833166
-10.274793,-14.126272,54.257099
35.276218,-20.794657,43.967972
2.911436,8.099832,40.498955
10.427517,-20.708887,21.770254
14.162397,23.583078,53.987320
12.259388,10.955802,43.753193
24.235205,-4.572228,14.530041
26.599651,-12.328111,50.542721
-6.532862,-12.360960,7.389041
-16.827230,-12.623233,20.130743
2.146438,-33.616817,44.029289
-8.895986,28.482121,27.259790
-3.257203,17.497917,21.596518
-12.279383,-1.541247,29.035414
-12.564839,-32.397861,44.926601
33.518848,-23.219490,48.758041
-12.990164,-1.026262,49.355415
-7.934532,-5.612835,35.485203
6.983388,5.508294,6.849113
34.364845,15.179441,50.674675
27.187220,-8.757984,25.896236
-32.021774,34.707314,50.106602
34.556816,-19.746660,53.464615
30.641426,18.876942,44.751717
14.639976,29.084324,51.012856
-3.850289,-16.384205,53.602119
-12.444899,-10.353590,15.177116
-7.510941,-26.483038,43.970020
0.982502,6.481110,3.673891
-7.859520,3.813207,24.946915
18.606321,-2.018393,16.976641
14.447405,24.027220,50.855099
30.679876,-21.433332,38.071392
-28.509048,24.172504,24.535639
2.635603,29.462948,46.273621
42.405308,-8.811933,54.262005
10.058828,29.741007,51.194160
18.010990,14.103318,50.148186
-17.841692,-4.894579,46.048470
26.974997,3.483027,20.484579
1.651990,9.906384,41.578224
27.433319,17.668161,44.449947
-12.935760,2.416177,32.225590
-46.926292,6.603478,49.300976
13.531661,-30.825123,38.959568
-12.022787,7.577587,35.632553
4.183010,-20.576059,49.549648
-4.602932,-27.143814,30.869707
-13.940606,-13.962260,37.663033
-7.365776,-12.668224,37.014160
-18.086527,2.291308,40.016411
2.049951,12.751893,38.216610
33.532547,5.350182,34.219246
-5.965286,-15.098603,34.309559
-40.018547,16.729177,32.550758
-45.123924,-1.284360,50.611198
15.518765,-20.896381,23.011564
33.824387,-11.699246,30.624989
-0.221471,-33.922455,54.021416
-26.164211,-31.027195,47.318108
16.137602,-18.635775,43.700615
-4.025363,16.333752,53.671680
3.081450,1.323854,1.670701
-5.579644,30.010073,35.355614
23.432453,-20.078949,32.604294
-0.042792,-28.598997,44.043732
-16.307594,5.307815,45.866371
24.582584,-2.234095,25.714182
13.880634,27.023954,54.181866
-44.658184,5.284547,42.339527
-12.634339,-1.029219,15.268056
1.694474,17.111227,52.183552
19.494795,-12.742123,51.293747
28.414452,-13.082670,20.074036
41.680367,-4.502561,48.835239
-13.807487,-25.435604,33.880917
-10.449181,31.424015,37.287266
4.208734,16.345005,44.727627
-11.902544,-13.810425,14.680974
-36.613270,30.491720,46.766762
31.759478,13.311929,51.162247
4.532381,9.575207,52.362003
22.344004,-20.657515,22.329578
40.343605,-2.107977,51.765163
-6.755776,-14.974329,9.927444
10.052493,-15.534279,48.016186
8.603681,14.055557,13.453754
7.339123,16.303139,15.703270
-16.810312,4.227594,15.661577
29.710436,18.783512,48.923634
20.902861,4.091203,14.304562
28.859835,-11.017562,45.616661
25.501423,-20.009089,31.983360
-22.490974,-22.490202,37.651733
6.824100,17.371122,53.087635
-3.372475,-22.538212,54.466022
33.032097,-6.158202,39.905991
-0.262246,19.394094,48.237190
-4.101303,20.045126,47.060753
3.210018,12.682571,33.233364
25.286602,-23.519394,50.106911
-10.727129,31.511383,43.862782
13.734099,-19.546516,38.456062
-8.794404,-21.677240,41.591778
7.080612,5.108283,9.525599
7.045333,-33.724415,46.907722
-11.545496,-9.008898,12.573472
35.562836,2.838529,39.436878
-4.371972,-5.376840,7.758312
-2.458551,23.443018,28.932833
-8.315658,-20.562654,54.200035
31.751736,-18.802868,44.709820
-2.535021,-35.071167,49.837723
-26.767355,34.156876,43.773792
33.069580,20.402956,53.527122
-2.828128,29.873831,40.763813
0.516511,24.016571,27.202717
-1.948953,-1.658601,6.289019
-9.132425,-17.383537,13.756834
-2.530928,17.769796,40.650612
33.466164,-21.558065,39.724117
37.265240,10.899739,47.156429
4.818069,-26.392572,52.280800
12.400962,13.646420,51.480938
21.034372,22.583223,53.537971
27.390491,-8.831190,18.346720
32.134995,-24.814705,47.518333
-45.421131,22.033295,50.991543
-46.696732,3.649566,52.260933
-0.470726,4.423064,41.957382
-14.565272,-23.701555,35.689751
-10.063333,-4.527498,17.804638
7.338109,-32.975677,52.155807
-1.240643,-18.278883,19.491676
3.182085,0.194081,4.956043
-7.859446,-23.199560,43.570194
4.795538,12.743288,49.801308
17.558876,-19.732178,36.733860
-25.714056,-29.639458,45.428299
26.194273,-24.346899,35.384655
8.214463,-29.446293,35.059639
-13.423041,-20.791445,37.976833
37.526386,4.428289,41.946644
6.536096,-22.338844,23.622419
-2.639585,26.523060,54.080944
-17.845924,-4.284540,26.991228
2.596002,-30.095114,53.580894
-11.783561,-6.863676,39.493996
34.880714,-15.500078,52.020718
15.701045,-16.972672,40.363449
32.784035,2.260829,38.475742
14.572977,-27.669392,30.805933
2.007907,-22.871054,24.369188
16.752665,-2.126402,11.500637
30.053596,-12.698588,37.296379
29.317188,-25.714701,43.362015
-1.829598,3.958841,49.505573
1.829387,10.912376,35.424614
14.174586,21.041723,38.040714
35.275208,-12.305016,49.588177
-32.194584,31.841587,49.190552
27.644924,13.078297,42.441757
24.202133,13.257204,44.577415
15.581870,-31.324020,42.610615
0.654946,28.726286,47.981411
12.629913,13.523908,19.592924
-12.048216,-14.000491,49.825294
-7.753540,-11.443714,16.393742
26.890123,21.926477,46.475208
-8.797414,11.240653,25.183983
1.874318,23.318983,51.832233
1.756562,19.339035,28.367903
-13.229197,-12.482594,17.931366
25.768774,7.727363,32.810040
23.617882,18.804201,37.212448
10.121286,-5.180301,11.260121
-10.354909,0.757081,11.448977
-42.235741,-6.589470,44.323528
26.729694,-19.132177,24.364405
6.232137,21.586069,43.008133
-13.567115,-17.823736,37.784966
39.803856,0.779539,51.305737
-14.850131,-24.046282,32.549011
17.383226,-20.459723,43.354488
-2.196884,27.967506,34.248306
-16.788763,5.430610,38.583855
7.697408,-26.442232,31.799551
24.772205,-15.984093,19.368280
9.547165,-19.247738,13.777255
-16.503355,1.691999,51.678341
23.207426,5.850175,30.721264
6.570896,15.066198,34.505413
-8.619348,3.329866,13.016455
-15.604157,-2.827821,49.898636
0.818900,9.242883,9.506407
24.929564,12.050669,53.214649
25.706341,-7.601360,25.063286
-38.630070,-12.241607,42.506725
3.321958,-24.404491,34.750244
-23.760393,-25.870684,40.940742
-15.279294,0.583116,37.034863
3.666716,26.955278,49.085884
8.049742,-9.705994,9.042434
7.373949,6.641916,14.286197
19.844936,-14.522367,12.852232
17.886324,-23.998846,53.641567
-43.702679,25.296728,54.561440
8.340455,-29.924398,49.245651
6.366556,-29.472130,54.366440
0.128708,15.247307,35.202957
16.527481,-29.959023,49.052639
18.587410,-25.123911,43.406105
-5.241853,-4.123851,13.329440
1.944582,16.884535,25.725386
19.220266,-29.693848,44.169071
-4.192741,-6.250731,12.718509
-9.208200,12.201744,13.921682
-10.247462,-19.478754,30.468788
-40.675060,-11.015821,44.861790
-2.852417,18.123671,28.100407
23.453411,24.300722,45.909004
40.031155,-2.113774,44.834728
4.601402,-26.899345,35.764164
30.669203,-8.706564,22.376690
-13.274538,-21.344551,44.146732
28.467033,-20.195307,42.179955
2.935917,-16.137447,21.246492
29.916536,3.745055,44.540234
34.786118,-2.401488,49.364529
33.226082,-3.135792,38.101765
-17.859867,2.683599,36.370045
-10.003908,-3.756183,22.062904
-6.850242,-25.923819,46.471493
-1.932978,-22.896650,41.060944
32.247795,-2.190178,25.969601
-10.934216,11.184213,26.553143
15.596166,20.867880,48.260201
36.033691,-6.700808,54.440525
-11.964934,-3.538811,29.563599
9.096407,11.029721,47.319767
7.991139,-19.894451,43.635193
0.060165,6.635018,41.329445
21.371042,-6.752874,14.259600
-5.981825,11.614302,22.043495
0.047371,6.086269,48.610439
24.355249,14.720862,30.853001
18.407269,-14.465627,26.971651
8.535228,18.114119,24.491047
20.952595,-3.510637,11.642964
-11.410454,9.604768,42.017818
28.405737,2.982883,31.090103
-3.975445,-24.099697,40.896885
16.106758,-15.279346,27.888315
33.324802,-5.251809,28.133965
20.379177,-10.105213,16.038340
22.607594,-19.469154,37.250301
21.417826,3.176516,31.744724
5.622754,-23.267183,36.905682
18.512838,9.556915,45.661785
11.265648,-21.280947,24.318329
1.513032,15.317439,30.994488
-13.880761,31.515507,40.326031
11.557090,16.448856,52.581596
-20.852339,1.802669,19.539280
0.304772,7.857748,5.355827
-14.147604,-15.957294,26.347742
7.599807,-17.977673,11.391154
36.316368,-3.519156,34.426605
-35.528950,17.691910,27.580000
31.019171,-11.892744,34.235977
29.811152,-2.255504,30.071381
20.253628,-24.858639,41.431007
25.988523,-14.263993,19.580328
-37.057026,-7.029774,36.061813
23.185421,-14.690789,19.984539
-3.248214,-14.974553,21.344784
2.846183,-6.348709,3.038484
32.314487,-11.425080,44.862263
2.578038,27.498716,45.791592
33.208149,-4.032521,26.401190
25.515919,12.345796,46.670746
-2.100788,-0.933847,44.128780
-7.865222,-3.006161,35.803726
18.133879,-15.132251,46.596130
-14.296176,-1.615510,54.037655
-6.215485,-31.157019,45.603416
21.615925,15.516586,35.863678
-12.200044,9.826888,49.396309
20.169376,21.463781,36.876369
-18.717880,31.818443,29.509583
-16.796093,4.762825,31.271843
16.916473,-20.820087,29.526941
-42.020897,23.500000,42.181778
-16.371475,0.960771,54.167763
1.245139,12.852748,26.975498
23.856989,-6.670264,14.429725
-4.154334,-30.601309,46.715019
-1.052586,12.513350,27.056911
-16.842506,-34.301147,48.629230
-4.911022,-32.076885,43.112438
25.607222,-14.130070,51.017601
-9.100752,-17.348219,17.621183
5.707861,-31.880159,51.657085
21.910412,-23.929790,39.806164
-18.099432,-15.432090,27.797028
5.538161,20.999924,47.693539
16.195433,-11.316978,21.533827
-13.583426,5.659909,28.373510
17.453323,-16.283588,37.036724
4.009601,11.864882,23.265053
6.651296,23.987535,47.867565
1.294789,11.865793,10.129938
16.364639,0.601232,20.892450
10.820211,23.146669,40.919323
-17.526545,2.551910,44.215878
25.725132,-11.441296,52.859383
-23.253258,33.671494,42.546738
-8.305484,-8.099658,36.622620
3.133697,-31.122080,47.120979
28.510359,-11.836021,38.468815
-5.216973,1.803191,52.350807
-5.038959,21.273056,18.862806
-17.528404,11.242138,15.719640
-1.449347,21.277311,39.414364
-11.189985,7.102829,23.217928
-8.095416,-28.932457,45.911861
-8.595366,6.005527,9.516413
-3.199295,-14.756940,52.246807
-9.018847,11.789250,34.163246
16.973660,3.902907,18.715029
21.983498,-0.354479,27.389013
30.442554,-16.811001,36.269550
-5.988832,8.252320,27.580557
-0.418845,22.099939,42.761799
-2.143150,-25.898994,24.621170
36.440903,2.623414,37.101070
-7.357645,1.761965,17.005875
39.251301,9.203220,47.867245
-4.181582,-29.182251,54.304218
-4.799855,30.683510,48.081928
7.173666,-27.263969,53.987667
-3.635846,-4.946066,44.153896
-6.181038,-30.873508,38.738270
5.759912,-25.393053,33.625031
19.277380,-19.309978,16.063482
23.619677,-12.681492,53.654392
15.082002,-26.385952,28.028374
-26.368969,-11.137292,27.685986
20.893135,15.775466,27.057322
24.543533,-9.770487,18.661034
0.131658,26.742485,33.294712
-7.641782,10.288120,54.107700
-4.493807,26.547194,33.714928
-36.732273,27.588308,40.458393
26.933050,5.132802,32.326942
17.518356,-3.734002,15.603814
33.882713,-0.294157,51.549175
-23.918404,-34.680981,51.481911
27.006653,17.174067,36.847008
26.943258,16.127653,38.981506
35.690247,-13.731509,44.949966
11.934909,-25.931147,45.652443
17.424208,26.972090,49.422829
9.452329,10.297064,12.253808
8.967540,21.836260,30.786465
-11.151088,12.412428,39.600788
23.976259,-14.624927,30.043886
-21.217148,-7.797409,24.707472
-17.312635,-3.048492,17.085707
-0.443318,-21.569452,25.659195
-7.842173,13.563602,36.457561
-37.346912,24.558739,33.371689
25.119249,6.999757,21.213612
11.958755,-30.190998,44.419590
27.208187,15.842766,34.882248
-4.643958,17.978277,29.457777
-19.734491,-16.800890,33.746353
-1.009494,-4.212232,6.988518
27.959200,-16.041498,52.505116
-4.112194,-6.559001,46.636612
10.129017,-2.852048,4.705812
9.078187,27.171669,54.395672
32.582943,-17.853348,47.600727
32.697453,0.507692,31.221052
25.728853,23.122238,54.418621
39.564804,-14.996601,42.529850
17.500160,-10.432369,17.544086
16.684280,13.989397,48.346245
30.126133,-1.040676,41.369450
-1.525817,-10.905943,45.837639
20.770626,1.078660,17.292593
-5.407383,-8.842492,43.345673
9.295358,16.255314,42.210938
17.607367,8.863221,34.969830
12.471405,-31.376558,36.966587
-9.308954,-5.556243,23.239416
-15.652793,5.371403,17.668949
-5.538143,20.306442,38.124184
-19.272873,-10.195926,20.542974
20.880013,-23.674805,34.688560
13.378134,12.653680,13.747749
37.844425,9.094090,54.045925
-12.543317,5.747279,50.484116
37.482262,-10.623197,39.703758
-4.956124,-34.772850,54.085758
5.355313,10.685270,37.345451
-7.457276,6.067800,38.698212
22.662361,8.319236,44.295479
-18.330017,-15.530291,25.088390
-5.267686,7.468874,42.318344
-11.244572,4.635629,23.454432
-16.607365,-10.161053,31.085159
24.916374,19.718685,51.358570
-25.962132,-25.430666,41.012848
22.851196,24.735123,53.937931
28.448982,-22.154566,45.829597
33.643753,-8.464673,37.938927
20.575621,17.764130,53.322750
25.673794,-27.593498,51.333000
-14.570267,-15.860114,45.235992
-6.905304,5.953781,29.931007
-4.005651,3.595999,39.220016
12.183290,22.361147,31.355097
26.889494,19.611368,47.340637
-17.369995,-2.970348,48.043629
34.110203,13.666115,51.885044
-24.837881,28.822933,29.177588
-34.882053,-14.110939,39.557476
1.042762,-11.802861,11.866973
-8.162297,16.042677,32.165852
34.170971,14.777040,54.331284
5.598986,15.853975,41.864563
-15.869086,-18.095104,38.818756
-5.664076,7.452927,39.934830
15.856099,6.353364,21.345638
28.780369,1.187130,40.800411
0.267437,20.267069,40.755035
-2.279029,-5.115617,46.115047
42.738518,-4.198687,50.288162
30.736258,9.722090,54.006409
3.002606,-30.565886,33.216625
-35.707413,-5.082465,33.012325
-3.302620,-5.120553,10.823945
25.429935,-1.360837,17.474012
1.166438,17.615709,34.155117
20.938822,19.294619,36.489712
20.833166,-19.523838,30.460485
5.122264,21.740410,38.746758
24.700628,-17.517660,25.406645
-42.678986,27.244080,45.617966
-7.580344,-32.408127,42.183575
8.189010,-18.731602,26.377789
-3.505400,-24.970737,31.519672
14.947021,4.239526,13.174325
26.481825,14.860870,41.227207
13.379663,-16.233162,51.171783
25.674126,18.039164,41.153931
29.643505,-10.304313,21.300940
-11.362663,-3.514748,26.192591
11.339369,8.570967,9.546286
32.877613,-0.777015,32.864052
-16.130310,-31.968718,47.806751
-2.259943,-9.411095,13.792938
-37.465885,-17.852938,45.553154
-14.035983,-21.217022,40.005402
3.613926,-13.987635,50.619507
0.233031,-16.983763,15.290479
-5.260991,16.329012,30.869347
20.840858,-16.469570,25.577196
-5.840684,3.164283,4.726490
17.852127,24.248985,41.873543
-11.337672,11.654254,20.916323
12.227289,-17.650339,12.448742
12.636731,-27.535269,28.781157
7.682582,-16.415745,53.875034
-14.540686,33.436543,40.092354
-19.866621,32.040783,43.410007
9.793110,20.867212,45.085014
-17.527111,-3.856524,23.186829
11.206087,-16.508438,49.993347
-8.723764,1.418799,7.111379
-9.378645,-31.551439,41.300156
-5.637643,6.437334,49.927643
-14.162604,10.784357,40.088394
-1.051814,-30.777784,43.900101
0.572399,-13.062416,14.835795
-14.454757,-13.485985,46.569736
32.896179,-8.422053,25.045319
-9.459836,-26.021860,40.051109
20.853666,-17.937410,19.856865
22.142090,-12.932309,30.299145
-14.168879,-27.658113,43.913296
-11.778105,6.483460,38.584904
4.738793,-31.031176,35.048431
34.349701,-5.960900,37.653488
1.375809,22.631554,53.958908
21.336069,-13.182894,18.625027
33.512810,-3.031241,45.789368
14.751773,-30.975071,54.178410
16.379128,18.132826,35.072018
15.500992,20.027027,36.291908
-26.873224,-14.184173,30.876041
40.443649,-15.532957,49.943836
-13.988853,-13.589457,53.574318
34.369961,4.959769,46.661938
-2.008067,-5.288718,8.847332
-0.835991,11.120455,45.139927
0.754542,10.463720,43.618092
0.090481,25.736158,52.696621
-5.156708,-5.355224,9.760289
5.024709,-29.319517,30.565790
-26.328819,22.974823,22.635151
-10.826777,-9.527914,48.929409
2.472744,19.133389,52.406216
21.583344,8.098889,31.392426
-7.766724,-11.873118,50.946533
-43.671856,8.150210,39.491962
11.989202,-23.014626,27.593628
4.458545,25.470675,51.627304
-0.982240,8.697143,44.880001
-1.873618,25.150389,51.342918
-37.386829,-4.761962,34.929096
0.607713,24.719751,54.330452
9.860074,9.250154,25.584507
21.100935,24.474964,53.172863
0.409753,17.520292,50.189846
-5.027905,2.058519,11.253241
26.773075,-23.611176,47.651188
-10.253707,8.323832,30.622322
-17.405594,-10.298792,25.515980
0.838191,-19.974245,24.704435
-18.826725,-1.308387,33.624840
-12.737732,5.253449,25.127695
-29.981699,-17.770649,37.938244
-10.541374,3.473480,28.060045
-10.693337,13.463929,43.885334
24.376963,-18.211758,41.103527
-10.972403,6.068091,27.128880
-14.372451,5.486445,44.183849
23.799944,-15.534388,26.930054
-13.749841,33.047138,41.966522
1.968654,-33.812672,54.259136
-35.535332,-0.891627,30.644104
-10.365279,-18.944426,41.432407
1.734883,-9.835726,10.931803
-9.896721,16.039015,33.801689
35.455090,-18.590479,49.832096
1.421424,-22.570728,33.293270
28.854065,-9.168040,23.347849
-14.236608,7.327767,43.361271
24.387690,21.968342,50.438686
-9.690527,8.798441,33.872055
25.022987,23.862070,51.567780
-5.138892,-18.280464,54.009846
5.861872,-33.485126,49.005127
-1.781270,15.725270,21.263153
8.206921,-2.114556,8.407615
17.050232,9.922331,43.874504
8.127441,-6.019702,10.426354
14.542802,2.502748,8.422589
31.376518,-13.993726,53.765572
18.785423,22.425310,39.730339
17.764658,0.307737,16.071821
28.673262,16.182199,49.620857
-9.663353,13.864352,47.548946
11.971945,-13.793907,11.750226
-6.688472,14.131657,44.871216
26.847206,-12.438421,46.432755
-6.290924,-13.596877,25.910765
-4.311480,-9.427531,11.972094
-8.809392,14.331289,25.612928
38.909096,10.996105,47.947910
0.669097,-25.727051,33.666794
42.599224,-4.186282,53.867912
20.914915,-22.390392,22.841497
-12.883921,-3.872005,10.957987
2.149650,-19.337683,29.958803
5.489635,-6.693713,10.115894
22.725018,-17.286390,26.256487
-36.704792,-14.508781,41.665726
-10.808837,12.793472,32.808350
23.369484,-25.001368,45.877361
-9.207550,-23.475027,39.800037
-14.103031,33.410114,48.812206
-0.845119,19.512163,29.806757
21.219620,22.718088,40.829449
24.658466,-13.358380,26.196243
23.813208,-22.144779,47.484230
-3.941649,20.010025,28.728060
27.152330,-9.641023,21.857681
-41.867043,-8.542533,46.023624
-8.955072,-12.152832,38.277340
-9.817866,11.410357,30.479935
-8.459337,2.512723,20.329184
10.688764,26.738670,41.440594
-0.585672,-14.180958,11.368450
22.289848,-14.805842,38.566208
-5.028008,-17.191719,20.406792
-6.163659,7.963837,46.783112
25.881052,15.554889,32.136642
0.598763,-16.931198,18.385862
-33.375488,32.039959,51.461792
6.212003,26.540075,38.389038
-8.267298,16.935923,38.201588
41.160870,-9.423053,47.865162
-33.979671,-10.872128,36.028404
-0.443470,-21.158344,33.425846
-14.075750,-11.724692,47.205627
20.086439,-15.378048,38.963341
28.903967,10.906651,44.142117
-1.621436,15.118203,53.467022
25.850349,-12.123659,21.434427
7.990932,29.355688,47.631435
-44.156849,23.899904,43.900700
-8.816167,-14.967447,17.827017
-28.257143,-17.165928,35.145191
26.568274,12.152642,30.131756
-45.175117,22.547338,44.729614
10.420748,26.529015,44.223686
20.302252,14.662794,25.021284
26.690996,21.103254,50.361973
14.026610,-30.613804,52.235126
-9.028816,-24.916162,28.971132
24.021452,11.975967,28.868410
-17.023710,-12.754993,41.486500
-10.671249,-14.171882,22.375902
-31.873478,-16.421072,38.061493
5.778249,-10.579508,12.137342
3.491782,16.166967,51.640591
-17.494604,-10.578441,40.822559
27.315136,13.733538,31.712013
21.697803,5.843208,22.311831
-11.804559,-16.141062,20.864950
23.576864,5.938993,21.779057
17.758440,3.176936,13.574293
12.105804,6.933540,20.040319
3.153135,-18.652998,35.552147
42.126305,1.429265,51.536655
-2.351197,9.497446,41.605263
-7.491606,15.135787,53.866287
-15.783042,-21.456343,41.683929
26.442442,-3.328864,16.818367
-4.576992,-2.259163,47.716705
8.162477,-14.832709,52.790298
6.123342,-17.280682,50.157433
11.819417,14.527446,32.353889
-11.394278,-2.162341,33.974926
24.423395,-22.564201,29.297617
36.360249,-3.108595,47.723351
-0.358913,-18.323671,48.055275
30.938412,-20.467831,51.972755
32.580261,-23.790548,54.237633
-5.749419,-18.478394,45.547596
-11.937734,-14.049668,24.482027
31.622238,-18.322912,50.518143
-21.553141,-2.078794,20.470997
-10.745399,-15.373158,50.919273
22.272657,-25.066296,42.378223
-7.480213,-7.865099,19.245623
24.759001,-18.141479,27.701355
-15.353099,11.171189,35.564568
-11.515620,29.649155,28.168903
-15.726745,2.460091,42.368305
-7.926409,29.168402,30.817204
11.607250,-16.867725,47.749493
-14.043119,-7.503954,35.510593
7.692691,8.281255,13.002949
8.153629,-31.693762,38.186531
3.668976,11.227147,51.922836
-2.736576,-18.915291,49.513012
29.294401,20.379602,50.274570
40.973228,6.106542,53.208767
-0.516973,-2.954365,3.093535
14.132152,22.509792,47.981518
-8.630220,-20.838722,50.461582
-5.689962,12.960456,26.436644
-10.847425,1.703595,31.472181
-9.528099,-0.693356,34.143234
-8.046192,4.529874,51.423824
-11.950817,3.108192,18.564831
-17.228994,-2.871427,42.662655
15.031728,9.597658,42.995098
-16.479589,3.633785,33.883297
30.088799,7.499598,51.242077
4.477005,-8.049224,5.284323
7.178795,11.360392,29.596767
11.098580,20.640228,47.053013
32.789429,12.536914,54.253174
-10.001584,-0.976731,20.877123
30.453058,2.751613,26.649662
18.180502,-7.155241,15.879912
-18.467615,-22.059139,35.409245
12.177779,20.217772,32.782909
-6.086911,-0.995343,51.845337
13.742865,-23.992065,37.564735
14.170732,-21.765831,17.371685
29.515402,-21.298119,35.586304
5.724718,-19.645250,41.296822
-6.100297,-26.394672,40.621517
17.599390,-20.695026,51.228298
-7.949077,9.388178,26.237518
-7.574962,-8.166497,40.118095
9.514293,10.712530,32.654140
29.565243,21.507917,46.897221
39.089615,-18.224316,49.136475
-3.665529,11.348667,40.539036
0.074129,22.380785,51.654850
16.579138,-23.002842,37.308598
-0.997721,17.337620,37.496864
-30.229898,25.738768,27.319286
-8.486234,9.193597,12.398755
3.546932,-24.512247,50.575878
33.364437,6.593489,52.722889
16.211868,10.301234,36.426056
-4.020963,24.142883,50.420940
-5.680648,-13.570344,23.367140
-8.331261,-2.841799,5.919315
19.520426,-23.736315,25.694103
-14.739087,-11.606898,26.271772
39.186050,-14.239381,48.413105
-13.552396,31.399292,34.576420
5.295723,-25.586634,48.869080
3.897719,-17.858028,25.643108
-2.017682,-16.271708,14.133677
39.302509,3.142699,44.662800
4.714500,-19.972937,38.332207
6.396722,26.515755,49.644890
1.799355,16.098721,43.093132
1.969873,-26.408131,35.909889
39.984722,-1.203028,50.172935
-2.540013,-7.040834,54.269699
3.988138,8.476594,50.154240
10.333409,26.846956,48.739414
39.678890,2.112981,43.054543
11.519853,4.490774,9.116886
-14.580222,-9.244061,23.587162
-0.628602,-5.213734,49.977829
20.095217,-27.297600,42.481667
10.982371,-28.494452,27.869825
22.804670,5.335812,27.463167
36.232971,-9.356570,54.481186
-3.683282,-25.397964,36.180195
-3.908867,-16.258734,34.666885
15.808906,6.880430,29.925653
2.728777,-13.065083,49.193092
8.610935,23.420084,43.260090
3.959599,17.186766,49.596321
32.782497,12.499806,46.443035
-1.130817,9.732867,16.033827
-12.118051,14.194893,37.843231
-18.513962,-33.272465,47.225822
-6.378256,4.256968,16.103168
-20.584919,-6.952431,20.790586
-2.758966,-20.888426,23.998205
3.788584,-34.041866,46.968315
-23.702200,-33.430714,49.119694
9.089473,-25.384769,49.359535
29.268724,-10.055333,25.614140
-8.068070,10.543856,40.150578
-23.775934,-27.442329,43.157707
27.368795,17.362499,42.311611
-5.787260,28.931566,54.078075
30.655283,8.165289,36.495277
23.596575,-15.072268,49.082073
36.358021,-11.454729,46.224182
23.403194,12.264669,34.649761
-6.939382,-14.006847,43.471046
-16.916704,33.234859,39.565025
18.814293,-27.241671,39.553627
32.713009,-0.119752,39.650143
-18.097454,-12.466255,31.647991
-15.654075,1.020649,17.160521
31.119171,20.394691,48.138992
33.454117,-13.336207,46.075974
32.332478,9.395988,46.158585
-8.386037,-10.533795,24.452965
-28.530416,-28.001249,45.283150
12.127411,-28.660126,42.327530
22.325975,20.742334,36.898899
26.282505,-15.787940,53.904587
9.065716,19.193228,48.690277
23.154242,14.811790,54.195305
5.654085,14.733315,43.894688
22.092468,20.462801,54.012749
20.551041,-21.170418,35.018723
25.881571,18.876827,38.349331
10.477455,-30.898451,46.178703
-1.876798,4.249845,39.527668
10.304052,-9.366520,10.196944
-19.853352,-18.843910,34.384743
32.383305,-7.838258,30.577599
11.383686,-3.787926,6.143859
1.881022,-27.745161,33.953331
-19.686781,-12.662883,28.886623
19.156216,14.370861,31.827515
-7.377017,-29.181763,54.102242
-18.428844,-10.763573,32.545090
13.825403,-29.112856,43.746044
26.640177,-22.762209,37.208519
29.414385,-11.788304,42.665741
14.818571,-11.054780,11.893646
20.598692,6.486879,25.925556
-11.517355,-26.552084,34.517120
10.467656,-29.353556,40.822235
-4.975180,-20.786566,29.153570
-3.041245,-18.751427,12.227142
-27.387665,33.068130,42.144268
9.367950,-19.693439,48.027424
30.688658,-8.085385,46.831200
-5.139524,-0.015616,39.072472
-29.635931,34.127342,45.090519
-6.842335,-24.825874,43.162121
-4.481982,-13.228043,21.399122
10.163301,-26.630590,47.381565
9.335060,-26.507122,51.176273
8.261045,-27.954111,50.044952
19.511412,-15.118093,43.981895
-7.133842,-21.376059,34.250393
-5.989493,-16.505554,16.962883
3.410519,12.946716,29.661335
36.489410,17.112953,54.113731
-4.410784,-29.844221,38.658852
-16.861134,-4.000477,20.619995
-15.953657,7.263212,14.533415
18.463661,17.408331,36.832321
13.536288,16.542953,34.131481
10.127345,-31.361727,53.728317
28.331156,11.718064,30.352554
3.285264,12.866315,35.873604
3.407589,-31.889391,36.562435
23.315790,-1.637852,16.694826
37.648308,6.785857,42.303616
-22.475147,-32.477917,47.274403
1.563225,19.654161,50.905449
36.745777,14.126729,48.005234
31.660240,-13.233674,26.617012
12.649423,-16.553579,18.529074
1.060123,-16.439049,10.181343
9.098046,-22.860943,24.228069
11.597486,15.489186,48.253239
25.556906,9.942831,33.619938
18.494965,-22.553879,33.661179
-1.247637,26.239742,34.679173
1.181148,13.910431,51.971592
5.427134,13.222901,24.155647
16.582151,-27.443092,37.024200
0.052547,-10.034813,12.060605
-12.456607,-11.734252,21.124647
15.090797,8.248300,35.586971
4.741300,24.399651,39.228230
34.028133,6.750501,40.076366
26.638489,-2.131029,22.563854
-19.070364,-36.343838,53.948845
23.404930,14.784663,51.156910
-10.536131,-33.899509,48.262550
12.435793,21.254972,48.748325
-10.861342,-8.173130,50.686714
-0.461914,-20.320667,35.402973
-2.020109,19.748598,52.663128
0.302599,-34.518127,52.036255
13.816219,-24.086926,26.570356
-9.410947,-8.560610,25.639126
3.374134,15.151484,29.950588
35.063747,-2.174843,40.635490
22.330860,13.499433,52.609447
-15.833961,31.881998,33.544453
21.680832,7.091820,34.928867
24.934311,-1.108342,15.422122
27.752110,-16.118256,22.261847
20.382160,13.071948,46.925835
-7.442565,17.336567,25.763403
9.349341,25.536190,45.477852
5.160619,-32.209999,47.220703
-6.528106,-17.250504,41.544922
30.906597,-20.950237,46.236382
19.283792,24.871960,43.694424
13.374008,-10.993961,7.706524
11.240385,-20.056250,53.893391
9.449180,-28.350361,43.310474
-2.747049,-22.341171,36.381130
-2.592405,-18.181057,16.285528
12.951600,22.324743,51.438393
29.398577,-1.987986,39.639515
26.147820,-5.848828,21.485807
-1.551350,24.438950,24.510908
28.983549,12.474916,53.850315
31.076450,0.500360,40.572330
-14.583920,-12.742112,40.104404
-16.272408,-30.993410,43.009308
6.658453,-25.136969,22.916708
-2.551302,7.702429,11.266005
-11.299121,30.862947,35.512627
23.588224,14.187588,28.800983
8.672411,2.119779,10.271317
21.320988,16.754137,48.489906
-9.722242,-32.836090,45.739681
-16.136593,-22.767002,35.628002
7.651746,25.592005,53.816799
-7.919858,10.770604,29.609058
24.884714,12.060105,41.118378
13.444314,23.045000,41.616325
-4.629390,-25.420923,48.585609
25.613939,-3.884234,24.085564
-8.168590,-12.961691,14.534084
-1.690703,-27.772190,30.322285
37.212063,10.118881,44.755817
35.512711,-8.960285,40.988422
4.515433,-27.205938,39.683147
34.110565,-22.934351,45.435883
-11.127112,-13.096881,20.846853
8.748775,16.433931,37.760792
26.090267,-16.382132,46.225178
-4.681014,3.248952,45.052322
11.072859,6.666759,10.048978
-10.672044,-32.439533,43.780472
-41.599075,-9.496159,44.503670
9.121189,-24.758610,38.859177
2.345401,-16.570330,14.689498
-13.160052,-7.434972,37.682610
12.293819,-20.283318,35.845612
25.810162,-10.363118,54.343979
-15.035481,-4.799535,13.634176
-11.601002,-2.103831,13.062970
26.748051,10.403406,52.201866
13.852463,-16.090405,25.964083
-5.849242,-34.895432,51.792690
18.284138,24.300453,49.608604
-35.418564,22.852869,30.451630
10.924641,-26.452644,31.794119
-6.972660,7.045404,35.631695
32.411266,-19.733353,48.896278
32.013287,-17.760990,33.234333
34.221611,-16.970984,48.868866
9.473396,-20.248594,41.974194
4.118618,-29.034393,35.699562
-20.299582,-20.037432,32.752411
-7.041522,-27.066883,31.467505
-17.984512,-7.310320,44.246143
24.580269,-14.975906,41.946388
-3.158915,23.831745,35.804138
3.006644,-22.370682,18.091280
-5.427736,5.324251,39.282230
11.919794,17.065327,32.239948
28.618757,-10.257832,31.158251
35.856323,-7.521070,34.095528
30.279341,-19.270048,32.857647
14.740198,-14.721089,23.877113
25.399338,-19.052065,50.777874
5.301049,-21.818024,53.764324
-7.386349,3.893408,39.975086
3.626543,-13.614268,11.291130
2.321152,-9.665888,6.518659
-6.667019,-16.921412,22.294727
3.707570,18.665464,39.760662
-5.616594,-3.818759,54.014595
6.881716,17.427835,36.715275
6.035684,-15.671267,47.182522
8.588902,-13.646498,54.216904
18.608803,-22.753208,23.627666
23.606995,8.829143,26.231050
-1.077201,-24.443743,35.486847
6.498414,19.193153,51.178799
23.360523,-16.773413,21.098021
-10.013709,15.520691,26.944712
-5.523876,-32.443176,41.179665
-2.091964,28.596701,50.474514
3.500969,24.729233,33.579571
-6.369203,9.324264,34.978687
25.247774,-24.124336,32.844463
23.364429,-16.771536,46.933212
-3.485880,23.192022,21.437136
-47.762814,16.543306,53.941292
13.626362,-10.295913,10.326432
24.974802,-24.797405,39.145103
39.792198,10.399681,50.945759
4.673723,19.860250,51.458912
1.310797,-27.816488,53.713787
-6.532923,9.884377,50.479012
26.857941,14.769811,51.837994
-3.486211,-27.593090,28.945395
29.386543,14.248358,34.816940
-21.458216,-16.260780,28.923910
-8.411364,-15.808833,15.897677
-2.901652,17.431423,44.174072
3.434480,-18.955906,48.368591
40.845963,-3.274729,46.830032
-6.198654,-17.458742,12.580636
8.188186,-16.418221,14.715855
-8.077189,-18.031420,26.867107
1.416155,-20.329319,34.258026
-3.070319,-20.296598,14.236362
-13.043763,-31.585892,42.937618
-12.019815,-34.965824,48.609547
-15.301084,-7.216892,42.481400
-0.756414,14.364833,41.476471
30.965855,1.567604,32.625816
7.895531,27.937622,51.537117
1.602413,9.759316,15.165400
-8.362885,-9.844722,22.020952
14.376475,5.889578,17.176294
4.568769,-6.337001,7.178765
-10.106763,13.847011,34.893654
8.953631,-31.047300,47.878262
-16.044489,-1.045985,17.215214
5.681096,-24.176765,50.463905
-2.540406,2.457029,44.833885
23.733761,-6.213283,16.900244
20.161064,6.059453,17.613787
20.280035,-29.773550,51.607914
-11.434339,5.383880,34.965511
20.457825,3.776778,25.160858
31.942526,-11.534825,47.353771
-10.239240,16.638754,15.813918
-5.181221,1.404933,43.325878
-11.231379,-25.617678,43.855263
0.311184,12.091419,17.845686
-9.137070,24.026119,21.061249
-6.134025,-9.737948,15.556018
10.184451,8.929159,28.750296
8.669356,-8.057494,10.036485
-28.920630,-4.154037,25.883512
10.647463,12.024930,18.472528
-5.360645,-22.640945,21.828253
11.665952,-23.268148,25.354439
10.740144,22.828682,37.953888
-6.099745,-13.773339,19.227610
9.498984,11.761117,41.519623
22.628115,16.080257,40.481823
7.375304,-22.218904,44.307415
19.870806,0.812482,11.903996
5.174036,-19.609795,31.423300
26.275200,11.860759,27.873938
-16.551071,-7.482673,47.763348
-5.600267,13.720876,53.850414
39.354668,-1.261704,53.723866
-17.452814,-6.322073,49.341930
16.761692,10.833139,38.461235
24.456543,-9.320789,29.403467
13.768891,-5.881111,10.973288
8.178880,13.344724,50.212040
-11.018207,-6.016855,10.378829
34.246517,-4.449223,35.584419
31.485617,-13.095826,31.812309
-17.087599,-7.811443,17.633333
-6.435156,-0.599523,37.301517
8.355209,-14.323380,16.623997
22.297029,-9.255321,27.278624
1.558518,20.826910,30.505774
-10.966711,12.992097,30.837299
10.348058,8.168669,7.759744
-7.406126,13.844151,42.290878
19.162039,15.680691,43.125908
-3.040227,15.371636,24.414185
3.914495,24.527601,54.404533
-14.963931,-2.284350,44.136684
-17.916199,-5.014984,33.781223
-19.436501,-23.910019,35.969242
7.097395,-19.498751,28.856283
-6.870741,-15.819456,49.865623
18.168840,14.643295,38.485313
17.971365,-25.318489,28.662441
36.217171,11.665919,43.404205
5.821829,20.652975,50.073326
-5.841964,-21.205816,38.957668
-13.354511,9.920670,15.211207
-4.255984,0.971370,45.441372
15.200573,-12.762733,8.979117
23.752789,17.130831,45.805477
-0.925476,23.367874,45.518635
34.802086,1.754832,31.682108
16.560015,15.833889,30.498236
-24.043467,-23.437241,37.607704
-16.376448,-13.941630,31.853437
2.428554,-20.486322,31.865786
32.831615,-4.907160,32.561275
30.665401,3.560752,29.403616
10.958927,10.028257,18.242685
27.962797,-18.408741,50.629494
22.055361,8.740734,37.192341
1.548542,21.837122,27.986387
26.693380,5.775652,27.736181
12.137311,18.560696,43.199764
-29.608803,-6.778046,27.739756
13.409732,-19.668123,25.049122
3.831522,-10.009212,12.313172
-9.332528,-1.842399,48.446758
14.690809,-18.056305,25.291271
14.291766,-18.811172,23.506504
-14.735390,-13.668340,20.408993
9.109983,3.884064,13.440143
8.389631,10.669649,18.794109
14.653005,22.280373,33.187828
26.874506,-19.508579,48.305294
-24.267399,1.452290,20.882078
16.366459,27.623919,47.726822
0.881168,5.272215,45.819698
-5.903341,-25.183449,50.079155
-14.699662,6.610969,35.208984
4.772133,-21.225706,25.580629
-15.137992,8.491593,36.361366
-43.253250,-7.954980,51.831783
24.540520,12.232937,26.626423
28.466063,14.584687,54.067364
34.686077,-6.606262,48.311817
-4.355631,12.932075,36.848526
29.176777,16.614279,53.999283
-10.435388,-8.355319,8.438011
16.964390,-16.860310,52.299213
20.898233,-8.167582,21.154671
-16.110954,-25.320244,35.362732
9.406616,-20.261614,19.199728
12.409360,-18.963306,29.575251
24.333723,-22.054853,31.623693
20.849033,11.223957,35.973911
19.380003,17.909443,46.858921
0.600958,16.078661,41.250866
-18.586912,-9.320770,27.780985
-27.075897,35.002113,47.279999
20.549442,-21.099560,21.007095
-1.985795,11.589128,39.526493
-12.927468,-8.882167,43.399464
13.169459,11.228867,39.893341
17.844940,-25.969963,35.091530
-6.786164,19.268476,29.606068
-8.351293,16.253017,45.283527
-15.026165,-10.805746,18.775349
-19.577702,-1.572962,20.584980
35.899174,5.975306,52.173542
-17.627611,1.885387,47.261814
1.789846,-16.741529,49.998108
-0.682092,26.310028,47.124249
-8.872438,15.694200,47.164436
1.051052,-30.377670,38.079533
-9.894368,-5.788645,37.808853
27.488493,20.083237,51.782318
12.042252,-27.941050,54.235504
-13.487856,-18.068707,45.325844
17.951826,4.566050,11.461885
28.703533,18.725370,47.166103
-7.554587,-12.991685,28.788334
-15.660318,-0.124437,42.200481
24.103456,-12.343690,20.507071
18.153151,-13.475563,48.393650
-23.838377,-11.755265,26.553137
-4.535872,17.220423,23.705069
-4.040049,8.257671,45.949345
10.067291,-23.295937,34.171730
28.417395,-20.022873,49.503319
33.881668,-6.686145,33.435596
21.915127,6.895342,30.159988
19.824644,-27.656467,49.256615
-10.940290,-0.850185,26.482613
31.795244,-18.543694,41.346668
21.348103,-11.838763,28.300142
-0.276783,12.524423,41.786541
19.333992,-27.728548,33.930347
18.362043,-23.015163,49.692299
18.389793,-16.265963,28.843405
-14.541673,9.014568,18.125774
12.404855,6.583350,15.529275
-18.526237,-8.893717,24.689226
12.113533,-14.869020,48.706512
-18.175447,-7.093294,32.830605
32.988651,-3.750935,50.265911
12.475627,-10.567788,13.734920
-45.186001,3.149591,46.875229
-1.123516,-21.270002,53.213573
-8.652813,-8.531940,17.673439
20.679977,0.459873,20.683008
20.951916,-0.434353,18.774179
-8.344334,-10.385928,26.426842
25.416929,-2.742826,29.303385
-37.496063,-20.677502,50.515102
-3.393417,10.755102,42.907375
10.732914,17.539108,49.983498
-4.928230,-15.300311,46.591640
-15.866240,-6.345642,20.510771
-12.089598,2.832011,15.845142
-0.073572,9.823181,39.057381
-8.188288,4.692433,48.271988
-6.833230,-27.079033,54.524403
2.519123,16.995829,31.762520
39.044331,-13.501116,46.315784
-23.723248,-21.305042,36.069103
23.405169,-20.355955,38.964302
-1.435462,-17.572529,25.954693
2.421451,16.976984,40.076111
-11.705254,0.655412,23.072941
9.310904,-25.870630,30.608480
-10.026529,-1.482627,9.846530
13.309093,-27.309587,41.325378
-9.247178,-16.584543,38.452385
0.606437,-30.547058,33.172390
32.211033,-6.702284,37.857811
2.726538,9.331267,11.257552
19.325668,4.489964,15.386189
30.692965,15.083638,37.848213
-16.347301,-9.250813,50.229923
-9.222993,-29.579237,41.993122
21.113235,-20.596613,27.381763
-13.107750,31.683508,32.210686
10.289901,-27.646469,37.240532
-1.493522,18.685366,51.231598
-5.466148,-16.205423,35.837261
33.534500,-9.519947,33.324989
33.043316,5.966819,49.168423
-10.370750,-11.662113,12.684958
5.655319,-18.449734,29.827631
-11.046195,10.550278,35.285679
-12.404368,-16.797136,27.983603
23.897625,5.896802,18.729900
37.580997,-1.165454,43.877838
-19.282234,-1.332192,37.109833
-20.536835,-3.436228,22.387302
8.100467,-23.368191,22.064283
28.715528,-20.415905,52.137924
-6.345537,2.420843,33.663246
10.871068,-13.624495,54.054844
19.692167,-25.136505,49.361511
9.250962,14.549628,45.858166
1.082236,-20.392509,54.240299
-7.085436,-20.912245,19.378374
-0.052763,-19.057909,12.025902
18.758652,0.601951,17.993095
-5.040678,-33.717251,48.448669
13.658004,13.474350,16.307320
-9.988503,9.769246,28.574877
10.363197,19.154869,23.434006
5.110532,-19.289022,18.533182
32.557091,4.954489,45.952629
9.929038,-13.734174,14.657124
-4.977781,26.665998,48.729172
25.064112,-23.501989,46.147720
9.031199,25.375532,43.358429
26.792624,-10.052751,51.942287
-44.339554,-5.446042,53.055420
32.584534,-5.033184,36.682007
26.017103,8.502891,27.426582
19.542732,20.392126,50.855820
6.711786,-27.908737,33.235889
9.270054,7.389840,14.153275
-10.590344,-30.167446,45.461750
-4.301521,5.451158,35.773216
19.055323,29.422213,54.428493
-1.166690,-24.963793,41.709435
30.325300,-0.830219,22.670294
-24.349802,-19.479233,36.149342
9.672178,25.311588,36.598907
30.668957,6.528951,39.112450
-5.428594,31.232687,52.205288
7.888449,26.908195,39.714657
31.660757,17.715803,52.035606
-9.831043,-6.698316,32.898933
-3.528662,15.562474,17.154924
16.763811,-20.595440,16.582947
25.684784,-11.747768,27.543308
24.005829,-2.594852,18.816067
25.719360,2.168341,21.064222
32.607307,-13.205914,33.638123
41.161709,-12.980894,54.024017
30.597000,7.558273,48.376308
20.840794,6.418309,38.558350
-1.590384,17.251837,15.675054
31.035469,-9.312601,30.042385
-1.472364,-28.580601,50.296982
9.119366,-17.336742,9.112322
28.192200,-1.797903,31.528776
12.537479,6.840708,7.533806
-11.777886,-15.739722,16.620804
-9.574558,-24.092716,37.186726
13.706063,16.086458,21.464500
-6.962857,19.113001,32.522263
-9.532147,1.508492,53.503674
-7.963534,1.358637,11.557431
-0.882564,20.890348,27.549076
-0.322813,5.145348,40.192406
7.645961,12.464045,17.267698
7.955348,26.327553,37.243908
-1.906309,-19.883621,21.602745
23.479939,16.910105,35.867134
32.789536,-13.386241,50.128319
-14.042218,0.412882,21.965364
35.413940,-18.001675,44.715233
-15.879910,-1.218557,21.428085
-47.235352,7.007738,51.492954
25.302643,2.437584,32.484310
0.382365,11.071908,16.101313
19.468342,6.961816,19.358469
6.168628,-13.620957,51.918304
10.080352,24.626465,41.918430
19.482525,-25.662865,38.415203
18.215769,-30.999813,47.925224
32.104740,-19.744545,33.557831
-6.790800,8.345771,14.899378
0.942207,-17.139219,23.095104
30.586603,-6.316984,40.863544
24.557268,3.234241,28.249912
25.537361,-7.876003,30.484642
-10.978934,-18.208351,38.384350
22.795277,-21.672464,40.421467
0.335627,18.644485,37.911263
21.225891,-4.509901,22.224058
-3.210378,-26.133114,26.781895
-13.070582,-17.744246,47.982178
-9.699944,-23.130171,26.568880
-6.935488,-4.763519,45.810722
5.170237,17.615828,21.909279
-9.620708,-17.940670,43.400215
-7.325484,5.450850,49.855507
2.890000,25.043852,43.870655
-1.356667,16.995052,45.982246
-19.759901,-25.292372,41.293194
-9.833102,-23.727169,42.301144
14.908460,-26.431734,49.964741
-12.893485,-27.972746,40.680470
-35.342758,-7.919053,35.004063
-5.160088,-27.593634,33.492645
-9.920502,-11.839185,32.960571
-9.945434,-2.895153,38.930931
-16.684746,8.457542,28.871298
-2.538267,-19.994860,36.487259
-6.669048,3.984374,37.598339
-20.857218,-14.361326,30.091547
14.849665,-32.082088,46.672848
-13.241380,1.977984,52.385612
38.546185,-11.384789,44.852013
1.548883,-2.480824,2.142091
-11.773207,-14.663945,41.093380
26.920858,-19.390411,51.985233
8.203762,-27.289196,38.904297
1.300179,-17.892120,29.052179
5.956031,-21.482784,15.451290
21.360777,16.472406,34.075630
-5.703672,15.681075,54.414780
5.231550,-9.352775,9.144894
15.142731,-20.707479,37.746983
3.365857,-15.275377,9.004766
30.184952,-16.247229,53.731049
14.192842,-28.494568,38.674358
-16.214788,4.136021,22.096670
-33.584763,29.593735,42.507961
19.765917,11.754425,40.447407
-7.356495,8.446657,10.329452
-5.069803,20.720959,33.583370
2.776233,23.188286,26.123413
25.011444,-18.289915,20.927176
-9.639311,-15.489160,12.466869
15.807283,22.569578,35.909019
-15.157281,-5.756253,30.455723
-2.244968,-17.004663,48.302307
1.926059,-16.812897,52.608074
0.067418,9.734175,53.798698
-8.130354,-4.517628,37.397861
5.900834,16.733751,39.373276
28.353914,-7.475049,34.928234
12.588157,11.479652,25.568941
4.302255,20.983206,23.034882
25.843586,-11.693701,32.991146
13.099078,-2.154154,8.742070
29.674459,16.490368,44.966702
23.681902,-17.658857,23.862499
6.319466,-18.950781,53.742821
-16.811188,-1.243699,43.966560
-15.213938,-12.734129,33.843800
18.208864,-21.327515,26.880661
-14.215912,12.130653,34.040836
-44.171589,20.742311,41.611652
29.712343,-3.852708,38.836174
-21.969700,34.149151,46.573647
-2.119304,14.056449,20.132666
-6.307319,12.715465,37.651573
-32.388744,6.252932,25.317080
12.704577,-25.203243,50.846371
29.927952,-1.911704,32.714497
1.984535,-8.097826,9.964075
36.249107,-17.811443,42.243301
4.340581,28.997856,44.725548
27.095119,-15.062648,31.500452
-32.366673,-23.997595,45.808144
19.668819,2.999421,12.397148
-6.546820,-7.002136,49.436474
-15.792100,7.700791,39.954082
3.796654,27.256615,38.760910
22.443338,-15.654928,15.956740
25.497301,-9.349669,27.347355
-0.096611,14.208663,54.139565
13.608473,27.209330,45.406391
17.482925,-22.950605,28.524740
9.857019,5.470060,11.386995
-7.087914,7.116364,52.187191
14.513694,-27.341869,32.923111
-15.098071,-26.195490,40.251637
-6.642139,-11.885276,44.185902
-13.387705,-8.284793,47.958385
-2.194851,22.017471,32.379242
31.014208,11.262498,45.309532
20.675159,-12.455551,15.796813
8.415397,22.999657,52.232857
15.121920,-8.940596,12.928081
16.066429,17.245527,47.755066
-4.304746,18.745401,26.744442
-18.555391,-3.791900,31.824518
-10.489303,9.545389,45.869900
-10.172001,2.321079,17.176552
1.134089,-21.453697,28.029337
10.053000,-24.062199,54.183117
-10.361063,13.853437,20.218554
18.573946,7.527441,40.300434
20.965597,8.619549,33.470692
4.400777,12.383039,39.199997
-11.660323,-24.680849,31.750584
1.574919,-30.623463,43.247562
18.289024,22.645885,46.320274
29.420540,-10.130119,47.920490
-21.536640,-20.852455,37.124142
-7.493901,17.083525,42.764366
-16.233778,-13.473659,23.981136
-6.157496,2.682070,47.541813
4.668140,-2.405976,4.590872
-6.187350,8.040453,50.790272
-3.549910,-16.782249,27.220041
0.864830,-15.823810,16.765867
-2.510124,11.450909,32.320992
0.933675,25.796738,28.465385
26.131596,-18.685696,37.729198
2.159135,-23.847120,36.982162
-18.674065,-5.526421,40.620735
4.781015,-22.927778,38.945259
-16.956078,-0.666614,50.884140
-0.271670,-13.731339,54.428200
-24.101831,26.864555,24.319126
-14.261227,31.386745,37.224834
-6.929999,-18.802383,34.153992
40.957767,0.381362,45.252987
-8.421620,14.339361,30.062078
-9.029830,9.478274,50.998028
21.438356,-0.413110,15.025000
-17.572962,2.214371,34.568310
-31.625353,30.714659,44.436436
-10.474584,-10.022934,16.727755
15.043104,18.313173,39.421947
-11.953538,-4.613556,44.536091
-8.491332,4.167563,11.177946
-16.110941,-16.267117,41.442020
-4.897004,14.380153,48.978573
41.201786,-10.832310,45.251087
23.917336,14.933588,45.990921
16.993855,-19.513115,27.626738
6.556891,-7.826845,7.620635
15.637947,-21.390112,41.543755
11.019708,-20.885824,16.505522
27.936129,5.566618,45.161484
-4.737387,8.326690,9.887306
22.337757,-1.161012,22.256462
23.137156,-16.271318,37.451767
-0.513217,-15.624817,12.858088
-45.977493,12.314304,42.842278
1.122962,11.289406,49.187492
-19.819706,-11.588494,22.228376
14.797116,-19.580940,40.188408
-7.718291,12.983198,54.126404
4.587737,16.935759,46.631069
1.507337,24.142679,41.318218
17.704613,-13.730845,20.185188
29.235426,-5.881280,30.446678
-14.083309,5.572673,31.735207
-1.449318,8.547438,7.669382
-0.078910,11.889524,33.106804
35.121418,-9.952217,48.331383
38.683578,-7.905175,40.835270
-18.853033,-17.438292,27.435112
12.372205,8.054193,28.564850
32.061100,-11.091013,50.990356
7.552592,-26.666403,43.208347
10.152288,-22.263012,52.186859
19.505833,19.123621,52.369438
37.655083,-4.662037,35.920147
21.397730,-26.328718,49.751331
-11.008605,-30.546427,40.218201
-10.941148,-24.687866,38.924774
-4.799948,-7.526756,4.412755
9.328114,-23.027987,27.188639
-21.004419,-24.136129,37.682049
29.363272,-14.363710,32.423965
-1.630703,16.578497,26.316528
15.048326,-17.328426,45.303165
17.931252,-10.056672,21.821732
-5.290170,-26.712545,51.420162
25.142403,17.161724,39.317478
-1.390670,10.670554,52.282356
13.411521,-8.823186,16.727285
-2.659482,-23.134163,30.080067
18.744080,16.405876,30.867146
-14.589533,-9.471962,41.589127
10.340989,18.771259,33.694443
-5.864872,-19.231222,49.863548
-5.338922,-19.685785,51.701096
-1.864241,-17.537653,34.542877
-4.469212,3.847001,41.746113
-2.857417,16.607044,14.259908
16.788538,20.849382,52.442322
-42.649578,-15.784841,51.947773
-5.199591,-25.832430,32.377090
-0.124204,7.100945,9.031286
-37.257900,0.134138,31.868799
6.187743,-20.532251,34.155529
-6.437370,-18.854263,24.169600
-11.454653,-9.719099,38.113705
22.886007,-14.348510,34.843189
-1.268891,13.015265,47.093010
21.301535,-14.968300,42.434582
10.913747,15.842428,18.923267
17.114779,17.549761,40.446903
-39.451874,-12.985383,44.564667
-1.030865,-26.600925,34.852116
30.953524,-4.918350,26.708887
-30.379965,32.380569,39.197525
24.264055,-4.404047,25.734278
3.904442,-24.749060,45.139679
14.637128,14.491280,45.177498
-2.390984,7.040934,6.104582
31.729654,-3.199983,24.217554
9.828799,-2.582359,10.956927
-6.045156,-0.581818,14.339570
13.143281,-15.685828,12.437124
8.425744,23.333809,47.879269
9.017226,-22.386297,54.218472
-18.021290,-9.303370,39.347351
18.873667,6.943668,38.363136
11.420335,24.044907,54.171581
2.609141,-24.670347,32.223450
-5.929316,-14.878200,30.088408
-0.625235,-22.427610,29.199446
24.086868,-14.098226,15.542422
-15.499914,-4.232101,27.101988
-27.764315,-19.105932,37.659199
23.993563,-17.082909,30.417311
-4.695134,16.459597,42.908981
31.357254,-23.596941,43.998875
35.605404,-15.429294,48.871281
1.069760,-23.994587,35.029881
-12.880914,11.874962,36.166111
-44.102474,19.552198,43.057350
37.466076,-14.975903,42.679447
-14.530418,8.549599,46.293404
-9.616479,-4.737864,20.323204
-37.508186,31.167038,45.018364
-7.920173,13.688567,21.699406
-8.346746,-19.021421,46.372894
-8.948313,16.875292,18.652523
28.391447,22.158562,50.462456
-6.722350,-3.035170,37.501953
3.035813,-20.836559,35.639561
13.106281,-12.728233,16.369141
-34.871490,30.080305,45.509445
6.924696,21.551605,26.497196
-1.291966,-19.365398,24.660379
16.991472,-25.994394,54.062611
-44.742939,0.622828,47.096024
25.456745,13.529267,42.726807
-4.346853,-19.696810,32.325542
25.714485,12.462058,34.781448
-22.603455,32.465324,32.387718
20.420023,22.567444,38.550575
30.009686,8.573133,45.002712
27.710020,-21.101004,39.817444
-12.374290,-4.700950,21.847261
14.593653,-28.193060,36.556965
25.481220,16.200249,35.707912
34.452320,-2.737408,34.524818
32.465042,13.078168,42.557823
13.432677,12.421307,35.026031
7.493882,-18.921349,35.476021
-1.595681,-14.325037,8.833733
-42.954845,-10.938770,49.127441
31.804422,-7.009090,23.699753
-6.693033,5.563312,13.443198
-6.712948,13.699990,24.082365
6.188750,13.905531,19.372131
-3.554512,29.719347,46.932331
4.653964,-17.317911,48.892384
-9.497478,-11.830325,19.430788
-16.598791,4.780374,36.063217
1.530298,-17.895918,43.631184
9.620635,11.221193,26.863253
-15.118630,-2.665894,19.698042
30.521320,7.012052,31.254435
-5.155093,-15.142892,48.736408
3.210540,9.328918,46.836315
-11.102309,10.706140,38.132809
-10.640022,3.140178,34.880989
37.318424,-12.132254,41.641411
-25.694792,28.575552,26.490826
8.912004,-26.141363,37.367748
-7.794506,0.350619,14.139616
-8.497001,-13.328195,16.651636
23.534876,-24.328457,31.074308
34.110962,-4.626940,52.722706
4.804756,-17.049273,15.262757
24.539305,-28.352394,54.509045
1.360907,23.088791,43.083668
-18.148342,-4.942671,43.611446
15.535337,13.568220,20.707855
3.651385,-22.259436,33.898247
31.329441,-6.871497,44.371529
-3.328667,12.132831,54.241165
-28.502693,-21.985054,40.071037
-20.420938,27.005831,23.219616
6.301957,27.625774,43.479130
12.608161,-9.384551,6.505240
-2.701516,-23.214033,23.801519
23.143923,-15.641734,28.693289
19.934858,-9.144327,11.491272
-5.972861,-1.625534,41.515030
7.647823,12.613791,34.785114
1.183966,-24.365944,50.344650
30.822842,17.614738,54.376720
34.592678,-11.992132,45.012436
-22.055511,29.994761,30.167475
12.498372,6.954555,22.685434
-11.176138,6.547153,25.168554
-1.826684,-4.330920,2.396605
13.694940,4.049090,10.450366
1.341898,27.200638,49.740269
-11.720026,12.627421,14.684562
-9.370973,-26.899508,47.577785
-9.143693,-16.903776,30.109316
29.424303,16.724876,38.958462
-3.862330,17.680662,34.972279
-37.883080,-21.001982,53.243050
11.274197,13.202874,41.018353
-41.668510,-10.819677,47.070030
4.275603,-22.242964,51.472515
16.206017,-26.167648,26.265533
29.253782,-7.991872,39.704823
24.489485,9.417862,44.831577
17.354462,15.809784,32.925095
-8.243256,-14.340831,21.497265
-8.138577,-11.327401,35.095989
34.524536,-3.468391,30.873617
28.971937,-13.995944,51.250420
8.627454,-23.640152,19.544640
23.295172,-26.238474,47.857075
25.379957,-10.113217,25.069160
19.198660,-29.252691,38.032516
3.448245,11.557362,9.227982
6.723945,29.655149,50.152721
-22.321299,0.146149,20.619207
33.885136,-7.531144,45.647583
17.640137,-16.009180,11.429797
18.371920,-18.793192,30.189171
10.775210,-18.955465,17.814211
7.293293,-17.839867,23.101715
-16.283287,-4.468553,32.124321
37.698986,-16.548510,41.120380
27.746153,-21.495258,30.723772
0.504451,17.618423,16.755423
-5.644341,-10.607418,41.902836
-8.670760,-31.021250,45.574554
-12.039860,-23.552130,35.830013
14.415551,-9.019933,8.495325
-12.732390,11.291451,19.172647
35.914700,-8.741336,52.195618
34.216785,-9.634325,43.454079
0.351495,-9.373298,7.403764
8.766100,6.620665,6.635643
-0.590778,30.419476,54.203548
35.267162,5.279660,37.758080
20.501646,5.066392,27.783485
-12.904898,-3.197531,53.108780
11.675254,16.751677,26.366974
31.556467,-21.490196,36.138470
-12.301207,10.527396,30.434805
24.348141,-24.427130,41.409081
-13.830506,0.425776,32.226234
25.629810,3.712197,18.834177
8.945801,-21.535116,36.918617
-13.270933,-18.560835,29.353876
-4.218425,-1.064330,40.589481
22.780834,-19.024073,20.681549
13.242734,27.083763,49.521461
7.061949,25.854284,42.704494
-6.966920,-10.450239,23.176395
16.771954,14.324937,27.638399
-0.892911,-2.366007,48.918804
-12.016800,-17.163584,40.660248
21.821627,-23.932438,48.109177
24.367189,7.255203,39.074486
-37.543213,28.386318,37.171967
-4.446575,27.576389,37.899014
-2.792193,-15.004621,10.821840
2.200127,10.873999,21.558126
-1.589673,-30.622702,36.304432
1.105316,-20.691252,38.257504
21.913996,-14.671286,51.891777
-6.947748,4.501327,46.291641
2.595099,7.569462,9.572802
-3.474977,13.640160,12.975434
12.763011,1.862846,7.734866
-15.972342,-0.269498,33.342396
22.023672,-18.109425,17.739372
30.967279,-8.292688,51.407871
14.113576,11.863925,48.068375
-8.977946,16.230541,25.505816
-11.786045,-6.268557,47.880554
-14.719970,-17.358561,43.915977
-14.730682,-13.270032,28.632030
31.602291,-15.340579,32.866081
25.161882,-23.106966,53.280334
0.226288,7.528819,44.057735
-16.619535,-12.230397,25.613306
-1.489700,-18.436163,30.818249
-46.291954,20.973881,54.087624
41.963779,-11.825108,51.555836
10.039530,9.975069,30.704292
-6.303905,28.829517,51.433304
12.353648,21.416683,43.785595
23.868906,22.369698,47.045528
-6.320007,-10.412837,47.048389
-41.168140,27.341429,48.572830
15.826797,13.303206,36.906883
10.182769,-2.738128,8.563745
-10.365544,-19.149807,50.292923
-6.509854,-32.644753,52.330151
8.243052,-17.521334,18.649363
-7.118209,0.330135,6.414660
23.482626,20.930735,52.426971
30.833599,-16.811222,48.847092
31.509766,18.267025,49.001133
36.831036,-14.654010,51.016727
-45.162521,-4.215493,54.398899
29.377508,13.173959,37.712460
40.961945,6.389032,50.815414
29.563345,-25.414028,48.085682
-18.563625,-25.619678,37.209209
32.465702,8.603867,33.524460
-11.170855,11.357548,28.979599
15.081819,-20.499060,26.601162
-1.806477,12.327462,33.930927
26.127605,-23.077517,30.696224
-2.721506,-29.956787,39.898697
25.830008,-4.403428,15.446491
26.212416,7.053639,45.942112
32.340019,10.806812,53.008564
-42.472523,18.329187,36.862488
13.501138,-17.350451,38.638508
-11.593195,-6.582535,34.901463
9.932096,-33.157761,49.178387
12.688050,-24.907040,24.621319
6.337739,-14.362017,49.616837
26.451279,19.594595,42.942371
15.444536,-9.236301,16.628574
-6.242803,18.866055,48.191486
-14.750709,-24.013031,43.204636
33.527390,-19.785526,44.367092
-9.558077,3.563823,54.003323
13.123974,6.544756,18.466860
16.579399,-12.267179,10.672151
-7.010637,-24.149424,53.064964
-5.490501,-22.932415,50.420708
23.558006,-16.869970,50.904411
-9.474196,4.642863,37.179733
26.167273,15.920837,49.704159
5.358088,-6.173296,3.701365
28.858114,-2.552504,36.807308
18.841932,-13.151787,24.981897
0.016122,-30.098553,46.914368
30.051020,-9.042997,27.689743
25.504040,-20.143723,43.397095
-15.535177,-4.195384,17.557604
14.896645,20.715059,40.600101
16.645754,7.085067,32.802994
-10.549169,7.543585,37.681702
28.082108,-25.581823,40.383217
-10.251494,9.190825,18.313883
-10.149413,4.519464,19.283117
-16.491747,2.288504,25.478756
-2.177436,-25.488310,50.278835
-13.865148,-9.461142,17.398670
-4.918611,3.323489,35.349499
-7.949686,13.126579,38.864288
-1.876080,11.438585,21.049356
16.248177,1.620306,11.089370
30.567528,0.955218,43.571091
-3.729398,-29.487112,34.458267
26.642912,1.983912,24.035624
32.306782,-20.060974,50.746513
16.171249,-23.261053,40.536587
-4.211871,25.421442,40.756779
-21.033047,-17.905478,31.081383
-12.122038,-3.513585,35.955257
29.140821,-25.123022,51.001984
-13.938005,1.454511,49.832100
-37.351097,32.105721,47.330948
-6.648280,-23.965963,25.219479
8.909759,-24.467497,42.425983
-10.022582,4.538126,15.667478
-6.588785,1.493250,10.011535
-14.117210,3.781554,30.152567
5.904581,-27.682859,37.497334
2.779863,10.839277,17.961739
-5.678307,-15.477768,13.940056
32.526573,-0.427731,27.384836
30.777462,-0.513586,36.169926
-9.992479,12.912731,22.267529
-3.620665,5.806563,44.674812
14.136218,-28.657080,29.215549
22.292179,1.970322,14.809611
6.998880,24.503860,34.897041
34.351170,19.636765,52.465374
-3.485652,-21.516796,38.527878
11.854013,-21.717840,30.147804
-8.443356,7.585389,22.090969
-2.793561,25.461905,37.904762
-39.467621,29.142986,42.087471
25.825623,10.101295,24.538288
-18.298428,-6.157176,27.004942
-13.913529,-8.121255,51.543350
24.660067,6.910397,44.042282
32.994164,-17.549744,39.319450
2.620121,-23.317566,48.567608
12.482548,26.769697,43.611069
-2.308992,24.922462,49.093933
6.236229,-0.569648,6.596749
11.198448,-18.612728,40.808353
5.069454,-28.196898,47.881580
-11.918081,-18.644844,33.154598
10.960334,-29.875324,51.194172
14.029202,-24.162428,21.130684
-14.132581,-18.054468,31.858620
4.544845,-32.470432,41.310921
19.834192,26.093443,51.653622
-47.798172,13.152197,52.390411
13.820137,-22.648779,41.011848
-23.706810,-22.837437,39.394421
27.124273,-20.223785,38.237343
12.856612,14.163093,38.381035
-17.126781,2.613312,20.916737
2.909165,24.536858,46.881241
27.014067,-11.793479,31.156488
20.423059,-19.716290,18.388092
9.348700,23.235210,34.950279
-19.590115,-11.547765,25.355461
24.854887,3.654304,39.117050
-4.878400,8.764024,19.070942
-15.545932,-23.477425,39.807671
-5.864040,-28.355658,39.531548
-16.473949,0.407096,38.884235
-10.286201,-25.177330,47.850525
-8.127234,-24.649878,26.682671
-19.547455,-13.765420,25.826517
29.326700,9.116752,41.806000
-5.241075,17.411400,21.842329
20.878538,-15.449416,21.446569
10.498966,11.107767,14.305045
35.015495,-0.168196,49.261341
14.193274,7.435610,21.704969
35.589527,-1.770736,45.846916
-14.422265,-21.114899,33.057465
16.998455,23.920839,39.343460
14.322335,9.771883,25.726074
29.192362,-3.023829,27.730314
-5.469933,-29.205385,51.621052
-14.529759,-0.002230,35.019611
16.724728,-16.742815,33.905514
26.956457,2.873072,40.458912
-6.473871,-35.548103,53.394619
8.060166,10.808535,36.076691
-0.659941,-15.086395,15.208665
-12.418464,-5.945725,29.043255
-3.135236,-14.659080,54.359879
9.287720,13.383359,25.538389
29.413668,-21.603638,47.780247
-3.853058,-2.081925,49.337559
19.500713,9.914559,42.596565
13.193785,17.818184,29.196716
-8.188767,-25.766060,35.750988
-3.131775,-24.386044,43.396202
-11.521557,-2.760504,8.537263
-26.169184,-22.812336,39.046131
0.752128,8.395088,7.459343
5.478532,15.913518,30.052868
-14.459566,0.082774,48.297878
-10.568029,-17.273083,26.000853
-5.891085,-8.881590,17.573576
1.285067,27.154018,35.524792
-17.193134,-1.488114,52.604881
-2.360630,-9.213646,9.199154
35.925991,-19.943436,46.272495
12.480145,-20.322073,20.163746
31.893250,-11.134258,28.916553
-15.583434,-15.298125,43.743946
21.428806,-27.829090,38.852383
6.360740,12.734701,43.179062
25.552822,-17.127117,34.734512
13.162711,-25.578129,28.252546
5.394558,-16.720329,19.764877
14.510679,22.363909,39.517040
25.599018,-22.143938,35.271004
17.477137,9.912689,29.538803
-10.288932,-4.934295,40.704609
0.236942,8.197641,46.339973
30.460560,-1.081425,43.389091
30.847420,5.092644,54.207130
10.361768,-23.048790,21.468390
-9.089042,-2.129426,22.027403
-10.659778,-1.624960,36.841312
-14.450939,-3.623454,21.728979
-18.103249,-8.868645,31.742792
-7.812684,22.639620,19.892010
19.133099,-16.611456,45.444553
4.457664,-21.089699,21.508947
-1.411041,-16.924322,50.414055
-15.749046,9.832142,38.992001
-2.594393,-15.657643,40.950436
26.098862,-16.647457,32.657379
6.817808,19.993715,23.440449
37.009403,3.109147,50.225548
0.042698,-2.222472,5.228847
-3.323363,-12.913004,9.350967
15.332626,15.668825,54.607666
32.247787,14.896264,47.334621
24.928448,17.188179,47.990849
7.253143,-6.612220,8.871512
-44.264824,24.799822,46.605343
-9.617068,-16.044859,20.109303
20.209938,-6.458582,15.991565
29.992416,-4.597179,40.510353
28.960974,-13.829335,53.793392
-7.534071,-13.153728,39.984123
-5.514343,28.273252,45.866570
-9.703287,-7.511361,19.530533
-16.771875,4.318418,47.817848
8.495530,-16.100536,46.309933
10.070323,-25.029932,25.234219
32.942120,6.845945,37.478565
4.270535,-28.773050,45.566914
35.122395,-1.652247,38.279259
37.923973,-4.589661,46.885567
-3.948725,12.965934,44.496349
-6.406425,18.569349,23.864321
14.162894,-20.534901,21.052893
30.063393,-11.182097,40.428410
2.832365,9.587664,9.212471
-13.428569,7.053187,51.783195
-3.220602,-1.249427,51.868881
-6.526011,18.665863,41.237564
24.870031,-3.106007,22.365610
-8.608399,17.611584,15.869286
-4.412705,-19.027485,19.000614
-4.329421,-24.303185,22.817387
36.827454,-20.052378,53.002644
1.691490,-27.239946,28.347137
29.552738,-18.230339,30.016571
-10.377588,3.300955,39.772568
4.687554,15.792046,15.915520
31.380022,10.525213,40.561508
-11.869387,-2.081949,17.554966
-6.897211,-9.665190,20.381081
30.912518,9.750689,51.943451
-4.203464,-0.730101,2.881942
-5.644019,9.788858,44.781612
37.023483,4.199131,38.517799
-12.280774,0.676301,18.432064
28.869417,2.938043,23.073278
12.457778,-27.601103,30.890545
37.470814,0.653730,43.690014
29.094809,-7.643408,18.946468
-12.641808,-6.859875,18.775436
23.868547,-27.660467,49.726315
31.954144,-11.341352,26.979527
-4.015607,-25.895054,50.301201
-5.361961,-20.384098,54.122692
38.148598,-11.825341,51.474449
-8.817056,-15.408616,27.704136
-14.036340,-0.340751,11.681248
23.961618,13.552577,38.768646
-8.113040,11.267977,50.384369
-17.698509,0.127128,25.532640
24.820868,-14.430784,28.244623
-14.399283,-13.791349,25.436615
-6.007484,-2.748552,45.185665
11.998038,9.640909,21.406307
6.914125,-21.213207,47.598488
35.038540,10.474411,54.028122
9.285535,-8.625821,8.277516
-6.551111,12.791775,19.511621
21.760136,13.006002,44.873718
6.163804,9.950310,19.659702
-19.666815,9.798898,16.994566
-11.534362,-4.747390,38.879002
10.873174,-22.035042,35.859215
-4.325058,-11.887827,6.003665
39.544319,8.003768,54.431484
10.318480,-27.895025,33.462357
24.197792,14.397626,40.945950
5.560872,-19.187754,45.700607
-8.042010,11.279834,31.707495
-37.934612,24.850227,35.539097
25.188360,-15.555061,36.482544
24.739212,-21.197538,27.500332
-19.947550,-29.409794,44.643772
22.489025,26.274605,49.937759
-7.835605,-23.019928,46.041874
22.930037,-3.429177,21.574348
13.548270,17.176962,24.305777
-13.190821,7.201953,17.627134
-9.167983,7.299325,26.382198
1.659356,-25.905993,24.944935
33.472443,9.722280,51.508026
-23.719753,30.970051,38.392536
12.687012,-17.419283,27.819241
33.028271,-23.783249,51.844734
0.346316,20.011160,46.141270
-20.825596,-17.945488,29.262476
-12.242366,1.269925,39.370590
6.230172,-21.032194,36.937222
-9.493173,10.746296,43.096489
-10.556882,4.637263,51.558922
-12.808858,-7.988769,11.252397
4.127889,14.430331,26.835241
31.581532,-1.271311,24.217817
-13.452754,-25.129272,31.969217
2.969702,19.113708,33.399788
35.965885,-5.564098,34.959984
-26.949137,-34.665531,54.337494
-3.166566,-28.282797,47.624802
3.793519,-20.391737,16.519121
5.037703,-24.496498,31.282310
-8.812722,-9.449912,19.561634
12.046533,-22.345396,22.614328
-39.780750,-21.348215,50.602829
7.639165,8.248619,5.836712
22.294352,-23.808746,28.262375
36.133533,12.354016,51.338345
-34.610500,27.863623,38.277565
-5.088760,-8.162177,13.853295
1.928951,12.849375,47.474499
20.089430,-5.228107,10.816356
13.254748,19.830870,54.233257
-11.099232,-11.389338,39.834404
22.057913,8.406016,22.379650
27.859772,0.430527,36.873753
-7.584350,-13.921747,50.461403
-4.288981,9.772446,28.178608
-1.952204,16.175474,30.620098
14.649407,-2.515888,12.440667
20.085278,-11.525226,17.758785
-9.932923,4.002328,26.132633
2.434687,15.232964,35.044628
24.026516,15.690958,34.665203
0.789026,-31.976439,54.046062
-3.911344,2.865586,43.318295
-7.917753,12.424479,15.440330
-33.382256,34.233589,51.469822
-5.307720,26.567106,25.359638
19.059200,9.684164,16.338490
-7.948530,14.683178,16.858871
11.298099,11.415432,29.032694
-3.256406,25.991827,25.243864
15.804226,-22.916145,53.935734
-14.113705,5.766213,13.365219
37.849922,-2.496400,39.396671
34.053631,-18.787329,46.256321
-10.505360,8.219536,54.293964
1.406090,12.450966,54.053360
13.738808,14.615789,27.185282
-7.462576,-14.518345,23.350166
6.748091,-23.504799,30.642328
5.966976,9.506725,47.519154
20.465878,-23.156477,31.652714
-4.808513,-1.101397,45.906620
-3.534199,-14.904613,23.514418
-8.691324,-4.996559,13.424732
31.098709,4.506999,51.587795
-10.337574,-8.937028,14.907898
-44.049305,-2.762281,47.585232
13.815716,15.652336,30.802662
-18.646101,0.290453,40.635639
27.373417,-13.314263,39.345375
21.985544,4.140742,20.640627
2.625120,-25.936707,33.730114
-7.287185,-5.316194,17.704735
33.355907,-3.835106,40.388332
8.125688,-31.143808,42.822369
-5.200997,18.243036,46.306881
-5.147162,13.078692,20.933096
-6.067466,12.756355,35.487587
10.398149,27.591707,51.932777
-13.459566,10.869605,42.543327
27.605835,14.207045,45.331417
-8.843645,-6.759435,41.972050
-46.845551,-0.762896,53.508896
-9.463514,-13.585510,45.765160
-12.792623,-33.890385,46.827881
20.753006,-23.290470,37.127655
13.411855,4.246829,15.191128
18.218054,-13.722116,14.522736
15.970819,26.053101,45.641441
-3.648578,0.883754,7.462270
-7.740245,-10.216337,13.804828
-0.853115,8.236803,51.172813
-5.824854,8.838727,16.883493
19.542351,-18.259113,38.032879
37.338017,-15.283444,38.533287
-7.679877,0.027235,32.118027
15.656320,-16.840399,50.032387
-9.208950,1.744607,43.371738
15.713574,0.747321,8.023104
26.044094,26.245281,54.146660
21.000021,-18.813843,28.489262
7.544982,2.127302,5.717703
-17.557180,-16.133369,37.144333
7.016976,12.092850,19.136866
1.791633,19.307997,44.822651
28.568171,9.966435,38.370995
15.189636,26.431561,51.212505
6.087188,-30.270432,44.957386
-9.347884,-6.588847,6.627446
-7.894605,-20.277849,28.819897
15.286176,-14.964332,47.773540
8.928635,-19.359270,33.009621
-14.624089,1.709090,25.956505
30.850092,-6.672197,21.848904
4.769318,22.877884,47.494678
35.549801,5.152442,48.939980
-7.163650,17.608053,22.300051
1.475891,-15.399891,19.653345
15.328981,-16.390018,42.966316
-38.063751,-23.575615,50.516338
8.323998,-21.349102,22.859209
16.185627,26.550678,53.460087
-10.698515,-26.480797,32.420677
29.313459,-9.031360,45.138092
14.236661,23.336861,34.872944
-14.128140,-5.226925,49.939163
21.794828,2.252134,24.385084
-46.942318,10.453299,49.891014
0.165786,30.633335,51.786182
-36.843910,26.857914,35.974442
-5.436840,6.506111,18.955135
17.285894,-30.871622,45.125881
5.685010,-25.754564,43.715450
12.228938,-2.615606,14.002493
7.630121,-31.584753,35.882980
-5.458400,22.459164,24.768970
32.897457,-9.136722,44.907623
-2.180345,-18.297428,14.015098
19.499744,-11.120104,25.127151
23.856190,9.075269,47.714283
-9.794886,7.570580,45.134506
14.072144,7.460259,25.107042
23.309872,-24.218147,33.132996
9.587859,4.226705,5.077844
0.850770,-22.703379,17.240194
-2.841493,21.591381,19.883896
-3.154959,13.901860,41.502083
9.434294,18.286844,27.172243
9.979027,-30.958397,41.776493
-18.133593,0.125429,22.414982
-13.921461,11.185067,29.095181
9.198062,-16.695992,44.343010
10.213052,-29.678665,49.457832
3.785614,21.740068,51.518032
19.893801,24.128057,41.560894
32.497646,14.609119,40.074455
-3.381322,13.911241,32.911369
-15.416752,-11.669359,52.616852
-6.401150,-30.652504,42.527767
26.762346,8.842572,36.991596
-6.804595,-6.557925,11.687245
-3.704425,-10.831777,9.448235
21.402483,-18.648516,38.591061
30.550158,-15.721841,30.382383
4.595219,-17.794949,40.153328
21.081564,12.122917,26.532621
-3.159254,-27.385784,35.169781
20.672062,9.102943,35.563267
9.828036,-8.453633,5.920411
7.334890,-19.576239,18.665085
-0.391706,25.372540,26.212738
27.706999,-6.906960,17.534174
9.964165,-18.584341,28.371138
8.584243,-9.380335,13.202658
36.636108,-2.491786,52.235538
-2.776566,-26.871710,37.942139
-11.472432,-0.258421,35.064774
-34.420258,3.943875,27.276941
0.068805,-21.136312,46.657074
-12.402750,-14.972295,47.614891
-10.564728,-23.904869,43.982689
9.695141,-16.885450,12.588147
8.289104,-25.170021,35.238468
36.599419,-0.011104,36.802830
-17.648123,0.302962,16.273521
25.181801,-25.690083,50.370113
-7.202883,6.455620,48.099049
14.153750,-28.957079,54.223980
-6.471317,15.748338,41.376633
-0.027502,-16.778448,20.925331
30.859142,-14.943248,51.924778
29.084709,-24.571737,38.907688
-32.940819,30.860437,45.984463
-8.541465,17.629604,33.504787
9.603649,-19.128878,23.872074
-5.601636,13.182362,16.888807
-9.753394,-31.874077,49.928314
21.218273,10.441681,29.248205
36.336876,-8.345606,44.750359
-18.428549,1.041770,37.866661
-5.792726,-17.095890,23.955564
4.877982,12.186863,32.194489
-13.516627,-15.009327,39.652634
-41.308643,22.747808,40.438854
-43.798141,1.808562,42.597538
-10.709865,7.449145,11.626736
-1.446512,-25.529871,30.697151
14.444737,-29.428518,46.366493
32.270351,12.612266,48.417202
7.448932,-25.324764,47.065571
9.845177,24.582178,51.370796
-16.647938,-10.575214,23.152515
35.471493,-18.692961,47.805153
20.339848,7.291236,24.180613
4.988747,16.137981,34.342049
16.298164,7.990431,22.968210
-1.502044,5.215883,50.899731
1.674436,-22.121481,45.177094
-13.662500,2.080176,35.969330
28.413799,-16.838848,31.318007
13.110936,8.397652,26.671255
21.239586,3.783368,16.673306
12.239573,-25.000210,21.711506
-4.194991,-19.300114,16.230314
-12.223785,4.389705,20.735937
-37.913929,29.497568,47.730816
30.534477,-17.900408,34.585400
-13.659500,-0.250496,51.545589
-13.442970,-0.142024,43.570843
-7.582466,14.808435,26.957455
27.489214,-9.314251,28.550049
29.858513,-18.726665,46.276474
37.131573,-3.352245,41.797531
12.372260,9.834457,37.674847
12.265740,-23.159714,43.740906
5.862754,-32.252243,35.953865
-1.883224,-20.630838,51.000423
1.844166,28.399939,51.865524
-0.909737,-22.700317,22.811153
-6.566187,11.993747,17.874985
-0.761508,-10.261724,10.383805
1.503535,-25.508324,51.763542
23.333076,-6.238478,21.417109
6.131113,25.750278,40.484638
-2.075877,21.553560,47.337860
26.138229,-17.637804,44.095341
37.400860,2.246672,40.900242
-0.764395,-26.374216,28.330088
1.090743,-18.861069,45.986256
41.839119,3.485388,53.516891
-9.807121,-14.803534,42.266403
-4.430762,-15.123831,8.925557
3.356192,13.211274,40.686462
15.761832,6.936337,14.046970
13.586045,5.701779,11.976211
14.043547,-17.653074,30.757572
-10.347878,-14.514687,44.197227
-10.122359,10.674681,12.601160
-5.822377,-17.322748,51.895378
-5.585186,-26.007277,28.695711
4.244879,11.960111,44.468189
-12.697854,-10.234324,25.213766
28.030161,14.274885,47.943802
9.107635,15.230282,51.836605
16.128866,-16.520344,38.643082
-7.646647,-28.684708,40.295021
5.438433,-12.437160,5.769531
-18.187918,-32.002575,44.799492
29.646986,-9.417587,19.557487
9.200847,-21.708197,20.556664
28.300955,2.602770,28.363388
4.984623,-30.119343,47.022465
-14.723020,3.175747,46.054802
25.482677,18.497213,36.343445
33.862526,15.400691,43.552525
-8.397506,-20.894825,46.592937
18.536196,-7.284937,12.417088
3.022692,21.042454,39.857285
8.457580,-1.678044,5.858325
2.662795,7.372188,52.006428
14.040032,12.056748,18.252247
7.582803,-3.532179,7.486466
7.674086,-20.831230,40.432732
9.595224,0.915142,5.974063
-2.633588,-32.707256,40.383923
9.559534,15.480372,47.722042
21.361673,-23.031168,45.257217
-17.485638,-11.001185,21.280701
-13.598654,3.606570,50.723782
16.341776,-31.217369,52.293949
23.161144,21.310892,39.866844
15.270847,-0.238787,18.637814
4.778824,13.115127,15.843003
2.208907,-27.584673,51.726357
-9.540249,-2.298340,17.221296
29.946611,10.431590,36.494312
-43.521706,-8.467045,54.124931
5.638062,-19.126711,50.012714
-3.625417,21.942522,28.289747
-17.640480,1.298697,18.766195
5.367659,9.462543,43.684059
-2.859966,-26.665817,31.212711
-4.165464,22.932783,54.215977
-9.452926,12.312693,36.116074
-3.256731,-9.016113,46.521942
-18.072739,-3.152130,40.145466
8.655218,-33.052284,44.920334
22.594498,-18.522623,31.303719
24.105667,1.097484,18.085398
-6.283846,-6.374559,47.270958
20.398249,-25.203613,28.883268
-5.014278,7.875362,7.937646
-7.600195,-26.217684,48.358749
-1.705822,4.355865,3.114731
9.126245,-19.914951,38.930782
-11.476255,-5.533813,50.510155
-15.277522,0.791703,19.716473
-3.316931,21.621992,30.483364
10.475210,15.234532,27.739372
21.528700,-4.743546,18.831821
12.315065,10.415111,16.665228
26.130869,-0.175031,21.196772
42.211067,-9.638202,51.999176
-12.823151,13.689145,32.564205
28.068075,-17.375946,47.523193
-10.876305,0.767498,48.960865
23.756620,-16.858076,53.668629
6.561150,10.724651,15.551659
26.724485,13.688859,46.829582
-1.148769,11.824383,23.436556
11.616746,-30.462706,42.580269
14.251709,15.480824,25.335659
38.483574,-12.988805,54.011337
8.438202,20.899294,46.861179
-7.411160,-20.533508,36.794880
27.736208,-15.186830,25.494225
1.601510,-4.645149,5.400583
30.157766,11.780813,34.221104
12.042282,-18.652060,32.184204
34.225674,-8.182247,47.384277
28.545933,12.803096,33.807697
-7.460554,-29.404289,47.853413
0.704690,21.199673,26.056717
24.941978,-3.379742,27.395887
5.975203,-13.403308,10.935147
2.242289,-28.444632,36.644379
-19.924866,-26.545406,39.166634
6.204866,21.368032,53.977085
-4.290174,-18.632034,28.481985
-5.561352,3.617798,40.250439
-12.796849,16.518637,15.891414
0.991869,2.853026,46.355446
23.664038,17.891239,40.601803
-46.054359,-4.552525,50.193359
9.627089,10.213696,44.381348
8.084602,-23.820539,50.911854
11.269434,-11.483697,6.917378
8.508780,10.595343,38.582024
-27.033703,35.265980,50.923454
26.539364,-22.559509,44.815933
-8.583263,15.778961,14.737278
7.688118,-18.175335,47.365753
7.842880,14.174994,44.117710
-4.693463,-25.412062,53.843521
-9.960759,-13.218391,28.019636
14.025257,11.335463,20.853453
24.335474,16.732439,53.826962
18.378214,-20.918100,41.695415
14.429022,6.509214,9.312654
4.017471,20.538460,43.025738
2.415626,-18.321505,32.869068
-6.967768,9.774941,43.268436
35.004723,5.806292,42.559994
-7.444210,-14.968056,54.143593
11.589184,14.459002,25.234606
6.961889,-14.834106,13.981961
-16.859886,2.687944,23.459812
33.335697,8.982890,47.898277
32.446392,-15.262662,43.790592
12.037704,-16.370562,23.384247
12.368664,-0.076550,10.818774
24.956068,-14.879263,32.002590
-8.318797,11.244131,22.126371
37.430462,-12.919004,45.360126
-7.630273,-17.897146,49.206161
-8.232722,-7.691187,14.067842
7.489537,22.067818,36.376320
-10.555079,15.563637,35.487083
9.358625,-25.297798,33.135109
-15.097929,-6.698074,50.842094
12.119163,13.851046,29.781115
15.241926,6.926790,11.329282
-16.069464,-8.304128,37.172791
-15.088096,-1.879395,37.563343
34.398411,-17.194996,43.049862
18.136763,-20.096022,23.173683
15.516888,-12.030570,18.081392
-25.803755,31.115788,41.633114
6.626524,-27.214121,35.632778
2.836993,-13.295312,13.692222
2.944695,13.036306,52.732815
18.342167,4.433051,27.545534
8.642148,21.526545,33.254677
19.455456,14.835609,54.347794
24.411320,-19.055079,54.055218
-15.678278,6.420802,47.791203
11.019602,10.607362,24.457310
-1.262476,15.660162,17.261082
2.557634,26.768414,37.143688
33.919712,13.525022,47.531353
21.979761,3.698013,18.758171
-8.110531,-7.118813,48.023132
9.760855,-16.929020,22.980619
-23.144045,-4.625822,22.253386
24.583725,-5.101167,22.526587
-45.168781,23.933397,50.321232
1.430281,12.783651,31.257700
2.748386,23.675276,35.930862
-30.148449,34.903198,49.690628
-13.743462,9.364604,31.912241
-7.683337,-3.560246,8.497631
31.929117,12.839606,38.045036
-4.585585,14.361425,27.563688
31.691921,-19.227243,46.587292
8.366995,12.467586,45.541344
30.587145,22.167517,53.330296
6.588942,7.550684,16.007839
21.760033,-14.816466,49.883038
24.043587,9.346715,31.391870
17.953003,11.339144,41.064625
14.655021,12.446909,15.194577
-8.400822,0.160220,9.674118
35.849434,10.896366,49.628731
7.068176,19.104765,26.210440
-15.812830,-2.878808,14.953357
11.428474,-16.976629,52.318390
-0.914257,12.556030,30.951990
19.795179,-21.403275,19.230566
-27.967438,34.372593,54.105801
8.894640,10.037486,42.466755
-0.331702,6.869816,38.894371
14.620558,4.197174,21.452972
-22.420967,-14.778104,27.307100
34.921879,-0.040249,35.898170
-5.032725,10.855680,37.445290
-4.437618,-30.747816,36.055328
17.792360,14.919120,35.714165
22.003517,21.907503,43.043346
14.282104,21.438335,49.928551
9.158101,18.606527,41.409973
30.963120,15.404201,54.018993
-0.826081,-6.486785,5.423049
-3.868707,-1.164760,8.334997
-20.864685,33.449673,50.938560
-2.215768,13.270315,24.879765
33.179909,-14.558469,54.119991
-16.949539,6.036844,40.624592
28.790916,-4.630116,35.701019
19.213778,-25.232391,45.496895
-11.033380,-35.507092,50.909683
15.338468,24.972397,42.131233
-15.312983,-0.323094,23.240330
4.226781,-16.850199,12.146711
30.769726,-9.423450,34.025349
-6.313977,-33.363335,44.609703
23.040060,23.542322,43.342690
-3.333428,-22.184814,27.838673
-32.931274,-30.745207,54.056370
35.088985,-6.746160,40.680630
-15.433261,-8.814575,45.933342
-16.500113,0.887953,14.087333
-8.595665,-2.130356,37.544193
36.632160,-17.548933,54.548084
2.028466,-26.121731,48.336105
10.329005,-22.572771,38.725426
37.868694,-12.229150,43.372383
42.225681,5.171156,54.251541
19.180246,2.369701,16.541367
-11.608267,8.407569,24.647093
13.210991,10.865217,23.016563
-7.581191,14.996665,50.801189
-15.976990,-9.425958,53.615349
0.130345,25.810766,50.644699
-11.968880,-0.971376,53.718819
13.293670,22.979042,36.932262
-9.305161,1.609843,37.062191
-0.678854,-27.730118,32.342800
-8.781201,-27.174198,33.812119
36.593666,2.752765,43.247959
-8.338785,-3.817936,18.865610
-7.939740,8.539576,18.067673
-18.589912,0.648776,30.115255
35.952358,-15.873668,44.490246
33.363281,-11.019812,36.134773
9.595650,-21.306992,14.767988
-10.215584,-19.658773,46.551762
-18.316385,-17.826839,36.321842
31.180080,-24.715149,49.723785
7.483001,-29.400503,38.035706
-11.123375,-16.687931,53.806995
8.561675,-28.599226,54.493107
-7.889784,5.598889,52.970375
23.002081,-29.157307,50.725044
23.938765,7.746499,45.626244
22.768311,-21.616701,24.736065
21.849501,-13.827703,14.235107
-16.349869,-19.006550,26.021189
-5.470063,-8.722322,8.689255
-4.785391,25.649080,51.757244
38.686203,-12.850041,39.143929
-4.414847,12.395714,42.161739
27.567642,-7.150625,24.915918
29.518280,0.815089,26.720240
-12.719819,-12.501932,34.946918
15.357988,-8.979743,10.742758
29.782076,-13.951111,29.095840
-4.960352,21.267599,51.424889
3.178280,-9.618590,8.507587
0.026652,22.190842,23.031897
-7.315600,-9.965089,41.165936
19.836153,-12.627842,54.320423
-10.218059,5.935770,49.327534
27.604912,3.279192,36.627670
-18.503876,-19.430382,30.109432
-14.072767,-2.810650,12.302809
-7.116191,12.527719,47.987514
30.418894,8.719925,38.663460
-38.904034,26.668762,41.364429
28.792095,11.485214,35.465637
1.214788,4.027446,44.236668
-11.863753,3.585701,30.365561
1.105370,-0.068219,5.173398
20.187750,-21.036554,39.834583
-4.063237,5.091034,10.299699
-3.574512,5.383677,39.703815
25.769472,19.499794,54.242855
11.425272,-18.788467,26.926235
5.763507,15.671592,52.513474
14.266918,-0.130528,12.745219
-7.500306,5.752903,25.953188
-2.820808,8.964209,34.280140
28.997377,-4.386945,19.416206
18.380934,1.312698,13.156137
9.601714,-19.114216,50.900719
20.824594,17.403309,28.995594
-1.096266,-25.601864,22.677948
-46.020023,0.437174,52.454773
9.662609,12.954213,46.961273
10.867859,-27.433516,41.323883
30.902159,11.750058,54.212288
-0.340024,8.079497,11.049832
15.607770,-24.895796,39.256027
5.730739,10.635575,11.694097
-7.783391,-29.751312,36.176311
21.016272,-24.710434,26.834185
0.255287,-23.057308,42.034637
13.191038,-20.900791,28.193869
23.220898,0.237953,14.308251
-18.407648,-5.066312,28.633766
20.056179,-14.955273,23.752584
-8.202824,4.407883,19.737209
-11.603449,4.726086,36.993801
-13.308682,2.867723,20.016989
-17.240992,-5.643323,51.097778
-6.927242,-28.820211,43.792137
3.904908,-22.779686,35.876415
-2.433006,2.341289,40.458698
-18.621820,3.432823,31.194124
13.572616,-25.664217,30.688362
28.990847,18.202915,45.374249
19.633219,-16.064827,36.101898
-29.442535,-32.355682,52.124126
20.613005,-14.138514,33.835068
7.332658,17.217356,41.912636
1.396579,-23.341051,29.166098
31.598413,16.512871,46.009811
-6.108408,-1.710580,4.012436
-2.630200,-19.013878,27.098927
-3.285027,-10.955428,54.240524
-2.935327,20.957581,45.217907
16.786425,23.607141,53.467644
-7.497379,-15.962036,29.228804
-3.545474,8.882565,52.277027
-9.641004,-25.998243,37.990154
-1.494144,-7.207726,47.142925
36.296490,9.935458,42.241367
25.903009,22.595318,44.632584
-4.594498,-29.426649,48.144772
16.892630,-26.867470,40.211002
-21.059370,-3.613145,19.391987
11.973892,-25.181749,38.922680
-2.946293,8.350079,15.212274
-4.154557,13.915149,18.821259
13.484989,-15.520916,45.219776
30.882654,-10.867095,23.697969
-1.665093,20.427670,18.653780
27.569361,9.054118,45.138016
3.937112,14.368095,18.033392
0.434717,23.153517,48.423260
32.773026,1.579554,44.264263
37.061806,-11.698717,37.074242
-15.771981,0.355293,28.613350
8.109700,25.670692,50.320820
24.736097,-5.670388,19.513548
-2.963203,-32.183945,44.664806
18.179934,18.638788,33.781036
7.232336,-26.348328,49.161983
18.635099,-18.344564,48.505455
16.310137,9.080034,20.849010
-9.558612,-23.455593,49.096413
20.016912,-15.285584,54.151592
30.513515,2.200008,46.300373
14.580524,-18.296162,13.387319
7.218958,11.586722,27.160183
28.472099,7.381215,44.437000
-4.266405,21.752815,42.776085
0.893355,3.702392,2.655782
6.460161,15.146556,31.909311
2.842876,22.509686,44.978062
-12.754097,6.481247,42.407166
-7.033570,6.560296,33.450386
2.667136,-20.039541,51.227657
17.672768,20.600092,44.124908
8.127847,23.399788,40.383255
-30.388182,-24.204491,43.922527
-6.844038,8.245190,20.392260
22.505322,-21.272047,53.471432
29.577036,8.419411,52.973843
0.065383,-18.989737,21.896042
17.318079,-15.270761,18.528460
-15.311727,9.334808,14.157799
19.101301,-1.227559,18.760929
30.648647,17.052294,41.762177
-20.710907,-22.595255,39.072929
29.887518,-24.632555,41.179310
6.091599,-16.238129,8.164867
-0.999073,-17.442179,44.761417
18.127758,15.811663,51.708748
-3.682756,17.195047,38.984531
32.462761,-13.436612,44.420929
-10.731107,5.189240,33.215439
-16.873434,-13.444223,39.089535
19.531944,-23.506216,44.349091
9.311074,-4.853613,7.979024
-7.995267,-9.574855,35.678963
11.445014,-26.590082,29.772886
-0.455355,-20.178251,17.633781
-14.281356,-1.954433,21.109177
-3.389581,17.573095,31.020443
-3.437373,15.011667,46.523582
22.065495,-4.853450,15.682589
34.185772,-7.359176,29.007126
-18.712366,-7.044446,21.589504
-5.618817,22.547674,31.329834
-7.074395,16.081291,15.880711
6.494765,-23.121954,18.050508
5.781674,-21.289314,29.774881
-17.146364,0.811306,36.344105
30.672668,-1.402348,28.185261
11.122716,24.342329,35.371418
25.899130,-25.470362,37.340443
16.842297,8.125911,28.470045
-10.024378,-32.222042,47.517883
0.536784,21.137838,38.916115
30.850563,-6.128394,35.720650
34.839581,-6.024234,31.124949
-3.198299,8.323228,54.272007
12.010553,-3.280621,10.049361
-11.271254,13.741156,26.141035
20.685555,-16.424644,29.539282
3.334698,18.972881,50.259106
20.178696,-16.806561,13.817826
20.076744,13.446253,28.510286
-42.661854,7.701442,37.838398
-5.977749,-9.944034,50.779610
-11.385255,-26.903112,46.036392
-10.423199,1.314514,35.503323
23.197817,-12.413704,14.816354
28.687099,7.047773,33.365673
-14.544772,4.646489,21.378490
-12.107363,-18.750002,31.077581
21.831984,-20.433323,19.619211
-12.129149,1.287374,28.954613
14.243242,10.328050,35.310867
18.377939,-16.149300,40.906528
12.821324,23.065599,33.468170
-5.468341,-7.283461,52.681572
-28.783669,32.734104,51.844555
12.216354,0.323811,14.905419
22.078718,-11.344603,26.010258
-7.343473,-10.403211,52.871502
37.777855,-8.751987,52.048290
15.446555,23.064283,45.278873
20.422995,17.282991,35.992561
-19.132755,0.400846,36.088333
-9.312334,-3.100985,15.535516
-20.677795,-24.852961,39.666653
21.390358,-19.162735,25.410915
7.088296,-18.223614,20.687180
13.032227,-17.021515,14.821845
13.452039,5.929751,24.054655
23.349464,-18.971304,18.840916
4.346527,26.315147,46.995541
1.536267,-11.432797,8.038656
-17.305399,6.786521,30.111706
6.468322,-29.308954,42.708649
12.880978,-29.340607,37.271221
13.262047,-21.561869,48.314617
2.526169,13.982871,49.253815
7.706753,13.032244,52.343819
-45.937618,-6.302255,52.118610
39.792492,4.074600,51.761139
-12.777655,-12.307707,50.411144
-6.434298,15.703560,36.023159
13.858840,-7.440742,6.867465
15.400761,3.027061,22.661024
-11.056366,0.306245,44.513660
11.373766,-15.747952,20.807577
35.055626,-18.618093,36.362572
34.497551,12.952669,41.605835
-2.875084,-10.221299,15.655953
18.729176,-26.794905,52.799217
35.561909,7.878372,51.189331
13.369830,-19.021717,18.083685
38.699245,-18.545856,54.486351
-3.380712,-29.806414,42.789314
23.687702,-21.201563,50.160168
-13.220988,-20.576416,28.183529
16.411974,-14.815116,13.509516
-0.808219,-21.714161,15.872773
6.331603,-22.903921,41.187069
29.080095,-12.902171,44.522064
12.869328,12.092418,37.279144
20.044708,-23.309219,48.702377
-3.876452,21.872292,47.117363
-2.775981,22.932293,24.665543
11.505922,-18.511789,37.523239
13.985275,-13.996371,49.116646
14.191609,17.370716,44.909996
10.243849,-16.559059,54.370174
36.102386,1.889094,53.719704
11.808877,-16.130047,44.380077
-2.225781,-20.635523,25.942825
28.343401,-3.074513,22.268202
-13.654616,-15.922905,49.615005
21.159803,-20.667269,32.745167
21.413139,15.308171,29.122063
3.737183,-29.023214,52.126854
-18.619064,-5.577664,37.386120
-1.351891,23.504152,27.338022
19.793413,-20.664238,49.458233
-6.156224,-24.689642,39.013439
24.290777,6.717853,34.753937
-6.484982,15.025428,20.343458
-14.335202,-28.814524,38.851578
4.158167,-15.507257,53.869942
15.748000,20.115828,38.881027
27.742697,5.055739,30.061192
24.133579,-22.976871,43.672092
16.019053,-5.231626,17.948563
-3.964003,26.104700,35.965778
-0.570276,-20.431761,40.673462
16.076134,-22.151794,34.825943
22.162796,9.127014,24.660664
11.488139,14.814037,16.618477
25.296545,13.107383,49.592297
0.861999,13.998721,39.302971
-11.213253,-24.251957,29.492146
-46.512821,-4.410227,52.313457
-11.283989,-22.100576,40.745213
32.290279,-21.672577,48.367599
18.607826,10.852865,18.483055
26.975637,-15.523993,38.405079
37.849960,-4.056980,48.845867
-7.331338,-22.993259,41.683529
20.065403,-2.730269,14.991651
13.720883,7.795392,30.461802
7.194282,-23.439627,27.441660
1.871487,14.722493,26.033892
11.225403,-12.065732,17.080339
26.819740,16.395805,47.810459
6.626957,11.076204,23.053143
-39.309753,20.036522,33.032219
29.480343,5.303852,27.381721
-3.876212,-16.780724,10.210363
-2.016231,-3.597559,44.920113
11.139840,-25.840393,49.086807
10.721177,-17.307306,42.683422
28.301418,-26.052633,53.965569
-12.402732,-25.536070,39.723091
7.872288,-18.048983,13.456527
-0.032437,-28.963669,36.627506
10.093924,-20.637447,43.970276
28.997448,4.275730,28.888016
-32.837833,34.119896,54.473110
-5.261193,-5.557115,49.918262
25.064590,-27.278473,45.079956
-4.906623,29.319494,37.299046
-7.868831,2.083274,28.882662
-9.461946,-22.874920,28.650944
-12.523908,-13.719687,43.168488
40.149151,-5.382530,53.810791
-9.911609,-18.769558,52.693981
-2.487876,-27.608538,54.568920
31.441713,2.952652,43.127022
31.484585,-8.233924,35.731033
39.514759,-11.271800,40.530209
8.915789,23.421917,37.105648
27.840067,16.164677,45.719540
15.069623,-26.827147,39.369793
14.582385,19.175781,47.075844
-11.988250,12.438210,45.452240
25.130392,17.947645,44.002777
1.905039,22.587807,46.858452
-3.905072,10.523985,47.864590
-6.127509,-8.838176,5.326808
22.943958,-17.739473,40.056213
39.958660,-11.095647,47.279888
30.616209,11.799870,47.337849
-3.565821,-17.174271,50.511101
22.745325,6.855567,25.903927
36.516201,-3.847156,50.886162
-8.996555,-30.353279,52.003506
26.973860,-6.092358,31.595625
-10.858733,7.917414,51.520531
8.241848,-32.324371,53.972507
-10.710847,-7.830653,36.785110
-9.321481,5.296307,13.720787
-48.584019,5.658395,52.416180
-16.327250,-4.310484,25.407024
13.710970,15.684775,49.463676
29.003668,10.580247,51.167011
29.592505,-18.661345,38.368168
-5.163761,18.608971,39.234871
1.156817,-18.160509,49.049892
18.304457,16.144667,26.226061
-10.748216,-16.821005,35.977543
33.464748,-1.930769,31.305765
-2.507252,-30.473053,49.353363
-5.690817,-17.064417,14.958559
-9.880080,9.281054,15.785990
5.328875,-23.954699,35.006935
8.627470,16.385181,19.001532
21.072062,-14.281740,16.731674
0.239247,-32.511898,41.016659
-29.400259,32.342674,49.466743
-6.130266,-3.007454,50.808437
28.561892,-12.001537,33.282536
7.724172,-28.205717,41.092194
29.357450,-10.761385,34.740086
28.310934,-18.921858,40.265644
-42.401276,13.938080,36.200031
17.481009,10.594225,33.139088
13.426285,-3.514276,15.418268
-15.950562,-8.047130,29.993990
8.059120,7.071800,11.627390
-3.756085,-0.792992,6.367688
-11.391870,15.168492,32.680447
-10.909690,-11.826051,49.141472
20.610472,3.479675,29.783291
-9.959410,-24.303925,32.597435
-10.214962,11.752400,16.304466
-6.784786,12.224961,45.862366
2.628668,23.334234,39.391048
34.031387,11.103281,46.873577
15.775131,-21.817963,28.077423
12.240881,-32.537575,41.840309
32.909649,-15.470195,41.099430
22.027637,-0.864997,12.949140
-0.459513,7.052534,54.033306
4.264321,9.558402,16.177605
22.608864,-2.537147,26.690128
-1.424050,-32.340538,49.313709
3.388223,-28.908615,31.900333
-6.578945,-31.914724,54.287209
-3.672127,-1.739315,54.213280
5.132497,20.804960,40.937553
-3.272885,10.135449,15.679611
-6.345201,8.026971,32.582157
-9.625827,-10.100589,38.742268
29.157816,-9.587132,54.502544
-0.917082,10.509784,42.540859
-15.522422,2.851230,50.171543
27.101618,-21.665136,42.946201
35.960968,-9.507687,32.684509
32.516941,-8.398303,46.584354
-12.805841,10.156651,45.500687
-2.886038,27.504358,36.756351
25.084929,-15.842283,50.152214
33.544502,-14.310411,30.978020
-16.242302,1.252486,40.763435
0.090431,-19.908514,30.445768
13.456845,11.692040,32.030685
15.801630,16.049509,44.009022
22.404503,-3.869955,25.205206
-11.427198,-28.249041,35.690548
24.979433,-18.285965,31.388536
21.877455,-7.925249,24.163540
32.287983,-8.733094,50.029465
-16.725965,-12.057537,44.469875
7.668352,-3.433076,3.173940
32.873795,-10.050228,30.205740
3.040968,-14.374556,17.688444
3.360047,-26.750946,37.508953
20.928301,-16.875525,40.359859
31.817690,-14.743805,31.189251
27.697515,-3.811101,25.181616
-5.171330,-27.181364,36.320576
12.031982,15.065195,26.863989
15.939904,-17.354507,47.620098
27.847988,25.161755,54.108326
27.137112,-23.643299,33.638794
-16.741871,-12.190811,29.876787
-0.217115,-13.695397,6.812919
29.905926,-11.000863,29.550055
-11.771955,24.449688,20.641951
17.791878,-21.685020,53.964935
9.466186,-32.053497,36.657349
-10.229809,12.974194,51.001411
-9.608215,6.374488,51.194660
7.533591,-23.885300,24.016308
-7.020398,2.575057,51.289738
1.442105,12.422189,24.364418
-22.289890,-24.748545,41.118862
-8.130066,-7.870730,22.944473
3.752606,9.432130,13.637778
-1.371282,-15.864470,53.302422
35.040512,2.783275,46.157429
24.369806,4.326638,26.433216
42.724865,-1.084648,50.161861
5.280291,-21.215023,32.551815
26.676783,16.591244,40.715805
33.542393,-15.455153,50.291573
6.790257,-4.626779,5.769900
-17.999464,4.370484,37.414761
5.523658,11.312402,24.686626
-3.465306,-25.975124,41.445370
-17.264708,-17.105947,28.811516
37.611523,-19.937019,47.203468
-14.086287,-2.639638,27.394636
26.138197,11.621796,48.474468
13.209804,-8.147618,13.283109
-8.241083,-4.801857,47.748459
-15.615861,-16.941290,34.404827
-2.001204,22.451393,54.337593
13.786317,5.819577,20.485813
-3.892123,9.149941,37.687679
19.498249,-22.808334,54.047401
-9.624887,2.474878,15.066146
-7.419824,-6.514425,37.780777
17.354910,-7.515650,8.904567
-14.088928,10.203034,33.659992
4.175524,20.047285,30.460186
-4.483179,6.961932,16.904354
-0.552076,8.196762,48.661964
3.748366,13.817291,47.035328
32.738682,-0.614107,43.486801
-6.767832,13.617542,32.436401
-0.808531,-20.566622,48.836212
35.586124,-11.352788,31.732714
-17.742992,23.711155,20.145857
18.206457,-20.183834,52.924679
-1.384779,-7.862617,10.588402
5.945821,-22.083900,42.946014
-3.539852,-17.219463,30.436495
39.004944,-0.769008,40.154724
-0.753530,-13.912285,44.611511
19.921677,-26.684597,51.132362
13.530725,15.900169,46.183594
-14.140424,7.416144,30.055403
0.793497,9.984664,17.925100
13.195170,15.704169,41.955978
-14.618809,-14.578965,23.072992
-2.474542,19.735567,38.301003
9.666186,9.278331,22.608843
11.372592,13.640021,47.671207
23.644512,-15.790330,33.234127
18.063969,19.366611,38.327801
35.494453,-10.129655,45.015388
-30.018124,34.846130,47.128780
-7.827379,-21.191362,43.304451
-6.919626,7.707716,37.578590
29.163872,12.562691,45.712692
0.603830,-30.268044,44.986172
42.230198,-10.763597,54.274811
18.279516,-17.839897,32.722752
23.048061,-19.972832,28.398842
-7.076077,10.583593,11.189020
-12.806306,-2.067371,39.573441
-7.177788,4.645792,27.533531
5.955523,3.828688,5.827864
6.475746,-18.358335,16.671982
-11.590602,-7.501814,31.022554
8.173845,25.024824,39.311859
11.677241,17.102491,20.300591
34.743412,-11.722075,47.419415
18.054874,5.245172,31.923380
-13.568939,-22.954334,30.611862
25.921627,9.026512,40.251003
11.102794,-21.849684,46.890461
33.063675,4.742411,38.878132
11.499530,-18.523336,22.388702
33.573109,2.221185,48.809101
-10.213928,-17.060999,28.176762
35.613689,0.077283,46.374344
-3.175454,13.251220,38.688480
-8.796288,-27.267517,42.157425
27.320698,-26.496645,46.573257
2.422731,10.933543,47.718548
9.268501,-20.872089,25.220829
-15.714209,33.980019,49.544258
4.259659,22.995617,41.065025
16.288704,12.418950,18.018118
-8.275543,-19.600563,40.835537
0.790876,-4.383012,6.995815
25.546700,11.825162,38.878902
-7.346819,3.695176,8.276162
31.185289,-3.977079,43.475315
-17.099882,4.948020,42.862194
41.247490,-3.768914,52.090477
24.433022,-19.297472,47.066551
20.378839,9.025378,27.455956
-12.453717,11.391933,22.936001
-13.275928,-1.597945,44.890194
0.003916,11.861558,35.606892
-8.930223,-20.585480,18.976967
20.525442,8.466703,44.069202
32.211716,-17.343660,43.138000
-9.648712,2.997837,49.688507
-4.796332,-17.667706,48.005959
12.292086,12.912089,17.692425
11.667708,-32.180485,52.084824
35.036121,3.336794,53.056385
3.995010,-19.070068,14.716145
4.207930,-22.530588,16.262735
18.819134,12.337784,50.030140
22.522297,15.421573,38.131012
-10.722114,9.988221,31.076042
-4.240829,-7.142402,6.485175
4.818443,-23.618750,22.488726
12.203635,14.944198,40.241837
0.379019,-18.179115,34.308174
28.977669,4.202343,46.344254
-3.664885,-24.831987,33.879547
-7.260886,17.531206,46.736752
1.982030,8.770135,48.913342
7.210694,-23.818521,48.785694
-35.275017,-25.824499,54.296165
-5.247293,-16.817745,49.663445
6.453135,-30.746828,41.305836
40.754513,4.355633,49.610546
-12.282835,-7.645960,53.203136
-46.203373,-8.118005,54.531673
-9.629320,11.421947,27.836321
-1.811098,18.683836,35.691902
9.989783,12.464284,16.487406
-8.191811,-22.244654,52.004280
-9.809011,-10.839921,42.523716
21.314400,-14.985896,40.500889
-13.210544,10.078083,37.595997
2.135851,16.174532,15.197636
17.711073,-17.536327,24.337442
-8.587596,1.946703,40.354092
-21.451988,-0.715021,19.287325
32.861473,-1.742841,41.350586
-13.957468,-33.439880,51.122917
-2.509020,-19.252020,18.107225
7.141883,15.168250,29.360342
-4.344027,10.658180,35.123974
-9.753499,-2.456166,35.187222
23.974752,-19.977041,24.169315
9.020554,18.100630,29.738909
-8.686249,-11.776156,47.611488
28.069399,-12.346969,28.523912
-7.852938,-22.170156,30.205883
-16.015762,-2.514902,22.985527
2.315135,11.380514,23.242325
25.326145,13.379909,39.953079
30.149160,-15.816582,46.181732
-14.808540,-11.403768,50.623363
38.748859,2.489446,51.055885
32.702702,1.502382,47.033504
13.268011,-28.288912,50.098457
17.002131,14.208338,25.027969
17.270432,10.255903,26.716339
2.147464,18.870308,41.771233
-12.030925,-19.433119,23.629879
-2.023018,-13.961289,16.217436
-34.549969,-16.022833,40.537457
0.464253,20.608747,28.960400
10.233326,8.494636,17.119528
-2.808717,29.469707,35.179974
-10.225449,10.184239,52.231621
-42.916801,15.753155,37.455734
-6.632516,-13.391264,11.216108
14.055287,6.785439,28.640692
22.619755,-27.311834,36.666920
1.701565,17.300631,38.325340
31.370121,-1.951658,54.323498
23.003124,7.015766,42.309559
-1.091731,18.131260,43.500580
1.664126,-12.554158,5.970477
-9.013659,30.806366,41.081779
-6.159146,31.198982,41.967754
14.588511,-13.648606,51.432362
-11.455287,-21.359737,25.468985
39.037479,3.203138,41.514721
18.059607,-27.835276,38.009251
22.375757,1.557261,16.580275
-8.868729,17.272600,27.172380
23.712469,12.587015,48.977394
36.320618,6.317293,50.300613
2.771827,24.995665,48.794754
29.830498,22.541954,48.932175
9.829484,-17.682386,26.631908
-17.799917,3.178648,28.005962
7.597159,-21.283655,38.270367
14.324479,-25.289602,44.323166
-12.599756,2.289564,13.170174
-6.692315,-13.708893,33.087879
24.694578,-13.033357,41.331272
24.334217,20.252584,38.517994
-8.976267,-16.871677,41.095139
-12.544470,11.713273,40.922337
10.533996,5.922530,18.278883
9.247823,13.204906,37.859039
9.317369,18.256031,32.034031
5.340796,-24.543989,46.868145
-18.118658,-13.266080,21.958672
-15.941433,-11.913379,17.108261
20.030657,19.678913,42.451145
-10.283184,-25.765255,30.057697
-14.322824,-17.796602,27.552523
-0.360051,30.334753,49.040619
5.424187,-17.754702,10.093813
2.526228,-22.022509,40.020954
-3.294132,-19.126171,38.076355
-38.831135,-10.641755,41.239399
22.495903,-18.444027,53.781166
-25.028473,-17.096104,33.115940
41.721634,0.657452,48.017040
-1.067828,26.036642,28.067644
-40.119781,-4.282475,38.999741
10.797357,14.636546,53.250885
16.858128,6.899507,25.155632
0.076598,14.136162,13.341439
-17.058388,-1.452326,34.491379
16.819624,-6.632519,11.062304
38.251671,4.291171,43.650505
-16.299572,1.207606,31.678614
39.255955,5.506886,54.319897
-14.658476,-6.104868,46.754978
33.154202,8.455754,54.365459
18.809689,18.459721,41.268524
33.644436,-8.833509,35.727943
-8.554530,13.183435,31.725143
-3.127247,-18.300882,20.650499
-13.235811,-33.440605,48.605927
9.765427,14.770229,31.675005
-2.125808,4.734100,43.199879
15.827438,-14.802471,20.030119
7.288779,-15.648586,19.350040
-10.221189,-6.107605,27.172970
23.194887,12.455243,45.914017
34.866982,4.967341,44.552975
-14.957830,11.992635,15.253922
-11.922895,1.845718,50.518959
-6.325804,5.968929,24.331322
35.536739,-4.620395,39.417007
1.622752,-7.911150,7.066899
13.719769,-21.700333,53.961449
-7.959606,-4.321457,52.370506
10.760911,15.084335,37.563576
5.106329,-12.269337,13.872136
11.631711,22.177692,35.482063
6.201956,-31.077541,49.106293
-9.559173,10.592226,36.981354
15.269825,3.573857,19.682014
-0.384217,-17.989569,10.225637
-13.747021,-0.480789,25.708662
27.399807,-4.052155,28.537081
22.584612,-26.743082,33.907642
-2.358643,-10.906763,49.390003
18.885742,18.313343,44.341042
16.797201,-27.347679,29.630232
-34.226044,27.300362,31.705330
35.899979,-20.785278,48.573895
19.646769,-12.823209,11.573713
-0.450692,16.738022,18.776449
29.194902,-9.091646,42.385563
15.719485,10.888663,14.432839
35.731743,-2.608574,43.556305
15.542870,11.868054,42.069191
-7.531648,-22.353823,21.117331
13.125502,-27.422413,26.629515
-20.137491,30.679655,33.862186
27.776344,15.264452,43.255135
-18.685703,33.318970,35.473888
-12.499937,8.888483,26.364159
-4.101732,27.475908,52.755806
22.031967,22.039087,52.063629
31.849298,3.913135,32.988422
3.563338,-22.623156,46.199333
4.064779,-21.032732,44.542316
40.130630,-9.329908,40.639317
6.843224,18.177164,38.497353
-15.956985,-22.145853,31.408302
5.901293,17.128872,24.582298
-2.834417,11.188889,25.398821
-5.811150,-14.383223,27.929014
35.047543,-10.502334,37.873276
16.252527,-22.704988,22.553503
18.427706,0.248160,10.226048
9.425733,-15.206035,10.777699
-10.710497,-8.619812,42.528934
-27.377951,29.966236,34.638874
-5.938617,-21.473978,24.155491
-9.460324,9.075346,47.457569
0.738726,19.694397,20.987934
-8.792887,-16.742882,53.284264
-6.835533,-17.002552,54.069420
15.532075,5.473767,26.875641
9.944961,-15.809621,7.967448
21.868427,-23.888845,53.353100
-6.236977,-18.948191,29.669941
28.820175,2.436920,42.850780
-0.067979,-14.985880,9.735223
20.985939,1.153828,15.583738
-10.046932,-2.200265,41.594177
-4.917385,-15.455925,44.043713
-8.769320,-0.945825,53.675480
12.092699,-32.165237,38.741093
4.467690,23.528339,37.254498
31.818304,4.224899,35.272110
30.126944,-6.276594,51.510937
-6.724632,-16.820843,30.720554
6.023374,-20.759043,28.007988
13.259195,-12.346395,18.693417
-6.537242,-7.708717,45.562557
-6.155863,-19.255463,35.929684
29.814264,6.330896,45.632195
-7.417063,-19.847672,21.700062
33.410580,-5.263583,44.402416
-12.001123,-0.465529,32.845074
19.872097,-23.565269,33.254349
12.521938,-20.668261,26.416935
-20.047668,-10.107939,23.742500
-10.464434,-29.113207,47.693851
8.059032,30.331469,51.685425
15.585184,12.536943,49.465034
19.656361,19.541330,39.682613
26.776173,-8.300569,33.954906
30.901752,-10.344069,42.197548
29.753551,-1.954019,21.142027
-14.468849,-10.537274,39.592289
-7.683767,-15.585920,39.065784
-14.008973,2.039826,38.198009
-10.955862,-34.090973,46.429611
-18.231016,-15.002040,33.046177
18.424246,12.382578,38.706627
-15.215624,2.685521,21.875351
9.840558,-15.560310,15.740636
34.419655,7.961381,45.425896
-8.921034,10.128336,14.177227
-5.497465,-10.710557,18.287630
-2.969151,13.039192,22.713968
-0.186247,-32.097427,51.764206
-2.232403,14.578441,49.034859
23.072777,15.580566,47.903522
7.603525,-12.359864,12.046748
-18.766590,-14.786867,23.205725
3.520031,16.100061,23.565340
10.000799,-10.479920,12.013213
-2.600854,19.516855,33.242641
-7.248335,-31.926197,49.015144
27.377123,-23.511665,51.301128
3.884114,10.968434,35.591969
-28.517349,-6.108276,26.180809
-9.970559,-14.067150,33.181438
36.407669,12.994658,54.519112
33.750408,2.049166,34.701645
17.226822,17.699757,28.388002
14.404949,-20.556271,31.028784
40.499657,-6.138425,52.179150
16.657059,-28.044535,45.796429
28.563250,12.415236,49.011131
18.616943,13.984179,52.700268
30.025730,4.323747,40.946415
1.416137,13.231621,40.968723
22.822008,16.571869,43.228138
24.745605,6.180942,25.340525
-46.935131,-2.292273,52.333382
34.564995,1.829436,44.646275
-16.466818,-8.333611,40.794582
17.992105,16.464939,47.477013
27.202124,8.172338,42.519657
-35.492275,32.172386,44.945797
19.987906,12.035665,33.328590
31.242966,-9.967192,46.229858
-1.341639,-29.712927,32.829929
34.300755,-0.827179,29.907324
32.484329,-2.022917,39.484867
-5.619937,-26.393492,38.106823
24.691528,5.478799,40.206604
21.243502,-22.415998,26.127577
2.331944,-26.816900,45.772224
15.486743,-31.900913,50.575283
-7.749712,4.175903,54.261505
18.588858,2.852955,18.417624
1.941747,14.580007,54.371315
23.415655,17.182037,38.338551
5.556104,-30.804760,33.130314
26.412825,3.083417,29.760839
21.388237,2.390885,13.119902
30.557470,-12.986200,48.942413
-6.120244,9.688539,13.116677
14.942603,13.964602,18.676580
40.422047,2.282444,52.595459
-2.983556,-30.989059,41.417023
19.178806,3.260600,21.728750
-13.686669,-9.577209,31.108299
24.802269,-15.594045,52.806751
32.766346,18.145725,45.486889
-7.016425,15.720180,24.512732
21.257412,-24.832117,30.729828
23.813084,4.909114,35.590885
-0.429303,23.566778,37.249580
-4.759497,-22.523653,34.642021
20.507006,-18.501638,49.851559
17.287361,-16.997173,42.493675
-8.061510,-1.965778,33.322594
5.031588,18.842705,23.651545
11.801393,10.538660,34.820122
24.387691,18.468496,34.572807
22.877924,22.262396,54.148010
32.226433,10.913541,47.199436
6.795321,22.922890,51.245361
-17.919422,-28.204601,43.731709
-41.346333,-14.016606,47.994102
30.241528,-7.551881,34.358955
-18.237171,31.549105,39.585247
3.133702,-13.219549,7.764115
1.617611,-28.757915,49.363949
-2.901786,25.011883,44.757298
20.723608,-0.817620,25.195768
24.057350,0.384565,32.359966
32.684605,7.547447,42.520958
27.086779,-12.336788,52.223042
37.782539,1.689968,47.719650
26.238037,6.962845,26.283306
-11.243826,-11.988908,45.285851
8.643521,18.394859,52.548401
39.811096,-10.828126,51.328655
-17.448280,-20.728767,39.919930
16.172022,8.157547,34.159538
4.056993,-31.914127,53.744465
4.938350,23.126213,53.143147
0.718684,17.758415,42.676071
13.094365,-20.529076,29.888390
-35.400574,27.201818,33.257954
30.393190,15.526735,48.072632
22.450521,-20.491714,46.357220
-13.353463,11.601213,14.096214
5.406204,13.095721,11.684117
21.520412,-6.617046,22.500839
19.196814,-10.877570,12.316485
33.790215,-7.439428,31.733206
12.510910,28.455008,54.056377
1.685361,17.453245,54.293419
39.540848,-3.653359,40.913895
17.975304,-14.995229,16.291014
29.919493,-12.054501,47.108246
20.966097,11.761198,21.005611
-6.880724,0.184813,46.972210
32.519650,2.599903,28.627825
-8.476413,10.285927,45.576241
-0.329926,-22.426916,51.277763
22.987032,2.364650,33.632690
15.276010,-19.221355,29.376839
24.100056,8.676296,33.240597
-1.563441,10.957574,48.353939
-8.538139,-20.530548,31.992615
20.557434,16.804035,41.500820
-9.436155,-21.545406,37.839069
8.139590,4.306361,3.887045
19.325459,-12.900167,19.147013
20.843746,-24.555950,46.464371
-13.941190,3.661820,17.232801
-18.162395,-3.207337,46.478291
22.002148,12.191118,28.467297
4.929842,-21.985949,19.387459
-12.687576,3.285354,23.677601
0.504679,23.804117,24.960222
-1.063950,10.600610,8.866749
35.058456,-4.521068,32.817997
-3.573500,-21.826315,46.408993
-0.216841,-16.546297,42.665806
-9.553581,-8.571482,28.201750
-18.238537,0.798549,43.936195
-12.493738,-13.123231,39.779331
-8.484211,1.655493,24.950645
30.955526,-5.652720,49.149647
38.540573,-5.597352,39.183449
-13.325998,-5.951498,10.932202
34.819336,-14.910583,32.059135
15.733827,19.169386,44.394730
-6.427213,-20.426968,41.749691
26.047861,-24.329453,40.646042
0.072425,-21.195374,14.207051
11.258085,19.038944,45.332432
28.374302,-20.552841,44.338329
17.938484,-30.279305,40.847355
1.258157,-8.295130,4.304270
18.694874,-15.994702,22.338535
-11.546419,-28.753590,46.216484
1.054863,-19.299925,15.263494
3.906099,-33.239071,45.059731
5.365578,22.355219,45.121796
11.683476,18.117599,39.231636
6.914515,-21.500370,19.230957
-6.715190,13.155530,12.861329
-2.055535,12.212767,29.046072
36.659203,-9.793438,35.246483
39.502251,-13.304648,41.213490
7.107658,-23.156212,46.387852
4.682890,-19.225273,12.389987
12.869421,-21.929110,51.181110
29.752150,-7.604943,36.217087
-2.858333,-8.051052,5.868490
31.296320,5.295885,28.420076
5.340827,9.080275,12.685286
-4.351764,-20.819017,25.365608
8.048157,-19.693312,15.537097
5.174274,8.022320,46.244740
2.675518,-12.614161,54.279003
20.131168,22.184694,45.132084
-14.742119,-2.663425,35.034908
-11.118196,4.701460,45.637760
2.900882,28.424465,41.952213
-7.849526,5.659404,15.296660
-1.832988,-16.603060,9.089873
-2.131840,-21.214842,19.544313
12.880036,19.816690,52.260521
-5.953170,20.674362,23.650007
-0.971029,-18.763685,39.972706
19.927086,16.033659,47.258797
7.400128,-25.600943,29.159590
-14.594564,-35.064480,49.609638
9.156919,14.463694,29.236095
4.848355,-26.214746,22.960171
-4.632942,2.217572,37.412506
8.455701,-30.413845,53.856552
28.266647,-19.002932,35.320019
14.666401,24.562647,46.934692
0.402861,21.407030,34.708923
7.071910,9.251676,42.668385
12.624763,-22.835247,18.233305
8.428596,-25.450611,53.258476
30.070602,1.780537,37.195072
-12.382738,6.442283,47.989109
30.014034,7.224569,27.915995
17.907425,13.171157,36.846210
-1.996337,-28.984169,35.271305
-2.030867,-24.341639,37.943977
21.112318,10.538248,34.090431
22.373932,-10.728978,29.322912
19.562906,-12.402439,27.006174
-15.173124,-13.981450,38.958214
23.336102,9.751359,28.456827
1.767119,-18.543144,10.289651
5.854279,-15.694774,11.011976
35.806328,-8.645917,42.894199
-6.013956,-24.965441,36.254787
-10.452984,11.430424,45.878960
10.919912,-18.833887,34.383049
-7.973361,8.634164,28.713892
-14.407166,-9.651602,29.086529
7.889111,15.088039,23.358526
-4.227132,-22.040565,23.336653
3.123505,-16.911444,10.334748
22.985514,-12.740054,27.209358
-9.976885,-2.757518,7.119463
21.098907,-11.278088,19.690302
-8.783305,-34.318077,50.195992
18.870007,-4.080238,9.681828
-8.020779,-5.247376,5.343647
19.268141,-20.563026,28.826334
28.377996,-15.745310,40.546413
21.976835,-21.761812,48.770290
38.411095,-8.630632,38.399246
10.493244,18.186266,25.326710
3.170934,-22.536036,27.927444
12.556911,-24.859303,44.320625
10.959715,-25.389931,40.771465
2.256769,-23.461388,41.523430
29.364489,-12.191204,24.789936
-0.706912,14.423283,48.077518
11.691648,-17.636017,39.226021
2.740351,19.033789,24.680346
5.849391,8.477476,8.430354
2.988978,20.883049,26.398365
-3.597963,19.778395,50.697994
-16.969511,-17.793888,31.183237
17.423738,6.017773,26.822882
22.117897,-22.363087,35.799435
7.163280,-20.021889,12.430066
14.136300,-24.454002,54.007088
32.455650,6.048567,32.195740
24.356775,-28.699448,48.084160
11.766062,10.194149,32.532310
29.102978,-4.070335,29.595541
-7.096607,-28.125618,33.198338
23.509993,-19.171936,50.010113
-12.174621,-9.440044,22.887913
-13.671369,-10.640929,33.449257
15.457350,-18.444599,41.700485
26.510685,14.300978,48.946804
-3.875187,-18.887480,23.989285
0.846004,29.028761,41.789547
2.926594,-18.716715,44.971722
-6.780279,3.529187,43.051113
7.481722,20.268179,40.924358
-10.306675,10.416875,23.102192
2.964559,-15.435648,11.624550
0.330488,11.736796,46.760124
9.974756,-22.298456,31.639910
33.066128,-21.869463,51.212166
-9.707983,-21.376345,29.995993
28.716619,22.384356,54.206924
34.507233,0.146708,53.974697
-29.636305,22.532728,24.674341
37.227261,-16.433344,51.766716
7.979668,-21.694368,28.986837
0.985095,14.976955,20.248352
-3.248194,0.646687,43.417892
-3.721293,-20.793879,42.491673
-17.959234,-7.011820,35.376026
15.199127,-20.084385,54.151962
-8.707557,0.273443,45.301060
-3.312258,-28.762596,32.078659
3.203101,-21.803677,14.575311
-1.303876,-20.317825,13.004536
4.949805,19.836878,27.997267
-11.757690,-2.250149,51.125069
18.075262,22.976032,37.928551
-14.883990,-18.301720,41.679459
6.913743,-29.350416,47.695999
20.015587,21.738033,48.021656
29.913486,-10.638027,32.659370
2.821997,-15.155078,6.960532
12.446278,-14.403017,19.293711
-5.373881,16.228952,37.634434
2.287569,-18.221233,19.166082
11.999655,15.732644,30.991810
4.216629,-17.048552,8.671880
0.237931,21.685818,36.742493
35.813824,16.036814,48.700935
-18.382772,3.944998,39.195000
1.599442,-23.671452,18.943218
24.839149,5.295388,28.047905
-3.531025,-15.216383,12.902492
32.001217,5.757411,41.007549
22.407867,-25.565470,52.673954
30.115034,-15.821801,34.322807
31.976671,1.430476,26.805416
-1.825038,-30.761833,34.385990
14.443104,7.859347,14.924267
30.495644,9.541652,47.391212
-17.933216,-8.652856,29.661177
28.090281,6.068796,26.052917
-4.807396,12.696543,47.213493
17.792429,-16.628532,47.891090
29.187639,-17.945587,49.098351
-10.142577,-20.054596,21.753159
16.797977,24.236025,46.544899
15.087233,-21.815342,50.015766
37.135761,-8.692383,39.901592
-8.473693,-12.814647,44.138294
30.460152,-17.369225,31.780972
12.473145,5.762973,13.635879
5.353398,-18.636786,27.416668
-0.755266,-28.388000,53.564945
25.831717,-2.486503,31.448235
6.878653,9.945290,49.696533
-15.533956,-2.418064,47.281258
17.752504,13.014906,33.293201
-21.359623,33.713413,54.378208
35.914860,4.134194,51.492466
-23.084391,24.416733,22.326157
2.962110,18.974375,22.101658
34.190372,-14.243859,43.694363
-11.606968,-18.883722,40.022396
25.871231,5.130863,21.389423
23.038166,19.787598,44.391151
-5.131193,-23.383545,29.294613
20.836414,-22.411583,50.871971
-36.462975,30.421907,51.460247
4.943140,-20.968864,13.623745
-4.356284,-19.663090,34.599754
13.275354,18.002737,41.097134
-4.120973,13.890055,15.214924
0.502002,-32.433968,38.789749
-4.323090,24.218493,48.078762
5.865663,-23.287384,32.897705
-11.928231,14.781685,30.757910
-16.672955,-13.410227,28.330381
-0.847335,6.326593,46.634388
6.861274,-30.231455,31.264027
12.441135,18.959015,47.129295
26.925871,11.247830,45.241169
-11.755188,-2.135089,47.139965
11.872066,-21.775610,54.400547
-5.523934,6.402517,15.076274
27.689264,-0.351239,28.879147
-1.497398,-29.172237,42.816837
36.312363,-6.164185,32.586739
-10.993540,1.598390,20.632738
18.769974,12.096320,30.439135
29.886871,-17.224100,47.329990
3.531638,10.855616,49.427616
-14.161229,-16.329969,47.119175
28.818916,-14.806573,30.584587
6.859667,19.486193,53.248653
8.926616,-23.119057,40.515377
-7.555586,29.925924,41.902607
13.839109,14.316786,36.290844
-3.564620,-17.633747,44.434517
-0.078877,-25.406731,44.493824
34.982773,-0.471719,44.031170
-23.516125,-2.207757,21.098774
19.514624,-20.083963,51.367832
30.421114,-23.003298,45.837631
-2.102635,-8.885847,49.828617
4.027571,15.830284,14.053807
-2.420507,-13.057814,11.735286
3.439459,-23.446596,25.940426
-47.920315,14.553671,53.993927
27.659115,-8.171117,31.443556
23.574062,-27.026911,42.423470
-5.579049,3.513392,13.974012
-14.040932,-9.444419,36.837952
3.443894,26.602198,34.925854
6.585689,10.786521,40.485413
-5.152182,20.975861,44.719128
13.335738,-25.432926,35.432648
20.873753,0.597527,13.510642
-5.735852,10.088654,20.540110
24.740602,20.889103,43.497459
-15.843409,-20.912834,34.430733
12.118895,24.076683,47.050335
20.965759,-25.692848,39.757648
6.275644,-24.137022,44.806362
30.989498,-14.029757,34.477184
-9.311312,7.526840,48.642181
1.627354,-20.200869,44.588055
19.611937,-9.304586,19.344067
-16.368958,-5.050964,41.629539
16.016369,-24.153492,49.130840
-14.018737,-16.433794,24.393255
28.701229,3.024068,41.088726
-14.758116,-3.557484,33.174774
31.970564,-2.566733,36.168198
13.871545,9.223904,20.407782
5.796487,-21.259613,49.040279
31.662657,11.292116,50.177437
25.273542,-25.643312,46.306438
-21.837328,-16.379139,32.025776
-15.747150,-19.768766,31.632984
28.245012,4.408385,43.404453
-15.753888,-5.248583,35.595131
-8.574200,-3.633373,40.918926
11.496796,17.489134,48.117264
2.837560,-30.227093,37.362549
-10.645493,-21.313000,34.159500
34.594406,0.862670,38.753208
33.828709,5.412650,36.270576
-4.423603,24.571867,37.164371
-21.794983,-5.186390,20.684895
-18.345690,-0.403993,18.003311
22.863180,8.078367,27.772039
6.101884,22.663914,37.462742
1.712481,-30.086647,31.451258
13.248330,-18.682648,53.736282
-13.065184,7.385722,31.971415
10.776589,13.575402,45.065277
-8.554476,7.601429,15.858042
12.748833,-23.192886,29.334185
17.530928,22.984201,44.080441
28.250164,22.583046,47.402397
16.938919,7.414303,36.546379
35.277077,-4.208661,45.060623
28.441111,14.066985,40.658058
33.565639,-12.208488,28.709990
22.018490,8.517374,40.091576
28.514194,-19.253180,28.034843
-9.276294,12.532351,40.194065
-6.462759,-27.752560,45.688412
-10.351094,-2.073997,54.369789
30.434275,4.579142,25.798416
-6.843000,-13.384411,46.438198
13.241378,1.697934,13.488272
16.794628,-2.277718,19.082935
-5.655117,-19.868908,20.358124
22.710423,-23.358061,46.541847
-3.703023,-9.201731,51.288261
25.141224,21.545120,45.966587
4.248979,7.729917,43.488216
-3.189603,6.448308,14.169798
-3.050614,4.848692,47.447655
24.362007,-26.506756,36.154179
26.697975,-18.242399,29.133154
42.003345,-5.012585,46.836414
-14.523116,3.440106,13.470400
13.134881,15.079471,18.067463
-1.850543,-15.878647,19.511002
-16.028511,0.264176,46.593616
9.473356,20.297649,51.500969
36.050861,-15.266555,40.730022
-15.205717,-2.291992,41.917072
-12.141190,-0.348439,41.364506
-12.569573,-11.162098,52.510433
1.839268,-21.084173,13.364335
-0.976160,-26.043409,47.433060
0.925725,-24.158587,25.319494
40.947079,-4.407793,44.627708
23.547827,19.575792,47.118786
32.764870,4.883842,52.315811
36.289921,-1.650735,42.001869
19.102844,13.099269,21.090202
4.876823,-13.452011,54.138832
23.019947,-17.415178,48.925591
17.290379,19.177744,36.502087
-5.328828,-29.026209,35.566002
-10.478781,-15.900508,40.003838
-4.750319,6.044397,33.699261
-2.444937,-17.018288,37.079475
-10.635796,-13.788945,39.785965
19.362728,-26.405323,41.074417
16.000317,21.754267,54.228256
-13.962709,-0.014985,40.071316
16.413454,25.238026,50.008564
12.695190,-14.051813,50.723598
27.291943,11.348986,37.137108
23.607994,-28.706087,44.768330
28.838131,8.672803,36.949791
16.121559,-29.697052,33.233288
-10.612386,1.467438,18.794662
-14.452883,-4.871832,43.531799
-2.791508,6.457841,46.339787
-7.596522,-1.290032,12.515117
-6.321949,-29.261625,49.633633
1.941197,-30.821804,48.878269
-13.913841,-23.623148,41.537018
29.223366,0.506638,30.823803
-12.414790,-4.383564,46.758923
24.342884,-24.245872,48.170879
12.261037,-15.067432,52.498608
31.273972,-11.751922,30.551926
13.027734,-21.514193,15.585108
13.487546,16.942818,52.098175
-4.943553,-16.772404,45.402740
3.240370,26.801268,43.031624
-18.662863,-1.724785,16.601706
16.192888,24.644005,44.056828
23.888556,-10.256989,22.551884
1.096997,-21.848206,48.375191
20.556229,-28.376188,35.720230
-7.398174,-8.643494,8.504631
28.278402,-19.301764,33.293808
2.878072,-28.052807,47.699558
-9.036656,-5.458771,34.012447
-8.866049,-18.557798,22.731258
12.772031,-14.791083,22.578133
-16.060585,-7.566957,44.233036
30.537182,-6.236971,32.010677
28.631960,6.825076,49.246372
5.703176,1.415476,6.342639
13.656346,2.418460,18.578716
3.736067,18.548681,31.669342
-1.553625,-34.929489,51.976116
-12.094645,-13.769998,45.626450
23.236715,-25.044151,36.490849
3.790487,15.423844,42.871353
20.061628,-29.661720,41.878963
5.312837,25.716894,34.259510
-0.855017,-8.617670,4.851161
-5.669405,11.365657,31.450344
31.470678,-0.596831,51.518044
19.553837,-19.854845,26.175680
-11.012462,-9.852722,29.724640
29.517233,2.804710,34.684761
25.523899,-19.062559,33.876972
3.041942,-16.603283,42.891850
-8.830194,-2.571152,45.709877
7.884865,15.691843,40.172382
-11.215961,-2.381808,49.127392
12.408649,13.993938,42.356712
21.666998,-20.308578,50.686977
-1.780528,-13.570827,18.336721
30.835949,12.662537,36.131638
-5.168561,-19.013535,43.260372
-7.673310,-3.549828,44.378609
37.182789,-6.429455,40.582737
9.766465,-17.752586,47.446285
16.700247,15.422712,26.265078
-12.860732,-0.405829,38.419788
10.168677,20.433739,32.643528
22.115229,13.359760,32.694649
8.275925,21.273609,43.611382
32.764462,-23.012640,46.915436
17.265299,15.151784,22.700153
-0.832477,-11.255700,14.217359
26.188768,-8.032750,17.023109
-14.092607,7.796018,48.775913
18.719524,5.836933,25.124905
27.157644,-13.398595,41.954731
9.913716,9.895516,34.464260
5.625474,15.297801,23.240509
-2.338036,-22.710789,33.939865
19.500376,-18.357372,21.948606
35.773602,5.040176,40.403893
2.656940,-12.318057,9.722045
12.315091,19.199373,24.521297
9.666665,-21.303421,33.507298
33.597111,-8.216332,26.989830
7.515220,22.630562,34.467697
-3.877703,1.258798,2.740171
-11.329057,6.750073,20.011156
33.467651,4.357094,31.314135
17.695807,-20.130007,25.229723
31.715000,2.956361,36.874992
15.950329,-25.307013,43.218842
1.012915,8.662846,37.617310
-5.214982,25.254457,29.031504
16.905258,-17.476580,28.035400
14.981041,-21.691591,43.646778
2.213661,-18.215134,41.425228
4.059706,17.590393,25.752064
1.601778,19.389215,26.334822
-7.980001,16.473507,34.940361
0.260277,-19.613850,51.873573
15.992666,-14.887717,50.582695
6.398072,15.093625,47.166904
6.143772,-17.460789,46.405098
-3.052033,-28.184885,41.255524
-11.853525,-24.723404,33.751591
13.654652,25.995020,41.608154
-8.781628,-18.419918,28.763121
8.847631,21.989061,28.217958
-5.752056,-21.953960,30.864805
-16.537748,-20.639641,29.396639
-7.936099,1.457012,54.339657
3.474857,-11.242160,5.164253
26.542917,-15.784774,40.616966
24.525307,-21.079100,52.329334
-2.384848,12.772614,50.985439
22.721642,-26.139431,44.179474
-4.470798,8.209256,31.138868
10.004796,19.349064,43.394608
-26.123663,-6.162799,24.234940
-13.689279,-2.776673,49.734390
3.788485,17.852385,28.020376
-14.063345,-7.356617,44.065590
-1.340598,-17.616413,28.565798
35.328136,12.913096,49.576050
-0.836745,-18.916231,42.806545
6.514781,-30.676775,34.740013
34.764469,-8.149601,39.441013
1.146777,14.802984,33.197929
-9.932970,-13.002692,25.243162
6.098365,27.607317,45.762188
-8.974244,-28.797518,34.921349
21.981703,21.395929,44.993626
4.566401,9.730760,18.274614
-17.064178,-11.737819,27.433687
-11.169398,-23.678137,27.666477
-12.742237,-9.771492,49.011021
41.104454,4.047839,47.117695
-2.769187,-26.399454,48.476215
-8.921578,-18.660753,35.815659
6.387619,19.906853,34.959435
28.249361,-9.631057,50.015827
27.948973,12.074945,52.114353
10.796972,-24.643644,20.510914
32.941902,-19.663725,36.932461
6.152909,29.023275,44.627815
3.989366,-25.460695,27.752716
19.268208,14.700020,27.111528
2.379970,-33.328876,41.458412
1.619625,14.482654,43.978573
15.894674,-21.919147,47.285393
-1.276172,7.180001,37.267113
-9.330334,6.880302,20.395241
33.804783,0.188643,45.514500
18.981396,-15.597453,33.528877
28.867117,-23.888710,46.875481
-12.739573,-17.326637,43.828300
6.867308,25.834888,46.749935
32.852352,-9.104561,39.865799
26.919062,-17.078152,27.500555
30.783623,-22.300961,50.269970
20.378899,-20.062260,22.844477
-2.880792,-23.520868,48.259125
23.718304,25.048273,47.974342
16.891323,-17.950792,13.641952
-8.616961,14.318427,45.149300
9.506345,12.259474,43.729271
-6.915891,13.679211,52.409981
0.156648,15.837143,38.481117
2.732488,3.505968,4.944347
3.302686,-15.204687,47.052429
17.452593,-25.995962,47.557766
-3.059017,9.522090,8.937243
26.970211,-12.782687,34.964962
18.859171,-3.154733,13.369289
20.027260,1.457616,22.424700
4.145898,-22.383188,29.635590
6.266505,-26.727623,25.114197
8.730993,-28.632368,31.788673
35.861923,1.833818,48.819733
-4.859823,6.605010,45.794746
9.087533,-28.676928,47.274998
-3.822869,16.108908,26.382545
8.348772,9.757034,16.117796
29.232189,0.583453,21.612803
29.596767,-18.672756,44.028423
-10.209900,4.158824,43.244629
27.276867,19.500654,44.588989
-8.280793,12.902652,19.142677
2.722546,-26.222940,23.124151
20.972507,-29.000586,37.448730
13.699247,-12.772594,12.439247
-2.268553,23.526958,42.154900
2.778077,-29.017607,29.566967
2.429955,-28.339788,43.793472
40.517128,-0.851535,43.364616
-2.132588,-3.311919,50.373661
-4.428958,-30.679708,44.605804
9.296776,15.660453,16.856325
14.160562,-19.386423,47.407425
5.099413,-28.297140,41.915089
-17.068995,-12.209991,36.929173
12.817224,-19.712990,13.191885
-11.036248,-17.935093,22.143360
16.120178,-26.308401,46.271339
28.824459,-15.023401,43.279736
13.462744,18.534210,37.244091
23.478252,-4.491089,18.518826
25.591524,-13.022952,54.191044
18.323690,1.291657,21.579462
-10.819555,-24.779419,40.917606
-15.838228,-6.844595,14.664625
33.030910,-13.063714,41.020111
35.693123,-11.565981,52.611637
15.433930,17.805984,29.900789
28.631687,-14.022505,46.650444
-11.931547,0.281417,10.337334
23.046593,-9.891054,24.600117
-5.422955,7.246533,29.295387
26.453318,7.138313,38.360847
-16.036848,8.720678,17.010260
-14.135412,-15.453686,28.555634
-1.651186,-18.613518,51.741028
-7.256577,-13.458833,30.772570
-15.484551,-6.891044,24.775930
-7.270559,-34.672237,48.924080
31.838888,-22.013445,52.692284
-9.948431,-4.323668,49.247898
-6.254962,29.268749,43.292278
15.614938,14.291039,34.284370
9.323830,-22.895433,44.941032
-2.678313,-21.065008,32.686401
-2.972854,11.832031,46.361847
-1.539543,28.995384,36.666069
-8.733032,1.927374,18.478212
0.574502,10.584730,20.060686
-13.174405,3.565970,40.112488
4.679893,28.559481,42.820393
11.741184,-26.181215,23.349401
15.697109,15.516295,21.395569
-11.294088,6.372990,44.534744
19.032045,14.570901,45.397087
0.704583,-25.742863,46.335709
-9.910222,-13.131457,48.169971
4.265720,-29.319653,43.543610
15.285819,-24.011141,46.173683
10.996462,17.615538,36.677547
3.825158,25.162296,45.432674
28.334972,-9.336327,35.866547
21.318848,11.498116,31.402861
20.437489,-0.666669,22.227512
-4.213649,0.652324,50.965004
-24.690344,33.875206,44.092045
22.293226,18.071665,54.419079
38.363888,4.521161,46.189064
-6.597528,-22.774693,35.975018
17.127699,12.626058,26.427679
13.056025,-28.239594,45.435524
5.659737,-21.300623,39.977444
-0.925097,24.957081,30.820902
8.532782,18.272484,54.544071
17.066032,0.876128,18.884348
20.160053,9.813962,17.937674
-2.918703,18.346773,47.701023
14.578086,12.735825,29.070929
23.053202,3.612909,15.741776
-10.706468,-15.469174,29.589058
9.322580,15.933582,25.573999
23.532297,-14.221540,36.899593
15.800155,-1.658407,14.086388
26.326275,-11.264181,23.424423
-15.652262,-29.890926,40.758595
2.658332,-21.038483,23.033678
-6.375182,4.538121,18.453447
27.679707,-7.021506,29.742184
12.066632,20.533035,40.668892
1.453188,21.668524,21.496239
20.135832,-17.816801,44.220100
-10.484040,14.068818,45.758854
23.175735,7.681376,36.015335
-11.847532,4.354926,26.940556
9.669384,19.209257,37.286293
30.517780,-5.797620,42.836685
6.294187,25.393553,36.569805
7.973723,-18.240252,54.459839
-12.462475,5.348003,15.362935
26.645449,3.418988,31.599819
-12.709087,6.422719,21.732845
27.516554,-25.183489,49.269440
19.611298,7.725921,15.997317
-6.126898,18.883282,43.606045
33.510502,-5.871798,29.858622
5.595990,-29.663223,38.476143
28.398411,2.757000,26.284519
31.669533,-4.786703,46.256992
-12.140867,-20.755316,39.523335
2.982362,8.831542,53.201855
22.235889,9.861327,30.823898
3.114422,-24.437023,20.813559
35.029831,-15.229882,54.197060
-9.915821,-5.865716,48.095776
23.905611,-8.559537,20.736034
21.011503,-17.918375,26.805538
25.985106,9.924296,38.473392
1.496247,-13.750071,11.093348
-7.754296,4.076008,22.100725
-4.629615,5.919628,12.408633
30.093931,14.183949,42.686848
-0.387326,-12.884602,12.991500
39.923134,-8.439301,43.252342
10.105838,25.631269,54.234245
-6.995224,-15.668362,45.568108
-4.653300,4.261972,37.398716
27.764030,18.185303,39.365894
-6.965723,-11.591066,14.742490
-9.310449,-23.636467,47.159363
36.782249,8.237906,48.941654
-10.281394,13.907644,14.071603
-1.557618,6.429020,44.570244
0.702823,29.623131,43.620926
-3.505147,30.888990,45.330246
-8.724460,-20.909569,20.832359
-9.878648,-9.431317,11.562604
18.416576,14.014394,41.115425
24.733932,-16.106546,39.538486
-7.322370,17.201057,49.053032
1.892520,23.016476,33.829330
17.231939,17.564180,31.766075
30.802391,-15.666373,38.927532
-13.099560,-11.461826,37.834049
-2.928502,-20.211227,30.196474
-1.536368,5.763873,8.299770
-13.293875,-9.272496,38.649437
-12.089028,-16.121071,42.182331
-5.911451,-16.997164,26.849453
-10.666595,1.670274,41.487091
13.491228,21.026415,42.094627
11.412288,-8.072982,11.262785
-4.325110,19.173948,48.904541
32.636475,-3.213017,52.199894
32.396618,7.672760,48.820778
26.033239,-16.681177,23.254084
-25.315111,-33.391510,50.218567
12.619550,16.456438,37.887573
9.152813,-25.609835,22.939060
10.042866,-26.888557,24.310558
7.037308,-21.789473,54.541458
-2.076729,-27.445393,45.334595
-6.181887,-16.361408,47.627094
-12.955679,-21.249966,35.233555
23.426292,12.212500,24.946674
2.954680,22.552345,30.636686
10.426772,-4.754491,4.641033
22.451694,-17.387516,16.203617
-0.437115,-22.834808,34.478851
16.659170,-13.359118,49.610455
35.131142,7.590135,37.638306
38.133469,-9.524223,42.345016
33.759724,-6.074664,26.553318
31.484552,19.200289,53.359306
8.681026,-31.514399,34.125217
20.110291,4.778818,32.296535
23.398119,-22.914768,54.286129
1.393976,12.636148,14.628007
-4.089262,-23.166861,20.317129
10.087692,-9.824568,14.622805
13.211042,18.752264,31.316410
6.149321,-19.510128,22.217850
7.683270,-21.838833,42.099873
37.989193,-1.601555,37.397923
-17.483135,-1.395538,41.167603
20.571205,14.518510,41.732635
23.378357,-20.673639,34.690189
8.189233,-23.712759,37.025185
25.461102,24.575092,47.526337
11.172245,13.474281,39.087822
-5.566133,1.363209,13.321209
26.504099,-22.006924,52.286983
-12.341669,-13.800157,28.834217
8.815034,-22.782053,35.497814
-10.586836,6.921427,14.871492
-12.220263,8.125128,46.421085
11.902665,-20.273161,47.737179
12.005705,9.531649,40.351463
-28.598194,31.910295,47.839973
29.524973,6.309863,40.803398
11.084758,16.323454,44.744366
-0.094767,28.102024,51.031536
-1.040207,-4.283005,51.566090
30.914639,-17.641922,39.656208
8.654413,14.793264,38.696823
-5.795440,1.874886,39.006199
29.082956,7.427688,38.741581
-6.986710,-1.791554,7.344732
0.528175,7.330014,49.995846
18.263382,20.686804,32.720932
31.882097,-6.078302,27.616758
23.561508,-19.215088,22.390533
-2.134832,-16.257244,24.413126
-1.981170,-29.330214,54.480457
-7.510517,11.244136,13.119754
10.239049,-14.675385,12.722416
41.984329,2.821517,50.078438
-11.916339,-21.867546,31.963955
-7.724514,-22.116402,48.944248
-8.520643,-25.175730,49.795811
-6.926669,0.396122,34.098808
-9.625605,-17.936092,48.846714
13.546126,13.388947,24.786301
21.359507,-17.932192,47.021763
4.898653,10.238940,45.713051
-9.569880,-0.715915,16.241682
13.615335,-18.279142,36.444180
-25.031254,33.050240,49.381996
33.305527,-18.336590,49.732777
-4.414572,15.329292,13.742785
22.574995,14.185617,34.562820
-16.430557,-11.896434,35.114887
34.620232,-11.346048,54.303150
28.090992,-15.968817,45.217911
-11.038590,-21.289749,36.336037
-12.117125,-12.220994,30.392670
-0.420368,10.346461,21.700687
-13.231646,-12.662951,41.600979
10.520346,-18.443491,30.596344
38.470112,-10.761793,49.452755
25.872746,8.017637,22.785261
-14.808681,-21.657030,27.766325
12.282624,-20.789173,18.150511
22.525307,11.019235,40.670212
-11.081617,-15.467498,31.563475
26.357027,-13.563288,37.156197
-4.021936,-26.422823,44.336689
-3.261920,14.814729,50.990337
-3.058172,4.601114,8.695277
24.156652,-14.734432,21.686420
-15.674432,-7.031251,27.231192
-10.884779,-6.803404,44.251766
-8.893380,12.107582,47.375881
11.584521,-11.451303,9.409765
-6.292932,-21.145653,22.374899
4.984659,-18.688356,20.600117
16.881706,9.016716,31.573717
20.175840,-21.333355,47.055012
-12.721393,-7.107234,24.345907
3.394372,-18.924484,31.345446
29.539465,6.631598,35.361443
11.003160,-17.847494,24.107048
7.790499,12.955573,23.959345
-5.267043,16.564753,27.495901
21.457314,-24.396402,50.573826
2.235335,-22.015514,20.742395
4.651806,-27.858147,26.282961
15.798250,24.951437,40.326488
-5.618644,0.281662,3.970204
-13.548520,7.068738,45.273502
15.778338,7.420487,16.743593
-11.490265,-8.948730,45.526260
-13.723652,3.809096,15.257730
-12.846177,-20.887211,24.380571
-8.518413,-0.658004,38.763939
-6.202095,10.208522,27.861141
-11.144619,-3.174026,10.585733
20.550360,12.130725,29.789915
-6.666291,-18.377415,47.422661
9.643345,17.249348,39.669254
37.771824,-9.794089,47.175011
7.562725,-26.097364,33.700836
-6.883626,-16.915264,43.721615
20.837961,-18.538090,32.562592
18.833025,3.656131,30.839350
29.850563,5.926640,29.685556
22.291639,20.726582,49.975624
35.576710,-12.547867,38.436031
38.576553,-1.832011,46.792294
-8.633554,-33.272461,48.498085
-5.308268,4.664697,8.451544
8.395720,9.799364,40.480537
15.536839,17.571009,24.267792
26.568495,-20.958607,46.507950
4.556558,-28.962198,49.578674
-16.528463,7.259275,33.360695
26.578039,-2.589342,18.871281
7.851987,-16.992813,51.651817
2.667141,-29.792927,39.756733
26.578262,-16.141239,48.202290
31.001776,-13.739307,42.375385
5.363938,-4.574956,7.077695
7.725765,-19.155851,52.057674
19.337986,-1.891540,10.509621
-3.915161,0.975949,4.697645
-9.252693,16.463226,30.280399
30.584019,7.462679,42.235394
20.793564,5.592525,36.494610
-4.612074,-22.770164,43.000984
18.953794,11.311347,28.134819
15.585549,-26.960670,35.424454
-38.833420,1.733357,33.599766
-6.024847,-24.279726,40.943333
-9.224929,-25.511808,43.233330
22.880220,-0.770928,25.454433
-3.095668,-18.634384,42.476471
25.149282,20.808571,48.079704
25.620047,-12.347794,44.578484
21.791225,-7.588022,17.484316
13.268820,16.938520,36.066227
-5.666641,2.968307,7.380017
5.252047,24.528227,43.984314
-5.166738,-17.960297,31.511295
19.345974,-16.526546,49.326748
32.610004,-10.679564,43.081902
21.979712,-5.739826,17.321182
-5.717061,-12.023163,50.696224
-9.855880,9.292432,20.778542
20.609320,-9.113359,17.690374
-0.467315,14.487100,27.553801
14.850119,10.259658,30.177032
31.062700,-17.187893,28.894650
-15.396429,-2.574662,24.813915
10.943580,12.408627,37.311409
13.420222,9.869221,11.202020
22.585655,11.781180,38.550144
0.225254,12.463833,37.700329
26.077929,14.040833,30.231964
-5.911075,5.356850,44.161816
1.699610,-20.451817,18.596502
-9.588115,-3.432191,47.311615
-11.281039,2.618217,44.617886
-9.579413,-11.956594,50.461189
8.900220,11.161527,17.124512
34.991428,-10.096849,36.044811
9.241090,-25.499456,27.514240
4.012439,-22.354607,23.970627
1.493162,22.719570,29.572315
-15.781937,-15.713407,27.462576
-6.774098,-12.627207,53.766281
25.675688,-21.511238,48.855385
29.915365,4.716269,35.021053
0.702696,-6.361581,4.106406
27.591032,1.901625,33.357742
-7.089216,-23.223389,23.143290
13.667567,-18.776140,45.229153
21.192669,20.193388,52.018261
20.587933,21.127260,49.603188
-0.309635,24.233694,33.414619
11.791191,-15.523726,15.953951
5.075061,-27.444893,31.784246
8.779016,-28.689701,28.119331
22.245668,-15.741461,31.090889
-10.033854,-0.184582,42.578365
-7.971256,-8.924015,49.844444
-10.247832,20.239637,17.326334
15.717092,15.009143,40.682846
13.320229,-32.268166,40.245533
38.151165,6.561050,49.019554
20.014732,-25.205278,54.010250
0.767455,-28.437258,50.964039
39.472935,11.682940,52.765251
16.714382,-27.148443,43.926121
16.522940,-19.617348,47.105190
2.848037,-31.770870,50.572563
17.375711,15.800029,28.740679
27.279428,3.697130,23.864670
40.463570,-7.149477,41.674812
39.501488,-17.865868,51.906208
15.763815,2.591754,16.394806
-44.795811,-10.413837,51.982990
-15.217833,-19.824873,37.958740
25.374067,13.466718,28.508841
20.186460,-21.994225,41.708305
17.951847,21.583300,34.639523
-10.678666,-14.960699,46.583206
26.486540,-26.461622,39.139328
16.093187,-15.192767,45.713497
16.525570,27.953110,51.789574
3.639452,-20.563980,18.453686
-9.704276,-22.471937,24.259832
23.441830,-26.793451,45.696999
15.857847,-27.788485,48.183376
-16.011950,8.060003,41.763454
20.791538,20.115490,34.439129
13.574948,-25.477955,23.011927
22.554161,-18.961636,43.187092
-2.560290,-22.133451,44.192299
-5.173203,-22.370293,52.088356
-6.353654,17.187712,50.704105
-11.358854,-6.064593,23.107164
18.293358,6.373271,34.634193
-15.584466,-9.242682,35.053375
41.895592,4.589935,51.594978
11.507884,-29.928373,38.905830
-13.192134,7.485339,19.643675
20.314953,-14.607459,19.673321
6.008508,-16.974350,21.826796
-5.783995,8.025068,11.764256
0.087103,-27.483200,41.758766
-9.198833,-9.558855,54.025143
24.096306,-20.931986,54.598480
-0.578610,26.925753,29.982889
12.692337,-26.859558,37.304012
2.495830,20.682194,22.686003
-4.721996,-23.281328,37.421410
-11.492740,-14.700183,19.518040
14.852034,-28.768557,51.481995
10.370157,22.202372,43.497959
-2.388529,26.172274,31.284771
16.984453,11.971385,22.300716
8.532380,5.985349,10.226184
15.122499,-23.293360,36.065998
-7.364061,0.007830,40.653355
26.790386,1.583215,38.557430
-10.358264,-7.979241,47.286083
4.364847,16.975216,40.691746
32.851913,-5.837133,52.286880
14.541627,-25.647558,52.112972
4.922911,22.388508,25.587673
24.869474,-12.463299,31.467369
16.580458,-21.413237,25.985064
-2.453924,-16.796062,21.884127
-7.587045,-14.051222,27.217035
-3.413202,-16.902052,12.044182
-13.605732,-4.981903,31.879589
18.001736,-21.358309,35.387543
-5.198244,0.632940,36.373764
12.074491,7.343250,25.307938
12.748102,25.284161,50.557327
18.474386,20.412477,46.212093
-15.925310,10.109521,37.081860
-0.202560,-12.177353,7.945156
-46.256355,15.761311,44.874554
24.527895,-20.904221,45.376186
10.075296,-24.682083,35.411518
-11.291354,-5.029055,13.239463
36.767899,-0.526341,49.992126
14.938330,18.893681,27.580708
-26.754332,32.352551,46.889858
19.866858,-3.585784,23.060728
-7.213068,-25.039427,28.334797
-3.265806,7.743160,40.194782
-4.356243,-15.079443,26.905743
-10.841369,-1.154947,8.039262
6.949305,13.463553,12.730260
-8.202864,-14.247162,35.192692
1.696844,-14.443679,46.060608
13.704934,17.106527,27.167322
-6.097324,-24.024364,34.472042
10.096726,16.765690,23.663635
7.874779,17.127663,32.447460
-6.767200,-5.207403,42.007595
9.619300,15.880880,35.445755
-13.930532,4.392300,38.035973
19.195263,20.952736,41.087811
19.798790,13.654047,39.606770
11.416208,-15.664336,11.493816
7.263885,-5.692515,3.351144
13.221925,-4.214667,13.251574
-16.313999,-7.022397,39.280422
21.769897,-13.236361,54.272770
17.714504,21.981722,48.924355
0.266152,19.649855,23.548281
12.052867,23.637476,43.870075
-2.278241,-34.124710,45.677860
20.849003,-3.633740,16.449526
27.442621,-11.941717,43.511082
9.683125,13.583134,22.404465
11.242726,-22.498053,49.187332
-13.526039,-3.498189,23.553167
-2.358854,-19.736988,44.507259
10.597308,8.072291,24.031025
18.222706,19.480856,48.346214
17.071510,14.069681,39.853443
-13.695661,3.064481,54.033836
10.396688,13.030424,29.553606
13.232680,5.228945,22.282686
13.811828,-17.912775,49.150192
9.203726,17.391125,44.144691
22.102438,-8.810756,19.356514
0.471409,13.086317,29.158392
-13.165100,-14.984221,35.437138
-14.134414,-17.082529,39.738419
-14.934464,-0.451987,44.770817
10.611744,7.522543,22.028105
-12.105866,-14.124438,38.192013
0.243993,25.255310,35.985836
-5.068683,-30.797203,50.437267
30.238802,-21.624159,43.404430
9.554078,-22.853792,17.639399
29.690748,14.450625,52.449207
23.589680,2.278421,35.643867
9.443872,13.706968,35.727070
0.449830,-29.595840,39.694664
-13.912598,-5.689406,17.394701
22.483610,-13.642495,24.400478
-4.038850,23.662884,32.982609
31.194937,-24.225302,42.331242
7.982318,-15.944870,17.583582
21.096540,-14.722297,35.711590
7.491249,-19.596655,45.982273
0.828753,-12.178030,54.430622
-5.701861,-21.810015,27.097336
-39.185390,28.469347,40.359798
25.585964,-16.816256,37.925575
4.025684,-30.701582,38.775669
-11.897190,14.687768,15.240356
5.470546,18.561525,29.632059
34.493488,0.131091,41.365429
24.807535,-25.230671,43.573948
-32.709000,-30.381187,51.433765
3.039211,-11.756045,11.744059
-4.367379,12.087133,52.103561
-2.858344,23.008736,38.296822
-0.665034,-16.558222,47.136261
13.171984,15.754736,32.516518
-17.461691,-25.626734,42.240749
19.950382,-18.881964,40.367088
-0.100997,-27.878492,46.393894
34.963169,-4.555958,42.174347
-0.738095,-24.223513,50.639603
-2.850781,15.016690,43.679790
26.169170,4.597779,42.059109
-11.755049,-8.884030,39.997478
2.980374,-0.735034,3.433535
9.964860,-26.603884,45.275444
6.567178,-19.658049,26.429193
32.297066,-16.261408,34.984528
4.669408,-18.443798,44.126377
-5.511724,-6.042469,45.353573
30.121059,20.553577,54.455040
24.095486,-18.478886,44.891632
5.757458,-23.355087,25.588686
-4.443096,13.553657,24.398081
19.258175,8.050378,34.269154
28.934988,4.968746,38.983879
17.454298,-13.207448,26.118162
-7.683497,1.405606,42.083553
8.153451,12.835792,39.912197
-4.563657,-28.023972,42.760994
12.236740,25.199306,48.793705
22.156437,-13.162210,33.646881
14.469546,13.802976,32.285301
28.797226,-0.884245,35.490807
38.931252,-11.255575,37.846031
20.204706,15.564846,37.746681
-11.913914,-4.763551,19.893566
0.375607,-27.093752,26.454144
-23.584650,-20.424284,34.349571
16.455652,-1.768380,16.325926
-3.351755,-8.013519,12.944240
-3.877202,10.328631,30.400875
10.819849,-20.902811,50.615780
23.840841,-20.275957,41.865646
25.623672,2.739059,36.068558
-2.759856,1.148263,51.889275
13.516795,-21.073689,46.230667
-10.143569,-22.326540,46.049568
27.869341,4.968632,40.829189
-15.150937,-6.016912,44.903225
1.484674,25.088720,34.236694
0.563648,-28.657204,29.675571
37.297070,12.234754,48.818008
32.271736,-3.576652,30.853434
-5.294713,7.702667,24.057764
8.373774,15.041464,20.992643
3.652713,-21.267548,41.415615
7.434553,13.166710,20.891695
11.798558,-27.784634,44.028515
37.828262,5.044340,40.102230
-5.555172,-0.647379,7.715361
-9.410719,-26.701283,45.542450
12.290531,22.267105,40.551140
14.405311,18.512400,35.432674
0.220182,24.281485,29.423025
25.398462,7.599401,30.431480
-2.039668,-25.688852,44.416149
-4.964261,-13.673179,10.174195
12.919158,-1.547862,12.419668
33.742500,-3.399354,48.173588
34.962399,3.453353,48.047676
-17.634678,-17.789124,38.119938
19.572096,6.772924,31.614346
8.118485,-16.356562,21.382660
-15.181598,4.078906,39.753723
-11.912147,-10.491816,31.416590
35.917362,-12.006156,35.054592
-6.153037,15.721570,33.186779
-17.756706,-6.552871,42.258347
-1.593075,-14.463761,48.787788
15.470887,11.948575,33.551548
39.942787,-5.570594,40.589104
-0.298253,13.673072,33.896954
-7.695573,4.982111,35.920815
-1.318704,-12.622113,5.619314
18.599142,7.879497,24.983713
6.170485,-24.355385,38.386986
14.709481,15.611684,35.255302
-16.923994,-2.142402,38.081470
15.293497,-20.477064,15.318274
-8.090715,-23.835083,35.005520
25.172712,-19.093426,39.464493
21.140059,3.104662,33.715378
40.225147,-13.118958,43.176384
30.360508,2.487036,39.457584
18.784473,21.179808,38.224998
29.547947,0.088339,37.298355
13.781651,-19.198381,34.041584
9.741312,-20.297737,35.381058
27.924572,1.750633,35.345100
-5.203497,-20.523796,45.903854
28.809870,1.370910,38.744690
-16.178864,-8.824098,32.732506
15.126928,1.931140,13.938186
-14.340750,-11.783418,23.701433
38.620438,4.493831,49.868786
-0.236202,23.860909,42.045219
-14.446280,6.368746,50.170170
-1.462722,13.232285,11.752909
-3.574300,6.905266,48.559483
7.642708,-20.935381,35.496956
14.911007,8.888549,31.597233
36.726501,5.462739,43.372391
-6.733978,-24.295227,31.049551
5.835729,-8.399694,3.802799
27.470671,-10.419662,24.825912
20.582750,10.792928,27.615995
-34.531311,-12.313775,37.896942
-0.457090,14.610467,30.402157
21.061234,2.441068,21.054251
-11.526233,-10.612952,47.065586
-3.230114,15.246722,29.789480
11.361161,14.323009,49.878960
31.905378,3.794639,41.374245
1.674641,8.878428,13.143622
-5.293139,10.220200,52.119995
2.547117,14.083066,32.110142
-9.841625,-14.474068,37.474373
8.608764,-18.651947,31.161755
13.256737,8.669547,33.006958
17.326180,19.127312,42.634186
22.079321,13.606940,40.176311
17.457867,13.770732,29.707819
19.465750,15.568270,40.274963
-2.853492,-20.535692,48.034328
23.702837,22.366468,41.664337
-1.622755,28.388823,54.261623
29.406693,-23.102802,51.632908
1.706893,17.215179,27.869242
18.092619,-15.989733,35.094311
30.844658,8.600172,40.612667
-4.302227,11.783818,24.576834
-1.433573,14.910722,32.403816
17.192722,-4.299130,19.672163
19.543171,11.825884,19.785423
0.579383,-23.483379,44.046188
34.361336,-9.432140,28.867702
8.610193,23.456310,54.257603
26.424246,-18.573284,35.802216
-16.727964,-20.994535,32.732460
-9.249818,6.791612,33.144623
-7.821488,16.395412,20.872046
21.616257,18.253910,42.671261
12.018764,25.486305,39.299938
-12.289395,7.573578,28.287802
0.977076,-16.742985,45.416756
0.226153,-19.926842,28.588484
38.068439,-18.126225,42.694714
2.926738,16.585506,20.999777
40.719429,-6.433225,43.756721
23.624828,-22.949530,26.698349
40.449440,-1.398200,46.582027
9.119951,-21.792652,47.693478
32.604824,11.257230,41.885094
10.414193,-18.911848,11.602192
12.998823,9.943986,42.113197
-1.627577,22.149599,35.485062
-11.583500,7.826635,18.452114
-14.044443,-7.986295,32.720390
24.132879,-1.306195,24.059101
-15.809803,5.287427,14.299636
-2.122123,-27.529646,27.570150
25.968374,0.976471,36.874706
22.364479,7.595815,18.810650
-8.622581,-34.243332,46.711601
-17.119091,-1.670795,15.541088
1.908941,-22.280312,50.382896
33.239838,8.972438,40.640160
13.777901,-27.211182,48.295525
15.768502,11.796183,20.975298
-1.140674,-28.010813,48.260418
15.260795,15.693968,32.757519
-7.110723,-2.619104,16.188543
-30.964863,34.763977,53.522957
38.320038,-3.685243,37.692635
-14.759192,-21.532030,29.790321
19.845207,-16.693457,18.820139
-7.222912,9.020307,48.493698
-12.245037,-18.760391,46.501633
5.434007,20.496004,32.614632
33.420219,-3.687483,29.286860
25.875135,13.228617,37.005035
8.053848,14.681380,25.139977
29.891783,-1.017628,26.517441
18.044594,-17.023573,30.462057
22.528490,7.512406,33.016434
17.048187,5.206555,23.173567
-9.972762,-2.009894,52.270264
21.898249,-28.251877,41.185349
40.335857,6.305988,48.588551
5.361324,23.015957,33.118187
-5.840485,-2.609368,14.577378
9.596460,16.836773,46.126198
37.703979,-9.044922,48.965584
17.716324,-18.031744,46.248940
-3.041262,-27.518896,50.007626
-8.438811,9.942200,35.234165
-17.650059,-0.994620,47.637291
7.118301,-32.483585,50.216854
2.748129,19.216330,19.676373
30.177696,-21.838491,54.068161
16.472208,21.369913,46.282593
7.706276,17.811583,28.182674
17.904535,21.742012,42.453064
7.946283,-29.549847,44.218334
-10.911707,-13.480157,31.379416
36.345688,7.391909,40.355267
-1.316972,-17.291178,17.664459
11.334031,-26.877172,38.557743
-5.723617,-22.617682,45.854893
9.523121,-14.627958,18.485388
15.149876,23.336004,40.957294
18.677876,16.355240,38.274380
4.638912,-20.307884,23.568863
-8.661375,-19.347128,44.433529
-1.759512,2.050343,2.231942
25.006243,-17.560040,47.112160
-7.854165,-4.165778,34.458340
-10.096362,6.261756,31.233381
9.476089,-15.715227,49.828457
37.245178,-19.305965,44.443665
38.449883,12.701482,50.859680
20.101332,13.568973,35.787148
-2.273250,24.444464,39.500740
12.483091,-21.874224,37.724712
-12.374592,8.328840,39.040813
18.952591,22.784954,54.104797
-22.833185,34.528152,44.731201
31.418520,-12.732491,39.431019
-11.001699,-17.634872,16.871954
-5.995670,-22.580187,32.896362
25.318838,10.189657,50.104317
14.959544,-20.813845,48.453400
-19.928280,-15.390384,31.756645
-7.696975,-7.616891,43.289635
-6.003108,9.320489,25.922415
3.154757,-19.451674,42.941521
-13.808928,-0.870291,19.148949
39.567719,2.876852,49.373329
-34.770985,8.774388,26.535589
-10.395113,4.235291,47.778431
-43.016457,-4.809251,44.534672
33.056030,8.972499,36.031017
-10.801415,2.603629,52.175186
-12.382414,-6.542756,32.843132
-42.213421,-11.177571,51.058453
17.797827,-26.850492,32.220665
11.369504,17.006935,41.763195
25.739962,0.579791,17.024624
11.754691,22.314219,45.881680
28.115530,0.372555,32.360687
30.464996,3.297332,31.500927
16.809788,-29.070946,47.298672
31.617693,5.097929,30.501707
19.223118,-4.694227,20.902349
13.645242,-4.098639,9.363065
-2.973888,15.840311,34.191914
35.172668,-10.467623,34.160427
7.147921,-27.091782,30.183670
35.856335,-7.403678,36.484093
20.224762,19.584103,54.265579
-10.814798,-3.234566,45.625801
-1.616021,-21.225149,42.378716
25.497749,-22.171385,33.261238
-8.279119,-7.605044,33.778503
11.038670,1.386968,4.687998
-2.197630,25.435511,36.106972
16.461714,11.616866,28.380743
15.863240,-25.012709,29.955212
3.926857,-26.216715,47.343636
-12.305536,-3.561880,41.670998
23.229935,10.706035,36.468250
31.539066,2.301377,34.498955
20.981216,11.209461,42.009304
15.025274,-27.849142,44.689365
13.069114,11.272465,30.059608
14.019437,13.746217,40.172970
1.040335,19.083612,18.082542
22.079802,12.933383,36.198040
17.416534,-26.093266,50.642925
9.202789,8.944476,10.449636
23.411694,11.342063,32.479141
-9.248740,2.785548,31.110481
-15.787106,-17.842594,32.543919
-13.994160,-2.573235,30.288410
1.030141,15.934828,13.497980
4.409569,-26.923338,33.641834
-11.066495,1.384731,46.505463
13.215961,18.496420,23.147524
3.907014,-8.075483,3.236132
-1.761253,15.870735,35.928383
30.793709,-6.402917,46.076050
18.520302,-19.874228,39.066452
-3.002123,17.288401,24.989237
-36.704315,15.594468,28.306238
14.227128,-23.627111,50.900639
18.378532,-16.718815,26.406919
18.044851,6.623965,12.275857
-2.310689,9.635090,32.630203
-4.413440,22.179342,36.810184
-4.462085,-27.342821,48.708763
28.645144,-18.308798,26.225521
-10.144697,-0.635948,46.750381
-3.433403,22.343876,50.877232
-0.391982,-19.361578,44.719208
17.599884,25.564144,43.201756
-10.352868,6.352231,47.041794
2.778215,-9.688960,3.946135
17.791729,13.182657,46.360996
7.878561,21.495070,38.780426
10.531631,-16.481033,18.956535
3.905079,-27.079489,24.550312
9.731215,26.364710,39.814461
-8.073112,7.138027,43.665592
27.068621,-24.063589,53.914772
13.676841,-22.423151,27.356977
-4.773139,8.795996,49.127705
1.753543,-20.104458,21.409449
-34.232109,28.651052,40.749962
11.743239,6.765501,11.998334
-14.763950,5.304719,15.939814
28.180706,11.991884,39.122177
-0.033860,-20.099003,19.960024
24.652264,8.528975,37.349613
26.919350,-20.631842,35.963112
-8.927331,8.430069,32.085255
0.605873,10.101426,45.675751
3.761342,-18.492516,28.836519
30.989088,13.652637,46.095638
-9.725895,-20.067537,26.956032
18.121618,19.790432,30.358276
-14.045562,-19.570189,36.188519
18.267235,22.477402,51.292461
7.232903,-10.909378,13.580133
-11.329026,-11.274096,36.657707
-7.545944,12.754159,25.662777
-4.676457,18.032663,44.492157
-0.859829,-25.152050,26.380976
30.243797,12.569070,50.266422
14.911091,10.694942,46.094841
10.454386,13.474957,20.190983
-16.154133,-5.383345,28.686352
-13.780285,-16.002312,31.688581
4.914988,-20.649311,47.221790
-10.032226,31.940979,51.575584
0.196960,-9.610741,51.903759
14.936406,-16.726204,17.011639
13.678886,-24.764963,48.619797
38.374691,-19.182426,50.805477
1.581068,30.368517,47.602554
35.241127,9.964022,40.231144
-8.677321,3.026220,38.521790
-2.427072,21.238306,43.319061
-13.760669,5.406209,18.030794
9.699652,-26.672806,35.756897
-15.517148,-15.209984,25.437798
21.695530,2.917439,28.252882
4.780772,12.539456,46.156071
8.796241,11.511070,9.436169
20.737642,27.843550,51.900795
-14.772672,-3.820467,36.798962
-6.799582,15.420875,46.605858
-6.604567,6.440146,42.917034
-9.882414,-11.312947,22.518059
3.369066,25.444082,38.465824
34.068615,1.883914,40.429417
-5.261282,-25.880568,34.594784
12.580398,4.418571,20.073711
-36.572491,3.122849,29.839022
39.030914,-11.494082,53.067204
-14.441295,4.819483,41.593670
-7.270154,24.076771,23.054611
-3.003553,9.833876,12.916984
42.237358,-9.415727,49.399147
-2.780994,28.731134,52.221916
-6.138827,15.582890,49.734989
-8.204969,-1.736765,50.609196
-14.293217,-5.411714,39.978371
16.766989,-18.019484,17.736404
21.152914,-27.871073,34.066116
17.255283,-24.249039,46.560562
-5.390069,-24.077667,27.128607
24.392223,-17.599693,36.696114
-13.583926,9.621246,22.232306
26.857174,6.435609,22.372957
-9.925858,-8.861870,32.547077
2.601725,28.852478,54.429905
-5.531679,17.411060,35.912075
-3.362741,-23.147213,51.192318
13.670246,3.453079,6.851959
36.718822,-14.442669,46.696144
-8.884503,9.846010,30.891850
20.731174,-10.327301,21.669794
10.561754,1.512474,10.484551
-16.715469,-6.079021,25.966105
-6.708591,-2.161402,43.301262
16.179804,17.204020,33.434669
-10.457441,6.753572,29.129240
-3.352603,12.310566,11.285070
13.205552,-26.653746,44.620602
14.929185,-18.721577,16.866741
5.950047,-15.844111,54.274601
18.481688,-23.867737,30.505011
27.912012,-17.907654,42.531422
17.698021,16.758224,35.207943
38.268181,-6.504364,44.810356
-11.681042,5.047595,40.994301
12.436705,-17.987095,33.833897
-14.964004,1.812476,32.918480
10.581451,-29.275118,30.525793
-9.106635,-9.802233,30.767485
-3.353081,-17.530426,25.370085
-2.277167,16.560926,32.403545
-16.262753,2.044361,45.928089
22.443769,11.459356,23.035742
-5.726334,0.801479,49.021042
-8.642701,3.962963,32.653881
-18.422903,-9.245768,18.503523
37.639008,2.563431,45.811878
19.922083,19.688660,47.184608
40.613216,-7.738275,46.452389
-16.694437,-3.249952,35.878166
-33.613220,-16.083925,38.843258
5.324231,14.163787,36.094498
-12.173017,-11.212278,43.204788
-8.567546,8.436487,19.789717
30.579388,-14.531177,44.218975
-5.159065,14.175825,22.621708
31.452812,-20.645336,44.460114
19.209373,-16.377205,16.215021
0.253910,17.219725,21.155195
23.149519,-23.275496,49.797764
22.292381,-11.487943,22.268726
13.771967,-23.122295,52.686321
4.919568,19.813995,21.074297
13.916079,24.994497,43.946537
-4.044075,19.416447,34.382965
32.881245,-5.514735,47.737854
21.391140,-16.782898,35.737568
22.531689,-21.213104,44.055679
17.445868,-18.264847,20.887640
-11.545590,-27.296568,39.082901
-20.417114,-28.002369,41.188766
18.136944,-24.536541,40.676765
18.400452,-26.459108,49.098545
14.023564,16.275726,39.767582
-0.806205,25.441734,37.800365
-6.808268,-3.775400,4.388278
42.176552,-2.416842,53.347305
16.321049,5.828140,31.419184
14.507458,-17.285093,33.839336
-6.230105,3.590936,49.525867
25.431129,14.486818,38.241810
-2.095620,11.217107,41.325661
5.817368,14.499039,38.442268
10.492969,-25.423065,37.881413
17.817602,16.474842,44.590534
-8.525425,30.760601,52.041393
-8.281012,-1.170775,46.949345
-19.863132,-1.381384,18.151596
-15.118627,-12.005846,38.188614
11.808400,8.395236,18.830618
22.995058,-13.793862,17.251759
-4.961450,10.455691,10.501699
10.155349,9.621814,20.744131
-16.301804,-4.066747,34.189678
20.320543,5.474096,34.361053
-15.729368,2.880292,36.561340
-7.996528,-5.096530,50.199902
-2.589128,-24.542774,21.799610
1.742083,-22.432814,31.130041
-0.281908,-27.272163,38.740437
-11.505097,-1.280593,19.453548
-19.867813,6.785002,17.393663
3.464110,22.737877,24.386349
-16.723906,-14.412596,34.998543
1.534078,24.419691,32.010899
-17.959379,-9.470078,35.357864
29.103336,-14.983054,37.263504
-4.926458,-23.846991,31.087015
-15.363140,-0.340472,13.232439
20.635630,-2.909066,19.087080
-7.669039,-16.943567,33.244354
14.648737,11.792132,36.535938
-42.471600,-7.494565,47.408260
1.619641,9.352701,51.193779
43.001526,1.302294,53.481781
11.106937,23.970001,33.469265
-2.006215,11.001187,50.557110
0.433359,5.333934,53.115314
-3.029335,16.120420,48.101158
29.530571,1.943285,44.748981
-8.817916,7.891961,52.027020
-22.220903,30.359356,32.667530
0.391548,-26.509214,40.293259
-12.132001,-6.670536,16.695450
-40.527676,-14.858062,51.387917
19.503920,13.991102,33.841423
-9.378405,-12.760797,36.256222
8.374797,19.096413,45.440228
4.088454,-29.654804,40.814281
-0.452454,-24.018972,20.876001
11.489363,11.334377,41.873627
22.286930,26.797256,54.540443
16.537132,-19.414436,31.090691
17.903606,-9.284750,13.311100
-5.584742,13.181231,43.881565
-15.591821,10.313936,27.970654
27.348431,10.252471,41.563747
27.709198,-12.731254,26.784773
14.540391,19.972050,29.639229
-17.468498,6.351223,36.943806
31.379719,4.249805,49.464691
24.297218,9.088239,42.088470
19.833881,10.023758,38.269772
17.273098,-24.274523,50.460361
5.488641,18.184544,27.013988
37.865246,13.912974,49.521885
23.122833,-22.741749,51.941601
-4.745437,-17.094748,42.920864
7.748752,0.378978,7.734614
2.334980,-12.342440,51.615902
1.163003,-32.484146,42.754662
5.915013,-26.061979,27.869221
-7.765806,-5.669067,44.096161
-7.713566,1.890097,49.233173
20.097046,5.063056,19.239664
20.040756,-13.244794,22.027971
8.005729,1.786121,3.258168
6.009928,-33.591022,43.540661
-34.266567,-28.383051,51.248531
0.450723,-13.720620,16.875101
6.754117,-30.558567,36.971413
-1.489756,-24.727261,48.690098
32.583710,-7.637698,41.951653
-2.114806,9.277719,49.294636
-0.597347,20.228998,32.098911
9.866959,-28.473604,51.740944
-16.579075,-9.620750,42.346397
-6.414860,6.149977,11.563670
-14.581801,-3.844431,48.303097
11.583394,-29.898182,52.857052
10.213003,17.550970,35.037254
-19.566618,1.397112,17.779167
30.567297,-25.537964,54.270744
7.832973,22.028109,41.811001
-13.208751,-26.693769,45.400124
-7.827393,8.208222,34.223080
22.218590,-10.254933,13.656994
22.108885,-21.609274,30.686193
24.101591,5.400258,42.081291
-9.076982,3.743766,45.982914
0.005050,-23.910040,37.300449
-8.968063,-16.032860,36.526455
-13.683102,-7.081485,41.125164
-0.304365,2.791705,42.756882
-5.914732,2.837021,17.112051
17.325666,12.782915,23.913954
35.130074,-10.500539,30.182512
-10.439674,-3.633977,37.097839
-11.776540,-19.835875,34.663395
34.119736,9.260431,53.102524
-8.518171,18.105104,30.800043
12.886143,13.131005,33.262299
-1.799593,-23.274122,25.787653
-18.420309,-28.224974,40.721897
36.509274,-1.948964,35.879990
-1.044332,-23.597342,46.266575
4.639801,-16.848492,51.451786
-10.263957,0.119105,30.034300
-18.288599,-10.834905,36.591278
12.884313,8.783850,35.044258
23.950697,-14.585256,54.405094
22.784796,-4.814897,20.268423
-1.761889,23.141254,30.782818
-13.351556,-24.412584,37.478554
-14.697764,2.201128,40.023537
26.305531,10.117572,31.357000
14.983601,20.085279,52.437546
12.163591,25.548855,45.414600
8.188847,11.881031,37.446815
-29.392130,30.967310,38.529926
-1.929345,10.371757,37.019203
3.072096,8.778681,15.131984
27.952042,-17.368099,38.258045
40.604610,-9.616175,54.164936
24.537647,0.534980,23.544144
13.125044,-32.431667,44.310425
-5.278521,-0.464910,42.883381
2.378655,5.659953,44.588951
0.504190,17.551342,47.156460
-6.940581,2.681688,18.785292
16.493475,-28.438158,31.493053
-17.176054,33.671589,41.568584
7.630533,13.381377,47.401966
0.843444,11.059458,8.312953
24.119535,-11.395711,26.036007
28.264885,-13.284673,36.604057
-24.885485,-9.730009,26.088486
30.103895,-8.514071,31.913294
-6.067729,16.812683,20.316801
-0.236850,-26.397572,24.713099
3.610315,-17.154654,19.870348
-1.576258,13.374604,44.786186
-9.465626,5.358965,28.167881
9.077421,27.544300,42.853512
17.414831,25.266712,52.774178
-1.859938,-22.391966,17.694117
3.329623,14.397922,16.167610
-5.930009,-3.725062,40.222439
2.877903,12.059470,26.019186
27.377638,-4.538639,20.788128
29.708927,-26.104660,52.601425
-2.172341,20.181986,31.012329
27.557684,9.267668,47.082390
26.199373,-1.798304,33.450710
35.698761,-12.835295,42.945950
26.688417,-17.652002,21.693649
21.611034,18.077175,39.512508
25.514923,10.429846,41.720856
36.062557,-2.872757,39.268742
-10.046647,-10.617893,9.174198
32.175961,-12.272747,37.450012
-14.867631,-7.273876,18.701813
4.505426,24.527952,31.214697
-3.108770,-26.745544,51.760654
8.630922,23.972927,32.650070
-1.413932,17.648966,29.393240
-38.428123,-24.565046,54.236290
16.081665,-18.943411,19.708485
-17.265465,-10.589925,46.461735
15.446594,-30.183302,38.212341
-15.863626,-8.852669,21.320068
1.689577,16.053587,48.234863
23.515982,-21.083353,29.718317
21.650738,17.721766,37.529228
-14.072904,-3.412187,40.558647
8.044464,8.897927,20.356579
-10.419138,-18.623125,20.319069
22.333944,-10.194024,17.870691
7.271715,17.637447,45.424454
22.253969,-23.379906,30.087095
11.876072,12.001197,21.178082
-11.576609,4.520463,17.067711
-9.183035,14.889128,23.325867
16.725451,-22.546078,42.690536
25.383747,-14.905850,17.685083
0.249354,-26.757895,48.746937
27.420216,11.336588,43.086796
6.674750,24.749472,31.819033
29.571251,2.005574,29.674366
14.395588,-29.020279,48.234386
27.589617,-0.481918,26.162771
29.405224,-16.972795,25.189859
1.571398,-29.427099,41.516026
-9.224037,-6.504891,40.000515
30.385431,8.940268,43.267319
-2.031322,12.462004,19.073395
26.474052,7.314489,28.865284
30.578537,-7.343241,30.499794
2.052949,8.960176,5.992208
-10.675014,-5.178480,43.108994
14.764161,12.053174,40.387962
22.364336,1.395343,31.905663
-12.287002,2.211987,40.908344
-9.570641,-5.503916,44.594841
-14.053850,29.164049,25.495317
34.150417,-12.875360,36.868015
33.660801,15.392805,48.350311
31.576836,-8.399705,26.986841
40.384136,-3.305070,42.865105
25.603466,1.445689,25.917191
8.145056,-26.260160,24.557404
-14.013966,-8.218233,12.667084
11.042542,8.469383,12.599641
32.535484,-18.394079,35.232620
-17.335938,-17.216295,24.734772
21.235458,11.597177,46.056442
-6.197420,-18.677658,22.374458
-22.792429,-11.363528,24.859243
26.419849,-13.718643,32.973698
-4.690845,22.392357,38.769558
-13.825377,10.375368,20.472589
11.571164,14.211837,21.787828
12.332362,24.245140,40.682178
-4.586617,5.102354,14.098414
-14.144377,0.881836,54.104145
-1.312447,-23.466244,43.277645
38.420444,-3.154276,43.351528
-9.274304,-7.494952,30.797901
-12.900298,-13.532661,22.764721
-4.625413,2.336476,49.848389
34.026840,-19.435362,40.225281
-39.305286,-18.040989,52.215679
-10.165664,-18.717350,24.447626
25.454601,17.435276,51.348026
-10.340841,1.551578,38.783688
-0.018348,12.129815,51.046593
-0.461132,18.491192,27.300854
35.465675,-7.606371,30.348366
11.220256,-21.393261,41.133980
6.301266,-28.088249,44.564480
-13.483909,-1.988769,42.851429
14.975834,15.805592,28.776047
-8.496893,-16.915548,24.704695
4.985331,16.880268,53.972099
25.635040,-0.827100,26.888266
-10.160264,-0.492995,13.878264
20.890722,15.005604,32.720501
10.687933,-30.703861,37.327843
37.813549,-4.952127,54.145515
-8.529711,-27.647314,50.792984
-16.487637,-3.960492,37.648857
11.299059,-32.696854,46.857849
10.479034,-20.281237,37.437931
13.418023,29.066418,49.439716
10.795950,-31.649981,50.440952
42.790913,-7.071024,51.959232
1.713065,13.708234,11.625388
-11.320633,10.386561,15.843399
11.401614,15.872729,34.092636
13.496058,22.661209,44.904892
28.583290,-19.845032,47.329369
5.402209,27.555214,39.893665
14.450253,-30.974731,41.100952
8.314237,-23.346073,32.737015
12.149830,-21.110209,44.370773
-2.994099,23.925097,46.622620
31.201323,-2.550685,42.089653
22.010393,-29.532097,45.576019
30.162172,-14.917903,48.119900
-13.037944,-3.556541,18.444527
9.775747,14.574308,33.809292
26.670317,-19.969978,30.513552
24.426905,3.362532,30.682106
16.512239,-21.976725,31.928246
-4.851167,11.001558,46.193878
-1.372639,20.970228,33.881134
40.703331,2.326470,45.991154
-6.867872,1.999546,45.217972
-18.205416,-35.433731,51.884583
-12.310042,8.438467,30.203230
21.329971,1.531338,19.143044
4.356667,30.680098,51.949997
40.735462,-5.108875,42.400787
9.403871,-24.687967,47.418526
11.369914,-20.416935,28.755312
19.768051,18.481380,37.859093
9.034496,13.106783,27.619226
3.371361,-29.734930,48.354134
14.209891,7.474602,34.110580
-1.623742,9.682552,20.292755
2.425714,-21.311270,29.585579
28.700987,-23.157742,49.392250
-7.554739,-19.028450,51.447685
-2.499565,-10.694106,5.350537
38.369598,-8.537841,44.584053
0.857796,-25.702549,27.635899
3.982672,-13.075752,15.316250
-31.803328,31.265530,38.921001
16.599876,18.613523,51.989124
-4.962776,14.029711,45.788979
24.931202,-11.983087,49.362183
2.047357,12.504211,18.437243
-8.928203,-1.898571,43.517704
22.352024,1.330599,26.242550
-10.103536,8.037019,41.096836
17.354170,12.759118,19.867081
-28.793831,1.641500,23.703686
-38.173611,-16.338142,46.391731
-13.536270,2.172029,47.588005
-7.961346,-18.647097,53.456799
-19.187746,-15.077881,29.378082
-15.011984,-10.357520,14.740045
-17.415760,-4.355038,15.649023
-7.319266,10.449536,52.182072
-9.700372,-15.708522,34.708912
-0.815258,16.173462,14.196368
0.195532,-26.705906,52.567459
14.067959,-26.747787,29.407295
28.083683,-0.423656,23.492313
14.154216,-17.472189,18.409586
-6.291818,19.800138,45.806946
-2.842626,-21.253128,53.431225
33.880722,-17.331114,32.889393
-8.045086,-16.374664,18.969248
-10.983427,1.736586,26.844511
14.039680,14.666198,20.217772
13.971654,-23.864326,39.495975
34.392921,-4.221288,37.332970
3.428470,8.752015,44.962517
6.710195,-8.217715,11.800610
5.501659,17.496572,43.158699
7.195441,-26.264734,40.450909
20.082111,-15.780846,27.524000
-16.111830,-7.719589,23.009598
-30.768196,4.746610,24.433100
-7.408530,-20.276421,26.499035
34.628403,-13.778375,41.716232
-12.517460,-7.035570,14.845903
-12.877554,12.066915,24.907795
30.099392,10.651856,31.356726
36.953369,-11.652348,54.215923
5.366164,-15.649581,45.409565
31.046753,-18.746111,36.845257
20.974447,16.432524,31.002773
-5.860253,20.555531,47.469696
1.467170,22.095133,40.314110
-4.149463,4.673015,49.512089
27.775383,5.390108,34.632690
-16.060017,-16.572321,37.957985
7.233333,-20.729494,24.761356
-2.245285,-3.094493,8.002992
16.857704,10.604083,17.720835
37.755318,1.375985,36.991535
7.517684,15.429833,45.590843
-3.139748,6.958931,35.030579
12.254524,-0.792117,7.605197
20.126347,11.857004,23.183268
-17.581018,-27.084990,37.646084
13.504171,-3.968316,11.324879
-8.344193,31.875147,48.018867
-4.407427,-13.316649,47.591278
-0.831347,21.472878,49.314919
13.186057,-17.995920,20.625687
-11.800435,-30.624624,49.019928
14.536371,-16.732738,21.563354
25.264929,-1.547953,19.996641
-3.052150,-31.532948,37.045643
5.605127,18.095089,19.138672
16.877125,-29.781897,36.208679
33.158813,-1.053333,35.075161
-3.340758,-12.754474,49.303650
20.448700,-26.675663,32.752171
-8.787812,-3.454412,50.364643
23.884867,13.853692,27.056728
18.095341,26.609386,54.126453
-5.198188,-2.176814,39.404739
15.172832,-9.637597,18.718323
-4.110761,-21.139133,35.789539
12.235643,-21.697338,34.657116
13.340877,-7.654701,9.540205
20.702623,-9.347281,25.303007
-38.421776,-14.661821,45.100906
-4.645320,3.869417,12.167580
11.469458,-19.311115,14.954947
6.382317,-17.442341,18.323370
27.530397,-22.915035,31.945038
3.160820,-18.246460,38.382523
36.806290,-4.850308,43.490383
-15.745520,-10.503858,20.466579
16.093447,-26.480761,31.271893
22.847992,-12.915105,49.229378
6.077756,14.479467,16.616159
25.727262,-27.703192,46.956734
23.495134,18.431025,43.091503
4.168388,19.117628,18.400414
7.352057,17.705696,18.460815
33.764214,4.624918,40.855316
11.181066,3.554015,12.998333
26.667469,-13.546240,48.892139
-18.098515,-22.987677,33.685760
-4.576149,-19.383312,41.423656
18.288248,25.894396,45.530602
-1.450880,12.751455,49.221664
17.885836,-25.386003,24.859241
-16.268768,-11.889477,39.982662
-26.365694,-18.315514,35.139622
-0.549271,-6.323413,51.544796
34.698109,3.368891,37.720142
-4.354621,15.735579,44.853283
-14.010416,8.604597,16.374804
4.013644,20.627045,36.953083
37.364273,-9.971947,45.325771
31.836538,-10.569529,48.883823
33.320477,-1.014723,49.537636
-10.795974,-17.784100,29.826946
-10.757159,9.130195,43.918495
39.956768,-7.370328,49.827530
11.648395,-13.610219,15.493203
21.920107,6.814034,16.943327
-7.539943,-24.719845,45.032463
20.791889,-23.840612,42.953976
17.814211,-12.438914,21.674431
-9.523485,-4.624520,39.116711
-17.849873,3.138672,19.229891
-12.062533,-9.323756,35.601131
28.085533,-9.721391,46.696911
0.254114,15.780472,15.894544
-38.778915,-20.550581,48.476036
18.006865,-8.780914,16.973112
-4.973186,-13.513016,39.722553
-2.525297,-16.345148,15.932696
34.110199,-8.580953,51.957970
-0.437834,-26.150398,42.875839
23.546898,9.494414,40.448360
9.250995,20.445850,25.720097
-2.103631,19.800503,28.453863
-45.715126,-1.820373,54.625072
27.377497,-10.651616,26.921396
-31.798996,34.003071,43.928841
2.470503,26.528526,32.953621
26.808050,-27.439436,45.185783
-16.463985,-18.708858,29.550913
21.240742,15.023856,43.882252
-12.516746,-12.105668,13.465511
-18.878292,2.802827,37.870800
4.043933,-34.220398,49.242275
22.555523,-8.662333,22.328674
-16.338911,-18.354145,40.569271
1.141108,-23.803177,39.356758
-0.022006,16.962271,23.848507
32.918545,-5.195494,54.223156
-2.810498,-9.140250,4.175447
19.239880,14.315675,29.950922
8.970160,-21.220724,27.479082
23.146357,-11.744133,13.103510
18.138115,-15.426773,24.670227
-18.029928,3.309479,42.533478
-12.672995,12.436411,27.468298
-1.200271,8.367413,40.176849
-9.256635,31.572994,35.717133
1.340062,20.468920,32.443260
-1.005372,30.288568,47.116436
-9.902254,8.527099,22.952423
16.850958,-18.597641,48.555115
-18.990105,1.116828,32.816135
30.486389,5.601932,43.808857
16.263624,18.988443,48.899654
-1.058330,14.711154,23.628355
-6.738160,-1.226114,35.359398
0.117421,-18.268549,13.813190
38.407036,-2.911134,51.035572
-14.185120,-15.872644,41.294022
28.702658,11.804235,41.148624
9.542268,24.921667,34.050350
24.185682,10.609929,34.632610
-25.886831,34.100132,41.327332
2.847002,-20.894855,48.074879
-24.408962,34.636429,45.847935
-16.428404,-15.944961,30.534719
-0.883470,10.643160,11.523332
-11.331805,0.480495,37.236206
-0.416675,28.284813,35.146114
-48.711990,8.636533,54.345734
18.812151,-22.296938,37.664742
6.136590,18.705284,33.487133
-17.240210,3.877956,26.119370
-2.902514,10.953405,27.374525
31.423306,-16.669903,41.224857
-26.864342,33.382675,37.293186
-6.490196,-18.678101,26.056419
14.612198,5.027594,25.267588
4.042381,10.639765,10.796706
-0.897054,19.060497,54.252224
4.737669,12.753364,13.831838
-4.071874,12.498796,31.713974
-9.121888,-11.216716,14.885301
-31.304295,-18.306170,39.356415
-12.023081,-2.554716,31.721386
16.871786,-22.147814,50.351871
20.800856,-16.998459,31.386539
14.682014,-18.643784,21.636114
37.645992,15.554540,53.533001
16.571047,15.152441,37.328209
-18.001715,-12.453335,33.780846
5.263329,12.072127,29.801531
-2.107584,15.923278,41.924519
-3.740245,18.699156,22.921915
7.334766,11.607409,25.245565
30.134106,11.351227,38.402367
27.152931,-19.217043,43.707573
10.480872,19.989569,39.205616
-16.188154,-4.851964,47.232281
1.969011,17.552593,23.348585
6.442308,15.652935,37.109356
19.333334,-25.500151,47.483341
23.522215,11.157646,42.743698
-3.247169,11.403946,38.038208
0.311452,12.249706,11.865308
21.216574,-12.998891,20.531443
-7.105433,-17.539362,20.381590
9.032775,-30.447495,31.003983
25.411978,8.526728,35.290497
29.635551,-20.283318,30.947788
20.126894,10.307578,32.409218
4.500978,16.522913,18.011395
14.292471,-11.039951,15.358181
-21.995625,-35.481014,52.594627
7.719584,11.552208,12.056293
-13.672639,-12.433482,32.699425
19.575083,20.774551,43.957561
6.018631,25.846766,54.591675
13.211501,-15.486773,24.405996
14.831738,-2.081310,9.366453
11.709409,20.518236,53.499863
-0.563862,15.077873,43.642033
-11.188095,32.425671,53.621181
26.318724,-15.687840,44.388359
-24.174156,-15.266906,29.548988
14.001343,27.191523,52.369354
26.321358,-9.913951,19.881420
16.003628,-22.884596,30.063478
-10.035066,-2.721623,13.855534
-2.960615,-23.267912,39.370384
15.027827,-7.255984,11.714438
-7.014259,-12.924040,22.078842
-7.162339,7.136323,18.962698
-7.142920,-12.166165,24.705818
27.244040,5.240812,36.550888
3.445174,12.652328,11.034866
31.032948,-11.618756,36.101074
1.350856,15.225481,22.701952
14.480076,12.677162,45.320629
27.546177,-4.796349,26.797005
10.993255,17.736549,28.707026
13.499610,-12.265504,10.490855
-4.697547,4.952682,5.998313
-0.961517,-21.018644,24.023205
2.926398,15.794814,19.106680
19.011080,24.548855,47.071239
16.585140,17.287743,38.105129
3.898313,14.408742,20.797085
-8.514493,-13.431468,54.529984
10.836694,-5.885627,13.199915
33.607327,-15.747943,46.721024
24.395842,-12.047473,17.488409
-7.343638,-14.958199,19.974552
-18.210512,-26.260641,40.513481
6.323684,23.175861,39.504272
3.558177,18.445194,35.763874
11.302348,20.598799,28.799316
9.968791,-27.864893,39.607327
2.883017,-19.391733,26.806631
-30.137379,33.733173,41.433662
-18.631702,-3.403928,20.685482
-9.531622,-14.965134,24.172972
-0.964329,-25.802469,32.580509
35.790600,-6.269062,44.741837
-0.789205,16.699894,52.258217
21.506285,15.472339,50.273441
20.333767,-17.117128,23.548450
17.461973,-9.981957,9.334215
31.258400,-14.455923,40.492840
6.620981,-29.855158,51.967018
-35.798332,-18.071865,43.986477
-0.806391,18.158922,25.311445
6.108465,22.338411,30.499352
-4.120040,21.844940,32.329044
-7.501346,-22.333389,26.190123
-37.040485,30.395136,40.886150
28.453787,-26.967072,48.853489
-10.142360,-17.894888,34.177212
-21.555468,-17.775843,33.886581
13.250937,-23.246864,46.803806
-16.738052,8.800571,15.222806
-8.071322,-21.362154,39.545631
4.161223,15.186271,39.572956
-5.776635,6.165843,7.191642
25.122957,-17.082508,42.517117
19.717875,-25.053438,35.072559
16.785660,-13.985749,47.216232
27.681141,-4.643149,17.529135
-9.158370,-8.414546,41.117828
26.005665,12.549614,51.485313
-2.218590,-12.602932,54.159187
13.922087,-23.100603,31.751656
-17.935486,-19.030872,28.230898
11.105794,-32.941364,44.751934
18.826426,-22.439478,51.762920
23.178495,8.394143,29.888395
-9.046386,4.909675,39.128418
17.349272,13.663461,21.531450
0.746611,17.938715,29.744225
17.860872,17.869148,49.594612
-0.857495,1.587884,52.775459
36.456841,1.793761,51.700630
32.674286,-21.401625,37.891216
10.300732,9.856869,38.494804
33.196335,-12.990561,48.133873
13.351274,24.241251,45.751152
-38.467979,-1.498920,34.888191
-39.491577,-10.474732,43.223400
-13.185225,2.824763,26.613586
7.478732,22.496197,31.948006
-11.508432,-8.856577,26.806465
15.560797,-24.899178,50.765244
13.557575,10.735165,27.779142
-9.820623,2.495828,22.827707
-15.003548,-14.442373,36.030514
5.544432,7.033789,13.589494
7.518291,25.196497,33.331738
-10.773572,-6.385649,18.165394
32.773109,5.264066,43.212105
-4.831178,-21.546722,17.419413
11.443043,-24.579979,33.017372
7.199209,9.615368,45.546635
-20.056995,-35.756546,52.380421
30.328278,-13.936625,38.605049
16.785610,-18.350950,40.002712
7.585012,16.956509,50.468307
15.667395,-10.774261,13.793572
-10.882645,-8.082030,38.546238
31.270926,9.601132,35.034073
33.671257,17.819735,47.526093
-7.609385,-25.774490,30.107908
37.762859,-13.659947,37.057907
-15.171454,2.436297,27.770161
-5.079323,14.508615,31.755171
34.361351,-13.288040,34.872757
4.055204,-23.626629,32.718056
18.425177,15.287766,34.161400
17.272085,2.044746,15.171703
-17.133341,0.323664,20.533150
3.615747,23.256353,32.349369
-13.419874,-7.154681,21.356625
-40.474148,-7.214582,41.595818
10.252069,10.379823,40.370743
27.900311,-15.434697,28.649355
-2.033641,16.698385,23.118391
-4.242427,-9.968076,7.735708
-4.331195,-8.807352,15.622591
-6.166857,-30.528206,36.852802
5.439935,11.880411,9.087055
-11.229369,2.148268,9.501607
6.179308,-20.332428,17.131392
-11.908476,-3.326923,14.279037
-10.962274,14.833139,39.630177
-4.203267,3.600415,53.662258
-13.174428,-13.955151,31.207581
-0.677523,12.313876,9.896612
-4.547363,30.912733,54.200104
36.203754,-5.955343,42.105499
28.751699,10.104334,40.270924
30.745832,-18.353086,53.906826
-21.547176,28.398941,26.192995
22.852694,-4.733871,23.093668
-1.705359,14.916683,37.870895
-15.273837,-11.231464,32.816299
-8.738288,-28.954838,44.171688
5.655636,19.470362,43.449833
15.393964,9.825890,28.203394
4.779359,-15.382066,18.496796
13.173751,-21.658751,42.684063
16.647270,-18.609419,22.833834
-16.608408,-3.699389,44.632999
-5.970582,-29.621721,40.855255
25.304003,-9.201441,21.850487
-12.074324,-22.117054,42.653584
-17.669035,-5.711560,20.237600
-0.575076,-24.488783,29.144497
33.449108,-12.858570,38.989479
-6.174994,-5.729463,16.016600
-6.220450,12.476719,42.260864
6.007951,-13.310288,15.957748
4.930275,14.881012,45.852104
-8.117868,6.781872,23.907646
-4.178948,19.661728,43.203232
28.620548,-14.111963,49.223713
21.688240,-21.954033,28.749908
2.328769,-2.465216,5.975636
21.333385,8.599284,29.598661
4.304351,20.475222,34.509182
7.415553,-20.176153,30.700171
18.603701,-28.387129,41.230999
-18.645605,-8.050523,36.879379
35.503487,-10.950808,41.871944
27.398239,-15.448317,34.115993
-2.855480,-25.040199,46.496727
42.479294,-6.220319,49.644669
-6.049837,18.102043,54.469166
0.147721,-16.976652,54.210392
1.039636,15.229758,18.007887
34.689041,0.683268,33.430595
-10.962672,-25.351194,36.181721
9.223715,11.457094,49.627701
6.632920,-17.365034,15.105007
-0.257846,10.976554,13.803193
-7.783324,-0.317353,48.945454
-16.094431,-3.407446,40.482388
-5.318618,20.270515,40.547802
23.179518,14.885000,44.170376
-10.970994,-17.474274,51.490383
-5.838655,15.385888,17.877699
-13.321836,-5.449447,25.375107
-1.730878,-23.449680,27.820585
15.176846,-15.484654,15.712392
-7.742611,31.811354,54.431145
3.326392,11.427563,15.137765
4.276740,9.356676,48.453110
20.951586,-9.025269,14.506806
7.052486,-16.783285,10.022215
1.518409,11.185061,51.506069
7.357168,27.645666,41.683147
23.085386,-17.164022,42.370926
14.827995,12.646525,22.957775
4.142937,-6.103153,8.975267
27.827789,18.241503,54.528397
8.592384,-13.765855,13.334717
11.396051,12.969909,35.309113
10.038437,-7.566649,13.604984
-9.556330,2.013426,45.257710
1.620532,6.585750,8.016812
-14.880420,1.078951,43.433189
9.158255,-32.290585,40.027466
1.572806,19.654800,54.350719
-7.604000,-16.111166,26.291210
29.745262,-6.063868,23.174843
1.845163,-11.543190,13.695182
9.465753,21.876112,40.033260
9.831627,-18.934874,16.046526
-43.381790,22.890621,41.177536
5.790249,-20.401203,20.321148
-15.361936,5.921120,23.860859
-10.335730,-17.233410,15.175431
10.809313,22.061010,52.522957
14.279259,8.746158,38.509701
15.739345,14.168872,29.161480
21.968544,-15.771296,23.256821
-10.985636,-12.123945,15.828923
14.862206,25.365404,54.207497
14.638538,-21.413712,33.167240
18.107304,-2.225095,20.647932
23.626230,-14.194650,40.008492
-3.761635,-11.828803,15.051452
-6.228222,-13.771749,35.787960
21.859688,10.190098,43.662754
20.430065,-30.412241,45.331814
-11.151749,-2.034552,22.296053
-13.958345,8.628778,28.494080
29.132883,16.734365,43.045261
4.952723,-25.209541,36.879303
-1.909896,10.106582,46.538948
31.019958,6.253824,37.118427
4.832114,-23.838961,27.190535
-14.170707,4.529482,26.853054
-36.747166,-20.358883,48.440361
27.631115,-26.724360,50.869781
11.284916,-31.545403,35.560509
-4.785169,26.082621,45.183193
23.626745,13.894548,42.651489
39.115063,9.226101,45.944481
3.445827,-31.040564,52.197281
3.810366,13.961248,22.887339
-12.244809,-8.119585,20.175917
18.329741,8.779281,37.535137
24.452492,12.528240,30.950651
14.826720,-29.276922,31.755659
-9.048006,4.488950,8.485402
33.497234,-22.724216,41.582722
1.274692,14.284343,24.316402
22.842165,-6.745872,19.220858
11.412791,-13.069829,13.514303
6.911337,-18.616213,33.393585
-37.068874,26.328157,34.120399
-11.700823,-13.541931,33.793945
26.084122,2.721022,34.209641
16.399065,-14.508560,21.839365
18.526228,-25.286081,31.643858
-7.272088,6.764724,45.455940
3.330580,12.323959,16.851456
19.657919,-5.861508,22.479849
-13.823531,-8.284008,26.203716
-13.734974,-11.267936,30.285948
-2.884022,-23.908682,35.332935
-7.025086,-20.440233,30.712912
4.857784,29.873993,48.694729
12.195520,21.017689,38.657413
21.223053,-20.070837,43.630089
4.233655,-27.260860,44.024357
29.856007,17.697884,52.189720
-23.341888,35.161613,47.239738
4.220918,-11.303731,7.289594
20.668911,13.796825,23.484566
-8.575390,0.506207,20.779791
8.273621,16.854294,34.415974
22.752054,17.879681,32.603714
-2.590249,-7.207501,9.103804
29.601551,14.408296,44.714462
33.992443,10.740259,38.502335
22.695557,-23.787575,38.062859
13.529036,-15.067382,17.193758
16.556837,-17.240889,54.407658
-5.280473,-32.255142,47.024269
14.351223,-24.080601,30.293865
2.652611,23.487850,28.085197
1.308840,-31.794874,36.550182
-10.319909,-13.318330,11.048511
16.641434,17.346420,50.759933
7.831955,23.180559,29.627871
0.742319,-19.702799,47.572910
-8.207479,3.128581,44.335739
3.063173,-31.834131,34.634861
1.607855,-20.366734,41.601009
19.217606,-14.502744,51.172562
-17.845001,-6.120800,47.496433
-34.437012,-29.751736,54.527550
36.842419,0.254157,39.560799
19.837675,12.914613,43.397694
-27.951786,-8.822308,27.654894
10.847788,-16.559591,14.256097
24.084774,4.430519,33.066296
-23.991522,33.792641,38.654587
8.484513,20.537424,35.188511
-0.026936,16.801664,31.442419
3.522670,-15.621948,13.473357
19.402081,22.774538,49.485443
19.015696,-8.870471,9.780046
-1.391304,-24.943684,52.179920
29.271467,-19.969740,54.156330
22.969370,-15.149775,45.491020
-17.063976,-2.232556,20.568405
6.451458,-25.377050,35.417492
-10.876805,8.594013,32.399185
13.993555,-23.034279,44.879833
16.683878,30.030128,53.283852
-5.291355,-11.647390,52.693134
7.848480,-33.455883,43.293762
16.446333,-25.937853,49.092178
1.210138,-10.842028,4.797560
-5.428703,-14.265020,54.350021
2.463822,16.888170,44.606300
-2.229200,20.436844,25.165398
-13.882771,-19.940453,41.637558
13.288274,19.421902,39.411171
-27.769234,34.495979,45.382153
-10.253519,-1.454408,44.914707
15.123892,26.453238,48.947380
17.484461,-19.989191,54.633198
-5.468736,17.702217,25.445333
1.022091,26.416197,31.348526
-4.702152,1.309096,47.369976
26.686729,6.234055,43.459007
32.244629,4.779030,37.145115
33.599411,3.045953,41.757423
-5.966124,-10.575027,8.815814
20.873079,16.310270,52.085716
19.886715,-21.943989,27.255459
-6.035914,-1.033859,48.305435
33.767120,-9.792007,41.509129
-3.826318,6.319000,50.298878
-7.955026,-6.331803,15.454357
-2.383880,14.727461,26.239214
-7.203812,-4.301459,14.641151
3.485179,20.746977,54.102909
33.179745,10.993361,36.475945
-2.708275,21.747833,41.067871
30.259916,-20.190863,40.649609
18.164787,-16.273560,13.460226
-16.777229,7.888344,38.144173
13.424946,19.512621,44.818310
35.646145,3.260940,41.469776
28.024536,8.310717,50.831249
21.523130,-17.864405,51.838200
25.631784,-19.365654,45.587128
30.079945,-7.094371,54.435410
-9.001399,-14.871631,53.067581
14.166513,24.692720,48.985432
29.996861,10.922915,42.435402
31.308733,21.372358,50.150227
-8.484090,-21.817326,22.803520
-6.833635,-12.068287,47.785633
-3.607315,-0.374915,48.084320
-10.226599,-18.993145,18.265995
19.712584,9.444844,40.423424
-13.452092,-15.807380,37.197731
36.708488,4.675323,53.885609
-0.938423,-6.534795,7.729239
-13.198206,-1.299530,34.237572
1.917551,13.204236,22.118507
26.768040,14.401979,33.537415
-17.678497,-9.165854,21.125582
-6.125675,-28.573668,37.500446
-13.191451,-13.096564,48.649391
-3.289534,18.131075,19.744860
-2.854950,10.310014,10.875138
-1.342292,8.352664,13.020999
0.232143,-30.535006,35.247093
38.834652,-16.552410,42.415363
2.900166,-25.243256,26.216129
24.098398,15.491277,39.310574
5.495977,23.772493,28.572258
9.358059,2.884101,6.255577
29.260298,-20.464039,38.902702
41.239460,7.634463,52.174477
6.651867,10.385994,38.659718
-47.524227,1.424669,51.149281
10.773614,-30.647734,33.497532
4.506201,-17.341272,17.341272
5.358541,-22.513395,46.924118
3.184145,12.550056,12.858140
-47.893162,0.661604,54.258457
19.507748,9.594523,30.393459
2.532437,21.528208,35.363571
14.716153,21.083906,43.939690
19.297840,7.667846,29.074238
-1.481566,12.743651,13.846439
-20.868834,-15.347000,26.055286
36.166710,7.326678,47.390228
19.255125,1.463289,19.718857
32.394554,1.139464,36.040703
34.730194,7.880720,41.815144
13.748664,14.415944,29.048397
-3.830130,28.466684,41.258785
37.945042,7.994203,44.611549
33.162834,-7.245423,54.351776
-5.637414,-29.488859,46.303230
7.274098,11.251879,46.626762
31.985447,-4.753790,38.702030
22.576847,-24.146055,44.126888
13.069482,19.649420,28.173738
-14.708858,1.273507,51.504955
5.000741,-2.117097,6.944921
3.039066,-17.036375,54.466393
35.624157,-2.344294,32.510681
3.298593,-21.760742,52.834049
-9.091227,-0.057579,51.700039
12.635704,-23.022655,33.248390
-8.362995,-3.189162,54.279572
6.008986,18.054575,49.307892
-25.572721,33.385006,51.310505
-13.598144,-8.937583,34.321415
13.825438,17.355999,42.926647
4.685169,14.892830,54.101254
-3.466338,-24.308064,27.470839
-7.733150,20.260221,19.521034
0.245116,-17.174030,26.573288
13.087488,-29.514120,30.759632
37.377205,2.097451,38.863937
-12.899809,-23.188818,28.697386
10.964678,-20.424335,13.019708
37.845299,-4.190932,40.251667
22.940012,24.754633,52.149990
32.013653,-16.875490,45.722355
-9.484360,14.621778,49.671566
-15.951069,-1.632636,32.010536
-8.540461,-5.649669,21.542986
-24.020323,22.324371,21.481304
4.955157,10.714892,21.486111
-14.917048,-14.551825,30.252758
-13.199186,-19.185873,24.953358
18.822458,-5.623421,14.763528
-4.525091,-15.401377,19.998589
20.719881,18.192799,33.048470
-2.956745,3.747594,51.802708
25.659678,-27.415329,42.593441
-0.764145,-30.152086,37.880058
11.904294,14.901463,35.848946
-3.554404,-20.853764,21.107204
39.758667,-9.288292,49.240757
13.286620,-19.204287,31.076273
40.420128,-0.866638,48.400848
-33.216980,-20.141165,42.126740
-6.872310,-15.117350,18.028305
-6.915646,11.259734,34.166767
-5.951829,-10.991955,40.001953
-4.959006,-11.053002,43.670132
10.545177,-24.235083,31.184978
-5.252696,19.522781,36.149811
-12.750813,-20.286726,32.640690
-12.926641,-36.298664,53.045296
-1.706705,-29.404007,52.115276
38.533466,3.766152,53.406315
-12.809707,-17.435823,21.780956
-18.158833,-8.479756,41.864761
-10.512573,9.195685,26.691410
-16.652637,33.300400,36.539612
-25.738447,0.528233,21.803068
9.003434,-29.078766,36.826157
0.137355,-13.955587,49.264389
18.909502,10.042336,36.027462
-8.781512,-15.533858,31.339199
22.697454,28.287539,53.441048
15.249643,-14.666705,54.462025
29.737366,20.531202,52.322842
20.652658,7.885621,41.840210
-15.457097,7.602659,19.646420
-3.394694,11.632537,12.997717
7.631888,-25.209894,20.955984
-13.423489,-6.781662,30.580900
17.614527,-30.409018,38.778309
30.696096,-19.750017,42.632660
3.416993,-28.155815,54.084930
15.476266,12.980334,24.790997
-10.014366,-20.538887,39.977722
12.759055,-18.502693,42.407227
3.327316,25.331085,40.717659
19.517805,-18.019640,25.221577
22.541889,7.335213,38.432518
15.758607,-5.986689,7.743661
0.888720,-18.639454,38.194382
36.581341,-11.399548,48.283340
18.839464,-21.341736,31.573877
2.377590,19.004368,30.254192
-0.996239,29.040991,39.326271
-2.638933,-6.847967,11.610147
21.192949,-20.456251,38.422848
15.310724,-25.240351,47.678257
32.814335,7.537055,46.427402
2.413286,-32.703209,38.109253
21.367882,18.415785,31.141195
-9.120622,7.616178,10.495910
-35.566113,-3.498848,31.951561
6.557619,21.984655,28.498848
-6.438119,19.629513,34.545753
20.441992,13.506102,52.607853
5.518642,-25.349913,21.243065
-47.642605,6.013802,54.310764
32.184330,-20.099485,53.788006
-13.838453,-5.578925,35.732601
-17.258615,15.042470,16.534243
-18.485250,-3.047738,44.241123
15.949399,-24.289608,32.243252
15.322576,13.998556,43.000015
-2.162793,-24.263226,32.758186
-10.572495,-7.838115,34.092312
9.257098,-24.604755,21.446669
21.464264,-16.889717,49.830479
3.515617,10.422551,19.969910
22.067448,14.210012,25.357307
-8.863542,-20.033747,34.104996
1.415438,7.620751,53.567669
5.094452,26.231264,43.259060
22.098114,4.203985,37.309612
7.452920,17.348297,20.966980
16.325016,-31.334221,40.831837
9.916295,14.326573,15.180187
6.895350,-31.478411,47.393684
23.237551,0.952329,21.939821
-9.369347,-18.115330,31.834789
17.366232,-24.334549,23.159855
-11.122386,7.997504,21.490772
0.020882,9.541652,12.686382
-11.572766,7.325408,49.761482
-16.012947,-7.352145,35.441139
35.046906,-6.918990,51.239826
-6.423325,14.008989,40.057899
0.908826,-24.210180,32.687218
8.412411,18.829773,22.361794
-8.018676,4.895375,29.063976
-36.060867,-19.306454,45.565662
15.743899,19.136656,33.730473
11.991438,20.157211,36.529694
-6.006386,29.246773,30.992727
13.100223,6.426338,26.933691
0.762450,-17.128080,12.140572
2.501796,-15.198541,48.906548
18.677311,-27.755108,46.798950
-3.699813,15.826526,22.649506
-0.014286,19.908699,43.897648
34.180099,-15.764187,38.570557
-8.345207,-32.930138,44.108913
13.030860,13.638629,44.262306
30.151201,5.398046,32.881050
0.644624,27.948914,37.910812
30.323778,-17.110329,27.138042
18.903805,-25.501345,26.741539
17.742956,17.036411,42.382450
22.854578,-6.638315,25.874496
-3.970125,16.260406,20.295744
-8.153697,-22.882027,33.041603
16.171516,-24.494421,27.923367
31.436834,-21.710352,39.961174
9.869884,-18.866781,45.472225
31.393030,-0.430780,29.882738
10.759518,14.004150,18.251680
6.818631,15.812393,19.770920
7.359581,17.106945,23.059547
25.718733,-6.626801,15.134384
12.450541,-24.284679,31.410631
15.841534,10.767693,31.907379
4.466942,-16.589314,47.236828
-2.851840,28.719631,39.287991
13.958317,-15.651213,19.912937
39.357033,6.738188,52.417744
27.175625,-0.031453,34.294796
19.046619,-26.905630,29.230932
-4.880825,-7.955715,49.105061
14.516295,0.114779,9.886434
27.799250,-11.020099,18.043493
16.500708,-6.806605,19.313560
6.755250,-18.582563,31.512650
4.629672,-14.740323,16.451286
13.327127,10.988927,33.787373
-12.004312,-10.712069,26.945457
26.082657,8.260806,44.130302
9.491562,14.420029,41.658958
18.175591,-23.792868,26.999449
11.158855,15.183939,41.731712
-4.953744,-15.856325,31.746078
5.414896,15.698980,21.249495
-14.724619,-12.982703,43.380844
-14.937851,-14.818323,33.959785
13.663000,10.027692,44.432896
-10.957986,10.830249,17.753193
-18.982065,0.988849,20.837769
17.247644,-23.056820,48.098053
33.567490,-10.642697,27.660038
30.114580,-20.507343,50.245037
-7.404995,-13.918593,52.421497
-15.836246,-13.286110,47.907795
-15.334266,-5.847639,37.682655
-31.742525,-14.933381,36.679756
-15.513491,5.112728,32.718521
-5.718140,20.528456,42.420475
22.702024,18.576456,49.085808
-14.684954,10.976517,18.208677
21.186943,10.023586,23.268217
2.898901,-19.136818,22.702879
-8.057551,-5.490526,8.193601
-47.768818,9.116045,52.229237
-1.120347,28.713234,48.200336
14.444920,1.589473,12.087311
15.055211,15.735320,42.299408
-20.277575,-7.072304,22.667759
2.199586,-31.331450,41.478046
28.161552,9.061227,27.890722
29.920717,-15.281879,41.670464
7.427747,10.152924,13.931082
30.958872,3.997475,46.067703
35.874680,14.472446,52.180882
21.325098,-22.417263,54.441711
29.459164,-21.866497,41.522026
22.006260,-24.964766,34.241158
17.949869,-28.074581,35.515079
4.119641,12.432136,21.444384
24.940325,25.486826,49.493519
-9.597199,22.971718,19.633646
-2.723377,-18.511448,22.569241
-15.993822,0.811361,49.634621
19.579716,-4.805794,18.982559
22.319283,15.143024,42.095409
-3.821663,-14.329007,45.258274
20.277988,1.139739,27.948786
18.762110,-7.164368,20.323055
28.850580,-8.447592,48.635586
-8.619037,-21.534779,27.546404
19.022440,-8.296620,22.052830
0.385504,-18.929653,41.347176
-4.376843,-27.831818,38.423332
-17.074863,-4.184144,52.599514
13.979082,-21.375713,36.209141
15.813555,-25.265888,23.667692
9.435751,-11.415069,9.490586
15.198933,-15.950650,10.545244
-11.883172,-20.205660,41.959167
34.561527,-1.958995,36.374187
32.373554,-15.526972,29.285089
0.512277,-22.099318,40.263496
-13.901751,-9.863370,21.559219
-7.365272,10.291286,38.270657
18.108120,3.339894,29.097685
-11.551373,-9.714028,54.068233
7.641704,-24.451900,40.032825
-6.255553,14.128283,47.780067
-15.523462,-6.461930,40.830978
-42.061283,9.434662,35.828026
2.256167,-27.733358,25.443287
-5.906960,10.847068,48.637592
-10.206163,-7.614333,13.037939
20.131258,-24.984272,36.849430
23.930243,-16.737263,17.575377
5.712042,-16.413963,13.517056
19.409094,-10.244802,14.192602
-0.639201,-24.120184,54.397381
32.428066,-14.522406,37.824268
27.363476,-9.924031,37.975887
20.650639,13.261580,31.506252
0.934782,-22.997438,21.978579
13.487510,-16.012609,42.531307
18.779732,-22.105787,25.328430
31.262114,-0.598955,34.154091
22.428940,-14.630452,47.425350
-9.056163,-21.328085,25.665237
15.241442,24.374516,52.587151
15.950667,-29.665367,45.377827
25.957712,-14.628063,29.933367
24.839729,-21.663536,42.575207
28.771376,-16.044382,35.688038
29.288782,3.065683,36.366673
-18.822699,-3.952828,41.938259
-6.253630,0.973508,15.556077
-13.699141,0.186851,29.700092
37.752689,-6.592500,49.866798
28.736185,4.791162,31.704029
-11.846575,-20.419333,29.660507
-8.928840,-21.748846,35.605076
26.753567,15.052087,36.803402
-3.130172,4.825758,54.432426
-14.152419,4.029506,36.069008
-3.244217,28.071932,48.927593
35.869972,8.649505,39.022499
-8.245111,-23.058504,36.602749
-29.231220,27.889381,28.656279
-13.163845,-2.731082,37.608299
-10.071963,-19.696808,37.108871
-35.824265,32.094635,43.150970
-6.624773,4.086538,52.443104
26.134298,6.097584,33.832188
20.950562,-26.994350,37.310905
2.928119,-28.518154,27.256031
10.371129,19.665705,35.476429
-9.248182,-7.020014,52.087868
3.493871,6.509027,6.969697
3.762942,15.328196,49.795277
24.051073,-24.219883,28.598793
5.083516,-14.456803,12.416244
-11.461923,-4.500412,27.907206
-7.708227,9.999963,20.709957
3.135455,27.172670,40.501789
12.504724,18.626831,26.484537
19.860813,2.187589,24.216986
31.544958,-2.126702,48.809521
18.024784,-1.335454,12.906441
-2.298049,-11.169341,12.900756
-4.415649,-27.190268,46.286385
-8.464693,-32.378403,51.540836
13.303543,-20.260094,32.599537
28.901245,10.418921,33.571003
-7.324369,-7.094688,51.345547
-11.496874,3.221183,22.126530
16.892279,2.585787,24.618576
-5.285298,5.310943,17.167599
1.473016,-20.730387,36.506039
-2.230341,-14.559305,46.715607
15.406707,-29.177322,35.093781
-12.697247,-14.979186,54.339520
-0.800365,26.035990,54.396397
16.420473,-13.082678,52.508427
30.106922,2.969510,24.790140
31.717909,20.972771,52.108845
1.714112,19.492582,35.169304
36.804428,-1.271180,38.667835
-21.975201,31.229660,37.386623
-5.723226,26.769745,30.419180
11.980703,-15.133554,46.629700
5.361212,-27.296190,49.403412
32.947472,11.727967,44.278599
0.208834,18.256119,35.878757
-39.068645,5.160823,32.450268
14.928756,17.964157,51.611977
1.212517,-25.584217,37.686909
-11.632140,-6.047147,36.836449
-1.998978,7.664161,9.359849
25.429157,-25.456579,34.116333
-11.866803,-29.041815,37.466625
-12.828028,5.278632,11.616408
4.901157,15.319794,19.445164
17.182489,-18.523396,50.794296
-10.446551,-8.437697,52.893379
1.725800,-19.540674,39.777828
-1.907398,-10.351428,7.408896
-4.475500,15.732389,35.536541
-14.606646,2.982869,23.696161
1.160852,-22.554430,37.936192
25.972345,-21.291317,54.638702
7.329661,-17.791763,24.986723
-10.523068,-6.452092,53.974190
27.752346,10.823977,28.413857
27.527063,-6.908265,27.026047
38.093086,-1.519429,48.516018
23.240192,-8.485688,18.018423
8.223020,-27.842850,45.493561
34.529552,-10.957910,50.981663
36.739777,8.218868,52.812035
8.416337,25.541206,35.320393
24.083059,-7.477184,28.566996
35.307510,-15.450428,46.140018
-4.327303,24.788345,34.558247
-4.418717,-7.127560,8.536041
-15.209490,5.893483,37.232098
34.686443,-8.128718,44.211582
25.033346,18.453447,46.491535
-6.535268,4.317038,10.020164
16.623701,-17.768938,26.041523
-21.828243,32.568287,48.533283
31.644684,0.697039,37.871262
31.985981,9.054531,41.894398
15.906361,-12.874698,54.465778
-7.278469,29.944057,45.249237
13.316676,30.201813,53.786102
-11.917422,-9.997931,18.836720
-12.352769,-29.793894,43.749229
-2.807818,-16.103527,43.075642
-5.828623,-16.718998,10.083619
30.322514,7.648943,32.923634
-8.192656,-12.237341,45.882313
-4.403262,25.456417,23.924734
-4.583984,-0.465355,12.197462
-16.286737,-12.539605,22.226147
34.137299,16.662729,45.887878
6.605241,-24.078667,52.240894
-8.526256,-0.561004,28.018415
-15.721639,4.155518,37.854008
15.783336,19.049990,41.058334
18.667828,-17.972439,41.504143
1.431594,25.935410,44.972172
13.691215,17.131989,54.150070
28.079744,-24.169905,35.513897
31.600697,-15.724398,50.286900
-7.739487,-10.405574,43.942471
-6.580943,7.177916,54.412460
-40.575294,-18.882757,49.810406
1.894748,-6.950544,5.465421
14.240717,-19.236259,19.717827
11.439551,-23.452877,51.040874
28.956051,-17.916441,36.729961
-1.527272,11.276586,16.988234
2.885178,-31.957212,43.513248
11.262786,-23.593075,45.612762
16.774286,-24.192846,34.301914
30.840759,20.183205,46.205669
-8.300132,-27.504154,37.060204
27.702955,8.013167,31.358210
-4.987053,14.314661,34.134552
28.342010,-1.213577,38.162868
-6.539740,15.482487,43.431675
4.597066,21.419888,27.121559
0.614824,-26.420967,30.205816
26.223782,-22.523842,39.447971
3.155540,-17.816736,15.934671
-8.725916,-27.190372,32.032219
-12.415080,-5.224611,40.592579
-4.990190,-27.196272,54.286091
5.122730,-25.482983,26.135500
25.021187,-19.675280,48.886257
-11.789962,4.508247,38.989590
21.873571,-0.412542,16.875572
-9.123831,4.201763,23.498903
7.495255,19.915615,37.157551
-12.453096,-30.577492,45.485447
2.995455,13.062041,43.558826
-9.840569,0.549450,22.337538
0.083410,-18.124538,50.655781
-15.886343,-1.470372,27.220909
-35.398773,24.758989,30.796431
-7.718872,-16.044456,11.689023
20.712246,-6.171324,20.276192
-11.602180,-20.442432,27.153276
5.877487,13.488080,52.119263
5.520618,27.164988,51.437351
-13.881379,-10.036237,27.185627
-10.494617,-33.530884,50.536263
-2.384551,-11.315549,10.922579
0.340762,-17.860889,31.190435
-12.459414,4.401259,32.141674
-10.942694,-19.053453,26.059084
2.348404,-22.805574,16.096619
9.335840,-17.583597,10.923416
19.934137,2.371901,26.144157
20.241724,11.845048,38.612633
-16.028431,-17.895842,23.588156
-12.681617,-7.660119,27.429688
-9.063396,-17.405293,45.311787
5.488453,10.899354,48.700153
30.123217,-4.228069,21.116915
-19.130543,-4.576251,38.979744
-18.388762,29.000605,24.781170
16.433020,5.035681,28.911083
10.026402,-22.455044,29.186569
12.154007,12.917816,31.423288
32.501377,8.464197,38.741592
-10.043697,-30.766758,43.867218
12.279628,9.313396,14.400414
17.335098,14.592048,43.540775
-10.243167,-21.061277,43.059544
27.782911,-4.754669,33.819672
11.504618,-27.188362,35.960957
28.492172,-4.894971,31.984571
28.348354,-2.293644,24.088140
-8.816396,5.335320,16.898714
-2.301243,-18.395878,10.435466
-6.293956,21.453077,26.008867
-13.430966,-22.482409,36.852180
24.779142,23.777819,49.836391
13.051957,-24.365324,42.107975
28.659945,-20.569679,29.367630
15.685510,15.788509,38.919033
-13.314971,0.861661,20.145851
14.898676,-26.369038,37.397938
-9.641257,-9.017278,44.251804
-3.644309,6.861401,10.054474
8.512937,10.888911,22.457354
10.811234,21.094603,30.664053
29.043947,9.941566,45.649719
-5.203356,-28.631224,31.896305
40.515144,-9.971889,42.355171
-2.188257,-17.839169,53.973560
12.101259,-7.532642,5.677503
27.389202,-10.682027,32.628780
20.077759,-29.012188,39.902634
26.951347,19.794106,40.668869
8.284818,10.051543,27.584896
-12.116250,12.942041,42.505730
-6.070809,-10.837977,54.313198
-11.887999,-23.428473,39.737648
37.276463,-0.772891,45.775146
4.933637,11.179271,42.124142
-19.979206,-8.538431,19.931780
27.154711,1.122956,30.417187
29.777504,10.808447,48.882633
-19.893616,32.469555,32.263546
17.827005,-28.682423,32.900551
-4.377693,10.011600,32.426872
6.868650,-27.300827,47.350090
25.104265,20.946302,40.785660
36.877361,-12.796591,39.864372
9.319518,20.328058,29.388702
-8.312292,-31.105169,38.966625
5.415071,13.415382,17.861248
1.797845,-29.519154,33.996864
17.272009,5.584844,33.451538
-13.691403,7.689889,40.207592
4.710943,-24.506628,19.642885
2.080385,-21.326210,25.997065
-11.835641,-13.139556,36.547062
-15.238180,11.089130,30.958273
19.099049,11.216475,43.978806
12.035765,-15.068961,8.672689
30.729317,12.847410,44.075008
30.074743,8.833158,30.290775
-20.414991,-32.485207,47.359737
8.684152,27.596087,44.997181
1.731297,23.040569,23.323149
10.416035,21.318432,27.127319
12.980778,21.319008,29.761478
-7.723491,-25.928850,51.392838
-19.024738,-5.386245,23.256166
-15.895278,-2.011164,29.615793
14.611655,-16.844490,53.106380
7.090816,-15.351105,15.751694
1.045853,25.787140,40.590816
-11.160631,-4.347383,33.327202
-20.637499,-17.070230,27.510841
-11.085426,-1.427705,40.164341
-12.533564,7.009588,14.510726
1.880684,19.429710,39.723858
32.570992,-16.900759,31.083693
13.680983,24.709877,37.883507
15.147625,-17.468773,15.142894
-8.068772,-9.195260,45.475544
26.460543,-27.422274,53.379524
6.382629,13.077042,14.845483
13.805390,-0.457521,16.749104
1.705836,6.248148,41.941605
1.094428,-15.730911,47.416683
-4.608746,-33.464420,52.263840
29.982082,17.840050,40.272961
-8.248384,-15.054271,33.384068
-31.661562,27.132870,29.606466
-18.925611,-2.083498,42.169926
0.512422,-15.271697,50.558121
-1.673108,18.858921,16.627855
9.434714,17.222376,48.573200
1.963414,-16.702581,8.267831
-1.476227,18.269861,31.361288
-40.437553,28.236834,51.855923
20.941368,-22.195921,33.622334
-2.513771,-18.996681,32.397057
-8.781817,-19.203722,25.599335
24.904394,-7.282180,21.758688
14.223372,-32.291111,48.679489
11.639870,-10.002921,16.262934
-7.260538,18.312298,39.367840
32.555786,-11.212447,33.232445
-9.090949,-1.895722,19.228340
21.763676,6.534122,40.697872
-12.154446,3.115023,46.409847
-7.911358,-3.134511,48.670818
23.400330,-22.325813,45.208023
16.654440,-12.768002,14.425277
33.888840,14.001727,45.463120
-7.501474,-15.928906,51.855831
-15.487802,-10.560334,24.761789
-0.925895,-18.446070,36.149342
5.197040,16.888914,37.741634
-6.402051,3.677873,44.796459
24.262833,-1.369936,30.490374
16.243330,3.104842,21.095694
31.705759,-17.557037,52.354355
6.665984,-22.123260,21.706003
25.280241,-24.801979,54.272472
12.724483,20.328979,50.258610
28.616087,-10.606803,41.459393
14.269816,8.968091,24.072687
-8.427167,5.187931,42.084419
22.526978,-26.457335,38.748955
29.472740,-0.582436,29.340841
-38.362728,-7.344914,38.214203
0.186243,-22.622561,24.287506
19.113907,-16.470718,37.830612
-2.070425,22.967972,48.963802
18.739244,-10.868640,18.855793
-8.909988,-23.385542,50.789658
17.647474,-20.574898,49.044926
4.676068,9.001101,41.583675
17.882942,-9.280990,18.865690
16.613680,3.363351,10.212551
-2.243658,19.211630,44.659901
10.997062,22.025446,49.746788
7.734334,-21.581289,33.585587
34.004124,2.021550,29.939165
41.512058,7.595458,54.446400
37.691822,10.741735,51.560558
-2.858443,6.312614,12.391113
8.059794,-22.789938,25.806711
17.816765,17.540970,46.042778
8.213554,-18.310331,28.117348
-11.333143,5.942470,10.809416
-4.130543,5.725559,42.633911
-27.881622,-32.955521,50.930370
25.789671,22.078569,51.796326
2.852976,10.908900,43.126160
25.833920,-9.362973,32.484127
27.909351,19.370918,48.918922
-2.171678,10.073462,22.254745
-7.913888,3.408896,34.646343
-15.404370,-26.925707,36.251034
12.490262,-9.554531,8.823239
-0.144163,-1.740509,1.670782
-16.321363,-23.139290,42.202049
0.005982,-12.570726,10.335591
-12.914304,-15.178533,29.881123
-0.790277,-30.514196,50.801529
-8.167019,10.505044,17.668736
-41.762093,-6.096496,42.512127
4.591002,24.229958,35.385620
-1.216011,-15.680713,44.048195
-2.819444,4.951736,37.014366
21.842657,20.626183,47.882282
33.349091,-2.287853,27.706783
-4.544878,-13.771242,7.465490
-5.180048,-7.705423,11.923876
-13.008647,25.679108,21.473377
24.447813,-7.845028,16.529232
-8.821532,-3.122725,20.534996
33.508621,9.617625,44.331341
14.825035,14.091520,38.408768
-12.523737,6.280173,40.128311
10.796273,-23.740259,42.478310
-6.895364,19.648026,37.025982
9.446429,15.393332,44.026997
31.221104,13.672473,41.194096
29.821655,-18.435835,51.477867
0.502471,14.825778,50.543831
-0.651516,-23.744873,18.400389
-3.575366,1.199152,38.774597
9.573006,-26.300760,43.261456
-28.934864,31.731314,45.670944
-6.023724,-3.213865,9.377961
-7.565896,-19.947931,48.924366
-3.446193,16.411524,28.129372
25.591185,3.310805,24.906681
20.280575,-12.535373,23.824646
17.221981,22.713552,40.854965
-4.079353,-33.859074,43.947872
16.272306,-16.233204,23.952097
29.087753,-13.555172,41.943653
-7.649767,-2.242243,17.998663
27.561323,12.214757,47.501114
7.241059,-18.102524,49.069572
17.997221,-21.200626,46.245033
10.224383,-28.473745,35.301476
-18.917479,-23.539429,37.765724
8.004602,21.032391,49.583286
22.821238,-10.364447,15.476357
8.559882,-24.095890,28.431761
-4.337474,-4.422957,46.276604
22.753925,19.962187,35.232140
34.226196,4.750017,50.055408
21.062786,-19.620340,52.329514
39.004997,-17.278275,45.275394
13.622030,-9.863328,12.531652
8.682399,19.958853,23.940386
34.465420,9.349080,37.272911
31.535559,-3.418252,28.198683
1.713861,5.506321,51.402229
17.027094,-21.017042,19.717764
16.173859,-22.974430,20.230238
18.010115,-14.382928,28.849276
-9.627292,-29.632263,37.133564
-2.001214,17.743574,38.898342
-0.305731,11.967783,25.263866
-9.306536,-7.006593,35.338264
31.305849,-7.444861,39.430313
-10.541998,10.581656,19.579559
17.428869,-23.454784,39.029892
20.545816,21.288912,39.875648
5.448221,-22.221392,34.357220
-7.724886,12.974132,34.718273
-3.312754,-28.773542,45.818291
-29.752542,-32.804314,54.048832
32.553196,-15.797154,39.357727
-47.785721,-1.925514,54.543961
16.267683,10.588833,34.571697
30.853180,-23.388870,38.210857
-1.802545,-20.729504,39.170601
-11.532160,3.499389,42.067074
2.890808,-14.373548,54.380421
9.773445,-12.718704,10.702199
6.457353,-12.122394,7.478045
0.226360,-11.096957,48.236706
35.385544,-4.315655,49.009411
-37.179943,31.140642,42.498241
-16.573095,-11.096068,50.112007
11.023763,12.572103,25.043896
32.518463,-14.449505,27.694738
10.699238,-14.317094,19.866617
-19.306261,14.245937,16.926714
7.011034,16.225752,26.139034
-23.460726,34.251656,40.687687
12.366750,17.656912,44.798222
-9.555940,-0.431825,49.814651
-34.660122,30.747269,47.486477
-4.280573,-8.017458,54.115932
18.477459,-21.977575,29.819639
7.867517,24.374729,41.899147
-8.008952,-11.632427,30.742098
25.831707,-27.832048,49.346600
4.375799,-29.478342,28.905703
-4.610112,23.000776,43.952538
-3.598202,12.751794,34.912601
-6.293044,-5.838744,4.349566
26.915951,8.640349,34.075500
17.628141,22.512957,36.199715
-8.199196,7.247751,13.513210
28.803074,4.180367,33.534058
2.454124,-4.475781,1.875202
13.126477,2.728230,9.439207
-10.160594,-4.491727,29.705160
26.589972,-3.983401,32.465771
-6.098387,14.744974,13.455168
-4.506987,11.002047,18.029667
1.889427,-5.916144,8.279748
26.908495,-5.510358,23.483229
-1.948519,21.581381,29.143053
26.595325,-10.580462,49.726055
30.713678,-7.799735,42.689991
6.168846,5.665533,12.265365
37.799217,-7.734077,46.378021
20.540001,17.022188,44.023640
17.538425,-29.132206,44.618912
31.832386,-14.676445,46.604641
13.650810,18.025513,32.988514
-21.093821,-11.349319,26.879665
-17.405996,30.962843,33.036903
-3.100385,5.464385,6.879110
-0.880499,-30.972967,53.353878
-24.488846,-32.144920,47.723770
-14.272537,-32.589199,44.215115
6.348349,-19.364191,10.759464
-10.241731,-30.072041,49.887398
-4.781488,-24.235331,46.840191
30.813543,-5.194646,44.736465
24.913092,-19.735687,28.590792
25.367804,-13.559892,23.516994
39.158947,-3.406280,47.417973
6.365783,-27.617815,39.362595
-47.717968,8.126424,48.614338
16.180546,-20.311895,32.834312
28.739420,15.612834,35.745819
-7.728710,-10.846737,49.170189
-5.701824,-26.791237,43.594147
9.604815,-27.489462,26.420992
8.485965,-22.651581,15.879868
9.998184,4.937186,16.725750
-13.113201,5.776731,33.582508
14.620427,-17.665100,11.460644
-11.727625,31.142864,38.606426
20.253176,-21.343697,30.276306
24.070459,-8.188290,23.778702
26.054321,-20.315010,41.184464
7.253429,15.920784,54.336773
-1.758081,-21.183268,45.788483
6.305513,6.217001,8.349566
19.579226,-22.581642,21.565279
13.836152,12.751596,50.512375
-5.721327,-9.526615,10.526779
24.677244,-9.851289,31.146069
-12.856694,-8.730171,41.520763
-10.122919,-5.541620,16.154091
18.945265,-19.294046,35.369343
-8.048352,-15.631376,42.269531
-1.037018,30.316048,44.209835
-16.119656,-32.270203,44.383503
-1.190076,2.107326,49.108685
22.862856,-12.122169,18.556213
4.276709,-24.663235,42.830948
4.860881,-23.478642,52.854465
32.192371,7.293564,35.786873
-3.028224,29.095879,33.125149
35.551056,-13.586802,53.047188
4.944684,27.368330,37.281860
7.046195,-16.421223,12.230889
-11.352901,6.220075,51.718498
-4.837142,-14.446941,24.890709
0.062160,22.207848,32.715523
17.471037,4.572444,14.871124
-4.842704,13.417703,11.746035
30.910004,-14.833664,36.342964
9.040758,12.323976,19.395088
14.826096,-14.892386,12.220737
-14.916100,-9.087882,43.528027
-15.769185,-6.444298,17.181946
17.062668,13.340915,35.007835
13.366905,9.894332,31.634014
-35.467373,19.533735,27.994352
-21.274464,-5.099317,23.263315
5.573043,12.185191,26.388939
-10.084325,-35.297359,49.356911
6.301870,9.248815,41.152687
-6.724991,10.012630,22.183111
-4.721738,10.364123,22.118708
24.147276,-14.619216,24.586910
36.117226,1.660671,47.052025
21.509663,17.109312,46.060612
-9.740051,2.642664,8.292221
7.049685,11.162267,21.051777
21.514824,-26.292759,45.756729
-13.590334,-3.557937,44.692650
-8.157379,11.384112,44.158241
24.421906,10.758110,46.577068
22.954660,-17.096350,45.192524
5.348468,9.442121,39.576614
10.956453,19.470469,27.271259
3.589744,-8.372512,6.869807
24.217295,6.627806,29.343264
-18.638046,-6.919728,18.290087
27.557978,-15.199179,20.292976
-1.017395,-1.451543,45.577297
-5.704396,-14.003296,42.177971
-15.504184,-1.258494,35.904430
-0.711040,18.264801,22.529348
5.946905,12.950171,40.767361
-1.269831,-26.902550,51.197826
16.936523,12.706679,50.721539
12.578117,-23.164570,36.496445
-10.514616,-29.311731,38.818264
3.635970,-22.321716,49.748878
-5.154805,31.273588,50.055401
34.276073,7.275705,43.609234
19.601040,-0.882446,14.497383
-11.291160,4.545024,49.874519
-1.286019,27.935900,32.406425
-10.555223,-20.034264,44.629192
-3.632770,29.116577,54.472080
33.262306,20.315668,50.791946
-18.395580,-4.613903,17.359556
-10.678685,-20.232656,32.370228
2.228240,-34.263935,45.849014
24.250248,-28.691324,42.995682
28.255629,-23.752909,44.725147
18.596811,-10.581399,16.067732
-6.442366,-5.554603,54.284397
1.487631,24.400045,37.444931
3.905720,-33.744568,54.374332
17.212351,14.366039,31.613691
12.294403,18.423038,34.715099
33.766617,-16.414652,44.812149
24.600519,24.620008,54.639114
18.738916,17.303015,54.231670
27.322681,8.690659,39.017616
14.462344,23.224556,43.288334
3.797354,-19.006563,10.505532
0.991980,14.949998,29.171747
4.465650,-31.932638,49.461601
-1.845078,-14.579561,7.005582
-1.893674,23.609816,22.664129
6.677425,11.069034,34.909050
-36.029812,8.866650,27.929934
-34.212196,-6.036271,32.292107
9.828288,22.359974,46.414425
-0.182948,16.042418,33.090199
-10.995528,10.320558,24.866194
-2.302457,26.732304,50.428577
11.124416,18.982162,41.521572
12.042217,12.296288,44.926208
18.038845,-25.158503,52.160088
22.076656,9.914842,38.741524
17.219160,15.314502,41.794430
16.982712,-12.098797,19.378410
12.569867,-17.404556,10.445993
-21.097004,31.704109,41.761917
-18.427429,32.016762,44.697212
24.524271,14.042737,32.912281
8.891891,-31.676691,49.948528
7.383016,13.844498,37.856518
27.069920,4.016435,28.270813
12.007925,-5.442010,11.699186
3.323750,-16.066515,16.553659
-10.903981,-10.173348,50.710506
-15.849773,-9.164526,26.628496
-2.048312,24.843884,53.267941
-36.150654,-6.206394,34.561817
-1.227763,-19.777462,47.120480
-11.842826,-10.510810,34.082981
3.946978,-18.711216,46.564362
21.261675,-13.302632,26.103897
9.356305,-29.842390,39.006363
15.396121,4.318175,8.643617
25.719620,16.359810,45.346355
12.648895,-16.562586,54.153343
7.580172,-32.936161,39.388042
33.193707,-10.274952,37.839466
-6.754319,-32.038982,39.957012
-37.723373,-13.874098,43.303150
-37.213966,-12.616905,41.080086
-8.122976,-13.867176,25.132185
-0.817276,-15.922351,22.492256
2.114228,17.419861,49.434406
7.490596,-22.096281,49.005894
-1.319006,-14.713090,21.013870
26.343397,-17.456362,50.393696
-33.789619,31.282001,49.861397
6.491544,-11.604703,10.728650
28.089701,-22.627388,38.580944
27.703386,-12.382697,21.675041
23.414480,-28.124031,39.710564
16.555059,18.371429,26.755518
-11.147867,-22.980070,33.335743
22.405796,-3.178248,19.515347
24.719353,-15.202055,47.304554
-0.906426,13.645316,36.548519
1.592200,7.667877,11.516273
-0.314205,-14.638756,19.182333
-2.030875,13.871870,17.027950
13.210835,-26.653435,39.105118
18.168978,-21.554228,18.370974
-14.690268,2.237472,18.443470
5.614550,16.152224,50.445393
-32.765987,3.489413,26.165945
10.381003,-18.362984,32.753532
-17.238256,-21.040161,36.499519
-9.510947,-22.702242,34.201134
-4.801342,23.513893,52.120228
2.035185,-27.097490,49.812840
29.609674,-16.636831,37.907124
26.033825,-6.431440,18.443827
-16.297754,-7.992207,19.699213
30.229488,-2.417887,34.833160
-9.375996,-14.226899,13.838120
25.594942,1.894735,30.810152
19.089411,-14.022390,45.435551
-23.043650,-27.534100,41.432148
-25.038364,-28.666445,43.921101
-7.106919,-14.387180,14.384409
-18.679392,33.742252,39.784538
24.023512,-0.010002,20.335674
3.613393,-13.226023,5.833550
38.582779,-14.782419,50.180859
-12.761399,-10.877377,44.985382
27.983988,-0.983963,21.316303
6.117070,12.160330,16.459621
24.574535,13.534496,54.378468
23.215939,15.916154,29.729593
-5.320836,-17.865639,35.079697
32.968906,-24.386904,50.091236
-13.496802,-19.189445,22.343307
2.702972,8.284114,7.736365
6.375068,13.382783,27.762413
35.351566,1.181311,42.883839
-23.823666,32.616127,33.801815
21.308937,-14.209477,44.388542
25.272957,14.611287,50.776386
-6.925440,0.974291,43.697624
-17.348806,1.923592,15.469932
-17.584934,-3.695260,18.870487
-17.200071,6.083306,15.385548
33.552437,7.052885,33.377480
5.212223,-15.056577,9.351382
19.494410,-22.623251,35.158859
-2.134365,-23.252815,19.720850
-8.050502,2.186831,22.169868
28.136288,9.817419,31.900599
37.896450,-7.193369,42.758255
-14.211328,-4.474315,52.817215
-0.300066,12.360201,43.784985
38.639057,-6.078899,47.832970
-11.713783,-7.942418,48.640255
38.380058,-12.835082,49.760841
-3.692391,12.374339,49.168564
31.234179,-12.052302,43.349518
10.644151,-24.885015,44.030663
15.468673,-24.339558,37.591362
14.223186,-13.871809,19.439287
24.742445,11.342083,44.324928
-4.692276,-5.238464,42.079964
13.536951,12.138347,43.493511
16.347366,-3.193874,13.055202
32.033218,-11.319405,40.841652
-22.425035,-19.473225,36.117035
11.383342,-18.097530,53.930820
35.589653,-10.367499,39.699547
-20.422443,-19.544167,36.144814
8.859735,9.992660,45.934589
4.569828,-12.339035,10.101149
-11.372310,0.037478,21.425163
28.362644,-16.678415,54.316448
7.599246,-31.447178,44.663151
-3.863929,-24.682404,38.426037
19.972082,-16.917873,21.017008
24.379768,-18.749666,42.886448
-18.945572,-4.694642,35.545418
-9.621242,12.658862,26.291491
-2.779257,18.375896,42.480175
-7.407245,-18.439749,13.878151
35.798771,14.217267,45.582466
37.138390,8.419575,41.648830
-12.141239,0.810355,25.155584
-4.157731,-19.838259,50.274998
41.092445,-0.951205,54.520473
17.712976,7.263268,30.747704
-12.518064,-19.228893,38.364468
-9.619185,-4.868042,10.751699
-0.336716,19.115450,34.009602
22.514248,-16.378767,52.366585
-9.365426,4.666517,50.237602
-5.233494,14.312126,37.889641
28.748283,-12.024505,50.351025
27.937750,-16.606833,50.786915
-10.228549,9.081147,36.105366
13.071565,8.721250,22.613235
-5.193552,11.690721,50.315617
-15.292286,-15.341765,19.393675
-12.797954,3.611636,34.267162
5.489429,18.433969,35.830154
-13.446947,7.758907,36.913128
-1.561949,11.075626,54.294418
-0.641160,20.598812,22.073168
-25.689264,30.040277,33.804836
1.228714,-2.892385,3.941966
19.462505,16.586283,45.512985
-4.569721,-2.545368,51.739765
-3.183577,8.150175,43.574398
-13.364535,-14.253772,27.116266
11.947847,-7.589099,7.804948
3.867437,25.168217,29.517796
-0.315001,-16.823643,24.628841
11.761896,17.713018,30.452690
-6.617321,-19.623760,44.315216
8.886877,-18.629143,20.099495
-2.860132,-17.408644,18.986933
-10.949596,13.078759,49.022827
-6.915309,-3.318925,41.801949
-10.809981,12.199324,34.535877
23.997459,7.367197,19.815018
-15.550266,-3.807288,30.397551
32.247936,21.964624,54.227463
29.376963,-17.392155,40.822079
3.215406,20.490524,28.207893
-4.776043,-35.100418,50.002644
-5.158371,27.099333,54.360146
29.567593,-7.211699,26.854273
-11.123949,-31.806030,45.701706
18.516947,15.407332,24.315174
0.844020,-24.472973,47.958103
15.020027,15.254377,47.666008
12.201516,5.131873,6.363281
13.178236,8.042457,8.988723
-1.324428,18.159796,20.277174
5.307489,19.712318,54.358536
-8.751955,-20.287617,52.323788
32.893959,-14.005878,52.031982
6.847070,18.613571,24.533842
20.404449,8.782816,20.329485
-11.954617,11.763615,31.675507
2.885485,-17.068413,22.958447
13.757904,-19.112823,28.277449
24.601555,-13.071278,33.685322
23.229923,-13.051778,46.112923
-12.094279,-16.041460,25.193588
35.151428,2.593060,50.460587
-6.280765,5.877550,37.096088
38.998116,-4.701296,44.443161
-11.732418,1.618333,54.038868
-10.381606,-0.123926,53.265446
-2.774815,24.628414,30.331583
5.005787,-20.093472,54.445183
29.040895,-5.629930,38.828945
11.490967,-16.761644,41.046768
11.509502,-18.544256,44.163601
2.751564,14.064304,51.060192
36.070808,-19.778805,41.641590
-4.968831,0.861831,8.685111
12.456998,-27.301775,33.567558
-13.552121,-26.254644,41.622837
9.058932,12.041039,51.357239
8.657427,-20.906328,31.961769
4.625118,12.564422,37.284466
7.147367,22.700596,44.361317
-17.541475,-2.081673,49.732498
-23.317633,27.333546,25.851372
25.707287,-23.988693,51.800388
-4.529367,-18.246691,21.774374
-10.118916,9.671131,49.538261
6.393055,-33.155182,54.268536
19.814325,-19.300339,47.104633
11.459540,-21.357466,14.569072
-4.840724,-18.235060,11.269200
-6.153512,-6.963010,5.980944
5.692318,-17.413612,23.825439
-37.258110,2.012712,31.353741
31.455526,-2.987772,33.687168
-0.438153,21.307081,20.109631
15.915286,-27.049089,51.610565
-4.610114,9.453520,12.040141
-4.928702,-20.461596,48.411816
-28.721136,33.103561,38.873043
-9.318689,0.268569,48.121307
-31.864389,32.702015,40.547607
25.381836,-21.758307,50.786598
-6.352625,-19.769688,38.019444
17.125965,7.111431,38.613388
12.448833,25.646624,54.372650
6.831163,14.775883,21.914919
-1.645591,9.772697,14.221743
-6.178066,-21.188272,49.771137
24.961123,-14.277819,45.346054
31.125582,-25.037796,45.368404
-44.962502,18.909296,41.571518
39.100468,-3.394001,45.642155
-10.569093,2.375906,48.028732
26.607389,-20.748936,44.705284
-17.510368,-7.075896,30.895187
-7.273017,-35.274006,50.673588
-17.934740,5.723552,34.950901
3.695401,-27.256498,28.642672
31.605640,8.557096,31.697969
3.550282,-24.391691,47.361824
28.034548,-17.675220,44.404350
36.545967,-5.639861,37.443783
31.965303,-16.435265,37.501381
21.918142,-9.229208,11.868602
-2.351070,-3.165564,3.903157
2.963628,-23.887087,30.365282
4.361038,14.491584,12.484524
18.407990,10.608010,39.375069
20.446293,8.224870,38.081825
-13.129846,-17.437437,35.392021
25.742376,-12.315619,39.834488
29.966961,-11.285709,49.217426
24.343111,-11.764214,23.964935
2.008300,-26.751932,42.400951
7.853930,-19.609316,23.387634
4.935932,-20.788305,35.564720
-4.506972,-12.153546,42.154079
18.553301,11.762599,32.225517
24.334274,4.405413,17.555151
36.700905,0.156341,34.941170
8.346047,-23.332270,47.578594
-8.334851,13.016931,49.474571
-36.333786,29.563095,37.925426
34.419521,-1.460910,42.464943
14.208089,12.778415,19.853962
-2.589135,-16.948042,52.202713
-2.359173,12.155905,52.699211
27.245949,-12.984205,23.765442
14.850684,8.942459,12.160746
-4.478807,29.320642,50.626255
-6.835221,13.862337,18.055862
-10.392786,-21.005877,49.455013
8.636587,9.108863,17.828489
4.091034,17.988791,20.343529
26.861504,7.216457,47.793499
7.889969,-15.169963,48.270767
6.173159,11.617619,44.977428
21.996927,-27.547171,51.141499
13.845271,8.243294,17.717245
-5.689913,14.673722,15.799842
-16.223593,-25.375177,37.554569
29.386509,0.345947,42.310463
22.866758,-21.221216,26.969234
25.835951,-11.756143,37.895050
-9.114190,15.137372,21.449480
1.992289,-31.480076,45.593147
16.758318,-16.290878,20.248758
24.817560,-0.361796,18.781721
-17.538553,-6.105888,16.469187
-38.718517,-19.853172,51.945534
-5.354248,1.083961,6.730705
12.286982,3.045588,17.397936
36.369297,-7.881093,31.927477
22.217346,-15.036212,25.811440
9.103691,16.723406,30.993422
-12.562551,-8.668755,29.796490
21.808472,-16.410919,20.194832
11.188086,12.049706,33.085999
-0.147561,-15.841983,7.686056
34.360176,-17.464600,40.943512
1.006366,-14.791940,14.598083
6.744580,-22.871496,16.284374
18.123676,8.525062,42.362167
27.986290,3.217144,38.616154
19.011389,10.923201,26.254526
6.869204,19.717125,21.468889
27.459665,-17.418802,34.548687
-1.900857,-25.649214,36.633022
32.060406,6.641469,54.195168
29.056740,-16.496267,29.621397
-15.778506,-4.984127,21.839128
-5.845080,-4.631074,47.234459
-8.468030,12.643477,23.670872
29.576250,-12.641432,52.441238
12.315849,-22.071884,20.788870
34.076401,7.085400,35.270569
-4.076630,-20.370836,27.407551
32.717140,3.713157,44.364292
1.176324,-14.626785,7.490104
-1.829024,17.271420,17.698118
-9.424521,10.427166,32.809452
-10.488556,-20.444057,19.972984
21.588045,18.519455,44.711838
15.980303,-0.765426,12.480464
1.232435,-24.774614,20.442057
18.289600,-27.861492,30.688549
37.782097,-6.283427,34.545383
-7.294278,-14.642761,48.043694
26.970079,7.119901,35.543972
-20.079945,-20.139565,30.876951
38.307068,-10.278288,36.237381
23.903357,-23.376543,35.365227
3.242617,15.689348,36.675583
19.417789,-9.607971,23.653744
4.764225,19.426613,49.161884
2.524269,-29.940607,44.623196
3.455631,10.425184,41.146801
22.748425,5.737966,20.152964
15.148657,13.475475,27.487637
12.731524,12.608684,28.364622
25.867220,14.240312,44.480198
6.176541,20.005207,39.296047
27.230415,21.345362,43.684559
-40.826210,27.157404,41.321583
0.639435,-18.336372,20.086164
12.902698,-17.542910,16.777189
16.132772,28.173855,54.449669
-4.672150,8.272607,35.851860
3.510620,15.723124,25.492373
9.867697,5.115817,6.694204
-13.163172,4.905403,48.860256
-2.016979,14.372217,40.065403
-14.086925,-5.720566,27.267353
-6.976444,-4.879761,12.587255
-3.267397,14.408663,36.250755
26.014534,1.064212,28.156744
3.650143,17.355028,42.491337
35.674633,-1.962372,54.159599
-3.278375,6.760269,36.989117
-32.928783,-6.618858,31.162878
17.054558,-15.285364,54.388767
-10.778340,-6.972036,41.291122
25.092714,23.421906,46.101192
-31.904936,31.372971,47.426514
15.688775,10.730804,23.833494
9.685783,-18.527363,36.493202
32.479836,6.433267,39.184338
-8.151711,-24.708609,38.551231
21.758982,-25.266146,54.546940
-12.975300,1.238217,34.069672
9.879683,-29.752771,44.660538
-36.390106,30.235098,48.873837
-39.372612,28.309341,48.288715
10.159018,6.920084,20.223711
-6.618977,-21.648058,28.896189
3.440169,-22.978359,19.760349
1.157907,-16.678585,41.413471
-5.971494,11.933753,14.535243
22.261642,4.852228,25.422709
-12.040012,-12.768673,26.237303
-4.596347,-27.079153,27.558746
6.809923,-13.911635,6.367817
-7.368988,-9.385800,54.463600
-9.152332,-14.805153,47.698536
23.842356,20.753151,54.314064
11.817651,16.256319,24.468676
18.536366,-5.352333,12.221822
-10.963930,-11.560381,28.391737
38.540810,-14.771262,54.273582
3.156381,-4.183222,4.543163
-7.526241,-32.537380,45.847092
31.836464,11.367166,35.236736
-11.107180,-6.658709,46.160484
9.773622,-12.647894,6.504260
14.722061,6.989683,32.228447
-2.752450,-25.380634,54.246071
25.510088,15.354100,54.211758
-9.946230,6.907261,13.177265
27.510033,-21.359034,48.180302
17.748131,-20.344475,21.436882
22.677851,-3.038522,13.622766
19.023739,18.405828,29.120237
-7.270020,-8.270572,15.544757
-11.895782,14.326133,35.972881
16.168329,-21.253752,52.681011
21.988529,-2.309412,15.355068
-10.734911,-11.453230,54.392311
20.280510,-13.942145,27.781174
-2.927128,-28.205742,43.773865
7.531096,12.049672,41.711498
-9.034317,-7.646358,54.411678
30.438417,-13.392562,23.558384
-11.639212,-15.213562,36.629562
12.248936,-29.743174,46.220642
-0.890615,9.169471,17.805803
30.114267,23.091238,51.414982
23.522732,21.576426,48.764610
34.175186,10.796263,50.258190
14.691309,11.987635,30.726263
37.450443,-8.583454,33.984711
27.616592,-3.098841,35.402695
36.025593,-19.279858,54.462650
3.539067,-25.769667,49.271877
37.161533,-16.422680,45.919979
22.014292,-29.480301,52.306892
32.317474,-3.936515,44.840816
-5.906614,-24.473473,23.662725
38.000080,-8.049809,36.265057
16.990835,4.318451,25.751053
36.746407,-9.371312,37.332584
1.205608,0.653876,3.555176
25.923908,17.622198,54.316669
26.388269,-1.515222,28.387651
18.351219,-3.172881,11.527324
11.141407,-18.249174,50.493652
30.454914,13.593995,54.283867
-5.045301,25.160284,32.647251
16.105322,-8.807960,9.104606
-1.650926,-19.669100,16.436001
26.778353,6.416756,30.949148
-0.782983,-5.408041,47.570419
-2.444150,-6.863835,45.625595
32.045330,-11.709563,25.046553
0.853147,24.431484,46.864311
8.902101,13.875797,16.896059
0.917106,-32.088856,50.072319
-18.860817,-7.415440,40.447872
-13.023495,12.083787,43.917515
4.036879,-19.038960,51.830143
19.939890,-1.218162,20.413973
31.060944,18.258308,43.078693
-11.892281,-16.175804,34.490955
-16.705080,-14.567359,40.596428
39.335869,1.248309,48.576126
-5.144532,18.035627,32.161976
26.984016,2.870262,42.398731
10.672268,-4.524708,9.578792
-8.587971,5.572685,46.548737
-13.197299,2.096925,30.341560
19.456144,-15.161416,42.097336
-0.880126,-33.012585,46.093616
-20.384869,-23.392237,40.614506
-12.814689,-4.550831,43.017738
5.984579,-25.894897,31.909475
12.494822,-29.968824,40.744095
33.277683,10.278203,54.489563
-14.902803,-7.772192,47.239773
-1.840184,-22.029041,49.630421
19.868143,-27.415485,54.433723
38.674820,12.686524,54.310867
19.232124,11.738051,36.943127
-12.619257,4.347615,13.558042
21.261232,-3.934227,14.332934
-1.209094,8.646254,54.531475
9.388440,-12.690232,16.884686
-3.076241,13.472949,47.666958
9.505289,-16.897169,41.374065
9.059855,-18.424473,42.688084
-1.846011,-28.477905,37.254692
-3.215397,26.332037,48.350910
-9.284041,-26.774101,49.388836
38.954132,-6.796859,54.217056
2.253170,-29.850763,50.978645
41.882515,-11.096509,47.247879
-12.884272,-12.011281,24.794510
2.614799,-16.628401,46.174934
-2.716176,-30.023132,47.625500
12.569780,-18.498960,47.223457
-5.413613,-22.619524,48.224564
-43.202560,12.927391,37.727512
31.738461,-2.829927,46.712761
16.401648,19.518333,28.886511
-12.060910,12.408339,16.628399
-4.792951,4.048842,47.784336
19.352650,17.306608,27.477510
-2.555655,-0.109665,53.940166
-1.904783,10.072180,44.047050
-16.874802,2.889193,48.947350
-0.464162,20.062155,35.787205
-12.637373,9.704673,43.717602
24.709326,-13.422451,38.412750
0.692385,-27.080921,44.882771
29.306711,-4.115403,26.166098
26.498022,-2.166814,25.007505
29.136044,-4.155912,23.882885
12.267889,-23.322689,38.907276
-9.562845,2.545724,33.466240
-8.162732,-8.795985,24.432116
-0.357171,-15.026514,52.137951
18.150932,-13.229646,10.572063
18.335497,-12.664377,12.944458
14.419523,-18.261446,51.324509
14.035165,-15.958945,49.329346
-8.256281,3.660033,15.876664
-12.465677,11.198669,34.106567
-12.760929,-34.256882,52.499920
-2.272077,11.182151,30.533895
13.810879,13.732452,47.305695
-0.567055,29.005333,52.690704
-6.225141,9.405901,36.920719
11.455075,-19.485670,25.090832
-13.518347,-12.405448,27.470806
10.099621,-22.416651,25.669228
21.466646,8.817002,45.660267
3.716180,-17.469318,13.819864
-1.791185,5.633820,48.623459
31.809048,3.815539,27.389034
22.217262,-19.522816,23.790699
26.697689,-11.042250,29.084030
20.512239,-22.989702,52.557579
12.601949,-30.104612,50.193188
6.521327,21.720671,24.497904
16.144854,8.862087,25.746769
21.670427,-23.138390,24.419680
-12.955832,-21.963490,26.711716
12.494131,-25.118807,36.972862
8.152749,9.996550,25.721973
-7.694091,-17.930834,40.271378
-9.771256,-18.070889,39.849068
-10.549072,11.403703,41.424728
-1.263561,30.958830,50.570797
-0.002187,-6.885794,9.485121
32.422237,-9.995525,34.813793
7.986823,14.379090,30.945324
-3.734785,-33.267967,42.133232
-13.418267,13.087993,15.385446
-0.845838,25.577787,32.445965
14.256030,4.961042,18.843292
25.567457,-5.309382,29.682686
34.217010,-20.254940,49.385265
16.532492,10.281990,42.113960
1.262348,-13.596717,12.872256
28.173498,-1.515260,27.554207
1.864339,18.106337,20.877777
17.837248,-0.886490,8.878941
40.182514,3.894963,54.257607
1.776399,-25.312490,44.789211
30.372967,6.072504,47.346573
19.955357,3.743360,23.293020
-21.532825,-10.612271,22.513988
-6.878272,-16.109850,37.340034
35.586277,9.454534,45.468395
-3.060351,12.773936,20.948423
37.854393,4.269754,51.648548
-19.825752,-13.416555,23.981861
-16.969975,-14.845167,23.072281
19.349037,7.272923,14.177591
24.236002,16.288122,41.759369
-34.801159,33.353874,46.257210
-11.735026,-1.932426,42.017910
4.321965,-30.492937,31.799242
-12.102489,-0.231407,12.296420
2.341756,-15.757892,44.476646
11.122951,-20.232309,31.288067
4.456075,-30.040216,54.298107
33.502277,12.429535,38.766636
39.664997,-7.269057,39.194771
-9.442081,-15.728477,25.924717
9.093284,-18.350134,34.615601
18.178898,-13.706913,17.850649
-12.989714,2.024356,17.304329
-2.500524,-16.262568,45.566654
17.700743,-30.731352,42.978539
0.019077,23.353695,35.241653
-14.330536,-3.440614,54.349022
-8.147191,-3.311008,39.140114
-5.044069,22.063021,22.546244
19.225851,14.941163,48.788723
32.771828,5.061537,54.309807
23.741375,-12.688400,29.084869
-9.237216,-35.472855,51.735355
-18.644667,3.908898,34.468136
-11.401947,-8.689944,24.675289
9.737911,-18.001728,38.936710
-17.794018,-16.910299,32.751308
7.583035,-21.201899,14.132205
3.209649,24.126652,42.211521
27.659277,14.825843,50.228176
13.148771,-21.761019,39.482441
29.438372,24.105345,53.332977
-5.813060,-20.213387,33.464516
36.117317,16.915350,50.571926
-2.578086,-12.090755,17.717527
-3.893541,13.788294,17.014502
-2.487967,25.549866,40.813576
5.446109,18.425274,39.582672
-14.335964,-13.012205,35.312790
16.774286,-16.268946,17.013605
41.372116,1.822397,54.327484
8.308120,20.439518,54.261383
-1.900328,-14.498292,12.674103
28.256945,-6.926853,32.956944
5.515313,-33.629795,52.560246
30.862707,-2.005195,37.990471
-9.537745,7.659173,17.469793
-5.161128,14.209751,50.947350
-5.665521,-11.887764,45.905338
-5.828178,-14.098636,45.004616
29.890898,15.476716,41.497665
-3.110105,4.209184,45.628502
24.967142,-18.184267,29.448818
-3.727582,-15.961691,36.420410
14.036815,21.635790,54.235847
9.083207,-11.152289,13.515636
-7.569517,-17.738106,23.511145
13.595327,15.136177,51.489567
-16.245394,-28.598949,39.366116
27.052900,12.809365,44.204353
-17.537279,-9.406893,37.541389
20.949936,-29.814554,43.502983
-0.865838,-19.478771,54.358212
-12.367261,5.963572,46.191738
-41.137543,-12.633879,50.803585
-4.262312,23.851524,27.869167
-13.269831,-0.922683,17.407211
-8.117002,17.840271,36.410545
0.270386,-20.834734,50.396812
-2.533082,-27.695751,39.564156
-12.739224,-4.023089,51.023155
28.990534,-8.240093,51.224102
18.222515,13.106058,28.053761
-0.635716,19.896606,25.983311
32.845795,-1.319200,45.984440
25.421185,-16.382021,26.673132
-11.996950,-19.780636,21.273191
18.879898,27.633570,52.207291
27.110033,-11.809005,54.269703
39.091679,1.336326,45.795048
28.599815,-8.409341,37.532967
-2.231407,23.739889,33.967327
-10.143671,15.375279,44.500328
32.691795,-5.215431,42.167770
0.609316,-20.367060,26.612713
0.823991,-22.543587,26.576136
-16.717016,-14.237975,37.180294
41.303917,-9.423924,44.031067
-8.617852,-25.354105,46.801582
36.549603,9.881350,48.386757
-8.455465,13.964723,13.323484
-9.530963,-9.749293,13.397917
-10.574265,-17.183758,41.994171
-2.846814,15.878998,52.385220
-14.026366,-5.435434,21.546076
-8.959799,2.792900,51.517105
9.498358,-17.694845,14.743316
11.711009,16.386839,46.558998
-11.271448,-22.478491,30.250778
-8.999564,1.113356,16.260746
11.882417,-17.949579,35.754009
-11.387062,-12.924342,41.638233
-16.630499,-8.375231,28.223434
9.910217,-16.949732,21.074160
22.315414,-17.560194,33.287098
27.332005,10.231741,26.609201
18.518282,9.414474,27.962286
-39.501728,0.641288,35.262161
19.385729,-14.999675,48.098423
0.306584,16.082869,26.590292
12.255373,10.190482,9.769663
2.385613,9.282725,16.874279
18.997162,-22.918686,40.665100
-12.309625,1.565110,43.124172
3.095047,-26.690283,31.806135
21.473112,-14.558394,30.003374
-1.298316,-23.351728,31.358997
-45.094395,-8.540046,51.510910
-15.804121,-21.585659,38.937653
2.463129,-17.690092,27.419304
-1.261078,-28.362898,40.863632
-5.647074,-21.675272,37.155579
10.976578,8.145991,26.559954
9.918726,14.670391,24.101768
-5.044839,15.450194,24.460102
36.194733,4.252251,46.750957
-9.628991,-10.232693,46.905285
36.732754,-12.796403,50.685505
11.082685,12.261920,50.470543
21.204254,15.198216,39.523014
20.043055,23.062025,46.745792
-2.380902,21.404217,37.189571
-12.725976,9.348621,18.615755
26.628073,-18.300699,47.013420
-4.682619,-6.871881,15.391571
-12.298495,-0.306394,46.240837
16.263237,21.951405,50.648846
19.415602,24.146391,51.282021
-10.213708,-9.682083,36.315125
13.057866,-23.124357,49.440769
12.543492,2.297527,5.920611
-14.453765,-25.875244,37.701515
25.146950,0.773680,34.800266
-13.361286,-8.060837,22.933945
26.530043,-4.011350,22.394272
-18.307686,-16.186762,31.010790
30.896576,7.711064,46.479546
-3.723976,8.285281,41.855965
14.708314,-22.897614,48.458317
-2.632645,3.527948,38.078129
-29.122272,29.321152,33.993721
-27.271805,29.722794,36.477528
17.694138,-15.335909,43.380463
6.017333,17.044479,28.617392
-4.591534,-33.337299,50.441978
24.810919,19.508669,41.990456
-4.217499,-14.068527,14.175557
28.834629,0.906243,28.359566
-40.173794,26.987213,39.506653
41.887768,-7.477857,48.085957
29.278315,14.500428,39.035774
25.512070,-13.609925,43.047867
-9.158034,3.181212,36.038704
11.282602,16.507807,40.004555
27.277191,17.305140,50.584023
6.523063,2.761309,7.275491
2.642138,-25.919924,29.892937
32.707317,-21.386127,45.998775
34.405121,-5.816317,45.794521
-2.853487,-16.711594,28.865421
-9.732248,-17.749580,37.153980
2.919802,-24.174095,23.061014
8.922174,-19.520773,21.797194
8.178203,-21.053446,51.486782
12.219325,-19.971210,34.130093
0.453456,12.814582,20.078878
15.979475,25.242550,47.943832
6.657128,-31.098955,39.357052
-4.218519,-21.046909,31.138128
19.649244,-16.985846,47.315434
-25.957050,34.957386,49.101791
-1.545157,14.715513,46.192799
4.256085,-25.973825,30.654440
-4.859879,11.987811,28.318523
-27.882433,35.200420,49.035229
16.474674,15.896508,24.282579
9.777968,-17.045778,51.247627
21.888165,-12.922776,47.693443
15.933592,8.746490,29.983406
10.960086,-24.648691,27.871876
25.968477,3.506800,22.446833
-11.107869,-21.294291,23.183699
16.523952,6.579923,34.987560
17.478706,10.571438,21.144241
13.225989,-27.055141,51.648846
15.963721,-24.661993,53.046211
-1.428474,-18.165140,21.289312
13.407250,-19.951359,50.136402
27.038219,-11.082096,45.138538
28.525984,-10.308665,43.797688
19.348843,-19.536903,31.607086
16.390694,11.239366,30.165623
40.070621,-4.721607,48.154140
7.317846,19.073132,30.483829
-8.588680,7.054450,29.774734
22.874275,-18.689768,46.269508
16.225954,-12.792973,22.985510
-0.787715,-29.458950,30.920256
19.625835,12.058781,35.040916
-6.438426,-0.523514,9.505752
-8.367143,6.495568,36.997952
30.994213,4.454565,39.087795
-4.179229,-19.371181,44.822491
-0.045951,24.105867,43.957825
-35.976688,-12.698999,39.014568
-1.255275,13.813293,29.012693
3.720841,15.120120,32.908134
-8.577193,6.597081,34.847584
23.769800,-9.176489,13.602587
-18.080915,-21.294558,31.090506
11.880123,-27.411919,47.884441
9.048787,-20.123312,12.157110
-14.194635,-6.422070,33.886845
4.640712,22.062536,54.584698
2.282660,-23.596954,51.937729
36.654812,6.100402,38.895779
18.644850,4.899510,22.337818
39.116188,5.735822,47.352608
10.290058,23.114723,31.746603
14.988609,26.725567,43.988651
17.108534,-19.621181,45.167439
-13.554221,-19.019634,34.243385
8.348436,-17.585245,16.425858
-5.875071,-9.647351,48.822155
11.387394,22.467243,47.735443
6.928061,-28.398155,31.469193
-45.881001,-9.195510,53.057148
24.254587,12.139342,37.396473
23.844137,14.267013,36.633884
-36.264362,13.814825,27.703590
-3.888382,2.355197,51.404552
-4.760834,22.554008,34.701797
28.503548,-24.581512,52.737816
38.705147,-6.711782,37.549767
-0.834868,-21.616495,21.076227
3.408715,-19.880718,20.315481
25.610758,-21.363626,36.894100
-11.989686,5.207513,18.930096
-8.894111,-12.471517,21.224445
18.452478,-18.231256,18.932844
-6.381937,-25.747938,26.369520
37.435997,-15.055958,48.381363
-13.915466,-11.066473,42.415695
-9.606619,8.018029,28.049458
-17.300945,3.665576,46.079212
41.770649,-6.446824,45.477444
41.823277,-9.193784,46.064682
-4.667713,12.467031,22.944305
37.284489,3.551594,48.285767
20.981955,-16.405706,17.035561
18.851954,-19.714127,44.688034
3.192530,20.673183,20.876417
15.436255,16.844044,40.840878
-17.986628,-13.118943,35.549564
15.717994,-18.032629,35.258324
20.648195,6.822469,33.126945
-6.105555,9.468797,9.467500
-20.823460,8.308844,17.813534
-12.131126,-27.401630,43.873657
-12.140266,-25.245237,45.364052
19.946054,17.540422,49.923702
19.661230,-3.230390,17.669596
-15.528569,-2.184503,13.260518
19.095985,-14.606919,21.118668
10.691053,10.015301,42.887043
26.850363,10.873525,39.854198
18.481213,4.145564,20.045721
-13.566576,-2.235777,47.862179
-13.497799,-5.425416,48.131603
-8.122682,18.006924,28.858055
6.067345,22.433050,41.235069
-0.899223,8.958335,37.638618
-5.540458,0.177600,41.124218
28.112530,-13.698996,33.480522
-6.361064,-4.489406,38.591049
31.192167,-25.258072,51.618137
-5.289361,-8.156971,50.975475
29.616629,-3.851782,33.769917
22.294788,21.762465,46.656597
12.391727,11.572492,19.308302
10.856389,10.880359,22.483040
21.222301,1.796883,30.434416
-10.841579,-3.371657,42.776974
2.978115,10.298961,7.272999
-9.140456,-5.433437,31.327011
25.801802,16.080122,52.486217
-0.676847,-22.122589,44.521729
11.800587,11.446573,11.162679
9.624182,-21.386080,40.063095
21.626171,-16.555265,43.376781
9.286988,-33.239857,46.897835
15.567237,17.245825,27.891031
11.211066,-21.848614,42.940701
-12.099243,-3.013582,20.883377
26.860746,-22.860807,49.355667
16.684723,14.053362,18.885593
7.906429,-6.963530,11.864566
29.717762,-0.716062,24.525112
26.494095,0.444394,22.946726
-1.843907,14.922630,12.896913
34.204655,-18.304430,34.432682
-7.123196,-20.345465,24.774559
20.098925,26.379162,54.135246
-4.965129,-11.535449,48.807388
37.472065,15.594739,51.511551
-7.293131,8.736146,45.162697
0.333773,12.118998,21.880192
2.305944,-17.432766,39.776966
22.988894,4.186772,31.562397
21.175995,-12.363622,49.826820
-17.712656,-24.488333,34.779675
-3.477015,17.104717,46.138382
-13.298314,-10.731922,35.306519
20.878677,-22.081135,43.678493
-0.423004,14.252177,15.113693
23.873072,7.698883,40.812950
8.656593,21.955719,26.449505
8.817672,-19.910242,28.671635
-14.825229,-19.672140,29.357489
-12.618089,-10.667901,11.996367
22.260601,-9.737321,20.903000
-0.889785,-24.274891,39.726410
-17.631956,-19.586046,31.790556
-6.642944,-21.309353,17.636919
17.172426,-21.233553,37.959881
14.470010,-23.867304,33.501503
-10.922765,-1.659700,30.407660
-10.197790,-2.864787,32.098091
21.878237,-20.604063,41.828056
-3.945584,15.816628,41.190468
36.026329,15.192021,54.470730
2.810450,17.793587,17.034760
5.749996,24.780987,53.111820
0.128870,16.173920,45.068485
-4.929788,-23.191053,39.379036
-3.631840,-21.715670,40.610279
-5.576045,-11.561110,21.717707
-0.309496,15.936215,22.347885
12.202287,15.996768,28.759922
-4.108916,3.962893,4.453995
-6.471486,4.240566,6.187078
20.663061,25.282482,45.890915
4.446334,18.228563,34.131714
4.514774,21.707426,31.332150
36.282871,-5.671277,46.574867
7.395826,-30.724911,50.573940
13.597846,-25.030676,46.109173
-7.399552,5.607036,8.062084
37.847038,0.392279,51.398998
-38.494244,-3.310565,35.521465
13.432678,12.828779,26.610270
-10.390718,1.968780,24.626408
-3.652274,-22.762123,18.434776
33.184132,19.257889,48.765205
-15.943423,3.360559,29.394154
5.263050,-21.847912,17.593187
21.412355,-5.570087,24.202347
-3.566557,-23.586237,45.235283
36.869419,-10.044632,41.243679
-9.830871,-26.976936,35.689224
-11.978263,-26.641331,37.273964
-5.035590,22.191345,40.991993
22.136433,17.326345,50.501347
5.011626,10.789434,14.327685
3.819756,7.222019,47.867512
0.496670,11.298101,52.995529
13.608568,14.134001,22.177282
3.014241,5.932760,8.946760
10.206937,-32.570045,38.396145
-9.292582,-18.782047,15.991288
21.541996,-14.005865,22.831873
22.734171,-13.897119,41.698769
-12.508875,-1.007301,23.014925
3.215693,-25.184265,36.378071
-4.708796,25.783024,47.062840
24.809639,10.759178,30.406044
5.128981,-18.823078,34.314442
-14.563542,-6.521040,23.086393
-15.464874,-10.913681,29.905788
-8.401800,-19.221266,30.403406
-4.495462,29.066525,31.866484
29.248117,14.980489,46.565865
24.284561,16.808615,31.701225
-5.661476,21.296036,35.742771
13.428912,-14.368682,15.388705
8.917759,23.984924,30.850500
37.285023,-1.207258,40.546860
24.199644,6.412955,32.457092
-11.141092,-6.756805,51.946884
15.303575,-21.921465,45.541142
-0.720408,-10.555972,4.509454
-4.136857,-21.147915,44.270721
-9.246601,-7.685598,16.015936
30.176031,-5.212811,54.365494
36.197418,6.495993,54.446686
28.798357,6.597016,31.617266
-2.398055,11.737576,9.851559
4.453854,23.678856,26.947592
9.291965,-29.478352,33.510139
5.939637,-21.209309,45.416649
4.147980,10.962093,12.636462
-48.312923,2.430238,54.395107
34.191120,1.579945,36.891041
14.997943,20.361650,45.663670
-19.513512,-16.544748,26.007124
36.233471,6.627870,45.243454
3.778425,-1.334421,5.803346
-10.028552,1.321277,50.650703
14.478142,19.319496,42.747250
-27.206442,32.825752,50.629509
-6.811092,21.627115,18.776209
38.703594,1.104851,39.841496
11.978768,-29.165443,29.330784
30.404892,-16.928951,44.549831
-0.444658,-31.901833,37.244267
13.226855,14.644346,34.441364
-5.030020,-14.568959,17.426483
-3.585403,-29.775969,51.656616
0.301557,-17.257486,8.719739
-12.292285,-21.634598,33.659622
7.780113,-27.644238,37.083565
19.112783,10.003770,34.069393
-14.532115,8.052335,21.384615
-16.797228,7.278335,18.184706
15.405587,-5.224406,9.480825
15.552155,-7.845100,7.571189
17.677364,-23.470367,32.194565
-11.798451,9.187822,22.874264
-11.128167,-17.347031,31.973612
1.010042,10.242762,11.164575
0.912816,19.988697,42.385498
13.021724,15.756701,44.074627
-7.916920,-24.521072,32.369919
26.156622,-0.599648,35.809254
0.032225,8.830956,14.495103
-14.646073,-14.460264,32.182636
17.978973,-24.654228,48.761883
28.733101,-21.717337,50.578957
-17.003548,-6.602179,37.022411
24.461996,19.481161,49.418507
23.079784,17.467871,47.568367
1.207402,-18.913630,23.291542
1.879472,-31.488977,39.638569
19.065826,-29.483669,36.146194
-17.448103,0.586350,48.542171
14.278566,-27.874578,34.614437
-12.074590,-9.816645,21.023584
0.430142,-22.363274,54.067810
14.022155,-16.403025,40.823513
16.822538,23.876631,51.438812
27.603376,-13.830507,29.557217
-13.215478,-3.961344,39.002216
-6.221387,5.629068,51.493092
14.388747,18.816542,25.537674
-10.144768,3.311305,20.771042
-3.430102,-15.648643,47.703476
15.563089,12.390762,38.501839
-1.461979,9.283506,10.145013
-13.449092,3.439353,11.838118
7.200266,-26.113642,45.140060
26.946081,17.836050,46.395061
18.158951,-18.684469,26.184473
-10.105186,-10.313825,18.532104
29.996311,8.293830,34.644924
2.756013,-8.491012,5.258416
13.918539,-21.004892,19.096563
9.803596,-23.665323,49.978680
16.368456,-25.944508,33.349979
-12.442218,2.875158,38.555828
23.544487,-20.630646,48.445072
5.912058,20.917089,36.618687
1.930636,-18.234051,51.272202
-1.098662,-19.324747,50.078876
-6.523520,-14.812965,12.417153
20.579002,-7.646074,19.009171
-7.291783,-17.483540,45.904266
5.567756,11.223630,46.988010
31.305315,-4.920165,22.439508
-10.967893,-10.355282,44.379402
8.249907,12.602210,22.319965
26.620022,-10.498758,34.749447
17.544634,-8.610769,20.627283
8.945621,19.964724,31.237957
4.483613,-23.859621,17.749861
19.356918,12.636825,45.309227
10.448460,28.303663,44.909927
-18.570623,-0.260737,42.425724
-0.867306,-17.939865,32.772564
-13.057918,4.101562,44.879875
-7.191996,-3.022804,46.792191
-9.342527,3.440565,41.534122
18.578468,-19.356390,50.002811
18.752480,-21.885386,48.202686
41.128006,9.142456,53.504864
-4.426534,6.486613,40.951202
1.171288,-11.220549,9.840750
-6.086393,-14.294685,8.343045
-12.427481,26.724041,22.890783
32.010548,8.314855,44.226589
33.753754,9.350396,42.480709
-0.038309,15.989396,49.098488
-5.973804,-4.603607,8.188469
9.308501,21.954489,50.599979
-3.206301,-3.544636,47.510578
39.461449,-17.338251,47.153919
30.719805,-5.016544,29.000711
15.834088,-22.108328,18.447895
17.715136,-15.003942,30.609354
21.399490,20.769127,41.563961
-1.293782,-22.358244,37.919128
1.324975,-26.027300,31.916220
8.102444,17.644445,26.163338
-11.325818,-0.809346,50.083511
-9.991987,-2.086404,50.447590
25.668131,-0.096090,29.780176
-7.767872,7.364107,11.742053
-6.373747,16.399996,14.185516
-4.579152,11.655674,16.169090
-22.240677,-10.079211,26.110628
0.658593,-29.941137,54.224339
-6.611079,-24.140564,46.817490
7.951691,-27.676952,25.683266
11.423404,-27.587259,25.584366
17.827427,-21.010105,33.023476
-5.533726,-26.206226,45.283470
9.000122,5.419280,14.909407
26.177462,-18.650957,42.146351
-3.953337,-8.974833,10.178025
37.353836,-13.250974,52.482933
0.119233,23.400467,31.217152
21.150501,-11.069140,11.957437
21.706152,18.988506,46.668476
14.970325,-13.008024,21.815996
11.182588,20.372587,25.570086
6.158851,14.823961,40.321747
11.919036,-24.145105,34.897774
19.752834,-0.445790,16.457764
15.879228,5.365952,19.730156
-11.182101,-18.975985,43.202301
-6.053017,-7.417069,54.551537
0.545221,23.679619,39.202358
3.501155,-34.004230,52.481136
-2.937881,-15.633236,8.013417
-34.246002,-7.707690,33.362816
11.333879,20.636124,42.403988
-20.030062,32.310799,45.709362
-10.782789,-10.356457,32.722343
19.924009,-14.715855,25.717543
6.555143,-32.740570,37.799744
22.407305,-3.157502,17.549479
26.623653,-14.423285,47.008102
-2.102259,12.120129,36.072666
-2.573686,14.773119,18.518023
5.929270,17.533302,51.543339
5.950936,16.358009,48.678314
-18.770485,-21.067408,37.366085
26.535412,-7.695880,20.246111
20.302324,-6.157213,17.959457
22.397251,14.989068,31.348782
-8.423516,-0.109400,43.504177
7.395439,20.960369,30.091637
25.701946,11.769538,42.883415
27.772989,-14.975411,54.554993
-13.220533,2.196005,24.962673
-5.545709,12.699706,48.860779
-11.511847,2.847940,33.252071
16.743214,-28.597389,50.562660
-1.641682,7.091394,42.539650
10.274463,-7.300395,7.222003
-8.075482,-1.629479,41.668785
21.533794,10.196714,19.500078
18.737583,9.016216,19.255404
-11.662149,-17.525379,23.968313
36.305550,-18.816895,39.898483
23.912216,-24.411200,51.904293
-4.420155,-19.253035,47.056297
-7.668644,-33.978191,51.889790
3.838659,-23.982458,28.784716
-13.770792,-16.915569,33.519928
22.559725,-11.825883,24.322353
24.309443,-12.620912,22.326921
-9.401692,-19.789339,48.310390
3.275320,17.597958,18.783028
7.558446,-16.232265,49.723007
-15.256909,-23.479479,37.694786
21.915453,-16.025560,27.354132
-11.263669,-7.906346,28.654718
34.438698,-15.827069,40.308422
-5.946495,-19.639629,27.772171
15.390605,14.294707,25.952925
28.215300,21.846142,45.176937
5.479298,15.122172,25.295588
27.292509,1.292143,26.770981
16.746464,11.253158,25.253670
14.142898,11.612757,24.490128
-5.057791,13.302128,13.783455
12.161569,15.861529,22.606777
8.018955,-12.579350,5.874877
-10.212925,8.857813,13.380965
23.843351,-1.559456,13.924367
27.921743,-2.318630,29.400808
0.720723,25.158875,48.784508
-3.500783,17.841873,33.107594
-1.478836,-22.100349,47.607502
-2.625210,-29.995974,38.028122
25.270967,-15.088746,38.190498
25.883488,-5.040061,27.780416
-7.901957,-14.469449,37.494606
34.716038,11.796691,40.099987
-9.274044,-14.045689,26.565474
-9.579700,-33.713928,52.111744
-10.661051,-10.503553,24.193907
6.181742,-33.969215,50.849815
-16.360895,-10.426821,36.381607
-12.123088,4.633753,47.399982
17.188925,17.213856,25.290857
-5.888218,-20.990229,35.501099
-12.569094,0.515867,48.001503
25.726604,0.738031,33.052689
-4.781977,10.932769,26.568090
3.300890,-22.571201,22.175615
-3.572435,13.300059,28.753557
14.158253,-20.408020,52.191372
12.252983,20.904898,27.028189
9.788547,-17.422558,17.560448
37.164612,-15.942287,49.872025
18.711508,16.194103,50.018017
26.976965,12.637039,40.667778
17.980276,5.829698,19.404739
27.763107,-13.370082,31.712570
23.526974,20.785654,45.796967
10.143040,12.207386,23.497715
1.451590,14.417091,15.247891
2.662830,15.880410,17.200689
1.745108,15.395822,45.700565
-7.966023,3.242173,6.599341
12.598381,-25.753231,47.488609
-1.926070,-23.997944,44.818748
25.195185,5.046667,31.739674
15.974091,20.492250,42.345890
-5.918240,22.702072,20.010622
38.264877,0.067982,38.293186
23.866142,18.091667,50.556458
-15.060621,-3.358680,38.831371
-3.712376,-17.105646,46.678215
13.767695,12.566096,38.799416
16.284515,-15.510210,29.656425
-7.953928,-13.618518,12.747478
25.987997,-11.651649,36.052895
-7.603631,3.092516,41.542358
-0.086454,-10.541221,8.722301
-0.514823,-20.750826,37.257744
-6.048390,10.662842,16.689363
12.895670,-26.692234,24.967102
6.990997,20.793558,31.813173
-10.851985,-15.958317,23.136930
-13.940586,-22.542089,38.666904
14.829022,-22.009611,51.772499
15.820168,-19.894308,51.357365
