-30.157574,41.815765,56.023121
-28.715218,42.166351,57.640549
-28.110134,41.974876,55.908367
-55.913719,16.876945,67.369576
-56.368824,14.371987,67.369576
-53.989475,15.100135,67.369576
-34.572697,-31.586054,47.767765
-32.430374,-33.241947,48.043503
-32.743172,-32.181961,46.585411
3.599021,17.440441,52.802879
5.252212,17.881247,51.643414
5.833480,18.411591,53.128189
-41.139126,-24.847586,41.165581
-40.959351,-23.226440,39.419209
-39.287453,-25.425318,39.383720
-34.983273,-37.338070,50.452374
-34.460632,-36.736153,48.722565
-32.891109,-37.868755,49.375763
-6.039724,-22.663507,15.156594
-5.337348,-21.370415,13.593416
-4.032934,-22.502594,14.540165
28.128874,-20.964760,54.564987
27.036011,-22.590298,55.931080
28.517063,-21.070978,56.830143
-15.673415,-29.487267,27.444887
-16.773314,-30.544003,29.398689
-17.692713,-29.400061,28.074110
-10.296130,22.318958,29.285810
-9.963238,23.871416,30.803301
-10.368288,24.741686,28.415195
-48.394417,-7.002720,49.753429
-47.567387,-6.733449,47.963478
-48.318390,-5.072150,49.300621
35.906586,-19.943188,67.388138
34.076103,-20.817780,67.387825
35.157906,-22.057451,67.388077
-10.467505,23.000597,26.925915
-10.785947,20.711855,27.751698
0.609666,-16.195896,7.127261
1.949742,-15.441628,6.310472
2.576552,-16.669043,7.450594
16.761185,5.131866,16.098249
17.399361,5.978617,17.674301
16.172052,7.009633,16.730822
-33.831467,-33.366005,49.881882
-31.969061,-34.429920,49.769672
1.469973,3.586819,3.342175
2.672430,5.506944,3.290403
-0.114406,5.494032,3.136446
-23.248568,-41.942619,51.790348
-22.535097,-42.895084,54.033371
-24.956820,-42.243862,53.629494
-19.714447,-14.398783,22.799376
-18.875784,-13.749572,24.516508
-18.827427,-12.490149,23.337618
-42.673351,-35.928455,67.374031
-43.213875,-37.736984,67.373985
-41.071880,-37.684216,67.374382
34.864960,0.484936,62.147015
35.002045,0.181500,64.185936
34.679482,1.899896,64.050865
-15.495600,37.153717,38.763695
-14.885460,37.332043,40.531540
-13.530259,36.719757,39.768768
5.929601,-36.914116,42.971867
6.291474,-37.602913,44.807514
4.425498,-37.744629,44.241879
-20.210236,-13.276579,50.602562
-20.340061,-10.972633,49.478859
-20.223307,-13.531707,47.943691
-9.385478,-15.065234,51.982738
-9.301050,-13.422025,53.406689
-8.918795,-15.629635,53.721966
-43.036594,-37.776482,65.640717
-44.610661,-36.310284,67.373665
-44.977905,-35.709244,65.744965
3.262572,18.384243,36.119759
2.393755,18.140238,34.074902
4.449318,18.269009,33.987316
-37.497452,-36.569454,61.821117
-36.500549,-37.836613,63.392376
-35.158951,-37.825333,61.119175
-19.365824,-15.818039,25.036942
-20.205770,-18.295753,26.397099
-18.877859,-16.380798,27.626734
10.679213,26.883953,31.951149
10.098634,27.360256,33.878937
11.662072,26.798948,33.746517
-35.526257,17.661627,19.580406
-35.879471,15.521915,19.949989
-37.110970,17.062311,21.033092
-5.938672,29.622082,19.158045
-5.820750,30.340708,20.973906
-3.869728,29.528099,20.541502
-46.521484,28.155588,43.873940
-46.094086,29.663151,45.126759
-45.094669,29.696276,42.760395
-3.325227,-38.314518,67.381477
-4.781910,-36.610844,67.381149
-5.909566,-38.106464,67.381058
-40.056015,-31.899275,56.012348
-39.971912,-33.051090,58.122437
-38.488319,-33.561062,56.649845
24.626953,19.381258,30.929695
26.704441,18.140835,31.841267
26.123243,17.446758,29.697088
-8.075057,-15.418714,57.064194
-8.784508,-14.299256,55.280018
-8.555214,-13.610549,56.637409
-2.292435,-37.416649,40.991882
-1.895765,-38.273399,42.993896
-3.748347,-38.287567,42.523487
18.110096,-12.521400,9.924919
17.320429,-10.760591,7.969520
18.938250,-10.441694,9.229268
-21.675011,36.041428,29.327812
-23.790052,36.418812,30.609407
-21.586075,36.636440,31.805334
-23.548660,37.069790,32.929859
-21.352135,37.163425,33.857716
-6.873755,4.872867,58.011826
-7.382093,4.054699,56.246971
-6.630501,6.154792,56.326599
-9.864014,-19.799723,28.355957
-11.022474,-18.642366,29.489378
-10.155229,-20.648947,30.567785
-49.056107,-20.667351,49.920544
-49.854191,-18.826174,50.054512
-48.646221,-19.459667,48.087154
-9.099093,16.450123,65.097275
-9.544899,17.169714,62.280293
-10.468058,15.233899,63.566174
-45.644611,-8.932806,36.886562
-46.123596,-10.483846,38.222733
-46.921917,-8.522280,38.499466
-10.979745,-16.814680,67.379234
-10.067873,-14.677993,67.379326
-11.854164,-15.212726,67.379005
-43.528202,19.029453,29.622669
-43.748009,21.235298,31.042597
-42.501106,20.889122,28.703022
22.131441,10.377616,33.218285
21.428951,11.833426,34.652664
20.167719,11.531024,32.782608
-39.459713,-30.499111,45.114574
-37.573978,-31.661304,44.440693
-38.020500,-32.516598,46.063923
-7.231841,-15.478558,59.423157
-7.509995,-13.673425,60.161732
-6.714869,-14.877726,61.525642
-2.334679,-9.818568,2.602170
-1.842694,-11.898031,3.908916
-4.271198,-11.023321,3.977952
-39.585770,-23.809673,44.772125
-38.348789,-25.234671,44.509129
-38.606850,-23.436653,43.172222
-32.858223,27.866184,28.642668
-34.367588,25.796049,28.009632
-32.704678,26.777069,26.959629
8.823413,25.865002,24.528074
10.924623,25.377687,25.876314
10.363276,24.917284,23.772009
-6.964668,-17.289980,67.379982
-9.209215,-18.431072,67.379631
-7.570554,-19.771807,67.379990
-16.963474,11.117445,32.713432
-18.040884,9.271214,33.745857
-17.223047,10.960448,35.251141
0.079901,-16.399483,16.713535
1.432623,-17.758894,17.948511
2.987032,-16.805166,16.984201
-7.283531,-2.535452,11.646785
-8.094834,-0.408001,12.554827
-8.185241,-2.152146,13.806202
-29.534952,-4.163592,18.181366
-27.988852,-3.181763,16.561075
-28.069078,-5.526771,17.386879
15.085241,8.319092,5.031309
13.273103,9.388663,4.384999
14.557813,10.437681,5.690019
-5.935328,17.442152,7.645410
-4.889355,16.257908,6.759493
-6.467099,15.771519,6.814021
-3.634291,31.815428,31.467600
-1.737720,31.104181,31.079187
-2.670050,31.215519,29.394318
-4.202065,32.232491,33.350521
-2.174047,31.461861,32.945919
-42.365536,28.647654,48.406639
-41.250114,28.753349,45.775013
-40.682899,30.365551,47.368439
-0.113868,30.660915,32.171005
-7.851956,8.761708,20.360178
-7.230000,10.305728,21.529312
-7.951166,9.163784,22.737885
9.209430,-20.204163,12.468038
8.109229,-21.570301,13.809996
7.139325,-20.437000,12.120427
-13.770157,12.107780,18.005444
-14.311281,10.954614,16.444086
-14.871531,10.280310,18.406172
38.084713,-21.342686,55.232933
36.967018,-23.117819,56.437351
36.749363,-22.816998,53.872669
30.162506,22.039637,49.798340
30.383562,21.340422,47.890408
28.589643,22.768156,48.655720
-11.885850,-11.825627,42.629955
-11.220397,-11.206512,44.645325
-11.337121,-12.940954,44.281715
-8.860575,-24.253979,38.422653
-10.143430,-22.903824,37.967083
-9.387071,-23.936806,40.114349
-47.980236,7.553115,49.638191
-47.677170,9.853713,49.505211
-48.436504,9.067676,51.339520
15.779825,5.829396,15.121621
15.978184,3.980901,14.326142
16.776218,-23.626312,22.104755
16.888060,-24.503321,23.770407
14.905469,-25.048773,22.966963
-55.441586,1.303368,56.068565
-55.000965,-0.880330,55.184494
-55.990013,-0.406478,57.580540
-39.206825,31.489941,46.501297
-38.849697,31.034876,44.591610
-37.526478,32.501057,45.559574
21.738043,3.401335,9.903904
22.855995,1.334823,11.155403
21.712585,1.032854,9.443542
-41.257511,-28.647568,45.191059
-39.775173,-28.727568,43.481159
-13.385670,10.333838,63.894505
-12.588484,11.817626,63.750160
-13.681239,11.029696,62.004059
3.069541,-42.906940,67.382858
1.144150,-43.471195,67.382607
2.188762,-43.786755,65.505531
23.649954,-32.899746,49.661652
25.404648,-31.615284,48.842747
25.679873,-32.023129,51.009804
36.182137,-19.280577,42.863472
35.008621,-20.307610,41.724453
35.546783,-18.537893,40.251278
-8.376077,-5.540051,59.949528
-8.146981,-3.408253,60.629715
-8.045566,-4.800933,61.893337
-19.096783,-6.889862,18.329906
-18.924723,-8.820333,19.923042
-18.399187,-6.490542,20.940922
-50.292671,-24.652998,57.066414
-50.347984,-26.039816,59.392345
-51.284492,-23.707397,58.835232
-48.572777,25.944342,46.283150
-49.578079,25.804451,48.837128
-48.200180,28.157192,48.190083
-39.710835,0.414911,26.266075
-37.971176,0.264987,24.519894
-39.557220,-1.546429,26.697332
-27.962805,36.664261,32.786243
-25.643490,36.672913,31.745213
-27.444283,36.180008,30.844299
33.938324,-19.625078,38.488544
32.748821,-21.630953,39.229198
32.264614,-20.705307,36.901283
-10.738554,3.130291,31.660677
-11.152210,1.638303,33.037544
-11.304610,1.187393,30.910894
-49.344589,14.470778,55.502586
-48.282101,15.011598,53.115883
-48.665287,16.399519,54.633537
-1.324806,36.263596,54.798477
0.524068,36.147469,56.543388
1.137314,35.072216,53.980904
-28.467199,33.405712,37.485046
-30.835072,33.057384,38.230484
-29.661934,32.593182,35.865929
-42.917728,9.532692,27.979557
-43.288124,11.519855,28.311317
-42.283722,10.784869,27.040787
-15.762456,-25.636011,49.737484
-15.671504,-26.305962,47.927349
-14.756589,-27.512699,49.323338
-12.272943,39.622650,67.376877
-12.560360,41.778210,67.376717
-14.222380,40.179321,67.376480
25.843218,11.327104,21.199442
24.524422,11.749402,19.463388
24.671959,12.887886,21.029476
-52.222775,-11.354144,60.343235
-51.537300,-10.381297,57.927399
-52.276810,-8.966313,59.532478
-50.762669,11.575534,42.275646
-50.997490,13.615100,43.586582
-50.110882,13.807702,41.216068
40.688885,10.025476,50.972481
41.563755,8.300553,51.665783
41.002476,8.794174,49.967010
-20.596529,-9.883828,13.212120
-19.796299,-12.338861,13.796725
-21.932005,-10.982386,14.664677
19.485109,-17.398003,16.127935
18.325108,-16.893688,14.303744
20.333708,-15.596961,15.022388
-22.415878,-40.035007,46.473011
-22.930655,-39.071186,44.674416
-20.752573,-39.705738,45.202091
-33.512451,-39.417583,53.456348
-35.536964,-38.760174,53.980724
-34.698772,-38.447102,52.365665
19.547394,-21.627302,39.111328
17.839998,-22.435886,38.475029
18.318903,-23.406231,40.611687
29.942358,19.503889,40.840790
27.925505,20.902359,40.582073
29.092754,20.817112,42.862446
19.885941,-37.312435,63.626987
17.953730,-38.332054,63.087856
19.687700,-37.550873,61.655842
-8.345433,-34.587894,34.593971
-6.448053,-34.823750,35.069035
-7.684035,-35.567326,36.411198
-4.185717,-21.025730,60.651272
-5.189296,-19.358622,60.603680
-4.039020,-19.689217,62.574799
31.935619,9.894258,51.293880
32.011906,10.108127,53.234722
31.067438,11.581020,51.612320
20.591759,-9.060993,10.270803
18.820190,-8.858685,8.229513
20.120201,-7.212418,8.826954
-11.153416,-34.542271,55.403316
-11.438373,-36.153809,56.122868
-10.338458,-34.681664,57.454670
-20.513327,0.211927,37.860527
-20.587240,-1.293787,37.044079
-20.614500,-1.839482,38.581032
-18.612165,-17.289410,36.980362
-18.781517,-15.523003,35.722286
-18.512415,-17.113375,34.559704
-16.358376,40.661201,53.907413
-18.485823,41.439110,55.560585
-15.477147,41.033916,56.276390
-55.229084,-6.057486,56.918858
-55.088482,-4.858009,56.233685
-54.668243,-6.804666,55.723942
-40.168278,-38.061871,58.830303
-41.127003,-37.844479,60.374241
-42.077080,-36.553455,58.569717
-21.768135,-43.890545,56.460789
-23.932848,-44.085884,58.064167
-24.285021,-43.178780,55.823357
-37.612469,38.900928,49.973969
-37.880806,39.308586,52.415039
-35.714027,39.864956,51.139412
4.322571,-9.145714,10.483307
6.202795,-10.039454,11.444131
6.253459,-8.045452,10.101944
-10.328242,2.125462,3.465452
-12.042924,0.615549,4.611374
-11.644615,2.860161,4.515074
32.436535,2.363201,42.256310
32.420639,4.136564,43.434555
31.773220,4.116851,41.149265
16.160370,-27.519835,28.642908
17.831108,-26.151978,27.592571
18.793642,-26.851851,29.680553
-31.222832,-13.810564,23.699036
-31.605101,-11.854760,23.088995
-29.909441,-12.574687,21.970272
43.380802,-8.944354,54.381237
43.100140,-10.782229,55.793167
42.925766,-10.838365,54.001350
-19.449715,27.844332,18.520060
-17.207363,27.793980,18.916191
-18.682783,28.973803,20.090572
-44.721394,9.025846,40.563759
-44.061779,7.354211,38.996353
-44.043335,9.954083,38.926174
-11.486366,0.173446,34.660679
-11.979511,-1.816051,35.199219
-11.824663,-0.787698,32.792278
35.482357,-4.902585,64.105591
35.595688,-5.585168,65.570633
35.480499,-3.309349,65.360115
0.221509,15.434106,51.483238
1.004293,16.179506,54.007057
-0.765950,14.811106,52.854885
-5.839411,-3.957053,10.235243
-6.547098,-4.913654,12.114009
-5.031347,-6.090965,11.089314
-47.616341,-18.837801,45.577869
-47.003242,-20.894945,46.216602
-23.797974,39.079140,65.071693
-20.955402,39.045612,65.862495
-23.133387,39.127312,67.374840
-50.418247,27.059338,52.534275
-51.347324,25.349628,53.184277
-51.021873,27.492188,54.828228
41.993382,10.513844,62.033566
42.128510,9.871542,59.969994
41.420914,11.730963,60.457600
-2.931406,28.436880,60.823132
-3.401436,26.546968,61.706623
-2.868298,27.941496,63.511940
-44.635216,-9.170140,35.617874
-44.571041,-11.121583,36.388809
-14.270427,14.999897,48.612701
-15.163719,13.861712,46.590405
-15.336363,13.414196,48.728676
-43.726433,-31.963636,65.032509
-42.487236,-32.721096,62.984928
-43.669941,-31.312555,62.689129
35.275394,18.682693,53.155106
36.917450,16.861717,53.117733
35.749012,17.426563,50.818493
3.507570,30.970207,43.412071
5.691924,30.187260,43.187405
4.311376,30.213497,41.117294
18.780979,-6.440397,7.113605
-11.921163,-3.393856,27.294432
-11.462967,-2.415634,25.431185
-11.638765,-1.635312,27.110376
5.417252,-23.640104,15.902805
4.473050,-22.696342,14.519523
6.664814,-22.598995,14.779974
-16.098238,-24.628942,51.683983
-15.111790,-25.314884,54.289593
-16.689814,-23.245300,53.604366
20.143150,-30.614191,38.066753
18.772455,-30.367716,36.212109
20.837503,-29.331062,36.060364
-16.151926,34.923294,27.647736
-16.385693,35.459999,30.080086
-13.811707,34.642330,29.021275
-12.962719,-13.494574,31.298330
-13.008147,-15.123967,32.555725
-12.491136,-14.794374,30.052021
-14.326887,11.699657,20.020466
-24.342295,-1.627739,13.420882
-26.315733,-2.421825,15.036323
-26.124783,-0.141174,14.441792
18.714533,-35.103287,48.588314
18.837425,-35.808632,50.900917
17.058533,-36.098812,49.433346
32.354603,-11.848120,50.439606
32.833652,-11.079052,52.736942
32.981030,-9.965327,51.274746
-47.015495,1.742536,46.089348
-47.813438,-0.358838,47.974266
-46.881378,-0.558626,45.804531
-43.431839,-34.891563,57.484169
-41.934036,-35.727314,56.325554
-38.989277,20.711412,30.989532
-37.477131,22.060976,29.405697
-38.385029,22.778568,31.263454
7.436497,-25.881178,36.536510
9.164532,-25.595945,36.861862
8.057616,-25.074249,34.487656
-4.381651,11.009302,53.043766
-5.095955,10.220325,50.823910
-3.632688,12.096490,51.074680
12.581392,-0.202332,9.509613
13.702045,0.698307,10.596593
13.057123,2.094862,9.719795
-35.186462,39.063683,46.683826
-37.087177,38.525059,47.625919
-35.414043,39.457500,48.731705
5.862911,27.249613,25.024887
7.302906,26.810066,25.560865
6.903119,26.271545,23.241627
-0.485422,-21.730366,22.846401
2.154272,-21.205553,22.205599
0.362102,-20.443842,21.051962
-38.056759,-30.244837,43.220016
5.792691,-27.630478,63.685875
4.314744,-26.984184,63.542217
5.853715,-26.959232,65.278648
-18.787985,-42.700100,51.970467
-17.618549,-42.170784,50.233105
-17.036385,-42.989548,52.256893
30.890274,-22.707262,37.717789
29.924953,-24.524950,39.138584
29.109947,-24.360315,37.500370
0.755844,24.581995,14.212704
-0.358471,25.940651,15.799567
1.278949,25.706114,16.388601
-7.273576,10.834845,33.846565
-6.327495,12.055803,35.540043
-7.473256,10.046584,36.115273
-23.077900,9.023645,11.948109
-21.470558,9.643591,11.128637
-21.447815,8.005009,11.082028
-3.704736,25.333197,63.443913
-4.530233,24.352655,60.978134
-4.808324,23.238693,63.554813
-29.265476,-45.410816,67.376884
-28.914398,-44.039448,67.376930
-30.997522,-43.670940,67.376511
2.011671,-0.887659,0.001221
3.841617,0.053950,0.054888
3.414957,-1.813100,0.096027
-9.382070,16.824545,8.010763
-10.177726,18.876942,9.027246
-7.799894,18.149515,8.281225
-7.670010,16.713068,7.557063
28.894646,-23.484808,35.698257
-25.837177,-2.217611,18.154493
-27.247480,-1.773348,19.066498
-26.999664,-3.616167,19.388113
-21.666897,-14.498003,21.673798
-24.300081,-13.268298,21.585907
-23.391148,-15.590224,22.775814
-2.558574,29.808582,22.781836
-1.971405,30.127491,24.709476
-0.183709,29.183804,23.594034
31.348291,23.048178,56.227970
32.232849,22.981937,58.130970
32.773468,21.958908,56.230350
-41.813416,25.003050,30.218121
-41.440750,26.854120,31.417885
-40.401360,26.919069,29.643089
16.794621,9.215307,6.679041
18.018013,7.604017,7.024776
16.729387,7.015371,5.709122
42.567688,-13.069494,62.645550
41.965420,-14.692251,63.896255
41.900593,-15.098854,61.589836
35.006554,-21.330397,43.627583
33.400578,-22.184704,41.470695
32.640579,-16.189085,61.338360
33.364765,-15.211248,62.687260
33.334255,-14.267259,60.823597
-28.188843,-19.216801,24.309204
-27.032207,-20.870747,24.573732
-28.851809,-21.078510,26.072805
-19.296570,36.621521,32.786224
-19.164076,36.033257,30.418425
30.472490,-14.293526,27.134750
29.793423,-16.186134,27.830587
28.849119,-15.844684,26.217564
31.033743,-15.678134,29.150072
-39.460148,-36.136147,64.995789
-39.475491,-35.372005,62.666187
-40.746696,-34.936966,64.684464
-46.967133,10.742593,47.705372
-47.171299,8.608051,47.628460
-24.689459,16.190372,12.916898
-26.456726,18.139435,13.799414
-23.893160,18.540941,12.674805
-5.756083,-17.530037,20.349752
-7.125931,-18.011753,22.104408
-5.815335,-19.495913,22.395613
-33.715183,5.168098,23.646954
-33.733238,7.294970,23.347784
-34.967598,6.531753,24.864689
-8.822253,-23.889000,36.666977
-10.019865,-22.597103,35.621944
36.500015,2.176807,33.229244
37.009712,0.186632,33.573227
36.035503,0.865512,31.737316
-10.652329,41.319412,67.377037
-12.812532,22.697517,16.626183
-14.161872,22.896196,15.400517
-12.714000,21.134142,15.478129
-21.988409,-32.704361,34.456573
-24.269911,-32.232155,34.837963
-23.502121,-31.231075,33.138672
-50.864876,-8.193658,45.330891
-50.546223,-10.504211,45.760429
-51.334377,-9.444543,47.143147
-37.130726,-8.975299,32.181786
-38.080086,-8.929955,33.496635
-37.168953,-10.575330,32.931114
-10.314781,-6.831944,4.850779
-8.735019,-8.672919,4.760651
-10.649443,-8.602652,5.976876
-8.659243,-6.358399,3.559254
21.223200,-20.946218,40.020420
21.916000,-19.496189,38.939960
20.438755,-20.465380,38.465961
-41.301563,1.738474,27.637293
-41.053944,3.919687,26.781336
-39.704884,2.452273,25.685137
15.478966,11.790107,25.601147
15.704687,12.096343,27.327284
13.989540,13.086956,26.535269
-16.587940,-34.402466,46.111462
-18.242615,-35.033924,45.852509
-17.958649,-35.777401,47.297009
-46.001377,-28.735922,52.061283
-45.213787,-30.646862,53.152416
-46.668655,-29.295513,54.201813
-56.850067,-8.024191,61.368542
-57.660446,-7.707540,63.207188
-57.391830,-6.023773,61.958733
-3.492721,-28.632456,49.338535
-4.227991,-28.417387,47.140553
-5.374456,-27.383249,48.506016
-32.406544,6.550571,22.057724
-51.296944,-18.316751,63.431301
-51.766106,-16.205936,62.552357
-52.303764,-16.366219,65.152092
-45.524151,-27.526230,59.348339
-46.620144,-26.604944,60.693130
-45.677616,-28.302927,61.435307
21.858345,-18.485685,20.118916
19.738503,-19.925510,19.604229
20.699226,-17.984529,18.185230
-31.721237,-40.814106,55.099136
-31.737698,-39.740196,52.534531
17.236841,13.698782,33.309692
15.614445,13.713085,31.343229
17.491386,12.546160,31.365839
-19.163443,-41.412628,48.648884
-17.035854,-41.403046,48.133198
19.822948,-25.039007,27.555418
22.050648,-24.247047,28.507757
20.958832,-25.606056,29.612520
-8.930837,29.874863,39.740005
-9.954571,31.460588,41.180737
-10.950930,31.386490,39.145576
6.173778,-21.338846,23.830994
7.967659,-20.274313,23.257553
5.994658,-20.225809,22.056522
7.629525,35.068733,65.464088
6.363812,35.374699,67.380501
8.416894,34.491035,67.380928
-29.554579,3.862003,16.374340
-29.986893,6.006481,16.404219
-28.485439,5.108734,15.433085
5.017957,-40.720650,51.088558
5.858656,-41.360004,53.156658
3.504368,-41.799702,52.834564
2.607111,17.843348,40.235985
4.582893,18.174946,40.520748
3.720191,17.670534,42.233383
25.192616,-2.705456,26.345766
26.085829,-2.819998,28.090776
25.720001,-0.912077,27.425051
7.984997,-10.605979,12.419827
6.353034,-11.866315,12.889940
-14.595240,-30.672132,28.917282
-15.244293,-32.027225,31.240841
-36.977566,-33.032276,53.351639
-38.389091,-32.523232,54.473877
-37.151100,-33.815334,55.104439
42.795731,-5.244473,47.714821
43.362354,-4.230229,49.929630
42.966297,-6.671190,49.078545
40.463501,-10.208012,43.171829
40.413734,-11.665401,44.194099
39.600685,-12.134309,42.449245
27.864241,-29.377071,46.958065
26.721466,-29.609028,45.030113
28.582344,-28.335205,45.303085
-26.389719,-39.204796,55.778366
-24.661980,-39.606411,55.867962
-25.398138,-38.633537,53.852249
-8.853873,-36.494194,38.088692
-6.641534,-36.323257,37.927929
-17.679173,31.241785,17.074968
-15.743322,31.772442,18.264498
-15.315769,30.213715,16.190260
-31.220270,-20.519876,27.564110
-29.644619,-22.738459,27.935606
-19.861715,-26.018900,35.800415
-18.630854,-24.175663,36.384315
-20.144629,-24.614470,34.205811
-5.398335,-15.267163,7.739653
-3.691821,-14.787215,6.732561
-3.545576,-16.597393,8.327735
-4.267434,-45.496281,63.433479
-2.442502,-44.961121,65.481293
-5.207357,-45.521191,65.528915
6.399949,-10.021664,2.713863
8.308657,-11.610914,4.051196
6.000501,-12.099291,3.913768
-10.813956,-19.212965,44.145088
-11.412991,-16.619366,43.530502
-10.606297,-17.097670,45.814335
-1.223282,-19.374521,19.999842
-1.580989,-20.578627,21.510450
-31.013466,-2.766311,19.037474
-29.462090,-2.310918,17.565426
29.306860,-30.988855,58.086197
28.850037,-30.992277,56.077873
30.351732,-29.881330,56.602272
-37.571472,35.994183,58.466545
-39.268753,35.006767,57.492363
-37.145988,35.787815,56.266468
-41.581020,-25.844261,42.701565
-41.356918,-27.077778,43.651089
-42.625469,-25.832529,44.085979
-4.543660,11.152659,49.373047
-5.771683,9.523893,48.652321
-4.558760,11.404834,47.359524
39.822060,14.767965,59.665680
38.927177,16.291786,60.099072
39.882343,15.081600,61.681458
-6.851031,25.579805,13.128137
-4.975588,26.097364,14.102756
-5.330348,24.539507,12.451773
-7.316326,9.369020,18.122944
-7.984278,7.867467,18.458441
-12.121570,-11.669728,8.566165
-12.573813,-10.142792,8.005286
-10.988139,-10.714242,7.302737
-0.669216,35.325996,52.778919
16.502371,-10.832618,18.648462
15.653920,-9.669075,16.836445
14.752861,-11.613140,17.645813
3.370387,-29.730703,57.096920
3.219497,-28.904188,58.869308
5.010002,-29.819450,58.255581
6.875437,-41.783035,55.155750
8.776470,-41.146000,54.990448
8.424081,-41.620197,56.219074
-3.736229,-12.935869,5.189495
4.326581,-3.153098,0.299650
2.277206,-3.331762,0.202595
-52.185452,20.757370,51.385696
-52.539211,22.113476,53.392487
-51.560101,23.515942,51.821739
6.954895,24.650139,18.943014
6.245667,24.058382,16.881857
4.792203,25.076866,17.832840
31.383554,7.955812,44.271229
32.293312,5.865747,44.761902
32.103554,7.562705,46.371799
-36.155949,29.173912,35.586018
-36.808609,29.442976,37.155426
-37.788353,27.785757,35.914875
-0.407318,-36.736862,40.008385
0.096269,-37.592983,42.124554
-11.011733,-1.668957,23.710184
-11.207334,-3.660354,23.767458
31.768343,-4.884755,24.461056
30.601728,-6.392905,23.214035
30.453749,-4.347504,22.661053
-43.997829,37.439259,67.370995
-43.362873,37.972366,65.978264
-44.697857,37.090099,65.547539
-19.792866,-7.203312,31.933477
-19.357067,-8.867023,30.430052
-19.590218,-8.981438,32.656036
-34.918213,3.150387,20.904764
-35.082195,5.089425,20.620693
-33.376530,4.440890,19.300165
41.110584,-16.167778,55.412083
40.311783,-18.089596,56.872261
40.202229,-17.746346,54.547256
2.933249,29.588037,31.973745
4.627953,29.164309,33.603161
4.527320,28.932354,31.048676
23.427618,25.118658,47.010525
25.045816,24.561115,47.944698
24.722281,24.151302,45.585197
-31.434904,-33.238831,40.665791
-32.515568,-33.689617,42.196396
-32.946316,-32.174065,40.551376
-34.112946,-4.101257,26.460894
-33.383331,-2.292044,25.044006
-34.628632,-2.192504,26.490311
-53.453369,1.159311,49.822186
-53.146496,3.112586,48.540905
-52.776798,0.639257,47.510380
25.334900,27.680798,60.000469
27.147758,27.116707,61.476032
27.665415,26.449736,59.922829
12.107805,21.983002,59.733517
14.309024,21.891571,58.828148
13.757162,22.470552,60.827465
0.561788,-1.928110,0.069294
15.276473,-28.465414,65.515503
16.621407,-27.688206,67.384819
17.650803,-28.158274,65.334450
-12.410141,-3.374451,33.291344
-12.822350,-5.538169,33.773300
-12.646548,-5.009054,31.516024
1.129846,30.650570,36.501724
-1.171035,31.529425,36.873920
0.242036,31.282127,38.878521
17.121660,-2.063185,4.781184
15.251666,-1.861227,3.534269
16.065199,-0.265749,3.979965
21.060421,5.768605,9.648404
22.191898,5.583549,11.241315
-14.279985,14.861209,31.360033
-14.811585,13.837495,29.699955
-15.557266,13.170276,31.979952
-33.551460,-28.948168,37.157391
-33.622341,-27.305153,35.425526
-31.804123,-28.980627,35.714565
22.031639,-14.883705,16.461098
23.806419,-13.991468,18.058710
22.440252,-16.471670,18.497793
-44.617317,17.179211,30.889473
-44.573505,19.134962,31.463680
-24.720455,-8.678600,19.586418
-24.864567,-6.770386,18.944105
-26.336220,-7.779992,20.268614
23.146049,-23.479046,46.766171
22.693993,-24.684521,49.159851
24.618872,-23.125612,48.864017
-40.426132,-9.786809,30.738653
-41.088871,-8.022927,30.762722
-39.439125,-8.579946,29.144512
43.871830,-0.415491,53.980278
43.625629,-0.943466,51.735874
43.485901,1.033045,52.114555
37.314262,15.716237,51.229847
-26.209822,-25.674900,33.645618
-28.611359,-25.857771,35.028549
-27.082718,-27.055710,35.517982
-43.753101,-0.367156,39.473026
-43.394592,1.538318,38.418655
-44.444969,1.605473,40.410011
1.454818,30.041676,31.442719
1.677593,30.180548,33.717934
-42.869400,-26.889029,52.826450
-44.495693,-25.538588,54.023903
-43.635513,-27.523731,55.098389
4.487811,-21.279034,22.941696
4.765257,-22.359581,24.869207
3.907553,-26.402969,36.530907
2.445145,-26.938248,37.845444
4.448135,-26.895596,38.180351
-0.020813,37.043980,58.801682
2.349185,36.035423,58.385372
11.361578,11.912295,15.625587
11.927093,10.575258,14.284541
13.112792,10.418566,16.005880
-52.509808,1.900614,59.552647
-51.577755,3.278465,57.597157
-52.508171,4.603333,59.941441
8.056086,-26.187492,37.767235
9.444510,-26.323095,38.939602
3.752056,-24.301109,28.741854
2.477747,-23.998167,27.383799
1.569218,-24.737556,29.284678
31.719883,-23.346703,40.234966
32.097874,-23.901722,42.070194
-2.025738,23.339626,67.379402
-1.352031,21.493317,67.379593
-0.175727,22.496990,67.379768
-10.761948,23.488392,25.014997
-10.743466,24.664825,26.348244
-11.347860,25.613476,24.918350
-7.355630,-24.562113,35.555389
-8.713457,-23.530453,34.957783
-45.748833,30.869402,46.234715
-46.296566,31.048620,47.888519
-44.957302,32.224705,46.897598
-31.458036,-16.034882,25.035185
-30.174505,-17.647732,24.896780
-31.761229,-17.908878,26.334631
-8.938419,-2.352605,55.190357
-8.898953,-0.584069,53.404213
-8.630391,-0.644326,55.470581
-42.168995,-33.681499,65.117683
-41.013397,-35.262856,67.374321
-1.335461,-15.780172,7.010748
-1.736742,-13.884107,5.408214
15.237464,-33.471588,40.369076
17.228981,-33.392250,42.020676
15.188688,-34.200119,42.282234
-6.475227,-24.119577,16.949829
-7.689265,-25.276209,18.678205
-8.474121,-24.157839,17.519222
19.183420,16.885706,44.185043
20.867535,16.707882,45.214500
19.372766,17.336943,46.112797
-7.810132,7.034224,67.378922
-6.558728,4.915355,67.378624
-5.787949,7.096401,67.379211
-46.082470,-29.481457,67.372719
-46.582996,-31.442684,67.373177
-44.473209,-31.582367,67.372139
-44.286469,10.263974,29.765797
-44.557072,12.399852,30.149042
-17.904621,-24.504646,38.774750
-18.826616,-26.408834,37.554714
-17.911865,-26.970778,39.383743
-8.536497,6.702763,19.707991
39.703030,13.598178,55.330276
40.730598,11.441671,54.528202
39.617088,13.066082,53.371986
18.265524,-37.781105,65.315643
-3.395571,12.835639,46.384686
-1.683021,14.196959,46.940361
-2.972166,12.937635,48.784721
-6.729504,31.105780,22.295063
-4.661942,30.454561,22.482798
21.096123,-16.499868,16.849493
-7.087881,-20.159903,12.862449
-9.160493,-20.652540,14.093281
-9.013958,-18.925379,12.430013
-18.462925,-15.811534,14.962978
-20.077293,-16.069633,16.206635
-20.268764,-14.300184,15.227854
-55.560650,-1.740706,67.369400
-54.944767,-2.930650,65.701683
-55.139591,-0.906563,65.986275
-34.136898,-43.584858,65.310059
-34.958626,-43.616661,67.375755
-36.357159,-42.550579,65.456146
44.108391,-0.105824,58.112141
43.876122,1.929972,57.291084
43.958351,2.143195,59.455315
44.045979,-2.023998,65.037811
44.183201,-1.452802,62.643406
44.079433,0.316848,63.675175
-30.025551,-36.026253,43.600594
-31.224052,-35.022877,43.075981
-29.734772,-35.241184,42.177200
-35.863708,-21.421885,37.984802
-36.454361,-19.173300,36.993793
-37.685852,-19.786798,39.070133
-36.894650,0.627228,28.629313
-35.749462,0.707234,27.086002
-36.572193,2.450461,27.728308
-20.156345,-10.690722,56.783791
-20.142223,-10.882153,59.239761
-20.149038,-9.156901,58.255524
32.685780,1.898142,26.196238
31.717991,0.827785,24.510651
31.485653,3.138104,24.781771
-6.145773,23.694860,52.690811
-4.882041,25.190361,54.235451
-4.641316,26.066210,52.242599
-45.653461,-7.028141,44.432629
-44.535717,-6.507290,42.357521
-45.414631,-4.738797,43.448479
13.354474,-39.889103,65.758568
12.187267,-39.663303,67.384415
11.698457,-40.564198,65.659111
-4.895466,-3.371261,8.684690
-6.237359,-2.124168,9.350533
-26.661722,31.250849,28.475473
-24.890957,32.201725,30.560925
-27.310232,31.714359,30.829912
-6.975638,-18.586830,11.330917
-5.199833,-19.822025,11.965911
-4.040124,-25.308872,33.662560
-2.229966,-25.693075,33.805729
-3.503918,-25.068306,32.046722
29.123623,-9.931547,22.552435
30.340471,-10.557816,24.475378
29.139599,-12.169667,23.790310
-11.311371,19.216959,25.917158
-11.756561,17.890839,24.317572
-12.218657,17.228476,26.222141
-8.908012,21.724203,42.184525
-10.152606,20.232788,40.479954
-9.979298,20.281830,42.486214
39.873062,9.551354,46.870106
39.794704,8.684270,45.371357
39.108395,9.844751,44.894943
20.519274,14.584523,16.222363
19.729513,13.913806,14.039174
18.997999,15.364552,14.937938
-42.485142,36.247200,50.789776
-41.698402,36.124260,48.751842
-43.601181,34.868290,49.477272
-31.465755,4.322725,17.751535
-32.196312,2.423004,18.731937
-38.600460,-3.800277,26.467871
-37.020771,-4.057797,24.998077
-37.698505,-5.906463,26.323126
33.335346,23.577496,67.386009
34.014938,23.013340,65.417885
32.423519,24.361238,65.861305
-1.264238,36.939552,56.941551
-35.252644,-42.412098,62.995941
-33.209728,-43.408451,63.465286
-20.410120,-8.691478,47.923172
-20.466480,-8.982375,45.589951
-20.395681,-10.914987,46.735470
25.419695,9.789639,19.228334
24.103329,10.581788,17.596903
-18.363489,16.701897,12.278471
-18.677977,14.374452,12.141297
-16.566715,15.251049,11.551179
5.780694,-29.976768,67.382874
6.925089,-28.031116,67.383011
4.512022,-28.177998,67.382568
35.229942,-10.079691,31.731035
35.756790,-11.079217,33.328197
34.571426,-11.958862,31.726368
43.688309,-8.391131,63.080700
43.142700,-10.917759,63.394493
43.529305,-9.603249,60.935925
4.988789,34.960567,58.074501
2.879422,35.122711,56.053772
42.577938,-12.716163,56.451962
42.612118,-12.116526,54.600342
19.596380,0.865528,17.912756
18.988333,-1.293232,16.920195
20.398388,-0.873568,18.620857
19.008429,13.281478,12.269904
18.146587,15.023671,13.168041
21.256952,12.842016,15.173311
33.669292,-4.423646,49.113277
33.751755,-5.624164,51.003670
33.978432,-3.280779,51.203400
-17.820913,9.271876,31.350597
1.894692,1.419803,0.025923
4.194093,2.440521,0.188639
-26.578014,-11.050998,18.369843
-26.733866,-9.091923,17.625526
-25.104843,-10.381324,16.840528
44.055908,-0.892343,56.004715
43.890850,0.926814,55.847172
14.643167,13.117436,28.252394
16.247421,12.553432,29.588211
14.541186,13.691295,29.720314
5.179657,-20.183443,11.459131
3.156931,-21.430637,12.798147
3.048594,-19.638874,10.645376
2.715045,-36.105953,39.600571
4.915171,-35.496071,39.027775
4.594370,-36.442001,41.169697
30.684364,-7.116718,39.648048
29.756845,-6.951944,37.619064
29.701300,-8.512685,38.777161
-22.249180,14.403309,13.786187
-24.060890,15.484717,14.994107
-23.650070,12.793066,14.598231
-11.256559,16.678507,8.422650
-10.292379,15.197648,7.592650
-12.309799,14.787624,8.071906
4.753187,-17.629951,18.205389
5.436458,-16.252617,16.836565
13.716539,24.105251,26.039217
14.376810,24.511007,28.259029
15.929182,23.403646,27.353357
-52.361099,-0.705466,58.973770
-53.226139,0.868107,61.120350
-9.302253,3.230203,43.303684
-8.663097,4.840058,43.839394
-9.057022,2.913806,45.446445
30.530697,7.986005,41.953209
30.016733,7.157437,39.778465
31.057220,6.068408,40.937752
-16.665531,-43.681141,54.067936
-15.208483,-43.385849,52.961826
-22.103098,39.236191,41.652199
-24.568670,39.562496,42.014557
-23.163242,39.811863,43.649273
-29.149897,-32.893185,38.526203
-27.521208,-34.170105,39.186077
-29.723988,-33.875118,40.218990
-54.005527,2.408008,63.071831
-53.975430,0.019364,62.882851
-13.174870,32.569397,39.233032
-11.599521,32.282578,40.692154
43.301605,3.375744,67.388641
43.478878,1.229208,67.388756
43.769073,2.319591,64.870422
-12.964931,-46.342155,67.379982
-14.313671,-44.975475,67.379662
-15.297232,-46.533768,67.379547
-7.889332,-15.848591,21.135319
-8.627013,-17.239418,23.245169
29.010771,-21.961758,33.569702
29.394598,-20.308599,31.925196
30.509565,-20.463146,33.735069
24.586535,3.606453,14.465570
24.185925,0.978069,13.279757
23.337252,3.306385,12.293550
-35.263065,-33.484615,51.888302
-35.816299,-34.107132,53.811264
31.284668,-18.632046,32.667282
-48.871208,-9.959402,42.181461
-47.549061,-10.248662,40.195362
-47.902012,-12.595589,41.929173
42.017025,-9.290830,47.179771
42.570068,-8.270426,48.527775
42.245693,-10.145664,48.764645
-36.528648,4.195118,22.115030
-3.365466,11.727036,62.813694
-2.224268,13.543526,63.766350
-3.348197,11.776111,65.309776
-34.955959,10.382457,24.416401
-36.461910,10.923952,26.188374
-35.890656,9.262614,25.615839
17.192781,-29.209730,60.747578
17.092339,-29.371515,58.638950
14.854118,-29.937952,59.147606
14.334163,27.087910,40.897503
12.285618,27.707972,40.874393
14.005021,27.563837,42.687283
-23.218599,34.658005,40.753601
-24.520952,34.199894,38.781090
-21.886961,34.069977,38.180111
-24.523203,-38.030445,43.493244
-22.821411,-37.758999,42.261967
19.698498,22.536011,63.916973
17.173378,22.951334,63.147308
18.986523,22.429201,62.193405
40.625435,5.080973,44.111099
41.063297,5.974370,46.171875
41.612232,3.665931,45.928116
-4.297664,19.093307,8.365221
-2.606928,18.593058,7.871794
-3.884207,17.424196,7.263230
9.942149,-6.079772,10.322595
8.247264,-5.011063,8.949752
8.083718,-6.887225,9.959900
-20.202654,-9.040359,65.565559
-20.222778,-8.533484,62.830025
-20.139387,-10.959665,63.832321
-24.673031,33.693096,21.439604
-26.351007,34.046875,23.126068
-23.750332,34.621780,23.890242
2.261658,-27.909456,67.382133
-0.413237,-27.182947,67.381607
0.732763,-29.600437,67.381912
8.355747,24.226704,67.381302
10.140008,22.937788,67.381134
10.326738,24.649826,67.381676
32.167164,-10.341414,46.408394
31.315899,-11.221723,44.480843
31.473860,-12.137536,46.040058
-29.579979,-37.226257,45.259567
-31.325871,-36.005455,44.643051
-21.431608,41.723663,55.172417
-23.750772,41.859688,54.868656
-22.660583,42.151119,56.888123
31.635798,24.974874,67.385643
26.587688,26.452559,57.790100
24.763876,27.395163,57.812481
22.066788,-5.477148,21.659351
23.278791,-4.590351,23.274364
22.312183,-4.008660,21.481455
11.460443,10.587911,4.070537
9.501563,9.990717,3.033948
9.726391,11.655733,3.984401
-49.025536,4.763481,51.717907
-49.832771,3.665713,53.509750
-49.215160,2.980769,51.829758
-47.392818,2.616176,35.721901
-47.054913,0.482146,35.696945
-48.226376,1.575106,37.314137
-4.818005,-44.669975,57.242493
-6.806097,-45.300098,58.951958
-6.685145,-44.639973,56.608147
8.376113,22.080162,63.958153
7.307534,21.854929,65.637650
6.792464,21.346735,63.436504
-55.739189,-14.033051,61.921085
-55.185986,-16.075535,62.059853
-55.932430,-15.479359,63.730904
15.484561,-19.756702,15.276541
15.335363,-21.509882,17.556509
13.390467,-21.265921,15.781460
-0.715605,12.393566,3.555870
1.510208,12.236649,3.188908
0.471564,10.915846,2.537141
-17.548485,-23.165751,42.798687
-17.236662,-25.268459,41.365952
-16.941051,-24.875813,43.587452
-46.554600,-12.190558,39.643433
-45.329460,-12.165105,37.888359
-54.144337,20.313778,56.766922
-54.845375,20.622587,59.164280
-53.982689,22.192833,57.756645
-24.165173,42.550232,59.029228
-21.408497,42.415321,58.948868
21.565243,15.693485,19.704840
20.244429,16.147837,18.238522
19.948788,17.358486,19.920290
-9.441886,-17.923643,49.793407
-10.053267,-16.527163,48.080318
-9.706182,-15.547390,50.104305
-7.195808,10.799668,4.623038
-6.603676,12.583520,5.247052
-4.997841,11.918411,4.359664
-14.732276,21.448168,14.039322
-34.151745,-32.457134,42.015072
-34.454716,-33.448570,43.607979
-36.121178,-31.556448,42.759884
-49.788792,1.346064,52.995445
-49.581398,-0.846684,52.234737
-48.757977,1.146779,50.393894
23.057632,-2.365625,22.406107
-17.035269,-15.090325,13.602790
-18.785807,-14.084351,14.086775
-39.467365,23.613993,25.360859
-40.296284,23.083305,26.304399
-39.864239,24.627558,26.672230
-21.735559,40.845280,50.018181
-21.176126,40.982899,51.305229
-20.152203,40.564766,49.960346
6.597907,-16.120808,7.223221
8.542482,-15.472531,7.096416
8.245182,-16.858831,8.349139
-5.011793,-27.961636,67.380775
-4.040571,-29.950584,67.381027
-2.747512,-27.960190,67.381195
17.116959,-28.969158,32.091717
16.700142,-30.256163,34.207066
15.485660,-29.817532,32.447449
-18.037548,29.867895,22.134253
-16.640163,28.829731,20.915817
-15.940282,29.418894,22.903585
-0.151039,-26.471087,19.421566
2.432536,-26.427998,19.628382
0.952918,-27.466919,21.187866
26.040373,-17.620110,41.685299
27.337061,-17.312773,43.147842
27.249130,-15.973611,41.576534
-13.399041,-14.421330,35.237419
-13.331233,-12.926692,37.326130
-13.305703,-14.644484,37.054604
20.145475,30.511505,63.300694
22.209763,29.681675,63.195175
21.576118,29.480156,60.617382
-47.545914,-25.077698,60.668144
-48.586445,-23.019978,60.488884
-48.659172,-24.036781,62.683804
29.989790,10.002367,43.634651
29.782753,11.303955,45.566086
28.942743,11.490901,43.954288
1.953396,-28.178297,22.640448
-0.110895,-28.349016,22.713909
-34.329330,11.922796,23.619516
-34.283962,14.298821,23.574844
-35.566402,12.600515,25.006418
35.816780,16.050852,47.004230
34.459980,17.412256,46.612823
34.995605,17.497101,48.542206
18.407087,25.393797,39.183212
20.301357,24.406195,38.117146
18.366695,24.961519,37.004898
-22.341610,-21.305674,28.523466
-20.935957,-21.288506,29.414371
-20.749243,-20.116308,28.200205
-5.871278,-41.731480,49.349998
-7.706661,-41.342472,48.160156
-5.628248,-40.675190,47.141838
-44.377499,-32.553856,54.631229
-45.834213,-30.992285,54.938194
-14.454822,3.877324,6.619025
-12.400720,4.597637,5.332262
-13.208257,2.353848,5.586354
-9.558342,-43.641888,53.380337
-8.099350,-43.172073,52.289982
-7.882124,-44.075855,54.632721
-33.143570,-30.804514,39.000957
-35.375534,-29.105698,39.048515
-43.779049,30.255266,40.607933
-44.640419,28.282997,39.482811
-45.029865,28.804333,41.207584
-25.501656,38.642784,38.433712
-23.897573,39.065563,40.121941
-23.199137,38.376553,37.714371
-24.043924,-40.598637,57.981102
-22.444281,-40.263599,56.777847
-47.665184,-6.786071,38.907364
-48.536003,-7.732063,40.641773
24.245659,-34.537815,65.400826
22.769367,-34.783413,67.386192
22.146326,-35.708469,65.570740
9.569152,-23.199860,30.454878
10.773291,-23.424410,32.318707
11.506755,-22.550955,31.008389
-47.400955,-5.061377,37.886837
-46.542587,-6.887131,37.306431
16.162754,-25.453907,24.778387
13.972159,-26.543484,25.052931
13.774034,-38.989780,67.384705
-2.859109,-0.175684,5.174950
-1.534017,-2.476052,6.175926
0.027538,-0.565289,4.831113
-36.648106,41.022251,61.817207
-34.754280,41.581345,62.090282
-35.140972,41.313797,59.981083
8.643569,7.825742,6.648946
8.931046,5.503425,5.956881
10.431695,6.509133,7.664715
-2.364774,-22.493534,24.467867
-2.721320,-21.222006,22.716619
-50.757122,-16.835169,50.621517
-49.787247,-17.133900,48.544476
-17.158068,5.616495,58.346844
-16.730055,7.737447,57.062889
-17.433872,6.193634,56.155430
29.174921,-25.775381,40.222374
29.184511,-26.541040,41.890045
27.597776,-27.089094,40.256260
-7.500474,-9.624080,65.535507
-7.752936,-8.670622,62.914528
-7.778422,-7.324379,64.620293
-50.957554,-20.461052,54.201477
-51.306728,-18.786196,53.635849
-50.072620,-20.675207,52.190556
16.546713,12.921989,9.028725
16.218306,14.520422,10.253388
17.818718,12.860415,10.352505
13.188755,26.028070,32.517857
14.983110,25.659754,34.102333
15.777629,24.877161,31.961487
-53.722782,-3.917091,62.468445
-54.289108,-5.097428,64.260056
-53.541225,-6.140914,62.379635
-46.994904,33.494869,54.865314
-47.765686,31.880491,53.177170
-48.645733,31.591280,55.078491
-22.720007,22.722734,15.807832
-20.039370,22.477411,14.669411
-20.373259,24.399136,15.786047
5.675632,-1.462737,0.331958
-0.131671,27.886009,19.840998
-1.539785,28.942339,21.182812
0.382547,28.346294,21.572321
-25.280413,-38.545654,44.821144
-24.313978,-39.744774,46.797607
-26.326868,-38.936676,46.221134
24.821409,-11.832588,17.819424
26.151535,-12.101806,19.850853
25.139446,-13.443250,19.398748
-34.982502,35.616344,36.266033
-35.726616,34.560848,34.759480
-36.715076,34.423794,35.939850
-50.616367,-7.941379,54.960098
-49.900650,-7.125849,53.109570
-50.545792,-6.095190,54.549927
-55.434105,-11.068583,59.388878
-55.141869,-9.733463,58.053741
-54.485054,-11.236077,57.083675
-6.067824,10.121090,43.969772
-6.516574,10.177610,41.390522
-5.326993,11.497300,42.820534
34.728302,-8.510437,30.021538
35.273567,-6.695824,30.307133
35.832676,-7.744019,31.697071
40.813683,-17.474308,59.256607
41.381809,-15.981691,57.640068
35.664978,2.625879,31.687922
34.996460,1.930346,30.076017
26.558859,-32.454285,67.386856
27.890751,-32.231159,65.297295
28.474960,-31.135939,67.387169
-33.469936,2.236460,19.856918
-3.255692,2.341266,4.205794
-1.273674,1.099921,4.141805
-0.804690,3.172214,3.360788
-34.656128,-35.743454,47.262779
-33.021778,-36.899837,47.600353
44.188030,-2.359563,56.985081
44.246094,-2.323250,59.322906
44.196270,-4.286411,58.140553
13.520135,14.797955,31.121166
-4.191138,33.067627,39.590317
-3.641866,33.261124,41.798668
-2.664078,32.641937,40.575283
38.744221,-2.650749,67.388016
37.452026,-1.029089,67.387703
37.016060,-3.013653,67.387711
3.368382,-26.467501,67.382286
3.097430,-24.706778,67.382172
1.584791,-25.759731,67.381927
-40.555286,20.106409,33.417786
-39.748959,18.859571,31.534060
-20.435917,-9.054670,43.328209
-20.266081,-10.784769,42.742455
-20.343994,-10.874771,44.549839
-24.206350,-20.909685,27.915493
-25.876917,-21.768013,29.267462
-23.747314,-22.377859,29.559689
-4.732863,-17.998606,63.472958
-3.736750,-18.896078,65.062004
-3.204987,-32.684189,31.129272
-3.608658,-31.950466,29.680954
-1.626691,-32.307087,30.546957
-49.861938,11.810576,39.976807
-50.319210,9.736495,40.784176
-54.112217,5.732519,51.923779
-54.255753,8.581836,52.664261
-53.565754,7.552691,50.223137
-30.431416,-17.473009,28.679413
-29.633139,-16.149748,27.047741
-31.152399,-15.783412,28.272350
-33.103283,20.593611,17.850760
-34.339382,21.850241,18.954229
-33.042057,22.780865,18.096510
8.772157,-31.128622,31.038103
8.617744,-30.176857,29.041311
10.716311,-30.235695,30.267933
-5.468000,34.122734,58.110977
-7.060211,34.962753,56.449696
-5.200654,33.224770,55.523205
-11.790729,17.704374,52.326084
-12.418632,17.182781,50.641335
-12.886225,16.434853,52.362259
-41.420704,38.245708,55.874451
-42.406700,37.392540,54.720989
-43.501354,37.024517,56.445236
-27.155828,-45.823444,67.377296
-27.653601,-43.083447,67.376610
30.331182,-26.930637,45.427601
32.192970,-25.358948,45.804474
31.278036,-26.673382,47.120651
-48.339390,-10.927882,50.536110
-47.379032,-11.157602,48.753242
-47.736626,-9.169850,48.853519
34.168747,-6.545084,28.348000
35.069359,-4.849791,29.567127
-53.919647,-10.356801,55.115910
-54.091335,-8.606584,54.822983
-53.430939,-9.323565,53.245293
10.470436,26.225382,28.198395
8.951756,26.423714,26.563023
-2.752280,30.216427,64.531151
-3.500722,32.501160,63.465626
-2.823345,30.337530,62.269035
-0.484028,38.172562,64.858231
-0.580357,38.042557,67.378319
1.251739,37.535503,65.311317
25.475471,1.201086,27.719250
26.517448,0.111737,29.097742
31.728733,5.959255,42.751122
-16.720125,8.016725,22.538055
-15.595304,9.735508,21.069399
-16.773447,6.967810,20.658581
-28.928713,1.776567,16.225410
-30.633892,2.345645,17.468327
-30.705286,-14.396821,26.995014
-13.057766,14.994271,23.178776
-12.117135,16.328001,21.079153
-13.352830,13.867873,21.247938
-21.609556,-23.783157,31.925894
-23.288002,-23.422796,30.814774
-24.083780,-24.857092,32.402950
-12.879014,33.064785,41.524509
-14.956054,33.466980,40.460526
27.631136,24.233519,52.029495
29.513975,23.365496,52.982616
29.076378,23.057169,50.864555
-13.622795,15.719015,50.509022
-13.062455,16.576918,48.560799
4.825696,-33.907013,35.308632
5.407809,-34.682693,37.292545
3.128359,-35.117584,37.434185
-53.402378,5.302985,49.451157
-36.791145,27.928339,34.439419
-36.387791,27.362144,32.887669
-35.361122,28.894293,33.881844
16.848095,-37.894241,54.694485
15.513889,-38.891216,56.184269
15.430957,-38.457073,54.407585
-35.063427,2.193885,25.843405
-50.073963,32.008976,67.370056
-50.581268,31.525299,65.792297
-51.497837,30.279554,67.369865
-9.678473,33.450863,28.884270
-9.522753,33.755245,31.111376
-7.482308,32.885834,29.746944
30.992378,21.919840,51.523277
-55.573997,-18.445951,67.370941
-54.720062,-20.216681,67.371170
-53.422264,-18.927038,67.371307
-11.736764,-42.292137,67.380051
-10.221471,-41.199142,67.379982
-10.150007,-40.675308,65.952286
-7.700374,-19.312365,24.188501
-9.463671,-17.961876,25.284595
-38.322746,-26.720087,46.019707
-36.920990,-28.137756,45.866676
-36.922104,-26.705618,44.232807
-28.055967,16.618210,14.584874
-26.588358,15.886485,13.812662
-27.578756,14.654102,14.333150
-16.485037,7.155660,16.615250
-16.507317,8.557736,14.618262
-17.780365,6.685745,14.767999
18.909792,-27.217760,67.385223
20.291458,-27.365913,65.420593
-49.235142,27.976467,50.637012
-48.327007,29.058859,49.736553
-50.414268,25.704834,50.994827
0.785136,-19.142460,19.468449
-5.534002,-25.091469,34.590324
-7.494912,-23.905752,33.383320
13.206436,-19.823000,13.776465
14.670384,-18.594244,13.198212
27.663284,-25.210236,36.731468
28.483551,-25.525663,38.621407
19.852575,-27.065788,51.307327
17.497595,-28.288443,51.545887
18.881317,-28.101963,53.481770
11.293732,-30.685312,56.373009
10.779104,-30.479269,58.438850
12.942772,-30.386675,57.919746
-57.572018,-3.288042,67.370255
-59.313095,-5.198115,67.369736
-57.264866,-5.448759,67.370216
-18.833529,-7.016984,10.933003
-17.003164,-7.889112,10.005598
-17.691662,-9.205376,10.967132
-11.010083,30.017061,35.671764
-11.460041,29.810823,34.056038
-10.270687,28.764105,34.744595
-13.926565,-0.615992,67.378067
-12.547685,1.381524,67.378258
-14.896622,1.189817,67.377823
41.211971,-10.213983,45.249001
31.419216,-7.622106,41.699574
31.952623,-8.028870,43.416119
32.268906,-6.425038,43.215630
27.506393,-22.563946,57.979431
26.325558,-23.605097,57.222023
26.076101,-24.191172,59.080891
1.098801,17.135708,26.043800
0.875625,16.946703,23.987911
3.168297,17.196032,25.075615
-11.203320,-8.885893,44.378960
-11.567175,-10.322230,43.434990
-48.439022,24.069265,58.966560
-48.700104,21.541687,57.437897
-47.668594,23.932346,56.600788
18.323793,24.461794,34.774242
19.998466,23.398335,33.644634
17.886196,24.097559,32.641312
-37.459888,-13.351519,29.183054
-36.518749,-15.906834,29.528774
-38.486912,-15.103423,31.118504
-40.656940,-25.230537,47.581623
-41.565838,-23.778660,47.434025
-42.255669,-24.564905,49.184460
34.506287,-26.365646,58.722679
34.508396,-26.033121,56.842396
35.870369,-24.757547,58.165352
10.077677,-1.259162,1.312171
7.952580,-0.436938,0.668979
9.699858,0.510683,1.138770
24.133112,-28.026930,37.205814
25.637892,-27.830620,38.804249
23.822222,-29.252060,39.387299
-21.994404,-22.439785,30.097500
-20.314125,-21.893082,30.865929
-47.202621,-27.663294,53.075165
-46.726429,-26.765863,51.155384
30.908089,19.373415,42.605843
31.492929,18.292263,41.186443
-19.659655,-1.911592,51.721558
-19.310005,0.793367,51.426792
-19.774036,-1.040137,49.486706
20.091698,-33.293461,45.045380
21.434515,-32.326725,44.000710
22.289143,-32.492657,45.860401
30.192385,6.702738,24.488869
30.275946,4.334887,23.473690
28.971727,5.799188,22.181812
21.597158,14.617603,18.094147
-19.976006,-6.492556,63.057896
-20.003347,-6.636309,61.146847
-39.218250,38.354778,50.992958
-28.454254,-7.618105,18.478369
-29.368505,-5.944454,18.649893
4.609936,-42.324253,54.906475
12.393073,-37.510704,67.384430
12.210942,12.267230,17.893633
11.971972,13.247675,20.285303
10.303913,13.893185,18.440222
-7.391582,-21.413933,26.712549
-6.600984,-22.543978,27.822767
-5.979193,-22.037724,26.067604
-18.316153,-21.791037,19.591949
-19.284817,-20.166313,18.728302
-17.805111,-19.725723,17.477692
-24.988625,10.231712,12.969173
-25.890907,11.932799,13.453344
-24.552229,12.424863,12.767773
30.600485,5.225819,39.016602
-13.300154,-10.575583,36.924988
-13.464513,-11.908916,35.289391
-13.365606,-9.699325,34.924984
1.962097,26.306595,18.052954
-0.329795,27.056002,17.857121
1.233691,27.099432,19.198837
10.231836,-35.581341,42.118988
8.326858,-36.126133,42.333309
8.980817,-35.168205,40.278564
-26.301598,-31.816668,35.410080
-25.130371,-33.160809,36.501083
23.268215,-35.542343,62.009418
24.704073,-34.632771,62.860512
22.846392,-35.644253,63.742176
15.506273,22.565582,61.018742
16.459751,22.030539,59.400291
17.747320,22.302900,60.781075
-16.451271,5.848165,60.943077
-16.961964,3.848220,62.081753
-15.990629,5.308471,63.504692
-18.473612,5.935796,49.266037
-18.888199,5.253354,47.171425
-18.990452,3.997612,48.838509
41.180431,-16.788168,60.924870
41.700394,-15.539938,59.698544
-0.234077,-42.484058,52.703751
0.207945,-43.192970,54.789062
-2.315526,-43.428234,54.292500
3.287106,-30.625149,27.986774
1.057500,-30.653875,27.581093
3.071779,-29.694757,26.002495
14.567792,-29.575020,61.740334
12.303823,-30.049452,60.339352
-8.929192,34.858242,39.069244
-9.993447,35.567505,40.529396
-8.155354,35.016758,41.441761
-28.918364,-8.019787,22.417326
-27.591509,-8.784029,21.599911
-27.960443,-6.807556,21.158825
-9.618352,36.481026,58.320568
-8.922490,35.904293,56.672001
-7.467008,35.604527,58.509735
2.196848,16.355072,48.015858
4.613825,17.232574,48.226536
3.825378,17.143188,50.273010
-49.228230,24.986740,63.077431
-48.496540,26.007681,61.978470
-48.591637,26.610186,63.959011
8.761055,26.885391,28.125917
7.099759,27.672485,28.839455
9.229758,27.128214,30.300905
-36.541546,16.698469,26.421534
-37.622616,18.178049,28.114952
-37.680954,16.059467,27.835560
28.661383,-29.280146,48.703823
27.102995,-30.389862,48.563980
-21.771778,-44.781845,59.054413
-22.129642,-45.412144,61.160526
-20.092289,-45.349331,60.076344
41.643471,10.465710,67.388062
42.289154,9.293666,65.704155
41.663475,11.426223,64.730339
-38.409824,-28.611832,41.737614
-36.690048,-29.855057,41.296669
-24.487396,-26.651350,28.120657
-22.261108,-27.626814,27.889910
-23.886753,-28.620577,29.985125
44.196285,-4.256308,61.418381
44.091949,-5.849607,60.028538
44.223293,-3.803608,60.018848
32.710876,-11.777330,28.594172
31.874790,-10.424767,26.533205
33.419720,-9.413795,28.265541
-38.756931,-30.161306,51.058796
-39.845852,-28.656292,50.464573
-40.100380,-29.913725,52.658581
-24.477350,-45.223991,61.728767
-23.512690,-44.813522,59.930641
23.655022,5.835912,13.716639
24.320770,7.060159,15.480183
24.782154,5.276587,15.354441
-24.203962,-16.204975,19.295626
-25.429913,-14.543926,19.262934
-23.773819,-14.748517,18.085108
-53.257195,20.121632,54.013805
-53.164883,22.488495,55.500443
-23.439663,-38.155651,51.903721
-23.097397,-39.264091,54.497299
-46.570393,-12.616953,47.829189
-45.713795,-11.903793,46.118042
-46.626698,-10.572247,47.217220
11.782546,27.431488,38.348835
9.311927,28.065630,37.426220
9.954215,28.199955,39.701229
1.235627,-30.398476,49.786255
-0.195772,-29.935760,51.148979
2.346224,-30.589586,51.416557
-40.938469,-15.167401,40.543983
-41.667168,-15.951638,42.008152
-40.539085,-17.189941,41.153008
-38.835594,18.592625,29.971970
-38.634472,16.585518,29.238008
42.899143,-8.772224,50.524445
43.308121,-8.144673,52.519493
42.944771,-9.870310,52.348965
-36.455727,-30.871490,48.992752
-37.329967,-31.214851,50.715805
-35.667995,-32.168613,50.083694
-4.303702,-43.100597,52.827400
-4.149918,-42.172482,50.720074
-2.358660,-42.441814,51.869129
-19.619768,-2.730431,53.495834
-19.911045,-4.237129,51.872398
-19.794401,-4.464610,54.087128
-9.533628,-10.218173,67.379524
-11.685978,-11.544107,67.378922
-9.477423,-12.584787,67.379402
-8.429869,-22.537504,15.686154
-7.231415,-21.531164,14.266670
-41.352512,-32.445103,59.529423
-41.136719,-33.501740,61.539883
-39.674210,-34.213966,60.125969
8.528596,14.783632,17.847710
9.316406,13.831849,16.422516
-35.305882,-5.049893,28.269154
-35.367828,-3.210878,27.740240
-36.689861,-3.254431,29.490726
-53.607166,25.631374,61.021721
-54.472198,23.774443,61.414009
-54.424217,24.811188,63.168591
33.949093,19.451088,51.444992
32.451111,20.691563,51.206635
32.677055,20.960222,52.754963
28.392147,26.808434,63.529446
25.910471,28.000158,62.805733
26.506771,28.041836,65.510086
-41.328510,23.202206,28.054750
-42.602432,22.780478,29.979654
11.879727,28.325188,43.299591
9.807287,29.183716,44.341984
11.779504,28.929853,45.708500
-3.768201,35.815769,50.845692
-4.888335,35.653278,49.005287
-6.010445,36.594143,50.690834
-26.357214,-36.121773,48.485588
-24.570118,-37.151306,49.896957
-24.799952,-36.173496,47.831867
-51.991199,-3.975953,46.375282
-52.488163,-2.000053,47.175335
-51.821774,-2.629213,45.443386
10.162454,-41.045654,56.202274
-44.478916,-15.720261,38.677197
-42.893997,-15.926640,36.683147
-42.951336,-17.973909,38.019897
15.338993,-37.937008,52.643951
17.768396,-36.970848,53.034233
-18.669758,-17.743446,16.421530
-20.850492,-17.271372,17.567677
-36.001259,37.018208,61.997601
-37.722015,36.206043,60.531796
-35.983532,36.794289,59.862240
-53.012108,-11.460289,53.135891
-52.610847,-9.880784,51.016056
-52.151428,-12.523499,51.293678
-8.976750,31.612988,43.254482
-10.502725,32.827988,44.118752
-11.121655,32.601433,42.436218
-1.879256,38.069019,60.140564
-0.066094,37.629108,61.240440
-3.703250,31.150400,55.963596
-3.553638,29.551758,54.427345
-3.304327,28.837252,56.612556
-28.704573,40.792236,48.316879
-28.534929,40.514648,46.754795
-30.332672,40.511124,47.785324
-13.028748,31.213383,34.793232
-12.016164,31.340300,37.111401
-13.744867,32.186035,36.889832
27.460249,-10.241620,20.478642
27.786833,-12.030302,21.950111
-10.452247,14.309649,65.355949
-58.277943,-1.932196,63.047409
-58.638332,-3.611048,64.322044
-59.088898,-1.689799,65.131645
-25.231678,-4.399588,18.389446
-13.041206,33.061611,22.705833
-13.712954,33.764538,24.689991
-11.327026,33.097324,24.503979
28.318830,8.256495,22.590237
27.694592,6.932069,20.824190
26.907352,9.026107,20.973143
10.768042,-14.270156,6.804539
12.876531,-13.789572,7.327193
11.788838,-15.244386,8.088947
2.424682,3.804583,0.238928
-8.313192,-21.311403,50.885998
-7.368757,-22.479065,52.456665
-7.643305,-23.377714,50.436054
-27.182537,40.856239,67.374016
-25.635925,39.125931,67.374374
-24.639233,41.130787,67.374481
33.575714,22.533842,60.523628
33.829899,22.878654,63.098118
35.198040,21.489338,62.537575
-10.445940,4.255662,3.963226
-11.635671,19.296852,16.598219
-11.234203,19.778141,19.048342
-11.827394,21.532314,17.442493
-21.538805,-41.535599,49.845085
-20.872393,-40.641155,47.307823
-8.596100,16.275660,67.378365
-7.652342,18.124599,66.111061
-10.809646,2.184744,35.437668
-10.023215,4.372252,35.743340
-10.210346,3.264127,37.506393
11.205112,-36.645237,45.525833
12.682083,-36.812588,47.044960
10.700642,-37.272785,46.739704
-30.446959,-7.093220,20.035898
-30.744349,-4.882117,19.490669
-2.932985,15.743158,36.639286
-3.599022,15.342235,34.881836
-2.005559,16.582573,34.766205
-16.228447,24.471975,12.039916
-18.367380,24.739359,12.399620
-16.704613,26.580629,13.124934
34.037918,20.040339,53.595150
32.951694,19.794086,49.619835
7.943392,-36.987309,44.256012
40.764114,13.269107,61.041130
-48.862122,19.829023,41.040764
-49.829494,19.477135,43.499443
-49.230228,21.797247,43.681725
0.218311,-24.976265,62.111591
-1.849779,-23.634512,61.169231
-0.942752,-23.002449,63.587463
31.289343,-29.760382,61.391338
33.070023,-28.120573,61.972561
32.111420,-29.067814,63.341671
-30.333290,-11.023465,24.952513
-28.471273,-12.024044,23.731325
-29.194958,-9.570962,23.286963
42.372379,6.266212,52.082981
42.150566,7.795568,53.958508
42.852436,5.795506,54.525536
7.894078,-27.838053,23.860523
9.370154,-26.996937,22.878841
9.514022,-27.777800,24.557381
9.340573,-41.960491,62.724480
11.087980,-41.390011,61.954941
10.690709,-41.378944,63.974182
-23.359007,37.704720,35.305676
-25.902079,37.367115,34.218502
-25.077827,38.057606,36.375652
1.289053,-24.649284,64.215820
29.832834,-29.983507,55.064674
30.173676,-29.390205,53.640263
31.108377,-28.957909,55.291882
20.689095,-10.269368,23.491821
19.851742,-11.660052,23.870882
21.484728,-10.331787,24.945868
15.246016,-23.852688,21.139494
16.401976,-22.551958,20.035414
28.616222,26.260775,61.359665
11.937899,-16.890854,9.727983
13.481307,-15.257412,8.920685
-13.824867,24.378241,17.129091
-15.990436,38.447163,67.376205
-16.553684,40.402523,67.376030
-2.568000,36.070377,52.910736
-3.574305,36.978569,54.509033
10.319262,-10.954897,4.280871
9.657081,-12.778089,5.233221
6.637298,-31.965881,31.866850
9.105537,-32.137756,33.278316
-31.773706,-27.481470,34.003880
-30.264120,-28.829660,34.345177
3.046929,29.049496,28.196341
3.680819,28.507982,26.633064
1.240972,29.608292,27.666586
-43.369019,23.579420,31.896305
-37.251686,39.978806,54.751202
-36.549522,40.447041,56.353546
-35.667007,40.567715,55.105751
24.399162,-15.351374,20.017281
23.526674,-17.471746,20.962826
-37.868423,3.091892,23.648434
-39.634979,4.757386,25.036963
-11.398566,21.916002,19.441761
-12.288466,23.309441,18.191059
1.508836,-22.558256,24.151819
-43.466099,-2.681870,39.518223
-44.187630,-4.389447,41.174927
-42.779137,-4.311263,38.840466
-59.520065,7.929230,67.369209
-59.146610,6.725355,65.340477
-59.607578,6.076374,67.369255
-12.353573,-46.152199,61.958111
-13.766468,-45.868752,60.505867
-11.582299,-45.767670,60.142647
21.545019,30.130150,65.252640
19.262119,30.972168,65.414093
20.742189,30.451458,67.383286
-18.491337,-8.217926,22.057344
12.847512,-2.019789,10.366592
13.892408,-0.785133,11.065313
37.811218,18.662876,65.901001
37.669201,18.790947,63.495041
36.507809,20.369480,64.620567
-30.917997,8.002949,16.832817
-29.375299,7.783952,15.773584
24.250061,7.240012,31.543930
25.773708,5.438300,31.577374
25.620388,7.354802,33.376774
-17.754374,1.747295,18.910793
-17.905365,1.244332,16.990150
-17.901754,-0.164968,18.224049
32.680386,-25.621048,48.012737
33.854858,-23.963842,46.678520
34.257011,-24.415827,49.278076
4.549492,27.316830,23.482986
4.740124,27.806124,25.371428
20.880213,21.816763,30.415804
19.507196,22.910728,31.428167
21.725266,22.057571,32.389858
-56.896572,13.730041,61.104271
-56.457001,11.563396,59.200863
-57.507084,11.150220,61.784367
-6.135326,-31.661957,29.152609
-8.552060,-31.754774,29.504717
-7.802690,-30.760357,27.599049
-16.074472,11.890668,50.166096
-14.827104,14.019396,50.513527
30.737303,10.872552,47.683861
31.072756,9.525816,45.904819
31.851658,8.973391,48.081821
37.974121,-8.733041,36.585796
37.913799,-6.483330,35.565903
38.503002,-7.240018,37.107227
-18.594223,-20.344341,49.990807
-17.871176,-22.015827,49.130726
-17.576996,-22.234951,51.561798
-7.111577,-20.819071,25.436302
-5.742156,-20.936239,24.137100
-33.389198,-42.711502,61.556080
-35.254333,-41.759407,61.101536
-34.240112,-41.549114,59.362724
-28.189211,-0.258413,19.453686
-29.573305,-0.123569,20.606205
-28.860722,-2.063245,20.466652
-4.630427,-39.832031,45.600166
-6.061074,-39.891895,45.389355
-5.082298,-39.144630,44.030605
43.044819,-11.592629,61.350239
42.498402,-13.459146,60.293484
-3.718826,-14.420484,16.395838
-5.436275,-12.861129,16.459766
-5.543369,-14.329364,17.583553
-23.054718,-7.743281,18.393627
-11.413542,26.756973,26.913414
37.793396,-17.637228,67.388405
34.875565,-17.598686,67.387863
-27.971832,-35.234966,40.964779
-26.210297,-36.518810,41.824776
-27.971251,-36.685432,43.196033
3.129146,-30.205271,67.382385
5.134637,-28.065426,62.184227
-15.987699,11.459430,52.662395
-15.255332,13.019323,52.085995
-21.160093,38.960793,63.952385
-18.892565,38.861973,64.976463
-45.479012,-16.685314,40.664631
-44.263966,-18.197256,39.918503
-29.013460,18.331944,18.984436
-28.464510,20.460861,18.978794
-29.710264,19.534624,19.796469
18.533319,-23.453659,23.549742
17.947786,-24.977772,25.656765
28.302397,-14.446514,41.618816
29.505709,-13.687440,42.877529
28.893385,-12.734090,40.972805
-18.907572,-8.330571,26.345772
-18.910322,-10.225096,28.094587
-19.217503,-7.983701,28.384407
39.299610,-3.158679,38.298668
38.321987,-3.693235,36.040928
38.555779,-1.162919,36.741943
17.843477,-37.982433,57.139015
17.552691,-38.472652,59.116543
16.132025,-39.068466,58.468235
-29.389074,41.274754,51.674194
-28.064722,41.057518,49.825745
-30.039808,40.881218,49.651459
-4.426270,1.022401,5.406681
28.155001,2.145724,32.614109
29.120613,0.214700,33.628998
29.559065,2.039824,34.940769
-10.686980,3.265857,29.233664
-9.966881,5.358834,31.804886
5.067996,-25.793325,67.382576
-19.007311,2.984906,50.614777
-19.450644,1.646226,48.831749
-8.640118,-22.189884,48.726700
-9.077665,-22.989952,45.990211
-9.585123,-20.505384,47.298004
15.379868,-29.224258,51.861332
16.042147,-28.427912,49.857571
13.958035,-29.240513,50.051666
-16.840881,38.610302,64.060913
-14.664353,38.266941,63.331692
-15.175311,38.393215,65.466789
-36.772984,30.332960,38.967297
-34.932068,31.729588,39.389191
-36.505527,31.445723,41.102043
-24.104702,4.128407,12.625731
-22.399891,4.280730,11.610384
-22.996828,2.605950,12.029087
-32.069759,-2.381861,23.635260
-31.129095,-0.804520,22.237051
-32.891979,-0.439114,23.982409
30.436016,-12.549351,25.766325
-24.127151,-36.510971,40.802433
-22.867620,-35.916759,39.374683
-22.340046,-36.844299,40.614559
-37.371536,35.588226,39.496040
-38.434116,35.967636,42.113312
-36.652042,36.778801,41.491096
-8.471108,30.425577,41.770172
-10.322033,-28.897116,24.800352
-11.907686,-29.054773,25.484585
-10.775191,-28.032009,23.518358
-34.536350,-0.488722,25.886116
-35.829044,-1.224010,27.733923
-0.777851,-17.939032,18.384893
-17.869442,33.509701,37.570827
-19.945498,33.678959,36.974350
-18.753958,33.189079,35.253109
-8.218865,30.905045,20.365826
-7.596332,29.776838,18.397747
-9.477979,30.274185,18.215509
-25.781410,-35.236370,46.369896
-35.038902,-27.736454,37.169598
-36.465313,-27.257587,38.111378
-35.913506,-26.085630,36.343258
31.374395,-18.997660,67.387253
30.833099,-19.813644,65.866249
30.038427,-20.533154,67.387062
-13.376310,-29.960644,27.407335
-11.410524,-30.239187,27.346956
-12.749266,-30.814995,28.643806
-12.278998,-44.313107,67.380028
-50.696251,-21.502178,67.372032
-51.749382,-22.697756,67.371826
-49.760143,-23.464403,67.372215
19.179737,-13.564288,11.861027
19.764477,-12.181743,11.383167
20.771833,-12.486952,12.859674
32.002186,-13.734839,28.919462
31.596334,-12.568645,27.439474
-25.831188,-41.286552,51.651756
44.165710,-3.401858,62.932930
43.970119,-4.458441,65.095894
44.050537,-5.599273,62.766914
-39.229858,-7.346956,34.510353
-40.522320,-7.661686,36.517990
-39.377743,-9.306914,35.509300
-33.127186,-34.642090,51.526524
-31.091999,-35.691032,51.474178
-21.929707,-41.178589,58.825611
-20.665127,-40.637188,57.389961
43.930176,2.478251,62.032463
43.622784,4.372443,60.278900
43.500561,5.005179,63.201893
4.514144,-25.924480,19.131813
6.877321,-25.325035,18.854727
5.883643,-26.755157,20.959490
-33.800980,10.835122,23.092098
-33.907902,9.217271,23.329340
-32.758926,9.894912,22.068548
-34.011448,41.941349,65.938126
-35.564636,41.516403,65.517120
-35.198647,41.549515,67.372482
-17.309370,4.037120,60.203102
-34.712467,-25.825590,34.923164
-35.394569,-24.338282,34.191071
-8.817109,36.631855,65.487267
-7.874630,36.257835,63.564342
-6.704423,35.532001,65.439880
40.789597,-3.318516,41.636925
40.049000,-2.678755,39.975594
40.430302,-1.226084,40.976845
-14.126263,-39.310436,57.326626
-14.901622,-40.357460,58.791973
-12.781046,-39.384716,58.933632
-43.142342,8.552938,36.970196
-4.191326,-23.463083,57.908474
-5.598101,-22.718699,56.253090
-5.501327,-20.916971,58.369907
-9.656881,32.330517,23.282877
-11.195004,32.526287,22.485727
14.879301,16.094326,10.734927
14.158193,15.350921,9.223838
13.272590,16.923134,10.314510
-20.615393,0.832643,10.675566
-21.012951,-1.238689,11.115252
-22.880644,0.642249,12.124480
-19.990541,-12.737775,60.206440
-20.156595,-10.893148,61.444439
36.467693,11.758767,40.832008
37.639641,10.076502,41.445522
36.732788,9.770218,39.131268
-11.259687,25.127241,12.316319
-10.494611,23.375259,11.211127
-12.726746,23.459257,11.378996
6.330043,3.545777,0.520635
5.373473,5.640326,0.728275
7.229446,5.464257,0.952916
14.757018,-19.759752,29.377262
16.830725,-18.336906,29.811508
15.769645,-18.131651,27.825722
-16.272549,-42.932678,63.892242
-14.899879,-43.219849,65.743240
-14.051840,-42.400211,64.098869
-39.914104,-34.793823,51.452217
-38.235641,-35.247078,50.188381
-38.642780,-36.300697,52.556747
-21.136286,37.758434,36.168331
-10.152833,21.981728,31.194048
-10.907743,20.186775,30.214876
-7.608862,-24.956142,37.629681
-10.004675,-20.726921,45.578018
-10.111917,-21.807579,44.016876
-2.279101,15.265045,18.545155
-2.885875,15.182132,20.882357
-3.997795,14.080047,18.960688
-29.041510,-29.812819,34.616337
-27.457214,-30.294117,34.160191
-28.266119,-31.152843,35.699711
-22.289740,-25.696199,33.714619
-34.320320,-10.099727,24.756855
-32.436253,-10.049889,23.032930
-33.207512,-12.241983,24.686913
-32.528900,-30.514286,43.880600
-31.963858,-31.792404,45.154758
-30.891405,-31.353924,43.505798
-10.875634,-6.812118,45.066807
-11.415678,-6.577446,42.946217
-10.760492,-4.904923,44.745445
22.272333,18.492382,52.292763
21.343784,18.243629,50.693150
23.605520,17.572735,50.951786
-8.822749,-19.876867,26.532261
-41.413006,34.312122,61.388073
-42.166405,33.586353,60.220879
-40.888405,34.320251,59.151642
1.576774,23.049442,12.461878
3.159138,23.655783,14.013823
41.671810,6.903407,49.648399
42.534950,4.316129,50.099541
-10.147940,25.760422,30.437378
-10.380147,27.081789,31.452806
-10.935998,27.084450,29.355068
-17.771425,10.000302,39.215733
-18.332035,8.671339,40.575352
-17.514925,10.282989,41.640972
4.835971,20.193970,62.742535
5.605890,20.136812,60.360924
6.520330,20.872585,61.671841
-19.833017,-13.388916,62.538197
-19.451658,-14.639697,63.936131
-19.842403,-12.984490,65.042892
-41.097847,-15.998279,34.498203
-40.407421,-14.308423,32.819916
-39.499687,-16.596582,32.992989
7.189396,-23.927244,16.753614
8.230186,-22.731031,15.419361
9.463524,-23.311781,16.684782
23.846851,9.092602,33.397697
22.449442,8.883392,31.446276
14.625012,22.097656,22.195290
15.813591,20.891035,20.977522
13.676844,21.799931,20.138094
18.235102,4.169276,17.529943
-23.250654,35.170799,43.242611
-24.832453,34.968674,42.201344
-33.212582,32.513821,26.616117
-32.151257,33.742615,28.008318
-31.621897,33.091381,25.754946
15.183539,20.501862,19.161068
13.605503,20.806082,17.649565
-2.624256,4.711441,3.548794
-4.543079,4.381574,4.554425
-51.505894,-8.054389,57.239761
-21.457836,-36.857830,48.535656
-20.282749,-37.319748,49.569946
-19.908861,-36.381790,47.698261
-7.841015,-2.983289,62.873047
-7.880322,-3.699950,65.057968
-7.893591,-5.190237,63.839359
34.097107,3.188455,29.027304
33.544659,5.268389,29.083582
34.836563,3.926839,30.717129
-42.526176,-33.886219,53.644161
-41.425976,-33.574024,51.525566
-40.789692,-35.057198,53.092442
-17.003689,-24.032824,46.554581
-17.283207,-23.585484,44.997509
-16.251043,-25.905960,45.734932
-42.160839,12.786677,26.785969
-41.126579,14.583960,25.463305
-40.681019,12.630793,24.958792
-6.446263,24.861341,45.518345
-5.850965,27.067312,45.140541
-6.588053,25.750412,43.388969
-14.332851,-46.533554,65.128059
-12.855379,-46.392906,66.141037
-43.867725,29.347185,53.177063
-42.751705,29.730644,51.117741
-42.967743,30.667440,53.353619
9.243226,-29.131443,27.221594
7.287947,-29.524803,27.069334
3.307769,-28.778708,24.104628
1.408929,-29.008982,24.203823
-9.476909,-22.469933,33.313847
-10.771737,-20.739819,32.545715
-11.084509,-21.068384,34.623966
-27.590616,38.741779,62.969978
-26.555563,39.005383,65.217796
-29.243071,38.756367,65.222130
-12.170307,-5.951981,27.335833
-11.695770,-4.613052,25.495106
-17.809992,-22.669857,40.472591
-6.760710,5.472075,2.184500
-5.076754,4.572045,1.367304
-7.107798,3.577470,1.871838
-38.427185,30.455191,42.395626
-40.290241,29.086699,43.841152
-10.239169,-23.292112,17.144508
-10.761485,-21.706194,15.668647
-17.447676,-40.004021,45.027702
-16.377609,-39.511303,43.874256
-15.789784,-40.612553,46.117649
-31.893711,34.683819,30.237911
-33.977482,33.482933,29.953287
-33.536423,34.662155,32.242184
31.463652,10.347435,49.674252
32.365135,8.465140,49.827015
3.535842,29.767536,36.060169
-45.404213,-21.936766,44.517612
-46.184753,-23.137966,46.779095
-28.428738,-24.097069,32.983685
-26.368326,-24.200865,32.076385
-27.220968,-22.855177,30.971024
27.772617,10.070680,39.651489
28.982460,9.964004,41.509575
27.698172,11.384693,41.552231
-1.640327,-31.183666,28.294285
-3.937685,-30.864109,27.532349
-2.520724,-30.264112,26.342335
-15.398241,33.623814,22.698067
-17.846046,34.341137,23.696112
-16.139193,34.436630,25.362494
38.057816,6.051393,38.706741
38.745953,6.655271,40.750957
39.219345,4.347529,40.164726
-42.585487,-31.903419,61.121685
-17.589130,-17.830410,67.378021
-16.435879,-15.322968,67.378159
-18.476717,-16.283829,67.377808
11.204291,16.044317,31.455376
12.766176,16.017349,33.373604
-33.891403,40.960629,54.529926
-34.537037,41.047665,56.435455
-32.382198,41.513966,56.284462
6.233966,-6.261150,8.999373
7.805297,20.166601,57.120770
6.813271,19.219393,54.977165
8.701672,19.680380,54.690632
-51.967396,-7.578463,47.886875
-28.301254,-39.036671,56.648842
-29.489889,-39.249302,58.090202
-28.170378,-39.821865,58.407646
14.396055,-6.105084,13.521573
15.955499,-5.980512,14.918200
15.113397,-3.872530,13.253097
-18.061325,9.485702,37.137833
-18.633373,8.157419,38.586456
-15.220654,-30.464794,45.062435
-14.595716,-30.643999,46.457146
-14.902101,-29.243404,46.249008
19.126604,11.365561,31.263382
18.757561,12.334010,32.517025
-3.880730,34.830456,47.593147
-4.028784,34.277088,45.415478
-5.756415,35.350658,46.863247
20.294584,28.763388,55.712822
18.709368,29.802784,57.305126
21.023781,29.115782,58.218456
8.238770,21.702187,62.194008
-9.065380,-10.668048,55.919292
-9.064913,-8.829666,56.415520
-8.718280,-10.003078,57.759155
17.640154,16.982311,42.961704
16.996120,17.597084,45.374653
-23.424763,-11.481866,16.020386
-21.773085,-12.835052,15.484495
-23.076628,-13.478770,16.826769
38.695583,-21.085133,58.628296
39.293095,-20.293301,60.237110
38.223103,-21.974012,60.585915
-50.017445,-22.596302,65.971619
17.631733,30.665739,59.186222
16.438644,30.652418,57.426620
15.255059,31.521774,59.192257
41.860863,5.089185,48.041553
41.228947,6.861662,47.816956
-10.089711,31.924217,21.561804
-10.701097,31.386198,19.714106
-12.292492,32.258408,20.813498
-32.813187,8.269454,22.262955
-23.551905,-19.357809,20.979168
-24.449915,-17.647570,20.441916
-22.562933,-18.140265,19.389244
-53.736397,24.455986,59.605053
-52.754452,26.194654,58.692478
-53.450176,23.849056,57.801609
-38.347420,24.406639,32.548103
-39.550285,22.375624,32.948933
-6.964164,9.053111,12.208900
-6.329766,9.509315,10.053940
-5.679103,10.829361,11.646874
-17.606388,33.682671,21.637081
-16.171469,32.944229,20.309166
-18.760342,32.992672,19.726316
33.778713,-14.154100,32.096394
35.047199,-13.002130,33.471134
34.322639,-15.100481,33.912075
-9.087948,32.649544,25.460571
-10.355973,33.282425,26.805931
-53.149616,15.996840,65.610252
-53.341118,17.235399,67.370018
10.301650,-30.077206,49.549595
11.800119,-29.340874,48.224277
9.332782,-29.871914,48.072021
-11.049317,-14.855734,44.992668
-12.233463,-16.824362,30.922815
-12.573030,-17.374580,32.984028
-11.582661,-19.021040,31.700504
31.408258,4.942215,25.413370
-19.390343,-8.928801,11.993204
-53.572769,10.044466,50.686550
-54.200233,11.017000,52.922146
-53.587486,12.502439,51.389790
-12.689503,-17.934340,35.014946
-11.934132,-19.367426,33.758602
-15.204171,-17.597807,67.378464
-16.546061,-19.413420,67.378174
-8.392858,6.374087,17.794909
-11.757060,-14.334150,42.969662
8.490838,18.467472,50.312325
7.763355,18.010462,48.411961
9.905103,18.301523,48.316574
-39.973763,13.981810,24.071236
22.275869,-14.217678,32.342602
20.550280,-15.921829,31.930494
22.255884,-15.448547,34.134377
-35.607140,32.705807,42.861340
-37.120522,32.031570,43.600842
-20.151001,-12.195457,43.365135
-29.374311,23.108786,15.770106
-29.447201,20.639116,15.497091
-31.183962,21.863983,16.669548
38.910309,16.771904,67.387314
38.923599,17.042572,64.698769
-46.724117,25.798326,55.867172
-46.888813,24.143036,54.733475
-45.958591,25.642925,53.718670
-14.984572,-35.668282,49.662155
-14.540990,-36.401012,51.456379
-13.373185,-34.880951,51.037762
29.676579,-19.075558,55.654053
30.801662,-18.016541,57.841633
30.997471,-16.833847,55.744022
-16.206322,12.458082,33.897171
-31.021679,-37.326069,55.021317
-32.308117,-37.642315,57.103542
-30.157768,-38.432835,56.770760
-19.475618,-18.848602,17.782270
-36.395287,-9.682785,26.527903
-37.358425,-11.211936,28.119865
-38.037907,-9.735858,28.165785
-15.337417,13.307813,11.571377
-13.825393,15.766837,11.851740
-43.274296,38.039837,64.042030
-41.432076,39.077190,63.456692
-42.385780,38.485233,62.051792
-37.043617,-41.661472,63.506836
20.829687,21.909199,62.473026
19.939423,21.796885,60.629635
21.782316,21.186888,60.856339
28.433496,-30.773298,53.739098
29.246935,-29.684128,51.871315
2.691235,-27.409575,21.336756
3.962151,-26.888588,20.682556
11.178285,32.784214,58.380814
12.586537,31.970718,57.197048
11.123996,32.174141,56.128197
14.588556,-30.102749,57.154873
16.122347,-29.687901,57.248058
-38.556053,11.639006,28.970745
-37.686558,10.225807,27.862289
-37.599274,11.993911,27.616007
-30.615065,-41.585751,65.457443
-31.718538,-40.626297,63.860390
-32.184219,-40.969009,65.772133
15.768981,11.685719,7.361451
-20.578272,-5.083963,39.393829
-20.582489,-5.569634,41.683350
-20.577858,-2.674385,41.122654
-34.969875,-21.515509,31.544935
-34.150784,-23.475294,32.264893
-36.014782,-22.185015,33.014946
-37.972233,20.030628,29.172945
6.060848,17.801617,49.729469
22.793530,4.267864,25.540068
21.079485,5.815913,24.260798
22.117937,3.545429,23.373306
9.134770,-22.369854,28.032202
9.073615,-21.557362,26.314924
7.415726,-22.539003,26.869495
-15.282813,-11.159138,10.295381
-16.828382,-10.575487,10.982284
-16.262777,-9.263136,10.042087
-27.220058,40.791821,48.094051
2.238652,21.870287,11.168158
0.458617,22.011665,10.918149
38.681259,17.126371,62.097939
12.438549,-29.472227,62.584770
10.832411,-29.624540,61.844868
10.608416,-29.029385,63.550220
-7.129065,26.502888,41.153202
-7.523962,28.857876,41.382328
-7.952786,27.784132,39.362640
-9.376590,13.643411,6.705046
-11.333530,13.505550,7.324851
24.161427,-26.976049,35.298439
22.584700,-28.220381,35.770828
22.766199,-27.194016,34.110874
-21.349825,-21.408775,21.080673
-20.271740,-20.988874,20.054167
-19.816183,-22.759195,21.371885
-9.623022,0.680588,45.674694
-9.768991,1.406580,43.660538
7.186859,-30.995890,30.093863
-36.867718,-36.511791,50.882099
-20.195696,1.736822,41.367130
-20.254349,2.066590,39.209419
-20.486881,-0.153045,40.022926
-7.589163,2.446000,57.941761
-12.207211,14.990365,15.018023
-12.640770,13.899031,16.041405
-12.172126,15.210413,16.992634
-5.117709,34.232697,60.408787
-6.940635,35.699787,61.461922
-6.157350,34.945667,59.534153
-43.738636,3.074795,30.252047
-42.682156,1.913457,29.239889
-43.553471,0.511170,30.731625
4.184392,-14.304902,5.314491
5.662579,-13.879812,5.132444
5.330172,-15.303335,6.283464
-55.101662,21.684546,61.198551
-54.255474,22.894381,59.453316
21.644386,-2.736373,9.382453
20.972239,-0.600558,8.339355
22.321388,-0.603666,10.216116
41.676945,9.442612,54.975460
41.204552,9.778458,52.970325
-4.931541,34.200214,62.502041
-3.671515,32.519299,61.175125
18.324055,-27.280233,49.352020
20.203508,-26.130215,48.822536
18.287643,-26.543467,47.148598
-49.212093,-0.015036,39.334957
-49.216335,2.354837,38.845360
35.337154,-3.502936,63.167652
35.331917,-5.488336,62.737293
41.692215,-12.111820,48.956478
42.393360,-10.946926,50.589520
32.792938,5.600801,46.826336
33.200424,3.919288,47.197403
33.257027,5.053099,49.109715
-31.844294,40.433987,48.848183
-31.740776,40.837425,50.977501
-50.891880,7.203171,41.984741
-51.554684,5.917086,43.638359
-51.685257,7.847075,44.098404
-11.565440,34.540352,31.849436
-12.817445,34.785065,31.140001
-12.756564,35.183819,33.371853
-30.431334,34.835583,29.074594
-29.638861,35.702446,30.908310
-40.804291,3.269708,33.690758
-41.748913,2.802998,35.305279
-40.913288,1.009427,34.403839
-49.237118,9.829058,38.390076
-48.838409,7.855527,37.537937
-49.767284,7.715316,39.399136
-20.166883,-8.103420,52.623722
-19.998421,-6.266944,53.373722
-20.131060,-6.425775,51.268204
-23.588757,-35.677643,46.386845
3.618517,-23.983902,16.101097
43.887585,-7.567800,61.207794
43.788353,-8.130106,59.392803
1.850342,-43.524609,56.718662
0.833384,-44.199944,58.938553
0.086603,-43.891560,56.882324
-47.150921,-2.157630,46.495285
-48.065712,-2.773968,48.585739
-8.548138,-45.961178,62.131294
-9.406230,-45.623936,59.823929
-7.636696,-45.674007,60.606472
-5.139618,-16.495495,65.463707
-6.101106,-15.034124,63.667656
-6.233995,-14.072335,65.479561
-1.981664,-33.347736,32.549797
-3.069870,-34.152428,34.027191
-3.906476,-33.421246,32.510616
43.007957,6.878001,64.984428
43.398197,4.563144,65.487724
-11.638278,34.226574,29.999477
-19.024492,-0.064460,55.708469
-19.349894,-0.818362,53.525974
-19.372772,-1.830350,55.228798
27.539879,17.114655,60.149200
26.010937,18.365314,59.345360
27.001661,17.330772,58.001015
32.101810,9.426582,29.639122
33.347389,8.780783,31.293285
32.957500,7.505332,29.614847
9.460438,-13.043305,15.108560
8.072986,-14.574184,15.966943
9.756584,-14.875954,17.178711
32.088276,-18.159559,65.283905
-20.837841,39.025780,67.375275
-6.248252,-25.917162,38.636314
-7.766110,-25.242449,39.393822
16.083218,23.419180,65.806282
18.679272,23.016914,65.513863
2.132549,-1.656372,5.534832
1.652308,-3.258987,6.452456
3.526343,-2.990321,6.488176
3.059630,30.246511,38.536530
1.663659,31.176413,41.406384
14.300388,-18.376247,26.247416
15.409364,-16.953665,25.311611
13.368826,-17.933708,24.401405
-17.451033,-26.119421,23.636997
-19.673113,-25.588463,24.180962
-18.715246,-24.500259,22.416130
21.423031,-36.583035,62.367626
-12.913967,-37.061768,54.851486
-12.100445,-35.442905,54.157433
9.219061,-41.816986,64.453049
9.955464,-41.173122,65.813431
8.162248,-41.865929,65.705887
43.344269,-9.019144,65.458977
-28.331652,10.633286,18.065149
-29.268227,12.573565,18.801231
-29.801479,11.138025,19.274786
-54.942890,-19.190826,65.435150
1.148539,13.903644,4.271011
3.762852,13.119876,3.723414
25.588427,24.939535,50.462791
26.718494,23.888548,48.703617
-1.834781,-29.454189,49.735428
-2.152070,-29.437923,47.914604
-21.120373,27.457840,18.233505
-19.876183,26.384207,17.082878
25.199833,-16.345213,21.997705
-57.498554,2.709957,60.754890
-57.971180,5.073409,61.903801
-57.075573,5.529013,59.823444
27.243570,12.386404,24.646082
27.771767,13.180161,26.345402
28.650383,11.688642,26.092823
-0.969293,17.047649,36.812695
-0.412677,17.420710,34.767448
-17.069834,16.259056,9.957600
-18.833513,14.346339,10.354019
-19.459265,16.678892,10.834469
-25.756567,-29.673546,38.082123
-23.174519,-30.209335,38.343010
-24.202866,-28.755566,36.705509
-33.775345,41.976414,64.046356
-28.642101,-44.175743,61.304390
-31.233870,-43.716633,62.206543
-29.852997,-43.171036,59.487240
-21.944405,-19.915409,20.295452
9.717474,-30.858757,54.541973
9.177526,-30.752136,56.769463
30.647764,-30.298927,63.763554
-5.012336,32.053200,29.714190
-4.329978,31.565441,27.949909
40.790085,12.630423,67.387825
-3.118567,-40.707691,67.381630
-1.318399,-39.550865,67.381905
27.659096,-28.221952,43.090370
-8.501770,24.933090,36.872547
-8.288085,26.813892,37.748932
-9.064106,27.074158,35.747097
31.147003,-29.583292,58.889545
29.547850,-31.089916,60.159458
35.294067,-0.790970,29.977850
33.009228,-1.853793,43.947319
33.486294,-1.355954,46.589802
33.223091,0.064337,45.021561
-8.026348,9.828338,30.372894
-9.033777,7.742010,30.826649
-8.744168,8.419051,28.794750
-3.727117,11.684709,56.144329
-2.551381,13.206114,55.286049
-2.861781,12.786672,57.127125
-21.887486,43.139812,65.477516
-20.217892,43.035000,66.081619
-20.248327,43.024761,64.380898
-26.392647,-12.840405,19.132090
-27.558521,-11.871322,19.622349
-47.891544,2.261612,48.354450
27.669096,17.148151,62.587860
26.577740,18.359375,64.578804
26.036781,18.761642,62.478687
-54.902866,10.898279,67.370018
-55.245674,8.728513,67.369926
-54.286400,9.889452,65.301521
21.856335,-13.498857,30.380064
20.433893,-14.472335,29.259451
-38.190098,10.526751,22.484472
-37.779274,7.932559,22.509518
-38.897633,9.067391,23.410931
11.693301,26.154999,30.144426
-34.821144,19.842665,19.107628
-35.788971,21.534735,20.199652
9.503715,22.320990,16.194679
10.799441,21.018703,14.772765
8.996840,21.660536,14.298148
-21.504391,-35.366600,38.061489
-19.582935,-36.084476,38.544704
-20.893391,-36.543156,39.621525
-39.285522,-23.408401,37.521198
-39.919247,-21.295025,36.587006
-38.490505,-22.177397,35.610878
23.859156,-8.360499,27.196444
22.570461,-9.031559,25.393633
22.413427,-10.597337,27.059410
-35.051746,37.802353,42.146687
-35.125866,38.446438,44.343994
-33.357025,38.720337,43.120968
27.511753,23.794315,50.112003
-19.403046,-44.711628,57.863426
14.617339,-28.326473,47.857372
12.984335,-28.117502,45.700920
-15.865601,20.857773,10.712260
-15.350666,22.064669,11.003852
-13.872326,21.584415,10.641545
-31.678511,-8.489316,21.694374
-33.599827,-8.219954,23.324339
-26.847719,42.154293,56.729916
-25.061670,42.203297,56.830200
-26.431137,41.897568,54.825878
-20.930485,15.284137,11.228079
-21.041935,12.938787,11.114515
27.588505,24.899042,54.247040
29.586168,23.986767,55.321419
25.118279,-8.823343,30.344992
23.972689,-9.655328,28.995918
24.319395,-10.637692,31.023680
-50.824635,-27.458555,65.595871
-50.326828,-27.746918,63.477791
-49.533939,-29.468206,65.096046
-2.771359,-29.378670,24.570572
-3.943278,-28.856024,23.622889
-2.266665,-28.591852,23.069368
-21.993530,-35.024326,45.039673
-22.570061,-33.546696,42.639416
-24.161104,-34.636143,44.593876
-32.575314,16.107290,17.349722
-30.904230,15.283268,16.267536
-33.146034,14.137943,17.877506
-33.330921,-40.730175,67.373917
-31.555441,-41.623013,67.375999
-5.703423,22.950272,59.581230
-5.954340,22.116154,61.479652
-6.897564,24.132854,11.878400
-8.739066,24.510479,12.042320
30.437912,13.163049,55.707989
31.175220,12.043391,56.177429
30.604120,13.051499,57.403568
41.238136,-7.384921,43.576378
41.836815,-7.753403,45.450882
41.095924,-8.799941,43.907288
-55.042545,4.902202,65.883095
-54.294182,4.825303,64.041550
-54.635609,7.173418,65.331749
38.843983,-17.056768,46.493168
37.713638,-17.877022,44.488098
38.944324,-15.658970,44.595989
-34.880165,14.520669,19.153961
-36.311123,13.745265,20.396807
9.720194,34.263050,65.233582
8.470129,34.703152,63.583916
-7.172350,2.965971,7.955385
-6.275044,3.906303,6.286904
-7.441512,4.612679,8.382224
-41.682987,27.105215,44.093983
-42.630898,25.348854,44.279282
-41.776123,25.765366,42.247963
-6.794569,27.118782,14.793746
-4.161502,27.309357,16.057735
4.080503,36.183872,67.380051
2.156924,35.146225,67.379761
4.082174,34.044582,67.380135
-38.765953,9.657456,29.453091
-39.666054,11.253318,30.641987
-39.624416,-16.303827,39.369114
-38.493286,-15.582829,37.377151
-39.924244,-14.246390,38.628296
14.076694,-32.654266,37.397449
15.211055,-31.577616,35.807388
16.091402,-32.109661,37.701843
-46.929745,18.853891,51.375492
-47.378788,17.146456,51.711494
-46.644447,18.042931,50.142998
-54.822826,0.776974,65.018776
-54.553070,-1.396842,64.418396
43.094086,-11.392241,59.552624
42.760490,-12.447901,58.370300
43.160873,-10.920971,57.793915
-52.782516,-9.438807,61.221943
-52.941757,-10.982348,62.412315
0.718895,17.782133,33.856564
1.445185,17.774078,31.890678
-41.128269,-1.995177,28.578192
-42.727196,-1.052266,30.179800
-41.992817,0.151039,28.928728
-12.223525,37.045830,43.597652
-11.999153,37.374271,45.432446
-10.125687,36.616623,45.190369
5.773344,27.707436,26.647184
4.595987,28.597546,28.878548
10.236524,11.939284,13.908149
8.566327,13.445712,14.473695
8.848600,12.157330,12.363031
-53.095211,10.429975,62.686996
-53.688560,11.773539,64.571213
5.358820,33.968872,55.305061
-1.195302,-29.067072,67.381531
11.740670,-29.927719,50.230137
10.259938,-30.608421,52.059166
-1.194233,-37.396053,67.381844
-25.636341,36.040585,29.647932
-49.335506,-11.534286,43.853706
37.239029,-8.177562,34.695259
-44.075146,33.641083,47.760925
-45.401787,32.814243,49.071766
27.044447,1.166033,17.884542
26.421011,-0.888568,16.801226
25.588022,1.798362,15.726616
-18.676226,-40.548801,46.458691
-2.623090,10.090131,5.930244
-3.611093,10.957104,7.821834
-4.248657,9.541415,6.537391
-40.701309,-0.332894,27.571943
-46.377876,23.211714,52.697952
-45.402729,25.012308,51.706455
-10.525136,9.478733,67.378326
-8.777409,8.631968,67.378685
-8.463171,10.457267,67.378677
-7.861476,20.346092,9.450021
-10.080913,21.369177,10.182216
-7.331572,-35.127213,67.380600
-5.372196,-34.689068,67.380951
-7.464517,-33.386517,67.380203
23.509382,9.478352,15.669456
24.893167,8.338546,17.245897
-6.458862,33.075146,33.590210
-5.792782,32.562748,31.474443
-7.663711,33.276379,32.027271
-2.132568,33.525677,45.336212
-2.158826,34.048962,47.188648
-0.663851,33.265785,46.452320
-14.921021,30.519243,28.446083
-15.521865,31.280294,30.366190
-16.992474,31.357691,28.411308
-22.765249,-46.459812,67.378098
-24.992300,-46.202820,67.377724
-23.800291,-46.266422,65.901283
-13.332457,-36.263187,52.984097
-16.223246,-13.826556,12.312351
-17.837051,-13.012200,12.858941
-16.582834,-12.275719,11.659842
-48.511883,-27.853474,56.549149
-47.992157,-27.526617,54.734783
-47.647316,-28.826422,55.802284
13.927160,-39.034454,54.253536
13.664553,-39.673370,56.076168
12.011040,-40.082779,55.217346
7.986420,30.895288,48.514256
6.703744,31.985718,50.660736
8.825878,31.206129,50.430996
-22.906855,-31.945938,40.450676
-25.105251,-31.311941,39.920315
11.362295,-25.253063,37.662834
-15.489399,-20.839064,67.378540
-16.177372,-20.317038,65.839912
-15.172194,-21.747597,65.347549
-0.828467,38.205971,63.070625
-2.063991,38.743652,64.133415
-42.950905,-37.334892,63.275391
-42.692169,-36.853107,61.076675
-41.294106,-38.287148,62.087654
-36.008114,-12.219817,27.258871
-27.230745,-40.641598,59.703827
-26.395931,-39.988697,57.635036
-2.697115,16.043852,31.168993
-2.380551,16.071840,28.461887
-0.520225,17.092115,30.280628
23.749941,17.052181,25.406624
22.838675,16.693895,23.401094
22.090639,18.376549,25.129196
-7.297798,29.864677,43.078461
-7.476754,6.338552,9.244428
-7.295967,7.753920,10.495266
-7.862006,6.135601,11.230783
-35.624863,32.210075,29.563000
-34.236233,32.457088,28.019297
-35.613476,31.270792,27.849365
-14.390167,-22.487135,18.063889
-15.931891,-23.437059,19.803493
-16.029417,-21.480843,17.962744
-20.368694,-5.750644,36.031158
-20.123297,-7.465051,35.553463
-20.368883,-6.914316,37.853607
-31.731232,-37.714134,48.024525
-30.802294,-38.735970,49.289055
17.034739,-20.053907,16.905466
14.146749,16.846197,37.639889
15.508821,16.795767,39.268871
13.355457,17.445705,39.405415
7.223882,-26.717054,67.383018
9.634079,-27.446505,67.383499
8.540927,-27.696968,65.910149
-11.344604,0.524101,28.250521
-11.762891,-0.729532,30.292480
-35.714848,40.252087,53.368366
9.044280,18.086498,42.916225
10.480188,18.090179,41.147114
11.236346,18.004827,43.164528
-26.370020,43.009563,63.700317
-27.744669,42.786140,62.053173
-28.892799,42.810467,63.654640
-13.974688,11.726984,14.264709
-14.786756,11.946845,12.460407
-15.526105,10.521670,13.295326
35.957432,-16.481289,38.474739
34.799217,-17.916296,37.866482
-17.485033,-18.510603,65.311348
-18.527544,-16.417139,66.232674
-9.134422,21.010395,45.780727
-7.556080,22.927158,45.902256
-8.203634,22.394440,43.826099
16.244543,-26.010988,43.587563
16.139019,-24.955645,41.265377
14.338946,-26.197668,42.241619
18.562363,6.585506,20.228466
18.589224,5.346274,18.954002
19.722210,5.177162,20.642641
-58.581749,13.745873,67.369164
-58.179485,15.525264,67.369164
-58.108898,14.423316,65.537056
5.804196,-21.554920,13.241490
-36.204357,-8.204604,30.604219
-37.792080,-6.776137,32.236019
16.463417,-28.908932,63.315121
19.037571,-28.317526,62.931313
3.545725,-18.067341,8.892328
4.859122,-19.115248,10.143425
42.690819,7.998452,59.355373
42.683701,8.387324,61.401348
-2.281428,-26.091656,18.861334
-4.746724,-25.578901,18.413191
-2.602487,-24.886822,17.227219
-10.495247,36.078510,55.198799
-10.956499,36.642262,57.082485
-10.697955,-12.752256,46.443710
-36.520187,-19.823715,31.833988
-34.718933,-19.796209,30.109804
-4.997960,30.785337,49.896252
-4.254683,29.697477,50.917324
-4.981777,31.491299,51.596180
26.111689,-3.416299,16.490507
26.733969,-5.201129,17.678675
25.409195,-5.857583,15.860201
21.582438,-2.180167,20.124224
20.110640,-3.098919,18.337217
21.038082,-4.715272,19.894842
24.007633,16.750486,48.868702
26.085028,15.444415,48.053722
25.539291,16.441793,50.264065
-10.829400,21.938995,23.333769
-11.129726,19.777550,23.882694
-10.750972,21.190470,25.542664
-15.532893,-42.634865,51.050392
17.957624,26.011574,41.368408
15.820679,26.886028,42.146957
17.397888,26.704655,43.740017
-6.197288,8.382074,50.940266
-5.688292,9.010689,52.752533
-23.382275,-34.528889,37.583759
-51.117191,-17.478909,61.557964
-51.240208,-15.916577,60.361885
-36.825352,-41.189087,61.828457
-38.666275,-40.467110,62.732555
-5.172869,12.223257,41.080803
-6.191721,11.231365,39.695164
-18.725401,-39.416267,44.073273
-20.846148,-38.730030,43.296516
-19.337578,-38.372944,42.242481
-45.659206,27.575859,55.138237
-45.203732,29.099775,56.318939
-46.475040,27.472868,57.369064
-36.911331,19.580729,20.973452
30.494745,2.320484,23.108324
30.555458,0.024831,22.734547
-5.167737,28.511896,47.025360
-6.177732,29.223852,44.741989
-19.115557,-12.488082,34.043278
-19.197227,-10.931559,32.133961
-18.861900,-13.144758,32.388367
-30.288319,40.032837,45.457077
-33.080040,39.432281,45.489624
-31.825323,40.092056,47.057362
-49.332092,-27.824087,67.372444
-50.276978,-28.548252,67.372314
-49.347466,-30.008253,67.372543
19.712662,-11.054818,10.501078
20.807323,-10.974818,11.797329
-13.554361,-23.592018,65.841370
-14.475228,-22.112646,67.378777
26.096760,-17.295580,24.117559
27.372765,-17.349897,25.846458
26.032475,-18.846796,25.758671
-12.212233,27.205475,25.114326
-42.004562,21.724203,37.873047
-42.870720,20.429831,39.252522
-42.508469,19.613754,37.580032
4.631707,24.888514,67.380592
2.845973,24.118980,67.380272
4.295068,22.677893,67.380600
-6.377023,10.365016,13.913433
-7.474729,8.263416,14.319639
-0.761473,-29.393473,24.696522
0.900446,-29.798283,25.749260
-52.041286,1.166797,45.185631
-51.375771,1.678197,43.451729
-51.425934,0.080480,43.828030
15.973724,16.074053,37.347061
16.355713,15.132229,35.345875
17.447531,15.305416,36.976612
-1.153888,-39.802731,46.526539
1.518603,-39.237438,46.281796
0.330440,-40.381165,48.279278
40.696400,13.007846,59.115055
40.671600,12.383691,57.032730
39.719742,14.324949,57.590523
-42.890411,-28.215942,46.842209
-42.371609,-27.214655,45.122871
-24.428223,2.062929,12.987508
-25.674604,1.508908,13.907855
-26.177589,3.376561,14.029276
5.064715,-29.960920,27.134308
-51.887390,-5.319104,57.844162
-51.166168,-6.345912,56.112495
-50.907040,-4.191283,55.341248
-29.275501,-14.947341,25.988594
12.293851,-10.523847,4.790595
11.204088,-8.669246,3.431071
13.021479,-8.686233,4.195169
-39.548565,7.638104,24.339764
-41.128441,6.361036,26.309105
-40.246155,25.061987,37.001053
-40.610413,25.894804,39.123089
-41.378311,23.925131,38.429630
-17.232430,22.478952,11.433265
-14.199106,12.537651,58.174263
-15.260605,10.605405,58.031712
-14.537073,10.875837,59.854321
36.431717,-14.487204,37.421040
37.166008,-15.011365,39.416893
-28.082184,-38.637035,46.796341
-27.368765,-37.929531,44.894100
-36.373993,-2.179058,23.731531
-37.946098,-2.091538,25.238552
-22.834740,-20.982973,21.767107
-24.576277,-20.323837,22.433588
-21.662413,-31.445171,32.573437
-22.658743,-30.198221,31.363218
-20.347120,-30.834473,31.174286
-16.477737,-24.811085,48.050861
11.786248,-29.077875,28.522230
12.986117,-29.554228,30.223518
7.026102,-14.729557,6.061742
-19.252274,-6.220338,27.239779
-19.609068,-6.235304,29.523203
-19.593424,-4.462288,28.223627
-16.388632,-32.391678,44.191116
-16.547363,-29.615667,42.545712
-17.982866,-32.145664,42.438301
-5.062096,-43.958885,54.898914
-3.306916,-44.136177,56.001469
-39.917213,37.902161,67.371735
-38.972824,40.189667,67.371826
-40.868454,39.306206,67.371506
-17.927061,-29.055309,40.353951
-19.382956,-28.668055,38.444889
-19.083124,-30.132467,39.897125
-12.509801,-8.209904,28.416945
-12.013258,-7.949104,26.303022
7.931288,-30.904243,55.405060
-39.919426,-36.702000,55.063080
-37.682384,-37.939388,54.657833
-38.538868,-38.431942,56.897739
-34.260757,-18.623655,33.753952
-34.625595,-20.258408,35.480888
-33.007107,-20.542435,33.772213
27.928276,13.985242,47.526386
26.467628,14.476404,45.999157
30.378050,-2.286811,22.387777
31.611403,-1.289403,24.066420
-14.779459,2.144665,6.742681
-14.165031,0.296388,6.263654
-46.101765,22.947866,36.772827
-46.912254,21.005487,37.051411
-47.090000,22.257389,38.450104
17.413944,-33.184151,67.385178
15.746172,-34.502743,67.384911
17.186731,-35.602299,67.385254
-33.282314,-38.679085,51.406197
-42.568813,22.389973,40.206863
-5.123644,12.907198,39.024162
-3.739619,14.046563,40.552700
-31.620569,35.507317,32.186306
39.783100,-18.961945,65.756897
38.410419,-21.295385,65.643333
39.287350,-20.379795,63.456905
-17.588766,36.136486,32.054504
-17.218063,36.543945,34.123127
-15.604300,35.806896,32.489532
-24.629549,-17.218914,24.447721
-22.691324,-18.401310,25.090759
-22.681351,-17.008652,23.759722
9.695443,-7.737919,11.198890
11.056148,-8.656488,12.516033
11.416626,-6.786043,11.583879
-7.794165,3.272356,9.579671
-7.979692,1.451549,10.983722
-7.220634,1.349925,8.781888
-29.958445,-38.266388,47.552673
15.154027,-39.064758,65.843025
16.623184,-38.280548,66.169640
15.505885,-38.245186,67.385010
-4.948049,34.185963,64.983162
-3.461295,32.235283,65.664116
-4.621841,24.768538,58.428444
-3.613859,26.501202,59.455338
42.431435,-13.086761,64.814606
17.629509,23.571878,30.535566
17.341612,23.126532,28.699697
15.977080,24.086941,29.470221
31.401255,-3.103891,23.769939
32.668781,-3.074989,25.581434
24.508884,-14.979892,36.969048
23.057945,-16.146397,36.294384
24.232140,-16.626766,38.423164
5.113086,-38.324947,45.865334
7.302287,-38.045612,46.379349
5.828697,-38.998913,47.703197
-13.807692,-42.216259,49.801899
-13.427608,-43.076252,51.926357
37.877010,12.902742,46.264366
38.874363,11.025460,45.938370
38.081036,11.396363,44.347496
-37.664036,-17.278286,31.440733
-38.366966,-18.929163,33.199913
2.586283,24.688663,15.448340
-15.178128,-27.692089,47.120403
20.452190,-33.802460,47.126171
-46.845417,31.269686,49.592903
-46.758461,32.136356,51.088745
38.232018,-20.622517,53.301266
37.088932,-21.673693,51.374878
38.143978,-20.044733,50.914993
-42.552284,-22.768349,41.136776
-11.610096,-25.472992,20.184097
-9.216701,-26.134033,20.264631
-10.608968,-26.814554,21.672890
-49.872147,30.631191,57.066410
-51.513783,28.623476,58.676262
-50.487438,30.787256,60.042786
28.248247,-0.076870,32.032085
-10.198669,-19.273617,46.096111
19.583063,-36.110508,53.140327
18.744852,-37.059471,55.059044
-32.546513,-4.099176,24.667681
-17.915251,40.233826,50.429604
-16.395164,39.472008,48.647739
-18.900072,39.948139,47.947834
-44.072460,-22.395390,42.915848
-42.744282,-24.179953,42.671780
-47.234570,-22.949190,56.555733
-48.693798,-21.276775,58.303898
-47.634754,-23.737379,58.698181
14.343542,11.964236,22.508169
12.890205,12.908211,21.728550
13.871591,11.698502,20.140461
8.899162,30.894045,67.381157
11.000222,31.245729,67.381538
8.919385,32.546124,67.381096
-17.706753,29.718328,15.399155
-15.954238,28.595564,14.523921
-37.587223,-14.347508,35.411503
-38.111156,-12.419888,35.125950
-38.953712,-13.285398,36.759506
-36.511456,-39.192112,56.041916
-34.302959,-39.927345,55.471066
-35.219128,-40.386936,57.485786
-6.050828,37.385593,67.378113
-4.731989,39.508743,67.378273
-6.778584,40.193012,67.377922
-42.193325,-21.254255,39.373444
27.109100,5.636119,33.554176
-55.176609,-17.420332,63.428123
-54.479935,-19.073545,63.224403
-10.960191,-26.356285,67.379555
-9.585392,-24.256826,67.379784
-12.168979,-24.855087,67.379311
-35.982655,-10.152072,31.109703
-12.497500,30.119429,32.412025
-13.524496,30.262035,30.419727
-11.732455,28.829195,30.718857
-36.341724,-35.781479,49.002457
-31.200994,-33.022896,46.394405
33.362915,-12.962885,30.400366
34.054295,-10.804397,30.066822
-23.575468,35.373024,26.382420
-21.962048,35.648228,27.629629
-21.060411,35.104935,25.542252
-43.336296,-10.472435,34.499252
-15.413445,4.637862,67.377480
-12.963733,5.305033,67.378029
-14.540481,6.399852,67.377686
-10.018764,-30.795397,60.251026
-9.868956,-29.742346,62.618469
-10.754231,-28.901249,61.141365
-46.443459,-17.702326,50.214771
-46.908089,-15.839162,49.936375
-47.638515,-16.968031,51.949833
5.016782,-24.773609,17.448687
26.336433,-11.689228,36.051357
27.726408,-10.451895,37.062576
27.458424,-9.498067,35.635334
-15.549192,24.471657,15.951705
20.977003,-36.822594,60.450027
-8.065970,-25.338282,41.419941
-9.140695,-24.166359,42.078613
-8.232208,-25.211487,43.307262
34.987103,21.967062,64.317795
35.449326,21.606699,65.842499
1.346691,-17.524036,8.375168
-3.245270,-3.688934,7.690653
-1.440139,-4.266333,7.394011
10.006498,21.892273,60.807896
10.013564,21.228596,58.588074
7.359475,28.883726,38.904514
6.503880,29.501265,41.036743
8.351553,28.903248,40.911434
-28.439529,18.616405,14.823144
-29.649977,17.102463,15.471464
-30.072714,18.643278,15.743563
-26.741222,26.499874,20.311516
-26.080904,25.125265,18.919880
-24.886312,27.355175,19.728872
-20.508675,13.558061,12.828689
-18.784878,12.160411,12.227476
-18.744177,-27.214342,25.646643
24.886932,-19.017065,24.486519
-11.003351,19.299156,38.519848
-10.731452,19.827240,36.650269
-11.790487,18.354513,36.909008
-4.633618,12.501278,67.379326
-3.909113,11.000647,67.379509
-2.838985,12.835138,67.379608
-38.540337,23.187923,23.835558
-37.315865,21.815191,21.806896
-38.980862,20.808493,23.558428
2.059635,28.171316,23.016268
1.533413,28.970354,25.196842
3.355028,28.175167,24.782658
-19.073025,38.824707,42.148094
-20.838125,39.552879,43.986961
-18.070471,39.034817,44.229416
14.539161,-26.911263,44.065323
38.487171,16.124331,57.224438
39.067932,15.718568,58.754269
11.259946,27.209206,35.661308
19.994850,19.975285,54.845791
18.377443,19.574238,52.818104
20.575850,19.058926,52.549530
-52.498211,-14.333170,63.437923
-53.106007,-13.918773,65.607925
-25.493927,-37.816601,51.906551
-48.579655,-5.086951,39.739624
23.227327,-12.597458,16.148788
-23.044924,-9.413923,19.124065
-21.096663,-8.714624,18.452465
-24.654127,8.080893,12.824336
-25.728811,5.884599,13.539969
-26.477947,8.496034,13.870370
-10.403277,-34.360882,34.278111
-11.952128,-35.144516,35.746849
-12.510007,-34.067200,34.005043
11.864573,14.396770,26.487726
12.449208,13.732283,24.684772
-51.148075,-11.475427,47.832245
-51.914978,-9.727857,48.854198
-54.619801,-8.999467,56.414474
24.094173,29.096189,64.931351
23.972898,28.747753,61.980499
21.190098,-26.471462,67.385620
31.506916,6.650907,26.531092
30.473484,8.594780,26.207966
31.613117,8.380959,27.924059
33.904922,1.173356,27.907909
32.822285,-0.421318,25.909973
-38.726002,24.908438,25.040785
-47.912201,-29.345419,57.400288
-49.065304,-27.975176,58.463116
-18.170227,-0.407546,16.615290
-19.045614,0.465479,15.459453
23.810089,18.212896,53.318451
25.926586,17.245388,53.960403
24.844454,18.249599,55.315754
23.974802,-6.099064,13.723003
22.630795,-6.445060,11.844381
23.550137,-4.144837,12.525807
-11.731509,-9.433975,25.427246
-12.162601,-9.877069,26.997244
-24.344645,18.041222,15.473277
-26.191280,17.926203,16.741894
-25.772936,16.211885,16.231457
-44.837864,26.494560,51.749283
-3.278507,3.338478,0.643466
-5.316343,2.794804,1.131824
36.730602,3.439025,34.365261
37.414257,1.699946,34.943104
-50.724361,11.168159,57.567047
-51.564339,10.500797,59.257656
-51.006817,9.145362,57.614044
18.100292,-31.426584,37.874592
36.849625,-23.831059,60.155399
37.491547,-22.770979,58.577736
-19.534609,-42.109032,50.613747
-43.640644,-26.112431,45.738091
-6.561104,34.691303,42.973240
-4.890563,34.087681,43.260281
-5.740827,34.047699,41.510918
-20.168459,-9.518789,67.377235
-20.046169,-7.599749,67.377190
-52.310532,13.651113,47.728687
-52.261639,11.497605,46.763031
-52.937603,11.803071,49.088856
-53.650116,16.450363,53.163979
-52.781696,16.696974,50.638008
-53.576736,14.494131,52.082382
-52.924725,14.064535,49.876301
-52.229782,15.749048,48.436760
23.420647,18.923590,55.124821
22.017050,19.117928,53.958614
24.212368,-2.593617,24.468208
-51.262333,-22.540754,57.211739
-18.799809,-12.640905,30.553226
20.414160,24.927555,40.644661
19.645136,25.740864,43.006779
36.327023,-11.986710,35.087574
-10.058161,-37.458881,39.837448
-11.434216,-36.484985,38.026825
18.493965,27.926403,50.145939
17.993271,27.606699,48.268822
16.524742,28.566525,50.008469
-30.760921,36.099564,49.282688
-31.222689,36.434467,51.222610
-32.571415,36.017651,50.482899
26.794422,-31.012642,50.026859
17.951859,22.257381,27.180943
19.123150,22.368546,29.201817
9.543466,-5.062449,1.680611
8.218647,-2.973894,0.987798
10.559219,-3.229291,1.651304
5.450078,19.198702,56.876369
14.185509,-27.900459,67.384369
-13.450359,41.354721,59.511787
-13.108542,41.731922,61.788704
-11.383241,41.126053,60.625580
-15.067438,-14.971487,12.336914
22.378214,-10.976707,13.840032
24.024620,-10.334746,15.786295
-13.235806,16.380251,32.301117
-13.915938,15.633034,34.611172
-12.480833,17.469988,34.524143
-47.102707,14.063071,49.507538
-47.898666,13.330338,51.439083
-47.403202,11.902795,49.465584
-56.691616,-14.715407,65.810600
-55.821125,-17.081800,65.449127
7.474636,19.001652,53.448063
38.723534,-20.188889,67.388664
39.683876,-18.417253,67.388786
-43.650372,5.782621,29.554062
-45.148273,7.170067,31.375225
-44.060555,8.272495,29.666998
-20.813576,34.419521,40.177433
13.478409,26.669933,36.920074
23.588074,27.605145,56.548969
23.986376,26.842331,54.488171
22.275421,27.810799,55.191624
34.160847,-25.942949,54.787289
32.883148,-27.350519,55.348358
16.046125,18.303509,47.994862
14.397261,18.065027,46.330410
-50.919914,-2.142298,55.410976
-50.179672,-2.510970,53.594151
-50.381329,-0.446353,54.229034
28.956781,12.844553,27.860323
30.141125,12.744418,29.690388
30.468752,10.575898,27.904167
20.160328,-29.016787,67.385529
22.245464,-29.026693,67.385918
-58.383335,3.465731,62.819836
-3.846562,30.704182,24.429304
5.560144,3.308625,4.321918
7.289420,1.864321,5.389186
7.304275,4.426148,4.920251
-33.488605,21.764244,24.173740
-35.196529,21.316126,26.001446
-34.247696,19.707775,24.318089
-43.062599,-19.660524,39.326836
-41.595482,-19.827894,37.539700
-29.346210,13.525631,15.362841
-29.296850,11.156121,15.446001
-31.263062,12.530283,16.644234
-33.595921,-30.932631,45.622818
6.247125,-22.306284,25.580311
-19.961803,-3.093986,49.784195
-15.777940,11.274534,54.642223
-16.615143,9.741076,53.782829
19.589554,3.268204,18.895321
20.954845,3.270477,20.982328
-37.062019,14.918709,26.916864
-35.985992,14.696650,25.535006
-6.508999,-13.348210,67.379929
-5.848265,-14.918701,67.379860
-12.471008,-34.738079,52.663651
-12.444988,-32.976707,51.686420
-4.324537,10.023058,65.986847
16.886480,22.256420,25.685995
14.048204,-29.027378,64.004181
39.350231,8.410617,43.814636
-31.965614,3.688763,22.074499
-29.867031,3.596837,20.104586
-30.678349,5.773179,20.499405
-28.004593,-45.381485,64.885384
-45.297714,24.693903,36.629833
-46.280659,24.146994,38.302963
-47.842674,-21.836981,48.474373
-28.063253,-10.011512,19.163181
-26.704660,-7.199966,16.825129
-25.353912,-8.751525,16.332672
-44.661087,-8.309453,43.114784
-43.809025,-8.174862,41.691647
-14.906395,-26.433762,51.673584
-45.994968,18.996714,48.796173
-46.254723,17.206213,48.529408
10.663260,10.612741,12.357743
12.346362,9.078662,12.856900
-5.020912,31.456108,26.125673
-2.857803,30.809799,26.515137
37.673019,5.733190,67.387497
37.797028,7.979718,67.387444
35.738258,7.361493,67.387077
-18.768972,-16.313967,64.325607
-19.180244,-15.710539,62.577000
-18.251568,-17.779015,62.831600
-35.348637,33.331093,31.579300
-0.272507,-30.007725,48.765003
13.725421,0.050408,2.647285
11.944188,-1.963467,1.987941
11.411614,0.355054,1.664834
-27.408773,-30.399349,39.664829
-29.030090,-28.845247,38.733341
-29.423296,-29.980129,40.428493
-20.480700,-3.967939,35.481064
-20.187607,-5.784276,33.845222
-7.972796,-7.803867,67.377831
-43.086033,32.880875,44.134995
-44.680927,31.442942,44.828888
-43.568233,33.277618,45.954865
7.701724,20.711876,11.802499
6.405810,20.176659,10.386753
5.713758,21.582357,12.054664
-33.076866,31.775236,24.935730
21.528242,-13.551680,14.607327
-12.959452,13.557189,17.663033
-13.349975,12.544703,16.176928
-24.900003,-12.723681,17.843052
-25.491926,-40.919254,59.365742
-43.438858,24.517012,45.732037
-43.570663,23.015228,44.345066
26.550087,3.666360,17.714367
25.658659,5.853862,17.037865
27.039732,5.379913,19.012102
-17.203510,10.343914,45.863586
-16.151970,12.350857,45.574772
-16.661230,11.622252,43.698467
17.920622,0.968577,15.885680
-5.498953,11.866721,15.501040
-4.888207,12.876982,17.222433
-6.219969,11.245709,17.578756
13.157470,-24.636021,20.877630
11.126766,-25.982824,21.918169
10.816815,-24.856934,19.756491
-22.002800,12.646877,13.616095
-22.525362,10.509583,14.030947
-20.778809,11.518020,13.060267
-20.067064,-8.685930,37.022552
-19.677572,-9.915117,35.060963
5.962217,-3.928006,0.629407
-53.484863,-8.772395,63.084679
-54.040325,-7.083364,64.155205
-0.569439,31.063314,34.599758
-13.957374,6.335795,6.717725
-11.919495,6.615670,5.507078
-43.726673,27.545906,50.223003
-44.079498,28.176130,51.953854
-36.434700,26.884012,23.344357
-36.447975,28.590981,24.984455
-35.238113,28.309198,22.960646
-9.831686,-18.683954,47.786537
13.616493,-10.700701,15.841499
-51.965858,-14.593832,61.694424
-52.460457,-12.812619,61.972672
-5.112051,-32.720081,31.113832
-32.826546,0.515019,19.721630
-45.737968,10.642668,43.764038
-46.466282,9.526266,45.757603
-45.980167,8.682132,44.056839
-45.732689,36.066452,60.753559
-43.734493,37.618153,61.461136
-43.769814,37.316006,59.201664
8.169239,-12.061884,13.618715
-19.413958,-17.851357,46.984470
-19.146383,-18.943764,48.830215
-19.649622,-17.147453,49.322330
-52.253422,16.708982,63.645096
-51.319538,16.411409,61.040340
-51.188213,18.601509,62.090458
17.143190,29.925898,55.636341
15.282426,30.590311,55.626484
-24.126663,-11.026106,20.340490
-21.979923,-12.471667,20.401497
-21.980566,-10.709427,19.455643
19.298944,-29.043858,34.056984
21.439516,-28.180952,34.478230
18.670958,-21.791393,21.080818
-53.212032,2.863736,61.281841
-53.496044,4.463247,62.141796
-5.611924,-8.944131,13.916532
-5.507054,-10.944551,15.179361
-3.905097,-10.571100,13.576376
-18.671003,36.388271,50.762108
-17.890627,36.865166,53.072575
-19.813971,36.936344,52.690918
-22.613607,16.500731,11.992709
-23.209970,14.051702,12.131457
-3.228602,26.199017,65.400230
-2.729830,28.391420,65.618324
27.650282,14.960271,49.921627
26.908331,16.095129,52.041256
9.930845,15.490724,26.928091
9.833109,15.986299,29.105608
8.290821,16.299610,27.509171
-18.342203,-4.090390,21.115318
-18.084908,-2.249726,19.452799
-18.384493,-4.845170,19.116444
26.700209,-21.892216,30.446093
26.793032,-20.633299,28.868732
27.865774,-20.839417,30.532263
15.919987,-27.160490,46.005806
-29.098310,33.903866,39.589973
-26.851252,34.065804,38.891525
-19.456821,3.985240,44.730633
-20.040382,1.518965,43.574120
-19.785851,1.525617,46.059219
-19.927380,35.577126,46.476048
-21.417395,35.389019,44.861549
-19.268291,35.096596,44.395882
-2.732445,38.817856,67.378670
-3.128759,37.057804,67.378670
0.561485,37.710545,63.457577
2.257144,37.098690,63.770844
2.010957,36.981720,61.970280
-34.311771,30.123333,34.833988
-33.618423,29.747749,33.067219
-39.045959,34.653088,55.203129
-37.624565,35.191360,54.382896
-31.841785,-38.883369,50.594208
-30.052811,-39.713947,50.910503
-27.563950,-42.910160,57.134666
-25.792490,-43.539501,57.648582
-27.653755,-43.646702,59.129517
-18.648359,-12.205772,25.252735
-18.609690,-10.840893,23.970427
-15.188600,-44.125027,54.998459
-44.941635,27.693964,53.460186
-44.719418,28.945387,54.709656
18.744329,20.830763,56.648373
20.618038,20.622471,57.316654
-53.904194,-0.272877,51.634830
-54.311810,-1.573793,53.270809
-54.534191,0.894021,53.541302
-28.133759,42.540936,60.091686
-26.611301,42.420742,58.543736
-47.495316,18.731007,36.968727
-47.857552,20.276976,38.711479
-50.695000,27.978189,67.370079
-49.677814,25.562479,67.368996
-48.507732,27.409687,67.370483
14.637925,26.104874,35.866264
16.512703,25.409998,35.757198
-38.261787,-28.150946,47.597332
8.824980,26.054895,67.381340
-11.271880,-21.354160,38.516827
-10.787339,-22.029539,40.090191
-35.410480,-35.317959,55.742775
-34.234753,-36.743084,57.335976
-33.298885,-36.387867,55.419487
-50.864277,-26.246658,61.986732
-49.578506,-28.157974,60.920193
-20.532885,-4.207247,43.591377
-20.435947,-2.082294,43.428894
-33.933300,-39.874210,64.995964
3.018410,-27.764380,60.800663
4.948244,-28.995003,60.122227
7.189419,6.712889,5.075531
-8.476975,8.975609,4.366845
-5.746768,9.437553,3.343275
-45.449493,-16.893267,48.093487
-43.868122,-18.029922,46.340160
-44.102577,-16.228527,45.634434
-12.121131,-31.605392,52.867863
-11.748070,-31.295843,54.252075
-12.545838,-29.803452,53.381386
22.360518,23.765598,39.233864
24.353123,23.201077,40.912811
24.222748,22.714962,38.863018
-51.328876,-12.447666,58.234863
-51.721775,-13.674757,60.133930
-50.996761,-14.632720,58.563416
43.489582,-6.265922,51.566578
-53.001251,6.023430,61.312382
-53.670555,6.383160,62.891651
-48.291420,5.458183,49.951035
-48.484596,3.476329,50.047878
-47.882507,4.254851,48.595833
-5.832052,-45.593563,61.238159
-19.884739,30.740807,16.385761
-20.878408,32.249908,18.270798
-18.912498,31.969599,17.927212
22.926573,-11.508302,29.419456
23.286839,-12.461397,31.571522
-0.202668,-22.317144,67.381462
-1.696489,-20.879944,67.381126
-1.972133,-23.451286,67.381172
-50.979576,-9.574479,56.211456
-50.236393,-10.133327,54.510452
-1.101742,14.335950,12.805521
0.912504,14.128428,11.304306
1.288559,15.075256,13.518243
18.667351,-19.228029,17.546446
17.529594,-20.982290,18.634798
7.135681,17.898020,44.144344
8.097949,17.934004,46.605900
5.839684,17.560505,46.030903
-14.029919,15.539998,42.796104
-13.979986,15.628259,40.389271
-14.994850,14.306460,41.586685
1.505305,-27.923773,59.030354
1.683926,-28.896732,57.340923
0.195755,-27.789631,57.811703
-11.789587,-13.467435,9.526856
-13.469527,-12.478126,9.869172
-11.582772,17.362103,18.515577
-17.508190,3.638247,19.196236
-17.477747,3.562421,17.277151
-11.145508,-9.523094,23.652185
-11.542260,-7.892811,24.579777
-30.181976,-25.558638,30.830776
-31.120102,-26.280178,32.252815
-32.049915,-24.370810,31.225998
-0.825761,14.903993,55.043736
-1.579508,14.296628,57.271126
-13.902755,25.509796,12.460699
-14.188480,27.575491,13.848549
-19.237846,-1.747604,57.254837
5.791685,31.466736,48.067036
-23.495132,29.104347,20.890541
-21.015438,28.795439,19.770973
-21.563879,30.084291,21.996975
-24.100422,-41.271252,59.615822
-10.442085,0.018170,41.996418
-9.948344,2.219716,41.362576
-3.253894,31.410864,67.378853
-2.827630,30.273291,66.167442
-2.827653,29.106270,67.379021
-30.804018,32.315468,23.224043
-31.644457,30.385967,21.059612
-32.757481,30.850580,22.901030
-29.263063,31.687958,20.634100
7.810527,-18.996260,21.285183
5.721756,-18.708502,19.853413
-37.355145,-11.798612,33.760330
-36.271843,-12.151964,32.439922
8.205446,-37.170803,67.383621
5.964641,-36.960255,67.383171
6.471668,-39.021439,67.383369
-43.845337,30.397306,55.029751
-20.166534,-8.815427,60.199745
-37.866161,40.194164,57.765015
-35.754826,40.924919,58.044029
-9.511650,-28.968691,65.823730
-9.724786,-28.088581,67.378403
-10.616193,-27.419655,65.422005
-13.567041,13.186777,12.804848
-43.771812,-24.563381,51.557659
-45.315830,-23.559631,53.169800
12.155403,-14.104080,18.033033
10.992760,-16.014414,19.453768
-22.652765,-16.213358,18.143717
-13.646073,15.922873,46.803013
-12.874049,16.876104,44.647099
-14.313342,15.108267,44.949421
-18.097242,-22.042124,38.080452
-18.330265,-21.420649,36.096817
-36.838898,-36.238678,59.866867
-55.642609,16.492607,58.784184
-56.490139,16.740751,61.422119
-55.635746,18.378527,59.850346
-33.192665,35.481487,48.761204
-34.811459,35.481445,50.773273
-35.787914,34.505985,48.601238
7.377406,14.832688,16.258467
7.038818,15.613222,18.392332
-54.823547,13.184956,55.292999
-54.772808,11.461543,54.726624
-55.506329,12.345226,56.929993
-45.818638,-33.308659,60.071560
-47.162395,-31.475994,59.813557
-46.182743,-32.306854,58.607536
17.221115,-15.032487,11.324660
16.365368,-13.838952,9.504183
39.788757,-16.405262,48.684616
40.959053,-14.281217,49.407669
40.283928,-16.420599,50.909412
-18.602909,-45.909168,61.552277
-17.214279,-46.285252,62.993855
-19.219688,-46.286301,63.378906
-19.275248,-14.750088,65.817467
-19.176743,-14.695258,67.377617
-19.690414,-13.087484,67.377464
27.032166,25.326063,67.384766
26.391216,28.123699,67.384537
25.130920,26.767578,67.384369
-4.352645,31.576967,53.903408
-5.573807,32.868507,53.277248
32.811302,0.321179,43.081337
33.007301,2.188401,44.720547
-49.204834,29.717844,67.370308
-9.069790,7.299366,33.544624
-8.158511,9.408024,32.488655
-8.281474,-35.559559,63.555233
-7.859812,-36.769547,65.790802
-7.691557,-34.532421,65.566963
-42.737282,-0.100452,37.632744
-39.892414,10.518570,24.243122
-39.366749,12.535714,23.468000
0.416407,16.483459,60.166096
-1.192810,14.804157,59.929504
-0.160163,15.762295,58.274311
32.905178,3.955791,45.508854
-11.499622,-40.211628,62.320961
-13.113334,-41.441406,62.732338
-11.732844,-41.456379,64.636292
0.051787,17.049356,27.891020
-6.932774,-26.054239,47.213902
-6.803279,-25.375896,49.530327
-46.373360,-14.593276,40.702770
-23.137930,42.796440,60.929054
-22.121475,43.042950,63.148277
-21.209524,42.753662,61.124130
-27.350622,-27.979517,31.369804
-28.208355,-26.057278,29.863962
-26.041727,-27.217039,29.675592
-20.646856,36.130486,48.801968
-21.746069,36.722382,51.177792
-22.968262,36.364140,49.211433
-2.785854,-35.686741,37.180401
-0.789125,-35.447865,37.073349
-1.602227,-36.371536,38.885830
-34.042034,-29.729906,44.440735
-35.080387,-29.876040,45.852577
-20.470144,-7.107414,40.226143
-14.358867,40.253147,54.104740
-13.063233,40.389046,55.855385
24.514973,-8.286904,15.421614
25.454332,-9.713975,17.458448
-20.862007,-42.536049,52.306709
-19.960066,-15.125212,52.188583
-20.023359,-15.217847,49.960300
4.977347,19.121555,8.763424
4.494248,17.449324,7.079129
3.317238,18.446589,7.822464
43.173847,5.497262,56.714329
43.517033,3.353971,55.570992
10.794994,-28.355288,65.479645
12.144788,-28.902500,64.330856
28.107994,27.294714,67.384895
-11.493115,-43.372456,52.604671
-10.806938,-44.228760,54.929672
41.480114,11.149954,58.580715
33.760853,-0.033179,48.743576
33.438721,0.975494,46.655090
-36.254993,-35.823109,58.000248
0.923644,17.349422,39.970001
1.409881,16.995100,42.128189
12.827207,-7.587435,13.059716
13.069536,-5.166689,11.940800
-1.522975,14.703773,67.378891
-4.507954,14.776399,67.379219
-50.930321,-2.117812,43.172226
-51.252155,-4.305860,44.627949
-13.535636,12.334786,60.419991
7.487191,10.285060,7.961217
6.921303,12.184022,10.287425
5.156226,11.810641,8.305396
-18.710413,-10.582436,22.026779
43.638275,-2.646742,51.345833
43.318214,-1.804716,49.726074
-45.466660,35.886787,58.054588
-51.531521,-5.918486,46.009624
-50.681732,-6.110977,43.975521
-52.124004,-24.297853,63.108929
-51.319164,-26.171814,64.037674
-52.043301,-25.320610,65.761520
-4.392813,-20.655663,22.776237
-3.779089,-19.683662,21.258425
-36.763885,20.656298,27.736593
-28.430109,33.242222,22.703011
-15.032580,37.136875,55.567192
-17.463797,37.653313,56.650986
-17.233807,37.187881,54.694473
32.750793,-13.036444,56.405819
32.155766,-13.856276,54.650887
31.971596,-14.914081,56.133736
17.715582,18.500433,49.335224
18.125399,17.941713,47.525814
19.910570,17.973248,48.758892
-40.817390,39.072838,59.208942
-40.620476,39.362396,61.276947
-39.194904,39.857880,59.485432
-11.010833,-33.362720,32.624477
-9.097837,-33.595371,32.848640
29.071104,-13.981999,24.986893
27.800587,-13.797606,23.190981
-17.361954,33.855438,39.619671
-15.462513,33.042503,38.032524
-10.362202,21.043692,33.076519
-18.543016,7.283195,30.301218
-17.507555,9.381470,29.483370
-14.765133,-23.887131,60.256058
-14.463312,-24.934978,58.232925
-13.517881,-25.331877,60.571907
26.013916,-5.083317,28.795164
25.419430,-4.312575,27.235023
21.245852,20.831129,28.753138
22.496246,20.817541,30.556829
19.392784,11.524766,11.067102
20.520321,11.953597,12.998265
11.353938,3.683974,1.852988
10.451039,1.926517,1.379586
9.772220,3.473276,1.292686
-21.198746,-16.092373,23.100557
-54.571560,-6.731854,65.757729
-54.171349,-8.871319,65.499092
-51.450390,3.858646,43.375618
-50.656937,2.871850,41.647411
33.681465,11.885344,35.085239
33.600346,10.317967,33.254326
32.473576,12.205618,33.138145
-10.528694,-7.756150,46.896381
-44.286777,16.398405,41.173107
-43.977997,18.469574,41.425480
-44.653046,17.657198,43.288021
-18.645334,-14.657516,31.387125
-20.258358,-10.200995,51.920364
-20.293262,-8.540140,50.407101
-2.975488,-35.500900,67.381439
29.207825,-0.949660,20.800177
28.254946,0.810810,19.653435
29.309687,1.350008,21.215860
-41.091908,-30.354212,55.009758
-42.729401,-29.260868,56.173283
-41.676815,-30.741245,56.751541
28.923906,15.526161,65.876175
29.301369,14.829799,67.385582
28.175488,16.421553,67.385315
25.638327,-23.984938,55.934326
-40.977554,26.368038,40.859375
-41.669754,24.788895,40.469723
-13.944461,-39.734364,44.162598
-27.290054,-41.605164,53.466751
1.600862,27.574148,20.761011
13.890391,-2.795036,11.657889
-43.808220,-1.458416,31.680611
-44.861523,-0.094080,32.668362
37.750984,18.541348,67.387024
-37.318172,-1.052062,29.679064
-38.083652,0.626045,30.283957
-38.614475,-0.723082,31.422085
-1.997177,-26.692665,37.446243
-1.113899,-26.209759,35.494873
-3.652236,-25.903072,35.720551
19.415630,-31.810717,40.186604
21.845551,-30.530413,39.808601
21.498203,-31.583628,42.002739
-51.732090,-16.336895,52.838501
-50.787010,-18.301409,51.885544
-15.244700,32.454319,35.678883
-16.826069,33.015312,36.198875
-16.776215,32.628269,34.455330
-2.401939,-20.401077,65.896111
-3.005531,-19.420092,67.380821
-41.054699,22.893599,36.469162
-41.464062,20.906786,35.834740
34.806931,-5.364223,59.201851
34.865620,-3.210713,59.193573
34.589478,-4.308441,57.330803
-31.177073,10.134861,16.774914
32.282764,0.563417,40.983116
31.943413,2.230983,40.493366
-40.221359,35.247379,67.371796
-39.240082,35.830532,65.583397
-37.967289,36.384235,67.372162
3.701803,22.365633,12.266721
3.893904,20.967482,10.534754
-9.469172,-14.035398,22.095177
-8.096622,-13.816597,19.886494
-11.034847,33.596859,45.881413
-9.564613,33.474483,47.419399
-11.471161,34.251438,47.612724
-7.977421,-5.625555,65.944420
0.303678,15.490610,47.015362
-0.129338,15.118462,48.958759
-7.477098,-0.131297,63.046139
-7.121148,1.776575,62.877953
-7.238706,1.221540,64.911812
12.092446,-17.850809,22.951252
11.395580,-17.170864,21.327837
10.186791,-18.631027,22.420132
24.635277,-31.531763,67.386459
24.661901,-33.683231,67.386543
30.926943,-19.696909,64.266296
-4.897839,9.078690,67.379395
-16.401270,32.050293,32.298023
-18.158663,32.136135,30.687210
28.924541,-4.663653,34.357174
29.053782,-2.030339,33.550106
28.001051,-3.887585,32.084229
-10.466085,34.651176,34.700367
-12.037316,35.489239,36.200176
-9.886314,34.856705,36.976761
23.902792,22.674768,67.384277
24.035961,20.530373,67.384384
25.782902,22.461813,67.384636
4.643767,1.369759,4.603271
4.015082,-1.059223,5.531338
6.010878,-0.156859,5.657577
-17.764826,30.619345,24.385122
-8.513453,-24.588066,44.855618
-8.032048,-24.919500,46.155846
-0.612902,-41.455753,50.213078
40.770344,-12.421077,46.031010
2.587026,17.062063,22.937042
-31.662527,-12.001290,26.736467
-29.923931,-13.064962,25.527571
-14.224218,-29.613161,48.007095
-58.178978,-5.778506,63.819160
-2.251681,-29.880022,67.381363
-30.682653,15.964580,20.162989
-29.435305,16.327862,19.095465
-30.587809,17.721195,20.251925
35.637032,-6.711996,67.387581
35.530746,-7.685385,65.452812
35.457321,-9.020918,67.387642
-52.262051,25.379206,55.761745
-32.994228,-21.965069,35.021198
-32.091118,-24.059565,36.036808
-30.988092,-22.573780,33.515942
-27.514460,32.992115,35.486279
-24.401033,31.177872,26.012766
-23.886679,30.754789,24.332844
-22.590397,31.454538,25.974535
1.995781,-33.048882,32.654491
0.059152,-33.633755,33.448128
0.224752,-32.755833,31.690247
-20.304468,2.096430,37.171219
-20.464582,0.353234,35.649445
17.856792,8.082836,21.126642
19.490822,6.695404,22.269392
-20.172457,-9.833338,54.183865
-20.083506,-7.803318,54.443520
-3.112202,28.449993,58.680305
-3.721026,26.752172,57.288414
-14.611923,42.224255,67.376320
-57.048923,19.242336,67.369240
-57.695793,17.364820,67.369186
30.794975,-14.189637,46.687061
29.706013,-16.160704,46.442074
30.462521,-15.513511,47.992134
-53.865379,-1.978010,62.660229
5.883018,-1.923334,6.471142
7.327957,-2.976866,7.500438
8.000060,-0.511284,6.589180
3.250414,34.377460,54.226448
4.266548,33.561195,52.899818
35.232555,-8.216921,63.119942
35.492828,-6.387828,64.259193
-8.306731,-1.709225,58.553291
-8.503402,-3.764671,58.702686
-6.299006,21.785723,10.224750
-8.054703,22.733315,10.842905
-5.829487,23.159821,11.210471
-32.748989,33.549080,41.526917
-33.725182,33.771183,43.307964
-34.294174,32.790886,41.229050
2.004098,-4.532844,7.270197
-51.397045,6.321394,57.789875
22.922867,-20.321697,23.723568
20.713713,-21.850187,23.375484
21.039881,-20.414034,21.670584
-42.207573,-26.247036,50.953827
-41.353889,-27.918787,51.744507
-40.741711,-26.790699,49.401638
-21.745577,2.482651,11.262023
-19.850307,3.059717,10.098704
-6.320862,11.592670,37.662018
-7.301872,9.631889,38.793121
28.283775,5.644798,35.264763
29.576826,5.238016,37.015572
28.419910,7.204592,37.029022
-58.234142,-10.808012,67.370140
-58.705276,-8.849714,67.369987
-57.876060,-9.727036,64.870377
2.640684,-13.881114,14.159470
2.534817,-12.235927,12.755682
0.429349,-13.199740,13.831882
-36.325268,11.618736,20.612267
-37.858784,12.945501,21.870665
7.387483,-42.681725,61.637783
7.560193,-42.489761,63.819477
-3.025304,7.042598,1.449341
-3.530942,5.545573,1.158858
-4.939886,6.808604,1.938187
12.942111,-38.610252,51.951916
10.943629,-38.785965,50.490776
13.280141,-37.686039,49.746765
-46.351219,-1.718465,44.751190
-46.304218,-3.522698,44.902210
-13.916157,41.033447,57.615055
-9.061989,-44.930931,57.062649
-11.021986,-45.357769,58.487221
-52.770916,4.872538,47.196392
-52.110516,4.396646,45.142742
-52.506390,2.953142,46.359863
-12.068026,-27.267239,60.407600
-10.978184,-27.856829,62.814316
-43.864941,-20.477299,41.023388
10.198629,22.528372,63.324081
11.256517,23.086098,65.369370
9.229096,22.577274,65.394958
28.025019,2.894716,19.724918
-39.348450,37.696323,48.756195
-15.889367,-23.733622,55.996292
-54.213230,-21.054565,65.905212
-53.985634,-20.798080,64.155113
-53.315647,-22.706461,65.184166
-5.190628,37.828907,55.352951
-5.488447,38.591793,57.458565
-3.199509,37.490906,56.478371
-42.499134,-2.023567,37.731239
-41.749130,-0.644806,36.147461
-2.426174,20.001099,8.890211
-3.900862,20.752342,9.456548
-2.082052,21.860365,10.411461
-56.537994,20.225153,65.391945
-56.381809,21.298449,67.369278
-55.827877,22.179230,65.395622
6.768898,8.835434,5.905895
-12.485561,33.866123,26.698732
-11.650393,33.920818,28.264521
-21.099396,-26.372929,35.080284
40.779743,13.543325,63.302643
39.809856,15.436760,63.709736
40.577316,13.880902,65.499016
13.303038,32.164284,58.937504
14.466380,31.352934,57.375965
-4.451337,21.934250,10.330864
-5.694890,20.511703,9.373903
-33.778603,1.122210,24.575947
-33.626610,2.891349,24.001774
-4.275475,-23.836138,16.155863
-2.480204,-23.558250,15.542514
-44.497860,22.513506,33.192787
-44.056759,24.224941,33.663006
-58.436905,10.489864,64.263481
-57.935074,8.933007,62.311325
-58.642891,8.278279,64.099373
-12.317128,16.747580,13.726908
-13.683919,18.343777,12.801758
7.563546,20.870480,59.918980
-6.406670,4.945156,61.539577
-5.934695,6.005912,63.645927
-6.632257,3.687801,63.618298
35.212849,-1.608045,63.461704
-19.853220,22.629477,11.995138
-11.332826,-18.533314,13.034105
-10.089736,-17.386747,11.505380
-33.212341,25.098009,25.855768
-31.484367,25.305557,23.996662
-31.404442,26.877708,25.424665
17.368999,-20.571281,34.730000
18.465221,-18.928749,33.491043
16.522245,-20.198996,32.815720
6.507531,13.206686,4.091499
8.627778,13.102041,4.520790
7.961698,11.506594,3.367663
-55.605274,23.142015,67.369362
-16.195456,9.673752,56.067547
-15.995101,8.983334,58.006714
30.692713,-24.838917,41.091511
-2.004119,38.466354,61.933277
-3.246631,15.945622,6.243073
-1.865325,17.483944,7.044422
-1.266322,15.881260,5.895441
-40.056034,-18.136662,34.525234
-39.124168,-20.278214,34.907661
-4.095518,28.593500,18.280405
-6.590480,28.752760,17.110788
-8.408450,-3.706238,15.219655
-8.262758,-5.912213,15.924135
-7.399363,-5.449817,13.976338
27.616693,-6.297281,32.877388
28.414099,-7.222231,35.234867
-20.853460,-26.611647,25.955170
-21.947477,-25.038633,24.837841
-52.243977,-5.471785,47.693314
-52.783947,-3.681447,48.664135
-16.764540,34.177872,41.758717
-14.709594,33.924950,42.789913
2.335696,16.986687,6.525501
4.145536,16.218428,5.986487
2.748058,15.151059,5.083771
-52.436699,-22.484922,60.960640
-53.209267,-22.025404,63.161434
-53.556511,-20.518345,62.053318
-13.466636,12.661827,7.910044
-9.905256,-32.576591,31.117523
-11.654822,-32.367844,31.030310
-11.052576,-31.445770,29.324541
1.995485,-29.646553,55.882347
3.696593,-30.402317,55.123039
34.199280,-11.890695,61.254608
33.525112,-12.124916,58.666080
-19.162128,5.370830,30.085400
-19.648363,3.903264,31.089687
-19.218302,5.811728,31.677954
27.097733,-23.406660,66.062180
28.594816,-22.241833,64.898254
26.928356,-23.769869,63.951866
-31.455112,41.315216,53.650692
-28.579081,41.690659,54.031395
32.571930,-14.921993,30.813860
33.026012,-16.192739,32.766350
31.333944,-16.852295,30.840231
-30.531664,-25.791218,36.437370
-30.181376,-24.523960,34.746716
-9.614053,4.934052,37.407722
-6.345401,-27.049463,20.803213
11.474209,31.584005,54.521809
13.171562,31.293968,55.509521
12.597030,30.881422,53.437904
-47.484398,29.941658,48.895058
-46.985424,29.557976,47.107403
-18.836771,-0.651195,59.455524
-18.897390,-1.613998,61.840298
-18.255924,0.581554,61.456669
29.647032,-30.888214,65.604256
31.730177,-29.212267,65.343513
26.149605,25.216389,52.577747
-26.034296,-16.396639,20.850119
-25.402500,-18.474154,21.711821
-43.324364,-32.268520,52.309769
-51.940361,2.841491,44.729458
-6.249370,6.604396,58.003098
-43.359600,31.814445,42.540791
-41.943478,32.297707,40.438030
27.315203,10.065474,22.435881
28.190372,10.476642,24.186497
-50.695263,1.791990,55.281738
-45.246807,36.649647,63.073608
-46.624752,35.594631,65.170364
28.715775,-21.837221,67.386864
29.806599,-21.004166,65.661964
-41.872864,-38.983147,67.374283
-41.339119,-2.378318,35.981255
-20.500744,3.461177,14.648059
-22.435404,2.591545,15.205160
-20.392805,1.790360,14.948566
-27.600376,30.243277,26.481907
-25.806110,31.040195,26.799002
5.538547,-27.232443,39.398788
3.487908,-27.571417,39.720367
-7.176858,2.804345,67.379265
-6.947179,2.935641,66.118774
-3.118522,24.938021,13.335361
-1.275666,25.324348,14.369018
-1.103790,23.608192,12.318612
-21.224220,-29.382521,29.582493
-51.661636,27.444429,56.796925
2.248068,-44.148705,63.258919
2.852896,-43.984062,60.889721
4.100112,-43.706509,62.422974
8.696155,15.145041,19.686344
8.059403,15.789620,21.829359
7.041099,15.962684,20.101347
33.075859,-27.681967,57.993240
-16.294607,2.914916,67.377495
-15.848224,4.516608,65.646431
-16.855021,2.390363,65.513748
12.810575,-30.060339,52.076756
1.005771,-37.354401,67.382263
-0.440323,-35.095959,67.381897
-11.686541,30.657171,17.884735
-13.556012,31.068985,17.795038
-12.401637,31.587847,19.192438
-12.242186,-8.938340,7.206591
-31.327618,-5.948783,23.987082
-31.677248,-7.935019,25.046232
-30.195276,-7.868670,23.541052
-4.002749,14.427214,38.217278
-2.183542,15.858061,39.004978
-5.984331,-35.580700,36.560734
-4.455163,-35.037544,35.619022
-4.800691,-35.971779,37.434162
25.653646,-9.489777,32.231731
29.391027,12.565777,47.443874
28.989212,13.507983,48.975700
23.437620,-6.695403,24.785744
22.309969,-6.592709,22.721674
21.793188,-8.534521,23.466389
-3.537565,-45.310440,61.342304
35.714840,4.480749,32.892723
36.663719,5.440640,35.358227
-4.390811,-45.136124,59.454674
-55.970539,14.129205,58.727036
-56.262619,15.283495,59.980396
12.638783,25.277046,28.139381
19.452717,-19.107220,35.249924
-32.563919,42.109104,61.993221
-31.246132,42.489250,63.779869
-29.932516,42.526020,61.663998
12.511704,-27.893833,26.633511
10.866090,-28.751133,27.331820
-36.996334,25.904882,31.905483
-35.744118,25.873175,29.992668
-35.695942,26.986673,31.378826
-9.704861,26.911587,33.553032
19.528076,-0.430979,6.766919
19.994795,-2.918025,7.377676
18.556602,-2.072009,5.949075
10.132766,14.636444,21.114920
31.952850,10.602039,60.142574
31.910664,10.537372,62.549583
31.165627,12.116140,61.299622
-17.115816,41.644135,57.555340
-21.766788,30.905622,23.958244
-19.986200,31.237322,25.270180
-42.257317,5.364146,27.863174
-42.501701,3.733811,28.535185
4.995174,-23.441578,27.207850
13.440682,28.119591,44.455746
15.402631,27.555645,44.623825
-20.206354,-11.706167,53.247108
5.017755,5.667844,3.882753
3.379915,7.222950,3.657595
-27.667870,-41.829407,63.073627
-29.552696,-41.379642,63.472626
-28.180460,-42.404419,65.316620
21.360138,-36.415043,58.685127
22.498789,-35.937649,60.301655
22.733793,-19.070204,21.878819
-50.544586,-18.957121,61.303783
8.750751,-39.604134,67.383408
14.138013,21.225290,56.862408
14.747737,20.585199,55.045494
16.416142,21.318739,57.265068
-7.349572,22.076698,54.204865
-7.546402,22.154444,52.094795
-8.777505,20.775108,52.828213
-7.126351,11.385656,29.784008
-7.911455,10.046721,27.864504
-6.522050,12.215202,28.007135
-10.686239,2.391978,26.182301
-11.147408,-0.064489,25.648014
-10.649832,1.230775,24.189522
-12.016624,-25.494097,65.715752
-13.011964,-24.840652,63.871731
-20.864489,-3.758353,16.394310
-19.779755,-1.700974,15.805583
-22.583769,-1.962322,16.271603
32.056213,9.875516,66.004967
31.490576,10.964933,67.386147
31.303719,11.540230,65.420509
-14.276440,14.539087,52.420338
-13.366909,15.323622,54.525505
-12.065045,17.143768,53.815830
-6.819508,-21.999584,54.468098
-7.661178,-20.477428,53.861824
-6.681431,-20.729414,56.099846
40.648449,1.007388,41.958172
41.215618,2.415485,44.043812
41.503658,0.458249,43.996223
-55.109814,23.932005,65.144318
-45.911663,-24.318550,55.283760
-46.575027,-22.370920,54.387188
30.740181,-5.314595,38.521969
29.809647,-5.115907,36.425793
5.157421,31.000534,45.697830
-42.848225,3.556528,37.059635
-44.084236,3.415454,39.433319
-49.175686,-6.102616,51.325100
-49.024273,-8.463181,51.357906
-51.752911,21.373896,67.370148
-52.608364,19.339682,67.370056
-51.851894,20.036133,65.530693
-39.102108,34.897675,40.700859
27.713549,16.441114,30.662355
27.176662,15.871890,28.963861
42.321999,-4.001384,45.806656
42.928120,-2.835923,47.928837
-26.301813,-19.789898,23.292858
-25.391062,-21.606783,23.980064
-18.758009,-14.738505,33.819984
-41.233070,16.105789,33.440777
-42.046242,16.563541,35.140789
-41.973637,14.781845,34.649925
27.110682,20.667894,38.101254
29.035501,19.488430,38.867367
28.303257,19.186382,36.660648
-8.230169,0.371877,56.828018
-8.574623,-1.409989,56.665512
-38.998978,26.227955,35.842552
-39.555294,24.385263,34.709351
-38.056446,26.191240,34.026791
29.104113,15.504608,31.560163
28.666607,14.553026,29.507872
-19.868893,-2.712971,29.212139
-19.879496,-4.422573,29.977791
-20.140524,-3.040187,31.136484
-54.321735,-3.000482,63.950851
-40.622509,25.241865,28.405079
12.713415,20.309437,15.402360
14.336901,19.602770,15.957310
-13.097115,-11.446239,38.467201
-12.540673,17.314955,42.024544
18.812563,30.662424,61.218899
17.641588,31.464537,63.783161
28.543886,-15.620420,43.161629
29.707722,-14.999109,44.675701
-36.126621,-6.051073,24.843107
-33.149910,24.926392,18.734447
-34.761395,23.345350,19.634920
21.310217,17.034962,21.575411
19.400942,18.694660,21.618902
20.872839,18.373629,23.253935
-4.694636,-29.718830,25.305632
-15.618904,-28.106716,45.001617
-20.286427,-9.513159,41.180038
-20.027847,-10.534861,39.492809
-19.961014,-12.088920,41.140511
-50.661572,-17.643089,60.136002
-31.712481,14.433165,21.007545
-30.139765,14.413661,19.583052
-9.643581,23.269796,32.779270
-39.724190,-39.102737,60.906796
-40.302792,-39.356243,62.863289
17.507744,-18.719046,31.602060
16.077835,-19.609056,31.015120
-18.956230,38.738766,62.902573
-21.033905,38.721024,61.713863
-18.856565,38.489986,60.822807
-13.407380,-40.639343,60.676670
-30.167610,-44.647652,64.155151
-29.078491,-44.640644,63.063770
13.784108,18.946524,13.928506
12.127307,18.531748,11.589724
11.967058,19.788057,13.567019
-6.153775,12.622512,33.116440
-7.175420,11.215697,31.660898
-5.997965,12.965681,30.355715
-23.979914,-9.388505,15.507768
-41.025681,38.100430,54.093914
-40.007023,38.331726,52.644234
-42.248302,37.017071,52.780113
18.781733,-15.249557,27.604683
19.227926,-16.003433,29.678585
37.711506,-19.005228,46.670643
36.593353,-21.026306,47.672039
36.496578,-20.046219,45.089996
3.310265,36.744724,65.401573
5.228168,36.002075,65.365089
4.000979,36.375393,63.154510
18.191511,28.533716,51.990646
-35.267330,-9.213387,29.765203
2.836970,18.811365,62.489586
0.996142,17.239338,62.223053
2.083880,17.919548,60.410271
-12.182698,26.967756,13.549928
-12.851381,28.226164,14.576476
-10.858019,28.213623,14.953005
-20.035797,1.903685,31.704142
-19.948587,0.618436,30.012259
-20.218779,-0.006174,31.787575
31.521345,-8.910236,25.310478
25.180706,21.714487,37.432365
25.867420,21.917894,39.539288
-48.225277,-31.544020,67.372810
-47.148766,-33.175018,67.373077
23.355225,-22.838409,27.854397
24.924105,-21.305481,27.457500
25.109093,-22.550858,29.446793
32.541920,-14.568249,58.065132
-10.946490,28.692936,32.633419
8.696434,-30.348003,58.755569
6.866030,-30.583439,56.970764
6.535219,-29.812628,59.363304
-8.616821,19.834217,58.267658
-10.079962,18.118196,58.394634
-9.052858,18.659252,60.212097
17.677572,-18.514885,15.605581
-10.008801,-9.526025,50.279369
-9.691573,-9.257950,52.590908
-9.742094,-11.574683,51.707451
-29.122177,15.531164,15.182651
8.744197,-14.195521,6.048822
9.429438,-9.270189,12.078406
-49.864979,-11.857239,54.167473
-50.715149,-11.579156,56.174332
-49.447014,22.042471,59.911514
-50.053688,22.094236,61.821484
-50.386406,20.173252,61.014450
-51.035507,-24.480465,67.371986
-48.644547,-25.542694,67.372047
-30.844576,36.869015,53.140675
-32.919624,36.328701,52.247608
31.001692,12.129912,54.350201
-39.773071,16.167431,23.864531
-4.882349,9.042645,60.777119
-5.707706,7.014767,61.311729
-5.667608,7.655942,59.181355
-48.329918,-25.868738,53.430283
-49.087433,-26.195063,55.669586
-49.740608,-24.207180,54.857716
-13.309204,16.455969,36.486660
13.808782,26.931959,39.147240
-19.692135,-28.329174,27.518671
-17.550480,-28.513027,26.785852
36.983021,-17.387564,41.920399
0.954183,-23.603138,26.120182
-1.295783,-23.561083,26.155388
-0.108114,-24.345560,27.924622
31.350349,11.154934,29.976032
-24.525358,-7.350624,15.115808
-22.522051,-8.909552,14.202860
-18.762878,6.442386,45.097710
-18.079992,8.463759,44.997616
-18.457003,7.986223,42.606922
-8.744415,-29.807653,67.380051
-8.833809,-30.682573,64.910172
-8.005691,-31.533398,67.380356
-25.446012,-30.852623,33.667828
34.695648,-8.659070,60.438305
35.018875,-6.462582,60.913242
-18.570610,-37.394382,40.402386
-17.701132,-36.070507,38.070339
-38.130867,39.851925,56.121052
14.662527,28.958574,49.181782
15.599256,28.210436,47.487850
13.365458,29.008274,47.825775
-15.842620,3.062413,7.513766
-19.042082,-20.618572,32.010010
-19.610220,-20.230633,29.969622
-38.067463,6.692028,28.878471
-38.892529,5.772602,30.247131
-37.421780,4.783842,28.354723
35.833591,-25.156767,64.205078
35.732883,-24.898178,66.003929
34.617023,-26.348621,65.610474
-42.009514,-28.679749,53.908943
-27.697081,16.612658,17.716715
-28.623638,14.623938,18.316729
-27.117563,14.887894,17.132204
4.603145,20.469460,67.380745
5.515209,20.911121,65.312233
6.403377,21.499569,67.381035
-38.836895,14.488209,22.780510
-13.944484,32.140537,19.586916
-14.122368,32.821476,21.136934
9.500107,-41.971336,60.402546
-8.745861,-33.909214,61.848167
-8.270877,-33.007652,63.993073
-8.373143,12.178808,5.717608
-7.310835,13.927019,6.132462
-19.815664,-0.837886,28.683874
-20.075348,-1.230579,30.367294
-9.299231,3.467985,19.333721
-9.754008,3.230665,21.536352
-9.766195,1.535374,20.078827
24.545803,26.094866,52.740082
-49.708225,32.571350,64.132812
-50.912735,31.054827,63.959167
-38.770218,3.952452,30.449835
14.951055,-36.490334,48.240406
16.725504,-35.501476,47.357338
-22.985607,-10.216195,15.095099
-44.561340,25.354973,49.830284
-43.567703,26.529825,48.493908
26.904688,23.268291,46.700809
-20.980234,38.448261,59.747395
-19.199633,38.143112,58.467094
-55.842770,-5.008922,58.091454
-56.433300,-2.476244,58.916332
-55.547207,-2.841082,56.898918
-17.934223,7.929855,28.025942
-16.890436,10.007140,27.782211
-2.854497,31.954067,35.166569
2.449548,-40.106056,48.515484
3.899907,-39.206535,47.231762
4.439443,-39.976505,49.137157
-27.570396,39.612217,42.401722
-29.502533,39.171894,41.534481
-29.652239,39.616680,43.284492
-43.136951,-6.747061,40.162350
-42.781937,-9.087814,40.428192
-41.689732,-8.270337,38.477657
-57.684151,16.346870,65.443565
-57.231037,18.209986,65.563423
-15.386519,11.160666,23.558235
-14.828756,12.757540,25.447517
-14.141171,13.209492,23.335058
-9.961320,-1.870429,46.720798
-10.515298,-2.790235,44.489140
-10.176529,-0.749166,44.265308
-19.119333,6.597383,40.393608
22.012802,-26.808216,64.653496
21.129492,-27.414196,63.473797
19.952562,-17.689827,33.794334
-19.736891,29.830408,21.375446
-12.209089,-2.678759,31.010883
6.575538,-35.841030,40.631172
-19.702629,2.530309,29.737513
-19.246370,3.210948,27.608776
-19.645641,1.195098,28.371738
-9.252481,6.306105,35.914139
26.213640,-10.531969,18.942896
-7.641264,0.722158,67.377441
-7.399793,-32.900295,31.487062
-44.975182,23.618546,34.975941
-45.794884,21.316519,34.948475
-56.792870,-7.486916,67.370316
-55.108509,-6.069771,67.370499
-19.917053,-15.813559,48.013161
-53.785610,8.321739,63.606247
-9.385804,-9.077511,54.625149
26.313156,14.368001,25.498974
27.408260,14.630501,27.600496
-36.162331,5.566839,26.515606
-37.038887,6.895546,27.430668
-1.223779,-28.878378,43.413990
-1.999976,-28.249384,41.862316
-3.276209,-28.366480,43.257961
-19.908705,-32.250713,33.008270
34.917900,22.088427,67.386368
37.341667,11.634641,42.736290
38.386806,10.017331,43.173035
-19.112885,-14.538536,37.526417
10.965982,-37.956398,48.538155
-9.911963,-42.901466,51.484459
-11.870922,-42.544472,50.561073
-16.344316,-37.185535,51.098602
-15.127899,-37.494549,52.788689
37.064163,-23.280849,65.544876
-12.743241,33.615910,43.856533
-13.206630,34.399090,46.282486
16.208168,26.294868,39.873020
15.271030,26.204123,37.651348
-14.442937,34.278069,44.654236
-15.398218,34.802925,45.991383
-16.542910,34.617966,44.110973
-31.334387,0.703677,18.397812
4.725281,18.406158,54.956245
3.453416,18.196621,56.890594
27.035040,17.808243,67.385056
28.064274,16.703396,65.185234
34.292778,18.585375,49.623665
28.638046,-17.477844,27.557205
27.210331,-18.898708,27.311712
-38.098747,-41.704628,66.113754
-38.199657,-41.342072,64.730492
-24.673183,36.174019,48.018383
-22.565254,35.882919,46.942741
-17.163321,8.790854,26.057009
-16.137697,10.677456,25.777275
1.374440,17.879648,37.980000
-0.345622,16.985500,39.026012
32.570438,-28.483847,60.184185
-51.199661,22.109684,49.580814
17.382959,3.211638,15.872243
16.678659,2.143152,14.609896
-19.026890,0.565510,25.015787
-19.458878,-0.344650,26.773314
-19.276398,1.641708,26.646278
-27.554903,13.050729,17.416464
-25.601341,13.337687,15.934965
-58.825905,4.742864,64.004440
-59.068367,2.554955,64.676704
-22.720606,41.446312,52.985142
-20.203665,41.228783,53.290752
26.616207,17.256907,56.000423
22.147518,-26.422298,66.072975
3.877080,-37.169312,42.631477
2.070560,-38.035805,43.904564
2.387165,-37.060486,41.731972
-32.963367,-14.531375,25.552364
-26.027975,-4.881070,15.467094
-48.222633,-25.326262,63.871334
-47.362999,-26.385942,62.889061
-4.645084,29.086348,48.987404
-4.808091,27.314846,48.745808
-4.364321,27.611366,50.479546
13.775935,-16.554131,10.374132
12.987639,-18.171377,11.697418
-22.953072,27.464031,18.769859
14.236339,12.417958,24.303675
25.849312,-22.608017,50.896938
24.284630,-23.864952,50.440296
-9.134544,-4.461854,55.347431
-9.201941,-6.767859,55.710876
-9.415759,-5.520119,53.939648
-42.230591,33.927975,67.371460
-44.523869,34.956680,67.370987
-43.982815,32.519508,67.371193
-48.088799,17.105362,53.519886
-8.659151,-16.137821,67.379639
-49.807831,-3.482901,41.322670
-49.634903,-5.888873,41.795464
-17.615181,35.244678,46.228722
-12.417830,-38.059784,57.089127
-14.174513,-38.415802,55.605499
-39.691113,39.885109,62.867260
-38.102749,40.605122,63.478249
-38.704578,40.230728,61.324345
-28.308922,30.366280,18.526825
-27.126982,31.774124,19.339100
-25.911394,30.627831,17.598274
-28.102694,7.779613,18.072763
-26.100906,7.155784,16.619377
-26.528208,9.436090,16.742189
-11.753673,-29.991968,55.830185
-47.965855,-20.475180,55.445045
-42.792236,25.771637,32.734138
-9.089611,4.513164,41.931190
-44.206299,-24.228367,44.765789
42.495461,8.978414,63.536037
-5.473230,25.183437,49.723728
-6.949429,23.085457,50.055305
3.045471,17.843386,31.124729
4.191903,17.546949,29.362072
4.730110,17.922201,31.855047
11.670302,13.915910,22.608959
-16.395998,30.727453,26.535063
-18.436443,31.336409,26.617735
-45.479630,18.722319,46.992203
-45.298008,17.172974,45.284199
-44.759457,19.182152,44.863407
-22.721613,-40.603046,47.991962
-24.648129,-40.705746,49.293911
-49.459911,-22.188372,62.207527
28.574186,-19.263557,29.491177
-12.195127,17.618889,46.825634
-11.500681,18.422583,45.231617
-41.218441,-31.713043,57.740311
41.944965,-13.974118,54.433292
-4.715916,-39.756691,67.381310
-6.827182,8.914618,67.379044
-6.466023,1.488998,1.315964
-4.530196,1.117463,0.699049
-6.162717,-0.901438,1.094822
-50.332878,16.027843,42.727501
-49.665855,15.433456,40.614296
-11.063079,19.007874,42.190441
-11.421380,18.653728,40.589088
-14.510859,34.379951,26.699686
-20.003916,3.082097,33.152370
-20.197609,2.500908,35.186581
-19.815033,4.392308,34.545994
33.964077,-27.127054,60.147438
-34.755089,12.748569,19.189392
13.544628,-34.314915,41.184406
0.976810,17.889751,35.513939
-39.958916,-26.989100,41.829742
15.957417,-34.483627,43.779408
33.333115,6.524476,67.386658
32.820557,8.096727,65.476517
33.531391,6.181841,64.704704
-14.956842,-9.586014,9.304790
-15.386873,-7.885626,8.883845
-26.730759,36.282368,48.541256
-26.334372,35.826351,46.289066
-13.723862,-10.653769,9.037655
-22.723969,-23.560797,23.884787
-24.600626,-23.139467,24.713858
-23.810946,-22.002354,23.258305
-21.647589,-36.036263,46.836983
-19.699316,-35.392860,45.834549
-24.335049,24.123455,17.287184
-24.786047,21.954979,16.703644
-4.507664,33.315311,67.378548
-3.850037,-12.386111,14.932257
-9.698848,6.161469,28.839136
-37.947548,-40.197212,60.829056
-36.450909,-40.564163,59.532074
24.095926,14.131733,21.667250
23.071459,13.879000,19.617563
22.801867,15.540481,21.532936
-10.116111,-38.684662,61.869770
-11.505476,-39.231407,60.419334
-41.758713,-35.144196,54.742779
-1.106120,31.378817,67.379257
-16.777391,36.437141,51.811752
-16.195375,35.873550,49.877071
-14.664024,36.132244,51.787704
35.960369,-22.479759,49.360447
35.219093,-22.813799,47.790768
9.642775,20.364851,12.550029
5.484857,-28.863928,24.970556
-38.557877,37.474121,46.553696
-36.970932,37.989925,45.486820
37.197075,-20.958599,49.624386
37.177402,-23.494452,63.388271
44.039429,-2.628185,54.788475
43.848949,-2.135056,52.959888
21.970057,16.859207,46.842731
17.412987,-37.434273,67.385353
32.866928,-5.893719,45.162411
32.746338,-4.315315,43.667194
29.184662,-31.435423,64.088028
-0.726927,15.446706,62.309998
0.320550,16.742031,64.528023
-1.053408,15.180831,65.156967
34.198112,-13.408141,63.492786
-18.630451,-16.635721,30.067287
-18.784418,-18.728022,31.046543
-18.562410,-16.839298,32.218182
-10.385696,17.014578,60.270500
1.218813,-24.357458,16.398523
-0.935022,-24.381657,16.452888
-0.145383,-23.229652,14.974414
-38.809784,18.389795,22.888092
-38.395405,16.181017,22.286621
-2.237583,33.439846,67.378975
0.270184,33.596054,67.379440
0.000000,0.000000,0.000000
-40.584675,-24.025736,46.298725
-40.619774,-22.777367,45.257805
13.339174,14.566391,7.853502
15.012825,13.691422,8.302392
13.495511,12.803249,6.485613
24.755100,-6.100831,26.929644
24.396658,-4.576573,25.365463
-14.322739,19.638075,10.039023
-10.721897,-46.091854,67.380310
-9.125039,-46.110329,65.137894
-8.529314,-45.682903,67.380760
-59.267765,9.886019,67.369179
-59.047634,9.009978,65.744789
13.384566,-33.616520,39.222050
-15.518853,27.587320,19.703661
23.834408,-13.352889,33.868107
7.228113,-33.194103,34.689022
15.439322,-16.973421,11.878333
15.197656,-15.349650,10.019659
13.664934,18.527061,48.544037
12.939480,19.142756,50.942749
11.732666,18.585495,49.036316
-48.767700,6.841790,51.565235
1.117476,-36.694702,40.382797
0.871682,-35.928391,38.561893
-40.446426,-19.456810,35.865932
-37.547031,25.280270,23.558817
-37.733707,26.653584,24.947340
-8.483821,-17.618210,11.005979
-25.668856,34.585655,40.620972
1.615434,16.125616,16.855789
-0.508811,15.888436,17.673735
-0.251544,15.393371,15.365841
-19.721891,-4.917587,60.246918
-19.702686,-4.968882,62.349579
33.252838,-23.631802,44.195614
35.130661,-22.201429,45.907139
-29.917742,34.355236,27.215528
4.117414,-43.115715,65.960495
17.672079,-17.007673,28.781822
18.506512,-17.249857,30.628544
-51.898899,29.785604,65.650894
-7.952435,35.990879,67.377815
-9.839492,36.848591,67.377426
-9.035992,-31.851601,62.280365
42.357872,8.009274,67.388290
40.011814,8.875271,67.387817
-26.657631,32.463856,33.065922
-24.252268,32.828823,32.973881
6.711082,-34.110085,36.514206
33.150482,3.574902,27.586718
-56.977322,-1.448286,67.370079
-58.413219,-1.975831,67.369850
-57.422512,-1.921585,61.049328
-56.880661,-4.261094,60.283146
9.693432,-36.439293,43.989807
-44.257160,-34.123363,67.373596
-45.582890,-33.120247,67.373344
-45.883598,-34.819397,67.373367
-16.406393,-24.930447,21.719170
-39.875496,-22.058929,43.666767
-41.392174,-21.189268,45.031509
-47.327953,28.112902,45.863804
-42.567169,29.510057,36.970909
-43.464825,29.408474,38.636646
-42.393452,30.882175,38.725677
-4.829380,-27.037563,51.245205
44.183475,-0.290144,60.955109
-18.875240,-22.825970,34.759167
-8.922861,20.348919,54.679081
-8.022876,20.992746,56.262402
-4.595198,35.323322,67.378464
-6.056533,34.829254,67.378212
32.294453,3.709704,26.215019
-27.202959,1.488970,18.288475
-26.533564,-0.301490,18.175499
-16.262758,11.926802,47.615589
-19.510855,34.051762,38.961380
-29.773043,25.318619,22.197823
-31.172596,23.605825,22.546583
-29.689466,23.266962,20.949770
15.239262,-1.470689,12.718032
-43.824722,28.091904,37.516857
-9.677308,25.319654,32.182125
-38.350739,34.032177,37.579994
-38.282185,33.004963,35.323227
11.279872,17.915804,39.388405
12.393504,17.833267,41.222054
-7.845203,4.844130,10.012568
-27.934649,-33.924355,45.204632
-25.915432,-34.238903,44.542480
-33.140587,32.027500,37.754139
-31.808430,31.983698,36.160767
-28.824759,38.115459,59.030563
-28.573154,38.431103,61.102272
-30.620317,38.108688,60.574429
-40.688728,27.629490,42.184242
-39.444294,29.021574,41.689262
-20.434353,-6.797873,46.727692
-20.533974,-6.686675,44.247807
22.569775,15.978016,44.736042
22.785973,15.325150,43.109177
24.594450,14.785994,43.975578
-7.383750,-12.496973,61.530350
-6.691694,-13.464684,63.452896
30.728285,25.573128,65.186836
32.499977,24.092100,63.997948
-18.670139,0.663866,57.803825
-13.349755,-23.464441,67.379036
7.673100,-15.756990,17.072155
8.779909,-16.568335,18.615557
37.008999,7.198536,37.333103
35.882828,9.248128,36.772980
-20.170551,35.547100,27.851938
42.324512,-12.210034,52.667858
36.409046,18.110744,55.113045
35.075642,19.425037,54.782993
-29.875837,-24.261040,29.399891
2.102978,-19.888096,20.417835
15.406727,1.543113,3.638999
14.145822,2.643264,2.996249
30.631310,25.182169,62.234341
33.615368,-15.452293,65.456345
33.529957,-15.608459,67.387527
34.358192,-13.643293,67.387604
-20.800701,-30.688114,39.401093
26.190514,11.832609,40.139530
-41.360023,30.527237,49.274567
-40.708263,31.938089,50.689304
-16.009617,1.425516,7.598844
-17.633484,0.321875,8.775156
-17.453503,3.045344,8.606683
34.256413,8.658674,67.386742
33.993279,10.506164,67.386627
32.460487,8.777633,67.386398
-49.225254,6.021110,38.416851
-50.222439,5.976546,40.425152
-25.341093,33.179482,34.983868
32.800804,-25.400497,67.387756
33.525738,-27.001505,67.387955
34.935318,-25.451506,67.388168
-6.083433,-42.736641,51.567764
-7.816344,-42.367004,50.432270
-48.298378,9.160996,36.455486
-47.659729,7.518599,35.371349
-34.619465,-2.639148,22.242748
-35.268166,-4.366760,23.427397
-11.563002,17.100601,56.323269
-29.052694,-36.531475,51.359192
-30.460699,-36.637032,52.930470
-33.634365,28.855566,21.605799
-34.623352,30.011086,24.156202
37.358276,-10.996797,36.556477
37.593014,-12.796566,38.375412
36.722553,-12.924249,36.624466
-32.702850,30.959677,34.591209
-31.591640,30.668436,32.537128
-30.631237,31.735115,34.260204
-29.595184,27.343542,23.806395
-28.067926,26.933075,21.805716
-36.650349,-7.423580,25.864693
-32.690769,-16.239813,30.197462
-31.083868,-18.713720,30.269726
-10.423306,35.524250,53.125511
-11.855503,36.117546,53.865078
-21.401087,-6.371161,17.367350
-23.040977,-4.336751,17.157915
-50.067909,23.413492,63.649845
-49.146481,24.039316,61.205166
-50.602314,-15.119125,48.902946
-8.268038,5.032931,46.160290
27.748404,-15.638343,24.646334
-35.428104,36.651142,57.757954
37.326469,-4.811034,33.908916
36.122707,-5.376714,31.613338
36.711105,-3.251795,32.570034
-49.813023,-7.836121,42.916058
-12.828585,29.595837,16.024637
-18.513288,-20.141949,52.423920
-1.834283,0.913063,0.191791
-0.308665,3.083201,0.206613
12.948929,-28.486362,65.673035
11.970108,-27.801607,67.383942
-11.505365,41.636009,65.073471
-13.050344,41.953766,63.771770
-13.597643,42.118549,65.418205
-12.818070,-19.033993,14.162338
-13.459377,-17.662821,13.366642
-3.632265,38.371658,58.944382
-1.917430,37.574070,58.234627
-11.489859,18.330420,48.724873
-31.448484,17.542728,16.581284
-17.333872,-44.273151,55.924461
-16.888102,-45.133965,58.428715
21.710772,-23.288811,26.632484
20.151592,-23.560953,25.391840
-15.369396,42.469246,65.711227
-14.956661,42.287529,63.335266
-46.603924,13.270388,47.590054
-46.173763,12.042325,45.671661
-45.794773,14.878217,45.680683
-42.949467,6.042964,36.865482
-12.772462,-5.991323,36.439713
-13.111270,-8.531865,36.785519
-13.149107,-7.746902,34.646301
-31.670904,34.246143,42.664551
-30.161156,34.927631,43.898430
-32.017166,34.765339,44.811138
-20.209543,-10.833276,19.730331
-25.497101,-44.313316,59.619236
-3.675771,11.366379,60.448242
-4.254495,10.142438,62.168999
-38.302387,-35.514332,60.666309
14.831904,17.769600,44.568405
-33.279625,-39.476955,62.704060
-35.029240,-38.779507,63.453457
-44.019138,-6.543666,33.756100
-44.841579,-5.160788,34.324100
-43.515236,-4.954154,32.519173
-29.889177,0.648655,17.197464
-28.141619,-0.543267,16.046001
-19.380318,-5.277548,17.325653
-22.901403,-27.326914,35.281624
-20.864727,-27.687288,36.471306
-40.947128,14.551860,32.729603
-39.765701,14.788841,30.764675
-40.481110,15.996780,32.087109
-39.232330,-5.011144,33.666649
-26.538040,29.299299,23.283558
-27.727121,28.246798,22.889225
-26.079950,28.258890,21.454988
-51.945145,-0.719166,45.265430
-11.471747,13.728490,63.569069
-25.038481,-27.358446,35.249298
-26.364700,-28.193253,36.559155
-19.968166,38.630154,40.355270
-21.966274,38.773319,39.646351
-54.300060,16.555954,55.055626
-54.220421,14.705923,54.093433
-55.105705,14.913365,56.636471
-20.022827,-6.930195,65.117897
-32.700306,12.332012,21.901894
13.057154,31.192144,67.381927
14.994497,30.117180,67.382393
14.670771,32.412529,67.382179
21.178738,0.846361,20.001381
-54.165882,12.845531,53.295582
16.567324,-38.795517,64.414734
14.678889,-39.692043,64.064186
16.054064,-39.326736,62.010330
-39.182758,-13.132910,30.870043
-38.998425,-10.859033,29.645641
-56.557922,18.816538,63.447102
-55.949112,20.783758,63.334641
-55.796318,19.404966,61.342808
-15.228339,-26.397947,22.925062
-13.311851,-27.876060,24.133106
-15.890909,-27.871750,25.195223
5.114115,-42.276512,67.383186
-19.485176,-44.241138,67.378532
-17.529665,-44.141212,67.378922
-18.365522,-43.646812,65.275734
30.298351,-16.445572,49.772591
29.656691,-16.989704,48.035049
29.011440,-18.389284,49.182171
-20.252525,-4.565940,47.835289
-20.430655,-4.953980,45.750706
-5.611306,30.708309,48.208252
-10.506759,-15.046924,46.805294
-58.518337,12.437663,65.615768
-58.909023,10.715476,66.075081
-58.981682,11.804029,67.369156
-40.409527,-11.705520,31.575706
-6.890673,-33.921528,33.361431
-5.194154,-34.122414,33.798229
21.825859,6.154324,26.330917
-2.847025,-44.564381,57.806564
-1.580687,-43.969460,56.249500
-1.071942,-44.353477,57.981037
39.717083,15.575139,65.710823
26.720081,13.579782,44.211033
27.807901,12.295968,43.366772
28.219090,12.925086,45.444920
-32.816967,29.247503,30.952627
-34.463421,27.450470,30.202953
-32.587727,20.197704,22.672316
-32.787640,8.914047,18.120415
-12.458946,18.871576,14.523015
-13.573497,20.042995,13.770386
-23.641886,35.876202,28.386223
-17.093531,39.218754,46.422455
-19.113541,39.576954,45.776165
24.716509,11.899594,38.392212
24.491234,13.151408,40.285408
23.276598,13.083151,38.751232
3.358492,27.845686,67.380234
2.278240,29.562550,67.379967
1.302198,27.416891,67.379868
22.238331,-21.653578,42.166950
20.419716,-22.182020,40.882629
-6.154525,35.242199,63.533501
-30.090235,26.889956,17.295940
-31.837381,26.784737,18.502712
-30.792559,28.156458,18.466925
-3.768356,-36.637627,39.003944
-4.638888,-37.533680,40.698349
14.001745,23.555422,67.382378
16.086052,23.521317,67.382660
21.493950,-24.743578,47.102448
-14.890097,13.078466,54.238220
41.808647,-12.816814,50.739971
27.382723,-12.242684,38.253155
27.302689,-14.033628,39.827244
28.182934,-12.412174,39.616264
-30.841782,-40.102112,61.387627
-18.383781,-19.178213,35.245167
0.622781,-44.546810,61.729904
-1.743332,-44.839737,59.936951
20.365604,-36.598339,65.758621
-48.269508,-29.730364,59.401203
10.451508,33.839355,67.381332
12.547984,33.129047,67.381752
11.638166,33.571419,66.010880
-32.067310,28.433283,19.688671
-30.244518,29.882185,19.310020
30.365606,11.997373,49.335133
-33.614777,-27.166399,40.927864
-35.285847,-26.822273,42.408443
-33.679108,-28.633232,42.666534
19.110863,-36.597054,67.385384
18.131378,-33.893589,44.375427
19.664919,-32.671570,42.736946
-9.380838,26.749781,13.742378
43.596352,3.918694,57.921822
-41.781227,-5.720763,30.669632
-40.914089,-4.173134,29.099840
-40.267982,-6.423634,29.205418
-49.609367,-20.969891,60.759285
-50.344009,-20.465469,62.790707
-50.525936,-26.103750,67.372185
-52.101963,-25.464632,67.371872
24.184114,2.600932,26.389839
24.913956,0.635995,26.398935
16.805267,-7.613864,16.566702
14.602941,-8.366119,14.965310
-17.234373,-20.736519,59.143566
-17.717119,-20.720516,56.498325
-16.838402,-22.037014,57.087849
-9.349126,41.072922,65.399139
-8.382698,40.786999,63.918591
-9.848948,41.168468,63.807755
-19.606962,-43.945839,55.744446
-18.658758,-43.331406,53.688034
5.646702,-42.665775,57.023392
3.690358,-42.975204,56.268661
31.675301,-28.072660,53.528397
30.667152,-28.612188,52.195671
32.080383,-27.135466,51.262569
2.120113,-34.177879,35.052284
-19.826000,30.567823,23.080437
-14.412416,14.849747,32.816326
-15.230694,13.866500,34.194057
20.978018,27.964725,53.788284
19.306213,28.580334,53.666008
-45.092285,-7.268925,35.456585
-46.100418,-5.293337,36.099796
-23.671583,9.015896,14.830585
-21.778261,7.826202,14.028230
-15.015328,-32.359791,46.039383
2.601852,-28.386211,41.587616
1.141490,-27.619907,39.587334
-0.039385,-28.383253,41.633217
-39.313999,-27.930439,48.760204
-24.134569,43.159370,64.638611
-24.333902,43.008232,62.646889
-16.460840,9.251917,23.844931
43.192181,6.020947,58.572033
-20.028074,-5.024674,31.575233
-20.722628,-37.676346,41.412628
-8.236510,6.140624,15.674550
-7.798639,7.916578,16.821144
-55.477604,6.700140,67.369949
-57.755482,5.486316,67.369629
-55.617779,4.683376,67.370026
-18.059151,22.687765,14.353301
-16.003134,22.999592,14.653046
-17.417515,24.282053,15.361510
-10.677836,-10.174840,46.572617
-10.302144,-9.347331,48.382969
-25.000587,-23.337696,30.739779
-44.040585,31.576843,58.785812
-43.016449,32.028294,56.733425
-42.402355,33.081928,58.497829
-25.011610,-24.808874,26.529371
-23.476385,-24.552874,25.276035
-53.640697,13.583489,65.357712
-54.233246,11.813391,65.975044
43.182896,6.524304,60.985447
17.287687,-16.527704,12.898173
18.758310,-15.405677,13.133011
-17.129730,-27.536366,41.227169
28.002974,-32.415833,63.203747
14.090871,-19.243780,27.512253
-4.665884,13.747679,21.057512
4.871906,26.854872,67.380547
6.785078,25.482628,67.380974
7.131448,27.717642,67.380943
27.488226,18.684694,34.139099
29.309048,17.440310,35.005356
32.759907,7.997797,51.876118
-19.955021,3.933137,36.460457
-19.996855,3.610508,38.301746
-19.442966,5.849986,38.075619
1.816674,-26.281712,35.579716
0.188964,-26.942720,37.743645
5.357513,-31.378300,30.193764
-9.286109,-23.702539,43.713383
-34.004520,39.924614,67.372780
-31.839825,40.347099,67.373154
-32.976467,42.153004,67.372879
-7.674317,-1.194999,65.394844
3.349399,-25.702190,65.088646
2.411438,-26.284986,62.698944
-20.557346,15.748833,12.986316
-22.276529,16.864899,14.043358
-27.536045,-28.930014,37.946133
-28.626921,-27.499489,36.875767
35.418629,-2.359682,67.387383
38.793587,-14.526297,42.756222
38.391178,-13.483985,40.705994
-20.290739,-6.671944,48.975983
-37.399738,-23.948048,35.882004
-15.450654,26.264112,17.997663
-13.153626,25.232899,19.029108
-14.193176,26.766809,19.852869
-19.884823,-5.852961,55.797428
-19.626785,-3.676749,55.619865
-35.020168,-23.121649,38.418056
-34.941128,-24.449194,39.566296
-33.607300,-24.383146,37.970970
-26.121737,33.596966,36.863853
21.706108,25.953817,47.331608
19.949656,27.018610,48.770584
21.641035,26.506079,49.430103
29.692429,13.275671,50.821991
12.297352,3.473247,8.850570
11.478532,1.763379,8.085592
-18.006386,40.710812,52.575966
-10.353213,-18.225426,27.366415
-10.780784,-16.216516,26.299469
42.252861,-5.986104,46.076046
41.745979,-5.763887,44.438663
23.302742,2.468896,24.633669
24.023264,0.869961,24.878708
32.094719,-9.011865,44.679016
-7.190999,23.979616,43.947983
2.854307,21.019636,67.380394
29.452036,-7.818090,22.135689
28.325287,-8.364141,20.857225
-7.101529,-17.163788,10.071006
-52.846722,-6.033678,49.792591
-53.399158,-3.739170,50.814720
-13.724233,14.405937,25.067430
-12.658207,16.167852,24.865765
-15.128456,38.143082,61.071529
-13.026199,37.794693,61.196529
-37.898746,-4.264094,31.499325
-45.142426,4.564529,31.843348
-44.983952,2.099852,32.213486
-46.319733,3.685894,33.806644
-24.820732,10.694399,15.446429
31.022219,-25.550001,43.414059
-6.490973,7.512036,52.440987
-6.968076,6.275028,53.044285
-7.209178,6.186021,51.164726
-9.630692,0.325861,18.880283
-9.258622,2.056417,17.953743
-7.913469,-13.878426,67.379692
-25.572477,19.853363,16.654785
-26.683702,21.307529,17.799826
-27.371094,18.890717,17.771267
-40.516434,-1.490993,34.459656
-5.494702,12.544878,19.287043
-34.699867,10.124811,19.439999
-31.593124,38.374096,65.264328
-32.390205,38.138542,63.716953
-30.328796,38.424847,62.828831
16.063883,-3.855450,4.324089
18.086336,-4.342796,5.907029
14.814630,7.321482,14.903153
14.705768,8.782459,16.345917
13.431384,9.098074,14.665313
-57.398911,-12.078734,65.381279
-56.597511,-13.617279,63.989609
-8.831332,-16.304441,10.070713
-19.008900,-42.769745,62.636314
14.262940,10.413012,18.033844
-38.196281,14.094933,28.411621
-45.575356,13.384816,31.792776
-45.599751,11.172965,31.765985
-46.356609,12.414856,33.037975
-13.786282,-9.027882,8.308516
-18.647976,21.347223,13.800992
-18.138395,19.329771,12.881681
-16.779078,21.346403,13.567339
-19.263866,-18.383497,50.887211
-29.254488,28.845207,17.892668
-27.435997,29.072311,16.963163
-28.523212,27.642620,16.710440
23.157906,28.302879,58.506310
-39.558361,35.398239,61.059563
21.668213,13.700539,38.148205
20.601444,14.963536,39.695980
19.497732,14.759054,37.974037
18.439234,-34.445148,46.355263
-12.668263,-26.584974,22.070599
-14.299120,-25.224583,21.034401
-25.618843,28.862423,16.006588
25.939970,-20.008459,27.001848
-21.708897,-15.140969,16.778240
32.472977,6.668615,28.161900
-26.494314,40.453182,46.081001
-9.808125,-24.811985,18.750076
-18.682793,-10.324179,25.679831
-18.621731,-8.904596,24.086971
-38.270107,-10.716809,34.543224
6.458726,-30.488338,28.738319
4.736529,-30.784788,28.777622
-29.880159,42.296677,59.521301
-52.349522,24.046913,67.369942
-54.735012,25.061310,67.369438
-54.225319,22.466532,67.369644
-19.508471,-35.026104,36.931095
44.006836,-5.472991,55.963360
43.971634,-6.642034,57.691944
0.922112,19.715080,8.760706
-0.501987,20.518732,9.357177
1.726800,20.848118,9.931294
12.110920,-24.262280,35.916000
13.693242,-24.106092,37.164688
13.408318,-23.297499,35.046276
25.289034,20.049488,33.293514
-7.122211,-45.809605,65.803688
-11.601344,-4.124639,67.378654
-10.675350,-5.754392,67.378883
-9.860808,-4.265032,67.379028
-19.341009,-2.885537,59.718586
-54.876316,17.050474,56.895699
-54.932819,18.644985,57.954578
-54.203625,18.520222,55.776028
-32.262203,-36.036583,53.464676
15.393723,18.946884,50.242031
-18.700815,2.362015,15.495049
16.644047,21.419912,23.398945
17.680237,19.890368,21.536074
8.232004,16.469292,7.055598
7.215744,14.814746,5.383418
5.980888,16.214401,6.238460
2.106716,-6.382967,8.488913
4.261660,-5.127502,7.882307
-18.491547,38.803741,67.375710
-17.065035,38.663036,65.867599
-29.860701,9.208096,15.966429
-28.327042,8.858926,14.991387
40.193050,10.228769,49.216003
40.819397,8.282560,48.317226
-6.406056,4.702876,65.283714
-5.944653,6.182598,65.631584
-26.722675,-5.769084,19.838999
-26.534653,-29.354240,32.429714
-19.304056,37.233864,35.235470
-11.372046,0.077316,36.202412
-10.844946,-30.480652,57.983700
-10.012924,-32.418591,58.608238
-3.850113,27.141031,54.847363
-40.915859,4.754076,33.557774
-40.994896,6.301955,33.386501
-41.751740,4.843218,34.912666
19.198984,10.287744,29.310463
21.147703,8.789509,29.546162
20.662127,10.278204,31.326813
28.529715,16.976849,32.849785
-38.128124,-36.754124,63.631409
-34.417908,7.421124,19.609436
-3.683502,23.487379,11.732253
-11.427573,24.557625,22.599792
-6.874251,-12.193453,65.326294
-19.302534,6.109771,33.711021
-18.673031,7.633780,32.569210
18.375980,18.634407,19.876099
17.395105,18.649874,18.389212
15.743506,19.480377,17.685879
16.610922,19.777521,19.650393
-18.016752,4.109043,22.702120
-18.430288,1.773460,22.882549
-18.687962,3.257849,24.987221
15.484298,2.204725,13.017946
14.706088,4.149554,12.510692
-22.226454,33.034122,33.482002
-20.429983,32.607735,31.665134
-20.211506,33.015076,33.650436
-52.557846,-8.143789,49.868080
5.765573,35.325020,60.851704
3.403898,36.114429,60.274536
-39.561852,-25.301670,46.161358
-17.278477,5.449372,16.329184
-53.008957,-23.735703,67.371368
-28.539721,37.331257,35.130207
2.646492,-37.315563,67.382561
2.076434,-35.590698,67.382393
-27.182749,1.466003,14.966045
-27.898003,3.286754,15.233546
-26.194092,39.236717,40.616692
-12.874928,-8.447621,30.322321
-12.639780,-6.592037,29.745770
-12.993969,-7.348380,32.139011
-42.784286,17.386822,37.178864
-43.634033,15.775115,38.870972
-42.838364,15.137010,36.623169
-6.795010,-9.513472,15.638022
-8.266756,-8.496886,17.174623
-7.092398,-11.256471,17.037678
-13.050597,-43.880573,54.027447
-13.121944,-44.605721,56.093811
12.678825,-40.604969,63.636066
-39.004604,-37.035114,67.374458
-56.371296,-16.477762,67.370720
-57.038166,-14.595570,67.370522
-30.829710,-34.281700,41.654205
-25.676443,43.150772,65.791008
-23.908941,43.143269,67.374542
26.182127,-23.125135,31.545055
24.446898,-24.118446,30.976757
-31.103243,24.737410,17.180471
34.064899,-4.579634,53.034851
34.222412,-2.168941,53.194229
29.739185,-21.046896,63.455971
29.382292,-21.094313,61.006851
28.303736,-22.501474,62.582893
-39.423954,-40.775414,65.976639
-39.957424,-40.061615,64.378769
-27.207769,10.558520,14.221260
28.436697,-18.208071,46.644054
9.969943,8.589954,8.718805
11.126640,8.996917,10.796207
9.133738,10.581895,10.156365
-5.866778,21.527658,63.712269
-6.996897,20.238985,62.867168
18.845966,-34.943962,67.385429
-10.554245,11.601118,6.370886
-12.064070,11.970277,7.145499
-44.921970,31.458061,62.846218
-43.547638,32.862045,63.390133
-44.932522,31.660328,65.244118
11.182431,12.861907,5.310030
-31.201571,10.519446,20.550764
-29.820539,9.305830,19.389301
29.119410,-5.931753,21.165430
3.596266,-33.309505,33.634930
5.132953,-32.992325,33.453346
-32.099079,-42.519653,59.732437
-33.153816,-41.244411,57.460060
-30.700768,-42.134136,57.495808
-6.893594,-19.051073,57.236897
-15.729500,-41.990135,49.423923
-14.728899,-41.410461,47.907589
-8.787535,-1.715535,15.561300
-9.213681,-0.363485,16.953711
-9.172071,-2.589717,17.026907
26.981329,9.212333,37.377350
25.404585,9.071253,35.185356
27.057648,7.410077,35.311165
-32.382530,1.332696,23.005827
-1.137101,16.493917,25.583151
23.465433,-25.418297,31.954077
24.042395,-25.982744,33.511391
22.685810,-26.451067,32.755257
-32.049595,-44.327129,65.203995
25.749437,-26.752390,36.816219
27.099390,-26.531454,38.303318
-10.510411,-12.601000,8.201331
-16.438894,-20.445650,64.057281
-17.309774,-19.432964,63.012913
-16.557461,-20.927929,61.927902
32.455994,-7.421479,44.629829
32.793518,-7.927180,46.542267
40.828350,-5.745766,42.036110
40.439396,-8.572000,42.099606
17.187199,-6.228896,5.736730
16.731930,-8.472178,6.313437
16.020641,-6.681082,5.092668
28.718086,8.129374,38.569420
29.306715,8.726390,40.370987
38.095173,-16.189978,43.033108
37.724770,-15.571442,41.327587
-20.725771,-7.745392,12.468570
-22.729925,-6.317636,13.413118
-20.874695,-5.063871,11.777186
-35.594456,-18.348818,35.258442
-33.832985,37.873436,65.214188
-34.188206,37.644802,62.969238
12.737060,-27.224247,43.303993
16.999443,-16.567564,26.934418
17.331469,-15.243459,25.254532
32.212231,-20.677191,67.387466
-28.011703,-36.048500,49.457973
-28.394207,-35.025574,47.623055
-7.878585,-1.189601,60.787395
10.680541,31.394098,53.022072
9.879300,32.108246,54.444332
-35.415699,-16.888823,33.996128
-36.732952,-16.835468,35.737759
-9.057563,-38.665733,42.308445
-7.270470,-37.340454,39.884663
-6.337785,-38.407890,42.219524
-9.904305,4.775447,25.094910
-10.180823,3.004389,23.657763
34.717125,-26.458132,64.068794
-29.223843,31.482454,32.089733
-30.756483,30.353834,30.709898
23.034241,26.302555,50.921925
22.584604,27.054379,52.987534
-41.565842,-38.680527,63.939655
-3.694571,39.204430,62.896118
10.829105,-20.995840,26.951385
10.180889,-20.247744,24.975986
21.843996,-26.678768,54.731037
23.689867,-25.640928,56.012287
23.442249,-25.307251,53.520260
33.607956,18.718267,48.016556
32.700367,18.964367,46.242527
32.022675,20.043463,47.816944
30.446478,-19.356085,59.868389
29.765875,-19.708937,57.984711
28.965393,-21.124693,59.076607
-29.922451,-35.309082,49.520176
-38.099903,5.769413,23.256195
43.616413,-0.948906,67.388863
43.694035,-3.029382,67.388962
-26.626301,-22.611692,25.625219
9.385689,18.033932,44.584427
-21.084888,-32.220291,41.049107
-19.995089,-33.170971,42.477089
-19.484291,-31.645033,40.996883
18.279253,5.543782,6.437385
19.687735,7.017284,8.472495
-18.429173,4.572904,15.225229
5.163052,-24.849869,31.434261
3.871860,-25.323568,32.437546
6.066997,-25.185841,33.303967
-24.765442,-37.295715,42.349686
43.760891,-6.418548,54.052479
-32.107662,16.374578,21.519335
3.299199,-30.574545,49.155697
5.025008,-30.599264,48.933891
4.125319,-30.160540,46.876583
-37.213142,40.640915,59.817009
-56.395630,-6.629016,59.851276
-29.405983,-14.463294,22.490465
26.217571,-32.242645,53.222027
27.455276,-30.990788,51.677349
43.287098,-7.424701,67.389046
43.741413,-6.790779,65.145096
-9.345315,-32.625427,60.478855
-4.630976,25.204687,56.199287
-27.924662,29.174801,24.542835
-26.002878,30.342138,24.933855
-27.202658,23.735268,14.726277
-27.971306,21.914087,14.804623
-19.362581,4.077949,29.328491
35.547626,-24.628757,55.584541
-47.516041,14.733755,35.517410
-48.338421,13.243982,36.865295
-48.302193,15.377931,37.317688
27.888174,-22.609955,60.087421
-26.798515,-33.031055,43.029007
-24.881920,-33.700462,43.233166
-46.797356,34.906868,59.140125
6.107903,1.085307,0.312477
-27.985209,40.060764,44.433174
-13.705197,37.227215,41.901794
32.980816,7.894242,63.035004
32.266037,9.555978,64.505379
22.943281,19.633226,28.764250
21.612616,19.703098,26.954054
-42.104507,36.263023,67.371399
-18.701454,-11.671271,26.768248
-18.680040,-13.953882,26.666948
-49.974655,-12.626236,45.775311
31.859941,19.146885,44.368908
33.605442,17.366074,44.112255
8.767590,23.833220,18.939531
8.347280,23.410248,17.436848
-14.257588,27.767841,21.603586
-13.817327,28.490324,24.090710
-21.228319,40.483437,48.467140
-23.212488,40.845783,49.132446
32.483383,23.756805,61.885193
31.407976,24.105751,60.114403
-29.339527,33.817871,24.880829
-47.019066,-30.985920,58.017197
-51.328560,-0.567656,56.505108
-9.407878,40.357422,59.550476
-7.389538,39.991592,60.507923
-7.392241,39.499416,58.479603
42.437862,7.854198,56.450203
-35.980473,7.516619,25.947985
-36.845539,8.856044,26.881531
-30.728121,12.558894,20.063829
-41.348286,17.717686,34.029922
-4.730743,12.238025,13.291751
-3.039394,13.168895,11.967198
-3.160478,13.626574,13.731275
-15.982698,17.574032,11.986144
-7.891503,18.609083,64.021774
-6.525436,20.112179,65.173012
40.987568,-1.890438,67.388412
41.361149,0.073577,67.388405
1.204099,-18.827986,9.745729
-52.344364,28.632927,62.571785
-53.460686,26.782631,63.102531
-52.918106,28.134441,65.034340
-20.970596,17.124771,11.407770
-19.926687,19.130245,11.347343
11.450814,-5.242532,10.744315
12.220112,-3.731179,10.557446
10.531693,-4.145111,9.603057
-58.448662,-7.503128,65.376656
-58.994896,-7.029910,67.369865
-58.895161,-5.329773,65.738075
-21.975029,18.275473,11.902960
-18.174015,-31.649321,31.527826
34.181431,-20.479652,40.239704
-38.004669,-26.619284,39.112442
-37.773121,-25.387749,37.617271
-8.975622,-39.880703,67.370422
-8.637588,-42.047901,67.380615
-6.768473,-40.365215,67.380753
-46.551216,7.393457,45.495781
-47.449825,5.946241,47.750259
-34.409294,-6.294370,23.320011
-35.267967,-7.966676,24.767082
-59.270760,-3.291207,66.242065
-59.516029,-3.288520,67.369629
-59.717148,-1.326574,67.369514
-8.110819,-13.704793,58.149220
-8.634598,-12.056883,57.214588
-8.086494,-11.735638,59.499157
-44.044689,-30.314837,61.231964
23.667446,14.405846,41.885178
-49.228863,8.317715,53.161396
-49.683392,6.001268,53.676292
16.614574,-4.225865,14.872633
-19.895182,42.850365,62.483524
-18.566435,42.836182,63.858971
22.133200,13.334585,17.267817
-45.694702,-32.114956,56.782574
33.469086,-27.679594,64.255356
-17.597715,9.806306,43.867931
-9.756306,-13.661701,50.784649
-11.126694,19.394958,34.863392
-33.393253,-25.469511,33.358734
17.066690,-31.162409,36.371304
-47.015984,-32.354984,61.909817
-23.578255,-5.876834,17.905827
-12.608540,36.650738,55.327972
3.608756,-43.543568,58.661877
-46.171379,1.320804,34.153286
-46.434044,-14.515495,48.444683
-47.594307,-13.275216,49.961304
16.804369,-34.841724,45.589668
-26.467819,-25.581953,28.204710
23.495125,25.559097,48.892925
-24.763847,-0.827448,17.122147
-23.575899,0.523312,16.127657
-25.614031,1.046044,17.257166
-32.786125,-34.766888,43.989418
-5.741224,40.016743,65.578033
-7.634804,40.612331,65.593513
30.156269,24.293129,57.731808
29.609913,25.287720,60.001072
-1.557677,14.746886,44.489090
-3.044238,13.460644,44.824047
-2.502633,14.440882,42.962025
22.375597,20.492624,59.058636
20.712959,21.194450,59.323833
25.799713,25.908552,54.334351
-29.680937,-33.804287,46.332153
41.598648,10.205644,56.493202
-17.147604,-38.144592,52.554684
-41.816040,18.838028,35.449051
17.605928,-0.938055,15.370255
17.833153,-2.778842,15.779483
-40.361988,-5.634015,35.540375
-25.598499,-41.757835,61.507111
-35.973881,-24.800648,41.148979
-37.278728,-23.272099,41.334362
-37.196877,-24.933752,42.766685
-19.969309,6.994071,10.243670
-19.626698,9.458531,10.208161
-0.343717,-22.886866,24.692858
-9.617186,14.715282,67.378296
-7.286468,14.708158,67.378738
4.511600,12.911649,9.739553
2.933232,12.527795,8.436447
-5.589715,-18.770483,67.380318
-4.996496,-16.507343,67.380341
-6.128493,34.910107,44.647709
-30.417812,38.614365,67.373497
-32.858860,38.149429,67.373047
25.104170,19.670805,63.920490
25.504213,19.387571,65.869820
24.184078,20.420546,65.214989
-12.432586,26.637548,23.212282
-12.836255,26.110315,21.033108
-5.640666,39.740547,62.125954
-7.440987,40.359463,62.514565
19.425646,-4.681541,7.191514
30.486217,20.152414,44.005779
-23.003433,-3.789988,12.931511
-21.537809,-3.019189,11.766228
-45.905357,-21.654657,52.374828
-46.954899,-20.619280,53.408619
-11.030417,-15.533879,10.504389
-12.191145,-16.723406,11.993929
-13.379303,-14.603870,11.159412
-20.276505,-1.727165,32.049416
-20.422436,-0.798880,33.639030
13.105624,-25.294447,39.216694
15.000854,-24.469542,39.198063
-44.806038,-22.784546,51.500774
-45.107441,-21.162558,50.520741
-8.847295,-39.025928,65.642609
42.122906,9.434501,58.164875
-16.983957,-41.027554,59.034470
-18.740578,-40.326664,56.904430
-19.539810,-41.198830,58.763451
-48.851543,-15.709085,45.534199
-48.038956,-17.141468,45.052517
-48.847900,-17.239483,46.699520
-19.759008,-5.844438,67.377174
-39.576900,-31.311489,54.167099
-56.003468,-11.823143,67.370621
-55.942173,-13.341331,67.370667
-53.705299,-12.921124,67.369713
6.895794,-39.720688,49.884640
-32.212749,22.232380,22.970316
-32.620377,23.538513,24.074791
31.676004,-17.903671,61.200874
31.687931,-18.486307,63.215031
32.561306,-16.972084,63.061459
1.671154,-6.159365,0.737679
3.971653,-4.850141,0.530657
38.807713,15.142745,55.736813
-38.133579,-33.999050,48.159275
-36.272411,-34.351086,46.678604
18.576443,8.967272,8.242704
-48.632259,-30.952972,65.876991
12.514592,2.167632,2.141480
-53.900864,-7.244864,53.753494
39.271278,6.935837,67.387756
38.980244,-5.808274,37.796165
34.388714,21.052082,57.841732
34.201843,20.516396,55.571453
0.217377,-31.775047,29.704430
1.863291,-32.189411,30.872013
-20.356258,-0.278187,42.458656
31.507315,1.122016,38.736492
-6.171821,-17.211491,60.670990
-5.667399,-16.584343,62.812347
-5.174614,-18.135193,62.051472
-6.310357,-0.451095,8.153110
-7.267696,-0.588172,10.119291
-25.966328,23.101824,17.887337
-27.892982,22.859863,19.241852
-39.610210,32.473789,36.482159
40.521614,-16.792040,67.388878
41.080471,-16.498196,65.379166
41.271400,-15.073985,67.388954
10.611185,-40.317135,67.380989
-34.973309,-7.616601,28.757837
-2.553895,-24.547930,59.034294
-1.284026,-26.480680,58.116230
-3.006049,-25.402788,57.316822
-48.459564,18.352928,38.982567
-48.151745,17.091805,37.652306
-48.875671,16.310495,38.981056
-12.179319,-41.577164,48.256371
36.713631,-16.617384,40.264870
-49.239342,32.142147,58.671162
-49.035305,32.828236,60.516361
-15.551285,39.915047,51.564182
-16.913452,25.488472,16.446993
10.702492,18.866526,50.605110
11.530041,19.402042,52.143860
9.326387,19.171928,52.505081
-25.967609,-37.530300,43.341412
28.256531,-29.000463,67.387039
27.688305,-27.310040,67.386871
26.195837,-28.123140,67.386627
-6.238599,-26.428354,40.568623
-4.334054,-26.636835,38.675472
7.241097,28.605938,36.519363
8.803593,27.942949,35.109905
-17.147472,42.100044,59.823898
-15.356756,41.560440,58.653862
18.902287,16.405859,16.522102
-49.970058,-4.895871,53.090672
10.579974,13.062187,16.716269
26.535721,-24.086823,61.584305
25.225241,-25.104935,63.074978
-11.610017,18.628456,27.912760
-31.396181,37.743168,38.171875
-33.250206,36.804272,37.363079
-33.334953,37.398609,39.086506
-34.126133,-22.599367,36.890892
-47.404976,5.002940,35.299690
-48.526436,3.782201,37.406727
-52.051826,-20.658655,57.420799
-53.045200,-19.927500,59.644142
-52.774632,-18.623184,57.512962
-44.186146,-35.025059,59.794983
-44.905037,-33.695835,58.237778
-28.681690,30.267036,27.839453
-8.852975,28.486320,37.745216
-9.779514,28.954426,36.270386
-39.321663,33.266708,51.254238
-40.458614,32.919361,52.632645
-4.184538,12.886612,42.794956
5.758696,11.342028,2.858646
5.026364,9.205924,1.734906
2.953479,10.411986,2.150452
-4.934367,39.730583,64.059143
-3.655727,39.340828,65.134216
39.162457,-20.083668,56.859955
39.845440,-19.216152,58.884830
-48.880760,30.474703,53.472279
-53.700123,26.869013,67.369583
-52.639378,28.584192,67.369698
9.668104,14.614617,5.981534
-29.921461,42.749454,65.484283
2.925297,17.535412,55.088558
-7.607838,7.445530,12.307295
-15.063046,41.941452,60.871376
-6.592206,40.216331,64.011047
-53.206554,-1.349854,49.412945
-30.598549,-34.243202,48.006237
-4.066466,24.094374,65.519203
-5.125648,22.191027,65.462387
27.902834,22.621429,67.385017
29.663725,23.877035,67.385307
-13.513598,-23.849077,19.065214
-17.815588,-12.403962,67.377785
-20.031075,-11.310917,67.377327
-15.045996,-33.563843,33.585079
-13.038481,-32.886414,32.121994
-3.957629,32.229759,57.564297
-23.133497,30.276932,22.850048
-2.245733,-34.861794,35.567291
-17.699911,26.653904,17.397131
-36.841476,-42.672909,67.375359
-38.724583,-41.474651,67.374969
-35.847431,33.204197,44.608974
-37.721256,40.782799,65.456039
-37.199848,40.880154,67.372139
-52.838715,9.312122,48.047482
30.648170,-19.720596,62.178082
-8.573578,28.375662,15.751530
-29.519188,-31.982697,43.248104
-29.658834,-31.078485,42.048962
-43.437347,21.718685,42.410160
-44.066845,19.790043,42.856525
-43.463722,20.116262,40.959290
34.040051,-1.816523,27.662746
-11.730689,17.156050,15.718516
-47.509941,15.163580,51.153416
-49.865204,-18.957943,59.008801
-3.343916,8.807631,2.239688
-1.447225,8.072078,1.510838
-20.901819,4.143948,10.714892
-19.374855,4.975761,9.825956
23.572802,-23.709333,29.375458
35.418468,6.485442,33.520847
34.456299,6.429468,31.535078
-28.547546,-4.596882,20.930010
-48.152218,22.674629,41.519054
-39.431107,26.702374,27.721804
34.848919,-10.887943,63.286484
-6.152116,32.157650,27.870468
-49.913265,-9.694165,44.014259
-31.205740,38.903168,41.739544
-33.337185,38.108883,41.139637
3.181753,18.056854,32.647209
-41.893612,32.255871,54.254398
-6.549066,28.005285,43.128532
1.508939,18.001257,65.948891
1.824484,18.161531,64.075424
3.346186,19.480963,65.112465
10.813881,26.437357,67.381691
9.914151,28.444958,67.381439
12.582897,-15.991745,20.746817
13.241720,-14.819634,19.809395
-14.146984,-28.880320,25.979067
-17.776861,20.093128,10.903366
-16.332237,18.726168,10.287021
-18.174292,18.174513,10.645321
9.947311,-20.979454,13.688550
11.278028,-19.843666,12.780434
-1.884873,-13.717901,14.929748
-1.521291,-15.348571,16.164337
-46.656021,-8.524055,46.640129
-46.648838,-6.558086,46.141415
-36.257168,-15.192204,34.056740
-19.395498,42.490711,60.424824
-17.529490,42.535393,62.045628
11.513808,33.640442,64.422501
13.575654,32.922592,65.179688
12.736137,33.088650,62.966991
16.061152,-26.412321,26.467445
-21.364561,0.297313,15.365940
-32.072712,-27.251366,39.425846
-33.528622,-25.826099,39.372841
-40.022175,30.240797,45.556000
34.581047,1.642620,59.988010
34.859543,-0.172333,60.706066
23.327347,-18.333775,39.223068
23.175011,-19.711678,40.641788
4.332089,4.288383,0.399177
-28.122023,6.658146,15.032194
-10.537953,-0.996007,22.041801
-10.748763,-2.681965,22.259426
-10.257245,-2.417060,20.517540
22.769226,29.683971,67.382874
-24.115913,7.104208,15.314335
0.839566,16.784538,21.546394
-1.447001,16.163420,22.947884
-0.877460,16.126751,19.909645
32.093273,-16.394230,59.530361
31.280409,-17.945835,59.619080
-30.782633,1.485607,21.352545
-11.317937,-44.895016,56.882332
40.515030,7.854323,46.638660
40.226532,7.075120,44.759560
14.011843,-30.884649,33.540184
-53.623714,-10.665718,64.640266
-53.591404,-12.171601,65.851540
-53.078697,-12.512446,64.033096
-1.500663,-34.140663,34.202534
-0.265908,-34.500496,35.193642
41.362392,-1.384030,43.213665
-10.150278,-36.593090,59.233471
-10.428063,-37.941902,60.219822
-9.158606,-36.432617,61.360188
33.524799,-18.709732,36.469978
1.908026,-24.400286,65.893433
-11.745046,-13.552643,67.378967
-52.808990,-5.178426,60.214348
-52.931175,-7.429418,60.962772
-52.274002,-6.876822,59.043961
18.599766,28.878223,67.382973
20.750427,27.679846,67.383492
-43.846260,-10.074287,42.427052
-2.400680,13.282119,61.412590
-14.023204,15.592105,38.399349
-15.011973,14.294274,36.626472
-46.100300,-0.749020,34.622509
-44.827854,-1.939521,33.199482
-7.020668,21.616035,58.330662
-6.545724,21.778543,59.910183
-43.419632,18.473005,39.513680
-44.156628,21.267332,44.519203
-17.115284,-36.542225,49.229618
-18.774786,-36.776489,48.877377
-18.454832,-37.595966,50.729767
22.378654,24.247622,41.266022
23.299564,24.244385,43.041782
31.758945,-28.680990,56.702927
-38.612309,30.340256,31.114450
-38.592976,31.289808,32.655102
-37.203995,31.951637,31.510096
27.135170,-3.248554,30.187759
24.733162,-11.328242,32.763973
26.157314,-10.288785,34.161846
-44.339279,-29.956978,50.808857
-45.450687,-28.092173,50.388969
8.131243,-29.701483,60.543026
8.665492,-29.127825,62.326988
9.808819,-29.960865,60.493397
-31.507177,39.389458,43.851070
9.779629,-22.145601,15.159570
34.694313,-10.108491,61.610893
-16.067696,6.903095,8.073082
-15.967096,4.758390,7.734766
-41.538395,12.600727,33.685787
-42.852028,13.001731,36.345020
-13.253034,15.517963,26.466284
-14.381504,13.939843,27.206078
29.299732,15.092244,63.355373
-22.567768,-28.696529,36.797905
-7.951098,-32.680714,65.751015
26.343660,-33.572811,61.852894
26.261837,-33.514000,64.039421
-41.932213,38.294029,57.872837
-40.417133,36.266171,46.495270
-38.535969,36.826092,44.558495
-40.384346,35.241867,43.785812
-3.798115,6.205823,4.204641
-46.831093,5.343952,45.925713
-47.306473,3.805276,46.997814
-10.671599,13.099548,67.378159
-11.503606,12.578629,65.507843
17.695107,3.528264,5.435822
19.031637,3.439353,6.618135
18.625931,1.557608,6.002258
-7.740580,5.563750,48.746193
-7.149312,7.419621,46.959843
-6.795090,7.573989,49.273148
2.688622,-42.714138,54.785236
-1.797425,-45.064327,62.726315
-49.504826,25.174643,64.876381
-47.713177,-26.584108,65.117401
-49.093739,-24.238176,65.338913
-29.165522,-38.207531,55.377460
-13.595463,-43.195034,67.379707
-49.794102,3.893919,39.740658
-41.949661,38.825760,65.461746
-42.514862,38.382561,67.371231
-18.589293,-3.328845,17.238253
25.938774,-33.397774,65.889061
-33.144714,-8.392916,26.848789
-31.791622,-9.812944,25.923813
-36.606586,-29.654413,47.426094
-13.729881,38.000423,67.376640
-39.347267,13.008626,30.088184
-40.353817,12.732356,31.664246
12.283677,15.989449,8.526617
11.823897,14.513222,6.888946
-15.351974,-41.268005,60.355625
-48.873425,-12.858963,52.315769
30.604033,-25.453495,67.387352
29.747356,-23.584032,67.387123
28.506989,-25.359392,67.386955
-6.471887,19.494106,67.378784
-4.780198,19.603397,67.379036
-5.442550,21.194935,67.378845
-2.589756,-20.888182,64.022949
-49.865025,1.928754,40.167118
-48.996548,-2.546435,39.623032
-22.087954,23.452164,12.776967
-23.556620,22.179848,12.968760
-23.763739,23.709946,13.357153
23.332546,18.327112,26.917959
24.529598,18.360115,28.810760
9.527374,1.689560,6.642487
10.537633,-0.456639,7.964164
-43.419624,-13.830154,43.410145
-42.191658,-14.362835,41.891048
-43.014351,-12.558599,42.218723
-25.428558,37.887241,56.515114
-23.011286,38.026978,57.174057
-24.733162,38.389484,59.261555
-21.863831,-22.613247,22.449188
26.173540,10.746710,38.429298
24.925518,10.758677,36.912228
-7.097958,32.098145,25.805136
-7.733114,31.857178,23.799646
1.515880,-42.450741,53.438950
-56.619633,12.340254,67.369621
-57.152424,10.318327,67.369560
-11.482362,-11.233012,25.169992
-10.534435,-11.609978,22.863779
32.012611,-11.881200,48.052540
-36.871937,13.315132,26.625525
-14.327793,39.049450,49.279472
-14.553855,38.581730,46.941837
-18.820179,7.635542,34.676701
-19.355171,-33.656979,34.873894
-17.456251,-34.943138,36.260414
-19.249849,37.372627,54.773266
-21.535543,37.257896,53.665386
-15.849482,-34.533741,35.283356
-16.934559,-33.758450,34.314518
-3.154255,34.827084,67.378754
-52.292942,6.889258,45.778660
-18.037094,6.727466,26.215033
-17.384176,7.379872,24.301695
-18.107254,5.346321,24.530342
-19.627300,-12.489964,38.750374
-19.500910,-14.156042,40.107765
12.843758,-25.983107,23.088953
15.853965,32.152702,65.349762
17.519716,31.594627,65.880508
-53.295856,-0.913989,61.215752
9.910260,18.026398,37.727703
12.231702,17.404518,37.392227
-19.651503,-4.262600,57.809914
21.702621,-22.182461,24.985678
23.110563,-21.735699,25.938480
-30.439850,-3.826231,22.417822
-19.969799,5.800560,14.086674
-19.102825,8.205632,13.432570
4.687312,-13.059759,13.555149
6.974983,-13.464909,14.447165
42.783066,-0.590857,47.748119
43.178848,0.596039,50.039753
-10.627948,-4.506217,21.584034
-9.798411,-4.003916,19.031399
-54.270187,-5.347274,54.151058
-16.401512,-27.051834,43.191223
-12.567554,-17.706188,39.037838
-13.053827,-14.881450,38.654491
-12.364663,-15.913861,40.923916
-10.454721,3.709700,33.520245
-53.923477,-22.043694,67.371384
-51.192463,-27.075249,67.372086
25.152702,-24.705893,57.341930
-18.554777,-6.795593,22.975586
-18.521393,-5.126508,22.488777
-9.613534,6.104952,26.542387
-9.048556,7.071414,24.501020
-8.911667,7.920629,27.075203
-40.293503,-31.897097,47.795322
14.545238,-12.569756,7.302095
15.504540,-11.085544,6.859981
16.079123,-12.505713,8.234121
-54.737846,6.764981,54.001724
-54.854004,4.800954,54.248695
-55.419270,6.299715,55.844299
-26.411034,-39.760731,48.076370
-28.617695,-39.405468,48.902966
-33.726559,40.237621,50.083729
15.188076,6.529972,4.462196
-8.592502,-27.617893,22.246798
-8.779034,-28.786289,24.258072
-19.856380,-15.484345,45.909069
33.457253,-19.203321,67.387657
19.874598,21.074110,27.203907
20.173306,19.828888,25.068424
22.190611,-4.488297,10.617105
21.390800,-6.764789,10.254665
-2.562233,-28.779758,51.354435
-1.144415,-28.923214,53.655083
-41.331619,11.141413,25.832050
-41.350883,9.072373,26.099270
4.541852,-11.163177,12.016531
-23.659962,-43.949146,67.377930
-23.106186,-43.447819,65.104897
-24.884972,-43.414959,66.026901
-11.086246,20.324764,21.348129
-11.527734,18.219601,22.425207
3.322004,-38.553749,45.565163
-30.229174,-45.000469,65.812279
-31.225555,-45.010139,67.376503
-42.460640,-3.250881,30.585991
25.146255,-7.489030,28.934278
26.306055,-7.414218,31.276880
26.113106,-6.382933,29.931486
10.073814,18.100323,46.339790
-8.213811,7.711052,39.089577
-7.705020,8.207731,40.801785
-8.723255,6.122157,40.295811
-18.721060,-3.387073,23.329781
-18.369902,-1.978885,21.620008
-28.137510,-21.046499,29.711763
-26.729164,-19.859995,27.791477
-29.292624,-19.166477,28.933556
-28.016281,-40.616722,51.424393
-12.424154,35.706264,51.882027
-13.673391,36.418049,53.557602
-40.247810,35.159679,62.704750
-38.330147,36.170101,63.167599
-40.187489,35.293804,64.180130
30.658455,-3.568441,37.372952
31.456041,-3.180446,39.123413
-41.747066,31.589958,52.310265
-49.194424,-3.276680,51.211342
-5.911598,-25.591858,36.899273
4.688419,7.280011,1.064757
6.735083,7.269022,1.279552
43.643242,1.852776,54.175838
-8.837355,-37.748188,63.549191
-18.645170,-4.673831,10.185897
11.364658,-2.300611,9.263966
-45.380020,-9.724410,44.786411
8.856512,3.472866,5.867208
10.569185,3.881992,7.109306
-45.616268,31.029921,67.370934
-46.349586,30.141050,65.729332
-10.129393,-22.711393,42.023701
-10.980677,-20.826864,41.969177
-0.524504,-30.284933,26.551077
-32.449203,37.932735,61.704685
-12.684462,-2.543459,67.378372
-14.894590,-2.870056,67.377975
4.192401,-9.242839,1.994411
5.850139,-7.954971,1.698857
-58.373325,1.826530,62.818363
-19.685955,4.563905,32.902889
-44.434624,-18.894171,47.763351
33.188026,-26.567453,53.298485
-12.508029,-4.134288,35.182854
-12.208272,-3.595105,37.115837
-13.900927,-16.196268,12.512516
-54.975597,19.150595,67.369637
-28.316591,-24.245167,28.222647
-26.926268,-23.962568,27.022703
-35.211086,30.609760,37.126606
-50.299904,-16.953514,58.316425
22.584303,-0.069038,21.880716
1.759211,-15.071962,15.268044
-6.577294,-29.918171,67.380577
-29.034349,30.792356,29.735619
-1.890494,-40.891987,48.587780
0.251672,-25.293228,31.310963
1.904003,-25.330879,31.721552
-15.142523,11.803143,56.238731
-14.246014,13.490975,56.010258
-14.788000,-46.328167,62.907887
-12.641751,-46.386787,64.000381
-17.611549,-2.180951,8.987721
-15.506166,-3.178330,7.677233
-16.812090,-4.177427,8.798647
-18.804924,-17.151293,60.774612
-17.839907,-19.043907,61.236130
14.534765,-16.698822,23.813559
13.639045,7.372647,13.089980
-40.836502,-20.055063,43.439949
-42.488735,-19.370234,45.232113
-37.087585,30.811142,29.393482
-17.486443,-38.589081,42.238819
-32.721333,32.888229,39.596729
36.450901,-1.194474,32.166130
-31.948790,18.353895,21.629261
-33.242046,17.811972,22.829451
33.222755,-3.680621,45.620674
0.144171,15.869369,56.487827
1.809098,17.037058,56.056675
1.389282,17.054958,58.176483
27.137217,-23.611614,33.436024
-6.814533,34.171604,54.131500
33.717480,3.331130,50.666264
33.555790,2.583649,48.506569
-28.953907,-37.551460,53.628597
-6.307723,7.465631,54.366516
-7.170441,5.313166,54.613586
40.208214,3.408759,41.985249
-49.332211,17.351095,40.671341
27.253271,4.139956,32.497375
28.325197,3.986697,34.027359
5.454784,16.373486,19.470333
5.371634,15.914807,17.368319
-18.936613,23.799646,15.147392
39.343304,11.995739,49.520290
39.895473,11.512300,50.652779
-14.130340,37.718704,43.516350
-15.489061,37.904179,42.333618
-17.734249,-21.557669,53.439873
-18.092409,-20.523123,54.679588
8.020761,18.224651,36.290894
6.549420,18.266596,35.055344
8.498416,17.697483,34.016617
-6.305549,5.879881,59.679241
-6.929868,3.854099,59.845688
-42.697945,33.392818,61.758980
-41.898388,34.168259,63.555447
-46.882305,-30.219593,56.124973
15.373314,-28.792738,30.428869
14.811729,-20.974638,31.852982
12.912723,-21.413656,30.227781
12.769520,-22.567369,32.584919
23.274544,5.368649,27.792570
21.598654,7.338133,27.844986
7.128050,18.921555,9.217328
6.710891,17.670322,7.767651
-4.650331,-0.371611,6.348214
-5.990125,1.539569,6.602690
-12.636418,17.260117,39.042103
-7.135488,33.582520,35.450760
-8.727667,33.877823,33.642769
-8.723686,34.190002,35.570221
-56.801762,-11.600713,63.013245
-57.163235,-9.454762,62.735584
42.511185,-2.079229,46.410442
42.107029,-0.797146,45.352642
-25.028685,25.114330,14.197292
-26.563641,25.797642,14.993977
-25.479261,27.099941,14.992511
3.296785,6.072753,0.676175
-29.570847,-42.444405,67.376709
21.098160,16.111290,43.491253
21.660397,15.289513,41.725861
3.027747,8.297301,1.277403
1.662606,7.293731,0.942999
-38.774540,-20.157753,40.778572
-39.107059,-18.326698,39.929035
-40.204853,-18.926859,41.806820
-39.299397,-11.347836,36.305199
-40.490604,-9.967792,37.401398
-12.791926,37.923985,46.644421
-11.086967,37.542053,47.473240
-12.302965,-4.099793,29.355507
-50.621304,18.843834,45.366138
-51.326725,18.865742,47.514606
-50.734318,20.925150,47.349392
-30.248358,36.393562,33.411343
21.476675,-12.730295,28.380894
-26.686422,-40.396206,49.866310
-55.457039,-7.365174,57.884010
-55.906200,-8.880783,59.540703
-18.778913,5.765284,28.398981
21.914537,-8.026839,11.470046
-25.045671,8.766252,15.720467
-18.110470,0.022704,20.608126
-19.764118,-12.830186,21.437683
-35.843266,39.574066,67.372444
19.628052,29.926298,59.223095
38.546265,14.848847,53.668903
37.730194,16.466080,55.151062
-8.923471,32.492233,45.584095
-7.380823,32.163975,47.325130
-41.563133,-3.906621,36.788925
-20.531149,-4.685636,37.435909
36.317238,-23.745268,67.388359
34.053490,-23.762733,67.387932
-6.730809,-45.895035,63.868431
-40.075619,28.591600,31.122272
-38.552628,28.839823,28.816206
-11.164936,-46.281281,65.165169
-10.745007,-46.217297,63.313408
32.639343,-7.925019,26.501560
32.960068,-5.677091,26.270617
-4.002890,-27.970295,22.031401
-20.769257,34.833954,42.260880
-18.968443,34.363483,40.852444
-18.357050,34.646366,42.715607
-50.085545,20.670765,45.227493
-8.776610,-10.280450,18.861599
-48.121540,30.335619,51.167645
13.872452,28.361082,45.974422
-18.053204,-46.504990,64.806992
-19.755405,-46.541817,65.311180
-8.043133,-0.065792,1.864547
-8.141984,-1.875659,2.015153
-9.820044,-0.173513,2.952726
-35.086994,-15.735124,32.821701
-37.249386,-28.055405,39.826660
-12.979074,-12.930216,39.188671
-12.630606,-11.505650,40.316631
-52.848125,7.965353,61.405910
-52.375927,6.710224,60.067822
-51.891495,8.422234,59.402718
-22.183969,19.091471,14.426257
-23.532190,20.567900,15.537648
-38.059143,32.977406,47.894253
-37.664211,34.185059,50.687363
-39.206970,32.824467,49.704895
26.205887,-14.060411,21.272789
-19.799717,3.342831,42.657612
-19.807837,4.121148,40.397648
6.572955,-15.036524,15.864274
-17.448130,-22.976101,47.740654
-9.657140,21.359314,37.822243
-19.804573,34.083557,22.234894
-14.803242,-41.867889,62.109608
-32.987030,-35.801739,45.753304
-42.498901,7.364735,27.764666
-7.999017,-6.594788,62.306641
-54.374031,3.350659,52.844326
-53.976597,1.772803,51.591499
-51.494236,-24.499542,60.870510
-52.362942,-17.281731,55.272026
29.750790,-28.088966,47.528828
20.547541,-5.192495,8.583506
30.030855,-18.603825,30.737568
21.989876,28.345516,56.733097
3.631281,10.030673,5.332093
4.899497,8.341053,4.563663
5.200104,10.350036,6.361630
-4.340044,14.757970,32.528984
-2.819561,16.027281,33.240601
-50.317848,17.809324,43.770576
-49.741707,18.037125,42.223118
-20.669498,-43.337269,54.466717
-10.958133,37.397987,65.447472
-13.097213,37.984631,65.351631
-12.055671,37.722698,63.213139
15.481355,-29.590208,67.384674
13.324375,-29.626598,67.384270
-11.938565,34.948837,49.554493
-13.934921,35.483158,49.839489
-46.128197,0.206028,44.071960
-44.892712,-0.283014,41.598980
-45.435787,1.806867,42.429173
28.705784,11.109071,42.810181
-37.788715,-8.117457,27.255587
-8.937061,6.382852,38.137493
-38.176350,28.761763,38.375420
-5.857822,23.258467,57.295666
-52.941471,6.890384,47.947533
24.443647,15.747901,46.386486
-32.101429,6.590970,17.892269
-34.700035,-25.852690,40.687439
-53.055279,-2.628388,60.662018
22.637403,19.955116,57.516808
23.952122,19.090666,56.629097
24.164999,19.502909,58.722645
41.405777,-14.362202,51.919224
-57.084091,9.504163,60.309456
4.272371,-7.165476,9.160927
-3.215210,30.305086,57.650536
-3.098655,30.900608,59.749424
32.494049,5.072445,27.191664
-58.421993,6.945618,63.192127
-17.195898,-21.959900,55.372391
-28.270748,39.080082,40.611195
-48.035625,33.579731,58.917915
-48.435604,32.613380,57.060425
-28.638540,25.603193,15.934309
-40.997086,33.701324,56.586308
31.315268,3.252534,39.203350
-18.287159,-32.875862,33.379559
-13.619476,-11.129173,67.378525
-15.022312,-12.761944,67.378326
-13.170861,-12.707478,67.378670
-32.836857,-10.486725,27.364914
25.293758,16.665457,27.139914
-10.063314,-0.213140,20.431555
-17.121391,7.794033,55.028530
-9.853944,-30.771343,27.946117
-51.561420,-19.434944,67.370407
-52.632782,-20.806768,67.371552
-31.515589,-0.896067,18.948591
-32.448433,-1.406181,19.908319
36.703472,1.271852,67.387482
34.669262,1.950597,67.387070
35.128414,-0.296867,67.387253
32.517746,-1.348220,41.808876
-19.559078,-2.226259,27.283228
40.807522,-16.208532,53.254131
-40.204185,33.676388,54.395882
-12.020240,-14.091184,28.071255
-12.675325,-12.688042,29.681753
14.908934,0.433198,12.127245
16.408777,-0.032117,14.004466
-41.359894,29.594839,34.759468
-43.074314,27.508032,35.238907
-44.360397,22.525936,46.495613
-18.626043,40.943726,67.375618
-16.764311,42.570301,67.375893
-31.419733,-29.851400,41.929260
23.374853,12.236048,18.051600
-12.477736,10.918601,65.670456
-12.622281,9.848598,67.377914
-11.674808,11.466212,67.378036
24.176197,-18.357399,22.789423
-11.353967,35.726845,38.688553
-34.952480,8.466374,24.593645
-24.367838,-2.877331,17.391224
-20.093643,-8.325886,56.243389
25.451571,-29.763775,43.111343
-16.758743,38.088013,59.276768
-49.224514,-29.393183,62.823212
-18.714424,-12.292850,28.355476
-18.615036,-14.456255,29.116615
23.321863,-0.594896,11.781729
-53.959877,-13.358842,56.857883
-54.647301,-13.085342,58.485157
-33.821426,-0.807568,20.960499
-34.471607,0.995656,21.055460
7.218600,-42.595516,59.091423
14.161593,-39.788101,57.695614
12.207667,-40.478901,57.195366
38.062412,-22.115683,64.125885
-9.137771,24.664755,34.424915
-9.600173,22.531502,34.303879
-9.134192,22.978319,36.199223
2.958246,-23.107702,25.568594
-43.376194,32.607826,60.379517
-25.730286,-42.764812,64.386742
-23.773672,-42.687576,63.042183
-57.678898,-12.794012,67.370323
8.351860,-28.615547,25.685633
3.439495,-34.093555,67.382584
5.576420,-34.914085,67.383018
5.189211,-32.519386,67.382858
8.554601,27.712961,32.539143
-5.249008,13.292789,36.877361
-2.171401,14.540465,15.004280
-1.752121,15.152894,16.601370
-3.276832,14.301791,16.877127
17.375328,20.393425,54.828854
15.838498,19.780401,52.788353
-11.605435,16.148447,58.697823
-33.437172,18.179911,17.937218
-34.742268,-30.963762,40.658615
-51.534821,-14.685373,51.021797
39.616005,-1.148083,39.113235
14.467068,-27.437632,27.142963
13.847488,-28.472610,28.683632
35.793301,-3.037026,30.747602
-21.834160,-46.429493,65.653061
-21.346018,-46.104637,63.468159
6.431096,16.999081,28.306520
6.743261,16.677040,26.380438
-54.877518,-4.903709,66.059143
-16.518383,-43.633705,65.900795
11.809265,-30.561478,54.117096
17.796898,-29.098112,57.229267
16.865582,-29.349396,55.866371
-20.095819,-11.022673,66.064575
-21.578440,-44.172798,67.378281
-7.612422,-9.868530,67.379333
-7.128141,-11.701297,67.379776
-23.529793,33.259262,34.649708
-43.894951,36.207584,54.191959
8.576033,-26.059706,20.755144
8.954118,-24.526875,18.367029
-9.910182,-28.900595,64.356323
-11.540373,-16.265280,28.256670
-11.424070,-14.924621,26.889380
14.261612,32.272888,61.093376
11.803750,33.081680,60.715729
-28.897396,5.593074,18.965437
-29.840551,7.385318,19.558519
22.759508,11.607411,16.330248
-19.288082,-15.873178,41.020927
-19.161356,-17.175491,42.224209
-19.713711,-14.745645,42.834686
-20.294125,1.043953,33.529713
20.890209,-35.740757,67.384560
-41.599922,-22.560911,46.406654
-42.636543,-20.993422,46.607609
-41.074314,-39.487537,65.777748
-40.352005,-40.277885,67.374611
-8.475345,-4.040808,2.570655
-6.492850,-5.613805,2.010941
24.638887,28.920408,67.384254
22.924910,26.712494,67.383942
-26.236734,38.633160,61.294426
-24.352591,38.724449,61.406452
-25.266785,38.890411,63.022526
28.422556,25.621643,58.399178
23.491148,10.522679,34.952293
-34.204762,-15.467395,31.532948
-34.099228,-16.975397,32.372856
-40.764210,37.382442,50.610287
42.494919,-7.122643,47.401306
39.097202,11.507018,47.588417
5.395834,29.598255,39.445587
5.344947,29.307230,37.346313
36.584305,19.932781,62.506023
37.424282,18.696386,61.378456
-38.903603,7.852867,29.890490
-39.965748,7.000930,31.637304
26.290997,20.346302,35.782639
24.340759,21.570309,35.422443
-24.420780,-45.213928,67.377823
-25.629807,-43.601273,67.377296
-20.226421,-8.746787,38.937012
-14.062864,-34.720966,35.264503
-15.444308,-35.651161,37.007954
3.626464,-15.472281,6.264579
29.474310,-31.297205,62.112816
-21.413212,26.785158,13.777077
-20.155346,28.610828,14.631732
-19.379915,26.691181,13.424118
-13.348026,-12.794070,33.204376
-13.115185,-11.614934,31.444624
-13.355715,-10.805985,33.325203
-7.501511,-36.829464,67.380661
-6.195364,-36.277031,67.380882
-19.301266,-3.450810,63.550465
-18.937155,-2.784940,65.751740
-18.652267,-1.496454,64.110886
-41.221691,34.694553,65.449081
26.132452,-25.868029,67.386528
0.240694,-25.710888,33.165421
26.609735,-33.194096,59.346012
24.576668,-34.658085,60.545425
24.947052,-34.200264,58.520248
-49.874924,-1.500711,40.881222
-14.826880,6.914664,65.012245
-15.458318,6.960668,62.729591
43.477581,-9.786425,58.898129
-41.543873,-10.568927,39.199196
-19.013247,31.873760,28.588800
-20.743376,31.763958,27.551016
-36.109318,22.369740,27.658983
15.492715,22.851372,25.233171
12.891765,11.260772,5.161859
23.828552,-25.755116,65.088097
23.377977,-25.477051,67.385994
25.296440,-24.407009,67.386314
19.379042,-5.100694,18.050564
18.921915,-3.512092,17.091204
17.887230,-5.167305,16.483553
-47.595673,34.394714,60.627270
25.259911,26.670624,56.074295
-36.091179,-18.090755,30.327057
15.038180,32.303738,63.172771
-52.586189,-13.838675,53.448013
-29.861273,-15.833601,23.606438
10.017138,-10.693807,13.388866
12.388866,-9.608551,14.046207
-30.695841,42.622913,67.373291
-32.067329,42.393581,65.761215
-35.039330,4.455031,25.326199
-45.465721,5.372426,42.366844
-45.021152,3.409575,41.386230
-44.651035,5.433721,40.408722
-13.700494,35.937878,35.638378
6.405789,17.689541,47.877308
38.894169,2.455674,38.482929
38.283726,4.366099,38.108109
-21.091511,-17.454908,24.482622
-11.029585,-7.844918,22.972637
-11.275557,-6.071195,23.645189
-46.110096,30.254614,63.873867
-31.814405,38.200230,39.970478
-51.449051,17.336107,46.885803
-52.020504,17.826107,48.935154
42.179367,-14.185717,58.163956
41.935104,-14.483832,56.372799
28.836063,26.827003,65.860062
43.578968,-8.949817,56.961327
17.755884,-38.520893,60.917877
18.654423,17.594255,18.323982
2.384494,0.099608,4.662352
-43.817169,-3.180183,32.277203
-15.233826,-44.805859,56.996674
16.399260,16.005184,12.253733
-13.903857,-36.764423,38.627098
-16.083994,-36.983788,39.262653
-52.557121,17.969753,65.563187
-52.094154,9.435843,45.637653
-3.427391,32.418533,37.178787
17.087521,1.610765,4.700461
-42.797581,-33.489468,67.373825
-21.298285,-29.280630,37.764484
22.800575,-24.861155,30.306807
31.102592,-9.679418,42.552769
29.932404,-10.837431,41.122284
30.359507,-11.891223,42.835934
22.180346,17.544292,49.269562
23.564320,20.297953,60.799820
-40.319786,-3.352431,34.723606
-31.480856,19.677402,16.679821
-30.241167,-27.693205,33.052341
-39.447372,-5.093129,27.818016
-39.964260,-3.318214,27.729492
-5.311114,13.593032,26.381281
-5.275802,13.752010,28.420876
-16.279909,12.555052,37.344749
-16.026684,12.835698,35.410923
22.987597,1.364088,23.284912
-9.985309,-15.576565,24.094124
10.231699,-16.158392,8.248960
-6.622001,-15.288969,19.253500
-4.665655,-15.977658,18.214920
-19.584288,-4.791918,65.453232
-19.199331,-3.966052,67.377205
-27.454912,-38.412193,54.548237
-32.818691,-38.954956,60.751736
-33.467766,-37.871643,58.946213
0.431143,-10.786613,2.782722
2.664685,-10.401524,2.542737
2.409482,-12.294303,3.737187
1.913442,-31.323343,29.114237
3.551192,-31.407482,29.702494
6.474121,17.886570,32.889816
0.654897,20.299749,67.380013
2.832633,19.184845,67.380424
28.815403,-10.745834,39.145004
25.272999,-11.915114,34.508953
-57.539070,7.139555,61.038002
22.864925,-2.574902,11.160278
-7.855233,25.134361,39.324642
34.647671,-7.331110,59.327507
34.175964,-9.146585,58.336781
-11.905430,-9.548162,67.378807
27.333372,-0.836985,30.321493
27.220730,1.161259,30.657316
-40.299484,19.655376,24.941343
23.486176,-31.245523,43.973869
24.197399,-31.436789,45.830711
-10.853316,-32.335464,56.264450
-16.273956,-45.826538,60.652012
-56.735703,7.413436,59.159081
-46.077518,29.907269,61.735382
0.990766,-26.618458,60.567371
26.257656,7.646590,19.027817
-22.712902,38.618088,60.608936
-55.376644,-3.845381,67.367867
1.785578,17.561197,29.605810
-8.421484,8.277481,35.594990
-8.348237,8.021804,37.136448
-24.349863,-35.350658,39.205311
30.073433,-28.575651,50.108635
1.258235,-33.615002,67.382164
-46.495968,-19.565170,51.641449
-45.260761,-19.278257,49.330944
29.892309,-27.393480,67.387291
34.885223,-2.812493,29.066221
-44.600773,14.802264,30.373899
-43.172977,16.581417,28.438932
-47.058006,-1.631933,36.297325
-47.074387,-3.540125,36.890125
-48.168171,-1.847452,38.061260
-16.028946,12.617331,8.971951
-16.951077,14.105337,9.571555
-14.700551,14.845299,8.904600
15.178899,-13.863461,20.561378
15.597980,-15.379118,23.108528
16.786831,-13.393576,21.808270
10.464941,-38.483810,67.384125
-2.646587,-24.095913,27.959995
-13.380526,-35.776722,36.932232
10.958961,-23.660072,17.879929
-8.679731,22.573435,39.887779
-38.887878,-6.834111,27.882896
39.780746,2.381852,40.458630
37.675766,-22.008089,67.388542
-20.173685,-0.314217,44.712727
-19.944702,-0.362022,47.089211
-7.503124,-23.271957,67.380127
-7.447059,-25.132816,67.380211
-20.503550,-7.569293,42.109974
35.097549,-4.333684,60.944454
0.429270,-14.751996,5.802392
0.391129,-13.060128,4.389032
2.452026,-14.005155,5.030289
-54.254059,-10.722960,67.370789
-54.714458,-8.430375,67.370735
-56.354729,-9.631652,67.370476
-4.505189,-43.652519,67.381477
-4.315363,-44.916500,67.381546
-2.529443,-44.505474,67.381805
-13.137864,-9.663050,31.761234
-15.432425,-4.487990,67.377937
-16.878309,-3.424863,67.377625
-19.070475,21.084673,11.445037
-20.531372,20.912169,11.802852
-36.842480,37.373604,43.434265
11.527589,-23.782000,34.065441
3.816512,15.079112,13.886554
6.278326,14.396990,13.973063
5.347483,15.317288,15.443554
3.495982,16.471916,18.307749
3.464967,16.861116,20.758911
25.155203,-30.580118,44.932388
7.159898,30.629158,46.714710
-46.172539,33.113140,67.370750
-47.834625,31.601654,67.370499
1.593135,36.745266,60.022411
-3.418165,20.902542,67.379227
1.615226,16.130505,50.022820
-11.298922,-21.208752,36.743244
1.313487,17.881277,67.380081
-29.922873,-20.278496,30.420097
-54.506775,12.956556,67.369965
-38.864368,-39.371181,67.374825
-18.157572,35.750233,48.223309
-20.619577,38.254662,38.308067
-18.817047,38.031818,38.840847
-18.261879,9.007710,35.580482
-9.438965,-34.451153,59.726997
-50.271584,10.008228,56.172905
20.159317,22.629930,67.383591
22.160528,21.695141,67.383987
22.385830,23.988111,67.383949
-12.498710,-13.472166,40.879082
-38.148621,-31.616932,52.543068
-36.679497,-32.302303,51.633812
-51.198643,12.294895,59.020164
-52.148911,11.959352,61.062962
-38.710827,26.244202,26.097116
14.522716,4.856382,3.605994
12.081676,5.670883,2.529799
13.549626,7.362519,3.732242
11.694519,21.481762,16.728998
7.818385,-21.476845,25.132683
41.244633,2.924778,67.388275
-0.241578,-14.776717,15.305506
18.600830,31.093882,67.379410
18.313517,8.373358,22.845118
17.772873,9.457507,24.319857
17.005793,9.507891,22.285568
37.429588,-23.164852,61.713058
36.209106,-24.770813,62.042301
35.063740,-1.787995,61.438267
38.934814,13.282428,51.029148
37.707066,14.579923,49.511082
-42.695820,-22.472235,47.872398
-43.759670,-22.776377,49.771305
30.152004,14.005027,31.238401
-34.809307,28.355913,32.145844
-51.651451,-2.598015,57.173416
-52.369400,-3.282953,58.953102
-27.454445,12.699526,14.296370
43.895992,0.109186,65.650612
23.153467,-35.350517,58.611126
12.354343,-30.635363,31.987440
10.474494,-31.205429,32.048374
20.653786,27.485296,51.555901
38.438007,-10.208351,38.347576
20.088531,4.513998,8.056675
20.449631,1.891354,7.883889
-7.447259,1.012209,61.172596
-7.786294,0.667668,59.293400
19.878698,-6.510187,19.258171
-5.912208,31.344835,24.214674
-1.718432,35.070553,50.895401
-2.807271,34.897182,49.119175
-35.274063,-36.868229,58.981007
-0.397607,-38.662209,44.329842
-17.919918,2.490654,20.831442
-18.508148,3.368606,54.116261
-18.941544,1.308669,54.032570
-18.593771,1.946366,55.973797
9.278007,-37.219418,45.637119
-18.946825,-30.072515,29.526989
-46.206871,5.452466,44.253483
8.976212,-41.844318,58.019176
-11.940747,22.083965,10.696735
-18.483866,-18.400669,59.105000
12.870850,3.871926,2.535863
-18.182581,-21.039421,42.138630
34.970604,-24.786236,53.465858
-0.974890,-20.882521,12.274016
0.557799,-21.788898,13.183059
-1.908306,-22.139126,13.819964
-53.063183,-15.200071,67.369850
-52.362259,-17.290644,67.371460
14.814034,-35.547699,45.588768
-16.157564,12.613843,41.771343
12.840528,-35.934822,44.941944
3.784986,19.140274,60.567268
25.213062,19.218765,60.773476
-47.901112,-29.691788,67.372803
28.252748,25.145739,56.416763
-45.838181,3.623012,43.261868
-46.634892,3.581566,45.235538
-46.285938,2.173265,44.340458
-17.097588,13.356213,11.687428
-16.032923,-39.768738,56.803505
-15.776863,-38.522820,54.324535
-17.954008,-39.308105,54.817230
-9.267962,36.657806,60.233612
7.316602,-34.777988,38.396946
9.619159,-34.355175,38.608398
-18.121662,-1.646470,17.335772
-35.651402,29.978466,25.604673
-4.895960,-25.755323,53.598667
-6.265981,-24.817781,52.038410
-5.994530,-23.803257,54.141502
38.835045,-11.495070,40.116196
-16.993326,-6.159470,9.432920
-34.883423,-10.555935,29.856491
-34.991100,-12.267129,30.796839
11.865769,15.173624,29.686611
10.466300,-36.237865,67.383995
12.461093,-35.055939,67.384315
-20.114498,-4.982634,49.914696
25.109545,-0.538098,14.711152
24.251335,-1.859918,13.306845
-9.323427,20.980930,43.716061
-16.171030,7.703216,59.276718
-15.388306,9.354567,59.531158
-22.990236,-36.628719,48.200459
-12.922418,-30.700253,51.155201
-13.247965,-32.932144,49.760277
28.749693,18.342314,67.385353
30.216908,16.753384,67.385681
-27.100843,-17.831148,22.558729
-47.881927,-0.282010,37.199299
37.982670,-5.011415,67.387962
35.592205,-4.488966,67.387489
11.467089,-21.222773,14.644114
-14.944795,10.089196,15.015552
-15.465643,9.079301,16.612000
41.986820,1.467166,45.862499
-16.903763,5.752561,18.523832
12.901378,17.990965,44.919708
32.500839,-3.072691,42.222851
-31.688480,-30.444872,37.321178
-45.313648,33.963802,51.419773
-43.980721,35.489101,52.021240
-36.921818,-40.644051,67.375275
10.976145,19.911911,53.956116
13.440277,19.932766,53.293690
12.477484,20.614481,55.480389
-18.568401,34.958870,25.991772
-18.145533,35.397820,28.337191
-47.495377,9.995688,34.997219
-46.256264,8.717138,32.920868
-33.378235,36.075191,35.551411
-32.497391,35.797543,33.971035
-34.361206,35.169186,34.408218
39.929012,-6.873112,40.182751
30.141785,13.127603,52.708748
29.597094,14.097514,54.405167
28.754728,14.605656,52.247421
30.273403,-29.799789,67.387451
22.260759,-33.163078,47.913300
21.268831,-34.188789,49.593555
-33.015553,37.167385,56.931110
-30.629999,37.776718,58.199741
-32.520020,37.655186,59.574451
-12.653877,-27.975685,56.589451
-13.420259,-26.614082,57.318356
-13.792141,-26.787849,55.429123
-22.555973,-45.275711,67.378220
-48.387177,5.949102,36.823883
-8.616073,2.982966,67.378899
-11.342420,3.575067,67.378403
-10.223180,1.422094,67.378677
-42.985531,-30.339296,58.664719
43.767818,-7.387515,55.807869
20.631945,-19.299809,37.114342
21.214947,-17.451927,35.366077
35.802925,7.652728,35.150795
-5.023145,8.414668,62.931568
-5.192175,8.051467,65.229996
8.137362,22.295053,67.381332
-52.669113,27.498341,60.988899
-10.518947,-6.894522,21.394815
15.461767,10.639670,21.286613
15.216273,10.215769,19.604609
29.338213,3.986344,35.626709
-12.972789,14.899362,57.340492
-39.908684,39.852039,65.217583
-45.815239,7.180249,43.351353
1.987038,-39.203915,67.382515
-10.275783,30.182465,37.570797
6.628574,35.384029,63.470520
-3.857675,28.280321,52.592842
-3.963608,30.208483,52.747005
27.218756,-3.119432,18.067381
28.308565,-2.511980,19.559309
28.026236,-4.381709,19.378698
25.471010,18.372837,57.359386
-49.751667,-15.517308,47.271145
-49.614929,-14.210632,46.062447
18.665028,-28.801315,59.015339
19.640203,-28.300625,57.247555
-18.742081,42.930908,65.609421
-17.004602,42.699692,64.507523
-28.105133,24.877815,20.381283
20.897341,22.290632,65.497673
-47.532440,16.749098,36.157166
-46.652615,18.248032,34.938148
-49.735298,19.630730,58.874332
-35.461861,-13.971596,32.294300
16.523684,-17.908983,13.784982
-1.590971,5.671865,0.836036
0.016859,7.120103,1.001678
1.075407,5.556421,0.581940
-17.417282,32.303909,18.683508
9.877054,15.042469,23.077951
-37.828499,8.243073,28.306606
7.853109,29.412937,42.741886
10.088338,28.582163,41.943668
-26.672489,11.399144,16.756954
-44.807861,-30.128927,63.174191
-36.073009,3.893881,26.739683
-5.163292,-13.847343,6.476837
4.892094,25.949404,19.997534
5.350335,26.491224,21.970167
7.021480,25.491903,21.199688
-31.462782,8.156444,20.953770
33.032188,13.101632,67.386353
30.436880,12.996259,67.385864
-33.543980,41.530033,58.300285
-33.561184,41.772385,60.568905
-31.816097,42.062164,60.007481
0.587640,9.069185,1.639603
-53.700809,18.051355,54.026878
-53.048542,18.336288,52.287697
-3.083839,-23.225084,26.118746
31.899817,-19.675146,34.912762
-27.897362,-14.357244,24.497173
-1.922336,26.563368,15.983877
-2.364009,27.547836,17.513010
-47.456116,22.462891,54.897110
-48.118923,20.154903,55.104343
-47.251572,21.097332,53.481174
11.292836,-26.084980,39.597115
18.429987,21.099901,25.176643
-19.019535,-13.845661,35.450085
37.985733,-19.458252,48.681107
-4.048406,13.281276,15.102089
-11.713199,37.438507,67.377037
38.165104,17.496080,60.505733
-26.159712,43.078056,67.374115
-27.672752,43.026352,65.666000
-22.422388,41.048218,67.374901
6.342896,23.502563,67.380959
8.011577,34.630184,61.666138
-29.453684,40.632240,67.373604
-28.410641,42.896748,67.373711
3.967853,-7.194488,1.146541
30.268457,15.380485,33.328918
31.294113,13.553296,32.653316
-24.008982,37.119282,52.639076
-23.496630,37.639591,55.192135
-25.855158,37.463470,54.354431
35.600548,-23.555908,51.512474
-32.879375,-6.281931,25.764021
-34.105503,-6.403370,27.243494
28.888874,15.636570,60.775551
30.091125,13.940515,61.341953
-51.027187,22.151196,65.448448
-50.288155,23.952209,65.846512
16.676983,31.755051,67.382393
12.000230,23.337345,67.381729
12.346222,25.217461,67.382019
-47.101692,35.065025,67.370499
-45.524544,36.343361,67.370750
-11.775190,-6.545889,25.444366
23.011030,-32.729683,67.386215
-7.586643,35.825657,45.960430
-7.279740,36.369114,48.356926
-12.642826,-18.351601,36.969349
-13.129126,-16.350208,36.553516
-55.655277,0.330712,67.370270
-42.017063,34.432606,45.158382
-41.593338,33.724377,42.630882
12.014086,-39.479378,53.472485
10.150469,-40.318268,53.913330
-11.753733,-20.009209,39.779797
-12.076957,-19.809752,37.845844
10.407513,-18.550411,10.882020
-0.998382,-17.603651,8.720432
-14.760839,-19.462128,67.378624
-43.528984,-19.593283,46.879097
-43.974506,-20.727400,48.384674
-43.127193,-34.352787,55.529861
-19.438490,-45.353779,67.378716
-17.728617,-46.594925,67.379097
-18.164701,-45.064358,67.378944
-17.023594,38.429688,42.660549
-15.679348,38.397747,44.398685
-10.382374,19.023703,53.572853
-9.799462,19.897255,51.487022
-10.941152,18.738417,51.155972
-18.848309,7.665381,36.580734
-47.156582,35.045223,62.705315
-48.272629,34.040981,64.456047
-36.006557,-38.750420,65.366493
17.727150,-29.456945,67.385086
-6.185647,30.568874,46.477131
-7.382031,31.102034,45.005432
27.979961,-2.072720,31.531256
2.895972,-40.910770,50.452015
21.845058,-9.426910,12.115959
-50.572098,24.129658,49.680359
-29.084801,34.605747,42.032745
-26.668324,34.977177,42.474621
-28.189711,35.335575,44.531525
-10.373746,29.481665,16.550684
16.790310,24.900059,33.846420
33.135872,-27.769800,65.967567
-18.229731,-20.469482,39.922180
-45.649612,-34.085804,61.908340
-44.210278,-35.737419,62.069225
-19.318041,5.344349,42.552383
-50.091385,31.780096,62.026680
-48.759659,33.466904,62.513432
23.771757,-30.190832,41.575893
16.704006,-29.134623,53.880245
18.335928,-28.693281,55.425369
25.030556,-21.968153,46.762589
26.196922,-21.640217,48.747620
26.735216,-20.336710,46.773415
39.577892,11.056296,67.387650
-14.337818,-23.220074,63.911015
-9.604466,-0.475829,67.378883
-11.618955,-0.446074,67.378502
-10.101591,-2.278373,67.378891
35.639931,-13.996426,35.393475
-20.001526,-13.339456,56.158024
-20.050081,-12.418381,58.129482
-8.774319,-7.696266,58.002178
-8.840017,-5.174494,57.433819
-54.800983,2.994798,65.054825
-9.471587,-10.282191,6.093716
-11.957852,-7.229173,6.230108
7.879229,-30.852911,51.618095
8.555137,-30.498674,49.974358
6.360745,-30.772516,50.339314
-8.877290,1.813357,15.732341
-5.465448,-36.812557,39.072372
29.866909,26.177973,67.385269
41.885658,-13.185987,67.389000
40.953823,-11.523660,67.388771
39.268185,-12.760961,67.388489
-9.308166,0.554445,48.063381
-9.181132,1.800973,46.800282
-8.206946,12.555173,67.378639
-9.738984,-21.679918,31.797203
7.928703,-40.932819,53.547272
9.114760,-39.852497,51.698677
42.976017,-9.525686,67.389076
15.415110,-29.813898,55.724754
-36.332397,33.601696,46.571125
-38.075985,20.106283,22.300152
-1.952204,25.408844,67.379295
-3.022681,26.799675,67.378700
-3.725597,24.679815,67.379005
-7.194015,8.444316,43.117073
39.562344,-6.291751,67.388306
41.292580,-5.250944,67.388588
40.100426,-4.016992,67.388313
-47.297298,-4.638388,47.077789
-46.292622,-5.242510,45.178383
-45.466270,-2.359094,43.042599
19.677723,-33.219933,67.385590
-41.965786,-9.545491,32.420780
7.436906,-13.352248,5.029672
31.907841,-23.856474,67.387535
-12.232965,20.425684,9.981833
4.139489,-27.888962,22.592611
-45.826607,16.738167,46.866524
-30.712879,-9.265626,24.575163
-19.690556,-16.764812,51.135208
-7.065882,-17.346214,58.351849
30.583370,-8.391116,23.801317
-37.955215,-2.294366,30.950800
-37.375423,23.756567,22.545820
-36.293293,25.393797,22.036070
-36.088951,23.411274,20.952126
31.884142,-5.005972,41.176212
-6.879977,8.497355,44.886528
-7.789063,6.715638,44.699089
-49.802776,-22.335646,64.054962
-49.844349,29.658592,54.880764
-49.594524,28.967625,52.894955
-14.215488,31.165611,32.273426
-34.945732,-16.121071,28.166412
-35.618462,-14.315975,27.856030
1.354205,-23.544796,67.381798
15.164132,-37.207649,50.364464
14.207635,-37.864151,51.175068
-19.581758,40.785603,51.569401
-12.321973,-5.507389,38.772308
-0.529119,-32.720409,67.381790
-4.738573,-4.173945,0.983340
-2.648042,-5.164583,0.785372
-4.495857,-5.836088,1.348423
-48.851482,10.122525,52.762966
-49.520630,10.143545,54.441101
-24.075464,-26.237770,33.933331
-15.313659,10.556597,8.240850
-17.388386,10.849472,9.311760
-13.819069,-40.742756,46.318359
-23.261072,6.358821,12.054965
-21.338495,5.930010,10.955106
-16.436411,11.483485,30.166807
-24.448700,2.710741,16.177805
-26.409922,3.046544,17.404911
16.492367,-31.151037,67.384926
14.604778,-31.012920,67.384560
-4.460695,16.845974,67.379204
-2.589371,16.557158,67.379547
16.470987,-2.195768,14.256868
-5.344435,-32.214310,67.380875
7.582325,27.115705,27.140932
0.538709,-2.350837,5.854362
-4.856547,-2.084159,7.670489
2.819542,13.583314,10.276312
2.808588,14.502764,12.199447
-56.362286,1.859954,58.212395
-56.989567,0.081164,59.794552
-12.177938,17.797024,30.237595
-11.699962,18.589161,32.463570
-10.728623,-13.523046,24.330141
-10.937975,-14.753337,25.541355
16.855221,-36.810165,51.207142
-48.899693,12.376532,53.656391
-49.902245,11.892571,55.904858
-18.681318,-7.643275,67.377441
-28.638992,36.327705,49.205318
-27.288788,36.622303,50.292591
-0.416832,16.457850,40.895203
26.547880,3.131829,30.702213
-12.671727,8.043127,6.318021
-13.163382,-26.350637,58.962482
-0.585672,29.888126,25.867449
14.443000,19.482246,51.866489
31.106339,15.831211,35.584610
32.804825,14.347555,36.540134
32.016491,13.863018,34.371777
40.291790,-14.584787,67.388748
38.389099,-14.954332,67.388420
-34.837097,31.166704,26.342052
9.941129,-24.256538,33.713974
-15.368011,13.856668,39.220718
-11.034458,-22.133144,67.379417
-4.519943,-24.658939,55.904411
7.541801,-4.977698,1.128534
5.869434,32.928352,67.380508
3.579442,31.601437,67.380127
-13.421198,-20.855310,67.378929
28.609484,-16.788267,44.662693
10.320636,-29.487251,28.511496
-31.160112,-20.549185,31.851318
18.371979,14.287117,35.772461
19.347094,12.907563,34.197800
9.190203,-38.067337,47.578243
9.063372,-38.866051,49.317188
-10.253284,34.225227,48.930225
-29.552444,28.966166,26.143120
-20.426794,-39.626053,55.033947
-19.434454,-38.721535,53.029678
-21.522417,-38.843204,53.183311
11.391582,29.718836,48.161503
10.913343,30.429874,50.101307
12.949342,29.738201,49.966423
4.200489,-13.051469,4.344451
-18.627460,-2.264250,67.377243
17.683475,14.268636,11.693301
-2.967761,-18.204975,9.739449
-3.619970,-19.311272,11.018217
-4.966673,-18.024757,10.137427
16.513376,-27.667810,48.076572
-18.905300,-6.689080,25.177931
-53.971519,-14.603047,57.681095
-0.865670,18.334297,67.379807
-0.361842,7.793191,3.608799
-2.219924,7.039534,3.717814
-42.155384,10.338741,34.905685
-42.094170,7.466026,35.080605
29.418173,21.121607,44.719898
-7.661952,23.897995,42.006809
12.019789,22.601398,61.992245
7.273999,33.357254,67.380760
-18.124960,7.784279,47.184059
-5.755805,-23.854784,67.380478
26.940763,-5.276740,30.771614
-42.276833,15.075719,26.968409
-43.347584,13.857258,28.397343
-1.617940,-27.537445,21.170027
8.785958,-24.202366,32.417461
-1.638141,9.002046,4.496540
-3.869702,8.073432,4.996521
2.176775,-22.946457,14.626213
-31.012398,33.796970,40.634113
-1.866108,38.680187,65.709923
-8.366702,1.196340,54.675632
-8.454798,2.041698,52.329288
-7.832951,3.335072,54.522591
39.077839,0.324071,38.113808
-20.617653,-3.517202,38.709309
20.278990,-23.392859,42.694439
18.266685,-24.781824,43.081512
19.564358,-24.715130,44.390087
-54.300152,-17.928993,61.245098
-53.680649,-17.614223,59.160889
30.631413,18.425995,39.569878
30.546249,17.606712,37.658943
17.856743,-13.644323,23.594780
-50.947132,16.686466,44.932495
25.869478,-25.552042,34.882008
-8.165767,-3.491360,67.379379
-15.899345,-10.593330,67.378075
-37.632717,-21.103178,33.851513
26.240490,1.747542,29.320295
23.160543,-26.459530,62.719307
27.708025,-22.048101,31.904976
-26.925137,-31.779276,41.235962
-28.418892,-31.934902,42.343540
5.300131,-24.284595,29.670980
3.661706,-24.891251,30.667465
-38.908436,34.097992,52.986877
-36.722366,35.264500,52.935040
33.016590,-25.840387,49.824574
31.489336,-27.034292,48.966812
17.049711,29.760731,67.382248
16.351034,27.861210,67.382690
10.354901,-24.746023,35.485828
-15.405184,13.635676,43.755341
-9.397118,-10.978240,54.030964
27.124247,-23.147058,67.386612
-6.162487,11.995832,21.341072
34.477638,20.386486,67.386345
32.984261,21.439262,67.386024
32.744106,19.250986,67.386063
-25.722691,13.973421,13.359951
-24.141016,28.287952,15.164484
-23.528790,26.908104,14.344742
29.353989,-3.359211,21.072956
-53.154789,-14.872210,55.674458
-52.463848,-15.570929,54.276669
-13.838428,3.010554,67.377937
34.376656,-3.296286,55.147442
34.646111,-2.005357,57.394341
34.439934,-1.063221,55.381477
-6.813048,11.338523,23.395809
-45.401096,20.758245,48.194588
-45.892239,22.048677,50.550827
-46.272457,19.896124,50.174736
-13.182514,37.230457,57.387505
36.000645,16.273174,67.386780
33.517792,16.951544,67.386292
33.961533,15.259552,67.386444
-16.273247,-0.987454,67.377640
-17.140993,1.176794,67.377396
-17.890053,-0.487629,67.377319
-6.316443,-45.278488,67.381180
11.367911,8.179362,2.959656
9.039977,8.144659,2.110417
-19.835827,-10.447579,37.442902
-25.676979,40.021835,43.896553
-11.072185,-38.309929,41.414703
-12.418246,-37.565395,39.973305
14.183219,16.180981,35.509529
-6.840541,22.296021,56.183628
34.047306,-0.761148,51.238873
-6.922848,33.499954,51.748093
-6.204333,32.171989,49.737568
-18.628832,4.901497,26.364918
31.443634,22.570061,67.385696
43.135006,3.565055,52.703678
39.619270,6.856644,42.963470
-17.361853,38.060314,40.499683
21.412788,-33.624439,67.385887
7.385589,-33.692745,67.383308
-35.803913,37.243015,64.330948
-48.029106,-14.862196,51.529774
17.362110,27.229582,45.959404
-24.669355,-29.850655,31.955864
-9.730318,-1.544320,18.818426
-12.754133,16.648100,28.335197
4.067674,-32.286976,31.644602
26.010399,-7.453918,17.296507
18.520132,21.506598,58.609669
34.758995,-16.513426,36.132259
-34.946056,23.761917,26.997780
-40.741833,10.586356,32.412254
0.386776,-40.709991,67.382271
2.158452,-41.482578,67.382645
-38.403141,-39.368946,59.123146
7.470557,-24.720642,32.841755
-35.424686,-28.379906,44.338470
-24.418346,40.317245,45.647591
-9.599874,4.267633,39.264652
-10.305161,2.248723,39.172298
-48.263130,11.201868,36.477631
-0.136357,16.355263,67.379936
-2.197525,-25.596775,67.381210
-3.908372,-24.654631,67.380852
8.565495,2.117331,0.832478
8.564998,4.227303,1.059132
15.217602,23.287111,64.360733
13.124848,13.013433,23.166830
-8.661866,23.357718,37.999027
-48.777775,-15.324315,53.314075
35.328690,12.263447,38.916302
35.392788,13.561182,40.887516
34.029083,-4.225215,27.711212
-20.262976,-11.780881,51.484192
-20.169607,-13.057760,52.335300
-1.806769,19.969557,67.379562
-1.412071,-19.297455,10.573655
-3.037660,-20.642673,12.309996
-14.555983,11.943460,21.787498
-13.461464,-30.985752,49.284267
-13.949852,-31.768557,47.914665
-8.997958,-12.386882,55.434551
33.842167,-25.441299,51.437786
6.408489,32.807629,52.883526
8.613662,31.971609,52.634647
-3.841514,-26.941092,20.254932
-17.741755,37.142967,36.070461
-17.383280,37.485382,37.897911
-15.776151,36.723358,36.403324
34.056751,4.293483,67.386871
35.423504,5.551136,67.387077
-28.861181,-42.783440,57.728424
18.916758,-20.810720,37.130676
0.468323,9.324112,4.379735
20.161516,-14.205599,13.546497
27.813580,-19.817680,48.592773
-7.955727,-24.217382,48.017742
-13.457281,15.859866,30.101875
-13.753352,15.149493,28.422245
-9.052942,10.448352,5.224197
-10.823753,8.970825,5.542710
3.004364,-25.241165,17.801849
7.345811,29.634405,67.380913
4.816801,29.140856,67.380455
15.816159,17.419989,43.229256
9.632141,-17.573338,20.485224
-26.809828,-44.616531,61.313637
-26.332710,-45.297401,63.184673
-27.753862,-44.864296,62.792660
-9.102233,5.253472,20.636881
-8.875547,5.119915,18.926989
16.769234,25.523106,67.382843
18.120258,23.216774,67.383133
18.477276,26.478720,67.383141
-12.334980,-27.723763,58.364998
-11.688645,-29.007658,57.685951
39.752182,5.337774,42.073418
-1.242311,35.452129,67.379066
-4.223579,14.571434,36.389420
-5.107345,13.809351,34.708652
1.263187,31.352949,67.379707
-10.635714,34.415630,32.892597
16.475525,31.493950,61.252766
-39.667896,-20.685719,42.335968
14.754741,29.361227,50.735092
15.796222,29.459442,52.294800
13.044912,-12.463346,16.995649
11.725266,-11.619757,15.180102
-13.539380,9.121470,65.449081
-27.180803,-37.718304,52.676098
38.686459,8.383533,42.093769
37.963055,8.530050,40.554039
-54.961594,2.877965,54.640465
-8.146017,19.146660,61.838646
20.997541,-27.733297,59.115925
-19.909428,-7.821161,33.844479
35.717640,20.389828,60.154350
-44.309784,26.491781,36.500610
-44.075825,25.463276,34.888737
-4.311689,9.928702,63.984905
-11.383393,-20.076048,14.418296
31.838617,-28.484146,67.387695
9.523170,32.829876,56.448570
14.812996,-5.620718,4.005679
16.442724,-5.425679,4.965343
32.137474,-2.836595,40.894623
31.935497,-1.044203,39.831306
25.646999,23.116995,43.304806
27.765461,22.087648,44.318016
27.444576,21.815508,42.412487
-32.362228,-28.378439,40.990116
7.442205,-27.988802,64.276871
29.469292,10.062344,25.796547
-3.345756,18.686066,67.379326
-13.653958,36.317036,37.520782
-21.873365,21.665668,12.369714
23.150871,-25.010460,51.404980
7.870688,32.909004,54.785843
-50.497879,18.115330,59.950497
-16.285328,-46.561279,65.141930
-47.876305,21.692293,39.891956
31.544758,15.243690,67.385994
-11.256941,15.278151,61.412445
-24.890297,-32.659313,41.672287
-8.526765,3.874852,14.514138
-8.056069,6.081926,13.247984
-29.263287,-27.161697,31.743916
29.367418,-27.217710,43.899075
-33.534298,26.897570,19.989202
-34.871876,25.258108,20.415859
-8.415876,-44.329182,67.380753
-6.735058,-42.836338,67.381035
24.409687,5.580882,29.796110
-39.243492,-2.515830,32.870159
-34.112858,37.444546,60.751186
-34.191761,37.190807,58.947166
-11.798675,-26.287123,64.069199
-3.777351,14.745572,23.220921
-20.593079,-2.820260,37.026150
-25.761414,42.780319,61.059990
-29.377869,-21.978764,31.553307
-43.198322,10.802486,37.012794
-43.783192,12.186117,38.447624
-54.266312,-17.017073,67.371132
41.514961,-9.316917,67.388786
42.433315,-11.431655,67.389046
-6.300023,-28.660854,23.487074
-48.176327,-31.216938,63.702099
-7.215112,-27.459929,67.380356
27.956730,16.226234,56.730217
0.232725,-3.807679,6.805984
33.806267,-2.315635,49.211071
30.672855,-21.572929,35.550194
-7.919284,2.287474,55.993759
5.918262,16.496666,21.265247
-27.208860,-10.826581,22.145605
-25.594877,-11.683575,21.457283
-25.909769,-9.829433,20.796511
36.115501,-15.429553,67.388016
-45.444469,34.669048,53.590614
-46.466942,33.279598,52.844711
39.790379,0.604430,39.803226
22.861170,12.296828,36.961052
-38.083172,-34.733559,58.463486
37.388351,-9.893115,67.388039
37.543503,-7.426910,67.387970
-37.100761,-34.667519,56.799400
-4.581399,-23.188354,26.991837
-20.303978,-2.808005,45.816925
-20.066387,-2.279456,47.897129
-45.391117,13.002562,43.426998
-45.046623,15.509897,43.354248
-10.032052,7.298576,67.378502
-9.246368,5.256787,67.378723
-12.576147,-25.864050,62.430634
-13.976920,-24.251040,62.109280
0.206034,-28.771830,55.970718
7.153686,18.461945,51.658047
-36.167946,-32.943905,44.607723
-27.469938,34.458347,40.667732
-56.319782,-10.265715,61.124748
-11.507239,-13.499209,26.256460
-46.825253,-33.107830,63.778038
-11.571573,-33.311604,53.981705
-51.693592,1.143549,57.562252
-18.102329,-30.613256,41.092712
41.582550,-11.179191,47.350742
-15.509706,8.025041,61.056362
-40.074417,34.717545,41.922943
-30.931835,19.989288,20.994081
-1.633789,-25.312965,31.819571
6.796531,-29.111633,61.219990
33.022114,7.999442,56.997375
32.068134,10.300516,55.780972
32.881371,8.176179,54.711132
-3.696964,-1.028137,0.460594
-47.495457,26.728659,44.426315
-20.071911,-13.470098,53.955616
-6.374204,-43.491764,53.312954
-4.685458,-28.109236,45.082706
-7.012740,-26.354345,44.933674
-5.708374,-27.398226,46.664845
11.637372,-35.838039,43.754284
13.732872,-35.105145,43.475224
1.685590,-29.869476,45.765495
3.586652,-29.248829,43.889866
0.956739,-29.141834,43.551540
-36.325256,8.937354,21.003122
34.820175,-26.391354,62.532074
35.426811,-25.569286,60.375496
-10.830265,-2.124909,42.463257
-13.263677,-9.065527,33.424675
2.653952,34.110985,52.794159
-50.973957,20.888420,63.489216
-51.803528,18.904577,64.100929
-13.424069,34.950508,48.252438
32.694427,-12.275389,54.512764
32.012905,-13.475038,52.523373
-3.758671,38.910484,60.924267
-5.498218,39.200539,59.648048
-47.397240,24.344893,41.328915
-48.207424,24.000031,43.050976
-26.838100,33.041561,21.051453
-16.643906,11.747258,11.982757
-18.507927,-33.968082,44.141670
-19.926947,-3.009374,10.684037
22.122345,-35.611797,56.638000
20.081066,-36.798531,56.854897
-9.417207,-14.167337,8.667506
-8.789181,-11.985868,6.785912
-6.708703,-7.879269,3.191040
-6.514851,-9.861548,4.187070
-1.254411,-21.716625,65.749397
-13.113305,-31.656771,30.131077
6.151804,-27.728624,22.921286
-2.985048,-3.025360,0.461309
-5.009493,-2.514787,0.823312
14.027376,-29.971031,31.698898
-51.278568,-13.284112,49.307861
-51.845383,-11.403293,49.654499
-45.393353,35.418743,55.663784
-47.008503,26.168839,42.487247
-57.544617,7.859085,67.369568
1.419022,16.571804,19.108841
-47.566509,19.022400,53.121323
21.014290,-16.615681,33.829403
-37.852867,2.564523,29.459623
-40.425777,32.824642,38.582859
-40.924988,31.213320,36.575928
-24.290024,-5.158243,14.204701
26.683170,-15.452026,23.101393
-42.589417,34.759518,47.104012
13.977310,25.202641,30.196318
28.417694,16.023142,58.632816
23.701071,-14.679801,35.399857
20.247007,-13.631236,27.501429
19.221346,-13.673047,25.749882
-33.463425,31.185207,36.066952
-8.446354,-16.211363,55.208118
11.526786,-31.676449,33.595814
12.691372,-32.180157,35.358353
17.319370,16.662420,14.525343
-19.200247,-18.499201,28.861732
-22.921528,40.471626,47.097424
-22.494385,40.069782,45.234711
12.602210,7.354233,11.363549
11.573858,7.195580,9.593869
-49.027004,23.785591,45.109837
-3.571276,-33.659512,67.381264
-1.996562,-33.737907,67.381561
-32.897137,-2.801941,20.731936
35.529419,12.036426,67.386848
0.425735,35.907890,67.379295
12.437301,-32.266556,67.384201
15.255622,-32.658676,67.384743
-11.551877,-39.370888,43.492977
-13.223332,-38.631950,41.964676
-13.606110,8.084149,67.377800
21.765562,-26.277756,52.642948
38.384136,9.808580,67.387474
11.305538,-13.230416,16.420876
-18.999908,-10.913164,29.938288
23.452885,-22.162437,44.480984
24.417439,-20.301746,42.884773
19.361032,-8.368214,19.801464
21.108223,-7.032456,21.146622
22.669724,21.396732,65.547798
22.998831,20.990725,62.953564
2.148577,33.072563,67.379814
22.514044,9.070684,13.751260
23.380867,7.759517,14.280215
14.214249,-25.504047,40.620266
1.231950,-40.900188,49.700825
1.489143,-30.056137,53.816971
34.886898,0.974287,65.850563
0.285759,24.817108,67.379768
2.700788,25.915588,67.380180
16.473354,9.149477,20.166723
17.440472,7.273892,19.062220
-21.090204,-38.083145,51.312325
35.159397,15.093052,42.989876
34.441399,15.032921,41.210880
33.339756,16.582390,41.704433
-10.077027,-39.853672,64.042526
-8.509489,5.122977,2.995517
7.365186,31.778625,67.380829
-39.860367,39.256111,57.224510
-9.827533,6.882495,4.308917
-19.413025,6.008152,35.716805
8.880399,-40.964207,67.383682
-8.778242,-3.208040,56.886787
32.364418,9.720523,57.918053
-53.763683,3.379892,50.754421
-12.736449,-10.497130,29.420002
-12.138191,-11.983307,27.507074
-5.511114,18.165007,67.378967
33.899117,4.924875,65.855896
21.031872,-31.350601,67.385788
6.310240,-4.646093,8.077532
5.511997,-3.535821,7.226435
-24.986914,29.769106,22.834673
-2.408493,-29.104864,45.380749
-3.226575,-27.602798,53.334087
6.575996,-17.217163,18.336508
7.831089,-17.841450,19.717991
31.696003,-26.817595,67.387611
-11.732659,-18.575962,41.659348
-6.310321,16.434166,67.378830
26.655706,25.843853,55.750885
-12.533848,-22.522665,17.216707
10.163694,6.754368,2.050860
-36.880928,-13.273241,33.847740
-44.837772,11.646120,41.238911
-37.763550,-37.506550,65.319519
-39.483791,-26.771425,47.617683
-19.129858,42.835289,67.375450
39.474579,-10.457710,67.388443
39.597424,-8.321921,67.388390
-0.818166,-30.825472,67.381668
-2.681079,-31.742378,67.381355
-20.363607,-46.602997,67.378601
-24.887989,4.893089,16.081644
-11.723854,-4.998748,40.954571
-11.340967,-3.261716,41.219471
-11.082255,-4.075934,42.904537
0.147428,-9.088770,10.603554
2.387941,-8.336336,9.831939
0.716334,-7.412281,9.270486
-13.347004,13.245021,19.322735
-13.223147,-42.626125,65.807434
1.753492,37.112362,67.379585
-8.334517,-21.641396,28.634483
-4.672031,11.779860,44.889717
-33.489693,-11.852757,28.736380
2.646741,1.934618,3.944580
0.805404,1.577730,3.855009
-57.947765,0.199432,61.949181
24.505621,24.645235,67.384315
-46.318062,6.051762,33.349655
19.374655,-37.589878,59.330677
-49.773380,-13.830900,54.817303
13.694894,17.759384,43.148357
1.249780,31.812687,43.621670
2.559996,31.820911,45.486881
34.247807,12.726980,37.290031
33.825825,14.612782,39.058300
22.793531,-26.753420,60.324722
22.715891,-26.672596,58.270432
-16.847446,-18.666815,16.019228
-15.881019,-19.931889,16.540432
37.790024,7.614665,39.348057
-46.698639,20.702333,51.822788
7.490020,22.829203,15.335137
-19.783604,-15.517192,54.556202
0.897943,13.064670,9.191812
1.172145,11.910900,7.245703
-40.292263,-12.044585,38.064259
-18.010271,4.132577,56.301693
-39.234856,26.999981,37.545437
-45.425621,23.831278,50.692421
-9.510241,5.044913,22.840557
-23.470881,35.544415,45.033386
26.263613,22.253574,41.353985
-8.484085,-22.556721,31.149736
7.075327,-40.538708,51.934368
-4.577376,-8.963569,2.800317
38.999374,0.860167,67.387924
-24.018867,31.724899,27.981777
-5.123128,-7.123112,2.068687
6.019543,-30.962513,52.347160
4.573797,-30.834183,50.898907
-36.065361,-23.161901,39.737682
-37.446156,-21.686850,40.211414
7.997182,16.771105,29.545990
-2.792891,-21.896955,61.998543
-46.311752,-34.117519,65.689255
-47.664925,-32.272018,65.494347
32.820087,-9.592974,48.970592
-25.281179,36.646473,50.296638
-26.593603,36.984310,51.996559
-19.164230,-4.056262,25.708899
-12.040198,-19.771568,35.697716
-14.747909,9.627617,61.077137
-14.514227,8.822015,62.895035
-17.611671,9.988357,12.726931
18.194672,-12.030747,21.906021
20.065022,-9.724099,21.932478
0.110679,-5.644834,8.093792
-12.806602,13.986160,59.671989
-40.874538,-21.703554,38.074654
-11.795193,-3.491827,39.407661
-12.283530,-21.129255,15.776838
-58.091507,-0.446038,67.369850
-57.695957,1.528047,67.369888
-18.759075,-5.243561,23.856594
41.538246,-7.048409,67.388702
2.375407,-25.720343,33.474972
4.015916,-25.801056,34.447628
-7.866270,-17.379765,56.179829
-8.422159,-17.849924,53.947567
12.929580,-22.828447,17.731348
11.389049,-22.377054,16.210022
-48.622864,33.635376,67.370270
-47.993637,34.307926,66.009048
-38.093113,-29.499968,49.176228
-42.522491,18.640432,27.898529
-41.569942,17.329367,26.256952
-44.391663,-33.529259,56.571461
-3.855099,-22.517668,67.380783
-20.440546,-42.109718,60.887676
-18.494249,-41.876919,60.484692
-5.984442,9.674574,46.193108
26.539352,18.157951,61.034767
9.337918,-7.606117,2.371115
8.725118,-9.680238,3.055473
7.591444,-8.408535,2.202235
39.778851,-13.619936,44.383713
-3.749820,11.765237,54.549957
-4.954951,9.932795,54.959713
-24.911303,41.157970,50.375237
-26.358259,41.086349,49.636799
-26.552422,41.433254,51.839680
-23.603254,3.785972,15.543244
-7.552242,-19.135798,55.496151
-47.150669,29.245647,67.370712
-36.421589,6.597964,21.500782
-29.651155,-31.693689,37.349640
-27.442719,-32.724419,37.220943
-0.810705,-25.518654,60.038071
-42.301857,1.379102,36.556816
-18.241079,-0.052516,63.204384
31.331705,22.451904,54.155689
-7.117510,-7.554826,14.828846
-52.047390,-21.865431,58.823349
-53.376923,-16.507685,57.443634
7.939926,-30.967886,53.480709
-52.353954,26.379120,67.369835
17.331606,11.237627,28.273895
17.828184,11.667027,30.046246
29.408039,14.642105,56.590569
-50.492661,-4.406282,42.913052
-5.825591,-30.610659,27.094433
3.770527,3.369429,3.781712
-13.618836,-4.454370,67.378273
-13.958268,-8.872138,67.378372
-14.679149,-6.282692,67.378143
-16.289778,-8.100918,67.377914
-1.987573,15.337513,41.334778
-0.630289,15.711629,43.067310
-4.891514,13.913640,24.703926
-3.532565,15.146389,25.753944
-14.162704,37.755413,59.335884
-15.409002,37.624634,57.625927
21.503353,-27.261333,56.934250
25.517412,-15.190995,38.561756
25.909603,-16.107433,39.982803
-13.622069,-7.243439,7.415504
-17.727749,2.467781,60.802670
2.449122,17.368958,27.452698
4.789782,17.187590,26.995417
-49.813515,22.200663,45.741455
-6.717587,6.201369,7.210247
-32.854099,14.706013,22.110321
-10.348682,-9.477448,21.619116
7.263068,-28.167707,42.295952
6.034135,-28.965044,43.758572
8.344452,-28.764620,44.237419
6.373770,17.429663,30.529482
30.046761,13.834349,65.483955
19.680725,9.349764,9.767385
18.016344,11.027283,8.971039
-37.407291,36.663734,65.453766
4.513827,24.192343,15.737256
-6.107261,-21.331541,67.380318
-8.478898,-21.951542,67.379898
-25.813601,35.492107,27.563965
-27.965508,35.477764,28.778074
-4.085210,-17.927376,67.380562
-4.021074,-20.123070,67.380661
-5.468814,13.123871,23.021935
-45.762341,27.073034,40.514954
4.362885,32.496758,49.784813
-9.979108,34.718925,50.889236
-5.899337,12.792001,24.659826
-50.606171,0.490149,41.873169
-1.032181,27.041164,67.379425
-33.504616,-21.918686,30.483187
-31.585569,-22.462847,29.256264
35.098713,14.022557,67.386696
-55.165047,22.935162,63.138382
-24.601572,-45.703072,63.530918
-44.772266,14.112447,41.813549
12.400724,-26.339834,40.992939
40.255760,11.479306,52.231094
-15.006355,-5.545225,7.873051
-13.652733,-3.663446,6.363861
-13.198893,-5.822429,6.607110
-4.535366,22.833042,67.378716
-23.522261,36.719635,50.809826
-12.889879,28.320108,25.945030
-12.557611,28.783602,28.220812
-14.216022,29.481178,26.109751
-30.163513,35.314190,45.440903
-28.923637,35.880997,47.220451
-31.659485,35.406734,46.941311
-3.923243,-21.610779,23.805969
-4.378874,-22.353880,25.225117
-50.338299,7.758449,55.695484
-11.164155,5.590650,4.756985
33.100471,-17.682243,34.496544
-56.218689,5.886291,57.832882
-55.690800,3.726088,56.526974
42.197189,-3.293729,67.388680
-34.049297,-9.733421,28.470055
31.714653,17.321743,67.385941
0.135526,-44.242252,65.936981
-0.666986,-44.052841,67.381340
-51.685741,19.961428,49.388485
-55.909470,-12.035785,61.063595
36.141750,9.717222,67.387054
37.551105,11.598463,67.387253
-29.596254,-40.808971,53.201900
-54.612869,-15.350258,59.877731
-18.801447,-18.979874,54.193840
-18.551281,-19.202709,55.841461
-19.233227,-17.528353,55.265575
-32.700409,-16.221363,26.182209
-8.172685,3.815490,50.348278
-55.307240,-13.104803,60.160778
32.276131,18.193832,42.809467
0.220967,-44.587379,63.984173
28.752874,-8.882598,37.362404
35.521915,19.482609,56.394958
37.189720,17.844509,57.206566
-27.789265,-13.641210,20.708675
-28.953468,-11.310414,20.531199
-48.261730,-30.397345,61.322220
10.289773,33.928486,62.616421
9.558743,33.798313,60.216827
-48.192268,11.250968,51.433437
-20.683805,42.004494,56.951134
-18.958231,42.047997,58.188503
-15.795677,36.742775,53.510956
36.885796,-6.852095,33.474800
-25.525467,-15.011254,23.282265
-14.422425,8.447635,7.380125
-12.756761,10.416988,7.013141
-39.989044,4.681170,32.122021
-39.335411,2.021688,31.735416
-26.929298,38.049648,36.702538
-46.589081,25.163927,40.155907
-32.732861,-18.509024,31.850266
14.694633,25.879627,67.382439
14.420504,30.409069,53.947952
16.041035,29.944643,54.268959
-3.982483,-41.202328,48.648701
-2.600674,-41.651825,50.000397
7.464101,-42.135616,57.099144
29.959919,-17.434093,29.351940
1.551859,16.243280,45.823486
3.506716,16.947872,46.116241
-45.070000,7.299809,41.389038
-19.401686,-12.268829,36.380894
41.218693,-16.636608,62.818199
40.164803,-18.856819,61.327908
-1.959798,32.116787,39.004543
-14.712371,-34.083916,47.960094
-8.785978,4.314869,17.103203
5.702477,30.998659,67.380554
-3.414961,-40.324139,46.958622
28.161381,-32.240189,60.929554
28.328362,-31.922989,59.187889
-46.286537,-28.345211,63.816143
25.780743,13.269580,42.175426
8.268737,19.551189,10.454906
10.020899,18.819784,10.477394
19.527260,26.681017,46.855030
-44.814384,31.175962,60.657784
24.698788,-17.851101,40.300163
-17.480110,4.795306,20.898066
-17.471798,5.998618,22.483688
-13.119472,-45.256687,58.201885
-3.027713,-39.241833,44.778343
-11.634514,-40.406990,45.656403
-9.098314,-17.078743,51.894684
3.097042,-18.753693,19.182814
7.642404,29.992895,44.930851
9.315172,29.931465,46.647160
29.668411,20.041910,67.385460
30.767223,18.802603,67.385704
31.165455,20.658422,67.385719
4.513022,-16.625677,7.460972
-0.894413,-24.898340,29.814276
-36.264168,2.012558,22.414808
-17.139526,9.972945,48.564175
14.013881,-13.296821,18.725389
9.301944,-2.696529,8.199341
-7.183857,38.775543,56.216305
-24.517143,-19.091660,26.085953
-26.597918,-17.723778,25.866751
-41.603935,-12.834379,40.308113
-5.523497,26.006765,47.277653
-12.608163,-5.705691,67.378502
-14.249401,28.801115,14.934797
-28.120054,-22.935350,26.958384
33.542881,-3.352653,47.472485
14.339153,2.283092,11.436202
3.284605,-22.131117,23.855623
25.778265,-30.819029,46.927181
0.960191,-20.452454,11.603492
-18.525381,-10.824754,12.204242
-49.978783,23.602854,47.572552
43.562313,-5.203715,67.389023
-3.422462,-1.921905,6.533084
11.600207,-33.347458,37.329300
10.418387,-32.715595,35.179111
-0.995888,17.105732,32.856892
-5.578381,-16.567383,8.974538
12.325912,23.041765,63.800499
14.272820,23.013441,62.862236
-8.353038,15.331097,7.141763
26.354591,-30.115538,67.386734
24.405348,-29.368399,67.386337
-31.165754,-39.011581,59.064152
12.406234,-23.886972,19.056082
37.773506,0.004026,35.233200
38.211735,1.171810,36.539200
-6.273575,19.060228,8.572786
-32.100193,-25.793890,37.845909
-16.356270,-37.998466,41.027809
30.569437,-13.150424,44.596069
-8.354993,-9.744835,59.403873
-9.472094,37.331467,48.914852
-10.103349,38.086571,50.845020
-8.056338,37.260513,50.418140
-10.286592,-4.752191,4.005438
6.030676,28.308975,30.294523
6.306871,28.436892,32.022938
7.541795,27.841358,30.778393
-22.986826,41.167622,51.118549
24.862144,-3.857085,14.545084
-19.576542,-15.885272,56.663860
-6.069625,-6.749808,12.883148
24.792017,-25.439421,61.074577
24.603624,-27.275169,67.386299
23.133890,-27.497002,67.386032
11.142525,-39.358955,52.228695
9.938243,-33.884789,67.383789
-15.164308,-22.782049,62.054329
-15.558922,-21.813929,63.494568
-32.303932,-14.055785,28.479872
-33.917122,-14.021068,30.360052
14.644819,-7.746560,4.658392
12.902574,-7.018891,3.480746
8.851888,-33.683868,36.536423
-18.611979,-20.919476,34.112740
-39.902401,9.230968,31.213562
-47.761967,-24.700602,51.059029
0.037229,-26.885750,59.077156
-5.278845,6.340117,5.385017
14.348580,-23.281555,19.458012
-11.237348,-29.018234,59.223717
14.267248,-40.070187,62.222309
12.820242,-40.717724,61.203144
14.716517,-39.865349,59.967358
-46.619411,14.094405,33.695324
-46.589260,16.302525,34.126717
-45.693237,15.710423,32.369911
-14.463417,-1.792124,6.641636
-15.951436,-0.792033,7.653680
-43.610920,-8.435270,33.989441
11.044319,18.058199,45.183781
12.059405,18.236452,47.048500
11.582040,-18.908257,24.101114
-14.975774,35.384537,48.707485
-22.225422,-37.396423,49.807781
-18.310143,1.280030,59.477913
25.451311,4.459761,30.168943
-41.598858,-17.834728,36.197495
-46.944759,34.397633,57.297989
-1.405177,10.211627,2.455417
16.452206,-39.085415,60.032555
31.295008,12.495308,31.370821
-19.237337,-16.475220,58.805454
-33.537861,39.868462,47.979748
-33.186836,-44.372658,67.376114
5.812619,17.984991,42.383320
4.789609,17.542377,44.135380
-10.794436,37.298664,61.642662
-8.882381,36.676933,62.091805
-49.832943,17.592407,57.989975
37.488094,-1.883350,34.281681
-1.998556,28.329317,19.225609
-18.225748,-19.379173,57.593487
-48.077358,-3.609744,38.455627
-31.464214,28.040842,27.058508
-39.963615,31.705297,48.564774
-18.455532,-20.794201,47.436050
-29.186741,37.931801,37.277763
-27.580563,38.683014,38.939178
-35.634949,-0.368083,22.490604
-35.156822,-41.610237,67.375526
11.947015,16.903231,35.043892
10.268778,17.582544,35.699993
10.680886,16.898127,33.501743
-51.211697,-21.264980,55.661320
30.666447,0.826041,36.701981
30.500807,3.128084,37.243050
-29.388386,-39.988377,59.758648
-11.274055,-1.240491,4.076963
20.724297,-12.223241,26.165993
-46.368267,-24.954611,57.167610
-45.622723,-26.591118,57.933735
-45.160934,-26.166454,56.185123
21.519892,-25.887424,50.585899
14.767756,-13.932665,8.489316
-6.975585,-23.043049,29.668184
-16.231743,35.343632,47.618843
33.365845,-6.785755,48.909992
33.300804,-5.273393,47.019306
-6.582525,23.944946,47.581852
-48.781567,26.741264,65.621201
-7.258493,-39.432728,44.180672
-22.394939,-19.919243,26.916512
21.029552,9.672479,11.911261
21.914701,10.925528,14.309813
7.241348,9.657903,2.290331
-15.530115,19.903477,12.949285
33.013680,21.193489,54.416302
31.750216,-6.918249,24.900793
-17.531427,5.295669,8.740551
-8.404292,32.817028,27.465088
-30.906485,-28.588694,39.903282
-22.736723,-42.099407,61.198341
-9.079447,0.101983,50.713936
-9.357294,-1.929514,51.415180
-6.298807,11.049076,67.379059
-55.390610,10.060988,56.141804
-1.701258,-11.959544,13.443221
20.415018,25.050222,67.383537
38.749027,-17.981205,47.975239
-20.581305,24.973417,12.861563
-10.030961,-7.693337,67.379112
-12.300259,-7.258219,67.378624
-13.129216,-18.489719,67.378899
25.308556,-24.536758,32.650169
2.582116,29.468384,29.846447
-0.107380,30.416937,30.020367
-19.798569,-14.283867,58.536770
-19.548189,-14.972975,60.617207
3.672200,26.988802,21.387768
-50.875671,5.072187,41.920425
-39.053909,35.436783,59.377102
8.857644,25.022875,22.144665
8.278773,24.616470,20.369703
1.318252,18.507338,7.746930
2.811693,19.656584,8.904952
-18.163607,-9.937165,67.377625
-30.279654,-0.835760,17.878544
25.457050,13.378519,22.971315
24.608318,15.579731,24.459589
39.883911,14.826031,67.387573
0.063296,17.155697,6.684646
-0.878631,18.836435,7.976843
-43.724270,5.161895,38.473038
-39.142342,34.309498,39.454159
15.864058,-23.269316,37.755428
16.553976,-23.736258,39.375305
-4.111729,14.830439,27.812164
-45.685177,29.571209,58.959885
-45.314766,-14.102246,46.408745
-44.099941,-14.415029,44.688992
-44.426426,-12.446659,44.279819
18.837631,-27.966757,31.686499
20.387392,-26.743328,30.946159
-28.300331,-31.056458,41.058075
-10.158838,4.604008,27.177080
20.896839,-35.879593,54.778423
21.296501,-35.015419,52.395969
22.848513,-34.703583,54.535717
-49.429844,-10.513796,52.755348
-49.865314,-8.783863,53.334805
-12.596415,13.096549,61.704094
35.040813,-11.422170,67.387650
34.508392,-13.180926,65.789589
33.469330,6.070266,53.784351
33.436630,5.422008,51.436409
34.372013,-6.754947,57.344265
44.224850,-2.653538,61.342758
10.772192,-41.301254,58.507034
16.528835,5.223938,4.948629
-47.903954,-15.776711,43.848759
-47.119984,-17.741484,43.887707
-2.774894,-42.750877,67.381844
-4.752692,-41.530331,67.381424
-11.584019,-24.058073,18.489634
15.062342,-36.409954,67.384857
-23.323877,-46.095100,64.398743
-25.348316,-45.949303,65.264000
-22.460480,5.260604,14.773742
-47.215858,23.467863,39.883430
8.842381,16.998894,31.608196
30.704790,12.870117,63.146191
-25.736191,-28.643181,31.074482
-15.115787,-45.389565,58.869499
-45.447556,-34.820866,63.853455
-8.270760,21.790627,48.007824
-49.248676,33.041763,65.880981
-18.922010,1.264666,9.559161
-11.912535,-1.971036,28.908430
-15.574410,12.252172,27.721008
12.393127,-19.472815,25.860804
5.868664,-25.809603,35.415344
-28.707771,-17.351887,23.535553
-10.153083,-14.235598,48.490421
-36.219700,41.274117,63.649014
-5.379351,-24.706785,32.730251
13.309625,4.293852,10.421322
-0.631520,-3.848253,0.300124
-1.199803,-6.284615,0.874104
-0.494594,33.889717,48.708832
-50.219994,-22.328295,54.060314
-57.793713,-4.014035,62.331474
12.194185,21.990292,18.591938
11.780655,22.864893,20.247662
2.996887,18.338717,59.003601
-5.600393,-25.972151,67.380592
-36.436665,-37.554577,52.397545
-11.442071,18.345221,20.412603
14.423889,-3.749490,3.346784
13.588145,-2.405389,2.743547
1.462966,7.503607,3.428111
2.613543,9.055462,4.281239
31.708103,-16.165300,57.506744
21.086681,7.498367,10.521000
22.422657,7.507760,12.523300
-14.846777,-18.630045,14.880717
-14.288783,-20.901171,16.512922
-20.953499,40.019039,46.268372
28.196396,4.796175,20.571005
25.019308,-18.818636,41.748520
26.087534,-18.976845,43.361694
-20.549259,-43.731251,65.374199
-5.621376,-33.442341,32.482731
35.211441,10.918004,37.075672
19.857573,-25.409592,46.334362
21.406580,-23.848557,44.915260
27.599337,-32.218624,57.584526
-28.152836,38.951469,67.373886
-31.165943,37.004387,35.923805
0.045323,29.309103,67.379562
36.239792,3.801029,67.387299
-39.687824,17.120642,30.950094
25.420362,-2.079292,15.204831
-7.939740,34.180813,37.367947
9.944269,12.951619,15.448129
-27.640549,34.800339,26.365644
39.103962,-18.213884,49.926865
-7.970685,-1.339558,67.379173
-53.618793,-5.602531,52.185417
-13.820338,-27.395071,53.570187
-13.721135,-28.492760,51.444950
3.824185,18.370457,38.500572
-15.306266,-16.598866,13.583032
-42.944973,-17.547157,44.703247
-48.736923,-13.918314,44.166504
24.574238,19.883804,62.229698
39.223034,-19.514965,54.769768
-6.831917,9.914226,16.043755
-39.505337,31.532127,34.616245
35.213814,18.535397,67.386559
-42.891594,-15.657652,43.554779
-24.797718,-3.681305,14.186517
39.488884,-18.488312,52.666603
8.954789,17.989065,8.900646
-59.455090,4.320453,66.009972
-59.699657,4.161052,67.369308
24.224720,-25.658607,58.602592
-3.908206,-26.316210,67.380913
-2.991157,-7.398085,1.553801
-25.800381,34.910480,25.397078
-32.847797,-20.629717,28.984482
-21.882210,19.977617,12.079271
7.625955,-38.780251,48.196739
-48.481022,18.176361,54.975956
0.997204,34.229782,51.373672
11.300269,-27.077896,24.196875
23.917984,-32.106609,47.490570
20.487118,-27.236679,53.432343
-52.169685,23.774981,53.821564
-11.462887,-1.100897,38.034336
-3.236140,-26.461988,55.459785
-1.913774,-27.680546,55.338024
2.682949,-32.387424,67.382385
1.379701,-41.654758,51.427448
-8.122871,9.188463,34.276127
-46.282993,-19.670336,44.015705
-47.156116,27.293602,59.263332
-46.950768,28.414833,61.019588
-11.680479,36.333748,41.180763
-27.303303,4.856954,14.638714
-40.622162,17.619377,32.647331
-11.411255,37.166943,59.313419
-10.025167,-4.134439,48.285679
-10.341825,-3.841422,46.171738
24.745209,-24.423288,54.282986
-32.852779,11.382979,17.880981
-9.058045,-26.286873,67.379784
31.498360,20.970985,49.631355
-18.277609,-45.437729,59.784321
-57.385612,15.310937,63.420696
-19.142986,-1.808919,25.210176
5.073670,14.972600,5.110083
-2.954729,-24.770460,30.347542
-4.618916,-24.551378,31.089798
17.497320,-9.020203,18.190323
19.383804,7.867201,24.353924
-7.470176,17.957199,67.377861
-33.633553,-4.722369,22.035425
-11.780771,-5.421649,5.378108
-12.160263,7.308856,67.378098
26.852377,-8.757250,18.983925
21.217600,-27.584894,61.454647
15.434446,-12.434922,19.164013
0.752655,15.511062,5.437568
-36.688477,29.863497,27.138742
-33.283012,-42.674282,67.375999
43.800270,-4.262155,52.653748
-42.689869,-7.153940,32.321232
-16.814175,-32.749016,32.756905
1.006967,-35.048298,36.647354
35.223831,-1.003212,65.552666
-12.924224,-1.546844,5.414451
-49.497318,-26.539619,57.397884
-50.630825,-13.502614,56.845768
-29.702908,21.442291,20.267204
-34.833687,-11.453012,25.809591
20.144653,-27.771761,55.196560
-6.970761,-13.169581,18.114349
-13.521301,37.861355,45.188019
11.224441,15.083648,28.083174
13.165774,14.139990,28.546652
5.762968,16.814676,24.874290
8.202039,16.013107,24.898207
8.448338,-27.242092,40.642349
6.740515,-27.514431,40.532291
-40.340126,33.890015,40.586880
-42.623482,-10.974182,40.961639
-8.466666,21.356871,50.474380
9.080890,-28.450180,64.320030
-24.193157,25.899502,18.213083
-25.583805,-34.317001,38.305351
30.060585,-0.453411,35.345943
-1.805501,13.895306,50.885220
-1.638114,14.075743,48.815372
32.559196,-17.318464,67.387405
-8.225498,6.527890,42.385567
14.976514,-22.947796,36.089657
-8.704394,-19.323902,51.538013
-26.427370,-12.975969,22.694334
27.577925,-6.641840,19.242847
-9.969339,21.285889,35.550217
-51.261532,30.187847,62.190056
-19.329393,3.341802,47.180241
-4.256183,14.794704,29.779081
14.438212,-9.774047,5.473147
13.663590,-11.704268,6.208828
17.221476,10.519273,26.027544
18.946524,9.027529,26.091249
-13.957633,-34.501278,49.612228
-23.172617,20.560654,12.607417
-20.537460,-2.030171,35.330460
-12.227362,-7.109395,40.267830
-11.959729,-9.136546,41.942524
-12.771421,-9.201231,39.137184
10.224137,22.872221,18.277328
9.762378,23.939558,20.415844
14.783216,15.030725,33.319389
-39.803818,-0.350294,33.064400
-0.766064,32.650402,44.009026
-1.845342,32.623600,42.080147
-2.776359,33.326588,43.625332
-24.749117,0.479109,13.371670
12.123230,-35.106869,42.202297
6.711579,-28.436996,62.652695
-9.085853,3.345884,2.886092
-8.531770,1.814362,2.258278
-51.895794,29.571402,63.879986
-26.993896,27.431259,15.786358
-6.660042,8.018107,8.441492
17.062252,-32.525211,39.585464
-5.126034,14.180279,5.640324
-42.272846,38.403374,60.219353
-22.352695,31.801626,27.688120
-30.126471,-30.168564,35.834198
-19.257565,12.009160,10.261108
-20.900547,11.112223,10.924294
38.869942,-8.155359,38.287003
39.428577,-9.223021,40.042686
-0.919222,-27.606022,56.806805
-2.154755,-26.779102,56.532204
33.808121,-6.802551,53.166424
33.406120,-7.878696,51.008495
29.556726,21.636660,67.385376
17.913912,-25.873421,45.032600
11.159235,17.406122,9.395750
26.275200,23.185448,44.976723
-19.813725,34.699440,24.253017
-21.383120,34.542198,23.459919
34.754433,9.746073,34.929981
-36.994442,-39.590523,57.671288
-13.254183,39.568321,52.609360
-9.925915,-2.675806,3.258794
25.239929,17.126328,52.009720
24.613420,-24.104782,52.414200
26.383511,-22.779507,53.820896
-44.590019,-26.565834,47.518169
-44.320225,-28.237226,48.836399
-45.598377,-26.706902,49.192188
-59.806793,2.285896,67.369362
-57.522503,3.385694,67.369804
-8.218103,3.998690,11.934316
-13.215799,-20.060568,15.246743
32.431721,10.775627,31.515142
-31.097980,21.798319,21.693056
18.627546,-6.859267,18.015623
-45.426682,9.149911,42.504284
-45.077320,9.027536,31.032446
-1.155624,-42.002197,67.381973
4.944989,-30.379824,56.480038
6.013315,-30.875076,54.578529
5.182744,-43.324577,60.828159
-28.944544,1.625430,19.670029
-28.182318,3.348346,18.722397
-14.533002,-25.481810,56.298443
-18.563631,4.221257,52.125423
-18.872807,2.603145,52.427135
-20.177874,-13.059762,45.317425
-8.484515,34.656353,52.689236
-0.062580,1.320508,0.061553
2.382508,-10.352577,11.292174
23.119381,-8.378266,13.426916
0.260934,-11.017688,12.069808
-23.172329,-45.744152,62.829556
-30.595406,-27.379745,38.208729
16.811020,16.825024,41.184696
14.510901,17.403084,41.157726
-23.087059,-25.847113,26.384907
-7.632428,-40.380547,46.114395
-1.018127,13.382105,10.429072
40.388153,-18.347065,63.796837
22.238312,22.666176,35.030895
20.138147,23.959908,35.901627
21.684052,23.528124,37.075436
-30.758375,29.538443,28.787058
-35.152027,-39.693127,67.375099
32.968719,-22.192823,67.387665
-3.227262,-18.052719,19.302549
-38.543865,-27.153978,40.286457
0.936880,16.276785,44.104218
14.314281,-29.962873,54.003685
-36.081142,24.033073,28.718723
-37.153069,24.216614,30.463285
13.483569,-30.340284,55.947605
20.754856,4.941877,22.283813
43.077480,2.332197,50.787273
-58.710388,0.239232,63.805279
-49.246662,-23.292959,52.672531
-34.878895,-17.623646,28.912638
-33.156555,-19.085106,28.247311
-6.708181,10.865350,19.721697
5.803627,-5.929899,1.023631
-9.918011,37.117096,63.572582
1.120512,-31.397793,67.382050
-10.301997,39.038242,67.377220
-46.563248,19.832935,35.548180
-38.104465,-17.617393,38.109951
6.133811,19.955715,58.651394
10.260583,5.051596,1.697742
-44.318176,-28.030416,57.354210
-44.620991,-28.906778,59.704765
-18.653545,4.699714,50.407280
-5.653192,33.307377,37.455139
-16.147943,-35.388466,47.940254
16.690619,-21.926462,36.201168
22.689566,14.126119,40.114914
-6.595784,-3.299678,1.443970
-9.940537,-5.786088,49.902237
-9.844465,-7.483035,51.293777
-10.121752,-7.657463,49.254135
-34.183041,15.876606,18.531126
-33.979591,23.121960,25.407644
-28.985622,-42.000034,55.772953
9.639755,18.186535,39.617054
26.661283,-1.621065,29.085255
7.522943,-6.752978,1.584461
-17.696630,12.767820,9.701235
22.250883,-29.408779,37.776165
23.343485,22.754892,37.308414
-3.581863,10.539704,3.149491
-49.033470,12.062626,38.123802
-3.951137,-8.427283,11.963268
-11.288232,-38.003620,58.796730
19.450237,16.089546,41.545406
-17.677683,-22.585928,46.297462
-18.193821,-21.249704,44.519886
-9.727668,-40.900017,46.911037
-9.523034,-39.930981,44.856987
2.016032,16.498604,51.680408
-5.977901,23.533836,55.143044
-38.081688,27.785854,26.623035
-39.631557,27.911055,40.019299
24.050022,-34.449749,56.699734
-12.898742,38.371502,48.356277
26.960426,-8.408236,33.579784
22.340332,-17.929420,37.533096
-12.575145,39.796299,54.158730
7.034275,-41.606319,67.383545
17.364288,17.836025,16.733652
-34.494930,-13.414270,26.379721
-7.488918,20.458200,60.460491
19.046347,-17.699686,32.337158
-44.026348,24.714161,47.714813
18.625530,2.390633,17.156118
12.175800,21.289522,57.555325
10.341118,20.557184,56.259308
-57.922283,12.732870,63.635536
35.306000,-9.719644,65.352242
3.731452,32.037079,47.625813
-40.505661,22.150484,34.635979
-8.745047,1.911626,50.085190
-20.500624,39.078876,42.033031
-45.655289,18.128401,32.984867
4.702415,16.916595,23.020842
6.552671,16.480436,23.313160
-17.855930,28.133665,14.168044
-21.427895,43.064075,67.375008
15.531403,17.573816,13.650753
15.617951,18.399437,15.299777
-8.020937,9.531134,25.178558
-17.445684,7.987231,52.483925
-18.182928,6.052486,51.438679
-17.903749,5.857708,53.888996
36.239403,13.147743,42.296528
27.764473,-1.078458,18.754745
-42.104290,-12.103961,33.731117
-42.269424,-14.132270,34.915112
-43.285763,-12.305457,35.276905
24.014996,15.034194,22.744427
-51.763706,-19.638657,55.598541
-19.419773,-3.552831,61.533577
-37.469681,15.085476,21.380936
-16.665293,8.934669,8.658231
-10.584387,-45.996838,61.404133
39.173607,12.890861,67.387512
-7.384334,-15.547335,8.787448
-13.257999,16.253719,8.825795
-6.657928,34.006413,39.328205
-9.895954,11.365589,67.378365
13.742650,5.840177,11.947328
12.789654,5.959639,10.511088
3.650564,15.899242,16.110090
2.110025,15.663918,15.085855
-7.591455,-3.809707,13.284323
-28.126713,-15.920630,22.223495
2.536412,16.923227,44.147785
-27.581758,34.204605,24.412945
-19.502865,37.804558,56.701542
-0.271417,-29.455101,44.897278
25.616186,-20.530542,44.929985
4.953570,32.876221,51.560787
-10.413348,-43.591232,67.380371
-9.172770,-19.850117,49.333252
31.600986,11.340777,57.674442
30.828697,12.734936,59.495461
-15.071043,31.956978,33.878315
-56.598099,3.809070,58.688091
-35.089645,26.942297,21.655041
-50.594440,-23.016232,55.817436
-32.977028,-6.779933,22.189350
27.950609,15.856223,54.601685
32.989174,6.725878,50.187012
32.637001,7.109122,48.406067
-42.781178,-29.909748,48.535656
-42.002823,-31.855785,49.854897
6.991479,28.436527,34.253983
-48.129375,25.759859,60.210865
-44.350491,30.655094,57.141022
-45.979843,19.571182,34.238148
-46.893959,16.250887,49.924767
-46.385380,15.334241,47.918022
-50.734509,23.559090,67.370186
40.132660,-14.560570,46.623814
10.233447,-28.288826,26.010323
-47.414078,12.448142,34.994476
-46.675041,10.989974,33.555584
-14.223518,35.155277,31.083189
15.187064,-32.894928,38.830399
30.316736,-9.220514,40.516876
-14.917402,36.006844,34.299618
27.008942,-32.220013,55.487480
18.860746,26.464981,44.969280
-11.628271,-3.249655,4.660547
-20.625196,-34.375175,43.974613
-51.691139,-18.437265,65.601395
28.223885,-29.971746,50.021637
7.132201,13.242601,12.392445
5.000930,13.810609,11.752026
-41.473186,28.036715,32.941067
-39.968678,29.903091,32.766541
-37.054554,-38.477558,67.374451
13.177331,26.415045,34.643673
37.720402,3.489181,36.435795
-35.030434,36.456543,38.422516
-36.473785,35.310452,37.594833
-28.511265,-28.794191,33.069851
-17.776888,-23.606806,20.967978
-18.941530,-17.279461,40.510078
-19.040821,-16.059759,39.293297
-18.595051,-18.401943,39.106724
-1.048651,30.429203,27.797909
-3.599018,-22.522633,59.905487
-27.859634,37.671730,55.893734
-28.834656,37.838680,57.300499
-30.352287,37.363155,55.476059
-29.522076,-6.124700,22.281261
3.955047,-20.002712,20.956617
22.103241,19.681040,55.835411
-41.675098,-17.955883,43.192039
12.522710,-4.420973,2.596598
-50.343147,13.342062,57.427094
-5.190768,37.030056,52.937187
-50.405121,-13.798939,47.512280
-21.572374,29.812880,15.670268
-22.416214,28.458038,14.849246
-23.781675,29.897276,16.175426
13.664391,30.064547,51.909904
-18.702559,-0.860318,23.238420
-39.776134,21.970442,24.981022
-23.131443,38.873123,62.652439
10.307688,-29.060808,46.202595
-35.987301,18.835524,26.138834
25.842190,20.663677,67.384720
25.638229,19.183754,67.384727
-28.073196,-16.245684,25.801327
-28.569115,-17.883892,27.337294
-34.158169,-15.152911,26.929506
-16.904247,-17.149321,14.916652
38.252670,-21.953928,62.369896
39.082474,-20.716043,61.594734
-26.948997,38.374088,59.752209
30.886116,-22.087114,67.387276
-49.286865,16.852825,56.329128
-49.048218,18.963022,56.761539
-10.964149,-36.694405,57.672226
5.342167,22.931404,14.066051
7.539445,21.663078,13.250681
-20.824717,33.388096,20.303757
12.249712,24.083763,23.991997
-44.825989,20.587322,46.236019
-14.905210,17.248953,9.534986
-12.856576,18.125435,9.297241
-31.106422,41.934460,57.864433
10.208852,31.131258,51.648720
11.842769,30.581280,51.617920
-22.683254,11.312435,11.806407
8.779230,-32.237629,67.383514
-37.008766,-22.814066,34.499157
-44.156017,14.073070,39.850185
-5.642918,8.079597,6.752710
-17.546734,1.744012,63.209251
31.974977,17.007294,39.387005
-8.822190,38.179630,52.574768
-7.059679,37.433472,52.130566
-19.504011,10.211331,12.789545
-20.499098,41.475071,67.375244
-53.221375,-7.690821,51.791748
4.147902,-30.789782,52.997269
5.560001,29.043303,35.577862
7.506291,34.352055,59.360210
7.294103,33.798088,57.036098
-8.442170,29.398870,17.236322
31.316160,-14.351687,49.700836
38.136166,17.104246,58.854076
-19.604246,-22.536505,32.714355
-45.064693,-20.621014,42.884689
20.467426,13.339893,36.168442
-19.311235,-17.485943,44.438004
-18.761171,-19.220251,43.346252
-18.865517,-19.398352,45.451946
-14.215393,-37.609829,54.006252
-49.213936,13.961709,38.959015
-32.969891,36.778286,54.560894
-34.814861,36.075138,53.407249
-0.990566,-7.111450,9.395649
-2.104758,-8.289770,10.728045
43.975529,-4.654571,54.728439
44.115990,-3.853659,56.178600
-45.679844,-18.542250,42.234795
4.591862,19.233837,58.765209
-7.345797,-11.114998,63.274265
7.279383,-27.339863,65.770416
9.682274,30.412020,48.725262
20.478279,7.526449,26.113775
19.978075,8.809389,27.680788
0.384907,-23.264736,65.805542
3.497324,25.905155,18.516325
-20.361847,-45.827068,61.861511
8.283502,-18.233578,9.802590
6.773526,-19.183815,10.540612
6.103154,-17.735943,8.775121
-20.361479,-3.169802,33.266178
0.718888,32.439827,45.354881
1.489520,32.681110,47.175446
-44.427048,-1.865773,40.996159
-48.672703,-22.467089,50.696262
-20.771040,9.557178,13.335792
36.476662,16.075663,49.242794
2.136510,33.091637,49.208664
-57.094093,17.114712,63.748066
-15.317726,-38.745800,42.268520
21.924236,-26.048471,31.290691
41.059055,-13.016996,47.757835
-45.377254,-13.662217,38.725552
-44.139309,-13.575468,37.000023
38.344532,13.183771,48.417614
15.239058,-21.890919,34.278328
5.433301,-43.078163,58.900486
-11.213664,38.037994,49.255074
-12.786441,38.912033,50.633213
-38.242580,29.678900,40.323025
-51.250839,9.434607,43.125999
4.275276,-40.842697,67.382996
-51.703617,29.168240,60.895611
-7.133101,-13.898498,7.332632
-16.804569,11.717999,39.623363
36.408600,14.613711,45.377048
36.851448,13.213028,43.951385
-26.412189,-42.624226,55.584782
-5.031994,-23.823536,29.095249
16.924002,25.698158,37.974979
-15.836161,-23.045557,58.485271
-15.919192,-22.286470,60.513145
22.058706,1.901258,21.916754
-43.897308,32.360340,61.827274
28.950855,21.937792,46.521309
11.139631,-6.447641,2.591015
-44.988102,-25.049534,46.665581
-48.101974,25.280546,44.223026
34.865917,-11.765690,65.085495
19.264317,18.740387,50.795425
-9.914555,35.954521,42.564686
-14.759669,23.366684,11.452286
33.794338,-8.475592,55.370129
34.193546,-5.702452,55.227039
-45.085255,20.355341,32.988804
-20.209332,20.294489,13.844390
-20.234901,18.003582,13.253919
10.433798,16.249027,7.777816
-15.565774,29.877687,24.742695
-14.579065,34.994213,47.413677
-2.949315,12.787971,52.877380
-34.988926,16.889912,24.585655
5.758331,18.444092,39.135429
7.592251,18.415762,38.685638
6.531910,18.276331,40.743717
-48.630714,-18.663754,55.353420
-48.706627,-17.110596,54.295456
-49.493820,-17.233334,56.298931
12.564127,29.283138,67.381905
16.623043,-12.298847,20.287546
-25.220245,32.506577,19.453207
4.376426,-14.864485,15.165557
-50.118340,15.475420,57.722504
-4.764158,9.673240,58.678368
-3.736090,11.496929,58.008865
-59.404247,0.459223,65.779396
17.590668,29.281023,53.894104
35.101593,16.188040,45.221512
-40.137939,17.886131,24.433647
13.497702,23.373726,65.160133
-18.909685,-17.918621,57.220505
-8.205648,35.531078,43.770393
21.076248,-27.439610,32.798756
-40.115456,-33.486885,49.685635
-2.769684,11.852551,3.657092
33.418438,-10.780743,56.313519
9.730715,-17.430822,9.370525
-9.132208,36.734493,47.139561
-9.937972,-41.913567,49.154205
22.753246,7.252206,29.547897
-12.178660,16.691765,23.175428
-2.542997,13.143340,58.996414
-39.520420,39.039379,54.791809
-25.157381,40.806499,48.114914
-0.099112,32.030483,42.420742
18.958296,19.855888,23.333345
3.310813,11.390466,6.843598
1.783775,10.489263,5.464954
23.459497,21.463379,33.655266
-50.666496,16.309608,59.396172
-18.427147,32.674088,33.039734
-9.023882,-4.484232,17.065882
-30.741520,-10.703587,21.812183
9.458105,-27.700218,42.254688
1.598493,-30.274746,47.813766
-0.275852,-29.842577,46.822830
12.691674,-40.639557,59.135372
11.396735,-41.271103,60.249458
-19.068377,37.662781,37.047905
-41.394688,-29.935017,46.798534
-47.294388,-23.760637,49.231628
-45.890320,-25.252981,48.243546
-9.730911,19.156189,56.330204
25.788551,-28.721884,41.018814
21.496763,24.897028,42.464245
-8.398980,33.644550,49.536198
-8.100882,-12.123229,18.845388
-8.155893,-5.615586,67.377327
-41.641762,19.634373,26.852772
-4.923284,32.758369,35.474152
-16.945135,-23.695747,49.550571
30.949039,20.411179,46.072178
-47.436985,25.753862,57.900730
-4.143902,32.912865,59.302910
-8.055637,-38.363461,67.379829
12.545852,-20.616880,28.146519
14.326910,17.458059,12.033274
22.553223,-33.911259,50.979176
41.768696,-14.573123,65.721458
-0.922910,14.256615,4.762182
-2.662549,14.543809,5.253056
-50.125099,-15.260223,56.516491
-45.769825,-3.155180,34.901730
-8.447288,1.775702,13.229007
-7.377853,7.304656,3.122745
8.038353,-8.728000,11.118104
34.790661,-0.728984,59.308659
-9.346060,-11.612687,20.513126
-9.582740,-9.864421,20.127405
-9.811727,5.372828,34.093803
-19.764091,-5.372041,63.867245
6.862979,-30.288193,48.185055
7.319293,-26.860090,39.154411
5.963428,-26.499054,37.590164
-46.560467,-25.789967,59.003784
-54.964710,-14.977077,67.370575
-6.819374,11.636197,25.909182
40.026634,-4.611983,39.917068
14.202291,-34.098732,67.384605
5.151667,-28.206230,41.664875
-15.077951,-13.181849,11.227314
-10.292703,1.134899,22.250216
-27.155386,38.075912,58.009064
-28.503784,-41.034500,61.628090
10.760158,14.734931,24.734327
-31.973312,-6.052070,21.006054
-32.129589,-4.169392,20.492647
34.047066,1.775841,52.418301
34.246326,-0.270953,53.418362
36.384068,20.331270,67.386696
-2.035301,11.100607,6.867963
-1.234066,12.137021,8.081841
-42.753777,26.524992,46.284298
-28.459629,37.200047,53.636486
-28.772642,32.299629,34.167206
14.883291,5.799941,13.749067
-7.829486,-10.333229,61.377419
15.850492,8.751446,18.250250
-6.977427,2.924688,61.488132
-42.623978,23.940264,42.316864
-43.495491,14.036230,38.009804
-11.839750,24.120586,20.355057
-1.443130,-27.535376,39.702526
-2.451277,-16.360540,17.416656
-9.579039,-7.171224,53.286568
-0.650350,-25.348619,17.761726
-49.160542,-19.120579,57.148701
-34.616638,-34.518894,45.304440
-6.156260,-18.885269,59.056671
8.633292,6.117264,1.422024
23.690248,-0.476351,23.732172
-59.803738,0.447165,67.369431
-9.326681,-3.342789,53.220253
13.369370,-16.649509,22.453905
34.505253,0.765958,57.222603
-7.150178,-29.819424,25.757465
-9.467893,-29.810181,26.168806
24.688131,-0.865546,25.472641
15.828805,3.153005,4.066109
27.419350,-24.519459,35.219322
26.834063,11.530104,23.018013
-41.623718,-6.015558,37.576530
-34.315933,-34.986526,53.672653
-21.470837,-34.084419,36.190727
-9.674949,-3.766955,50.677784
-9.596254,-1.780094,49.196770
-15.473222,-43.779114,67.379059
-11.626684,40.518852,57.772179
-11.031489,39.744671,55.518021
25.782438,-24.531635,65.093750
-0.213871,15.434091,45.281319
-49.402294,-15.752400,55.003250
-10.234148,-6.166827,48.062820
-4.157604,-4.901585,9.278990
-3.090331,-6.788831,10.056887
-8.164681,-8.089885,60.792553
-0.229237,-8.190141,1.489279
26.061230,-13.621708,37.702694
30.040493,-2.934044,35.785007
27.237083,-20.987249,50.256989
-8.695268,-0.173424,14.777884
-35.393459,34.105457,33.339600
33.233677,-10.398067,54.501598
42.000839,-2.368915,44.846695
41.604408,-3.801991,43.776459
6.361688,-29.651806,45.775215
5.000940,-29.572712,45.092098
-9.665515,-5.586951,52.050583
-4.016538,-27.515724,41.124722
23.815586,3.937440,27.033501
24.973989,3.638109,28.686060
2.264662,-8.797774,1.699094
-9.188409,40.789669,62.078762
-1.364082,-1.486432,0.149807
-1.797186,-10.048572,11.988203
-13.775992,-29.421217,49.726097
8.178610,-29.629059,46.567833
-36.585892,-5.786267,30.205027
-37.520405,38.746197,67.372162
-53.962608,-3.530149,52.651588
36.408604,-8.962716,33.349274
36.957386,-9.963535,35.017601
-18.664297,-18.933773,41.323704
14.018968,-15.378753,21.318987
11.913091,5.202063,8.823771
27.610237,-21.032953,52.183651
-26.907928,-36.889961,50.582069
-12.705740,-7.261583,38.339684
26.859947,-19.333008,45.142612
27.525579,-18.171129,44.564201
8.287874,-19.330429,11.055259
-20.784370,-19.241648,18.974777
-3.521105,13.223468,4.680093
-17.801023,7.881821,49.964954
-18.406834,-1.382548,65.947121
33.817860,5.356061,62.686199
34.182037,3.997672,64.291344
33.622822,6.081343,58.341270
34.102215,4.239771,60.286419
33.399845,6.823045,60.784214
33.870457,1.340052,50.273315
-0.749066,31.956270,40.819862
-2.261965,-5.476123,8.591847
-53.764030,-2.107966,51.552887
32.891922,8.374061,59.308308
11.158464,-27.295141,42.331703
-20.061840,32.171879,29.543516
-29.704454,-9.232498,20.242302
-54.713150,9.926579,54.271652
24.696619,-20.260534,25.795815
-22.405205,25.592196,17.158501
-10.828679,1.322245,37.618004
-10.732487,0.521248,39.691261
33.898033,4.312970,54.777699
33.528458,6.253266,56.040550
-8.659300,3.197193,47.819988
-18.312855,-19.750061,37.565468
1.210025,-24.232666,27.684187
-55.678837,2.610212,67.369385
-8.628960,35.262203,54.686943
24.953466,-33.466946,54.849197
-35.396053,37.398060,67.372604
-0.593729,10.843973,6.025297
-18.521328,-18.939901,33.104691
-33.496418,15.960120,22.847954
34.185909,2.936570,56.021614
34.201523,3.447157,58.016613
6.101316,-42.680984,65.373192
-51.508934,11.507826,44.368515
-10.742618,0.057750,23.570816
11.110439,-21.861702,29.011797
-16.644629,3.574866,63.977734
-9.811909,-35.443447,36.150494
-52.307426,9.862219,60.725323
17.836760,-0.315324,5.229948
-8.750356,6.960243,21.807098
33.943928,4.525272,56.553650
-11.117216,-1.494380,40.485996
-54.711899,-3.022110,54.786354
-29.093866,36.730434,51.396252
34.081360,2.809404,54.137119
34.288303,1.179996,54.763206
34.441895,2.949532,65.724007
-8.052793,-20.951408,52.164356
25.885445,-33.307274,56.962875
-5.503696,9.522053,8.130227
30.343969,-17.363806,53.583038
31.381712,-15.434039,54.058613
30.898153,-15.899860,52.014523
41.404076,12.092238,62.451965
-19.374586,-17.589079,53.110279
43.027313,7.213227,62.860638
-54.078152,20.739492,67.369751
32.680698,8.840479,61.119949
-5.564754,8.412698,57.035862
34.413342,2.972255,62.343914
-11.140999,22.746597,21.407829
-12.482905,14.958772,19.185070
-10.074240,-5.880580,20.044584
-9.244163,-6.137988,18.095501
31.019457,-1.386042,37.467525
33.393681,-9.017117,53.092258
42.510853,2.326216,48.214680
-47.571884,28.488104,65.119858
33.265091,2.718934,46.532635
-8.744471,40.821632,67.376480
-31.493500,-36.972298,46.376358
-10.180448,-11.610944,48.992771
-50.836899,-20.460964,65.181679
10.719156,-28.094776,43.969437
29.818243,14.297255,59.112736
-17.261505,10.972508,37.709354
4.241554,-11.219806,3.096884
21.455465,21.906822,64.095108
-8.414348,34.143742,51.063820
-34.880596,36.486694,55.666431
33.819447,4.055617,52.947254
10.287934,-26.856558,40.758595
11.453513,-34.462471,40.050991
-17.991234,9.139533,9.381567
37.593597,5.298586,37.194492
-26.965931,5.288015,17.483690
42.762516,-11.369737,65.997803
1.167098,-25.601446,18.139820
37.359318,14.033659,67.387131
27.457781,20.280302,67.385040
-40.527878,-37.139748,57.057606
-25.242130,23.040329,13.743785
-33.610493,-16.979465,27.393036
-48.686226,-1.297112,50.038155
-45.397034,-30.063684,65.608498
-6.481442,-23.837580,31.228830
8.476023,18.240627,41.030045
-10.449268,19.638119,44.102833
-35.328613,36.985317,40.207951
19.363394,15.457920,39.551113
-10.969216,38.956005,52.882828
-16.838305,-42.011650,61.298637
-46.604916,-28.427677,65.735504
-7.993731,-10.632095,5.474648
-5.023271,2.555539,5.230410
12.448615,27.141014,67.381958
-27.380831,20.308342,14.376863
-26.519419,21.852617,14.105927
-11.210969,5.742988,67.378342
-8.490266,31.665714,22.244162
-14.668062,-15.943614,67.378517
-36.161922,35.832806,54.488773
-2.516251,15.713528,24.361204
11.566457,-12.351773,5.629502
-25.220936,35.445629,44.372623
-3.624351,-21.659174,13.527463
-22.705828,25.228210,13.450267
-1.840161,13.902914,53.261398
39.801662,-10.248616,41.537762
-21.783354,21.071089,14.765200
-5.435956,-27.386389,42.810078
-7.052013,-26.314701,42.734516
37.109291,14.591208,47.555775
10.194337,-31.690441,67.383759
8.442698,-30.123459,67.383377
-13.116010,-16.155130,34.571758
-46.645092,-25.478239,49.721161
-38.549240,-21.958220,41.871029
-19.996759,-6.865941,58.631207
3.709820,-27.294903,62.316792
-17.396744,-5.826113,67.377609
-9.040562,-15.713055,22.590212
-8.312812,38.408524,67.377594
-29.956604,38.550381,39.695881
29.514040,6.561347,38.158100
-53.535599,-12.384896,55.139271
4.094946,-43.527599,64.301811
4.994929,18.446636,35.589455
25.463789,4.105141,16.063822
7.048334,-31.730421,67.383179
-22.618587,-1.744451,12.256459
-9.684482,-8.125821,19.706417
-11.687938,18.252970,43.653229
2.760321,26.712439,19.714493
-47.743816,27.661854,62.638538
-47.734554,27.096937,61.096905
-3.084751,26.094580,14.731124
-4.610597,10.230745,56.921452
-22.091713,32.207653,29.412176
-10.581520,19.375732,46.838261
-45.928978,27.983715,42.179287
-45.376865,26.262234,38.539810
-52.897118,12.817350,63.118942
23.766508,-33.578316,52.298988
-52.541477,8.212252,46.785770
-36.460426,33.152893,32.801788
-36.746651,33.627983,34.250202
-22.320200,34.014694,21.802650
-22.921534,33.080971,19.770794
-16.401424,-45.230579,67.379242
-50.531296,4.786712,55.441162
-21.393486,33.476173,35.514259
-23.868557,33.682823,36.506954
33.848969,-16.330700,34.279232
3.325498,33.357552,51.288883
21.286249,-36.433727,64.207321
-41.631931,-30.838392,48.126343
-41.302120,-34.054153,63.512833
34.274265,-10.415895,60.052498
5.696034,18.512939,36.988651
1.857883,22.488541,67.380150
-47.560772,-14.694122,42.598083
-9.466069,20.524452,47.547771
-9.907580,19.961098,49.152683
-14.637792,-37.809608,40.504234
-34.095089,34.464649,46.031445
-16.864204,38.466034,62.067299
-47.806015,-18.864195,53.645184
-25.966177,39.630108,42.164108
-21.942734,31.097082,16.880356
-2.158013,13.353663,4.410826
-31.025936,-32.186066,38.945084
40.941494,6.965846,67.388062
42.920708,5.683440,67.388489
-10.255425,-19.555273,13.489962
28.384674,-19.703283,50.744995
18.200108,-10.429789,20.174196
29.069994,-19.309156,53.082882
-22.761957,32.632565,31.571650
18.634266,29.282900,55.289860
-7.374774,2.070596,59.988045
18.518602,9.943073,27.406658
-44.970596,23.109280,48.816689
7.379941,18.126675,42.272415
29.782953,-17.779305,51.342236
-51.144051,14.394928,59.676151
-3.088022,12.222099,9.698658
-24.397573,41.393040,51.967419
-24.743999,41.622246,53.233101
21.842098,-22.838242,43.574589
14.382744,22.899677,23.848503
-46.704082,-16.213680,42.219345
23.532492,-9.508038,14.612533
23.522062,20.783628,32.093628
-15.965035,8.171824,18.578339
3.915767,-36.243786,67.382759
-26.474678,-43.063168,66.000801
-49.724064,-18.017660,57.620487
37.141499,18.584145,59.474232
-20.149479,-11.810322,54.848557
-6.386327,-11.970390,5.548685
-50.809429,28.700726,56.393677
-18.432873,25.258532,16.089716
-54.078590,26.087135,65.210579
12.965497,22.930391,21.984627
-44.514656,-3.690193,33.361881
-55.029430,8.306120,54.937283
-23.237076,-33.375645,35.906387
38.082092,-21.724678,57.133495
-41.074635,21.501278,26.678911
23.521030,28.586010,60.311138
-29.890924,-32.781696,44.796368
-28.510099,-32.717621,43.593441
-51.632252,13.313936,45.405220
-52.317070,18.809059,50.432442
17.320284,19.132362,51.174644
-11.387730,41.479439,62.846783
-17.875494,0.184796,65.198013
-9.009708,38.870125,54.630589
-6.964239,38.010765,54.028618
-23.420734,31.672510,17.803917
3.146053,25.392918,17.090511
32.137306,15.854059,37.620598
-30.177208,-19.265781,25.884626
29.392986,8.865616,24.705770
-10.479772,-5.663158,46.488800
-56.408859,9.284221,58.597664
-55.981529,10.274563,57.709141
-55.891132,8.225942,57.165642
-46.963554,28.981462,63.022110
-21.029591,38.089943,57.753990
-21.262457,37.694355,55.743645
-51.117638,15.016611,44.546207
-51.668484,15.241412,46.380074
10.992232,23.996067,22.124653
8.889565,33.601990,58.379692
-47.461880,-27.480167,67.372574
-25.211800,20.676447,13.391562
-25.976154,-35.431755,40.085503
-43.049187,33.367802,65.345337
0.174887,-38.718201,67.382149
40.020382,5.371228,67.387947
38.415535,3.358483,67.387726
-19.746071,-43.331348,64.119957
-6.251472,13.166872,67.378983
23.023695,-30.863434,67.386131
15.918904,10.986547,23.853813
7.223608,-24.327171,31.351320
7.125643,-35.634918,67.383339
-21.493889,-42.920238,63.064785
4.198323,-38.479534,67.382896
5.917518,23.550198,15.520759
19.431919,-28.414404,60.604763
36.696354,-13.218477,67.388031
-40.961597,8.518929,32.993999
-44.176720,-36.313568,64.137154
34.559116,8.336599,33.218952
-16.938814,9.850742,51.134296
-26.602007,-16.148508,24.690767
17.202290,-28.100649,30.551537
7.579533,-27.114105,22.260681
5.874008,-43.111843,63.091839
-22.377186,38.347298,58.963417
-18.173492,7.407818,9.291985
11.032944,-29.982246,67.383858
-33.776466,40.663151,52.379707
8.912730,-32.951393,34.913826
-24.535671,35.805321,46.157547
-12.553350,14.818939,13.411924
-12.812509,13.500601,14.593194
37.525845,-11.514939,67.388123
-7.682414,4.544459,52.542744
-19.343193,-0.637150,9.977452
-2.208863,13.637247,65.678093
29.303444,3.552266,21.747450
-20.754967,-23.997274,23.111877
-52.838074,14.740630,63.928860
39.399757,-0.864159,67.388077
-13.330046,-16.530010,67.378777
-13.685603,-14.623088,67.378639
-4.940129,10.934719,9.755422
-37.867718,32.418987,33.509113
17.836025,15.967421,39.219315
18.782015,-31.325205,67.385361
-9.537029,-20.507681,67.379646
-11.172162,-19.496584,67.379295
20.761890,25.813353,45.213478
-9.240968,39.669556,57.066521
-52.179401,14.462503,62.146915
36.114811,19.398657,58.204941
8.634687,-35.366600,67.383614
-17.978094,2.998582,58.376877
-12.893754,-28.337769,54.876644
24.966095,-13.440844,35.862049
7.154776,-23.452295,28.775152
21.603624,25.142513,43.739830
14.266562,28.031546,67.382286
22.722118,25.028435,45.308861
-4.458120,11.910028,11.171613
-0.226182,-24.773785,67.381546
-44.027802,3.769334,34.845482
-46.335033,-5.681688,40.767227
-14.715997,-5.910106,53.625126
-19.460028,36.648186,42.728561
-6.475637,25.402521,21.916666
30.617306,-2.983888,28.750559
-33.181595,39.954845,62.536724
37.324821,-2.373099,44.677994
-2.234362,-36.126904,57.139076
-31.757664,-38.976582,55.778477
-54.061390,18.411613,62.965569
-13.759810,1.746843,64.198456
24.608007,-2.820412,19.741779
5.956540,22.525230,29.192539
-5.378014,35.735317,54.705276
16.394089,-33.971352,58.255386
-27.803267,38.035187,46.142590
4.443056,-39.654533,63.773842
-6.620613,27.629766,28.006828
37.374298,-15.775859,63.644890
-48.670261,12.023324,44.217220
-53.919056,11.428630,58.748264
8.829520,-7.459117,6.120395
32.231030,-4.033254,32.234303
30.217297,10.290668,35.597034
-28.534113,40.934742,65.296211
-42.962475,33.419151,51.302391
-27.062693,36.908672,40.600021
-11.313469,33.462826,38.167713
3.776316,24.046860,43.084270
6.701949,23.634693,38.691570
-44.608952,33.772659,57.252579
-31.378601,21.542490,18.840244
-15.580378,-14.124681,63.756607
-29.702080,38.921726,52.368023
-40.510021,35.085163,50.448086
-1.778779,23.914974,31.791086
-29.833941,40.706150,63.159695
-42.782143,20.879406,33.176956
35.318222,-18.803082,64.149292
-21.846601,39.979248,56.660976
-38.031612,34.428997,44.045753
-13.157479,34.595417,40.011147
14.955340,26.958136,59.744457
-9.040714,13.571250,18.509247
-49.942631,25.257437,57.095520
-40.914040,35.160416,52.698608
-43.486115,35.469772,60.594379
-1.673850,21.795307,43.768162
9.266999,11.591599,6.558717
20.452194,-19.855225,28.280296
-9.892836,32.342796,36.579075
33.414215,-6.995389,35.704449
-23.560507,34.008327,29.827366
38.062969,4.333739,50.285645
-13.555678,-42.693932,58.931171
19.796053,-22.215420,31.516335
-7.473369,15.252640,48.885334
-24.708679,36.734379,39.817390
-4.043373,32.350384,47.070229
-15.432242,1.890409,40.157181
8.179866,22.631832,42.960251
20.038446,-6.830770,14.220588
28.520552,20.512646,56.552410
-0.718284,29.899139,49.037567
32.790813,9.571744,39.509380
9.944279,-4.265560,5.099518
35.499355,-18.723587,59.762638
30.567240,13.783911,40.842762
-28.547688,34.969318,34.462399
22.228939,-14.617482,23.624197
-50.915977,25.780869,61.423927
38.313118,0.202844,48.330322
-14.732923,-44.447689,63.972229
-11.440841,30.188765,24.225204
-33.136154,40.035324,65.051231
7.122468,11.474619,5.575192
-13.041082,27.079802,17.035635
-12.741687,5.085791,54.140934
21.647943,-22.207159,34.856476
37.616825,-19.211309,64.736732
-25.866234,40.132370,56.202515
-52.189793,18.913845,58.000599
-36.631023,20.307747,24.278625
-2.663872,19.595871,58.746639
-22.211636,40.845070,64.949089
-9.740442,11.164869,56.181202
-47.674751,0.234145,41.699978
18.838665,26.225765,60.728127
-2.482865,23.170559,47.623219
-17.062916,35.115910,35.740402
-40.555046,-14.952817,36.503834
-41.444054,-11.023002,35.629700
7.039159,-5.184051,5.167798
2.148630,30.108965,50.979877
-12.290627,39.277004,59.594639
-40.119495,37.452858,62.473419
-2.917470,19.676702,51.555355
-15.311349,-5.734075,48.360176
0.337074,31.841463,48.872452
-6.962157,13.304766,17.829782
38.697353,11.823984,64.748779
8.819440,28.697670,62.033260
-3.410723,36.434422,63.269192
-17.561769,36.732197,44.392471
38.146767,6.277595,55.718193
35.169720,10.182405,46.552238
34.391899,12.829391,64.044197
-14.808475,0.176898,23.866428
-8.981457,-16.152594,15.773981
-9.545977,13.772897,22.292650
26.802109,-28.684963,61.299835
-40.043640,-35.010624,57.156727
31.414612,-21.599899,48.836735
-46.604252,10.133103,38.252590
-14.042164,-3.050959,58.368248
-48.518871,26.035557,53.993919
-45.523712,31.064760,52.855999
-50.373398,0.120430,48.538979
-53.859821,-14.036541,61.202824
-48.874622,-10.323444,47.274513
22.426250,-27.501947,44.045967
-10.889872,5.826060,62.672859
-6.953766,18.129986,35.236576
-15.142233,34.665306,36.634480
-8.302864,-17.435987,64.454475
-48.704815,-14.942959,49.613266
-51.464413,13.620592,53.791245
-51.414707,-2.277766,50.828266
-54.743748,-11.623899,63.192505
-11.167614,-21.324354,57.967022
-38.037319,-21.602793,37.687050
-47.350891,6.041345,40.453583
-53.686646,14.995051,59.654556
-49.991863,16.216434,50.170963
-20.214743,-42.760155,57.438992
4.880506,25.492659,29.421608
19.605497,27.094858,64.079041
-50.662910,6.842313,49.534912
-45.262562,15.654626,36.169140
-50.754436,12.441823,50.860298
22.346666,25.326294,61.848286
-14.776590,-3.588901,62.856510
19.877079,24.768528,56.531124
-40.107212,-35.964886,59.035099
-41.764038,-35.089787,60.168419
14.520261,24.691517,52.316338
-12.644262,-9.552185,62.441093
5.271555,-34.807625,48.275372
11.633229,-24.476151,26.699339
26.745665,22.726311,60.314106
22.925745,-17.212242,27.174070
-34.846962,38.680515,56.626690
11.021586,-9.682821,8.245601
-14.630398,-12.695186,54.842987
9.409599,-25.230635,28.395271
-6.406650,-20.146238,64.669044
-52.950428,10.426019,56.650276
6.561580,-31.876095,41.019970
-40.339176,-12.905333,34.945663
-0.744209,21.393602,34.701683
-32.724876,-37.788902,54.188313
-54.776974,1.985451,59.859779
-27.895874,-30.878424,37.799095
0.086779,25.551052,63.653042
19.917103,-30.437361,64.800362
36.828926,3.730752,54.872456
-20.878622,35.654781,35.444054
-13.346114,-38.459457,48.743759
-14.879958,-21.971821,29.150225
-10.997834,-26.758554,30.785299
-13.689789,-18.967573,52.155506
-34.348461,-33.624817,47.213196
-11.232840,-26.979876,47.457256
-42.834141,34.252266,53.591492
-12.427059,-32.699459,41.147602
-55.793133,1.274318,61.923592
34.037224,-17.730978,48.303383
-23.927567,40.315308,57.944698
-54.670704,9.674256,60.236725
27.288963,-5.970363,24.093464
35.896427,-4.474445,40.270321
8.027066,-24.785517,24.714523
-3.128433,17.940685,63.721699
-10.263611,-25.393299,52.916801
-17.416508,-22.777048,30.618322
20.262758,-25.919333,38.130081
-12.029307,32.434273,32.954330
-31.613209,25.477785,20.573833
3.527396,-35.693710,59.186176
-16.798449,-39.132759,49.411400
26.677876,-27.929420,55.534428
34.299988,9.621101,42.843868
31.216412,-13.003606,36.224384
17.875162,16.960716,28.638390
8.818993,-29.914513,37.258968
-2.738664,29.883551,47.111801
0.573438,19.486040,44.008495
14.017597,-26.394321,32.994247
-1.256512,-32.552856,41.017551
35.505203,-12.303694,44.478252
23.885403,23.186161,60.610497
-10.438338,-9.085328,64.608459
-4.792683,20.951847,17.856060
35.198330,1.841009,38.670288
-15.310448,-20.078587,36.061638
-3.267556,35.916313,59.709526
-13.882418,-22.632450,43.614338
35.250530,-1.234469,39.924423
24.651449,-28.512735,51.809097
36.007992,6.836267,44.863701
16.684072,28.321663,62.653770
-13.290927,-22.663403,58.537014
-13.783357,-24.602932,38.901413
-41.528088,-4.995051,33.668602
-16.117977,-9.585570,41.634518
-1.056487,-23.591404,20.356754
22.361294,17.462570,35.655704
-18.304085,39.740391,57.088718
21.130903,16.796225,31.529476
-7.646589,12.264589,63.142017
25.178808,18.472847,42.278072
-8.919473,12.554572,14.994834
39.318108,-3.239600,47.713329
33.175064,-20.515621,60.640034
-8.873269,-19.750736,18.784605
13.067101,10.353233,8.573655
29.097618,-20.243484,40.864605
-55.739872,9.930079,63.187866
-12.899024,0.377337,21.920197
-15.101137,-19.219694,42.987000
20.182556,23.269825,51.760872
-49.346344,23.565910,53.340973
11.086729,21.581064,31.943052
-5.204594,15.827598,64.568016
15.228089,22.145510,42.031376
-15.478518,-9.909691,50.908463
23.000940,-4.118738,17.213892
37.361366,-13.646407,56.519619
12.097931,22.546331,45.398396
39.433773,-4.508899,57.255116
-12.917769,1.985926,58.264610
39.304852,2.275701,60.696831
-27.327990,40.970135,63.364117
-15.804735,-25.720688,36.641678
19.054174,-28.979710,43.219830
26.754671,-27.372757,64.464813
-47.770809,25.768724,50.779400
-40.654446,9.676201,28.181210
36.283669,-20.629759,58.412880
27.821388,-13.042005,30.293917
-0.892739,21.299299,39.493847
-8.686221,14.575570,44.300137
14.470653,17.291323,28.957581
27.530090,16.148254,40.208931
-14.651726,1.564400,45.213543
-16.035585,38.065979,50.371250
-3.549237,-31.793449,37.807625
-42.708691,5.258394,31.843983
-14.585257,-10.120296,64.692863
30.048462,-9.356193,30.834768
25.661615,11.559949,30.346560
17.837557,24.669075,49.843193
2.150301,-21.427679,17.527657
38.184383,6.677523,48.282551
20.674662,-9.420233,16.692122
-27.331255,39.507465,54.244690
20.783781,-2.054618,13.970903
-45.269627,12.159760,36.363148
-55.511906,-0.802505,61.194611
-0.239691,-25.927290,24.555735
-22.380974,38.647961,49.418869
20.470757,-13.556179,19.487427
7.629343,-28.750469,33.901474
-8.859744,31.142530,34.261131
9.980599,25.151743,41.377003
16.583754,19.953213,30.582714
-4.926218,-25.692833,24.572477
31.834793,2.163684,32.009285
5.103649,-27.558495,29.385006
-41.679195,22.713322,32.917236
11.446256,-18.034796,16.438128
18.112116,-10.035047,14.121368
-14.681708,31.411858,23.165215
23.178802,-20.494410,36.569607
21.750406,-4.622560,14.653005
-7.998055,23.924265,17.542074
-4.610421,19.023342,55.207924
-30.133102,28.354113,21.346552
-15.823586,-15.734538,40.581139
-37.941299,24.989285,27.828918
-12.961780,32.484074,30.822433
-42.905418,17.783110,32.321754
-34.574337,33.938389,38.357437
28.623974,-2.158998,25.730532
19.894026,-17.540398,23.779587
28.174349,17.620539,43.737186
-14.510122,-14.574000,50.442242
17.174994,26.802057,65.096321
8.853233,-4.412798,6.961366
32.122498,-15.317353,39.931549
-34.229145,25.448318,23.539249
-32.684628,27.381096,23.360197
-3.128386,-21.076992,17.765442
10.175367,-30.979784,40.587307
-35.095097,32.813629,36.387386
-20.074549,38.360352,49.193707
-21.085129,34.054218,30.116631
-28.216164,25.827782,18.234949
-11.745056,-23.261930,26.217337
2.478122,22.350380,23.787750
6.337129,-33.441246,44.754120
38.959324,8.291526,63.965282
35.966286,-4.400284,46.256958
31.871576,-14.118147,33.922047
32.604004,14.294644,47.117409
-11.651925,10.994051,40.434669
14.780051,11.629816,11.940592
-1.347421,32.146057,52.336689
-10.183427,-3.452767,8.737505
1.004744,19.458448,41.460915
33.148193,-13.646312,42.591225
-10.901189,12.715595,30.572544
2.240745,-33.157650,43.236423
12.205378,-6.353138,7.152486
-38.229748,28.539434,32.392822
-46.222389,-8.414589,41.196796
21.202299,-29.147421,65.665161
-43.093277,11.174360,31.773500
25.269043,-7.322171,21.484425
-33.840115,36.283951,43.827164
-7.743731,12.521853,46.857174
-0.016897,14.011495,7.167019
-25.237022,37.294186,42.053562
-3.420193,-33.690792,36.880608
-29.173721,23.904476,17.802311
-9.750682,-31.226908,45.166828
-22.162859,-26.456385,30.903255
20.701948,-22.518742,37.117363
-35.437675,36.489964,46.957195
-44.828533,7.651391,35.005005
-26.070923,35.881218,36.105145
-8.537579,28.590450,23.619499
-51.715603,9.746201,52.755302
-42.935402,24.580811,36.768612
0.468235,-31.122662,37.610703
-39.678120,19.160505,27.923794
-46.815609,30.107185,54.634373
-39.920124,13.361300,27.032303
-44.468929,35.015125,64.529198
-34.457336,38.329884,52.554832
-39.959015,37.122726,58.091782
-46.744179,18.052057,41.471180
-13.347207,4.137177,65.100540
-49.847294,28.770857,65.367790
-41.125854,31.423122,43.665859
-29.916063,40.336411,60.814495
-8.213175,26.745552,18.883360
-48.912846,27.695019,57.591293
28.420444,-2.710501,27.994606
-1.395757,26.880291,42.251698
-36.634003,39.255318,64.350121
-51.272755,14.687919,51.484726
-32.357449,39.112255,55.407146
-43.831490,28.922283,46.241676
-52.547794,21.489176,61.531158
-33.701145,37.809807,49.275833
6.950750,-10.451303,7.331479
36.389118,2.249811,49.116535
-46.917099,15.419888,40.694019
-30.270266,34.837917,36.642326
2.440235,23.602373,51.650986
25.797943,9.330712,31.688051
-6.446109,20.952427,32.508320
-44.143532,17.964333,35.002014
-42.067596,9.482213,30.218971
39.000530,-2.057752,52.536797
-49.068943,-6.067235,46.119331
31.443411,-23.114033,54.182678
-48.525650,30.663979,65.437233
-46.077332,33.271782,63.895428
30.850164,-18.238789,38.757576
-49.569515,10.516536,46.497753
-44.828247,23.430609,41.008030
-51.745457,-3.677997,52.526249
-44.512241,-3.503807,37.118958
22.770294,-11.232615,20.486990
-12.982245,7.584801,44.664696
29.879595,-21.642534,52.955357
-16.446335,3.624795,43.180561
-41.407848,32.235703,45.905346
-49.293957,29.054930,61.286575
-44.520145,25.649954,42.234764
-36.692612,37.859612,55.408070
-11.594752,39.312832,61.805096
35.441532,7.487187,47.660179
-8.459866,8.244340,62.971165
-53.081436,-4.230221,55.615524
3.512483,29.140678,62.441734
37.992832,4.529616,63.698917
35.108589,12.346743,49.223125
-10.921235,-6.717960,9.452258
-52.253674,-5.296102,53.705635
21.322313,26.888561,59.895813
-12.377811,-35.320480,44.498234
-57.224361,-0.474013,65.312248
-13.817938,7.288066,28.974945
-45.396893,26.290583,46.063477
-46.090446,27.961151,49.519115
-4.289954,33.490166,50.417355
-53.072716,19.208658,60.418583
-11.370123,14.034532,33.468079
-1.987220,36.303539,65.231277
-47.956100,20.149864,47.063698
-50.290974,18.924835,52.393211
6.451838,31.478449,63.173782
-9.487875,16.944725,33.891354
33.294182,-20.302578,56.027462
0.514085,34.651684,64.487122
-13.073468,-0.343490,43.461304
33.459606,15.061827,50.253147
7.831183,32.573772,65.009720
-37.472370,22.073967,25.690208
-10.743824,16.331944,31.756512
-56.100273,6.326298,62.821552
-52.015545,-1.320415,52.845600
7.241304,24.471018,31.881685
-51.634312,-0.058559,50.415348
7.475892,24.763048,29.202908
32.353863,-19.935772,58.332691
-37.031239,-23.438648,37.889782
-41.566151,30.203217,41.610874
-50.753437,19.784660,54.878181
-11.360043,9.439022,51.141777
-56.448135,-4.303796,64.176620
-16.885832,-20.231342,29.785212
20.404226,22.452345,55.492500
33.039291,-23.291979,56.846375
-15.501572,-11.636293,59.341072
-28.568573,35.743065,38.107571
-36.901737,24.178553,26.054438
31.453003,-25.007811,59.304825
36.584042,-20.249111,61.485691
-46.585354,2.560872,39.157543
-44.154537,14.239873,33.623913
-50.127945,5.710991,47.056728
7.599683,26.500614,64.275604
34.350269,-21.967545,64.179909
-42.361248,-14.489360,38.668697
-52.424431,5.612040,53.881786
-34.614349,19.910868,21.470854
-18.435671,-1.376908,12.954418
32.679562,12.930484,49.208954
5.714064,28.859184,64.502174
-4.888099,-33.850895,39.656864
-12.505511,33.504585,35.011440
6.890569,26.028538,44.727196
29.781210,-16.567654,40.668850
-56.658085,-6.142760,65.370163
-44.418747,21.121075,37.022350
-40.253143,7.440013,28.108318
6.257402,-29.989244,41.923004
-51.134201,10.101428,49.826172
36.830334,-1.939443,50.187832
-54.520267,12.858696,60.775024
-40.940109,4.680915,29.989727
-44.983074,33.577065,65.826462
-39.374424,-26.777927,43.738125
17.104864,25.014143,58.239475
-16.080265,2.665377,24.133245
-6.698097,22.855907,14.812858
-44.604431,0.695525,35.963203
-11.983645,6.345160,64.971634
20.416197,-11.283940,20.176355
-18.544065,1.561395,12.654331
-8.404943,-29.022678,34.129562
-50.432125,27.532303,60.221500
23.467607,-24.039961,39.369530
9.609777,20.558874,41.913055
10.798014,-10.489058,6.295267
-40.159019,2.304156,29.580559
25.042511,-10.371942,22.715521
-14.780948,2.795900,65.597916
-10.114938,4.192151,64.878906
-0.854875,35.987095,63.331532
-40.310539,-2.237153,30.781126
8.648245,-30.155073,42.277111
-17.700954,-4.974907,13.930863
-48.913605,2.868979,43.844482
-45.253532,-7.072110,39.240341
-10.657720,-11.005086,60.785278
24.291777,-5.933820,19.105854
40.209843,-1.822246,60.398647
41.268192,-4.642498,59.732388
-37.834942,-26.815359,42.441570
-41.395805,12.713831,28.996187
30.804789,15.980192,42.381584
-15.985466,-18.599802,40.314640
-5.823569,14.741879,45.655983
-11.908411,9.157957,22.732019
-47.536518,29.716970,57.005470
-16.810625,-12.911340,42.339752
5.736288,-40.369663,65.602852
25.045338,-13.138682,25.817762
-38.928452,31.012300,38.229065
-15.990652,-3.248782,41.346191
2.192914,-32.306934,62.490795
-10.470962,14.617844,47.268559
-13.152222,-19.889664,60.964149
-47.324566,28.061789,53.463375
-40.916370,17.194551,28.907236
36.974464,2.628543,65.172127
-6.729273,-26.312391,23.078217
-8.956902,15.379531,28.302999
-22.497374,32.911133,24.364895
-50.249748,21.303465,53.012199
-9.067190,17.376205,49.650314
-32.338509,31.725126,29.410376
32.602089,-10.953650,34.112442
-47.121044,31.431234,59.768547
-38.255619,18.224203,25.832319
37.298264,0.847424,52.075874
-29.801842,31.366922,25.355465
-36.389648,29.812323,31.338968
-51.337147,21.266094,57.035812
-14.006044,33.466164,32.572353
-16.043110,-2.581937,45.567699
-1.490144,-32.718407,36.036015
-13.134347,5.167597,49.101738
-35.523235,31.058130,33.083549
-6.268497,18.919424,24.110752
36.168583,-18.695093,55.733959
-35.421925,22.517141,23.037832
21.879154,-32.796661,64.446854
-16.308771,-12.909946,38.853123
-17.152433,33.511063,29.162786
34.340431,-9.351647,39.128952
-2.305279,21.932291,26.611557
-22.215199,36.754250,41.632378
29.252405,-11.790717,33.291050
-26.435757,31.664700,22.962320
-9.635785,-22.696150,22.634281
32.584145,-7.963298,32.561218
-12.994371,-39.717606,51.728981
30.076138,-10.564646,35.621490
2.178350,16.554924,9.938846
-11.710989,-4.309816,60.935780
-41.961792,32.763649,48.086075
-5.295900,27.413935,24.663469
-26.226219,24.895756,16.848249
16.348091,16.288481,23.767475
36.658752,-7.617121,40.608856
-13.233123,2.470297,24.754602
22.594479,13.182805,27.592857
-51.075855,16.209751,53.613525
-16.289295,-16.262918,64.986504
1.643271,-14.360520,10.018939
24.232204,-18.967266,29.363306
-49.968689,23.046385,55.781780
36.342655,-16.998430,65.510231
32.238285,-12.436756,32.362717
40.092220,0.548730,57.140896
-7.429972,18.957241,20.216990
21.990679,27.677061,64.746338
-16.525316,-3.943554,34.449043
28.260313,21.340485,64.209206
-2.351988,17.423752,60.771553
-48.953854,19.480474,49.570255
-7.168316,37.681114,60.246025
-18.589396,38.646988,51.881615
-9.225788,30.430346,24.834599
-34.736095,29.778629,29.557018
-10.767292,-39.331295,48.882603
-14.212703,9.705808,42.288765
-16.361544,1.089656,36.142662
-37.861603,36.530556,50.232185
-31.876575,33.579502,33.505367
30.924723,-21.309881,55.946529
20.319605,-13.582344,22.122955
-29.206123,30.254759,22.684441
33.841213,-17.047705,55.830494
-15.753536,-33.409889,39.856739
-56.527512,-2.175873,64.237152
-24.455166,38.552685,47.379353
-6.767666,29.363205,25.895458
37.387016,-18.465452,53.730659
-16.071934,36.939079,46.053642
-42.822121,29.373358,43.867428
-16.431253,-4.856494,56.514488
21.440214,-30.422955,51.727596
-3.842190,19.977596,13.937668
-14.425970,5.745240,37.338699
23.476358,-30.758747,60.223068
19.712666,14.394115,29.706465
37.906601,-16.369738,55.672367
-2.648017,-25.851498,25.951540
-14.257203,31.951191,26.286592
22.588808,-28.767469,53.372257
24.787624,-4.918951,17.484316
7.016451,15.965548,10.476100
-5.826686,31.229534,41.043930
-17.914707,37.956135,48.060307
-2.777775,-20.826988,15.502175
-19.039385,35.051052,35.868443
-3.143390,18.610918,46.996742
-20.772783,38.758633,51.306366
-41.389416,36.014332,56.598366
-20.848742,35.097378,33.223774
-2.594219,-25.938034,23.271866
11.932279,25.460663,39.862774
-17.416122,-3.649457,47.993385
22.352703,-30.162457,62.991261
2.554557,26.991711,46.816868
34.507294,-19.288250,57.734756
9.274707,25.210194,38.432938
-40.439922,37.433277,64.656181
-41.482327,36.493809,61.014801
-11.109685,37.118832,52.218510
27.486837,-16.703495,34.085606
11.131906,20.154709,26.993925
32.604706,10.694155,37.152092
11.165800,-28.159645,34.332142
-54.453205,-1.474045,59.319763
-31.232546,37.647491,45.734974
-0.542093,15.950829,9.225370
-13.379147,11.047154,29.612038
16.122589,15.623806,29.815155
-13.043534,-38.227306,46.132687
12.199748,-32.301910,40.898308
-31.726971,40.559975,63.750298
11.616238,-24.324862,29.217707
-35.645161,2.985676,24.075907
-38.391628,20.244978,25.451294
-3.251022,-25.485477,64.117210
38.541981,-0.355586,63.940323
-23.063555,-24.614189,28.594124
-0.758983,-38.799019,61.848747
7.398392,-32.057346,38.178699
20.443611,-24.575024,33.451065
-43.502464,-9.466079,37.632664
-44.140934,-13.913824,40.688896
22.152447,-18.124584,23.936380
11.342823,25.724939,45.212280
21.434788,-28.881163,41.942017
17.753513,-15.972515,19.026512
27.842361,-7.205216,27.084124
-8.420708,15.762412,38.617226
-3.433632,15.573137,62.433537
-33.811478,37.366467,45.750153
30.216442,1.894466,28.809406
19.216965,-32.497356,55.863079
14.298344,-28.928705,38.887123
8.094513,20.686625,23.021524
-8.706461,14.159983,25.355782
-5.036579,-14.946599,12.376632
-39.251400,-12.550966,33.150040
-7.055077,17.428482,52.831161
19.392279,20.492575,40.360573
31.760803,-10.957892,30.589878
30.301702,5.268477,30.797741
-50.735291,22.667461,54.150444
27.535086,18.909815,48.245983
-9.072328,16.729761,54.832554
15.872483,-30.058027,41.922787
-14.541093,-26.267708,41.131542
-22.713160,36.071407,37.021835
4.433857,24.989971,26.461622
-7.527740,-25.746319,63.347740
-47.014843,25.881212,48.326092
-1.864986,-29.513264,37.713776
-9.990096,-17.676414,60.990967
-0.014376,-31.672487,64.536301
9.063813,22.796907,48.852516
35.481369,-16.148245,61.007252
-43.346916,-5.300383,36.139015
-54.567852,-13.911085,63.636982
-4.625451,36.903889,65.392754
-16.855227,-2.773786,58.377937
28.338146,4.918675,27.589037
-34.253311,35.403728,41.642895
34.252010,-22.549381,54.638885
-38.921516,29.846649,36.170422
-41.957935,36.376431,63.408749
-38.695610,38.258228,65.739532
13.573953,-27.055683,36.048138
22.450819,18.894100,43.689495
19.435034,26.614355,55.049820
-45.915058,20.153358,40.329742
-37.705006,27.494976,30.442362
35.183846,-12.568377,55.421677
6.351493,20.342188,31.193132
-10.601234,0.248913,64.244461
4.313868,31.973179,60.176296
-38.123478,37.030155,52.511826
-39.346867,37.761848,60.316395
-16.165968,40.085075,60.175304
-13.638392,-3.857563,42.342941
-45.751358,6.346547,37.165268
-15.038784,-17.165222,61.822285
-19.752024,40.817936,63.653873
-21.174864,37.605686,45.885170
6.111614,27.004797,51.103371
-2.039758,24.666237,22.914553
36.184162,-15.378341,51.093845
24.855930,14.385341,28.656193
-20.774401,40.665897,60.286129
33.196678,-23.593479,61.633045
-0.844756,18.148855,12.367488
-6.568848,15.223551,58.552113
26.402151,-18.225809,31.537714
-16.679800,-15.664436,37.998055
-24.455780,40.910763,60.642323
-44.476406,28.435946,48.212742
8.806542,-26.354414,26.358953
-14.982320,40.498459,64.698441
36.719486,1.190936,42.768673
-11.250819,-18.157942,17.115801
-7.827362,-3.229772,6.079803
-8.470955,-25.492451,51.286861
3.032109,25.936384,39.221149
-8.915883,19.273794,35.393497
-9.654400,39.091934,64.499008
5.368051,24.343079,48.109451
-55.218464,-2.925338,60.763973
-9.053761,38.361076,59.040272
-22.564718,37.484104,43.910473
-41.852753,36.281815,58.849895
13.147775,26.808247,50.660412
-5.433374,-32.871086,57.990383
5.432803,21.424866,45.487701
-6.893222,33.113590,45.487320
29.257082,-27.175125,56.677868
-15.188472,5.821215,52.328461
-13.978880,4.883242,22.063070
-12.928880,-25.879194,44.577660
-16.774918,-3.128298,61.071835
19.577032,1.100573,12.670145
1.092278,25.388502,25.156815
-7.306603,38.355110,65.312195
-10.358695,28.301336,20.868500
2.990868,20.775936,29.316956
2.992847,-19.248743,16.783760
-13.132339,39.195873,57.777275
-7.026382,16.903084,31.098719
-2.654584,16.638447,8.959502
36.479134,10.628757,55.224674
0.122908,-30.049322,34.138283
-52.826439,17.129026,59.442169
-7.373026,10.570462,57.760910
13.602315,-36.350002,59.153961
7.807820,-33.672562,49.982056
32.919331,12.024562,44.696236
-10.609911,25.625572,17.681530
-14.081354,-24.372742,46.650776
10.505175,-26.920424,31.188259
2.025334,22.847120,26.983595
-16.296915,-29.840742,35.792263
-47.565498,12.508250,41.598671
35.403198,-0.796144,43.853516
3.295701,22.095633,39.757069
-31.640097,29.672497,24.864532
32.644276,17.826580,62.168159
-16.390953,-8.377606,61.537086
-4.035048,23.903971,43.703510
31.619522,-23.067785,64.542458
-21.764248,37.530052,47.832703
-14.929674,-44.170444,61.644421
40.807484,3.229849,64.279510
-3.640555,25.315332,19.877506
24.889921,-15.945858,32.778488
-10.621899,15.036242,24.098677
12.228541,26.188108,64.341354
-32.326492,30.308241,27.103004
-46.971954,20.686855,44.622536
36.881828,10.755226,60.608391
-53.885853,-17.513601,65.489182
30.953974,17.392071,51.473934
-2.947651,34.660297,56.492802
-2.747413,-28.943312,31.909348
-3.200653,15.604638,65.478630
28.052732,-20.763338,37.627670
-49.023663,-27.776937,65.570236
3.458876,24.821970,23.073206
-16.317730,0.703285,26.529444
16.343508,19.789932,40.299686
27.413425,-29.742079,65.106796
-10.721991,-18.846024,55.964493
41.013958,-3.069278,49.714622
-1.016869,25.389477,50.639259
-10.263003,30.956682,32.344776
-6.821091,-22.218430,19.656521
-48.193478,22.077971,49.025360
7.295366,23.222321,52.731720
-14.990891,-42.190060,56.777863
11.564076,25.114103,37.400787
-10.681495,5.972138,51.464920
24.262882,20.609819,41.112888
7.641819,18.376743,21.868748
32.081043,-0.423690,30.082088
-8.561763,-41.942139,60.543644
-12.803129,1.668180,41.379436
-55.541336,-6.881813,62.631897
-8.042830,-27.796703,55.726532
-24.066078,40.844833,63.512611
-41.521271,29.061127,39.688202
-53.420280,22.139896,64.737297
-15.189660,-0.197611,56.048447
-15.797224,-14.498886,33.446301
-16.395216,-2.756442,64.825821
-8.532893,19.039974,32.220409
27.259348,19.503202,42.311092
6.169592,23.192776,23.201225
-2.861248,34.497925,64.243126
-45.291512,8.489856,37.533615
4.517023,-34.599220,43.136368
-10.094402,-22.456404,54.015305
37.362923,-6.638257,58.057465
-52.153355,-10.242276,54.356396
-38.589645,-37.521767,60.110298
30.795858,-19.381384,47.367039
0.735247,24.233089,22.602642
-18.949137,-41.380745,54.871048
-15.113852,2.034757,52.931240
14.327926,-28.525425,34.208702
23.652719,-13.431316,21.708576
-2.011472,27.409296,48.963310
-40.049900,31.915070,41.706753
-2.376202,-33.956055,39.198364
22.413601,-22.499058,31.408745
24.448841,-27.853456,46.588425
-54.848164,4.329942,60.199585
30.098217,18.652445,49.191608
-55.686638,-10.648534,65.497025
-15.826291,-2.280241,52.842312
33.529789,-19.768183,51.774792
-52.134129,2.252887,53.254738
17.227196,-25.947151,35.117592
26.094307,-3.748303,22.296259
-47.547951,8.951995,40.643154
-6.395014,-26.694107,59.422615
-49.456085,13.616290,47.282265
-14.031786,-19.109602,29.855415
-45.726208,-13.242787,42.502506
-11.597786,2.258583,65.275269
36.293110,-9.509010,37.937946
-13.345039,-2.694410,49.845596
12.889963,23.277533,49.109924
-47.761635,16.258205,44.053185
25.222996,-25.334845,42.652534
14.874892,-25.262938,34.994781
-52.002476,-21.664240,65.894432
-15.824722,-16.584888,35.417576
-16.231857,-18.118692,37.425804
22.141285,-24.904730,36.041142
9.511387,-6.751683,8.182443
-56.356976,11.042530,65.257469
-41.627464,2.853271,31.439978
36.108452,-1.153132,52.264767
0.548519,-35.595539,50.536488
-17.862438,-42.476757,57.377319
-55.427326,15.697389,64.810913
3.176407,-41.028957,65.266319
-52.052742,8.698291,51.017372
-47.770874,-10.066326,45.116486
26.329105,-22.486750,40.818665
-7.621854,-34.331398,42.998394
40.358395,3.100727,51.729576
-4.651917,-25.682171,22.104218
-48.458260,-17.320181,50.099640
33.335030,9.669768,45.061214
1.223679,26.231686,31.348440
-11.853451,-18.415501,63.998192
33.164474,15.570403,54.081303
6.377118,24.005838,64.139114
-12.899590,-15.526981,64.468834
-48.814037,8.038218,43.814507
-12.137638,11.504573,45.273659
-37.344936,-37.678581,58.439026
27.654715,-26.307060,52.289791
-56.770779,8.763864,65.379501
23.907516,-16.891073,25.009577
-14.949486,-10.939828,44.930096
-9.155121,-26.274839,60.764904
-14.661017,-14.923203,65.506683
-14.738594,-2.146807,26.176613
-10.667077,7.660285,47.999977
-34.559181,-19.650063,32.082211
-16.080976,-3.275220,30.301458
13.023816,25.987106,47.734131
-51.147655,3.989519,50.207977
-16.770025,-4.988006,51.218815
4.754960,28.092077,45.110355
2.551825,21.869394,19.544807
-30.887802,38.717861,54.030376
-46.746914,26.647976,52.216759
-46.682091,22.555338,47.191559
0.260606,-32.840008,58.599239
-43.553123,-19.011930,42.660473
-46.948963,-20.452257,49.785748
-10.077197,9.079167,44.522572
16.856901,23.906374,54.873203
-46.140411,14.062040,38.091496
40.890625,3.706978,54.479576
25.410868,-26.475542,40.656765
-15.968271,-13.649014,36.141464
-44.475079,-20.100546,45.045570
2.926464,34.257965,65.139679
-53.697212,-0.039229,57.005630
20.029795,-27.143705,44.570755
-44.615108,-16.681433,42.675838
-38.055744,-33.123940,50.102383
-8.013946,-26.310234,27.545437
-13.379235,-12.717709,61.679569
27.955402,-23.628435,44.821651
-0.579770,33.494801,59.563629
-51.942265,-15.321189,57.066364
-49.478977,-23.133022,58.125565
-49.512596,-16.955362,52.517349
4.257397,-20.143579,14.732507
-5.537744,37.546455,63.267574
-36.134789,20.478123,22.454750
19.211960,26.998009,58.072411
-53.867584,-5.640790,58.461483
13.823727,26.047852,45.516239
20.347782,24.280415,59.297165
-43.962643,32.532032,52.980888
-42.562450,13.570222,30.983160
3.772428,23.056864,34.910324
-10.351843,2.719493,61.452404
-52.337917,14.827396,56.154324
-43.291954,-22.257559,44.955669
-9.336886,10.266157,41.997917
-40.683578,-23.876326,42.976936
-41.382801,-31.452192,51.874546
-42.368744,-28.190845,49.825119
17.455297,-20.147411,25.081146
-8.451950,14.576397,61.592785
-46.688957,-30.486090,62.568115
-5.858527,-27.503277,26.382298
-19.808458,-38.598171,47.012047
-41.238091,-28.321037,48.091564
-46.854786,-18.417429,48.301395
-17.886938,-25.552895,28.578201
-34.018219,-41.677872,65.774170
-41.523041,-29.719831,50.842018
-42.994793,-33.557140,58.986423
-15.346089,-24.287680,26.135427
-46.820377,12.132822,37.741623
33.716454,7.596016,43.953514
-14.000735,-21.404924,54.460358
37.227844,-9.126367,47.457626
12.632322,-11.601070,10.952579
-20.961246,-37.079784,44.900658
-17.955164,-37.644482,45.646984
-20.074680,-26.805353,32.603588
14.920363,19.099966,25.739229
-25.946434,-38.568493,50.122250
-32.885220,-36.677380,51.617805
28.683260,12.947646,38.207336
-45.023041,-30.057770,57.865608
-37.712322,-39.337589,64.260887
30.077881,-8.696771,33.547062
-36.740986,-35.548935,52.686432
1.042128,-27.112095,65.166611
2.522106,26.414398,24.039116
30.414957,-8.267370,35.812206
-16.067579,-41.145634,54.542084
-15.427707,-16.037125,46.104839
-10.215298,-28.438547,54.092674
-15.204793,-0.139264,65.192932
-17.037588,-14.254150,48.356106
14.625385,-32.222469,47.623611
-11.205932,-43.822601,65.061646
41.288006,-3.417805,52.345726
1.438354,-38.452572,64.246857
-12.680333,-20.403305,49.056526
-20.494741,-40.293106,51.692093
-6.809813,-39.353271,56.296955
-1.570509,-42.352802,64.519310
41.150177,-2.288595,63.538910
34.597351,13.455057,56.841240
39.572197,-6.970207,51.777100
39.195606,2.223338,65.557831
12.114737,21.279726,35.941677
37.951836,-11.945807,44.291454
40.943417,4.621593,61.618431
1.712531,35.685204,65.584938
-8.773511,17.357656,25.341364
13.103413,-34.731457,54.666256
-15.641818,7.786090,43.768074
34.488857,5.126631,44.139668
-21.780247,-40.871540,53.892975
-7.364585,-41.665962,64.382446
-13.227351,-31.597696,37.475231
30.903477,-12.024410,34.463966
36.551163,-8.426869,52.081287
-23.487289,-34.033745,40.718536
31.758429,-10.706258,38.180969
33.664875,-13.206019,38.186356
8.749321,21.159273,45.938404
1.432263,-29.320616,62.994061
-48.933743,17.750771,47.575058
-16.439575,3.984472,53.144001
-3.669835,-37.968727,52.959717
33.874119,-16.782755,52.698044
-36.657585,-20.999641,35.807064
-38.618462,-19.565647,37.088142
-24.259905,-40.272285,52.862103
-19.314184,-35.639446,42.144390
13.978861,19.062815,35.775482
38.577221,-9.330630,45.027107
-45.213104,9.904891,35.633038
-14.208149,-42.216896,54.767464
-18.670736,-28.478756,34.624233
-21.583405,-28.886431,33.487518
-31.809410,-37.874836,52.563656
-9.017900,11.817064,39.582233
11.051406,-35.080898,51.451847
-6.853474,-37.165230,49.789089
-26.546818,-33.783928,41.147728
-20.414009,-33.019222,38.315018
-26.359936,-27.736032,33.704556
28.588932,19.678411,62.048492
34.112526,-20.469227,48.809544
0.845255,23.499779,65.149635
28.923956,10.624139,37.605499
-9.474634,11.848444,44.351357
24.017372,19.273180,36.907902
-23.074842,35.487354,34.845150
33.217579,-12.759707,33.974266
-4.941422,-41.255928,59.182148
-36.781429,-29.824406,44.754707
23.068033,18.985846,33.787899
-39.346771,-23.674561,40.804428
-10.526560,16.078680,45.193169
25.098528,16.410580,34.145210
14.867148,21.863993,33.701694
-24.971926,-25.308025,29.782139
-27.032021,-24.436472,29.751535
-35.862732,-37.318283,55.435074
-28.128368,34.215343,32.158127
-7.904269,-20.026604,16.337387
-16.759535,-1.095083,24.823120
1.061489,-23.492903,21.803558
-8.823752,16.673365,47.119030
17.866669,20.479174,36.454674
-38.280174,5.431608,26.525026
17.282177,-27.596388,41.416813
-40.096912,-8.369666,32.729084
-16.543119,-8.926267,38.042774
25.486984,-22.732800,37.157162
31.651169,14.093396,53.854458
-7.701225,11.996621,8.760130
23.406805,21.618423,50.085720
-5.575902,18.197021,49.655876
-10.212402,10.623445,29.075226
35.885456,4.544000,62.948891
-46.994247,11.995156,43.332062
-43.334091,-12.009164,39.029770
33.975643,-13.996904,46.702240
-1.137344,22.684689,18.081242
-46.055485,1.744333,37.206879
26.695765,-29.345903,58.281952
-13.107145,-17.481016,47.793003
35.833118,-0.526629,37.236996
-13.315395,-35.872868,41.960968
-14.389988,-31.356880,42.572422
-17.787844,-28.344671,36.777084
2.156797,25.276728,57.928593
-42.644318,-16.549389,39.816002
9.898035,30.830875,60.242523
10.797150,-33.978992,48.079273
15.466141,-6.242309,9.156197
-2.651990,34.678265,61.735023
0.249197,26.539433,23.190502
28.720070,-23.530312,50.909683
32.574677,15.464367,64.348320
5.943724,-22.134741,19.299517
-12.918169,-11.572016,15.801784
1.157578,32.079094,50.907104
-16.912041,-0.851479,32.754303
9.833963,-28.850174,39.297115
-35.055286,-22.197052,34.860817
35.398918,3.214126,47.265701
30.957127,11.699408,39.101894
40.454227,9.926182,63.566734
-10.285335,-13.177813,63.644382
14.530210,-13.584805,13.562563
39.525620,-14.766515,56.625946
-9.677958,-29.502943,31.290712
-16.780634,-5.104017,38.089928
-43.230694,-33.951725,61.390316
-21.540466,-28.406189,31.429892
-24.944580,-38.251198,48.140945
-48.094868,28.608356,55.325867
-10.752353,-4.459274,64.496666
37.603020,3.972375,58.223896
-10.003307,-24.898790,57.268555
33.138302,12.438977,40.285374
27.370699,-25.848978,57.693607
16.808525,-22.938572,29.308950
11.493815,-19.163036,14.713935
11.145136,-32.686611,63.925877
9.050135,18.992964,18.245964
13.860290,9.514099,10.849543
36.443802,14.167384,55.102524
-12.720277,-34.428852,39.137707
40.813545,7.593626,65.163353
-1.807092,24.367449,64.637497
30.990999,-20.134172,51.065887
-27.937109,-34.690483,42.905800
32.685192,-9.413770,36.165394
12.726304,20.537476,42.505093
-41.957241,-21.882587,43.043137
-56.448734,1.919310,63.972210
-7.490569,-31.315777,50.868610
12.017358,-11.711942,7.815865
-39.487541,-14.760077,34.765934
28.145174,23.977324,63.052864
-48.704155,-12.464787,47.517113
1.236954,-30.599003,60.269463
-10.160402,-1.850767,6.509729
0.106040,-19.322609,15.268137
-17.698858,-7.611929,43.419361
38.454914,-12.870086,51.194881
-8.636177,25.844694,16.000387
-14.483545,-14.370906,42.566788
-12.012978,-24.428539,55.132778
-1.712094,-27.855127,28.503767
21.888882,-11.888134,18.192286
31.683523,-25.750162,64.900124
-0.922278,24.506247,20.281828
-2.362561,-25.360466,21.044916
-28.230753,37.665894,43.750107
6.979063,19.698952,45.598259
-2.657611,-30.932760,34.043533
32.190739,16.513119,46.007885
-56.375061,-0.221882,63.353504
-11.363113,14.030863,39.366207
38.507282,-3.877605,64.430801
27.028896,-17.707844,37.150391
25.599371,22.604244,63.765137
7.036751,-37.579830,64.262947
-4.896647,20.907898,40.830368
-12.675925,-15.688898,53.686440
-42.844131,3.510626,33.077496
11.303154,25.052088,65.691872
35.160374,14.153910,52.464470
12.009145,19.461382,33.693611
18.160267,18.774708,41.471603
-15.233946,-16.065403,25.607397
-15.197398,4.092582,27.402718
-50.757603,26.588081,58.428509
-8.241729,-30.369627,41.070030
-8.652268,-27.762554,40.180855
18.470297,-12.355518,18.621424
20.161829,-13.284029,17.001740
-10.887409,8.666859,59.466553
-1.101178,-34.708858,61.993130
15.807687,-36.147331,56.607414
-50.439316,23.176428,58.089897
-0.514758,32.443066,62.515419
-14.970727,-14.955116,19.669592
28.552681,23.461775,59.128197
18.342369,21.952387,45.355431
-17.524498,-19.587523,23.242872
29.818039,18.269445,45.492310
-4.071926,20.061491,64.665909
-5.915728,-7.218183,6.842050
13.684889,16.023533,17.918640
-16.281164,-35.132954,42.357327
-8.313206,14.333058,64.215950
13.208751,29.242031,62.716232
-8.403758,14.597773,46.490833
-8.573174,8.413919,56.072151
4.866937,-25.533134,24.821825
-10.059474,-15.548872,59.100765
11.986489,18.889317,19.904915
-2.764662,14.212597,8.091173
-8.723368,-25.198576,30.184591
-14.544171,7.973840,49.969208
-4.720565,29.181080,29.539494
32.187431,7.287239,38.059902
-17.129492,-13.571622,45.342625
18.044916,-35.559616,57.400585
28.798670,8.328115,30.003613
13.100905,-25.923592,26.819132
-42.707535,-11.304353,37.214069
28.863813,2.826924,30.484020
17.302509,-34.456326,54.618622
17.422932,-8.121045,11.314571
-6.081967,14.585060,54.958733
23.854527,26.650156,63.384277
6.595704,21.106644,19.788574
-50.372021,10.629921,51.585545
20.730150,-19.810760,32.314838
40.044178,-8.865863,63.724472
1.420695,-28.059214,29.663115
-13.054147,-33.648880,36.838291
16.991838,-34.364433,63.517780
37.424759,9.086344,46.591152
-2.745220,18.617819,42.532787
-14.095906,-0.980897,40.682037
-9.588138,-28.170494,28.863258
5.359397,-39.779900,60.308365
22.439180,-27.091240,38.946495
22.057594,24.810619,64.655327
30.352283,-23.964725,47.549347
10.595496,18.113564,15.743709
-4.749547,24.247942,40.325821
36.412582,5.885526,52.544472
-0.337243,-30.323559,58.195862
35.452702,-15.560220,57.987938
31.910921,-17.281914,47.339069
-14.495128,-11.894293,48.236240
20.315186,-5.376993,12.124985
31.194849,-17.565912,36.266315
22.710230,10.137028,27.281549
27.479166,-13.537585,27.417027
38.610336,3.663850,47.158657
7.515557,20.166225,26.937666
-10.756745,31.956602,30.303467
42.185272,1.621276,63.313168
-10.653226,10.712210,17.374031
-7.576158,18.778744,15.524979
2.143409,32.930882,58.148998
35.916771,-18.916363,48.010086
1.281928,-32.025902,34.640945
39.919945,0.690039,53.932507
-42.997173,15.508270,32.114922
-4.736701,-30.283739,62.836174
-25.232061,34.361313,31.462317
-7.580612,15.267525,11.752466
-8.256831,18.340858,33.923607
-48.837635,-0.629041,43.963253
-47.024529,14.486880,42.790245
-15.830092,5.716306,46.240726
-13.623950,0.283344,26.756527
-7.117261,-15.928376,65.233711
5.719696,33.679848,65.120621
-28.271866,-38.505318,50.993748
-15.294339,3.438019,32.377647
-44.142139,11.733330,34.112106
34.403305,-18.187729,61.924683
-41.631874,11.398738,30.457123
30.327812,19.663443,51.313469
-13.602255,4.726611,61.574017
-41.499393,14.994202,29.116644
-44.850880,-1.477719,36.297005
-12.756794,-20.041801,19.081783
32.846348,17.870514,53.081142
28.755705,-27.419788,54.240135
12.287552,-5.120682,4.982171
36.091537,-21.198441,65.470345
11.388731,22.724236,26.172220
38.849743,-11.275476,48.717602
-0.616315,19.416018,16.038063
-7.987976,-22.153767,61.514988
-11.330874,-20.846294,51.748100
-4.280196,26.745480,41.776840
-1.803487,31.862013,47.933369
-9.218492,-36.398190,46.674801
40.599140,3.382458,58.161610
-22.205669,39.491158,54.316959
3.106748,-38.884766,65.557465
23.617767,-31.912666,57.713230
15.094746,-36.681316,64.794815
-2.953663,-29.622265,29.595581
11.054455,24.244387,32.789448
11.530691,-14.246079,10.768483
7.136981,-32.941696,47.377174
-6.235518,24.971743,19.276855
-20.215271,40.129494,58.186386
21.677422,11.209178,23.389893
-8.855173,-43.819679,63.740952
22.664822,13.189441,31.053148
-4.197000,17.700758,16.613293
-6.488868,-29.513615,37.711090
14.594618,-30.597076,37.595577
-15.021300,1.548283,42.670631
-8.438467,-1.760337,8.282903
24.654245,-22.034626,34.292477
34.464840,10.593999,40.745861
9.055601,-16.946711,13.640249
37.355091,-1.913774,65.222343
8.994236,-25.415245,30.568918
-14.421524,-21.952847,51.361977
-54.200684,19.676107,65.033188
-12.413586,-43.832672,62.877327
21.862364,-15.376846,20.871658
-5.203691,13.414554,65.144127
-5.031254,-30.555901,40.452374
37.039680,-14.616481,47.935143
-13.917357,-5.911202,12.312709
11.668719,-36.763618,53.521854
31.538395,-20.477999,44.026459
22.757755,-3.690413,19.256588
-9.079669,15.753735,58.454330
37.497471,0.446959,45.510479
29.519787,23.307554,61.266441
12.292688,-33.283680,59.469425
-9.302603,32.741047,38.650482
-11.161000,-2.468812,58.688564
-14.424285,-33.795723,41.771240
1.215421,-33.853062,40.477238
4.203932,26.760159,27.800615
23.776012,16.800022,30.904825
-13.460348,-15.539726,44.577015
25.333313,19.799858,45.584846
-4.030941,15.012469,57.897411
36.022964,-1.182148,47.660740
1.682079,-31.315350,57.509933
24.130688,9.545927,29.472071
-4.989835,22.041054,13.237513
19.882895,20.391390,43.314548
25.395763,22.516312,56.849556
4.571971,-24.187086,21.987906
20.082466,-30.142073,47.733223
-10.561225,29.171867,26.641317
-14.271041,-34.573051,45.693409
-8.391423,14.539334,32.412209
32.330315,8.436616,35.496517
32.275162,-4.501370,35.330429
14.496857,23.696350,39.390491
-23.478035,39.339493,52.414078
-54.673340,6.605199,59.824120
26.702518,-5.645416,26.137474
-10.294040,15.798110,26.352409
21.331030,15.529190,36.632698
29.251417,-6.897091,25.149458
23.127943,8.507232,24.491261
-13.900775,-28.540726,42.752060
-15.011002,-28.578020,38.701084
10.110823,31.891670,65.256630
38.987556,-2.068319,42.836449
9.383718,-38.700184,64.934761
18.813034,25.383125,59.013100
-24.980721,35.355713,33.537575
7.589405,2.957056,2.947438
28.226776,-22.917049,52.845741
36.741024,10.743123,51.794613
-11.108622,15.047998,29.601263
-17.066921,-12.738876,51.342213
4.737517,20.236691,22.458567
24.926172,3.805698,21.308378
1.504545,20.305737,39.011654
-1.560516,-12.470256,8.993880
27.499926,13.208841,31.673014
11.768288,13.909161,11.399031
-1.840530,-28.665674,63.983826
10.103819,23.641905,30.034742
13.092079,-31.272509,65.022942
-41.362144,-16.298134,38.125759
22.221725,5.396526,17.814903
4.458498,-28.945555,32.501183
-12.176603,3.305960,63.055443
5.602156,19.464634,15.803267
-14.355546,-7.844603,43.858505
1.439087,31.112099,54.356110
12.179008,-26.696745,28.955267
20.135248,24.860767,63.000416
-10.145492,12.595419,11.489941
-3.184588,-34.689934,42.057281
28.919071,-19.057400,35.572773
12.150886,24.073666,30.841410
1.962072,-20.612137,14.645782
-9.719966,-41.822002,62.671097
11.287609,16.270622,11.521014
8.317082,-19.327837,16.340124
12.020754,-15.621512,14.254094
-15.576230,-38.091301,47.184223
-7.380085,12.702605,12.721970
-14.578773,-21.717943,40.447769
-31.569105,36.726131,42.898830
-2.803956,18.939249,38.577816
-6.763238,-2.790572,3.873919
-48.143559,18.513481,45.096703
33.217770,-12.509487,44.588684
-2.277882,33.787930,54.131798
29.189402,-9.172164,26.247034
5.894310,-29.222685,30.741737
10.091827,-1.882175,3.907390
-14.837456,-16.218439,57.507393
5.229272,26.131750,36.889118
-15.452331,-16.306149,30.741192
35.523148,8.610654,64.871445
-36.405884,18.152617,23.079044
0.151538,-29.003189,36.378052
-3.370887,22.259005,58.162125
-41.768005,-2.116415,32.595505
-0.808954,-31.714907,33.218502
-11.859967,-26.512426,35.027035
10.789632,-23.253599,23.748518
31.700132,0.310040,27.862783
-10.174328,-17.791941,20.697367
23.103592,-16.356575,30.378119
19.415167,-15.385908,20.730755
28.672840,18.099609,53.013718
-15.997073,-32.560863,42.192600
26.653614,9.476059,29.312866
6.074934,27.094341,65.639221
31.050159,-6.025775,33.533409
1.263576,-23.219292,19.211805
-52.630211,16.831228,57.193970
-4.253281,17.898775,35.597031
-12.177908,-26.089571,50.262444
-11.519600,26.080139,15.592296
24.858259,12.597195,33.132675
-10.384256,15.418250,18.402969
-12.967832,-12.659763,64.517853
17.514303,-30.598946,65.231773
-35.437046,26.080181,25.572639
-13.341182,3.525433,18.117647
-47.622391,24.835571,52.596855
4.914424,21.820387,25.884403
-8.574829,29.409315,29.975082
32.352867,20.401131,64.561928
-14.690719,-21.087458,46.470165
-12.903946,-23.382282,49.216667
-16.272943,7.038155,35.676647
-42.654182,27.045933,39.265926
41.468811,5.543373,65.765511
28.882587,-25.120672,43.522667
-13.801354,0.809841,37.849716
38.749474,2.842713,53.590836
15.330137,-23.960360,31.750801
15.856092,25.473766,62.192833
34.818703,15.611470,59.968185
-11.078546,1.060658,56.033581
23.345457,-23.878326,41.864647
-4.926003,20.219898,57.538784
37.485760,-2.314820,55.721703
35.104832,10.926392,65.309082
12.883914,-22.251873,25.414408
-3.502368,16.355556,12.054155
-8.255826,13.245111,57.414860
-46.976189,23.875320,49.167000
39.191559,-14.003203,64.930328
-16.960035,0.659334,47.164913
-36.579071,-26.637243,40.971481
-17.797014,-9.482327,49.098232
-18.050653,39.311291,54.862549
-5.543347,-28.438892,39.573360
38.368286,-13.217429,60.515823
-16.492254,-23.514503,37.154076
9.860800,-31.892862,38.312260
25.444696,-26.654966,65.730568
-12.334496,-12.912839,58.258808
-1.347411,34.117012,63.073051
9.232718,-11.854129,8.193330
-44.857040,-10.634531,40.227047
-10.215641,12.196970,46.710598
-25.750090,33.794319,29.127098
-6.949842,10.165922,64.825546
9.191132,-33.205429,52.366215
0.235895,-36.569412,59.458454
12.332202,26.724009,55.896461
-46.205826,27.581671,47.502220
39.030704,-4.844575,54.101959
30.772518,-22.971991,62.136105
34.405094,10.861423,56.777401
27.834179,20.708416,50.268478
-7.573664,7.884886,65.159836
19.681940,18.798357,28.417946
35.087494,-3.332800,43.915321
-13.446939,6.904757,32.902000
-7.763697,15.402636,56.471729
19.502344,-21.390587,34.984234
21.999939,-11.996928,22.575964
24.493917,16.623543,39.901024
29.907213,3.196146,26.707916
-17.515114,-9.435642,64.171440
36.824093,-13.273565,64.914566
29.425749,-12.601747,28.526079
24.322042,11.930777,25.408472
-4.772132,-29.235323,42.065659
-11.256186,-22.606318,61.158340
-15.821050,-23.488373,39.442535
-39.974312,-6.255724,31.926020
-13.922081,12.201906,40.562664
-24.751188,34.890064,35.299465
-6.757639,25.084791,30.344265
0.677986,-39.084026,55.990326
-10.409412,4.986206,48.926685
17.583403,25.312838,47.483665
37.863926,-3.315528,61.546066
8.043896,-37.270245,54.140865
-4.597394,-37.923225,63.372631
-8.011511,38.402462,63.259804
5.279622,23.332680,20.633839
-17.301722,-14.062123,40.489029
-4.806841,17.073593,38.178413
7.048636,-26.800943,34.076382
40.813339,-2.156507,55.371239
-15.476157,-5.825412,59.573444
30.588852,-23.022854,44.376366
-5.690722,17.667076,62.361092
-0.953268,-15.980223,11.961067
-43.379425,31.718870,49.688393
2.476788,18.845036,15.372970
-11.819270,-41.949196,56.599224
-8.684650,-41.839481,56.681751
-12.738159,-6.432600,49.499584
31.308249,-6.361837,35.605263
-1.320668,25.511730,37.164070
-8.780900,-32.412308,38.022049
-17.542606,-5.057263,58.629650
-1.244773,20.418329,41.769054
22.129538,-6.557325,19.196554
25.714153,-7.238800,19.555094
35.483227,-14.944805,64.407036
29.674469,18.940424,64.834595
-11.177115,8.596334,38.427914
7.355726,-28.177250,36.815044
-34.041000,28.716063,26.783663
-8.082922,-9.825203,10.471311
-5.755208,-27.588612,29.851038
16.498802,-32.298061,56.094181
15.010448,-23.697735,26.824846
21.446350,-3.545237,12.513412
6.023013,-33.625168,63.450405
-12.799555,-0.644786,57.387402
-15.617960,-1.077788,42.914654
-5.702232,-28.075083,35.150738
-16.676542,-22.531412,23.648205
-9.853576,20.570576,14.386046
14.297503,-2.241334,7.049605
-13.091977,5.823347,57.911064
21.501560,26.272917,63.400799
-46.155903,19.259581,43.189606
24.000154,-18.423595,34.414505
28.288351,8.396360,32.866798
31.316784,-15.413432,42.355034
-35.892754,35.205154,43.341305
40.072475,-8.432723,59.975906
-46.087349,13.016183,40.037144
31.375940,-25.448702,56.607635
12.093480,25.861307,42.637310
9.270098,14.055819,9.601623
23.705866,-31.254154,53.779373
14.624346,-15.455426,16.291655
-13.690982,-6.528832,62.150406
-19.772675,-18.332952,21.668633
11.735727,-36.419689,62.670837
23.188641,-16.412771,22.839924
-15.524552,-32.866959,37.292782
-43.182396,31.022659,46.388741
-51.297630,6.524331,51.892185
-13.775226,9.186660,24.963463
19.717916,28.431826,61.950615
-8.880594,10.507314,49.225746
-1.914728,26.214506,28.140697
-3.428482,32.954700,52.407726
-46.202682,32.054302,57.663837
-0.123610,22.787924,24.939644
-11.145204,12.196330,15.543707
-6.887638,-28.541994,41.442490
37.671669,-5.234441,42.993767
10.870243,-38.900826,62.774967
20.587729,9.434863,18.636396
4.226409,-27.429188,26.854113
32.135983,13.669287,51.598904
12.554007,20.926582,47.632500
-16.842604,-15.876037,43.515457
-16.388824,-6.252914,64.160835
0.594560,17.530680,14.338857
2.838859,23.999031,25.251326
10.993915,-30.264914,35.862598
25.844938,5.961740,24.214718
-25.550327,39.744400,52.651276
10.814551,-30.720524,65.165794
-12.751565,5.266675,63.381371
18.039722,-30.939547,45.469444
40.330109,10.083727,65.669800
32.892742,-16.393873,50.274849
18.010073,-16.078217,22.981825
19.143429,-32.376377,49.181431
6.768895,21.226316,48.048233
-4.731077,22.196386,36.353256
17.789686,7.934510,12.690447
-45.704178,-1.874367,38.648655
-2.207469,-28.844713,65.816048
4.194698,26.108402,32.458538
-49.884060,17.686674,53.783176
-5.423178,13.511180,61.580666
27.160757,1.870800,23.860239
-6.627872,-29.900158,31.736027
-7.309238,-27.361799,24.834032
-5.582969,15.551560,17.390137
-7.694255,-42.545422,62.432568
30.704903,-3.494581,33.747173
37.160576,13.875763,62.841362
9.472635,7.320114,4.388165
-17.237541,6.111925,43.337849
-8.962306,24.539238,20.646940
-6.470948,15.934386,33.721817
-20.880356,29.509777,17.786125
9.421321,-10.227359,9.908642
27.686289,-9.701672,28.884890
29.997835,-25.002069,52.829681
-14.852773,-3.234049,47.791050
-13.781594,-18.238102,55.266262
40.218533,3.443094,49.170963
-3.812449,11.709590,5.969238
-15.375757,30.824455,20.984358
-2.963229,-3.669439,3.585481
35.885555,3.308966,59.414345
-11.872085,-16.059252,56.648659
17.807917,11.791377,16.723495
20.284945,-34.273785,65.364250
0.717599,12.205342,5.291554
-15.224710,4.492372,56.618786
19.846655,-33.843964,62.262283
14.423419,-16.018682,13.905202
-7.658587,32.732220,41.056938
37.669197,-17.707916,61.681824
7.471673,-35.379654,46.336967
-7.507645,-43.659176,65.483070
-11.957141,-8.559168,9.273075
17.250515,11.488887,12.380185
10.987730,-8.195724,6.480104
-1.598581,-10.287452,9.711326
24.180529,7.207286,21.603001
22.915676,-10.021908,22.309975
-11.979332,8.648932,54.686676
-2.877925,30.431513,49.276257
-12.223094,-21.352551,59.780582
-4.604404,17.809250,65.379807
-5.462394,-36.246723,46.409531
5.564976,-16.187294,12.066412
-48.999443,1.749950,42.121002
18.212938,-29.910048,49.585991
13.220185,28.391800,65.102913
25.804926,-11.712759,28.967672
-2.426356,25.838297,39.788143
13.362912,3.185468,5.950023
1.803402,-29.614321,31.951000
7.083863,5.687887,3.134340
14.162160,-19.675596,20.520172
-1.471485,32.404476,50.098450
26.882109,-24.310196,51.816116
2.312158,-9.394928,6.186529
37.850704,12.395392,54.684723
19.452162,21.400244,48.587849
-1.465985,22.018600,61.550369
9.220413,5.154568,3.723103
34.490852,11.527131,53.375477
-16.529839,-15.215518,59.914204
35.648411,4.574841,49.672474
-8.648956,-16.958315,59.606548
-7.249156,19.280241,39.004192
-13.843976,-19.485640,40.955177
-8.471242,-31.151987,31.463116
2.823399,-5.467985,3.984231
-7.530967,13.130575,22.506077
12.532371,29.088383,59.559914
25.611305,14.937710,31.106073
40.801903,0.533310,48.994987
-21.847733,40.831482,62.378479
11.312382,15.668734,16.661674
-51.045967,26.826504,63.669735
17.745003,24.427429,61.539951
14.298597,27.078144,63.285156
1.708459,-10.419979,4.433162
17.486986,-13.106200,15.103520
17.441126,23.800734,43.245663
41.431370,1.126634,59.441559
-45.582588,-4.184810,39.107147
24.963245,-31.067839,64.615372
39.712654,-11.660603,57.563065
12.532331,18.468267,17.415756
-8.754196,6.341230,60.945229
26.795805,-22.099138,45.650490
25.364920,16.654108,32.152428
1.722374,-33.197964,38.138191
-37.844261,-30.572859,46.218506
-51.289539,17.395189,55.496643
-9.256014,-11.265289,64.869751
14.492526,7.450344,8.165455
-50.910557,26.541674,65.791573
12.312756,-31.241636,38.580772
-9.933894,11.165683,23.628502
-15.679542,-6.897021,27.211224
25.948122,17.519407,48.481239
20.110691,22.762901,57.680805
29.819277,15.577996,39.114712
-17.438490,-2.547193,50.410446
-39.794777,-20.014601,38.814064
-0.621354,25.102045,60.338100
2.935347,-28.014149,34.213394
-17.057943,-17.211235,41.622185
0.783052,29.325256,59.436813
-5.843000,-16.544083,15.294674
36.069069,-15.550763,45.297417
1.935163,25.906710,22.048119
-5.482516,11.812619,63.582829
-10.867677,26.442970,21.779047
-11.702656,13.428444,42.450947
-10.374641,3.435044,7.600588
-25.928551,40.306717,59.020714
32.536572,-21.125469,65.208038
-26.500603,38.928829,47.501038
13.269980,-22.993876,22.924580
-11.379272,12.572989,26.610235
-11.971283,31.272612,27.474525
-46.228329,7.274765,39.066803
-13.311817,-43.004860,57.082066
-6.660219,19.948969,54.734200
-15.563105,-10.325386,27.110424
-14.835486,-24.585833,44.482021
-13.337437,34.170441,37.758327
22.419725,-32.890930,61.700272
16.596476,19.049662,33.760441
35.920563,-18.243597,51.259201
-1.531361,18.068130,54.772522
20.334974,-26.094734,41.208366
-48.132912,-7.729182,44.643448
-11.035583,34.941090,44.134708
20.027218,-31.522655,60.047569
-12.901443,7.434104,52.340015
21.665184,-32.733032,53.451302
31.855495,-1.885469,27.270666
-13.209558,-16.605524,22.517962
-18.784899,33.012943,25.102560
-16.740126,-16.250706,22.427126
-15.479485,28.030718,16.631807
-8.753773,16.496000,32.063641
-13.406445,-7.131157,46.572838
18.059435,-34.121410,65.464088
-17.460543,1.458370,44.566105
-45.978420,24.385386,47.524292
40.105930,6.600165,58.182228
-6.479339,30.389675,30.671993
-12.758549,-20.272928,56.329472
-51.307331,7.790669,53.706490
25.701807,-15.523176,26.048903
-36.723427,35.803627,45.297836
-28.021156,33.184425,28.091295
-3.757555,30.583260,43.068932
-5.566852,19.130211,63.718624
-0.571677,-30.276890,39.879406
36.410595,0.074739,49.419563
-13.920413,5.172626,40.961067
22.859047,-9.210604,18.495016
-9.253215,-38.322384,53.037575
-17.077223,-11.834519,62.110584
-13.693620,-6.299057,42.065918
21.760241,-19.755686,34.701645
24.720428,-28.718739,63.137112
9.537873,1.055265,3.897850
-5.492128,-35.907001,42.640491
12.646310,0.089189,5.642306
22.945936,-12.148904,25.353130
15.982030,29.175123,60.383076
-48.668987,26.429041,55.998978
-10.291595,-15.558889,18.533215
13.917609,-9.726635,9.004037
-15.882251,-18.294476,49.618149
31.900438,-12.570696,40.226509
-25.957764,32.630756,25.146109
-32.619915,23.322151,20.676645
-14.668872,36.265965,44.789261
13.186956,-38.503426,59.182117
-13.133022,-4.947195,47.612133
-12.406932,-1.768193,53.048679
-16.790474,34.128006,31.759407
19.179480,-32.013111,47.013256
-12.671609,6.829686,12.415608
0.589611,-33.022469,46.160927
-17.581532,-10.618089,43.861988
-37.928024,29.820177,34.183323
-18.020174,35.491772,38.390049
-14.630635,-12.834929,23.134737
4.119432,20.966671,37.189381
34.414932,18.248909,64.528954
-4.810286,18.202833,32.659058
-3.270704,-24.511118,24.553860
36.479843,-5.956783,53.575623
33.314075,-14.496905,36.096806
-18.521351,-17.431776,23.492434
30.133232,23.127958,64.508820
-12.620719,-17.266665,59.402382
8.995341,24.406366,56.244263
-5.284135,13.141230,8.169559
-47.934002,21.741037,45.944504
4.854413,14.330609,7.605267
22.887062,-14.691515,26.232635
-52.621006,9.277022,54.752647
-10.482674,-6.723823,61.201061
-13.061194,-17.156250,15.756684
-15.022137,9.070682,30.845852
23.959684,-16.429525,34.476109
-9.248913,18.504143,17.668486
14.290405,24.407957,56.873615
-27.979187,28.527817,20.023335
17.613735,-35.440987,60.687069
-10.030477,-6.658668,65.194130
-12.617108,24.379700,14.212706
-9.433762,-42.654697,65.465889
-23.360741,25.151432,15.394911
36.668015,-14.494513,53.823738
11.383022,20.493793,23.664419
-22.188719,30.840260,19.638502
14.850177,-34.165440,60.877987
37.460110,0.730484,58.753891
-0.502573,20.637486,64.346649
0.781696,-31.534836,44.269054
-27.200306,-37.968929,48.634296
22.909565,-26.695087,41.551697
-24.727850,27.887428,17.674917
9.532804,-27.785034,37.207119
16.761219,-12.038911,12.474238
38.502357,-7.223696,42.030849
-7.468692,21.204351,16.975533
16.485605,15.031807,26.618919
-13.747125,-12.428369,25.531374
38.308964,-14.973246,49.980255
-8.330225,16.006613,16.323486
-38.145271,9.772031,25.357370
-13.971416,-1.847904,18.351889
-17.813816,-24.168688,25.319656
8.802408,-5.809901,3.767353
-7.612257,-15.139038,17.240864
38.904121,-6.192382,46.171944
-12.985307,-18.389572,43.664066
-12.477211,-3.836833,15.316972
16.043444,18.775278,37.502258
-37.264668,12.033817,23.760744
-35.606762,5.695189,23.127666
33.783466,12.129946,47.155155
3.111786,22.993206,21.576632
25.364161,-20.152493,38.379822
35.451942,2.470043,36.272182
-40.210712,28.075533,35.879684
-55.528946,12.409386,63.011627
12.036664,-27.987394,37.955128
35.742180,-16.725000,54.300507
-21.775063,-13.855276,18.631136
-3.771128,-29.778357,57.508022
13.830685,20.488243,45.303547
-42.853798,-7.688217,36.105068
-48.841606,-8.192399,46.685894
37.217411,0.766837,55.669842
-37.153111,-13.541420,31.207090
-39.077457,-4.830574,29.862955
-39.059196,-1.713753,28.723574
-10.531490,16.441595,48.393761
-14.778781,-7.222944,22.680637
-43.301048,-3.226445,35.221489
-4.921693,20.560858,44.591022
-14.213756,0.405232,14.159187
17.643301,-1.389108,9.853053
-22.338911,-7.083584,15.472063
0.987632,0.622637,1.873441
-3.843799,32.145058,49.031620
29.177023,0.469772,26.603041
32.090698,-22.437702,59.170124
-16.035700,-5.074720,43.797810
-8.652248,7.384697,48.380920
35.456463,-11.722686,48.745152
0.705932,32.724087,52.996243
19.486410,-9.059993,12.406129
27.013161,-8.883923,24.300198
-1.763990,-30.930513,55.704041
-20.726967,-10.996647,17.115219
-13.572453,3.465780,38.751076
-6.597305,15.985318,23.190853
3.077984,-28.815268,65.020042
26.647152,7.410488,30.530371
9.276669,-35.736176,47.786453
1.597290,26.691032,35.110840
13.545462,-14.595119,14.911093
-14.889221,-7.776720,65.380455
-18.319426,-6.705673,64.127609
0.185151,-29.345621,65.064789
-18.740963,27.991362,16.102777
-11.752715,12.672227,22.771799
-49.781960,4.859469,44.848015
-12.644653,13.051229,28.565079
-15.979241,-6.086235,61.853447
17.294003,1.692349,10.475251
-15.046179,-10.647316,19.439030
-13.608651,-14.087158,63.190250
-21.422901,-2.492007,14.219385
-54.510448,17.596687,64.858780
-10.005109,-27.908989,44.412567
-12.543487,-12.465746,23.698608
-22.193672,-4.664928,14.831438
40.218819,-5.985603,48.700104
3.223860,4.092113,2.024422
1.388079,-2.050623,2.803160
-31.064194,28.647121,23.166658
-9.843839,18.434725,15.453190
-15.144912,9.996692,10.775949
3.167672,1.202240,1.875680
-13.898439,3.082185,35.571285
-36.102859,27.636620,28.204189
2.343374,-33.608891,48.777412
27.130964,-24.789682,41.188194
-15.368972,-0.929275,28.739717
21.122993,19.777370,46.624683
41.535812,-1.283071,49.094330
-7.536820,-22.922390,64.390388
25.668350,-20.032856,35.733341
-37.860527,13.942298,24.671766
-15.912701,-8.712459,14.770638
-17.311377,-11.772346,56.128696
-4.340349,-1.180033,3.110915
-9.444492,-20.271383,64.331123
23.664484,-7.886377,20.071720
34.235653,-4.334367,31.490927
-17.090195,5.854154,11.809241
22.724413,12.429229,33.054680
40.142231,-0.002282,46.656044
15.881434,23.318739,57.795860
-28.064266,40.116570,58.320370
-3.384490,-32.854752,46.288189
23.052713,23.652695,52.153053
-43.154808,26.017101,40.866596
-15.020628,-0.354993,25.662596
34.424953,9.833525,51.535389
-10.045885,13.279844,28.436676
-10.562398,-40.417091,51.216339
-37.766644,35.357090,47.463009
19.417311,-15.546123,24.597845
2.421211,-0.382564,2.760307
2.130393,18.697023,42.970436
38.789619,-15.854919,60.050659
-36.897511,34.151691,41.396637
13.831729,23.927397,43.683502
11.803310,25.460960,59.158878
11.774776,-37.733738,64.890083
4.904422,12.714697,5.736583
-3.447162,22.255463,38.845032
36.812752,4.937032,47.746269
-11.576201,-14.401464,15.919426
-43.431160,7.209052,33.079979
-39.186066,36.936749,55.850880
-6.927744,24.276836,26.160316
-9.474938,-15.061503,61.771709
-33.820530,32.941811,34.504932
-0.974386,29.376389,44.369411
33.733109,-19.430162,65.339432
7.734258,23.844685,46.472778
-54.448055,16.016113,62.580502
-6.451641,-41.758907,55.291996
-3.244137,27.691858,44.234383
20.498617,11.717462,26.073051
-15.425982,-5.613511,16.886675
-15.859677,-43.060810,58.766880
37.175545,12.195688,50.120888
39.253990,-1.248687,50.163452
-49.739243,-1.769115,46.813084
-11.282916,-24.556345,22.475695
37.172184,-8.727152,55.397728
-9.048247,12.147054,29.850885
30.788446,12.646458,36.643223
-16.263950,40.655010,62.394394
29.735149,-18.673574,43.020576
-32.031937,39.707069,57.843613
4.982135,29.715279,52.828751
-1.493882,-36.049072,47.305683
2.324561,-35.579441,43.705444
8.006406,-14.054976,10.666887
31.163412,7.338661,32.885193
-40.668655,36.069714,54.601845
21.323563,23.041784,46.993229
7.454307,-8.168333,7.993493
5.582378,-31.779797,46.148682
2.767496,-32.181190,46.851578
-16.814199,-15.860171,62.706181
0.787902,29.846153,46.590809
-8.627135,26.694002,25.898605
3.649112,-31.629093,44.596382
-44.749241,33.058460,55.073795
34.113171,-16.452654,41.896351
-45.892143,17.615595,38.977570
-12.986455,39.734898,63.503239
28.918839,15.077739,44.035915
30.090830,-22.961617,60.010773
-30.014837,20.596663,17.704803
-32.440300,38.530186,51.226273
21.345909,21.520031,53.270573
-14.388323,5.323560,43.912254
-1.446166,35.304081,58.503490
30.510990,9.251480,31.496546
-20.414078,35.858082,37.745949
-12.891554,-2.046601,20.790548
38.758133,11.893484,62.098148
29.963095,-4.446183,26.502420
34.473537,6.027216,37.018593
29.566833,17.744209,42.067593
-32.864159,21.057018,20.481276
-43.622871,20.156391,35.143131
-6.350762,12.057435,55.788071
-16.918175,-2.966747,27.677937
31.521013,14.360763,44.463028
30.545197,-20.642467,38.953247
-12.225698,7.630563,19.229752
-46.181801,23.480520,44.726994
-45.543789,33.355999,60.565689
3.683741,-35.818825,46.169731
-39.186352,15.366173,26.305939
18.684402,-24.270920,36.669518
20.736948,22.691233,44.399281
4.212990,-33.604336,45.689686
0.955637,-36.493694,45.989983
40.195343,5.486042,63.730133
-14.201974,-7.288297,25.166765
-15.792133,-30.286638,40.297127
-11.286825,-29.993700,47.448120
-44.842411,34.399776,62.413334
-18.070139,-13.481144,18.155077
-7.704429,10.856292,45.336555
28.341043,-18.171635,41.323257
31.538801,-17.153820,44.553764
-15.323025,-13.854084,28.070459
0.347375,28.920456,64.016502
-4.769464,22.315634,23.848656
21.874966,-24.259054,32.126682
20.388432,-23.828209,35.455784
-37.215553,38.530945,60.749157
-48.909359,30.221724,63.221371
-6.006591,-19.713860,18.484911
-15.702769,3.658638,50.105511
0.181669,20.072243,30.310356
-18.368422,-4.865633,56.489807
30.536201,19.829273,54.043461
-0.693910,-34.807564,43.940639
4.035721,22.300049,27.952068
10.097921,13.947851,12.904860
25.608768,12.850755,27.097145
26.601830,-30.457367,62.939060
-33.590515,31.632502,31.508974
0.364898,19.846638,58.806412
40.644573,7.480940,62.394257
-20.606693,37.602753,44.005379
-30.094467,33.753471,34.331387
1.357294,15.104533,8.497897
33.368313,-1.272131,34.973965
33.493446,-11.357571,39.344582
0.512272,-37.585175,48.546047
-18.757849,34.721558,33.705219
-6.460824,20.449070,28.183100
20.465094,15.248793,25.625414
41.469902,-5.858199,53.074070
-10.787534,-16.834137,54.644398
18.118597,13.197753,24.676294
29.971033,-20.206039,36.981133
20.706486,-31.760378,62.752110
-19.797626,34.523560,31.599009
-3.709099,24.781342,25.801649
39.760326,-10.133143,52.211773
-12.385693,-6.277369,57.561710
-22.257772,34.656029,31.741230
1.868853,-41.033787,62.235569
-14.083197,1.915784,29.480419
27.328344,-6.826981,22.070269
-3.666815,-37.960224,59.891224
28.214619,14.218870,41.735985
1.769659,27.476786,43.491188
6.886469,-26.020365,28.160398
-3.822203,22.543579,50.460159
-5.381562,21.360159,48.275372
-15.382118,-18.772270,33.201481
7.140055,-9.155470,5.067914
26.278614,9.919507,26.395626
42.116776,-5.577328,55.052708
-52.130123,23.779142,61.186241
21.666733,-34.192120,63.024738
-43.630360,5.878576,34.836491
-39.513199,33.953259,46.086399
5.438515,19.765921,43.845356
-44.022144,34.114819,59.172142
-14.643475,35.380150,41.274094
10.574559,17.890596,22.374838
19.333611,23.780849,48.158745
7.777206,25.922518,30.721354
9.961272,17.341490,19.961647
24.513884,-32.281277,62.629120
3.954497,26.139425,54.411491
-7.374082,17.637468,58.595333
-54.748508,11.071190,61.703949
28.849054,16.517998,48.014671
30.422430,16.738712,40.596714
-12.136646,-7.753018,15.294615
16.606564,-23.907921,33.866707
-4.174892,-18.531490,16.579941
10.273866,-5.925209,6.381825
9.312378,18.788225,24.985027
1.898395,-38.548656,50.476524
2.259900,-34.282669,46.720699
10.629632,17.413807,17.848139
-27.640720,40.538815,61.121647
-5.717359,33.455162,48.002865
-29.357880,36.820717,41.213226
-14.079741,-8.456007,41.019089
-9.214519,2.176075,63.961639
-15.974567,36.315071,43.346710
-12.475973,1.975490,47.893543
12.553645,-29.467024,41.092640
-3.682168,23.814751,52.572605
-27.676554,38.937988,50.990921
25.398571,-26.214415,50.788647
-6.985043,-24.456434,21.144407
4.098969,18.040077,16.762753
-8.141695,-36.802216,44.149563
31.723352,-19.726967,53.846004
0.103845,27.310089,54.017078
9.785794,-26.428528,34.151989
32.829384,-21.621904,53.024578
2.687662,-16.775084,11.458659
12.814247,-27.926046,39.816284
-15.587363,34.144127,33.713161
32.180836,-18.622356,41.366329
-27.822985,36.489243,42.301498
-15.014735,5.725082,59.158642
9.581476,-35.763180,64.596069
-39.468452,24.741364,30.481983
-5.421631,27.883181,22.010635
9.094538,26.626085,48.729610
-1.091495,30.952276,45.988354
16.046404,-32.948940,51.341507
-1.331387,29.839897,58.815430
33.847477,9.152458,36.658909
1.970332,33.605389,61.211327
26.164261,-8.848324,27.298105
33.028591,-17.483793,39.429600
13.150813,16.879049,24.117085
-55.214462,8.174984,61.850014
-52.697716,19.801632,62.569592
-32.129490,39.854935,60.510525
-11.309727,-18.301062,51.498791
5.844714,-31.348015,43.798992
-45.899330,29.712517,51.017605
-14.537879,-35.241810,40.101101
-11.595221,-15.912552,51.548645
-7.751710,16.141249,60.187126
10.739002,30.539219,62.892460
-0.460036,18.649839,65.255257
-3.000958,26.879490,21.884468
-12.868832,-33.058460,43.573997
-14.199696,-0.376367,47.398991
-36.362183,38.272976,53.394058
26.337318,16.606375,37.181992
31.326788,-20.898680,41.626984
-36.789841,38.324947,57.525570
-10.223788,10.886036,61.736393
26.137188,18.808802,37.376686
6.344130,21.492542,17.237549
-17.794619,-5.981839,49.056274
14.365942,-21.485273,27.015532
-8.863364,25.304005,23.297083
-12.194706,-28.289642,29.035370
-0.304309,18.688694,60.807697
-12.124367,-15.620671,49.130104
-8.666984,10.183437,43.805546
-6.482780,26.413910,26.198750
-17.839357,-0.861691,45.396019
-35.510864,37.647545,50.651894
21.179245,24.814730,53.846588
24.588095,-20.989538,31.825861
27.179756,16.618858,35.060394
37.799435,-15.697405,57.923279
18.044355,-28.415216,45.472351
18.886599,-31.112980,53.194054
-10.138433,27.421434,16.739225
-6.851816,-0.025419,4.420537
23.717340,23.995554,54.997116
-25.759197,41.078434,64.954498
34.311901,9.912208,48.964466
-40.320351,11.266973,28.961699
35.167629,-17.884249,44.753807
-40.017262,-4.133307,31.713938
5.649951,-36.464302,46.891506
-46.051765,26.314333,50.363346
0.648348,24.083828,41.212135
-7.483086,-21.093279,18.055534
1.323422,25.616476,28.275513
-56.201027,-8.253272,64.805656
23.878063,-29.175751,56.202869
-7.435908,18.459888,44.620789
-31.541613,38.136551,48.361950
-17.690962,40.611904,64.397034
-2.388638,19.244171,34.012524
24.081316,23.697510,65.240028
2.569447,26.068924,26.574102
-12.384600,31.577538,25.456505
-2.796496,27.751984,24.274109
-47.184044,31.779047,62.511997
-7.857645,-17.713116,17.526144
-7.195886,13.755133,38.185402
0.516597,-36.622849,43.939758
-14.322932,-4.805528,26.197903
33.985771,9.510580,53.548882
12.971053,23.635626,34.721088
-6.413297,21.853685,38.503498
-11.985927,2.660030,51.352177
-15.698699,-9.720810,24.139011
-31.148510,32.723286,31.391922
-9.080171,16.673489,21.421291
-1.564945,-24.426558,65.313202
-2.827883,19.638718,11.558084
-12.516583,-4.603977,52.028076
-7.238014,-20.016336,20.527843
38.473366,-6.717955,64.776451
-47.000027,32.166523,65.480835
13.008584,-32.794342,50.527737
13.235542,-31.120693,49.025127
-9.805475,-5.561003,62.894478
30.956032,20.653566,60.026348
-17.707024,-11.132463,15.956366
-6.589817,15.834450,36.590504
-7.528107,-19.343878,17.840509
-11.736544,-1.533359,16.709360
14.138167,-35.032513,51.978138
-12.034505,-0.363660,18.899540
27.005747,-26.419811,47.978481
33.375561,-22.493942,48.860092
6.128940,29.616112,57.014893
16.932697,27.154636,56.339985
7.805771,-38.216061,57.831104
17.883722,26.325485,62.796459
37.995609,1.059502,53.895252
-15.329258,1.737941,21.596092
-10.914729,8.925171,64.298370
13.956044,-37.232384,55.718723
18.634718,0.560073,8.796291
-32.606434,34.263744,36.972771
-13.000221,-15.146003,58.485550
24.633953,-14.322251,23.740524
13.943710,24.977453,63.751244
-8.974442,-20.456224,57.095291
3.478472,29.033224,55.475487
-0.421241,21.834188,53.868328
36.161469,1.876674,54.307514
-41.631096,6.940483,29.961611
17.918884,20.384979,28.655918
-16.199659,-0.151153,58.562126
11.228603,-31.562233,37.136990
-15.426991,-2.618780,56.386078
-17.551325,0.635745,41.646034
6.638948,20.174973,21.638561
-0.517490,18.141747,42.527676
-38.425819,32.228245,40.112530
-16.518036,0.546953,43.216434
-50.165485,25.032099,54.961380
13.577954,25.344433,65.740883
8.550774,15.942445,9.054780
-12.912032,-44.572613,64.582191
8.530005,17.243896,13.214043
23.783707,-24.667742,44.624569
36.917122,-3.703691,52.198727
-16.973654,4.597980,34.372433
13.773517,-17.904261,15.459050
-57.183136,4.486452,65.473709
-7.542923,13.942920,34.609657
-10.331494,-18.733418,58.584038
16.716440,14.558833,20.141619
-50.554813,-6.192295,49.197182
-51.251205,-1.741951,48.826332
-10.088822,-19.749079,53.675011
-49.413799,11.113633,48.703415
-44.987740,-21.393393,46.645485
-2.850395,14.786680,10.327956
-10.167967,12.305923,36.290314
-1.642264,-38.519711,50.628189
-13.670308,-9.114148,48.729343
-47.426922,17.102615,39.973312
-7.010879,-30.647594,47.389622
-9.204448,-34.578804,50.962013
-13.101867,-18.296045,49.989479
11.396038,-26.650658,35.941124
37.719463,0.330089,65.775955
0.246560,-37.572006,53.123501
-3.780165,28.117931,27.021894
-10.558372,38.654064,60.253571
33.838001,13.067935,42.696247
10.165161,-38.478432,59.801510
-48.294811,22.945730,51.267494
42.166843,-1.676854,61.580036
-14.409257,-0.245942,31.400242
-14.881629,-2.595990,32.601593
25.630650,-30.961496,56.931194
-10.452161,-23.261063,50.596737
-16.931416,1.436622,30.642775
-13.176275,4.570264,29.297596
-10.333734,-43.881756,62.070301
5.121542,24.109070,45.428005
-14.775649,0.218473,43.941727
-3.518537,15.932517,54.537262
-40.140209,5.310268,28.115671
20.972389,-30.464809,54.986443
-41.915134,24.292704,34.657864
16.482609,-31.876268,61.922386
10.954017,16.105093,14.108801
19.556398,27.963322,59.867985
-53.415703,7.596740,56.818356
6.779658,-26.887583,31.470211
-45.955814,21.633961,42.368790
1.891716,19.332258,18.213013
19.122047,17.415359,35.090805
-50.242504,-3.934310,48.164997
-12.567047,-10.746564,53.177658
-14.223295,11.492919,43.974716
-11.091529,-16.961815,58.208664
40.401661,-12.843830,55.713043
12.693684,-29.802996,37.058567
-12.555532,-28.511908,45.105808
4.813319,-41.618385,64.196396
-9.097885,10.400782,63.793430
6.180128,19.823399,24.658936
-41.135536,0.488871,31.176699
-18.564342,-28.957373,31.962906
-52.735596,-2.772452,54.161552
8.425823,24.272686,62.556629
9.167455,24.919207,43.902718
18.590202,-19.194250,22.000853
-53.456875,-8.227683,57.971882
-14.310466,2.991011,22.989101
-13.530425,1.369117,23.322969
-15.515724,9.860719,43.906300
-8.393723,29.164486,27.617630
15.590585,-32.185619,59.687431
6.086956,33.534073,62.238411
36.741348,11.468831,47.759144
-8.773230,-38.689075,47.539436
-47.408451,-6.848393,42.548882
23.632870,-25.739103,47.263161
-4.017384,18.349197,20.019497
-11.197030,-32.774273,38.171875
9.010681,19.935104,16.007595
-52.811165,-0.168663,54.729481
23.145956,23.281490,48.451534
21.208645,24.109945,49.701141
-14.529164,-17.358986,41.675144
18.954033,-30.609812,55.160675
22.900730,23.766127,57.868092
35.213989,-3.618318,35.861019
-3.747609,26.730394,25.643923
27.272968,-3.625667,26.459948
25.354115,10.907017,28.180796
-11.778845,-22.305096,20.758959
-18.466509,-22.223610,27.704557
-34.664536,39.430168,63.838978
-4.041671,-27.419588,65.269379
16.815912,-32.663597,46.667961
41.018085,-9.326308,57.638149
24.625546,-28.125158,59.171669
-36.077660,39.117119,62.367920
-26.686789,34.308533,33.941845
19.124113,15.444827,22.924679
-17.010044,-5.768544,31.951466
8.411613,32.586750,62.663364
-5.238062,27.094847,19.757250
18.390785,-13.537799,20.401581
6.031260,-33.773739,39.941139
-8.864731,26.935656,28.234123
9.415463,-8.227073,4.318028
10.194606,-34.038921,45.344151
-6.690164,-31.262333,43.871082
23.599255,21.774908,46.245068
33.137524,17.179937,50.954929
24.815928,7.597969,29.587257
-7.829424,-23.010181,58.504814
28.103262,-11.214362,27.018517
-10.656425,-5.638906,13.125392
3.830138,25.566517,34.882504
-15.943477,39.106255,55.375446
-20.708641,-23.550920,28.086044
11.014136,-31.587494,47.801968
-53.588470,2.672671,56.538628
21.908924,17.095657,28.914864
-49.842087,2.271460,46.414631
-14.841290,3.052002,62.606632
-14.024780,-17.713696,65.125847
-26.697594,-30.142824,36.399254
-10.057804,-29.927153,51.506924
-5.629727,-37.144711,65.293396
-7.305801,-26.668671,33.140236
7.157716,31.658146,60.263218
24.522379,17.273235,36.101799
1.792292,21.987003,62.317848
13.622046,-37.714325,65.764496
-18.429668,-30.568850,33.633965
-1.365070,-30.515791,35.798508
32.976250,-25.091639,57.889576
-44.098961,9.421236,33.599823
-43.195122,22.342667,35.557926
6.549972,18.210463,17.923681
3.374774,29.793787,45.261955
18.588558,-30.627728,62.201298
-5.873132,16.274920,14.276711
10.867546,-26.308805,26.080605
26.168648,-15.727118,29.451307
-10.914278,13.749361,44.706764
-41.675320,18.369717,30.599934
30.190769,-26.924173,53.029388
-18.179548,-9.794102,61.974270
-10.261199,16.824450,11.378657
-8.023862,22.594288,27.916161
11.848073,22.707527,52.373737
-13.086063,12.926945,30.716471
15.749302,13.649487,13.620700
27.377569,-19.005192,39.215012
4.543734,22.700401,18.382082
-5.661237,-23.514814,23.228033
3.668895,-31.166513,41.787430
38.466412,10.046986,57.798435
-7.541093,30.932058,28.912302
-17.428717,30.760021,20.232578
-49.547253,10.024420,44.366024
0.221866,-15.857994,9.264315
-15.318543,-2.168042,37.114155
17.488977,-29.678553,47.367790
-53.721100,3.421046,58.576603
-16.987190,0.133452,52.609135
-6.080108,21.976389,20.779163
-36.530586,31.440180,35.156918
-18.739815,40.640068,61.606167
39.200272,-4.442114,51.074207
33.762238,-15.591859,38.171051
-13.507654,9.791441,35.531086
-12.127785,14.681203,31.546467
4.732922,-7.645258,4.382054
-12.712639,2.403463,27.529640
-3.472038,18.032633,53.281345
-6.134247,16.447002,26.355936
-23.274128,-2.633403,14.631321
-5.031549,36.936905,60.877151
32.073448,17.595182,57.434696
-4.711151,14.260955,63.347054
-24.850430,37.862942,44.803463
-3.308407,25.560270,50.428486
-9.681764,-17.019331,17.382450
19.797625,-26.409094,35.567520
-9.828310,3.875754,51.970875
7.236107,24.761799,26.813162
-44.794636,-29.437649,55.879200
-14.841521,-5.473705,63.295963
-14.352650,10.020402,27.483982
14.341291,4.818749,7.807934
36.820518,-7.471217,38.452869
-6.253579,26.660789,17.816059
25.171188,-13.923613,28.132015
34.553684,16.355799,56.524845
-21.089163,-42.929913,59.206680
-9.432653,-18.964846,17.043354
38.943260,-17.412327,58.309643
-15.502484,0.811692,61.084240
-52.449398,4.157564,52.283699
-15.153562,-14.914336,35.105297
-10.567122,14.033087,25.709312
-1.253471,17.234613,52.421692
-11.133390,-30.057247,42.356323
-12.297565,-21.020504,28.854521
-12.397300,-21.190809,64.677498
5.352939,24.999239,24.358316
16.797333,26.986958,60.924381
19.818472,21.710911,37.939201
17.845230,-27.745529,37.547218
30.682985,16.735565,55.035553
27.565893,2.541301,27.339733
-0.026614,-28.889921,38.439518
0.758125,-11.397837,9.534824
-5.096026,-27.865751,32.378227
-30.166821,25.378839,18.997244
-14.818179,-26.526751,28.395424
-39.693615,33.085049,43.533066
28.103523,13.456220,34.906372
-14.852966,-12.203795,50.588398
4.798939,29.365480,49.897068
-16.903130,-15.587993,32.054432
-4.573806,27.910761,33.699066
-49.402008,14.003235,49.805779
-9.379886,30.962244,26.926319
-2.080912,26.333309,52.876205
-47.391724,-3.782146,42.126072
-8.329850,4.376105,65.808075
-4.112616,24.312716,46.146378
-14.315254,39.965946,61.842083
-26.355480,36.215050,38.336796
-11.867365,-0.137108,10.708011
15.541583,-19.318710,23.054850
25.774529,-12.526711,22.909187
8.312069,-20.558161,18.931746
-11.680147,4.680758,65.858040
-13.242198,-14.067651,56.308910
15.023188,20.725792,28.199890
28.209955,10.121655,27.732391
-15.807219,-36.459957,44.615055
10.291215,12.405341,10.688497
23.369291,-21.067129,29.850712
21.873798,22.634674,50.887760
16.043789,-4.660717,7.310223
15.882953,-34.981552,50.787636
16.987267,14.130632,22.617662
-12.034562,4.042134,42.834827
-8.751714,24.910492,27.046864
-1.891598,-30.995567,65.466522
-14.997461,0.979881,17.863453
-2.491601,21.982334,65.166000
-48.664364,7.359909,46.402504
10.026307,-21.510359,21.316996
25.952538,21.235180,53.417072
-0.469274,24.607758,24.164644
16.328552,14.188396,28.430859
35.139183,0.374778,35.099155
10.724388,-35.245277,46.688503
-42.200668,-18.586670,41.010948
11.018242,28.031261,63.097095
7.857450,29.101984,52.313465
29.683710,-4.962005,24.500105
5.076944,-0.445435,2.712155
17.991907,-25.949331,39.478046
38.276997,13.726892,60.906746
-51.435177,-5.711466,51.550110
-2.477517,20.805540,63.204643
-17.708130,3.048896,32.309841
13.800084,24.333786,37.210140
31.506393,-19.431299,56.532955
-17.794991,-2.951581,43.440235
4.763937,19.115021,19.988138
-15.933748,-2.337451,14.926677
-16.012005,7.705302,32.937954
-28.089897,31.224611,24.163313
4.777413,-37.067635,65.190460
-4.332081,-40.887299,64.346146
27.493116,-27.795702,57.337158
-17.462595,-14.619954,36.673141
-46.972488,29.786402,52.637211
-12.470190,1.308963,16.367874
21.685699,-31.093561,65.500519
19.298252,-29.043074,40.185875
-6.333770,29.175289,23.653130
-48.434490,10.408900,42.300156
0.421219,-32.255676,48.407284
-7.449331,10.538706,60.731228
-7.736671,28.378405,20.880400
-14.137038,-3.399597,28.068401
-14.545460,-20.129778,58.515453
32.314365,13.296715,64.576881
-12.898141,40.189392,65.504250
-6.560081,-12.768493,10.395823
-16.348698,-11.488526,33.149467
27.765076,15.073711,38.170677
-2.056812,28.553150,29.555117
-11.645576,-29.047447,39.124626
27.482985,22.451378,55.146492
-42.112431,-6.274332,35.003948
-52.234776,5.315464,50.871670
-13.773413,0.812006,39.851585
8.654978,27.575502,65.840157
0.241353,-34.563744,47.921238
4.758938,32.248219,57.427952
15.257954,-14.883957,12.072991
5.895777,32.954784,59.106983
21.215630,-30.527336,57.748291
-15.176623,1.041963,33.682808
-11.118052,39.770088,63.554005
-15.814316,-13.180429,30.851437
-34.298218,38.883820,54.592098
-10.037684,-32.391308,51.778416
-2.571101,-36.895393,62.038345
-5.269369,-40.379974,53.038403
-43.958515,24.346769,38.946594
-4.854949,18.141237,59.724773
-7.910905,-31.212597,54.468410
16.353947,17.822849,30.004795
-13.033321,-0.934131,24.736820
-0.680301,-41.898895,60.535187
-7.312949,12.997225,59.843975
-7.596539,-30.448298,57.630070
3.078163,29.477751,47.879856
37.226135,6.649385,64.995171
27.821308,-10.637587,31.323650
-4.146648,-16.539289,16.362404
-7.845707,9.933244,7.353670
37.240627,-2.234403,53.648415
30.698692,-2.376859,25.600315
23.010975,-30.123642,49.349804
1.662278,24.326513,19.834515
-9.269299,-11.697777,62.357639
24.096344,21.969908,58.668335
-8.414094,12.099118,37.530220
-15.181206,29.509066,18.417263
17.722210,15.005487,24.161852
10.709763,-36.225483,56.974392
2.996286,24.193081,40.840622
27.923670,7.538357,26.687208
-44.509079,-23.493233,47.964664
18.712215,-20.438610,31.999531
-11.101979,-4.224062,56.891685
15.578017,3.636836,6.291488
-49.250839,3.962110,47.218605
-1.011673,32.771687,65.256584
40.596790,0.327234,61.713795
3.685546,-7.303421,6.682355
-46.581821,16.377239,42.486336
-16.058615,3.684372,22.010992
24.493013,-32.910072,64.432587
-9.110648,-4.564729,11.063420
29.049913,10.665151,29.864077
-39.466213,-21.828882,39.763577
19.408688,-29.456144,51.763947
-2.891049,18.147507,13.173665
36.804249,-11.505441,46.557930
-7.022954,12.642611,50.516388
20.381269,19.266018,30.930563
13.943276,-33.986645,63.823452
7.852842,-2.717016,4.961230
25.884897,-24.503771,46.452484
-10.714990,6.261250,56.073189
-18.113214,29.258327,17.681078
6.476175,-30.706196,35.849258
33.080265,-25.158537,63.241913
-22.771938,-9.856174,17.121395
-12.399464,6.466903,24.252640
30.895603,-27.423365,65.658714
-35.739250,-20.243628,33.719696
-14.724777,-14.068689,39.755215
16.029230,-36.248795,59.027554
26.597967,7.536172,28.382395
21.759758,-18.616484,30.203871
-15.131233,0.616834,50.179184
-9.350688,9.936943,15.188472
-17.923584,-34.048328,40.858189
-3.711914,-12.136325,11.039162
-16.989059,-7.826902,65.415871
-17.405695,-5.795934,54.105381
-6.405376,-31.721598,60.679844
15.376122,-36.053577,54.158306
-43.736053,15.604995,34.954464
12.112496,23.266758,36.590816
-35.138260,31.006596,30.819126
-10.856122,11.861058,20.082321
26.513536,-23.396757,42.978741
-16.063881,-24.542719,24.119690
3.760006,19.666874,26.996386
7.209316,21.832962,34.444386
11.711575,-29.491413,39.296116
15.090370,19.883183,43.181053
-53.468716,5.126281,56.806179
28.045502,19.434752,63.897770
11.549261,22.140392,39.691406
16.219267,-34.694046,59.871994
-45.322220,13.850288,35.238968
-13.414980,1.586286,19.750889
11.503708,-20.177212,18.812809
-5.405081,22.496399,46.347088
-6.905630,20.356955,42.992607
-33.367851,2.415595,21.764917
29.900660,15.968190,45.981667
-32.733311,13.126617,19.691055
2.777272,26.817743,50.737980
38.506393,-10.997845,64.780991
11.620428,-37.080307,51.467815
11.168702,23.353857,42.998711
17.904324,18.457277,26.182541
-6.638142,27.722107,30.664536
-10.065644,0.669729,8.535822
-39.043407,3.335224,27.677546
-7.541880,-28.764851,43.991821
9.773525,22.451897,23.723961
-26.303831,38.318295,49.512161
34.166142,-23.373875,58.849243
13.216645,-5.380435,9.111304
-45.079899,23.347879,43.023758
-3.260417,-33.343533,52.005440
-8.613327,-27.720161,62.577473
23.748829,24.046873,50.260635
-13.372683,13.878937,39.568626
-3.122496,22.849693,55.292839
-4.257984,-30.518230,44.277699
-1.156903,-39.549290,64.552483
-9.566110,-27.464521,32.641071
35.401592,-8.952447,43.827702
-13.045488,10.982258,53.105614
15.893951,21.729141,47.757061
-1.499696,28.262974,27.200174
24.819296,-10.576607,20.583288
-14.606500,-27.943184,32.335609
-16.615046,-8.400530,57.281174
5.950659,4.105334,2.464706
8.929024,-33.017139,42.191277
15.153225,-21.488413,21.903948
39.413342,6.481606,52.916317
13.286140,25.679169,61.311234
35.796886,-13.355844,59.578789
-11.993274,-42.622173,60.802525
-19.933985,39.871315,55.708736
9.541692,-22.484907,19.277521
29.271637,-10.058651,32.450291
15.489833,24.520592,42.068363
-16.656935,-8.321597,34.003731
-4.885753,-34.167789,63.017735
17.914883,-36.408726,59.087856
-16.351044,-12.034698,65.197166
-12.948781,7.085472,60.340183
-17.927084,-4.027302,52.859081
-11.754306,27.257153,19.128296
-7.680169,23.167383,22.432467
28.589836,-25.310263,60.145550
11.814769,18.974770,30.020666
34.214600,-14.376451,53.317120
-2.305187,33.357983,58.311874
-15.257428,-0.723742,11.060939
10.815187,24.682165,48.311417
27.714424,-25.999899,45.607689
2.788892,21.813953,56.862286
-47.852871,6.181342,42.744022
-17.024237,-7.821784,63.259533
11.546652,-33.507542,56.722572
-5.706060,-26.867443,55.703629
-14.481232,-11.772968,42.513836
-1.834884,28.835934,51.099770
0.165569,-30.768774,56.288277
25.104904,-5.992914,23.359276
-13.132752,10.768207,48.495174
30.826653,-6.551686,29.048683
32.129608,15.738505,52.198948
6.043298,21.379131,15.210728
-6.395908,-29.285187,45.786594
4.115477,-12.182673,8.626292
-46.324512,4.322495,40.128357
-16.268110,-4.935441,46.241055
-14.257588,36.696972,46.605995
4.920287,-30.126032,39.284264
18.325640,-26.942059,43.196434
5.659342,-30.675560,33.612663
-18.303804,-2.226374,34.275387
12.832510,23.601114,41.201565
12.136656,-20.226755,21.980970
-12.288453,7.839591,62.579567
36.111221,8.174228,57.073601
37.192394,-4.351413,59.266399
-14.023095,-19.002071,63.058571
34.241718,13.755651,45.541016
28.961481,-26.070021,49.881222
-6.907247,-26.467470,35.099831
33.173481,10.167297,47.051456
10.505652,-20.211126,16.651695
-16.426403,-8.378963,46.337280
37.652405,-19.101040,59.298367
19.213392,-32.741577,64.116074
4.489711,-14.833229,9.739290
31.906387,-4.043180,27.355207
31.474003,-25.929766,54.484032
-5.557666,23.409962,44.702778
-32.463295,16.882559,19.360518
-42.855209,36.011936,65.427620
31.437775,-10.041785,32.527534
-15.597146,-7.959078,12.250328
4.802577,19.672342,47.317017
24.528574,-18.210810,36.702370
38.401825,-8.808479,49.995888
-15.204803,-14.089972,16.343914
22.705812,-28.817007,59.792244
0.698368,31.574139,60.515354
-9.385069,-25.730061,24.077360
2.246755,-40.339104,58.840050
34.817226,14.107597,47.755344
29.712339,-11.934402,31.030193
-35.773754,15.811754,22.729765
-29.682755,17.336836,17.424618
-35.737499,13.116078,22.424231
-34.200321,13.506567,21.097694
-1.173784,17.986040,10.095176
39.316933,0.021010,51.941147
-50.657787,19.603333,57.309158
-19.022055,-7.883111,15.234802
28.933254,-22.880468,40.945251
2.858498,19.484566,45.450134
28.619793,-21.464851,43.273041
-0.135302,27.081326,29.534292
13.170844,-32.195240,61.858906
-29.361370,37.129902,45.297546
-10.862916,22.778946,15.040278
-1.774412,26.178141,19.206142
-33.277424,24.995274,21.737608
0.906778,-15.854835,11.170294
17.321787,18.477848,35.747734
0.616435,28.037693,38.442280
-31.407951,18.526262,18.464453
23.411022,-7.215260,17.270422
-16.059687,0.551540,19.813890
-12.855417,35.009872,42.298534
40.442875,-8.153220,54.850391
-38.939190,21.529821,27.649643
0.071023,30.678478,65.506042
-11.405626,-15.448444,20.944666
-14.522092,-21.786009,56.727707
-11.601713,-37.235336,50.793411
-13.733407,12.919706,42.521515
-54.045677,21.275261,62.871212
23.183556,-28.538342,57.916367
-33.127605,11.182980,20.246750
-0.299016,24.923006,45.198990
-55.830132,-3.171020,62.650589
-10.464221,14.436766,55.949448
22.021021,-7.895374,15.472677
20.326765,24.701155,46.755245
-10.384633,-40.862923,54.187305
-15.198659,-12.723773,34.411671
-3.383640,-22.180134,20.242914
2.554982,-14.619141,12.047487
-12.089441,10.480178,60.361588
19.054075,-28.294128,35.965527
-40.576641,21.726210,29.659348
-12.813099,-12.627339,20.534950
2.048092,-35.861099,62.197670
-50.753578,1.863661,49.820175
-14.849454,33.291172,30.285860
-11.777100,-33.062923,46.344105
-1.112553,31.227007,63.988079
-14.082424,4.105290,14.518717
1.561980,32.291702,64.092941
-13.388188,-0.156132,17.413528
-11.297466,16.050125,33.687801
16.211870,14.551976,16.645020
-34.262257,22.286549,21.355080
-17.670662,-13.238007,63.794209
-4.361559,-11.010310,7.990638
5.676390,-20.165918,17.227842
-8.635113,28.681494,25.621738
37.643826,-18.674698,57.236439
-7.335126,-25.363543,57.258858
0.175413,24.561543,53.152889
-11.921542,-0.103455,49.922428
8.444152,-26.508379,32.604515
12.499062,11.636039,11.209250
7.965093,30.639698,61.942776
-11.633830,-38.790890,53.597733
9.894713,25.916977,63.633579
-12.788640,-19.376247,46.053257
-49.725544,1.861122,48.245956
-9.458581,-32.446774,48.529266
16.356274,-3.138958,11.165541
19.097364,-28.421202,47.227211
21.966551,-28.166649,51.145271
42.091141,-2.614914,59.600063
4.281994,-32.536362,38.374325
10.223558,29.385042,65.068062
-12.881095,-1.922198,42.101940
3.721305,-23.009537,18.620770
15.476357,26.070517,49.290569
-3.350646,29.732622,40.208843
-1.674461,-22.912115,18.166084
15.054257,-23.517344,24.593559
9.736176,-37.608322,52.645157
22.392033,11.041102,25.384546
-16.901039,-13.511619,21.359766
12.223070,-22.345015,20.874641
-19.720114,40.654011,65.682991
-49.483105,-11.275715,48.928448
14.521214,-36.853077,61.946152
35.757740,-16.713766,52.390785
33.093601,2.688590,37.374630
34.569759,7.893314,38.763981
40.666374,2.635613,62.263531
-20.841888,-7.882451,14.444347
-7.846130,-27.084021,29.565590
7.714915,18.888088,23.795013
15.010957,-28.073698,40.971752
-0.575863,-39.388226,58.933392
-17.223036,-13.323821,34.469677
25.506844,3.551401,24.550571
24.452843,10.429828,26.572721
5.972774,28.483107,60.205498
0.900442,23.758137,35.874886
-16.916027,-26.000154,26.486080
-8.579153,-18.318174,14.744102
3.458200,25.072525,64.467949
38.225849,-9.307700,57.935310
-9.579667,-34.346222,40.455215
35.679165,8.276114,59.886967
0.942237,-17.201183,13.632401
-39.732994,10.159341,26.488033
-15.441514,-39.538803,51.436424
10.438910,18.769146,31.994291
-48.591148,15.659199,48.445709
2.963683,-14.155635,8.090238
-18.753561,-6.867000,13.208961
3.401827,-13.025445,10.634649
-12.519287,-40.118870,49.725536
-14.831579,-12.145384,32.152119
39.304901,4.536658,59.844139
-32.094135,27.295452,21.396574
-11.833903,4.639245,20.236191
0.307016,19.797573,11.339250
-17.046516,0.925436,24.625809
42.031715,-0.372624,64.419327
-2.526567,-37.236282,65.008148
-52.896736,20.533691,64.178986
-52.413750,19.484856,56.043667
39.769421,-6.653530,53.730778
32.600246,4.637854,31.827509
-19.649147,-10.094037,15.296413
-46.396255,-10.595410,42.574318
-7.194840,12.354324,65.361084
-13.824922,-8.736360,59.413261
26.088377,-17.959000,35.196182
-31.599152,35.860329,39.609127
33.543762,-2.119055,30.918825
34.962357,-21.854166,56.824894
9.083455,20.212420,20.603971
12.668653,17.945009,31.985905
30.142736,17.748558,62.634300
33.947647,-13.976341,50.690544
7.397061,19.050087,19.781029
-7.648376,-29.151411,60.266380
-1.717296,28.541603,53.369514
-3.713406,22.172201,61.869659
36.976551,-10.171871,41.805256
27.051115,-25.609947,54.631535
-56.187008,13.307267,65.006866
-47.765144,11.051434,39.921192
-10.350140,-31.304413,35.394665
34.209698,-10.984447,42.132339
36.970806,6.439401,50.306564
18.555273,-31.115335,63.899994
41.775295,3.711075,65.790863
-11.961079,12.441038,56.791122
29.243521,-17.719013,37.314987
-14.293732,-20.596231,25.746349
-9.378354,11.984985,65.315804
10.976583,27.892736,49.887650
6.587200,-20.261667,15.045537
-10.931671,-25.594481,27.982231
-48.473484,-4.514454,44.310097
-18.275999,-21.509085,29.470211
16.455563,-28.431950,43.632729
15.794494,-32.498779,64.856682
-6.494602,19.833004,52.191818
-9.158128,9.022606,60.930199
-32.208584,36.577625,44.610519
-16.982075,-13.160659,29.124609
-10.523762,13.633676,58.552521
-11.041224,-12.305197,18.082397
13.939179,27.184935,48.940365
38.525940,8.883215,48.539093
-12.808763,-8.480312,19.919735
-15.627466,-8.238170,31.286024
36.367844,9.290530,48.505531
-1.672843,-33.867393,37.482700
-18.354826,-7.757957,61.682133
16.735781,-15.608401,21.089426
17.795956,-33.558136,61.699528
41.571899,-7.193857,56.721352
14.330149,-34.233871,49.021694
-9.831246,-20.357948,60.686348
-8.075618,28.991333,32.680347
-10.419074,-13.598201,19.922043
-10.421266,10.673051,45.549286
-13.683818,-0.835998,62.746605
21.789227,21.651285,40.813690
9.583151,-19.679110,20.367954
-10.604340,8.548875,9.250284
8.466481,-37.082161,65.468399
30.965635,-6.360365,26.869699
-40.097431,25.843882,33.002377
40.098549,-10.987193,61.580360
20.738691,-17.400427,28.309582
1.038952,-6.888067,5.699086
40.823524,-11.985246,59.594578
38.845028,9.003964,55.150536
-14.018256,-4.594617,60.902393
-5.396986,18.484777,14.791002
-11.371275,6.846820,21.592850
-14.538405,-16.183929,59.710758
-51.681080,20.763468,59.232792
21.391945,-15.465714,27.592377
36.856922,-18.968319,62.945305
0.368167,-15.223223,13.372121
35.448959,-6.236069,44.271805
-3.920927,34.488373,54.843338
-6.605996,-41.290840,57.561993
-8.462543,16.847002,13.759084
40.425541,-12.341400,63.605259
38.686337,7.939606,57.103535
-16.837053,-0.931221,60.577168
19.941858,5.311857,14.195179
5.322011,-27.100277,32.945824
33.711933,-15.821971,44.342182
-9.433881,17.641254,27.636881
-14.695969,-8.386152,63.138329
5.330972,26.241611,46.584919
19.243002,-27.441959,38.965359
16.166630,-10.363894,10.407132
31.085039,9.055907,37.247917
-11.383693,-11.095121,19.881441
-12.299406,-4.397498,58.776337
-11.239307,34.112942,40.034416
-17.923752,-5.903992,62.327610
41.821522,5.768316,62.825600
36.998730,-4.533535,56.804192
13.783236,23.746811,32.510914
-0.342086,-39.973938,52.270138
3.021110,-36.354023,49.062695
-52.042881,22.720104,63.206718
-10.135242,12.247788,41.437782
-38.732868,-36.454781,57.651596
-4.391357,-30.713736,32.324085
-2.423693,-34.357525,64.565987
-13.226676,-18.346975,27.196547
12.575443,18.297281,15.406596
-7.836370,-25.749689,54.004116
16.750544,-25.500885,37.448532
30.263706,14.052324,42.861546
-43.830635,-15.776454,41.146172
34.375542,5.837919,41.103600
18.120859,-23.005472,35.056145
-8.451816,21.581570,32.370762
-1.416757,18.529581,40.409344
-25.634335,41.161152,62.270191
32.378830,-5.775707,28.139103
33.032059,-24.203192,54.974068
35.596142,2.115509,44.920269
16.128962,9.639060,14.120974
-5.445980,18.557074,53.399464
30.278828,-14.445939,40.700481
35.604752,-20.426601,53.807083
13.294669,-24.160526,27.955698
-1.321256,22.646587,37.107674
-2.693171,-32.327038,62.499775
-15.350040,-8.821145,35.958744
15.737392,-17.706347,17.322941
18.393799,16.200363,26.027100
13.935646,21.818945,43.668060
12.787539,24.388170,45.288704
-13.935659,-4.177305,45.183483
-18.402994,37.643002,46.062576
5.371405,22.959982,65.626114
16.575249,-27.936123,34.103638
-0.271570,19.834255,32.778473
-8.478510,13.924220,16.520275
5.138684,-30.851116,40.872814
-0.572337,19.846443,37.075928
7.274241,21.449572,44.456196
-32.559376,36.312836,41.257545
-29.685177,35.729603,39.668419
-12.630348,-27.751057,48.934086
41.566532,1.591098,55.496010
-9.373015,-4.516842,65.659668
-47.162800,-5.190739,43.249992
-14.010447,-38.246624,50.690048
-11.981261,5.869255,38.937214
21.000631,15.871798,34.017849
19.574732,22.711645,41.953976
-50.301949,6.780567,45.321480
0.896089,20.124071,50.227776
9.634757,-1.969549,6.102597
-10.755554,28.109413,23.627377
23.801016,6.948239,19.089853
18.096172,16.526382,32.265350
-0.845871,19.368864,26.268099
-15.703102,-8.577555,25.922119
34.661194,-23.770731,63.136738
20.865004,9.436661,24.990034
-2.481797,18.846464,31.240940
35.961979,3.835414,56.838753
27.865891,-21.529020,39.639698
14.072498,21.077168,49.695282
-12.233448,-18.832191,24.356339
-10.999565,12.729802,18.097599
-30.240932,32.517262,28.663637
-22.612843,40.502102,60.683857
9.346557,21.099354,25.674986
40.223560,-1.331123,65.349358
-20.252794,36.479301,40.688499
7.168595,26.081758,40.512012
-16.326170,-44.581188,62.901985
-17.426914,-1.587223,41.718292
29.042412,18.474329,55.369530
-3.176271,17.367409,56.827549
-16.543852,-6.238071,40.931091
25.242571,-29.212574,49.568958
27.170500,-27.748751,50.042126
12.975423,-24.479698,24.828358
-10.048316,6.810131,49.732204
-11.606958,-14.177796,62.018974
-54.483040,-3.557895,58.864124
-0.122740,-4.708556,3.921052
-17.171581,-3.952447,63.108097
-13.530887,-23.895544,41.380447
-5.830652,19.221481,16.868383
17.614344,-20.468771,27.978115
37.887012,-4.502606,45.103226
37.059200,-10.813549,48.303505
-19.596493,32.045643,21.498802
-16.798035,-27.456245,28.554071
16.896585,-14.066981,13.244985
-15.598493,6.215322,57.391109
14.482505,-23.108057,29.711802
21.836237,-29.187994,56.331757
-6.399484,-25.051929,55.579842
26.526468,-21.034861,42.538754
26.020094,-9.188955,21.412205
-8.071971,18.849792,29.594267
-9.159659,-16.996655,57.665794
-0.257593,-21.380596,16.714708
-3.917104,-23.129465,18.267637
-5.819671,31.666451,43.348995
7.514666,-6.065096,7.045843
-8.679379,19.120037,22.711227
29.307100,-22.934517,55.251347
-8.199249,17.833824,41.630630
-18.438755,-11.724799,42.411236
-6.289953,-38.294533,47.613239
-4.342702,28.898693,23.708637
-12.876534,-36.031979,47.680672
11.801908,23.798697,55.220291
6.249404,24.166176,43.220612
16.299326,-17.349854,22.384384
-4.897728,-33.464054,43.962490
-16.161007,-12.046595,24.960491
8.522516,-32.398209,40.081436
-18.212620,-5.647935,44.859661
7.588715,15.386945,12.515694
-5.981951,-9.701427,6.618472
41.812195,-3.574464,57.248085
28.863306,22.353243,65.735100
17.811815,-4.778027,9.454190
34.988956,-2.602900,45.864033
-21.098146,33.794373,27.176214
-15.280329,-11.715978,37.179092
0.340881,21.582623,37.820614
-5.382524,-43.131321,63.507534
-30.117487,39.785198,58.769234
4.663396,17.562189,14.223324
-15.362856,-10.647971,39.468750
33.694870,-6.284313,38.953236
-15.257514,-10.809930,35.281399
-17.231627,-17.221079,19.404968
-16.168133,-19.844969,20.528179
-17.151709,-15.315113,24.519564
18.621645,-35.691456,62.692371
-14.403071,-4.822599,40.097538
28.175001,6.283329,29.351494
-11.715142,30.358431,21.956705
-17.650652,-14.018731,61.561081
19.093143,-26.433525,33.379704
41.850452,-4.046265,62.014751
39.131447,4.433755,65.592720
-9.521480,-22.123056,25.249243
-19.573721,-41.308052,53.048325
13.808811,22.823977,51.172260
-4.972338,18.487980,29.756058
-24.818512,33.561314,26.926941
35.542126,-7.954647,54.042706
8.150557,22.244184,47.327370
-13.637630,9.446705,51.492393
34.165661,-18.468269,41.727978
-16.176634,5.498214,29.861233
10.855775,-33.560196,41.783611
5.859743,-32.016121,39.272358
-6.887954,26.093439,33.128277
19.665783,24.488403,61.128521
15.516129,0.805884,7.896583
26.891520,23.788254,65.480164
40.954247,-4.385034,65.000130
41.266289,-8.180060,65.473534
-48.722614,-2.496681,45.048199
28.694345,24.866032,64.950630
28.064602,-24.432699,47.318558
-15.400151,2.746763,19.517864
-13.515442,-9.117579,56.029842
-47.350250,8.099010,42.446495
-9.632587,-17.116983,65.923058
32.598484,14.910044,58.293800
19.008596,-17.694006,20.158621
27.828835,9.694577,31.275942
18.367865,29.145603,64.146698
5.553952,-28.689150,37.838528
-17.502069,33.302734,26.991650
-15.229257,3.109745,58.867973
2.523468,-39.993603,63.748928
26.969641,-13.727213,25.142756
14.652799,-21.199883,24.214994
28.353550,-16.053486,31.368818
3.958551,33.422466,58.839714
21.787178,2.582280,16.024015
15.789153,16.598057,31.910910
-9.499544,37.812145,56.291340
30.234499,-22.417433,42.454605
-15.901118,-4.941982,28.584702
32.023476,-18.660334,49.380417
8.018440,22.275587,30.743809
-15.863744,-8.076000,48.678970
-11.070976,4.385196,17.938820
-17.553753,-10.504880,36.326397
-17.464853,-7.828416,51.503769
-13.380696,-16.037477,42.641777
38.868118,-17.006369,64.917816
35.344948,-17.519058,42.889542
36.374161,3.556254,40.889065
0.920371,-41.858562,64.443268
-15.023499,-20.888372,31.596972
-13.136175,9.553371,20.572027
4.389828,23.020697,24.266602
-38.564583,37.957996,57.242142
-4.672731,-30.779726,46.676270
16.680668,-33.461830,49.005836
22.496151,16.052292,38.677811
9.050506,-8.425887,9.151881
-11.848492,8.725674,30.696262
26.916462,-12.697104,32.683163
8.740378,-36.236004,50.456203
20.199593,-22.559088,33.476833
-3.502121,-17.409575,13.460459
12.699192,-24.849369,31.460447
-12.503533,-34.800674,46.304592
39.452305,-14.746675,62.437157
36.437317,-4.030452,54.702888
-12.459771,-2.668098,57.083622
29.303810,-24.246452,57.410957
3.002657,-32.846424,59.629322
-6.928379,36.835560,55.681610
-44.042377,27.383764,44.415112
30.120983,-24.778603,45.555347
10.738541,9.406724,6.323854
-43.685860,-6.639262,37.808685
-17.361954,-44.062965,61.120674
-42.863087,28.307981,41.822407
-39.701809,-16.875759,36.199535
-15.589828,34.986046,39.023148
13.974545,22.834246,55.117172
25.888586,10.897368,24.679167
39.543240,8.675296,60.052639
23.758129,-25.724451,37.549450
3.991485,-2.953613,3.433569
-4.116375,15.826615,48.045483
-14.916409,3.314919,47.414513
17.460114,-34.826591,52.396626
16.132128,26.757954,63.535000
30.898903,12.351072,44.070435
30.172907,-22.843769,65.716225
3.784005,18.367773,10.997597
37.238853,6.509944,58.748997
-5.717484,36.938950,58.829342
38.722996,-15.030190,52.466164
-8.602856,33.529358,43.854057
18.512394,25.060055,64.561073
-9.985260,-27.000402,58.558784
-7.682567,-33.487869,46.082447
14.271128,18.857971,33.448868
38.649658,-10.514986,46.765373
17.183352,-0.895837,7.540462
-17.853344,-10.251615,51.429180
39.062973,-2.804790,54.469376
-5.582957,-42.256493,65.497452
11.697409,7.516690,5.228020
4.264731,31.536798,54.728897
-9.817482,24.086452,16.397860
-2.661064,-28.289108,35.515194
21.289936,-28.532467,39.900806
-17.403400,35.864552,40.505569
15.613105,22.403204,53.081512
13.807183,25.235481,54.607357
-8.179455,-5.778704,8.377556
-7.229133,18.067320,11.115959
-10.273741,30.102262,30.603580
-13.142842,-4.946183,19.199089
35.763443,6.855193,54.864048
12.604439,-20.644711,20.233429
36.824223,-16.828602,49.130379
-18.263662,0.914448,32.622898
15.242702,12.125934,15.834900
-18.516171,-14.134171,46.842667
-4.127537,-35.903225,64.202194
37.097820,-6.064973,50.993725
3.080434,22.992716,65.384201
-6.446808,-31.197760,34.363468
-3.169359,31.471605,45.119827
-40.368580,-10.622502,33.647255
18.697752,-26.119503,37.081856
-13.927749,-21.972532,37.683731
-11.170981,37.915787,54.625690
-16.344141,32.398655,24.367865
1.763286,18.580723,10.398307
-6.487218,35.432407,52.472595
26.494244,21.585142,65.497017
-10.109236,9.044329,19.218203
20.188602,-11.411803,15.128902
32.818901,5.604336,34.609283
32.083313,17.887287,49.246704
37.012482,-14.818742,60.466225
-16.023861,32.513668,26.192867
-1.373078,27.720243,22.810415
19.706495,-15.216748,18.123552
19.728590,18.126179,32.908276
-1.544470,-30.710117,63.354294
26.505686,20.593033,58.153030
-18.864538,-16.021845,20.991945
-4.694767,25.532141,28.394461
32.000858,7.728605,40.092545
-29.152664,38.423794,48.112171
21.234396,-29.774422,44.359650
-6.845779,13.696960,14.811302
24.181982,-30.495401,63.027664
-13.886819,-6.509026,26.839113
30.672728,15.932385,57.879513
-11.210117,-9.356269,17.547234
-14.250726,8.030054,39.567131
-12.651819,-7.627471,44.822773
30.818161,7.390210,30.281548
13.453378,25.133915,38.849438
-8.742578,-30.536129,43.266735
-6.652334,17.012712,39.854912
-14.763975,38.144093,52.350777
-10.100780,-24.882036,32.421677
-15.965778,0.606061,32.029655
16.074118,17.140106,25.861908
-23.483011,38.014862,42.316574
-43.417740,25.878195,38.023312
-9.406593,35.015396,46.152069
-16.867470,31.725864,22.334391
-12.620174,-23.129803,31.319752
-12.736000,9.365148,17.524881
7.453530,13.146865,7.819970
11.388674,-3.750909,7.152202
-13.482769,38.414749,55.779053
21.796061,-21.398142,32.999599
-20.452200,-26.028221,28.945925
24.740021,22.073366,65.843803
-12.196107,10.960999,18.758047
-12.160558,8.933119,14.562486
-10.628874,7.681677,16.611441
41.348728,-5.206561,50.585915
-10.838346,38.579346,57.874592
11.530106,-28.741127,31.526569
-10.604380,3.376547,54.585121
8.052808,-34.435249,59.788673
38.638588,-12.788656,53.793701
30.770611,-27.212200,58.568768
-4.467070,-30.294277,35.846699
4.598233,26.964983,42.148582
24.630688,-27.464312,54.115551
36.595753,-2.982401,38.111412
27.288391,19.884041,65.556824
20.307175,24.238050,65.520714
20.937988,-7.258638,17.379139
-47.132332,2.242230,41.200775
29.271748,-14.301214,37.815384
7.995725,29.593910,64.131195
-1.049106,15.286844,11.044593
-12.448927,36.774532,50.191536
-18.276508,34.021015,30.594902
-12.926736,-25.628799,48.160671
-33.018200,37.062592,47.556126
20.275227,-30.620726,49.871780
-2.048431,-5.799223,3.044243
12.337205,30.742521,65.016960
20.682255,-34.079506,59.752457
-0.234070,16.206001,12.703445
2.027559,17.129715,12.373692
-35.472927,34.855415,40.021225
-6.828650,17.967730,22.148306
12.700756,17.066412,30.073685
30.587233,-2.229645,31.265263
-16.465813,-18.518852,35.441586
-8.763010,35.598824,49.585243
-4.815392,-24.076645,20.253098
-17.981958,38.287430,50.021252
-47.921551,18.060789,43.127735
-1.835217,-40.897144,65.862160
24.811472,-27.351110,56.154560
-2.130274,16.218855,13.684851
4.654998,26.959171,48.971424
36.193626,-0.860714,56.534420
24.226597,6.783353,25.949610
41.264862,-9.618248,53.586864
8.694262,9.850172,5.177649
23.813442,-19.399443,37.853146
19.954538,-22.514585,28.559324
30.556364,4.917847,33.288540
-7.253579,-32.902874,40.681435
15.445066,-30.549427,65.527107
15.553749,24.688141,59.987881
-14.832127,-4.699151,14.477546
-6.076479,15.469336,38.577663
29.837236,-1.395834,27.234087
6.799438,28.471527,48.308525
20.285658,-5.571764,16.057055
20.891321,-8.846939,18.599957
-15.516948,1.124520,63.183388
10.772525,20.537422,44.292747
-10.765586,0.369171,59.615429
-5.373505,-32.800655,35.798096
1.141375,33.234695,55.791328
-9.567713,-23.966202,62.853848
40.527691,-13.406036,57.551273
-6.704332,34.871544,49.711349
38.498898,-0.011991,41.718464
-5.773326,-10.527090,11.647849
14.582880,30.247066,65.121117
-29.927374,37.755268,42.814323
37.654640,-0.541470,43.615536
-15.915786,-22.369474,34.123104
-7.397986,-39.615906,51.230743
7.042909,21.096695,37.272907
-19.199896,-24.703104,31.181456
-0.337894,27.513981,25.272240
-5.752048,29.874582,37.168900
-2.872185,-28.273764,60.664665
-13.393065,30.401299,24.249493
-11.438221,-10.270773,55.330482
-15.542549,-19.582754,56.334229
-6.313142,27.982395,32.652485
-50.168289,28.633575,63.366161
-10.604397,-13.313029,59.952923
-5.718712,-33.847412,49.057014
35.858906,-17.106218,63.010933
-7.073341,38.701557,61.739632
-54.319431,8.330175,58.611622
-16.205378,-17.712542,63.475071
16.562841,26.525671,53.457886
-12.840261,1.570416,61.001667
-13.985050,3.153523,20.952494
-13.434399,11.904630,26.888727
34.841137,-14.914150,55.542801
-9.135773,6.830580,54.197327
-1.970969,-26.676342,65.467491
4.622628,-10.854646,5.934652
28.627960,17.170942,50.574001
-7.629285,19.102325,48.516319
-17.932505,-7.060163,55.953922
38.068764,4.898895,53.533779
21.441883,25.041952,51.699669
-17.886263,-1.618274,14.946975
-10.808381,-10.558584,65.891602
-17.352320,-3.133554,55.025505
-23.926109,36.276035,41.367790
29.478870,6.180590,26.379572
2.202121,-39.436443,53.012772
-7.763846,-5.765129,5.866750
0.906638,-8.238332,3.659392
20.428307,12.316086,28.504509
-7.111060,18.610918,13.313157
-8.181626,-25.237486,32.088787
-1.098669,-24.102745,22.730577
12.086468,16.641695,19.446396
-16.840748,4.628335,39.408752
-3.446759,22.230019,45.168858
-1.369431,-33.095013,47.298836
39.341217,-1.918203,57.506233
-49.177956,20.741848,48.276531
-9.337002,-29.839066,55.862537
9.975207,22.246239,34.421467
-16.056532,11.459644,10.325743
-3.339350,-32.023178,49.303539
-10.492798,15.832402,57.212627
25.085148,21.570126,60.389652
-14.240597,3.017354,60.654003
-9.294421,-14.863064,65.085037
36.341557,-0.799430,41.825657
-10.772506,-12.690873,65.674248
-16.483959,-21.482992,36.963585
34.874294,-18.867662,49.695229
16.716486,18.806440,23.951445
-7.298051,-29.984119,62.686455
-17.432114,-1.193897,10.975483
35.786362,-11.873906,52.495438
12.610199,-20.743101,23.968643
-18.847103,-31.216248,36.520645
11.163443,-6.966409,4.732707
-7.701540,-33.078667,58.776543
6.475715,26.339468,33.191311
10.214005,-38.098103,55.039795
-13.245099,-14.646194,60.619053
-13.514874,-24.319294,51.494335
24.168467,-15.888600,28.473030
-19.820522,-28.508305,33.207523
0.688405,-35.195965,42.206207
-11.583055,4.368304,61.395191
-7.769321,10.398499,55.614231
-11.801885,-20.356256,26.402987
-17.845705,2.259432,34.608208
-13.352225,-1.133825,36.831791
9.933625,21.905609,43.240929
-6.793608,-18.327442,15.833680
-15.626464,-21.464720,53.065239
6.024380,24.559471,59.050930
-7.796058,-30.744757,45.507263
-14.860841,8.593359,46.933857
4.875312,-39.479813,57.079628
-2.787444,-31.105370,39.939888
7.391927,31.513397,57.851204
-13.495372,6.729109,16.193014
-9.095536,11.647491,21.544006
10.597799,21.548307,21.750402
28.772480,-27.543783,51.204159
32.517750,-5.545560,37.249699
15.790869,7.408659,10.713483
-3.338496,-35.846954,49.956409
-8.823880,25.500736,17.748604
-12.785762,13.748939,46.223053
-3.156270,26.181549,30.717945
26.684074,21.162661,62.156483
10.547211,-32.942062,50.312721
-15.684825,3.857907,41.123108
-1.832614,22.161739,15.037837
-1.212374,20.997171,56.588772
23.794472,6.381814,17.227308
10.831103,28.934036,61.036007
-11.576487,7.966135,41.578239
34.350529,-15.720200,51.234257
1.282879,19.662998,56.286854
-5.576980,11.679873,59.287746
-10.445632,-25.261860,50.904865
-1.406367,-24.472630,24.532234
38.092236,-1.827593,48.568443
-15.153543,-4.199121,21.612114
25.351480,-24.735672,36.699680
4.635308,22.191471,22.509842
-7.285845,-29.711761,55.732372
-11.534355,-26.137003,56.371342
-49.962357,-8.432484,48.754036
32.412785,6.643939,31.403706
36.597900,-17.355255,46.139381
25.245234,0.200272,20.255880
6.656560,23.009190,50.097618
-20.293715,-30.140652,35.006241
8.297850,26.922142,42.618336
-3.502867,-27.145910,24.634237
11.594436,-7.511466,9.220970
25.749498,15.991214,42.037979
27.859886,-11.299110,34.724152
-0.245612,-42.771004,62.770260
-12.494037,-7.756045,52.727345
23.764626,16.863119,41.931164
-2.569175,-32.361458,58.108303
-27.640501,33.713654,30.132755
18.089615,-31.830326,58.209919
36.443558,-5.320343,37.226402
-19.814075,39.117287,53.611038
-3.640575,-37.646980,47.908424
-9.827236,-1.384333,65.430199
-47.753700,8.746438,38.786964
6.960604,-35.179283,43.677124
19.780239,12.679358,20.663643
19.986799,15.999413,27.893787
17.578588,21.123247,42.390480
-2.821674,20.217184,60.981613
29.254309,11.415461,33.112396
10.197280,19.966084,35.232037
-4.505222,25.994579,43.855125
-10.517609,6.854367,14.043767
-19.884081,30.643892,19.358616
-13.055368,-2.493541,23.043123
23.633118,20.667164,52.463661
21.481867,-24.204536,40.538395
14.647093,-33.936844,56.466217
37.045063,-4.376589,48.803745
-0.933662,25.411047,34.217823
-21.123671,-16.269386,20.063578
-13.793972,1.003310,62.494061
-9.368237,9.125691,17.316799
-15.102163,-34.056820,43.786938
39.654678,-2.874819,45.002026
-3.528048,20.815401,42.727634
-41.786396,34.273479,49.262230
36.335224,-10.388512,50.614483
-48.274235,14.039923,40.650009
2.871039,30.270517,57.879490
-14.015700,-10.520372,13.075564
10.658494,-32.133549,61.495876
40.721405,-10.451465,65.309029
27.352018,13.661631,39.797539
6.577061,10.013407,4.216513
13.972831,15.905974,26.800406
-15.146874,5.916247,34.047798
13.015079,-14.797876,12.390912
-21.282185,-34.832653,41.169540
-12.824313,-23.674599,28.670765
-11.225217,-33.536636,39.922504
-3.798938,16.770634,44.685524
-3.731343,15.099164,46.049931
-15.194457,-19.543650,54.125553
-50.888634,11.558631,53.569996
38.038921,-4.643150,47.090866
-12.438422,-17.729021,61.761875
2.995885,-33.844898,52.093525
9.961425,-21.018753,18.226835
-1.853525,-36.752750,44.953823
-5.769487,-12.601315,13.202808
-23.001434,29.522051,18.145008
-14.272074,8.966129,53.828743
36.921085,0.943327,63.958832
12.488956,-25.693348,34.345970
-6.529446,15.925407,28.808990
2.970737,-8.769614,3.900732
-13.727333,2.447147,49.808987
-34.260490,39.470310,58.967548
14.626162,-37.660404,57.746979
-55.755428,8.029102,63.817696
9.381970,-24.016594,26.425642
-11.216948,-1.556562,13.672734
-5.915192,-17.643282,18.275774
17.877069,-29.583864,41.610046
-16.908571,-4.157877,15.919889
-13.329206,-7.138741,17.636320
-0.630291,-26.167439,22.472719
-12.405993,-22.555676,51.103909
-10.500448,-11.482477,58.501503
0.600006,21.748194,41.234325
-3.662755,22.033949,33.423370
-55.186150,-9.742114,62.685318
-45.262539,-5.551210,37.803257
4.140460,27.542004,58.007526
-16.078564,-3.772200,24.244081
0.382438,28.871553,52.146923
8.231445,24.778851,35.407345
-9.827787,28.198013,18.761759
-19.443502,33.993156,28.957520
-5.992840,-6.301544,8.980021
8.994915,25.354311,33.227604
30.752903,1.530852,26.078583
29.331728,-21.132618,45.880997
16.443705,22.333889,50.427776
37.270256,13.241310,52.621483
3.408961,15.892060,8.220708
-45.872036,-22.278004,48.947998
-7.120153,15.753037,65.518669
-2.855726,23.931114,27.964924
25.778400,22.093904,50.988617
3.826899,20.420588,41.793510
-10.332045,-42.763954,58.689774
-11.637567,-16.894474,65.404572
26.533819,19.079288,52.535038
21.795885,-32.685322,56.039318
32.549576,-22.147457,55.400425
31.760565,-24.017303,49.327763
21.559393,-16.236641,25.135288
34.330200,-21.734447,50.835461
-41.192352,33.593025,51.151165
15.744295,-6.710334,7.151399
-11.240951,13.742490,21.003132
23.808949,-12.451932,23.510790
-16.476704,-23.577665,28.197498
-9.810672,-20.408789,21.222446
29.260342,18.371117,47.403973
-15.782928,2.197677,15.528535
8.754145,19.992029,44.201427
2.806032,-34.683090,41.753288
-15.343790,6.322989,13.761957
-15.266309,-19.013159,64.499336
-47.199135,28.231588,51.129116
-17.154554,-18.420078,26.060600
19.972813,21.512838,46.574627
4.491257,19.509983,30.334785
7.380826,20.412174,42.417355
-45.411320,18.479961,40.421299
26.091242,19.183231,39.961468
-5.180563,-25.907467,57.683746
8.895318,27.290878,46.087532
0.651554,-27.000809,27.083450
-12.714698,0.789984,25.254004
18.580973,-3.316954,12.829391
23.489136,19.691355,48.082985
31.916153,-21.312082,63.079037
10.051841,-25.288048,24.060369
0.472584,25.513031,39.047165
-22.186514,-31.060263,36.265812
17.893177,28.734503,61.031109
1.246542,21.580824,15.073621
30.242357,21.414909,62.709167
-54.402184,13.995352,62.447571
30.142820,-18.811686,45.258869
19.645668,25.218735,49.418602
-9.706469,-11.812798,15.111810
20.987017,-20.903259,36.109417
-10.762468,-24.528559,34.602753
20.385441,-29.796419,62.963413
35.210548,-22.264843,61.124710
18.448900,-33.834473,59.273563
-3.857828,-34.689163,38.372498
20.422668,-13.851023,24.128439
2.411373,28.156067,40.836407
-17.928789,-9.424971,13.927104
-3.179704,-39.276752,49.280754
-11.784330,9.857894,62.652954
-9.701970,13.394747,9.186869
3.529206,-10.380352,4.552320
-1.490771,28.484711,36.148827
-6.343229,22.653170,40.632694
-7.277221,-27.759127,38.579868
3.561925,-29.111116,30.308086
23.776430,-6.155326,20.983387
38.142208,-6.491978,61.612381
-8.603188,-32.344967,56.781647
-16.176897,39.675457,57.862617
-11.157269,-23.369818,64.698494
-12.525953,-41.380383,53.338150
11.399312,-26.689337,32.977154
3.609079,25.946953,44.876549
5.086803,30.893467,51.189232
0.249970,-27.747650,25.258888
39.568619,-1.417151,62.396179
-45.606171,15.645128,39.196533
3.260878,-24.463593,20.225338
-44.999577,19.543732,38.431858
-8.517552,-1.567047,4.674365
-11.492346,-26.486708,32.884628
-17.676561,-0.579720,38.804920
-43.125427,35.248806,57.521111
6.071167,23.512739,61.520210
36.350967,1.804312,57.301857
-8.438677,-32.299404,34.618641
-12.461392,3.773558,56.397255
22.607153,-13.635491,19.824512
-16.795319,-8.811998,17.728079
29.758139,-25.601933,58.669857
8.934340,-9.499768,7.000501
-3.167702,20.135458,36.312790
-10.664149,-38.290119,46.149490
22.017750,-14.021007,21.982328
37.502254,6.805630,61.784534
24.697371,17.246738,44.402332
33.582260,11.367305,50.330082
-3.337873,-35.227100,46.032711
12.660784,-33.071152,48.466309
-18.561455,-5.698480,47.022686
-12.906107,4.724514,9.635667
-13.678696,6.596737,62.063854
10.817368,-13.316563,8.844606
33.270973,19.072079,59.549713
-0.014968,21.339693,27.926916
-0.966702,-30.049026,30.809750
-6.051538,30.281019,34.346378
-35.272999,29.188507,27.971046
-3.190132,17.595699,37.210308
-12.321248,-21.029509,44.412678
-15.054891,-22.762974,48.220085
38.911125,1.567765,43.831593
34.675217,1.560698,41.202812
-6.716905,20.809557,35.181377
-7.061441,-29.629889,35.664566
16.593122,24.736662,63.947357
3.159799,28.918867,65.013954
12.193439,-1.728853,7.326851
33.372345,-23.073729,65.590302
-5.834939,22.975107,17.060848
14.546659,-17.266647,19.600080
-7.034443,20.845940,49.219345
4.027784,23.046291,63.000221
-5.078857,25.587641,37.116291
19.780714,-18.549480,29.700737
25.168524,-20.639313,40.518616
0.757507,19.893021,62.515820
-0.788164,31.093824,56.238785
-16.549129,6.772341,40.893429
8.064433,-10.718905,5.761012
-11.247108,14.768472,36.061749
-13.224756,-6.486236,59.749886
-46.689308,-8.722141,43.482136
37.684933,7.530173,53.905815
40.622070,6.472447,55.428661
-2.209780,23.813202,49.698193
-10.560579,2.037120,52.872330
-16.093782,-11.021456,21.853809
19.454470,-33.367489,51.570980
-8.452637,12.682387,27.001518
-8.782403,-39.747646,58.674702
2.357303,-25.456301,23.440174
-11.440413,-3.743165,6.868857
-44.661835,16.896828,37.596027
25.457027,-29.717981,54.446922
-30.511879,30.654800,23.859945
-3.063973,19.933167,16.333305
-44.248547,27.415392,42.603226
20.381060,-30.240747,42.734310
-16.038860,-21.907576,44.012470
30.680037,-9.034001,28.351635
21.150610,-26.173481,34.233379
7.574151,-40.204250,64.201553
0.327303,-13.726804,8.037645
30.769812,20.814129,56.120213
-14.918774,-23.751633,50.055199
-3.511268,24.423000,35.010494
-9.301467,14.199377,13.180550
9.352766,29.363209,56.244141
-13.476805,-8.984653,23.643272
-45.277287,18.607178,36.608288
-16.699865,-8.698684,28.889523
39.135128,11.274214,59.782375
-9.160750,15.839433,12.426363
19.013018,-33.278328,53.769241
34.822063,-19.802477,61.111881
8.295689,-22.901653,22.822895
34.007469,-11.644830,36.162071
-14.770132,-10.804567,25.426601
8.776568,-33.811913,48.202343
35.081261,7.887542,49.999260
1.227100,-42.647701,61.037735
-8.738060,22.338284,15.539637
-14.842700,-10.729447,62.283131
11.790030,26.131046,49.326733
-7.745153,15.962116,19.088749
1.405289,19.417860,28.135349
-10.451801,14.181801,16.817028
34.363117,-4.438096,42.009483
-15.615179,8.036443,27.657221
13.964134,22.991882,46.924946
-12.627202,-10.614058,21.974833
9.293303,-17.265760,16.498968
-15.020823,-18.351454,23.891409
13.696135,19.297480,22.276079
-12.941648,-16.383343,18.421869
8.161811,18.197420,26.632324
-0.420605,-33.901249,55.590347
4.498513,22.087271,47.662914
-5.414822,-4.461338,6.253712
-34.022942,23.727427,22.871698
23.020008,19.498972,50.178917
-54.248066,13.309664,58.930531
42.195145,0.629647,57.509357
-11.827136,2.536238,21.023577
3.191533,-30.867983,33.573013
-48.340752,4.221200,41.552277
-6.026992,-29.159534,64.882736
1.721461,-40.687592,54.814564
13.586200,22.001234,53.257942
-10.772472,6.008025,59.225471
-13.843946,-12.596236,18.079185
22.165293,21.254299,47.671959
-17.574329,0.038384,28.789515
-15.502140,-10.142723,48.818771
35.516689,0.990408,47.485470
32.963558,11.931837,52.147293
28.987482,-18.381495,33.280437
-7.912466,-3.720688,9.318801
1.713584,19.759869,24.908890
-15.050685,-36.266296,46.483036
-16.068558,8.672714,41.830811
27.362728,11.763839,28.947912
17.656555,-17.733736,24.746120
28.208866,-23.836832,42.362404
-7.493882,13.282820,36.379848
-14.461261,-5.859204,51.170742
26.649891,-28.155653,53.237858
14.012293,-32.388805,54.589787
-6.653423,14.140065,47.403694
30.762033,10.932365,37.402283
21.791485,27.915981,62.061363
-45.583389,5.818835,35.246975
9.579419,26.223213,60.800076
35.929981,-12.322264,40.487873
-9.305010,-32.391155,41.835999
18.735291,-24.675907,31.384859
-5.138346,-28.974722,59.578907
15.786390,25.082932,44.346878
-12.401389,-0.371056,15.023697
37.014816,5.469552,57.101219
-28.039560,35.750511,36.204357
-14.977607,5.097419,54.457211
16.698383,-36.938324,61.978580
-10.332107,-33.636028,44.173824
-2.907005,20.473648,48.959038
-13.972588,3.290880,28.383991
-17.009586,-19.416504,42.368793
-11.192906,8.271982,35.674412
-0.439429,30.598459,51.089252
23.338259,-25.456367,42.942032
-9.652743,-1.004367,10.239789
-10.470969,-3.018374,15.103660
39.201656,-10.030424,55.811047
17.903883,18.676077,27.999956
-16.185814,-21.786907,41.872139
-1.122993,-27.940722,33.552158
-0.449751,-13.459149,11.354328
24.788620,-10.664172,26.220186
-2.083295,-30.626305,57.540920
-13.824933,3.051091,54.619072
-16.238111,2.212741,56.764774
2.254928,-34.282471,64.684341
30.322157,7.010825,35.477028
-10.204894,-43.204170,56.593803
-7.474517,-35.587997,55.063530
-7.629156,12.426515,41.591434
-3.704875,-23.057718,64.862579
33.433228,-24.958105,60.038364
22.824938,14.892636,25.918224
34.434952,10.401442,60.280136
22.399723,-10.401581,16.953043
-8.454083,11.335175,16.924496
15.310621,-2.418136,5.397864
-14.272502,-0.147388,19.322401
-14.529777,-9.378618,38.071167
-8.912670,-26.522312,56.965870
28.817593,-7.071877,30.708071
-17.660648,-1.291813,48.375877
-5.345170,-27.423899,62.144016
15.486256,20.278240,32.396664
32.372711,-17.110056,42.704998
16.158215,16.368071,18.433855
13.180447,29.036566,56.957905
22.050310,-31.029943,47.639248
29.149258,-4.875622,28.713236
26.777601,-26.406796,61.881718
-11.799047,24.201639,15.955895
18.015516,23.376755,56.836884
24.255144,-22.518064,40.565445
1.328424,23.128162,29.807032
-7.728732,-16.083723,13.248528
40.827164,-3.016311,46.529877
-9.823460,-22.629669,56.422394
-13.820847,-2.018556,15.821872
38.264305,9.813524,65.269394
31.250011,4.050323,28.965677
7.551971,14.048427,10.615991
31.629475,13.901831,38.777603
-2.872442,-31.284302,47.470203
-9.017522,-24.787657,22.062311
-17.154921,-6.624856,46.117870
-47.176468,20.561085,48.696766
-53.584408,-16.096582,63.543171
10.088690,23.357254,46.440773
15.846134,21.963133,45.270813
-8.774363,16.099024,23.529394
38.882183,2.752759,56.239136
16.710859,20.449375,49.339211
15.673392,25.536825,55.655502
-15.162571,-28.301685,40.826389
3.767051,32.417702,62.694065
-3.350206,22.765810,16.926443
7.870820,0.823049,2.475087
-18.581945,-7.982280,57.661579
-9.532174,-21.264881,17.390509
37.231586,-11.947166,62.603710
9.526731,13.358188,7.647113
-6.035095,-22.556967,60.101830
-10.230488,24.785389,14.331607
35.822918,12.818388,46.489197
-18.656404,-40.022690,50.378307
-6.263215,25.002850,15.824892
-13.934336,-3.571373,53.766891
28.318506,-28.968876,53.312519
-0.348177,23.309858,63.147636
-7.336409,-37.224796,46.085281
-9.695351,-24.524908,54.995975
15.471169,-20.102272,25.840353
-33.400600,34.841660,39.829624
34.263184,13.563160,54.535007
-13.497114,-14.635785,21.390425
21.105728,16.753057,24.438234
-13.181431,-3.268261,25.805443
1.658462,20.543354,35.671581
12.622306,22.359226,42.521912
26.136559,-10.461628,30.398981
10.568641,25.025124,34.991776
39.645088,-4.277862,49.251022
40.850960,4.919264,52.726696
27.957407,3.898340,25.204815
37.412624,-5.299283,63.245770
-12.394263,-2.457832,47.434483
4.721885,21.309029,52.107101
-38.147644,-15.011962,33.180248
-15.198608,-3.080682,43.633427
-0.809149,28.901276,65.632195
23.245176,14.461091,34.900532
-16.239218,-9.642678,65.673248
23.333843,-28.438238,42.494629
4.440810,-33.216431,41.394299
15.901959,12.581932,18.478210
-15.102187,-20.616093,49.415203
-48.678066,24.291842,49.952625
-12.134851,9.393176,43.387165
-53.591919,-2.098682,56.379494
22.256973,8.442629,26.300859
-10.175437,-14.178657,13.160801
-15.520700,-12.342106,40.746410
-9.542523,-7.616754,63.361839
34.602074,-7.467072,33.706047
-8.676309,17.724174,39.514206
-54.587204,0.395699,58.709774
-4.761265,21.485222,53.508945
39.349823,-15.241911,54.524357
27.556675,-5.020559,27.704336
18.515949,20.566885,32.489414
-49.557690,13.709169,45.160667
23.122015,17.575058,37.517502
-12.573405,11.472186,21.243395
-16.393303,-5.579641,11.835413
-8.697699,-25.330736,58.903831
34.578671,9.377232,58.362743
-53.166889,12.756940,56.912258
-10.008164,23.607313,18.663607
-1.460353,21.135029,16.775280
17.138094,2.452691,7.563673
1.404611,-12.606522,11.073144
-4.178865,-38.883095,65.371460
32.740444,-17.165997,37.474251
36.298721,-6.578198,55.848289
-2.625091,-14.149222,12.533452
-10.146446,18.277130,30.958014
19.663092,26.107616,65.816841
39.700626,-3.134627,65.734192
26.718925,-22.992210,47.408455
-5.070187,-38.275299,49.373379
-9.910159,-5.529713,6.802220
-9.706198,12.116825,52.768795
-13.140217,-21.261955,42.055222
3.169508,19.443174,51.236511
-7.051095,18.754425,26.463629
9.240541,25.222246,45.979500
3.960726,20.585629,34.739616
1.309174,-40.086948,65.583603
-32.723434,32.006409,33.083340
-14.043139,-7.571561,13.953565
23.291340,-0.967506,17.265606
-14.782925,-14.677278,31.716724
-5.671753,17.570602,46.560608
-24.362942,38.991745,50.391663
16.425346,-3.058170,8.887435
-13.713041,-3.224504,65.145966
-53.062771,3.705124,54.423199
-39.874691,14.989549,28.071383
2.714861,-21.969788,20.246382
36.932163,8.812955,66.013428
-14.022820,-2.715003,39.043194
29.498718,-12.062933,37.404961
-11.291534,-11.052755,63.644146
17.927765,-7.725474,13.601041
-18.865416,-23.715557,29.256353
32.467422,-17.656038,54.186741
11.276176,-31.092928,43.570873
10.924584,24.988251,43.650692
-12.888586,-7.852128,21.946388
7.379596,23.780396,65.775055
-6.526252,-37.180943,52.742039
31.863930,-2.570959,35.075584
23.173359,-8.832707,16.501305
5.505051,21.602386,39.018864
-3.518107,14.932728,60.181820
9.188872,23.584578,31.970066
25.708214,14.122381,34.902779
-1.274681,26.954784,64.688301
18.032831,-17.443310,21.720488
-49.826130,-13.630491,50.691055
7.931857,20.925421,51.104191
1.051394,21.594851,17.564976
2.938573,-30.015182,36.401569
-0.286255,-34.225559,39.037220
14.397223,9.766521,12.892229
40.370625,6.438888,60.414646
39.181950,6.442393,65.435722
-11.903862,-27.414299,43.158611
-2.306374,-41.772537,58.176228
-19.465666,-29.353020,36.604939
-0.278490,27.255491,57.212238
-15.108539,1.363560,47.130791
12.663616,22.263460,28.689257
12.332032,10.172983,10.194062
8.226556,-31.653408,36.346199
-53.483772,15.145167,57.711483
-42.589451,-9.557618,35.977924
30.249952,-18.560492,40.688194
-10.139650,-28.512423,49.292580
19.081203,-7.054526,11.997355
-0.331891,33.751591,57.371170
-11.557307,2.034891,18.398369
11.867990,-30.962799,63.608234
-14.231653,8.454828,13.351114
-0.937302,18.270666,63.008457
-3.931202,-13.370516,8.828579
-0.611156,-37.829037,46.213490
4.724865,18.538092,25.411547
-11.992392,-10.550302,11.191441
20.242628,17.854687,38.079037
-37.533764,16.627430,24.359850
-7.951731,-39.684441,63.808426
3.955221,28.815607,43.177715
-12.431770,-21.775517,23.668863
34.375237,4.304146,38.984444
24.616447,27.066219,65.334366
-14.034045,-16.029179,27.844299
35.524414,-11.704281,38.227398
-14.467515,-18.405777,59.934429
-4.043101,-32.892200,60.268196
2.308553,21.493700,32.265362
25.911022,-14.289894,33.968418
25.493378,21.495090,48.360378
32.744976,11.305802,38.885475
18.961475,-29.334991,65.978638
35.731827,-22.294140,59.252182
-11.916215,-2.946380,18.819065
4.316863,-39.745953,54.531731
10.592372,27.309736,65.053787
2.676178,27.639578,48.809441
-10.247771,15.978204,41.073380
-10.795050,-15.696131,63.548893
-5.195858,-37.269043,55.247097
-48.263832,9.190153,46.208607
-15.746746,-0.447209,45.756584
-5.989886,-31.873955,38.504536
-14.136168,9.469139,22.761000
25.841486,-1.710581,18.567682
-14.510190,-2.179298,60.851456
14.327109,-31.937027,42.025970
-12.769380,4.975323,26.675873
-8.723564,15.178618,17.838142
0.462347,-33.621197,63.342987
-9.095388,-26.247126,48.970127
33.149452,16.275888,48.067245
17.232862,24.285942,52.335606
-0.266760,-30.750963,42.256859
-16.438627,-21.958960,26.144716
-1.619201,24.007641,26.090427
-13.406060,-10.272874,17.744825
26.308208,17.312223,43.334938
29.516197,-21.564104,50.088821
-7.126858,17.952547,18.215763
-4.919591,22.593473,26.836000
-6.171569,23.837141,28.237343
-2.523281,-27.058779,30.545557
-17.099817,-44.882687,64.602768
-35.668648,-34.186386,50.039886
-10.044584,26.186220,19.826389
-11.968217,-1.738121,61.034481
10.432868,20.206133,47.162018
33.344448,-18.580669,59.693466
-9.312106,-28.109039,60.048733
-11.517582,-42.399212,54.698753
1.972905,26.940752,55.918800
-11.965563,-7.502393,63.565269
23.073406,-14.100860,28.248129
-17.151638,-8.131639,27.107172
35.901180,-15.154119,42.906349
4.080198,32.771629,65.831520
-17.590683,-38.902424,47.391731
37.259315,-0.415138,61.678646
-10.463113,5.447687,15.918909
31.963709,10.590746,41.877529
11.841474,12.620665,8.639859
-10.405373,16.731728,24.773500
12.067703,-33.376125,43.924442
-13.523439,-40.893768,56.174328
21.831253,-27.984007,47.530277
-18.393627,-0.522923,43.333336
-12.441202,-3.703084,12.643950
-36.437260,-18.434088,33.260376
14.421276,-25.961529,28.983641
-52.494339,16.133444,54.827156
38.200920,5.926104,45.831409
34.830765,-9.681381,46.358284
-50.554367,-22.810863,60.442154
32.237526,2.856428,34.702999
-16.299322,-16.284248,53.955524
24.850122,-26.078041,45.654228
9.480134,22.965450,51.390049
-14.798445,-21.063030,42.896557
-7.770335,-20.686325,59.184196
12.425438,24.690989,51.301998
-5.241286,21.098618,15.514997
36.943134,0.289737,39.192978
6.101700,-26.008743,29.908220
-13.358217,10.371437,38.282570
-16.358696,-18.716740,46.773842
-13.629157,-1.738927,45.420761
-2.101128,26.929012,51.044548
-14.937410,-4.601035,36.365494
-6.618525,20.145992,18.631687
27.575401,22.418457,57.392689
35.511490,11.177509,44.322941
5.301208,20.482388,28.450312
17.291656,-21.438475,23.039162
4.440989,27.582930,39.952274
-11.156800,-24.960104,60.726494
-5.657249,-24.912037,64.983971
37.273830,-2.674548,46.789398
-11.487905,-32.066551,44.631683
-12.384298,-16.019094,46.382957
-14.195965,-20.111925,44.673515
-9.739851,20.646162,16.859848
27.621876,-22.834219,37.292728
31.941519,17.942881,64.556503
13.285412,-32.339962,56.560009
12.963638,-30.683643,46.283379
-5.503166,22.006971,51.608627
-23.782518,39.886574,55.726166
-38.842079,7.679470,26.429569
-14.933139,4.797688,16.727785
28.964155,20.213308,48.708794
32.177811,18.588383,55.261890
-11.743555,1.193681,43.089157
35.024513,-13.940898,48.703819
0.225655,29.418028,57.287956
-16.836634,-12.803071,26.895811
-55.876152,3.871911,62.406258
-40.048569,-31.561399,50.341724
-42.849110,7.920712,31.264353
-8.079336,31.103506,32.022457
-36.261604,-33.140278,48.356178
-8.732564,-9.595276,13.372424
1.321086,23.697474,24.260035
14.869165,9.537535,7.653132
-7.728593,-29.485521,29.637560
-9.510658,-29.881472,29.508066
-43.032883,-35.425812,65.490791
14.343283,-11.011347,12.905799
24.066053,4.821071,23.224920
2.440810,24.650959,48.690166
28.073629,18.298065,40.497601
35.804424,1.374401,50.832733
1.772990,-17.919086,15.533419
28.646082,-14.099501,34.971138
28.489746,20.748760,52.765461
30.836899,15.423911,49.584972
-4.855571,30.956863,38.983032
-13.854282,-17.051060,29.643620
-54.938614,-7.646515,60.820499
18.203911,-19.970222,29.974110
-7.659206,-22.475462,23.872654
-12.771466,-0.217174,65.245407
29.150515,-23.934046,61.479427
-55.493256,-12.775691,65.472328
19.952137,-28.855133,45.519627
33.954033,-12.685455,52.243851
-48.590664,-19.235456,51.709167
-17.694860,-16.313265,45.640007
-17.215353,-30.327196,38.220097
-37.084251,-38.403496,61.109356
28.858768,8.609262,35.437775
-38.083416,38.360325,62.931408
18.891649,26.117048,52.668056
-10.411903,3.204875,50.057392
-9.829302,27.567017,26.878117
-11.423441,-9.967391,13.821799
-7.534070,23.185940,19.595621
-8.732583,20.233789,33.726616
15.442049,-26.818924,38.970367
6.303033,-24.393341,25.858948
1.764185,26.376328,37.369576
18.767986,-1.017493,13.319604
-53.419796,-10.658934,58.782223
3.977294,-41.397831,57.854988
22.770054,5.113616,20.633989
-20.828485,-25.426432,31.644146
15.021363,23.873518,49.577385
-14.775249,-9.130795,21.255243
0.456002,21.178041,60.655872
11.820427,22.832708,47.413372
28.843523,-25.235023,51.469902
33.900661,-17.163986,58.059635
7.031549,-18.052094,12.754843
23.508646,2.197539,19.637367
-2.245534,16.647085,10.748883
-13.884329,-9.694966,42.803837
4.616741,-34.637623,65.161537
25.916042,5.306398,27.068674
-11.492546,-42.281437,62.535957
-9.793606,26.610891,24.365904
32.717796,5.688521,39.510273
-6.259828,13.844084,56.952709
3.936668,-37.241463,47.536465
36.343288,10.271096,57.509804
5.826762,22.614185,31.545559
19.880981,-0.839713,11.004094
-0.592010,34.437695,65.964638
-53.085625,-6.594401,56.905159
35.399689,10.225107,62.756641
35.333767,-1.533463,34.027393
7.687303,22.257544,24.623371
39.316128,6.052259,62.046894
-6.260067,-8.222861,10.913492
-5.273748,23.691898,25.205595
35.846531,-3.770546,50.404827
-8.474597,18.869518,46.507030
5.787061,-32.575687,58.806545
3.474514,-41.792313,60.248302
-15.429480,-15.921245,42.356667
-6.801756,-27.686914,63.618690
34.302277,-17.422354,65.388283
5.916511,-12.597928,10.400182
2.183240,-30.162815,39.532516
-15.867535,-17.845697,65.726395
-19.799107,37.368950,47.473877
8.609228,2.522192,4.362145
9.105359,23.429155,26.149305
-2.221889,-35.590034,59.745659
-13.136994,-25.080465,24.550951
-2.882194,15.469243,56.352726
33.564613,0.299087,37.680706
-5.182320,-36.122528,48.659599
36.666348,11.873681,62.386555
22.972811,21.549160,43.327621
36.753544,8.862636,61.703777
32.267712,22.077858,65.637955
12.316121,27.101519,46.255203
-16.525766,-6.754965,24.428610
19.353844,11.243925,24.010878
31.270815,22.284777,61.191681
-0.537363,-32.350758,61.033081
-10.872370,-19.001808,19.059530
-9.710407,-34.435944,38.137230
2.503025,21.794830,53.950626
25.929443,-24.258678,39.073559
-9.626340,23.687332,22.349213
20.725357,16.778841,35.522141
13.005107,-35.423546,61.109871
33.900993,13.123368,61.183521
1.864618,-38.448532,61.624981
-7.883119,37.423107,57.616322
11.550521,-37.075539,58.822845
-54.953030,-5.247828,60.878502
20.196890,10.692883,16.326191
-16.480749,-10.643563,30.647623
-16.722864,3.547273,13.298883
-17.703180,-1.741633,52.262360
17.248737,22.794096,39.976131
-11.764212,-23.617746,24.214756
-16.097364,6.987811,48.332310
-15.939442,-8.005641,59.377499
-5.182770,-29.780212,29.990585
-8.586151,-24.865564,65.298416
2.619782,-26.208134,27.903580
-0.250566,35.533623,60.449745
12.904408,-26.339094,37.659153
-20.234381,-30.346937,33.132378
5.499726,21.913971,42.719501
19.634296,-35.368820,60.929512
-22.283232,-26.214918,29.077795
39.527233,-4.133115,43.236946
13.977201,-20.088018,22.346613
25.989849,5.782571,21.903776
-47.912868,29.407736,59.198387
-11.266514,-1.351526,55.274937
25.716152,-7.554448,25.536343
-33.627602,-41.302876,63.561939
29.597290,18.647034,58.466766
-7.943214,-16.819372,62.194984
31.428782,4.503830,35.852158
-15.054814,-6.545065,33.293926
8.624716,-31.747992,44.720634
-22.646973,36.771240,39.091831
18.441402,-24.538031,33.362820
-23.092052,-37.989166,46.531620
-9.253055,8.315148,42.755238
15.529757,-33.162296,63.039867
-17.497438,4.608776,36.906082
-8.568423,-14.180650,63.337246
31.997416,-8.981454,34.263161
10.787210,24.012150,27.920147
35.983963,8.860579,54.075439
-14.873837,-15.179017,23.433165
8.304660,-31.704649,63.833817
20.251230,0.250498,15.019872
30.174906,9.102761,33.747608
13.507342,-12.071795,14.385216
4.772083,-16.990820,10.260656
-9.060133,-8.424367,8.264161
-9.554506,8.106133,65.572243
0.179929,24.754366,55.974419
-15.022123,-18.160835,26.031273
-52.001709,1.657010,51.358604
-14.138479,5.984414,30.877644
-12.024867,-18.510178,53.673046
32.342709,-21.983976,45.973083
40.931721,-6.730869,62.078621
21.409111,26.220476,57.618958
28.682909,-19.766731,44.305065
15.124473,21.686323,36.690910
-15.002357,9.718085,48.775547
-20.122873,-13.190580,17.211578
-25.902964,38.543602,51.298660
34.994862,16.757988,54.145828
31.810589,3.613987,33.105919
-43.881470,-28.913609,52.723438
-13.897197,25.881161,15.318732
30.884787,-21.273342,47.013081
36.462513,8.498596,43.119549
7.309538,-35.556412,48.860168
20.699575,-17.208622,21.646759
1.543618,-31.875631,41.514572
-6.274203,-43.165867,60.342480
-37.100441,32.098976,37.305588
-4.028421,29.438049,45.359695
8.793228,23.136267,44.857964
-14.267985,5.858694,19.126448
-5.911027,-24.916508,61.373692
-37.653027,18.808630,24.223007
-6.911872,15.738562,62.945961
36.465843,-10.683214,43.707859
1.229234,25.946760,65.611122
-9.539289,19.313723,20.269611
-5.755110,0.223415,2.732755
3.356553,30.746929,49.458675
21.210131,-2.857410,16.204700
-14.413367,-3.504651,10.425109
16.076504,-8.583746,8.711260
-13.639494,-25.732491,30.848209
-9.719160,-33.090099,46.079773
16.491816,-31.347883,48.407509
10.448202,21.122732,29.456730
12.104419,23.888599,29.087523
-9.444218,-36.804859,49.295551
10.056689,11.511883,8.508739
-20.784731,-20.186329,23.625534
9.108061,26.401646,40.053684
39.748142,-5.451643,63.463001
13.584830,20.485971,34.409908
-5.193391,-35.965851,58.065331
19.489918,8.322515,11.562525
12.598301,-32.075127,42.702904
-14.840490,1.288735,57.973480
22.895121,-17.389784,32.542229
-9.958904,-8.566041,10.336444
18.967117,24.522375,54.288574
15.611645,-33.492397,54.822617
-16.131954,-38.240791,45.326275
-0.906275,19.604349,52.962223
8.017467,23.777266,40.777702
36.546188,12.959250,65.290596
-12.828898,-13.355450,13.623596
5.341525,25.497263,39.150993
20.421917,-19.725481,25.470564
13.610409,-4.482917,6.980420
-45.996178,-15.476258,44.859749
15.586325,17.516584,36.014286
-37.280346,26.356249,28.977255
-9.556167,16.969723,36.544247
12.731091,-8.506093,7.694946
26.090853,19.197109,43.868229
17.122402,-22.281273,31.656336
36.804546,2.172927,61.599903
11.614851,21.221819,50.325142
8.500435,21.275356,18.416325
-13.998815,-23.541964,54.917362
-9.323185,-24.459551,26.318966
-14.018093,-8.903954,27.131626
-50.145088,8.508567,50.489014
21.681377,-25.942083,45.326092
-8.470294,19.150015,43.082172
-45.025143,10.596173,37.361877
-18.123871,-24.109854,27.261730
-6.951181,23.178905,33.930145
-20.422066,0.052724,13.115027
-6.565809,14.106381,40.392414
19.849358,12.512692,18.102970
-4.809744,-13.844155,10.640691
39.001984,-0.632979,55.535259
5.462405,-8.803449,6.639441
-14.508717,-19.648605,38.386578
-14.160416,-11.428964,57.094147
-12.252682,13.990932,10.621912
-3.687282,-34.448315,48.166428
-13.344258,-11.038177,63.496967
-47.381512,-13.392403,45.881233
25.240313,-25.277597,48.757378
-21.884571,-33.898628,39.444214
8.286152,17.171604,20.661539
-53.375534,-12.783433,59.861870
-13.950426,-13.895811,46.592472
-14.433220,-7.481579,57.488754
-50.404434,-10.120885,50.786793
-14.921496,-15.236650,48.240269
35.607086,-6.306416,39.529434
-5.581680,28.035418,26.495337
7.355805,-28.176662,29.011524
-9.227773,-20.945314,55.111969
-4.977672,17.228674,10.073874
-51.665058,-8.800176,52.429230
-26.898876,27.546465,18.413906
13.556163,-36.009361,63.576591
29.090998,12.092662,31.248993
-14.493841,-16.647614,49.824165
-10.467644,-30.984037,40.147182
-7.916892,-35.394470,45.544849
-10.162658,-35.863472,44.661903
16.789619,-5.706837,12.269733
-12.946618,-14.304372,19.125376
-15.588937,5.186464,24.042978
26.254662,17.322399,39.105976
29.194920,-19.267502,38.520752
7.240010,19.756157,16.886757
-16.104025,-1.248197,62.904224
-14.989342,11.063559,31.760412
-3.150196,25.118446,17.504808
-48.856819,13.540427,42.832100
2.875219,31.866529,56.384640
-3.734568,24.937241,48.291725
-3.314359,-24.607935,65.684891
-15.180395,-7.788626,16.632582
-11.273478,-40.296638,52.801060
18.000267,6.630076,14.692916
25.661713,25.383324,65.861153
27.947603,-24.987213,62.708477
-13.028979,3.958550,31.650553
31.362602,12.591604,46.434444
32.703381,-8.044484,39.916183
-3.487800,27.686901,20.227358
-9.544113,-34.277439,42.452595
-12.392613,-17.634184,45.333759
-12.308179,10.921765,10.134133
-15.425696,-13.040318,44.049702
11.314770,21.380430,41.466034
-6.304042,17.223152,16.263491
14.279534,-24.814095,30.456724
-40.878807,24.302477,31.901613
35.230225,4.561978,51.626232
28.855782,-8.606285,24.492632
-9.139552,-13.814339,17.996527
-12.506320,6.938345,14.434518
-18.304405,-4.173823,49.684093
24.967220,-17.348557,26.751329
-34.575054,11.627479,21.481953
30.137882,0.877985,30.955048
34.703793,-13.535954,57.385056
-17.207022,2.428140,48.734898
-14.529902,-31.646500,35.241692
25.755610,24.764191,61.901527
-45.064964,-17.957033,44.536526
-11.720840,-34.416489,42.302288
-2.464832,23.572165,59.984039
-49.405495,-5.568206,47.877319
10.056529,-27.308441,28.803169
25.665115,-18.168095,38.560581
13.894324,-6.169259,5.792074
22.831211,15.059420,29.639816
-17.753868,-17.779036,21.375755
-1.646001,17.519619,58.564301
11.107773,-33.095047,54.163105
2.402163,-26.719662,25.474081
-6.403157,13.406555,10.453157
42.395550,-0.650158,59.098797
2.784425,-35.955269,55.459358
-10.280536,-17.917168,53.147552
-38.427399,-33.556396,52.042557
39.398163,-8.111795,61.907188
-10.367197,7.020858,39.461433
-29.194557,-37.620594,49.497543
7.361047,26.640312,37.954041
-17.801355,-11.049692,59.914516
-2.446394,-8.012692,5.945104
20.680500,13.618306,26.900801
-39.141907,26.945326,31.675341
-16.833506,-3.594335,36.553036
36.664196,-9.781140,45.508289
-17.873013,-18.043100,46.084534
-8.271881,15.536960,33.980267
-31.429161,-30.533463,40.030266
9.958462,18.410719,28.398895
-39.221813,-28.481813,45.448792
-46.746037,-22.964615,50.996765
-42.434212,-26.435616,48.046185
-41.952061,-31.877619,53.849583
8.628232,19.510242,30.314407
7.250611,20.810921,29.296955
16.616270,-29.606524,38.537506
2.906786,-36.702335,52.443920
-5.073771,18.779942,39.801620
-43.557720,9.445477,31.889727
-44.979961,-26.874105,52.407799
-50.850986,-12.993755,52.791790
35.420849,-5.884844,49.426208
-47.737988,-24.089769,54.322556
33.197681,11.353682,61.389568
-7.262487,20.795126,14.887287
15.795076,18.753098,28.185396
1.138395,-28.653193,61.032715
14.869157,-35.931946,60.405132
-16.884018,-16.653267,47.958477
34.722527,8.242105,45.807278
-26.669214,33.240208,26.780575
7.777483,-24.877098,26.943184
-14.429745,-22.440660,27.007959
5.843856,20.027143,50.477222
-43.658974,-26.525946,49.616024
6.436509,21.944370,51.640179
27.724569,10.932553,35.333416
36.103012,-8.165766,49.736965
3.275181,-30.094009,61.555996
21.569500,7.708883,20.646561
5.533521,-31.450640,61.201588
-47.457863,-16.286009,47.956623
-35.382881,-29.688322,42.813950
4.437842,-31.782118,36.177277
38.148724,3.907720,61.600067
16.831839,-30.639709,40.251637
-51.116432,-20.338514,59.654789
-41.988403,-32.686504,56.062096
-16.468195,-18.377966,31.160376
-34.785336,-31.602482,44.204781
-3.096918,-40.453011,61.294678
-1.219774,23.738369,39.317829
-40.318336,-33.021309,53.213779
5.072807,-13.938979,7.897404
-32.884495,-40.959675,60.719131
11.182269,19.549343,42.097973
-48.496788,17.447403,49.541039
-4.262148,-31.335241,58.853100
37.860031,-9.874055,60.552643
39.801510,-13.449768,52.425289
-43.698788,-27.713337,51.183945
-31.567532,-33.223854,43.860008
-27.953085,-36.616634,46.379658
29.400536,21.583277,54.624203
34.224735,-19.380438,43.619583
37.820202,-1.026542,51.499271
19.147217,-32.276894,61.516357
41.254128,1.106208,52.189583
-6.638394,-24.567596,26.181879
-35.217453,-38.907433,59.351547
-16.262989,-17.683456,28.530880
7.935748,18.593821,28.624165
8.743376,20.652468,32.673599
-41.340511,-36.264229,62.532410
37.616123,-8.628564,63.505806
6.229132,-12.196511,8.326902
-14.556183,-34.348045,38.281776
-44.775959,-32.884594,63.488304
12.036716,-9.489120,10.291323
15.830885,-10.332095,14.590973
-46.055573,-19.241976,46.704723
-13.254116,-1.816558,11.540480
-48.308838,-24.555429,57.017593
14.295820,-8.914184,11.415935
-49.531361,-24.984438,61.107231
35.427662,-10.260279,55.263172
1.163187,-30.571966,35.899982
-50.494354,-23.770750,62.303280
-45.694279,-27.436571,54.561275
-4.620949,-25.629704,27.442064
-45.937565,-30.109674,60.613678
37.051510,-10.193720,53.557613
-6.350092,-25.600744,28.844526
-4.144036,-26.268724,29.415094
-44.231003,-31.845407,59.667336
17.790417,20.910275,38.733757
18.416224,-23.023663,30.404787
14.283779,-10.670818,10.637158
14.915828,-6.692382,11.351448
33.887966,3.979120,35.723137
-13.708325,-5.762194,65.318398
-14.927689,-4.770841,31.815372
-47.576694,-28.386173,60.744305
31.730848,2.216971,36.303265
36.096188,-11.139110,57.847469
-48.521496,-25.516569,58.799217
-43.288551,-32.073700,57.561893
-12.837241,-7.623853,65.425583
21.617935,20.108274,35.843086
-50.154137,-20.758537,57.176777
26.972639,-24.058165,49.564945
36.948727,7.225681,46.495209
-6.965391,-27.876255,31.499634
-13.857947,-25.322197,42.827404
10.985280,-3.612259,3.546980
-45.807144,-24.983795,51.727909
-50.651508,-14.825795,53.400780
2.666497,-5.801768,5.918323
-12.643704,-4.625644,63.085991
37.849606,-9.883845,51.777901
38.406639,-10.252783,62.506935
17.993629,18.446669,39.011433
-38.263924,32.814575,42.105045
-11.676592,2.109423,13.050704
-45.651592,-32.216648,65.572922
34.416187,3.742575,42.214649
34.727325,-14.963588,59.677937
15.740454,-8.073153,12.991601
-39.683472,-38.012409,65.732185
-41.572483,-36.785622,64.653580
-23.665733,-27.738325,32.173595
37.429810,-8.657811,65.639076
-23.846230,-29.105204,34.074055
-23.956362,-30.404215,35.594856
-10.832970,-8.700079,59.411125
-17.887484,-17.939899,27.687599
-8.583249,8.532118,50.586155
-33.542393,-39.257175,57.238060
34.964931,-9.600800,48.540363
-14.276814,-9.306287,46.472237
-15.811845,-15.702409,28.813864
-14.843129,-7.776679,45.627846
-39.615227,-34.473640,54.924961
16.485195,-16.508101,15.558414
16.194941,-15.572618,14.012608
18.304317,-15.081049,16.185696
13.398639,21.115934,26.240099
3.844703,-34.449425,62.905384
-16.148949,-12.177239,17.481737
-17.459854,-9.547600,32.323711
-15.753663,-18.910410,29.661156
-16.247051,-6.448988,14.915737
34.674545,-9.318854,50.478504
2.183837,13.879057,6.827265
-17.467957,-7.669519,14.262643
-6.274980,-31.234947,65.622536
-7.747335,-21.886307,21.691750
-21.424364,-41.881031,55.831234
-15.411115,-7.717387,55.202503
-3.553388,-16.459101,11.265980
-3.452684,-34.476604,58.163368
-37.927319,-35.842915,55.170380
26.882914,19.578905,54.975883
-35.790455,-40.700993,64.802094
-11.586287,-6.003380,7.734434
28.158264,18.660925,57.120449
28.789337,20.893936,58.941963
5.011322,24.153225,51.806820
-25.938200,29.347942,19.470552
-35.325012,-39.792091,61.690163
18.858522,21.996511,53.522247
20.540564,7.852096,15.583844
4.874811,30.736687,61.874081
-39.342216,17.200026,27.290724
-26.265982,-42.583706,59.912804
-7.553841,15.186943,9.376455
-30.979618,-40.994919,59.106499
26.726418,13.729305,29.383919
-23.481485,-41.279545,55.176632
-31.717350,-41.749958,62.175182
29.909769,19.312571,56.770649
-16.239489,-7.393211,53.231552
-6.850492,26.111532,35.549870
8.524729,24.755871,64.479706
8.653493,28.634697,50.050465
32.890221,20.818970,62.237892
-11.924927,-5.447423,11.155770
-13.068878,-4.319739,8.604003
-13.752984,-7.710388,10.680666
5.724603,23.336166,55.820419
29.975821,-16.797329,42.586254
32.566143,19.825001,57.161797
-22.951792,-42.325787,57.328213
-16.245071,-11.151610,42.659069
41.549858,2.696078,53.081696
34.199703,-9.592311,33.573936
10.067658,-16.145346,11.493861
-44.878490,31.440296,50.993156
11.433454,-12.795537,12.901047
19.779350,-31.207840,44.431156
9.510573,22.419140,54.297813
-17.345783,-4.688007,65.447899
-48.133518,12.105997,46.534477
35.913715,13.896097,50.471451
-9.694249,-7.535626,14.553539
6.274743,-12.101360,6.237806
-18.387190,-3.795375,41.204155
20.908236,18.440405,41.435532
3.284106,24.152393,55.905296
-42.700775,19.686001,31.625801
36.348686,-4.647002,44.117424
9.392850,-29.613586,65.804802
19.129641,15.072797,20.464369
-9.180591,-10.803693,8.711440
-13.336152,-13.319306,52.541973
-21.204643,-39.374516,49.180851
-15.151994,10.379240,33.984348
-10.791744,-7.765308,7.713142
-14.703958,-15.190593,52.671963
-43.298763,-20.645441,43.632549
-15.763681,-1.013487,34.955643
-11.313499,6.746353,53.741257
-5.274740,15.074935,9.380982
-18.041187,-4.134606,60.161015
-12.553981,5.156938,59.772373
15.464560,21.573370,39.025208
7.129135,-17.409943,15.205398
-4.548470,-28.370239,37.144775
28.788185,-23.839193,59.102142
-1.436379,-31.635168,48.819843
-22.112383,40.311592,58.765343
24.245228,-28.622313,44.544113
29.260704,6.615311,33.602795
37.939583,-6.958455,54.646881
-8.986458,-7.388002,6.429510
-5.521924,-22.105518,21.485111
24.666279,-8.258142,23.591833
-4.102271,27.947330,36.329327
-0.698523,22.462975,64.802437
-13.861429,-4.684522,56.121479
-38.262970,-18.218346,35.557125
-13.089501,11.174787,23.957314
-10.786452,3.386331,58.937805
20.288721,18.629286,36.211441
-16.993723,-20.266644,31.865511
41.805515,-6.188644,65.531540
26.253366,-11.008588,24.524120
30.163433,16.697872,64.533722
-13.293997,9.388963,32.629719
-50.833855,12.302936,47.924965
21.967207,11.217284,20.104256
33.611675,-6.505895,41.356594
-8.798075,12.458641,61.321117
11.913626,-33.733662,61.417610
7.821486,-30.058668,39.978550
-9.211473,7.823340,15.207946
-13.042777,-5.704250,44.001965
1.350938,-21.855968,15.896045
-10.536790,-8.941966,61.777252
7.211880,28.804195,65.674294
-11.480857,-12.784488,11.768389
1.240793,28.739592,65.835388
-9.805627,10.912615,9.638428
-49.633942,-26.050858,64.966309
3.656149,-29.652456,40.629646
-2.579571,20.116133,18.844076
25.767969,-23.381124,35.279121
-3.467058,21.227741,29.443943
33.976414,1.390202,33.100849
24.257639,26.240341,61.263107
20.360910,13.286451,23.006659
-39.736065,34.537380,48.285683
-23.865248,32.288948,22.839638
37.811993,-6.779329,48.457150
34.504238,-4.181650,38.095123
-12.414630,-29.401342,31.540989
14.867710,20.898075,24.527967
0.395815,27.466837,61.564133
4.732834,-4.523844,5.090715
2.404806,27.806646,53.757305
7.113234,25.375807,49.530624
-0.281509,24.815969,30.197697
41.596294,4.817402,59.515728
-16.672562,-42.450466,55.844772
24.666279,0.853399,18.017588
36.661983,-12.611571,42.585159
-0.135638,-31.923952,54.100922
-17.588022,-14.399732,55.632202
24.279953,-2.639727,16.758945
16.768448,-22.084349,26.374521
35.361881,-7.371156,47.337067
-13.373115,12.644515,33.142834
-18.345928,-43.460178,59.144627
21.697361,-17.121115,31.216133
6.396383,-26.922447,26.009594
6.394078,26.158131,42.737366
-8.012001,-43.295158,58.456169
-12.980533,-11.064442,59.831532
-9.661361,-40.181458,60.504795
14.885250,16.747604,21.155359
-9.850717,-31.437872,54.808975
-16.333647,8.928119,34.852119
0.603706,-40.095631,60.673660
-32.267540,-35.098213,47.435505
9.316628,-14.141827,12.806778
-9.685431,15.511024,9.730252
35.063286,15.921529,62.871460
40.224846,0.641259,64.667885
3.633065,-26.741852,24.023575
19.129753,22.072832,43.658913
-4.638461,20.365215,38.126846
-10.474562,-21.979397,27.722734
-13.724906,-24.658470,33.625996
33.836357,-10.378242,44.498371
15.996767,-21.588850,28.120974
29.578627,16.222418,53.316864
-10.220604,-24.756577,47.248589
12.483313,18.966532,25.283590
-17.142462,-15.539341,50.884872
-5.136092,19.800081,61.427280
-13.297398,-13.464376,16.353819
-11.864821,-37.127884,43.200356
-5.143385,13.106956,48.599579
1.292699,29.500402,44.404160
6.193541,-25.450823,22.971140
39.782703,2.140557,45.887119
-44.287369,29.414270,49.917385
-43.123138,-31.093485,55.339882
25.110809,-16.523211,36.005615
14.457538,22.461412,48.588055
10.562500,27.523315,45.073570
36.403622,16.693249,64.901924
-5.458787,-1.497188,4.817265
-6.490700,13.631337,43.492199
-28.123026,-26.851578,33.360474
-42.598488,13.783792,32.792572
6.642455,-14.951913,9.133193
-23.253424,-25.151550,30.304464
-38.267666,37.658001,54.323475
-7.183067,-14.112330,12.170954
20.099678,-34.533527,56.462635
-1.350972,17.360634,15.467793
-23.688580,-35.407490,42.620201
-27.928598,-39.762585,53.196072
-15.176110,-23.500296,31.773869
35.037827,-8.797235,35.970257
-8.697192,20.270781,18.623127
-34.033943,-36.821407,53.157524
-23.575136,-39.015820,49.976398
-6.838681,16.997139,9.530413
-43.090935,35.172035,62.443817
-15.389959,-25.742548,32.395786
-25.806021,-40.554710,54.375542
-25.463520,-41.659130,57.055977
-16.325548,-24.828100,30.195005
-13.780688,-22.173038,33.137897
-27.331007,-40.934288,56.138660
15.759731,-29.056324,36.108997
10.147574,-38.519390,57.401756
7.335210,17.524740,15.524282
41.734123,-0.523926,51.009045
-2.524107,25.618347,45.036373
2.353029,27.519390,33.007042
3.253834,21.749233,49.961864
18.806862,-18.385630,26.942389
1.219131,22.928057,43.785515
-17.076485,-27.101202,31.058731
-14.513465,-23.886404,29.850075
37.944557,-16.802349,51.277023
-37.750080,-17.029070,33.968956
3.334259,24.927156,20.887560
-48.219570,-1.787230,42.244179
-17.653671,-25.916204,34.058670
-20.848749,-43.944633,61.501362
-4.287185,16.511646,40.585094
5.186471,26.619768,63.188946
-15.230181,6.046453,28.098787
-15.735126,-22.225330,30.679626
-22.707132,-38.529602,48.333900
-13.679954,-24.366516,31.916660
33.958546,-19.502541,46.396618
19.343756,19.589495,47.628899
-11.842820,-9.662143,20.750765
-15.694031,-17.204662,51.824776
-2.297687,28.924524,42.593262
-31.215780,-36.830944,49.812874
-3.796431,-28.422728,27.341412
14.045889,-29.959028,35.584274
-2.745000,-40.245270,55.231277
-1.008903,14.201488,8.744514
14.715614,25.257895,40.478550
-11.471364,-28.115332,52.103683
11.086709,-14.960394,12.668714
7.060193,26.563452,35.804924
0.052770,29.462399,54.198761
-25.054558,-36.485146,44.882515
-1.355553,-40.092979,60.549686
-23.800552,-32.418682,38.388222
-10.078853,1.070054,10.656725
33.544247,-20.779848,44.896679
-33.064560,-36.008125,49.825043
7.659911,24.756220,37.330872
21.310856,-27.064100,42.546761
-5.655079,-28.843250,28.188231
-1.852606,-28.003260,26.176138
8.526965,22.409927,33.258038
5.568997,-30.971394,37.601982
-29.918154,-35.767990,46.574993
-3.008032,-26.681662,27.665905
9.458210,-12.210658,11.325739
-17.888630,-1.872897,30.035587
5.997215,24.765469,34.814831
-12.433148,-30.872507,33.773960
-15.198984,6.262054,15.614143
-3.797532,-42.843243,60.800911
-5.565537,-22.085407,62.729416
-5.867827,-40.394032,61.987751
4.028798,-25.227268,26.711763
21.917444,-30.897875,53.453407
29.176022,6.903356,31.513964
26.817875,1.646497,21.448170
-4.235929,-23.539753,61.749985
-43.456516,-0.767495,34.618477
-18.134409,-3.499290,45.631989
-2.988147,-39.461315,63.286575
-6.214160,-23.996607,63.207836
9.744641,-14.410081,11.061134
2.994097,-32.524685,35.231853
-8.945343,14.165218,59.684345
-32.300346,-27.472666,36.859501
-44.874458,21.933601,39.187664
-18.044596,-12.024909,49.092468
-33.387402,-25.521452,36.364491
11.174104,-13.858139,14.549401
8.491694,22.702248,28.392241
10.001018,-15.627669,15.125724
13.890521,-29.901384,43.818459
-33.937130,-27.720024,38.847706
-16.427584,-8.570661,22.490614
-8.315096,22.130283,13.169005
-26.766665,-32.286514,39.275681
-6.488180,14.670405,60.423847
-30.345154,-27.683170,35.939331
-31.902569,-25.592693,34.725704
19.410423,-5.869330,10.286817
-18.137646,-11.018717,18.390446
-6.224117,-10.701521,9.363676
-54.369381,6.375823,57.946060
42.204906,2.750121,60.701488
32.561913,14.119078,41.403183
-10.111628,9.048290,40.317142
2.653183,32.586430,54.611176
-5.810096,16.584009,60.635105
2.597400,20.996790,59.275078
-9.181107,0.914368,65.633789
41.628929,3.446614,56.382095
-18.580919,-14.070708,20.151367
34.282848,13.648051,59.045200
-22.897425,-22.274456,26.303516
-12.340779,-7.795098,58.699074
11.346333,-5.661918,8.734497
2.854233,28.020773,38.426147
-8.773353,4.918879,5.992324
-1.397937,22.652304,29.566793
-48.997486,15.863530,46.081253
-10.611069,7.434287,61.236385
-1.385178,20.082727,13.794500
-13.409406,7.096422,54.383255
2.333074,-28.084379,26.941904
-23.631399,-11.217686,18.372086
-12.244971,3.343379,26.027565
24.268099,-29.602587,47.744667
-14.497529,-2.931260,34.845169
-14.695341,-23.348043,52.940697
-12.025737,0.122290,45.645733
0.639166,22.393854,55.953163
25.080265,2.126327,22.832102
18.239838,-2.456542,8.252227
-24.109655,32.897282,25.322662
-18.541718,-7.723077,49.785587
-12.061202,5.910929,31.541254
-11.791173,-22.076769,47.112736
-16.207472,-29.764069,31.709932
-26.680618,-26.045170,31.233585
-13.671824,9.432885,9.218671
-13.914777,6.965982,9.303465
-38.964619,28.024317,34.243835
-18.939293,-1.639131,40.188080
-0.424403,-28.545969,27.297491
-18.140923,-10.184376,40.742908
23.057974,25.311508,53.722031
-46.104401,22.137672,40.577145
-17.146841,-10.155166,23.089468
16.332012,-35.228767,65.555199
17.747080,-7.076118,9.232117
-35.904392,-25.394173,38.162987
36.746796,-11.413917,65.575714
19.563452,-3.407828,10.553592
18.259859,-4.673066,11.398154
26.855225,-15.463471,32.606197
-13.727255,-26.397327,46.414452
-16.373413,-2.218710,47.376919
15.729575,-29.905695,45.560013
-7.113916,-42.832363,56.656693
-33.474258,-23.872179,34.583763
31.464788,-13.802675,38.351292
-3.744424,27.346903,29.019789
16.181770,-35.083363,61.924637
-18.191551,-26.909813,35.591640
14.779306,-25.432585,27.289322
20.926693,-23.524868,30.212809
31.808449,7.057609,34.512367
-23.058365,-42.948254,59.435688
-32.775600,-20.168621,30.860241
3.110908,-1.484508,4.021004
32.094334,-11.271022,35.976624
-10.269409,5.281303,54.461857
19.952368,-11.232615,17.566412
-36.767010,-4.297353,26.919102
-26.577242,-21.793472,27.421455
18.669485,9.407498,14.651493
-11.168641,-2.777596,10.825061
24.269753,-3.662369,21.510767
18.531376,23.405634,59.286594
28.380470,-15.050573,29.277487
-38.240807,-8.073340,30.721310
29.710947,14.656973,37.000267
-38.750076,-10.520211,31.642349
-11.755814,-32.260811,36.366367
29.081850,15.331347,35.088169
-35.191643,-12.760703,28.932467
-16.159506,-3.047762,18.047552
-15.687911,-1.051281,16.886692
-24.265301,-19.178049,24.076565
18.203878,9.253037,17.221949
17.697199,9.785443,13.072586
32.348385,15.719746,56.190994
21.205233,-27.624750,37.276520
-12.904703,13.702726,35.038048
16.316839,10.204696,16.697243
-26.184528,-18.150797,24.123905
1.086703,-6.201468,2.855253
20.585629,9.606176,14.778644
18.546343,11.822150,14.408821
-14.568248,-20.706398,62.137627
28.319544,17.445904,38.138950
17.075079,8.333526,15.420060
37.065292,-19.924984,54.753075
10.683081,19.948488,25.247471
16.507223,11.856706,14.249954
-12.583414,-9.906929,57.931576
-11.860373,7.996989,26.876429
-11.235374,5.617419,41.206932
-13.032152,-30.313080,40.762806
39.604523,-4.769502,61.289558
-5.557225,23.799122,42.232681
18.493858,23.318480,38.340809
37.084599,-15.991335,61.858936
3.797489,27.773352,35.120716
27.378355,6.573007,23.096806
-8.562812,-33.989506,44.544167
-17.292877,1.147031,14.377911
-0.483767,-10.534137,6.840945
-5.600013,25.479040,41.432564
31.690619,10.514478,34.113083
-34.983181,17.470032,21.638355
10.054052,-23.784237,21.638405
30.666592,-26.774590,61.340244
-7.385376,-37.329380,59.300735
-40.281456,29.279587,37.845997
-16.842730,-12.335892,19.534040
14.528172,27.804895,54.813557
34.836006,3.798200,45.506363
-33.643764,18.427351,20.264765
-7.331041,31.292955,36.084011
-10.329099,32.631809,34.161732
-30.689686,40.273037,65.585403
30.537083,-9.582864,37.209324
38.379829,2.023060,41.907497
-12.816256,-22.760439,39.630619
-30.419756,38.729992,50.232849
-1.265198,21.565248,50.721527
-6.559779,21.688560,44.702152
36.821209,10.799024,64.153053
13.361618,-22.314178,28.398867
8.467036,-32.115433,60.422283
-15.181388,-6.933228,38.883568
-9.529991,0.769210,5.804079
7.690063,-30.839981,34.136700
33.808353,-19.276537,53.831776
-16.563477,-11.288322,53.572205
10.965279,20.138628,18.358963
10.169059,-33.738991,60.013645
17.196514,28.297791,58.469048
-14.880298,-13.124531,20.773375
-13.499157,-0.375222,60.735691
-14.726865,-16.582857,32.994068
-14.090197,-15.268030,41.004326
15.102218,-23.089655,22.806055
2.069100,-3.455940,4.316179
23.897255,10.737024,31.687906
9.991228,-34.807533,49.745026
5.837669,23.646521,25.816786
32.753647,-15.298395,48.164131
-15.789083,37.381565,48.301170
5.285343,-28.462906,35.253597
39.949047,10.231412,61.465290
38.032082,10.427548,53.609875
-11.572629,-26.667797,54.201855
-13.694355,-5.023172,23.647253
-8.875136,-6.632735,10.300994
-13.134409,-20.482090,50.991589
-9.827437,-1.488734,60.011623
-6.952957,16.020638,46.734383
-9.445476,1.986055,59.718178
-4.769890,-39.618828,60.424133
5.682542,-5.770709,3.354333
19.903887,9.860291,21.226881
-11.879639,28.642868,17.638517
23.184229,19.658577,45.924240
20.961985,-14.547999,25.919849
-4.280426,19.759487,26.318493
35.100967,8.107205,62.834438
25.891445,-4.681436,20.197203
30.956369,-21.321461,57.950912
-13.745007,7.117475,42.406040
-11.118390,0.264199,61.944145
5.782995,-2.775018,4.539959
21.269533,14.619898,28.504250
9.793132,16.409883,21.563286
-8.889485,-38.150398,45.347626
-15.405726,7.283700,30.129148
9.131485,16.816616,11.067560
26.811756,-21.068531,33.899769
10.205721,-31.853745,59.650841
7.439861,-7.147819,4.599684
-13.791533,5.321418,39.074947
6.573146,28.030807,43.875717
6.981547,-19.174484,18.372881
-7.735582,-40.269459,53.670696
11.307775,-32.072346,45.610947
42.114063,-0.460858,55.205822
0.523484,34.752323,62.275127
-25.487223,-23.698326,28.532261
-6.409578,-23.333078,24.871347
33.315994,-17.411507,45.725235
0.857065,17.988062,16.345413
-13.670068,-18.210764,57.573513
4.340219,26.238628,52.218353
11.286153,27.786844,53.068127
12.932155,-33.374294,52.888161
-7.610374,-28.327427,50.878372
39.114220,-2.138752,64.068298
-14.436874,6.665721,25.762541
5.784847,27.735378,38.489254
-2.147650,-42.931816,59.747955
-52.704468,0.459244,52.928654
-1.936830,21.394463,31.691616
-11.861194,-24.740444,37.038437
-4.441755,-39.141582,54.563183
-9.043540,19.669514,24.973539
-53.536800,11.084403,60.429890
0.689789,26.530054,51.845531
-11.629788,14.574966,27.474854
-13.047693,0.138922,55.214367
3.289079,24.932419,28.200266
-16.124928,-20.577957,39.468868
-9.557987,-36.710529,51.523170
35.510750,-10.546020,36.548866
32.922337,-15.121996,41.552994
-15.536880,-10.290321,55.495182
-20.655766,-8.115776,16.506346
17.300398,22.888121,53.461617
13.471162,27.835979,61.074177
-1.881184,31.017834,43.645020
-3.017248,29.780437,37.699005
-8.998020,-27.132996,46.493771
23.591887,9.889226,21.900209
-12.222593,-22.192139,53.320896
-4.387244,17.213202,27.810373
10.428995,15.782860,18.892580
-10.784837,10.959868,38.188873
36.403999,8.700694,45.020359
-8.434395,5.497456,63.349529
34.131252,-2.432838,41.156082
-10.422761,7.228409,19.910696
10.705257,24.147671,60.785072
-15.715436,-8.703856,39.867298
-0.276963,18.910284,20.012012
-1.695679,22.581579,33.337646
40.072090,-6.793447,65.690086
-16.495941,-5.953059,21.997679
-13.116575,9.257710,58.367367
4.036200,-35.928280,44.346237
37.566048,-15.058994,65.534988
34.586216,-14.034248,43.964386
-20.014475,-4.391328,13.899047
25.299253,-28.899601,65.338478
-13.712174,-0.984735,34.014446
33.364094,-18.208296,50.673595
-17.226099,-5.354681,26.236492
-13.299983,-28.990082,35.963570
-31.334742,40.721260,61.944965
35.350956,-14.053286,61.714962
10.815899,-24.806047,30.935598
-17.635843,-6.199015,35.666435
-52.639332,11.411520,54.782368
-9.816863,-9.613117,15.298238
18.693308,-12.195206,13.509194
-13.074253,-14.478313,24.703089
21.647400,18.580011,32.378330
-11.860780,-10.993814,17.148012
-0.106079,-36.558979,55.575386
-15.449595,10.792636,40.959621
41.054180,-10.916617,56.155376
-43.715626,1.633681,34.067760
-6.229329,-35.370346,64.211754
21.974140,-6.431962,13.763577
-15.063513,-13.755959,58.034340
-11.607879,-13.593310,22.079226
15.606718,20.407608,35.062538
-6.487941,-31.283598,41.779900
40.461861,-11.631146,53.612289
-2.188074,16.188442,63.863708
-3.894385,-33.308636,55.178169
-13.435658,-12.124239,11.906307
-21.987770,32.013248,21.344416
-14.595069,-16.704576,38.366844
-13.405783,-12.317383,44.307331
0.993013,34.530384,58.737728
28.702682,-27.909845,65.465042
22.292799,-5.966218,16.097479
-13.927235,-10.972563,23.577354
-45.193428,-14.938237,43.209412
-18.877356,-27.711571,29.651705
6.111024,28.985441,51.353085
18.742714,27.857527,65.691017
-15.888668,-4.340652,52.971104
2.473557,-31.324104,37.887718
-44.748722,25.184494,40.403179
17.776894,19.737251,44.423763
-18.300732,-44.581627,62.984856
-10.923981,-23.298658,48.564709
9.296646,-29.145102,32.247581
-2.257739,-32.447514,43.676571
10.837274,23.947075,38.956516
31.952675,-7.777575,37.707787
-10.414569,17.879118,13.354321
-50.337421,18.230385,50.451607
-26.317627,38.173462,43.484322
-54.139385,17.497814,61.059185
3.448147,-38.216610,59.624710
-13.747225,6.215833,50.832699
27.024096,-30.189966,55.660854
24.399864,20.215517,38.908176
-14.926701,-3.701363,16.284220
17.651558,-9.513293,16.129099
-9.361657,-22.946091,65.734283
35.548317,5.240573,58.612473
16.707621,-18.689703,19.512695
-13.900100,6.983225,48.102562
41.672501,-8.908072,62.101124
3.764489,-9.777449,8.155198
24.832693,25.023661,59.049915
-3.676199,35.339405,65.677292
-3.203289,-25.795046,61.160892
4.177858,-39.775055,58.821182
-43.006248,30.474428,48.244144
10.873457,-22.859804,27.393332
-5.217643,16.527294,30.244495
-9.538953,29.716648,33.415833
42.071712,-2.649395,65.392632
-12.288178,4.706818,50.971909
-1.000614,-27.221348,62.050503
14.713614,18.428728,31.338011
8.273535,22.738073,21.829880
-21.545023,-25.247849,27.483126
16.973499,-13.942817,18.784563
-15.979371,5.711407,32.032162
-4.352330,16.536467,31.915283
12.513748,-18.318218,19.690948
-6.347825,-33.962349,52.143181
-6.802108,-18.498047,63.377743
-6.307817,11.491423,7.134202
-46.212814,-17.159695,46.132130
39.773926,5.645955,49.548634
6.493587,15.571675,8.379107
33.746086,10.772406,54.976055
-4.022652,23.678314,30.356686
10.518920,-17.965809,18.471024
17.871494,11.122178,20.638517
36.976803,-7.440986,45.613361
4.517028,-36.624382,61.494556
-14.710524,-1.245831,57.720673
7.481267,25.959465,47.271034
-6.382828,12.797931,45.356403
-2.906497,19.556252,56.535564
-40.118118,30.655085,39.974876
-13.077605,9.163917,11.455561
11.146429,3.509740,4.522750
-2.051522,-14.866935,9.925498
1.934667,-37.849731,54.587875
-3.431771,-36.553505,58.591053
-43.988232,18.887436,33.379047
-6.569479,13.853656,63.082958
21.464481,13.824597,33.988564
14.170903,12.339349,17.508348
-16.690155,0.058568,22.484808
-49.472942,21.306744,50.557064
-6.685247,-41.154610,60.263130
-45.222492,3.998169,36.935207
2.982397,-22.992924,21.930948
1.960830,-28.947155,37.876007
38.947102,-5.352408,41.443581
12.518463,17.054674,13.050786
28.904531,-24.848707,64.992699
-9.927918,8.945904,21.533731
-2.884863,-29.461008,62.371368
-10.883470,-40.574615,58.646877
2.512833,19.811951,12.869174
-45.372425,-23.949026,49.927158
-3.742218,-9.960090,5.993906
30.174849,-21.648827,40.428322
3.241502,-34.173489,44.306973
-0.412411,-36.727741,63.530430
-9.395548,-27.432276,36.476154
0.028468,26.203442,21.113432
19.778072,18.632605,39.830608
-6.626046,17.677452,29.447498
-5.102332,-6.370515,4.540643
36.870178,-1.926230,59.792618
-16.137506,-6.755957,50.285194
-5.804569,-31.758295,55.752724
7.356132,24.342993,24.520004
38.920605,1.374456,62.654087
37.482632,1.823788,47.172352
-2.367862,17.834627,65.699890
-13.560541,0.780040,35.524071
-5.472127,17.963163,42.676369
26.649382,-2.561524,24.354645
13.131413,8.454972,9.282106
8.332740,24.005646,50.200520
13.685757,14.942171,20.082088
25.448055,19.086220,50.319756
-5.445323,28.199333,39.950726
-10.858892,-17.301615,14.970325
32.098766,-10.462131,40.770691
-7.156807,-18.558018,65.758781
-6.140018,9.857001,6.017366
-7.826312,-26.709618,50.144348
-41.716587,34.574825,55.076866
-13.995333,-18.653790,17.470957
-16.600698,-7.953605,20.050560
35.149929,-15.882483,47.415821
-10.511634,-23.695469,29.463535
-4.413881,25.410908,23.388506
8.950688,22.010750,38.956581
-13.775706,-16.059769,55.551571
-41.870888,30.446922,45.127144
8.706398,22.146141,56.419350
6.668416,19.028212,13.481096
-8.487221,-38.083454,50.517483
-13.045917,-22.276287,62.398006
32.056377,5.818278,33.027378
5.561604,24.591494,22.046427
28.196793,-4.495810,22.644012
-15.840290,5.861770,50.216793
-17.132742,3.709349,45.567711
-6.389221,-28.309444,57.571560
-18.235136,-3.553610,12.176187
-9.459831,19.228695,11.432883
-13.183557,12.707010,37.340847
-1.831816,26.004061,25.036665
-7.572418,-16.830692,14.880177
39.782341,-7.655940,45.012878
-10.439774,-21.906939,63.140305
-16.313530,8.533325,39.720627
-5.318831,25.047272,26.704975
-9.121658,-41.345619,64.287956
33.389183,-9.338045,31.303102
-52.246395,24.840092,65.301064
-8.536557,6.453791,58.591434
-11.628095,3.910896,52.913029
-8.441936,3.574795,62.721973
13.158900,19.126837,27.956612
0.703492,22.305639,47.039513
26.851664,17.690836,46.013412
3.779598,-18.591906,12.811980
-23.215174,-14.483699,20.160156
-9.290609,7.666596,46.158051
6.977415,30.359476,54.548977
-18.275360,-3.473620,38.880123
29.247026,-28.808958,58.147686
23.782940,-27.549212,49.971333
-7.909051,-23.453966,55.711864
-8.114560,-33.046181,51.732082
-17.999113,-8.837352,59.645405
-18.805676,-3.755850,36.952675
3.478780,21.080231,16.505096
20.314499,20.862368,31.956846
33.806267,8.495780,47.764229
-16.458973,-19.772852,44.745049
-9.286556,-27.682192,30.728184
36.951138,5.980697,63.317913
20.126780,-19.598648,23.386860
-2.148297,-35.984566,63.641430
17.578676,25.777515,55.024364
-7.549491,15.782624,25.091961
-5.941339,-28.621256,53.405506
-2.353278,18.908844,28.506716
-15.788702,-6.582797,36.798294
21.093977,22.400204,48.803593
18.739349,-7.028113,15.895926
-44.171875,16.597515,33.289555
3.190486,27.083340,30.179401
-9.581723,13.491585,62.878220
13.215647,20.675323,32.126427
-16.010607,-3.833951,26.189304
-5.811428,16.609762,12.060751
-10.690695,-5.995811,16.147644
-13.335111,0.406114,52.018101
-51.661842,21.402014,55.188229
-20.389439,-16.668867,21.629740
-51.746353,18.418341,53.805023
-12.717932,4.751328,34.051582
-18.261641,40.076263,59.324791
-41.594604,-13.073890,36.689266
-3.969317,15.832892,15.385470
20.353800,21.111067,41.741665
8.802423,-36.908089,61.947750
-2.865937,20.537193,40.082436
-1.816306,-25.165127,62.612347
23.588448,-23.326973,32.979008
11.825668,-0.513780,3.667448
36.305134,1.765049,40.226555
33.698357,10.881470,63.769070
33.936562,14.309833,65.491409
4.007731,22.321405,55.269619
4.870254,24.740490,63.231552
26.649878,23.088089,62.224113
23.169809,-28.705023,64.729836
12.987242,27.125374,59.220291
-14.741880,-13.058699,65.101318
11.573421,1.552228,3.909354
6.098280,21.480888,54.187141
-37.178310,4.705628,24.854118
-11.159075,-25.782574,25.637465
36.727886,-3.172000,42.138195
-15.372925,-8.014571,24.108353
-10.514274,30.151442,28.508673
11.969649,-38.762627,60.933834
-1.106245,18.387440,38.084232
-12.642168,-22.243555,27.492718
30.878799,9.117318,39.222263
35.034306,-4.434478,33.681816
11.129749,-33.259430,52.148251
25.648022,-25.913881,52.999268
14.656572,15.394615,28.551996
-12.263652,11.501761,43.151787
2.200712,24.328138,33.060303
-4.705888,-25.433887,59.701019
-12.671900,-12.065419,55.610943
15.257043,29.980249,62.313934
18.199278,22.568127,51.577988
-10.131038,1.622217,54.588543
38.131527,4.133619,43.838009
-1.112955,27.183039,44.410469
9.598175,-35.313709,53.713833
-7.919702,-23.806026,53.786190
14.171659,-3.317261,9.049357
-11.348735,15.109105,22.333462
-9.024402,13.168418,42.871292
32.713062,8.275001,42.108742
16.789835,23.343264,48.667664
29.235033,3.815162,32.215588
36.362423,15.005595,57.355091
30.937819,19.548626,63.301437
-15.209162,-13.961454,25.171564
-5.118235,-40.094543,50.768303
-13.207006,2.044808,33.745304
38.961529,-17.790310,60.223248
-12.417961,-19.778963,21.789845
25.020126,20.808245,49.965870
2.700236,12.224315,5.145048
-2.746697,-35.111862,44.044212
6.814491,-31.535671,59.902180
-11.884290,-23.943962,43.168961
-8.048518,-35.414131,52.808708
2.097219,-11.421700,7.508348
-7.926232,18.963758,50.720921
-5.215906,-33.883781,41.829227
26.166821,-27.505632,44.573448
-8.250865,-20.001507,62.354385
6.129107,-22.198513,17.226389
-7.234044,14.778677,30.553108
33.314007,-15.821872,54.350933
-9.438824,13.218037,20.405693
-1.236947,-36.572956,49.555729
-13.554453,5.831224,65.737122
-5.981806,-29.179663,61.394344
26.676828,-27.041092,59.609699
-16.710541,-11.217390,50.219753
10.854191,17.072535,24.556087
5.870139,27.945305,54.931114
-13.909702,-8.139803,50.871361
-12.381054,-0.729817,8.078597
2.904617,-32.606186,40.021492
18.272840,-33.897476,50.084202
40.137341,-6.453291,58.550659
26.291018,-10.749853,27.393717
36.076046,-10.295233,39.892288
-33.592625,30.739639,28.420004
-13.315720,-29.567341,37.975189
17.411818,-35.950325,55.705704
-49.558292,16.376392,52.199917
18.502800,-2.080998,11.394417
-7.596415,-26.780930,36.909519
-7.441738,20.665663,40.801041
0.872760,-19.738344,17.435823
-7.468997,-35.013756,39.686390
6.886746,-29.084572,35.423370
-8.194665,-28.174204,26.570051
-14.264338,-11.581725,21.730764
-9.114579,-37.774410,55.815483
-46.357666,-2.739641,40.528339
28.667948,-29.081100,62.889885
-13.118214,10.172236,13.239742
-9.623312,-27.128239,25.548901
26.794018,17.794344,50.981838
-17.801214,-0.248287,31.120363
-9.508495,-43.678257,60.263092
25.523727,10.526649,33.526310
-3.299551,17.622543,25.664415
-16.971251,-11.039477,28.582647
-13.940276,-23.013918,35.449520
15.854105,-13.498795,16.757662
15.239531,16.529709,16.424927
25.089397,21.000486,43.111118
13.720448,17.575319,25.839134
-2.353136,22.751619,41.443699
-17.605021,36.367996,42.342575
5.315328,-29.177912,65.295212
13.416225,19.452662,43.831329
-14.658416,4.546929,11.761957
-11.613897,6.688664,34.158005
-47.242229,18.021652,46.715454
-8.314511,-36.102985,41.601448
14.845847,-0.292721,6.031343
5.450982,-36.461445,56.910351
31.353415,15.717384,62.313660
6.000944,18.824453,27.411026
6.082076,-30.678349,63.485703
-18.226343,0.744222,45.964264
9.024802,-23.033197,24.698528
-0.066264,27.099291,36.728283
2.401740,21.640560,13.513810
-10.921976,-0.075962,6.920342
-16.511383,-19.876476,37.828949
-1.354510,-7.939235,3.466468
5.951511,24.846035,53.934235
-17.955643,-12.877746,37.667850
22.285070,1.127808,17.869104
15.728951,7.496886,12.821510
-33.638233,26.977957,25.137503
-32.905094,-39.981777,58.982315
-15.503770,-26.256107,38.947762
-36.061150,-31.683693,46.286594
-5.084254,18.877069,11.807386
8.964561,20.313683,28.342991
-9.981100,-18.413254,64.518066
0.302181,31.529682,58.234501
-9.155387,-33.725281,54.218273
-13.796369,-36.743275,44.927525
-29.347748,39.564129,55.688854
28.870071,-15.217610,39.531414
-14.402930,10.918308,46.439873
-11.531420,-39.790775,55.865162
13.581485,-27.257055,30.808167
-7.858090,24.546825,14.600561
-4.964217,32.459106,45.239407
-55.719086,5.720037,61.095226
25.165541,-28.649338,57.456974
-9.006478,-32.574898,39.935005
15.302238,26.159733,57.728348
-2.117410,20.924335,37.889935
31.147928,-15.288606,35.796764
-5.520159,-20.539349,16.240385
-17.518700,-22.127605,32.748043
-23.974386,-23.438883,27.382103
-4.022740,20.642618,46.643276
-9.897797,18.345110,23.930315
-11.335542,-34.197517,48.605072
-12.589042,-3.895640,10.357814
32.224503,2.192170,29.789448
-12.144111,29.401676,19.896902
4.951560,20.647694,18.563894
-2.964590,0.691025,2.477557
-13.537907,30.992443,21.634460
1.735554,28.469004,36.505817
30.498060,-14.113808,31.874189
25.162842,23.044258,49.440956
20.873959,11.458610,21.663862
26.745028,7.952864,32.185322
5.131752,-18.348221,15.902616
14.246379,19.639256,41.106964
19.006315,24.147463,44.926407
-16.289337,-2.272992,33.731007
-36.660839,23.245680,24.357531
11.664604,17.567533,27.000900
28.336420,-17.998310,31.484402
-11.522939,-6.241133,51.190033
-49.951382,0.159101,45.721622
-15.387213,-11.856668,15.006971
-10.598642,-21.364365,65.568901
-14.516125,8.678369,45.045116
-17.804283,2.817002,40.664173
-6.499182,-20.705685,61.488747
-9.468011,16.470943,30.058002
10.078108,14.809182,11.180938
33.418842,17.125061,55.179783
7.238008,23.780550,48.379372
-1.713096,-28.614431,58.641190
-7.238541,-22.263935,56.936646
-19.092880,-15.863228,18.550560
4.410329,27.862940,53.436935
32.012779,-3.382709,30.257782
-12.796625,-30.387121,43.858055
-2.853007,26.683617,34.765560
35.178337,-20.335857,55.674133
25.927904,-17.762197,28.676531
-13.305781,32.542011,28.659899
-50.864136,-7.606888,50.935787
-4.660640,20.332817,51.986691
7.397226,-29.285267,65.955849
-9.813212,10.134013,35.554058
0.959693,-26.725386,23.331129
25.407625,-22.383945,44.269341
-1.736707,-38.048569,63.277855
-17.418743,-40.516418,52.368092
4.417589,23.279865,57.823532
-1.699866,20.747307,33.338787
14.317623,-33.714657,58.824741
-13.429848,11.864330,50.760857
-12.944261,6.886340,40.578114
21.831997,0.559215,13.252982
-14.428719,2.216375,9.963983
-14.284057,7.339652,21.286894
19.602804,2.715096,14.672175
-9.031301,4.557292,59.644577
-7.332474,27.207373,22.584221
12.641036,17.415386,21.523764
-12.865026,6.276030,20.477453
24.533054,16.346294,29.075594
-1.724506,25.135189,62.332512
-13.947716,3.081446,40.639435
-9.781692,-3.679067,5.672881
-6.482795,23.828768,36.192371
18.830801,-17.400764,18.230818
30.155615,-12.232345,39.293934
-8.065463,-34.575424,57.054363
41.928848,1.501163,65.792595
-13.353109,-0.074140,28.906328
36.249508,0.630183,44.331932
31.728092,-23.644760,60.517319
17.991871,-0.004324,11.592067
-9.143943,-24.366827,49.598000
5.664002,-19.489458,13.357010
-17.478270,-8.345393,36.024696
-11.002069,0.412207,17.378841
-6.648450,17.459560,55.395153
-12.621922,-24.461069,35.244507
31.601082,-15.854364,46.025635
8.417101,18.824980,14.444684
-16.763544,-10.343015,25.611092
30.115076,13.599641,34.996014
-24.625431,35.708473,37.474537
4.879304,-35.498627,50.924492
-8.478836,22.377651,25.398333
-17.113039,-1.156486,56.753307
-10.685314,5.459889,6.873408
38.774029,8.624212,61.951454
-0.306853,24.890190,65.613472
-17.989222,2.368599,42.662079
-12.115689,12.841415,40.670856
27.201254,-15.656867,27.574730
38.932640,0.002013,60.263584
41.516773,-10.032084,60.242287
-11.015235,6.406938,18.147558
4.314406,27.288465,56.021122
35.753353,4.412978,36.898598
30.310303,15.532590,51.477715
1.092661,18.653620,52.088627
37.623028,10.138376,49.975349
-15.597610,-6.728581,42.677010
-7.547614,25.788542,20.389967
13.574321,6.423390,6.216668
-8.379645,-16.208246,18.794104
13.889186,-38.434036,60.998501
-5.671112,14.377183,12.861472
2.773502,-38.002766,57.012222
1.850756,-18.607458,12.010409
15.655045,-34.422813,53.083195
0.053000,23.868839,33.003559
38.149948,-6.933248,44.021111
34.612278,8.950972,55.734421
11.227522,-17.540913,13.074007
-4.488880,23.062780,19.174793
-8.456367,20.105488,12.976198
4.384067,-38.238071,51.019829
-1.467735,20.922983,46.865845
-39.049351,0.885208,28.335537
-14.899548,-0.255837,53.686058
-2.207816,24.511683,57.220554
-3.181607,26.177740,36.703239
39.108902,4.587746,51.913025
-7.184770,-26.632120,61.454865
-45.766514,21.875553,44.110687
23.878126,12.458186,29.299255
-14.357451,0.962350,16.022013
-14.248626,8.189160,56.441006
-8.628119,21.309967,23.378155
39.316452,-3.588439,59.312977
-9.907615,8.959865,23.742519
18.245905,13.396025,27.119511
23.169008,0.027308,19.554405
-2.028623,-19.232864,16.967081
13.912690,22.110987,35.309299
-6.546909,20.173143,37.204891
-7.352200,-32.982136,53.622635
-4.661787,15.526562,51.431202
31.130718,-23.333355,57.594749
14.583429,-31.210621,51.041462
19.157003,24.828655,51.249401
36.395947,1.638329,59.912556
32.764797,14.153196,62.671654
-12.426418,8.643716,49.205746
22.756117,-2.682860,14.670835
34.617096,3.239036,40.460434
-7.755038,6.006050,65.039955
-16.968990,-16.033337,17.186464
-17.337105,6.520844,33.888763
11.024961,14.445951,8.722471
0.957587,25.006075,34.388546
-17.846821,-33.410141,38.319630
-6.222303,-12.001451,7.674022
23.602110,-10.473994,24.252352
-13.794486,-15.145656,14.793818
9.579718,-32.474426,65.394547
-29.283041,15.635713,16.976423
-9.189828,11.625258,59.040119
-16.251762,-17.036463,39.253326
1.289544,-29.888491,41.315331
-6.557803,-31.552914,58.786549
21.746971,20.029682,38.695675
27.214167,-25.688129,50.541088
-1.800236,13.328626,6.582671
4.593663,-32.899426,47.651421
27.224455,11.291698,32.526009
-5.372382,14.543473,15.746637
-9.916690,-4.860294,14.758271
-2.051729,-17.805000,11.951914
2.389700,20.911680,43.662682
-15.739383,1.391432,12.382936
-9.902479,11.616256,33.021370
13.123095,20.109524,38.590633
-48.930500,7.376998,41.284397
-1.187581,-34.805481,41.019562
-2.571616,-31.189392,45.317974
16.211748,23.436323,37.812019
13.557948,-31.579905,59.566322
26.857141,-25.207653,43.906136
14.825714,-33.155563,45.423916
36.935570,12.621189,56.979458
-14.149508,-19.408445,47.770264
-11.093806,-13.089050,14.526390
-0.878746,-2.430831,3.574884
-15.563025,-21.137123,55.371536
12.826310,-33.658096,65.706558
28.877298,3.312371,28.581463
-10.754779,0.221982,12.529533
-7.101100,20.603527,46.552715
-51.367928,17.287659,51.940926
-7.039834,-24.011753,65.773010
0.386049,-38.209476,60.433323
27.106365,-10.274764,22.784317
-3.763557,-37.435112,45.744984
36.840263,-10.434183,63.841770
11.759467,22.540066,33.565296
39.924580,-12.588776,49.827118
35.065536,-8.943138,41.568272
0.048216,23.682165,27.923885
-0.698246,29.281759,40.446712
-15.283289,-14.967897,44.231873
7.951863,-39.910820,59.845798
-11.986362,-2.523335,8.971281
4.169015,15.458127,10.360245
-5.061928,-25.686829,63.186802
36.451591,11.629955,53.528992
-36.923286,33.480076,39.139175
20.387281,-31.890440,52.322586
10.387382,18.916328,20.842016
-12.420341,-22.854519,36.726830
-16.838966,-15.136126,57.656296
-9.792890,-21.251825,52.663975
7.631534,-31.722210,42.986607
-9.144937,-23.898134,60.616951
-8.462543,-31.081209,36.377460
6.487005,28.929451,53.515499
-55.801197,14.390790,63.572662
6.783129,-33.345242,61.326752
38.993347,-0.303836,58.408001
-15.955924,-1.746152,39.669964
-12.357577,-26.253141,29.318802
-11.714450,-24.843908,30.658991
-48.273209,-14.351327,47.799965
-14.083205,-2.418941,13.585181
6.632880,25.851185,56.644684
36.039421,-12.363161,61.182087
-4.200949,-8.280052,4.776638
13.170363,-38.239140,63.156120
-11.041395,-37.934822,55.305084
0.936940,-31.838932,39.516090
-12.320318,-9.347347,60.516098
38.106258,4.023625,41.820080
-18.379278,3.719514,33.788784
-2.730351,-30.518528,42.290337
24.711990,8.376607,27.471979
38.787609,-5.474556,59.625042
-16.896774,29.572510,18.979477
-5.231380,16.275803,21.008581
13.226504,15.935094,15.130644
-1.636389,32.079010,60.746216
-0.341687,-27.770296,31.279745
33.594696,-0.815888,32.768696
-14.759722,-1.813079,64.239594
4.976094,26.792976,30.837963
-12.466642,14.941477,44.020775
-16.359314,-2.319797,12.668030
8.303541,29.063461,58.802750
23.657162,-26.799749,52.182781
7.181012,-1.710383,2.822282
20.069551,11.022859,19.659231
19.251778,16.492947,30.344950
32.715504,3.955951,30.103495
-40.020016,-30.045490,49.024677
5.219644,29.921425,55.302856
-7.440316,-10.413452,7.795630
-5.784434,-16.850281,11.733647
37.891758,-4.568646,39.289677
26.584435,-16.455608,31.084888
0.018932,24.068085,37.684792
-4.134205,18.718477,44.065838
-27.567667,23.390657,16.685591
-9.400026,-26.299248,28.817080
-6.709106,20.297213,22.276339
14.530172,-33.751808,50.757286
-6.928724,-37.047733,56.856369
12.344206,30.818306,61.170296
-15.320808,-10.066592,16.513981
-14.884857,-9.542281,57.755184
32.337414,14.684303,48.873135
1.820281,24.123535,63.164307
1.497741,21.695190,25.419147
4.902341,-35.153545,53.744331
14.152152,7.064177,9.937574
38.581814,1.905385,50.231609
3.928770,26.944761,65.438492
9.052202,26.734861,44.314053
-18.363894,-5.629153,39.668724
26.269115,8.433247,24.369963
30.017467,16.802559,44.080799
-6.791276,18.498499,60.398216
21.827589,9.574485,21.139469
-14.504125,-18.573879,36.845821
31.280602,-21.089188,60.395813
11.998105,-2.282208,5.112823
1.096352,-35.056744,53.565178
9.040775,20.040230,37.174572
3.769683,-28.906704,38.415760
-0.878091,-32.417305,56.939083
-6.899296,-14.236615,14.843590
24.253016,-26.588280,39.161327
-14.142614,-3.202038,30.832375
8.203600,-33.540268,45.692596
7.945596,-29.177980,30.703026
36.139050,5.484373,39.744938
1.568959,23.470789,39.230965
11.554095,-31.617086,49.550747
4.048484,26.119471,25.045599
21.818375,23.660582,62.953583
-53.133942,15.901670,61.222378
24.067764,18.121187,32.332012
22.275675,6.452366,22.233992
-1.223802,23.732159,54.628891
-11.311312,-14.669916,65.465729
0.981270,-24.422810,24.353045
29.357861,8.376637,27.977024
40.089283,-9.321908,48.480232
-1.239913,-33.310040,45.250813
7.742700,-26.494389,24.974125
-0.862776,-29.944693,61.198135
3.956523,20.301098,39.093937
-12.543285,8.373266,46.814102
31.622013,-18.787912,43.170681
-0.630208,25.646368,40.785862
-15.869014,-9.755914,63.442062
19.595934,20.322733,29.555225
-9.307435,9.494593,38.251854
33.998367,-17.093359,60.522663
5.228590,19.525980,12.016348
11.797460,-35.482285,64.879646
32.529087,6.025780,36.544167
-18.052668,-11.429823,14.029456
-12.512445,-15.885610,62.538162
-6.202400,27.588392,37.183643
-15.271959,5.698558,20.816429
-2.256283,-13.297544,10.914396
15.789177,-0.048009,10.007708
-9.608546,-26.208193,63.888329
-13.974963,-4.525795,38.143147
28.898531,12.695931,40.628399
-8.499331,-28.515646,58.069595
-0.953744,24.848125,17.634151
17.100197,16.810141,20.497978
-18.374176,-20.096554,21.157984
-26.388885,38.810146,45.225582
-10.952664,13.903986,50.382690
-1.722368,36.483334,61.554783
-2.173967,-14.165606,7.987215
26.027878,-30.866766,60.221626
-3.462686,17.687969,33.888000
-6.495618,-4.523774,8.027737
-15.043268,-39.514233,48.503960
4.444524,30.608133,65.612076
23.780352,6.812051,23.563503
0.780814,-19.579353,13.398579
-31.680792,34.514816,35.240139
13.033423,13.064080,13.726344
-51.976677,13.086564,52.093273
1.398105,-7.997746,7.407499
-13.951904,-21.900724,60.644466
3.527276,-36.195099,57.274811
-13.361505,3.508020,48.362225
-1.506848,26.909388,60.902012
32.782547,-6.264786,30.665136
-2.483739,22.009531,21.329008
2.865744,27.715548,45.058292
-14.900063,-9.980879,29.215565
-14.489319,3.205844,43.881245
-7.065406,-7.564637,5.182879
30.935919,-25.613472,50.397949
-1.466099,-31.838972,37.928669
1.815560,23.524324,57.073978
-4.318727,19.677647,50.129227
-15.921645,-18.172075,58.139065
38.458584,-12.009647,55.751659
-8.650520,12.095741,24.999533
-12.259833,-8.848123,46.446156
-11.166379,-37.344181,48.057617
2.206005,27.099575,63.406227
-1.989052,16.696329,46.212872
-7.769147,-30.538069,33.139774
8.516118,30.843958,65.497078
-5.148688,26.367422,30.223269
-8.546716,20.455929,27.121271
-7.740537,2.354111,4.845805
-15.138582,-4.088221,49.917782
17.764629,5.027972,12.236849
12.131632,18.674124,23.342939
2.206951,29.650560,42.611038
36.210144,-21.575956,63.150642
-12.096415,-0.138199,47.779255
-2.114804,-17.493238,15.371048
-2.764083,-40.062477,52.129620
6.650755,-41.274799,60.453915
4.455125,19.737755,17.126223
20.994818,-0.834058,16.629999
22.646074,25.729586,55.853600
-35.525131,-24.062618,36.669647
-12.475683,9.088005,40.024948
-4.088398,-19.466944,18.282597
40.536266,-5.066068,46.845566
33.637581,-12.525655,49.047203
-0.424856,29.662849,37.557487
27.180994,-21.407961,35.887600
-1.560977,26.045090,29.896973
36.684441,6.117348,42.157799
21.260540,5.996060,19.538868
-29.727375,33.260067,32.533581
-5.876657,29.965174,27.826555
-4.749238,-40.588135,56.355190
1.754179,20.881418,64.300476
-10.585196,-25.607244,44.290882
-11.967902,13.106231,54.238911
-4.719014,16.457951,24.350805
-50.676517,24.447292,59.781567
-10.080137,-25.489000,36.302071
5.647206,20.382294,35.921951
28.249887,5.154204,31.042368
-7.292231,-31.365189,64.008675
2.243715,19.088654,48.085304
-10.669020,-26.492168,38.799164
24.801245,-17.924719,32.669674
-14.017305,2.983198,16.246969
16.736643,20.029579,25.591148
-6.708691,17.703369,32.876236
-18.560167,-11.823628,50.830856
0.940115,-22.114761,20.621346
3.691899,26.831642,60.749825
-20.602915,-31.210772,37.479851
-14.165528,12.599462,45.542976
4.365799,21.247551,20.569817
-50.999958,14.958972,54.930744
15.534492,17.224396,33.917599
19.672266,-23.814434,38.630787
9.556185,19.218353,33.611336
14.867441,23.656803,45.321701
-10.021998,-30.401489,33.342350
18.151031,-23.481058,27.541138
4.254468,-15.017405,13.124169
23.788338,-12.254173,27.353575
14.022847,-29.515909,45.521484
-7.139483,32.908089,42.853756
-4.546809,29.600805,31.937918
-18.506020,-2.007627,46.796780
38.671162,-1.853704,59.368641
29.315763,8.961348,37.118103
-4.439156,-20.997967,65.245895
39.376495,-6.631095,56.398823
-3.818007,16.919907,46.553276
-3.440229,-27.435883,63.184242
23.951878,21.436077,55.017723
3.942242,-21.073608,16.554495
13.978730,15.146845,12.988617
21.502741,23.281645,52.974586
-1.996889,24.083014,15.942072
-27.390028,30.434231,21.227900
-5.044627,25.846006,34.313114
-13.570031,0.313381,12.045392
-0.348019,-1.061503,2.000277
-14.170778,-29.089186,44.474449
33.234375,-5.724574,33.751785
-8.435682,-35.773354,58.611973
33.437435,14.618031,43.912399
-15.956745,-0.284440,14.999739
-56.731083,6.595177,65.141632
33.644444,1.684759,35.656979
-5.041323,-36.805099,51.085155
13.558023,-1.218968,4.413110
4.540655,30.195797,63.712967
25.737200,23.455923,54.015224
29.377829,-25.277327,55.306541
0.266911,25.876389,43.294106
-18.377443,-11.647655,45.806259
-9.483540,11.881150,7.976787
-45.096500,-0.004253,37.889549
39.884720,4.609806,56.105606
-4.618080,-35.690193,60.867775
-8.378229,13.369262,54.818661
41.176529,2.051862,50.238640
-12.956989,-29.665987,46.576454
5.518878,18.450556,21.788048
-7.403720,15.204591,13.698532
-7.437392,14.646037,52.473492
-6.933065,11.435129,48.636028
-12.856245,-11.807481,46.543240
-11.374206,-23.315268,33.000832
4.776906,17.886131,18.534733
-10.414188,-2.097452,56.895893
-24.203627,36.738255,43.484371
16.594341,8.022187,8.709187
0.670715,-25.397388,21.022316
-8.494677,9.174083,9.315227
20.316278,-28.808693,38.366013
-1.698190,-3.439162,1.995808
16.663227,-31.059389,50.528671
-17.679827,-19.173153,19.398771
-16.188919,9.458321,32.272388
0.923825,27.473562,27.109444
-39.872936,36.567120,52.038589
21.322041,-28.914083,49.316879
13.833560,-24.291424,33.219330
0.765219,-39.539867,62.789986
15.638452,26.110243,46.785088
30.641619,-8.162107,26.736942
-48.192501,-21.111753,51.998283
27.462671,-8.645510,26.044157
-16.863726,-24.121780,35.067318
17.889082,13.862527,18.189323
-25.799316,-31.636257,37.633778
-16.252798,2.181029,28.443565
-16.409821,-13.830169,23.321556
-13.005224,-16.506077,25.859806
24.735758,19.217672,52.042831
-4.724283,23.899847,14.523851
39.006264,-13.809128,48.303177
2.230294,20.803032,40.747902
12.839638,8.595940,6.963511
10.777657,20.124794,38.757774
10.806554,26.611441,47.575703
-12.598503,-2.980675,44.004528
-15.389820,-31.123283,33.263031
-2.312790,16.447298,50.016991
-11.181158,-4.065900,17.076982
-18.066067,-21.911003,22.187838
7.915135,29.886648,57.227760
-17.372448,-8.992719,54.630600
30.562483,-5.471986,31.225300
-57.660404,1.425693,65.420769
-8.428389,18.481819,53.953896
-16.342991,-4.561193,39.926968
-16.441711,41.000427,65.661476
18.258059,-11.342036,15.619029
-41.444462,-8.340660,34.503559
26.560947,-28.624342,63.125908
4.074908,33.985104,60.920197
17.303646,26.501280,49.673439
1.309615,33.361301,65.672302
-3.366098,-32.484188,35.206470
-49.556358,25.287781,52.615337
0.332569,-26.394827,29.048708
-10.775765,-29.471069,45.518623
34.399418,-11.853324,46.342987
-0.223399,-42.411716,65.814362
-4.795279,35.924500,56.896183
32.203598,-24.639311,52.732971
17.145679,-36.488335,64.025078
34.224789,20.143009,63.750076
0.850554,-42.014790,58.979862
-15.138407,-30.988985,38.336517
-11.873229,6.234735,43.263302
2.044627,27.336468,59.110966
30.912296,17.190523,60.197159
-13.776169,3.974518,57.853218
2.430863,-26.370918,30.082403
1.953510,21.390102,51.786339
35.133865,-22.147730,52.873943
1.280951,22.306988,34.143909
-38.797714,35.984489,48.796455
-4.350032,-17.937363,11.947837
7.357224,20.417782,40.007126
-8.152812,-27.897305,53.118298
29.183777,0.904551,24.349915
21.481211,-12.371717,24.285845
-11.051315,34.477146,42.311729
-11.222529,-14.044841,54.857742
24.537920,4.548702,18.937386
-19.348040,-31.765577,34.778763
-17.124952,-10.827424,47.455383
-39.148308,-25.151201,42.202217
38.082420,9.744333,59.599239
27.307850,-19.455423,36.481033
-13.684231,-18.844103,31.931576
33.298908,11.724670,65.882759
23.391800,0.830813,15.678906
-49.783878,21.121861,55.888947
-14.438532,-26.922062,34.748753
-10.937427,-0.361859,51.981880
-12.365327,-22.544792,56.417675
-51.549427,5.254335,48.722755
-6.751106,8.689768,63.655907
27.520493,-19.658674,32.546631
21.501478,-30.203396,60.977962
31.082611,-7.506414,30.925508
8.372138,19.890308,47.610138
-5.418021,-33.948135,46.162697
-1.506779,-37.487030,58.622017
7.182318,22.966812,20.181715
-15.527790,-14.929387,21.575041
-51.143597,3.367836,47.900055
-17.191620,-15.316524,30.141502
2.582097,22.468613,42.130398
-4.925084,-3.218131,2.880753
-9.467662,17.898329,44.897293
25.687632,-19.375063,33.789806
11.277207,25.792067,62.015694
28.081509,19.628357,44.216465
-0.618200,-27.062870,64.023712
-4.572010,13.477959,59.166332
33.152840,-23.510082,50.859009
13.837102,-35.731636,57.170166
5.133978,24.850710,41.339462
-9.282300,-23.204275,52.283833
16.229736,-30.894194,63.684044
6.826235,27.664791,41.587311
31.358297,-20.843596,52.589386
-10.795866,-17.435184,62.722702
-11.595951,-1.948751,49.204056
-11.448467,-5.959924,53.335911
-13.550437,7.821899,30.810776
3.657008,29.064640,59.822655
-3.204513,29.617472,28.262793
-0.758516,-25.454525,26.412252
12.486510,23.537762,58.049862
-15.952324,-12.099811,57.495834
2.917315,24.743938,30.547342
-22.961473,-16.349005,20.935997
-2.751426,25.276878,54.652222
37.154770,-14.010561,52.030006
-49.601547,1.100667,43.799606
-15.331560,-13.955226,61.453789
-17.608963,-14.858393,64.845230
-11.828168,15.617241,11.719199
29.357262,19.506006,60.233196
-13.659955,22.961174,13.145166
2.066122,19.480949,54.070538
-6.151728,-23.847504,57.808666
-9.117316,-25.891537,34.103416
-12.616841,-44.425877,61.056919
13.836571,19.941164,29.933340
13.265492,21.860117,37.535034
-9.799323,-23.807926,24.257828
-50.137653,14.696377,52.991364
34.203640,18.229033,57.698349
-2.399134,23.301918,62.979439
-5.446856,-37.079853,59.700680
-12.124523,2.379736,55.146729
-22.382856,39.484531,51.003483
2.372995,-30.754913,43.288475
4.236901,23.562510,29.539358
-15.016152,-3.997980,12.441234
-13.615624,5.971870,10.947724
-10.264572,-29.618567,37.177212
34.634514,6.255764,46.251766
0.386575,23.357435,49.717419
27.759092,-11.655756,28.915796
-21.948046,-12.043097,18.113066
3.829451,-25.913244,22.316597
-1.110865,35.142132,56.325188
23.294949,-13.783745,24.767326
18.246487,18.547941,31.236910
20.069946,-9.043129,14.568614
-10.123287,-3.405457,12.798237
-12.052869,2.599175,10.631084
38.047348,-6.367281,40.036942
-11.355809,-21.730352,25.205679
-0.195639,-35.008236,57.698563
28.397358,-14.058151,32.049801
17.556601,-9.219773,9.749889
29.783413,-24.316774,49.423225
-18.443899,-13.346642,43.731449
-17.830702,8.031137,11.500416
29.516861,-26.692900,63.501427
-11.755588,-4.365917,49.793678
-50.338631,5.522149,50.729809
11.450696,16.831161,28.704760
-10.216624,7.475836,37.158684
0.068335,-24.633081,19.314098
38.349831,-5.582070,52.420280
29.431316,-22.408287,57.784443
16.599577,19.555147,42.133484
-2.911632,21.086622,50.567657
-12.491725,-17.475674,20.454994
15.436349,28.189678,65.363724
24.437298,-14.302845,30.437893
-36.330791,36.947887,48.825287
40.091846,-4.758399,52.627655
-3.521892,-3.808955,5.608680
4.126929,19.633053,14.262489
-16.874130,-17.075548,56.184963
-22.941292,-36.731327,44.144253
18.077978,15.754891,34.253445
-13.829894,7.347567,35.562714
-18.096413,-6.236350,60.268093
-12.667322,8.414161,34.291782
-4.597989,26.317532,32.282475
-12.633345,-27.229630,26.901960
-13.112518,-27.007273,39.199940
14.068153,17.938732,19.269930
10.225451,-37.393982,63.792007
-11.448200,-27.420006,40.834309
-4.588170,20.945847,27.854557
-5.112401,-31.500641,36.994614
3.360186,-39.818012,61.009869
30.466236,-28.354677,62.510273
25.341482,-31.852814,58.662228
11.731400,16.015579,22.815073
25.723457,-19.882603,30.483698
0.099106,-25.437044,65.563164
28.501104,-20.196795,34.096401
-4.116499,13.928873,50.213299
22.903696,-19.525648,31.892124
22.249941,11.522027,28.636496
-7.387575,6.759709,62.282024
-8.400723,-23.625231,19.802254
28.718073,3.063237,23.576538
29.901066,16.907431,49.378925
-16.668074,7.878198,37.660618
15.042523,11.173809,9.618892
15.412225,28.652687,57.111492
14.782740,18.964022,39.167583
35.974522,-17.829990,61.207458
-15.421318,-24.478188,41.127148
-15.904770,-1.844479,20.808556
-14.326273,-0.045295,42.202869
20.349960,18.814596,44.791348
-7.794311,7.024685,5.360291
-23.042715,-0.263371,14.285409
12.497260,4.801463,6.889472
37.435638,-14.074943,44.419823
-41.517097,26.908937,37.313553
-16.853231,2.107764,51.394596
-0.909057,33.036217,55.505508
-19.788179,-20.980778,22.157328
-6.823985,-30.018135,39.653622
-11.387322,-2.816548,65.704315
39.048450,7.605573,50.791431
35.600540,14.495139,64.273232
-5.554363,3.056209,3.230784
7.543160,-38.877743,65.699562
4.354533,-33.428886,56.226410
-16.833410,-16.879198,60.984020
-16.871847,-6.636563,18.258429
-12.597058,2.435786,37.145817
-31.620872,35.788685,37.666805
-16.858984,6.927063,45.084961
6.140071,-32.175186,65.277695
-1.607463,-36.195877,42.602333
-1.050592,18.572504,50.329796
6.623647,7.879332,3.348158
0.445527,23.493986,16.290531
-8.710051,5.702999,56.590260
-23.715134,-5.788403,15.960592
15.272618,-16.635395,21.106985
10.413930,23.578608,24.948179
-7.650750,-11.972309,8.994659
1.092763,-31.274681,32.801159
-7.169226,31.650923,34.360165
-16.527746,-3.740401,20.037767
25.199057,14.700218,38.406750
-5.756984,11.450772,61.545212
-17.572489,-36.608974,41.951080
22.438465,-30.512651,45.759243
-16.602715,-21.446096,28.138826
1.998851,-41.337948,56.896767
-11.839756,-29.055380,50.312756
-10.052744,6.101348,65.671616
-7.577353,8.380902,58.054630
-8.376209,-7.360467,12.543763
0.732844,19.692696,14.117757
9.047344,25.737326,52.628815
5.715901,-35.290085,45.256451
34.878246,7.503805,58.350048
10.746119,22.832024,56.895969
6.306001,25.942904,28.112568
-14.638574,-4.895840,34.387497
17.908287,22.131510,47.388783
-13.572858,-39.599674,53.750992
-3.448587,21.294025,15.158854
-7.532386,-29.983536,52.651493
2.527712,-36.736809,45.099491
8.692126,-27.371698,30.267267
23.497051,-12.189915,19.071255
21.779634,-13.826666,18.074389
-3.705716,22.145674,48.623234
-10.056265,14.781362,53.205017
30.477812,-18.334080,34.586014
29.081480,-28.764479,60.544312
-9.157876,13.780894,51.541042
36.716156,-14.196742,58.185364
35.137798,-9.906799,52.411686
27.072889,-0.114019,25.381105
-13.455194,-26.382359,32.703026
15.513504,-4.441441,9.952095
-2.132643,19.856707,65.344025
-4.334538,20.338665,21.498463
9.874022,17.325657,26.236345
27.030626,4.407649,23.242804
-4.420841,27.233173,38.329449
22.654583,-28.511890,45.771645
1.070260,18.691017,12.604476
16.765419,-30.538342,43.802780
8.905273,-0.798336,2.801395
-18.639765,-8.218742,46.636391
17.054708,5.029869,9.235054
29.345318,11.858953,34.961395
-2.271798,-30.880461,59.746853
-47.907040,30.442808,61.270161
-17.570644,-35.766956,43.823689
26.166103,-13.840178,29.763523
-50.429436,14.931416,48.393284
17.010754,4.396166,7.385291
19.633190,-3.833348,14.764572
2.235971,-18.515282,13.838471
-15.821035,-13.611824,56.177898
2.578047,-35.435616,50.852734
5.612195,1.808306,2.538013
-10.524789,17.168186,38.491676
-3.366896,18.268955,40.679096
-9.725425,-10.959123,17.070850
3.732749,-24.090687,23.989933
4.009474,-15.508144,11.374254
-11.543702,-20.116941,47.434490
39.811607,4.482134,45.814011
-21.362295,-38.306389,46.153717
3.005480,-35.122528,53.514530
-13.324614,1.708966,17.931204
18.626362,22.897161,55.140095
21.977678,7.725602,17.842083
-40.619247,-22.206896,41.389069
15.014474,13.406524,20.966917
-12.948033,8.886848,61.077282
1.995106,28.448914,60.802803
13.342949,-19.160164,17.531771
-7.017576,11.736938,53.097115
31.574652,15.101450,60.222004
24.778236,6.536165,27.994747
14.292042,21.153894,46.986973
-0.464735,20.963497,15.093509
0.646374,-33.460560,44.281643
7.342158,-23.399868,18.665859
40.171265,-14.319404,60.496681
0.276884,-8.914748,5.618981
-11.283344,12.822743,37.820805
22.742779,15.201498,32.431641
-1.480933,23.187555,52.338676
14.733140,-8.531633,7.119397
38.587494,-16.822401,53.458416
6.229791,23.128834,36.462479
-50.805622,-4.207956,50.192085
5.577044,21.243214,56.250851
-2.702163,25.362730,42.941418
-10.124458,8.772177,53.123878
-29.406466,32.497314,26.898228
-12.052717,-5.822698,64.417961
6.360359,29.097794,62.347717
-13.616528,-9.511462,15.090949
-7.978114,-40.326206,61.787178
7.336664,-37.973507,51.756298
4.688024,-22.131573,21.009335
-15.168015,2.573542,37.392277
0.085839,21.414244,19.899143
-6.054975,-39.014767,64.427032
-11.890359,11.474405,34.730892
16.600763,-15.435166,17.357683
-16.418594,-1.267371,26.774559
38.857697,13.664205,63.922958
-10.207715,-31.485090,37.249252
2.906439,23.952232,60.440895
-12.207545,31.149830,29.363403
23.997740,-24.539936,35.072033
22.846624,-19.712688,27.404467
5.393333,-24.125246,19.976751
-15.406838,10.279300,38.885128
-9.528210,17.169575,19.356663
-9.120857,-13.990735,15.145955
-5.910114,19.179413,43.950676
-13.773217,-20.078239,23.461918
-16.580397,-13.195708,60.051872
1.247867,24.517586,26.785200
17.201422,10.836693,18.585255
1.512066,-9.725476,8.557521
-19.395645,36.364857,39.124592
0.821750,20.281235,26.524879
-5.589855,38.298019,64.872681
-11.958720,-20.422335,62.696381
36.402809,3.615360,38.761871
24.147720,14.030738,26.946583
0.157745,-36.455238,61.541172
2.097454,23.552200,17.788534
22.716797,18.583414,30.570015
27.692219,-26.526394,56.050220
-13.870363,1.936186,31.660433
-13.886769,2.361725,13.147720
-10.592868,5.353983,11.161235
31.512499,12.550282,42.147041
-13.373852,-32.962395,45.373207
-39.843269,-0.219685,29.812628
-24.747358,26.015965,16.387001
-11.180554,39.309242,65.671921
-11.356375,-17.360161,49.738590
-0.963356,27.871965,62.954361
-16.144924,-19.912048,24.871431
-16.287777,-6.445954,57.798195
0.677164,27.726774,45.731037
-14.545802,-11.722891,16.629272
20.613760,-32.202389,54.792160
-15.083861,-36.312885,41.535156
-24.270643,30.629589,19.421108
-10.343204,3.971643,62.951530
-12.098144,-25.016901,46.317314
15.449844,15.593830,14.496827
1.617512,-31.891783,59.157822
17.016459,20.994766,51.765167
-4.478246,20.951904,59.614697
-13.946773,30.183701,19.793308
38.720032,9.529141,51.752316
-2.487208,19.116148,62.437294
19.468925,14.698070,32.712513
-15.005738,4.263049,18.510567
14.513480,29.532690,58.854404
-19.351675,-39.492989,48.658707
-13.918506,8.431202,15.295941
32.249363,-0.320614,36.319061
-9.144518,-34.658253,48.722252
-28.219931,20.447706,16.986471
-35.590946,27.742308,26.410973
-7.868905,13.631025,28.867844
-16.892851,4.381586,47.688923
32.024982,-20.028807,40.043056
-16.284723,-16.538158,49.654343
-1.817595,-35.487816,53.425751
-6.298545,28.198551,35.057243
-13.341267,-22.583527,45.701397
-2.628401,-42.146675,56.128967
-11.212320,-36.852787,52.843925
8.808043,-3.675993,3.224777
16.229628,22.655741,32.068768
-16.984467,-2.251050,38.104359
36.853779,15.627106,61.234276
-18.080191,-1.639849,28.216228
-15.351781,2.019217,48.905285
-3.046150,21.870327,52.456181
8.270105,-19.183182,14.158447
29.046909,-26.173655,47.823826
37.255814,2.465586,44.068844
-0.010142,22.053631,31.067720
-10.452525,-26.115980,46.044502
3.423243,26.505394,36.472309
20.899801,12.197666,30.536598
-9.696253,5.994622,47.283344
-4.352999,26.117773,39.929947
-1.149050,18.816542,29.932302
21.356874,-16.123186,29.607754
-12.533514,4.633219,37.204063
-0.987904,27.365662,39.626343
-0.749843,-41.184692,58.878155
5.651755,22.901423,34.664989
12.880698,13.732178,16.031683
-12.640478,0.253389,59.106510
-34.724472,3.879782,22.660339
12.932169,-13.179515,9.445754
38.861721,7.032990,59.498489
38.970722,-11.050632,50.664978
13.445107,-0.050614,7.590518
-10.282576,16.902948,17.070873
24.130674,18.615984,40.461987
41.111839,-8.502173,51.729221
-15.026038,-17.976736,44.926483
14.187058,13.365121,10.475178
1.783057,-4.173359,2.216049
-10.618383,6.583073,23.402187
28.790154,0.104764,28.828913
-15.886573,-19.844648,26.965237
-47.407257,13.707294,44.791790
-11.471211,-14.233395,52.789532
-15.017566,5.259074,48.072021
3.539703,-28.224728,36.029083
-1.223510,27.833548,32.394875
-5.570985,19.473501,47.407551
-3.799252,29.802090,34.891666
-16.799328,-27.979713,33.248692
-8.535504,12.110800,34.962612
2.047934,-29.268116,28.370949
-38.598614,12.010156,25.586855
-3.746427,16.778645,42.591358
3.969421,24.993658,58.955883
26.591623,21.068777,56.238544
35.135017,-16.994112,50.029568
35.906120,2.742717,52.416515
31.301033,21.157406,58.069889
-10.220039,-3.210959,62.493320
23.526901,-31.268007,51.273285
-19.354601,-22.226923,24.453453
16.674414,26.617327,59.096992
-5.139702,-3.355483,4.750110
-0.912261,25.694149,54.266266
15.884367,-12.292834,14.244419
-11.479647,-19.533689,59.976929
19.967566,-20.985081,29.903183
-13.875127,-5.391707,28.587931
12.054983,-35.047062,58.215546
25.378157,24.659262,63.938251
-1.478256,31.738129,58.878723
3.603271,19.511269,43.751350
-46.507839,-29.127640,58.762646
-7.714314,-34.139851,37.863323
-12.063787,-6.497307,47.738186
5.855510,27.995319,49.693123
-13.529032,28.382236,18.804802
-12.465274,-5.763367,21.194420
-41.856758,-20.564199,41.465939
22.400946,19.892250,41.822247
-1.077597,24.106514,35.743771
39.279026,1.801321,58.636929
12.303312,-29.797489,33.857529
27.043247,20.684475,46.856327
40.542458,6.264831,51.284363
-18.313467,-11.780064,65.535530
-32.745834,38.407482,53.500511
15.728403,-26.443783,31.366034
4.772741,34.499599,63.490086
17.439072,-32.390221,65.708641
27.542198,-15.671537,37.828209
-7.578009,11.899504,43.568027
-14.287107,-23.017527,24.446041
36.482258,1.274227,37.362659
29.918901,-3.855530,32.034237
-45.420605,31.352133,54.701900
-5.547622,31.110806,35.868877
-20.459518,32.599705,23.661726
-11.063676,-21.405489,22.332300
-51.072063,10.256244,47.816700
19.121279,16.523245,36.958683
27.780142,-17.001390,39.677776
30.640615,-16.017900,38.369080
26.545963,-28.409199,48.200253
-14.265407,-22.623425,21.771288
25.522236,-30.387384,52.392715
40.681904,-4.204621,55.633503
19.203596,-21.558323,25.014126
40.275078,-7.745599,49.912796
36.740292,-19.724827,52.320583
15.302802,23.646572,35.849651
-5.922194,30.887196,32.485603
42.482273,0.792685,61.140320
4.864298,28.683609,48.057720
21.996832,-24.780472,38.107090
28.160534,-24.771772,53.315716
6.066456,-14.519725,11.028255
16.520533,-34.373390,56.376350
9.314577,25.347435,29.504349
0.367612,-31.098288,62.499611
41.860821,-8.426476,59.166214
-7.687042,-28.059700,65.454170
15.420055,23.656069,33.454998
-38.507671,-38.444893,62.563473
4.745128,25.609482,43.429390
10.909600,-38.994671,65.760246
40.143425,8.206540,53.768063
32.553360,-20.316893,47.564770
8.444920,-24.019651,20.327806
23.738415,11.929829,22.840397
6.394478,32.131905,56.089027
32.849258,12.953408,57.768295
9.805535,23.667088,36.746674
-16.096941,-10.459506,13.554508
8.583129,-24.980268,22.572008
-10.250975,-7.105510,11.748304
20.106991,-35.069298,63.667442
9.023362,17.336678,23.579678
-17.237932,1.137786,39.734200
-9.907845,29.534117,22.433889
-13.060003,-6.874321,23.632742
-20.481621,-21.776321,26.507427
-7.445837,-1.162140,6.483073
-0.865272,29.582827,61.138935
-36.294415,14.325761,23.731880
-11.315918,6.723745,45.904682
6.688375,-0.057970,3.798346
26.776978,12.961656,33.509174
2.637272,34.489899,59.675957
5.768923,-3.783350,2.707234
6.085466,31.759315,65.565460
16.801912,-24.818533,30.400679
-9.397294,10.245021,51.677971
1.044465,20.835737,53.310360
35.449837,6.709579,61.287510
-0.936139,23.242151,21.911232
-3.256203,-38.689213,57.195282
-17.351938,-25.248348,31.945730
-11.161134,9.797009,41.815792
-0.931146,28.480995,47.249580
-15.003827,-28.453444,29.943098
15.571459,14.282820,24.626793
-11.676750,3.480650,40.694969
7.251663,-10.013598,9.487457
29.834021,-7.101433,32.404274
-49.431122,8.646940,48.183498
9.335744,-39.963966,58.454491
13.716804,19.805365,20.336767
23.015739,17.824738,45.238457
23.975817,-1.268154,20.931047
-50.008640,22.576103,51.739693
-8.191730,16.635925,43.537525
-11.074735,-3.076256,52.084465
-10.082001,-3.328536,60.564087
-8.071936,9.552603,47.246571
-13.335405,-20.941835,39.198895
-8.910913,1.969072,7.389536
-6.049296,16.680389,44.519810
-11.691777,1.949875,59.625813
27.105883,15.155242,32.856926
3.541145,20.175707,55.572548
7.673181,29.288069,60.605839
-21.552582,27.218843,16.240360
-1.461237,19.735851,43.712479
24.585588,22.428106,52.564384
0.559511,18.264561,54.891857
-6.416151,-39.369205,58.825855
-10.889545,-20.781576,56.116245
-4.042991,31.407511,40.583786
35.607552,8.520388,40.798447
5.628278,-33.106331,51.096313
25.485756,-22.045626,39.047043
4.737078,19.048975,45.492805
5.683078,19.799376,41.645329
-15.345922,-27.935051,36.557320
-11.594930,11.971160,13.240664
-7.886940,-24.222122,27.852728
37.831772,-15.340788,46.237541
-17.163269,-13.594493,25.238914
17.386135,12.775700,19.727297
41.092861,-1.402020,47.331226
32.068726,11.021335,45.920341
-6.930283,-34.031830,62.812469
-15.337411,9.465944,36.792431
-14.807891,-38.044796,43.967663
-18.255360,-6.174591,50.915398
15.540391,22.687166,40.386066
21.301046,-25.819311,39.656601
9.501994,26.131159,36.499973
-1.309032,29.042772,55.818420
4.222800,27.635931,46.756611
5.863469,-35.026100,58.855267
10.970770,5.703438,5.856246
30.582861,-25.053766,62.618690
-11.422986,15.911459,39.588547
-8.936864,11.953223,50.663158
24.592543,-32.537083,60.524929
-10.266534,10.374743,59.932034
18.834335,-20.294672,26.460022
-7.609037,17.234144,61.839813
1.545816,-35.250969,49.026318
-6.612506,21.130079,24.366245
23.119499,22.640434,53.780399
-2.574185,20.411083,45.255920
-20.149469,26.232328,15.157055
2.236570,20.138441,33.771278
-9.334640,33.444344,41.959507
-10.379976,-30.233709,53.389900
-16.916468,-28.717699,30.012693
-53.408131,1.590113,57.995621
-13.360404,-5.889011,15.737466
-30.614746,23.401539,19.144640
-12.467938,4.145265,45.636383
-13.813055,-8.346513,61.360306
-37.008114,-34.419132,51.268452
-10.449286,15.245101,43.148159
3.618580,28.633259,51.550385
-24.777555,-26.357700,31.396538
-14.138994,-20.286573,28.089947
-18.060741,-15.924908,52.784672
-1.631754,15.663594,7.723778
-0.335742,-10.723012,4.762155
-36.399509,9.486372,23.087566
-9.926034,6.596828,44.210476
-12.437205,36.549175,48.324997
-2.275973,30.231955,35.983540
15.201050,14.534049,18.706959
33.405483,6.616902,42.442043
36.051811,16.705738,58.610260
0.577922,28.400557,41.947361
-37.480957,7.340060,24.496593
-10.349252,4.781618,45.421234
-16.053602,-37.147678,42.895832
-10.229448,7.869194,51.397202
-6.473480,17.254738,64.113258
-6.580624,19.603865,58.644733
-1.569683,-8.807904,7.933045
-3.536791,-9.154569,9.117151
-7.407208,-38.233707,54.480804
-8.682189,3.215748,60.856300
32.679150,-20.337345,50.119217
-15.588001,-4.321756,58.252693
34.526066,8.816282,61.226841
27.894098,-6.540877,28.991327
32.864532,-12.866957,35.676838
-16.128439,-9.045580,43.711830
-10.955773,9.731002,33.656605
7.304391,-33.964069,55.349155
11.685119,-21.953884,22.668034
-9.996473,15.364053,14.966531
-9.373977,-28.532690,42.258114
-5.692753,-34.491177,56.239090
5.430348,-6.353639,5.921869
0.304969,28.572037,34.678619
-2.935682,-34.296741,62.644032
10.102427,32.232395,63.407070
-37.627441,-2.160488,27.288700
33.076237,19.014347,65.570404
11.056761,-34.943466,55.224495
-36.589157,-0.630010,25.760569
6.380479,-39.038700,62.407967
-15.614880,-20.927877,22.444056
-17.314775,4.187585,27.971277
-7.431109,-39.403381,49.078358
20.082247,20.066349,34.114994
7.905658,-12.016565,9.864713
23.084717,-22.877073,36.953239
24.748257,19.003527,34.992893
-14.032786,-1.771653,54.964512
30.941692,-23.117910,51.492611
4.458356,-38.538509,62.102982
-25.470650,-20.912889,25.920542
-13.235486,29.225025,22.386965
-35.120491,-8.198551,26.865345
26.072399,20.439041,41.286674
37.499809,8.085241,60.192863
1.394599,18.144678,45.237423
-36.231098,25.856033,27.364485
-3.792318,2.463125,2.322428
-14.224143,10.070165,55.578491
-0.962283,1.481340,2.060469
-10.672345,-14.210265,57.326050
-15.185061,-1.438262,49.171619
37.546703,-1.842144,40.059479
-12.216485,4.218618,23.509882
6.189306,-15.290939,13.836168
36.882618,-20.321440,56.618977
-11.278552,-17.129723,19.012867
-52.897739,13.316440,55.067692
-11.691710,11.673577,29.295965
-8.695560,-12.102044,12.753431
28.882227,-8.508249,28.005636
5.033953,-29.924316,62.143826
-11.437566,11.706223,58.732487
17.761194,22.821484,41.733017
-6.695102,16.451084,50.737076
-3.246535,26.887163,46.957153
-11.654059,-7.463667,55.406158
-9.863587,-10.318611,11.643817
-15.383871,-22.930809,46.275883
-0.367588,24.459118,47.631046
-13.224911,-24.785719,22.614756
36.570686,12.852075,59.387302
-3.334309,-42.215073,65.508484
25.210869,-31.543682,55.109615
-13.884734,3.922498,52.438862
8.621097,21.808336,52.686840
16.765114,9.711367,10.689813
35.116844,-5.489799,47.579567
1.895564,25.209034,54.468510
-1.296338,21.474180,58.864147
-13.964785,-2.607900,51.874737
13.681146,-17.955545,21.128412
-16.949783,-26.865116,37.705654
24.170677,13.981906,31.971441
12.763812,4.853298,4.787767
-8.093390,15.638417,40.788811
-20.675301,4.348223,12.773558
1.476797,30.452730,62.517437
37.839146,-12.317765,58.556221
32.174030,-25.478180,61.494373
-5.306144,13.492409,52.896008
-28.240547,0.143785,17.703253
-4.748743,26.154417,21.398287
-16.747179,38.711731,53.031334
2.188753,-23.294603,17.590508
-0.905670,17.312963,44.467537
-12.191968,-6.059133,61.204201
25.808952,2.298614,19.477114
20.461187,4.186048,16.984625
2.268342,-30.989878,64.475792
-5.806776,-22.333271,17.823847
-12.710928,-18.270357,28.935541
24.475584,-26.788687,43.851418
-3.854983,23.600641,56.890099
-17.034653,-13.688282,32.233643
24.559078,-27.593475,61.281105
-14.428122,-21.243448,34.745495
13.624440,18.636858,37.558350
-8.809145,-22.716028,27.025379
18.403284,12.432443,22.390692
35.469055,14.255468,61.790661
-15.014421,2.393538,26.029676
-16.989294,27.269444,15.676151
0.357305,16.840336,10.842635
38.455212,-4.072503,55.713390
-14.217985,1.615974,56.040016
16.217043,-13.439261,11.338532
-9.403916,17.011164,52.096428
-9.839437,-36.807529,42.833263
-7.523139,11.618331,10.869946
3.843882,23.798653,50.054947
-9.345171,31.569231,29.062464
-16.839924,-16.205582,27.009436
-9.485065,-12.391805,10.489077
-15.306643,8.377611,25.792765
7.200586,-30.752314,64.910011
1.047814,-27.792990,33.032990
25.950899,22.330540,58.646122
-8.627169,31.658255,39.949871
36.486538,-15.334001,56.404968
3.879491,23.993906,53.742947
-17.549713,4.733579,31.165709
-10.365767,-24.663940,65.754448
-16.520239,-17.216946,24.587494
31.994431,-22.957832,47.598812
-14.226228,-2.831995,40.896381
25.479294,19.477194,48.340187
-12.360771,-4.439818,65.673386
-7.531772,35.686707,51.056774
20.697868,-17.794729,26.247820
-6.586426,28.860489,38.562260
-10.213057,8.801272,62.494793
1.127474,-28.022453,34.982929
-4.613028,21.710213,31.365835
27.516027,22.507143,53.108459
10.939138,27.927654,57.776020
3.082944,-32.638317,54.254047
-7.260834,-24.330271,59.956558
-10.969627,10.732132,54.208752
-42.542473,-3.468024,33.567165
-9.866108,17.752377,40.895496
36.185310,-0.495616,54.293331
-8.662219,27.337999,30.280748
1.572160,26.090208,40.900475
7.484766,-20.829851,17.213156
-7.058937,-36.815552,42.696838
-6.694944,4.950643,4.356425
3.891800,-20.792629,18.764194
-11.066368,-19.258816,49.232189
-2.605398,-15.970224,12.759419
-16.790844,-5.830081,33.916496
18.359867,-25.915545,41.440426
-8.032110,-20.858664,65.700584
30.539442,-24.627407,65.765144
18.302805,7.703714,9.920655
-9.282900,-2.854427,10.284471
-1.449063,17.655254,48.245724
0.236111,26.528841,55.640537
21.214090,24.417948,57.708076
13.122950,-34.272377,46.535805
-46.797092,4.772806,38.116146
-1.586896,-33.837345,42.589870
-9.657790,8.083228,57.852856
-0.187456,19.907246,18.097651
14.274755,23.844406,58.775249
3.935216,22.969439,32.682480
-5.446076,-35.366676,53.839596
7.761590,-21.276142,21.039288
26.413040,-31.176661,65.823586
4.944096,27.310110,33.700336
29.889536,13.933733,46.022354
-2.383343,-37.332729,54.979713
18.840122,16.769346,21.465418
18.952833,13.410213,16.571333
-37.901775,-28.396601,43.990231
-7.838637,11.018044,14.900702
16.050661,16.800459,27.833260
8.930976,26.902334,56.634468
35.249138,-5.788428,35.421059
8.684942,-39.682064,62.129086
17.148142,-27.765539,39.425117
6.743869,22.197208,27.179829
-13.244906,7.701248,22.943081
-4.089674,-15.416843,14.387849
-13.533905,-1.492227,27.571596
7.736622,-16.358679,11.140258
33.869831,7.125707,35.430435
-1.097928,-6.385600,5.106558
-5.653319,-29.232555,43.809681
-7.066454,-32.475876,36.883137
9.777567,26.197271,58.576458
31.737440,-18.372385,52.127602
-6.419140,-43.963116,62.100231
-10.551477,10.393859,65.602837
8.192238,22.461388,36.180977
11.094044,-17.104841,14.872084
33.333729,11.272643,58.807560
-4.415060,-31.875805,42.067463
28.426598,-22.735258,46.469193
-17.958841,-16.138329,54.908443
-7.917772,14.778918,21.007593
23.504526,-15.206763,21.558367
12.825784,-23.515310,30.267263
38.004856,-8.776046,41.144852
-11.214839,-21.039446,54.330105
-9.670492,2.525707,9.286311
32.078163,-15.299459,37.416931
27.054995,19.405361,45.637211
-5.609848,-22.505722,64.676109
-10.053090,-28.192282,56.805908
-0.237408,20.144638,55.006092
-17.423990,-13.463346,15.897135
-9.559750,-1.201781,62.122658
37.062805,4.688118,65.687805
-7.133483,8.424330,60.546791
-19.009462,-6.048833,42.971127
40.891029,8.180445,58.836365
-12.790466,-25.042616,26.956696
-0.936714,-18.236343,13.736394
20.174856,4.045135,11.909708
7.195778,-37.444794,49.742012
-15.641404,-4.386772,61.548325
-16.965853,-5.210600,23.584661
-3.966047,-30.114618,65.105789
-0.362590,-34.958744,46.030437
14.632186,22.194504,30.047382
19.731144,7.415007,13.585390
-6.795897,29.073860,29.285978
2.129615,-36.754482,60.314236
22.909630,25.486481,59.811249
-18.627018,-9.722948,45.315491
6.383607,-28.997261,39.471863
-4.525330,20.247185,32.829166
-14.172552,-10.510110,41.033180
-13.847083,-19.390863,34.307503
-9.320880,14.200728,30.484592
-15.277291,4.287658,38.304047
38.218426,-7.483406,59.770668
7.384447,-34.350800,41.824463
9.743459,-35.707050,58.963039
38.018738,-7.428446,52.794430
40.602474,-2.029014,51.248081
-6.689495,13.022610,54.309872
22.344486,-19.993429,25.548790
0.263416,25.420664,19.039948
27.997923,-0.026083,22.568544
-13.699216,4.979345,24.837305
22.985744,-0.681995,14.379798
-2.110518,25.279097,59.043941
23.962868,23.561642,62.734180
26.945105,-15.308464,35.722836
21.030914,19.892403,49.177490
20.093393,13.378401,24.995024
-4.801260,-42.498219,57.399345
-6.971108,22.441313,30.345737
-0.025128,19.685917,39.907028
34.338112,-0.429025,41.576942
0.195304,21.291252,43.167297
0.304959,-33.231258,42.319248
-5.824327,16.649673,19.092505
-10.169617,-27.574156,34.590172
-26.978714,-35.926243,44.766762
21.433727,2.396632,12.295641
24.749538,8.782021,25.555780
-9.505888,14.177261,37.400021
-6.043772,19.396641,41.423283
14.045853,14.968788,22.360651
21.735262,13.444668,21.303236
1.251072,30.053249,48.559135
-15.883893,0.749065,38.166962
-6.715637,-35.022907,41.453026
6.444048,27.615192,58.120136
24.752417,20.733730,57.310101
-15.357329,-9.818250,11.922750
-15.128583,-0.851273,32.925224
34.833160,7.860210,42.395401
-16.828369,4.633965,51.353889
6.680923,22.355434,58.156990
22.706842,22.457624,61.849579
-12.878945,11.976256,47.001045
-5.790201,15.764828,53.215706
-45.699497,33.478622,58.728374
-16.677092,-3.202109,10.721691
8.549253,-38.203892,63.307137
22.756472,23.010391,44.795612
11.916760,-37.063038,55.538925
-4.967653,-29.140345,55.532467
28.065428,10.074669,33.691830
7.524747,19.958183,49.411224
2.949515,18.153557,13.673970
5.131924,29.093775,58.580719
33.804871,-15.549895,57.018166
-12.813418,21.289282,12.353569
-12.008756,-12.609257,62.928471
-17.878241,-3.882612,29.339853
-7.635955,-32.452560,42.736053
-3.679368,30.508606,33.234932
-17.160227,-19.551657,48.525265
-6.081142,20.329168,30.387754
-10.341127,-8.559341,13.034054
-12.347713,-24.436556,59.096951
-3.429602,-23.615093,22.320969
18.502750,-8.497547,15.029266
-4.161631,-27.700981,56.990616
-17.318605,-10.408166,57.861004
39.004757,-8.013178,47.231461
21.481995,-24.960192,42.389332
7.182520,-13.645944,12.455093
-16.165611,-25.362318,28.017324
6.489197,-35.985241,55.026703
-11.224949,-28.677795,33.130024
37.603695,2.655336,63.314835
21.873266,3.928036,14.063334
-13.419722,10.915528,57.238071
-4.629612,14.891144,43.741779
24.999659,-12.268147,21.267485
-16.419359,-18.517591,59.998894
3.202393,25.261219,62.060417
37.802334,-14.683808,55.162209
-11.279325,-23.857336,53.454823
21.693762,-20.511396,30.704456
-41.118885,21.113407,31.626541
30.112087,2.209461,33.025520
-11.973183,-14.819596,12.564664
1.131581,-36.262188,52.161495
0.774309,23.652466,61.267612
19.914217,-27.917393,48.763622
3.995646,-32.554073,49.708523
-16.827961,-17.258305,33.319771
-1.922876,20.840233,28.239021
12.055108,15.124436,12.867498
-9.711642,-27.316990,51.075687
17.812231,-13.361651,17.043568
26.055140,4.082179,19.876701
9.570391,-35.928150,52.022877
1.675300,-12.072315,5.624384
-16.790337,-31.926769,40.544327
-16.669785,-32.004669,35.620430
27.173090,15.160104,43.121296
-8.517109,-29.510376,38.427368
-14.623523,-3.535481,19.312033
0.143067,17.307980,51.120697
4.092229,19.864525,53.539364
-19.000471,-25.322098,32.923038
13.790856,-31.606339,52.798126
-18.345078,-10.306606,53.408886
23.408779,13.569256,24.264952
34.057537,-10.106363,35.270775
-2.587255,28.508347,33.808945
-1.819264,25.446024,48.600990
-12.459128,-6.251195,13.918229
-3.280484,18.758863,60.145103
11.054555,-25.795763,27.827126
-14.765952,-12.794332,13.302826
-16.294371,-3.774477,13.813877
28.817841,-5.186177,30.550163
23.979624,10.348067,24.136507
2.286265,30.837807,65.534721
42.593613,-5.815927,61.383461
-6.368605,-40.527740,65.531319
-1.624499,30.197199,38.996925
-46.945423,0.298219,39.209003
-0.410298,-32.892979,51.306190
-3.062686,24.393921,38.134270
31.398146,-16.498550,34.080666
8.143979,27.218094,51.483459
-13.101865,-13.921701,54.375469
-11.583406,21.359879,13.885879
-18.006651,4.808886,41.078308
-10.046603,-20.003819,24.064289
-7.415049,10.325191,62.718143
17.078495,23.696806,46.002659
-9.078325,38.834995,61.607327
-7.247103,-35.376579,50.850159
-15.143461,-29.121311,34.088829
-7.425423,13.104867,19.857691
-51.199486,13.492286,49.350529
18.601561,22.507174,36.341881
11.524914,21.988516,54.276844
-11.179780,-35.953808,49.404907
1.110839,23.632788,48.130836
14.808674,-27.991879,32.160324
-11.969620,-24.285385,50.509483
12.293842,-35.494919,49.409443
-9.848357,4.660061,9.276861
-12.236423,17.705069,11.326741
24.964111,-27.217360,48.403484
-8.962852,-15.986337,63.502365
21.891079,14.764929,23.320044
9.564932,20.784790,49.620407
3.673876,-4.610969,2.447417
-3.889618,14.052083,47.659546
8.884613,23.442484,58.532814
-14.580901,-9.267811,53.412525
-7.344906,15.950799,54.376259
5.075922,22.316235,59.815243
-8.283242,4.054821,4.459731
36.818413,-6.107161,46.970936
-52.205254,24.945971,63.079094
13.765875,-7.585849,9.376557
6.996318,25.273590,52.076485
-11.720043,-32.010242,48.319500
-12.455934,-23.093361,22.326813
21.933928,13.160573,29.379263
-16.834549,-1.008014,54.533268
3.050315,-39.834270,57.234066
-5.671742,-39.953377,48.852436
-15.777195,26.020544,14.764317
34.568806,-7.769489,40.157700
-11.510262,-15.909768,60.640518
-6.703606,17.873047,37.405682
-52.984386,7.289507,54.865337
-11.384132,-24.992104,41.027264
-18.828901,3.523884,13.367118
3.433123,-35.022755,61.050980
-8.212624,-14.035822,10.361796
27.768969,-0.936169,27.159748
-14.168178,7.939561,17.671810
2.620751,20.934896,18.044727
-57.297970,-4.351205,65.848671
37.543549,5.361279,40.811073
-15.514145,4.322222,36.189072
9.401838,19.567101,26.708780
19.257528,-30.278730,57.844353
-11.087412,-21.960741,18.732363
31.750210,22.260014,63.714893
3.970438,-8.875183,5.540878
-1.778375,18.689137,35.889156
-2.370717,-1.485831,2.421345
0.012105,-13.030931,9.667825
1.620542,18.856575,57.902477
21.974981,5.904498,15.459582
-6.420786,20.657354,12.174838
20.092445,23.958975,43.217251
-12.320319,-0.141766,41.723759
41.357986,5.149531,57.534615
-9.216535,14.948255,54.775158
-13.453388,2.615970,46.334080
-9.106421,-30.484669,49.555134
36.551533,3.267307,50.710556
-5.448491,11.524981,65.499260
-15.243054,-4.923743,42.018780
-16.764391,-13.977112,53.397827
8.568835,-27.207769,35.544205
-0.087424,17.537228,46.625668
22.340515,-26.640099,48.923141
-3.819911,17.406895,62.010509
-49.311031,4.982226,43.005344
-6.070126,-15.501573,13.794796
20.412460,-27.245392,46.464016
33.180748,-2.414125,37.101608
-13.507936,-4.765135,49.403297
16.504444,-23.806267,25.722315
39.672825,-8.198841,58.193817
-13.195050,-9.439202,10.329520
30.043556,-21.357162,44.293156
-16.036903,2.595525,44.628628
15.368190,2.882267,9.254691
-3.804048,-36.471481,42.015396
-10.839718,-32.786739,49.965359
34.581123,-7.801725,45.408623
8.710609,23.527899,60.619064
18.602928,18.819906,37.188595
35.474987,-3.116227,48.237617
13.782537,25.862305,43.587669
12.687907,25.087610,35.888489
-9.251390,-17.893030,19.026987
21.106348,-4.402339,17.339682
20.710211,15.121490,21.731075
12.353918,14.377992,17.977928
-35.312378,38.992310,60.559837
7.862084,-15.799991,14.547245
-12.297465,-13.028769,49.990421
-11.026145,-30.492052,49.301117
8.049033,25.221441,59.442284
10.702932,21.998837,37.734722
7.676317,-38.314804,61.045036
9.075217,-33.251801,57.647758
9.188265,-33.775738,63.581371
21.537331,24.083376,55.666325
22.761841,-33.234344,59.360367
18.032143,15.754251,18.902500
2.058202,-32.571808,50.637878
12.882103,-16.515940,17.855505
-11.611995,-23.841745,62.755554
-38.499363,23.694519,29.164375
-3.135276,-41.525436,53.601879
40.573963,2.082598,47.734371
-5.295909,-29.664471,51.026279
17.763443,-32.567059,52.343918
-17.595896,3.145549,11.047871
-15.109159,6.913278,23.091101
26.254662,16.136732,44.933029
-0.459998,18.903183,28.106451
-16.222593,5.585574,26.254528
15.971894,17.979132,19.482273
38.348991,11.706175,52.212711
-3.522008,-10.114721,10.910830
19.150885,-16.594368,26.230145
-15.099747,-11.846517,28.398630
-10.992590,-31.743219,41.706703
-11.358920,-4.866386,9.262447
-9.569172,-15.301782,20.320961
0.884024,26.297079,48.249676
-17.319662,1.013412,10.972743
-14.696995,2.749712,51.314522
-10.142219,-35.007877,52.828789
-2.262521,24.285479,29.994684
27.438047,16.677572,49.224327
-8.477483,-12.628677,16.496817
7.664577,23.404440,54.858795
15.868518,5.700590,11.844053
27.873106,-4.123535,24.578953
-4.228071,22.419428,41.866299
9.276033,-37.435654,58.589760
-11.434324,3.626315,9.161672
-10.904566,7.748604,25.072441
4.760316,-29.710663,36.515141
13.791388,2.055089,7.712915
-12.020032,-8.410561,49.900063
-3.758169,16.824659,18.526560
-16.307114,6.042821,37.300465
25.693825,-21.977982,32.833210
-15.323047,5.881622,42.218754
-12.846491,-32.451267,39.224800
-1.449678,16.499155,55.766663
-14.374137,4.479976,63.635921
-15.878819,-13.018369,47.015457
-12.253043,-14.387880,47.548717
-15.810536,2.641730,34.862213
11.204350,9.980711,8.129300
-5.372261,19.326321,34.524479
-5.300603,16.269005,54.934212
-2.928836,-35.251579,55.276562
35.001324,-1.692712,35.930531
15.064099,-31.426287,44.417194
9.093904,27.755140,63.788441
3.917267,-31.736620,57.923077
-15.240526,-5.938300,19.918058
-46.743107,-12.135518,44.151466
31.108044,15.404090,65.547966
-9.235771,21.742235,20.407579
16.295673,20.613333,37.663193
35.286457,6.722777,65.531319
38.758175,11.667095,56.459442
-3.232646,18.348505,9.983562
7.802158,24.860432,39.376770
-42.172035,-23.919136,44.606258
-11.032647,15.721617,51.532818
-17.049078,-15.403938,20.306494
3.051039,18.279240,19.432913
-0.080549,23.978281,51.406277
-12.515902,-9.457089,51.588276
-12.073526,6.741927,49.815605
25.735529,14.778371,40.384525
-11.782327,-16.748663,24.113861
-19.019636,-9.079600,17.695911
-11.697146,5.370930,35.599102
-14.320831,33.980167,35.090687
11.586753,20.850698,20.139076
7.284317,26.697247,61.767429
-50.233047,3.168665,44.959595
-17.422337,6.564101,39.046432
37.705921,-0.838758,46.877300
-1.976883,26.979156,58.113518
4.942776,21.968464,61.699825
-10.935794,-31.933475,33.773125
-11.696177,10.290100,36.436512
-14.733664,-21.795837,59.065754
3.103256,22.516790,45.543442
-9.705320,9.190584,11.810096
-5.338431,-31.939899,45.185120
-12.834840,-30.832932,35.656418
8.870697,-18.899384,18.132563
-41.128983,-18.335070,39.141296
41.903408,-7.598997,63.635681
15.406090,21.206713,26.363033
-48.510292,-26.606537,61.350094
-23.951517,41.460754,65.579536
6.861079,18.037073,11.430209
17.141562,-24.075172,32.104656
8.516342,-35.167679,44.765881
2.886096,-16.158468,9.462546
5.672898,-35.919743,63.381527
36.402153,-12.567106,50.520760
-46.921535,-15.146935,46.508305
-1.399783,-33.412479,63.312996
-14.656324,-10.215640,60.398537
-2.060795,18.180538,17.576397
-1.990641,20.749617,23.938862
-25.699596,-29.248816,34.879631
-22.315262,-29.549393,35.114868
12.600568,6.850155,7.911656
19.720753,2.092816,10.423617
-2.058662,-31.097662,52.550129
21.440739,-12.057283,16.374184
21.172007,1.760085,14.489842
31.443296,-9.094831,39.047005
-12.110405,11.013560,31.523649
4.288472,-37.643955,55.369965
21.936167,23.821758,60.513802
-13.160613,-28.399597,33.936852
-12.569467,4.688617,16.070354
-17.424711,-6.001306,29.790119
-6.075120,22.914492,32.111710
30.162539,6.397559,28.445993
-7.199867,14.132204,24.134214
-11.664681,-16.191792,16.861950
13.739602,12.189499,8.340949
25.393913,6.062816,19.983740
32.658710,-14.341833,45.215458
6.348250,22.070190,21.657055
-14.233928,-30.321663,31.769730
-17.575335,5.405227,45.956562
16.688368,-19.059017,21.459728
-7.818200,-28.437799,48.304405
-16.929743,-28.517202,38.801331
0.917705,21.245373,45.186924
22.739321,20.717024,53.972672
-11.458820,-3.730137,54.466808
0.476244,21.947149,35.997593
-15.416479,-13.409152,49.120277
12.196068,16.178516,25.699299
16.452749,22.194792,43.484478
-14.442193,-18.455706,21.531572
-12.820856,-27.879597,47.085739
22.145426,18.041243,39.623661
-18.886150,-26.566210,31.154497
-6.789209,21.654844,26.464819
-4.964918,-5.131436,3.075697
-42.371098,16.423450,30.353449
-5.018112,-21.268703,19.394444
-5.624053,-33.464527,65.412109
32.707012,-3.909647,38.022499
10.093394,-35.025421,61.898537
21.409969,-22.766438,39.048740
0.232254,-5.235923,5.647060
11.489753,-34.492210,63.194748
9.184896,29.936506,54.011543
15.172422,-32.302826,49.513180
-12.395294,-19.752878,17.173248
1.685053,-37.966141,52.147606
-3.666508,-38.472141,61.762100
-2.017281,17.781874,21.248566
-13.239541,6.733212,27.245052
39.355598,-1.743273,46.518192
35.125614,-14.606782,40.670509
21.052509,-32.684959,58.101765
-0.940235,21.137283,25.507732
-1.639161,-38.631069,53.394943
-17.841011,-3.316923,32.073944
37.115528,-4.341271,65.748375
8.060720,19.932125,34.982914
12.163793,-15.296962,16.315226
24.890831,-17.327829,30.371449
7.039184,22.736822,60.026825
-10.722371,1.224378,50.797211
-3.778736,-35.483097,52.363144
8.207718,25.455481,57.586655
5.780686,-34.020557,46.643871
3.610646,-12.650619,6.578963
-26.144089,-34.852303,42.577919
-1.674277,-34.831970,51.208538
-11.305325,9.433653,10.792679
15.043665,5.200357,9.725071
3.395235,18.980722,23.695154
21.805166,-32.041569,50.288139
42.090378,0.843802,53.852715
28.253748,16.190054,36.639427
-16.354937,1.598347,59.478249
-9.670475,14.120212,34.767132
6.532427,14.439631,6.993922
-11.288564,-23.273346,45.202362
15.385971,14.442112,11.946039
-10.861062,-21.345242,49.710060
5.115311,20.741287,48.865490
3.890749,-41.615337,62.304195
37.094601,-2.424536,63.240349
-38.446243,-31.540989,48.758030
-2.217269,-33.445248,60.899590
-5.000792,23.103138,34.540291
-6.743895,-37.111088,62.111877
32.433849,11.274964,48.368141
-6.369705,15.700817,42.385284
-5.893005,20.391851,39.420033
28.638279,-2.386303,23.612570
-1.109828,27.331551,34.253849
-4.050640,-30.346615,60.810040
-15.357619,-8.413648,51.976746
-16.391241,4.241452,11.715842
31.784943,0.563554,33.894257
-11.685896,4.659943,13.383540
-14.634179,-8.643320,18.598347
-1.502636,22.909269,56.370415
6.490294,-23.203129,21.627602
9.166016,16.432217,16.376381
-13.597245,-6.617583,55.284943
7.253728,-34.920795,52.651794
5.776197,14.431828,9.829603
8.711280,31.879564,59.179329
13.699257,-11.597610,8.707433
28.205442,-10.513216,24.456585
18.761957,2.556132,8.729032
-8.744244,-28.950441,45.619846
-13.052830,-19.799250,54.548016
22.821850,-31.907797,63.173904
-15.365123,-14.387340,14.096824
-11.236382,12.133036,8.958595
1.967380,24.928312,42.574596
26.073122,21.314754,44.707077
-11.355047,12.269905,48.754620
-1.377826,22.992613,45.661015
-46.549915,10.542350,41.496307
40.632648,-12.796088,65.791145
-1.857673,27.321621,54.952301
-3.285497,-28.907328,39.431786
-17.421711,0.437302,49.896248
-7.183285,-32.222549,62.327801
35.353104,12.064933,58.035366
30.723450,14.978048,47.582767
2.944365,-16.468943,14.087162
-2.259750,18.359390,23.596029
8.709692,-33.631733,61.668110
-18.490570,-3.219938,14.058467
-20.490181,2.272660,12.918494
12.915446,26.264284,52.824268
-12.957530,-0.934246,13.315401
-13.302679,-6.152765,52.526085
15.080095,-32.095730,57.642254
-35.214642,24.392656,24.755411
-15.290261,-17.218363,16.474461
-2.802454,-5.770257,6.432207
26.190331,7.078399,25.824972
-3.502974,17.982086,49.044342
-10.674183,10.057689,13.510259
-2.297037,19.896713,20.966064
21.421379,20.538942,51.209831
21.460674,11.193049,17.915667
-9.712374,-5.048204,61.123779
-6.008112,-26.862705,65.562820
-38.241032,-6.517422,29.637260
-21.344795,-23.591211,26.146061
-0.132024,-29.069641,59.644676
26.581732,24.734373,60.044704
38.886185,-9.208195,53.894047
-5.232348,17.976759,25.498833
-3.363631,-19.004688,14.750786
5.047593,-17.196527,13.998005
29.202742,17.710924,60.941921
-0.742518,19.320757,45.670513
30.779539,3.326353,30.769882
24.570602,2.923733,17.578487
30.020039,-16.713598,32.491024
-8.748071,-30.085876,59.066578
-15.474638,-12.102336,61.163219
4.123375,-30.246775,63.965889
-0.855898,-36.701675,51.593384
25.506435,24.223179,55.835243
-16.057091,3.394516,30.353119
-15.070280,-17.102901,18.728720
33.801064,-8.431208,37.466259
3.949582,21.906454,30.841270
-9.705178,-25.876059,40.427700
-11.690872,-1.749763,63.620914
26.518528,13.033718,37.868996
41.346912,-6.742750,60.120014
-13.245398,-27.733379,30.698841
-2.871049,-35.488331,40.303051
32.968784,16.854053,59.357613
-10.572184,-23.117323,59.117805
1.893832,23.346174,54.877895
-13.169327,-4.649118,13.926777
-14.191889,6.880610,46.112480
34.777317,-18.134192,54.784515
-47.572990,14.901853,38.996998
-15.312966,-10.888221,46.816906
-24.640959,-2.064984,15.747206
-11.893748,-22.548698,29.756031
17.526636,-22.334454,24.673872
-14.352287,-32.064854,40.612602
-10.175438,-29.029818,40.488411
-18.413731,-20.520479,25.941635
5.921005,21.662333,24.288387
2.722162,-27.231983,65.785736
5.094180,-37.007854,49.367794
-11.086960,13.985765,12.457498
-6.011393,20.122843,25.791187
-9.193857,-30.611168,47.377224
15.078877,-19.696692,18.614529
36.745182,-5.830567,41.384945
9.819373,28.393400,47.935543
16.590563,20.207550,27.407757
1.605972,-31.964090,52.870125
-23.878416,35.387119,32.098160
-13.578667,-6.782872,19.497320
31.694218,18.946020,60.792568
42.141361,-5.947307,58.377029
-0.098504,22.870918,14.535972
0.047151,24.414570,58.246414
10.647854,20.734755,33.551079
-29.017859,38.874905,54.045631
10.148859,-32.757179,43.781998
12.787847,-7.898900,10.947740
15.215611,-4.903409,11.719359
-11.262320,11.023546,52.292175
23.605282,-15.260385,31.717154
-8.339275,-18.863621,58.600807
-10.476368,11.305508,42.944897
-3.643308,-31.609476,56.433090
-11.491592,23.193275,12.986295
5.778568,29.235838,46.378082
8.574568,-39.203938,56.015629
-8.889216,10.404621,53.779385
5.189713,-10.830191,7.679452
-8.623526,15.634177,50.725010
-6.762146,25.393118,24.178843
-5.794424,-8.711931,5.232920
-16.232315,-2.900674,49.123066
37.008266,3.900610,45.694832
10.340595,-39.808060,61.171322
11.885704,-32.045017,57.995140
-6.739244,-26.837839,52.030457
-10.440956,10.168546,26.033533
3.668017,23.992439,37.448193
12.924712,-16.656010,12.880889
-11.865742,5.256296,47.372150
-3.566358,21.273275,25.137911
7.249032,23.836864,56.976665
25.604887,-14.034629,32.022472
-13.367053,10.879212,33.753620
-13.908918,5.386824,35.478115
1.483847,-34.670834,59.211666
-3.492191,16.858965,22.580307
-5.090487,23.581505,38.269093
-4.707633,-27.708664,54.413280
-14.543571,-24.152267,37.048046
6.769099,30.847168,52.373398
-8.650568,24.377010,25.090693
33.954433,5.289985,33.062103
16.354803,29.655016,64.212578
-15.143965,-14.384569,37.817616
1.526679,-36.920162,49.852993
0.519543,26.635242,33.228134
2.547597,28.423391,57.151150
-10.456676,-7.963018,16.341787
-8.716052,-22.410593,63.136223
-12.013572,9.549102,45.337654
21.853994,-31.425177,59.361965
-11.199518,-15.466049,14.280721
21.879414,-22.172728,29.057882
23.245651,4.143651,16.376110
-3.447928,19.461021,29.838512
-15.265488,-21.433722,24.216249
-25.232885,39.313675,54.537525
0.264168,18.492437,24.960793
-18.265270,-13.935779,50.059914
-48.376396,-27.857086,63.713882
-10.272252,7.962050,55.272949
10.415375,-34.244694,65.515823
14.034153,-33.136612,43.592709
-17.797052,-5.293571,28.056810
1.677337,17.758154,46.988209
1.961895,27.929762,51.967644
-48.700787,19.749138,51.525967
1.414505,-36.448864,57.651310
-18.265135,-4.774436,30.955387
16.442154,12.848263,16.854485
-8.698111,-41.143536,51.972328
-2.021381,18.410610,19.458893
37.553623,-13.956839,62.261814
-1.286317,-32.943977,65.500038
-19.080847,-0.035617,11.765655
-15.962269,1.377518,54.798641
-3.908869,-29.901438,53.512550
39.581566,-0.349186,44.590637
-10.648275,-27.478975,27.270525
-6.625443,-28.495041,33.456516
20.135227,17.744011,26.331127
18.737324,20.794046,50.510674
4.585760,-35.266083,55.653294
10.581482,21.546583,45.860516
-18.077608,-12.050334,20.970623
-4.938855,24.474903,17.915426
-4.329729,-41.702007,62.443466
5.326759,-37.741768,63.544392
-14.929181,-26.024389,25.055044
12.651024,24.060806,60.314857
-12.418066,14.553691,37.709072
-0.007888,-17.807920,11.258341
-0.036031,20.257324,22.254509
-11.290194,1.946839,6.397007
32.398468,12.644031,37.612534
-13.627199,-10.563569,50.221073
-11.176555,33.676212,36.315437
-6.836115,27.969770,19.276917
-12.857278,-19.367779,65.530296
-15.842077,-5.912351,55.103306
-51.309704,-22.126448,62.878044
-18.564703,-4.976356,32.962231
5.100010,25.172686,55.654190
-10.571969,-11.551202,13.011102
-11.277768,4.970392,57.545967
-19.966953,-2.620784,12.893232
-17.705170,4.838076,10.465629
3.434773,25.999750,41.046783
-11.464891,-20.505793,20.353367
35.590565,5.050372,54.116726
30.144810,-0.824186,29.939011
-13.694777,-17.408596,53.432053
12.971843,21.542892,24.319334
-11.502414,14.943240,54.434307
-19.082581,-7.881846,44.766922
34.402294,16.381634,65.541306
17.388435,-19.126217,23.475700
5.312160,21.156683,30.056585
40.652977,-10.675694,49.760487
-9.118187,30.704710,36.072601
-3.011573,24.578205,41.171387
-4.098606,18.557373,58.013603
-7.500652,9.884964,52.365234
-3.325824,-5.473229,4.535010
14.535878,-1.272448,8.879232
7.316934,28.105787,56.350815
38.921410,-14.106783,58.700512
2.042366,19.379337,30.363152
12.405180,-11.115217,12.819806
-15.718377,-19.072016,61.815338
-1.935955,-32.762127,54.727886
-17.613649,5.818410,35.555847
29.568241,-10.609877,29.207043
-4.125779,19.323078,24.186510
-45.181049,-12.356987,40.927551
-7.899782,18.885702,55.770004
-37.864944,37.819592,59.062199
39.363178,-9.044105,65.567383
28.146091,16.435738,45.280926
-4.644265,-35.608147,55.382446
-10.050056,9.744320,7.469368
-49.459061,17.580221,45.872429
-3.368134,-14.734165,11.065011
-12.805257,8.475203,37.055313
-15.810915,-19.734097,51.479694
-4.994308,31.696207,37.412674
-4.761107,-32.264526,62.139042
17.649012,14.197230,30.070084
18.836554,14.457862,25.769724
-10.532039,14.086429,41.088604
32.449841,16.109159,43.302570
-10.240831,15.504288,49.917389
2.010174,-37.587944,47.255405
-10.771622,11.191274,50.348957
16.386341,21.532312,29.396429
-30.466019,40.262947,57.003426
-16.576025,-2.116851,22.884653
5.894690,-36.565674,52.478100
11.094066,-28.457165,36.390511
-3.432038,23.797516,24.072538
-9.734549,2.039938,57.512432
-5.880945,-30.747629,53.834011
-18.437223,-8.793606,65.976326
36.441528,5.043810,44.212521
13.989159,18.639641,24.088509
-7.903526,27.211140,17.079260
-9.165588,-14.378654,60.135609
-16.113171,-14.107003,18.186831
5.358736,-40.781979,55.760777
-9.242395,-9.729914,65.719391
-7.614913,34.387764,47.569614
5.120317,22.891943,49.155342
-4.709892,28.821129,43.398994
9.012737,-31.867937,46.897217
-3.884311,-31.335535,51.330093
-9.013035,7.430895,7.547077
15.436600,-12.159393,10.062322
29.076944,-15.816470,36.252697
-15.147297,-6.324243,30.197361
-8.033392,17.657175,16.766563
-16.786446,-30.761309,34.330875
40.685654,-2.748629,58.432796
-51.016594,0.963006,47.013493
28.415270,19.280071,51.473915
-17.865971,-14.716360,22.473782
-43.430073,-10.241826,39.235134
26.754967,-25.604893,63.962666
28.868256,-15.395976,33.462383
17.432196,-31.229187,60.137135
41.167465,-10.487554,63.264484
22.512592,-24.843876,33.862347
-21.965878,-18.190926,22.015863
2.752276,25.212959,52.712513
27.612463,5.707372,25.926441
-8.295746,27.099489,32.196617
-33.880016,40.030640,60.881447
20.051825,7.603521,19.311291
13.623520,27.142292,57.342327
-49.872307,-15.267550,51.727966
-48.111214,6.358746,44.738667
9.806388,20.923941,17.257425
-34.893002,35.943245,45.291649
12.752123,27.516401,54.231785
14.755220,16.050714,24.893785
6.035468,-33.049866,53.529663
-11.265747,-29.332073,35.263611
7.369324,26.855646,53.642838
10.792944,26.842545,41.664036
-11.894332,15.412324,46.313084
6.642309,-39.171692,54.537537
-14.297945,-16.550510,20.775927
-0.840046,22.141352,48.485355
-54.224613,9.931341,57.810394
1.212066,28.162922,30.646734
-20.817984,-24.123413,30.055954
24.318722,-10.330061,18.803461
-13.534831,-1.482788,30.208899
20.952217,10.052761,26.727154
-44.265129,2.302130,36.914917
-2.244396,-10.036780,4.621535
-14.737030,-16.046144,63.580448
-13.876936,-3.129440,36.547947
0.977888,-38.451443,57.937969
-9.024953,-6.131344,13.670138
4.690610,23.526350,39.193981
23.271053,-29.460251,51.046108
-7.675368,-33.073807,49.603279
-14.858876,-19.976166,18.874840
-12.880365,-41.106098,58.009678
5.351618,-7.189658,7.612532
18.928080,5.578737,10.377467
-8.006725,8.531977,53.849659
-12.331298,-19.740164,30.178556
12.938721,-32.469749,63.650692
-11.262893,13.374156,52.335701
16.040903,-26.040493,33.395775
35.607838,0.861554,52.850788
-10.899983,8.000758,28.852341
38.854298,1.969347,48.403957
-8.678681,4.092630,57.748466
4.551716,-32.671116,43.243832
11.682823,30.931238,59.226242
-7.992191,16.572102,35.546024
12.585950,20.775425,27.759344
8.726664,-36.945698,56.242264
-8.170080,-30.935059,60.810768
-7.289549,27.358946,24.574385
-7.357734,24.873102,34.355724
-2.912993,31.302828,51.198727
38.869499,-6.142292,50.130184
-53.458221,23.569012,65.942169
14.899544,26.860069,52.024651
-4.940540,-32.695560,53.312241
37.710457,6.977697,43.718971
5.864508,-37.442776,59.539551
-8.539074,7.315289,52.337975
-16.639441,-32.037754,38.688992
-1.543860,-38.299294,48.161224
-8.780580,-4.113206,7.543201
34.228893,16.030518,52.331589
-12.637280,4.291744,11.613757
7.310024,-34.970619,65.036697
-11.125140,-23.458904,57.406445
18.345644,-10.761566,12.041780
36.736622,-14.002986,41.362026
2.703000,20.975132,47.056858
35.469242,-13.147263,53.735504
-19.260859,5.727413,11.863846
10.992606,6.215831,4.009546
-2.702466,24.012661,21.114407
-16.763622,-1.665560,44.184624
3.268557,-38.366104,49.040482
5.509958,21.065996,33.163628
-47.503014,3.132646,42.736237
-12.438482,-13.049767,60.110420
-3.066548,36.082882,57.795006
3.320501,21.271145,63.248264
-6.722781,-34.780758,58.499298
38.532051,-9.527669,42.982731
-14.647799,7.741558,37.601654
-2.171387,-11.681741,6.058664
-9.781804,-26.443552,42.490974
-0.313246,30.653120,62.479050
2.361362,35.052010,63.267986
13.043119,28.161322,52.152088
-18.829927,-12.401593,47.447033
-11.036575,-12.212090,53.261257
-39.905972,-18.197304,37.624046
-8.715495,10.910921,12.844296
37.698997,15.831616,63.460590
0.194506,-23.116508,17.549807
-43.995621,-29.870975,54.285004
-19.730864,-34.377022,39.795719
-13.789824,0.107551,9.596445
-15.271572,2.930160,14.035086
-4.363638,25.376110,16.007235
-14.787055,-43.002689,60.245754
11.351384,-35.318310,60.038628
20.398893,-18.337584,31.362246
-15.428720,4.145683,9.759400
-15.603105,-12.187264,63.376293
35.949665,18.383644,65.641418
-18.775270,-31.605701,38.521130
-3.231997,-11.710140,9.293017
12.937812,-19.496128,15.782387
20.150921,6.430850,17.342003
10.909563,-22.325293,25.490120
-44.715851,25.412916,44.297989
7.291291,-33.084736,52.069202
-15.461327,7.075160,53.979645
34.406975,1.651970,43.269718
-10.580286,36.373356,50.143089
-41.204037,26.384270,34.845802
-23.016508,33.725384,27.877726
35.590641,12.399890,55.468208
15.179748,-37.969601,63.368210
-53.061878,-17.809692,62.755550
-4.924766,-32.588665,47.631287
-32.047882,34.335518,38.709991
15.283238,1.690023,5.689086
5.176475,-10.827993,9.716087
-36.809544,-6.489281,28.119209
-4.612623,14.903638,11.254963
-1.650492,-35.657963,65.883575
-4.408063,22.325975,21.860044
-15.809106,-20.633938,33.323410
-15.364218,-20.369282,60.329075
-4.014276,24.189808,32.810555
3.438256,19.910440,49.373566
-35.361370,-18.101759,31.919216
2.123266,-27.775818,63.791801
-14.234519,-28.373234,28.151146
39.796547,1.366864,55.580830
-11.100722,-36.165813,41.208900
10.210989,-30.058928,33.914608
16.880737,-20.983664,21.117126
9.482769,23.810909,42.497719
-5.777209,29.503147,41.928650
-15.753050,0.711123,9.509360
-2.585412,33.513355,50.939686
4.936283,24.512266,31.291363
16.629026,13.287927,25.862284
26.362600,5.675295,28.937044
11.900548,19.177982,36.250359
14.655360,16.622475,23.018000
-3.982857,-32.147186,65.743942
2.179080,-12.691625,9.135788
36.552116,-16.607937,43.899181
16.804962,-6.004704,10.430444
39.176575,-16.949146,62.875137
-2.573830,28.767273,25.793058
39.211815,-5.034250,65.854980
-5.261061,-30.682186,48.929527
-17.604706,-4.737602,42.708252
1.787235,-33.752293,61.052181
1.422580,21.882973,50.093876
-3.700602,-32.998123,64.019844
-7.147389,12.447958,16.174311
2.486375,-36.566216,65.165848
-17.579540,-41.815937,53.689713
21.834597,3.283700,18.552599
-7.501931,22.442019,35.528675
24.417650,-18.861975,31.182856
36.023193,-8.313592,57.312088
38.566029,-12.953168,46.239307
-14.903719,0.836735,28.098734
16.152048,6.299438,7.595318
-9.906279,-14.789522,16.620886
37.163971,15.086685,59.261177
39.141449,10.756462,54.971146
5.570534,-38.665878,52.752228
-10.069537,9.324963,47.016914
23.912979,-25.299456,40.728798
-8.684133,9.820013,65.578598
20.714743,16.095741,38.260075
35.021797,14.991425,49.329151
-10.090912,-44.925434,64.291443
20.600624,16.880167,40.038357
6.117322,-34.495007,49.926060
2.002951,22.741737,37.325310
38.379608,-2.752188,50.895512
-1.112728,26.340282,46.698364
-2.490327,25.736359,32.737465
-11.529217,8.049678,32.615028
-8.459523,16.635393,10.710857
-5.574629,-26.783878,33.815662
5.913439,-32.619049,55.413116
32.283916,4.500675,37.894512
0.665468,28.546957,32.559170
-12.615841,-35.803135,40.300541
18.164539,-33.564732,57.199780
10.868629,23.414972,41.043510
36.752197,-8.212707,61.509586
-6.833038,-33.041786,56.711128
11.308408,29.258673,54.918983
27.002792,3.576266,21.491207
36.580929,17.210608,62.475273
-15.790199,6.251712,10.121531
-9.433125,28.679497,31.451481
33.354420,14.067986,52.971123
-18.519239,0.691873,36.824944
-8.557499,-13.074586,64.931549
18.831234,19.130430,45.869362
-14.728379,-5.947004,44.956398
-14.472171,-13.150109,29.565928
18.364281,21.341324,34.518497
3.997973,-26.093916,29.135572
-12.761449,12.681720,25.197678
6.447205,-23.468399,23.758957
-6.847362,-34.938488,47.512955
-13.225915,5.323603,42.580181
-6.152820,8.071819,4.788330
-50.205112,8.742888,45.777660
37.706253,-11.681305,52.517563
17.291704,15.941325,22.166382
35.112240,6.379310,63.650059
-16.674747,5.091913,14.501273
9.051398,15.364761,13.948988
35.730339,10.688988,50.098457
36.417274,-0.777622,58.388706
4.105037,-29.423964,34.233849
5.865265,-28.894112,33.612450
-10.509006,-34.901268,46.378780
10.454053,0.000994,5.590813
-3.946352,-33.821632,50.117004
12.028899,15.113873,21.105816
38.095318,-16.154289,47.943653
-47.780357,31.199102,58.067055
-9.756602,-1.507452,12.197744
-11.889869,-39.328442,47.274288
-3.038493,18.349222,15.140715
-2.809280,-36.966129,51.493679
-8.176075,18.873877,27.826256
-5.332154,-38.631748,52.095985
-8.464078,14.827363,35.998806
11.067377,25.121618,56.985249
-14.766641,-0.213931,21.311920
28.161209,-17.352617,35.704994
-13.212783,-36.665394,49.691330
17.459431,6.666696,11.292751
3.611093,-34.421974,39.998318
11.860300,-24.199677,22.283888
-9.118779,14.764544,42.007946
30.853914,-23.834656,55.809666
16.945160,-18.693020,26.329903
-10.410596,-6.214893,58.881351
4.686903,-33.364616,61.321728
-11.361365,9.385425,16.220562
24.627136,-21.519823,36.064213
-11.284520,8.502531,18.024202
-47.038963,31.331268,56.095169
-4.383749,-32.040234,39.482567
-42.211407,-0.024474,32.996574
-3.454721,21.501062,12.036817
-5.868574,-37.168282,44.482262
-8.532969,25.174824,29.277031
-2.985008,-29.390501,55.235344
-3.941062,28.626341,41.656090
1.089510,-35.069412,55.477665
33.746876,-20.004608,63.077423
11.224226,30.066715,57.225609
18.232964,3.591931,10.729310
34.842968,18.584976,61.505634
4.000126,-31.051250,59.872456
22.570381,16.435680,40.528225
9.199347,27.767424,53.203556
14.874601,-32.420845,61.322479
7.998600,-32.879925,53.879295
35.325607,6.405523,56.795689
-13.729877,-10.624242,54.769951
-9.689015,13.432170,33.072422
-11.288945,-26.124622,23.688786
-0.617106,-11.081293,8.498530
7.962873,-36.015362,63.494781
-40.956345,19.774267,29.351313
9.656721,-39.931744,63.636230
9.858646,29.069424,51.704655
-17.903111,-14.999111,42.110149
0.141066,27.844738,49.919865
-37.859524,-25.163898,40.714073
-11.499124,2.424873,57.186676
20.423368,-29.681368,59.377113
10.485245,18.173326,13.555652
-15.367528,0.565489,29.946295
16.718599,-11.693624,16.852171
-5.892416,25.300611,38.930443
0.249103,-35.148827,64.906349
21.538767,-9.543820,20.461401
31.695715,19.324232,52.607883
5.730096,25.106802,65.701805
-13.568073,-9.415915,25.426228
-0.336656,33.927650,53.969265
-10.773480,2.759479,16.436850
-13.168900,-14.942621,51.665718
-13.274598,-13.986639,43.780342
-10.197896,-18.994158,15.351876
11.568173,12.478419,12.649092
14.521351,16.288792,30.551851
-45.456993,28.124102,45.910591
24.211548,25.217596,57.093670
9.534857,17.060371,14.714265
-0.098979,-37.124744,65.588341
-6.098794,-31.579323,32.510738
-0.534966,-34.115852,49.718155
15.719448,15.150357,21.586843
1.760065,19.899725,20.443441
6.890455,-32.159805,62.737804
41.777782,-1.437098,57.141495
10.966055,25.641785,54.002827
-18.136700,-12.575625,54.301506
4.404132,-36.985046,53.586765
-28.820086,39.396946,49.631496
22.775635,27.093599,60.861221
-8.473927,10.086798,40.270103
14.434874,11.538321,13.999385
-3.452544,18.736195,22.122587
-4.694331,34.527199,52.124916
13.602927,21.534975,40.195671
13.700830,-37.102070,53.574234
-8.207911,13.103187,53.033260
14.469995,22.536585,28.192163
-4.083298,-29.107746,33.966560
22.640409,-33.503819,57.504807
-45.238632,24.500811,45.880928
34.909679,5.614472,48.128662
18.090353,0.967052,13.935848
-0.410795,-35.241169,54.451717
19.766354,20.911406,35.922073
24.794325,8.218002,20.107693
-11.659531,-27.700647,37.044189
36.730213,-7.041857,62.991337
36.273224,-13.579132,46.186756
30.863020,10.768478,32.484516
-1.523902,-40.044235,57.055027
-34.316273,-26.185020,37.776440
18.136368,21.276472,30.614500
33.156898,-4.748874,29.556299
-13.340359,9.734906,30.855497
34.788902,5.506636,35.028496
-2.728862,22.382219,35.409046
34.768066,19.859856,65.593079
18.184635,-5.646853,14.275403
-10.102858,10.900640,31.107008
-10.554317,11.813594,63.529907
-11.113543,7.395218,7.569792
-16.469576,-10.277144,61.109322
-29.639103,26.539089,20.579287
-2.019125,-43.224510,61.796490
-6.794078,-33.158894,44.364128
33.409698,-24.936417,65.121574
-15.268348,-17.124475,55.252602
4.945644,28.338621,63.026447
34.904728,15.193530,55.129078
36.502483,-2.831065,57.931786
-11.761251,8.060763,56.988605
-46.994026,7.772781,37.124256
-14.966261,-24.687767,35.171627
-14.738570,-17.687494,46.802349
-6.581221,17.216986,41.573933
31.421818,-19.107485,37.241772
-1.748414,30.664253,53.893818
-7.463279,-29.844175,65.782906
36.999554,-6.697217,65.824669
1.235951,20.053085,16.334780
7.044878,29.736620,49.794075
14.667815,-15.519555,18.408480
-13.565319,-13.519481,48.640739
-15.296491,-9.611673,32.924492
-10.006649,-13.279840,61.714272
5.451473,24.093393,27.987322
-14.543218,-15.629511,17.461128
27.718813,-26.228348,65.743134
-2.838582,-28.179163,37.224834
34.048645,13.242721,51.006298
-4.212749,19.091036,28.111082
23.277323,-21.442648,38.776031
15.506873,27.986135,53.303410
-5.830113,-41.389206,63.485760
-8.049628,-8.092970,10.938570
32.765980,12.455303,55.122272
-0.290469,17.983835,56.898521
17.504223,17.118614,37.749569
16.183449,-31.858259,42.528507
-13.043478,-9.549219,65.773712
-19.470871,-12.026861,15.735013
14.820787,-25.756413,36.943485
-7.520934,-24.971121,24.390812
-12.799496,13.034331,44.226051
34.622108,15.272574,58.097721
-46.418320,-25.365143,53.574265
-16.989073,-34.805164,39.345692
-1.819381,-34.553143,48.407543
-12.336494,-11.175608,61.577694
-4.301391,20.926920,34.916069
-0.212935,19.699322,57.172745
13.044864,11.036305,12.877839
-14.280204,7.529324,58.417751
-6.944981,-32.636555,47.765732
1.456074,18.724606,22.205404
-11.130223,-30.597515,30.964066
31.474215,19.249481,58.719055
-9.444086,11.089613,27.384489
10.552162,-29.066069,41.198727
-32.621010,28.382074,25.694040
-4.288534,26.670069,17.914099
-15.569388,-2.664741,28.746670
-35.350101,-28.307796,40.962650
-1.501596,-3.745306,4.778522
-34.553444,9.682762,21.334072
-12.157377,3.343805,33.092304
-14.078331,11.886296,35.540676
26.360172,17.546535,41.037682
-11.484574,-14.184011,17.849472
-9.759823,28.465630,28.861074
14.609470,-30.691650,40.205864
-11.643576,6.585317,9.599715
28.480680,-28.703941,55.708187
38.489895,10.205736,63.178314
15.772734,-9.869331,12.246348
-10.183130,-29.603212,43.820541
-51.254162,8.501854,48.769875
-5.797479,-31.474503,51.954117
-11.712526,5.754986,28.334318
-17.924406,-3.052094,56.833805
9.508754,31.100521,57.493977
33.914684,-12.880525,40.779125
32.675888,8.936206,37.908230
6.944372,-40.052341,57.125973
23.095139,-28.018835,54.987968
-14.661454,-26.921150,42.793427
40.247929,-3.074571,61.807648
-9.181988,-9.980329,63.354832
-15.234733,-5.403489,24.661938
-7.740152,19.827463,11.206099
-3.271971,27.921743,31.902843
-6.440010,-8.532753,8.647502
15.120805,23.954418,54.079769
-7.432689,-8.441663,6.967949
9.094737,26.278881,54.655079
30.589598,4.871584,27.357927
19.380184,-24.880089,40.145660
-4.420800,14.549394,7.319186
22.705450,-18.531458,35.782604
-14.888293,-2.961120,23.017826
-1.071220,-40.992123,54.053165
35.210297,-3.006151,39.354305
8.952821,-17.691681,11.852210
27.919275,-23.592909,39.232868
22.358267,23.349022,65.686630
3.053030,-37.420143,63.279251
-5.322386,-38.312511,57.367352
-4.109611,-8.278358,7.256493
-8.493124,20.873550,30.303585
38.979233,-11.408402,60.007133
2.804822,20.936735,21.961815
9.583653,-30.234636,43.975513
-3.926481,-32.086571,43.689911
4.467144,30.470276,56.924965
-14.608469,-0.899380,38.474213
19.351604,-13.700683,15.262267
20.051619,22.452429,39.908104
-11.097836,-28.594160,30.505844
-16.317879,2.130594,17.290518
-0.590839,30.038782,42.351677
26.305923,2.047482,25.753460
-44.021740,12.624334,32.481796
29.899740,13.799998,39.191044
-17.813894,-0.028607,34.691288
-15.935292,-0.367559,41.092594
-4.070227,-28.147291,29.194056
-22.550482,-39.998798,51.503643
-44.691177,-8.720621,40.066582
9.264260,28.295105,57.594788
38.405125,13.537252,58.902332
21.153873,19.965996,40.436359
33.931244,-21.268242,58.809277
34.460342,-1.991314,42.878120
-13.417093,11.835707,54.928802
-9.717314,-20.491110,58.818031
13.635671,30.973577,63.553600
-52.449825,1.330469,55.833195
-12.441274,10.505322,25.777262
-10.764533,-7.601908,57.312717
-24.918932,-33.215073,39.732258
-6.082723,12.147356,9.325044
22.918346,-29.563095,43.813877
14.254589,24.846315,46.892891
15.058152,21.304663,51.397381
-15.419663,6.489464,39.041103
-11.849236,-0.535046,20.719643
-11.181940,3.950544,15.045845
35.153576,-6.991485,51.625542
40.627831,3.295770,59.978058
17.062727,-31.206911,54.329105
-4.615939,29.122042,38.502888
24.686108,4.933891,25.624086
11.051953,23.595768,50.115883
-13.224145,-4.125866,21.966066
-1.768916,-16.766144,10.315097
-10.570176,-23.826065,27.541748
-15.511363,-41.251274,52.568008
-43.630627,22.882856,37.601433
3.440664,-34.888565,48.011902
-16.092180,8.227686,10.472316
-13.885564,-0.907462,22.740124
-5.274239,16.280251,35.222237
18.214485,-27.388004,34.642071
-4.375712,-28.097509,25.761240
-0.446355,-31.776709,34.954086
9.789648,22.069630,30.818527
-14.293892,8.316407,19.589472
1.027177,22.133198,22.206579
38.330673,-12.572880,65.778328
20.437000,17.805794,29.789762
20.618347,-29.264006,53.385681
1.837945,27.633825,28.851435
-51.028282,3.127503,51.805553
1.288266,-39.866146,51.529957
31.511930,2.570630,27.561247
3.177083,18.998114,28.675499
24.651072,8.618251,23.117842
0.252667,21.442839,12.975389
20.605162,2.379950,17.464102
-12.832048,-8.751264,16.757364
21.436527,-1.169197,12.265529
-37.347126,-11.593504,30.607723
-16.602356,-8.703603,50.192329
-0.196479,-31.478846,50.160435
6.410369,22.913904,18.467382
1.581134,-32.910683,55.916489
31.641665,-16.840433,40.967720
-5.053559,16.315279,49.687775
23.153530,-28.508930,48.606091
6.935810,22.055351,41.220219
16.240868,-17.008417,18.943949
-12.642246,2.470530,44.440617
-7.078218,-8.846857,12.598069
-11.711862,-18.513895,26.119755
-22.601336,-19.637653,23.163532
1.899071,-29.530062,33.823788
-48.620342,22.022863,52.774551
8.905842,24.510809,27.790211
-8.804517,-21.573507,19.807095
23.140099,-1.817905,18.990982
34.749062,17.578217,59.809856
-0.439251,-40.940475,63.398323
-16.916737,-18.607319,53.057575
-9.787430,-28.092506,38.229290
34.778618,11.975279,62.402615
-9.174518,-39.391495,54.691010
-7.587712,20.809155,20.658863
-17.050430,9.832644,10.901001
-5.375317,-12.220165,11.549417
27.111526,14.535427,36.319050
4.432428,21.187782,58.011005
-10.750795,-11.093395,9.807693
-15.163069,10.261815,29.272440
20.231745,-32.364460,65.729500
1.565163,20.293598,23.156401
7.893316,-15.362048,12.722687
-13.014965,-2.708898,62.450245
-13.700715,-4.808073,17.330399
-2.082235,-31.182581,50.602600
-30.230162,-30.324625,38.554173
34.828209,7.505182,52.669399
-4.114892,15.291163,13.540619
2.623820,31.641016,52.536407
-17.695292,-8.088835,41.266193
13.174796,-36.213402,50.894356
-10.313694,-38.629318,50.597904
3.327627,20.152365,19.538000
1.298352,32.265526,62.274387
-16.187584,4.998204,44.496632
-8.763730,-39.806385,56.640587
-4.421020,-29.192825,31.454994
-12.725533,9.076568,28.516045
13.364802,14.972879,11.164060
-3.667608,-37.058529,56.336437
35.034767,12.941782,44.091251
30.698406,23.978819,65.953743
33.938202,-7.839099,42.894978
37.704681,14.800964,65.378784
11.487965,-39.222878,58.604481
-17.859173,-7.544895,32.532078
-9.052479,-18.291014,62.814453
5.033679,-41.336773,59.369186
-12.325169,-11.313085,48.617596
17.754896,-4.148142,7.731448
17.123764,14.505661,14.837388
-4.361658,20.193836,19.575899
9.094356,23.852674,53.066067
36.054710,15.289289,53.654869
24.728994,17.942720,46.661926
37.966518,14.149560,57.043915
21.278389,-29.421022,46.597527
4.488358,31.572561,52.850548
-11.946100,8.111191,65.669868
-7.863175,-36.965694,48.055408
-0.430713,19.670828,48.446018
21.352612,7.801389,23.579046
13.560922,17.676218,34.654263
-12.421755,5.721554,7.918680
-19.315384,-19.099188,23.297367
5.970499,-28.103212,27.568501
-49.736057,-4.045496,46.100151
-11.923779,0.612412,53.530903
-9.521371,-17.051159,13.442369
3.903275,22.871628,52.359005
26.914434,-18.678701,29.872095
-16.413620,-4.232939,32.676281
-3.766952,-43.762077,62.553860
3.263292,19.837189,31.828426
-12.379849,-22.492029,34.433113
16.194059,-27.113806,36.386456
19.613232,-35.402168,58.663292
20.610592,-10.504820,13.574359
2.398235,17.709509,17.449196
15.405325,-34.006870,47.144817
13.469667,1.645498,4.630527
11.516173,2.012469,5.979319
6.790991,23.286772,44.867313
-36.626522,28.911341,29.607019
6.350668,-38.233189,56.352455
26.890297,22.132675,49.461651
9.710801,19.514734,23.163244
14.412972,22.094416,31.902014
-11.937287,-5.440811,55.477638
-10.149685,12.467315,54.733780
-2.716533,-24.224718,19.435656
14.156323,-28.585325,37.020157
-26.209595,-39.541363,52.364166
40.431293,-11.827867,51.627670
-17.487940,-7.873828,30.565895
-16.580854,2.757236,38.781876
27.442362,-8.131833,29.930958
-0.864512,21.042103,45.180855
2.727276,22.731031,15.710585
-7.874866,-11.600702,11.114974
-12.286628,2.076424,39.404110
26.553667,8.987259,33.722237
16.718527,-21.190928,30.118273
40.194965,-13.705292,54.155071
39.654667,5.514136,47.539642
42.084160,-5.488764,63.550274
5.373271,16.325453,12.270084
18.962889,18.635509,43.279289
0.645436,17.802597,48.945183
29.041929,-2.495332,29.886625
-11.936563,-43.774357,59.210133
-10.938086,-25.633013,48.832317
27.315525,22.816538,64.078690
-1.478620,-33.824352,59.031200
22.664982,-18.332922,28.619057
4.020782,21.574821,14.660748
-10.493962,-26.091125,62.161751
-0.749505,19.405945,23.723541
1.526259,-32.568150,65.606575
35.020790,-13.485428,42.199333
28.197304,-27.078043,60.779640
-6.223518,-15.312407,10.456684
-7.413903,-28.013695,46.586823
-7.220143,-35.284954,60.729015
29.780207,-23.463598,63.819721
-15.573273,-21.982357,38.455452
-6.675848,31.924957,39.274303
7.337345,15.836570,14.637884
22.925888,26.237951,65.549484
35.996876,5.844621,37.977665
-5.825108,17.979593,20.438473
-18.928858,-9.918036,47.562447
-15.021087,-0.742572,61.659489
25.641870,-3.807907,18.630909
-13.232785,-24.865229,53.492268
-5.641216,-33.817959,37.663700
-12.793788,-24.633457,57.041821
3.529766,-30.436821,31.707314
31.255680,13.712639,50.014095
3.994788,-6.589180,2.964055
15.736533,-8.144519,10.499840
-4.260679,-31.445080,54.613468
-2.890031,17.707026,51.423199
11.070438,-11.426555,9.621793
23.528437,3.008019,22.265404
32.335659,-11.788216,42.312134
14.546984,24.303946,61.525772
4.645101,24.555807,33.479282
35.315182,-7.060293,37.078709
18.650400,11.704957,25.698551
-47.370163,24.354280,46.082893
30.359592,-27.254299,55.176598
42.133434,-3.424262,54.294147
-23.128326,38.222572,45.853813
-12.439981,3.545383,7.164881
-13.661718,5.154391,46.732265
21.663898,9.276679,16.538771
-15.923744,8.693104,29.242704
-37.502186,-9.704935,30.014912
15.206216,13.590193,22.912594
36.944847,-5.006228,61.110897
-35.868027,11.256525,22.784876
4.468314,-37.781979,57.994980
-8.943067,-19.144175,22.574028
-2.827530,32.870007,55.751629
0.091054,-39.093914,49.798618
20.343218,9.796540,23.135651
-12.942659,-26.309443,52.115196
-0.623508,-31.457455,45.692234
-8.922834,8.817481,6.225288
-20.292099,-20.069246,25.533888
-7.080820,-4.933063,3.984201
8.658631,16.939890,18.372021
-13.971879,-41.320133,51.464279
25.902481,-29.143332,59.848572
30.414799,20.895466,65.374992
14.715507,-30.245644,47.263313
16.926729,-4.066104,13.074124
-12.601689,5.699227,56.007477
6.870972,18.232950,25.306179
-14.416142,10.983841,51.960876
0.774162,28.226393,48.130577
-1.310796,19.976540,59.946041
-5.105076,24.108421,20.925062
26.548191,-29.335426,51.058880
-15.267108,-1.159815,51.209122
10.426837,-32.805412,39.942837
-13.619905,-13.252557,27.306528
-33.402107,39.709904,56.713165
8.847939,23.979427,23.599516
-18.253239,-11.059238,63.431190
5.740731,32.132542,61.212997
38.859669,5.271401,57.584412
33.662422,-0.037745,39.656307
20.078781,-15.542565,22.660887
27.678585,9.001087,25.505087
-0.589273,22.525658,26.675995
19.046410,10.767491,18.052505
-17.555996,-11.792436,31.713230
-0.807346,23.850969,43.236244
-48.863079,27.879995,59.390511
-38.390369,23.285126,26.967293
4.476048,22.633152,36.539143
-16.530914,-21.813519,20.863972
-12.591142,-11.479997,13.918877
-13.731441,9.813169,43.968254
17.327311,-30.194332,52.252644
5.605071,20.551741,13.601370
37.421696,-1.283883,38.253880
-18.097921,-13.323257,57.497028
5.143433,-26.174276,27.754587
-44.495335,5.679394,33.193916
-9.989901,-0.776246,5.153530
-1.657864,18.158834,25.254116
18.151426,4.171419,14.141087
10.038396,24.171532,54.704456
5.353137,-18.116522,11.751530
-16.396351,-21.341576,45.754986
-16.994083,0.609613,57.125935
-17.192657,1.968748,53.350422
-18.188940,-7.798321,39.087696
5.472428,22.472733,63.900394
7.103366,-32.674023,57.157719
-3.209494,-27.043667,32.583546
-2.530307,22.834379,19.507912
-7.043538,25.648689,27.988565
11.995224,26.480906,57.696869
8.176749,-39.005138,53.212368
-2.926223,-34.004715,53.729507
-9.537562,6.739787,9.472418
-12.897462,-1.708132,59.279541
-50.061924,11.949604,45.434895
18.016291,17.823584,33.624912
13.011766,22.724718,26.973946
13.109291,21.002670,51.611446
0.573242,-32.976177,36.384308
10.698648,-15.589812,9.897009
-8.655304,22.217394,18.288624
-14.677463,-21.722975,19.959892
-8.893924,10.548009,36.952049
15.767534,22.639498,55.937992
-6.029034,15.456748,31.902752
-9.886077,18.260923,21.688009
-15.102409,-0.872380,12.993441
-1.941740,-22.102825,16.533781
-12.309139,15.263129,41.616425
-10.051517,17.253756,42.889656
-1.995838,29.228893,31.341732
38.425377,-3.464319,40.908207
-7.541625,29.248974,36.336632
10.204420,21.971310,47.656784
-10.013815,9.088610,31.889164
10.997391,-21.580544,19.809845
-11.558422,3.946148,38.778851
36.794319,8.394919,52.026955
23.648264,-20.362026,34.646839
-7.362749,-33.378456,60.636436
-12.071483,-25.676416,42.587269
-9.300965,13.291216,45.514603
17.567934,2.488247,12.476946
9.357890,-32.000038,48.884666
7.325580,-4.859855,3.020626
-13.400557,-26.333033,36.653992
-10.391171,15.489755,20.428022
-11.989997,-22.711607,41.457565
-15.487986,8.455058,51.808926
-18.420464,2.025503,38.347897
1.539788,25.132473,50.526432
7.171021,23.013147,62.859718
-8.775364,10.550853,19.791374
-16.018330,-23.150112,22.034739
6.297987,-8.343385,3.581005
-48.443012,15.739234,42.160011
-41.174313,-26.992298,46.655617
8.478113,-22.250040,17.805082
4.274312,-32.309044,63.209408
36.941177,8.349154,50.113434
25.892664,0.025958,23.437262
-7.777590,-39.044613,60.259777
21.805363,24.355043,48.062824
-18.180326,3.843744,38.428638
-5.195677,22.350780,29.291496
31.924822,10.480596,43.882702
39.742146,-5.745937,44.407166
16.637438,-24.144205,35.907898
40.473614,8.351444,56.209927
26.483477,24.269505,57.789871
-9.971094,7.210598,63.814648
-17.316351,-7.212358,12.037178
-50.399158,16.845272,48.409431
39.949364,11.664029,63.446606
-48.104446,23.683020,47.676674
-1.791342,21.892015,13.063399
3.372627,22.665539,59.209248
15.735044,23.510160,51.632961
12.533572,20.938538,21.942484
0.166938,23.241793,19.357565
6.417273,17.151760,13.623710
10.431884,25.531038,50.940674
-16.913902,7.225418,31.313610
26.056637,-31.773666,61.802311
5.264991,32.753536,63.641216
-2.390558,28.341454,45.907574
-10.836247,-12.597614,56.169678
-18.903580,-6.636208,41.176170
29.991564,-13.553805,33.671021
-1.225975,-20.549011,18.319153
32.965355,-22.820120,63.297676
-8.946176,18.853935,37.596035
33.300175,17.033052,63.700359
28.912315,16.006653,41.546471
20.360909,26.339706,53.591366
-11.876511,14.876863,48.786438
20.579659,4.056156,15.239954
29.837030,-20.391533,42.497700
-0.384839,-28.685947,29.601570
-0.248156,-12.581515,6.350965
-4.745840,-32.195026,33.817368
18.215199,-33.416958,47.916336
-11.008511,-8.376691,53.816517
-4.796181,-7.725263,9.670726
37.594395,3.565940,48.684811
36.613464,-6.408640,59.823494
-9.224911,0.243217,60.831459
-19.300581,-17.774281,19.641911
10.126412,-36.709393,60.562950
21.303537,12.968183,19.399559
36.541348,-17.336733,58.500225
-12.087946,-17.628397,55.693001
16.735834,21.358961,33.439339
18.732748,27.747486,56.397930
-17.514778,-5.056842,17.459633
19.850859,8.307127,17.295410
-2.497165,20.097628,26.650494
-9.391775,-23.413689,57.896416
-3.650173,-7.022863,3.368245
2.328098,22.225573,35.619850
-15.036707,-17.017538,22.575373
12.853132,-27.477297,34.427975
-17.956041,-34.567398,42.559860
-14.736958,-11.179145,52.463299
-7.839097,21.603001,37.230759
-16.656141,-11.989200,35.642239
27.848320,11.866706,39.402199
12.627136,-10.201358,6.800998
-10.432189,-17.116486,56.391304
-10.820127,16.352613,28.161640
18.892406,17.455004,24.109800
-10.824811,1.182603,14.877443
-17.677555,2.414950,46.874828
35.626900,-5.148386,52.026119
-13.873608,-25.333893,49.797256
3.115748,-39.436680,51.461788
-9.700994,7.068408,12.078467
20.077217,0.464960,9.821268
12.060071,19.600063,40.256409
-14.850582,-5.768356,10.149845
-48.819981,-6.260685,43.665371
12.699618,22.096970,30.736330
-47.137642,20.207508,41.823235
22.343142,10.861487,30.487476
-3.266166,-33.530037,44.653263
-6.100771,-35.105808,44.578098
5.382925,17.093161,9.520676
24.712540,13.420188,36.710377
-17.675844,-6.798977,16.363827
0.204715,-36.237778,47.518425
-17.651087,-17.469316,51.603233
-14.099893,-7.251978,48.382870
1.847918,21.160372,55.488888
28.231619,2.027420,25.600632
-12.283684,-3.940762,46.181717
5.589036,30.438665,60.029358
-14.464696,-25.739193,26.792387
-16.890694,-9.848845,19.447294
-0.599560,-7.241313,6.947088
-0.336469,-33.695789,53.156151
-10.168166,-23.582212,20.854883
-2.741481,28.208042,38.983284
-14.453691,7.706337,11.504183
-9.202909,14.298670,11.203178
13.266858,-12.877279,12.270020
-47.145073,32.714771,60.999763
-11.192793,-31.244360,50.954647
-11.966836,9.179278,24.579700
-0.300202,31.785707,54.259129
9.032079,-31.089533,62.060131
-14.914881,-7.111493,35.146461
-36.307377,36.895302,52.150658
-10.329432,-19.659693,50.829571
-0.151199,22.552952,57.722130
23.765343,12.519772,35.161236
23.185093,-31.122725,55.812653
26.202686,-23.856394,44.838787
1.567360,25.867346,45.347534
18.862854,19.404779,35.332268
40.385231,-14.053899,63.699409
-4.964643,-35.566730,40.669712
31.724312,17.330183,44.445869
30.984844,17.181444,47.596817
1.943677,19.857626,60.901001
25.854158,11.993212,35.197872
-6.575844,9.708868,59.258648
-13.970933,-35.480682,43.619629
-9.521602,-2.952006,64.301712
-13.922400,3.453561,8.489514
-12.663152,2.572293,14.776350
-14.556523,-24.155544,27.921883
-5.816593,11.514100,57.467117
-18.204348,-22.450525,25.886444
-12.120787,-25.399992,39.331505
40.625332,-0.978054,58.842674
-0.926163,-20.926571,14.959573
13.091208,25.375429,41.228832
24.775654,1.868971,20.991550
-9.935098,-14.117831,11.241011
-13.526656,0.635719,48.986710
-12.461207,1.657861,8.505275
-12.680973,-11.773214,51.481007
28.055141,-29.745293,57.139278
5.786503,17.436836,16.468534
-10.464045,-1.326615,8.427620
4.226336,-33.861908,58.269512
0.998129,19.774481,65.612389
37.236874,-8.573027,43.951263
22.983873,19.080889,35.522320
25.387526,-24.125393,40.880138
37.899174,2.678860,59.536606
20.911726,-32.106785,48.651398
-10.289693,3.259162,11.779408
15.982372,-29.578526,48.421291
-16.209436,-6.979501,28.916784
-11.351477,7.562824,11.227869
34.713696,3.080564,34.047626
30.120377,-11.118216,27.309927
9.004670,-35.195618,57.173897
22.265713,21.991070,56.654350
27.784332,-19.546129,42.588814
-18.344051,-8.425137,53.088940
38.554398,-12.620510,63.791718
-11.719896,19.422010,12.554957
-8.130722,-29.205114,64.107880
-7.936317,23.850342,31.631351
-0.359590,-36.801586,57.371643
9.361511,-33.808037,55.657890
7.789336,-12.921338,7.281036
32.667812,-1.983935,29.051619
-11.582376,8.514939,20.756500
-13.551327,-20.710222,36.330799
-19.718119,-23.959545,25.195810
19.273119,2.855640,12.910824
27.240358,20.113529,60.300564
24.523890,-18.955921,27.541447
24.616859,22.830528,47.397732
-4.152898,35.672684,61.814125
-12.958634,7.663086,25.483221
37.039211,8.889628,55.617840
-8.550419,23.283096,29.635216
3.933386,20.922375,24.266485
33.367382,11.258091,42.947670
-10.258985,13.080727,24.003061
20.849905,14.058079,31.361168
24.479099,-8.996365,25.343008
-2.352297,-41.523651,62.844635
-0.484139,23.130104,59.744339
-10.366677,16.538094,53.566856
-15.271556,10.276534,50.501175
-10.242352,9.002468,49.484768
-18.590578,-14.914845,16.868464
-14.279290,39.624752,59.912594
36.693447,-11.221453,59.719978
-6.121753,-16.228889,17.098167
-0.050973,26.907572,59.321075
4.901222,25.116531,60.834297
23.159658,-32.828213,54.711288
-42.969669,-17.267698,42.059681
22.067196,17.434772,42.545357
-12.263363,9.220405,52.849724
15.546978,18.353945,22.294802
-15.961934,-10.132506,36.928482
-16.266325,-1.185978,18.812929
33.548271,-2.860045,33.502491
-3.081739,15.026082,49.259510
-19.701605,-25.200394,26.746277
-6.153708,-40.010693,54.659107
-15.350382,-26.537893,30.292828
23.303638,-22.871441,35.157448
-49.156048,6.752313,48.346455
-0.060010,-29.342932,32.355675
2.416279,32.232475,59.928654
-13.514462,4.341074,19.700251
-9.577985,-33.280125,36.192146
13.375844,-6.277108,10.614009
16.976435,22.865517,34.869419
-7.621137,0.698094,6.027647
29.199171,-5.962809,27.223480
2.135374,18.928328,26.507240
6.552559,-35.747173,60.917358
40.779434,4.542385,50.645367
-9.011397,13.721978,49.331379
-52.430847,13.697754,58.423515
-11.559550,-34.604244,37.603687
-3.313957,22.743444,13.890465
-0.564974,-41.636333,56.017776
-42.798798,-35.254730,63.295567
33.858566,3.178844,32.268341
11.755111,28.307570,56.296173
-4.043705,-36.602539,43.973587
19.854464,21.374149,51.982582
-11.815700,-37.071777,45.150394
3.458404,18.572618,46.872292
23.044661,8.597013,28.284601
-17.615768,2.614042,36.587154
6.190636,22.664690,46.824974
-49.750790,-20.096312,55.523224
-10.918288,-18.202911,22.718643
30.337587,11.342704,40.975658
-15.559944,-1.936885,9.371886
-5.104877,-9.477069,10.188967
-39.723862,-37.108624,61.705090
-18.537264,-9.294239,42.661026
6.789891,25.124123,60.846432
-10.386151,9.379156,56.599415
29.678677,22.237011,57.244160
-5.616324,-30.541777,57.334587
9.076416,-14.513737,8.902952
13.663677,-35.550220,65.773552
-1.703738,21.286972,19.883984
-12.811602,-37.867313,52.112621
-49.208752,15.059887,43.891949
-14.595524,-30.278299,36.615238
20.630009,-21.432564,26.820992
34.876568,-17.890617,46.639256
-8.836646,-41.625847,58.711552
24.560907,-8.281730,18.403584
-13.066230,10.956284,41.597961
41.943848,-9.126245,55.788582
40.737370,-7.631450,47.908131
5.183344,25.417072,50.207500
6.192006,12.251263,6.903323
16.821690,24.592955,40.630661
-12.789007,-20.742399,31.965107
-16.073782,-22.090191,50.293789
38.054878,-18.225750,55.464684
12.418683,-35.195942,52.761799
37.122185,4.874356,60.051556
29.893091,-14.141493,36.192104
-17.108622,-15.624445,34.326237
13.287422,-27.844864,41.637287
21.045431,-2.495144,11.083016
26.508799,-2.742543,20.542433
27.048302,-13.034842,34.877766
-16.940649,-10.195114,34.493774
-1.170369,-27.658230,60.255089
-16.032425,-1.254611,30.653530
8.518992,-34.585045,51.387383
29.105484,13.536693,33.030926
-5.587976,23.865263,22.862011
-4.362355,13.994995,56.035786
-10.135694,12.852117,56.894241
-11.515276,14.026371,57.224701
40.045528,9.969335,58.798679
11.985333,29.232788,64.063377
-12.463954,5.762839,22.571301
-52.169220,22.391264,58.345737
-53.307312,21.366102,59.856239
34.620361,-4.750990,45.022976
-17.696009,-2.276604,59.839729
-5.177806,25.645462,25.007353
-9.200128,-36.140995,56.863937
8.280981,-0.819657,4.666717
-3.801023,-12.611139,12.962546
-18.402540,-1.568297,36.455391
10.315660,24.284088,62.630703
-10.172704,-20.953926,26.354919
2.592793,-31.615562,60.877445
-8.656207,0.213231,4.302934
-30.431448,30.835747,27.142069
-9.638628,-23.906757,31.003239
-16.627579,-13.032484,14.272359
-16.371243,3.539537,55.171944
3.450868,24.087109,19.156214
-8.892719,13.962716,39.699478
-1.534614,18.704187,32.645588
-6.701491,-2.659096,7.548328
8.040588,28.478699,54.588764
-6.651614,10.121778,54.074390
37.358639,-10.386509,56.494556
-12.864109,13.803989,51.124626
2.495144,19.788857,37.338665
-6.583275,24.959776,17.548090
-13.949044,-37.425175,47.432316
-56.155617,4.855345,63.963955
-6.148234,-44.354774,64.558289
-18.768225,0.177013,13.734888
39.014935,1.853122,52.039207
-10.434033,-0.125347,54.240540
1.199187,21.317047,29.351744
-13.298588,0.406598,32.793087
27.095493,-0.711913,20.769869
-8.569918,-29.094610,36.613983
-3.219563,17.426636,29.749861
-5.851940,24.847057,32.050747
-3.845148,14.053329,54.079010
-4.726044,17.655510,13.218402
30.027325,-15.514477,30.721920
-9.715748,2.816288,5.337751
-13.373007,-22.914850,47.507210
9.540441,25.081570,49.476025
-12.849298,-3.077947,17.123884
3.136173,-1.999691,1.993753
-12.450697,2.887500,30.075420
-10.834305,10.702868,21.892675
-8.898182,-31.296913,52.841908
11.950492,19.876650,45.830017
-51.787914,-6.969931,52.931839
14.219177,26.891964,65.076019
36.691700,-18.583069,49.634525
-9.431086,-42.428162,54.942291
20.654434,-16.409277,19.477674
1.176970,30.849318,56.302269
28.399530,22.125502,62.395123
-30.454092,38.868610,46.880291
-5.097853,20.586706,23.195278
8.825327,-32.260910,50.754261
9.424559,-11.563287,6.475381
11.452322,-30.221806,45.241779
-9.625322,-26.063864,26.928814
-14.771892,-23.979549,23.016264
41.464233,-4.629368,48.835976
-2.912392,-30.545729,36.695312
6.031273,-34.409729,56.900852
-17.682453,1.412665,27.556396
30.711269,-0.931969,32.901115
-2.967923,-35.382248,61.294758
12.661880,22.672449,56.418091
-17.068787,4.713426,49.484219
-19.174465,-5.769114,15.273930
-6.477303,-24.039709,19.391144
-11.932322,-1.998217,6.863511
-43.046432,1.716842,32.211567
-1.861166,-32.812389,52.956860
-14.040358,-16.732819,24.251020
-13.742518,5.441217,13.187912
24.306562,-12.780356,29.345663
31.926699,-9.053374,29.940084
-12.187111,-9.823187,18.947802
-39.154980,35.831478,53.572300
3.194114,30.094143,53.748795
-49.914444,27.283459,62.041531
-13.810532,-18.424690,19.390722
-5.903182,-33.702888,54.557636
-18.275871,-4.538801,54.831570
13.060744,23.895729,53.371861
-4.149745,-34.737568,65.813316
10.759387,-36.561176,49.835884
-5.788866,-19.947506,62.975536
23.654396,15.376321,36.894333
-17.013592,-2.161183,35.505966
-6.930678,-10.797062,13.544430
34.395176,-11.394071,50.646873
-13.825483,0.033239,45.684212
33.364349,15.890794,61.539074
8.009029,27.279568,59.879593
23.551479,-18.543161,25.931721
-1.583399,-27.321789,24.374504
-11.654758,-23.765711,38.598305
-13.318538,-5.786910,25.167217
-1.881690,-22.650864,21.786890
31.830284,5.818315,29.764933
3.662534,16.654808,11.667513
-48.302994,-11.741553,45.815804
24.664577,20.579479,47.057182
-5.041830,18.274540,18.370304
-14.831038,-14.375780,59.742546
-29.627142,33.477757,30.318352
17.712200,-30.905396,56.581589
6.826252,-37.090843,62.316231
-0.419622,25.307310,28.489138
-15.246843,-14.661352,54.547062
-13.651895,-1.818567,9.650019
-34.047401,-18.080256,30.553677
35.085365,-14.346789,38.774361
-18.653809,-5.784319,37.448067
-8.226610,-28.963299,32.294193
-12.947535,11.572583,11.873290
5.468107,24.418518,37.552898
-11.423335,-7.479327,18.597260
9.782894,-19.742071,15.032380
18.168932,-21.862486,33.361958
-10.762601,1.657995,48.855270
-4.670536,22.716490,15.796311
3.186272,21.352226,61.104416
-16.285961,-24.214119,33.208172
-13.283579,-10.801126,20.181547
-12.730953,-20.477757,24.871988
-14.162482,3.623165,33.825340
-10.049391,-28.508183,47.359264
8.490946,-35.401604,55.216415
18.828747,-31.311016,51.136879
19.187431,-34.936756,54.784286
-2.758311,-30.769772,31.180613
32.406441,8.750872,33.533234
-11.942705,35.830269,46.597759
-46.443584,-1.340196,41.790833
24.638548,18.295877,38.544758
-13.887530,-11.530643,65.618134
28.538584,-27.123909,58.851448
-15.331334,6.204042,11.965816
9.675338,-21.448273,23.360928
31.823610,-26.848030,63.103577
41.008686,-12.761779,61.430882
22.287758,-21.409523,27.492668
12.704552,16.840244,16.620691
7.129105,20.720734,52.847763
7.473405,23.988220,33.773914
35.114655,-0.262982,45.857353
-7.016618,30.112736,39.986286
27.014183,11.550593,27.077280
-16.133615,7.969250,12.674950
26.208717,-27.629549,51.566669
-0.899464,-27.986271,35.334263
33.833691,0.390684,31.012001
-11.551871,-1.415230,11.920358
-2.504511,20.690220,54.466724
9.823050,21.550430,36.148621
25.472765,-26.981308,63.127312
-10.504333,-16.595526,22.008480
32.554539,13.489882,59.865093
-2.568612,27.508495,40.808788
-16.706963,-6.732387,47.848251
-38.156136,-34.622421,53.647160
-54.450600,-15.502662,65.353569
-6.200695,-38.693741,61.237366
0.998456,-30.793873,65.710068
2.673234,23.285112,28.611816
-9.541397,-26.610909,54.865887
-10.050837,2.750147,13.965021
-0.025076,19.586571,35.169632
17.794947,-10.908430,10.422006
-4.823793,21.494137,55.726128
-4.489357,23.204144,54.110733
-7.703528,19.403112,17.247635
-27.854549,32.040428,25.877579
-34.141994,-38.054703,55.865726
-5.118856,-36.256020,62.615253
-1.130110,-38.259956,56.236397
11.554122,-30.835636,41.781216
-11.345598,5.868093,25.744061
16.804127,-2.692710,6.718220
38.984596,8.229132,65.961151
9.797072,3.426499,3.190098
21.606365,22.806273,42.484257
37.208168,2.058125,38.752853
-13.283165,12.899837,52.806744
2.275253,-24.857727,21.714176
-36.023838,7.581606,23.245897
-15.622961,-1.752686,59.384056
28.099676,-22.461695,48.865108
34.050308,15.429556,46.617542
30.273157,-19.937040,49.212589
-13.922673,-20.073965,20.618509
-35.018791,-35.531075,51.502384
41.116581,-1.128888,53.273232
23.093994,20.943407,36.735428
-12.069448,-3.955745,20.443489
-8.154088,-27.058874,59.110458
-10.196606,22.434681,17.208162
-10.952483,21.122507,15.660143
-12.151690,-19.448334,58.072407
3.532921,25.051857,46.855091
29.295227,-12.349431,35.497646
-4.174804,-21.919365,16.376602
14.080803,25.178225,50.552994
-22.106432,-21.617508,24.453363
23.304659,21.989733,41.651764
14.443769,18.056442,17.353716
-8.492492,-44.116364,61.781399
7.630256,-13.499099,8.943360
21.526365,20.692493,44.699181
31.723558,0.269728,31.821568
-18.447147,-9.599842,56.308029
19.605299,10.226494,13.137407
-2.478615,23.252485,43.144577
-6.277923,14.484679,50.836567
-5.141474,17.552481,51.594223
31.929329,11.559690,35.641731
21.379120,-34.838379,61.302895
-14.057692,4.325758,59.529018
-12.625591,6.218257,29.838593
18.768368,-25.036434,35.052162
14.689713,16.274048,19.444887
-18.306282,-6.614336,52.711700
0.012245,20.697432,51.764782
-13.786199,-8.703537,12.372116
0.643140,27.146336,64.358322
-14.255722,1.347563,59.769512
21.589012,-18.484812,33.329960
-11.107891,16.586023,35.506622
11.268891,20.327795,48.776070
25.668217,12.994029,31.516617
18.142115,-31.350206,42.561607
-7.373753,12.638458,39.635216
38.404636,-0.766930,53.761353
-10.650697,-9.559989,57.629406
15.653157,25.515757,65.600952
-16.665005,-0.995893,64.591896
-17.590063,-2.233689,62.883034
-14.026560,12.342241,10.045975
30.370670,22.504829,59.326202
23.193558,-30.544983,64.589073
8.544817,-27.514812,27.767647
12.793368,-7.769597,5.895616
-2.274687,15.653224,58.518837
0.077220,18.019724,59.100746
28.318195,-8.349754,32.137852
11.176470,-12.568372,11.172942
-17.258938,-17.891083,44.053974
-15.961628,-14.251554,51.613510
25.791431,-16.072727,34.367004
-17.990162,5.204582,32.847214
34.058777,-5.936087,43.071068
-31.288065,-34.770538,45.957069
4.483639,-31.688105,34.427662
-11.099216,-7.970127,65.910133
-41.680256,-33.959465,57.554253
-5.863734,-13.568052,8.767076
22.409992,-22.607992,40.594357
-15.325921,4.607940,13.384953
33.085831,-20.179415,42.202648
17.208282,20.025808,47.220238
-14.685175,-11.454808,30.390949
7.684262,19.145981,31.995569
-49.944057,-25.257511,63.232227
-18.527847,-4.187285,34.864452
-44.563148,-32.532112,61.459953
21.172842,18.160378,27.705368
-6.588806,-25.903969,30.903254
36.271610,3.644623,42.846886
18.880468,-30.154526,60.456371
16.540380,18.064943,39.949059
-11.892280,9.822190,8.618768
30.586296,17.939556,53.473713
9.872766,27.993095,59.515377
-13.136414,-9.858672,44.777168
27.502598,21.000683,54.179924
29.600090,-22.310720,47.816975
-15.463644,-6.384479,13.230599
5.579598,-40.740517,61.969311
27.812836,12.450420,36.542919
-7.149260,13.759564,8.085418
30.288820,17.439274,56.768215
16.218124,12.792402,11.415022
9.569604,25.825434,65.650047
32.845676,20.773369,60.322533
-6.134323,22.045107,18.812880
10.272106,22.087193,27.709095
-15.311526,-4.489361,65.334427
-12.738482,1.266366,50.624866
11.633807,22.420988,23.264908
7.595458,-17.763382,16.930023
35.538292,12.303403,51.895317
-4.878756,-28.564928,63.541374
26.300098,-8.104599,22.832197
23.417555,-8.108096,22.040689
-10.690412,13.312267,60.691349
-3.066715,-26.704807,59.247288
-6.984099,-29.794703,49.593124
33.537834,-4.230811,40.025017
-56.493835,2.806376,65.736969
18.284792,15.007710,28.334255
6.654686,25.480919,63.032696
20.449814,8.269670,22.021589
-13.190670,-28.342720,40.658943
26.337030,20.375473,51.261860
-11.101345,14.491057,9.352505
16.908937,12.496376,23.471552
-4.354320,20.710329,62.901665
-7.432502,-34.784233,49.184334
4.754051,-34.231506,52.201546
-3.036913,21.427732,56.513756
-2.574504,-10.417448,7.486409
-26.767471,-41.779869,58.341198
-10.797816,-0.209671,57.635174
16.622208,-14.667454,15.558987
17.381702,-29.389452,36.889275
-47.483589,-2.739198,43.672424
19.694199,14.347194,18.745024
1.177371,25.583830,61.860859
7.186058,-30.170694,38.192818
33.323132,-2.325758,39.114937
36.116104,-7.377142,42.648182
1.545616,28.743004,55.257923
-22.119471,-32.670208,37.396172
-11.320978,-5.468819,18.516191
19.893545,-25.940592,43.017876
-30.865772,-36.083553,48.130951
22.708586,3.343688,20.728836
16.511688,-24.628550,28.125082
17.954353,14.888896,16.381178
14.029305,-30.116180,41.990925
12.178220,-29.149761,43.052536
-4.860003,15.222817,61.367908
-20.538284,-14.067934,20.133606
-0.679129,-18.074589,16.408573
-11.658068,-1.801868,45.739326
42.640488,-3.744797,63.975601
19.255550,-3.864428,8.814017
-13.360777,12.793167,48.903076
15.327559,-35.245312,63.596638
19.596415,-10.111351,18.998302
-13.086250,-32.792591,35.205887
-12.140477,-15.119760,23.137724
24.507471,0.255277,22.070185
17.320448,10.518037,15.198382
-12.217177,-8.242656,13.418067
-7.205616,17.218035,48.977951
-32.595921,19.632008,19.341061
-11.621406,-10.627893,50.306095
-16.030743,-3.304530,51.325378
21.792356,12.652559,24.602722
5.309967,-1.089411,4.336241
2.516836,24.819252,36.111645
-6.953852,-6.378974,10.709902
-3.021484,-39.918507,59.121918
-13.981511,-7.578447,53.776630
-14.931903,7.490842,41.126144
-10.915211,1.825951,63.085262
-6.537685,-41.657455,53.450089
32.177929,-19.107645,45.430805
33.726357,-21.602013,62.077862
13.883484,14.671043,24.130157
2.765377,-39.277744,55.469147
-21.364378,-9.728999,15.914434
-22.000124,3.229248,13.493550
35.128128,-15.497033,62.744648
10.030793,-25.576395,32.421940
4.836228,22.390547,16.543800
21.148478,18.366467,34.320984
-17.856007,-9.185078,16.122320
20.542336,28.541603,65.674362
5.643264,-20.348351,19.047344
15.778387,19.592197,45.193779
36.003689,-4.697728,42.437901
11.243502,-18.987827,20.894865
36.638889,13.112112,61.130692
27.563168,22.162220,51.324757
6.002592,26.007921,48.277618
18.040703,13.750644,21.151045
-50.621578,19.955067,50.937035
7.987403,-36.526070,52.537312
12.088634,-26.315760,30.680782
1.172922,-37.309212,62.859783
0.538743,21.466639,32.705154
1.442733,23.139647,31.736986
7.405922,-31.286318,46.089279
-43.601433,34.552616,55.717487
25.703098,-1.569787,22.086102
33.216499,-10.856358,32.361111
11.932444,-36.914616,60.900574
38.658890,6.511833,63.687378
18.096872,25.212292,56.699772
-4.405509,-20.465405,14.834084
-6.348083,-26.879303,53.947979
19.007748,-8.525101,17.089821
30.292696,-13.704988,29.937429
3.117977,21.377588,26.402145
7.925923,21.442535,54.802036
15.269728,9.242425,9.535057
2.486896,25.926184,33.778648
-19.113266,-33.117348,36.865334
19.363689,22.875162,49.960449
-4.005918,22.625179,60.136333
38.933327,5.717096,44.190174
12.400709,-3.761300,8.709450
40.631351,-4.380460,45.180214
-2.485976,21.730551,60.140488
-7.869967,-18.502726,60.871296
25.967709,-12.535871,27.265884
-8.593673,19.255959,40.531006
-7.416570,-29.042679,27.930109
14.313083,-13.091838,15.750690
-4.536035,-27.303167,60.376717
-17.881636,-10.785053,38.562042
4.229331,21.298822,44.007980
-27.634861,39.463032,56.561554
25.672121,-26.810167,57.934803
26.975149,-27.681276,46.391083
32.754601,-16.274723,35.813080
14.226023,-30.925005,63.246220
2.096904,28.902500,63.546722
25.492451,-12.317220,30.934734
-15.387386,32.757603,28.219866
-13.033784,-6.344905,9.236303
24.574282,-23.697104,43.249199
-11.713318,10.236162,57.605171
23.044907,15.836007,27.740156
-4.632271,15.124763,41.848537
34.284779,-6.301003,32.054543
-17.361778,-9.908174,27.245752
-8.898784,26.426157,21.676273
15.071391,-37.811893,59.613304
0.670862,2.573097,1.845624
-2.237857,24.256292,33.741062
-2.787147,15.703238,52.508282
-4.593596,-6.093133,6.273314
10.273992,15.824647,9.667908
21.827400,18.882992,37.230171
21.750998,22.026104,38.417953
24.921213,-22.061369,42.306824
14.235481,-32.467743,65.852623
-7.728762,-24.333538,61.953384
-8.034284,29.728798,22.183714
-9.859644,5.311462,12.997088
32.207123,-2.095963,32.323757
-6.166164,-18.165138,13.606318
18.507088,7.110354,16.522581
13.611840,-3.514233,5.194282
-5.426199,-14.814569,15.802201
7.125621,-30.050087,32.348316
-0.414187,-28.904867,62.736393
-13.278149,-17.329584,63.452095
-1.254001,-11.647532,11.043793
20.055000,23.196859,53.950054
-5.573836,16.918617,57.356453
6.748220,19.656216,33.599873
-0.678544,-32.532307,39.349167
-6.127423,19.777596,50.398518
-17.456760,-16.944372,58.117519
-12.050532,-7.846877,61.730335
-0.445164,-16.651892,14.866551
-0.234891,-31.360350,52.336395
-3.253900,28.378574,48.024616
20.282061,6.164109,11.961905
8.292757,8.658751,3.767499
17.949942,-24.450882,38.390972
-15.972167,-26.526278,33.902622
38.373936,-1.672957,61.108814
38.021973,-7.844613,56.800804
26.682871,-19.491692,40.975384
14.017933,-17.613373,17.147711
1.052918,-34.145214,51.799091
33.601715,1.848803,39.676918
-12.040263,-24.858891,32.410576
-48.349300,-21.947777,53.737549
-4.963790,19.488092,36.383881
4.895699,7.746658,2.806979
-40.812611,-6.778234,33.576431
17.205770,26.137018,51.621490
-47.735928,-1.165847,40.292900
4.040448,-27.225460,31.223715
8.916889,19.860636,39.066715
7.666062,28.740240,46.570354
-1.820346,-37.852283,60.512798
2.872081,-34.110416,55.354309
-10.355325,17.550821,46.504627
11.656354,27.182274,60.671898
12.557121,27.079384,62.546886
-1.332412,-25.882950,28.208464
40.156384,-9.375586,46.584496
16.504416,18.362492,31.985680
-21.279879,-36.131939,42.897625
12.638201,-38.190136,57.169544
30.106377,-28.576502,64.366104
31.263844,19.295589,65.686455
-15.563108,-23.537209,42.912334
4.318033,-19.307697,17.932495
39.573879,7.344129,49.132454
-6.895088,1.679235,3.257243
-4.607030,-30.036625,38.340950
-46.879318,-13.989330,44.177689
20.743284,-31.365993,46.092300
-47.821316,14.390991,46.565823
35.694878,-7.445137,35.073547
27.806101,-30.086149,59.765167
30.765373,-28.158825,60.140289
-19.133160,-36.652206,44.501213
-10.428453,-12.978589,16.420149
-3.291010,17.288355,39.153648
-11.532108,-18.248701,47.028095
22.911673,9.371093,19.132605
23.893373,19.641563,42.849724
15.024618,19.952894,48.376633
1.424145,-34.890541,45.176865
2.220496,-32.781464,45.123146
-1.276822,29.415689,34.631123
12.645220,-9.462342,12.033933
-10.779591,12.302489,39.500591
23.057764,16.332441,34.103321
9.025028,-38.004631,50.968975
26.367514,18.238497,35.591522
-14.704618,12.112701,38.497334
-18.403614,-13.710706,59.728394
-5.707151,13.709203,41.898106
-13.498367,1.986147,11.457561
-14.033753,-31.628836,44.332172
-17.493177,-7.229686,58.888027
-25.079412,31.367172,21.294840
13.991972,29.748035,60.777096
10.701295,24.037182,58.516258
-7.219213,14.593642,26.962347
29.404823,4.934836,29.239437
-15.635932,-3.590107,38.420887
14.747756,13.999202,15.434189
11.250705,14.415544,15.117256
41.716152,-6.774017,51.489918
3.971411,-28.774446,28.294420
25.655590,21.977053,55.015999
34.341080,-15.625832,49.063511
-18.224031,-23.418547,23.750723
26.969589,25.517868,63.221634
-46.246529,-28.223925,57.039352
-13.878607,28.641144,17.086428
37.956902,2.366555,57.659321
-6.850185,-22.213961,65.973854
17.675232,-26.319698,31.930264
-18.525101,32.539219,23.124704
35.299610,-20.098820,51.106632
4.858206,-13.314003,11.733703
-8.920121,-26.673874,65.567329
-11.372660,-25.778835,58.210823
18.783768,-35.845436,64.883904
5.560952,-2.084786,2.051780
18.524389,-24.741772,29.188608
-12.781530,-9.022706,54.242508
-13.401257,-29.512032,29.895990
23.020815,12.183158,21.204817
-8.645131,16.169876,45.309074
-8.870628,11.203614,47.508854
-8.085773,3.268782,6.395689
-12.545463,3.416208,60.214684
27.224941,14.935085,34.588249
-23.388828,27.278929,16.535280
0.263096,17.613686,53.265739
-2.593827,-7.179477,7.739404
33.885799,7.643452,40.568295
6.267189,-32.513371,49.212498
39.774891,-0.869380,48.463860
-12.811474,5.747416,44.779900
1.201335,-33.281132,54.127857
-14.181383,-5.584204,57.811279
35.622540,4.868936,61.142117
-37.908615,-0.214019,27.163656
-9.163379,-40.159939,49.784985
21.780409,20.313898,33.224079
-17.283022,-12.257689,58.691093
-7.812424,29.565899,34.477634
-11.893644,2.371491,22.967476
-11.111612,4.481400,21.986713
-51.150787,13.277485,55.739429
2.173512,24.774437,38.120766
-4.369636,26.098701,45.704876
10.487670,21.184408,52.056690
18.555998,9.870924,11.147481
16.066696,9.237205,12.325575
24.538589,14.735078,33.614578
-5.305509,12.875269,51.155174
-2.453939,18.411287,45.121639
3.985374,-31.517101,65.796501
25.943811,-27.256338,42.486015
22.907797,-28.635862,61.792725
18.592419,10.543015,22.418436
-12.701456,1.028259,56.774536
-17.237486,-14.507745,27.792562
9.544281,26.979301,50.413689
35.661877,-16.963732,56.130268
-8.875156,-19.221600,65.749779
11.480507,-33.605160,46.486126
-0.003818,17.832457,18.244654
13.825211,25.488171,59.535210
19.720709,12.193315,15.618262
-18.826611,-1.867191,38.206966
-7.149905,16.559921,20.843014
-6.146106,14.758154,21.771973
28.874855,19.958595,46.252022
-13.521686,-23.666153,25.984745
-14.501929,-17.631014,34.555630
27.808762,-13.463862,36.700436
24.662445,21.818220,62.263233
23.206219,25.020731,63.346634
33.443733,0.409472,34.461208
-8.216732,-40.879124,65.916328
-6.053132,14.567996,19.238886
-11.288923,-34.565117,50.955654
-16.818233,3.546168,25.989992
-8.153336,9.865262,11.017647
36.574608,-14.222059,49.691387
37.902256,-12.751201,49.399872
0.100739,-39.306160,54.095348
-4.153076,4.135307,2.830587
37.083164,8.885188,63.666565
27.938780,-2.181384,21.779755
10.395653,-32.213997,55.688747
33.055149,-18.401524,56.899067
-8.353384,0.124868,7.752990
9.864435,18.009567,30.299049
-17.502050,-12.078483,40.656929
2.693433,22.506584,48.258385
29.578949,10.457801,39.351044
18.682064,12.974425,28.936705
22.967903,-30.255388,57.386234
-6.185537,22.057703,22.648382
5.339555,-30.574163,31.825022
3.928384,28.207012,36.947269
42.628262,-0.247953,62.668144
36.606289,7.021229,40.587273
-16.691162,-28.053022,35.175911
-1.902687,24.604996,46.519562
-6.964270,23.102478,24.303770
32.318283,-21.844381,51.212013
-12.257195,27.973362,21.236546
-9.770374,-13.104051,58.392586
31.504036,-17.467915,50.604862
-16.580208,-15.166454,15.490944
-6.074070,-43.560722,58.437130
-3.883142,-43.329632,58.910542
-0.578211,-32.102776,43.324306
-7.553064,-31.027952,37.988583
35.345707,6.413342,43.277313
-8.607838,15.808231,53.134190
1.726240,-13.604020,6.753130
0.453471,23.240860,45.451302
-6.962800,18.813873,31.152203
-14.005877,19.931339,11.861565
-12.894301,-23.511227,60.696838
-16.082680,-9.862659,59.161469
8.091792,-28.515493,38.557869
-40.241989,22.698896,31.208460
-9.792570,-27.148632,52.883781
14.680858,-28.417765,42.855518
-46.070950,0.822694,40.732697
-10.242843,21.017683,12.272346
12.187187,-35.242035,47.669697
13.937193,-6.907066,7.631567
-15.100549,24.488760,13.683418
27.120275,0.783889,26.993145
-5.752730,20.145205,13.898662
19.409172,19.939411,38.498386
-4.487035,-42.038540,54.993301
-7.379940,-18.312422,19.526087
-36.179829,39.355438,58.952087
-4.164737,15.638490,19.761906
-11.317291,-14.533630,50.369591
-9.952701,-36.235550,54.577797
-6.938185,-12.308458,15.293183
-13.584210,-30.844727,39.168671
11.702118,11.553895,6.851313
-2.421165,-33.720913,56.552879
16.838104,-32.365780,44.667244
-14.296259,-5.849257,21.520350
-11.173531,5.906580,37.282177
-12.082400,3.536945,35.714870
35.582489,18.565271,63.168961
21.579617,22.848526,58.904873
-11.399360,12.524905,32.364792
22.214468,9.417672,23.107470
-12.749882,5.457899,17.899689
-13.332022,-16.954811,51.490833
31.467440,-15.335569,44.200836
-16.254156,-18.735836,22.088507
-12.977455,-3.228850,55.397667
2.809641,-10.872358,9.459404
-7.003350,-37.410618,63.985462
2.691090,-42.287590,63.707581
34.546078,-16.294924,39.836334
-18.519983,-1.689340,32.544361
29.708063,-0.998661,24.542305
13.505464,-20.992510,18.429108
31.145735,13.249896,48.177353
16.409807,-31.083330,58.443317
14.866893,-31.527641,55.935272
28.028885,24.468801,61.231461
1.077253,19.704176,46.521942
-14.450388,4.223617,30.547583
33.615448,-10.383353,37.619282
-18.161598,-20.070164,27.963465
-17.534338,-21.054459,24.389748
-10.871505,13.728830,14.375053
18.325619,20.161211,26.767496
9.423730,-34.411926,43.324203
-9.661311,23.409531,13.220629
26.986570,-12.040824,25.836830
-37.567394,-4.768547,28.632494
-10.867836,3.274081,47.007488
-14.865293,-15.854012,36.780685
17.154902,28.869864,65.726212
-7.821542,-20.976032,63.847889
-18.238125,-15.721784,49.125469
-15.344558,-4.026373,55.036724
-11.237190,-18.612226,65.803337
3.900824,25.708344,57.121761
-7.078592,10.598691,50.496193
39.648636,-15.718089,58.194595
7.659302,-36.083145,58.533257
-8.719491,17.276268,56.948566
27.552105,15.720876,46.913502
-2.230017,22.536989,23.191341
-16.880068,-3.867351,22.274012
-3.675923,-36.404732,53.990841
17.807646,14.725581,31.855995
-12.697966,7.559675,38.666191
-14.728906,-26.472961,44.634754
-9.011535,5.534587,7.796165
-9.516786,6.558564,6.053554
29.607115,-16.661409,34.651188
-23.771967,-18.066580,22.609772
4.601382,-33.549896,54.464317
-45.473648,2.610624,35.426353
1.772440,-38.763351,59.486450
-16.191053,-18.665865,18.091465
-10.087001,9.296362,27.700872
-9.492805,3.382904,56.155891
6.284561,-32.979881,42.537346
13.079019,30.431408,58.145821
23.721457,23.005638,56.480053
15.018369,27.593981,50.356289
38.091385,7.966771,45.238972
-9.288073,5.587707,52.735802
7.801317,-33.112457,65.041550
6.188306,-33.869904,65.995651
5.877497,-35.767025,65.811684
-19.184713,3.903876,11.597603
36.868927,-11.943439,54.526028
-4.998133,-34.403080,59.405811
-3.574681,-12.553001,7.094650
-9.768723,12.388732,13.314887
-11.557696,3.580058,48.677204
-16.788786,-20.848986,35.016041
0.866248,-27.367588,62.415722
9.376232,-29.075851,35.489689
27.517666,4.270796,29.516996
36.529396,-8.718943,59.346512
15.183039,5.465765,6.227236
-11.716676,9.719890,47.835548
34.464664,16.557976,49.952599
6.887879,-35.954117,50.935345
2.715232,21.367252,38.226768
9.271098,22.239279,40.905590
13.256734,29.269979,55.022354
-13.650424,-14.500394,28.709358
-11.990780,13.870557,24.090849
4.849763,-22.973196,23.225243
-18.236675,5.339058,13.429186
-16.322874,3.924806,15.885599
36.532600,-0.143324,60.061943
-5.373038,-34.929218,50.790287
-3.870581,-38.438629,50.864914
12.704459,24.989542,56.234673
-10.366105,-4.274727,58.893585
-3.227613,-33.059113,40.825703
-12.585124,10.776093,15.395169
-5.440587,-38.201462,45.964745
16.144682,3.778738,11.005821
-8.072020,12.361860,32.948410
-10.371321,14.584703,31.883251
-0.200082,-9.402168,8.892018
0.663191,29.536604,50.166229
-6.365815,27.046833,38.902393
18.149635,-10.668741,17.538248
10.093976,29.708065,58.716251
-10.733368,-20.168861,16.610769
23.205503,26.391788,58.179428
-5.573127,-29.944380,33.428509
-12.766900,8.063465,8.246843
-29.019470,27.344748,18.999052
-12.090801,7.242089,58.661728
38.245567,-3.303364,57.886074
-1.825343,30.268572,52.158562
-13.121876,-15.241443,16.448059
-5.890579,18.316479,27.856991
32.125416,13.836877,56.253429
-12.212008,-9.204959,64.182899
-8.172928,-26.024166,25.741894
-7.548474,-23.990536,22.833447
3.461904,18.810175,21.602373
-35.460243,-27.100910,39.613209
-15.500893,10.830105,35.666580
13.457597,-31.931953,39.725067
-50.774483,7.529088,47.169968
-6.082188,-32.824162,50.630360
7.532462,-40.968323,58.506001
6.049406,-39.141552,58.599812
7.475316,25.309347,55.006805
40.015308,-10.110206,59.062954
-2.345185,30.724041,41.642742
39.261768,12.104629,58.160183
15.990354,24.371304,47.345669
-11.529261,1.088972,19.956263
15.688642,-32.231018,53.219002
3.790498,-34.429283,49.810753
26.095629,7.713439,22.167559
-11.661184,-9.794947,15.693976
3.026480,-31.748957,56.260612
6.192722,23.589048,40.478397
-10.790744,3.083586,44.560852
21.641499,-2.095179,17.876934
-16.790182,-18.710323,55.045433
-9.123241,-39.439976,51.652168
-10.382226,-38.679947,57.113453
33.015736,-9.419044,42.166710
-12.062408,-9.610813,48.072140
1.181436,20.873066,48.369831
-18.817970,-18.802149,25.145292
-2.973439,-43.603497,64.268730
28.008385,-17.002619,29.622831
15.754516,-28.179968,37.798405
1.990798,18.058050,50.403564
-0.220429,-34.795086,60.218262
-7.305950,32.426994,37.579166
2.405861,-7.423589,2.850409
34.302036,-5.566267,36.947144
-14.853871,4.074938,45.604450
24.641382,-29.580154,61.322853
-14.428364,6.334196,55.847984
35.495075,15.565472,51.094540
-1.010308,20.177032,61.829247
18.588181,9.395687,19.616701
-16.240980,-21.187138,47.766815
-3.812730,-27.261669,34.384697
-16.922186,-0.106878,12.895631
-9.446510,11.729095,18.479618
39.777515,10.016354,56.520721
-1.294899,20.719366,11.681004
10.880610,24.408123,52.482716
11.471608,26.981697,51.416264
-0.887226,-21.637899,19.962358
0.938924,-30.012230,30.221691
-2.631451,19.563251,25.015348
-15.970653,-4.866417,18.538685
13.003798,-28.390881,32.729752
12.551278,-28.949123,35.436882
-15.168643,-12.971411,53.015873
-10.259771,-15.317629,55.858978
-14.695179,-24.549988,48.363922
3.615240,17.535822,9.378915
-17.339491,-19.043699,50.583099
-12.324622,-5.794765,45.760620
5.704437,30.905485,58.254826
-17.261427,-9.696657,21.264994
-1.892875,27.279066,37.560432
14.318764,-13.688228,10.784247
1.127312,21.111517,57.558353
2.507401,24.224207,44.644814
-18.080330,-23.778101,33.380470
-1.971888,-19.868719,13.724950
-12.540287,0.746488,6.937213
-9.113823,-15.750752,11.917986
2.275900,-33.412411,57.788265
0.837779,21.699532,65.911079
-14.435878,-7.990976,29.077343
-11.242822,8.295096,13.000425
1.441778,22.621132,59.698940
17.525801,18.039080,22.286934
34.891991,-2.297891,32.263535
-19.159151,-26.601358,27.787973
2.976485,30.585436,61.055466
1.693980,30.824003,59.102436
-49.677654,4.980145,48.755123
17.139166,23.848988,36.347054
-9.159476,13.373030,47.571754
10.713513,27.373960,54.907864
-11.476365,-36.317825,46.684143
-9.202074,9.965774,58.026367
-38.165298,1.730109,26.747124
-4.690217,12.924728,57.452015
-51.233318,22.652319,59.965061
28.271498,21.660572,60.578224
-20.991337,-5.820454,15.644120
-19.201290,-3.948064,15.604630
-3.859437,19.460287,17.829819
-0.286639,25.931622,26.554457
-15.855297,-15.505207,56.105175
-17.416908,-7.188643,37.495213
9.588795,-18.002041,14.935260
24.662954,16.485466,38.031971
39.246872,-12.590568,62.049454
-3.938733,19.808765,53.646675
-5.001514,-37.437836,61.343983
-23.841986,-20.883341,24.881144
-18.564577,-10.951612,55.095886
-5.748402,14.737666,49.118896
0.481006,22.433435,52.326981
-11.616172,16.209578,37.285431
24.158846,12.309620,31.004511
23.662453,-31.912916,65.809059
-3.578041,16.720091,59.458824
10.897952,-10.593439,11.560790
-15.649677,-17.494091,43.271713
17.077984,20.777588,45.645164
-4.794648,-26.431839,31.182972
29.290363,-20.468819,47.635708
7.377234,-40.997234,62.496437
16.541004,12.281142,21.537498
2.181574,25.738529,60.206051
-19.639740,-14.175592,18.606903
-12.476006,-7.085824,11.937032
-4.530681,-39.848988,58.043594
20.640142,28.695652,63.748486
31.604399,-12.745642,30.708124
-18.334602,-9.264304,37.526653
-12.260144,10.401432,55.693558
21.802174,16.594717,26.332954
23.100805,21.391008,39.524799
14.830961,-34.162712,65.431671
-7.854970,-17.843710,13.206142
19.032125,5.227274,16.000454
-4.930081,-13.771724,14.360145
-6.166037,18.782265,56.845329
-48.757362,-22.686176,55.443890
-49.112911,-20.221777,53.751423
16.182730,24.980087,50.605553
2.745273,-27.265974,32.537266
6.440063,27.540714,45.771324
27.952414,-30.292042,61.633846
24.182358,18.964907,44.487873
23.566872,10.527550,20.271009
-1.483953,29.832811,32.924152
-47.261230,-27.436563,58.416626
-10.326356,-24.829107,59.212448
-4.293563,-6.412392,8.127025
-5.719027,11.383806,51.975754
3.668973,-33.068092,64.804947
13.132743,25.167791,57.953381
37.401817,-12.848568,47.644409
24.477551,-30.068628,58.657673
-1.643893,-30.651222,43.796471
-8.376081,-17.578039,20.857574
-8.328048,-36.759682,53.983189
-8.087458,-10.799038,15.065052
13.088690,10.383724,6.757241
30.887707,-0.395617,25.953186
-11.730774,1.944549,45.997749
5.461759,26.038071,58.075443
-0.474865,21.773943,23.347263
-11.665956,10.541158,27.633411
-5.530950,-33.806698,61.198803
26.614304,3.925685,27.994865
-7.805908,12.989305,31.111105
4.943251,22.108225,40.838799
-8.936207,-37.700134,58.090824
-4.434947,-43.778687,65.480316
-7.852978,30.450039,38.031502
33.579655,-4.019172,36.442345
1.800710,24.290243,46.445812
2.212168,-34.997993,56.904163
10.659441,26.748869,56.529160
-37.073639,2.763276,25.443138
9.752090,-18.620478,13.216659
-11.505208,-8.701005,11.493320
-8.791030,-19.223186,20.446667
6.197890,26.614252,59.767204
5.599269,24.475752,57.221066
