-6.611786,18.380388,29.533802
-5.564499,23.454521,29.494402
-7.658089,22.961870,28.103502
37.479481,-29.724545,88.200241
35.169434,-31.492895,88.200241
37.335487,-32.307060,88.200241
15.283315,28.233145,55.232986
17.698063,27.083944,54.173103
15.409447,27.508860,53.183208
-32.694786,2.459629,39.754707
-31.374866,4.609600,37.829491
-32.435287,5.333237,40.317284
28.990788,21.143169,88.199707
31.077066,19.535753,88.199768
31.649906,22.372707,88.199684
-7.280049,33.319054,45.449558
-5.781515,33.739201,48.202316
-4.476278,33.167282,45.579216
-25.955982,-17.423166,70.160957
-26.971571,-14.943243,71.046646
-26.564522,-15.466795,68.307831
-0.816350,36.683571,88.199303
-2.790043,35.770966,88.199554
-1.020186,34.609421,88.199677
-53.721939,-4.877615,71.455994
-53.091370,-3.174001,70.470276
-53.075905,-5.824709,69.684402
37.653633,-27.019495,88.200218
34.992561,-28.542263,88.200272
28.644253,-27.623167,28.326778
27.241142,-29.694170,28.720367
26.668354,-28.504471,27.098349
-43.512871,38.805992,80.741119
-45.128254,38.639877,83.082779
-42.756073,39.914829,83.148087
-7.663538,-15.457182,88.199928
-10.216200,-15.660387,88.199951
-8.535994,-17.749477,88.199959
-56.847633,-13.177013,79.031837
-56.434223,-14.515601,77.601425
-57.010246,-15.671335,79.911697
-1.895443,-32.212433,32.381485
-4.188759,-31.118120,31.230669
-3.962563,-32.538403,33.838188
-25.344223,35.088978,61.111301
-27.607626,34.152779,59.749550
-27.980080,34.929691,62.295395
-48.654968,20.077284,70.028526
-48.125252,22.788612,70.201469
-47.347977,21.635677,68.581993
-0.325504,20.927197,34.901188
-1.973700,23.962379,33.326637
-1.983378,20.207150,32.794479
-10.038402,-12.508211,17.513615
-8.903139,-14.600760,17.537159
-8.255519,-12.980715,16.123589
43.471104,9.727846,63.535484
42.029137,12.194344,63.108334
42.631126,11.500870,65.347412
-15.362411,-49.554081,85.393173
-17.880735,-50.996735,84.906799
-16.067541,-50.417397,83.300438
-33.451149,6.165304,42.976540
-32.176357,7.921772,41.075333
-3.508140,-41.659443,34.502758
-7.051294,-40.469078,34.467396
-4.724734,-40.410461,32.695751
-8.142072,39.522808,76.472595
-4.780641,38.707233,76.744766
-6.311357,38.273727,74.092308
-14.347291,-40.869869,82.561142
-14.740469,-38.650921,82.109039
-13.756647,-40.486942,80.517418
-14.761740,-23.481312,52.928692
-16.162842,-22.829426,51.161484
-15.506636,-21.211372,52.588219
32.369854,-26.142294,57.068195
30.913599,-28.038368,57.216438
31.773409,-27.056278,59.469879
48.929256,-18.019003,63.012180
48.272327,-20.116020,61.648258
48.591312,-17.863052,60.859192
9.641706,5.611897,11.865872
8.932582,7.892417,13.925977
7.341517,7.191833,11.456127
0.894751,20.652264,45.424824
-0.433338,20.029081,43.616768
-1.394173,19.990610,45.589832
-15.702295,37.758770,79.958801
-18.284771,37.762508,80.112289
-17.208635,37.038712,78.130157
-15.155560,29.395973,35.649895
-12.608837,29.717457,34.965569
-14.559755,28.599297,33.086601
31.402336,-20.833193,86.016968
30.284479,-20.074930,88.200134
32.301529,-19.033016,86.901703
39.448231,-36.309807,59.095253
38.468632,-37.818989,60.256924
37.700108,-38.111881,58.333618
-6.753202,11.418420,19.878199
-7.743633,11.346553,22.379307
-9.405906,10.511089,21.124212
30.162308,-2.575570,23.327713
30.825478,-0.837861,25.025856
31.685755,-2.998993,25.495300
-16.075022,34.302044,70.695076
-17.623755,34.975948,72.741692
-19.529051,34.287739,70.805397
11.933424,-17.064285,7.057703
13.986385,-17.662558,8.558609
12.520880,-19.349243,8.829600
-5.727170,-24.125237,12.122245
-6.921929,-21.680616,10.773158
-4.463171,-22.689665,10.523535
-22.569456,34.204659,70.793388
-21.766436,34.867805,72.792274
16.876913,-38.267063,30.115154
17.877151,-39.390205,32.206848
14.881691,-39.754093,31.134342
-46.785271,-28.392509,66.859718
-48.364223,-25.843166,67.485725
-47.206730,-25.642061,65.355507
-36.983330,-21.188850,49.124012
-35.543991,-21.057766,46.591011
-35.205097,-23.288193,48.324352
-13.629607,2.360017,17.195480
-12.832721,0.536965,15.826094
-12.055761,2.667390,14.724140
-29.125957,-44.982712,64.161743
-26.655197,-44.852245,63.241966
-27.332825,-46.083973,64.866554
39.034157,13.041779,52.554150
38.277969,12.676445,50.421997
37.632332,14.543065,51.785583
-23.250443,-3.037872,60.666965
-24.355108,-4.413799,58.140411
-24.517677,-5.531543,61.450462
-13.972635,34.736282,71.975029
-15.584809,35.196110,73.259720
34.621365,-2.776707,61.901455
34.132389,-2.338992,58.906944
35.357494,-4.687206,59.802673
45.797523,5.065432,64.192291
46.576511,2.774599,63.422718
45.713169,4.339159,61.640163
-47.881386,3.217106,72.377037
-48.375393,4.937154,74.458527
-48.790897,2.546911,74.587822
-18.397976,-2.703542,43.341408
-16.503279,-2.033105,44.882664
-17.894426,-4.560548,45.453560
-10.189533,34.770592,54.421791
-10.296566,34.395969,51.759872
-12.728671,34.606365,53.332653
9.060313,31.529320,61.830276
6.600961,32.109367,61.210857
8.226260,32.128387,64.522499
-49.565094,-28.822235,82.467758
-50.764992,-26.867432,82.989456
-51.124023,-28.239349,85.381844
-16.194166,3.461218,38.525215
-17.617489,0.956010,40.053108
-17.948086,1.691868,37.664742
-30.982101,9.509049,39.563889
-31.337515,7.096061,38.901035
-0.943000,30.013096,61.117104
-0.683992,29.981628,58.631424
0.510943,28.762865,60.678520
-15.247620,10.714278,69.862663
-14.205001,12.936224,70.824623
-14.358264,12.485096,68.260048
10.297767,5.705559,52.825935
12.299221,6.265604,53.230164
11.570966,5.573427,55.702797
-0.545545,2.531048,76.357857
-1.230414,0.214387,75.780052
0.032133,2.010790,73.864571
12.404167,6.727529,51.025986
14.194391,6.820981,52.593227
-17.538147,-4.902894,23.485086
-16.239279,-5.825608,21.719952
-16.219418,-3.292547,21.263184
27.932217,4.769424,24.148567
29.710354,2.990917,25.566919
28.614458,2.191439,23.324539
25.125154,-12.143502,16.393263
26.701466,-10.583152,17.932972
26.789534,-12.844401,18.506073
-13.175111,-30.213713,88.200058
-10.827194,-31.120781,88.200073
-11.284188,-28.618811,88.200035
34.772114,-17.964994,74.321060
35.259716,-14.956126,73.556297
35.227531,-17.528698,71.454659
3.400110,-36.998974,24.557276
5.109575,-35.892620,23.072977
5.961456,-37.318027,25.154705
-37.109463,-0.213567,38.607506
-35.968361,-0.347819,36.101555
-36.832951,-2.119595,37.602505
12.543269,16.009153,72.184341
10.876500,14.204810,71.737373
12.777706,13.497980,70.645081
-11.018082,17.399347,25.253841
-11.388869,21.487183,26.081131
-13.488800,20.241001,25.336838
-4.570595,-28.061390,63.250584
-2.633486,-29.282629,64.611084
-3.723431,-30.155102,62.803158
-19.177923,-27.341370,88.199997
-17.919792,-24.967516,88.199989
-20.455338,-25.148510,88.199989
39.668919,17.557289,80.912460
39.478855,17.627651,78.767670
37.997898,19.659275,80.376724
36.583775,20.906528,75.786346
36.301281,21.574192,78.939804
38.136200,19.232237,77.620155
19.196905,1.334894,10.291702
20.425571,2.458918,12.233225
20.802158,0.654292,11.890110
-48.917381,34.472946,83.191826
-48.214577,35.897800,85.716286
-47.157005,36.799911,83.280212
-0.956322,-47.439129,52.693581
1.109677,-48.284729,53.774757
-0.397586,-48.074120,55.238514
-56.422050,6.538621,86.206963
-55.739029,7.548724,84.381569
-56.037918,5.078786,84.350754
37.362144,-1.172398,36.183285
36.673069,-2.544580,34.133247
36.109661,0.341199,34.848671
22.723022,26.023558,55.446354
25.024326,25.105642,55.212906
23.040491,24.941401,53.134808
-54.967812,9.175661,82.383530
-55.200386,5.972301,81.756958
9.796850,10.241421,69.680519
10.288758,8.756821,68.141922
12.311494,10.759216,68.904053
3.654422,-48.854328,53.497673
1.583767,-48.021854,51.566048
4.142436,-48.525921,51.048393
-32.224682,-16.654444,33.974258
-33.155281,-14.425207,33.948341
-31.745424,-15.219376,32.385052
30.681749,-9.713327,23.010155
29.328228,-9.358174,21.154057
30.131351,-7.379530,22.363626
8.960318,-43.815296,35.932537
11.294290,-44.124908,36.878735
9.181800,-45.103676,38.537254
-25.116581,-0.242925,50.222504
-25.245218,-2.694350,51.416569
-24.656374,-1.255647,53.091885
-0.089617,37.007885,77.308792
1.096866,36.816456,80.383362
2.846355,35.741116,78.136551
-15.040902,2.992036,7.401410
-14.237527,1.064627,6.518058
-16.193026,1.142623,8.569613
-41.093346,-37.988873,67.329628
-41.613945,-36.012081,65.629646
-39.931438,-38.282410,65.689117
-22.386955,-23.939510,68.470627
-22.843008,-23.300636,70.148224
-23.186758,-22.376963,68.499207
-11.702037,-10.294669,53.745628
-13.792361,-11.218716,52.567730
-13.293848,-8.631212,51.588058
-19.634087,35.441956,59.829716
-21.960690,35.527683,61.087891
-19.550507,35.980106,62.312752
-24.146826,28.142738,41.259956
-22.083336,29.484638,41.977917
-23.123734,27.971508,39.623737
-25.189339,30.478777,47.826599
-27.198496,30.161098,49.384590
-25.301531,31.561234,50.575302
23.660721,-47.924812,57.663498
21.723736,-48.352272,55.898727
23.721510,-47.554253,55.412834
28.474819,16.548910,80.289703
27.740396,16.059351,77.610214
29.680922,13.979940,79.269302
1.325017,-0.310371,65.370911
-0.221834,-2.504385,64.879211
1.207258,-1.063165,62.814728
-45.017250,-19.918083,65.464600
-45.671989,-17.486473,65.444115
-46.491371,-19.557737,67.589874
35.985783,-17.442308,68.069374
36.657154,-16.725941,65.959778
36.074013,-18.829918,66.038658
8.442821,-15.780147,14.773330
8.556730,-18.219246,16.615583
10.511769,-16.460102,16.366713
-19.481899,30.548790,57.305790
-19.868240,31.300640,60.118149
-21.386604,30.685793,58.465782
46.489338,4.901825,85.386536
47.471992,2.238398,84.204483
47.344292,3.518468,82.446152
-3.486012,-0.491629,5.443587
-5.669265,-0.569106,6.993503
-4.114061,-2.334871,6.382206
-13.757383,27.867250,30.626579
-16.546097,27.407301,31.498869
-4.678562,-8.073909,59.322220
-5.406804,-7.207895,57.162704
-3.171337,-5.879807,59.154121
15.225898,0.487771,14.525189
15.720501,3.051743,16.442484
13.763638,3.533896,14.374064
-41.569817,41.116116,88.199142
-39.106438,41.982082,88.199127
-41.335579,41.047836,85.824844
-3.967374,-18.466700,16.328520
-1.499346,-18.579725,15.434665
-3.070875,-16.486641,14.630890
-37.469269,27.974222,59.517036
-35.787327,30.118992,60.005646
-35.889347,28.270844,57.695160
16.640635,-36.750126,45.422241
16.627317,-35.472004,43.064957
14.495276,-36.639290,43.753204
-52.447811,22.008244,88.199295
-53.128689,19.448318,88.199455
-50.919483,20.762653,88.198631
29.957075,-45.554573,70.653938
31.093122,-44.923763,68.000298
32.210129,-44.090755,70.489433
-30.137220,-1.425385,27.785530
-28.584476,-3.004339,26.129969
-30.281864,-4.183118,28.043335
35.746571,-8.112103,70.290237
36.145363,-7.962002,67.781364
36.225666,-10.030896,68.826523
-52.342480,-9.222305,79.220093
-52.677692,-11.860577,79.349205
-51.905769,-10.867662,77.150642
-2.512138,-36.535957,24.753700
-2.704703,-34.887981,22.342106
-0.412402,-36.120209,23.611485
-16.056957,11.922713,81.512497
-15.554524,12.533767,84.600761
-14.618604,13.993577,83.103745
1.752339,-28.124859,25.076077
1.176289,-29.598335,27.431257
3.756517,-29.059153,26.750927
-21.280350,-40.000362,56.862511
-23.287979,-38.947235,56.109726
-21.494314,-38.355145,54.581192
-15.143316,2.128009,41.961464
-13.634503,4.619019,40.197887
1.080022,-10.781932,9.190975
3.462240,-10.589967,9.139904
1.975133,-8.612667,7.606906
-38.440002,-39.373672,73.312668
-39.771385,-38.202896,74.316261
-39.014828,-39.958961,75.823700
-32.610291,28.226330,52.895309
-30.209528,30.161339,53.081490
-30.934742,28.466860,50.788300
-35.412994,-25.440411,50.364357
-33.814137,-25.274160,48.311996
-0.448644,-23.970123,10.378828
-2.215363,-22.292511,9.416066
0.303642,-21.942017,8.586754
33.366810,-29.140913,35.069794
31.488724,-29.920088,33.465370
33.094933,-27.629879,33.369621
-19.314041,37.647453,68.696220
-20.570833,36.985508,66.537086
-22.353233,37.729813,69.187096
-9.490912,4.294719,43.191681
-12.456084,3.395661,42.614231
-11.075483,5.345545,41.189877
-15.534727,-35.970486,74.748566
-14.742033,-37.909073,73.092468
-14.390784,-37.475018,76.082321
-23.718344,31.754128,62.694511
-21.429586,31.687830,61.859440
-21.420334,32.267349,63.894714
6.877899,-24.267145,21.207430
9.303946,-22.384089,20.399483
6.623971,-22.165901,19.025597
19.077240,3.779859,11.480188
17.425186,3.371480,9.447119
20.637264,4.305240,13.717612
18.895794,5.941395,12.876757
19.902807,6.755094,14.838094
-43.500282,18.164249,61.451649
-44.129471,19.582411,63.127304
-42.567131,20.871965,61.464787
-32.025948,-18.006437,46.899090
-33.943001,-16.343426,48.161591
-33.277069,-18.784332,49.328979
-42.147808,24.945215,63.271873
-42.193802,23.155327,62.229485
-43.923653,22.485550,64.255875
-20.392443,14.971077,19.160559
-22.255816,14.639134,21.011963
-21.217541,16.955765,21.418514
-16.878021,-20.435091,17.744925
-16.272640,-22.603334,18.445620
-18.209867,-21.701796,19.874222
-31.916777,-50.462219,88.199394
-32.411377,-53.030045,88.200256
-29.764095,-52.662727,88.200188
1.698262,32.881512,52.133633
4.153055,31.813545,50.465923
1.420788,32.670837,49.740097
-16.062828,24.290281,24.715134
-13.782158,24.494518,23.680868
-15.429634,23.063992,22.641466
10.237892,-49.533501,52.974182
8.698840,-49.041630,50.574852
11.380323,-49.087601,50.355068
-28.732733,-24.451180,36.594978
-26.108660,-26.454376,34.714169
-27.420713,-26.571266,37.618263
29.559855,-29.535130,61.261536
28.689138,-30.545671,59.666275
28.019878,-31.116156,62.040539
19.328339,27.253605,55.925621
20.560606,26.114315,54.009575
7.205547,-34.637676,21.653885
9.350025,-34.554672,22.078972
8.335795,-36.162514,23.930922
34.376400,23.694271,78.494926
35.237354,22.566788,76.847008
33.704525,24.130169,76.198082
16.682360,9.705082,13.989689
18.945786,9.261674,16.242226
18.394806,7.875437,14.045310
20.767839,-34.810127,45.777855
21.323832,-35.516769,48.302681
23.337513,-33.566841,46.996578
32.362156,6.440988,76.330101
32.088211,8.396997,78.503357
31.248262,8.963013,75.854851
-3.627554,33.765743,49.907795
-5.754797,34.166359,51.386951
8.774718,7.420990,45.468960
10.950525,7.401810,46.784195
9.070933,6.684421,47.891201
1.766570,6.486209,74.967163
2.653745,9.030678,75.614151
0.903195,6.715313,76.999817
40.717163,-36.411453,69.200607
39.268375,-38.083752,68.496895
40.342884,-36.826378,66.700279
12.532037,-5.449284,11.835903
10.208912,-5.565538,9.880322
11.669497,-7.571641,11.808510
-10.850231,-24.567732,25.950068
-12.944763,-22.723858,26.015966
-12.739528,-24.939793,28.171410
44.359898,-27.047506,55.846439
43.394932,-27.426542,53.359085
44.677254,-25.148788,54.005665
21.165684,27.080111,56.821152
19.393812,28.027309,57.979492
21.902828,27.868773,59.412514
-31.484409,-43.417641,63.470856
-31.130581,-45.359734,65.723106
-33.585823,-43.913090,65.552666
-23.762539,-31.264915,40.704765
-23.831560,-31.865517,43.030602
-25.903257,-29.866550,42.351128
0.744583,-21.703691,17.422537
-1.332268,-23.399773,19.215994
1.675112,-23.844084,19.456306
-22.306166,39.230396,73.519119
-25.023636,38.715176,72.407555
-24.293030,39.443790,74.346878
-4.121810,6.225687,6.167385
-2.346370,6.156820,5.089845
-2.329373,8.156572,7.281104
17.549376,-36.677204,28.482841
15.064730,-37.918507,28.761194
15.533545,-36.183342,26.754187
16.869438,-23.381386,26.321840
14.601872,-24.887398,26.159592
16.271456,-25.783522,28.580982
35.343266,0.521643,88.199905
34.747250,2.972267,88.199928
35.389332,1.404679,85.944504
34.599960,-2.869364,73.828400
34.507607,-2.057621,71.874016
34.909744,-4.109932,72.072586
-22.950039,42.959660,88.199196
-25.421078,42.879417,88.199234
-24.447094,41.185043,88.199051
22.886553,16.331528,32.143635
20.624737,18.040146,32.620720
22.005959,17.800022,34.115532
-9.564011,-32.273285,52.347099
-7.697795,-34.043205,51.743614
-9.390622,-33.268547,50.396629
27.611860,-38.063847,38.322365
25.498335,-39.792671,38.469551
25.664911,-38.116348,36.363888
34.215477,-22.420446,54.496246
32.912453,-24.780714,54.514946
33.981144,-23.665417,56.884151
19.357460,-34.153320,74.862457
21.674513,-33.685097,74.760811
21.052984,-34.914249,72.388817
-1.864884,-33.790958,61.684757
-0.219884,-33.911568,63.676567
-0.170637,-35.440662,61.857483
0.620553,12.327703,6.258669
-1.435935,10.985081,4.498716
-1.634840,12.820016,6.567061
-25.316118,-29.572309,39.838696
-44.380539,39.692162,85.589478
-40.055496,35.091007,78.332603
-40.510342,33.646088,75.974762
-37.857693,35.176296,77.147049
5.707476,-33.176830,70.943970
6.812108,-35.378784,69.714241
4.565207,-34.049805,69.111641
-11.670163,0.139916,14.152478
-12.218818,-2.002707,15.403704
48.919292,-3.419023,81.796280
48.595577,-0.782362,81.462440
48.378513,-1.953526,83.756340
-19.744574,-3.456234,41.533249
-19.665501,-4.889022,43.234993
-20.758669,-5.401153,40.803291
39.786469,16.697392,74.135452
40.348427,15.696394,71.910416
38.370529,18.291931,71.686111
25.842461,6.685197,22.756998
27.354485,7.072550,25.342999
-15.261242,-10.084466,50.833107
-15.706048,-12.923597,51.575581
-17.388332,-11.974064,49.641617
-13.992423,41.340584,79.930405
-14.518560,40.684761,77.698448
-16.510098,41.034966,78.685730
2.551408,29.268272,38.670151
3.772248,28.072903,36.872730
1.819417,28.683819,36.245590
-41.520409,17.864428,57.890209
-40.768734,19.758251,57.733593
-40.231400,18.130754,55.517467
46.495842,-0.667051,57.392593
45.622227,1.953862,57.129173
46.510788,0.870847,59.430260
30.513056,2.176175,51.337105
29.555088,3.095445,49.546051
30.952896,1.274613,48.240314
30.140039,15.232294,84.573677
30.426933,14.250167,82.431595
31.169573,13.283381,85.080299
12.962142,28.550356,53.506149
10.757045,29.841322,55.205948
12.863963,29.449297,56.635162
5.928081,-30.445238,16.428205
5.189937,-28.072691,13.866626
8.242791,-28.723242,15.067824
45.381058,-12.028393,48.210812
45.077972,-15.148779,47.606216
44.247974,-12.693876,45.384491
28.446848,8.939964,29.140528
26.851704,10.810323,28.879377
28.228275,10.670985,30.991457
13.893061,-35.391762,24.906918
15.689662,-34.610401,24.875767
40.827904,-35.148094,76.403595
39.602493,-36.116886,78.068649
38.845730,-37.538849,76.297905
35.250423,-6.454559,72.273415
35.485916,-8.802533,72.298615
48.694496,-0.529308,71.372841
48.424160,-0.393779,69.198807
48.046215,1.205399,70.295670
49.343327,-10.223104,63.206474
49.148258,-7.625746,63.462376
49.522991,-9.231898,64.922134
-8.016454,36.058033,76.706383
-6.033315,35.223743,75.736343
-6.611440,36.330078,78.383041
-9.381929,15.738831,11.954098
-10.435464,13.799238,10.037230
-11.759236,14.860487,12.054128
-17.368044,-31.795897,28.953197
-19.207863,-29.551262,28.134541
-17.577162,-30.163145,26.831890
8.639434,32.034935,88.195816
10.080537,32.536572,85.679520
7.203601,33.049500,85.717148
-27.707869,6.372110,31.996668
-29.102228,6.365315,34.382229
-28.752312,4.072001,32.872307
18.639421,-4.094041,8.455843
18.857052,-1.467652,9.009950
19.932793,-3.227268,9.857883
44.913498,-30.100346,71.572258
44.679832,-30.707542,69.324745
45.792694,-28.601448,70.213257
32.071316,-22.004700,44.586353
32.645393,-19.723171,43.601646
31.526194,-21.677925,42.729523
16.608101,8.308460,38.666088
15.629601,8.488633,36.007355
18.000532,7.469155,36.978096
-37.744953,-52.968845,88.200157
-36.024368,-51.238678,88.200142
-38.170898,-50.256123,88.200111
-10.521751,-1.889854,13.021945
-9.642820,-4.765505,13.094795
-8.646919,-3.162988,11.099368
11.755742,-45.143761,38.978111
10.629848,-46.150799,40.978085
12.757587,9.752380,35.892361
11.158299,9.891300,38.219711
9.477324,10.874884,35.806553
-1.455517,10.879225,13.902199
-0.036237,11.353034,15.638495
-2.443152,11.538734,16.409096
-2.984184,-42.812832,36.827118
-1.632574,-42.562771,35.421768
-52.487083,13.370890,75.757462
-52.585968,16.105017,77.040230
-51.611469,15.423433,74.237572
-5.293741,-44.175556,43.639023
-6.998497,-43.105255,42.177162
-4.717422,-43.658455,40.809818
5.151256,-4.110862,0.529455
6.234622,-1.516741,0.723016
7.725973,-3.825459,1.185002
-7.048431,-30.404818,31.576349
-5.918508,-29.481970,29.297297
-8.478332,-28.797350,29.864769
49.029270,-2.422854,69.809792
48.511406,-1.596736,67.181885
5.175745,24.771172,27.977322
3.778887,25.903538,29.756716
6.269859,24.880920,30.083771
-53.227951,-1.212479,71.600647
-52.217247,-1.422750,69.030144
1.639215,12.351936,20.954655
-0.218665,12.658350,22.956503
-1.483142,12.362462,20.649136
5.170056,-48.320736,49.150314
2.425634,-47.669254,48.539330
4.964751,-47.815384,46.968636
-22.257589,-46.067604,78.469467
-24.932377,-45.967735,76.456802
-24.499914,-46.698277,79.015495
-50.517570,-34.306076,79.431961
-49.179676,-35.603855,78.614624
-50.055046,-36.133335,80.707817
-20.086533,9.693706,31.061726
-20.720238,9.519772,33.132824
-18.918596,11.778133,33.229156
-33.545612,12.058753,46.865734
-34.394711,12.567489,49.173080
-34.619556,10.276719,48.104034
13.428550,25.850204,81.398956
12.485767,25.625086,83.880928
11.124312,25.534540,81.807495
-47.046608,-11.499540,59.293953
-45.886768,-10.981603,57.540901
-45.976585,-12.984911,58.036785
-23.416260,40.079670,76.093826
-21.260147,40.795185,78.160255
-21.001505,40.009224,75.660851
-24.800762,23.162085,32.291435
-24.529200,21.613062,29.564819
-26.537519,20.898350,31.577686
-17.687273,-2.298525,23.726988
-16.544556,-0.617698,21.797310
-57.561554,-21.096622,86.088150
-57.211018,-23.723776,86.322639
-57.437130,-22.147072,88.199799
0.150507,-26.093876,69.782852
0.283014,-28.231417,68.664177
-1.210036,-26.246593,67.941643
-41.409695,-38.941296,69.259369
-43.603264,-37.297417,71.063431
-42.579575,-36.534538,68.071777
-33.715473,-32.729721,54.333328
-33.991024,-35.137356,56.407013
-35.941715,-33.314220,56.334877
-19.252878,-32.133827,88.199722
-16.974085,-31.871418,88.200043
-18.063837,-29.697086,88.200272
-37.422482,2.490986,40.194126
-36.201546,2.574497,37.386864
-11.914650,-11.435980,7.785469
-13.516684,-11.274876,9.245131
-12.969125,-9.049388,7.665963
13.484525,-5.752626,4.218949
11.842337,-4.513992,3.168440
13.418643,-3.358008,4.187394
2.822617,0.260839,4.616865
2.894886,-2.970851,5.120651
4.464841,-1.350533,5.353151
-12.114261,-14.031971,88.199921
-9.369891,-12.595520,88.199913
-56.923309,-18.975761,80.656143
-57.483299,-17.086933,82.413864
-19.306877,17.280981,19.856480
-19.284674,19.380638,21.568336
29.511301,14.747191,88.199768
27.992174,16.943499,88.199730
29.113264,16.691727,86.036079
-25.364738,-5.930607,69.902504
-26.603203,-8.237374,68.489990
-26.606844,-8.085739,70.878265
-21.487177,-24.951443,26.030664
-19.533291,-26.250750,24.760098
-20.503670,-27.344784,27.119026
40.437294,-26.652542,44.559189
41.548847,-26.479870,46.993149
40.265003,-28.447325,46.405220
22.079893,-26.203663,20.953815
21.665760,-24.672819,19.430716
23.376728,-24.874943,21.089117
16.714771,-2.197938,6.873848
9.607417,-34.476131,37.967861
7.442668,-35.119976,38.490738
9.061523,-36.209717,40.987083
-17.141491,-0.300934,42.518074
-18.930292,-1.315136,40.658585
-18.156200,-24.834066,46.779724
-17.278790,-26.610989,46.689140
-17.935272,-26.872047,44.557819
-10.218531,27.295702,27.358160
-11.069716,28.104012,29.736931
-8.290786,28.093897,29.087858
-4.682395,-28.615131,27.242281
-7.106297,-27.962769,27.586994
-30.160477,4.295098,35.403683
-31.351727,1.894223,36.802086
29.998960,-44.964790,59.487206
32.375443,-43.367905,59.763718
31.345774,-44.437752,62.069645
-27.329250,-12.683445,69.238899
-26.842566,-13.287639,66.436623
7.808541,-24.738579,88.200111
8.224853,-27.057119,88.200089
10.170835,-25.289906,88.200089
42.539402,11.983276,67.796120
43.721668,9.788132,66.484955
-17.532108,10.139300,12.834910
-17.884834,7.453409,11.815170
-19.293602,8.603380,14.213198
-43.665218,-34.048431,66.956902
-46.690998,24.397635,76.212799
-47.566643,21.611210,77.363800
-46.563713,21.308487,74.602211
-21.241276,22.862719,39.076950
-18.940214,23.065014,36.842735
-18.828180,23.934849,38.876369
-21.120424,-7.786666,33.266262
-21.059332,-5.972190,34.664524
-21.536861,-8.258261,35.720196
3.259744,-13.235097,2.685650
4.648979,-14.721635,3.527067
2.021944,-15.448682,3.843270
38.739777,-38.510265,65.530037
40.113300,-36.782211,64.215324
-54.494534,-5.032267,73.466629
-53.777935,-3.343917,72.140808
35.236317,-8.055782,77.760422
34.997890,-5.568419,76.720879
35.161579,-7.882549,74.990318
15.203318,12.435934,69.190247
15.393746,15.196136,71.080406
31.292620,-26.425114,74.658577
30.484289,-27.615614,72.811172
29.679935,-28.427917,74.720528
14.727713,-33.398769,38.687771
17.340750,-32.325012,38.814995
16.046465,-31.922302,37.374092
-5.425780,-31.950478,59.133942
-5.842208,-29.490660,60.936440
-3.818871,-31.989166,61.115173
-46.820137,4.881693,61.006203
-45.929920,7.062952,60.332336
-45.516464,4.764689,58.725170
44.721226,-6.791652,48.148846
44.728138,-5.067030,49.025742
45.422157,-6.560809,50.025162
-2.317294,-6.325958,66.347725
-2.028558,-5.332530,69.193878
-2.742027,-7.944682,68.064056
10.485259,-0.369319,2.650452
11.807316,-2.436062,3.174942
9.959090,-3.131691,2.068769
-19.864857,-30.681566,30.764849
-21.321964,-28.409079,29.568827
-15.531259,-29.824352,88.200043
-16.729000,-27.179554,88.200081
-42.790443,-19.425911,55.702888
-43.066414,-21.902077,57.101460
-44.053841,-19.556648,57.398602
-17.109272,-34.740051,81.764603
-17.049393,-35.569786,85.214478
-18.189337,-33.265995,83.231522
-14.994555,-26.253937,32.703445
-14.469194,-25.135447,30.426167
-16.525976,-24.229248,32.054535
-35.269638,-14.514938,49.462685
-34.347240,-13.787121,46.809761
2.416441,9.547884,39.974499
0.112177,8.717182,40.799492
0.415432,10.481756,38.311188
46.883926,-25.210251,62.732735
46.614326,-24.588753,60.261276
47.660801,-22.734806,62.223770
-33.076214,39.427929,75.866936
-29.920214,39.518135,75.412407
-31.655985,38.361069,72.939880
-28.366106,-51.006042,74.771042
-25.824203,-51.119423,73.904411
-26.311382,-52.016922,76.752686
-23.658150,15.393663,23.123095
-22.632038,18.015257,23.698481
7.786129,-51.526165,70.353928
8.356060,-51.408028,67.140289
10.851888,-51.529659,69.156479
-21.105606,35.807468,75.372993
-23.589743,35.224037,74.068810
-6.458212,-5.911485,86.270905
-5.009327,-6.991408,84.342957
-5.145153,-4.506516,84.245461
-25.573111,-11.079477,57.421055
-25.377419,-11.607329,54.682266
-25.287647,-13.988687,56.943573
-23.115179,-16.340473,22.822256
-25.513672,-15.960133,25.426180
-24.446463,-14.276906,23.649385
29.614031,-39.132195,42.443203
31.345156,-39.109871,45.152679
29.417233,-40.830833,45.138329
-36.133884,26.757805,56.201778
-37.643612,26.177837,57.869629
5.389609,8.077540,11.030841
3.520491,9.456283,12.123965
3.279842,8.308579,9.674400
-9.781383,18.935923,71.741043
-8.543846,19.890091,69.438660
-10.185721,18.431408,69.172394
39.615135,11.105145,51.127121
41.050884,9.264996,52.136608
40.191708,8.912283,49.780258
-16.927488,30.534906,56.566540
-17.655706,29.789680,54.005630
-14.625836,30.309597,55.205692
25.698318,-31.413380,46.637772
25.586966,-32.410255,48.996696
25.698109,28.676310,65.997040
26.793972,28.654016,68.636475
28.521875,27.409456,67.092964
-14.520519,-30.204464,46.889915
-16.241949,-28.427710,46.301598
-14.393025,-29.162958,48.965096
34.809322,-38.972107,52.236973
35.368011,-37.355099,49.989334
36.698860,-36.959255,52.468834
-42.387535,-33.680996,64.264267
-40.607704,-35.137936,63.004951
15.261810,-4.069223,5.472795
16.921778,-4.884335,6.837222
42.256462,-34.468464,67.543106
43.811726,-32.104206,67.008965
43.429268,-32.758175,69.391243
27.206495,-41.317379,42.833057
27.297216,-39.726139,40.323826
31.593170,1.033958,53.482475
30.016893,2.747226,53.565346
-20.678194,10.727207,48.526897
-21.590742,8.713219,50.550289
-19.662271,10.852393,51.392971
2.816028,21.591002,45.083729
1.912403,21.041836,43.481373
-15.680146,-31.520485,26.448189
-13.389454,-32.696877,25.705183
-14.817193,-33.421619,28.376289
-2.426750,-4.455959,76.091003
-2.850657,-5.019470,78.040779
-2.696139,-7.193904,76.733315
-52.308891,-20.949482,81.231842
-51.031010,-22.788197,79.586090
-51.227844,-20.686716,78.218124
28.170025,-43.495007,83.221863
27.123396,-44.925320,81.418800
29.462936,-43.941265,80.532341
-2.660198,27.268248,42.345062
-3.472848,28.078897,44.899372
-5.190667,27.302916,42.176838
-0.743711,-28.605703,26.009272
-0.527401,-27.250683,23.830059
-3.013864,-27.666328,25.088413
-34.639515,36.459869,69.831154
-36.424088,37.175243,72.227882
-34.022129,37.545654,71.855164
-41.448502,35.989243,73.422195
-38.721630,36.394070,72.131760
-40.053379,35.191071,71.077461
-23.060135,21.097200,27.113161
-20.918581,22.136293,26.017923
-21.994089,20.082558,24.817760
44.212410,-30.352287,75.675606
45.456902,-27.931747,75.671906
44.441040,-29.346014,77.251816
48.108120,1.746583,80.316452
48.102173,2.301672,77.666786
47.119442,4.844379,79.546799
-23.257170,-23.210806,74.072815
-22.307833,-25.178610,74.519859
-23.230877,-23.406448,76.254814
-17.862244,13.990278,15.912562
-18.828346,11.126180,15.036631
-20.108767,12.710099,17.445877
-10.606683,7.654034,15.660814
-9.432947,6.954886,13.070866
-8.649168,9.104924,15.002768
23.792223,-26.707569,22.889870
21.413496,-28.188215,22.115650
21.876017,-30.693829,40.272312
21.013668,-29.650503,38.059498
19.379478,-31.108536,38.659435
20.209578,6.524247,37.806999
18.677933,7.577189,38.948040
0.512429,-47.275360,85.518120
3.307338,-47.918674,84.677116
2.659585,-46.603146,86.692062
44.826084,-19.311790,88.200165
42.399418,-20.605972,88.200378
43.869209,-21.631548,88.199936
16.900667,-17.422241,21.616755
18.331215,-14.068069,21.027321
16.074894,-15.315859,19.584129
31.934273,21.187464,54.283813
30.541664,22.684217,55.757034
32.456341,21.636673,56.440689
29.326866,-43.042564,50.053818
28.922098,-42.465473,47.784744
31.092710,-41.496632,49.722366
0.534082,-36.037186,40.717258
2.539564,-35.346798,38.447014
-0.439794,-35.152424,38.504414
-6.645171,20.612524,64.133537
-8.591538,19.459394,64.601761
-7.374153,20.484253,66.711082
38.058228,1.907805,39.614075
36.676281,3.364376,38.197399
37.245430,4.316410,40.076927
-8.780457,30.745113,56.192188
-12.071257,30.637480,56.162781
-10.288016,30.188162,53.922302
1.683664,35.981556,85.191010
1.090394,35.043186,88.198395
2.960416,34.750755,86.216240
17.078579,-27.936867,84.561020
17.555922,-29.201828,82.528000
15.737134,-28.771694,82.716743
31.691072,-23.878357,81.260620
31.172718,-22.583714,84.109489
33.196522,-21.341125,81.866943
29.224613,6.928240,65.918365
27.511946,7.506418,64.498878
29.303677,5.585653,63.668781
-34.231037,14.469404,50.267521
-34.956440,15.274542,52.458878
-35.303486,12.929939,51.470524
-32.324005,-49.469788,74.324348
-31.604881,-48.920979,72.344719
-30.037624,-49.953354,73.270432
-6.256725,39.853889,78.973434
-8.611547,40.492046,79.130287
-7.143355,40.697655,81.268219
34.582382,-5.702768,50.430607
35.068665,-5.848724,53.003025
34.121574,-3.683783,51.727882
1.255514,33.262718,54.882561
-1.055732,33.884739,55.984100
0.765895,33.559879,57.660469
43.971382,-19.725161,46.502720
43.301250,-18.897247,44.441875
44.099461,-17.274618,45.685875
-16.713036,42.409584,84.280899
-19.498974,42.611847,85.649429
-17.019966,42.831051,86.575630
-4.801063,-3.661364,53.921455
-7.177470,-4.475977,52.790016
-5.748780,-2.057324,51.408760
16.742899,-48.293175,82.496185
15.507181,-49.229580,81.024788
18.277328,-48.968048,80.090408
-49.356297,-39.717495,83.780975
-48.210445,-41.567684,84.180069
-49.851696,-40.768867,86.129364
1.512299,4.544317,47.327312
3.934491,5.184903,47.703651
3.109942,4.014340,49.344635
-45.865772,-39.145878,86.629578
-47.168575,-38.756336,88.198959
-45.651714,-40.920368,88.197601
-57.464012,3.081395,88.199493
-56.753891,4.176198,86.340630
-56.941059,2.007055,86.137459
-27.083199,-31.791759,55.996475
-29.356968,-30.626740,55.360001
-29.755058,-32.676071,56.527592
-7.169374,1.820561,8.029544
-7.601408,-1.471460,9.206323
-13.723551,-39.547283,75.151779
-14.105158,-41.837360,75.996666
-13.499337,-39.484783,77.878555
-8.890358,17.700188,42.860985
-11.724588,16.623400,41.507805
-11.723660,16.934069,44.301369
-3.612811,-17.664869,88.200012
-1.991239,-17.943205,86.899452
-3.013090,-15.945329,86.403839
8.686223,-14.140476,4.108012
10.663397,-12.914836,4.346405
10.007555,-15.311539,5.172966
41.239674,14.142529,69.068459
41.631771,13.861862,71.679535
42.812111,11.888584,70.484703
-1.185325,-17.328821,85.200409
0.569149,-18.918598,84.173698
-0.567559,-16.628672,82.175224
45.766796,-24.777641,80.567101
44.790249,-27.216320,80.149338
45.881294,-25.978657,78.074615
19.261856,16.852615,27.652256
18.312624,18.127726,29.158024
20.548140,16.911076,29.754866
-53.687691,16.954369,88.199402
-55.584702,17.820583,88.199356
-56.024490,15.346672,88.199371
-29.518349,-53.340607,81.552727
-28.025055,-52.824211,79.444908
-26.439041,-53.599556,81.901306
-14.929037,14.956293,35.929241
-15.816206,14.580195,38.357613
-13.423153,15.722059,37.637371
41.616077,6.825212,50.759388
40.525295,6.531620,48.101143
9.465225,-51.332485,75.164253
10.803961,-51.443489,73.737427
11.487796,-51.192657,75.831978
-31.687397,-47.775307,70.094055
-34.051090,-46.531101,70.349243
-33.337475,-45.676132,68.014977
-29.913422,37.613022,70.539688
-28.296738,38.543705,72.551422
23.459633,-30.759155,88.200211
24.588217,-33.368832,88.200233
25.643782,-31.199305,88.200218
42.896317,12.483665,75.705414
44.223537,10.240201,74.611961
42.795811,12.300379,73.137711
-50.285172,21.479305,86.479858
-50.631340,19.219347,85.954514
-49.790607,21.006966,84.230392
-7.518243,-43.423962,44.795532
-8.939969,-42.455669,43.326073
-15.359270,-5.626300,48.346958
-15.378445,-3.863859,47.168449
-13.759721,-4.954532,49.008667
-20.565470,9.343247,16.311436
-43.939648,-31.582546,64.797447
-45.309048,-31.323719,67.025986
-45.170570,-29.750006,65.231804
-46.594948,33.963364,76.259697
-44.053486,35.228344,74.787369
-45.326054,33.276417,73.637039
12.822022,21.290714,75.234985
12.032964,23.471867,77.225426
10.009243,21.604557,76.233917
48.324020,-14.006194,57.667469
48.491001,-10.892099,58.388676
48.869076,-13.636341,60.124786
-15.327829,-42.975849,83.997787
-14.478892,-42.591339,81.333130
-15.989633,-44.319168,81.829025
-23.997339,22.989021,42.640766
-22.030388,23.800915,41.904892
-22.952499,24.560484,44.358444
30.256878,7.244474,68.479187
28.097076,8.491861,66.688751
48.119377,-6.208923,59.002041
48.804180,-8.512362,60.807098
48.279827,-8.359098,58.368546
35.490879,-10.555080,50.727859
36.097824,-9.979739,53.661839
35.371346,-7.962807,51.753273
-6.705359,11.439371,5.888823
-5.921976,13.318665,7.660391
-3.970154,12.219398,5.952353
35.615589,-12.618147,72.124275
35.285568,-12.422789,74.606697
35.368214,-10.551214,73.749420
-11.541736,9.563454,32.000183
-13.754498,8.038548,31.268612
-12.143619,9.356102,28.689768
-44.183777,27.199497,67.148819
-43.482174,25.420010,65.223610
-45.090885,24.487391,66.782814
-18.008627,2.621811,33.121216
-16.930159,4.458040,31.662855
-16.759623,4.417159,34.015423
14.655105,-17.202185,19.647221
14.798055,-19.547468,21.407356
5.773254,12.726359,73.982437
3.784853,11.711140,75.710640
4.726482,10.016309,73.370766
-30.294670,35.930977,76.952728
-31.895979,35.109444,75.101830
-29.219667,35.122810,74.637703
-5.054216,11.060300,16.009018
-3.947645,10.761966,14.236579
-1.762364,34.695114,64.703751
-1.471742,34.326237,61.978798
-3.650744,34.885197,63.036751
-49.237473,4.146013,76.653778
-49.577908,16.830408,81.735840
-49.020535,19.289017,80.877464
-49.827614,19.054686,83.304703
-19.582922,-30.523991,75.965210
-21.174170,-27.618771,75.649849
-20.232332,-29.078497,73.706337
-31.066505,20.211828,49.371075
-30.070042,19.979446,47.299591
-29.588987,22.052038,49.082527
31.618832,4.393820,29.832817
30.669039,3.870754,27.745735
30.129852,6.282619,29.019360
44.094116,-15.182178,45.150112
43.483700,-14.074480,43.622810
7.277515,-30.588072,74.540642
7.771390,-29.472557,76.007217
9.169825,-30.803829,75.828094
-15.693463,15.993525,15.854926
-15.554173,14.061749,13.931645
49.443699,-7.263606,66.014221
48.828773,-4.800219,64.239410
-42.303886,-25.791245,64.722778
-41.087444,-27.050884,63.777180
-41.872753,-24.090063,63.156242
-52.225624,-2.545789,83.312073
-52.776035,-5.257754,83.731346
-52.169128,-4.958858,81.328873
-37.440369,-44.270695,71.091248
-38.078770,-42.465012,69.014816
-35.819328,-44.860931,69.722969
-17.006475,-34.480396,79.417313
-15.653435,-36.323502,80.111458
-13.527637,32.856014,65.802200
-12.128075,33.290676,67.473007
-14.872747,33.346962,67.571976
-30.796389,-40.122166,59.434464
-33.200069,-39.776726,60.229561
-32.721451,-38.402946,58.549496
-2.796257,12.563349,32.451675
-5.096551,11.989832,33.064655
-4.733100,12.413144,30.704481
-17.648890,36.973572,66.344032
-19.179358,36.469925,64.415611
-20.457808,3.510159,84.029503
-21.589899,0.818351,85.335533
-20.416922,3.471081,86.580742
-16.544237,-5.177269,88.199829
-18.062071,-3.106184,88.199806
-19.237032,-5.424142,88.199806
22.290607,21.956175,78.380066
21.635883,23.639479,80.904312
19.986242,23.620150,78.957756
-23.391272,-38.186935,60.439697
-24.676802,-36.856163,59.119877
-25.851622,-38.808975,59.975212
30.673895,-21.414053,26.333893
31.952864,-21.427675,27.840420
30.343891,-23.485266,27.147839
-13.260192,39.169327,73.567650
-16.131269,39.555843,74.257088
-13.773118,40.059029,75.941620
10.947719,-25.998528,85.582809
12.448010,-27.263554,83.595291
9.708457,-26.228935,82.948868
12.377257,-26.232178,26.270699
13.932169,-26.505171,27.693365
-13.346910,-29.638340,21.691343
-10.411895,-31.411770,21.434231
-12.225466,-31.835506,23.382542
-39.352291,-2.361063,44.164711
-38.781727,-4.187841,42.516983
-39.773952,-4.043323,45.347389
-24.707359,-33.385586,48.754089
-27.612370,-32.221973,49.682610
-26.228462,-31.465269,47.084576
23.059315,13.124740,26.485397
25.378542,10.891734,26.710989
23.915268,10.771381,24.393898
-15.924384,-46.240936,63.312485
-16.545746,-47.892033,66.215927
-19.025660,-47.046448,64.867508
-56.021481,-7.764207,88.199615
-53.755795,-6.808280,88.198204
-55.741650,-5.456791,88.199699
-20.065617,-52.201405,83.680458
-17.890505,-51.302555,81.425514
-25.713181,-10.534148,49.029869
-25.815845,-8.536370,48.190361
-26.171076,-10.092257,46.222107
-5.963148,1.654876,1.206040
-8.586964,1.384718,2.437051
-7.082096,3.664700,1.884977
7.732455,-32.027748,18.530689
5.226992,-32.269009,18.396238
12.675183,7.388254,17.379614
11.900560,6.171144,14.686476
14.259644,5.345876,16.614536
-5.526004,-49.016647,67.119308
-6.424405,-48.324528,64.425735
-3.873684,-48.899826,64.339272
-14.901791,-36.413284,34.478104
-15.857210,-36.537819,36.639832
-16.827469,-35.329048,35.215622
-0.772125,-16.294071,13.686991
-54.294788,21.667137,86.383316
-53.858208,21.157959,84.020706
-54.711723,18.836678,85.835564
-3.317158,31.417194,65.105171
-6.250355,32.287121,65.199165
-4.477250,31.546513,62.768600
-2.466130,12.846827,30.126270
-4.362187,12.535585,28.398388
-2.026125,12.887606,27.768602
-38.125240,-5.243582,52.053307
-38.373142,-7.582784,52.874981
-37.210011,-8.040256,50.708542
-17.349155,33.659523,68.665665
-19.683290,33.326530,67.591911
-17.262081,32.990177,66.306297
36.935532,-39.488976,60.434410
36.386585,-40.455181,62.350540
34.726303,-41.614697,60.513401
15.071110,22.919216,76.382408
17.291868,23.575443,77.447418
14.675274,24.887537,78.771011
49.470654,-7.700040,79.535454
49.739117,-8.166229,77.208092
49.654060,-5.958009,77.638245
47.274799,-1.670174,88.200027
47.983742,-3.052504,85.958107
47.704651,-0.352093,85.752419
-26.951193,-23.223717,51.511017
-27.781208,-21.525444,49.741940
-30.097973,-23.092453,50.716255
-3.539981,-46.437424,52.467316
-5.250841,-46.039959,54.270447
-5.715352,-45.455433,52.252483
12.674569,6.846454,63.845768
15.262096,8.341141,64.823204
12.799355,8.585179,66.542953
-53.954994,-9.553895,88.198051
0.393714,-45.453289,88.200081
3.556485,-45.519672,88.198090
-26.438063,42.526104,85.970688
-27.714664,42.064770,83.466255
-29.285366,42.472507,85.678215
-40.407093,-5.985324,47.195415
-39.377819,-6.149971,44.468708
-39.497307,-8.498188,45.439018
23.107479,-35.344112,52.725899
21.355215,-36.356201,51.347275
21.422497,-36.717266,54.123669
-10.326003,-12.702595,7.065892
-12.055125,-13.883661,9.263597
13.584151,-34.310127,74.265068
11.385200,-33.786289,74.052765
12.863350,-32.649025,75.984055
20.238775,-19.520863,26.206675
21.799566,-20.101124,28.288689
21.932383,-17.405394,26.798479
-15.848865,-35.577515,77.164627
25.065474,-33.803238,66.164764
25.348831,-33.333576,68.978882
26.451975,-32.463284,67.129807
21.333780,30.441010,67.727890
20.300528,31.185036,71.117287
23.254414,30.388199,70.454033
38.555164,-38.362034,73.732506
37.235409,-39.925026,71.986862
39.286121,-37.936600,71.204010
17.126429,-34.350075,74.785545
15.502946,-35.042347,73.654549
15.251043,-33.665352,75.539009
-18.152372,43.085464,88.199234
19.041670,-46.119049,85.240112
21.128679,-44.753986,86.266724
18.733883,-44.964874,86.976936
-53.550083,6.513796,76.211464
-52.839493,7.925545,74.672745
-52.817379,6.307204,73.911591
3.784210,23.348352,43.321571
4.455881,24.913050,45.706169
2.720721,26.465708,44.629463
-49.718880,17.231453,70.835945
-50.311131,19.698355,72.829773
-38.656399,7.798258,45.426254
-39.668228,5.962970,47.121372
-39.483421,8.657917,47.763783
-14.039459,21.700163,28.239693
-16.121309,19.739199,26.354639
5.913146,32.683334,88.202888
4.966336,33.742401,85.933182
3.237594,33.526012,88.184059
-4.338666,0.872848,83.600296
-4.216516,2.965462,84.075539
-5.411304,1.351602,85.253258
-16.084543,39.334122,88.197975
-18.560392,39.541481,88.197289
-17.438511,39.373035,86.500710
18.283264,6.151425,32.857136
19.393908,6.052366,35.105938
17.392994,7.312539,34.810120
-3.030744,12.518080,23.402935
8.267408,-20.161966,7.697997
10.132692,-19.047215,7.511625
9.974911,-21.421740,9.223247
25.029211,30.499741,80.254684
25.718578,30.065756,77.081558
23.582863,30.937803,77.822372
37.290840,-11.889992,58.699184
37.357635,-14.445278,58.577007
37.541405,-13.390779,61.025337
-27.632366,30.986420,51.679649
-34.176819,-9.995885,43.674995
-34.376945,-6.931043,43.045662
-35.282501,-8.099709,45.955959
31.294752,-27.969624,31.519148
29.306507,-29.979660,31.101589
42.892372,-11.469608,42.526466
41.753288,-9.177140,40.736855
42.778721,-8.269974,43.113892
-25.414120,-18.717102,51.511150
-24.901888,-17.387444,53.767654
-25.338989,-15.554748,51.341660
-17.469856,-37.831898,48.111412
-15.778401,-38.667923,46.228958
-15.394906,-39.306641,48.742630
-30.131796,-6.834454,28.149023
-28.759727,-7.793133,26.822662
-29.377588,-9.605991,27.779501
37.044117,-13.115798,56.828629
36.571362,-12.653324,54.787476
36.819942,-15.023069,56.110947
-34.830273,-10.948692,46.031872
10.035916,-38.653080,27.830959
12.453902,-39.052315,29.151766
10.456762,-39.976704,29.862751
-41.144009,37.007103,84.111565
-41.204979,36.239311,81.813576
-38.984344,37.163815,82.034828
36.312199,-38.867870,80.070801
36.984470,-37.581654,81.578613
35.099163,-39.211521,81.913376
-24.973269,-19.678289,72.188248
-23.712770,-22.081030,72.329964
-24.375492,-20.988684,74.975815
-23.137796,-13.344635,21.829258
-21.353174,-15.026369,20.268755
7.099979,26.174427,88.199539
10.218423,27.148960,88.199554
8.339357,29.142561,88.199432
-54.755329,11.951870,82.783623
-54.097916,15.473516,81.853706
-53.784164,12.996054,79.777611
-41.219379,-14.702580,58.745934
-41.102238,-17.769676,59.546131
-39.743961,-16.772709,57.519852
-50.045151,-22.847601,77.402031
-50.059769,-20.840351,75.612350
-15.085094,-38.772785,43.650013
-16.271336,-37.641747,42.075317
-14.051256,-39.042564,41.252731
42.165558,-31.745369,80.452621
43.826721,-29.450855,79.425026
43.260002,-29.056723,81.931778
-40.015297,-36.953506,64.138344
34.866207,-4.481915,30.124851
35.501854,-2.997550,31.842070
36.161079,-5.074771,32.125057
-14.328773,35.388176,58.578964
-17.026897,35.361778,58.737251
-15.639306,35.753109,60.783867
2.201279,30.867102,42.879990
1.231343,31.890003,45.350155
3.627136,30.913363,45.103550
-40.033569,6.417176,57.650219
-39.248985,9.588637,57.570339
-40.936874,8.189171,60.024029
-0.157947,-50.063164,76.303520
1.503762,-50.123470,77.762962
-0.770405,-49.687866,78.022415
-14.627109,-19.462852,53.906025
-16.223648,-18.001965,51.971291
-31.946465,-31.364428,52.071342
-34.483822,-30.365744,53.110390
33.312527,24.926903,80.606064
31.745392,26.408604,82.778465
33.619789,24.653027,83.326294
-6.898771,-32.002472,57.053230
-7.687669,-32.725800,54.733299
-8.403537,-30.893686,56.315529
11.816628,3.653690,4.782210
11.338288,1.850488,3.725135
9.711667,4.020688,3.527088
-51.278793,-30.986088,77.294945
-51.497105,-32.487862,79.197746
-52.520329,-30.353687,78.932808
-17.363852,3.295184,27.602901
-15.758603,5.838564,27.378569
-16.855391,4.529473,29.466717
-8.909638,42.108765,88.199371
-7.831693,41.614784,85.577667
-10.280466,42.265976,86.092186
-3.116943,-8.427343,65.725517
-2.728152,-7.033300,64.133820
2.867606,-32.714096,18.753664
3.722399,-31.356678,17.186104
40.224838,16.608191,85.188736
40.791092,16.042770,82.103546
39.141277,18.280439,82.607353
-32.507076,-23.744310,52.555725
-30.419966,-25.704590,52.747597
16.251972,7.692600,33.059292
-42.358814,29.022205,66.332306
-41.961296,27.471481,64.694130
-6.545773,21.353153,69.519852
-7.594858,20.778074,71.747925
-53.478603,-14.331417,82.172157
-53.303799,-12.104836,81.746323
-53.744823,-12.852949,83.935585
38.642025,-36.301903,56.433197
0.326448,-45.295120,41.303375
-2.365864,-43.883003,39.220688
0.403732,-44.276390,38.413292
37.266968,-14.426939,32.768620
36.686806,-12.190761,31.745708
37.836544,-12.172421,33.481228
-12.963393,27.092236,28.104780
-25.098537,13.442243,23.850317
-25.533215,11.269893,23.569918
-26.675371,12.919353,25.628988
18.444016,-7.195106,18.395044
18.847406,-4.884241,18.600603
17.614563,-5.778148,17.041058
36.871471,-7.515518,32.550381
38.031948,-8.399189,34.324184
37.441086,-10.122498,33.021740
28.928696,-45.925732,61.884708
25.882736,-47.447807,61.601692
27.554020,-46.380772,59.394814
-38.058350,-52.136490,86.352676
-36.144238,-53.054539,86.217361
-37.801857,-31.460651,56.582188
-37.744465,-33.288391,57.842312
-39.436573,-31.660290,58.407215
-45.306206,-44.691864,88.200081
-47.871418,-44.786774,88.200058
-46.146133,-46.643398,88.200111
-26.800327,-46.795612,78.550560
-29.153757,-46.625389,78.109528
-28.307924,-47.639919,80.227242
-0.209027,24.883516,63.464638
0.736383,26.866604,62.430195
0.361674,24.067533,60.860210
-2.732944,-6.296547,7.376314
-2.594812,-8.659000,8.829052
-0.689114,-7.482986,7.255857
-21.282791,-20.394062,41.638988
-21.672129,-17.769905,42.517204
-20.842815,-20.111477,44.104530
1.185763,10.728809,4.553671
3.571971,11.742206,6.415284
-17.218573,-9.459044,12.740595
-17.198896,-11.996992,13.859511
-18.813105,-10.187420,15.193301
-40.234455,-23.223171,60.655563
-39.864223,-25.912134,61.516758
16.630304,21.748899,37.491650
14.276668,23.015757,38.185600
16.608711,22.451513,39.773506
-29.433086,40.835403,88.198891
-27.006857,40.991627,88.198555
-28.062014,42.794586,88.199226
-36.053291,-31.016361,54.803665
-25.842079,-47.628517,80.632591
-30.992651,25.843428,56.563457
-30.497280,27.163177,57.858582
-32.643528,25.795052,58.483395
26.210056,-46.629848,56.521317
26.897722,-45.732307,53.806198
28.904322,-44.790333,55.078934
47.666451,-23.748442,64.582397
48.483486,-20.932568,64.354767
48.167561,-22.630497,66.385124
-19.634249,-2.981735,14.029684
-20.048864,0.541689,14.120398
-18.703615,-0.704299,12.121584
13.582951,2.029736,5.388025
13.181860,-0.551595,4.359044
26.831406,-32.405563,59.776505
41.684528,-24.703697,45.226738
42.762321,-24.031208,47.120651
13.350900,22.031366,32.870762
12.563071,23.219049,35.942558
15.113664,21.896236,35.597538
-30.205601,6.569863,36.469475
23.479502,-16.787823,16.292908
22.300953,-19.050814,16.292881
21.555603,-17.727047,14.830458
38.868401,-10.705443,35.271553
39.169170,-8.145375,36.321484
19.139509,-37.212521,49.495644
-43.439949,29.293137,73.392181
-45.379581,26.317665,74.332916
-43.747742,27.052717,71.917259
-25.884548,-33.533382,57.129974
-27.993307,-34.251518,57.130379
-26.267021,-35.418373,57.893112
49.383167,-5.014589,79.637817
49.100445,-5.908400,81.775513
-43.878529,-38.714340,73.523682
-42.213215,-41.266148,74.248764
-44.303631,-39.833153,75.751915
19.069437,-47.588509,82.709839
16.668320,-47.264954,84.362457
47.583504,-6.580575,56.532890
46.999847,-7.620960,54.007561
46.695400,-4.899290,54.457470
25.854593,5.765645,49.015965
25.623981,5.863286,46.949554
27.584040,4.701833,48.670918
-51.460381,18.433167,88.197899
21.714865,-47.315762,50.710812
23.698193,-46.649193,51.048828
22.085003,-47.759727,53.217548
-30.836731,-37.241741,59.810646
-33.684170,-36.790787,61.618423
-32.159145,-38.451748,61.750370
5.328765,9.863786,39.643673
8.292427,10.132823,38.832745
7.832476,9.244160,40.878731
49.578663,-10.135171,78.088394
-53.523190,-4.291319,88.198738
-55.676876,-2.824624,88.199684
-50.858990,-9.861753,65.076118
-49.475410,-10.877922,62.928043
-50.520081,-12.682165,64.858482
-12.572781,-18.267069,12.351467
-13.385658,-15.495981,11.430128
-10.966372,-16.780613,10.050249
-22.159658,-47.738598,83.091934
-24.825172,-48.524830,82.983589
-23.420986,-48.818840,85.606979
44.788921,4.460826,57.306381
44.531624,6.380128,59.643345
45.635071,3.486784,59.369888
-16.480661,-28.982651,41.226849
-14.973310,-29.904163,39.615292
-17.069195,-27.770283,39.056240
0.049011,26.911867,64.902580
-0.146997,29.005026,62.931728
26.307051,25.734375,57.977985
23.850515,26.473049,57.512890
25.047585,27.085730,60.132500
-6.783670,21.935684,79.556595
-4.667839,23.627056,78.353035
-6.505867,21.949457,76.942741
-45.756168,-33.010826,69.674995
-46.741749,-33.391472,71.929482
-47.547512,-31.493599,71.293213
9.061594,22.313986,88.199585
10.619590,24.376322,86.010880
11.684351,23.152342,88.199554
14.516597,-37.843437,46.232590
19.818529,-48.185059,51.721375
19.945084,-47.506050,49.206043
34.918461,22.109789,68.921806
33.657684,23.596878,70.414223
35.068604,22.213444,71.538223
0.864887,4.606648,74.964340
47.979118,1.359016,82.484756
-3.487689,-10.232593,66.515976
-3.898592,-9.650228,63.891586
-47.604610,32.608757,88.199249
-46.290638,34.316681,88.199341
-48.646988,35.066265,88.199219
-43.176571,-41.813549,76.618240
-44.837318,-40.966667,78.101242
-41.691284,6.042958,51.820343
-40.914764,4.479282,49.563976
-42.178818,2.911020,51.860622
-47.895035,-13.325168,67.945160
-47.309128,-16.237108,67.598373
-46.163486,-14.046301,65.229698
3.090109,2.009995,53.507877
4.468729,3.568656,51.573174
5.975597,3.392128,54.142105
-19.361578,5.074258,78.904663
-19.460409,4.219258,77.132126
-20.472857,2.555182,78.679237
24.923086,-44.382896,46.046074
25.079268,-45.311726,48.846672
23.076950,-45.594307,46.749767
-7.723399,4.207885,8.962606
-8.647777,5.478949,10.741310
-8.909930,2.976240,10.211377
17.261553,19.410065,30.919586
19.004196,18.391209,31.004133
-33.882439,-42.125534,63.435684
-35.545238,-42.413723,65.416626
-36.646091,-40.502003,64.024918
0.758632,-24.598824,71.599892
1.558358,-23.457495,73.831551
2.543377,-25.699480,73.432495
-20.849243,-28.351896,81.671585
-21.854342,-26.022520,84.159767
-22.224066,-25.329357,80.617943
-2.253367,-11.711467,77.606590
-2.316225,-11.405977,74.553001
-2.530866,-9.676126,76.382416
-19.487062,-30.930784,78.726608
-18.113029,-32.803764,77.199394
-26.631462,-49.790062,85.254120
-29.747974,-50.222664,86.176910
-27.052675,-50.065750,88.197319
30.256895,1.453570,45.838783
29.314692,2.964545,46.949471
49.318790,-17.780058,68.261345
49.647541,-15.264143,67.205765
49.595238,-15.801381,69.947220
-1.356553,-31.426363,88.200134
-2.754412,-33.358730,88.200150
0.539498,-33.250660,88.200157
-26.177992,-17.135643,73.028679
-39.815434,40.984158,82.945740
-19.422602,32.626671,65.025124
-19.510820,31.991051,62.633835
-53.308220,11.091330,77.406525
-52.446972,10.351454,74.532616
-53.241085,8.811326,76.238342
-8.617635,24.519022,33.727135
-8.705395,23.777748,31.188652
-6.598115,24.268322,32.479984
-53.691761,-19.052578,86.123169
-53.600716,-17.923367,83.940620
-53.904991,-16.700243,86.136459
23.682505,-14.168226,15.418818
23.612316,-12.200989,14.687152
13.306309,15.062188,17.504656
15.188483,14.716173,18.914623
15.143662,13.257908,16.830671
16.511894,7.045194,53.141182
19.351158,7.136231,53.067314
18.293421,6.984836,54.925446
-1.379734,38.139462,80.238113
30.112595,-29.002678,59.482208
30.767752,-28.167347,61.468597
-23.321325,32.458645,64.887383
-25.632326,32.281803,64.910156
11.915066,-36.461876,42.280373
12.107450,-34.892796,39.668968
15.233927,6.595236,59.964722
14.061212,6.171585,57.565468
16.949768,6.816605,58.533798
48.763382,-13.369753,80.996490
49.025894,-14.509800,78.538940
49.262703,-12.160786,79.100281
14.217999,8.028699,22.900831
16.411041,5.820943,22.523323
16.168798,6.573720,24.970245
-22.265795,-25.501730,77.208588
-19.699366,28.262199,50.185249
-19.746309,29.050341,52.472244
-22.242275,27.905773,50.927773
-9.260002,-0.984506,11.083887
13.706842,-22.202507,22.801579
12.081588,-21.221767,20.896034
45.712788,7.777873,75.860550
44.302895,10.390102,77.299049
26.824282,-32.200863,64.652153
28.182007,-30.668402,66.627747
28.449377,-30.502930,64.433868
-36.538883,-48.675755,77.701385
-38.319866,-48.712971,80.115860
-38.647896,-47.046192,77.714806
10.514545,12.091434,70.620972
8.396194,13.115077,72.278809
-27.196394,-48.754570,82.493759
-26.812944,-14.701741,46.035004
-27.599581,-14.339619,44.024158
-28.173466,-16.277948,44.902592
-33.794624,41.937515,83.264702
-32.232628,42.429371,85.522034
-30.476688,41.943817,83.003265
-36.565605,-48.918114,88.198380
-35.268841,-49.030933,86.113548
-37.102409,-47.802650,85.678101
37.107632,-24.351482,88.200218
40.039639,-22.982319,88.200264
37.375462,-21.180244,88.200195
40.130386,-19.184999,88.200157
-11.528050,38.194088,71.328140
-11.250544,38.909580,73.403381
-8.926680,38.564137,73.346069
-19.417601,-22.810305,88.199959
-17.119284,-22.872665,88.199997
-18.232405,-20.863216,88.199966
-3.199961,2.143739,82.162666
-3.920347,5.428457,84.622025
-4.795093,7.000000,86.488922
-5.693031,3.791927,86.243011
-10.298337,25.796465,38.377071
-12.951178,25.288431,38.048183
-11.402487,25.115538,36.719597
-19.935909,-45.674404,79.083893
-18.306328,-45.591972,80.847565
-18.076000,-44.780338,77.835892
-11.403606,-3.929129,49.692799
-8.613798,-3.121583,50.628242
-9.820678,-5.267021,51.669750
11.643020,32.739983,74.245895
13.649824,32.552204,75.791733
14.486956,32.299065,73.804031
3.239123,1.163042,63.766422
2.991255,0.469270,60.628731
-29.518064,-50.489967,88.199326
-20.807055,-17.817381,20.781597
-21.941381,-19.244173,22.760723
23.852755,-37.856934,34.406391
26.065666,-36.025555,34.198975
-12.943121,-29.505116,35.521400
-13.914692,-29.900389,37.633003
-12.439374,-31.193146,38.402409
10.300753,6.976268,65.998306
8.334087,7.086795,67.637810
11.405868,20.245874,24.128815
12.655522,18.959188,23.037109
9.664834,20.532709,22.836872
-29.129930,28.699940,48.681530
-29.051863,29.747904,50.702179
-49.249760,24.825756,86.218254
-49.150154,25.587582,88.197464
-50.145573,23.179243,88.198502
23.954054,-22.167772,19.771235
21.679945,-22.853855,18.109365
22.254236,-20.851730,17.341852
31.173046,-11.627497,23.793854
32.145378,-9.943662,25.052023
36.480450,-19.361254,62.150375
36.699539,-18.027245,64.103333
37.145123,-17.291075,62.172203
35.515354,-14.069183,83.079826
35.020882,-16.003654,84.002625
35.393173,-13.603104,85.610001
-25.687540,-12.682049,59.233582
-25.449507,-14.734684,59.696507
-26.034973,-12.551490,61.550289
7.246366,23.439880,88.199539
9.658144,24.589199,88.199577
-18.074745,16.212046,17.910763
-19.197065,14.517548,17.637255
34.867840,-2.952816,64.757324
35.809792,-5.450636,62.787651
35.697788,-5.413525,66.481697
-19.213320,-33.335114,65.085266
-17.854914,-35.527344,66.975197
-18.466808,-32.719624,68.475052
1.765686,28.679626,51.140892
3.301063,27.845047,53.047661
1.134215,29.177717,53.586266
-5.235043,-20.139191,18.126881
-2.276816,-20.740728,17.208424
-12.067573,-0.911508,46.940571
-12.830462,-2.547853,47.835960
-14.191775,-1.453018,46.148026
-26.473265,5.994599,23.684757
-25.108452,7.497657,22.122374
-24.830692,5.026799,21.445749
-34.916710,-2.050772,33.965145
-36.089127,-3.160481,35.929108
-19.824841,-29.582844,68.670807
-19.608265,-30.820066,66.505028
-45.922096,-15.536896,58.582500
-45.600769,-18.183842,58.976482
-47.170235,-16.587788,60.684395
-7.652541,27.347952,42.600483
-6.106534,27.897692,44.246964
-29.608452,27.147083,46.449409
-31.852604,25.129398,46.645847
-31.366671,26.958096,48.780247
-11.460736,16.492252,33.848263
-8.741309,17.467905,33.234978
-10.319157,16.957729,31.837557
-35.827583,-37.629684,65.144463
-37.114185,-37.473976,67.071144
-34.876484,-39.679802,66.448586
-34.537689,0.490437,33.663441
-35.235645,2.201779,35.287430
-33.124573,-23.888947,45.643005
-30.844088,-26.125736,44.913250
-32.047703,-26.434629,47.314053
19.836386,-4.128941,20.276512
19.804512,-6.211035,20.218859
10.579377,19.414581,74.609596
8.170056,19.419773,75.746552
8.860750,17.462322,74.261909
26.027657,19.175913,42.478966
28.310719,17.238873,41.601112
26.482594,17.721254,40.142876
-12.447803,40.581509,77.785294
33.010086,-3.321612,46.738678
32.222427,-3.104032,44.495056
33.106445,-5.522676,44.757229
-52.722038,-7.464755,81.783096
-51.830349,-6.641867,78.915535
-33.890816,16.324520,51.081215
-34.238907,17.567108,52.874008
-56.500645,-17.916803,78.749214
-55.872242,-19.958675,77.836998
-8.729906,31.336685,38.278736
-6.523720,31.117586,37.627243
-7.677590,30.437601,35.648602
8.834417,-33.286007,20.322567
11.894580,-33.244331,21.365395
16.985836,6.660665,30.461658
-38.464390,13.467247,47.964001
-39.064564,11.222338,48.078861
-39.675472,12.338607,50.151772
6.758116,3.201376,56.955276
7.400806,3.371434,59.284904
5.339687,2.149042,59.082718
2.395289,2.658085,51.296497
8.186580,10.779358,70.993439
-48.578171,31.683228,76.854568
-48.172523,33.369076,78.331406
-3.011379,27.982347,88.198914
-2.568568,30.499275,88.199448
-2.193440,29.400919,86.692474
-48.881058,-13.858055,62.500935
-50.241882,-15.581078,65.090645
-23.568638,40.999805,79.033257
-21.401461,41.559879,80.939095
8.349308,30.990330,56.717346
8.803886,31.242792,59.441048
10.798153,30.439669,58.157951
49.852074,-9.500433,75.454590
49.897854,-7.450151,73.068115
49.824955,-6.760382,75.476715
38.010174,18.806301,88.198990
37.206707,16.867636,88.199722
39.399323,17.002701,88.199799
-20.850224,0.302296,62.652390
-21.256718,-0.666187,64.476349
-19.882776,1.388203,64.843224
13.128216,30.255829,88.199570
10.886724,29.696625,88.199577
12.978550,27.880724,88.199585
-5.862408,7.613801,88.200417
-8.521471,7.443066,88.199860
-6.959212,5.286979,88.199692
-15.464551,1.451017,20.194225
-15.514628,-1.300666,20.042805
-11.505293,35.343193,58.673496
-12.972841,35.769337,61.246128
-31.915009,-29.543524,50.428474
-30.866627,-28.852798,48.738853
-30.116091,-30.794643,50.087662
-4.326291,23.939070,31.391031
-22.483925,-26.171791,28.537823
-23.333084,-27.063454,30.881395
-21.201921,33.688114,53.387753
-21.596685,34.362183,56.184761
-19.301619,34.405018,54.918419
-4.294343,-12.269283,65.374634
2.799020,31.828873,47.729538
-0.068352,32.744804,47.671806
-35.740917,35.197845,67.988876
-33.763752,35.458775,67.221054
-35.282524,34.316391,65.953438
-14.734151,-3.110729,19.149452
-14.017062,-0.780102,17.740345
-2.447453,37.597713,75.739487
-0.504085,36.410461,74.087601
-2.711992,37.117733,73.734299
-35.075134,-37.933563,59.662441
-34.162476,-36.787384,57.922623
33.953876,-5.515466,47.720131
34.138477,-8.190001,46.167049
-12.150988,27.257938,43.691040
-11.625548,26.677408,41.653557
-9.878157,27.338362,43.137611
-9.544913,26.589607,40.608810
29.050434,-13.552402,34.930466
30.027128,-15.921121,36.735199
30.860971,-12.854571,37.592201
-47.362984,24.781502,69.939507
-48.571083,24.889702,71.796707
-46.983139,26.898457,70.511757
-14.218044,-38.345131,79.748634
-10.750156,30.606331,36.634045
-13.215026,30.472439,37.334644
-11.240158,31.450136,39.184093
-13.985804,17.169445,24.280376
-12.952395,15.717792,26.796103
-38.896358,-36.689865,62.226311
17.998610,5.362538,28.788984
19.375813,3.679851,28.332844
18.810003,5.048601,30.691925
-15.146267,37.122448,67.146286
-13.423645,37.559628,68.992508
-12.682947,36.780052,66.426712
-22.060287,33.633251,68.820358
-23.993210,33.017883,66.909470
-21.578348,32.940796,66.330795
-17.311552,31.704142,43.549706
-14.624177,31.899830,42.263786
-16.717258,30.900600,40.740814
46.343117,-11.079638,50.916973
45.330589,-8.912821,48.757900
46.337059,-8.332529,51.689777
-20.173176,-35.246349,44.991867
-22.089472,-34.377262,46.922630
-21.937931,-33.670063,43.967812
-19.733812,-36.188354,47.675079
-21.316765,-35.692406,49.258789
-14.164575,26.635313,42.707943
-2.520219,-8.279629,73.911652
-2.561795,-7.959244,70.847580
-2.204694,-5.553828,72.380051
-6.962774,19.837265,56.986126
-5.536795,20.552944,59.335342
-4.901494,20.564096,57.018776
34.675114,-18.649294,50.445053
35.373623,-18.073162,52.722126
35.240051,-16.562809,50.899883
25.293747,-33.794567,55.321270
23.494116,-35.260792,54.802322
24.153204,-34.811695,57.181202
-0.437943,13.786347,8.024796
1.264884,14.650963,9.647396
1.636985,13.420680,7.955007
16.983213,0.759868,16.880209
17.360054,2.679267,18.912003
-57.682297,-14.742096,83.226776
22.530325,22.724669,47.140278
20.964996,22.663410,45.474224
20.156708,23.683889,47.454750
23.906431,-35.900654,32.106174
26.099560,-34.168224,32.093586
-3.103834,32.983181,88.198837
-4.575456,34.973598,88.198273
-2.636182,34.393894,85.990974
8.646605,4.492253,55.103069
9.548075,4.482398,57.973019
20.617592,-22.153801,16.680836
-43.058769,-0.133070,52.991634
-43.644943,2.321974,54.603302
-10.134834,29.675718,33.833931
1.742617,26.613874,59.805382
-15.754325,5.023943,36.152664
-17.416401,3.085400,35.804317
21.717594,-37.582954,32.394424
-9.632475,10.777610,29.856651
-10.448195,10.373857,27.668472
29.935575,0.783506,43.618942
31.069708,-1.666930,43.103111
31.508934,-0.631838,45.732803
-51.669521,21.788935,76.611732
-52.243946,19.160196,77.157066
-52.604656,21.246445,79.181564
-25.889641,-5.172945,47.061592
-25.655752,-3.370020,48.613342
-25.942596,-3.006986,45.425495
38.254326,-3.136048,36.675552
38.478302,-0.966535,38.393024
39.352589,-3.292711,38.629517
-58.131058,-6.291097,88.199654
-57.601105,-3.900248,86.288612
-57.801220,-7.080574,86.078949
-8.029534,-45.666500,57.527061
-9.382006,-44.426880,55.619980
-7.068267,-45.519276,55.575462
-10.485633,-3.200775,88.199547
-8.418958,-4.620296,88.196472
-8.446850,-2.061764,88.199463
-38.503403,2.539136,53.368855
-39.020111,4.832393,55.107170
-39.548557,2.058303,55.271935
21.461016,-28.063862,36.356308
19.465254,-29.488598,36.514656
-34.107998,25.834307,51.536694
-32.489380,26.950380,50.558418
-33.484028,25.014709,49.201080
46.781151,-26.261314,70.983757
46.611572,-26.913393,68.699463
47.342529,-25.090210,69.394653
-35.822643,28.320185,64.207275
-35.078556,27.237726,62.453476
-33.514545,29.145607,63.240971
22.639261,-1.439162,28.641989
22.283718,0.426339,30.039516
21.393373,-0.184704,27.067263
38.220715,18.230152,68.642433
39.644920,16.451435,69.696739
39.830868,15.981368,67.304703
10.002355,-37.974796,68.159859
11.154617,-36.995613,70.037956
12.287362,-38.234905,68.287155
0.651301,11.621123,36.331554
-0.700658,12.260360,34.562431
2.311927,12.362038,34.540379
-24.234341,-34.372459,58.236904
-22.847584,-35.716534,59.710037
-22.115173,-32.936550,59.799881
38.406654,19.061148,84.858734
36.407917,21.332098,85.931557
38.336643,18.786457,86.818237
8.521656,-1.681305,1.492968
8.229684,0.254420,1.584209
-40.749607,26.462547,62.485619
-40.858646,24.594772,61.299522
-22.081680,-49.106644,68.457314
-21.598089,-50.117531,71.017525
-24.295139,-49.788799,70.209984
8.768214,-25.103651,85.776840
-25.351532,-18.111610,67.702858
-24.892448,-19.411316,69.604271
49.015820,-15.573473,61.630211
49.403568,-15.580688,64.312027
-37.859772,35.395737,69.718712
-20.293184,-30.763348,63.894238
-21.378128,-27.986629,62.541763
-21.408705,-30.617693,61.046444
27.145813,-23.226702,23.602806
26.208620,-21.581009,21.599798
28.138351,-20.816961,23.207592
35.119133,1.672429,83.476852
35.630417,-0.498468,84.339249
25.613358,5.675887,54.296028
26.196484,5.513327,51.457718
27.832150,4.484302,53.795769
6.113169,-28.702736,75.164696
7.110048,-27.610735,77.330200
-4.760294,15.166445,9.963955
-3.802631,16.698736,12.118515
-1.613216,15.471912,10.355973
-0.843674,33.357307,50.400337
18.796772,-28.219753,88.200157
17.410442,-25.928755,88.200150
16.372631,-28.424179,88.200165
-49.496613,-9.603687,71.197540
-50.372726,-11.607110,72.952187
-49.144127,-12.440909,70.235695
24.253113,-24.172716,88.200195
26.375156,-25.018290,88.200165
26.319843,-23.051786,88.200142
-33.005585,-34.464088,59.255127
-35.076435,-32.777046,59.990597
-35.309277,-34.717571,61.633511
19.361843,-37.831463,52.725357
19.660116,-37.970413,56.153618
25.677216,8.842505,24.666393
24.408724,8.959955,23.031723
2.519433,10.862393,77.169327
35.797878,-1.191343,86.424294
-0.518163,4.195034,4.202030
0.156233,1.327835,4.171373
1.844558,2.837421,4.336393
2.902323,-22.841225,88.200195
1.759276,-20.944141,86.058853
0.417140,-21.359816,88.199959
-5.188350,-25.876675,63.714340
-6.884237,-26.530294,61.654388
-6.388069,-23.818340,63.215240
19.997660,-18.010796,13.531094
20.316078,-20.016300,15.017208
-31.662626,-34.932159,54.906902
-29.840290,-36.502094,55.468643
-32.148064,-36.676399,56.665092
24.754959,-13.141795,28.979101
26.324999,-13.771318,31.211779
26.002043,-11.270893,30.602066
-14.111049,16.005735,45.834564
-14.177328,15.706857,42.622894
-22.527905,31.088276,60.207520
20.547642,-32.661167,77.136902
25.701456,-32.012684,74.260239
27.846882,-30.295605,74.482697
27.222795,-31.255234,72.287216
39.703648,0.653386,41.812149
40.232521,2.355888,44.081554
41.171154,-0.052562,44.176445
-3.658078,28.219040,30.144386
-5.662372,27.846794,28.374273
-6.443577,28.787027,31.015339
28.489126,22.223421,51.959492
28.636244,21.105066,49.663147
26.844013,22.204151,50.110516
-48.586304,-22.956120,65.829689
-47.270164,-24.088770,64.371078
-39.331764,-22.884962,53.128529
-41.232048,-21.025768,54.446907
-39.786228,-20.370195,52.375740
14.844798,-47.184582,44.546669
13.925607,-48.052795,46.790730
12.002864,-47.724491,45.310486
-33.129143,10.343194,34.512321
-33.310978,12.554551,36.182514
-31.999203,12.692132,33.684784
4.614889,23.628708,88.199554
3.562790,21.376740,88.199600
6.351201,20.939434,88.199623
-2.293121,9.559155,39.166412
-34.624569,38.262814,73.700302
13.463573,4.417045,6.449552
11.265809,5.634313,5.452613
5.056597,34.732029,81.782982
3.853497,35.004078,83.851532
6.094429,33.979965,83.682205
-8.577716,-41.490349,38.854507
-6.990663,-41.652172,37.359306
-6.881206,-42.429470,39.598839
4.801849,14.453218,75.999115
2.889021,12.796553,77.813469
33.221638,-19.663977,28.570992
33.307720,-21.432940,29.493189
-0.201916,-34.853180,21.765440
2.245595,-35.556023,22.505903
25.547020,-10.051879,16.445156
38.809048,-16.651588,88.200119
37.345032,-18.815897,88.200157
42.212353,-31.475233,56.811508
41.913181,-33.073822,59.325237
40.645542,-34.341648,58.042946
-11.890533,-40.357067,41.131550
-12.872885,-40.234505,43.512177
-28.366392,39.137722,88.196899
-30.845764,38.853199,88.198311
-31.186922,34.555458,63.475132
-28.769211,35.801914,65.197662
-4.630985,-36.018196,44.952423
-3.418043,-35.913448,42.685265
-5.360644,-35.360840,42.469833
-49.833450,-8.451347,63.344120
-48.158340,-9.308043,60.728821
-8.183147,-43.534801,47.603706
-7.230841,-44.439213,50.546413
-10.018169,-42.834995,49.848743
-45.995258,13.369390,71.089935
-47.020115,12.533275,73.331863
-46.404263,10.924637,71.370682
-11.109552,-22.298248,23.978020
-36.680145,18.306131,47.601631
-36.583607,16.652122,46.021084
-37.689880,15.936204,47.893623
33.233395,-3.159387,27.942904
32.862808,-0.473209,28.579109
34.265873,-1.853958,30.231541
47.830425,-11.950353,55.751404
47.774368,-9.415327,55.968903
40.060539,-12.547304,37.110935
40.976154,-15.035475,38.810028
39.637703,-15.705914,36.625362
18.043209,8.048151,40.833363
16.467333,8.330357,42.672886
15.254959,8.651651,40.828148
-0.825582,-15.760995,79.409416
-1.517462,-14.460207,80.686722
36.062614,-15.146448,53.272816
11.153692,-42.828846,34.522903
10.865701,-41.716091,32.648010
13.464821,-41.862366,33.640324
-8.417645,-32.460323,36.722164
-10.445734,-31.288807,36.196712
-10.126282,-32.382133,38.311008
20.592890,29.119762,61.873238
19.513783,28.731846,60.007492
18.181812,29.569427,61.578896
23.197508,15.208278,71.341133
24.606161,13.462521,70.196281
25.620880,14.506010,72.165253
28.083656,-27.968349,44.554794
29.737333,-25.523636,43.884369
28.196138,-26.491091,42.346214
-25.712217,38.113953,81.907135
-27.849867,37.571545,80.689194
-25.721914,37.043152,79.141281
32.311230,-44.074959,66.044434
33.439068,-43.315701,67.914902
-23.840248,36.687881,66.102287
-26.057148,35.942505,64.344841
-26.711983,36.700176,66.964729
37.413815,-35.012726,50.299805
38.770958,-13.711386,34.976421
37.983620,-16.615940,34.175934
-43.211811,-12.914053,54.089729
-43.286896,-15.477624,54.951092
-44.704842,-14.448378,56.598858
-47.961250,12.693222,66.087387
-48.774570,10.440786,66.618057
-49.078934,12.679111,68.047058
22.299040,17.328999,73.071259
20.949448,16.314249,71.717903
-44.826782,-5.985987,62.848209
-44.028984,-3.622240,61.859631
-45.261116,-3.328411,64.079033
-17.022299,36.254974,63.384071
27.756138,-25.561592,40.388664
26.704954,-27.746098,41.798191
18.458008,-50.394775,72.799728
15.134167,-51.141373,72.315079
16.963211,-50.837173,69.892189
-47.633537,-26.626537,76.129799
-47.801994,-25.125717,74.747643
-48.871304,-24.917099,76.930817
-34.277603,-1.423367,42.568314
-34.921257,-2.718661,44.151974
-34.381893,-4.072855,42.695923
49.194790,-4.461958,67.545975
32.071365,14.794945,88.199738
30.897472,12.337205,88.199783
33.519882,12.449637,88.199829
-22.586079,4.048636,53.862755
-22.144411,6.491540,52.351128
-23.620163,4.108839,51.445080
21.571571,-8.769180,23.508751
22.927998,-9.638877,25.888775
22.536518,-7.132082,25.301983
25.180899,-27.063526,38.917202
6.240525,10.847014,6.658759
5.998290,12.691990,8.771475
30.608242,-18.301094,38.466419
29.833113,-21.068808,38.998356
31.369884,-20.213774,41.003410
-31.811794,-40.166367,63.300865
-29.431614,-41.505630,63.209435
-29.911280,-39.608547,61.349751
4.785324,29.549452,42.557987
-27.913580,-11.710309,26.675255
-27.332264,-13.936251,26.696308
-28.930944,-13.706977,28.361671
-42.746433,36.057240,86.035751
-43.515743,35.106369,83.178543
21.860025,31.309759,76.074051
24.312366,30.485472,75.103409
22.173424,30.992134,73.177803
-1.186776,12.823074,25.386433
-3.641076,12.587293,25.947693
-42.793823,4.623173,53.631474
-43.913700,4.874382,55.865761
-42.674446,7.256957,54.359394
-57.119202,-7.233327,82.123642
-57.575863,-8.289078,84.145187
-57.354946,-5.826742,84.148247
-4.214659,-22.462219,19.384027
19.791031,-50.115421,70.203880
-27.590113,35.953289,76.641853
-29.006725,36.870361,79.084473
5.636196,-37.066090,42.604145
7.904882,-37.717819,44.089920
-44.152405,7.816212,57.471603
32.160908,-24.873648,76.584312
30.253963,-27.210419,77.415192
31.006615,-34.716053,88.200310
28.699844,-36.418259,88.200310
31.753267,-37.771664,88.200378
15.307487,7.182910,62.284313
17.362329,7.274219,60.963753
17.561960,8.136435,63.274708
33.701191,-36.210049,88.200333
49.105377,-10.583808,81.005341
36.652172,20.554956,73.273605
38.168743,18.859312,74.676270
-52.954178,-8.589326,68.972870
-54.137280,-7.189073,71.843491
18.139235,-26.084532,17.661020
19.932585,-24.329145,17.654350
19.729059,-27.147001,19.816477
34.632286,-19.236277,88.200165
35.950176,-16.514608,88.200104
-38.263496,-15.719947,55.174126
-38.539665,-13.258123,54.690262
-39.749828,-14.200083,56.693417
-23.558735,-45.168842,70.886230
-26.870375,-45.235638,71.093712
-25.026802,-45.493290,73.265968
-5.256374,-15.250557,88.199982
26.474760,29.462183,74.195877
20.403215,-17.349384,25.017004
21.403610,-14.827591,24.945065
19.423447,-16.046139,23.217718
-25.611115,-0.737541,47.024559
-25.787683,-0.774478,44.835815
-25.053232,37.352463,68.464561
-26.974718,37.627747,69.803062
-3.057723,-1.749308,80.096977
-4.031160,-3.027050,82.142548
-3.321883,-4.279525,80.100220
-0.294999,-14.295084,12.155719
-2.517968,-14.658403,13.139801
-26.477829,-8.790533,66.160263
-25.629618,-7.564005,63.798477
-26.594959,-10.911385,64.606941
-27.199541,-4.736515,24.754780
-28.774345,-5.528008,26.557781
12.486952,-14.339619,5.874271
14.329011,-15.422897,7.526149
41.891747,11.295813,58.586735
42.287148,9.816730,56.756607
40.883701,11.958069,55.895187
-22.803478,-22.922634,66.225761
5.489433,25.780287,32.031357
7.263874,24.890079,31.940315
44.858917,-29.197704,61.944786
45.093906,-29.529821,64.440140
43.843025,-31.282604,62.859463
-39.428413,-29.393545,56.880898
-36.173107,13.659396,53.822578
-35.605988,16.303699,54.542347
47.806721,-11.369028,85.687019
46.738972,-12.223812,88.200142
47.122360,-13.705384,86.529503
-12.102974,16.845676,77.758499
-11.586646,17.275457,75.880081
-13.612539,14.876897,76.907104
12.856534,5.933270,60.510597
10.753389,5.422230,62.173153
10.747801,5.030136,60.003899
-36.965759,24.855938,55.354580
-38.544434,23.368904,56.649780
10.638731,-25.390366,24.214329
9.218302,-24.371841,22.334560
7.538798,-26.231646,23.795061
-0.745391,29.472582,72.965485
-1.187661,26.824110,72.499054
-1.222053,27.221794,75.327545
36.391953,-24.878685,35.684307
36.344364,-27.304323,37.590298
34.802223,-27.486160,35.498165
-36.888985,32.728336,64.735046
-37.737793,33.892395,67.162056
-7.315951,7.831002,11.153755
-6.783607,6.190046,8.804111
-5.122204,8.235870,9.266136
-30.731934,-49.564995,84.128632
-32.904655,-49.774654,85.620636
-7.094464,34.369560,72.559036
-9.724217,34.378010,71.449707
-8.204621,33.633392,69.606483
17.341719,5.515758,10.738311
-10.225735,35.049652,56.686272
-12.625991,35.053177,56.339226
-51.865982,15.870296,88.198105
25.311543,-48.036110,66.731071
23.767260,-48.713604,68.549950
22.987984,-48.961655,66.230553
33.829353,-37.821476,86.099487
35.826981,-37.358829,84.054550
35.715649,-35.863777,86.288239
46.264854,3.749707,88.199905
43.526543,1.861669,88.199921
46.853905,1.056223,88.199959
-18.904037,4.400875,74.645668
-18.549587,3.989969,71.371933
-19.969431,1.937505,73.421593
-19.641281,2.348795,62.708797
-18.526144,3.968163,64.193108
13.050247,-31.307295,19.623156
11.887306,-30.067451,17.739006
14.135468,-29.576290,18.321091
-18.452980,7.498573,86.238403
-18.921793,6.031621,88.195114
-17.564800,8.415442,88.198624
-19.184786,42.002773,82.548355
-22.317522,42.217705,83.933197
33.657471,-3.491823,49.292255
-14.093673,-49.684605,82.789833
34.511036,-19.846193,72.255478
-51.849449,-39.098354,88.200005
-52.707619,-36.444984,86.635422
-50.944859,-38.221699,84.863205
23.662231,1.751321,16.066015
22.540682,3.634418,15.745924
24.098703,3.332510,17.663754
3.353944,5.705771,71.299080
4.009706,4.227399,68.504471
5.711566,6.706654,69.491508
21.435169,5.564219,15.764620
33.092422,-20.499702,45.993229
33.882492,-19.990341,48.657974
33.823288,-17.930719,45.878830
5.179411,-34.837898,37.448250
3.305253,-34.296337,36.062706
4.002794,8.883940,41.207611
5.964508,8.480583,42.199650
-1.610041,19.516365,41.744747
-4.396506,18.871090,42.842365
-2.337366,19.521099,43.895931
22.668602,5.623473,17.480219
26.199495,-43.295353,85.392181
24.604088,-44.682388,84.350243
26.265928,-44.436935,83.351784
-41.562462,-9.874063,50.617603
-40.380264,-12.080665,49.087837
-41.659000,-12.807227,51.708305
-20.621435,-15.187311,32.014576
-19.943548,-17.494949,31.631332
-19.428045,-15.771164,29.494858
-8.318650,17.172626,13.477573
-6.779930,16.132921,11.687203
48.466396,-16.183056,58.988411
32.090683,-42.299477,80.160568
30.598421,-44.088814,77.699432
-5.861459,-2.841545,1.320190
-7.787822,-2.492744,2.184615
-6.952630,-0.536661,1.612519
-23.306534,34.430244,57.490265
-21.524965,35.001637,58.698116
-33.468430,-5.862028,40.439304
-32.719467,-4.077675,38.591419
-33.501228,-3.037792,40.454994
12.872421,-25.363907,13.663397
14.352547,-23.327814,12.768938
15.145372,-25.374235,14.962873
-0.045504,7.447530,1.906130
-1.897243,6.436534,1.365745
-2.383072,8.350042,2.432935
-54.195190,-14.333412,71.812370
-55.129387,-13.192889,73.762726
-54.144962,-12.020929,71.436195
-39.158722,-43.016079,71.746582
-20.396727,25.323757,43.531719
-18.426201,26.931049,45.905678
-21.810642,25.999109,46.190052
-18.468525,-32.607609,80.449768
13.255744,31.188911,64.570389
13.162334,30.652739,62.103966
10.920878,31.337385,63.203300
24.993835,-15.907473,29.957756
25.242531,-18.246140,31.220819
26.322248,-16.127764,31.752506
-26.084835,-12.757008,47.404247
31.920303,26.040264,85.694618
31.487837,25.730646,88.199585
33.144127,24.100863,88.199684
0.480131,-50.364780,68.389282
0.299980,-50.410686,70.593613
-1.784992,-49.953724,69.924217
-14.762317,29.471855,52.000778
-23.175699,6.427781,49.744705
-14.807732,-34.640759,30.548727
-16.262503,-33.483913,30.322149
15.593630,30.986580,65.296333
15.032184,30.596947,63.202572
38.303711,-2.730554,88.199989
41.322899,-3.346826,88.199997
39.922714,-1.212390,88.199951
-28.611340,-30.006844,47.728302
-27.393070,-29.467367,44.804031
-38.865791,15.219019,50.099426
-15.256314,6.298666,33.525356
-1.115838,21.091246,52.889423
-2.801707,20.805063,53.678841
-1.014551,21.452583,55.096802
-12.550810,-4.168262,88.199806
-12.621887,-6.604737,88.199905
-10.452140,-5.604638,88.199783
1.997182,4.920747,4.870056
-5.478720,21.476028,65.594971
-56.929409,-11.016027,79.600243
-56.229633,-11.725389,76.841888
-24.275814,2.152684,33.652161
-24.385616,3.376327,36.232304
-23.534473,4.600120,34.338490
10.876400,22.988276,31.580870
10.414173,22.540665,28.956379
8.552973,23.908464,30.555346
-38.194458,-21.842289,51.211361
-38.507591,-19.704510,50.305706
49.620766,-11.482175,64.981750
49.726788,-9.538494,66.922981
49.814301,-12.459102,67.456161
37.302097,-35.425133,84.683113
-12.870587,14.819071,88.197296
-12.093296,16.500576,86.034653
-13.901320,14.546425,85.449966
28.280516,-46.582905,68.131622
27.288065,-47.015724,71.456009
25.133556,-14.600379,17.181128
26.604303,-15.409908,19.117134
25.137230,-16.748888,18.044361
36.542057,20.402140,70.337296
16.792715,-28.113375,18.508623
-40.520275,-3.650021,47.305943
-41.442200,-4.266465,49.414768
-43.331894,-5.750490,60.500446
-28.254820,-38.426102,59.760818
-28.597126,-36.308517,58.367275
27.252277,28.779877,71.479492
25.285149,29.636084,70.251015
-20.254601,3.657311,81.157143
-20.884686,2.069856,80.504372
-37.675434,7.689880,43.029602
-36.724129,9.755709,41.892036
-36.515278,7.642031,40.300362
-32.671883,18.481876,50.594753
-17.030680,-34.030663,74.868553
-38.878128,-25.186357,53.899288
-40.140339,-26.490614,55.959564
-40.731834,-23.799347,55.186802
-3.773891,21.456137,60.745640
-6.156764,20.543009,61.681782
25.987995,1.451823,37.471436
26.361134,3.155317,40.248734
24.201567,3.872421,38.172192
1.546924,-0.486451,57.974968
-0.475907,-2.086945,57.446133
0.579398,-0.671392,56.048409
-10.053755,18.316431,51.706123
-12.381709,17.011450,53.071991
-9.923664,18.430099,54.021935
-21.968472,-46.029991,63.843845
-24.989126,-46.203098,64.468872
-24.391752,-44.426193,62.365955
-46.280117,-27.618483,74.200882
30.375271,14.467415,86.444992
-37.033573,-26.570263,52.855640
-36.409843,-28.986151,53.764988
-38.394344,-27.769222,54.867607
-56.401783,3.184250,84.751160
-22.532578,6.095684,32.897476
-21.951073,7.944781,34.226845
-21.464373,7.669603,31.781340
-0.482491,6.884889,43.147003
-3.867759,5.799001,43.516426
-2.752144,7.776605,41.404167
36.558517,21.465799,81.543167
-12.445621,-12.557407,54.332176
-10.494405,-11.599631,55.496674
-16.802410,14.380816,44.414810
-16.709356,14.248322,41.314651
-21.231649,-1.363367,16.299908
-22.500727,-2.340164,18.445185
-22.331018,-0.334725,17.908619
-14.055500,-39.973717,47.129673
19.717262,11.868027,20.264513
22.255468,10.163223,21.434973
20.649200,9.672444,18.827805
43.293102,-27.050909,84.452980
43.239075,-25.324926,86.271851
41.830544,-27.794212,86.440781
-9.299425,-48.810818,68.789230
-10.240863,-49.093292,70.778778
-11.956820,-48.932415,69.447685
27.365595,28.612490,88.199608
26.568674,27.025904,88.199615
29.575270,27.199511,88.199646
12.002902,25.539267,42.750164
10.993866,26.873238,45.051632
13.371048,25.595098,44.967251
-7.087539,17.923616,88.199570
-5.486087,19.931259,88.199356
-7.967275,20.318926,88.197632
24.410549,29.695570,68.316437
44.205212,-31.226324,65.027206
42.819218,-33.316505,64.719872
28.625000,20.087271,47.463165
26.967911,20.021311,45.374924
26.723789,21.328968,48.018719
25.969616,-2.090703,17.540756
26.113960,-4.783719,17.093626
24.836426,-3.625717,15.612307
-1.408911,-0.290681,4.587781
-2.469322,1.977839,4.597616
5.211530,-46.884972,86.442749
6.606660,-48.173843,84.460686
7.759697,-46.722271,86.619644
-17.789984,-3.735415,11.433018
-12.275538,12.644507,88.199600
-10.893470,11.408348,88.199646
-9.931659,14.014337,88.199608
-4.595103,31.200970,38.424202
-5.145592,30.520226,36.244354
-40.969357,39.850506,80.569832
-41.895882,38.484089,78.294838
0.038918,17.999010,14.305844
3.056239,18.020586,15.141251
2.236091,16.925711,13.311535
6.165215,28.158728,40.722733
5.018623,27.987734,38.481369
4.313527,29.023401,40.271687
4.439632,-27.377087,24.330938
6.730495,-28.285969,26.324369
-13.788707,38.952354,88.198181
-12.410325,40.560551,88.199219
-14.735566,40.889709,88.199242
45.339401,8.033259,72.787552
46.341560,5.816406,71.671173
45.202446,7.783367,70.143974
3.029473,11.117650,37.435917
6.098588,11.399357,36.365322
-11.083807,42.567623,88.199310
-9.514894,40.202896,88.199394
5.619465,-51.270287,68.527992
-25.594288,-6.640767,66.776558
-6.695487,23.651852,30.351093
-30.018080,-22.162733,35.716404
-27.977655,-23.642040,34.006573
-14.720533,-41.161613,54.382725
-15.034594,-39.992744,51.334347
-13.126188,-41.343552,52.155323
-15.736904,17.801088,17.535122
-17.168980,18.954914,19.570747
18.896614,-36.444263,70.323906
18.058065,-35.359333,73.028351
19.945395,-43.675327,88.200310
-21.454758,1.818030,58.127712
-20.057970,4.011321,58.765202
-21.303373,4.009340,56.297157
17.335308,25.628387,82.424171
19.523157,24.826351,81.398689
19.029346,25.135695,83.948326
22.057453,-36.423916,56.719215
-12.893126,-16.569845,88.199913
-11.166292,-18.328150,88.199951
-11.820343,11.111759,8.214034
-8.757307,12.629150,7.890925
-9.324042,10.239561,6.014113
12.904698,24.316353,40.433327
10.310962,25.626486,40.305725
-17.623142,-20.719322,29.844738
-16.116327,-21.571964,28.484333
-16.936764,-19.204370,27.636690
33.997108,-17.071342,28.642673
34.738438,-19.642548,30.541901
-21.455168,-37.018265,61.356422
-19.905226,-38.246838,63.378311
-20.065081,-35.515961,62.787041
19.631742,-25.680326,88.200157
-11.419127,-47.288902,64.115593
-11.049019,-48.261856,66.705284
-13.793632,-47.444942,65.048607
-15.194261,-18.793154,25.309521
-15.017091,-20.965694,26.638241
-13.349120,-20.564480,24.642599
-1.105895,-5.267182,6.150547
-3.609871,-4.196463,6.830459
-18.778362,-7.879418,14.257725
4.656176,-39.890827,53.421616
6.805995,-40.568222,55.769119
6.939814,-40.319443,52.968857
40.576824,-32.977558,82.363350
40.367680,-34.675972,79.520905
-5.042361,36.448750,85.971992
-3.574133,35.837009,84.119400
-41.886662,-15.476002,53.013718
-36.954292,-34.254971,63.313751
-37.198883,-35.882332,65.258820
-35.478622,-36.457607,63.370140
-7.153074,10.643000,16.878433
-6.276806,10.118554,14.317593
-56.131401,-3.657097,79.817741
-56.421150,-2.787095,81.557777
-55.903099,-1.235685,80.375603
35.447315,-5.514894,69.310440
19.842100,22.888842,88.199615
21.331543,23.750380,85.837471
22.072659,22.033205,88.199615
15.523890,-36.756512,88.200256
13.858112,-35.193886,88.200226
12.698636,-37.663181,88.200256
-27.379995,-29.205276,54.678959
-25.196136,-29.348932,55.794456
-25.678106,-27.270779,54.593353
40.371418,1.449573,88.199966
37.409153,2.306690,88.199928
37.860218,-0.284537,88.199936
-2.700809,24.507227,71.392921
-1.053614,26.351721,69.775688
-2.539820,24.015265,68.241058
-29.726982,-48.195843,69.207344
-29.742523,-49.082157,71.059288
-23.249304,3.858455,31.908312
-24.242914,1.642573,31.067551
-26.244431,39.717094,75.383331
-1.502611,1.145259,77.683090
-2.297584,1.078140,79.739319
-2.133869,-0.766683,77.942886
-38.425068,-24.670536,59.167076
-36.532509,-26.152842,57.762722
-37.176483,-23.445002,57.158352
14.882668,23.519598,40.789410
17.209719,23.107561,42.618595
25.419802,-47.815437,73.004005
23.374523,-48.709431,72.915260
24.849255,-48.220039,70.939552
-2.345997,-14.543434,71.447357
-2.930620,-14.399833,69.637924
-2.788417,-12.638062,70.461868
-36.985050,-46.890919,75.106911
-34.425007,-48.944008,75.606873
42.425587,-27.873085,51.177162
41.299568,-28.279272,48.745918
42.685997,-25.961559,49.271484
34.649635,-42.277027,70.583580
35.203876,-41.548256,73.203117
33.303432,-43.107571,72.602386
2.883017,29.945730,40.952259
36.831367,7.794065,42.482300
35.676723,9.825301,42.542992
37.555698,8.787609,44.703983
7.431075,9.237172,5.680303
8.567270,10.819601,8.063025
10.287084,8.092346,6.559233
2.492879,7.681411,42.778358
4.857674,7.201721,44.301781
3.431377,6.208440,45.517307
-32.203320,14.705128,35.448757
-7.437317,-34.929291,43.791985
34.585136,-40.559307,79.581665
36.667297,-39.282494,77.869614
-10.727072,-29.445900,19.459892
-8.299253,-29.114483,17.620008
-8.617023,-30.772493,19.517551
-29.509571,17.439827,32.741547
-31.002602,16.942982,34.960979
-29.899256,19.351646,35.409908
27.983768,-32.549446,32.201481
26.224348,-31.909204,29.830111
-56.753803,-4.824421,81.793442
-56.942749,-3.101204,83.648766
0.958086,-2.407762,0.004570
2.212617,-0.161822,0.048588
3.778113,-2.032601,0.159012
-46.289722,31.685965,85.479645
-46.202999,31.246681,82.077148
-45.184128,33.270950,83.382950
29.247770,-41.406681,85.721481
30.626812,-42.176880,82.799500
-20.189915,-10.907324,17.338711
-20.281214,-8.087833,16.503826
2.647864,21.994442,51.121441
3.648932,22.279816,48.829327
1.735134,21.322929,49.129311
38.206818,17.981062,65.828300
-3.195988,-36.784889,49.927490
-5.578386,-35.558586,50.876678
-3.681643,-36.310143,52.661724
-25.673779,-6.646280,23.283020
-26.375427,-8.614859,24.406689
-27.491976,-7.111105,25.354473
-38.802158,-17.525917,49.349991
-37.301537,-18.862619,47.711487
20.602100,-49.733200,65.822090
21.491621,-49.545040,68.153854
18.767677,-50.344894,67.769707
-26.359001,-9.397103,75.562622
-25.860952,-7.607898,74.841560
-26.897120,-9.448461,73.106834
17.000694,7.659365,12.194644
21.085203,24.996950,51.676373
21.697763,23.930958,49.544548
19.072178,24.938259,49.818764
-10.679682,-22.914658,58.611450
-10.385951,-20.274336,59.077003
-9.327461,-21.792278,60.354568
-29.449102,-13.236267,40.735672
-29.548658,-14.963152,42.526810
-27.555326,-12.420171,42.605114
-41.940243,10.054254,54.125626
-41.356323,12.226439,54.030437
-40.756245,11.147011,52.050308
21.581383,-6.632589,23.481224
21.688854,-4.399633,24.267929
-53.391148,-20.572826,88.195496
-54.911232,-21.793522,88.199417
-53.024101,-23.026480,88.198074
-54.013618,-12.223503,88.198135
-55.983074,-13.722952,88.199837
-53.950527,-15.079817,88.198074
11.056532,-24.085941,11.730796
-34.404846,28.357300,55.670311
29.315006,-0.463841,40.761528
30.419518,-2.900465,40.587372
9.655389,-17.223948,6.141827
-10.826359,-7.702090,52.782131
-12.356744,-6.259713,50.774994
4.930871,-38.660721,47.245537
4.521403,-39.142132,49.307938
6.640760,-39.292938,48.680996
-47.249790,-22.464136,63.376156
-48.472942,-20.346275,64.175400
-46.985863,-19.992620,61.703381
-5.097775,-46.676727,56.815990
-6.077229,-7.907773,2.427902
-7.337925,-5.286216,2.383561
-5.001174,-5.373003,1.377839
4.415979,-34.245598,20.775261
35.147484,-0.757262,32.403496
33.701283,0.648803,30.679062
34.726490,1.706434,33.249252
-17.625080,-27.460876,23.690222
-16.548889,-29.465672,24.694481
-18.623047,-28.256783,25.749523
-9.156719,-40.541775,36.844109
22.433804,13.406580,69.343811
-35.811298,-19.054287,44.694016
-23.837030,12.410495,21.834543
-21.942991,12.638730,19.627605
-35.298122,-18.081871,41.987389
-34.467999,-20.175562,42.857471
-16.128136,-16.490469,14.801081
-15.345005,-14.103456,12.701730
-14.463658,-16.427761,13.029121
-3.508425,-12.817586,67.919014
-3.000209,-10.409293,69.205025
-35.114143,5.012908,36.030354
-34.031940,3.431005,33.483501
6.670362,31.815342,58.695137
-25.380068,34.253693,58.385487
-27.577244,33.085052,56.735367
7.085829,-47.722916,45.679398
7.367085,-48.422565,48.262085
32.827789,9.286710,83.330223
31.978676,10.044062,80.689560
33.107243,7.275331,81.046768
3.484801,2.105818,0.459170
1.829443,3.735940,0.557515
3.634514,4.464862,1.068690
-3.396795,-38.604126,28.492773
-3.996334,-39.726955,30.925171
-5.370298,-38.770184,29.895519
23.884254,-7.810259,27.667305
24.440653,-5.869480,29.200802
23.109154,-5.117930,27.039892
-34.030617,30.386585,65.348412
-31.468040,30.773222,64.237198
-51.066734,-29.269115,75.242485
-49.733299,-31.608677,75.248405
-26.711657,22.508484,34.136700
-49.802132,-33.663025,77.518120
-18.179461,-47.604458,88.200165
-16.096972,-46.058468,88.200218
-18.380329,-45.177868,88.198921
1.358174,9.117435,78.050079
-11.876033,-42.702621,54.374119
-11.751916,-43.638115,56.725697
-13.802996,-42.649185,56.637783
0.317078,-19.759974,15.931871
2.802231,-19.997995,16.171215
1.468357,-18.007549,14.595189
-7.686298,32.531757,42.156441
-9.673133,32.947723,43.924770
1.164935,28.634459,58.647690
9.300148,-45.403419,88.200211
10.340329,-46.617561,86.580643
14.057858,9.109038,38.577126
29.161631,5.316113,26.534466
28.493956,7.334603,27.375076
-5.188421,-32.189720,88.200111
-5.853341,-30.116425,88.200134
-7.788246,-32.293301,88.200134
-6.030095,-27.694855,15.226696
-8.849243,-26.635105,15.642924
-7.187343,-25.272943,13.662457
-17.800587,-27.559319,41.762295
-16.476830,-29.069515,43.513313
-3.579638,-11.435537,83.653481
-2.174372,-13.938723,82.617561
-2.556430,-11.723157,80.541046
-17.458698,-20.946062,49.973785
-5.671315,11.970208,22.651276
-3.988445,12.135344,20.731995
47.877232,-19.112568,58.534096
15.217307,0.221953,6.128314
-12.198170,-16.265553,56.102413
-13.193006,-14.760899,54.572464
-11.210887,-13.791004,56.058193
48.037254,-23.126347,68.802841
47.339241,-25.123005,67.044746
-13.226378,14.594763,66.559555
-14.479090,12.460449,65.685715
-10.736380,-10.433539,6.255782
-11.372189,-7.430855,5.600679
-8.582711,-9.107029,4.177009
-20.255436,-34.530823,41.891155
-18.044264,-36.023224,40.587685
-18.287798,-36.347404,43.217216
2.306695,-20.718559,79.753021
2.698878,-20.887949,82.959442
3.956385,-22.352013,81.097214
-25.310535,-52.892956,79.641663
-22.977585,-52.700706,80.151321
-24.235664,-53.260746,81.485283
35.969547,-41.114147,71.450516
36.531799,-40.739944,69.775269
-17.129263,-6.358387,47.349491
-49.976276,-23.825405,68.752121
-23.280788,39.562675,88.198151
-20.974409,39.573990,88.198349
-21.951828,41.138302,88.199341
27.363018,-19.123623,21.494673
29.081173,-18.583878,23.176914
-23.053833,23.676800,30.840128
-20.945927,24.766367,30.307581
-22.212946,22.945335,28.518139
-42.163849,28.496489,70.847107
-40.097538,29.782761,69.774429
-41.242065,30.575218,71.959549
-20.990372,19.983032,32.885632
-18.769482,21.305420,32.447838
-20.013544,21.555023,34.643112
37.460800,10.995256,46.825451
39.058922,8.684599,47.320255
3.576980,-35.174923,66.941071
5.416712,-36.087883,67.757195
4.879685,-37.185917,65.746902
18.797369,-16.953354,11.845272
16.961651,-18.717239,11.331582
16.367357,-16.499838,9.557547
37.410378,-16.025013,60.740532
36.892162,-18.233423,60.022293
20.461002,7.109484,40.153419
22.226568,5.819096,39.070503
22.456158,6.658927,41.813103
23.028530,24.120682,51.137573
25.589405,23.685858,52.379879
-1.637296,-46.059139,46.312603
-0.941479,-45.781399,44.152550
0.542503,-46.621822,45.865273
-1.976255,36.317326,71.850754
30.648098,11.258854,77.808029
30.968613,12.274536,80.644989
-21.276018,1.426500,82.393860
-32.454010,37.401077,70.861488
-31.791750,36.602173,68.745758
-9.218451,10.842606,23.884829
-33.141273,-27.610048,49.800293
-27.545586,-40.567467,61.464363
22.127462,-36.217110,63.717007
20.016306,-37.419930,64.756081
21.719860,-36.228485,66.405533
36.773182,-8.410091,61.879993
36.773994,-8.894917,59.041557
37.307735,-10.772504,61.253609
-51.323433,-13.165422,75.236992
-50.189137,-14.259645,72.641708
-31.487160,18.232138,37.215309
-32.222511,16.201319,36.700378
-32.898098,16.989136,38.766888
-4.103400,37.763184,74.385666
3.949139,-38.910480,61.140472
3.234193,-37.500935,63.334370
5.414310,-38.819782,63.421013
-55.090569,0.565033,78.342087
-55.736538,1.249374,81.224533
-55.100822,3.544261,80.116920
-19.429724,-50.314911,72.209984
-19.472383,-49.585396,69.787315
15.008799,19.197241,26.649055
16.986452,17.873291,26.478794
14.894224,18.412598,24.700768
-20.371481,8.657958,53.335602
-18.431707,11.167418,53.639603
-36.763138,-38.485203,61.766861
-34.706100,-40.089874,61.711349
12.551204,-19.031902,19.457485
-14.733278,-31.681292,88.200035
11.771560,-3.625919,10.789643
40.687054,15.906748,77.706406
39.554108,17.271763,76.403183
20.376930,19.034674,34.844692
22.126703,18.424120,35.823776
-13.427531,-47.162853,88.200241
-15.795218,-48.613804,88.200363
-13.733079,-48.305637,86.569984
-4.565118,11.653114,18.132607
-11.468278,38.376801,88.197250
2.094554,30.590574,88.199387
-0.008563,32.207260,88.199471
-0.382139,29.326870,88.199608
9.335754,23.525028,78.443947
29.966450,22.084974,53.511242
30.966503,20.637215,51.710400
2.349640,21.375849,47.003441
21.753094,31.464739,77.901848
21.770643,31.561632,79.993713
-31.549910,-20.911356,37.051640
-32.304146,-21.577553,39.734627
-33.186192,-19.473059,38.591858
33.212357,-1.409106,53.344364
32.046230,0.184291,50.919819
15.756364,31.986465,71.969063
16.790728,32.001053,73.508682
17.712732,31.705231,71.572350
-10.484876,-33.195934,48.143585
-9.207611,-34.259766,45.935257
-11.812947,-32.791496,45.757835
28.826029,-18.096790,35.773788
27.417568,-20.567551,35.297626
28.978905,-20.089289,37.046646
8.365891,-39.865215,63.482269
6.464766,-40.075241,60.975677
0.104096,29.901672,37.832829
-1.891557,31.175806,39.644417
0.582544,30.777203,40.684418
48.165043,-1.794764,64.389160
47.561844,0.769934,65.378883
45.362473,-26.317535,58.122898
46.338615,-23.709988,57.757015
-6.856452,-34.577080,41.098389
-5.923891,-33.861771,38.016132
-8.558424,-33.422901,39.304401
8.419216,-25.273491,11.881163
5.995892,-25.893494,11.958093
6.469334,-24.059717,10.382094
-23.831944,19.020565,25.911301
-43.531090,34.683819,88.197670
-41.498535,36.326229,88.198555
-43.630398,37.360641,88.199417
-41.946342,33.950504,77.979446
-48.816715,-2.613783,72.118233
-48.001072,-3.268367,69.782211
-47.784306,-0.922508,70.282379
25.596987,14.915998,33.504139
26.519463,12.676130,31.173893
24.419357,14.542689,30.944300
35.445766,-6.760406,30.401199
36.040142,-9.505758,30.887012
-21.523630,-43.861012,61.346992
-21.460913,-41.716263,59.005512
-18.985214,-43.073513,59.993492
41.969841,-29.325449,84.574005
-53.499081,-16.270884,70.992195
-53.651955,-18.834156,72.337868
-54.834850,-16.094181,73.717239
36.273041,-8.430641,56.125774
35.900448,-6.439265,57.934090
35.473537,-6.079279,55.317249
1.987530,-48.836605,55.726326
-24.873648,-4.867476,55.895569
-25.309298,-6.652243,54.454651
-25.163244,-6.718388,57.142303
-10.023994,41.905266,83.848763
-11.976607,41.750145,81.969154
-12.147484,42.297890,84.485252
-49.582779,23.186985,85.361069
34.370552,16.559195,49.092949
34.274010,15.371181,47.060242
32.372341,17.557758,47.679306
-50.396259,12.666791,70.548691
-51.548885,12.970826,73.210922
-50.571064,15.031816,71.734718
21.861269,20.696836,76.290047
19.581047,21.934364,76.383522
20.132971,20.146431,74.814819
-4.563141,9.816987,88.196037
39.143723,-26.972042,42.142761
39.524910,-24.675673,40.650566
40.831520,-24.586920,43.174973
-7.630691,-49.272388,74.955681
-6.632334,-49.331501,72.460060
-4.648373,-49.473797,74.765259
37.897686,-26.826635,39.709290
37.975368,-24.975183,38.209686
-36.871052,41.623257,82.944580
-38.333412,41.946907,85.799622
-35.209621,42.297661,85.643555
-17.058828,-35.310905,69.411499
-20.655712,-52.306736,81.004631
45.010788,-30.073414,66.686584
20.358707,-10.234975,21.899097
20.683416,-7.589844,21.845694
19.304394,-8.979912,20.036814
-1.799787,31.913115,42.232277
-42.730846,-46.451214,82.568405
-43.927521,-44.570538,81.549850
-41.898991,-45.844139,80.459213
-14.843386,32.586010,44.722229
-15.120036,33.137226,46.995426
-13.154065,33.140282,45.925079
-6.052805,-16.176868,63.653900
-5.245259,-14.152828,64.228729
-4.882500,-16.378016,65.577278
-0.683682,-50.138168,74.224472
1.757445,-50.519272,75.295761
-9.847237,-42.340027,45.485493
-48.172356,-37.740608,79.381546
-47.799801,-40.369541,81.952354
-49.571659,-38.181831,82.226418
21.955791,-35.743690,30.351904
23.962433,-34.062073,30.072357
-45.388474,-42.188320,80.526085
-43.205959,-43.512024,79.027359
-14.248176,4.697751,19.448795
-12.545256,5.521331,16.771759
-52.118229,-3.886889,68.080681
-20.233639,-21.380777,36.106735
-20.980970,-20.760885,38.098289
-19.976868,-23.051537,37.818569
35.693871,-7.511106,54.003326
18.798237,11.082971,18.184383
23.718021,-2.022507,30.288038
24.006382,-0.430556,32.306145
-38.921116,37.977482,85.170433
-36.430931,38.159733,83.773659
-37.086777,38.313229,86.274689
-6.023100,-8.558078,86.305840
-4.661873,-9.390518,84.567909
13.833742,-28.596848,82.020271
14.734664,-27.673256,84.252968
14.019233,9.136806,33.333481
11.543418,10.404501,33.448967
-2.756919,25.823639,79.766724
-2.821493,26.370512,82.673553
-1.325677,28.385660,80.677200
-24.096741,41.676750,81.658783
39.056755,-18.443378,36.305328
37.514442,-19.685682,34.483189
-21.850540,42.672390,86.399300
-24.184855,42.556667,86.038597
25.619814,-29.967735,43.685051
46.376888,2.327361,61.184570
47.258930,0.252486,62.360985
-32.710541,-54.611206,88.200241
-30.177916,-54.820297,88.200264
-5.291139,-48.045803,62.170902
-7.890674,-47.279133,62.119328
-18.684046,33.264584,49.922184
-17.495750,33.049339,48.250252
-20.063551,32.457520,48.237801
-41.638710,-32.794559,70.006096
-41.370819,-34.815983,72.403229
-40.034473,-35.199528,69.765160
-21.235189,31.523914,46.424595
-18.847481,32.090675,46.044407
11.840177,-48.502296,47.839771
14.590837,-48.744408,49.618828
-8.572569,-24.273468,60.743515
-48.833622,6.813346,76.544830
-47.891182,7.394706,74.053658
-48.357990,9.241127,76.007370
40.723278,3.878704,46.217327
41.867130,4.373072,48.992878
-46.610481,-9.050082,58.382797
-45.156364,-9.868565,56.332001
1.950646,23.087166,39.168049
1.010623,21.668652,37.189194
1.509875,21.203733,39.651237
-46.825623,35.477051,79.174591
-47.564342,35.563103,81.341751
-45.874264,37.311996,81.134933
-14.342412,-18.268261,13.979440
8.728225,6.857818,4.573162
20.651785,20.925882,40.335541
22.993828,20.407763,41.802788
22.521553,19.728247,39.549892
47.574554,1.770955,67.971664
41.065845,-34.640476,60.373909
-52.537575,-28.628658,77.286362
16.108322,32.363525,84.118080
18.944857,32.132092,83.346802
17.241575,32.340908,81.760254
-1.229606,-43.383747,37.144089
5.067091,17.940672,15.860106
4.090737,19.577835,17.700439
7.116182,18.312752,17.481121
-24.839336,-19.958254,53.635902
36.505920,-28.798656,39.328236
35.434673,-31.365931,40.457741
34.612156,-29.961887,37.562683
21.954199,-43.097450,40.425766
20.964619,-44.605263,42.345329
19.971571,-43.964184,40.416985
36.011318,-9.699645,83.555565
35.887859,-10.952541,85.658119
36.138569,-8.427769,85.685310
24.575584,18.824219,39.989620
23.152773,18.607023,37.723736
-43.665977,19.478519,68.253723
-44.206608,22.037592,70.029572
-45.138416,19.854843,71.007736
-7.852669,29.545059,33.121395
-5.777612,29.687710,33.703999
8.961886,16.795675,16.445133
7.156932,16.776373,15.261341
31.724781,11.784775,82.999695
36.571945,-38.572563,56.105824
12.986526,-51.305492,67.037514
10.860164,-51.415459,67.082054
-25.820950,32.185925,52.759281
-23.493820,32.655666,51.832947
49.937206,-9.941210,69.557236
49.692730,-7.412589,68.535706
41.330429,13.637650,65.700378
40.672585,14.325820,63.126747
39.652344,15.943071,64.243195
-2.659239,-45.140568,88.200256
-0.686276,-43.071815,88.200294
-17.593201,-17.669598,17.034657
-18.252647,-15.262596,16.675327
7.758967,-7.228368,8.792147
9.433443,-8.548415,10.547248
-16.977121,34.538147,54.374126
-17.566641,34.906559,56.428001
-15.608204,35.001076,56.363228
-20.172960,-19.523514,46.042728
-19.106159,-20.000305,47.789406
-19.601950,-22.218939,45.854687
-26.399441,-19.834019,49.934940
-26.085295,-17.442709,49.270725
-47.173588,19.628555,67.539078
-48.388851,17.203531,68.567703
-7.751561,19.420151,54.507690
-5.098276,20.322845,54.775238
-6.309822,19.768549,52.288910
-29.180502,-25.372427,39.355110
27.963175,23.630266,54.651451
-25.702599,21.402187,42.314526
-25.647408,22.974333,44.688736
-27.303425,21.006035,44.082264
23.446287,-34.614304,50.371658
0.193321,12.960933,31.671005
5.359579,-37.906559,44.823078
2.741646,-37.848217,45.654240
-8.702353,10.439123,18.771994
27.907694,-9.131271,33.575939
29.288107,-10.588161,35.326630
29.120193,-7.894246,35.679356
-5.292198,-33.779053,56.730381
-22.020905,5.807366,30.139866
0.321142,12.995737,27.195507
-35.306469,41.054153,80.601540
-32.422085,41.185280,80.410370
-34.054939,40.269928,78.156441
10.674003,-32.144573,75.426933
8.827826,-32.792938,73.655632
-3.396160,35.736603,82.185165
-5.576803,37.047310,83.242233
-4.902422,36.324074,80.503647
47.728981,-14.267653,55.417915
-22.457996,-45.570274,76.273880
-22.388033,-45.279411,74.182129
-19.846552,-44.706089,73.988777
-20.513884,-45.187256,76.394791
27.475851,4.482880,45.798088
28.840815,2.669519,44.343990
-45.164093,-30.323160,75.149025
-45.527336,-31.732574,77.911438
-43.834900,-33.293446,76.237579
20.582432,-23.684792,30.143911
22.692654,-21.776442,30.597729
21.235018,-21.948578,29.142601
-23.658545,-3.668268,88.197792
-22.877171,-2.380385,85.292427
-23.796143,-4.775793,85.468025
24.416151,17.674381,74.847931
24.292614,19.772598,77.402771
22.172150,19.018805,74.669113
-29.086765,-9.236350,37.070030
-31.431675,-10.140493,38.304043
-29.266510,-11.227721,38.863434
-33.712761,5.920271,33.699760
2.816702,16.545469,80.692757
1.165832,15.617503,83.624153
1.415377,14.372231,81.751633
2.067107,22.725092,21.285017
-0.019609,22.295130,19.959587
-0.196096,23.896914,22.242622
43.222878,8.760569,58.520592
42.940186,8.055293,55.999092
-14.818912,-5.628977,19.868998
-13.826700,-8.252868,19.537094
-13.300902,-6.597977,18.341316
7.621141,11.703580,34.264111
9.370831,11.308988,33.263439
-27.757763,25.768621,41.399712
-25.529823,26.454336,39.518391
-27.739098,24.112080,38.390434
-9.548392,19.339449,76.014160
-10.583311,18.505308,78.721054
-8.432635,20.422646,77.844322
-51.102509,-21.022346,68.901070
-49.952705,-22.110464,67.592209
16.987734,-9.026425,7.253535
15.127570,-10.235306,6.052126
15.640058,-7.400619,5.913594
30.581894,9.194697,73.418068
31.613565,7.199886,73.754372
4.021104,20.252117,83.862610
5.218161,21.418509,81.750496
5.898030,22.261133,84.394211
-11.583844,38.468342,83.250702
-12.837462,37.935154,80.641434
-10.006350,37.725258,80.738228
-20.594196,-28.846067,84.123695
-21.210421,-27.892733,86.259781
7.467049,-49.288708,52.561951
8.368314,-49.692997,54.444221
6.098529,-49.412464,54.260689
-3.758012,-7.418497,1.436340
-1.271956,-7.980391,1.025584
-3.074585,-9.881222,2.021038
-34.774471,31.716364,68.071907
-32.146233,32.742161,68.715363
-34.386642,33.093925,70.711617
-3.532721,11.700329,35.076977
-7.059731,10.901035,34.816910
44.648853,-10.292986,46.655163
17.189959,0.747840,8.025032
2.284621,-26.659721,22.935768
2.503362,-25.285023,21.167366
-0.097648,-25.374407,21.209629
-35.118587,22.356476,48.667850
-35.000317,23.992588,50.616222
-24.309059,4.317302,48.718685
-24.848700,3.755774,46.070061
-25.128147,1.657087,48.085972
-26.550631,-42.619850,63.680134
-28.603861,-43.387081,65.715424
-25.842365,-44.072998,66.123955
-49.903553,-6.265153,63.556095
-48.723301,-6.727596,61.601288
3.274892,6.272829,6.748061
0.078087,6.922306,5.553908
26.239527,-17.917828,19.750206
28.176445,-16.387676,21.254606
-21.582228,1.196347,16.570513
-20.782595,2.706774,15.222006
-14.211431,15.248084,33.242165
-16.942587,13.622587,34.149059
41.096268,13.203369,60.597153
42.640480,10.658140,60.906502
-7.292814,-0.834156,49.270851
-5.161386,-0.377394,49.968460
-3.004148,21.042742,56.142010
-3.301778,21.255276,58.374908
-9.664668,18.554001,56.902176
35.310486,4.596230,36.749756
35.523022,2.786914,35.600227
4.881353,16.308718,13.454536
49.607018,-4.343190,76.161346
-12.825958,35.459476,74.000877
35.833649,5.866144,38.892780
-8.099504,-7.305535,88.198914
-19.014894,-20.069784,31.703718
-18.643660,-18.316906,29.573071
-8.908629,9.060727,37.254597
-10.009804,7.207919,39.393375
-11.725704,7.822724,37.032639
-23.721138,-0.667619,20.041540
17.751669,-48.228226,49.619331
16.501722,-49.112598,52.694435
-36.837978,19.963552,49.517864
-35.804108,20.038809,47.391109
-54.907955,14.202772,84.196396
-55.498409,12.470605,85.485138
-55.509884,14.417019,86.256828
-14.554260,-24.744184,18.320601
-17.078541,-24.197130,20.357580
22.126204,12.325754,23.948381
-4.500267,-33.113522,20.467541
-7.387910,-32.896099,21.439728
-6.366946,-31.428225,19.177038
-11.351172,-19.842684,22.416100
4.370656,-17.078501,4.853518
-1.245442,24.431719,65.359970
-0.826269,25.873487,67.386566
44.087540,-7.674841,46.234039
43.057487,-5.537818,44.870567
43.928040,-5.282135,47.018883
17.747044,11.511011,67.730415
17.827597,13.781042,69.670303
27.419971,4.835685,56.788044
29.298969,3.423808,55.488396
30.151136,2.966728,58.408123
19.346071,-49.581745,60.206207
19.458265,-49.217583,57.320198
21.426218,-48.838139,58.716019
-32.099327,19.142551,39.317490
14.529963,-35.208344,41.333843
16.801405,-33.871113,40.667416
-1.718557,13.615291,88.199654
-3.161470,11.804883,88.199623
-1.635547,11.821904,85.320045
-54.720043,16.444412,84.528664
-2.425299,30.317060,36.939232
-0.667549,29.258667,35.367809
-52.026844,-11.370283,67.240921
-51.491825,-14.401623,66.832855
-53.075787,-13.832435,69.500862
-53.290245,-11.126521,69.622177
-51.888466,-15.911131,77.141243
-52.379696,-18.043568,79.410828
-51.135094,-18.344261,76.343811
16.143150,-45.201115,40.489315
14.856911,-46.274635,42.281250
13.307778,-45.764938,40.638779
45.352154,7.382820,86.380684
44.373325,9.901219,85.549286
44.569977,8.567195,88.199883
-23.990826,-20.152403,62.560043
-23.222139,-22.531673,60.802666
-22.911636,-22.852245,63.220337
12.646652,21.615721,29.847908
11.146026,17.611292,73.432320
9.299986,-40.927322,56.748444
9.286495,-40.732674,54.132938
-36.814541,-15.960291,43.485851
-38.024376,-14.734141,45.453949
-37.766434,-13.073762,43.280293
-14.863785,5.353136,7.662849
-16.591354,3.793445,9.201283
-16.197638,6.625705,9.510890
-19.367353,34.966286,57.479153
-55.015823,20.511314,88.199371
-34.724697,-19.304871,51.848103
-35.075512,-16.889692,50.719543
-19.360580,26.653151,32.545105
-22.725916,25.105846,33.081112
-25.097067,-14.885798,54.156166
-18.420479,11.696491,30.486652
-17.370014,13.025723,31.952286
-20.663843,-44.698700,71.786087
-17.861969,-43.718525,72.240288
1.359853,3.547664,72.411995
-0.043139,4.462533,77.052124
-1.101119,3.114694,78.397766
42.860367,-33.441772,71.539383
42.234253,-34.487167,69.880928
-41.487209,-49.609043,85.986893
-42.396820,-47.840652,84.252335
-40.562614,-49.312416,84.102234
8.744141,10.681926,20.410440
6.051787,11.521484,20.337017
6.527866,10.813471,18.015253
14.994140,8.315860,31.242218
-8.372421,26.065319,38.621994
-8.658752,25.300800,36.285725
0.485196,24.775284,37.953526
-19.220564,1.562310,88.199799
-21.437798,0.961571,88.198318
-19.738951,-0.839793,88.200256
-25.554226,-13.065923,50.093063
-26.007118,-14.913087,48.438107
14.299557,-30.523174,34.121201
15.832337,-30.957817,35.836571
17.196266,-29.317698,34.433887
-6.192637,-49.198788,76.993294
-12.547806,-41.223415,49.261971
-11.360163,-42.295029,51.578369
-44.011391,-8.783934,54.469299
-45.171326,-7.309386,56.141239
40.050789,-30.086601,48.292202
40.825546,-30.266125,50.610077
-19.857092,-1.647449,36.676132
-19.889778,-1.636788,34.108650
-18.884485,0.741584,35.238018
-32.980667,-15.538301,45.538246
-2.249021,34.643837,83.506409
-1.559044,33.692894,81.543053
10.122129,11.102594,31.318466
-7.023099,-35.243027,46.454350
-5.134810,-35.989468,48.090115
24.703615,-41.883797,40.922714
22.887239,-41.338463,38.396698
1.546941,-33.958870,20.338305
39.399269,15.881912,61.476215
39.634766,14.991846,58.885384
38.012974,17.283197,59.568420
-3.311654,34.015392,52.395050
-23.378422,30.789581,46.583580
-22.561785,30.353012,44.609829
-43.028999,15.378595,66.011826
-41.569256,16.370766,64.077637
-42.432426,18.017056,65.881302
-23.719643,-42.800404,60.554382
10.801982,11.860330,10.943197
11.037043,13.619418,13.516440
13.020411,11.996104,13.064364
-2.010519,-2.517111,5.350553
2.653671,12.852493,26.248260
5.008113,12.612926,27.436966
2.259809,13.029620,28.929243
1.573533,-46.286781,43.656021
-16.460987,-26.760981,21.785763
-15.545241,-28.791859,22.838070
-17.923792,-37.076550,45.844975
48.573071,-4.560399,83.999870
-51.384193,10.174725,71.751091
-51.026234,7.669604,69.951584
-52.071548,8.010233,72.611885
9.941565,-50.063290,56.281128
8.192449,-50.443790,59.343945
6.898120,-49.855148,56.427376
32.628834,-22.441492,47.332207
31.253916,-24.406340,46.038910
-40.856495,-37.988247,76.542900
-41.057121,-36.440079,74.374535
-42.548656,-35.716858,76.843559
13.335002,29.954777,59.289322
3.958169,3.581168,5.524195
-8.445800,-35.028702,88.200142
-5.746824,-34.955574,88.200119
-1.154302,-3.016625,69.167969
-0.443656,-1.166023,69.957321
-1.475660,-3.088327,71.275864
-48.451046,-33.785995,75.382019
-47.862343,-35.995239,76.880707
-15.950297,-43.090351,74.288940
-17.934706,-44.289589,75.435501
-15.596969,-24.848349,51.016708
-13.999634,-25.896822,52.739014
-47.073830,-30.220753,69.106857
-49.160954,-3.975356,62.569252
-47.687733,-4.973627,60.085960
32.873394,-24.014162,71.180115
32.019592,-25.631721,69.481995
31.759172,-25.840858,72.140770
26.188566,19.011261,88.199677
28.977697,18.799715,88.199692
-15.512514,25.780420,41.038212
-15.180975,25.110180,38.930634
-13.469869,25.951263,40.318581
0.220374,-21.817392,72.776558
7.507443,23.585100,27.575195
5.100145,24.001123,25.685890
11.879447,-34.972401,88.200211
8.779673,-33.839241,88.200226
10.201238,-36.639034,88.200188
-40.420395,0.212995,56.452137
-40.615116,2.923360,57.474297
-41.510178,0.425062,58.394157
-9.464991,-43.558887,52.453571
-7.446897,-44.877281,53.525398
-17.866823,-6.428358,12.396878
-18.678020,-4.809487,13.043398
-24.160530,25.042545,46.515877
-0.767940,29.191669,77.680046
-1.599270,27.114147,78.106987
31.946333,-1.177501,26.674580
-37.552994,31.225712,69.311409
-36.623116,29.731113,66.487823
-51.205139,-18.545040,67.801163
-52.360409,-18.572958,69.821480
-26.253527,29.539848,58.234924
-24.754187,29.091305,55.973450
-23.603121,30.220060,58.145096
33.933922,-10.190275,44.543831
33.423843,-12.204445,42.692814
34.257553,-13.016781,45.327606
-48.210846,-11.779369,61.073917
5.300882,-12.162724,2.464400
6.720441,-13.800200,3.466351
46.101738,-27.871279,66.163391
-42.891926,26.299524,70.119095
-41.045677,27.610691,68.709442
-11.963166,-49.352943,72.448326
-19.645042,39.339344,85.835739
-1.080573,-30.485401,65.577477
-1.302711,-28.569340,66.551979
0.237825,-30.451254,67.159813
32.769417,24.159712,67.600853
31.929998,24.395803,64.534180
30.411604,25.858311,65.830566
28.160442,-13.865200,20.433348
14.572846,25.474058,84.953018
14.855658,25.901020,83.120773
16.628128,25.520605,84.583481
-18.442110,-25.306898,22.665222
-19.678555,12.129917,46.356003
-17.819748,13.662832,47.022102
-18.423512,13.247038,45.278099
13.043828,20.069664,25.848877
-16.676510,-37.269310,88.199883
-14.075587,-37.264534,88.200409
-14.920906,-35.144527,88.200119
2.084801,13.787891,79.940048
-9.316506,-12.995914,57.530518
-7.254450,-11.805099,59.057598
-8.056505,-14.484124,59.894028
-44.009010,-6.185570,54.256420
21.405497,-36.849506,60.991268
23.119684,-35.595177,61.410645
9.808570,-48.693283,48.729309
36.173424,14.845724,49.450893
35.826397,13.285677,46.760288
-1.980821,-15.380757,84.245232
8.601595,30.405304,53.521805
10.549682,29.364655,52.768822
8.975337,29.661613,50.751320
-10.943215,24.517288,34.606007
-13.280637,23.602688,33.075745
-10.851195,23.749907,32.046906
-1.389598,-49.463528,64.121178
-2.627403,-48.801579,62.153702
-28.298174,20.232534,33.638824
-28.459507,21.851704,36.057449
13.280478,-21.337742,10.630125
-53.347538,-6.064384,86.107452
-52.935898,-3.398843,85.876732
34.848736,-8.124699,49.150219
34.774544,-10.945654,47.494156
-53.974422,-14.119932,86.000336
-53.767197,-15.319132,83.865646
-52.080795,13.428171,88.197868
-52.263508,10.783997,88.198013
-51.621529,11.959117,86.526337
22.323795,-2.694182,26.781809
5.085421,-33.649410,35.021481
2.971330,-33.347786,34.097786
-13.289284,1.716616,43.856316
-12.849749,0.359434,45.408554
-14.891494,0.228651,44.179081
-10.149413,-15.461118,57.951241
-11.198232,-18.047884,57.738899
7.177526,5.226056,2.742867
-55.851013,3.390961,82.850189
-45.340408,-35.132576,71.469772
-44.191933,-35.287071,69.501373
25.075951,-2.530107,32.206997
24.900446,-4.072618,30.879330
26.526808,-4.666821,33.122921
-29.812815,-48.586010,82.035919
-28.868427,-49.538052,83.912270
-11.432500,-36.941982,31.088980
-12.003942,-37.946888,34.017094
-13.870796,-36.005325,32.036572
-56.338371,-27.505365,88.199829
-56.960640,-24.945625,88.199799
-56.725548,-25.861307,86.656525
27.000261,9.055350,26.877544
36.989925,-16.820585,58.099854
36.115459,-19.672527,57.752121
-21.488531,10.821021,18.207935
22.917467,-47.594940,79.560524
20.726887,-48.842827,78.133003
23.760443,-47.808254,77.615479
-57.513355,-19.440935,83.803864
0.517384,-50.136566,65.725319
-2.220770,-49.636562,66.920158
-45.036812,17.302132,63.395256
48.831375,-0.416630,73.717155
49.326206,-2.907422,72.266739
-1.230253,4.896779,45.541920
-3.770110,3.720417,46.023632
26.912191,12.173947,70.534393
27.930971,13.019085,73.267441
-20.910036,-18.050129,44.924240
-51.943302,4.319069,85.794708
-52.534538,5.773211,88.198471
-52.741253,3.204645,88.198074
37.257671,12.670955,48.464241
-2.387631,6.971349,83.204117
-2.057870,9.221392,84.017029
-3.279159,7.601055,84.826447
40.694431,13.182980,58.016605
12.269672,26.827564,46.970219
12.984099,27.133503,48.978344
14.248343,26.008066,47.447556
14.618241,-27.609079,29.785305
-0.867134,9.243991,9.451819
1.034349,8.403056,8.277361
1.098464,9.464885,10.637480
-12.549983,-25.789106,17.454189
-12.650693,-24.116230,16.250841
18.388330,-44.200954,39.802551
19.844677,-42.859524,38.398369
9.182865,18.111164,18.523630
8.382624,19.424009,19.901211
10.813995,18.557518,20.516035
-6.590884,-46.488361,86.291130
-5.059570,-47.494526,84.084785
-3.864559,-46.455231,86.350540
-50.155750,3.339225,79.194038
-49.722397,5.985925,78.962868
-50.549931,5.245026,81.362953
3.781751,26.389845,54.984776
4.508561,25.743040,52.968632
3.550083,23.502274,54.016335
0.445268,-33.041920,33.515522
-1.705190,-33.441387,34.785736
0.798480,-34.195675,35.891205
-23.072411,-23.569607,78.664978
-7.478137,-17.068428,61.918922
-9.344745,-17.331291,59.673775
-44.275799,-17.215588,56.843037
37.045986,1.005997,37.047935
-11.215397,5.347629,14.445034
-10.239166,4.329293,12.426759
-16.718906,-42.926727,88.198608
-16.775005,-44.225037,86.176826
-38.636013,2.400229,43.257469
-38.665611,5.344818,44.405102
-37.545700,5.264876,41.606251
-20.364328,-22.786238,42.813225
-19.277784,-25.295046,42.325016
-19.906937,-24.094732,40.204666
-22.505924,-48.113720,88.199402
-20.431959,-49.113789,88.200302
-20.402287,-46.880840,88.198250
20.369986,14.622966,70.223587
-5.740675,-34.842434,53.468586
18.408482,0.505481,19.234303
-44.815792,4.288690,65.763412
-43.505207,3.940575,63.093979
-43.944622,6.860892,64.975945
33.933250,-23.967953,62.990307
33.704548,-23.770950,65.693756
34.863750,-22.162271,64.487999
-55.335083,2.022145,88.199554
-57.677948,0.763066,88.199478
-30.843620,34.520260,73.218925
-33.291893,34.274624,73.237389
-31.656530,33.705692,71.077965
43.736134,8.540041,60.883301
44.652866,7.112278,62.439060
-30.047319,32.941410,58.719578
31.342178,-26.988918,65.942619
29.990650,-28.657513,65.775002
30.871161,-27.358406,67.961716
15.107067,17.151491,72.321831
13.488952,18.619181,73.440033
34.314491,-22.306854,31.224176
-9.131425,-17.559341,9.187489
-9.826038,-15.179879,8.127443
-7.426041,37.209381,80.557373
-8.614115,37.967567,83.032547
10.047585,9.252762,40.711449
18.935917,-12.296504,9.904259
21.077608,-11.695637,11.827272
20.049820,-14.162687,11.664838
-48.569401,-7.573029,69.586098
-48.759075,-5.044413,70.875145
-49.596008,-7.352276,72.049866
-12.332603,-35.539757,88.200119
-10.371490,-33.728603,88.200058
-13.004422,-33.058254,88.200081
-8.341239,-31.341061,34.310509
22.259724,1.499364,14.055952
11.318943,8.038284,44.564205
-11.319997,2.117609,44.580807
-16.440592,37.672966,68.863983
-17.668219,38.470829,71.173737
-14.848436,38.517929,71.489899
49.138912,-2.644612,79.529160
-38.690750,-10.645718,44.163925
-38.422268,-7.605983,42.008011
-8.909188,17.608952,28.666361
-8.676182,17.581186,30.933924
35.859604,-21.246180,32.731400
35.347477,-23.437029,33.255493
31.934759,6.068165,31.946602
33.034451,3.282058,31.428192
-21.089746,-27.234648,72.591187
-22.483128,-24.431435,72.371262
-40.253464,14.148365,52.690247
-41.554852,13.779935,55.398464
-40.570564,15.873388,54.619751
-37.221283,-16.982162,45.734985
-5.559762,-29.935753,17.178371
-13.338479,42.879131,88.199242
-12.240534,42.580326,86.474113
-31.241322,-33.381023,53.331848
-29.582109,-32.933743,51.941837
-29.497351,-34.747391,53.633713
16.773060,-13.727124,8.547297
14.743205,-12.830178,6.690383
-17.108267,-14.022763,14.709770
-23.556332,-2.934512,20.069525
38.187111,14.909168,88.199829
40.649803,15.233261,88.199783
17.014280,4.510587,20.929613
15.362819,6.353082,20.507593
-25.776924,-22.601851,29.592892
-26.261784,-24.255732,31.979902
-27.624805,-21.768261,31.415226
3.213932,-16.056484,13.278365
1.145805,-15.727029,12.974868
-4.337577,-35.104942,40.470825
-3.210376,-34.614391,38.227177
-22.175770,-22.784599,25.174862
-21.207603,-21.529631,23.147108
-20.309742,-24.139179,23.896515
-1.518879,30.982353,71.280342
-0.676276,28.821697,70.621689
2.947652,-49.433598,57.893181
4.477033,-49.449673,56.072403
5.343495,-50.005226,58.580673
-13.569555,15.753366,14.118558
-13.733664,13.966646,12.397030
-6.646082,5.781372,2.254834
-8.809044,4.306364,2.882774
-8.512138,6.584530,3.412121
6.795534,25.652363,33.957428
9.150221,24.335951,33.506939
-6.314050,-39.387604,31.688438
19.107880,-2.272118,19.300478
18.577259,30.603146,65.688080
21.468803,29.635509,64.449547
19.311520,29.888363,63.448517
40.417442,-28.172806,88.200241
35.364376,-21.793173,61.949944
35.821781,-20.360529,64.284798
-25.788277,-50.305016,71.720650
-23.841105,-50.689671,72.481834
22.283327,-25.990189,34.537640
19.819860,-27.838585,34.562332
-16.773279,-39.865334,68.198616
-15.910793,-37.404770,70.289207
-16.916241,-37.413124,68.017456
7.719081,-41.158077,88.200233
7.281789,-39.006802,88.200233
5.222684,-39.847061,88.200241
-7.530215,8.155369,39.381512
-6.478848,9.628659,37.702877
16.334137,-47.847378,47.216629
-34.494316,4.527493,44.717552
-34.758595,1.244291,44.290943
-33.717758,3.406431,42.410240
-21.892908,-6.252046,88.199905
-24.767233,-6.109966,88.198837
-41.661011,-43.285126,76.350601
-27.830431,-9.678790,39.318222
-27.318714,-7.497551,38.327408
11.026594,30.842915,60.698486
-21.026781,6.252862,54.743477
-28.715071,-47.762699,67.824921
-27.133535,-49.058830,69.486252
-35.077965,-4.445930,34.172386
-36.189857,-5.978889,36.235081
36.217804,19.612675,60.713463
36.127148,18.885721,57.610966
34.102322,21.046638,58.455006
-29.367161,-51.665165,77.066772
-1.219402,-40.255951,30.614641
-2.845427,-40.805721,32.382191
-13.734956,-21.847303,54.843613
-44.362583,-34.564293,79.136200
-45.556427,-35.214336,82.048943
-43.524349,-37.113281,80.711090
-33.617462,-12.219398,33.529873
-34.728264,-13.104403,35.776688
-34.492100,-10.220352,34.220013
-20.601564,-3.722611,35.873646
24.728258,-34.080128,53.039101
26.561094,-32.477711,53.543415
25.513287,-33.100784,51.308487
-7.500686,-11.820333,4.664237
-9.033356,-11.488122,5.465948
-1.765686,2.997666,47.797302
0.739193,2.789609,49.655830
-1.222617,1.329332,50.397739
-34.976665,-27.959782,51.844044
33.933842,1.462249,77.023666
33.362850,4.681924,78.553482
33.132816,3.890510,75.917824
-14.834130,-7.387871,49.775158
43.985443,-31.783117,71.041039
43.577423,-32.023273,73.286819
12.713361,-31.860250,35.206429
12.490656,-33.231647,37.216011
14.347421,-31.975266,36.368416
-47.281265,-13.643539,60.036182
34.221268,19.767307,55.123524
-30.722912,-11.371575,29.609524
-29.218014,-11.630723,28.057053
-33.161369,-1.357609,31.479113
-31.510334,-0.092814,29.416712
-31.763577,-2.771593,29.676918
-32.659725,19.934715,41.271156
-33.243301,18.169317,40.562523
-34.277462,18.296537,42.694931
1.250669,26.379807,28.236151
-1.130764,27.344400,29.203041
1.192046,27.191454,30.800282
-19.236576,3.771165,61.334198
30.360348,25.218098,63.039795
32.369900,23.598801,62.501392
23.535891,30.978657,85.184799
22.351185,30.867491,88.199554
25.439428,30.110563,86.387444
-7.870725,19.743383,62.514198
-9.608194,18.613920,62.302284
-50.854645,24.258907,75.774872
-49.898632,23.979961,73.681213
-50.589779,22.136467,74.273735
-25.764219,27.695292,53.646679
-27.161676,28.140444,56.026726
-28.005840,26.900639,54.540562
-47.364986,6.892362,62.709091
-48.062325,5.015218,63.190712
-5.742222,18.090496,14.149031
-8.448237,18.457842,15.071360
31.762859,-18.483173,88.200150
33.135746,-16.542461,88.200134
-8.433947,35.630779,62.843021
-8.085261,35.297421,60.451515
-10.297064,35.531216,60.746078
-9.031389,35.188046,58.616798
-39.719738,1.247055,45.769772
-39.052010,-0.419029,43.636700
-40.098080,-1.393360,46.262894
-5.949192,35.132839,61.440323
8.267769,-37.676105,26.024305
10.283322,-37.011017,25.609571
-19.200489,-48.506191,67.388702
-21.081747,-47.756268,66.058075
-42.837475,-7.909071,52.435459
-51.055950,-10.065544,74.961975
-39.001644,-49.836357,82.931992
-39.356323,-50.793510,85.183861
22.833511,21.635368,44.667465
20.232117,22.093311,43.152740
47.274189,-7.204322,88.200081
48.045715,-5.802159,86.002594
47.349586,-4.395835,88.200081
-22.827652,-25.448555,88.199005
-23.799536,-23.392941,88.200188
-22.420872,-25.455509,86.780846
-14.568692,34.738720,54.552681
-10.938295,-25.572931,16.081648
-10.254032,-23.839132,14.298655
-17.155092,8.841688,76.612320
-16.680168,8.708090,73.770744
-17.696947,6.965100,74.752991
31.074837,1.732316,55.539532
-12.095465,6.337391,39.136036
-23.391165,8.207578,26.951080
-21.497629,9.434136,25.923807
-23.216532,10.418645,26.794128
-7.780163,-21.586927,62.121090
-13.786399,7.920513,26.248951
-14.999480,6.263786,24.582224
8.875509,-36.705311,69.477158
-33.475315,-28.584316,56.187206
-35.602333,-28.467087,57.997276
-34.001282,-31.130447,58.002609
12.510226,-16.930851,17.940893
12.115553,-15.322963,16.591228
-10.140586,21.470390,18.920692
-10.742499,22.884300,20.604843
-8.462311,23.354891,20.683222
-27.168850,-34.490314,52.193970
-25.034599,-36.140251,53.094517
-27.661705,-36.340984,54.462811
0.618470,-5.767836,0.369236
2.889929,-4.349882,0.236154
-32.401348,23.940992,56.067955
-34.602062,23.352829,58.466850
-34.365051,21.496529,56.525936
40.621094,-31.382158,84.562004
40.419807,-29.978754,86.546486
38.946529,-32.118168,86.406891
-55.049526,-22.765732,77.599998
-56.115837,-22.111721,79.934052
-17.356140,6.446602,64.256348
-17.801641,4.962362,66.707108
34.134861,-37.614323,47.712570
35.750881,-35.592316,47.491142
-54.757900,-32.698540,88.199860
-52.997875,-31.344112,88.199928
-55.593628,-30.153902,88.199814
-37.776604,22.327925,54.132767
-36.094307,24.201416,52.937378
-36.601604,22.093191,51.374779
33.679871,-1.908108,56.114597
32.489098,-0.079014,55.184917
-47.409878,9.892088,73.582726
23.860167,17.063234,35.203308
-9.125297,8.246513,4.559002
-11.463686,8.542571,6.174781
-20.173012,3.571521,88.198578
-52.152222,-16.458569,68.572220
12.603004,-25.710226,88.200142
10.875388,-28.316345,88.200134
13.691348,-28.330534,88.200142
-22.440084,-19.598391,88.199928
-24.768583,-21.113344,88.199982
-21.915247,-22.509575,88.199959
18.179344,7.398952,50.848328
15.448292,7.321033,50.612106
-12.437938,-27.010252,54.293404
-11.279037,-25.490961,56.899216
-10.754902,-28.231157,55.734974
37.889507,-5.727121,34.865555
-36.937550,-4.004545,37.695473
30.648106,27.040245,77.773773
30.124067,27.255280,75.337769
28.511309,28.507774,76.711823
8.409969,-50.350937,79.465569
6.693373,-49.976665,80.548218
6.558272,-50.655338,78.208595
1.598919,19.999666,88.199554
-0.942354,21.469532,88.199585
-0.996065,18.065304,88.199585
-20.770107,17.587656,28.816339
-19.793192,16.701000,26.428596
-18.580256,18.838909,27.589436
-8.716154,0.725485,10.022807
8.712464,-51.507713,73.292130
6.955173,-51.220146,75.243698
6.563961,-51.397034,72.675201
13.897163,-51.339386,69.664032
-32.945564,-41.888153,67.328796
-31.010204,-42.035503,65.205765
-32.994900,-40.692810,65.306953
2.312187,-21.771160,77.384125
3.011699,-23.697657,76.138054
1.515708,-21.860430,75.398300
28.447628,-5.065578,35.844963
27.182753,-2.956246,35.193443
-10.897905,5.648693,4.523892
-16.909582,-39.613617,53.368874
-6.193103,24.326038,21.724583
-4.327632,24.205050,21.707270
-4.985494,22.868511,19.915342
-33.907066,-43.728687,74.078583
-35.721657,-42.417194,73.986946
-35.235931,-43.474442,75.675987
-30.566425,-43.445889,67.637589
-45.184128,28.906837,76.060509
-44.519569,31.125278,77.344666
-45.736134,29.932865,78.408501
-29.547626,6.569159,27.707092
-29.422577,3.776928,27.144262
-30.773535,5.059576,29.051905
2.637514,-45.156807,39.678543
5.042410,-45.911385,40.855865
2.799599,-45.911057,41.688713
14.119011,-32.254154,21.237833
16.012192,-32.197487,22.243902
14.186153,-33.922970,23.253704
-28.034037,1.299954,31.295492
-26.255655,0.544900,30.421700
-26.409016,2.406227,29.591925
-21.810116,9.438784,38.787670
-23.435263,6.805970,38.805405
-22.905451,8.276084,41.967621
35.350060,-12.117456,78.982193
35.531258,-13.150996,81.171257
35.699783,-10.931849,81.322906
-43.505898,-24.379944,65.628876
-44.980999,-22.034220,66.496674
-45.104828,-24.029861,68.003029
-48.584309,-17.660645,63.170277
-7.220316,21.741850,82.389915
-4.829510,23.876562,81.438339
6.466206,6.392055,46.791702
-35.181957,14.046358,41.134876
-35.651684,15.972647,43.505142
-34.325478,16.242380,41.046997
17.526978,-50.469299,65.271492
19.551411,-49.844223,63.264442
-27.264969,32.967686,67.478180
-24.841993,33.777733,69.632347
-19.359543,5.802836,13.377760
-20.335690,6.985816,15.207500
-51.767002,-8.768145,66.707718
46.291012,-20.813477,83.575653
46.378174,-22.610371,81.344803
47.297977,-20.183918,80.741280
-3.665901,-7.806417,61.346321
-5.389944,-10.370562,60.700539
36.977921,-22.074184,34.778992
-30.568848,-46.985519,67.743317
17.424227,-24.762241,16.040808
18.980867,-22.533346,15.534323
22.536797,-11.274889,13.281974
22.156553,-13.544794,13.547224
15.333386,2.921653,7.273515
15.416064,5.528866,8.792918
18.594090,-19.396191,13.079343
34.520844,1.407729,80.236130
35.294994,-1.001488,81.884247
23.054205,-29.028214,24.230122
20.547482,-30.326065,23.404018
-12.770349,-30.232925,50.265255
-12.756548,-31.365572,48.210632
-7.765628,2.896673,88.199760
-6.751704,1.736673,86.896629
-4.206234,29.014191,32.250553
-46.512711,-6.052633,58.204899
-38.287228,-44.806816,73.381775
-40.307041,-43.157806,73.951431
35.041512,-11.626049,29.289379
35.610764,-14.759371,30.336847
-49.303020,15.091655,69.320930
6.963659,11.691515,22.686653
7.420154,11.880435,25.663162
4.751419,12.407820,24.494722
3.991243,-27.502642,88.200058
3.372868,-25.596828,88.200066
1.453761,-27.428650,88.200111
5.119842,9.640614,4.825037
-10.141472,-1.525050,48.446503
-46.980690,8.148977,71.923935
-45.696423,9.016838,69.204208
17.406538,13.068653,19.087013
-21.238264,-9.835332,43.325123
-20.733749,-6.986008,42.677643
-19.437037,-7.271511,45.315170
10.518941,33.099220,80.948326
11.775492,32.938938,79.261040
9.821797,33.325626,78.617920
30.898960,-5.225309,23.679831
31.646126,-7.556408,24.476398
-25.020607,-6.594460,59.283150
-45.395920,28.183821,69.249481
-46.011963,25.935717,68.691360
-35.194714,-53.920650,88.200180
25.538418,27.882616,62.921669
23.804922,28.949532,64.307739
-1.502752,-46.588852,86.346649
32.716927,-29.851910,88.200264
-16.448458,-22.811415,30.204784
-14.512893,-21.862858,16.300045
35.421486,-9.836504,88.200005
38.576122,3.646145,41.996880
38.165508,6.100965,43.282772
39.395737,4.589719,44.263145
-4.260292,20.317427,52.328003
-2.368702,20.622875,51.436863
40.339718,11.519115,53.427853
41.713070,9.720098,54.591080
12.865680,-28.757872,16.837803
-7.435763,-48.944321,68.584244
-8.156148,-49.108257,70.644257
35.577953,-14.403542,51.126083
-3.338797,18.900656,39.444942
-0.347867,20.004450,39.321732
-1.486261,19.666656,36.940491
-4.831780,-42.810150,38.348419
25.744116,-25.139767,86.045517
27.966003,-25.167154,84.308960
26.011646,-26.907125,83.545242
3.098408,15.383964,11.349288
3.610039,13.810946,9.186421
-29.665878,23.677849,40.859684
-4.977796,3.969063,1.193136
-3.813130,6.162908,1.562923
-52.403725,-26.738125,75.334595
19.545742,-49.769623,75.458496
22.363928,-48.818565,75.415985
-0.306197,-9.401185,8.424812
-50.869629,-4.248218,65.500519
-49.834579,-1.722471,64.164398
-29.549986,-20.967806,33.544865
-30.889641,-20.361130,35.091560
-12.675754,31.975670,41.383739
-12.221505,32.721699,43.914829
24.059698,22.151566,85.935776
24.250780,20.693340,88.199692
5.504351,32.022659,56.551750
4.714758,32.488708,59.021362
-32.280876,30.154917,55.679379
-32.248734,31.515671,58.014278
-30.090494,31.753939,56.165752
-25.500305,15.235443,25.234760
-26.777395,15.205036,26.927891
-25.887384,17.666428,27.362366
29.155029,-30.066732,57.268890
48.817402,-0.371183,78.611267
-3.255758,9.529860,86.011009
-5.929974,-31.646620,33.139843
-32.144253,-52.828674,81.625351
-30.849731,-53.854336,83.645874
-33.802227,-53.276218,84.164368
4.776516,24.039656,51.209282
5.019041,24.524292,48.381920
-48.135273,27.685520,72.661423
-47.483917,29.928286,73.293312
-46.448895,29.131683,71.249786
24.461554,-20.724813,31.800915
23.897982,-22.447062,32.530693
25.387035,-21.739986,33.661812
19.579132,-29.256386,21.601162
-50.718838,-27.276737,72.833076
-52.207703,-24.486750,73.186806
-2.623265,-24.263103,67.154587
-0.981796,-24.328136,69.208206
-39.526138,-40.047966,67.552803
-42.402027,-34.506092,74.561180
-17.056376,0.115276,88.199783
-41.996891,-39.951378,71.929962
-11.275610,-4.279165,14.952479
2.111928,24.471741,24.326931
4.712936,22.785103,22.946541
29.696758,-12.084932,21.908686
-4.664476,-45.598515,50.324017
35.828808,-11.977420,83.374641
23.920219,7.818205,21.200466
22.484833,7.797668,19.243385
10.483172,-18.665495,17.944893
16.330967,-21.114117,23.814552
16.580315,-19.355034,22.662954
32.752602,6.737555,78.716202
24.424082,-29.368702,41.126957
-1.829988,3.680760,80.408562
-2.825297,4.395671,82.575111
27.347067,-17.597586,33.597252
28.621992,-16.198381,34.818562
27.699490,-15.008133,33.267860
-39.523163,-11.068948,46.720055
-39.239498,-13.731483,47.608067
17.035437,-11.244846,7.872970
-29.629610,-26.101419,42.106697
-29.113886,-27.509733,44.092285
-1.099717,31.679861,76.405273
-0.723923,29.935577,75.271935
-14.941935,-49.847706,73.214767
-15.545696,-50.286766,75.730469
-17.414900,-50.395962,73.755203
-23.766272,-23.251444,27.560480
2.603161,-44.294132,37.576694
1.030628,-43.242355,35.756104
4.383743,-43.529869,35.515541
4.463904,21.294634,20.346531
6.233268,19.967541,19.344376
-7.613607,-30.052584,58.316345
31.845394,-4.113335,42.569241
-46.743050,-24.969862,72.144073
-47.990253,-23.433907,73.347504
-3.277693,-29.848808,28.686718
-1.604220,-30.982384,30.118637
-1.094799,-29.909386,28.192263
13.274191,32.213364,71.310303
15.814933,31.697632,69.593689
13.712755,31.700672,67.820045
-5.956694,-18.246010,64.218666
-4.538550,-19.224056,66.114815
-54.604958,-21.423491,75.668266
-53.413761,-21.691555,73.451752
-53.716038,-23.838413,75.527786
-27.948637,27.203848,44.261253
-30.352308,24.832674,43.771622
24.106890,-19.234043,18.176754
25.478565,-20.120943,20.043415
14.219508,32.606270,78.643616
17.288986,32.263481,78.914909
16.125237,32.263802,75.953804
33.848774,6.681364,83.967522
34.252586,4.214875,82.046906
4.687761,7.813995,71.671555
3.206841,7.449512,73.347275
1.194478,-19.050215,81.457321
36.783958,-10.653540,56.494072
-38.687244,-12.654545,45.534355
-38.000626,19.769144,51.990387
34.036865,4.574148,34.366982
24.460766,-5.937235,14.890179
-13.983467,-39.750607,45.173458
-49.936283,-18.422733,65.636543
-49.788509,-20.594906,66.451126
-44.450287,-45.818363,84.149826
-43.790379,-47.908791,86.488266
-46.018677,-45.438179,86.025612
0.467102,1.172675,71.113670
-1.051199,-0.958936,73.235405
-13.148504,-18.899082,55.650024
-14.199001,-17.139425,54.196125
-38.397533,-39.842072,65.489052
-37.263073,-41.514862,66.249809
11.829709,-40.780815,55.717426
11.286723,-40.888851,59.098831
23.389454,-31.290215,42.798904
2.550832,-14.033439,11.687910
0.252766,-12.591717,10.708115
-46.550770,37.893013,85.700348
-18.312218,-50.985497,76.094452
-16.113075,-50.641609,78.711159
-23.949289,1.541640,52.940765
-23.767540,-0.083915,54.794678
-22.721556,1.756974,55.573650
-3.281247,-45.754932,47.764198
-3.184032,-45.247433,44.943581
26.027451,-47.708916,69.219765
32.383064,-25.480421,66.876892
-4.661143,37.251068,72.351700
-6.895528,37.616196,71.823410
-9.215275,-22.024431,12.335468
-9.566724,-19.486183,10.802813
-46.393620,-3.401018,58.213230
-45.261677,-4.781600,56.303310
2.761288,-21.492796,7.980582
2.214862,-23.426847,9.657630
6.321033,-48.841656,50.763588
32.397743,1.448474,62.986736
30.477997,3.498631,61.642014
31.689529,1.655674,60.314064
15.280995,-42.824875,35.883606
17.017111,-43.576195,37.929737
14.174947,-44.310886,38.032112
-0.053576,-31.933529,31.498177
-13.135276,-49.717331,75.031021
-13.933822,-50.030857,77.348190
18.490170,-35.390343,44.431870
20.156475,-33.837643,43.311214
18.292959,-34.311615,42.440834
-12.017336,-20.912262,57.151012
-5.158940,12.218077,24.642761
-6.061796,12.073709,26.470360
-7.002500,11.707128,24.338266
-16.799610,24.267294,37.833225
-17.243382,24.969305,40.090099
4.043107,22.670200,46.229370
-36.404331,-12.304569,38.768879
-35.216606,-15.288065,38.400177
-34.308544,10.167537,36.795647
-35.353935,7.468530,37.618820
-35.523849,9.983822,39.325146
-16.480001,13.492188,29.964409
-14.730473,14.676127,28.366009
-16.442472,13.133346,27.329906
-21.051289,-16.712833,34.178329
-21.431087,-14.353790,34.287899
-33.720665,-48.000698,72.850792
-49.990017,-24.817333,79.244415
-48.566750,-26.879181,78.448471
-1.992637,30.617989,62.818924
-1.109612,29.900620,65.246216
-10.730793,-0.580093,3.739741
-10.885682,2.470159,3.903557
19.490936,-0.301006,21.171978
20.006575,0.446172,23.553185
18.603651,2.199547,21.542152
-16.305738,-34.644176,32.722565
20.949305,7.512601,16.971781
-22.245888,-28.228041,59.812119
-22.475945,-25.110077,60.964272
-22.928965,-0.375696,57.166412
-22.040602,-0.736497,60.181156
-15.302328,-12.917467,22.701374
-16.485748,-10.516029,23.222027
-16.595491,-12.628330,24.009212
13.700933,-26.616577,86.102638
-14.114079,19.571390,18.342054
-15.088988,21.333092,20.592228
13.669188,8.470299,43.075851
5.277870,-8.557302,8.260447
-1.921163,-2.097121,75.797165
-1.986462,-3.709297,73.921577
35.753071,-7.531307,88.200081
35.866924,-4.947277,88.200005
36.188770,-5.441277,85.539894
7.338774,15.300024,74.084167
-51.897713,-6.391688,67.131340
-4.381349,10.532296,37.103252
-1.737655,11.079260,36.941933
-7.161779,-34.794254,24.016281
-9.605337,-33.430962,23.564589
-27.341055,-52.201401,88.200218
-6.671792,26.625555,40.073376
6.944924,-6.447818,1.179027
18.781841,-9.673841,9.014665
18.362617,-6.867167,8.182996
-11.914816,-4.302428,5.137200
-14.045421,-3.873438,6.975612
-12.850600,-1.317540,5.436726
18.002542,4.060952,23.573803
-0.121822,21.036610,50.921516
-0.032483,20.660109,48.039879
-48.962132,-23.272781,75.386749
-32.577648,-10.105400,39.925533
-33.435833,-8.724931,41.109497
-32.986160,-11.408409,41.620575
-49.326221,-30.239601,73.171005
-48.004833,-32.633087,73.348846
-13.099848,-35.283112,29.689663
-21.481691,-7.826005,40.712891
-21.925421,-10.162279,40.428661
-21.840416,-9.165429,38.397884
-13.098941,-24.475849,54.883911
-10.522409,-44.835236,58.185390
4.058863,-46.590588,43.152512
42.525349,7.307854,53.608440
40.358490,-17.613422,38.267418
-9.558777,-29.729616,32.361130
1.022887,5.997951,44.871349
-48.775417,-15.100973,69.900276
-49.536880,-17.058754,72.076111
-2.607043,-3.183868,77.888763
-24.306221,33.420094,54.929203
-21.613304,-12.222419,19.646868
-19.920485,-13.707775,18.044971
9.076250,-30.325855,16.990589
-3.614995,-10.743402,10.959598
-5.310783,-8.667795,10.778973
-5.384873,-10.602894,12.172106
21.735731,7.391875,60.441460
23.466198,6.668854,58.480888
24.356035,7.205900,61.176918
32.641689,25.367882,78.059868
31.165600,26.811785,80.033096
-40.531189,7.381271,49.707714
-40.151127,9.974611,49.974903
29.802519,-20.132055,24.703627
30.493851,-18.023218,24.572077
31.852545,-19.151648,26.645844
-4.098591,-5.047151,56.305447
4.109648,10.359259,14.685143
6.221237,9.015067,13.365650
-19.516525,5.576538,82.787704
-28.792685,-46.640717,66.172195
-53.319256,-16.409966,81.849640
-53.055340,-18.661366,81.917763
16.181622,20.702328,33.228664
18.231623,20.457148,35.766502
18.466478,19.463167,33.123184
6.369591,17.305763,75.904251
5.989990,19.457266,77.651360
20.018177,-13.889111,22.837910
-35.627548,-0.141385,46.239349
-35.062542,-1.120141,44.644608
-26.389318,-54.269409,85.499886
-24.081398,-53.620163,83.683205
-2.023410,35.113731,66.938667
-3.763823,35.227039,65.413803
-30.503838,-50.670235,75.353081
-17.868614,-32.918167,72.700890
-17.702347,-33.465206,70.813591
-16.306274,-35.349346,72.329872
3.073716,-29.882057,15.585551
14.353525,-48.411263,83.132774
21.748966,-32.526924,26.615885
23.498669,-30.644249,26.157410
23.791037,-32.306225,28.063019
27.560575,19.078373,84.439941
27.586699,18.561794,86.569839
26.075745,20.396992,86.174210
-2.942321,13.992234,8.115623
-23.003504,10.247623,19.970135
-24.540846,9.841181,21.871101
-38.674541,-33.846340,65.509209
-40.084900,-33.316093,67.422173
-38.619965,-35.497532,67.258331
47.102737,-13.404755,53.188629
23.192865,23.119087,83.177353
21.194181,24.303310,83.066864
-27.955233,15.760547,28.926199
-27.303801,17.846972,29.538490
49.810852,-12.182808,73.944786
49.889702,-12.880491,70.781891
49.972633,-9.893724,72.354691
21.679169,7.292571,44.241295
20.383169,7.508233,42.242805
-33.677677,-44.803177,76.605949
-31.717615,-45.075008,75.067177
28.975214,-45.243153,57.363087
-53.645485,-8.439054,86.082458
-53.874332,-11.085030,86.112488
-5.490379,33.111721,69.753174
-37.846577,-3.080644,39.980637
39.638115,13.219831,54.459198
39.614273,14.252522,56.523136
-4.286718,2.286042,47.477039
-3.689833,1.040658,49.223675
-5.729703,0.929230,48.287540
-20.117323,-20.278652,21.182032
2.102283,-30.198400,69.565956
-24.078873,6.149299,44.023098
-24.337311,5.346919,41.223145
-2.805583,-9.469651,78.794975
30.851511,-36.898865,40.787502
28.941833,-38.125450,39.988487
-46.827778,17.100086,66.020325
-48.070221,14.892422,67.155167
1.058664,28.101927,33.612446
3.457731,27.637018,35.063316
3.290325,26.848072,32.368149
-17.576324,21.141851,21.898411
-17.479979,22.655804,23.548231
20.545410,-1.085576,10.952243
21.526962,-3.765180,11.519384
-8.189477,-13.790169,6.118235
-7.743697,-16.455608,7.505800
-2.880495,27.125937,85.672874
-1.805923,28.302635,83.334038
28.410950,-2.734407,37.258247
26.723280,-0.995434,36.058838
-7.957423,18.136335,27.066061
-9.450674,22.121412,26.686081
-9.159708,18.514475,24.918953
30.801987,-23.399282,43.141041
34.541218,-3.860580,54.580048
-50.037510,10.345268,68.958656
-49.840874,8.556107,67.847122
14.991905,32.539902,81.352631
-23.967697,-4.486839,64.253815
-23.778856,-3.971729,67.493752
-22.399149,-2.300922,65.548332
35.903309,-15.001807,70.141838
32.371807,-24.069546,29.850924
4.358863,12.156951,21.885386
3.549155,11.724658,18.788414
-3.811141,33.126499,72.216843
-48.682198,-1.299234,62.307037
-18.732130,12.631233,49.030418
-21.609859,-19.183149,39.542473
-21.329672,-18.439707,36.624352
-21.889942,-16.957438,38.225113
-0.574899,24.385784,35.657478
-37.889622,17.749767,49.888893
-9.388165,-35.179527,26.105179
-8.289884,-36.740070,27.962662
-10.741789,-36.080334,28.752184
12.928991,-43.267521,35.758698
-43.385738,1.439103,62.005520
-44.703808,1.661318,64.579788
-52.361633,28.284042,88.199265
-51.938324,29.236969,85.513290
-52.799480,26.861069,85.885818
30.637007,24.339865,60.554726
28.030708,25.997564,60.859646
20.529446,-30.721766,88.200218
17.766710,-30.811911,88.200195
18.247408,-14.743509,10.244798
18.172359,-27.359554,32.424309
-1.739758,30.287241,56.098007
-4.139804,30.563414,55.572762
-2.662460,30.131348,53.800507
-45.839756,21.991232,66.639824
-19.461912,-7.463934,27.256041
-18.545366,-9.025589,25.656910
-18.634315,-6.056398,25.452751
-54.182377,14.283340,88.199448
-54.168087,11.773418,88.199425
25.395298,0.839050,18.020399
25.508654,2.939398,19.339031
9.525734,3.069116,9.904825
11.793097,3.674979,12.367440
-5.665983,-44.512177,46.175797
20.745201,-46.656319,47.113209
21.042128,-45.744888,44.864277
-40.111416,33.579620,68.800949
-13.304809,-27.307920,19.354443
42.868942,12.780270,78.140953
41.700138,14.360720,76.651299
18.033802,-29.298687,20.519064
16.388811,26.444393,51.211582
3.612075,-21.973610,17.939283
15.107100,10.147552,67.239365
-19.096685,-0.237127,29.763117
-18.457550,0.629302,27.724606
-18.111078,2.329372,30.014601
-2.261345,-26.285282,22.826338
5.945944,14.314522,11.028862
-19.112312,-30.973730,73.240753
-18.351896,-32.258129,74.688858
16.528912,-37.920574,48.053280
15.136889,-39.002300,49.830242
17.165188,-38.614693,51.132431
-51.960037,23.983341,78.491158
-51.003674,26.671173,77.526825
14.857566,26.409937,49.429962
14.046793,27.369696,51.212685
33.172459,-0.307737,61.014008
33.756023,-0.653632,63.903561
0.854335,1.529880,51.860958
0.797142,0.345409,54.062580
-1.050481,0.014888,52.495720
19.140598,7.172915,59.431763
19.730722,7.946130,62.065666
-52.354607,2.007769,86.378670
-43.048195,8.941399,64.039078
-41.930389,9.876970,62.418728
-42.823833,11.312883,64.436172
35.718666,-5.641785,81.645065
35.301338,-5.928081,79.227661
35.697514,-8.102885,81.020035
-26.732431,15.859804,36.744949
-28.612446,13.238483,37.709667
-27.299789,13.011583,35.156658
-36.886814,24.013432,61.680649
-36.262230,22.902075,60.196823
-35.024242,25.303749,60.632614
-13.116154,28.922318,49.577271
-14.016945,28.293436,47.725624
-11.569160,28.455225,47.473835
17.672279,24.991568,79.984940
15.610683,25.722065,81.054306
-55.060158,-23.764109,88.199760
-54.512188,-26.395374,88.199860
-52.590702,-25.263916,88.198837
-17.129293,21.029428,29.817774
-23.542416,34.873459,59.303169
19.111526,31.750105,74.535690
18.076498,32.065285,76.828247
19.973913,31.825016,77.807907
2.944698,-50.926197,70.456482
3.163435,-50.823120,67.224930
34.413094,-15.317440,46.497707
34.601009,-17.142416,48.601540
35.022957,-14.966827,49.012672
10.437179,21.492611,25.833801
7.271935,22.518629,24.467508
-29.070974,-19.121870,31.271536
-30.852816,-18.819115,33.565098
-30.649591,-16.960560,31.919024
-37.641705,-11.218534,41.365746
-36.689178,-14.114531,41.055588
-20.736450,-28.005791,65.822174
8.519192,-20.355572,18.266685
-57.773621,-12.229416,83.984756
-57.986435,-13.943781,85.859291
20.730474,-16.060291,13.200436
-28.471022,1.867469,25.905687
-27.637676,3.435374,24.971678
-27.064054,0.985512,24.257595
-38.603989,9.939951,46.334991
49.379658,-13.132400,63.055771
49.022400,-11.323311,60.953289
-20.319727,-19.213438,33.948933
-49.031612,0.990119,63.504986
18.819311,14.696676,23.096779
19.043921,15.916007,25.483524
20.821299,14.057193,24.770927
-28.328211,-24.838736,51.975365
-26.214611,-25.103086,53.163849
48.089996,2.178971,74.813591
47.066792,4.961408,76.181961
11.840467,5.426194,58.352921
15.037314,-19.121372,10.238823
5.733232,33.544907,70.112015
3.173795,33.900753,68.016373
2.895798,34.474339,70.686806
-36.456886,4.978481,38.912033
-29.231459,30.498920,62.313190
-31.346676,29.328247,61.802174
36.400715,-18.418503,32.374207
-57.763237,-19.539381,88.199738
-34.118252,14.813591,39.463921
-33.255814,14.695098,37.571602
-6.397448,18.713215,45.023529
-3.757942,19.420851,45.490002
-56.570587,-25.242413,84.328651
-56.092422,-27.556959,85.411270
-49.598866,11.202551,80.300049
-49.219006,8.734026,78.401703
-48.651276,11.492426,77.558754
-42.044300,-25.214045,57.438171
-45.962955,31.143438,72.331993
-47.291718,31.670525,74.620148
-27.373713,-12.281571,72.294708
-26.929216,-11.696955,74.920174
36.230789,-12.364841,69.303421
36.679012,-11.923861,67.360336
22.335703,-15.705040,14.631543
-42.884136,-10.619402,53.039700
-44.037525,-10.877177,54.851723
41.242859,-16.787457,88.200134
43.302353,-15.529003,88.200142
40.634697,-14.182346,88.200119
-54.843468,-18.926718,74.857101
3.938809,8.292795,3.229681
4.996953,6.137623,2.225786
2.146714,6.495214,1.653461
-18.818874,9.413593,55.409313
-17.112221,11.262182,56.596226
42.368416,13.732914,80.797424
43.826160,11.410461,81.402283
43.723362,11.521158,79.468468
-53.920147,-9.633759,70.972443
25.546309,-32.853050,71.357872
27.360786,-31.384094,69.691147
0.201635,11.975063,18.298796
15.452487,-41.971603,88.200272
18.049574,-42.248398,88.200302
17.752851,-40.141575,88.200256
-19.053789,-51.540386,78.644142
42.038979,13.278330,88.199837
43.282455,11.063021,88.199837
43.078419,12.089609,86.141197
16.247267,-5.234545,15.381855
17.624725,-3.268881,16.859776
-10.537002,0.496442,46.492432
-8.792102,2.402573,45.454311
-14.655581,25.780741,26.351292
-15.505751,26.631710,28.706127
-31.817184,15.981877,46.411022
-33.210262,14.225241,47.819172
-32.529419,13.722326,45.915970
-1.273551,-14.565186,3.694782
-0.202241,-16.733471,4.827332
-2.553331,-16.950960,5.470224
-0.522669,-18.372410,6.037712
-10.762339,18.695877,16.015169
-9.178556,20.158777,17.217773
2.581899,-42.161552,33.155186
1.011272,-41.086464,31.473703
3.397150,-40.984287,30.871273
34.681892,-1.275708,78.560333
34.999760,-3.962662,78.340767
35.293640,-3.610969,80.292702
27.782492,-6.800276,34.040615
-16.115656,-8.279899,10.821068
-15.559023,-11.240067,11.479242
17.132946,7.642428,48.944569
33.489532,-42.944096,62.470840
17.090662,-49.500710,55.817085
19.395561,-48.772793,54.323524
-24.503279,-18.393860,57.496834
-24.591511,-18.629129,55.476856
-24.155035,-21.348148,56.219501
32.150005,2.133146,28.975044
-52.463882,-20.554277,71.026718
-14.143393,5.679595,37.908798
-12.064487,8.584204,20.726704
-14.051876,6.612270,21.742933
-13.071042,6.816335,19.291895
0.012869,-47.350368,50.309853
-1.889884,-47.573914,84.373390
-19.947212,-30.174433,80.649178
-20.819296,-28.536985,78.573784
10.799276,-14.588573,15.255385
9.497151,-13.125846,13.474892
41.071712,-6.771736,40.245396
40.414078,-8.469299,38.418114
39.570065,-5.667211,37.899330
-31.392107,-8.705609,29.806705
-31.993601,-5.555457,30.056778
-19.383488,-5.831014,14.437299
32.336082,0.377211,57.970100
-0.772661,31.189678,79.453529
-11.489462,8.063008,17.945395
-9.618284,9.392312,17.183184
-10.326518,9.512993,19.063969
-2.925642,-47.085140,54.663750
6.035781,1.219050,0.928771
7.822762,2.671474,1.995107
-34.208275,33.349510,63.285522
-33.083206,34.694042,65.151909
-13.117188,-46.357677,62.798725
-24.569359,-7.014202,80.252197
-25.253773,-9.065983,79.618744
-24.828114,-9.064968,82.633682
-31.543367,18.243279,48.103119
-32.976761,16.273045,49.107765
19.279049,7.576026,48.794243
21.402300,7.318502,48.273510
20.869801,7.181083,51.131535
-5.849638,36.696972,69.688057
-5.848508,35.916271,66.731453
-8.281833,36.539341,67.486916
-5.154400,40.052250,81.206543
-3.746629,39.147743,79.745964
16.258196,-41.172184,33.790993
18.010015,-41.975933,35.912991
-2.203336,-49.718750,76.085205
20.022141,10.777412,66.541069
22.092607,10.096235,65.619568
22.063162,11.595707,67.414520
14.489301,-46.791279,85.696877
11.898607,-47.827026,84.671066
-9.280107,17.304682,40.074699
-11.448305,16.547707,39.009293
44.807167,7.538240,65.359795
31.700962,12.999793,39.927876
33.147526,10.536603,39.179501
30.982834,11.857716,37.288315
-3.194959,-24.627254,21.060772
-50.277935,-9.321685,73.134315
-4.100299,-49.374878,77.113525
-51.010410,-16.752533,66.737526
-52.611168,-22.859058,83.937714
-51.414894,-24.256138,81.887329
-49.018200,7.858042,66.012039
-47.989063,8.778414,64.547150
-48.735992,6.199190,64.825371
-16.565884,3.806147,24.892616
-46.509460,-36.045242,84.460526
-46.884193,-37.368313,86.368492
-45.370174,-38.190102,84.888367
23.601221,-34.317829,70.687416
23.581429,-34.853874,67.678055
21.593813,-35.757362,69.207024
-0.142188,9.289361,3.118800
1.750977,8.862459,3.012435
-11.903090,-42.745159,88.200287
-12.595204,-40.466991,88.200157
-14.138027,-41.747929,88.200409
-38.224167,-0.190811,41.424507
-14.476750,-41.068077,73.563393
-3.514827,34.368568,56.413155
-5.067572,34.430019,54.333954
-5.491673,34.705334,57.048954
-25.644169,-15.412971,62.316177
8.798617,-40.086063,50.872871
9.148745,-39.307877,48.180679
-28.797703,28.606655,58.483051
-29.605289,29.320539,60.420383
-31.187281,27.991777,59.733826
11.681233,-35.351685,23.926472
-46.727791,-42.913338,88.199890
-47.957867,-40.834381,88.200012
-49.370575,-42.882088,88.200043
26.057823,-7.867929,16.861925
-34.551418,-21.906797,53.331455
-34.215538,-23.909506,54.185081
-11.012790,-31.974243,50.311085
-11.341967,-30.531458,52.200146
-2.514798,-2.956563,55.503174
-2.267062,-3.917381,57.573219
-15.528591,4.143140,21.977585
-16.740238,1.843676,23.089075
-26.700073,-10.639610,44.024158
-27.029985,-9.502900,41.875023
-30.639360,-14.562441,30.623547
-28.631710,-16.818884,29.319689
-14.980273,-30.486448,42.177395
-6.550794,-46.900028,59.564796
33.169724,-39.416458,49.323887
31.188053,-40.313499,47.244282
-18.582624,3.449666,68.631371
-19.774216,1.586212,70.252029
27.514360,-44.104053,49.458351
-38.336414,-31.501177,63.000790
-39.162327,-28.552761,62.121738
-40.108738,-29.576794,64.086288
-36.742558,-30.556646,60.390213
-5.577234,-15.513989,5.708366
-3.698770,-14.729976,4.436358
1.909273,-18.049719,5.460237
42.756222,-32.712341,75.752403
-15.042996,12.425552,61.570133
-16.282806,10.118500,61.384918
-15.182836,11.473832,63.766396
47.067631,-22.517792,78.502419
47.447529,-23.049028,75.410172
48.277229,-20.114170,75.784744
30.231100,15.102612,40.724380
28.122856,15.695058,38.659256
-37.621620,4.366254,52.068768
-16.578255,14.383860,49.469849
-17.754143,12.813506,51.725269
-16.100241,14.285233,52.019768
-8.999727,19.702284,86.404404
-7.312686,21.575836,85.691284
-0.831223,-37.643639,49.120770
0.003438,-37.448853,46.243713
-2.771514,-36.807564,46.970901
35.040451,-21.618521,56.591896
35.105331,-22.180912,59.172409
-43.619656,29.619625,68.225525
-6.527090,-12.771638,60.924740
-37.352703,-36.566383,60.353756
-36.289677,-35.413071,58.293362
-40.039841,26.481482,66.712044
-39.040199,25.406322,64.900803
-38.074783,27.618839,65.589912
-17.358776,-15.231552,50.423958
-18.821524,-13.458288,48.423332
-7.785001,-34.734276,48.724014
-51.576775,17.901018,74.961052
-33.490383,-13.040716,44.072266
-25.288271,-13.301314,52.502853
-25.446268,-11.084049,51.524548
-3.648278,-17.439529,67.671227
-3.654600,-15.355953,67.822449
19.522320,18.317642,73.085236
-18.358521,-0.957781,25.775259
-18.571125,-3.690199,25.439041
20.971226,19.755878,37.606915
-0.650911,-3.337674,62.262081
-1.345305,-3.833009,59.844093
0.702155,-1.614572,60.261131
4.716014,-31.267269,30.594473
5.016225,-32.443336,32.748920
7.578669,-30.957880,30.985586
-33.190453,-29.547283,51.500298
-18.552416,6.057530,76.870605
10.462206,-39.801826,64.524582
13.119764,-39.933826,63.803337
10.842451,-40.463367,62.269958
-18.844608,2.966918,66.501823
-19.797358,1.332731,67.622467
48.531586,-5.758595,61.439774
-2.604443,-26.423235,12.960579
-3.137723,-24.572491,11.544729
-0.756457,-26.155437,12.316189
-47.177765,29.227560,82.310532
-47.083229,30.006996,84.059387
-26.697306,-2.080758,23.978912
-24.820297,-2.688186,21.741184
-25.564871,-4.349261,22.850363
-56.237862,8.810913,86.420151
11.842685,-40.593201,31.174908
9.647520,-41.009377,31.266422
-5.070277,23.860353,88.197571
-3.901883,25.763884,88.194229
-4.318549,24.958765,86.595543
-5.225139,-12.232852,62.974548
-16.766478,-49.040390,68.809570
-14.529590,-49.309124,70.344322
-17.102783,-49.838593,71.363670
28.232035,18.423353,43.752308
11.466239,31.929024,88.199356
12.038540,32.449539,85.413902
49.384670,-14.829617,75.513748
48.715263,-17.271166,77.284424
49.072872,-17.395565,74.303284
-23.750937,-18.788343,24.618145
-22.650747,-20.734861,24.400219
-23.842379,-21.118696,26.034986
-38.711052,37.443180,74.002777
1.024462,-36.936005,43.405197
3.616576,-37.285576,43.519135
29.864252,-6.753026,37.253616
30.804462,-9.321260,37.912144
31.115669,-6.786371,39.393543
35.054134,-41.074600,76.430580
37.074734,-39.599823,74.921814
33.468327,1.055306,68.094574
32.731266,3.245317,69.643791
32.367596,3.149186,67.142029
-4.806050,-20.673780,9.067973
-4.955360,-18.355484,7.373498
-1.889608,-19.808620,7.399297
-15.523326,-16.502304,88.199844
-17.103443,-18.666012,88.199913
-14.091352,-19.059582,88.199982
29.597702,11.851639,34.964581
31.300743,9.758519,35.000042
10.656958,-50.312019,79.667427
11.786653,-49.328201,81.984825
8.865395,-49.762417,81.221237
9.434328,27.013870,42.865273
22.351112,-42.855125,88.200333
36.612041,-16.313745,32.088718
19.441381,-46.587112,45.602589
18.714298,-47.361950,47.329288
-4.599214,-26.008451,23.375082
-6.030823,-23.807581,21.637804
-6.796550,-25.366913,23.831390
-46.626312,23.564285,68.389984
-25.856583,-21.106802,51.528839
-3.458377,-33.825741,59.428844
18.107410,20.378910,74.512016
-49.242859,20.745859,82.209061
-49.035770,22.730656,82.661163
22.154686,-1.124228,12.865726
-2.697382,30.850550,60.642235
39.656021,-19.868080,37.860435
38.405121,-20.913214,36.319332
6.289311,-9.371152,1.666219
8.395190,-11.469461,2.883876
-33.366894,38.514435,88.197906
-32.205509,40.565960,88.199203
36.549164,-40.633320,64.928085
38.138950,-38.771210,62.879990
-36.312279,31.357735,62.343105
-9.517497,-43.260979,88.200150
-10.874137,-45.948685,88.198891
30.326035,26.390341,68.682579
31.812544,25.402617,70.742279
-12.488578,21.373755,19.450205
5.935425,21.091167,79.300018
4.505452,19.323385,79.917747
23.417395,-3.583320,13.802613
24.166227,-1.021341,15.439367
-19.828461,-9.906096,46.039165
-34.850460,-48.382381,84.133560
-32.176926,-48.612808,82.745811
-34.308193,-46.991554,81.343567
-10.694869,33.364426,46.124802
-8.311299,33.786224,47.864929
0.875650,29.287092,56.128269
47.235287,3.378237,70.295898
5.093302,34.801693,79.782661
5.073868,34.722351,77.307175
-27.289114,-10.155520,70.307480
18.781830,-11.292390,20.217659
-9.003654,-48.569973,81.714897
-11.690742,-48.974869,82.181656
-10.386481,-49.137894,79.748863
-28.159407,21.677546,46.299129
-35.413307,-8.020775,35.134274
-36.490646,-7.815035,37.117897
-3.708988,-0.323965,82.146370
-2.847754,25.170536,76.792694
-2.760891,24.850920,73.998230
-20.801842,-42.697704,65.675537
-21.313522,-40.977684,63.522095
-23.704840,-42.861286,64.280945
38.134781,17.725712,62.738747
6.915482,7.570363,44.295086
-38.198780,15.967136,58.871300
-38.672344,12.841230,58.097939
-37.187275,14.515071,56.340561
30.822191,5.332314,66.441284
31.719385,4.945586,68.587097
10.920766,-28.655167,15.865335
10.184769,-26.764723,13.766011
12.802777,-27.172544,15.242634
38.337090,-35.795048,82.258980
-5.677344,-44.883343,48.514488
16.168173,-36.514820,71.294975
14.168168,-37.533947,69.621452
13.104240,-35.851238,72.152985
-5.570814,40.562218,83.756935
-3.049881,39.214657,82.753136
-32.476414,8.328481,32.423702
-31.921589,10.899739,32.571331
4.518427,16.952356,77.880463
-26.181774,41.761162,82.086731
-25.907860,41.185627,79.862686
-28.041220,41.511261,81.178169
5.370548,12.621707,30.594799
7.763912,11.934960,32.147339
5.046682,12.347488,33.717731
-15.241797,-15.139902,52.651466
-10.917270,-7.573904,88.199959
-9.949611,-9.699707,88.199432
-7.391406,-38.144653,29.931881
-30.490086,-23.046024,38.010349
32.108925,-11.550674,39.842442
31.933470,-8.636350,40.176472
-6.767042,41.076515,88.199371
-5.741382,40.737431,86.371826
-50.750164,-16.486555,74.522522
-14.036104,-42.227791,78.848740
18.336353,-18.895994,23.882690
-20.098024,31.050646,44.054443
-21.564009,6.671817,27.850092
-24.478439,5.601671,27.100113
25.325653,17.282879,37.755058
26.426960,15.541279,35.930012
-5.915258,-21.150698,64.224045
-3.695229,-21.623980,66.740791
-4.566103,-23.952612,65.087234
21.831244,4.682348,36.118736
-11.494926,17.043293,70.363052
-11.559330,17.093491,72.825943
-48.860737,29.383131,75.071800
-6.028780,-26.901299,25.369255
-42.848114,16.372252,59.432110
-44.060612,14.206429,60.375984
-44.078312,16.193817,61.384541
5.034043,-47.234726,44.800930
-40.882946,-45.320160,78.191673
-40.119038,-46.995857,79.689247
-24.402601,-24.884274,29.890572
14.918389,-23.167809,24.576008
-8.360222,27.922693,44.713074
9.149164,-50.958660,77.273819
-19.635313,24.523331,41.059998
-57.096004,-0.534862,85.617767
-56.437126,-0.711747,82.859642
-9.713737,-8.298552,15.027710
-11.678802,-6.869650,16.574835
-11.064599,-9.583343,17.127678
-17.226587,-7.424682,23.375866
37.369640,-40.012337,67.753799
17.248938,-38.422813,65.831497
17.962845,-38.640110,63.054199
-25.933212,-15.910597,65.195129
45.589443,8.200468,78.325119
46.024227,7.346036,80.019005
46.306633,6.713846,77.913147
3.683868,-26.384333,12.180625
4.257895,-24.644709,10.646815
21.640068,-39.126087,34.285110
20.012527,-38.853642,32.782246
43.766212,-25.506855,51.692039
44.960129,-23.081615,52.256859
-10.287448,29.112339,49.547630
-7.035195,29.315826,49.709171
-8.930142,29.763014,51.872620
10.382442,24.277761,35.819405
11.257273,23.370289,33.952026
18.461798,15.982487,71.288574
-42.379520,-43.021805,85.844109
-42.367676,-41.313362,83.764992
-44.180435,-40.837383,85.951088
-37.961784,18.746084,59.950375
-36.609657,17.889479,57.404305
-36.220657,20.662878,58.619186
-1.878091,38.540016,85.262604
-3.771829,39.683475,85.678848
4.792454,-44.810658,38.158604
6.784974,-44.384834,37.011604
1.747661,26.076488,42.267857
-30.366596,-41.997147,61.237606
-28.389704,-41.658939,60.234219
-19.600796,14.411059,25.030533
-21.440956,15.003245,27.005608
-21.115150,11.900345,25.667448
-33.616001,38.164013,82.928253
-32.098480,38.803883,85.743866
-34.791245,38.568203,85.683403
5.896585,33.028683,67.059990
12.277745,-51.478638,71.925964
13.463360,-51.180962,74.429611
31.696894,22.855721,58.248993
-24.340477,-24.972359,55.488045
42.414963,-14.661527,41.451702
-36.886799,-51.795906,84.063141
-48.910381,13.492188,78.868546
45.894215,5.601748,66.825516
46.735035,3.953600,67.925346
46.795662,3.212596,66.032898
28.200886,-23.570753,88.200180
28.886448,-25.410633,88.200188
46.421570,6.118995,82.263176
45.530567,8.236547,81.838547
45.446129,7.837606,84.093773
32.110168,14.357159,42.395901
34.039257,13.867608,44.677757
33.931290,11.834924,41.956459
-27.104147,-19.791012,29.188934
-25.286367,-21.224909,27.906452
-10.388494,18.286388,86.211838
-9.534730,18.588814,88.197815
-50.838058,31.534081,85.632698
-49.630169,33.668419,85.801468
-50.218315,32.460827,83.792229
43.996647,-23.413353,49.813499
45.290310,-25.172710,56.059994
45.897957,-22.859001,55.057037
-22.432564,-2.176428,62.844948
8.040154,-40.776794,58.808285
-55.329704,16.502872,86.633209
-4.346772,-14.271825,66.163124
-17.076200,-23.917006,49.267448
-5.950215,-32.669155,35.235424
16.042809,-39.772648,58.598206
13.877932,-40.441460,59.609013
15.324588,-39.827393,61.708115
-45.452820,19.752981,65.094673
-8.660769,-19.639904,61.031002
-7.130235,-19.491255,62.834473
19.000799,-36.276470,46.727074
-6.006082,4.570808,7.096633
-4.950634,6.941422,7.445256
0.450938,35.398026,71.411293
25.228619,-46.511002,79.761955
24.881031,-45.555122,82.451767
-23.241734,26.066803,35.752922
-21.346685,26.684166,34.810913
-45.642128,-37.449593,74.942787
-46.827412,-34.922394,73.884781
-38.925694,28.783665,67.501251
-8.690260,23.160286,29.061001
-45.701839,-23.096973,61.329422
-44.025017,-23.676620,59.227844
-44.777412,-25.054419,61.052406
-34.088581,30.033878,57.744862
7.172791,15.320946,13.198160
8.926909,15.352695,14.370723
-2.710244,33.356930,47.944397
-51.689896,9.735607,86.316177
-39.907433,21.165867,63.651119
-38.717155,23.417202,63.356529
-40.560482,23.778305,65.678429
-16.626604,-37.757893,44.195271
-22.548754,-30.538212,59.015255
-24.961290,24.382393,34.695847
-25.486515,25.253025,37.123264
29.294085,-23.721535,84.888428
29.857641,-24.636442,83.060616
-42.944893,13.611479,58.070454
-43.552399,10.805950,57.751080
-44.210747,12.181221,59.624611
-15.182665,33.695690,49.480225
-12.734387,34.146858,50.633373
-10.582502,33.919788,48.891693
-12.996297,33.603642,48.041515
-50.539726,30.596203,80.497269
-51.433247,28.113865,80.250885
-51.125809,30.446369,82.995529
-28.828968,-43.363907,62.172348
4.022483,-39.833614,28.895826
4.081849,-38.394695,26.631222
6.510707,-38.967045,27.626936
13.591818,-50.745453,77.096298
-23.940014,-21.245834,70.034531
5.689429,26.866730,36.171852
8.138175,25.497355,35.927673
-3.606042,32.605968,43.533440
-1.442559,32.558666,45.017094
-25.450529,1.383476,45.251404
-25.733883,0.228470,42.528538
36.259861,-17.575977,55.539188
31.019585,-25.783485,88.200180
30.641720,-23.097342,88.200226
-20.304371,-20.777666,88.199921
-9.420931,17.512501,26.733650
-10.788845,16.838335,27.682514
-24.604874,39.307789,86.257782
-25.721869,39.411057,88.196213
-1.777953,34.180111,58.851318
0.259721,-32.306602,65.786865
2.199157,-32.797001,67.673676
1.621200,-34.497211,65.383354
-34.491608,12.549574,38.667694
-45.063274,-36.766331,73.075615
-1.126829,10.092670,11.566662
1.037524,10.594091,13.549650
35.418743,-10.102604,79.136536
35.229664,-10.586345,76.626167
-24.172808,-27.574600,33.025364
-24.165150,-28.848143,35.182816
38.202324,14.993904,53.989334
29.696171,-36.324059,38.460278
30.172215,-34.008736,36.193840
31.911007,-34.681133,39.241219
-12.626975,-8.207982,18.200106
-12.869266,-9.795555,19.096491
-5.312516,-16.417747,15.820617
-5.804595,-18.062950,17.132717
17.997246,-31.173960,22.407743
15.798203,-30.493324,20.260965
11.039747,6.856897,49.026646
9.642275,6.179236,50.193001
-7.851358,25.139696,22.923738
35.167500,-15.823516,81.144112
-35.854546,-46.212959,72.245888
8.750812,-42.377384,33.333351
44.810852,-29.806040,73.786240
48.795273,-20.454956,67.877182
48.454842,-21.497078,70.669037
17.625120,-10.020618,18.363304
16.499956,-8.130262,16.443718
15.535908,-10.642426,16.550705
-3.456377,-3.146024,0.581549
-43.102020,36.844505,76.313652
-41.566296,15.860464,56.726376
29.001471,24.278311,57.569489
27.114775,24.687969,56.267567
-7.865294,-7.205203,3.135589
-9.451652,-6.080217,3.759425
29.914446,-4.440732,38.587151
-46.404461,-43.271706,83.502380
-48.053009,-43.179577,86.146584
-1.791538,-34.262486,36.676182
-17.219601,6.301026,69.584846
42.409435,-22.114134,44.494225
43.609852,-22.114866,47.430626
-29.233086,36.666847,67.862640
47.912933,-14.386590,83.698929
48.297127,-16.670818,80.307281
-5.271524,25.547722,23.532757
-5.350256,26.826553,25.921824
-2.950380,26.209276,25.253075
-26.580816,-6.993855,42.303463
-27.016626,-7.947239,40.448402
-26.389750,-16.029167,88.198807
-25.295374,-17.035873,86.432045
-25.672686,-18.718334,88.199402
-17.490070,39.050262,84.374619
-37.673920,-24.271017,52.056473
23.313726,-25.736137,86.706474
28.189667,-34.218559,34.225677
-2.307095,-46.524315,50.153469
30.648476,-43.316505,53.946167
28.625715,-44.226978,52.085690
30.496889,-42.750641,51.765743
24.863047,0.703001,34.940601
9.576547,-48.133415,46.479282
14.154375,-0.965411,13.040036
12.119594,-1.114616,11.051956
13.446059,-3.246845,12.280106
5.278470,4.727794,7.135742
6.146074,3.048928,6.920776
-1.154520,-36.257988,42.287933
-51.819595,-25.544352,84.320000
-52.146717,-26.152695,86.401367
-24.879353,-26.110918,32.071892
-21.915255,-25.242977,64.327225
-27.406969,-27.631575,40.211540
34.602634,9.776968,40.694012
35.805332,7.856201,40.741497
-39.305965,31.344946,71.024857
29.864101,8.666626,31.166306
29.588051,10.439772,32.983875
-22.903370,-44.377632,67.490074
-25.403997,-44.900085,68.641243
-12.941837,16.060179,82.884415
-11.175245,17.842768,84.225197
-10.970289,18.210340,81.736153
-40.690662,-47.854736,81.917603
-30.569208,20.237572,37.736156
-16.769735,-44.450974,61.068428
-18.929644,-45.109612,62.341515
-3.111642,35.170044,80.092232
-2.044148,33.711456,78.429588
-31.335445,-47.351746,80.211418
-10.781197,37.162884,68.478767
-10.126540,36.284729,65.386238
-24.258081,17.166147,24.943827
39.902145,-36.525108,61.673908
41.288940,-35.052624,62.936432
-27.882311,-50.095650,72.154625
30.538633,17.194180,88.199760
49.638599,-5.286068,70.827667
49.648941,-4.626193,73.863663
-24.694817,-51.486050,88.200134
-24.937370,-53.971973,88.200294
-22.502634,-52.848007,88.200226
-3.817007,-49.501221,69.026237
-5.926863,-49.244759,70.054955
5.895161,6.412170,9.204184
7.312108,4.107475,8.497325
-26.162542,-42.772705,60.899769
-24.498138,-41.320896,59.096519
-14.835373,-26.932877,50.643749
-16.237572,-26.678585,48.603043
34.650951,-2.913297,76.049011
48.689125,-3.103852,65.747063
16.357182,18.634249,73.145714
24.638205,-34.290115,63.437004
-31.381634,40.368134,77.929413
-30.026312,41.159912,80.100723
-28.145653,40.520462,77.969009
-47.536602,-7.266274,59.734264
-14.606483,36.103077,62.783264
-15.114806,36.571533,64.992516
11.730168,32.913563,77.164856
-26.320427,-13.643340,63.930824
-33.861858,1.031273,42.012486
-31.603765,-11.948367,39.936432
-2.913590,18.108887,14.118832
-2.006235,19.956989,16.608036
-40.642708,0.473011,47.919472
-41.161526,-1.762941,48.828972
-41.760574,0.341409,50.437580
32.468899,-1.122070,48.551437
-1.663998,-22.915564,88.200005
0.767273,-24.294893,88.200058
-37.705681,9.942266,44.248901
-17.703501,1.351886,25.485390
-14.987801,24.429411,36.815948
-28.382912,31.752615,64.559128
-30.320450,32.332336,66.856339
-40.420246,-9.137157,48.073048
-41.535019,-7.223782,49.936722
-14.363453,42.096321,82.821693
-33.922741,-53.973846,86.555710
38.902740,-30.349163,88.200264
-19.321487,-2.271052,28.187016
-19.999491,-2.691562,31.470606
-20.325596,2.024866,75.941933
8.085143,-18.552734,6.493968
-8.231802,0.562718,88.199463
-6.836351,-0.605726,86.648903
1.492009,-37.328423,61.060089
1.490493,-35.898254,63.503323
49.072746,-8.114111,81.823761
33.451477,-8.000672,44.030605
-0.634240,5.142915,78.987030
37.256355,5.021614,88.199921
39.563240,3.401426,88.199921
14.320155,6.524166,54.650772
32.137196,-31.705532,36.036362
29.935743,-31.997530,33.731266
30.606295,19.428492,48.661617
30.128986,18.229223,45.820168
7.476635,26.725851,38.766106
9.570559,25.247646,37.780148
-50.908543,-7.224908,65.229195
-28.164661,5.546207,25.789520
-27.938293,8.319277,25.946915
-1.558959,29.936129,84.928864
-0.945483,30.946398,82.359230
3.812362,-31.927073,70.176765
-32.034168,-15.065583,43.596821
-31.724270,-13.750824,41.793999
-10.756121,16.815807,29.881664
47.433369,-21.754923,59.580521
46.921783,-21.299343,56.945667
6.736126,-45.324482,39.073776
44.933899,-18.096525,48.144394
9.159591,4.379910,60.629074
23.244560,-46.805992,81.256256
-10.305914,-49.343002,75.049179
-11.594164,-49.525635,77.212074
-8.792946,-49.195908,77.257248
-7.462086,-48.868401,79.697014
-11.246979,-21.121586,13.131060
-12.472827,-22.324942,14.868655
-13.475793,-20.246090,14.346906
-11.310328,-39.340778,36.548740
-13.728559,-37.971794,36.644196
16.040092,8.120992,44.978264
15.578146,7.772223,47.579311
13.521872,7.887283,45.981308
10.599809,28.102081,48.139530
-49.797619,26.264805,74.658806
-32.499882,-41.361336,61.600071
-8.838064,37.524120,70.431168
-43.455578,-21.574936,64.030746
39.904877,10.206989,88.199852
38.767582,7.971537,88.199875
41.810425,8.682713,88.199852
-23.869303,-20.687647,59.442158
-21.098944,-0.211388,71.826958
-20.860914,-0.167610,69.172081
24.886847,29.992020,72.304253
-18.840254,-36.164219,64.682983
-9.418069,-21.625286,22.095358
3.211188,25.254852,26.980875
18.382313,-21.066877,25.547455
-13.181682,-49.752636,80.041206
40.067535,-33.817814,55.054012
39.527485,-33.134850,52.202263
41.390743,-31.129963,53.681465
-31.937548,-44.210999,72.315010
-34.457439,-42.622143,71.933029
29.903299,11.063057,74.845047
-19.470486,-5.070670,27.456724
-25.815550,-10.550143,59.891968
-26.026478,-9.907662,62.023727
-25.494272,-8.095272,60.721313
-15.441111,-50.412899,81.303719
-1.352304,35.442875,69.274765
23.655348,-17.802437,29.060329
23.725273,-19.723455,30.230848
-10.258983,-6.259429,14.599888
22.835306,14.897038,29.158819
25.028591,12.816341,28.999340
11.268628,-23.550587,22.551241
28.956169,-29.530384,71.769547
-28.021732,-26.916424,53.321838
32.785706,22.667900,60.201096
35.052963,-33.208176,42.254852
33.919044,-33.389816,40.587276
-3.575755,36.306293,70.206314
-51.766994,7.334644,86.073830
-52.396736,8.190859,88.198326
26.731606,-43.839989,47.404270
-4.479332,23.465584,75.574142
33.298874,24.195807,73.093628
31.893759,25.807129,75.575493
28.384523,4.837533,60.052372
-32.831474,-7.791030,31.346189
1.014407,25.722404,26.247646
-7.722621,19.157204,50.555984
-9.764876,18.249928,48.978401
13.248901,-8.726473,13.642174
13.372521,-6.832057,13.001023
-15.966512,-41.654224,56.734001
-37.707840,-29.577415,55.282600
-33.738594,-16.014814,36.033073
-34.152729,-7.982152,33.103241
-32.878155,-10.371826,31.893219
-4.725257,8.772194,39.581532
22.942940,28.560354,62.211243
26.207397,-23.170053,35.846756
24.236032,-23.791143,34.180351
24.748917,-25.221848,36.271816
-19.649336,21.295351,23.754236
-5.959976,-10.826324,3.470071
-3.401651,-12.773248,3.320770
-23.342924,-22.668285,85.618355
-22.892900,-23.317057,82.848274
-30.277174,-2.296654,34.190121
-31.448664,-0.745347,36.332451
-31.663227,-3.730326,36.458477
44.615223,-20.684649,48.922878
45.829060,-18.699020,50.971947
45.099056,-21.288502,50.858604
47.652649,-23.961657,70.939743
27.766432,-8.932990,19.091064
-4.556506,-48.997494,79.299812
-6.152080,-48.392757,81.704514
-16.300348,-5.949640,10.140432
-16.072138,-3.450564,9.116115
-40.304836,2.864570,47.649914
-41.199047,2.146729,49.556736
-40.332581,37.984959,76.085655
-6.506213,18.241598,32.286926
-4.254095,19.139097,31.394884
-17.096893,-1.216251,9.919672
-17.961441,1.577627,10.816938
6.688580,34.090454,81.068230
-17.527849,-35.663921,37.726402
-15.433385,-37.594296,39.237495
7.173629,22.877544,79.822403
-7.022522,26.288073,24.703022
-9.266239,26.290302,25.007715
-7.611459,27.251272,26.801041
-0.463518,-41.777683,33.257423
-15.380277,31.705517,61.161415
-13.822252,32.292290,63.563656
-16.957531,32.250000,63.463982
-36.558403,-40.745918,71.809128
-36.749218,-39.276237,69.216171
-38.045525,-38.802101,71.210327
-15.381444,32.726223,65.299103
5.437711,-23.875111,80.810242
4.952859,-22.985777,83.200027
-49.312786,-30.923349,84.124977
16.733116,-45.799053,86.520653
15.975552,24.620464,45.602142
-8.006043,34.530586,53.091171
-8.053492,34.138786,50.097462
16.655828,-37.739334,68.509415
6.310885,29.581007,45.168327
7.578056,29.621212,47.719616
8.704796,28.279169,45.339855
-30.571159,18.156322,46.124733
-15.532173,34.232414,52.140194
49.560738,-12.101765,76.897133
-17.064104,-42.287575,69.758965
-19.239298,-43.759304,69.497650
0.887152,33.663216,60.585827
12.152401,-38.814400,47.407780
14.406904,-38.653175,48.186424
-4.722288,39.815605,88.199341
-7.001128,38.657787,88.199318
-4.856815,37.283520,88.199455
-5.529794,-45.197227,88.200394
-8.258853,-45.407356,88.195969
48.740490,-19.675591,72.758858
13.176671,1.298677,12.600665
20.117990,-5.422126,9.875830
-28.554012,17.092554,30.830883
-29.416193,15.403855,30.930218
11.658316,9.268780,8.696888
-54.199028,23.118559,88.199348
-1.273123,-3.934799,66.893913
-0.086929,-1.600600,67.253166
-44.420540,-27.263653,61.966774
-46.077076,-25.180511,63.140682
24.627296,20.617168,44.089207
39.196800,6.444587,45.476662
16.461815,-26.421614,16.735422
48.001514,-22.223158,73.321732
7.595798,-27.006172,13.233008
4.938725,26.546663,33.863731
-26.091612,4.844426,29.143450
-23.994596,3.585368,29.106920
-11.721818,19.975800,17.737373
-13.170433,17.944031,16.233887
-20.908113,-47.693214,85.752411
-10.524799,-46.711769,62.366985
-11.629539,-45.509338,60.515312
-9.233509,-46.095066,59.961914
23.525148,6.461307,52.792973
21.228476,6.933299,53.499950
-13.901418,14.417931,60.757504
-12.630984,16.187254,59.070869
-14.278511,14.503708,58.341297
30.035995,-16.152119,23.352118
30.811653,-13.810001,23.647934
32.124702,-15.818731,25.843880
32.327381,-6.794888,41.837318
33.055298,-20.050253,84.321098
-34.568298,-17.767044,39.658016
-33.986229,-17.313385,37.767151
16.741337,-23.038984,14.169064
43.155018,-3.345721,46.266308
44.093117,-2.652052,48.813644
-0.971666,-3.792446,0.228166
-2.354465,-5.643394,0.709688
-22.894100,28.808214,53.778366
-22.052050,29.947485,56.456367
24.956961,29.835619,88.199547
-50.048664,5.949613,67.205673
-16.981161,12.410396,13.833740
-48.571999,34.023964,80.582977
-41.688026,-39.965298,81.041801
-43.671272,-39.125824,83.277466
34.953484,-20.956583,67.376373
34.135269,-21.568583,70.402519
35.036373,-19.336834,69.932648
3.633620,26.808596,47.456852
4.179543,26.963057,50.628632
2.330407,27.999660,48.976559
-7.695691,34.832481,56.096821
-10.596721,24.661283,22.722815
31.133989,-4.954167,40.465244
-44.185623,-29.506260,63.314739
-45.591930,-27.711628,64.185226
-0.283115,21.054768,18.301998
-2.335675,21.905613,18.991007
4.514892,34.374264,72.986656
3.850650,34.988541,75.449760
6.655158,33.960819,75.038643
-35.673367,-43.484772,67.210266
28.529615,13.824663,36.212269
3.877286,-39.751019,56.021496
5.128675,-40.035122,58.595428
-34.956024,26.545189,53.956829
4.807566,-49.173275,82.331879
2.228645,-49.015591,82.146034
-22.383516,-53.027843,82.582108
-14.008516,-13.219193,10.784094
8.906221,33.199219,73.366989
7.008095,33.524197,72.391823
-2.001907,-35.601887,40.527271
9.325130,33.338436,76.076324
7.438873,33.956909,78.309814
-39.072701,26.808941,60.573406
-37.732483,29.383640,61.396221
30.504906,-44.710808,75.111404
32.643944,-43.249290,74.963425
24.296688,10.580137,66.681381
26.030403,9.166224,65.708916
26.520306,10.430437,67.782455
49.768387,-14.193325,68.722931
-23.301514,-23.523212,58.706089
-41.396694,-27.873734,58.157581
-43.221508,-26.336609,59.602608
-18.792789,-31.484472,70.999458
0.420653,-18.071840,79.211685
-34.631172,19.183189,54.991463
-32.926712,21.509737,54.201385
17.105364,30.266010,63.304688
-8.263027,19.353556,59.676575
-14.115105,6.688358,35.871098
-29.204723,13.860600,29.645693
-30.596601,12.747611,31.270844
-31.266832,-8.123567,36.997887
-32.564476,-8.121742,38.916965
48.104698,0.027505,83.502007
-24.178940,-40.806198,61.900974
-56.460770,-8.942035,78.270271
-55.827751,-8.894845,76.149803
-7.383451,-18.908628,18.730387
-9.271554,-16.902166,19.036806
-9.246712,-19.288443,20.370274
34.036072,5.253989,88.199883
35.889908,7.740696,88.199860
33.162487,7.580320,88.199844
-16.722778,41.787678,81.456589
31.166449,26.218409,73.270500
-8.857124,-10.602597,15.390516
3.425358,0.981133,57.847328
-11.736023,29.573677,51.673008
-21.257341,-44.542210,69.534164
44.072857,10.075636,71.747681
27.520836,-3.517699,19.238626
27.061262,-0.681080,19.569286
-18.499847,-33.640850,34.203991
-19.102871,-34.116428,36.678696
-20.234764,-32.721714,35.496223
-51.313164,-29.794840,88.198334
-53.860226,-28.675243,88.199814
-9.116002,-41.839951,41.030411
-41.641655,-31.006613,67.866295
-43.027046,-30.402590,70.058075
-14.627842,-37.232662,78.178551
-42.659889,-5.215101,51.866299
33.055954,1.214333,65.535973
34.142181,-0.895899,66.577103
-25.609938,-12.742296,86.091148
-25.279877,-10.187793,85.660240
-25.191849,-12.679666,82.843811
-20.251928,-3.047357,38.660934
-21.244028,-5.994759,37.862022
-3.825842,21.735394,88.199478
-6.391033,22.124929,88.197754
-32.225052,-50.705505,76.911461
-22.279434,-29.419813,32.659157
28.383215,-30.507236,52.872437
28.086138,-31.110682,55.248268
1.765639,21.194586,19.010862
-20.846491,-21.861385,39.979244
25.733419,21.007017,83.171310
23.859154,21.992073,80.688690
-10.297532,0.923790,12.118125
-42.262478,-2.414825,51.154724
-43.930119,-3.012768,54.234688
-27.670975,-9.165981,25.897284
6.252217,9.072622,71.148407
-34.796783,8.280547,47.298645
-33.769974,9.845685,45.834038
-4.369323,18.861904,33.722450
-10.337615,-33.652550,43.638512
-8.936611,-33.977192,41.756714
-53.900856,8.618970,78.338112
-37.858795,38.825657,76.246742
-22.710369,15.708084,29.653986
23.445734,-27.141438,84.742691
21.118956,-26.650715,86.319290
9.994067,-51.559708,71.583565
-19.904465,-30.436577,86.091476
-8.103823,41.349087,83.150604
-18.559164,-8.723943,47.152870
-17.088055,-8.973682,48.756889
-18.758722,-10.795070,47.768066
-23.194290,-40.326218,57.731300
-11.254678,39.637905,75.400879
4.137028,-22.603205,85.748146
20.960796,15.401117,27.291462
-29.436623,-45.209579,73.182182
-29.364676,-45.844597,75.907646
-27.171066,-45.699028,74.549347
13.862154,20.472748,28.280764
15.977957,19.331963,28.546104
3.155150,12.855119,31.971676
-12.494062,16.542559,79.678818
-26.048267,-13.028652,25.021713
-26.220108,-10.712655,24.629679
-30.761333,-16.831421,44.564995
44.369900,1.432727,52.505207
43.289364,1.933380,50.192562
43.214375,4.407331,52.232964
1.756236,22.687672,88.199554
1.286516,-50.586899,72.759254
4.222144,-51.060463,73.446167
-5.574868,32.838360,43.703175
11.162275,-30.973036,76.984879
-45.547729,38.716236,88.199173
-45.706516,36.301025,88.199280
11.063416,-39.721489,49.654869
13.115272,-39.470474,49.761600
8.635340,33.610168,80.274750
-24.851055,-9.142900,22.793457
-23.472689,-8.099759,20.895462
-23.235939,-10.657856,21.221573
9.546828,1.728728,2.587909
-35.878593,-22.371378,55.135349
-14.588017,-9.437601,9.506344
-18.852392,41.288151,79.644409
-15.844809,-42.235653,72.147987
34.458130,23.525852,85.722542
35.665447,22.494926,83.446320
-32.533375,-18.521797,36.078976
-3.358505,-0.404619,51.178726
-3.073940,-1.713705,53.093204
-2.155817,-37.718487,26.530249
-0.426316,-38.721069,27.716503
21.358877,-11.810751,23.817347
19.801813,-12.204059,21.852949
23.318096,-29.919655,80.709366
24.580189,-28.517361,82.187012
25.578775,-29.515030,79.928764
-28.450123,-53.988335,83.549507
23.039259,6.958193,46.671051
24.308010,6.253533,44.159180
18.408239,-25.769730,30.469975
16.663784,-27.073963,30.680367
2.092400,-43.204006,88.200424
0.899736,-41.519390,88.200264
-44.913151,-37.171970,83.103806
-41.135036,22.718513,60.386337
33.010765,-42.411064,77.549316
-21.287596,-34.796600,61.060341
-9.652520,-39.505405,34.799740
43.356518,-0.206484,48.718414
44.285316,-0.547765,50.713001
13.391136,10.151155,11.153332
-25.562906,-8.458510,50.642204
8.635839,33.317696,82.815048
17.454250,28.083134,56.733547
12.820076,-24.303764,24.289150
34.175167,-42.676922,65.177170
35.462345,-41.702248,67.813538
-19.026073,30.421125,41.388733
44.607441,3.058373,54.854069
-50.960361,-5.623155,76.664970
-50.393204,-3.021987,76.421173
-51.240459,-4.022963,78.567810
7.240815,28.310646,42.917385
-20.357252,-13.716173,30.664740
32.641914,4.627789,73.764870
-15.480227,12.555963,59.165054
-2.337182,19.513145,34.951218
-44.686192,14.860066,68.766403
-45.712009,15.758589,71.077065
-48.015114,-28.046644,68.728096
-49.374340,-26.460291,69.758064
-21.895573,-9.493143,19.180729
-46.641373,29.441423,80.395676
-3.661488,-33.658909,36.076340
-23.547220,-47.741558,66.268227
35.085018,23.129108,81.085739
33.985645,-6.273344,28.223030
28.290073,-28.126371,79.436707
26.546442,-28.006865,81.503822
-25.502745,-0.058023,22.372473
-26.009068,2.747134,22.956001
-24.350550,2.472155,20.717495
-2.480892,-16.916506,70.051674
-10.611574,33.778130,69.348587
-15.218166,39.151417,85.840675
-14.858023,38.680546,83.088974
9.013525,-40.640930,60.921303
27.853170,-33.389992,88.200272
-13.020795,-44.081947,58.785530
-42.684101,-3.567294,59.667679
-42.938492,-1.016787,60.526680
-57.797222,-18.680820,86.309555
17.416857,-32.888874,76.982185
-20.593143,8.277444,27.412760
2.904416,-36.105644,65.041130
-33.820160,31.271252,59.487122
-32.160519,32.836288,60.495193
-29.996460,25.354540,54.518585
11.903220,-28.158501,28.701075
-41.267719,8.630524,51.939995
46.636715,-24.982924,76.267807
-42.429928,11.597349,55.942413
0.158208,31.660574,43.168884
-41.932335,25.288080,68.189064
-43.379311,24.173275,69.612518
24.701914,-41.887234,88.200294
23.517099,-44.022541,86.088448
9.365706,-48.746170,83.378838
7.255395,-49.252022,82.414391
33.924274,20.119371,88.199677
33.064110,17.662424,88.199768
-24.901375,29.625244,45.422859
49.639782,-13.581429,65.495613
27.257904,-26.525522,26.073521
-21.250938,-32.655872,37.754700
-19.600864,-34.382793,38.928955
-21.277763,-33.275204,40.032009
44.580349,10.019348,82.923615
43.176025,12.398294,83.486282
12.881934,6.794151,7.523979
12.528548,-46.767616,42.753479
24.646555,-48.225132,64.344086
27.332556,-46.986458,64.450974
46.824265,-26.034460,64.797867
45.963406,-27.611170,63.641113
-58.014080,-4.051742,88.199600
27.207201,14.227698,34.788548
-1.918924,25.479650,37.336712
-3.048656,24.982557,35.373367
-19.189749,0.123461,32.369083
0.496157,-1.477905,4.567265
-54.480209,8.084128,80.152756
-54.484512,5.990753,79.136818
35.915165,-12.689084,52.166142
35.316055,-12.818361,49.696175
-37.991383,11.838728,45.899635
-36.727596,12.435197,43.426090
-3.759871,35.762070,67.994690
8.285136,5.470315,65.375473
-26.739124,-12.611829,44.987301
27.822235,1.043000,21.511829
26.494854,1.714521,19.983305
26.730816,3.580396,21.477663
-21.478214,-52.096336,78.773819
-20.863314,-51.505932,76.443436
29.901804,13.896084,38.427044
11.968682,-40.314316,52.428787
12.556599,-46.274052,86.747780
-18.970877,12.777977,43.427269
-18.762341,12.776953,40.674023
-20.811838,10.919451,41.073170
-0.560886,-19.380341,73.109039
-0.890526,-17.373104,74.230949
0.213814,-19.775751,74.780746
14.460647,8.230777,26.075706
14.845185,8.180890,28.927109
12.424446,9.756704,27.517490
42.958687,-29.221016,54.973480
-37.654396,1.482116,51.349174
-36.673321,3.429329,49.631233
-50.007343,32.793396,88.199150
-55.410057,-0.415370,88.199585
-53.260681,-1.874821,88.197968
-52.970173,0.749845,88.198715
41.771259,14.471380,78.604492
-42.228634,1.853798,60.044571
38.826443,10.745186,49.033249
-23.269550,-3.207522,70.259407
-21.941246,-1.527624,70.365089
-22.105234,-1.864727,68.290619
49.280094,-2.419527,77.247780
4.607117,-26.560833,75.467239
3.981617,-28.303793,73.196945
18.326250,31.228024,68.858673
16.344687,31.315907,67.555878
-51.897213,-33.816792,81.407623
-55.543362,-27.243742,82.727966
-54.383423,-29.723186,82.273903
-55.177635,-29.560219,84.481422
7.277467,4.805645,51.789879
15.362343,-2.649559,14.191533
14.340101,-5.256090,13.451538
-26.212254,-16.251955,75.624710
-25.372164,-18.820040,74.869987
23.768553,-48.425190,62.337185
22.353558,-49.053993,63.767326
21.888790,-48.981281,61.356052
-33.014957,-3.719862,31.234238
-34.068672,-3.493187,32.625340
28.222651,-26.437050,82.296234
30.163195,-26.060177,80.316483
39.432724,-22.168550,38.677162
47.251205,-15.866215,54.134033
-27.688433,19.011383,31.221331
-42.457489,-31.707146,62.443176
-42.559780,-29.084753,60.469925
-44.970448,35.949635,76.998657
-0.613117,10.863814,82.793243
0.181978,13.332499,83.301270
9.052857,-38.990643,65.966064
11.480515,-39.198055,66.199127
-57.880051,-16.693195,85.454819
-34.080837,-51.789890,88.200722
46.141022,-5.981735,52.171726
-25.027929,-15.501910,84.200859
-24.539934,-18.133583,84.197754
45.019306,7.669009,67.883362
43.905205,9.892615,69.125000
0.393881,-3.656924,5.191431
28.764206,3.857508,51.479790
-51.087112,-36.307526,82.744987
18.142656,-49.762016,77.640106
16.236628,-50.627895,75.294128
-27.609957,-54.601418,88.200180
-29.137112,-54.431892,85.835533
-6.662240,14.739450,88.199677
-7.205709,11.938058,88.199738
-5.141741,12.497500,88.199699
8.881811,-27.577032,79.305542
9.725974,-29.316137,77.861588
-32.671631,-21.247103,50.782455
41.831520,-33.305687,78.037956
43.268795,-31.152828,77.876869
-11.843169,-47.505539,86.201279
-2.481302,38.156166,77.947784
32.420437,15.988729,45.240318
-56.873241,-21.366714,81.963806
42.229847,-29.155342,52.675320
-26.537159,-2.582188,32.701862
-25.193892,-0.338203,32.679176
-27.123693,-0.832234,31.113567
31.072281,8.486615,33.043812
32.704750,7.353688,34.691616
-14.485395,15.728041,51.134228
-12.228639,17.181187,49.972260
-6.776617,32.944897,67.871628
-4.508234,32.229160,67.272354
31.360163,-44.450138,72.869835
29.124157,-45.819996,73.400391
-55.034500,-26.041512,80.161453
-53.898369,-28.639963,80.024780
-12.991805,14.933595,69.362915
-12.882635,15.267061,71.974403
-0.105614,5.327265,0.916673
-17.836847,35.962524,75.429657
-19.729628,36.837162,77.870071
29.072842,-4.972091,21.114109
27.670546,-6.328989,18.981398
23.336840,29.562428,66.064552
-29.503519,11.889967,29.152859
35.744854,-2.250552,88.199997
36.012264,-3.359892,86.677559
-18.319702,25.962549,29.839947
-17.256884,25.093636,27.025747
-0.528182,28.565948,68.043388
47.753788,-16.603676,56.296059
47.235218,-19.191685,56.055317
-45.963665,1.849669,67.243935
-14.626233,12.662402,88.198250
-16.277884,11.085871,86.286659
9.436750,-35.005791,71.765770
7.521477,-33.828251,71.778152
-22.153969,-53.078381,85.275810
-20.165474,-51.937698,86.534882
2.723233,27.003670,57.290146
34.736847,4.073679,85.544548
-14.349576,-44.919998,60.852909
-7.521437,37.685787,85.582199
-11.592243,26.124975,39.925350
-15.518150,10.123578,66.561569
33.787601,22.723175,64.537415
16.142984,-20.786196,12.097510
-15.829613,-43.644524,77.125916
42.501926,-0.723004,46.471672
-20.569462,38.476143,71.234909
-32.481949,23.127550,44.801788
-17.346090,25.921350,42.636040
-1.296312,-35.818264,59.500637
0.346862,-37.588428,58.225815
-1.355337,-36.964634,56.338699
-4.959071,19.846609,49.853249
-6.915563,31.803576,39.647350
-4.460295,32.140041,41.404335
-18.590601,-42.101082,67.175171
-20.465611,-43.768478,67.882126
20.411909,-2.545808,22.037704
21.234041,-1.661213,24.893211
13.007957,-40.455482,61.296745
-35.840782,-10.371552,36.616203
-16.952078,-25.575956,34.699055
-15.003091,-27.652941,34.961105
-24.962448,30.707287,60.238052
-7.185507,-19.200041,9.079872
18.656483,21.981291,41.002045
17.499004,-30.877808,36.904301
35.147720,22.398335,74.450516
-48.431736,-36.665401,88.198685
5.407629,-23.906136,88.199844
27.932154,12.567562,33.322453
-2.078845,20.425650,49.578178
-2.922641,19.978622,47.768631
-7.364530,-8.326081,56.036648
-8.505851,-6.897777,53.882732
-6.163397,-5.953855,55.043331
-8.265742,35.432613,74.914917
-10.415764,36.206890,76.267082
-29.895586,23.720863,51.917553
-27.601830,24.553062,49.829029
29.446943,27.856588,86.331635
0.558670,20.342983,41.476860
7.639112,5.904600,49.017326
-44.889130,-21.238413,59.218483
-53.754639,-32.123760,83.490341
-34.988277,-41.240124,69.529732
-18.383156,-22.508015,47.937050
-57.207039,5.405356,88.199501
-15.319746,-26.204063,20.147018
-14.680781,15.135111,53.873600
-3.349623,-13.644486,85.014587
-24.663158,-34.724335,50.905380
-10.905241,-27.958256,30.625877
-51.690685,-22.742531,71.000664
-50.812531,-25.108644,71.190781
-16.205282,-40.005909,88.199150
-14.135187,-39.227123,88.200218
19.023331,25.915890,52.270618
28.019993,-23.484041,86.350784
13.282152,13.492330,15.314449
14.984287,11.754264,14.705759
-12.030943,-41.124538,45.916332
-24.472332,4.277371,38.610695
-23.661758,5.466150,36.472935
32.629829,-24.279263,73.799210
11.155884,8.661354,42.400253
-14.318922,14.334486,80.215591
-49.859467,-19.224361,73.951660
6.551889,-32.023956,72.671371
4.981913,-31.463303,71.722290
-23.667902,-21.028076,65.057518
18.580759,6.933025,57.038994
11.596522,28.344320,50.710793
0.834236,12.356768,81.289688
8.406820,-4.077730,8.095994
6.090185,-5.853909,7.209603
19.673151,2.317524,25.917633
20.620823,0.202728,25.270077
-32.778404,1.666904,31.226480
-23.902115,16.538391,32.575569
-21.833670,18.086172,31.142075
-22.835676,18.757944,33.746025
-25.251001,-18.274227,77.512772
-25.900585,-15.644589,77.776299
-39.278492,-9.198895,54.719093
-39.367916,-5.950725,54.371712
-18.922064,-23.579155,35.690960
38.263046,-37.166988,79.357742
-18.840815,-19.058697,19.131907
32.800335,-38.638855,47.003891
33.513393,-36.897655,45.178268
48.506470,-11.754904,83.063553
-9.306455,10.634480,32.700420
5.088400,2.599793,63.487961
6.635415,3.161320,61.692726
6.707177,3.933469,64.243187
-35.082615,-6.466948,34.279041
-40.392353,-4.451016,55.984940
-40.784966,-7.088837,56.718632
6.186243,-40.594990,30.164162
5.703600,-42.047436,32.600636
-36.160030,38.101334,88.197556
-24.205009,-27.477015,56.210121
-23.395025,-28.831089,57.598648
40.632103,15.749076,75.791069
-50.783943,17.138380,72.921326
24.490898,16.090229,73.040634
26.609627,15.626380,74.882492
47.176636,-17.820744,83.539345
45.968475,-18.871473,85.939598
5.673760,-39.748528,50.989265
41.617222,-12.082430,39.917332
-20.019775,-4.483245,29.587309
-4.013022,29.693941,51.187622
-0.777216,29.523066,51.911621
13.525571,-8.755146,4.585628
13.177782,-11.655850,5.160242
-57.373993,-12.652747,81.341896
12.279664,9.594107,24.554777
-28.153591,13.425864,27.872543
-31.168463,2.832984,29.219236
-42.699276,32.176895,69.560478
-42.003773,33.974396,71.087296
-30.814493,14.997177,33.036381
40.749321,16.046656,79.915024
-2.896692,-19.585947,68.393921
33.690323,-24.518684,59.688377
-22.878378,-2.601477,80.481888
-22.388117,-1.616280,77.660225
-23.905138,-4.659030,78.082855
14.151500,8.057667,9.669294
33.365986,-22.605337,75.686783
33.086765,-22.771694,78.737328
33.981258,-20.869356,77.181747
-27.935793,25.797552,52.441296
-0.728731,33.647583,53.494301
11.745283,-50.724842,77.987236
-57.733051,-10.313854,84.401215
-57.379021,-9.882491,82.230576
-16.255779,8.780461,71.258522
-16.101234,8.709552,68.864052
-39.765751,28.599194,62.996437
-23.593367,7.436495,20.026028
-23.216616,4.359885,19.133842
-17.819868,-34.636890,88.199326
-1.772921,-49.180084,79.821213
0.838369,-49.541451,79.812225
-0.551581,-48.783207,81.834023
16.858818,-46.145767,42.884834
18.451229,-45.148449,41.635891
-14.186721,-10.609382,20.738371
-25.433922,-11.111589,80.398758
9.357359,-47.714489,85.140755
10.891789,-10.235071,3.478217
-15.702462,43.095333,88.199242
-14.612905,42.669334,85.808823
20.564095,28.000484,88.199547
19.856558,31.458967,88.199539
18.366974,29.715357,88.199608
0.552416,16.267408,11.936907
34.858284,22.459578,88.199684
-37.777012,-43.213276,79.206245
-38.874664,-41.328220,77.971581
-39.832912,-41.535870,79.999016
-5.095903,-41.943653,36.288559
-9.230783,-46.781551,86.288567
-10.296427,-48.023998,84.106415
34.000561,-17.784203,85.240448
34.451687,-18.374289,82.454376
-47.969006,14.043642,76.298988
-47.980194,17.190107,77.163307
-48.821342,15.472066,79.129303
7.939013,-46.162483,41.008610
9.614654,-31.399027,32.695469
10.117193,-32.672916,35.112263
11.733356,-30.953701,33.147907
-14.282196,31.196976,39.912033
11.613315,24.312243,38.252651
5.615619,-51.053940,65.651260
-23.145306,-26.347328,58.056236
-0.152987,27.405916,43.972504
-19.948235,-29.305058,71.529396
-34.466225,31.861797,61.039711
40.836617,-10.467363,38.716087
-2.641686,38.327106,88.199379
4.679052,-14.623052,12.482634
8.554557,-29.323124,28.680538
10.430179,-30.088291,30.917913
-23.391012,-37.562523,54.245369
-25.347130,-37.821228,55.283661
-26.002649,-7.347832,46.625015
-26.178442,-5.915073,44.784653
-51.749054,24.492409,88.199371
-30.530203,-34.782108,57.997635
37.420277,20.440254,83.113235
28.235672,26.993570,64.380219
6.931781,-22.065882,8.814954
-44.189262,32.668259,71.672600
-12.063672,-34.564659,27.342133
-11.343578,-33.605949,25.185535
25.934856,-30.873955,76.934502
6.999506,-38.620743,65.334846
-18.975107,-39.481205,55.069122
-19.339746,-38.168972,52.675819
-3.359486,-30.951027,88.200119
6.761813,-43.270363,34.790936
9.872835,15.548765,72.838631
-6.268224,28.548998,46.615128
-3.889370,28.955597,48.131084
-29.854589,33.977837,61.024899
33.819118,-13.778813,27.680807
33.653809,-10.745873,27.225924
-13.104984,15.816257,35.522434
-11.347779,16.518883,36.612144
45.231205,-4.344509,50.595444
44.984993,-2.502758,51.097252
45.867069,-3.677783,52.701454
-31.700399,22.267611,42.308945
-33.610062,20.708593,43.856300
43.741974,5.589324,55.157410
10.750479,32.629612,71.652939
8.457489,32.907883,70.308144
37.101048,5.922406,41.207024
-24.181175,-31.813362,57.414787
-20.502180,-3.890064,33.479992
15.755583,-50.952644,67.277328
34.344849,-1.225250,69.272301
-31.767157,10.503492,41.822094
-30.283142,11.829339,39.770390
-40.436810,-39.754829,78.467972
16.569567,-50.362133,62.126118
13.048725,-50.792923,62.014446
14.337008,-50.337749,59.371735
32.420284,-20.628572,88.200165
17.478592,-39.147488,56.802795
15.787567,-39.834328,56.251606
20.276598,4.500639,32.973232
22.719749,2.166790,33.333035
19.321716,-38.142883,60.721718
17.344614,-39.153709,60.597824
2.102561,-39.037273,53.561165
0.711014,-38.381943,51.434708
-0.143226,-38.052071,53.736576
12.800673,-37.167736,26.744719
25.459095,30.392757,83.339371
-26.966202,-14.255929,73.872345
-18.327150,29.745937,39.012192
-19.518627,28.739462,37.559299
-20.749470,29.036358,39.499222
-0.221920,-19.327612,86.315628
-1.651518,-19.728271,88.200027
17.904240,7.878851,46.586266
33.579845,-41.914745,57.484608
22.001112,-27.946575,88.200188
-13.983579,-44.481644,88.200363
-7.701261,35.936558,65.282646
-54.123486,10.421494,79.934448
-3.455519,-48.509209,81.771385
-18.070076,4.666306,11.278107
-36.141422,-3.971223,47.423393
-35.606129,-2.414497,45.984123
-36.486588,-1.753883,48.250923
-54.288174,3.437866,77.151863
-53.358475,3.380445,74.166405
-26.035759,8.937181,23.587292
-39.568630,-44.955502,75.664795
29.731478,-29.198185,63.128376
-5.291579,-34.401031,22.520821
-27.144564,28.903421,46.579521
-52.943222,-14.629067,80.039223
-52.228745,-13.454962,77.718536
45.848587,-28.047054,72.610901
-47.006081,18.176266,74.773186
-47.445423,16.234966,75.428093
-46.816410,15.310957,73.550980
33.451084,-23.477180,68.544022
-4.241689,17.270357,88.199600
-3.104130,19.547012,88.199623
-25.233833,42.151699,83.861694
30.962435,-43.840382,56.974876
-26.420853,-47.617455,66.685043
-36.729362,-23.134964,50.219177
-58.051548,-15.048285,88.199684
-58.099323,-12.728350,88.199623
6.602861,31.417583,54.701996
-38.176567,-5.180110,40.835972
-37.346802,-6.199141,38.754379
9.313400,-47.194973,43.548576
6.443336,-46.894238,43.168072
7.450538,-34.002724,36.351509
7.475313,-32.576321,33.776520
-19.343195,27.961468,35.537586
-21.504158,27.637371,37.053970
15.958632,24.750629,86.527901
-42.786518,-17.155396,54.830303
-19.933081,-17.521038,46.965393
-18.390905,-17.876493,49.216988
-42.750816,-15.900366,61.013741
31.331219,-27.169935,54.604538
30.644972,-26.114107,47.693703
30.458214,-27.233030,50.022179
31.848761,-24.810200,49.327538
-37.233952,-42.160770,76.404488
-35.679577,-44.151318,77.795044
-27.592123,30.068926,60.360798
-41.356026,-2.309692,57.658367
-38.456200,30.590952,63.612217
-40.577213,29.904930,65.140617
28.091600,-22.236876,37.418503
-1.349333,28.402344,32.142349
-19.450096,5.686835,85.405663
4.328158,2.979575,65.954208
6.267803,4.938174,66.686485
-26.685265,31.229221,62.461800
22.302795,8.535421,63.235001
19.936241,9.091501,64.298782
26.781006,-46.972191,74.437111
28.477919,-45.739376,76.129517
23.076784,6.528906,55.628437
20.317823,6.935047,55.178089
27.018839,-29.604805,78.265892
-18.154652,-17.059624,27.984650
6.360215,7.499244,3.732622
-14.181861,-48.600594,67.954117
2.863000,-10.692348,1.639474
0.949198,-12.617266,2.427313
-2.055648,-5.350380,61.845940
-14.647084,-30.702084,24.218025
-7.273767,-21.228436,20.223875
-2.315573,4.464569,0.772271
-36.475155,11.185383,52.880436
-35.447014,10.753303,50.328476
32.075001,10.042057,88.199837
-29.984926,1.279010,27.643963
33.073410,18.583870,50.594162
-20.323042,-31.687208,33.316608
-22.036850,-31.072334,35.458916
16.549393,25.442625,48.653275
-36.668903,6.206872,50.661846
-8.887412,16.519396,88.199539
-6.582504,5.333888,43.181839
-5.598938,7.152285,41.366592
-35.532524,5.897076,47.845871
-34.215000,7.114464,45.261616
-34.842216,34.954746,75.461914
-35.523960,33.871758,73.142502
-46.152035,-38.664276,77.271088
-47.717369,-33.247612,83.615959
-46.403473,-32.677986,80.754074
-48.106033,-30.890509,81.880119
-19.151745,-21.610304,33.639301
-22.253401,-32.770870,41.409714
-0.559624,-46.773289,48.207069
-24.673019,-49.218475,88.198532
-22.466240,-50.331493,88.200233
-42.334595,13.945759,64.464455
-41.345558,12.388787,62.354279
-40.944328,14.687550,62.553921
-2.230453,-47.847595,57.237679
-3.749318,-47.908348,59.757729
14.883969,20.679008,30.785044
37.335873,-15.186666,63.634407
37.445030,-12.541668,62.960083
-22.743233,-4.414095,19.144796
-21.073715,-4.685575,16.736807
-22.165331,-6.556319,18.771696
-44.442169,37.248444,78.564117
-12.798389,-48.656521,84.628372
36.899509,-31.715265,43.621849
37.494396,-29.272097,41.609016
38.829556,-29.162437,44.115604
-17.359171,7.520315,61.845783
-17.505434,8.389246,59.928093
-18.513803,6.295662,59.854069
13.513880,-10.987969,14.968962
14.466604,-12.596495,16.645569
16.983988,11.415022,16.429611
33.027481,-32.920349,88.200264
30.367016,-31.607265,88.200310
-4.598440,34.719433,59.038273
2.125084,5.635162,73.366562
14.763975,-27.582615,16.707260
-45.523415,12.214964,61.879616
-44.957790,9.929519,59.865894
-33.251209,19.718666,52.953953
13.651652,16.729181,20.324512
14.963744,17.340429,22.758278
16.520998,15.411339,21.421150
-25.661177,-28.332283,37.448643
-18.618073,23.459215,25.563770
29.182117,-22.359781,25.184292
-9.316863,-29.598581,56.480564
-9.860509,-30.522345,54.607552
20.271765,-7.913524,10.211249
33.088486,-8.211287,26.496895
39.227020,-12.589174,88.200081
37.949772,-11.041912,88.200066
37.496578,-13.892124,88.200089
3.188973,32.837875,57.026524
-55.987732,-16.638361,76.819717
35.681545,18.161278,88.199677
35.283096,15.454378,88.199799
36.468170,16.210716,52.287277
34.666321,18.220213,52.629951
36.527176,17.344019,54.704460
22.522751,-40.137386,88.200310
-41.483185,-18.596788,53.697262
-40.023853,-17.862259,51.386013
48.624046,-6.980859,83.958679
48.566769,-9.644468,83.652725
7.332301,-37.297699,67.716606
7.827394,-50.708679,61.368393
5.919087,-50.456627,60.968018
-31.521606,21.339283,51.520916
-23.500832,-16.735741,88.199883
-38.466339,-16.112951,47.635033
10.162007,-2.378661,9.295288
8.077354,-1.093103,7.578008
-25.142387,-22.680077,53.461143
-33.834167,-19.873859,40.799671
-50.422882,17.078775,84.328369
-50.263573,14.832773,83.179390
-15.465302,-33.350700,88.200104
20.700476,1.813645,28.265152
-34.162941,7.708162,35.247375
8.054530,5.308048,10.106070
26.748337,-32.489845,55.902214
25.641577,-6.015777,31.106379
-32.565990,-1.891125,38.410904
32.349247,-12.432638,25.502424
-39.353355,17.172684,52.804108
-20.906925,-46.503017,80.773956
-3.110424,29.536587,34.304802
-8.712641,11.187887,26.931839
-26.139162,12.398225,32.653309
-25.619579,14.854246,33.784317
-29.802416,-7.950593,36.084949
-17.159763,41.122887,88.199127
-31.748354,-54.368526,86.196297
-53.782215,0.467523,73.933807
-53.087059,1.228491,72.307281
23.348845,-27.051523,36.920750
14.710413,10.504068,12.889329
-52.856346,-37.101402,88.199928
-50.682644,-38.164001,88.200081
-51.240448,-35.867355,88.200073
-42.923065,9.401933,55.822716
-47.176346,37.030476,88.199173
-26.549856,-41.065742,59.190529
6.600424,-33.282257,19.822969
2.649950,-38.890892,58.662994
-21.414791,-50.980122,73.674438
-3.300359,27.291668,27.775280
-25.449776,-8.862129,55.788307
-25.438784,-8.881369,53.314533
29.758261,-29.240629,55.094170
40.748989,-1.409206,42.452335
39.778400,-1.841058,40.299686
33.688866,-15.359314,43.845253
-47.695396,-2.352713,60.428562
35.087902,-41.706619,63.081089
-1.546684,-37.439842,51.956490
45.557365,-5.780078,88.200073
1.382982,1.664542,0.146868
37.529369,10.407074,88.199829
-13.261473,-28.270231,51.881519
-17.887213,-12.049326,25.466599
-19.575190,-12.702091,28.513313
-18.103016,-14.809009,26.780064
-27.952314,-28.061522,42.720360
36.422535,20.674440,88.198082
34.577404,-8.765286,28.721474
-10.890088,27.895634,45.326424
-13.596380,27.587826,45.321888
38.908989,-33.675488,84.575287
37.310291,-34.014175,86.460640
-24.680485,-11.980841,23.238850
-29.336605,26.976307,56.249714
-31.074503,21.380138,40.063606
34.219627,-14.318598,88.200104
-14.324026,7.574490,28.793621
-15.595316,6.248934,30.212763
-10.827873,22.790319,28.885611
-47.782536,0.240100,61.163349
-16.972048,10.437564,83.948631
-17.428850,9.333267,86.065742
-15.326082,-40.220566,70.986649
47.143520,-10.171591,53.609543
27.625818,1.132925,39.653194
25.484692,20.370932,80.369804
-57.917534,-9.402644,86.240250
47.259438,4.087093,73.248505
46.418373,6.096830,73.966072
-24.725910,-18.850431,79.456459
-24.151552,-20.118729,80.626190
-24.596510,-18.018888,81.896805
46.806263,-18.165447,53.876694
46.622948,-20.493734,55.032063
14.345817,24.387871,42.777283
2.055573,35.284286,73.362137
-21.777308,6.326158,17.186255
23.035746,-43.584351,42.235878
-21.931301,-13.390171,36.469273
-21.606194,-12.448874,34.610199
-21.827890,-10.879490,36.082844
-3.053936,32.038361,69.666359
-2.182385,31.041189,67.440407
-1.331544,30.453356,69.488914
-24.203789,-20.955473,77.883339
-48.424660,-28.787880,80.254425
-47.078224,-30.606760,79.682480
24.643259,-47.876339,75.246796
-40.751904,18.788574,63.775272
-41.779331,20.464607,65.788994
14.917717,-7.161539,14.523211
-30.809612,10.110358,30.428429
21.936518,-9.300724,12.142666
23.968851,-9.583309,14.478803
12.854774,32.748760,81.126167
13.434570,32.588245,83.430847
8.144814,27.151886,41.141949
-0.476445,-37.402374,25.574333
-43.798077,30.753893,75.581512
23.040939,-7.507223,13.158836
22.908388,-5.487969,12.969704
-51.518879,0.662615,68.221985
-51.706753,2.488255,69.340294
-50.772060,3.013505,67.517387
-43.402435,34.255169,72.822731
-18.710239,-26.110548,40.180450
-1.349442,-12.190559,2.554564
0.051221,-10.245966,1.550678
-6.651248,34.966263,58.695110
-9.521108,4.839753,88.199738
-11.452036,7.251773,88.199684
-15.782735,-42.127827,86.276413
9.067294,24.618807,80.920609
9.604967,24.917927,83.467209
7.120633,23.523262,82.665443
-31.180704,35.767998,66.348183
15.272927,29.120939,58.042339
17.603069,28.910683,59.188000
-4.160102,18.709276,36.416550
-6.918642,17.881701,38.046940
-52.415871,0.644786,70.260994
-55.912544,-19.398540,88.199722
21.178953,-49.546871,72.967560
48.039242,-19.250977,78.453110
42.106770,-34.153767,73.755882
0.300242,34.451817,66.580490
-1.821736,-14.351032,74.036705
-0.856316,-16.075403,76.839211
45.561459,-16.880894,88.200195
33.183083,8.697102,85.856094
33.965530,6.455165,86.306961
-9.510966,41.295502,81.403923
1.915778,-27.463163,71.263397
-27.470823,-15.712270,27.495770
3.310212,-50.590706,64.631844
1.206136,-49.935547,63.055824
3.522140,-50.287045,62.216454
32.930496,3.305599,71.849991
31.869955,5.614476,70.991737
13.258000,24.761612,86.322357
-6.625660,18.110268,41.026917
-37.369091,-14.656113,53.416580
-0.678361,29.824043,54.165043
-7.544098,-36.887051,88.200134
-14.678317,-22.975883,28.092749
-29.543564,33.278351,69.112686
-2.439775,-49.837280,73.761337
13.816170,-40.476158,57.458668
-44.091930,-42.901932,88.198235
-48.205009,24.379526,80.766006
-48.525646,21.690483,80.313118
-47.676731,23.666111,78.601074
29.347870,-0.098426,23.166082
30.000359,1.176629,24.829613
-3.068108,-29.418453,15.866171
-3.687701,-31.533993,18.253319
11.490932,25.055546,79.604134
-1.155336,-50.115818,72.223877
1.853808,24.581074,58.516380
-43.241840,-32.007511,72.779343
26.258715,-46.794956,76.938194
27.982479,29.073431,84.629379
6.901999,-13.948567,12.743372
7.691460,-11.327735,11.234423
4.731078,-12.443200,10.836167
-47.513546,19.658548,76.556763
-48.211006,19.515781,78.512291
-48.227211,-10.262028,68.452469
-15.964519,14.976338,46.923752
37.975723,16.495314,56.753517
-20.626629,4.801072,15.132154
-13.268031,15.955437,56.408386
22.596642,-49.162430,70.679260
-11.563988,17.269413,57.583366
-11.294833,17.584070,55.684235
25.002625,-43.057621,43.364510
18.397089,-24.265100,28.631689
6.353303,-23.941580,85.730255
7.034276,-24.504967,83.147919
16.638592,-1.190422,15.796240
-10.312773,40.304787,77.646950
-11.246086,41.083382,79.764374
14.464344,6.428411,18.587223
13.259791,8.034304,19.914917
15.717192,20.769581,74.626076
-54.113876,-25.880398,77.965637
4.600311,-22.987215,9.240712
4.865486,-21.238483,7.848124
-1.408244,32.676876,84.410545
7.739035,1.756248,7.776024
5.794200,0.348963,6.052862
-1.888990,22.959578,62.846203
-1.676402,22.221741,59.873604
49.901413,-7.964881,71.067924
-25.524925,-8.767172,58.495583
-38.552120,-38.510750,63.862755
-1.851671,-36.605053,44.218826
41.040897,-3.250344,41.884895
42.009575,-2.837107,44.089577
41.772968,-5.608900,42.151825
-20.578735,-29.844429,88.198692
-44.791599,-11.970789,56.177364
22.107100,-33.091373,44.224174
6.094088,-18.212093,5.797823
7.363245,-16.262957,4.832003
29.462593,-14.476166,22.153711
47.050392,2.314185,86.436089
32.843311,-25.071718,88.200195
33.988770,-22.805071,88.200142
-0.206846,14.546626,85.647469
-42.925385,32.471512,76.708801
-43.719826,32.983547,78.777534
34.795803,-17.613493,79.651970
35.006168,-16.039782,78.272354
34.595974,-18.508394,77.269073
47.293293,-3.691686,57.557758
-36.492729,8.814002,51.553680
-35.607372,8.554197,49.376316
-3.257334,-26.421642,65.492409
-42.596397,7.104938,62.573143
-53.375744,15.347479,79.285553
-53.235783,18.012884,79.837959
-48.941643,-21.449139,73.620850
-48.597168,-19.752329,71.604584
26.808727,-38.452599,88.200287
24.029358,-37.776608,88.200294
25.015202,-39.851437,88.200317
27.208250,-40.703510,88.200302
29.530682,-39.313553,88.200294
-51.158676,-1.525886,66.773834
-27.371023,4.075810,30.729614
-55.756596,-14.457159,75.609673
23.502663,-35.109226,65.498596
32.979252,-9.558683,42.129665
-40.854759,-44.992889,86.205582
-40.639435,-43.626907,84.033432
-16.387371,-14.521773,24.475548
-5.625348,-13.301007,4.453889
-16.311483,8.887298,64.135147
44.567783,-26.190895,82.418129
-53.360767,25.874239,88.199265
9.463943,-5.573349,1.992020
11.429883,-7.187738,3.108533
-49.928303,32.320957,81.679527
-36.357723,-14.700119,51.716705
-36.242973,-12.930651,50.570457
-37.407608,-12.428656,52.569080
-0.013154,7.612664,79.583481
-32.554390,-43.169060,69.833221
-21.073483,-12.762599,32.470127
-31.433861,-30.915302,56.189175
-32.469700,11.959181,44.383984
-31.368107,14.509469,44.145046
-2.369012,23.497381,21.052189
-27.551880,-19.280384,48.136749
-27.026968,-17.041988,47.154175
-29.250366,-18.345154,46.169785
-18.646952,-12.616755,15.992113
-21.984945,20.533010,35.402863
-27.093113,-10.482361,67.522270
-1.660942,16.948704,12.569698
1.316176,-40.016762,29.499111
47.318329,-1.592366,59.919464
-56.886204,-8.606830,80.263336
-56.500446,-6.442355,79.652847
-9.170323,37.608994,88.198708
-10.231557,38.398018,85.822311
-40.774574,37.325920,86.382790
38.284115,-35.502014,53.523392
8.065748,12.687157,10.003447
3.909018,-19.481234,6.437471
6.546784,-19.968397,7.124436
22.053421,-46.099491,83.645096
-26.236332,19.469206,29.469296
1.718200,11.554678,79.089645
0.434172,10.059577,80.433914
-27.631027,32.021561,54.157700
20.166231,-37.538177,62.690830
-12.940271,8.158257,34.240856
34.819546,-13.409865,47.621101
-56.333214,-10.701452,88.199631
36.497807,20.230371,67.615494
34.736481,22.075890,66.647560
-32.997952,8.848911,43.426647
-17.502848,16.654051,24.737545
41.825169,14.181120,85.845200
-41.217602,-33.294525,62.023537
-49.582104,14.066549,80.990173
-0.431846,23.870100,88.199615
-2.630344,23.888834,88.199013
24.834444,21.499769,46.392139
-17.505730,-0.122445,23.905752
21.884283,-34.070774,28.405262
-7.867362,-23.316542,12.496317
31.341249,0.997763,26.857443
-14.996622,23.712448,34.712902
-13.004962,24.472809,35.591957
-11.919568,28.929308,32.378849
17.356169,23.422403,88.199661
14.639806,23.545837,88.199608
-38.468487,-37.190086,69.343178
-1.922498,-31.887119,63.513298
-13.220428,23.083427,21.614861
-20.547653,43.026398,88.199234
36.069450,-20.422567,60.157276
-37.088909,25.865070,63.214436
-39.365608,39.361866,78.200531
-38.227634,40.565674,80.491135
3.792267,-49.999146,60.169758
13.407096,-29.803825,79.870132
11.092601,-28.163624,80.616447
-2.019771,29.201326,49.546490
-1.203001,28.511278,47.131401
23.088289,-28.581226,38.598042
-24.777664,19.879204,27.941013
-49.037193,30.198757,88.199226
49.224682,-17.958487,65.711441
36.652508,-14.342265,67.325508
38.874424,-32.326733,49.059643
37.309208,-34.048874,48.289993
37.230747,-33.078239,46.432343
-44.204659,9.476717,66.331528
-39.032852,-34.438313,60.268471
28.489311,-21.597574,88.200195
32.983105,19.763927,52.842518
-19.891855,19.482473,30.401602
-9.175281,-47.812740,64.543457
12.151812,21.250090,27.729856
-6.041773,-37.629875,28.068373
46.136581,-13.873238,50.213169
-19.548300,-16.502081,18.738462
28.905552,17.047333,83.125580
-12.903515,36.481663,76.636482
-14.942562,35.963921,75.274872
15.857569,4.848619,18.599514
-39.997562,-15.089642,49.874760
25.147585,-27.588362,24.924517
-30.546486,-20.507774,48.550957
-45.118713,2.289707,57.221584
30.455465,8.278543,71.074493
-42.797562,22.494806,68.001144
24.421755,22.850985,49.284283
-28.221169,11.193645,27.057817
-14.928999,-5.528400,8.384148
-20.429939,27.320877,48.168320
-17.848318,28.060484,48.616596
-19.451183,-37.067188,49.984657
-17.358648,-38.477715,50.732464
-16.656145,-16.973362,25.927986
15.606326,29.917578,61.015045
20.358580,12.854585,22.369471
-2.850260,-44.724159,42.390846
-53.855427,-34.961315,88.199860
-1.648522,-13.809659,78.530663
-42.076107,31.759048,74.536148
-39.724712,32.545959,73.319725
-49.482079,22.218178,72.190125
21.112835,-47.766491,80.904739
-44.321861,-48.451214,88.200089
-42.209625,-48.153275,88.200134
-43.588989,-46.575211,88.200119
-10.003695,35.091591,73.415398
-42.132149,18.956888,59.706440
-41.340614,20.842236,59.501263
-10.693425,17.834042,59.518227
-6.645121,-3.277950,86.314255
-55.399464,-24.167950,79.512573
-0.994134,-31.311930,17.381176
1.539315,-31.281473,17.061668
0.705670,-32.550804,18.639723
24.926369,-46.728401,53.725655
-11.193426,16.756866,88.197296
25.717299,-1.774340,33.818642
-33.936707,-38.766052,63.906269
-31.414968,23.267893,53.731598
-18.053673,-23.402905,33.599743
-17.782816,-22.209923,31.665079
12.074703,-49.852856,54.794594
46.613930,-16.009083,52.084270
-38.845367,7.628638,55.896496
-16.559488,13.213000,54.030914
-42.674351,-26.794632,65.960892
-44.110909,-26.286539,68.005692
-42.845631,-28.684193,67.823898
23.411385,-15.382174,27.742264
23.044699,-12.454438,26.434381
-57.979053,-17.181099,88.199730
2.663226,28.099548,55.015049
10.611182,-20.373085,19.337818
-19.416006,-50.882664,74.396988
-35.262138,18.804031,45.103416
-34.275085,21.506292,45.998634
-5.813658,23.142923,83.997162
-4.211865,24.883326,84.291397
11.824374,-45.169434,88.200272
-7.336561,-16.666811,17.388803
-22.130463,-11.808212,38.596519
0.833582,-48.190571,83.754585
-12.913313,-39.100700,38.748234
-19.714626,35.155865,73.417084
-5.150305,-1.479830,84.386276
-23.414965,-2.336919,58.352364
-28.413824,-0.302981,25.868397
-51.006870,2.463108,81.664734
-17.282705,-45.414944,83.826813
-31.458330,-24.514959,43.182674
-26.672798,-13.453499,88.198402
-24.060484,-14.123386,88.199844
-24.707451,-12.037652,88.199966
-10.470446,-42.296352,47.743893
28.806494,-7.249597,20.503479
-19.440956,41.195721,88.199448
34.772156,10.148466,88.199806
40.969215,5.590300,88.199936
31.516933,-15.282144,38.955330
31.760830,-13.465077,39.144508
-33.511913,23.380411,46.911831
2.487720,0.758960,55.938572
4.518857,2.030722,56.115871
-6.913007,-3.989084,9.496025
23.116352,-44.572254,44.300461
-26.618189,-37.271915,58.870983
48.141987,1.539157,72.367622
-4.954951,-6.156559,8.838563
-5.491683,-3.293132,7.797469
-51.186977,14.206314,85.719086
-5.036355,-11.307460,86.062088
-24.044628,-32.653435,45.891132
-12.856030,38.861820,85.754662
-2.648835,24.918373,23.079670
-0.669838,25.327885,24.452496
-10.280816,-26.615997,28.023788
-11.986463,-38.390247,88.200188
34.596764,-40.254555,55.062347
36.066692,-38.355125,54.058289
-41.744133,4.615268,60.097256
-42.702103,2.901642,61.236649
-32.598362,31.600983,66.469711
-33.756721,-5.568560,32.262337
29.876461,-26.452038,45.922699
-18.334747,33.905796,52.240524
-4.884684,22.204967,67.776779
-4.540703,22.816896,70.286713
-32.320572,-6.048987,37.910164
-1.659174,-33.220425,19.783266
-7.983416,31.360834,59.203686
-6.181586,30.933857,57.100098
-5.252708,31.344812,60.074791
1.478189,27.781116,46.774101
0.359342,28.766979,49.305618
9.096246,-8.533254,2.315729
19.128420,2.311695,23.681505
-25.414373,-19.171501,26.753620
-18.823586,-46.444012,85.989227
-19.560362,-46.750275,83.328766
-23.601374,35.890980,63.271961
-20.856686,33.017975,50.663383
41.393673,11.338270,88.199883
-9.328634,-37.306847,29.806461
-47.593880,-22.255844,71.402336
-1.005006,8.303672,81.786507
-17.926491,12.070279,25.954218
-16.778923,13.415611,25.283772
20.659533,-37.385475,58.668205
-20.766773,-3.362113,88.199875
-22.535860,-1.449856,88.197052
-21.526360,36.254417,63.962578
26.753214,-7.466170,32.298134
-6.679280,19.730194,16.284197
-7.382266,21.456116,18.343596
-4.693095,20.816954,17.480671
-25.997681,28.530827,44.394569
-25.946262,27.576431,42.313011
36.720005,-10.173792,66.350723
3.014951,-30.558765,29.101254
5.785303,-29.902319,28.586466
-3.452745,34.651466,60.821121
-41.210796,38.853790,88.199226
-38.955269,37.417908,88.197647
18.770132,23.343895,45.126518
18.010838,24.397881,47.276962
-53.250542,-20.070648,83.755119
-53.304893,-21.464520,86.008568
-52.037216,-27.506180,88.195770
43.890942,-29.086697,57.776146
-24.053905,-5.480141,21.119865
-9.008935,31.961231,40.214115
19.868431,-35.430603,28.472584
-10.599154,-40.451965,38.748333
-56.263470,-23.996555,81.858124
-9.848169,-3.214483,3.429189
-8.882408,-1.180485,2.658463
25.253529,-30.445200,27.516266
-40.692776,-29.969671,58.692169
-30.977751,42.738640,88.199219
-33.848930,42.652779,88.199219
-38.241459,39.968819,88.199219
34.525101,-15.684479,86.321632
25.474483,-8.389787,30.131475
26.806324,-9.619753,31.884808
16.169666,-26.952185,86.246117
-4.682939,21.525644,63.460537
-3.862094,-49.612598,71.642303
-19.830753,5.983592,57.189812
5.518440,-35.952709,39.955933
3.218979,-36.514240,41.435226
-2.493918,12.036596,18.816971
-56.362083,1.502104,83.778061
-1.363284,-10.895732,9.887585
-2.110607,-12.596233,11.481083
-25.132425,-4.139340,53.345150
-25.483389,-4.488494,50.746834
9.141401,9.786441,17.977198
36.558311,-8.119228,64.801109
-57.184605,-22.465534,84.187202
-26.715073,6.179095,30.324043
-25.589733,7.489984,29.045135
-26.666880,7.965918,30.960886
8.311110,11.789087,28.848036
10.832838,10.711076,28.789740
11.323371,32.813499,83.306648
-19.208853,-40.514744,65.106071
11.174413,15.193255,15.827274
-10.905722,-0.475861,88.199837
5.684894,-10.552264,9.722852
29.342113,-2.243847,39.160484
-15.592313,-19.110376,15.678157
48.831253,-0.149537,76.175766
-6.180558,25.877453,37.672066
-20.987429,19.113155,22.869381
-9.826119,-25.431507,58.836040
-22.989704,31.803539,48.873047
26.925827,-24.448109,38.005444
-2.617036,-10.496510,71.806953
-23.221891,-52.150318,77.685860
17.173504,22.022522,75.759804
-27.401602,19.293533,41.958130
-29.117153,19.225664,44.730282
-29.110638,17.643442,42.915688
26.174353,-45.594429,51.661636
6.081318,10.126186,15.688934
4.590992,10.960324,16.747959
-50.384365,0.913833,65.980011
47.987629,-8.472466,85.963486
1.630788,35.899395,75.617393
7.217921,-9.293453,9.626091
-15.278243,-1.332505,7.760217
34.944691,-3.109837,67.867355
21.787304,-29.100817,82.524887
20.888472,-30.685091,80.284088
-53.299671,20.945276,81.527260
-53.196815,23.288063,82.711823
-52.787800,22.933807,80.690689
15.652021,-39.264397,64.393875
14.440557,-38.781960,66.846024
-6.964170,-14.521602,15.889545
-6.603097,-12.252497,14.249949
4.262209,-17.968857,14.880761
46.705360,-16.167385,86.119370
12.340262,25.392878,88.199600
32.528011,-5.705379,26.036911
-17.938786,-38.278507,66.020073
-26.884619,-17.504627,27.619480
31.739349,-25.906637,51.898785
30.109619,-28.333443,52.311691
0.258545,-48.764057,57.881008
-24.846151,17.261024,35.056030
-25.165695,18.670429,37.450230
-39.627216,-37.225136,72.129982
24.461329,-10.441737,28.350983
20.522802,7.589367,46.426067
18.915958,7.937738,44.099396
-31.896183,-32.969444,57.579594
-24.593687,9.944155,28.516071
41.221687,-35.637260,71.598511
40.263077,-36.456150,73.726173
-36.664593,-46.556496,82.935448
-36.484684,-45.196331,80.633987
-37.799603,-45.314629,82.415436
-57.996635,-11.614144,86.180992
-26.411648,-8.331511,44.250065
-7.727880,14.628965,9.904858
19.583338,-28.284683,84.099510
18.580976,-26.952131,86.347389
16.561016,-12.844622,18.626625
14.265965,-14.724370,17.760830
27.991468,-36.069141,36.145584
-8.753750,19.945780,73.911575
24.697094,12.070076,68.641251
43.178944,-16.520588,43.334679
32.587135,-25.608475,64.446693
32.479073,-26.059269,62.066292
31.121529,-27.545717,63.697033
-4.057109,25.606592,36.936283
-3.654314,26.475069,39.646957
27.539003,-11.781932,32.741055
-4.183730,-0.418651,0.618611
-1.707509,-1.421914,0.123782
-7.452649,-10.119997,88.190460
-39.336643,-46.564774,86.492050
-38.612713,-47.846584,88.199463
33.660339,-22.125082,73.252365
34.180637,-20.373297,74.954834
24.772635,-29.239386,25.958000
37.295715,-37.183834,54.593285
-11.993870,25.987316,25.306931
27.198158,18.967957,81.599609
-4.372721,23.261770,72.936646
-6.434620,21.807669,74.164711
-18.564468,-32.886013,85.735199
-19.620419,-30.732250,83.077316
-40.002136,-51.667263,88.200134
-2.663545,-49.419170,78.052505
36.223629,-6.786766,60.379410
-14.899430,14.546847,26.053631
-9.912684,-36.559990,88.200180
-15.737971,-37.741295,84.154984
-16.071953,-36.550709,82.776886
-9.346359,-27.671907,58.120071
20.726677,31.834082,82.330948
19.452784,32.039520,80.597145
23.990355,2.568937,35.926777
3.891606,-50.007668,79.698013
-3.373445,1.937207,0.502566
-45.344952,-25.649384,69.821419
-45.401756,-27.186417,71.578743
-44.264538,-27.936487,69.901939
-7.311190,3.903900,44.494827
-35.827126,11.745930,41.030651
22.657255,-35.993820,59.189445
-19.971577,-14.865624,47.020432
-19.033079,-15.864740,48.412354
0.760502,12.860940,25.243435
-13.452188,-31.380896,40.848789
13.127122,7.412525,48.360146
-5.044775,7.626893,2.524714
27.196882,-42.693176,45.451004
-19.150211,39.395233,73.767937
38.644241,-30.927828,46.217381
15.397202,-39.235237,88.200310
17.692507,-38.036953,88.200287
2.340833,-31.894632,31.338535
0.681293,-30.872356,29.580481
21.425514,-32.411610,42.341404
19.489883,-32.724712,41.023617
39.006916,-0.092008,39.966026
-39.959358,13.739405,60.652382
30.187611,16.625443,43.125858
-1.661421,31.854757,73.859436
-3.403052,33.916142,75.398148
3.424519,33.059479,61.740318
0.987282,33.861271,63.442326
-40.277092,-40.938820,70.254349
23.282513,-31.152975,78.667976
18.353333,32.008324,85.927010
20.919546,31.642447,85.269356
23.620432,-3.488773,28.949039
-11.892201,-11.848647,18.961811
34.976089,-12.139556,88.200043
-8.262131,-26.022711,25.643690
-8.644254,-23.898281,23.493019
27.866898,-45.457916,78.776108
43.436821,4.580056,88.199921
41.609501,3.495561,88.199905
-50.571953,-7.496212,74.564331
-49.908180,-4.743332,74.026794
9.593454,-38.349537,45.671440
11.997429,-37.722305,44.783035
10.162584,-37.394775,43.607841
-39.220688,-3.575444,53.996780
-40.068501,-1.948828,55.536240
-23.195965,-3.070895,75.232620
34.119564,-0.384700,74.316315
33.680244,1.016910,71.354988
-22.838686,38.467697,71.407249
-24.363981,37.959595,70.170456
26.706333,4.364599,43.217312
28.221888,2.004194,41.824726
0.000000,0.000000,0.000000
8.313423,-40.210083,29.742765
32.721729,9.169666,36.760231
34.314640,6.566763,36.804356
18.477505,-38.666187,58.454281
19.559731,-29.652142,81.982109
-23.610226,22.151722,40.691628
-23.196405,20.807550,37.715889
-9.450814,-19.764835,88.199966
-7.371588,-19.813295,88.199989
-26.056887,-10.626102,77.697662
-26.515083,-13.801252,76.428322
41.799248,-30.878395,82.880219
17.924112,-1.169907,17.593018
-12.856501,15.574211,74.435799
-52.448845,-0.290847,85.643959
49.125450,-18.797544,70.379982
-13.592563,-27.974798,33.631248
-9.264473,28.976616,31.663397
-22.350899,-32.244682,39.589680
-11.699508,-21.413425,88.199959
-14.589806,-22.415205,88.200005
-12.804870,-24.268850,88.199966
-0.620098,-49.314442,62.005547
-1.185508,-48.737137,59.817589
1.431843,-49.525459,60.307266
-40.338726,35.948849,80.274261
-43.701481,40.068810,88.199188
-47.551891,-20.295723,69.888542
35.775555,-10.412924,71.153419
1.002120,-39.335732,88.200233
2.988209,-40.865738,88.200256
-30.873003,-6.542820,35.782139
-28.146896,-6.770181,35.655186
-29.812880,-4.823021,34.175766
-18.373995,40.353287,76.538116
34.877193,-3.239310,70.003799
-49.403793,32.182293,79.416740
-50.211609,29.424210,77.927429
45.753490,-28.741547,68.265808
19.802309,-21.991829,27.693707
25.840620,24.747902,88.199615
24.081526,23.549898,88.199600
26.202667,22.191746,88.199699
26.027925,17.598452,76.730911
5.451233,-49.016956,52.476982
37.939369,-22.977959,36.730785
-14.831093,-27.776314,21.138401
34.324947,-20.641350,51.724594
33.106552,-23.504910,51.845352
28.814791,24.380070,88.199631
-1.400756,-27.946690,14.031479
-3.581813,-27.545893,14.229879
-6.404404,-14.447916,62.280502
-21.998373,-15.006496,42.016758
-22.024199,-16.710659,40.228111
17.708733,-35.478809,88.200226
19.493471,-36.928169,88.200241
45.488216,6.124068,88.199921
-45.299557,-2.398221,56.572781
-44.559006,-0.244831,55.644295
-13.034939,8.297915,23.618719
-6.808060,36.488400,88.198540
-46.801952,-0.076429,68.327034
-47.151363,1.827018,69.941696
1.783386,-27.724598,13.457860
41.787361,14.561028,83.238342
31.768827,-39.516010,86.023033
-52.459766,25.220421,81.210083
-24.000078,-53.757496,86.254211
-15.808308,30.232912,38.269962
-23.656122,-30.524858,38.080612
-28.055262,23.080078,48.145557
10.091277,5.753019,63.985271
-6.500320,-12.725841,88.198784
11.647632,-29.881182,78.647163
1.139123,25.284245,39.795383
-0.822064,26.621170,41.184776
-0.971430,25.948744,39.205940
-5.868946,22.040266,71.781075
-19.830124,-9.629160,28.332596
33.216469,-22.347038,49.801407
-48.226021,-18.001715,69.901642
44.267673,-1.115935,88.200005
-5.069702,9.813806,3.989411
29.292780,28.216757,79.465912
30.094051,-45.489834,65.159256
5.385957,-50.740646,63.358513
-32.962509,-22.265656,42.523590
-7.008544,8.060880,3.409444
-47.157631,11.467402,64.247375
2.123766,11.270045,16.154213
45.945839,-20.780743,53.060608
-9.713717,-9.405539,54.777676
-8.358383,-10.497574,56.774540
-17.381012,28.966137,51.146320
3.617137,-7.152620,0.727630
-9.171226,-49.243790,72.707336
-0.914680,-1.162197,54.652924
-12.890751,-32.140911,43.218121
-14.869387,-30.544777,44.655998
-13.438244,-31.582129,45.706467
-7.805234,-22.664394,21.746288
-5.730360,35.435612,64.204727
2.578093,33.140289,59.098400
-18.081959,-32.675865,31.480335
-35.251339,-24.846548,55.758179
18.424814,24.500986,86.332100
35.560719,-17.310879,30.849613
15.661897,-28.527519,32.022499
-11.433073,9.723869,25.610855
-2.173447,-36.956493,53.933243
-3.616124,-35.804909,55.100868
-39.279556,32.014977,66.074509
20.115892,12.559115,68.390915
27.948557,-0.632974,38.302719
-53.212463,-7.460690,84.163506
-53.396263,-9.929971,83.310661
16.966911,-33.076759,23.833443
46.103043,5.691806,69.003899
14.831563,-32.068279,77.502289
14.712111,-30.831314,79.118896
16.596014,-31.421396,78.948227
31.610304,-25.079323,78.983238
-11.794795,-28.787296,32.915337
-13.004086,-27.223345,31.676933
-25.482761,-39.574299,57.345890
-8.912888,36.840927,78.444885
-6.290095,-17.667067,88.199951
2.329653,-12.118550,10.191950
5.411782,-51.316639,70.920326
-40.802357,-42.013336,82.209633
-38.872017,-43.847313,81.771149
16.459795,6.749165,55.965061
33.149765,-1.766095,50.765221
-0.586165,2.682408,0.269988
-53.580837,23.901329,85.448318
16.973066,-39.212704,54.257412
14.682286,-39.687012,51.979050
14.203015,-40.204506,54.448353
6.900919,21.140482,21.579611
-55.273678,-5.324503,75.735802
-55.187531,-7.198575,74.669434
-55.910820,-7.036143,77.076447
-53.753746,-17.952711,88.198181
-37.070324,-50.575161,81.835480
-35.846527,-50.208115,79.689972
-39.460094,20.778940,56.083298
-40.226021,21.886402,58.331928
-6.731739,11.928715,29.123667
21.378054,-27.881340,84.420319
-10.066192,9.504159,88.199661
-12.936448,10.272178,88.199661
-21.963934,-36.614273,51.911018
48.021511,-2.774254,62.004074
-30.494165,37.626568,81.064240
-33.348629,37.079792,80.048103
-14.742703,-7.399381,8.857608
-53.121101,13.784094,77.849335
-2.959945,10.327257,12.494474
-5.206736,9.617823,12.059150
-50.042667,28.043594,76.302017
41.733238,-17.111816,40.580143
40.926605,-19.579897,39.931194
34.901348,-4.979699,74.384964
-33.819035,-45.787537,78.838531
-8.972841,-6.871499,13.413342
-7.503045,-9.213089,13.206726
-7.532814,-6.033114,11.289453
19.649225,-37.331326,30.604277
2.125696,-38.441261,48.583675
-10.775513,-27.502321,17.599020
-49.255596,3.597644,64.785553
-19.174261,-24.578434,44.536667
0.181848,-29.597727,15.417213
-19.730490,7.725945,55.603863
-22.344912,39.358559,86.162781
-32.346188,4.837842,31.197901
-6.657049,18.039173,34.877476
-9.097149,17.270760,35.812836
35.708233,11.591084,44.572243
-15.490518,36.769348,77.342529
-21.866884,-39.188622,61.943699
-53.150478,-31.210815,81.053627
-51.354382,4.581599,69.390594
-52.152023,5.461124,71.696381
4.807157,1.942007,61.646198
-20.253046,-51.659130,88.200089
13.241986,-50.147774,79.585472
45.382710,-23.616776,83.262016
-41.688652,31.019293,67.348450
-16.198986,10.511995,88.196259
-29.513165,22.254202,38.463062
3.239132,-39.219769,51.293873
34.992287,-4.339188,57.224880
-36.506752,38.278866,74.487831
-12.014391,17.121428,47.131229
-4.730614,-25.851166,13.139081
40.883018,-22.112389,41.280754
31.853371,-40.599632,84.151031
44.868412,-3.779088,88.200027
-53.898151,-33.595734,86.079018
-1.438229,-18.037258,71.946457
28.519800,27.775900,69.456772
29.702143,27.158863,71.230499
-24.317547,28.997210,43.352814
-3.791291,-39.221634,88.200188
-3.207359,-42.733147,88.200317
-1.109625,-40.444740,88.200218
-24.088528,-6.121006,83.136398
-3.575697,-9.024128,81.859772
1.258614,-36.902626,24.527723
1.782005,-37.941814,26.061556
12.562856,9.052309,40.645355
-14.094140,-13.354467,53.206192
34.951641,-16.223709,76.057777
35.160973,-13.591906,76.701279
-24.389704,34.586323,72.244568
17.902905,4.959732,26.570362
-15.787604,40.363396,76.600525
6.533019,11.150496,72.372467
-50.415001,10.292822,82.536804
-50.380306,12.727221,83.010132
28.714849,13.694745,76.112076
-4.317156,-12.440798,12.622341
26.260519,-32.868256,61.999702
5.743289,-2.896951,6.152339
-12.897636,12.863777,10.642128
-15.398498,12.026487,11.936730
5.444248,4.928444,49.465897
-45.188911,6.812542,67.415970
11.411796,16.788568,18.319757
-52.891106,25.446339,83.613800
-52.183868,27.749043,83.246338
-40.708923,-46.380672,88.199585
-35.231010,40.305267,88.199379
-55.560215,10.076317,84.770241
-5.470834,23.537104,86.248672
-18.142221,5.505460,62.353321
17.672413,9.588246,65.630257
1.272400,0.767777,68.039406
4.475734,-23.976595,20.095558
-8.269115,-48.495811,66.607292
34.293079,21.779917,61.922401
36.065559,20.376312,64.389290
-26.504114,-10.829177,88.199295
-20.650515,-5.864766,31.855795
-20.219534,-6.781994,29.444521
-58.138935,-8.448678,88.199608
-58.163551,-10.480171,88.199661
-37.613461,6.538463,52.900658
15.963116,7.124192,10.591537
-25.710665,-6.685497,72.646957
3.835460,-22.939302,78.985504
34.329014,-0.754383,76.469299
28.501326,-1.812973,21.152134
18.617668,13.626552,21.245087
13.453535,-49.421490,52.543045
-57.016537,7.747109,88.199471
-13.145823,-4.343206,17.379080
-48.130829,-35.153473,86.246140
15.378592,8.793904,11.575822
30.457867,-22.315992,41.166145
-45.133270,11.629433,68.781349
24.577965,5.100142,40.952293
-18.605919,-16.344379,88.199905
-19.707830,-18.915155,88.199890
49.616684,-14.876276,72.759995
8.694151,4.672831,63.057896
-42.353954,34.864227,80.238182
-54.988842,-10.005226,73.496735
-10.907825,-14.252644,19.114841
-27.481808,-46.224541,76.847168
-54.069321,18.356821,83.074951
-46.982986,-28.856936,77.406792
7.573325,-25.854275,80.450676
5.461102,-25.289850,78.153458
25.407761,-47.366333,59.107086
23.787249,-48.182003,60.011883
5.203937,-42.792713,88.200302
33.301208,-35.308838,42.242947
10.279921,10.852327,26.573351
-18.695383,12.441944,36.209686
-17.804689,13.344569,38.641964
-16.921925,13.822718,36.717258
-22.893824,6.423226,34.908978
-11.420475,-2.332239,4.416847
12.900874,-29.415575,31.394960
-37.639877,11.490455,55.459370
-24.619614,-7.439867,85.568886
-23.241241,-3.550366,82.924965
-55.696400,-29.137867,86.414726
29.379377,-29.173943,68.751381
30.590734,-27.565001,70.386642
20.325346,-33.819759,26.936935
-16.655514,-27.153845,36.802460
-18.414656,-25.497171,37.610401
-54.179150,-2.102891,73.808281
19.000210,-40.276535,34.082058
-1.493922,-4.655964,64.578064
-2.940944,9.456524,10.221457
-26.661648,-4.902753,37.603306
-16.090853,22.711260,32.849880
-16.674406,23.519630,35.653419
23.103718,31.208946,82.704025
45.433765,0.455137,54.742523
-42.470127,-44.736713,88.199348
-48.679169,25.425608,83.778069
-48.484489,26.894196,86.005920
-26.651894,-5.722439,40.135654
-26.264038,-3.207625,39.515465
-6.002859,-22.089804,88.200027
-4.669311,-19.705521,88.199966
-15.506663,-8.229756,21.421436
41.471962,14.380190,74.173668
-30.090618,15.535956,42.555065
-30.901316,13.269865,42.127373
41.436951,-35.311279,65.274612
-0.186659,37.605453,83.369987
34.911686,17.017139,50.806381
1.742949,-25.362146,11.320812
2.010356,36.285500,82.719887
-10.920160,-41.387764,43.325645
-12.819544,30.035822,53.746582
-40.953358,-31.832121,60.360416
3.393650,35.623287,81.243851
-50.496429,-32.197174,88.198479
-52.030769,-33.603416,88.199806
-49.604885,-34.412140,88.197571
-51.083542,8.717541,84.218300
-51.130253,6.138976,83.639084
-44.680767,30.649443,70.286423
-23.547064,-51.550201,75.136429
-5.219826,19.385174,47.278381
-7.177439,18.960724,47.789642
20.759743,2.870052,30.548822
-17.801756,3.452146,88.199600
-37.132183,-9.269630,39.071655
-30.419142,-38.316101,57.426510
-17.862522,11.713863,28.192892
-50.808281,-1.931904,78.430428
3.763194,-29.973478,71.652550
-5.001808,2.036491,5.982449
-3.458896,4.313750,5.008438
8.927057,8.336061,43.074806
35.702637,-3.501072,82.379974
11.378182,1.567487,10.940156
-4.057614,-5.698213,82.096817
20.819065,-40.805229,35.960430
23.424450,-39.594585,36.379669
-31.249290,36.658051,78.819298
22.543909,-23.890491,32.422615
1.247290,-38.551979,56.081585
-22.819611,-34.928463,49.579052
-51.171032,16.992544,86.533821
-55.990475,-16.419868,88.200058
-18.036348,-40.299450,66.442307
-34.392883,-49.867298,88.198273
4.084379,-4.989130,6.047521
3.879818,-6.813175,6.797138
-5.615802,4.294873,44.686493
-6.294561,2.673312,46.198154
1.866540,17.396727,88.199585
2.875971,18.793242,86.104805
4.077767,19.323170,88.199600
31.464611,3.374689,64.337738
-3.382386,30.834019,58.170238
-8.502953,-26.413454,59.926468
-19.906811,11.570923,38.407524
-20.690931,10.307231,35.829685
26.726301,6.645813,62.053528
-11.007813,-32.815933,40.881172
25.872040,-33.326187,57.555092
24.863518,-34.194920,60.215828
-38.925224,-0.517450,53.617546
-38.667580,-45.752533,84.199997
-37.609474,33.928360,74.388847
-44.717007,34.136005,85.716164
-45.216766,32.633156,88.198334
-35.523922,39.276474,76.239922
-36.707745,39.956200,78.292099
-10.849934,16.858681,13.915840
-37.241856,14.352152,45.784813
-25.709743,-14.792446,86.621933
-21.558479,-25.684023,67.076553
-1.364539,-20.001549,70.879410
-14.149252,31.033287,58.165760
-7.716337,-27.969444,59.891323
-17.767675,31.694262,61.296738
-24.819878,-19.837179,76.317871
-39.699936,-11.672575,55.918522
-38.613960,-11.257391,54.180702
-15.906213,-43.075138,58.912388
40.471256,-4.314271,40.207027
-46.624104,30.453056,88.198074
14.573885,-44.733746,88.200302
17.231592,-44.307770,88.200371
-6.752451,-36.228741,26.049122
18.700594,25.379698,88.199585
21.705921,24.807011,88.199615
-32.278332,0.374343,38.246841
-47.309669,25.683382,78.714890
35.585533,-34.316475,88.200294
-14.301375,15.079486,30.681398
5.507193,-30.296520,73.186005
-9.128799,-39.016819,88.200211
-35.470684,19.829662,56.905617
-4.706023,-14.638797,14.327873
-31.116346,-23.783792,40.859497
-11.391335,32.670795,65.162010
-9.451819,33.037895,66.944283
7.626662,21.498573,77.641869
-2.370183,-12.660915,72.448418
-15.187597,-40.179169,84.861183
-14.263282,8.285580,88.199753
-0.927350,26.461273,26.831154
-50.423740,-30.816370,86.429153
-49.251534,-32.899834,86.009712
-15.350759,11.131758,72.890717
-14.141590,13.528043,73.738609
-24.416658,35.951000,76.197769
25.059704,5.981596,56.869549
-35.717716,2.657035,47.087025
-18.020935,22.511318,34.400810
1.052754,34.711292,69.153679
-27.732809,-38.151226,56.383446
-28.225691,-39.719486,58.139191
-8.994685,28.624523,47.388519
4.735224,-25.715845,22.180025
-47.971851,28.027767,88.197479
-47.491463,29.232067,85.923477
-26.403917,38.889843,84.525406
-23.333447,38.765984,83.636536
-18.413912,8.444190,57.459618
11.226935,-50.483883,59.081100
12.885938,-50.117455,56.840969
-17.805475,35.738525,60.877426
-11.093676,9.740879,23.057503
44.310879,-24.824558,84.586861
44.716228,-22.493370,85.934677
-11.347394,37.167694,78.628624
-19.927937,24.156349,27.953461
-25.563093,40.486759,77.561249
-3.060889,-35.279541,57.541904
35.393505,-19.819811,54.805763
-11.650064,34.565762,71.643890
-23.720942,-4.760310,80.990456
-24.160404,-4.351618,72.474503
-22.512156,-2.139816,72.460968
11.070565,9.133384,18.906038
11.735732,9.490307,21.576803
20.853687,6.944188,57.710968
-32.741001,35.997322,77.464836
46.954353,-25.145622,73.672974
39.394932,-25.677076,88.200218
-51.335243,20.107124,75.158699
1.568955,27.858809,88.199532
-0.965094,26.435843,88.199532
1.808965,25.209265,88.199547
-2.031049,0.609592,0.185915
-30.666300,-28.505108,54.537811
-1.759126,-16.257685,72.331421
-22.145683,8.716941,18.334856
6.527146,-17.663103,15.333021
-38.004993,-9.837737,52.755489
-37.423218,-1.263902,50.466442
-37.159431,-3.795221,49.874886
-0.444293,13.037945,29.115822
-45.351379,21.967197,72.131958
-44.475719,24.636776,71.636391
-45.803455,23.809263,73.830338
1.220520,16.728687,85.887024
-36.129688,-20.041401,54.219574
13.817890,32.295311,85.976288
15.965780,32.117390,86.608734
5.820192,-26.278223,88.200104
5.831004,-28.896215,88.200081
-56.416733,12.635716,88.199432
9.697563,-27.280993,26.136751
-51.053005,11.336536,84.704277
-47.892643,27.987494,84.002747
-19.063673,1.115276,12.472046
-35.775528,-16.284607,40.977753
-14.158962,8.174978,8.189910
32.474865,-41.377510,52.607304
33.405987,2.322196,74.040619
28.865437,-23.458359,39.649780
24.021530,6.528213,49.666306
-28.189814,15.616693,39.090370
-28.544561,16.813789,40.974586
-29.477139,14.451273,40.367088
-19.224802,5.882936,80.715591
-20.474998,1.909964,60.462948
-26.721973,23.624937,35.955914
1.013551,19.672590,16.783550
15.875832,-50.072945,78.342865
-15.183411,12.228887,75.738556
-12.332030,1.845972,88.199692
-10.184340,2.232143,88.199730
-12.045905,4.285550,88.199730
7.278709,32.954205,68.760101
-5.977807,25.112423,35.254124
-4.420186,24.550360,33.523228
-8.234663,0.794945,47.262264
-9.217463,11.460328,88.199661
-7.546895,9.741209,88.199677
46.242191,-2.280331,54.905861
-7.207058,11.614880,31.739828
-47.156723,-2.304134,68.227074
-45.738415,-0.800227,65.769928
-3.223814,-6.918905,79.608192
-6.398051,-9.505572,58.195461
1.630836,-5.827027,6.036711
-18.270885,7.549554,79.392921
-16.842859,10.252647,79.226364
-25.457998,-6.616585,52.000916
29.841595,27.968229,82.121567
14.809511,-9.041999,15.142045
-15.233704,-16.758190,24.224140
-13.441462,-18.052937,23.180044
-12.922198,-13.908499,20.777369
-10.671315,17.791405,64.808655
-9.456264,18.987276,67.131737
-35.489826,36.198174,78.469498
18.991194,-45.975605,43.747410
-52.705513,-24.092760,86.190948
-17.509300,6.524119,72.677574
-20.736174,7.944160,29.484016
-19.553303,9.721540,28.964928
27.344984,29.478519,81.639374
45.788063,-16.402786,49.740868
-28.675806,-1.403056,32.330929
13.042284,-30.979498,78.112526
-8.356444,19.090279,52.601467
22.958055,28.845181,88.199585
21.693918,-6.706545,11.579718
-2.612018,34.097195,54.657547
-30.717480,-52.277195,79.436691
44.870434,9.607578,80.123489
-39.448189,3.483707,45.715317
7.820788,-51.017757,63.620369
45.307354,-1.275049,52.857327
2.519396,21.878939,41.161415
2.755440,24.225977,40.817715
-50.579258,27.682489,88.199303
10.968713,32.289791,69.257401
-52.380154,3.059386,71.236198
5.409976,3.599280,1.332252
-10.494317,-40.876163,88.200180
-11.814034,-16.743093,21.081049
8.542716,32.520988,67.685379
24.002825,-31.964539,44.774742
-13.106125,6.370620,6.445591
-4.989630,34.220139,73.934418
-17.187819,31.192991,59.219013
-22.164354,-14.646955,39.088741
-22.058758,-12.399586,41.207253
-16.591717,7.649294,66.573776
-44.676819,-29.085136,72.231766
-3.706851,14.263013,88.199615
16.981112,17.076366,72.100388
-17.004005,10.152436,58.751102
-23.461752,-47.215614,80.784241
13.062491,-43.053024,88.200287
5.650454,-16.074949,13.852591
9.953027,0.146666,9.289347
-8.121802,-41.162209,88.200195
-44.848724,17.671379,69.820030
27.268215,29.426640,79.004990
-48.525948,0.383882,72.808731
12.721435,9.747519,30.704527
-22.905207,37.885666,80.954269
-43.100803,-36.286533,78.854591
-0.663842,-22.658300,70.589005
-26.695744,39.220718,86.470032
-20.578840,-32.998508,62.200092
2.646869,1.506780,66.219986
2.738490,2.431586,67.765694
-22.351162,36.819996,78.156593
-45.975365,19.893635,72.773308
29.317122,-24.558041,41.649288
-19.076578,-0.346037,38.150299
-51.226959,30.576900,88.199234
37.143162,-12.390931,65.193443
-17.178272,33.632816,50.363129
-38.322144,6.881013,54.525894
27.597498,-31.687143,57.424793
26.693884,18.192507,78.839783
-29.625134,9.213885,28.410976
-54.298107,1.308851,75.991905
5.988281,-19.724119,16.724049
10.871840,-10.696273,12.801498
9.943789,-31.142815,88.200218
11.414855,-32.709332,88.200180
-21.439461,-0.243904,74.975105
-46.305965,-22.130667,68.788994
-27.696228,10.699448,34.232254
-28.525074,11.309745,36.112232
-4.266136,35.354996,78.190224
-2.683217,-28.948009,27.005587
1.147475,-8.408371,0.913087
-35.968662,-9.400293,48.290001
-36.325722,-6.138223,48.196404
-9.027094,20.055786,80.783234
-39.815056,16.942806,61.748909
28.063080,-11.264818,19.717327
25.814789,6.045576,59.100830
29.824312,-22.215576,86.192093
-29.006269,9.115874,35.607086
31.776964,-37.517643,43.124126
-43.830566,16.923403,67.779709
35.250397,-14.170527,79.222588
2.966752,-47.134548,45.661072
-36.086544,37.337051,81.193375
-33.206451,-26.052950,54.562279
-34.856236,-26.846264,56.422920
-22.479155,8.497326,47.829659
-23.365362,-22.429697,80.450806
-39.557240,24.398088,59.191936
-37.212067,-5.811438,50.225849
22.579651,-46.511303,48.925507
-51.456879,-2.147943,80.571808
-56.071476,10.866157,86.633652
12.861825,-13.360276,15.850162
-55.768059,-4.758595,77.721344
19.480675,-37.185440,67.357880
-0.407959,37.158630,86.397491
-38.166500,-2.875850,51.994110
-2.405110,-5.786590,74.611961
3.659500,29.021729,88.199585
4.436923,30.880083,88.201149
-46.601421,27.990528,78.559242
-47.903084,2.683852,62.093166
-15.533710,28.649273,49.419724
-36.624161,42.415627,88.199173
-24.048174,-20.600086,67.645950
-25.702175,-6.338417,49.054722
16.560305,6.595739,27.744194
-43.719250,12.732698,66.416580
28.787292,28.071920,73.762215
-42.347652,-8.061509,59.064098
-42.536163,-10.505083,59.576702
-40.916897,-9.867936,57.260048
-44.100842,-8.668190,61.616165
-15.451537,12.416428,78.354210
-35.314869,-4.690768,45.289101
-1.821831,-13.375912,76.415451
49.370838,-2.602036,74.845306
-1.967463,-22.099649,68.871353
-3.247336,-36.476303,88.200119
-5.315479,-37.299194,88.200150
17.265270,31.781296,88.199585
1.235498,-20.145067,77.206482
-46.472836,-39.998417,79.418266
-46.484016,6.426357,70.137749
-25.326815,11.467361,30.604677
-24.487637,14.047040,31.086708
-33.213745,27.448605,60.945236
24.523182,5.381620,19.790123
3.221553,33.477005,65.274300
-30.021749,1.084911,34.152210
-36.518753,-17.262943,53.310074
-25.799911,9.376711,30.199398
25.987799,-35.900391,88.200302
2.993823,10.016660,4.363208
-45.536823,-8.341612,63.822140
-46.375137,-6.123393,65.509865
-46.777618,-9.207254,65.852402
-21.182396,-17.390688,88.199883
-23.799564,26.709991,37.785564
-36.461697,-32.847942,61.573868
-25.770403,-1.827611,34.575657
-25.274206,0.232977,35.970055
-37.825306,21.637844,61.322750
7.663218,-41.258678,31.319923
-19.496378,3.243957,13.145944
8.707696,13.866981,12.073143
-26.882828,-4.201757,34.589287
-26.005407,-2.264383,36.937820
28.615379,9.744174,69.320641
-16.040859,-38.236774,86.332970
5.034907,30.878649,47.710579
-20.492273,-12.532110,45.817600
24.139318,21.049074,79.222282
6.688528,22.146269,86.444557
-4.461405,-37.097107,26.356337
10.417091,-42.424915,88.200333
20.795795,-5.179176,22.089245
11.368602,-51.193756,64.788528
10.038619,-50.865803,61.800785
-54.979343,-3.399586,75.677345
-52.473000,-35.134529,84.204292
-1.489560,5.957658,81.178101
-47.020748,-11.562454,66.267166
-6.457638,30.483755,54.778854
-35.323456,-47.491013,73.938553
-9.510634,19.565859,83.714294
1.050150,-20.005289,6.945167
-28.565109,34.244995,71.857338
-27.393045,33.750122,69.996429
25.180521,-23.910631,22.102070
-25.538403,-31.015343,44.636082
-47.596745,27.236954,81.104691
-25.671555,-8.372937,88.198738
18.622828,21.216896,38.668316
-46.611774,2.438404,59.823608
-15.139117,-7.139513,88.199837
-16.075974,-9.685658,88.199837
-13.137448,-9.110901,88.199875
33.546658,-39.330406,84.166252
-44.335979,-18.930340,64.085281
-11.766900,-11.411093,88.199936
-17.253416,38.481018,82.152321
-10.250555,18.588865,74.208618
-38.673206,-2.148684,42.294472
4.864639,20.793066,86.206322
-8.522694,6.293653,41.318150
42.325665,1.705267,47.827053
-36.551556,0.882442,48.708786
-25.126450,26.642479,50.720173
-24.034559,27.818336,52.240902
39.303493,12.528767,88.199883
2.211667,3.025376,69.769119
-16.082609,10.416735,75.155426
-51.781567,26.087488,79.392555
-50.621067,-41.043949,88.199982
-51.743263,2.144255,84.173340
-51.271751,4.053063,83.336418
-23.788733,6.341253,47.012695
-27.991297,-44.527798,68.329575
-30.348232,16.882927,44.386402
5.529106,32.729031,64.146645
-55.416443,-2.205795,77.912415
19.099052,-32.928135,88.200226
-7.344500,-43.300991,88.200226
-5.766985,-41.689571,88.200218
-9.194424,-38.626377,32.366222
-47.597446,-7.630673,67.550728
-47.677357,-5.050336,68.376740
-26.975008,10.625795,25.260731
-24.530613,2.366871,50.344849
28.402620,-29.107248,77.030792
-11.661710,-28.918736,53.712952
-14.300604,-15.547412,22.749269
-28.005775,-11.279765,40.515045
10.942060,31.871695,66.316978
32.690315,-14.184366,41.038811
6.420149,30.704176,49.892735
-0.035443,15.531717,88.199570
-17.644354,9.224446,81.588516
-18.485390,7.732285,83.919991
-22.485321,7.810129,36.352215
-12.274636,-26.451921,29.710278
43.042320,-18.140053,88.200188
6.680620,30.620577,88.200035
-23.245043,26.450430,48.430435
3.355580,14.918039,78.389870
-12.620302,15.947716,28.980291
26.945318,-41.823456,86.946709
-40.284557,-49.034168,88.200188
32.550411,-17.136583,41.589550
20.325912,-10.240658,10.657125
15.205781,-49.971596,57.168800
14.473008,-49.751892,55.076859
-24.529799,-7.293407,22.043804
-21.710831,0.067693,79.951485
-22.255451,-0.959966,82.790108
-16.988577,-40.493374,55.465527
-41.784519,-5.143309,58.160973
-10.262908,9.636079,34.724754
-21.457180,-15.101341,88.199829
9.560540,10.869349,23.431786
-31.610607,-46.021080,77.628647
-25.985188,-1.828751,43.311958
-26.041292,-1.797821,41.435654
-26.246540,-3.914214,42.444527
-13.890390,15.639706,40.101170
0.086052,-18.327578,76.532501
-40.774200,-41.731064,72.440628
-9.250665,32.336483,63.969604
-44.369591,-16.559361,63.314022
-44.245903,-13.842424,62.452248
-36.012547,32.291946,69.996872
-33.267685,-0.398956,40.260242
33.325619,-32.443768,38.471916
32.238415,10.985008,85.624275
-36.814732,-10.699638,50.759438
-40.119003,-31.433262,65.588882
30.245731,-27.487253,29.930565
31.516399,-26.326363,30.409695
-8.098491,30.240149,53.797310
-6.557226,30.013197,52.617783
20.152380,-41.444675,88.200302
-21.570679,-13.198031,43.546944
15.775048,26.182299,88.199608
30.298721,27.557699,84.283943
7.887301,9.460584,15.796872
-24.865957,-48.777184,68.204056
-45.481712,-10.778619,63.773697
4.308742,-0.193830,0.302658
-21.322784,-10.190859,33.389133
-20.783827,-8.585585,31.260233
45.102757,-7.945785,88.200104
47.102249,-9.744822,88.200150
-21.133053,-15.405923,44.849209
-34.493443,-49.998013,77.791039
-33.438637,-51.458488,79.686554
-46.555454,9.333316,62.341202
49.275852,-17.340794,72.091751
-9.615652,17.108173,37.923923
-18.609436,30.172142,55.678078
14.402570,-50.946140,64.679054
-23.499907,-7.793818,88.199707
-21.659874,-9.068719,88.199844
-44.557453,33.351540,81.244545
-20.979937,-0.407475,66.537491
11.620056,-12.481357,14.418441
-30.268879,8.641621,37.663784
-19.068920,-10.753082,26.964617
26.086082,-19.679081,33.066612
-24.765760,-17.700768,60.466057
-24.978218,-16.256016,58.047722
26.105133,5.352412,45.093933
-16.184296,10.807779,76.931297
-4.779580,-35.680065,24.228323
-55.150311,4.386215,88.199509
-54.981167,7.315847,88.199493
-37.352631,32.709419,71.738426
-15.141877,-28.719324,37.125874
26.219486,-25.455147,24.217140
28.243828,-24.421085,25.501186
-16.654797,32.522263,45.770454
-21.364540,39.083977,84.616943
-52.944481,-9.915873,81.149902
49.463169,-4.138834,78.132774
-10.383052,32.326973,41.723076
15.811739,-29.895838,80.923012
-25.409214,25.402643,48.583969
-34.383793,-21.300554,44.457268
23.549786,-33.611641,73.149048
-16.225334,-20.605587,88.199966
-37.842888,-27.438776,59.880157
-23.348167,12.951862,28.280445
-12.149737,16.383804,61.959007
-4.315421,19.285357,15.608949
-14.423596,-12.067338,88.199844
7.180982,-38.569530,46.306309
-14.714606,2.912450,88.199684
-13.671801,0.096043,88.199722
-3.331558,22.720980,65.497238
-23.531267,-3.824719,62.401588
-46.497639,-3.464391,66.416397
-49.032681,-39.077888,88.200623
-26.084145,-33.658607,50.450710
-4.638711,-13.874888,86.901085
-13.302573,3.439466,5.859812
-28.622301,-3.378564,32.851784
-21.777800,-15.694828,36.489441
-14.354227,-14.715394,88.199913
32.371792,-43.933563,64.218475
42.806934,-23.862976,88.200218
42.161385,-19.428059,42.237568
-11.349473,32.155708,62.967487
-15.291259,13.816377,56.417542
-45.941597,17.632534,72.067596
-25.292894,-7.645319,77.527893
-24.646816,-5.443337,75.270660
-1.488506,-25.869169,88.200073
-4.454886,-24.513828,88.200027
-3.714725,-27.846687,88.200073
-15.145400,-2.817538,88.199730
14.947744,-25.956728,88.200089
38.976822,-4.766469,88.199997
18.756046,-31.737736,78.799347
10.315034,-31.874020,19.130714
-38.351879,9.379755,55.752083
34.589733,-23.168520,61.005863
-15.447796,-24.738964,88.200027
-41.051388,-12.189392,57.899208
-9.890112,31.749474,61.094418
-7.138085,31.868950,62.230873
-13.242778,34.026089,69.874275
-25.564852,20.010010,40.023361
-26.934286,17.728804,39.205368
-46.149422,4.403098,68.635330
-1.146945,-28.911924,88.200073
0.962417,-30.381124,88.200119
2.331943,12.634513,23.621075
-1.884977,31.632092,86.462158
-54.629238,-0.858885,75.878593
33.222286,-17.617609,43.574310
-21.924946,3.515452,17.087223
15.656116,29.485062,88.199539
14.497159,31.934097,88.199539
33.071327,-40.731701,82.239960
-41.999985,-37.890442,78.847305
28.941647,-28.431698,47.710949
-20.066689,29.720037,54.729973
28.697870,-29.543341,50.233570
27.347063,-30.482288,48.401836
27.177031,-31.403294,50.936394
15.134599,-30.772156,88.200226
-29.104578,38.967941,85.643425
4.146157,11.894444,35.642593
-13.382253,-6.209144,6.988044
-40.317509,11.117754,60.155037
8.661316,-23.497360,10.435705
-56.726379,10.084843,88.199432
-54.162964,9.575099,88.199455
-4.751531,30.244480,53.690037
-2.198546,15.713933,88.199585
-50.044155,-0.620520,76.721283
-49.516666,-1.665051,74.547203
-49.346130,0.485514,75.187889
36.066402,-6.974383,83.487289
30.236258,-28.254330,88.200211
32.848091,-27.138947,88.200226
18.105715,-21.185726,13.887180
25.084349,8.180089,63.593475
-13.851605,-27.260775,88.200005
2.339047,-38.974388,27.640047
-43.913460,-11.282316,61.562233
10.301063,8.498379,16.404301
29.206196,10.672051,72.076294
-15.963297,27.818232,47.030876
-7.522964,9.631848,4.666710
-15.932402,14.150276,32.083546
-25.088833,3.275770,43.325668
18.155151,-30.447258,80.686676
-26.289858,34.320850,71.673286
-26.523441,35.043373,73.962166
-49.816242,-26.816988,80.925552
-47.889935,11.439306,75.356041
-30.969418,7.436933,29.796658
23.299936,-32.546589,76.005722
-12.581839,31.716473,61.043568
-14.403223,-5.236575,88.199814
13.764348,-49.337894,81.466370
-25.764168,-0.462204,39.153927
-25.122009,1.923679,38.129684
-18.350931,-41.282070,57.546879
16.921362,16.640383,23.934860
-37.728165,8.843847,54.227829
-38.219746,36.186134,79.413902
-41.410107,-29.079594,65.686943
41.914623,-7.471426,41.637474
-48.727585,17.588177,79.442017
4.203654,32.230820,53.771255
15.491445,-34.552761,88.200226
-29.849466,-44.524830,70.313538
-24.002899,-10.066576,88.199936
46.206928,-14.605242,88.200195
6.549581,-45.505791,88.200340
-25.236572,-16.719038,79.732506
6.525021,31.092030,52.198227
-13.755665,14.052235,63.795288
21.956476,-25.103979,88.200119
-23.776081,-20.719116,83.301994
8.165778,8.744168,69.419273
-17.659021,29.078856,36.726604
-27.875628,8.366525,33.209103
-25.130095,-15.316239,81.617920
-6.597366,-39.045757,88.200157
-15.853153,27.009327,44.656624
-25.231825,2.364886,40.406033
-3.703655,-21.771231,88.200043
9.302540,-26.915051,80.857834
-46.566048,14.266979,64.470016
23.651123,26.610289,88.199631
-28.417749,38.310284,82.758644
3.971778,26.765984,88.199463
29.130936,-25.591881,27.256912
-10.585127,-30.251808,34.274292
-19.912495,38.616077,82.743263
-15.857443,9.361717,10.492847
44.203129,-10.493096,88.200066
-51.476536,-8.331843,76.822884
7.854893,-43.433475,88.200348
20.308090,-25.767876,32.295280
42.172382,-8.374596,88.200089
41.211399,-11.270141,88.200119
2.352445,17.732227,83.635696
-15.821331,-44.052078,79.748375
31.914425,-33.227055,37.464493
21.764277,-33.030006,88.200272
1.438771,-36.488762,88.200157
3.887892,-36.364315,88.200188
3.451156,-33.862946,88.200157
35.235748,-34.362457,44.314850
-17.105030,28.234045,34.105186
-12.566155,36.232418,64.043785
-24.620800,-19.083187,65.443016
-37.703140,-20.817501,56.572350
-37.863148,-18.203644,55.634758
43.778816,-10.084541,44.685513
-20.609442,-11.393439,30.706690
-24.178352,-2.428694,55.899643
-32.270172,-12.996677,32.001694
-19.139505,-23.018993,21.744408
27.157984,-27.587330,88.200195
24.572742,-26.487240,88.200157
24.836935,-28.979153,88.200195
-22.844261,8.407682,45.154568
-21.526060,10.151070,46.171745
43.581493,-30.684906,59.991489
44.678253,-28.613894,59.792080
2.669888,-31.763330,88.200119
-26.587168,23.802568,47.242996
-26.565929,10.176311,31.944056
5.711277,-37.724239,88.200195
6.086517,-35.394123,88.200165
41.474762,1.488506,45.889324
-20.551033,-27.960569,70.149010
-14.823086,22.400826,30.775669
-12.660815,22.917517,30.495699
-54.868229,-31.252407,86.045235
-12.401252,1.040042,4.921994
-25.674694,-13.858395,79.625977
-44.438454,-0.920135,63.216740
-7.936583,20.710823,75.649429
-21.754633,-27.577299,88.198586
23.992180,9.312016,64.872162
-34.870907,-51.729950,81.670761
27.216644,-29.726652,46.183109
2.970526,24.638624,56.392067
37.113758,-10.239651,63.610893
-24.458092,-19.629053,85.937431
-6.547252,-27.063894,88.200005
-7.721042,-24.360052,88.199997
5.684870,28.777092,88.199615
-51.608818,-0.156676,82.417007
-39.491596,-19.339783,58.144127
-12.256207,-23.147923,56.524181
39.908096,-10.017897,37.154369
-17.625029,-7.489841,88.199799
-19.899887,-7.608138,88.199799
-29.630892,10.619573,37.677349
43.212807,-6.131270,88.200058
-19.127972,10.194944,26.792944
40.541756,-6.387520,88.200012
-6.544878,18.347567,42.927368
38.050655,-39.308174,69.835152
12.540027,-30.728434,88.200180
-1.235977,21.847115,57.491108
1.081585,22.593338,56.356411
-16.384834,7.335238,88.199348
-13.679690,37.241936,78.568413
-21.203262,10.635010,44.069908
23.092150,-35.559620,88.200218
-57.862106,-1.689467,88.199554
8.602159,-29.268614,88.200195
7.324186,-31.412233,88.200165
-11.463151,-26.127680,88.200012
-10.209496,-24.166065,88.200043
-29.794830,-28.045832,46.279495
-25.068932,-17.539598,63.244129
-12.692294,-2.069131,88.199814
-42.620693,-13.189863,60.168690
-17.011801,-11.933428,88.199783
-19.014383,-10.257210,88.199768
34.579048,-25.591969,33.684906
-22.829176,1.850019,18.535955
34.172112,-19.964384,79.669014
-7.358023,8.921102,12.946635
-45.401199,31.396568,79.663254
9.946965,-39.194424,88.200287
-24.864431,-16.514393,56.032890
-18.046476,-50.178715,88.200134
-42.710369,-19.001646,61.976086
43.231476,6.590549,88.199913
-50.260429,8.078716,81.434570
3.550467,18.992243,81.939323
32.433170,-42.272842,55.235764
-46.321556,-0.512515,58.557533
3.303317,-38.469200,88.200241
18.172644,-34.679344,26.437712
16.840988,-49.917206,58.706718
17.345615,-46.954288,45.171909
-39.024231,19.559914,54.153580
34.363914,8.268984,38.645336
35.682892,-40.089588,57.881351
-50.708130,0.518785,79.560997
27.712481,-30.038197,88.200264
7.846117,-36.994640,88.200233
19.466461,-32.429226,24.777067
-49.730598,1.563284,76.923866
41.847794,-0.669035,88.200012
-46.251934,-23.792105,69.966438
3.280710,-29.581577,88.200089
-47.514885,5.656551,72.403625
-9.408923,18.019375,46.168358
-37.416817,-40.944710,74.221230
-23.616367,19.281931,35.818844
20.627016,-35.268757,88.200226
-35.642918,-11.918728,48.701836
-20.805504,-27.373478,68.288834
-21.680204,-25.548326,69.765327
-14.183702,10.786448,9.831582
4.170339,-50.707123,76.799026
8.101061,23.603575,85.267288
0.986550,21.738554,53.292870
-9.282346,-26.607569,88.199966
-10.973194,31.209938,58.602036
-20.800537,37.614616,79.984940
-16.355846,4.985888,88.199554
-14.077672,5.834439,88.199776
-7.671974,-47.673943,83.913925
-16.433006,-14.261811,88.199852
47.922134,-3.985808,59.996506
16.476954,-32.944244,88.200165
13.859040,-33.186794,88.200195
44.922695,-28.063122,78.067520
21.604269,-31.011099,24.950731
-19.310829,-13.233913,88.199814
-8.724730,-29.292906,88.200089
30.378933,-25.747967,28.703232
34.829823,-25.834894,88.200218
36.606438,12.781592,88.199806
39.529400,-8.752464,88.200073
37.960373,-6.904392,88.200058
36.006447,-4.951577,83.523758
42.480259,-33.102753,61.720306
-42.138008,-50.166801,88.200111
-8.871487,-21.877556,88.199989
12.695530,-40.598835,88.200317
37.323570,-8.854431,88.200058
43.919434,6.679757,57.363251
-40.868084,-20.536757,60.284309
-41.784016,-21.777958,61.932377
35.905220,-2.667354,84.269531
-48.666107,-29.064741,70.855019
14.855881,-2.121238,5.334673
32.833000,-26.109640,31.838846
-22.096670,-11.896515,88.199837
-47.037991,4.268820,70.661888
-30.665062,38.506798,83.644150
43.652313,-12.856802,88.200142
17.938004,27.636780,88.199570
-10.870574,35.887585,62.926468
-45.048344,14.804894,62.284195
-14.241922,16.031847,48.397491
0.176936,22.959980,58.858810
-11.589154,16.870028,67.581314
-1.053006,-35.418133,88.200157
-1.043250,-37.942955,88.200195
-18.684507,7.207130,81.676453
-12.347041,15.948807,65.027916
-21.098782,21.809269,36.664356
19.834400,-38.998074,88.200256
41.711155,-25.988844,88.200256
33.967640,-24.363115,32.026527
-21.214500,0.646725,77.365326
21.557581,-37.492641,88.200294
6.078226,-33.148678,88.200211
4.694271,-31.286125,88.200157
-12.296233,16.140890,31.507166
-38.930962,-21.960539,58.538734
-46.327648,26.663544,76.699646
45.869305,-26.847967,61.193214
-39.353195,19.327198,62.126560
42.042946,-11.908836,54.817268
-22.380617,29.177608,48.530434
-15.152772,-17.665476,67.489334
-45.546013,8.640264,64.461586
-22.174129,19.757557,29.168610
-36.297173,8.342949,45.398861
11.804807,15.495313,27.192438
-44.347588,-38.694199,78.979523
37.376148,6.572371,62.733521
28.424273,23.962454,81.656715
-19.690361,31.678989,52.607162
12.375292,-10.543229,8.851739
34.695370,16.428555,83.179237
12.742711,16.353615,24.491560
35.905369,-25.234152,45.221794
-53.192829,10.252958,83.854630
-12.595582,-37.018024,85.171059
23.879915,20.029943,64.696167
-9.795828,31.379112,47.928318
32.637154,-34.479496,56.413387
-2.872121,-38.650593,75.613663
35.336021,-6.663038,38.281181
-6.702984,10.681317,8.747736
-5.065573,32.490097,52.941666
16.336105,-40.306332,80.222961
-6.346539,6.332142,64.087532
-8.949033,13.592126,36.691414
-49.957218,9.095411,73.857620
-5.607134,12.200898,69.068069
-52.714050,7.810342,82.357246
-16.261808,3.163760,84.283669
-15.647728,-33.264305,57.344719
-6.914607,-17.114634,12.331182
11.494481,-42.475586,82.520332
20.401880,-33.746330,83.876648
-9.862989,9.973426,48.051018
28.823864,13.163506,55.462273
4.862440,14.091080,60.998619
43.319496,-10.427809,82.917694
19.326481,-32.289886,31.722879
-52.458710,11.616030,81.567917
36.233261,-29.137810,83.303642
-4.521690,15.481913,79.384827
-31.219009,13.060894,37.664330
-4.188107,20.402678,85.117386
-20.515621,32.176949,55.356461
5.680394,28.237034,77.460754
16.986977,-44.757275,60.366970
-20.950947,26.286846,39.395233
37.425884,-3.589285,45.035789
16.921354,27.712948,75.332275
-52.434700,-3.914213,74.854340
-4.326314,-41.257408,59.413662
-9.333151,6.067541,77.603218
-6.720189,-43.515785,61.635002
-52.067688,-5.898257,73.173035
30.282557,-34.488346,48.096157
8.967644,25.134569,52.512756
12.768193,-45.271278,63.619656
15.952538,23.198280,66.686256
-49.953476,1.996192,71.265068
27.986305,25.060230,84.909180
11.611646,28.121101,75.812462
2.219129,29.149817,84.607048
35.894794,-30.215570,55.147675
0.933281,16.945585,33.442894
-32.648434,26.740618,54.911690
20.368019,-24.946476,24.585911
-11.556570,-30.927166,65.783127
-10.666070,-43.383556,69.978477
9.630066,-43.895996,73.023300
38.882214,-26.345140,58.117138
-4.037671,-39.303535,67.891281
15.643843,19.372337,58.473297
-24.296749,-24.504036,41.312298
-53.078335,-27.540758,82.168922
-15.903273,-34.056450,50.367870
-25.557678,21.161079,36.345551
-55.066154,-4.536036,84.819031
-16.402115,-23.911448,82.146469
-1.744685,30.016647,44.154953
17.051861,-46.771790,63.821926
24.756613,13.474146,60.234371
31.619764,1.926891,37.701607
8.088755,-46.271652,76.921356
-25.260050,23.791956,39.359406
-12.867128,12.471331,47.219193
27.535023,-39.492893,59.298340
-47.728909,-29.970478,75.191269
32.055874,-33.728889,61.200859
0.761232,33.739231,77.458923
33.719398,-34.236301,71.622398
33.061047,-4.725021,35.137733
-12.378804,-0.623208,82.765121
-12.348716,-37.794743,61.041130
-32.456322,-48.424225,78.129333
31.651745,17.988331,73.894676
-13.518283,-46.453114,76.658127
15.546553,28.738670,84.876472
14.320249,-25.191463,20.033014
16.378773,-40.943497,42.717384
23.115181,12.282952,54.783356
-22.386610,-13.620474,85.267670
-49.953278,-36.674828,86.371872
-19.082552,-17.769403,56.683578
-26.970276,-48.544250,74.374550
30.728649,9.711668,50.635323
32.945671,-8.285732,33.203606
-6.359663,10.262089,56.165779
20.435812,27.664122,78.607262
-22.381941,-27.882521,42.436031
0.362749,-43.621868,59.014740
38.189751,-22.846096,83.158020
3.495412,-38.047459,74.595039
19.937370,10.656883,56.568275
8.971357,24.885008,69.378487
9.834904,-12.907101,7.859075
28.703426,-33.661400,43.626289
19.140266,-43.752384,54.014076
-30.431364,-48.229969,76.413239
38.923222,1.993289,84.756927
-17.093351,-0.975145,81.348030
-0.675458,-41.783566,45.962402
11.558664,-39.620880,38.630795
23.014954,-41.776257,51.639229
36.083225,10.993326,84.627800
14.650767,-40.323280,74.976547
-22.609707,-50.259335,81.700027
6.277177,26.853437,63.038704
14.041320,25.107033,71.459435
23.088081,-12.435415,19.729250
24.641714,-34.512383,39.501335
4.422534,30.041439,55.207161
-17.000742,-8.693276,80.560516
-2.357301,14.389405,61.404831
-18.686396,-1.973205,51.956482
-25.152445,-9.601690,29.845354
22.778305,-39.701397,80.623962
17.228996,5.872055,16.054066
29.605263,-9.932714,28.576691
37.545692,-29.471550,68.698303
-4.130161,-41.208691,51.545483
38.354958,-0.094500,51.723259
-17.089088,-22.102177,76.172783
23.435904,9.755345,34.753765
-28.525002,13.627192,32.735439
10.601075,-26.419863,19.177895
28.507402,-26.652357,34.596909
22.303373,6.013388,25.767269
29.657833,-38.049438,67.872078
43.181316,-10.145746,65.880455
-1.840534,34.351444,73.448029
14.805950,3.730726,11.388538
24.562860,-29.855909,33.541939
-19.334858,-13.748524,54.362545
34.257050,-29.433233,47.829494
7.227988,27.637634,55.581135
22.477734,9.247557,38.144691
-24.291183,-29.656967,51.120811
-13.874388,11.666388,33.860199
-21.760181,-27.733564,47.023766
-50.415836,-33.333797,83.612671
-24.341305,-32.824829,54.048237
41.460732,-2.266339,52.915096
-23.417065,-6.818709,30.305193
11.695564,-21.893837,15.624979
-10.547534,-6.246370,76.699646
-4.185399,15.223227,56.370159
-9.308333,-18.169165,76.363525
29.222902,-35.683067,58.593689
40.774445,-8.061676,69.802467
23.256029,-42.874844,56.288532
-41.602196,1.039918,54.517136
-8.341745,11.831293,63.906288
-11.680468,-40.673855,58.876995
-52.533405,0.002932,77.614883
20.402109,-33.746441,86.312347
-2.772143,-40.787971,55.465603
-10.472277,32.371006,55.212894
-21.718842,-0.836298,23.542269
13.681993,20.345346,52.106686
21.028694,-24.629562,27.414883
-18.301544,30.658709,49.240192
-17.217789,8.849577,37.206085
8.777533,-20.256599,13.014605
26.889740,14.532438,49.696407
-12.964159,11.093794,15.337831
11.354764,13.580780,20.542965
-0.354795,-34.791168,28.656427
-10.916595,15.488389,20.356600
35.455219,9.967582,57.982254
-17.006353,-6.753627,58.081787
24.530340,-39.203255,55.036674
28.723743,7.946646,39.787685
-8.386277,-31.597574,27.189161
3.333692,-44.279865,53.558140
27.908279,22.496578,86.011063
-27.548870,26.755249,47.988201
-6.349072,29.958784,41.835381
12.502326,-7.170225,7.636795
-48.240314,14.143475,71.863327
-5.971902,-26.828852,78.660156
-22.166340,-1.059399,43.424629
-15.957675,-2.901052,15.176273
16.418762,27.622353,78.543076
-12.798072,-1.001391,10.363533
-9.999756,-8.874560,10.210810
23.203568,-42.996788,77.055580
-12.159619,-29.500469,81.233833
35.348278,-22.168056,40.477100
27.711660,-37.433090,82.061096
-42.734287,1.868248,56.834530
28.576542,-22.388811,30.886021
19.352680,16.022905,49.203865
-14.761560,-35.011078,46.825756
-10.469934,-25.160074,20.490417
-15.335189,5.627418,49.411324
-25.886948,-25.536766,46.846199
-13.343707,10.692358,18.568110
30.912981,7.179498,46.910347
-19.466715,-26.707842,49.117126
14.354007,-43.213593,42.074772
-13.462511,-19.231945,18.783230
-37.884640,13.419111,51.769615
3.415536,9.033341,6.998739
-2.906124,9.919229,73.807648
-9.210677,0.252958,71.502159
16.151405,-8.624222,11.373181
-34.557426,6.337676,39.634941
41.690792,-19.688879,83.608505
-12.965549,30.865984,47.523758
6.954808,-28.199701,19.785223
-10.562140,-25.136551,71.810394
9.200333,29.138868,83.293755
-19.965508,-14.462814,23.627718
-33.847248,17.583149,46.978512
-21.914503,3.459665,24.291105
8.677313,20.757549,58.110863
12.604481,-42.290550,39.727310
-49.131126,27.426096,79.080109
-55.823093,-12.173494,86.543915
6.685029,28.018309,59.382492
-44.974422,36.337925,86.076363
-19.283152,6.179634,35.911366
-29.135254,-23.868673,47.256145
16.836094,23.539637,56.960800
-12.288454,-36.627472,50.432144
41.271080,-25.330734,67.674515
-0.088644,-36.749264,70.677124
-54.444786,-5.697639,81.958282
30.844484,10.153719,60.996613
-18.420795,-36.525017,58.245178
-5.179262,-17.391409,81.379730
-24.525282,-13.797760,29.875223
-21.037376,24.892307,36.985748
29.168970,-3.712018,29.670826
-40.666000,-21.179346,56.893154
-39.315674,5.929682,51.254616
-22.041874,-9.241986,49.173904
-39.055756,13.546740,54.875977
-26.470676,-25.090242,39.732368
6.575127,-18.071634,10.580960
-20.474138,4.071144,40.077576
-6.872637,-8.787140,77.042183
5.176131,19.907076,31.888107
-27.644644,-22.495176,42.779327
-11.837889,32.218750,52.348537
-48.298794,11.599453,70.050331
-48.429420,2.309690,66.818245
-24.761290,-16.470009,43.722298
-26.930136,-13.449835,34.619167
-6.161679,-33.372398,67.930260
-17.950394,-28.223169,56.094021
-9.405405,13.297050,67.683113
-53.585224,2.505674,81.948769
-7.870958,-39.646000,82.187309
-8.698196,11.697671,39.943634
-36.739220,-13.851194,47.546974
-32.662792,12.470182,40.454109
39.638641,-24.235874,76.881317
-48.791744,-38.669430,85.831161
15.670553,14.698202,54.190769
-40.401928,-6.341848,52.017513
-35.703674,-1.593615,40.358368
-48.894413,25.395504,76.812866
-43.879368,-16.588404,59.071785
-1.585442,-39.398521,63.909706
-52.361595,-19.563013,74.439880
-50.465157,-9.126130,68.889984
-41.679459,-4.059495,53.866505
-49.245926,-0.313933,67.840820
-44.202026,-21.037437,61.659294
-11.146971,13.118743,25.531847
-9.325918,-31.938433,74.473183
0.043743,22.437719,81.971825
-11.625720,-32.547382,60.730991
3.560534,24.753492,62.199078
29.899246,6.070381,43.595257
-21.534727,-2.432194,53.758854
-15.035129,28.590105,40.811966
15.510583,14.619324,33.424076
-21.231150,-19.854498,54.492680
-20.276403,-11.196971,59.270676
14.938259,11.807552,21.926622
6.841278,-44.254719,50.558121
-10.727858,9.899571,59.403423
-5.771069,-33.857555,28.970116
34.012573,-23.994667,42.848949
3.411162,23.847179,74.416473
-13.009210,-8.643228,57.656155
-50.619144,27.305603,85.003166
-36.019791,14.057281,47.963020
-46.283054,10.884855,66.652901
-17.826231,11.945750,21.203068
-18.808243,-9.316989,20.863522
-0.109962,20.014948,76.684509
-22.254423,-12.755320,48.871059
-37.513828,1.221088,46.588367
-33.147411,10.504065,38.941544
-22.210783,-26.936184,38.646271
14.494863,1.037138,9.707335
-2.467429,10.716507,7.941810
-7.961128,-16.657679,71.147957
-9.483871,14.024616,49.256973
-18.957108,8.998424,39.667469
0.778733,16.899090,69.439529
-37.130787,18.032261,53.568054
15.185921,-21.786396,17.846230
12.136525,-26.331573,21.772133
-27.768446,37.102489,74.473984
-15.680123,29.853806,45.023094
-13.541400,-13.369328,82.327843
-18.674498,-47.182976,72.292725
39.393208,-21.067272,85.626938
-37.926636,22.286396,58.648178
26.967928,10.376493,61.004250
-10.361878,26.512587,32.632442
-9.051529,24.977377,27.239511
11.172988,22.861433,49.118900
37.777729,12.040441,59.801083
-31.825438,-23.120625,48.160561
-0.885130,14.949745,16.286823
-2.537404,-32.674385,68.179214
14.777879,-24.436085,17.474779
11.429555,17.184740,31.932146
-22.839973,-0.945972,34.538372
-6.806592,-13.545046,78.611343
-31.594246,23.423645,49.983322
-37.586155,7.157013,47.514023
17.315918,24.546062,61.948666
-13.483697,-31.332668,76.925491
-15.738664,10.162744,42.288876
-24.055334,32.910629,60.605988
23.661602,-31.833179,37.519089
3.018813,-43.422737,69.436317
-19.118656,-14.674740,79.334328
15.173541,-35.385044,82.658577
0.262794,31.610765,56.332161
-17.808031,19.254038,23.887712
-8.941568,7.688841,7.453977
5.336993,27.152761,44.460159
32.485786,15.692695,55.575058
-31.445995,-49.888309,79.958618
3.029010,30.251713,63.846722
42.722031,-5.353697,62.450558
-16.668985,32.140743,53.296257
35.296120,-29.400333,73.340523
-10.502518,29.325407,41.069710
41.648064,-19.775049,57.648907
22.524748,28.544346,80.936066
-4.736899,31.371983,49.132954
-15.478257,-24.757338,24.559555
-10.283983,-21.631687,81.821777
19.249952,24.680637,71.757248
1.836112,13.541610,47.251930
28.886860,-36.704769,63.299957
18.989317,-41.555866,83.758148
8.350726,22.646797,44.296421
-7.442700,16.984207,84.849709
-7.504205,32.305683,51.851543
-13.113631,-27.519684,25.475874
26.468649,9.657432,33.548206
37.255791,-30.227476,51.678741
40.983509,-5.788927,81.981445
-30.995550,16.490889,40.378975
28.108339,5.006171,34.831932
-28.555790,15.649635,34.649994
32.751923,-38.634571,64.957138
37.859238,5.769284,83.395981
46.516258,-11.170093,66.785019
-2.188505,27.974167,38.080872
-27.825174,21.639431,40.562035
19.357800,8.410206,25.920660
29.997490,-34.291576,66.371330
-13.883064,-4.718360,80.191460
14.071827,24.003967,52.894321
-2.929152,20.006121,79.971130
0.021123,-32.587933,76.698143
-8.557708,27.848034,35.196743
-5.256740,14.056309,84.896591
16.392496,-22.680624,20.847435
-33.523388,-9.241965,36.409496
40.586201,-4.778407,85.204254
-47.755642,-34.905571,80.683594
-30.125179,23.334665,45.888878
27.435648,-30.197657,36.605537
36.467846,4.338015,56.114716
-15.781563,29.871996,42.657486
-9.944523,30.111435,43.800293
-9.383761,-45.611160,67.854324
31.693775,21.123890,72.134430
7.813080,10.378167,56.961571
40.375156,-27.191511,72.550117
38.667885,-0.389213,56.993378
-18.575052,-32.116131,59.247913
-20.726255,-7.414782,81.356476
38.488255,-31.204847,54.167248
-23.109943,6.406929,24.344009
-10.075455,12.060604,83.367432
-9.571022,32.507786,53.014370
-3.617088,16.419268,66.283508
36.064186,-25.920866,75.523018
-26.555828,32.053982,58.807388
-5.500285,-44.078693,58.581814
37.434635,-15.760373,85.719955
33.164589,6.693706,62.337173
-14.019482,33.661556,60.373920
1.502079,33.209747,84.135597
-12.503207,-25.229460,23.131256
-11.532655,12.886867,31.624565
-19.868210,-0.942326,20.459578
-28.944344,37.920670,76.922050
-3.106320,18.752188,69.893394
11.860322,28.076000,69.227707
1.540472,20.173672,31.861694
-19.088800,6.843647,23.916565
-52.105068,6.872372,79.941650
45.392391,-15.111635,68.577797
-29.105515,40.262218,83.748993
-9.753697,-35.663727,57.758465
7.612316,-48.891510,76.451019
-15.286442,-33.462738,44.354710
32.766563,-30.187584,53.604298
1.115031,31.374640,67.467896
22.116829,-39.914017,57.153450
-19.918318,-30.564003,43.354279
25.521339,23.314657,72.573685
13.118419,-18.839121,13.636850
4.532872,27.890091,69.707855
-4.741286,-22.398844,75.393974
2.351646,31.780466,74.447586
24.078936,25.277975,85.341347
11.452146,-15.321182,10.684895
12.676854,-48.078773,65.711449
19.940945,-39.245270,40.847622
-16.605682,10.691824,34.870712
36.769295,11.699644,77.961983
40.759529,0.192158,65.769768
15.519496,-42.793755,58.523678
-16.226572,-47.124477,74.750229
-49.070602,-33.096119,81.612671
38.454426,-15.890739,43.858639
11.538321,-31.256170,25.573881
31.813175,16.822786,82.753357
19.256638,-42.289326,44.963928
27.908985,-34.066872,49.836346
36.258892,17.296314,85.534592
2.514651,25.832064,79.918015
15.724861,-2.075979,10.092063
-53.763824,-12.292694,75.871109
0.911125,-42.081867,51.782883
35.570271,-35.920395,74.717949
-16.211540,-28.248966,53.313744
-4.934943,15.153955,73.795433
-12.168078,-34.044266,69.724075
21.365210,27.998278,84.544075
12.975091,-23.427965,20.896646
-0.380597,-43.997894,55.074574
-3.406386,-27.542448,73.790123
13.037846,-39.980175,42.320038
20.419342,10.518760,40.585445
31.395164,-29.892279,48.822723
9.186662,14.410046,49.746460
-5.060326,1.635805,67.486946
43.603760,-3.029669,69.192680
13.888531,-12.279626,11.624656
32.048096,-36.161560,47.190266
36.614941,-2.233447,55.925220
33.252644,-30.601074,62.982273
39.515545,5.518393,74.855164
-0.165043,25.460693,81.398506
8.012801,16.433376,24.523590
9.003297,27.051052,78.000954
36.675022,9.885408,70.645706
-7.824846,16.788385,18.477865
14.534861,15.991225,29.917986
2.580601,22.293453,79.467735
12.593733,-21.394108,13.185820
-13.192305,-45.881962,71.402237
29.403124,-39.485687,73.006813
-51.351860,-2.585457,72.848648
38.860279,-19.956085,78.823547
16.632065,-45.293427,75.110870
19.143950,5.382018,18.634378
35.177887,-34.655468,54.297405
16.263416,-40.933262,46.241135
33.988003,-32.998035,79.528763
9.964922,-39.181084,74.235222
6.830281,9.485411,62.404915
24.478352,-32.401417,84.017120
24.565502,-43.125061,60.699749
40.763618,1.918611,54.282173
24.995024,-39.621197,84.143898
27.113634,4.230224,37.552288
-16.749119,-28.782032,84.744560
44.047966,-2.336592,65.066551
35.494839,-35.950253,67.300934
-9.105400,-44.248035,74.902016
7.619754,18.504625,22.538710
-6.964390,13.775098,17.670414
-10.243952,-38.573265,47.982258
14.600423,-27.360924,19.078121
31.274139,20.333586,68.094810
1.303328,31.803318,64.943932
-24.217396,-27.140753,40.521145
45.562634,-12.371977,83.802216
42.244442,7.322389,85.050003
16.680807,-24.624065,19.191435
18.616549,-42.484730,42.297020
-51.587738,9.514236,79.505074
37.628796,4.304008,79.308174
39.928780,10.379340,84.295258
31.212372,16.101660,76.870010
37.866383,4.464882,67.865707
-33.608925,-21.217754,48.341942
0.226374,8.735227,64.671921
-10.614080,-26.878935,24.382553
36.078209,-25.535275,49.502380
11.149418,-47.359070,70.678719
15.390832,-44.028694,68.334129
34.676250,8.175758,66.638039
10.097351,10.412853,52.841221
10.716686,-38.794937,41.207348
-14.960923,7.000064,84.931152
-11.151408,-0.015687,59.743862
-18.489885,-17.915899,83.292397
45.382217,-11.984434,62.862450
-22.770163,-13.085527,26.711021
-6.387983,-16.195961,85.135689
39.562309,-9.598342,81.526527
37.845364,-23.460016,72.170784
42.530483,-19.774145,63.686188
-18.395359,-26.204346,59.922886
-24.885420,-20.405863,45.122238
-22.997110,-17.327284,29.203527
-25.317291,-14.524275,40.772942
-26.176598,-19.009287,40.144695
8.535344,20.436197,31.037043
-9.833059,-4.772534,82.947159
-8.004776,-39.173325,61.116581
5.206751,25.894175,84.800110
12.475451,3.999784,9.359556
45.302528,-20.074324,66.326950
37.605675,8.382547,54.588020
45.371342,-11.231642,71.512962
38.205128,-30.004400,86.073341
-5.665822,14.605350,35.517956
-5.083062,-16.910892,75.682617
19.922556,-34.724209,35.702038
-24.084135,-35.178886,55.553505
37.075218,-13.418371,40.361786
-20.422228,-13.770140,64.622101
-14.197094,13.688970,22.083609
0.874765,10.144003,53.946186
-7.794786,32.640175,54.822273
-10.483576,-43.171310,83.670799
25.579275,12.499978,63.745338
-35.109627,-7.607981,39.349449
0.055117,15.430802,74.559021
-52.651108,13.131399,83.991394
15.128980,10.904576,18.918770
38.248413,-19.734461,71.849030
-52.875759,-24.565798,79.795013
23.331549,10.398646,60.575226
-20.458986,-6.179835,84.812248
-47.503677,7.592906,68.121521
17.974403,-32.688789,34.460037
-21.946396,-16.564709,57.231678
40.365822,-30.638597,70.957710
14.950001,-36.420357,34.594452
4.239944,20.677361,59.834270
29.112217,-18.434982,29.696905
1.562683,-41.403446,57.229813
-11.858722,-5.407878,85.336266
15.626883,12.510973,49.548576
-15.473480,-40.093819,62.960533
-5.760776,-16.696568,9.661287
15.449204,-45.571636,55.247337
-8.351815,15.050913,24.325684
-20.929182,6.943089,40.289276
-2.604100,30.728294,46.589359
4.229683,-28.354628,18.135508
10.678204,13.791864,29.663925
30.728682,-18.181301,32.813698
-23.674101,-23.616638,37.731663
-18.804491,14.908395,21.960413
-31.641682,-16.919481,40.904930
8.352534,-35.429073,81.476021
18.671946,-31.258671,85.094528
-48.412125,-4.684618,64.916145
42.903694,-22.111895,72.135559
37.047897,-18.905409,84.955368
-46.908638,-4.754451,63.015442
41.560848,-1.120259,76.585312
-18.569857,-31.926607,47.201027
13.756464,25.769522,75.853760
-54.826855,0.592177,85.928116
-51.304497,7.368265,77.340263
-40.027237,-1.231263,51.437298
0.418403,33.644093,74.752457
35.976448,-34.870579,62.998871
-54.676262,-12.988337,80.004791
-47.617935,-18.772066,65.688919
35.930916,14.111281,85.361031
-31.397341,3.110071,33.031776
21.623812,11.265219,31.143234
-3.520499,-29.103649,69.980659
-9.101262,-33.231125,30.410898
-23.852329,-14.068019,45.434704
-49.763683,24.837091,78.988014
-15.930277,2.596234,54.402775
31.933796,-33.172504,45.166183
9.578233,18.470539,27.962738
-17.408497,-9.721411,54.748821
-44.826942,-7.537176,59.435837
-14.848188,-20.261513,84.040031
-49.071751,-9.183139,66.501137
-19.074486,3.316698,50.912254
-21.753958,1.186377,21.185089
-19.998396,-0.154884,47.661858
18.805292,-42.011150,59.293407
-10.963458,-33.756275,55.139862
12.288740,12.982607,23.826654
-17.910450,-21.997784,84.797653
-36.026672,0.703808,41.007317
-22.927406,-1.368839,37.786869
-44.984093,-26.177702,65.840477
41.361679,-29.179003,67.535233
33.947105,-38.755367,74.386765
26.496397,10.025978,52.530373
47.148190,-12.707937,69.381477
25.035152,16.045460,66.504951
27.087427,16.916401,47.080734
1.822524,29.104319,79.797874
36.485058,7.609029,76.932846
23.264952,-34.192841,35.034004
27.395805,18.916847,59.889549
18.050276,-36.182434,33.325100
-48.926437,-35.489113,83.839691
8.555390,-42.249187,43.403442
36.829422,-19.737617,43.597836
19.207218,9.713214,22.811131
31.657576,-38.908451,59.660400
-12.452269,11.773089,37.668823
-23.152031,-6.197042,26.359673
-19.899992,-32.319263,52.342377
-11.481079,-32.578762,84.187057
33.358402,-28.580475,43.428894
32.290756,10.489511,68.542130
-14.881135,-37.393646,50.589424
1.678231,30.883883,77.237801
2.392287,-41.536201,42.675415
-43.083328,-37.736729,75.601974
16.962667,-26.151091,22.874441
-1.397004,4.486766,67.227631
-26.833399,-50.037205,79.026634
7.424502,-40.865978,70.492798
3.787248,31.621620,71.657059
14.706941,-27.230495,21.796093
41.116398,-25.854214,62.637768
0.062825,5.529796,54.180508
-2.754536,-26.220396,71.002510
25.383892,-37.914185,63.210098
35.052891,-16.188339,39.103058
-7.336232,17.470467,79.250153
17.157438,-44.667515,79.956680
0.950684,-27.046740,82.489151
27.710722,-20.244516,27.285196
-51.882545,-30.486412,84.287880
35.239185,-15.048371,41.597183
30.641617,5.569251,37.571976
-16.356728,-1.726692,60.216057
-10.885563,-41.984146,64.466354
-15.622200,-31.480021,65.790955
12.199991,14.234509,62.108654
-15.630383,-47.435295,79.696716
-25.230791,-47.045425,70.138885
-21.386608,-15.683148,82.224571
-2.296378,-16.678339,8.980968
-27.593412,27.556639,50.503014
34.562294,-2.541623,39.370884
-23.936356,-9.837657,44.390369
34.897350,-10.241023,36.257736
-13.125483,-33.025387,34.207996
-27.282518,-51.609962,83.438301
-36.083145,-47.809708,79.915329
14.747618,-47.554741,53.759426
7.647904,-45.242249,55.817303
38.928333,-28.912352,78.125092
-21.296112,-22.784344,30.386787
-16.098812,-23.069420,70.208321
18.934250,-39.884876,43.447769
-21.800545,-16.939281,78.950745
-12.973621,-42.941101,71.805321
17.155600,-45.772175,52.002106
11.539167,-43.582367,85.518738
-24.381620,-51.317554,85.106133
31.952385,-40.745277,73.643631
-7.747581,-37.314743,72.220985
30.215212,-41.992760,71.462776
-21.332523,-49.944138,84.365479
-23.737629,-48.172195,74.461685
-22.013977,-37.759289,58.164654
1.295183,17.976954,63.880180
22.204744,-42.664581,82.583450
33.751904,16.341963,69.706032
9.324234,8.014775,55.085892
-15.861342,-19.339012,61.645313
41.957558,-12.344839,59.564362
-55.983887,-16.211327,84.068176
4.058289,-35.634487,29.974611
14.892294,-43.314449,85.144196
28.044098,17.970379,71.624725
12.613611,-46.927532,56.160358
-11.449697,9.401003,74.968887
36.919456,1.193069,47.338692
3.469611,16.954206,21.396477
-8.442912,-36.734509,37.256264
6.578713,-40.296017,82.994629
-15.829553,-45.572926,68.977371
-20.401102,-16.194511,85.280067
19.319674,16.577162,43.620712
11.251891,-9.504717,6.321009
-1.015708,-38.352837,35.741699
29.915220,-17.072109,27.257729
37.289795,-8.494791,41.834946
39.573185,-27.912262,81.799919
-5.073442,28.819427,39.693832
-18.306458,-44.180817,65.084770
36.808376,-25.631281,79.633987
34.354488,-36.815300,58.537415
19.973646,13.368036,35.426365
-52.539165,15.584594,83.762169
-3.069652,-23.029724,82.690613
-21.799717,1.416114,36.526970
11.755874,-39.298737,78.796715
-0.441305,19.979355,84.780083
-51.262409,-18.738428,72.055542
-18.849478,-21.770596,52.977825
-0.647241,12.791121,10.710051
-40.842003,-13.462887,53.911137
-27.995996,-27.568913,49.998093
-50.107826,-5.692387,68.809105
13.597251,17.645176,46.296799
-27.409973,-27.651484,47.400364
6.353911,12.164617,13.298964
-11.654133,10.282710,53.772030
-0.841045,-40.376556,60.392700
9.099375,-15.488939,12.111698
39.623611,-23.216263,51.616081
-1.982141,-30.221498,68.328278
3.478722,-45.505817,57.361832
-31.440960,8.314510,34.878899
-30.611856,-21.446281,45.137600
-15.546009,-8.590720,15.938855
-38.323265,5.215423,49.082558
0.493884,18.437670,59.608566
-15.822305,-29.424625,31.191864
-10.112594,-15.847874,14.087423
-12.747894,-3.703359,82.897713
12.226899,-43.868160,47.900280
25.932144,-23.876606,28.524414
18.719717,-7.311128,13.640360
33.963974,1.530164,41.600948
15.468248,-31.083374,27.361519
-11.902160,14.719385,48.322948
25.676929,24.824383,76.974525
-21.028677,-34.702484,57.003380
5.673509,30.272148,83.748436
-31.857075,-25.195625,50.279961
-24.850677,-15.816142,28.011015
-42.057945,-16.167841,56.962315
8.140970,18.965931,65.527489
42.579365,-0.517532,57.249680
-16.774908,-26.007132,73.715286
28.964170,6.974423,50.553570
-23.216454,-3.384521,41.427380
-40.395889,-3.893447,51.774162
-41.713055,-9.560152,54.940792
3.271008,32.871918,78.619446
-18.517214,-46.575821,69.453400
-12.312049,12.235783,41.689487
-50.401897,-0.680732,71.307060
29.174171,-40.655476,56.135006
25.902967,-38.344624,47.890491
47.054398,-13.851381,62.030914
7.656720,-47.847790,68.806618
-18.112982,-12.377459,83.445122
-2.524297,13.948624,12.952355
-6.903521,10.766252,84.720840
40.593117,-12.671083,71.716736
19.650579,-41.063923,55.570263
29.804203,10.577938,43.298462
0.790089,24.565437,76.911835
-21.866312,-3.858411,46.769199
-24.218672,-19.954859,30.730780
20.019344,-44.095528,50.492577
-3.491733,-36.665245,36.040138
-21.870754,-46.593594,68.171494
39.076950,-21.810238,66.645180
13.555088,-9.371253,11.011571
14.856064,28.598930,71.152664
-12.751391,11.912043,59.880157
-49.262505,-28.383053,76.643593
41.499176,-23.065723,83.871994
-2.734745,-44.328300,61.555336
-19.194876,1.104158,22.141449
20.978733,-14.124726,20.266220
-18.282305,28.809282,43.691299
-2.284722,-36.199638,81.694527
-10.941553,-18.659479,14.883986
-27.925533,-30.479071,52.059078
6.013124,27.034725,81.157425
-3.136535,20.167761,74.554626
17.306021,-44.283386,83.186264
-9.639005,13.304646,56.667824
-5.157438,-39.018570,40.827911
-16.057768,7.162821,40.468136
31.030516,12.586101,47.459846
2.093080,21.406185,62.753853
-10.928883,-45.544773,84.708511
-24.199488,-7.403926,39.316723
14.755706,29.068495,81.500771
42.375534,-14.048643,84.873322
44.529213,-15.292760,58.417664
-10.962296,10.235761,12.361058
45.711636,-4.558515,63.402309
26.821350,-29.472481,39.403149
41.162868,-1.925231,85.629509
-6.890954,-45.962067,70.174690
-21.184385,-6.125716,59.566135
40.997593,-9.592163,85.253258
33.761436,-18.276052,35.705639
44.322422,-23.190073,68.196838
9.886959,-46.667995,60.677628
9.989423,-29.141689,21.385483
1.348142,-42.466553,82.622719
-20.027641,-11.542680,72.933525
22.095011,7.516280,35.908279
5.210215,-45.598190,62.037624
-6.979385,-4.828716,78.243629
28.658606,-19.861914,32.036003
36.834633,-22.411371,75.916374
-15.415922,11.622882,38.085823
-16.150972,-15.567582,19.622952
36.020798,-19.918674,46.512398
30.654266,-10.573551,32.235828
4.607786,-47.226559,71.682968
-24.870306,-7.340161,33.791206
10.840888,-8.679237,8.569990
29.684694,13.660851,44.591766
-22.686720,-16.428900,84.248383
-24.517488,-12.426857,42.954975
-16.395773,-18.454924,21.470558
-15.171854,-31.345648,73.997055
34.058243,-28.115267,78.173447
-10.541215,8.023567,67.086861
17.572021,-47.044254,69.404091
16.065062,-42.666622,52.958607
-3.102710,-38.390213,33.832024
-4.013045,18.200768,22.802412
9.170855,-42.652443,48.698116
-1.598540,-22.294502,75.298386
-7.374260,15.712330,63.911594
-5.442785,18.541229,82.201279
0.426138,27.087250,79.519112
-17.531979,-7.220447,18.421654
-5.376969,-13.457201,74.427063
46.053787,-20.954700,69.041435
18.580078,-8.868439,11.731943
-4.135254,-13.474957,8.476402
7.884034,-43.621441,84.375137
34.358276,8.790942,46.768589
-22.824581,-17.767637,32.096245
-19.097210,-21.254982,67.685333
42.505161,-6.079784,66.558372
3.952652,-39.041485,36.182369
30.740646,-14.779699,30.542938
3.541547,22.768881,34.232655
28.824621,9.517333,37.006065
-22.916557,-15.816101,48.007858
-6.418489,12.912647,59.896564
39.135197,-11.015474,45.483074
-34.080296,11.005758,42.692978
34.076958,5.021132,44.510300
12.336496,-45.834850,81.774673
9.165075,-37.756805,84.558762
39.343552,-3.767872,64.675911
-3.053481,18.038551,59.937782
13.077363,-44.180103,83.571587
15.533651,-39.414272,84.124557
-7.325090,-27.132898,20.606785
33.958256,11.413429,49.217819
8.292171,-42.294701,79.223206
34.854843,-25.440468,39.944538
43.691784,-6.925855,84.466446
33.269508,-13.589293,34.108624
-19.479197,-23.178864,71.094315
-18.727179,-17.006403,74.106628
-13.032910,-34.853836,38.532299
32.814140,-7.359782,36.684181
9.200278,-38.061314,34.959156
28.065495,-33.007927,39.139267
-18.625975,6.844201,44.255966
-22.270933,4.997622,26.184391
4.120493,-43.997253,85.357071
6.874393,-48.909863,71.327904
31.299786,-22.131529,33.480766
-11.152497,5.836513,47.024529
-48.128540,-31.451317,77.377113
-2.973117,-32.990112,26.397238
31.269447,-36.039272,52.310280
19.115828,-36.427631,79.738747
-24.483076,-21.243362,41.930786
28.954901,22.636820,75.147408
45.031216,-4.946081,80.934113
33.799278,1.201479,46.887287
23.521088,-27.220734,29.805004
-17.393862,-27.169947,80.080231
24.072113,-42.090679,84.368027
19.912960,-40.468605,57.859413
-8.188878,15.033734,34.446148
20.343002,-12.408164,16.815067
43.374393,-22.235985,76.384689
9.652001,28.027725,62.499447
-22.383751,-13.431207,61.434971
31.663591,14.245355,51.569294
28.517511,19.183842,74.864876
19.116037,-46.169830,50.877499
-13.221158,5.029069,59.272114
17.186707,-26.273600,25.816515
-17.202356,-30.349955,34.316555
2.673576,-41.181839,46.554600
2.642326,-34.791222,72.143608
-9.549157,12.983479,14.804774
40.618061,-13.218336,49.973045
24.166834,-41.809746,68.012314
46.223778,-1.337294,66.022064
27.870445,-25.392328,29.636051
22.690895,-17.699011,21.594582
-2.952460,-44.397045,66.959702
-8.151628,-0.979613,80.704300
-5.408167,4.368339,73.479408
-2.639352,15.924834,82.739952
36.395699,2.365755,41.522869
-4.497027,-37.034496,61.902863
29.205500,-33.957458,78.923294
31.672144,6.925371,58.374146
-11.075120,1.019126,85.286301
7.760128,-32.008728,26.000851
29.488104,-36.424183,45.180012
-15.023584,-23.575485,85.133743
-5.041909,-42.942322,53.972668
-2.863242,16.909756,76.359093
38.809673,-21.504450,55.618546
-8.681691,-38.856564,54.049423
7.609048,-31.696304,28.535881
-18.781179,-42.226902,62.780224
-14.908177,-31.914059,80.983696
-6.581579,17.484497,75.828613
-6.138475,-3.958582,74.250519
34.405220,-27.466274,55.097565
37.447014,-3.313375,52.714466
0.755860,-39.680706,44.461929
29.746861,-34.286510,41.050663
-13.677948,-2.697716,55.161224
40.546116,4.315899,85.574387
21.422169,7.874969,32.376419
-16.258926,-30.367466,78.410141
35.301250,-21.199440,85.994827
-20.484484,-7.811852,76.447189
4.499666,-26.284399,85.511383
6.367027,24.610443,43.566422
31.764885,15.785223,63.726353
-7.710939,-13.682150,10.907346
22.573608,-41.039742,47.415882
-4.076818,13.585460,46.874931
10.007216,15.695035,55.427582
24.775404,-4.929538,21.780853
36.726624,6.458324,85.858986
-9.898477,11.405416,37.678291
3.773828,-33.116383,25.938387
-7.318065,13.103392,35.215950
31.904175,-25.358700,85.266098
35.615635,6.511991,79.587234
-19.150215,-11.737724,22.807158
-15.018931,-39.558342,59.462132
37.872276,-7.506942,39.238018
22.306728,24.300865,75.495453
34.584549,-12.450211,40.297680
40.179886,-21.240788,74.689575
42.386505,2.799545,80.908569
25.668053,-27.773310,86.009811
-2.525397,-39.384476,50.333706
-11.156766,-41.607815,74.338753
27.052553,7.673914,42.881027
14.344843,-22.699139,15.420314
-21.733406,-12.176531,24.123232
37.199596,-1.497478,42.420372
-17.033640,-15.810492,85.359566
18.585640,29.747707,79.159683
35.807556,-32.573055,58.987770
-2.025370,15.703874,35.483345
46.429810,-9.209311,64.079063
2.044736,11.648359,68.878624
-19.619253,-21.908464,81.315491
0.093694,-40.479069,49.394753
6.801717,13.622126,16.255011
-1.217668,34.920090,76.313660
-5.341216,-29.964169,66.947235
10.264505,-11.625679,10.270187
38.205544,-23.638044,60.514950
31.364565,-12.269284,28.268757
26.405630,17.582218,73.411797
-12.627315,-39.166035,50.838509
25.653008,-36.976711,58.933430
4.040962,19.271194,55.539417
8.080939,28.528751,67.917282
25.429247,-44.365620,78.005386
-24.571835,29.105156,49.982582
28.476076,-2.303882,32.399139
-5.803476,6.864507,80.277397
37.259636,-0.198147,64.814880
-12.185903,-38.246918,67.285767
43.195522,1.496740,69.383339
10.646626,-47.689705,74.456207
-3.291883,7.636713,77.162201
40.727894,-8.492447,60.569916
33.315071,-36.892166,61.982288
39.274731,-13.424870,82.246368
8.167775,-23.823481,15.623253
36.184341,-18.997822,37.813984
-14.641681,-32.880123,71.294334
-5.842033,-35.614044,32.421028
16.259693,-17.765324,15.966095
-26.198746,23.803734,41.705212
39.304935,9.751567,62.334156
-8.257670,4.581475,69.587120
11.433394,-42.541492,42.508446
-51.298088,-0.072278,73.627121
-18.803225,5.873046,26.803339
-27.441162,-14.421716,31.154558
-15.908897,-20.300589,79.883202
28.823746,-12.465354,30.069752
-7.947931,-37.357635,67.857933
29.960672,-7.430277,31.692482
5.122074,-36.425766,84.101654
21.476526,4.968272,22.136248
-4.899577,-34.618378,26.707287
-9.268531,-18.054438,12.969264
-5.618623,-38.872753,36.779160
13.711020,-17.179810,15.603065
-17.643089,28.144331,41.183773
-12.998332,-12.457399,74.064362
35.777702,-28.158104,60.390617
10.343887,8.068741,51.799042
-22.436127,-23.836981,34.057533
37.908810,-28.898533,71.732353
14.104386,10.746980,54.219162
7.683950,-48.639812,65.727097
-12.485637,4.361408,73.071602
7.030949,25.890678,50.254597
-12.015718,-20.561666,64.734169
16.190763,-47.247238,78.996559
26.592567,2.781515,35.183167
36.725094,3.472081,75.906441
7.873979,8.408965,64.993813
38.800835,-11.639913,85.379951
10.886150,-3.132348,6.215407
40.152874,8.342009,79.949440
-53.574177,-1.399914,79.429985
5.858226,17.187433,46.358219
41.279003,-7.302053,75.955437
24.787891,-42.876007,80.740845
0.110685,-41.054764,54.603672
-24.020403,-26.188128,36.604259
-7.557413,14.569877,81.815987
18.323919,-38.498962,82.354156
-22.500017,-23.615934,48.774597
31.801414,-38.060520,56.068565
20.360538,-46.170166,54.766697
-21.293613,-16.471642,51.872326
26.130713,-36.922768,51.239273
-4.905754,-21.695889,14.787832
9.083196,-43.662346,66.986389
35.123505,-26.798721,70.867485
28.345293,25.705029,76.867149
1.009980,27.930176,82.296936
5.347694,-31.072033,26.300076
11.096505,20.976208,70.360657
18.899805,-40.987534,52.410843
29.534372,-40.759777,62.706314
9.184827,10.928770,13.406739
35.869423,13.072460,66.035355
-26.390928,-25.365547,43.641365
-15.762404,-12.858963,85.471489
44.643532,-13.480429,85.921410
29.041792,-16.548218,31.567709
35.719921,-4.356072,36.136192
8.611809,-41.003883,45.960625
31.633852,-2.280031,36.805969
7.181632,-22.787432,12.995019
38.894009,-20.306683,58.927864
1.325792,-25.814632,85.428955
1.911520,-37.381039,33.019024
-18.653624,-26.060593,85.126389
-20.696989,-2.894862,44.613785
-15.687861,-43.135609,63.705402
40.811035,-28.676998,57.221066
-2.197909,16.696943,52.959091
30.796045,-30.896229,83.061989
31.892534,-28.709106,46.077820
-36.643707,11.689043,48.365498
-7.420335,14.905532,27.490997
28.857363,-33.742344,63.138054
-21.268154,-20.013218,50.794262
12.746264,-26.115925,17.664593
-2.440637,-43.305725,49.727322
35.645496,-24.597576,84.950798
-13.315291,-11.437713,14.607185
-12.425263,-17.647940,81.183578
-52.106251,-26.921135,79.968918
20.323736,4.656569,26.288620
-21.554850,-24.905411,36.470943
46.844540,-4.104330,79.022743
-8.054332,-22.075586,16.702536
-5.594956,0.259914,78.425720
10.994054,10.557344,63.443001
30.752745,-6.399682,28.692852
-9.550625,10.442514,85.602798
-13.483155,-42.017689,67.498993
22.057121,-42.326557,59.082390
-14.586968,-27.052425,82.388519
-20.167727,-18.731314,60.858315
3.495334,16.779152,50.989891
8.614034,14.653359,27.236954
34.635235,13.193830,53.688335
41.764843,-18.953436,69.015877
-19.563669,-5.595273,63.799854
4.690608,15.782245,25.754259
12.473016,-41.154984,71.397987
14.544166,16.338562,26.762283
-1.792982,-41.865330,58.030933
11.505031,-13.103678,11.920938
24.736794,6.221466,33.425594
-18.442703,0.560770,84.067978
32.374763,-30.328184,71.622620
-8.961997,14.762210,77.086212
0.255593,16.745920,78.161942
-1.360304,-14.291328,6.951948
34.456356,-37.781639,70.713074
45.576408,-11.561800,80.124008
-11.712967,12.563375,13.352932
1.957736,17.934191,37.026745
3.924371,-33.158478,28.715137
-14.546863,-35.233109,53.989998
35.478489,-1.403078,46.240063
-9.789948,-34.853310,34.101082
23.949518,10.402660,42.735397
30.350361,-30.502224,43.403961
25.597820,-35.373993,48.383423
-3.874335,11.802387,82.769363
-14.151418,-3.843435,12.171740
-17.138933,-31.061871,82.165154
16.083506,13.764317,23.885242
-7.599402,-40.811222,51.359577
25.473761,-42.442524,72.719528
8.697494,-46.705265,72.346008
10.467195,22.862780,41.908188
-5.921614,-31.524141,82.325890
44.530800,-0.794725,80.286362
25.105371,-36.584816,43.675838
12.522450,-34.915421,31.049757
-12.878998,-23.963507,82.357399
-12.912450,14.693959,24.233725
41.486820,-28.201820,60.387878
42.843372,-16.253397,54.429710
24.268534,23.554733,78.698914
-9.087073,13.297387,32.622841
14.918744,-19.564957,18.925991
-20.824097,-19.664288,76.210411
-21.704319,-9.329865,65.932190
39.961143,-18.232052,49.283176
-25.014622,-14.746929,37.165180
-0.469658,-25.100727,78.661072
21.988541,-31.183319,85.470284
7.698728,-9.167879,5.614214
18.817781,10.267540,33.234829
44.737576,1.407767,82.663033
-14.451222,-31.985315,52.753281
-20.916321,-31.206284,55.741764
-7.905293,-33.712112,84.693031
37.139187,-22.853165,39.007137
-19.905046,-23.415092,50.524673
40.018276,-8.151377,49.626930
-20.003754,-23.500429,76.049942
10.290173,5.601091,8.223249
6.770175,26.717451,47.139389
15.464782,-35.634483,78.833679
-2.151199,-39.667336,47.411842
-17.539856,-4.966693,82.194489
-10.412696,-27.374962,76.328987
21.335182,18.737320,54.998566
-22.852825,-14.154754,51.284836
-18.737810,2.391519,18.669361
43.412563,-1.559770,61.108624
28.847033,-32.711693,68.054131
45.530987,-12.203806,59.461781
27.201614,-43.316875,69.544991
11.780032,-36.752907,74.784454
29.331436,14.465771,59.939613
-5.093544,8.294664,47.750191
38.246597,-11.417020,38.860916
-15.492382,26.128336,33.624870
-7.483986,11.902140,11.657106
17.468149,10.281729,59.086361
-16.655851,-37.253437,55.603199
12.939829,-44.281731,44.776207
-6.840696,-24.089758,69.174049
37.799274,-17.773460,40.765820
8.313318,-35.992161,30.811512
3.853484,29.551071,60.580658
38.755081,13.849195,79.000542
-19.409973,-36.217407,54.966980
-1.909541,-40.247822,52.891136
39.244671,-1.177536,70.148621
38.048084,-30.980955,80.872406
6.295509,-34.426720,25.294703
28.238026,17.939323,55.249420
-22.636303,-7.440039,46.381001
38.061913,-26.434422,77.330818
-16.838261,-26.853533,68.950844
-49.052013,3.418555,69.353073
21.683403,-39.594009,83.769730
-13.409596,10.731076,12.857548
21.475201,-3.249603,16.794918
26.523859,-44.848988,61.349491
-25.727211,-17.123791,30.882000
7.484148,-40.373749,38.003456
1.592372,-43.919449,76.241547
43.206284,-26.130766,70.600174
-1.957951,-30.857910,22.966534
34.264019,10.020893,76.642769
44.419479,-17.891235,76.205544
20.128727,-43.852631,57.047447
-2.525765,17.577251,27.263308
-12.582451,12.411984,56.844746
-29.965696,-14.789678,36.996273
-21.117113,-27.726316,53.252773
23.602064,-1.724124,20.357645
46.074589,-16.315994,60.722385
-13.989396,-22.279457,21.385498
21.103645,-30.033922,29.327669
-20.820679,-3.945877,22.089699
-23.335175,-30.905914,55.263027
18.533606,-2.976308,12.964250
-17.398079,-34.483131,47.917114
-3.580647,-37.468025,38.876686
7.103177,-37.714664,72.505280
-13.846798,3.450086,46.961521
4.932755,27.980284,56.567444
26.995153,12.619425,41.121742
18.784618,24.570177,74.865097
38.247856,0.514315,78.148010
-4.376277,12.143063,10.070942
42.375435,-21.755022,54.582687
-16.645510,8.247270,17.509228
-10.897531,12.794711,85.856674
-11.690377,-4.317064,9.625776
10.445455,-34.087555,84.695435
5.723063,22.287189,56.658195
13.122253,-38.714912,72.984344
6.034775,-30.803022,82.998413
17.534779,-33.635307,81.188309
28.825575,-4.707546,26.386578
-22.956665,-10.268885,69.986183
-12.544071,12.460345,28.693249
17.377903,-32.283775,26.205589
-13.008104,-21.755033,61.316757
-16.379673,9.657574,39.599289
-23.631275,-3.684667,33.202736
44.510803,-19.553028,59.947086
38.171658,11.071468,81.223724
31.665155,13.016706,54.361588
25.110785,5.053489,25.193157
-13.766175,24.538265,28.606148
11.804758,9.166340,13.719790
23.208984,-35.069019,80.724197
-33.336792,8.216694,39.109734
-29.520817,-13.360311,33.124802
0.882566,-43.507767,44.202385
23.479042,-22.512714,26.793978
20.232368,-29.483910,32.118389
25.540113,-11.529508,23.124018
-21.697371,-16.333351,26.012621
44.162769,-20.601120,56.520477
-18.034470,-2.676726,18.007837
-15.917740,31.252947,50.343739
-0.067835,16.857746,23.821640
25.339912,-0.230659,24.846645
43.310120,-8.698235,62.792416
-8.653297,-8.122339,7.310319
-20.980307,-19.599142,85.013489
-1.914807,21.468708,28.770611
1.847011,-6.395248,3.067782
8.530312,25.411108,45.280895
42.344700,-29.250511,72.468811
-12.501652,-37.342270,70.569992
-26.768343,-19.677954,42.962616
-17.001955,2.427399,79.924454
-3.442830,14.102163,41.234318
3.948444,-32.894592,74.525200
26.996168,-9.884122,28.627081
2.160615,25.668612,71.458748
30.032974,20.949842,78.990219
-37.956165,3.365691,47.594494
2.971671,-31.031776,22.637613
30.439678,-30.169558,38.949631
31.078091,1.862924,41.131439
19.373859,0.206932,14.763996
-30.952023,-11.249385,35.227383
32.107811,-24.714838,40.720600
7.548392,-47.747116,62.626221
-22.855009,-9.555651,59.911667
-8.931351,3.555493,73.019005
-2.317670,12.338330,9.387691
-27.449419,15.770781,32.514259
42.508060,2.201658,61.256035
37.325085,3.998091,85.234085
23.117393,8.408306,28.826887
-1.715499,-42.265385,71.768150
34.422318,-13.569553,37.199150
22.960985,-6.365575,18.263428
21.562664,-1.052186,15.400462
-9.704306,-25.373697,79.970482
15.436854,-5.542255,9.917658
24.404016,-44.197430,64.743721
-18.179585,-28.469074,82.395012
-25.429672,-7.853786,27.413805
5.772525,29.768160,62.831070
23.935055,15.077452,43.925735
18.642872,-44.130318,47.558937
19.242359,-24.149155,21.596481
-5.838939,4.951841,77.108833
-6.822354,16.427191,68.602707
4.238761,30.028927,67.045944
-19.124371,-18.753942,52.571930
-10.339196,-15.428583,84.035660
-16.686811,-21.331720,22.522123
34.407738,-27.523483,45.794186
-12.648748,-37.271458,46.497723
-11.390661,-14.326149,78.047470
2.523267,-1.709162,2.644816
-11.000303,15.476882,16.986752
42.062332,-27.666580,75.475952
3.732574,20.599089,67.523491
8.476466,-26.276369,20.699516
0.592258,21.094559,71.752151
-15.946431,-30.299856,69.202347
31.534063,8.148030,39.179626
26.891960,-15.212648,27.031717
-23.847837,-6.514967,36.480518
16.712616,-26.692474,20.500278
-17.917112,9.980062,44.684486
15.996408,-37.583866,32.489494
34.233433,-19.514404,41.124313
-2.151780,31.300678,50.861053
14.795470,6.326745,13.794837
-8.413992,-9.408865,71.365761
-9.931089,6.490692,84.423836
19.413158,-26.603800,22.296274
7.943705,28.988256,72.332886
14.252358,-48.002571,62.950676
-49.845634,4.495076,71.477173
6.241510,10.003964,9.270917
-18.933184,-21.533836,25.864069
-3.775732,-25.688568,17.497152
7.766424,-40.028294,85.577927
1.133744,31.404478,62.238674
41.630306,-14.440283,56.971546
-16.659716,-28.970829,72.181305
30.441681,-41.480061,67.547523
-17.196356,11.026841,36.954628
27.239904,-31.764263,44.593918
-19.431143,-25.002417,82.186508
4.487382,-41.589855,38.103088
35.572498,12.682203,51.109280
-6.970473,-16.945726,78.517250
-8.676262,-20.334785,14.550144
12.249891,-34.822041,34.199112
4.378577,-39.595146,40.796440
-12.122708,13.035151,51.497894
10.584845,-48.178341,63.355236
-0.226483,17.312820,19.814220
-12.900578,-10.528013,84.717316
33.299267,-27.972033,72.371323
-24.400501,-20.150187,37.262596
-3.264704,-22.115694,72.492111
31.039242,-30.684174,79.202896
35.290771,13.810620,57.440605
-16.281376,2.214309,58.817108
34.432800,1.640986,37.957794
-16.850500,-19.719994,85.743935
11.114497,10.932647,48.824963
-52.081383,14.085696,81.274811
33.710556,11.590456,56.097408
-10.007687,2.114815,64.833076
-10.898823,11.991895,17.611691
12.523952,6.552866,11.741386
-21.188301,-19.430058,27.069477
12.153666,-43.313725,78.625481
-12.562283,34.168724,62.918137
40.320789,-8.635653,56.520733
18.437479,-15.294601,17.047840
26.798029,20.538271,72.726799
17.594885,16.507185,36.324635
-1.094550,-25.296272,74.171440
-11.865634,-31.166971,28.928379
-9.556470,4.010416,53.203941
-17.605955,-34.555496,45.060349
16.009167,23.934471,73.582169
-19.739927,-29.369883,58.365417
15.192289,21.340202,70.275658
-22.217850,-14.738965,24.330181
19.502539,3.169002,16.424788
19.822083,-20.201824,20.426849
10.580050,12.085190,16.283897
40.536514,-30.978218,76.711159
36.563473,-20.291710,77.511086
-14.500818,-42.355621,69.829056
31.473671,-35.163746,63.838524
-16.867456,-21.171988,82.349747
-9.849921,-45.958904,72.052597
-3.099827,26.961115,33.568336
3.274249,25.049448,36.703018
-0.186681,16.929646,81.193344
-15.023315,10.798412,25.704411
-21.115578,1.929135,30.720663
17.747541,-43.991493,58.025742
2.722934,12.377842,11.732672
6.728646,-29.992887,23.027809
25.891975,18.320986,50.672127
-33.765938,27.876356,58.677673
29.961632,-31.061430,46.386177
3.186433,20.981819,76.331085
-35.030125,18.109583,49.589138
32.493126,-25.997150,44.091003
14.248075,-33.660980,27.155085
5.392779,28.408928,48.712940
-11.283372,12.760993,75.573166
-13.250226,27.750681,36.810535
14.980873,11.065003,24.935234
-8.122372,13.417803,85.101120
26.951094,-34.893780,59.115837
-0.776057,-34.731121,31.514355
-5.037971,19.078205,72.327286
-7.312407,-19.692900,12.419333
-0.307938,25.977072,32.678745
-2.030086,18.827511,82.547523
-24.201344,-17.569078,35.140709
-23.841427,-22.640423,31.800583
-22.390432,0.721235,32.616051
34.863823,4.050985,50.594635
40.879845,5.804649,61.058811
-20.572903,-17.256222,27.954771
-1.480572,1.680096,2.348486
-8.321061,28.774879,39.345993
-12.549059,-27.717571,23.059429
8.495682,-45.867355,80.848396
-24.332193,-5.814772,41.463646
-13.903560,-17.190798,74.962898
11.079057,23.459970,45.905491
-14.053646,4.496360,11.999207
4.226176,-29.855677,24.438868
-30.019773,5.720473,31.333311
-20.144974,24.300306,33.893280
-7.537757,21.658928,23.696692
28.800100,1.939957,37.160812
5.526730,-42.527309,54.119358
-29.223757,-20.247288,39.401024
8.081985,-21.113396,10.794272
-28.067884,-10.173567,30.456018
26.780645,-37.053406,85.207825
-17.186077,8.068649,28.589251
33.087517,7.070859,53.825607
37.757835,11.642698,56.516808
6.198720,-44.144714,46.769371
-18.749060,21.670519,27.669285
33.014324,-13.230795,30.268326
-5.739600,15.361788,21.178663
-19.028229,-22.112959,58.036152
-3.721557,29.737318,42.355507
-27.461931,-24.888783,49.288773
36.908707,-32.930256,56.148968
34.189209,-32.034756,56.636623
12.436565,28.911631,83.825043
-3.176309,7.915891,79.990387
11.010490,-19.666494,11.274892
-10.386877,-46.589439,76.548454
44.832008,-4.261551,60.412804
-22.877731,-0.139355,27.518223
17.903164,12.063868,28.437428
-39.626175,-8.400911,50.931072
30.585899,20.357553,82.644913
42.357254,5.462522,86.382301
-2.917726,24.197931,27.638390
-26.929298,9.293839,27.992544
-35.632374,12.494018,45.631592
-50.916466,18.831545,79.277107
-19.279043,5.975430,30.991314
-11.487151,-24.731241,85.229568
-8.253826,4.254082,49.374043
45.246475,-3.929127,84.160652
18.147160,-31.111881,29.037912
-16.475565,0.780690,15.121108
-36.158176,3.170894,43.259743
-29.398363,-16.000982,34.389099
-22.805605,-29.661587,44.889511
37.305332,-14.124968,37.505028
-31.077965,20.941769,44.478806
-23.402855,23.431387,36.800991
34.536404,7.784781,44.132736
-33.806805,-1.667260,36.211708
-23.096697,-16.881187,45.658306
28.966721,11.412467,58.412128
14.418733,12.933605,27.983986
-11.775723,16.686773,22.693579
-23.402557,-19.355091,48.106838
-20.216280,-13.290867,26.000992
26.881592,-20.060806,29.921021
34.287994,-28.357937,67.772087
-26.431664,-29.751873,49.391342
5.761747,30.698627,80.137329
-33.635883,20.203461,48.854313
-21.375383,-9.959320,84.274750
-18.855539,-29.745310,53.607796
-4.180874,-26.631599,68.365852
37.475246,-3.366609,48.871964
-8.530981,-27.931841,83.651978
-11.190867,-28.780409,61.291832
-4.029695,-24.082003,69.622581
10.532215,-45.558243,83.858307
-21.653303,15.855575,24.618694
-21.167488,0.417015,50.993698
-8.210446,-34.164421,28.170746
-17.978010,-32.619987,55.049561
28.280884,-42.416523,60.299835
17.059851,-42.395229,55.685349
-5.960901,-27.241562,66.156097
31.582964,-2.436031,30.024168
5.455777,31.314383,85.985336
-32.393642,0.926636,34.792221
-8.734082,-39.087860,57.617104
-30.113955,-7.717631,32.951847
1.194064,-23.133482,79.405014
-29.782345,-4.231700,30.636951
11.206015,25.939257,77.172539
-23.478338,-21.505596,39.424515
25.849316,-37.253124,76.345886
-9.759502,-37.796394,76.159561
-18.319584,10.427178,41.795177
9.509863,14.405063,18.258154
16.571085,9.198569,21.150618
-13.773774,-6.238863,62.971962
-19.767157,17.330658,24.049366
3.738081,-39.995552,44.403187
-6.248012,-39.911327,47.586319
2.872086,11.063920,9.089191
-21.682312,-27.272089,34.650093
13.186014,-41.475018,46.131760
5.687798,14.995386,22.759003
12.127007,13.805733,52.671619
-39.131184,0.327761,49.810402
-43.927635,-6.098490,57.768211
23.992399,9.423054,31.759966
15.163921,-46.811565,58.385681
38.019230,-32.445030,73.809631
25.348097,8.937387,59.031631
-13.312227,-21.020432,81.441505
25.758680,-18.475407,24.730419
23.020079,24.345499,67.870270
-9.144847,13.169116,19.838596
21.516691,-43.336708,46.228333
16.646643,12.962548,39.245995
35.551788,13.668502,80.857361
-0.974691,-27.821661,18.356873
-11.542237,-37.177441,78.645309
-17.470207,-25.334801,27.666500
24.953205,-40.132133,45.134346
-9.948539,-0.786126,6.959975
41.865524,-24.478167,74.333717
-22.667089,2.979758,41.694328
5.685484,-42.660023,64.884766
28.194096,6.823571,47.039547
9.786252,-44.605316,43.008274
-25.503096,-50.765736,81.450104
45.375507,-2.280774,75.667236
8.986582,8.135326,9.202026
-14.185061,-26.838528,64.749512
-23.229073,21.292662,33.229965
9.135848,12.894098,21.794147
23.218834,-38.833725,49.932220
15.892595,17.818113,40.566422
11.752513,14.188095,34.429688
22.095278,5.336129,28.928120
-21.879580,-3.008284,50.244545
-0.611014,14.584359,19.097204
22.693125,-28.970076,86.126747
11.114207,-23.540474,18.176176
29.963871,24.060402,78.954727
30.057236,5.505238,48.707024
44.074287,-15.758720,64.512665
-15.883545,-10.314775,61.255077
38.791412,-22.299980,45.558285
5.630023,2.059830,3.749336
35.797676,12.494070,55.584454
-3.023958,-35.529514,33.212349
29.798552,7.302217,35.396267
37.688404,12.650672,63.167461
4.137149,-14.081484,7.343339
-29.239447,22.530970,43.180954
-10.753958,5.142347,8.303349
-9.758543,-2.109068,85.061371
-6.407248,1.972389,3.770139
-37.147888,37.724598,78.114334
28.781872,16.037075,45.270428
36.215515,6.356983,46.307434
43.590996,-9.917242,57.422592
-32.925575,16.597832,44.135117
-5.887456,-41.329895,73.429199
-50.232471,24.747238,82.043907
-20.529104,4.089191,34.053059
43.383930,-4.181677,55.020199
26.389387,13.399119,46.223866
26.182470,16.655048,44.448910
-9.621637,10.049630,56.326912
30.597450,14.896903,46.577888
-8.193169,-44.085907,85.411606
-9.642401,11.123327,10.067846
-34.106556,37.946308,77.621887
-13.067276,-35.143536,58.835320
-14.883024,-34.657421,62.824043
-3.914882,-24.667662,73.752739
23.054422,17.924370,46.592392
6.384346,-42.118233,48.747154
-11.854947,-37.784454,58.079498
-33.460167,36.937126,75.355042
-12.536865,-32.120201,57.565048
4.499015,-24.252535,15.127019
-24.914835,33.832829,63.163322
-21.326468,-17.641853,49.359112
-13.585499,-32.951180,55.170319
-9.874259,-32.900108,57.543926
18.063366,-43.510155,51.834312
16.563356,22.280972,50.677280
0.020155,27.648615,85.756363
-2.930679,19.645988,66.696045
-4.300318,-14.708571,10.982800
16.341442,-41.392178,66.725937
1.043638,15.639516,41.078270
-16.015753,-43.280575,67.318504
-22.697094,-12.955684,58.359589
-8.812835,-11.480004,84.152740
-18.071911,32.627365,57.355606
-7.164501,-44.784195,65.050484
-22.380854,27.152679,43.802650
-37.879711,10.766026,50.865665
-29.680090,33.648758,65.025414
-33.258312,35.308189,71.216644
-36.517300,35.971596,74.213188
-29.821243,-26.046534,48.756996
-21.747671,-3.608427,25.126297
-18.786308,5.817817,33.462601
2.742311,14.819597,16.948883
-4.950220,-43.267441,78.779716
-36.371639,22.656128,56.016727
-20.777687,-22.736885,27.619213
-27.833694,20.092224,38.093281
30.119312,-39.056862,53.310341
-24.293169,-18.932358,43.079277
-43.380898,37.795952,84.501732
-16.353321,24.156923,29.398270
34.165836,-24.250435,48.342102
-38.118805,39.339134,82.547211
-20.457262,2.005389,32.973286
-2.689665,-26.759405,84.372589
-50.467220,14.529019,77.004044
-4.365277,-29.811966,85.003899
-47.118015,33.899296,84.777008
-16.106976,5.446239,56.873001
-13.720132,8.614183,57.124935
-48.536842,31.532024,86.279465
-16.963820,7.139446,35.279583
17.345978,20.179508,54.338074
-51.472561,24.961798,85.436783
5.953188,20.224524,44.749264
-43.659416,36.518829,81.295692
18.107809,16.889805,56.506382
-14.529237,25.259890,31.173180
-22.140619,2.481392,34.495441
21.773430,17.910723,60.262466
19.875544,14.678121,53.261532
-15.310447,-30.296188,61.566612
-49.624947,29.583942,84.746239
6.003384,-22.407696,16.406475
-8.114855,-23.034544,84.637711
4.786952,-20.926336,13.890989
-15.728826,6.256694,59.530582
-33.080555,23.194830,51.926308
-18.582396,9.096163,35.068138
-13.949642,3.105778,56.842361
-13.202719,8.069393,60.219685
-49.666782,28.454952,82.144043
-10.623045,8.669418,63.173557
6.738513,21.108475,40.586792
29.796450,-38.936722,65.038948
36.080708,6.644706,73.012848
38.492661,-0.803148,85.413124
13.777793,-29.950537,28.995689
1.339975,13.954390,14.179289
-23.475031,-11.485271,31.355377
34.725197,7.166891,69.910873
-3.173440,-38.323280,58.654293
16.894358,3.724193,13.665286
18.408998,-10.542431,14.705156
3.579451,17.565393,43.263329
9.618560,19.353073,46.994888
36.568741,3.087693,72.262032
4.412279,-35.720840,32.954880
-13.679485,13.643051,17.232855
40.058849,-1.596144,81.460632
3.686973,19.031616,46.037106
23.068987,9.632676,56.748672
-0.677827,-24.700291,83.465309
2.200690,17.406176,18.192518
2.175015,14.937755,19.780342
7.901103,19.842537,51.971619
-51.800430,22.423630,84.565598
-51.086201,15.946228,79.991585
38.247269,-4.311711,42.233139
-27.398096,-6.241474,32.204102
-51.743389,3.235962,76.310440
4.731184,-47.202347,59.523960
-52.118469,19.731150,83.213913
-0.546425,24.211302,29.870155
-17.375246,8.323442,31.671310
-5.312763,19.187916,68.165283
38.222652,14.003407,82.889496
-18.312052,6.165184,28.974325
-3.166541,-26.137749,80.839523
36.025055,-29.098579,44.129211
-12.190283,-34.090992,52.285194
-2.718263,23.387159,29.806995
18.274021,13.548525,56.016510
-2.620145,-19.494905,82.692451
9.917657,13.907774,44.149151
-5.820803,-26.947449,85.071655
-11.709176,-36.299694,41.577217
39.853458,-31.883465,79.126862
-2.635563,14.176611,84.705948
34.392372,16.486828,59.861237
14.594913,12.863853,57.700710
-2.411178,25.796432,31.001163
2.087722,23.976650,31.659269
-2.254154,-21.576872,85.387695
39.081936,-21.724380,76.966537
-20.579529,-21.511980,73.601929
37.215168,-31.621929,77.004532
-19.169657,-26.794605,74.254326
-13.184442,-8.026020,13.110535
1.392269,-30.476334,74.221420
40.319729,-6.181880,53.196823
25.978790,23.886106,83.193878
-7.543101,-30.527954,85.399078
15.577516,11.839661,31.181293
38.413357,12.591702,85.428574
33.182903,12.035985,59.418049
33.803253,13.836254,55.712036
-12.415357,-38.245995,54.433826
4.398525,-45.328159,48.990459
-14.309069,-38.743595,56.682758
5.250130,-43.339001,43.517181
17.646097,9.673746,30.443735
-10.342800,-35.668457,39.129738
-37.651680,-19.245792,52.518940
-51.078373,12.114902,78.335091
-1.460267,-32.823486,84.169960
13.980350,12.086719,33.672222
-9.921690,-37.259895,44.375149
5.556018,15.517312,18.949726
-50.339134,22.117163,78.677612
41.717213,-2.685210,63.265869
14.139032,-16.531132,11.768943
0.575621,20.939726,60.585438
-20.871572,-26.133448,59.236366
-33.168526,6.265614,37.098114
-1.396824,-24.161297,80.965813
-6.114872,17.961987,65.509407
-14.306251,-34.416634,41.450302
0.896722,13.375724,16.495743
-50.464355,17.412640,77.139542
28.505182,9.164248,34.675095
27.740137,7.058949,32.624367
-2.502810,-28.552202,86.118896
-52.695023,4.052887,79.162483
-20.829279,19.833954,27.038830
-19.247515,-18.509415,24.546101
-16.261660,-8.172121,84.478882
-45.424805,15.141651,66.450340
2.392649,23.488882,84.638283
-46.307751,6.205029,65.295403
31.719015,-36.967766,81.366798
35.294857,9.896054,61.863232
-46.157749,16.592781,68.205788
19.683903,21.369780,71.740326
-48.294605,17.199259,72.878899
9.017318,30.532373,69.335518
-1.948402,4.756108,72.812538
-47.073429,18.346848,70.139626
17.988136,22.843891,69.290482
19.420918,-38.003185,85.252625
22.392899,23.411900,71.128746
12.718596,12.186451,29.803570
-0.843701,23.215973,85.021759
-8.945764,-28.995140,79.373711
36.806778,-21.983669,49.447498
24.923674,-38.287716,66.925919
22.241415,27.121391,72.335785
-49.183517,9.090012,71.020119
-49.383183,11.576126,72.709984
-22.260292,-3.069703,28.081303
-24.731836,-3.313998,26.125664
-6.038027,-45.820869,61.650826
-5.128951,-23.518042,67.467377
7.199089,-46.333210,60.313606
5.373739,25.232290,78.569855
39.219696,9.921275,74.294518
26.814617,-35.047352,41.622089
7.383002,10.506250,11.564860
-50.452206,11.837015,75.270775
-4.041262,-45.672077,64.192467
0.815889,21.838596,84.102898
-20.174414,-11.231326,50.337769
-45.667061,-20.784039,63.425365
-5.118970,12.088931,12.463179
3.105608,26.603214,76.989624
1.350904,9.070587,49.191360
-18.735353,-8.376252,60.655895
16.312319,-47.918861,66.656670
-16.134733,-3.087199,50.249298
-19.285282,4.198368,24.667227
-3.484759,-1.377595,67.302200
-47.094612,1.162001,65.058807
-6.118721,-46.247238,63.798607
-2.356082,-29.949406,81.585678
40.355103,4.703711,57.195553
9.007805,-16.610041,9.165977
-5.004913,15.512741,29.639198
39.479378,-4.210842,60.107403
-18.825792,0.213716,16.740883
9.189214,-5.964335,5.366993
17.584387,19.582838,70.595047
-11.731620,-29.275597,78.259583
16.904137,9.520658,27.221081
16.806417,14.332390,26.765842
-40.903381,12.675791,57.370800
23.559381,6.816149,31.018534
26.105434,7.992707,30.475227
-36.357986,5.737535,43.692783
-7.178054,0.263682,83.177834
-43.451275,-14.447262,58.481781
-19.712240,-28.669998,37.075523
22.864763,4.646262,32.386974
-19.362024,38.218460,75.893715
-48.135735,19.876381,73.647797
-29.269663,-23.721693,44.559158
-13.783095,-25.519884,78.469025
21.073742,22.870647,59.307198
-1.482888,-42.703857,60.276573
-10.004589,31.917337,50.491314
-24.610044,2.451057,25.990953
33.857838,-11.119507,32.354820
-26.671652,-22.769558,45.837788
-28.213636,-25.751163,45.751808
34.704239,16.528931,57.074123
43.883480,-3.314532,62.601818
-13.350572,-46.153137,82.557823
-18.076391,-31.261093,37.108730
29.652237,18.178507,78.184303
-5.580242,-40.477722,64.221931
45.154987,-22.862850,70.779770
31.536888,18.285688,58.157238
-48.692520,23.022839,75.643341
17.254370,-39.102650,85.950203
6.696757,-40.250141,44.053146
12.663103,-21.136219,17.923643
30.920189,0.520674,33.967400
30.917267,-31.032894,51.485802
-23.219328,0.080214,40.778500
3.500283,24.931274,86.367233
-36.024460,20.614014,53.385895
-8.262330,0.257766,4.981414
-20.199001,-20.678291,29.195726
-14.963349,-32.628593,84.398308
-21.564436,-4.715787,86.373581
-5.855069,-0.677188,4.105238
-7.864399,-32.847031,63.562416
39.541100,-1.224165,63.842796
-11.516380,-23.031883,21.528725
30.409128,-26.540014,37.870060
-11.056598,7.223367,50.975132
-17.662050,-23.218794,24.184486
-14.224383,12.587368,36.136269
7.284237,16.229528,33.379498
0.633394,12.570662,12.549256
18.418543,11.845817,25.192631
-6.030470,4.485476,4.463972
-9.461017,-33.440697,80.201019
12.557041,-44.509735,42.553490
7.002221,-38.375507,70.024887
-17.900867,-48.020088,77.414406
14.406448,-34.190639,85.365517
38.050350,10.220968,85.831680
1.166179,31.682199,70.371170
19.695522,12.363999,46.019402
-22.450397,-9.961110,52.380844
-19.913975,-25.013937,29.174828
-3.945888,5.354157,51.442413
28.811556,8.574128,62.205444
-12.809870,4.119555,84.681656
-39.017933,18.042667,57.849808
4.291717,-40.765869,85.237961
-14.308556,0.668969,85.053551
-10.981292,-21.509172,85.012703
-30.940855,-14.215975,34.870701
-38.117294,8.063797,49.793354
-3.014237,2.343552,62.503609
-3.497148,-47.159595,66.519859
-9.521933,13.627454,45.203053
23.596310,19.432037,69.222122
30.036404,-39.315834,82.148865
20.493298,-40.778305,81.630440
27.338427,20.901346,77.281586
-44.027409,0.579172,58.764694
23.490753,28.742283,83.308327
-19.394369,-16.185270,25.246412
-18.371212,-27.919027,34.805714
-45.855709,1.270543,62.389359
-23.363289,17.698359,28.105820
32.434856,-34.365753,84.409058
1.491424,-29.520380,19.972555
-47.785576,-7.658952,64.317513
32.897209,-39.850471,62.221573
20.150517,-44.056465,83.785011
23.132023,-40.196526,85.749664
0.543925,-29.580500,22.636761
-6.311028,2.510621,52.068420
-45.973774,3.630582,63.601372
-21.506876,-18.411358,25.020065
-42.493874,-1.572805,55.610840
23.477005,-40.605633,82.663345
-43.479965,7.858444,60.273014
-26.526363,22.066753,38.320370
-25.570551,-21.082991,47.665615
35.427792,-32.740696,82.938271
-45.985729,-2.301387,62.069511
29.277073,16.969692,51.027523
33.059750,-30.055103,39.863113
-0.426089,7.827289,72.696022
-41.657940,9.248425,57.925514
-10.782651,8.878048,43.961014
-7.567634,-2.719738,83.090012
6.659133,13.661091,66.458084
-42.558926,5.789041,57.907051
3.981250,8.257325,66.155403
30.441174,-37.927349,77.129837
-22.897121,-24.961603,52.001080
-21.066832,3.926707,45.125015
23.854816,-44.714527,70.285881
-36.849957,-6.971906,44.090263
27.192064,26.587435,82.445679
-26.486982,-16.272934,33.669014
23.704983,27.877256,85.825645
14.155236,13.401141,25.500029
23.332403,10.909182,46.616234
36.098110,16.037659,67.428543
-7.094527,15.463205,47.047352
5.251246,19.188677,49.161613
-43.591255,3.533062,59.177788
31.729210,17.009113,52.802170
-20.586082,-16.432117,69.151245
29.832823,15.045532,53.588730
-44.941074,6.007781,62.481495
-15.969668,9.249984,51.077759
19.166975,29.374857,76.288841
16.594437,14.929189,46.450508
32.244877,22.077602,80.755775
5.082914,31.305189,76.300308
40.744164,-27.343554,69.684631
7.048036,22.668415,74.027283
30.910151,-41.313034,58.308365
-1.285635,8.024790,51.685566
28.186638,19.423840,51.878262
27.989441,18.211573,49.143967
-40.354424,4.246901,53.024136
-25.064850,-14.089487,32.617432
22.821522,26.266865,83.336838
28.506756,21.299404,81.194717
5.645837,6.635150,64.409027
41.430904,-26.487148,79.056305
1.307810,6.824845,68.361427
23.366405,-35.920849,84.325249
36.333187,7.707162,50.047661
22.806911,-27.055779,26.829281
5.132271,29.790161,58.371967
24.325119,2.211282,27.477852
-27.546141,-18.202778,36.767204
-41.580582,3.367103,55.302998
-6.060366,16.410158,81.093597
27.124166,-24.306038,32.961338
36.707691,-11.882931,43.327698
2.929261,12.243348,64.531204
-4.570224,14.250178,81.809418
41.221516,-10.055483,58.528004
40.166042,-24.757568,81.468979
39.892284,-11.028742,60.630383
41.553829,-16.156761,61.211479
42.915562,0.093937,63.619118
38.517925,4.760849,50.689270
-40.441517,8.159143,54.161362
-38.842747,8.479010,52.094200
-23.614872,-11.509140,46.687084
-38.812145,-2.466996,48.625149
-25.323318,-18.000519,45.607754
-18.984390,26.234722,37.745327
17.957142,10.917833,36.790073
20.060970,7.719739,28.895523
4.661334,22.625273,70.831444
-27.421022,-18.444185,44.785789
-48.114918,-1.587602,65.992722
-5.956316,-40.906349,61.562363
-38.845879,-20.980566,54.483013
-4.262072,-32.578060,65.528023
39.920460,-17.833511,42.542107
-3.348024,-39.670238,61.638676
15.627112,-39.806320,38.595993
-41.646046,-6.943919,54.391609
-12.798001,10.027607,49.902397
-35.394543,-15.433569,45.375587
-36.203842,-18.925907,49.915436
-20.837334,4.191572,31.623098
-12.858200,-0.583409,7.863551
-18.679762,-15.985559,52.789253
-21.446970,-8.223596,62.717140
-42.369648,-13.613089,56.331345
-18.538927,-24.161417,79.030449
-19.851515,2.847211,36.066582
7.857194,20.444454,35.583054
-15.470798,-32.965446,77.777878
-3.180909,-18.459169,78.454048
46.635319,-14.252412,59.757736
-34.513187,8.780071,41.265083
34.585594,-31.660025,45.676250
-20.028790,-6.585064,61.641689
-4.653193,-14.364780,80.741394
-12.669132,-45.187813,68.043930
-18.235985,-22.900446,27.919174
12.735937,-37.779366,32.610535
44.656216,-6.955680,64.748108
-37.151283,-9.854958,46.058533
31.187162,18.212564,70.629112
0.852627,-45.474358,79.927795
39.175716,-1.198915,46.629604
-21.360559,-20.358301,79.219803
-36.400772,15.726164,50.045601
41.501133,-16.871004,72.968796
41.780151,4.438029,65.923500
33.024609,7.474333,41.626549
-2.353985,23.641325,82.656708
36.244011,-17.794872,35.587372
-12.788301,-41.823174,84.824417
29.536770,-33.233959,59.991966
-14.044060,-36.102425,44.213226
-11.704567,11.667225,44.572529
28.316216,-29.517239,33.857559
12.492191,0.135815,7.552799
-6.596343,12.753357,83.237572
0.557035,-32.784641,24.523190
-30.488312,26.259274,52.115677
5.647045,7.544765,6.774908
12.125581,-4.521471,8.225137
39.211899,-15.249415,41.119061
-14.522593,-20.710382,86.432907
17.494560,25.775213,59.065010
-6.955057,-40.227825,70.026962
37.337109,16.465128,83.268738
40.384567,-11.454015,68.112312
-15.353789,23.442554,26.979837
14.903187,-44.634491,77.704758
-11.901608,-23.088160,79.419189
-12.592758,-33.448071,79.256065
-23.256025,-23.829697,44.877464
-12.760979,-18.166918,85.377808
38.132980,-16.948555,74.006226
-21.975704,-12.453908,82.227142
32.653336,-22.221981,39.055141
10.426107,-40.180157,43.620689
-23.921474,-14.987304,34.796871
31.397217,4.573314,45.636230
17.396513,-17.918854,18.718645
-32.106838,-3.937954,34.045403
-8.730651,3.631117,85.232841
-11.182852,-25.086647,77.660645
-17.925203,-1.304191,14.902263
27.221546,22.165180,62.828056
-8.815019,13.472116,26.112476
-38.801594,10.857972,53.438850
-26.234867,-11.288138,32.604286
-3.644354,-23.768063,78.370781
-8.733088,4.028020,60.626835
-21.762749,-20.510231,31.939623
-38.975475,3.271073,50.379501
43.322502,-1.469542,83.234512
-34.062397,-13.603991,40.291523
4.796978,-30.148893,20.449982
42.596233,-4.113346,83.449478
28.076111,22.463299,79.053711
-30.026937,8.289057,31.945322
0.617002,13.911814,57.327919
-0.243184,-21.770163,82.560989
-33.641174,3.144729,37.158833
28.320513,-23.203936,28.556240
-14.719261,-24.953072,83.317726
-7.163378,13.397649,21.220341
1.544069,-42.441452,63.445290
4.941186,-41.107407,42.611012
31.077551,-27.529099,35.324799
10.504327,17.128529,51.986546
-4.301632,-42.393185,69.454025
3.557271,17.421881,61.160469
-0.117433,-21.038416,84.735779
2.868168,-41.655853,49.527405
39.491394,11.647127,70.412575
20.754364,-17.191385,18.733067
11.875527,-44.068424,69.292419
-15.943799,-2.105529,65.491241
4.210929,15.568876,35.311264
-9.126119,-22.327818,74.897240
-6.813525,2.851649,83.585655
33.425034,-33.325432,48.354416
-24.248882,12.535595,26.002253
22.758375,-37.614506,45.977283
12.391721,29.372015,66.675148
17.341343,12.531293,34.404530
-4.487174,-14.395996,77.048820
15.243894,-43.853912,49.735756
-34.762772,14.913508,45.642899
-29.248360,29.438517,56.207714
-9.615817,25.841259,29.723253
-33.297497,13.688611,42.759102
19.907049,29.423939,86.139099
-25.450424,25.651766,44.186588
36.597168,16.692181,80.064857
-22.743925,0.074411,48.579010
28.012575,-33.075176,47.035225
29.065218,16.602089,75.342453
-13.952232,-37.376213,59.252972
35.582016,-11.346081,34.135506
43.100037,-0.713189,67.382278
2.016160,21.666367,28.207321
20.881134,12.636972,28.540539
-18.865213,4.641190,21.276159
35.461052,-29.554346,70.556000
-18.565760,-28.493326,86.228874
16.496237,16.263788,28.357079
6.705480,-40.071278,34.912342
-14.141311,5.618481,62.750084
16.050848,-31.851179,83.409081
-18.950615,-2.907544,84.747314
-5.561959,19.519188,74.750626
-5.209584,-45.415901,73.957619
-22.596565,-4.159723,30.641558
1.192862,17.130470,48.068062
-22.520367,-8.099611,83.000877
-29.411316,10.831490,32.393906
-29.270021,19.521648,40.174858
7.887819,13.845343,23.937546
41.163193,0.396810,79.303162
-8.112166,-43.211102,71.984428
-11.298496,13.867240,58.719704
-9.508828,-15.767555,80.639709
-13.430294,7.626134,65.375961
-9.212346,-5.716992,8.900470
-2.844090,-44.462147,54.134922
13.050983,2.434242,7.677799
-29.727394,12.260354,34.280933
38.509590,15.395288,80.889557
6.832755,24.594402,54.791073
-10.598124,-43.545609,72.689034
-1.485109,13.438420,78.539360
14.941100,15.645472,24.592834
10.571738,-0.384767,5.504542
2.724499,22.801931,60.529625
-1.188980,-33.390926,72.825500
-16.935921,-15.896771,22.200277
-13.663284,-41.409618,64.722389
30.180843,15.379871,72.251083
5.418106,-32.657585,23.076380
5.214505,27.065084,73.964844
8.346961,-43.593578,53.235630
-20.837278,22.047581,30.727770
0.231491,3.366138,64.053795
26.322573,-31.977028,34.552929
16.334858,10.126997,34.079517
6.748571,-12.059027,6.955544
24.707037,-29.472939,36.347244
-14.411796,6.716578,44.324799
11.507785,-32.455238,28.744173
1.777414,-26.842159,18.769085
10.351840,15.612167,22.660599
-14.350435,-15.993917,85.794228
-2.694406,28.946287,40.274334
28.510769,-37.365364,55.752068
22.254866,-39.498516,43.255077
29.361021,-38.147991,49.730984
-21.499838,10.389058,22.832109
20.356083,-38.948174,47.302021
0.485996,3.022158,2.389308
22.916487,-41.790993,44.515732
26.764326,-40.775337,52.220119
-29.986635,-18.040539,35.888474
-24.561487,-9.390897,32.313438
-23.757544,-7.902219,68.580536
-15.901857,-18.316380,18.912794
-8.544476,3.195623,5.696886
-34.583637,24.277304,54.915962
5.117811,-2.750321,2.996651
-19.970610,-12.083333,85.635384
-3.007151,11.964617,65.270065
-20.478300,28.868797,45.806698
11.552547,-6.570945,5.468228
12.179168,-38.759460,82.512680
17.002966,21.676699,72.336357
-0.061404,14.658378,65.683197
-7.453390,18.510437,68.036911
-32.527493,31.302315,62.221035
-12.030935,25.881811,30.722029
10.418561,27.261299,85.241608
31.907623,-30.836985,45.113350
2.865086,-25.883509,80.082176
-17.630213,4.496593,41.955673
-25.046526,-17.476347,37.814342
-30.061884,30.608829,58.251057
31.270700,-19.767494,35.231106
-7.831386,26.540100,31.647564
-15.788226,-35.944016,57.832893
33.234398,-19.958296,33.049767
-12.189914,-15.325749,63.718185
30.968641,-22.436808,36.576496
-21.991941,-5.754219,63.039623
29.448530,17.716558,73.396637
29.887651,-29.172550,45.161919
30.048693,-32.277477,44.600681
-9.018781,-11.685724,12.647333
-10.265785,-18.030651,63.463486
-7.071280,5.603693,52.006554
-9.308445,7.419982,54.017227
-10.803845,-23.839302,81.322861
-8.730671,2.175275,76.790901
-8.068585,-27.756186,86.206177
33.289677,-5.522376,32.343910
-20.760229,30.572536,49.929535
16.832378,18.419489,50.920250
20.473024,-27.535709,30.224016
-4.015297,2.732668,77.903740
-7.165133,25.731026,28.862448
8.123295,6.689005,7.158823
12.628289,-2.091630,8.764226
-15.923687,-22.724806,64.562897
44.361366,-12.924620,65.562302
-32.041058,-8.420830,34.487469
-27.755955,29.414869,53.791386
10.833967,-36.842316,29.851635
13.976624,-3.671202,9.913223
43.751789,-2.631591,86.012566
-24.849150,-26.797056,49.664837
-22.758541,34.729019,65.303940
38.398357,-8.434873,52.260853
20.713295,10.165812,35.914471
14.302282,-44.982395,52.325993
-2.315274,-31.091190,85.849899
37.944767,1.201193,81.529648
-17.937798,-2.852991,56.263756
3.637589,-11.028687,5.640743
33.930164,-5.157148,40.200848
13.159225,-36.321980,29.076159
-6.350128,17.350300,24.584347
-25.027081,30.051302,53.714508
-11.615213,6.111523,43.923027
-26.744577,30.608952,56.025028
37.664776,-5.774961,50.828438
24.304489,-31.899908,40.155067
-12.329547,35.449364,68.290428
10.407221,17.818752,25.292433
-21.125326,1.428073,23.429848
-13.350732,4.465574,44.711040
41.057411,-4.496336,49.952198
39.471382,-2.514743,51.024536
-6.779225,-20.065886,69.354790
12.558996,21.520367,56.192020
13.175769,-42.695248,65.964333
44.551376,-13.777778,55.577396
-28.240517,32.250252,61.002468
6.952064,19.504477,47.122921
-28.510813,-9.877853,34.222733
-22.975321,-18.205694,51.172165
12.521412,25.654758,56.019279
33.745316,-16.491249,33.197002
26.220869,-41.625847,82.722412
-15.952729,-16.089197,81.029648
-11.422118,31.045219,45.575958
-11.279347,14.156877,37.849201
16.895212,20.130032,47.081474
9.153842,-44.023724,45.953526
-8.592710,-25.787558,18.390030
-54.604046,-1.936412,84.378441
-10.723351,4.330498,45.229645
35.330875,-26.905851,73.351303
-18.305807,-35.078297,52.199905
0.141034,26.844597,35.646042
8.627037,-27.637714,17.615973
21.080393,21.626118,68.540939
37.213390,-28.264492,46.857521
16.139650,20.399822,52.205109
22.329004,-45.466763,56.581902
22.219145,-14.217024,17.780981
39.107891,8.574778,58.628487
-11.205096,-38.470947,81.928246
-16.466188,-13.953186,76.063019
34.178951,19.194801,80.366814
38.569675,-9.155046,85.877693
13.188109,-46.069561,49.734985
-22.066225,-7.976549,85.848610
2.529041,21.459423,82.004814
27.790630,-37.498718,58.019432
24.609001,-15.416338,24.701834
25.695032,-27.387615,34.579426
1.519191,-46.472908,59.606800
33.224606,-33.344383,58.794727
-29.675739,25.113527,48.070007
-9.965790,22.548805,24.147724
31.454260,-13.041515,32.334797
-2.399355,-28.664288,77.648224
-43.509605,-1.425896,57.700592
35.312984,0.757683,50.685692
33.321606,-26.873032,48.243156
-17.360113,24.940210,32.111275
-12.901591,2.230709,85.999489
-17.639883,-39.179462,63.733879
30.012629,20.312143,85.548691
32.963650,17.991459,56.209740
24.381302,5.888488,36.205460
37.736946,-5.741452,53.873360
12.154252,-13.201651,9.186983
-10.546760,14.158397,22.808197
45.388420,-20.644802,62.747925
-6.917976,6.004993,84.531700
-10.396587,-33.046669,28.327158
41.961311,-22.443546,60.826141
40.111481,-20.760614,43.617119
-32.805958,-18.003899,43.147808
39.352291,7.645241,85.351791
-12.680122,-19.643824,77.915001
12.350470,-36.727055,85.078430
-16.027559,-45.979176,72.076080
-2.285622,15.612803,21.735027
42.778183,-8.851868,79.302147
-11.312586,23.957636,26.679024
-27.966213,-18.664993,34.004486
-14.883642,-47.058384,70.425552
20.995592,19.778088,50.755074
-4.151949,11.932100,85.831177
-23.813278,27.511597,46.227928
-35.337536,4.504483,40.997318
-1.315083,15.547084,44.485809
10.019458,19.284473,54.869671
19.565134,27.796091,69.702972
27.408411,-30.309795,84.136002
7.158730,-37.616062,82.666245
32.990635,3.916876,53.204941
34.034031,2.514159,55.724174
12.735353,-40.667740,85.009811
44.711330,0.226125,85.485847
14.434464,22.480425,47.904701
-19.396463,-23.497774,62.245750
-4.060334,-41.237473,48.740231
39.356926,-27.841669,52.113270
-4.327295,16.295809,45.214596
27.977337,-0.702781,27.600462
13.906747,-41.320652,68.649925
40.851650,3.669432,77.709053
31.018158,16.736523,67.231590
-24.933010,-27.499533,43.048882
10.330210,8.254348,11.592227
0.671065,-36.978237,78.160492
38.190613,-6.636887,69.476654
19.249104,4.449678,21.629181
46.888233,-1.525472,79.758293
-16.083017,14.085817,19.425158
1.838090,-34.162590,30.033464
0.874321,25.711912,83.960403
1.525866,26.256065,74.392921
40.544125,-3.342901,56.887440
2.348499,23.079281,72.088722
31.949577,12.153536,44.067684
-16.268635,0.880710,49.106415
38.197933,1.078670,67.826263
-21.052649,34.290848,62.825474
36.668304,3.473544,45.244633
38.640945,-27.108231,61.158150
-10.369251,33.375198,59.410782
-25.993870,18.915136,33.291634
40.151009,8.081314,68.128708
39.153374,-10.670322,54.383129
25.159607,-17.207687,26.970568
-8.806959,31.355789,45.638680
-7.920775,7.601175,49.436153
2.208968,19.709103,21.623943
-16.611946,8.369946,25.760242
-24.195238,4.261343,23.721546
-34.510918,-9.788021,38.532131
21.366814,9.376351,54.658699
4.832727,13.982576,38.387196
37.681896,-29.836843,58.065681
-13.759432,-25.614122,86.172241
10.556096,23.961903,72.844971
39.865913,1.686193,74.546806
41.082684,4.828209,54.195820
-7.175836,6.141304,46.728973
0.479449,17.741879,45.278297
38.922791,-6.151248,62.586674
1.865052,15.473528,30.843464
-7.858983,-8.310959,81.283195
-26.981279,-47.679901,71.935608
26.818628,11.415830,35.915359
-33.758263,39.275658,80.840004
9.434840,29.382019,65.271149
1.060145,-40.432835,85.141464
-11.252340,-0.056210,52.509022
-8.647409,-7.178395,78.710571
-8.594678,15.596083,73.758911
35.742992,2.563274,66.504509
35.350624,-20.315388,35.750980
39.432053,-6.862570,65.742188
-9.538343,8.713938,80.870712
14.698552,-32.978157,81.087845
-14.396330,-29.940296,83.187637
16.280649,25.257017,75.777039
-7.064339,11.320547,74.866119
-12.104748,7.149727,10.825541
-5.532032,-39.716206,54.088562
22.267429,-37.253727,77.715912
9.669107,-27.728569,23.561317
42.110062,7.352307,76.883896
-1.487127,10.123516,45.975807
42.810810,6.267942,80.869080
-17.032272,-17.416397,54.680958
39.901859,-30.162809,63.733372
5.026947,-26.476429,19.725182
42.705219,4.044321,72.632599
-5.892824,5.707531,49.496262
-5.039271,30.385185,44.915066
22.256289,-40.507317,40.818523
6.257330,-46.879070,74.386276
14.118189,-47.788486,75.216125
9.707672,-37.594337,72.152283
15.782490,11.968362,62.629391
19.471447,8.025058,33.753754
20.393133,-45.527424,76.109642
-18.590040,2.024541,56.379162
37.925945,-22.493200,42.210899
5.861772,-37.753906,31.211615
19.416744,-40.430878,85.992813
13.735517,14.353370,21.835968
-18.483780,-6.386463,52.056152
-1.934455,-23.673048,15.167365
11.034004,-24.965553,15.753342
-13.409708,-34.243130,45.243660
40.781368,-31.584414,73.891724
31.863024,9.810871,47.929955
40.779888,-11.366798,83.200340
21.035458,-8.879063,16.535032
10.198805,-22.393332,13.535109
13.398770,11.109432,23.372145
-5.495186,-6.288418,76.058380
27.926970,22.258114,83.478508
-7.586103,-14.187593,8.486650
24.844725,-3.873778,19.296383
-17.314199,7.839430,20.988262
-18.714436,9.852904,19.127266
-22.763128,-32.325062,51.216934
11.971378,16.015154,29.706165
13.749573,10.968080,64.650330
-43.789284,-12.097546,58.330898
-21.998535,-5.782629,52.532227
42.695637,4.954031,69.257530
36.435699,4.348332,42.965584
27.726196,-39.035519,63.455082
9.193119,14.520613,52.765583
-0.240529,12.220901,42.617966
-12.517694,32.778305,57.395191
-33.725979,-23.500950,50.358719
17.232430,-23.534681,23.213539
-6.690110,-46.293659,67.382980
-22.186586,-5.519984,28.562052
12.682039,18.003941,27.931797
-10.247416,-38.026398,38.364666
0.750772,31.147840,85.784012
13.417850,18.399479,30.523468
1.201533,33.941940,81.478416
0.257003,-40.167519,52.611183
-27.520309,18.052647,35.359119
36.688869,0.618443,44.436806
27.162579,-40.953270,66.360542
-25.191992,-5.053847,28.577425
11.868928,23.774584,60.728729
-1.407993,-26.194166,16.167038
32.953243,5.587134,39.380211
21.893740,-30.942322,34.978832
18.703394,-39.767944,38.020432
-10.137490,-44.791893,65.097153
-18.369514,34.232315,63.528442
29.270485,-42.615562,65.038727
-17.680695,-45.708298,67.123558
21.778746,-33.535103,39.193428
-18.712149,40.064846,81.520454
-31.491148,-0.517151,33.045738
45.512367,-20.204948,72.655975
45.779556,-1.693608,61.876816
-21.220741,-19.750046,48.549198
-15.063209,-14.896211,59.802094
-31.449368,-19.167244,44.821781
-15.278763,32.472282,56.388859
38.001118,15.505845,85.478592
38.770954,-0.741288,44.208153
31.118050,23.413576,76.587410
-20.033792,2.699249,20.617514
1.452512,-22.582783,13.783400
33.588608,-37.427521,78.487518
-24.853445,20.415268,34.409588
-24.332291,-8.650668,41.852867
13.742741,26.419683,63.704971
14.260209,17.853319,33.872555
-15.376084,33.805099,62.423805
-13.221236,32.432602,54.672962
24.054722,-8.317788,21.016151
-27.788124,-5.847029,29.417076
9.935451,16.180618,28.490496
13.391348,17.986683,68.647911
-19.115320,36.561005,71.535965
32.598709,20.140806,76.610237
26.995213,-44.197548,66.530441
-24.883980,-11.196268,40.074200
-11.376347,-36.118401,36.326324
-18.693668,34.863895,66.086906
20.324537,12.132779,38.099438
27.468260,10.802567,48.873199
10.196135,15.258675,25.201672
-8.521520,-37.467636,50.831879
-7.338702,32.975597,57.561394
37.596996,-0.882652,73.364349
-16.415117,-9.452906,74.951996
-21.067589,2.923490,48.288094
8.374755,7.799309,59.523808
37.430004,0.827767,75.527588
20.047182,-46.255745,60.461937
-18.205614,-0.903363,86.152992
8.720611,-18.965698,9.792747
-17.884052,-17.006550,20.340309
-10.963250,12.334560,79.507431
-36.209831,-6.629461,41.370846
10.728356,-47.480381,80.073303
21.639381,25.848629,69.858437
13.895927,-40.997047,82.460175
10.045522,-41.373474,84.652443
-9.091509,-11.955925,75.526436
-21.898287,-10.970894,78.491623
-21.784382,13.366953,23.421112
30.936617,23.298988,83.174774
30.904636,-35.047504,43.279564
6.230098,-41.568916,74.732574
24.437496,-37.547840,81.988976
-14.087282,-25.970259,71.215530
-22.819000,-10.269979,74.986176
14.513767,-39.102016,34.225521
25.142019,-0.505198,27.669432
-4.737426,-31.410122,69.180191
-6.404234,14.478552,32.063412
21.433372,12.811140,43.020767
13.523408,8.017543,15.118380
11.033861,19.494755,26.621370
-21.522314,-1.932162,48.141045
18.722275,-15.938713,19.434170
-30.378851,1.837505,31.262300
35.760990,0.746394,72.763481
-10.139556,-39.818817,51.888992
-0.822045,32.133793,59.764458
-9.485580,-32.167484,86.163185
35.104164,-28.907412,52.831398
-23.927322,-16.261570,41.533810
1.203808,22.246420,33.327198
17.600235,-33.979515,29.879732
13.290845,30.129400,69.808151
-22.507572,-29.061337,40.118984
-16.134905,17.392412,22.048368
-3.243440,16.462961,49.273773
12.768764,-34.022755,78.840195
39.659748,-16.934063,55.602562
-13.626612,17.070723,20.182396
-0.813726,33.019440,68.460243
-5.952303,10.940454,10.656276
-14.969204,-18.561802,81.841057
39.685703,-13.089160,58.288582
0.976053,30.878407,51.171474
-24.161436,19.537273,31.330030
2.286314,-33.302719,81.011551
-14.818669,-45.506767,66.531876
-4.885961,16.144098,42.481075
8.492658,21.240408,49.229542
36.620754,-10.864112,40.871002
-9.493517,-42.737869,79.214447
-15.677090,20.791956,23.986130
-17.379597,-19.780315,25.351006
41.929810,-15.375340,69.675819
-6.542994,15.693757,50.658554
-16.545530,-15.643121,63.874393
5.195659,-28.213827,22.051468
30.799343,18.735004,54.710297
-10.803362,-13.012224,14.607889
0.752834,30.346323,47.332558
-50.824100,4.098117,73.904358
-25.636829,17.619225,31.278784
26.817091,-39.488094,70.102928
-13.126601,-12.882116,85.992493
15.584408,-17.957535,13.434982
31.563215,-38.419277,51.181168
38.413979,1.851387,45.572853
29.441690,-40.089066,69.669441
-8.165001,-41.626564,63.381378
-14.231952,6.148691,53.311230
41.824806,-9.293524,52.445656
16.768810,-13.964079,13.775578
28.653706,-30.950569,41.095772
19.524530,15.693253,39.728653
23.528364,-38.510250,72.839233
-19.019794,-4.038572,48.846153
22.076113,20.832081,70.826836
-4.835394,-0.402771,71.267555
4.688796,29.418959,51.375202
-10.867243,13.305781,62.273201
-51.059269,5.496181,75.848587
7.929961,-13.945261,9.872772
-23.415348,-19.586424,28.205240
-15.210674,-4.954478,84.897957
7.799279,17.194080,42.205002
38.761902,-7.255576,78.722015
3.136361,29.530895,47.033863
-11.752028,-43.726799,77.134880
37.428596,-13.654684,45.848244
16.885288,24.145844,52.767921
-11.312192,12.375612,65.294304
-9.254026,12.310753,60.073112
-9.942724,10.912141,62.117062
14.158873,14.292978,42.735367
-7.090012,9.182029,60.278339
-13.205489,-34.120590,49.171276
4.311129,24.659821,82.126053
8.004200,31.227694,84.127045
0.105808,21.371405,68.048950
36.544716,13.593525,73.303955
10.110927,9.549237,65.671387
-3.666837,-28.304136,18.291904
-14.322162,8.962955,37.668175
7.414287,28.651531,79.498520
16.533934,-41.731445,82.554695
-12.017436,9.572786,10.184410
-3.467018,-28.653095,67.432541
17.645363,13.802797,36.824738
7.920873,13.529392,40.781235
-9.538910,18.648237,20.876768
8.393452,22.370840,71.191345
14.590442,-42.686596,63.000740
22.113817,25.376072,78.153244
36.698498,-23.184462,69.083450
-22.261095,-22.099674,52.746357
1.880000,28.890415,44.490929
14.192770,-38.070545,80.262436
-2.743654,-24.183842,85.076950
-18.960033,-11.897912,68.514656
12.499340,14.181471,31.741577
-5.034982,20.925402,81.214149
8.359063,-46.414383,52.081676
4.432406,-42.489876,82.683609
-2.288170,-36.298214,64.073608
34.878777,18.160267,74.842041
37.494438,9.164572,79.154770
-23.378351,-30.536364,48.188709
-11.909597,-20.076977,71.092773
-15.091177,7.739180,14.204768
15.080161,-20.079754,15.093540
-21.889036,-19.816021,57.396538
4.044784,11.249794,44.604763
30.067419,-36.793602,84.415268
-4.354886,20.720352,25.790424
18.202477,-28.145994,28.251106
36.808952,-9.061638,44.848022
13.687515,-37.920769,40.101639
14.063712,30.528376,84.417503
38.686695,-16.135386,79.521797
21.922007,8.637012,24.534870
-9.429623,-16.104040,78.015228
32.944439,-17.237017,37.963165
20.880800,25.358248,64.253761
43.658783,4.433979,83.505112
-22.874716,-21.863544,35.843712
-19.632076,8.886816,43.246727
5.392889,14.146013,48.789272
10.424058,-46.595482,67.574272
19.129990,7.714292,20.550598
18.522310,9.900366,20.143785
38.787262,-9.054007,67.990562
-20.439545,-23.573883,85.432709
-11.897214,13.052616,68.066841
-31.679134,14.401940,39.541187
-33.554844,-25.919504,51.950016
-12.859300,-35.423450,82.098511
40.798286,-19.319408,46.391521
9.971041,-39.442379,85.908783
15.224352,-44.897705,65.405411
36.920063,-22.335926,80.119003
16.512182,-43.887794,45.095131
36.274960,3.050830,81.050194
9.094756,-38.195599,38.926701
-10.287745,-39.519836,85.036682
2.490419,16.211437,75.936935
34.752369,-7.807125,40.798283
5.919219,-43.243050,57.913612
30.679359,6.276055,60.979191
22.572786,-36.459194,37.542236
-20.452700,-18.041821,65.160133
-9.661661,15.985061,80.302124
28.073267,18.082846,64.121605
19.804274,-19.595840,17.715427
-5.275649,-25.149799,76.330757
9.948649,27.063522,54.543896
-7.851740,-28.149410,69.835678
2.353526,28.627844,62.212162
-3.592730,13.654341,37.940735
34.014084,-9.009537,38.494221
16.082600,-15.176570,15.964357
23.460390,-31.154989,30.971172
-8.011182,-28.131447,23.405209
33.618484,13.822239,83.691879
10.043767,-45.610294,49.499508
8.572148,14.686821,36.928371
-2.277584,18.208660,63.454700
29.586397,-24.836178,31.763573
30.722284,-20.664310,30.298109
3.808834,26.110806,66.151543
-4.377725,15.206776,15.705853
-10.053096,-4.613546,58.070198
15.643545,22.423920,54.644817
-56.041378,-15.212503,86.189728
-20.359171,1.875273,38.661324
7.828403,-1.355964,4.481085
-28.466946,-16.476877,39.615322
27.474342,-37.292683,65.823715
33.729706,21.174774,78.724701
-24.171490,-0.203153,24.934109
-21.814760,-18.525566,82.469185
44.595409,-24.024391,74.635620
6.322168,28.545071,65.501450
14.653367,-27.601738,24.806248
-22.220272,2.509839,27.323013
-2.340523,15.747316,14.542356
-23.491180,-15.456905,86.229645
24.284586,-36.737301,49.786583
33.231640,-39.395222,57.709839
10.209575,-5.062824,7.165243
-51.088982,-34.516853,86.130150
-16.497982,-34.032578,65.029305
6.001429,19.545849,57.741119
-26.277695,-15.751040,38.944515
-11.942589,-40.453014,70.080879
-5.262814,-40.560291,44.133408
-13.839573,-30.338717,79.263756
18.480370,17.457579,46.532173
0.381622,17.820446,55.718307
-0.444202,-38.953907,33.033222
-52.971024,4.895406,81.744774
40.543118,-0.012311,83.701004
5.298153,10.299623,51.832100
40.803711,-16.972160,58.399696
-14.521896,12.989185,40.274033
20.523577,19.968925,47.433334
-17.689369,-33.765469,62.298546
-19.779520,-0.731686,81.690475
19.631495,-4.828922,15.043396
-2.500825,-44.762852,57.197948
-2.606349,14.767878,69.802750
-16.755623,-28.840961,75.500496
5.704968,-47.548325,78.674171
16.998907,9.192033,24.445641
26.505247,-7.694873,24.312422
3.689654,-40.033123,71.244286
-21.898006,-19.255161,29.962950
-15.086814,-37.409882,61.924576
30.533129,9.480541,55.448914
-23.379034,9.029257,24.106482
2.131250,15.269894,24.646999
44.890293,-25.000891,72.164009
37.248428,-2.352110,58.974815
-8.059105,7.398643,73.987686
-10.142886,-27.648140,81.446190
-9.439772,-7.878603,61.585735
26.751842,-36.360210,68.944336
31.959030,19.164204,78.962982
-9.359146,8.775876,61.086121
45.590733,-10.521024,75.849342
25.302134,18.898981,47.980309
-10.982337,-45.884911,69.793381
-33.658237,40.578487,85.189102
-8.411530,39.593155,86.348099
43.106533,-25.156199,76.968246
-16.008659,8.068556,57.875900
8.905978,-26.133821,15.730713
-11.442874,13.284759,34.884094
42.870007,-27.315294,77.542938
-3.206858,4.571488,75.595505
-6.355224,-15.335846,11.234388
43.911381,-26.256014,75.032333
-4.929564,16.342466,70.989525
41.001366,-26.105129,76.814529
22.879726,-45.292336,73.623184
-21.111176,38.617516,77.473793
27.726416,-34.083874,70.179558
41.672966,-23.619066,76.342270
10.747844,15.406769,66.154984
-2.211446,17.257586,72.809212
5.143003,-35.547462,78.133591
12.766667,-23.790691,16.637018
-0.951938,0.683363,63.791222
25.121815,26.105595,70.434631
-2.688955,7.095418,74.314995
8.855712,14.638041,68.954895
36.720287,15.296595,70.536057
-3.996097,14.076168,21.991180
-13.797585,6.011400,80.352509
-6.927870,-15.598729,80.726608
-6.894717,9.299653,44.398743
34.902218,-6.646248,34.316910
-5.793323,-38.463547,51.416698
30.016148,-35.218109,73.726151
-26.082140,-1.186293,26.257000
31.017815,-34.881641,69.599136
-21.345354,-31.622545,46.438595
36.681126,-0.881549,70.851295
23.636541,12.382504,39.661022
-7.675973,8.946402,63.543129
38.578533,-10.857895,50.280449
30.654085,18.754950,76.010757
-16.235979,36.573769,71.418846
-23.736540,35.171394,67.988419
-20.469038,35.482693,68.485352
-21.264008,36.175762,70.609261
8.080984,30.018686,63.404892
-30.566435,37.194801,74.837112
17.759106,-41.354790,49.258369
-10.253330,14.154456,40.663658
-25.180721,37.056133,74.174347
10.332520,-48.270630,77.295425
-3.836060,13.753633,67.387711
11.847996,28.839640,64.000313
10.229707,29.920301,67.416985
33.876125,-26.421429,81.067688
-30.680439,40.638283,86.201248
-25.388697,-18.878389,33.003204
-1.039401,-39.518856,57.033253
-2.010055,-40.946270,42.043495
-23.761549,40.688160,84.706612
8.738733,12.620510,60.380226
45.023243,2.721628,84.882111
-26.807985,39.110279,79.269539
19.436707,-41.564198,73.030281
42.781776,-23.590477,79.846077
13.638448,8.161316,12.868005
16.195997,-29.625532,29.772060
-8.669562,-35.712669,54.230484
-0.446411,20.660330,64.749687
7.276248,26.065889,83.223053
-0.104033,34.307095,85.852921
-4.367620,16.915327,68.618912
14.182570,-47.091908,69.171341
14.193778,-48.987202,67.508820
-13.231443,-25.081909,25.455883
30.607662,-42.293831,61.103577
27.386793,15.435931,69.240067
-1.397153,12.373590,39.825485
-6.546280,17.139635,73.233498
40.505600,-25.275034,54.771748
10.118954,19.637424,43.449749
1.886397,19.611563,69.577568
43.535271,-24.592569,64.980591
4.326901,-39.367878,33.222755
1.722056,-23.827002,82.144890
-22.654518,-9.635788,26.307695
6.834815,-42.854347,40.916916
-1.659425,16.771660,68.179077
-6.692752,16.429819,30.892611
34.608044,-13.413343,32.090908
-13.707051,2.542871,81.506538
31.258499,-32.434471,63.502342
-0.668919,35.202000,79.818947
-22.081654,31.253904,53.509750
33.321121,-27.291788,38.120167
1.959786,28.300095,66.581909
37.156258,-1.136713,47.971931
-6.575075,11.345292,49.876526
17.045425,-47.733421,60.756588
-9.126774,-30.790962,82.128868
-4.955777,-44.254753,56.125088
-10.319229,-45.600990,81.513100
-1.287909,14.713516,23.804579
5.560215,10.739283,68.111519
-49.013790,6.068612,69.585373
32.826271,10.218127,53.352699
39.521492,-0.659806,54.275032
11.348358,25.703808,70.728432
9.681735,-44.662575,78.596237
22.354792,-27.673040,32.305656
22.408737,-38.347389,55.458725
18.635649,-37.306374,42.392689
-16.979218,-41.182739,60.778267
-2.722068,-25.210218,82.796219
-25.180426,-22.896687,34.381577
0.958220,17.895187,42.601887
-24.653826,1.403232,28.206177
-4.333330,-43.371021,72.149124
35.245399,-25.743755,52.562340
33.503624,-31.303604,76.133179
-11.123630,-21.764849,18.311951
-5.233070,14.639088,69.224289
1.893717,-35.106781,69.375237
1.921082,14.831291,44.185234
-18.536461,-18.297979,78.566185
-8.308408,-7.297133,74.187279
-8.033216,-12.940798,68.500732
43.983673,-24.509115,61.922802
33.321342,8.959539,59.819695
32.958855,-31.258188,42.476315
35.659756,-17.611830,42.408127
-27.873438,12.077890,30.962763
-0.940765,12.312422,67.762115
46.126610,-17.392254,70.929474
-31.805387,-52.034061,85.161476
-5.175368,-24.830282,19.456623
20.252558,-28.944416,86.364708
-4.792476,7.582598,68.386391
-21.360199,-7.373702,72.445000
-18.019835,-15.149168,82.761772
-12.849694,-28.129141,68.194801
-8.752873,7.297003,51.676350
14.888396,-44.592213,43.741631
-25.180391,-11.765207,27.820131
-18.878908,7.990932,25.902235
10.634904,-19.314205,14.979164
-26.079666,26.837566,46.135193
45.684612,-17.679829,57.732285
-2.921279,-39.913239,37.364578
-4.551184,-38.587852,45.893921
45.630104,-7.655408,68.638794
23.114594,-17.305939,19.246649
11.645292,-43.438988,61.136513
-2.493443,6.102250,63.891953
-23.189934,-5.200111,44.292606
-17.890720,-31.192780,64.650764
35.330544,3.483685,60.929634
34.100021,9.667962,73.099983
18.676723,-44.423641,45.335678
-16.762289,4.587355,16.071241
-7.117440,-31.668741,24.317650
-13.425867,0.548782,54.874325
12.535355,29.835981,73.294388
-15.992396,-46.264462,77.411263
-6.531990,2.358756,71.197067
-6.371574,2.596190,64.122795
30.844494,-4.024759,27.779694
21.120207,-42.004143,53.528675
-23.322186,-11.939404,64.386230
22.934412,-44.624588,79.409645
-22.926451,-34.787758,53.352146
24.709463,-44.663609,58.137833
-2.665091,17.137743,17.110632
-0.103479,-42.861378,56.971966
43.370876,-27.220013,67.981186
30.879839,22.748711,69.782112
12.357139,8.783429,56.312866
42.626446,-26.345304,72.960182
-4.826353,8.862879,82.446136
32.626808,-2.516373,32.969276
35.771523,-37.584873,64.608154
23.687868,25.703686,80.598831
14.872595,-47.682976,56.187866
26.178038,26.910429,85.562500
34.638309,9.228628,79.571899
36.170429,-25.567316,61.824547
8.370584,30.948227,81.255264
43.356049,-6.053339,82.253120
25.748812,20.853264,56.683002
-18.726431,-9.446268,85.404320
28.138798,-6.354424,29.799406
-5.847345,19.003889,20.084064
9.480971,-49.389301,70.063660
-21.503325,-21.860769,77.215302
-6.841065,-28.912209,75.344231
1.442735,-26.592073,76.417175
38.304520,-19.928257,51.934551
-25.553751,-14.450992,43.034782
29.628643,-33.680603,56.133537
-23.628269,-4.232969,38.450008
-25.008688,-1.979500,29.077358
26.056379,24.030563,85.912445
-11.092403,3.033141,47.810478
21.308033,-43.407276,62.661816
-7.357060,-42.004036,56.726334
37.853928,-26.718832,69.734451
18.286184,-35.636898,77.091835
-3.307628,1.717817,73.414940
6.408350,-19.938883,12.249522
-15.034727,-45.086304,75.335373
24.369495,-5.158206,24.540956
36.571281,-9.517886,38.152576
46.160900,-12.958380,57.224205
-11.838531,-15.905052,86.007156
7.020790,30.685953,68.002983
-14.177840,-6.044552,15.133004
26.658072,-6.682596,27.169924
1.813095,25.017735,34.282936
27.270660,-44.365452,72.049263
39.072594,-28.311481,75.107086
38.452053,-24.019325,63.993118
38.357132,-15.334305,48.626514
-11.177118,-35.273239,80.240715
39.995358,-10.128523,65.149994
18.987375,-47.538052,62.374977
10.828064,-17.472895,12.935726
-14.375581,12.480469,49.721409
-22.330532,4.006556,21.670086
-10.135638,-27.559101,21.771599
-11.322598,-12.670673,83.872253
32.832756,13.567780,74.423325
25.893354,19.444969,62.486328
29.179285,22.407881,65.917046
10.647849,-44.218067,57.678143
29.177704,-34.652172,86.039665
33.165787,16.132442,75.059975
6.927763,16.734295,50.882263
-20.830412,-48.914425,78.301521
-52.828423,-6.748257,75.413452
-39.595554,-5.781762,49.805298
-19.180708,-20.486494,51.239723
-31.277660,5.519057,33.570160
38.856182,-12.392941,47.929466
18.714979,-42.850571,81.310188
-7.389147,-5.085118,68.196518
-21.808830,-25.452562,41.493343
-7.316545,-21.261148,78.686920
20.654320,-44.947617,81.110962
-3.071045,-43.006832,55.868702
41.952549,-26.725027,82.152435
-7.895316,23.798393,25.188963
-13.917406,-41.656502,58.867386
37.884914,-19.829285,68.746986
4.482461,-46.188263,66.709656
-5.914428,-23.025789,77.542999
-4.989478,-40.338310,38.708023
-2.385423,16.247454,19.373253
-11.231539,7.609692,8.505607
31.923264,4.541204,56.517624
9.534664,-49.204098,75.519630
26.429346,10.590176,56.048466
32.603653,-10.367326,29.942959
30.649591,-36.255291,61.047573
-13.151136,8.203754,41.653641
-19.087107,-2.616041,62.127541
-8.627720,30.415258,41.908489
27.222530,-35.530148,39.037075
34.698452,-32.687447,61.635849
-1.135711,20.520489,23.751713
-17.039501,-47.646725,70.795326
42.489090,-9.264503,55.054478
32.820911,16.239119,85.543488
44.850842,1.410550,65.147308
5.508339,14.424350,43.425064
-4.889857,-46.159561,77.168404
16.829905,25.911480,69.838570
29.869167,10.899903,48.726002
19.034550,28.803997,73.033096
9.673943,-39.647419,36.905560
37.318531,-17.976276,48.185028
4.793466,32.056736,73.919159
-10.567587,15.206971,24.830294
35.268799,19.053408,77.545746
-5.771516,-9.815399,73.774490
21.854309,-36.749485,74.715828
-6.444354,-37.169598,84.621895
4.006742,-8.595467,3.684181
37.995113,-25.970037,73.460495
29.893715,6.929915,53.619076
36.504795,16.079159,76.822586
16.540691,10.947881,56.172909
-20.401665,-32.826923,49.415947
-4.670864,-31.664080,22.893438
-14.412252,6.132011,41.952065
-23.211576,-25.481260,46.987133
44.463921,2.911285,77.856453
-13.539696,-14.586431,15.631063
-14.431593,-12.911592,67.229797
-7.282328,-29.842440,83.188637
24.144110,9.711065,54.109596
15.935916,-10.902366,13.190392
33.478138,-24.373499,36.859966
11.841580,30.699724,75.827248
-11.871881,12.797634,20.655167
-7.276520,31.839533,49.211945
-5.848782,-11.247868,80.838455
28.511921,-41.417347,81.175003
11.243096,-36.477844,80.366936
-11.670282,-19.508263,83.156570
0.016392,5.619063,70.753609
23.763926,-45.501942,76.200630
39.844257,5.498601,81.068336
43.277412,-17.203304,85.059143
13.189581,-47.374512,78.162865
26.166140,8.474827,50.072941
29.226229,11.005127,39.696846
-20.179186,-24.451197,48.239483
23.054981,15.388851,50.802452
46.271126,-18.268450,59.755825
25.398027,6.611963,27.824276
-21.946177,-1.861115,39.982170
19.856531,-30.617996,26.989061
37.839931,-26.767794,44.389107
18.957979,17.712517,53.165794
30.713482,-9.178045,30.427341
10.330983,30.008568,78.696304
-0.107524,19.690746,26.727726
25.927727,19.890053,75.205528
-12.598076,-38.622597,48.491650
14.669781,-11.022570,8.285085
10.244460,17.619978,70.073853
28.022165,-38.547256,51.898476
25.342508,8.710581,40.038185
-5.931269,-36.988991,78.801758
-13.370502,2.030032,59.605583
11.066661,-39.484459,72.206459
33.771431,-28.319504,64.833694
42.824253,2.838764,63.926414
-13.522614,-47.145576,73.913460
37.763485,-16.834133,38.224266
-5.429166,17.298857,17.185320
-1.769810,15.731674,31.780384
33.433849,-25.388605,46.346909
7.674568,-38.710850,41.387821
-16.326372,14.930501,21.751648
-13.222327,9.885779,83.100128
-34.708706,1.179251,38.891758
0.439971,2.772208,66.645622
16.302851,-11.816832,10.439144
20.127636,-39.880566,50.033779
39.774166,-19.274584,61.938175
-5.853559,12.790264,43.722473
-12.113210,-38.093002,76.504456
15.287868,28.140173,67.852264
4.955949,14.237597,70.173096
-13.110909,2.949184,52.291100
-10.592248,-35.882339,47.645683
-10.507925,-34.784042,66.146149
37.907360,7.635245,74.680397
-10.907928,-10.622155,58.244553
-14.389563,-33.574390,75.353439
1.325001,28.442671,76.167786
45.770599,-6.955508,85.945648
-19.672377,-32.711460,44.785141
35.411465,13.742804,60.416756
17.141262,26.478859,72.690331
7.323370,16.577311,71.083069
37.406666,8.508693,60.784607
-20.969015,-29.554216,50.384556
-16.662470,-10.663579,84.603607
-12.194816,-8.100931,85.815460
2.838136,-33.360722,23.605165
37.699032,13.732740,57.999100
31.299070,-29.668962,76.620026
3.837363,19.656322,25.272995
21.781116,-19.359186,19.224154
29.022669,-43.523548,67.837952
3.074654,19.046648,40.813251
18.765314,22.925774,73.212982
-19.636150,-4.482568,78.696541
-10.939434,-2.823174,65.394783
36.591022,-33.022964,52.301983
-0.884724,17.182398,84.309929
41.292927,-29.723717,78.869293
32.518478,7.012239,67.330292
-6.703999,8.320939,77.246468
-17.113832,0.041382,63.069553
-13.997993,8.336809,62.809696
11.126816,-44.885178,52.397846
32.262703,-31.380180,66.938950
-12.700180,11.790055,63.222904
-12.256173,-15.688223,71.166405
21.431936,26.373930,81.310921
25.976460,15.514873,53.300514
33.648987,-21.998608,34.658283
-4.207739,11.616328,39.926331
4.935746,-22.389912,11.748110
-8.803635,9.371449,75.780472
-23.127041,-1.637657,31.493189
-4.881434,27.797129,35.490448
-8.315959,-13.988438,85.687424
21.776901,7.106920,27.626675
-7.792817,-16.870745,14.802433
-11.873550,-17.093527,76.951332
28.219820,14.655429,47.507576
12.986666,27.307991,85.721321
-20.475538,-24.460876,55.281929
36.669407,7.197928,57.296326
18.747992,-22.537615,19.400620
-12.474541,31.383911,49.997581
-2.060761,-39.743061,44.593895
-5.420828,-32.450996,85.357300
43.908134,-17.323559,80.577660
9.196642,21.906319,38.359764
-12.322755,-47.500828,78.834824
-5.060138,17.693518,57.772354
44.434986,-2.809295,57.815037
26.565111,7.269005,35.217728
3.284372,-38.334091,30.957420
5.268739,-46.082546,52.254734
-20.341291,-5.688072,68.870667
45.075230,-6.754728,61.732407
-22.992903,0.904565,38.540367
12.891209,20.234892,40.467106
32.745552,21.204378,85.799324
31.835337,-33.320450,41.840858
42.655174,1.950542,66.720467
41.060158,-1.275810,73.131622
20.263292,13.675236,60.052853
7.733477,23.971346,40.097614
-7.316735,-46.700706,72.775002
-16.706617,5.027772,82.023247
30.290035,13.596703,74.090973
-7.871305,-36.213009,81.590073
42.010353,1.018133,85.912621
30.235088,25.222784,84.298676
-20.654224,-16.903997,23.153494
-22.263197,23.160965,34.588352
11.072395,22.476540,52.486015
-9.691525,-19.031746,79.717545
-7.134943,-1.244995,65.398178
7.764002,-7.166263,6.572745
15.241215,-45.196671,62.823570
7.168486,-43.035362,62.045559
15.968380,-39.066147,44.462242
26.442291,26.489414,79.455444
39.052795,-13.650686,39.053764
19.160183,20.889385,69.558380
29.556265,-28.790878,36.968082
16.188772,18.475115,44.032547
-7.930843,10.789547,58.288109
-53.445885,8.030718,84.581184
-3.561561,-1.745746,2.972114
10.169527,-33.967632,26.275108
0.702527,2.977657,54.056110
38.830177,-6.854973,59.116398
38.327557,-6.954206,81.639465
-9.389263,-31.534582,68.889954
-17.453831,-30.524862,50.354805
45.687843,-8.428116,81.480911
-13.173953,-30.831602,85.503654
16.727386,-39.423717,35.993809
-23.892193,-49.607704,79.072464
30.347256,-4.714839,33.312363
2.734660,18.069723,28.396057
-19.774374,8.343771,37.279697
42.054638,-3.295750,59.302906
-1.512222,16.659826,41.858070
-15.650485,-15.232710,17.061960
-2.452261,-23.942633,71.317131
3.181837,-47.453133,63.778976
23.901079,-38.041489,52.548412
-15.273784,-27.950315,28.125824
-7.156359,15.856277,44.207958
38.116016,-10.981500,83.050522
39.282764,-32.252121,66.820152
-16.431211,3.250474,13.383355
22.884668,12.935644,33.784794
32.236088,18.778860,61.700588
10.495594,-32.294365,81.346199
27.479349,-34.879662,66.887177
39.148556,-24.350367,48.354401
-20.298365,-13.817505,83.702744
22.011917,-37.760857,85.625061
44.435287,-0.549891,59.000622
-26.597809,-22.015488,38.732635
-5.831351,-23.438215,71.871910
31.329952,21.525213,74.733376
-21.151213,-10.948893,47.745216
31.759556,-38.989182,71.221169
8.306166,-48.398922,60.498394
39.407433,-12.340000,41.996006
39.810246,12.076583,62.253502
-19.905752,-27.960430,43.244701
-0.389213,-29.460531,83.983200
-22.711687,1.667715,44.296452
2.978027,-17.160913,9.416220
-15.821248,7.262181,38.162060
-23.997873,-13.602526,69.782997
-8.227920,14.202236,70.710541
-26.631096,-8.432067,31.413094
38.278389,-2.720686,76.448570
-4.022372,-39.678322,35.423096
-11.224749,-38.506733,73.334824
-13.618557,1.464698,68.722206
-21.076584,-4.245679,56.666683
-20.218937,-3.440868,19.439444
-23.959349,-19.200092,39.372612
9.070859,11.403216,42.635445
41.838478,9.857565,85.922691
0.382265,-34.931370,26.096695
-19.905268,6.978370,19.550880
35.560848,5.248953,77.350876
15.605982,-46.706692,76.742714
32.738358,-31.244751,47.342457
1.107460,-28.911306,17.600679
35.073082,4.602522,64.012070
20.894766,25.346069,73.618057
30.545694,23.024298,85.828003
-14.513135,-9.104793,86.065979
-10.783186,-40.354084,61.829193
1.083859,16.533710,16.090881
39.428104,2.466852,48.669861
8.780066,-29.641756,25.230320
10.441292,-43.085773,64.112991
8.125813,-3.645699,5.587921
4.694604,24.971354,72.262276
-1.626862,21.547756,66.528313
6.065738,21.512936,48.447792
-8.356567,-3.668546,61.979500
-16.834929,-5.222057,61.684875
0.703319,-45.606567,57.081837
-5.482488,-41.392075,41.314926
-4.290449,28.773947,37.510353
37.800659,-16.074791,82.693092
11.557307,-48.987675,67.965187
-8.422471,-12.934846,81.409157
23.794996,2.472694,23.139442
9.637178,-29.944748,84.428246
6.853412,28.337452,50.742317
28.608738,-15.573292,29.086037
-9.203874,-30.007193,76.652687
10.386327,2.135976,7.539077
28.750996,8.645577,48.683990
-21.803064,3.882276,37.601334
21.351614,2.706132,19.586140
29.468163,17.352009,53.337013
-11.878268,-40.525311,66.261215
11.831954,12.847068,27.388920
-18.835146,-4.416575,58.700760
35.130413,2.357017,48.718609
30.289024,16.821367,56.401577
16.657913,-36.189583,85.467766
-13.648881,-4.675640,71.104912
-53.855782,-23.010475,81.648071
18.128597,9.114891,56.077011
7.865804,12.048233,51.347069
36.533501,10.133417,64.846848
4.319728,-41.886120,62.237186
18.071001,-45.779942,77.593300
-16.211031,-4.855225,17.331526
26.163147,-40.779182,61.610699
-5.692760,-39.474972,57.302948
29.181553,4.112456,36.622364
-17.834188,-28.883238,69.989517
-19.357447,12.018682,23.519627
-7.241094,0.903475,74.102692
21.549431,-44.836800,58.942757
4.409123,13.820403,13.026609
23.697596,27.307529,75.933716
31.081690,10.149633,64.895790
-4.338164,11.238072,77.457321
1.047545,12.809164,75.499886
24.579895,-7.019691,22.998257
-22.145014,-6.355438,66.492157
43.330772,-11.051630,85.623550
3.069582,-47.243954,76.183853
-2.862604,-37.979244,84.863136
38.263554,-3.459254,85.243195
34.350910,-27.909296,40.377419
-12.935410,12.273478,84.231827
9.428262,-39.022472,80.942688
16.677330,0.333635,11.791877
-21.667326,-0.664187,36.259697
-9.919393,-34.584309,82.814178
27.173367,19.022861,67.776657
12.252155,-28.463070,19.982864
40.456619,-16.876478,64.666222
3.584912,31.946312,82.063072
-3.846821,17.895229,74.423073
-10.501299,15.478923,51.522881
-19.680113,-0.481687,42.992027
30.113152,-37.925587,47.232597
35.883099,-21.923710,72.143494
36.604244,-30.944111,48.148998
5.633544,-16.515627,8.212063
0.097649,-18.860538,9.995263
27.518208,20.766819,54.373077
30.543358,-33.753376,50.813637
12.518227,-45.801510,59.456329
11.054736,11.939436,57.630104
43.419155,-12.575064,51.784119
9.043519,15.992298,46.716820
8.349657,12.973026,14.469501
-22.896763,-4.503882,35.412041
-17.601591,-19.869106,71.767746
-19.396692,-11.005314,80.693024
22.229492,3.487190,27.312449
22.216593,0.054758,18.225086
-15.179499,-32.916187,36.847519
-21.626635,-47.452145,72.314735
8.895529,15.952984,51.202221
-14.114436,32.363586,51.525341
-5.572460,-31.836243,26.721668
33.492462,11.593664,46.405487
3.885189,-25.631184,82.769173
37.781403,7.195463,65.972923
-17.423466,7.036657,15.272415
10.480924,-39.118073,32.907818
-5.668783,7.074755,44.853687
-21.884426,-18.262890,73.148186
-6.565747,-20.168970,15.944714
11.412026,22.156887,39.629753
37.201874,-3.521337,61.436584
20.435966,-37.775188,44.458164
29.295019,3.804558,39.635498
-15.212132,-0.780034,12.548417
32.564091,-15.782677,35.640377
-17.115866,4.792770,18.953884
30.737307,-38.436584,62.649136
-1.421548,-14.273648,9.579158
-10.913919,-31.857206,77.762939
35.887142,-36.931126,60.877617
-37.571968,-7.313020,46.422707
-19.882938,-49.136017,81.623650
-24.754276,-24.135052,50.198589
42.063290,-2.070692,55.345074
36.187576,2.258466,78.285950
5.704792,24.938801,68.649094
15.130093,22.579308,59.936962
-15.930568,-33.477196,67.677528
-15.619364,-34.338959,39.095901
-1.626205,-25.576218,18.412006
23.890944,20.911814,73.169495
29.179380,2.552430,34.405029
6.365902,-44.738434,53.879768
18.040266,-45.388920,55.789280
6.283847,17.792887,38.253963
29.198385,9.311953,45.868179
44.942657,3.939483,81.063118
11.458065,18.741228,36.839333
-55.880268,-13.250679,83.049286
36.328537,10.387718,49.943272
36.732746,-0.196340,61.497898
-8.526380,1.088011,85.181267
2.408861,-34.734264,76.659309
-7.389540,12.221536,79.093315
2.742461,28.674377,72.577560
2.391747,-44.290318,46.827637
-11.746973,-29.805473,74.667267
-50.694485,-13.884365,69.060890
8.901760,28.415928,57.701054
-54.915943,-8.173298,82.572754
-55.376835,-9.637205,84.772942
37.828442,9.124783,51.916534
-12.024877,-16.724329,17.443558
-2.524781,-11.050054,6.255044
-53.512062,-3.754972,77.633392
-18.077917,-13.616052,85.543884
23.298395,27.861885,69.802605
-1.070056,-2.868210,2.803471
-54.486229,3.144934,86.230560
-7.682049,-36.973465,34.363186
37.679794,11.051952,53.849178
-14.325516,-17.583633,17.154390
35.046043,8.644596,52.436584
-5.654958,-35.349728,35.101631
18.290197,11.046702,52.548462
-0.750599,18.063553,65.832092
-8.921412,16.014149,66.488960
-7.575633,15.995625,55.527721
-53.926590,5.937989,86.041786
-19.356472,-13.278694,20.627138
39.201118,-24.811230,45.837112
-0.447014,2.890034,69.213509
-6.715114,13.871060,66.293701
-4.076358,0.807091,2.914545
7.588861,-37.909519,29.520763
15.413348,12.807651,20.011017
14.002030,22.080605,72.760498
-3.968902,-38.578682,63.825626
-14.246859,-28.333611,58.031574
-5.633100,-38.401707,33.942654
17.256035,-20.400419,19.830761
-14.652954,-13.544299,79.020775
11.791862,-41.913502,74.537201
28.839985,-43.439114,62.617081
-41.279152,-1.707964,53.453537
-13.338502,1.743817,49.470093
28.817621,13.321286,66.070526
22.028833,-36.344975,41.475182
18.302015,11.147949,43.168026
30.992773,19.758949,64.733612
8.964918,14.155206,34.211380
-8.755857,6.838927,44.390587
-14.770179,-36.156197,85.955048
-17.321806,-24.029259,67.275658
13.602688,-37.930592,36.976746
-12.706177,1.542270,47.318806
26.153936,22.683363,75.230110
36.053104,-25.975750,65.076752
21.491102,-37.011162,82.244354
23.727448,-41.641830,63.226944
16.361906,-42.387157,40.348721
34.750153,9.589367,68.864983
-54.075607,-0.509707,81.970284
-0.610870,-5.475953,2.698457
33.148830,7.110067,49.354538
18.462891,26.128292,77.321091
-6.084064,-24.348783,85.973892
40.688683,1.761576,57.238274
-27.116631,-8.051808,33.689526
33.217968,-30.151165,59.695328
19.115433,9.321369,53.938629
-12.151722,14.228164,45.298901
-25.622362,-21.257713,32.664383
7.500093,25.920734,79.565651
-31.308500,-5.643337,32.411541
-13.655341,-13.918606,76.398170
28.750834,-42.669086,57.743309
7.673810,-35.313065,27.888697
8.131098,-38.783619,31.889706
19.930525,12.207723,54.355244
-9.972798,-37.080082,34.742706
31.689701,3.534185,39.500942
-18.116066,3.676993,85.787903
-8.698641,-23.655890,77.894524
20.603699,-34.747765,32.806774
-12.733565,4.853964,49.034962
42.192078,0.318963,81.702820
-7.805508,-5.908052,57.222198
10.752349,-45.838253,46.980263
3.161608,-24.499140,84.718590
17.157043,-39.063686,40.808098
-7.265415,17.115305,61.318924
6.745605,23.394409,46.476532
-18.640980,23.105589,29.914497
-6.538500,4.244782,47.851303
-10.130665,-2.121480,82.353935
26.971672,-35.183002,64.308136
-18.183147,32.369755,55.046684
16.421988,-48.541740,71.692726
-48.155956,-27.115469,72.484810
-19.195065,6.825288,21.674650
-11.224854,-35.023731,74.340599
-8.238427,-4.997149,75.761627
4.683235,25.605003,59.398247
13.570486,9.831436,61.627174
36.079876,-0.821135,53.416706
31.208160,-4.919882,30.827999
-20.287527,-18.376934,80.425713
28.955429,-33.943081,82.515808
35.488529,10.459257,47.828335
-17.157000,-28.904881,66.630699
-19.058464,-20.407701,86.064224
-12.417164,29.777117,42.866131
-29.915222,14.070501,35.860718
-9.501790,13.252976,12.306200
11.527700,11.078827,55.076538
44.009563,-12.167852,68.708481
-2.738787,0.811001,69.350983
3.705151,-43.858414,73.118759
8.248869,13.624058,57.284504
-19.964184,-24.333832,73.484009
40.793705,0.433578,68.522850
-12.221085,10.028064,61.477333
-17.922625,-26.693493,63.650509
8.727326,-32.187592,85.878357
-9.005334,-22.019350,71.405121
-18.589611,-27.456850,51.805405
-4.034662,19.463152,77.282494
6.354528,-36.732883,35.221245
10.800488,15.028681,59.085659
-12.865675,-39.345463,84.052139
-51.574944,-22.700665,74.846161
0.716159,24.061916,79.430893
-23.214809,-5.448634,23.726339
41.739811,0.435029,52.054901
-12.165257,14.060922,15.295612
-10.490213,10.771013,67.390266
38.966431,-4.255420,79.949257
39.659359,-27.213055,65.371521
4.727358,32.664822,80.291687
-10.116150,-21.069324,67.940048
39.606110,-14.249202,84.877075
17.934505,29.860710,84.366982
-7.267516,-1.956688,76.628777
9.264664,24.567091,57.798035
-53.609974,-20.826202,77.795708
39.199825,-1.535830,61.035389
43.289768,4.431735,79.347939
-8.419059,-29.157436,21.277626
10.030312,-34.263828,32.402359
-14.196150,12.539720,27.034714
-3.645450,-29.948626,20.732826
16.213060,25.894997,55.982254
25.246788,10.995351,40.794586
14.535915,-39.845276,77.905708
42.006565,-21.248539,85.690498
24.831369,-38.137585,79.050804
-14.065464,6.207789,47.022533
-18.066324,-30.981838,61.813282
-21.175667,-14.698131,27.934517
-18.170244,-38.303661,60.791153
24.029478,-37.630028,69.865173
43.187279,5.468803,63.922066
11.103354,27.630829,56.725769
33.700497,-36.543491,72.937584
-7.231915,-3.296065,5.175753
-2.598671,9.829360,61.251453
3.494742,-44.537685,64.208618
17.343298,15.522626,51.764633
29.030561,-7.525476,25.729816
4.458817,20.597109,38.190681
20.088678,-14.453739,15.181448
-16.077593,-32.954014,82.529526
-18.417421,2.656868,16.159159
34.761703,-21.392403,43.009567
1.158734,19.501505,79.926971
-40.070183,-17.325035,55.189720
-12.861227,-13.794676,13.282881
31.620455,-33.129105,53.743408
8.871583,-10.366867,7.754129
-21.141518,-3.904711,61.630978
23.072796,-40.106655,77.702164
36.062771,-6.168919,43.674854
-46.060879,-34.169514,77.223915
-48.076126,31.992979,84.154861
-5.062344,-3.577306,76.740273
12.407444,-31.963335,85.474998
-18.916430,-20.622910,23.312424
10.258537,12.018231,18.828379
29.078506,-29.044283,81.927223
18.041782,-28.688705,24.168762
-19.000349,-25.133415,69.186600
-18.875456,1.032968,53.262409
-12.010781,4.497819,67.046745
-38.423683,-45.438251,79.376862
-6.815041,-42.874260,52.336319
25.735735,-26.509621,28.555428
36.538120,-1.951821,63.228104
-18.143215,-48.055717,80.010155
-0.671223,29.020891,42.057632
-0.731227,-27.803707,80.056145
38.492123,13.734106,61.252800
-38.402065,-4.776200,47.916862
-41.410774,5.741451,55.770741
-22.829796,-14.338135,74.174706
24.666853,18.678484,66.878357
-8.799960,-41.581966,59.396652
-24.148970,-7.432394,43.971409
11.123738,-17.629538,9.899265
11.840620,15.549883,68.831413
-7.464271,11.327929,61.579479
-22.368959,-21.648476,46.613548
29.965446,-38.847309,55.400383
-52.661705,-10.631992,72.874161
13.494864,-29.530060,26.327627
-9.786524,16.034412,47.720333
-40.330101,1.140653,52.348042
-4.760692,15.797938,47.528416
-16.296827,-25.453287,55.168541
32.928154,-26.063215,35.305340
41.645710,-15.685360,47.562721
-3.014521,-16.164995,81.785263
36.945007,2.777428,53.056789
-4.346536,-34.373405,63.181152
-12.669008,-17.451166,60.914688
-8.385277,16.734688,71.398651
-7.372475,-43.619225,81.959442
19.276693,-45.320156,72.355583
6.980240,-43.457863,81.582558
-3.057815,-42.036007,63.532227
6.761641,29.320330,74.978241
4.790411,22.809334,31.565475
4.108669,-48.442787,74.020981
-17.696314,-25.118208,80.830040
42.425838,-10.464989,49.366135
36.866920,-32.007797,50.214249
-50.596550,-28.687717,78.931488
17.723967,13.332289,53.533432
34.342758,-25.258699,78.323853
4.901334,19.591688,73.182549
1.033418,17.914158,72.588165
-6.608282,13.460547,56.908108
-22.409922,-15.111705,30.244390
-20.339029,-3.908429,52.062370
5.019767,27.785891,67.363983
-42.923649,-19.409691,59.568691
41.852638,7.732845,73.366508
-43.201569,-9.596212,57.549667
-8.822861,-15.952642,11.127464
10.029162,-42.322296,76.852844
35.000957,5.325892,67.546997
8.010209,12.536211,46.891830
36.542629,-24.381794,77.461082
-33.764633,-19.478786,45.982918
-15.022851,5.086145,65.572235
-10.288289,7.569280,48.615303
-46.195778,-7.542408,61.680260
-16.359480,-11.737879,80.928833
42.299324,-6.124907,57.524734
3.414465,1.781929,2.845156
-28.669153,-21.309217,46.899269
-22.253525,-10.420427,55.903324
-2.976390,-47.034256,75.068123
-48.563076,-13.901790,65.666641
37.305599,-6.421632,47.126610
-15.247715,4.233314,58.599907
-50.105717,-2.626421,68.697098
31.018536,-27.809731,41.207611
41.696274,9.571676,75.365646
3.659269,16.639179,39.126862
40.554443,-15.797122,49.898514
28.893150,-27.831259,39.621246
-21.360815,-16.609238,75.759193
-54.326759,-10.251642,77.723099
12.090334,-28.198364,24.522102
-51.866043,-8.156159,71.230858
-28.162275,-24.347017,41.302189
24.318117,26.498102,78.187454
-21.722368,-48.629707,80.378265
35.567509,0.296646,57.668938
1.742192,14.604302,37.322411
-9.725898,-9.083820,76.144684
31.745417,-28.402395,39.204430
-21.083279,-23.611359,81.533424
34.615902,-38.841766,67.327438
-11.947997,-32.233704,53.673843
-29.196394,-22.589447,40.002007
4.699307,14.687866,15.371658
-45.335518,-4.510959,60.056347
22.124353,9.956439,32.920361
18.503035,18.858894,48.842522
-16.920261,-29.122389,63.312653
39.020405,-5.387412,48.704601
-10.569757,-13.811011,11.651602
-12.962749,10.265995,65.413200
0.771724,-24.270536,16.053165
-40.466053,-10.842319,52.604389
-17.081089,-6.796047,77.408897
24.678337,8.402412,33.567917
-11.848240,7.333987,82.245392
3.712375,-43.877895,59.966782
-16.358383,-2.706959,83.521584
39.749805,-25.041073,70.894859
29.518230,17.210810,61.466179
38.183571,2.078367,55.571411
19.188164,14.985246,45.774017
33.766754,19.370296,69.530731
-12.463307,6.638410,84.613495
29.483088,16.791372,47.747383
-45.848888,-9.832195,60.497223
-13.514652,-8.940247,77.939453
11.983766,29.947996,81.118835
-18.246786,-13.292395,81.168884
24.632206,16.630783,57.266937
-11.839629,-11.412207,76.954262
-20.329975,-8.141507,54.245728
-18.203627,-6.451396,73.976517
-3.990257,-32.683434,78.532387
-38.298267,-16.129808,51.295361
-23.031075,-3.614825,52.278061
-22.179020,-10.769942,58.132523
39.288383,6.132098,71.185997
-6.485130,-10.811716,8.185745
36.030647,-35.470234,56.798218
-2.464362,-40.614445,81.318985
-17.945532,-10.506955,64.793526
37.940449,-34.156441,58.359001
40.505993,-0.305211,58.994198
2.293824,-37.641575,72.015350
41.739548,-8.077007,64.903893
32.815849,2.303172,44.269100
7.544003,22.439026,62.540363
-17.603365,4.116820,46.730934
-24.229645,15.297587,27.522934
-21.571739,5.472981,42.714508
27.883736,-39.532276,68.044876
42.513260,9.126593,78.885925
1.306452,-14.237409,8.328459
-40.015419,-23.876812,57.508522
7.976601,-43.790859,75.411064
-8.450500,9.096180,9.393870
-13.385982,-10.986254,80.304710
-19.956917,-26.908373,38.471283
7.653576,-17.545425,12.940563
-16.018635,-41.493633,65.565659
24.913263,16.797968,60.670685
-19.206398,-26.065369,77.012672
-3.688110,15.051740,27.234270
-14.656373,-17.793974,79.032349
-31.755970,-27.595011,51.919312
-9.623229,-11.758204,9.769409
-45.498215,-14.951311,60.811333
34.191074,-36.929535,55.421349
-20.963879,7.483689,42.351055
-22.204615,-28.576962,36.737801
-16.325500,-10.474661,77.986053
11.633407,24.663761,75.026909
37.000813,-24.500732,40.944897
37.528709,-20.486498,40.364273
-49.417484,-11.717104,66.848419
37.833870,-9.375951,47.711739
0.332763,-36.055439,74.304138
-51.559246,-12.410731,70.898010
14.013483,-29.858978,22.987904
-52.494339,-13.079202,73.073898
10.081923,24.693554,65.209869
-35.525795,-13.951027,43.159203
-11.616628,14.425875,42.807915
6.319791,-35.980408,29.639933
-2.755751,-34.803040,75.816216
-20.316832,-16.185200,80.378052
-47.089424,-21.128323,65.926422
25.518757,-41.608948,58.095913
36.020477,-4.257089,47.017311
2.765258,-35.703583,74.425758
-1.464567,-41.792557,48.192734
-36.376953,-11.060072,43.462013
-6.372584,-8.264836,8.477849
39.914375,-9.256287,43.142914
-42.624786,-21.807455,59.399258
43.486111,8.027349,75.067719
35.111408,12.164946,86.455399
-42.336414,-24.422863,60.799744
43.881901,4.901713,75.453293
28.349201,-30.866808,38.539959
3.768339,-40.507378,78.530891
7.228829,-25.025745,18.238091
13.105254,-31.631403,27.259251
25.057930,11.602572,61.631512
-14.657537,-22.405884,82.914948
36.109127,6.224461,44.098221
39.134773,3.444646,76.028389
7.749799,20.541462,42.906570
0.446480,-10.387275,4.869304
-2.056254,22.884937,79.681137
26.327549,-29.492874,34.825478
-53.657043,-17.901842,77.077606
26.422714,-43.467201,59.262806
-27.877697,24.544933,44.903687
-15.813822,-16.596954,71.815727
-54.512417,-16.302252,78.891159
-6.836439,-19.554451,73.460014
44.532253,-18.672501,82.988503
37.809406,2.575458,74.108780
-21.353117,7.749122,22.892658
11.938885,26.715023,65.850357
39.372398,-3.483994,62.341484
38.056965,1.960801,59.302410
14.142508,-29.168165,20.890314
6.915314,29.288795,57.085300
41.305801,-0.092254,61.573746
11.468462,-30.313906,23.161190
-21.155630,-16.189346,62.600971
-4.205910,8.755379,65.221100
16.327208,-29.077595,22.361446
-13.008073,-15.936229,83.330162
24.649792,-38.707077,41.502068
9.271947,21.885775,67.359711
32.487000,-35.650345,75.880516
-19.284206,-15.406590,59.514946
-7.547551,-20.325724,76.056992
-22.747149,-15.832555,65.342735
-7.732151,-16.733381,74.186035
-55.497623,-11.176226,81.512070
11.175366,25.639915,62.760830
0.814461,-45.073956,52.111267
8.472647,26.867359,64.699066
33.432659,-23.121988,85.527351
-53.254837,-14.832994,75.274811
1.492488,-45.134941,49.369247
-10.056909,-20.750107,77.423943
-6.783279,-22.098465,73.854057
4.259820,-37.549885,69.932999
-3.668379,-19.225487,73.944695
7.283764,-38.210690,33.855785
20.298151,25.531727,61.041203
-5.159456,-18.103622,71.218018
-10.473559,-40.621864,77.186676
-55.505295,-20.663116,84.703247
-18.710201,4.460538,37.992210
2.984921,-45.966061,51.212543
-5.413246,-20.801929,71.550568
-53.673061,-7.771896,77.757668
15.676691,11.945234,52.267769
-41.327129,-40.324135,76.320618
27.176781,-38.626640,43.977390
-22.370489,-18.130753,67.454079
-10.855858,-9.565586,12.795488
20.534882,-31.323507,83.495071
26.603678,-37.406815,41.993973
-1.487209,-41.455467,50.883232
-42.155693,-35.657917,70.442482
24.591536,-44.919090,55.509830
-19.824232,-19.962698,82.845581
-25.424055,-30.478775,53.390087
-1.141569,6.271331,48.711266
-17.416088,-36.878117,62.729111
-45.907917,-36.539036,79.835556
24.911938,-42.466331,53.838768
19.218491,9.093521,58.127983
42.993725,1.092759,55.279003
-48.923691,30.578033,82.649231
-2.722926,-17.924362,75.967606
-47.070187,-29.391350,72.694427
5.269570,25.475571,40.144653
32.724632,4.435001,59.727333
-8.547561,-38.417007,41.385506
-26.587988,-33.966740,54.669151
-54.154137,-24.748150,84.304962
42.974102,-8.401126,68.079590
5.670659,23.434288,37.839394
-18.228827,3.263294,40.000935
-13.304640,1.536382,11.984000
-16.049164,11.404273,16.819931
-13.285638,16.047684,17.898314
-49.854881,-25.077045,73.432884
-2.911783,-42.465851,44.301880
18.666563,14.676746,29.522369
32.527775,16.456757,71.991493
44.884018,-9.942842,68.148277
-0.613772,-39.232025,73.044006
-7.005187,-41.602741,54.375549
6.378716,22.933493,35.020782
-55.558250,-18.568073,82.636032
-3.737097,-39.394394,71.407120
-15.076593,11.646161,31.407677
42.498867,-10.623750,67.996559
4.672864,-36.526752,72.684372
30.617313,-35.925709,56.547832
-51.808491,-24.834003,77.112038
-4.662814,-42.042141,46.269135
20.267698,4.304729,23.998695
1.316345,14.573452,62.088638
39.316639,-24.233849,85.569382
39.989338,-21.316896,83.347672
6.927884,25.375801,41.583954
26.380386,-35.352436,79.882347
22.796715,-44.492035,53.001400
-13.410862,-18.007095,72.300568
8.924001,24.578821,42.837524
27.282183,-39.856297,46.274452
-22.952780,-11.886232,72.487556
-13.894230,-20.922573,74.606773
-7.263176,-9.083208,67.482559
27.024208,-32.295563,80.569572
-45.610405,-39.124512,81.639702
-12.586889,-36.720951,64.265816
-27.055063,-3.360216,30.169262
4.085213,-43.199162,41.004948
34.840824,13.662926,68.818176
-31.508074,22.009762,47.488178
38.055500,-13.226792,79.538292
-7.239110,-43.009777,67.916916
-3.099458,-16.242813,77.602776
42.129620,-12.992111,77.499596
-10.228884,-1.230365,56.173683
46.668087,-16.068184,75.473755
30.712004,13.679121,69.117104
-12.458718,-2.475949,58.131924
27.629093,-42.610558,54.045197
10.828251,23.979286,43.776241
-44.687653,-35.212029,75.007202
27.745956,-34.959496,54.378250
-12.184082,-39.341465,63.876656
-6.353689,-36.402466,39.061626
-5.163241,-42.836338,65.880455
13.123960,21.345919,44.006466
26.393559,-22.441540,26.174337
-18.714886,-14.544609,71.527832
-11.536580,-9.583922,65.484100
17.381996,-48.279129,75.603676
-45.782745,-40.587448,83.872559
30.777081,-8.313603,27.210125
-10.579465,-6.273354,64.560944
-14.299588,-15.450810,65.758408
37.071609,-33.042107,70.107422
-45.411003,-43.011868,86.075218
32.308353,-8.155609,29.008404
-6.224997,-36.696304,36.824665
8.641275,-37.253880,77.508377
45.267494,-0.673171,71.072739
-40.977070,-43.666172,79.953697
-39.426846,-43.579933,77.568726
-41.000656,-45.943298,84.067184
32.749386,-17.793547,30.986595
-24.767893,-13.878430,72.354248
38.443169,-19.068499,56.618633
-42.970772,-42.077415,81.025787
4.818684,-41.213589,35.784676
33.419556,-15.479338,31.034393
-12.223878,10.058575,85.603622
-14.584379,9.274067,85.918015
-13.744058,-26.957291,75.248604
-17.600569,-48.319553,84.416740
-4.376132,-27.195595,20.806620
-36.944233,-49.445465,84.002594
3.487492,7.487473,57.640289
-17.184006,-22.968216,73.185379
43.211170,4.684684,61.082588
-29.025812,-50.829803,80.870605
-7.486762,-23.666838,19.380844
28.509123,-4.880418,31.711855
47.235352,-13.908545,66.867203
-16.375071,-23.006721,26.289408
15.135763,-33.543205,32.765942
19.521482,-44.387016,66.530441
-19.360321,-30.222296,40.029816
38.793308,-29.786476,83.500481
23.300619,-24.373932,29.547489
-20.674189,-47.496334,70.081856
14.726755,-42.871784,80.161774
16.971561,13.438423,59.921436
34.028347,-34.707321,51.274956
-8.615156,12.453448,52.922535
24.439413,-45.321396,67.464821
6.557752,-7.515561,3.705647
-17.213268,-31.742943,44.935417
-10.601922,2.277741,56.094719
11.939141,-39.409058,35.279247
-10.701996,27.578598,36.577419
33.164440,8.981859,55.719749
-10.680491,-20.925652,15.970373
-18.322006,9.722049,16.830633
12.213212,8.931244,53.603333
39.270687,-6.745510,86.058380
-13.606993,9.503962,44.209419
-11.157253,5.923316,61.577560
-9.889531,-30.252064,24.774441
-10.860140,6.328628,74.883682
-21.853975,-1.897844,21.398869
14.881789,19.903875,55.766560
12.091541,-33.180149,32.548824
-8.240424,-0.034974,78.207741
16.626564,9.887977,50.581470
7.713095,16.989609,53.843235
-19.664629,6.198969,48.830013
-0.976129,14.243019,41.393246
-3.189904,-20.532114,76.663605
-5.830572,-29.090765,22.099821
3.430602,16.433098,45.644028
12.646144,11.331687,19.847506
42.552818,4.832607,58.574249
-11.247643,-33.651543,35.782608
37.125824,-0.106525,59.266399
-1.366388,10.202684,76.653679
16.670105,27.186359,86.257874
30.324896,-2.212526,34.408730
-3.134872,2.493642,52.751728
31.420189,15.443954,49.125744
-19.490164,-30.364845,35.276859
-23.992683,-48.107136,72.000664
-20.076883,-47.905045,74.964005
-35.343861,27.915413,60.305714
27.227034,-3.701066,23.318480
14.925543,11.959845,36.733406
18.434750,-41.061481,40.109886
-8.804273,16.247526,49.963650
16.707323,8.421199,18.234478
32.011589,-28.770855,81.312553
40.715607,-17.500832,76.674179
26.302164,-28.046413,31.411434
21.633039,-40.404133,70.299454
7.422556,-38.445415,36.549313
-13.362682,7.461080,49.303055
-15.724146,-17.962236,58.005943
8.180793,-20.940105,15.605636
-20.700006,-24.062897,52.814629
9.481415,-47.180840,57.558990
-1.877220,2.298469,71.312775
33.956955,20.225426,73.337883
-0.187403,-45.260494,82.951767
45.963120,-17.765820,63.340668
30.564323,6.058835,40.836826
-8.182754,16.316711,52.825485
15.403521,9.925334,23.051723
35.913437,5.747560,53.344326
14.610622,-37.402664,75.133759
24.727251,18.670282,54.147854
21.785936,-39.750397,45.575676
12.556626,14.007246,49.278622
-17.405582,0.955109,46.079323
6.277824,12.114165,70.076393
36.659740,-18.491032,73.038551
28.576633,12.252585,68.479080
10.632783,9.996001,60.274200
6.714238,17.235909,29.896544
15.515594,20.642338,41.983093
38.009472,-19.209436,81.867920
4.152665,18.882771,20.048950
33.469711,-28.528769,85.170830
-13.313988,5.860215,56.556797
42.136883,-2.605497,79.310165
2.977811,-47.344326,58.318630
16.866262,28.165806,82.714890
36.014301,-28.404694,80.414658
-4.679911,-8.398771,5.510028
37.236500,2.738042,83.210686
-6.138059,-27.052540,18.097887
25.988672,-36.190544,72.281158
-7.310016,26.412577,33.891239
-16.302721,-0.944696,54.061089
42.818420,-13.819648,81.187248
7.808814,-35.267895,85.685883
-50.828476,-31.313402,82.108597
-21.287045,5.182719,35.853577
29.163942,17.213581,58.806061
38.083168,-6.291394,75.559570
30.406677,9.283279,41.175804
-6.270402,-7.080963,64.680191
-16.469431,7.730408,43.014763
-22.903452,24.685995,39.687820
-0.831216,-46.321537,63.342735
42.242821,-21.774822,51.595970
-5.026444,4.426569,69.174088
40.826996,-11.854132,52.351414
-9.901381,-40.968544,55.686180
2.586059,19.890636,34.739525
41.835732,-14.657804,66.542229
15.154515,11.262827,42.658615
9.394433,-44.509815,85.991982
-1.738746,-8.139575,4.324685
-21.117504,-45.284740,66.041847
9.733493,-43.583828,80.961227
-22.449568,-13.134681,54.265587
-22.725018,-19.852295,52.750633
-17.527586,-7.424253,20.703487
-10.545760,15.126465,75.214066
35.835735,-26.815840,77.601913
14.085411,-46.676594,64.722992
2.982814,4.968367,63.853550
-23.568180,-10.750016,41.824066
6.948167,26.646879,53.182316
-5.527850,-23.382273,17.013987
26.038715,9.159686,46.494556
-33.915058,-49.465981,81.142838
-13.821171,-5.323692,67.014427
-9.786731,-23.724648,18.689478
-21.101469,-3.913611,84.090805
43.409660,-17.497719,62.593018
-17.709648,-32.802727,40.983223
2.472261,-10.268147,3.840413
-12.972096,-7.285627,65.343491
-25.095394,-11.496357,70.969131
36.103397,-22.797268,46.764198
25.760958,-38.198681,68.840073
-1.958461,-46.660404,61.011757
7.588704,14.604987,47.992153
-20.901991,-27.445557,56.290974
-31.330843,18.831284,43.114285
43.313118,-6.800336,53.428276
-5.814060,-30.054886,79.366081
-16.660934,-1.604108,69.878082
3.285989,15.551441,48.109303
-1.852709,-28.001451,20.849848
36.922894,12.581804,70.232407
30.871397,-7.087963,34.033550
37.075001,-23.874224,57.401737
-1.400466,22.632168,76.844475
40.870689,-16.998064,81.858757
-15.581970,-32.166645,40.095726
-25.569233,-48.714367,76.846497
23.502113,18.979410,71.660835
-16.203175,-5.251979,64.844864
-16.330175,-15.669774,78.279808
44.675842,-7.394335,56.092995
-13.638159,-3.710914,64.526413
-20.876076,-4.497030,81.287384
-13.438594,-9.099926,69.696800
-13.319085,-1.933729,67.837402
-10.032151,-35.648441,50.058449
-31.531027,-46.544384,73.070526
-13.929199,-31.838327,31.480530
-37.229469,-44.723351,76.073517
37.245152,-21.247993,84.635468
17.810783,-6.467507,10.787436
-23.568876,-9.287281,63.989220
-16.307880,-26.355682,66.349068
23.436903,-0.759691,26.093237
7.109980,-46.639683,49.957905
28.320980,9.313556,51.023941
-9.320685,-36.359074,85.217812
46.953743,-13.072233,74.742722
-17.390238,33.780121,61.666660
34.553440,5.353283,41.443134
9.216311,21.574636,33.460293
-22.191452,-33.318214,55.255615
44.215363,-21.648609,74.156357
4.554747,-5.529985,3.288040
-18.396894,-17.295393,70.787941
15.205968,-45.364086,83.838638
30.256231,9.525514,67.436859
-54.932732,-22.658428,83.670662
-14.408194,26.239269,35.600307
-0.085468,24.232441,73.118484
28.458889,10.760409,54.255188
46.721844,-15.345863,64.246017
-13.306264,-29.512833,30.397360
-35.439892,-46.526012,77.041885
39.845116,-12.856953,65.752090
-33.167553,-5.571112,35.609341
-6.310048,-37.866100,75.400650
-11.174890,-31.796295,31.520130
-13.009535,-32.990562,29.722401
-7.368750,-26.647209,81.257866
-12.049394,-2.935438,11.528277
8.191614,20.923300,28.266523
-12.472072,-16.649126,14.595280
3.510689,-24.947611,17.652843
7.957990,-44.806694,48.402363
-16.252834,-22.113285,86.288307
9.214524,23.184916,50.804207
43.034496,-9.675821,70.706894
-9.069416,13.701701,29.666538
39.555115,1.980066,71.224121
40.418274,1.246840,77.006851
8.836255,-41.602009,74.141457
-14.430248,-34.278107,80.626747
-15.785524,27.369173,37.609894
3.102411,8.424252,62.071220
-16.250051,-16.035446,74.395744
41.028999,10.589975,81.597153
40.318527,-23.341896,57.954636
31.970575,-35.683319,58.818123
14.300329,27.973198,83.296959
35.751251,-32.003704,66.986519
22.139336,16.967562,41.629025
1.861918,24.139130,82.274391
43.806648,-17.434258,67.163788
-35.292358,-17.852505,46.869961
32.943443,7.873579,71.643745
31.705797,7.315607,64.657120
26.292475,-39.640263,86.171303
-49.254223,-6.163888,66.612656
7.000329,-32.059078,79.218834
11.180336,-11.819318,6.320082
33.200199,15.937504,79.703857
32.357117,-0.718462,40.661198
-52.562347,-2.002546,76.298302
12.062781,13.890434,39.120361
-23.150387,-7.676583,75.815697
1.912918,9.313863,71.077286
38.407452,-19.773252,45.608719
-42.065407,-27.022282,61.588165
1.967480,-36.308979,28.289614
-1.821771,21.247429,83.129417
4.492777,-35.620823,27.155313
-35.850182,-30.430992,56.953846
41.684139,-0.265124,54.142284
-14.305669,12.979034,43.725670
11.277823,-41.497166,47.830383
-14.790352,-23.004730,79.878830
42.083656,-22.272043,74.193581
21.244534,10.244474,44.564972
-9.049000,10.014371,53.771729
-13.928062,-14.967274,73.279266
-12.731886,-45.061573,65.030319
-32.321793,-30.168869,54.102913
4.265227,27.936432,83.141739
3.034745,27.700249,81.189995
-8.874056,-10.493483,7.826202
-18.868887,-22.709778,65.082268
18.762800,-23.293594,24.959700
-16.593739,-12.209842,18.783901
-13.481289,-15.320331,80.565933
-40.519341,-25.874516,59.191742
-37.541824,-25.329126,55.816914
6.662942,-43.740822,72.730377
11.716894,-44.918671,75.814407
45.597542,2.865970,75.448242
-20.557318,-20.739437,63.271988
43.924160,6.458044,78.200912
-38.634212,-27.274380,57.635567
32.249008,8.239100,69.375465
7.127871,-41.519493,72.647263
-11.303279,-19.684795,61.537022
41.857697,5.528240,74.321045
10.290711,7.542818,57.595711
-12.836385,3.279352,64.315552
-9.749114,-39.716003,68.193039
10.603637,-41.456059,79.085625
45.058155,2.047175,72.519623
0.057551,-32.592052,70.013123
-3.923557,-10.911275,8.410362
7.876331,-44.739071,69.845558
0.674700,-32.118259,21.989729
-17.952818,29.514519,46.380772
0.156696,-47.218636,75.014076
4.895001,-42.455189,71.132309
-14.145997,-28.118835,77.693375
-18.396717,-25.289053,50.755005
-34.094463,-3.853928,36.787151
-16.219023,-26.165533,76.748993
5.253071,-45.479218,72.941879
-13.508710,-18.995647,63.032547
32.998596,-11.464094,37.450031
16.618450,-42.107487,60.931610
-1.007813,18.865511,78.763702
-13.179103,-34.541664,84.544899
-14.397340,-23.721992,75.957855
31.095364,-27.857588,43.586880
-19.367149,-7.243470,78.933090
-20.774912,-29.329227,41.610722
46.858082,-11.791251,61.204052
-22.566401,-1.291851,51.921700
-16.700251,-47.355183,82.119156
-11.491949,8.164622,55.546108
-21.157047,-8.103142,68.200180
-9.692010,5.627009,64.716217
18.692820,-40.831192,46.960075
-9.051417,-38.809784,65.017075
-38.462273,-13.280909,49.805050
14.072908,-40.509773,36.454750
-0.899239,-32.598503,79.990265
-19.943556,-8.409809,57.520195
-38.478840,-10.469488,48.909607
26.246315,-32.552666,37.192650
30.582623,-31.024342,53.809486
-14.289499,6.168712,68.437691
-3.268281,-32.783241,81.795616
-11.664506,-41.376389,79.329445
-15.181195,-47.053421,84.350006
-22.165413,-17.179323,54.474052
29.959124,12.899374,42.105629
-4.284871,-34.987576,83.833649
-0.198994,12.134655,63.627609
2.112094,-26.701088,16.017178
9.102881,-41.121498,40.838085
30.751318,-32.357063,85.492363
0.722916,-44.142254,66.626045
1.348487,14.622595,22.239132
6.405828,17.553858,20.397005
-17.615253,-17.650879,60.134892
8.380932,-30.038591,81.122162
-7.031303,-33.658504,26.134453
37.780113,-34.970139,60.956551
17.792496,-43.263336,63.868378
-25.890165,-31.420691,51.249908
-4.239972,-41.604305,84.629280
-15.326391,10.307748,14.570136
-7.912775,-5.450731,80.902557
5.086276,30.563274,64.926735
26.621979,3.333335,31.006926
33.747494,17.713272,67.150757
36.851456,-25.466593,59.374462
23.783644,-45.505493,62.204594
-24.291224,-9.054406,72.137741
37.514076,-25.789268,82.615662
-5.564858,-1.227654,80.561020
-9.520091,-13.888208,9.796759
18.647186,26.984791,63.082714
19.609507,-5.243464,12.392545
-13.196394,-32.539124,50.875851
-20.627546,5.971356,38.069046
-6.796638,-6.237115,5.812653
43.494999,-14.825575,74.910675
-22.102777,-0.399734,46.020966
22.341425,13.442674,45.677685
17.915348,10.557500,39.496540
-4.201734,3.211911,71.601181
7.429233,28.462053,61.643349
7.064377,19.477528,25.586340
1.131624,-27.399853,20.990211
-7.612673,-10.128314,10.637254
30.657743,-41.038643,54.391827
40.483173,-2.651947,67.518738
36.597355,-22.887053,52.470215
-13.061265,-37.470139,81.376030
37.937111,-24.051331,54.695190
-26.422920,-51.988087,86.050789
-1.250870,19.265890,61.329124
2.805771,-46.615208,53.510506
18.564188,24.736980,55.237358
6.774403,21.059891,33.420006
-52.008896,1.026716,75.572159
36.684254,5.337640,70.638054
36.514446,-0.972244,67.765007
19.343447,-37.743919,35.794182
32.348072,-29.036518,66.589195
-9.228417,-18.448513,16.889912
-6.522098,19.409170,84.433510
-17.372232,-14.892101,67.450722
-2.775625,-26.195093,78.290962
-14.674495,-37.212368,47.797779
-16.952070,3.479930,49.264278
11.798368,12.366315,36.676052
2.189829,18.589705,77.362946
-5.816895,-0.252953,58.878601
-5.056401,17.249193,54.134834
-18.088131,2.627364,82.379539
24.683218,-36.499142,86.261742
-19.563900,-25.918444,35.507923
41.688114,3.088985,70.567657
39.382416,6.337911,77.787056
-4.673439,-27.778265,76.490150
14.231852,-42.278461,77.833336
-0.391240,-40.840942,77.887932
38.982769,-9.568506,72.519142
-8.134430,11.068576,81.565887
6.011803,12.417332,63.530876
23.648220,-38.595673,75.537254
21.192020,-4.840508,18.497416
31.161261,9.678253,58.177513
14.799703,16.715088,56.676048
19.559671,-39.508423,83.758438
40.983170,-15.029152,43.683697
25.361885,-39.212082,51.005169
7.696084,10.997966,66.215126
-20.470140,-38.811203,59.869560
-14.710752,-11.069560,82.876518
-4.673887,-0.483686,75.441620
15.736986,-14.363914,11.270537
-16.376396,5.221834,79.055298
-17.535492,6.259876,52.089767
2.071690,-40.734371,75.760223
-22.824371,-19.290432,45.751286
-44.619057,-28.177292,66.648239
-17.659054,-27.724430,27.890480
-21.970860,-12.646951,67.334511
-19.696005,-5.824681,18.598965
-21.074303,-8.918504,23.376024
-20.938025,-5.721683,25.745518
-50.099194,6.444110,73.137070
-4.395100,16.368992,32.472412
18.711596,-48.245602,65.036942
41.742775,-19.756126,80.344475
25.162096,3.647050,33.162643
-4.244434,14.185695,76.620834
2.303968,19.973408,37.932468
-22.143682,-21.162041,75.177277
32.121189,18.762430,84.686043
29.590355,-31.951880,48.977718
8.956326,18.408207,49.657097
-6.664030,14.675720,39.697121
-6.707089,-32.842999,31.070423
-6.760415,-35.249596,59.731483
-14.460762,-10.471699,55.548649
-13.284934,-1.942304,13.288766
23.926052,2.564745,30.827715
5.786989,18.531433,40.867920
13.666441,-42.364056,51.523319
-7.395841,-34.113670,33.741165
22.446865,6.400943,33.879848
5.369828,22.959551,76.432808
-13.471986,22.751045,25.464361
-6.364025,-37.985645,43.285088
-14.128683,-29.675993,53.870350
-2.203774,-21.292789,12.703723
46.511822,-3.444711,68.489517
-0.617046,-11.961115,7.689119
-22.133657,-48.039810,76.365082
-21.688808,-12.281317,74.451210
7.271762,-27.909004,85.239555
-14.797155,8.781481,80.821228
-10.489007,15.128949,69.050446
-6.297031,6.680264,71.261787
25.571802,-34.841610,74.793106
1.405990,12.468402,9.960684
33.994011,8.734979,64.013687
-14.066099,-38.880928,69.061264
27.870260,-41.825436,75.827148
43.237690,-21.489365,58.777245
-16.968166,-11.145757,57.974541
-6.636090,10.122488,41.499027
-14.043364,6.238127,60.760262
-1.043365,4.387713,51.563992
11.833035,16.675785,43.528194
-18.394131,-25.324684,53.461720
-19.572456,-3.955351,54.555458
-2.635516,-45.360184,80.418137
-18.415651,13.832937,19.864944
5.627776,-33.682297,30.575119
-4.778647,18.134119,62.161694
29.888708,-32.357372,42.282440
4.457249,20.851328,40.475002
18.936468,-35.733318,82.482002
-54.291668,-14.198471,78.162682
30.805977,-15.148088,33.781067
-12.394132,7.949545,71.415100
27.660225,25.169325,73.875137
-6.958246,-41.486404,85.582497
17.047626,-5.125339,12.896257
1.279721,24.125313,74.825226
29.784506,0.391304,30.737534
-5.782117,19.766233,23.855648
-1.182488,-22.447729,78.072601
14.376163,-7.245614,10.997472
0.370530,-21.357990,11.408747
-15.823762,8.536197,54.719292
30.993353,-32.988853,71.946358
28.778515,-38.770500,85.688217
-10.915820,-33.040264,63.665749
39.283794,-16.890377,46.409779
19.660467,19.453766,44.559002
-2.828987,-19.092623,10.724020
18.165428,26.020283,66.507507
13.951240,-42.962963,55.709305
-2.972128,17.275110,29.913307
-4.814598,-34.925903,60.968407
-5.537588,-12.420235,10.357572
14.357815,-21.570194,20.156374
-53.467373,11.723727,85.419426
7.600090,18.418465,61.426666
25.104263,17.070488,70.105392
-1.989929,-10.467073,4.032638
12.287766,-35.084129,82.687721
9.054710,-43.325829,59.897163
25.953978,-22.706249,30.892630
4.766191,28.524776,79.695274
19.719145,11.051981,49.308540
17.603811,-34.753452,79.141113
5.634590,9.934109,64.801979
-10.461994,5.271283,55.785694
-7.572080,15.877445,41.720196
43.500515,-15.549416,56.448322
-9.812681,11.131493,42.506920
-7.114444,9.819241,66.930229
-8.467654,-37.216763,59.434032
-10.555312,-8.902894,83.076096
-7.616266,4.895574,75.019485
39.544922,-16.884853,62.398117
-17.793982,-24.290623,75.208725
-12.399183,-43.546532,62.527012
39.185478,-20.998182,48.117523
18.761051,20.122938,52.113113
-8.418665,-22.566423,14.540770
17.332634,28.185551,70.830650
26.332874,-39.608421,74.033325
-0.800821,20.336161,81.094246
-4.743705,9.632618,71.028107
26.987511,14.821907,62.072926
-12.968232,11.238799,31.898687
11.959746,-43.845058,80.800362
-52.459953,-15.520821,73.070862
-17.752119,-14.204686,18.666702
-22.050194,-13.875275,46.863602
-13.681229,-2.965319,9.212597
-8.027300,-34.913479,75.545792
-6.514841,3.615721,56.221432
-2.140880,20.640173,86.314049
-27.311844,-15.622375,36.123432
15.939413,-38.570408,81.879761
20.445246,26.206823,86.258987
33.526524,17.134838,77.425591
-1.054744,32.442440,65.644669
14.573464,25.760201,60.586620
-9.989556,6.198648,71.985802
3.026985,27.613268,78.865189
18.640423,-38.484978,74.829819
37.923618,-17.071941,50.698582
8.024589,18.298529,44.799660
38.909767,-19.127144,65.597015
39.422703,-0.774020,75.183884
-1.067509,-37.989288,61.654175
9.069006,-40.446831,34.724243
37.668770,-9.218557,79.889091
46.801891,-6.823828,63.511623
-30.771006,-18.104868,38.550556
-13.129873,-29.476976,63.574402
0.200371,7.953044,46.808277
14.758310,-46.695545,60.863918
-11.948649,4.597239,10.518823
33.559326,-30.612652,78.625092
22.902147,14.276585,36.921028
26.822533,-17.456308,28.952431
39.460354,10.894684,66.373070
-7.473699,-33.552750,71.529015
25.351765,8.821211,28.465359
43.791492,-14.013683,67.444214
24.869175,-41.788528,65.532890
-28.675634,-52.158096,85.292168
-5.980911,13.771892,48.840401
7.913693,30.953501,77.205956
-9.566593,1.396237,50.154060
9.936829,-42.330170,70.590332
9.550189,29.707888,85.883194
0.509488,-45.430614,71.597069
29.308407,-31.997929,76.569763
17.719305,19.103313,45.392509
1.899578,-40.914062,61.044388
2.915051,26.672136,63.797768
23.975588,22.132685,76.459290
35.080894,7.558574,60.951839
-10.414674,-33.293545,72.033783
20.938437,-44.523705,48.276634
-14.566051,-0.179280,57.713234
43.552612,-13.803488,71.905968
30.115536,-1.728176,28.199806
45.883400,-16.358219,78.430756
32.076977,4.757215,50.611626
2.558503,-43.611179,50.906467
5.837980,15.579035,40.760872
34.263489,6.125748,56.232601
41.173717,-2.300033,83.353485
-3.488401,-28.487061,22.765724
-10.393386,-29.933664,84.576561
35.656506,-25.739883,68.003868
40.219337,-10.469155,70.468201
-23.019962,-6.062955,32.668777
-21.013895,-20.971428,69.899155
36.171703,8.413576,63.375580
41.294453,10.170424,69.218170
27.725452,-10.577777,25.451550
-22.003592,-18.584152,63.146751
39.237495,7.058843,56.348427
11.951859,20.600197,53.923630
18.249107,-46.751259,53.862118
-20.602396,5.227638,22.887875
8.052062,-41.515545,65.640976
37.814072,-13.360207,50.255783
36.262363,-37.747959,68.925270
-6.846403,28.590609,37.241291
-16.707785,-7.986053,63.276573
28.911407,-23.865379,35.167919
17.250753,14.787536,41.866188
7.460168,3.605226,4.751729
3.446132,15.326262,54.781609
12.042507,19.637253,49.280159
-18.912922,-19.512249,69.576538
32.815666,-35.352070,54.109711
-2.702354,-0.622114,60.561012
-29.067373,-12.810434,35.754677
27.542593,5.631369,40.853504
20.396019,-43.376961,60.448746
25.043531,-42.324181,49.435410
38.581543,13.411316,65.664078
-3.882412,-38.383110,55.691456
26.937881,13.820597,57.941498
1.576690,-39.829178,67.001640
-12.882953,26.576714,33.456051
-4.646017,5.944883,46.888802
14.711616,10.598490,27.320263
-26.116058,29.152803,51.795658
23.013540,-44.123760,50.212753
-20.832405,-22.120693,83.480675
-15.781297,-18.765530,73.596031
19.030535,-39.271603,69.423615
39.902119,13.008677,81.175079
43.655132,-12.489216,57.625965
4.949180,-16.194040,10.577869
-5.901211,2.691195,80.506989
-18.119564,-9.370659,51.590961
-21.242954,-12.653608,70.215309
3.885632,-42.457787,56.286911
25.806932,-40.087646,76.817657
-31.173626,-14.770035,39.382862
5.478389,-44.067425,77.938835
-16.655731,-25.449024,71.156784
-22.593395,-21.824015,43.498325
-2.024699,-30.560839,74.775421
1.765482,30.825264,59.827049
-20.801121,-6.319163,23.198627
29.798134,-19.339172,27.684956
-1.747521,-18.284775,80.590096
-8.046297,19.344860,22.801092
-6.448163,12.235226,38.501308
-14.296632,7.065839,82.541885
3.469268,29.219103,77.066833
-10.877233,3.474743,86.276558
41.290493,-18.930769,53.115753
-5.449170,6.799500,74.970932
-2.754675,-38.176071,78.973770
36.499954,-14.352177,43.637409
-19.861122,-11.061920,53.265530
0.170436,21.604742,78.736664
-19.720806,11.908767,19.608917
26.410137,-41.306747,68.576874
46.172390,-14.592018,71.234543
-3.816011,17.365265,85.170349
-16.544901,1.158085,17.766584
21.200953,13.021541,40.411839
-0.388045,16.747505,62.067024
34.261814,-1.027661,43.366028
15.664337,13.142894,41.362045
40.642746,3.333338,51.854485
32.647316,14.819432,81.745651
-14.939199,4.664801,86.053818
-8.052315,12.228682,47.373032
-13.347582,-19.307522,80.015175
-14.371669,-44.489208,73.066772
-2.342151,12.452108,51.271114
-2.763138,17.227489,43.749012
36.532593,-29.696650,63.353195
-18.668922,2.146894,47.939774
10.193851,-48.473316,65.906876
39.122257,-27.247128,85.153725
3.229917,24.130453,76.872223
7.125368,25.540340,75.962173
21.146902,5.811280,31.117519
-20.896076,-7.776256,21.045895
29.577341,-31.916439,80.985931
38.027687,-26.492237,63.552658
30.913242,-27.779325,83.877502
-5.201306,-6.744927,72.845749
1.935750,12.778348,39.947285
37.227081,-7.594720,49.263912
26.575184,6.757375,38.525345
38.048229,0.746186,70.063744
-6.990477,14.551890,14.282555
4.128427,-44.773434,75.664047
-9.322672,-34.072632,60.071255
34.090714,4.003835,65.956589
-11.826899,5.259993,52.598259
41.961151,-12.113008,63.150024
-1.239297,-30.176615,79.320724
24.859632,-25.853142,32.389439
-29.053459,34.444477,67.139374
-0.284508,2.204684,59.894310
10.742768,19.088049,67.319046
-4.662240,-43.729778,62.889896
-21.324053,-10.876385,61.842747
-6.193304,-12.949282,83.801308
-7.681359,-41.480511,46.318619
-1.469215,13.103503,14.907826
-51.525284,18.188181,81.492905
0.056755,17.770273,40.302204
42.546154,-17.743908,83.062675
-14.345150,-17.092859,20.674822
-6.077950,-30.747810,64.303329
1.476479,-39.261692,34.988285
-18.879436,-34.691917,49.852997
-12.738404,-36.417130,52.833057
-7.366530,-9.786742,63.227234
40.051853,7.847065,54.027649
-1.210407,13.941442,48.522400
-22.685658,2.726647,46.484455
15.779073,-28.365358,27.119524
-4.241155,-24.638590,15.273293
47.228596,-3.690387,76.584869
41.087784,-7.181026,84.209221
3.453626,14.155849,67.204193
3.285605,-22.182274,15.288227
4.789857,-34.211498,72.808495
-22.705566,-15.185017,67.985580
5.558114,-14.181965,9.330092
8.334435,23.132622,36.448166
12.820498,16.576580,54.146542
9.312518,8.951394,49.415817
21.235407,11.912261,62.834358
-32.610306,-47.274563,75.749657
16.460985,-30.088177,85.998398
-0.294309,-30.545069,24.668404
-10.051128,-10.434657,79.714859
9.981890,-43.603390,40.566059
26.916924,-32.529621,42.155796
-3.246541,-33.687332,85.739983
21.473930,-22.413177,21.171711
24.186333,20.828831,51.798965
-16.752205,-4.179287,67.876755
-19.523672,-31.175350,50.529320
-2.660413,16.079056,39.249348
6.229977,-42.615685,68.062332
20.568651,-28.331039,25.441639
1.265132,-39.758717,38.703896
-13.726171,-11.977015,63.736588
-7.609929,6.603297,67.077362
-22.790804,-15.415115,59.579128
35.436089,-3.527396,43.103233
-11.802450,-3.050213,86.103355
-17.771780,9.891760,33.174500
23.812361,22.246490,54.603405
-19.921122,27.021263,41.645832
24.427446,15.328557,47.833839
-20.106323,-0.650029,55.877586
2.521287,-46.337818,73.238266
-0.628268,21.536268,74.309357
42.276825,-15.382448,82.901855
-5.531779,-19.232738,75.423294
33.979290,-31.961624,73.369888
31.976843,20.302961,59.664711
16.400309,-3.815633,8.782403
46.898033,-5.801455,66.274170
37.379253,10.867862,61.742672
-6.332880,-34.616508,65.300003
5.004274,-0.211837,2.771590
38.021114,-34.926537,65.694794
-18.624039,8.346561,50.436001
31.638580,11.285415,41.586761
39.921242,-27.866209,63.093571
11.867665,18.700960,58.709763
12.042619,27.704815,81.839302
3.328721,-6.740331,4.663602
20.691299,-41.907986,51.144291
-0.325952,22.854700,26.404440
-19.468248,-11.091179,56.467018
-10.603396,-15.936124,67.436035
-5.234285,6.383509,82.689430
17.129204,-35.051643,35.729984
-12.082111,-0.106300,57.423111
36.505604,5.757226,75.203102
-21.036242,-17.039114,59.398617
23.412540,-43.378056,47.859158
-4.484812,10.786291,45.633793
3.355324,-23.975864,12.900462
-7.627468,-37.502041,48.145035
32.738426,-39.521111,76.809937
40.898659,-21.418388,59.067158
-20.808916,-25.668074,32.104828
31.769503,21.745861,77.881256
-14.420663,-34.114754,52.049961
43.764542,-14.127538,69.720772
46.245949,-9.165249,61.383270
-3.088895,19.111719,19.193451
-11.189853,-31.609255,80.254623
-20.644520,0.960655,19.052532
25.835066,1.317951,29.469557
3.616081,25.955135,74.963715
-1.261027,-45.277115,77.341171
-43.990864,5.546552,60.360836
43.481983,-10.035826,60.274410
15.015091,-24.546804,22.416000
31.825499,-36.135048,86.196915
-4.865888,-3.829446,71.065224
5.397524,-34.184212,81.055153
38.804405,2.943337,64.862701
-6.957556,-41.070904,76.818420
-29.050713,-47.666630,73.322029
31.805271,22.118435,66.199677
31.094791,-36.763832,65.981018
12.297214,-42.161434,63.001438
38.071472,-4.641442,57.480431
-20.058336,-2.520728,23.842709
-1.230597,-46.008221,55.759682
32.835411,-19.636700,38.942398
35.979507,-17.376846,86.156456
21.423620,-43.235229,68.828171
-15.979293,-25.195354,64.153740
31.156267,-33.127434,68.047043
-5.170365,-11.093494,77.921974
32.681664,-31.367210,81.212128
6.606466,-24.884880,14.087223
12.032838,-42.698277,53.773674
36.958599,-11.723347,36.657818
37.156612,-2.638960,40.004539
-53.270004,-29.430532,85.972733
18.166451,27.525789,80.513702
-15.378795,-27.898439,73.840019
-13.727975,8.133247,77.447784
39.745216,-22.055370,80.578812
38.996201,-7.772243,54.590691
-17.135935,-32.566769,52.358440
41.923862,-21.987741,56.884468
32.575302,-28.955278,55.693779
11.041542,-45.933777,72.725807
13.233224,27.216541,58.553902
-15.651269,1.632102,65.850769
-15.537744,9.782352,47.472237
-19.276764,-29.200626,46.013443
23.231485,-42.307907,70.261108
12.828834,24.725864,50.456772
1.629645,-42.503510,79.540695
-12.228223,9.839365,46.598602
35.932499,-23.850962,73.919823
-3.499846,-15.480340,7.200582
5.503859,23.228195,41.397385
-10.503160,10.738029,15.287861
13.958236,22.367863,50.472980
26.850536,17.824873,53.207150
44.426338,-10.266050,63.990131
14.726025,-42.039845,38.615196
28.860619,-27.165035,86.034477
-5.058218,-6.460419,67.216385
8.737471,-22.816732,17.846630
35.670410,6.369553,82.164688
9.831891,-8.273650,4.683292
-47.534401,-40.507652,86.029083
-28.915668,-12.452363,30.905903
9.372647,-39.254318,70.260468
-1.915308,21.446003,70.213638
1.852875,-46.459248,68.731262
-7.790871,-34.387901,56.693428
31.188921,-20.260527,32.381607
32.286785,-36.582409,70.893471
23.015326,15.661238,45.997108
21.660212,-33.051453,30.808218
0.663067,5.911029,65.579384
33.629833,-26.955856,75.816200
-17.096571,-8.306508,68.106522
28.515450,2.368511,29.011671
23.199507,-38.527000,39.202301
-5.631599,17.512817,49.163857
-6.112767,15.673116,83.363297
-19.821138,-1.324631,49.845032
-8.336231,5.364978,6.865072
30.862913,-4.683931,36.300797
-10.607312,-10.822937,85.934052
-9.850536,-46.630508,79.130562
46.075123,-10.448347,57.688400
33.422390,2.199359,51.445816
4.215924,-43.062992,47.985569
-4.835046,10.851809,63.077934
-18.710686,-7.681075,83.254883
-15.361057,-32.587715,48.063156
11.492515,-28.562588,85.663307
-23.510965,-10.900512,48.840836
28.522377,-31.455273,78.824547
13.997766,23.659182,57.504177
19.035625,-47.877907,71.517410
-22.754196,-8.046289,70.689743
-4.817043,6.890449,54.929131
-15.895207,9.973931,19.683626
39.284267,-16.251366,67.903854
39.537384,-33.319271,71.541763
22.822395,9.055761,40.758991
2.772498,30.344769,57.508526
20.102425,-40.837479,64.575439
-23.530588,-16.402067,77.124535
-6.499916,15.554259,77.632774
41.985336,-6.616343,48.451591
37.440262,-5.014567,77.852455
-34.258522,-16.040028,43.294891
-11.322360,3.419196,70.109413
16.851683,-37.799786,79.505646
-1.248976,18.811121,54.025150
18.475285,-45.595013,81.647614
36.643421,-5.297231,40.232681
20.930695,24.219711,56.777531
-2.362908,-34.408154,82.954491
11.481987,-44.772530,65.917938
19.018864,-35.002834,38.718800
35.396732,17.199234,64.401901
-14.453784,-36.501644,55.973129
28.707256,-35.614449,80.700165
41.256893,7.942528,82.497864
33.759861,-29.768669,82.926796
27.158113,-43.030506,79.567062
7.078050,20.302917,38.098606
27.059593,-41.812431,56.250080
13.046970,21.617643,67.608459
-9.647543,-11.170232,61.260487
25.527529,-16.838741,22.346756
1.540066,9.416374,67.137489
-7.285777,15.443769,37.326206
-12.380396,-9.578176,10.760365
-14.939599,-38.676125,66.105072
-15.431466,-19.226828,76.527390
13.893799,23.193890,45.544334
-4.954925,14.573596,12.807959
24.623554,-21.726395,28.933037
-16.899643,-22.262257,55.557648
-19.095556,-0.649428,59.917835
-21.899036,-31.295732,49.544624
8.811120,22.035480,40.593437
-22.334591,-7.013667,78.472450
26.431072,-39.586426,80.824844
42.550846,0.854040,72.048454
27.116905,-27.461443,36.965126
2.652343,-35.444359,79.313004
-0.018518,-6.620279,4.620528
-7.085166,-3.193406,80.155212
28.471149,-37.441803,74.955444
39.675152,-33.062912,75.598900
9.845369,25.238501,47.936493
19.952673,10.310277,29.347784
39.530426,-13.909410,54.478333
5.946343,-10.248781,4.064523
43.602306,-4.728309,64.667114
21.238501,-19.970797,23.242704
-20.621294,-8.083985,51.324860
-11.321657,25.553499,28.274258
-12.304343,-23.867256,19.221399
-13.182089,19.481337,22.290800
25.746876,-36.886635,56.108749
38.056061,-11.888867,71.233337
-4.666336,-38.702450,49.157585
21.336361,-40.274784,61.771046
37.888237,-10.053497,43.235519
11.033281,-41.562401,67.939499
-11.360446,-3.602035,56.021606
16.085352,14.572736,56.651554
30.619059,-2.891801,32.011852
-2.504508,14.849277,74.760330
-21.036892,-1.542200,26.444120
-2.888893,-33.472019,29.280281
46.441235,-7.137354,76.441048
4.592368,-39.963448,76.067703
-18.335407,-12.644501,62.074818
6.795414,-33.418667,76.200569
10.768321,20.100346,57.042332
-3.823856,-15.106424,74.939430
34.464661,15.977394,53.920303
33.029732,-4.973668,37.746395
1.929638,29.074253,69.440544
-12.149440,9.863562,80.418396
4.208368,22.894880,65.013763
-18.174171,-17.812979,67.163528
-8.159525,-38.488468,85.927246
33.931149,-26.606537,69.039246
-5.915455,7.963667,66.465073
6.041159,19.579042,69.905258
-3.473010,13.924822,35.659531
13.274487,-29.833330,84.246490
16.687059,17.092575,69.049454
23.387571,-35.224800,76.332001
23.695919,21.563406,67.198631
-16.306213,16.584358,19.667397
-8.764775,-40.229206,72.548965
-2.114508,9.823055,63.901421
27.805750,-37.715694,78.619766
-25.440430,-5.188868,33.001652
-9.865753,15.176649,85.879402
7.204953,-45.503960,65.108086
-22.292162,-6.830323,57.006603
-20.623285,-23.467049,59.799671
28.026867,24.460247,70.167740
-2.796837,20.625912,64.554718
3.399533,21.712761,55.810951
33.109398,3.965486,62.323990
16.740992,-16.044432,12.622208
35.205006,3.000286,58.196495
-1.238859,18.407024,74.952377
41.400955,-11.949103,57.104294
36.889141,-35.906265,71.399506
10.660995,28.257790,71.818092
40.742176,-18.979836,59.743530
-3.366020,10.334159,67.922119
-11.790949,14.126873,54.383286
5.024132,12.078368,65.692505
1.609718,23.659527,62.754257
-16.657450,-38.348145,57.914917
37.120171,-34.054924,79.256905
12.905294,-36.777794,78.046204
-21.491917,-22.301781,71.677193
23.906986,5.020998,22.935190
-6.551772,-14.688139,86.590698
35.444626,9.920507,54.732178
-5.335139,-40.115002,79.735077
-18.220598,-9.084706,76.819489
-12.890633,11.522668,24.129597
3.371416,31.175613,69.167587
10.090584,21.217594,45.391777
24.324926,4.565307,27.360792
-16.157900,-2.884050,12.857471
25.419703,-44.655857,74.252785
35.841923,-35.014763,59.327358
45.842113,-1.426989,83.840912
-6.744831,19.460239,80.425911
-3.603894,-38.668480,52.333504
36.347744,-17.622606,83.300209
35.269108,3.757054,54.259563
-29.330278,-49.442883,78.466980
40.584961,12.731461,84.320404
6.344670,31.942669,82.130463
34.968300,-24.518970,70.100563
14.380563,-41.214733,40.833950
-18.610184,-17.863005,86.108940
4.972433,27.412804,61.034821
19.128796,-26.131758,27.264750
29.312960,20.090614,62.272812
0.289705,-39.774490,47.032898
37.258507,-2.634809,65.845955
36.696419,10.768248,73.333923
-23.730442,-9.672490,77.288651
9.653818,-35.361938,34.882317
30.745319,12.396263,59.880058
-5.847882,-38.107445,59.720406
-2.084464,-37.402283,31.039524
-1.481297,-46.679710,69.179543
-17.451017,13.338527,23.044550
40.262703,-5.779211,55.834576
-15.273779,10.200879,22.692537
-26.261536,3.977026,26.889135
19.278955,19.816378,58.373405
15.895804,-48.757092,69.364235
38.186764,-35.251057,74.993393
-22.877798,-7.303050,60.925819
3.760161,-44.551800,80.470848
-7.877109,14.590827,79.398895
35.066525,1.104690,60.104370
6.390809,-43.958626,86.297462
17.066195,20.909285,56.862110
26.111588,21.699528,69.597946
7.538391,20.435726,55.552101
-12.590672,-19.481422,16.503643
-4.416108,14.476569,63.861008
5.498682,24.867712,57.024506
39.603111,-21.669006,61.202820
25.472456,-36.035519,67.035492
-0.028870,-37.103111,29.609774
-23.485399,-13.264071,77.050468
7.764554,-14.967584,7.276372
-11.196379,-6.779081,55.811306
-11.067961,-40.791843,82.971085
29.249592,14.734925,57.413822
35.871273,-14.993857,35.197208
-14.500418,11.458452,52.602329
22.040106,-46.130749,77.758438
29.018742,-28.802973,42.231518
41.875175,-3.295242,65.622147
-18.444460,6.440288,17.531513
-5.822610,14.776081,25.292072
15.828891,-42.733364,64.933914
-16.296715,-6.072900,79.972214
32.781857,-0.357846,38.123821
-0.880897,-43.623898,63.385559
-0.361304,-27.145798,84.449913
-1.568850,18.943018,57.586021
-46.528214,-32.289730,75.710114
8.438530,-45.299580,62.373405
-13.827067,-21.804031,18.805182
-9.281845,7.972096,65.041382
6.028922,-40.946350,39.776512
37.381088,-17.460146,77.216530
3.254658,26.262714,38.889698
-12.816571,-31.647945,82.305084
23.229584,-41.030907,49.547878
-5.999840,-28.160631,68.347107
39.366638,-0.095755,72.155540
22.789783,-37.353149,80.069435
-16.688913,-10.640904,20.731026
40.087833,12.106136,64.529816
3.964269,24.057383,79.942421
-15.596437,11.010597,44.678230
-4.285851,-43.108303,81.835518
-19.099745,-6.872051,66.443604
3.626418,-40.453026,73.758781
-7.162643,6.356098,78.437584
18.884905,22.424915,53.696690
-8.393246,15.276237,58.909000
-7.616275,-37.611294,45.540447
-6.553980,18.249796,70.427711
14.742237,-28.676739,86.254120
24.232071,17.105740,63.691486
-51.106510,-15.630260,70.781738
46.204994,-21.772381,64.783371
44.663506,-4.667546,67.072990
6.762896,29.137106,70.046700
-1.587646,-27.732317,82.379143
13.617021,21.921999,41.841576
40.041534,-5.113677,44.620422
21.305555,-32.435757,33.141792
13.546582,-37.879951,42.258400
21.499166,9.861711,27.036362
32.934883,13.503075,77.630013
-18.665720,1.528048,58.808907
-8.913958,17.269863,77.298958
14.714362,17.594297,28.498024
39.451748,2.400506,79.564194
3.441800,21.243382,32.536434
-5.812914,-34.106911,80.604828
47.083302,-6.569365,80.103394
-14.760687,-30.293690,33.407688
-20.174881,-23.080185,68.803246
1.944114,20.429405,58.081726
-27.390551,-21.026276,40.831955
34.134216,10.918911,66.478004
47.187454,-9.417716,79.341835
9.498067,27.406540,51.656319
-16.675972,-12.522455,54.309326
6.919920,14.258675,50.739975
-25.205055,7.368146,25.394417
35.617249,9.077518,86.130188
-9.879358,4.253625,75.934784
42.140865,-29.871428,74.710693
-14.203938,-28.283848,85.668488
-13.607726,-15.729242,78.110428
25.835077,-1.215908,22.153551
-10.059450,-25.663313,68.158493
16.107008,-45.139912,47.487228
21.468096,22.335682,73.677704
-26.156061,-20.338116,35.179390
-13.463614,1.127627,76.875832
19.379269,-30.590736,34.233315
-14.372235,8.818943,21.033533
38.255672,-31.611200,61.138229
29.502907,-39.318367,60.734741
-15.042033,9.381266,33.167095
10.098482,13.141406,55.582161
1.288496,-43.323334,85.404587
4.306454,16.863960,32.382793
-17.027567,-12.310118,66.628822
-15.453383,-10.315708,14.204500
-20.360979,-0.674525,52.851048
3.393257,-37.793709,77.575104
-2.186211,27.434389,35.739655
-9.046884,-32.299961,66.132782
2.265218,31.050253,54.670097
40.653419,-25.410341,83.825066
1.265619,-36.898045,36.485920
5.482568,17.811993,24.099817
-19.645416,-3.299339,66.833893
18.868906,21.134933,46.108150
2.025607,-34.279453,84.688065
-20.900183,0.858491,28.539713
7.793853,23.916553,48.776962
25.303089,-10.789732,20.394077
14.370779,15.393990,40.052357
-7.870415,-38.711197,36.115360
5.584246,15.377674,52.951096
-2.167065,12.738925,44.791531
27.295937,15.424793,64.857368
-2.243839,11.662372,70.657852
21.601551,-45.266308,51.378990
-0.510490,-18.992487,12.784108
-16.260740,-13.079050,69.936882
30.865671,-33.123474,83.379219
-2.897657,2.027748,75.824493
-7.696091,16.736036,22.363424
40.214046,12.180641,68.217781
-25.497574,-5.608130,26.240280
-15.025252,-1.367182,48.623814
22.747364,-33.899044,82.925858
-17.319454,-48.946228,75.459816
25.597359,-37.897934,45.584660
26.490631,24.182791,79.071434
5.520218,18.503901,59.992950
1.504947,12.501345,50.954712
-5.617184,9.259290,73.655937
10.340314,-15.286977,7.597150
-9.385060,9.053671,70.160973
24.189829,11.285437,37.064854
31.911655,-27.508636,79.205658
6.480601,19.752390,29.722101
0.519808,18.639780,35.168350
-50.542683,1.979371,73.384247
40.408466,3.422241,59.677635
-12.087296,-6.444992,60.051292
38.098698,-15.768494,54.279556
-2.824853,-20.503487,14.883637
-19.206547,-14.334386,69.073418
21.158237,-35.818874,39.333584
34.496685,-10.071297,40.477837
-32.347363,15.684455,42.096443
34.549343,12.626659,63.221619
-2.576716,-43.442200,46.618988
-16.545982,-31.249943,76.062256
35.318268,13.561457,75.950020
7.687158,15.628874,59.772522
20.047789,-33.151730,37.541420
-26.181307,-24.273527,37.240913
14.418381,-36.407066,86.153336
46.731102,-18.451843,76.593361
-21.098413,-24.152332,45.989601
36.343487,15.059454,55.600262
-34.853519,20.147957,51.058319
40.079849,11.671521,77.110886
-12.586083,10.424623,58.080841
35.590725,-37.990494,76.062416
28.255278,22.878000,72.432632
37.245564,-27.293171,54.164749
1.390308,12.692283,66.583832
13.878129,12.492241,60.494499
-22.848438,-14.443217,80.029495
39.274200,-28.971848,69.990128
-5.691761,13.296254,71.729630
-16.889065,-22.287462,78.679382
-12.113582,-21.971134,83.108780
47.265854,-8.762049,73.964615
26.216387,-34.003437,85.806030
-0.775522,-45.800690,59.035778
-12.767017,-8.481071,73.601295
12.993725,22.873528,70.403313
14.085002,18.869053,63.364330
9.250614,17.773878,30.514448
39.315182,-23.866653,74.304779
-16.943035,-32.392780,35.412773
34.126289,-2.062675,35.383732
-1.298952,-47.637516,76.881889
29.448818,-20.770571,34.083515
37.944504,-36.335655,63.147995
-13.269135,-30.056831,26.730001
-25.104212,-26.452795,38.564560
-9.085901,-5.299043,85.578491
12.259561,-48.267574,60.901909
7.142615,13.413839,18.860851
-4.324888,-46.708744,69.202850
11.276406,11.764074,22.063425
-11.174901,2.160486,53.663452
-16.255701,-35.327805,60.502182
25.181133,-40.112461,71.878944
-20.402952,-18.205862,74.696815
35.122993,-27.665031,62.790375
32.703846,-32.400219,70.041611
9.832670,17.315285,54.022324
-20.719456,-31.877359,58.088943
16.145330,23.659531,70.912735
-14.011789,-45.635750,78.991356
-14.969664,-31.074202,29.305462
-15.104427,4.143983,80.635193
38.595562,-4.654453,67.192551
-30.965210,18.530762,41.026821
-2.656981,-38.418148,42.397388
2.128016,-30.961639,25.456980
19.927776,26.943121,71.878830
-9.916026,13.332660,51.335087
2.933507,-43.722527,62.128792
5.114446,20.563709,35.535900
-16.007950,0.833806,82.993561
22.544275,-6.343627,20.730343
33.717857,-32.722183,43.945297
16.297529,11.409779,46.254803
9.365852,26.555285,74.068100
-1.263197,-42.838829,79.842209
-2.885880,-40.674744,73.716515
10.666577,-32.911720,23.693111
-9.811491,-39.659405,45.568356
4.754143,24.561733,35.011288
0.561869,-44.760536,61.433331
-15.657736,-2.106055,67.818863
-8.209840,-29.339550,66.020439
1.985320,21.280046,73.993225
43.191589,-17.308548,59.484627
-6.724422,16.064594,66.436836
39.223217,-9.826155,40.688747
27.562576,12.664545,60.103378
-1.930941,-33.166218,24.068207
2.194005,-19.378418,8.955910
-11.355840,-35.550392,45.355068
14.509350,3.187597,9.286379
-23.974482,-8.049377,24.877125
-11.973400,-13.383885,60.008770
12.808534,10.555125,15.854364
-12.272192,-35.412506,33.932907
2.710368,-36.024540,82.295868
33.574654,-40.038712,69.515617
43.661938,-16.445807,71.429451
3.672375,22.795904,58.133354
-12.122987,1.849573,66.499977
-19.708652,2.656041,26.705301
7.729872,-27.991100,22.188137
-9.398917,12.040583,34.648655
46.443462,-10.653044,82.255867
1.417059,-42.928421,53.945724
-24.216766,-10.345778,66.454361
-4.043613,-38.332420,81.428741
-8.302217,-37.000607,74.488647
-24.824389,-3.329745,31.121094
-11.153972,-17.221437,79.216965
18.275394,-21.421860,22.119892
4.176964,16.536245,17.433107
37.658150,-22.330301,62.465748
17.242561,-20.215500,16.834011
6.353416,8.571491,67.032074
-8.332795,17.503918,82.266251
-2.521071,-35.321068,27.379705
25.596596,7.732913,52.358124
-15.022521,-6.630733,69.372139
23.673204,-33.347664,32.558971
-4.361828,5.268349,66.245598
17.585091,-40.863903,64.601906
-5.316866,-13.974187,71.447235
-38.012028,-2.662733,46.325603
24.337015,4.790898,29.826067
36.154255,-24.136858,63.657532
38.833176,-17.320908,81.295403
-6.562291,31.089649,46.860588
21.981501,25.297192,58.921371
-7.343427,-31.250214,67.559189
-6.795051,-20.570608,82.256020
-5.153055,-29.879709,24.884323
19.408495,6.521808,27.120932
-2.828739,-39.685890,39.950718
-25.846495,12.197393,28.050644
42.275631,-19.694187,75.798035
-49.120464,13.608725,74.132248
12.291227,-15.287712,13.190119
19.751764,15.303040,37.160355
31.356630,7.023373,55.782207
-29.083950,-7.784116,30.566868
-13.416834,29.884752,45.482231
26.320450,-42.257149,77.524696
39.959011,-20.114229,81.535873
-23.539526,-28.656054,53.833622
27.210865,-12.541372,27.788515
34.944572,1.972498,45.056114
2.529960,15.182392,59.348217
21.780943,-34.688660,78.450005
-22.734539,-5.738986,68.732979
21.145187,29.191088,72.053307
-5.465482,-8.753312,79.518417
-9.229754,-18.279453,68.869125
38.486568,-32.049416,82.924850
13.225459,-42.415794,86.156265
17.897991,-11.899717,16.739498
-13.835849,7.366415,74.346001
20.308077,23.724020,69.688522
-10.820321,-4.320518,68.598457
10.737992,-37.336025,78.340988
16.415445,13.319412,44.133190
34.520130,4.800938,69.814606
-15.972268,13.669484,17.172260
0.180627,-34.903286,81.910751
-3.910896,12.852825,79.587181
-53.072746,1.543304,79.613235
-21.012133,6.533615,46.320015
37.222889,-36.979794,66.246910
28.029621,-37.002098,60.708866
27.261164,-13.856369,24.259069
-23.993296,-21.641468,49.721455
-0.223146,-47.133224,66.326378
-10.915538,2.145415,7.437710
33.499870,8.256163,75.061035
32.042294,-38.093399,68.829330
-11.192186,-14.300188,81.897896
-27.604841,-0.731338,28.450033
7.129570,12.383413,54.495678
-19.930069,-37.885517,56.770042
0.210881,26.693665,76.919174
19.471725,-17.722454,21.202890
-17.737530,-6.044014,85.720612
6.543295,14.166232,25.983286
21.855328,13.926414,31.499529
-12.343502,-40.516747,72.495583
-7.877366,-0.278131,53.659035
27.485939,-18.130144,31.216160
-19.136238,-5.517984,76.292107
-8.254177,1.816148,58.294369
40.320972,-25.266388,60.128006
-14.441413,8.567903,18.396481
5.179891,-48.523693,76.243889
-7.260226,-30.810682,22.251747
-47.478722,-36.810440,82.283386
-0.452375,-36.868576,67.106773
23.400232,-28.120928,34.755436
-22.140226,-26.218653,49.651684
3.872737,-30.285543,75.401527
-15.861672,-14.975269,55.370567
-12.515802,10.922066,51.872238
5.900973,9.777997,48.206009
20.992872,-3.026241,13.985838
17.382851,1.568732,14.639734
18.637608,1.089762,12.757644
44.142487,-7.073605,80.207756
36.073895,11.588764,68.069977
-11.680973,-7.197076,68.098671
11.446241,-31.208115,83.339218
1.153625,-46.126659,77.467735
22.587873,20.255842,57.762836
27.665541,14.766944,42.891182
-16.215578,-37.523106,59.970955
-14.738227,-38.115078,53.174271
18.662621,4.577603,14.833899
-1.606763,-34.441654,66.136032
-2.114840,-20.773193,73.798416
21.049982,-6.988663,14.749264
25.732307,28.063648,83.557755
-12.180568,6.553881,73.120605
35.640614,-24.395578,37.921425
12.525095,18.335766,71.058174
15.058424,12.663054,55.338703
22.766867,-11.777079,17.287861
35.330334,10.935230,81.820862
-18.763683,-2.167761,46.352875
-7.905028,-9.452025,79.138580
-11.592236,-2.527968,62.039009
-16.974070,-26.266851,83.131218
-10.695474,7.753904,41.732224
-1.324665,33.551929,71.041397
-2.502455,-32.367889,76.496826
-23.125065,-16.361469,70.987312
22.771036,20.305931,46.663818
-50.747295,-3.674379,70.777901
1.197073,-33.256721,74.260925
-7.583620,-35.407589,30.429647
-4.973472,15.457501,61.266396
-21.775869,5.225322,48.194527
18.870117,12.344528,58.270882
34.229485,3.376651,39.837898
-5.616347,-32.304466,74.485184
0.040773,-41.538471,43.129993
39.984207,-17.660583,85.394524
15.675253,9.560529,62.780060
32.623920,-24.069756,33.997467
-18.403309,-13.171233,51.868355
-14.998176,-40.528297,67.189438
-7.401471,-38.972843,38.915237
17.252468,-22.952087,17.587015
-24.905983,-23.231091,39.567276
8.465597,16.153793,39.506348
3.675317,11.679941,56.248459
30.351202,-40.033897,79.257774
36.380241,-24.026281,43.208862
-17.081591,-18.124342,23.700895
45.284466,-1.217553,68.586868
5.815139,-44.299023,66.521156
-12.632684,28.662886,39.384491
-14.672585,12.128082,20.160095
-7.136168,8.335213,85.911484
-9.461932,-1.015123,68.138992
8.061855,25.047634,72.055771
-14.649493,11.351950,55.355457
-10.761365,-37.580009,83.964462
27.134605,0.818484,32.794273
-14.411453,3.874309,70.610596
0.342227,15.877387,43.120636
-22.135496,2.534383,50.403679
5.606019,-41.543083,46.195023
12.667323,18.395882,56.143223
40.140907,3.778873,73.017426
-12.658885,-43.269032,69.089371
8.555120,-40.579266,68.090775
2.948681,19.379646,50.546783
33.128380,-27.478884,83.063232
-11.779031,-26.924549,79.459602
-19.513340,-49.236877,76.595078
43.479237,1.229083,79.359734
-30.060364,20.572090,42.140659
-36.139034,17.490797,51.536385
37.972801,8.243311,81.871368
-7.735252,-10.003185,75.152824
-6.470135,6.737498,5.465637
16.733385,27.290546,61.183273
-23.929943,-2.982136,36.646637
25.177402,15.104855,41.108566
-19.630558,-34.448845,59.136501
31.931803,14.050762,79.598000
-51.186535,-21.017605,72.975220
34.144447,-30.798073,68.613365
-16.705511,-30.515781,48.000240
38.850262,-8.346436,63.802483
36.476803,-1.412500,75.460976
31.736921,-41.198868,64.401001
40.327995,-30.123123,81.079552
10.933449,13.025649,67.771576
18.200459,22.073624,60.250053
16.909575,15.680269,39.411522
29.004938,-32.677486,73.798630
1.721165,7.107844,70.575882
14.087648,-15.025690,14.704637
32.633320,8.324537,51.639130
11.404416,-37.257862,39.381119
-7.173511,3.975126,53.864838
12.144768,-43.924248,50.365860
-16.746494,-5.418116,14.779701
21.833292,-36.359119,35.055031
-8.945886,-25.238546,85.919006
8.170865,17.488440,35.948483
-17.436447,-19.996292,57.118000
-2.365791,3.556521,64.856300
14.847528,23.311567,68.866951
23.230474,-36.045536,72.772110
-9.658053,16.809853,23.503963
-15.020394,-7.448705,60.382812
-21.137064,-34.290852,51.355179
-3.412941,-40.955856,77.528267
-18.100891,-0.880697,66.937744
-14.705130,3.490389,49.048714
21.769804,17.480930,52.392738
34.307362,15.377024,62.491379
-16.564791,11.787657,40.711895
-2.713151,-24.521824,76.058609
42.790169,-18.700607,50.427261
-5.588367,-15.379441,82.870522
-15.510151,4.525032,74.376358
-4.697227,-38.744709,77.406113
8.443500,-45.971474,74.591400
11.564995,20.024403,31.940565
-19.105532,-13.996539,74.513542
-22.482607,-9.174751,29.111446
-0.823376,0.617135,66.307877
7.855569,9.334435,51.700356
24.427328,-33.957504,42.764595
13.220948,20.141907,69.660667
-5.624198,16.884045,27.429979
36.571976,5.261250,48.807453
-13.375911,8.277493,51.880707
36.740768,12.894554,53.002480
-5.578629,-37.465080,69.842308
38.393551,5.303082,54.421383
-18.795311,-11.253698,19.340403
30.850723,-26.303673,33.235466
-33.158337,-50.879372,83.345558
-16.336283,-18.700659,64.724571
27.163992,-39.647141,54.640495
16.159712,20.083853,61.430927
-9.027073,-13.677749,77.389557
-15.315634,10.318779,28.575989
35.854568,-35.015678,52.316109
28.537210,7.439940,58.231236
-17.590212,1.831295,64.526260
25.437828,-41.903259,70.526398
9.161750,13.217020,64.223373
-3.558472,-35.432610,79.238289
-13.271564,-23.434702,67.438141
36.491131,-11.356228,45.745956
-9.714707,-35.265583,31.667938
-14.062544,-36.747162,41.913353
5.315205,-37.452358,37.792095
27.619335,23.443996,76.938545
-20.825800,-11.214281,64.371742
-14.522682,-20.161415,22.518002
6.926744,29.050402,85.811760
47.063389,-16.705555,66.986191
2.039517,-48.308846,71.287048
-15.587725,-26.807928,78.802261
-20.501381,-14.626757,66.962479
40.968853,5.509037,76.507462
-7.593217,2.042606,49.113541
-4.392975,12.354734,74.366684
-12.873016,13.513552,33.240150
-1.330520,-41.472137,66.552971
34.618408,-29.454596,57.447735
-12.558696,-44.074741,86.079117
-18.103951,-12.947663,64.507607
-0.061998,14.711487,68.292000
-18.711147,0.110225,78.984230
-0.979720,-28.767336,71.993370
24.094744,11.520565,50.169022
18.940681,13.664327,43.524391
31.195166,-32.381500,39.673687
-15.006147,6.191027,17.419056
-26.662754,-3.240508,27.701622
-8.341917,-41.802799,83.463806
5.614080,-47.047348,64.004257
6.973290,20.885283,60.305107
-0.477454,16.400721,57.963902
20.036745,-9.273373,13.550694
27.936369,-36.622784,48.065342
43.330784,-6.081059,70.376854
8.914943,12.986013,66.555618
34.185226,11.663448,70.907906
-19.776787,-16.362474,77.646309
-15.615509,-13.500563,62.231491
-2.286195,19.393755,25.616085
-5.728676,16.816648,19.406647
-49.576668,15.540564,75.198502
-16.258793,1.113912,72.623306
-27.185907,-22.970158,48.063526
-9.186511,-4.923352,6.254280
-12.411826,13.865346,39.855869
-14.752602,-0.849558,15.460854
7.910357,26.604286,85.726402
3.859100,-42.391342,76.715652
-16.761992,7.573476,23.403700
-10.857977,-23.301786,69.606430
-18.517506,-20.189220,74.828705
-19.559729,-34.050171,53.961071
19.107290,-13.521832,18.699625
39.042976,-15.008736,51.924950
-14.651086,7.081780,11.647675
-11.514528,-33.599800,58.814148
3.419637,15.239837,42.085968
-9.164196,-34.679585,68.998856
20.528421,14.990976,41.992905
0.843859,-32.699379,83.046631
20.619928,13.644359,50.537720
0.524673,-25.146685,18.076618
-9.661600,15.993077,61.125954
5.188964,10.817889,59.443268
-6.815306,14.111985,29.833168
38.770508,0.995506,65.760719
-23.668837,-16.830664,74.480370
34.077255,-32.699371,52.952160
42.769867,-28.036373,63.576675
-14.102296,10.926785,46.277752
-11.319075,17.787029,19.140907
-0.142426,16.175938,21.714401
0.159501,16.056541,28.176996
-18.534470,-21.323463,73.020638
-7.401694,6.146120,55.557373
37.665428,-25.568802,84.843567
-4.458275,-36.345203,85.972168
41.296585,-2.269126,61.123032
39.001526,-3.647847,46.943985
-8.909318,-20.782425,65.064667
-19.585840,-11.838435,76.655022
2.103590,4.522479,2.682923
-8.417006,-46.336243,66.003494
28.137947,-35.482826,84.097717
29.349205,-14.901447,25.688416
14.464400,9.365211,58.616196
-18.881256,-2.088888,76.345749
-1.691314,31.393501,48.601799
-8.713398,-38.358463,79.424049
39.211803,-26.048244,75.393799
44.434368,-18.824247,69.390236
-3.648139,21.829834,77.126221
-10.640932,-37.425488,52.062881
-3.340788,-4.813455,3.864288
-21.921148,-9.958913,81.055817
17.717232,-38.285564,34.236263
-6.912174,-9.487681,6.056642
9.558195,12.658735,38.641266
6.141802,22.078163,53.153397
29.534262,-35.340649,76.495392
-9.924416,13.694498,81.406937
-23.420149,-11.639331,86.192101
40.550167,-24.226105,79.131561
30.238142,18.211224,81.224358
-23.037447,-26.433153,44.536438
23.495173,-42.847855,74.429443
-15.713133,-21.048532,67.507797
34.846050,-0.372168,48.513031
-19.988371,-9.786757,70.449173
38.835648,-6.583112,41.357361
-53.429134,-9.224236,75.354828
-16.144993,4.495349,44.350212
-26.468117,-12.159801,30.205767
-3.660411,-3.397147,68.855606
2.159898,18.960838,44.357048
-5.089058,-27.990322,80.896980
16.973764,-36.744991,75.329605
-17.072559,-34.969433,54.468349
26.567307,-3.411087,28.040363
-9.849394,-25.576439,83.208275
39.588699,-3.601819,54.358856
-32.744907,-1.840644,34.286671
23.023808,3.804433,25.029846
7.689539,0.900838,3.792574
-12.957362,-17.922844,69.409439
-9.539528,-29.149158,27.391552
15.574919,17.649961,53.975571
44.285809,3.821669,65.873917
13.470641,10.967187,56.593338
6.408574,-49.267490,73.872299
-16.204939,-14.189016,65.610489
-0.327625,-35.148205,76.632492
1.766208,-3.960898,3.198149
-6.782044,-39.655476,45.457802
-14.378008,-2.017563,81.167542
34.867752,-21.949757,48.388134
4.555955,-11.844212,7.570629
9.784427,27.433041,66.628677
1.851073,32.983780,72.352409
44.138351,0.381547,76.279266
16.220730,16.982141,31.993927
8.074473,-43.451057,64.226212
-3.954919,11.866471,49.070030
-2.220165,12.038486,47.334663
-2.499401,0.004546,71.591446
3.210339,-42.955681,44.892075
-21.717844,-31.485367,44.259373
-5.109385,3.202403,49.817005
-10.278457,-10.323527,68.610443
-13.973110,-5.414559,57.447479
-8.369877,-44.099167,69.752655
-22.737854,-18.908558,77.675873
-15.667811,-29.129034,80.903008
-24.481379,-16.289051,32.593945
-14.141826,2.526049,83.743423
-6.341255,-37.601971,65.353096
35.193745,-23.538418,50.585957
37.684315,-28.992290,81.684967
21.071609,27.917549,74.786514
14.936493,-42.055229,44.436966
-2.767616,-31.076864,71.998177
-23.231731,-21.714897,29.370499
21.472500,17.789455,48.873192
-19.856089,-33.869865,47.395306
2.401195,11.216062,42.280846
-18.536694,2.844537,44.174850
27.967140,-34.592522,74.826317
-8.986212,6.637974,58.498657
40.227932,-30.532822,55.744289
-19.809599,-26.019756,62.052109
-20.967884,-14.138145,76.730751
-12.771132,-25.538254,20.812704
-18.650932,-30.485935,55.860638
23.445984,-41.414974,57.791615
-11.030538,12.112932,11.350027
-17.632423,-45.695000,73.667938
40.137794,-14.500706,75.213478
36.715931,-23.287514,66.276009
-13.587695,-47.595871,80.767204
-3.924786,-31.112856,80.278938
10.144976,-45.149029,70.609528
-8.537021,5.955482,86.309692
41.203800,-22.538458,64.431198
19.459826,3.216872,18.611996
-37.117714,0.845077,44.258671
16.195065,24.433474,60.121803
-2.441826,11.514575,55.965683
28.659719,21.315662,68.460899
-2.258697,13.945338,58.377289
8.904241,24.677917,60.877907
43.097702,-26.752626,61.521400
5.378169,21.398554,27.226101
14.196192,-32.720818,29.966719
28.893095,-12.151515,24.130259
14.446858,24.431612,55.237709
-7.884399,-10.634901,82.051476
-7.536782,-31.723663,80.321442
-23.942547,-25.624592,34.321381
37.016296,-23.893625,48.414520
34.755611,-33.934509,76.796898
38.014511,-35.418579,68.687500
-10.466747,-18.666689,66.280449
13.451248,-40.710976,80.002098
28.777372,-10.325031,30.922182
26.758108,11.087908,44.066948
29.411875,5.554047,45.693516
16.466503,-40.409359,69.351334
26.558449,12.199659,50.968208
45.241871,-15.059134,82.478447
0.111594,35.094742,83.591118
-0.120708,-37.472393,64.666809
44.999928,-24.928082,69.645020
-22.489519,-6.040057,49.294067
-2.896366,7.067176,70.868286
17.702425,-47.479893,58.222652
17.585760,-0.889889,13.627501
39.750847,-18.168747,51.578087
36.464756,-20.988617,51.374855
18.272116,16.268673,63.762207
-7.360216,9.621140,47.055588
-12.186273,-35.080708,61.949440
-24.409458,-12.306404,74.612747
22.018867,-46.044338,65.604416
13.707492,16.950415,50.689240
39.477638,-33.035892,64.016212
12.805341,11.051509,51.420788
40.801357,-23.382292,72.392700
-32.360622,-12.626284,37.279415
0.992507,16.305353,52.950073
45.984447,0.651135,78.316994
-7.681011,-25.711552,71.496437
18.565378,-11.381314,12.279000
39.605225,-14.747256,60.267864
25.528275,13.679249,37.927620
-16.217554,-44.842777,64.977524
-11.628395,-44.811817,79.454582
8.897391,-36.537968,74.718803
31.135349,24.134266,80.988922
14.744017,14.491322,51.551735
32.984089,-26.623657,41.845390
2.415970,14.791649,33.570847
-17.553486,-4.709513,19.546951
38.067825,-8.375666,83.613472
-4.445345,-12.458875,79.559647
0.277564,18.108559,50.710522
33.248577,13.392127,48.011635
-17.996975,-0.416814,18.962471
2.095293,19.009314,53.342205
-12.903969,-22.667480,86.219627
41.887836,-14.067030,53.318893
-8.841968,14.015634,64.999878
-19.224154,3.912958,54.107204
24.041481,-14.871559,19.549545
-11.483510,7.321342,79.136841
-4.613280,9.556427,6.683580
-23.615189,-2.434491,23.928406
-35.253017,-11.016655,40.599380
-13.383916,-8.044659,54.414043
31.617016,6.342625,52.213444
6.742852,-34.408939,83.372070
40.649975,-14.186361,79.508751
-9.049077,-16.441738,86.031731
25.879210,12.611287,53.808548
-10.903234,-4.973757,73.376839
42.270100,-4.682479,52.275459
-8.224171,-25.023750,21.389210
-9.884267,3.303448,80.483559
35.284760,-30.874041,81.057167
35.684448,8.634928,81.579048
1.178724,-39.652153,63.452972
-31.854370,38.803883,79.586952
20.723518,-46.429420,68.784218
19.269434,-46.733685,79.568932
-2.546669,9.326292,69.995872
-17.586967,-25.187506,25.373276
22.066536,-26.655935,24.570959
15.765766,-33.274063,35.015495
11.242329,-34.904591,28.328112
30.105534,-29.654259,85.785339
34.723045,17.420639,79.224503
-24.490948,-23.289642,47.027893
18.676575,-37.516590,39.348606
21.787262,-39.495155,52.022690
15.795143,-34.756092,80.733330
-20.997129,-13.860510,72.456505
-20.720720,9.193841,20.652454
-18.659895,-2.854903,21.502174
1.234774,-38.192066,74.023506
1.150438,15.273936,50.267365
-0.996779,-30.619473,20.396173
-2.072761,7.512298,45.310444
0.051186,-43.115902,49.675827
17.845114,7.747615,22.580231
37.226276,15.098045,59.837181
-12.271398,21.581085,23.492188
-19.107132,-5.881909,80.774155
-12.583735,5.649710,70.286919
-0.410303,9.804749,6.600599
18.867336,12.294158,31.162048
19.085857,15.156034,32.730701
20.437656,7.301104,22.807215
37.779449,-1.332206,82.870361
17.993395,-41.938988,76.685265
-18.203621,-23.952276,86.087959
33.971844,6.521703,65.008148
-22.644409,-28.471022,49.098934
-4.811259,-0.245243,68.904510
2.309347,-15.669805,6.412141
-15.580509,-18.823614,70.055649
-10.973292,-8.370514,78.356163
-12.886051,-24.658278,73.586472
13.766080,-14.944926,9.889183
-12.009444,-10.258464,78.788368
-22.043760,-9.666831,72.779015
12.936518,20.388718,46.682457
-3.811845,-21.862864,70.254272
1.744923,-48.507538,73.809105
-7.522337,-46.501415,75.916550
-0.426479,-27.308346,77.732452
18.549809,7.264098,17.385567
-22.502043,-11.778597,28.952829
-5.167116,13.261915,51.642681
5.898304,22.276516,43.543633
36.585949,-19.345453,79.821289
-18.221247,4.421619,56.259457
-11.829484,-27.435154,84.231827
-21.106195,-14.928008,49.582878
-5.160664,-44.442619,68.218636
-13.372988,-1.034992,71.386879
-30.953386,10.606302,35.612366
23.226337,3.602974,20.980412
15.005834,-43.511196,82.406281
-4.404384,-34.427479,70.561409
-15.015414,-25.284994,27.195482
-23.286148,-12.130389,52.342777
12.891177,11.384222,25.916096
21.817944,-45.042210,61.181274
-14.191810,-14.164386,84.395233
7.908907,28.531092,52.643173
-11.176484,-10.490034,14.947394
1.249527,27.729294,71.144501
33.995152,-8.506743,35.168156
3.061374,31.894527,86.316681
25.335604,-35.331593,36.863190
-9.744236,-27.074730,78.473557
-8.471807,-2.765456,7.266948
-38.016270,15.218692,53.422699
-0.009118,-45.701809,67.933365
-8.875866,-24.347261,16.455799
3.743790,6.630958,67.999664
13.369315,11.733051,49.170986
-30.307957,27.840534,54.080776
26.844419,-44.493988,63.903233
3.688796,15.451986,37.366325
-17.860872,-8.375870,16.382330
45.622105,-2.608900,81.636444
-15.991461,2.443631,47.312817
-15.616735,30.584801,47.586975
5.511881,15.208612,28.374865
-14.271909,11.062473,80.044571
30.973839,-17.428429,35.042603
35.864410,12.969734,83.189316
-16.114948,-12.565052,73.144028
-23.855978,-9.822965,50.711662
-11.668009,-23.214008,75.644775
-21.744251,-48.857510,73.959778
14.823417,26.151880,73.609055
18.414776,-28.939270,30.562946
-13.098886,-47.068455,69.122269
22.024958,-9.776085,19.612696
36.477280,-26.852224,42.094917
-15.582505,-8.525455,76.930176
-4.733244,-40.355110,75.456985
-8.416883,1.656732,68.983597
26.146280,-45.435596,70.028908
27.589565,19.801575,70.061966
-23.653357,-7.803869,48.403572
3.657343,14.436977,21.603125
38.800865,-1.135747,67.896248
-21.668646,3.671099,29.270176
-23.591230,-15.137899,26.268917
10.833325,-42.162041,45.257080
-9.499962,-41.141300,70.288185
22.111797,-46.621021,75.227325
37.906551,-25.460108,51.655823
31.776237,16.640934,60.213799
19.114243,29.670830,81.912186
-21.312927,-5.967113,54.903656
46.289097,-0.216980,81.816040
32.036377,9.341182,45.006340
-16.245785,33.321392,59.646812
27.534700,9.759254,41.315231
-12.205314,6.919049,63.465008
-17.014805,1.908701,75.754799
-6.710742,0.326732,76.337662
-13.422893,-14.575669,61.669449
-22.935427,-4.201335,54.618713
-6.491141,10.607388,64.771332
-15.245906,-20.581755,63.640331
-12.628953,-25.555346,68.981308
-10.968791,-35.995331,59.941322
27.898031,18.775757,76.958862
45.044403,-22.019405,60.569061
5.786519,-39.220722,74.002365
40.496372,-32.601852,69.164093
-14.929961,-16.915792,62.197094
-14.263432,-35.403057,70.686356
40.477798,3.435706,82.891083
-1.031769,-43.435108,52.689518
-7.518508,-12.113080,72.615005
-15.297376,0.024703,79.072418
31.930086,-35.071037,79.117706
-20.188625,-18.390951,68.057358
-19.366766,-17.167974,51.061211
-0.271832,13.350787,54.085461
10.624182,11.062000,45.595116
-10.899862,7.500170,59.714069
6.656053,-42.465385,52.064098
-23.442667,-8.905087,57.323830
-2.631536,-40.229671,86.118698
23.875196,13.399399,65.964668
3.745258,-47.307274,80.600204
-11.213226,0.190701,54.740528
11.327346,-40.931530,40.960522
18.744219,21.498096,64.249634
3.259920,18.597265,30.834099
-10.691049,-37.163448,65.712814
-20.792532,-10.664444,21.345387
-4.435991,16.956915,83.185211
-29.108192,-20.154316,36.902020
31.661760,-31.299786,57.644737
27.036379,1.809593,26.252197
0.522837,15.402379,46.192226
-13.663275,-25.670938,60.942551
-1.797228,7.433544,66.547165
1.590164,23.881577,66.734695
35.445385,11.369970,59.952202
14.702449,14.891834,65.270226
-21.035280,-18.487240,70.692703
23.616503,-45.831982,59.872936
15.732396,15.105072,62.296047
40.144787,-28.097309,79.720016
-54.101685,-5.622551,79.438690
-22.799419,2.982424,39.429695
-24.083612,-11.429957,25.522995
29.430693,24.015062,67.986343
36.487309,2.156131,63.263241
0.320631,14.602336,35.125805
-3.046769,-31.154316,83.530457
18.045092,-13.738775,15.548477
-15.097945,-28.151114,70.318390
30.773716,-34.842041,45.988411
42.422733,-4.109961,74.828445
-12.638543,3.657776,61.641853
30.599255,23.647732,73.355408
-0.420799,10.505547,50.779922
-4.016001,22.036512,82.998001
20.954590,15.921772,66.583916
-14.621132,-26.825844,23.784359
-11.730538,-7.035150,71.135010
29.336264,18.554550,66.370605
-21.842657,-20.849998,81.606171
13.660551,14.965009,28.205292
-10.332809,-37.289295,54.332031
-14.376786,5.087305,14.709011
24.774639,-14.102010,22.186459
-9.348768,-4.742902,66.392502
-23.404335,-21.101149,33.612064
23.225889,25.436794,71.323395
10.217450,-36.113190,85.894539
20.625166,9.915020,60.353867
31.656595,4.174359,42.567616
-10.819738,-25.686266,63.446194
34.189663,-30.791128,65.358307
-38.312000,-8.094931,48.572357
-12.101721,-21.846519,77.468842
0.497890,-0.333830,2.387607
9.490140,16.353163,44.297150
31.808596,13.072556,71.705750
-13.014630,-8.845273,15.639050
-0.518658,11.002684,58.773670
-12.848906,-27.938635,27.863949
0.065040,-43.266769,69.621216
18.341864,-31.871037,82.633255
-16.311304,-31.306097,71.911972
5.145381,11.727428,11.034378
-10.489972,-23.500423,65.799919
17.546341,-42.929874,85.613022
14.014865,11.831284,39.435955
-17.075047,-19.622028,53.605953
30.699699,8.341678,37.134789
-8.510678,-35.587391,78.391502
30.752140,16.233370,79.319252
41.814964,-19.669529,73.019608
41.296608,-13.091900,46.009518
12.621761,-32.836548,82.146973
12.889520,13.641891,45.870052
4.034776,-42.071236,58.561157
-14.203911,-19.690422,65.864052
-21.307060,-20.386837,66.305283
-3.166490,15.131783,72.134995
-24.622484,-32.923069,51.974457
-16.643667,10.190086,30.485289
20.112020,-10.408154,18.214725
-25.327385,-24.307617,45.177364
-10.309041,-4.120788,63.403732
-5.368341,-11.068482,70.862015
23.827463,14.024029,52.928524
35.204437,-9.156421,33.174141
19.234751,13.587616,26.853729
-28.511709,-32.557083,54.112267
-14.759409,-30.689291,56.470455
-16.572859,3.694063,51.972557
7.711584,13.361462,43.221226
19.370157,0.864271,17.068741
41.620792,-11.461146,79.939133
12.338937,18.972593,44.517677
16.909857,22.358976,48.206120
13.067968,-44.721851,57.261780
32.005432,-29.488880,74.090393
36.668575,8.318122,47.700962
-23.795593,-36.911800,57.013393
11.473916,14.428785,41.839355
-12.261848,-37.777473,43.557716
30.519487,11.313394,52.713676
-5.251249,12.589725,64.980141
44.506340,-14.669167,53.051979
-10.293801,-17.980579,72.819084
-12.395474,7.698470,47.281784
-5.182981,12.637980,36.617466
-5.446373,-21.314270,85.132027
-1.192174,-45.010708,65.376144
-7.600200,17.746239,20.428619
-11.794012,-11.915514,10.804440
22.246286,0.476189,21.695400
-17.305279,2.970367,20.517258
30.383368,17.730577,63.630463
-9.403206,-24.948915,75.598724
1.598936,28.422909,42.202934
10.463109,-40.364227,82.571342
16.462906,-35.304668,31.637131
-12.443038,-31.138777,68.728821
-9.976002,-14.351146,73.292854
-2.086627,-21.359077,83.356613
-4.563167,-31.817127,28.995924
1.589242,-8.300704,5.249376
42.728352,3.275181,85.415192
-2.656456,-43.293354,77.844872
12.818080,-48.686710,72.721497
-7.140502,-2.023798,69.948593
43.209152,-28.717606,70.087120
26.352196,-30.038403,86.249306
0.332543,10.234643,74.234955
6.098650,12.287946,56.846725
26.815800,11.508666,38.725883
-48.189510,4.546208,67.485397
13.858932,-31.655018,32.071053
-15.466963,-12.294038,16.206331
36.041142,-1.922366,50.762970
33.573505,-36.862675,52.340237
40.868858,7.410859,65.052902
18.679455,-42.230190,57.131023
9.661136,-42.191540,38.138008
-20.282778,-41.002537,61.138832
33.971310,11.482401,83.678925
13.374237,-9.266527,7.204624
-21.054871,-10.577729,68.352783
25.599001,-12.319567,25.672655
24.759363,22.407391,59.977196
27.340200,-33.948235,72.571815
-15.640282,-8.008918,56.022865
-0.018542,-16.414291,7.708298
15.088577,-37.561207,77.470291
-14.530340,-14.657501,70.856026
6.945742,-42.190430,77.080864
-25.038353,-10.188148,35.514153
-13.431989,-33.998585,65.482666
25.687063,-21.013220,24.099558
-46.701866,8.712915,66.367500
41.822121,-24.093718,52.802055
-19.571899,-8.945781,74.002678
23.695494,-21.728390,22.477402
4.965584,25.108789,64.206047
21.736338,10.664878,42.407303
-15.672992,-20.628960,20.224220
-10.868813,11.787344,55.381168
38.821835,-18.058584,58.616760
-5.823535,-10.767438,83.107178
43.302052,-15.141188,50.475273
39.711090,0.905157,47.111912
39.754311,-6.195691,72.531601
-17.075609,-36.128944,50.451084
-10.597207,8.232180,86.075478
19.052320,-47.842857,67.512657
14.313474,28.681107,64.976593
-3.907668,-13.019201,6.120889
-8.471537,0.742954,61.943329
-8.498073,-19.357731,71.327240
-16.403292,-0.624152,51.364765
12.340178,14.321181,56.828098
34.293972,3.488663,42.789421
10.139309,9.757637,56.582184
-9.898870,0.888023,82.193832
-17.141218,-11.305935,52.397346
-16.629503,-31.169022,85.734322
34.306221,-26.567993,66.387527
-6.568946,-37.333744,53.664528
39.867252,-14.038716,63.013920
-10.265428,-40.436901,49.542007
-11.374278,5.347036,80.733421
-11.772737,-25.649731,75.432426
22.989861,-2.400517,22.933847
-14.554625,-13.744262,18.822115
-17.962532,25.717890,34.693562
5.309205,18.769514,51.934963
-5.481151,25.531885,30.323599
47.214108,-11.518105,64.445938
-11.278868,-11.790311,81.484619
-22.192804,-9.736610,45.993927
32.330189,-36.219486,49.855278
34.974300,-35.463409,69.759338
-6.171926,-7.776029,74.555557
8.201294,-46.670254,66.866974
42.333370,-14.617931,63.067516
19.667362,17.771355,36.866280
-17.904068,21.131891,25.447720
29.744608,15.890092,65.228508
-8.573463,8.798488,83.524216
11.038371,21.272785,59.631687
6.958709,8.137556,8.408834
27.355026,-1.744178,30.009918
-8.579082,-1.946176,59.222828
26.399773,-4.587661,25.857079
0.791671,27.493212,38.235943
30.852928,7.732143,49.321915
-10.753222,-13.656054,86.136360
-16.643368,-1.072004,16.908138
-22.742281,-17.046978,81.014999
22.521404,-38.848930,47.816448
-16.027689,-16.065500,69.306084
9.966782,-29.178118,18.948200
-2.768200,17.314356,80.394051
-5.124837,5.652994,59.511398
-3.930331,5.990270,72.668839
36.323124,-28.462988,49.594788
32.235485,-3.072973,39.005753
11.056809,21.215878,63.463627
26.158945,1.607915,23.323914
-15.603524,-1.564208,85.850563
22.213108,9.888138,48.942760
10.036997,16.712978,37.544777
-39.607552,-16.045387,53.259201
31.384920,-39.374817,66.812988
-7.482136,-2.993623,55.717739
-22.952496,-10.290404,23.504393
-4.988318,-3.733011,63.608574
18.916813,18.435141,41.125694
43.300213,-20.673496,61.640114
38.734741,4.001124,62.076015
11.807363,17.245066,40.398869
-19.895548,-26.435984,46.019287
1.273167,31.313818,81.054062
-13.827540,-34.494286,56.806301
-3.354880,7.582641,49.838234
-22.750891,0.142423,29.910114
1.385228,-38.506699,76.421326
-9.262250,14.517308,54.292469
20.812469,28.262350,82.374634
21.442924,5.216943,19.635908
-15.772180,6.455057,76.662697
14.407417,28.530684,76.607582
-11.214817,12.030969,49.231171
42.578457,-11.492554,74.350151
43.285027,-17.968159,57.068485
19.879618,-33.776531,80.014717
-18.082392,-4.830959,66.110809
-1.141907,-35.660267,85.292206
19.671423,9.402189,51.219982
40.094158,-21.269505,53.329376
-4.161859,-17.180260,12.195814
23.794142,17.951513,43.691257
-29.465645,16.369656,36.965591
-10.553504,-35.663143,70.966980
-8.380522,11.152733,13.763336
30.450701,22.106636,63.594109
24.325317,-40.607647,42.891800
-22.340458,-23.081774,41.443829
-15.978028,3.628163,61.450214
9.054171,-49.166466,72.508957
41.228722,-22.283491,69.206482
17.654428,24.019043,64.652946
6.087327,16.247641,56.778606
-3.610288,11.056743,42.794933
5.153258,-45.011047,70.143120
-17.541199,-19.989021,66.358917
-0.806369,16.263327,49.180923
42.403858,-0.890674,70.104080
-15.361861,-23.108627,66.698311
34.647228,-26.701805,58.413258
-0.926096,9.433488,67.964188
-20.043077,-10.605204,24.698355
46.024651,-22.132538,67.063446
39.261742,-17.861374,78.285110
-14.606218,-42.295368,61.389050
-34.015976,25.826210,56.582344
-3.897855,-46.306042,62.057449
-17.632303,5.640194,49.838852
14.651918,-44.776909,59.481613
7.170205,23.854536,66.077736
18.011951,13.757239,49.826778
16.369432,18.366241,56.558723
-7.498239,-21.984182,67.412460
-19.494772,-24.915380,64.234604
32.447945,-41.056404,60.241543
26.362465,3.595837,28.504440
-12.815310,9.278993,68.696030
11.575474,-46.529381,62.171635
-19.116440,-3.051216,82.274826
26.643036,25.154663,71.837540
37.720352,-18.143448,53.588272
28.974857,-36.643208,42.661987
10.449354,10.248482,15.076296
-10.115307,-12.901423,79.610840
-11.221985,-3.025448,71.203018
-4.591701,20.474802,70.489113
-13.782127,13.043537,54.085293
44.618465,-19.262072,64.344971
27.612513,-40.290112,49.065681
-5.461197,-34.716045,76.984116
1.429924,19.281313,66.914566
17.571075,-44.651440,49.711132
-4.488569,-37.241856,83.407928
8.944639,-37.004677,79.829834
-10.768091,-37.715897,86.374191
-8.465891,-20.775328,80.650139
28.952129,11.677660,50.863079
44.789772,3.499750,69.533340
37.341373,7.750981,68.790558
32.992657,-22.674480,41.276630
-20.079933,-12.498853,78.923729
-0.608381,-39.852089,75.532082
41.691536,-25.878582,57.392139
4.086607,14.452847,24.135225
-11.525880,-12.377260,71.007378
19.645399,19.129822,66.613052
-47.699070,-33.355774,78.817734
36.060730,8.808258,72.493446
5.574240,12.818822,52.447845
-19.994589,-1.497521,18.232672
-16.659983,1.136920,68.640434
33.113335,-32.083256,83.549744
-12.493542,-34.546806,43.034576
16.671753,-31.839283,31.291630
21.908346,16.499094,37.362774
-20.192669,-2.018059,79.432190
-13.945127,2.062683,74.144485
16.635479,-40.957298,51.355263
40.802696,-11.430595,43.765404
3.690469,-32.099354,20.773151
9.932720,-37.081440,82.339264
-11.404490,-40.377628,53.879128
25.342072,20.812813,53.746834
-24.624897,-28.304535,46.748573
-12.167871,0.364848,79.715256
27.499256,-16.524330,24.136698
-12.314912,-36.920525,39.392281
-15.890919,-32.161896,63.290447
-18.326723,-28.926460,32.237270
0.620095,-25.431717,80.760712
25.317768,11.833193,47.942215
26.274883,24.940294,67.354263
26.931904,-35.128071,45.344223
-4.404115,7.813425,62.430401
-32.408913,25.295134,53.071579
-4.223521,-2.189729,73.300224
34.497177,20.241982,75.481766
-12.863848,-20.346928,85.014915
-15.360244,3.541163,67.916138
45.807804,-21.084854,76.256424
15.678180,27.163870,59.156662
23.311749,-35.258617,45.017925
9.005381,-41.929436,62.789383
33.276932,-36.746876,83.529556
-54.430805,-8.173996,80.103951
1.158342,-42.642265,72.282082
-7.862015,-25.930952,77.299095
-13.051867,-43.693642,83.124168
39.561291,-22.868725,43.601051
42.415459,-17.469511,75.050575
27.235083,-41.550240,63.840233
-28.301628,-20.851934,44.501019
21.380745,22.881430,65.847176
45.801975,-22.893116,73.008163
35.994713,-33.956341,72.973717
45.534954,-13.094671,72.898026
-23.854544,-11.269136,61.969307
27.704378,-41.225876,71.917603
16.742348,20.188847,67.540009
-3.175919,-46.657288,72.038284
26.837049,-13.127345,22.139008
-18.219915,-21.082317,60.794785
-18.009153,-11.496033,74.596588
3.173871,15.336153,61.374241
11.295333,17.248304,47.923882
22.701633,19.549063,53.193226
-7.934118,-10.614632,69.281128
-2.696240,-37.390129,69.598206
1.475630,-12.972231,5.715474
-9.496465,-34.569805,37.159592
-35.485287,10.520728,44.452473
-14.154739,-12.564163,57.886070
-15.758639,-12.146795,56.344299
33.788689,-29.611227,45.350243
-14.236836,-12.173146,60.461914
-14.754561,-10.253031,57.908180
24.153828,-31.468967,35.262829
-12.575110,10.300344,35.584698
-21.015820,-14.998831,60.777950
-23.752813,-10.089215,54.233418
27.387138,14.811041,40.628277
-5.456519,13.623042,19.539618
32.828945,2.218234,35.215401
38.272587,3.531146,57.489754
35.631367,15.730165,74.421608
13.588549,-39.568863,44.661850
4.340586,21.631628,74.324715
4.479146,10.562305,62.569168
-30.466469,-20.482908,42.212582
7.864568,-41.782986,36.195286
-9.042366,-0.742618,51.439049
33.837624,-33.750610,67.924133
-1.896034,-16.402565,11.444287
42.383232,-3.651921,71.862778
29.432426,16.510328,70.164291
41.394424,-17.041718,66.929329
-11.229342,-20.624168,74.985840
36.034725,-30.270535,78.747955
-12.591147,7.734341,45.074387
21.111622,-41.909744,42.666130
-8.439431,-37.666389,83.401398
-14.307972,-29.404940,75.541496
36.668404,18.151245,76.114563
19.159851,22.394388,57.532585
37.058784,10.016657,75.887863
-11.250416,-36.152447,68.510185
-6.924349,15.109059,85.990402
39.525936,-3.394346,71.949852
-4.246276,14.187571,33.420517
-26.938133,-9.951439,28.144445
3.778266,-29.773294,79.857605
-35.009705,-5.253634,38.606155
41.980331,-23.755224,62.679024
-1.162800,-23.589270,12.767605
45.143410,-9.860977,55.295242
7.846980,-34.703026,78.530128
-0.436046,-20.564350,79.890022
-6.064085,-42.503975,48.200935
18.949642,-17.715311,15.991260
34.359554,-2.674997,44.828400
35.957027,-30.580235,61.063980
23.362019,-24.813341,27.242920
14.150593,-47.037571,80.481178
12.180330,-11.046580,11.107231
28.638474,20.415051,64.602966
-26.560503,-26.082350,51.076866
-4.502956,0.873704,80.352715
28.770830,10.783282,65.781746
-4.061369,-43.414734,48.242718
11.044876,18.038456,64.236702
-5.441237,5.713968,57.037968
7.311871,-30.596066,20.609966
-3.470226,0.908204,65.187920
17.476072,11.726789,22.710793
-9.356709,13.824441,17.543537
-1.927707,13.620018,66.270996
23.621618,10.780140,29.628408
-0.545784,14.949206,13.415083
7.180063,-44.779060,44.461884
-24.058523,-12.018484,33.838951
-0.331727,-32.410706,27.162914
-19.216644,-8.801426,80.506279
38.979725,-33.822720,77.762901
8.506051,-39.613609,72.428230
-8.933518,4.382019,46.972794
-15.899560,-7.736712,52.794338
10.453716,21.419380,35.936932
-8.169515,-7.583358,9.726159
-13.481107,-33.186100,67.815254
12.886020,14.335541,66.904556
12.143414,-41.655811,37.415451
-25.471109,-18.786615,47.649902
7.880217,-33.162148,23.688656
14.182949,-37.551098,83.262955
-37.584393,-4.572474,44.549377
21.551226,-42.306011,85.256760
-17.659433,-19.945066,77.056915
-5.326524,-18.291126,77.549545
39.504311,-7.919768,74.315887
28.581619,16.419632,67.329262
27.314913,8.066065,54.757866
8.334137,-47.767139,79.055313
-14.662555,-4.317541,68.990555
15.947975,-46.202538,68.078934
22.658867,-29.104752,30.625366
-4.062422,-36.558319,73.230392
12.200903,-39.294323,75.988411
-6.707855,17.985172,63.328812
-0.125404,6.544073,59.856506
29.386917,20.150087,57.028427
6.057544,18.536825,34.033272
-5.813249,0.715349,65.442879
2.112592,21.873869,25.404242
40.873806,-7.617794,58.476799
14.236814,-0.741020,10.897885
6.021053,-30.326672,80.614738
-18.591934,-6.391659,55.715656
-15.302792,6.986244,51.361294
-12.963049,-20.277927,20.798321
3.274800,-30.133183,18.912910
6.157695,12.610654,45.118790
1.433852,18.937769,74.921539
36.306892,-25.197247,72.064117
38.450058,-24.067680,80.082916
-10.373665,-7.847321,58.295258
7.917577,-33.364861,31.468962
15.163688,-47.092022,51.366638
37.033077,2.665324,50.484295
-45.058674,36.510799,83.882706
24.012201,11.618019,52.600861
2.212711,21.212906,86.091049
-12.151854,-25.680973,66.247574
-16.474625,-3.008253,78.876892
-14.368007,-32.393116,59.797905
-19.463594,1.485477,85.912109
-8.887152,-8.283510,85.482407
0.654964,-40.207745,70.289207
19.272543,-41.994217,70.220474
2.836462,17.491680,34.823112
31.676893,15.353334,57.991219
34.740814,-26.568003,43.664455
6.666177,23.866106,70.538651
6.229496,21.093531,66.099602
39.252628,-21.675583,72.613098
41.102402,-15.664824,86.092834
36.728035,-33.446686,75.547279
23.172895,-10.552135,22.257168
39.210003,-23.892651,68.553932
17.890701,17.159487,60.320992
5.986941,-47.226067,56.980358
-14.174361,-34.463539,60.685707
-15.654946,0.631515,55.741886
-5.180294,-32.217690,71.849541
15.476517,30.174231,79.065567
39.996174,-9.552396,51.292988
43.447681,-22.024603,65.892372
-20.974960,-2.937665,59.175690
-6.433986,15.740107,57.615669
-19.666285,-10.052622,78.491943
2.356218,-20.206945,13.675166
15.873257,-42.789989,72.302666
-12.438381,-9.242672,62.262081
24.999149,-3.336258,23.365232
16.794516,17.916452,34.323761
-5.154432,-38.923016,73.431610
-14.185024,-10.592859,72.120667
0.632819,15.810244,63.859726
38.727554,-27.093719,48.955708
31.434488,-37.952267,79.255775
27.783060,-40.368355,78.679871
41.361084,-23.695543,49.667305
7.657160,14.789635,55.108475
11.152495,11.832829,40.800537
15.820011,11.541564,28.995707
-2.447110,6.082634,46.945480
32.028610,14.219027,61.485207
12.513064,8.354733,59.867409
1.748921,17.833918,25.729267
-4.547437,-18.474949,85.517197
23.560562,-38.014561,57.976723
-12.969108,-20.711555,68.447006
17.689781,-33.791348,84.527443
41.618793,5.573743,82.861725
8.223758,11.710888,16.569141
-33.920452,0.727979,36.584534
-7.437010,30.096228,44.034275
47.108818,-8.454931,66.555984
9.909250,-2.233810,4.385561
-32.672478,19.549595,45.901917
6.309847,31.019775,72.047638
-10.798918,19.033615,23.048649
-0.279022,-21.971245,15.293266
39.060432,-25.065195,62.066692
-12.372879,-17.615601,64.894119
4.662045,29.448286,71.463249
6.127851,-43.048695,38.749157
-22.455574,-13.657781,65.445374
-6.645267,-25.430468,16.102825
47.522503,-14.971346,69.418900
36.534843,-17.448467,45.233414
5.570768,28.651228,53.537106
10.202064,21.337217,72.827278
-4.496808,-43.844666,86.108437
34.329872,-26.428572,60.773373
1.534216,6.306717,49.483952
29.484261,-32.500454,64.992264
-29.921417,-30.972580,53.135509
-0.614470,21.099867,62.520950
11.983706,25.944530,52.891144
-24.332951,25.592398,41.642075
5.864736,-43.741268,74.784096
-10.084078,-36.540157,81.732040
23.800425,22.754450,57.362991
-9.991445,-17.899002,82.023781
-7.174781,-41.351234,71.779068
3.966159,20.724882,52.928688
4.186397,-41.791725,51.741352
-2.048651,-26.946329,75.832787
39.856556,-29.509043,73.042770
-14.318379,-3.641216,61.633720
-18.127209,-4.183489,51.099571
2.627485,-41.309052,40.166988
3.895370,-42.127487,80.339813
-1.054702,10.156420,72.201561
43.340050,-12.745893,83.193512
-8.799459,-11.383693,65.712875
43.595211,-10.526316,80.641792
-19.039808,-19.939787,27.430477
24.746538,-30.176134,38.693859
-1.653872,18.924629,21.551725
4.757981,13.563898,17.652719
-17.906012,35.856457,69.547325
-4.489166,-21.053411,82.900398
2.931327,-38.102688,85.255569
-13.224782,5.111262,76.116501
-7.937435,12.032327,55.312950
27.544289,-35.365520,56.785988
29.237358,4.244396,42.066803
10.076660,12.769085,24.977112
-8.973083,-2.440388,73.926376
-11.001563,-7.439715,8.164499
41.276600,11.236609,79.226852
32.230900,-25.324211,38.521797
16.664341,-39.636650,72.509857
-2.546532,-8.702140,6.466859
18.898258,-7.767395,16.048605
29.827950,-38.990005,57.919327
-20.489614,-17.838129,83.960266
44.582951,-3.095233,79.322823
-3.278266,13.624998,53.972496
-7.742252,-38.764381,77.194885
16.042078,21.480484,44.686417
2.053635,-46.189545,66.289474
38.522030,13.917206,71.715355
9.887577,22.433876,61.570770
-5.116441,-43.182430,50.454277
21.626806,20.532463,66.436150
-0.793537,-42.795937,74.655701
-20.437532,1.520148,54.979416
35.077118,5.656770,58.946957
-19.849522,-28.150145,60.557076
-9.736501,-12.925227,59.785080
0.209634,-17.227940,11.560756
-15.676765,2.595874,16.233791
-19.103733,-6.866423,58.980904
22.246939,15.621956,55.288319
-5.785958,-15.959863,69.531982
-2.808508,-0.217544,74.318710
-7.151965,-39.244858,49.657364
24.429144,-35.981541,41.423004
-10.571227,-3.091712,78.747070
13.728433,-45.549713,46.794899
42.429771,2.474705,75.443565
8.696708,-49.068897,63.877495
2.084860,-24.899771,78.017769
-22.544153,-18.021406,86.185539
15.943299,15.768201,49.191414
-9.370902,10.476312,50.895802
12.448997,-48.809376,76.482178
-18.800358,9.381297,22.783155
9.834257,-31.774010,27.173389
-9.715159,21.106571,22.083782
14.230549,-43.543247,75.022385
10.308050,-36.836422,37.017738
-8.369954,-36.270004,40.343422
0.074181,-37.930481,83.225677
-9.878914,-40.306534,80.782005
29.691891,19.523514,59.359875
20.138823,9.559116,31.503403
-0.279826,6.294503,50.746941
-7.578497,-0.261391,56.481892
30.163864,-35.164043,54.287102
25.797541,24.042866,69.491470
33.183113,12.228182,51.841351
23.890125,8.808263,44.906715
27.103783,-34.818329,52.021324
13.306475,19.224821,66.082489
16.309509,-41.310581,78.140091
2.871777,20.224234,78.707588
-47.827103,22.859974,73.572937
-21.013659,4.968277,50.628010
13.587613,23.425943,74.637039
3.669171,-32.372368,83.334267
-1.734948,-43.380222,84.833176
-8.551442,-45.398392,83.293747
10.517550,23.347002,70.480469
20.576544,-35.856812,85.094498
32.213551,-33.360020,77.141922
14.613200,9.330799,52.111622
37.408867,-4.788782,73.146393
13.841944,5.436755,10.351343
4.914516,5.816540,4.904627
11.170835,15.101376,50.897659
30.686296,-14.705978,27.864574
-15.257429,-32.600697,33.280369
-3.212067,3.398887,2.767343
20.660053,-35.808163,76.609200
11.944252,11.131371,66.422966
-18.506792,-34.530941,56.655521
46.919064,-18.548119,68.773743
-2.594945,2.231599,67.189148
-17.006807,-3.706239,86.047585
38.032322,-18.927002,38.945290
-0.776216,24.500628,27.736870
12.445798,-33.521790,25.513966
-17.988226,-9.889524,62.426895
7.136659,18.403976,27.786142
20.433292,12.244851,33.179214
-12.335859,-34.496235,40.552601
33.925121,18.598770,58.679733
-9.363955,-44.457100,77.390015
-20.716751,-22.082664,48.298798
-2.252172,32.132195,52.921124
-8.736699,-30.843836,61.214333
4.206907,27.018480,42.077477
39.949059,-20.312996,70.093887
-7.707139,-28.886705,62.957539
-10.573579,-30.451571,58.976234
18.528685,13.404445,62.606560
36.017830,-36.264084,78.118675
12.512083,-35.720650,37.352654
16.965919,28.361912,65.671776
-6.017274,-2.746829,67.484520
9.842100,16.675652,34.024300
9.450400,29.223764,74.584442
25.242718,-7.076040,19.139082
27.599188,-17.822256,26.412132
-21.406101,-29.461670,56.958344
-12.896429,15.327523,21.344690
-55.546410,-15.504498,81.812065
-19.832655,-5.326787,46.851440
-13.542271,-9.469994,59.991814
-15.181108,-6.301465,12.565637
-13.070696,-12.471737,16.858812
-15.741870,1.494161,11.832690
-35.354294,6.560091,41.873699
9.629430,14.914873,61.537510
25.551867,-34.807541,82.670212
-5.344945,0.151417,62.323280
-15.413054,0.955397,61.106789
-18.954906,-1.943228,64.676888
-19.725431,-20.071159,56.363602
7.905424,-32.815777,81.596329
41.971561,-13.330496,75.352104
-19.072136,-7.719357,69.462578
28.260214,24.682953,65.935562
4.505050,-45.804359,55.124428
7.625194,19.187456,72.294762
-18.096376,-28.637514,73.790108
38.774193,-17.027229,65.977432
-10.258379,-25.326401,22.753105
28.922955,-36.878441,71.227539
-34.763046,-1.082063,38.271721
-11.435678,7.760242,76.753296
21.848135,13.902308,53.935303
-4.142441,-4.520761,73.175804
31.612968,-32.548508,74.603020
42.514709,0.229532,74.431808
35.219032,-0.645406,40.997543
12.302547,18.501987,52.801674
-6.941183,14.042495,75.340736
-12.882798,12.437788,77.671326
3.941818,28.324970,65.215698
33.925812,-33.829670,46.149582
20.072767,-46.631546,57.368858
22.975576,26.613844,65.949158
14.446499,-5.450589,7.516989
12.774279,-45.242569,77.732819
8.326120,-28.339973,82.987762
4.255238,-30.211637,85.390625
41.035542,-30.540600,59.143963
28.612469,-38.994919,80.362091
-12.103058,-26.959185,59.076595
-14.500883,-8.329183,67.324348
0.667937,-23.306108,85.779190
-0.481412,-40.859650,37.068386
1.729289,13.504786,42.210892
-19.113110,-15.999487,64.224236
-19.362177,-2.596203,69.621742
13.938923,16.061831,32.268517
-8.219065,-25.448978,65.076706
7.850814,28.687214,76.889671
-26.376026,-27.270029,45.183823
19.521055,17.845474,50.804344
9.988132,-34.311527,79.865211
-5.822639,-35.981728,71.709053
16.083153,28.048473,63.414116
43.683804,-21.507414,83.593292
33.736572,-3.184391,41.492874
2.413239,22.306765,69.252609
40.969109,1.681463,50.237751
34.190296,7.776694,77.222527
-5.972290,-29.765293,70.966423
39.668514,-17.381985,70.652840
2.866241,-45.664005,70.853378
-10.615568,-0.239816,65.883720
9.301876,-32.553810,78.008224
-8.518701,15.889704,16.042065
-13.378586,-44.557602,80.912506
-6.136285,-36.746067,56.461044
27.851173,-2.381687,25.541733
-9.601377,-42.695026,57.381050
45.645866,1.104727,69.383514
-4.541121,16.832859,64.134575
-17.645067,0.849272,20.668505
23.916969,18.419197,58.955669
-18.504791,6.962628,41.486771
28.590738,7.074700,60.490166
-20.473469,32.810146,57.706219
0.268589,19.940552,29.437622
-20.997288,-3.659737,76.581947
-0.369866,-41.870102,39.836643
43.076542,-25.759724,80.436203
-20.650318,-4.477095,73.533798
21.349720,23.246954,54.323650
23.900496,23.562933,63.316063
20.703392,-38.169319,37.923779
-17.738050,4.038885,59.453259
-2.859272,7.242095,60.124046
-8.898297,0.228016,59.777695
14.327292,25.916313,68.944626
23.706499,-40.524849,60.387054
0.061437,-42.565659,65.147087
-16.608410,11.160448,49.415302
37.294674,-17.861082,70.130722
-8.705348,-30.799786,71.742035
27.329292,9.003245,44.666649
39.107830,12.777118,74.269859
41.595428,-16.903931,45.313587
-10.902118,-16.799883,69.600639
-2.091584,8.455228,47.804588
24.164682,11.960236,31.815239
28.239799,13.973661,51.841923
4.398028,-38.625229,81.166847
-2.928349,16.308146,58.189484
33.286594,14.414084,59.473248
-18.405567,-26.389513,32.723042
-3.460486,-44.542374,75.693443
12.989853,15.546267,47.415932
23.313972,10.711958,63.033428
1.335652,29.679459,74.169357
34.894676,15.754348,81.094856
-5.012547,-39.484299,69.741760
18.359768,22.127346,66.780716
-16.263805,-24.607250,79.079742
18.481766,14.960258,60.859188
29.461342,-12.518192,26.589296
-7.793622,-38.078407,70.044228
-6.074323,9.757877,79.958328
9.466514,16.412867,48.847824
-10.302384,-6.783207,84.152443
38.060104,-8.934838,70.333145
-1.210787,14.836455,51.365932
36.593567,-28.150826,56.482536
-10.120732,7.927073,46.160744
-13.767209,-23.160698,23.705084
38.155148,-6.986829,56.759411
-5.288334,26.611956,32.517250
16.891272,-42.825569,69.983246
38.180935,-17.222965,84.410324
33.530117,-24.571394,83.188766
-15.716925,-4.284946,59.307907
42.013832,-29.902557,65.163719
6.876535,-37.646454,85.916481
-0.179842,20.290508,58.626816
-19.051033,-24.840265,57.615086
-1.892991,-44.709866,70.851830
32.499954,-41.274155,71.273643
16.027418,-37.096718,36.826050
32.551605,-0.188053,35.674919
38.879753,4.784393,48.307816
-8.177897,3.956954,78.618248
-4.152529,-42.521263,74.591187
0.729629,-27.765137,73.974548
-8.181767,-35.158619,66.809021
19.987335,16.856451,61.867432
-20.188683,-7.333615,48.778873
-23.221508,-12.061397,80.194000
47.421249,-9.764438,68.814384
-13.429394,-7.060005,82.776886
38.727283,-7.766598,61.111687
6.258749,-36.896835,80.208199
-12.748750,19.235708,20.097622
0.683681,-31.806065,85.747971
-6.334146,-19.120935,79.806648
-19.645697,-8.562509,64.553093
5.470131,-35.778385,75.314056
-1.828155,13.611910,81.337158
-8.307792,-27.039682,67.010963
1.446251,9.731297,44.720989
-12.223987,-29.631258,57.244118
17.769352,11.490256,61.228451
16.918211,14.246149,64.318359
-20.082830,-11.291580,82.887733
34.626934,-18.362822,39.265545
43.184952,-8.068533,50.424004
-6.219630,13.941776,54.162621
-6.264573,17.447910,52.158516
-7.909579,-6.227712,71.168968
12.046700,-36.975983,35.317810
-7.075236,-7.920268,72.404663
-21.084524,-14.081651,56.448067
-0.707405,2.348177,62.180557
20.625097,29.587278,80.191803
12.702084,-45.770859,67.767723
33.964943,14.949171,65.229530
-10.509522,11.944726,46.714130
17.952587,20.206032,42.757256
-0.174531,11.394139,8.439838
13.886265,13.223520,63.623653
-18.180920,-29.955507,44.379765
-1.033770,-34.864956,68.904716
-14.262473,-38.296089,63.911789
-4.469019,13.011847,61.776089
5.203142,9.535539,57.018299
-6.171934,-43.768555,76.230804
-3.832995,21.075214,22.008568
41.637299,-12.966833,69.542892
35.313602,14.992743,78.742142
-10.128976,-33.646267,76.156860
23.128000,-19.830051,25.543673
4.909354,-36.220112,81.873474
21.083895,22.725779,62.898239
13.493011,10.677951,45.024841
25.925087,9.114813,37.198528
-11.891833,-12.627436,57.876678
-14.473447,3.473866,78.000404
-9.370138,-5.058445,55.408550
25.650415,11.561459,58.585552
-9.921839,-38.027126,71.293861
23.790480,-37.447548,64.964645
-15.462153,-13.844576,81.153427
23.031380,16.031805,68.493820
7.955412,9.979821,54.177128
-6.180099,4.442252,61.910851
39.292156,-13.322374,44.260384
41.953548,-18.888592,61.620869
-9.256503,18.480118,18.676125
-10.061072,-42.625835,67.208763
-11.835320,-21.838882,66.630829
9.326128,-28.007292,86.362915
-5.004991,22.805445,24.036877
5.700805,-42.259743,60.295452
38.827171,9.108612,64.718651
39.783638,-34.560032,67.295944
-0.206388,-47.755215,72.354111
29.748281,8.412518,64.273949
42.667194,-6.741204,73.288498
30.273235,-25.946344,40.086563
-2.055527,4.448599,60.612354
18.217279,-40.611946,81.486649
19.304754,24.181534,63.053570
0.869269,-37.212246,80.797089
31.043556,13.839890,76.293304
41.161190,-12.065056,85.464508
23.632141,-19.355795,23.170107
-17.163710,-10.340151,70.162346
22.186846,12.629733,48.476555
5.240646,13.042903,68.196320
32.791870,2.770734,57.948895
1.767142,-28.141848,79.077393
1.452646,-30.983309,78.633713
17.016825,19.005951,64.135025
8.388766,-43.145061,57.485519
-13.185184,-1.795908,77.781128
8.462590,16.647650,63.672028
21.966295,19.537830,43.817791
35.816105,0.424072,66.284088
19.483999,9.930874,46.956657
5.340238,10.403376,54.498486
1.214963,-29.925398,81.459396
-10.237652,15.050987,14.982508
22.200863,-32.875629,80.106903
-11.711073,3.996041,57.552013
-17.014587,5.690077,86.094673
3.437337,-40.779091,64.944817
5.568433,-26.492941,16.481001
12.019199,23.891111,54.318504
7.338417,-34.724583,74.078476
-4.390935,-3.300858,60.528851
0.165534,-43.813957,81.272392
-13.917352,-19.668045,59.511688
17.940531,20.139671,65.734810
-17.549795,-6.074212,63.462898
-10.521039,-32.532959,82.172935
-9.035363,-15.147066,63.893539
-3.453556,14.727830,24.858898
39.988605,-13.897318,67.974617
24.342010,8.654273,48.315041
-23.773090,-4.610656,47.930359
32.185333,6.794878,44.568363
3.524869,13.272852,43.634640
23.065165,11.638806,44.455929
30.983549,11.986957,66.796486
31.877371,20.216732,70.173935
39.715126,-4.348289,74.545013
-11.322915,-5.021233,7.355203
15.113129,13.303187,45.969547
37.596382,6.166473,80.819580
9.307190,22.891390,55.261459
-5.390826,-16.138718,73.025772
-12.675507,-0.940211,50.193634
-6.097387,-34.649242,85.886307
29.080379,1.238586,27.105106
-8.652024,-42.939259,65.311310
-8.294950,7.742821,71.717293
-0.562305,8.100745,75.384331
15.933496,9.104074,60.463943
3.161905,-28.123306,83.855164
-13.981161,-34.987183,36.262936
39.560314,-18.984324,73.831223
20.762720,25.750971,67.281670
-10.056872,-35.140869,52.383308
-0.568866,0.033472,61.493244
-17.259069,3.229344,73.289124
21.021938,-10.832891,15.112401
20.417610,18.705032,70.556236
18.312943,18.721893,68.519890
-5.318221,-40.504063,82.409073
31.926048,11.040506,55.089268
-21.800354,-35.979027,55.114471
-13.470089,10.422895,39.898933
-12.305301,3.774587,55.137806
-8.840843,-34.923817,73.152977
2.131606,-37.299797,67.801003
22.487339,-31.648701,82.145050
27.789789,0.794084,35.025539
16.467382,11.992950,26.538141
33.866547,-9.117483,31.325428
-9.268879,-1.472199,63.534924
14.157348,9.952593,47.438526
-5.219398,9.107987,84.764130
29.137373,-0.196928,32.805744
-15.382095,-6.958677,72.541092
12.310431,27.893896,61.258514
34.246719,1.014225,53.609665
-6.873957,-45.650494,79.582481
-33.563934,-15.682341,41.134449
38.982239,1.308360,61.776443
-16.369564,10.189775,53.171600
11.938980,-43.655804,71.856758
24.973839,25.881422,82.533348
-7.035002,-42.102661,79.852333
-15.077014,-6.728342,17.032450
-8.172771,-42.027336,74.196609
13.869690,-41.882885,73.303848
-12.241622,-4.819767,61.802025
36.235413,-31.173668,69.252441
15.262992,-49.187832,73.668427
-0.557345,18.218884,31.464664
-8.685892,-44.841717,62.858845
-14.278151,-25.571831,67.282593
2.627317,4.271821,60.035873
-4.597531,-46.560974,79.569458
35.020397,-29.560997,41.992928
-3.490077,-22.516726,16.400579
3.416779,22.482679,36.785576
-17.289053,-0.660071,57.821892
-6.717342,6.967798,61.592159
-7.885870,11.649554,44.853481
-19.313040,-7.482340,86.115120
38.892494,-12.086473,74.057739
29.083368,-36.083637,69.022797
-10.742869,-12.623231,63.711342
-15.402649,15.601828,17.963699
39.274906,5.468227,64.214508
-2.328264,12.533426,75.961311
-14.919438,-21.073095,69.736900
-18.377851,-20.538363,79.645119
2.845323,12.683353,53.589001
-3.874822,17.217237,25.140739
2.851295,-37.847939,38.215202
-5.149404,-25.914022,71.877144
32.384007,18.977434,81.915909
-0.948072,-38.573017,77.495621
-14.416007,-15.766395,57.412716
39.055096,1.880236,52.715576
21.236376,14.180252,38.460083
45.114616,-17.583286,73.521774
-15.221973,2.417187,45.058975
-21.555014,-5.801415,75.439232
-21.371235,-4.493178,65.068810
40.090431,-25.645809,52.492672
42.719551,-17.727692,64.999939
12.822837,-19.766052,15.927069
-5.592381,-36.013878,67.527733
12.213082,17.276918,61.454979
17.033800,-43.713882,77.839973
-17.412786,27.060915,39.184631
45.296108,-13.251398,77.447495
-2.773699,-37.147732,60.500507
30.681034,11.097356,45.706692
26.127832,27.560835,76.713455
4.383485,18.519835,36.789543
44.302330,-9.110559,53.010517
26.321896,-3.287485,21.217102
18.154415,-36.431156,37.196541
43.871731,-6.299364,75.762268
14.586685,-43.132042,47.412827
-0.144086,16.319347,30.371035
42.972729,-10.355015,76.911789
22.369469,-20.286760,21.254944
-14.787588,4.030441,53.200703
35.676956,-29.233242,76.139610
22.466459,12.356645,37.833603
-2.226147,15.809206,78.493408
-3.470726,12.820436,72.272430
-4.942317,-2.335678,57.016640
14.468814,22.923639,63.438969
6.777314,24.245455,52.452950
20.013094,-43.173489,64.593903
-8.972522,9.284472,68.001526
-21.192509,-30.231300,38.337177
-7.226109,-25.288111,83.539734
-1.423911,-45.169331,73.489746
1.896893,-39.863110,80.582848
32.941399,18.098804,64.139282
20.988146,2.563077,22.012169
23.312948,-34.192760,37.420799
14.977065,19.526068,45.798115
35.637470,-31.364359,75.014259
-9.758076,5.161798,51.064262
26.382092,-43.183300,52.019760
-27.230974,-16.637579,42.208435
16.067791,-36.641052,39.546806
39.419792,8.512203,83.409134
7.049445,-35.320858,33.064987
7.446690,-33.714073,29.362535
10.626829,13.276407,47.428093
-7.836692,-13.788293,74.418495
-5.231881,5.184647,53.386292
-26.551086,-12.113439,37.338879
14.781632,-1.256984,8.007076
-3.945115,-2.451315,75.364891
10.118358,19.548845,39.809055
32.975044,-36.108017,67.553894
19.677544,-47.343067,74.173416
-11.084455,-9.118156,56.558895
-6.101191,-28.945433,86.237213
-30.393621,-10.899344,32.658112
43.759754,-19.611313,85.155273
28.854078,9.402042,59.795677
13.341663,20.005022,60.819054
-18.224031,2.194627,77.839935
-20.065619,-16.003483,55.192650
-3.960810,-21.088390,79.862892
8.587575,-33.098007,83.772774
14.505246,9.149925,17.179287
1.374818,20.170317,55.605858
18.672684,12.713584,41.082729
10.928072,12.156836,61.512512
-5.534837,2.115860,73.222610
37.476921,-33.320511,67.830933
29.596500,14.793831,62.560078
39.702511,-30.572701,68.365654
-10.072582,-11.732677,73.099281
31.759132,12.877636,64.074272
-5.523317,9.883870,75.930054
14.955809,8.876739,56.100929
15.640004,25.653675,65.521179
38.136196,-20.281874,63.633305
-10.666319,2.021927,58.510914
18.228489,16.680752,66.561584
38.613335,8.379543,72.295921
-0.021871,-36.866077,31.893177
-25.461149,-17.748222,41.725143
-20.762508,-43.216248,63.427616
-10.456264,-1.209436,80.187561
-5.676812,-32.430958,62.606705
10.289655,-41.630833,65.819458
-0.094126,14.527380,59.824402
23.829023,8.074707,26.339495
32.659035,13.980312,67.332466
8.456662,12.179416,68.868668
14.957914,18.658077,37.237511
4.196659,23.136635,67.582848
18.892387,-44.465214,69.167831
32.877392,18.213591,75.664803
-25.951517,-7.922564,36.224754
22.646080,-12.923101,22.074261
9.009071,12.335071,53.262291
12.889095,23.911663,65.741371
34.653553,-23.779219,80.785736
21.319214,-44.913628,70.805954
-9.622906,32.909874,57.283558
-9.413958,-32.868538,32.777935
26.019573,18.423037,56.253448
10.073122,16.410717,41.877560
-21.238823,-20.885874,59.737190
26.556931,-31.614689,40.108711
-8.518782,-40.617977,78.600983
-3.266286,-40.145157,79.447922
-7.903576,-43.967857,59.423161
-24.258507,-31.586357,49.852112
-18.263849,-14.547871,56.939079
16.989721,-44.528229,53.915577
-17.760723,-2.410624,68.306381
33.046383,21.240540,83.153564
6.308624,20.933794,75.527115
-2.996609,-28.424299,79.911697
-17.059086,-37.098038,53.091167
12.781043,9.133034,63.666996
4.131676,-37.096733,79.562614
-13.899861,0.248208,81.249710
-25.580822,-9.764601,38.020111
22.693436,-42.024338,79.433708
-14.921326,-8.944939,73.400688
20.065117,27.598099,65.473030
-18.757053,-26.517067,65.981133
-2.106459,-38.745285,82.743645
20.663637,-42.612183,75.539215
45.319523,-24.222532,66.392944
0.892878,10.926333,47.170773
9.683482,-46.041904,64.532845
-5.331377,-0.991504,54.588409
-9.022635,10.278411,65.579559
21.062853,-43.569008,72.994873
43.613106,-28.233738,65.817192
2.839087,22.101686,30.398823
16.407997,14.367085,30.918602
34.687328,17.942358,62.004921
22.631645,-16.803288,23.957178
44.487663,1.653486,62.582527
42.939869,9.209718,81.427139
13.954676,18.072269,42.491589
-9.025728,-36.180294,62.785206
39.330944,9.012374,77.096756
-16.711168,5.320976,54.358002
14.412868,-45.770145,72.555450
-16.311388,3.121098,56.655506
10.881257,26.066067,59.496490
-12.155841,-2.939945,80.629532
-0.183678,-45.013630,75.372482
-9.863866,15.714219,56.335186
0.251828,11.469234,56.221851
-15.221628,1.611079,70.510162
4.098644,5.561504,65.887230
-5.779674,0.152038,52.468109
23.841728,22.631021,69.360703
37.523777,-5.119939,59.578293
37.698074,-9.824314,74.857254
27.716179,-30.079304,80.437622
-11.070865,-27.881344,26.341970
31.962120,-29.439104,69.157059
23.877274,23.019985,74.260033
45.267475,-4.944340,56.593174
36.065563,0.810720,55.289925
19.340626,-40.696327,75.213089
-6.739505,-13.040428,66.155647
8.821941,31.213509,71.992287
-6.480392,-7.309689,69.252007
10.259569,-47.675724,54.982964
-10.467586,-35.767319,77.105850
41.105755,-9.138725,46.921974
47.125057,-19.034260,65.075844
7.249680,14.289319,70.615517
3.729233,17.208406,70.849770
-14.495108,-25.096472,57.852013
-13.196392,-29.960466,59.916897
4.763067,22.235882,62.355446
-2.489061,21.642548,72.640503
-10.404469,8.529323,72.848518
17.147385,-44.571384,66.797508
26.881823,17.440552,66.052498
44.392601,-20.932598,79.080750
-21.826252,-11.153391,53.987221
-14.260220,-8.982098,83.709457
20.965519,-7.757350,18.713051
-15.352735,-10.034722,79.929016
-0.570517,17.202747,37.085747
43.778965,-19.480703,54.070366
31.260538,-37.736801,74.330978
25.954752,24.311977,61.605629
38.232960,14.983873,75.262512
-5.824946,18.026876,86.211456
21.125174,17.952639,57.607857
21.795086,21.953976,52.048550
-18.329201,-2.726948,60.045921
20.258614,15.140681,57.498825
23.089054,14.054950,57.756596
18.888077,-39.845886,78.654427
6.029418,-14.087685,5.794452
-8.814461,-27.270329,73.793915
39.823162,-27.913740,54.797916
19.060661,17.570955,58.435638
16.766935,-45.227692,71.279358
-45.007915,-2.106659,59.847664
2.496173,9.936198,51.633194
27.077600,17.312057,61.968746
16.475857,10.266985,44.262157
-19.532085,-1.846202,73.572418
29.141668,4.805381,31.360510
13.756465,19.586235,32.456841
30.951811,14.063717,65.835663
6.765808,12.018174,49.051319
-1.093961,8.134303,77.621506
-13.946623,-32.818447,38.713402
47.176811,-16.176643,72.970985
-2.154066,6.091616,53.081001
-3.942338,-35.333553,65.730972
-11.372077,2.084382,10.022450
37.128639,-28.539009,65.964790
20.067476,-43.389492,78.487648
15.283017,20.161751,49.370026
-5.144635,-45.488190,71.634720
47.608467,-9.228831,71.390808
-2.815408,-37.643810,66.265327
-18.622210,8.160451,46.892948
-10.231725,-38.696091,78.004051
-11.228955,-19.362257,69.037834
-4.964457,-29.801706,73.531952
26.505686,21.548523,66.561249
-6.995823,-4.291371,70.321976
-7.595173,-11.162363,77.353729
-11.219062,1.703807,73.092316
3.438185,11.194687,49.102474
45.715378,-7.743751,78.593735
21.149403,-16.305826,20.753881
38.828342,-19.304287,76.241241
37.557529,-20.502373,74.358589
-24.072382,-19.734592,35.158833
39.330246,-11.376689,77.195190
4.396619,-40.131172,68.235237
25.793560,6.916866,41.237419
3.628506,11.881609,71.361000
-7.004056,-24.900087,74.113464
0.732868,-41.979836,67.694000
29.116568,23.412868,62.125973
-20.218714,-28.825350,33.643536
-6.568124,-31.990751,77.264778
47.581860,-11.178970,73.093025
-15.264292,8.892756,83.610909
30.702206,-41.437065,76.138573
5.396006,16.902330,73.003433
-11.583703,-27.386017,73.199913
28.613914,26.115292,80.514099
-6.793310,21.292894,21.136623
-8.430151,5.888327,81.719162
-6.689018,-13.059516,76.324371
1.691460,13.854115,55.251923
21.304411,11.457413,52.079765
44.026089,-11.679570,55.653454
37.383713,-2.044752,79.074951
-3.225214,-32.542336,73.928757
3.537823,9.153890,68.930748
-1.066953,7.722724,62.169762
1.795401,-31.933977,71.978867
-13.011156,-30.145351,71.731941
-10.171414,-28.343966,68.466370
38.250031,10.242916,68.593605
-10.673952,-6.377192,11.127254
29.003807,-41.230194,52.741810
34.537239,10.794338,64.361656
-13.142289,8.479883,15.882443
27.825962,-43.945786,74.469391
-13.270338,3.672770,68.699020
-18.314079,-5.815887,16.610348
6.295087,26.972818,71.530334
-12.017714,10.017620,77.850098
0.153916,7.992977,56.675182
16.536076,-46.669109,73.165100
-12.598743,-5.560317,13.208508
6.118280,-48.221714,60.963436
-19.136110,-22.499252,29.917974
32.584698,11.776836,61.866146
18.294914,17.251522,32.798206
17.922520,-43.559383,73.685722
20.059204,16.287069,34.814285
25.046780,-35.855339,46.280098
23.744497,15.618984,38.991581
14.777031,16.686922,59.789696
-6.978804,-10.358562,85.121140
25.052654,12.838036,42.959213
-14.926163,-28.710247,26.045151
-16.365889,5.805737,13.081310
2.074456,16.529091,66.270401
29.184553,7.720445,56.045933
4.280253,12.551996,46.987957
-13.446414,-0.326792,63.927021
19.695126,18.577255,63.951683
22.945700,-46.893478,63.750229
41.235268,-6.784626,46.062817
-13.900562,9.633163,53.946972
37.551964,-30.032379,74.163109
-13.702699,-27.930103,80.384682
6.611827,-39.402946,78.296745
12.663682,12.116411,42.959286
-9.325534,10.275392,78.560822
28.052380,-36.152023,73.165680
-13.835107,9.129343,11.379804
11.823169,12.998367,59.545326
8.898699,20.301821,62.508854
22.580141,15.231888,60.243076
11.796552,-48.039791,58.358284
42.458733,6.837210,67.243973
-16.557318,-26.878336,58.019562
2.661595,15.405369,73.028488
8.698977,27.093643,70.649940
13.458679,20.632135,58.376793
37.638611,16.084873,72.825218
-3.900146,19.854273,83.021576
3.168266,11.129321,66.844055
-7.937526,17.510599,58.186882
22.339352,18.047464,65.675041
-13.041565,-23.673712,64.103088
2.962749,-44.052174,78.236801
41.900860,-10.905720,45.703857
12.348942,20.403788,72.320717
2.522741,7.503059,54.607597
-7.832477,-9.528264,60.369354
-3.896670,-3.812383,66.118729
-13.495091,-31.893209,66.056335
38.682777,-19.125290,86.449120
31.844841,8.990768,62.891418
-10.270406,-33.143898,69.933311
37.464851,-31.583952,64.988525
29.582199,-34.693306,71.369011
-14.803282,6.428081,71.858543
7.768047,14.423119,30.225279
23.406206,17.877174,50.503597
1.529291,-40.259251,72.552635
17.790154,4.190677,17.365513
-10.722048,-29.566103,72.438782
5.545293,11.996407,41.706444
-22.826616,30.305304,51.308754
40.225010,-9.437932,78.976440
38.243073,13.150789,76.782394
-4.890644,-24.388578,83.763268
3.505201,14.150920,57.133900
-6.607954,-35.173840,83.326035
-6.569089,-6.348672,61.524277
6.290619,10.540601,43.651131
-3.938787,-17.651487,83.381126
-9.126240,-7.006826,68.904938
-13.613506,-12.808554,71.874603
-19.625444,-13.216979,60.224648
13.358227,14.302643,54.662643
2.604377,29.771709,82.321884
5.733669,-46.243942,76.614166
-9.692622,-8.503832,66.901558
42.695099,-24.157326,55.126503
21.246147,26.992214,62.612091
7.788414,15.183287,20.925484
-1.665526,-34.722939,25.511961
-11.564279,1.976392,81.155594
10.012259,24.841379,54.455154
-13.872523,-7.437679,71.041153
-15.152576,-30.223177,64.040176
-14.117081,-3.333482,86.170387
36.607010,-21.983507,44.521255
36.992973,4.468735,65.557335
-16.957354,-13.710960,21.043709
13.486846,-35.544373,80.610565
-7.353812,14.569628,61.615837
28.930147,-43.639301,70.835236
14.866488,12.666461,66.616417
-16.440525,-13.540467,58.265057
14.254479,-35.942741,32.350502
9.401519,22.647259,47.466755
-17.796249,-39.827526,59.175053
-0.913425,32.573875,63.355450
-18.968069,-9.757462,67.053642
3.473974,27.369244,85.828026
-11.392396,-30.894293,62.546791
-21.155167,-8.663157,79.406952
-1.245736,13.600252,36.897945
14.920917,-40.613647,86.200745
26.466209,-6.758204,21.331696
21.250736,13.173729,56.273445
45.014874,-25.872595,67.723312
-2.595193,22.504972,23.595055
45.078575,-0.366258,73.764297
2.873347,17.057726,57.098690
-8.007520,0.787898,64.347557
13.031917,22.638597,59.220085
19.803593,20.454672,61.877419
-16.495834,-29.821169,55.084518
46.410503,-19.079872,61.722492
20.274897,24.620029,76.772194
31.896078,-42.172604,69.219658
-4.441216,-6.036238,5.578181
-13.507628,-3.412063,52.047024
-16.670401,3.429467,70.036301
27.380592,9.495338,57.932220
-7.863868,-47.237999,78.092506
1.849428,19.139576,61.746670
28.733299,8.805623,53.176308
-21.370005,-21.578438,86.150833
-26.858648,-7.923596,29.196251
5.024466,-45.890091,83.058167
-10.938262,-13.148368,68.249664
31.900282,-36.547798,77.658440
-23.323114,14.582652,25.541323
-7.166258,0.268248,70.379707
23.871811,0.644807,19.900381
4.903685,5.720284,61.548840
30.981390,3.841071,32.980484
26.841499,5.097194,26.771320
13.464105,10.912051,41.331413
-7.994956,-26.036871,69.021706
43.089111,-10.920700,53.172993
37.741405,9.272225,56.799225
35.127594,-30.932386,85.330444
32.848255,14.192293,69.930283
8.233965,-31.020855,83.098824
4.091364,17.929504,74.940079
38.589294,-30.073530,76.305344
-3.653519,10.361133,79.704796
37.839470,-15.833879,71.671463
41.675247,-27.204168,66.438332
14.080157,26.979630,66.389305
46.474213,-13.138098,81.708611
30.995728,15.831154,74.355515
29.265251,20.227280,71.994064
2.501794,-44.912445,82.847809
0.302672,12.761860,38.351540
28.984587,21.909327,70.574257
-17.964140,-4.043138,72.006927
-16.263039,4.429490,63.662262
0.601170,11.021625,40.773270
40.116001,-32.950924,61.736275
-3.287533,14.090453,49.758644
1.727388,-46.779266,81.664688
-20.199255,-6.188652,57.200340
2.893152,-39.787025,83.116180
43.151001,-15.713146,77.661514
17.777969,12.994916,47.471344
2.384981,5.612367,52.278801
-13.830690,11.097019,42.747849
39.367779,-2.993164,43.836693
-14.062926,-11.664589,69.532784
2.379317,10.162402,58.525101
35.461910,-26.772539,83.694458
-15.565246,-2.569884,57.335110
-0.500641,21.848789,31.214489
22.985159,-33.468094,41.099327
24.576992,-29.508938,84.519417
12.875192,16.467354,37.855919
25.220348,14.895005,63.727142
10.127231,28.509926,59.990723
34.629761,12.065538,77.452805
-11.823962,-6.006849,57.845345
-16.606567,-26.905334,30.326241
-3.845792,11.610572,59.250221
-11.358746,-43.022781,81.267899
25.829737,-9.051936,26.441303
25.713310,-36.271214,61.341496
40.624172,-5.184190,69.980965
43.558201,-23.959560,57.737309
-24.578451,-14.330272,66.573402
-8.300873,-15.582926,68.732292
29.866606,-0.345182,36.268532
15.994601,17.322838,47.151470
21.817865,14.724505,34.880596
-11.413107,3.142995,50.394333
22.610491,-3.950065,20.269833
33.824085,14.386165,50.264034
-21.389174,-2.044392,57.129242
36.026413,-33.589508,65.111450
5.665795,20.301426,23.633400
11.978160,-31.726919,30.826992
-15.138139,-35.877617,66.568207
12.067687,23.458679,63.466942
-19.933716,0.877298,45.236835
-16.746637,-29.733023,58.974670
-11.719869,2.829138,78.355156
-11.084240,-1.004664,73.008179
26.297731,24.211239,64.226196
37.427120,-22.125877,58.912079
-8.022561,-12.462786,63.298756
7.452901,6.202483,61.358738
25.018604,25.478718,74.422485
-8.486161,-6.858102,65.611832
14.037970,-44.851707,70.264145
36.437241,16.285753,61.791363
36.806614,14.913450,64.317284
6.978145,18.801046,50.353836
41.772804,-20.852806,49.045448
-8.923508,6.396576,60.874714
-10.866946,5.806958,86.455605
-1.673227,-36.950977,37.549789
37.590389,1.058086,86.324539
8.527629,26.473040,59.097305
-8.399782,-37.389416,55.940506
30.868246,-22.894880,31.270189
1.575489,-38.132923,69.878975
-10.479943,-39.118332,42.643440
-13.122490,6.065399,78.179985
5.958242,-45.488644,58.531921
19.224670,-41.352108,67.343002
-5.151092,17.500626,78.184555
8.509826,9.798870,46.889709
45.039959,-8.893167,65.809998
31.602743,12.732876,57.341087
-16.381771,-23.810905,60.956253
7.885743,24.878681,63.209911
38.657398,7.206142,50.638550
23.841011,11.889031,57.039352
-14.612541,10.024385,59.510719
-9.159050,0.981671,7.922225
11.272506,23.599972,56.679726
22.149258,14.841707,63.290443
27.222216,15.344911,55.709835
3.963969,20.633718,69.842209
34.657127,-18.421528,33.707191
-23.847538,-14.253649,49.293968
-10.460694,-21.246782,70.042580
4.441936,13.737025,40.654366
17.503471,18.653112,38.423481
4.191117,20.026302,42.900391
10.276466,-44.911804,55.028038
25.304825,-33.926609,34.166142
38.037720,11.410424,83.493050
-5.912156,-6.856363,80.998085
24.391544,27.788799,71.832870
-18.023123,-12.163079,71.609566
-1.963789,15.986627,85.937874
40.840389,-4.933761,67.688881
33.644020,12.013947,79.948387
26.654568,-33.743286,77.376053
0.709056,-34.929623,67.431213
4.222537,3.882127,3.269564
11.497556,-39.994022,69.614342
25.109221,-36.907864,38.830544
-0.652586,-39.155579,66.328270
-2.218956,11.904746,57.993347
33.643585,-28.595779,50.445572
-7.070668,-29.759020,77.466591
14.540169,15.581575,68.584007
3.325632,-48.452526,66.173363
25.530977,-24.635876,26.323353
24.578836,-9.351141,23.989050
47.553417,-5.838051,69.196442
13.320411,20.969225,64.364227
17.162397,14.089868,67.036674
10.625919,15.097871,63.747097
0.370854,-48.216534,69.521591
5.570180,-30.141495,77.679657
-7.749943,-1.225461,84.722229
18.792885,13.699557,38.824776
25.407539,15.962003,50.982685
25.369265,17.001289,42.351791
40.841354,-7.555135,62.758503
12.470417,18.013311,25.807055
-15.447888,-27.695629,55.918919
12.242924,16.713282,35.247864
-11.866215,3.041467,75.077827
0.757736,12.736298,72.357292
-13.667519,1.462649,65.074310
-4.202242,22.056200,27.912922
2.145397,3.035423,62.295128
41.392437,-23.005348,66.849686
15.838576,-29.998602,24.941999
23.473146,-39.300198,62.510067
24.288452,-33.741020,78.651474
38.550755,-5.616889,83.843658
-3.366115,23.888847,25.343014
-18.469051,-40.118416,61.954254
19.521042,-34.998444,30.746576
16.605631,17.375145,62.376144
41.352547,10.200093,72.909348
14.078820,13.937181,35.397675
41.788258,7.452946,70.461967
-1.396374,-28.478636,74.188324
-7.694996,-34.452389,61.790051
22.429466,17.612286,70.102379
-4.496119,14.909244,39.491749
-14.036249,-22.429928,72.138138
-3.438678,-2.101432,70.705994
-3.161950,-19.895466,86.555138
0.828468,-47.850922,64.252792
44.583496,-12.650391,75.184219
-9.557999,-8.659180,64.066788
-17.421682,-8.746736,72.350449
-18.442373,9.857226,48.580360
-12.189740,-35.901085,55.186592
-12.136381,7.059449,68.485832
38.120338,-0.845338,80.758247
7.314180,22.977764,58.685604
25.250597,20.030550,60.208542
-8.973377,-46.976299,70.165382
-4.436413,-8.908939,7.641696
5.117588,7.131638,51.728268
30.955587,-33.640472,58.116856
16.083445,-37.562748,73.356316
2.207228,17.174818,54.608589
-14.789517,-34.726582,82.997780
-9.474622,-16.319042,16.196388
0.715085,-41.459019,59.265217
-7.503800,-22.769909,65.108086
-7.933824,-4.224339,72.592766
-27.248671,-19.862967,38.312782
-11.487105,8.646105,65.198410
31.147861,-32.724247,47.150265
-13.752985,-3.723486,14.800693
2.406160,10.639602,73.046272
7.270777,-44.415588,79.440758
11.347821,20.292955,51.496155
37.928188,-29.312115,60.424992
38.164047,-34.635170,72.798447
30.463045,-6.121707,26.559753
1.425326,5.020594,57.098801
4.036170,-32.536350,78.679588
2.939552,15.489458,28.487013
-14.211370,7.920241,69.964821
32.399231,-14.327893,37.229389
32.066860,-37.160381,63.639824
3.523555,20.056721,27.524748
44.206661,-20.712917,70.769432
-10.086880,-42.579124,76.095016
-29.062925,-46.725578,71.057198
44.754734,-5.795207,54.662277
-8.120419,3.695678,51.528221
6.334366,21.295074,72.089394
-13.873569,-10.236732,75.564690
-54.530128,-19.995770,80.140343
-6.825062,-40.138065,66.983101
-22.001202,0.653358,53.619675
-14.059901,-11.404650,77.987587
22.445093,12.721736,60.805504
10.382541,15.365325,35.774170
29.575176,-35.778046,49.983391
41.535397,-19.939678,66.351654
13.763567,-48.223125,59.308174
-3.848340,13.091007,14.740772
8.932493,11.760772,58.321690
-7.306575,-36.144588,52.024353
-40.019066,11.134527,55.727226
-1.204129,9.615842,43.131439
36.971741,-15.702250,40.252342
5.632638,7.464816,49.250683
38.187660,-3.719506,82.260803
24.107189,-10.084388,18.400856
-16.520666,-32.217709,79.541435
0.008079,23.659025,70.244423
-20.415594,-0.218269,58.101334
-6.347522,-27.230007,73.597122
-19.013096,-19.081568,58.738663
44.196560,6.514903,82.687614
35.483624,5.532638,61.953793
30.876431,0.443606,39.314751
6.777352,25.130352,58.823833
22.464645,20.698448,60.620556
6.766848,9.272484,58.718353
-5.728403,14.075153,41.763397
12.750030,11.615291,62.630806
-21.411442,-30.358200,53.282166
-16.625200,-32.458500,60.596725
-7.703137,11.328633,70.917671
37.543228,-3.174002,69.276299
8.879022,-45.449425,58.980377
43.338284,-20.807966,68.162163
7.675173,19.906643,67.907753
-9.698851,-32.755302,61.824806
-11.675873,-27.525665,70.526184
7.515158,-47.296352,54.317051
-14.829054,-20.263802,57.127438
-10.466444,-22.782877,62.915237
16.826876,-39.693466,76.202957
-7.878668,-14.047524,70.876625
3.661188,-28.340334,77.212112
0.446354,-37.640774,86.035507
4.017890,-36.621319,35.903824
-12.625944,-27.215010,62.621597
-13.041672,-6.117832,72.996513
45.250252,-5.417345,69.212021
0.941943,-42.998814,41.475811
38.671543,-13.789133,72.461159
4.872750,13.315387,54.843498
2.945533,-20.728264,11.128329
36.903328,-4.279282,75.373474
2.587468,30.294428,49.528751
-15.264453,8.808691,35.476929
-4.100176,-34.390919,68.258987
0.470972,12.619826,45.155876
-4.006026,11.077641,69.744003
15.555362,17.489628,66.041313
-13.252545,-7.039593,56.282330
-6.151399,-4.125077,61.699707
-2.120676,5.424350,57.404823
-11.353884,14.251146,83.787796
-19.450483,-11.921992,66.183601
37.044777,7.505906,70.981834
-0.352398,5.929781,56.265736
-23.200050,11.540166,24.082029
-11.041633,12.775723,71.118149
-7.295451,-45.081524,77.535904
45.573128,1.710134,80.432388
-2.861888,-18.950586,13.091335
-13.372642,-21.641998,63.444229
-7.242622,-30.664873,73.692451
30.284199,-31.161886,70.203430
-3.844440,-35.469257,30.708935
-4.616210,1.613791,63.605770
-7.984943,-18.569639,84.175728
2.015882,-30.459770,83.960335
-18.383085,-3.901384,74.497780
8.043797,11.085775,63.797668
41.951366,-8.342258,81.839691
2.562968,-32.159962,76.595474
46.159054,-6.247158,83.049812
-8.644621,8.904655,42.631920
26.514227,11.480629,65.663589
6.568572,6.513823,56.884274
24.930668,21.648775,62.263680
8.524955,21.528591,64.835365
29.885975,-42.506611,73.954338
22.287045,-5.017714,15.373902
-5.052675,-3.915501,5.052062
-26.834362,-11.236334,34.739964
-11.616007,0.750877,70.384491
-9.015007,11.869830,76.514755
38.272449,-14.054386,69.874870
-4.804410,-20.792519,68.527153
39.919403,-6.249136,50.926746
25.760813,-39.170860,57.299915
44.270794,-15.086708,79.717880
-20.326172,-0.962106,84.268257
-6.784259,9.806961,82.750351
-16.516420,-1.791829,73.407280
-7.567297,-20.816353,84.404831
37.410637,0.496610,49.648766
5.143145,-20.084204,10.072906
12.767453,-1.780773,6.279403
-8.579746,-36.552921,65.016388
-3.049961,1.571652,56.641838
12.844943,15.408503,60.178902
38.531708,14.181875,68.806595
4.918640,-27.991402,81.684982
-21.868752,-22.249001,55.327011
-6.132532,-38.707371,62.623726
-5.591790,24.277529,26.885414
26.635218,12.838565,55.927414
45.611458,-19.879242,58.043945
44.076485,-10.423701,51.057934
37.559650,-14.493385,74.729889
23.206923,25.447954,61.404327
3.049484,-42.280785,86.369980
33.587818,-34.650135,62.811539
47.607540,-13.430260,76.986107
-13.974761,7.643247,39.551746
-20.857351,2.679919,52.603912
-4.672622,-32.736507,76.427711
43.316929,-1.456207,72.273949
-6.554849,2.114116,61.819885
-11.375151,27.908451,34.458488
-10.818104,0.299707,75.717918
0.201565,7.896103,54.303978
-13.062580,-7.135756,10.739099
7.203184,15.475450,45.021820
-6.235037,-28.606609,64.508896
14.924975,-38.455250,71.584831
-3.214847,-45.351681,78.312828
-0.955695,19.396553,72.692848
-19.357882,-15.515326,21.540030
-13.500214,-15.406661,68.403580
28.912964,13.103806,40.202385
-19.844305,5.775768,52.674515
10.968863,-46.383896,78.197639
36.045650,8.209555,59.116230
1.334550,-40.873852,65.175644
34.373489,-35.515793,65.065033
39.437321,-11.743714,80.660545
23.441561,-24.122740,24.397219
0.054003,-43.175377,77.892998
24.983915,-40.878052,79.185875
-7.139945,-26.790749,63.779274
-10.677065,3.892545,63.191471
15.380779,-35.005180,29.047386
-1.243665,5.434537,74.858513
7.357226,18.464342,31.937450
-0.689550,15.750430,54.748543
-7.315845,4.619769,58.504639
-11.075111,-32.348969,34.063438
24.368130,6.725066,39.287994
-18.359825,-0.329301,71.612099
38.460613,-13.806061,77.052597
-8.581660,-5.971134,63.024422
-4.858430,12.228853,55.497673
-9.313263,7.687687,56.384815
36.122799,-25.697449,55.848572
-51.671272,-29.241762,81.076996
-46.770805,-0.599483,63.513065
30.676239,11.428266,70.202438
32.071266,10.645752,72.084976
35.811550,-20.746191,81.975784
-4.386260,-37.524963,31.930500
21.749571,15.208675,48.541702
34.585880,-22.129013,37.383362
33.328690,13.881880,86.170166
-11.906119,-10.783195,63.705219
-21.158873,-4.410528,48.748699
31.833754,-32.173126,49.645462
0.111591,-38.936535,41.363647
39.770302,-15.252224,81.183434
-18.177250,-12.696999,55.842495
30.320253,-31.040764,67.978027
0.262331,-30.473454,70.983978
-5.869433,-5.178420,59.091892
4.903547,-32.083172,76.551727
6.439331,-40.306908,66.965446
9.115655,-39.516483,78.497147
26.520185,13.638571,67.434685
3.178627,31.975416,66.909782
-10.066535,-15.997369,71.719017
10.933224,22.414621,65.615417
-15.171702,-27.649216,61.925014
-9.806018,6.622097,69.463203
-8.145700,-31.175823,29.560810
-0.624189,10.000684,48.578827
17.841261,8.158150,28.770489
2.477960,19.208092,48.154182
-18.119183,1.209700,61.171036
17.469149,16.250195,54.306328
41.588455,-17.333731,79.363564
-4.146244,-36.415386,28.615778
26.351822,27.187284,73.223076
-1.968884,14.402510,46.386341
-13.781505,-5.776341,77.078049
39.727776,-15.563207,73.298477
3.560953,17.904856,68.168266
-13.956447,-10.586502,66.005058
-53.867603,-3.030766,81.394737
3.541472,-33.940750,31.661274
-2.044055,14.170241,55.979286
3.186330,9.651608,53.876839
14.570301,21.534996,61.764240
-10.514277,4.105825,83.086426
4.216611,15.835185,74.454910
-7.266958,-23.618404,80.677422
-9.198454,-41.389244,53.434662
-1.356887,16.703522,70.595825
24.346340,-31.262955,86.076050
42.765930,-5.623339,59.947617
42.967033,-12.134037,47.594208
32.399429,11.625072,76.003494
-25.544571,15.762977,29.601578
-3.819448,-19.085995,80.849243
-0.002007,-29.799650,76.544273
19.845514,-46.511635,65.892990
-10.834740,14.528923,66.215683
6.004267,-33.177078,27.396753
-27.016531,-22.474039,35.878498
37.638966,-13.507387,85.962212
-4.677275,-26.678738,82.923347
-16.698309,-24.104160,57.228912
20.305918,16.802816,55.764893
8.486302,6.373643,57.891140
24.484787,23.903290,81.579552
0.255287,4.839869,61.850815
24.520107,14.348358,55.579723
19.590576,24.330462,65.861038
38.906773,-26.162397,67.524101
9.878455,10.979733,67.482826
16.863911,2.650845,11.593918
-16.545959,7.882772,48.938812
-8.656354,2.001007,54.478855
-3.131487,5.201273,78.151772
1.713671,-34.982136,32.843960
41.899769,-24.169804,70.457314
22.686285,-30.067694,36.775524
-2.065933,15.672924,64.248650
-14.705742,-9.607244,63.440514
14.370634,9.846526,20.833761
9.473752,18.524090,41.655426
-13.756180,-5.021456,10.266348
-16.238855,-13.763004,83.351318
29.142437,13.252059,71.056923
19.646097,11.280437,27.096458
9.495871,13.679696,31.838367
11.655516,7.038212,9.564548
14.972581,14.469449,60.250031
-9.615277,-38.485241,62.727772
-10.266378,-8.596225,70.189079
-9.076253,-42.860512,61.469505
-13.611768,-32.050804,62.209171
21.338919,-22.573818,23.834867
20.824644,16.621853,46.705452
-9.275164,12.450552,69.763550
-10.792229,-28.109772,65.181427
22.295603,9.092674,58.908646
-3.285456,18.218779,51.172546
3.356355,15.042472,64.203697
-7.366061,0.707695,50.938606
-6.530999,-36.275906,63.205067
13.026990,18.715691,38.634598
-15.910540,-1.315056,76.378990
21.724667,2.005017,24.195692
-21.745623,-4.058570,42.994881
3.522554,31.035149,84.203690
29.762465,-2.793794,26.388748
-15.220982,-24.195610,73.767693
1.655033,7.865019,52.428909
-4.629504,-8.523558,76.234146
35.092945,4.484475,73.645126
0.283947,-47.208714,61.469913
2.954064,8.658048,46.879768
-5.024818,-36.294350,80.840942
47.473320,-5.968233,78.010376
35.842186,-26.379583,47.298092
1.811397,-37.879242,40.253937
6.657375,22.506020,68.282181
6.939465,6.716386,53.985081
32.439590,-33.675591,65.735962
-11.712679,-47.116566,72.571152
14.676770,-31.416660,85.258011
47.566090,-6.171759,74.273773
-10.156661,-3.524950,60.288883
0.012910,22.524158,28.560802
-10.291151,-19.009928,85.316406
-4.698801,19.297710,64.198425
-6.965213,3.783216,67.124954
21.568806,-37.772133,71.067741
-13.817268,-29.307720,66.081894
8.953381,26.448202,56.519211
-22.536179,-17.437668,61.164402
-8.202538,-3.510569,84.927032
35.691830,-24.163624,54.181461
39.843201,8.735014,70.346382
25.425526,-0.783201,29.798565
41.224812,7.074204,58.099113
12.755611,-45.088570,54.373207
34.840294,15.796008,86.126007
12.990568,27.481682,72.461792
17.134924,30.165913,75.126854
-6.419255,-34.531101,73.662956
35.347122,-32.643398,47.503311
6.013397,24.851772,61.457481
40.328777,12.173643,72.454971
-10.757689,-14.349345,65.514954
13.371943,-35.712669,76.068436
-21.790590,-24.593325,38.825649
43.149738,-8.037767,77.144783
16.287405,8.129653,15.832071
-7.782772,-32.984253,69.401634
3.305082,-43.052837,66.578400
20.935915,-38.016869,42.349659
10.662782,-24.352850,20.380444
34.905777,-34.912827,84.101097
-14.397290,-3.770224,78.114326
43.146355,-11.527355,72.100723
9.242144,-43.744175,50.925827
26.988361,-26.550022,32.942566
6.186521,-41.596390,86.401482
-18.557381,3.111424,22.865076
38.118256,-19.603256,49.640282
-17.606945,-33.084641,38.600124
-1.584614,11.097255,53.458706
-7.853670,-33.306953,82.228127
-13.664964,-3.289046,74.768990
-3.943162,-41.112831,53.688244
-14.851251,-21.593939,77.300171
-18.316996,-23.875740,59.626862
11.460839,30.410774,71.272369
-12.504958,13.031040,81.697128
31.215919,-12.182929,34.744213
37.866287,6.900506,52.808846
0.674070,9.149699,60.503029
-16.431520,6.107782,47.342781
-3.279888,0.502351,54.338127
12.846585,24.225428,48.139290
42.157001,-7.014411,55.406727
45.190022,-6.734023,58.851837
37.321995,-29.422422,53.703522
33.378277,-34.561218,81.775574
-18.019999,0.127065,74.206314
-14.120563,-7.650841,80.233765
23.227169,12.290449,41.833988
-20.523640,-12.853613,62.566902
23.496677,-2.274279,17.913387
40.677513,-10.939835,73.207008
-16.982391,-8.680735,86.480858
41.796547,-14.710917,59.333134
-5.866673,18.949999,26.276758
1.126814,-44.942986,63.797211
29.470118,13.846078,49.595486
4.140656,31.040876,62.145939
21.472504,27.986334,68.115417
-4.800003,-20.674839,12.289921
-13.194594,14.307594,50.056499
37.564281,-13.375349,83.713310
-20.801802,1.137242,41.188908
-5.789328,12.009212,80.996567
12.567841,10.763840,59.077629
28.912085,-36.358227,52.195923
-6.735959,-17.752014,67.401627
-32.225212,-14.911810,37.352573
26.368990,-37.363937,74.161163
11.657948,-38.777077,84.654877
-11.736583,13.579321,73.317108
28.717304,-35.105240,46.723114
-21.452559,-1.800953,29.870724
-12.212492,-26.352501,82.005508
1.919874,-28.766489,75.718674
-15.955998,-5.225336,75.281761
17.765509,27.973322,67.994911
-9.869865,5.673620,67.154152
3.146833,25.510723,83.894966
22.133970,-40.906967,72.983864
-8.070174,1.816818,79.794601
-16.153896,-3.578872,53.036522
-6.233047,-38.757847,71.510223
39.351078,-2.076179,58.283024
5.640240,-10.025723,6.429845
45.178612,-0.593373,63.902107
5.667587,24.557354,74.378899
20.131134,-42.117794,48.649921
37.922787,-9.242264,77.340973
-11.675627,-45.232090,74.553551
-18.058443,-21.745453,69.793823
44.154663,-26.212475,63.482208
21.229336,-47.262573,70.926773
-13.233730,11.188076,74.385040
-2.918423,13.846903,17.177748
9.127351,24.161768,67.216583
-3.400108,-16.980042,73.726471
-22.375948,-50.986416,86.056107
11.740684,18.566547,42.256428
-26.578032,6.615882,27.122337
-3.717045,13.232121,43.267727
-11.202568,11.982235,22.672905
9.998713,14.477228,40.033478
-16.172794,-25.791584,85.471840
34.003368,-32.825523,64.216820
2.662951,-27.899086,81.193329
-1.360837,18.797041,51.893242
-10.672412,4.187614,71.979706
-14.349899,2.787619,14.326611
-14.805470,-30.624039,58.632133
2.382181,-39.081993,42.342590
-9.682602,-39.736355,74.725883
-18.135530,-6.223276,49.608990
-16.101286,-4.956305,55.563698
-4.590078,-29.559286,82.634369
15.842093,10.865663,40.482536
-6.760457,-1.835135,72.576424
41.530472,-22.965761,81.617401
41.405655,-21.688364,78.425606
-0.620878,18.176449,28.331039
27.665745,6.657964,52.901367
-11.072113,14.315032,27.772093
41.398376,6.572780,78.998482
13.055406,-18.547192,11.324339
-11.415174,-34.058205,50.309772
3.488238,24.508495,69.699776
8.864438,-44.677917,82.686501
37.456860,-11.164233,78.599228
-17.139542,11.369101,46.535645
6.725708,-26.718338,82.453415
5.241845,22.973143,60.040630
-14.019613,5.602090,9.882921
5.445452,-28.731657,83.979187
-2.303256,-33.095997,70.620277
-11.901558,-38.999023,45.354465
43.576878,-13.097050,61.411861
9.727161,20.704010,53.079754
-6.510749,-32.406921,65.791733
-1.461964,-23.258183,73.252480
41.043045,-1.911656,48.695148
13.562912,16.073278,63.287067
20.214260,-31.689919,86.401398
-17.720612,-5.208249,53.911812
43.679035,-8.964211,74.590866
32.682888,-30.803297,85.878998
9.694804,10.863414,50.626850
21.120201,-46.340336,72.892731
17.529030,19.343092,59.761120
38.811295,11.533070,79.044930
10.636761,20.099003,29.586479
26.965994,26.165323,69.126114
10.329651,18.233601,45.186157
-29.116343,-1.953400,29.967592
13.979538,-34.626480,35.826920
20.174561,13.542645,65.040405
15.266675,21.838331,57.824841
23.232023,28.877689,73.662895
-24.009113,-16.657249,49.837181
-9.390365,-4.438138,70.532867
-16.863634,4.190317,76.810066
5.167042,12.487898,15.190470
-4.250776,-33.389069,24.451157
2.396040,3.194718,55.801281
-4.302212,16.650831,34.973015
40.476006,-19.003363,64.027695
-12.036757,10.503323,72.100876
20.404331,-38.843399,76.750786
-2.000129,3.741974,55.078236
20.556934,18.204697,42.661304
-18.626923,33.288044,59.691292
34.186451,-33.250683,85.927750
34.239437,-3.185002,37.282749
-23.794180,-8.027842,66.015701
-18.670176,-28.610664,64.828636
6.734244,29.251862,81.822166
-16.683634,-6.140429,83.817184
22.092648,28.954834,77.106346
-13.471767,-34.489277,73.043312
-4.841079,16.131144,75.770416
38.769012,-9.989511,57.967037
9.139278,-31.519142,22.164597
2.736296,33.119633,76.342476
30.857643,-23.519218,38.566887
41.017048,-15.335182,55.110050
11.007264,21.015488,47.761032
-29.534838,-28.614044,52.335148
-16.277260,-9.978639,66.511314
18.498652,-44.128082,75.963364
-23.202827,-14.346874,83.106758
20.589905,13.859101,62.174530
25.827303,18.799879,71.502068
45.886040,-6.783057,71.834404
2.027081,9.571115,56.106560
-15.077748,-6.965895,78.384941
-8.292065,1.813448,66.547745
-0.440569,18.956181,68.595360
-13.407229,-5.357306,83.958961
28.487070,-32.257454,35.721813
-10.273171,15.586038,63.575836
3.600609,9.033281,44.742088
24.775900,13.601899,49.364189
-6.075736,10.652693,53.086056
-6.365703,-4.635783,65.672485
-16.016222,-11.256784,68.399208
7.833654,16.119635,18.460077
12.906197,30.364040,78.724152
16.628920,-32.374634,85.984642
38.525448,-24.940151,43.110092
-16.567225,-5.240357,73.184631
-10.009184,3.310394,67.977448
14.564581,-48.765930,77.143005
21.432047,-21.577059,26.000992
21.797831,21.125185,55.560146
36.604725,0.863589,52.313881
-15.589261,1.586693,77.472389
30.975698,-34.638622,81.326981
-18.747898,-4.999395,84.049881
3.708057,8.840659,49.118725
4.979136,-48.619434,69.256218
14.840950,18.412710,51.982086
31.421389,-30.234791,64.566086
-18.281122,-0.648953,44.755081
3.726536,-13.321694,5.164579
-10.723157,-30.301193,67.692886
23.442968,20.350580,49.263321
23.373764,-36.325001,47.745136
-16.346144,6.969712,80.681686
-12.583362,11.453069,69.772057
-10.873837,9.943865,82.483795
-8.950067,-2.283095,71.520554
-16.368412,-20.984509,74.205261
25.018976,11.625455,34.162952
-18.047853,-10.654425,60.108715
20.608141,-28.146515,27.870014
-1.946253,-47.447636,64.927589
-3.346301,-45.292278,83.434280
-10.438112,-23.905188,73.787476
-8.692574,13.808400,38.985146
-48.824959,29.242613,80.275330
11.681883,10.308185,43.794079
32.052666,18.259628,68.542137
-17.240391,-30.122763,38.998924
-5.975279,-10.212539,65.451080
2.358918,14.931361,70.390793
16.526350,29.614000,72.744095
-18.492764,-0.238381,69.247162
18.203384,-38.028999,77.246124
4.245246,4.513595,57.625595
-6.276593,-13.226225,81.642471
3.081514,-31.222141,81.464020
-18.404245,-23.077692,82.850769
40.897015,4.009978,79.865982
17.966030,-37.039276,83.939026
-53.668312,-27.281696,84.643921
45.362907,-16.552933,84.258224
-19.133362,-25.891397,71.628967
18.414383,-37.810448,72.400093
-17.010536,-1.007033,78.225769
45.151859,-4.534193,73.756943
-20.584366,28.590076,43.506081
39.936897,10.755433,60.099293
25.260971,8.452193,56.585808
17.109755,22.126457,62.483894
-7.627443,-6.796205,83.555649
18.773499,-45.710228,58.815514
39.104378,-22.016874,64.491158
-15.013782,-18.255733,86.153404
22.456404,16.170509,57.440418
14.399518,-34.349586,77.427856
-10.410687,-1.161937,70.194656
1.898950,11.685148,61.533413
-11.408326,14.743941,60.718807
15.437688,11.361166,59.230782
45.049519,-19.402693,80.782478
10.687969,-47.301277,51.953888
9.317760,22.782320,74.383011
-21.877359,-4.852746,79.213844
-2.551392,4.463719,49.615891
26.709053,-1.135472,31.978699
-5.047800,-8.535913,70.976624
-13.909629,2.944745,9.809274
-0.902319,-41.209995,83.447433
39.526474,-32.483089,59.219761
-10.254276,14.744245,31.307705
20.697126,-47.437168,63.942051
-9.542159,-41.881733,85.949600
38.647324,-19.707531,42.205093
-16.703152,1.178024,85.873474
-19.015722,-5.611320,21.587914
20.563713,10.665525,24.890631
15.833916,-37.348907,41.816940
27.995867,-34.002525,37.095116
-16.391649,-3.195377,81.201027
-9.733433,15.614383,43.803829
9.433918,1.792477,5.290461
-6.336989,-23.499018,14.860559
41.856510,-29.910524,62.184624
9.047543,12.267365,48.925652
-1.117432,16.979099,59.996052
-17.408768,-18.265482,80.931351
30.021055,18.727089,84.016640
-21.294325,-11.346299,27.038670
42.286839,10.177682,83.592545
-11.145508,-2.366095,67.569992
-11.193218,0.134281,62.464939
15.897775,10.461746,38.204880
16.950020,11.980415,65.397293
9.563064,19.663813,69.226082
-11.417657,-20.729290,79.673279
-21.768391,-5.648974,20.855330
30.180080,8.365219,43.965153
-2.162224,-1.122763,65.294312
38.328358,-12.066130,52.466576
-13.338037,-28.762669,73.472145
-4.463162,3.215842,54.786812
-17.936737,8.305886,53.396835
-2.399046,4.678090,69.722816
27.381605,-32.587662,75.611336
17.406296,6.623762,19.487631
20.712473,17.929745,39.377552
4.611649,5.309670,53.341442
20.209761,15.153697,30.916994
-1.151928,7.106593,68.999619
36.367756,-2.456509,37.834431
43.545223,6.381589,71.992973
-15.511086,-17.210014,83.906715
4.114689,17.199865,53.224739
-4.803734,-44.208450,60.706367
23.075748,-41.102795,54.643459
23.321117,-46.664898,71.782951
15.618078,16.291157,42.988129
-8.957963,-40.787430,66.267197
-8.450996,3.663553,82.221008
-21.945351,-5.097114,71.398361
15.890258,25.774416,63.250053
21.507683,1.043131,16.296928
26.314732,19.621702,64.999847
9.468786,8.225088,62.546028
-16.601824,-3.889504,70.156540
-8.169913,5.345153,62.889656
31.907810,-29.470182,37.007576
18.739975,-39.925774,71.595230
-19.559467,-31.578207,54.235497
25.207172,-20.325296,26.904392
-12.393606,-40.476757,56.294617
45.751804,0.634377,67.125977
-14.064108,9.349072,75.511330
-23.995848,-51.519176,82.915810
-12.561861,-43.218109,75.083511
27.573961,11.109045,46.411728
22.309605,14.288687,67.291893
13.404475,-43.299850,68.005623
41.596584,-5.731641,78.766121
10.523020,-42.728931,55.863976
31.646606,4.532601,35.403069
2.667690,9.639556,64.354416
-7.225898,-28.987459,80.989777
38.853905,-26.785181,46.770321
6.196014,15.620314,36.916008
-16.360544,-10.637715,72.163246
12.397768,-43.032143,58.867188
3.728276,12.721178,62.439850
33.478989,-37.536095,76.317841
41.748955,-10.172859,61.848885
-13.692871,-7.008338,58.802433
32.484913,9.237493,66.555069
17.390505,-41.276722,53.895210
0.801557,13.457718,49.148060
36.059361,-28.558788,85.830948
15.523121,-44.365528,73.615051
34.449818,11.663349,74.569389
17.813726,-1.644674,11.135084
37.319984,-32.873821,62.961411
3.939895,19.571936,64.543602
2.450769,-41.158482,69.088737
10.216982,19.966875,65.233521
-53.026051,-17.194561,74.864319
34.349957,-22.861858,45.021267
-15.066316,-2.772653,71.698990
2.327179,-41.124603,36.656197
29.091917,-39.756130,75.410660
-4.900606,-41.818932,57.060890
-26.670801,13.681817,29.701832
39.328747,-11.012320,62.990517
-8.023653,-14.680267,83.239639
-0.202981,10.919893,65.816780
-39.134651,15.960254,56.587906
31.475624,-31.234850,61.250008
-12.629884,-3.663373,72.820892
-14.144951,-6.745214,86.064728
-16.896193,-30.299860,52.563194
-21.063763,-23.329165,57.384296
-1.277399,24.661694,78.416756
32.544518,4.907642,48.004784
3.363858,-41.676220,54.160595
-24.269848,-12.454315,36.315548
1.139754,14.577753,77.271645
5.710182,17.689926,54.922508
-14.282570,-10.338151,17.144199
44.486473,-24.048782,59.781776
9.999627,-46.950195,82.151855
0.526724,-34.555538,71.185234
37.425426,1.286652,57.390160
-4.550760,2.988534,65.599884
37.899918,-5.828359,44.997314
3.174723,-46.828484,61.396133
17.043268,-47.322063,56.128220
-50.008278,-26.431225,75.428757
-16.726093,-26.301744,52.310738
-30.320631,31.487103,60.456535
8.472421,-13.198666,6.117907
40.915279,11.657125,75.017738
-6.639651,0.661024,81.052711
-12.498773,-0.933123,85.161545
4.032925,6.034162,59.395924
46.987892,-1.343715,77.284195
0.848228,8.846415,69.176910
26.711205,16.279753,58.830307
-5.446774,-15.323151,78.863571
-3.046724,6.091016,67.985619
-13.196784,-15.646706,19.194666
19.986765,9.622855,38.267784
-4.644321,-1.637008,65.019058
43.242088,-26.034363,59.227844
33.755436,-35.484535,48.372608
1.184521,7.035408,61.788040
1.714642,-31.601450,20.229694
40.960087,-3.685723,80.996162
-5.698834,-29.035334,19.586088
1.832143,17.970474,20.303150
-18.606474,-18.503365,63.141060
36.500965,-7.455039,36.144623
37.764988,-1.836158,54.194988
42.334843,3.488380,56.034775
-2.639807,8.899617,57.554226
-3.383110,19.939518,62.425888
-4.246696,10.582504,57.165047
-8.181477,-7.139887,59.457912
-42.920933,-7.755608,56.207603
-7.776225,-34.693146,80.144104
24.418903,-24.091297,31.314800
-2.458353,-6.592276,2.974025
7.493770,-42.953518,55.325188
-10.268608,-8.182689,80.723495
5.730927,18.494555,66.663406
-29.479239,17.546043,38.969494
25.314520,-40.741364,47.526405
-6.994010,-36.359604,76.922760
-14.796967,-45.596336,86.227554
-12.459534,-6.741683,75.276428
34.646172,19.372639,85.772827
-6.960542,-22.124718,70.360641
5.890773,16.349106,62.437614
34.531696,14.694476,71.939957
4.398785,21.889334,25.055466
43.120552,-4.095046,77.370537
8.083371,19.096031,53.971535
2.639712,-35.966194,86.229713
25.148932,18.485250,45.586899
-6.279311,4.438708,81.982498
-9.956023,-2.817826,53.451782
-20.467037,-14.187424,86.360390
-20.654512,-10.004993,75.745300
5.775923,14.296428,58.529953
5.965999,17.149977,68.907921
46.002617,-15.174826,56.668022
46.499638,-15.154659,80.485947
19.640940,16.540173,68.692047
4.344307,-45.551323,46.672329
36.067490,10.712036,52.221489
-6.704956,8.621123,7.471964
-47.432480,-9.624983,62.991730
12.367719,26.631536,74.387825
1.297690,26.129766,66.629059
6.856068,26.939474,69.172523
-4.725231,-36.171360,58.962288
16.288456,-7.677599,9.144228
23.671736,8.851686,50.907291
-23.521622,-7.218545,73.485321
-24.138371,-13.200336,38.862568
-16.765392,-1.107518,47.043156
-7.860758,-14.620849,13.389376
8.581262,17.219559,67.809998
-0.208329,14.822023,80.035622
2.674663,-35.159439,25.780743
3.117244,17.322277,23.779230
1.335379,19.786945,24.068163
-2.839463,-1.518613,58.186943
-23.361895,-17.671381,64.490761
17.238455,16.472071,44.762131
-35.709671,-4.079945,40.638153
27.757610,21.933235,59.846455
37.562801,0.692278,42.397659
-11.867242,10.062590,17.001091
-2.691497,16.659451,61.772758
-6.433356,-42.918156,64.021210
17.210644,24.580114,68.012703
-18.203085,-15.249354,61.890633
-2.988937,2.574441,50.588676
-19.602715,-24.375677,66.636719
-4.235353,-34.527557,74.158005
2.941434,26.532564,68.413948
40.713860,-27.728790,83.690216
6.216516,24.621399,80.903732
6.180497,16.131943,65.219391
41.216385,-5.661748,64.440201
13.111090,20.832170,37.007912
17.585533,14.897621,34.565533
-12.307492,-6.338596,79.055527
-14.974655,0.081167,67.441444
-17.717888,-22.881554,80.665443
19.155327,11.398100,35.051144
5.626688,31.220627,69.812263
45.036022,2.646811,67.545822
24.865345,27.070957,67.874901
6.440923,12.675498,60.053162
26.015629,14.457977,44.323853
8.745330,12.064218,44.789551
43.604408,-12.598537,79.313629
5.433114,15.136878,30.907921
-19.880571,4.500035,47.048027
31.452330,19.716782,56.530228
27.839764,3.721951,32.930912
-5.482389,-41.704681,67.735115
14.261839,-49.387863,70.969620
-7.031754,-2.045242,57.656116
-17.603642,-12.761148,78.102661
19.504524,10.380661,62.373856
40.103649,4.648394,69.198792
-2.234204,12.066085,62.231277
2.565335,24.539146,64.706505
29.733305,21.725229,58.676338
3.715379,14.075257,50.921055
-10.510035,-1.523746,58.311771
3.317476,28.318733,74.864128
-14.545218,-0.898773,69.445503
-14.263914,-31.392273,35.375816
-23.753609,-14.181093,63.380142
0.819706,24.591034,86.091911
-19.042101,8.026936,33.147018
10.798070,-30.608421,86.211884
-6.693926,-19.317633,85.998985
35.560795,-22.340038,78.171936
-0.054073,-44.146656,46.413284
-17.373100,-28.267721,60.905437
6.945847,-37.782383,75.718376
21.550251,-29.049395,33.859112
1.092854,-42.520519,47.658497
6.160225,18.392132,63.983467
-14.669960,12.607613,15.454519
-0.793725,-46.579826,81.137993
-3.612400,25.617954,29.167366
20.426167,16.048248,59.682495
-16.880850,5.643223,21.011446
5.201773,8.123442,60.503304
-10.549984,-14.469989,61.892853
26.385374,3.296671,24.742241
-10.705043,-1.957896,9.153979
5.616421,-48.313671,66.941765
-12.953092,-32.577747,36.733452
36.591885,-21.936928,54.711777
-6.877939,8.440429,54.309155
-1.994391,10.614564,41.201736
-49.251518,-31.685339,79.646729
-3.882936,17.481833,20.616463
-24.262671,-25.054613,43.404678
37.122139,-20.684118,66.797523
-19.949995,29.599993,47.963837
-9.264300,13.016765,78.340981
-8.754265,-18.724674,74.265793
-9.751789,-30.165539,64.260178
-17.280985,-23.711254,63.036278
-1.697581,25.096996,86.305550
21.432137,-25.652309,29.399544
38.190807,5.796433,59.569824
-21.865494,-22.212603,50.483238
-4.354645,6.710236,64.695938
20.191517,-38.479141,80.687744
-5.351466,17.387726,60.047512
26.489767,-5.382659,28.854496
43.929703,-8.323236,82.790588
34.902004,-38.584351,62.604618
16.946041,5.906026,13.879679
19.028255,24.010706,59.223953
0.147458,29.988966,45.258080
-5.357483,-41.363907,78.090675
7.410258,7.076800,51.079781
-5.395238,-18.712671,14.019784
12.271932,19.981430,34.629818
-12.437222,-10.937550,56.464039
21.294922,8.787581,34.448059
15.683550,-44.796787,57.401932
-7.328553,8.295174,81.151649
-38.009808,17.682671,55.630497
-3.917697,-26.143196,86.424164
-3.179608,-41.972366,40.296860
10.218756,15.740677,20.203625
14.972397,-45.062115,79.883698
7.849390,23.306541,76.148560
45.067959,0.216142,60.989250
17.600782,-33.539005,32.419823
-4.353902,4.469627,63.605953
-1.118399,-44.574200,48.378353
-4.845606,16.470945,37.479385
-1.345778,-36.014942,34.975838
15.522394,26.605644,71.342369
-4.098113,8.523662,45.693935
-28.074003,-16.854874,31.786884
6.117850,-42.184010,84.195091
18.781742,-41.068249,62.183044
43.099216,-8.684813,85.999817
-6.347521,12.449665,86.152145
-7.421955,12.048806,67.589951
-17.943762,-9.983139,82.526443
-15.022419,18.822460,23.281853
10.623457,-26.763790,16.986246
-3.611946,7.006056,56.825531
-26.395834,1.097362,26.670866
37.690197,-30.900167,56.167862
27.724367,-10.234338,22.927877
-20.582958,-3.171368,71.563469
-15.293691,-3.377745,76.187004
-17.065922,10.369618,24.383522
-2.981524,-43.833694,64.820053
-15.442422,-9.893560,53.524517
44.783745,4.157499,71.712288
-4.302628,1.557135,60.237167
-10.466943,-0.467809,83.807983
-23.716534,-8.416363,35.348427
18.709177,9.132198,35.592537
37.200687,-9.241211,50.657608
3.947353,27.006073,71.684723
-6.127448,4.473145,65.223511
-4.997286,8.274909,58.794254
29.051460,-27.134054,31.942274
36.648117,4.479112,51.748089
-7.287116,-44.584503,73.589485
-4.286509,-36.691429,76.131744
-21.179453,-14.886404,78.740486
-13.508612,13.006015,30.617653
-44.567581,1.982775,60.297123
2.868044,-28.749575,21.929962
38.056976,-31.352886,71.603401
-9.792933,-6.813246,72.437431
1.621683,-10.845020,6.880648
17.164804,-41.895657,44.509712
5.499525,14.583611,63.754929
-51.140003,20.392551,80.953964
11.527233,3.999543,7.384694
-12.189350,-2.022728,53.444332
29.890709,-39.999523,51.002815
24.881624,-7.015628,25.770552
-6.715367,-40.340286,59.327160
39.973431,-6.150078,80.115593
-16.580614,-16.553440,66.020020
35.346924,17.852716,71.834831
-1.614322,32.235184,57.570999
-0.901096,-36.080982,83.258087
-2.273389,1.151427,58.926815
39.821770,5.860003,66.841187
-32.608749,4.551352,35.422478
-20.846577,-12.921301,51.992943
29.947538,6.400877,33.203869
-14.674643,-22.448769,59.038231
24.252172,13.388818,46.788193
-11.895021,7.310381,57.646049
-10.606031,-5.010030,80.486664
-0.321687,-40.687038,80.269180
22.740494,7.035666,23.052071
-6.220533,13.271353,77.397728
25.673723,-30.876230,82.281326
12.253317,-34.632053,85.975792
-25.191900,-22.184645,37.059155
16.846207,-41.373432,74.325684
44.111702,-5.098902,86.113701
43.316830,-21.384361,81.202698
24.423983,7.031172,24.484314
27.268475,-38.954208,83.847473
9.000978,19.062273,33.782261
-9.102251,-20.481583,18.157547
21.405531,-24.529587,22.493610
-51.003513,9.926266,76.940025
9.261592,-18.498339,11.840539
-4.672125,14.485959,58.942265
-31.043436,-50.785324,82.117859
-6.811758,8.718141,69.658920
10.271090,15.526861,70.224205
20.999008,16.635197,64.325569
-16.962818,38.127045,76.001579
-17.359396,-6.022805,69.314240
-7.630281,-29.642744,25.757900
-18.479900,17.233303,22.084963
19.028452,19.176548,55.938889
42.106258,-30.721792,69.261467
-13.333887,-0.723974,61.114101
19.352346,22.015671,49.799187
41.063965,-18.811554,44.215500
-6.158861,-4.348324,56.988049
7.665515,26.161627,66.948158
30.141811,2.745050,30.709570
1.067697,29.889969,71.714661
-8.235572,13.170661,58.339725
-9.701950,-22.927670,86.315140
9.129084,19.273643,37.293716
18.887417,-44.647255,62.045067
-5.253417,-39.340923,85.818779
27.553915,20.211542,79.438637
-4.956255,-6.007429,78.320938
-38.989616,-11.372673,50.944344
29.899288,20.962278,76.590256
26.895391,-37.451736,70.792709
19.623878,-42.609623,86.292236
0.930753,12.018950,52.944580
-17.386421,-17.407187,76.354263
-21.034485,-22.586920,32.688011
-8.189317,-22.406460,82.415192
31.511461,15.969408,69.343117
23.301455,-44.289806,81.563354
10.233068,-48.788429,61.337246
-12.940371,1.627133,8.266585
29.172092,-24.616869,37.369453
-7.867891,-16.922913,82.463882
16.293455,-0.069788,9.754101
-8.938050,12.760349,73.149162
34.745071,19.860273,71.376259
-28.448145,-18.699104,41.291489
3.299579,-27.777071,20.023911
-4.067507,-12.210132,76.059273
14.483310,19.704725,35.234505
6.891298,15.749166,67.357430
7.337274,-46.534332,82.853172
36.869644,-11.321680,48.688194
34.032234,-38.549461,60.281639
3.629616,6.003603,50.384197
-11.767784,-0.030952,68.052383
23.097723,-33.745808,85.938644
-48.363567,-10.493528,64.831512
-3.354137,-44.127167,51.802040
41.806004,-16.596611,52.052467
21.256479,-1.367163,19.920822
10.025544,-40.030067,76.409317
-8.155062,-17.522314,80.326538
16.227163,30.443069,82.742188
-15.484940,4.259921,42.282913
-0.340769,-32.987984,67.839653
26.023407,5.698613,31.384457
31.125282,-30.163910,41.204407
-11.186026,-46.039700,66.616104
29.960392,-25.279486,86.287697
25.565527,-43.519657,68.073059
-0.218370,-47.541550,79.019356
-15.184416,-28.016291,67.663086
-20.771589,-23.975864,78.245255
21.114359,-16.029537,16.667894
6.619940,-19.753500,14.488436
-14.309313,-47.976528,78.027954
-21.027088,-5.661130,44.916992
34.320606,-36.882225,80.959175
-2.286886,11.385245,78.289169
25.700668,-39.557209,64.989441
3.957287,17.327515,63.571629
30.216177,-31.531263,55.955368
-21.848688,-14.799349,70.017258
4.810805,22.709389,29.161861
17.659084,13.526430,32.492268
-9.368660,1.816149,74.549530
13.867250,-45.626701,75.800194
-2.052683,-41.630787,38.435562
11.706775,-17.458656,14.892235
-11.028599,-9.196080,60.246086
39.691105,2.399539,68.969032
-2.674613,9.950288,49.947388
-20.656240,-10.068322,86.425613
35.815208,-30.431648,58.931679
-11.017995,-29.536036,22.789938
5.842818,16.803083,43.547932
8.180404,31.323236,74.786537
22.820549,24.494766,65.103371
-15.714334,-32.023010,54.747032
22.985365,15.560860,65.398567
21.770443,9.130316,52.320564
-10.491760,0.787582,78.047417
-6.032260,-21.738663,80.481232
9.810884,17.427700,60.071457
29.839790,-9.639257,25.180424
22.221811,18.811060,62.842773
4.934057,-38.824417,83.962776
-24.974798,9.614351,25.608150
-5.760607,5.809061,67.744110
25.290012,28.098736,81.053024
39.733570,7.907812,60.851994
-0.975514,18.350817,47.500137
35.137024,-4.723150,45.054344
-0.442367,-25.195457,14.359810
-5.457093,-47.342377,75.243439
-18.183113,-28.504808,77.817924
21.554602,11.656399,58.487911
-52.311058,-22.579361,77.033600
45.408127,-17.328552,65.523834
17.684153,-46.446857,65.864326
10.839281,30.639748,84.123619
29.751673,24.895403,71.622169
0.425495,4.344784,59.145477
16.170553,9.944293,31.960335
-40.683861,-8.566387,52.987190
38.036182,-21.337818,81.647919
41.463341,-14.818443,71.882111
24.926445,-37.437069,84.116249
-8.100509,1.751800,72.413872
15.758567,-3.392281,12.016785
39.702328,10.736746,57.673573
43.112057,-8.624339,48.120224
33.822266,-26.118668,50.558525
-22.323750,-25.800308,54.278126
-13.111355,-2.784946,69.945000
42.418316,6.993134,59.975872
11.418546,16.575466,57.257797
21.198803,-42.728870,70.972374
4.457091,-39.386448,38.557533
-12.293908,8.102044,13.346132
1.387321,6.955773,58.244194
-16.838350,-26.004900,61.677643
-22.831633,-14.672924,32.475391
45.968227,-1.866262,86.248367
-12.666489,-9.207856,81.847260
0.009785,20.628534,21.663860
-18.621710,-23.363003,54.575699
27.427229,20.418579,58.169521
35.650333,-31.746828,71.607063
-23.677362,1.635489,23.069609
-9.855863,-5.847309,60.480534
7.201512,-11.994587,4.711631
8.209283,-48.096367,74.200981
-11.140345,-13.605462,75.530289
-18.509579,-2.717077,78.340836
33.458004,3.504601,46.274788
-18.755722,0.298358,76.478210
6.420859,10.440700,46.003513
3.993127,22.696604,83.229675
-5.650637,-13.515729,69.009254
21.156399,-40.298168,79.039169
-4.327927,-11.641627,73.317711
36.194546,18.524158,81.860489
-11.551018,-5.486461,66.524765
-29.315075,26.065559,50.139576
29.227737,-13.733297,32.011257
-35.354080,38.532932,79.416901
25.100876,-33.913967,44.901653
-14.891925,-44.438541,70.768501
-14.405297,8.269794,67.364410
23.065374,-9.743101,16.485582
9.272729,19.758574,60.205582
28.336222,-32.653336,84.654617
-18.779783,-4.299103,68.495155
42.273815,-7.727537,71.368805
42.054302,7.515636,62.694153
17.947397,-15.972399,14.689943
36.267712,-26.364750,86.486282
-15.815944,-24.825623,68.786827
-8.443155,-2.282851,78.559784
34.990292,-0.577765,37.114178
-15.593238,-34.047543,86.048218
-14.934290,8.977477,24.482708
23.180811,18.345587,56.460617
29.083637,-33.075649,52.935043
-5.977911,-44.964066,84.157524
26.786190,16.170597,71.254440
5.319722,-43.655071,62.993427
-19.186460,-19.871090,64.829636
-11.235217,-18.250963,74.980461
-8.854330,3.787728,56.827675
-37.406460,-15.238232,49.424610
42.106979,-12.217360,65.506607
7.160611,30.604111,65.769577
1.901309,14.313048,52.292236
-36.215889,-12.890216,45.306976
-47.428555,-12.123196,63.325386
13.099463,-41.300045,76.208580
2.972925,12.294190,14.050056
-16.042522,-6.370320,67.025078
26.303667,22.982300,58.007668
22.954514,-46.706264,69.443047
32.868702,-0.151638,32.766426
-0.692302,16.685629,76.189537
-14.653505,-24.213190,62.488457
5.905406,32.178207,78.319458
42.415882,1.278977,58.954025
19.992994,13.591895,48.210945
-7.692319,-46.650703,81.523773
3.427243,5.399020,55.488380
5.465010,21.096704,50.894798
34.092880,6.240486,51.636383
36.418930,11.794016,80.123566
-16.256611,8.074461,45.610275
40.381798,-23.170788,55.670467
39.723560,-18.610439,67.797134
-9.846503,4.550313,58.720070
-26.343437,-28.444838,52.101318
-7.952899,5.192360,71.765083
-17.819702,-29.478073,79.928047
-4.651016,6.297378,70.030106
3.694051,-45.298466,68.542542
-35.341702,-23.780622,52.088314
-13.331929,-26.715004,56.506325
1.739606,34.277206,79.363678
22.698629,-40.019363,65.279739
-11.002904,-18.695074,18.662388
6.900986,-4.519767,3.511425
-15.318164,-3.975401,66.309036
29.398996,19.982857,53.600777
-1.540864,9.518522,79.396965
1.025717,22.178331,76.323387
-0.239544,15.242538,38.863247
-35.851505,-9.036003,42.046783
-25.871128,-12.567410,41.340454
-17.137848,-2.970475,48.242332
-11.659143,-21.897938,72.837509
40.375061,2.319627,86.266907
1.923278,12.872708,70.598343
24.056025,7.833036,37.331123
-13.119688,4.764009,82.343407
0.429622,31.463261,73.170189
5.022134,8.445597,63.236160
14.411711,16.341564,52.666859
25.705465,-45.871307,65.628494
-30.269192,-0.363363,31.218035
36.116848,-37.805256,73.005783
-7.733268,-11.693830,79.604485
-55.744694,-18.329279,85.143059
-9.285924,-3.200889,80.580406
-11.295903,-24.337582,60.844620
-0.311244,12.321548,60.788986
10.121836,-13.779758,9.856141
-6.225648,16.046862,33.820499
-21.433966,-27.926308,44.844025
-0.391445,17.842625,17.471451
40.630314,-22.766983,47.153946
-12.273117,-34.477905,47.163052
34.247795,9.155045,50.038834
18.378447,-39.215496,48.598915
-25.249294,-18.404272,29.003235
-30.412113,-13.022910,38.254894
9.798463,13.078184,35.981590
40.438175,-25.869772,50.123043
32.570442,20.989216,63.400898
19.359747,14.563391,67.542564
-16.080259,-21.528111,71.850777
38.021877,15.923788,78.489342
2.277763,-46.569443,55.733677
-25.025169,-10.068745,68.728111
18.877300,27.535919,84.766190
-17.265192,9.241755,14.915662
-17.598434,1.209053,66.692589
38.657211,-24.359934,58.634945
6.228068,23.269255,64.140594
35.980633,-7.194638,45.588097
19.058714,-2.174366,15.211901
-7.451611,-39.802280,55.798080
-0.533152,-31.037685,82.367523
39.303413,-15.328577,57.402805
45.148075,4.905771,77.246597
-11.623560,-17.990562,71.183365
-20.361155,-16.409966,72.203506
47.939613,-10.987082,75.483467
41.066696,9.894581,64.052711
1.773375,23.511679,26.924631
-13.491029,10.759076,29.782986
7.164747,22.314030,38.876194
-4.536602,-28.159899,71.850548
-9.286719,-3.574544,9.086484
1.267163,-28.914782,85.997124
-7.454652,-40.389927,42.713184
-24.012424,-16.006430,39.249653
40.185413,1.384784,81.930435
-12.866527,-17.285261,67.158569
37.424961,3.843375,60.291935
-10.270185,15.105416,71.916534
-6.454360,-38.250431,80.803299
-12.584368,-30.926579,33.097935
6.146973,16.427158,48.624874
-19.217518,-49.681812,83.687866
-12.008967,-32.439148,74.059074
5.511395,-39.942825,70.080330
9.361777,25.539062,50.224068
22.427752,11.668430,35.643711
-10.164279,15.010801,35.476536
11.323274,-32.197689,79.150307
-14.645499,-23.003601,56.719505
10.625749,-34.863121,76.734726
46.360523,-13.387870,64.998047
22.795864,14.726231,41.022602
-8.908505,16.643354,69.264305
-7.358229,12.642747,15.630625
-17.320631,-34.070549,58.807159
33.426594,-30.992533,51.209038
44.978184,-12.389862,53.582756
-26.827200,-19.039083,31.286488
-11.992590,-39.127148,79.836838
23.925999,-0.310467,23.043377
4.897479,19.687340,62.174049
35.110294,9.002513,83.832336
40.744564,-9.528912,76.644073
-23.656113,31.182493,55.256706
15.225600,17.191542,63.971207
-4.628712,18.541901,80.106552
-1.998747,-36.687149,74.494003
-3.019668,-2.010934,62.874146
35.979568,-34.897457,81.482727
28.092342,7.351564,36.919437
-13.286700,-36.005249,79.604042
33.422729,-27.226503,52.942833
43.488922,3.097842,59.519958
-11.771600,-4.909628,53.609436
-7.720966,-28.657642,72.174248
-17.497389,-3.920851,76.642296
-20.050852,-28.879976,48.267136
-2.008527,-37.398586,72.113693
-7.662321,12.288465,42.111069
-23.534370,-49.873123,76.772377
14.207733,22.210587,65.889488
-23.395208,-2.711303,45.009266
-4.939098,-41.325409,71.358978
-11.780760,13.942875,18.597162
-9.417022,9.387360,40.353111
-1.616193,14.254487,33.640308
32.216091,-32.425777,55.742447
33.188957,-40.963524,67.280975
-12.803185,11.120274,67.455948
47.261074,-9.288368,76.981918
10.550672,-41.643497,72.660667
7.883207,-42.929657,71.092728
-15.296592,-7.404287,65.056999
-10.947606,-3.416625,75.859001
43.449608,2.022467,57.191315
-8.084289,-41.418240,49.043045
10.336257,-43.445335,75.023491
37.675339,-4.100330,55.365341
47.107220,-13.184809,79.298691
20.058193,-36.929298,33.868183
-13.243743,-4.337234,59.534348
9.407003,27.551813,81.051239
-0.888923,-35.553032,72.543472
35.692287,0.146359,63.363541
-13.709320,-10.271498,12.588625
-19.929493,-47.101070,77.373268
-13.640275,-23.352028,78.011948
-21.117687,-14.738426,53.342873
35.511257,-8.289101,43.187847
37.851974,-33.372864,54.144131
2.948733,13.093402,38.137291
2.329875,14.896281,39.436882
27.314623,-0.891358,23.879341
11.682706,24.978189,68.038895
16.890705,-8.835978,13.959442
4.974723,13.522087,19.947451
-19.799622,-22.216785,56.003056
21.400831,2.886640,17.428482
-8.267080,9.962299,73.031937
31.010538,4.860885,54.276024
-18.020525,0.107110,55.207935
20.219370,6.517843,24.952030
-13.339577,1.291527,71.958382
-0.950882,-39.311737,84.794769
42.429264,-2.551392,50.649853
2.519130,-12.450116,8.047707
6.329094,-45.914139,68.239143
-11.357218,9.640738,38.751160
23.287498,-37.568211,42.846111
9.992213,-7.516902,6.816041
44.486904,-15.716425,86.273964
34.232246,19.949663,67.356766
-5.261527,-45.458324,81.765503
42.912296,0.695495,83.838394
-10.301376,-30.125921,30.228725
-11.184707,-11.968976,66.078491
-12.115714,-1.543527,75.050606
-4.757223,-1.961360,78.452621
39.369740,-7.579555,47.406139
43.331139,-1.964662,74.562973
2.692524,19.711687,71.967178
-8.282712,-24.284342,67.217651
-4.025769,-17.960453,9.301571
42.390968,-13.951866,48.793087
-1.635033,-26.844421,72.752090
34.650410,-32.718178,50.238209
8.201048,24.683903,74.231628
-9.149358,-11.997025,70.840721
17.256750,10.032626,48.141029
40.622402,3.640837,63.487312
-14.537219,-11.597537,18.864475
-10.630077,-7.876706,74.350594
9.129504,17.533791,72.027771
-2.852583,-30.755476,25.293581
23.544010,26.590704,63.556236
-0.162809,2.087750,56.714214
-25.219448,-12.405093,68.036995
25.298101,-39.144348,59.527649
-23.018511,-7.553208,51.160999
7.535652,-35.602230,76.332130
1.841586,2.271811,60.293037
0.652476,-34.800510,86.480751
29.175217,-22.954212,33.052948
35.301647,-20.029303,84.059288
41.777287,-18.948900,86.330338
26.508949,-38.554852,61.350380
1.070547,4.450447,68.226379
-9.061413,-1.896395,5.147015
7.966388,20.361746,70.509338
-6.239394,11.273789,72.706749
47.733765,-12.933311,71.601990
29.164238,7.542946,42.000298
-1.920818,21.382177,21.047476
-20.945507,4.809962,19.850777
-6.455679,2.452331,77.698692
44.087017,-19.920452,77.102081
-21.425270,-8.481901,56.017937
4.983032,20.712418,46.684078
-6.487921,17.985394,55.746925
4.397704,16.874496,29.707199
-3.645402,14.508648,31.213589
-10.311442,10.929449,73.617615
-20.670227,-8.975514,59.606876
4.265508,21.898733,78.057320
-12.684240,-36.944389,74.458000
17.744673,-4.043632,10.787793
-2.197205,-41.413437,75.710106
45.665134,-9.793075,85.948135
-0.921081,-35.137741,79.219048
7.379238,27.506762,73.874229
9.036203,4.073229,6.660901
9.090397,15.960214,31.950401
36.502804,-21.111429,70.075668
35.074127,19.953588,83.461655
2.444669,7.227680,64.575752
-4.231407,4.659743,80.424721
-9.461702,-27.273733,71.343987
2.177717,-42.623020,74.386162
8.410910,15.141908,65.570183
-30.588282,-18.882410,40.646271
25.143745,-35.810036,70.308411
-14.627160,-1.063405,83.440239
-16.086262,-32.472027,69.654320
39.107700,-8.644323,45.295238
13.608004,13.011726,18.559301
-7.391925,14.256041,52.222839
10.132737,-34.304302,82.419594
32.730007,2.727244,49.139553
-54.097172,2.016921,84.197380
4.246081,-37.975044,67.723854
7.709313,14.536676,62.884178
40.963806,-26.337296,74.337273
-3.098135,22.895493,85.983978
14.305539,26.823387,56.646698
36.076378,-23.877258,82.708733
-3.537045,-23.153585,13.447769
42.667843,-3.968194,57.116547
21.350780,-41.880291,77.508255
-6.715342,-1.937391,62.952499
-11.190697,-16.521208,62.205540
6.415519,-39.941109,32.709084
2.889497,-38.504902,65.488464
30.579012,-32.502918,78.199776
38.604889,3.527750,81.457199
2.716819,8.180954,59.757866
-0.821868,-25.103426,86.077026
21.391447,-43.979053,54.910812
-17.212448,-31.079321,67.426239
-14.178659,28.663473,43.514183
-17.702755,-28.225159,49.710571
-6.393258,19.532087,77.016136
44.500072,-7.986491,70.546654
-13.845954,-38.721924,86.004318
-3.471812,-19.586138,71.687027
-21.022816,-8.080952,25.588236
35.896736,1.104733,39.657410
1.246694,18.034157,30.056784
16.971087,30.074148,86.427139
-8.808672,-1.735709,54.773411
-0.306101,14.412041,70.790703
0.026165,11.949426,77.466866
10.196470,-36.738506,32.251015
16.205976,-46.505646,49.369640
34.525146,-15.860586,36.871338
-20.254677,-27.845894,31.545488
-45.146965,-36.433712,77.501472
22.686735,21.908054,64.273743
17.096434,30.067616,77.429420
9.794267,19.591516,71.512886
-17.999016,1.971489,14.150013
-6.815887,13.512571,63.579247
-13.357760,-18.104767,83.263748
5.617644,-32.731728,85.403603
42.139244,9.477156,71.056679
14.445040,-33.383770,83.294746
14.126736,-30.968058,82.273010
21.894674,-40.409832,75.447472
12.318557,14.586426,36.693287
40.237892,-5.259462,58.172646
-50.743607,-11.349961,69.089165
-48.862450,-3.599807,66.953918
-14.692704,13.021217,24.280025
-12.942802,-35.380478,76.492523
23.899162,28.785646,78.932266
20.280388,-32.302368,28.933475
43.782684,-16.525848,69.202309
25.367123,26.301630,65.256439
-10.468694,9.014798,52.276817
-6.701716,-21.620255,13.422704
35.746117,18.134092,68.700211
37.964489,5.020038,72.974709
-9.895387,16.266733,18.642725
-10.565334,10.742693,69.540695
1.946566,-36.419014,30.686972
-16.426693,-32.179165,42.804375
19.346165,-47.561012,76.705429
-19.080011,-21.866974,77.641418
15.308596,20.175261,39.382320
-9.746123,7.618326,10.780293
-16.544214,-34.671692,42.552818
-30.178057,-27.521830,50.368481
41.334167,9.352722,66.433151
6.567142,-26.066092,86.164238
3.284742,-32.729679,86.063316
1.684050,10.525705,7.200916
1.885133,-25.436096,14.034971
25.847223,-32.181980,78.707886
30.537842,21.776346,60.988045
20.486763,-37.046288,72.927353
18.944891,11.738089,64.196938
3.721869,-35.526031,70.432220
24.563854,-2.935091,25.765125
4.297565,-34.307114,84.389786
3.794703,-37.465496,33.977715
-18.253420,6.848678,38.592621
11.060596,21.027960,68.205276
25.357855,-45.663921,72.181763
-44.816956,-33.682388,73.235611
-2.555330,8.667019,54.677841
-1.285924,7.296071,58.164024
38.603260,-22.288921,70.224968
33.902752,-29.060665,80.179901
-2.251365,21.716917,25.758316
-5.117161,9.322702,50.931683
33.920433,-26.359760,86.057434
41.414864,-23.448303,86.331726
-2.174343,6.574319,55.223022
-15.174281,-24.489811,22.036495
-4.902784,-9.147629,68.238167
-13.314383,-19.155472,75.834969
-4.930224,9.648139,61.066669
37.236736,-14.934476,80.803673
21.633060,18.592693,67.978836
-11.515641,-2.635505,6.972163
12.149538,17.245739,66.748367
41.267117,6.653158,55.485840
-19.735777,-19.909336,77.980637
31.699123,-10.135681,27.973116
-10.256357,16.083534,82.647217
34.213165,9.914574,44.813850
-39.410179,-42.185989,75.786987
31.047319,-16.947611,29.432632
-24.873314,-10.163625,74.029121
-3.340883,9.486974,75.939445
-21.132574,-18.238865,56.084248
22.614643,-43.702148,66.564308
9.295976,-10.900565,5.146225
-12.514602,-6.153310,8.931600
-14.435399,-0.358567,73.584503
-9.610314,-20.688046,73.263519
-0.884802,-12.496156,5.043138
-11.197845,-31.487135,26.527739
17.534248,8.905045,52.391563
27.194551,9.343066,39.000042
3.755250,17.562941,48.927464
-5.658331,10.688960,43.325230
30.777809,-37.350372,72.250725
28.489689,-5.696960,24.121416
-6.960620,-39.579979,84.297478
26.630783,-30.418615,32.208771
41.448933,-31.901117,63.448921
3.872509,17.752785,26.477669
33.202244,-28.485409,61.499168
9.922827,29.590462,80.740089
14.777764,-13.022326,9.308300
-9.270465,-34.481335,64.268845
-23.122890,-10.582769,82.915054
7.119377,12.962929,38.064301
36.398575,-27.794443,67.887756
-34.248875,-7.092762,37.047142
-14.106688,-29.887568,68.144501
2.337869,2.995186,64.614510
2.360238,-43.512695,57.818916
-8.225392,-19.669134,67.129021
-19.906248,-32.199856,41.638870
44.013817,-17.702078,52.348255
30.105364,-9.157377,33.847321
-1.289941,-19.745192,77.838463
-21.781380,-5.892672,82.916794
37.599602,-22.796171,86.437386
46.398624,-3.632215,65.469421
-1.966704,15.104169,29.130440
-10.686116,-34.335888,85.788429
-12.247929,-9.434780,67.709335
-12.948462,-13.431310,65.447624
-5.144006,-47.577152,72.928482
-16.728178,-10.411804,17.129890
2.423443,4.217354,66.473640
16.800236,-42.933193,47.105145
-17.167147,-14.577600,53.613464
-8.663435,17.343807,75.106468
40.698277,-0.159704,56.127586
-14.317233,-25.200600,80.826073
-12.428815,-42.964806,65.762550
38.919506,-22.572937,49.632282
-9.377983,5.458573,79.747406
-8.690548,-44.529514,80.352036
10.140965,-46.404339,76.159668
-19.070536,-2.028644,58.032413
-15.900431,-5.557600,51.328026
-21.154161,0.850275,25.833176
-14.688502,9.157132,49.349751
1.275896,18.431000,57.591457
-3.647539,3.599134,58.633247
24.047646,16.879293,40.683716
23.913424,17.323282,48.479691
-9.369700,-46.595482,74.344971
39.992748,5.851813,52.281498
3.806623,29.779114,86.080383
-20.656340,-27.249079,40.635864
-12.486400,-32.362396,71.830414
18.218237,-38.736092,45.599899
-6.135145,-42.658222,83.715355
-7.446373,9.159691,51.119404
4.796504,7.594423,55.554779
-8.311197,-2.668172,66.886703
-7.115749,-6.135281,8.078562
-5.468789,-0.222971,73.386398
8.847466,19.073402,24.310772
8.952183,14.186957,59.104992
32.210297,-28.783314,52.055260
8.254959,20.728216,73.868385
7.085314,22.265047,31.410576
-1.042308,-44.751373,50.827988
29.144646,11.797242,62.927048
8.574070,22.819191,69.128738
13.987568,23.779112,61.433529
13.991759,16.259026,66.683434
33.263237,10.383175,57.920361
17.730980,-39.690090,67.631088
-16.729256,-29.543901,29.035507
29.769257,-21.476158,28.417458
-12.843428,-41.239872,62.527771
-7.040125,-0.478384,67.782349
16.331528,21.717119,64.771149
-7.968538,-19.064598,78.096329
13.948454,18.252098,48.636543
33.712559,-35.206192,60.359062
-20.407293,13.210855,21.482821
0.421227,18.950006,82.718704
-18.974785,-27.478634,54.137150
40.854729,-11.236018,47.857651
-1.181526,19.451967,70.553673
-27.877804,1.445658,28.261730
-15.395557,-21.639858,61.173470
10.522516,-44.649837,62.578667
-15.004458,6.580559,55.333389
15.491453,19.778709,65.662468
-12.141737,-40.120922,86.069473
19.355001,7.357813,31.125612
40.177807,1.350710,63.804367
37.934986,15.035086,66.921722
-10.353971,-38.805336,59.901333
45.117268,-17.110918,55.373886
39.713333,-34.552898,69.749924
16.077715,29.469872,69.481194
45.441761,-22.978079,62.927700
33.401310,12.821903,65.579689
-3.865357,10.586254,54.042046
-1.185306,-38.413742,59.526466
-17.204098,-30.800304,32.178246
8.766248,31.477844,79.160973
-2.463260,19.064886,84.711990
33.751968,7.885872,57.744385
-6.933928,2.739028,75.462341
-5.512551,-4.808110,80.146469
35.302082,-15.077223,33.174126
-0.157137,11.001208,69.634613
-20.735275,-27.376598,51.029305
6.445728,-28.418858,17.440397
4.017042,-26.430822,14.856028
-5.767541,3.384136,59.821136
13.294928,-47.134819,71.206421
-24.509098,-15.770918,69.264481
-13.856508,-39.482887,61.444580
39.464897,7.523836,63.134277
3.609843,30.536449,79.071381
40.626747,-19.200863,55.476952
39.887096,-6.994242,67.981934
32.348343,0.359519,42.937851
33.368275,0.262547,44.928398
6.452516,5.639899,59.181786
24.213882,8.046225,42.604393
-6.358051,13.367996,46.038174
18.279419,-42.044285,79.160622
9.120779,-49.317192,67.777328
-0.991272,-44.805874,79.321083
28.693155,5.866258,38.779930
-12.172873,6.206403,54.628944
25.432207,13.377861,39.981415
-0.708598,-38.707722,68.801674
2.104608,-39.636795,32.838234
3.134445,-40.597878,34.558376
3.840710,15.726557,68.830750
-14.131717,-31.107624,70.118446
3.270776,-14.098115,9.508944
38.122768,-29.915102,49.557663
39.739628,-18.485493,83.237526
4.611468,-34.899025,86.553619
-24.853863,-28.946056,44.677765
8.230077,9.850216,44.628677
17.876585,-48.383625,73.465729
-7.538200,-32.770367,75.449997
37.234573,-3.035592,71.597588
10.986522,-42.334187,51.681915
33.714977,-34.337158,74.131210
-20.663586,-8.113916,46.847755
40.981915,-2.811719,69.863121
-6.134418,-22.540527,83.357071
-22.171503,-24.904423,30.424419
37.804249,2.763083,66.675011
-4.750309,9.097146,78.146416
31.241344,-20.217970,37.447094
17.940817,11.649973,50.460220
-10.963042,-2.210229,51.337399
-1.369363,25.223139,84.035156
36.621471,-17.512716,81.090332
4.208651,22.925140,39.530067
-3.948358,-44.487938,70.067299
40.195457,-6.950543,43.205585
-18.596876,0.904184,50.182838
-15.114642,-31.222982,50.089626
12.979736,24.984732,59.101658
33.109943,-38.986160,80.609375
27.871023,-35.539062,78.013222
37.198841,-5.166189,37.877251
19.067139,25.465580,57.384510
16.754318,-34.531475,38.050606
20.273800,-39.698124,53.785496
26.771524,-44.221195,56.813580
-4.456035,-5.643080,64.810287
39.142437,-12.263006,56.136265
25.740501,-36.307083,53.653915
21.475674,-39.529861,59.463993
-13.909943,0.364528,52.217907
4.367644,13.861909,72.442314
11.364586,27.665279,79.297691
27.113729,12.209270,62.203224
-11.008327,-31.005217,70.594208
35.230350,7.578663,54.654579
-23.413448,-7.407234,28.182026
43.636787,-7.737911,60.225197
11.051752,21.564976,43.509277
-27.904100,-49.332771,76.488289
3.011558,26.710009,61.526546
3.959695,18.811075,33.378929
-24.421108,-14.852352,75.716965
36.694370,-33.095097,60.895538
4.390974,-40.857090,47.913795
-14.724056,-17.168522,59.919785
41.259277,-4.605018,47.219818
-18.810095,-26.461435,30.505754
-19.647234,4.314373,17.466822
-0.934625,-41.332851,62.612076
-3.469502,18.475246,55.832848
10.526917,30.903780,73.477341
-4.834565,-1.150561,60.627846
-5.379733,10.593076,47.761158
-15.005890,-0.105735,10.221743
-16.814964,6.227844,83.921066
2.849708,30.363203,52.497540
5.423381,16.993084,22.166580
-18.361416,-20.825636,54.862598
-8.443584,-23.871996,72.645035
-2.379691,16.516884,56.018566
-19.399847,-23.838978,26.052818
-18.341183,0.850257,81.055603
-3.771823,0.524055,77.195946
-8.881314,14.974343,21.385386
-6.151753,18.333866,22.188082
35.002743,-10.602280,42.606110
10.542896,7.265018,59.816254
-10.038494,-37.678921,67.666977
38.510849,-26.089403,55.780861
-20.722536,-13.892530,80.859482
-8.980781,9.578487,11.548969
14.270581,28.306009,60.380383
37.174503,3.474567,47.489098
-1.093435,-43.384071,67.703102
-4.346635,-38.636616,43.736801
20.822016,-40.310398,38.926258
-11.569014,11.275178,33.742355
16.286526,-41.337494,62.931160
22.777220,13.139591,51.100761
2.778958,12.833026,73.875565
6.854321,-30.457106,85.429985
-14.240181,8.994925,72.592857
10.298710,-29.535204,82.272354
36.415512,2.862551,69.526909
24.598053,-32.939899,81.166565
28.816994,-34.961342,61.244858
-1.557270,-45.470116,84.550995
-9.924147,1.515607,5.606216
31.031630,-24.720448,35.869678
-2.228716,11.346335,81.223480
20.899370,-17.803488,22.901310
42.113743,-26.194771,64.551361
-1.576117,-27.888784,69.961227
-47.223869,-38.760059,83.565536
-13.327037,1.416123,62.249050
32.992298,3.987177,37.427017
13.763946,15.692657,44.758224
-15.559175,-38.978588,54.956627
-16.617336,-27.178841,25.932226
-2.155670,-32.327549,66.055305
-2.730570,-33.670902,64.447456
-51.093132,-5.977949,70.904243
34.272617,-40.357372,65.314629
4.707446,-37.129723,86.245148
-10.494337,29.062140,38.424259
41.292610,-21.273809,62.599735
5.975392,-41.560081,79.218094
-19.329559,-36.242016,60.655342
11.529694,12.669753,44.620987
-17.589802,-8.933701,57.158310
14.630784,-12.825097,13.861191
-9.521321,-36.149315,42.365913
-9.707526,-20.610319,62.913002
-15.978814,1.458497,52.353668
-23.159403,-7.706267,53.671623
24.164850,-36.576580,74.731453
-17.150888,-6.890109,60.277779
-13.224016,-7.511322,61.424633
0.564321,-41.157513,74.267433
42.384205,-18.095936,47.978088
15.213335,18.717178,70.326721
45.458748,-18.678160,78.571144
13.887258,18.566141,59.354702
-4.427103,15.653245,52.222256
-17.408024,7.105077,55.769619
-12.010146,-34.184025,31.727322
6.806809,-38.514229,39.233891
-3.672772,-40.784439,65.865089
39.899582,5.877192,84.182518
-16.365088,-20.218790,59.362953
-7.480390,-23.567812,75.936607
17.519869,17.414101,42.562542
27.802114,-37.660957,46.054825
-13.821865,13.560509,38.126694
-0.446669,-41.925346,86.159752
-24.412683,-15.972720,72.659370
34.202278,-31.383379,54.614861
-1.058733,15.985426,25.970018
-17.125067,-17.146040,62.227165
5.442584,20.902452,54.923531
24.471279,-40.750214,74.968102
-16.056253,-9.048226,19.017431
-52.692387,-8.138749,73.418663
3.617486,-3.993700,2.185266
17.531563,16.406057,30.307360
-6.417370,22.053162,26.154804
-4.397517,-30.266548,77.195160
18.960127,26.896114,74.439034
-12.427294,-30.539597,55.146183
-19.433920,4.842203,43.385643
40.295746,7.674062,75.410858
38.915272,-16.247204,76.035316
21.715639,23.869316,61.144188
-22.220871,-4.566206,58.477474
-14.589468,-13.145160,14.454882
0.337623,-37.644032,38.477173
28.007254,12.601932,43.074509
34.746956,-35.126015,79.601547
-23.289513,-18.641171,71.041275
-18.497749,-28.619677,30.033726
11.986379,9.040754,50.194973
-34.132671,-12.046770,38.611710
-8.817066,-24.062464,70.357368
-15.279834,-1.502330,62.437874
-12.245557,-29.467876,83.449432
-7.138227,-15.569511,76.376427
31.807922,-0.431418,30.872698
0.535059,22.881708,64.788704
43.486355,-16.295586,48.608154
8.483000,16.883646,26.722031
9.656167,-36.413803,27.712477
17.033978,-36.572582,81.461533
-2.021931,-29.769011,18.612846
5.599752,-37.612488,77.470764
-0.383776,22.638773,24.135155
19.619081,-21.277966,23.797083
3.704000,-17.320547,7.228936
-11.999250,-28.902506,86.015511
-11.324399,-35.522381,84.126472
-10.703647,-23.075556,16.558638
-28.900764,28.113392,52.296848
-31.140726,28.302418,56.076180
43.260681,-3.032181,81.399902
-14.762003,0.486702,47.268494
-17.315752,-14.439712,73.260513
14.711184,29.912222,74.537796
1.263860,-45.394951,84.620201
-19.840405,2.679543,28.827505
-20.514004,4.594252,27.555067
25.885483,-42.538849,74.960243
-10.460279,-41.475800,72.169258
32.145264,9.323511,42.697990
-11.897793,5.232449,64.922729
29.716755,13.416816,64.159683
-11.869409,-6.703001,81.216797
29.505331,18.741074,68.857285
8.531000,16.137033,57.438450
12.484727,11.580667,46.974106
-11.033565,0.222506,8.851084
-16.981558,-15.919360,58.517380
-19.499332,-18.623268,72.521698
34.280399,2.413681,63.959812
29.673960,24.961164,75.073936
0.952377,-31.770718,80.507263
8.636359,18.580851,56.849823
-10.666170,-38.747822,56.219582
-1.758167,-0.573991,2.233209
10.671819,9.543922,47.181782
3.612540,-46.376293,78.373566
42.818748,-18.646631,71.123894
39.498184,-14.521350,46.684776
-21.077070,-22.190617,64.941910
-1.971915,13.456350,63.963898
0.038105,21.583647,86.222473
30.492685,-30.899313,72.939186
-5.274853,11.281120,66.931572
-6.027944,-11.341163,67.841331
-4.274686,-22.941065,86.287140
-11.696913,-11.647137,13.045319
8.488816,-41.859406,82.735481
36.573689,9.491644,67.115280
3.659515,-8.818757,5.867107
27.941126,-7.991279,22.562817
-1.907992,-43.178833,82.402222
-17.151913,26.022234,36.654327
33.058872,-38.621834,54.008289
0.973617,3.997488,52.186779
-6.138455,-12.907881,7.038310
-4.902418,-10.829162,5.675947
10.250789,26.600063,68.670357
31.448641,-38.060867,48.995060
8.083969,21.735838,53.956573
-17.216152,-17.836266,69.081886
-2.906098,17.900690,78.299629
-3.874459,8.256463,72.607315
36.963936,-27.683981,51.793877
20.609180,-39.343182,66.584869
-39.301079,-13.921776,52.037209
13.337510,26.830858,78.043144
20.943535,-34.807312,81.793930
-16.020126,5.804287,61.648857
37.145531,-27.708298,58.637894
-11.835668,10.024797,42.238960
-35.378708,26.118191,58.464958
-5.570457,-18.762123,11.000281
-12.468626,-13.225279,79.968918
-3.360140,20.761215,68.615105
4.129771,19.118980,76.693703
-9.644492,-22.574448,79.737007
34.153549,21.170946,81.280327
39.880520,6.834373,73.159798
17.382183,-29.951334,32.284683
-20.662066,-12.370633,55.272526
-14.767461,-7.273385,75.082573
25.652292,-42.862228,62.743874
-23.800842,-11.583130,59.748764
11.639915,17.595057,50.111382
-2.621162,-36.024742,67.813385
-29.950691,-22.723066,42.571121
35.769325,8.484325,74.753380
-18.102768,-7.705186,53.896935
39.786152,-2.421441,78.438004
27.354107,10.108310,63.661339
44.690842,-23.280550,78.248016
31.939333,-9.927359,35.703938
-11.875947,-4.598722,77.599670
22.608519,11.522577,27.867182
22.695417,12.783214,29.800455
27.526381,14.074784,53.927460
7.673432,-44.375156,42.321377
1.693204,-32.568981,28.325769
1.297012,-48.588509,67.210983
27.012548,7.010678,56.682125
24.964024,-29.250950,29.686008
2.182194,-37.805904,83.302116
-12.345284,-2.131452,63.974648
37.577698,-7.045111,71.808708
-1.531397,-40.053673,71.069923
7.589615,-48.435398,58.239639
13.960617,28.581299,62.705971
29.378839,-42.237141,78.761993
-11.415028,-10.313234,74.711716
17.443077,20.084612,40.348324
-14.578968,-17.278072,64.421753
36.750786,-15.714442,46.881424
-22.057684,26.093222,41.445446
4.194899,-37.650867,39.887497
-1.913010,18.200485,23.703434
-15.533809,-0.152396,64.579666
1.864719,13.787861,68.623459
15.248411,-41.413971,49.126095
40.836479,-15.226038,77.372955
0.992335,-16.030609,9.748549
22.925667,17.428833,54.252834
-14.000521,-1.148666,65.894638
-9.310128,-4.989810,78.232185
0.205240,-24.096405,76.230972
-10.824220,9.143326,50.001907
8.140851,-36.190460,36.572945
-4.874869,6.565219,78.286041
-1.522676,6.086675,76.940872
6.889233,5.450549,5.815046
-2.108056,5.223741,3.148901
46.933430,-19.697308,70.838158
-7.844293,-32.235340,59.405640
-20.491652,-5.802094,50.599068
-9.229758,-27.098648,62.187065
-16.461500,-7.636395,14.004115
41.432426,5.294082,71.177284
39.828579,-15.470673,69.782776
7.504559,10.632242,60.477142
1.416602,-22.458092,83.867477
-18.907038,-15.948954,66.368561
-6.277294,-24.989513,66.168022
20.525328,15.821043,51.345669
-16.512861,-8.991389,59.304672
-14.809865,-1.660081,52.551498
-8.374794,7.778124,47.366005
-15.400073,-21.663078,24.442636
41.524841,-31.462379,66.890884
-19.225597,-9.274709,49.569096
-9.453169,8.281566,77.598869
14.302138,-46.920509,66.865425
-21.669542,6.661545,20.932856
38.654182,10.628026,72.234840
-7.214455,19.256672,18.371183
3.195150,12.593003,59.285210
19.102081,9.980594,44.817623
-8.861517,-24.474796,63.052818
-11.316755,0.466310,48.884544
20.009077,-12.528600,13.784076
-11.346246,-42.420498,60.594353
-2.168055,19.542891,30.224199
-12.798202,-23.918724,59.041859
-9.557774,10.132853,45.540031
9.701059,-34.199165,30.026337
-27.825764,-14.107940,37.983814
12.096903,21.709810,61.549648
-18.795412,-12.600860,58.124443
-19.883425,-15.903960,57.478466
32.714062,-27.810085,70.320770
29.759321,5.574654,57.147449
-12.112810,1.569943,83.331482
30.535645,-31.493504,59.397968
17.775103,20.493736,50.157722
42.329567,-9.441265,72.841423
-3.818176,4.317220,56.569107
29.228489,-40.732571,65.990715
6.552684,13.458717,21.462830
-17.638540,-20.752028,63.149990
-8.326106,-18.352728,65.006798
0.001846,19.410217,33.199059
-23.779306,-8.610737,37.533081
14.567461,27.421764,79.900017
32.252235,-7.288463,31.191803
-42.497410,-41.038685,78.849548
-12.400471,-28.413494,76.299957
-7.526429,-16.060078,65.701340
8.465455,-46.123634,46.587570
-14.319043,13.707529,45.916790
-21.204706,-18.340065,52.937134
-8.824019,8.832740,58.906612
5.115234,-18.699991,8.303309
-1.168914,1.560229,54.624439
-13.973006,-0.618509,75.690018
28.024551,-28.039082,84.012436
-1.427912,-37.810913,40.005539
-8.763470,-14.363304,66.770035
7.559347,-40.575020,80.783470
20.352383,-1.268015,17.522863
6.571326,13.983692,32.735920
-15.336227,-29.163622,51.212200
21.435894,-35.782928,43.687630
38.093227,12.381350,67.574905
21.850931,-40.990322,67.922119
-19.788439,10.131330,24.650934
37.925613,-25.091379,65.855301
-5.322996,1.938615,57.703304
-19.143383,-27.172466,57.814445
34.083763,-39.679932,72.159454
42.975548,-5.767451,50.360188
-22.983658,-15.148827,55.449059
-13.903185,1.778736,79.386055
46.924770,-2.342722,73.425682
-1.843550,-47.988888,70.906738
32.568024,16.582108,65.683273
14.691866,14.108903,48.122425
40.886684,-2.505872,74.978722
-12.260994,-33.496887,81.373383
-7.175662,-0.973956,60.849781
8.178926,-6.188347,3.537324
-1.556452,17.444824,33.679741
46.926590,-19.002672,74.158707
43.815174,-19.384405,74.118225
-12.407132,-14.887934,58.256790
36.862732,-27.900263,74.718277
27.587996,26.921410,75.200340
44.893845,-11.045490,77.983238
1.602024,-39.788742,78.310059
-27.646362,-14.719522,40.929203
-2.002646,-22.157011,80.145958
-5.188625,-20.615677,77.908112
16.566586,8.830610,57.647587
1.171412,-44.521549,73.592674
-3.393361,-42.280140,79.994202
-20.173405,-21.696287,61.401550
33.994038,15.637620,67.682045
14.420119,24.722845,67.098175
-4.621827,-28.489103,78.513168
-18.617865,-27.726223,67.877899
-1.278406,-38.023212,80.726761
23.646921,-39.538662,68.496483
23.643469,-17.759726,25.574188
-11.661291,14.423374,56.586929
-4.143543,-6.560869,69.559486
-12.878178,4.149720,8.066453
-19.522589,-5.972236,71.303558
-10.620679,-33.964127,78.385818
43.274776,-24.742807,67.120033
43.609661,-20.075672,51.949631
17.903278,15.241844,58.413578
38.122986,-7.558100,43.648659
39.806698,-29.610483,53.371464
-9.061477,-9.544549,58.586868
37.304108,-11.990807,75.905731
35.559078,-29.833523,66.772652
39.382278,-29.573915,66.088852
36.448002,-18.903698,75.641830
-20.270941,8.448282,45.371483
-6.235334,1.365574,55.027828
-9.781807,-10.811809,77.541245
22.731644,-15.276507,22.164993
-3.335567,-40.293007,57.584187
-18.156219,-3.577574,15.803475
5.668906,-28.216017,79.297493
4.824274,10.450530,70.175224
-4.271204,-3.856226,58.425446
-11.107394,-7.420218,12.977427
-14.434189,-24.537630,65.442444
-11.038685,-32.852509,67.599045
4.441213,14.336968,45.496300
25.161964,15.100696,68.636200
27.182774,-32.103874,86.493820
26.582809,-32.803974,83.163383
46.759872,-2.726779,70.916847
1.064455,31.032045,83.497177
7.905756,21.406454,46.203270
43.988262,-22.696396,56.043964
41.961319,-24.035175,59.277958
3.180861,17.552198,72.962334
4.838123,17.640739,58.029308
2.425418,17.399796,59.248180
46.509232,0.455010,75.599602
-25.726257,-6.310126,30.519882
39.418526,10.127833,55.267982
23.076153,24.942669,73.484917
-5.860933,-26.036716,69.743279
-16.883602,-3.001023,61.983231
30.367105,19.767645,73.836647
44.943966,-15.200980,76.511154
15.360221,16.167955,37.467693
-9.191877,-42.369007,81.433258
40.668194,-4.153224,76.855209
-15.662211,-36.387878,64.286446
-13.714505,-36.481331,68.514793
32.703419,16.320211,50.829353
-12.957092,3.952798,79.892258
-16.906229,-31.284288,57.217102
24.925386,23.353479,66.064934
7.733608,6.678762,63.548706
14.223911,-42.535286,70.641739
12.970111,-41.756470,49.395679
20.639347,19.723543,60.036163
18.020542,-42.675232,66.008980
29.987978,11.462180,56.394295
38.255054,6.929276,48.453659
23.302601,12.899370,63.781425
-1.355170,9.066315,59.544239
41.954514,-6.545238,68.711258
7.608471,-29.772175,78.874664
11.744305,13.185905,64.964539
24.925642,-35.961491,78.109123
1.179773,32.154789,78.995529
-1.381142,12.889844,73.663361
14.584886,-32.208481,25.092247
17.741816,-29.612381,26.383732
11.145246,19.460846,61.756901
5.352956,-40.645229,81.159203
-12.604541,-24.067774,71.088516
-9.493918,-10.798157,63.450691
0.728393,-39.966347,82.509010
-11.810302,-35.825542,57.270782
9.385143,23.236107,63.625679
39.555130,-28.311878,59.125271
5.793606,-45.932274,80.711960
1.536744,14.876957,26.805838
4.242339,20.380365,29.711823
-15.843978,-11.613396,75.897949
9.256549,9.596437,58.597103
40.109436,-4.187627,83.165863
-0.305281,23.617531,67.981949
32.848267,1.565156,39.604832
-7.707876,-42.903294,77.869347
-21.902609,-32.501778,53.233711
4.091150,-18.429403,12.157683
15.408336,18.507799,67.974121
28.861588,-32.506397,71.345963
-9.254601,-29.552454,74.315140
-13.831330,-21.883118,65.620682
-3.785033,-33.359974,31.674992
-7.225138,10.612104,77.383667
-27.070227,-9.810048,36.399822
24.403975,24.793112,59.305035
-8.651350,-0.555105,75.315544
-23.366499,-10.005447,33.969761
23.994919,-25.876299,25.494450
-12.892013,-13.613137,69.668320
-8.524069,2.843216,63.097244
37.154625,-15.365886,78.044151
36.601776,-21.186710,37.614609
44.723167,-10.850506,73.715164
-0.678638,-31.141525,72.987526
4.522659,-34.227703,76.515282
5.626806,-40.446049,64.909561
-15.046376,-27.027514,59.728771
-10.156240,-14.149013,70.245491
-6.711776,-24.711977,78.795227
-4.813585,-24.193712,81.198647
40.638317,-6.139007,60.864559
-28.478395,-22.198071,37.543045
19.099449,15.234404,55.113029
26.486439,22.648796,80.968979
-0.282053,6.165480,63.569122
-16.256807,-11.457644,63.350788
11.253860,12.601100,32.847210
14.077707,15.087516,58.185001
-11.734187,-9.951059,71.783455
-12.944155,-33.701183,63.411606
22.573063,1.541818,26.230335
6.345953,20.758896,63.739399
34.123840,5.823862,71.929474
2.991162,10.830278,46.496902
3.570091,-47.537994,68.081123
-17.447002,-8.227467,65.485886
-8.226213,-3.463843,64.552505
-6.817078,-35.265049,69.551514
44.306721,6.385860,73.983795
-0.084569,9.956036,62.630749
46.211063,-8.215127,57.509834
23.456974,-4.424522,17.215607
28.592869,15.778486,49.397781
-18.635359,1.548475,42.150604
13.834517,-38.617142,85.558334
-15.587411,12.755082,47.691261
-20.999447,-0.172363,31.220903
-17.907713,-2.532934,54.001621
-13.147784,10.873046,21.638193
9.884257,17.905603,22.564814
-16.980791,-4.625752,57.546597
-15.877946,-2.801280,55.167236
-16.853090,-7.699784,50.744202
-8.831710,14.163732,42.376614
43.872410,-15.372044,60.720413
44.928993,-14.280139,62.912212
39.672695,-0.260056,49.739983
11.211607,12.703505,50.760452
-19.236761,-29.110538,62.607719
-15.715879,-7.255154,81.952553
6.448671,28.118469,83.783203
45.405399,-7.238126,74.154251
30.155596,-31.725138,37.247993
20.514963,20.700109,53.607021
31.420111,-35.747868,83.113220
25.642624,20.343992,49.725250
24.863487,13.666331,35.547585
-16.566246,-12.462606,60.349503
28.098736,15.859812,73.131012
4.850953,-32.139236,80.637665
1.832572,-18.845030,11.880255
-2.263204,16.758081,46.296280
12.819276,-46.740868,52.724957
-3.916433,5.838164,48.840752
-8.383461,15.487924,32.270203
4.956012,18.511927,28.284952
-17.865252,-16.484978,79.673012
-10.544571,2.233716,61.090988
-11.710815,0.876593,64.412163
-15.020247,-15.434448,82.832504
-3.323904,-45.557415,59.337074
11.710769,7.900282,62.005920
25.385542,-19.073147,28.680180
29.011417,12.809054,46.539558
14.090351,-42.671375,60.601997
6.461326,13.673148,35.333115
1.418258,-42.222923,38.449234
27.542747,-38.689308,76.622337
33.694477,6.445245,46.473885
-50.711582,-26.807610,77.595703
25.989380,18.260405,58.398933
26.575035,14.533718,60.017738
2.757951,5.548264,61.779739
-11.726572,-16.114544,73.731041
-5.918898,11.712635,58.094410
-9.280533,-6.735968,82.080734
-13.107761,-46.203064,84.823349
24.337767,-42.232109,46.180843
45.343922,-5.070665,77.256180
14.508780,-8.971401,9.068254
7.856297,18.258850,69.676552
-36.630383,-3.255039,42.634052
19.108265,25.611591,68.951385
1.089306,25.534885,69.400826
11.925066,-49.647076,70.292442
3.327668,13.382349,48.865822
3.708110,11.827225,51.271206
20.681576,-39.251324,72.514992
4.812190,29.731838,73.770706
-17.523924,5.203951,23.243818
24.609035,1.917066,25.216026
27.044142,-3.895755,30.387691
-4.380612,-42.692211,76.717743
16.120222,-46.094666,81.733093
-3.899402,5.638646,61.567543
-3.401593,8.788398,43.445290
1.022079,-33.625042,78.749573
-7.423461,14.179864,68.526443
39.141991,-32.631256,56.885395
-6.938165,8.022196,57.190590
-6.893161,7.096474,59.311085
-44.918938,3.848938,61.409554
-14.871140,12.367929,29.074276
21.431185,-38.525558,68.741844
26.965223,-34.836014,62.233845
19.548098,21.344984,55.568520
-14.266194,-1.765114,59.317875
19.846376,23.089149,51.744083
21.519403,21.662411,48.971970
-9.039242,-20.736458,86.162758
27.405109,-39.066376,72.193512
-18.312979,-15.309417,76.223633
-2.896042,9.327986,81.599075
-9.046960,13.561686,75.160133
-29.907024,-17.272108,42.433273
6.473460,-45.767933,84.857864
7.621704,-40.047409,76.202591
27.571615,5.786909,29.274824
-14.623673,-48.251053,75.830177
4.212396,17.069260,65.797577
40.338680,2.566966,66.666588
-12.595345,-29.603676,24.527290
24.023201,18.678047,61.511826
22.683512,16.699734,62.024845
23.934608,-37.724926,60.821144
-9.204369,2.863346,70.753716
-3.208114,-42.238991,67.504784
-12.971210,5.987742,13.241848
-9.760577,-15.787519,75.473846
5.255288,8.389760,46.329369
23.941847,20.226467,55.537445
-45.930103,-12.478360,61.557571
-10.995549,-1.503278,77.136742
28.146723,22.205591,56.618214
6.942118,22.845207,50.630486
-24.492640,-26.817820,52.452240
21.867048,-38.460331,63.865280
0.550314,-46.050236,54.230267
27.487289,-37.631439,53.824341
2.022403,24.283136,29.232918
22.634502,-38.292236,66.804893
-17.277487,-3.376342,64.178650
3.430485,-28.217323,86.113220
2.407365,-30.691732,86.363289
11.313396,26.209661,50.856697
35.073303,-30.372047,49.748577
-14.215684,-4.798305,53.971294
-24.280827,-3.642854,43.281342
-23.776140,-2.269288,47.349823
-13.811729,14.166117,19.608953
8.336872,-42.686810,68.888092
-2.324494,-35.416317,70.738937
1.351134,16.777132,38.810257
33.871254,20.017273,65.062668
42.491482,2.669111,83.063576
44.151424,-13.024632,49.750362
-9.306297,-9.580405,73.499596
1.695053,2.737953,57.995724
14.844681,18.283195,61.350121
-6.334243,-4.484665,82.273270
46.328449,-8.585398,83.878441
33.741367,18.307636,83.398781
-7.635713,13.268571,50.242142
-53.680569,4.437966,84.055893
34.561405,-22.257637,83.604187
31.403288,-32.818806,80.197632
3.351903,10.185634,60.628220
0.537665,15.736515,72.391014
20.834187,20.580265,63.934700
14.287189,13.953524,38.046314
18.420557,-33.104996,27.998693
-18.016235,-30.645098,41.938782
-18.499186,-33.556164,43.002388
-17.062536,5.229786,39.718914
-0.695831,9.623325,55.428177
-4.130030,7.636393,52.581551
-8.470568,15.248510,83.790047
31.298109,-19.014475,29.125290
22.133301,-42.232937,64.820389
16.203234,9.630371,54.222904
6.947895,11.635226,39.927341
6.766088,14.938997,38.901180
40.163921,-20.909519,50.806393
-1.404903,3.308002,58.216244
-18.408422,-26.020224,55.783829
-28.959927,2.775216,29.754345
18.003733,8.575209,32.231983
43.364487,-22.058784,63.541092
-4.176821,11.202371,51.853401
-5.009245,1.685800,75.314262
42.464100,-18.211145,55.134426
-23.282721,-24.672844,32.258343
17.925665,-33.110687,36.702377
6.164320,15.024244,72.311829
0.439048,-42.548824,61.369095
-14.909422,4.950924,83.773346
4.194864,18.921028,22.505293
-3.530170,15.735780,54.363647
-9.407932,-36.757534,69.508522
35.776463,0.623716,69.306862
38.348766,3.762188,70.400360
40.387726,-24.654839,65.347847
-15.391699,2.122759,63.421879
-11.285686,-6.809696,62.440716
14.800927,20.011713,72.174835
-4.112333,-30.920206,75.163170
16.262419,-31.514681,33.512772
-22.645914,-19.626244,69.118401
14.331645,9.253972,49.728706
-7.120190,-17.788691,76.065796
2.293842,21.220373,65.534897
1.509389,21.855732,23.259243
-31.956409,29.249794,57.988503
7.678924,17.944481,59.002148
21.172396,-35.973549,80.030884
-16.884914,-7.406065,75.366486
32.299534,-10.306023,33.608814
23.068037,-29.166527,28.096268
1.014972,-36.246086,84.389450
-11.977999,-8.740394,76.265305
9.529675,-31.904211,29.806002
-8.905026,-17.255152,66.941994
-6.172521,-15.118320,67.373611
-4.729268,-0.045784,56.632874
47.684280,-4.037142,74.511482
-4.059577,-5.706221,71.453003
16.580072,17.103605,58.450699
39.368595,-28.292429,67.889313
4.133477,-26.871302,78.682671
7.313011,-28.103767,80.804070
44.689629,-3.292579,71.834892
47.356476,-4.972720,71.397186
4.682670,16.009501,59.686981
15.385840,16.224905,35.125702
14.505581,17.262659,39.065895
39.724228,-6.154374,77.050392
-13.942286,-23.094267,69.560638
-13.275785,-27.907242,60.655350
-8.362134,-35.529228,71.093819
8.651856,17.314873,20.734901
-7.686566,13.794322,44.134712
-15.096407,-4.936588,82.275536
35.067081,6.824725,48.215240
27.954935,18.414112,57.392830
43.696316,-6.185665,78.228729
21.908186,-38.766457,74.145195
-7.193778,-21.950424,86.336609
-29.483631,-19.094961,43.704601
-1.814588,-41.777050,69.412933
-14.030785,-6.445918,52.359230
-6.326810,7.666378,52.309814
3.532118,20.917387,23.245279
-31.986586,30.207981,59.929985
-2.087070,-40.155037,68.052460
-33.852215,29.612991,61.056423
