-5.456910,14.828344,24.080009
-5.807552,13.659158,22.233707
-4.166955,15.421620,22.428648
-10.668845,-44.164417,54.071053
-10.904814,-44.979397,55.873989
-12.672086,-44.293808,54.774982
-8.966521,17.379610,9.286722
-8.330959,15.521255,7.911782
-10.800636,15.447561,9.022436
-48.313988,-12.976853,50.490429
-49.024376,-14.460385,52.398674
-49.731125,-11.822957,52.007095
-9.503696,8.187564,22.196239
-8.025790,10.135734,21.107656
-8.906902,10.017336,23.781521
50.844681,3.824673,63.120449
50.536896,2.885315,61.141426
50.489754,4.699770,61.496990
-13.122849,-16.840715,10.627785
-13.682919,-14.154782,8.954730
-11.301467,-16.057568,8.828962
8.535887,29.650255,30.320490
8.644433,30.379166,32.686836
10.422550,29.533167,31.487141
8.263953,-47.209248,68.288689
6.438482,-47.300098,66.808426
8.643068,-46.396503,66.138069
27.445139,-20.063639,27.116119
29.315451,-18.832876,28.185589
27.826561,-21.271690,29.064297
-54.591896,10.091424,53.231480
-54.078835,8.144714,52.242546
-54.954773,8.769777,54.822899
-37.416161,-10.669029,34.320282
-38.728119,-10.404808,36.087116
-38.795765,-8.472422,35.056129
-19.687115,36.395206,34.768593
-16.694153,36.250427,35.087040
-17.740116,35.832439,32.912659
13.741305,-28.946791,75.815254
14.838518,-27.099060,75.815254
12.648717,-26.736984,75.815247
15.264733,23.797022,20.692236
15.075654,24.686058,22.459517
17.111139,23.376385,22.417927
-36.300175,14.555152,24.393318
-37.140911,16.386124,25.387365
-35.743759,16.720545,23.827238
-12.122665,-3.863444,54.056679
-10.807789,-1.465460,55.511635
-11.086360,-3.706427,56.247936
3.782835,-31.499073,25.833887
6.208944,-32.070000,27.127565
3.778712,-32.938599,28.175283
33.264175,-28.369217,46.079681
33.012135,-27.725460,44.263123
34.683750,-26.731920,45.720512
-1.907805,17.818714,46.743935
-2.081223,17.235317,48.801899
-3.424204,16.155262,47.419392
-48.248650,-26.575178,63.145981
-48.832466,-24.742716,61.981678
-47.662388,-26.451414,61.032707
-13.377716,-0.788750,5.159087
-14.043163,0.817414,5.753430
-12.366138,0.751047,4.553103
5.028683,-11.026505,4.114561
2.592997,-11.554505,3.995682
4.032991,-9.542847,3.102151
-29.735365,30.315008,25.442274
-29.911804,28.871660,23.664179
-31.615088,28.606451,25.300680
30.393877,18.847395,63.995663
30.696516,18.792347,66.666634
29.025694,20.068827,65.416847
-36.198204,-30.021807,48.512035
-38.131878,-30.166683,50.812412
-38.334599,-28.179512,48.848965
48.455528,-2.951704,54.148582
48.113697,-4.987921,54.041607
47.497276,-4.433717,51.669079
-14.212944,-43.383163,53.393974
-14.334612,-42.345970,51.600021
-12.582831,-42.779167,51.845051
-50.521420,18.347370,43.071098
-50.897724,21.126101,43.658184
-49.632744,19.977255,41.562771
-31.868824,39.557869,44.217548
-33.668320,38.618927,42.778450
-34.081970,39.525379,44.727184
-13.340429,3.164087,40.516506
-12.707974,5.003553,39.197300
-12.514345,4.937793,40.923946
-11.347983,41.737583,54.587276
-13.374973,42.165558,54.687019
-12.340077,42.570175,56.634624
25.052620,-11.425045,16.841402
25.482693,-13.163886,18.311773
23.737644,-13.583215,16.565184
-39.460171,4.921659,29.871807
-38.418308,5.580216,28.329403
-37.806751,3.224961,28.273952
44.166500,4.569205,45.476440
43.495449,3.481304,43.407951
42.946217,6.081014,44.093666
26.470474,-29.709656,75.815269
24.739670,-28.174871,75.815269
24.230074,-30.158398,75.815262
-5.193883,40.654037,56.197632
-6.901782,40.912720,55.544235
-6.307006,41.560974,57.775528
0.905027,-50.450310,75.815117
3.249714,-49.514313,75.815674
1.497087,-47.910374,75.809151
18.864313,23.833321,68.351692
18.757532,23.821062,65.698051
21.427931,23.575848,66.972099
-4.063543,-12.299180,13.940298
-6.251392,-11.434181,14.487587
-5.126413,-13.560329,15.573604
-21.911060,-36.279129,45.623158
-19.468739,-36.907490,45.301392
-20.915289,-37.717049,47.227516
8.930795,3.533388,2.033992
6.823535,2.824236,1.185366
7.545983,5.045990,1.861395
11.173134,30.030941,33.696888
-13.586736,-51.741966,70.227409
-13.309435,-50.646835,67.919220
-11.373321,-51.318443,69.069542
-11.893368,21.907898,48.696419
-13.073031,20.424122,46.888023
-12.895527,20.433174,50.382687
-38.397602,36.730553,41.437260
-36.267471,37.687618,41.947998
-36.572536,36.396610,40.011852
43.653957,-19.298420,75.815315
41.433266,-17.605598,75.815315
41.085350,-19.916065,75.815300
37.154419,10.572545,71.416748
38.055656,9.024861,70.334038
38.028843,8.597125,72.941429
-55.013874,6.246741,55.776718
-55.346607,6.222818,57.577507
-55.387814,8.044038,57.155464
44.370136,-9.095874,44.746166
43.790020,-10.925113,44.538170
43.521488,-9.574558,42.806168
10.424777,36.969719,59.314651
10.919182,38.024193,61.390755
12.291758,37.035793,60.455475
-18.216106,33.891338,24.070192
-18.005531,34.484211,26.195658
-16.021729,34.162029,25.262703
-53.882244,-6.297337,58.580250
-54.025806,-7.185404,60.927921
-54.461506,-4.586487,60.410706
-26.213642,-47.208855,67.532974
-28.727976,-46.745884,69.232292
-28.269524,-45.773426,66.406013
-31.551702,26.973194,23.492258
-33.381550,26.724396,25.382755
9.181206,-30.435719,65.825104
7.016623,-29.450354,66.609642
9.325901,-29.389717,67.728462
10.546033,32.343094,41.605515
10.941487,31.677645,38.919029
8.737530,32.600365,39.926434
-55.405197,13.665984,56.018642
-55.567345,15.778311,57.622860
-55.300087,15.614486,55.345245
-34.815815,-39.644241,60.776306
-34.757172,-38.418774,58.465927
-32.939793,-39.901703,59.066082
-9.645874,45.152546,67.343765
-12.249192,45.375774,66.945999
-11.684148,45.705940,69.026825
-19.166595,-34.376781,40.703144
-20.737852,-33.377518,39.911877
-18.677835,-33.169502,37.981525
-36.335316,-26.585367,44.851467
-36.601768,-28.078270,46.737309
-37.727074,-26.021080,45.926605
-18.420679,6.404827,9.881586
-17.300337,4.478501,8.741935
-18.971508,3.485950,9.789834
-14.193039,-1.928579,29.324274
-14.532228,-2.205274,31.144184
-14.669502,-3.747302,30.132814
-6.462602,-6.338410,11.543586
-4.687346,-7.040609,10.611951
-5.667937,-4.739939,10.160465
-3.976829,15.534250,6.171076
-4.821460,17.136980,7.566131
-2.778633,17.903385,7.572642
37.479580,26.914942,68.836205
35.215542,28.556669,68.616623
36.266918,27.804512,70.598404
3.787174,26.333130,15.361594
2.649988,25.211550,13.535925
1.621584,26.587629,15.084941
1.073609,17.822842,57.507584
1.202733,17.022404,59.604115
-0.303505,16.018597,58.115555
7.212018,-6.027975,2.370672
8.534537,-4.759364,2.457756
9.299980,-6.534056,3.383633
-38.776634,-40.702209,73.722839
-39.363876,-39.947357,75.815170
-40.691353,-38.737114,73.462334
13.561717,-14.912846,9.592205
12.755714,-16.955219,10.661175
11.332831,-15.728094,9.140366
-1.768086,38.853718,54.481148
-2.127236,38.339157,52.535252
-3.635591,39.188473,53.533405
-53.065567,-3.364020,53.972340
-53.485435,-5.218223,56.051685
-53.916073,-2.791508,55.919937
44.592571,0.939403,44.450790
43.604843,0.852663,42.127472
-23.670910,-17.151178,23.579359
-25.171724,-15.296666,23.659201
-23.841244,-14.679222,21.903400
5.902683,-23.335423,29.094191
3.285130,-23.741125,28.618629
3.981774,-24.926630,30.627172
-21.126463,28.757784,17.333300
-20.605259,30.760136,18.869972
-18.989763,29.650515,17.399446
39.824463,2.780988,73.515312
40.005730,0.731396,74.426132
39.543072,2.096998,75.815338
0.171191,-37.119011,35.854805
0.337732,-36.298473,34.213943
2.110585,-37.125675,35.656162
-26.563391,4.418622,16.342968
-25.128876,2.775662,15.250199
-26.245466,1.476588,16.665205
-54.920116,22.623386,63.625950
-55.221691,21.476440,61.396179
-55.106709,20.617018,63.771297
17.713089,-31.321415,32.079502
18.053364,-32.347752,33.936665
15.783675,-32.544739,32.427952
44.014736,15.790839,53.944397
43.670437,17.610003,55.902508
45.339729,15.592096,56.230377
42.353317,16.122009,51.689106
44.173645,13.966533,52.165752
21.504021,-42.252380,70.097282
24.036436,-41.049652,70.315269
22.582111,-41.864487,72.107239
38.863796,-10.516743,67.549881
38.924908,-9.322395,65.255051
38.124363,-11.760221,66.138580
11.443318,-31.630909,47.092247
13.748277,-30.823107,47.632160
12.955315,-30.681946,46.260429
13.411262,-43.888229,61.601204
15.843737,-43.159832,61.810207
14.549272,-43.955780,63.707668
23.155848,-12.024968,15.036214
24.261385,-9.754442,15.265497
-14.581986,40.325130,48.550468
-16.202404,40.175423,47.435535
-16.346497,41.111263,49.971130
14.603580,22.397243,17.098011
15.692691,22.716833,19.070309
16.538704,21.162584,17.536949
-30.827534,17.370029,18.951365
-31.770155,15.293467,19.698528
-32.444633,17.265257,20.418274
-9.241116,41.204773,54.539677
-10.531249,40.868534,52.518959
-19.731119,35.256760,29.861979
-18.654415,34.894905,28.074373
-21.139299,34.829586,28.395182
-15.264997,42.181511,53.693615
-15.025737,42.817200,55.998280
-54.307007,-3.721652,58.209072
26.486486,27.950878,53.533783
25.603067,29.192955,55.287895
27.901966,28.541367,55.907784
15.020661,-1.289047,5.656226
14.453545,0.554039,5.231051
16.609222,0.240656,6.800944
-38.189682,24.432707,29.115582
-36.842331,26.615757,29.135260
-36.506592,24.742096,27.446579
24.499575,-24.856695,29.587461
24.385000,-26.222961,31.313030
22.850826,-26.353159,29.796749
27.997530,29.694981,58.292614
30.135185,28.418634,57.739819
45.275200,-10.644848,48.879059
45.746731,-11.543961,51.608833
44.719784,-13.233293,50.110817
-18.781992,-9.324591,11.331463
-20.061724,-7.461324,12.125826
-18.825378,-7.271159,10.478539
47.680965,-16.696754,75.815315
47.383636,-18.109138,73.524109
48.288307,-15.699325,73.860313
39.034832,4.439327,75.815338
12.379605,8.186569,4.845352
10.755459,10.737725,4.866503
12.932875,10.401706,5.959848
-29.503784,-28.820440,40.131279
-30.454239,-26.913059,38.690918
-27.731939,-28.624283,38.118145
-16.105513,-14.556348,35.699623
-15.649933,-16.799740,35.029259
-15.689866,-15.002129,33.620022
-37.978001,-31.930462,52.735069
-37.601376,-33.487961,54.246418
-39.475063,-32.224655,54.789711
50.891895,-0.097545,63.667088
51.042519,-1.541377,65.689079
50.614559,-2.989783,63.798336
-11.861616,6.829063,32.020565
-12.799726,4.688138,33.035351
-12.418447,4.911589,30.400261
-31.148960,44.436436,65.136650
-32.692623,44.398624,66.734642
-30.465536,44.835178,67.108482
-8.916680,-4.393539,60.771866
-8.037064,-2.795916,61.772980
-7.745350,-4.566880,63.139885
-5.878950,31.209436,21.396093
-7.816793,30.972162,19.499912
-7.672016,31.794889,21.936752
-21.256731,43.751846,57.486004
-20.743561,44.276890,60.037460
-18.801451,43.817299,58.358330
35.853218,-33.543392,73.390091
36.993206,-32.144581,75.815277
35.291084,-33.538994,75.815315
36.461117,9.437387,57.742966
36.917957,7.606326,56.979317
37.476894,7.917557,59.209068
12.845519,11.959746,14.961482
11.118801,12.805892,13.134701
12.291356,10.664912,12.851696
-2.904342,-29.142525,22.373081
-1.457329,-28.228043,20.532465
-0.602749,-29.433697,22.445774
36.527187,-15.796656,67.702324
37.362236,-14.571365,68.991287
37.281254,-13.897264,66.823677
21.871031,-17.809912,35.917400
21.769970,-19.124727,37.535076
23.195316,-17.919842,37.989590
-10.360815,-35.643627,37.209190
-9.331630,-36.732708,38.947575
-11.555731,-36.164719,39.158504
30.756315,-18.641687,29.879921
29.650005,-20.432856,30.422104
19.917051,-22.249540,39.589413
20.960869,-20.502178,38.388222
18.741747,-21.693859,37.275574
-44.653297,4.888504,37.700195
-43.693752,3.468189,36.746368
-44.497665,2.917428,38.304871
50.611328,-7.042803,71.420876
50.327744,-8.134140,73.192818
49.965305,-10.003685,71.434219
40.083099,8.926835,75.815353
42.213230,9.626032,75.815353
41.167343,11.158175,75.815346
-53.931850,28.947462,61.423206
-54.374908,27.419546,59.982685
-54.522564,26.521524,61.704357
-25.834944,27.042128,18.434719
-25.009508,28.864328,19.217453
-23.616070,27.642635,17.578367
-5.308084,26.547888,14.075937
-4.555895,24.770370,12.714188
-6.791857,25.266741,13.138431
-22.675531,44.928940,75.815323
-21.667311,43.031559,75.812111
-19.909378,44.744572,75.815262
26.613413,2.027125,31.321852
25.801270,4.497296,31.070938
25.009420,2.706327,29.487585
2.510391,-22.635855,12.740361
0.326312,-23.158598,13.131133
0.481744,-21.605070,11.420933
-11.574204,44.975388,65.458260
-3.843113,-36.787971,36.225628
-3.742445,-37.974648,38.765015
-5.827463,-37.010941,37.583496
50.390633,-5.300187,64.883492
50.017456,-5.370325,62.801029
3.860814,21.590834,44.270458
6.123137,22.185335,44.433506
4.587787,21.798447,46.151539
-45.303997,7.617098,41.617802
-44.473461,5.737701,40.895496
-44.285755,7.479422,39.886124
21.130215,-38.446144,49.946053
19.088867,-39.783634,51.322762
18.828278,-39.275459,49.175190
25.565359,6.591471,31.718187
24.471025,6.507090,30.422253
24.224461,-22.687021,26.325180
22.845333,-24.842501,27.668573
22.106255,-24.037077,25.689337
11.696443,18.429979,28.783606
11.349225,17.613295,25.639093
13.302590,16.628948,26.745096
0.770366,20.559324,39.043369
-1.114380,19.552563,38.882206
-0.003078,20.288740,36.615311
-35.326126,-20.893730,38.514019
-35.602272,-19.152763,37.531006
-33.914425,-20.981005,36.869278
20.853321,-39.228970,52.298805
19.511772,-40.223331,53.791649
-24.563526,33.168453,25.459393
-26.548542,32.915413,26.803759
-24.874493,33.977154,27.965300
14.825194,19.847023,13.639890
15.731004,18.003122,12.550263
13.955667,19.106886,11.982307
24.152143,-29.241520,63.420551
22.441942,-29.990622,64.479164
24.534302,-29.106190,65.207130
-3.704381,-33.018227,51.482857
-6.051986,-31.997524,51.763130
-4.731307,-32.169186,53.838837
8.628284,-12.722676,6.140746
9.871471,-10.785800,5.531939
11.474117,-12.002046,6.852464
18.210106,-1.801508,8.059111
18.662519,-4.452421,8.624302
17.198427,-3.914309,7.418277
-11.085100,17.713940,10.193166
-12.907194,16.299911,10.183817
-12.912548,18.377426,10.971685
-2.926113,-31.260099,25.970263
-4.065050,-29.998127,24.159189
-1.921370,-30.303068,24.148939
42.192284,-18.635525,50.303677
40.711678,-20.446035,48.850529
41.361477,-18.901371,47.871037
12.850459,21.699945,39.478489
10.781518,22.035957,38.896637
12.128749,21.618731,37.605282
-9.455208,44.446846,64.557503
-9.601509,43.646385,61.707779
-11.913140,44.499840,63.476486
-34.455032,23.133379,24.122541
-36.183563,22.794142,25.953339
-34.839497,24.984125,25.643568
-0.232084,11.839077,66.026756
0.953319,13.653470,65.885406
0.750413,12.512822,67.773781
9.202304,-44.706711,60.136948
8.399117,-45.294735,61.903877
6.860423,-45.286579,60.437019
5.017659,-15.872395,7.222857
5.122305,-17.400856,8.416161
3.255032,-16.787128,7.545035
3.254701,30.994146,31.390482
2.822906,31.855759,33.849522
4.794281,31.341936,33.295422
-53.383213,-12.046650,64.689842
-53.498783,-10.939230,62.694855
-53.054077,-13.143597,63.084457
-53.066204,23.659575,48.369617
-52.516563,22.147049,46.818947
-53.314713,21.352085,48.576836
8.841168,20.290173,70.229439
10.924739,21.364277,71.420021
9.457861,20.213274,72.478607
-5.123836,36.428394,42.409256
-1.948101,35.907787,42.623070
-3.240209,35.548683,40.845604
-16.686197,37.345730,39.219158
-18.132732,38.041992,40.824883
-16.159903,37.961548,41.341042
-48.120296,35.787472,49.916393
-49.470333,35.321503,52.099056
-47.658276,37.030289,52.147621
-48.180691,-21.100109,75.815239
-47.396217,-23.483891,75.814697
-45.940052,-21.533812,75.811531
-48.586140,-25.494493,75.815178
-46.500786,-25.832108,75.815094
-52.176586,-9.396406,55.242615
-52.798233,-10.200769,57.707653
-53.183247,-7.771719,56.925579
24.436991,25.852087,44.960785
25.973585,25.518442,46.981377
26.476244,24.522642,44.852718
-43.340885,1.671852,36.984783
-42.480167,2.702770,35.128300
-42.316940,0.497720,35.873356
-40.087864,-33.197819,56.864166
-41.575848,-31.626074,56.742603
-41.276051,-33.422852,58.844734
-39.209877,-34.908806,58.181351
-34.418793,-37.281021,56.237186
-32.643700,-38.825993,56.912403
4.336114,-22.478006,27.119690
3.113047,-21.756573,25.546560
2.438469,-22.855480,27.024141
35.869003,-18.192612,71.198738
36.779049,-16.144558,69.936920
35.729946,-17.696499,68.598282
13.403277,10.097736,14.255711
14.154476,10.180697,15.894910
16.922245,14.975358,29.217793
18.003361,13.158484,28.258427
19.181374,13.764325,30.281332
22.426685,5.108300,12.576550
21.174438,3.514668,10.982008
20.737677,5.792255,11.021529
-54.515320,-5.435363,62.795155
-5.192844,-14.651390,5.874104
-6.569969,-13.013771,5.193499
-4.226977,-12.689832,4.627992
1.798566,-26.319447,17.418383
0.045026,-27.431286,19.061235
-0.838919,-26.293093,17.384027
32.941853,-16.259504,30.403805
31.174332,-17.213999,28.972630
32.133484,-14.895820,28.085714
20.001976,-2.782554,9.580736
21.625551,-3.271596,11.107492
20.291187,-5.022454,10.057762
-10.238484,5.789999,20.555794
-10.541555,6.497998,23.000420
31.660879,17.682405,71.134056
32.775848,16.420712,72.185112
31.185183,17.872408,73.034203
-54.414158,0.864339,70.320129
-54.105804,0.718879,72.249069
-54.355534,3.281890,71.346443
50.693459,4.474725,74.259468
50.578621,6.833412,73.074799
49.928082,6.675533,75.815353
11.007315,-43.385349,55.705482
9.101740,-43.850670,55.931187
10.050981,-43.209900,53.886803
-52.960510,25.689915,48.991135
-53.659809,24.425526,50.416435
-53.299576,26.889658,50.878498
-8.099574,-15.183901,19.054007
-6.236141,-16.326910,18.935997
-6.256742,-14.809402,17.388395
39.882130,-17.216303,41.602673
38.680492,-19.464529,42.012569
38.405228,-18.092974,39.912903
-26.465513,-37.604778,50.149292
-25.001318,-36.914612,48.267162
-24.693108,-38.349205,50.093842
-11.941529,6.400774,40.082565
-36.015526,-33.653778,52.763832
-34.405556,-34.966492,52.840832
-35.854240,-35.202732,54.651577
-6.584391,-31.090475,53.791348
-7.289180,-29.430845,55.763710
-5.053082,-30.916880,56.363335
-54.723228,25.252516,57.042225
-54.189762,27.723778,56.728241
-54.272915,26.635008,55.132133
-2.562774,-33.517487,29.710272
-3.131258,-34.644283,31.850590
-4.569600,-33.585850,30.400503
-13.293784,-46.006931,58.489346
-14.678299,-46.475693,59.793831
-15.455940,-45.389175,57.711868
-28.776018,-40.939026,56.955429
-30.610495,-38.998142,55.318138
-28.413586,-39.800976,54.744431
3.509873,16.562767,75.815315
5.406719,17.762917,75.815315
3.547516,19.510740,75.815315
-11.700574,-23.419668,17.937502
-13.829555,-22.941700,19.286713
-13.541376,-21.653946,17.107347
-8.889647,-41.943016,49.111931
-6.934485,-41.772152,48.174404
-7.060669,-42.677055,50.112904
-41.645336,-34.366802,61.040672
-40.260544,-35.010536,59.852142
28.959055,20.209713,67.560951
21.958529,-28.474977,54.544300
22.227814,-29.053810,56.861618
23.692142,-27.650040,55.631615
32.132557,25.997952,54.906532
34.222565,25.721807,56.673103
33.714985,24.954046,54.528690
-13.513697,-24.479393,39.347599
-14.363775,-22.617521,38.458004
-14.608663,-22.964003,40.454716
1.822556,41.520973,63.042820
-0.279871,41.224415,61.067711
-0.646884,42.197128,63.118908
-0.142341,40.295219,59.144814
1.975454,40.127121,60.100033
-8.949423,35.169769,36.719799
-7.551408,34.283733,34.867638
-10.021472,34.713524,34.164680
-52.574696,-14.895743,62.610508
-51.888206,-17.124784,62.279892
-52.397972,-16.224480,64.244194
-31.478741,41.255932,48.304440
-32.666584,40.393364,46.288387
-34.064011,41.095219,48.453220
19.036047,-6.242000,9.246684
-30.576984,-41.498528,59.634853
-28.120903,-42.466312,59.178093
-29.248549,-42.829147,60.943569
-55.401348,18.452856,62.379585
-55.578285,17.010700,59.904301
-55.530098,15.834954,62.235149
-33.199051,44.870628,71.633141
-30.788507,45.367226,71.468697
-32.263332,44.805458,69.193665
32.386215,13.856646,54.771698
30.524481,15.706761,54.829319
30.887831,14.152975,52.733662
-55.282295,5.456193,65.150223
-55.460358,7.482231,63.986263
-55.501343,5.801509,62.768585
23.842579,11.903399,17.189188
22.174162,12.436148,15.381811
22.491264,14.080290,17.003788
-54.010475,-8.328172,66.603874
-53.597889,-10.875178,66.658447
-53.645844,-9.700254,68.725731
18.062431,-39.560600,75.815239
16.932043,-41.698299,75.815231
19.932503,-40.714272,75.815247
-1.503916,-37.575146,37.149845
-1.608636,-36.581676,35.120163
11.077469,35.545609,57.320400
11.561125,34.093151,54.891888
9.130812,35.350193,55.723221
9.383924,18.286470,8.582911
10.709721,16.096512,7.499898
8.280902,16.808634,7.048971
-3.396921,-22.773041,66.373528
-1.684353,-22.307009,68.380600
-1.370615,-24.718531,66.692238
46.285011,15.428382,58.588108
44.908421,17.241858,58.030552
45.585003,17.084476,59.856136
47.181244,9.589970,53.899994
48.109497,8.377279,55.165173
47.708477,7.475057,53.642189
28.043612,-26.850893,65.188995
27.981611,-26.450214,62.866272
26.278429,-28.007236,63.860531
-1.287965,-18.821735,8.690457
-2.054388,-20.739912,10.468904
-3.752351,-18.656054,8.641104
-55.657669,14.490425,59.862289
-43.160507,-24.547043,51.339188
-41.813007,-25.002651,50.005596
-42.040138,-26.542240,51.700523
7.355767,-31.896078,44.221729
7.406646,-32.572205,46.153259
9.626923,-31.669199,45.407207
-38.356869,-38.909966,64.605583
-40.268501,-37.043915,63.887550
-38.375694,-37.821587,62.146587
-25.200140,37.733200,39.097214
-25.406651,37.002689,37.075047
-27.571230,37.592430,39.084591
1.251037,-50.016315,69.989395
-0.493961,-51.212868,71.622627
-1.075763,-50.298138,69.342873
-26.452824,-27.555475,35.576157
-25.188183,-29.475771,36.971302
-12.997083,-45.179058,56.685406
14.475054,31.587955,50.268669
16.314375,30.929941,50.660767
16.146357,30.613369,48.676521
-17.778399,42.153690,66.477997
-15.693643,41.687782,64.816795
-15.368826,42.084942,67.423584
17.578581,20.005224,39.589008
16.566963,20.084352,37.476357
18.768452,19.137625,38.265408
36.749016,1.710023,53.555885
36.935997,-0.642123,54.063244
37.514652,1.616405,55.539223
51.068981,4.489749,71.688210
50.877491,6.714811,70.567764
-1.580781,33.476299,36.234711
0.649592,32.689213,35.194553
-1.522358,32.622517,33.852699
-19.891079,-24.294641,26.563366
-19.863012,-25.980488,28.341124
-21.775995,-24.461941,28.268053
27.583666,3.579346,33.022266
28.900972,2.838015,34.817398
28.117691,5.571880,34.557907
14.836372,10.652834,17.989090
15.236609,8.551337,17.137831
12.767217,13.782433,17.149132
11.288258,14.277042,15.190891
42.584297,-2.442787,38.767071
42.146690,-4.596904,37.799492
41.505207,-2.365935,36.282753
-48.170589,-24.557606,59.641251
-24.082396,7.124713,13.875356
-24.921839,8.922619,14.438408
-22.993631,9.143170,13.134119
-12.357042,-26.390486,40.264725
-12.758775,-26.601902,42.441193
-11.152902,-28.190588,41.903191
-6.613231,5.780525,11.587788
-7.316190,3.591697,11.473725
-6.086612,4.673512,9.878523
-4.147769,16.202505,24.455574
-5.260101,15.617424,25.757318
-0.123655,40.035809,75.815361
-2.627462,38.439739,75.815254
0.185039,37.152412,75.815346
-11.647888,-23.731869,33.234966
-11.030593,-23.274044,31.434978
-12.712809,-22.145061,32.697201
18.526564,18.294281,16.071341
19.678621,16.385250,15.438484
17.953892,17.035004,13.993681
-38.750008,-17.879349,40.711517
-40.123363,-18.512514,42.921234
-40.565117,-15.946679,41.948849
48.351074,-14.693527,75.815315
10.292068,-4.488683,3.231598
8.871922,-2.610628,2.042401
11.175371,-2.055725,3.154058
-18.058617,44.370197,60.926605
34.822559,-5.477082,26.867851
33.870972,-7.184642,26.048412
33.200108,-5.661043,24.861389
39.667343,-7.421566,65.932785
39.516655,-8.617077,67.541069
16.510410,29.355196,39.114773
14.940148,29.766081,37.601761
14.575434,30.393713,39.638466
19.455006,22.517332,75.815338
21.816259,22.292435,75.815346
21.136526,24.658955,75.815346
-33.909935,34.504036,35.781326
-36.124187,33.865444,36.247532
-34.727287,35.658337,37.960602
8.598669,-45.752110,63.868328
7.040058,-45.843693,62.754425
-0.283601,-31.479445,25.862606
0.096525,-32.737175,27.928303
-2.229311,-32.385571,27.726946
1.017586,-29.809029,63.059746
-0.550419,-29.858814,61.973969
-0.782998,-28.433857,63.550240
10.969949,-45.475586,65.387695
-17.521645,-35.441349,41.664616
-15.410885,-35.957684,41.289486
-16.439337,-36.563126,43.084084
1.481431,-42.165756,47.347530
2.314167,-42.866333,49.269115
-0.085760,-42.562031,48.470398
4.754168,-3.798468,0.810404
5.703957,-5.540253,1.681310
3.782855,-5.906327,1.338434
14.935863,-16.792673,27.096802
16.508865,-17.089220,29.051611
17.006962,-15.407540,27.640871
-0.413018,19.770809,40.901344
0.216288,19.928062,43.306210
-1.846733,18.635471,42.304539
-49.187912,37.092026,65.136360
-49.986523,36.396271,62.338062
-50.648926,35.422253,64.799881
12.235782,-41.244572,48.398373
14.856250,-40.835464,49.447277
12.970876,-41.861431,51.189747
19.344097,31.004499,54.125332
18.703890,32.325191,56.292152
20.970921,31.337275,55.995724
-14.102963,-0.571034,30.725241
-14.545891,-1.051360,32.999393
6.539001,-44.313892,55.945492
8.018682,-44.515282,58.059204
5.444945,-45.022774,58.181393
-28.371803,-25.295189,34.841732
-26.101284,-25.931862,33.397659
46.950768,-10.737896,75.815331
48.939026,-12.513273,75.815323
49.512508,-10.223638,75.815331
-51.243832,-20.526211,66.347710
-51.870880,-18.161110,64.817146
-51.038490,-20.525169,63.917854
3.801911,42.345787,67.561989
2.160515,42.951130,68.825638
4.488111,42.368183,69.915855
-12.235547,-27.613688,44.540131
11.993376,22.729534,50.659359
12.923251,22.952984,52.885456
10.993207,23.007042,52.477921
-31.143204,-40.021858,57.516495
28.230465,-10.529343,38.033195
27.451303,-12.947499,39.148006
28.978556,-10.946398,40.178070
23.249426,10.373089,15.510792
24.092751,8.232050,15.515348
22.575705,8.803102,13.931302
-9.495915,27.406828,14.706661
-8.562241,25.845545,13.613042
-10.626267,25.608469,13.629267
50.483658,-6.236497,66.962738
50.798847,-5.695658,69.369522
50.254433,-8.244764,69.134193
40.711685,16.412434,49.913734
42.381027,13.954094,49.606869
40.268883,15.031911,47.955788
-6.021556,43.971306,64.927155
-4.306407,43.764030,65.379875
-4.960356,43.217407,63.164894
49.680618,2.351340,57.404690
49.454227,4.659592,57.158062
50.014805,4.334104,59.241196
24.591311,-28.414612,69.789536
26.597359,-27.548885,70.128250
26.404346,-27.910522,68.385101
29.939222,18.769789,61.620857
30.450375,17.627480,59.120964
31.737106,17.043604,61.025932
-13.662259,0.080887,28.793100
-48.556915,9.885298,42.013012
-48.243935,11.930875,40.837654
-47.457340,10.494994,40.056202
14.287397,-40.169952,46.804451
-2.541423,-38.910755,40.384262
-0.940762,-39.570812,41.435425
-2.855639,-39.712582,42.274605
2.446215,15.617952,65.768715
2.052941,14.339107,67.742760
28.021023,16.540207,27.836767
29.118315,14.344066,26.978121
27.527517,15.800812,26.210283
-30.142391,43.058823,54.618584
-32.580402,42.844482,54.479401
-31.799656,43.243465,56.563080
-28.925575,41.421711,48.472054
-26.792080,41.561775,48.828590
-27.573120,40.815960,46.847523
42.741016,0.181041,39.725788
42.617599,2.604444,40.706810
4.757773,-13.126154,14.743725
5.295428,-11.253527,13.137530
3.003431,-12.250413,13.263612
-39.481548,-25.086292,47.186462
-38.690071,-24.073271,45.305283
-12.216318,-46.855808,60.153637
2.812211,30.074528,27.243771
4.191215,29.535484,25.989515
1.840995,29.891136,25.040546
-37.678921,-41.355541,71.057106
-36.947704,-42.371990,73.929283
-17.807333,-8.890030,9.868078
-17.175264,-11.118463,10.277547
23.223465,27.847095,49.782238
21.355173,28.103182,47.562763
20.713873,28.894711,49.651154
-55.571301,9.526809,62.974178
-55.648930,11.164820,61.845043
-55.685925,9.604143,60.700211
-1.604145,21.518433,10.128308
-3.986185,22.595228,11.176327
-1.092762,23.332655,11.443681
21.136700,-1.045259,24.159691
20.441298,0.592636,23.439920
19.617033,-1.046352,22.228422
-22.311190,-1.531883,13.131863
-20.795889,-0.151139,11.299293
-20.623568,-2.522466,11.358642
-26.530235,-5.697643,19.645823
-28.043810,-5.167226,20.979086
-27.171457,-3.641412,19.440794
13.320417,-20.016006,13.560035
12.875529,-21.891531,15.212000
11.029427,-21.018345,13.464599
-16.353823,-48.922657,65.144707
-16.771154,-47.920109,63.299911
-14.456520,-48.768929,64.400780
31.509983,-23.868376,72.381096
32.866089,-22.543436,72.041435
31.686180,-23.824884,70.297104
-14.460547,-5.623175,27.125689
-14.640210,-7.362717,27.315777
-14.293215,-7.500324,25.451082
28.991529,-36.707123,60.357105
28.869854,-37.328831,62.707039
27.164375,-38.056458,61.296806
12.283629,-45.542259,67.357452
10.213636,-46.368591,67.748123
-45.316154,9.328306,37.059711
-45.787300,11.299203,37.189552
-44.612988,10.702662,35.527969
-53.015774,7.995160,50.017273
-53.788960,10.117393,51.086891
-52.694534,10.190745,48.793301
-4.736824,17.252663,31.331013
-2.288346,18.894470,30.597134
-3.318288,18.418982,33.014103
6.768119,0.713188,6.406311
5.559822,2.016588,5.392047
4.634686,-0.168432,5.607477
-0.710707,-34.461033,31.000744
-1.415624,-35.556740,33.115311
-5.794808,14.175735,5.882556
-6.562296,12.581183,5.148098
-7.514464,13.958080,6.484454
-32.350811,-35.422104,51.560345
-32.082951,-33.908012,49.305981
-30.413048,-35.322048,49.814629
-5.017801,-12.823850,69.347023
-5.122063,-10.658983,69.707001
-4.094398,-12.280337,71.540001
38.619991,6.976436,63.512577
37.587196,9.607250,64.196159
37.556141,8.948214,61.562283
25.867641,-37.455746,55.827820
26.137831,-37.752396,57.524742
24.401852,-38.679653,57.246899
-10.465491,-7.334247,16.201553
-9.027271,-8.488298,15.022593
-9.536438,-6.220150,14.624727
-44.524235,-3.026436,41.048523
-45.332737,-0.580990,41.195274
-43.810745,-1.559310,39.277874
-53.281776,-10.967436,70.576752
-53.274784,-12.095658,68.632439
33.668369,26.835131,58.410091
32.001755,27.131763,57.053932
32.243896,28.166813,59.650597
-9.086002,-26.376106,34.301151
-7.950819,-25.702328,32.209068
-9.869337,-24.938894,32.710438
30.073032,12.543575,48.927410
30.694065,10.407343,46.612957
31.744316,10.748355,49.286415
-41.087830,20.881773,34.200169
-39.907978,23.233356,33.647709
-41.718544,22.898281,35.414845
40.040054,-5.871175,73.911232
39.626408,-7.340709,75.815315
39.877777,-5.096046,75.815315
48.122017,14.828993,71.328644
48.750404,13.189263,72.189583
48.870621,13.547156,69.467285
35.349285,-33.953510,70.698845
33.841927,-35.083469,69.520393
35.069565,-33.917389,67.891693
25.484386,0.717334,15.265453
26.652006,2.771878,17.005352
27.287083,0.143380,17.410038
1.376102,-28.578926,64.810822
-0.093791,-27.027319,65.525970
20.719290,25.184042,32.408894
22.630552,24.213171,33.362667
22.266888,23.564060,30.854773
12.747780,-29.914957,26.315710
10.863914,-29.982107,25.388685
12.337813,-28.976665,24.606361
-19.357079,-49.285759,67.081284
-21.754761,-48.458889,66.705002
-20.047789,-48.200211,65.200165
-15.883360,-24.412560,23.257814
-16.114779,-25.999092,25.438099
-17.977745,-24.152946,24.825026
-14.991957,31.492340,18.775448
-13.783970,32.171288,20.120466
-12.341561,31.198982,18.679300
14.465667,25.042950,75.815338
15.040895,21.911549,75.815331
16.647367,24.592972,75.815338
6.733160,15.484905,12.727623
7.782748,14.334386,11.641769
9.216021,14.885598,13.572542
24.869652,-16.276478,38.502342
23.800125,-16.125151,36.528183
-21.694935,27.078762,16.481041
-20.502861,25.692026,15.397635
-23.032892,25.091393,16.012156
-49.447689,8.480617,43.906406
-48.877316,6.398562,43.771557
-50.162209,6.584886,45.671852
-11.176772,6.583632,4.767660
-11.080471,8.318387,5.436935
-9.329602,7.874038,3.917092
36.574322,11.595098,64.816124
37.288479,10.499189,66.484741
41.870804,23.123791,69.523926
43.122368,21.832584,70.713844
43.157673,21.843771,68.421516
21.994251,18.497246,48.034443
22.725098,18.881964,50.501320
20.745474,19.959738,50.581760
31.020422,19.818129,41.392097
30.636513,20.864189,43.141693
32.354740,19.396744,43.151077
-3.815616,-0.954573,72.872330
-3.484006,1.064688,72.069183
-3.291326,0.620341,74.166611
21.875359,-30.421619,34.516735
23.862501,-29.704874,35.507919
22.506702,-31.356794,36.526989
12.233562,26.942371,24.960239
12.925798,27.514397,27.565157
14.646409,26.248207,26.097834
14.438155,8.372806,6.333027
15.528802,6.764791,6.771691
13.853385,6.676236,5.486629
-21.742233,-50.619156,71.370232
-23.821619,-49.518761,70.557655
-21.715496,-49.495861,68.827393
2.718255,18.868364,22.143616
3.481148,19.404757,24.077602
1.355538,19.133528,24.472519
-46.446804,25.203772,38.254387
-47.891300,25.319130,39.991642
-46.625404,27.026293,39.212620
24.211287,16.854897,47.269642
25.103144,15.584514,44.792870
25.979279,15.482395,47.045998
-0.580573,19.859581,8.727280
-0.510782,17.966702,7.180071
1.145999,14.974218,63.631535
-0.269837,12.963803,63.808445
-0.262382,14.224027,61.580105
-53.138023,-8.529639,73.457870
-53.718998,-6.081777,71.709328
-53.530151,-8.641762,71.039253
-50.415997,33.258141,73.745819
-51.341404,32.422527,71.476784
-51.421837,31.029259,73.787521
26.283010,-8.839234,33.204689
24.893015,-10.402899,32.359306
26.202971,-10.618161,34.474659
-8.767837,2.970888,56.294552
-8.383231,4.919768,55.059319
-7.683794,4.550460,57.124821
15.993833,24.871321,24.226023
-49.001492,0.651717,45.984982
-49.942493,2.305143,46.756058
-48.992390,2.612616,45.289276
-49.737850,-4.301796,75.813873
-51.396114,-3.834961,75.815262
-51.252705,-5.955690,75.815109
-7.990223,45.217831,69.241280
-7.334246,44.845608,67.660454
0.255441,-49.335262,67.889931
2.273365,-48.582283,67.274872
-18.025940,-44.897507,57.600903
-16.674566,-44.368279,56.045593
46.515442,-14.248441,59.497822
47.160007,-14.148808,62.022141
46.139038,-16.048023,61.108395
-42.933319,37.529858,45.910820
-40.824112,37.789940,44.631859
-42.627048,36.369503,43.778149
41.879429,-15.628707,75.815308
39.842255,-15.730763,75.815300
-19.030067,11.037396,11.137362
-16.555340,10.657318,9.831906
-18.289421,8.922095,10.330077
-24.569471,13.178516,14.325465
-25.899557,10.950695,15.093993
-27.004065,13.071429,15.876301
20.004219,17.399906,16.948526
21.269232,17.173666,18.446453
21.200125,15.795949,16.858398
-10.933997,-11.804027,19.302273
-12.533509,-10.373115,20.947783
-11.922653,-12.746376,21.328865
21.143734,25.661461,34.800098
21.639446,25.968607,37.236057
23.015770,24.681379,35.785332
-8.829400,-11.422831,5.049123
-9.129991,-13.621559,6.233086
-22.445509,33.323093,24.143238
-22.750145,34.123352,26.751928
-20.341381,34.268715,25.931152
-13.177117,-5.524666,75.815178
-12.999493,-8.574229,75.815300
-10.972238,-6.547957,75.815292
41.801388,-26.535246,66.892517
43.193295,-24.561008,67.126854
42.619961,-26.073019,69.047791
-49.996876,4.006937,46.276985
26.118576,-18.553326,44.431198
24.420513,-20.025154,43.394844
25.448059,-20.219234,45.635368
32.735668,-21.913948,75.815292
33.625042,-21.422421,73.826553
32.170986,-22.962049,73.862923
35.213749,13.220335,73.556770
36.776886,10.845461,73.490517
35.878304,11.706723,75.815346
-54.006058,-3.420794,71.271545
-53.563137,-3.984722,73.594658
6.489690,6.102356,5.674855
7.569943,8.099814,6.830988
5.405781,8.611125,5.635588
-10.819113,-3.367703,3.605410
-11.728494,-5.359354,4.389285
-13.100062,-2.983604,4.963631
-38.979191,-39.833313,69.090134
-39.707859,-39.549179,71.133713
5.989379,14.511231,10.944117
3.737007,14.157585,10.024310
5.524362,13.208315,9.182103
-54.309135,4.540869,53.878590
-53.517818,5.705432,51.666008
-53.326370,2.968550,52.070251
-8.198621,33.827843,32.446060
-8.991430,33.582893,30.080090
-10.713048,34.383976,31.864315
-3.200049,1.993112,6.064802
-5.026223,2.969173,7.864200
-4.381620,0.573937,7.363658
11.886510,22.382107,47.684147
13.824805,21.885366,46.885727
14.659175,21.974035,49.064575
-14.417010,-38.826569,45.890156
-13.626458,-38.148918,44.357395
-12.501030,-39.016659,45.314457
8.931479,31.076466,34.986782
10.956707,30.976311,36.443832
16.238855,6.696272,18.364788
15.270306,6.524240,16.173189
16.169029,4.493552,17.423336
-8.638968,-2.933505,12.665670
-6.902461,-2.847945,10.645655
-7.714495,-1.041568,11.275216
34.101028,-33.157227,61.455238
32.448975,-34.212070,60.433910
33.574890,-32.847485,59.113579
30.786854,-35.235222,59.568096
31.787323,-34.057835,58.181255
-12.790452,-20.827450,15.120291
-10.491210,-21.472956,14.022849
-11.577398,-22.228033,16.000025
-8.064169,-20.648355,25.051477
-7.350977,-22.104473,26.561203
-5.994139,-21.123096,24.637804
-3.685745,12.611963,15.163772
-2.696860,12.644456,13.183846
-1.748752,14.031393,14.307878
14.755177,-27.891163,73.363884
13.071639,-28.021482,72.253731
12.409930,-27.135414,74.280624
-22.557682,6.399284,12.716073
-3.829123,-19.516863,21.818562
-4.746543,-17.760590,19.854158
-6.211805,-18.756443,21.724632
3.899582,-49.011368,69.386978
3.206524,-50.325417,72.022400
-22.350746,36.028503,33.396847
-25.464758,36.039494,34.449497
-23.081093,36.779060,36.051891
10.152694,27.482925,24.109659
8.082964,27.953632,23.344713
8.312082,28.411760,25.422226
-7.926103,-27.596155,35.424759
-9.491845,-27.355350,36.668045
-7.354177,-28.650675,36.968334
24.229584,22.435165,63.316868
22.119297,23.020327,62.551563
23.984278,22.188194,61.570950
-14.103224,-40.593204,48.595795
-15.278935,-41.354843,50.258522
-16.900888,-39.887112,48.618137
27.263947,-37.417694,58.840733
27.457365,-36.770584,56.843327
14.253573,-29.818455,45.745468
16.135643,-29.724499,48.085560
27.991180,3.906000,19.028723
29.147905,4.563479,20.797647
29.391109,2.239950,20.459805
-52.272530,27.645809,48.447689
9.553826,23.901802,14.740506
9.807860,25.219723,17.300320
12.243312,23.489323,16.370937
-32.774193,41.831249,50.336430
-15.834446,-20.894192,18.708656
-18.037128,-19.490690,19.645626
-16.875570,-18.958237,17.614609
15.994637,-6.227146,18.535110
15.258844,-4.498438,16.769608
14.508696,-6.947299,17.084173
-13.358356,-1.488153,48.734077
-12.349454,-0.512568,50.826283
-12.800510,-2.436911,51.369671
3.802240,-36.394905,34.263149
2.105150,-35.998882,33.467445
4.075819,-35.462246,32.522289
-14.531852,10.046815,8.582709
-12.932640,11.815016,8.369422
-12.233825,9.493275,6.861538
-26.786829,-14.447250,24.648104
-25.895285,-16.627522,25.294830
42.478687,-7.298587,75.815323
41.563587,-5.709833,75.815331
30.900106,7.868495,42.807095
31.966311,6.788103,44.542553
30.818636,9.085303,44.629566
25.353706,32.097332,60.698582
24.176109,31.623363,58.763149
23.622995,33.023785,61.062695
-8.818252,8.121721,19.829794
51.162006,-2.448853,71.867966
50.936386,-1.493886,73.962563
50.815834,-3.824551,73.936691
16.682226,37.034874,63.514935
15.993788,38.080917,65.897110
18.052593,37.258217,65.882881
10.014613,12.836425,5.310558
11.739665,12.324631,5.968745
46.812428,-15.761254,63.353897
26.400702,-23.274216,29.787939
26.175392,-21.991064,27.857355
25.239084,13.709736,37.534710
26.709351,12.404660,38.488930
25.333090,14.351269,39.459816
3.914991,-34.281113,30.460024
1.486664,-33.716579,29.444500
6.010113,-26.791769,18.751413
7.701067,-27.626732,20.493979
5.335365,-28.155321,20.661777
-1.895820,43.530701,66.542542
-2.218872,42.940456,64.201973
-55.620880,13.196530,61.936790
-16.029417,-7.372850,43.505451
-15.374600,-6.160994,45.875034
-16.090052,-9.370542,44.928486
17.501919,-37.598705,75.815247
16.714674,-35.290836,75.815247
15.102443,-37.198181,75.815239
24.006908,29.036587,53.668926
23.632055,30.337929,55.980900
-10.146564,8.826796,42.538219
-9.568890,8.806381,44.878056
-10.723251,7.183379,44.075264
-44.349041,-30.786306,60.090927
-42.751827,-31.781710,58.724247
-42.920628,-32.650036,60.377575
-9.080360,-51.739704,69.980156
-7.180321,-51.038120,68.838631
-7.092360,-52.026493,70.886284
-17.757488,-51.855816,71.769516
-20.009647,-51.473644,72.146858
-19.032967,-50.671135,69.792892
43.098766,1.830463,75.815338
41.540981,2.900926,75.815346
41.692059,0.833073,75.815338
-52.722065,-10.839922,74.087669
-52.764202,-12.753702,72.310272
-52.373444,-12.760894,74.378441
18.674143,19.835949,45.168797
19.477190,19.278151,43.511021
20.610546,18.780930,45.225048
-51.909203,-11.550894,56.106739
-50.624954,-12.874481,54.198128
-51.254387,-14.356846,56.730595
-7.557511,8.208189,52.618328
-6.821471,7.963917,54.978390
-7.860366,6.588239,54.227890
28.447208,-38.450367,68.040817
26.367275,-39.720325,68.923813
26.550823,-39.312595,66.305420
-44.025433,8.486750,35.321621
-44.873272,7.036560,37.187424
-5.212127,-28.786932,22.507242
-3.876339,-27.912306,20.551849
27.089573,-25.644314,75.815269
26.371614,-26.611475,73.913437
25.015783,-26.378176,75.815262
8.553368,22.432034,44.775990
10.650674,22.408926,45.912777
9.208212,22.570253,47.591084
-47.293427,38.791290,65.800674
-48.577698,37.461971,67.673775
-46.864452,38.985786,68.363853
20.706291,-26.106724,47.192867
19.170296,-26.869053,46.276733
20.030941,-27.385305,48.632198
33.605431,-19.994425,65.230003
32.207859,-21.370495,63.155537
32.562164,-21.860929,65.816177
11.599102,-0.257723,3.255183
12.651855,1.120988,3.933489
13.166243,-1.205946,4.373864
-55.173767,7.840551,66.439629
-55.332973,9.611479,65.296783
-55.165821,11.918970,66.445747
-55.494884,11.571853,63.731487
-51.608379,34.249832,63.065197
-51.727379,33.501801,65.808266
-9.858443,0.899268,14.920427
-8.844050,-0.276040,12.863003
-8.571811,2.223959,13.051728
-53.836983,16.481483,74.080673
-54.078281,17.663836,72.389336
-54.223930,15.701950,72.044548
-3.742648,-26.640507,32.044186
-2.480803,-27.480068,33.200546
-1.918501,-26.383070,31.561323
-16.487677,-14.328104,44.363186
-16.132969,-12.323610,46.093651
-15.972353,-14.611025,46.914402
-15.155526,-20.319399,37.581799
-14.026365,-21.985682,36.019451
-14.742796,-20.236223,35.648418
25.999334,-25.840137,32.636463
26.219645,-27.047640,34.436810
24.355761,-27.405947,32.877304
37.559933,-2.763087,29.987326
39.067860,-1.445826,32.084316
38.842838,-4.592112,31.952368
-14.680013,-6.451593,48.734512
-15.335977,-8.222067,47.550434
-8.858692,5.900851,52.509285
23.197529,-5.537420,27.403347
24.467365,-3.823258,28.503187
22.967901,-3.399001,26.546904
-45.576759,2.023916,40.458214
-46.652515,1.462256,42.340321
-3.529608,14.443672,18.706219
-4.624228,14.079603,20.343092
-5.018743,12.475226,17.822454
15.079438,4.315454,15.182117
13.991003,3.693371,13.206288
14.835367,2.224395,14.664929
-14.380137,-37.158669,42.971245
-8.882508,-4.048040,75.815262
-6.561488,-5.689560,75.815262
-6.075099,-3.847012,75.815269
-28.844357,-30.472385,41.734421
-30.840090,-29.303431,42.063786
19.808887,-0.848397,9.367345
20.533846,0.959594,10.083285
21.306152,-1.167628,10.701287
5.531603,19.145535,22.845001
1.419440,-33.580502,55.697857
3.484563,-33.961414,54.514282
1.961056,-33.960133,53.480003
21.027916,-27.662994,29.713753
21.427748,-26.289341,28.167648
47.699120,-13.973077,63.996445
47.626083,-15.283566,66.044449
-39.732624,41.992126,57.699448
-39.487965,42.215340,59.589642
-37.591682,42.509708,57.664913
-35.459152,43.048752,58.946068
-35.380157,42.821404,56.736557
11.401036,21.033854,73.838615
-53.974754,14.395277,73.761002
-54.370586,13.394206,71.627083
-54.040745,12.022112,73.735420
18.369795,-29.786568,51.830002
20.057848,-29.258286,53.298145
20.098944,-28.390812,50.994316
-12.887881,-6.516212,53.540455
-13.706583,-8.451171,52.267879
-13.838160,-6.545367,51.224983
30.863184,6.697912,41.106350
31.361195,4.880092,40.822342
31.686060,5.893170,42.663860
-32.720024,-10.582293,28.325232
-34.382866,-9.345183,29.536572
-33.375458,-7.984300,27.656628
9.743135,-33.124229,29.877115
7.826065,-33.666962,30.125450
8.062296,-32.467098,28.249996
23.560850,-37.114346,49.834126
24.443592,-35.857079,47.650150
25.807934,-35.679295,49.655018
36.956680,11.123550,69.195953
37.945145,9.316871,68.244835
-2.895169,25.096355,75.809456
-1.695694,22.933626,75.815430
-0.464859,25.499697,75.815361
14.140087,38.790627,65.898315
12.414017,39.582584,66.755318
14.891356,38.921535,68.202522
15.589733,-32.082993,60.015968
15.553361,-32.102325,57.714058
13.593570,-32.540134,58.952076
18.463362,-20.224566,34.934132
16.958712,-21.899183,35.605083
-7.318616,-17.021538,20.364468
24.149328,18.684893,51.983650
26.440998,17.143456,51.742092
25.758612,18.635237,53.942879
-6.380552,15.620037,7.126400
31.642191,-5.400112,41.687168
32.252525,-5.614404,43.464054
32.301514,-3.894378,42.564671
8.040723,33.956070,49.693527
6.226520,34.755249,50.629444
8.573415,34.020760,51.407570
41.390373,-9.314546,75.815323
43.624683,-9.360866,75.815323
-29.608755,-20.176636,31.468058
-28.633680,-22.204470,32.199791
-30.407118,-21.398647,33.275669
23.439009,20.700041,26.866867
23.119625,22.034470,28.875309
24.702324,20.617033,28.809446
14.251212,-28.854141,43.763798
14.416218,-27.475203,41.455418
12.464924,-28.903128,42.065941
-53.725891,18.740456,73.899712
3.382160,-18.510241,20.800049
1.359399,-19.081139,21.033340
2.634560,-19.770533,22.380781
2.539048,38.003632,56.251228
3.279648,38.756847,58.266014
4.514210,37.394409,56.459126
-25.829094,6.807488,15.318542
-24.294895,4.795818,14.237627
-27.252314,0.091411,18.159992
-25.501585,-0.555676,16.487610
-26.359137,-2.320121,18.036476
-46.630104,-17.407698,50.695175
-44.875561,-17.754457,48.557747
-45.773991,-19.161436,50.688881
-11.865414,-27.384212,49.368301
-11.551077,-26.561361,51.661160
-10.688339,-28.490316,50.484806
-42.920719,38.579552,48.045704
-45.153275,36.993107,47.369724
-11.602619,-34.588657,35.739296
-9.282243,-34.880047,34.898026
-42.220207,-2.853206,37.364399
-41.517811,-1.292875,35.446022
-40.645336,-4.082614,35.486916
-28.665598,8.538752,17.555408
-27.908197,10.861547,16.636398
-26.772373,8.773584,15.882731
-29.260487,-4.736448,21.987122
-28.756548,-6.528367,22.269917
-30.441538,-5.569279,23.490387
-5.039137,-32.442528,46.206070
-6.681269,-31.457848,43.877842
-7.461566,-31.455753,45.920986
46.337444,-11.310499,53.691399
45.214828,-13.699225,52.871944
-48.940269,4.722067,44.478397
12.631420,-7.487161,15.373203
13.112874,-9.232975,17.184490
-37.476269,42.778839,60.407898
-37.201958,43.060421,62.942528
-35.497387,43.278435,61.378872
-3.786333,-3.459465,75.815269
-4.203078,-5.375028,73.568199
-4.000505,-2.845430,73.564049
-8.840641,-25.534683,57.634907
-7.278089,-26.440868,59.151615
-8.084419,-27.543896,56.903828
13.718394,21.575439,14.771927
12.821825,20.707121,12.782747
11.513687,22.246220,13.750673
-4.666391,-26.679884,18.764305
-3.340341,-25.871922,17.119179
-2.405557,-27.066647,18.794876
-25.094507,-50.768021,75.815163
-23.354914,-49.369312,75.814873
-26.289953,-47.991249,75.815018
-27.517782,-20.948734,30.072178
16.083099,-29.002132,75.815254
0.948964,29.258129,20.433428
-1.348127,30.088921,21.491041
0.038113,30.063990,23.254986
40.415630,7.920739,40.550392
41.870609,5.575159,41.315788
40.408100,6.337135,38.612480
-1.998305,12.555704,3.838225
0.213391,14.350386,4.637961
0.395291,11.692975,3.244547
7.237986,3.154753,6.188983
8.499763,1.455532,7.456860
-23.100073,44.961151,63.627968
-22.877464,44.525589,61.236488
-25.549847,44.611126,62.316959
33.696251,-3.191063,25.212337
33.332664,-0.313160,24.943417
34.743782,-1.539275,26.508194
40.410049,-28.296886,66.797630
39.803516,-29.548138,68.737328
38.674000,-30.104368,66.118927
47.750011,14.759501,73.560379
48.596378,12.671217,74.002518
41.972847,7.661024,75.815346
-17.227150,-17.097713,15.836545
-18.631569,-17.401455,18.123306
-19.247589,-15.060380,16.566183
31.211517,-35.594406,62.029057
30.797342,-36.418900,64.308235
34.858879,13.647916,61.575645
35.358761,13.415389,64.259239
34.078964,14.913328,62.862453
34.379242,-20.612396,71.723137
-15.056873,41.552277,51.827145
-17.161400,42.000488,52.265732
-43.739204,-35.167015,71.626526
-42.411057,-36.630928,70.048599
-42.186932,-37.038692,72.458694
-50.040455,-24.216986,69.257454
-50.021526,-23.870008,71.880547
-50.779442,-22.049002,70.354866
18.874506,35.421265,61.911449
19.774836,33.769932,59.474964
17.450666,34.507927,59.264912
39.081905,-11.211232,35.124226
40.195271,-8.712070,35.503155
40.285927,-10.856284,36.894135
1.685598,20.861040,41.493088
26.209538,-1.755975,16.028246
-15.140203,-15.690666,31.606215
-14.463576,-18.036829,31.483934
-14.062014,-17.109856,29.210867
39.339134,8.528305,38.713768
-48.029663,16.830341,39.371395
-48.188564,19.129498,39.388821
-46.895916,17.831116,37.626358
34.616676,28.892216,71.197868
36.279690,27.450251,73.197884
33.282787,29.887871,69.741928
-13.915810,39.521244,46.647385
-13.806560,-19.167395,13.986485
-12.534827,-18.673504,12.075192
-12.063680,-20.128422,13.440392
-7.025863,-44.274426,53.726437
-6.759546,-45.128288,55.797359
-8.852481,-44.715923,54.967983
16.600811,4.426314,7.161910
14.677967,4.882728,5.776396
27.871332,-6.309285,18.458197
28.305147,-4.091583,18.663031
29.415667,-4.802345,20.097849
38.636318,21.283983,53.760574
40.521027,19.546656,53.546993
38.776009,19.658398,51.470554
-28.478487,-34.137180,46.661720
-26.595596,-34.168968,45.339214
-26.776894,-35.289204,47.093613
-9.497923,-49.516163,65.511261
-11.664639,-49.158611,64.822716
-9.484296,-48.492146,63.453529
-11.789600,-20.849216,55.347538
-13.128191,-19.660925,53.184414
-12.469481,-18.482058,54.791378
-41.886967,39.742805,49.816414
-40.545292,40.401779,50.373703
-40.398823,39.709652,48.264797
5.139467,-43.915825,53.493210
7.838061,-43.632824,53.874863
-36.711987,18.449551,25.154329
-53.885029,2.298310,73.796570
-53.388371,1.223736,75.815216
-53.487980,3.567026,75.815216
-9.516918,13.755875,7.445115
-11.344571,13.391895,8.256146
23.039042,-29.639956,61.791477
-1.669646,18.439182,44.395649
-0.066572,19.442780,45.911327
10.731375,-27.661917,38.538345
10.730246,-28.833883,40.485928
12.705064,-27.595610,40.054104
-31.977840,3.239530,21.886259
-33.088566,1.165259,23.628807
-33.531380,4.061172,23.234402
-5.330296,32.342960,28.990801
-6.908741,33.104595,30.637682
-4.854412,32.613457,31.021021
-39.333496,42.597309,64.382713
-41.689419,41.810555,64.498795
-40.646709,42.308773,66.685234
34.854473,2.875695,49.114597
34.008648,2.758868,46.928879
34.667988,1.064051,48.168144
3.350684,-7.806262,2.133303
1.732998,-6.661876,1.391350
4.536871,-25.082060,71.359360
2.595420,-23.316153,71.893097
4.457489,-23.825380,73.727737
-52.481262,3.712820,50.267143
-52.148155,1.218462,50.448441
-44.674393,30.654428,39.421829
-44.941399,32.202866,40.966194
-43.624149,32.297443,39.870800
12.955694,31.524000,42.629494
12.636744,31.324823,40.358925
28.840416,12.581340,46.479717
27.967207,14.268049,48.275921
27.146765,13.968088,45.656231
-30.369909,-24.834644,36.397404
-28.712229,-26.646070,36.643208
38.561256,24.925936,75.815376
38.305599,25.783197,73.735825
36.734627,26.351900,75.815369
-32.711048,-18.173513,33.274284
-32.911652,-16.102818,32.037163
-31.039036,-17.669443,31.059553
14.074448,-39.417767,44.575741
11.845664,-39.560322,43.404274
13.626804,-38.658211,42.389496
-27.816099,44.436943,62.322227
-29.689869,44.090618,61.217262
-29.357458,44.471802,63.654991
-3.948827,4.365461,66.020721
-4.407964,2.108086,67.019547
-4.905112,2.755998,64.998207
13.001899,16.042795,8.801707
14.785065,15.421455,9.661530
14.184353,14.214236,8.476627
29.611567,-21.519905,55.381874
31.047125,-20.365625,56.970486
30.888968,-19.229561,54.681274
22.431145,25.937477,39.499924
23.344971,25.706469,41.339512
24.382757,24.670439,39.840855
0.209638,15.654167,60.079185
30.514908,7.412176,23.826551
31.462372,5.553960,24.192890
30.361454,5.182487,22.633108
-12.120093,-37.902996,43.077103
-9.079523,-38.598854,42.762333
-10.723551,-39.059341,44.527252
-11.850214,-17.023102,56.320690
-11.477880,-18.982830,56.569927
50.461536,0.569326,60.855244
50.820061,1.905011,62.609039
20.971703,-9.813521,11.929615
22.118969,-7.956865,12.432501
22.645809,-9.895672,13.595826
-5.096049,18.694286,8.769341
-6.816988,17.148409,8.275807
24.756659,34.202465,65.737305
26.517324,33.638710,67.272232
27.049726,32.917408,65.295952
37.980328,26.465841,71.298416
39.861984,24.786974,72.158295
48.827229,-6.071098,57.779663
49.396805,-5.710855,60.047035
48.667450,-8.129428,59.413250
31.183279,17.896107,36.502541
29.644192,19.253269,36.048897
30.405333,19.223646,38.138580
-6.993463,34.743340,36.692101
-5.473742,34.030952,35.601940
-17.918732,-25.943277,26.808422
-17.814037,-27.473438,28.533117
-54.981255,1.324225,66.215057
-55.002876,3.626179,66.880486
-55.256413,2.956660,64.560532
-16.670650,-5.419107,7.879135
-18.312883,-5.491513,9.403117
-17.539192,-3.119283,8.339086
-5.205251,-51.218651,69.700371
-52.979218,-4.815318,75.815186
-36.800583,31.324219,33.622829
-38.819916,30.482561,34.407631
-37.477726,32.363552,35.319973
-6.768150,-52.790646,72.738319
-8.832059,-52.705585,72.092384
-23.846821,46.392548,72.355545
-25.719576,46.371964,73.899345
-23.758064,46.512047,74.381119
-2.460088,-5.265946,1.000948
-4.671074,-5.126474,1.422150
-3.562449,-2.523519,0.445635
-41.817268,-16.939268,44.162846
-43.248070,-17.754080,46.467693
-43.178535,-15.388178,45.038219
-5.453592,5.738708,60.823212
-6.449100,6.004734,58.323517
-5.005211,8.182959,59.110672
-0.108706,27.711615,16.238415
-1.864225,27.199379,15.074842
-2.327892,28.380638,16.641256
43.809174,15.584189,75.815361
46.680756,15.588099,75.815361
45.383774,17.631704,75.815376
4.779510,21.841095,48.469151
6.899383,22.336411,46.802876
-54.012764,24.746744,68.363037
-54.529774,23.642031,65.821686
-54.426983,22.281385,67.747658
37.480965,18.775726,48.887020
36.523144,20.673944,50.364246
3.766472,-47.648556,75.812088
5.508536,-45.877628,75.814018
3.038655,-46.108265,75.787552
28.479992,-22.297815,31.124308
21.391878,22.336235,58.479137
20.291666,23.080944,60.439896
18.653303,22.984617,58.280994
37.381611,-29.246208,75.815277
38.628429,-30.609604,75.815277
40.263885,-28.907675,75.815285
27.214169,-36.266628,54.479599
-29.736038,43.531151,57.198410
-23.683107,39.650799,44.129524
-25.736004,40.266121,45.509857
-24.099604,40.608967,46.552067
-55.477184,5.241647,59.229828
-55.010597,3.852196,56.745369
-55.346989,3.523838,59.201973
-29.637232,45.294106,69.341011
-28.681355,45.189091,67.713470
42.856628,20.395388,59.852066
41.387730,20.943764,57.694103
41.004780,22.121996,59.835278
41.940342,19.405626,55.696690
40.071018,21.236511,55.784172
39.483212,-16.168585,39.789963
41.693645,-12.342341,40.557526
40.621967,-14.243029,40.078651
40.539173,-12.432061,38.429462
-41.938210,-22.011490,47.669998
-40.867825,-21.257412,45.768147
-40.316837,-23.144514,46.535755
22.410250,-40.751408,62.607922
24.348284,-39.959137,63.396942
22.983097,-40.914684,65.192703
-46.122711,33.437424,75.813553
-46.107582,35.666950,75.815331
-48.093708,36.033489,75.815285
-27.023022,-36.349964,48.733688
-53.993805,25.252394,52.158600
-54.299236,23.011396,52.244209
-23.478886,-20.705873,26.243252
-22.967632,-19.418060,24.690504
-21.666927,-20.818672,24.707558
-9.353749,-29.054474,40.350964
-8.738203,-28.708071,38.530464
-10.587942,-27.783243,39.377663
19.159426,-42.329418,63.966358
16.784018,-43.237789,63.983734
18.058918,-42.387196,61.890774
-4.842565,13.631275,75.815414
-2.422759,12.961073,75.815300
-3.463568,15.612674,75.815338
20.665968,35.741104,73.730194
20.932680,34.731934,75.815369
22.967875,34.455601,74.575890
38.752457,-23.403315,49.144737
39.960617,-22.111029,50.072552
39.073299,-23.816540,51.219982
50.056839,-3.462349,61.078934
50.062572,-1.520932,59.776829
50.478596,-1.516876,61.817566
-34.175571,30.594278,30.514898
-33.344517,32.252304,32.074211
-32.234886,31.601107,30.120651
42.307831,21.902918,63.017853
43.320496,21.431250,66.193466
44.136375,20.217176,64.185738
-33.566700,-36.408463,54.046749
-36.253716,-12.593916,33.897335
-36.149181,-14.581447,35.059452
-37.940197,-12.507341,36.202145
-35.926743,-16.723892,36.206100
-37.526310,-15.110751,37.262108
44.816051,2.824647,45.792614
45.462250,4.453823,47.829121
46.045967,1.751668,47.928734
-25.471010,-49.520454,72.319725
-27.419844,-48.927959,73.331902
-26.404577,-48.403862,70.563057
-25.393860,-50.152363,74.020760
15.982476,-11.863349,9.115849
13.890738,-12.722904,8.408467
15.251938,-10.478797,8.038589
46.350456,-17.726147,64.986588
46.450581,-18.803528,67.586853
45.190708,-20.512379,65.823174
26.407106,17.531046,26.639790
26.878485,18.576567,28.872963
-4.828247,-19.635145,66.742874
-4.036911,-18.624781,68.233582
-3.627161,-20.635319,67.548416
-52.172562,23.870325,46.397686
-7.825635,42.581310,59.542759
-8.554918,41.888149,57.028713
-10.688615,42.934898,58.820110
39.979389,9.711459,41.864040
38.414185,11.365271,40.854153
39.295254,11.685906,43.021336
-6.885337,-29.615959,38.631741
-7.720273,-29.887821,40.104843
7.339415,22.502117,49.931564
7.974022,22.720057,52.130264
6.155564,22.218811,52.421204
6.295067,-24.357182,75.815247
4.379134,-23.154434,75.815247
-16.371019,-16.010706,13.372419
-17.940720,-14.963767,14.568175
-17.223679,-13.629064,12.184914
-46.887886,15.602153,37.833847
-45.873379,16.931351,36.286182
-45.448753,15.197174,35.828651
-14.338690,-3.602627,28.184607
14.730888,-0.358675,14.797612
13.345649,0.837044,12.545270
-8.516992,-18.278900,62.096279
-9.620000,-19.131130,59.942783
-9.208918,-16.767109,61.314693
13.204880,-46.939789,75.815216
13.813671,-46.268166,73.417702
15.183293,-45.768723,75.815224
15.876370,-45.076519,71.789330
18.264408,-44.083115,73.047562
16.187864,-45.150238,73.862854
1.033818,19.734188,50.124786
1.291602,20.155916,47.825115
2.923159,20.998007,49.533386
-19.498569,38.826855,42.713192
-17.421585,38.531132,42.519779
-23.373165,0.251595,13.957088
-22.219183,1.217875,12.629839
-20.698931,-12.537397,16.406925
-20.270657,-10.792197,14.401097
-19.026344,-13.173271,14.444801
29.910690,-5.833360,37.805084
30.803303,-5.593372,39.690918
30.644299,-3.829543,38.398056
39.743977,4.447035,71.058090
38.981377,6.754767,70.945045
39.601017,5.196595,68.909561
34.678776,-18.950598,67.054146
34.778137,-17.924103,65.101456
11.616051,9.484282,11.199630
11.616623,7.326235,10.372108
13.128761,8.219895,12.762810
29.536423,-4.378255,36.323776
28.981873,-6.856216,36.516720
-31.148659,-45.653748,69.819832
-30.545317,-45.094982,67.509377
51.097088,2.322061,64.663147
15.411716,-23.398241,36.169773
14.831150,-22.244654,33.998638
4.735368,15.762683,5.505478
6.994327,15.199190,5.604455
5.206080,13.485180,4.332697
0.127571,15.075063,13.795491
-0.920377,15.318163,15.893073
-4.111185,-32.250942,43.835335
-5.142016,-31.534332,42.201450
26.455069,-19.506559,25.181686
28.333294,-18.017761,26.017754
7.955673,21.805752,35.569859
8.450894,22.172508,38.302952
6.120881,22.041277,37.742355
-31.910349,34.778053,35.073544
-32.696377,33.673965,33.734486
-45.071960,-31.050970,62.163647
-45.741669,-29.437807,60.919380
-17.405205,2.372861,8.452806
25.442024,-31.437189,39.749596
23.256918,-32.323929,38.776726
24.652008,-30.579472,37.575657
-3.755252,-8.291443,75.815262
-4.151405,-7.536199,73.555161
-3.878425,-5.964673,75.815269
14.679876,-20.680464,14.922972
7.838054,19.237139,71.554207
6.786911,18.884949,69.428558
-27.013355,33.687428,29.196802
-24.577070,34.735321,30.024216
-2.090883,40.983528,59.319103
-4.907677,42.028576,59.957062
-2.380448,42.119995,61.804016
-14.519992,7.607603,7.676491
-16.246042,8.340637,9.037399
20.979933,23.524750,64.649231
-26.875139,43.764267,57.613331
-25.825649,43.342072,55.252026
-28.143360,43.358723,55.666492
12.576887,39.556152,71.785988
13.950558,38.750523,72.686180
13.949617,39.233208,70.584435
-27.271151,-39.465351,53.389221
-27.831648,-38.005863,51.625443
-25.904568,-38.874523,51.574722
-11.859718,-29.241222,26.816690
-10.002031,-30.356285,27.461210
-11.977452,-30.594051,28.913107
47.851749,15.074879,65.097137
48.746796,13.009233,64.088814
47.688000,14.661789,62.559948
-39.878273,-28.469915,50.969612
27.105667,26.766809,51.522301
28.098295,25.127584,48.979084
25.564976,26.591991,49.300575
2.772496,-22.419149,73.885803
19.405495,11.626988,28.364298
-4.939808,-44.675365,54.509186
-3.095999,-44.274742,53.333363
-2.711780,-45.021568,55.471523
-0.834684,-45.367474,56.788921
-0.409573,-44.611301,54.426247
1.217271,-45.124146,56.595879
34.281296,-12.547922,54.504795
35.625839,-10.895998,56.270016
34.959709,-10.143783,53.929100
-54.814972,7.418961,68.930794
-54.392384,5.760536,71.523781
-54.398579,8.530789,71.686852
-15.607438,-18.664167,47.231995
-15.958438,-19.168564,44.797539
-16.134987,-16.697197,45.812405
36.460751,-6.567623,55.038357
36.640907,-3.899950,54.167931
35.812931,-5.900296,53.040222
-49.124866,-26.298103,67.832413
-49.958374,-24.250387,66.863594
20.739992,-29.040760,70.633644
22.373407,-29.304857,68.678398
19.300835,-29.762920,68.856560
34.670570,27.817099,75.815376
-16.525902,-43.440121,54.245621
-19.139355,-43.617889,55.605442
-18.277481,-42.391308,53.089260
34.426659,12.751003,33.595306
33.372105,12.840686,31.798260
32.943924,14.474169,33.310822
50.577187,-0.489203,75.815346
50.484222,-2.762333,75.815338
12.181592,-34.569984,33.465923
14.164304,-34.401867,34.359173
12.123602,-35.628891,35.317154
37.590000,-25.119740,49.669373
37.860596,-23.729498,47.251461
-52.563148,19.934843,46.792488
11.270910,32.356911,44.261806
8.970440,33.164593,43.584759
9.884046,33.010464,45.764080
30.939970,-7.054453,41.131618
-29.504807,-23.415195,34.131695
-27.721491,-23.983793,32.928268
-2.799934,37.239899,47.034637
-3.900745,36.928532,44.753242
-5.111788,37.670715,46.465614
-54.453457,6.487108,53.686615
32.717587,-6.639482,45.527386
33.548275,-4.471344,46.340340
32.937031,-4.223519,44.498924
-39.605759,-30.390678,52.751347
17.166151,12.528153,10.022719
18.524590,10.715461,10.507505
16.712086,10.623991,8.843535
2.194463,-41.307236,45.118351
1.109818,-40.304905,42.747925
3.694238,-40.549606,43.197975
-46.729889,-14.035038,48.878033
-44.916290,-15.219709,47.160667
-46.153202,-15.864713,49.117702
20.355717,-19.746748,18.247364
20.824402,-20.973291,20.114929
18.983351,-21.524067,19.000149
28.062733,23.369022,44.573959
28.034058,24.148169,46.537037
-34.070641,17.200953,22.028309
-34.747295,15.064527,22.679504
-3.145082,20.106504,9.344853
18.032135,25.546394,28.938917
16.940079,25.224609,26.524853
15.334384,26.847645,28.647469
23.531036,-19.756157,41.328590
22.627398,-21.776524,43.000534
-4.070410,-24.729050,15.568606
-6.711350,-23.842243,15.163269
-4.164519,-23.286249,13.604844
6.341580,-34.777077,31.672659
8.861959,-34.348553,31.594221
-6.165985,-10.693302,3.953187
-7.006899,-24.951075,60.750153
-5.841013,-26.312147,61.084602
22.185648,-19.154470,19.495382
23.223957,-17.295591,18.819942
24.247223,-18.067661,20.780130
-29.896006,-37.019005,51.779682
24.615713,-1.797022,14.152832
26.090157,-16.692820,21.700314
27.957615,-15.309617,22.896282
27.113314,-17.476889,23.803555
26.251884,-5.755195,31.484774
25.680655,-4.187528,30.175390
24.496117,-6.241244,29.322674
26.668283,20.604357,75.815353
27.480198,20.588297,73.710602
28.925333,19.229689,75.815346
0.715853,-1.528799,0.020428
0.000000,0.000000,0.000000
2.363136,-0.045940,0.079039
20.872663,36.488537,68.792900
22.900040,35.554150,69.834274
22.923197,35.397831,67.353424
-40.980675,30.559265,36.204010
-40.819958,28.489433,34.400803
34.650661,-4.974760,49.556721
34.769218,-7.082196,51.164036
35.549576,-4.479773,51.640087
34.099503,10.303580,53.014389
33.533978,8.953826,50.524422
35.127052,7.976660,52.820900
-27.349186,44.157883,60.270958
-24.804754,44.138844,59.435089
12.464863,14.321972,7.401304
-38.594078,17.638969,27.234089
-38.034557,15.132351,26.384127
-39.643169,15.498438,28.319700
38.816921,7.399222,68.419144
38.365360,8.279076,66.392441
1.519269,1.975645,0.180519
-0.032934,4.134456,0.588998
2.817164,4.465129,0.701300
-2.816755,-17.020905,18.320341
-4.747295,-16.286221,18.130808
-17.315664,-0.264732,8.154685
-19.203648,1.052965,9.783383
-7.711327,-30.839443,52.182678
18.860065,-29.032717,71.009956
17.040112,-29.401583,70.022774
-1.180577,-38.578808,39.231945
-10.435933,3.660423,51.253254
-11.405484,2.477956,49.984749
-10.955336,4.149077,48.928238
-31.405972,30.141022,27.131887
-29.801573,31.519375,27.486490
-13.777634,-4.355847,50.088093
-43.825741,-22.639679,56.013241
-42.644543,-24.229818,55.489750
-42.698818,-22.731802,54.292271
-7.513477,43.882538,63.654163
-7.037170,43.126152,61.618595
-12.720943,-13.336569,54.951000
-11.898145,-12.731326,56.592693
-11.936827,-14.842340,56.436176
29.393259,14.317765,50.736786
27.752037,15.579143,50.508179
-22.211489,37.960541,39.665512
-22.371151,38.783714,42.017635
-20.305166,38.095764,40.397972
-14.135177,-10.507404,25.120241
-14.754867,-9.413129,27.497551
-14.519221,-12.318676,27.193651
-19.360739,-29.246767,31.909626
-19.554117,-27.839363,30.249104
-17.564810,-29.100246,30.421400
23.223312,23.012562,64.863319
-0.709141,-15.901978,6.494183
1.631580,-15.456670,6.326186
0.798872,-17.598747,7.825986
-16.260435,-51.335449,70.001137
-15.224191,-52.429062,72.106102
-15.856807,3.913244,7.561745
-15.745605,1.350180,7.052088
-10.348890,-13.926831,20.110699
-11.238319,-14.880707,21.987141
-9.313461,-16.153749,21.005333
-0.405005,31.137526,29.275557
0.894751,31.230953,30.814539
1.806938,30.671932,29.196955
27.931021,6.100170,19.727875
49.306255,-7.732754,61.983562
7.829996,18.651625,22.642124
8.808094,18.015224,20.724701
9.661585,17.912281,22.204144
30.742928,-30.195578,75.815269
32.781223,-32.217354,75.815285
33.121613,-29.992455,75.815269
-18.165689,-48.521687,64.973351
-17.238564,-49.427158,66.428589
-45.105885,28.445164,38.382576
-46.478691,29.078968,40.149078
2.512873,42.906528,70.905502
3.960694,42.311211,72.134361
-5.233432,-34.696751,32.652302
-3.563928,-35.752869,34.043953
-6.092870,-35.764225,35.101391
6.872158,38.164745,75.815361
6.354475,40.188793,75.815361
4.738391,38.493977,75.815353
30.698132,-14.476683,25.817518
31.091496,-12.323511,24.795021
31.984144,-13.205160,26.542934
-16.114908,-33.788101,37.264000
-16.932783,-34.610939,39.591694
-27.821766,40.150459,45.165756
-3.988660,44.222069,67.571823
-4.127615,44.555923,69.967041
-1.954743,43.999481,69.205170
-1.720832,10.212303,2.722672
-3.833660,11.022238,3.391021
3.034646,22.198858,10.515391
1.303164,23.776493,11.859432
3.869067,23.711004,12.081056
45.858723,-21.115549,70.652039
45.680779,-20.769360,68.587914
46.522789,-19.478949,69.741119
38.462055,3.341122,58.742577
38.327553,1.545624,57.823841
38.882847,1.552510,59.532238
-7.661909,45.228092,73.410156
-6.755478,44.520531,75.815376
-5.418802,44.665951,73.615089
-13.962537,-24.694124,41.879124
-15.095871,-22.406599,42.328388
-0.322527,-33.777241,49.539204
-2.588311,-33.404545,49.440647
-1.524288,-33.606686,51.556828
-0.130889,-22.323734,75.815247
1.156804,-20.146101,75.815247
-1.335340,-20.402742,75.815247
-21.964430,-43.190876,56.194599
-22.840008,-41.781071,54.229977
-20.795696,-42.229038,53.900322
-3.530822,4.792248,6.310552
-4.685006,5.816142,8.180713
-30.933840,-42.414558,61.859447
-32.849525,-42.337280,63.918377
-32.932858,-41.139793,61.443520
25.518190,-12.793276,35.408440
26.860229,-11.988098,36.864590
2.068463,29.420017,22.561132
4.037177,29.142241,23.769108
3.670877,28.696806,21.143658
-20.521185,44.800926,62.539291
14.426096,-28.386152,25.080254
12.792439,-27.767729,23.021730
14.775799,-26.725918,22.739939
31.173992,-28.761976,42.960705
29.962326,-30.322178,43.910294
29.246910,-29.822018,41.913933
1.478988,-11.570061,12.363886
3.005832,-10.635786,11.790070
0.787288,-10.236624,11.193721
19.243633,20.230690,19.732780
17.462912,21.530128,19.366117
18.334337,21.871773,21.220278
-15.681406,-4.456744,41.323574
-15.383357,-3.082324,40.838299
-15.231894,-3.237044,42.623947
-34.717922,-40.826553,63.095898
-13.381475,-17.786345,53.158245
41.380859,-8.838406,37.695652
4.304363,20.886318,9.442924
6.180077,20.427526,9.367326
4.496694,19.263462,8.097070
4.516686,41.589962,74.063255
4.297263,40.871513,75.815346
-16.454079,-11.832530,44.108940
-11.097522,-0.138887,75.815331
-12.845603,-0.957765,75.815392
-11.035572,-2.362056,75.815269
-7.523450,14.373561,34.750328
-9.001069,12.396458,34.533321
-8.200300,13.508985,32.543369
26.415792,-20.322071,47.540638
26.724070,-18.999266,46.289143
-41.444748,-19.089645,44.998001
-5.296573,-46.366447,58.965691
-2.873905,-45.942387,58.153961
-3.662824,-46.683109,60.071510
15.320216,30.515244,43.278927
15.454112,30.665113,46.183006
17.305044,29.660021,44.613384
-6.294979,-20.869520,64.296936
-5.988812,-19.371601,65.435692
-4.968412,-21.130762,65.768257
-23.787582,-11.340199,19.605478
-22.404049,-11.764328,18.167068
-23.042868,-13.108532,19.910484
-6.959133,-31.819620,47.618961
-17.331568,42.766518,54.699669
27.872219,-25.415859,34.234959
-25.275089,-45.954891,63.997959
-26.223835,-46.263344,65.447258
-27.299330,-45.087841,63.896606
-31.490089,19.497568,19.836740
-29.564020,19.433729,18.132973
41.247021,-6.820302,36.537949
-15.143923,-1.280591,6.410329
5.341423,-7.629386,2.484239
-16.348265,-27.328447,27.284918
-14.158859,-27.736961,26.202982
-15.579600,-28.874897,28.736650
-1.570604,39.845295,57.096760
1.116276,39.313198,57.918060
-14.079068,-35.289200,39.001762
-25.572784,-22.599838,29.697401
-27.051140,-22.932905,31.317667
-10.760715,-40.237827,46.672226
-10.279219,-41.304535,48.391094
-12.172956,-40.986507,48.536972
4.475343,-48.096912,67.559708
6.193278,-48.121357,68.978592
29.917196,29.492756,59.808456
31.596998,29.361549,61.781025
12.250551,39.915405,69.545807
3.916199,-17.201168,19.217136
5.833690,-16.552456,19.295012
4.958712,-15.732774,17.821363
-3.770593,-1.864751,7.619181
-5.443141,-2.603352,9.142842
-3.620016,-4.064745,8.455907
19.422239,2.750077,9.275827
19.779606,4.509028,9.865405
-5.538842,6.417703,10.040771
-29.467009,-47.991642,73.995766
-30.754536,-47.523350,75.815163
-31.256245,-46.750751,73.502075
18.232811,18.770271,36.154224
20.466356,17.523336,36.624020
1.712784,14.723320,75.815308
0.136332,12.646494,75.815300
2.525972,12.235533,75.815300
1.404462,-50.806450,71.857651
1.258918,-51.579243,73.618721
10.724555,28.009817,26.591686
32.404068,8.700376,48.042831
-9.845666,0.914558,55.785183
-9.686321,-0.488452,57.228565
-8.465757,-30.045225,26.110291
-10.201211,-29.180199,25.734228
-8.868946,-28.745155,24.259117
37.527939,13.314603,41.982193
38.509747,13.990335,44.525585
-13.576310,1.811875,42.602997
-14.235203,0.847225,40.323269
-55.599957,7.690610,61.822819
-55.583492,6.164019,60.857170
23.216440,17.497074,21.737494
24.364822,15.535000,21.197510
22.761572,16.370562,19.730822
-28.273966,23.508686,18.328754
-30.153976,21.967682,19.273127
-29.589407,24.662615,20.059372
25.070238,-36.755405,51.586189
23.194004,-38.058235,52.291069
35.236225,-31.652536,60.128757
35.549934,-32.115498,62.393749
35.416298,25.906612,58.735905
-7.381968,27.014305,14.409772
20.355764,20.503248,21.781536
19.406536,22.144829,23.292860
21.644575,20.830627,24.315922
20.339243,-38.208782,47.964336
18.651302,-38.528439,46.727055
20.537045,-37.434669,46.082554
7.917753,39.371887,62.145641
9.792757,39.076496,62.777370
8.955926,38.377941,60.886875
27.960409,-27.856003,37.413483
29.075077,-26.151749,36.521275
29.941904,-26.990080,38.620083
-37.802216,-6.943141,32.709141
-39.333817,-6.002303,34.474052
-38.888435,-4.240533,32.844887
-6.332918,12.254408,20.582180
-7.076066,10.409039,18.936232
-40.541370,4.446734,31.515949
-40.860607,2.563133,32.676395
-41.820621,5.037693,33.179966
-14.952024,18.782698,11.625263
-16.040287,20.998545,12.583059
-13.013263,21.000383,11.953588
8.454034,39.418583,75.815277
8.882137,37.493755,75.815292
10.553461,38.618523,75.814690
44.069412,6.727904,46.584766
43.514965,9.324032,47.434895
45.246426,7.338289,48.935673
-21.738119,-39.951385,50.811802
-22.317862,-40.893467,52.519363
-23.737341,-39.547516,51.251556
38.100636,-27.135151,56.523235
39.174625,-25.875990,56.803406
38.926212,-26.863445,58.418133
-14.710363,-5.159407,29.058430
-15.043738,-5.492946,30.797129
-14.928876,-7.113290,29.046732
-2.151311,-0.394536,6.076848
-12.565860,-19.387167,28.379301
-12.639897,-17.538334,26.497023
46.112022,-7.672919,49.060871
45.597305,-6.216997,46.790184
46.490456,-5.302573,49.015030
-55.701809,11.972879,59.843388
4.573304,21.851782,42.085342
3.052069,21.454863,39.425938
9.158607,-28.379259,22.155926
10.232877,-27.048201,20.561563
25.014732,-39.948391,65.274765
3.248878,31.604361,75.815323
5.302169,32.908176,75.815346
3.136007,33.787704,75.815292
29.618774,-13.779039,23.855404
28.293713,-13.333632,21.856508
26.998022,-13.160204,20.120127
28.362734,-11.310075,20.771269
-51.149040,16.334846,44.448990
-50.880196,13.435626,44.680153
-52.066757,14.772497,46.484711
-12.894532,-9.606982,54.321148
-11.963323,-9.852044,56.272804
-12.401381,-11.505333,55.551514
31.748585,-32.799801,54.288967
33.139053,-32.393429,56.610172
31.088261,-33.964294,56.196194
16.721830,-28.571585,72.123390
14.536507,-28.846865,70.876175
7.119399,36.562359,56.672909
9.074779,36.406006,57.611626
49.719086,11.096455,65.641068
49.784447,11.228556,68.075607
50.391769,9.122205,66.954956
-33.582829,-41.078632,75.811440
-34.548843,-42.943634,75.815125
-32.962418,-43.809776,75.815071
-15.200858,-6.576058,75.813972
-15.144389,-8.830547,75.814461
48.746769,-4.413204,56.030842
-41.139339,22.704546,31.505548
-40.518658,24.727625,31.764467
-39.692120,24.000345,30.482269
31.222509,-1.586457,39.051567
30.453381,-0.477237,37.238262
30.367571,-2.370666,37.344482
44.455551,-10.723432,46.236370
28.106773,31.829847,63.466297
29.262884,31.865435,65.697815
-12.644362,34.247974,28.443453
-12.159446,33.692493,25.961344
-14.314648,34.253292,26.823799
-13.005585,34.748631,30.877361
-11.027580,34.106091,29.941702
21.184624,-36.083374,43.596333
22.719795,-36.075203,45.580936
4.882550,-21.577032,12.063230
7.166286,-20.724150,11.822117
6.807397,-22.456266,13.511996
20.785666,-22.617743,22.211517
18.519772,-24.272362,22.213804
19.313236,-22.621172,20.679298
21.377638,-11.871091,13.219736
19.790415,-11.778309,11.768600
-18.186613,31.332661,28.618347
-19.445404,30.484047,26.573303
-16.994852,30.466499,26.493469
20.315191,32.620766,57.825932
21.844076,32.871799,59.321278
22.133224,31.755220,57.512764
21.709194,30.129002,54.059395
-13.149674,-31.454931,30.965918
-11.897904,-32.745857,32.333164
-14.176401,-32.242252,32.916145
2.260386,20.483450,9.011705
-48.522549,34.227303,47.860325
-47.856590,33.026886,45.180901
-49.483101,32.192505,46.902733
-47.217316,38.656040,58.028564
-48.359879,37.980007,60.488945
-46.053146,39.561192,59.875278
5.054879,-29.696402,65.318733
4.782625,-30.966442,63.236870
3.040661,-29.747881,64.268188
-14.677912,-44.351601,55.370785
-33.019329,30.060020,28.731133
-10.120425,9.599369,40.453747
-10.537807,9.404909,38.661152
-9.378824,11.044599,39.511295
39.634674,-28.601109,64.882225
41.116692,0.679255,36.094242
40.405743,-1.081362,34.265778
39.723312,1.140189,33.524471
25.607681,12.251789,36.045570
23.996908,14.029213,35.876667
24.212555,12.275128,34.122578
-34.222473,37.188129,40.260818
17.517714,-37.015266,41.831314
15.815628,-38.321766,43.277939
15.298360,-37.481880,40.966793
7.049545,-29.057674,22.486855
51.061234,4.320310,65.246506
51.363983,2.246047,67.470856
-28.243809,-15.513399,26.740324
-30.328644,-15.538053,28.829218
-30.086334,-13.806402,27.444147
-54.355133,-2.966856,69.036140
-54.369957,-4.814187,67.383644
-54.114025,-4.772985,69.744240
51.367260,2.405002,70.488075
51.100533,2.282824,73.054504
-6.753379,-45.895557,57.699425
-7.476104,-46.732681,59.683796
-8.954486,-45.810825,57.530510
-9.920352,33.004295,25.228354
-9.829324,33.408157,27.641262
-7.772082,32.591953,26.052437
-49.341801,-1.497018,47.193317
-50.885807,-1.688334,49.446419
-50.435776,0.703408,47.981697
27.450052,-24.017326,31.991676
40.431259,-6.644806,34.979099
39.230621,-7.165509,33.283409
36.762856,-10.074378,58.536137
35.997105,-12.111742,58.665821
36.957283,-11.263085,60.518364
11.096571,-32.446445,49.562977
12.787063,-32.152763,50.902515
12.711082,-31.707985,48.972443
-43.883625,-20.788029,49.271801
-44.020020,-22.754881,50.959122
-45.439819,-21.058655,51.589344
-43.642582,25.470434,35.352345
-43.951458,27.401659,36.603027
-42.300186,26.914280,34.737495
23.960260,15.254956,38.028610
17.977318,8.488331,9.202335
19.954693,8.559452,11.055006
19.075739,6.261951,9.591509
-42.741074,-28.408327,54.572392
-43.985470,-26.898146,54.711143
-42.790928,-27.235447,53.401302
-19.243633,-1.440151,9.824705
15.021297,10.575892,7.471962
13.573560,12.501443,7.231092
-41.834587,40.378876,51.942139
-40.562126,41.233715,53.961788
-39.363544,41.159153,51.874012
-26.468767,-42.130627,57.236980
-24.439013,-42.032101,55.613819
-24.157862,-43.206356,57.573929
26.345461,-26.459818,58.148228
26.663246,-25.366009,56.245941
25.262102,-26.752323,56.538952
5.783740,28.418226,22.431168
6.067600,28.831423,24.720625
-11.957204,-24.648571,20.060539
-9.676067,-24.873848,18.560068
-9.872499,-26.087410,20.681925
34.522984,10.977493,31.659073
18.243238,-4.585470,20.853931
18.222029,-6.520000,21.545431
19.659472,-5.057722,22.838045
29.492006,25.566271,75.815399
32.168293,26.961964,75.815399
30.019804,27.976788,75.815460
19.881500,-17.080450,32.629772
17.703709,-19.107658,32.697598
19.871468,-18.514244,34.331841
-10.488686,42.151089,56.470505
36.175034,12.387547,66.895279
7.676923,-42.260006,48.806015
6.196771,-41.926720,47.211819
8.482947,-41.486767,46.814941
-14.760734,34.769997,29.071012
-0.680996,-24.144804,14.347830
-1.845277,-25.177898,15.813434
-2.469268,-24.077713,14.355039
2.041953,-35.023479,31.685003
11.698944,1.188391,10.494594
11.834243,-1.051296,11.280835
0.511836,-22.294199,25.715714
25.718599,-14.096540,37.174896
-53.579895,13.122535,75.815239
-53.598320,10.857683,75.815231
-44.543053,17.266962,34.490093
-42.868824,15.816242,32.332520
-44.092323,14.362602,34.054470
24.588619,-33.793812,42.950348
22.641291,-34.564102,42.074970
24.065521,-32.964722,40.765743
14.793230,-31.553642,63.890453
13.049899,-31.009085,65.610985
15.574448,-30.827795,66.243210
-31.331617,31.200689,28.594559
-7.704108,8.495131,17.331390
-9.139508,6.408088,18.064121
-7.993156,6.725507,15.538692
1.826708,-27.580906,19.326117
3.798516,-27.357479,19.153141
3.017771,-28.559839,20.957291
8.119923,-14.860447,7.340835
6.303047,-14.277952,6.436077
6.830347,-16.039946,7.780311
16.689646,28.833702,37.181007
18.076271,28.267094,37.930382
23.365700,18.823154,23.751045
23.701590,19.549974,25.396530
20.540213,-24.101274,24.042242
18.714199,-25.669950,24.460981
8.183353,41.078831,67.749390
5.988559,41.743996,67.866089
7.157384,41.553822,69.803917
-40.758827,42.059097,62.680744
-39.311489,42.432602,61.798332
-40.925793,41.893490,60.977467
-21.016920,45.729446,67.115944
-18.791197,45.644676,66.527481
-20.950565,45.293694,64.889114
25.773029,32.853096,63.006664
23.011002,34.278122,63.291199
43.696983,-2.127373,41.502296
43.188995,-4.760785,40.226810
-23.686342,-44.452999,59.717621
-22.339300,-44.048965,58.034828
-21.547235,-45.045551,59.579811
32.370159,16.079857,35.189873
34.096302,14.174489,35.351116
-15.060865,-7.520476,7.018556
-17.156889,-7.423120,8.717062
28.139297,-38.419594,75.814697
29.825094,-37.407829,75.815536
27.848190,-36.192371,75.815445
25.877033,-20.983120,26.227957
24.606073,-20.769390,24.305523
-55.606182,9.822757,58.375465
-55.540855,11.714781,57.230553
8.613296,26.596201,19.433187
11.156495,25.713539,20.019373
42.559956,8.494994,45.287476
17.445427,-18.168386,14.340646
16.044365,-17.516443,12.859173
17.494314,-16.230522,12.813473
10.388561,21.789688,36.712173
-6.536411,15.560659,32.619705
4.654872,30.050562,28.772051
6.409331,29.243782,26.969992
31.222393,-36.988228,71.830925
29.919968,-37.718891,69.597168
31.994558,-36.412067,69.665848
8.020543,18.747042,73.764366
6.472752,17.992386,71.778427
-31.591457,42.475025,52.318748
-29.616798,42.553318,52.269814
-30.309734,41.990696,50.340984
-40.275764,-36.079185,61.794880
36.843689,-32.162907,66.970535
36.961815,-32.518707,69.482681
-7.127147,-43.478245,51.902401
-5.169465,-43.882648,52.534264
-6.403996,45.082478,71.308380
4.380644,-26.278381,17.677469
6.307952,-25.478176,16.985495
12.673149,38.879669,64.520332
14.596804,38.014515,64.028389
-33.264053,44.997822,75.815308
-31.843603,45.308117,73.648346
-34.395332,44.701672,73.862236
-30.472366,34.413383,33.484604
-30.176142,35.580269,35.553223
9.481732,-20.142580,12.017520
8.773949,-21.759537,13.374957
25.188040,-37.230453,53.442936
26.844967,-35.761555,52.031761
28.546648,-13.853752,42.941059
28.624498,-14.905319,44.575851
30.061342,-12.840371,45.232113
16.967138,-24.939453,40.092968
16.032225,-26.333752,41.289364
17.854876,-25.550716,42.150463
7.002400,-26.433008,71.337677
5.992169,-25.035576,73.088737
19.351620,24.085571,27.296873
19.910650,24.935188,30.256174
17.714302,26.529652,31.120813
12.253329,-17.795000,25.785490
10.053880,-17.534166,23.545864
9.946536,-19.187462,25.692541
30.246859,-34.093052,54.489506
29.052343,-35.404842,55.842258
28.642361,-35.019039,53.583447
-53.974525,4.800888,73.740952
-54.000694,7.395338,73.861519
-5.300692,-28.173592,59.840591
-3.983495,-27.716429,61.693005
-3.630784,-29.329876,60.189362
16.786514,18.937119,14.714352
32.588131,-26.843336,42.032444
34.212215,-25.907782,43.262489
21.003218,-9.189631,26.549135
20.988440,-10.745112,27.689260
22.128256,-8.909093,27.766050
24.603518,-28.426025,34.515118
-23.960855,-48.364712,68.098785
-14.684859,-23.647974,44.420616
-14.951876,-22.656561,45.925869
-14.122228,-24.551744,46.497360
4.737620,8.476805,2.210443
2.567791,8.885708,2.084785
4.256824,10.582684,2.913571
10.490726,22.932220,59.555218
13.707672,23.463724,58.797256
12.485909,23.202341,61.658344
-26.769186,-31.473717,41.393848
-24.974575,-31.710999,40.288895
-25.098076,-32.678219,41.944637
10.964971,-31.482740,27.801165
12.352696,-32.473843,30.139454
-32.606930,41.713398,75.812965
-31.795975,43.655285,75.815247
-33.997070,43.021278,75.815208
-53.534771,-8.465614,59.209335
-36.807888,41.634743,51.579147
-38.506229,40.682564,49.568295
-0.871184,18.057673,50.446743
-0.617486,18.696224,48.269081
-4.670868,11.473377,55.200542
-4.327909,13.210205,52.802807
-3.220618,13.566757,55.361488
42.189075,-25.064011,64.586449
42.814232,-23.220812,62.779934
43.702011,-22.859024,65.093369
18.295753,23.627186,24.704971
14.120420,-8.975757,6.733151
16.226103,-8.571603,7.852810
-8.407156,12.721950,38.447304
-8.021661,12.741090,40.409523
45.886742,-15.460839,75.815315
45.849579,-13.191738,75.815315
-2.924669,14.042880,16.590332
50.059925,6.467066,60.453373
-30.112150,8.303035,18.887072
-30.970694,6.778492,20.020491
-31.562262,9.202195,20.089403
-26.911549,45.231384,66.686493
-24.828016,45.586617,67.534668
-25.070383,45.125603,65.094017
-22.551918,-38.520283,49.168709
-19.666010,-39.446869,49.151337
-55.461567,3.995794,61.162487
-16.170252,12.324805,14.137512
-16.540215,13.926204,13.654930
-18.414598,11.916365,14.019038
-16.259151,16.219862,47.410076
-17.023674,15.068871,48.832443
-15.730466,16.851725,49.363060
-3.628525,7.030048,1.757838
-1.548996,5.628665,1.046274
-3.867693,4.492995,1.053502
-52.155148,5.668962,49.127357
18.389553,4.244965,21.449867
19.303699,5.196543,23.264290
18.141306,6.200725,21.906565
18.398630,-0.126912,20.603264
17.316231,-1.106365,18.952724
18.327505,-2.336898,20.543446
-7.512349,-4.830270,11.876803
-14.624937,-0.354607,35.463726
-15.159815,-2.657683,35.056473
-39.534363,2.946106,30.618011
-39.694443,0.439325,31.825508
-1.996916,-17.136305,7.362283
-30.698637,45.566311,75.815315
-29.541542,44.067860,75.815178
5.556756,26.123238,15.826015
4.667514,27.186539,17.384739
6.954161,26.489992,17.512169
-11.714084,-27.717857,24.455681
34.562794,23.680363,53.086323
35.763878,24.063866,55.215305
-11.003907,-5.206075,16.391020
-43.878464,40.876450,63.995346
-43.034752,41.332058,65.969627
23.473522,-8.247920,13.885917
-27.467375,-43.848000,61.396603
-25.802612,-43.685051,59.689690
-45.259518,-9.279399,44.778332
-46.471512,-10.362082,46.812859
-46.957645,-8.300868,46.568794
-9.406785,-26.354610,56.001732
-9.023726,-27.954756,54.953583
-5.667930,33.295589,32.956619
-3.332031,32.511551,32.247734
-13.877885,-24.632423,21.733929
-50.368889,35.394398,67.026222
-49.534550,36.064137,69.436348
30.433868,10.031282,25.259201
29.110241,9.063746,22.867907
-17.226929,14.989322,11.300120
-18.959650,16.458664,12.264008
-16.357769,16.844830,11.479079
15.537965,2.760586,6.153038
17.575571,2.626569,7.712379
28.004070,-22.679579,53.865681
28.190109,-23.618654,55.979214
-38.165211,41.811962,53.701977
-37.042004,42.323898,55.283230
-36.068176,42.203846,53.543797
25.446777,22.262964,69.344170
26.441120,21.490698,71.872459
23.663807,22.682627,72.131676
19.772339,19.450682,46.739159
-8.953197,-39.892361,45.257252
-8.869918,-40.942852,47.200783
14.510946,-12.337132,21.548267
14.019960,-10.789800,19.488676
12.453704,-12.615837,19.732777
-6.578334,-8.513072,3.167256
-4.700391,-8.785636,2.829820
38.076290,-16.666304,37.965519
36.993641,-16.962873,36.610081
38.005589,-14.837633,36.217003
-26.905415,45.653259,69.143410
23.648970,19.803219,53.953728
22.108742,19.907455,52.295029
-16.267866,-9.543388,8.595635
-14.529852,-10.075701,7.394446
-7.622601,-6.822952,64.121010
-8.851285,-6.652231,61.644371
14.871961,23.075951,71.095703
15.303969,22.685732,73.629532
13.069658,22.231581,72.329399
-6.358415,-28.833277,57.845955
22.987347,-20.430487,21.895809
25.225016,-18.905260,22.875759
9.043512,19.669306,29.038116
9.534819,18.811241,26.619112
40.973724,10.079603,44.105705
41.395443,8.021636,42.724922
-1.109068,-16.060268,16.938135
0.831595,-16.646500,17.665747
0.974745,-15.183603,15.958516
-8.265189,-21.156187,12.265681
-8.001183,-19.397247,10.119771
-6.476536,-21.044304,11.377046
-49.336788,-8.279749,49.746670
-48.757496,-10.824801,50.050800
-50.239471,-9.431299,51.574657
-2.788119,-14.839302,5.759253
-0.166790,-14.100533,5.301587
43.072453,11.442616,48.406006
41.848736,10.837743,46.190517
10.888714,28.743731,29.304491
13.306530,28.052401,29.668655
21.461575,-17.933594,17.540241
19.278236,-18.694067,16.234411
27.125580,12.845042,41.022789
27.985981,12.574435,43.822075
26.557362,14.004662,43.444107
-2.374907,11.829559,11.131969
-1.134477,13.637349,12.431083
-21.200541,-34.322479,41.985363
-19.428947,-35.162300,42.342342
-20.659010,-35.608913,43.846497
-48.972351,15.559907,41.044678
-49.978634,14.635756,42.846046
-49.996494,16.539478,42.500683
33.116550,-21.145849,35.609749
31.298735,-22.229097,34.540546
32.183308,-20.231047,33.455296
7.684522,-25.702803,73.709351
9.008515,-26.866386,72.221237
-54.903511,24.248447,61.643837
-54.560177,25.206173,63.819088
-50.189228,-16.596098,56.058090
-50.071285,-14.998384,54.606659
-48.999989,-16.829605,53.926121
-9.683031,-8.760211,60.530869
-10.019650,-6.509052,59.394592
10.814044,11.172182,11.309237
9.411120,13.056144,11.504057
2.136871,-4.645036,0.610691
-19.971981,18.863039,13.133724
-22.610476,18.610586,14.086151
-21.446110,21.220110,14.170743
19.250053,20.162510,48.798298
35.659142,-21.084431,38.971222
36.199787,-21.868315,40.750652
34.734135,-22.859728,39.738571
24.798855,23.014988,34.649712
25.104187,23.606600,37.639580
9.594662,7.595094,8.315742
10.497995,5.371621,8.841279
-8.675280,-32.327198,29.909035
-6.173085,-32.391346,28.935944
-6.871233,-33.570839,31.261202
-45.238052,-28.687099,58.748653
-43.467175,-30.101974,57.580887
-16.660723,-12.829543,42.395958
-55.007847,5.822834,67.412491
-53.907173,26.732470,53.166588
-53.199131,28.546169,52.322735
33.166626,29.244133,64.317993
35.733315,27.713249,65.073235
35.061642,27.536913,62.573772
32.925026,6.741601,47.065182
33.787540,6.869115,49.083706
12.679670,35.978027,58.932697
20.205374,-40.396729,55.891186
20.852354,-40.580368,58.152508
18.180309,-41.543602,57.552387
11.387634,38.771145,63.197208
10.354012,39.793995,64.983208
5.491755,17.299810,15.935900
5.512718,16.398626,14.036955
7.318802,16.494480,14.812716
-14.057253,-10.907974,51.951977
-14.643679,-8.728137,49.918919
37.074535,16.148849,45.193489
38.705181,15.588577,46.605827
2.629837,16.785948,63.475403
4.025953,17.465708,65.470123
13.486646,-31.024160,28.528158
15.744530,-30.568445,29.349815
14.600870,-31.869946,30.541508
-24.344946,-35.571945,45.971325
-22.696238,-34.831543,43.850155
0.069400,43.345852,67.992432
0.259139,43.493435,70.934082
10.146803,-39.404495,42.113716
9.772423,-40.521332,44.739086
-32.619473,-44.576561,69.373520
-32.586109,-43.897991,67.412079
-17.315104,35.312164,30.467146
-19.619352,35.733295,31.978437
-6.371397,0.230935,1.039531
-7.367100,2.444050,1.525263
-5.294803,2.164092,0.845500
18.622799,-35.876778,40.484482
19.279293,-36.453499,42.286213
7.388258,19.257875,25.276228
9.583154,18.273138,24.205090
30.935278,-23.416945,75.815277
-43.978458,-28.474760,56.381275
-45.480076,-26.556841,56.650368
-23.491854,-47.065155,75.811996
24.410784,4.548077,29.428541
7.496833,35.498783,54.774410
6.869925,34.990280,52.849888
5.578042,36.123569,54.585747
-40.114037,35.377766,40.614475
-42.180859,35.121925,41.728745
-40.447254,36.594879,42.548595
4.493999,-46.352219,62.546249
9.478536,-27.977316,70.319702
10.908191,-27.444206,72.365791
40.400826,23.324636,75.815331
38.293610,22.733364,75.815369
40.137310,21.012411,75.815262
35.661968,-18.071714,35.795959
33.872807,-19.212717,34.553528
34.776211,-17.467657,34.029919
-30.097265,40.564777,46.297997
-38.180325,0.648480,29.636715
-36.638527,1.019854,27.580475
-54.704586,2.372555,68.798248
-40.272869,-26.165863,49.148598
46.807259,3.230531,49.929287
46.567207,5.701415,50.440388
47.672989,4.173039,52.100853
28.646877,26.968298,53.471661
30.497656,26.187422,53.646614
29.800058,25.534485,51.665527
33.219715,-17.875141,32.349632
35.016281,-15.429239,32.458988
-15.016725,-3.673736,32.457264
5.399345,-30.957739,40.986462
7.367193,-30.963085,42.086975
6.866740,-30.062256,40.049980
15.785515,14.209157,9.735732
15.929929,15.848033,10.939371
-27.942240,-44.237644,72.363335
-27.180292,-45.024616,74.058731
-26.131796,-44.906738,71.686981
27.166428,-16.284449,43.265053
4.408806,21.484650,52.844540
5.441106,21.816704,54.358837
3.538700,20.813444,54.346779
25.340811,11.718550,19.163055
24.981865,9.594794,17.311089
20.382502,36.286758,66.003929
19.016726,36.342773,64.225288
9.681311,21.857225,64.320763
12.118157,22.812990,64.582550
10.054289,21.657541,66.659134
24.997894,-7.295125,15.273106
23.725754,-6.284759,13.636172
25.124527,-4.460299,14.910316
28.704853,-28.723278,39.526405
27.457790,-30.481424,40.618732
26.689274,-29.759413,38.644825
-47.990860,27.689692,41.116302
-29.517368,27.153683,21.622194
-31.337158,25.198290,21.960922
31.837082,15.226330,56.254753
30.491121,16.756506,56.964638
-53.672897,24.514730,70.618980
-53.405907,26.755602,69.860573
29.105881,6.961374,21.720926
-45.081955,40.015068,71.589401
-45.501717,39.289959,74.033859
-43.532719,40.878433,73.476494
-3.315229,-13.692364,14.907726
-3.520440,-15.310532,16.600761
5.726569,-36.087475,33.889111
-13.200686,-41.683495,50.093147
17.995146,-43.219398,66.398422
20.679050,-42.075424,66.016441
19.954128,-42.743801,68.319435
12.636665,-44.574257,63.770466
10.861784,-44.780022,62.385677
0.468357,-3.199242,0.200842
2.454753,-2.369011,0.215014
-15.276406,46.366093,71.865585
-15.430390,46.393070,73.827904
-13.381535,46.214958,72.729919
20.296824,-41.582005,62.293850
21.462835,-40.751656,60.434814
30.211472,-16.651823,27.093458
47.844990,1.954386,52.023586
48.459187,3.246534,53.780155
48.632484,0.983382,53.991508
16.975906,-36.322968,39.901585
17.673651,-35.120911,38.215405
-25.014143,-44.996883,61.783794
-22.857798,-45.435669,61.151226
-23.334314,-46.299820,63.290058
-11.913785,-26.084696,22.196356
-9.860973,-27.375496,22.675741
39.042343,24.769180,63.111065
40.150536,23.523165,61.899128
38.310211,24.885151,61.489559
40.439377,23.841492,63.998131
8.564003,-0.823812,8.225362
10.276501,-2.253812,10.229474
10.538888,-0.273845,9.713027
10.510450,-41.121727,46.813419
12.150115,-40.384205,45.745300
22.880991,-1.673830,12.274072
46.490051,17.664211,70.252342
47.650269,15.853917,69.925117
46.929729,17.040052,68.478844
50.248203,9.019924,72.020958
49.790096,9.121162,74.291550
0.380292,-40.978092,44.445473
-0.320255,-41.608376,46.066456
-1.392946,-40.549057,43.776104
32.882988,-14.933327,53.726757
32.986588,-13.027802,52.004414
31.706020,-15.260227,51.526390
13.751641,25.782860,23.557734
-31.227650,43.660801,59.179054
-33.424351,43.497185,60.146378
-31.887522,43.820160,61.197834
-7.338658,-9.235045,65.146561
-6.054007,-9.333247,67.794556
-6.928550,-11.391589,66.017982
22.373352,1.114785,11.853372
-0.788122,-7.486860,1.792946
-1.258541,-10.026227,2.967694
-2.661894,-8.821795,2.535071
-13.547521,-8.711872,22.653324
-13.176214,-11.650117,22.993973
15.024545,-22.060869,16.622290
17.075886,-21.802387,17.720064
15.359548,-23.435038,18.496803
3.715629,36.984745,54.903309
0.253896,38.527103,55.547760
-1.464739,6.839800,71.701653
-0.471501,8.809914,71.790123
-0.911728,7.298998,73.660469
10.948174,-28.845322,23.658468
10.271517,-5.984130,12.181053
8.884844,-7.573333,12.170890
10.633658,-7.723582,13.671873
38.236969,-12.521082,68.844322
-46.926483,-30.459188,72.083771
-46.275784,-31.626945,70.423264
-45.956879,-32.044052,72.155853
39.626690,4.088326,64.521935
39.274700,5.950495,66.401291
24.806456,34.600441,68.380318
-7.493756,1.249583,10.997682
-36.726276,-22.999489,41.944630
-36.200237,-21.643681,40.203213
-35.026585,-23.712635,40.515778
-8.727489,12.496061,30.246267
-7.455026,13.834661,28.131832
-7.551003,14.210909,30.662577
23.676319,16.116344,40.438053
13.314680,-33.393837,32.170513
11.063845,-33.933998,31.797850
-16.211674,43.671265,58.592499
-15.133906,44.197521,61.044933
-13.668719,43.420826,58.815117
-52.615784,17.262434,47.061306
23.334196,-35.045498,43.943974
-9.397811,-15.694551,7.572643
-9.269013,-17.416063,8.831436
-5.406053,-23.963509,28.463140
-7.955031,-23.394154,28.729006
-6.738297,-24.932287,30.333708
17.589891,27.948631,35.434853
16.557213,27.916241,33.517048
15.460208,28.993980,35.491695
-52.351521,-12.386308,58.207096
-47.849934,-16.635679,51.963814
-47.430332,-15.253506,50.511738
8.310125,-31.150288,26.215330
8.686997,-29.718647,24.091885
-52.576859,-14.843881,70.957481
-52.978031,-13.025173,70.319435
-52.879860,-14.230597,68.673653
22.484110,30.665869,75.815361
25.055113,30.474735,75.815300
23.446350,32.042122,75.815361
16.721216,-7.673252,20.211796
17.262329,-5.910522,20.021484
0.702914,-44.024193,52.698063
2.846560,-43.590183,51.538593
2.276131,-44.355095,54.090630
-5.628034,20.527519,10.104523
-6.302269,21.975367,11.129080
-43.873383,39.027363,50.450062
7.125734,36.328636,75.815353
5.380288,35.024273,75.815338
7.431358,34.093399,75.815346
31.627743,-7.104340,42.956234
30.550283,-9.145751,42.087208
22.772350,17.394623,45.066814
-54.084167,-8.174323,63.306755
-53.746834,-10.191961,64.670105
25.407940,-39.143150,61.854481
26.740885,-38.758923,63.628033
-54.395344,-5.929277,65.277229
-54.742134,-3.349440,64.744690
-50.812164,-6.516207,51.166683
-51.630589,-8.103208,53.291191
-4.352914,-14.647840,69.810898
-45.268227,-32.875889,68.508095
-46.678051,-30.810314,68.165237
24.732119,-40.379959,67.306168
19.173765,-43.540859,75.815231
21.108253,-42.494965,75.815247
30.062073,23.597780,48.059330
16.979280,-14.524409,11.321022
15.057878,-16.173717,11.264275
-49.243340,-26.015339,70.741791
29.225628,-23.267879,33.195011
30.099247,-24.126696,35.262238
23.840794,14.252082,19.082216
-36.203388,-11.079256,32.890064
-35.019894,-12.357020,32.130730
-19.252676,43.290924,56.012272
-17.286308,43.304459,56.749897
20.906950,-30.160524,66.509468
23.042826,-29.619213,66.444199
4.239689,41.114059,63.633804
2.831850,42.100082,65.460258
-23.254974,-10.262141,18.221230
-36.875687,-36.358139,57.543983
7.475665,27.614521,21.326546
47.150230,16.417379,71.954201
11.398737,-19.411596,27.174324
9.848310,-20.599051,27.582558
11.803148,-20.415707,28.872309
-43.388172,5.620288,35.368511
15.174283,-44.979103,69.682487
14.511989,-44.786510,67.539886
16.548653,-44.114979,68.128555
28.207449,32.787903,67.702667
8.957248,-16.244020,8.617628
-42.362579,-30.207153,75.813560
-44.146294,-30.291616,75.815102
-43.007202,-32.468517,75.815155
27.516060,-21.690969,51.420044
29.172321,-20.755085,53.217342
28.760448,-19.908796,51.245888
5.373285,-21.214495,25.664381
-6.476366,-31.020584,26.782715
-8.282400,-31.327257,28.092899
-32.529598,5.576608,21.830873
-32.735916,7.882230,21.490250
-31.789938,11.264547,19.979918
-33.356682,10.613643,21.634830
19.952820,-30.726725,33.127583
21.657618,-29.442762,32.901123
-37.791115,43.554546,71.440857
-36.419441,43.868084,69.544395
-38.693790,43.112690,68.744652
-33.132248,44.038754,64.621834
-31.436720,44.095016,62.946217
-33.357876,43.731640,62.296329
4.112559,-27.841398,75.815247
4.365259,-25.417496,75.815239
2.100044,-26.606146,75.815239
7.588867,18.030668,19.065729
5.604226,18.184517,18.525650
7.549489,17.411280,17.048929
10.062189,-35.371452,33.818970
-7.430659,39.238991,49.881012
-7.276596,39.702652,51.515125
-5.761161,38.934937,50.435204
-9.698586,8.090183,75.815353
-7.296199,8.378159,75.815338
-8.756402,10.344697,75.815407
18.181168,28.698984,40.422646
19.956068,27.842804,41.458961
20.312120,27.188744,39.006668
-5.258070,-12.731759,75.815247
-5.812162,-14.889416,75.815247
-4.003944,-14.362303,75.815254
26.057772,-22.006798,49.295395
27.622778,-20.152115,49.487564
11.037625,3.304610,9.432913
11.833373,4.948133,10.262971
-9.636426,-23.393248,57.906178
-8.348843,-24.150124,59.438705
-9.979647,9.924311,5.447464
13.235433,30.002197,35.847565
-20.610529,4.964722,11.168201
21.999479,-27.714195,73.948410
20.571842,-28.391212,72.485313
19.847164,-27.850294,74.162254
6.633093,-46.494484,64.617828
15.577474,-24.985882,20.734488
12.847165,-26.447149,21.052311
13.714811,-24.836845,19.277203
-24.713858,-7.055152,18.219362
-22.919697,-7.314139,16.053734
-23.464560,-8.646113,17.523291
-43.075966,41.336258,68.109947
-41.012234,42.263851,69.063835
40.701550,17.936104,51.604694
-1.982674,5.116658,73.059494
-2.147038,3.716007,75.815285
-2.823323,2.525707,73.682571
25.473085,21.610317,73.970024
-39.697048,11.239799,28.692865
-38.866520,13.046457,27.448322
-37.972065,11.161200,26.610163
46.490532,11.773633,75.815353
45.252300,13.393119,75.815353
44.203007,11.139956,75.815361
13.608458,23.959475,18.896868
-0.286571,-46.894768,61.628979
-0.770314,-47.667671,63.521259
-2.840133,-47.476784,62.313297
-33.965843,6.717574,23.019804
-35.394348,5.214043,24.896967
-9.970541,-2.371902,57.818283
-37.715557,-41.598507,75.815170
-36.108124,-43.162083,75.815163
-9.382572,7.403376,48.391640
-9.688991,5.927323,50.032883
-10.372394,5.765030,48.129486
-2.739150,9.305403,8.025565
-1.239210,10.383176,7.373739
-1.897669,10.995278,8.990196
-19.504438,-45.670128,59.772194
-18.292318,-46.784496,61.574329
-20.774431,-46.381245,61.877167
14.633962,21.488791,44.918354
12.482231,22.061947,45.257786
13.194546,21.816637,43.179337
-5.019840,-40.608315,45.060207
-4.808073,-41.545685,47.024612
-6.922942,-40.725849,46.016529
-16.320583,-8.642719,42.703960
-16.522104,-10.603225,42.593231
-16.505188,-9.321425,40.701077
-5.375255,9.695891,3.115109
-3.594547,9.035312,2.482698
-25.661398,-24.463232,31.502977
-29.885159,15.188640,18.037884
-28.672197,17.328054,17.231472
11.061145,22.249344,43.855373
-3.364442,-40.373474,43.949814
-2.823900,-41.158398,45.595016
18.018143,-15.968471,29.352121
18.108690,-17.154060,30.783358
-35.192902,-6.804334,29.164944
-10.957421,-8.736159,58.099209
43.212341,-25.674850,71.336288
42.053032,-27.335155,72.693497
42.032944,-27.191511,70.529739
41.929749,-27.045122,75.815292
43.317127,-25.637026,73.713272
39.668652,2.324194,62.779259
40.119640,1.667367,64.799515
5.879312,27.680902,19.781908
3.081982,28.176880,18.776777
37.530006,-9.170022,31.661940
36.245987,-8.616062,29.613707
37.670483,-6.741627,30.838713
-45.638786,-2.319672,42.389530
-46.733917,-0.568764,43.248688
-47.840229,3.149245,43.433628
-47.760910,1.095649,44.095394
-7.012212,8.087173,2.922371
-7.445601,10.342321,4.185942
-11.410136,-17.749802,24.850443
-10.446162,-17.095837,23.039700
-12.479406,-15.496529,24.318804
13.548744,25.106039,21.428457
15.771397,21.287285,47.002293
16.681662,20.741898,45.137932
17.867081,20.427322,46.883953
-22.148972,35.287201,30.502901
-49.186501,-13.551406,63.875675
-48.795094,-15.967033,64.896317
-48.625965,-15.698563,62.709476
-32.516666,-45.439163,71.742638
-34.346024,-44.439312,73.072479
-34.326027,-43.880299,70.660637
22.626978,-29.425991,59.174767
24.165009,-28.718742,60.165180
0.308906,9.528846,73.832611
20.216784,-8.254367,24.966328
18.580938,-9.669539,23.875067
19.787350,-10.280032,25.847925
18.601030,21.018032,50.862804
9.746404,-41.819134,48.499001
32.153271,24.815050,52.640476
27.007946,-0.397031,31.528069
25.586998,-2.107511,29.689165
27.151726,-3.191677,32.012177
12.532504,28.455309,75.815346
13.981251,29.923964,75.815353
11.930461,30.825085,75.815346
28.067081,20.564766,35.604340
28.534662,19.475061,33.745377
20.626255,-42.861603,72.178429
20.319817,-43.051773,74.205238
37.136906,-20.130047,40.153854
48.794991,-14.001126,74.166924
48.647079,-14.689166,71.842484
49.364120,-12.312044,72.737183
21.093100,-16.976875,33.919186
-24.568542,46.030159,69.993820
-26.243177,46.101688,71.766647
-46.780209,37.490128,75.815277
-45.406982,38.943268,75.815285
-11.839476,7.060569,38.094849
-15.085681,-19.511086,16.005032
-1.428940,-3.264324,7.018846
-1.832557,-5.593344,8.404080
0.329081,-5.340364,7.796474
-24.872421,-16.158247,37.726360
-26.229904,-16.697247,35.574383
-25.488926,-18.113693,37.644356
-51.297634,-19.082582,62.478832
-3.919403,36.534885,75.813950
-2.015424,36.340439,75.815102
-15.539124,-10.527396,47.851074
0.200278,-45.966278,59.047127
-1.898911,-46.590557,60.247215
-12.835293,2.330024,5.040533
-17.925003,46.106266,69.010567
-20.244785,46.050762,68.744034
12.935861,30.757889,38.181011
14.967514,-29.495743,27.170206
16.437105,-28.096609,26.168369
17.432323,-28.879753,28.127256
-33.248180,25.063246,23.878345
-54.853535,16.234200,53.137745
-54.273003,14.642632,51.383118
-55.011436,14.066781,53.989281
30.843605,-36.889091,67.294922
32.288754,-35.657455,65.709335
10.347097,-37.727219,38.530380
8.951579,-38.841236,40.280132
7.520686,-37.764858,37.540272
34.924034,8.866723,30.395481
36.160557,8.829492,32.174259
-47.097435,38.063904,54.238411
-45.875511,38.428288,52.324360
-46.568523,-4.913235,44.716919
-46.711971,-2.691173,44.063652
-45.296272,-4.137720,42.652374
-15.189839,-11.614399,8.590425
40.094696,3.160944,67.108528
-15.790271,32.669121,20.849720
-17.757767,31.561857,19.159008
10.849860,-42.564354,51.918949
10.897040,-42.052433,50.070904
-2.084088,13.940699,57.666351
-1.690020,15.439910,55.729282
11.630510,-25.476500,19.002899
20.969835,35.271404,63.597809
22.508360,35.117237,65.139122
-52.253716,30.100145,71.380135
33.946957,12.029759,54.926689
32.703297,12.311177,52.970463
-44.297211,0.586056,39.057434
0.177110,42.756260,65.445053
35.387737,-8.012297,53.319809
-20.049801,-41.150684,51.835476
15.198119,-42.563713,57.465450
16.423910,-41.756260,55.382351
-17.596052,-41.203808,50.888905
18.789419,24.620995,75.815353
17.719946,26.558731,75.815346
-14.987848,-17.437094,49.599632
-15.632793,-16.532831,47.914455
40.120956,3.195325,69.347687
-44.574360,36.008175,45.055340
-44.042233,34.823483,42.907558
-45.756046,34.322098,44.059250
-15.634676,-5.254433,43.329193
22.428457,15.485879,18.252148
31.355421,-23.339092,65.207413
32.078918,-23.046556,67.508308
-21.535269,36.623116,35.442234
-32.338383,37.813904,40.796837
-32.199856,36.827553,38.891792
-21.737818,43.203030,55.043507
-19.754349,42.603287,53.294647
23.518007,16.544844,42.598629
25.375692,14.863692,41.921875
-9.207500,19.207815,10.289311
-7.307408,18.889021,9.536591
-42.891476,-0.426135,37.261627
-23.019560,34.623089,28.662813
-28.876989,33.986851,31.394547
-29.748882,32.598377,29.329203
-4.965384,-20.073933,10.019823
-4.149879,-21.828352,11.769643
17.980898,12.181545,27.049385
18.789839,10.473423,26.384508
42.425411,17.620192,53.687641
10.176870,19.597174,10.073849
10.807785,21.037632,11.749475
12.261602,19.400415,11.065397
-35.232643,32.685722,34.073929
-35.522606,31.123934,32.331684
-13.909571,40.853374,50.374329
-13.062915,41.396797,52.437794
-11.696354,40.532387,50.700333
-18.403858,-38.458786,47.134346
40.745506,24.180338,70.298615
41.640209,23.221630,71.787827
-40.621094,26.583344,32.911636
-38.834393,26.024765,30.768404
-37.650181,23.012085,27.734715
-37.817291,20.700300,26.948957
-39.311699,22.205164,29.235374
35.966640,10.810558,34.013699
37.378902,9.539608,35.342220
37.313656,8.498458,33.921482
-4.373127,-31.796520,27.277643
35.545025,9.498925,55.216331
35.271217,11.719255,57.814514
41.843971,1.689144,38.198990
41.990631,-0.453178,37.646603
28.921934,-36.160728,58.080376
30.269936,-35.031555,57.550648
15.074775,-6.950189,6.632885
30.429018,17.821367,34.355972
-14.235475,3.123101,6.189034
-12.362840,4.460780,5.041729
34.285671,7.820141,28.873623
33.401009,6.692593,27.134031
32.473934,8.859353,27.185648
-50.196209,-20.665636,75.815186
-48.808037,-18.818151,75.815193
-50.850685,-18.433847,75.815178
25.858545,21.633511,62.802834
27.582382,20.373814,61.524319
27.310600,21.071239,64.096626
-48.972088,-18.691519,55.311371
-50.099731,-18.375895,57.476303
33.064568,-35.415997,67.671143
27.688631,-34.492626,49.869198
26.569979,-34.526600,47.781170
28.786987,-32.915691,47.739811
11.526322,-32.996895,57.849747
9.017751,-33.139252,58.691589
11.233745,-32.678543,60.253307
17.919527,-26.714769,44.220322
19.436766,-25.369478,43.968487
-1.218235,19.429127,75.815338
-3.758452,19.076757,75.815125
-2.064854,17.284506,75.815331
43.065880,-14.743182,46.523670
43.675278,-14.928963,48.890400
42.452267,-16.908276,47.905090
8.113307,-0.706609,1.410216
9.795076,-0.469759,2.136389
41.315697,-18.099194,46.312031
41.803154,-16.535559,45.345837
-9.655399,11.298780,32.426495
-54.722630,4.754756,69.239365
-29.432262,4.637487,19.026838
-28.226532,2.786031,18.332449
-29.722845,2.981793,19.755363
-24.686285,-18.686724,25.704931
-22.096369,-16.423698,21.357460
-28.169905,35.238869,33.720127
-27.870928,36.419891,36.304443
36.444641,11.344080,62.155800
34.519653,-33.430405,63.639248
-44.989159,-32.526917,75.815163
-46.247234,-31.302744,73.814896
-44.716991,-33.753948,73.318138
-44.403603,-13.171054,45.468803
-43.962303,-11.379216,44.020229
-42.937653,-13.363238,43.659290
4.933582,21.928539,75.815323
6.795118,19.763666,75.815323
7.379524,22.232874,75.815331
-0.014531,-25.315630,15.911108
-16.875046,12.892487,10.617077
-12.976439,2.601026,28.883921
-11.969900,5.070313,27.660723
-17.641390,39.935703,46.277534
-18.387156,40.694672,48.042923
6.809362,38.784416,60.415989
-11.344011,7.302543,29.402094
-10.826110,7.559525,26.836445
-10.294961,9.379907,28.710251
8.548249,22.609991,57.686226
8.997331,22.905535,55.464371
11.092201,23.186253,57.042904
44.465916,-15.565964,53.178085
43.523880,-17.125286,52.395004
44.130623,-15.168118,51.096157
31.829859,7.490797,25.604218
32.683167,5.531716,25.736979
-44.952869,-25.303238,54.534000
5.945535,41.771248,71.866730
-50.732513,-22.226927,67.904594
-50.506500,-22.513170,65.344963
30.799522,3.743682,38.731350
29.641947,4.499748,36.608223
30.162352,1.953588,36.849659
27.213354,23.365547,42.798325
24.974615,24.805174,42.280609
-34.522400,-16.406141,34.182594
-15.802792,-22.780540,21.080935
-6.131986,29.633644,17.607388
-4.228251,28.832624,16.843990
-5.805149,28.125040,15.593616
25.293385,-24.946648,52.707424
26.784939,-24.305681,54.336262
26.679211,-23.447512,52.607700
-14.527061,0.325465,37.455963
-15.113914,-1.747511,39.163612
47.617241,-12.176881,60.656727
47.873562,-10.371561,58.958447
48.497414,-9.988768,61.171848
-6.633184,-5.216082,2.048829
-6.115808,-3.212513,1.327192
-7.563145,-28.128225,22.522081
-6.171062,-27.371723,20.540565
17.016390,-40.363018,50.420185
17.385542,-40.840939,52.825893
-49.740379,30.466528,45.547760
-51.082573,30.356783,48.013039
4.179760,-25.151556,16.083357
-21.902889,46.299084,70.590668
-25.544540,-10.116253,20.836241
-24.680305,-12.310398,21.199051
-26.420500,-11.467393,22.469339
34.212341,-16.380690,59.527588
34.253067,-17.094025,61.158157
35.238144,-15.197550,60.999985
16.621042,23.712072,67.353256
16.285837,23.715008,65.324760
-13.891265,45.177650,65.377884
9.363008,3.249889,7.829298
8.677321,5.554246,7.196802
16.245424,-27.214287,43.032219
16.628450,-28.187462,45.308140
38.363438,-13.021140,73.447815
39.142548,-10.520584,73.689163
38.750603,-11.782581,71.262192
50.589584,-6.238131,73.632423
49.896645,-7.804286,75.815331
-2.105769,0.021652,0.116935
-0.936466,-1.827710,0.041638
23.887768,26.781977,47.311134
11.036407,-14.057961,20.040520
10.348667,-15.727933,21.453169
12.461033,-14.216883,21.542320
35.179600,16.164692,42.201828
35.894749,14.636322,40.911613
34.031021,16.393806,40.236706
45.617619,-9.462791,75.815331
47.321896,-8.273748,75.815331
44.725822,-7.570068,75.815331
-36.864769,-5.738674,30.755192
-36.065403,-8.089266,30.957491
13.302875,-7.487047,5.724197
36.582195,10.266471,59.736629
-46.385834,-29.640591,63.056213
-7.591318,-41.500084,63.007122
-7.827830,-43.747639,64.300827
-6.371388,-42.418625,64.510864
-52.887787,-14.319782,64.714706
-9.419638,-19.226343,24.321480
-9.367519,-20.858627,26.239086
-22.061478,31.468290,20.301514
-24.258108,30.862953,20.928413
-22.280325,32.523994,22.202042
40.751434,24.158625,68.359375
41.991287,22.957861,67.369095
1.996310,-37.925133,75.753799
2.600212,-35.447182,75.816025
0.650706,-36.124146,75.814438
-13.691723,-13.512078,52.961868
-14.673101,-13.359890,50.748997
36.022396,12.400460,71.433983
34.323307,14.726418,71.171234
-48.891247,-20.336002,56.650360
-11.492982,-11.258770,57.344978
22.292065,-37.158882,47.894615
-55.086010,0.239340,59.769466
-55.060097,1.615654,58.309135
-54.667892,-0.843438,57.740063
6.984918,41.122368,65.926033
23.494516,-3.876465,13.057761
22.055214,-5.575498,11.766803
24.669106,-28.846909,67.507072
8.359468,9.960071,8.190942
6.344695,10.308484,7.022985
3.680335,-14.909878,6.256096
35.248894,-29.457861,54.107872
33.525326,-31.163576,54.124432
34.188747,-29.841885,52.174801
-7.953462,-20.772448,61.990314
-6.608311,-22.685745,62.862007
-7.628112,-23.256994,61.107502
-4.772308,14.350086,48.164169
-4.723909,15.166758,45.724442
34.856361,-7.874369,27.528069
34.357979,-10.758636,28.156525
33.466190,-8.952148,26.102942
11.117057,-9.738547,15.687284
9.154124,-9.493315,13.879485
8.962847,-11.190666,15.274620
-49.266438,28.540949,43.350178
-50.946877,27.915749,45.764820
13.727151,-32.199589,61.438618
37.816635,5.195972,32.200348
38.830879,3.365290,32.898460
37.660156,3.633651,31.227917
-11.237720,19.620596,11.010016
-40.747471,-38.352928,75.815155
-41.815872,-37.336815,74.303726
-12.016592,38.736042,45.358719
-11.899323,39.348186,47.171303
-9.848336,38.675838,46.407028
-11.972710,-7.871145,55.917286
-3.183221,31.214014,25.474855
-4.205857,31.780891,27.483839
-1.799819,31.151798,27.297249
25.576567,21.325605,60.939518
18.411312,4.551998,8.674173
-7.295827,12.006539,22.751362
-7.905259,12.304881,25.423220
5.040772,-42.833736,49.680302
6.997711,-43.088200,51.289028
5.035918,-43.414631,51.589230
-12.158700,-21.196680,30.129608
-10.998936,-21.033148,28.088558
-11.006687,-10.032513,5.328433
-10.625341,-12.334528,6.121397
-50.223900,3.913208,58.485516
-50.438885,5.881675,59.067043
-50.617340,4.622057,60.572166
-42.973293,13.607517,32.632576
11.536807,-44.135933,60.165051
13.189313,-43.443985,58.904598
-8.297071,-27.097414,21.215561
-8.029264,-26.170479,19.550976
-23.132923,-28.460169,33.784973
-21.587051,-27.922350,31.887165
-20.931395,-29.773321,33.838837
-3.211611,-31.741768,41.595955
-1.591859,-32.531342,43.491879
-0.958825,-31.861273,41.382278
-51.105152,34.469589,56.053581
-50.438408,34.880363,54.194809
-51.723610,33.135220,54.684727
-6.263610,-22.448057,13.038917
-50.451420,23.599607,61.004040
-50.576588,21.285965,59.892441
-50.240616,22.947432,58.380386
-11.498234,-45.874069,57.922146
3.612295,-30.486748,24.138330
1.806968,-31.003662,24.918690
-9.751811,29.505854,38.159439
-10.838730,31.560461,39.069584
-10.725666,30.863850,37.006008
-6.432308,14.426163,41.453793
-6.989399,14.491302,38.584877
-5.224424,16.099010,40.067326
20.681335,-35.187366,41.134739
20.833624,2.248111,24.288300
21.645098,0.790339,24.964334
21.816587,2.747802,25.659052
-44.766216,19.392397,34.874416
-45.571491,20.763742,36.036652
-44.300877,20.986029,34.556084
-36.965797,-19.473543,39.480080
-36.397079,9.962408,28.763386
-36.213821,12.256745,28.309319
-37.939030,11.385825,30.429354
-9.352691,-41.084126,61.346012
-9.331698,-43.145599,62.805889
-53.993176,-6.967983,68.750641
-7.186901,-9.401404,13.801533
-8.328978,-10.677729,15.608897
-48.307484,-7.649039,48.061607
-47.862350,-9.524888,48.264351
-13.526022,46.180546,74.364845
-11.522347,45.905609,74.006218
-42.374592,37.601646,71.939522
-40.329441,38.809643,72.095047
-41.753635,37.831070,73.912048
-3.809684,27.671772,15.303032
-3.188723,26.230843,13.885816
31.460882,30.612350,73.380638
32.973835,29.946096,71.690300
31.204636,31.137522,70.560913
-45.831791,6.549052,38.936653
-45.953842,8.236602,38.473343
32.169758,-4.383489,23.454359
31.949965,-1.873702,23.152296
-48.913006,13.570926,41.420856
-49.520107,12.092323,42.821888
7.457967,-36.544270,35.126465
7.680984,-35.517467,33.253204
10.063787,-36.612488,36.103657
32.952000,16.473713,69.991478
31.534277,17.982759,69.289749
32.783947,16.773878,67.464706
-4.475919,31.268919,23.476618
-2.132903,30.614124,23.208990
-3.376255,30.536537,21.110397
-1.350476,-3.585058,0.342671
0.076315,-5.295561,0.771596
-21.623463,-14.835894,59.666729
-22.337818,-13.783360,57.787510
-22.089401,-15.946836,57.788685
35.561012,-17.183605,66.638390
9.446763,22.498772,12.723298
-1.119100,35.002529,40.406033
-2.940660,34.569168,38.447590
-32.562279,-1.577633,24.029408
-31.131401,-0.478400,22.219471
-2.205885,33.288601,73.554649
-2.109794,31.799082,71.251778
-2.040025,30.669729,73.740364
-17.892307,-0.032698,68.109421
-17.623735,-2.602968,69.485062
-16.835503,-0.490702,70.758888
32.371506,-29.815966,47.468781
31.785046,-29.435141,45.349232
-28.966576,13.213247,17.338984
-30.947685,13.178260,19.035154
-9.656855,29.908236,40.442566
-9.436260,27.558218,39.371834
-26.272314,-43.106987,66.096794
-23.560110,-44.451317,67.016014
-23.795258,-43.432888,64.449158
-11.318519,12.153601,73.531410
-12.099622,12.909334,70.954300
-12.910494,10.653716,71.775131
-41.089764,1.254072,37.310410
-40.671898,3.361881,35.877136
-41.942627,2.825678,37.973011
39.105396,5.760002,73.269371
38.222145,6.964178,75.815346
32.396915,15.683374,58.600140
-46.976868,-15.412699,56.826103
-46.039371,-16.815952,55.740490
-46.317429,-14.726034,54.992130
-12.715096,39.985184,48.529716
12.340470,-42.694382,54.017849
-6.987856,-15.255634,6.582123
-12.408594,3.128054,26.122875
-13.166299,0.783553,26.559292
-12.661008,1.374099,24.306150
18.564566,33.353279,57.976517
-23.949291,-34.646111,50.184158
-23.326534,-32.380444,48.457722
-25.739954,-33.098846,48.769142
23.618481,-39.862900,60.863873
-44.915478,40.340458,66.639732
-29.366482,6.564934,21.958868
-27.807539,7.640776,20.346931
-29.632954,9.496511,21.409519
-36.839500,-3.853469,33.353062
-36.308418,-2.219103,31.972172
-38.136993,-1.646311,34.181175
18.432621,-40.953426,55.077477
-36.864182,43.318062,65.058052
39.888809,13.942420,46.369286
40.376179,12.246074,45.342232
-8.486344,-3.948570,2.459478
-8.156397,-6.733247,3.090509
-13.713116,7.006314,73.439217
-12.194799,7.967206,75.812607
-12.480919,9.529410,73.815605
-54.219402,-6.490249,67.005562
8.863973,11.540733,4.345785
6.865099,11.439685,3.724792
7.933135,13.287715,4.796947
13.460737,-44.697472,65.480553
-10.847287,-42.181881,50.205341
-8.784244,-42.928623,51.065102
-20.038799,-4.967130,63.989948
-20.160225,-2.525898,63.037445
-20.846392,-4.645741,61.690620
33.549919,15.772572,37.530094
35.380695,13.488441,37.221756
-12.139243,32.072338,36.962269
-11.560200,31.013157,34.719643
10.410826,21.127069,34.212448
12.533503,21.040985,35.634834
9.526492,-8.740310,4.371197
11.903061,-9.134970,5.640452
-21.801542,-26.194056,30.069963
-8.821767,12.125112,5.983556
-16.800053,42.657215,75.810959
-18.019100,42.812088,73.535767
-15.830435,42.580608,73.845108
17.146679,-44.259167,70.247070
-1.367499,19.576454,32.674316
18.909708,26.621119,33.441761
19.548853,27.092136,36.385109
16.954643,32.030003,54.492069
16.169643,33.469730,56.727337
40.383747,-18.273863,44.144657
-34.598759,2.856538,24.674061
-8.858060,10.367035,43.829315
34.679600,6.854465,50.972340
0.724596,-28.551510,20.853258
-46.744556,-26.624405,59.051624
-10.571246,39.535027,48.540672
24.264189,-14.135854,34.914146
-42.254646,28.765041,35.863213
-46.062767,-25.004383,68.216652
-46.778912,-22.971163,69.133316
-45.889751,-24.876326,70.579269
-36.325626,-38.500984,71.135742
-38.154613,-36.814640,71.737679
-37.227272,-37.773746,73.243927
50.902817,-4.356359,67.996704
-14.370425,23.378395,13.120812
-16.870716,23.322306,13.551345
-51.455738,11.688027,70.047775
-51.459984,11.948591,67.654701
-51.474602,14.001827,69.215126
-23.452400,-17.838606,49.114685
-22.973234,-20.275826,48.996460
-22.927534,-19.105743,51.113331
10.081502,-47.014927,69.709480
12.187964,-46.640804,71.403481
9.969619,-47.820873,72.226204
-24.382162,-10.296643,36.968918
-24.306875,-8.194866,36.034599
-24.601925,-9.591654,34.571949
-50.096359,19.685415,55.188271
-49.957539,17.833351,53.753178
-49.732552,19.660074,52.435215
6.128775,-33.193455,47.537022
5.099836,-32.696529,45.094513
38.271236,9.075569,36.845249
38.222252,10.426471,38.818081
4.204193,-47.365295,65.362785
-14.951807,14.999257,10.482364
-12.990201,14.066917,9.374730
-14.853615,12.410846,9.559834
-13.931499,35.912712,35.449024
-11.488729,35.508835,35.866344
-12.421493,35.105804,33.370869
-52.142212,25.855291,47.058781
-30.141127,37.759373,40.076794
-29.023077,-19.055454,30.017710
-27.602247,-19.259026,28.804913
7.015970,-33.833290,54.096920
5.354724,-33.992413,53.502518
5.253850,-33.861855,55.382236
8.546287,1.324621,1.589156
14.997482,-41.817493,53.440151
-5.249598,30.468634,19.662460
22.972263,33.906723,75.815369
-24.477610,3.888844,21.077793
-26.552183,4.575661,21.004749
-26.074135,2.758180,22.119144
-22.902218,45.441761,66.063065
-22.399473,45.907970,68.391968
-18.719299,41.676105,50.654827
1.816228,42.761253,67.065239
-34.812614,22.592752,28.512093
-36.294704,23.207783,30.175756
-35.874481,20.949339,28.901754
-1.878540,3.530235,5.001230
-1.466158,6.276222,4.925835
11.899189,-11.348159,17.905609
10.501020,-13.074952,18.454805
21.706436,32.523464,75.815369
20.326946,30.915680,75.815361
12.054360,3.137957,3.620990
13.655521,2.896112,4.752481
-36.574650,26.572067,32.399239
-36.919415,24.878284,31.612131
-35.447739,25.692717,30.838970
50.180119,2.136665,59.394032
26.158972,16.310305,24.736710
27.528601,14.257466,24.602121
-2.711298,-48.584328,64.964600
3.421248,-33.562366,56.712097
38.120304,-13.005466,34.932896
39.327644,-12.689960,36.570793
39.145729,2.771885,60.823330
39.447258,0.616300,61.168842
-7.625124,44.454441,65.688202
19.286604,-41.554909,59.882198
16.904560,-42.442310,59.855999
51.179012,0.653998,65.718475
-9.542195,-44.490463,64.056381
-10.900781,-44.043457,62.920292
-53.777554,22.500586,50.155842
-6.012208,6.251697,2.010950
-8.097935,6.284627,2.655784
-16.134186,-24.388470,65.133430
-15.574813,-26.030388,63.993790
-14.485643,-26.233322,66.037621
39.712730,-30.008669,73.459846
38.633564,-31.104692,70.922630
40.756004,-28.859623,71.381851
-52.877888,28.195559,71.086998
-52.390652,28.222826,73.431709
-16.099070,42.572136,71.600403
6.795989,20.220533,28.964518
4.278524,20.446493,29.136059
5.905489,19.877947,27.046274
-26.101635,24.107925,21.609064
-24.917049,22.794668,19.810457
-24.357264,25.048729,21.133968
24.511154,-27.900894,58.067532
-37.377140,-11.278935,38.375771
-36.071175,-10.593939,36.053165
-37.720985,-9.076635,37.437046
-19.965429,-5.335532,11.211391
-19.198093,-3.428335,9.958033
-5.118570,8.117115,2.422537
-12.857794,-11.877736,7.088134
-11.171482,-13.945340,7.304997
-47.547558,-19.144855,61.674122
-47.953663,-16.812733,60.678833
-48.202408,-17.710875,63.025005
-14.046883,1.656655,35.697433
-13.587953,2.578620,33.614941
-13.278771,3.843673,35.511684
-52.333782,-5.843193,53.553127
-52.631908,-7.257629,55.004932
36.589096,24.544199,57.294445
-7.546366,30.526861,52.084999
-7.003402,31.186512,54.141693
-7.739655,32.793194,52.622543
1.102746,18.520126,55.750954
2.492846,19.544580,56.407230
-45.721001,4.388134,39.658623
0.924173,6.656024,1.233773
0.482231,9.426171,2.244520
34.608418,-30.749390,55.903934
-16.013769,10.692002,20.004890
-15.084212,11.524762,17.549353
-16.857454,9.473272,17.650152
-28.202204,-39.781563,59.897442
-25.547510,-41.284756,60.770451
-26.116890,-40.010895,58.553379
37.465836,26.132395,63.558250
13.441461,-10.691495,7.141703
-51.169197,13.666933,75.811615
-51.271843,14.881064,73.765320
-51.084518,16.390091,75.812080
39.164307,25.123922,65.166412
-51.071323,9.377178,62.657200
-51.267292,9.250168,64.769623
-51.127686,7.033777,63.967068
15.770679,-31.714430,54.677685
14.883317,-31.561232,51.994755
12.969589,-32.539501,53.554764
24.183598,10.681417,32.744644
26.011957,9.918398,34.327831
1.029736,-32.421944,43.012680
-30.347424,-30.991335,43.840561
-28.230286,-31.698055,42.985630
-28.426043,-32.873741,44.857822
-50.839642,16.069712,60.224110
-50.594913,17.636734,58.544167
-50.843170,18.649538,60.793827
12.770456,-43.071949,56.372448
14.237083,-42.436375,55.205975
-23.908337,-22.482929,43.514847
-24.408457,-20.814877,41.581173
-25.012779,-23.002344,41.672768
-12.411065,29.453613,16.472559
-13.465411,27.819666,15.184364
-15.061671,28.820641,16.070263
-13.357487,18.252539,32.608707
-11.826624,20.215345,31.383930
-12.993027,18.183184,29.952600
38.699474,6.009910,34.252216
38.204712,8.133533,35.413727
39.234787,7.203990,36.733944
5.243624,-37.283730,36.069092
-34.182030,-33.621567,50.876091
-36.207325,-31.797356,50.626328
-41.189507,-30.287951,54.617706
-11.502993,-1.012485,3.912666
14.201334,27.645069,75.815338
18.538797,-20.443903,17.393764
19.284971,36.762337,72.193352
19.255291,37.120792,70.259758
17.653522,37.546177,71.802200
-8.239905,-37.750019,40.502361
-6.587018,-38.800808,41.876770
-31.240719,-19.549248,32.687313
-38.123264,-24.267294,49.340229
-36.430248,-26.160484,48.979298
-36.493778,-24.258224,47.327808
-24.053272,20.493689,15.048119
-24.690695,18.439867,14.941900
-11.101069,20.814711,27.469391
-10.608537,22.091419,25.165926
-11.568632,19.482681,24.956234
-14.235527,0.127780,42.416241
-13.775064,0.405034,44.360706
-8.017293,28.798977,16.133574
-10.255713,28.739859,15.875096
-9.848597,30.297188,17.681759
22.613029,-15.866794,34.546932
-28.874846,-3.173338,20.983200
48.927197,13.275019,66.682297
18.259413,2.270310,20.673889
17.477488,0.748748,19.232389
-52.506535,32.784046,61.603695
-52.624535,32.254707,63.537727
50.828773,-3.864172,66.309486
51.120903,-2.499398,67.748894
-43.557137,-24.535248,57.276752
-43.062824,-26.734892,58.829212
-41.980705,-26.167086,56.313774
0.963889,-31.588305,40.826359
3.358495,-31.542408,41.350559
-9.145864,-50.596249,67.670403
-11.325502,-50.237587,66.922943
41.258953,-27.883333,68.966446
11.549679,22.087442,41.411503
-28.781351,27.484022,26.987137
-30.206978,27.867332,28.540627
-30.557243,25.738775,26.717012
8.332538,7.216860,2.701552
9.300657,5.409857,2.563809
-0.446151,25.517210,13.467586
4.882915,-4.812653,8.088455
6.665923,-5.349065,9.255851
6.665020,-3.199700,8.023346
-33.074665,-7.670311,30.891069
-31.867279,-8.722228,30.462576
-31.542053,-6.715755,29.142511
-29.620123,-44.470139,64.897110
-9.377110,-38.145393,60.725861
-7.473665,-39.121456,62.597427
-54.809265,18.342970,67.313339
-54.671696,20.086691,67.416634
-55.048637,18.859085,65.367065
-51.431816,14.412752,66.392418
10.489298,-26.523184,36.593700
12.049442,-25.197460,35.812057
10.374301,-25.436769,34.885147
-11.746118,36.387440,50.917240
-10.016687,35.465443,51.590183
-10.708936,36.705914,53.272987
-13.553602,-13.202098,24.800814
47.236538,-17.685902,69.192848
-48.256920,-27.977558,72.099815
-47.344444,-29.280682,73.991035
-48.223164,-27.300097,74.268501
39.943813,-5.283056,33.807102
-43.428585,-34.148335,64.581963
-41.904022,-35.251987,63.269070
-42.000202,-36.184452,66.043228
-51.339615,-16.236444,75.815193
-51.814995,-13.867923,75.814362
-52.096569,-15.153861,73.656738
10.208497,-14.171738,7.624887
-29.626415,-1.588705,21.131964
-28.088240,-1.651558,19.619658
-29.251629,-38.467640,53.363647
10.243419,-11.802009,16.896420
14.821474,37.106018,62.227398
16.219759,36.036701,61.146675
-0.856670,30.611948,25.385508
38.221508,-31.184259,68.579849
30.392225,-15.920991,49.584915
30.603790,-17.023561,51.250896
-15.565557,-3.730820,37.263107
-15.060128,-1.619293,36.910194
39.568916,22.640482,57.926250
37.994976,22.851315,55.798424
38.158306,23.738512,57.966393
11.884122,-30.385115,44.440571
1.614784,-27.873568,34.210846
-0.214337,-27.074236,32.690807
-0.891244,-28.455748,34.714638
-55.163109,0.697631,63.852886
-55.148067,0.262651,61.579914
-55.012772,-1.433996,63.016636
-17.025595,-34.286766,53.528915
-16.252871,-32.058502,54.883720
-17.623867,-31.930050,53.224117
-13.186893,-52.963154,72.843727
-14.672345,-53.272636,74.105057
27.473030,-5.280646,33.108913
17.172276,21.103251,48.938477
20.062359,22.610552,25.199385
21.375124,22.387293,26.802340
33.999496,-21.928745,37.622425
32.139362,-23.086987,36.555916
-25.037022,-8.783986,32.257240
-24.807425,-6.852880,31.603878
-25.834017,-8.029582,30.188066
7.065303,-9.406431,12.416458
6.888758,-7.508333,10.833838
-15.702353,-4.171829,39.637241
-16.139376,-6.610618,41.003231
-47.846878,-14.334779,75.812569
-48.416965,-11.726733,75.812515
-50.139843,-13.146063,75.814812
-36.887985,-9.266829,32.741009
-24.072788,35.439323,31.881121
40.950260,-26.215355,63.230927
40.204723,-26.102566,60.639843
41.552174,-24.902842,62.177757
40.345852,-24.911057,58.355560
-47.198627,-24.805107,57.797462
-22.217964,-14.706176,20.150963
-9.258837,39.939728,50.621372
-10.701869,22.056902,30.016075
-10.215155,23.433115,27.675077
44.851574,-7.289382,45.148319
45.152004,-8.655366,46.722294
-6.976556,-39.648914,43.855434
17.083036,37.943401,67.555634
-36.054543,-4.321735,29.027004
-36.751816,-1.632649,28.718706
-35.241966,-2.911361,27.427349
-48.549408,30.789274,62.621017
-47.245625,32.932274,61.286983
-47.630081,32.586926,63.841385
-26.426294,-10.172265,30.795567
-27.420248,-12.401482,31.555435
-25.353714,-11.162230,33.020504
-26.307693,40.227478,56.257412
-28.673475,40.268562,56.664268
-27.922775,39.690125,54.322231
-50.735928,10.401989,59.881851
-51.074234,11.997190,62.227219
20.489189,-25.723408,26.367540
19.688864,-27.497507,28.163174
18.120546,-27.181437,26.191126
-43.623604,-34.552750,75.815125
27.513607,-8.517559,34.962185
17.665781,-8.681602,22.022871
7.632277,13.192383,10.207997
-24.559238,-4.187758,29.987080
-24.374350,-4.992421,31.786907
-23.742519,-2.020997,31.634741
-42.355488,33.095032,45.643669
-40.198795,33.314034,43.330730
-40.281017,34.528519,45.890663
-15.422940,36.672176,37.476723
-14.112196,37.215790,40.007236
-12.850848,36.314213,37.747894
12.966266,5.478030,11.784733
14.242902,5.959394,13.966164
17.265539,37.987225,69.530258
18.778742,37.339809,68.042107
12.558493,-23.734219,17.177586
39.184395,-10.187294,69.486526
23.053995,5.829870,28.462776
23.401058,3.212802,27.729761
11.494276,-6.483341,4.413043
12.385170,-3.988623,4.254139
13.717285,-5.423460,5.415005
-24.331478,-6.626927,33.938595
2.841074,-24.294334,75.815247
-18.346558,11.617254,33.030190
-16.927862,13.561290,32.552895
-17.609501,12.112959,30.754683
36.291409,-4.021884,28.446619
37.366707,-4.997937,29.986439
-51.444046,16.484705,68.095749
-51.366749,16.905937,65.931656
-51.324398,18.818455,66.857399
-6.706886,-30.812382,41.591602
-8.935775,-29.937380,42.328156
9.504485,31.106688,75.815346
9.009231,33.156780,75.815353
7.357096,31.910715,75.815338
-17.911472,25.688381,14.707770
-19.581369,27.406450,15.993093
-17.400164,28.256645,16.033947
-34.108532,-18.601152,35.245964
27.183378,-33.401115,45.941265
30.383230,-31.108194,46.391426
21.045311,-41.609348,64.158119
-9.607332,32.075508,21.375277
-11.545678,33.014153,23.360788
-8.966643,32.480762,23.568966
6.271209,21.498882,33.818062
8.315490,21.093798,32.850880
23.621700,-8.499542,29.380236
23.034538,-7.322972,27.980085
-53.415901,18.838215,48.723328
-27.319540,44.779224,64.206192
-28.936819,44.830711,65.646545
22.637478,-19.385067,39.230495
21.734900,-21.044218,40.371120
-32.161419,35.697205,36.778481
-30.158859,36.613899,37.649368
-45.285698,-28.048342,75.814995
-47.514721,-28.014433,75.815170
26.414154,-28.048254,66.122009
6.483654,-12.444369,5.321115
4.425924,-12.958312,5.143666
-43.832695,12.243826,34.025051
-45.108486,12.762463,35.760513
-14.768802,18.119488,44.029793
-13.916368,19.302050,45.397640
-13.150955,20.241402,44.078690
15.413131,-41.242077,51.582150
-24.041758,38.197540,40.273808
-23.296926,37.456577,38.274723
-54.852394,-1.899992,60.606388
-22.426998,-5.543424,14.499706
-23.963697,-5.183275,16.381254
3.319905,35.361626,46.376503
4.628329,35.125008,48.520947
5.276300,34.705612,46.550716
-15.568010,27.477552,21.304846
-14.845215,28.328098,22.843781
-16.756199,28.576799,22.726418
-35.000423,26.675034,27.164402
-48.065693,38.253025,63.219337
-46.746296,39.190151,61.775169
-22.337217,4.353806,39.020130
-22.881182,2.460705,39.844845
-22.381205,4.264821,40.923172
-54.789459,12.309152,69.054077
-55.012993,9.708624,67.647789
-54.696102,9.754660,69.789619
40.098301,-20.222849,46.498753
48.682625,8.681896,56.967049
48.743187,6.515336,55.735996
30.362240,-24.437271,74.009232
-47.185867,-20.910812,70.991646
-46.456814,-22.873373,71.602150
-52.141190,-11.690594,75.811592
6.924352,29.667524,29.107374
8.592661,28.988674,28.000141
-33.866646,21.258610,22.674089
-35.703571,20.872458,24.601240
-2.915694,36.047096,69.194214
-3.760702,36.638073,67.246399
-2.933646,34.981281,67.561996
-41.729618,33.553284,39.628792
-7.482320,-47.667667,69.284027
-5.877426,-48.330181,70.853050
-5.630249,-47.093109,69.112793
-5.232063,-32.618210,49.260944
-2.416566,-42.323280,48.188995
-4.961773,-42.542995,49.274666
25.345459,7.075905,16.598373
26.581381,7.878698,18.643110
26.696909,5.418142,17.774448
-13.752130,45.742546,68.063286
32.569431,-7.793981,24.567980
-11.767376,-26.057947,37.915642
25.772326,27.811245,75.815460
27.678127,29.673206,75.815079
-50.517624,15.050511,57.813370
-1.336166,-14.488425,15.212005
-55.090599,11.609012,54.705025
39.390091,25.281639,67.328987
39.336231,25.405537,69.711723
16.373194,-2.324734,6.682435
-42.331684,-9.630339,45.275562
-41.237217,-8.993358,43.047672
-42.470482,-6.951211,43.909801
27.331615,-14.470153,40.936798
-37.163486,29.956970,32.512260
-37.160820,28.235683,30.891363
-39.023411,28.420528,32.738392
-9.534095,-1.590211,2.699571
16.800707,-20.086647,15.698020
-5.626672,-1.409274,0.890191
-7.354624,-1.678271,1.589252
10.296871,40.415691,67.408127
-38.342808,38.099602,43.657227
-11.926252,1.495360,20.788202
-11.254597,1.816605,18.799126
-11.210822,3.531237,20.671579
-24.520571,-9.207942,19.158932
-15.631018,-49.057922,73.904411
-14.171601,-48.618103,71.894051
-16.351349,-48.265678,72.092621
47.167500,-17.052786,67.320778
47.892548,-15.776492,68.436890
6.267734,19.935095,63.678696
7.890290,20.570917,65.659836
5.799311,19.030136,65.597885
-40.227936,14.926110,32.828495
-39.218971,13.197904,31.761196
-38.942314,15.324074,31.334373
-37.404163,-17.285118,38.524197
-3.509526,33.566463,64.785103
-3.276428,31.796635,65.491264
-2.875439,33.383804,66.704170
-17.215319,46.514755,72.907204
-17.518227,46.436459,75.815338
38.979824,-20.653835,44.346848
37.326897,-21.587946,42.308998
19.389376,23.572926,62.866257
-49.452740,26.866713,57.607994
-48.887268,29.184679,58.817856
-49.782715,26.742508,60.294834
45.669323,18.797499,68.569969
44.239712,20.560410,67.695572
44.328896,20.536024,69.863998
-12.419224,23.672478,19.443037
-14.571740,24.080503,18.181101
-13.074342,21.996151,17.741440
15.180908,21.024334,39.852177
6.988795,-12.338185,15.064518
5.893585,-14.197064,16.467649
-54.377026,17.283993,70.616287
-54.729187,16.869146,68.418365
-54.563713,15.024193,70.008156
-54.397610,11.118100,71.677322
7.968587,21.834991,60.552776
-7.475764,32.868511,28.456406
-6.582961,10.171526,52.032215
-7.591790,9.155498,50.831814
-6.954140,10.581172,50.008785
-39.411762,-18.712317,46.732128
-38.721268,-17.166821,44.621010
-40.351677,-16.446255,46.502396
-44.907524,9.878250,40.090523
-45.952751,11.889000,41.315521
-46.126522,9.644289,42.414356
-49.258091,36.994030,58.086246
33.293816,-29.903557,49.955410
31.939772,-31.836000,51.917706
31.071484,-31.507336,48.862171
0.128469,-30.386816,23.962776
-47.092400,38.340393,71.804504
-46.415710,39.151882,70.239555
-47.924511,37.798401,69.733398
51.312073,-0.180934,67.685822
51.407070,0.626723,69.606812
51.303730,-1.376199,69.651421
-42.736645,-5.830946,39.691757
-43.107990,-7.300558,40.955231
-43.991558,-5.206542,41.253510
-8.525203,-45.431957,65.716011
-10.815100,-45.357845,64.776306
-10.803124,-46.484081,66.635010
3.054461,-38.254467,38.010483
-12.440052,37.456654,41.542515
-11.491726,36.698341,39.806007
-35.964348,-42.373161,69.564529
-35.643864,-41.832443,67.123901
-34.076397,-43.313858,68.327614
-19.149828,0.873729,64.461838
-19.548882,-1.029626,64.207954
-18.911758,-0.732766,65.804390
-3.797468,40.798279,57.668770
-3.540617,39.944500,55.744320
34.567348,14.657505,66.897133
22.360743,28.888092,51.650974
-4.121264,29.984327,63.809452
-4.800391,30.625919,61.176907
-5.244368,27.980091,62.464767
-50.828503,7.167015,61.273888
-39.481846,-11.292153,37.720280
-39.262791,-13.442842,38.649807
-40.879314,-11.802547,40.040462
11.140067,-48.050335,75.815216
11.559800,-47.498142,73.815079
7.589910,-17.721535,9.306202
10.005548,-17.924644,10.283809
28.908054,-15.996460,24.733068
-48.632275,19.948921,46.803074
-48.799171,17.506096,47.301785
-48.303596,18.484188,45.543510
-33.006313,-13.450173,34.470448
-32.250195,-11.679634,32.562897
-34.196850,-11.466268,34.304295
1.788744,-24.507626,14.948631
14.638377,23.505257,63.897179
-27.715660,-29.977880,40.046284
-44.647434,1.938744,42.980888
-44.048691,0.175541,42.769817
-43.680592,1.682523,41.345222
-4.834300,-16.688404,7.179373
22.600399,-27.888279,31.671473
23.176687,-28.887531,33.673885
-17.209991,41.028561,60.990822
-19.688154,41.296535,61.337311
-19.019476,40.679577,58.914631
25.415728,22.192898,65.183144
19.264412,-27.301054,75.815254
17.313522,-27.818678,74.293373
17.093613,-27.293779,75.815262
37.950520,-0.389182,56.672703
-44.879021,-23.703949,52.929798
-43.570168,-25.738640,52.970596
-16.199224,13.241735,59.890282
-17.706331,10.466489,59.789162
-16.450829,11.871609,61.513439
10.544413,-22.916985,15.262590
10.530628,-24.569138,17.259920
8.304129,-24.494621,16.330826
44.050640,-24.098234,69.697838
45.081192,-22.251129,69.545158
45.061802,-22.662243,70.997154
-16.157879,-47.014568,61.285606
-17.030157,-46.088417,59.651047
-21.009909,5.814405,52.966827
-21.608164,4.759421,50.917053
-21.478678,3.918156,53.370766
-13.740993,34.798695,43.575760
-13.628622,33.926056,40.860329
-11.738991,33.318771,42.337708
-31.854567,-6.822730,25.449078
-29.814161,-8.330137,24.136597
-31.534304,-9.350093,26.377680
33.009869,-17.712030,57.969067
34.012287,-15.569615,57.513874
32.630718,-16.820955,55.478756
-17.598080,-15.177438,68.692383
-18.243151,-13.090843,67.916084
-18.610277,-14.964638,66.684547
4.492460,-23.498102,14.090829
45.838997,-3.281615,46.787132
-9.991990,-46.547680,59.269024
-2.091647,37.779434,50.444473
-3.960397,38.636944,51.355164
-27.434591,30.767887,30.792006
-28.070745,31.825581,33.059319
-29.849627,30.855515,32.313686
15.601062,-13.741510,9.951877
-4.274981,25.989805,69.048569
-4.598197,26.551962,66.882256
-5.446033,24.665636,67.747231
-35.808189,2.508302,29.722813
-34.108105,1.102478,28.219843
-34.660347,3.177171,28.182220
-53.322796,0.991498,52.730682
-54.181580,2.344908,54.306973
-23.804224,-19.494926,43.924656
13.553065,31.604977,47.597496
33.989349,-6.819450,49.010456
33.228390,-7.624322,47.675404
33.647701,-8.726912,49.661053
26.434847,-39.833591,71.842529
28.004482,-38.879803,69.985893
-3.077977,-52.169666,72.498016
-1.186857,-52.368893,74.014160
-3.202264,-52.906212,74.352081
7.652506,19.653025,27.466162
-8.574821,10.089600,45.518532
-20.896757,42.063477,51.198090
-20.450493,41.333603,49.183456
-22.621136,41.789143,49.964607
-26.646151,-40.905704,55.234230
48.234928,-12.029559,63.182281
29.786436,8.644186,40.522270
30.151447,6.388935,38.883678
-9.800262,25.212479,31.767071
-10.124494,23.933035,33.238781
-9.695401,25.712849,33.633865
-8.034324,-11.173679,63.943531
-47.076725,-28.042477,62.030983
-47.542625,-28.216240,63.904854
-4.986568,-10.321757,12.873140
-9.039870,-24.267372,30.756947
-1.603714,8.008308,1.823052
-8.764045,27.671612,47.972012
-8.217974,29.784039,49.101025
-8.724469,29.086113,46.439198
2.782205,32.696278,36.135227
4.810507,32.005104,35.215347
8.766479,-26.417505,35.235424
8.837465,-27.717974,37.289680
43.380108,-21.341381,60.911621
41.699768,-23.773878,60.241665
-55.065815,16.658361,66.163193
-54.965027,14.587296,67.464935
-54.524731,18.714075,69.107841
4.470888,15.307519,73.815643
4.069236,14.161374,75.815300
2.962026,13.491856,73.799042
-16.926525,-26.182215,60.699688
-15.829902,-27.994339,60.256741
-15.679464,-26.927328,62.307259
-45.786114,18.619070,36.133991
31.925346,-17.888172,30.636465
14.232818,18.158514,31.076237
16.133968,16.715815,30.700981
16.507805,17.755619,32.568363
5.003315,-28.127953,67.441612
3.200662,-28.411381,66.063034
30.272837,3.347421,21.902666
4.319428,15.620504,12.403754
25.920120,-32.248924,41.702183
20.447626,12.582600,13.419683
21.786753,10.583415,13.876163
20.268614,10.799608,12.302948
-6.075742,-38.414391,64.202789
-7.092326,-36.722439,63.751884
0.401984,21.858875,10.225912
-48.893574,30.369743,66.687988
-49.414680,29.098169,68.302620
-49.646427,28.506815,65.736343
-2.106097,18.716583,40.428741
-3.333931,18.011391,38.915802
-12.222496,38.033302,43.301937
-10.089929,37.172817,41.928734
-55.372192,14.269272,64.407082
-51.352894,9.409132,71.457932
-51.421955,9.484320,68.804955
-49.460636,-10.693379,70.395432
-49.199524,-12.995092,69.365593
-49.619164,-11.089538,67.926880
-18.666906,21.240396,13.319948
-19.591265,23.536444,14.290856
-3.843045,-32.778488,28.799448
32.392319,1.794180,24.179962
32.515770,3.919052,24.937012
33.608280,2.185405,25.756498
-33.312870,15.577174,21.179625
-32.965107,13.299390,20.899557
40.586384,24.084133,66.180099
-16.651623,-11.641984,40.900478
-16.665939,-13.687368,40.449844
1.549639,-39.116467,39.906242
-23.344309,5.165097,19.914452
-21.304846,5.708628,20.127539
-22.288084,6.875946,18.110077
-10.248634,-9.708191,17.113005
9.044202,-32.643272,47.841328
34.303158,27.230827,60.334343
36.263836,26.227114,61.019424
-16.170099,-18.358284,40.996201
-15.911127,-19.859192,42.752560
-15.390074,-20.953547,40.177498
-3.505051,11.991674,57.395901
-3.778575,10.201301,59.386162
-4.792242,9.912648,57.325249
3.594156,-41.974060,75.771347
2.155368,-41.284336,73.415741
2.612094,-44.125687,74.070671
-8.322682,-7.125385,75.815254
-6.001297,-7.786693,75.815254
-53.663052,20.635836,73.406242
-54.113255,19.501892,71.346382
16.361904,-31.273283,30.901005
-27.726803,-8.841371,29.294676
-29.145483,-7.022008,28.207970
-30.184135,-8.948619,29.589113
-14.014449,25.851694,20.056543
-16.595825,25.870949,19.305782
37.519661,-22.768486,44.551239
35.623291,-23.638420,42.150669
-53.782967,22.176689,71.817505
-50.767685,-8.194641,75.814957
-52.724281,-7.166248,75.815315
-52.470505,-9.497024,75.813286
16.024570,-1.676876,17.029764
17.014219,-3.692391,18.900114
15.636833,-4.541796,6.405545
14.364665,-3.190649,5.356811
-52.773430,-13.040795,60.777885
-53.207127,-10.622520,60.021797
-19.677010,6.959166,24.881760
-20.659254,5.390575,23.960985
-20.871874,5.329535,26.515625
-51.083138,21.090296,65.121048
-50.725410,23.445963,63.931595
-50.875397,23.284538,66.164268
-12.037809,18.189743,19.299994
-12.216073,20.019123,18.102207
-12.593964,18.213116,17.094307
9.155851,-42.505383,50.433353
-37.676868,-36.616344,67.078781
-39.105534,-35.460945,67.841042
-37.885258,-36.888245,69.395737
-1.619953,-19.188803,71.025322
-2.655890,-19.901405,69.123878
-3.275485,-17.188921,70.132759
45.943993,-20.851021,75.815308
45.765285,-17.880672,75.815315
43.588547,-14.587223,75.815323
43.570904,-16.640722,75.815308
-5.438090,-20.127726,23.100643
-20.946413,-28.008739,49.579937
-22.198431,-28.400196,47.588593
-21.546734,-29.791945,48.632710
-14.653647,17.600126,38.255875
-13.239731,19.390388,37.916824
-13.556646,18.577549,35.613480
-5.196520,34.698788,37.686096
-5.143932,35.468334,39.733387
35.354553,-24.393167,75.815285
37.120583,-22.670790,75.815292
34.880772,-22.254883,75.815292
-37.534626,31.787733,38.470543
-39.597771,31.068932,39.233749
-38.345181,30.124483,37.012207
-41.281948,-28.700176,52.949215
-0.701313,-11.575819,12.370642
-2.848725,-11.066280,12.446447
-1.908589,-12.761561,13.636330
-31.028828,4.353562,20.658237
-16.441124,34.738892,27.724371
-29.582117,0.887126,20.248667
-48.841225,7.565160,50.865200
-48.864815,10.232662,49.753983
-49.378586,9.868757,52.204506
-2.423748,-34.172966,73.860672
-1.008715,-34.490356,75.813332
-2.676615,-32.948692,75.811935
13.978486,-45.802612,71.191467
13.311812,-45.712303,69.491104
3.986618,-39.130829,39.941006
5.185016,-39.856705,41.695751
3.192357,-39.775631,41.347996
-25.161917,5.314498,19.988255
20.789768,-16.661240,15.788229
-29.797489,41.266922,62.236183
-27.784258,41.709595,64.303421
-30.203447,41.580193,65.256165
-27.402857,-8.903405,22.052702
-46.573452,33.611343,72.274185
-46.637081,33.833321,70.320282
-45.477127,34.999405,71.716766
-37.298882,34.971252,38.406944
27.347063,-27.121279,35.792961
25.959240,-28.613401,36.219910
-1.253560,10.500949,75.815300
1.101504,10.176611,75.815300
-19.016983,13.680117,11.736496
-20.596149,14.648412,12.543427
7.541893,-10.376789,4.451528
21.764425,7.427341,12.531645
23.241640,6.620657,13.874233
-49.108829,35.345917,73.836639
-47.545010,37.324570,73.845650
-50.111202,36.233578,59.947403
-51.301945,34.738182,60.626717
-46.473679,35.266567,46.218147
-15.285045,-9.306439,30.221996
-15.132200,-11.555579,29.463314
13.493600,34.402916,56.755913
-48.362499,-18.018599,65.557785
-54.442825,27.016405,58.390530
-54.747425,25.623945,59.622307
-19.144270,-12.864983,66.051109
-19.172829,7.156880,20.779776
-18.648237,7.968991,18.337214
-20.299423,6.933908,18.659807
-9.311727,43.000099,75.815361
-6.625914,41.894127,75.815262
1.810787,-46.355244,74.383659
0.996399,-45.398811,72.628624
-15.926723,-18.486891,38.918999
9.228170,-32.476891,61.256878
7.200664,-32.644104,60.559898
7.120183,-31.905088,62.323822
-50.825623,13.378792,60.127407
46.655663,15.912959,60.983913
47.458851,14.094508,60.138187
-13.698401,2.743227,37.846600
-3.810151,-37.772224,67.149406
-5.306121,-35.318333,67.381653
-5.621323,-36.839386,65.530403
-14.867178,18.087942,46.922005
-14.260495,18.826897,48.792572
2.378386,-33.042191,45.216373
-0.149840,-33.086422,45.222469
1.067361,-33.606136,47.503883
-2.837183,34.490429,75.814766
25.701572,-24.861456,31.025881
-37.120296,-37.690342,75.811401
-35.852188,-39.060131,73.656624
-41.571327,-7.712686,38.873775
-9.193619,-30.469620,69.139458
-11.340219,-28.917305,67.955475
-9.873665,-31.060570,66.685745
-46.561615,-23.854492,55.667576
35.348675,-33.222736,65.724998
36.638321,-31.631824,64.173630
19.181055,-7.328553,23.142921
20.671587,-6.165091,24.499891
-43.687065,33.594841,41.211349
-45.056660,33.509377,42.380844
-31.347263,23.373106,20.959419
1.249852,16.452473,15.778726
1.425711,17.359711,18.037462
-0.147958,16.384802,17.428911
-2.090187,37.404278,48.753647
-4.086029,38.072548,49.039207
-2.559570,8.350502,75.815285
-0.168440,8.069075,75.815285
-51.120663,-16.443432,58.299149
35.598671,20.111629,48.584698
34.499374,21.545305,49.498642
-13.657935,20.366451,16.499634
-15.212444,22.196831,16.669031
39.776272,24.388065,74.343361
-34.896915,43.876316,66.074821
-36.589710,43.615601,67.342949
-11.848741,21.656540,19.216450
-10.064844,-28.036263,52.870163
-10.734651,-26.009420,53.998421
-22.689640,44.108536,59.074829
6.353806,21.530807,58.368790
5.806192,20.399817,61.218887
-24.478231,-12.664022,37.421883
-24.313137,-11.701546,39.289864
38.611027,-11.920815,75.815308
16.765720,-39.743240,48.052525
-33.826168,26.804417,30.347828
-35.050922,27.310375,31.756174
-15.035772,-16.883572,73.427567
-15.419892,-18.218122,71.848923
-14.439785,-18.491425,73.831177
45.859276,18.188297,72.741974
44.697186,19.247900,74.299210
-8.647684,26.249840,52.506027
-8.024004,26.565134,54.760700
-7.385083,28.716114,53.972446
-51.350533,-20.431465,68.965225
-51.852119,-18.504608,69.758926
-51.917767,-18.475304,67.565742
-53.901257,-0.596669,54.719440
-54.661091,1.288010,56.312099
42.186207,-8.927865,39.343258
41.518494,-10.700012,39.031231
-37.358543,8.531426,26.329685
-35.533157,7.911629,24.397076
-36.669136,6.720603,25.955727
-50.601772,23.394430,43.367245
-49.741814,22.618217,41.931713
37.620831,-0.658743,30.153036
-36.881584,40.231449,75.812286
-38.544518,39.582455,73.716026
-35.826263,40.672600,73.419937
-38.969009,-15.611382,39.577103
-40.254173,-14.073826,40.421501
-3.922267,-25.411665,30.250275
-5.566862,-26.329443,31.974701
14.142738,-24.839994,37.083096
13.511518,-23.797506,34.996872
-28.775221,15.730131,20.365011
-29.788858,14.266677,21.202721
-28.040039,13.977221,19.544798
-34.365223,-40.353355,74.115204
-35.407047,-39.495167,75.812386
48.368690,-6.338847,75.815331
-47.835258,-3.373414,45.824894
-47.900185,-5.994452,46.880260
-49.361095,-3.875798,48.054913
-28.868279,-10.859035,30.366648
36.590134,22.713535,53.682632
35.585239,22.148684,51.592167
-4.752100,-6.655016,71.156586
-5.619410,-6.865287,68.627716
-5.020797,-4.518363,69.834488
29.229418,-15.140625,46.235561
29.152813,-16.703527,48.010284
30.408102,-14.315884,47.791100
22.477972,15.767347,36.237602
22.273819,16.767729,38.434139
-26.652433,-6.767105,28.503836
-50.244133,17.047688,55.822296
-50.383053,19.042517,57.207283
-43.662830,40.305733,75.815285
-34.010162,-31.945854,48.562927
-34.668434,-29.807764,46.615734
28.027763,-31.244219,42.695896
28.529776,-32.100243,45.226265
26.710764,-32.907215,44.050148
12.361168,28.955214,31.505386
27.760078,8.596285,20.673519
28.019001,10.422841,22.168522
-23.477505,-0.356820,39.288330
-23.861656,-2.977902,39.958508
-23.693689,-1.730176,41.829258
41.799347,22.859365,65.429550
-46.746090,19.590410,37.405426
-48.199570,-18.558289,67.884315
-47.767403,-20.298321,66.493759
39.680710,-27.754206,62.801689
38.324322,-28.602640,60.775703
31.520758,-3.811955,40.468601
8.791758,20.627857,75.815323
40.892563,-27.030489,64.921928
6.406540,-39.038334,40.034149
7.591994,-39.900696,42.339634
-4.881897,-30.765331,25.734663
-41.214893,42.170635,73.444221
-40.108456,42.707981,71.131065
-42.593414,41.550381,70.930450
-20.507677,13.353353,14.525764
-22.142418,14.306115,15.312173
-22.548992,12.393953,15.591599
-14.110154,30.376707,17.433140
0.418105,-35.491795,32.683319
-49.360832,21.093399,50.510380
-49.725315,21.797491,53.331512
13.999595,32.988216,54.368393
12.361619,33.170509,53.371475
-29.894197,-42.259823,68.644310
-32.237762,-40.680679,67.641197
-32.273281,-41.328331,70.270050
14.030058,-18.279797,12.360342
-29.617636,-18.582333,36.382809
-30.197456,-16.657240,34.984165
-31.869232,-17.437840,36.648071
-51.285847,12.352143,73.896774
-51.257847,10.135550,73.675362
-51.371109,11.360351,72.231430
-53.481609,12.315759,49.915138
-53.200657,15.090816,48.715527
-52.137249,12.556676,47.150288
-0.306962,37.006130,49.713234
-0.522116,36.665615,47.435986
-24.587742,6.635601,18.920885
-42.336433,24.582800,33.581749
-26.454018,-34.410679,50.318794
-25.521523,-35.592678,51.424622
31.905235,30.668955,68.219376
31.404982,30.707178,66.140587
30.201450,31.693596,68.079956
20.879211,27.572805,43.181633
23.043180,26.235727,43.085186
21.727800,26.714849,41.193409
32.996548,-23.888992,38.573391
39.524410,-9.283892,71.489647
-47.229988,20.065104,42.858177
-46.665600,22.217075,42.156647
-47.537971,21.663527,43.904675
-1.550381,16.229162,6.049179
0.898618,16.638990,6.027728
2.536160,33.474426,38.081875
0.731776,33.483059,37.283386
1.282714,34.319351,39.726772
28.640537,20.663801,37.545761
29.846840,20.240314,39.688023
8.519891,40.914642,71.969009
9.540585,39.966953,73.815681
10.662254,40.209087,71.647377
21.139885,-25.005526,45.912094
44.282574,20.321156,72.167099
42.727821,21.885355,73.340500
-14.773525,-49.883869,75.811935
-13.471093,-49.462837,73.825661
-10.736395,41.320705,67.883568
-9.095727,40.997665,69.476974
-11.527065,41.754105,69.895348
-23.906649,-16.880341,45.282612
-24.036013,-17.045893,43.210976
-2.209610,-7.785922,9.886429
-1.584148,-9.766732,11.071339
0.128595,-8.525745,9.904775
-23.770330,2.314545,13.995569
-22.274937,3.671287,12.494760
-14.700903,5.737606,72.263435
-14.565153,7.444060,71.252594
-15.536417,5.554446,70.558662
7.967435,-48.106956,70.603012
30.977104,-25.216085,37.612766
-44.924248,-6.797629,43.282398
-47.226265,-21.999304,67.239090
-47.550690,-20.731981,68.605461
-7.008094,26.408409,59.038567
-7.829611,25.990820,56.885170
-8.035059,24.883419,58.686165
47.714256,13.508824,75.815361
-33.727310,41.329647,74.153976
-31.752813,41.813755,73.674538
0.586083,-30.202669,37.860653
1.956241,-30.838507,39.409672
2.542490,-29.707705,37.486237
-31.494801,23.637293,25.957745
-32.269958,24.705299,27.401199
-33.291977,22.992895,27.271139
20.635447,4.104826,24.649755
19.657162,2.779460,22.873280
0.492000,10.219052,6.049925
-1.680616,8.609498,6.106400
0.192587,8.329597,4.835547
8.039384,37.524647,58.906708
5.571468,38.093643,58.461422
18.192835,-31.031553,56.512421
17.877563,-31.461365,59.551121
20.208668,-30.444681,58.144527
-32.495308,-20.254642,34.625229
-51.096428,14.687741,62.281033
-51.268005,15.726442,64.094742
-51.291138,13.366071,64.237289
17.615736,-30.202385,30.277166
19.162729,-28.977348,29.813061
18.932467,-30.107479,31.288010
35.942410,-24.963581,45.057964
13.086382,37.829971,62.399147
14.010562,36.558037,60.641548
-4.816471,36.940411,64.925629
-5.694609,38.858700,67.307205
-6.281711,38.431953,64.734497
-49.334072,28.874327,71.011513
-48.700291,30.134108,72.025894
-49.063496,28.764631,73.515251
-46.911648,-17.095699,57.804810
-47.864189,-14.799922,58.697559
-7.730035,17.831491,73.746140
-6.500179,19.743071,73.666252
-7.801493,19.058445,71.748741
30.308167,12.355562,26.836418
31.822695,11.253750,27.950888
11.605107,-19.179638,11.977028
4.414436,-7.048204,9.394075
2.927252,-5.240565,7.806607
38.826481,-9.701534,33.809917
10.403721,20.056311,31.341671
12.983222,19.909319,33.213867
-40.014275,36.534206,50.728760
-41.541485,36.325817,52.417370
-41.983112,35.304070,50.157997
-15.723726,-0.360026,73.231262
-16.593765,-2.849966,71.933960
-15.687179,-2.979728,74.089127
51.234333,4.607320,69.254288
47.990631,-1.143380,52.314117
47.023865,0.404932,49.853928
26.029951,14.885138,23.023252
24.790955,16.852234,23.317883
-16.944010,-24.800085,62.764072
-7.684311,20.796257,10.700736
25.886585,-40.018932,74.214386
24.130604,-41.049561,73.592010
-52.932808,29.219208,69.149780
-53.411274,29.111643,66.322243
-53.640404,27.066465,68.008965
-54.140907,26.119209,65.943909
-34.342892,-44.721275,75.815155
-5.211978,40.032719,54.425541
-13.240888,-9.465633,6.332725
-44.090954,-29.025511,68.302864
-44.268158,-28.362106,70.938248
-43.218887,-30.369286,70.325294
49.129498,-9.697661,63.856228
32.701553,12.190475,30.005161
31.038366,13.297276,28.670761
31.676277,14.440287,30.964334
-54.395485,12.184372,52.211376
4.209575,-30.263250,75.815193
3.209215,-32.870483,75.815430
5.427196,-32.272976,75.815254
24.794861,-23.623999,28.274256
-20.466522,40.694695,47.452286
-38.647507,25.275326,33.383774
-37.815159,27.594809,34.199257
-0.688580,-33.360348,29.091969
-28.883284,12.051570,20.347008
37.903934,5.753697,58.393814
37.807884,3.638649,56.834412
-53.156738,-10.260478,72.251907
-54.785389,22.317305,54.180969
-54.571686,24.505541,54.471848
-47.281429,-19.074392,52.794411
37.600712,26.533426,65.935295
-28.237194,-17.570700,35.269711
-27.506935,-18.828299,36.503731
-10.324722,34.828568,49.525490
-12.462201,35.895519,48.503902
-10.813365,34.368916,47.315350
26.165972,-8.887645,17.119110
37.339813,21.265676,52.148033
-10.786118,35.927193,37.867054
-42.352196,1.304260,39.280823
-42.738918,-0.554429,40.820972
-41.421223,-0.694294,38.701870
-51.173359,17.394732,73.756538
-13.583252,32.297192,35.103680
-44.453922,19.964651,38.116570
-46.146980,19.932341,40.739841
-45.677990,17.611179,39.872372
36.096699,-1.401545,28.213926
35.171772,-3.114312,27.009779
-20.963760,39.821976,55.202286
-18.546721,39.446312,54.607582
-19.604971,40.118004,56.614838
29.682264,-33.165745,50.337475
-48.115810,30.776201,73.839508
3.993305,-20.494759,23.944176
6.456268,-19.893972,24.286467
4.720407,-19.219009,22.386845
1.797196,42.731003,73.342247
-13.077124,-4.684529,52.221355
-10.832932,11.667644,7.006489
-55.258373,17.931684,55.454823
-55.298901,20.048689,56.713051
-55.033440,20.304272,54.710041
27.835665,-38.938046,73.938622
29.092688,-38.306572,71.950745
-15.613081,-10.307650,74.451836
-16.071327,-8.117827,73.607170
-16.258839,-10.522771,72.807434
26.797029,21.900766,36.377724
26.896824,21.187206,34.337479
0.459786,30.559328,27.129253
35.656227,18.870153,46.969120
26.135914,29.933079,57.142250
39.380768,-22.004953,47.936974
5.056380,21.690245,35.388466
4.233142,21.287155,33.252243
-48.138363,7.609452,42.197384
-47.954048,5.205222,42.816917
-31.820980,-25.145758,38.258575
3.310204,-18.752470,9.145934
18.873526,12.623447,11.735273
27.818848,-17.126278,45.855957
-44.876850,40.309029,69.181953
6.791053,-27.650517,35.957047
4.475088,-27.360975,34.409302
4.644758,-28.886040,36.872879
-8.690394,40.433014,52.613251
-7.088188,40.271442,53.474842
-33.890697,36.762890,46.514339
-32.150520,37.269009,47.283207
-33.630219,37.546318,48.644863
33.870716,-5.545545,47.813030
-37.057747,29.425604,35.255394
-39.092659,28.230814,35.819786
-34.817852,40.548195,62.305424
-34.411011,40.894348,65.304298
-36.646614,40.292179,64.640221
-2.766525,31.681341,67.331619
-3.432218,29.313667,66.798431
-2.537742,30.559868,69.181664
-42.527351,-11.283263,42.067215
-42.718964,-23.218187,49.632412
6.374100,-24.176268,15.322414
-39.483425,7.229294,29.246714
-37.999657,7.111286,27.425644
-19.292759,-47.561279,63.530670
8.315742,21.498829,11.029936
-23.248459,21.328564,17.920553
-25.865404,20.441105,19.242418
-24.382820,18.686367,17.517897
-30.134037,10.656963,18.550665
-19.681896,34.648308,38.984612
-22.413120,34.834515,39.176685
-20.925192,34.147640,37.148788
45.472664,10.566225,51.380035
44.627289,9.807130,49.501778
44.206409,12.145048,50.612877
-31.513088,-22.505978,35.407639
-50.545719,-3.705025,67.880524
-50.457027,-4.603664,65.868835
-50.676029,-2.460978,66.794975
-36.627048,-8.056331,35.242477
-35.195461,-9.220129,34.043816
-35.606186,-7.141464,33.389034
-24.919287,23.898851,16.393553
-25.243950,25.646374,17.314514
11.513561,17.000330,23.231995
10.608521,17.186039,21.053518
12.329001,15.856174,21.056190
-40.596554,10.458043,33.824165
-40.964577,12.685785,33.919743
-41.828018,10.897226,35.322258
-45.683708,-12.080577,52.349442
-45.708069,-13.948437,53.396561
-44.700100,-14.176815,51.776478
-16.492064,-17.328527,70.097885
-15.780277,-19.655512,70.234901
-17.504000,14.362316,43.792976
-17.326866,14.694338,46.537903
-16.084583,16.440920,45.255928
0.015179,42.470490,75.815323
2.109112,41.704201,75.815338
3.481861,-51.104744,74.199959
-13.992467,36.980171,49.846085
-15.674747,37.196480,49.076656
-14.576282,36.474834,47.807514
32.012131,0.281195,40.830139
32.831852,0.043134,43.043198
32.455490,1.767809,42.246426
-13.503989,-19.227600,30.249708
-13.685184,-20.135616,32.004578
-54.885155,-1.021702,65.711555
25.689175,-23.562859,51.036964
2.114518,-13.642452,5.186598
-24.796932,-2.835942,16.464598
-24.054419,-1.115994,15.004847
-23.276840,-3.298937,14.743327
-35.871197,-18.202892,41.498497
-34.648602,-17.499577,39.433784
-36.271786,-16.009216,40.280052
-47.827976,14.293251,39.544579
-21.786388,-22.408686,26.301737
-23.584177,-22.619780,28.009626
-24.598080,41.436352,48.679375
-25.253935,42.298988,51.187656
11.485113,-29.417210,68.578949
-16.641096,-14.763661,42.105759
-5.857779,44.374241,66.686707
-42.881001,21.991655,33.183636
-43.273216,19.429333,33.068115
37.989265,-31.682089,73.583801
37.074718,-32.589317,71.635002
9.391208,-30.835905,43.255295
-24.690329,-40.494644,53.229469
-46.694618,-10.800970,53.637032
-46.283264,-9.626084,52.220863
-47.357960,-8.904685,54.139046
-22.388134,8.327363,16.945688
-20.564432,8.072678,16.790121
-22.093325,9.830578,16.028780
-6.289330,18.638767,75.813972
-5.105322,20.570324,75.814278
8.756755,9.836172,3.661887
-43.994453,-34.210419,66.769768
-43.996311,-34.708687,69.302116
-12.089873,16.244434,66.012169
-13.183899,14.182325,66.652618
-11.794924,15.415735,68.132484
36.292747,-16.067148,34.800770
-49.609997,-15.919165,75.815208
-51.895988,-15.788721,60.327969
-51.920300,-14.541706,58.907536
-3.362318,-50.311714,68.440186
-2.984920,-51.293064,70.619293
14.322111,30.780695,41.402637
46.882923,-12.600945,58.162628
16.668020,-20.773306,33.792320
34.388260,-20.171358,75.815292
-3.817598,-10.303063,73.694588
3.987654,-32.992996,58.684113
5.280177,-33.514061,57.340946
8.760944,40.614323,65.995567
-39.601994,35.809414,48.217304
-38.021832,37.158627,50.363621
-2.376832,15.521855,53.480896
20.989677,-23.866810,43.758831
15.669082,-44.034546,65.983566
-14.441348,17.137827,10.992241
33.373749,13.823903,56.756256
-33.237701,28.504879,27.067099
-9.575793,-33.410526,32.251171
-10.799597,-32.071735,30.594404
41.015343,-4.959907,35.536663
-47.567589,-29.513636,70.116562
-48.518547,-27.670494,69.684952
1.829171,36.138706,48.810883
1.440088,36.717789,51.460968
3.843383,35.755852,50.887383
-34.052376,-4.970397,26.951002
49.771816,-9.174701,66.752937
49.940594,-7.159083,64.600845
-3.428809,-39.986053,66.717995
-2.759109,-41.793068,67.404465
-2.143630,-39.692505,68.230270
-2.414338,17.742895,25.332449
-2.683201,16.834579,23.058731
-0.957382,18.130884,23.890635
1.526426,-17.799097,19.275768
-2.257459,5.545140,70.490616
-1.462548,7.686204,69.770782
-44.974483,12.472178,39.476051
-12.886271,-28.339878,65.806458
-12.946592,-27.236967,67.662399
20.467791,9.766023,28.012667
21.408384,7.299222,27.353563
22.507378,8.632236,29.502544
2.482705,18.737301,58.627548
3.010645,18.254025,60.960526
31.741180,8.362658,46.062691
0.403960,18.832581,52.288597
2.661647,20.590162,52.214725
-44.018326,25.019775,39.006626
-45.562923,24.870697,41.238289
-45.165604,22.426306,39.629223
-1.423596,12.095981,62.301155
-1.942980,29.654453,75.812271
-0.203178,30.769188,75.815918
-2.162431,32.141754,75.820381
27.520931,21.150555,66.372261
25.954334,22.062817,67.157356
-5.646602,-1.807397,66.549561
-5.981100,-4.525241,67.066505
-6.650940,-3.401171,64.978394
15.124477,35.168213,58.976852
-3.387074,3.944810,68.380661
-3.018619,3.224185,71.045753
47.949379,15.297706,67.464516
-35.457478,-10.309828,31.435286
35.131351,14.647779,39.070637
22.170589,27.243990,45.430962
5.944955,-28.627630,75.815247
35.191029,2.794037,27.822990
33.807796,4.437454,26.704479
35.191261,5.231127,28.670555
36.562717,0.986172,29.016325
34.978020,0.407683,27.007950
-22.991655,29.719667,18.866808
32.535336,22.335514,48.668221
31.300613,23.960629,50.190384
25.149450,-28.439850,61.804115
36.213497,-26.013390,47.826260
12.704311,14.907879,19.291283
11.289256,15.476681,17.293852
45.500160,17.819735,61.609566
44.149670,19.669838,62.182377
45.457733,18.517181,63.873043
44.496391,18.556549,59.882111
-16.302866,-10.806680,35.966427
-16.393843,-12.709062,36.711433
-16.078976,-12.704051,34.654331
-46.644363,5.840282,45.180817
-45.640430,3.237765,44.286213
-45.570431,5.676692,42.955463
-9.472369,21.259468,62.836544
-9.747304,21.728283,60.759689
-10.932288,20.054279,61.212250
25.869688,-14.754393,19.859045
-18.652180,8.605567,16.589661
-17.920994,9.661036,15.289603
-23.028730,16.710629,16.145123
-20.321367,18.635839,15.420194
-22.434099,19.320635,16.588861
-11.587196,-23.462162,54.420246
-12.308974,-24.410486,52.296909
-21.975206,38.225365,49.710842
-19.977173,38.019447,49.520893
-21.102757,38.731564,51.501076
4.402396,39.477814,60.293335
29.722805,15.561000,29.243658
49.124966,-11.746382,67.403336
49.005714,-11.128491,65.487297
43.170761,-7.623610,40.960415
42.339512,-6.814055,38.759785
33.645977,-18.897499,62.823795
33.278233,-18.341047,60.161423
1.537016,18.583097,7.476067
20.725027,-30.547413,60.698292
43.286480,-16.493494,50.157547
-3.427550,-10.631497,3.460697
-31.300993,-27.850502,40.706047
-16.650661,6.590374,67.150230
-15.605903,7.609887,68.759232
-16.203587,8.498319,66.478279
-3.290323,-7.065232,1.896412
-22.807953,11.763363,13.271572
-22.407827,14.240671,13.328094
-20.886654,12.638742,12.341734
8.970334,-43.062626,52.328472
-42.862202,-35.784966,68.047920
18.790600,28.719238,42.907219
-45.730499,34.315105,73.716995
-47.065258,32.591198,73.789467
-46.435234,10.045729,38.590702
33.756824,-34.513275,65.631493
20.921839,14.368851,15.208879
-55.293034,2.028059,60.423103
20.054825,-29.914301,55.472626
-28.311422,-10.716220,23.900553
-14.963804,-39.543835,47.276775
-13.079389,-39.828857,46.938625
20.040005,15.130035,32.581402
18.063433,15.915541,31.550819
14.746113,20.143723,35.324749
16.578751,19.029211,34.745510
-38.638706,-36.429546,59.900082
-21.580246,40.559216,57.847694
-23.356876,40.041519,55.627247
-36.675385,-39.304207,62.583164
-36.803883,-38.024811,60.251354
28.860947,22.234200,43.102928
28.163279,22.272388,41.606514
-9.447690,45.208515,75.815338
-9.610139,45.646065,73.287979
-24.845146,-24.885054,43.058666
-26.709898,-26.695936,43.309044
-24.492325,-26.763964,44.464138
20.271912,-7.563835,10.564972
-48.522289,21.776239,40.030022
-17.386497,34.426540,39.141273
-18.498611,33.994152,37.155174
-16.431614,33.685001,37.090984
-53.717922,-9.081655,61.398743
25.327192,-38.714588,59.591530
23.109966,-39.698128,58.896320
-23.247114,0.800678,41.703339
-23.438036,-0.443402,43.527542
-22.949677,1.828514,44.032280
3.867728,21.662981,37.473854
4.875177,21.917612,39.394543
-50.940796,18.569292,75.814049
-45.145279,-5.021588,47.657417
-45.813404,-5.660698,49.290298
-44.653038,-7.250958,47.933132
36.812836,-18.569328,37.941189
34.791424,-20.136303,36.717815
-0.723606,34.166061,38.399048
-22.323668,41.007877,47.872620
-10.209434,2.449874,16.553139
-10.367192,3.995720,18.448225
11.525618,-3.627215,12.041894
-16.442533,-16.300705,40.026867
-16.397600,-17.169363,42.947544
-2.343159,33.183586,68.751755
44.422493,-23.969276,72.064781
27.315733,33.183968,71.795151
25.449837,33.704624,73.650337
27.944500,32.387863,74.004852
22.455420,-41.539604,67.815239
-38.181774,16.953072,30.548567
-36.546787,16.688946,28.752287
-37.157993,18.803619,29.670132
-8.944939,-30.668615,47.499607
-7.738104,-31.297581,50.018013
26.831619,-11.221111,18.841278
-35.255608,-0.999190,26.701582
-33.945435,-2.435891,25.797279
16.581917,-30.364883,50.581684
18.277002,-29.033735,49.586899
-24.780586,0.905030,15.262325
-15.379283,-7.420227,31.441389
-3.474895,-28.845812,35.448914
-5.399364,-29.457502,37.241741
-3.013295,-30.135101,37.742306
30.077112,-37.559616,74.251144
31.614239,-36.251953,75.815224
12.447241,-36.562710,37.278362
14.073285,-35.484196,36.208134
15.019286,-36.309055,38.338371
-13.481014,-29.336765,27.974422
-39.986412,-33.569134,64.184898
-39.913662,-32.822903,62.215546
-41.271290,-31.765226,63.186062
-28.142397,-33.105522,49.443535
-27.297520,-31.604759,47.523067
-29.715164,-31.724766,48.684929
-38.555077,-26.766779,47.650120
-14.049369,-26.139965,23.955830
-0.628161,-49.443966,75.811028
-14.729817,46.161236,75.815346
-5.754193,-6.973329,2.393874
-8.166586,-22.543261,14.042511
-17.338907,-23.081709,64.092697
-16.816450,-22.160484,66.198532
-20.771103,8.499228,41.451710
-21.696526,6.240612,42.423500
-21.190306,7.495173,43.706131
-43.117519,-4.081920,39.412094
-41.739597,-5.341291,37.892887
23.372986,-26.865667,53.112648
-9.907471,-5.451376,3.481919
-38.564377,-34.263451,62.526009
-4.447441,-31.443789,75.813644
-5.589855,-31.161142,74.351135
-4.120331,-32.556164,74.040390
5.244392,-31.822262,42.823048
33.462963,15.326524,61.184242
32.763798,16.471521,63.122555
-42.664513,-18.720079,51.355717
-42.329422,-16.986429,49.755058
-43.800453,-16.351521,51.583622
27.220247,31.508232,61.385185
-25.771170,40.997646,47.361401
29.577986,10.838334,44.444340
28.931988,10.820758,42.064388
30.073469,9.421233,42.887318
-13.897539,19.087212,42.111404
-5.501080,-25.390978,17.008459
13.754050,14.321050,21.038090
14.257606,12.807306,19.283903
9.204753,-14.592119,19.137571
48.514935,-13.870706,67.926987
48.389114,-13.007888,65.568672
-9.861836,-31.422949,29.038382
-46.723579,-3.718293,50.248962
-46.839218,-1.359812,49.339027
-47.701294,-1.776069,51.661777
-2.540620,28.873096,71.505562
-3.415296,26.819407,70.713455
-3.006624,26.529413,73.120758
-19.627600,9.607726,33.367298
-20.666029,7.684615,33.681499
-20.305372,8.851789,35.693607
-49.500576,-23.100248,75.815178
-50.250820,-22.196091,73.969978
-49.574951,-24.167007,74.098335
-50.766060,-21.561255,72.179382
-51.014805,-19.838564,73.540161
-53.344933,22.440979,73.919632
-52.698582,23.985577,75.815132
-53.230183,24.285780,73.172424
18.259531,-43.533508,68.766029
29.703836,-8.213499,39.114079
-24.146568,-6.292602,36.827538
27.821274,-27.134537,67.291084
45.024258,19.457945,66.109818
46.544983,17.402781,65.928528
45.441612,19.072443,70.720520
27.396555,10.415904,37.011990
-36.385971,-40.488457,64.880478
-34.676346,-41.684734,65.037796
15.472474,-20.446192,32.189133
13.377630,-21.807417,32.101139
8.068723,20.491770,30.759609
5.880695,20.974060,31.523281
-41.259323,0.536774,34.133018
-15.260023,-4.159410,6.588190
17.267391,15.975878,12.328379
-12.987512,-24.112343,36.884968
37.241886,5.589762,56.227524
36.296387,6.716845,54.492092
36.839115,3.803221,54.279587
21.805120,-7.239951,26.385387
-20.712009,-19.642302,59.333145
-19.480747,-22.183928,60.013969
-19.435907,-20.349106,62.029266
-45.234371,-15.700595,53.549221
37.377804,24.883289,59.413712
-12.744906,-21.989075,52.980301
-13.794023,-22.629524,50.217243
-13.792734,-20.684576,51.384884
39.426579,17.911551,50.040485
39.111347,16.710495,48.330700
-26.399107,6.234368,20.017506
33.973804,0.976673,46.337345
34.407692,-0.919757,47.414753
22.516602,-22.552090,24.075171
33.315563,28.329884,61.615150
-51.308067,-20.170816,71.072220
30.280869,18.951986,71.025558
-9.588228,11.252542,37.121174
-3.606268,9.944152,10.330436
-4.296515,10.741405,12.974699
-27.886736,46.102703,75.815315
4.787431,18.747583,20.773457
6.576419,18.624548,20.736313
-3.374886,16.777260,45.062290
-4.650776,15.979238,43.008743
-3.066628,17.468185,43.211777
-35.723763,29.795311,31.053167
-27.616375,10.126656,19.521885
-25.811453,10.417870,18.070318
-27.077402,12.356588,18.746363
38.739330,-0.224245,58.865013
-35.762493,14.826053,27.735918
-34.385399,12.994075,26.150717
-2.990066,8.497692,63.557720
-3.376644,6.756512,64.744064
-4.037370,6.926606,62.838825
-38.328625,33.495155,37.203033
-40.477562,32.566170,37.741394
-39.462326,34.242989,38.857662
-6.849725,-27.075069,33.735905
24.376059,6.193865,15.064413
-43.394173,5.895471,39.037731
24.560732,8.716339,31.805119
-24.016916,-4.636887,38.388519
-24.152502,-6.498299,38.787037
49.209404,-12.484707,69.814796
49.739910,-10.378543,69.017380
29.505247,21.529259,75.815361
30.453695,23.486872,75.815361
28.088675,23.222530,75.815346
30.140560,16.345097,31.042744
-22.851725,-1.771133,52.126381
-22.814777,-0.003687,50.225399
-23.172091,-2.014576,50.154472
50.546055,6.320383,63.096107
49.859337,8.778017,61.901253
50.280228,8.594842,64.491859
10.045217,1.318057,8.802354
-42.290104,24.930283,36.851460
-42.465969,27.130104,38.365070
21.229694,23.388323,28.700352
-11.228473,4.631754,22.549784
-11.930946,3.533336,24.044735
-12.001800,2.376218,22.321901
22.194717,-39.637928,56.571041
-6.572388,-6.866425,66.391571
-6.147059,9.864566,53.859779
-5.485866,11.386407,53.034214
-8.726459,-5.037913,13.279279
25.228275,-8.225506,31.307550
35.431660,16.965649,43.993595
33.940918,17.639738,42.558296
-51.388630,12.266305,65.740646
-51.277672,11.121338,64.398140
18.017035,-28.335661,47.561840
2.627747,-1.566561,5.682868
2.128472,0.287579,4.854935
47.990898,-8.528840,56.922939
26.433792,23.242041,40.254223
-15.224293,-16.957590,33.187252
-14.812639,-18.828421,33.819359
-49.093910,15.383676,48.859039
-48.687447,15.916220,47.082050
3.506031,-32.374683,43.485306
-0.403436,-32.618523,57.474632
-1.258851,-33.100670,55.311493
23.090126,35.144615,72.125206
21.097973,36.205238,71.264084
-51.294567,31.716248,50.332783
-50.161224,32.499630,48.697498
43.251770,19.095261,57.804531
-43.195271,18.166624,36.338306
-41.874325,18.858973,34.777634
-42.673496,20.646318,35.943378
-0.340833,12.908269,10.107290
0.021404,11.716269,7.909166
22.443645,22.505014,60.496895
-2.319723,-43.663136,68.365311
-3.793329,-43.453869,67.033264
-4.165442,-45.301048,68.017609
29.875317,-11.244664,22.640356
28.949827,15.849674,52.707840
-15.943434,-42.338203,52.131756
-55.104855,23.252644,59.031166
-55.356503,20.788315,58.714920
42.562927,-10.300605,40.970295
42.733524,-12.198129,42.890858
15.812545,23.209103,56.798237
17.855846,22.546093,55.441269
39.723282,-4.755867,63.196167
39.347069,-7.186936,63.992317
40.090633,-5.528766,65.805107
-27.291334,21.727772,21.001324
-51.084793,8.478405,75.814400
-53.594460,9.078046,75.815231
-53.590591,7.298426,75.815216
18.869570,14.845546,13.185190
23.072304,-26.855406,75.815269
21.236280,-27.145712,75.815262
-5.306423,-0.731698,8.543180
-24.065874,43.708874,56.995670
-23.966427,43.224773,54.762890
-8.515388,-8.814749,62.788815
10.714367,-29.826494,42.262058
-13.212424,2.929486,31.320763
19.593164,32.976883,75.815353
-44.818253,-21.314217,56.644829
-44.006718,-20.867081,54.894421
-45.683445,-19.304083,56.729374
-45.037216,-25.295969,74.020615
-44.172733,-27.545898,73.606758
-45.081310,-26.365515,71.742714
-55.061867,22.365810,56.319878
-34.809196,12.617330,22.903940
-35.237228,10.414855,23.641798
-2.374820,14.552381,5.044385
15.599886,21.043749,42.736362
13.747650,21.584158,41.306728
-53.788902,-1.650799,73.323090
-53.289883,-0.617429,75.815208
-53.731655,0.377033,74.172096
20.036865,-34.424526,39.089043
-34.533188,40.273102,59.760719
-32.611008,40.399384,58.781788
-32.232738,40.834873,61.106781
38.398766,-2.533983,58.213257
39.179535,-1.511332,60.248260
19.497953,-12.297058,27.241449
17.895163,-12.144239,25.218727
17.743429,-13.823047,26.744112
-15.495119,41.188236,62.530926
-13.290158,41.174099,64.095802
-53.945175,28.988966,58.866135
-53.228500,31.184759,60.117126
-53.068188,31.303701,57.835945
23.974243,2.147171,13.662077
25.144411,3.099232,15.215513
24.374781,17.656670,49.904465
1.856368,37.397068,54.262470
1.466157,34.827251,75.815300
3.285451,36.563766,75.815346
-37.953594,-40.058815,66.872925
-46.782173,3.629169,41.654659
-32.449436,-31.121098,46.002460
-31.853197,-32.795990,47.634266
-11.937009,-31.677073,61.993645
-12.652655,-29.941914,63.437283
-13.495708,-30.536470,60.916557
-51.882339,-17.523726,71.897888
-51.452686,-17.477640,74.181992
10.474998,-26.142311,75.815254
16.522345,-33.492744,34.493263
-5.014286,-2.374431,68.766663
-4.673619,-0.029053,68.116196
-12.193110,-43.590752,53.256058
-10.680628,-43.240429,52.203793
34.026539,15.286654,68.935028
29.656656,-35.221432,75.815315
31.590219,-34.133842,75.815231
31.185528,16.267387,32.876244
-5.852867,-12.052310,67.953598
-6.574033,-13.576131,66.432037
-18.130850,36.928841,37.215847
-18.846195,37.578712,39.166512
-47.160515,-22.015200,65.194885
-46.580338,-23.775623,66.692184
-46.350197,-24.013805,64.753639
-11.398389,5.476059,25.079824
-21.846338,-1.970694,57.249966
-20.940531,0.274991,59.304298
-21.621141,0.537256,56.455219
44.118187,-12.935855,47.586731
43.434158,-12.655896,45.204411
-7.317461,38.131310,46.317612
-6.219215,38.523376,48.491238
12.056198,39.084576,73.673439
-21.202204,3.027485,55.961636
-20.707689,2.607130,58.462269
-20.291626,5.031948,57.679607
-16.273693,38.688126,53.222351
-13.579309,37.803429,52.626427
-14.534389,38.858070,54.933559
-17.461048,18.776316,12.333906
41.104687,-16.159286,42.998211
-50.982960,1.230267,68.085068
-50.740704,-1.488796,68.622620
-50.820343,-0.626490,66.184563
-26.060200,-22.014095,39.934849
-26.533918,-20.285975,38.192406
-28.038116,-21.697960,38.881580
-18.949596,-16.711313,65.357025
-18.367819,-18.555538,65.691399
-17.800369,-17.368259,67.439964
46.459808,-9.072241,51.508850
-22.902472,-37.012661,47.232910
-2.212997,19.025139,36.964733
15.116120,12.714808,21.677679
15.608961,10.904687,20.253883
10.853124,-38.578545,40.546345
45.191837,-0.958033,45.331703
44.772694,-2.717801,44.115444
44.416367,-0.797357,43.492893
-14.158461,9.314404,70.430298
-14.866700,10.046804,68.046211
-23.424019,-33.649990,42.370911
-24.680431,-34.042679,43.831944
-55.471260,18.501471,58.039116
-14.393337,16.890297,57.670246
-15.750857,14.856964,57.923294
-14.746595,15.472976,59.990479
26.111595,16.153276,49.128117
40.479912,-1.992452,72.090607
40.223892,-3.584752,73.969986
40.197239,-1.253880,74.173004
4.954390,-9.250075,11.254149
2.448792,-8.961654,10.316973
-1.439086,29.730059,19.948334
33.655083,-35.272514,71.817276
-31.088778,-19.543737,37.932129
-9.714373,10.823770,30.071276
-11.706675,20.012058,29.325254
-9.747224,-3.963491,59.015480
-8.851563,-2.556439,60.091034
-23.994740,-7.619951,48.459061
-24.195211,-8.768909,46.127823
-24.151123,-10.421532,47.700752
-38.807030,9.200357,27.944691
-25.199785,-6.063444,29.906061
44.846725,-5.384693,44.512150
44.131229,-4.192282,42.534393
-34.974754,-2.208955,30.348412
-35.650990,0.076058,30.315893
2.092460,10.671142,2.783907
31.622786,-13.642871,49.665859
-4.577964,-38.876823,41.098804
-6.144025,-38.010502,39.937172
-35.917995,39.007629,44.279568
-35.505569,40.110786,46.483337
-22.527029,2.232576,29.768366
-21.893276,4.239462,31.473377
-21.534164,4.527464,29.134960
-49.559727,25.356544,42.250496
-14.427894,-3.770154,47.391403
-14.998212,-3.682749,44.832012
-14.168503,-1.678509,45.906586
29.073097,-24.675268,75.815285
28.565723,-25.626644,73.794876
0.409521,-52.598648,75.815201
-1.465702,-51.253769,75.814247
20.354269,-19.676338,36.413055
-4.841036,4.541610,63.445107
-6.177001,3.312409,61.527966
-47.652859,32.144718,71.776512
-16.165100,-5.419025,73.332748
-15.073504,-4.263357,75.813171
-18.717960,-43.014767,60.581364
-16.414389,-43.133774,60.479477
-18.019522,-42.052078,58.825630
-48.602608,36.707054,71.731102
-4.197512,24.905666,71.318985
-5.026526,24.279390,69.829971
-5.244945,23.126715,71.345268
-22.911020,-12.476970,55.933903
-23.338150,-13.377001,53.782852
-22.778959,-14.815023,55.793972
-5.554020,39.215218,70.351562
-7.158724,40.109386,69.151848
-20.530994,42.893608,73.291763
-23.484629,42.850899,73.244385
-21.736271,42.713539,70.736397
-7.860208,22.345890,11.587735
-6.391470,23.493727,11.993557
-42.468040,41.422886,62.306705
-18.918116,26.252192,19.834198
-17.715960,27.441208,21.090055
-32.447647,-23.579870,37.425117
-51.180744,18.260660,63.904316
-18.482279,12.875697,46.086750
-49.082359,-25.862385,73.069145
37.768242,-28.300695,58.401440
-20.325844,33.361660,23.089693
-19.080759,28.395361,22.574928
-19.906797,27.181795,21.136082
-30.550692,-14.778831,33.652203
-28.484472,-14.175805,32.611370
-30.234322,-12.628555,31.926655
-4.532024,28.042887,64.715424
-52.474129,30.954155,53.037807
-52.924339,31.145746,55.690369
-10.973407,-47.665237,68.861137
-8.869246,-46.984344,67.844978
-11.171062,-18.633125,75.814789
-13.523207,-18.854851,75.811821
-12.677985,-21.069988,75.813408
-7.367476,-12.638405,16.253365
-9.248395,-12.021966,17.467987
-8.165964,-13.689059,17.752438
-52.615986,-1.392953,52.197727
-51.704441,-3.823538,51.497177
-35.903648,35.958870,45.472328
-34.069901,35.825733,44.113052
-35.256046,30.248749,34.856445
-35.925880,31.247349,36.576897
-45.831501,-12.766301,47.107685
-47.425934,-11.691257,48.654770
30.351233,-0.562120,21.259251
31.742409,0.148914,23.075193
6.622977,-24.799612,31.601303
-5.670434,11.992229,51.163036
-28.244406,31.647917,26.036901
-28.210058,30.476698,24.008121
1.821163,-32.303886,27.091095
-47.644672,-4.070166,52.561073
-48.439293,-2.404718,53.955418
-48.401920,-4.604441,54.813145
-35.776741,4.434052,29.153196
-37.144207,3.891216,30.979452
10.356769,-21.766279,29.593933
11.096092,-22.881857,31.726675
12.074849,-21.387743,30.429323
-10.446412,-19.916950,11.983939
-24.197477,11.086535,16.801456
-23.945044,8.705923,17.436977
-22.156376,2.144703,51.774189
-46.297981,32.053577,52.405819
-47.288605,31.249090,54.474171
-47.528496,30.080694,52.618408
50.895748,7.037361,68.290230
50.361622,9.292029,69.397720
-49.518848,10.290432,43.399563
49.790085,-10.190877,74.143463
-48.488098,0.064953,53.030361
-49.130207,-0.611236,55.418522
-6.839324,7.182265,13.480343
-8.102037,4.750774,13.723721
1.393147,-21.877445,72.366913
0.889116,-20.453501,74.016258
-39.620895,38.741882,59.067619
-39.616268,39.056423,61.679169
-41.696335,37.939728,60.488636
16.637444,-27.031048,24.647665
16.673225,-25.844589,22.895844
7.994000,-49.040199,73.368896
-32.434757,-20.548189,39.803055
-33.076519,-18.531620,38.633793
-34.133221,-19.056517,40.160618
19.863365,28.466049,45.471600
-51.408215,13.367548,71.636520
-51.384239,16.550201,71.198059
-6.101817,32.270733,27.176851
13.915083,17.477987,10.561429
5.259315,-38.383366,38.403164
-11.058539,-19.455452,26.273546
-17.521614,8.854654,20.141897
-25.894979,32.279156,33.018333
-24.811008,33.245991,34.975704
-27.482370,33.032784,35.285892
21.275692,-32.977299,37.823742
20.156153,-32.123455,35.446045
-22.912664,-10.493287,55.973492
-23.115168,-8.714460,54.826561
-23.280521,-11.187182,54.371563
-21.767025,-18.280510,57.302414
-22.525515,-17.120565,55.442204
-22.012484,-19.306025,55.373245
-14.618220,12.693474,19.987183
-13.459364,14.844305,20.518621
-13.702639,13.996843,18.134956
36.243477,-6.255497,28.853491
-31.307936,1.435178,21.769192
-21.994648,5.229390,37.482063
-21.443624,6.261507,35.031197
-22.244942,4.195151,35.679977
-0.686956,-35.797680,74.001953
0.750827,-37.475910,74.157242
46.574883,13.832498,56.776859
-20.154297,9.370025,49.048809
-19.773035,9.602801,51.826042
-19.065979,11.423937,50.376312
-8.373698,-32.064499,67.521698
-7.269578,-32.216820,69.120628
-29.746534,-38.297329,58.392521
-30.130955,-39.026508,60.290241
-28.103237,-36.520386,53.950851
-30.623487,-35.657131,54.607651
-29.173578,-37.479092,56.337193
-15.360567,-49.764065,66.541344
-15.090032,-50.836624,68.637581
-17.009123,-50.252575,68.011467
1.506413,11.437951,73.857597
-47.384758,23.326448,44.159443
39.028454,23.722027,59.641727
-20.575111,8.737801,38.771156
-19.326303,10.916915,37.573948
25.227530,-18.308117,42.246826
25.889404,-16.408123,40.662910
5.720693,-40.490089,75.814026
6.626523,-38.530426,75.815582
4.617592,-38.291210,75.809189
-17.337009,-21.203663,20.797430
-23.357414,-16.711897,51.433846
-22.780273,-18.026182,53.395821
-23.142653,-15.740888,53.619705
24.549713,-12.375706,33.568516
45.752998,-17.623013,62.463219
-33.146587,-38.768124,63.668350
-31.572702,-38.922157,61.766796
-33.461548,-37.620518,61.390785
-5.219486,21.797535,73.606682
-3.944540,22.708866,75.812653
-4.076807,24.037455,73.339264
-35.751068,-12.943396,37.268696
-46.950596,13.696524,42.816662
-47.719982,12.561817,44.983818
-46.880394,11.599221,43.282028
38.608948,4.653467,60.075031
5.592625,-40.587513,43.507191
7.167296,-40.979393,44.945358
4.775053,-41.267693,45.136456
-38.324413,-35.477398,65.127731
-13.684050,40.698868,61.833263
-14.952176,40.596516,60.511581
-12.702162,39.967556,60.050507
9.671513,40.767525,69.698433
19.503597,29.025261,47.808605
-35.478828,18.805536,27.912527
-34.935532,16.809464,26.976015
-33.814774,18.919916,26.198669
-49.025681,28.031202,75.811890
-51.430222,29.409101,75.815269
-52.114483,26.912952,75.815247
-7.923301,20.196833,69.497765
-6.432408,21.237963,71.464882
-47.343933,33.057240,67.899170
-46.579144,34.133217,65.588135
-45.903400,34.856342,68.267349
-36.866493,38.186775,52.638428
-39.343124,37.416542,52.654022
-9.546026,-23.312128,16.003609
-7.739608,-24.917126,17.353313
-33.978424,24.628050,28.863495
-1.022573,-41.555309,69.152023
35.170567,-1.021252,49.505005
35.177620,-3.104699,50.084484
35.958683,-2.112301,51.820442
-24.227312,-7.672880,42.302471
-24.266399,-9.478597,43.901745
-24.174555,-7.159432,44.572636
-41.074165,11.620090,30.395761
-41.890793,13.756271,31.192747
-40.376762,13.435555,29.303017
-24.269081,-9.556960,39.132896
-23.862402,-5.153161,47.456936
-23.685646,-5.542500,49.767712
-23.532572,-3.382596,48.776165
9.438868,22.355282,42.600224
7.533467,22.323225,42.400158
9.104523,22.299780,40.728737
-49.754047,27.568407,62.369728
-50.260586,25.675289,62.823132
-34.628853,39.771385,57.118999
-23.389664,32.579250,32.883980
-22.273079,33.462658,35.095737
-39.726772,-22.462790,49.957203
-41.282871,-22.770657,52.291473
-39.459820,-24.708437,51.439106
-31.308676,33.170670,31.828585
39.388851,-18.315098,75.815300
38.701012,-20.592409,75.815300
-19.580475,39.853016,45.460777
23.313858,22.339716,74.373940
24.183949,21.671404,75.815346
41.489685,-22.152781,55.848549
41.221989,-21.547340,53.414227
42.331451,-20.275925,54.682076
10.756317,1.792099,2.714200
-49.186932,6.140857,52.897282
-48.617805,4.726840,51.357338
-36.152466,-20.027935,43.339863
-37.244144,-18.257095,43.377457
-37.907246,-19.302088,45.083508
10.953844,33.311584,52.183701
9.818534,33.307648,49.798595
-53.589035,28.930666,54.730125
49.048244,3.929280,55.614281
-17.327034,32.003330,30.843529
-19.385496,32.592270,32.371117
-19.481050,31.928345,30.333591
-5.756191,36.994980,62.875866
-4.478283,34.946991,63.063931
-30.867535,38.693844,42.199829
18.083710,20.050505,17.847595
19.772873,18.590487,18.132187
-26.768312,-1.774188,25.281010
-25.566055,-3.007195,26.897385
-24.387522,-0.751364,26.301800
-17.007080,32.766953,33.560749
-14.839724,32.374027,33.787426
-15.539942,33.035480,35.482048
-27.682121,1.945633,23.036722
-28.649624,3.985457,22.457359
-29.450636,2.095847,23.799747
-16.113907,-16.354437,37.228760
37.173992,9.370144,75.815346
-15.434361,-41.817581,58.632465
-11.711240,18.922722,22.751902
-12.328860,17.279577,21.233166
-12.446070,17.580477,23.938202
-1.513406,10.782770,64.165131
-1.122030,10.110804,66.434799
-2.180611,8.581104,65.670280
-17.265480,-13.043116,69.983437
-14.711849,-13.879107,75.813667
-15.616565,-12.222733,74.001152
-15.454456,-14.670628,73.542183
-40.396557,38.936001,67.161148
-39.176132,39.463890,69.389061
-41.977840,37.999352,69.536072
7.434020,33.894058,45.580544
6.634405,34.340389,48.070606
-32.868420,38.331215,50.761429
-31.739426,39.254192,53.506592
-34.573963,38.719715,52.854462
-12.478795,-32.610229,59.935665
31.388016,20.193253,75.815361
31.546669,22.028681,75.815369
-17.718594,12.881685,34.507137
-18.985668,11.067806,35.091770
-47.916504,24.232265,46.085140
-46.976768,25.420713,44.402184
-12.926120,-36.696194,41.178726
-10.535819,-37.287857,40.892326
-54.233608,-1.179919,70.768654
-34.595707,-28.055771,48.804489
-36.232822,-27.724709,50.278519
-35.111134,-29.307808,50.687935
-18.865917,10.278124,31.122087
-20.232822,7.936640,31.512398
4.982316,-33.731647,49.405251
7.026745,-33.419708,49.292152
-21.838360,-45.770344,69.225952
-24.618898,-44.859886,69.445961
-12.486439,-43.544170,61.691788
-10.661554,-42.903824,61.789639
-45.255322,0.921682,44.691902
2.430622,27.482479,16.815290
1.180119,28.366064,17.987228
-34.818256,-22.017664,43.433380
-36.632290,-21.824665,45.411575
-35.030170,-23.914757,45.317894
-36.036076,-38.175346,67.934860
-24.116447,-5.692877,40.542435
-24.232424,-8.036399,40.120457
6.171400,-33.123486,58.790447
2.303357,39.208046,75.815346
23.998556,-27.337059,73.914612
-43.428558,15.732036,36.705379
-43.963860,13.437775,37.739136
-42.628567,13.131473,35.963818
-25.280766,16.164320,17.515791
36.129272,27.759474,66.976517
-10.788635,21.591753,57.317200
-10.886755,20.851755,59.210594
-9.873416,22.263872,58.855160
33.773823,29.129671,73.447296
7.146677,40.756809,73.956841
-45.724072,-24.512720,72.282356
16.415710,-31.745893,62.008438
-14.109253,37.986790,42.282051
0.139643,-26.006727,31.193050
5.249517,-34.429260,75.816620
7.276310,-32.910503,75.815262
-10.122396,4.886327,3.419984
31.809484,-10.003976,24.467329
30.780708,-8.366805,22.542234
-10.471118,-7.289284,4.196786
-8.662532,-9.112133,4.069391
-23.678831,-3.106286,46.689934
-23.774212,-2.738169,44.021702
-23.992884,-5.113702,45.291107
37.919353,-11.058763,63.755859
38.503582,-8.969858,62.892056
-10.638275,14.587769,71.983429
-9.999137,13.887686,74.226311
-8.989904,15.763197,73.933090
-35.916016,40.649002,70.837433
-37.733242,40.002640,71.555420
-37.304279,40.193790,69.521400
-27.217590,16.098055,19.027502
-26.499159,18.049751,18.872717
-28.252836,17.589378,20.231998
5.922112,-49.079872,71.225342
5.375307,-50.230598,73.727783
42.395950,-19.405134,52.814163
43.412178,-18.374306,54.647842
26.973152,33.527752,69.403702
-32.283134,-32.487579,51.610519
-31.896572,-31.102863,49.564568
-33.675484,-31.032087,51.144951
-28.928478,-17.499222,28.782602
-6.360807,4.224099,75.815277
-6.977048,1.620485,75.815277
-4.654642,2.847530,75.815277
-23.390024,-24.630713,45.178646
-22.942286,-26.805027,46.298382
-1.384852,-31.703293,58.652382
-2.457752,-32.000504,57.127285
-20.353788,6.821252,28.737436
-21.146164,5.800763,30.726824
-28.624916,-35.324486,48.431149
-14.445271,-47.542839,61.954773
-53.191380,-2.458598,75.815025
-29.116301,-30.069893,46.612167
-29.832283,-28.518166,45.433083
-31.159473,-28.827494,46.525642
8.918471,-33.227577,50.428623
10.907897,-32.900524,51.700718
-9.363771,40.678509,75.812279
-10.312668,41.319607,74.263405
-8.443587,40.611557,73.731354
-11.674865,-34.564739,59.335014
-12.852399,-36.097538,57.318596
-11.067804,-37.098602,59.067432
-31.806139,-37.857208,59.751465
-33.642826,-36.604008,59.528511
-35.213856,-4.212199,31.458525
-43.498688,8.312431,38.353176
16.098946,-24.268179,38.132950
18.014065,-23.251387,38.707203
17.070490,-22.947803,37.211224
-42.810410,-20.691835,52.916012
27.810663,-18.722458,47.960487
29.257160,-18.109570,49.924389
41.040470,-13.263424,75.815315
-43.155029,36.868607,59.252750
-44.684467,35.430767,58.040443
-42.680122,36.738884,56.663326
12.936749,-3.834099,13.639551
13.199990,-1.983644,13.178318
6.775632,-28.970396,38.088409
40.058006,-6.890929,71.853577
40.356689,-4.597185,71.964859
-20.752893,5.401987,55.112453
-27.358608,41.363579,61.782551
-25.182137,41.714970,63.358387
34.998974,-31.142838,58.022297
-31.520573,-0.911904,26.517010
-32.962566,-0.513816,27.624943
-32.612541,-2.202188,27.942696
46.485806,-5.749779,75.815331
48.202843,-4.104408,75.815338
51.316025,0.119432,71.646286
-44.207825,36.469669,68.500839
-42.730927,37.587215,66.883804
-16.940544,23.628119,17.375441
-1.303351,-33.424004,47.387066
-2.540117,-32.941708,45.662220
-3.285358,-33.096184,47.674931
6.144716,30.423962,31.181177
-41.508381,9.290339,31.436352
-43.211208,9.969087,33.664932
-42.542023,11.860737,32.302322
-51.312519,7.224347,70.350319
-51.170025,7.313707,73.232040
-51.107464,4.797878,71.730095
-7.310392,-18.842661,63.801384
-6.716458,-17.242941,65.258064
-18.951960,8.782775,57.940434
-19.424089,6.772268,58.957916
-18.629074,8.259832,59.872807
-14.527637,18.265085,51.213966
-6.367262,-29.742813,24.641674
-23.766195,-2.443369,37.494713
-23.998209,-4.521529,35.680099
41.582169,-23.297634,75.815308
40.688656,-21.683859,75.815292
39.478218,-22.840340,75.815292
49.407566,8.653378,59.524090
48.522278,10.564312,58.325218
49.075031,10.738364,60.818192
-4.812225,33.495018,61.091099
-4.029038,32.346081,63.015545
-7.059504,-26.226706,75.814919
-5.414035,-27.523306,75.815331
-4.997702,-24.681633,75.815292
-34.457527,5.234619,27.396107
-6.716119,23.351297,66.504570
-6.450617,22.560673,68.946671
-46.945549,6.076453,40.916462
30.029884,-18.771688,52.230556
0.135128,19.649683,28.450775
-2.190236,18.486071,27.779755
5.360236,33.412872,39.651993
6.809681,32.772606,38.633194
4.804293,32.881443,37.631844
17.631170,22.935791,74.187218
17.273544,22.399675,75.815338
13.181695,32.511551,52.249695
-52.728024,26.020948,74.201492
-53.100197,26.328234,72.042763
25.427374,4.899421,15.989619
-10.621429,-31.897655,63.898117
-11.455585,-29.974861,65.687126
18.916586,-31.160769,62.469742
21.821312,4.892472,26.501764
20.216394,6.360846,25.207951
-3.684079,-47.143124,70.234253
-3.426838,-48.484119,72.286133
-1.387701,-46.853233,71.501785
-14.469412,13.266760,15.434790
-16.109550,10.760579,15.305101
-0.204648,-18.367449,75.815254
-0.945402,-17.873894,74.025185
-1.277257,-16.614309,75.815254
20.119383,20.869175,52.401329
21.515650,20.984829,54.397354
-48.884460,21.636139,48.257290
-48.872826,23.549685,49.333019
-31.222555,-22.469870,40.596241
-28.800589,-23.249477,40.290493
-30.060324,-21.447767,39.060902
-19.486692,-44.591995,64.270432
-17.450994,-44.076359,62.337681
-19.652592,-43.586987,62.071613
-23.266542,-1.313013,48.306721
-23.349552,-0.598014,45.788162
-47.060425,11.881353,38.985058
-46.372910,13.567477,37.478035
-38.061916,39.986324,47.373581
-35.149181,43.564445,63.729267
-19.764490,-14.390070,64.367233
43.237911,-21.882998,75.815300
-12.694036,-8.191801,20.290773
-13.243445,-6.823384,21.383867
-23.204947,-21.669924,46.209885
-22.399916,-24.614328,47.596680
-22.350609,-22.672863,49.259583
18.144722,36.718956,73.982628
18.789162,35.544212,75.815353
-26.486200,-44.157356,69.667404
-25.679464,-43.989967,68.034912
-27.749941,-43.194275,68.327896
-41.292568,41.636951,58.919746
-41.626862,41.259132,56.366077
-43.156670,40.858940,58.045574
37.449181,-15.321121,73.669655
37.878529,-14.072800,75.815308
39.867332,-7.839006,69.543221
-19.410175,24.441172,18.314020
-48.925114,-14.884123,68.742241
-48.756531,-16.257442,67.133614
-49.234283,-13.808253,66.651268
-19.120396,11.775628,43.946373
-19.671848,10.728456,42.190624
-20.292389,9.532926,43.831635
-13.816966,-25.360794,68.761436
-12.059566,-26.953285,70.037971
-13.132328,-24.709894,71.028481
-32.853622,-22.229385,41.649837
-31.106636,-23.880177,41.806854
-50.666103,8.742960,45.732250
-7.088488,-2.039432,63.318027
-49.816231,-8.810584,63.061237
-49.632679,-7.303953,60.534981
-50.140335,-6.041879,63.126568
-39.747826,-35.081356,70.272514
15.574533,-19.118319,13.942894
-48.329128,-6.844643,55.605343
-47.550114,-6.453531,53.431156
22.758451,3.365165,12.538914
-10.867035,18.173409,65.612114
-12.208411,17.179554,63.927544
-31.564598,9.976677,23.251894
-30.762049,7.889097,22.840803
-25.661793,-4.422575,18.111864
-51.128559,21.523195,68.154099
-2.262486,28.649828,73.959846
-17.420822,-28.659058,55.974823
-16.350409,-30.428179,55.993774
-15.942768,-29.308186,58.083237
-39.474567,4.973166,33.699390
-38.246185,3.082440,32.633102
-38.216652,4.978748,32.048912
-41.171963,-14.474233,46.432503
-41.665649,-15.629732,47.910904
-10.428021,25.006847,25.125328
-11.556552,25.247992,22.031738
-10.692090,23.382671,23.190811
-19.080557,-4.858698,66.393944
-18.264166,-4.387362,68.293663
-18.617147,-2.527001,67.088455
32.641380,11.130687,51.360115
-25.453205,-4.740854,28.397343
-45.050869,25.189415,36.773239
1.113401,35.971035,46.052853
-1.245126,36.402615,45.087509
-16.391766,-12.636790,72.015625
-24.246424,-10.890119,45.429413
-13.461549,15.474251,22.785725
42.277378,-14.498322,44.016747
-50.379242,2.015994,60.028828
-49.817471,1.620535,57.289051
-19.827759,7.221436,56.699661
-6.916759,-34.937263,65.541267
20.579376,18.134346,38.788036
-15.747288,-16.433489,72.073532
-12.292724,38.116776,54.859383
-12.877418,39.055943,56.982109
-13.204202,-40.994122,58.655918
-14.010803,-42.819870,60.307034
-11.529991,-41.965549,60.426502
-3.101921,44.095081,73.732742
-4.328995,43.884457,75.814194
-16.555914,17.612545,14.311014
-16.218699,19.996904,15.263414
-18.025200,18.680275,14.769171
-16.485416,-14.360534,38.286404
36.760445,5.259511,30.707836
37.184139,6.901012,32.269390
-27.802668,19.261854,16.838614
-26.646111,17.188057,15.833558
-35.838905,32.859436,38.951820
-37.776684,32.834454,40.261528
-48.528774,2.386862,52.134434
-47.653294,0.440513,50.464470
-47.580090,3.093526,48.962067
36.855175,-16.335266,75.815292
37.436192,-18.966320,75.815308
-16.549744,39.410927,55.393734
-37.634441,40.078163,67.197540
-35.716667,40.641365,66.550415
-44.306011,30.791485,44.849861
-42.342377,31.822687,43.372585
-45.966293,33.200981,54.444328
-45.907658,33.926323,56.950619
-47.056614,32.159382,56.103096
-10.028730,41.424877,71.899635
-7.641130,40.490257,71.309166
-17.909290,12.438209,54.855724
-16.646605,14.358893,55.489998
-17.061754,14.407537,52.948307
16.962444,23.656155,69.747971
-0.228201,-44.181160,70.525444
-2.252377,-45.534946,69.592461
-18.744087,14.621690,13.929891
-18.530037,16.920893,14.320282
-20.663990,15.862900,14.825051
-25.951359,-8.116334,20.176891
33.666161,15.137900,73.947021
36.829998,-30.628178,61.796101
36.597023,-29.951870,59.288963
-7.340396,-31.151131,71.189568
-5.807500,-32.796047,70.529388
-24.014380,-29.058310,46.079048
19.530067,19.103933,41.061131
21.440052,18.070520,43.117989
-16.515554,30.165924,17.382938
46.663254,16.577993,73.931366
-9.360455,36.186234,39.519852
-7.198379,35.370121,38.432899
-41.929371,29.508574,39.862072
-43.289520,30.140760,42.317139
-44.337894,27.417393,41.020809
-40.352398,-27.377361,55.155693
-41.194756,-24.862125,53.906147
39.952652,-2.750172,75.815331
-33.796623,-3.414627,29.562571
-34.128880,-1.091081,29.009846
-16.695751,36.931133,47.570068
-10.969603,-33.833862,33.827065
-12.998420,-33.386272,34.232601
8.566082,33.041828,41.630398
6.868494,33.319633,40.652191
6.800374,33.830235,42.880836
-46.332970,15.608715,41.191647
-47.342922,15.952227,43.207802
-4.041811,-33.505638,72.227493
-5.646644,-31.912777,72.667145
4.562969,-30.165752,39.043934
-37.197296,6.224908,30.446295
-18.060482,41.664883,63.582561
-11.721650,41.591679,75.811317
-12.067110,41.884579,73.913727
12.359863,-26.397535,37.863728
-50.464169,12.536767,57.704082
6.893300,-4.178522,1.578730
-0.550266,-32.151638,75.815155
6.109309,16.989178,73.933434
5.716277,15.937397,75.815315
-51.071678,16.693995,62.262028
-45.857903,-3.437699,48.248501
-11.233994,1.988129,75.815254
-12.717292,1.141877,75.815140
9.529312,22.858658,51.436008
9.823321,22.707884,49.454590
-39.570286,17.020025,32.079632
-7.583420,-53.967911,75.815178
-9.010189,-52.317360,75.815216
-10.215872,-54.063648,75.815178
-39.181499,31.976091,36.205696
15.559185,38.501392,70.955681
-49.969326,-22.735346,62.823120
-50.446793,-20.752226,61.428818
-49.319077,-22.656355,60.253517
-11.016749,23.059170,40.645237
-11.597989,22.365458,43.291691
-10.425168,24.340740,42.975475
-21.517603,32.029881,30.917332
-22.638369,31.426199,29.742533
-20.902546,31.172054,28.537825
18.915209,-23.840311,40.745132
-14.093086,42.360146,73.034653
-37.461899,13.154538,25.788076
-36.465397,11.898190,24.781551
7.288688,-33.604546,56.683044
-17.444927,-27.016920,58.201321
9.119549,18.878881,75.815323
7.441945,17.546246,75.815315
-55.373184,9.933969,56.562157
41.219105,23.230423,73.795631
13.865005,12.003781,17.162323
-32.081348,21.584562,20.937851
-33.273216,19.397053,21.533667
-32.514256,-29.406012,48.189560
-31.029551,-30.228407,47.884064
-43.216938,-14.579625,49.635502
-43.412003,-12.205610,48.561985
-44.321236,-12.825445,50.394218
-21.826090,-44.214508,64.846451
44.467499,-22.622807,67.617111
-13.081437,-26.459261,46.085705
-12.013566,-27.835186,47.064636
-27.923574,-28.543488,44.802731
-26.022636,-28.274862,44.659653
21.473125,-28.049911,52.511280
-14.801347,-1.782598,75.813362
-14.352066,0.808362,75.815002
39.208473,-9.577840,75.815315
39.686970,-8.254426,73.667747
-48.169472,22.029547,45.755932
-48.455746,23.357855,47.402233
-50.480816,25.065382,70.614929
-49.955173,26.643873,72.057198
-50.410362,24.320620,73.084908
-0.466056,1.552213,4.794517
0.120589,4.065224,4.214989
2.705340,-51.880184,75.815201
30.754639,-23.482958,63.271870
29.609409,-25.206785,64.398582
-33.104691,-24.085670,43.529816
37.491493,-4.401171,56.538605
-16.886488,-7.132477,71.681015
-6.337362,13.689904,44.209530
-7.738050,12.386021,42.678543
40.261520,6.624398,75.815346
1.497752,-43.390835,72.198616
0.824366,-41.470139,71.282784
1.812707,-39.119671,74.197250
0.907676,-39.260998,72.476364
-28.721010,-20.329655,37.695560
-36.195377,40.956470,48.986786
-24.891310,-14.332154,36.392284
-24.777637,-12.199563,35.375156
-26.085772,-13.972015,33.740520
-55.599308,7.483531,59.452152
14.860385,-25.992685,39.511986
3.648578,33.855385,39.778095
-23.648895,-14.295979,51.524204
-23.970137,-12.805329,49.581806
-23.779249,-15.422545,49.389664
-54.822895,21.326639,65.557755
-46.436588,34.209980,63.291176
-13.966559,38.728577,44.447048
34.206726,18.772470,44.910122
32.203091,20.591717,45.159332
33.812737,20.613579,47.298409
-48.312866,-12.844990,58.770283
-47.524143,-13.160245,56.763504
-48.254765,-11.295226,57.669167
-3.012923,31.826679,29.589874
-8.998173,-21.958538,59.778057
-47.812496,-21.696228,55.801334
-48.285328,-22.770540,57.851814
-3.580194,35.067699,65.578529
-2.159321,-53.186478,75.815193
-3.754944,-51.759266,75.814491
5.207500,25.028009,13.985944
5.412668,23.706360,12.423757
-5.043335,17.051985,33.701618
-27.494751,46.093616,73.297325
-34.752373,-26.075264,47.007729
33.287552,-23.418776,75.815285
32.878002,-25.210371,75.815285
4.982194,4.147601,4.836045
-7.399726,36.298573,40.855549
38.279049,6.550166,60.737259
-36.454304,36.747742,47.928967
-53.293175,-6.078792,73.998489
-25.630764,12.417046,17.611296
-26.388214,14.133176,18.156809
-23.457224,41.478909,61.817066
-22.897041,41.104389,60.004429
-21.772495,41.407677,61.560154
18.522701,-28.357428,72.863983
-23.309845,-3.738502,51.027439
-23.414261,-5.891098,51.994953
31.391382,-19.350517,31.478439
30.390385,-21.308235,32.371140
30.817764,-3.400086,21.737268
-46.582691,30.836269,50.501389
-46.489666,29.924982,48.452469
-45.461529,31.718050,49.046062
9.151956,11.496454,9.834872
-22.084707,4.226708,33.579727
-21.266277,6.111262,32.772411
-6.587755,-0.701562,9.924392
-12.302395,-35.170631,37.480297
-24.014109,-4.018044,33.469440
30.229033,-32.747692,75.815269
49.386875,11.185918,73.182884
48.637943,11.496518,75.815361
40.622860,-1.228205,67.491302
40.439541,0.770673,66.602646
40.333302,-0.385215,64.925385
-14.978773,15.781553,14.355836
-13.298567,15.988785,16.323050
-14.274563,18.174004,15.340016
-27.955812,-41.803772,64.461098
-30.185282,-41.248238,65.879837
-28.423216,-42.317951,66.517731
-37.460361,-16.582829,42.379955
-50.889183,21.022596,62.564213
-33.585457,-29.815346,49.647446
-10.477320,31.805361,41.511108
-11.802400,32.840000,40.558552
10.852235,4.176032,3.027743
10.598257,6.436870,3.418968
12.762779,5.266912,4.420088
-8.074106,13.475524,36.693024
-4.137707,-22.521299,26.075779
-13.343378,-47.067661,67.863701
-15.753819,-47.048557,68.590813
-15.084609,-47.818775,70.247650
-14.681518,-20.241928,49.393108
39.851753,-0.337971,75.815331
-43.256935,3.802420,39.658833
-44.556816,3.581266,42.004902
-18.019569,8.695679,22.488850
-16.834711,10.083431,21.892275
50.489368,1.975279,75.815353
-0.087695,-20.671711,71.786491
-0.810069,-19.030212,72.558495
-31.009888,33.842781,38.291298
-28.370461,33.936829,37.614395
-28.953962,34.824501,39.881809
-18.893999,42.713001,71.035248
-17.250431,42.459591,69.108688
-34.713985,41.077087,75.813293
24.017416,-1.122473,27.669119
-40.771645,-9.875515,38.822052
-39.991253,-9.150370,37.250717
32.554691,29.099688,75.815727
30.542059,30.320868,75.810127
-43.278656,-30.022314,65.939583
-44.475445,-28.057470,65.742706
-41.216751,-38.071835,71.293198
-46.617191,-27.788366,60.400520
20.964283,16.025623,34.622536
7.289979,-18.286152,22.521378
33.334301,23.163054,50.948769
-50.327919,26.780067,44.042988
-2.299323,-18.524099,20.135735
-0.715888,-17.458624,18.626377
-43.358650,-28.218822,75.812050
-16.348495,-7.841090,39.545883
-16.068474,-6.225888,38.031391
4.108589,19.972656,26.870483
4.856331,19.609037,25.243668
-10.149810,-22.667652,29.436878
12.896039,21.113884,75.815338
10.866572,20.028793,75.815323
14.965534,-18.367121,29.064020
-9.320458,27.855330,41.955097
-41.201836,6.380846,35.635509
-42.141186,4.984461,37.444756
-20.996265,41.034290,59.914112
-20.077602,46.540882,75.815323
-38.748608,-9.874935,39.544765
-39.824764,-10.418901,41.629021
-38.379311,-12.114799,40.481960
-1.799191,19.382677,34.771553
-13.680104,-34.236717,36.425919
19.242199,-43.365070,70.600220
-10.772444,-22.549080,56.435448
-10.247310,-24.602310,56.077644
6.712243,32.026207,36.310844
-24.276070,10.974423,14.042576
-13.215268,31.565557,32.989193
-38.472157,38.311375,54.818855
-40.029732,38.170589,56.819519
-40.984730,37.185833,54.427509
-32.975945,14.748750,24.595833
-31.408152,14.477871,22.876276
-31.931950,16.704029,23.690517
-38.214985,23.070196,31.949707
-34.771725,42.634380,54.839859
-32.381130,-4.040074,24.787189
11.273632,33.211758,75.815353
41.779404,5.205291,75.815346
-29.310692,-27.181372,43.947330
-31.379591,-27.376907,45.239986
-44.592106,-27.111574,63.420536
-43.436993,-29.091415,63.719830
-12.651313,7.099867,6.126177
-28.985846,-47.612404,71.813759
23.864466,-38.372841,54.866837
-18.719742,-30.491518,52.261909
-17.508198,-30.249336,54.208332
-18.725653,-28.284140,53.720455
-21.282322,-8.227046,14.233873
-21.067574,-6.276965,12.964712
13.796315,-19.946442,29.977160
-50.719769,21.853743,74.168266
-50.332191,23.055275,75.813225
-50.736927,20.502056,75.812584
1.977067,12.692893,72.113983
0.366777,-1.258272,5.590861
-0.916246,-19.700125,21.691164
-2.382661,-20.680031,23.164267
-48.489761,27.689056,52.544796
-49.127701,26.798088,55.047195
-49.033421,25.720726,52.654297
-17.059273,15.806988,13.836259
-13.435460,-33.635612,57.659901
-14.140705,-31.292757,58.764767
-15.168879,-31.622257,56.771477
-50.094238,5.840539,57.197430
-49.675205,3.744581,55.901127
-49.627110,6.003962,54.874794
-28.914927,-25.440708,42.277420
-31.052898,-25.829613,43.552849
-51.342773,7.293041,68.343674
-51.248394,5.453198,68.990318
-51.249546,5.893079,66.809639
-12.298898,18.659996,27.536007
35.838043,7.008846,30.409548
30.806780,-22.471430,60.801647
-7.149106,34.920330,56.832584
-8.855001,36.106503,55.103962
-7.366773,33.804623,54.831429
-15.631511,16.170618,54.380913
-45.698833,-20.936951,58.088406
-10.862411,22.086660,32.497494
-11.698272,26.944584,23.866932
-13.366910,27.283361,22.222269
-7.682323,1.535019,59.814919
-7.971035,2.903574,58.093422
-6.923754,4.022237,59.300129
-48.289848,30.976446,60.434509
-47.535198,31.979824,58.554234
24.281015,-15.150679,18.245407
-6.384873,2.819856,9.668435
-36.190536,38.948193,54.889870
-1.642493,-48.479576,73.484917
-3.043833,-49.583241,74.432297
-23.072975,0.584325,31.223831
-23.371677,-0.174409,29.234945
-40.744160,-6.162498,40.494579
-39.368214,-7.352339,38.943783
-39.897400,-5.173908,38.541119
25.103731,19.097233,26.878181
18.651192,17.288651,33.941673
-11.731530,-23.034931,75.813744
-12.841442,-22.201124,74.285095
-9.180101,17.002769,71.777000
-10.615122,16.015909,69.992126
-28.231924,-16.052092,34.018555
-18.199089,-20.927589,64.349693
36.485073,-17.326761,73.599312
35.694305,-18.358896,75.815292
-24.285379,40.729195,58.292030
23.396883,28.404114,75.815353
21.802031,26.893959,75.815353
23.890886,26.140970,75.815346
-8.621497,38.103027,59.828903
-7.206327,36.438065,58.993839
-6.979344,37.436989,61.222645
40.466614,1.187428,68.665367
-19.451300,46.431023,71.202881
2.873017,19.686653,25.769123
-5.776937,-18.434576,8.656535
-28.728544,42.068626,69.102516
-28.300665,41.923401,66.677559
-26.586691,42.250450,68.536659
1.262808,-9.348698,2.681560
-36.824379,-13.676210,39.282166
28.275059,20.416332,71.632767
45.079937,-17.613379,59.843037
45.623608,-15.981974,58.899376
8.404016,-3.769963,9.450171
21.629774,22.886007,73.802010
-46.920403,35.971630,48.058395
-46.086323,37.389393,49.789009
-23.694042,27.056141,22.776554
-21.444904,27.915501,22.670536
-22.951563,28.730690,24.611568
-8.802670,34.981495,53.126667
-7.468081,-47.846493,62.242649
-9.836301,-47.372375,61.098240
-35.521416,-43.682156,74.280151
-7.450201,-17.286224,8.091523
-44.847111,37.301189,75.815063
-9.371704,30.180956,42.877369
4.387848,-29.449501,22.542912
13.728703,38.210423,74.318611
-46.525299,-22.827011,62.827633
17.886312,23.498524,60.843662
-8.342951,39.027668,48.417034
-40.915329,-17.821495,48.243885
-43.764931,36.341885,73.544052
1.637514,-7.234790,9.003619
-12.044117,20.337168,33.824875
-32.523624,21.120510,25.610811
-30.850422,22.263588,24.526848
13.318636,31.566158,44.959641
-5.794726,-8.333460,12.092805
-54.117268,17.512434,50.647339
-53.394535,17.141167,48.795052
-3.323692,17.606277,41.405392
33.774269,-14.702682,55.641766
-39.947723,-15.324047,45.133450
-30.392546,-32.744839,46.287075
-12.243546,-4.514253,18.671654
-12.690681,-6.237781,19.795906
-11.717110,-7.330977,18.157928
-5.247403,-49.579746,73.465805
-7.516874,-49.389023,72.597519
-27.213150,27.736135,20.000683
-40.691074,26.997845,36.368999
-40.502491,28.886539,37.722733
-11.679255,27.370649,14.774740
36.973206,-16.271521,71.967453
-11.132751,-25.282215,35.067604
-32.446087,-26.185417,40.005428
14.553921,23.236118,68.663757
-1.311160,-29.650875,36.705044
-1.174453,-30.545866,38.380093
-3.444877,-0.955127,75.815277
-24.530277,42.565300,70.411163
-46.607056,24.454996,42.969509
-45.989380,26.281826,42.916443
-37.464565,-3.430391,30.433048
-38.584023,-1.763994,31.205599
-14.461156,-23.284811,69.974487
-13.697379,-22.340063,72.403152
-18.555233,12.606762,41.669369
-40.570045,-34.004410,68.456909
-40.206390,-34.052704,66.539581
-41.455452,-32.829079,67.619759
-25.549627,42.648071,72.528725
39.269554,9.605335,40.120026
15.797590,-10.055882,20.836727
16.756363,-10.983699,22.760635
-34.025059,41.148109,69.808182
-33.893566,41.237907,71.995399
16.313206,-39.071209,45.644852
-15.950230,44.785652,63.148174
-18.395241,45.107128,64.053917
-38.672207,19.012129,31.311110
-37.645477,21.105978,30.696032
-51.289368,3.325986,48.441044
-9.971869,29.325731,35.856236
-9.527743,27.414280,37.044792
-15.465662,-53.566788,75.815163
-13.916788,-51.914471,75.814751
-16.336082,-51.343761,75.815109
-26.274225,35.000492,31.898764
-49.303959,11.754897,51.058868
37.529831,-2.400789,55.931393
47.594715,12.312513,57.475876
48.178516,12.246631,59.455109
-30.337427,41.752201,67.557724
-10.803858,-33.304569,61.712189
-9.757178,-35.643623,61.058399
-8.777604,-34.670643,63.195183
15.914565,-33.026894,75.815247
18.605906,-33.432713,75.815254
-26.081186,-30.416353,39.180874
-23.868013,-31.206461,38.524185
-51.329147,8.133942,66.555519
-51.386971,10.388990,66.373444
-42.124996,-9.625058,40.683872
-43.678947,-9.351152,42.707848
-39.271084,39.390759,64.507614
29.454165,19.260422,73.533806
-40.942257,8.677835,34.660915
-40.073219,7.168059,33.890938
-16.106577,1.640965,71.574211
-17.014450,1.439672,69.591736
46.843872,-18.828552,75.815315
-1.105877,-20.968740,70.112465
-3.401904,-10.662554,75.815254
-3.070465,-13.211573,73.959274
-50.616180,-2.290620,64.598808
12.252924,19.238241,31.149780
34.718376,-28.555918,75.815277
34.312187,-26.486214,75.815277
32.492306,-27.760668,75.815269
-55.408371,4.099787,63.231552
11.108934,-30.342617,66.640282
13.242446,-30.162464,67.607933
-35.056667,-15.085243,37.988190
-33.658951,-16.854885,37.817574
-22.117237,3.271855,24.812994
-23.989149,2.353608,22.958366
-23.533651,1.293894,25.072750
-6.880113,14.931414,36.668247
-50.569878,19.453541,58.813652
-44.019894,-5.747855,45.954681
-44.849903,-3.251343,46.128902
18.929392,-14.171739,28.422773
19.814657,-15.293729,30.590286
-33.642200,29.926826,33.410545
-31.646046,31.089687,33.730755
-33.685738,31.370090,35.352379
-32.521385,-39.848331,65.562836
-34.524940,-38.552345,65.487740
-12.713534,-38.566479,57.552094
-14.394506,-37.478935,55.988529
-14.774969,-39.992367,57.028561
-31.822357,-36.498432,57.195278
-32.864594,-34.648434,55.239887
-34.329140,-35.035610,57.540638
42.361767,17.650570,75.815384
41.689842,19.842310,75.815300
39.859665,18.989355,75.815369
-0.318291,-33.645687,53.575001
44.112968,8.648978,75.815353
46.545242,9.476962,75.815361
8.279330,-25.338961,75.815254
-34.966660,41.610485,50.369186
-34.301445,42.250523,52.555607
17.119045,-44.664242,75.815231
-34.056683,7.352501,26.448147
-32.861259,5.357172,25.605225
-21.258348,-35.461388,51.298782
-23.604790,-36.579971,52.147190
-54.766739,18.898556,52.922192
16.318127,28.932688,75.815346
17.938482,30.954487,75.815353
15.675261,31.586639,75.815361
-39.982361,-1.128415,36.656075
-31.213642,37.910763,48.934624
-8.870073,33.898170,50.960052
-13.474025,11.544194,69.535858
-1.283886,5.825415,75.815285
-33.491936,16.911797,25.405830
-43.420692,-4.097296,43.939758
-49.112949,-2.803830,56.266556
-13.911404,-15.003964,26.958166
-49.885391,-9.501925,66.867157
-49.682774,-10.855807,65.091202
-33.476498,-24.387194,39.339138
-34.273781,-25.395075,41.273003
-21.078997,35.515766,41.448563
-18.319674,35.234463,41.350529
-19.728886,36.226570,43.986137
16.684113,10.778133,22.827192
18.215813,9.480129,24.490824
17.266605,11.629801,25.166376
-36.751328,-33.508877,58.161221
-37.087490,-34.663925,60.693382
-35.420330,-35.346237,59.512550
-49.165668,1.952112,54.520844
-9.057343,11.455122,28.101749
-8.987421,8.850368,46.836723
-10.259985,6.966732,46.251690
34.400253,-3.262280,48.031189
31.243008,18.948570,39.661209
32.140293,17.741140,38.718731
-9.252243,4.555417,16.086071
-14.871728,-1.450736,41.409412
-41.896603,15.002644,34.816586
-45.672569,-25.770897,65.835503
-47.762562,18.044073,44.021122
-48.032101,20.011681,44.860283
5.024828,-51.075115,75.815201
7.075144,-50.185047,75.815208
5.348731,-48.656986,75.815575
-18.026941,13.555581,47.990944
-18.946623,11.939996,48.319633
-35.039204,1.194630,25.660948
-33.913086,-0.448127,25.028542
-24.122625,-40.699593,58.508846
-15.395866,-23.864872,67.368927
-16.023424,-21.256739,68.621239
-3.612593,33.329548,34.695415
-26.547403,-24.408878,41.505943
3.303203,17.506855,16.880411
3.532315,16.715548,14.774654
24.197720,22.822367,67.198868
-15.413090,39.658562,56.889908
-17.607426,5.086779,65.952896
-18.051186,6.489056,63.585747
-18.537819,4.411379,63.964314
-31.008385,-10.476751,30.930075
-5.806372,1.993752,63.463070
26.433033,9.740759,19.420227
8.933848,-17.043352,22.010313
-37.688374,14.260884,29.918785
-24.963774,-31.280920,47.162292
-54.644161,-0.458939,68.150452
-9.100348,32.920261,48.621708
-8.833882,31.142544,47.065071
-29.542517,-43.989502,75.811058
-28.963848,-46.426403,75.814980
-27.419216,-45.221039,75.811272
23.890469,-25.276377,50.856354
24.291321,-23.607029,48.714981
21.668501,-39.358051,54.271484
36.958893,-27.694399,54.445637
36.440083,-29.100758,56.612064
-17.640911,-7.783082,69.908707
-18.522301,-9.070601,67.852341
-17.599991,-9.681378,69.849007
-35.078182,10.843096,27.097910
-6.182598,32.369724,56.886860
-19.997118,-31.398809,35.669056
-21.520388,-31.980228,37.916275
-22.876371,-30.152576,35.985661
-2.291724,-28.973301,61.763306
-2.850858,-27.475813,62.945072
0.585342,-13.368392,13.975842
-44.922970,33.686188,52.257439
-44.332336,34.699097,53.638706
5.449931,36.909027,75.815353
-30.667402,-42.486652,71.180786
-32.377163,-41.787376,73.318451
-29.697754,-43.504990,73.345795
-43.383896,22.768507,37.306499
26.602667,30.871639,59.381512
48.483509,-14.668413,69.690544
48.016380,-16.176439,70.413109
3.974070,19.954126,58.657913
-42.013420,-31.369072,74.290268
-42.262875,-31.527584,72.432884
-43.034920,-29.670198,74.000427
10.125652,28.526323,75.815331
47.767071,10.519485,55.960777
-39.602058,0.948866,35.230965
-38.263332,1.149396,33.288601
-29.264904,-43.705624,62.812080
-30.890114,-43.334824,63.760540
8.253525,-28.183125,75.815254
6.203641,-26.664904,75.815239
-32.198948,-4.241310,28.463427
-20.159243,-17.907812,20.508375
-19.154938,-20.152866,21.634409
-21.286346,-19.037266,22.768530
-48.674675,-14.893374,70.789688
-48.460922,-16.767561,69.530884
49.118942,2.088814,55.506588
49.344574,0.237556,56.294067
-50.958672,6.232867,75.813141
-50.992374,5.213769,73.996101
-14.973782,13.881814,62.456711
18.498779,-30.563107,66.559120
19.737732,-30.743891,64.479408
17.276012,-31.243822,64.314278
11.455626,17.906893,9.289662
30.518518,-27.973097,40.752365
36.776340,-14.122342,33.830841
-49.373734,-11.313641,62.284790
-49.395626,-9.638927,60.937202
-49.475880,7.854534,53.475563
-49.972183,7.983613,55.903038
-16.962791,-9.013235,71.392281
-38.095730,34.778564,44.286453
-38.250801,35.630844,46.415863
-43.949081,32.512375,47.215488
-43.992531,33.603683,49.709881
-36.143425,3.067050,26.327579
6.203112,-30.496193,24.588297
33.340534,29.655924,67.059410
34.754272,28.634640,66.386215
-21.334095,-37.525806,53.100132
-23.985842,-38.332092,54.487347
-31.711191,-42.543903,75.811333
-10.175522,32.294624,43.812527
-11.384334,33.887859,44.779530
-37.978458,-14.125251,41.305363
-46.801514,17.726824,41.881611
47.270248,13.635798,58.556927
23.913803,21.589787,59.164749
-21.939997,-26.452576,48.125626
-15.313303,-20.990183,46.645348
-14.617143,-22.584351,47.761238
-19.917414,36.890686,46.000900
-17.913385,36.500523,45.576469
-18.833485,37.277153,47.582088
-18.048037,-22.267033,22.733574
-19.984697,-22.382975,24.672533
-20.038614,-21.035662,23.390818
-10.857543,22.514614,34.914852
-9.939416,24.786631,35.690567
6.429298,0.220924,0.824920
6.705568,-2.018857,1.030184
4.494287,-1.197908,0.360942
-30.082216,40.751575,59.302280
-40.245804,9.385969,29.729467
-41.090832,-24.222128,48.417034
-48.876190,12.522665,48.830040
-49.454208,13.976465,51.046402
-5.244840,8.335793,11.447465
-5.768855,9.236552,13.829725
0.103427,-47.479641,73.673836
-37.755104,-26.435173,50.833103
-37.248890,-28.524391,52.312283
27.209154,18.427074,55.393692
28.838596,18.119930,57.184834
26.897472,19.485151,57.481693
-18.040808,13.309117,50.235989
-13.443142,16.286222,62.244911
-13.570413,14.976057,64.388451
-15.274082,-32.964577,34.978523
10.392372,21.472898,69.129807
12.275042,22.574087,67.483627
47.997726,-16.535112,72.170891
5.130503,30.432653,75.815338
3.234665,29.301064,75.815338
-19.826048,9.591204,15.313430
-12.144002,41.990658,71.875687
23.884100,22.898979,32.301708
25.451614,21.799126,32.677853
-34.967106,8.987721,27.210009
-16.746294,-45.102226,64.314323
-50.717953,-0.198242,63.769611
12.188258,32.429192,50.164509
11.138566,32.613052,47.927959
-55.343380,2.283711,62.453392
4.470755,1.891069,0.460112
33.687714,15.674635,64.992882
-15.419544,3.942997,71.865845
18.318090,29.879814,49.593880
19.892923,29.964653,51.957176
-54.256775,21.026299,69.648285
-54.036045,22.991127,69.750458
-20.060482,-23.744066,56.188286
-19.974016,-25.449297,53.974976
-18.688755,-26.525709,55.894154
-0.484879,-37.275761,72.154480
-0.627953,-39.298004,70.213387
-29.320629,22.149067,23.025995
-30.841545,20.487942,23.692722
-1.016525,2.027060,0.256762
-11.135368,-39.816227,59.288391
-16.107479,-7.971949,35.861603
-15.986359,-9.208710,34.250385
-15.739213,-7.626291,33.458519
-39.425163,32.556210,41.230118
-37.918694,33.806648,42.142029
-5.006845,-48.160389,63.340927
-5.345642,-49.301849,65.729164
-1.590219,-12.240479,4.161194
-39.110615,-3.584630,36.475555
-13.395388,-1.331526,24.595537
-13.837576,-1.615310,27.300390
-44.762775,35.671085,60.063126
-46.115028,34.150730,59.298046
-32.178585,41.379036,66.226387
-32.238163,41.149323,63.613342
-6.110070,-15.854521,66.617432
-7.318151,-15.266206,64.835426
-12.124809,6.627781,34.895245
-23.855106,-9.609189,50.739483
-23.735962,-7.245773,50.643158
-20.542316,41.686646,63.104610
-22.469707,41.789852,63.526257
11.290039,-33.126701,55.566833
8.995373,-33.556133,54.923641
9.665215,-33.359947,56.863838
-2.341636,-35.276478,71.889374
-21.526079,-47.385918,64.373795
-27.995296,-4.290062,26.608032
-30.764818,-3.162591,26.944626
-30.421675,-5.209763,27.670237
-12.404747,-50.330017,75.810768
42.601936,13.236242,75.815353
-50.238560,-1.897988,74.397079
-50.095650,-1.833528,75.812912
-17.731947,39.160030,44.161533
-7.734803,-7.060486,13.042773
39.224373,-26.860655,75.815285
-4.983854,-52.149586,71.713959
-29.367329,-34.975441,52.575935
-28.435499,-34.214134,50.939175
-30.302950,-33.083687,50.729351
-18.389919,1.201112,66.325180
-17.627430,2.704556,67.471451
-8.932183,24.036144,12.585154
-9.940164,21.566452,11.575820
-49.157829,17.665335,41.004391
-40.024517,-38.291451,66.789932
1.662710,19.448414,54.232082
0.112066,18.038961,54.305527
-0.222105,-18.559849,20.079142
-46.771347,-19.590855,59.501350
-46.050484,-22.248316,60.304008
29.537371,-11.779883,42.570938
-24.205172,-15.348519,41.722115
-24.268629,-12.664615,41.200142
-24.400850,-14.184114,38.892982
-13.328276,19.509335,52.946487
20.370659,-34.629082,75.815254
21.207317,-36.372746,75.815247
22.506618,-34.498760,75.815254
-16.403685,3.405128,69.982430
-51.143753,20.732248,70.476189
-50.868542,22.884247,70.586960
-17.372873,-5.371868,70.486534
-8.561718,-32.989754,65.650558
-15.920414,39.351841,45.319336
-15.751225,38.631798,43.415245
-7.346520,38.560825,62.994240
19.431751,-13.928593,12.705003
-48.899670,-11.279850,59.835716
-48.700180,-13.945542,61.070461
-32.971508,-27.634420,46.768562
-20.237980,-12.048639,63.734512
-20.808292,-13.753210,62.089855
-35.362156,37.912781,50.648304
-9.165610,23.761124,57.292980
21.992123,-42.192196,73.974678
-4.218965,-0.637625,70.422462
-50.517445,31.912411,75.815269
-47.806866,32.205025,69.787170
-37.168091,-0.122598,32.282448
-37.107910,1.852569,31.536501
-33.916416,-39.493061,67.168785
2.579804,4.172441,4.156795
4.255124,6.551046,4.604526
-15.140718,-33.799522,55.473404
-14.278719,5.339918,6.764338
-48.377617,30.784842,43.693851
-46.695965,32.174164,42.759888
0.290501,-11.182930,3.564009
33.714558,25.530907,75.815361
2.940286,-28.653517,35.833462
0.857721,-29.165909,36.096172
-41.198883,-32.259335,75.812103
-40.976818,-33.080837,74.089241
-13.184999,-3.146402,75.815117
-25.519466,-20.618704,27.968950
-15.265703,-37.789829,44.583920
27.463146,12.406065,22.845654
26.761684,11.013889,20.740341
25.550327,13.443721,20.948673
-24.549755,-17.067137,39.501255
-6.631194,-46.212643,67.537613
-5.835994,-44.073097,65.899460
-5.974901,44.774757,68.664101
26.306469,-14.832641,39.237068
47.323784,-18.086716,71.180489
46.648617,-19.746008,71.919479
-5.775631,30.223465,58.312977
-5.313523,32.112743,59.214691
-24.103060,-47.151436,65.585907
-22.705233,-7.129966,56.120377
-22.445948,-4.673973,56.222164
-23.032141,-6.280610,54.356106
37.324528,17.955278,75.815353
37.762939,20.393942,75.815369
35.527931,19.550549,75.815361
-4.177590,37.883770,69.209541
49.512093,6.630617,58.271400
-19.508522,-10.426911,65.562141
-49.511459,-5.555868,58.996605
-50.031284,-4.162067,60.855244
-17.214861,10.246613,23.943228
-49.783924,24.756844,56.744934
-50.021927,24.913746,58.944332
-41.298599,-7.215348,42.059490
-41.938663,-5.320764,42.029247
-39.627125,11.089638,32.511776
-10.539183,24.110600,45.519428
-18.021820,33.105511,21.859474
-15.968921,33.492195,22.939846
-10.157496,10.548861,34.651077
-35.073982,-37.420998,63.424210
40.581116,-0.624705,70.303764
40.291824,1.878272,70.889351
-10.851203,-18.175907,10.340606
32.268265,16.646231,74.145332
19.335228,25.827099,31.755428
-10.951742,-53.357552,73.602707
-12.776184,-53.910614,75.815178
-9.147189,-28.029985,73.876411
-8.917834,-29.482330,71.680199
-7.415480,-29.854948,73.699493
47.172768,-10.635271,56.254684
46.097103,-13.066677,55.593826
34.118706,13.967335,59.250004
-8.437975,-17.970789,22.179037
12.693178,37.744755,75.815369
49.439823,-3.477410,58.254093
-35.939705,35.013596,43.231056
-34.004284,34.927921,41.962337
-20.432573,5.824568,21.793951
-13.997266,-3.582413,25.918015
-31.608034,-13.143388,33.084343
-8.016026,28.486559,51.347553
-8.741576,27.024380,49.879128
-47.519520,29.969650,41.901493
-8.139201,31.948135,50.471638
8.154305,-23.237982,14.751427
-49.372921,33.859051,75.815277
-50.921448,2.503988,71.939568
-50.832691,3.117700,73.872604
30.180143,-33.575245,52.719318
-21.174723,10.433204,12.166976
-2.264461,27.422985,75.811432
0.830858,28.196608,75.815163
-45.669277,34.949707,61.588017
-45.165199,35.619076,63.965931
9.015344,14.866614,6.023234
10.887135,14.222292,6.420156
-43.207630,-35.677540,73.838470
-43.895977,36.550495,70.849892
-17.125246,-10.963590,70.719307
-17.920715,-11.148350,68.955452
-39.780014,9.145699,33.055279
-47.651478,28.724228,50.368176
-15.741579,16.527168,52.021370
-41.301334,31.340498,41.365459
-31.471827,35.068592,41.221920
-32.416153,35.699116,43.100807
-14.598180,-45.334713,64.420296
-14.728383,-44.293247,62.456833
51.100136,-3.562034,69.565659
50.946274,-4.766556,71.633400
28.138948,-24.677567,58.132545
5.027707,11.840387,7.616267
4.500231,10.537788,6.284650
35.027981,23.814985,75.815361
-17.968855,10.138214,26.653076
-19.430527,7.878056,26.883677
-19.218609,8.936026,28.927784
40.310982,-22.389263,52.009281
39.951160,-23.594225,53.767807
-14.738240,30.171814,26.770050
-12.930682,29.938908,28.153000
-15.585604,31.130831,28.882067
-48.031384,-28.496641,67.954834
-53.429127,30.138702,63.840401
-53.241844,31.020088,62.006050
-16.589418,12.791908,28.340666
-15.002380,14.368195,26.473076
-16.295338,12.155971,25.473438
-35.094646,28.699427,29.249611
-38.413441,-20.465174,46.657574
-38.216488,-22.225891,47.776787
-21.795805,-12.594770,59.659878
-21.102207,-11.099117,61.677952
-45.129219,-26.888016,69.603775
-24.310646,-2.518049,28.879190
-17.014029,35.718956,43.550068
-15.852692,34.803814,41.427055
-50.785149,2.542370,62.671379
17.229219,4.887826,19.639250
-27.238403,-35.485767,51.962746
-25.883995,-36.903271,53.244362
-24.232861,-8.061893,38.041000
-21.282501,7.040038,37.380844
-40.916798,-33.589935,72.040733
-41.585159,-32.846172,69.774361
-36.496071,-37.071388,65.366669
-23.540501,-18.620810,46.921352
1.406147,-3.181271,6.482273
-18.148518,10.770537,29.131470
22.731426,11.966645,32.227871
21.297083,11.388098,30.277781
22.992872,10.431752,31.300257
-20.403212,-18.016594,61.379448
-19.382761,-18.367928,63.599945
-50.972252,1.780931,65.672241
-51.086094,4.504020,64.893394
15.290578,-29.876091,68.674255
13.348338,-29.409958,69.243500
-28.770653,-12.774049,25.539553
-25.219580,27.726105,24.613997
-24.509016,29.375973,26.558794
-4.128552,4.887134,75.815277
10.320068,9.633122,9.795098
-42.413372,-3.113158,41.604557
-25.181021,41.254478,60.738628
-47.840210,14.632499,44.713940
-5.302968,-50.282730,67.781319
-7.366171,-49.980221,66.687958
24.927719,18.059717,25.102268
-24.243595,13.766777,16.570850
-21.862041,-10.202851,59.566483
41.337666,13.047969,47.418510
-47.632420,-20.086807,63.716152
-48.227604,16.282461,45.470867
-24.079649,-6.801735,46.387653
-24.929750,-19.394798,39.566200
-30.182365,-34.032978,47.872246
-29.718809,32.111057,34.373108
-31.552124,32.432293,35.813683
-50.358612,25.918901,65.511925
-50.105686,27.113630,67.434593
-50.643177,24.764717,68.228584
-49.222984,23.874002,51.578201
-39.034794,43.145969,73.659027
-38.770439,-32.936157,60.306793
-12.650562,16.492399,18.722490
-23.460976,42.124310,65.772903
-41.989433,-15.030635,43.305943
-41.641571,-13.443917,41.976627
36.018219,17.588350,45.681339
-15.476910,-17.848272,14.319250
-2.120112,43.115517,75.815399
-4.072598,41.940994,75.815346
-12.550897,2.967851,45.177757
-11.926466,2.723359,47.959572
-13.131551,0.571102,46.829811
-21.045856,-2.316171,60.288651
-20.152653,0.092615,61.982555
-22.639910,2.252272,32.500767
-2.329876,-33.172668,53.525002
-3.218539,-32.354820,55.425858
-49.740585,12.382787,53.182438
-49.839661,10.128443,54.494007
-26.787607,-18.010881,27.112322
-29.294338,38.023296,48.915695
-29.977362,38.655556,51.039864
-7.318845,-19.782370,23.520273
-21.240646,32.866940,33.244423
-44.360950,17.274006,37.884792
-33.077644,-45.608292,74.131096
-40.729454,-38.304844,69.424698
23.009033,-28.328295,71.659561
-0.743994,21.331678,75.815384
-2.756401,20.891230,75.815269
-44.453899,35.105442,55.538071
-42.814621,35.997673,53.967152
-1.278883,-43.121487,50.052650
20.729996,-22.794119,41.609306
-10.905888,29.151222,31.081556
-10.341418,29.182087,33.560677
-11.702734,30.503017,32.552845
-11.594325,14.532076,69.923347
-3.249447,-43.364250,50.920471
-10.139482,25.986540,27.997959
24.697823,-16.471605,19.789371
-5.852577,-33.758774,68.769379
-4.089374,-34.763565,69.910316
-28.118032,37.070362,45.887154
-26.929300,37.802090,48.018833
-29.883612,37.321087,46.878719
-16.529531,-15.032654,70.944511
50.963516,0.455215,74.092171
4.466518,-45.667362,60.099884
2.161019,-46.289593,60.917904
2.843616,-45.481750,58.464924
-6.407647,-26.142141,18.579119
-11.215693,22.709482,21.095472
-49.032116,-5.032070,56.951664
-49.617222,-3.381315,58.425140
-10.210319,23.479591,31.376907
-15.103218,31.848587,31.612289
-12.944921,30.729269,30.557104
-19.588966,-7.342691,65.397194
-18.449501,-6.374685,68.044395
11.696883,24.664762,18.127790
29.242321,-26.016144,67.045692
30.410425,-25.073317,68.822128
30.600967,-24.615358,66.583084
-27.996847,26.140726,24.931149
-29.702372,24.076357,24.621256
-27.740133,24.044136,22.888140
43.514935,-24.919533,75.815292
10.050649,-48.340309,74.222534
-12.611085,4.031375,42.724205
1.419199,16.292490,61.653587
-23.503120,-7.908811,52.475056
-40.578342,24.942970,35.054180
-48.090244,30.340580,56.402084
-49.112309,4.060084,53.471504
35.458916,12.428791,35.363449
36.919533,11.219927,36.842255
15.150044,18.966915,33.279629
-54.088783,27.798943,63.638626
-17.073212,7.245098,65.506104
-33.266781,-25.807228,45.261719
-22.870728,-3.780219,53.724697
-51.144970,25.058310,44.740547
-51.593365,22.855936,45.085861
28.551119,19.127281,59.362858
26.153549,20.565214,59.359852
-32.714958,-9.526354,31.602667
-34.220764,-8.319953,32.395176
-35.280102,-36.266827,61.132500
-33.617805,28.575205,31.844973
-35.583984,28.519421,33.245312
-52.434055,29.387945,50.525421
-34.570927,44.200737,68.220337
-29.650799,33.162022,36.349831
-17.889799,8.476519,61.947483
-16.889959,8.928859,64.244972
43.011814,-19.981771,56.664017
38.336563,-29.588411,63.400665
-4.869579,-53.575264,75.815186
-4.946818,-52.930653,73.595596
-50.107323,11.843841,55.558231
-10.105237,23.734745,52.858627
-10.632156,22.451231,55.044945
-9.030722,24.790892,54.852158
-26.693636,-37.932785,55.240585
-11.278051,-49.822868,73.986526
-44.655270,-24.430828,59.359127
-45.566177,-24.141628,61.380341
46.780464,16.466587,63.342953
14.895833,-43.115059,59.935230
-34.298748,-39.788532,69.344749
-8.593365,-53.516289,74.206314
-12.705272,-0.058981,22.324303
-12.070181,-0.132120,19.727089
-41.733414,-29.314537,59.796280
-41.164696,-28.259537,57.370682
-39.266384,2.699632,34.135380
4.870984,-26.007759,32.537933
-18.017439,13.129766,38.665047
-18.218493,12.512206,36.486156
-14.050339,-18.636591,51.535755
-13.181402,-11.744667,53.971546
5.200313,35.541859,52.439899
28.847462,17.204142,55.142673
36.082779,-15.623643,65.320641
-20.659483,42.148632,65.783447
-22.528193,42.458641,68.303841
23.457220,24.917086,38.002945
-22.155073,-20.571241,53.114037
5.944617,17.286095,6.751329
7.178247,18.735474,8.188143
-37.349422,39.363880,45.636795
-39.248512,39.020123,45.946857
-3.799554,-36.204243,68.472549
-2.192582,-37.242001,69.620995
33.428722,10.002763,29.194290
-34.227947,-40.303200,72.104744
-22.858910,1.591515,26.934954
-22.511583,-8.925866,57.272278
11.847254,-38.827663,41.651867
12.843037,-37.870651,40.130196
-16.601749,5.262587,68.306824
30.955269,1.695218,22.375883
22.410295,-23.185436,44.917946
23.063427,-23.580090,46.626049
23.837326,-21.836866,45.188419
-10.849681,22.943766,37.686661
1.648589,-47.221802,63.457466
-32.368469,18.761904,24.626978
-18.369995,-36.179115,43.515976
7.416423,23.477230,12.872793
7.415230,25.245392,15.428089
-42.250973,-30.091129,62.256023
-40.687263,-31.382101,61.130081
46.317234,8.345870,51.434929
-46.326790,1.712437,46.559338
-46.788731,3.856347,46.525330
-25.212809,46.440880,75.815331
8.961847,33.461739,47.856777
-22.272741,24.274536,19.292654
15.113176,-8.411077,18.755003
-24.227564,-18.281696,41.507980
-4.744753,13.686223,50.203922
-3.472940,14.874980,51.483105
-24.191216,42.991211,75.811813
-47.362164,7.902628,45.975922
-47.484505,5.725638,47.378464
-7.231526,27.674891,55.937805
-15.108654,35.542355,32.887409
-18.234461,29.595892,24.548050
-15.552934,29.434132,24.611879
12.000669,35.849918,75.815369
14.647463,36.973686,75.815361
-3.768263,33.989494,36.535736
-21.668098,-4.095235,12.944171
-42.344608,17.010942,35.273766
-41.116840,16.958132,33.824120
-9.491894,-13.374136,18.734903
-14.448413,-28.807688,61.797413
-14.398668,-27.666416,63.831413
-46.044926,23.320856,37.149590
-44.305107,23.317263,35.182949
-2.508188,6.524554,67.742867
-47.305767,-16.678167,75.813141
-46.652363,-19.116627,75.813248
40.340130,0.122539,72.534027
-12.364364,43.926346,61.234024
-10.768037,-29.041798,48.390198
35.350601,1.234180,49.985142
36.120209,0.352681,51.864307
35.811310,2.934913,51.456631
-41.297993,-4.078435,40.234257
-40.664265,-2.765040,38.495098
-29.480429,-40.791656,63.669605
-27.677185,-41.109959,62.379154
-6.874039,14.712105,75.814774
-5.472836,16.026026,75.814964
-7.573860,16.607893,75.812592
-22.411074,3.164153,47.281517
-22.383015,3.766398,45.402744
-22.821495,1.878330,46.062325
32.800419,23.456680,75.815361
31.603189,24.965759,75.815361
13.505570,21.857716,74.379135
45.414013,12.118420,52.538639
-13.942745,-30.189497,29.495678
-20.739660,37.177876,37.402412
-5.156172,-47.255665,61.208519
11.820064,32.238518,46.066723
-50.420563,7.860559,58.437611
-23.808470,-16.412428,47.499016
-23.978199,-14.471234,47.989784
-24.041557,-14.874295,46.059002
-12.118618,18.260031,61.861828
-13.328011,17.472311,59.921387
-35.853958,-43.090553,72.071243
5.497655,22.443695,11.099663
-33.403599,3.364074,26.744576
-14.913230,-21.290459,70.837830
-21.503878,37.527084,47.600731
-45.278492,35.405823,69.945366
-48.293068,29.232594,54.668606
-11.342519,1.330504,51.636284
-12.334074,0.890153,49.211906
-12.815664,13.424954,68.652870
22.670118,-15.851783,17.009054
21.509993,-14.281188,14.720547
-50.349392,-4.282811,70.354904
-5.544666,-10.183766,75.815254
-9.604850,9.769504,26.054928
-49.721146,-1.155308,57.932610
-50.079536,-1.904469,60.002174
5.290221,18.053658,67.517593
-34.431057,-28.290594,44.560909
35.550388,12.257240,60.148132
-27.474398,25.488682,18.727278
-28.461878,26.370802,20.092768
-29.971746,16.719849,21.680738
-29.215847,19.614180,21.760891
-38.648251,-35.896305,75.812691
-38.178928,-36.707741,73.947906
-55.626423,13.567534,58.189240
-46.960186,-29.746038,65.383621
-9.304155,39.757343,63.314827
-9.784346,40.531250,65.426949
-11.164006,40.693233,64.224617
41.045197,-28.407640,73.853485
20.402401,22.039356,56.292015
19.651678,21.682831,54.289085
8.668584,-5.651774,10.728616
-15.435715,-21.486616,44.605515
-31.103331,-45.081272,75.815086
-0.483465,16.904970,19.360355
-2.782948,15.876201,20.671925
-1.882566,15.535223,18.097431
-10.783339,-29.209330,45.990063
-26.636177,-32.898460,43.454124
-48.806206,36.594177,53.970879
26.739477,5.516930,32.646255
-9.635629,32.537899,46.086304
27.786034,-33.466793,75.815262
7.018277,-15.264639,18.406908
8.429039,-13.232210,16.981829
-18.602427,8.477568,24.632605
-16.281315,14.784897,34.162731
-49.739994,26.538658,74.114128
-49.862606,25.424931,75.814522
-8.540095,7.695070,50.555519
18.803312,7.307647,23.703178
19.776464,8.310781,25.912785
-2.148323,-14.793143,75.815254
-2.042310,-15.838145,74.066307
27.850216,27.306318,75.815453
-33.566212,32.789722,37.483177
-33.643478,34.025116,39.854351
-45.335270,30.861006,47.057827
-46.146255,28.803148,45.843842
-19.239393,46.611744,73.825447
2.450545,21.202595,35.492222
1.944324,21.096373,37.610405
-40.032925,-1.812859,33.343498
-50.108833,26.846960,69.711151
-37.325565,39.926659,62.366268
-3.669303,-5.820651,9.365642
-3.673989,37.373859,71.562439
-4.340704,37.647343,74.017258
-5.895472,39.209263,73.208992
-31.806150,39.982414,56.383236
-29.987854,39.706055,54.696026
17.169264,20.308289,41.140167
17.932945,20.052881,43.189579
22.383329,-1.072777,25.680611
23.026268,1.023115,26.676397
-10.219995,7.897024,24.507456
-34.831947,-12.463195,35.751694
-31.737381,36.548981,45.118187
-30.360867,36.061863,43.407841
-41.324986,-20.726280,50.816044
15.986961,37.637638,73.733696
-43.249512,29.683783,37.422989
-15.456999,-35.631920,54.929253
-14.132732,-35.224846,56.182495
-7.087098,-33.463520,67.295937
-41.550003,38.310280,65.144402
-35.589626,-24.623869,42.035118
41.211220,-20.706995,51.296062
-20.571913,-52.488831,75.815170
-21.810013,-51.519352,73.764305
-19.210730,-52.374691,74.021706
-40.877701,6.667069,31.255556
-42.472771,7.652625,33.276901
29.886482,22.318703,45.175568
-10.427840,-48.520359,70.662170
-9.856241,-49.293221,72.373550
-8.472031,-48.575989,70.804428
-24.144852,-12.823361,46.928631
27.968040,1.388563,33.082699
-0.765024,43.426231,73.587479
-2.321318,44.164913,71.636063
-5.530156,11.505482,4.061250
-4.359199,13.339000,4.779465
-25.196026,39.363926,53.091915
-13.075063,18.377466,58.386112
-2.110699,12.564502,59.898918
-0.912007,14.539503,59.470875
-42.103672,-11.925999,46.299809
-40.462734,-13.270903,44.546509
5.004907,16.384848,72.286751
3.502881,14.851801,71.698357
35.112404,-19.512941,73.762329
-16.320057,-38.703842,46.562222
-14.084011,12.225799,67.258568
19.793816,-38.093582,75.815247
22.426100,-38.902714,75.815277
-16.771873,15.248521,50.701599
-32.853710,23.340725,22.424902
-11.943975,-15.230880,75.815178
-12.158967,-17.106535,75.815025
-10.398925,-16.437721,75.815277
-37.437252,-30.149086,54.397793
-35.526470,-30.556534,52.592167
-9.174736,-47.938324,69.477272
-20.321678,-26.600042,51.752922
-19.794844,-28.647310,51.398445
16.702927,0.239723,17.919712
15.880505,0.938754,16.511589
-25.388277,-46.193035,75.813324
-22.460751,-21.079121,50.816162
-20.248848,-44.467701,57.727001
-47.629951,31.169035,75.810791
13.435454,23.240641,55.643101
-3.438796,29.540359,18.451439
-40.048592,38.801537,74.343903
-38.903996,39.282990,75.809486
1.868543,13.286384,9.075480
1.602490,14.615211,11.403795
-2.366741,34.741589,71.529091
-2.891083,1.384773,75.815277
-19.557095,10.791963,40.037373
-19.661272,42.515060,68.693726
-15.663611,11.858553,22.247717
14.282255,23.333122,66.296059
-4.756806,-27.481411,33.531124
-6.069367,-28.266090,35.320259
-32.957985,-27.747042,42.328819
-18.234983,-24.560076,60.031738
50.792988,6.798019,65.883301
47.313152,-8.806062,54.437027
-50.924583,21.457752,72.454506
-31.378443,-37.308250,53.378391
-32.529434,-37.869820,55.243355
26.685791,-27.291550,61.797714
16.025505,-18.788649,30.615061
-5.930069,0.889861,8.941895
18.633812,-37.556202,44.144009
36.279026,-20.457127,75.815300
27.660591,-26.011892,60.381683
25.861519,-27.497351,60.042282
32.470364,4.764419,43.900852
32.235886,3.651379,42.413399
-14.221461,0.590608,33.919380
-13.871776,1.062600,32.158981
-16.883110,-52.842556,73.837555
-20.817860,2.418386,11.237837
-32.184090,41.506458,68.577583
-34.071518,41.084484,67.622559
-51.612518,7.754416,47.574032
-12.251383,20.304810,55.447483
-19.693497,10.659218,46.401974
29.478167,21.115021,41.318695
28.169641,21.724213,39.752934
43.959652,6.233171,75.815361
-14.516000,-17.344242,12.567981
-49.326649,-6.834793,75.810646
-49.736603,-5.746194,74.127274
-44.928520,15.112869,38.898972
-19.018366,-33.256229,51.660587
-21.030478,7.681788,46.209583
-21.880726,5.170779,46.773399
-21.330338,6.390886,48.780521
-10.483495,38.068489,44.254105
13.347328,-32.630527,56.506924
-8.108348,-16.753811,63.207134
-54.630775,-2.470219,66.996956
-18.666851,-11.361643,12.425731
-16.609810,-11.728110,38.775990
-3.111351,-15.125251,71.922974
-22.448816,-11.338334,57.697021
21.940535,-5.012423,25.663633
21.575190,-3.015882,24.817675
20.874447,-4.456872,24.205929
-4.750064,40.220211,75.815277
-5.397927,38.190525,75.813896
-39.168953,-29.671444,56.111675
-13.086110,5.514152,75.813042
-14.256851,4.692635,73.929581
-26.079920,19.936094,15.933076
-42.985222,36.651295,75.809006
-5.516700,39.445072,52.410473
-49.206917,28.983963,61.252220
-49.366100,28.994526,63.421169
-0.542125,18.884523,26.029520
-12.088068,45.759857,75.815338
-28.115381,38.463364,50.169422
-25.820602,38.564613,50.418995
-27.623659,39.019627,51.957901
-22.522520,46.587128,75.815323
28.983805,6.700869,36.640942
-18.034828,-53.109322,75.815170
36.584915,15.197279,43.146854
15.944257,9.068407,19.193272
-21.663490,-4.632296,59.124325
-22.117413,-6.566905,58.157227
3.294386,17.197247,6.368091
-18.653683,38.565010,51.685745
-20.348219,39.201500,53.221424
-44.672863,35.137852,75.815338
-6.573665,-53.431442,74.486610
-12.814260,-25.382542,50.056644
-13.784988,-24.281595,48.539593
-45.142197,-23.883795,75.810844
-45.847893,-23.241661,73.806236
12.883028,16.273745,24.641932
2.975190,-26.883488,67.730988
4.906940,-26.625721,69.378601
-43.438793,34.934059,52.015888
-36.998409,-24.829632,43.927494
-26.562490,-29.990023,45.923004
33.942924,-11.239367,52.473995
34.397316,-9.236521,51.855824
-26.115391,42.032932,66.008614
24.981771,-21.826492,47.157352
-28.240763,5.046678,17.785751
-48.406883,-27.305304,65.636009
-49.258133,-25.752722,66.302681
-49.366219,-25.017946,64.664047
-6.105897,4.098845,1.428325
-6.517272,-0.086138,63.390072
-7.649880,-0.580348,61.324055
-6.775856,1.141407,61.954014
12.366848,-15.874897,23.436821
-36.138237,40.050663,60.635765
-36.253307,39.759754,58.849476
-25.728874,0.589101,23.814951
16.286856,8.530649,7.811256
-10.661695,-26.223974,73.830284
-10.670756,-24.807301,75.810379
-12.034123,-24.312042,73.656258
-38.029598,-20.737453,41.773396
-39.848076,-20.759039,44.098495
31.618687,-8.659717,44.404770
-27.772707,5.654077,21.116203
-49.841076,36.080460,56.167454
-51.030815,34.964966,58.075806
40.230854,-3.306748,33.952091
-15.124669,14.939477,28.709982
-14.553088,16.332130,31.050476
-13.768496,16.572479,27.951294
-19.383877,7.044954,23.117039
-13.005862,-15.857967,54.229145
-14.222684,-15.827001,51.686127
24.893877,33.179810,75.815460
-13.194491,-1.886980,22.788212
-19.836765,-9.529279,12.877851
21.185753,23.420650,71.317345
19.066526,23.663763,70.843277
20.663393,23.669697,69.336693
-42.227882,34.257870,47.937420
23.077721,21.130682,56.639965
32.500927,-35.063789,63.746464
-3.042602,35.670544,73.732544
17.089981,29.539661,42.356392
16.009258,29.920971,40.912285
40.077583,-6.559066,67.653763
40.342278,-5.488144,69.859146
40.487354,-4.046159,67.533455
-39.811417,-30.707718,58.486099
-31.450161,-34.036766,52.948021
-13.614941,15.987270,25.232775
2.759459,-21.809462,75.815247
9.106121,-49.134121,75.815216
2.466150,-32.107498,60.194454
4.954573,-32.299511,60.827316
-48.168633,5.798892,49.347355
-48.169075,8.005986,48.277950
2.206214,20.900314,32.964924
0.395542,20.420708,33.920555
40.256561,4.906290,36.653282
41.463585,4.077202,38.924675
-20.093853,32.302299,20.677895
-4.289674,44.602043,72.049843
-14.816899,16.549561,33.544918
-15.718294,15.107988,32.277664
26.834204,-7.126837,32.991795
-10.362237,31.397398,19.518494
-42.298679,-13.762380,47.721199
-44.865128,-10.683891,50.153496
10.615834,-33.205231,53.685555
-19.282558,9.081649,56.006618
-19.035383,10.411695,54.315823
-20.123596,7.954247,53.965164
-22.703556,2.490056,34.841972
-23.245806,0.071178,33.531223
-23.289383,0.312098,36.414532
17.310799,33.555443,75.815353
22.976477,-41.423706,75.815231
-22.773344,-30.484295,47.676228
-47.299835,-19.154015,72.860847
-46.601120,-21.158823,73.489235
-45.687763,-24.947895,63.298943
-9.237434,-11.028488,61.670918
-37.342979,8.508044,30.145391
-35.822151,7.339361,28.523418
26.561165,25.347025,75.815353
-11.662336,40.372120,62.443253
-50.392467,-10.589410,75.815041
35.901165,-8.650656,55.048306
-46.136036,30.933689,41.081963
27.333977,21.198280,70.131584
6.241061,-1.341838,6.860118
-2.286362,-31.084658,39.636234
-36.810867,-5.959141,34.335911
-37.854752,-4.264422,34.948467
-38.230671,-6.115945,36.461643
25.208424,19.753033,55.770245
-17.108278,12.851155,57.442043
-18.454939,10.603402,56.718864
-34.405090,-22.510345,38.714352
-23.692415,-2.162213,34.843090
-7.965870,23.489586,62.271111
33.223785,2.253292,44.583252
33.546070,-0.281175,45.052486
-27.550997,6.695687,16.855944
-30.773632,12.289320,22.203587
-10.659128,9.216894,30.852268
-19.036127,22.404457,16.795748
-17.098318,21.852087,16.217428
-13.259574,18.698109,56.666580
-13.611271,18.746778,54.823666
-40.192844,17.265366,29.071722
12.064945,-5.637599,13.640160
-32.527248,-29.480074,43.977600
-44.347511,-32.610657,63.396358
-43.996975,-32.185539,61.749828
-21.314920,-20.092985,57.024281
-20.428799,-21.883640,57.683857
-11.347959,45.930729,71.513527
-13.849159,41.657265,65.985374
-13.175539,41.878262,68.137451
-26.585535,35.479805,41.182251
-29.030870,35.612110,41.910316
-40.991123,38.113579,75.810890
6.753970,19.412733,67.122093
28.789192,-37.863873,65.215851
19.435911,-16.497011,14.479220
-9.213256,-22.103930,27.790270
13.404227,15.388391,23.129036
3.124729,-39.852390,75.801956
-29.634407,36.697220,45.009579
-27.721979,36.281094,43.548912
-32.530003,-46.213646,75.815155
-46.902428,0.761147,48.405270
-10.165464,-50.619793,75.815750
-3.291922,7.191700,6.942699
-4.226299,7.889291,8.992958
17.080818,-30.160421,68.077110
-7.034434,-50.130726,74.334656
-5.172830,-50.628628,75.809883
-27.073809,-49.782413,75.815163
-11.054704,20.844509,22.925915
-4.838484,0.769137,75.815277
14.093904,34.691437,75.815361
25.268356,34.365425,70.800087
29.393822,32.004494,72.346260
29.599306,31.434362,74.279427
28.631010,31.389387,75.810722
46.838898,-2.322653,49.270931
-28.559271,42.555115,75.811996
-30.512377,42.206520,75.812920
-29.576721,42.266750,74.143677
-22.332359,39.360283,53.344185
12.800189,22.504068,69.948509
17.278606,-6.162036,7.908067
-22.239420,4.285889,21.808893
35.867722,-28.088655,52.187065
11.578078,-24.262072,34.073078
12.823032,-23.026142,33.317013
29.776775,24.555798,49.663197
-21.893787,1.492705,54.221294
-11.747932,-9.375151,19.060526
-21.666088,6.288079,39.499744
-20.989363,22.826790,17.672295
-24.264227,-11.717049,43.304901
-24.189125,-13.245887,44.864010
-46.755657,-21.675026,53.994640
46.146339,-0.698677,47.638203
-27.514311,-38.945770,57.598106
-3.190209,-24.670732,65.148666
-2.219984,-26.496870,64.423294
-22.883009,-51.680069,75.815163
-16.917337,14.968895,40.963253
-16.229380,15.608550,38.584881
-28.217924,-43.669262,70.772827
40.157913,13.358713,75.815361
-13.883267,33.014771,22.180967
-14.021499,33.714363,24.379143
-34.577057,-6.368568,31.753382
15.804297,-34.878433,36.350128
-23.929518,37.962929,48.610638
-23.930317,-3.653824,41.983673
41.909054,-3.731452,75.815331
41.851486,-1.453899,75.815338
-7.294797,6.165195,56.178867
-45.500782,32.384827,50.634121
-45.668385,-31.908295,66.227539
-10.834102,0.607301,53.749767
-26.468866,42.817619,75.812943
-27.488655,42.536999,73.644897
-21.877991,-31.455269,48.792843
48.766068,-0.888461,54.547520
-3.870559,1.697332,69.359550
-6.659345,31.913647,23.639601
-5.430305,31.855234,25.592052
-45.859253,39.777859,63.869705
-44.753670,40.372913,61.791866
36.188068,21.945986,75.815361
33.605431,21.509066,75.815361
-50.351665,-0.000667,75.814644
-41.451416,-18.882122,49.721302
31.441555,-17.097355,53.076046
-26.433083,31.968279,24.706135
-26.245432,30.823889,22.647886
-38.399448,35.567207,39.796776
-23.849274,-50.921684,74.376854
28.296633,-31.240629,75.815269
28.489626,-28.735670,75.815269
-25.455025,22.227901,16.150871
-26.662222,23.818260,17.351231
-11.095886,-52.376358,71.266556
-0.074029,-31.073576,39.528969
-50.272190,10.125786,56.994091
-20.064413,-16.261116,63.082966
-50.428284,0.123287,61.145943
1.392779,-24.967525,29.912724
-1.251485,-24.931873,29.474039
-13.562754,8.863460,72.166649
46.903366,12.342478,55.677574
-42.636879,-29.787861,55.962173
7.711009,-20.636763,26.143927
-42.497089,31.589088,38.306187
-5.835664,-1.176370,75.815269
-11.855334,32.266403,20.753544
-22.118727,26.147135,20.877172
-5.444951,-17.929985,66.803200
-7.270455,-48.879066,64.454201
-13.765105,-6.107039,23.254791
-13.717557,-20.488581,73.981331
17.280542,6.439672,8.091453
27.822289,8.253979,35.706276
26.553312,7.466048,33.395180
-47.891262,-20.332441,54.764668
13.755323,32.198967,75.815346
15.537045,33.645451,75.815353
25.720303,22.920176,75.815353
24.016382,23.751371,75.815353
-29.638943,45.768318,73.391617
-28.488077,45.723957,71.267426
-26.008982,8.202188,18.879490
5.331069,4.511477,1.130763
3.874649,6.739410,1.494909
6.195754,6.935735,2.021821
-36.376915,42.245075,75.815285
12.240602,-13.872948,8.293100
-42.482941,6.924623,37.288502
12.032428,-28.477697,70.686760
-53.539288,5.432729,75.815216
-41.246151,38.621365,46.514381
-15.048065,2.292089,73.578270
22.034731,17.454330,40.758213
-34.708588,-14.449338,33.087959
-24.935139,36.382782,43.720509
-22.482351,36.339512,43.758110
-23.636700,37.169392,46.167393
-15.871492,11.581722,63.591000
-17.001001,10.237736,62.302994
35.111576,-14.350437,59.074120
-17.046783,14.166010,36.369785
-16.681572,-19.137001,68.754097
-20.324295,-41.981663,59.116333
-20.546503,-42.880390,60.966679
7.022444,11.887223,8.566520
0.923621,-20.070118,22.412775
1.669701,-20.911827,23.834194
11.169333,-27.732574,22.065353
-38.639763,7.131575,32.046852
-26.977688,44.421513,75.815140
-15.634687,-5.231107,34.872047
-17.507309,-37.422104,45.107151
-11.373745,-4.386646,75.815331
-50.902569,5.150303,62.528465
32.204762,-19.359299,58.543991
32.021370,-18.655857,56.657444
-20.762030,20.741175,16.418779
50.254055,-5.164263,75.815338
-43.362236,37.139717,64.463585
46.218822,10.521546,52.655201
46.606701,11.554481,54.255924
44.491741,-23.865238,74.013062
-9.396870,19.253548,67.417770
-9.527112,20.200638,65.096649
-50.099232,-7.866877,65.871910
-18.487152,2.921786,65.110771
17.767725,-12.444694,10.578874
-9.808084,25.714312,41.127388
-49.151180,19.594210,48.904324
23.924168,4.547743,14.087485
35.090408,-30.978373,75.815285
-49.528587,16.004505,50.969200
-49.351028,17.537222,49.795658
33.177368,-12.635440,27.750584
32.803795,-11.284316,26.396973
39.138447,-3.651876,60.633461
38.254253,-5.272793,58.911106
-8.934859,-43.846889,53.040150
-18.720741,-11.325224,67.198242
39.016094,4.763185,61.955601
8.792464,31.915413,37.465923
-44.599777,-32.976425,65.139656
-0.779524,34.658268,75.815582
1.018661,32.709286,75.815239
2.388506,21.058741,43.425129
2.146493,20.812756,45.473595
49.975605,0.524337,58.687263
-17.619547,-32.369534,35.581059
-49.551846,24.349073,54.385056
-50.009216,22.276337,55.901920
18.169313,-8.116239,9.045005
-6.077735,15.827259,29.983494
9.808691,-4.400721,10.890930
5.709610,-17.708397,20.766171
7.715365,-16.436785,20.332766
-20.699066,-45.215393,66.664680
-17.099514,-40.683437,56.942307
-19.330070,-40.840874,57.093098
-35.803234,40.667118,68.492416
14.514925,-31.109970,49.686428
40.612030,-15.590286,41.314316
48.052418,5.047145,75.815346
48.525982,3.138375,75.815346
50.304508,4.304225,75.815361
-5.925422,28.179142,59.897861
-32.209236,26.280848,28.584888
-7.506660,-37.149342,38.761757
-29.451267,39.299706,53.107189
-18.718262,20.465656,15.673198
-12.066331,19.191109,59.699196
-22.001022,4.239220,48.672974
-26.923613,34.564430,38.787899
-25.032087,34.736382,38.985355
-15.507593,-18.518784,36.465790
3.671964,-42.060589,47.142860
-9.004782,-30.482662,45.000324
-48.480968,14.322709,46.738632
-10.668303,38.746773,58.549969
-10.279253,39.420425,60.963676
28.950909,32.471775,69.979965
18.255323,-30.469799,54.027023
17.372824,14.393567,11.278649
8.071258,21.284170,62.931335
36.134373,-11.076615,30.749727
-3.660678,-9.231763,11.411276
3.622303,-34.062054,51.808804
31.466408,17.702168,62.950546
34.295124,-13.613093,29.968410
34.424973,-28.095886,48.143650
34.869415,-28.547060,50.527523
-13.525764,-5.615455,5.532561
14.573783,14.055362,22.974398
15.822985,12.878622,23.946489
14.532741,14.865784,25.025652
-43.593941,36.836475,61.872433
44.652332,-19.402864,61.660900
45.242706,-19.278103,63.592892
44.135948,-21.134970,63.150181
1.701667,-31.389502,75.815231
1.228935,-33.885937,75.815895
32.177849,-1.939684,41.491081
33.003517,-2.166385,43.804256
-46.366299,-7.061783,45.308239
-31.618145,-43.682278,65.503433
40.595684,-2.992456,69.969170
-41.897625,41.501465,75.815292
-53.610592,29.617613,56.809357
15.762430,2.886020,16.358450
-20.910257,-16.049961,61.121769
-4.725353,-29.678944,58.599785
-2.311207,40.803009,75.815407
21.258812,13.357366,31.974264
-7.948802,29.978676,17.679304
-45.023659,-33.463718,70.896660
-21.424349,-6.835961,60.475178
-40.136955,-8.337138,40.806885
-9.802890,27.350729,32.498848
0.200770,-31.887615,59.358482
1.951674,-32.899445,58.145763
-31.871199,-15.672356,35.199993
6.179736,-36.818478,75.815254
4.237129,-36.509544,75.810677
9.326156,22.967083,53.214790
7.457581,22.581110,53.971680
25.181812,-26.018639,54.646591
-8.087098,6.026976,75.815308
-5.751917,6.545444,75.815285
-22.784386,2.775839,41.980343
-17.313549,-20.015400,66.877815
-47.896378,-18.780220,70.197845
-48.055664,-17.103731,71.645554
-25.940010,34.014763,37.180439
-10.558874,5.714510,75.815170
-9.147669,3.476857,75.815361
-1.293291,9.050570,67.792862
32.431808,-35.993111,74.083298
-0.199618,17.052925,56.053116
-7.862842,-0.453834,75.815269
-7.511146,-2.321643,75.815269
-54.068096,9.910379,73.634369
-50.520798,10.796815,44.850838
9.772529,-26.415977,74.104279
-11.142099,7.848317,40.349846
-8.755745,37.132736,57.415588
27.520962,-26.698452,71.828293
25.346167,-27.565512,72.057709
-33.408707,-5.509615,30.116236
-53.149689,-13.223959,66.675674
-12.562325,-7.632004,5.387186
16.896482,2.308223,18.382238
-3.159287,2.182051,0.501106
-33.491035,43.232216,57.833519
-26.419758,39.377888,43.298721
28.248123,10.756627,39.600758
-1.920017,3.738397,0.635077
15.423570,22.772903,53.927223
18.003740,21.906847,53.155762
11.175864,23.170980,54.571404
-22.369617,4.143521,43.289169
-12.097164,19.775866,57.889584
-22.729424,2.868179,37.444386
23.241667,-12.083533,31.560986
21.017307,-12.637976,29.360655
21.606749,-14.023719,31.359964
-15.934340,37.869495,50.973125
-26.214375,38.404263,40.884689
-24.394054,38.897995,42.137329
16.790148,-30.823963,52.618813
-45.525398,-31.403660,64.276840
40.169376,-24.306540,56.304424
30.890297,17.644484,75.815338
33.177670,18.591328,75.815369
-51.066368,2.915264,69.835648
-50.864677,0.717691,70.471352
23.305141,-32.544659,75.815254
25.821367,-31.901632,75.815269
-13.590637,1.158000,30.258522
-4.955839,-30.743921,39.868710
-16.419394,-31.705795,33.528194
-15.663882,-30.629200,31.259489
-39.414009,26.549549,34.846550
23.304205,-36.534969,75.815269
25.272701,-37.932796,75.814888
20.512329,-29.180437,31.401020
-50.601761,0.421572,73.486542
-50.544601,-1.623781,71.642532
0.754411,-30.942308,61.321056
2.500124,20.037914,27.767735
2.174502,20.343462,29.633120
0.653250,-38.009312,37.627563
30.496071,30.667843,63.850529
-30.659733,-3.081028,22.698473
45.817860,-14.653893,57.235695
44.439503,-17.389660,56.838615
-24.680319,-46.093372,73.822266
21.247337,-15.671530,32.622673
22.892893,-14.089315,33.004047
6.840423,22.196712,56.033085
4.647457,21.034813,56.531147
-49.102249,-10.540174,73.146179
-48.476810,-12.907767,74.177460
-48.885124,-12.926273,71.793129
28.405947,-12.835797,41.172962
37.584602,-26.125761,52.276047
-50.968452,19.723581,74.083588
0.942735,17.891954,20.358501
3.024063,18.274035,19.523756
-41.683212,-34.389301,75.814941
-48.587212,30.707523,70.316284
-43.453815,-7.864100,46.151947
-29.691721,42.080612,71.626938
-30.641893,41.826653,69.640244
-1.923866,-17.431705,72.296913
-33.758587,-10.018794,32.909168
-51.049698,-10.643777,53.596756
-8.438143,38.696716,61.553043
-31.302084,3.034593,24.827518
-4.035007,17.805155,35.664982
0.360295,35.695793,43.630775
20.955217,-30.552681,62.906826
-11.808629,41.226379,65.910973
28.363848,-1.361049,33.589737
29.318016,0.235116,35.104816
-21.414230,-13.843213,18.460676
13.984546,21.096170,37.564472
-8.301002,40.382645,67.404411
-41.713455,-37.010628,67.981453
-10.815703,23.448425,48.596695
-11.642453,22.346621,47.168255
-50.425159,-2.091282,62.300056
-47.095486,8.421320,40.231602
7.912127,-47.537506,75.815269
36.128151,-26.968300,49.976612
36.175404,-14.340219,62.931763
35.033546,-16.574591,63.105953
37.683105,-11.544294,33.217758
-6.586268,29.688898,55.978977
-6.625683,28.059906,57.591076
27.038593,-14.761779,21.278345
23.851528,0.232002,13.345707
30.729116,-25.831490,75.815277
-21.252008,-8.957915,61.253010
-20.491316,-9.470325,63.261566
-20.692041,-7.013914,62.571838
2.645843,-16.257124,17.547285
-28.249065,29.035538,28.597067
-26.924522,28.390514,26.719654
32.002022,17.463854,64.836197
-0.438068,9.720222,69.700760
-0.346617,10.782357,67.736832
0.457408,11.409845,69.293129
-31.990683,28.098021,30.152491
-21.337894,-17.224577,59.374866
2.520074,-13.806313,14.696992
3.635749,-14.856763,16.210629
2.310436,-24.997614,69.412743
28.626308,-34.428410,51.699860
14.352896,-3.059201,15.038696
13.629332,-5.221620,15.115665
38.128292,1.481687,31.189499
36.553810,3.205886,29.585611
-52.539196,31.272221,67.489471
-51.617256,18.905622,44.954998
-39.388981,21.010553,32.451828
31.800585,2.596463,40.740200
-8.033549,22.325705,64.767166
-6.816884,24.214436,64.356232
-34.421600,-13.885585,36.311581
-25.932444,30.075277,28.671524
-24.349907,31.444941,30.519533
-30.518444,-46.524605,71.229324
-6.130535,-24.303694,62.349808
-5.104400,-23.219793,64.307014
-39.017178,-14.978215,43.489826
-23.329166,30.710417,28.432320
-41.087421,15.721925,30.081690
-55.332363,16.743547,64.005951
46.845592,-6.652048,50.771061
14.349333,8.305326,15.024552
0.685906,-19.608601,9.481811
3.019967,-20.692301,10.803516
-46.981155,-20.864302,61.622589
-10.942471,9.058294,33.483967
-8.843477,14.543178,75.812843
-20.574865,-15.998724,19.230701
-52.530788,-16.039680,66.459068
-11.716391,-0.931687,52.940830
26.734795,32.359848,75.813553
-22.921141,-32.747566,40.418423
51.132168,5.163361,67.167969
-39.939182,-20.343962,48.642368
29.247375,30.640083,61.760136
-8.723698,23.489399,59.753868
-22.891012,0.929882,47.799076
-4.391695,-2.594376,71.310806
-4.466854,-4.404960,71.894295
-53.415115,17.516626,75.815247
-23.543814,-9.799538,52.888134
-44.211880,40.146427,55.788921
33.970188,4.951303,48.063633
28.756355,10.957669,23.575392
-37.557114,39.116005,57.221130
-19.435785,-23.504257,58.364365
-33.607586,42.983051,56.051968
25.051094,20.550606,57.614182
-47.570114,27.487385,48.192017
-47.234596,26.482870,45.977032
-9.961308,24.528603,29.834866
-45.465733,26.716669,37.831760
15.453308,12.499389,8.575607
-10.457479,-27.586960,72.144890
-10.323217,-28.848331,70.186295
17.716946,30.798685,52.136627
15.405282,31.704576,52.251411
-18.839163,-30.826792,33.835045
-15.227777,-15.047581,49.332584
-52.338211,-16.638382,69.127106
49.088364,-2.177589,56.016571
-18.544254,12.028482,52.268291
-18.359003,-22.651262,62.266327
-45.126759,-11.398238,45.558300
-42.990437,41.105579,60.310596
-28.834391,-48.733898,75.815163
9.755427,19.824568,74.412445
-14.756191,13.906175,24.198746
-49.805386,-20.523731,59.037121
-8.974398,-50.096554,74.247612
10.326870,22.498344,75.815331
12.406468,23.571074,75.815331
-8.388100,-36.902100,62.075981
-37.080528,5.097421,26.837200
1.706982,-27.389561,66.348671
21.398075,34.193672,61.514778
1.299281,19.578102,26.542385
-5.647101,35.630527,61.122116
-19.098619,-36.190559,52.552559
-16.945637,-37.507477,54.304672
-50.308079,-5.848052,67.940590
-21.692522,-23.069353,51.485054
-10.955655,19.145411,63.306652
-10.644735,37.754097,55.933430
31.721498,21.884287,46.879372
-14.435233,13.613200,21.993109
-10.713418,17.297897,67.653099
28.091732,1.842906,18.656485
31.302183,12.486637,50.932747
45.926918,-0.696543,75.815338
48.294964,-1.735412,75.815346
47.879951,0.872102,75.815338
-7.949238,21.436039,66.961372
28.196989,30.445282,60.102615
-32.029369,41.629173,70.893562
-44.738316,36.059711,66.385826
-21.836624,5.669922,44.567661
40.036400,3.282824,35.033222
-50.571281,1.836796,75.813850
-45.817890,-1.014891,46.869431
-15.549145,16.102694,36.113461
-27.026854,40.864891,59.053509
8.614162,-25.984005,18.391119
8.979075,-24.818804,33.023026
6.736655,-26.171568,33.689869
-35.820843,-41.234600,75.815010
48.100273,-6.702952,55.387135
17.775160,29.700043,47.110748
-6.053429,12.323829,49.059769
7.628897,-7.974132,3.328347
5.471824,-19.475931,10.216201
49.706074,11.270819,70.833336
-19.206024,-38.017120,53.848026
32.360153,-8.611816,46.298111
32.577457,-9.681794,47.860664
-14.537247,13.010606,65.027863
-45.210415,28.650805,43.670990
-12.973401,35.302620,46.104824
-15.613043,36.102901,45.761860
2.420583,-33.916336,49.649509
-6.245678,13.011736,46.534168
-2.615372,10.576238,61.637203
-27.901226,29.141092,21.948196
-26.187641,29.570480,20.877031
14.809336,27.941908,31.241114
-46.701828,-7.871233,52.210983
-45.792656,-7.849643,50.369331
-48.819901,28.519144,56.508465
12.735363,-31.667309,63.721786
-50.795650,4.204363,75.812790
-5.393963,0.633246,65.534393
-14.121068,33.041218,37.067505
-11.116582,10.370989,75.813957
-13.911877,44.549259,62.836498
-29.742096,-39.937065,61.888515
-4.058570,8.233356,61.264851
-21.910618,3.488992,27.338449
45.703110,13.645186,54.531994
-20.538990,25.673754,19.732243
-32.260563,1.120973,26.379736
-30.397783,0.547034,25.099005
-11.102638,-6.789029,57.392681
-10.598537,-4.661393,57.668308
-47.963009,-1.009594,45.148842
-13.789021,3.177239,75.811790
-11.517825,3.882128,75.815323
-17.755249,-48.486248,73.729691
-44.502384,-1.428508,44.469784
-21.875662,-8.436915,59.358269
-24.899834,-27.449741,34.066185
-24.529053,-28.650156,35.256039
-25.929323,37.057514,45.739693
-19.442068,-2.785665,65.062935
9.100578,34.497540,53.735081
-6.350059,37.373775,44.568218
-24.071566,-5.312542,43.047340
-25.241829,-39.348804,56.713528
39.976429,0.507518,63.236725
39.942039,-1.716525,62.861504
-52.810452,31.324734,65.459908
-28.457821,38.608715,41.599617
-15.410041,-5.831158,32.741650
-35.044735,-26.280733,43.058296
24.964609,-34.645172,45.365025
11.449232,16.175039,19.430151
-48.538609,25.989763,50.204544
37.775829,-14.338042,71.378052
-51.101883,33.226543,52.340832
4.733687,16.777813,69.934441
-5.228878,-8.614260,69.742577
2.917557,-31.019810,62.351879
-33.813114,39.400047,54.964542
-2.311021,16.435408,50.989349
-3.508003,15.455206,49.579018
-51.855732,21.148142,45.410923
-50.086624,-6.598361,70.072289
31.468042,-10.290196,45.718525
-49.860008,15.335157,53.198345
-49.659813,17.543867,51.681866
22.678730,23.244968,69.398773
13.853466,29.072956,33.554260
22.667480,-28.718660,75.815269
26.115444,20.299202,30.655920
24.390284,21.820501,30.639938
-24.107714,-15.205606,43.946281
-15.026926,33.875412,39.043083
22.189268,14.211312,33.779877
16.329962,23.453356,59.193398
36.059109,-13.398398,60.735291
3.149553,15.178242,69.339890
3.693894,16.318884,67.779770
-20.008545,-47.725380,73.457100
-18.170004,-47.734844,71.854965
14.707983,16.617535,28.958473
-23.651815,-50.460037,72.749184
-3.761368,-16.435183,75.815247
-14.712017,-29.578577,60.057053
42.164314,21.594433,75.814651
-19.678759,33.350056,34.752113
-13.319376,28.505657,24.241802
-11.426830,27.886248,26.203007
-13.498699,29.367685,25.917919
-46.645355,-12.705830,54.534492
-30.775295,2.670778,20.871819
16.554520,13.514066,26.617180
33.709003,-2.513018,45.876083
-21.997885,30.006752,26.380451
2.363943,-26.351238,32.164093
28.715223,-0.036242,19.216602
29.232594,-2.390388,19.768461
21.016459,28.831692,75.815353
-10.913579,9.115775,36.224857
16.077440,-14.388187,25.482306
-25.944910,-42.245125,63.424328
-38.733692,9.378222,31.699539
-9.605103,27.285568,34.731644
36.636044,-8.517113,56.794659
26.984505,-4.074342,17.060444
14.070894,-15.796310,25.000729
14.373791,-14.276455,23.530432
9.361907,16.245081,16.093081
-50.352551,20.682903,57.657101
-21.272715,-21.412476,55.507225
-11.178011,22.640604,50.718292
-9.773522,24.833382,50.352589
-6.871161,-5.195158,65.224419
17.502663,-23.234146,19.876923
-54.661831,20.956141,52.974472
-54.146080,20.488317,50.861660
-33.775623,-11.792737,30.241920
-33.399033,-13.972127,31.177061
-35.838257,-5.575674,32.870480
29.770313,-25.455727,71.420540
37.301876,17.295488,46.902058
-12.664042,-44.770531,63.447289
26.913092,20.484373,32.579155
8.358792,20.413162,67.922386
-4.805820,-39.228848,65.387642
-5.991760,-40.527355,64.131477
-4.596396,-41.693150,65.663826
-13.110726,-45.994125,65.607147
-35.937740,33.900291,40.930355
-15.451283,10.696659,65.868935
-23.869350,35.615417,41.467838
-44.318375,-18.331705,53.644466
-5.573706,26.138498,64.493736
-5.731952,25.046474,66.080292
-42.192524,-36.535515,75.815163
-9.980876,26.871380,30.317493
32.268753,-20.343145,60.910866
-9.271509,3.088322,14.903461
-7.213251,39.534412,75.814529
-43.062473,-33.579964,62.380371
-25.776711,-13.507330,23.068182
-12.085037,20.799322,36.699272
-23.373093,38.727665,51.112015
25.176275,-34.557415,75.815269
-51.789745,22.000519,75.814896
-35.571152,44.263660,71.608986
0.805118,11.146808,71.440453
1.776371,13.136459,69.998215
11.709179,-46.249264,69.169609
-24.217581,-13.735629,42.911842
48.581722,12.560385,61.786907
-20.518145,8.078644,11.518930
-39.928196,42.516167,75.815292
-40.426701,40.370899,75.815048
-38.304573,41.334332,75.815041
-18.816713,-25.122313,57.666489
24.317680,-18.063530,40.095917
-48.205887,-15.048180,73.266975
2.429306,12.718727,3.744613
5.917751,40.148472,62.482201
-37.385784,-39.720718,75.815094
-38.920227,-37.926437,75.814980
-15.530408,-10.762696,31.389761
-15.525182,-12.952684,31.762466
-8.977172,45.559212,71.411163
-9.890277,45.548328,69.591537
21.940910,-33.856770,40.001873
-28.586084,41.088470,60.559353
-11.304110,4.630150,46.955715
-13.598657,-3.842030,23.339605
-21.505512,-33.159847,49.772591
-42.927666,38.978451,75.815308
19.495943,-33.689407,37.316692
28.238728,-26.760279,69.293579
27.748631,19.000254,31.156387
28.756433,17.343817,30.156614
-34.921879,18.923626,23.196465
28.836596,20.228228,69.699356
30.121265,19.257879,68.804520
-22.596239,-41.985775,60.161293
-21.795359,-40.846905,57.631802
-16.469059,40.397732,58.881058
0.092436,-48.460857,65.815048
-41.472023,37.790730,58.505772
8.304408,-19.166151,24.449104
-2.892306,-50.231613,75.806396
37.858257,15.960772,75.815361
37.371700,14.052226,75.815361
39.316280,14.993054,75.815361
19.988876,26.743456,75.815353
-31.053362,-39.992470,63.695599
-47.477524,-11.003130,55.460533
31.371374,3.608229,23.399937
9.018432,-30.039644,41.368111
-15.434371,-46.190792,66.386299
-17.074778,-46.554775,67.952621
23.944063,-10.004928,30.802618
-7.712095,-9.541194,75.815254
12.562301,3.134234,11.185722
-38.346130,-34.136471,55.982063
8.968988,-28.893745,39.289452
16.723330,22.739998,20.511545
6.748908,22.222113,40.102898
-30.965702,5.519005,23.688225
-33.917725,-32.521687,53.292931
-23.347576,-39.789555,56.472218
2.570370,15.059866,4.959978
-0.949939,17.393059,21.520956
10.692119,37.045235,75.815323
9.644230,35.272247,75.815361
-12.697679,17.600609,25.826717
-49.937847,27.321957,63.985561
-14.630278,-1.684760,43.644516
7.999768,40.177334,63.953251
-11.840178,29.648960,29.587156
-53.101028,20.898077,75.815247
-49.302109,29.955658,75.814339
-48.327812,29.600128,75.811333
36.915516,12.632854,39.476994
-53.510147,14.888361,75.815231
-52.370609,11.919038,75.813477
-52.341557,9.668036,75.814819
-9.337264,18.140816,69.599159
0.636836,-22.603834,70.462509
0.257232,-24.217236,68.479103
35.428204,13.457167,68.985275
-8.079384,-36.238522,37.085087
-51.692760,-1.225477,75.814064
39.412956,-14.527521,38.161510
-36.956898,-35.823223,62.959629
-19.206234,42.924438,75.813606
-26.068113,25.706871,22.955280
-48.884716,-9.292415,75.813721
2.089810,-29.103081,75.815231
10.255840,-35.731693,75.815231
11.833065,-34.106731,75.815247
9.693992,-33.423779,75.815239
-29.326914,39.613831,43.977467
-21.556799,-47.869583,75.812279
11.365887,-32.077412,62.491909
-10.112511,-22.520454,75.815140
-9.627894,-20.191154,75.815216
-27.573542,42.829998,53.191162
-25.051273,42.951435,53.539078
35.740368,5.482779,52.399979
5.039031,41.657333,65.885101
6.131809,40.866039,64.347191
-9.245487,-1.411789,75.815269
5.821709,24.019361,75.815331
15.802209,26.509636,75.815346
8.058590,-42.234474,75.815224
5.807071,-43.259083,75.808434
18.285233,-29.065893,75.815262
10.285971,-41.109276,75.815262
10.780088,-38.693592,75.815231
8.271268,-39.930344,75.815269
0.379526,35.156956,41.693844
-16.246775,6.020560,8.361618
-10.150251,-1.396264,14.846478
-10.009895,-3.956954,14.681165
-14.518052,17.340803,55.696568
-15.357896,16.034042,56.245296
-48.169952,25.324181,47.891884
-44.374176,40.426170,59.636066
-9.157212,30.757580,44.995968
-17.578522,39.989723,56.887806
19.092207,-35.955509,75.815254
-8.261840,9.043355,48.895351
-7.431369,10.951098,47.538528
-44.288368,-26.118013,75.811111
16.682367,36.282356,75.815361
39.711735,16.842604,75.815369
8.386149,24.536741,75.815338
-7.566729,-13.443476,75.815247
-6.983254,-11.528225,75.815254
-9.445615,-11.850108,75.815269
38.735943,-25.598808,54.670853
-46.370148,7.700842,43.689011
0.925592,-24.377424,75.815239
-1.661981,-24.339470,75.815231
-7.819283,-23.901777,75.815254
-9.310379,-26.636427,75.815926
12.030099,26.432686,75.815338
1.752845,-29.737347,22.798275
-34.341038,20.942963,27.400379
-17.638498,37.668518,49.338013
-9.847898,2.900852,53.785351
-16.037786,14.245097,30.544821
44.007603,3.803950,75.815346
46.002590,5.389647,75.815353
-49.053192,-7.181498,58.039791
-48.322289,-9.089233,56.688572
-12.075314,-48.022739,62.579159
7.504210,29.570286,75.815338
7.907340,27.082441,75.815338
-21.190916,-39.418621,55.330173
-0.694878,28.881628,18.139156
7.937304,-35.122005,75.815285
8.357183,-37.319172,75.815277
47.512951,7.282569,75.815353
49.315281,9.215761,75.815361
1.091540,20.291073,75.815315
0.819948,17.723860,75.815308
5.551659,27.958021,75.815338
6.584243,25.792158,75.815338
-7.835409,-28.292652,75.812729
32.807819,15.779934,75.815346
4.369459,25.857378,75.815338
-18.375257,-39.565464,55.488525
-50.097801,-4.042113,73.163887
-49.949684,-6.123946,72.011490
45.360722,0.805560,46.141819
-44.709984,-8.979731,48.967396
-43.748268,-9.592341,47.633804
-36.519577,9.862724,25.137655
-4.948161,8.414997,75.815285
-3.782897,6.836271,75.815292
-50.240673,34.474697,71.572632
-23.763254,-24.575888,30.014385
10.707496,-45.882511,75.815231
8.050034,-44.666737,75.815544
43.891655,19.645048,75.815277
-11.222094,2.545355,3.827207
-40.016548,-34.053684,75.812431
-40.368462,-36.316860,75.815132
30.216871,27.226965,55.411774
-3.161553,-24.357779,28.645929
5.995285,-33.462410,29.364437
-49.483414,19.094051,50.645485
-17.306786,-47.223042,69.890335
-19.587351,-46.989571,70.876228
-1.126148,16.629919,54.524708
40.570034,-10.979720,75.815315
-10.956329,28.393337,28.898277
-12.605490,20.762030,41.543629
-51.161327,10.715532,75.811729
41.036087,3.000787,37.013149
26.244530,-6.402250,16.554234
35.783787,15.904854,75.815346
3.693184,-43.993031,75.812416
0.016757,-29.848484,75.815262
2.137984,25.514273,75.815369
3.293935,27.362213,75.815353
36.917633,23.933172,75.815369
-13.159582,-5.016771,21.129999
-25.488737,42.785545,74.260414
11.368009,-31.770447,75.815247
13.632963,-32.496956,75.815247
-9.993930,12.557158,75.813118
-27.282406,42.369778,71.040634
-30.007441,29.455145,30.398277
-31.810627,29.717955,31.942020
9.721725,26.261616,75.815338
2.692787,11.507616,6.872949
2.566486,9.110031,5.100096
17.169401,19.824545,16.346363
-39.117668,-26.847528,52.952450
-38.794189,-28.539022,54.275688
-1.343639,-30.679073,60.264088
-23.124823,1.328654,38.243500
-2.814329,-22.398073,75.815239
-5.652036,-21.717199,75.815269
-9.246501,26.870794,46.036915
-46.345501,-30.199917,75.815170
-9.150059,0.957787,75.815292
26.853039,-27.633011,75.815277
-23.578987,-45.909927,71.527039
-22.372679,-46.969933,73.622452
-3.070238,-26.817160,75.815277
-3.814825,-29.011587,75.815475
-1.644727,-28.513721,75.815292
-35.356995,-33.140507,55.797153
-6.362316,-52.116261,75.814941
-14.156438,-16.479061,75.813240
-13.086758,-13.439373,75.815041
21.121941,-32.751377,75.815254
-50.126907,0.129685,59.369507
1.107553,23.137150,75.815407
-13.527832,46.104954,70.572647
-6.468505,9.999786,75.815323
31.866066,-6.462833,23.386051
30.787548,-5.816998,21.933924
-0.647418,37.516201,51.458973
-17.064142,-49.303444,75.812057
-19.417715,-48.603703,75.805138
-18.787483,-50.724010,75.814079
-21.011770,-50.159950,75.815430
43.707146,-2.476545,75.815331
43.769932,-0.113670,75.815338
-7.294746,-19.671053,75.815247
-6.466219,-17.450062,75.815239
-8.842166,-18.023369,75.815285
-24.067472,-42.457081,62.255985
12.901327,-44.733654,75.815224
14.961464,-43.309826,75.815231
8.365170,19.768633,9.430019
-2.120829,-30.567410,75.815491
-4.555821,-9.422259,71.494102
-50.156548,14.104409,55.393158
21.885206,-30.709631,75.815254
40.694515,-24.803190,75.815292
14.331197,-34.781437,75.815247
-48.185780,37.619446,56.031013
32.982838,-34.334835,62.316322
-23.411499,34.150490,37.174469
42.559143,-11.012901,75.815323
43.443291,-12.565909,75.815323
-42.233105,8.775858,36.375771
-36.019634,-31.654980,54.530098
46.179291,-3.366525,75.815338
43.688984,20.552645,74.265450
6.894058,-30.545776,75.815239
44.125126,-7.599376,43.358498
-11.932767,-49.001015,72.065697
38.856071,-24.785578,52.987526
3.195064,21.236111,47.458500
1.097512,-33.947041,51.645508
41.535728,-14.216701,41.922733
29.489136,-7.204472,20.630943
29.324261,-9.404687,21.120214
-43.587433,10.920484,37.733482
11.269343,-28.879967,75.815247
9.008348,-30.954491,75.815239
-4.776920,-45.552994,56.872078
-37.177830,-41.224236,68.806992
46.604542,3.394912,75.815353
19.077599,-9.923450,10.377852
17.039618,-10.258338,9.058379
12.239416,-40.380737,75.815224
-20.953333,-24.694735,52.020020
-21.442846,-25.378839,49.917088
0.866606,-23.741550,27.978752
12.384315,-42.286827,75.815231
14.470400,-41.102085,75.815239
-27.337946,-6.773059,20.965986
38.690975,-6.747278,61.145363
37.739799,-9.280672,60.602844
37.558453,-7.806175,58.667297
34.361298,13.910075,75.815346
7.082483,-27.995756,68.850029
-29.427425,-1.721970,25.585691
-28.350208,0.075310,24.282866
-25.139721,37.502964,47.100990
28.986137,12.360454,24.984194
32.894764,-11.182763,50.038784
-14.058710,-5.245651,24.980125
25.455050,0.551327,29.566004
45.576878,7.356851,75.815353
22.000137,19.266844,22.344851
-35.544292,44.323807,75.815315
-9.111939,-29.789650,51.557415
41.199665,15.238765,75.815361
-37.900524,39.458187,59.857559
-47.539639,-17.461258,73.797493
3.640038,23.739138,75.815323
-55.468014,19.165380,60.127827
3.659480,40.457405,61.773357
38.829643,-21.908842,46.132839
-8.700122,-13.903062,62.653778
-0.529399,-26.490761,75.815231
-28.869181,43.868412,59.029881
-33.657219,10.111968,25.529118
-4.950565,-19.033871,75.815247
44.769283,-11.238662,75.815323
-15.466553,24.921532,13.907207
-15.371709,26.920557,14.840817
-13.287258,25.849979,14.002578
-8.107006,-21.572340,75.815292
-21.689016,23.756659,15.009530
-16.672924,45.327785,65.287254
-16.296934,45.739090,67.276878
3.415487,36.419949,53.014946
-14.934942,-11.197721,49.828556
-15.487229,-12.919136,48.520912
29.541492,-1.918341,35.646374
17.110252,-31.210594,75.815254
-45.893879,13.871778,40.701725
-11.913467,43.752426,75.815483
33.407356,-34.939568,75.814796
34.215130,-34.701134,74.206619
-20.234987,-30.564837,50.222538
-14.216371,42.184856,75.812286
-7.577565,37.040474,42.860142
-8.596580,37.757458,44.376984
42.402847,-21.827431,58.460201
-4.409325,10.839508,75.815308
-14.455441,44.246529,75.815498
-8.315722,-15.787994,75.815247
-9.852347,-14.182526,75.815262
47.431633,-6.774543,52.843151
49.628357,-1.226723,57.771244
-22.351528,2.595404,49.416851
4.784555,34.628342,44.102711
34.906425,17.624460,75.815353
0.643374,20.259813,31.214743
2.940629,21.763159,75.815315
-7.227430,12.317854,75.815308
18.982174,28.766006,75.815353
22.288414,-25.316637,48.290089
49.426975,10.961396,63.094860
-34.185886,8.783108,22.783810
9.122592,-31.618610,63.442894
7.009069,-30.703407,64.596191
-22.445808,0.115168,52.604275
-22.343395,-1.114969,54.411430
-40.341858,-6.908288,36.533367
-5.696128,9.466779,55.700989
-6.011770,8.018255,56.928764
-24.095211,16.094505,14.329325
19.656324,-24.314606,42.512489
16.038179,-39.328178,75.815239
-3.418205,27.865244,68.929466
-42.559021,40.566898,54.125210
-44.074345,39.685028,53.179668
9.737371,26.987577,21.934607
-39.616238,-35.038864,73.500298
-12.801280,5.088980,36.981743
37.145302,-13.178271,64.569847
37.005894,-12.422814,62.516346
-8.495163,-29.521494,53.600441
-49.977657,33.723579,50.174416
6.723010,31.187231,33.877968
-4.231322,17.315315,75.815125
0.392098,-28.126747,75.815231
-21.421396,16.596952,13.225742
16.992580,23.718538,63.229454
15.285444,23.604218,61.402439
38.088383,-24.732754,75.815292
34.810410,5.038144,50.053200
13.311944,-18.729639,27.951637
-10.474759,0.590504,3.193127
-1.085180,-43.823017,51.994312
24.668224,27.843170,51.474892
-31.908806,-15.396301,30.415878
-51.532871,10.026355,46.785023
-41.485672,38.266811,62.958103
-21.958723,-10.003922,16.374752
27.465401,21.227060,68.339600
-13.717849,19.066792,40.056091
-39.598869,-22.400518,45.035725
38.646595,11.351312,75.815353
-48.066586,31.949907,66.068398
7.761209,-19.248869,10.646820
-16.110193,16.278080,43.147144
6.554809,9.085414,2.779952
-0.843591,15.108612,75.815300
-20.833984,11.319221,14.921472
-16.396072,-8.830466,38.047031
-15.091517,-15.371000,11.145428
-15.646445,-13.281030,10.051953
3.799751,12.846394,8.425022
-54.776245,-3.269802,62.325790
34.659107,-19.761173,69.173004
-5.518556,-43.235920,51.016838
13.042699,-30.522102,75.815247
21.262676,9.179743,12.633605
37.315651,-6.568257,57.188366
30.662369,-10.549343,43.947758
10.477448,24.762276,75.815338
-48.436340,31.230013,68.163689
33.192825,4.737936,45.908367
-9.931572,25.155003,38.685490
45.535801,-22.061325,73.157631
28.105274,-9.041269,19.493416
10.509362,-43.390408,75.815277
-0.355876,-7.042961,8.956696
-12.009257,-2.105346,18.460121
-11.220512,-2.988936,16.579643
21.230021,18.697458,20.378803
-1.317817,31.848684,31.424629
-12.612134,-13.581444,23.063473
41.206230,-23.432215,57.848709
11.786538,26.365210,22.585649
-7.547215,-13.061959,64.793373
-18.863676,6.566549,61.097878
-7.975250,4.572050,2.131526
35.997746,-13.090032,31.906193
-45.269634,39.860111,57.833527
-46.396145,27.135700,44.506451
-20.756464,7.239268,51.404510
-14.434706,40.018261,58.787754
-11.306338,-13.233564,75.815285
-11.985351,-11.366762,75.815201
-4.316255,0.249526,0.458583
29.541561,17.718225,32.259296
36.679256,-26.733307,75.815285
-15.928077,-10.896081,33.553715
-15.683320,-9.280764,32.424294
-34.368156,44.463974,70.159828
20.442850,-2.845212,23.373878
19.221262,-3.143739,21.861889
-50.382675,-3.895929,63.428127
-29.120699,6.814537,18.241768
9.649695,17.136745,18.619148
-34.425926,-20.399704,41.603867
-2.849375,-12.753423,75.815254
-6.361567,10.325869,17.014912
1.609495,30.513590,75.815346
-10.941137,-13.372002,58.455856
-10.393619,-10.947334,59.451694
-12.815681,-23.129255,34.674004
-5.437637,10.662153,15.430402
-17.502357,33.414852,35.509747
21.848110,-27.002428,50.779854
-38.325706,-32.189629,58.364407
-51.080730,5.511254,47.432041
-3.396749,-20.506773,75.815247
-49.471424,-7.882699,73.642738
-49.712727,-8.428167,71.282608
-6.273954,-29.836788,75.813728
28.313944,-5.873812,34.770424
-37.504517,-31.635471,56.376049
-27.233402,-12.591608,23.936277
4.242069,-3.077528,6.872988
-40.562302,8.097396,30.444958
-22.845030,42.627312,52.586517
-5.573671,16.226181,37.425167
0.785629,31.785074,32.619041
-19.316698,-46.258396,68.563110
-46.241352,39.060574,56.063305
-27.508528,19.459253,20.173870
-23.809629,-26.487913,32.004143
45.203865,1.448040,75.815338
-26.152414,14.895832,15.363854
-28.277267,32.479504,27.687813
-48.996628,-9.350500,59.006458
28.537430,-3.780501,34.324341
-4.187230,-25.774887,63.293083
-43.455223,-29.513138,72.304520
17.508177,8.548931,22.311514
-51.190472,33.620327,69.037125
-4.401824,17.208538,28.908936
-14.958621,35.130661,30.872683
5.830759,-9.350183,3.426853
29.362900,-24.716955,61.865582
29.246246,-24.082706,59.762127
-39.624908,19.437805,28.768522
-41.694843,18.377855,30.998995
-40.767746,20.760900,30.408659
3.583604,-33.498371,47.379517
3.546289,2.183787,4.609918
43.860542,-5.050077,75.815331
1.567466,2.498852,4.268905
-42.730938,-31.160179,68.054863
-1.737139,-49.424160,67.179527
-3.684581,-49.577633,66.792488
-12.655766,-48.124748,70.141609
-11.731075,21.542356,52.813915
19.649965,-31.095505,75.815262
-10.109228,-9.283829,75.815300
-44.758583,-22.734541,57.807644
2.175296,15.910285,13.655175
-10.042385,-15.010138,60.069176
-9.930597,-12.782601,60.403015
-11.709067,23.605844,12.742627
-52.376690,32.979107,59.167976
45.042206,-15.181695,54.886211
47.359249,6.243398,52.233624
-0.961576,17.415279,52.667019
-12.232292,20.963331,39.130791
-11.603123,6.272511,42.332989
-7.690750,39.552120,65.263672
-12.846994,-2.302016,20.938549
-1.979208,-23.361322,27.134401
-3.678448,-23.615431,27.616640
29.036366,19.822828,63.392502
-8.809508,-0.498850,59.001331
-8.899903,1.197844,57.597996
-31.994495,-13.058210,28.990034
-51.335033,18.783463,69.423851
15.620613,20.691492,15.658211
-2.570085,-18.419136,75.815254
-40.363121,18.949511,33.112247
-24.264553,-9.975086,41.296310
13.513386,-38.943729,75.815231
-21.459387,36.850388,45.503532
48.210346,5.263177,53.734035
-34.265335,15.397646,26.080421
-14.677625,-19.976021,72.278214
-32.375290,7.692338,24.519747
-33.534187,-42.880814,66.228783
33.404995,-21.763771,69.766838
33.583214,-20.896498,67.415726
-6.323817,-1.366799,64.633888
32.298466,16.934658,37.042351
-41.938004,20.654181,31.754799
14.933599,-30.997065,75.815254
-44.555126,38.020874,48.837791
-21.484587,46.581745,73.369087
26.403915,-39.442444,75.810715
24.777279,-40.383038,75.815247
-23.485086,22.796494,15.373508
-6.397148,26.596609,60.894093
-45.142162,-27.038786,67.595276
22.584694,-10.568729,29.508629
-4.873806,-39.731064,43.080597
-17.098318,46.354050,70.860428
-15.523363,46.095146,69.464592
-21.879738,40.195583,45.818611
20.501755,-28.926884,75.815262
0.575415,18.372091,22.446886
-38.222748,-22.819258,43.654819
-18.227530,-45.700493,66.345657
6.298693,-21.943888,27.235945
-39.450142,-12.676367,42.551250
-10.496876,-29.202730,43.908863
27.845886,-1.928024,18.025661
6.661249,-33.805012,51.603718
8.985125,-33.482235,52.711674
-15.035785,-11.246751,75.812134
28.718559,-26.860582,75.815269
-11.015987,-15.841061,58.117207
-10.843318,-17.983253,58.030479
43.913616,-5.958106,42.262589
2.427731,35.344109,44.388309
2.524234,34.807331,42.066334
-4.756684,-16.333061,68.399727
27.449892,-10.137499,36.143974
-21.552977,-46.628376,71.552834
31.948629,-25.921225,39.760574
3.794159,-44.763107,56.195274
31.455479,-12.166793,47.712536
-11.993730,21.875851,45.367218
44.900345,-22.865370,75.815300
-51.130466,3.477482,67.323730
-13.141700,-49.751427,66.129829
16.964470,7.493167,20.400755
-1.987262,-22.781563,12.681063
12.498610,-36.697899,75.815239
-28.330521,-36.747513,50.197723
-0.259747,-20.990656,23.624729
-32.480881,12.613881,24.014774
-16.097389,-39.103836,55.760826
-21.784054,-43.395470,62.797134
-11.646507,-26.073584,72.157417
43.819260,-19.596745,58.970860
-11.114794,-0.196712,17.065937
-4.072395,-20.976320,23.860426
-27.908703,15.049973,16.547396
34.913105,-13.173087,56.854935
-9.307827,2.613186,2.562643
-52.121342,33.079075,56.771252
27.114252,22.201984,38.302708
-40.986919,-11.164742,44.017002
-51.187714,19.271864,71.864517
-41.715397,-2.250236,39.957771
-39.080299,41.939461,55.867283
-11.493611,19.787256,20.778746
-21.369711,39.439835,43.958210
24.254988,1.392482,28.228125
29.734407,-22.657629,57.867302
-2.054962,-21.868465,24.887482
44.198708,-16.724638,54.346378
-13.886842,-21.121429,34.089417
7.505206,-10.812362,13.911825
17.160891,23.387413,72.125847
-48.346268,12.608296,46.834785
-33.424973,-15.396593,36.383717
-8.477665,0.420454,2.002869
-9.066991,28.496578,44.180260
-9.630813,26.176189,43.579548
18.724033,0.779137,8.491468
-15.161078,17.307238,40.884560
-47.250717,21.235716,38.228477
0.748998,-12.674926,4.443489
-6.389414,14.457219,25.862307
-45.621040,39.097252,54.208202
-43.382271,-28.145090,61.598358
31.173950,0.982653,38.854996
4.705314,21.731928,50.920422
-27.744680,21.619532,17.335569
-10.185787,-16.858677,59.520363
-36.727142,44.002289,73.618118
-48.163513,10.431129,47.107929
-33.605221,-29.641689,45.288620
-6.518023,25.602192,62.448086
8.387894,-23.318991,30.446621
-7.706053,-50.734066,75.813087
-16.992508,44.623447,75.815346
46.497688,-20.021559,74.003723
30.205442,-27.820505,75.815277
-11.268574,-52.184345,75.815262
-43.134083,17.736170,32.704296
-11.516396,5.464642,44.539646
-7.405404,-34.493824,33.186249
-25.133377,44.286411,75.814865
-2.649922,24.434052,12.395123
-49.310181,-6.229086,48.872959
-37.819149,43.519482,75.815300
15.283968,15.253901,27.388258
-5.911311,16.140873,35.236389
-52.140141,31.309116,69.718346
4.481125,18.638159,63.326908
-12.874652,33.031536,38.995033
-30.750202,-11.729115,26.881248
-9.086331,10.849616,41.578953
-46.753086,-5.794598,51.320854
-48.733952,23.627043,40.596531
-50.484196,-4.337677,49.792995
-6.580123,13.527429,24.079454
-5.893732,34.223377,58.959911
3.146575,20.804113,31.235929
-19.840254,4.342962,60.074345
37.680286,-10.624687,62.084003
-17.611032,-30.361832,32.239025
0.525176,-43.396408,50.725163
19.306395,0.883836,21.986422
-9.650862,25.536739,48.052666
27.521074,17.400545,53.668701
-14.543548,17.867865,53.427277
-43.586552,-19.095465,47.731316
-11.617517,-5.485878,55.925961
-0.048625,37.774754,53.224457
-24.690565,42.318108,67.848320
-23.681686,-11.660085,52.206028
28.424105,-8.900171,36.927582
-48.818493,30.456470,64.839462
16.577515,9.502198,21.128756
-14.839806,-14.047984,29.281231
-7.500509,11.814782,45.151279
-20.490044,29.396221,24.626013
10.496374,-43.967274,57.965611
-47.187798,9.964151,44.607689
-24.278395,32.161278,23.202309
-13.753190,42.240047,70.811211
-44.520969,-26.093708,61.270130
32.485672,18.281002,40.941708
-13.045770,-26.119833,47.862629
-9.543077,-29.961998,49.607960
33.763954,-24.854120,40.891544
-42.504818,-20.038582,46.974987
10.319351,8.580256,3.877470
-7.396723,25.155275,60.393639
40.341427,-2.975851,65.237457
-28.075439,42.133633,50.543484
-38.441246,43.020496,66.466904
11.072761,-31.312223,64.528015
-22.406071,-2.879154,55.407970
-3.223057,-30.766869,58.620148
28.915634,8.515686,38.079460
5.111510,34.007141,41.605614
19.444872,23.313564,72.920387
-19.015236,4.891850,62.224068
-5.650647,15.744009,27.450338
-4.017003,16.971657,26.537119
-29.942913,-10.533998,25.399384
-20.262655,2.081222,60.444351
-21.073137,-23.038319,53.844643
-15.177121,42.285206,69.270287
18.064501,-33.553226,35.842865
31.212719,-21.075832,58.899281
-47.533241,23.413282,38.972332
-30.894239,18.562817,23.044926
-5.509061,-14.097232,68.085327
1.250959,6.628723,4.223602
0.914798,-25.891748,67.382019
-41.645683,-32.119209,65.504631
-6.716079,8.783947,15.350925
-51.101074,-18.128500,60.156288
10.068432,22.363779,62.375221
2.062109,-47.868507,65.391609
-10.510626,-20.702768,57.756493
-43.429413,-1.954061,42.770157
-49.942661,-8.467235,68.755508
7.938563,-22.018063,28.281048
16.008621,-12.906171,23.787004
16.389099,21.966303,51.391205
-19.353561,2.857746,62.757805
14.091700,22.554705,51.552452
-42.423443,-30.661583,64.096970
-13.556243,-25.763645,44.354004
34.410610,17.800705,53.354691
-13.761086,11.046846,46.739136
37.947281,-19.643024,58.979286
-13.340797,31.188770,24.011038
-10.478392,1.425196,70.059296
27.732853,24.614388,58.132149
26.643040,-16.867205,31.706905
45.827335,10.962354,72.291664
-16.672403,-7.741786,16.608423
32.708992,-19.687271,44.862457
-18.218866,-31.830391,45.642548
-37.809975,39.706650,51.390476
32.680054,-29.547796,67.771866
-9.732121,15.200169,22.949036
36.132992,1.990144,38.082054
-46.583973,31.094776,45.123264
7.375561,-43.448830,71.280190
2.281029,-48.646477,73.583176
-6.856701,-45.055695,61.933708
35.201778,-23.840767,59.228924
-10.649576,13.317067,54.508808
-52.786968,5.395202,57.108379
22.741421,-11.698092,22.153118
-13.910072,13.770223,12.753762
-53.420383,8.267809,64.902992
-24.586040,-29.805628,42.545929
10.671418,-9.156755,9.225845
0.389136,-45.501064,67.456429
-48.677261,33.148769,53.326057
-52.025330,26.891624,61.468266
5.036418,19.325262,12.373334
0.819793,30.784040,56.165470
-50.074165,-19.428288,67.668419
8.207461,18.571102,12.461243
-20.173763,-6.008291,37.860348
22.699604,-20.995382,31.538694
-52.562729,22.965677,59.590416
-52.119942,27.516197,65.028412
-7.141750,18.075640,54.934662
-14.277518,-0.211082,61.267796
25.526669,-12.599310,22.634258
-46.963715,36.246643,57.653526
17.048664,-2.301831,12.207817
6.123042,33.937340,68.465225
19.928341,-33.331390,71.554283
33.730648,-15.311388,41.329556
-18.118570,-11.954152,54.652542
24.705498,-34.380051,68.851891
17.134754,-32.450397,43.236103
-51.746037,20.116646,50.137688
20.326145,-37.926079,71.225525
-17.410158,3.619495,45.068989
-0.923989,-28.736319,28.588451
23.897991,-11.189017,25.559509
-52.618027,8.540447,56.771721
43.388123,-1.444021,55.950954
-52.976822,-1.705375,64.343948
29.066870,26.253630,69.438980
14.770766,-36.312332,50.439873
-0.822004,27.655756,59.885166
-18.524485,-7.435769,52.692123
-51.975132,26.026630,67.006645
26.279640,25.175085,68.109543
33.861053,15.270868,48.714134
28.220110,27.932257,65.827873
16.950901,1.390837,11.712014
47.936050,9.817986,71.738213
-53.125168,10.388590,61.185116
-7.362438,14.324398,57.424923
15.166751,-21.431822,24.335981
1.390532,-34.334759,38.097134
19.925085,16.981300,26.284163
9.020415,-35.713604,69.501022
21.342953,-30.795744,44.706154
-5.448452,16.991850,62.313824
12.680520,-32.127918,72.012695
36.749405,-22.049730,55.854351
-51.429157,27.885412,56.027687
-51.397758,26.731859,52.603001
-51.397552,28.819204,59.704330
24.791101,28.936020,71.045403
-9.390686,-21.158606,69.290962
20.570087,-19.985401,27.483709
-16.523893,-13.668959,20.241217
-52.344616,-4.976557,68.361603
-19.340343,-27.021612,41.677288
-8.521318,11.344413,61.867207
-7.371115,-17.962214,71.540398
-52.147598,-0.920493,56.755936
21.708212,-16.013603,24.782614
-1.020286,-37.703480,60.825966
-45.955452,-17.459963,52.675373
-10.228823,-12.457917,11.678340
-23.980307,-20.445496,33.856564
10.989424,26.740763,40.112072
-9.035184,-43.264629,59.224117
-4.543316,-19.192425,72.217468
-4.643752,14.699715,68.683914
9.185616,-34.811096,41.686409
-5.374689,-31.256771,63.506504
-19.106997,5.445719,43.533985
-19.634670,-7.279609,46.702629
-12.310332,-16.215534,16.903547
17.802814,-17.773758,22.339527
35.957855,-3.942578,37.252724
-12.231194,-21.390131,64.443390
-18.019001,-20.656404,52.033344
-19.105541,-2.330395,46.519009
-51.932281,9.577466,52.928970
24.723808,-37.317192,67.835281
7.114809,-33.127037,67.500793
-19.422394,-1.862583,36.061943
1.182807,27.739796,41.513042
-20.895460,31.732086,25.096186
-29.003160,-13.509946,29.800564
-12.687030,4.315731,11.317846
29.110170,-30.992638,60.405991
0.523593,-42.250572,63.543922
-0.948023,-27.579258,71.370415
-12.530009,-7.017058,72.195969
-15.141294,-26.888247,33.738522
-10.826183,14.533475,49.384659
33.056747,-23.912918,52.567547
-10.711244,-40.370068,54.786629
-49.074245,-14.735787,56.571194
40.199734,-18.522741,62.981655
-43.137810,38.942429,61.744030
31.862375,6.220593,32.244640
-3.260759,-34.216259,61.428951
13.360373,-15.762942,16.114693
17.084007,-23.114122,28.510202
-7.496257,10.946678,71.583115
15.043806,25.376497,39.773037
38.444527,-21.211054,53.763428
-8.996469,-25.155827,67.309525
-22.571186,-12.106022,27.343876
30.276728,-34.061928,73.031281
-7.064951,38.184742,55.261841
-16.272354,-28.225668,38.198875
-9.730952,6.691869,66.733986
17.339502,-30.202868,39.286980
15.018356,27.215977,52.972305
7.754306,-36.743759,45.233734
-2.475911,-17.034594,12.194686
42.371517,13.264492,68.052078
37.290226,-3.934305,34.501789
-17.112099,-24.398321,51.314030
-12.959789,7.834786,16.349016
-16.998751,-23.407064,31.108641
-8.202686,-12.288444,71.909111
-16.417219,1.869636,53.590153
44.645161,2.858250,59.792236
40.726521,8.971092,52.877800
35.088474,9.826283,43.450531
-15.975753,5.580498,49.833958
-8.708240,18.905924,50.821728
19.907604,-28.981565,37.126263
8.159903,30.786377,71.312614
-3.016912,40.912872,72.463562
-19.486481,-8.399660,27.952574
15.770551,-2.484592,9.560709
18.187170,20.126257,28.824883
-13.950773,13.297112,53.724411
23.366186,-4.381888,20.036613
21.147533,20.445667,33.941841
-16.567823,2.567305,60.295200
41.154316,8.124245,72.793755
-3.103685,19.554731,66.246490
15.445095,30.126205,69.322327
-1.283769,16.367439,67.588509
34.877392,-19.801430,49.721287
-3.030896,-29.977190,67.041679
15.864472,23.249527,41.210533
1.947785,31.781879,71.918541
31.418041,23.376347,61.065506
35.382038,20.405453,60.439072
23.767120,-34.506672,61.617451
32.967163,-2.899839,32.073505
-20.374949,-6.490351,41.878563
28.249731,22.514210,54.369343
8.159367,28.000628,49.823071
-19.476419,-13.655054,20.734856
-9.317670,-26.197603,69.938293
43.108398,-12.889790,65.970062
3.563719,37.477722,70.904068
-16.922026,-17.969580,56.740177
23.284288,-27.270657,41.110233
-17.267530,30.721704,21.491583
-51.896255,-6.813131,59.852978
13.910191,13.833325,12.198533
-1.367659,-22.103786,18.437813
37.253670,5.466981,43.323006
23.442720,16.741552,30.592884
17.227257,17.576208,28.300306
27.924433,17.792952,42.967564
22.439535,10.319354,22.593542
8.242727,-13.101022,10.829626
5.608903,21.427809,15.969041
-0.363989,24.016384,64.162994
11.545812,-30.636320,35.374496
-4.311182,9.507946,5.707245
41.409428,13.893681,71.967926
40.806767,2.090966,49.423828
22.164402,22.331829,43.924023
-7.350931,19.843647,45.989605
25.631281,-31.742598,61.778206
19.365446,13.802900,20.990347
-52.942871,8.220985,59.490959
-18.149881,-7.292402,37.139065
31.656580,-8.542303,31.923428
-20.033413,-4.660502,49.393059
-20.831108,-4.330471,44.425476
31.900709,24.758938,65.701111
-15.610642,8.431220,33.027180
-13.166430,5.473457,67.062477
27.315105,20.173540,45.243431
-4.775817,-38.510410,55.824722
16.110245,26.103350,43.774857
-23.256298,44.459442,71.152855
10.351107,13.895908,9.079642
14.183042,5.006460,8.606391
17.857388,-38.759636,67.452904
-28.303257,-27.701511,41.854950
-11.509348,-31.385845,37.955803
-4.002979,36.370441,55.835392
8.883122,-38.408371,53.989628
-11.850303,-30.547121,55.163891
29.019140,20.821289,47.623360
8.666088,-25.477915,25.531906
-4.991280,17.066017,13.078729
-51.164104,18.695801,48.171959
10.747071,21.672947,20.828854
-3.733863,21.561314,62.094833
11.161992,6.289041,6.367745
47.535866,7.139528,69.439125
-3.138063,23.507977,20.910490
5.778313,-24.073221,22.170851
-9.541507,22.950256,16.311541
-15.718133,11.107215,32.459526
-19.612791,-9.361387,43.825306
-6.387753,10.866964,8.281333
-13.674967,7.421803,55.500065
-50.883282,-8.674847,57.246502
-8.445007,13.528817,69.741760
15.260264,-33.102242,40.071510
-5.465185,42.066170,70.351479
-10.038894,16.676043,33.242947
-52.247082,2.726668,56.406017
28.987204,6.685933,28.905685
6.587613,15.538343,8.602693
29.249424,-18.264296,37.034611
-5.572682,10.517178,63.117626
-53.568672,12.668719,64.736336
-51.205734,6.697783,51.257610
20.861135,-16.748987,27.854731
-50.186485,29.861874,52.010738
-48.777435,33.869511,57.171116
17.858278,-31.376392,72.761894
-20.294874,-9.696066,39.498627
-26.727262,-24.714153,38.298637
18.610586,-20.655157,29.987894
-19.264820,0.794885,52.429031
-7.715248,-21.311523,66.855827
1.047252,22.224758,69.801941
20.282269,31.232227,70.468575
-50.625263,-3.993642,53.776817
5.237390,-41.885357,73.013695
-7.179484,-20.844641,72.864410
-4.749434,23.615973,40.064556
-3.997926,24.536724,27.757780
9.308304,34.275658,64.476746
24.213566,18.240854,33.972374
-53.344185,15.273170,65.217598
-48.003963,35.603180,61.084713
-50.340904,30.889872,55.081421
-50.969753,25.365211,50.517872
-24.230827,-26.520988,37.578465
19.516048,21.912468,28.128706
-52.054771,16.289680,51.918732
-15.889636,-28.166948,50.083466
-50.833694,8.876288,49.547352
-50.091553,-14.574201,74.199669
-46.933228,35.482491,55.247581
39.293655,-11.596636,50.245235
-50.139809,28.550823,49.630386
-7.976257,16.328264,47.405449
14.773460,1.628319,9.205591
25.671576,30.883018,73.009094
15.792154,14.405648,15.246054
34.995697,-9.246951,38.186214
33.587887,-1.605187,36.627991
-10.490575,16.228077,56.808681
43.045536,-11.763938,71.601036
-50.457390,-12.328715,73.284775
-3.197498,40.913380,68.174904
14.615551,-0.696062,8.122828
-53.149929,5.479626,63.731796
-5.059414,36.718670,53.187794
-51.658455,29.155481,62.410439
-50.513485,28.784269,54.066315
6.093561,36.685017,64.510590
6.067921,-33.413883,71.690117
-51.579582,12.719402,51.505104
1.874902,-27.986448,29.609600
43.461731,9.718625,73.262375
30.627890,-24.207376,47.914219
-7.745183,14.785851,50.194618
-13.209558,-15.943301,64.901527
-52.597656,21.322584,55.574413
18.887585,-18.306103,28.570295
-48.773575,-2.493683,49.776440
21.104219,-33.662163,45.234604
33.552464,5.982222,30.410528
0.697048,-19.951843,16.724951
-15.986424,-12.409364,60.090542
23.545946,-24.368214,37.336220
34.158840,26.015511,66.435249
-49.964375,-6.393614,53.838566
27.487751,3.713215,25.822474
-6.060871,10.848096,10.949381
41.618176,3.011083,58.846081
12.362696,-20.506939,24.594473
47.906490,-0.375050,72.493858
21.184566,-22.983788,34.527641
29.604008,-27.214512,51.639435
-53.171951,13.348242,67.927940
29.052027,-31.994331,65.189545
-52.664036,-1.333087,67.367516
-9.426769,-33.269749,40.540901
12.723781,-18.990187,20.818918
29.052221,-12.557351,31.038849
27.451097,-35.509525,70.676392
-16.448883,-22.277647,49.746941
-12.934118,-41.210938,53.836803
25.429228,-31.566545,53.658649
-18.074694,-25.243183,47.404549
-51.450462,22.444426,51.425022
-10.914258,14.446994,27.143738
-6.358069,-27.434801,27.647964
44.418346,7.893991,59.548260
3.730857,-30.585575,32.087837
-11.818742,-26.033667,28.856714
-53.512856,18.188673,63.734890
-17.072388,5.703415,38.296280
13.475510,34.275669,67.649734
-50.901955,0.412093,52.464474
-43.812653,35.730347,48.788429
-10.156093,-17.756083,72.975807
8.838092,1.438257,4.696442
-40.016083,39.997189,55.654793
-7.921752,19.591055,31.598743
-24.780380,30.185522,24.370090
-23.380405,28.621256,20.973902
-19.622654,-25.209383,35.764175
-47.157070,32.354763,47.347336
-16.094568,3.670852,36.388416
-6.415051,-34.879570,41.717377
-14.448487,6.955955,22.445663
16.769777,22.548811,31.902515
15.860476,-6.199470,11.827447
-10.130038,2.792345,10.423120
-8.962311,14.706923,25.409075
-11.731167,4.604227,61.852108
22.122740,28.152216,72.796280
-11.511866,33.264156,35.115227
-37.507694,37.294956,45.394867
-8.109343,40.265579,58.805202
-35.581680,40.839695,55.578362
9.593444,-44.804092,73.067947
-18.458132,1.488386,33.451466
-18.211697,-39.989502,52.879658
-7.581315,28.683636,26.501112
-18.575518,-9.228997,23.035646
-12.164934,39.463120,53.087746
2.848109,-26.043446,24.377228
26.547474,11.315821,28.865946
31.619865,-32.553467,67.110474
-11.396260,16.986280,51.693031
-18.848286,-13.495106,59.724792
5.375983,-26.823795,23.222652
-16.240137,-17.147978,22.854525
13.051671,12.131046,9.946593
29.189846,15.288983,43.949028
-3.359971,30.886726,45.162178
-17.012526,39.949112,51.649223
26.655119,17.146460,40.140030
-40.646309,39.096756,53.327808
10.945557,-36.969826,48.300640
-13.226534,32.694721,31.224810
-7.540705,17.468319,24.118145
-1.272453,-31.083834,72.310600
-21.661707,-13.070347,22.269327
41.292412,-4.524068,56.740734
-52.980843,5.805873,60.564903
42.936420,-17.592188,63.128365
7.131079,29.487146,59.488373
-52.800457,22.606493,64.625999
6.067388,-28.439632,29.291786
-52.895493,22.520128,62.079117
-7.913332,36.102673,48.384151
-6.285244,39.906311,60.659992
-7.057680,33.610031,43.028435
17.019157,33.703266,70.541611
-18.735914,-4.050724,33.050713
-18.111395,-4.980139,45.517929
15.097892,-0.335268,10.947944
-2.203581,10.544850,4.957589
16.967411,-23.528971,24.376905
3.377351,24.822432,27.099649
-11.043691,39.992393,56.014694
16.222944,4.441732,11.021926
16.692350,-27.403440,34.249561
13.661537,35.256069,71.289680
40.854794,17.842274,72.125244
-13.556231,37.399849,46.121731
25.457979,8.384349,25.531595
-10.490368,37.177021,49.020790
-5.380838,29.463156,36.576431
-3.083216,-37.183609,63.394424
14.989626,20.578129,25.287554
-7.919848,16.580080,34.171326
-13.708593,27.801039,18.191813
26.125261,6.524684,27.857746
2.333447,29.483091,64.786896
4.009796,-36.434788,43.609535
-20.281160,-16.638943,41.527081
-13.973874,-24.771433,31.108593
35.586254,-24.742405,54.441807
-5.351603,19.674248,17.803049
-6.995417,42.779301,72.546333
-3.345577,37.640366,59.273930
0.579093,-30.816675,30.908590
-48.635647,28.433041,46.240963
4.679072,-23.947590,24.751640
-0.877558,27.758194,63.689793
27.868704,15.519595,41.739849
0.605835,19.055435,65.720207
32.105907,13.397816,45.066505
-3.550694,39.597336,61.302040
-9.757097,41.411045,61.863777
12.927273,-34.886284,42.544159
29.663986,-30.302319,71.153473
12.857780,-24.393284,26.875071
27.952589,25.881525,55.800892
-52.985863,17.537186,59.691425
-11.879377,-15.080482,13.513139
29.810350,19.798300,45.274540
26.313246,-5.355383,23.716818
-4.981012,14.214438,10.988704
-18.889072,4.420800,49.303074
-16.893429,-4.074133,56.616192
46.131073,-12.743173,70.969978
-9.259895,-19.822454,71.577217
37.991867,2.676889,46.651772
-30.172148,39.921402,49.334431
0.269148,-36.812492,66.095924
-18.624456,31.812428,24.912275
28.030785,7.303323,31.252190
-12.535419,-3.944903,66.656006
-15.504630,-12.926674,55.034019
-24.643431,40.352772,50.528416
-48.935928,-7.590368,51.878510
9.156552,25.947803,36.232536
40.299477,-4.302055,47.820259
42.436298,1.492688,61.554810
-13.285179,-19.718163,21.861174
9.154740,-26.791487,30.041790
5.313725,-44.913486,72.948311
41.431046,-9.426290,54.630238
19.643143,-11.760244,18.420650
-43.804398,38.878532,72.837601
-52.419502,-6.591224,62.610184
21.760416,30.367002,65.909714
12.299308,30.855532,61.187096
34.403736,22.452047,70.526657
-8.198731,37.590614,52.898273
20.856304,-30.080294,40.584415
14.753141,28.394253,64.726158
-48.004993,35.931870,63.487759
-44.617607,37.447193,55.542843
-20.475376,-10.335011,35.287586
9.624925,-32.172222,70.046326
32.208988,-18.378397,48.939274
13.869272,-32.151855,69.477028
-14.728651,5.405479,46.528824
-19.995138,-14.195082,52.318447
1.678904,-27.852913,73.003014
-50.205498,26.431267,48.510197
19.431114,-40.588089,71.024879
-17.612701,-34.832520,47.861698
14.995379,24.674902,35.649860
-0.978403,-14.986018,12.698599
-41.774128,36.554073,47.709415
-10.136045,17.979923,30.660461
-0.052359,26.047169,30.909140
-9.604016,-34.782204,44.470306
9.449225,-6.416470,7.319635
-7.546278,21.492290,42.218864
33.436176,-3.729442,38.436443
7.240170,-28.142073,26.392319
-4.846807,23.501717,33.422516
-4.486344,-25.901161,27.285824
4.718857,-40.403614,67.109619
7.949516,24.452822,33.399403
-52.603077,-4.677402,64.146812
-14.514729,8.855103,36.448654
20.291885,-35.739315,73.134270
-15.745442,-19.035238,20.992662
46.372139,-4.552977,71.390160
34.551579,-23.315762,49.411507
-4.138741,22.515285,52.578255
29.821957,26.423162,61.391228
-49.458595,33.730122,65.760048
-52.071785,24.488665,53.741737
-16.257309,-17.897781,60.865753
3.208363,22.235023,65.246307
-8.738270,42.798210,67.799858
12.867053,-37.809147,46.485359
2.621376,-36.878975,59.048897
43.342525,-11.406375,53.413265
-21.298178,-14.099126,31.898148
42.244686,-16.750061,70.847488
-45.527626,37.637386,64.950012
4.520122,29.674868,68.790291
-20.631001,-3.138411,41.220295
-3.100245,24.905190,56.639908
-16.438881,-9.310970,52.081375
-51.729668,0.751000,54.862843
-43.219368,36.958969,51.054985
-31.602182,43.414379,72.142990
27.270336,-16.363623,37.169640
31.864498,-19.276600,40.502651
-51.272072,29.437355,67.030296
-50.306900,32.451469,60.465389
9.515800,26.062138,70.890587
13.574941,27.090754,71.643745
-9.781180,-6.101389,69.079521
11.160508,-32.675896,41.851696
28.999357,-14.168008,34.529488
13.422419,-34.764999,47.784462
2.998534,-28.430180,26.586435
37.419563,-20.989647,49.668858
-16.772812,32.965466,28.959827
-40.595943,40.561089,70.726982
10.630019,26.746161,33.332905
-9.535795,10.282165,57.184425
12.749537,-13.696652,17.455666
7.416640,37.304443,72.174477
-5.542827,20.918522,65.380219
-3.720232,7.374593,4.429367
7.486609,28.796709,37.062515
-11.838278,14.661334,36.167526
-9.564422,9.358190,73.087830
40.717548,20.167505,73.377472
-18.930038,-7.476824,39.620926
22.528648,8.209512,24.724066
19.499949,-24.404961,36.459625
-9.627631,43.230019,70.307137
-0.363130,34.741474,57.758049
-5.819160,41.643421,67.247765
18.645796,3.635817,12.376414
25.097826,18.462425,37.325802
12.834275,-34.737133,39.583527
-19.977871,-18.708038,44.996181
-13.104574,43.887104,69.304756
-17.276264,3.879165,29.968552
-23.760262,44.216240,68.952530
26.162766,-19.536970,37.655312
-8.847378,-8.410041,72.129974
-20.788715,44.597351,71.725014
32.315887,-16.545084,46.084618
2.994045,34.948936,61.231140
6.713967,-30.986399,69.782486
3.199906,26.032598,71.333984
-3.678551,8.003028,73.165024
-6.755832,19.008131,27.118086
-29.933065,-4.709252,25.519480
-9.187050,32.694973,36.058598
-15.955646,5.452995,26.256023
-19.129358,-22.669397,50.440952
-51.239750,-4.122307,56.199959
-12.815922,41.444199,58.444874
-7.094431,16.526531,44.586826
22.063334,-31.218105,72.659966
-10.018139,2.201463,65.474930
4.062961,21.169342,68.439888
-8.164094,16.561617,31.066067
0.552422,29.579620,73.351303
2.128659,17.673676,66.763855
-6.063344,40.824730,63.577469
-2.896826,-30.262108,31.077881
-8.511595,30.647276,30.143085
8.664124,14.972885,8.184650
-0.121882,35.837173,73.157188
-6.070829,15.229896,71.926506
6.642404,33.644482,59.639946
-5.613668,38.047760,59.460144
-6.069431,12.087489,58.948647
40.867382,-3.017657,52.307281
-16.602356,-18.770382,63.515141
2.563472,-38.558102,62.961906
-5.026577,25.264122,18.050688
-22.662169,44.799610,73.663055
-3.842305,33.342541,43.123627
-2.184762,13.157607,67.895935
-6.638278,29.257097,33.063004
-5.252085,-26.732929,71.501686
10.068184,16.034489,11.035951
30.584963,-27.260738,47.246964
42.720898,2.057695,72.769974
-0.152094,-33.255836,68.651833
-18.688091,-19.830265,57.564396
-19.550793,-18.906931,31.126291
19.947611,-1.955897,13.464192
40.998260,-12.438498,73.237785
44.121136,-4.815189,53.930992
3.290917,-25.702223,21.508205
-16.933783,2.215602,41.963100
0.320158,-34.492554,61.866585
-5.042287,40.626190,71.864845
28.633028,-24.493849,50.351574
30.950254,11.576961,35.378727
18.846920,26.739304,72.504318
27.131289,-25.546764,46.946785
28.439495,28.538368,72.486916
10.693088,23.767221,73.072662
38.836975,9.849939,55.461685
17.732454,28.539553,59.684044
45.192898,-6.316097,66.614296
-17.192024,-1.818311,50.083469
31.994141,-11.080117,35.519001
-3.598745,-14.414134,12.311193
-17.047037,-20.446798,27.610023
6.138857,31.337536,63.412701
17.696638,-9.443578,15.043388
-52.963272,0.233340,62.778343
38.726879,-16.235561,55.161964
31.970264,21.859331,67.538689
12.558832,-27.562275,29.065966
9.696372,-39.906986,51.629971
-6.717107,-1.709654,72.987434
-3.044928,-36.004303,43.041603
-6.650109,13.621197,54.620575
42.582729,-9.881987,68.678864
-15.222620,-25.971235,54.289608
0.166144,-29.671970,68.664108
16.145741,-7.143616,9.705182
-17.687820,-26.976940,51.645729
-15.386610,43.620525,65.837959
-1.569831,-6.093951,4.929711
8.436945,-37.311214,42.478439
25.270884,15.230348,32.956722
42.029079,5.254833,72.826225
39.274681,18.432255,62.155025
-10.879389,38.481876,51.421547
12.156185,26.801861,67.665543
-50.152988,-1.967278,52.172043
-6.504575,26.210579,34.337814
16.181702,-35.086315,65.937439
-12.510551,-26.641506,58.594040
-12.283723,-13.049936,68.976448
33.001133,1.731269,32.166145
-5.425580,-12.295194,9.265105
30.620956,-21.169043,48.952591
26.181381,-14.308936,27.967150
-21.536221,-31.061365,44.210182
46.530544,3.558738,71.545029
-21.159403,-7.377348,49.221245
-15.407291,-24.291281,28.173496
-5.706045,21.702719,56.323650
23.525429,26.349602,58.171028
27.937105,24.725174,72.522690
-11.038029,30.484631,25.359028
40.782486,-14.164432,52.673756
-15.192734,-21.332378,23.890955
-29.726856,-20.862770,35.547375
20.280230,27.644060,68.547653
27.157957,-32.453285,72.466919
-52.924469,3.193638,65.738541
-4.502793,-16.260647,10.193492
36.725574,-11.305622,36.927761
45.138527,0.034303,68.577591
-52.051666,-4.486522,71.912598
15.055946,-21.328209,21.030363
10.565291,-34.302475,44.306503
-6.376052,-18.163433,69.183319
17.066389,-32.911922,69.930000
-49.507404,-18.331797,73.838760
46.223839,-8.451845,69.990524
34.866825,23.473707,60.602779
-15.321531,-24.432638,35.230217
13.698393,27.816629,41.020466
-3.714617,-45.774586,64.626884
-9.271158,-30.622437,59.501999
47.727512,-7.089686,72.174957
-15.487205,9.058747,40.831600
47.027649,-10.181509,72.598412
0.584129,-27.654329,24.225924
40.694115,-1.256772,56.995281
24.019016,-34.250538,72.401375
42.201057,-19.820005,62.425701
38.267811,-3.118979,42.254025
-53.150482,14.927482,58.723137
11.166829,17.693155,13.702720
-7.851370,7.578089,7.380491
-13.367055,7.888926,41.535904
-12.825399,11.669030,42.372219
1.607281,27.433804,49.851093
31.848467,20.837555,53.849789
-18.560356,-13.099706,27.710386
5.163607,20.729391,71.277420
10.371095,27.424110,45.113926
16.049351,11.463567,12.905420
11.172847,1.763021,6.251854
-12.205745,-17.272816,19.989155
5.127861,25.682865,36.020325
-6.337146,-17.209854,13.860982
24.658430,-31.760477,73.341263
12.119097,-4.468699,8.324357
-12.012974,-17.513424,68.914474
-20.108894,-11.627760,47.364391
8.164357,-41.082325,73.009277
12.302254,25.112740,46.118500
38.128883,-9.315300,45.007397
30.256191,13.932022,38.362114
-52.112247,-8.109930,67.954842
37.410816,-22.555607,63.438591
14.440897,3.536845,10.180120
-26.078663,-11.434750,27.470776
4.894300,26.272652,30.903641
-0.137606,-22.472301,21.085453
-52.528927,-2.973435,61.055538
-16.067734,-28.994663,43.416286
-20.442362,-18.748556,36.887848
-24.568165,-33.261028,46.015659
-20.244814,-22.615343,39.829826
-7.864058,-34.710815,56.545185
-25.208397,-17.301390,31.809473
-7.774790,14.686680,65.426231
-48.195660,-24.018787,70.552658
-51.856098,-7.382832,71.953308
-51.097649,-12.932849,67.816200
25.218279,29.787270,64.903641
8.499318,36.566525,63.017807
13.957267,-31.553825,42.361645
-49.127129,-19.950035,71.733749
-10.215465,5.417435,71.564674
-16.017555,-9.382302,57.200188
-21.571606,-24.600519,42.352383
-0.502145,-50.308632,73.813484
-11.005877,7.106022,73.532242
-46.387512,-27.939131,71.013672
3.347651,-31.758572,68.083702
21.308733,-16.595999,21.494370
-6.109910,26.398138,30.460022
-51.129013,-9.314090,73.943253
-7.553405,-41.033360,54.081799
-7.505992,-32.100971,36.186676
10.530870,-39.407917,49.188808
32.684227,11.702486,40.752464
-16.780338,-16.515757,20.116964
-5.423742,-37.762775,50.863762
-52.472351,18.717915,52.035049
20.416969,-34.541763,67.274506
9.871780,28.557287,35.646072
-7.395958,26.945662,21.516943
8.446058,23.406687,24.180161
-21.482140,-16.205530,44.031048
-8.558499,-12.703509,13.809854
22.910673,-30.486820,48.625366
-23.279688,-7.898382,24.716944
39.655769,-7.224361,51.155087
-2.173221,-27.603956,25.861149
44.730408,13.942506,70.665695
-17.885193,-15.365293,54.742970
-13.852660,9.276569,25.366148
2.994385,28.340103,30.354002
21.206751,-31.650656,69.698318
38.137081,19.223528,58.240013
14.477827,-33.143326,65.903610
1.889846,39.385841,68.339012
-13.534147,-28.714466,32.038521
-13.666560,-9.014084,73.364357
20.250553,-35.922718,58.775818
-18.611538,-34.425453,45.462078
-11.505952,1.596182,59.977478
2.393867,39.784557,72.820465
-18.014956,-7.817040,44.912102
-7.144514,16.161968,69.322777
-12.396621,-33.309605,55.060978
-53.227619,13.783998,61.070499
-18.025761,-23.059511,28.414762
-16.527126,-2.512906,46.557228
-15.136243,2.263946,45.914276
-1.537806,27.404737,27.710501
-6.397236,20.674582,59.758823
41.628838,12.749678,60.371445
27.950727,17.898991,47.295586
45.521217,-10.043533,66.353439
-10.472639,20.402086,50.009808
26.582069,-27.269295,49.918034
32.370079,0.756768,35.037308
43.585941,-7.756161,59.995842
2.360046,-35.930561,46.082813
-2.902462,-47.221550,67.046280
23.686453,-15.048716,22.651627
24.366859,-4.678621,17.519093
33.248158,-27.478456,61.622662
31.541063,-13.986675,42.890629
8.991506,-38.798458,60.425987
-19.485365,-15.626754,23.907883
48.473183,5.614144,71.630196
-14.251163,1.904761,64.979179
18.489756,23.663498,38.195534
23.815865,-34.444748,57.576595
-24.338263,-13.313909,25.495462
30.287727,-28.393322,56.161835
48.130360,7.442123,73.358124
-3.863075,-20.083185,17.686529
18.983421,-31.772398,47.402672
37.196423,-14.886906,42.286823
33.455299,-26.196199,67.677406
-8.183346,8.009227,60.689571
-16.509171,-26.356924,30.984289
40.741730,17.465057,66.563095
21.959692,-22.289429,27.746723
-8.516295,16.445976,52.690548
29.098684,-22.664358,43.573853
-8.867143,18.561367,14.682168
9.873786,-18.455034,16.958864
-17.483130,-1.364119,33.625641
18.067303,24.016266,46.090946
43.966476,-3.452466,68.570396
-18.356400,-18.610847,25.070885
-20.545509,-37.776279,50.761108
6.977596,25.829054,39.239853
14.069457,-18.341869,23.417902
-16.677385,-29.141346,52.188068
-23.153175,-17.724026,35.422863
4.137156,-5.393636,4.556262
-16.699558,4.702918,14.218539
13.030143,26.920399,37.353523
34.225380,8.142034,38.582516
32.728931,-23.376762,56.075027
-9.943285,-28.368650,29.955788
-12.789187,10.457932,13.811871
4.792410,-47.593159,73.237587
29.915197,-3.377864,28.122547
17.047918,27.092880,69.591881
41.297493,-16.735495,59.711372
-0.967739,-11.386557,7.752870
32.599194,-14.705056,35.155373
32.034801,18.172958,54.966606
-2.072512,25.076384,45.766136
-11.328749,-12.618561,65.283424
-9.342665,-23.975990,72.122917
14.802826,-31.331568,36.898396
12.930648,-29.204052,37.469532
-13.696786,-8.697074,67.042679
20.286501,-26.634298,40.523056
-3.476350,-18.183805,15.071285
-20.312344,-25.432323,45.152103
7.472414,24.048389,36.792427
6.118337,-25.992193,20.921318
-9.235365,30.697752,27.461735
-50.532486,31.477659,53.163685
37.019749,0.937010,42.856922
14.007235,25.664976,49.430813
-17.817116,-23.546213,44.760502
12.866828,-37.904797,57.184361
27.910942,2.144920,28.486673
-52.363834,12.038943,54.031387
12.616649,22.888590,28.430775
-21.677794,-15.171732,37.114822
-50.510117,-14.955237,61.830982
-48.745853,30.161621,47.831902
-9.777789,-17.703815,14.814841
-19.458353,-3.819057,24.749191
-17.177864,-11.436910,17.254894
-0.796182,-30.765631,27.842215
21.835089,-27.615393,44.039623
39.782784,-6.486435,54.446384
-0.621265,-20.382792,13.998645
-10.295149,-9.988462,8.943933
-11.866369,-31.437962,41.863174
-14.505322,-13.834738,57.799927
-4.725021,-33.054539,65.677460
-14.685441,-12.017713,69.913857
8.286489,-32.860176,37.139988
30.799824,3.749514,29.875391
0.219922,-25.096359,72.860054
-48.989693,-16.467817,57.879253
22.447960,-36.707329,64.643234
35.559105,-15.503576,49.507732
25.071205,-37.231842,65.138374
-14.246415,-21.978441,60.377930
14.747213,-39.320683,71.136322
37.907299,-24.583796,59.832630
30.392221,24.720661,73.485519
-11.493440,-43.067303,57.844086
-11.226634,6.253188,13.795699
39.495678,-16.526302,65.857124
-4.241570,27.667755,23.148094
28.014225,-9.404076,27.468056
-13.584327,-9.915765,13.792550
-16.775015,2.772120,22.290365
-15.183559,-0.576763,52.112370
-13.414143,-34.055698,43.009708
35.526138,-29.115860,70.192375
21.180063,-33.750015,52.208069
-6.798699,-14.287909,11.510092
46.364902,13.290542,72.282295
-15.314756,-15.781562,55.889557
-11.226060,4.893641,64.818443
1.140268,-26.260572,26.657768
-9.901675,-21.356146,21.188438
35.469746,-18.032259,43.086754
23.157858,-24.431284,41.857307
33.419491,20.641670,51.734421
-17.207552,-8.645562,61.014946
-51.168713,11.977351,49.264122
-21.869833,-7.977218,43.510502
26.344135,27.164587,60.407833
36.058121,19.873140,55.565479
-20.979500,-1.992683,33.422466
22.473465,32.354572,68.364990
-10.461254,7.284368,16.031301
-53.011246,2.401941,61.464684
-15.878545,-7.324484,54.640209
44.164265,-1.585098,71.781349
15.922743,34.918247,65.745049
18.967196,-5.735680,14.290169
7.594094,-30.921335,33.545242
-49.713337,-0.328047,50.746078
30.987900,18.341894,51.791553
40.711346,-14.816936,68.521454
6.656689,19.343557,14.562943
-5.757023,17.127699,51.170639
-10.864267,14.849195,30.729313
14.304476,16.628448,17.066828
19.048059,-36.696705,65.000671
-8.284371,-29.032295,64.030731
5.722984,24.567692,41.634739
31.602385,0.047255,28.934254
16.943600,13.554688,13.408821
42.622196,-0.514254,73.544502
22.649731,-18.660519,24.143869
19.009428,31.886902,63.581310
24.902691,20.176516,42.143932
37.846920,-6.872751,37.308395
-52.801590,20.676744,58.442211
-15.124929,-18.018209,66.093285
-4.478712,24.622089,59.425014
22.605642,-37.622704,73.126419
43.677544,9.164197,68.914162
-11.831850,-23.865965,25.856516
27.032539,12.753861,26.710157
18.569580,-16.943214,19.099434
-18.211533,-11.469489,61.721466
28.564766,18.377573,50.129242
43.467548,5.757181,55.285660
-5.111857,40.628258,68.906258
-2.998577,23.048084,66.056633
-12.828611,9.000778,60.374138
9.134079,27.221743,63.587013
25.957483,-4.884329,19.650875
41.678768,6.059812,60.316181
-11.887186,24.004166,15.426803
-13.700002,32.183983,27.854231
18.125456,23.172350,29.844122
-17.349287,7.508866,35.610657
11.395487,-36.571842,51.964729
-40.407543,37.667801,48.942852
25.693319,-21.467348,32.210999
2.368039,21.061661,13.704408
-12.174775,-26.260611,26.411041
15.732818,-25.269888,26.909315
37.896206,-16.725843,61.772305
45.775806,8.547102,73.506546
3.166494,18.717770,68.988220
33.579254,7.881063,41.486927
-1.441270,-37.960140,48.404816
-1.778092,37.372593,56.546604
-52.643669,17.320553,54.436893
-5.493188,27.643044,19.528557
2.124372,20.890720,72.682877
30.127785,-4.313097,31.589428
22.103243,-31.397566,53.841984
22.980450,-36.795567,59.782070
18.051527,28.034159,53.819656
2.555696,18.049185,73.428505
-23.647591,-10.834005,23.740774
-18.792051,-10.113499,41.524155
-52.039154,-2.662611,58.589703
3.615331,-34.443279,63.497314
26.101496,0.154915,23.103292
28.731890,-30.987823,54.492702
-3.176201,24.851042,62.517536
5.987549,-36.346310,61.019547
2.563589,-44.429893,65.112480
34.236378,-16.578842,38.345974
-17.601738,0.793102,36.509468
34.843300,-29.316093,60.978867
18.705666,-35.632793,69.726471
12.409499,29.533596,54.488552
4.574595,-44.235016,68.551514
-10.957653,-27.572075,32.504593
-11.772836,4.692897,73.427834
-18.671312,-18.914255,42.394234
-6.387603,-46.120327,64.312721
9.691071,-41.944210,67.784119
6.996870,-29.448282,72.696877
-3.841426,-14.343399,8.275057
33.249470,-25.953007,50.284290
-2.718066,-28.815739,73.208153
20.233717,10.114609,18.844172
21.228027,-35.837631,55.233326
-17.007296,-35.199631,50.724667
39.505939,-3.856135,54.861721
9.408146,-40.351692,57.093975
-13.847300,-32.249897,51.110214
23.171909,-35.428566,53.038799
38.520744,-25.411175,71.766945
23.526243,-21.449850,37.369110
-10.851386,10.861721,17.806911
-3.534352,-29.175472,27.716799
18.253962,19.787657,25.478550
-12.411738,-23.883944,66.359779
5.775327,-35.477989,40.557514
9.080138,30.620689,48.745098
-16.845160,-5.239501,50.901104
-10.518012,-18.499092,64.812027
-10.251643,10.333194,69.611198
20.546404,24.627771,42.950016
10.012412,4.139676,5.481294
-19.061382,4.106912,35.221390
23.455851,-23.690748,32.668922
36.241234,22.147699,66.546921
-53.617199,6.431781,58.696690
-21.440390,-9.846862,21.444429
-9.507430,12.986844,20.568958
23.812817,-19.997828,34.450214
-1.587616,-27.341309,68.079163
24.325310,-17.240269,26.998892
-13.559740,-17.046387,22.348406
-5.309727,19.960876,68.157349
-18.798328,-28.607920,46.842720
6.425965,-34.449917,43.195591
2.340047,-34.292850,72.144936
-0.298567,14.493279,69.138451
4.833188,-33.479347,37.762093
15.136282,7.340512,10.482224
-15.891033,-4.837441,18.697395
-8.928573,-14.187654,69.007576
11.144362,23.581579,31.660128
32.586582,14.455541,42.186409
36.959419,22.121698,62.881874
-8.550463,-25.391392,25.604179
-50.493961,24.255146,47.892609
48.829262,2.031455,71.506279
42.446758,-12.290378,61.220322
-17.093063,-26.650383,35.888878
-1.018813,41.513901,69.635071
-27.278515,-12.100616,29.296099
-17.604057,-6.300663,26.093914
5.773685,23.173449,20.394964
47.068062,7.311035,61.273624
8.602001,25.976847,30.114290
16.114359,22.756514,37.223728
-16.750492,-32.128056,49.545250
-17.398611,-9.380291,25.892155
6.428572,27.632477,72.223747
-0.324163,-40.603024,57.065056
-14.180881,-31.460192,46.057533
19.050306,23.419212,32.098156
15.405587,15.135711,13.189095
31.213484,27.666622,73.092583
6.772583,30.267221,53.856468
-19.494999,-31.152903,47.802158
-48.949348,30.725348,50.150715
33.463974,-26.971441,57.811325
13.115953,28.312948,46.900314
30.788240,27.251535,64.222633
-3.256456,14.991366,61.438549
18.736298,-13.864490,21.393513
39.502121,-16.353497,70.513138
44.482803,-13.507065,73.335999
-50.197720,11.625308,47.364655
-4.550464,12.535841,61.237083
34.839333,-25.594492,71.206413
-12.546748,-40.663582,56.344727
-19.487814,-21.318619,27.049820
13.553570,14.173235,14.513441
10.440591,36.631992,68.411331
-11.723623,-11.809140,72.279678
-9.403058,-23.172836,64.641533
2.308758,-22.843784,18.066696
10.612067,-1.212609,6.016861
-11.808490,12.902028,23.615700
-5.807989,28.788084,21.655775
16.414375,26.118694,37.509209
-5.363178,-22.717564,20.164738
6.116346,26.258070,52.874447
9.529380,20.178726,14.610836
-3.902991,18.527145,53.978355
7.314525,-20.272989,15.936161
41.387775,-16.445482,54.230453
35.314568,-18.937704,55.746399
-10.968412,43.571064,68.434242
-12.641356,9.191846,37.746429
-6.612470,-10.502022,7.022128
34.496971,6.743722,32.893166
-0.153173,23.326912,53.948658
1.294419,-47.690712,71.296013
-21.342236,-33.380890,46.086395
-6.817484,27.869810,24.014814
-17.013565,-14.831085,62.327438
-16.780005,-5.001647,47.862949
-17.505339,-26.603970,44.707573
-1.487352,-21.836004,73.647240
27.214323,30.355312,70.696251
-13.843793,1.029701,56.663139
-3.845995,-30.273668,70.597183
-7.181049,18.412764,52.579163
-8.013384,-31.614668,63.436073
-9.092269,13.646557,13.570574
-18.908186,-12.183571,33.075535
-21.902140,-10.734924,44.126316
20.508715,18.190689,31.305164
-19.985390,-6.946035,18.914967
12.138515,20.497087,26.511057
-7.205833,-5.608045,72.767242
5.825805,23.505772,29.106274
17.166626,29.912628,72.466614
13.250700,2.843338,7.442722
-8.808960,-16.594164,12.074680
30.699108,2.394916,27.023590
-10.100198,9.350260,10.616403
12.962225,-35.432713,63.279076
22.209021,-0.876618,17.688271
1.200378,-26.438906,71.057228
8.999810,-33.085228,43.171810
-8.072705,-21.902283,18.546524
12.240214,27.758274,35.058311
1.809154,-42.772541,68.613739
-6.180949,-23.938595,72.879578
-15.210938,8.111685,29.098072
10.912927,-6.513515,9.556389
30.597485,-25.437151,54.380508
2.792686,-32.956013,33.949059
-17.934477,-21.980518,35.904293
5.014039,-44.919804,66.020424
-14.820177,-22.153265,64.381058
-2.659460,-31.679726,62.590107
-21.199644,-5.094145,46.992645
-7.903867,27.576265,33.463490
39.954399,11.612713,70.238220
-14.378666,-15.403477,67.974319
41.755363,-13.167928,57.036549
22.664318,-36.745728,57.201595
1.905336,34.231373,65.965965
30.056063,23.806803,53.365776
-22.124773,3.705101,16.713934
15.706926,-32.580624,67.933022
-19.930977,-8.598086,55.357521
-10.380546,-26.189623,30.701515
-4.823263,22.149727,67.273399
10.986915,27.396999,73.157234
12.372794,0.518764,8.127525
8.445177,25.151663,50.082291
-11.547252,1.096387,57.561993
-19.407465,-18.306818,49.009399
41.527027,8.144756,57.294323
36.190544,-15.028937,53.377899
-15.704762,26.793468,17.243303
46.431511,5.410453,58.613056
43.111526,2.436962,69.711510
-14.335982,3.069177,49.715569
13.826040,-21.488029,26.983456
38.331985,-1.124827,37.780857
14.423347,-36.014431,54.241165
44.261745,-1.444855,52.313427
39.930264,10.380098,73.567833
9.949962,-23.061893,22.128864
-18.805672,-8.673008,15.228518
-1.294446,22.088627,72.423889
39.184227,7.663646,48.555523
46.493050,0.182580,62.829418
-0.009866,26.748058,71.727715
19.996971,9.352057,22.563883
-49.956894,27.164524,51.168568
-7.600115,-30.506805,32.975822
30.958788,27.625103,67.338104
-12.589795,-6.328762,10.872899
12.038989,-17.916059,22.634169
25.004997,25.001396,73.344414
25.506527,-23.919104,45.546333
30.813799,8.741052,30.559065
13.238179,33.666409,60.753502
11.999839,-20.653236,18.103632
42.850140,-17.665680,67.215675
-16.035982,-33.164375,51.619331
-18.140137,-3.760052,42.819702
-2.637567,28.778656,61.732361
32.341713,19.921038,60.023052
-15.943699,-6.978629,52.274139
4.872696,24.302959,33.275238
-4.620918,22.923080,64.076416
34.449402,-24.159882,73.365807
2.041232,23.099121,17.323704
-15.721808,-22.331633,52.980061
43.205147,7.645433,51.368355
-14.471491,-19.947929,56.730843
5.680869,-37.774437,71.570694
-9.545280,-10.501690,68.570801
31.053432,22.926809,57.027466
17.865330,-34.227921,63.376198
-13.876923,7.089206,63.994820
2.248993,-15.119904,11.537098
-16.168837,-24.260275,48.450077
-22.883301,-6.465950,21.353668
44.518425,5.467580,61.570602
-13.554524,-29.896887,49.221973
25.426445,-22.761137,42.808880
-12.025120,9.692816,41.649879
35.075134,-19.937466,58.488552
39.157482,10.776593,47.889648
11.694921,-19.611893,15.531485
16.700985,-41.285847,68.018730
36.019012,3.110787,44.537285
22.286110,17.846052,35.212353
10.651308,-16.617146,14.117300
-18.207546,-9.269755,35.414886
27.662340,6.941144,24.263639
-7.796562,13.115398,18.252327
12.214292,-39.937122,64.371490
-7.936608,4.311579,7.203430
-16.371193,-8.850990,64.562492
23.185600,-14.836235,28.764666
17.608747,-16.518919,16.547245
29.482349,-30.208996,67.892258
5.781249,-33.113392,34.816696
-4.882375,-31.318338,68.388809
-14.457005,1.766492,22.552799
32.222034,-18.714193,37.529575
44.314869,5.966749,70.244316
-4.667946,-41.584946,59.352654
35.605961,17.092537,48.758739
-17.261162,5.550621,53.390316
38.642937,-19.332415,73.107948
-7.867767,28.256195,30.949764
-19.234291,0.823278,48.467590
5.308533,38.850540,66.159912
15.079759,31.557985,66.161285
-6.935381,35.829845,54.002968
34.578472,19.655809,68.395401
33.597828,1.023862,37.509239
-13.011621,7.961867,48.050323
32.353012,-20.296663,51.195999
-1.707343,-15.586975,9.799443
36.048447,1.285089,34.374641
33.694889,26.333481,73.115242
11.034021,34.696991,73.005180
-2.956675,-19.631180,12.831994
22.673197,-31.806404,57.562851
36.236092,-23.625174,51.740726
32.595924,12.952716,47.786274
20.523228,30.016373,59.600826
21.283844,-38.116447,58.654182
-17.986477,3.577093,55.885822
-11.271893,11.126534,45.249695
-14.729826,13.582138,45.106838
-5.776128,-33.769958,38.577988
-18.965042,-9.416721,58.451294
17.441124,-24.533066,34.326256
-16.452749,11.406479,47.254120
-1.279692,-44.010197,65.328712
42.791271,-12.792128,68.875351
-11.803868,-22.305733,70.276321
16.529522,22.278469,27.355526
-16.550077,-12.078752,52.356400
31.575289,4.579762,27.704323
-52.506596,24.833336,62.619942
-12.770645,-14.448547,11.264121
1.941092,24.441202,36.655098
-15.200274,-27.457367,45.194885
35.483032,10.642797,47.100197
-14.482107,9.517586,63.882469
-7.296446,15.552318,10.438274
17.471468,-34.567020,52.478390
6.732455,-25.060659,24.152988
-16.426121,-22.678553,26.358549
33.409149,-28.706671,72.744698
8.789693,-30.077707,69.820038
-6.988079,25.673344,27.455320
32.878139,1.986718,28.103189
25.012857,-2.137266,18.951551
-6.818893,-25.784916,65.078712
0.146883,-41.650112,66.425949
25.290171,10.488103,23.208002
-7.078821,31.805527,38.822212
-12.699622,-24.458912,62.995132
-18.599314,-26.579067,33.217831
1.858683,-28.918816,31.940928
37.553513,-12.398435,40.021633
3.396778,33.851170,57.542133
17.321827,-25.944290,30.897205
33.266575,26.714085,64.165771
32.248791,-11.933325,32.183678
-21.102865,-9.673773,24.264351
39.528465,0.375745,52.086372
-9.165125,19.393900,34.417130
-9.390228,-5.584255,8.038026
47.408447,-3.581365,67.458778
31.713905,10.102756,38.134830
3.163774,26.038630,67.101837
12.317117,-36.154137,71.808273
-10.478227,18.963888,45.499588
7.259757,27.472349,34.167908
34.815887,18.714327,50.651566
-15.869832,-11.224566,12.777761
-15.517262,-5.792010,66.138626
-17.052032,-16.205053,27.740805
28.594200,26.855078,59.137424
-14.540751,-9.754861,71.084290
26.504292,-16.073906,25.991026
15.107018,19.820957,28.606461
34.203022,23.586050,67.921478
-18.886110,-11.987889,24.692127
-9.331353,21.703360,45.889565
38.867077,-23.081499,67.791969
1.498798,-35.398281,73.883118
11.702024,-25.872601,31.471634
-12.805771,21.755514,14.451289
-17.497478,-0.920611,59.671509
28.954992,-18.251646,31.850931
28.995684,-8.824300,32.641670
37.642101,7.515466,51.173286
44.268021,-8.393903,53.686222
32.861568,26.781685,69.682938
-15.687570,-26.459146,42.804489
-9.365887,9.056387,13.666909
-8.816698,16.715492,27.945351
34.323174,-21.912981,51.557285
5.038114,30.655479,72.486267
-5.432735,32.890163,40.839008
34.600636,-8.902818,32.068974
11.275592,-36.100220,41.049194
37.716976,-9.106272,36.047894
40.526009,-6.210525,44.335442
37.898739,12.165346,51.855721
26.924726,-33.339134,58.884369
47.074615,-12.267559,73.896240
-20.561075,-9.749691,18.787859
33.115772,-27.596247,70.136398
35.462524,-22.231630,65.604858
6.333535,17.525412,10.608593
44.994461,-11.160739,73.424110
-2.628258,-30.673512,28.977325
46.783260,-1.962498,73.936958
8.884727,6.997397,5.080065
5.122109,-30.046139,34.412224
31.853762,-32.169609,64.151276
15.791080,-15.528548,20.621531
19.360266,-28.047098,33.688915
-9.150425,33.611275,38.870731
-23.068922,-4.941108,19.018358
11.510086,25.544607,29.380957
-9.538424,6.086663,9.909387
5.529763,-31.784988,32.930706
-1.272859,-32.990334,60.892845
-14.488528,-6.283388,57.563606
-15.703089,5.428410,42.130238
24.746767,5.272136,25.249533
2.930503,17.252718,10.029368
18.084618,8.795342,14.656698
-17.817202,5.924516,32.688656
-12.153664,3.788305,8.342763
-3.186607,29.101707,49.910942
14.729731,20.829430,31.330326
-5.155864,-29.338238,72.596718
-8.327095,25.787554,17.234201
28.950388,-22.067749,39.449009
-18.036270,-10.546464,29.615002
8.316418,25.143457,52.564640
16.222876,-37.761925,60.595581
7.779364,33.950748,72.451714
0.241362,-46.138233,65.115974
47.745579,9.788354,69.061272
-16.076008,-22.947664,57.555325
12.051281,-11.905482,12.072507
-19.425489,3.721159,38.252342
4.101370,-17.975447,13.698256
-5.340514,-37.234150,61.103855
-0.301284,22.549938,46.491661
28.587486,-0.576125,25.901688
-20.584423,-6.584719,23.584291
-14.089596,-16.930779,58.660400
43.459908,-6.639564,69.459709
31.423851,20.972960,62.496933
43.649826,3.703843,65.158386
-9.922565,15.950768,64.501976
7.199407,-10.391614,8.586777
15.598844,-38.342316,52.602924
16.995968,-28.956879,32.335087
-7.365313,13.115808,11.577173
-13.617208,-13.659797,18.603794
-19.401545,-12.384766,43.626556
21.049986,3.825555,17.488739
6.071705,-7.594612,6.402601
-21.933283,-10.569162,32.016712
40.603489,-15.211843,62.998848
43.706253,3.966235,71.554871
-9.986542,8.676116,17.866005
25.431143,22.955511,51.331444
-14.568007,-11.454984,56.891388
6.149393,-36.870743,54.692261
25.418470,23.469950,55.949749
17.543560,-9.864264,18.611094
-14.886012,-4.164834,68.841156
29.057665,17.450842,45.134563
2.329309,34.353264,73.124336
-20.704103,-11.462114,54.892727
-11.857878,1.759015,63.038074
24.900785,16.993382,38.893482
24.513142,-38.271145,70.485130
-19.300560,-3.206046,58.083481
-13.009503,-6.655546,14.161066
43.461555,-14.969212,60.599552
24.923990,16.445463,35.704311
36.100418,17.365473,61.721386
-1.446329,18.772734,13.905234
-19.746838,-28.318430,36.401840
-50.894741,-12.905296,62.605103
-10.197130,-36.920471,43.867382
5.871663,31.709696,70.075462
4.979435,-26.364742,26.284178
-21.308723,-11.322460,50.220222
38.686630,-14.552122,58.420528
27.102798,-22.396568,35.850536
-15.400060,-2.137836,64.564812
-5.144547,25.857347,50.836109
-10.511644,3.961389,12.739672
-15.768575,-10.665009,21.271742
39.539333,-13.173552,61.000134
18.297937,32.659492,73.088745
-1.402155,32.047531,60.232677
18.017023,-39.290997,63.157108
-7.140862,-25.219572,27.483288
26.169405,-12.019503,30.049555
-9.954648,-5.761905,71.931290
-12.165764,2.826464,65.029701
-18.492798,7.089600,47.835514
-11.577384,10.264256,24.245731
-4.798547,-3.558787,4.637813
0.871589,-17.499081,13.658981
-19.115259,4.092578,52.007793
34.996380,-21.494949,61.816219
-13.323759,7.876144,11.335754
-5.704316,-35.657230,53.796799
32.086246,-30.757547,61.362328
21.462236,-3.938659,15.831800
26.846066,-28.536844,53.102432
20.259466,13.718933,24.576956
-11.713124,-7.452296,8.246561
45.146843,-4.526536,57.777584
40.258617,4.130095,43.846184
15.241035,36.176983,68.761131
28.631485,20.036535,52.665340
41.917919,-21.031357,72.305504
-11.066121,-36.200199,48.352081
-30.077253,-14.661294,31.258032
16.476353,34.638195,73.468170
35.180996,-22.352182,46.537102
-11.258624,29.566078,22.171473
22.377377,21.472639,39.252907
38.178207,-19.683493,66.906494
16.060848,18.365644,21.771378
-26.397173,30.537073,26.553911
-22.404982,-1.808952,22.099350
2.655238,-34.606030,41.439373
-22.334732,1.141319,19.908733
-5.400343,16.080904,53.821648
-45.500340,-28.964626,72.683640
27.013926,-34.705853,62.044338
-21.604368,-8.307036,36.951565
28.095297,-23.245398,48.006279
-45.599865,34.005096,48.019806
28.448750,-28.491238,58.866108
35.441650,3.487928,41.161362
10.757507,9.653580,7.231031
28.099836,12.839849,33.342247
17.918962,-32.826088,39.633419
26.142675,22.982620,48.472340
11.507648,-7.666258,7.517874
-11.368236,-38.547512,51.434357
4.816283,23.212305,73.036896
32.387520,10.271429,31.218204
19.110958,-32.075722,44.846958
15.535461,-30.854139,44.014626
-13.925396,13.974356,48.311325
-18.023718,-11.533455,49.671314
16.377712,-13.293900,17.777084
-10.483656,-9.573508,65.145706
-6.698678,21.558397,22.663637
18.423992,-30.032248,35.187481
-11.352882,-29.792248,31.440348
-14.236209,-29.065222,46.915638
-7.663567,-32.050602,38.739582
-21.299519,-9.805958,41.834572
-6.585240,18.385750,41.954769
-7.601054,-8.131540,9.052180
-16.060797,6.809322,57.987453
11.524033,21.021969,16.035189
37.359623,16.524876,65.178070
-16.965630,10.019223,36.574501
2.083548,-37.899578,54.933971
-16.429565,33.776142,31.724453
-6.834610,15.038100,46.117702
-10.214473,-14.155615,15.725573
-7.012519,23.639957,52.808167
17.031759,-28.218138,37.091343
-5.632571,-26.851925,29.743320
24.111069,-32.949154,47.593136
27.736513,20.163273,42.662930
12.812990,-39.374001,54.166283
6.674707,21.118162,12.840451
23.930290,12.730749,29.531076
9.007981,12.700365,7.487037
-19.452236,0.233429,24.091057
-5.725367,34.406925,46.000866
16.486397,23.803967,39.149281
20.024765,-32.153111,67.617859
5.543686,32.936306,55.266895
17.601627,12.944041,17.982252
26.836437,10.486015,31.617981
10.330829,31.248396,57.596367
-20.804956,-13.277571,40.139565
-6.024203,-21.460911,69.763100
-0.784958,13.960673,6.967257
-11.640888,4.750994,55.993336
-8.709874,-1.846206,6.695393
43.478020,15.273489,64.946892
-22.473717,30.132454,22.667374
11.130692,29.187126,41.924271
-0.358221,25.817831,20.167669
10.791118,18.477705,16.209501
21.527565,-34.715580,57.250122
29.624699,-12.975582,37.154072
-11.426542,31.629797,27.410856
5.441996,25.345524,24.227669
-8.663656,29.328480,21.466690
25.042561,20.527218,49.693428
39.943169,13.586064,64.994949
1.278111,-30.002459,26.996689
-0.460246,31.294216,42.411659
11.676299,23.228682,23.576210
-6.968349,-16.509192,10.404437
-11.275096,8.767233,52.920582
14.414798,32.043945,72.400681
22.341879,13.234676,21.582064
24.641026,-2.605016,23.907473
-15.759880,-3.458558,49.270466
31.291670,-27.444410,68.319290
-17.802618,-29.846931,49.973473
42.017338,9.953856,70.945740
28.474281,16.825897,37.624153
33.776310,5.371018,41.354504
30.090477,-33.309772,61.262535
34.265411,-21.593176,63.881588
19.733976,-0.268627,18.340958
21.110584,-34.092003,48.560284
-12.141814,16.784800,13.539195
-12.234570,38.249474,49.741623
-8.345006,-36.422695,58.739731
34.176476,19.633183,72.588127
16.637482,16.622004,16.106100
-49.674282,-4.708741,51.851421
10.324768,-20.235641,22.570345
30.715742,-12.724620,28.897173
38.387253,11.893003,57.777859
40.082634,8.817245,46.302559
25.488289,-34.271770,53.847511
28.599907,-29.412376,65.531166
20.124477,28.610788,71.053719
-25.714140,2.101531,19.330465
31.944319,16.830095,44.637428
36.962894,13.386427,48.705093
26.717922,-26.959240,43.195847
22.052454,-21.069672,35.578705
-8.908931,16.384548,60.452915
35.571312,10.397357,38.977417
8.408119,28.597124,67.786835
-25.955599,-2.218664,22.134598
18.577873,-16.375490,25.070372
14.926543,-38.113560,63.659046
19.570415,-33.714199,60.840336
-11.430614,31.036936,23.493250
0.160291,19.260159,73.516907
2.001890,-19.979353,13.261578
40.898689,-15.901231,57.000023
-1.068433,24.525127,17.070522
-0.180674,-43.372871,67.804199
22.695801,6.877960,19.830946
-3.487440,-22.933018,71.267662
-22.810572,-34.604008,47.600590
-15.270211,-12.572352,65.378799
11.099075,11.804047,8.207886
-4.647661,42.290405,73.527130
-14.382600,13.596176,35.811165
-5.105343,-12.498193,11.707601
-2.262038,28.369965,33.799637
20.177299,-17.865490,23.546146
43.325596,7.885808,71.540627
19.649101,-18.115694,26.311880
-21.565994,-12.268510,24.844561
-10.124998,1.650031,6.825061
-5.767446,15.534832,49.691204
-52.735817,-0.551743,60.396400
-14.273895,4.760550,9.372227
27.113234,-20.900505,43.679157
-4.854976,20.876783,31.367920
43.113651,-4.534838,46.808228
-3.556812,17.058748,15.893590
10.387058,27.217495,31.033199
0.297606,1.138487,2.331569
8.088299,-36.903793,50.964245
-10.785563,-20.577145,18.404922
-8.603753,11.805122,73.721970
16.016903,27.909214,50.143383
23.939417,-8.631348,25.941002
36.356167,-15.365136,56.158882
14.525498,-27.229721,31.481836
-25.464235,-22.640352,33.456818
39.415440,-13.059012,63.504890
42.779053,-9.148820,63.625084
6.759252,-36.935848,65.316360
-51.096996,22.171848,49.054592
-0.836190,21.673641,23.055441
46.737785,-5.888666,68.934097
11.287026,-36.957520,54.884129
15.660383,-27.004980,29.012224
-15.718376,-25.474640,44.675182
-8.575958,30.457207,25.085972
-11.395186,-23.762680,71.732658
-13.482049,2.230053,68.402283
-12.951414,-12.275792,60.492153
-16.568741,0.426190,31.652542
-13.334730,3.534146,15.012031
20.667629,-14.634785,19.068130
20.550680,-39.367519,73.527794
-5.342356,29.739344,30.429413
-9.770145,-17.636429,18.056532
6.818789,36.079865,60.899338
-12.126063,32.331738,29.342564
-0.260107,-34.539116,36.067047
-17.577494,-24.335335,38.427658
36.948090,5.985034,39.105206
32.713989,5.725680,36.881802
-5.976592,22.443586,19.538504
-2.080074,16.429375,14.065654
6.830828,24.311487,68.183670
46.281750,-3.850127,63.527611
-10.759685,17.610922,48.415752
4.241396,-29.049051,73.249565
6.574585,37.612171,62.522697
21.018904,-7.869694,17.294752
26.560246,-24.815571,37.650055
11.872279,24.419027,35.849529
-13.274932,9.693684,31.935019
31.366190,-3.616473,34.298843
-17.735432,-16.756859,63.387875
-5.712150,10.493331,67.549400
-1.766642,-13.357473,10.955664
34.532677,-21.060545,43.022991
-9.043095,-17.135777,67.570045
-23.603136,-8.772785,21.351871
-9.727630,-17.482893,70.333923
-18.317173,-14.934114,18.902287
-8.706436,23.516970,41.399746
-9.392707,-8.119203,6.712881
28.522169,-15.664121,29.524740
-6.343202,24.678963,15.750171
-13.868673,2.607859,61.206638
-0.376992,-47.223038,69.183258
10.616066,-24.533819,29.266491
-14.942512,-27.013802,58.131248
-8.453417,-9.710412,7.840878
-15.270605,24.356428,16.068325
30.628933,-22.658890,51.485752
1.760982,-17.745310,11.118504
29.230886,17.534067,40.667843
-17.150393,-1.407100,35.922710
3.519312,-27.390104,71.341385
-1.381848,-18.143641,13.974082
7.001699,3.176325,3.677239
0.684527,15.906641,8.812418
2.417653,24.292309,48.776199
48.281090,-4.016054,73.160080
-7.163338,-23.406929,65.663933
43.556393,5.109845,58.311481
-18.910894,-14.260832,36.593697
-16.302389,9.064700,55.042629
44.891483,10.196887,64.405083
-5.997355,4.421612,4.494605
-17.554785,-13.566352,57.066635
27.921764,9.284672,25.418726
48.382530,-7.345864,67.741264
17.215288,8.630886,11.946104
38.526447,-22.718489,57.875977
-9.332345,36.169746,46.250191
-45.477139,36.147648,51.736523
28.958088,-22.346710,49.853497
30.927950,-26.730539,59.645039
8.445292,-35.515495,47.807388
12.888848,19.446594,18.974489
-10.572101,3.933544,68.093590
36.330303,-1.514888,35.742256
16.156033,26.023186,72.046127
15.057840,-30.761974,72.954102
22.814346,-18.745878,29.326395
23.817581,-9.652529,19.560825
20.217176,-39.948704,68.405327
32.276474,-24.198589,58.889328
-4.336509,-27.176205,66.612404
-12.380223,-16.130848,73.235344
-8.106112,-18.786037,73.666672
40.494694,-0.472363,44.295338
-13.644456,-5.567722,8.228029
21.895708,-35.418232,70.588028
-8.125701,-3.374622,70.428810
-9.327860,35.044662,43.434483
38.176846,-1.052106,47.219795
-11.121505,-20.127665,73.634377
15.474141,32.714058,68.565262
-42.366699,39.067974,56.754261
-23.687000,31.394024,26.387211
-42.379993,35.347092,45.773926
-0.851335,-29.065729,66.564987
18.960917,33.003891,67.176064
32.796219,27.654356,74.154488
5.202133,-38.043179,48.211529
12.421857,-35.708088,49.863708
47.492928,2.388325,60.905109
39.620884,-0.253312,41.013348
-14.881108,4.793513,38.101627
29.365093,-30.950649,57.421013
8.319706,-32.089825,73.139343
-14.189929,-24.978069,60.442612
-10.155900,40.872097,58.239563
37.203941,-7.480255,51.661186
-12.847611,11.399958,16.232809
-16.742682,-4.604077,61.569355
-11.836866,-18.175867,21.866627
-15.795898,-38.239365,51.278751
-17.735590,-10.968754,14.789456
-50.011303,-16.385359,72.674095
-8.070543,-22.836113,73.736374
-7.983496,-8.207094,69.477440
-13.172467,18.985449,13.320233
-50.165264,31.449911,57.864014
-12.727528,-1.255156,69.087936
40.538181,20.445000,66.658600
-20.087948,-3.624341,16.921501
38.969433,1.606536,38.472267
42.546768,19.056890,65.777962
-33.484680,43.040524,72.974960
3.803623,-32.765213,32.025177
35.313770,11.764346,41.524967
9.258278,-38.597095,46.734261
-37.303341,42.033161,73.964233
39.787369,6.917408,55.021767
7.782244,-22.405226,23.887533
29.382650,-28.344393,73.166718
43.050159,16.800817,69.652580
9.130659,23.364468,27.706213
-7.912707,0.793655,73.316185
-46.334923,37.293373,59.652401
-7.098972,14.213517,62.301735
45.377281,-6.455953,70.658386
42.544369,-9.253859,50.691471
-49.066696,32.627087,55.405048
28.255564,6.023377,26.560966
41.085808,4.987300,56.774124
-7.160976,-36.602894,44.139442
-50.805622,31.318283,62.433258
34.329983,23.575127,65.170410
28.715719,29.176779,68.452026
-1.737223,20.711466,55.825493
7.485188,-17.749912,13.676407
13.329762,-34.771393,52.171150
-6.518298,12.144037,62.048267
43.811211,-8.241797,72.814590
-46.977291,34.776890,52.975105
-8.649565,13.522363,59.922871
-14.552261,0.402023,69.903770
-46.463558,37.223534,67.105682
-44.230743,37.538952,53.415092
-45.168999,37.610096,57.723221
0.747996,-20.794333,19.180449
-4.490809,-31.586136,33.749153
-7.972924,16.609650,62.886120
-45.843418,37.133095,62.346863
-8.486118,-28.235977,32.095123
-52.154713,24.299816,51.742535
25.369867,-27.152714,51.920231
47.562519,-9.791965,67.845894
36.186611,-26.297428,64.037300
5.411317,32.439060,52.326607
29.987715,4.429050,25.820742
-43.580856,39.153015,65.342659
-13.806533,10.796887,50.676094
-48.146492,35.551292,66.479668
15.410660,-7.682973,14.356118
33.077717,3.937558,29.378304
24.443996,-7.106973,21.601460
-4.519474,13.539799,64.633125
-11.325441,0.619169,67.456665
-0.697498,-27.662848,73.742699
14.712676,-9.700598,11.596898
-14.447680,-2.572997,9.370972
-49.518406,34.051727,62.000950
39.620636,-21.777941,73.392784
-20.641729,-12.111217,29.693581
-5.486745,-24.525478,68.398941
35.122322,25.832367,68.836746
13.638341,-37.071468,52.323963
3.641968,33.865597,70.344025
-6.840209,23.136234,29.742195
-9.528502,3.622475,60.354946
23.314850,-19.988619,26.847843
-2.694209,11.324301,72.745560
-7.431524,43.034142,69.671455
27.564598,-26.117521,52.714912
-51.920795,22.238390,53.624222
-10.576985,-3.265892,68.770905
-12.114768,-3.006181,11.998229
8.292617,23.228128,30.349129
-48.389011,35.142132,58.947819
8.539179,21.117704,17.800194
20.717142,-39.060040,65.626373
0.500478,-9.043769,7.147145
41.972385,4.232072,62.668365
-48.996216,33.941078,69.085930
-50.692486,31.780033,64.690178
-12.403676,-5.197895,69.936813
36.887653,-22.632601,71.906792
25.350506,-30.169329,50.735294
0.355888,-29.779701,73.459167
30.523802,12.874454,42.935711
32.255741,23.240749,63.567890
-52.389683,23.933777,56.418442
2.357487,-30.414415,70.963409
16.317263,-19.128567,19.179577
19.739748,27.747906,63.301819
-12.992105,-3.951836,72.772774
9.782611,-35.473381,49.881161
3.075006,-29.266626,68.750626
-21.816875,32.227905,26.941273
-51.604870,20.589443,52.377769
29.244686,7.611851,25.531677
38.784512,-20.627611,70.042625
3.039201,-31.535854,73.398491
30.061230,-28.530685,61.979202
34.827156,-23.248690,70.929710
-52.191395,26.467850,54.591335
0.705855,-29.031647,71.418365
34.850616,-23.586342,68.070534
-2.225265,16.365559,10.615408
-8.335984,-4.263063,68.036652
-9.013621,-10.369378,73.770805
-25.078865,31.865662,27.917679
17.617205,-34.318165,73.150299
-22.847288,31.217825,24.449165
14.586914,-34.374775,72.802666
15.953675,-34.286373,74.261223
21.152124,23.162695,37.313919
-5.610498,-31.619625,37.884457
29.680727,-6.449222,26.251616
-11.518720,-32.554699,48.658764
-0.252351,37.538002,63.720795
34.904137,-10.884922,34.444153
20.690699,-19.176195,31.031282
-4.244438,-40.455811,52.883080
-10.558163,12.307060,64.817383
-5.854899,-29.709200,66.040741
-10.132029,-26.950741,25.831852
-7.209052,-5.727617,70.237587
19.711191,-32.528721,73.842918
33.356228,11.835958,43.319088
-2.315274,27.183159,65.789139
26.999603,-29.775980,71.740440
3.501801,30.544390,54.247974
27.788265,-2.619050,22.695475
8.698236,25.687277,23.612635
-2.842426,-21.818153,20.721622
0.967810,-12.879267,9.624765
37.133278,-19.355494,63.451736
-51.889313,26.624550,58.432529
-23.672398,-22.734636,36.968704
-20.909565,0.995187,33.859192
-0.319823,-36.764442,63.363861
-13.957016,-24.152214,64.793938
-6.542518,25.692760,37.834866
-13.155601,-1.668150,58.491009
-47.728188,32.860382,49.731747
-16.160034,-7.693034,23.276190
43.097481,-4.075625,73.078255
28.823080,12.406420,30.472349
26.631025,-9.256126,23.567890
22.529795,-21.622427,25.898094
20.527227,-11.968836,15.829067
16.155790,22.637495,25.032217
-16.315262,-10.205630,23.727512
-9.219632,15.231961,58.468582
47.989689,3.345472,68.229210
48.331631,3.729656,73.342361
-13.194327,-12.748268,15.453545
-23.419142,-24.735567,34.571526
-14.118772,-32.347286,48.513844
-20.375181,1.987897,36.355659
22.168552,-39.273571,69.983421
-12.077632,-13.972833,16.984631
8.404984,37.884308,65.450668
-8.817525,-10.276520,66.465675
11.410717,-13.616632,14.620999
-22.042795,6.100641,15.389278
-13.750392,-21.940292,27.422695
-12.052986,-18.452436,15.699453
-27.041391,-19.975262,33.658001
-14.250575,-35.529675,47.058643
-2.922309,-25.913021,73.048782
-8.203822,13.864252,72.263184
31.276638,-30.175932,73.234413
34.898964,5.322125,44.168304
-17.507278,-20.977665,24.836676
-4.006223,-22.692913,68.663063
-40.928539,35.161419,44.000160
-13.651554,-29.759769,35.514778
-16.115810,8.764619,12.740758
49.641716,0.590658,72.611534
-26.439569,-26.848639,37.697559
-5.040388,-47.628330,67.087151
48.564812,-0.231349,69.602425
-53.488163,14.298108,63.221100
-23.829784,-28.473959,39.898224
-32.672035,39.447632,48.238708
17.177122,-8.573641,11.770431
8.206640,35.375549,66.970734
-6.935998,-34.284546,36.654037
-14.548750,-13.612767,13.206116
36.566990,0.623039,45.537579
-23.835461,-7.912649,27.790586
-16.426805,-24.209234,46.293179
3.278271,-22.846146,22.573671
-11.038729,-10.995631,14.645005
7.085164,27.715082,31.495588
35.076054,-9.206635,42.280117
36.344299,-26.041456,58.221115
-24.450903,-24.945744,39.816463
9.441070,-35.545094,52.063309
30.097113,21.957104,73.107254
9.828056,29.995790,52.167801
35.346794,24.637751,62.949905
12.208211,-39.070076,72.963753
4.769756,29.082571,50.878456
4.628823,-12.883596,9.387569
-16.412971,-0.384960,19.287304
4.204603,-35.373589,68.986969
17.750757,-20.605494,27.220005
-51.283989,-1.659623,54.378799
13.944324,-40.503487,61.656170
31.924557,-27.789732,64.844559
26.978430,-7.343666,25.715370
5.968573,-46.492165,70.990715
20.989120,31.743021,73.175911
-13.517804,9.426444,44.232349
-25.242031,-18.342562,34.036961
10.324005,18.955391,12.145928
6.014157,-35.004406,36.304794
35.805859,-13.109855,51.189590
25.890289,-18.911806,29.520611
9.966340,-34.629059,38.829536
42.760605,-5.399446,67.205856
-11.058792,-16.074903,11.518727
9.060709,18.974869,17.514656
-21.188957,-26.691761,38.925716
-10.180333,-4.768876,10.818316
18.708687,-10.919058,20.848162
-14.942917,6.008760,34.499413
29.577065,-19.433180,34.412971
45.209076,4.339919,73.606918
25.336721,-32.829884,65.423386
1.858113,33.622833,54.413662
-13.594799,-8.725072,58.013729
-7.741026,-13.848145,8.897185
-12.729898,-18.029751,61.907898
10.405325,-30.407642,72.151749
-15.040035,-14.704043,22.340080
-13.596821,-24.552353,56.545013
43.386707,-22.003286,73.623779
34.639084,11.937669,49.494652
-16.209778,-3.214899,14.296891
-4.967388,-6.946306,6.097231
-19.948812,-2.897411,29.002939
-52.799839,23.517054,67.087585
10.086322,-21.843121,25.191111
-52.793377,21.130777,66.637253
28.573397,-30.192305,50.934040
-9.705773,12.063106,22.786978
14.051443,-27.320444,35.521465
-22.988974,-19.810099,30.431328
-50.913151,29.562479,69.750328
30.620359,-28.828634,49.577435
-52.863430,3.632631,68.722206
16.275011,7.344985,13.825258
-5.883456,-26.707354,24.669006
16.087791,26.849493,47.003937
-51.942539,7.109107,53.702896
11.240864,26.976809,51.116440
-19.604654,-9.471849,37.277229
-53.306366,8.290792,67.554131
35.216152,-12.580467,45.467182
27.148054,-29.921387,47.842384
27.648083,-32.123695,52.415188
12.276389,-37.605171,60.621468
-21.689476,-7.565502,30.419111
19.708973,33.848763,71.059425
37.606903,21.852983,72.284973
-6.000761,-11.957786,73.374886
-5.922480,24.181728,57.243217
-17.008312,-31.029831,40.483746
9.639411,21.451208,25.754866
2.350193,16.842260,8.128703
32.438034,20.543268,69.962486
-15.831820,4.636855,62.477192
-22.014765,-4.768229,48.852371
9.004484,27.576908,52.197243
35.831974,-16.038353,46.005539
1.354449,24.441875,73.109070
-20.233809,-35.414917,48.684498
-6.763189,17.612608,66.433380
20.519741,-3.803052,18.829544
24.455450,-16.869066,29.464663
2.038579,24.342825,42.112373
27.190876,-12.110133,25.567568
20.836214,14.294827,27.592865
-18.057695,-16.970560,41.442196
26.141598,10.476544,26.602633
15.516838,6.103294,12.219700
23.899950,-27.722998,48.800472
16.892368,-8.026268,16.987881
-3.718263,19.843655,21.137745
5.333646,35.477642,58.275574
-53.086502,12.980031,70.043465
25.420115,24.004120,59.798882
-53.225513,10.808827,68.454689
-52.724941,25.049656,60.399628
25.707378,-8.223428,27.825693
-5.677015,14.820632,59.844902
23.336662,26.047522,61.561962
-52.902302,10.347824,70.537544
22.131956,-28.522917,46.719727
16.015265,9.572525,14.154746
18.972797,6.393982,13.262479
25.455475,25.071371,57.689125
5.040824,-21.582888,19.837620
35.266712,3.847110,33.023716
4.104077,-19.839781,17.043631
23.796524,-26.294353,45.779995
26.439230,27.459770,57.839077
25.300537,26.086315,55.150681
10.852451,25.541964,53.352798
-52.620022,5.935239,72.621162
-3.820611,-18.313545,10.885259
23.792307,-26.308226,43.318352
20.709433,6.981452,16.170116
32.646362,-25.468407,65.426872
-3.392683,-39.933437,49.932556
12.017778,24.931683,70.967346
14.121689,-4.122928,11.120171
-2.071012,34.951088,53.320545
32.690090,-13.825390,45.456795
-15.067255,-16.668495,17.756004
-15.662330,-7.841409,59.177628
25.023275,-29.481918,41.868507
25.294308,-29.411259,73.678665
36.300964,-29.299875,73.051521
5.193244,-35.403564,45.992897
37.736340,17.133287,69.441414
-4.910615,-0.198293,4.087636
16.422550,25.055588,51.263004
14.129043,-24.208567,29.935955
15.640511,-35.679775,62.414326
-12.076945,-33.481445,39.703632
-19.589018,-11.468218,52.370926
11.153574,-42.021019,72.945381
-19.817720,-1.377569,19.680414
9.967109,24.064835,37.672894
-50.920612,4.419685,51.941719
9.157203,10.842830,6.377978
3.857229,-40.334091,70.363380
-17.169142,-26.235600,49.408932
-13.336236,-15.823201,18.798370
16.424942,21.474586,29.751669
12.440747,16.004770,12.152668
-53.280907,6.524000,66.240242
-26.344131,-30.647942,43.742897
-52.864262,2.845611,58.917873
-0.425209,-31.782372,34.038857
24.790373,18.002153,41.274372
36.162407,8.204629,40.555065
-4.123854,-16.257599,13.773685
-53.557175,10.469543,66.219063
38.956944,-13.010018,45.065094
8.432444,-33.274414,34.501572
-52.015232,-9.326366,65.955109
19.513954,-9.841660,16.767122
38.802792,1.398888,44.609310
-8.307323,15.657930,55.269608
40.142632,-25.962973,73.632408
14.133458,23.830145,30.945070
-16.857651,-11.858760,26.252419
6.135700,33.719826,65.382027
22.040445,-31.889444,42.282352
-18.873138,6.294079,40.646133
6.406285,26.930271,28.602110
18.412903,-13.761293,18.998407
37.738708,-17.083899,64.211815
-9.282357,11.982376,9.723972
21.346853,-12.870867,24.739309
6.759463,34.655804,63.055225
-17.662146,-17.207771,51.805679
34.597111,-0.602894,30.797377
21.409500,-25.899960,42.469555
40.418457,-19.346125,60.297333
-11.222234,7.967730,70.838692
25.406107,18.030628,31.683525
43.160084,-15.045758,67.519791
-11.704034,-36.512611,54.141777
31.063288,-29.473911,59.090649
42.135540,-11.934305,49.528362
-6.056540,-3.809963,73.544525
-4.111439,32.120033,51.940060
-22.359264,-36.153175,49.346592
-17.732969,-0.956920,47.917507
-4.228312,-2.120896,2.754873
31.806414,15.857764,50.622364
35.894466,-1.955982,40.056671
-7.012979,-14.978384,71.209213
-13.592633,7.439698,33.361122
-22.078796,-4.960479,41.418324
-14.739557,4.201643,44.217716
21.868818,-28.567144,48.905548
-20.223133,-35.333088,46.543472
37.116989,17.050795,51.970905
36.003044,-16.806293,40.611530
23.284910,24.283134,49.291470
39.574203,-19.253691,56.150150
-10.574332,-35.045460,56.181686
22.498783,-34.269768,46.844158
-7.247262,-11.316350,12.201982
34.229366,-13.151849,48.229645
17.615671,-40.660927,65.495338
45.472878,12.896985,66.520058
38.565208,-17.953432,51.727867
-16.132093,2.973018,11.451408
42.115795,17.440855,63.102951
37.697933,-26.270763,61.863102
7.239227,-25.743196,28.081795
20.060080,-9.985149,14.292367
21.307238,32.740055,64.708870
-52.671288,13.541411,56.383915
40.218716,-9.772085,52.141769
-11.290071,16.593483,28.772676
-7.485890,-22.659380,71.283745
16.197460,-33.202682,64.467377
-10.533280,5.797174,7.342484
5.244158,-33.035492,69.266304
23.236860,10.005377,26.976402
-6.894893,-42.142113,57.059311
35.668766,6.554911,36.316376
-15.899681,11.226414,53.150597
28.277300,-28.289848,45.490726
9.177691,-3.621097,6.679539
16.266109,32.765530,61.869919
22.311728,25.398546,72.881348
-16.946587,9.173024,44.652962
-3.842962,19.919527,50.228840
35.172787,-5.304572,32.404900
-9.769807,-1.924256,4.817847
12.810087,26.112186,31.744646
16.648655,-31.511116,41.125984
35.577576,-27.308664,61.988949
32.847404,27.707552,71.653824
1.890629,-38.941406,68.070930
-7.544052,-18.966799,67.263855
31.131905,-30.160023,65.714546
-6.852108,21.387527,14.769068
-0.242050,23.805445,27.813463
43.856388,-18.620338,72.768364
30.378126,-20.908419,37.230762
-2.493086,30.657076,39.046238
4.769370,-29.546072,70.675667
25.105358,-34.932224,63.849106
-9.819427,-1.963151,65.577866
-0.481604,32.873165,45.556980
-9.017895,-7.686419,67.073708
9.100545,17.043966,13.710844
21.355450,-17.059587,30.164146
-14.080044,-32.267815,38.285675
19.034330,-7.580926,15.894292
-53.212135,19.704386,61.471397
32.567696,14.314849,39.559235
-15.528356,-10.226987,54.654652
-0.430145,-40.255753,53.245598
22.264051,5.878150,22.718830
-6.049574,18.669071,15.208794
-3.505112,22.539793,15.311228
-7.279468,-21.051039,20.930294
23.503910,-17.900105,32.210842
-14.868102,-40.127617,52.653057
16.180328,-18.875666,25.413385
-3.186042,27.938150,20.755148
38.010880,-11.995076,53.852303
-9.732331,15.597234,16.519226
13.019049,-38.427391,49.970081
4.985177,-40.221256,57.349987
11.349507,24.985109,49.221512
12.030801,36.732613,73.635033
23.651667,13.094335,24.776159
-0.104299,22.464132,19.854027
7.101994,31.735720,73.350189
46.206631,-7.977714,67.774704
39.566757,20.926926,63.836914
-20.042227,-16.754414,33.943012
34.777328,-7.543138,35.215111
-13.253433,11.751253,57.488575
40.795460,-19.127464,65.764427
21.375736,20.517395,42.232342
15.574336,-10.723475,16.613153
-16.444550,-30.608454,47.307190
-17.447294,-0.172418,12.727243
-8.172135,5.620365,63.256416
34.277733,21.687229,62.585060
-1.215755,24.673731,72.745010
0.496132,-36.828144,43.188087
22.619724,-39.603962,73.839310
38.623280,-4.805506,52.301941
20.268824,26.427856,60.267124
0.137439,30.864340,51.764122
11.559080,-40.886177,55.810020
-1.428079,25.292578,23.693783
24.465017,-9.696699,22.121410
9.233939,-29.146748,34.931526
45.945572,0.877533,56.170105
-22.543915,-28.559944,43.844028
-9.770957,-30.138428,35.224693
31.524010,-25.561449,56.806786
32.408024,3.183971,36.819103
-6.149015,19.747440,12.701469
-51.177124,15.944627,48.196060
19.680603,16.390518,29.220634
3.060945,37.927322,63.868965
4.517104,38.428631,62.257103
-10.760915,20.043810,13.578284
-22.405163,-14.812571,24.253582
-19.850758,-28.005877,44.221470
-9.640872,19.265923,40.633934
45.120991,-5.903962,73.432678
21.260046,16.059122,30.863546
18.233524,19.999630,31.764580
27.471527,-32.547543,69.151611
-19.805357,3.060241,41.863255
-9.681306,18.580481,17.537102
-15.162979,5.635656,11.968198
-3.833835,-13.582695,10.313908
-7.947765,0.881179,67.840446
-0.153715,-8.324117,4.677959
2.898596,26.204655,56.778599
-17.632509,4.997528,11.860461
-21.906464,-7.878251,45.969292
-18.682035,5.905587,30.347992
45.634308,15.203447,65.953339
-18.376339,-6.613201,21.482885
-4.679793,16.533514,10.020247
-21.472628,8.170506,14.561090
-7.908432,-16.269024,69.448570
-50.157764,4.803560,49.712887
38.482300,-1.981325,52.451271
13.259538,25.453089,51.991703
-6.395890,-2.031281,3.743514
-19.833729,-18.666548,53.389435
29.160084,22.156534,59.344475
9.591289,25.207729,32.014965
-51.554375,25.852125,56.514671
9.497005,24.960268,46.142773
23.487923,-32.413002,44.995163
-51.532623,14.706750,50.293583
17.289946,-3.355786,14.955946
12.132030,25.783079,42.970119
-12.029975,4.319773,58.908421
19.426748,-2.056969,16.211246
-19.669886,30.927727,22.772200
38.156425,-6.945518,41.252602
-12.653182,14.472646,28.980631
30.609772,20.280088,57.845219
0.527588,-25.023695,22.651148
-14.470318,-18.632380,24.567549
47.693684,4.714272,63.202206
34.153763,-24.508741,62.116489
4.274273,-30.233229,28.226280
40.624454,13.513120,54.680573
13.861836,-33.216480,44.884586
-6.394053,27.105785,52.476868
10.800533,-33.259651,35.986237
20.459894,-25.244616,32.065090
42.541348,-6.244014,71.823135
44.898594,8.692021,56.268234
20.108480,-22.335634,31.873425
-8.522023,21.334692,28.419289
-49.675369,2.101610,49.921131
39.504387,-1.284772,54.710766
-1.967372,19.336143,69.876724
28.689634,-30.726543,73.408127
-22.869616,-31.378033,42.314228
42.022537,-0.016704,53.698822
39.753674,-1.942008,49.676968
19.154625,-36.662094,61.856831
33.543011,-29.582752,63.438435
9.973923,-19.311697,19.785337
-4.876936,18.024321,70.744614
-50.221607,-12.423148,57.378262
-1.390418,-32.545959,65.594284
-8.807395,-35.766541,42.037323
40.796604,-11.421154,65.327972
9.034857,-37.774586,72.446503
11.457757,-29.895323,29.972569
39.662849,-3.485609,39.429176
-8.792267,2.856952,62.993580
21.104866,34.142498,69.149078
37.809555,10.425406,45.264744
-11.180761,15.681033,24.898533
27.008640,-14.266415,31.223707
-29.203722,-18.038198,32.773087
-21.754686,-13.575463,43.873718
-13.555234,11.937531,60.608845
10.812697,28.928513,38.360168
-11.333456,-32.076015,45.777416
22.626259,-1.630595,21.424479
-10.004766,-19.409462,16.472372
16.019802,35.877430,71.063896
4.636433,25.927221,62.538979
-11.365231,23.399981,17.503172
-19.971130,-22.897570,46.845905
17.699675,1.871326,14.464816
-17.938667,-13.695543,53.182728
25.922340,0.439410,20.141853
43.644115,12.586699,73.216782
24.526834,-31.375113,69.164551
-17.375975,-1.883850,62.427292
3.294863,28.936672,38.033615
-16.146263,-7.864259,67.698898
-11.840405,-35.758141,45.746563
-13.254006,-5.705307,61.005219
-0.676428,20.854900,16.710598
23.396255,32.337547,73.348068
-20.738815,-22.855551,31.560671
-14.686322,-7.637755,71.879158
-16.856642,2.549695,48.285908
4.056813,34.849144,63.843525
-18.547457,-20.777020,54.855110
-3.379606,27.910749,57.876411
48.715717,-6.654882,70.025566
-6.766400,30.154957,28.385262
-9.164683,15.278836,68.004433
23.132357,-15.823304,31.130243
42.707161,-1.749687,69.812119
24.746893,-30.452015,46.527023
30.166615,-27.850428,70.589081
-1.983154,-37.236759,51.931274
-52.174583,4.782362,58.973705
-19.073301,-14.780093,48.654968
18.757175,11.138257,20.905472
10.975232,37.381680,65.915955
11.431912,24.429949,26.237911
-5.727055,12.619928,73.211983
-13.069350,-26.422903,32.606964
26.548677,-15.097935,33.779110
-29.612020,25.937090,23.452055
-0.858873,32.334785,54.199585
20.669834,23.682318,40.164761
9.835520,21.496241,23.208424
2.701298,-25.538589,73.101662
-7.032580,-36.804703,42.096416
-12.834742,8.052093,68.239662
-12.978598,-31.964540,36.157505
26.491722,-18.208111,34.638443
36.949306,-8.682845,48.313160
-22.163837,-18.214607,44.783321
-13.047406,-10.120872,16.608206
20.160494,22.124737,45.907394
-8.631619,17.745029,20.787121
40.385567,-14.771749,49.418068
-49.041348,24.736818,44.273857
-17.181190,-24.884422,29.422491
24.140364,-16.659296,24.545975
18.109505,-34.235752,71.137848
19.725519,31.411118,65.710129
-14.167342,-27.037117,36.515083
38.422325,-13.676056,55.900269
32.396088,9.846138,42.299145
-16.612057,-29.561472,35.570675
16.005577,-9.048066,10.241659
29.629860,-6.436837,32.754086
-4.082420,-35.633667,51.699493
23.183096,-32.176056,62.970154
17.144505,16.828424,24.495022
-13.747168,29.408737,20.464520
19.389624,-31.269855,38.168964
-2.651369,-32.618698,35.977432
25.749722,-23.462646,33.890972
17.529942,-30.266310,46.175499
15.116328,24.319767,45.880806
40.357971,16.313662,57.230907
1.140364,16.441051,68.660332
-4.083550,34.801685,48.811535
14.690675,-32.596947,73.970001
22.084784,-1.425504,15.039831
-4.411058,-34.672749,44.896980
12.350521,-22.456940,20.458242
1.524718,35.581745,56.133995
12.818884,34.322338,64.189041
-5.725517,31.819109,48.140820
27.041065,-6.533932,21.440857
-12.817201,-33.596943,46.915600
20.386808,20.346771,39.341022
24.214371,-12.333872,28.084002
-0.227808,-28.582539,30.855007
-7.077409,6.995877,72.653732
-7.648794,-5.850000,9.582911
-1.734202,25.215107,41.905640
-14.392290,-14.760098,60.516449
-23.397211,-15.962244,28.428839
42.516384,18.588169,73.643265
-19.715979,0.101390,39.542477
-4.176605,39.558025,59.308018
2.287113,-33.657547,69.581879
47.933109,-1.593128,65.036339
42.203835,1.302312,56.417240
0.821657,-32.921089,32.212467
-6.552055,-9.252373,73.355576
-18.341396,-9.726261,53.604294
30.386208,-15.469015,32.037586
5.106748,-2.563213,3.657963
-9.365393,14.398902,44.414429
22.572979,-19.153473,31.152205
-14.080651,-17.671122,56.454811
4.776179,-33.791317,41.746098
21.908625,-26.802776,45.816780
24.627813,-21.381847,29.847599
7.620559,-1.193544,4.280128
3.371715,40.044739,70.400658
-15.109676,2.828889,26.999252
27.197544,-35.380627,59.870533
-15.877340,-7.811829,20.263874
17.140995,-4.327911,10.664755
39.323902,14.891219,52.228916
9.127788,30.102236,44.125443
19.169895,-24.898348,29.070230
35.498978,6.722448,42.303486
-8.750567,6.060262,5.574761
42.040508,-16.211176,61.695393
-17.327421,-7.115580,47.032055
-14.398836,-24.040705,25.456142
-12.922538,11.089780,35.436020
33.248356,19.893991,65.824417
30.161951,18.503691,43.316586
13.984521,24.804470,72.846909
-14.871552,4.463418,56.087250
-5.027763,17.220133,68.299561
23.600979,-12.946782,23.985504
-17.161367,4.928762,47.295559
7.651927,-43.449474,73.720268
16.172840,5.027656,9.066123
33.815235,18.857740,62.093369
3.785898,-37.535294,73.408470
0.360507,24.437277,70.793381
-9.398098,19.124981,23.728994
17.319492,-6.980290,13.368563
29.007017,-26.463018,58.829292
24.299446,-4.779097,25.006443
-5.521653,1.876870,73.525970
-17.003790,43.369858,64.411308
-10.539885,43.628605,73.951897
11.128350,-31.583477,38.780231
-0.021607,38.588554,73.456406
-21.036783,-14.708841,26.971207
-18.396267,-16.492666,60.928749
-18.470146,42.468777,60.003899
-3.357368,20.004547,12.185645
-6.879610,-29.709749,61.646847
-8.205141,-9.031644,11.414735
36.546940,-17.192446,54.510887
-15.880807,42.435684,60.231728
-4.660672,25.141308,54.033127
-11.284925,18.180727,34.744915
42.638130,0.197215,71.245270
-13.878546,6.755198,44.352741
-11.947192,35.996822,44.223927
10.438886,24.491261,41.396156
-10.945349,-6.220302,64.659149
-28.715635,-12.096731,27.631201
15.661838,-34.968796,42.084274
25.306755,-25.785398,48.506733
0.263174,29.899906,61.744797
33.963425,18.393290,57.613251
-9.881885,-25.253609,61.920311
-3.692291,19.902060,14.847409
-4.752617,21.687403,13.349047
-10.302246,-0.850292,69.142784
46.518696,-4.534180,74.130669
7.642329,-7.872316,8.410295
-22.235533,-4.602895,26.853569
-10.625996,12.953304,57.377251
45.007072,4.073379,67.906464
2.105903,20.152737,17.385220
-12.954233,-25.374037,54.438824
40.109818,0.923781,47.007671
29.857813,10.468591,32.815628
15.238788,-39.667416,54.690994
5.950532,35.330101,70.869484
33.190266,-15.733050,43.807426
37.257053,7.327806,37.491879
3.696945,31.218216,60.388275
-15.607504,-21.887691,29.373129
29.045740,-9.790370,24.889557
13.878995,-36.733490,44.243744
-19.047472,-10.574084,56.364819
2.281048,-41.756638,59.935383
43.545212,-11.233990,51.161110
-17.051746,-24.337992,41.311081
-27.252504,-8.809438,26.177671
18.366636,-31.658764,68.831703
-6.725709,19.799732,62.727562
18.083160,22.295170,40.134010
25.010447,2.575135,25.613533
-16.603251,-3.954616,24.802801
14.185767,26.622555,45.342140
19.083004,-1.688950,11.365087
-16.989628,10.951800,12.368449
35.308956,-26.936014,56.144501
9.766404,-15.671892,16.607979
-3.753115,-28.912924,64.843773
15.197658,28.143597,42.877090
6.359031,25.944925,32.735043
2.505396,18.846775,64.461899
13.516386,-6.740377,10.462441
-16.509720,9.609861,30.620626
-19.848227,-14.846753,29.559587
13.037619,24.231279,41.041859
-14.942289,8.346185,46.230110
-17.609121,-6.492433,19.176939
2.980514,-45.942596,67.340240
27.179298,8.692744,29.090088
-2.383379,34.879848,59.982033
-16.394594,-26.596260,56.183586
38.972443,-15.790088,46.702206
-1.862985,-18.822531,16.872087
17.747000,25.718672,41.199726
-11.600206,41.875668,60.614506
-10.628700,13.260125,67.243179
-6.607610,-34.060749,60.573021
43.648277,-0.178889,58.984467
-17.825747,-2.910822,44.825508
-53.031639,8.360071,69.703728
-9.061923,6.827510,13.558853
-11.060345,10.717202,9.065608
12.908286,25.648773,65.026054
-2.751924,-40.579945,62.986271
-10.572858,34.995991,41.157013
-12.428745,10.893029,54.719337
-21.908195,-1.086497,24.853952
-4.592557,-20.533831,19.859182
22.898670,-33.678417,55.119316
-6.209898,30.513462,43.615681
46.623447,-1.835733,59.282612
43.117283,-3.545948,61.089375
-1.246447,-42.096516,60.151104
8.185326,25.163374,43.372337
-8.076661,40.931313,60.761173
24.821674,31.694317,69.866905
20.273533,19.479774,27.241171
2.342522,-47.233585,69.221298
42.776058,-20.449116,67.208061
-15.957460,12.913928,49.076965
36.913769,-10.682624,34.949993
10.119733,33.369148,69.821136
-9.119007,42.217316,63.958096
12.460538,29.030527,44.327065
37.495602,14.015078,65.476326
-22.394863,-2.076741,18.194445
-6.654031,13.479929,15.427334
-8.678095,13.410623,55.738911
-0.839850,26.640305,73.862129
32.163414,-8.208738,37.007381
44.626621,-10.328831,55.496830
14.561878,24.392681,50.885925
42.975853,-6.099088,74.004158
11.237421,30.060837,47.384632
-1.504803,-33.715832,34.392948
37.182186,-4.320213,45.893818
35.938316,24.418350,72.300003
13.616304,20.247717,16.857508
-1.591416,27.831354,22.891176
32.905518,-9.965616,33.432514
-17.886942,-9.163122,18.615662
38.199165,0.767831,49.510014
32.760246,-24.184072,45.531223
-2.671118,31.030308,61.791229
22.650862,14.837418,29.203831
-11.279554,11.690145,11.734047
22.854548,26.779137,65.265594
-14.103068,-11.804936,72.212143
16.313536,-31.193348,71.151520
25.595860,-32.991257,70.660492
3.594164,19.661058,66.532150
-14.983482,-32.989960,40.886887
13.882600,20.939377,21.830532
7.730297,-40.989113,63.993946
-10.029484,-1.679756,72.582565
26.067453,-10.993757,21.032320
43.566978,-1.608357,65.596680
17.853489,-27.526714,39.617676
44.060017,6.479428,73.391869
15.799030,-41.955925,72.759689
-13.961882,-19.319433,63.984440
-9.994037,4.461064,57.685841
2.545563,-38.377953,43.263115
31.267282,6.124176,29.567673
4.384363,35.717670,66.783028
27.313797,14.179678,29.031162
-5.400973,-19.164965,12.621148
38.711250,12.881312,72.591774
36.962391,15.087838,55.471077
-18.292759,-20.329914,46.986153
27.715557,-34.987114,73.355606
-49.097019,-12.368277,55.580292
-17.104528,0.194082,44.450199
-11.094756,-44.436745,59.874001
8.470086,-36.907234,57.425053
-2.623941,21.655373,28.745201
-7.651680,-42.962757,61.133900
13.072750,24.165878,38.301342
-16.507586,10.198806,49.869770
-13.605457,-28.602663,53.194519
-16.864418,-10.301001,59.277538
-12.859468,15.448627,56.202202
-7.268358,9.650352,58.714458
41.699924,6.714186,55.801086
-23.823595,-18.581997,28.221489
37.533527,8.779071,53.461678
29.330420,-32.329700,72.005653
23.477612,30.083170,72.641266
34.014717,-24.743347,57.446350
9.783429,-28.682734,27.835163
-15.472525,-26.413828,47.430676
14.887017,25.156561,42.063725
0.464006,39.393368,70.785362
-24.208858,1.727148,20.873610
29.084335,4.313814,28.165611
-8.863585,-37.178284,46.551723
-9.576133,18.386892,58.487808
17.709961,-26.421824,28.274353
15.441881,13.721934,17.469189
29.312654,23.734716,67.390480
5.533976,21.554964,66.239319
-2.487350,0.783757,2.912055
41.145500,-14.251806,71.176689
-13.597898,0.674305,59.080509
-18.248976,6.406413,50.979362
-10.746041,11.127511,59.826454
33.466640,-6.687418,30.196177
47.317513,10.644346,74.002174
-3.530226,-10.106667,8.567660
-19.831318,-6.052530,15.497086
11.158110,31.391809,72.627007
-14.158571,-27.819475,48.745754
38.814789,22.425611,67.467957
8.009878,-20.501940,22.562649
15.033106,-25.415012,33.435848
48.740654,-4.109486,70.461395
20.980099,-21.323046,29.796932
17.809830,10.137749,17.227730
-52.923908,-3.124226,62.979065
17.537800,34.095741,63.794495
27.080688,5.857593,29.795807
37.114494,11.235338,54.130924
41.935238,2.766690,45.752655
-11.929974,-8.754623,69.644104
23.447794,23.467205,57.535091
30.446756,-18.986170,46.638912
-9.638225,-14.391707,64.897018
-6.569225,-17.275507,16.492321
1.049405,-24.532373,24.964134
-17.994635,-12.846827,47.600971
-11.452442,-1.268822,60.967110
37.795361,-18.356663,44.179749
-15.485209,31.169218,22.993828
-6.415667,16.402431,18.436670
-3.572847,11.850789,6.968514
-10.131286,-27.375868,65.791817
29.858692,-30.295374,63.643906
7.169554,-34.146908,73.727180
38.408119,14.735997,60.276718
2.193038,-32.195751,30.755411
36.755424,17.546198,54.536671
-52.074184,-6.432220,65.842072
7.310811,-37.503727,47.388119
17.921324,27.365093,44.656132
-6.789967,-28.135170,68.860771
30.256880,20.799374,50.312214
44.434296,-1.781034,62.891930
38.524296,-14.358250,53.564632
-15.769143,-18.063059,19.143852
2.169110,24.084679,22.556110
44.343735,-14.874928,70.159203
-49.901737,32.693027,67.589149
2.520094,23.967936,30.248060
23.477993,24.157297,43.831821
-11.069905,-8.782331,73.442856
36.973938,23.587889,69.513252
-15.754512,-24.684271,32.814175
32.033173,-6.948985,34.359543
11.235488,26.389223,36.340672
41.143227,-14.552866,65.997177
12.481807,-1.960736,8.890701
46.186607,-3.588361,53.538013
34.838928,4.055963,30.804762
-14.849730,4.388186,23.773851
20.758610,-34.700912,63.332699
-6.775461,17.307384,28.513182
38.308994,-14.570388,62.261105
-50.768295,29.311760,57.616837
42.060207,19.797001,71.420303
33.885246,-4.834504,34.922565
40.928009,-12.061458,71.067589
-11.653590,-21.728413,72.326035
46.999649,10.455668,66.356339
-43.272152,39.179832,68.254982
18.817286,-38.743595,59.938354
36.997303,15.212296,67.780968
13.660781,24.111368,43.915287
5.606706,30.357286,38.265182
-25.603745,42.367279,58.581551
3.579320,-42.692120,66.733055
0.100191,29.978069,70.435059
-15.390329,6.204266,18.640980
-23.963854,-3.951037,21.408716
25.033382,-23.136663,39.758884
36.501766,19.562197,70.695198
0.081877,-19.276531,11.960376
24.506372,18.233521,29.039003
-0.691710,-0.471880,3.679887
-19.420542,0.247234,35.340801
-18.488871,-14.966218,32.179008
21.305096,-38.216576,61.353149
10.581280,0.435009,4.853173
-24.649124,-13.604388,28.146030
43.140743,12.934218,57.144279
45.604061,0.851667,71.291664
-17.742029,5.953400,49.186054
-13.883089,-19.482077,68.157516
18.604271,22.734077,43.656784
-10.269113,18.458315,37.684177
28.359018,-11.657246,28.706631
2.056448,-34.604912,60.020741
45.183517,-3.714186,65.969162
20.683403,16.224514,21.654781
21.978125,1.485630,15.825495
14.040292,-38.603817,67.451035
29.858442,1.405936,24.742474
-5.133899,17.496851,73.329460
-21.672018,-9.601111,47.931171
21.095472,-10.287257,23.596132
-15.482532,-9.879793,15.623432
12.023878,-40.448189,58.960987
-17.979118,25.976950,17.109707
36.773102,24.268417,65.138138
4.082007,33.860561,53.661095
-3.115989,33.378586,46.533764
-21.089724,-20.983961,42.980934
30.772150,6.065093,34.714588
8.846422,26.141779,34.194183
28.142015,-32.097652,62.648201
-4.336159,30.599102,34.148285
30.751720,13.109694,40.559906
42.911221,-10.062155,66.081619
-19.072844,-16.092737,57.727928
-15.978888,7.909008,24.443436
8.310095,26.866676,56.289463
-8.286021,-29.003395,66.629745
-17.906345,-6.416625,29.835110
29.749454,-11.465649,33.670525
-11.234938,-0.836667,6.839188
19.617798,-33.058056,42.392384
17.355654,-37.019402,63.365669
45.267189,1.040058,65.598213
-11.484515,14.509806,40.053204
13.442340,28.959845,51.167534
18.313021,21.842186,34.925510
14.954515,27.762835,67.610260
4.329530,-25.099815,23.131218
12.596836,-20.897644,22.250208
9.506915,-17.885105,12.548358
31.938892,7.715993,37.981174
-4.845373,18.489573,11.254284
0.723699,-33.653736,34.296154
-7.679778,11.264775,13.887992
16.719095,-0.316707,9.192176
11.374363,4.052466,7.257473
-13.979240,-31.256329,53.634144
-10.533427,-20.704304,66.677353
2.889936,30.264242,73.591827
16.202843,-16.122616,23.550953
0.872246,-19.212379,14.807445
18.694414,-37.898064,56.951546
19.312143,-29.170902,39.263126
17.116215,-22.989071,31.695105
18.526438,-34.417889,65.725014
-7.701699,-6.350154,68.199303
-25.844250,44.323662,70.536415
30.149574,2.882033,32.385426
-6.511705,17.397915,58.049934
2.885862,0.903543,2.443835
24.919767,14.486197,27.517258
-8.668995,27.748323,19.177416
-3.861894,15.798787,11.823019
-28.805161,43.912899,72.507790
-28.031412,44.071720,70.009850
-17.780754,44.215397,67.876282
17.891352,-38.141491,61.565895
17.367678,29.347982,66.270844
19.895672,28.378172,65.950012
-12.222434,-21.329710,20.291512
27.260700,30.316895,66.531998
9.345875,38.143322,70.418259
-5.827673,31.181890,50.489025
-2.343411,-34.549095,38.925297
22.307947,15.566839,25.450594
-10.154961,-34.124409,46.978313
26.626863,-29.439108,43.882736
-12.077530,12.215189,31.075840
29.461851,-28.314014,68.706711
44.031921,0.332654,56.946548
-39.407860,41.262005,72.613983
21.811796,12.291513,23.626575
-1.985892,15.736844,64.409531
32.674580,-22.410950,47.635994
-14.245539,-26.511122,28.397842
21.659039,30.275400,62.628803
39.209034,8.091886,56.963676
40.542885,-9.820439,63.647068
-41.544998,40.036209,73.393127
22.613199,-15.802585,26.823624
40.945038,8.921113,55.186932
-7.923331,15.531346,71.108147
21.894396,-17.838331,26.120750
19.503935,34.221245,65.198929
-51.491402,-8.411242,61.495667
47.817768,3.369076,58.663681
-45.708771,36.922878,72.729553
28.798536,20.462488,55.935028
11.850885,-40.587898,69.980835
-12.859733,-27.896685,55.953827
-12.920662,-28.598360,51.004539
9.093865,24.988674,25.903090
-39.349895,41.157799,68.017418
-36.215359,42.308735,72.125542
-25.422853,-19.168427,30.103224
-37.805538,40.265770,55.420483
-13.346468,-16.693674,14.608810
-15.895011,-28.395140,32.054096
26.345570,-32.159225,47.787979
10.005354,-44.160236,70.261620
-16.512531,0.615290,34.436180
-33.057632,40.925064,53.675571
-1.519212,-24.890059,70.607635
-0.836881,-23.278402,72.035484
1.015950,19.104855,15.086744
28.554729,-7.294777,29.841528
-3.019685,-26.655207,70.843643
31.327879,3.579610,34.540039
-45.639519,32.983837,45.839336
-9.879677,-12.588667,73.584511
3.957648,-42.068928,68.890945
1.536378,-43.254295,66.555908
-19.179880,44.621029,70.008415
-1.494361,21.569330,13.599138
-9.083672,43.300571,72.394005
-25.860826,43.339073,64.433029
-18.989428,0.849796,28.009613
-20.693029,0.604298,26.214212
-11.366436,-1.693472,67.272888
16.512321,-40.327415,61.311314
-22.842665,42.273724,57.995392
25.786676,3.632612,21.956598
-5.139200,24.293671,52.200367
8.698618,-31.316515,39.003353
-3.308047,27.616299,52.667583
43.425079,3.888295,51.445065
-6.192348,-12.920000,71.223549
-14.215118,6.664429,30.983580
31.254122,-16.822128,47.884861
-14.328679,-26.440760,56.100639
48.824417,-1.477431,67.408394
27.744032,-18.011431,39.355873
-12.998358,8.811115,19.773815
29.568460,5.257209,31.566513
-13.639959,14.623836,38.291801
25.037474,7.399631,22.550146
2.682951,19.833500,11.465334
13.394054,-32.562679,38.527916
-18.412533,3.230793,25.383493
-8.561005,19.349022,43.585087
-3.433487,18.377193,13.467353
16.640057,-35.563030,46.382080
-14.656824,8.454512,18.004856
-11.691177,-30.864519,50.738194
-2.912081,34.808472,44.692661
11.274296,-33.366272,39.874802
-10.669702,-16.289175,63.427036
-1.762040,20.316492,15.127039
7.629495,9.705467,5.450520
-4.439146,-25.127058,22.186529
32.855064,-20.571436,48.982208
20.934757,20.978191,30.514494
0.397070,21.244555,14.772734
1.977473,27.018391,73.505951
23.602261,-32.319447,51.551174
4.997628,29.698254,42.595795
2.919335,-27.853781,23.072845
-13.325508,-34.913780,49.841423
-11.802867,5.066824,16.513697
-9.926891,-18.929077,20.292320
5.360977,33.170998,72.117882
-11.112723,26.301065,18.216604
10.527822,-33.800617,66.958542
37.293396,3.246744,42.576267
12.398736,16.778606,15.578032
1.225725,24.110390,33.367630
-14.493511,44.210194,71.732521
-13.652520,-21.189417,62.544090
-6.298631,22.558649,26.000343
-9.218423,11.053063,19.390757
-8.177474,21.184952,24.794989
-10.325706,12.674151,25.555386
9.948674,-31.328146,36.846348
33.010574,-28.480185,55.489117
-26.650007,29.282307,24.812651
-6.136742,-24.107956,25.263039
13.073309,-41.792564,67.103790
-17.527786,44.348186,71.897781
-11.239108,18.632025,42.833679
-12.066035,-20.290995,60.473839
2.932559,21.668787,20.569448
-20.488165,-12.574076,26.755116
6.202075,31.438171,60.857361
4.493998,-39.182987,60.405312
-11.058340,-10.809896,74.009094
22.058002,28.285727,60.911354
16.804430,-37.341927,54.941303
3.414399,25.073658,19.411682
41.073433,12.446996,73.821960
9.910588,37.768345,73.855980
44.574093,16.726622,67.652122
2.886980,-37.525715,70.568924
31.583733,-29.519854,62.896011
-17.308363,3.817324,27.506126
1.882050,21.420141,23.076954
38.312553,4.487008,49.629509
4.736497,22.537546,23.211687
-14.116763,9.629645,15.496461
22.753471,32.884094,70.891937
8.695744,-14.497469,14.199868
0.564258,22.197416,25.539679
12.318113,-30.895229,40.742840
0.476513,27.523094,53.904896
-12.697336,15.523269,43.114395
31.570465,-27.002848,55.322021
-18.449453,44.722244,74.302261
23.435442,-34.424305,49.879093
33.262615,-27.069851,52.964043
25.585447,-33.032272,50.081642
-9.130490,-33.080685,54.045647
-15.714696,44.497833,74.312477
-9.099516,16.435223,41.983471
-13.174789,44.050068,74.061897
-16.255276,-21.128187,62.464115
4.592240,20.791922,18.495935
-1.526069,-29.687334,70.370819
4.456510,-17.033993,11.098334
5.161994,-28.416794,27.225605
0.986544,-4.677325,3.732330
-2.836386,24.217573,30.864197
11.740335,-45.186089,73.858719
27.870317,-12.176469,34.800961
-5.551421,-13.967430,13.380434
-19.693949,2.279090,30.812201
-9.631422,28.584442,27.194775
-21.324148,-17.183674,25.505104
-2.845176,23.391691,49.145657
2.230047,32.351372,74.019844
-9.987770,38.900013,53.928684
-9.197418,31.374792,32.600506
14.427802,-37.400654,73.123894
27.611252,23.717657,56.112907
34.129753,-12.618597,39.009094
22.565250,2.150270,20.529457
34.332165,-13.321713,33.852215
26.825335,-12.083477,32.495358
-8.829017,-26.583683,63.784603
-13.662768,-7.070330,59.390377
-8.365993,30.109484,34.366814
-1.710015,22.815067,33.526253
34.126640,21.819424,55.105381
17.948067,25.828491,58.558949
25.036190,28.230032,67.819870
-18.039503,-4.348539,38.237560
22.341265,-34.398922,59.580570
36.165920,-2.048863,44.160137
0.658933,-6.809978,3.305034
-7.091454,9.360031,73.476631
-2.814801,20.779980,47.368164
-15.419580,-34.003277,49.568871
24.348545,-28.260878,46.680874
12.311856,27.005436,44.605419
-0.353185,-39.546623,64.394081
-12.578827,-30.471308,33.439880
24.244184,30.744593,62.658855
14.823573,-41.155067,64.320221
-17.532598,4.482752,58.495728
-14.790064,-2.094711,70.311523
-3.586955,-33.584324,33.715912
24.333450,4.347989,19.374268
-15.641513,12.618871,42.264851
37.844059,1.846009,51.518208
4.430883,21.461285,12.845810
27.207767,16.186110,45.301105
14.641089,29.062103,44.844154
-12.401210,13.225101,55.968754
11.102727,30.407127,43.593727
23.767080,-29.939140,44.137119
-13.731628,-37.758286,49.251209
32.437656,22.691114,65.625748
0.492000,-36.596611,50.301453
-3.309420,21.538189,58.697865
-5.175979,15.066765,56.213512
-12.453097,1.679644,7.292329
2.847812,32.083847,55.990189
19.949635,-33.118515,55.253033
-8.779355,26.586325,26.039062
45.948421,3.977764,55.892216
5.883224,-34.150524,62.338566
-6.674978,-7.937830,71.437523
-52.751450,4.371169,62.034142
3.647750,-35.706985,38.839706
11.968607,34.995712,69.489418
3.508002,-3.355923,4.865994
-2.134946,15.459489,72.288391
15.856536,-32.980804,47.734409
-53.085987,7.694923,62.408478
4.913201,-26.297361,28.770880
9.055836,25.720016,73.394341
43.621323,2.911128,54.293659
33.896988,-9.545998,36.113258
7.391850,-39.436440,49.617622
-20.224453,2.171406,24.757786
17.430607,-12.624110,14.832011
27.319176,-35.548271,67.523010
47.511879,0.718975,70.934090
-17.105246,-6.322557,13.666390
-19.974411,1.908004,44.862423
25.145594,-0.052124,25.546288
-11.882488,8.838361,46.013531
33.843899,-21.786076,59.623329
14.760932,26.669592,59.770641
26.071053,31.775461,71.340775
-14.821542,2.928638,58.288986
-0.215150,-26.185232,69.374748
1.394786,-36.833237,61.367455
29.184460,19.186960,41.744522
20.600004,-33.018196,65.239937
26.677071,19.717220,38.990013
-22.077248,-24.957129,36.945415
25.852915,18.227167,45.923878
43.425415,-5.851546,50.645184
19.241234,26.320663,47.152241
2.071848,32.341732,63.030861
-20.389463,-23.688141,48.897270
34.409817,9.886544,36.276134
9.985660,-27.349377,32.985291
-7.230241,-29.216326,29.699780
-17.890579,7.865416,31.369925
-12.288659,-12.751311,12.939926
-18.474756,-17.385406,38.389942
-50.715717,-6.407331,56.063351
-20.010303,-4.579545,42.553638
23.488625,2.126113,23.235155
-12.041265,-6.528116,67.531960
12.469367,21.586042,31.580170
-9.810380,-33.097527,36.933609
6.168635,-40.574299,53.574677
-6.382548,29.965389,24.770983
-7.751873,30.111401,23.187222
-5.752001,35.889729,47.720676
33.190544,-20.750183,55.199806
-15.941181,-22.212954,34.615505
33.248104,-18.993158,42.542465
4.865248,-37.984615,51.665749
-9.845237,15.641897,11.692058
5.329270,-27.154917,72.672943
33.495235,4.997396,34.522400
22.657072,-29.604200,42.061691
-14.488910,7.435997,38.824451
2.869797,-36.563435,48.784225
20.288445,24.788784,38.384933
-2.687456,19.669283,73.191353
-19.165434,5.828558,36.989914
29.572460,-12.483270,26.728027
-19.968073,-17.742287,23.906031
27.292833,-14.680320,35.784966
40.790970,1.706332,42.597313
-5.258594,-24.535341,66.144981
28.054226,-26.318232,50.817467
12.174733,-24.128157,30.521654
4.020852,19.318129,14.819180
31.148180,-13.669046,33.493526
-50.539646,-12.791889,60.347141
-19.006430,3.380140,43.756954
-4.486947,27.422731,26.369219
29.977785,-21.938719,46.235966
10.755013,-38.225643,58.631710
-20.185936,-1.515038,50.644054
34.274097,-17.806259,45.243546
-52.769741,4.948979,70.399704
-17.464008,-13.252348,61.164532
-13.793180,6.620928,25.240671
43.115597,7.124394,64.377907
-12.204439,-30.654127,47.443947
31.670002,25.489651,62.735554
-4.338881,33.542000,54.773510
-7.541935,-20.006701,69.181007
12.151885,-34.182106,73.336487
-28.704842,-6.843969,25.777714
-1.627523,22.635656,39.870293
-26.430206,-16.747688,29.468943
-17.267401,-14.021024,64.732460
45.351151,2.944000,62.864326
15.109147,-17.987396,16.791487
30.448191,-5.525840,34.733528
-17.021210,-0.037005,40.298630
45.940029,-7.437110,63.261909
-1.844617,-36.121487,45.917992
33.961601,-2.958258,29.492609
44.906181,4.823192,59.735775
5.087682,-36.193497,49.913048
1.330243,-38.641663,45.890007
1.949538,26.383162,64.180923
15.152626,34.837254,63.324184
15.109325,-14.963104,13.919475
-3.471157,30.395504,42.041096
38.042316,-28.408615,71.096680
-29.858063,-22.646925,37.059155
35.341797,-0.965546,45.637196
2.596385,31.805687,44.144997
-8.095554,11.905014,66.448334
-1.701558,18.949102,63.132530
-8.670210,14.155661,53.421566
-4.469153,19.792934,28.247849
-21.360519,-1.993826,43.430885
-18.684402,-34.198406,49.688530
41.630238,14.534225,62.743900
31.296926,23.811953,70.243355
-19.606768,-4.134024,55.165436
18.257740,-29.568777,43.065205
24.820553,25.196949,63.878757
31.169315,-31.952196,59.371273
45.230175,-14.373491,65.096535
-10.824869,7.712947,62.741310
30.312771,-26.145113,49.480465
7.023949,21.272757,73.248077
-9.826461,-4.319002,5.815088
24.729872,21.967922,45.792728
-18.150707,-6.471085,34.419071
-18.836971,-3.556295,60.564560
-10.857847,32.183193,31.244740
36.384216,-22.519533,48.412220
-18.050341,-9.809895,46.866077
25.240921,-15.451727,30.885420
-1.304038,22.054035,31.014801
-8.694062,5.921456,8.108317
-18.900787,-23.564144,52.796734
37.456856,-11.774958,47.619297
5.380411,22.879150,63.084244
-20.971945,-3.160801,38.256252
33.440849,10.293168,45.461521
14.072206,30.454168,57.815006
24.978739,28.024618,62.717976
23.911478,-30.609999,55.578232
-14.375692,9.593293,22.778145
-20.900454,1.943960,38.689629
0.532800,-36.309948,40.182663
5.090433,-42.118626,55.470703
40.154663,-14.833441,73.450989
25.934324,12.520785,24.636749
-22.285999,4.109331,14.604031
-18.788788,-6.822427,50.167049
32.609612,-27.875051,49.391228
-1.934912,-42.112808,55.045341
-20.005705,2.313613,50.398823
-19.527796,5.075679,47.107578
-7.928545,20.833782,17.360413
21.302481,14.649686,20.114056
-25.494240,-5.787527,25.434568
46.386204,-1.376245,66.963150
-4.222426,-41.234398,56.539261
-53.046413,1.004546,64.968750
25.007568,25.359339,52.541481
21.317698,-7.712549,20.612116
-19.810333,-16.485924,36.331142
-51.004528,-15.255712,67.933098
-16.250740,-19.654842,58.778343
23.147038,24.608471,59.709007
-14.040697,4.529236,25.789743
17.210047,27.893888,71.622238
-23.057203,-22.499624,39.708099
-18.648743,7.319319,45.261272
-14.979771,-8.425550,11.315244
11.107447,30.551558,65.225746
-23.457754,-22.297567,31.570055
-21.277985,-21.582909,29.153919
-7.505013,-11.385391,69.694679
17.018297,-30.562782,36.990208
4.823636,23.539873,36.661640
-13.732369,-27.184401,60.408001
25.876450,-8.655191,20.389025
2.235477,-39.292645,57.478798
1.338176,33.073425,59.578480
35.979435,18.168430,59.246819
-7.556216,18.223717,36.579899
36.446915,-21.790634,69.321350
16.202127,23.563852,43.710346
-2.555850,-27.028769,28.160007
26.928415,-1.807462,20.505680
-0.065613,-28.205299,26.531034
10.994461,22.490591,27.069151
6.005913,-37.519234,41.969101
34.422241,16.268478,55.813717
31.361805,18.381287,48.154613
-16.065237,-19.094894,53.778278
-9.415938,28.237011,23.965965
-24.239714,-15.679035,34.296597
-15.341720,-14.734661,15.692823
-0.172451,-35.787579,47.973248
-14.527059,-2.014288,55.461864
8.072840,-36.464314,40.111889
-14.238181,4.270177,52.821918
-20.861694,-4.481550,35.257843
11.958661,24.798618,33.517036
-18.205238,-32.809265,48.149654
-17.518768,0.862175,62.240406
9.616776,-21.110708,16.993622
36.822392,15.871726,72.796074
-17.215302,-8.954565,55.368023
-11.881732,-5.620387,73.911201
7.817929,-38.870041,68.191010
31.640646,-28.338026,60.692211
15.640098,25.395542,57.878407
46.717251,3.533694,65.646698
9.146760,22.141302,73.803154
-4.564330,17.792887,49.012905
0.374298,37.149117,57.433331
-11.850775,33.130653,33.069439
-7.139012,18.731085,48.530987
38.617596,-9.471666,55.001083
27.980640,0.500047,21.523148
-10.725654,15.977358,54.144547
-16.766300,10.818224,34.455730
18.059359,-36.444538,59.695187
39.080013,15.310792,71.161324
46.474636,8.945973,58.333199
4.009034,32.266212,68.188766
39.419586,-11.191421,57.434250
-9.256796,19.137537,48.738682
24.301113,-12.665795,20.456957
16.655603,25.543463,54.974529
29.905817,29.186329,73.986908
15.518142,-28.426046,39.131840
34.559082,15.218880,46.001930
14.031022,-37.916546,55.302299
24.540716,20.583456,34.594650
26.911676,10.745118,24.416958
11.769807,-11.550388,9.466969
18.019749,31.393778,60.028645
12.416126,-0.002849,6.019401
-18.108145,-18.533819,35.175846
-1.873895,-32.416157,32.020325
-49.795616,-18.367355,69.441994
25.044218,-31.192425,59.035820
21.553064,20.407848,36.752445
0.971483,29.084433,35.261627
-12.232482,-33.820370,44.827053
40.266537,-7.336688,57.338444
-21.383846,-8.939545,51.318871
-18.799595,-13.051258,17.635897
20.835672,-37.438438,74.118744
-12.932175,2.346199,71.479317
28.025734,-21.004293,37.538010
28.350079,-28.599331,49.290371
41.184849,11.364985,50.907001
-13.601597,15.582299,35.150764
-4.317292,-36.196056,40.688309
17.675888,-33.406002,46.232128
-1.113895,18.797558,11.190607
9.380372,25.802183,67.941833
-1.259358,33.549942,43.242832
-7.548106,22.199421,48.870689
42.515106,-6.831030,55.426525
41.889309,-8.282254,73.918221
-7.255310,-34.377926,46.196037
-22.277477,-4.243336,39.469986
-6.896858,-4.329070,6.749063
15.177753,-4.899392,8.909190
41.202370,-18.752277,73.442383
28.461529,23.341585,62.207722
31.058817,-8.602346,28.248026
-18.478212,-7.693223,42.601784
30.361963,-10.558293,31.497274
42.385098,5.820546,67.232277
-1.836627,-46.054485,65.607918
-22.313795,-13.189430,38.288261
-20.018652,-6.609922,44.273949
30.545813,15.564738,47.112656
17.471558,-0.710565,15.027950
42.202854,-7.042067,65.169502
-1.358175,-13.897605,7.925507
30.200399,-9.199306,34.977570
23.057426,-33.213997,70.333977
18.452581,15.372265,17.514425
27.354378,22.860907,73.691360
2.318855,-33.493275,61.942886
35.139580,-20.166759,45.293816
30.191286,-25.778742,44.105183
-0.235677,-33.513012,71.424538
-14.065880,-26.368687,52.049923
34.852421,0.744174,40.382011
-14.172895,9.800403,56.178810
39.540417,-17.095741,72.823296
-3.254311,18.034353,57.285519
22.049622,12.065180,27.926258
33.887077,-17.375097,51.278000
-5.313200,21.474979,36.786880
-11.509666,-3.502428,8.124366
-20.453705,-5.086411,52.388870
39.473518,-16.340771,53.028996
40.290104,11.094790,67.164871
13.929671,-16.929590,21.409281
24.983480,-33.225281,60.130169
41.817734,-7.777036,68.412453
16.047365,0.822430,13.577055
14.720963,-32.673271,71.427933
-14.371537,-12.682712,21.108524
16.124058,15.990736,19.623960
-3.003865,20.063713,23.851973
0.800664,22.880178,58.563778
-18.401093,-21.235676,32.890320
-7.033649,18.247627,60.604614
-5.654488,20.568016,39.824558
-3.495692,27.188814,55.302383
-5.589037,27.096422,54.551899
-16.940577,5.848499,55.852631
-10.640512,-28.275389,57.482124
12.209865,-33.212742,43.588985
30.477226,-20.794699,50.877903
7.794729,24.205769,40.671333
-3.651469,-28.242466,29.957281
34.760731,13.696509,42.810852
-8.557171,-3.568069,73.364182
-3.887859,40.997868,65.328888
6.969388,-35.314079,50.184124
21.747540,-35.692326,61.448063
22.780075,19.873581,44.374340
-15.815211,-28.002409,36.350849
-25.582636,-11.280778,25.113205
-11.955707,7.171342,65.634888
-6.277268,24.266466,44.952099
-14.923774,-16.658466,15.790196
-8.507309,-18.835218,13.039918
6.520118,23.106848,32.167358
46.388313,-1.787035,55.615936
-15.832206,32.466961,26.871155
-14.657279,8.067843,50.401230
19.074295,-23.073809,26.361094
-5.221030,38.257713,56.979137
38.849232,4.211730,38.755192
9.820287,-38.279594,56.116650
15.428199,18.792477,18.264677
18.575884,-35.428352,55.775787
-18.052538,-0.030434,56.204506
-19.337206,-18.339970,28.043371
32.199116,11.719588,46.215508
-10.612512,-29.330645,37.261627
-18.841877,-9.111362,32.318226
-13.258187,-14.709970,20.841715
-11.602573,-23.433502,60.201824
34.240578,12.407000,39.050735
-21.568626,-17.694771,29.466871
0.124326,33.571804,70.380928
45.398006,11.404684,69.477837
-17.607393,-13.669457,22.836117
0.975212,-31.724630,72.318016
-7.598468,19.792561,57.095547
-15.134786,7.958222,61.622574
13.948090,16.951200,13.757846
-17.872192,-8.781221,20.887800
38.249050,-23.788990,73.570183
-12.786659,-40.263306,51.795567
9.530910,34.315430,60.935009
-20.478912,-2.512711,53.104954
34.921982,-22.278397,54.043179
-9.682652,-32.553791,51.438725
14.781214,-17.196945,19.107365
31.739124,14.725473,48.747643
32.599777,17.914669,59.233768
27.491589,24.647223,53.030621
-1.822320,29.796576,64.886681
41.731449,-3.322001,44.304382
42.034157,-4.361100,69.049232
39.418633,-17.663387,58.188713
31.124418,-10.618176,38.250229
25.438915,26.050175,62.006302
7.254049,26.324303,25.342180
-6.201291,23.810432,42.310619
38.170467,-18.093775,71.223846
0.739214,21.612230,18.101034
39.411289,19.485764,70.120995
-19.126236,-32.191353,42.785694
23.093073,16.323843,32.968136
34.487251,20.303720,70.568802
14.277600,-3.026446,7.735889
-21.725113,-22.537579,41.503677
33.118477,-30.564373,59.277931
-3.975380,-22.901806,17.715757
32.250401,27.855907,65.655052
37.045055,-21.992451,60.064869
13.651922,-10.600737,14.281839
16.546854,28.795063,52.223232
-12.567924,13.925323,25.575596
-5.234016,-27.268841,64.574028
31.182077,14.699189,43.715759
-12.296346,0.769620,69.289909
25.436487,27.224417,65.428352
40.458935,-9.270285,47.754272
1.849000,-40.699856,69.451073
-2.096375,37.726910,73.733536
5.086512,28.004194,55.328037
-53.025806,1.816571,67.467964
0.215347,22.729002,35.464588
27.750486,15.048768,39.263275
3.282133,19.174685,71.385445
-14.160012,-29.221643,40.638817
-0.754885,21.572773,49.046421
38.293125,14.627409,73.886589
15.246492,-1.292590,12.898724
6.366646,-28.339991,24.416573
18.543999,-20.109835,21.240831
0.363169,20.479403,12.317819
14.348910,-35.557133,69.068314
-7.692219,17.052805,49.969643
-8.727342,9.766219,8.458091
-21.150536,-7.049673,26.232468
2.354025,23.685768,62.552189
-17.543200,-12.207500,58.680656
-21.753622,-1.517316,27.525232
-12.876719,-0.674825,72.204445
-5.562829,15.966502,64.748207
30.219366,20.371542,59.977917
33.768482,24.850811,71.057220
-9.131627,10.643673,54.135403
32.140137,-23.766378,49.844173
-16.286818,9.458021,57.768784
2.411604,30.779497,40.717922
4.828848,-43.366955,70.955597
-7.369452,18.250319,68.507492
-13.550898,1.545505,53.482513
-15.400624,4.855681,59.927643
-8.289854,-3.401906,8.624299
46.587646,-14.168647,72.708351
-7.356279,15.853662,59.167099
45.812935,6.731712,63.714626
31.528360,21.999699,51.854271
-1.520980,22.892508,57.301636
14.208167,23.234388,42.253269
16.510729,20.082638,26.868753
-16.073706,-21.183655,55.208958
-19.163050,-26.995880,48.480736
39.853527,3.806366,41.211926
8.401893,-35.890083,54.297600
-20.031952,2.702238,47.154919
-4.340655,-22.756189,22.309311
-14.520048,20.511820,14.035796
-4.600045,9.779880,70.558502
13.803773,24.970327,28.826000
32.372814,19.671139,67.887199
4.252274,-41.849556,63.066437
-19.872776,-12.092223,37.893700
-14.196002,11.501367,24.341572
-0.355591,22.701082,42.509136
29.946838,-10.910757,36.381435
4.932553,-35.245220,59.072483
-20.642262,-9.827362,45.858101
-20.624092,-0.660127,52.388573
-19.162605,-7.891775,25.084322
-19.345514,-29.207319,39.402225
0.318197,14.145020,73.615814
-3.555852,16.963144,66.131409
-7.200925,41.948071,65.337044
34.381760,-24.509813,47.306381
-11.399600,14.121333,21.564936
-53.014889,18.463491,56.886326
-21.597225,-0.895238,40.808285
-23.620255,-13.039286,23.400587
36.126163,-18.106920,61.877380
-0.332592,24.666824,61.001476
-2.311521,30.231567,53.009571
-8.002513,-26.962891,30.116798
43.524929,15.914625,61.279739
38.754967,-16.259569,43.498978
-11.164710,-15.237348,70.049614
-4.127113,-33.995052,42.074097
-4.993769,37.979534,54.884872
34.474171,-28.179968,68.340225
-12.425858,-28.192560,29.893162
-8.780403,-16.211470,71.988922
22.994452,-34.310913,66.083519
18.812393,-22.491873,33.984982
37.087463,-4.560965,40.077442
3.432587,31.226112,38.627308
29.299141,-35.798134,71.954002
18.045742,24.738144,35.509361
-5.551495,34.173176,52.576649
-20.784382,-19.442577,40.017365
41.926327,-13.712930,48.166943
-0.398188,-27.085857,22.225100
2.505393,23.381548,67.705864
3.804178,37.685085,73.504883
11.592827,-34.310455,69.644226
-8.719937,4.512800,65.605347
0.600086,-36.445858,69.020035
-5.398927,18.902243,56.457214
3.476238,-32.315086,65.330200
-9.706553,14.701145,66.113159
-0.873216,28.336962,51.684132
-18.384085,3.242737,18.480371
3.331785,14.859092,7.219211
-9.744779,-29.854691,33.001129
14.102427,-20.105583,19.171221
-21.126490,1.381300,40.937550
-17.261045,4.996598,20.496599
15.798182,-38.934612,57.703053
-52.159748,19.520508,54.287140
16.066069,-34.078281,44.609047
-2.988021,27.485031,30.732573
14.225593,-27.480419,37.674076
-11.437386,-11.764828,16.783878
-11.040581,-16.042898,15.210252
35.127251,17.839903,66.302742
-48.520897,-22.175434,72.415611
-12.028418,-14.457508,61.889606
-0.450912,24.943499,48.268814
0.018123,-33.348980,73.809532
2.793483,-11.230125,9.401688
1.331785,35.263962,63.443520
-13.184992,8.448510,30.047911
-9.396378,15.770304,36.260551
-13.930887,-20.054808,59.033745
-13.344565,-13.539161,63.930443
-8.044234,-25.303995,73.748390
27.455715,30.951494,68.610901
26.598820,-29.791166,56.799355
-10.524286,20.365017,47.296280
20.776360,-16.837616,19.349211
-4.965222,26.356733,56.992748
44.013145,-18.036289,65.188438
11.981719,-9.144641,11.687368
38.243465,-21.054995,72.007736
9.242053,25.437376,39.372574
-16.846544,-21.978498,59.892563
-3.206096,39.799873,70.323250
-10.337385,27.364431,21.136122
24.453331,5.212889,22.967476
-11.349444,-16.448517,61.377605
40.513817,-23.262699,70.514694
-49.494926,-19.840998,65.272354
2.244944,28.989496,52.208996
-52.360744,-0.413782,71.587906
46.549480,12.001895,64.505989
26.983171,-31.468239,60.054783
39.140141,-13.175255,41.946152
-11.678655,10.473778,66.906113
40.800541,-21.491293,68.593872
-6.651863,-39.184032,58.400169
44.799370,-10.698828,69.905663
47.238487,-4.386205,59.357059
22.489580,-35.948833,68.080101
-5.806128,17.804058,21.722519
-12.423857,-14.249003,59.769638
-10.771386,-12.560718,62.870003
-16.193707,-17.480253,58.731308
-47.383507,-24.824106,74.047203
-52.466442,16.031933,56.579559
-11.735985,8.454133,14.441417
37.327614,0.649130,36.388245
-7.569808,-15.004764,14.902182
-15.209041,-3.791264,59.102577
-14.673516,-12.921976,62.031387
3.581220,25.798483,39.302525
-51.479782,-9.515662,70.185738
5.286919,24.200262,38.893387
-19.417021,2.687535,54.046337
-3.082418,-12.411488,6.852059
45.489769,0.948145,53.331429
-8.771734,-37.822052,55.736942
-10.221770,-1.888938,10.134977
17.670971,26.257908,61.320595
5.853774,-18.892132,12.449052
-51.049747,-10.707961,59.155975
-7.340471,18.547586,17.188797
4.355581,-37.471077,56.845318
-2.449054,-35.973297,49.721394
-11.601573,-29.857576,52.896309
32.762028,-5.226092,32.789192
-15.097698,-6.473294,63.245697
27.532099,-3.917958,20.900524
-5.591464,-16.050871,12.118574
43.759499,3.199878,56.748943
20.644053,-36.812374,69.206047
-51.553513,-10.215059,63.809925
-17.893942,1.682154,55.039227
18.167749,22.069586,45.524475
-16.714624,-28.351364,47.893322
5.977056,38.673119,69.246117
1.973386,-39.727100,50.765282
-18.026106,1.450205,46.387428
15.432799,-41.401871,62.502060
45.270805,11.688050,61.309406
44.765266,-10.718296,59.661739
-2.389064,-9.625823,5.959814
-21.968431,-17.380768,38.684669
-11.054627,14.048101,62.085709
38.469017,20.860703,60.677197
26.385410,-37.244549,69.498711
-2.362909,22.165421,36.963322
-50.852016,-12.427672,70.798462
-5.442848,28.453531,47.360062
36.021149,21.709070,57.872612
12.737423,-43.210419,70.832397
2.638580,-16.780325,12.770180
3.771678,23.623962,40.641476
-23.950804,-20.065388,36.546429
22.016371,-10.563548,17.679111
-6.326836,27.735281,49.619717
28.289625,-26.478853,48.607128
39.838051,-17.441706,61.143204
-3.937495,-5.871165,4.041117
43.724079,16.099379,72.488258
12.303164,-26.706587,33.789906
-6.096955,29.838184,48.849861
-6.774567,26.093822,46.935760
-24.182133,-14.558563,31.581945
42.351097,-15.042593,69.724747
-7.656993,-31.881861,57.371960
0.202859,-26.605133,28.761377
20.541718,24.692509,45.567318
26.805922,17.360933,33.939262
35.738850,-5.422597,43.048874
42.309277,12.311584,70.316589
-51.583897,-11.668625,66.005852
-16.930599,-3.765453,65.705116
7.862363,21.233978,21.061941
-15.834777,-12.578372,24.139200
14.315850,22.627337,33.634792
-2.504292,23.265072,60.511875
-50.052589,-10.235903,55.651791
22.238146,-27.028866,36.145668
6.245235,29.512466,70.823891
31.279463,16.210186,40.428059
-6.158096,-0.029778,74.097977
8.128050,-26.607906,32.008186
29.483673,14.205972,31.925951
-14.314037,10.473033,11.483437
-9.640355,-12.223712,15.462213
21.804342,12.299663,18.901630
1.576217,28.751532,67.838905
30.231085,28.877787,65.642876
-20.958862,-0.714364,47.311497
-49.550282,33.192596,63.821728
2.593575,-32.330784,36.629749
36.724934,3.759914,39.335751
36.079956,-19.584084,52.598713
-12.347209,16.965265,37.249035
23.298216,22.147738,41.590244
-19.389603,-20.918543,41.291924
21.491816,-23.029890,36.984783
-19.025328,-15.107492,43.441982
35.473419,-26.821358,73.462494
-15.821589,-36.197960,52.595192
3.107583,-20.290236,19.194357
-15.368872,-16.714136,64.030502
24.401102,21.050671,37.231949
18.638260,34.902058,68.911110
-16.010765,-22.898329,36.838161
7.504852,22.234972,28.590157
35.638054,-10.839933,49.544159
15.044017,-42.635750,67.546593
-20.170195,-21.512987,52.326374
-17.306110,2.259001,50.999729
40.420238,6.629597,44.794746
-16.038643,0.592730,58.069256
-5.326071,-16.377483,73.352341
-4.978651,31.735613,42.492207
-10.922851,-33.705967,42.565151
3.987098,24.778566,64.877899
37.232594,3.525090,35.843468
-11.559773,-28.151512,35.050095
-14.291072,-42.304192,56.572842
-10.302006,5.659725,63.046158
45.797737,8.532858,70.862831
17.270693,-17.655935,24.263533
29.355667,30.101555,71.210068
-2.168804,24.046165,69.444183
8.824133,-29.471344,31.269014
41.314499,-14.162709,59.389992
44.271912,-13.307051,71.373161
-12.154636,-26.025084,64.959946
-5.553078,-33.506973,55.991009
27.805504,30.591627,72.767899
2.394090,-18.321703,16.399452
5.423448,26.395514,46.473221
-1.842090,-36.023987,40.864559
-3.964585,-21.199316,70.157486
-0.098293,40.788734,67.232964
-11.013967,-3.581804,71.268021
30.457130,16.437286,42.500515
19.741091,1.108878,12.741725
31.795881,-22.341599,41.709564
-7.146572,38.494072,57.974693
36.382233,-1.132998,32.934277
-14.057903,-39.370514,54.689877
11.666948,-29.194212,73.600433
11.018220,-38.431484,45.244358
29.880741,-18.462976,43.244766
-6.483751,15.118744,12.737727
48.196152,-8.632684,73.760712
-16.821712,2.997479,39.207783
22.954884,-33.421291,53.116081
4.143691,-34.151848,70.847321
32.876099,-18.590521,46.810055
-17.544102,-3.610559,30.449259
-14.333528,4.439033,20.821362
3.795340,-36.417213,53.533360
-9.398310,18.936783,26.495052
0.484623,-39.892796,48.483372
9.855514,-35.564003,56.101967
-7.799009,17.537209,12.324322
-21.471699,-4.573068,32.084797
32.050716,23.131979,54.767040
13.591893,-17.856873,14.779176
40.571014,-12.412637,67.670959
-15.093000,3.645480,66.816208
-6.482515,-32.445992,33.166325
36.394226,-19.986715,43.495354
-5.854094,-22.546583,67.323395
-13.046778,-32.972229,41.373119
-4.888109,-34.936661,63.600399
-16.938168,-26.894886,40.451603
9.073640,-38.532913,50.283684
-20.171198,-14.617017,46.017525
-25.007551,-26.826099,41.429573
-12.370494,44.121212,72.068085
11.153565,-29.858990,32.734974
-7.467689,23.196892,55.707565
-16.782000,-19.384161,30.320169
13.501210,22.827778,25.538031
-1.686943,23.763826,14.440965
-21.457354,-7.856902,33.547653
36.246391,22.799953,71.187218
11.303007,-26.364042,24.983854
-16.297575,-28.975494,40.252209
-9.435932,0.160908,66.283615
6.890900,-17.456022,16.504448
-18.915745,-18.542763,55.578926
29.764910,14.532166,41.816479
-20.135250,-13.537260,23.772348
-28.964905,-16.659975,30.934587
-9.127177,-20.621351,64.293823
43.681381,-2.865196,49.492176
3.566833,-9.128681,7.299682
3.399626,-19.662376,14.950830
15.875989,26.925625,41.140099
42.692295,11.236979,53.906441
34.798580,1.685873,42.549713
-2.565142,23.051741,46.842224
0.639636,-22.260059,15.543797
-17.544127,-1.873050,64.581116
6.656443,-23.342154,25.552425
15.276175,-42.368015,70.183586
6.585536,-28.460634,70.862000
-11.408945,-19.740255,70.114609
-6.884122,-25.902300,69.870430
6.435740,22.432093,18.102509
6.783629,28.201483,51.723793
5.370876,-35.756481,73.802811
27.127411,-4.229619,26.664927
-1.134851,-35.053646,69.854904
-10.512639,-17.838673,12.734284
30.603653,-7.980795,33.487057
34.766983,-16.834833,55.908371
0.357781,-44.118622,61.384026
44.773182,-5.376572,68.434319
25.072107,-4.093505,21.895687
10.870714,-34.451694,47.788048
-11.751700,9.882199,64.198280
21.952560,17.926956,25.452774
23.172884,-6.983035,23.963945
41.413151,-3.780578,49.993389
1.833577,26.288555,28.883965
13.300617,25.955757,35.471855
-13.010900,16.491451,49.524929
4.376511,28.635605,53.164806
37.911900,-0.061733,34.279076
-7.584444,-1.714239,68.397095
-25.371773,-7.157694,22.962997
-6.451964,12.897885,68.198929
-10.930779,9.930875,71.575470
-7.697268,1.423839,64.988564
36.100990,21.955444,55.793503
-9.100745,20.109608,19.644587
-22.070221,-27.165440,41.536789
31.772833,20.225782,72.536598
-15.868063,2.267741,56.215595
37.608177,-4.711930,49.512802
22.396168,-25.858057,33.770988
21.505417,-31.931864,47.063835
13.621585,36.204090,65.855118
47.262783,0.706275,58.546741
-51.302361,30.670738,60.561028
16.836786,-37.414387,65.706001
-6.156850,7.665819,5.372492
42.781189,-18.316616,60.680954
-6.996987,35.950787,51.003555
-8.083817,20.450516,26.665876
-1.695226,-34.983181,67.013733
-1.182613,-31.354811,67.648590
-16.858967,-29.049889,45.615063
16.374386,-13.190390,20.218229
-2.675298,-33.201401,68.514633
-5.251847,-29.655600,32.112434
17.670439,31.181528,70.226372
1.545071,-11.509968,6.753805
-11.153737,10.599437,48.695358
35.561882,1.681460,31.602484
34.525986,-14.373501,46.466339
-0.339760,-16.742153,11.298635
-49.568192,-8.940604,53.674805
-48.369987,-10.179704,52.366795
0.906459,23.843756,15.034156
-15.565372,1.727414,43.731335
32.832092,-23.321289,60.824924
-14.681732,-26.694969,39.382763
-47.791901,-12.650041,52.652138
24.693306,-26.416204,36.366257
-14.907273,12.742957,46.981258
-6.881880,3.816300,70.488953
25.404263,-7.409277,24.074892
-2.303347,-29.895729,63.663399
-15.553539,-16.678635,53.593327
-6.726384,20.753048,29.885939
-12.301679,-27.984877,37.079609
-13.806820,-11.414754,67.387787
-44.238811,-17.919020,50.436993
24.150539,11.469098,21.282101
-14.595572,10.121239,34.200550
-52.837009,8.772457,54.672710
-50.793514,-14.957366,65.414230
-19.226686,-23.309471,42.492748
2.308157,30.563131,49.375259
9.102842,-34.133503,46.081898
0.785992,29.925455,53.900772
10.575110,-36.115952,45.985271
5.312776,-30.429556,67.945580
-20.191811,-2.509449,48.554432
37.254417,-9.758249,52.844299
3.488487,-40.322449,58.887199
-18.040518,-21.201624,43.559860
-50.224205,-17.176003,63.728096
20.110260,33.635464,73.803726
-26.575060,-47.062439,73.919067
15.079825,25.689407,66.240395
0.651903,16.962622,11.130296
-16.297400,3.380521,32.721077
-46.251617,-26.986216,73.447166
-29.299637,-45.678566,73.727669
-20.371485,0.825890,17.151814
42.333282,-9.802784,57.725113
17.125603,26.618191,64.250137
-40.067684,-36.904240,72.623291
-18.155136,-3.484235,48.862621
20.586609,4.488617,14.715429
-18.269802,-1.279787,17.141779
16.217333,-22.312340,26.364986
-15.885407,-5.365670,21.602345
43.543522,-7.950830,66.850540
-11.237068,-32.215172,53.251415
12.073235,19.772997,23.732126
-45.455616,-29.742512,69.798630
25.012096,-20.229885,28.103760
-5.013656,22.342062,47.842896
-17.456232,1.674573,15.595904
47.810619,-5.851741,64.018547
-17.474274,-50.690044,74.001991
-4.324751,-33.708447,58.695328
-9.267945,-4.393427,65.150795
-14.369500,-9.952272,60.322815
7.224819,-41.812714,60.145187
46.781769,-5.577185,61.634842
-20.011387,0.022933,14.279704
-34.397064,-42.252739,73.285133
15.517744,25.469065,68.622955
14.619020,-23.835976,25.186378
45.691181,-5.690634,64.569336
-3.284899,-36.924664,58.425049
-4.983556,24.693792,63.289074
-18.652700,0.777355,19.018259
-19.218573,-4.339719,47.224075
-24.318617,-46.267067,67.860199
-32.580429,-43.283562,71.778290
-23.107885,-47.467670,69.975777
-21.732038,-49.261036,73.248421
17.329252,26.821293,66.993011
-17.449644,-49.825172,71.033180
-6.493171,-33.705616,58.041714
13.469840,24.954092,67.657028
17.425652,25.300566,65.711960
20.335100,25.492561,51.629807
-1.461802,-49.140919,71.290985
20.296841,25.550131,55.283443
19.619789,25.796391,66.983299
-23.791758,-48.029911,72.240051
-25.648184,-46.979229,71.982552
-5.912143,-35.921776,59.050282
17.572962,25.431566,68.493507
-9.098299,13.465195,47.219898
-49.691570,26.025650,46.278019
23.813858,26.910816,73.676132
-3.290123,22.346167,32.008904
-3.980441,-49.331234,70.321587
-16.237122,-10.426583,67.046814
-15.832695,-12.730612,67.750679
17.367474,-25.769796,36.535568
-19.248409,-0.839422,58.080330
0.274942,36.632637,60.642384
-18.062178,-29.896389,48.067574
-14.790535,-9.816586,68.768570
19.035299,-26.113857,34.946686
22.418125,26.540621,53.462780
21.149950,28.222439,56.949074
19.310757,24.065838,53.468937
29.173269,26.713915,73.783379
36.950138,10.868632,49.191391
18.439550,24.626562,56.521778
22.788755,29.466869,58.501450
22.313354,23.618332,54.968315
-14.505960,9.705000,48.679485
6.526112,-13.726829,12.805769
-14.171176,7.405418,66.271095
-4.197388,39.205795,63.655106
42.667809,-22.052448,70.153885
15.071014,28.617327,48.133533
18.364834,-15.592586,22.896576
-1.347862,20.550894,60.674961
43.981236,1.893885,67.493011
21.825922,13.126722,26.008684
-9.052094,7.066030,58.184109
-11.336352,6.184450,68.449158
-7.179543,32.390278,45.301647
39.725857,-21.277771,62.310692
-17.651699,1.535249,29.850777
-17.013517,-7.933507,27.909546
-15.462903,-27.624830,53.005066
-19.884275,-49.230160,71.399361
-14.520091,-24.285450,52.899490
29.683281,25.897528,66.030174
19.989502,-5.566127,17.092403
-15.364336,0.289164,48.337849
43.940720,12.781749,63.603352
16.620895,20.694302,33.203167
-9.134944,-33.721905,58.758827
-22.073383,-11.228825,40.048115
-15.927950,28.451050,19.062281
7.631731,-33.669724,39.793400
-7.688052,-47.432663,66.050804
7.981546,20.061121,16.051424
11.759551,30.122419,69.218109
-14.368898,-47.963081,66.304947
-18.075321,-4.498753,27.996256
-16.675144,12.084819,44.507797
40.247681,2.696174,56.850903
-24.446732,3.896307,17.907413
-5.434808,-37.710579,46.969330
40.838142,-6.178720,55.971874
6.434219,21.352045,69.214912
-6.756522,19.719389,66.631935
30.542334,-20.702553,44.137554
-2.342874,-21.574377,15.863023
11.064427,-26.417521,29.678392
-4.523492,-28.145012,69.686783
37.066555,-3.942423,43.803940
12.979802,26.083769,39.401810
-5.271324,-20.383425,74.012924
18.114538,10.446863,13.047247
15.596760,20.217413,20.244093
-18.156235,-1.647723,14.647841
26.958796,-9.266183,29.771301
36.420822,-24.483414,62.609783
-8.783776,-46.039970,62.593124
-3.447522,-32.360424,38.117683
3.801126,-18.956808,11.807171
-12.583157,-11.602157,10.050230
-12.380900,-21.799952,58.687157
-10.062335,-25.257868,65.089989
-18.176651,-29.294092,41.977036
21.371254,20.887096,28.421673
13.952277,18.937908,26.697838
-15.283741,-14.995664,65.751991
-11.862409,-25.744400,60.698849
-5.779450,-5.943839,8.103878
30.752981,-16.020601,39.423557
12.847767,29.298996,66.879486
24.694824,12.863443,22.871943
10.702535,34.057827,67.141457
38.307724,-9.413623,50.677334
29.099064,-4.796027,23.997475
6.461799,30.770908,66.524284
-18.492500,-16.708513,21.905212
21.148518,25.541306,62.951756
34.397530,-6.641186,40.220165
-6.177784,-10.061547,10.250645
21.248758,-25.549395,38.212753
20.329180,-27.675631,35.524960
8.574293,-34.127289,71.526398
2.641836,-26.179649,28.403370
7.378891,30.848425,51.229877
19.516903,-33.549988,69.332993
3.757735,28.196793,40.646763
4.113040,23.904257,43.404655
-19.106256,6.009436,15.287333
-11.514900,-30.982229,57.893269
-6.459623,-38.427975,53.477798
-17.088072,8.999852,28.333822
-9.695844,9.092610,59.225178
3.087720,-25.010448,26.445147
22.581202,-28.694822,38.590614
-6.056206,27.812479,28.214676
24.984547,-14.233189,32.616211
15.094820,12.284880,10.984547
-12.209489,3.298171,60.526081
-18.418608,4.661380,22.910709
36.084656,-12.857964,53.330967
38.941139,16.986908,73.458145
1.351642,-31.572624,69.234253
25.650129,21.720751,53.807423
1.005649,-31.128382,65.913162
-19.986582,2.633935,20.875477
-18.352945,-1.790523,26.692253
44.514439,11.213301,55.761448
-13.330955,-45.717953,61.619007
22.089872,-23.773277,30.299255
23.034822,19.653713,40.702091
37.453056,-18.038046,56.685272
-20.470024,-16.477188,31.433573
11.549029,-10.302547,13.559412
-11.978172,14.675474,59.354630
5.654838,-22.179043,17.162119
7.829945,22.533478,15.888397
32.172127,-21.912649,45.394718
21.034939,-24.063831,28.473173
-18.504908,-0.005768,50.448280
-10.725416,14.068781,33.307102
14.886566,17.281103,23.637537
14.321646,35.823013,73.637550
36.795887,-21.272234,57.956535
-13.108111,3.191268,56.796936
17.045004,-21.674692,22.609308
-16.126762,-4.150559,26.971521
16.025599,16.961863,17.930782
-9.690030,12.050233,71.532600
-53.281136,12.132196,62.581432
-1.397355,-37.629292,55.379738
-19.155338,0.504190,42.643654
32.454823,-21.246815,43.401642
-13.682503,43.760086,67.178001
-13.179606,25.718231,18.077698
-15.233931,-7.642636,14.599598
14.771594,33.395763,70.612854
-11.662201,13.324287,43.965572
-18.078190,-4.391285,26.030815
-11.238333,3.948939,14.764470
-51.976200,3.633998,54.080318
-8.770569,-32.408936,42.823414
-2.782245,-19.542685,73.750053
31.666903,-1.282410,35.562702
20.088371,20.627893,25.588678
31.123098,-0.625623,32.693771
14.865762,1.781364,11.350164
-11.834264,-47.129841,64.434006
36.037754,7.836439,45.730652
-20.990259,-47.545666,68.451996
38.322353,8.026027,44.677517
-17.696756,-42.704773,56.845337
-22.266489,-12.069858,42.194065
45.115513,11.452887,58.504875
34.046383,7.066833,45.201218
36.447906,5.113866,46.594025
29.669594,-19.648550,39.304661
-9.918189,-7.713666,10.048688
40.206627,-18.628443,53.791862
20.084595,-23.905333,30.586346
-16.542585,-13.017636,14.405547
-3.975807,-34.519485,37.112694
19.041374,32.652382,69.342651
-10.269289,-12.664527,67.547333
4.591837,-24.161674,19.839170
-10.281279,-51.426308,72.993973
-15.029898,-19.196688,28.304314
-11.677593,14.839145,17.466774
13.285930,26.205324,69.558571
-51.717731,-4.995200,58.347588
-4.786939,-31.970100,60.819118
-16.665548,-4.967257,29.305529
-13.658101,-50.932571,72.239799
19.300890,26.039715,70.167397
-9.171283,17.240646,22.777512
-15.452650,-23.616556,55.133968
39.093613,6.995792,42.499199
18.951590,-12.039468,23.012077
31.930103,8.343646,40.096191
14.498317,29.564058,53.262363
4.262933,-28.176216,31.183741
47.784744,1.007167,66.756157
-18.119825,-16.792456,47.411285
13.735104,-40.318119,57.050461
20.808174,-35.479187,65.357353
-4.863023,19.016769,58.835297
2.785044,-36.672848,51.271065
-0.798902,28.556210,46.905926
26.421898,19.634651,51.573833
30.704836,28.242580,69.862411
-13.456374,-30.030769,43.729042
-5.718569,-33.202618,62.445087
34.773483,-30.415777,65.997688
-21.326166,-21.366667,35.329834
17.772381,15.723688,26.675539
-18.655483,-3.434416,51.498421
29.483986,-26.688175,61.163567
-1.688053,12.584104,70.529465
39.700825,-16.786388,63.870937
14.473660,22.046824,23.681623
-16.489573,-43.659107,58.412758
-24.398754,-19.320473,32.029068
-22.665768,-17.360943,32.772305
45.715981,9.667132,68.053299
23.200953,-38.500465,66.229347
7.048923,26.516752,37.023258
22.528522,-25.300888,31.679560
34.505642,0.209316,33.034367
-27.516909,-0.230008,21.681383
42.822044,-13.837399,54.338165
34.815670,4.118701,36.575420
-51.728844,-4.687224,62.001785
6.462383,21.831539,25.213778
44.247864,10.147257,70.929962
27.720020,-29.569174,62.407642
4.859081,-15.610219,13.163597
-20.158113,-11.823488,41.647118
-5.543718,-23.582443,70.488144
45.224842,6.920180,66.737350
-10.970860,-5.189230,62.228065
37.405186,-24.314148,65.679993
32.137020,-10.612418,29.557472
20.617355,-36.460274,52.579998
38.433277,-6.424212,47.374683
-52.683704,-3.594850,66.252144
16.482285,26.152084,35.399750
-18.449759,-6.242689,58.804459
-16.480898,0.880391,24.740686
-1.855629,-35.634018,53.888363
-16.961868,-31.157188,42.880531
11.649928,28.700695,52.525421
-13.483962,-10.185296,64.218735
49.368999,1.511989,68.341240
-1.724392,-34.447765,63.669456
-6.371329,15.399380,67.208008
42.884911,10.367033,57.640224
-11.813196,14.179964,52.044151
-9.552971,14.205379,28.967684
14.298102,27.041540,50.999588
13.371611,18.365812,24.708950
-17.544821,4.343535,41.051147
-14.483894,-0.146556,67.039757
23.929785,-2.375109,16.745573
39.164677,18.396832,55.741943
9.529249,-10.963085,7.976964
17.777607,-37.123119,50.961597
-22.234894,-3.830256,29.207581
9.034876,25.173895,54.812866
43.208408,13.091436,65.838745
7.957795,-27.738272,28.508762
20.215542,4.869108,12.754417
10.363710,-35.351128,61.577515
-11.036783,-28.685570,61.129223
9.809466,33.086212,72.028328
-8.302489,21.472076,39.506191
7.599543,24.932222,21.281233
-23.161373,-28.582155,37.675007
-17.571465,3.921810,37.651215
-2.262991,12.850297,65.179237
29.368536,-29.234274,47.306126
20.475336,27.704918,52.605083
-8.198517,-3.044658,66.340927
24.161085,-35.781635,55.260132
1.547886,-38.195538,49.299072
37.930843,-9.480397,39.100739
-0.584861,33.932030,72.347328
-8.279622,21.019186,53.727951
26.365210,26.866117,71.882980
40.778915,18.418545,59.231449
-50.823990,8.646711,51.540100
-0.776153,21.301903,67.420364
10.133469,-41.569378,61.110023
23.444431,-37.757751,62.589386
36.321030,19.174887,52.804749
-15.110378,-17.145672,26.474834
19.893448,-31.634342,52.542641
34.254848,-5.974416,37.287731
0.429669,-32.402218,63.589947
11.274746,35.617752,62.458378
14.520361,-20.259911,22.738037
41.722607,16.341106,73.764694
-16.332294,-7.718609,25.323465
17.180820,-40.149578,59.104126
7.659125,32.853638,64.006851
-21.894690,-21.023859,37.871700
37.282543,-23.249640,53.807697
-14.335901,3.602924,12.864378
-13.632126,-21.591673,66.638306
35.916420,-5.728579,34.496387
-24.018332,-23.967430,32.711967
-15.048465,10.662047,27.452019
36.930389,14.534607,51.110645
43.493816,1.535171,63.857178
-30.028860,-25.228273,40.242466
-8.659319,11.453195,58.944798
40.275265,-5.083483,41.719769
9.363700,-9.998129,11.324921
22.629103,21.530403,48.028263
-17.951244,-21.126734,38.726524
28.944595,27.284918,67.652092
-1.527805,19.639900,22.037945
24.969618,-1.502676,21.823395
-52.230305,1.319845,60.005028
7.486163,-45.466751,72.396484
-28.218603,-30.625237,44.793865
-4.455172,20.740021,43.980942
-11.173597,-27.881073,63.532925
-3.690440,-43.768990,61.858593
-44.461342,38.390652,63.235466
9.626004,-39.597881,65.886513
-3.492214,22.187078,72.294899
7.585114,36.585533,69.227623
-10.217577,29.198318,19.870018
30.943096,-4.155777,25.799706
-18.004692,-19.394447,53.552937
7.019109,24.592396,45.585667
0.599497,-35.803005,54.670387
-2.405620,26.638826,37.674839
-17.664568,8.157463,52.921234
1.732276,35.591042,70.882477
-0.234026,-37.864067,58.032761
-2.422474,31.725765,43.395638
-19.599306,3.146538,16.123899
28.281717,-13.543665,32.689323
20.606022,-36.876961,63.477715
44.581692,-1.754620,60.511917
31.284210,-18.031952,44.861855
16.535475,-37.115219,48.575989
-15.143400,-8.813440,62.397041
40.852253,-2.465935,41.913452
-26.741505,-15.653146,32.306011
25.807907,-33.783047,73.753975
-9.518122,34.394646,45.326538
-12.043821,-35.727524,43.532200
-13.454144,-22.136156,56.543812
40.001923,4.554299,46.553337
0.779871,33.129856,56.459312
-5.737001,19.634569,24.532278
6.802546,-39.467960,65.879608
6.944999,27.889116,44.209812
-16.047943,7.612364,48.361153
20.737951,22.862940,49.907291
39.726017,2.880239,53.838383
-9.900375,8.201567,55.316635
39.415085,3.252039,48.205299
12.485295,7.853138,7.974794
-7.389840,-35.000050,50.927940
-3.273502,25.411825,16.258501
13.246511,-0.255372,9.904917
-20.265774,-6.819374,35.568851
-5.020266,-35.116997,47.460331
23.465139,-8.518540,17.325649
-14.378047,5.606955,16.274920
6.415853,-11.311999,10.839947
15.980302,-10.859689,14.309763
3.115036,-41.064953,53.321903
-49.363178,-20.591473,69.715981
31.501612,-26.960537,72.621155
-15.688535,2.067491,37.694134
38.726913,18.863394,65.392708
46.482906,-2.187795,69.781502
-24.389557,-2.788299,19.342300
-12.345830,-2.656291,63.721283
34.639248,5.752983,38.370731
23.922197,23.297367,53.190796
35.275204,26.331007,71.726280
28.638811,9.433034,30.686302
43.794472,7.033966,68.398193
10.667683,-14.582919,11.856169
23.588367,-0.350697,23.605183
-10.667027,13.692303,10.615211
-24.752026,-34.856133,48.283741
11.613600,-37.019562,43.312317
17.554453,25.236830,73.753540
-7.745266,-34.842178,39.628925
2.480719,-43.636181,62.698124
16.345049,32.868317,72.346222
17.315191,-39.274323,72.839317
12.333117,-39.134758,48.073929
-4.767401,-35.604618,38.725407
45.053730,-6.473658,52.410744
-14.541208,11.385516,44.655506
25.121168,-36.579884,61.109253
-5.179944,15.217130,16.556822
21.021185,25.059317,57.943237
-7.054800,15.598649,20.896418
-18.265965,1.122152,60.150566
-21.793283,-29.905354,39.365582
-12.849255,-8.179920,12.342916
-27.069523,-22.847048,35.979202
-14.764006,4.184991,29.749140
39.790920,22.138712,65.585915
-1.579212,-37.252052,67.399811
28.746834,-8.200700,26.056366
22.404921,29.487999,69.412926
-10.986279,16.939806,17.529013
29.685711,-17.727264,40.879757
-8.519310,9.315781,64.459900
-6.999176,1.622754,5.714518
-22.540979,-10.033161,29.290657
-25.610415,-9.472345,23.539679
-22.335474,-11.881573,48.135647
40.291412,8.817842,60.123890
15.391035,-38.615307,50.233669
3.784313,-35.476269,47.393536
-16.592623,-10.828792,50.831356
-17.696533,-5.976163,32.150379
2.482171,28.392904,55.373611
-17.725422,10.771729,45.734337
-8.613276,5.706230,69.205719
-53.392742,16.752758,61.873333
22.809963,-21.787727,33.607430
-15.385550,-3.237079,51.910507
-3.874655,35.374790,54.095818
-7.632768,22.026125,33.586994
-18.316528,-25.380896,42.930698
26.989582,-9.935283,25.613110
32.922165,22.399914,58.978046
25.631180,18.325367,43.518223
35.067204,-0.772972,42.335510
41.749535,-4.614666,54.366467
-10.936232,-16.286343,66.052116
-10.321955,16.095966,20.844318
-8.250731,11.720813,7.939809
-10.472687,8.399274,68.228775
-5.365218,34.770065,43.850521
-11.523431,-23.192829,22.938128
4.150198,24.273626,52.162277
35.407833,-14.599244,44.007469
24.141445,6.925140,26.744659
7.206744,-5.346685,6.769264
43.650093,14.998710,58.768673
-13.128638,-19.128025,18.156593
-6.264455,-30.570683,34.907639
8.763519,-29.293264,71.698067
39.123726,2.668706,43.108646
-13.542189,-18.648390,70.396072
41.896881,-2.451613,73.526405
13.493240,-34.464027,70.838600
21.094233,-34.101112,43.272572
-2.584002,36.938114,62.054546
26.784756,-1.585517,24.640520
-19.414827,-25.193605,30.990646
16.650957,18.927361,30.125538
-12.856457,14.415929,50.151814
-11.509490,-3.429698,10.131083
31.017351,-2.068985,30.451401
3.909084,-34.437763,44.503990
29.395107,10.736676,28.607727
-3.686019,26.938824,60.251129
-19.570173,-11.503266,22.216116
-13.936756,-37.217705,53.656185
41.793041,-9.829605,70.941315
-15.349939,-11.860995,18.936686
-7.691792,31.610983,41.398933
2.768632,21.666210,18.552923
-15.172802,-29.770531,33.770100
31.962202,-16.981535,41.303013
-21.808434,0.875354,23.093248
-22.873993,-11.374372,21.830986
35.881161,15.105477,47.790936
-4.206123,-18.064196,17.076128
24.200844,1.327399,17.881145
-0.600049,33.481518,49.093697
3.679073,28.700697,71.180901
-4.572752,13.983088,8.316161
-7.905778,9.744472,55.764149
10.459167,-7.994954,10.912583
-0.061623,25.423695,56.241333
7.426961,23.757597,65.212662
-8.845680,16.571074,18.652594
-9.935099,10.817502,51.336643
38.349377,5.712572,45.373367
45.159420,13.569066,58.337254
-2.033847,21.331453,44.892529
47.092915,5.522061,73.850708
24.644476,31.676069,66.818817
-8.442769,20.743305,47.589577
0.822754,21.537657,55.708282
-7.264228,-23.933411,19.452360
19.183849,-31.280373,70.918442
42.866081,15.010210,70.838013
25.458973,22.303179,41.992874
40.179131,0.065853,48.992634
-18.104992,1.878234,23.732809
-10.386173,-22.072432,62.291637
35.932564,-22.177759,50.358261
-16.226864,-32.572887,39.107212
40.090363,-11.453770,55.071281
10.572778,-40.057907,53.823811
-48.931427,-20.447748,73.860611
35.941143,-29.162552,63.527309
-14.363659,0.817631,50.402172
33.140556,27.545570,67.640831
-5.080736,-43.345501,56.362865
13.300256,23.036108,22.113165
-10.839262,-31.730276,39.982864
-7.150205,-38.429882,60.470894
9.152677,27.845634,42.884109
29.690355,18.956228,47.131321
39.660976,-9.184963,58.958038
39.979729,6.836737,58.836918
-20.859575,0.252190,29.698427
-16.707111,-9.603229,11.690557
-21.825289,-1.619065,36.294556
3.132504,23.088596,34.275219
15.632795,-4.735794,13.784210
-0.675620,14.398271,67.041992
11.021648,-37.010139,73.788010
1.188999,25.498238,18.046650
-6.489415,26.992336,25.896540
-11.167118,-8.785619,67.338776
15.277792,-33.814930,53.413593
-0.501494,-35.689754,38.075504
-15.510262,-5.168848,10.789961
-51.596123,17.704466,50.184479
0.178709,-24.322105,19.045883
4.432992,32.245033,73.895752
18.576042,27.334463,56.389549
41.758106,-7.701232,52.667683
3.196408,23.760176,55.000122
-3.569191,11.716016,63.472328
28.435795,-28.425600,71.407692
0.627313,20.486027,21.154976
13.123322,-15.308949,19.363487
49.252644,-0.167818,65.827377
-17.396931,7.924194,56.604813
27.392826,-30.040688,69.274513
-17.440928,10.476620,41.221684
39.519020,13.336310,49.977482
-17.276825,-19.366055,23.002047
-5.345792,13.847505,57.966049
-16.473751,-33.810448,43.720234
13.204232,37.076195,69.741524
34.216259,17.304119,60.591759
11.963556,25.493021,73.035156
18.624701,-38.730419,69.730469
-16.099739,-20.439573,32.451702
38.561527,13.001114,68.052116
39.846588,22.035761,72.464775
-19.045927,6.516392,52.904560
29.592909,17.004305,48.614742
2.068101,-23.499088,20.475813
-1.326811,17.613171,15.885500
13.900683,-37.010242,62.021332
34.330898,23.296946,57.058754
-36.974098,38.919834,49.473850
7.088821,26.796556,69.571663
41.422916,-5.620919,59.599857
22.631714,15.420208,22.984186
44.077030,-11.314124,67.641678
38.370518,-26.281622,68.558418
-16.077120,-31.873077,44.857895
42.330612,1.906618,65.844620
39.181732,-23.814919,61.983318
-11.422752,-30.624649,60.094170
41.754715,5.186192,64.883430
44.160133,5.207036,66.438240
35.860458,20.052526,64.584122
45.954975,13.257935,62.751038
30.004436,1.019972,33.303680
-18.259005,8.662579,50.272617
41.087479,-8.306944,61.279346
24.659275,-9.697337,24.242889
7.454207,-44.000446,67.591927
-17.568460,-27.425528,42.759563
-14.335267,-13.142588,59.546864
-19.152098,-9.503548,61.532337
-1.675929,-37.970650,44.081299
-0.294192,24.228977,67.134796
-4.653208,32.690708,45.085724
1.471909,20.195322,67.814018
-9.782563,-40.646549,52.218441
39.763672,11.331065,53.503330
-16.338686,-5.711792,68.196945
4.431121,20.610285,73.704926
-15.169225,-4.578791,54.410130
1.736572,-1.844819,2.956279
17.355032,-32.540771,66.335907
39.779926,-3.105407,56.775581
-2.779292,32.922211,53.427223
-3.930005,42.307209,66.885941
-1.373071,21.731701,69.778397
-4.030686,-33.513062,39.915516
4.116460,-31.789978,35.196220
-10.916525,-32.082413,35.248886
7.696301,33.053761,61.638226
-12.645724,6.430187,46.333729
4.056890,19.481171,16.926363
-4.201376,-45.786373,62.503269
-6.528459,-36.726639,55.903118
32.803066,-32.618279,72.710770
36.218529,-6.148538,41.139393
-3.405739,31.310186,36.585846
-16.519613,3.839135,43.199600
22.860125,16.854778,27.613649
-15.111009,-20.384718,26.133366
33.622223,3.741345,39.460144
40.244015,-9.374446,56.490356
10.355167,24.926085,51.223721
26.754091,-19.239475,32.403915
31.841728,12.316167,38.708763
-5.897470,15.292759,9.036666
22.619820,23.350933,46.228149
37.020607,-11.530867,43.303585
8.468214,-35.181564,43.783985
18.645279,1.408798,16.775814
-5.880924,10.312292,60.591194
-12.116337,6.083173,53.495037
-1.889018,25.844212,29.443514
5.298624,-19.333990,19.056547
-2.061839,19.940855,49.131020
-0.319425,-37.468143,46.630905
-3.206812,-4.701538,6.119604
27.813541,-34.592113,64.829956
20.799612,-4.283277,13.468526
12.237941,31.756023,55.869789
14.828396,-23.372795,27.889156
-14.284247,-0.051899,14.688737
15.391235,-21.967144,30.077192
2.285194,19.793303,74.319786
-18.229588,-28.223789,34.726566
-1.024990,27.780615,20.799925
42.621372,-2.359531,53.843235
21.696247,28.614754,64.317322
25.640114,-24.947941,43.492416
27.589386,-22.481794,45.597439
-8.325801,21.448389,36.477882
20.175829,25.339039,73.806267
-6.252345,10.563500,6.067369
-6.433008,14.426768,52.277229
-11.482483,16.695755,41.268990
-0.750814,28.209942,61.775394
-3.536410,-25.969660,68.567444
-8.575952,24.290113,20.092361
-22.023653,-5.899945,45.210938
-8.429096,-37.828911,51.252686
18.072826,17.392519,17.903866
-17.120167,-2.221669,38.096249
25.708452,-32.674923,67.684761
-0.117815,31.704346,58.204155
-0.711773,36.883987,70.656708
-22.286381,-20.446911,41.238480
39.681942,-5.213459,37.629749
10.016800,23.564760,34.442879
18.562056,12.517129,23.066097
-9.639122,16.987045,39.605198
-26.873074,-5.031579,23.328424
1.588827,29.151272,32.578754
-9.093122,11.837423,12.236045
4.530291,-14.646080,11.000355
-12.900819,-14.083554,71.660751
-13.067352,14.429276,32.131401
35.110283,-25.789736,51.858433
9.582802,-31.779093,67.721382
-8.664329,-30.448231,37.136734
-19.652431,-12.818175,50.562332
28.469252,-20.323925,45.487961
9.599051,36.319695,71.963432
-16.645187,1.329455,64.537407
18.814739,-25.560926,38.510857
-13.866347,-5.419708,67.443825
28.884020,-23.730589,37.491196
-9.111000,-23.676586,69.599052
-18.175318,-23.824375,33.850761
-2.863405,18.546207,51.868401
-22.779144,-10.915255,35.327934
15.346529,-25.266949,31.331343
-4.324880,35.687786,59.381111
26.507656,-20.560974,40.523067
30.188601,-8.720644,30.278187
-0.508652,33.064754,64.499298
-5.186220,-32.800747,35.770393
-2.716131,22.876480,25.344748
26.628635,-16.682171,28.357262
21.793875,29.921883,73.939774
42.188282,6.884634,73.980835
9.967248,-39.619244,73.722015
-1.275705,-25.509806,74.187195
34.522327,-21.883577,57.001541
38.347256,23.063889,64.257240
28.662590,-25.039562,41.129330
13.677344,-36.106731,40.973656
34.488739,0.197990,35.600796
37.236000,-24.440283,56.259228
-11.539199,18.355900,39.634914
37.819103,-13.369398,43.447956
40.380024,-18.519770,68.656998
4.594368,28.355320,33.046974
-6.869086,17.816008,32.568851
-11.360223,-9.284657,7.266871
-9.964833,19.449007,56.197773
4.184614,-37.451206,66.800476
-5.023346,22.264441,28.207422
-14.033530,-28.670818,38.416584
12.900345,-34.873547,60.563366
34.564415,-23.110554,44.317833
3.773854,-47.382938,71.106293
-3.863909,-35.863026,55.898457
-12.985168,1.235542,73.513924
23.771389,-28.196686,36.949047
38.915077,12.903094,47.968788
27.377947,21.871466,57.696789
-11.477441,17.831497,55.390545
-15.502320,14.336593,43.368423
5.201869,31.092260,57.706909
-3.463250,-30.870403,72.721222
-12.708451,9.518252,27.707516
47.898647,1.545170,73.667786
48.618465,7.770728,71.242508
13.441522,-41.170544,72.270599
-20.533482,-19.574251,29.334391
-12.272593,16.554438,31.448025
-7.444893,20.283932,64.669952
-17.663034,-1.273992,52.605091
7.296897,-36.076706,72.242424
-8.613659,-37.954941,44.667236
-53.048641,10.749843,58.487583
14.675380,33.310036,64.861320
6.805597,-35.401794,38.464500
38.974659,9.843904,51.037827
-20.531389,2.343769,28.714293
-9.824264,-38.619274,48.672318
15.194670,-17.359823,24.675966
-15.617517,-24.800484,56.801891
0.260816,28.137880,57.230991
11.625788,-37.373375,69.012238
22.760500,-38.074982,68.294434
-18.788542,29.419964,19.973167
19.030773,22.557766,48.100197
-11.655345,-17.954790,17.567308
-12.029843,-38.785595,53.670444
16.860119,-15.448575,18.544415
-7.984909,-14.293890,73.456245
27.119976,25.215931,70.338867
33.936760,-7.086405,33.193012
-15.884961,-25.174829,58.993008
20.661510,23.055176,34.709820
26.812607,27.106161,67.264404
-16.008066,-0.840026,22.271889
0.309487,18.974583,17.127605
-15.174321,11.416418,36.050655
15.149319,-37.338448,46.703316
-17.099682,2.727562,34.667824
29.010717,-16.621874,38.363468
8.523320,25.033976,61.183002
43.666809,-18.983620,69.665977
42.113419,-0.937352,50.671837
-5.365175,25.176010,20.812801
45.079212,-1.664649,57.542568
-21.304600,-5.065657,54.321991
-9.820372,-10.534575,71.493057
12.508828,26.415285,47.935955
-5.244602,-8.442895,8.750747
34.581150,12.651027,45.486145
-0.100227,29.767935,40.126270
-13.233987,5.426109,48.684822
21.431580,-6.386570,14.897719
8.617779,-34.860806,36.116669
22.159636,-5.408507,22.126986
45.342594,-11.081152,57.505684
-20.945580,-27.062422,34.381905
33.516800,-25.611195,55.272282
19.056948,21.705721,30.952862
-7.520801,9.545892,12.274461
34.131481,-19.005171,39.265587
8.438936,-4.865235,4.814157
20.097631,-18.783766,20.275000
30.068924,18.698900,53.878059
-8.917135,0.033138,8.680015
3.203200,-15.859006,9.615342
-1.689189,31.146061,47.365067
30.443899,6.496706,27.141171
15.290234,-29.667137,41.780556
4.077158,26.947216,28.818100
28.305035,10.788074,34.729176
0.867643,-25.901752,20.559643
-7.265501,-29.299309,27.628036
25.195772,14.833104,30.388916
35.658920,-3.724834,30.822388
19.067308,-33.977226,40.741825
-10.853667,3.741638,6.525366
-7.388012,23.302145,17.610155
46.109612,-12.525137,66.645866
23.853222,-22.469746,41.402168
-13.697446,-23.235497,29.368099
-22.272280,-25.276764,40.313938
-20.394056,-13.935188,42.191418
-15.700951,-9.745882,17.963848
3.495856,26.946392,25.345869
-0.653878,-31.721680,70.178505
27.890831,28.213602,62.650276
-6.827069,-31.251051,30.884542
-0.656286,24.019550,30.049072
-9.056673,-8.051872,65.016190
20.293215,23.989094,56.470146
32.037979,-28.537594,57.411694
24.687847,9.827130,29.582829
-2.790389,32.636356,40.790585
-14.574314,32.780060,29.643856
18.726978,25.237331,44.240959
-5.070823,21.142136,16.121407
37.531757,15.452393,49.203758
-17.207800,-1.404622,42.454048
-15.291362,6.844338,14.224591
-22.562250,-13.843600,29.655752
-1.013897,-30.090561,32.496609
-7.930274,8.440727,57.273338
8.409931,23.267862,70.543594
-10.364936,2.241950,72.828537
-11.587463,-31.033150,43.936592
-1.811612,25.636719,33.117119
0.789596,-34.111149,66.210037
16.574423,31.812977,64.166756
35.233379,12.561015,52.055779
29.885130,-2.750642,33.025818
42.019966,-5.151505,43.086025
-8.215725,22.173454,19.385220
-23.262007,-22.448002,34.725788
1.442371,23.214220,51.405476
19.866455,11.919080,16.794905
-2.225971,-30.666182,34.880329
25.780922,-14.696528,24.008369
-19.918453,-13.820648,57.567883
-12.795106,-10.853577,69.361549
-14.327430,-29.557516,55.204597
-52.798309,20.395367,63.722496
29.263062,-33.082249,58.487511
-10.010127,-3.148002,63.178291
-22.030773,-9.037441,35.101620
16.233189,22.861290,34.913048
4.372005,26.263109,49.923508
32.265881,25.661043,60.237682
41.907055,-1.764771,47.261429
17.251137,6.641209,10.872135
-15.783864,2.346227,62.437103
43.211990,-7.078191,48.084496
-20.580858,-27.246859,46.489864
-6.891790,32.385704,36.537243
9.259074,22.996126,32.512436
-9.803503,0.800880,61.770592
29.211624,-14.400491,38.905537
43.788700,-9.834698,71.492363
11.033875,-35.032204,37.074856
-26.198055,-14.279495,30.051090
2.725802,22.772110,73.796219
-5.514115,-35.307213,57.078373
-12.461028,11.235879,21.308683
1.339876,22.304461,48.560638
-14.860745,-2.732130,61.998562
-7.877931,-23.308565,67.797585
7.617723,-34.966278,59.697498
34.901474,1.118799,44.493343
-24.061998,-3.110198,24.294878
-13.231954,15.723157,53.714527
34.445538,16.084795,51.243626
-11.685920,18.496429,15.002810
22.259008,-8.807245,24.621494
22.697939,-8.337457,22.252937
-7.869197,24.969881,30.598337
6.817144,-31.186527,30.609360
40.794270,-22.162510,65.630959
26.380131,-30.945242,64.073288
28.025845,-33.521973,70.905632
16.852528,20.612955,23.215977
-11.158774,-23.817265,62.035614
26.752283,28.073704,69.683998
-15.653580,0.289808,27.134018
-9.455031,-27.535164,68.024887
24.675156,-19.636749,32.546074
39.721275,16.241690,63.775772
-2.351998,-27.663824,66.156693
25.432730,-36.800968,72.877449
18.262520,5.597717,15.879284
4.730551,-41.738438,60.581291
19.167309,29.880430,61.859001
9.417109,20.065121,19.723154
-21.146444,-2.909881,25.890722
45.513500,1.937473,73.459366
34.021091,-17.657911,40.988449
-8.515966,-35.483410,48.569366
-1.955073,14.110231,62.953865
31.217754,-22.989513,54.064404
-12.259653,7.007500,21.296062
20.863567,-8.346006,15.280418
40.133957,-11.908188,47.239922
5.643600,20.876373,20.546364
-1.892038,22.882715,62.761810
-20.585466,-14.992511,22.099672
0.999022,23.384077,39.110821
-0.564659,-10.875980,5.610393
-6.187546,24.442572,48.888256
45.770317,-2.000162,64.666115
21.717525,-19.671392,33.331219
8.639363,-46.640213,73.905182
-7.351072,28.020739,35.896824
-18.226696,-5.664805,41.466625
-6.990025,33.849419,47.961151
22.954838,-20.754374,28.760437
-22.425732,-13.715484,25.927307
24.700569,-34.277290,51.737114
27.644094,2.358860,23.473963
-1.323663,19.832472,19.244205
28.067234,-14.262505,26.160990
15.751171,-30.483505,34.368942
38.133209,2.312995,40.570427
-15.221999,13.362332,51.495155
44.797096,-16.185213,73.454430
39.292282,-2.684149,45.342133
40.353031,18.311844,64.047508
-13.665446,3.273610,17.929754
24.787966,28.922834,74.093086
26.268986,-26.801422,40.080132
-14.734231,-30.075932,51.248737
-4.410231,-24.779726,71.943741
15.689550,-36.333828,64.370064
-2.511251,-39.719971,54.545303
-8.674141,2.812160,69.157822
-10.749125,3.504927,63.332508
35.120987,-10.208469,46.896198
14.872851,19.534468,23.291283
-18.610901,-5.637128,51.787212
-16.385712,-37.115200,48.823303
15.953832,-24.874102,29.012014
16.664701,-34.857147,68.392021
3.151040,30.212866,35.858597
25.889660,18.707861,48.312092
4.219909,22.875996,60.194473
-14.195387,7.046069,20.272099
-11.779837,6.825320,18.501968
26.272911,1.284606,27.078629
2.970971,-18.597010,18.240086
-1.318164,21.320486,35.369965
31.597937,-13.374790,40.099060
18.725388,19.697279,34.047001
-13.544879,6.059597,69.344711
-50.588661,2.362534,51.782555
-12.735555,-18.169884,65.728188
-7.837300,23.453657,27.579811
49.315914,3.932169,70.316582
-20.003109,-14.233358,34.060654
-19.455168,-33.044769,46.619686
14.528718,-9.172728,15.595513
15.575402,-16.879904,14.929446
-17.352388,-11.322285,64.252602
23.379408,25.290514,56.134182
12.382464,-42.014084,60.657990
11.531984,26.020607,60.186001
-14.720378,-11.559901,14.546823
37.388920,17.903809,67.170410
16.437254,24.371273,48.453152
-20.992359,-20.465778,32.801579
-4.480405,24.838554,46.771580
-16.316589,-13.932310,27.370886
-10.405251,-12.477486,9.181836
7.579814,-31.083433,67.845497
-12.604692,-20.607533,24.346527
34.603508,-26.136736,60.009727
31.683493,10.987693,44.298347
2.089593,-35.281841,43.501244
2.240726,-9.227461,5.076931
39.974167,-17.389149,49.552132
-9.155409,-14.503411,10.810221
40.828705,1.502783,44.615318
-6.389391,37.655567,51.951683
34.032536,-7.107831,42.831963
-23.234060,3.054840,19.480696
42.399590,18.354818,60.945824
8.196485,-40.496639,61.781704
42.266376,-3.452562,48.235420
-19.219351,-19.188044,33.333023
-0.727143,12.071705,73.734459
28.632160,-20.173094,32.672115
3.210453,29.775473,33.788162
9.767393,-22.752882,19.309002
28.381710,22.399797,49.589272
38.299488,-22.858322,70.125366
38.035866,2.102240,34.446075
37.372086,-18.570921,47.436871
-2.890566,-34.082607,43.684666
17.472925,11.108956,19.147203
-13.361566,5.665340,14.255507
24.164581,-19.420887,36.606464
-19.554155,-3.851453,36.820621
-14.794038,-16.192785,20.829872
10.041140,-35.903057,71.557373
-15.251299,-14.568182,63.603088
-4.967424,16.329857,20.197481
1.932861,36.446373,73.968987
-21.654472,-7.367168,39.666122
6.988662,-27.747734,74.079224
-12.010174,18.406326,50.084358
31.380388,-6.263268,31.194103
-6.123459,27.135406,43.100033
-3.324610,38.987751,66.640602
32.579937,4.006722,32.593887
10.081789,-36.401852,64.810104
42.388920,8.864510,59.264217
-15.423646,6.671058,36.737671
1.006489,40.851349,74.130844
11.734873,-38.867111,55.805775
30.207561,-27.991194,66.363884
-19.487875,-25.074680,39.993313
26.354483,15.792367,37.468796
-13.496900,16.389999,51.651714
20.124228,-14.895308,26.354294
0.551565,15.992672,71.432724
13.264024,25.929249,54.780209
5.993242,-36.212090,44.237003
42.720795,17.137434,58.972507
25.958395,12.588073,30.827648
33.448799,10.003440,39.530033
23.236383,20.093731,32.317265
34.771675,9.679340,41.314255
-19.389248,-10.494094,16.765261
35.869663,-7.121156,38.494053
48.341496,-2.591971,62.737247
31.634695,-30.896374,57.416142
13.593103,31.616425,69.542938
19.165422,29.933250,57.329273
42.141666,-13.946335,50.758831
-16.056580,-50.524151,72.451729
-8.912673,-35.314899,46.162750
17.831762,-32.843513,54.128876
22.950083,30.647488,60.611877
31.202707,-20.318283,35.396473
4.833583,2.968477,2.819300
-9.164133,14.792866,40.302700
6.354936,-43.440372,64.041702
-6.357030,23.075989,59.366943
-20.354105,-14.101421,54.955605
44.972717,-7.699259,57.178745
47.970421,4.982728,60.659916
0.417667,21.861597,44.461304
23.937160,26.071825,70.027168
5.930093,-26.723457,30.710028
-8.384798,23.153498,43.991039
32.279270,-2.169294,27.494583
32.492821,-3.623775,36.323147
19.419933,-40.259747,64.435364
0.636843,26.647028,66.490746
44.373859,-1.646945,67.549904
32.876598,-31.379862,65.848419
34.858715,16.151409,58.275967
30.949020,-25.112093,51.915562
22.276176,-23.465889,39.468273
3.135991,30.381117,66.908981
-15.167246,-41.532494,54.523602
26.847757,-30.691257,45.744637
26.824072,14.512681,35.094353
37.446289,-1.005529,41.571857
-16.369116,-5.703418,59.595322
-8.542178,2.432842,8.619865
-10.065894,6.198666,54.356895
42.652664,12.425643,52.095879
41.448067,15.022463,66.460609
44.782566,-14.507438,62.654606
8.376823,-35.440300,66.887245
-17.576799,6.450191,28.044865
13.835857,-43.613182,73.429626
-0.862444,28.397068,72.525276
28.929276,17.986193,52.187225
19.564829,-35.116486,46.740055
-12.441336,11.833131,52.443813
7.410800,-39.026814,52.072502
-13.575930,-38.160469,51.644062
36.588974,0.038966,48.236416
-13.824528,-24.768900,33.737194
-13.248837,-5.017689,64.382401
-16.069443,4.718043,10.369217
-17.659502,-8.057643,59.147705
3.293634,23.667162,57.738361
-8.014941,13.782353,67.236229
2.711038,-25.344891,19.280464
-20.792572,3.693106,18.794319
-14.894968,9.019794,20.769598
9.033002,-43.247688,65.273483
34.292320,3.710256,42.930092
-0.323345,37.075474,67.330246
41.683537,4.828945,45.270920
-16.829802,7.079552,11.374722
21.483078,-36.633900,71.973328
0.259200,27.295233,25.252151
-24.502026,-6.070445,20.067574
-20.895002,-11.787658,20.078382
-9.627571,-4.631096,70.365234
29.314537,-22.038946,35.594860
23.965225,9.892198,24.884230
-10.691683,17.196196,36.291157
-14.282077,2.033580,20.044853
-1.034824,18.937330,57.274933
-20.440203,-8.226631,16.932737
-14.598602,-27.613714,30.356049
7.972262,-35.390953,62.077633
33.530128,24.768930,63.778011
37.747761,8.909781,49.547100
36.789341,-10.996807,45.629715
-7.105668,24.326511,32.857742
8.904384,-36.589657,60.470650
-2.795601,28.434500,63.730972
17.206791,14.907673,22.430573
11.842550,-30.735987,70.408333
-3.791565,-34.674839,54.084770
35.237843,17.573738,69.715225
-3.980702,27.224241,45.118679
9.272674,-41.489540,70.493607
-7.641854,21.418053,61.471542
2.763886,-37.186028,41.028763
29.582615,-29.154863,60.244816
38.273170,-28.030531,73.849510
-20.631496,-10.497649,27.930244
41.988792,18.988600,68.437462
-21.628460,-19.166529,27.072477
-10.935251,-46.192699,62.708130
20.046141,-37.241570,60.210793
-0.118302,30.716959,37.390507
-1.946629,-24.896648,24.449648
33.892670,-9.004792,29.786875
-8.092653,22.813522,31.555109
-11.687983,9.578905,16.284298
10.211421,32.015881,62.864769
41.532677,-19.906265,70.229561
-1.156063,34.472298,47.081932
11.209124,27.783739,65.287872
1.115772,-41.746586,52.291325
-19.425230,5.099614,17.447905
45.215515,15.267064,62.459320
9.392097,24.587145,63.644081
-20.396202,-1.097844,37.854958
35.633018,-7.579724,45.404053
-7.012224,31.487385,33.184761
-14.462727,-9.515933,19.835503
8.500391,-43.035686,69.208504
15.279772,30.135408,60.623123
-6.312568,-23.051447,17.489731
23.131256,-29.510796,73.480225
10.000933,-4.642356,8.351991
-17.789701,8.330300,33.566025
-1.907302,25.224987,27.277540
-10.871069,-37.333229,56.718704
8.531274,34.902306,70.489639
13.386361,18.320255,21.389381
-2.393900,25.076635,51.509029
-12.748344,-3.405007,68.753036
30.540384,-29.577436,52.855843
2.043540,-36.286930,63.641525
6.698770,24.882408,30.742453
-29.060892,-9.715775,27.487816
36.627739,-30.528193,71.343491
-22.998507,-12.568862,31.538916
-13.509452,6.510710,28.731791
-10.245821,14.250951,37.968567
-9.513281,-14.862985,13.542084
0.491393,22.458736,73.753120
-15.351422,0.150962,10.492134
21.550003,27.002506,58.656902
-15.154835,3.873348,34.469742
2.638298,16.964430,71.399620
44.553799,14.354844,68.258888
12.978120,5.375155,6.918426
9.586146,29.360699,61.383648
13.754014,-40.108307,65.902451
40.763954,18.382660,57.120461
11.145743,32.918812,65.110512
25.245049,14.445030,25.370483
-12.996875,31.387592,26.058985
24.925795,-6.629298,26.398081
-11.033086,5.831824,11.584375
-24.191725,-0.260041,18.725666
11.116697,15.644744,13.674558
-51.770283,6.798719,55.828167
-17.678539,-11.611003,23.052477
-2.569726,23.016893,54.906166
-21.710960,-2.271683,45.730736
-17.319603,-14.523827,29.639856
-6.621207,12.260595,64.506981
9.424633,29.523371,55.219780
-6.715744,27.401293,17.586416
37.433361,13.958941,53.395473
-3.299247,29.221409,35.654522
10.447549,-2.295723,7.984393
-6.782731,-34.028454,48.388844
-14.284355,-3.160965,16.688406
38.319260,17.321615,60.005379
20.928148,9.571351,16.389431
40.670303,-6.752603,48.754452
15.094792,-23.329479,22.622616
17.371908,-17.599930,26.952002
-1.406215,29.893284,62.901241
-2.097560,25.944370,58.643196
27.661924,-19.425968,36.048767
45.544857,-9.115457,73.708015
-20.844208,0.443125,50.655849
4.123373,28.280386,58.999622
-15.282646,-2.366459,23.816000
42.296955,-3.343826,66.343918
-20.304876,-6.279262,56.373730
-1.866387,-29.554478,26.526934
-0.264475,-33.511250,39.707302
-12.505311,8.066439,23.535311
-7.515282,25.347086,43.368603
35.798248,-31.350574,73.742622
39.779995,-7.350278,39.196178
27.454405,18.296503,36.040466
36.650059,-25.136646,74.215767
-16.392616,-1.673941,57.085094
-6.334635,8.103640,62.517174
-4.402545,17.081741,55.614803
-12.169084,10.431677,29.698093
14.657832,29.494860,71.761032
-2.249385,-38.364449,65.346802
15.157904,24.930452,53.178802
1.682421,31.747719,69.301476
27.682236,-30.362892,58.459377
-8.443590,-15.667281,9.346287
-10.481309,20.492496,43.848019
-13.375906,15.736595,12.172086
43.615665,3.295235,61.634861
38.893452,11.788387,60.643848
1.546591,28.355284,71.764038
42.646152,-2.697374,58.275028
-13.326271,29.735395,22.495609
13.324574,-9.166761,9.393255
-8.491845,17.871151,45.798363
16.703495,-36.230320,43.896679
19.202936,17.901875,27.947031
33.675884,-20.898827,40.740585
36.186775,-26.561049,66.826111
27.892393,-3.122576,29.604107
-11.298312,-42.491749,55.583225
12.919918,-34.205040,67.535736
11.229780,24.082594,39.426903
19.648804,10.849730,14.744299
-10.575039,-15.428550,18.300718
-1.377758,40.684853,65.033241
15.940911,-12.876271,12.861100
1.264493,16.223083,74.087326
-13.009110,-22.730473,24.440760
23.182537,22.713217,37.732384
29.651926,13.419424,44.750565
-15.480361,7.893873,34.964497
-12.340335,-1.343209,8.988746
6.485417,30.609953,46.380135
-11.484949,-5.453491,9.167533
26.205818,21.776962,44.074520
7.002093,-38.898518,73.371346
-18.268833,8.211072,42.479000
-3.420635,34.454102,51.233257
-19.813358,-1.747635,55.834896
-8.849594,18.758368,62.145622
-3.050111,-42.804405,64.061600
-1.815077,39.315468,63.030296
28.158308,-36.910995,73.917885
37.649075,-15.056743,51.127804
13.634016,-30.824564,32.790958
-20.967745,-23.128736,44.324699
4.530563,-17.249807,15.974936
11.626333,19.725327,14.301092
-17.915680,5.463242,25.023628
-28.232821,-2.246874,23.259777
31.417877,-31.221775,69.392647
-16.488201,-2.687171,60.515099
-1.236501,23.412035,44.473438
-5.005636,2.203028,4.451149
10.947759,-24.097660,20.518084
34.461056,-2.407876,34.155624
-3.973345,-35.479527,59.850574
11.670162,-37.913441,66.374100
-8.222798,23.849054,37.321682
32.463676,11.274205,33.463264
-10.980379,10.732171,53.313007
40.837143,-1.677256,39.860867
6.668056,-38.483448,56.582268
-4.261302,26.513180,29.008112
-18.651772,1.546110,40.789925
32.290783,18.530092,46.094013
-21.872158,-28.226913,35.963749
23.826059,-13.882351,30.566484
6.970962,-12.902092,8.445031
-4.803245,-39.358395,62.283825
-19.541456,3.655735,13.384410
21.698439,20.512117,46.245731
-17.087788,-22.289284,47.482204
26.788849,-24.586437,39.908646
-52.243919,5.286274,53.080975
-0.275773,23.875334,21.945246
-23.181026,-20.468847,39.382442
13.553544,24.037449,47.794720
-11.964594,-8.073894,62.449291
41.153145,-4.759894,45.854198
48.899864,-2.297626,71.815910
24.432358,23.949114,47.398422
-1.351271,2.870311,2.776578
-18.029766,-19.252859,44.380497
-10.831342,-11.684072,69.910583
4.412622,-37.212719,64.214279
-4.836918,33.487331,47.523632
-12.045421,-36.708073,50.318974
-0.764196,17.530569,9.368997
-3.290938,19.553204,45.522202
34.254295,-16.174446,36.008747
-10.980906,0.484203,10.007157
-8.728150,-39.922489,50.267296
-53.219784,15.396621,68.426552
39.805122,20.346661,59.049591
43.944595,-13.116535,58.659637
40.234524,16.210114,54.504963
-1.557044,-3.260271,3.266145
24.219234,22.392008,49.126476
-4.615682,23.520201,61.393250
-6.009624,39.886723,58.729786
-4.532515,28.846947,43.484470
-5.668831,20.470892,53.412312
-9.315245,15.165929,32.046776
-17.387011,-3.808042,16.674253
-14.802212,3.001096,54.481232
25.172844,-25.273333,41.315498
18.695663,-20.184755,24.497877
21.384016,17.656618,33.232941
5.249007,34.429043,61.314629
-8.294388,24.185539,48.972702
46.937981,-10.467121,64.462547
29.654650,11.545414,37.598808
44.085342,0.771900,70.056030
41.296963,5.615983,49.802521
6.530592,-36.730289,69.226456
2.715898,-13.891803,8.254281
-10.400172,3.626003,70.278450
20.240587,27.808155,54.884396
-1.836516,24.960724,65.624199
6.589490,23.872255,43.360897
-5.761069,12.641381,13.333787
-13.979614,-2.101461,53.269669
29.330803,-31.586666,69.498245
-6.486052,-4.180191,71.431244
15.535959,-35.207245,59.645443
-13.483378,-4.058840,55.961647
-19.624096,-11.247970,59.819717
-18.980780,-21.796101,48.447472
-18.444822,-3.804824,19.284561
4.914537,-0.398844,2.601863
11.503056,21.508816,24.777737
38.868713,16.176901,66.870438
30.615223,-10.321249,26.629337
1.068233,-22.869205,22.929455
13.696556,-26.794043,26.924799
31.920721,-13.961933,30.729122
-12.892995,6.821508,61.624889
-3.738729,15.742805,58.131863
4.840818,31.217518,40.655655
-47.312183,-26.024927,71.787552
40.802887,16.039257,60.601589
-5.235881,-17.256384,71.266174
29.106380,-26.151321,56.306400
12.377707,-3.577647,10.165382
0.575436,21.681341,65.121910
19.237928,30.172337,68.134331
-3.084202,29.910334,31.806009
26.921474,29.017094,73.920959
-15.167625,31.486034,25.087629
12.955109,-28.971363,31.523653
-18.991892,-15.167136,39.741852
-8.990805,21.877817,22.740572
-12.967148,-0.545018,11.449382
35.382687,9.006970,48.919640
-14.058880,8.345165,58.254093
-18.379816,-21.390644,30.330109
-9.116796,-20.936234,73.840729
-1.983827,34.087341,55.798485
24.955259,-28.279600,50.363312
-10.779594,14.425702,19.454891
46.980900,5.328282,67.259171
22.702427,19.854759,35.144485
2.702143,30.002447,62.353168
45.131180,15.978666,69.686371
38.160858,20.284193,55.595093
9.765053,-31.982904,32.770676
-9.607845,-30.307375,56.346733
39.208366,10.218685,71.609734
37.257504,-28.236662,65.383575
27.495377,-13.394426,23.860361
41.765465,-0.415138,55.594513
-8.263573,-16.662369,14.006012
-19.022758,-7.096026,13.890115
42.329689,-17.994013,57.897766
-17.885117,-1.823695,19.098577
-13.238477,-7.619766,64.693924
6.201068,26.808115,66.169197
12.520007,32.543510,58.403992
-11.153299,-22.966644,20.928247
19.243038,-27.188021,31.489607
19.944023,-30.509977,72.886490
-8.150923,-31.538368,55.261421
2.636450,28.405100,46.711140
30.080172,25.349646,57.232895
-16.957390,-8.995844,13.896116
-24.681480,-24.442551,37.755390
-5.423100,-41.916241,61.753777
26.611214,20.845230,47.452690
-3.434726,18.772734,68.302483
-14.641840,-17.470800,68.824402
4.413459,20.499592,64.687920
38.853523,-20.586323,51.513351
1.026544,-16.294327,9.607597
24.418585,-18.752127,25.423851
-7.445685,-16.679707,73.968277
47.097446,-0.068483,68.275856
40.414772,14.312311,58.786339
-5.809223,8.736398,7.476880
42.724564,17.526600,67.165169
37.555069,9.815059,42.719093
4.462508,27.060818,73.638687
-14.698176,2.324551,24.765171
16.878195,-17.407080,20.397367
34.001400,2.596996,34.808605
10.362341,-18.442480,21.592661
7.069647,25.370998,35.139217
32.248165,16.447836,53.079750
-10.964821,8.139728,20.000509
-20.897705,-29.938395,46.253067
-18.524424,-1.006017,30.378613
-6.863410,16.073811,56.591324
-14.894095,-19.391039,61.909805
-7.018044,-20.359129,16.006443
-14.033591,5.057512,58.118790
-8.966455,5.826635,73.582489
26.310013,1.665086,21.735979
-22.480158,-6.146276,28.663994
-12.705461,11.667447,65.253418
-19.237986,4.294924,28.742525
1.263980,-39.218971,60.035046
-10.520868,25.788679,16.026289
-9.985130,20.775190,38.010101
-9.282784,-10.379918,13.104704
27.698919,-32.029186,49.725060
9.047035,29.631680,73.593376
-1.305598,38.615646,60.646824
-22.657623,-29.298969,41.584961
32.411091,16.446396,42.063137
36.154789,17.655001,56.883415
1.127020,23.692310,55.670456
-12.240691,-18.235989,73.911003
20.621967,16.521120,24.034918
4.070843,24.223608,63.086945
42.869385,15.305328,56.419724
15.476754,-32.919106,42.110100
-13.722975,-3.172126,65.162102
2.274297,-38.044273,65.356987
32.746151,-26.039452,59.382446
42.944298,0.923356,47.794899
-2.161961,-41.233109,51.702335
-15.328634,1.065206,12.769376
6.332549,-31.121279,36.549797
34.172974,21.476526,67.133286
-23.320421,-2.712685,26.364098
-2.706671,-25.167826,26.921146
19.187904,30.787460,72.332214
-18.551893,-5.997309,48.278488
-20.425344,4.997351,41.273430
-2.444082,15.380239,8.277426
-3.625208,-38.687134,51.730541
-7.630668,-19.279449,18.938637
-15.233855,-12.573697,16.598787
18.703384,0.384475,11.021215
32.596115,-25.329832,73.629128
-4.175768,20.572216,70.397202
-7.312588,19.304262,22.691273
8.550947,17.567747,10.511001
13.702832,-36.930984,48.405293
-7.329669,-32.915108,41.202309
-17.260643,10.836275,38.834305
-12.134813,3.691548,53.872795
12.146689,20.027912,20.919811
-6.357277,14.208070,69.988762
36.112617,-21.055902,63.396648
-16.446079,-39.424046,53.762672
18.663664,16.101599,20.056393
-8.046555,16.468243,38.007210
-17.599045,-3.474972,40.645729
17.706476,-18.360067,17.696550
11.774839,-5.698811,6.488547
-26.535788,-28.788794,42.583683
7.723684,-32.246128,71.129242
4.806902,-38.358688,69.434937
30.701689,-31.777334,62.492104
20.032766,24.471994,36.120182
-14.055383,14.451779,40.992306
5.645525,39.225677,72.439903
-18.788073,-9.343749,50.905392
13.524529,32.299377,62.855461
14.988980,9.518736,11.988905
36.886150,-10.517253,54.706089
-8.512732,-1.618473,73.932274
31.982498,14.107670,36.613918
26.596865,20.753017,40.903637
45.597702,12.248278,73.956421
5.130046,30.026295,59.482674
-1.903323,-33.901939,41.654209
-8.809978,-32.026478,34.259220
41.186523,-16.348709,67.129639
15.605118,32.478081,59.222488
-23.225599,-6.449454,26.320589
30.432322,10.843506,40.319923
-17.616552,6.237688,42.309471
46.063942,-5.164936,55.510193
3.700576,-35.521580,36.471031
11.029634,19.906862,17.875694
-16.271965,6.632825,45.014336
4.109938,36.557446,64.949158
-4.489909,-27.449566,73.716591
31.434280,15.646649,38.430332
-9.825560,9.438849,61.529408
15.651215,-28.720848,35.554054
36.904793,13.839248,72.588287
1.532926,-34.214417,64.148560
32.535480,17.145428,56.722485
19.631866,-27.573498,42.690720
-8.905673,-30.255863,30.892654
0.810372,25.222937,50.278015
38.003067,12.880362,70.308868
29.733305,4.601535,33.579540
-14.901351,-3.482568,20.442448
-23.598446,-30.383801,44.400345
33.096649,8.089132,31.609549
48.835602,0.048961,62.498451
-20.382423,4.533787,14.947457
-38.652634,39.792385,53.324619
-13.691076,3.530252,46.954731
-9.253049,25.901611,22.933630
-9.862036,-35.262119,52.344460
10.569117,-29.127068,36.789043
-8.394516,3.553531,4.766247
45.451828,3.323151,52.710411
34.969563,-2.253853,38.140266
-6.942835,3.886601,64.225212
7.342567,23.830301,72.854721
18.954910,7.601878,18.345760
-14.768865,-6.059965,19.973536
26.603170,-27.810282,47.032337
-5.386077,33.504162,50.308247
-20.722933,-13.300281,48.682468
16.165918,29.381966,55.837505
34.472916,-11.432948,32.271877
21.056210,-32.408035,59.225384
-10.428901,43.085915,66.214569
41.236362,8.832320,49.909996
25.450325,-17.601526,36.803658
40.780540,20.162596,61.290947
4.553917,-31.717243,30.044270
-5.003152,32.380619,37.914543
-1.131005,-37.580311,42.087730
-14.783110,0.050053,23.765497
-9.576967,16.026329,50.722675
14.222582,22.573696,35.883144
-0.818801,20.758341,47.219017
9.459330,24.599642,48.265102
2.801232,-35.804302,55.965183
33.216591,-11.715019,46.268879
-9.565340,21.855103,48.890198
12.259306,29.169497,40.019352
-13.125567,2.724911,51.597557
20.829987,-12.538949,20.601099
-9.895688,20.099310,32.453712
34.167061,-16.666998,47.774223
0.048306,33.581161,61.841740
19.901834,-29.617241,46.561493
-20.289768,3.447704,22.929831
19.156277,25.498014,64.142830
-6.687076,11.045326,57.087948
1.935826,31.758821,52.984482
13.261511,24.884026,25.365248
-10.234591,-7.880799,12.677256
2.016160,-35.174561,39.713642
-3.851868,-1.676740,5.391206
18.069780,-2.048098,13.802318
9.184119,-27.425564,24.310696
37.228882,-28.702457,68.122993
2.233777,33.923626,68.358673
17.221828,12.899995,20.649109
44.917271,-0.444531,54.845451
12.911141,-29.008928,34.216953
-24.031490,-10.248187,27.465418
-5.156989,-35.202633,61.547459
-17.650206,3.516783,53.353760
-12.344806,-9.716282,71.657921
2.427275,26.049137,31.946125
-1.441584,21.233984,51.991611
-23.424736,-26.719828,35.534954
-17.600630,2.201118,13.227486
-0.913238,23.282187,50.778290
30.435286,-23.751976,56.030956
-3.634460,-35.441628,65.621155
-13.611720,3.897914,63.315418
-10.648222,10.127237,55.445751
-11.183464,9.623675,12.531164
-18.126705,-9.482013,39.229866
7.098828,29.325348,56.718967
7.293406,28.204699,54.723278
-22.363605,-7.238723,19.134979
43.351597,9.057621,62.097736
-19.469116,5.969027,12.963400
44.795227,7.629185,53.676693
26.672047,4.176452,28.051947
33.440987,-0.715984,39.132233
-27.082251,-26.405472,40.102703
-19.977276,-16.221457,53.737545
-1.223536,26.604317,49.942680
-15.812005,-14.349576,52.515182
17.266960,2.756670,9.943870
-5.002556,29.743576,52.960030
36.611187,18.564896,73.242935
25.281706,-35.100307,66.281166
46.310844,-1.668856,71.860466
-4.718338,28.244352,32.142612
48.625271,-3.822251,65.440765
38.958569,-14.361358,65.333656
13.394944,6.354445,9.961737
-20.785439,-17.471560,51.169315
-15.050035,-1.528470,12.677054
36.869846,-17.102884,59.226837
36.343967,-7.386778,32.787342
-8.867956,37.567101,50.658348
-23.180452,-9.009335,31.117893
30.093727,-16.026567,42.680176
-8.372921,23.625477,25.167906
1.954731,34.139168,51.813236
-20.981289,-32.202286,41.696823
24.627369,-30.295786,71.369179
-7.143262,25.996887,19.400146
1.434785,31.025965,46.666313
34.146503,-31.472319,70.590355
20.691286,1.626263,17.645952
-10.608575,-25.188799,24.127659
-13.949039,-7.802575,9.182692
42.948673,11.420940,61.883511
-2.381954,-43.117794,57.708080
-10.621144,-27.697868,27.907343
32.697750,16.361347,54.953827
-2.941540,24.231230,38.359974
9.329807,30.055040,40.216202
15.954255,-11.350962,18.662766
37.306534,-14.884698,39.595585
47.113640,-4.003721,69.358513
-20.559954,-9.711211,33.311939
-21.581961,-12.560814,52.122562
-4.892368,18.538069,66.669579
24.004103,24.883085,66.068710
15.387069,-8.028871,12.409461
38.812290,11.437849,49.783035
4.913189,27.181044,37.873978
-0.230950,21.040974,57.676975
36.459225,12.416146,50.429497
-17.960388,9.523337,47.877850
28.538834,-29.141823,56.924587
18.821093,-3.859044,12.254246
18.263300,-21.200161,32.284111
-0.819296,-11.572413,9.983018
8.735967,-37.553730,66.199455
36.933861,19.674967,62.283924
-22.174599,-26.232389,43.945274
29.034513,-27.684513,54.069454
-14.353136,-8.607092,55.803036
-1.793125,-34.460884,58.760586
15.674277,-31.466843,46.134018
24.007490,19.734184,46.488663
-14.293877,-16.924891,60.842201
37.558338,-10.427114,49.109322
-7.909009,10.889374,68.777725
-19.097275,-2.016376,32.261024
34.817791,22.192913,73.450294
46.397015,-14.832817,70.700172
38.539413,-5.673209,43.194550
43.344807,-8.702604,56.150082
7.404511,39.217190,70.936630
1.390629,18.412579,12.852220
38.854996,17.841490,53.441925
-2.435821,23.214451,27.379267
-7.929090,-27.564484,25.984138
34.232502,8.656472,46.759979
14.333321,21.552986,27.281004
-8.041123,-18.742397,16.926193
-14.412661,-0.439543,8.449822
6.727205,31.819384,48.859409
47.229698,12.188527,68.063545
2.910930,23.299246,24.978708
-14.643735,-15.382604,14.000269
-8.863184,0.174581,5.458383
-7.088027,-33.858139,43.822933
-9.149351,-38.755821,58.083496
-12.627905,4.195211,68.727890
0.600212,-44.507164,63.595612
2.381120,-34.678329,35.074402
-15.210849,-8.722166,53.467293
2.970548,-7.034525,6.053199
35.614021,5.553234,34.362541
-13.378502,-7.168159,70.161224
0.506596,-42.985550,58.202667
-11.433258,11.790537,68.577652
35.495411,16.503006,63.791840
-18.602678,8.365706,13.190972
1.909635,22.484228,28.250057
-15.238293,-25.468319,29.755213
39.764565,-12.742591,58.896313
-10.252081,17.919025,12.482183
-17.348551,-2.711615,58.617828
-0.778602,24.121929,25.583189
44.388817,-0.265314,64.277565
16.719034,26.852911,59.704350
-6.132162,-19.571005,70.803658
-2.963579,21.678326,22.250437
48.466942,2.253860,64.025299
-28.898216,-19.341612,34.378048
11.924809,-32.100658,68.085091
39.878059,-2.245978,47.591427
-3.604935,29.123411,28.365910
21.781036,-33.597206,73.118858
22.872297,-32.418575,60.678181
3.703210,32.945869,61.717495
22.725494,6.028960,24.857990
-15.749692,7.758714,26.807232
24.598360,-29.904013,57.435535
-17.599358,-25.908224,53.819199
41.343029,-11.896760,63.170856
49.043510,-5.510576,71.951614
-11.294153,21.293419,16.273472
-22.015387,-18.044441,42.397854
40.767250,-24.307074,66.830200
-6.094170,36.419552,55.825184
20.232260,20.016811,32.170300
17.386143,18.763124,19.707823
2.702652,-6.856048,3.937690
29.577917,-23.823921,52.954002
-1.720240,32.492912,51.153587
27.322071,-27.555035,55.680614
37.325062,14.691186,62.810234
-16.937298,-11.892779,28.381735
-20.347528,-7.085118,51.617100
-18.537157,-11.951185,35.577801
-20.395405,-0.094617,54.503326
26.121794,-21.582991,38.567070
21.865850,21.887856,32.359756
37.640404,-4.916875,38.072575
19.279821,26.192865,42.497547
6.758454,31.315508,43.808434
-0.638553,-39.232235,50.800705
10.373018,27.788647,69.210152
-6.567595,30.134748,45.997925
18.251030,28.274883,68.269852
-2.968333,14.393378,59.486786
45.006870,-17.104715,71.120689
18.835360,23.579792,34.081291
13.493488,30.518198,64.572395
-10.530179,-4.209460,73.193008
29.706017,-27.992271,64.152740
-18.118677,3.392505,14.783346
9.561052,28.610418,33.512707
-12.798019,-0.937189,56.400848
6.325046,17.729359,12.671235
44.260376,-4.933813,48.735306
-6.001938,24.006325,35.803997
-11.369986,-25.327795,68.147591
-4.500235,-10.726495,5.946796
-0.310009,29.789612,49.293339
-17.513561,8.182802,39.274174
4.970218,-10.426260,9.248061
36.743534,23.107698,73.822395
37.394413,-19.364271,54.753551
16.316540,-37.410019,69.222763
-2.014596,29.381378,48.290806
-11.450953,14.185146,12.938033
-6.595078,17.295864,71.784027
-13.342064,5.681497,56.375698
-11.461257,12.384828,50.300552
-48.142349,34.311012,64.497200
-3.605417,21.259686,26.708908
9.532671,38.333149,67.310196
22.650038,9.928704,18.183350
1.524170,25.321209,45.419827
-7.395193,-6.714769,6.416940
0.370614,28.425659,29.681379
16.717173,-14.283742,22.203163
40.956871,7.164356,51.470913
-1.658796,20.841167,25.552010
4.858132,-38.528984,45.159679
29.673054,-33.689480,63.600464
19.525221,-34.659325,53.564430
38.642838,-11.086874,52.123726
5.602017,-37.263199,46.458363
32.124413,-6.179479,37.970894
-14.235781,-14.148655,55.887001
-3.539441,20.329460,29.948683
-14.849151,0.009760,63.604801
21.124073,-1.671645,19.616350
13.560360,28.449049,73.635063
38.597069,5.109412,52.420017
7.038854,-34.520348,45.274582
-10.449057,-4.883191,67.098518
-16.508272,-0.152954,14.746663
17.627768,27.809969,48.464031
-15.499919,2.301194,30.849964
23.487541,0.090460,15.406703
20.311800,-37.151184,66.915741
-18.688366,-15.095597,26.214523
44.698994,-3.338417,55.852821
42.369907,-20.601549,64.696030
30.591238,-15.408830,29.925489
28.684036,-16.761091,34.934898
-4.197103,26.847229,40.437302
27.350508,-3.671129,24.588680
16.075432,24.097088,28.909975
-2.234073,23.254133,73.847046
-6.574065,17.968237,64.146690
43.032001,-11.976871,73.783005
35.287739,-28.052717,58.829643
-4.934894,24.465780,29.887476
33.955334,9.170815,33.815510
43.219929,-3.658977,51.806042
4.046049,-11.666721,7.266497
36.140747,-20.748255,67.263985
-6.348940,18.237411,38.889000
-6.642798,20.098349,35.025425
-53.614643,19.365219,59.609447
-2.042491,-16.143091,14.107536
-16.345911,-19.117895,51.448097
4.277773,26.283764,32.911030
-1.852463,17.798407,59.837395
-0.826387,-47.161209,67.153580
-0.781920,-35.062309,44.095100
-15.215902,-31.195118,36.527199
-23.409010,-18.247421,37.434929
-10.714480,19.326365,52.254990
-41.264942,38.263874,51.358829
9.634311,-37.716763,52.145107
10.511914,-32.577976,73.793579
-5.696845,-14.506151,9.503869
4.455520,23.470497,66.624451
11.924954,-16.928314,20.376556
23.912642,-23.847591,43.679348
-18.419767,-18.990572,60.161888
-9.665207,12.815407,16.185041
-4.035714,-23.416061,73.947670
46.235775,6.498704,56.294262
20.050419,0.033240,14.981667
7.288660,-30.187639,28.172367
47.477478,-1.138799,57.395988
21.533634,1.954096,13.714436
-17.175190,-19.924822,49.208813
-17.220264,-5.580648,53.722733
12.049852,29.182743,71.613136
34.402344,2.020734,38.978920
-10.879223,0.271838,71.923248
34.952927,-24.652182,65.833351
-1.243848,10.712453,71.361794
39.177101,-24.780111,69.839226
33.603264,21.420631,60.657227
3.842878,36.831085,59.788643
-3.384920,-28.253675,68.026367
-4.129415,16.256390,71.817253
41.724758,3.496979,73.853477
-15.896057,6.690571,63.240513
-12.640786,18.241196,47.319164
-3.152505,24.996229,40.334354
-0.201854,-39.195858,66.816818
37.904461,-2.609864,40.227760
-10.889027,-18.454037,67.098434
9.065022,-32.296211,41.031555
1.989979,-36.338158,37.642376
17.602495,28.090342,74.006607
6.156659,-43.342285,61.653053
-22.164213,-5.110395,37.073086
-3.267982,26.926418,48.113358
21.695219,-32.106392,55.753078
2.110335,-36.807076,67.390793
-19.048374,-29.876057,45.060818
-16.135040,6.809922,31.808645
-10.422475,-3.939997,12.675260
-2.546116,13.242295,9.256951
-3.104903,42.237461,70.498955
-17.690941,-22.059185,53.497826
-50.577644,-14.386261,71.848167
-6.258496,33.671219,39.121056
-10.468757,25.413397,20.125299
21.617672,-28.188208,40.333416
16.720421,-36.586082,73.673767
41.256989,10.224254,48.213074
-5.473146,22.463446,50.374939
11.422972,-3.446833,6.260958
5.751528,25.102249,56.222702
20.857321,6.478095,14.151769
30.573904,8.927438,35.943825
11.826175,-31.824972,32.134396
3.126745,27.498623,35.734276
8.377005,28.740654,46.284973
-8.853019,-3.293609,10.543811
-16.718559,-1.823363,31.552681
6.836045,-34.184036,64.947411
-27.176067,-18.661919,31.657270
6.163895,29.204807,73.934227
9.320446,-31.324934,34.779518
12.832614,31.106083,71.416840
18.411631,-40.768925,69.168953
-5.422248,24.814112,25.812124
32.119537,-24.465017,43.080776
-15.140113,0.035311,54.414089
40.180939,-10.429670,42.959377
40.767330,6.344407,62.555546
-17.934523,-14.997585,20.917976
41.819332,-1.120267,60.934845
-20.326445,-20.933470,30.890913
-11.317984,2.578401,55.621193
23.535685,3.630870,17.087994
10.444458,-39.366272,71.426575
-20.566076,-11.914201,56.946239
-46.173248,34.560177,50.196629
-6.002960,29.167284,51.166702
38.275066,-4.406455,47.611691
29.324963,6.940101,33.135483
43.006203,13.612021,54.256939
-12.912400,-24.435137,58.679237
21.589993,-30.780769,38.538044
25.548737,-28.846903,54.979874
9.811466,-27.113510,26.352764
7.524201,35.237389,64.997276
15.269616,25.450155,32.953297
-13.492096,-23.178885,68.068375
-18.428774,3.823792,31.963718
33.099823,20.196802,63.665222
27.414803,-23.841869,42.603157
41.614826,-8.080138,58.971893
-8.827866,-28.289038,59.075260
44.619934,-2.562075,73.758537
-15.488191,4.941373,64.833923
4.595661,-44.191132,62.952175
28.309406,-13.829874,28.313166
23.723516,0.386392,21.434767
27.682028,20.283215,49.341751
-18.687403,5.261862,54.880840
-3.078601,-37.632812,56.527576
-5.586838,17.809635,46.475269
6.418273,36.891228,66.827522
28.107866,3.708795,30.358776
-48.910614,32.404354,51.390072
8.200790,21.638662,14.091921
41.617691,4.349539,54.446644
26.060410,-23.598150,47.559952
26.287971,-18.063162,26.755571
-12.541880,12.453397,33.454536
11.447836,-44.651295,71.789124
-14.370799,-6.450333,12.320444
3.886200,23.412285,21.424837
-11.393219,10.217148,19.767561
4.580284,-40.118473,49.930058
27.007263,16.153133,31.447615
15.799115,-36.092735,52.444954
9.340776,-30.837175,29.402061
47.574799,7.216865,59.134445
32.038509,-25.667109,62.954891
11.690344,-17.358551,16.043715
21.059286,4.596751,20.445681
9.883580,26.866381,28.412472
23.345108,-25.611849,39.378010
5.737391,23.591793,70.535995
16.788963,-29.907305,73.963676
-21.313959,-1.929847,30.908976
-19.080647,-48.474216,69.241821
22.359058,5.018415,18.752687
4.731223,-6.026799,6.427605
8.746365,23.502005,19.200781
40.975147,4.003980,60.710983
8.454120,35.965683,73.949127
6.260043,13.187892,6.299716
30.937216,13.146643,33.540775
20.455149,15.149843,25.884375
11.182363,-34.783569,51.116959
30.799742,-16.183805,36.442730
37.918144,-21.883423,65.777847
8.165519,-15.644340,11.792537
-9.528162,-23.191689,25.665165
2.333313,30.945318,58.231552
-0.537983,6.365195,2.896548
11.664121,-43.367130,68.511002
30.905231,12.337412,31.406275
-13.139410,-9.455678,10.497567
29.352261,15.106102,34.443848
-1.872520,28.060070,41.593315
36.300072,-16.788656,47.959194
-17.946363,-0.249370,38.363804
0.844715,12.504740,5.890676
1.517329,-40.407841,55.252888
36.676254,-21.189478,73.677719
22.375652,26.108845,67.831207
36.827652,-18.538303,41.530125
9.889860,-16.972794,18.952370
44.215199,-5.620894,62.351231
-1.970307,13.332275,72.521141
-0.191634,28.751968,43.977062
-1.274372,-23.122211,23.047804
-13.530634,-16.349758,71.126625
-6.219357,22.205097,43.948452
-22.654812,-1.011395,20.082342
6.271018,5.421051,3.603613
6.938867,-28.590572,33.723663
-15.634380,11.431567,51.179565
18.819836,29.327475,55.321377
2.658137,-40.637913,48.752125
33.332649,-18.922750,50.353191
-1.875691,-35.931225,61.945526
-15.508131,12.661847,34.087387
20.053404,-30.845049,42.555157
-1.670087,19.553455,53.708893
41.785717,10.813704,72.797943
19.285627,-13.964873,24.346577
-15.492819,3.521485,40.901531
43.839352,-5.364187,59.647251
6.791522,19.518602,11.189414
17.962284,-42.063900,71.994873
32.509193,25.232834,67.934174
7.295519,33.911366,57.050846
-13.294192,5.164272,22.537487
27.433565,-29.005566,73.915466
-12.969810,-4.496450,58.337093
8.577886,32.012672,53.211979
5.620962,30.412449,52.175056
34.687771,-10.369582,44.448433
45.292740,-4.402264,51.693970
20.240297,8.785385,14.496802
-7.704598,15.012766,43.132084
4.390100,15.982323,8.866852
-21.574200,-16.692179,27.574463
-9.626104,-31.258194,61.748276
6.989296,-28.385859,31.579596
21.821730,-5.989137,18.809280
7.037595,25.684185,63.509106
39.436825,-20.161594,68.288109
-19.038471,-16.425282,50.198322
46.853874,10.423729,60.119919
0.632803,-35.275105,57.774502
-5.473796,-40.431133,54.806679
-2.440627,26.506163,18.586399
-4.819527,22.981571,54.683308
-51.987110,24.546862,58.365997
34.424538,-29.835176,74.185295
3.020172,-38.520809,47.507114
37.622589,-15.002114,45.034843
30.861826,-1.632778,25.444794
-3.904825,21.126421,34.447285
-17.709673,-6.533602,56.320534
10.894550,24.456032,66.248520
-3.077607,17.027203,62.701885
33.876583,-26.817411,63.914230
1.398501,-28.055174,69.551262
-17.694557,-8.298277,33.742218
-7.792825,-36.251503,52.882782
25.725557,5.808334,20.794640
-12.720814,-29.058064,58.762447
-13.263738,-34.621971,52.679653
40.852493,-10.184589,49.688908
18.970360,-22.435446,24.162107
36.805943,-8.659296,37.723232
-15.007276,-36.305950,50.418705
9.344780,31.438227,50.686646
35.517765,-6.977331,30.827778
-22.496145,-9.191893,40.236259
34.497082,-27.627958,54.444630
0.390071,-23.145731,73.849258
26.491385,24.459700,65.665840
1.047916,31.806829,61.253345
34.413231,1.362095,29.663483
-17.527143,-18.657701,47.725647
42.625793,-6.656761,45.793301
3.033910,21.340002,70.600288
-18.094841,-5.639219,23.750492
19.129181,-7.819574,19.138256
-20.971642,-20.926710,45.450668
19.369070,31.227852,58.703251
-8.918318,5.049164,11.724042
33.667416,15.506622,43.911350
-15.160769,11.278396,58.912445
14.693611,-32.337116,34.935608
2.038538,26.506857,21.291803
21.900740,8.113394,22.543280
40.476978,14.548749,73.871780
-10.762497,-3.317757,61.150227
9.622147,-14.454240,9.743746
16.995024,-21.079115,19.985723
-9.104864,14.968003,62.066330
-13.447961,9.458807,39.871918
-9.008265,31.707832,37.933521
41.015022,-11.119177,69.225822
-4.958405,-47.258434,65.124306
30.951693,26.115061,71.150673
11.480825,26.087601,27.418966
-8.261643,-11.998219,7.622211
5.101405,22.170538,27.203657
-6.672712,-30.980539,59.495022
38.072697,-3.140152,36.581394
28.999788,-2.897158,26.037260
-2.482749,37.682190,64.738487
-4.461874,12.186384,11.410918
44.347042,-8.558712,68.817276
-4.820209,10.922008,65.361710
-10.086792,-22.520975,19.085939
40.341106,8.504523,70.759178
4.629218,24.036329,31.047697
39.091400,-18.269012,46.017193
-3.167897,5.085921,3.437890
-10.517357,22.277948,14.277808
4.527959,18.786036,10.272643
-4.912682,-37.401733,42.881725
14.572603,15.232693,18.533367
-15.888606,-26.079201,51.059219
-15.751555,-31.331310,52.553619
-21.163162,-3.381835,51.220943
-7.692081,3.460972,73.556709
24.217104,-31.556589,49.765160
-15.379787,22.319883,14.599495
7.911734,32.829773,67.001572
-5.386627,-44.051113,63.312515
-17.453169,-16.461893,24.750334
3.796571,-41.626736,51.315102
44.747051,1.629901,50.700809
35.516335,-10.777070,40.239048
11.794346,-29.206001,28.031559
-2.864905,14.758129,66.357544
15.581257,-33.811611,50.780327
-8.757616,-33.668762,60.942329
-20.129263,-8.025530,21.871103
24.468075,29.757320,69.141724
-2.035660,23.251242,52.747025
-2.301289,-34.820435,35.944057
22.035639,22.340679,51.932423
18.024015,-38.390072,53.067112
-10.315472,-32.625713,56.122662
10.627644,-28.127470,31.014776
-0.518663,-39.549896,55.239204
-1.599446,12.139546,6.229114
33.435757,-28.538851,59.652649
-3.439147,39.627754,74.175217
-19.371941,-1.208170,12.584856
43.289745,-15.145535,56.703674
-2.504856,24.989151,47.821793
38.538857,-20.848070,64.024582
23.191275,-3.175874,14.983488
-8.621661,13.598886,23.680450
18.868540,23.791813,41.658684
8.347553,-42.972832,62.691128
-27.539001,1.804758,20.659500
-20.663748,-9.659282,53.415764
6.243170,-35.845913,57.032833
17.387934,22.143583,42.082920
32.866467,-4.317194,27.010990
21.278811,-31.903433,50.242176
-1.259554,20.253252,65.009552
16.324633,-19.397141,21.510727
6.576203,23.836424,22.977739
12.487862,-32.425617,34.262291
17.749681,-32.432961,37.583672
41.115135,-21.546415,60.478546
42.167900,-2.912306,63.409000
-19.651834,-23.205778,37.389351
-6.712460,12.230454,16.909576
-25.265718,-3.918871,22.922188
-9.041479,20.799120,15.312145
14.300140,8.938362,8.985429
19.902735,11.437568,24.605667
5.427123,-35.392216,63.967758
12.272401,-31.236456,73.932640
40.770676,9.317163,64.530640
-5.816213,29.445343,40.313148
-3.692457,21.721590,38.955853
14.187300,-34.165104,62.096165
3.759504,-36.710823,61.925262
-21.399494,-5.663980,17.357031
12.115116,-7.046020,12.040098
36.323071,6.617019,48.685875
-9.027143,5.827520,61.057793
5.070645,-28.639538,32.970566
-7.828889,-22.905909,23.161871
3.681878,-39.656834,51.922489
-15.242795,-19.541273,22.907949
5.222847,-36.461395,37.882771
29.106375,-20.430975,47.569687
-0.641335,22.804930,15.970436
-12.682522,-2.188003,14.483891
39.074726,14.186015,56.606327
-0.984509,22.710119,65.952309
1.334271,24.261675,19.987881
-5.644458,7.895588,73.901108
35.434677,-5.582424,46.280434
-12.562429,-10.534811,59.159138
17.875229,35.149570,71.901413
37.807880,4.964342,41.047337
-15.889752,1.555488,66.638145
-10.282329,19.877041,36.131920
26.174021,-20.622641,34.451813
20.837181,14.330523,22.619177
32.797310,-11.934589,43.744606
45.517540,1.416242,61.250427
20.328163,32.001163,61.532055
33.171726,-32.868198,68.906677
38.843399,-16.322279,68.181610
28.572920,13.041095,39.411736
45.301529,-7.124480,61.194614
-12.949993,-4.476032,15.178722
1.516925,-36.343369,71.866684
10.783545,23.968740,68.978638
-1.142233,35.375263,61.678310
-14.145256,8.941849,53.098301
1.663285,-42.311966,54.283287
36.786488,-20.201422,61.398232
45.775940,2.583017,57.762699
17.055941,35.695450,67.524696
-6.811175,-48.317627,67.562462
36.531902,-24.579893,69.651443
38.781361,-19.266567,49.080219
-5.090136,-35.408756,43.144829
10.311552,-23.894056,26.768089
-14.150437,12.014726,13.820089
-4.414240,18.787975,16.308613
-6.048798,-31.725798,66.665787
-15.431508,12.682391,38.355865
-0.357155,36.354797,55.027576
7.514051,27.570076,61.406368
-1.045771,18.840349,67.623367
5.914717,24.984921,27.039280
8.313391,-8.090111,6.217838
42.984848,1.668860,59.584465
-0.454711,24.367542,32.119362
5.607230,29.603067,35.537254
-6.454557,25.117632,55.317284
8.579844,-25.077135,21.128384
8.051296,38.611633,68.803474
36.686447,22.193701,60.673969
-17.127161,-14.449023,17.045494
-16.278687,-1.924142,28.013878
-4.418818,-33.065559,67.618446
-10.020088,31.841217,29.133812
-21.193747,-15.141732,50.324387
-24.300886,-4.634641,26.677422
-4.791255,21.933422,60.081955
-16.697639,-11.280972,56.239513
9.676529,-11.695114,10.012391
2.072274,-32.634834,66.765121
23.949078,25.902227,50.662991
11.753028,33.483704,62.351860
-19.138639,-12.722523,45.757267
13.739999,37.221798,67.702950
24.661324,23.924389,45.418713
1.870594,-30.490824,34.057205
-52.617142,0.065868,69.166916
-8.454802,7.836338,74.096825
26.453470,-20.652668,30.474436
14.083342,-22.134178,19.422972
2.097078,36.919838,62.029667
0.863463,25.963106,23.330431
27.930603,-10.500094,33.300724
-51.671246,-10.273553,67.920197
22.813707,33.219536,66.313347
38.893620,-8.157430,53.123814
3.157914,-42.048851,71.588211
-25.208563,27.200260,21.029974
-8.254139,-24.203581,63.029385
-13.913855,-43.799606,58.251259
-8.003196,-3.431087,4.675489
-14.186666,-4.029334,13.020701
-14.284257,12.477297,29.621515
9.525290,-23.825071,24.228170
-1.243391,28.716593,38.236450
11.758093,-21.390232,26.446098
-4.144692,24.627272,23.300215
-17.546717,-5.974143,64.274231
40.425209,-10.203259,45.436157
-20.568499,-19.343098,41.989735
35.502590,20.884743,53.775463
-5.589045,20.611408,26.396759
-5.976059,14.268026,18.632843
12.241000,-23.209452,23.816322
1.998676,27.932438,24.132292
12.593727,-18.186865,18.271254
30.014317,15.430487,36.627644
-13.057910,-15.252411,58.100403
3.794813,-38.944729,67.925041
4.825468,-40.203548,47.691235
3.885876,24.323296,45.986778
0.292734,21.550117,50.860340
28.440580,29.705297,64.343735
-3.910167,21.723557,49.383533
42.709904,9.886674,51.958771
17.438372,-41.143982,73.832138
-13.399101,17.084183,41.948986
-11.881752,-8.814451,15.014738
-14.861414,-22.704004,31.860861
-9.656606,-25.095144,27.882900
0.127164,16.584389,65.504433
-11.816314,7.772879,54.655430
39.654591,-5.134206,50.334839
14.347746,23.200396,39.712105
-18.101414,-10.984915,37.435394
-21.121260,-21.078638,47.791737
-12.716311,1.493263,13.166142
-19.390087,-20.299210,35.667358
0.716942,-6.142184,5.589077
-3.696594,7.510495,70.763870
19.541250,-15.741099,17.441364
-11.674537,-21.076342,22.429237
43.822788,-12.506634,56.046799
-4.279763,-41.511772,51.041454
24.249218,-35.890671,70.662247
6.376169,-40.310894,71.203873
-10.715526,8.125718,8.433084
18.843615,3.404309,15.698874
4.258561,-23.741709,17.734077
15.285535,-36.686554,67.309494
0.384252,30.864819,66.341942
5.222106,31.459133,54.015991
36.132671,12.788589,55.770340
-0.395301,-32.477283,30.782312
13.175169,-33.209698,41.135330
-12.907331,11.791474,18.587351
-2.360788,32.541298,38.011238
-3.200685,-43.228558,55.970177
-24.905233,28.903954,22.561943
10.781533,-33.417576,71.626617
27.699118,-18.861021,41.995667
3.225896,25.034033,17.143948
33.932549,13.401887,40.889252
5.729244,23.788631,16.274357
36.627445,4.941829,37.293064
-14.053777,6.638489,59.712204
-17.408930,10.136188,51.913952
-11.735721,-0.181818,64.911064
-17.140829,-15.717064,52.965221
43.264851,-2.607792,45.731110
7.523007,-20.955435,18.793034
-7.485848,34.404545,44.898876
-19.590237,32.635342,27.355669
-15.259069,2.268018,51.775772
34.348362,-15.036280,51.782761
19.946964,21.900553,41.260651
-12.499285,7.887588,43.376053
-1.214737,17.837921,71.848206
29.092796,22.379351,56.656437
-35.618153,37.989853,46.149532
32.001953,1.878953,30.164223
43.986950,-4.438641,70.818825
9.087244,23.161766,21.470507
14.145329,30.651035,67.784264
-7.332142,28.663065,38.387634
-16.965141,5.502388,16.685530
13.610177,25.778130,62.245201
-52.599098,14.242500,53.075314
2.587119,-16.505259,15.033734
9.731883,28.458296,48.162525
7.509898,29.631903,41.999470
40.721966,12.446599,57.200134
43.671780,17.474730,64.692299
13.537123,10.150139,10.562967
-5.953804,-29.979361,69.852547
-2.236533,27.020132,25.328396
30.088903,-10.397221,28.932682
-6.700471,22.114939,35.414593
26.955614,-28.926323,51.082928
-26.941002,-13.541195,26.827484
7.831527,21.536850,26.699560
-14.679116,6.927434,9.813377
-11.932059,-21.670654,26.176704
-11.404131,-5.961643,12.747962
3.707762,-32.228928,39.244629
10.054410,-9.150205,6.929063
-50.499451,-16.237457,70.438042
42.920692,-9.915914,48.137863
14.618072,25.171673,70.852074
-12.662727,11.934711,38.626411
-16.378311,4.235947,51.617340
-11.952461,7.449170,50.568787
-8.128554,-26.880041,66.375999
1.087439,37.514130,71.833481
34.507187,-4.063806,41.016945
-0.150408,32.116776,73.826599
-1.069187,27.805670,35.918804
-19.426704,27.632401,18.185524
6.516378,-32.709148,41.290176
35.369255,-13.210982,41.312103
-21.971365,27.686697,19.180099
-23.672977,26.066078,19.217619
20.607777,24.457390,48.025276
30.600676,-23.837267,40.095055
18.639660,25.376556,49.573467
-8.845700,7.372630,70.993126
-4.832327,10.152943,72.966698
12.605518,-38.542610,70.748787
21.018414,6.757696,18.366869
19.501705,19.584867,30.253897
8.701761,28.351879,71.474503
-9.823898,-14.059367,71.672951
0.431393,35.412212,68.879456
24.463659,26.219988,68.001877
-7.920778,18.036022,40.323040
36.520523,-12.709364,55.460060
8.140644,22.548525,68.466637
-6.143530,-18.284401,73.189819
-50.181591,18.691656,46.386162
6.625647,0.847905,3.642177
47.287106,-5.679840,66.816170
-11.005404,11.521420,62.398285
-14.655027,-16.322903,24.345869
-15.514983,15.236999,12.446201
44.055851,-4.054294,64.009178
-5.908558,17.706097,25.567020
-6.493720,19.906300,20.215370
5.833666,-35.282089,67.025108
-28.572252,28.597479,25.237553
37.884159,-0.479361,51.143608
25.577486,-11.541120,24.408432
-18.103939,-15.491286,45.514484
3.855657,22.582319,29.225954
18.713938,3.849139,18.058487
-22.076344,-19.440239,34.470459
41.363350,-8.116491,42.769974
32.215096,-8.665733,39.555782
14.812009,27.625080,38.860588
9.599105,-13.103439,15.344047
42.269527,-7.378070,49.889648
27.779684,-6.300496,27.761379
-9.664894,-41.256031,57.739368
35.438705,18.499735,63.303715
-27.746666,27.169947,22.972460
-25.494341,24.821108,19.302855
4.282440,-39.030827,54.318626
-8.931273,9.488383,71.035561
-5.106356,28.146559,41.682667
-21.345858,25.114216,17.457052
-27.747387,23.683844,20.362190
-15.358444,-8.829785,21.874540
-0.405925,26.767622,45.333954
0.565276,29.612249,59.315117
1.181788,22.540047,31.589478
1.232695,28.161438,27.366949
-15.754621,-30.204229,49.331005
15.642943,-33.198544,37.849091
-20.383411,-29.930628,41.403069
-9.886744,-8.762938,70.289635
-12.610336,-6.197704,62.863152
10.799792,25.190529,24.223396
8.424724,31.308874,42.662888
25.658316,-7.015863,18.734287
-16.188534,0.486487,60.609119
35.605587,15.054130,74.074875
12.699697,-31.253004,37.028233
-3.872922,29.143118,59.723125
-17.512880,-19.262718,37.395313
-3.846517,16.737856,52.489113
-8.398105,19.014242,29.247820
-1.108734,16.998346,12.285586
1.212212,37.503414,69.515762
-16.558325,3.262382,24.346483
0.887352,26.238184,34.965282
-19.796904,6.906089,42.329048
24.148027,-30.915474,60.772339
3.786129,32.888161,50.046597
23.486708,-21.748358,39.448772
14.631803,27.132584,34.196651
5.064476,23.537193,25.456318
-4.271132,27.149414,17.981842
-4.799941,18.517982,19.663229
1.203475,-0.476258,1.626567
2.180224,28.759390,58.096893
-1.085733,-5.437802,2.805881
12.112034,-39.679890,51.852852
-14.328712,-7.495283,17.800793
9.431759,-2.625026,4.589471
33.357841,-10.786938,37.927197
-4.535121,19.330702,73.957970
-8.943669,-16.969534,65.278618
-23.157095,-26.712227,39.248558
-18.982533,-3.815765,13.236270
-1.360272,-36.482059,59.148102
5.169911,25.350544,67.337753
-19.427059,-20.358351,25.233068
1.176693,-29.314150,66.894028
-18.830725,-8.476182,30.131737
-3.491251,-26.999374,23.710659
-19.856503,3.524280,26.885077
37.725422,-7.049571,35.018433
36.306534,15.719092,70.559013
6.889517,-38.834633,54.517639
11.908868,27.358511,41.769398
13.982666,11.928788,13.156903
-28.993441,-25.009350,38.215351
30.780895,13.459836,46.755688
27.421211,21.753700,51.626793
-0.716282,29.885948,32.711891
29.137915,-22.944254,41.423733
7.537055,-41.740734,66.562965
36.944214,24.972095,67.591232
44.881233,8.147820,65.019455
-25.413910,-25.408861,35.698147
-8.297771,-33.798523,38.024387
3.426109,-22.039095,15.906500
25.282764,-31.391197,44.484623
-2.053444,-32.983566,72.225357
15.276806,29.484093,66.446434
-13.472540,-28.169395,34.101784
4.114802,40.379864,72.158539
7.641926,-15.445576,16.356041
11.769169,13.872792,11.051754
27.213732,-33.080627,55.944572
-16.637022,-3.629962,63.533829
39.219318,1.723307,36.313129
27.953741,25.206341,66.909866
40.490578,12.077851,62.812576
-5.024862,-30.253839,29.352598
14.137583,-40.491283,69.045357
41.484341,2.164027,51.986874
-6.353331,-5.741986,4.424894
-12.006706,-8.510696,60.163937
18.513050,26.269522,54.678749
-2.424617,-21.246105,13.889481
28.504726,-29.711449,52.916359
-4.804037,19.533079,61.230331
-14.992059,10.332890,38.267776
19.952145,22.303429,38.781013
-10.276370,-26.485476,59.183102
-3.271409,-32.400108,70.481270
35.969456,2.364618,46.452496
-12.586405,9.315577,49.681213
-17.079348,-6.738347,62.207176
-16.855507,-15.666945,57.545937
-2.343585,-3.076849,5.171650
-0.636170,38.628586,65.688026
3.278712,32.564266,42.008968
-10.773540,33.822163,37.140728
12.746149,-15.454988,13.797465
8.939981,-38.456081,44.359566
40.616608,-14.359327,55.165730
9.845142,-40.443241,59.245422
40.095047,-14.277177,43.629944
1.597094,20.820412,60.535667
42.106022,15.414215,54.537514
-10.673377,11.492190,43.066078
-11.527536,-23.417561,64.460762
-1.325372,21.625727,54.017937
2.115457,-30.300217,29.187584
23.501986,28.833420,66.166550
28.493200,-10.918644,26.362053
39.002056,-21.052214,60.266228
-18.038269,-38.867622,50.788086
35.496422,10.277862,51.036156
11.449036,15.361995,9.803393
-4.169484,12.158414,69.397133
8.903425,26.119659,41.478722
23.641783,-23.521065,35.073662
-8.951591,-29.278992,61.173912
0.086386,19.130999,59.383678
-7.454171,28.897747,42.661678
-16.363264,-35.360973,45.809887
-0.983225,16.711655,73.854012
-13.006488,-31.814997,56.532196
-6.789376,-27.640066,62.814030
26.004925,-35.235226,57.857437
11.877152,23.749096,42.686008
-40.148293,36.630779,46.308647
-15.594878,-1.587201,25.900227
47.820499,7.569780,65.627617
-9.522111,21.676031,20.819757
-49.953854,23.827869,45.926678
46.550598,-3.145828,61.269272
43.705452,5.191257,63.570461
-6.211838,-26.205229,67.194260
6.143362,24.858261,50.865120
1.835466,25.511385,52.747738
-3.561924,20.534607,37.289268
-2.986395,30.994402,56.618965
-19.398571,-13.210523,31.168901
-1.101723,22.180946,59.290047
27.822111,-31.226530,56.225197
10.995750,-34.553658,42.406002
5.407652,-21.636602,22.276545
23.393776,-14.740992,25.135801
-8.905022,-21.302837,16.607269
-5.005136,14.846697,62.858097
-15.150577,6.007011,54.330547
-6.515717,17.424139,10.730938
21.112316,11.089457,20.803162
33.373180,10.678333,47.782909
29.512129,0.481055,27.844124
16.005205,-23.673088,33.219444
40.503780,12.594548,68.534172
22.909109,27.852327,70.776398
-19.690475,-4.762599,59.245121
-1.056569,35.139587,65.858215
27.515537,7.978765,27.084497
-9.357016,9.856566,66.659317
43.283691,7.147309,61.177689
31.164543,20.803484,65.688232
9.723857,-33.871662,68.866158
29.677683,23.503271,64.671989
41.990276,4.903276,69.864738
1.263601,14.585950,6.624972
8.884902,-21.116114,20.580095
1.457483,3.244596,2.096804
40.329674,-17.395430,55.711636
-0.626610,-30.838642,64.576599
-5.347434,-33.862717,52.625698
-21.685064,-8.232367,28.290422
-11.609571,7.540956,57.364796
6.763896,20.104258,18.749510
1.478469,26.911509,69.635086
8.747386,-38.785095,58.335114
2.265586,21.597528,15.791389
1.054709,-15.372957,13.319847
-6.318251,18.564270,30.353687
-12.309991,-17.462328,63.842091
5.270518,24.430967,48.239155
-6.329316,-13.050499,7.392348
-26.488136,4.087586,18.721872
5.859575,-31.585386,73.422157
29.976410,-5.392238,29.441496
-11.333697,11.065766,57.843483
36.275139,-13.253120,38.211037
35.029205,-14.649800,39.563770
-0.251772,-38.208851,68.566803
-16.560793,-14.369574,55.665569
30.118147,17.279673,38.808323
8.960437,3.303929,4.011651
-24.368870,-0.384706,22.057474
-25.856148,-8.968554,27.983427
43.037189,-9.865234,61.247974
0.299750,-38.788700,44.021053
3.432896,-43.654980,60.588688
15.923758,-39.288620,68.242981
-14.723441,-0.602396,71.570724
34.216702,-8.921302,45.703930
-10.169572,16.789932,44.246361
-15.208274,1.614473,28.804134
24.170187,27.992155,59.802917
39.990086,8.562327,62.443287
15.233541,34.236820,60.829750
12.472139,-35.268002,56.723717
-12.196465,-22.013205,61.464516
33.703674,19.659838,54.483185
37.410694,-7.962500,46.416134
24.279854,13.528808,31.933128
25.815336,16.363747,28.568092
14.951464,17.726768,20.057289
37.029274,0.127325,39.437855
22.984285,28.075609,68.018951
18.782782,-33.471779,57.794651
23.452557,28.149778,56.716549
11.597995,-24.399740,25.305855
49.308296,2.841576,66.239082
7.291394,-29.611616,35.496223
-8.240111,24.129745,46.481636
-6.050945,-43.839695,59.214615
2.790280,-42.133293,56.955750
32.422615,-25.428606,53.648289
-19.457710,-8.969265,48.625858
2.254391,37.315269,66.703415
-51.294872,29.591076,64.610214
-7.089808,8.886667,9.994967
-2.474495,-40.676067,58.429146
30.106880,8.835751,27.375174
19.559303,-32.955238,63.395222
-1.112644,25.683758,62.850708
-9.731569,24.552637,18.296982
-3.849216,-37.784801,48.840027
-20.090036,-22.973526,28.159786
-11.480206,9.272642,21.903250
-8.348693,34.109467,41.072845
39.282040,4.646610,55.315079
-19.880100,0.231536,21.612505
-8.297706,-12.990404,11.838099
-6.154815,2.292009,68.720589
-17.990128,-15.548666,34.500053
-20.163342,-5.089946,40.014118
-2.176774,-35.268326,47.784580
1.002627,26.503841,61.923416
28.606552,16.989418,34.908054
-18.474520,-26.789171,38.122841
48.058861,-8.968272,71.083961
43.557838,-7.688107,51.619118
-1.568983,-28.028301,23.807444
5.145580,27.571573,34.979206
-6.584853,22.460321,40.481934
33.337391,13.874493,51.161045
-10.397204,-1.698024,12.299364
21.191664,24.735937,59.875599
-9.462203,7.879079,53.330006
11.673012,27.818598,62.501278
-16.489855,-14.600891,59.562191
26.022228,19.915102,36.019520
2.396157,-20.944256,17.300480
-20.307911,-5.430186,29.894093
-7.022147,-36.266434,47.219273
22.881746,-6.321465,16.742010
37.767574,17.529938,71.638161
30.527979,24.949926,68.629837
-20.824146,-33.181458,43.897491
-13.077857,1.311244,66.585442
-19.284695,-31.502703,40.004414
35.819489,-19.875971,65.250893
27.042482,26.211128,73.860741
46.050575,-0.358149,51.663300
-1.715461,17.877760,65.144821
-14.643010,-5.153720,71.205360
-13.854276,5.847047,51.003769
-14.554330,-8.943888,65.295891
22.198036,32.385605,62.581753
-8.553579,4.282201,67.676430
-7.387510,-39.777538,56.158611
-0.160329,21.855516,29.029764
47.031414,9.636021,62.757542
-7.198062,34.275902,49.912998
-8.671006,-32.903454,44.905510
23.100922,30.393526,67.591019
13.900785,-33.391304,36.620892
20.496876,-20.212070,22.780643
-2.253497,-48.421951,69.101532
19.121830,-35.635525,63.440941
-19.626366,1.572132,12.826631
8.037683,-24.156593,22.868773
-6.395697,6.646089,65.653984
37.252838,-26.956718,72.375450
-6.090057,22.455606,62.561337
10.358882,25.979618,62.131298
5.191729,27.865311,69.831032
-13.185739,6.058981,12.258737
1.962547,22.394905,53.542797
-14.880998,2.222853,47.952595
7.386327,29.821175,62.103531
-19.931789,-6.173995,32.893341
14.346645,30.816288,55.283039
2.422351,-32.456432,63.643131
24.773218,-28.644369,39.612835
11.667081,32.321785,68.396912
29.995651,28.200563,62.513668
42.040844,-11.215051,56.062626
-12.714125,12.831695,40.573662
7.738887,-38.452499,70.548813
-10.815574,-6.942582,61.213070
-25.132168,-31.506056,45.141731
13.642613,-29.554663,39.552559
6.945657,-26.199705,26.181993
-2.378428,20.657642,71.406868
48.335129,0.443600,60.419796
18.449841,17.430548,22.304441
34.426670,14.629954,53.382530
45.910118,-14.310206,68.338020
3.969769,38.277042,68.037392
-7.911896,0.581129,70.574104
-2.828238,21.660376,64.346085
1.856709,21.793962,66.662949
-20.617443,-16.062670,56.065880
-3.536125,21.396858,18.898048
-5.416492,-10.509367,8.535766
24.404373,-19.587984,30.605333
24.580389,7.834173,28.686010
-14.720666,-11.335227,10.807730
45.857418,-7.986072,71.986717
31.028141,-25.419666,46.114849
13.867296,-25.955648,28.827030
15.755085,-36.124004,71.355667
12.501857,21.812931,18.401850
20.014015,22.897024,51.875587
33.590580,-29.489971,70.833817
23.747164,-33.523289,64.374931
4.352670,-36.064625,71.890121
-17.362700,1.706625,26.688139
-6.823237,8.542248,69.608101
31.921850,-20.504742,46.996151
37.897980,24.289633,71.357208
46.642471,-6.766699,58.810669
-22.645504,-13.301352,35.864140
44.162724,-16.373131,61.968296
15.522210,28.701839,58.674408
-0.661144,40.642109,72.457893
-3.948070,30.432152,47.411995
-18.676321,-11.640720,39.806835
18.065407,-14.219098,16.433231
13.638341,-19.758070,16.757029
31.626791,-12.021933,41.859604
-8.683688,17.594326,56.544518
-12.170512,-24.426104,30.130005
6.768773,21.593613,22.996351
11.822742,24.661558,63.280338
-13.410272,-2.044224,60.582779
19.868193,-37.732304,54.520824
28.455736,15.868322,46.980392
-21.044666,0.028669,31.883123
-18.361685,-0.126895,54.168736
40.933834,-15.471585,47.478806
9.208213,31.005068,68.799408
-5.127592,26.241859,48.780788
-18.189106,-22.063072,56.846870
21.361553,18.131622,29.033398
16.166136,11.709852,16.106596
29.973618,21.946278,68.676903
-16.722687,6.947473,60.229366
-1.792702,29.769766,58.460377
-7.522133,25.604866,24.399506
16.835993,31.375443,74.013039
7.346190,39.182556,66.831215
1.652467,-44.991764,69.372078
20.546040,25.383244,71.733765
13.722415,-13.889106,11.972063
27.236319,22.771912,60.382366
0.101629,33.017986,52.314663
5.112075,-32.370945,66.854034
31.855362,-28.395824,74.002785
35.834908,-10.774776,51.649525
28.119003,-6.994870,23.583858
-13.534718,11.549585,62.990376
22.810745,19.756802,29.865162
-16.490131,-20.963364,57.210407
22.841459,18.619781,37.264862
-0.541709,26.480070,39.732239
6.576385,-39.642162,59.152729
-8.554965,-18.999378,65.453011
-3.247532,-7.541040,7.704923
-3.001611,-40.681686,60.685154
23.075556,-3.451448,22.595390
-5.701946,23.504822,14.046851
-13.496104,-4.433488,10.137437
-53.291523,4.678482,67.052292
20.501448,-9.795644,19.609753
36.274426,-6.382394,48.421818
42.821503,-19.997761,73.998634
-13.633679,4.236168,65.457458
-13.416056,-2.499895,7.316132
18.102041,21.701021,37.162506
-11.812594,-27.854515,54.089420
35.504097,8.382387,35.135296
13.499678,-6.313397,8.194576
25.961880,-26.345499,45.212154
-51.396160,-10.694387,61.416016
-10.648848,14.654791,42.275017
-2.744943,-38.750687,61.738300
32.862591,11.585124,36.731491
-6.528509,-39.220379,48.899681
-5.164421,19.668390,71.997162
9.217962,29.937645,63.757301
-4.936348,-35.922150,49.598408
37.417099,-9.771398,41.547661
42.267567,-1.399302,43.285389
21.148062,-27.522047,37.776588
-0.765569,35.042892,63.749367
-54.017677,17.062672,57.989662
-3.011926,-32.493534,59.810371
-3.877068,35.415592,46.544296
-15.412743,-14.442059,25.356773
-51.643581,10.595889,50.915474
37.257519,10.240175,52.065128
-9.018430,16.128181,14.027141
40.329906,-1.680296,37.848969
34.400188,-18.059185,53.610271
38.205105,-0.881824,43.818291
-19.626745,-17.179815,43.512173
-10.545327,-9.727005,62.922318
21.016392,32.594795,71.513992
-20.556646,-2.472901,14.707644
5.432462,33.229591,57.901154
40.205917,14.089425,61.221798
-16.407139,-24.054621,43.289650
28.293085,-36.533585,69.074158
-12.120965,27.936255,19.828575
37.289967,20.359198,68.254478
42.318081,3.533652,67.785721
-20.538071,-3.816452,33.530022
41.917507,19.686855,63.180706
5.910756,25.630434,59.395969
-0.696767,23.913717,37.413837
31.398254,-30.281778,55.048485
-6.588246,15.967047,73.926796
23.764061,-6.476497,19.641239
17.124496,22.763817,47.398758
11.701477,28.834219,58.937271
2.986383,-37.659939,45.147030
-21.900427,-4.259927,23.136311
-23.207548,39.764214,49.215652
-8.903179,16.825163,66.346893
32.817459,20.408037,56.691441
43.800213,11.250147,67.478210
12.048435,-43.274319,74.156693
8.915722,-29.491186,74.010170
1.001993,25.810377,58.811432
38.358711,21.661469,69.992401
27.319250,-37.157372,71.993515
28.215445,-18.208666,33.679218
45.091953,-16.328781,66.431061
6.674465,25.494738,71.418770
-6.393126,-40.090996,51.303295
20.841991,0.579134,20.233013
-1.776945,30.357697,50.933811
3.424170,26.012148,23.160200
-10.281192,-29.786921,63.910553
40.602386,21.424166,70.390396
13.034973,-36.467228,67.461456
17.538383,31.583271,66.179810
-14.944570,9.375220,59.967777
23.615137,29.139359,63.785007
-17.733175,-4.614163,14.747517
0.787654,-40.139999,62.280949
42.378437,-9.000309,46.022705
13.871495,27.983194,56.554371
-11.513339,10.941448,26.408686
32.510273,5.852867,39.132393
-15.236709,-5.570638,16.262482
-8.115724,12.018135,52.409157
8.903941,-17.281963,15.330579
0.458127,35.072002,53.295979
1.026752,28.965441,38.308002
15.362126,17.278603,25.905396
-4.032271,14.537674,73.630638
42.764046,7.291832,48.675159
19.902594,18.941658,23.715803
-4.481886,22.537201,45.535229
39.819405,-3.955982,43.510864
-21.692997,-5.672959,50.755997
8.209245,31.613585,45.441517
41.242077,-10.930783,59.592293
6.394731,-19.988136,20.986895
-52.392963,25.304926,64.805916
6.151547,29.244871,48.624985
22.689552,4.065348,23.879528
-6.177097,23.116846,38.249462
4.958558,28.634048,63.703426
41.015221,4.787062,52.101704
5.114512,28.499552,30.915371
35.552685,-11.801560,47.881760
-4.738650,29.746258,26.418642
27.925367,-26.114477,38.796268
-2.477035,29.138065,26.305235
-17.713602,-3.193547,22.226294
33.677849,18.362087,70.944351
-13.752067,-22.255552,22.209717
5.441018,-8.567101,8.235525
-7.792704,-30.893019,65.540909
38.525372,12.772197,54.954182
-11.967375,-2.132315,73.728722
-3.345479,26.961214,50.291569
-5.499274,36.377266,57.813889
5.215556,33.219978,63.165051
32.828922,-9.901600,41.583870
-9.448590,-39.777237,56.311817
8.853625,32.307762,59.443054
0.262936,22.109390,40.598999
-1.293046,36.632904,58.946102
-20.329622,-20.485703,54.021770
34.880257,-27.677277,71.612976
-11.112535,34.329788,39.219704
36.066330,-8.311481,40.430252
3.910313,30.563593,46.015163
10.477719,23.393394,70.996506
-22.286469,-14.511905,33.937492
6.605798,-3.341958,5.458983
-5.841081,40.885761,74.285637
-4.363959,12.594554,67.035278
0.252809,-35.623158,60.129070
10.831819,23.579565,19.795984
-10.741943,-16.019817,68.136223
1.342206,25.654463,38.583691
8.015600,27.099298,58.880402
-12.453838,-18.194611,59.642242
6.293381,-16.210821,14.757668
11.628580,31.062469,53.019581
2.207488,29.634659,69.788078
-18.101768,-1.824194,24.239656
6.489306,-40.706928,74.000031
47.095116,-3.406034,57.278847
27.396364,-1.000280,28.178408
-11.391615,-8.076818,64.304871
39.669167,-8.880347,41.118801
43.068153,14.590033,73.975784
32.564873,-27.782541,66.772728
-12.533503,9.791382,47.582672
41.410561,11.624497,65.051178
-20.203739,-14.168247,38.292542
16.288908,33.135128,66.716866
39.175438,-22.298817,55.683586
26.210388,-18.576975,40.518810
1.280655,30.942478,35.964462
20.218769,2.666426,19.604282
23.719873,-11.635306,18.590912
16.493307,-39.147526,64.584366
-19.976929,5.818601,45.300827
-18.455198,-27.960171,50.082928
39.723083,20.865278,68.557182
7.312832,-23.650478,18.681942
29.933172,21.651855,53.269260
40.969505,10.727811,61.085972
-18.377687,1.931466,57.760990
-0.475144,32.000427,39.370609
3.007078,26.991661,51.542751
6.408651,-41.295853,68.829498
40.013668,9.783107,68.954346
1.893537,37.917305,59.800102
41.371059,-3.855201,40.499260
-4.167109,-30.959688,65.463913
11.159561,-39.668468,57.443832
15.606845,-20.187178,17.465981
23.529688,31.397041,64.784950
30.329670,-27.870874,44.795040
-11.909841,13.546771,15.324490
30.569576,24.586218,55.293072
-8.773024,23.060783,35.106579
32.833370,23.902931,73.270988
43.415947,1.383175,52.714600
-6.727576,13.042766,9.256086
-24.998730,-9.064285,25.731348
41.225151,11.121072,58.912735
-8.885792,-38.747356,53.474384
10.581676,33.823395,58.869675
31.468304,0.251051,26.636848
1.676288,24.581896,65.774406
26.024614,23.742998,71.717506
8.461104,-12.620578,13.004223
18.434317,13.686222,15.535200
18.126518,23.295326,50.534668
-4.054389,-23.959612,24.264978
30.088264,21.536818,64.028923
-5.099602,-29.082024,63.066906
40.206509,3.890476,50.363003
-11.080343,-25.126617,70.196091
-21.008060,-23.508425,35.690067
-21.593977,-18.797289,31.653196
3.859118,31.167404,64.077370
-15.527366,2.706653,14.699254
42.067013,-5.337667,63.446003
28.001053,12.695551,36.220760
-10.884224,-1.118747,63.098576
-3.576284,23.184526,42.985985
5.927857,29.124292,40.284531
3.134501,25.338085,34.870335
-13.153133,9.130099,54.714855
21.556921,-23.622425,32.181114
44.103046,10.069995,60.186668
27.911301,-33.287899,66.888748
-15.768502,-20.182932,65.155647
14.991508,-39.768303,73.608528
5.810333,24.367405,64.285980
-52.416718,10.873061,56.153194
12.412648,28.153797,69.766037
15.469205,-34.301651,56.095242
24.259296,-14.196657,27.021492
8.065132,27.663284,73.697052
-13.185434,12.583816,11.019136
6.578375,23.843580,58.025375
1.984704,33.460953,47.963161
31.937582,22.376930,71.866386
25.923107,-2.193497,26.760159
4.093622,25.935055,54.755264
-22.448339,-16.485901,40.754700
-6.933511,-40.840778,60.168404
-14.874628,-35.317104,44.140881
36.264439,-18.407497,45.640442
11.505045,38.147221,70.543427
8.317209,26.695250,45.459259
-18.028744,-11.264321,20.137943
-18.846992,-23.494385,31.957445
19.321848,7.944877,20.713659
1.569613,-34.868809,68.014519
32.848587,-1.271505,29.922754
-3.526867,20.408188,52.862167
-2.155585,23.322083,23.338425
12.976859,25.886360,57.944618
-1.774566,20.189653,58.709759
31.762817,-22.627167,57.702042
10.885031,24.442678,21.864908
-9.252411,-30.791412,39.075588
24.125557,21.043159,51.811043
9.060842,24.824720,58.743305
15.831911,-3.837559,12.046903
27.824245,-11.175332,23.586632
14.142648,-6.270473,13.219574
16.023920,27.174149,56.469955
3.325451,28.009413,27.158882
-4.148137,14.936647,14.210673
-0.414812,20.051502,24.176073
42.344711,-14.278841,73.119720
-8.027890,4.148945,61.622169
13.009575,20.713131,29.396961
-27.855822,-15.162773,28.887243
18.732063,15.290968,24.046808
30.114841,-34.318211,69.108627
-10.323907,-34.371719,49.866547
-6.034842,-20.817101,18.060501
38.828621,-24.992622,67.012436
-18.530622,-13.677034,55.409317
-8.638500,7.767549,68.966301
-9.547159,12.282493,44.711674
-15.234904,-2.513743,67.018990
-16.063103,6.830922,51.823547
-11.779000,5.268015,50.619205
36.766674,-22.971525,67.259911
-8.182672,-29.894161,57.847366
4.780314,-35.785229,55.668209
5.741320,27.158998,42.003132
-19.871428,-30.391012,43.295979
22.488277,-13.354606,19.333017
-10.181291,-15.286308,73.707069
-6.903295,15.981441,61.203773
-16.040154,-0.329442,29.592834
24.658176,2.219541,19.843542
12.462789,-15.403272,11.844858
7.022892,-34.493401,69.788223
-19.030386,0.518569,31.701452
-19.901396,-4.445891,21.404926
31.923777,-14.134364,37.617218
-5.291438,31.351038,35.793507
15.889274,26.268982,48.944767
42.578491,-5.678236,52.649727
-7.264130,-38.599880,46.230999
7.048889,7.898828,4.480139
-13.429108,12.713438,50.975796
47.306419,-9.092357,62.787334
-12.314828,10.062373,10.721795
38.299561,-10.081790,43.240231
-8.894122,-20.158506,14.740726
38.059227,-16.086245,57.140900
-20.460934,-8.183378,57.438633
-3.367677,-29.534388,33.319305
-10.394063,-22.877224,73.683754
-10.046539,18.345627,19.496527
43.080757,-15.701004,64.819901
-7.690676,30.184835,39.922894
-18.044662,-17.140501,29.954620
41.319748,7.655661,68.595352
41.081932,-4.407137,61.450615
-14.055984,-4.875925,17.786474
41.101009,-24.571079,68.927010
22.717846,22.055733,34.486629
-0.953344,28.605156,68.477158
1.469954,24.407503,57.488983
-17.915585,-3.327978,53.734402
-7.491894,-8.840228,5.899809
35.966595,-8.769297,50.318527
41.154011,-16.141684,51.278549
-9.896666,-36.410809,50.496178
-17.432014,6.558370,13.384666
44.481358,-11.523817,63.215336
41.745228,-7.741237,70.538345
18.624296,-37.766315,73.873756
6.378181,-15.930351,10.267639
-8.602630,7.697008,11.328676
-13.112095,-11.234483,18.664934
17.993757,-37.161713,71.536575
38.647213,16.326599,55.939995
0.090971,-42.881725,55.909512
25.220198,24.356764,69.797180
12.619264,32.991692,73.776649
45.181164,-0.331105,73.668007
16.541740,-36.366055,57.439808
-9.869012,3.965340,73.910606
26.483805,8.681054,23.606033
10.101918,26.058147,43.515160
41.040874,-13.670082,45.956833
21.796692,10.297845,24.710880
-10.141716,-32.201492,47.319714
0.761122,-38.453999,56.367527
-13.026984,9.795492,17.904337
-15.839854,11.112516,29.332558
8.219825,20.343506,23.742025
-5.448430,26.151907,24.111465
-21.103065,-24.301550,38.769196
13.353604,-24.253191,21.460056
-11.781536,-35.933826,52.187469
-8.191545,-11.989573,67.704430
-6.203205,12.035334,70.194153
28.531658,4.785900,24.029446
6.134810,28.386242,67.818001
-19.329294,-17.135408,26.275770
-1.739370,41.611652,73.969582
43.435616,-5.076952,56.454643
5.506011,-24.379566,27.160591
22.071077,26.760832,51.331482
0.106274,24.330215,40.951595
11.610343,-16.020550,17.853973
-9.277696,-12.218442,65.712143
36.163242,8.545451,38.605091
-13.040278,-32.713173,52.795834
18.743847,17.919363,24.977976
-7.913396,-27.150333,71.833366
27.600351,23.459970,68.916618
4.412551,27.751610,48.105053
4.387634,-12.508048,11.555662
30.784332,-25.562469,41.646877
-20.136339,-1.776348,22.934437
36.746143,14.182199,58.045265
34.601070,17.287012,73.466599
-7.037210,20.259146,37.991734
42.180962,-17.752325,69.107719
32.435875,-17.580015,35.470570
-2.592661,15.857777,69.767624
1.387662,25.243250,68.171829
35.201130,-20.889683,55.428120
-12.445343,5.243556,19.934965
35.676392,-23.558548,57.254963
42.415329,-16.651413,73.669785
38.869682,3.551712,36.913921
-4.592660,-8.850940,6.825500
-20.936230,-18.350769,33.391098
36.396557,-17.803724,50.332462
-22.117300,-10.170067,26.238958
4.400873,23.307854,68.815033
-16.731510,-2.130130,10.687681
25.146986,-4.023470,26.642309
32.955887,-7.701820,28.421328
15.449713,29.624458,73.872375
-4.876314,25.804867,32.520527
1.019349,24.985830,63.165779
30.926422,19.954386,55.649086
4.147193,28.187031,66.347626
-11.655883,10.921129,37.095299
-1.108350,-44.149582,59.246387
-4.102155,-44.200211,58.394020
27.559191,23.241507,64.197029
17.543135,14.497017,19.360424
12.055470,-37.550568,64.014427
4.797901,-39.578064,72.806343
11.903214,-33.553303,45.978722
-0.884949,-25.890236,26.034742
-17.372446,-33.103539,41.520763
24.534172,-35.258850,59.471874
21.183754,8.405192,19.739985
16.373222,18.877287,24.769667
9.032071,-19.526949,14.354139
2.731132,29.052118,44.030495
-8.816136,21.842176,51.350815
8.057862,15.617650,10.049026
-3.357531,31.261791,59.670052
-19.479950,-18.061573,58.522671
0.976764,26.719193,47.359833
37.010662,-6.088624,44.663960
12.086527,28.536253,49.140213
18.803194,-31.088625,40.721474
36.951786,12.540176,46.332092
41.512875,7.081746,46.762169
38.561317,-26.258837,64.699837
2.572486,-42.118122,64.688171
41.158859,-11.964515,51.741058
39.678558,5.586271,48.401066
12.292599,17.556065,17.764080
33.349205,-33.444206,70.889870
-8.251756,19.701979,55.218578
-15.187216,12.189559,55.762569
33.424725,-31.625801,62.796070
-7.144628,-37.083961,49.494217
-2.969277,21.064222,68.202080
-7.201259,2.720848,66.767555
25.389053,29.876635,66.841637
39.288303,6.020104,56.870899
2.035825,27.481504,39.532143
-1.683766,25.588575,54.075066
22.917257,-30.589029,70.221756
22.868765,14.515117,27.158159
31.019699,-33.842873,65.381973
5.267142,27.365860,60.815006
-17.544498,-4.198478,11.427532
19.441515,-21.074324,26.176966
37.586712,3.798868,51.336090
7.026162,29.453020,64.601631
7.381707,23.617117,26.123755
-2.709114,23.977304,58.589088
6.057222,22.483974,61.135075
38.579906,19.658504,72.403648
29.369711,24.630968,70.873337
2.936359,-39.184086,71.881523
-0.119068,27.825392,48.706692
13.224329,-12.701220,13.762405
11.016112,-41.743290,65.652695
34.633572,-23.459782,55.589592
-6.535834,6.238719,70.388542
32.644489,-14.920260,47.705170
20.711842,26.501320,65.257446
15.327026,30.054382,63.049587
29.862457,21.939945,61.393311
-13.526986,7.795079,13.467166
22.719337,-7.910517,15.641075
16.434788,29.029758,67.994865
-18.292244,-15.334585,59.354595
35.832172,16.857286,67.921730
33.257519,-15.667848,49.824150
4.080515,29.260796,56.942078
12.883936,27.275713,59.391964
37.944122,-16.474636,49.432495
27.392431,-22.107824,33.419262
29.417585,-1.403029,29.041069
2.522065,-40.265656,66.190117
16.791407,-38.779839,70.827309
-3.225180,-16.213642,8.649784
-15.011159,-33.102097,53.474941
42.581604,8.763050,66.468674
5.931199,22.620304,67.822693
-9.822003,32.658764,34.093204
31.498854,-12.231752,37.099209
-2.481447,33.957287,62.790619
41.161705,0.156419,58.945587
-51.228939,-13.125185,64.612389
20.258629,6.796537,22.239134
12.256315,33.383102,71.488144
-3.497606,-37.512486,53.928349
-28.040564,-23.316261,37.681133
-15.805270,8.861671,51.900543
-4.701116,21.894312,24.153721
14.846216,27.140820,36.297928
27.743628,25.160065,60.709251
17.895752,-34.610958,42.658379
33.187222,7.834131,35.722485
42.130375,10.671947,66.614319
-20.834810,-28.560444,38.134258
-13.499677,9.543566,65.926041
11.568927,30.237129,50.642174
-11.090263,28.493122,17.957798
28.004942,-5.617353,25.485672
-8.470665,17.410112,43.540344
45.146225,-3.670538,59.740292
45.694782,4.636351,64.125938
-6.747536,31.093878,31.156635
34.662388,24.670469,73.940117
-5.074004,-22.040087,72.543518
37.472832,-17.736557,67.383408
17.309446,-42.232483,70.068336
29.518869,-34.989811,66.945747
40.417244,8.975438,66.657478
14.387746,-28.815577,29.203848
-2.408224,-20.418110,19.190973
2.958225,26.439114,60.304367
-14.805273,-33.659794,45.745277
8.459973,27.783215,39.677658
15.090787,-15.914928,17.397594
-12.537142,-39.390450,49.881504
9.469137,29.119015,65.854630
-5.685924,8.100334,71.404747
-15.167340,-5.563254,14.131076
15.504992,27.333477,73.748474
-11.693245,12.899987,60.444145
27.321051,-9.461559,21.629566
-13.623888,-15.828897,62.691387
13.220270,29.426889,62.639961
19.316074,-35.010887,44.441494
42.394497,-6.501737,61.406422
-12.507828,4.727903,71.103706
37.046406,-15.020268,59.728146
-12.639991,-29.566555,41.933659
-2.814162,9.265614,71.648468
-6.941740,20.540878,50.531853
-0.682152,16.814356,62.700050
5.781257,-43.318645,59.503048
-6.608223,-32.997860,64.481323
-19.379564,-6.197916,54.342720
8.676455,34.650387,62.663086
-8.998035,2.152764,74.250786
38.214710,6.792961,53.626278
35.359219,-16.025190,42.458321
-25.832762,-15.578776,27.456129
2.554717,24.232206,69.954300
-7.280158,6.283061,60.146236
26.360096,16.314585,43.190083
-19.101948,-7.245655,60.840919
7.769247,33.163998,54.975567
11.521365,29.514709,73.943436
-0.334316,-23.486517,17.081852
-9.481483,-36.067787,54.451496
47.407864,11.881145,70.667618
25.979355,-10.645295,28.007372
4.711674,18.492739,73.055862
-18.601465,-3.997490,62.679611
45.890957,5.573424,54.135105
7.058261,26.000261,54.781673
31.064219,-33.415886,70.983612
-14.522929,-14.327603,70.022606
3.227159,-45.068375,71.680161
26.169466,3.611211,19.936159
40.821060,14.542841,69.795410
-4.523485,6.009338,69.023247
31.114033,-27.482168,53.220924
-4.355158,13.555131,71.405724
45.380497,14.651273,73.875961
23.098074,7.654264,17.608393
24.678402,21.210007,47.614231
19.627436,28.382614,60.504856
16.438797,30.087736,53.876801
18.370270,-36.622044,45.971931
35.057205,-18.819124,47.610992
11.426384,17.509706,11.268656
10.962275,-20.912214,20.697783
20.895475,11.107912,26.439766
-5.426319,32.342632,53.505344
15.274763,-35.166065,40.066605
40.248413,-15.335567,45.278595
-2.044194,22.827883,67.830223
16.938742,-25.897781,32.898342
-0.954473,-39.823868,59.932980
14.465779,25.447426,37.485813
13.820946,-35.390148,65.494514
-13.005503,-36.172962,48.400494
27.918715,23.065380,70.993652
25.248369,-27.412323,41.790329
3.404369,27.822989,62.092442
1.106712,24.050455,47.096138
-19.766275,-10.836467,49.120094
24.799095,7.938916,20.234058
-20.493954,3.958614,36.592197
40.656704,11.074244,55.490288
4.049049,33.517487,66.281593
-6.811512,-27.608587,73.834732
8.919989,31.362450,61.328739
32.603905,-25.673870,71.160095
-12.911699,8.466104,9.122826
0.483290,21.926867,62.567516
-18.354004,1.857071,38.219952
32.761745,6.835067,33.982540
30.669617,-14.190667,35.799618
-3.651845,2.945079,2.743680
-7.475778,1.010918,7.607357
44.440586,17.331388,71.038155
-8.876695,22.840559,29.703650
44.074848,12.131930,71.291420
11.144014,27.212250,56.200550
-8.168912,-39.236084,47.840229
22.356022,18.910076,27.308172
5.501923,-37.539482,59.037182
-8.481879,-14.978823,66.848206
1.111361,30.329424,44.653038
12.780453,-42.080215,63.211308
36.183964,-26.820391,69.136650
8.704133,-32.815609,65.687843
15.567322,-35.123775,48.290154
-17.341599,-18.306623,27.038536
7.061109,30.223581,68.811607
-1.584354,16.108435,60.986485
43.822166,13.564038,61.368317
7.673820,-41.562546,55.509335
43.229240,9.077782,54.660683
9.483087,33.191853,56.583221
18.725195,-4.989735,18.737400
-0.864510,-20.924326,20.213554
-3.213354,38.603134,57.428112
4.621827,40.252804,68.643074
48.161930,-1.676793,60.789639
-11.143970,-3.509224,65.180931
38.675930,-13.619905,47.211166
-8.943152,12.537266,49.649548
17.651848,-24.688564,26.079065
12.340383,-34.893536,54.387253
33.984814,-12.444783,36.166019
-8.396780,28.855642,28.944637
15.014361,27.824539,61.970024
25.791845,26.390623,69.544479
6.094363,27.503366,49.839752
-9.123035,29.457426,31.975956
33.635036,-13.659548,50.144661
5.595265,-32.384094,64.708717
0.858712,-26.455864,74.220390
-7.152141,-34.072094,54.498970
9.530787,-34.130356,63.660397
-14.880959,-23.509573,62.311420
-11.393083,44.190041,70.313644
-6.276097,20.569111,47.740711
-8.988364,10.299857,15.938150
-9.929883,12.792266,18.327574
-4.263341,-42.428791,54.082539
-19.103273,-25.149502,50.258564
-7.561762,-31.861132,61.300461
7.791808,30.323574,38.641373
-21.198879,-5.079172,25.013605
20.369583,-5.560180,20.608824
-5.601298,21.529043,33.241600
20.693375,-10.644040,21.544275
46.232872,-1.450739,53.492680
41.568398,-21.635500,63.123661
7.880618,31.051184,55.593021
-1.282419,-41.570103,64.694115
26.163649,11.812997,33.231007
0.347016,-35.081833,45.968895
4.822135,-41.988987,53.540188
-28.226305,-3.937522,24.533585
14.599027,-37.092960,58.572239
1.634498,27.458679,45.027145
-6.587642,6.739564,68.043213
36.278641,-9.041389,44.014999
22.131968,26.931326,55.549694
-19.153292,-1.879867,43.389664
-51.434624,4.779251,55.694065
-0.158278,-2.216945,2.008770
9.713011,-41.510769,55.055473
-22.678265,-16.143919,30.793549
12.936444,27.171799,53.133621
-1.281580,32.255684,62.742695
41.866890,6.300114,58.173031
-19.026167,-18.860355,51.147766
14.567968,-26.105288,24.928623
-18.793686,-5.459725,17.478542
10.389603,32.157539,54.592484
3.146260,25.974489,47.397110
-1.679615,26.171873,68.086739
25.809574,23.797796,53.926594
30.930931,-9.923606,33.285042
-2.549420,-39.972260,47.675121
35.672668,-24.794331,50.198608
44.212551,6.778762,57.065868
42.193592,15.333668,68.406471
-17.492662,-24.399910,35.955940
-7.556258,-25.045664,71.695854
40.894577,1.709793,60.238552
34.441166,-14.340488,37.370361
4.480666,31.005846,48.349293
-12.188007,9.250411,58.406906
5.418205,29.434412,44.788437
38.560528,23.454479,73.053406
12.336312,27.638601,57.610870
-2.721460,24.591488,35.572376
39.438988,-10.989657,40.097401
-8.095787,9.492403,6.411191
4.895482,19.662111,69.549629
19.177162,8.403787,16.412580
24.121899,-31.723394,42.724556
24.855684,-26.832726,38.465282
7.820615,-22.380131,16.762314
18.281958,25.890291,38.917725
-25.780899,-0.842424,20.292189
45.017033,-12.851647,60.854473
-16.016973,-2.645166,18.079506
-6.620425,22.147047,54.160931
35.618389,2.285183,36.115929
13.481731,-42.585857,65.163849
-20.424755,-1.331014,17.568871
-22.119610,-12.333725,45.837608
-17.279203,-17.448841,54.662621
-2.566645,-12.410866,8.974889
10.291957,30.328541,70.876167
-20.597082,-24.688196,33.431606
4.754592,32.386143,43.729008
-12.156126,10.678228,61.082104
43.979378,-0.954728,47.198288
29.510929,-24.954651,38.897713
33.817322,11.312743,34.967731
3.228348,28.701323,49.530750
-1.454895,30.048094,67.007675
42.206306,-22.586304,67.281609
36.285885,15.267645,60.877407
8.241956,27.571074,35.805008
29.178602,-18.454319,45.147694
30.791267,26.639147,58.895466
40.345329,17.057310,69.129509
22.542225,18.272720,31.641296
4.322831,-33.602699,73.374924
-12.181695,9.461225,69.681343
-13.469213,-9.164720,18.224716
-19.504902,-10.971927,31.255678
42.186409,-11.220181,46.436203
28.086285,9.050086,32.854206
26.344667,4.329912,24.004547
-7.420753,16.324566,26.316032
-1.495836,-30.125872,74.008568
-1.576548,42.005924,67.785843
-49.935265,-18.067429,71.479691
-2.974674,-7.875486,4.599735
-19.337029,-2.526318,21.253813
27.903112,-34.452133,57.387295
-7.952578,9.422340,62.452896
35.837399,20.058380,66.718918
11.725041,-36.632740,62.273991
25.764721,29.664207,61.221458
10.775029,21.971224,29.812578
4.245741,26.717264,52.997379
7.323493,25.619120,47.756569
-16.023279,3.866884,18.251913
42.538414,-13.895074,62.923302
43.524178,14.610566,63.130211
-13.696811,-8.230711,15.924079
31.915203,-4.080659,29.155685
5.114887,31.941643,65.506897
-1.292149,-25.919199,72.145096
28.610470,-35.355648,63.122585
3.510254,-1.267298,3.840859
-8.075224,25.920822,36.212254
-6.008992,19.640589,70.089096
-4.831589,5.286502,73.078102
28.515249,25.685183,63.619759
-16.644844,3.472424,16.293499
-4.533565,23.884243,19.470390
-13.211442,-24.560831,27.556257
-15.010763,-4.388376,57.206425
-18.297491,-20.766493,59.275063
-20.041464,-22.511726,33.831863
29.760294,24.514393,59.500973
27.364887,-33.460121,53.939121
39.459705,6.881681,46.664036
-4.538561,8.129203,66.949493
39.219143,-8.659792,37.554344
14.469177,-35.199841,45.814278
-10.444728,12.671777,41.071251
18.117695,-10.968756,13.260907
30.143391,-12.281681,39.061195
40.722572,-18.228725,71.374313
-8.574739,19.875937,59.972904
9.348848,30.490059,46.719261
0.546433,18.918171,61.898064
2.369164,-29.646271,73.852478
0.391504,34.097595,74.184784
1.732568,33.054592,45.782009
-11.431704,14.304132,64.283157
37.533520,17.779627,63.360012
0.955276,32.506176,41.083759
-22.074453,-23.327425,30.010017
42.798409,3.686251,48.258564
28.350603,-25.647474,43.110897
-52.509254,-4.940545,60.180595
2.951781,27.867266,32.203758
30.363876,-8.982634,37.393818
-2.243829,27.101192,46.290165
33.661362,-4.619021,30.887499
-11.908032,-25.988880,56.562595
30.640802,-5.741999,24.714317
6.604655,32.081898,56.710693
17.798742,-2.498430,9.961521
-10.214210,-19.501898,22.343658
5.998078,31.963457,68.080658
-6.084344,-32.323360,39.835587
-8.367125,-1.655384,9.524652
45.493473,-8.467169,55.340046
-3.813190,20.509529,56.732666
4.254257,-39.724575,64.432724
10.889802,-13.970498,16.664103
39.080463,-5.307360,45.651184
14.513942,-39.204704,59.716137
10.354648,26.456503,47.504456
-17.517441,-0.100166,10.548306
11.780803,-18.349552,13.878189
-4.404151,29.368328,24.376163
-5.053376,26.430601,58.946396
-4.778548,-16.658709,15.684281
24.504416,-38.907028,72.703896
7.872205,32.789135,69.515648
-4.195745,30.259378,51.199100
18.192232,26.197596,52.337387
27.092901,-24.804443,48.972645
32.555267,-17.532864,39.303593
14.905949,27.943417,69.932457
24.510008,-24.878214,46.949574
27.272425,-30.908848,66.970894
-5.947253,30.160185,38.407494
24.958113,-32.386890,56.899456
34.303425,21.471462,64.867233
-17.229486,-21.950371,41.341873
22.865044,-29.598871,51.024658
0.652438,18.756611,69.925873
-15.582732,0.063952,46.106709
4.063984,22.863123,14.783107
10.912999,-41.834782,57.677299
-8.442376,-28.045208,70.068115
38.674706,9.860501,58.841522
-8.697929,39.541798,56.433117
3.830337,20.744556,22.340162
-18.413136,4.882065,39.414391
34.209507,20.478540,58.490196
-8.672165,19.231289,38.784874
39.662445,0.796072,55.686878
-4.544678,25.300457,34.613667
0.722366,39.133572,62.039993
25.130692,-16.847075,33.414268
0.378924,25.478779,54.218933
-16.523687,-22.661875,39.386154
34.086208,25.340244,61.347889
-16.502333,7.746294,16.058270
4.389449,24.927391,60.689331
-6.770621,5.356261,74.023727
10.449104,-39.386356,62.519001
33.525005,-27.113077,74.029129
-24.273144,-10.946568,30.508451
26.205641,24.583170,50.021442
-25.255314,-12.662177,31.436337
21.438723,-13.781786,17.017166
40.510483,13.008791,52.246700
-11.466116,15.652778,15.242436
3.555035,34.869675,55.571499
-6.995221,22.160606,46.167019
16.768414,-35.159775,54.505074
2.798945,22.117119,56.330803
-17.636171,-25.125057,32.157936
28.332542,1.714864,26.339294
9.719535,-44.179749,67.257431
-0.620551,26.948977,69.727043
-15.009380,44.198776,69.806129
3.958972,32.768673,46.864082
30.388535,-7.911593,24.643343
10.182629,23.984591,29.838514
3.224188,28.432354,73.047630
-3.914538,28.565844,38.507526
3.072832,21.836819,26.554419
8.077115,27.030113,27.221657
39.132458,-25.512653,62.973171
-20.322233,2.966283,32.887554
-19.584690,4.948441,33.343990
11.919888,38.187183,68.312637
-18.564087,-36.758057,49.768391
1.957673,-9.628638,8.451410
6.619769,-37.055637,52.570148
-13.044333,-18.739983,57.802208
-16.071556,1.040504,21.012798
4.014496,13.087212,6.127099
44.631058,-8.491889,64.868065
33.044399,-24.436132,68.787239
-3.127951,-37.960220,46.612976
-10.172534,2.559638,58.626419
-8.727181,-41.325375,59.482510
16.185579,-28.592901,30.371466
-12.820041,-0.174282,62.869816
-12.322392,7.970986,25.544138
-5.540392,-43.800415,61.134384
-14.080556,0.360870,17.612019
47.444923,4.956725,56.891644
48.658989,6.271077,62.171368
15.239467,15.948245,21.769842
-52.695759,15.564846,60.502075
-20.854286,-15.368681,25.199266
1.273402,29.817900,42.439930
41.525581,16.436874,64.878586
36.766590,3.646654,48.250393
2.495595,22.758966,46.188606
-53.285919,15.328633,54.758129
-5.317343,19.096392,37.042877
9.191384,32.115974,73.894501
-7.738941,-7.473390,73.749634
31.886681,-6.386492,26.876276
-17.790251,-4.248998,35.245583
38.879261,22.007826,62.281857
-1.079838,30.691906,45.206120
3.468252,35.915230,69.034248
25.786676,-31.871080,51.706863
-2.504447,21.012659,42.485558
-9.342923,7.162137,64.509781
8.734741,-42.905407,60.766327
13.711413,-37.557312,69.250122
-16.535894,-7.385694,50.063389
38.315849,-17.739632,74.247055
20.458155,22.662714,43.001297
-23.450516,-15.829830,36.238953
37.148422,-5.557463,51.232548
-1.325353,-38.418625,53.481365
33.094158,18.553070,51.875126
-11.537189,14.691646,57.441185
-17.022650,3.882914,49.761696
7.779381,38.654835,73.868965
-14.830403,-4.456407,60.962936
-13.826015,4.885572,61.406261
-24.375916,-17.266502,29.828581
-11.095265,42.767128,64.274750
-7.746489,-42.871243,55.208065
-6.976263,2.194143,71.937614
31.350298,-21.461002,39.439320
-11.381694,-12.942931,14.687028
-6.298842,-1.009918,6.144312
-9.055460,-12.551850,70.131676
28.579084,-33.128197,73.882629
1.982617,32.257374,66.940140
32.669353,-15.222095,32.577602
-2.478321,20.785826,40.395279
-12.311660,-14.515406,67.021881
-5.443283,16.673157,15.080928
44.596409,-0.565271,49.564724
-16.495146,5.970057,23.224844
22.550110,-9.987117,21.097141
13.372198,29.091202,60.492798
-20.017885,-5.195051,26.982746
3.575341,-32.039368,70.216888
-22.071400,-13.273586,50.246700
30.677423,-22.813562,38.009682
3.395029,-34.842911,66.101830
-4.674793,-31.521561,31.089838
14.450405,-13.474623,19.004713
40.201176,5.381751,42.333031
6.678927,38.689228,64.590981
-4.433681,-41.532593,63.428917
-11.909455,18.067335,53.380848
7.272568,-40.419586,57.279133
13.467626,29.244453,42.517761
-21.646036,-14.409446,53.445877
6.329809,-13.810326,10.250842
10.247462,-39.543201,68.333359
11.323779,29.481764,56.513081
-16.336143,0.227637,17.039751
30.504496,18.847839,49.909367
22.584425,-2.965425,18.460749
-13.708981,-7.703779,61.373600
-10.648973,12.315662,38.519772
-9.603195,-47.459515,65.250320
-14.316144,-28.109819,42.493931
-11.418836,2.554027,66.886070
-7.619274,-0.978222,66.381065
4.386964,-31.440357,37.349449
-14.086265,10.815212,52.596130
-4.552060,16.953758,60.064678
30.232454,-32.009296,55.714157
12.848245,-25.455345,23.458408
7.791638,25.066982,28.244286
-6.345315,23.600109,23.851494
21.962545,24.258894,50.978325
-5.146031,26.283741,16.258276
24.655439,20.947683,39.575920
9.427843,36.088188,65.463112
-15.915421,-7.422598,56.670185
1.272182,27.194271,36.956036
47.273590,4.875472,69.801506
42.930561,9.280767,64.396347
-52.110569,-5.900404,70.291191
-8.276208,-0.773477,72.058220
30.431162,29.535999,67.510025
-4.357282,21.732401,41.326508
-4.996950,18.636599,40.519608
-5.232291,-29.267447,68.005028
31.121088,-16.192764,34.131184
25.279367,-32.751381,45.967182
30.991587,-15.210827,44.758915
-5.713159,-36.161148,45.587475
22.735350,23.391605,40.005146
-15.880129,-0.969371,68.649261
3.787605,-38.394695,58.510223
-13.406709,25.320103,16.029697
13.989102,-11.896645,17.560789
38.136406,-22.201700,61.665405
17.611649,-34.165543,59.676479
-18.459118,-25.170321,45.534691
35.792999,-23.244356,61.100410
-20.431644,-6.657214,28.303026
36.542736,-24.719444,72.132652
-8.995906,14.994202,48.582710
-50.387108,-17.187519,67.901726
9.767215,27.310230,54.355286
26.321342,6.513469,25.790401
21.918915,-13.408860,27.188454
36.384895,-8.692735,34.454102
-8.779793,21.529186,56.368458
0.954333,-36.057262,52.450016
-9.682152,-23.466238,23.684530
-4.523679,31.166933,39.778782
-0.163993,32.532116,67.981087
-12.745605,-10.300332,8.437577
-20.444561,44.872696,73.835945
33.589905,-23.762537,64.213547
22.029531,-11.642894,26.200115
16.229200,9.087456,10.166989
-7.559992,-37.692532,57.362251
35.141632,14.073784,49.983124
40.687050,-19.507338,58.078571
-20.763083,-10.131730,57.874149
8.582186,-39.949818,71.475098
2.743892,21.812647,58.886505
-18.179276,-0.970882,22.240105
-19.446207,-0.217572,45.625244
2.534652,-43.397930,58.629059
27.551430,0.456423,29.685753
-4.631914,27.668982,34.446301
-19.493237,-27.274576,39.733177
8.643956,-24.975147,29.316149
28.388874,-15.764004,31.586702
-12.546549,-3.901134,60.275002
-18.239475,-19.126894,40.035450
2.173955,20.948954,63.703346
-0.086140,28.039131,31.765802
-4.759649,4.108419,70.069969
-20.390608,-26.356924,32.317978
-3.257634,25.428190,43.727230
7.198724,-42.476276,58.050201
3.728338,25.102083,37.388790
-3.359869,10.439749,67.180435
43.773979,1.018237,74.116432
-12.665809,6.212166,8.350739
38.976387,16.218220,61.745506
6.600717,29.194660,33.014465
-11.787189,13.391826,46.701260
0.724532,-13.385428,7.514335
-5.968061,0.110142,71.754456
41.501259,-10.428873,73.921211
9.820604,-36.639317,44.178009
22.005047,-11.231209,19.592741
-5.587992,12.500251,7.177298
9.556929,-37.448387,68.245911
18.978630,14.905637,28.060766
7.631804,29.813654,49.662624
22.050303,-37.293949,53.915928
20.069195,5.165138,16.468199
17.025227,4.998712,13.835104
-12.299549,35.486897,42.227673
-16.767532,-6.976321,11.479641
39.086796,11.403917,64.607094
37.981915,20.806505,66.185577
-9.732979,-2.135832,70.618393
39.117832,-15.474438,60.397499
45.331470,-9.448359,61.559448
-9.363847,-43.440777,56.890610
7.702472,-41.003551,51.138432
4.446182,36.247894,62.214367
-16.675623,-19.940771,60.800850
-1.810614,27.344481,32.241619
9.287775,28.997177,57.874146
38.549965,-11.338998,38.131302
-13.630458,-10.968858,62.149624
-21.023735,-28.370361,40.358826
-17.714161,-4.766048,20.927969
13.736286,-37.616924,65.476257
22.350697,-35.576279,73.900406
4.059350,26.564194,44.093346
-1.436146,-40.939072,49.623543
42.584290,0.112927,68.299187
46.034142,2.403995,69.414948
32.675152,22.521992,69.376854
48.789963,3.596673,61.903233
-2.448725,28.855974,44.505898
-12.881333,12.381520,45.304565
-7.137425,15.433304,14.737422
-9.509026,-41.953869,53.925037
2.313509,24.154676,59.795063
-4.744242,-39.223042,59.876179
4.697161,39.165897,64.190697
14.428879,20.987679,18.661440
36.512375,11.840236,43.696377
39.867073,-7.919602,45.872158
39.320850,-23.614883,64.423042
-8.390494,-22.935663,21.044516
-16.662640,1.834924,18.988094
13.668034,-29.557140,73.859444
-6.982555,-24.958410,21.800982
43.066833,5.782857,52.902313
33.271152,8.702222,43.957138
-16.857212,-20.184261,35.607647
9.306111,29.874954,37.207397
-10.128722,-24.724340,60.043453
14.842428,24.096397,26.944033
-1.480892,-42.416061,62.420448
-4.394679,25.929443,38.408363
-4.470657,19.369610,47.510746
19.059544,-33.596111,50.393250
-12.344410,42.353874,62.632324
41.270695,14.808378,52.791485
4.316356,27.911757,45.628372
-1.762895,28.706358,29.427998
-22.320366,-6.715810,47.635612
32.531040,14.809132,46.661346
18.199526,19.610041,21.667437
-15.333800,12.307511,12.024519
14.802794,-23.212822,31.609982
28.731747,-8.900775,23.042641
-50.309978,-18.144976,66.114082
-11.412874,-33.085159,57.859921
-7.917440,26.697847,29.197781
43.575981,-7.201991,63.583462
-7.773492,-33.295212,52.299820
10.396624,8.137952,5.886090
-13.446918,-21.331865,69.225388
-8.589481,19.760252,12.643926
-3.281843,33.338810,58.002132
3.936074,35.474297,71.943596
-7.930054,21.131746,44.458450
-21.836174,-0.523677,15.774445
23.759604,-30.532482,52.756435
45.419807,-18.035360,73.858131
1.069945,-36.547688,56.389156
1.623543,39.803143,65.026154
24.961248,-21.903236,35.765495
4.161068,23.689228,50.017216
-6.021670,-36.130035,51.870121
8.287126,-1.697478,6.270723
35.319580,25.702103,64.737381
14.009627,26.530579,43.303574
17.325167,-35.094585,49.855942
3.371236,30.848869,51.412254
-50.913662,2.056636,53.675163
19.030617,-33.723156,48.264179
3.736690,31.107178,70.653664
39.163067,15.250860,50.295479
10.200072,-38.398556,64.311180
18.726303,-36.627197,48.216991
-11.549030,-6.860835,69.387863
2.821513,24.330935,15.319556
-7.137457,8.848225,66.427032
21.214371,-14.504477,22.855324
4.128853,24.820934,29.110836
3.146914,-29.008274,33.509384
8.977004,23.546072,66.724098
25.272043,-23.154417,37.439220
16.251928,24.598469,31.105774
19.514677,12.283417,19.065794
6.018178,-45.494308,67.746628
-15.943307,5.173153,28.330143
-1.182264,27.337584,55.529408
-2.363928,23.423687,18.692961
22.491289,-18.329672,22.013411
-3.429757,26.928864,62.336487
-2.397569,25.754877,21.503883
20.259218,-6.659429,12.656404
-48.361725,-5.002916,50.262634
-22.303825,-3.730235,16.702135
11.430478,-34.113636,62.844662
14.083046,-41.265533,59.023674
34.496536,-30.993080,68.287727
19.119226,-8.101513,13.796459
38.243088,7.378847,40.310108
-17.234459,6.858251,19.471153
-20.636286,0.383654,19.109409
1.210179,32.477512,50.275257
12.337720,23.899612,30.111336
29.567865,1.684376,30.331598
17.345531,28.371771,62.537720
20.524252,14.042059,18.093292
41.338478,-11.998311,44.570118
40.105007,-4.101452,58.709587
10.639885,30.223148,67.339249
4.079325,26.222898,58.528709
-8.794716,-45.098019,60.532879
1.087093,33.380745,43.263821
28.411039,-5.579913,31.170435
-26.921219,-17.443707,33.283817
-22.028208,-15.894660,46.203735
-32.034790,39.999287,50.048553
28.633341,15.919683,32.692127
-6.101236,13.530679,66.168808
-2.299164,25.362574,60.664497
-22.285820,0.022875,17.794197
0.029765,25.229158,43.538940
42.783733,-9.513424,52.745087
-7.735205,30.201994,36.665504
-21.967970,-10.859402,37.633667
-6.486383,-1.732030,70.441605
6.244079,-37.862389,67.165573
-8.761992,24.732836,15.426840
-10.155884,-1.991972,8.110263
-2.702409,-38.625477,59.596581
9.882733,-40.770847,64.084587
35.679291,13.180296,53.882988
46.653149,2.301878,54.635193
37.030441,20.602053,59.255661
-5.319386,19.358929,32.910294
22.609055,5.677180,16.485415
9.240185,-42.817223,72.229172
-22.225306,-5.731275,33.909458
36.361454,-2.489330,47.060326
-4.514208,29.397116,56.695282
-11.381370,7.621346,10.425322
7.642329,-45.283810,69.670807
-3.416347,26.040422,64.313118
-17.327213,4.522184,60.893658
28.468943,-24.636583,45.235096
-22.726967,-9.104991,23.165735
-5.728898,4.420651,67.655930
9.187755,-42.395054,58.764568
0.182849,31.637718,48.306526
22.696951,-30.455097,46.235306
14.901364,26.237278,64.049355
-17.073332,5.280985,35.042038
6.358928,-37.775692,50.263294
-14.883790,-1.158699,16.384609
10.524183,-25.413639,22.621492
40.577721,1.665921,40.138218
-15.575178,5.842073,39.942928
-13.226284,-11.034902,74.053673
-15.319470,-6.302989,9.114009
17.908512,29.942459,64.117973
-0.569976,24.591690,58.111042
-11.408446,36.811100,46.166946
-23.286682,-11.508433,33.354458
12.466775,-36.301582,58.758198
1.200422,27.199545,33.156521
10.428217,22.502016,17.510660
29.798895,21.869812,70.898849
-14.532114,33.712196,32.339355
10.614037,-37.255440,50.253601
37.351742,-2.279816,49.297150
25.936857,-29.288544,58.939167
25.849356,-5.525360,27.907007
45.002838,5.340906,51.948788
7.442814,-32.693733,32.162685
27.788778,-17.764153,29.972580
42.935295,-6.912364,57.611671
-19.399517,4.631964,20.198908
-10.824165,-34.418369,54.082676
6.052489,-19.210798,17.153851
17.747322,-11.150469,16.461557
1.508526,41.048279,69.750389
2.437014,33.859409,64.155090
-16.030481,9.479996,47.435303
19.702009,-37.806492,51.301117
-2.007890,36.759407,66.393280
-2.100332,31.760656,58.219528
-22.903421,-32.761646,44.631306
32.570435,-12.392847,34.112339
-18.722998,-13.435724,40.960976
28.499050,26.581593,71.521088
10.688236,-34.768902,59.223038
-19.376848,6.997096,35.226254
26.967278,26.161522,54.141567
2.856608,-13.427973,10.414548
9.853723,-36.484402,58.754086
-8.512712,14.651845,19.602333
7.624557,-18.480291,18.928846
23.147612,4.224849,21.346054
-14.218217,-1.473955,19.152014
47.720772,7.717439,63.474068
20.656637,-32.890453,57.301826
-7.944241,-29.472538,34.676601
16.503387,-26.560808,38.300949
35.708080,17.328184,71.717041
-15.768399,-16.386581,62.091721
-14.088827,9.931555,42.217949
-2.441356,28.966305,24.308243
36.463322,8.166555,43.587425
-5.764950,-14.181531,73.049149
-21.525263,-18.679028,48.099274
-14.088972,6.085171,41.212467
-47.496246,-4.679897,48.418095
-9.653273,13.841841,51.384193
-14.135330,12.516615,31.827728
11.230660,-25.810280,27.517059
36.351105,1.739845,41.185966
-22.025103,-22.245983,33.071297
-21.068562,-12.050212,36.233292
-9.561106,19.472319,21.629124
26.650013,-31.049658,74.019318
18.423733,17.710487,30.392042
38.289829,-7.469051,55.555889
-15.712860,-24.724731,39.577103
20.001461,-35.296928,71.208580
-3.162007,-44.139439,65.391602
-1.148320,24.558388,39.315174
-6.506459,-0.070695,69.149673
-9.124649,-36.228836,56.902344
-18.392218,0.700188,17.051136
35.239517,-17.798254,57.867409
-0.974783,34.406158,67.773407
2.153536,36.055763,65.118645
45.238506,2.742064,64.751419
9.927766,-36.307060,39.723541
4.064188,-26.611254,74.183502
-22.427607,-14.102791,41.372311
-4.715698,5.814662,71.138420
9.508135,-42.336948,74.274529
14.704956,-18.609766,20.567257
11.925507,-27.857674,26.379238
34.365788,-26.612625,65.891701
37.868542,-12.670094,57.734234
32.805614,-15.215021,39.327850
41.172958,-8.912975,65.505463
-11.980890,-34.460438,48.475765
-6.407233,-28.441895,71.188103
3.158293,30.584488,42.608280
-12.536795,5.642248,63.428200
-1.742870,-45.141293,62.789249
27.231945,26.287666,65.102142
-3.472077,-39.027927,63.956276
-5.819251,4.657095,6.682531
17.361912,27.244053,42.563591
22.820883,8.232322,26.567469
29.478296,22.005346,66.166344
-11.319856,28.924137,24.094442
-14.213382,6.913201,52.732395
18.363056,21.802431,26.288542
21.424717,-30.333900,52.251659
-13.623363,-26.296782,62.364704
-22.870491,-20.551554,32.243137
-7.238461,11.532185,54.725082
1.537130,23.814037,26.589977
-19.631565,-8.533095,20.031359
-1.663935,-18.625669,10.828670
13.725983,-22.113340,23.242096
13.287503,30.871861,73.922737
-19.242123,7.082237,38.705837
18.339384,-6.149419,11.457636
-14.198515,-22.803883,58.459713
18.535074,-35.827568,73.958549
35.687958,-28.667362,66.703255
-13.518199,12.041383,26.458420
-4.006153,-39.206970,57.784801
11.981368,-43.482296,66.409828
12.609487,23.605103,73.777466
27.889420,-26.474703,44.836155
37.464462,-18.970821,69.270294
38.781128,-10.264758,46.831718
-8.560692,23.018763,53.971645
39.235172,6.157005,50.642200
41.353783,-7.364866,63.207264
-14.712891,4.706998,31.907286
-7.086135,6.135299,4.411716
1.716942,-38.290657,52.628689
-20.128302,-17.505739,39.643841
-0.539608,24.603390,34.588573
16.578636,10.879915,11.040681
46.479271,5.510032,61.853535
33.642250,-7.653138,38.392860
7.343116,21.513168,71.145721
-1.774232,38.634140,71.664520
12.228181,-11.746316,15.669741
23.623087,26.731991,63.419544
-7.403600,23.327637,50.723721
-2.989065,21.017817,16.806408
6.138191,-6.530076,4.353410
8.408943,31.246500,65.438965
26.187990,23.849398,62.162411
-13.991446,13.512871,58.892258
19.485846,-35.823544,50.205910
-2.962418,-31.975571,66.732979
42.230930,-23.288925,72.037163
-1.125429,-40.535255,61.805557
-11.894318,-0.513080,13.341529
9.692183,27.087078,38.015862
-10.422909,11.797729,47.088512
20.002979,21.750883,36.238132
4.835946,25.285868,72.498497
-18.439503,-0.628420,61.363995
30.178936,-26.769196,74.111679
20.590910,31.722397,67.621010
28.429663,-28.329710,43.301102
5.297012,26.075605,40.347450
19.143692,-39.092743,72.223602
-7.780654,21.700815,58.349640
5.127100,33.038605,48.515697
17.170206,-21.525860,24.735470
1.397946,-38.963238,70.486053
-6.859058,2.723314,3.564046
26.543348,-33.251408,63.629848
15.826096,31.308966,56.820763
-12.821715,-29.936626,37.370838
-1.696584,29.706848,42.800198
4.591120,26.822147,64.768745
32.582355,-29.085567,53.439232
-9.561800,13.124812,42.909885
17.137836,-32.454788,49.642525
8.889463,36.297508,60.988468
8.204176,5.205708,4.304570
-2.072389,23.271856,41.695637
20.098818,34.753155,67.409927
13.920480,-11.232929,10.120997
5.489236,30.307730,55.766781
-9.071621,-24.676249,22.050758
-8.412125,22.861151,14.353459
-10.508630,11.415269,14.272460
17.108927,-15.307346,14.775002
10.750204,25.829071,64.662064
27.420542,-29.472876,60.365486
-14.600083,-2.459442,57.390564
29.646423,-1.304420,23.416117
0.292162,25.976477,27.168922
-17.322695,-13.927875,50.360699
26.440187,8.572024,30.998672
-15.768579,29.471813,20.841286
-16.018311,1.633331,40.344311
29.626711,23.028997,51.324425
13.348430,-8.436293,13.400871
-5.857152,-22.896837,23.655006
6.490125,-46.506027,74.000832
-10.415954,-9.665452,11.225615
-8.759394,14.129127,9.579493
34.908154,-2.229034,32.013924
18.610718,-40.252403,61.385826
45.973049,10.395819,56.961395
-17.074430,-25.544485,34.146782
-15.699447,-34.146824,47.534382
-4.336126,-28.163038,25.465370
-4.962980,5.961715,3.707227
-11.602127,-10.950894,64.153877
3.033960,-34.998707,58.199844
-17.361498,-17.888643,32.252747
31.097792,29.128544,71.665001
8.131218,24.733606,56.760445
7.537870,23.493000,62.576935
25.003923,4.134718,26.904854
21.606186,-36.371891,50.590454
23.603504,-36.350887,66.353065
5.812996,25.318628,19.288076
-4.197069,-30.847290,36.024536
30.697578,-23.574987,44.869289
-9.349398,-21.290110,23.350023
-0.674212,-39.586105,46.700142
-6.009529,-41.754883,52.690563
-7.900469,41.114746,62.771923
5.360068,14.785178,7.171649
2.426805,22.558453,60.940674
24.929203,20.092899,44.559311
39.500706,-20.647345,65.762772
43.145054,12.024428,59.067352
27.200932,-22.589764,40.574055
14.252611,-41.761929,73.968925
-17.784330,32.548019,26.547853
14.200331,-34.486225,57.963131
-4.893582,-3.518581,6.796879
24.393848,12.166576,26.921204
-35.020012,40.495602,53.680641
-2.840645,35.559368,57.638073
35.531849,23.505953,58.683750
-13.980608,-6.139996,55.420631
44.099384,-20.690174,71.962204
17.069065,29.824236,57.721573
-2.523865,-1.478190,3.785808
7.166070,-3.095614,3.406469
-7.344048,13.557883,74.140373
29.671465,-31.509790,52.656055
0.682463,23.055285,23.625559
17.152515,-19.494730,28.943630
4.602421,-46.523418,69.182655
8.514569,-29.811638,37.215923
-10.873443,-6.339250,6.365894
-3.212067,0.556955,4.724067
29.765505,-7.017004,28.215652
18.677933,-38.667622,65.545876
5.149824,36.858768,69.750275
-4.901161,3.367045,72.092537
-3.769548,-11.265293,10.440983
6.784737,26.213352,22.797045
-20.010645,-20.872576,38.728176
18.044426,5.797615,17.922720
-4.968162,20.379375,22.731386
8.028222,-10.224825,6.574250
14.468255,-13.449790,15.731995
-16.718695,-22.320055,32.770229
42.859913,-11.426749,64.513435
-1.555283,26.833731,43.426270
-46.788403,36.072685,65.086830
-42.180321,39.670555,66.662193
0.187168,-14.606795,10.821529
-44.560017,38.226376,69.683716
12.169451,-33.600758,65.135773
-24.065573,-13.404254,33.809971
43.237560,18.806150,70.058945
21.583158,-24.898342,35.690117
3.605398,-10.675618,5.536197
-3.960053,25.821356,52.364174
-4.289520,27.340139,36.651443
-7.500800,-24.876270,23.846136
14.609906,18.482244,15.589846
0.147122,40.338032,63.647560
-19.783289,-1.072305,28.019917
17.055313,25.733057,45.567902
1.624786,28.365852,60.845181
-9.940453,-30.906902,54.308239
13.077974,-25.035513,32.803165
5.176209,-33.848526,33.035660
31.536640,-8.309242,26.284578
-1.154135,30.410336,35.125969
-11.975952,-5.915308,59.423271
-10.447680,7.698247,12.280916
21.068914,-39.124359,63.401779
38.252426,12.590662,62.827141
-24.104128,5.657867,16.405115
-15.218922,-34.304962,42.309689
-11.852203,-13.733294,73.656853
41.014114,-10.297323,67.195465
24.524923,-28.620007,53.161160
6.382372,25.017735,61.548405
1.801869,35.509769,58.908260
-45.944218,36.440933,53.718857
-42.727074,38.468571,54.689999
26.580784,-24.422985,35.576576
42.517292,-11.744933,58.252613
-4.471651,37.637356,61.254490
12.938157,27.540899,64.140686
19.010223,-2.319423,18.329531
-21.578236,1.784904,14.972342
-1.983724,9.472482,73.898758
2.712441,-23.445328,24.452473
21.583948,-34.014610,68.995842
5.573887,-20.497002,14.253604
-8.338303,10.391447,10.599463
4.920767,26.512228,21.501453
-52.070583,22.412659,57.710079
17.741529,11.850364,14.641145
34.937599,-12.293595,43.285152
39.234917,-0.407722,35.952885
17.815186,-11.848376,19.286766
-6.976797,13.699194,59.132317
-4.625260,-38.361649,44.934788
21.421629,-0.321361,13.241060
-35.082539,39.162052,48.406311
-1.573650,-9.038867,8.091883
-13.568760,13.596902,42.878677
-4.679343,29.272814,45.557919
6.180658,-35.414528,48.047615
17.100624,-31.449873,47.933739
12.322178,-35.398651,44.931171
-2.079796,-24.543539,20.736729
30.749706,-7.463035,35.804779
32.238392,-8.880931,35.057102
41.255436,-6.673339,40.627136
-7.795508,25.174732,39.861275
26.719919,-34.435200,69.114029
-23.189932,-21.653208,29.705223
21.379406,-40.156456,71.742485
10.276870,23.249506,25.051348
21.711454,-25.134041,40.554760
21.862902,27.408777,62.713432
3.008486,-40.450306,61.703587
7.491906,-38.003830,62.516323
-19.257633,-2.235944,39.553940
-6.965940,-13.792599,69.518044
-12.209849,-10.640937,12.167346
40.516403,-1.144928,52.970997
39.562481,10.643428,46.017532
-28.098106,-21.753366,34.382484
-11.193213,18.362215,32.515388
36.987217,-21.526808,52.161770
18.421703,-22.738783,30.077127
2.153626,27.928576,66.077316
0.332156,23.666275,18.271288
-9.910202,-6.904080,73.866676
-6.504589,-28.124512,31.361006
21.492985,30.079861,71.818405
-3.416675,32.179008,49.234959
33.432877,16.849859,47.127174
11.777549,-22.868042,28.186573
-52.751324,2.697130,63.615887
31.735966,-16.957014,43.266174
-10.048666,14.041458,35.284222
28.978460,-34.420090,59.982800
-7.245039,-0.988506,7.954014
-12.521000,-19.748112,71.997391
-12.881617,-2.544570,71.166000
22.681337,-16.703886,23.171328
-5.348364,-31.945261,58.175060
30.384546,-19.188807,48.645535
32.855255,-31.128611,74.096985
-23.568127,-12.192357,29.091679
-7.818255,-26.863764,24.085480
13.870485,-32.845745,46.980560
-12.669934,12.157351,48.305721
38.990692,-8.169344,48.984333
42.047253,10.673823,68.836029
13.752488,-2.005104,11.100830
-1.144674,20.746109,73.924820
-15.189764,-20.440283,67.027069
-19.568167,-10.157103,25.914335
-14.084876,-6.349216,73.788445
-12.433749,-37.896416,55.490616
-17.232197,-5.838435,16.265421
8.009453,-18.904337,17.093700
49.318348,5.865741,69.273186
3.732852,-39.225403,56.200428
-52.897106,0.987830,57.663170
-13.861277,-2.332919,11.274957
24.187481,5.856588,17.890724
-48.978809,-21.592432,64.261452
40.203381,-26.774275,71.620209
-0.957600,14.907961,9.724326
3.407268,33.069664,72.115639
-4.201563,19.061638,63.916370
-20.857277,-3.547880,19.362316
45.588814,-8.635246,59.480312
4.395139,23.213720,18.621969
13.865136,24.527145,34.018646
-10.650280,-35.081768,40.858143
-0.408089,25.895838,36.642155
-18.839830,-36.480438,47.578754
13.628152,-31.328812,44.308590
21.565138,-34.431297,50.424057
22.076439,26.167866,48.643143
5.700645,-9.924267,6.321855
24.549467,-25.451937,34.326702
37.900497,-6.351436,53.525345
13.884520,-39.723854,63.423359
-3.966082,-32.998455,63.669453
-13.798678,-31.311361,40.206707
21.421419,-3.535584,20.940159
-14.303341,-7.218405,68.329872
-0.974445,34.995636,51.061871
-21.686634,-17.151043,36.694092
5.601048,-41.517212,65.209236
-10.348605,21.157152,40.046040
-50.407982,13.849808,47.824982
16.414793,30.761484,59.236771
-18.552074,-7.533463,17.492765
-3.359573,8.806091,68.842621
-12.078400,15.835606,33.546562
17.291224,-41.245308,63.492355
15.225776,-19.733482,27.278065
13.964354,-19.212286,25.481857
41.082825,-1.906572,45.491211
9.418901,34.843094,68.555710
44.309944,-9.411270,58.083401
1.267328,41.308182,71.849663
26.969236,-37.196957,66.170738
32.177124,7.992147,29.106482
-17.432276,-7.454486,65.930611
8.546344,-22.753229,26.365509
-7.228940,18.168264,19.264582
23.966425,22.207537,55.025551
-9.711570,-21.961250,71.315689
-14.590693,-31.990660,43.007256
2.044862,25.318010,25.068888
-10.723275,-19.484224,62.476864
47.994179,-5.927588,73.842377
-17.793943,-16.757349,36.136539
49.028767,5.786287,64.767365
16.548697,-32.789391,52.227337
5.466754,27.182344,26.514296
7.585099,-9.425886,10.395798
13.842805,-33.381077,63.963913
2.892714,-3.851191,2.670478
-7.576684,26.576674,41.544006
45.387871,8.294472,62.254932
21.022491,-27.118483,32.814743
1.920781,26.347239,43.104153
28.410709,11.457029,32.070614
13.369218,35.238770,62.204552
-18.117369,-15.466381,37.972710
38.717888,-5.176657,35.642002
44.350346,-19.099529,67.660210
18.988958,-12.575906,16.808064
-0.393061,19.807011,71.499779
39.368484,-13.662010,51.043621
-13.058404,-0.272268,54.421360
-30.216103,-11.912771,29.116089
8.814801,-16.324183,13.508705
-20.276749,-17.274839,46.771267
43.601105,5.359478,49.655930
24.980350,-29.661345,48.597328
41.492802,-12.318594,53.778275
-13.271997,-4.107221,62.438461
16.025501,-41.980122,65.820045
-8.341002,1.327940,3.840726
-0.414822,-31.866869,36.442177
-9.482550,-27.191301,61.060646
-1.940160,35.231655,49.094395
19.223497,18.083967,20.464834
44.552277,3.420856,49.500027
-11.560856,-26.096329,62.666428
39.324249,8.554976,54.126141
12.768647,-38.626934,59.012787
-12.830657,8.818480,62.581970
24.738668,-23.007460,31.162199
17.679857,-33.303909,61.545410
45.687492,7.171296,58.267609
0.232059,28.851465,65.327049
16.765051,-6.024317,15.565373
17.254816,-34.528698,57.007286
-6.843946,23.497574,21.407936
10.779467,32.419521,60.620827
-15.385681,7.693519,42.773556
-0.664521,-35.193932,65.255989
-11.318541,-2.834083,6.114906
-27.344484,-7.742017,24.090412
49.033157,4.919819,66.741264
39.485317,-18.196405,66.920509
3.818847,23.164881,71.213356
-8.436048,-26.890917,27.987804
-9.706493,2.126759,4.980985
-10.368001,12.933500,69.851852
-4.129429,23.411413,36.734356
-7.260377,26.130537,48.875561
22.314327,-14.736948,20.998093
37.129650,-13.639778,49.187241
29.065357,-15.047835,36.890823
-16.352234,-6.054973,27.645910
35.997749,-18.574492,39.737331
24.272816,-31.155584,64.544571
2.177181,-28.940872,24.716127
21.788662,25.507692,69.891876
-5.659879,-40.799721,57.829487
28.721409,-5.385742,22.005049
11.353208,-38.221672,53.232391
-0.666202,16.966995,69.846558
40.912376,-6.498143,46.794697
-7.524970,17.276527,15.575941
24.405783,27.029034,53.566090
-13.139855,-12.227795,58.149399
25.891085,32.077866,68.273300
40.564388,-18.707802,51.686363
-5.383461,-29.169073,26.881931
17.094923,24.384453,37.119663
-11.058264,-37.928444,46.787437
0.243856,22.350899,33.362637
21.160097,29.379940,67.693573
-10.958083,-0.300348,59.100773
-0.373402,26.092342,52.094265
-16.718206,-9.956591,27.739861
36.788914,5.661860,50.550892
1.894903,23.507860,44.175465
10.756726,36.316364,70.348015
-22.371357,2.236224,21.653061
1.109325,35.153187,61.539024
37.281513,13.106378,61.019321
32.508270,24.621502,58.033123
-1.184998,-7.187370,6.864289
25.211105,-10.020951,26.352718
14.807394,24.925619,55.929882
-8.647622,13.231493,63.786533
47.035007,5.713647,65.244926
-18.459913,-13.161659,63.111023
-13.114739,-44.601521,59.940113
3.091062,23.445379,38.606853
47.177418,-10.865049,69.939667
7.036409,-38.837791,45.604118
-11.649448,-10.939015,67.472755
43.709000,-20.849279,68.935867
-30.470179,-23.587645,38.906277
4.543627,-8.081325,4.797844
4.700988,25.481798,69.626122
-10.196708,-23.088568,66.926941
-0.331521,-17.730442,15.813841
20.570578,-36.916039,56.933128
18.966146,-39.662811,58.056419
26.811018,17.833019,38.229198
-7.104539,28.997604,19.955912
25.460999,-13.302728,25.547853
0.940216,19.038126,10.220887
24.162418,9.247656,21.837349
21.108147,-20.113140,24.967379
-1.465634,-35.344780,56.406765
0.071542,13.762410,71.379715
2.999363,-30.515501,66.380165
5.749377,32.522850,45.656738
-52.957363,19.290091,65.551781
-35.143471,42.655376,70.480667
-1.977406,-38.845860,57.718414
0.452056,-24.564697,70.922493
-22.692858,-6.344426,31.891577
-3.075363,22.758114,13.380408
15.175930,-33.756569,69.708794
26.334450,-36.627682,63.010509
-8.053739,19.664869,41.716354
-9.574869,16.083391,29.705021
36.535805,20.723963,73.935753
31.006962,-32.216988,73.875534
49.320488,-2.282229,69.390450
21.816322,-10.261799,15.552808
33.164814,-0.319912,27.649000
27.362181,26.381308,62.194874
-11.953458,-20.305122,68.168930
-1.213888,39.044224,68.818916
-9.373499,16.972649,25.359863
16.810383,-19.764561,23.566669
-2.959066,-28.608019,71.240120
-10.887702,2.214086,13.736801
18.182827,-31.817369,51.344532
-13.454340,16.362665,45.503422
22.806644,-35.092335,63.373440
34.324345,-5.772216,44.532375
32.862522,-20.432688,38.479542
1.127438,-40.690388,58.561714
-23.548939,-16.192657,25.965525
4.005456,35.348709,74.134445
17.440458,-38.054394,58.574360
41.120205,6.420345,53.449638
-20.274231,-25.242298,47.343922
-8.046907,13.618404,45.600079
23.377689,-32.028290,67.038109
-6.747150,11.201802,74.211060
-7.037056,-18.247490,11.623719
-5.133426,20.869463,63.392422
-16.869238,-3.003747,20.394667
6.545654,27.500214,64.286125
15.977489,27.584070,45.132599
8.802465,-39.983719,48.203533
-5.831865,25.418558,40.842556
5.792510,-29.783474,74.223351
-4.562828,26.086794,42.298809
28.324327,14.995073,30.527042
-6.171416,27.127110,39.478256
-5.882017,4.720886,65.691711
15.705450,31.540714,70.837280
21.268267,24.796511,53.589825
18.850479,-23.932138,32.442429
33.770885,-20.209145,53.024597
-15.131765,-1.156696,49.937603
33.780022,-19.717812,56.891632
19.572212,-41.275677,73.213280
35.886997,9.805938,45.306313
-23.031706,-9.221234,33.212055
6.106523,25.944916,43.758053
-3.907161,19.316357,25.716692
-7.321973,26.889349,44.944233
35.155640,-4.914057,39.103565
13.475471,-35.715755,74.071808
-1.300779,20.916269,62.696125
14.502269,32.028889,61.031425
5.232893,29.443682,61.638180
-15.995788,-11.004878,62.358162
40.076580,-13.139400,69.533234
-18.288843,-9.416673,63.582806
-4.892430,31.228472,55.409195
-3.637340,-33.947815,56.726746
10.291838,25.213379,56.638344
-1.813239,30.858118,40.954483
26.182911,9.332123,21.710979
31.601494,-20.881102,53.272732
19.335581,-4.122610,15.650890
7.286557,-36.989460,74.087814
-17.981461,-10.436933,44.783367
10.681286,29.481697,45.437778
-2.776227,-23.276852,19.310829
24.267519,16.243320,26.083157
-25.071688,-6.394681,27.309797
-12.439054,1.309143,15.617378
-2.183460,11.187575,68.892693
6.152957,-41.206154,62.170074
-21.748653,-0.620480,34.602318
-7.565439,-10.164391,71.574821
36.894375,2.625111,32.832684
33.164822,17.452284,49.444126
31.009850,20.484760,48.333744
-18.012033,-2.339417,28.955915
-14.669142,15.046839,46.639507
-19.111946,-16.250631,28.173965
1.606181,-2.998629,4.538490
20.026381,-23.907394,38.381718
19.798920,25.652658,40.456818
7.244318,24.414614,17.970758
-10.181535,1.192156,11.926052
-8.759915,11.348113,64.589882
-17.774254,-28.358921,32.771549
0.849789,19.685211,19.118757
41.572372,-24.313158,73.863785
33.582005,6.643576,43.191040
0.300671,-49.149738,72.330582
46.457943,-0.410060,60.815300
-14.552256,2.468218,70.174263
-17.626047,-18.403833,21.278788
-15.352933,4.289632,48.244843
-2.965868,18.299732,10.370891
-7.392006,7.306021,64.033508
47.347366,-8.042489,65.403030
9.125380,-35.513203,73.725555
-12.936417,-15.784564,69.304268
-1.055982,-35.568699,51.174366
16.327909,-32.762600,72.722275
-14.687529,-25.931507,49.388210
-5.620313,-39.707191,47.168121
-4.805818,19.410040,34.814655
-12.022102,2.649915,69.770309
22.389734,3.404063,15.010310
31.595875,8.864318,33.348774
-5.899018,-26.648602,22.532951
-17.960554,-10.422901,33.688007
24.116869,24.195845,62.172150
8.602858,26.864782,65.916389
11.975614,21.460573,22.504967
33.661320,21.450352,72.045555
-2.223783,-50.343681,72.738060
26.166010,-34.924553,55.757378
-1.388869,-33.429813,37.436565
-15.040008,-5.164795,52.465153
4.245549,-27.876503,24.844316
-13.938993,13.400771,27.873520
-17.799519,-17.215197,44.444641
23.369631,18.303713,39.209824
-17.123367,-19.486910,55.439705
-5.460385,19.310316,51.569721
4.129356,-34.373291,60.968773
-4.382083,-24.756853,19.943827
-18.364073,-30.280579,37.294392
32.835804,-26.376320,47.491089
34.742508,-19.514971,61.128662
-5.119008,7.891145,68.830742
-13.802657,-18.101091,16.586891
-3.956665,23.555838,17.196878
-2.682469,-20.921463,71.980270
-13.007935,13.331457,62.053699
-6.412639,20.032801,43.359989
-16.076031,-28.854395,54.483055
-17.929823,2.989825,20.531101
4.810356,23.167969,56.295277
17.212677,-39.293789,55.987953
-8.205375,14.217167,16.562012
2.110454,-33.323303,73.994186
9.949112,26.495956,49.550381
6.783448,-14.286916,14.694113
6.222451,-39.480404,63.511494
-11.690050,12.783800,17.242748
12.624533,-35.947487,69.892883
36.436440,-20.317020,70.969406
-1.268873,30.182865,55.163338
-3.686191,17.703331,21.363821
-0.482947,-4.226895,5.293288
-9.002819,-16.134968,16.402023
23.729368,25.111502,54.123371
-25.972960,-28.193035,39.399288
-50.937878,-8.616295,59.348438
12.640504,22.740238,20.209484
16.492611,-11.032948,11.738190
-3.050299,24.231201,33.678402
-17.577953,-27.032860,46.660538
29.992851,-20.549829,41.659901
31.709425,1.909601,33.612988
1.274339,29.388401,47.973000
45.334538,0.990425,59.235710
44.147732,-8.584490,49.363998
-25.858109,-19.853626,35.494766
-9.491137,21.343510,33.994553
46.423431,-11.228490,62.235859
47.248123,-10.972325,66.322800
38.524227,-2.129173,34.686829
-20.225258,-26.519869,37.167480
12.058029,22.541904,33.586250
42.041260,14.643147,59.894558
-9.387568,-19.572338,67.969276
-9.640273,-31.903761,57.930855
-20.992481,1.090785,46.404446
22.349009,23.981205,42.051350
-4.090846,24.432953,65.205437
-13.317661,1.517878,9.709611
9.262248,-34.234940,60.430000
14.275387,-11.715496,12.177599
-6.491313,0.722749,3.070501
-13.729289,-28.697786,45.093372
-15.069327,-11.121764,58.824905
-5.115072,-36.933945,63.133160
27.173574,14.607919,33.118870
30.222252,-26.466711,62.992718
38.474632,-27.555155,66.921745
38.660748,-28.067219,69.281258
29.669607,15.118413,39.886787
-18.847282,-4.901182,56.952408
16.910175,24.132267,33.332531
40.984718,0.677213,50.789196
11.941957,35.969254,71.849396
-18.359913,-26.771030,31.316963
6.952851,31.522461,58.856869
19.797653,28.757437,73.399734
22.331450,0.927946,18.777744
-13.167799,-19.581747,26.361206
-23.674141,-7.469967,29.813591
-5.681281,36.820957,49.608311
17.528749,-12.323475,21.549999
26.450560,28.380455,64.086548
-46.129898,37.059124,69.110085
24.813951,-0.468066,16.952839
-15.352722,-23.382587,51.280838
-15.979961,-16.413828,67.108078
27.538006,-8.159400,31.381771
-17.945728,1.737913,43.576225
-21.214701,0.311776,43.709675
25.981577,28.884726,59.288937
-5.848145,12.749825,56.301525
32.146648,-30.998363,71.424530
23.152779,-33.729866,67.913956
-12.000002,-19.490984,63.976219
15.644639,-25.970030,35.360916
32.640968,-18.615747,52.358341
41.638412,2.005692,54.428352
19.170364,-16.588194,21.149908
-7.542862,-32.754311,59.420773
6.134361,-32.040874,39.056656
8.821118,18.200573,15.468749
-0.618303,-21.400394,16.772207
6.187141,19.565012,73.906929
-3.811019,12.459701,74.222038
11.897490,35.830708,67.065285
22.747910,24.959614,64.200729
11.409402,26.934254,71.151825
-18.330444,-19.796911,29.056936
26.854965,-30.229015,54.241730
12.678634,31.769907,66.397530
27.277479,20.358982,54.359238
41.371651,-2.941126,59.949268
-17.384613,-7.906793,31.490196
12.221537,36.708843,64.175568
23.293242,-22.680038,29.162642
9.981442,27.673550,59.894112
-11.222049,16.196669,61.042168
27.722902,-33.141281,60.950195
10.579402,19.784719,22.275349
-53.088768,10.046987,63.503239
-22.420921,-6.838306,37.948345
-4.053243,-17.873133,74.237862
-13.450580,-46.600815,63.399189
-25.503099,-21.279327,31.621332
-4.429062,18.179708,23.446043
45.337467,-2.472235,50.781639
-25.751911,-22.343878,37.731403
20.286623,-31.459255,54.392548
17.442638,25.406916,70.622871
-9.759195,21.695637,42.122208
-5.867218,20.431507,57.851765
-16.249092,-15.815197,51.034851
-14.821760,-37.480499,47.501156
-2.998406,17.593124,73.847702
-4.854760,22.859344,22.160040
-29.303955,0.491684,22.476267
19.399687,-13.551577,14.848487
-13.289195,-11.893191,65.415482
33.641361,-13.899222,42.884144
-17.518398,10.630558,43.290173
-15.255262,-4.821763,64.391037
-0.774524,-31.740046,62.255638
36.828373,-5.474421,36.275192
37.862602,14.796877,69.593147
-16.019312,9.709043,25.716501
-9.927756,21.586832,18.054401
-18.208378,-23.534782,46.608822
4.101109,21.098635,62.529678
-2.504610,23.763229,71.442513
14.329819,25.835310,47.219692
18.466166,33.214092,61.853504
-13.571383,-22.918491,54.632778
36.488953,25.421032,70.327385
-19.859785,-7.012317,31.060984
-8.751636,-33.019680,48.926678
18.523712,-36.365505,52.778587
45.742298,7.676854,68.581451
-13.207737,16.448978,39.699623
-6.498852,16.166569,22.840780
29.111315,-30.638409,48.906555
23.154825,30.863533,70.757416
31.020020,21.975967,58.744221
-40.574409,40.510666,65.661926
-5.431503,22.975182,31.393364
-5.052532,22.066864,17.850540
-13.844111,-18.636688,20.107174
7.540092,-35.288040,52.604183
28.225042,12.434323,28.377544
-10.950483,8.929275,65.804451
28.417992,11.040460,26.655396
-12.463083,-30.183840,45.519154
21.781124,0.133340,21.980850
38.099705,3.663602,44.731544
46.136829,5.870718,71.729607
-4.874545,27.041531,21.353497
44.431931,9.564839,53.053509
16.163843,27.812439,54.543789
40.913040,-5.309529,39.203957
25.258270,27.609585,56.326492
8.136223,-35.722832,64.195778
28.320854,-15.865403,27.463442
-3.156075,36.442184,52.127930
-2.305710,-38.250164,50.210476
-18.455873,-33.906898,43.544891
2.082803,-21.313799,20.879801
-11.842607,2.791211,74.075737
28.802776,-1.797366,31.241192
0.594408,-42.684452,60.109962
-10.859032,-31.437862,33.384411
6.158450,19.171650,16.715982
32.072487,-34.046341,73.887276
37.729961,-7.445360,39.305286
20.994715,16.248253,27.763700
33.806713,2.367258,40.900547
39.792377,12.462903,59.030201
6.401257,-33.070740,36.669670
41.658501,-2.679486,55.724548
29.683207,-32.752346,67.821198
19.575924,27.207460,49.050640
42.914803,0.883596,49.920849
25.752615,-20.913168,42.284367
19.441242,-30.081030,44.636635
-14.481053,14.199185,55.587921
20.674013,-36.093285,48.559425
35.213173,-3.829947,44.993916
25.409761,22.706657,58.060913
-11.165051,15.981549,38.633877
-16.896111,0.559426,52.080555
-53.629345,12.035143,60.017223
-1.335043,21.693800,18.436613
-17.363720,-12.472712,30.560099
-20.781412,29.715227,21.130836
10.132222,-12.597104,11.804527
40.078503,-23.646746,72.538322
34.807953,13.160438,47.641685
-22.558432,-8.323017,26.432585
9.920264,32.123463,66.672256
44.577183,-6.610202,55.458408
17.304832,-29.018604,41.150505
-14.720013,3.699872,16.358934
8.140764,-38.928104,64.318024
28.089705,28.368853,60.540520
37.591129,17.213184,50.071896
-16.224674,0.329395,42.119812
8.268439,25.085333,69.544930
-17.434063,27.708775,17.963808
-5.511542,-34.190502,50.584309
-13.015155,-35.110302,54.568432
-16.094799,-3.677339,9.598973
-50.148380,21.784451,46.535389
-13.368575,12.179503,22.731230
-7.773734,-22.229784,69.410538
21.109726,-7.100347,22.540146
-15.583632,10.845245,43.089802
15.799376,21.492630,21.766289
38.703087,1.070706,53.863155
-11.330734,12.370369,28.416138
25.952425,-34.959709,72.029449
18.523466,-36.025349,57.714775
45.906506,-12.185979,68.779045
20.345320,-21.020168,34.280083
-17.708183,-5.896023,43.576138
25.069427,-17.812763,31.054680
-2.592766,17.975630,18.059629
2.468528,27.500965,53.559052
-17.955194,-13.495286,34.345551
-10.688564,2.570450,61.579105
-2.580774,-23.978214,72.704506
0.819551,-11.230157,8.561386
35.920048,8.373039,50.714348
18.293385,-33.797482,67.684013
26.581413,18.286665,50.124901
43.968071,-0.037818,61.687634
-12.364409,-20.136993,66.027245
-12.686387,-18.722160,23.618872
42.034271,-0.514549,48.762226
36.283554,-25.322241,60.778362
-10.080379,-14.462191,9.017246
-7.228703,36.026676,46.221470
10.233918,-20.952181,18.810907
11.641913,-22.588305,18.568825
35.477848,-3.683105,35.322803
37.418503,-20.797697,47.449844
-15.747422,-3.488097,22.241539
1.825645,38.401810,74.091362
-22.374687,-7.019819,41.594860
0.538912,30.773792,63.930908
10.405706,30.468254,59.659588
48.455425,-4.438289,61.879333
43.238842,-13.222847,52.384315
7.083389,-44.672009,65.611328
23.842468,24.710436,71.621498
12.082705,-13.506148,10.502354
22.466539,-32.583916,48.735676
38.838913,10.461077,62.568306
-8.773572,-0.510723,64.011421
-8.237747,4.347073,9.637295
29.718624,16.523581,50.753075
-13.120577,-25.604513,35.477974
39.310917,23.055288,70.920570
-2.138395,-25.816889,22.493359
-9.017487,17.682098,35.377441
-18.118790,7.667634,14.955503
37.335876,9.158748,47.219410
33.489265,18.036661,68.852043
4.166494,-35.905533,41.679409
-21.333921,5.465796,17.116087
-21.469282,0.551345,37.308815
35.844521,5.448534,40.741291
-9.762940,7.559810,6.754274
-17.372395,9.951679,32.439445
29.130154,-15.647444,40.790646
-10.059825,-31.821522,49.691311
-11.014960,4.608580,9.890687
-23.999506,1.648943,17.357529
9.452840,-36.992043,62.763996
7.304338,23.766884,60.009327
12.967617,10.598964,8.332619
17.138727,23.944721,53.042675
28.436573,14.333664,37.431309
0.368306,30.382769,68.388893
46.671066,14.169857,68.875305
26.861025,-12.429322,27.555847
-16.369255,-30.470512,38.318085
-9.331522,10.606595,49.464897
2.163361,26.561743,19.351589
27.859123,-10.726895,31.126942
31.650377,-29.097164,69.651566
32.903740,-0.967642,33.839275
30.658310,17.401112,46.331078
20.748741,20.783339,44.346859
-22.679152,-18.625128,40.178173
12.572434,30.659925,59.177940
20.044878,-24.606024,33.976604
-10.331224,8.711606,49.850117
38.926067,-18.828011,64.708687
-3.480966,-4.122786,2.892375
14.113035,-39.865616,52.554390
38.004669,17.087934,57.869469
-22.705891,-6.226382,23.486671
39.601990,14.283547,66.870987
2.410591,-4.901641,5.790135
37.998165,21.434649,57.312130
10.585943,-33.410095,33.967651
7.410034,26.182499,67.668770
-0.006827,38.178841,59.159603
-13.694633,-36.404430,45.342731
6.627078,27.946295,38.737850
-5.069300,-21.938112,15.566491
-6.793606,-19.248411,14.215916
23.446447,-0.760593,19.597797
-5.906586,-6.565991,74.060257
42.198830,17.035557,57.077034
0.929636,-38.145866,63.946175
-2.874402,13.824721,6.943218
-5.976220,-19.219709,19.888296
4.836077,38.883312,70.753120
-17.298920,-41.215004,54.609554
17.575720,-4.490980,16.924644
0.381881,-34.292168,41.797146
30.874395,11.082488,42.216885
35.561722,-0.142186,37.568172
-3.570714,29.343218,54.651421
-6.939228,-28.143698,65.291382
-9.128599,-6.454382,11.562530
17.935318,-0.049772,12.992948
-16.281239,-23.906597,60.705311
15.605000,14.079121,20.175844
43.426609,0.949340,54.821823
13.939529,-29.830444,35.793804
14.822561,-28.899035,32.994049
-22.394878,-9.196154,19.748800
-10.969743,-23.429012,68.787346
-18.170219,-13.057574,19.454418
44.852463,-12.364973,65.041451
3.448863,17.709158,12.194383
0.073461,17.227879,14.118311
-14.777191,4.258280,68.857048
0.930349,35.095978,50.323570
-19.307373,10.310704,13.058813
-13.984206,-20.803957,54.806892
19.238327,5.824188,19.986179
-2.170261,18.151854,20.058287
47.043388,2.028258,62.744862
21.010059,-32.399826,61.780445
24.391195,7.077747,24.430534
-17.625273,7.205491,26.112743
-17.744938,-24.287151,55.638546
42.279121,-0.124584,66.261368
18.233889,29.127901,70.220978
2.506274,-37.434769,57.243870
8.831513,27.079826,32.360825
42.244793,-5.405300,48.985401
1.221934,29.298628,50.503235
-4.508368,24.171556,49.953037
-4.402618,23.085577,26.423040
32.876392,-5.292743,39.713612
21.803726,11.404766,17.084864
-1.534222,20.408371,27.546322
43.519188,-15.533129,71.950142
4.596917,-38.487499,43.117245
-13.878785,1.679665,63.003822
18.185867,-36.446846,67.594727
-17.517666,-13.669340,25.028069
4.767527,-4.385970,2.980251
14.597112,22.541851,29.256916
34.114140,-29.235641,57.407879
14.610152,-7.850880,8.705296
4.675372,-13.601649,7.473188
-18.520409,-8.333524,56.793198
-16.153168,-21.136814,51.398247
-16.560808,11.013331,54.990154
29.958017,13.468199,35.719868
-17.084524,44.397549,69.860718
-9.930817,0.091654,73.924240
5.412096,37.452896,60.800983
0.380892,-40.601334,68.105453
36.990269,-2.565737,38.383274
-3.128515,25.879848,31.756397
-2.561508,14.336176,11.053144
36.256649,13.731730,44.684082
12.967721,-2.007426,6.420697
5.680246,24.190018,54.006512
-0.607165,21.914040,38.144497
0.897057,18.065838,71.920845
-16.687454,3.386987,64.043190
-18.270157,7.332258,54.771809
-5.900789,16.107080,47.670887
9.010669,20.444786,12.640574
-11.660402,10.825627,32.543079
31.368120,-24.987198,60.949280
6.880420,-39.952900,47.370674
-2.866154,17.676155,70.656906
3.830285,32.226006,58.649769
1.946131,32.726635,57.853409
-11.863949,-8.001587,10.131010
35.028313,-19.586838,41.633682
-11.731226,-17.697233,71.356461
4.185658,5.087209,2.936587
-18.958494,-21.646515,45.438713
-2.253769,18.282896,55.372509
31.330959,-34.463715,67.551025
7.467188,35.377533,58.636013
6.197049,35.551632,73.227074
37.879486,-21.367680,68.007065
-0.393204,26.826633,18.341213
-15.499547,11.379557,40.291691
17.238289,29.874266,61.153484
4.504422,-42.112926,58.257957
-14.137291,-28.713762,57.326885
-17.172031,-17.772123,49.722610
-8.401885,-11.230386,9.991877
-7.105433,-29.042843,59.770161
44.973541,-17.038347,68.721283
-4.418111,11.757964,9.129164
-8.723166,3.824706,71.664955
13.617147,-33.859169,49.783291
3.215344,35.971359,57.377266
43.389660,-16.177921,58.701714
42.468754,-17.000042,56.000256
-8.363084,14.243766,21.738024
20.279503,-30.041943,49.485008
15.762989,-17.519373,22.114893
42.167751,-0.498460,63.359989
-10.398348,19.573128,16.010008
40.548374,7.078807,64.675262
35.013542,6.571630,47.050499
-11.182337,6.141832,60.147129
0.902416,-34.954075,70.441757
28.899277,27.491381,64.100227
-16.613634,-0.607261,66.274101
-16.139629,-17.564148,29.102825
-3.354801,18.171320,61.093216
7.656709,-26.627220,22.649509
-16.050116,-15.084102,18.747278
8.984040,-12.831357,8.499121
23.468760,-17.855253,34.381203
0.525334,27.884716,22.340433
-12.379294,-9.807202,65.914986
-46.703087,36.475891,70.991547
-16.308752,-2.949444,54.981346
-13.065229,-1.368360,66.052895
0.524241,21.609316,71.663109
-17.061340,-15.846750,31.105696
20.641848,-32.243954,40.658100
-7.263257,-30.262796,68.111252
-3.034938,25.012123,25.125423
-15.216168,8.683966,10.840206
-12.878362,13.207700,37.086231
37.164742,-18.440878,65.548515
36.944798,-24.922884,67.713219
34.012032,-2.456654,42.100895
-22.278091,-25.903433,33.283806
48.813614,-5.116478,68.378670
43.695210,-5.601438,65.355812
33.903187,18.285795,64.685318
-26.612940,25.806501,20.656290
36.747292,15.971533,59.021168
0.361385,-27.758427,67.861023
26.537216,21.740047,49.904022
-25.068146,-23.325008,35.433342
-27.188017,-24.797115,36.363338
2.159520,-21.604362,14.419080
37.414753,6.903253,46.955730
-4.717322,-19.969355,14.583720
-11.394217,16.843817,58.837112
-18.603592,8.580176,37.146992
-3.315697,20.570101,60.428772
-11.874267,10.103727,51.457874
-12.668055,34.340851,37.501282
39.598679,-23.155529,59.910183
48.490059,8.173619,67.686516
46.479519,-1.829684,62.790321
20.387489,12.397403,22.180014
41.173996,6.489863,71.188881
-10.119392,6.252652,56.504948
-23.981508,-0.920948,24.150930
-0.702285,22.714148,61.170029
-0.268236,28.336397,33.887608
-5.308440,9.545306,9.341178
-10.038072,10.648441,21.292099
1.285620,28.410500,63.098949
-10.717774,6.754703,52.100418
48.246227,9.583617,64.673195
3.328483,27.638781,68.637733
26.346203,21.553175,55.858994
34.808456,14.303284,55.371170
35.753384,16.221441,53.294952
19.716612,-19.808807,32.734653
-6.365181,-2.871071,5.570522
0.589159,22.643269,67.922882
36.233788,-18.944136,59.850506
11.763693,-40.054901,66.834831
-1.420288,29.955654,60.508091
42.587383,0.570094,43.943710
41.688454,-0.525587,41.434093
-16.446589,-15.043463,23.738409
34.555622,-16.066017,54.028019
35.694237,21.881748,68.758224
-8.894840,18.085684,64.408478
45.488117,15.280519,71.966080
37.657436,-27.628557,63.430874
39.768131,-10.196084,61.205444
32.531258,-11.356611,39.919270
39.138115,-7.914298,43.439236
41.595455,-17.311058,64.837471
44.917629,-16.458080,64.043045
10.928243,24.321796,44.589336
2.274697,23.152000,13.607032
-16.600437,7.336457,40.905514
5.796436,-43.407097,73.944801
-16.290525,-1.614654,44.774921
29.366438,0.626726,22.963982
-13.918783,-20.571199,19.398634
12.181382,-36.089230,47.083035
18.298182,34.365223,74.266357
-15.800717,-5.628068,23.728857
40.337955,-26.275955,68.224220
30.137772,-0.235853,30.901054
36.684368,-21.361115,45.686172
3.327422,27.734804,42.588688
15.377414,-29.466122,37.408775
37.144417,-7.401782,43.032982
27.792332,4.022131,22.258633
-14.906833,-34.764713,51.623119
-21.520012,-7.612006,53.425938
16.044725,-12.480314,16.106081
15.608823,25.716471,61.487125
-1.748013,-32.184738,74.118309
42.389896,-6.889723,43.876671
-27.521307,-20.859116,36.127728
-10.321813,18.493858,28.402130
-9.838592,20.140757,30.329958
3.249686,22.766996,32.068859
-15.185344,-1.175077,59.409393
-20.965551,-28.444069,42.614567
-18.837479,5.319228,26.864798
26.458612,30.392345,63.183880
-8.787227,23.942213,22.197639
-18.969995,-4.770409,31.210680
20.942684,-12.472176,22.767080
7.390195,-22.427044,21.605906
0.483608,20.865618,53.069679
23.316854,-30.379623,40.001076
15.259752,-31.064741,39.095024
-18.644958,0.180138,26.028772
-11.666141,-25.203300,31.892982
-10.370040,18.101004,60.477535
-53.218891,6.085981,68.613869
35.264709,-7.882929,47.417149
24.921978,-28.029593,44.180321
-3.734991,22.545618,69.597473
-2.715528,35.811790,63.818764
-14.889481,10.276720,61.915718
17.395115,31.897032,68.260994
-0.156112,34.076115,54.941177
32.928410,-9.939483,43.586700
-20.344307,3.818892,45.475636
-18.300745,-13.433402,38.783428
6.168841,27.193569,57.339184
-21.971395,-16.439703,34.421242
46.957340,-5.431417,57.313942
36.478294,-14.081202,57.664082
-19.720926,1.485843,56.147633
-4.130348,-25.776249,25.251785
6.378542,-43.383041,69.369469
5.670476,-42.752556,67.373528
7.377174,-41.740196,70.418877
8.382051,-40.742359,68.805389
6.436143,-39.441525,69.452354
26.397537,-3.361691,28.305511
11.539538,34.944752,60.433922
-10.038056,-37.331562,52.475044
1.676467,23.167213,64.360840
-4.067301,-30.383381,61.881622
-5.760319,-25.717062,74.060226
-53.937893,12.080511,56.196026
17.992233,27.192980,50.469177
-4.256645,13.702051,12.715917
17.323565,27.635612,57.934269
-19.447412,-11.445215,18.696238
18.032391,9.104610,19.508163
22.609776,21.090397,50.197945
41.313580,-6.041399,51.094109
-20.906618,-6.179370,21.634832
-24.536407,-5.553926,23.734001
6.288440,-16.833284,12.184522
-21.756014,-22.962961,37.450600
-17.446638,-2.367254,12.725033
29.955006,24.467405,62.934399
-13.243573,5.318441,18.005569
35.933266,-17.007278,52.369202
36.652420,-19.290918,49.098911
30.477564,21.905863,55.225822
-3.171624,-43.013470,59.919380
13.754413,29.855574,49.260426
-6.329066,20.162971,55.250607
-9.182533,18.391312,53.629326
38.449760,18.820925,74.299629
43.403969,7.073702,66.247063
-2.841112,33.211964,60.975689
-4.921539,30.853191,32.153599
10.090446,28.681776,50.484245
7.625920,27.679289,41.510338
-0.712752,-19.598513,18.381216
15.534160,25.312784,74.087807
11.257547,30.156853,63.119385
-12.291074,6.599429,71.979996
-6.442156,21.813049,52.064316
-2.314661,-23.418306,16.687984
27.219872,6.102365,22.324495
34.667725,-17.843435,49.318287
34.047047,-20.663277,47.205750
-2.629372,14.249881,70.853615
24.189383,9.960410,19.717808
40.298519,9.947507,57.323895
7.601629,29.439518,34.859184
36.097710,-13.257936,35.943008
7.412961,-36.897285,59.144958
45.551773,13.434370,60.320740
3.366962,40.117897,66.639633
36.620773,-13.823759,46.553200
46.885025,0.141875,54.544262
-6.897006,21.263929,31.781105
-11.101020,15.889918,46.498970
7.017074,31.147064,40.508003
4.468097,-31.203789,71.911018
19.761965,-8.731650,21.649750
14.544377,-36.219124,56.573639
-3.234281,24.681328,67.543449
-20.301956,-20.501129,49.963650
-2.387451,30.788176,33.527378
5.238387,31.355194,50.306492
17.235060,7.407490,16.552238
16.815048,27.308105,39.323875
39.520077,17.180113,70.881607
39.386929,18.713512,67.898285
27.878031,-19.141436,43.897297
-5.160861,25.812311,44.285015
-20.868307,-9.525106,30.501265
11.161242,20.444416,28.392349
6.879799,27.673756,47.373512
-12.937822,-6.245384,16.481688
-8.107916,24.857210,34.512028
-3.339841,6.228820,73.981331
-11.282150,-23.691660,27.925737
-5.194626,8.607738,64.632469
-11.539607,11.117208,40.193607
16.665249,9.183313,15.959216
-0.923033,33.202843,41.287979
42.601791,5.348948,47.047558
-11.007786,-24.917585,58.070370
-4.167815,21.008677,54.746143
32.999981,19.772213,49.312786
25.815205,-30.308479,68.139206
24.698206,-32.849689,54.986012
-15.761213,8.929736,14.670362
11.945828,-39.935467,61.059425
5.556182,34.835369,56.268341
27.091833,0.640797,24.949375
-15.522329,44.012653,67.892517
-3.498213,28.905607,40.547676
4.425923,21.608805,25.021275
17.791660,-27.563755,29.877985
-13.690516,7.788083,27.100130
-16.793123,-3.374061,33.585014
-17.196989,-9.403988,49.070126
-4.579362,18.976994,42.659592
43.459648,-9.924808,73.879906
-15.970589,4.552381,21.938213
-12.801245,-16.588284,67.159889
-19.612848,-3.262317,27.088629
3.866476,-33.733757,67.778526
-15.316256,-6.437699,61.198341
30.870237,-17.512062,32.462276
-0.658632,31.771154,69.812599
-1.140922,32.203960,66.228828
40.273750,-21.531784,57.502708
1.639657,20.423120,57.979614
-11.424139,-2.473117,59.285912
0.393300,19.836611,63.781441
10.872614,-35.993374,67.183258
9.716107,-37.653625,70.370117
-17.983881,-8.043302,12.551841
16.162554,3.062413,13.027323
38.209232,12.272831,66.203178
45.341385,-9.761557,63.518810
24.384750,-35.683128,74.268990
46.096329,2.249373,67.264458
-4.920311,34.403595,56.811733
1.055283,38.862309,66.646667
-10.880190,-7.319933,71.175819
-19.560104,-1.193690,41.401192
7.438194,22.290039,66.561089
14.615066,25.898752,30.590948
-1.586637,28.346046,53.694023
47.125050,-8.173049,60.877510
36.362083,-30.397173,68.847748
-21.893190,-15.103630,48.245434
27.375694,-5.126924,29.427219
10.435591,-42.890259,63.542603
37.346649,19.017473,60.438248
-22.590284,-7.021224,35.566570
-12.044759,2.942010,10.094453
-14.235617,3.123569,10.637491
29.330797,-23.679943,46.631134
-12.760134,-1.483222,16.539539
-16.710569,-1.993311,16.041494
20.072010,30.027327,64.080933
18.372759,28.099405,64.702209
-21.071566,-11.892585,33.733143
-1.147576,32.172516,56.329937
28.694414,28.311659,70.385658
-14.371360,-0.298335,20.963099
-5.060947,-15.294319,71.555817
-10.052072,12.446505,52.787922
33.878265,-28.606104,65.306145
-20.726652,-13.962106,35.877628
-15.005080,-25.089306,37.415497
0.246377,36.624046,65.448593
37.872139,-13.114936,59.762890
-1.802164,-43.958271,61.142689
45.959976,3.705419,61.084888
-7.077559,25.279297,51.472446
8.012192,-6.764338,4.824831
11.266289,25.802475,38.307301
3.285296,24.962223,74.023041
27.251490,-28.365763,41.376541
29.956610,-27.158110,42.616966
-12.030017,-29.682346,39.618786
3.156413,27.898344,64.018929
-12.164552,12.419318,13.651144
27.697428,23.751070,51.181763
-18.401131,-15.107499,51.548695
-17.235016,-17.250935,34.053955
5.131906,25.191780,17.474941
-2.197173,-39.283459,45.470028
-12.229019,-4.957558,6.928912
-5.038585,1.706311,70.984398
16.031498,-14.560699,16.277023
-6.037502,26.609041,36.188995
-2.809654,26.729824,35.177132
22.895876,-38.811279,64.241585
-5.560926,38.962368,62.241467
13.474730,27.431889,66.163589
5.908546,-18.491955,14.913811
-3.234422,-36.955460,44.772888
-34.352497,39.655933,50.259132
-22.859644,-20.374678,28.154902
6.375839,-38.380836,60.798279
19.692024,-22.332565,28.333260
-2.085982,32.878117,48.059963
-11.132524,12.229424,35.507137
-14.442081,11.649971,49.012787
41.260883,-25.149611,70.904434
-21.922039,-3.605670,21.155396
22.333044,25.452848,46.623413
6.039099,-11.720454,7.129972
-15.595624,-6.683785,69.992294
-11.046808,-18.316261,60.966862
-14.854458,-30.132635,42.289463
-13.197753,-32.110184,44.439800
-8.002276,-0.718774,3.795157
15.768990,-39.997276,66.315155
-7.971604,-26.222536,61.990295
1.290205,-31.073759,35.849167
15.820620,-33.790321,61.017677
17.502150,-35.408043,61.451000
-0.782832,27.933374,66.681038
-29.089724,2.255657,21.719025
22.502819,-15.447350,19.129492
-0.009802,24.196032,52.225460
28.565042,18.694141,39.032524
-12.724229,17.557598,43.906517
42.426163,7.936878,53.205017
21.905731,-31.076166,67.944450
22.002354,-31.607660,65.614037
11.544618,25.027281,55.126553
-12.672771,1.676008,17.497608
37.201225,4.318745,33.950867
41.444744,-22.312744,74.057961
16.149809,-34.189934,71.370346
29.687815,8.718986,34.100296
-4.099154,-50.377514,72.028290
-11.908735,-19.331715,19.823885
-18.108870,1.007433,20.968948
-7.790257,16.057791,17.085323
4.622632,-38.582935,62.439377
28.012718,-21.147461,41.825703
-14.101442,2.920802,8.307713
8.344651,30.780020,57.561966
20.882898,27.201349,74.056961
-16.906151,-17.107174,65.377602
17.794170,-15.328195,20.345085
11.189039,34.991409,65.297157
10.694630,26.480255,58.291683
-10.231668,17.172934,62.722282
45.717823,5.692809,68.843575
45.417183,9.803720,54.735146
39.005173,-5.421940,40.079159
42.544765,2.826249,50.024200
19.901844,-28.043306,44.709709
-52.458115,12.907485,58.432568
-15.329294,2.009291,17.403311
-49.973621,20.295910,45.219025
-4.217451,16.467344,18.115183
36.731033,-27.318356,60.204964
1.345732,32.335297,64.990616
-10.273187,0.867142,63.956726
38.898594,23.590380,69.062843
30.118099,-13.951526,41.405777
27.735079,-17.053673,41.120949
10.456678,-37.842548,61.310791
38.506779,15.165389,58.293346
41.032303,12.883815,66.586441
-11.165390,18.115063,57.330109
-2.394743,28.847042,56.297741
14.781393,-29.898359,31.172606
14.184488,-27.159296,33.587078
4.939197,32.800564,60.181950
-10.794931,-15.980998,71.901489
9.345449,35.317425,59.243332
6.317039,33.589813,74.063728
5.919985,37.588142,73.837006
-15.708750,13.439754,40.263336
40.926987,7.045754,66.634781
-10.987115,8.140511,60.477211
-12.444823,6.241294,58.615162
-47.547676,35.454235,69.389999
-16.757862,-0.993057,55.009998
1.803270,23.199350,71.549713
12.436204,-39.208233,68.579048
41.913662,0.090713,46.008373
38.789795,-11.001208,59.536053
9.754139,24.142809,43.121105
-14.922990,-20.917896,21.165451
3.832422,25.642941,42.059547
-10.874685,17.232288,26.811260
6.205503,-23.113924,20.205587
8.291753,-23.418051,20.277843
18.514921,28.495726,51.914261
19.457981,27.998724,58.342060
40.526398,-5.363955,52.879772
-21.234110,-5.531702,19.717295
-23.187607,-4.775828,25.007862
22.473406,9.608952,20.710114
37.449986,-15.128471,47.856781
-9.210767,15.229691,46.247044
-12.277911,15.211078,48.066574
-21.364592,-18.894714,50.006989
-2.321015,27.525715,39.545746
-5.235257,17.663113,44.295620
31.338570,-18.542942,34.107552
38.468815,-20.805698,56.883366
27.453802,18.921949,40.716312
-11.825934,17.528618,45.666248
-15.596245,1.991583,9.479938
3.945466,34.470535,59.447613
-20.829275,-19.618906,51.858883
